642
297
99577 75449 45901 89909 67505 16915 72954 16029 10924 55148 6312 64105 51827 23132 54209 22324 58788 38858 77766 4518 89818 72153 90828 90103 73547 63466 32415 48245 48169 31758 95242 54243 79822 3636 57034 34820 34778 61518 54675 68855 60333 59682 44940 29454 91915 13535 20589 65439 23669 27637 66330 32091 82711 373 69016 67873 3722 67540 82685 64891 62049 79374 60532 70098 37929 76675 25677 64267 67554 3056 16059 15640 19241 33728 7087 99197 97096 45182 41505 58876 57921 89824 86947 5534 75870 23372 65898 77113 72490 42173 71421 30276 11167 75339 77344 37682 81160 66591 11614 73484 72929 33372 10283 13010 67438 25421 32190 67696 97309 280 5748 15634 97597 62472 99991 32827 99987 88359 61690 2446 92258 14740 91804 94891 64687 78007 51657 18800 79132 79202 97489 52941 97241 62037 89453 17909 91504 1952 71115 34935 48234 50859 47643 21928 4254 58354 76023 31746 42224 31677 67102 81472 73453 17659 79 5 19690 7616 59440 63272 51599 43090 90396 99891 60548 23568 55564 40474 24071 15426 45935 591 5569 55519 27995 52323 24883 56320 20284 67986 34368 8647 90536 10790 53779 20311 67429 81298 26460 83071 62052 38357 88685 7959 38407 9500 30787 38184 80522 55880 90893 95556 58510 9178 92379 92392 96485 12804 45511 67353 48896 67875 15035 58711 59169 95535 45409 48292 30078 10967 79443 14696 33369 59738 26397 56303 40277 54947 2255 29095 27006 78607 52222 51395 42158 97161 22750 28499 45356 30041 42270 95710 48652 51151 82721 80715 69704 63352 15544 51611 16347 69618 71832 37866 48218 20850 99818 11049 25957 2278 97041 75729 90196 51100 30432 20111 52179 91598 43446 31329 78288 4559 6483 91499 36199 55567 45365 63734 87365 12999 15327 3419 52409 57139 84646 37867 8335 71111 31625 59793 26176 41259 87215 77362 40694 93158 89644 
138
30635 62946 49271 66558 10844 62169 78622 65706 14045 77190 6710 46051 63566 34615 11455 91658 50919 62782 3871 31283 2798 29140 38446 67618 59325 43607 7803 31620 77255 23381 87381 95451 40448 79486 32191 59704 99804 69600 89002 54947 54174 74046 60520 30353 56581 7762 83159 2135 96238 1868 49585 4641 95058 36242 84348 85246 77958 29007 31512 45287 39400 51146 39205 74378 76179 42433 99316 90013 677 92214 32871 38868 72549 62949 13460 33919 24112 49272 65401 23460 48531 23400 459 40652 22514 18936 69313 91084 77069 44446 53984 18992 48970 36312 20675 55432 47602 69744 32426 28727 90789 7428 1351 55779 32237 23288 14678 7110 15427 90592 39799 5879 93227 49633 82797 84840 39424 62176 40193 70515 10088 87977 50475 93206 30126 91390 67422 79061 36358 12148 25296 46050 7100 49406 45199 43713 8482 59109 
3
73954 78925 50817 
257
33217 26828 85776 22336 23881 9382 66816 14584 93994 77464 70943 40548 73111 98269 48043 14388 49271 60292 95946 38496 35197 38172 81255 76540 33329 13131 14501 51451 43682 79941 97817 37404 98054 4497 76559 62966 1330 88499 77065 86660 11931 35281 96773 41238 6755 70904 19601 49808 6718 36339 50716 1333 40633 66197 44446 50282 92543 20078 26306 3744 96308 41726 35767 74847 16913 38108 63843 96367 12418 59123 53633 89872 70256 79791 96354 67168 85249 87689 24943 40166 71222 32519 35916 90445 94647 59052 92601 18596 16311 28621 93908 51040 13073 58471 34969 66578 39867 24015 10351 76624 38456 84242 71179 29714 13990 24242 90614 10694 37172 92164 46949 9557 63849 8673 17953 32558 51315 48090 65029 18936 13853 41967 47003 81887 63164 32527 79416 89263 65854 8504 36285 83826 92440 79018 52262 66814 98480 63786 18837 15728 87469 29577 74910 42441 3048 954 89631 45895 66018 3919 44302 7690 79881 77231 4487 3242 63693 5484 64356 36728 12315 62966 16695 13038 4847 63875 62958 84591 94900 18040 89637 62618 78047 81648 48065 64363 23976 95111 14145 73430 76518 18255 25646 98375 78256 98402 57376 68941 4640 70937 45535 26849 34261 10312 61596 95405 74207 97569 76697 91716 54391 85339 59825 73314 92488 87325 26483 23096 66891 34647 40838 52377 72093 38954 41473 920 52140 21631 71186 55500 76683 35163 32111 33327 49942 51163 47236 45126 32648 92631 67171 63231 98816 53002 55360 15774 68175 29026 79123 60005 60573 75343 41305 57376 97074 5607 35584 65988 51097 74119 59473 93623 19847 45127 26055 53844 4019 
58
55708 15881 20699 31158 71192 17676 95674 8696 43197 18773 68105 92872 27251 94342 82603 63518 11636 44483 74873 45974 41583 52111 77646 72957 76455 43167 35623 54874 80317 68392 3894 85685 52672 35464 20923 85846 89250 63640 82846 63703 86468 75387 45834 6932 77755 22162 25776 49179 40323 1267 18472 16591 72582 46955 24099 94851 78394 49170 
3
66385 42718 68436 
201
92725 27861 4317 63133 59323 60856 12491 92851 39801 76835 6021 67559 22610 44889 38604 50542 60719 71439 31598 89299 21807 48794 38555 62134 21204 72971 84166 13648 40801 67497 98759 9314 33613 41445 30020 3800 79727 77746 20135 43550 53060 15549 88918 37881 56553 9755 73369 90802 17268 18645 48322 45086 29456 65991 99031 30533 79670 32274 66302 94552 17583 60666 16561 22403 84427 55265 45393 13487 59855 21305 41941 42247 64670 67318 46918 41835 97198 68889 22955 24524 78740 78869 77276 55680 53782 88144 52323 40585 44697 14029 2168 76731 2165 88888 86002 54650 39584 71353 22951 50573 98949 93819 63598 71388 63088 21377 41609 3423 9814 45990 83114 66555 18139 97269 74494 62975 72118 39506 58615 87434 44763 44892 60844 23499 17805 31584 90211 2044 22412 46931 76021 20486 63690 67725 94309 87047 60727 28405 19626 79853 23898 72019 97617 39689 70513 3550 34941 82994 7938 8043 11161 95671 37288 62648 11979 78683 29214 34467 98285 48498 68611 1214 34812 20620 99827 93740 63972 67477 51889 44037 96434 52887 38759 91674 36844 80108 24872 43064 87192 83132 87711 27995 23416 12985 86247 22639 46397 49805 80844 13354 89073 68760 64856 56585 23750 76013 41950 91615 24640 74111 92077 
89
68157 48112 55461 13957 11456 44803 79331 53577 44198 81174 3315 34986 60579 77360 62004 34169 52444 82773 38316 96173 44413 46861 46038 28297 25744 87647 79535 22664 9018 38692 96639 80004 52989 89488 42129 79021 57807 15049 54943 9730 22096 85836 1630 882 43063 42039 53335 45475 21107 9030 6968 13416 10022 85038 15396 95400 49507 85838 14010 21700 28952 86400 97396 65210 79808 1264 37474 2355 25619 67227 60330 6836 59332 15432 44333 21014 26647 23396 74193 89092 34749 36898 59683 41355 10227 84861 65161 37696 71558 
123
86012 5083 36884 82293 74171 79813 74274 83804 58649 14741 34975 93429 81980 69644 80247 1246 36693 90594 98010 46037 15084 21975 87188 77331 97142 87674 87596 73638 61054 53770 86630 42161 24202 79200 63587 79816 71083 43248 10711 25419 29675 10820 11752 65278 11371 90853 30109 66876 3160 5482 55669 66798 7264 90858 54418 47022 73363 97862 88496 50966 49748 2327 40032 42918 10964 26414 37951 86149 65184 89438 4636 39203 800 73618 79816 61794 76193 58195 89653 22118 46678 21422 42701 5972 16302 71472 86439 7152 23698 24634 86412 55036 43992 43262 62542 63384 83824 78471 65987 49028 84731 73127 81226 70461 40961 81870 84134 67649 11139 5625 23475 63934 47257 58684 77966 95251 21565 5468 42932 20775 47095 56413 1147 
100
57162 36989 15677 51808 47757 84331 84461 90882 61729 29816 19500 16638 54085 28956 86165 15010 23657 89022 7777 43790 14004 9456 28795 85642 16464 97612 90362 13593 55159 94145 75314 24570 53312 90092 86630 69155 17783 3429 32210 22497 82938 77146 96256 31673 27812 20905 12795 64578 1597 94583 67336 27812 92666 44248 21279 24709 37963 58475 88801 90162 37290 91258 93850 31129 81188 69208 28008 84503 85234 94347 31634 82 21903 56212 79764 57451 77209 67525 55685 90750 34058 9216 66594 46471 39170 52311 21204 17037 88276 14904 70170 6388 52898 20646 86335 79917 96999 72351 1790 43183 
236
58065 36889 42556 83431 38053 53407 67614 10687 15657 98577 85361 7934 89322 98418 26336 26246 9787 83103 24215 52386 89336 3214 88939 53951 32559 82831 32894 47410 47553 5328 22537 76576 99019 36061 64501 61203 1131 85627 59603 89550 53263 95786 72724 34032 72375 50128 28594 67462 49504 87693 94630 88234 32099 90060 96069 2880 86955 3521 31518 28080 61553 35414 25739 75510 26845 43005 38564 21357 65419 52630 51776 42844 79468 417 45217 68564 80255 45105 52984 51346 31850 42830 77265 20854 6530 75085 20782 76799 58091 11353 14836 14269 51447 21633 3378 31820 45893 66760 94261 89750 5845 98419 51474 50466 96043 42958 92342 13491 93543 92078 23365 19338 72476 44108 56297 19821 73839 29576 36813 3205 8182 79964 72274 20700 58369 26943 61520 88717 6649 2204 3044 42057 53141 23133 10042 90840 70513 93551 43347 32191 2102 76994 22719 27617 45688 43928 76352 40899 31113 88250 61404 54178 93626 86261 91343 15150 21126 29182 43232 21370 51895 27475 21258 55668 82406 39578 33896 87692 58750 68913 86807 6506 2470 99129 27017 45475 8174 93089 91117 26077 12080 15415 69233 76342 12108 62198 80026 37098 74398 54327 71638 75008 66489 27162 33911 83036 56097 23455 22861 18709 57493 19517 99675 31471 32267 44200 51862 17741 78723 35721 24501 9496 50568 52710 79802 64600 51701 74862 85515 93109 87904 78309 67131 57182 11294 55312 20232 93771 75288 18890 70667 19905 74881 90623 80554 9328 
304
82717 18583 94946 48336 32841 35418 51135 12876 76777 25165 94420 26334 48459 92174 93819 69022 34285 98230 93609 82031 29505 36520 59136 84447 70756 35093 96824 93053 63000 48737 2218 49684 42110 90886 73459 8377 85039 91120 24767 47414 38879 42351 19273 70689 34005 41850 77441 67886 21289 39581 50117 78026 84435 69941 95087 97655 47700 27050 26140 82651 1321 62029 43515 66644 38760 25887 79306 33585 34388 58509 78203 71900 40361 30616 39467 33702 72790 85195 94971 38454 7617 96335 16204 97736 51367 58568 97445 30749 30992 44449 41207 39661 14630 47874 6098 43465 63966 11723 47653 92213 76598 5506 28322 53414 22130 66042 95624 67165 7107 25817 8770 55729 94266 4166 24802 38964 6009 9694 5571 72136 31084 39274 20263 97035 84398 72997 42173 15068 90004 18556 67631 85724 10922 520 548 84351 43891 55527 95522 18577 51902 50155 37384 38314 88403 2880 62382 66197 41056 14248 3772 40182 83811 96408 89666 58471 96510 26562 70517 85004 24526 48409 34790 81210 80422 39814 18266 84887 27076 17097 97043 44637 81806 42506 14017 99538 22809 79257 29156 68027 84641 16973 44938 53525 68055 9509 54803 89032 24072 21905 93129 74213 45147 5145 94106 14659 84736 49672 9585 32395 89775 78226 29007 35991 30246 18744 25093 71399 9579 68655 32925 59373 48870 26468 19687 98626 4868 34656 91737 78676 66791 86835 21412 95260 12476 81086 99224 13460 77255 88906 21278 37325 22031 11283 29868 3053 79927 87610 44025 98570 88699 87318 26637 78790 34624 95531 86360 98960 70070 34322 96860 43728 55648 69717 96127 96079 6541 38506 34851 16341 20983 62384 3401 25299 70549 62940 23483 38350 29028 86597 13472 12631 39420 91266 54438 25087 37716 22821 43592 79182 83581 30988 67242 44683 66825 8206 84795 59813 64910 24620 65589 68968 9483 92999 48767 81956 30846 65348 30553 27998 86525 82707 85156 4610 
133
63887 37665 82063 71854 70738 93916 75313 41496 70745 84381 35981 20867 81425 69214 70835 15206 11444 61852 86582 31793 80217 99430 99137 47991 79056 95962 41924 96275 71929 29327 69941 65858 51930 34418 55249 20938 96419 31595 66073 38409 80185 69939 64809 85490 78119 13625 73125 92358 13108 58887 85941 21248 80333 14321 98673 52775 76051 8567 82949 9511 28945 4048 18099 38685 87830 21998 31546 28475 65983 95975 14796 16292 58633 22404 61520 77457 84182 7425 29466 28111 25537 16490 83615 46159 95158 11257 21814 93737 52409 46888 97160 53784 22358 5499 24558 36267 17237 49268 25662 12137 20965 1763 54281 33288 33942 79015 42477 44029 29250 53794 87819 81921 64685 70365 91955 59706 29512 65154 85582 61915 91932 83867 66709 76604 44184 44384 10334 53132 44726 58409 41144 42906 96007 
46
63058 68147 2588 84325 52884 98524 20411 98373 26002 82490 4665 21259 14063 20584 30803 63501 15252 29342 13844 24188 32445 76040 9186 48374 10275 47456 22572 45592 71874 86036 51992 60471 12456 50415 32467 69483 23792 62917 48052 46526 42345 49707 78619 60395 58532 4406 
278
64128 13104 44649 3411 5925 11197 8444 80459 65362 34103 21423 2713 26394 65451 37469 20244 12364 90813 30724 80004 34637 94453 13460 48274 51728 29040 19382 89596 88216 32936 94421 98683 26137 75797 9732 97620 984 75962 51880 27701 75820 23630 63570 27207 9725 75974 40785 15402 77897 19835 64026 80669 79387 40565 92261 77255 36319 58821 27770 5296 7843 50418 6564 15486 91975 31824 29723 85924 47741 66556 70359 26618 52321 42706 23649 33087 70931 95942 62503 70159 60294 78284 77154 20503 67660 89796 80730 9726 90815 90934 67054 80354 91598 42590 75090 61557 16374 80363 30760 86947 21037 99266 95292 72213 90017 26067 65233 33111 46547 32759 38049 46004 77695 18695 15714 83386 780 75761 18884 38140 85540 21858 22042 1664 8689 69976 38972 72171 73833 68433 83094 96844 35490 14176 70359 33856 82251 78675 48200 95077 82969 91107 60199 23125 40792 42070 77642 22033 96068 40706 10507 90544 32273 88393 31872 51846 22504 76721 20996 74583 49469 81103 674 52787 28406 93932 82898 52236 60978 22204 78018 75933 55678 80210 84280 35046 38213 68829 6333 92472 91082 62234 79218 72351 38769 51750 29849 38688 34287 94028 18483 97147 66264 66597 925 67507 46649 1143 19145 23347 50909 48915 19849 74788 47084 77349 68957 37091 65333 73873 95807 44948 18852 18867 38507 53077 1503 67276 96911 86239 9515 29707 11572 69423 97021 47988 74585 82748 20605 97303 95537 34244 1730 41756 65585 59276 96273 33921 65845 65879 62468 26049 88345 30368 80032 89325 64380 85470 76693 96972 36518 16146 56048 23532 9954 62850 57430 3177 25977 24936 55243 59083 13104 97925 87523 75719 36789 36362 38904 3145 79050 55395 11747 68464 82818 76252 54598 2914 
86
36298 87888 23293 76503 69567 45859 56784 2355 17875 15606 72461 4083 76802 30227 32028 84235 80563 20823 80216 10576 71709 7522 12939 89679 84076 33809 74506 61175 39081 24240 62755 51708 60551 67778 58477 77758 28854 91645 58943 24748 99342 36267 39093 25704 70286 30362 1985 96111 52918 21359 25367 62147 97211 49225 34802 65702 81439 50311 71909 7472 64774 36861 1326 50411 13142 76492 36193 40547 47498 12635 99238 46949 84792 91009 81650 63008 33336 76691 99760 8455 99376 91788 94223 61894 5746 56466 
145
10994 17310 74665 64809 6210 16316 38149 77257 13076 6368 36550 70537 42739 16032 54065 95055 80134 6457 30194 64641 64034 76430 31026 35556 54024 65382 41670 51221 55449 4171 10106 41740 31738 22173 4272 91277 60411 56119 1911 41855 36519 26426 90324 51888 48017 90438 70706 46084 4501 83218 90290 94196 64794 57376 57409 65646 70056 51283 72571 3168 18303 45543 23993 80095 66013 56083 27355 87109 68306 97891 86057 70746 88813 73204 93972 40803 16981 82110 24866 92237 73532 45571 71369 56493 79656 69375 73008 50623 76516 77499 67283 39860 34212 38757 64754 88364 60388 6643 39535 46632 45644 83510 83326 26389 29760 38356 63180 63172 35099 60356 79766 1913 61771 59284 90308 2907 54968 8376 37274 80298 91336 56782 76458 63203 98752 63019 34412 3871 50431 56309 76882 42454 17849 50150 65035 62576 33244 27273 511 63669 50417 67456 78574 717 47311 
268
51145 57816 89034 17471 24707 76455 34497 51457 47427 22693 387 14379 58337 37488 23507 49674 23132 34505 83470 32946 61734 62188 57036 18024 82106 62006 54386 32516 64000 47789 31915 67788 77814 54290 69343 67161 34311 47878 20887 94273 76023 54153 65151 80543 92223 75944 961 93156 77542 95267 78671 19375 45670 42501 74346 84902 56141 89036 37983 63369 23335 38268 78509 38536 74813 61267 20695 95871 70525 17564 55484 69538 17757 87331 46167 54994 11584 87103 37004 13927 23074 94744 81969 17221 42019 90604 40298 44587 452 5359 72110 76152 80705 52944 67461 66358 86653 4554 45668 60989 65253 24188 12767 79490 52685 32604 62170 54029 32464 31212 15710 41366 58500 25688 68156 79531 86393 38095 32254 35166 56155 24222 53698 31949 23992 15700 47042 26303 77839 42526 21625 44650 16217 59371 55182 42322 81489 21293 22790 74888 65355 56247 39294 38847 39066 5758 72931 24455 82911 24800 7714 4911 82392 61917 30051 44746 27479 31302 31891 23131 97741 99793 38624 71754 94352 99270 95382 15861 23155 29984 47126 91602 93259 44581 93048 83063 71303 90017 76836 69418 36741 31899 33489 80132 38018 78904 36593 6805 4835 15770 82976 71696 11985 39186 68201 36899 62793 33400 37150 88200 84160 81711 30540 29118 29047 23008 42935 6784 27995 14980 92327 28192 25746 64230 99931 13481 28882 93807 763 70077 3875 97142 80834 53494 11149 78157 52500 28868 47021 72239 83042 35669 42514 77944 59832 64544 16126 85188 30600 42057 44968 79484 30762 57358 91306 69095 98750 54132 24322 55487 96468 23187 89713 21085 57184 95764 2460 10356 18538 68970 27081 46226 97994 26208 99739 12495 87059 61939 
203
78316 50772 44054 705 40764 89753 31172 9581 46847 35043 82013 49964 83378 75063 98783 38763 87246 88346 67667 60702 7917 74993 90936 59160 45585 57464 91969 66565 60702 6520 1200 12991 95230 19614 47903 75530 31471 71221 76590 14976 6681 57476 94290 88535 64870 30590 85283 27097 73840 25926 69894 375 92472 10167 61096 51827 32772 24022 3902 78051 73853 7962 77307 33338 46925 71526 54013 15323 52397 23174 29204 15420 82000 83146 7582 71959 62673 45823 70853 1188 69836 72612 67241 73037 73920 42750 10871 8352 22491 40548 18443 58684 64508 72778 94360 98083 7402 48963 9532 25028 88249 83392 66426 58231 35639 79829 93979 3892 17032 97079 46364 61942 61710 64561 95990 2647 49736 87803 28607 93534 13655 35720 30322 83010 89318 70556 76684 86736 59749 49224 4320 20965 67478 15808 1007 70468 86429 55291 34766 91100 90347 5992 65221 10180 90106 22999 54926 24513 20475 5598 43705 47379 96877 84101 67351 79958 97376 93688 31743 49472 9461 78705 40602 54332 38236 14379 13662 32364 25862 42868 43800 97118 59581 47329 79948 27897 94594 95973 93146 33390 98835 43006 2681 50647 60301 20578 47563 36025 98457 85808 92932 39801 51998 87349 98222 41507 94601 70024 42093 24077 28621 75674 37468 
294
8748 32746 91781 73498 29769 73964 44801 55330 86286 79916 11637 52184 95240 38243 53360 39836 50361 43658 68412 33986 99284 2852 83311 4830 84361 72237 65421 5011 33342 3988 7480 89777 78854 6646 70244 69856 59654 94444 80807 36349 70997 17656 42924 50064 77911 12708 91838 67147 96200 43309 43444 94769 20435 32008 72854 79007 32859 4519 6656 33992 27550 99016 35930 84266 51989 79150 21417 77786 25967 34286 29606 7614 50613 5289 30403 17093 16435 52087 64679 86457 73461 65156 96885 56406 37113 36804 59829 17372 72744 85103 96526 49781 57969 22082 54012 55007 31005 98656 66265 88682 20048 64372 73325 39568 46020 58720 41408 29541 11592 60992 5257 15724 90502 57007 37291 40034 6232 78167 7605 77792 77453 84311 26605 52883 14051 83871 81938 33601 34451 40639 52723 49454 74927 15421 79554 27459 55425 67332 13174 53762 39898 33991 43072 33807 12370 89244 31055 35634 24133 99398 27124 80350 29658 36806 94688 93600 21189 71995 18995 39985 97380 61154 4839 11241 14913 91043 64998 80669 99632 6023 5075 92912 56009 65183 67463 40895 48255 64336 3482 2817 12516 37268 45775 46402 41230 73716 20126 59160 16663 20501 73647 74627 12882 87016 2233 66518 59527 13090 69379 11570 85612 86462 38863 85724 13236 66745 46673 6978 899 46891 16708 89534 50945 19831 34947 95046 88558 39470 8567 61588 58948 41800 47857 68097 16592 92035 97908 85783 33691 80461 36070 76548 30330 15395 29903 64617 4045 33098 89850 27731 46753 99049 4579 64908 87749 81885 304 1569 17561 26774 87971 93617 7043 93559 18699 63743 36840 32650 91447 11609 97731 98288 49494 99727 36395 19865 52712 34322 38110 7921 35854 7849 59576 63453 50403 55616 64357 18324 33144 51492 20904 73701 31363 50728 79289 83651 42370 8769 97101 50112 64050 30953 92050 66312 
116
68421 52071 22643 60724 5027 59813 567 23851 19544 7639 16051 66977 87471 91097 80553 67232 58620 2590 1879 42888 36032 18337 27819 8960 88680 49060 9345 74405 28381 31261 12698 68270 62124 54996 87233 77334 87460 62065 58126 28296 99441 40247 64098 24286 66617 28490 39270 27055 31983 2972 59454 74579 96059 13446 58896 16739 89954 42380 13589 73689 22080 95961 88961 64612 32159 13999 61108 501 84027 93472 57409 54503 77525 43730 610 32436 96525 1559 13097 85113 89938 55753 92062 5050 34097 29587 46534 49648 73086 56771 99368 27796 29382 72176 67611 96260 90796 41404 74555 41974 59979 22506 65475 13555 41113 44118 78308 36703 47007 79181 66687 91849 50976 86459 46495 70762 
83
75749 78465 33084 3919 81340 53778 29719 40853 78954 63962 37037 54990 22543 60376 50651 72965 39028 54184 59450 1452 35052 74797 78129 38472 21692 35341 79033 46363 32958 49774 73598 79517 5879 94479 77901 65046 67156 47378 68645 15424 7069 77250 34668 25355 71651 92012 56533 21397 35559 91147 63 23251 64729 36342 1887 59149 90301 78199 10980 84833 56152 45561 51445 35744 88034 4005 53880 60636 26705 30542 67890 82472 3249 90135 47048 41367 68103 10774 75298 99933 16980 62648 84285 
95
57361 34291 35868 10291 91201 18115 38886 98525 93150 54066 71898 39891 59337 8140 80056 36439 50250 7778 95993 93682 22180 74533 4881 3775 10874 99954 25669 32222 52906 1455 61830 40710 37489 22370 26784 23168 47944 81721 79946 46473 90612 4468 70807 52343 30184 74382 57268 63360 44675 98359 85580 79659 26506 13368 83682 73267 65559 22055 47702 48401 66216 29341 81125 24051 1309 46107 62420 61126 57379 67032 48062 11422 28703 82754 57267 55857 98146 76242 52740 80113 99843 20141 65037 81543 39629 86660 86096 60722 27843 48652 48808 91771 95474 58765 47539 
22
50456 96990 65206 85192 42185 42556 34921 45788 51309 58953 28716 40871 76478 60962 21481 85198 95186 38306 72811 7683 15797 40312 
295
73637 39312 53782 44294 59556 45058 99370 39751 28667 52619 30088 69903 27059 43501 7705 44224 21256 18157 29295 80597 83211 84704 47322 53278 18952 87115 14026 50993 71559 73465 48304 17809 96342 70971 82699 93451 11345 91152 74730 55586 2334 97675 10871 10825 58690 8212 39733 54071 47842 39838 68822 76163 14564 64823 94057 42550 69510 94095 15252 73576 78983 6050 14161 79385 75478 64693 15247 10359 41199 72497 32026 70642 6690 28088 95604 6163 77629 48269 33830 1371 67215 24663 89919 82796 6118 96190 50366 54875 96159 25128 4830 79592 54639 85003 17257 74386 85227 94628 27917 46667 87887 89276 80992 19074 4315 36567 85738 4922 20721 59061 96949 77568 81802 28770 56913 56364 25982 32261 97416 24325 73632 16794 62201 14944 29177 47285 20131 42223 58120 62601 46809 88408 60175 1192 47051 31916 51986 33512 85898 22106 27017 13223 79277 39277 98418 67932 3813 16726 3008 85052 70663 49862 83465 22811 60160 27128 49558 42538 75851 94168 18543 7652 63445 48422 35173 29342 71838 74670 5960 10580 4153 83776 48113 7207 31258 27400 21506 35843 41943 44604 99547 24100 70729 79983 38291 59131 61670 62529 23029 70457 48787 55575 49629 2878 43942 64823 72844 30264 22896 94454 34221 33195 70107 14246 93308 97649 32678 38185 73280 27979 77796 73109 84720 29692 29041 69713 46050 62844 83701 36391 6991 76329 53642 42047 56710 66387 49936 97369 24090 70880 96532 30456 89047 97795 98865 5784 17739 7522 23795 68385 10696 81500 65109 23171 31383 23767 86307 93829 13625 99029 66069 73147 89291 3358 50342 82543 39469 81456 37901 5662 28134 97496 89426 57575 18618 72620 56822 60858 1215 14899 89393 68051 1670 79013 47696 34058 84224 32254 92319 32154 87113 51377 82663 82994 29282 86050 81379 38238 44014 33631 39093 93722 36994 79839 9079 
201
51492 34597 74961 95965 89135 95190 34298 39682 21756 92797 96235 8849 2938 28541 47620 43699 28701 57836 60981 5350 22108 88489 30787 45232 61039 50720 14513 68198 3082 80581 12806 4660 60270 23985 95527 54536 67028 7707 24991 87016 9158 88651 72688 23492 97513 35778 23834 62849 53780 63210 19549 92315 98544 10491 47781 48415 109 73732 16153 48069 13778 53901 93837 94170 8921 50838 32022 63122 74461 53259 83504 23925 85773 19063 77413 55636 70507 78158 33200 93338 41842 4804 20859 26475 22781 78918 96085 97520 38593 88903 95185 63001 21882 55665 55794 94150 53737 89122 28601 39771 93399 68619 47733 68700 23059 79832 16100 3232 81847 34587 42372 63434 12235 75863 3768 88738 2834 80300 61025 10384 74686 23680 72036 63010 72241 35211 40535 79617 34551 72654 34828 28792 97377 97670 33109 46306 25567 10560 63935 53142 70196 8164 41846 11438 54216 60496 20325 92346 73276 28098 62147 68016 98641 39093 47287 50937 20297 18114 66294 55523 13612 8511 94089 50536 44340 67542 60582 38336 7882 14142 11867 71768 31186 88951 39378 20754 51681 47133 94370 42039 61499 97989 96488 97468 57497 84461 44572 73562 59659 66307 636 17921 65320 8095 9532 73342 21195 31297 34063 40791 96696 
199
52085 20021 74911 86839 59747 36993 32374 78278 90506 49449 48399 9852 13950 67396 29839 99918 52904 94262 1181 41241 71562 42002 27004 17907 57062 99034 84258 84175 48690 69118 33261 53937 37057 81750 12304 68872 832 15449 42681 79592 59622 77440 21580 78603 97906 99849 50788 56303 56711 20753 1157 73163 75459 86967 32277 99184 55647 77586 67964 40256 3854 99283 58663 15945 27905 33891 26077 77268 93584 3798 837 24807 30565 52857 80174 28095 10181 31312 68002 34759 62792 52645 58544 49367 69988 61262 89005 30719 6794 93667 85210 86964 95875 25529 47658 36911 56689 76772 7711 9354 49355 32227 96110 50889 48420 72434 43513 51268 34968 17339 59539 16307 21758 25197 16903 16455 24593 29349 34289 70717 72740 52766 5211 22680 14912 30881 68068 31258 13031 4965 56034 46347 15091 28368 61894 96653 27615 7029 62238 26935 88287 3170 80704 93314 44915 30617 95265 60207 23059 68337 65935 38591 45387 38797 65072 10751 40060 55802 30618 18677 73643 69616 84074 70811 15025 21720 90412 31094 18473 17315 75420 3260 91253 77648 90468 26699 8578 62039 21715 1574 40557 50100 43597 33425 55501 2028 38533 45856 11884 75085 81695 71954 99 10312 96473 90373 92318 11106 18424 
54
67153 54249 18545 34147 86361 85767 37329 28730 42800 91494 84322 34638 24207 42368 92676 55641 4916 76767 67131 33529 60484 92063 84650 6499 28635 86889 82119 96365 54192 6316 64695 52825 29173 17339 49511 15954 9013 52094 88 62236 27621 60789 89381 77764 61028 27191 62894 18332 68742 2644 59740 79794 95650 9608 
295
45329 59644 92500 99372 20376 17777 31896 90534 65477 12993 22981 82686 53884 17205 82975 58986 45367 41574 32845 66111 55581 71937 71533 61623 47368 22759 4831 6732 54762 81035 90776 91473 72309 66921 38403 45970 45157 67900 48455 10063 47406 38985 84587 74671 2434 98828 89179 54407 54639 64831 79354 77202 46597 51813 18161 1877 30393 4290 15027 78364 21960 1716 14485 7276 101 73967 25684 65838 26541 24552 81298 66214 52111 43987 90133 61888 20210 89020 18039 66855 67885 93864 84479 49123 42188 2065 2493 11666 58624 88283 50922 8939 81014 864 21814 39288 30318 80308 98518 20758 44899 43398 54508 46442 90832 23736 19379 77405 97058 9250 72943 33021 18175 73826 36441 93966 60647 67704 88754 79429 21499 88420 94922 53115 76912 44416 59189 16608 79002 55395 79222 2719 38710 252 67760 18477 60617 45813 89016 65783 42410 71227 23117 9878 10023 43870 5319 50534 31691 92462 50852 312 48016 26013 48157 16362 90642 97893 51834 95668 16258 30862 52931 20457 56297 13600 8976 74178 90803 75953 88753 27631 57613 86396 81872 61177 25884 4825 88340 81445 24425 90120 1098 48883 22853 91677 88050 21203 32332 87431 36754 45948 34559 73713 4779 81347 59477 94832 98526 12833 60776 35027 44637 95285 1063 81148 12349 36649 3815 7044 29963 95490 43790 11327 57422 24524 24899 56516 44247 74141 37650 29699 85749 29467 32437 65147 19149 65408 69497 8124 85391 43428 96511 98315 94185 28414 95588 50068 34076 61919 76986 22084 60562 23513 77138 20610 47175 7767 87434 75914 44444 56230 93052 98412 27515 76637 39355 55887 10415 12490 92900 2363 88788 98971 61473 46273 19692 47847 92417 44052 60673 3495 44864 98424 68330 88772 45587 94178 22171 91547 40317 36157 12629 88699 28466 14893 74016 76511 30249 68804 73311 95634 93036 78957 21175 
183
12542 61853 79836 94625 52681 51082 84579 23696 91936 46428 95742 36636 99529 39206 51144 12871 46604 76796 653 74918 93280 3106 57775 37133 23835 37185 15984 84492 63808 37641 3991 28166 48528 82276 81745 11680 87876 47020 48192 9054 79817 16219 60135 19495 72583 78266 915 3116 37164 78900 62467 93823 64305 98324 18702 98229 80665 66100 85405 43538 91725 92751 29325 21149 66679 82879 58331 56943 67376 85608 92911 43621 52641 92444 26209 18754 73592 49882 83930 62793 3742 99440 50131 38536 9171 76794 15288 83888 25765 39198 73167 28043 92767 73709 6453 31493 24792 41968 33406 22604 87403 72194 11927 60397 76808 96136 14683 46263 42993 45260 57651 26733 40337 68527 10268 85940 97475 95899 48725 9579 37479 63016 88019 58023 17977 59059 25119 99698 56575 31175 59007 63236 50010 88950 1144 82661 57503 90923 96025 75511 79362 23387 74561 26197 90173 36057 56472 19187 13496 22856 32316 91322 40040 45881 72042 86968 49193 54162 21186 94615 89152 16901 61064 85709 78940 41750 75277 85036 11044 99979 88794 64010 79587 42829 78816 53557 91697 9956 7449 56066 89470 48095 76270 
133
65457 68296 9162 34984 81074 36943 1520 25968 67385 8448 29594 52421 88281 8530 76840 28198 31741 30330 2534 69485 27001 83896 25673 44352 10148 65320 20595 46173 24335 19420 78880 19632 14518 56011 91614 10330 80997 52545 61435 14958 44168 70692 21600 33699 78997 19175 97727 54130 41907 57718 44670 18532 84340 52614 99140 35233 70120 95553 91217 12516 28488 53427 95135 28050 84389 62477 86723 58094 90553 91382 22107 10321 94832 36281 7768 16703 12670 48724 59481 21464 72459 80050 23398 48038 47744 29579 28369 78298 62461 73837 68649 4452 72120 32609 20602 79810 2688 42254 11999 8528 32004 96986 91308 68491 76537 38540 67274 81405 10463 57450 87079 92395 48175 85922 76192 60535 22283 25661 20607 52523 51965 28400 7411 91620 38865 80091 62638 9270 47434 2820 32561 97789 16842 
225
57803 55446 85135 12098 20644 59559 49183 13953 73744 45045 59542 71212 81513 47578 48523 74476 61366 94596 66196 78331 6803 87862 12673 41453 25952 85848 66859 92599 63240 27294 64189 22242 16510 30245 1080 44593 46901 86437 63645 96839 13118 8608 94633 61520 24419 80327 70624 57156 55691 29867 44971 75924 66016 21612 63921 145 20839 597 39672 48485 11185 29878 74941 74980 79116 41577 97321 7958 96808 38792 53088 80698 40578 95070 62363 76896 41319 38106 16752 4870 90298 75595 94268 93368 22599 26393 22052 56927 2501 50381 23368 38035 85922 3611 77227 37964 24436 64530 72128 51323 3648 99759 80959 58695 51336 45378 56168 3211 2142 70555 45421 52225 57928 37274 91491 49106 74092 15477 52197 22659 89683 28161 59690 77234 9293 72054 35719 27339 61881 66547 1541 90978 85953 85710 20079 20200 80690 64268 26145 6777 15181 93315 33667 17352 48301 70059 41810 56317 45637 81370 46011 22783 61555 66074 402 41858 46358 93313 50291 73928 98250 43012 84714 67124 75582 72189 42576 28805 31475 93118 57041 23132 31016 28274 33619 98742 62684 64395 30412 7158 77252 33260 71143 95496 69855 18075 39513 24872 31705 30678 57208 7538 62152 90643 86574 53738 81889 29859 2563 30691 68523 55008 4803 32087 35101 97269 49263 40132 36601 72085 21954 55350 85354 95075 19068 81102 45364 15800 25009 17040 837 95596 76194 53697 5354 
106
20677 22447 93124 41637 84073 54398 85483 92416 26053 65534 44113 29194 13731 28991 55120 48625 95229 85241 19466 30672 50382 86650 58820 30041 25845 50779 57654 24321 49245 9692 76369 33600 4109 2290 74989 55476 62109 3890 35592 7533 40172 75468 65555 50704 14384 32823 82594 51543 36754 22730 62834 3729 81015 29712 71230 29280 15047 50661 97969 39918 10756 96026 78890 7181 87254 87451 18094 38811 33314 95684 29967 87770 995 41819 97173 36230 55649 53085 46692 57863 44004 96170 893 81338 81867 12522 24067 84911 94473 31147 92629 63671 96421 38163 37469 49909 25323 75857 96559 33617 29254 6460 69785 1182 62907 74079 
69
94162 15698 24044 50153 96079 703 79639 83967 82736 74863 91630 85839 31834 36872 2968 76976 37808 18104 31897 17807 73919 2891 49419 44865 43007 10398 42694 61252 57801 47380 94513 41623 49870 89538 60510 8708 7370 76856 70835 34624 60992 69952 16634 31872 14250 83562 73776 69162 42547 66310 57946 8137 99450 68743 4774 98754 60064 87658 91520 38965 72921 80933 46743 6214 82851 68140 36262 94291 93990 
184
85817 53711 55138 33668 14868 43144 13346 24941 59461 20098 43757 67495 12217 32530 96243 88806 53643 22354 97780 99012 50393 909 70288 50266 99958 88528 88433 15540 47344 30906 94423 59152 34747 87285 52204 31228 82275 786 96027 73050 55276 91116 9386 57471 6747 23252 66531 2053 32568 90526 23019 78766 53087 59591 35369 52738 88140 85236 23312 76472 56123 99092 72123 76200 91033 15384 60130 77064 83843 45989 51460 63030 24795 52528 84174 50972 74386 63589 48046 60296 75536 97770 32767 78141 78774 57707 9028 72499 69836 16682 68031 24479 65522 86611 12830 5263 11021 49286 32447 28713 65820 56288 68206 40696 68678 98247 68503 75564 8786 55308 39556 50329 60554 9255 93354 63458 97676 20831 82663 46429 67940 62406 10075 112 17529 91044 57063 63033 4677 11284 85587 56275 73540 22493 13249 35609 45825 25488 44666 66417 11685 94674 52995 43753 6796 84158 22885 33514 81843 14178 21188 72839 6604 72608 42063 16874 48224 3957 37675 10497 16345 85834 78993 87333 8137 36841 37087 23187 10251 7661 87861 86078 77363 94846 42024 70278 49447 48465 50532 3520 39957 7729 75393 9695 
310
4192 48454 61693 75586 41976 62101 80206 17123 44832 72181 34621 40210 99735 79502 36538 16787 91805 82431 57793 92430 11597 76075 11472 69248 91169 91605 25200 8472 69547 17634 78073 50304 6886 80918 18896 77379 47849 38454 37446 2531 47933 51301 40660 830 95702 26748 48232 88490 8984 23042 89753 41336 54026 98619 873 59289 36101 53929 16343 88326 71120 66160 45787 68637 73400 56935 33309 31446 94601 15220 74853 22556 14011 23852 11574 66958 20220 49700 96778 68767 70639 11944 24911 26823 5683 80273 90489 16806 5898 90049 76019 54995 88171 53650 12019 9905 68484 93659 23519 84275 44257 16575 37929 38686 14218 1202 43234 74635 34447 95825 2642 11173 69818 54972 10949 79598 15040 11487 9158 66462 36488 27772 40662 87818 75178 81476 14015 99038 20729 15704 86380 94743 66771 59062 89663 34805 94848 46887 65549 16607 67181 38336 20027 17592 11295 37962 53839 74203 94531 54099 26985 24498 13972 50186 82408 47234 15809 25709 91533 68798 41718 35997 72735 43362 79539 58442 35838 6287 43987 35651 96542 48885 61150 88150 81430 10081 44205 97841 7609 32760 60885 68241 52359 81875 66676 92465 22688 26426 8415 55383 44110 11923 42937 40915 6367 16464 64727 30609 84510 65444 17538 24132 74758 71430 33446 7891 96123 95281 90802 49965 60954 80825 30678 91129 34324 18714 24135 60644 75551 13611 4161 75597 50417 53249 84073 71966 21242 63684 19429 53798 13088 14118 48074 26930 33694 95521 69015 72943 23597 75231 52867 74287 87863 4428 23007 26863 61552 84022 93174 35822 8040 46154 69661 98740 71380 70981 65121 83669 84683 34284 47955 2959 97490 86942 84109 92780 14882 79015 44593 76284 87295 99648 58273 63874 58626 31286 65549 7611 27795 5765 21708 78067 39594 41581 86253 83636 95149 19091 91214 15382 63172 58848 38050 38936 8490 95716 28750 29428 32264 98129 71710 69847 51523 83507 5351 81626 57582 16245 80032 63065 
223
18622 92410 56204 88614 16786 97403 95400 17886 19847 3790 95608 60692 36218 86139 7434 383 53312 27014 52213 90726 25209 36635 77255 27099 40871 60507 24718 64425 18660 41899 91470 40572 74763 40825 36811 11419 61685 63523 47863 18663 96516 14414 1550 67883 97018 64704 28293 585 94584 46186 17992 64019 75204 15593 61908 44022 16620 28366 74674 56899 84496 79556 96823 48201 30432 89920 452 64180 32214 59521 16049 71679 32878 74065 11562 84862 57711 36375 35203 58444 1926 35912 77577 65234 44613 15361 33199 53432 82584 98402 2741 15743 46980 16805 216 98880 88411 6830 4132 12291 88369 6668 86996 15824 72961 90610 23133 36871 25962 29311 51845 48001 6809 54 18045 39186 44232 91248 43204 80680 82383 92909 60743 96987 78219 52320 26852 40321 95292 69548 68340 36936 26616 82830 82462 82080 48617 1630 63454 12075 4557 17063 39173 21215 61548 35360 18857 5230 7288 79692 256 52424 17756 64653 82159 42211 8551 84471 37006 57515 37806 23974 11828 74035 78250 2291 90441 30462 62317 20385 87583 89808 47397 48296 12698 28324 38595 14376 54844 82536 6682 24780 22027 57196 56131 29013 19759 8196 63328 78621 68671 65845 39498 44157 96290 21002 39341 40881 44480 37771 61269 21272 84757 6202 96062 6555 85593 27156 96895 54921 1190 2923 31761 96114 52931 14063 74228 44103 56186 51958 85907 39699 30267 
213
71702 97365 11601 99970 66210 50528 90149 83400 74115 44774 96182 2794 21804 17315 44459 49703 13320 57645 72885 31897 88111 86487 55572 35623 4459 6853 65291 45554 57578 80231 37037 7557 61542 49842 83084 14659 74588 76299 38022 1083 52104 78615 6880 95036 90089 55324 77690 10560 94806 95740 32891 54185 92045 70779 13738 19176 52778 5556 50851 17183 26365 41946 7731 52759 22875 85786 3919 5503 39071 36085 55174 53174 54195 24014 36681 36244 98480 44536 67808 89437 61075 8244 20010 34507 23537 36077 64070 45972 37479 2468 95425 36763 15670 68343 94336 68795 80844 89378 82388 89883 24588 92496 13062 68172 2226 44542 96034 30642 98927 38531 92881 81913 70308 86756 23313 37231 80920 7360 88476 32997 15231 1622 15108 92753 37274 28207 54218 68644 95024 91373 65982 72839 76592 18423 25066 38126 4217 95702 44149 61583 42991 87887 82001 58031 7176 31621 80208 23297 16632 5868 38233 34498 77004 66516 43866 14057 5412 11113 35619 39105 24105 36982 51700 82739 27493 30280 55716 92743 86800 84633 76108 38242 23619 58109 60391 25637 56594 39604 56931 97176 48989 62824 95228 94818 18611 72309 82503 56815 53868 700 88791 51894 32544 64592 16907 12304 5607 7076 21473 88767 18584 41731 14803 27832 76614 19885 74690 27289 48825 74646 89016 52026 2984 
20
31599 15650 75660 22396 71829 56863 77726 26219 86004 76438 47333 65730 28771 89187 49395 36108 48772 34611 55676 45281 
138
34429 38936 5578 11547 75981 37125 62852 45592 94418 1819 83903 81120 31640 50153 59720 16095 67701 6252 75368 58914 77545 22039 3517 93912 49271 53930 64604 33026 26655 66995 41441 36531 55999 65856 44309 4539 52818 68143 55199 71940 76702 45951 43883 3140 12386 4255 53453 72363 16168 30394 94526 30830 91856 47270 68207 78258 80385 77393 91078 37135 64916 15602 57601 66696 73492 49079 34938 14914 28150 67536 68141 10152 23837 72187 88614 48516 48276 62164 1140 57402 33560 35755 1709 87028 91334 32505 40991 16369 12554 95266 80306 7622 28307 9638 43663 73955 12285 83869 92172 9317 75587 83466 90843 81171 17271 64799 21868 61273 20740 7277 91463 34540 15790 41318 40950 21669 91600 67347 85566 67977 13970 4169 60529 82308 7439 38050 9245 43062 62347 53566 65807 45948 59193 53407 97848 64788 92518 62857 
224
82604 38016 89078 78547 25234 64618 76736 83110 54730 47540 44434 93897 74748 38668 94264 94134 64601 35856 13204 75733 55608 5153 45707 29701 57994 25649 34187 90208 27652 70453 52994 41187 24362 32701 22829 79098 61460 89680 63409 40071 90122 48815 17764 16048 59222 25074 35168 85499 22996 61456 21168 95770 30294 6121 43470 90069 36009 13587 15362 38326 31467 66269 64465 13912 32801 24755 62712 82487 33244 40463 2223 34383 35745 40083 19309 51977 89797 15223 22140 81829 28470 75598 29731 66430 51060 20281 84228 89030 97861 23862 65591 17979 90912 37256 88123 8975 61186 16926 96037 14342 29728 72122 28320 74964 21149 87184 31931 19122 51191 87584 18227 92786 72919 44222 51101 59893 64239 25187 38584 88951 18921 32664 43773 81030 87780 1221 11700 54490 88806 23542 37875 5645 94414 33286 77624 61395 40406 33384 71932 24626 52011 83917 47263 71025 93026 23556 98711 80644 86148 42265 16361 55426 77003 62005 45793 54753 85350 28854 10748 66907 77608 21637 71315 4878 43171 70038 93536 3045 11732 34010 98469 95330 3967 63748 69352 85316 62817 72822 97212 48554 74716 12469 74695 49688 59609 32883 92215 49112 17183 19628 59175 2441 47153 91557 6696 54157 88382 5526 42881 33321 99744 46333 20903 5689 71640 71408 83250 24307 17163 55476 53413 16585 46659 6208 44028 12982 96142 1396 53535 85997 1219 38994 1803 64485 
139
85550 28252 70349 47578 52441 29928 6934 18102 92214 14330 58183 6473 96459 41210 87326 87070 49332 31091 26063 26452 6726 94157 98237 53377 8047 83338 73661 8579 12346 55172 23082 42826 50671 38920 7099 81619 9586 67442 55819 11549 37363 51832 66664 77591 22179 45833 90792 49584 39748 55837 7877 90138 59531 22458 22323 79399 48754 31020 14455 83447 86622 24209 69139 12530 98284 57139 82278 79038 32629 58079 11330 92586 9030 20720 2511 29838 15117 97460 76556 9792 78516 99326 39657 25199 96728 12732 38680 504 80756 82399 82051 55833 75327 15586 86462 98780 57642 31659 26851 7699 51322 68761 69785 87955 95887 43024 67709 68747 2970 28617 90380 67921 49613 99701 18700 66610 99728 67925 90577 67812 79187 73694 68397 77099 81560 51759 74932 66838 67588 15356 58822 13245 63957 52669 78067 48023 72362 93343 21311 
178
46246 81655 71129 9424 12899 47264 54321 67211 27947 3081 21977 73641 8954 95238 92714 73681 60215 76622 68474 39755 7926 50178 69451 62971 88953 40429 9561 57247 15197 12243 12424 96107 74918 99763 18924 44332 11823 59162 31476 28627 73845 30094 8629 73078 14436 90185 60075 10972 24653 28755 21939 81667 55178 68563 169 34801 6684 30057 6387 83435 3103 82580 56565 1431 98488 84815 29846 62798 45617 36162 89367 88345 57382 24956 95918 57651 56098 50190 10540 22406 72658 24238 16534 62976 89435 17081 24011 94121 48290 48030 5362 8636 23152 81568 81497 23159 92230 33444 53339 57567 67561 69654 56331 97542 34803 54286 59171 50816 23597 25045 61357 60576 49974 68536 63692 45161 334 23132 43973 45794 7344 27343 23906 75058 23915 52236 42965 26860 92271 29479 34765 61094 49837 54948 40075 89643 82796 17111 94311 66494 97327 6469 78184 76336 74194 57941 82063 22478 99447 48810 80742 40968 11778 96832 30691 91965 10343 77577 9500 8529 17542 8380 99439 46946 94342 13802 71099 23264 22736 77308 20065 89646 40109 75630 22607 6467 46771 87733 
67
3258 51653 29030 53455 96225 271 32910 23913 74281 12363 85090 33387 30286 65086 74121 75470 70631 15728 92299 63845 54373 30270 45233 42379 95985 31407 33647 81050 44453 82729 64988 21702 39432 30284 14785 46936 29810 18235 75722 75707 21575 34819 36530 10856 95110 44492 92377 75763 18618 75614 43785 69401 23518 49244 93725 15918 51781 51479 44753 24676 25905 44213 2729 26599 63238 23982 97439 
217
23151 47995 88764 30870 76062 20591 78730 13484 27223 22137 47813 98937 39002 92152 36215 30320 84983 72453 49834 82369 56556 34054 59673 898 78046 64430 26431 89617 32069 64733 31440 38597 52687 14751 95964 26219 63481 36682 63559 69718 47133 44516 86829 62954 54850 95647 72899 84321 94363 65952 46518 7767 11330 76643 49916 7227 73084 98645 38281 55749 14661 22127 37079 49273 20447 51758 59180 50313 81500 83658 53364 42925 34435 96493 90982 32128 49072 80864 9146 84331 89095 44883 42473 53377 76956 18088 68564 76683 49641 64500 83795 21300 18019 8887 60056 61894 39317 31197 51149 67812 41232 15295 37356 36519 95504 61584 51880 48041 10453 31793 52976 24997 34308 51183 19050 83650 29351 87757 2445 54967 12736 59640 65434 7429 40269 32415 59817 83097 20692 5679 9295 60451 73637 15235 89399 37272 84806 69067 20148 86677 55056 44982 34644 52043 54867 42049 81532 7828 38963 28609 52969 88872 8431 63743 87871 8092 5768 10787 14140 29896 42948 29383 94886 6894 63993 6940 11123 38983 1286 97789 21075 66917 17414 28903 73557 33931 31045 62857 42868 51888 13133 8113 30939 77941 34879 4004 40911 42853 41093 42697 84447 64623 80441 69543 41790 8868 18819 1666 19428 52001 22192 21098 40995 1082 6516 25734 44984 70519 59476 72911 20952 97455 63837 3703 47249 28066 84226 
160
62831 55199 64596 83784 55152 84747 60564 19660 58847 59410 32435 62687 68431 71609 51329 85107 25848 20201 47342 27979 79106 51210 21785 86702 81442 65054 23996 65944 29609 52436 97805 14508 16060 75378 35456 57562 30172 3625 7153 7738 67551 65361 6883 56748 35629 50552 24840 10308 54010 33302 35805 5864 1591 93325 25657 3985 32426 74025 32672 69071 39924 64146 66469 91866 86908 49033 68320 90648 41919 54357 35911 1899 70843 80399 45370 24379 75983 84823 61103 51031 79113 61012 26554 23802 61790 16221 74343 42035 89265 82023 87738 62567 38098 98951 79261 63493 38923 4083 60615 85034 34522 99527 63907 46497 40444 42021 75978 58215 25749 72594 89917 10564 54135 94993 40577 74918 60242 42705 67618 48431 54167 75422 73300 49935 33003 61141 5114 78348 84193 50553 45062 5973 58639 70281 44646 41983 77858 37192 76477 85376 16057 26735 33350 62060 78025 4386 83314 83745 27892 62725 78744 83444 75678 61074 85284 62455 86144 150 61687 89267 
57
7335 70955 31632 73011 75237 88319 20478 45460 75428 71806 17807 64167 29607 90602 93403 86152 33786 47992 13988 80295 25481 34403 97296 69447 46039 40141 45462 77841 19679 73292 82145 62995 74515 73638 74368 76491 5332 42835 6775 75826 67441 62398 44406 20702 28090 88651 98684 46246 88838 98828 83309 90454 70959 90390 27895 88192 83416 
152
20099 26742 87181 52809 59326 23023 13624 17377 91293 3001 95796 58874 23007 36539 58360 1086 28619 82161 16465 55162 75357 35591 41548 14432 49620 71778 84827 28863 30126 31549 66249 16758 5284 77582 12140 1470 41427 55852 67311 19079 89249 24941 7268 92821 22458 23982 13339 7922 29079 45732 74700 85634 17893 76658 60374 20750 92482 360 13573 50912 9646 80462 61482 49591 99028 78502 27500 59017 53787 27547 11476 79827 64129 92235 52152 72596 42718 5352 13574 70570 72337 99520 43334 92832 61773 32714 59794 1744 5734 20417 92072 29801 73368 42433 45975 21731 12002 95100 45775 25239 25174 88202 10914 13337 79037 62709 40599 81277 75792 18349 55746 84511 30048 37658 23183 68421 7869 35672 88628 71449 47721 26753 93308 23724 72983 5510 91420 49895 82523 4749 42282 70959 91785 76028 61306 57564 52509 25494 88789 38380 92604 66612 580 11315 8507 660 29754 16650 18569 19337 43228 77848 
283
11512 96885 64066 43559 87307 34914 84787 35129 38337 11702 91320 53324 89421 91445 96091 68336 84527 42802 52482 68736 32464 38514 78630 58228 64627 47091 91724 37518 89501 22348 49444 69337 18074 94799 51786 29915 34615 58734 5596 96169 68522 33896 90274 52484 96034 69844 88481 24005 9115 79195 23664 76507 2075 82337 20891 35174 99145 6516 37987 5774 5883 27757 2111 9056 8289 52909 16591 62974 53704 76464 35480 48784 61031 91433 3506 82347 61383 81750 21791 9863 45691 56187 10177 89272 5967 65615 48566 83247 61500 9980 15893 51139 3921 9636 35908 39917 87060 96095 22448 59226 76900 78695 50197 9579 34669 75356 40995 63254 70906 31623 34315 60944 71101 73160 42943 64783 6394 87126 11482 97441 40104 15724 55581 93639 42887 91831 47974 91544 26603 30963 63905 43637 47775 90853 96963 68291 8512 23793 35804 42682 92685 82278 56537 31115 26046 52696 50530 26824 2970 53500 89819 42070 8903 33253 83462 58120 51082 12485 19129 40145 87413 98131 65523 44789 76403 41766 77448 26839 13681 90521 6163 69762 6937 89901 5693 45262 33402 62130 81700 19741 7121 78636 50797 69301 94723 39564 42036 85058 99051 21623 71626 2311 52599 24425 94965 19056 19289 69887 44762 39245 85369 45036 52406 25315 59407 81481 20622 64403 96838 93565 51948 30874 4850 70206 45903 3809 10899 20234 69308 28924 70986 53697 21463 11540 17608 37593 90409 76810 59026 46091 54005 49307 34469 68646 90635 96572 37848 60516 71062 98328 84473 46317 15175 81470 79868 22573 7638 870 95456 27804 73504 18269 72556 15139 11322 57737 27143 67083 61779 46769 70712 52007 7471 56364 9542 87200 39445 55066 98236 51643 91616 65095 37502 25706 1936 28178 59758 69913 36875 89455 92016 19566 86255 
119
32535 31307 8168 56819 68879 43339 98967 22534 63435 15559 65108 8050 79560 75635 11847 43062 98130 36629 28846 99743 24274 78644 84453 17661 14628 34209 27017 50710 3443 2181 58235 683 43434 44541 5954 88323 92722 57595 64694 37052 42317 2814 78034 50846 14190 38505 74553 46897 25884 79910 63649 56374 88380 54998 48683 48107 95078 69664 61112 48091 42444 38670 31675 75389 1663 76982 10914 62918 57618 30211 45857 70894 37722 28567 75980 39224 41964 18141 88259 45487 82839 24670 31754 92904 34734 14207 56232 19129 22496 21770 48670 65648 18036 34788 35228 58782 86912 82096 10712 63184 20262 1219 37652 38675 92140 75216 54538 69265 48079 6013 49788 31425 85569 81934 54682 60281 10599 8352 78058 
126
39457 17477 77116 43416 24399 97348 37638 6863 99751 91700 38864 83559 98126 90856 1168 48138 72628 31089 94876 65608 54806 86031 52009 66166 37203 15268 19791 72604 81695 29744 92131 37422 1129 46499 45621 77115 59339 31039 38734 35468 93315 6874 18566 44402 8154 67808 93225 48635 14498 92031 18007 21 2878 28765 56772 1315 11271 81037 38750 67288 95321 64092 34170 67427 77492 55787 17641 3184 22729 83418 16791 84084 1900 89251 90327 86949 48094 87193 28227 79944 11036 17983 63590 74239 34772 76138 644 74013 81344 16956 72084 37456 31824 29251 13030 67190 15898 47527 12892 92406 31498 44171 15666 66047 74443 11647 64237 22662 94258 83836 17864 13016 68822 25895 8680 90763 70576 63847 80793 52935 23417 88051 16987 41192 22127 25088 
287
10145 4491 66574 28957 56807 67400 94140 52271 77511 8122 45012 88548 92796 73393 97745 77903 82334 70523 1699 72449 80344 85851 16724 97501 43394 86263 44799 97243 60262 2145 40309 90280 72650 60898 14211 71042 70584 18731 65502 52760 94161 99901 49301 56200 57918 28215 34710 52501 97481 51830 15188 84819 36121 21679 36234 88403 89134 95526 53561 2572 2672 65160 71625 46231 472 54079 45252 86995 96335 7088 44980 55099 75825 66936 17786 91645 13287 58696 79801 87941 49495 41300 20512 48376 21628 72986 81958 66230 60457 16791 34588 61904 96763 16825 81212 39083 64512 720 24127 13819 24734 9358 37677 40777 82163 56092 24679 59966 8072 30152 50418 91002 65499 74700 43292 84127 61622 23929 73736 12633 1540 93596 13399 38522 97991 98000 51649 23736 22759 39018 49781 37449 74498 20135 63747 76025 82273 60723 26714 153 27586 68269 51570 14090 22608 20818 56433 61061 81376 7759 67721 45541 85390 32272 47826 99037 46346 77156 97731 38909 99096 26509 69495 12903 62735 70689 11905 79372 32260 43468 43450 9818 40739 41945 39154 58844 85295 28727 15986 16294 45612 31378 48904 29143 56070 66881 11878 60534 72947 89020 27702 766 71587 87117 24282 67390 27934 57185 95964 91700 16027 78001 37082 5778 83100 74136 41182 38583 8747 15580 12796 34055 40145 44157 18072 93108 32054 48974 86348 29930 29654 94060 71786 95521 29654 76034 46098 76648 50254 28533 83809 67015 21054 16049 31941 7101 23105 25982 4464 46200 75824 37275 23523 4991 23839 74288 63191 4196 36685 88807 44488 12537 21550 51373 85702 52939 35190 37470 16240 32047 50155 54677 5191 59653 86920 99379 80453 90664 39874 50969 42586 84702 25268 35983 42914 84382 99363 18159 4048 25631 80285 11239 64931 55162 83624 88804 30481 
300
72472 80672 32808 23330 88102 25820 14468 90503 68183 20247 55178 21773 67801 61051 36956 19602 87646 91430 76887 44188 83008 52654 82792 21448 25384 99819 7116 55742 62499 33812 89553 38415 36382 25220 56623 33467 63287 17433 49312 13051 82996 9787 39255 37885 91049 95096 30889 90110 63967 27208 65232 22259 73809 41562 17790 97264 96315 70631 4604 63561 98676 52603 19645 15107 13750 52465 60921 58393 12886 68851 65541 92599 39003 31598 3739 36378 7908 60517 66885 9686 65089 17608 16179 91695 48108 62372 31674 51935 34268 96313 33217 59263 83741 46448 28857 37506 94427 95328 83881 86875 20220 65862 9532 58662 22099 33324 95947 96757 47687 94762 64064 68276 43795 32275 4028 43532 42235 18386 95211 2258 24893 15966 34927 38108 34881 88747 16559 55268 69874 36238 4084 98288 17163 70525 10644 21922 39656 25883 11898 4753 53268 47172 27277 92977 9524 48985 14187 60570 87146 30248 78806 77934 7948 36206 34255 58842 67493 17569 33786 30565 83208 69340 71824 89089 63650 82319 86902 47780 78290 79353 30851 25923 2108 52164 65681 90553 32893 90179 18965 68692 20070 20765 41683 60585 52690 49518 34444 21491 50346 86915 15349 96233 76261 26345 73285 68266 94087 52974 99067 98584 21585 52061 17868 88716 67989 84270 59386 83518 39842 60601 73715 95997 34870 18017 82881 76733 28591 2659 27955 23087 34722 26389 82398 42550 45031 91810 44700 14406 57957 65143 24887 25377 39305 80053 45877 47435 36647 90876 44799 67498 79064 33872 65915 4611 23143 26350 51562 58012 87290 72703 73218 13472 80424 32575 99702 40732 56852 87551 49701 34025 50215 72870 7472 57893 36015 55061 79753 60969 63100 83668 69640 39472 9029 97446 26584 3210 19611 83768 44164 43154 77698 92824 99359 63128 96125 56026 83381 40176 11241 47584 67610 71554 3389 20274 1876 73646 70550 69710 79848 1395 
114
14048 64162 42036 38996 287 44049 87119 85833 93337 98286 34972 34759 57668 79724 91242 34733 21507 71762 19050 26972 8528 28895 75157 43931 10201 47905 14876 25182 88520 21266 26304 82280 23400 54900 87241 13975 44186 51625 99274 65543 75924 24563 6475 5059 60916 76259 87921 18694 81227 3562 39144 28228 54370 84161 91503 87313 13742 82528 99959 83805 43564 24993 87409 31954 19886 8353 68128 5825 10710 4530 43215 87240 17777 53187 89453 84238 51278 90444 79721 24412 21597 47537 51990 13170 93889 71149 61324 31739 82787 11606 83062 35730 42246 25226 79211 20538 40378 58295 71786 96601 43600 53989 37652 88751 45506 38835 57636 96049 40950 90300 42941 29411 38636 25244 
209
4713 42397 5927 57110 33783 24324 49859 36703 15459 1079 7375 73580 84398 28275 72436 39054 9181 65957 7195 73359 18132 60246 47281 68528 17813 14280 69639 34842 40685 56706 68215 36031 13495 97609 3006 35704 42567 22361 59963 18821 63888 44670 68577 32481 92682 42721 32586 35618 32513 84296 61837 74636 99986 44300 97694 4058 70432 48761 84886 21549 93577 70334 28614 67215 74083 84081 89044 11995 89770 37959 41354 97253 94476 5223 66827 60873 92595 21772 10076 440 2397 46237 63472 69752 20126 62594 77993 20563 5927 82444 70820 10917 32437 36319 10062 5600 63482 94466 2051 99471 5965 62620 65265 49601 20142 16206 35013 87885 14611 86207 48255 54046 47961 25180 87090 40691 25048 73150 24746 27853 43577 64360 86311 87665 50933 40843 81506 64828 44684 80993 44136 43427 8319 51433 20117 12287 92292 96099 10786 26541 5552 53758 41084 24517 76760 47630 62518 14444 96290 8585 29547 44201 10464 15922 48870 80862 40444 9005 67970 69913 54537 48773 86847 70639 98964 73685 60541 45240 42538 67863 76182 74894 20277 69365 85644 94086 19997 34944 60433 63162 68573 62917 76229 47638 77222 19850 11029 17632 26673 37458 53095 90038 12753 97946 67583 52045 20162 41611 6225 6899 47325 25521 17167 75021 10795 19109 5093 36948 73363 
48
68080 28544 74711 30945 93768 71800 99614 88825 5809 26333 77645 37688 11862 67476 72766 86153 26933 60346 73847 49543 17091 46048 9476 12052 66770 37839 97224 69412 40810 65741 9256 64386 89872 31400 76172 70166 64842 10259 97473 66681 15695 99362 15774 40328 53365 15531 628 25115 
32
15741 65495 99920 62438 28498 87857 1705 19897 19359 23626 34830 23714 6423 52113 98048 39454 52591 74440 44136 94848 10320 63785 48503 97833 81149 49917 54802 26882 50335 72185 43075 88048 
295
12401 66791 59552 60979 4476 25685 35783 60025 99544 45373 63784 25791 68722 96941 24323 71930 67169 42525 21103 31531 85271 43750 34542 60057 20399 98196 95564 87951 64927 74435 30044 43489 72925 95905 33360 47778 73945 59937 54465 9863 67486 65691 63993 9400 41104 60461 31383 58246 19938 94233 61728 68869 32417 1806 4554 45688 65819 57355 15811 13570 83374 12356 75557 27129 55414 95743 3744 74267 9197 74602 87275 21524 47619 66119 30122 88538 27575 36766 72763 25751 27269 88596 55686 28772 71728 38376 47597 70039 98680 71814 27003 38415 45087 98966 3264 34888 23301 46281 95544 9915 32159 66855 28915 33420 53819 44647 70227 66646 77007 749 18192 9622 7595 29977 67922 87294 23368 6016 58532 48582 97064 19095 60870 70720 17774 14192 42185 1753 57397 94023 46356 27822 76913 90532 69064 40472 75777 85213 69088 13824 26393 76253 99368 42120 67572 34793 55857 19685 14884 754 76606 1177 16912 12867 46853 73482 61455 61404 52190 52658 89219 19994 22268 30494 52137 37501 15012 49226 36820 14015 51643 1304 9672 72301 28035 63714 2086 88232 95146 974 52515 69160 50444 13103 60520 74317 5591 45377 13599 64659 43215 37263 59280 77026 66420 19776 53902 38064 29431 70098 84704 49224 72182 57638 48818 36941 95636 21542 4978 78880 3547 26091 94196 26597 27360 20812 67460 33211 15885 35637 30616 65726 69616 57074 13462 74761 72636 67989 21029 23955 26161 96333 49469 79889 63459 42180 58079 64824 24749 40621 66729 45579 77867 27240 99790 8395 82292 54719 93811 84473 24947 613 65674 55049 57495 42683 66906 31767 4073 597 15290 19357 47339 34780 36128 60767 38739 85940 87646 15495 26416 19870 84580 95458 47344 47107 89784 63556 21893 15770 108 8050 24941 28002 2016 89758 28767 67266 22102 59010 42521 37333 33784 58937 26030 
169
37647 59979 13218 48048 90229 14640 23848 47906 88555 1149 64718 79516 44873 48131 95122 13936 56696 35790 13518 24584 21116 11839 52571 16078 30703 21164 16468 63967 44909 1835 99774 9901 79734 26419 85826 36847 16800 51353 96604 37307 28941 93555 66313 77332 74257 95975 10637 66045 79404 9299 85962 13355 1162 39569 15687 38543 50269 7823 50204 34418 76807 70562 65733 90682 5082 49537 89406 51122 83446 16264 81388 24029 62713 43381 50522 68075 61040 67024 43562 10684 99488 97562 32675 38600 22491 79136 10650 27697 33743 26977 40576 12832 49105 65523 31072 77341 34792 83609 54171 2726 81629 15483 4316 79275 1223 68605 1855 92691 49869 71811 78058 47220 99497 73268 84782 76048 54676 42477 12912 98598 28916 60890 32852 54587 70526 83880 13398 53307 23695 88903 21864 89241 50721 12264 95841 90764 58934 50076 71329 52682 48002 45283 5605 14601 6338 64084 30144 54317 68897 40022 85988 73027 64117 5605 80679 22855 35298 59225 94189 88555 62811 27427 26813 46133 64481 65700 7677 87885 7172 
122
37973 75781 52503 43053 34719 50249 74185 52825 97504 82845 46556 36383 18931 81256 10266 77179 94639 7123 40513 9573 64887 5869 52091 69997 84830 9768 80461 16794 84179 3431 84231 16288 84915 52000 30239 18813 26452 80531 49911 56743 97031 76855 96443 2178 53836 17058 18022 14800 99365 72492 998 95783 25434 88822 31032 38027 66336 8734 54261 25744 51279 16530 76605 43049 90576 17069 10500 84472 1844 44284 38206 66241 60422 86204 88436 76122 41646 69731 75887 20194 46650 13236 3126 94519 72144 46485 87292 59927 98398 22996 98703 30682 81659 61436 54535 55735 69356 23359 81079 62856 35671 1916 4927 72707 59232 54252 91563 48286 62431 14270 60103 40497 4833 76249 33012 44397 77607 19635 31727 53038 78860 64163 
240
61948 74462 86702 83069 7909 48607 31231 57558 84866 44576 68144 81939 99416 97221 96295 82369 39849 16926 42479 73202 95616 71023 38498 53242 12793 62175 33193 54422 55870 36880 51173 38315 41281 12583 70943 75383 78093 61880 42369 72330 70600 18286 12528 45382 40334 39555 81765 70175 87277 65217 45420 21700 6845 27931 45959 53520 83585 47353 6379 41029 87281 80440 90209 31812 15882 97518 41585 68265 45167 1716 73092 88714 73075 30287 13563 10372 86341 16685 91602 52960 87537 66159 55819 9970 24532 12387 19211 57242 39332 16096 9657 81797 78999 58959 62941 59671 80440 16850 13666 26826 82206 52311 68901 31003 63007 42489 28854 67864 92394 76158 20205 23363 25076 79107 1079 47590 92471 88480 20691 35091 51091 93488 73663 76310 99377 86695 12647 62967 48040 31371 65811 23435 53541 82191 21226 52118 67738 89500 85221 75324 37794 91773 22154 78513 52448 9182 1443 19967 2253 84731 62117 51834 50171 13227 92228 90360 52383 31289 95615 83659 94150 95417 17279 73777 55480 22989 94526 4926 56265 56341 52034 41709 40268 33203 30578 82232 35777 99923 13463 41681 55215 39310 42436 74748 91139 46136 68474 35453 71327 42943 23810 67333 52198 84614 31848 24089 38517 94887 41294 80063 47628 84885 1884 37361 73537 6256 4423 34907 98593 12127 60286 15458 60911 26183 37257 69386 67502 66378 86668 63180 10447 51012 20021 97950 8338 45098 36086 39443 31677 56150 3405 31065 88174 47915 88763 90224 52317 16383 90761 78350 
14
63444 68125 32520 77716 81307 13005 42664 35305 89781 65413 51690 13035 18687 26576 
127
22204 46914 96314 24406 7174 7332 50012 14448 94687 47884 58309 22429 38321 62808 96684 98333 88091 71734 81539 12881 93358 21583 11586 40150 83077 7096 56732 24146 56725 32803 29469 74472 91527 65853 31978 19891 48247 62654 92490 55977 2730 65636 19730 20304 41132 96883 30540 32411 61495 28669 60815 72499 66931 31184 89821 21825 73113 64234 82773 33735 6628 35470 68461 94442 73763 71233 2894 77779 76175 83061 68044 51164 66279 69714 50277 22773 66118 2271 72274 92032 34026 91173 33073 42957 55038 73966 89025 69699 31274 26220 44774 89953 51028 62616 49375 92522 42053 44726 86948 46568 87965 83789 80695 21606 68524 64093 44746 66646 11825 7426 46988 98493 68399 44457 50688 20664 53754 79025 70530 2684 595 27238 77279 27195 99686 44172 79068 
50
64331 19324 59244 26207 14747 26702 69918 35556 91812 67945 31621 62813 14362 70814 1305 31529 16087 91627 16084 29920 20376 14689 44663 28872 51478 65881 85756 16896 45237 59285 87835 16755 83880 13936 1249 26631 82378 93687 21143 53902 90602 13662 64426 88835 76321 37267 34635 82212 75329 81829 
28
7101 46611 18694 29103 93859 36891 70038 91891 55714 53606 48739 28975 38336 83519 13039 73960 83269 97850 83033 78974 7212 2568 84787 75598 80739 30750 69834 71510 
130
69147 74124 55792 4498 29873 29863 72543 67703 14506 66506 22479 53334 91467 77894 11001 90250 85556 71720 46097 74420 24022 53695 34204 48460 80287 82454 3864 3045 25012 91506 80103 69804 4223 48205 78805 45503 5025 81618 54013 70456 21507 84622 5271 24294 25707 7701 79142 59556 6925 24435 29220 36904 47997 59973 83729 303 49129 87304 90827 51870 90909 74852 79205 47167 46422 22608 76953 4713 11738 71239 32066 70287 46300 10125 58931 61273 90419 13983 29661 37456 969 88234 65688 85172 35515 20079 25587 35508 42753 57990 57118 14072 62358 47087 69460 21405 54853 62898 10350 30602 89046 60849 28334 92759 17666 71752 91971 55889 99808 3770 36859 457 68649 55506 40936 81368 71553 58805 42715 63613 57176 60960 21217 92742 53946 85536 97843 84549 94907 392 
105
22397 64081 10167 8700 16839 23433 4250 42240 34308 85562 72637 8167 72796 94270 51664 11787 36590 54712 47047 97501 43096 45230 4086 20082 32525 57311 77545 94728 4142 48053 57368 57643 34068 87434 62035 9228 97121 3822 31557 59369 12551 91266 32989 50586 35773 37220 86223 84857 30095 83155 73944 92507 85988 57217 40715 94259 62779 2524 37020 87350 81126 27550 34116 46438 3223 18696 84194 47344 11199 40761 5804 3737 9185 73304 20976 85260 22659 68429 46930 13483 58104 91132 58193 60251 73112 163 52603 67906 1843 76750 49951 49811 93273 15769 68565 51994 72723 66541 83769 4229 6447 69497 90986 51701 2548 
212
95221 24957 9482 67010 17490 79406 10465 99996 14799 6731 88419 79479 75571 53381 34648 9912 18777 21884 85823 36582 97741 12032 25407 14676 86671 66858 57150 92997 20222 14325 54204 45224 42984 48061 26113 48178 7641 31172 47067 41496 70768 29383 95064 25236 70774 95481 80881 95570 32719 98882 81056 80130 97048 40560 34002 17321 96458 69820 3660 75864 52191 25401 45701 59909 55133 55497 7374 16689 86978 31691 3250 81195 24931 48815 945 24589 99934 84663 59388 72340 24336 40999 50955 47809 4256 26860 85661 68023 55203 18999 71704 79222 44551 48842 2252 13575 22196 36264 70106 23727 67816 92512 40576 25707 1631 20823 65922 69790 60644 70546 42950 88226 48308 84090 98785 86486 66926 78009 2255 23622 61224 40830 8455 23584 12960 82850 13217 18139 36146 24139 74831 95465 42621 52772 92668 25246 49904 59458 80014 77342 19988 85584 24902 34307 87075 33665 62255 74145 41761 5798 13400 47043 76530 86909 88661 81323 83190 9619 27468 35674 98224 63576 73458 26289 6140 93065 49285 53111 48932 74962 83339 18364 18822 49593 61081 98929 22808 23196 26885 99339 50004 86664 8660 74933 43398 4289 15962 91874 22877 13637 70099 76016 22682 7591 57744 85466 91232 84310 57628 79199 59862 34722 6077 71038 80117 48801 57061 88059 13927 47716 65506 95771 
200
96441 11382 17557 2886 89538 92917 56460 92622 26524 31431 8414 29447 15229 40021 263 64210 86102 42395 27945 3848 19229 34749 46109 95160 79225 92932 21754 65412 36838 38434 37228 46775 16407 54949 96980 4365 45891 89021 85347 55748 89342 77098 35000 5887 13763 9070 54299 6888 52853 8636 93538 50748 65870 53278 42132 69090 10245 27158 74404 53473 3720 91365 39104 75081 3048 63997 795 8718 22834 3825 16919 61013 43614 89492 54734 25202 76250 11854 58054 97918 27897 25825 12184 71243 53554 94249 9736 16800 70095 72541 47185 28129 60363 75053 88062 42190 65372 16571 37344 70220 22715 98089 4395 38823 56405 42297 49613 30830 18634 80193 95471 25867 93715 60877 85363 37168 49068 94908 79540 85778 70361 55535 30413 41253 75089 91753 45670 56491 95731 78317 41142 38038 87015 75456 20527 87509 38270 75435 18301 77178 48463 84769 41271 40925 50599 52684 20507 3365 80003 99617 87763 284 78833 44787 49123 10157 29321 80466 93577 35052 57858 30600 31349 592 98440 31889 40961 65477 93347 40129 51500 43070 20033 69808 13747 72639 91671 14110 61640 84172 95002 44200 93314 47307 55201 27505 37014 81980 71026 44694 31879 96503 54932 91299 96142 21711 78954 54005 5327 10652 
132
3251 16489 2785 47104 60330 11779 33828 12160 67842 74852 42786 50191 69630 68435 67790 19381 83684 90619 33139 56538 61093 37362 56466 66599 33648 3114 52339 15592 4011 57612 87741 83927 61714 26899 26421 90802 35603 56674 33051 65318 40009 40883 97374 53409 21000 79807 98512 49237 29364 73976 20471 28297 9141 20193 44432 22439 14721 75238 44617 67151 68631 50651 78051 30209 56800 65964 14371 69370 13670 86297 29670 62910 44742 65667 59397 12093 41196 56096 74091 2266 93365 78305 40332 16782 94795 23901 70588 66475 26447 31088 82382 57497 49250 16829 66733 40505 54781 95672 29003 95399 94803 70989 14546 73892 81782 57901 76438 92584 90043 71426 93424 49542 55620 29055 11638 81663 11309 63906 55628 73858 57899 55209 18706 75844 20669 85335 86125 17830 44601 273 55630 13019 
24
74646 32173 75965 3402 33139 76055 80330 80842 18849 20993 11993 74076 25703 8071 4774 62379 12129 94421 3517 8984 35328 33252 79097 33992 
50
1194 2501 67725 98627 11293 24003 57570 53411 56867 12783 80740 67361 43891 94827 3201 6089 87845 92267 77034 69101 96777 48761 82485 33613 31618 82894 58439 88474 22625 21186 83935 11132 3147 94923 78421 70835 25660 4075 75737 78354 86240 54307 68762 14110 6105 37991 72414 37828 17819 65000 
307
62866 36924 30154 36988 57960 61811 33354 45821 14906 84205 85453 88395 94328 35936 49767 20515 69275 82399 53607 67945 36118 98050 41054 33794 90129 12823 59720 55090 48280 88677 43725 57183 88286 63171 78494 18837 30082 30667 88912 29612 87348 72034 6826 76357 39371 90018 22761 17623 78596 35131 57903 24972 38751 4314 13188 39369 52052 20930 12900 29674 67433 51612 25042 86719 11920 46372 52788 20884 16614 60513 14844 19632 18664 18828 98150 77651 56532 24048 62474 89288 866 83900 27436 64721 61449 45508 89470 84951 59477 20032 74266 16496 340 81742 9761 50286 42592 84549 5420 99307 20706 59388 1283 79091 24531 12715 895 48756 60072 49630 20005 64753 1340 34032 67723 74685 24540 51117 30784 93449 28922 78908 8934 72328 6333 55185 45766 74887 13576 81675 79780 93020 61700 60707 17089 73431 93807 1232 35149 67946 53898 99335 17216 6996 58501 21735 39062 87279 66208 52930 49874 21500 98494 80703 80269 28754 44104 8893 96054 62706 75735 87871 17522 3162 31678 31366 28141 64437 83842 61194 96883 75227 3061 42889 51339 64251 89219 23124 14758 66425 85736 8728 87159 57331 19236 41811 90357 88140 2061 29700 88962 52966 19016 89500 39491 50131 59709 75741 81034 6698 41061 51474 68001 63815 98907 4333 96652 45276 13440 47596 99219 84171 20162 56696 47599 34597 10904 53733 31636 67895 2685 42527 6120 5845 84464 7074 48476 59373 13490 39866 51111 88183 63333 95546 55828 39410 53683 86674 38151 22781 27824 65542 57935 7189 8636 51109 15295 14402 37168 66451 31182 15299 12525 70522 27533 53881 56908 84480 14493 86516 8670 9074 38248 35482 27515 40819 15994 30554 99910 91315 78351 7354 58709 62394 71184 39818 87039 83517 82051 12804 96342 10130 73083 85750 60783 56977 18665 89321 93850 96853 52185 22219 66596 1045 6392 92775 70471 98744 44942 72276 52829 74936 70763 61827 72003 78425 12112 
39
84858 26124 60333 71165 65376 52806 49374 2308 48378 14402 8983 45074 60980 65859 6161 39566 97452 66793 27721 60541 52684 92552 41125 90460 66545 37429 10132 45135 91533 59207 38919 53048 40387 11096 23010 13194 25721 86589 66169 
309
88767 58888 88192 88631 30711 18866 9605 84424 22134 32423 1287 85328 86018 27693 57857 43352 18622 69033 27123 74569 76442 41903 34970 45498 6724 68377 23809 78654 6626 83175 75325 5654 98516 60812 1268 99798 61024 95235 17311 23174 89668 27557 92549 29042 49331 15924 85983 21483 53381 75861 29191 35400 60548 68443 7377 73347 81903 51992 82525 56684 2040 23125 28358 80713 43122 40852 58074 55992 81404 32646 13835 23611 16534 21389 58113 53434 66706 98033 11998 83563 34514 61 24617 69981 72445 85747 6509 72159 77770 15448 860 55542 52607 41472 86619 55561 20815 27355 47935 58660 21770 97322 26013 67841 65873 2464 64074 59000 17441 73764 3930 58391 65184 37765 19829 47110 63610 7612 95652 82649 29456 98457 91007 30487 41415 89273 44838 98627 53690 40638 34458 54915 30987 16923 26401 12109 60446 44537 49959 50577 83245 16132 58345 28620 50484 9857 8724 62671 91887 55531 12855 73917 23820 28073 10792 72176 9918 53963 72961 99710 19635 82592 54602 82333 67077 1760 81222 27629 9878 55203 98316 56698 11523 78804 11270 62293 96597 496 40818 65693 57813 44578 18264 6678 7315 40720 74082 45825 20540 65805 59578 11289 84205 90847 88774 19746 58036 88491 64390 77743 60441 76152 3581 41441 9985 91784 95848 84008 77962 72121 56918 79932 21946 16518 8901 94201 24991 44709 52102 32063 48267 68897 65281 18501 61909 95014 76125 11787 96219 45569 19197 17100 72458 21286 14491 18499 55567 79207 34652 88051 94115 48388 76561 23554 22440 71522 36765 78603 81801 18672 36135 95263 22776 4605 43565 94319 59536 50380 34202 30556 13021 10998 86358 51075 86381 12081 6213 52152 74594 23613 62231 79028 85959 74588 23768 55696 91690 26232 39842 17726 32037 92079 99194 81762 82614 48826 70737 50809 84912 97107 75629 2912 72177 21168 19135 87 72044 92798 91766 66366 24034 15720 30831 84345 49537 96528 11382 67219 44629 
198
56546 38040 2603 96274 83794 80798 50855 39596 22174 57740 35727 76882 64696 28218 72616 82933 30021 92079 63107 82782 29457 12098 41959 52396 3198 5388 43085 71866 80052 73735 40078 55422 46793 42976 70654 57452 70606 57748 16313 96376 22300 40030 12117 68160 57357 41600 77425 22706 45449 95733 128 64574 86913 33874 90985 89663 9945 82258 92983 90402 97822 26954 92984 86769 65321 71281 48334 43380 69241 46111 87179 29876 81912 85017 93855 65425 25404 345 3707 74789 13473 35539 31265 70416 31231 15768 65611 37218 45007 54208 88319 90504 56853 63902 92790 64644 36601 71492 50650 80495 41161 15718 78752 37591 697 21575 44595 95099 64082 33349 33717 40784 58527 53176 89608 34336 64938 35530 61043 11884 5405 27340 95122 63032 54456 22312 50280 35934 83833 23633 81270 80778 69395 85920 21525 2784 78230 22493 35787 96852 29621 42100 9233 49679 28711 2099 77394 93436 84034 9423 38661 87579 29422 99759 16031 69759 90556 1847 43030 4453 7043 18041 52337 9326 30380 68632 91807 77346 71187 52515 55686 46429 55208 42757 54829 32254 89270 94938 97225 78608 73150 61543 45170 42846 42088 80242 92642 81364 68005 15995 19366 55342 46454 2966 21629 68668 52673 23205 
154
13458 37791 53040 75266 79471 26455 3713 9541 7051 72032 41387 84168 83302 7392 61350 62087 44924 94024 69960 66193 89861 58621 30798 44017 74487 10299 27932 16219 11638 71210 34526 27797 4658 69946 54890 44506 25683 91969 60610 42164 98368 53632 72842 70754 72039 31543 25641 45717 4195 54538 62853 47658 87249 56424 7992 85548 67872 45180 12492 88533 918 27783 36102 13588 47197 9456 73421 94967 17205 88483 41059 16 64970 60206 7750 80770 31783 11504 77466 93319 20291 12997 3028 74543 27083 94849 96503 74778 61830 27276 72592 70008 85476 63848 49059 49858 2179 600 26251 69320 6481 88896 1672 20458 23407 36095 7624 61282 19725 43083 11571 60350 98907 42545 79057 95526 46743 23066 40024 11779 99400 27437 25332 56748 78181 43936 79054 42802 54310 1530 11476 132 29072 30389 5519 86192 29265 35375 63724 48206 74538 95125 21976 57518 25385 69035 6005 58198 56971 11133 58567 32107 91333 3013 
54
92584 3329 9254 52444 86120 88885 67641 40600 26693 75306 77965 27735 59619 63303 77675 1574 20020 4356 15899 95640 96155 38879 22602 66442 88561 77811 3858 38495 72203 56515 29009 77730 12094 70728 99907 31770 44241 61625 97316 67077 55496 12643 90745 31198 20457 17759 18827 15449 667 54040 83546 75753 1700 74725 
294
44637 90679 70170 77749 65402 75129 3476 54351 74988 17485 10045 4762 92959 81864 62982 26248 8671 9506 54470 97974 96105 81291 47932 70785 92651 82434 61087 13001 55972 98643 78335 21936 63557 99412 83787 4596 30239 22777 80069 49798 67963 65560 63631 90360 25462 95920 90673 70054 73540 45007 17908 56280 55081 44668 2608 97268 28229 9779 60589 7315 55094 42121 96340 87456 58137 5390 96583 31782 43628 86946 42039 45721 7637 53007 25382 52173 8114 86375 97342 68376 94831 14818 54746 68617 66501 97564 71803 18420 31 89954 91109 27953 208 29412 97694 24608 31851 70290 49180 14573 84247 90298 73185 98720 5558 49555 75290 8070 6253 14856 36894 70306 73507 87102 85720 23775 2372 66425 16871 87765 81594 22063 35102 2299 46867 59469 15763 60298 52008 17152 56000 11678 33495 44425 96840 81708 46087 27023 34571 5479 3018 42713 35521 30823 36265 58517 23399 73671 78128 71249 52740 79719 13856 39258 11381 57945 46736 81415 64317 68131 72150 64659 54066 98961 27538 48537 5752 88214 23293 79086 92697 2992 54275 28685 47192 76232 41146 81139 61698 61720 92640 43295 12121 95286 85719 57304 76316 79568 67955 25422 75543 71744 71518 35808 7421 68552 26537 51782 98634 54004 94381 29026 26228 21808 79980 1282 4172 48234 29162 67225 89089 10924 50057 49351 6025 26325 5059 65360 2986 78664 84995 24642 79033 70446 69628 40986 8275 50264 99737 73315 89656 50873 52046 41893 30745 14428 66572 17159 75314 47040 5906 90230 15165 45513 84804 37157 73415 25446 38992 94751 49035 84853 23568 18717 47777 18160 2245 10080 83742 62575 21970 10200 16240 4946 94794 69775 36905 8195 37078 67084 56143 82553 97869 93187 60949 60818 20259 48102 6639 7917 9582 78888 11252 74708 67686 1869 42105 9332 30277 2290 13017 71431 20911 24237 
211
76815 69652 28336 9348 87297 41809 89345 79191 20930 78169 89099 85064 49337 1942 42153 99735 63961 15491 58186 88124 23387 28760 91514 87691 22021 603 15966 77219 97104 40234 15814 28802 88474 53179 92979 5952 66051 89112 77671 26365 69482 71322 46922 93843 4604 89226 42688 70338 50496 48296 45890 33520 87204 75038 45051 27349 44917 17542 32534 9153 7414 51633 51245 26077 25390 82087 33405 24444 49911 26272 83435 36469 42007 50873 68661 81810 49398 37309 64210 63815 23225 67938 33077 58952 85870 52292 47100 60641 65416 30379 3630 89943 40255 56406 44162 33266 21561 12358 62957 7205 61883 23533 6833 76594 90528 22129 89953 80142 48255 31169 85904 53825 2959 67018 48472 57458 74955 55475 2856 12056 99504 22258 48769 12855 83381 53073 97189 5214 30923 64880 60189 75071 73863 9945 56279 32724 28933 16098 86913 78349 43945 16583 32370 62046 90940 28814 86987 71655 59091 22975 76958 22188 14396 49174 49528 70141 21595 36608 19325 47114 69727 21327 17424 54585 71331 21516 57377 83845 44298 53240 47658 22329 60088 21475 96234 94754 63184 76152 52195 71369 43972 36345 43188 18578 94139 88932 23227 83842 96897 58212 76847 25703 60109 40282 35688 43759 2042 1327 2596 26596 63281 15855 27200 85439 63072 54501 82294 30983 2077 49009 36772 
309
29197 69872 4288 746 74740 68361 53795 46202 23617 52572 29811 2341 47712 11126 2646 21379 35305 4314 11901 82234 64889 4808 61576 85103 67885 54367 49288 2073 38184 59037 47455 51099 78841 37956 4515 97026 76951 74319 90044 77935 91780 31114 80302 79521 57866 90687 6653 16214 24343 22078 97976 48229 884 8080 55879 36004 30357 47527 74129 25432 90765 98631 72660 37365 37160 31011 86855 68858 99422 32761 84485 92870 25459 77647 86584 59391 15478 33376 26857 74418 63945 39650 79958 60706 64147 38800 4138 42551 11598 15077 89132 20145 63030 11871 30731 35892 91390 35938 75121 11 48986 70498 48359 80103 44954 80742 58900 37841 45692 70949 20517 40627 28683 52950 23276 89285 10695 44085 45183 70904 76391 9325 80632 6040 68520 85821 9694 335 98506 10874 96929 46812 59852 70640 32106 73693 36966 68507 71992 90022 24774 82118 97328 91788 81432 45575 4109 64544 98005 36031 96085 48628 90910 40108 56112 55060 78509 42320 42617 46975 94906 46371 28023 97875 56237 67787 1810 6541 55355 72506 36467 43100 37635 97269 33776 34751 32658 63392 16149 43035 41707 5813 61706 73044 85760 30646 31907 29828 20348 78067 75036 69189 19960 18354 44007 85662 80971 34982 69140 32687 98230 78505 40449 71480 57922 5280 86454 97679 69690 9410 83646 81338 49230 55139 29621 81689 26572 54945 75979 97813 85493 73297 87203 55851 87399 10159 95289 93387 26369 2990 49312 45543 95967 5192 21242 23288 90985 62771 10804 61353 68912 30042 7930 18571 4926 10319 49101 89415 24420 36144 12401 13724 41335 41823 95463 57540 49676 34032 95950 38340 85162 39683 56568 78561 6318 18242 82468 44830 81177 79936 75575 77516 80808 82211 49122 37877 92710 78612 38643 48717 39087 69001 64077 46362 21760 24814 81096 29914 92266 7152 47398 86268 82864 85456 86645 81570 33401 79257 30560 14956 170 83285 96621 31182 13359 64004 20601 50658 21193 
265
18987 72252 96534 58746 47757 8591 16443 11760 39046 36429 23337 5988 85246 25520 23426 33194 76911 35841 68708 61973 34959 26262 51760 40185 5506 818 75537 29319 28354 55164 55512 66239 77471 60629 57371 93224 20279 68254 10698 80898 77618 9287 2108 7103 37036 19793 64748 75044 80124 41170 92372 45536 52838 73017 9260 18377 29112 35626 29845 85055 2790 72819 61968 14343 29861 67516 40573 14038 48250 13457 95684 20575 83979 87046 45137 16252 50029 81438 50964 85952 99687 88315 42579 24788 14181 70744 27469 51078 14681 13559 34233 49687 34099 15730 41244 86252 94856 27103 69826 21736 19997 23172 11453 87444 25711 51115 43257 37148 78779 20211 17345 44708 64758 82607 38311 17680 5645 9610 82112 49780 60411 95471 56945 53570 98046 4273 39810 36793 8953 78920 27960 54060 71585 6265 83052 2126 74642 49292 31311 42436 54899 27364 9824 81693 13745 14837 16327 601 35250 11716 27151 71202 80492 14721 76131 91868 90592 39355 18473 2589 13948 740 33898 43685 52851 3959 21068 84084 79110 15427 49122 94617 81126 17714 69395 77903 12943 37180 40713 37993 51238 68894 41627 96189 43289 10288 12673 32634 27565 5994 55285 15494 80181 93887 5764 40696 56254 18777 32576 15720 8457 85716 94294 19179 26168 5740 15860 41805 67728 47171 78448 62939 6796 64609 49785 80866 50519 21919 87357 1994 36004 40912 76011 85487 88732 13655 31351 10553 37597 42945 52017 40168 15641 43393 19352 15112 7833 8351 93300 49434 72113 31740 2751 65767 54573 36516 84703 44750 57556 29604 91743 4168 37150 7707 86680 31377 39741 64156 30658 39321 15413 61434 86210 59549 4300 
190
29260 34946 147 97630 88673 52309 74098 9649 69648 58558 50276 80970 33314 56694 26076 84806 4543 61732 56027 76034 42335 73120 56732 21816 58757 79085 7315 74594 14543 19193 90372 22663 22185 72534 17316 22131 37297 81829 91628 13693 19408 42791 79267 4516 83696 46368 52697 50561 11014 50098 14857 45588 78857 60550 83481 83881 54828 74785 62820 75967 66049 8343 77982 69882 69555 71328 10806 91918 466 68216 33800 30066 33990 58818 48582 56948 39479 67816 87159 93121 521 34005 45455 37957 12978 9422 74876 64689 7853 7670 25830 82340 27708 74604 560 94743 50370 67475 93246 61741 13577 21096 80617 83650 16579 18628 77892 32808 76801 90104 10934 39230 4181 42737 32578 26055 29231 16447 68214 75121 51001 82830 53398 72251 43619 68240 17854 19245 5810 91338 13856 47959 96395 28363 6065 36098 2598 43325 12007 5821 35597 90217 98671 62659 21696 63806 8764 62177 83992 98322 58486 37022 4635 60477 43985 58903 67313 37864 36974 85687 21286 68436 92343 13168 73611 7492 53658 76547 54123 17751 53570 60607 70397 63550 78060 14618 30874 39025 40345 49767 84604 33646 65202 14703 81312 49130 91544 94477 49759 93969 
255
24464 42903 73320 43762 82550 63360 21880 14049 64154 2056 82821 2635 63686 39384 79642 37037 84210 11440 23773 68158 83256 84329 46441 20276 75138 48651 93374 55994 80981 79538 87964 32294 48625 80455 28957 593 23516 95909 3903 62751 2207 89666 69256 79140 51325 79376 77753 49091 10911 99808 37050 3758 58427 52247 62004 61437 95277 21232 64300 20814 46862 68893 49328 26228 87901 17466 20195 97561 50264 36405 92006 93641 77134 36016 84452 43448 63614 87133 76712 23444 46419 8820 75576 67864 40343 47075 89733 58815 90743 94837 30640 42943 25443 71736 59300 51316 39292 12706 15241 21872 69375 48266 5732 12180 20471 37685 41790 73098 5182 99241 46953 29518 24295 33553 47157 61362 22568 8860 74991 95978 6153 83487 78848 19247 31892 36509 71563 27371 57584 17459 32034 49676 11055 77152 82017 31686 19197 90243 79704 15602 26595 65877 45526 8213 41365 37610 77408 83307 61118 5538 39974 57707 56258 41668 25789 38908 36184 66046 82412 29079 23688 50729 50772 36967 27218 63850 24124 14606 3580 97390 99361 77151 48035 14131 34010 95301 62445 16282 40091 29552 31280 55183 37268 27316 24755 24849 96299 86066 22989 734 19347 6490 8693 33128 80433 38490 29748 25892 89102 60730 62001 55141 29995 45290 99225 60776 85580 95009 22701 84303 87113 26284 35036 45079 30192 81219 54478 37831 70784 80869 28063 28060 89422 6602 64572 7267 79465 9036 70318 80104 14637 9978 83594 16525 25629 46018 28623 7117 62926 50591 96742 11829 69465 14751 52202 62908 95484 66132 74944 92448 20178 45828 58977 67767 84580 
307
68513 687 43180 38117 75987 65345 20383 7957 12738 67671 36102 26952 31254 29674 93935 63768 12271 61024 46623 16807 82039 30097 86767 94878 69866 17187 89852 28016 13066 5755 87231 10436 53146 86668 96910 36466 42965 47446 28300 20231 78563 38421 65576 35025 69082 52297 49478 11515 72549 51182 25884 39333 91868 79430 12028 4552 26526 38090 63149 8039 38921 16140 72680 72554 62009 4049 58976 11849 1665 58682 11704 37989 23155 99251 58551 25689 56735 94355 72872 71658 70484 3957 23836 79137 18756 79168 30133 71308 17836 36441 9295 40924 23288 77248 50013 60257 88119 25842 72797 26635 10325 26080 33636 82629 75200 35786 67411 2958 95038 4065 50645 22113 52007 65376 86025 5688 1136 98452 4223 36079 99523 69251 70023 81643 66951 26441 73870 45114 33210 10397 40491 258 69426 3551 44192 24638 1734 13268 33856 8041 15913 64516 47161 82305 21302 50721 18798 42527 87771 84992 38920 8359 23305 9045 38785 30820 64657 40742 4814 68856 73406 67281 38131 61804 26347 98426 9692 32676 29972 7776 52809 63246 54736 3321 62968 19539 98828 78347 8226 3049 46726 57918 33881 75588 62334 68726 77651 38844 92440 48578 94402 60961 16875 3376 47796 12074 4220 54672 48254 12326 70478 210 88738 49233 28208 48395 30412 82887 26168 10244 45254 15533 80706 177 49029 75859 64751 83290 6026 32719 13073 64667 73169 10785 19227 92879 48051 36823 30681 71378 86356 28185 51139 46579 58042 32708 51457 87526 73419 6558 33591 73133 86749 54492 87860 31686 21964 25199 29781 66363 28326 39380 35062 60811 12626 38095 53760 48885 56079 96916 72048 31222 48223 96866 17594 36545 83541 54587 95985 78391 25206 18227 80344 34826 80872 38423 77880 85756 27274 80171 58310 97965 56982 79448 58832 75999 80886 7366 65983 13245 74345 20546 9210 64106 37716 86364 85310 12473 90629 58757 51598 37856 26064 62300 53848 29162 70064 
210
61664 35400 60661 75124 74284 27257 95320 17828 50077 69412 59993 95114 35353 28909 42440 39236 82896 95373 61828 24880 61906 9176 42716 85763 53720 47602 97069 26104 83657 54755 11533 54015 35773 18566 33142 54069 97057 60036 36008 74268 6287 63996 17967 49859 34256 3028 91214 87692 62678 32964 58921 58639 49378 5253 87172 71522 7524 93534 75640 42214 37903 81602 84779 52946 95833 54263 56989 5192 90270 13449 94957 76315 88763 55662 86200 79628 46460 47679 21657 30168 10743 90923 50032 34191 23152 5774 96810 61097 58040 87933 60490 61782 28951 92984 98457 80006 67320 95681 69368 91083 21034 89704 38597 94397 83171 43320 45444 4229 83332 4958 2199 43660 64986 1991 73806 2774 77238 43485 23024 29401 50782 6240 65364 72631 19960 14044 6675 16482 67444 50737 32792 78571 98564 95315 82557 20441 49522 10131 86803 93236 54027 55331 39022 18006 19018 35605 94994 43025 12857 856 42646 33641 76613 70793 55560 71566 41887 87265 6121 14413 76809 79030 37832 77345 79260 59903 30588 73238 99058 51375 36826 4301 52818 53568 33529 80841 42924 86580 14504 80682 31245 48734 99328 37080 19725 41157 29549 61969 31616 19937 45789 67734 83664 47327 11085 58335 51376 66063 70777 47414 32803 22717 45965 92262 288 34845 83387 67125 56904 23283 
217
13620 57819 28625 98604 23947 63806 67738 96789 82223 79185 25391 8910 64142 69153 6638 87394 89424 78408 4491 65477 91052 41282 98065 16444 70348 39624 44598 63798 89755 58649 43512 67385 83302 27241 80979 47510 18432 62411 93076 28029 77724 22238 25997 62163 2641 18386 29298 22237 44752 47561 51730 71027 51997 22068 87251 76719 20244 27663 57161 28233 41022 38402 89636 13260 51351 37368 95164 74281 18417 84857 92045 9572 10072 49312 76276 3603 88093 70620 30363 9483 44561 30506 74342 18758 93537 10861 30620 94934 28841 81725 46000 9562 13472 35583 16874 43408 20354 37039 88607 28222 8478 75638 69806 30421 96881 88086 28574 15667 12145 32441 4091 51076 44566 30517 1215 97019 48286 40107 68507 57977 25124 7768 81169 60060 44929 51583 93484 19288 99799 54504 29349 73508 49235 61120 12366 5451 56830 35764 53228 30566 82818 5907 93121 1859 53289 97666 40281 26051 41837 663 1179 20621 78030 72081 72870 92546 12337 21919 64882 67630 74030 93254 3012 16281 62115 68547 86619 85461 13032 61986 69515 64907 32219 26387 19530 370 51908 82753 82620 32493 8674 38908 9560 59594 30063 54672 26616 94052 24763 88668 98055 41863 44007 97316 49464 14863 1342 28526 81537 23586 44164 31953 10287 52242 70993 47581 1096 18736 64815 34123 19656 213 25036 88196 9677 17804 57475 
74
10963 20150 46271 28019 22781 15593 7600 71306 24910 41617 34505 90772 70230 25403 71690 20348 3709 66397 69576 44561 43819 75835 7162 61104 59785 1872 46950 10651 49519 59004 70947 77952 83308 9034 86611 24519 32532 21851 29568 35566 44172 54127 87830 53149 87651 49246 10641 16498 58074 61508 62327 50102 31497 40465 55267 63090 85872 81903 45327 23184 53240 6686 58720 17017 72066 36436 86068 3650 41813 78855 65381 28957 90533 27694 
67
93551 25805 98525 36931 28924 49441 75002 13935 49227 13679 36771 51476 81428 65205 93103 40619 87625 61226 11474 23439 15570 20978 89923 21854 89375 17545 57424 62141 30381 16729 52787 14063 70608 82400 35342 56303 52074 86792 6475 76104 23225 51224 88336 1955 56443 34462 97541 54755 31199 80850 29536 73531 41666 31821 59709 31737 73762 61073 35534 92080 92978 71525 25166 17028 6709 71678 44560 
107
16492 64667 97323 19290 30916 14798 75124 97934 23384 15759 73874 27064 31032 44852 58319 26905 74470 50495 6207 81906 63433 39352 41815 67611 37436 41999 31355 64373 54065 42218 12175 66089 53614 32982 94690 98319 82117 34407 50213 15223 75730 99560 7382 37340 11951 41425 96658 13855 35436 41139 61561 23746 67217 66625 9085 57770 4485 58775 85258 91886 63195 17681 36636 87120 48838 91149 59525 18390 37030 90895 53281 82795 71105 65074 30963 80874 95936 99846 96239 69443 87063 47252 39819 5976 83498 60180 48151 81663 19544 6103 31300 42960 40741 69887 64347 17272 76475 47207 66501 78023 27961 55538 31886 24581 5449 34622 91153 
82
84110 78029 29628 4972 35799 25637 13722 41979 51127 57823 50824 88201 45391 33078 15895 43716 7927 64085 9337 2099 8893 40062 22016 67569 51690 85957 26896 72215 89918 62766 61000 18808 89027 72681 2811 9734 14256 61153 8205 54065 30083 63863 68440 71289 53380 74927 51235 42559 65961 65222 52169 78697 62852 28775 16094 93193 12915 43228 54842 98649 26223 3870 16446 33761 20765 3308 57717 3663 93855 24320 73651 52010 94761 38897 17240 77464 89515 86305 30902 8086 54620 74552 
172
60930 66202 28286 54261 54433 59400 69775 31734 35545 57663 10105 79156 17816 4030 4043 95305 90324 22984 89133 94356 42534 26630 10169 30237 83827 6246 88394 90446 77650 80994 7445 56677 54307 98991 22517 83398 26375 34507 52262 31862 46008 62881 7252 7103 33280 63653 52532 3344 22398 38226 95356 2365 53162 9905 17561 70687 77505 3161 69001 48968 89065 18486 47934 94391 36606 40756 40282 40182 98467 49700 74491 90393 53786 22810 68365 12078 28302 28173 37237 46205 23981 55275 25374 74585 25990 6756 16659 55886 21036 67466 89164 84124 62277 81819 81561 89317 49708 57544 90628 32970 32994 33780 61524 93621 39141 71660 94914 7262 69789 81543 97913 80594 53999 55223 41774 41713 22775 5109 87893 74726 53776 19329 81633 5068 37477 16854 74249 30607 23578 50951 23057 42111 17182 8065 20020 56735 56134 75878 8864 62628 49673 91433 20394 12228 73747 75400 14488 62190 96301 32896 23284 47696 7721 17271 78579 15438 76624 32373 82851 21272 3178 17677 19402 90393 57438 31985 30678 286 12902 9653 44864 87757 
145
21202 93541 37458 99762 24923 82157 52132 37108 98870 7889 57559 34356 88345 7241 31409 57475 52558 36085 9637 60132 20909 95315 77456 80652 29671 93536 82934 75745 64337 59451 83593 44585 53771 89877 59071 28162 55221 1533 61281 24169 39491 1609 20676 57128 44542 68764 7697 15187 70156 69132 9463 35766 9849 89090 46119 28191 94781 85169 55048 95020 23486 85535 29855 47930 27151 92401 36417 31379 81673 69919 2101 16425 61537 53747 94217 51411 98720 75621 18601 55128 86838 79428 58717 11719 502 43956 31441 33360 45589 64524 98141 55260 92275 92923 71638 58810 43878 44471 83168 56173 71638 20836 21607 52444 46659 12581 73588 66943 72483 66627 71919 39686 28028 72008 38151 26418 61784 31442 64929 66202 38275 77528 565 73925 26532 91514 76266 49065 45242 18377 43357 2728 58306 60122 78161 45208 14958 1520 53352 39071 74875 26972 32036 52675 60185 
11
91500 25413 22415 97633 49485 70970 7915 15125 53772 67911 73048 
189
74817 46188 33415 83086 58181 86045 98537 44351 5872 48380 70563 32351 88544 81249 29566 39831 39432 33302 92945 96440 48943 30805 32044 4252 30471 42782 34642 27068 12333 28185 51055 51249 17342 36191 17321 76279 41434 92244 11367 41966 61190 41758 43071 91826 81850 99283 48288 9545 94046 37276 49601 64625 530 67052 46820 6777 46203 25933 85852 62683 99600 37570 53872 70524 65063 36076 19243 81093 24904 3882 79608 92484 86074 87603 37682 99916 28654 20531 198 44850 60688 80629 82070 57227 99271 51142 16149 57589 82254 28520 9866 48922 27493 32087 88166 94387 49960 40265 73103 9013 43512 81784 97116 99529 29976 15159 18042 10170 65471 3919 76831 98267 13091 61313 4594 91679 41374 45808 50428 49075 2932 33543 5213 24115 50635 87339 43378 60121 86114 79297 91225 17861 35615 51713 39786 6416 53506 92504 62385 82275 18328 80405 48404 58264 6150 18615 32365 76075 16688 20346 92092 2788 91295 98484 61103 62771 22072 33324 27933 36876 13315 992 65522 13699 2942 4115 53217 34203 45635 81718 20126 98125 45660 41678 5426 50255 52679 46005 35214 27212 68338 52611 303 26049 60864 68471 53880 12597 62532 
80
68879 99538 95277 16146 3060 15759 56648 53504 4840 53424 65771 85721 57342 5779 30614 35130 17805 61121 62122 9557 61169 23183 45741 26783 93084 41175 27506 24053 49518 97607 11644 26299 34321 26631 18777 97033 70655 76181 3128 74871 21208 12255 2922 82741 29167 84404 96449 40790 74550 47816 69707 30008 81274 9312 19435 26783 27364 57090 86952 81812 8938 43452 93433 78240 2729 80805 59523 63783 1450 6758 2979 3626 38905 31116 71753 12208 79254 97284 26820 12834 
113
75059 45515 48802 92090 21427 97857 2332 15075 5290 65488 24164 76119 16892 3772 38838 39987 71026 946 88258 35573 20441 60749 13620 29328 70368 12510 95444 84951 27568 43016 78997 14102 12669 81065 1328 30287 29348 53332 94097 78427 52933 40777 7581 57940 62516 46535 89961 10815 17422 82900 25314 31825 15827 61512 72770 64114 78682 91143 89024 82873 59417 59753 5995 86990 96377 50606 77645 74847 11226 17664 69709 20380 46923 98866 54673 53806 86644 51916 87810 23776 15352 59031 96101 44332 53682 38225 76421 13782 39364 67259 42577 50513 17321 54045 11660 75254 97821 15975 31091 51528 824 57507 43432 79384 3418 19388 51281 71317 99605 31090 44215 57393 71156 
38
88111 86559 96039 33885 29785 94823 76472 1542 98345 20838 74702 82962 40009 89469 98209 65662 86978 47479 63041 87451 59366 26955 15105 49725 43831 82759 54452 49333 16688 95875 79254 95561 54747 31251 75444 52948 89668 44401 
148
7701 53556 70279 14276 54557 74214 30821 68757 51060 96697 69065 12144 28504 1406 27782 21003 95016 84964 18225 87780 13999 8247 85943 98238 63685 46477 8102 39761 57974 81164 7840 43490 3875 34102 41227 87979 24280 30460 53665 39081 26157 46695 4069 37550 84465 5124 67822 52601 9931 38559 27112 4316 56233 71966 74078 24801 43280 10766 10160 23545 18571 78414 80812 66137 16681 26379 33357 87736 63462 6833 80842 4006 91787 27365 13540 86572 74164 33525 80651 51419 32829 59307 41920 62370 51131 42242 92054 81629 314 82176 85086 73200 74669 19237 52411 4565 63314 46608 81037 73442 60113 71940 2036 3471 77245 9496 36836 56488 63851 29312 94840 63801 20659 29688 91549 48402 52809 43280 13823 19125 46790 71298 11326 6017 65729 8680 20095 62740 97781 64382 79651 10687 75241 86991 8783 61201 61201 36942 70304 23155 67007 41949 95521 18094 56398 14637 62490 7601 
288
92091 41440 6284 29012 63638 5303 86802 85862 23892 91317 4463 44470 80796 18083 9122 11857 8284 3106 54855 97604 69999 95385 10497 45413 27527 20365 9412 11932 15508 57520 77309 82284 76081 48590 90014 61722 97376 81547 6658 57289 30991 6017 1570 24287 1536 13170 49679 94008 94350 41132 58245 84388 43201 93737 63854 12188 11020 34536 81088 25536 53217 82449 63019 21170 25345 44460 80187 2912 59904 52224 46804 71894 25041 86346 97313 86536 81524 35751 67137 81681 63833 30380 77497 19807 65568 23811 48974 45507 2926 92561 38276 89126 14914 83621 39094 51450 19437 42109 3800 34781 57334 5949 5941 19639 15388 6218 2780 43575 41664 93340 56929 86375 83614 78467 33860 38500 21469 88460 83745 94756 45991 21560 11175 93403 28435 45271 37420 63510 14913 35374 66270 68216 4253 49025 20272 10872 27824 99030 92990 14408 72305 63490 18230 27366 15861 21974 1223 6342 82649 5715 30456 85201 76330 64987 86952 20796 90862 81878 63018 38507 70084 61898 9719 53049 96055 60763 93273 71956 60961 11032 63392 55417 98056 86902 88124 13110 56604 66086 4117 55553 69267 43582 38391 53777 94634 60842 77744 75034 36353 20502 27752 55910 24681 67530 67266 67706 94794 58006 84143 96539 23079 69507 45569 97952 45588 97534 14485 33095 19569 59233 37808 71959 71291 74848 66665 85877 12273 80973 72508 67778 98702 46820 19688 96409 36424 6247 17575 8921 3461 80079 81795 21947 61813 13109 82621 54161 36460 41297 98639 45162 49924 82604 35857 79740 14598 25381 70060 17082 98697 21382 91549 5816 53685 19899 1631 19847 6765 73645 92265 35227 62135 37967 87753 3642 92764 89664 73103 60711 32318 40793 68612 69166 95253 93727 74500 41134 4573 37591 3178 68496 5200 50232 21685 47094 49919 22650 78023 29101 
39
22295 8375 32144 95493 19049 46453 62815 16386 39563 26154 93192 23326 94956 99415 29195 75884 42420 20305 41587 85349 64498 85848 32398 99307 18035 40772 38599 44340 12243 25421 85245 81896 59870 16328 23521 25310 40724 13575 59008 
4
62391 37560 88892 5357 
277
73108 40634 34193 96066 8311 25262 17347 5084 65353 28504 67352 28457 60947 55876 58597 41777 70756 56181 56258 61947 49053 14590 92833 62149 33293 17616 98299 25330 54875 35616 27359 76398 92441 56719 94118 38818 76428 18756 38741 33921 22360 32840 48752 41273 29463 52374 86144 9583 98932 84217 40749 93887 13580 90779 54938 5904 95799 15405 50218 55384 80542 23465 16781 18507 56748 95160 87699 93798 40361 67646 49600 83155 54357 56100 61296 52395 21719 45537 82010 98403 58749 42728 55927 14100 16248 50152 35072 85908 52660 17349 22033 49604 25312 18635 62558 25433 94802 69342 62327 71493 59665 57668 65327 2113 89695 84626 86429 92585 95188 43483 52943 66172 45123 67016 1403 37650 27676 68650 45834 25195 93159 84515 31520 76503 43349 18342 95063 10027 60741 67280 21183 19684 39783 5751 16761 14434 22085 64961 31061 3605 86451 3684 44779 39429 88237 28550 39636 9934 72183 75724 11361 13813 59291 13356 83768 39720 63837 81652 78393 62912 75139 84308 98646 79353 86441 15028 91677 87078 24285 79286 68195 61488 27409 81647 51389 62691 10763 83576 96184 69077 4817 43096 66910 98771 76787 92887 55316 16358 14122 35999 50911 2673 81178 81181 27715 76312 36073 17770 82609 42461 25104 43753 70228 62573 60446 60957 44267 41969 58696 22667 89728 74215 47630 22172 58323 64516 60597 16923 3094 42909 22438 54119 91904 71907 36327 45643 39196 10593 41388 23422 93722 35346 80280 58034 35398 94390 43003 83171 40405 80856 94837 70977 1520 42215 84065 45330 82843 44971 84679 8970 9727 24240 88500 14587 66069 62235 92864 94020 4511 17595 61455 98458 52446 70394 95779 83902 78062 67145 3096 437 227 37282 52890 18862 61257 36742 91680 
244
86627 16770 35861 36476 71925 25581 44868 91790 66613 75469 84723 87198 78310 71141 18052 50237 50833 78498 49520 14528 39640 76765 42038 36496 27265 45856 17396 13878 39625 85924 88567 10870 7998 43482 47868 67804 23827 92649 12378 13909 54464 34092 55064 3346 55382 57123 17666 67229 59700 9165 6572 13483 42708 29106 33694 86477 18812 39763 69193 88484 5638 20640 92804 91141 39776 87761 9695 44287 99629 71677 96340 73078 60987 89396 85335 58613 86230 44207 2526 79529 80760 2434 64658 14335 24048 55226 86338 25044 17046 70703 8207 94616 25984 91064 48495 16504 1963 30526 56484 72716 8326 70001 22026 91385 49291 61897 62353 94868 73961 48826 18899 98927 44921 18430 88609 94382 36928 74493 77883 10737 90886 22610 14655 63 70151 32037 95878 28152 13695 74458 61858 93201 69163 11930 15414 26832 26268 80942 74763 73739 38086 75990 9763 37533 80325 63578 68720 67164 24427 10771 48256 36402 64412 5495 74677 8186 5860 95808 24934 52789 35789 38354 45866 24495 38268 7859 37825 42547 70252 54723 23288 16796 85686 64236 66893 57783 24378 77056 12077 40554 91761 8728 58722 9641 13431 19440 40024 17259 3139 82037 43504 20425 83376 46404 10333 41342 76083 79674 40047 44821 80285 69071 25205 2475 67327 13742 28560 11009 42896 13358 95849 18100 712 14831 45060 9247 895 53131 69881 62739 57567 75133 88085 68198 64415 42579 54653 3657 89297 52499 24777 71706 14992 79591 72825 2143 24397 41759 30192 4052 35787 50788 30026 37289 
195
66147 67616 79482 73962 32546 35854 53201 51626 99606 5949 34421 28749 68290 24394 45411 62396 86291 75280 40568 3991 67229 91100 58208 90998 65318 70472 48081 66605 62325 47557 36457 83444 88116 16620 46528 49822 17125 14256 20835 87154 56369 79524 75849 89199 11088 4722 88949 26560 17726 14974 62051 63421 31781 75380 95210 18570 98108 78539 95736 74367 12258 29799 32369 88579 80145 46673 15819 92735 42365 91865 72482 96248 16805 32339 20221 76045 67261 35855 65195 51534 22247 42765 94217 94270 61025 67197 17817 69010 80393 10714 18425 96767 41266 23403 72480 53326 24678 88968 17868 71138 25018 89946 55586 11428 99829 39861 97833 31618 22235 47699 93424 42317 73562 54560 70999 9209 70430 33623 39142 37864 62276 71259 72953 58316 97543 64557 43166 67666 29677 19795 40337 52420 95323 55744 56879 18424 90208 27327 64189 61255 59977 83021 23208 38788 31662 47149 31265 7245 80646 11511 28220 50119 45590 13926 60541 45628 73896 96783 57677 59313 44861 24956 7081 92347 68100 30123 3030 43754 78229 92495 63908 58030 82169 23332 89578 69231 75242 31402 18688 90499 35451 40682 91481 95657 18381 40309 83274 4115 14206 49659 70621 20787 51609 88704 19595 
75
43956 10461 16294 91157 69923 6863 87779 64173 97941 40054 31871 39227 19288 91457 60950 7023 98555 15413 41381 57639 21993 52517 57476 18474 18904 61284 40949 24473 86194 82551 89735 36368 96098 25980 59434 67677 45906 75906 52778 64826 97 13494 7345 17857 14248 58023 81022 21453 65464 87695 5986 97116 86723 18922 69062 67469 49783 58938 13802 67132 5689 67835 27884 33329 2871 3439 83193 50669 49231 86318 15439 66441 42009 36546 18012 
268
15781 89011 71212 28878 87369 1819 51193 84379 23826 23850 65408 56315 11324 50401 29574 83570 91287 17560 76602 947 65861 35415 30228 80136 8887 49495 42258 33987 87429 53982 24435 10381 58003 70008 37521 18379 22014 78658 49872 43678 8991 38956 79301 88692 64177 13620 10108 2635 54720 38126 91167 16100 41621 14603 65147 43262 28906 6337 96520 99232 88380 19544 21890 74542 61824 41854 56709 47928 38726 25525 23161 90509 11804 35688 42699 63350 81223 31024 88189 736 88416 68217 37657 18827 93297 73423 19784 21335 42164 71295 72741 3267 98966 28197 45216 53173 85712 97150 61389 27809 98757 30412 43384 3191 93174 99355 22496 77427 72811 17200 54081 36705 3402 79284 69623 31571 87439 66726 60693 17857 80963 37692 47987 10942 76308 9078 9226 61743 20164 34394 67280 52252 39921 56259 9703 50201 825 82913 25196 66776 51845 66938 61340 12343 94515 95580 97698 7577 34372 11425 60638 59401 31129 3958 21768 26244 25517 74575 18082 5237 68291 30821 53477 89075 57648 30238 43326 57128 3748 57156 64158 41169 52847 99141 42048 23451 92995 2104 75570 28062 38405 36669 54695 5858 42531 40571 78927 78628 31590 25815 35321 35637 65174 17406 98372 28493 59662 71441 24716 80309 59543 29153 63031 73319 92401 30312 63119 16165 7294 6058 2543 48304 2960 51925 87909 63043 43166 28754 10553 71967 79312 32143 41655 69982 67323 52465 72736 8993 7600 24685 89650 28818 69013 45545 28163 29154 61865 61247 45407 88487 17678 57508 40150 26452 97066 5507 38878 57090 11808 88404 15882 61564 88828 53918 44188 74137 69833 39002 90091 79286 44069 98571 34553 83604 16424 19524 48171 93141 
211
92950 70032 77829 95136 99506 9935 48842 92187 13637 46589 90716 82568 71499 18315 66948 67386 95307 21598 73241 59948 80905 75732 93002 26173 67974 71196 10919 2995 19000 68278 56624 85 19030 60264 4375 95221 85446 92522 22280 52299 11570 21836 87183 75619 51236 71987 36372 32595 66737 67454 75652 71900 84085 69507 18177 22753 30049 22320 99638 49709 43132 26507 6421 7519 96185 21064 15877 40660 63522 71452 58174 87689 39413 5368 3223 99940 29806 97290 82583 57555 14212 45971 62166 93228 56540 47474 55686 24222 33835 47676 77357 24232 59211 66276 85299 8256 32921 91444 98543 38180 8337 43641 21748 93172 6092 90497 89385 60010 75539 75799 82763 51285 12531 72088 47125 30085 82970 85906 79669 30524 47974 19319 13299 93913 59000 25691 29564 41856 62640 47270 42088 30033 54553 30122 15642 23003 41723 52962 77165 88660 69147 88918 30736 9097 66507 27721 4084 20756 80575 95915 18255 78978 14424 78378 58643 72672 70802 67288 41689 82659 75996 84000 39611 5639 88091 13733 65824 35166 15239 62522 19691 45548 80447 14667 91344 50232 94409 23535 31336 12742 28518 70191 63999 80929 52103 5986 73018 57027 53307 67836 87165 82829 61642 49904 72507 87542 557 96716 86667 51397 28176 70780 1000 81220 50250 29934 44099 67494 64960 44290 89632 
175
35984 92799 8049 90678 11858 16418 9750 23209 38099 53498 7527 96902 28600 61794 62744 44491 74504 7408 58309 67886 65958 65493 63071 80461 77959 87692 14 5444 73512 3658 96638 63774 24239 59118 83370 87343 68591 41359 37800 96769 93788 5403 40693 40663 56461 54322 1004 4316 27261 55801 12237 92270 77567 79545 56049 60913 76221 95154 57121 1463 45524 39921 81412 56857 38572 90996 1301 70328 81936 51392 76334 38868 36715 22951 89161 46677 87393 18401 39135 12447 16967 52571 29310 92127 87580 67352 5745 51066 90081 59733 80294 3443 81791 52932 65213 35810 47140 53701 54043 39198 20855 92564 23334 44725 39295 43728 47669 20162 36896 65054 280 19047 51633 53762 36320 53843 57242 52171 59078 71126 12175 47976 31760 26387 11645 17494 38270 22747 1145 75095 34031 53485 47502 49634 65502 66893 24308 7359 43362 65386 48632 98620 94183 13470 92769 81876 68116 81377 31718 84296 87860 88406 69094 58201 65451 43009 29303 1832 16494 347 26282 26273 10026 45179 41588 45623 62692 25713 74783 41119 44812 2617 19248 74969 67593 
136
52313 82489 60930 37906 4534 2834 13292 7028 49390 25131 19406 5410 95304 13990 92884 2670 87805 65153 37328 78868 17821 6034 97671 99428 97984 6620 65480 70724 16596 16475 87196 79152 48359 88214 91196 99042 68995 60247 19314 60030 55431 86807 84153 50869 70891 82957 29188 69138 21713 50736 7378 80019 6749 82957 50287 78757 77465 14135 30983 10832 17763 34321 69779 97957 2737 40426 28590 31823 87357 52274 64870 95956 94014 31013 17389 35383 75105 67259 98416 64398 9413 33429 42935 17918 17297 58547 1304 28979 10168 91930 99854 86056 38373 89013 8502 46080 36459 31224 80201 64843 31983 53355 70688 89563 73224 93940 33047 70299 55589 32480 93131 23252 20731 22179 9376 43114 29035 1205 25573 16291 42267 75126 15825 32918 96499 57433 25204 2733 71081 15381 23454 93178 793 8635 47935 49062 
117
72552 34754 64022 82975 63381 69255 95092 92117 48042 94463 43561 44124 14952 81645 39442 25484 43414 15825 71830 60622 12224 68134 67090 60872 65391 22397 97320 41913 51822 91236 9304 93239 82142 12861 98297 69853 84310 13408 17737 35380 59428 63428 77460 69515 72071 95400 1099 88201 15017 36492 6597 20123 30742 61410 16221 60058 86440 67762 81225 54325 60147 6943 16015 91836 78180 93212 99423 22114 97734 38153 45167 88096 70951 50947 96775 17672 44194 83956 99741 24734 43357 26105 16174 46273 38196 34276 17157 35305 71155 10411 2833 78521 92808 24304 81641 86270 67407 98239 76804 2310 55718 29290 67622 41896 68621 85401 89141 1508 43301 27902 41645 84477 37510 60104 24496 47969 70433 
101
54688 78103 16214 42220 41631 25656 81343 41607 28229 50742 67885 74915 35369 36316 414 76431 19894 89110 74639 42950 79298 31925 93188 69997 45535 21880 13017 44620 20482 46680 17316 22755 86097 6294 95713 50626 93590 89307 64484 71351 38988 8970 83511 46436 36398 20959 21986 50126 28122 31483 90635 34270 89438 13203 11461 48112 56011 95631 71383 65360 45377 47072 62284 17217 61881 1897 24509 41592 32248 76543 28997 37437 99404 88309 24855 92111 93111 73637 77677 51058 87461 57873 34064 7058 50673 69474 48981 19908 57242 50864 80875 15272 15283 47321 20242 33174 39543 851 4781 13871 93951 
95
68893 71419 77259 32335 81197 76631 47909 88376 85255 88476 38970 42996 98748 63644 73166 12310 64543 77750 12270 4681 44800 21403 22644 10711 24214 16490 96923 55488 18871 92538 28868 75615 5697 46704 92354 25480 47055 57570 40277 47484 62684 29830 52544 86829 25352 61261 38908 62411 47818 11057 37045 85585 5221 50656 58350 10228 55136 65665 72411 70002 67347 16422 28030 92601 83025 84441 16463 2344 34448 26916 75271 85547 22086 46708 78519 33067 67826 55353 37434 53084 89618 63252 33322 5142 48161 54408 71556 29782 18395 63788 90978 67929 47546 92850 35106 
309
51562 51963 10986 95388 19346 77493 45165 7839 20020 16116 8323 96845 43679 75264 79119 90662 97527 65594 16980 34253 25906 10161 34590 75839 74600 44166 55905 62162 76038 50707 44366 83955 76208 40122 39978 43270 57465 62472 67204 19294 71124 10825 10571 52001 7339 17894 69423 35963 36136 25306 74049 51778 59320 18899 12764 12896 94322 23382 28566 85249 84760 33201 64246 65315 59171 83263 75796 20490 5401 56231 41500 42552 82437 64976 24768 56638 28742 66003 80850 46489 69962 60928 59103 49101 86912 55953 48656 72219 9570 2653 39782 4534 6449 33212 40639 13598 58945 68268 76517 48657 48900 14996 16050 51298 12246 47826 21613 51739 94234 65739 67438 96600 66676 54703 89834 91585 86426 49129 80595 37473 37478 22643 40839 51905 82975 30686 99901 52467 64142 17449 16000 80823 98728 91828 2258 5576 63730 16842 55215 3241 43862 34027 82457 13732 55326 96705 86448 1670 88132 16302 90997 14841 53845 70084 4925 38267 96477 9741 15463 66050 22025 43397 22220 95223 31673 86944 45517 75229 79010 73313 29850 2527 7914 48336 73621 61715 21140 89920 23985 58274 42880 81245 48864 30576 58759 20821 19753 61063 17909 52597 990 12794 62383 44844 82930 88186 61853 12238 30498 85113 50734 24034 38095 14167 33942 93438 3961 7752 6628 6553 81255 3989 81930 19703 74884 60450 64530 17917 98771 85597 21106 33468 32273 9465 83114 37833 27945 11217 19736 59640 59268 90084 95819 59437 18052 51266 4614 98209 24570 76551 14974 14890 71196 97910 65020 7501 91839 83005 82939 21468 32269 26430 14318 20043 8405 72582 10583 41351 23822 57807 37171 83755 1517 17101 41381 95618 67728 62146 74412 60984 73179 24583 66983 66357 94101 51751 94016 7395 37080 20008 8494 25496 5832 93136 20850 24918 4939 2427 64862 29643 22297 18652 59384 60299 78996 92118 63201 82584 91392 72913 39834 67510 20823 62305 95668 76476 38858 97786 19085 
296
99084 71971 54666 87920 22415 67076 6875 855 7803 92321 30597 46623 16894 75693 40522 50847 14589 79258 43386 38305 87172 22275 11586 12602 31199 7005 31068 83534 32772 80993 96520 73457 96880 33903 86022 92564 22467 45275 35505 39658 24852 74403 93780 98584 9331 65788 27555 93249 7830 97168 56597 7647 44784 50060 71937 53140 19098 69887 79147 22930 84164 77968 43972 53536 61443 70311 60791 76903 20882 60472 40697 54973 25392 39988 32323 47927 97973 51112 39251 99188 96673 88439 83258 72998 78836 3582 67544 59430 29859 3692 79219 96148 58552 47263 42477 35626 43128 37941 67852 46824 91747 60953 83099 99726 35211 59489 14337 87347 82491 37007 88241 80855 46428 94700 25117 29880 89521 66624 77068 8143 4681 12765 5858 84353 88112 64632 59931 49883 86424 92867 3489 6653 59552 35804 52352 73814 707 25276 82438 94998 8874 63319 81736 36439 90100 65737 38961 82078 30697 54916 72693 31767 149 54387 61727 62375 72008 68319 31544 87454 66681 46002 19953 14538 80217 13857 96812 99617 24206 94202 52240 35385 58253 21014 3026 7683 26518 28362 21921 77490 71700 85461 68965 88079 2044 37444 85928 86110 18560 76316 56938 56754 26022 93901 68537 24393 29989 29193 19341 44114 23293 99689 83058 38433 33064 82076 36019 93231 49854 90731 73707 86907 21391 83867 10931 60239 32069 46742 49615 73469 45465 54204 54760 79391 55922 18358 67232 56961 79979 88509 47729 14255 82792 65947 61313 69977 38351 78033 3307 81315 67926 75742 53447 32136 95400 2820 43882 67660 96832 73378 24787 5694 23295 49300 42747 74598 34381 72807 61134 42720 65904 73689 18842 53522 39307 32431 36551 30858 25748 37056 26083 22128 11488 65715 2949 74533 9136 51318 36987 99686 41462 71882 48026 51923 11286 54805 46025 11235 22867 35003 22715 6129 65889 13205 63686 20755 
15
42138 87344 78267 69963 42211 45171 16109 10151 15901 40100 60107 84562 74716 99222 90935 
310
11731 36481 96921 976 16301 2880 83926 79004 98276 20639 79034 79133 81628 86441 16411 25471 42149 92517 57075 47419 97321 91109 85446 48579 92997 32883 2253 91702 27326 40097 18227 44830 26528 12431 56281 20201 29067 15370 48977 14732 62398 53539 99972 18272 89429 96987 54251 67992 60946 98481 4270 23858 38784 55039 30384 47036 10294 59383 50032 71402 56645 1088 17748 78783 80540 55649 10433 72167 95150 29620 56090 32406 46734 9655 33932 69298 70270 78522 86833 95561 43277 94806 14428 30237 6157 89097 81590 95155 82901 84928 43517 76372 70415 86975 13763 34766 20474 74666 51379 67285 78619 5765 61282 91447 11478 27974 80289 54825 98925 89371 9320 55161 82631 53442 82419 47275 30163 47364 53597 31357 45402 38184 94978 46086 83388 12071 5788 58884 23877 17087 74829 90622 71261 28060 41280 32847 39336 96386 80816 19063 99482 29246 31533 86032 25361 95927 1133 78962 80652 84251 74718 84463 51497 30744 29191 21897 13904 51503 73522 40738 88442 13298 7725 67621 21409 79424 90847 99516 64405 26499 24955 19426 39290 29464 11145 7964 38331 95023 7578 90284 2642 63977 17731 20442 33393 89437 81529 14862 9897 95440 26817 72506 50998 57533 77042 92781 47121 26454 75989 36346 89909 38273 63828 36747 15518 32527 72514 9232 16380 62962 24351 16934 94441 250 14467 84704 33172 60066 62738 86159 76851 65770 17197 89573 88505 81361 61041 84835 46117 36108 6925 79560 9930 41038 27723 4068 1286 43090 40393 8828 43138 20790 28057 99762 96603 70637 81414 26578 22826 87123 62997 96427 84387 25687 59654 45762 11418 20727 71235 33631 34784 61659 72279 97541 43021 23613 79345 30405 93767 10849 70797 12401 90045 70221 89212 26574 66712 28869 52952 51656 76728 37435 16648 50129 54245 69707 27615 33542 92323 88844 9700 43112 46909 34589 55815 4403 58829 34402 40627 73210 7568 51380 2226 82036 37251 71673 19459 1551 59224 10835 
104
4158 9752 49443 73344 44308 50015 46774 8883 71396 55966 37702 11157 41493 65260 43454 37001 61296 55114 48577 50617 74612 89214 25751 5058 22382 46366 1187 9754 24345 3335 2686 18921 21401 74595 40513 50483 49075 76464 59036 45504 27759 84502 65124 89280 93190 76123 58728 22697 89777 77329 70373 6361 3587 14150 49537 17049 18472 34831 17369 56402 2806 28494 67244 64726 20387 98096 50738 44883 80076 35112 48946 45639 8389 15793 40018 36627 82634 9820 77738 64863 49946 97938 30870 13107 51453 39867 98546 43457 35180 71153 45224 82696 62903 25938 82545 70162 9483 96813 7779 15235 83556 37822 21549 18324 
38
24615 85327 97968 83415 30610 21197 48062 48685 41743 70345 86908 88424 95369 99018 32956 91416 66962 97798 67887 21673 88156 59085 40324 26205 67961 12889 44932 97571 11605 35518 61725 85175 7766 79430 33610 20037 93801 29147 
236
20548 12025 93980 60807 37108 99488 10642 70281 37864 50380 91268 80216 62446 83926 48217 96085 67540 18497 6409 65414 83782 91033 11611 59412 85682 75208 92177 16768 63886 32730 45248 22198 99129 29745 49829 19799 33651 10509 14495 387 66417 80794 28576 65534 87554 7566 57634 10675 40688 75288 55928 23285 240 63665 6760 27230 86894 96013 71129 20606 8111 86750 41123 21636 70535 77832 2828 72262 80179 54670 84840 77247 60775 25398 10753 75739 5153 90929 14234 9572 154 98749 38115 58281 38731 63481 27163 20299 39986 78335 10532 81928 34631 33837 25515 61646 12456 56806 6365 96821 6427 20951 51982 66077 68121 69042 69354 34074 7906 11470 68555 90846 29551 97793 40405 79499 60434 19612 90112 56719 57505 78752 68231 1477 2501 84991 47645 78698 11450 11660 11499 62146 1880 83965 31033 48622 24100 68134 68727 73541 81094 98080 77180 48688 48569 45683 33724 12472 45706 86871 12151 1732 46573 74992 39699 53212 97667 81975 28702 9592 22288 56491 96922 91671 58945 94678 41119 53074 95365 29107 54840 55515 50356 85819 71836 95870 9 47538 59605 84127 31724 79614 88887 91293 35134 39767 13795 13734 44665 21442 52147 41479 90503 42160 43549 83833 52836 17908 3691 19340 6665 23807 10066 51450 87819 20465 65277 80625 66786 10563 74628 74652 8386 95238 91970 88650 93722 51942 16084 90736 90783 81001 89551 72862 87630 95486 86787 53153 10228 73056 19399 37438 58990 6996 60123 41293 
227
93708 2141 3548 9459 67840 28062 42174 27427 75319 11137 73648 91167 96841 13046 39168 85720 38997 66380 61386 56517 89307 89715 41492 43839 84600 63987 27931 42255 65001 7049 44822 89358 77970 9464 24110 31909 17684 57540 54512 20848 5627 83464 96349 57361 64083 79844 10953 37934 36030 97350 92170 60770 85642 34301 56703 77442 57763 81505 27828 69092 6047 14585 98273 29622 41899 95837 9277 69870 43128 52255 35504 20285 73454 58021 535 31062 66388 68975 24182 91550 92846 31161 89927 68956 871 14359 75655 13122 57940 13414 70858 96899 503 11669 63138 76773 44699 15110 27745 13793 37529 19017 32979 31114 10026 73572 64410 84679 73061 8138 6989 52749 18487 56591 57728 37311 48921 78348 67451 4158 83727 42435 86280 6978 65994 45688 95317 39215 90003 41650 58422 1534 60740 46165 76175 22899 5392 55392 17477 54376 28710 13621 98064 69944 35823 99753 16489 33756 34190 19009 26292 86511 26306 18924 35997 42926 452 61930 16704 43061 45273 72927 50838 33659 15503 90274 88235 91460 7509 25916 84474 12212 57453 21943 59799 53515 46049 36833 95637 77461 1024 53858 82164 50917 8483 68875 42320 22704 50758 53278 41032 68352 42006 25079 39136 88602 70454 27727 71462 52415 76864 87178 85557 64992 66408 28959 37913 44383 64711 15624 30999 48091 9494 25613 90012 90869 37393 43771 22781 75330 35663 30164 94983 33120 35435 2012 35647 
10
61923 24827 89254 86254 20147 36857 53342 90162 7351 52566 
165
65367 97186 16678 62066 48312 81847 8584 42389 23085 53573 55186 33650 30343 96696 4362 64816 91263 76226 93167 75678 81294 69955 19949 71604 46233 53579 15578 91236 84331 95074 6554 32059 70757 90251 10468 52199 89250 71979 75379 58913 299 50526 25980 6636 20461 54696 43398 48734 35595 596 23084 87182 55328 56570 56788 91441 2906 47810 96746 55031 60339 99774 75477 16135 76279 18435 3787 24312 65985 87980 68757 34442 92701 75713 56768 40079 84300 62150 39704 55115 95237 60324 17892 50055 84077 79793 24954 23266 67658 97797 64349 24390 79981 30792 15448 2584 19340 45255 15914 81156 54096 81473 76489 71809 75093 27758 24670 80228 94640 55997 22770 35218 15157 51055 56793 24596 9340 98017 98999 52169 54586 56733 65661 12859 85322 90324 67642 37355 96661 56135 31769 49954 9613 75784 64812 19448 24834 50436 22967 92961 914 61016 25675 54103 13526 69376 46615 22589 70954 82811 67427 10663 38702 84991 20827 55379 63515 68278 71916 14164 9795 44897 81250 49560 5228 
286
8702 13051 46668 15631 83713 56991 18827 71168 16304 3138 49395 83589 9509 91519 16987 99567 62387 74364 36311 47953 29027 44383 54188 59543 41135 42385 61153 64836 40020 6105 56466 84612 34636 58225 28480 34862 95523 25316 42018 66257 11985 643 23397 96156 29018 11918 63083 10575 34150 91424 71890 37427 49339 11280 78812 69037 53429 8286 29057 34693 53792 1105 78254 57454 32670 56464 92241 51720 87730 91878 45687 95415 73298 73122 48609 61692 25034 74755 1363 89431 23042 30045 61585 469 73108 16609 6043 29106 81850 63052 25597 9262 9991 99013 2349 12512 55132 21331 40902 96146 33752 89016 63814 16116 74597 70149 79825 7875 79218 2492 98738 89599 89299 51189 928 61398 22596 32577 13425 48475 26262 10078 62635 3584 26769 30618 49562 76595 27479 69576 46820 22693 5587 3569 88424 95369 63511 66083 19814 85974 61920 82389 90736 99107 2760 5327 66538 56000 55813 52458 5927 73328 32191 64108 10205 43215 47754 74901 46594 52159 89009 38451 3810 68937 93747 90007 4770 97486 83710 79043 87480 44003 23714 81119 65402 37832 6154 53537 67341 72254 97382 77006 39091 66757 84717 74675 42 92685 26591 32004 29496 43833 14452 37790 87779 42224 76840 58438 2669 53191 58123 30887 11608 19569 28725 49245 33244 57636 20549 38079 28116 93196 54301 31739 47715 66553 46048 80709 26249 61823 74623 30246 45152 56470 22410 67565 9802 77872 79799 43538 7607 85475 65608 63269 5796 19717 83756 5913 20290 18051 82395 71498 94000 35015 72399 13869 40135 50277 78559 84402 27926 22262 73657 24024 64520 35951 77204 88860 23490 99674 58658 53666 41758 91502 72917 41349 18226 47059 79128 71320 6291 20706 37751 72725 43759 63711 55281 78032 52412 39622 63577 30172 75640 30855 45503 13644 
144
76228 15063 27057 72894 20774 37235 60254 28604 36382 14711 96855 45790 60795 37701 48586 87745 79587 28595 6489 7472 7173 22697 7172 59491 76116 41382 79315 74235 19955 16400 30330 94756 79650 2618 75914 60446 58333 94387 62513 84720 5105 92394 18030 40903 78438 1122 27845 4358 38339 89881 83850 42053 25234 82440 88382 32287 13689 81941 4401 59492 55802 64795 20035 7235 2073 80143 50643 12312 5760 19730 42167 96786 26653 8282 33676 735 84807 60247 64262 79133 70507 38232 55055 11838 15586 54563 52816 72013 75375 42380 64298 68295 30728 65508 8387 92559 75212 3329 1772 86975 14049 16565 47412 76896 34415 7649 69622 79347 60102 94343 97825 75565 9063 45159 86117 712 27233 46628 23199 21869 30706 71124 57386 72664 10306 48181 88748 16812 92376 29149 43867 59541 60590 62169 15658 22079 28342 99875 42296 27681 5837 79181 82478 21975 
187
45712 60522 69740 80594 1389 73974 86139 92956 87064 99354 34921 88141 57965 58413 74578 4507 11713 4739 36194 25531 78369 10475 78432 84268 48048 78242 53452 90636 80129 60484 65733 34950 37511 99663 33849 22027 63829 52848 86910 93638 51434 54795 95373 31174 45598 205 8986 78325 91644 5385 8904 55888 48723 55275 96127 53849 39917 16135 69274 84313 12227 73715 8418 77479 58075 61612 90419 18895 51819 31042 67063 46253 57969 67033 10895 33551 3488 3560 10022 58135 1065 44648 2077 75487 30801 48664 635 72356 92752 98529 10624 61000 8190 61856 86743 62514 32926 47374 86183 16422 79219 58311 29540 92914 21653 41565 61480 90504 53767 95338 95977 84106 8802 5076 50896 89767 73041 76996 6916 60497 97956 23950 5945 48053 30375 94261 62355 48754 32164 44158 86337 30329 56554 91198 18155 8083 42117 11728 39496 40934 90601 64671 31548 58914 90017 20968 25860 74330 88118 36512 29431 28217 95275 98891 4297 91633 33071 21254 20080 40954 62540 34055 46027 89573 66726 49009 39207 81141 88794 22073 56554 76537 72110 21090 21640 56513 15703 13643 33890 70290 6317 67666 16935 64738 16430 93714 9889 
11
22095 8466 32657 78833 29829 39845 44796 26819 49832 924 41344 
136
66141 23489 37299 35554 48124 33382 38897 69451 18812 30893 48210 62319 79666 5864 64124 7404 28122 82373 44975 9413 66276 17367 57160 28447 93523 85155 29269 88481 77321 57705 22996 91590 70091 94377 48270 15973 25003 84558 7718 6273 81661 70448 14971 66042 55759 22809 98004 45096 20864 29440 28868 77181 93896 81854 1195 51194 86354 58968 53309 54495 38889 11411 94981 50668 99148 57899 22364 72415 27783 39469 62588 7055 94359 99361 57151 7090 33452 81350 10110 96515 73107 1786 48533 23412 38085 35473 5094 27943 28383 45234 388 82640 96515 66591 47194 31182 62462 27305 99416 63640 37792 77808 95069 96528 88767 91362 86883 13987 74527 69306 54889 60144 33020 33981 16609 33323 52418 52936 56498 98468 81369 89293 11154 17251 55001 55416 17248 82025 3113 39984 39995 90520 81772 84724 97953 53706 
125
19545 89190 17085 72483 66830 67555 39119 32723 66863 75059 25274 25289 35800 97310 22934 82222 9777 41728 66756 2169 85594 62881 93088 1728 78784 32744 9812 42962 37571 62834 45271 57666 37506 97138 52433 81907 85616 29366 51580 72709 45550 89188 87514 32919 14485 47335 87808 84496 70489 10818 95375 95020 39576 71756 6101 73877 31330 70400 84862 63095 75193 2527 97974 96654 68606 26138 24590 44169 61738 64956 35349 79945 91331 82377 7264 69733 37226 60502 18996 6107 68445 18010 43627 86930 69354 15912 16498 39362 9693 10165 20732 5807 88984 4904 58425 13198 84388 58224 65805 93112 65506 1336 63711 63646 83600 35054 87713 38600 44065 43435 64887 69704 62754 32619 41021 33870 94004 48476 2319 77880 80786 45522 48180 48699 48245 
141
65633 39802 15318 988 80395 49474 52607 25029 52109 16722 18898 85181 94049 21174 90416 65143 76871 52780 48871 18205 9712 77212 49252 25861 23427 35424 63580 43424 2941 75269 9657 60489 32694 70470 35771 2185 55638 99107 95713 93975 12427 85191 12860 8498 82521 52450 38351 43011 94905 43097 62639 16251 13333 75878 10733 60668 97500 52353 8478 11873 42300 22762 79352 51126 29565 35977 34176 37750 95992 68693 41964 39102 42590 56206 42168 46731 61032 77982 47472 37823 62363 79719 98851 92504 1898 15964 24085 39728 46596 84588 5144 81565 10084 96566 61437 16603 39435 29759 59054 15422 38196 43593 86632 42481 97372 30274 13565 84901 53921 30794 28799 18588 89831 59339 81239 85067 69489 2453 18088 6000 65184 96154 33590 48213 72312 9625 17038 57448 6750 71933 43241 17341 40095 86315 15678 20163 25501 54491 21674 95564 14388 
38
51388 95318 21579 55096 51400 46410 53704 63011 14077 38822 97374 99717 75 86864 58451 72228 87936 93557 5990 64669 76134 77369 41820 36518 23589 46869 80570 77155 77157 37042 42359 96190 67141 10801 12433 81391 2439 99524 
185
63814 87034 41049 27482 85461 33937 2883 65131 71828 9517 84668 7799 31129 34490 79713 45163 6511 49821 79111 37126 71240 12525 16282 59668 17280 68736 38219 75078 22187 16821 60768 31069 37161 70329 99279 64380 60708 71137 79165 74990 33416 66083 77081 22361 62328 7903 68002 10904 32578 35512 86948 89169 34991 54527 63147 51866 65452 20299 16194 99956 64518 62924 88467 94419 43458 17237 10721 46478 51899 34896 68455 86531 3884 61998 74941 79856 88800 25227 61166 34220 81300 51141 85374 4125 41602 49825 67846 73158 50950 55982 10452 81961 62599 49301 8800 16165 7368 96744 37883 91246 78522 76717 5262 40886 16572 1625 32773 88775 906 79065 67764 35741 63862 73443 34750 52978 16842 19493 67208 70346 27570 68861 16801 57175 37518 959 67657 29491 16504 24967 97282 91481 92833 87276 88090 83940 3854 13888 46594 40495 66553 14788 91210 87604 56074 78287 1817 31244 62413 19941 68914 3088 6100 79627 22672 5065 34837 30649 30968 73143 23141 90839 11516 32364 45321 94795 99768 2908 25460 77085 60968 83796 57872 99380 67858 71223 88168 61369 29704 83526 94303 31248 56417 36099 64762 
106
6562 91657 97950 57223 82194 23546 9961 81614 44322 15060 4316 4357 21221 18881 77861 88276 31370 79462 92216 49693 38967 73279 56062 45017 49939 44140 68999 73191 62437 66141 53013 23722 94080 46215 10349 34112 63345 47553 19590 66771 40142 71445 15928 71644 22616 77230 9192 41976 32609 77051 74532 19135 32069 36228 55760 99862 88950 72513 76046 95105 19849 59500 70309 60658 99717 45670 81376 23068 89830 30872 37333 17083 98900 95654 34685 51929 20463 91866 61275 30856 97973 95118 85509 99819 94487 55678 45950 21123 67884 93992 51975 1265 92758 59122 95564 67906 98546 64164 69781 38165 32647 89541 83289 83968 95541 74020 
216
70036 22416 25889 73895 90540 19563 20808 4544 95576 33617 66313 52643 92188 80952 32979 22766 67742 6636 20417 66291 53635 96011 11617 96239 54385 31166 25671 62161 62041 44331 89819 26634 10239 66434 38981 90762 72639 23144 89244 47007 66312 54029 26920 49523 4559 85537 76265 1450 46404 12868 20812 89980 27424 61448 62595 70523 71046 81664 73867 57201 8163 74842 18806 2468 82529 97156 69433 3300 52975 34565 85267 54264 39199 6358 30778 13118 3275 16318 16848 26357 33836 40782 18670 92509 92628 86302 86137 93096 98869 67534 43692 46972 61994 20831 6229 65144 46937 100 48638 49295 51287 62928 34906 71063 80430 39726 24630 90186 36714 83142 70539 78644 25847 16871 66516 98899 90745 65250 64855 61485 35559 94794 85063 39427 70167 33499 557 91734 54140 75539 22976 95130 8450 62653 48450 62394 39084 29599 89378 78749 19656 78779 72715 20950 2368 78917 90339 52072 59509 6274 43832 9742 36421 89608 59291 96647 36557 49030 5907 92409 53790 97389 69459 17826 84796 50921 15784 30455 87629 5283 83887 55452 60940 13054 19261 87278 59105 26535 24878 65014 43668 44031 74735 3186 97357 14229 53029 35834 1746 28135 59084 82331 18485 18458 11483 53891 43536 48269 4171 90671 630 35831 81 38010 62168 64732 33726 51096 25451 90457 83385 67348 41491 94021 25203 8293 
161
40372 22889 2480 98175 65790 68854 34669 34887 39214 17908 54816 14893 27793 60905 41236 83386 26564 70476 16072 22972 6911 60879 96728 22194 49167 94277 28085 41800 66821 98151 96664 37457 16212 82474 39404 15806 77783 48726 3168 86547 9424 96025 75629 66113 13102 12294 81533 99425 72058 55187 32903 27115 86368 77043 37856 72459 90260 37523 45704 19352 64043 69005 68547 98717 23154 3278 18105 23415 23719 48869 93771 47590 51613 7856 48891 92303 57999 46536 99803 29375 96358 99781 68272 19086 7668 78402 23974 65774 94323 97441 5527 91523 3642 21939 59618 92773 67655 58901 33888 64982 43209 71167 81000 95588 45655 43668 62814 72026 6287 98043 5914 75832 64549 34682 73881 93793 22706 78427 51833 20541 63571 38772 28237 60912 51437 46851 64102 21858 71120 27305 49045 37162 3976 59071 10674 61520 73362 89327 22407 54718 90816 23726 27593 2158 12797 78714 62713 71535 5995 13358 56896 91188 76923 89987 7292 54752 78966 81961 86054 89072 78295 
110
14875 5060 94093 19034 35416 78345 92227 41 97113 56299 18180 54101 94580 75692 52562 44929 69073 53811 9076 16338 3229 11441 55666 84969 79508 51290 73790 31136 88886 45211 85005 91833 97180 77510 61896 95313 876 28086 58125 68436 44507 64650 93365 20111 88978 90065 27518 37888 70314 63179 29287 38576 47616 80513 94364 34516 59122 22594 68036 8018 33640 3536 55053 63425 94145 20652 94899 65013 32509 71786 14131 45543 47654 70977 43390 9556 1085 54882 54834 3096 30860 36569 26119 67864 31491 95271 76581 98807 6963 94576 89832 71807 76491 14252 77740 61123 10380 42385 78936 95 48307 82241 86551 59660 57716 28430 73023 4720 42566 29025 
227
69902 79624 57758 2640 85671 47984 36868 84444 68763 25435 96533 8944 9943 42744 89155 31747 7014 22754 67416 59839 16190 49883 68147 36282 14320 97205 59130 9956 39132 72652 92562 99282 2740 89344 79280 68985 32558 5829 47395 8083 31606 91792 24160 80592 93667 81548 55968 34659 98824 82781 32531 20105 86093 2714 46928 81573 57844 13093 18028 77098 31092 38311 21462 59503 91768 15050 92833 32329 46747 24181 90163 64503 27699 22073 19781 30748 83847 24205 14876 52189 89289 16656 61524 68004 8632 17773 71364 26500 14674 92807 84603 28744 77399 81620 89346 47922 68433 84261 5268 45440 28486 45961 27041 44907 86411 65895 99956 97614 60303 42661 62248 42081 36084 4477 86124 94231 59251 65358 80143 31526 25729 46760 13863 59135 80617 34979 48454 29260 26569 17587 50125 48335 98701 54595 89363 62741 90213 24482 33988 27432 87165 29472 8747 49358 32376 52601 20669 39958 5499 89717 33684 2511 57552 9496 1344 89241 54479 39040 63 21232 90332 68954 68285 79766 71142 82311 45764 36606 11314 8150 86864 12580 67281 24001 49388 28559 59306 69733 97702 30366 43333 16464 39832 96294 44477 95384 53172 63943 92029 62510 79859 43741 48877 70821 51661 20863 13466 32745 67801 42279 42998 68715 39851 42285 18686 79599 44353 8932 99892 15884 366 51051 78642 69312 20268 40525 98354 16508 74977 41042 55063 1702 72772 22799 77347 69324 68660 
81
6441 47488 16622 53163 26177 44108 56356 37429 30178 25845 5081 82790 9686 17406 73953 79646 41941 70401 22880 15535 98686 11509 65385 90082 15142 11279 65058 65125 2684 48344 98323 86044 94668 98141 39663 7942 80585 13791 47948 97869 62081 2988 25472 32529 55088 74834 31484 73556 37478 52548 59346 56682 69362 96920 63965 24822 75010 39640 68663 91636 46145 90519 18769 16897 8231 72385 93908 5624 54496 94484 71318 48743 17640 4160 67602 67612 11820 73008 72282 70800 44922 
211
89316 63740 40961 95492 42601 73296 71913 63230 61048 66672 85551 28272 52227 67611 2942 34066 50673 11154 62828 61839 55544 2662 1413 29876 39001 84075 27258 33013 92191 63118 98789 97281 64205 52948 60048 11750 40063 45116 39139 88634 37825 21219 69600 4473 13296 9510 89028 53301 12900 28964 12180 63205 21502 94841 79389 82405 58067 39363 21051 58067 16332 87638 19701 83584 6180 26526 66330 41199 11558 69655 64806 79640 23148 94299 22654 88076 66033 75939 95802 92784 36940 97008 23057 96358 56451 62909 31234 28616 89681 34389 4860 97682 47674 95266 85214 6120 75333 92604 32451 19104 20054 27580 42422 2878 60955 37786 41327 48257 33991 87022 92288 62545 53382 73324 57421 78235 14367 52300 16898 68117 87202 28920 60600 18597 42086 28914 15691 10027 36841 31041 6958 74398 61478 58026 45511 34737 68470 57549 3899 4671 69943 61701 56755 85088 54650 37792 88663 91217 94212 52217 86689 35532 73970 80075 57120 62923 89609 75509 73280 16739 33 17997 32352 91191 47472 83408 89334 25500 76806 11306 54345 86199 27782 70574 49505 48748 9278 7216 15781 25098 73334 38742 65170 89791 3012 12144 91008 66677 95130 91088 22027 58131 55669 96068 5858 17037 37676 7762 29553 5099 38421 61573 50171 92874 88647 57069 69135 3813 39437 57466 14236 
248
89873 36870 15045 28730 96580 25310 85539 32054 70634 44763 81072 38454 41826 45693 67681 76080 14558 13314 64219 38833 62105 85583 22745 60832 80717 73430 71233 8946 82666 17996 51946 23227 69632 91734 47450 67729 77830 92245 36720 29934 73300 69435 40273 22957 19880 93214 76848 72696 29698 53108 45897 56070 46805 4446 73083 87941 96918 78603 31757 21583 50258 32777 81668 57021 17906 86287 37949 44275 85349 36625 39269 8257 89422 49116 90189 63119 15509 35260 13162 94321 73838 61479 74044 23166 71515 95487 6197 30524 64976 21589 45790 40619 72476 797 67051 86597 19947 75448 78015 27570 40692 65897 59976 61696 38086 44460 10680 17434 21249 5386 4659 84909 72655 81839 61577 62631 81592 33116 31618 11392 32223 66041 53568 39046 39441 59505 92280 2075 87753 26073 83741 72311 35720 57204 47567 38853 50329 40831 57252 576 61101 56425 83702 41107 24030 23814 38021 44754 85800 29136 72420 15729 95202 25572 20979 80144 20356 32994 86315 71737 71167 60901 24204 68612 11055 47331 5385 77576 4625 55111 99604 26746 48330 55848 53840 57663 88410 81337 14773 28787 49753 51235 73460 12282 65445 12010 13463 59729 83882 90451 52301 6173 60072 24451 39417 46153 40304 28412 37540 47755 43977 45870 46916 69094 78785 86942 62906 3049 64530 4274 19261 29118 33107 31730 90486 33561 94133 58148 34655 58005 7642 42020 84278 49635 90622 74822 21492 28834 76469 51796 61878 96081 39949 64606 19418 7380 45138 69954 80916 11601 93320 16801 18025 11101 33539 35702 48435 48214 
65
95867 43812 42347 25020 12208 62995 6325 59508 2005 12113 9889 17085 40462 8805 7228 89272 95232 95682 5912 84051 66636 94856 53868 66538 63769 15362 35365 95160 48103 65243 23648 36298 11034 54750 99028 99812 73619 78875 65121 84573 28757 57236 73472 79070 64719 11906 72630 16215 3074 17429 93652 47860 23363 24834 49202 63574 98269 83284 60490 93787 26962 98315 58695 82022 47118 
307
37643 42233 37401 60892 63255 3802 60445 10088 75970 11557 23065 63395 74874 63496 59293 24811 28109 53713 5073 75568 91204 73056 45398 92499 7070 43713 20366 57509 89762 85042 88330 31136 83546 28983 14856 42509 51812 82803 91300 51226 45843 44921 76752 91049 92696 41845 12307 14304 15047 68478 64445 45943 60686 54666 65029 91297 85410 13842 57138 14844 93943 25219 21748 29027 40974 303 13412 41606 8442 45111 39160 86163 62624 51630 54900 27881 2652 39190 64266 43243 35606 87291 51477 64388 19632 48284 92615 29031 24598 51530 63850 82041 12377 67916 31953 62728 20366 77666 12955 10074 72975 62849 95968 95025 81153 25776 83691 4838 31515 45382 72258 37500 82030 47325 20922 963 79435 86359 31425 2105 77933 79121 34237 67486 43595 90032 31375 51184 59148 4243 98915 21821 53041 29612 51540 41075 17473 70967 38217 59642 51135 4210 51590 62237 97916 68458 1301 53415 11023 89555 95886 76137 22655 32807 46151 59554 53091 95074 52455 26222 33555 2443 41793 52788 73484 8666 25824 47681 58010 39712 24137 56858 23099 41133 17005 46608 92095 57622 81636 17090 59135 43679 46497 77096 74680 27036 87731 93862 33300 21178 60891 32984 18229 2881 43986 33491 57904 55030 36195 97256 64508 93605 50960 58655 61009 58416 44525 90979 75369 30961 31393 55381 56413 36463 13035 51083 5237 95510 72386 10480 93539 32929 59859 94240 68666 62555 12573 78305 51777 37371 43022 19262 20630 78321 97352 10896 8369 87277 9104 96233 23918 93488 5300 73253 78587 93985 38482 63804 97621 81904 5157 89905 99815 74328 49226 56600 99410 47293 25496 67207 38628 31595 76480 30873 71459 1950 29445 27992 80122 67914 69031 71291 81521 75189 27941 68158 10022 31768 76448 13531 37395 5878 57624 87463 30786 97398 38043 52521 69918 66187 68495 85137 36953 92653 56103 72257 24954 29138 1410 2338 56803 71821 56559 81616 73015 34591 12106 
141
6939 40158 66728 96695 56230 82313 33796 41279 21351 88312 10864 21958 40044 22943 14332 17255 56810 78313 75440 88927 90620 85501 5681 97157 93879 75639 71243 10720 42096 63583 4105 92552 77331 52800 74578 94324 66223 65711 2045 3447 38705 41382 57402 72448 81339 22325 95368 78574 19943 25328 72123 97711 5800 85236 45413 5204 96631 3808 14260 72575 1985 59219 35584 90283 78568 85701 15561 37450 42080 23104 75038 25150 56493 20874 75650 81318 19664 75868 69618 88925 19174 21713 56732 45142 4396 45310 80110 37567 75193 95340 30898 28477 85988 36904 59100 5514 8808 46654 38380 456 3338 9597 23069 67069 50496 43570 75224 57299 14301 27142 29254 85558 5837 42366 22569 73064 87396 9245 84530 30221 19990 95419 75321 31616 87935 76733 39729 87848 19065 35349 22262 78653 83363 95451 35810 44501 73714 82822 3209 55995 54018 
65
12301 99903 69244 75379 83969 98447 33811 41115 3585 75952 69507 26738 19397 16550 20795 58526 61823 84007 34253 44259 67609 28909 70780 26174 32884 87882 50138 24824 89585 75960 37463 23841 96497 78511 82564 19462 50319 10506 48014 9321 56733 27047 58765 83199 73116 19655 73200 98799 92564 65722 27284 98231 62638 9103 61871 686 84960 73190 59976 53337 56045 86260 3027 51053 50967 
15
40927 42416 65154 13767 67746 8305 58967 42527 93970 62735 5251 77077 46561 33580 79249 
20
53182 60467 30594 84942 6266 15625 21338 52568 76553 93526 84494 727 41566 87145 2964 94710 6389 98244 91769 36035 
221
66181 57038 13070 83694 45477 60189 44028 8946 11571 2028 19906 48167 20864 59904 39873 55717 4767 12318 72539 67630 99936 33472 5620 80090 59959 79919 90711 44301 78748 59243 80632 13445 87326 11542 80606 59034 3182 99387 44485 82827 72994 16098 51750 2259 21411 14480 3065 27973 89854 43263 14266 37537 28675 9936 24267 24840 42737 60627 47138 66289 18628 98433 74866 23598 71123 29968 45108 4030 70993 92393 15865 54956 9277 27677 9967 89861 27372 29944 27634 49665 5938 98633 40013 18627 88059 55343 99154 24853 22262 88649 5409 777 20646 5127 48346 10544 75508 35709 96863 2730 53322 40385 4382 3977 24857 15596 9913 45989 23031 57466 59292 12302 65015 19194 1377 55551 73223 33146 94515 25181 34171 20631 88495 95728 77096 59367 47256 68845 46351 84182 5536 95281 84397 4139 52610 90922 28054 73035 70947 50956 59288 46415 52834 37602 48965 24893 39180 77756 46928 23661 47196 96548 7592 49697 26677 38555 15625 85713 88076 23936 96629 5380 10261 55944 26174 27576 97937 70896 45609 81221 57529 84288 12458 13907 64877 19050 14541 37628 67815 80180 31832 621 64685 9667 9766 46060 38497 11350 13427 80750 3909 81401 7030 61175 67749 54860 73692 4521 29286 49420 75940 64754 56084 80060 2038 5906 50403 54275 31276 58509 8517 59620 53925 3791 42534 91304 8693 30657 16504 59905 95964 
36
76078 76320 73916 68806 83528 93269 39689 40001 64508 56279 66320 6443 20462 79928 94143 67701 70823 74354 88374 896 89574 96231 32477 27171 27313 57166 42743 38825 72456 72899 63105 38570 52617 90228 857 68044 
16
89768 32269 85318 26362 56269 32434 65050 93788 67318 6841 69173 63808 29488 70122 37937 72901 
20
96124 44319 69904 30845 70186 36467 46606 34134 83278 48995 79648 31827 6126 64293 6637 28460 38867 27230 33288 95354 
33
5544 24418 42095 93221 42488 91602 59353 20833 27242 69070 33384 95789 25493 15078 34217 61548 32966 99452 47190 68946 49557 71806 50446 96350 88865 9246 64468 7979 66627 38111 57848 19635 71328 
152
74500 37463 63925 74576 79359 83119 85488 52327 16467 33785 89419 74642 47022 15598 66627 69180 11082 11506 61027 42124 24290 58597 53880 35452 85813 97038 4075 37287 42969 50507 99938 15453 83396 28189 61310 16124 65016 60297 8383 90395 27853 45993 62828 96166 97717 96518 54322 91361 67786 11219 67078 29808 40759 70987 74276 60325 13161 70992 55897 49917 93996 68665 79895 37385 47368 72168 35848 63770 8395 90303 42373 36430 81062 10165 56327 62700 8273 8501 99945 45099 27245 13200 46549 97344 22625 36618 31130 52609 56911 76779 50864 23017 1395 52658 71808 27699 18526 35024 51044 7793 59053 5903 81282 99618 56149 18495 89645 60721 56114 8501 59745 45003 56405 2232 60091 22652 60667 18762 83918 59385 99323 46724 61364 23790 14259 38802 1162 77352 19735 52906 21508 19276 71174 75333 83737 41423 35279 13722 6622 57373 84295 34636 21470 75106 35275 17002 40617 57755 87325 51638 62030 90066 
176
78629 30428 70326 80157 64275 92687 77381 95034 564 45011 88917 53642 18262 23516 51551 43985 38456 47367 16573 64922 42006 6353 42783 39255 94601 66967 5846 86503 25118 3228 62282 96170 51278 59714 31786 66901 12080 85841 53184 37838 76373 31206 24731 77029 28726 74252 23567 29209 89088 56667 9561 88294 73341 61917 86285 71812 15231 97534 66204 32688 82447 51885 95881 57497 88600 90265 81172 90131 86733 24965 84086 76168 22545 71812 90506 15996 20553 26834 2548 90690 5981 38367 12059 94311 18071 76809 60001 19018 26570 82914 81508 3354 59116 22208 14260 96074 24747 3196 14024 72350 35816 42621 31070 70783 20758 17700 44216 79271 53580 60400 34379 69625 71426 17778 88075 15831 78765 79597 62334 64523 20470 40537 67939 33937 87069 43810 75238 66686 38344 32438 93533 53119 35569 15989 36484 7405 6791 1613 22464 45438 63216 5739 79754 87572 94048 70166 71305 4142 25837 78887 53522 98701 2393 97768 77594 83048 19313 51441 1504 92463 9447 15477 72375 8645 6275 85129 47726 60653 96918 1302 42116 85348 54381 42030 34457 48358 
182
94411 43575 35023 5906 27865 37728 57009 28976 93219 60080 27872 9105 33946 13871 94853 53674 9410 5585 9799 31257 92164 14152 58548 4259 2481 36301 20210 49731 82074 77289 70566 73575 41689 37546 62237 2697 19278 68478 38068 70332 57182 62561 55662 39821 70742 33433 29889 63429 52845 51265 36836 32593 27509 50504 25177 23411 29011 35570 61337 45111 53447 79439 79224 3534 79256 39912 79984 54549 60818 22743 98894 33179 2008 60877 51663 59986 47205 60193 70384 59004 28741 82276 24161 5195 76792 96344 62827 54896 10975 64462 15785 33109 46921 98773 85121 20998 6916 91743 42092 52995 39570 44262 71030 17494 71595 53478 23466 89765 23373 91691 96458 64209 14093 23740 15419 80302 44851 85217 61113 38412 37703 96001 27645 35464 95839 53779 76673 16871 81364 69431 27225 79869 83442 33474 95748 19762 75151 41298 53691 42326 1936 49924 30229 36817 13455 92555 88056 24983 73346 99063 93248 1377 85014 18545 32482 49974 25831 46964 43496 26841 25599 91189 60853 20960 449 32578 17468 86664 50428 55862 83456 14868 25825 48887 63552 22819 75059 2915 60972 99305 54142 18586 
53
88348 40362 73426 47111 39851 30992 51155 83496 13084 73799 9717 4714 59269 90993 66603 60805 31058 73889 15792 43907 70674 70339 72678 35756 6536 76697 79477 47164 10333 55036 65118 24797 17957 39943 11905 43761 4630 71186 82978 16465 30078 29647 66619 61186 29168 63475 66289 12433 15664 50328 66423 14646 37779 
17
90397 85183 35694 68738 98010 88175 47958 3088 87145 5351 28165 35064 21144 36787 82731 69361 52288 
19
10375 64561 12255 21957 82626 26142 80916 58053 60576 44346 32903 63195 41768 27362 66701 8003 46969 28963 36117 
91
69186 85642 98001 83450 56728 33520 3160 91172 33087 22 92896 58293 43554 16957 47052 40553 98341 76106 28847 55949 55888 13142 38950 21644 27163 59648 71751 16774 66396 10198 72307 61661 17535 85081 12859 35915 93724 63710 22870 85265 54305 68954 24528 23589 28876 38377 71540 27598 20666 5421 14721 6052 67061 17850 67309 56878 44130 6760 1643 56150 93474 44274 72578 73787 1330 52826 6478 33862 86641 36265 25819 15763 364 25379 40153 30066 66793 77509 14176 63966 51647 20037 46781 75671 16106 80412 74371 35523 65132 59258 657 
254
61243 18257 55670 55013 29585 62022 2631 47021 83530 41975 16956 76147 12324 37726 81225 89521 88159 88111 56472 16599 48878 95737 2745 63548 46582 18721 27439 55863 57833 14738 67687 2148 21027 83254 9065 32197 29392 51476 61238 95428 40158 82302 18343 7712 36635 52873 57034 48083 55949 67464 30324 69853 36132 80983 61461 89436 83675 81239 26543 53428 34868 19271 38440 93746 96507 41068 23603 38159 49413 97602 63013 99278 69140 60534 7449 47355 18125 50712 29144 9344 32559 16676 28527 45427 10151 18408 93411 84370 69345 51938 64616 76544 93824 73239 19439 59138 44743 39559 38688 57409 81814 51460 62082 74104 79300 16833 38365 73059 93288 63416 23486 39968 29602 76586 6199 32342 44776 94160 23269 60923 33167 75893 9049 36197 11804 9896 23939 89454 31591 54293 69901 766 6174 47798 92210 88623 21554 31410 4548 902 28560 78541 59236 84543 45569 68923 70179 37045 99664 93783 78615 58916 1091 76157 17320 23976 24703 57220 98150 30728 34406 17191 7087 55131 71272 80673 92072 98249 11194 78065 74167 42787 64073 83280 7066 24067 90435 37578 9472 45722 43825 21934 68268 13667 71368 64545 39322 89965 81757 47430 74261 50393 56925 3791 87147 17713 98345 81739 42401 15745 46265 99897 43863 72675 83822 29675 13461 68998 81819 67840 89923 82701 75139 20930 84212 61716 85105 92443 54000 61172 79564 90146 62379 35144 29790 68208 55355 65871 3326 86270 55218 45787 48701 4507 70905 32109 91551 44987 3447 27101 11381 52934 97219 8788 13751 70404 52443 68997 78441 98092 47379 54700 48848 42786 
16
13362 69530 47390 65670 29399 94313 55035 11913 20390 87667 49019 82525 50022 77016 35457 45727 
128
10982 49186 85465 30595 10157 42961 43083 82899 13930 75101 21536 7887 55240 37087 34865 20442 10644 57706 84049 50592 40376 87822 42866 17491 65770 48114 23789 87405 37876 61723 3137 90340 51025 1820 94947 6541 40204 3243 18628 24705 71605 73172 3416 84683 36208 64760 92665 43036 55209 56655 90619 17126 55555 81243 4614 14958 61310 3541 84006 44030 51148 80137 59367 66434 38266 17091 6516 9469 66543 90237 76901 46500 78551 72725 34700 73616 19359 38386 63454 27827 32472 94143 42901 70580 77093 35201 6180 10734 74432 41523 52414 78894 47529 39120 67374 98496 31656 84655 48195 44727 48377 62575 77774 52966 48349 89188 64444 37630 15074 57268 82712 51228 38603 91898 51420 30290 41992 32020 44854 41497 73278 12428 37985 99064 5200 32242 13925 3208 
1
34833 
60
98713 24103 32236 77379 86276 56463 44678 22412 6136 47951 43707 48665 41075 21672 75385 77218 20491 25579 36470 2134 70222 96973 30162 74247 80610 37708 71645 10068 82668 43202 10230 89684 9738 78226 53916 9578 88231 46596 26258 60752 39495 37647 83362 55160 1725 35790 6524 81384 38265 47577 18882 72967 83378 44842 11068 38759 66742 78840 32707 70856 
220
4434 287 18777 47798 81384 1446 82504 90494 88930 59264 91985 71142 95716 54869 45328 92430 57262 57912 79664 52792 10582 15562 98065 87693 15915 59870 90948 49691 64707 68999 91355 97793 89784 38969 68081 47795 55769 52790 22268 93911 17604 60630 32838 8569 56633 34172 4014 87361 58463 68499 40561 30395 81612 69924 11587 78151 26593 43623 35087 41232 90783 3327 6856 52404 36654 83253 18849 68383 10229 95816 89665 81513 42398 33047 59949 13169 19818 7987 77719 1776 98151 89624 50780 85914 99190 86756 3828 619 98207 28863 83978 8739 97569 37960 18054 28984 55421 29652 82315 5104 52278 296 87810 66777 70718 67705 24756 54792 91511 54106 59186 21168 628 65699 24778 74646 76790 88060 23722 19592 58170 55614 61736 68983 10541 78436 15604 32101 51515 54489 55258 86581 50829 73900 85807 48380 94012 90705 80974 25745 26623 50147 69666 40038 47345 3155 18888 63948 10018 51439 81442 5168 57996 26561 33855 9542 55565 67382 52173 82712 52925 35078 19656 76369 30585 93375 38902 62679 73039 23250 6362 38609 22041 48488 10535 57486 55919 84565 98359 99770 37875 74741 605 83010 51823 42693 52607 19920 69496 55541 69367 87762 95396 94197 87497 26741 66641 32086 66865 51050 72714 97953 3717 43270 69445 84524 57792 99761 67644 14892 61060 68671 77128 71894 17199 89442 72518 96271 42728 66496 
61
2997 80040 41666 44458 2149 41419 69898 77988 65570 47414 88981 92291 34847 93348 32350 75471 36018 54811 59553 78968 73397 7735 59048 23181 55923 38623 39688 83678 60433 80350 7111 10579 9685 69351 30062 9376 22214 15538 1612 32016 52595 9205 59978 70375 26500 16688 35541 26213 12003 23839 46287 12480 24413 13732 88147 95955 25076 66895 2137 8184 59248 
276
65514 49047 46696 17847 44514 3456 78171 37010 94190 74798 26799 98772 47174 89794 14134 79100 51916 54654 91741 62150 75249 92645 48987 24068 59588 21467 11180 26292 43682 14640 17745 14573 37462 43153 10883 6756 40942 41492 47617 65087 40522 39545 80598 15539 11952 15282 23089 181 41618 62833 73493 92878 80754 16956 55683 68370 34385 22083 92358 89943 12434 42724 22344 97425 2448 14209 48301 9579 86397 81404 40814 75595 327 64914 14632 15190 21861 88845 69387 84195 27009 29243 92912 9523 99696 65978 86178 89978 78377 75105 22048 94673 91386 71347 537 90099 96086 72648 45009 81080 15963 31739 51655 82795 23449 22919 33100 92123 87225 52302 43633 90879 11014 88703 44324 12147 64914 49852 28318 86083 52870 50839 13439 36486 13675 80685 32337 32699 15562 5270 28751 7111 97374 21172 3675 56983 64795 1532 23608 65968 91354 70261 82835 47471 36038 44919 93877 2649 59829 45873 49062 91698 23492 86071 48733 35971 53942 89160 16834 89368 37039 52200 94921 23444 47859 56075 33976 26631 92040 83380 97933 10829 30126 86894 55789 1209 87531 75337 32109 60777 72386 70632 86954 95243 93401 27298 27031 60238 82384 6786 73776 89213 32484 39943 39214 73904 36038 35784 86507 12741 83001 94741 45211 83396 15590 48497 1589 95581 86777 11459 19653 88205 77500 95736 7444 81896 12178 40103 8267 2924 6442 50328 33681 68313 76139 36278 44269 10112 98768 6847 1217 46744 93590 12468 25422 34984 64040 32754 50548 69786 77927 82512 27774 4024 42705 90749 48813 71660 33257 81604 41686 35035 4678 53924 66045 74759 97188 77584 92042 8384 78176 75449 10674 97784 66245 70219 65711 66317 10450 92528 31858 66762 95697 76217 60193 10627 
156
61754 57473 46389 13534 86778 55157 76400 43594 84321 78603 82465 18348 85934 27577 20740 83480 86615 71873 37450 28112 40650 27824 17750 92192 93765 59264 19192 43564 89132 94297 32924 9064 89453 42501 58275 60713 54556 82010 7499 8992 15545 96676 90296 90292 34177 32913 56639 40031 97798 9021 12660 70032 43733 52794 44102 45442 23763 70798 74862 86821 68338 83727 86333 18735 6988 89406 55838 80081 21533 22807 42956 49543 60313 84903 20555 5583 42137 92131 65463 98659 38819 16807 35950 16513 67743 55749 22517 7834 92347 34032 58787 43233 56266 83801 71896 79483 88170 15707 17844 66318 65500 71823 61324 62900 14173 2675 66698 86818 55287 28469 33467 38604 54637 89376 37686 69674 50105 45588 68707 76956 71606 30607 33577 44094 88188 2725 81976 87747 97413 88150 89287 77728 93073 33278 96435 5437 66413 2769 17247 7488 7127 21698 96471 85674 21066 9463 29448 35528 47709 52212 49353 69826 24119 85970 63009 47227 
112
69484 5135 14448 33475 28139 87774 85868 66143 17759 85982 90268 60999 1308 65983 11403 60090 73135 54062 3062 70054 65011 78823 62406 38257 16280 4080 41159 64339 58147 89274 53722 60909 57246 76792 47473 70434 58397 2984 46058 66312 12325 45401 36154 11888 19158 24863 16342 1913 39765 12321 78191 93211 6172 9610 25486 3488 41267 63974 18214 23565 93116 2630 69196 57669 17417 79780 89675 45570 91262 95964 76550 96244 63247 19472 64173 45540 5318 64878 67392 18122 10475 24596 46898 45542 82351 65065 57792 58870 71413 95259 25698 44751 24549 6968 475 90912 64634 16574 80082 48955 36429 48268 7624 59273 89647 83946 95467 31634 83757 7010 77025 62902 
136
17714 51453 29409 75059 3658 70547 19750 77115 68753 25560 96811 76009 52356 9797 92849 63852 8529 11803 13506 43237 21301 27505 34156 87448 13659 94071 79559 45654 3802 21659 50222 81461 28604 17533 81548 89184 84519 2236 93487 90232 65360 44823 41001 65534 70807 29546 44749 75984 59426 96923 29241 51342 32211 12879 71283 4265 68917 27924 97103 84630 47416 38633 46354 23384 82629 411 68620 58679 90095 47785 69726 16768 87340 8337 95223 8148 86505 31471 65517 60348 18715 86780 43262 28524 40403 2089 9185 24554 98233 87210 84658 67870 75149 92958 71879 48009 87711 19403 43451 53952 58569 71326 96990 47509 86343 18315 85759 47914 95797 66117 4510 6817 4189 46062 22590 95150 53891 87522 12250 70237 56963 11100 1936 35729 57748 51272 60859 45312 34944 60758 89580 59536 79979 47790 34112 28494 
45
6115 1348 72429 29176 10548 72706 66919 53274 89966 89767 87971 88588 75243 87785 45845 16480 93848 47235 3437 49930 70587 98522 74510 1198 52735 80304 14807 75068 53293 12649 15804 85326 23367 99936 29853 49408 75486 76255 37403 88274 37025 83864 32878 45520 65041 
86
98601 31221 84619 40082 17204 12393 6749 67904 59024 85347 30527 73048 31742 7416 54207 80832 8687 43096 44792 94628 10487 87229 76553 80069 50571 75418 32514 91481 35148 59246 31830 68151 31955 80441 70867 9240 14733 73342 17359 95458 97991 79157 54663 33048 52627 48019 49344 9292 29509 63832 55648 68847 96629 74711 67386 63894 73927 78880 51166 36228 33027 18425 85453 26598 24321 28821 28940 52614 74245 1105 42368 45006 17715 27135 22672 33195 53936 29319 85308 60983 50946 94936 27421 45483 3735 74383 
62
9909 33979 38697 93338 82477 58770 77963 84989 76555 75723 12498 46010 96629 14548 83098 26112 3446 12532 44069 32565 11471 26663 39576 83539 28918 2745 45455 35749 12058 57848 43740 24409 50135 67600 99 11980 72948 413 47935 87167 23988 55245 27122 11909 89315 59703 70162 21122 62183 54460 21186 22335 37714 82949 32380 35881 82975 41963 99069 45854 24433 27293 
245
52733 25934 8838 4142 1221 98996 42354 9970 55672 1153 83696 65556 63905 76556 28073 76905 57621 48204 47421 26131 92460 20975 36440 68012 72467 20731 43819 73663 39025 48646 686 96039 28024 57338 65898 68052 37794 118 6782 37915 94591 90468 11913 94588 35424 65807 42225 45165 13899 75733 71436 56764 78795 40903 81995 1188 84928 88464 33531 22887 53874 65765 63808 19023 63331 86424 39807 35538 89421 16377 34266 51797 56213 52556 3290 68736 98956 34748 89201 14469 40343 3954 29577 84755 91564 15678 21778 80972 12237 92314 86893 22118 10557 16323 96416 62959 52783 59989 24181 96692 8799 35495 78244 14271 40282 82521 34815 19838 54272 83133 86373 76121 77479 29903 96853 66191 44767 99119 6294 49545 93204 77931 7463 53797 76531 30789 46079 87958 40798 70501 23480 51670 57264 97646 52091 20439 24914 52627 89028 94689 3097 54360 90837 24804 93986 47747 64938 8246 9222 48508 60216 23125 82006 13697 99777 16297 51124 56987 85850 85125 79065 61403 9259 60190 35136 41930 48120 11776 22036 63097 81363 26279 11800 25608 26197 81034 96529 1854 50729 78186 7571 10310 79020 5236 95323 79358 10382 45745 14833 64632 86514 41235 70832 91810 80714 517 37618 75201 5723 39820 73393 12238 11336 5667 68348 17391 96485 98870 11602 97599 88325 16293 14704 77935 28699 73943 78035 47821 43623 84776 72182 77860 48753 27175 31231 30785 1629 4807 9796 39683 36094 10207 75831 47629 40884 82501 16721 75265 49193 79736 54481 40178 52486 3122 10106 
4
21461 5195 942 96536 
158
58106 18156 80705 90348 1651 53313 32285 72450 22379 84995 54630 91258 16566 67219 69798 51724 43711 28387 99954 79803 76407 12799 5324 95407 97675 91376 54467 9803 65930 61202 10928 54161 48932 39026 43181 18937 77997 30598 16698 94582 45219 98535 26864 41979 68564 90708 70842 71444 61274 90222 18922 39773 46489 46805 25924 64997 57315 91486 82304 32985 35346 38910 32865 67763 39045 72373 12589 5115 51998 78710 279 52808 25977 27224 91132 92625 1390 32490 86019 64060 18870 1730 89859 16363 64322 44363 84002 55354 27742 33337 77760 15387 75132 70843 24075 85733 90417 68144 34064 39850 60221 81030 49303 13713 90798 6444 63205 30496 23635 61896 17359 58578 72200 10871 2229 67340 38724 32716 69319 41759 46821 89413 37574 65364 29959 90379 95123 91526 75624 88866 19808 87364 67538 44146 69618 62778 22201 52402 83188 96264 9432 77029 96454 70 48119 38160 6372 37036 89340 65703 66724 3123 26680 83527 62732 88089 98546 18616 
238
44193 17892 56116 26162 45672 509 42946 80478 65028 73344 93087 20615 64754 39835 18372 15527 42067 1392 74346 66323 18093 31098 31989 28476 54274 45547 21674 50074 54455 31649 26634 13173 54063 91772 35540 16850 2889 30522 94761 52810 71334 67836 58837 70372 72141 9689 73083 9182 89541 72140 60776 48286 47355 91939 75738 79954 19421 42150 91917 88119 37390 55806 30422 29638 19590 60363 15227 82108 66043 72711 84528 61870 20420 73845 87693 66355 10865 98860 69981 46173 36591 99835 60388 57079 2140 27984 71651 7386 28398 10409 81249 49357 75940 88289 95086 94580 85 38836 66528 2229 50610 31017 68368 45508 16518 46194 35325 37794 63533 53789 49052 54026 12470 37553 84393 73866 28805 72366 16912 18048 77441 16103 12377 58737 56662 68680 66235 55421 95999 82575 92244 61577 73302 47313 19329 96653 65763 46668 61019 43261 86059 7244 73482 5024 51991 7819 3279 49965 86298 65409 15932 24623 35877 77048 70193 47340 40155 3294 55736 32544 20335 59016 6491 50567 33975 41386 76512 63665 79614 83732 260 72328 14435 62086 31332 67545 27568 77948 88437 36394 30213 26823 26402 40469 77026 57297 33295 40660 89990 58522 9192 53792 67944 24997 67798 11567 17901 55649 47134 36472 75935 76500 57118 26768 86096 75302 65493 855 38452 52877 94919 48093 36653 1266 5441 7608 88220 41019 40612 99378 12164 46881 2472 57612 20359 8992 1796 15426 70821 73928 56095 15015 31496 96521 69509 24131 97369 48496 
119
26069 89017 12347 91341 5482 41000 92794 39667 49308 21044 75261 62813 21570 17160 70131 84944 58324 62054 72473 60720 34628 32769 56611 43839 71920 18255 62818 74902 13039 66388 9815 294 15548 74884 8395 33600 87619 85116 61346 9869 200 37262 45774 12789 7629 2073 46312 40826 5045 69579 27187 57825 47849 63517 22619 56910 57730 83328 93657 59246 80014 93534 72467 56391 43322 47863 27934 12932 12590 1631 11785 51854 27644 58696 23503 35242 55392 67211 52626 86585 34806 70385 73153 8284 12172 23911 57784 57033 70461 12210 91767 92900 77506 19906 88733 14090 66987 60099 9286 11147 19434 29152 17521 13914 36663 95454 15250 22460 97327 21742 48062 31319 51662 6524 37984 92597 67876 77861 24295 
42
43838 87698 41743 98787 77570 77989 47643 77936 95227 47153 39100 79993 92767 44451 96918 20494 24252 84237 15145 85872 95073 90798 47603 57275 2171 80407 35903 85511 49062 95748 68618 32696 30163 94334 63060 43208 93394 47307 78750 7234 28164 58492 
157
68401 43239 58161 4855 62125 21628 4772 86654 78834 89857 43304 73044 86348 87806 79316 68563 75102 57590 41343 96571 91736 30708 74575 16794 20622 1175 19367 54381 97318 7658 24183 45103 50341 20442 89708 33471 6893 85179 82376 55276 75404 18778 24454 3164 89518 8027 5563 30849 15795 73101 32487 5398 65607 4795 4366 91098 99655 32836 24105 640 80996 53389 99569 42650 69780 82322 11890 67532 13186 55035 66886 28615 81611 13704 21266 18854 91700 35425 88496 34634 86429 75859 4156 82045 18981 67623 4368 62189 83205 83993 904 46371 72064 4473 25431 99730 38398 88010 91268 41675 7063 66153 61207 60391 53785 93087 81346 69369 28396 13400 48828 34742 76596 25027 99617 28880 57005 76105 6930 52514 53063 37019 47159 83141 52097 27194 22017 54444 96985 12901 31228 22524 2940 7065 82473 15547 6652 75289 48924 83617 79363 11521 90588 22963 69912 44807 99197 83968 38502 16701 57153 33855 38148 48638 90886 63294 28068 
138
48936 15989 4569 90277 73233 4321 45530 50326 7427 88002 42017 60030 71188 81133 77578 63196 84990 56000 74850 99836 2519 45481 45691 36696 13477 30016 48069 2460 61011 66905 25380 5697 44883 84174 80053 55938 89697 97316 67381 61694 43802 69841 5970 743 27373 8076 84582 94728 74738 8655 7186 24032 39201 87198 23993 97849 96362 61419 42286 76056 22950 96889 79203 86068 14749 65870 7133 43327 32601 35514 54771 53198 22979 1389 63868 34528 15847 89701 9797 27714 64361 88078 84441 62483 85056 97869 91788 44701 27404 79589 57077 22799 49077 29316 16193 63203 21026 32275 81564 22465 64506 20244 64394 85782 65694 30001 97964 41695 46468 28525 65159 5005 80629 6081 24961 16779 43506 98113 41744 78667 23618 6409 43282 4715 36869 19503 64578 33798 37648 50639 52857 16675 50223 34738 21959 97323 73294 95989 
56
75718 35556 64940 77757 77585 2663 23676 51857 78089 90731 6274 7417 92464 65804 18463 23347 48835 94783 73232 74929 90812 39557 88091 49877 70833 4376 29507 24565 15560 57092 13877 91557 21851 18968 16476 78728 53040 84761 81940 83578 68191 7510 89867 73872 46120 92682 20538 53352 13956 15893 39113 54384 3749 65504 20236 77344 
283
72965 52992 30005 53340 6184 83238 25382 81761 19521 23731 94642 32977 60507 9780 69182 9140 20911 65246 54285 77549 38934 74789 63194 95726 14280 29707 49180 20787 1076 87123 9727 4442 22731 54880 1261 62255 12949 53425 46455 86630 98809 1354 28108 79685 91656 61594 30798 98024 54132 50758 60954 6011 33405 52517 54471 41020 63402 2239 22271 64536 30760 31730 60063 13812 6587 42283 2646 82911 98301 75004 84015 66420 71744 29978 62616 36622 47478 25772 74766 92261 70086 79886 80147 3312 11059 50683 36635 14282 28622 12991 61055 47907 59244 58591 4611 35501 85784 5040 21602 24024 86267 43381 69174 1961 98221 35075 30158 53223 99761 99277 90164 4476 43484 88700 84439 47518 46044 36158 94631 59826 29591 4082 52281 69551 77252 93526 53465 55028 42262 19376 49556 37862 88492 44318 56070 13387 8099 40256 40953 26657 1111 4328 95619 47607 95724 12539 86561 23186 61099 94529 3315 51981 48624 69682 30324 2983 38490 11959 36631 54688 91612 13086 64111 75291 12207 53640 67067 69108 86459 69540 86778 2880 13974 17098 51417 43689 86360 70177 83174 62249 50682 46422 84733 67689 59113 58960 75054 32144 87745 57164 66620 36125 44324 36324 22734 82216 97713 64691 63283 50738 66274 19194 87899 69976 73117 29363 30574 68223 32516 87470 94809 23565 57386 56831 42597 65017 6916 80592 10792 10647 91570 86378 25853 10975 85065 82998 2036 79592 96520 79096 9024 59353 44250 33365 34295 71511 5560 93171 45950 26618 20896 42845 44976 58887 9397 85773 2661 56927 79312 54682 82548 20747 56203 77629 88642 17228 50703 1425 53795 7441 29648 99361 82900 1775 66273 34283 53335 26402 13292 28355 99581 16588 34514 43909 31253 63321 74100 27880 33614 29703 88103 80048 41180 
190
58341 18194 24284 66765 32985 79387 10854 44781 89521 5834 42967 74392 52530 6583 22376 45371 39686 37593 37110 6749 23046 33426 39028 16824 74765 19627 93451 72721 5729 76746 23411 42894 19706 3079 67456 96928 82178 66454 71720 77983 82271 31822 94113 96017 60963 96214 69876 48647 72452 73705 58114 61604 63493 69615 36253 3632 43110 24108 10902 37975 86878 41090 74945 49823 99544 36823 42374 95519 76976 15578 85304 72208 29790 48660 68091 95726 95958 99106 1715 65650 5892 81591 94056 46230 73424 41463 73559 59826 51354 3119 32184 67237 8781 53252 55902 76246 73368 33180 95361 92929 46530 3162 51862 58047 65753 74145 93584 69990 28630 57234 75613 41235 60588 36187 58984 58253 1498 32494 18323 89569 46411 23080 54797 98696 48092 67110 97983 59673 72316 54313 29867 69539 73711 34051 1863 4317 62241 70631 28873 67307 93043 51866 19070 1996 47527 27317 38577 8436 34031 51132 12523 15995 96912 10938 97580 45291 4185 66223 50269 91921 21272 49383 40860 26131 56538 82801 16100 13085 72790 78739 41772 23139 95363 4786 45762 23808 94409 13761 75322 79034 38210 72294 21217 72307 83758 6789 67113 22923 54662 17028 
87
25191 40619 67262 71553 46477 45570 14703 15958 93844 34838 61315 16127 9185 42769 27460 79501 17083 97343 50504 22995 9426 83153 53720 27716 86391 60044 48187 34094 36561 64866 85890 22994 12818 37142 14505 7582 79588 56852 26738 52841 21034 11966 33403 61201 90240 44868 87115 52488 13919 46762 74309 75698 52471 75628 81661 96384 18437 25377 81255 56989 6929 5548 79260 78073 35415 40216 14674 55869 60512 43023 20202 85813 37522 73566 29853 95948 98033 58694 49239 76931 94809 32864 86141 62914 14141 68895 40502 
287
90360 81021 24242 13768 21800 30105 6117 34272 69038 84877 52143 73884 25833 97629 11439 25057 37375 90333 88142 34197 98802 957 88480 68063 13425 86094 40774 55618 97034 2889 82727 16848 84862 95110 47801 66283 4241 52158 62410 21688 44570 16310 20029 23158 82300 96731 35729 45984 57645 3955 55552 31563 90352 64567 40455 55987 76578 84760 94710 45375 94153 18728 75898 77951 89953 73344 15371 11610 34219 59626 16449 95134 79381 62378 37368 63378 11214 74431 49002 80567 83678 31956 98328 49762 3427 91638 59769 81687 43536 95012 61650 80777 52037 30909 51549 80790 46137 25795 27677 7885 31531 17483 81604 36227 99599 77866 5217 56931 68053 87918 36731 51789 37721 97164 47935 77707 22373 78493 27530 84398 81103 26496 76537 74320 90252 22796 15852 12238 88798 81872 51774 66166 14042 90484 73315 719 39284 43990 46382 8819 30095 81318 28761 96061 30918 12251 77175 77890 446 45896 52575 47284 51003 51959 57441 12436 12272 55081 2008 88135 13956 5638 65474 1079 45581 20751 62906 14778 28295 85511 78789 8810 62594 35572 42615 53049 81542 53876 86381 35173 86231 12857 16236 32668 43396 7626 29321 39845 77581 84996 1949 55578 36861 95003 39239 25711 64126 96974 57468 31026 43535 66497 77415 79903 77944 36665 54825 75595 82361 45963 43861 85302 84526 281 43135 70762 31251 66897 43959 32320 84177 34410 22115 22021 78953 33954 41882 80570 78429 8900 88671 91436 45856 31179 2397 66274 1214 750 63826 38984 45836 35010 31931 81946 98465 36664 47363 36546 95599 63398 24974 59352 13714 33669 10636 78698 18641 33668 75708 34359 8879 57952 90824 88329 26287 25118 4548 82175 87300 36118 58475 422 73890 81210 6029 90115 49265 48618 16558 67824 62509 16451 11695 96238 33198 22868 14174 
134
98356 61168 56255 91872 41875 66162 46437 7319 98050 4831 83705 93725 17041 92533 82208 90126 87546 70073 55128 43924 70291 40838 52453 34335 63766 21935 79510 65711 95449 33770 52070 9179 3421 37390 2288 96511 7538 17976 41252 38408 35387 62914 65456 40641 29037 65325 49747 40845 19695 18830 89751 11785 80356 91393 50567 59590 83411 1444 29169 58722 59120 33510 27071 12277 46104 50718 94621 75420 48296 51932 15700 25931 33115 33415 55506 9358 4990 42299 33443 10247 23310 95144 9693 47435 30666 78648 18477 54922 94881 44360 27718 6035 86861 28398 38312 42408 89193 20391 70594 25 85455 83420 35515 71273 13053 19004 2351 71922 17501 1777 85998 40053 86497 48189 21344 16954 5389 17060 55603 60586 5618 75974 85847 19326 11458 23134 76264 75941 63597 57006 18652 54665 66643 62720 
57
78243 78203 84192 56442 44755 72039 35455 27622 88740 48142 10117 36474 49902 44740 9039 89566 72718 33167 85288 16818 87977 85416 47263 43422 93866 9029 74373 14630 7224 9114 9912 77291 70454 7302 27893 55617 73473 2362 57455 96358 14751 67029 97507 64432 89922 12981 50978 4947 94999 70840 83062 42908 88649 95440 38519 44860 18106 
255
80472 25326 69906 77448 55612 17858 60626 86188 9112 56637 67223 82935 12532 7505 51132 35926 38521 26824 22562 319 45023 3140 59089 83464 92162 80128 924 40261 21148 84551 45849 18146 14639 30614 76333 61660 20494 95456 89565 33716 99892 36935 11671 23412 6244 89857 19237 31988 60928 49655 38735 89146 36626 49865 91831 35897 29717 31004 85302 8087 13428 28153 85989 86643 12934 65078 14295 14876 68492 6373 84452 40224 8818 93832 72826 99694 42312 38600 50440 78807 96529 44732 51672 74837 49958 32659 38516 10550 63512 66713 42338 76541 91883 64641 8650 84776 89802 64580 87473 75754 77395 24442 37132 13116 76123 21184 67174 40772 9771 87617 5045 92290 58028 63496 97320 47545 70164 83107 272 42812 63665 94713 33712 17188 58836 8160 41480 8372 28156 50962 3412 28142 42219 66239 43532 44292 64609 93548 2297 80935 85101 45026 33924 34286 36556 4115 99127 10327 26521 89218 24812 62134 87222 65000 11982 31459 15455 27170 93061 55537 64785 38330 96174 83486 92538 51052 27916 11288 92318 41597 39056 90240 57566 96267 55381 72911 18346 28473 83794 28233 80308 64511 55104 71074 67657 9581 82132 38069 24531 83229 79645 18048 35515 18613 29314 48702 98907 92188 22026 78509 5104 86164 43063 53112 47571 80334 20010 64164 53693 42098 97194 62289 92485 10822 72527 32534 73334 3520 84256 26714 2156 70881 84532 90889 34239 53407 86379 32616 492 31355 42217 41211 58155 17255 53584 48664 69360 2713 33935 80313 394 36480 6203 90448 73565 72826 53722 26722 40755 15531 37635 97363 13246 29114 62393 
32
71096 67733 66999 17736 14380 24969 48059 80660 36670 8072 30928 19679 58503 89656 30053 53461 50190 57833 12325 58458 49048 59086 8484 95854 81557 78587 2926 40962 18073 60226 1043 33718 
41
17836 52233 96830 33581 86343 31661 21700 48020 74264 59878 92890 41608 14186 1831 26315 7019 67966 11019 41756 65421 62310 96728 45841 34905 39740 87333 1369 2336 78038 58861 17481 59671 84540 112 62827 15150 84141 7582 6006 76573 19590 
131
41145 51064 9316 6114 76780 12655 99422 4418 89402 51344 42430 64564 6860 78167 93991 92530 37974 17492 36913 42543 96491 13519 81028 53118 25140 52812 87785 2189 26443 26543 44448 99667 5942 80115 57495 16593 70152 99264 82241 89503 15948 43183 29430 22163 86010 13171 75389 34737 65495 70328 6978 53591 64279 15031 30905 5525 7007 83965 9872 19522 73542 54797 20411 30983 33789 15183 50343 32951 27097 47106 59462 83849 947 25137 46889 88589 93190 79808 81784 39200 57913 27972 98943 41644 44244 36120 27345 59121 19903 18649 33756 52020 34267 9783 4371 23623 16027 13772 65008 71332 46343 19275 5708 67819 46109 55021 20472 52735 30205 48418 35103 97639 46457 64553 38628 15826 15339 19585 75095 36688 77767 9233 95466 12107 62695 37708 10501 43432 7799 29290 53262 
148
23358 71027 90566 77234 76361 13481 79348 51816 17707 19669 42825 73744 74214 4656 87825 99272 21464 73095 50811 63115 64792 58213 30063 9280 32964 74375 62387 58471 84365 39784 62672 46372 8597 75076 9396 7095 95271 52223 83151 45080 10764 42661 91250 35286 28909 50136 84935 52445 11885 19117 99635 12333 53367 25049 17713 26398 83504 36644 6390 69993 40480 40886 5325 71257 50190 78184 2755 61901 11631 30498 74893 46967 63508 46447 93144 75073 81063 34060 56532 13495 29513 78411 76876 22825 52972 56379 59715 33116 16735 53886 62970 37388 79372 60474 34161 22686 47385 71446 19313 46506 90556 9510 71492 84557 6836 92447 37837 19856 82199 4835 79951 73660 90750 22733 66200 72957 62888 32178 51927 43695 31312 90958 89976 67958 86494 46121 52052 60354 58384 52590 73605 36425 31395 82798 99968 66379 26784 86109 7072 2392 54194 72676 21758 57061 2735 98101 79201 34406 
162
88520 58981 18905 47330 86710 96557 78492 69188 69633 63323 80977 83079 67859 54175 45823 42380 62060 73235 61290 66742 65435 68761 59875 17499 20371 85194 84003 62124 38584 52628 41244 67878 13874 97188 20811 99307 47131 6229 6457 22579 2612 9970 59238 21384 95601 23107 55839 69772 33764 16820 46474 11007 55324 46795 87241 99248 48392 22621 34427 90534 11163 70201 17318 74276 72934 83933 31471 15431 12884 44715 31 18260 15633 63356 79285 18321 59755 92374 64584 70488 96899 59929 18022 36306 31694 48648 66097 8874 22517 95510 52320 48705 68297 12328 35243 12093 84087 18816 62341 5836 36568 65611 86829 73594 15965 92940 83467 67919 10140 19519 93831 82839 57562 8311 45532 84766 79884 96187 62755 58386 39271 94294 41378 72184 49912 64342 36483 69245 29534 92100 6159 96707 30849 61033 13829 28471 50146 4679 74247 26377 74137 83873 33620 3613 45411 16478 58276 53252 28471 10642 86978 61571 34424 49544 45111 22416 79776 43283 67648 97514 25581 68866 
209
32736 65338 20221 7327 45012 90568 2307 85711 70167 10104 56746 93424 82374 5028 31651 18695 14903 65813 42015 19559 27203 40685 98755 58618 35518 1046 97931 4956 30411 52312 9461 68348 26491 91927 4529 16712 48661 40226 63766 51731 72727 30751 25267 42382 98615 98396 90408 27436 72687 55860 94146 9203 73128 47350 35951 75177 41416 98816 92958 67239 43623 75672 17164 47602 49382 98288 18537 23904 52729 367 48079 92777 22746 66350 72937 92723 63445 83575 59669 24286 94716 53420 61984 73914 74930 35304 40661 28859 94843 38852 84167 60918 24612 75362 59511 59059 15053 5414 20907 35059 66735 61031 69751 66747 19005 44242 10139 96820 58802 62821 99454 13239 4721 83033 43145 44692 52425 49744 47049 45576 25085 7006 49907 5741 75001 40552 52467 53459 86113 39672 49402 42750 39698 16434 66543 4687 50141 67231 26983 18278 48503 47331 2754 27344 92747 6985 8042 57826 13529 56646 76061 37640 83785 77997 87670 18383 7984 83784 30633 64503 77730 61278 90231 8824 44661 59656 3988 43059 77818 28159 68588 68663 10643 68236 60627 6392 92152 76118 43470 52877 3590 14882 41019 22624 86883 46044 24637 60527 37243 17595 26282 18336 23341 76163 36389 4142 21323 50511 46806 12951 30437 15308 55746 26743 10475 89650 59006 91595 62979 
56
24563 45345 80063 97953 92738 62204 810 81462 44068 52237 64239 99827 95076 21826 90017 43687 29157 36896 42346 17021 99454 26212 56063 95746 93765 21538 53233 92386 4170 68460 70803 34561 3186 56820 43188 99190 25768 30848 43980 18332 51883 15188 74310 52174 4227 734 54826 83431 62591 11910 10101 77671 67902 83867 20533 97660 
19
82111 85081 79750 32986 48842 15035 1519 7187 82800 63928 89691 88572 96391 70633 30587 9497 15755 47665 27784 
180
62620 72970 20246 22883 86531 80839 83921 97212 40837 89372 47136 67930 97468 12997 99815 62992 35083 83232 34558 44843 85137 79613 26641 55315 63897 72022 27985 10825 17393 44911 85862 15734 67120 39751 79290 57410 13519 27538 21342 66286 126 65068 23074 61831 74186 37522 77649 39676 10748 56453 40830 56184 1372 67668 71331 46274 37251 88752 71890 46551 79283 54620 23285 79838 67423 69486 30084 19470 39621 80770 74488 84221 91571 34344 90649 27159 87121 27602 91712 46504 35313 65916 53355 62300 6927 70701 4084 15093 67710 58444 39987 90396 23139 83406 92290 11834 65363 35658 20178 49523 1668 29370 5241 87730 1213 81763 39600 67537 20608 33095 13065 78223 47723 81049 17934 46315 26816 22941 43190 66294 47025 28346 32862 31826 78104 10378 47079 22612 32093 85770 29250 10428 24436 44991 2558 13101 51914 76935 51808 17869 13931 20192 48187 53292 90646 23002 58376 24221 19394 48363 71206 96516 2863 37888 89827 24354 23628 92203 63428 56416 823 18533 62079 75460 56552 44875 33430 61587 23215 44716 55268 95580 7528 65712 16996 37096 25023 68747 50374 59476 
21
76673 19400 30727 11363 44856 63508 25428 43999 50588 1038 17507 83222 65351 72207 97593 35319 61448 77462 17356 54848 29844 
114
39382 93777 74394 67427 81853 21339 38321 31687 2138 17568 92236 35516 25440 30727 83451 42039 71984 32096 23081 73080 57537 88230 38246 38968 23892 27150 24391 58927 39862 99209 15277 87121 59062 93209 96132 76740 75649 82802 5322 14166 94028 17254 63252 44741 98134 12794 90385 71817 4056 67001 35096 22315 38402 3065 99802 43117 71326 22413 49342 28253 39369 86445 30308 50338 8595 36561 57847 41273 77588 68877 38889 39989 78818 60066 24997 49278 15840 70489 71995 16110 3492 96596 94405 34954 44540 37463 74785 3266 19195 40603 65632 96728 14798 39143 54994 47301 87759 85623 65524 95492 26829 78761 90855 73814 75575 3543 25171 82257 27278 69828 4213 48830 56599 10998 
9
86264 29059 80724 39701 53461 3946 67605 30045 66880 
28
78339 40142 1151 99698 47976 28575 6614 91279 95107 78190 49080 23558 27072 2014 43711 50771 4327 44043 82246 8732 93231 61781 7821 10049 53370 26041 48160 3890 
119
51143 73041 38260 43965 76058 40963 91916 89181 85733 44969 74646 58175 16614 33697 49232 28923 6457 96216 89992 10421 90713 22979 90310 77145 21869 13452 59027 50979 80925 66513 77518 76514 43607 96365 29224 96627 47454 79385 16372 59666 65328 17027 52089 51250 39142 16420 77789 71068 76873 40098 46398 78164 97575 8647 59476 47493 88401 28816 35918 51983 35058 69543 24924 72417 29187 80823 52132 1053 42610 71558 36463 5751 19174 96823 74452 8918 21723 86192 70446 72798 96644 95906 12823 8710 93926 71631 96061 25360 31778 17838 15612 40632 44123 389 66326 9926 16303 42950 42848 92379 36508 61859 21689 58207 53494 70135 60381 27974 41776 82621 14227 4685 19473 22554 50703 78916 11994 11728 68175 
289
48568 94102 63234 16140 21991 50532 41153 9933 6104 42693 59203 99662 769 98166 44474 17767 75554 94107 66572 80563 45643 52493 60755 29104 73728 39462 75421 60711 67049 1230 46540 51293 29601 50340 32883 61352 60695 81676 18268 37599 50161 46363 78952 71079 47342 62334 42920 56669 394 24371 87922 34394 6737 67693 23600 12574 53779 84713 53879 19332 19673 13605 20929 53497 66077 38233 80379 51893 10732 49191 27785 65424 49119 1166 13925 36611 19309 12360 61365 82803 14136 48700 8807 54108 64213 3752 13192 61537 32714 38361 16754 44299 36198 2616 42996 71199 47141 1663 48900 69199 90495 4202 67047 3579 3993 47352 98628 49832 36131 87875 24107 9182 10460 3084 88571 72065 58726 3767 52019 6543 24039 65078 65156 4227 22260 62510 12614 23822 91066 27299 45175 20531 7996 95054 89749 79429 31602 13399 32893 45769 63769 14366 71210 91633 27201 88106 74506 5876 33245 23278 88688 39714 42244 38842 32197 5393 64492 73045 57539 48260 15147 45434 56188 97505 8367 31454 29299 61830 74730 61258 38011 24908 54609 62011 16584 996 25593 54458 69976 5638 50622 13212 61103 95451 3045 38114 34061 81446 20545 56 52505 71142 84300 18500 81123 68671 75942 87018 99926 44274 6789 9080 99814 66532 86832 54856 90780 28444 68315 95850 97276 48566 6085 37505 90863 51259 20855 94679 109 10025 24247 19 60400 25912 89755 99378 78806 92081 31856 42514 81218 32365 2083 96308 5342 51177 11643 32870 81764 41438 69274 24672 37433 24313 57095 15436 60945 6477 60837 13490 46949 67363 80779 99312 2916 92809 41297 63161 53232 53537 17285 30921 63254 77399 87548 68030 84417 89820 17811 22221 2469 67038 20596 8936 69163 36200 63832 30621 65546 65366 88378 74553 825 89725 24942 88075 76463 34861 41750 
213
26403 68508 52514 61399 51201 58085 44873 10797 75402 51357 5867 7233 75369 61808 12550 74682 8593 22279 35690 92997 35592 91312 13579 36861 45660 31717 88007 5241 4010 55276 38218 87432 48054 60102 53536 71749 5338 57324 2469 92151 93910 23503 37884 538 99288 69776 54916 45418 70567 65881 72587 60961 8069 24976 93748 69421 1518 15453 95584 34284 72115 12215 14661 46865 80823 55022 72404 61293 82225 86312 52472 93251 28852 38788 14485 21304 52811 17883 12953 21533 20263 34444 2694 28875 19741 73526 47103 19235 13423 80479 54887 55998 980 71368 91891 80725 1814 20063 74457 5421 90428 26469 27455 53986 66980 49218 7374 53925 13265 18756 14305 49835 57460 11181 93016 10660 23189 58103 52073 4093 87621 37706 2634 79549 55991 84995 85994 15119 20793 6463 81715 20780 65916 50164 69619 3587 39987 45748 63548 4813 7360 59494 22737 10439 63158 12751 72169 70324 21277 63590 9171 64678 56601 40268 67548 59019 43490 98604 54499 98318 45400 48257 41803 10143 63947 28552 77417 55452 82548 3559 43407 29326 34686 52938 25367 48758 11205 96288 12686 98563 16263 16237 87933 51334 97258 45250 34482 14753 98728 93824 39863 65958 31654 48124 22828 45736 54398 47663 91668 54162 1679 40402 73644 6364 39466 28347 24201 28574 17962 7735 17534 5621 7724 
142
42289 69474 20715 9464 824 80821 69934 61333 80176 96575 95184 61412 78475 8043 74097 99097 90196 23403 44780 91750 90720 3730 62575 29527 29635 36716 74933 47936 55178 9312 84564 58841 89270 93309 48472 25662 29350 94475 67694 40843 88612 3113 75048 44916 15600 5315 19997 17118 98815 40116 54138 27381 24927 48034 52548 73549 2404 24763 59856 34952 82454 37923 38159 21595 62252 7420 41216 39871 57183 10369 7172 88558 76918 28490 9606 39324 96213 7967 50918 16967 75839 29797 61990 41831 26664 60917 92281 2128 98622 27358 15058 23822 99206 4093 86645 33849 21923 85494 29174 24985 46061 63601 44636 70723 50684 20220 73015 107 91494 23248 67874 14771 88570 70862 75618 8274 49185 88684 51034 9783 62520 19101 64353 32989 71200 46508 34966 20545 7328 28488 4300 85066 80238 86460 5200 77956 81638 406 12183 61427 329 66929 
220
43723 705 27367 9662 18786 19356 65673 11422 11227 54272 78818 82756 79240 20785 34322 1638 62158 38039 19541 6887 71063 8827 75944 15006 80610 91470 88900 86876 74915 79477 90722 79297 16977 62311 87528 33987 45012 21690 83523 65631 11715 17867 22068 19259 13656 82838 63089 17417 31707 54820 4697 66173 50217 74453 80362 9194 48269 22549 45990 20240 30225 12952 59951 39432 7841 49101 69223 53132 47249 84191 86237 73023 90398 93827 36889 59716 63454 32468 50893 19716 74802 32664 55372 86642 49989 11486 25109 34973 7425 19619 21601 50821 34951 59314 74668 30465 23211 89181 31415 64814 8910 86979 71299 67161 8157 91430 51018 88021 18432 19875 49117 14437 99891 72894 47764 53719 26109 44962 93043 60463 21189 72693 7798 46586 20412 13282 7051 78618 80201 29575 84732 25401 74642 93678 71265 10448 77191 45425 78382 8421 63364 7185 3456 43004 38995 47602 71895 33304 57809 12321 22108 56217 23201 55749 24845 15330 60017 71398 99198 90056 36125 31734 47586 42754 74868 85795 98141 50420 74647 42554 71789 89856 11528 83371 97386 25431 36012 48503 54847 20875 31670 62116 45199 19570 73434 1977 64143 45249 15750 27727 88282 46634 30226 29621 84530 88485 51466 80520 13385 18889 82184 33108 50563 99581 94228 82634 15423 59275 94223 71551 61883 82880 15864 91617 59247 57294 87415 79449 92965 31799 
173
31806 93402 67452 90904 52675 26624 1315 85653 66742 98438 47740 76822 86149 41294 91118 58128 30181 5835 25646 61217 98941 28570 51972 48939 14724 62680 7069 72769 21442 56357 63501 76345 4307 94515 29122 58737 15708 72062 89783 80426 52512 35149 44619 51710 66087 14144 81151 64878 91424 37041 51629 13282 82820 72273 59917 12343 3398 24795 5524 35907 57702 57480 5637 68645 18470 55479 48974 67230 56010 33705 46470 49836 266 8983 29718 97490 87661 13167 37899 58139 78004 34932 2826 9757 75326 25540 29006 37637 95080 56579 16410 67000 8147 63182 90161 57682 34369 4204 27187 21933 88631 91151 45318 68339 84890 53049 22053 10211 16062 35737 50840 31248 73960 70492 76378 13082 60103 10252 9708 12223 21769 91968 6992 74689 59211 89558 5684 82454 37563 54083 96492 45835 1816 53030 1289 55340 73633 94138 63476 15396 34497 84106 1089 54509 61531 91517 59196 92266 23602 72579 62917 91595 30441 93487 43528 2716 23457 82895 1742 41382 69176 34207 24081 94255 81811 92572 15806 25633 95672 22022 78004 40379 18062 
142
4789 51161 39756 32142 33053 5958 58123 83077 74964 93073 65005 75038 17229 36517 86975 6851 11633 78722 90666 7220 62898 5899 22616 69612 89666 93848 49551 15510 29631 62130 34086 53120 31717 45339 21631 58934 92735 53227 94192 42703 60197 80219 37447 5136 97661 46854 48838 29257 1609 4952 48562 19305 33708 48004 31667 20291 11811 71875 4876 89065 11107 99698 38391 41924 78593 92649 15520 99218 74196 61237 96011 15959 6276 11272 52969 63043 57257 47313 28291 16811 18398 43217 57203 12765 89950 72114 43182 97787 22878 1497 51885 65979 12929 24070 4398 75190 90798 99540 97567 78003 38551 68642 80090 69204 62250 47021 91840 51011 77721 78088 47009 39200 3438 81739 3171 99674 70596 95119 92478 37635 10789 4178 23777 48192 12280 88027 80832 79067 42533 21740 89999 67582 62281 61625 66775 78997 52105 76663 63492 87898 2200 9908 
76
87938 24117 61255 89861 21101 70112 8708 46487 72818 36090 43367 15439 75305 97498 48138 6478 6850 57203 19857 56207 87016 32386 97735 19362 3426 39158 10157 76330 45495 25217 50015 89370 6302 24509 88910 87892 7242 38661 89503 37375 75881 78734 66855 59706 88307 70819 32159 47694 43286 11161 6461 82694 60939 19467 71301 90166 41682 87857 85167 57254 15295 65936 35451 96045 86561 36209 22644 8579 4899 96936 15448 94703 37624 90758 14826 63139 
84
96675 35777 35013 60609 51977 52138 48939 32483 22342 16145 53816 95587 75342 91334 82681 6101 12052 44313 43090 84081 20666 50968 91460 45809 9666 75036 9071 94313 37725 61217 21461 67751 30909 67492 34433 652 8415 18975 1616 68996 52601 18689 84953 22530 8746 21140 7864 84443 33048 42161 95599 60607 35854 95861 98261 80409 50287 93906 89125 58040 50413 67721 12777 86071 64951 50031 50072 76981 86503 40041 94950 35144 65927 94438 65085 85255 2584 13999 15517 80423 18218 44555 24888 55871 
310
42967 34479 76939 37956 4311 5636 93950 87485 99006 61244 61119 68888 33614 74545 97350 22823 76969 20034 36702 10404 5515 99848 98419 16839 8932 44323 98539 45802 15611 28612 83320 27229 63053 81695 29809 33363 6294 19310 63250 50245 51956 56524 20372 23095 58279 93074 43887 54070 64641 25222 44892 60938 77245 56395 40537 84337 65309 67030 42181 36285 26581 17234 59687 3536 20769 61524 35262 93504 85033 1723 49419 21721 2482 96849 67817 40934 55030 61590 50738 8876 51328 39376 88074 60586 10701 50253 80916 82731 50933 58184 85859 65107 2478 36790 680 68450 3649 33212 6016 3513 89777 38040 38412 336 31243 4998 97539 44063 16696 67687 25432 66353 5263 54520 46626 87101 42769 4379 26117 54339 83534 85110 52045 56741 3612 86345 2760 12654 34328 2013 60741 19423 34265 48376 90739 57028 60277 29624 25455 8320 34222 76910 27416 79278 83927 98989 21939 84187 61382 86306 8169 95664 58893 60440 72769 31726 33751 44563 93844 48021 22198 21560 40277 34892 80835 468 32894 86396 33649 74296 89130 24436 25125 80693 6840 42221 35810 92747 73401 92233 35299 51852 47700 39222 4455 23820 17738 46163 99949 60992 73732 88839 55196 95520 98746 37655 80164 48271 82966 25069 1406 8595 26278 90318 23918 52047 63749 64888 78216 51946 55287 7609 42315 65040 94905 82655 77405 70258 7313 93589 29637 14950 9306 46112 83136 45016 13933 82349 76316 3812 93027 58164 65782 63768 45738 64621 27087 43096 66696 42465 11689 12960 80998 1465 15100 7735 42658 22873 78627 30217 73765 12195 86302 98078 1317 38021 16904 49499 99001 3204 74048 81548 5247 41817 94421 62865 53369 1641 71183 79082 3605 72814 87239 36554 71782 5762 84220 76619 40507 79119 81974 87464 926 21727 23827 95182 19389 89209 36488 73201 88701 38885 25746 18481 79993 84031 41733 98471 57270 83429 54887 15660 394 72817 68235 51825 971 75060 70142 73673 
229
10644 77933 86991 85809 42572 93668 67134 67015 94458 59754 59095 65930 46666 35845 68341 58649 33059 41609 44246 2674 72600 89063 99326 93885 22788 70923 28992 507 69103 30079 15318 76332 55746 11952 32213 2210 36708 18099 84722 67663 72492 84150 28203 44966 62228 80954 89363 77389 11490 11315 14562 84161 98104 60067 40555 83088 68893 86515 88328 92735 28616 20092 80645 79978 22120 77260 14506 58985 70637 84358 12507 90948 78430 50015 16053 7012 48606 54654 77168 73348 14217 50229 87800 84121 61993 93520 39514 14252 44804 25532 66903 29383 58591 14796 38456 6042 44459 81521 22189 11111 42799 80400 72429 13983 45595 28746 40215 72521 30151 71958 76662 17228 79247 80777 87185 11828 34690 96542 16008 54820 29904 71965 38868 26049 38722 33718 41820 41809 23039 62614 18557 13335 1996 3514 20842 95237 44379 3803 885 78576 47780 56952 65538 33017 89250 12802 95844 37830 58196 59580 18382 85803 40873 45268 69468 10502 50597 44593 422 67493 23404 25310 47044 7029 32948 41737 19911 1008 41008 49637 78815 82903 81704 91971 86011 61598 39567 52150 98613 98480 60452 79753 4684 36331 37209 14747 25086 77641 44687 82727 89501 88425 48901 70297 77000 2617 35594 86951 36249 91667 63700 65950 28657 20451 63531 72977 44498 31519 1465 56458 21471 95186 65537 63994 80160 84415 50889 78310 61467 92804 70520 37696 71578 97599 88324 35384 46338 13145 52277 
141
12902 94792 40802 15542 91562 80434 87252 22757 86230 57899 1357 54276 19237 46290 35407 38272 16574 65060 58131 71567 30699 6302 45749 77273 55733 31660 66170 36433 64754 53761 1958 66585 25286 21458 15081 38499 75642 67417 486 80083 60488 63538 47800 20876 29588 28009 65434 15203 54522 69462 83487 62206 84257 22185 22127 75616 84828 6824 96097 29778 58231 47526 1756 27651 2825 89908 95200 55095 18543 5591 31094 83488 94260 74987 3817 80228 37893 98468 207 96574 56231 18601 5084 65049 85606 7499 51933 6874 74398 82958 22623 87652 12840 16574 15794 15236 24647 77716 91087 19254 70384 93801 59738 72744 37898 68748 88066 91852 89593 80382 78663 20731 71104 20273 757 91731 41442 89475 25332 12372 12591 91907 98264 19090 3100 79984 50253 70580 93154 9154 17767 92037 95967 80896 84410 12526 1476 94364 40083 69121 44260 
178
28519 47249 45914 65382 25159 15903 13794 55298 89190 69761 80766 27801 45900 61068 75514 44887 85027 38672 8837 23307 38253 84264 51769 33385 92111 30004 68578 82772 87980 42333 94204 34459 86142 88838 89319 35779 93637 89027 74705 21534 13680 27013 53132 83060 94300 49155 25050 94194 12160 28813 76285 88060 95440 70431 42388 75549 91045 3867 48443 32164 88653 79288 12937 81817 90470 20977 54297 59801 61584 21905 83508 56956 91272 86846 37091 19461 94950 7245 3574 92475 28301 23341 25204 6870 46846 64913 64131 94716 18162 43052 12203 90864 83232 55068 61761 76798 21018 32959 59590 70360 1991 41338 79406 1463 1151 50244 46579 97198 1226 63013 18067 26791 26714 28061 840 79397 12504 54600 14202 47591 3182 91910 86034 1019 69192 48030 20006 32851 81819 76567 12083 56881 99959 768 30419 53520 67174 45190 85054 64550 72232 80070 16134 78920 37114 66425 69908 80916 31074 76738 90358 23992 56342 68814 36499 75982 39376 94342 30732 38998 71542 53737 72857 95549 19624 80045 14182 47590 39951 64901 97960 17230 87895 91079 62158 40349 89464 27033 
190
69135 3953 21518 98673 49489 32761 29926 96425 85127 15991 17050 66710 96320 22004 97935 32419 26344 26295 63408 77764 67141 6437 57745 85911 52590 69937 16754 62112 41959 74528 29275 31438 1537 72622 13731 72802 98874 4824 71862 71546 18768 56897 25175 91953 54817 52719 7455 96623 78822 36359 78866 80435 38880 6197 80386 86471 69627 86669 23505 61653 79617 26732 98471 36159 61611 16372 20300 12525 23619 66357 30820 25561 79271 43036 48590 80316 58105 54219 96848 1538 18995 69580 16248 38847 93340 84055 59014 36872 3702 66660 62754 90907 30232 87229 38563 95147 25924 23974 34275 61961 93232 17581 84352 95693 19772 51735 11135 17068 41769 2521 12706 44104 62910 94099 39753 17049 41353 83809 68295 21928 89235 51339 91418 34289 23355 87355 27523 33551 13615 14167 9050 63549 86418 87326 4683 15721 34789 70778 76997 53540 88065 47912 24634 13437 96103 68777 20325 86451 73989 86368 98882 32746 42990 78024 16400 22732 92551 19449 92993 77840 93069 26270 97881 70248 82081 38704 49134 92285 16785 3381 17709 74202 98901 62177 4953 48428 74367 1142 66918 742 67540 10974 98452 61989 18106 3876 28818 65362 81262 86208 
149
46474 69445 48677 96613 74760 22125 90784 66701 79634 63720 96832 10349 55128 6843 61593 89012 25134 40030 26355 89934 37097 2712 14027 45882 70440 93056 76243 77709 94686 92107 64911 87747 93643 60300 35619 78864 33221 14474 93112 75724 61371 99726 47676 58763 94221 23163 69971 25704 69782 38594 22106 36824 84997 63631 44283 74498 52816 33035 55483 78378 90889 18153 65637 36610 13268 58061 20070 3971 49103 35487 28054 13559 50247 24357 73441 63717 78368 92788 85551 37248 91779 57634 22842 63231 33018 75175 58317 28693 97172 88863 97396 36574 27784 45064 31356 71260 98696 54781 36693 58309 43742 12931 30928 29211 26762 56863 72572 42479 16881 94159 5089 20921 34230 63350 13165 30938 49295 88201 56856 61153 21632 64932 60399 35103 23916 55166 92020 56885 76411 97223 62276 32505 1742 21871 99061 99771 27266 44805 50926 61272 17899 31177 53993 77263 78566 79340 56916 62764 64928 
86
79982 55012 55452 83257 82157 33730 79210 94842 25926 18187 79135 89623 25206 82081 77368 68663 860 79401 70713 60760 30058 33589 56399 88733 91934 92756 24398 74880 88388 18570 56053 90150 83760 27222 55448 91784 7450 29755 51226 92824 74592 82282 49703 56048 27590 69934 74057 75474 77516 40671 96934 5793 747 35592 74930 45286 84323 87652 24226 49619 10082 75442 77917 83710 97335 25538 45741 25605 1151 41789 26315 39654 15087 23021 20153 89727 81150 33674 62140 65014 16472 53600 4288 27976 89558 64220 
176
60787 99304 4775 62320 67388 34647 7445 15360 89325 81965 48010 30689 67806 86798 95106 30819 64244 7966 92369 36597 45039 15023 50407 23295 62372 13924 98663 73995 17530 95818 17467 40762 61299 45866 72811 85413 62848 2759 1061 26106 6956 1278 86068 26881 35906 32429 79450 61126 28803 71189 93200 79246 61379 84890 680 62650 63771 59038 81727 12267 13239 74669 91343 81272 17116 70122 43563 29927 80542 49831 86626 62521 90464 782 4897 35617 81958 54329 42030 10873 82781 88440 35914 12163 25683 66045 81415 40634 54212 15532 42332 23647 92748 51037 25858 55990 46502 75950 36563 42946 54231 42953 83695 1278 21501 21699 22759 53431 50630 20422 22488 74100 20018 97586 52155 50937 87501 48005 18685 3864 51994 21361 88951 99542 90506 8487 92465 64992 87609 42844 45670 92404 58919 60171 51831 29672 17008 24071 42665 37916 74701 34655 4510 7594 165 11213 4662 75133 20996 92194 18981 48847 27451 35372 59128 86313 44098 60571 36542 92622 61043 59180 5185 82656 34188 42893 64780 74069 72678 54295 3362 53956 70284 74106 27174 53378 
104
72605 3858 51911 47787 47189 26787 93510 56449 73383 52626 73964 55635 28199 43188 95832 19383 96515 92538 57569 59077 4835 72898 97594 7480 97929 43057 93225 86510 34648 99833 85604 83032 75632 3202 30960 54487 96780 45712 35666 52714 30501 24251 74343 11026 94440 15414 48712 13593 56661 53117 32249 72059 16233 70398 92181 75877 90227 21448 96302 7880 22118 27651 64779 89199 52080 3961 78666 79722 79381 35265 83141 80777 46043 7498 84703 24788 2495 44913 5120 88546 3368 69758 54198 8218 58505 94089 70614 9760 48459 60928 9104 43801 28012 50895 1727 31843 18720 93952 95139 95218 98659 67844 90492 83396 
140
2243 57496 10420 73149 7161 84947 41734 10442 3967 1643 43125 79655 16732 47471 47871 70802 38103 74895 96860 28131 57490 83196 93200 78200 68912 37658 3257 48608 85179 76070 2806 2999 52230 56443 65048 41469 82891 62463 53459 95188 71355 48420 58622 36562 22967 95112 96783 96734 53115 4907 47884 67408 14377 67829 1172 68031 95008 64727 68669 31012 73156 85728 89459 97506 29511 95882 81602 30663 99659 76911 55613 56981 46532 14326 66570 29380 48928 4212 22889 27535 19447 88005 58026 89090 8126 68093 18808 95832 34176 93734 17736 61807 26176 72297 649 81962 30212 51721 81775 90301 1818 78441 38956 61010 68598 21856 82102 7279 51373 34314 73887 20325 92641 73634 88842 17469 48359 61681 94063 41993 42611 79195 7080 36176 73445 9583 72126 30479 86574 93298 86192 92163 45488 20719 85756 56747 98778 26340 15040 53650 
307
71501 94286 10390 2192 50988 44397 44849 94252 97635 64101 86261 41351 19229 83110 2012 70350 10406 38734 25911 20640 75457 42871 76281 10523 47201 15351 69962 35978 12079 53659 41674 35665 5176 16238 65151 81814 42128 5571 82396 44785 13768 76523 5068 63139 90649 61244 47358 78249 2746 43271 53306 42461 77370 22880 27240 29975 35315 88818 81002 98520 39198 83953 66752 2609 74383 89709 71583 81801 22662 41511 74604 30699 27272 53402 3806 47309 92108 25773 32678 3346 97220 89220 4366 17081 52247 74403 82832 66791 74705 24625 79122 3053 3377 73495 82496 70323 14224 10325 71668 52825 57462 2515 8745 24803 50722 93555 23443 74146 87381 75893 51388 41334 31607 48107 83493 61642 88043 25130 6063 7934 91366 65688 39279 28095 20314 40223 70670 64803 85202 74521 37712 94852 25798 53344 46152 63185 94056 15992 89984 28735 19216 25895 80584 19554 86004 57113 94098 31058 61208 39814 14745 49717 422 59442 8380 56541 85596 93743 85391 1684 46082 11764 85348 59745 61769 4742 29083 18058 56008 41560 82375 68490 31738 51146 74599 39574 17085 20553 55761 31821 24165 47645 99009 1007 52829 46875 76378 64513 43874 56047 69371 3931 53963 5579 50759 83750 45370 51783 24235 16874 81994 36751 21442 48501 89740 49876 39366 68488 39681 29379 30504 4647 7538 62333 6938 27140 39279 33871 24436 42098 30059 21386 95757 55161 61728 24618 48264 59350 84080 9064 78040 27993 8241 9417 3207 65926 82011 13819 10670 89818 84110 18153 23031 44690 14992 17434 79618 53535 6998 80393 97531 92776 74617 86781 90872 47501 68220 21290 65763 86006 30052 36285 89588 52613 29366 12917 87532 44374 20717 66280 76040 92392 64781 99864 8396 33927 4892 4756 49531 43978 37037 57899 42929 82332 92227 60613 41634 59393 65851 11287 69142 30855 87332 32123 82081 89474 74666 30907 52173 72053 2315 51516 85541 68190 4066 54010 65880 
294
28874 56056 68672 15162 46076 47609 92128 45154 94983 96851 43699 25973 81803 1226 72529 57805 40008 49193 40406 41668 49523 68292 53427 29691 51190 46707 28853 23882 14476 51723 11700 78057 91947 26913 71320 65891 34029 28037 11468 56934 83420 2602 89967 37084 21042 53525 62500 41372 87718 55546 86980 85952 344 41711 80961 13463 29281 86747 49653 2204 75807 76190 80384 80286 85112 74180 3142 31155 6774 35902 38612 89417 63281 68200 76005 14130 10617 57887 1245 10375 51092 86151 85588 80995 70955 65432 37660 3022 18694 97594 89077 51237 94333 29125 33193 58436 45138 42028 32239 70204 47899 30441 52404 47033 30654 88366 64342 92963 39857 60534 61686 86501 35296 78773 94362 80594 11228 35921 12974 71949 6604 82652 83718 39696 71908 6876 9783 12425 23904 32368 54719 8105 65219 23025 22587 23339 15335 59953 47966 86721 30093 8086 17833 24636 76099 27917 21169 86554 35978 57311 67075 63916 81137 29272 27655 14902 40982 8352 68645 46465 52450 19323 42676 51216 61739 21663 23492 81754 78253 57696 36697 52508 93093 21410 7783 76050 20011 41762 86070 67754 59098 10021 34923 13137 85330 95111 83436 60016 45578 8823 33547 39393 35437 9080 86341 32551 15550 97571 8483 68007 66351 66009 4353 1791 20638 30532 18743 85994 37499 10618 20576 88170 81123 65613 90730 4345 47900 77167 17181 91303 28079 90544 4314 79431 38416 88475 59905 57828 92458 6682 33905 12976 61908 13311 56590 18793 75655 54684 4029 66188 11831 25505 52523 15636 54573 29927 4248 79707 10331 78808 15001 25919 86551 22425 20082 75223 14790 99693 6413 11540 13346 44614 63701 55006 6016 33833 60003 80196 7934 12742 41674 98168 26640 53297 15108 64343 83101 20055 71143 68507 67476 39961 21474 79873 57256 36032 15369 24381 73130 56034 76149 77783 22282 43953 
238
27151 35181 47797 38713 82938 32637 41171 30808 14728 69453 83607 44308 10582 94051 91225 47776 95289 67544 2411 80090 22923 51803 6679 90613 84627 44342 61536 52799 43217 64226 48917 85663 45126 14777 25600 81902 6613 10324 77274 77083 14550 52453 29215 13666 25692 83176 41269 3713 28544 57415 70536 49974 64590 83353 6918 92266 51028 29072 14829 2150 80964 99181 38216 63931 45700 14707 51731 76983 32278 80397 39243 2771 85841 75233 14284 79197 15957 62145 98421 54327 58611 52687 90877 73693 85928 40765 14208 61670 48087 90606 82130 25150 84065 77661 13574 63425 37775 34641 27392 87029 89930 14105 8883 31493 81048 51835 81373 28995 26462 61018 45456 2251 5528 27909 24647 40657 74490 19424 6290 24837 54081 97379 88805 93329 25163 41556 7049 45334 37902 91644 7863 80956 78741 42593 19158 53491 47488 59788 47237 18731 87 65367 61724 25688 67026 34690 82625 43478 14694 48545 47315 63179 97489 65570 65423 77570 8171 29782 43037 83677 72346 16198 29500 46291 55237 53768 23516 25028 69837 15463 18775 31538 39844 80529 90759 40918 98599 65084 6479 89930 42051 65645 18813 4920 23689 98910 69834 27724 38927 48497 75216 33845 71445 93696 28992 7755 95347 79004 26883 2453 91433 21610 35884 62883 20282 66555 80212 25712 57122 60645 70940 95957 42147 71375 68132 54786 58448 24198 64243 44927 95648 48829 31813 10681 48037 21849 71724 49615 39114 15086 30791 54965 1263 26654 12458 36929 6354 78626 
45
9874 83692 16149 7555 18081 8310 10874 62942 32447 63752 80546 19837 29893 91292 237 89491 91342 23214 30601 14257 63073 37944 31806 49473 74497 246 45610 41895 57354 58738 21164 7668 33068 24480 92509 25999 98751 52156 21877 38514 78778 85351 47830 44895 33061 
116
11694 47512 97718 89663 60844 4407 67994 91003 42623 88797 96767 77445 93436 84598 81305 6921 91539 22469 32521 91403 55582 70068 89766 33165 56585 17580 38980 43383 45156 14690 92036 4680 84202 45097 51888 98237 85552 13654 45725 17616 38752 96093 97827 12389 66664 96895 80858 28088 75553 76644 69971 16366 74759 56658 13181 39130 72980 27319 35671 21612 29297 6083 23005 97692 51996 58931 31152 37268 77100 63299 86033 53137 82878 26211 10683 10672 42491 86794 10144 23642 31458 73333 91415 29061 96408 73115 50453 85981 26935 2703 41909 76552 13405 4934 39038 4350 383 55130 15760 86158 32669 1390 60069 44088 90722 4469 88469 55796 69634 19662 44268 31244 41901 46759 31444 21877 
227
42228 38390 33299 83774 70845 25711 75003 85510 46483 20392 13672 55287 81679 99801 44174 3811 67242 3013 79278 21784 12577 73958 50702 73710 14509 12459 88134 84966 29727 6895 55554 96956 56374 75014 36729 65983 93323 30038 88845 43829 57903 4665 15610 63513 46902 46261 65000 47803 58670 54742 39822 13968 21257 64533 97418 82249 24510 55784 47894 35528 32754 59482 30332 94958 10932 67492 36423 13473 65412 83530 54708 34757 47206 37185 35049 59430 35539 40935 9250 67122 79471 78253 68402 15067 69991 39386 93239 97996 58975 51123 24435 24825 84654 81537 91375 96185 41276 56401 69172 75383 48453 93479 65578 24778 16981 85971 4648 57806 99116 35120 63374 63253 36950 2696 75719 45889 33320 12923 77064 42420 68088 26590 90600 98296 70740 82959 59303 74048 84701 99796 34903 60961 93524 1110 46498 38398 1349 43460 1852 71665 75492 39569 36876 99879 30135 27585 39080 24963 40688 77172 26713 47722 84353 45082 95290 34041 91160 38867 46375 78616 81350 5744 37665 50018 23518 49070 42379 21013 13004 2583 3150 43408 30914 67274 53827 2877 10078 49368 18671 71517 57724 36906 99560 93191 39098 10769 60065 64931 14960 62853 46839 55371 22263 4423 14651 51422 29032 65358 30875 49481 42626 74553 65936 71334 91141 53914 28130 69916 23740 32237 61606 38044 6071 13942 38741 17187 14069 63154 73163 17511 87629 49065 89304 81328 55897 26643 14365 
139
71825 2903 32320 28087 34209 84188 27762 92816 85645 31787 93477 19907 2465 77321 10319 41653 36793 38877 88647 16344 24702 13138 82830 12785 82029 16737 54210 40095 41398 77670 70871 67410 81078 28108 65878 23837 52746 17620 63783 74627 93994 64227 16753 68666 55824 18257 24998 89755 52255 56294 47552 89622 40543 23252 7062 88718 59485 89426 75705 71291 80446 41421 77154 50237 12565 62967 82196 1441 80610 17553 4489 14055 63480 79487 42723 43647 4113 34144 75310 767 7144 85824 41409 38986 30072 32535 31710 1734 92283 57698 87556 7437 13200 61295 11560 37485 70269 66652 42703 28741 55824 6628 22496 18680 43816 16520 75500 78136 74667 30384 11554 79568 3383 47445 3108 54794 33927 47210 73808 83058 80923 72802 65099 92957 42201 39035 14763 53019 18961 73611 83867 97386 9035 53087 75205 98208 79234 89258 41238 
148
66041 66616 52025 12928 68689 22897 6095 67517 3742 17662 58784 35692 97405 5037 49229 51135 68752 9490 48489 33716 27481 90245 27434 127 20934 40430 99128 72244 39334 18789 52093 77205 17863 75129 96940 32873 46323 51781 14187 75263 57836 21581 77764 5906 64883 21546 39900 7000 61549 44443 17242 21743 81053 84929 46577 77280 59523 94927 89848 73182 69027 80550 74409 40031 50021 21861 57147 71249 43931 26889 921 59190 91272 25778 79540 49825 92024 20359 73786 85879 15839 29218 16877 94043 19434 78912 42174 69782 63648 70895 8025 94805 940 7337 69635 15628 97506 31166 24147 4727 7279 77380 24494 68729 42761 11833 71919 52184 20188 77984 79710 69621 36814 60982 60182 64767 72884 55283 84705 69847 21293 47939 81253 18916 88822 17407 92863 8740 66518 38654 52413 89451 4013 90954 99769 70694 79407 35050 10188 39366 20058 58465 48607 37250 43559 45522 81708 2018 
7
42216 69618 1797 32553 33923 47121 84270 
52
93972 89225 37390 156 28973 20950 72226 21178 29394 42310 45963 1918 34320 75140 60231 66471 61074 88808 19916 96569 24936 83272 11058 50341 68886 53166 22277 76440 45324 23938 57985 32998 13731 23096 38016 97925 6270 32565 57630 83861 11546 71116 50496 63696 50461 73321 62160 74102 90311 47647 96135 14402 
52
65776 63300 63199 68493 89060 99919 87124 37695 85742 66539 21007 6758 48054 15137 99407 89200 25811 14379 20033 35339 8137 95273 23262 37638 99323 67665 87784 26966 77886 12203 55537 13013 46936 61649 74693 82040 35902 56148 30211 25212 88738 50484 94926 53371 45910 62580 38469 76238 60613 66552 37741 28511 
60
19346 16332 90209 6320 13823 86676 84000 6772 37911 51153 73021 24951 77222 57038 84012 4871 93483 36387 296 47032 86938 82783 77380 107 69457 10196 34741 28496 63726 55177 79829 73766 96152 6519 75421 23036 16352 13359 96514 86478 3731 58649 83662 49483 15958 88611 77443 39109 89315 88717 60811 38646 47201 40891 7534 59793 921 97642 44497 64465 
149
83518 95035 78263 72900 57447 58528 99652 87624 99384 91048 87520 6387 88171 39683 46352 3687 34504 40494 1414 21188 43790 74025 17083 60812 6032 44559 80670 12509 15691 52194 25046 50805 68381 75954 70032 10819 6772 91487 5006 66463 33299 7163 7297 68026 58813 13828 72082 16476 67652 64752 67121 38182 76238 46350 90675 27654 78881 5616 33999 95397 66785 17163 19532 74196 5475 57720 28469 44961 19569 32069 56992 73927 20809 67189 19641 45657 5615 19053 68703 94250 41376 79335 76450 44723 94731 54294 98301 31837 21688 24935 6717 98010 63954 60856 46220 81414 32308 63443 28969 55769 40160 3889 79360 99844 32954 74304 90 67575 74937 55883 38219 55027 69255 97294 89638 79027 65428 48136 53627 80737 22765 49982 84650 85900 56612 65594 13005 49925 75298 95370 89688 9428 26116 90022 46014 22483 40685 44216 27201 10485 71794 30333 81754 58499 22005 3761 75799 17247 75162 
187
50975 73385 30213 46188 17900 90595 92925 31847 66531 17624 80738 32880 85437 28746 76437 57155 47327 21124 10111 95989 10829 54076 73671 83696 87768 22815 32176 21611 87911 75764 43887 70651 48102 51759 34280 22442 51817 79666 61203 34167 71405 8712 13741 10137 81277 89545 65801 58236 2696 96852 43399 43576 42047 44873 18716 25719 80597 6502 90618 65502 82017 51607 57136 72919 41288 51913 39525 49875 85278 68094 66715 85327 63963 39631 38502 97454 45853 40007 39739 92555 37932 64496 323 67875 12551 86024 39858 89396 9131 85979 58419 23645 6839 6779 36994 10043 14990 72715 65243 69037 96068 65550 13291 4085 90957 37244 7649 52500 72717 89869 72399 92854 39744 75073 90944 92202 24783 15120 64276 19094 31251 69428 48914 33043 84374 75597 38934 53126 73558 52186 80503 90808 69829 44144 55529 86626 49489 3169 27766 66459 17043 41339 5496 22697 93611 78683 54430 11300 58753 44989 64455 85476 61850 50910 32435 93617 59833 74929 7024 43685 33126 33530 55332 79957 33459 32934 13141 15433 49235 63376 71997 82786 19406 56410 90518 83174 45000 6745 59102 53811 63882 13555 61540 37552 40235 42656 34883 
130
22371 77654 3675 84395 73850 55393 66494 34072 64209 91564 95868 22008 93337 23803 95639 2698 25045 96306 62491 36680 32806 19779 83937 20033 83450 16806 48674 51517 92913 13237 30748 42947 89437 66820 2274 16908 7609 942 22543 38674 15162 52985 89213 75746 1964 42197 41141 5722 75365 60943 90888 55762 49355 33052 3368 6362 59433 27678 90619 84 1495 62805 15110 68338 12001 88303 65859 2664 27549 93906 73306 94335 42379 73236 4471 70410 80638 61742 73026 78014 4462 928 65882 15784 28262 54186 20362 35566 55722 11057 47705 95456 27109 76526 13004 74424 57784 85397 2421 9680 554 36668 99048 25228 62878 59400 37898 5722 55739 37081 11826 54701 94129 36718 9914 99377 1850 98382 13711 62981 15579 53257 37238 50045 96624 64963 5580 53594 85743 58437 
110
88196 61267 45031 67615 15119 22433 59909 39161 35563 24753 15050 47191 21292 46411 77733 29900 1247 98582 54679 62283 52298 94143 46875 37389 80273 89595 56322 90648 86544 49852 10940 917 78905 36730 42042 26091 56968 93006 34977 15947 22731 95332 89785 36547 51071 90614 11496 45795 500 13173 55124 60924 19901 3182 54442 33104 30242 68013 97053 60484 92720 8609 53864 99059 92528 39560 96388 65145 29119 41991 9685 35723 89249 85255 22900 28909 73092 66470 77469 21810 48966 61815 22676 51114 21308 58427 72992 30898 43514 739 35197 37682 8652 7189 89586 76369 49267 48804 60548 35829 19488 66176 40065 99689 24021 70127 33050 25898 63180 46347 
225
44211 74245 39635 79728 96769 84332 41808 26540 6109 90067 18828 35449 46941 69705 76013 91787 92710 9950 34872 19334 30994 40101 9722 84761 92325 52814 11956 28588 92874 32031 27750 5377 65689 24100 68941 52250 58666 50943 8686 96004 68222 49794 82370 83759 66999 75531 44779 84441 51700 86890 71995 28674 37694 2513 64331 13416 94837 21998 46634 8009 52606 42369 96023 81030 27765 81573 65433 33553 35271 67270 3323 46755 36429 37276 1494 44251 32940 69840 78112 33516 26730 22342 48002 99085 44700 35080 45919 53276 20332 14487 52830 66522 51083 47086 71279 47513 48687 35084 14388 97979 51334 48345 39508 50445 25674 21550 76148 64980 20744 95624 76583 15829 25094 71356 99427 97031 24088 80780 12030 71758 25816 28336 2057 20455 30595 61109 9096 6144 32269 63002 1872 76728 82159 59350 49702 15922 56796 71716 46733 97099 24531 74091 40750 87928 56708 72274 73460 61435 10063 6912 5807 51735 65155 7248 25098 37494 62586 49450 85638 65230 12819 25400 97868 49945 11582 96549 96991 62269 46908 22265 4112 70100 4807 87487 44096 1814 78629 65157 20325 73031 66176 50468 31024 55163 13350 31261 71232 18450 67544 73436 70077 31189 46070 25599 88272 26116 17071 1914 36609 61912 81926 14966 54296 65505 19933 52653 84233 44080 630 16730 40839 67262 44403 56828 41069 625 63330 22001 52830 98807 1735 8044 32863 68112 44869 
18
79529 10743 61660 3292 94589 24739 89253 20463 7095 88470 78032 57937 78868 7400 95212 26736 40016 8541 
149
76311 41625 70821 84370 63673 64282 95337 80700 28928 44501 18810 17014 42638 46697 83888 6394 13677 80832 55873 50063 88509 1663 89728 48568 40256 33903 21792 7677 24535 60373 11327 75727 63833 17264 19879 26392 80019 19542 64713 10357 6511 9002 35974 16183 59564 7365 36441 30201 52586 48828 1018 3910 78993 57541 4908 13811 15571 92923 642 21205 34067 22452 5394 64992 59252 80101 62649 15912 80601 37744 38069 83076 17502 73679 31724 86338 34064 53735 24091 68426 93933 3998 23985 5895 77985 52952 85236 38052 67189 65516 83298 21756 51001 12718 39702 12464 63687 27899 280 80575 57780 54745 98044 85867 96222 290 12087 29500 35681 47778 7156 26718 80165 14140 99297 10901 27928 72580 94513 6573 31046 96383 32005 44179 78863 34534 44748 78251 48221 52002 72099 88012 64024 38448 3140 87366 31672 79395 76719 42374 74011 26723 99175 43274 1287 49241 56809 40502 80148 
272
88687 95782 70471 10410 9032 73550 5349 86974 95175 46730 79633 48951 62243 49531 93705 23144 80411 80780 83190 58056 11315 42001 47625 12038 3585 38425 95065 96533 89298 10668 5156 43906 9010 92102 74440 35130 35895 10774 13425 36714 67854 36476 27797 84077 93695 34267 34210 48693 48913 75708 38244 45920 66819 51826 85962 43710 92673 39055 65440 76729 86367 1516 33103 42397 6500 13933 61716 77124 68999 99183 75133 65620 85580 19271 9286 57619 59630 24346 65176 60533 631 61539 80709 80967 9166 27398 36602 97196 60209 63342 36562 36058 89658 81822 74024 72327 4994 24462 83390 70748 92486 88346 82336 26825 49513 35600 62805 1103 6878 5537 937 24247 79584 35417 97827 59431 45548 34030 90571 32522 59386 60555 49647 79583 6506 15238 8889 85364 41771 37110 19267 35957 80498 74413 22216 77367 67609 83835 45927 47139 80003 84439 30339 79466 35121 54751 62130 29227 10101 10579 16962 67166 42939 97098 17615 3944 40576 7415 63429 3966 27076 98105 86825 2300 55466 62203 61860 7998 48045 79101 30034 68559 66370 12854 44573 53358 14120 86857 33741 82940 33722 42602 37767 65998 60026 41294 91689 34773 43720 94394 35149 83079 61690 23701 97269 13565 39165 89609 9512 33013 55621 99985 35116 82018 1666 30520 92073 67927 1707 67179 96933 44734 30571 1945 72295 92861 15618 93230 49063 33657 81116 763 9688 20167 94042 25360 4551 3682 45692 57551 38060 69828 37988 3108 79634 91028 73390 49531 68575 98051 38676 40824 25393 56814 51322 13970 65596 88433 97655 60114 47598 11760 26063 14112 38880 8699 13201 64934 56081 20249 42882 51595 78353 52212 80278 21994 66142 69160 51435 8461 65372 49063 
199
73421 71408 84391 49893 35521 79338 91740 2277 55127 87358 31389 73958 1604 62375 24901 60596 70684 38128 93628 96607 18028 76855 90430 66347 94567 54077 91910 637 57430 59702 90030 30300 50329 50178 36083 34361 53855 72223 30279 3992 91046 88388 94334 3944 47939 63800 61975 71021 58282 44583 55978 22626 80599 27108 10228 20299 37720 73544 61491 97095 12184 41559 59133 64056 90651 24605 89068 11297 32377 86182 24373 31754 4758 53569 98973 48037 58134 97690 62214 95323 11664 61246 9495 72780 84304 46753 27942 28730 37681 2010 32105 19346 49433 42803 6651 31883 50735 89668 64932 71324 14529 71454 37878 4208 92557 70093 69455 80971 13835 51684 85028 44459 92783 12047 60166 27959 32546 11504 28772 23740 74001 52455 99722 58359 31041 13628 38052 10080 67416 75918 46202 46678 91435 48046 15076 6461 56605 42310 14530 95850 15062 13293 88776 44829 54744 59849 14211 74760 59530 26803 85010 42313 30453 48980 60835 55978 66105 82947 10080 45629 7488 46521 11382 90456 79451 76807 33605 22779 70140 63931 92902 63187 49350 16497 94279 16831 76522 48520 69228 26025 32458 11654 67959 40643 83449 95348 6832 32237 31888 78268 15116 62367 70281 23366 51215 51594 61280 31503 90909 
96
77582 52743 62064 44713 91926 52534 8475 64209 5268 61296 88842 88424 87208 63714 7975 83713 2035 10653 19304 28380 62982 1805 17302 42933 49717 9139 39694 74578 36683 96653 93723 26015 96121 39748 83398 82246 16067 53723 2478 36663 84254 56494 99386 41243 93624 37036 33431 17811 24480 65474 60897 19471 85830 86584 79795 13323 83892 517 85102 24923 24123 77575 5289 43199 84246 78951 24065 97695 19698 90256 56950 49922 27295 81835 71678 75909 41536 90241 14302 1478 83038 40101 62110 94781 36260 82182 84441 19740 96981 20960 66200 56452 77671 67587 37222 59020 
144
40869 81434 47366 94248 64458 4400 73570 2720 45430 63389 29203 21894 49658 38700 87854 38801 94947 16376 99102 1869 43271 17708 80589 83036 44054 84160 33235 66348 48071 13907 50922 24095 17897 56264 23663 36334 77636 57134 96677 70249 21908 86756 53814 33474 54011 46717 84287 96206 91842 59639 14994 8355 7149 59302 87985 65682 27202 67128 50963 42804 5623 28645 3396 90588 33800 38208 80060 71069 38312 94586 12546 99513 33177 83894 71239 34034 16724 1543 37310 21378 71440 979 58581 12254 48307 70837 47539 6554 29998 50626 34095 67093 39997 96866 97264 15245 56201 35880 73227 49024 17709 9934 15813 81536 65680 12915 10309 85069 85441 46116 50641 2419 86495 73693 16797 66860 97155 43228 9203 12854 96879 3017 12193 61094 47516 36328 38742 5650 16993 4504 96246 7510 83691 80205 93115 63242 70522 95966 53205 714 25248 86167 42663 91507 
210
85704 81980 97270 59608 82602 41872 15107 4273 58750 91725 47763 37237 38170 49227 81167 38191 29471 70020 7194 66894 48812 2336 18528 72634 68596 71875 80048 33301 73098 16207 52260 19737 30221 77546 7168 99326 36328 81721 77239 45458 98611 90806 98089 27950 40486 948 72715 51235 58994 10789 42972 64071 27696 88578 2102 1346 37167 53801 85312 41604 96794 19280 7024 15860 87351 20360 11221 83813 16565 23145 31797 42915 40066 78226 72334 94612 51577 63117 59356 55739 35186 78020 37458 88699 50781 55268 96527 60543 71575 32762 83699 77787 37972 32868 78438 71209 27174 64657 46043 5453 22161 64704 88026 91771 77029 2445 59042 61913 51588 10756 60442 6312 9565 92590 73747 39799 19171 24908 42582 83219 55093 56055 67361 80132 47907 24189 28601 13510 32450 93290 84257 49722 73360 91925 36954 49185 50417 87514 68266 41234 77327 50108 20663 13596 60871 88853 62661 62328 37580 75940 17522 41006 34630 31819 6061 12691 47685 46056 40313 96605 80113 20793 47207 70042 72595 2874 67102 24707 11299 62497 30091 79037 48621 30799 3443 3845 39126 44603 64006 35544 67730 19710 64083 43462 34559 44163 2067 39662 304 89029 29156 30871 38132 34339 50322 75549 60370 50309 46310 59990 84815 21477 17875 10583 85614 60021 32295 86950 63753 30336 
73
87959 72164 74722 75127 61417 74658 95128 78228 1835 82330 5100 52447 34190 43467 65782 9024 11019 41458 52491 25184 54231 27581 69413 48262 34886 73471 73994 46890 8198 19947 30014 66600 65870 14991 9355 84715 91718 55387 58409 52435 2264 83837 69561 60427 61198 25776 11485 50128 64469 35282 15558 30840 95466 8746 22948 93295 64432 98791 41236 8761 76682 92587 51538 71936 57957 57386 65416 40200 47706 32750 6764 69189 84841 
224
51177 27253 36962 21625 12559 14188 36538 34468 39114 62393 94946 75443 17403 48936 80934 7701 26517 30602 90291 49223 8845 91420 63214 97368 45035 20034 25296 95283 15437 55182 66692 4676 34886 20647 50527 62498 61717 45589 47567 81385 96278 65143 56629 5864 28530 96707 19393 72196 12964 4555 35972 53840 74339 94150 73259 28946 76868 45213 36450 2610 83821 34449 26612 42474 58800 97340 86082 47716 20229 35234 55422 51198 64509 65479 89859 43045 84110 37045 75630 24134 77318 63244 68678 88126 67096 10988 40653 18400 97601 642 61621 32798 12900 359 20151 1168 10335 89237 55728 37539 32286 69593 8544 75909 245 92898 17233 90593 30667 31936 7392 47709 61552 18334 18080 21522 80741 41174 5285 55708 75337 26072 10733 78110 33517 66694 99584 91702 99191 89559 36321 33915 50455 80203 52725 70793 71610 78531 33229 56451 11106 56701 16303 63195 9885 11633 15877 94169 15032 39224 92210 7197 88224 85473 33359 6119 65302 72961 88139 51977 5194 79470 49789 81419 77822 83292 94702 10957 59995 42073 33985 81162 76994 38874 91021 57897 77051 68210 38913 69965 76871 15366 51132 29879 23753 82086 42712 83464 51019 75240 18692 21167 65846 9960 78128 52874 14183 26549 95056 48166 65732 1645 85208 1499 87524 72551 35661 98307 48330 77998 50240 93701 49771 55069 21874 59695 95561 49300 65931 76504 5208 1828 24820 18344 
126
6347 3484 63486 31885 44117 64881 92403 55699 4678 67347 87819 61191 57664 22702 82141 73498 50099 41816 90950 20189 54718 76451 12484 11540 21649 26376 4760 34096 85282 93916 74939 43317 78989 27745 50493 47019 27544 31687 56186 62325 16089 28388 66772 7214 61701 36226 91657 57867 4054 6958 62732 78473 87938 89803 23218 1169 85750 35779 10335 55668 62890 711 31763 9949 46768 2132 42171 30469 78072 80258 66993 91610 86748 27593 81123 65643 78197 96848 27377 50837 79873 38909 94516 53848 77940 21747 74430 57985 92631 39459 25631 71150 98105 35707 2157 69493 15880 84946 19838 49316 20494 14189 43077 6877 14137 93818 14227 5755 35362 80177 42442 86565 78455 35290 49790 2933 40095 63984 38924 74698 87452 5285 26367 97622 61014 28666 
279
67417 19638 18395 58032 42906 75984 49856 25202 57406 51938 41605 22397 85262 63537 43325 52061 20285 31578 68056 81532 19586 65291 37773 25370 26019 82713 64597 37910 52923 90081 59011 22486 75119 48336 32984 97380 82300 1944 25733 23962 11206 69471 16031 64457 31940 22969 90757 75243 98757 95079 72155 93429 93727 19430 64022 36907 36191 89221 8399 59402 61655 33621 25905 32815 57442 64817 86946 31525 68016 37720 88237 12213 20209 75666 28485 99673 30211 33977 16819 79351 44289 9300 40116 87753 35842 89023 65608 55767 28497 84779 68464 92419 88654 43863 40461 7825 82912 44788 11152 6629 6145 24974 94267 90254 58209 71733 62310 100000 59959 48520 24905 95178 61997 54175 13442 25582 27916 66111 11402 15519 97615 84252 82432 38230 9549 91792 81288 52751 8176 79946 1929 84685 40547 80094 14211 153 18114 5162 40050 93679 59887 56119 46879 88774 28994 71798 11218 70221 88709 34049 96005 83635 65694 98017 74736 31738 75436 71090 73150 28490 14487 19918 89725 60067 19596 77793 23268 9313 83843 23889 91665 96173 1092 37450 30996 20141 49087 34787 61301 48869 43313 52608 78055 13348 6066 3694 95583 14738 83353 23749 40671 85331 96503 33160 62537 79323 22016 52481 15071 26556 84747 65925 31517 123 70866 60423 38810 53109 71085 17347 1616 97140 52542 48302 3161 82798 14582 69844 35755 51176 10720 68245 6181 66647 35030 64816 6258 60299 42097 58207 83538 71476 69926 63055 10206 50835 19896 9399 62006 66501 71033 77321 87502 79421 7467 94202 14409 68764 70568 80900 69483 86664 27571 68677 71075 93395 47690 48015 42892 48287 85408 33211 23119 69791 81025 50319 12389 62012 41884 9937 92229 53129 79248 72143 59443 73840 92816 76742 11888 
144
64076 17737 74412 47860 6521 54655 22721 35948 70544 13056 96292 68234 32405 94480 34723 87931 31636 28235 80607 36118 25777 9375 39955 56842 61 82579 88863 68972 62987 61929 12252 10849 20256 95195 13121 27562 64850 75663 70738 30807 35356 83468 84424 24267 95527 40755 86077 12753 42075 23893 95934 12383 29012 68744 27766 4929 60775 99879 37238 1883 92741 38876 11453 36073 87574 20241 86109 62542 77041 37970 76820 95155 52750 55945 9160 35053 48008 24979 17179 78756 27101 96323 60185 10616 59693 10295 13006 51778 76931 83332 5062 85245 57450 25496 10403 18562 18552 22379 11057 84980 76486 22186 2219 66106 33961 6812 75571 81846 45316 79189 18164 1445 6812 61508 26273 51753 82651 53104 34870 35673 1718 75304 20252 23886 77811 98004 47585 49457 92770 88935 3687 53197 54819 63326 54925 97919 16922 68053 90343 99544 24013 89875 65713 34633 
168
73974 52956 37105 97465 32410 66785 90487 13574 7267 11183 10284 82229 67070 46656 14853 94353 89273 28254 69027 83446 12954 89476 14979 87203 47814 17995 5198 41818 53318 88284 43708 71780 74877 27993 26963 61928 63532 96888 43953 94875 42758 89603 97361 16891 35545 74009 18299 68008 7791 6952 36960 45032 35564 66553 8463 44422 60538 71119 16151 55227 74113 64237 85980 61214 16022 63715 75637 52992 96398 93133 72163 63461 41065 11237 75555 461 54242 48382 35587 50327 12390 29354 46740 66176 87263 76417 82682 11789 88618 38637 83147 23832 1110 20620 90610 58006 21277 45979 53400 86810 10303 83628 84021 48828 1814 63585 73 86392 30763 80502 8384 69869 50992 14694 14400 77838 46398 50035 54801 2922 80246 91585 35166 67583 64079 64177 25823 77296 91265 14194 52903 9398 77038 15235 70327 58712 58414 71823 41995 70877 65796 88762 85268 61750 22357 12147 90676 52828 53212 70989 24533 64705 36117 97487 56905 70976 5308 3831 79612 34850 97268 27446 11198 51685 49740 27278 61361 5121 
113
8558 19318 11374 89032 91171 39368 88869 34415 73960 22514 63898 92997 70582 8101 46193 36261 17568 8445 90450 42259 56994 86336 6558 49907 8054 33440 34604 45150 22412 22828 18093 4045 29615 28655 81647 54053 70906 57544 31181 72573 6375 92953 37908 61211 20916 11996 41943 94664 57883 90904 49820 89241 22477 54922 25580 37588 7101 27409 80909 20874 28396 21687 62799 83634 44022 63080 26091 59148 3114 86448 39287 54745 79784 2081 44822 86452 95199 71849 15741 48871 88378 3241 38680 19747 38621 28343 76860 84972 91866 93441 49293 96044 3716 20008 28105 82671 81052 96174 88968 35393 68679 98459 34647 60057 638 77860 69080 11954 10370 13087 97721 56457 98611 
224
74795 8600 92712 10017 21687 63897 54431 95573 16118 97762 45089 41673 98581 26459 66209 26603 71178 5395 53154 46855 7109 81418 62151 98852 8818 21025 23342 96462 9238 78960 13554 15822 87270 66735 57452 79949 9479 73274 98341 41788 11370 43378 86338 36877 87984 53202 86162 60356 14267 93013 59776 86281 45136 87043 52205 27998 3503 71983 20337 33893 87817 18391 30529 77972 66696 59669 15053 53212 53706 88796 78631 68842 23068 94391 96431 38282 60335 81423 51399 27398 41399 92756 47277 47836 99532 33154 45569 82944 34567 29388 30161 14945 9927 80264 62873 22256 92468 91030 3715 88349 38027 55745 75600 20808 71250 40472 85277 98325 60284 82522 19716 20208 61729 2553 73968 50355 49144 63093 47654 89547 66550 42130 63933 22746 53655 66814 63122 13267 89547 94335 80971 81241 93112 14631 11661 17564 10182 17656 24054 63437 46869 36954 61717 56617 71358 91091 40435 94406 98166 82260 25407 65769 88061 21958 18366 51433 18780 86572 72037 23394 33887 94289 88158 17372 73067 79640 81585 42624 16638 62282 58101 19962 28803 75973 48384 36397 37367 34894 78905 22816 75873 48716 49851 10710 41437 36888 46525 95891 12529 92567 76119 89429 60970 60828 31247 19420 57515 42603 49100 37299 92819 18850 45354 53673 45662 10219 30084 75474 90231 23298 97664 17567 9075 27731 74709 98540 22481 70354 2448 20409 48949 48377 7118 98202 
10
9197 37328 44079 49544 34853 24882 51497 37532 20756 53257 
28
20372 38834 40300 25124 7508 33922 32939 33537 13785 99350 84080 77486 9856 36410 96664 75084 50112 96583 25892 78342 8800 18097 38291 12407 97301 79431 4646 93465 
88
86486 46440 85628 7199 83332 73746 35032 33212 44764 377 18630 54721 16297 30420 56140 2267 71901 90355 62780 56366 28553 61877 86445 89602 21545 43649 22236 16832 50764 48856 82685 54402 50919 29650 41781 88655 33352 61479 57444 6220 43137 94681 37446 65557 71908 52020 31134 41174 8259 23597 68379 64929 3785 2547 52338 94467 52959 3133 53413 57217 2234 89709 43641 29549 45528 83018 34223 90155 30600 85783 58867 41306 18108 71635 3285 62477 90140 94391 52827 787 2185 80622 21648 76526 85207 97796 89215 84345 
298
28261 7385 68617 92337 66358 49098 61295 35812 73280 44456 88293 65838 87213 9061 30932 77488 83662 16910 37945 43665 15780 61055 32259 35584 11529 13764 51157 3771 87631 81473 72604 36639 26639 77868 1446 42686 85502 73188 65816 20912 31120 56675 64194 97316 2741 33951 47707 66545 90104 31955 85105 71761 16522 63908 49744 19343 46810 45756 30613 82088 9174 56454 50375 63788 59721 29099 81067 79571 77628 79507 54541 3977 15438 410 19470 22689 6174 35950 88167 39984 72178 41297 30732 99317 72709 67598 60623 71720 56655 39634 12205 44282 38627 71603 26796 3771 94027 1519 28177 4441 50799 28063 38398 18337 6993 91181 31086 47164 91512 75632 58451 60579 14129 38869 1956 26346 1411 89737 41352 77380 57837 69220 19614 4680 34070 55483 43696 88114 803 87273 81668 36379 66039 25831 9938 84235 61579 79033 70883 1449 82055 73430 28602 92450 32323 75853 65861 19611 29991 35004 48611 6324 44173 23256 99227 84840 59517 92719 28111 53223 22904 19558 44179 82432 91531 70445 58937 73473 3425 32688 76134 96356 90324 57625 64058 81476 23001 84231 55793 75998 82812 27577 89619 56195 61354 54421 94280 5369 3326 54208 41691 77059 74874 27342 28903 99190 79276 53578 48323 38828 52399 17281 63334 88640 42308 52536 96815 66836 84082 91812 43228 67833 44258 10843 55186 12141 82829 62893 59671 27019 45435 53390 3018 75273 57225 17934 53800 20319 50657 28935 76188 3163 33267 82201 96030 47485 89011 78738 78751 39248 72440 50154 90710 96979 93076 5257 72622 36635 91572 52098 26695 83958 4101 81887 80989 63765 58512 83114 84285 91639 33153 91154 57250 89408 26595 42379 92308 93137 45798 12291 12117 28159 1073 22577 33175 11532 42930 83451 45472 54215 74443 76556 92957 55422 4245 4083 40232 4603 12468 14514 20641 81280 44560 80278 8680 32756 73774 4286 
4
54368 56560 56716 48256 
134
95234 59088 29377 81372 32164 12874 27747 40554 33728 29215 13049 15948 11392 64154 72172 71479 29222 19073 4609 16366 42973 48555 21878 26993 90253 36925 60131 95712 36689 72613 34142 27457 7045 69820 61373 45646 32102 11616 31992 77986 81391 27427 76040 97965 56960 41133 80078 37807 12429 27959 27933 8534 81126 33246 41866 56003 22886 76476 75042 92035 52642 16752 884 12415 26626 60554 47403 32804 76878 25219 24579 87552 27464 99486 97126 92633 99638 74559 69735 56374 39890 6342 19225 46289 53315 74484 2410 73787 62627 57358 25000 57317 27046 75458 92855 87395 57196 80836 40884 11841 5172 81122 37653 6543 47614 9925 88625 82763 4480 54766 74973 44946 88516 50194 74505 12016 76931 35890 36437 97480 21000 67299 5500 94707 34304 74745 73733 59117 98583 73282 90901 62494 64660 48740 
182
35240 84328 49541 13019 93022 87487 97285 72726 50142 43398 51970 25653 75586 43634 85214 29914 86058 20717 52542 71091 30614 52891 95389 35117 26112 50356 70873 17193 60955 20661 3971 20957 66757 64578 14524 33339 51110 24070 86184 96251 24253 18893 97512 69709 15271 18696 84636 36623 49653 79983 49376 66564 73444 97054 87792 51663 49915 27498 83957 98076 52395 98831 40543 60140 75746 58421 13556 46140 60342 56329 65004 86498 19808 13922 12064 66280 71835 14172 19876 64711 68831 17063 26136 26368 32092 87128 21279 63106 81871 71936 42942 93027 4229 76783 82607 11533 78015 52019 58458 19476 17161 65501 73359 25582 74521 49833 46388 62995 95715 20569 46665 71811 142 89008 88838 21776 49821 64102 87869 3618 61768 91524 96972 78858 32466 32825 84214 93811 71775 64604 41922 2736 49397 42596 98596 9518 22678 25995 90513 51738 38799 26548 33948 79740 77919 11595 15152 79912 62099 85283 11368 73511 48948 67491 73838 87739 48434 36065 26861 79544 16536 39013 14456 33238 96762 59179 50956 9881 82571 95625 3152 23052 8017 67208 42253 60206 91364 80627 67261 38102 24882 58733 
242
33507 2503 9446 22191 93966 83139 77287 14650 39903 27275 71913 1582 82798 44865 7964 61362 19130 33891 73840 16603 23909 707 13650 79575 62873 50585 10634 89781 24054 98220 22090 83690 70072 53813 21561 7509 32398 99331 12252 49055 68727 76812 25813 29097 24770 35595 37584 45464 99172 24472 20945 92551 72295 88663 98075 33390 71965 76534 22792 41518 66932 11010 18360 90932 33473 78576 56404 96223 15275 2085 47794 34491 54440 54867 88107 64829 98524 89577 82098 93749 60646 73289 86036 31341 60294 58603 29326 77874 45226 5399 83100 57714 38766 98359 78676 30006 53315 10645 90924 52124 70858 5407 84554 42023 35300 73210 98379 59232 27194 57636 88513 73389 58601 56780 36294 54135 2150 99662 19388 14133 31228 94901 44744 39484 14456 15521 47408 93955 39763 43247 710 28493 89252 58008 4314 5461 6131 10575 86510 44128 1165 90569 32167 46644 69561 66693 54487 91873 95844 70812 76676 49492 9410 84807 10058 76563 99446 65420 37085 20335 87937 524 24271 23088 64871 72669 25122 16409 96221 61872 4346 39659 30822 58734 62121 5037 17248 92899 88370 75764 2500 31451 49454 84365 79732 52783 31544 75944 14755 1199 56623 53313 31765 1346 84556 33705 62606 65793 40835 73400 14677 74293 31834 63772 5413 46027 84019 1048 68748 32676 19751 15801 100 2508 82667 76651 4587 23738 16930 25663 37561 27716 48786 71577 62866 86678 54735 646 50928 10240 17828 65342 67152 54278 60402 76223 45913 99579 85950 92658 8134 33229 
244
61921 58246 75075 39145 66188 54167 49029 30669 55277 38548 12724 35377 80645 30107 71155 72592 7459 91513 59138 97856 98267 73387 31768 8950 22349 64975 25610 13156 44807 60412 28597 81665 31960 80465 14532 48021 10877 26649 56103 1777 63926 48578 91146 9714 61836 75105 35875 47368 7878 96226 2388 3612 19860 66712 48759 7601 49633 44299 48864 30630 96242 38826 31272 43333 34308 69948 30056 65404 17644 74152 88542 74757 65495 63964 59510 28321 16787 3048 28918 50135 32597 73271 72880 31243 17493 13371 97762 39478 21070 79256 77489 15854 80277 69018 10175 28320 96983 47382 75850 34665 64639 7741 44015 57913 91272 21951 14537 44698 34215 85888 55974 51367 88887 54247 16325 7556 77478 58639 14801 87100 73172 50832 15421 12 60830 72454 55377 24133 62305 95284 30108 85653 59234 78273 28373 28714 95705 32769 2184 72021 83302 71396 10263 90565 90219 95479 91301 82185 21629 6013 44249 66410 8932 97274 31282 50974 17335 69505 6667 33306 93275 31278 49658 84464 95398 66342 7211 9843 46153 76838 1706 53367 8346 64629 67958 39077 58264 99528 69139 69544 58835 5927 29154 93525 93902 52809 93568 49886 37283 50481 28435 57122 17010 90516 64703 57538 67630 72817 23301 22142 31008 93854 66269 37601 33406 63449 29901 58426 14036 51515 60064 56527 5293 34634 69705 22223 13948 93359 22718 87225 13814 6692 70400 85144 57962 903 54891 42974 98968 10971 59618 45306 43807 41562 36096 36371 97416 36259 88964 6285 73167 98360 72472 70302 
51
18547 79393 24390 78837 26516 27447 53755 4442 13407 94388 72880 48156 32702 96034 47745 53591 54628 36582 85992 81372 29845 24126 75339 30154 52752 68156 82389 14814 65892 99925 27630 63292 50138 91085 71031 65057 8394 17932 82848 25124 8256 50002 96522 1474 76223 37990 27227 98239 34682 80899 12383 
15
99609 1524 24597 60504 50366 38282 8316 23742 73425 29658 72225 31175 55561 3005 49528 
151
58885 12607 23122 54768 52285 57394 64454 68846 21715 45395 86269 55005 74305 91764 99282 32999 1176 31311 40860 21491 15770 38915 37272 40500 93912 63524 32679 44197 77910 29439 22819 82039 53373 27199 86858 98455 5481 10099 99344 99867 68042 59612 12322 16520 92918 42964 28779 65545 42156 12692 70361 93736 30633 68293 21440 5183 40736 19284 41643 74057 44052 81848 31124 49673 11690 76512 82095 19069 76873 73821 79353 21652 25291 69285 47948 4077 85555 38593 53964 26981 44577 69839 2718 82443 62177 96633 91954 35650 7905 17927 41033 25107 44416 60175 7986 77617 62958 89165 45404 11498 92272 45642 70864 65256 69797 74693 85674 13507 98666 76566 41114 2910 48208 43108 50107 504 95662 87501 92869 31678 59940 20520 11441 17022 12541 27708 69231 7768 56298 22099 78332 45342 65150 43573 59456 61104 76761 27894 25515 38747 85023 54249 21772 6070 78223 67945 95137 80430 42629 87842 96063 
189
79486 38563 91590 79808 79012 55564 69323 5184 17093 92759 74747 33169 57760 69200 8313 14077 41919 16865 97233 89823 3181 87169 69576 71397 8803 50245 79798 89790 89668 81633 3593 47995 87578 7054 17827 43866 62179 51396 25437 56442 11488 16149 48344 49103 95766 2343 91757 47271 11956 46984 46560 2738 39939 95373 92561 71201 57715 50262 61730 67771 4625 18976 58858 91775 46034 85664 51394 87190 98243 78387 73720 62032 18254 46639 49186 2582 80536 49563 85497 58432 38383 48258 54117 23566 55791 84485 13807 10456 11865 45349 39829 33388 82135 89826 22793 11104 57939 44450 11968 47599 45772 24845 36684 41465 26677 68200 77700 76749 45257 67770 99098 46467 44858 5427 12593 58793 31697 73925 34806 55137 43016 32879 80534 12649 7785 95819 25210 40543 87574 5315 2150 49315 92642 2906 98648 6360 45327 21648 66899 49849 90389 21393 68670 3667 74945 95312 52618 39099 6666 63052 76954 99965 55367 29433 86955 64381 6907 97611 22821 80979 31438 79887 41063 3727 17650 74721 50473 88519 46197 71146 56501 70189 29779 99400 94054 31222 26761 48407 11204 87509 11533 52508 11255 15860 75684 99713 4794 55225 82679 
230
89320 59162 28145 40588 53545 78770 82863 31351 46453 47954 65934 2655 41942 97337 51867 64018 20221 15876 82333 94198 81460 65779 98695 12285 20067 30242 85142 11186 22020 44806 45712 98155 36397 93017 17680 10790 61280 22701 99537 26116 5740 90146 68596 18840 93314 42941 22841 98341 75884 18602 95058 43081 11486 94767 32280 4750 36165 39844 475 99542 70667 98575 3030 64930 47285 49706 39863 95801 77969 47844 26349 8045 30343 70164 87322 89512 28721 17188 92070 24576 41148 47612 12335 87305 49346 25033 62885 30797 91672 56064 67157 32837 26021 14153 38958 48319 43954 80865 30485 10023 39766 42349 58286 87302 46024 19892 65284 1603 40968 26582 87972 29815 10825 15996 14939 49159 55423 47668 27480 74233 62378 14609 55361 15087 29688 3205 5529 77122 36367 53835 76433 46756 6911 57824 34935 26122 66756 52274 81085 34102 95324 53104 48592 83536 73390 84374 61550 99572 87351 95404 38028 59363 39264 52481 17931 3005 85200 15612 55745 92822 83447 92268 31187 75083 66057 19956 93655 2625 73469 40046 74971 12325 46179 67038 16809 29292 38163 22528 35138 70723 23006 4685 52737 20022 81760 25154 27069 31796 71911 70326 22695 3741 75078 47249 81282 99797 94813 74655 60246 81328 6814 15400 66022 63471 45726 81248 77699 48396 55627 28974 45086 47878 57830 84600 15224 11132 18980 61246 37576 51888 73267 60593 3556 72520 53601 9686 5866 5547 26552 93719 
298
87602 51214 90952 44981 86991 88387 7857 53730 10335 68699 70937 94268 56053 50440 7861 93929 88246 26870 13676 42500 43008 16719 62892 95614 22014 92122 75048 80212 40939 43205 15931 83943 14950 31682 68429 88849 43821 89343 52298 97089 78120 98087 67083 29668 33847 69210 54412 48612 38507 10303 66825 38152 60604 36913 77457 35642 37644 44251 50706 37425 21636 65253 28802 92560 73704 94073 21992 8906 52649 67696 3773 2707 52414 63513 71954 46934 40008 93821 85331 30307 15502 25413 57070 43190 31197 84105 88815 22846 91627 64783 48828 26953 39800 28131 90833 13772 32025 65090 31361 38459 55971 2589 11078 88987 2744 13686 22016 29189 80912 72436 14298 50841 22694 25096 92162 30937 39153 77220 17912 78372 76763 48005 96737 77900 88802 83628 95828 52837 62231 7267 76896 95260 82125 65330 16701 39856 79378 37872 66173 31255 19510 9610 95525 23239 85493 49051 42984 18328 53118 25348 69582 44212 90635 69710 33811 40422 39731 7142 50971 44767 24752 27789 50028 70659 85429 41499 75410 1960 76266 57165 20233 11669 47369 13213 72205 47676 35225 47266 77482 55600 42205 43371 86080 17639 82567 13758 89333 21628 64451 77827 13179 18025 74695 34554 23191 61151 50962 23266 27415 42219 68361 50339 23183 99291 18374 28500 94418 37444 98833 86339 16135 40052 29803 56650 63172 3040 9944 9734 67262 27894 65097 45084 96938 53497 96432 32050 9231 79423 30172 61622 35035 57821 55060 85242 50694 69930 16391 45074 38105 49172 27770 409 96083 57889 5627 74612 918 49520 24877 62985 53265 34261 38581 94388 14547 11267 50830 27514 72717 41853 60871 61876 27099 85663 44343 12611 12783 43127 38154 68259 65505 16166 67462 64198 17324 69633 46874 32449 9400 25648 29515 88643 5671 98071 73684 74584 72747 85347 23880 88693 10763 10279 30198 14614 98485 10808 65784 98151 
219
11013 71185 84348 86529 59042 73558 97518 55527 53526 39013 43598 4050 93448 92097 24483 81503 3104 81685 11090 19821 98941 53512 95240 46693 8023 15946 21901 62960 75662 7985 40788 84974 89037 60473 28634 28836 89576 81380 51095 98167 58043 24360 91920 27631 42507 50236 96061 1989 26316 93233 76891 75839 63714 74606 9323 78746 18663 44385 12142 85414 99525 21968 59317 24455 78590 16288 2002 10071 69722 32353 56207 35778 83482 17837 34798 85268 8756 3043 54878 34673 68508 30713 68060 19138 42298 16393 97047 3977 85015 78488 2227 43043 70061 43539 24557 3269 19558 95725 91216 88438 3715 70204 75406 93105 69554 73349 11506 64388 54716 67432 3210 28913 60278 64237 50177 32485 8334 44475 76152 41792 30103 21818 14361 89265 98392 34168 7946 65100 38870 28852 79307 33257 84710 56313 30716 96832 52706 25247 31354 41682 95627 12889 83067 92790 22066 81485 56214 91767 84184 97286 31551 31997 49780 56257 17312 6335 14135 57106 89015 21706 44111 96937 15464 47639 68801 97995 19556 2863 4764 76893 82174 70429 155 18107 73889 97222 28579 4127 19880 35034 72467 28284 50931 55724 671 70314 41986 61523 42557 98330 21144 31220 46620 62709 74580 29284 83211 25024 34573 26111 3709 22503 28953 74568 65753 63587 84633 52940 83500 75033 39174 8287 29231 71243 61935 71064 77109 30315 21444 
266
40455 20691 27596 26857 15179 77789 63432 31985 95352 96437 21635 26242 9628 96673 54787 58162 56022 46354 97530 23435 67790 66547 34592 28117 45404 85178 45381 82010 49021 73434 46449 37720 20423 46322 72958 42481 48190 48700 55079 59943 95563 94654 77601 14742 73777 57828 22705 70858 32812 38669 24310 32281 55944 49004 91495 64617 47914 5576 55286 51118 44932 48168 75462 29236 89538 67492 19811 99112 63025 83905 27692 51084 80661 85651 51672 7778 79459 38819 12483 99161 19478 95797 12584 6759 27220 1526 55442 90094 91771 40330 85397 83748 91635 35960 94193 79473 91263 85895 90778 94769 51907 2323 54104 49729 72021 60311 76279 77320 61179 72628 2099 10287 38654 57034 9674 76599 25883 84474 42450 40393 29388 77390 92090 41116 13846 29404 52842 79262 51687 98795 21449 68482 92198 31918 84828 65409 22866 54019 82796 36049 91126 61656 88935 35456 49157 13273 86521 98064 39640 16480 188 15829 88614 66252 49505 73803 2044 8940 12578 82488 79808 28457 49322 90437 52785 22584 3297 85316 67881 47550 92153 22746 15863 85364 98354 47874 40211 69867 91329 57470 41758 63748 15211 15655 16393 72692 88109 18228 42538 50884 84078 1382 60648 33914 54356 72094 28969 28927 91920 41534 83304 6707 11149 91792 63321 46907 44040 45627 820 46646 97297 32343 74559 16144 95239 27504 32936 91135 25573 68215 40052 5883 71795 84415 46577 87865 89503 46073 97964 33136 703 71245 55622 24728 53911 46218 83282 49982 16308 8429 28663 83781 35327 66929 14038 10633 85478 88681 92863 64152 20620 22210 94954 6761 35173 27897 51644 35591 57909 7496 46300 23797 48873 63500 99866 75878 
104
31832 78934 97413 86077 91267 75847 33397 54769 56641 25149 97601 31128 20308 33936 7767 42342 99670 54007 90251 14373 95636 96535 36673 46859 43216 98287 45573 40940 8647 70155 24069 20175 51123 34045 13217 18738 14958 37114 72704 9670 21231 52086 75643 19268 74515 58611 10018 57311 97126 74430 36464 30598 25105 76091 93247 20777 90300 15156 26745 67067 58573 92979 22055 45584 64607 26276 17510 1991 16828 74208 33815 77032 55649 69299 22495 28417 71235 77319 7959 77579 3992 97185 7938 40273 25260 99254 49531 3780 33162 16984 87924 69731 62304 20555 91907 94453 49766 13431 3665 26762 37127 62193 73452 2974 
80
69025 28125 79612 36196 3973 45384 4581 33698 66649 7884 54890 76149 42181 12407 97254 47905 25758 69633 72601 33878 16789 73060 95520 82550 31973 42967 73113 1592 37322 47111 68341 76112 58444 16479 16298 44577 46691 1951 62707 29465 2059 38402 29486 89627 63169 99783 22408 6175 31748 21733 12096 69624 39697 22357 27204 59231 36266 51975 74376 69300 83867 96898 39531 64627 47882 82133 54331 70595 87181 91138 73326 42935 62987 61613 76913 87351 98376 40640 72532 52858 
157
30311 39503 58661 84677 36311 21508 21383 31999 22810 94283 72258 21771 42745 12554 98539 59949 90448 63000 56212 70482 96678 90457 31181 45638 4403 96515 19693 83233 18139 4552 53987 38070 28305 42928 96014 3836 97951 96645 65969 59887 91405 25969 21327 50570 24469 58719 85658 7474 45611 50786 35852 46973 64838 91292 38687 70442 23350 69853 84202 92396 36743 71528 99205 38927 67010 4916 67272 28625 56752 95822 37349 29647 52979 47968 22284 12036 66156 40944 94135 92347 84318 4418 81472 14767 48993 324 91955 11568 2804 13709 89365 50745 19160 7285 36763 87643 10158 88880 86316 71031 6461 89671 33041 1814 58424 98181 95287 54134 90678 95573 48692 69816 70689 91105 92238 73047 37847 98497 75170 1077 15144 92726 32733 23226 4033 40197 74286 89271 38222 88658 36163 31026 79977 7880 6682 15245 1043 57059 31538 19652 10653 94967 98628 62345 75260 11901 98097 19000 58897 19340 24639 84909 85572 57475 19380 51879 73287 
250
84853 6135 56940 27621 75387 31810 57383 33698 7952 11556 20301 20247 98250 21509 13899 66296 70942 78160 13598 29462 97330 30686 47721 83996 92358 84657 69471 78521 73486 92130 97639 41369 85484 88238 60998 61819 16035 72830 16064 52122 74084 64291 48309 9807 85848 72717 89244 49721 63728 35173 1392 22893 47178 83830 31927 12017 46027 4681 14234 32325 2538 15942 12016 36452 1062 46939 93488 88510 4885 82906 54684 95003 45009 49602 84968 21679 90193 46953 84201 66787 18253 94943 70373 30292 12674 76816 61993 80041 87223 888 90992 78747 92298 44556 63332 93226 39840 81149 12831 96909 25348 63335 73288 49219 20627 80913 76876 71955 73696 42207 51135 77378 59288 14509 98226 32516 46603 25901 5145 78541 51398 58655 17251 31730 85227 11401 76295 72308 25086 51044 10048 89558 22733 76441 3481 41276 51548 84929 37637 13941 61762 91030 29699 29989 34781 98236 12931 80277 98584 11783 22966 73049 27180 51911 96093 32460 61711 35616 65575 41936 24082 51565 8660 34261 71769 26835 19386 1636 22110 95714 79 85982 80964 83743 63795 21636 72100 54714 76567 45976 48802 77570 98002 61010 84603 34382 58337 12267 76825 43127 24722 9363 25545 28190 46968 85747 11628 84956 55246 63922 61334 74640 71121 45620 31024 5203 71835 90842 18419 75452 41718 19225 20310 34107 30748 28252 4922 14183 44603 13325 26791 5311 33810 48642 22804 94995 15242 27081 85362 51168 37037 51169 89774 22701 30863 82527 19455 99105 4393 9459 82476 19325 5748 61727 22089 6900 60317 54304 16373 33585 
285
52261 58909 20005 70231 55236 8861 9825 3907 45505 75232 87048 60472 55091 37269 86773 9524 99492 58074 42475 78345 78799 53680 39859 6517 62400 93186 70527 42345 99500 83053 94002 47273 90572 87387 2340 49077 85536 49679 19415 51762 58018 15859 58821 82557 29133 74457 51750 44041 4873 81392 24025 32060 10956 30530 35447 35757 46433 93558 48526 94141 44894 23757 54397 27477 13065 32620 81590 31227 14873 78606 3046 66626 26721 75177 67708 45884 40343 82984 20836 26004 51172 42434 71667 95263 11462 82401 25068 66566 37412 30653 54994 3555 20852 41459 23360 83288 66195 45245 62961 88594 40627 46859 87433 50279 27329 33518 20772 78941 33133 73483 45912 31381 51516 98842 72110 56357 86507 7310 17028 71214 78323 10732 8062 56433 71426 66789 31115 66796 35758 54312 36165 13413 2053 14998 8502 91456 66667 42706 85292 11031 22976 10218 17812 79764 14113 4059 38798 27240 70531 61152 37034 78305 45638 85376 26531 66884 71875 86137 41461 28093 59201 78006 62417 29305 50567 11398 55009 75136 59267 8312 9438 22705 65782 76550 17535 1762 19047 10398 57710 96812 42466 3711 99933 95158 84625 36860 93887 55358 46703 45731 82590 10424 81843 32100 33355 30735 63110 29898 28520 26905 36984 34691 82045 70847 42751 68709 45650 68834 23290 56596 22350 64687 25859 65419 4040 65674 66427 48899 17926 93726 7585 1129 38886 61445 49492 75432 86101 37237 42472 87181 69364 96705 96693 79441 63875 9104 33916 73225 22369 54469 16754 82855 42841 66917 5482 58904 59897 79205 82950 57238 36774 47994 18222 4309 15235 26583 77026 3235 42723 54195 38645 90623 2750 73948 479 19680 34314 1338 94731 46774 27468 4428 29234 40662 1476 12197 27243 92285 23793 39093 94490 18459 41287 23745 36958 
3
51221 37777 18663 
57
26694 18838 42022 97928 14889 82963 99589 81469 89059 21225 88877 90178 6810 2438 85844 6921 3960 67306 15236 85687 98772 60318 79290 67432 86837 52929 86300 7579 69999 70638 21843 28294 89234 96711 45411 9758 97245 81184 66111 34054 52712 35512 44874 55204 3908 85556 21483 85884 60304 17926 71686 55555 69035 5174 54896 23766 83295 
250
20757 93142 85974 52348 95814 45214 51087 11457 95639 60369 43896 77415 13918 93996 78278 31557 59969 76361 21731 95975 17879 69341 5382 49793 98347 69708 48480 83274 4920 34877 8427 68685 64506 49231 42388 86213 12657 43813 15666 81329 52880 92920 70414 78893 94969 37821 35636 13622 49109 28683 59577 6503 18607 92127 51060 74812 59568 57021 9620 64993 2595 59645 69377 78810 72783 28110 84885 11802 9850 44539 62144 58733 16475 19189 44495 27807 10295 9805 60499 22411 98520 28958 40455 48858 44203 90424 85304 6468 69696 94913 19093 97471 86418 24591 99113 81117 3787 53725 30589 59311 74120 98967 11769 10456 42645 29675 50122 42506 6015 94337 6183 51536 80440 83517 45949 85201 68507 96195 85107 92906 40759 77370 98548 54477 78086 98733 20540 76205 95243 273 58137 10990 18753 5390 3011 78722 42540 80127 57898 2192 21903 67294 80771 3065 8429 90093 91684 19986 32652 74797 87338 8219 53606 23493 66226 61180 76778 32621 19757 96225 25821 62472 26224 40522 52195 12659 99763 68070 98073 76763 95154 17757 74635 44188 21504 37763 16849 34781 36634 33551 5866 7785 67783 35508 91624 3109 89914 77950 64057 81323 50214 10457 56495 37149 43569 40814 75863 8588 11180 6236 24107 78181 49928 67088 77219 48240 89316 20544 41144 58118 74372 53042 25705 83850 47592 31611 42941 16960 24601 64746 29417 9441 4522 95769 40109 18531 67141 86387 46789 70586 72141 28330 1321 12424 15847 33839 58183 43314 3395 29195 40 53236 53377 58899 13265 92784 29075 18802 27132 14736 
159
3969 48112 22422 91929 56763 35560 17433 23221 59628 88963 87199 70672 92476 20012 81164 7900 83280 23767 46203 7625 29819 46498 67280 89366 79439 84049 14466 57848 75995 42376 88373 32850 30002 29512 85917 46261 35402 73419 40933 1155 98839 84210 88000 46214 22546 34670 42318 46082 91046 85299 62414 22439 45302 48808 20415 83632 1980 24402 42904 67852 51082 2573 44776 37144 5022 97953 55041 35363 80060 59697 4579 138 96899 43334 62234 42622 71267 5955 87168 68484 45788 2259 93657 31445 59381 49317 17685 93388 26376 8790 56053 89276 87731 71191 94970 13895 4812 1509 67209 33392 32390 75514 16718 57088 24413 55993 65556 29484 61190 20694 91780 22656 8469 65792 23193 22132 7601 79669 90157 69854 14092 26857 5256 73743 918 60366 53530 37811 55444 55556 53477 25489 53638 50884 84221 21843 19114 10191 68000 25674 48039 28079 98146 12189 58582 63561 70370 68343 10496 50121 89803 82049 97874 16015 26045 11115 31063 84481 51504 
99
91459 47663 78897 84232 16904 6635 73472 91637 2334 22805 82566 6130 69704 91756 67477 60635 25506 83125 4760 35213 97275 88295 36170 97393 36409 42150 33980 4574 12358 52480 87130 65338 67643 80691 56407 2192 24242 51604 20483 30035 85855 39019 55357 44957 69933 70915 90835 18469 46615 98464 57793 35017 40297 98379 12426 59558 31345 49820 45232 31009 51720 40012 5777 43424 7450 25212 81552 36150 74815 75313 34226 86204 9656 96421 85878 52761 84344 43827 97250 57814 7878 15576 48956 85803 35606 70890 98776 41957 1688 85786 79902 82234 38153 51985 85376 63441 33274 4066 40736 
222
76720 27482 2583 14668 38740 59565 77727 58071 99823 38607 66970 27674 44484 77875 78661 69260 96543 91918 22707 62821 29904 16209 37023 15915 70187 31338 27242 61898 58742 2551 92954 18738 12293 20252 41978 1937 41822 99089 6646 62559 22619 60929 94800 11034 46501 30643 31225 56173 18590 82781 5456 83689 93677 70886 13560 6996 28553 15916 77766 73408 37142 97250 71164 63215 86299 44423 74614 53785 39436 18798 69771 16737 87482 29210 98277 8426 68851 56647 43148 43717 72147 76697 95745 14298 80143 18025 40466 56531 61994 98949 43180 84138 5230 39026 24557 90729 86995 67983 13303 57731 35139 83737 50372 61949 89486 72331 82657 20544 93438 41606 53130 49515 81735 93597 3718 914 10304 98366 79241 14084 41865 81905 7912 5518 77106 13935 93342 12254 61016 77691 27033 85952 82319 66381 59619 5620 68599 69158 681 38786 40157 13680 98238 28604 89499 86898 8076 58837 98438 24379 42781 48764 975 38781 70245 89993 97841 89780 47577 30749 98576 39870 38825 46479 21354 9772 59678 81998 69996 42888 47051 93703 86671 15836 91797 26404 64059 48107 9578 61871 61363 28045 2456 97903 34415 58809 6263 17637 58027 84207 28291 74305 84879 67603 32397 41245 5176 3507 17284 11613 7340 11297 21560 31418 8645 31827 56131 72876 98223 26263 22711 96892 98502 55246 47489 36780 31505 44427 32777 9579 52821 47601 
163
17336 74522 20153 4738 79276 95687 8043 84140 59205 63857 22424 42562 27181 28675 70343 18111 18745 99009 30275 92054 50217 73251 35017 61571 98927 27912 6341 56453 10267 80575 60661 94100 49480 67465 47630 96786 76769 3322 88254 25036 27657 22047 39500 20190 79234 43384 8536 47935 53882 87479 79019 90001 38380 84108 72300 72250 72954 44047 28571 12587 67772 47930 23209 23809 46064 73526 82536 60813 27553 31896 38452 94665 78740 51693 94796 35184 13685 87165 51984 93717 65330 50713 42255 75654 50429 9898 64953 95633 3424 76016 69198 79023 92013 686 1155 28279 45380 39529 58421 54014 76742 48406 47857 12641 3043 81067 33494 77109 98873 37013 35678 9287 75108 43782 8128 92120 30703 14681 63343 41865 52646 58214 60712 92247 2425 61931 95540 87028 66993 29567 65034 47440 32999 51714 30947 65223 60353 92054 77805 62562 87231 5415 2785 74183 23211 53222 59305 61241 52104 35744 14990 94737 7273 82341 31741 89179 76101 47355 26893 92380 64369 77800 5035 
139
18372 24332 21001 61424 11646 88816 98366 9295 13226 42940 94667 80867 60163 39099 92704 42267 49355 82901 7928 27488 37926 79280 79291 49050 81559 80564 47675 25083 69288 4467 85947 89745 66759 49274 11214 5989 3227 20502 74759 86974 76392 8843 17226 14536 63864 22034 57742 79864 93630 51552 34383 5640 76765 23052 16864 63978 69456 76739 37545 25733 12345 89691 2366 64229 22319 4205 86593 56726 26130 22340 14140 75187 49813 98290 38145 55591 48628 14693 42574 60751 38988 96827 75805 22284 19279 30577 31332 82206 11495 77543 76726 41903 61516 53052 81822 4206 12237 80847 92121 51239 11071 64366 72718 73030 760 83756 30601 75022 52466 91851 89526 39718 5506 50685 72960 42142 32363 534 9248 31041 97019 16490 74189 52227 79483 66426 13581 11810 6089 43839 52288 19572 97683 12234 3056 80953 17179 45627 5449 
303
42419 95195 22017 48972 83351 15599 44627 2369 62155 40571 27394 46773 62945 21248 18585 82398 58781 86764 5166 74791 60463 57635 31637 81470 47766 73364 82825 37636 33368 17044 57467 94115 42580 93722 42686 73464 87456 24311 96920 88632 99877 34951 21735 49706 53948 29702 79258 38668 32323 99140 15428 8949 69778 38167 38153 44885 41573 37979 6590 9538 30200 72086 94601 59165 50670 24382 29962 87384 42049 93944 89216 94818 55578 55851 8356 13379 73922 6629 94077 14938 21168 20139 41375 98179 22484 80078 80869 77614 13272 86142 60793 9640 80492 35937 79472 76684 76586 2502 8186 39752 10739 72314 32264 75089 12755 56220 18593 59815 54634 541 11752 50483 60180 23302 60711 79479 70672 82422 64952 44360 71202 12085 50366 18198 19074 33112 34197 81254 96046 88555 14962 80186 12596 29330 20235 81986 49652 76421 38292 49509 2569 96390 32622 79434 61447 90476 20587 22321 4977 48433 86484 27687 2294 3221 18008 80959 43131 62131 19889 51779 59772 97184 1418 51267 37550 53691 26488 25209 75075 7867 67098 43621 56319 70313 35531 47113 34586 96542 45837 84375 87342 64766 49001 38959 7636 8039 99253 2304 95079 78344 20492 84826 57466 18521 81002 3911 42747 92794 16718 25825 11682 35494 70673 64883 20263 34446 64725 37278 19891 9214 42435 92052 90987 19544 14096 7836 48264 16005 62417 23631 79805 74162 54014 7058 82970 44911 41814 22744 62593 40951 85749 37969 30513 1051 60165 58820 20001 27356 11550 5497 92964 50026 25378 44619 79414 84607 23848 40191 96607 36101 3092 69464 74400 52803 66710 21109 38762 73318 52455 65470 80050 66573 14013 58812 31498 21737 18384 4121 30122 61723 25162 20260 77486 37667 29202 17688 63393 35617 38901 62036 54769 9339 53448 11111 64362 22126 97346 98170 88031 86188 82919 53395 55050 73692 44108 20831 93014 83679 2718 67783 24129 94795 14954 
309
79140 14615 72009 33977 13742 26637 53323 71553 54999 52169 17882 13749 81902 54679 83716 82294 14097 89102 8938 29650 30886 50883 44645 35128 54718 69881 5675 80076 70713 857 99107 4748 36285 32525 5453 93396 51055 36560 43577 69582 43920 86991 39642 17052 28277 74938 66385 67596 29345 57656 77453 88288 19559 59806 69775 59131 85981 31859 45175 42910 98907 77659 84006 46105 72367 17128 41239 50480 40413 70275 83034 28519 75524 92535 83693 26741 59077 5718 33804 97017 79756 44099 76161 19380 52558 20143 89203 10556 3279 23861 22793 63364 44603 98899 71628 50597 63821 43089 10999 8391 38949 85791 69598 89949 49638 64999 63316 92577 94169 90929 53976 45293 66046 43795 35423 34213 84947 72052 93124 51096 3499 37875 57326 45809 67853 83066 91641 92165 61196 87215 56656 61299 21296 41610 42485 83394 55131 41670 89165 55771 89061 39908 67660 93227 1432 2199 29998 92045 93915 68368 66658 78895 73899 1295 1367 97172 40057 40934 86460 87648 2259 26253 26155 54806 87833 79800 57221 71953 95638 84705 91696 42364 27184 44517 18631 48493 51488 13308 32077 62151 65228 34434 47180 75133 53658 52095 28565 27443 94098 20754 62947 55544 48708 69810 31332 2667 41085 37824 39966 59737 38711 96799 11301 74425 88428 34188 92319 28362 37489 14507 17794 96493 62413 85214 38289 99645 1520 1048 52760 38276 76504 16863 90378 83554 8731 96616 79368 99707 35352 91257 67734 24112 20771 69971 55023 69784 24997 38356 85490 84478 37909 45495 31959 82542 47505 65448 81446 2780 12728 92732 47715 97826 15973 79493 602 49180 70685 95346 15777 41449 19452 42065 86900 56435 20546 34049 85401 9840 10494 38940 85618 5073 11263 27294 36329 51503 44965 24955 91108 61781 73280 43641 63610 83335 47087 16543 2415 8782 75736 65329 26319 69102 21753 45894 81450 48746 41153 51023 76437 39280 73204 17794 10424 60488 26158 69942 64989 88066 25965 
98
23 13976 36137 37716 55202 68965 68022 65150 40814 43979 82043 90721 43840 6821 26892 33802 75394 56874 62407 25323 50775 81423 74019 69158 40221 59735 59217 85817 70596 56335 28653 38526 54509 44649 44577 34915 34112 46 4978 36063 50299 48229 60847 37925 70408 62716 54905 1408 7841 56293 51781 55797 9780 81847 5213 9952 41091 34738 10248 89367 82941 89971 67593 96393 62598 70584 48246 31629 99838 9432 89882 8078 65235 90849 46189 71754 8125 54673 89497 22864 98210 10477 80168 45485 36799 81250 48449 70603 11187 82736 83427 255 58525 87006 92246 77180 99680 42965 
275
66795 51001 544 15640 11540 80349 89242 29893 21296 7644 44616 12631 53472 17879 87249 70368 3475 22393 45533 57528 44820 23111 24928 36364 18565 61593 7211 7845 70487 65513 64609 61473 95869 36317 64474 91946 84766 55943 14898 65594 32641 76413 87108 80425 51741 45796 59163 62718 30301 30652 15797 68634 90591 51159 87185 83168 61749 23668 257 18753 51166 35905 61966 19692 91035 4452 36843 38001 54990 94993 20965 31091 86606 16635 6800 1864 92971 33770 57777 74999 56531 48649 76982 89669 59863 48726 70215 5768 7111 60823 43536 56162 29793 60576 9816 52366 3879 74333 90667 71422 28677 29499 18585 97646 98720 23400 35960 72931 6585 79509 23791 98041 39850 46143 18540 5472 76681 13327 1707 34827 96748 4181 63069 7792 51505 32126 91112 75000 65538 32157 57825 82846 56506 43009 57224 66792 59200 31703 8852 21360 42269 64641 80414 97188 82698 91120 66308 80707 7658 81732 37217 38692 91408 50727 371 89820 41620 71944 86306 48008 32123 45217 60797 58328 18999 67397 57126 43580 62176 10757 83270 81661 2602 43479 23153 63001 28143 79191 58532 61259 49225 42655 50506 41775 74969 98766 91169 1962 8739 60619 89039 39581 81824 95824 34322 41101 80129 33111 88275 81875 96979 20212 71418 68264 47254 18193 79089 41758 78357 26534 5180 66059 31065 67867 16008 69180 86267 73167 37873 84622 30345 42195 82641 11305 26203 69456 5474 7688 90768 40412 766 48563 73576 15887 37078 22642 8809 68090 53127 98406 77894 47122 70018 59605 91828 2585 64754 62719 43148 48251 18772 62552 14949 66577 43959 65048 5817 27706 86918 23462 97528 10876 97132 39920 28168 82881 48714 74377 67319 82069 42725 95657 79190 48375 16814 
141
40540 76912 54766 11766 72652 28345 49915 97606 27766 367 68286 83206 26544 17855 82207 68771 69303 21754 36760 9882 54282 21065 76875 41654 35389 6090 8542 91929 13304 3479 96857 93483 37268 76306 28638 92755 81391 15408 40724 2014 74391 68657 8827 74396 8193 37203 91512 41288 39621 17055 49324 18665 35315 7948 39269 66317 17645 27210 96948 8662 41323 16473 13865 5467 88978 87134 88201 88551 25341 32947 51670 4509 89244 59233 4441 71993 29705 7827 46777 2744 80431 67228 39062 27869 96717 671 92892 79626 66180 11407 57839 69296 50325 69733 17646 4237 45621 81297 51864 10403 50794 46721 59546 50397 53304 6035 95055 16784 87153 25780 6079 46141 81995 39774 14458 34866 97867 16505 14244 62741 75496 81319 85280 59383 6350 74365 56632 22959 1318 42547 90595 95200 41496 67919 42253 39751 83556 70929 35978 23939 31321 
155
31617 15184 54464 70533 30071 27921 67719 81887 3280 3117 44592 79641 55449 23959 7124 72848 69094 87760 95877 36125 5076 14168 32568 75397 75099 80964 48426 80971 5709 19278 68336 82766 11729 34052 11342 61729 33905 41127 91915 60372 92052 23563 20458 79980 63606 9554 56007 86040 9559 61544 40157 317 95042 96921 85209 347 68044 77545 60737 59807 50771 76581 32233 40574 2122 15339 6121 41213 90211 49825 61787 84599 71499 69469 27131 76767 86455 2519 8218 11237 44672 13273 50255 25464 77744 7519 977 13793 75016 70373 98606 73174 11167 52713 22220 52792 32262 16252 28626 40721 11709 9578 55109 64080 78645 24315 24584 3036 19758 53078 32552 82454 94923 78821 55840 70561 37849 39112 21285 91879 65773 25419 67728 28255 74564 12319 71893 66792 13739 69474 76104 35286 87481 85236 62904 82481 3245 62777 28036 38596 91359 80439 13955 8827 79279 38523 55782 26042 91481 11722 68497 3942 72049 6664 38923 
35
31011 2160 6999 18593 88233 27227 18125 11517 71868 67191 96290 85024 41537 32906 2190 17510 95248 23823 48210 62935 97354 12775 64079 83598 36079 44755 79552 66708 40265 10750 72947 21710 33465 37118 99069 
146
13803 50360 47995 90871 7526 28546 83319 34633 44971 63365 9753 46102 14442 65376 18058 74203 28598 61678 40053 10972 95188 47444 4886 64305 93127 63026 11834 60863 96111 32426 98310 26165 8947 47534 63579 98886 71478 74415 81590 72098 63390 5333 12778 32233 36106 10888 50295 59862 53169 18202 96434 13339 36978 70712 39092 80058 54643 19557 24583 95233 594 750 31694 7949 12315 391 12243 23348 11741 74580 3786 95052 46546 83728 3894 58918 23292 68210 25698 41715 67830 91218 87673 92762 21300 32958 25329 99345 80022 47401 71243 58224 73414 33359 70136 68438 58733 53012 50955 24799 49763 36701 96610 93665 12975 97188 42199 65966 84857 55607 22385 5806 84650 80596 59833 40459 55521 69037 27534 40036 4711 13756 25081 98954 24372 98581 70605 23712 41276 18046 7592 94764 57032 39419 69707 63567 38055 1638 7670 97481 97087 82012 4723 22025 73732 80414 
182
51884 54294 55749 85032 57290 2786 33547 28185 12566 87173 96319 43284 11603 49104 57964 47329 55773 64330 39019 40164 68038 52727 84206 74834 77058 548 77865 31746 40100 81195 10018 8861 84877 1911 31481 51127 42975 81513 57392 87070 73896 84999 67893 16629 39370 77406 94201 54218 4056 60934 45622 51425 86197 38975 61930 95386 73805 43181 58116 55537 76674 38211 20280 10007 93909 20523 51049 86196 6806 44791 69529 4037 63061 22847 23582 88872 99999 22591 61623 20884 44284 29354 14585 73670 72563 41826 53033 64709 6259 73832 72472 76115 23631 54702 5986 57325 24945 68971 93127 76144 98641 90798 8691 70910 80011 47807 91566 77880 35135 50079 63977 43486 82655 96956 50683 97521 36841 66064 37282 34728 5374 32429 2418 18141 49205 97257 70866 11893 99903 28197 61307 24130 9123 16415 28949 40795 76266 23869 47679 73282 37462 67340 75909 35291 72504 25369 42414 73434 77886 16090 17758 34875 28906 83636 44551 98606 73926 84982 16404 4728 40846 92150 89391 87888 86968 86294 14957 79441 30519 67019 71219 76262 26162 79552 37413 47421 87382 42733 30928 13580 8100 81114 
227
88060 55456 44835 17013 23985 64264 84455 49711 94688 99356 30096 22175 76815 44832 92849 4749 73150 53953 77791 58440 53451 56248 73660 29820 47567 55695 58065 72401 34398 6166 42647 75100 78656 81778 37275 62966 77406 41309 28668 906 71729 4179 86214 70609 30957 85441 20535 95642 39460 11788 62656 2139 46282 66081 9260 54561 13228 31175 16320 71297 96268 60551 78943 91732 3757 41320 40526 51835 89262 51083 2368 68094 24476 59045 58736 92558 73799 40266 88949 41699 35953 36894 41258 15213 13586 94397 72431 28470 66951 40622 99469 51042 16057 42936 57898 3719 31747 44361 77310 26054 49881 53063 69701 67702 39961 85124 68700 72715 37772 77319 50258 89990 63213 45130 16981 88299 8631 65781 18017 40190 15681 79443 80639 19425 37166 79929 79361 54270 5202 89712 33455 80062 44481 84347 1095 51074 67256 46473 28545 91591 18437 72406 84244 67405 21020 786 28808 51723 7019 27661 57472 51069 8132 94748 98247 19108 62857 91704 89124 18395 20294 7672 59914 42921 99781 14727 68223 45622 80294 22402 22589 47852 43147 53896 75435 30789 76112 36182 32147 4544 80038 64416 60376 48235 29196 72398 24674 52174 68813 42161 19652 55271 850 49521 95280 60146 7888 88707 22176 90261 94226 72205 39579 75360 44061 42630 13200 55957 74827 21199 8578 92828 27959 71730 63898 26794 79511 25124 11341 37257 70491 46157 75798 91936 30996 21242 57354 
155
40940 8125 43466 37298 18717 53153 78696 40982 49582 66256 32516 86021 62720 28266 65953 75085 46069 18186 25407 35728 37301 65545 23612 69989 8037 74226 95259 5420 13545 52181 7135 83724 36181 43991 76132 26241 87707 23836 80939 53369 90285 65030 13623 87033 75544 29962 8796 99505 96542 44797 11832 82799 42698 87881 33957 41670 57799 81294 72112 52738 21331 65216 9958 43433 77322 29359 95741 8874 1715 62189 39578 12201 8731 5584 52384 89565 7116 71397 90822 85592 35387 71423 54561 22884 97401 47860 82778 4430 81422 54563 82142 28140 58477 94009 97301 2383 11729 56352 87816 31756 67796 18750 53102 50886 61670 92884 7603 11375 69669 83805 93749 4963 81196 87840 55101 63086 21845 47506 92614 95639 21986 43279 71226 63370 90294 96599 24235 68036 39535 82380 98693 39632 86927 29344 1792 24061 20131 93444 1716 31979 73652 82249 22381 90984 74466 16993 34563 29601 19687 34583 59904 88281 43663 22645 47519 
230
18299 7014 90910 13087 69408 77294 68634 3199 61952 92243 64717 95588 77941 94054 26931 39603 52233 20551 56272 84888 33248 61800 9798 65035 32395 91344 86014 5862 65903 75051 50541 99581 68484 66471 56249 55204 90519 49215 20492 14185 54117 93109 64015 11223 42948 41567 78239 74598 51359 2948 62793 50497 90615 462 26379 80754 82965 50766 86416 72712 83841 83701 47538 34784 48494 83878 12578 82423 9967 71800 45940 67042 38476 78352 6801 36625 75604 72548 92922 77374 80664 49094 43270 81034 94385 88831 91866 8890 41243 94613 54912 76939 64682 64105 35348 6844 26505 24683 70485 29508 80025 38911 65076 12900 14393 18969 38246 64314 73465 37771 37225 75450 44603 88188 51695 95071 59878 92953 93713 33364 26225 52626 11544 92583 81187 39767 3807 85764 12805 68652 58591 1509 53979 8102 48769 69784 81250 49404 84685 31883 39856 10334 81056 75548 28354 83832 59816 59161 40789 75837 92579 54910 78716 76031 99944 22436 31603 57538 69942 17669 79316 53320 76866 94231 97365 57290 31205 76621 77319 66564 53521 49179 54992 25564 23585 8750 33464 68088 15288 56642 83907 92645 83485 77476 89779 77304 30881 21073 60540 16640 88181 92567 31895 13132 64452 53557 55224 46769 7874 39035 28970 25391 64759 57664 35564 82510 66486 53147 82985 30723 41938 9851 74292 21655 41314 68360 66541 80561 77501 29034 37064 87236 57619 53749 46652 61434 53235 78012 67882 48048 
57
90760 97891 31885 38804 24956 74611 79857 40810 56390 39840 38946 98660 51258 4292 90974 40931 57234 40574 48727 21717 70015 6129 98217 16634 40778 35371 79316 92124 33359 43348 58755 94584 62115 18916 84404 40658 24926 63292 86912 59311 89046 83519 12065 5920 43431 88886 34657 34655 41195 29030 54441 80942 29728 28108 35370 81753 69520 
25
72655 99061 52293 93115 47650 71323 52102 13021 53623 43617 72928 67154 45436 95751 51459 94782 96909 27820 13549 1313 28852 66336 43336 66750 28984 
39
20041 28828 95900 65262 29423 26161 21453 25059 38908 83521 60146 6036 10132 691 18849 74454 70962 57897 95905 75861 35861 21654 97495 13638 10924 51931 78580 98743 49872 70146 2111 53060 14307 74139 42521 67145 7720 14348 24974 
270
35481 31461 87110 53554 98125 25811 80848 9440 96835 74206 12360 56656 18727 71287 75984 8419 55859 37066 16059 16593 58103 15118 36622 22023 94340 2922 37247 32741 198 88809 39247 30193 96626 71153 54102 32487 77433 53207 50384 42075 48770 49601 58664 9444 35744 74439 6948 35703 83162 31857 32678 82898 95914 38461 37273 54948 98472 34354 96558 40199 4758 59313 87573 46611 9916 16958 85517 87351 18964 30385 53946 98163 58952 6907 96836 50014 91096 37205 63959 62497 52237 42610 59187 67513 62710 23839 3130 28477 70120 85251 72354 27416 68973 44000 30313 19935 10235 44509 95530 35622 1583 72301 16813 40241 66777 25814 98892 80694 42273 20891 23786 62310 75140 37387 60011 13458 19614 12760 50949 54965 82706 9264 34537 43783 28428 34160 93805 81507 81272 86282 18710 25784 46061 83706 73375 51478 60621 74204 94240 64025 23852 95053 46993 56436 2899 12061 75771 44438 47322 15596 59433 212 85521 99536 95167 76543 80846 92929 25798 43458 87877 31868 4636 40199 74280 86844 46617 15394 54675 2112 54915 41394 19954 41129 2946 28704 73120 39282 26510 21874 56528 14398 50130 53576 16246 18721 66818 8121 38895 74600 15138 44188 4756 70449 96916 53569 93027 72253 64685 33627 6526 23072 67460 21525 14882 30199 42883 87649 41483 67940 15697 7166 84716 85886 37472 32020 38437 75289 54553 48642 25569 79939 59604 78638 60992 46258 97638 67715 64794 91833 29607 78365 69050 92966 53172 3211 43506 13167 18938 56218 87633 49953 80468 7740 67984 13378 32660 40402 87434 28385 21177 66051 38366 70949 24079 59398 66240 53305 90262 41819 65633 41590 40995 12368 9728 41439 9873 48184 31382 22738 
46
6743 15590 82144 85658 47747 7215 79731 54482 30263 17240 34435 28980 92389 9445 66493 24553 64172 97327 1198 56394 29448 25696 39808 87312 64246 76754 68511 21210 75427 50985 12877 30834 99576 26082 71073 72111 95440 61411 14747 38271 97819 87794 29124 9803 17767 97250 
213
8397 42208 43643 2761 30684 56102 76946 90906 77688 77136 28555 1847 19412 74148 39399 48573 61578 77846 3970 70818 48088 17434 94899 92104 80405 39459 4927 8950 71887 9986 87797 16406 18057 3745 13167 78836 25158 30214 20444 55022 37734 86949 36192 3594 93701 19315 52254 39060 41802 50125 70330 89175 31142 13066 56647 76035 48004 1890 44713 93004 6707 68052 88884 32256 87407 84977 87993 97709 64002 96821 13205 6303 52867 3364 7705 69509 7064 13435 62654 88665 65311 60910 51117 63875 12026 41665 37268 58815 41544 27974 5229 11214 38727 46232 69726 24140 54409 52456 17451 92734 80506 46415 81186 76813 46563 95631 41383 87439 60858 75152 55832 79814 34729 60889 26989 6553 43278 94217 26015 58587 30673 16783 9397 4177 78647 45960 92982 95009 64511 5080 39399 78739 4378 96709 1888 48535 18691 89684 47822 71405 60637 32706 13995 16784 93402 87431 5253 9511 18340 62938 75614 72857 10083 29795 3187 55900 38936 11652 38202 98178 49045 16468 28979 33941 83234 62630 1309 84757 55058 98798 56109 6644 83241 4452 84720 52813 27569 59751 42246 7202 79962 39656 77764 60108 85014 23467 5597 79113 2113 3699 30879 35891 51234 13913 11171 63385 99287 62834 5780 79135 23623 25751 11542 33524 92405 79981 91377 90348 76272 75786 19894 81345 24093 
78
5721 64635 66445 83827 22039 39040 6722 67873 70056 42849 98657 11990 88621 8484 85336 74144 35949 28843 72781 14489 45026 56039 52407 14187 70661 83215 264 43552 99068 83344 62798 39619 73438 92684 67701 23370 13274 39962 6472 79484 28678 19928 38610 74111 42871 58073 85200 43698 86767 38984 99708 92532 38366 98157 37420 28911 6092 87219 34070 79499 81457 82986 34484 31794 63021 73573 25781 39072 30212 13246 72765 79143 76263 1075 44074 50799 17438 72110 
219
65354 16142 84492 42248 92832 38564 32967 46007 81776 26970 53163 25976 2861 58604 79747 85580 58406 58016 17964 35069 60338 72072 67392 95809 55225 87380 88576 13185 21720 45404 61821 47304 75838 16404 59578 60730 18282 25875 58930 19262 29422 94657 40200 21950 98139 5802 7916 60536 29142 43982 91632 57675 25283 83573 7115 22174 7273 48393 81577 43954 73497 61816 14387 75683 38622 53379 54485 48247 17488 11598 55871 23192 85031 61803 32108 49417 85900 22847 55228 80487 86643 75995 28483 35793 25872 87568 86939 45393 42181 9458 83329 54564 91930 66410 3707 30788 17441 37944 29276 28966 88672 62189 35141 88643 43272 74028 17316 24235 30468 9187 60101 49658 69564 33387 30361 8361 92298 53308 47327 35538 68197 11609 94406 32702 60206 72652 99020 38520 71796 69950 30989 36233 16692 61993 67088 87131 14418 71950 6111 13870 16907 94085 34647 69531 35191 36878 59293 64842 70514 77687 18104 10572 50649 22354 52837 10630 31924 27851 89050 21003 66667 94519 31928 92449 79333 42187 9545 43557 51045 63804 89578 51093 22278 99170 53517 44022 79194 15117 26715 4882 7442 87208 96395 61794 7333 57587 29260 48096 12470 83104 60951 30403 18051 80044 40479 23126 33957 70445 41392 32495 84871 25894 25786 35766 23117 53666 90479 75247 59076 38786 71803 1060 47369 55320 51891 46387 3763 18112 86156 
66
78294 23153 94919 43500 16159 41166 29104 17103 12704 88631 98087 15063 31410 92593 30673 1954 74796 27911 71394 38406 84329 13005 36741 17674 65387 93981 45712 30250 50729 51926 99728 4677 33111 2533 20256 39570 6500 77329 24409 81202 26671 80219 83989 25703 72605 46650 88515 18607 40774 19113 80761 97771 63281 67962 67919 5292 26707 26056 4812 24299 17671 26558 3997 38647 88076 7070 
111
19698 16748 12143 95508 21546 43075 2187 77280 24655 18252 83972 65695 1402 67753 95808 46910 83195 76828 90562 95713 61389 67151 88615 38449 35360 34971 65191 43934 79334 30083 46828 40865 64837 50149 93680 44296 45051 90294 35444 37999 15421 97469 60985 17971 70250 56269 37452 16892 8584 10720 41168 36012 47160 58479 5796 95969 30206 95288 75940 22962 35611 5830 88943 31957 49248 40448 57586 35340 32121 74287 52791 28897 57539 45914 26241 19917 35469 2964 36914 30850 41867 25583 15174 38581 76724 1859 87716 83901 55544 75152 44188 46691 95093 53284 48971 84101 88087 26944 81319 81566 11423 97775 18033 34228 82845 49801 78513 73020 94128 24832 88297 
280
73507 15864 79521 37397 69288 48024 30952 75503 36870 67431 87403 29900 63415 95603 33634 99790 80572 54396 49832 76118 82147 14471 1310 49280 59832 65598 56453 51518 52275 26190 18073 12356 5773 14874 80810 11030 10265 68458 3101 99371 92044 9421 86152 75083 72376 73976 9124 96983 63502 49367 94797 33732 69119 16790 62923 81218 12525 53276 70582 4128 64404 20661 84584 34458 5269 22064 88055 70567 37124 12038 40945 39363 11797 32785 63095 4584 24143 58085 47985 89181 90377 24340 67431 37942 13776 97461 4961 22300 15924 64375 58509 39658 16272 7088 84809 21620 63228 46932 60971 44843 91546 88151 85830 54847 46982 29246 98069 21106 52888 34882 51658 10878 84793 99988 18205 25223 31019 99896 1154 74374 63215 80811 67440 7678 18276 28015 13275 73265 4192 66052 60132 55801 61637 77566 63750 57637 781 48697 73912 15728 64540 51942 18634 30067 36924 5515 53416 34354 45801 91883 67190 94300 26673 69667 57984 89897 25337 82837 89296 6213 76640 75933 8987 11806 54801 70603 38939 49949 30059 87473 82599 3775 53140 91297 61686 48332 66304 4943 59693 85672 39712 48705 97790 9320 50608 79754 82678 99662 78926 87250 47108 94899 1842 28385 8442 97612 47118 9806 27736 30745 93691 3004 88540 631 66921 7443 96263 67255 56147 93983 93013 57095 11045 24932 33334 4162 67447 29215 53576 42897 74459 38706 32694 6765 95819 44549 77408 29286 35176 1338 28062 22219 45507 88646 21407 50897 64703 209 91992 22072 44688 72507 82193 93081 46295 40579 74245 55719 21201 56370 45968 22347 4991 55414 52154 85400 82594 16353 71288 11775 32613 77413 72523 44314 40495 73737 23418 38269 19702 25977 16674 40799 96759 68637 27494 62277 25712 72834 28975 33774 
32
54958 84596 54340 52383 54135 95676 74839 89477 30833 31666 68713 80291 88059 94944 77920 71716 55877 18605 83332 79199 3644 72405 3341 3952 75203 67824 63903 91779 66724 62282 40016 72407 
215
29283 32712 8253 81665 23379 15535 52093 16543 39444 30812 27263 92467 9119 57908 83287 50346 45794 21472 38478 29318 6714 37233 65404 23107 18397 65467 33979 17820 62051 75151 43768 28486 24424 55473 55874 71693 45261 31452 11101 99172 44960 68309 25727 6979 42297 12096 81501 69503 16191 44041 39796 52922 65641 7283 4762 65237 84613 82843 63390 50664 94370 88177 40524 41647 34490 48963 34892 14145 55227 86899 9584 62995 80883 79512 17762 83353 90793 95696 14905 122 86606 68220 34328 82819 9357 60415 50356 66857 36057 60578 75753 71154 19311 96339 74903 91145 74289 84789 20749 79742 86267 87789 22974 48784 45494 10342 73328 91392 17837 14098 24357 90482 73969 45320 68563 61553 68766 36494 58117 11887 26875 58761 39594 324 77706 67456 32907 11217 49350 72024 91352 31494 4334 91230 64831 40489 53041 54725 73065 18337 83716 58759 57569 7410 79736 26630 10048 35699 58131 21749 32887 49876 11254 81377 28216 64753 41690 46125 61519 73834 30090 92092 27703 27129 59185 51144 41457 2041 67258 68867 8346 21518 35178 18487 51563 75478 99913 1237 89720 98143 72293 79631 43640 91068 42224 94311 32769 58455 58501 28820 80039 23418 6053 60187 96966 87481 19453 66572 52937 85160 47170 50671 89584 59088 11987 40818 44329 69886 61373 48664 21681 39802 36645 92276 23274 
272
43338 66569 77632 51063 49987 88876 24149 83388 33053 15863 86159 23859 66676 48631 84927 58779 24894 57344 17317 58667 15372 52871 44527 12105 76107 97009 14884 89536 99451 25705 64745 60747 15009 61351 65014 76144 94104 58271 40431 77109 5815 29069 44442 8714 1181 52438 10333 65340 24978 77879 66914 27683 40875 46758 93693 25841 81297 54089 48640 40152 99504 55860 85990 78510 47797 39509 26293 96829 4990 97135 75820 11977 5341 27671 15918 42457 44012 29348 84193 49872 52924 33228 38 40650 26924 41058 41914 82148 49452 99352 99827 33602 19991 77952 99796 86470 55894 86636 34479 17263 78245 93761 68870 47612 66879 39813 25702 92847 19076 38467 58310 12347 59030 3891 80713 55106 16440 66037 35987 1366 41186 69000 37214 16381 34821 55936 45109 10244 46893 66480 93774 22445 26086 17809 54606 92813 20592 21708 51664 59107 52705 86172 34813 39700 88089 17487 44898 19663 62880 22028 19836 88146 39499 22246 31668 82609 78062 28635 83192 27670 46654 16333 2795 58745 27822 72987 2165 29070 29302 46905 51810 78077 9606 82240 61975 14325 17901 72325 94429 15893 74549 66711 89270 52863 19331 23503 99040 7558 48317 18907 71459 2803 2791 64942 89608 98597 53525 52090 50849 25254 16022 99519 32491 60256 67841 51250 26942 32039 29118 48240 5529 91481 83715 98219 19627 55568 77987 29831 61582 24123 68807 84418 2573 93434 84744 1340 46780 34686 44462 50838 77520 54179 47645 54942 8412 98709 97534 2572 29137 39943 8141 48888 6894 6061 32144 19975 72176 69141 50912 74860 68537 83309 89160 62720 54065 62380 2177 35888 38483 30526 51190 63889 69860 27750 46151 12643 85123 64570 34602 25049 6197 94128 
146
1580 75180 67284 23130 82080 1700 43836 90288 14803 46858 47708 8212 53331 67251 1221 55269 66384 58216 87616 63028 14195 98776 70428 88262 21013 56293 29124 40175 29829 34589 29212 18916 13876 84203 22773 79077 50481 69093 10568 353 28877 53201 5126 22524 7473 33893 61174 98198 29463 55169 10411 32617 76476 17052 99700 24012 15103 11014 71025 26624 57402 9327 85259 70176 87541 47976 41973 42361 78329 92438 86577 80659 90380 67946 48214 25553 94383 38130 79445 34021 83724 66363 95526 60256 28899 67928 27535 32865 15474 55459 39060 81225 80558 21102 87829 76941 92312 35016 60985 90898 38038 80599 77966 6076 6021 27216 10986 64169 85741 87602 21515 75261 80064 46370 94937 12662 86292 40003 96512 28047 95140 405 61915 88755 1934 79050 98699 51069 85180 81028 38257 50218 69974 57252 39236 72552 28428 44489 75874 76645 35830 23840 54197 33978 18818 20619 
111
75348 85679 60239 48740 74189 25308 41029 15941 10066 53284 46319 43049 54809 40441 57552 9933 95616 69568 75125 40796 79164 87041 19874 49191 65452 36075 77637 87889 79126 28586 78343 54158 66103 63393 77138 75180 1686 96450 9773 31899 83870 16117 54884 30184 23490 13206 79016 81808 45861 88702 41377 22000 23980 12019 79967 53256 37236 81641 68530 34852 51421 54214 23012 52512 87671 32930 84154 94338 65244 10987 38992 45099 60157 7477 49513 95044 34162 26655 15653 20647 10651 41817 95241 66093 86077 90624 89877 79653 37639 71715 95022 70560 33377 34126 66408 26318 44990 16425 19724 88182 42782 8583 69255 25809 15198 82267 87058 43345 8877 84945 61199 
124
22909 38883 6760 68790 28794 89186 50153 66068 65234 11824 81810 30590 78255 52259 35546 60731 4721 40749 1948 15959 24571 22830 75886 96838 57573 35147 461 28092 86842 16453 94645 66069 79393 60196 4821 73082 93584 21948 57814 48966 22132 90646 56954 94987 83110 22162 83845 25173 42323 41107 76202 61103 28230 40728 66021 60590 92423 40594 4882 84223 90050 33906 27024 24227 61401 1044 18076 23914 6680 90690 39818 36048 65108 92044 22179 75747 1364 16317 57946 65143 85232 66129 20647 56261 89095 63709 87747 37613 613 64620 79883 52553 5872 81059 52592 51843 58115 65421 35541 95484 55883 21709 28190 90305 42999 18841 50482 83280 34602 32508 25900 203 65061 20497 28869 23184 63159 39627 29746 82575 8399 47112 11470 53935 
77
37272 93135 56263 45077 20153 89346 46644 28202 66026 38605 22221 55479 57853 84818 43986 53370 74970 64938 45542 42236 24374 7120 48966 32476 48110 84010 52835 90939 65358 81165 65482 56822 53958 62000 51271 16804 41359 56543 66908 90325 38950 97120 78005 90223 19285 27522 35389 83641 84834 74800 83200 10341 62269 2260 96292 98965 33678 87541 11085 11547 86836 20012 3872 97084 13916 93683 92157 27675 90515 4521 29915 41663 32158 92137 46647 14857 53026 
89
91645 18077 24505 88504 6686 7452 57862 66770 27975 62036 71275 35390 95855 93494 15681 79165 36769 67779 40225 91210 95496 21442 98993 93268 52760 54184 11773 66574 9128 43959 53793 70672 59547 50798 11404 46106 90658 33585 20457 44676 88924 58169 10641 67053 47111 73267 8140 68643 50843 62128 32967 62353 63486 99355 19959 21337 39014 38325 81318 35412 97758 84367 84019 74609 84462 16628 84155 17556 75328 17177 40353 21114 30481 99401 55193 49842 67099 37734 6624 97519 74435 21119 77038 91772 67214 3955 93794 55324 82365 
185
76112 49153 64918 19928 55673 40376 28442 41445 20691 16886 29119 11634 33899 77885 56289 64370 2457 96627 47108 28719 53435 8171 31056 51811 94211 46553 13581 78611 77154 89564 98406 35367 69316 40591 23816 82014 11766 67615 22805 82547 92238 31314 13924 81038 43258 62773 98137 5764 9380 67685 20583 55818 69065 40329 29909 67961 44341 82742 16989 67749 41706 10162 45141 20929 34102 90792 60411 79347 74657 69104 64951 10341 3828 18853 72118 92874 13171 48452 95171 27254 76069 29682 98130 93553 40743 17028 31424 16091 64367 47854 30223 49367 29672 91817 6856 67048 47650 83981 15831 42628 12618 77010 69976 7494 44759 10564 31145 60764 13077 17353 88773 42429 93514 36612 4513 14896 67024 89953 37694 5072 52650 89433 11268 16089 27058 59700 94871 79272 11714 31161 37105 91083 45209 42690 91551 51407 83927 10014 73457 64842 14708 53200 20296 55535 25580 1151 73420 56087 56076 15262 60692 74249 20879 31655 42446 88472 22485 21327 99365 52768 29712 21167 27170 15488 22480 71904 69743 24455 17136 49794 63695 80907 13766 13154 18062 79416 65671 28317 15410 37992 4298 3505 50136 99261 96601 
211
58552 23328 79077 90902 6207 75274 78937 27660 95202 98631 96940 71922 5584 15124 43833 62872 34247 74789 17889 74869 93886 27498 87301 70313 61688 76378 79962 74246 23269 20554 88524 38944 90373 32411 23783 14598 88102 3437 67265 83491 87522 17225 11651 48138 94539 71738 79212 32378 99827 49779 32158 15137 12474 47998 1291 89936 21648 10076 43180 57016 30997 82658 68592 10245 7097 21980 13794 6964 84871 25963 79138 86686 93752 6418 64400 40547 63968 13399 98489 21666 44928 84726 59001 26230 19429 95112 54109 8269 95537 14334 17483 74540 24993 24807 17989 28471 68087 80897 59327 69240 1452 21653 71762 14798 73205 84509 53925 32033 80985 51940 50596 25365 56423 13385 93238 31089 47723 65385 74167 44103 18766 50232 69239 47980 60410 46631 23210 67518 23083 60720 92216 59462 23445 25614 14447 75500 47085 75630 3593 39433 6412 5661 67196 7398 27121 46214 8323 14669 94363 30438 34186 1206 75951 87005 58279 637 26983 92778 73035 67840 11933 29787 24866 39361 26167 97151 58834 28076 3050 6219 95852 25859 92706 93393 32275 69334 12310 45190 54661 28844 1273 45313 79433 63596 46260 25880 39217 11845 75265 14571 29135 89616 11127 11570 93747 48633 1231 15123 26309 94378 6369 94729 74155 71020 46320 10389 37989 78242 83850 53784 29212 
44
19681 36320 71364 73219 97022 27101 94082 13723 85039 13386 5421 23783 25478 50562 24135 38617 83009 17180 97668 98306 87506 38954 81813 68674 51643 39020 41496 39779 35887 70846 40618 8662 77261 75803 11768 86111 12195 55328 67799 68593 6231 84418 58971 38129 
222
98635 51428 86598 89823 624 77269 73822 76026 93659 21196 70797 98764 92057 54860 4793 78395 56157 42324 53379 78186 92922 2558 34386 21083 79667 87212 22930 50736 96327 44067 42698 86444 17408 76363 23158 79069 80532 500 15980 55117 84046 31927 92155 85139 88416 21681 52971 89425 55670 24398 60313 45099 30557 43512 54063 59270 67661 26764 81196 56320 90008 89842 86826 60684 26853 19814 56686 52015 15602 76057 8266 42695 20337 61599 52409 64568 22282 75409 14338 38523 72700 96558 68443 7284 99326 80494 88911 49328 79740 68431 73804 79329 47209 24845 12421 66796 84786 67515 6347 31484 61973 59485 45741 86255 31062 20801 76847 4747 17387 81219 49672 33556 32948 10135 24440 74935 30516 95468 28795 39293 2470 51210 19637 32974 25103 57655 63370 57166 75572 1019 54507 25695 36495 78876 20636 60277 97201 16884 3490 66748 17341 77913 71573 49251 34357 42026 83745 47903 40847 5997 5248 30163 16823 46027 28195 35432 70540 30244 86629 90267 43316 38074 94382 70314 71234 38506 95360 17392 41771 22108 76620 16755 91842 57445 2996 60621 84865 51223 3155 11713 67572 51417 26735 70372 56138 66817 93355 88139 76685 17284 54925 24185 73380 67389 43459 39153 54377 59457 75379 51983 14088 16006 58263 39641 43538 85023 18602 47761 10423 45371 68610 96802 32858 61060 14405 45348 81215 53555 624 15079 74460 96473 
301
43595 33473 49165 58786 53692 24737 56412 60751 35966 77763 54070 74465 74819 25434 73089 29899 82764 76968 31171 28782 21966 78645 29122 54176 61005 7608 74161 99338 58084 82764 71930 727 44863 13379 95785 43760 5610 6116 26046 32914 70709 14418 54964 48703 28905 76292 79834 87056 27478 58408 7051 56457 50130 64387 36590 89287 63583 69558 67392 87821 13896 15061 5303 64643 81484 35222 96263 10135 51306 68009 28350 86571 47823 21301 68872 39730 65683 77383 91385 16921 28902 77297 82697 20558 8306 3411 11590 31275 47488 12139 75395 73526 38546 81071 91813 13851 72342 63271 63199 56123 15093 56540 66086 84536 83034 84656 73823 19256 52311 53825 8978 95809 54332 82670 666 13930 18755 41862 85445 96879 54423 69025 59153 38088 44154 93169 64593 62744 24021 76804 59710 82830 2412 63121 73694 22118 46148 27399 5887 41263 40431 15579 92409 8872 88897 14033 1063 65245 15404 9243 97118 77910 39504 74048 65207 36617 25155 81071 22111 97630 93769 59689 94858 66903 37710 90809 96326 99126 60332 89773 91770 47152 75117 14473 73837 20381 74514 811 24385 63166 63899 77329 61561 23988 21505 22662 47387 89644 17483 27177 82460 36849 39634 19729 88243 56022 59541 70740 79258 74447 24582 87917 11981 93933 25708 80744 77847 25764 10184 44188 52131 80432 46265 66050 23057 97469 76269 37663 90645 60761 38988 86893 4658 47193 72328 28626 16553 85039 54898 16934 47258 95658 56482 15736 80923 54344 35597 55534 534 36500 62933 73829 67688 93112 27334 18421 65865 38014 2144 70126 15772 2305 6527 7922 56812 14634 21432 32690 32494 90153 94649 94621 82016 9881 89732 9554 10904 17788 84004 77292 81310 84167 43261 65521 73442 51839 43323 17835 14046 17325 69517 715 97590 27304 61781 11501 61831 11500 48081 40236 39560 11953 51860 5145 83055 52705 68276 52515 29375 7940 75742 
54
63692 82203 36643 98870 73647 55466 77002 55494 91274 80786 95642 3065 14196 97958 63839 96790 31549 55434 22837 25685 91354 17203 36629 64810 16394 87621 30878 91668 26295 48410 34912 63502 28770 28568 54513 33265 35025 45730 12900 3982 54675 85394 91996 67573 1087 13945 77151 8114 93851 82495 24229 64809 92938 94443 
108
85873 81618 63560 45436 11534 1549 66483 66634 78054 92869 30584 50673 37443 9976 95968 86436 20158 48684 17724 88295 82333 41368 61592 49542 78567 49546 48327 63698 47955 90481 47192 27726 41082 77630 22898 75979 70405 40341 53407 48089 56778 1481 30497 15115 78770 74483 50585 22563 85568 73794 77209 39554 24193 48350 40799 25704 41692 73116 72707 682 16420 697 68190 17304 87634 39983 89075 44134 95797 57689 14675 92632 4230 78175 51418 52338 32723 31044 48599 66094 24696 92457 83515 83496 98614 26084 60695 7121 28692 32200 78265 18477 59167 56267 53641 53229 63374 21205 58321 33878 39124 21744 68903 73813 6882 43743 39407 5342 
248
1789 44396 17176 98735 77474 5238 92038 19826 1165 11197 98871 25620 20637 63325 40160 53277 83742 385 14487 21906 60936 78710 37477 10517 45023 34397 11811 27971 62919 99642 18714 3418 87696 52756 66798 91749 2009 68162 20309 8207 89732 9401 54948 97462 12552 42545 22238 8734 10618 39971 29001 73561 5319 81230 1154 61313 28354 93372 72481 8960 77002 2569 54954 86529 39850 50682 99776 61051 31512 89951 88985 32965 14432 5545 89637 58521 36046 59202 563 76331 37241 29228 13066 92493 24771 6779 56813 57383 89374 73083 66768 47398 6914 61354 20423 71415 25431 60381 44703 27982 55945 86842 39146 48343 93885 41393 53889 47439 80795 6430 94107 74834 49558 33230 79083 63795 58658 32575 80427 86161 62308 40404 24420 12482 31706 31524 72283 14622 19493 39522 97102 63233 29991 45158 76541 60822 82613 81861 31960 94805 34349 35296 95751 76302 24563 34394 63353 67073 9427 54268 43695 97275 96173 67232 81569 60861 39082 48985 46415 86665 69571 17845 58187 74372 3771 86973 4642 62902 21576 11880 29795 86128 45020 63026 9361 31659 14865 56538 20316 64365 15747 3155 78024 29268 32669 31213 32731 42303 36457 85109 81496 79801 64523 85373 88920 20599 86250 24879 85257 16171 12120 48284 8263 61941 88286 84541 81008 31984 80395 20966 83376 23539 53398 85854 11789 3101 90327 16381 81507 11327 17670 70725 15632 22541 58991 27421 69186 64163 8739 34756 80330 28746 10736 87484 35702 27055 44676 5772 46175 89549 71063 69182 19254 75303 51315 84711 90119 26598 
47
80758 55736 64789 24548 49300 76069 53657 44615 9187 15523 29399 1368 60404 78988 31810 55285 67632 76677 34743 631 9172 27568 45130 44434 25961 45273 4122 82904 89352 74203 67445 65643 10023 17623 57092 30867 31504 96429 70777 15145 59419 94948 83679 15915 13135 83458 51430 
130
53305 79615 62683 37042 92655 82457 24209 29607 64158 72502 89758 38390 9837 61586 77776 1468 92815 31395 48271 20091 317 70496 71773 79062 81558 74870 72884 37920 21948 56526 28162 76545 16633 73519 29866 10505 51093 80639 51746 90200 38206 3830 5222 8296 30911 10234 32538 55966 70424 22623 42327 18496 61881 98896 21444 23010 56326 87323 39650 19235 13719 65132 59935 97760 78424 56131 34635 25235 95508 56331 43462 39157 19892 6296 66123 16328 13210 99553 46368 37413 7211 1315 5191 41327 27865 46779 16789 58839 55751 50895 48922 29964 75438 32212 40953 92851 43004 31066 97890 36063 33604 12424 85142 79938 37553 1653 95437 16083 84730 23000 13416 7284 75471 62787 7291 12567 94892 88083 66487 74558 67591 82103 42513 34073 74791 11063 83917 96887 24518 43962 
225
17673 87085 74946 3057 32270 56899 70976 63378 96082 37038 24664 99511 36557 82063 89344 5768 44556 56280 87392 53789 2456 74031 17844 69485 17371 65081 23232 58131 52624 76602 97330 81962 57212 34746 89071 8504 27473 72777 13849 96090 52481 8721 82662 50777 43329 40177 84303 54392 9448 78 39242 32629 14677 59957 60972 47313 55136 22061 32229 77096 6672 93673 84288 30257 68981 55366 21886 19297 13872 15543 97011 69123 86088 96161 76647 79048 42713 85057 44898 45733 15690 48898 27262 39401 17475 82480 79110 40196 37921 13941 71563 74128 88296 9516 90255 31780 57857 54257 60613 68792 19318 61162 77966 72950 27153 75486 37075 56185 16408 68115 32473 97688 87401 31304 17896 63038 18763 11659 36819 53039 49344 12045 80981 88994 11642 22161 62623 39860 15438 84742 46967 47984 13817 10912 20511 76024 21575 18279 22212 42813 99986 36567 322 30132 9354 42967 79745 84467 81139 75134 39954 43198 75563 89305 5842 77353 7090 24007 74201 2881 32926 78695 63532 24850 25042 88466 23915 80778 44306 70321 40615 86656 91984 33539 24788 59584 9699 78225 93993 1604 55466 7974 10726 54354 3959 96064 96779 10060 51657 74540 21765 20019 83854 72272 4064 94411 57742 89419 60772 89031 41958 48637 71279 86927 25792 75340 84405 4018 49329 48414 22354 63553 78299 26924 32504 97352 1823 92559 68539 17115 93040 31500 62577 78334 63062 
239
86162 39980 67331 63095 56309 71665 56820 3093 21179 85096 13360 54213 11550 23253 74369 20490 27116 84978 63989 28751 55285 28508 5976 83754 12680 44151 30621 1597 38356 75901 61382 19849 1583 35625 26524 70420 55126 49762 13409 88630 73930 99412 93053 53782 2549 67892 70886 56780 45871 10779 12497 95629 12171 48962 64657 22636 27622 81597 4958 36256 76907 22812 87851 56716 34875 54637 7867 78959 73007 82568 33732 22648 8583 27723 70506 27327 94164 22849 53287 49758 53698 98195 8164 85751 53118 57028 13373 31324 10393 18788 74272 67539 58613 36211 55734 12060 33394 32064 69933 79669 52314 56081 41229 90718 23403 17915 35607 51677 93526 66273 33053 98274 66399 87361 76969 26475 25150 97923 19913 19745 75628 32946 51758 36946 64554 41316 74779 89910 40766 80389 9372 48140 64758 45395 78696 36021 99632 21750 90549 24431 47946 70214 51756 61226 38900 95190 82722 35951 8063 87639 43073 64431 80403 57081 59990 32353 48649 5501 83248 16216 1256 86690 93621 28493 44931 54995 99899 67406 47159 80400 94272 26600 67733 98918 30739 87262 96874 45688 29667 3988 81617 92222 91206 85367 46704 93692 44355 79165 36301 35055 22467 17848 1457 55465 84184 37659 3023 47482 40797 72586 11062 46591 57221 31638 38010 98486 12669 82108 80139 88691 53148 41642 55177 14349 88414 78452 69390 89729 12998 31370 75155 97857 65047 67121 79137 98733 19635 77522 15951 86442 21309 45035 68382 20313 17942 19469 38797 10205 61234 
192
47287 13446 95905 68497 61988 29134 82091 57166 64263 18499 30532 14378 20540 94522 28917 27769 84798 4058 34969 49137 73155 6730 49513 25940 92045 1243 14732 26328 99178 96077 16318 93003 19519 9463 66929 9876 84451 72195 62346 78075 43389 14284 38551 57045 27572 19223 31700 61421 17257 34169 46936 65888 52850 55023 5915 27786 87863 3247 44223 70331 66541 19296 98194 68056 7762 37692 23067 20340 35838 70935 67595 4070 74608 31411 69845 64913 47376 72351 40868 98421 73863 91400 5349 11284 63852 44438 10733 40607 86915 27751 40588 99367 50007 79315 77973 40700 99455 68125 17003 31102 66010 12034 78947 11891 156 55570 48086 92201 52770 21761 13710 34266 47930 3429 52909 8607 11552 96773 81928 48627 54941 4784 57294 73164 84748 43447 13844 40820 88515 20023 67199 15024 30571 61395 6970 2569 40364 53265 41079 78813 49942 75234 13911 99217 99175 94994 31361 5694 1156 97004 14855 92097 42024 82425 8802 84947 72289 55808 84978 46030 94430 10774 57231 24498 9710 70817 63454 61976 76703 21054 19171 66499 21220 5992 57643 88277 89669 46220 71628 49197 28944 22891 6103 37553 20947 22568 70679 22102 75017 37699 70042 66937 
123
85252 66694 83933 37864 44024 81294 68462 6845 28898 51487 28367 46634 14350 18166 47740 8086 39495 65291 28163 54011 11840 72574 90439 8321 27286 86637 78560 90218 18476 12801 65137 66730 94844 28993 52872 69681 76085 49002 14473 88931 86543 5957 92307 31170 17861 59968 10700 6004 90201 19096 83688 43118 15759 58561 81316 24772 46013 99431 75624 58028 37725 78757 75676 35525 59826 40391 53629 88349 97477 44235 63890 24704 51344 92000 52244 43373 10363 81412 11363 22362 29176 5478 43923 71470 39431 39024 46213 61150 9938 72797 65793 15015 59165 35381 61547 52419 91930 92498 76760 59608 27826 98493 2650 52796 45598 96259 5983 49422 42710 96493 85560 88621 84406 36722 5423 70735 74658 49089 41971 54042 55632 28296 7233 
134
82293 12003 83310 41237 40112 63259 35959 25222 7360 17343 54902 99512 25356 16254 36188 6568 45479 75939 82250 89938 56782 36935 1263 98111 10202 71836 49566 20566 19332 13195 24974 87173 20520 11229 60123 68474 90829 56305 58956 85264 59661 76744 45700 22965 3015 98591 50974 94044 1151 52107 29664 87836 58481 78973 82449 12772 71583 32922 51163 47614 75050 75282 57691 19955 81393 7352 29836 43073 97138 23274 88543 4998 31403 24894 59777 37849 81552 55582 1209 32037 44860 40812 96887 56429 36650 17204 13518 54473 13094 93383 65982 898 29370 85384 85372 73092 99633 74912 10621 75500 48315 66576 30922 80688 56268 59425 97671 87420 20199 28456 18161 17650 11588 9578 36780 66494 85657 22625 44264 88211 73660 53636 36606 5759 99569 34433 16720 6844 57023 47858 89950 36547 29390 40839 
264
81383 13449 97013 11913 28505 29309 4447 72104 25666 95958 7731 65090 75142 68449 88501 50007 42726 80970 36303 80988 38370 2273 57927 51830 63942 89914 11189 40544 80558 83075 68288 70899 10708 50657 22583 43770 61028 973 74183 46275 19112 74319 96085 79579 30374 36555 74505 14436 33928 49420 24115 65737 39680 84336 90694 78121 13142 95229 27480 85567 72753 54037 73397 93030 52387 57904 2750 11594 8834 15276 72778 87370 25055 52842 82602 49766 9796 73493 32622 48935 12052 53163 22563 97525 60061 34792 44078 37614 72213 72274 67684 37522 19842 28451 16807 98105 59869 45171 82025 48685 70215 90131 64589 52213 24296 71840 67155 61209 7490 63692 42481 89379 62198 96152 88042 10307 72454 84313 71432 81865 69101 39526 63206 99153 38470 58469 30551 15468 89656 87995 71493 37084 16040 99575 58729 91274 74514 79506 91099 49795 76845 41608 44267 69351 38888 91247 60329 95460 3489 66530 6912 88940 47466 58899 9947 55097 73622 67633 60395 80587 90062 82498 49387 84105 77306 49616 90022 89641 85318 84017 87359 44370 21972 16764 4474 12323 10727 13563 74748 32206 26078 69311 65391 24841 38784 21998 65059 99586 92266 52774 16333 79207 99416 85142 61993 56939 44810 46985 96666 11529 98588 48942 95484 51298 25126 88364 3947 34645 85621 68099 45479 30523 75718 56556 72873 21479 42057 50081 26520 27630 55734 94572 18566 98241 60791 4293 75084 81064 63188 152 40921 17107 97104 53056 47119 89797 35506 43256 31321 71952 47074 30396 6005 34976 68965 47061 69702 71110 55616 45466 52934 30435 4546 19594 38064 46794 15624 63483 99890 44520 13737 66373 57570 78015 
17
20023 66328 95637 14880 83592 38119 56255 39631 46991 62946 97030 46239 45998 1268 25868 8744 71144 
277
91572 42434 39813 18478 10930 6038 30489 45745 57514 47694 14554 25491 84145 91494 63666 79443 14297 12190 86090 50318 90250 81342 62653 45262 18091 69786 33643 5118 38068 44442 18286 39033 45785 19448 19933 53749 73869 96561 70673 78931 88988 71093 97083 62415 29454 41403 32916 12581 62993 2760 7708 67936 36248 82508 73701 26891 38969 52665 88654 42776 71567 20261 29161 99191 2176 43255 19126 86890 60079 45959 31935 13197 39946 23246 99787 10280 30200 79059 85418 43957 77361 64863 96004 1262 14705 47745 17489 16501 73899 53341 71991 61257 7334 45799 46949 49717 12123 34535 63443 12884 30081 19307 2128 85079 70322 34354 83877 77168 18920 47613 52682 15495 38065 92165 56969 23148 37278 5981 87041 83940 54022 69617 19101 82765 5896 41392 44374 26107 17695 7146 88112 42340 98201 42713 72463 13228 29966 5240 68816 31972 78677 96880 89911 23282 88934 24523 80852 52998 44404 20436 87555 82666 85700 5034 6088 34478 99234 23386 64934 96383 41106 3802 33475 87903 20101 33386 93199 80588 54014 7691 94831 85144 98913 31135 88732 22923 58926 73754 64410 32346 83939 56183 75597 99712 508 19767 87322 40697 38805 97830 64862 60753 4010 53515 73597 45229 4067 22356 44085 3817 89453 26661 65651 92058 90743 19805 86119 86476 85077 5155 38958 36280 93358 1808 35033 7460 38951 83930 65078 33989 30966 19579 19978 94963 94749 84994 79242 98385 28404 73342 61288 4091 50733 90404 68820 91858 9658 34541 93487 52060 62089 98870 24957 91052 89603 36253 64937 6967 87621 76812 67174 10887 43875 68266 57827 92599 23848 24432 30521 96322 70672 20759 88797 75959 93047 34802 68770 53733 42673 44408 56196 34284 49645 2158 78002 87485 31112 
218
2276 13078 8084 45688 90802 49899 56140 10168 37500 25430 29297 80611 42928 61668 29666 30103 8663 68466 66142 22159 49121 60818 84903 10664 23225 95302 8858 46148 66838 74838 28717 54356 69198 74044 92328 48235 2704 72878 29285 25059 45542 11403 46417 71056 84308 78913 79605 40402 2522 64727 29938 69613 82288 48161 71357 50869 23700 76832 98667 83651 98957 25108 55284 70150 81110 85695 45949 38250 27880 10086 93776 60860 44995 88540 34573 1322 56694 44983 6152 50920 44389 64612 5354 46625 85062 44382 99993 49167 87642 37715 38452 53183 96374 49546 79026 51067 30310 71404 93355 61710 89265 20322 90511 39569 32184 44859 5510 46166 43971 53766 9144 95151 61707 6833 96986 12829 36400 8547 67569 57317 50148 98113 86259 92069 19471 92286 57132 50002 49065 23039 21520 7047 49669 47348 82259 74618 72992 96017 18313 26073 48365 71045 15338 23629 33217 49650 30480 11042 22731 98011 27505 8345 32047 3394 11859 37445 13734 3622 21887 14732 69088 78026 42273 65051 76001 69140 158 95549 33914 85424 94971 31487 57294 17262 30629 18263 18596 71326 95435 70377 33405 74911 64864 5194 1727 7882 35299 71027 91586 79387 87582 38047 26959 596 97176 92415 74895 19406 76261 61325 48555 25376 36379 31885 18510 44031 45892 3409 57048 69026 58789 78334 11644 42015 90889 98263 6806 37130 
250
76198 54772 16234 37815 46070 7222 74763 40316 14948 15338 64631 61899 24948 75004 94377 14029 12346 89182 52547 1189 66231 16776 55197 52836 66951 97057 13699 4106 71728 35697 98252 9661 74383 24381 24447 1969 80458 7455 88180 59283 72657 24470 45698 7455 52852 26758 31992 1231 83835 72360 62478 39187 9235 72602 83225 43090 89098 98567 19989 21087 13097 30824 1104 19461 20194 27118 92573 72234 6402 62394 20349 13201 32877 61040 23915 62640 13192 88997 57546 95562 92059 47767 74298 89628 20188 26651 24236 90539 78268 26892 91823 57083 41390 70076 31141 66077 7477 69717 74728 93031 86754 50651 3346 11004 62518 27207 61908 77074 69031 56849 59999 74307 3032 48560 30738 37189 76402 37776 5006 12738 32910 95795 30053 8141 64954 27268 98182 68448 48455 97830 40469 41146 91361 54846 46003 63691 97 44990 73257 74176 97620 88548 29809 99261 53569 23599 16952 80760 89012 7502 72807 60506 61190 36490 20486 42191 20032 21530 51718 23414 42064 27508 13603 9737 51267 5291 64041 62 54531 88527 28351 48671 97697 68864 73982 91543 64341 72313 20567 33473 32416 86313 48499 50338 88206 44407 570 58179 40726 38118 87136 8017 36490 29506 74167 70021 68339 70365 16948 83921 90151 27760 73327 26122 40276 95654 93721 39049 11540 9108 66331 53996 15376 48627 82170 82439 57557 21765 7378 80754 87407 26313 14883 84774 77777 69380 236 54083 41986 67096 93548 83829 47992 28028 8720 63125 2541 44214 73848 11457 61065 17021 23321 4532 21494 5938 32118 35929 88462 42063 
22
3778 37157 2318 46280 46398 25365 32857 8415 47086 16214 85097 60632 23060 74574 44535 11719 20284 80240 70445 33401 49452 76381 
253
21322 98215 55417 60575 10902 2120 14361 5330 83731 75600 20159 84700 53447 59997 77692 3420 23046 55239 25715 23512 54857 76537 93475 3244 36902 15075 17530 23926 47597 22131 75579 20506 34834 6083 84438 75231 17891 36307 7370 927 36477 23279 28856 87073 72042 93749 12747 37943 23711 21531 54464 11300 14798 2789 92447 61526 29929 57901 77403 24165 39641 6650 24305 62140 46275 16491 16419 37185 90907 25738 84840 22492 57478 86140 78548 5250 3770 69584 9887 36921 68818 19535 30762 35788 92515 63118 71500 25553 64630 8194 36601 98151 65546 97426 5332 33516 64235 98461 68284 58362 8540 52909 81160 42289 23441 32885 95106 30603 8238 23247 58115 25039 6211 19398 98486 72541 80716 95478 24789 34468 14042 93917 60702 83379 38826 6606 95811 96518 57424 82680 39027 56029 82237 62462 12946 93780 73918 23977 19742 72668 54485 90170 20231 31094 26293 5044 73341 22767 9819 1278 49725 81015 34684 1970 48576 55981 30040 57481 28875 7604 11186 65036 18527 37381 99899 50853 16130 89400 96485 67403 37866 35191 30552 78853 8089 68724 15478 37237 72902 10607 45466 50198 778 34786 56040 3476 83776 45649 51447 15252 81231 34031 44607 38341 30576 99001 29984 42953 75575 52221 71880 72295 51648 92895 5792 296 80885 47272 72310 29402 52834 8642 10261 7737 42974 45683 16068 36885 47929 40309 14837 72767 35620 48163 67298 39572 65414 10627 18477 65930 66770 78187 38804 43251 32169 60762 16979 16907 65832 15211 42510 97879 56795 65678 77629 42093 93979 63825 20402 89666 36301 7364 82934 
209
85015 38982 90301 76129 13386 53538 2550 94209 10207 99752 30815 94506 57984 63842 62752 73585 15884 80424 94372 65121 25163 30985 57478 23210 99336 98783 36139 97023 22292 39548 77084 77672 78521 19157 59283 36666 42370 293 67251 36934 71347 81336 81858 51486 58510 37689 6810 70446 57780 43412 65017 10495 63407 36362 32139 39767 29598 31869 75982 66701 70493 38796 89153 85871 27506 33737 20666 83687 43666 70667 83114 35468 66034 18979 91105 73729 3048 57308 81759 99668 27931 87112 74832 64253 52420 89008 99644 71528 47256 4159 9391 60692 48737 47659 22512 27504 64249 14268 512 33803 94294 5006 68831 21285 23602 47373 44369 1244 31279 67906 32848 42671 70259 81448 92935 14003 95155 85823 23203 53078 49237 6507 17483 53212 95496 1335 78786 1448 98842 28428 26943 14472 18902 51299 99484 44146 34997 60768 48630 63054 35972 81785 74685 56998 38976 25346 84830 9677 79528 51748 54490 85859 72240 6110 81516 87490 17320 17969 92725 74697 27957 79380 18550 57658 50567 87745 59165 59829 91841 85379 72979 50757 35387 83921 17331 18307 22461 23933 19607 92615 82131 20262 65800 77218 72799 1414 14865 72589 7331 59360 52579 18936 57246 82974 9513 74342 18448 7512 84460 15679 63164 51171 86695 85992 57218 47387 28560 52621 46387 
264
73577 68050 63487 80380 52826 89244 90941 3342 58225 79581 22170 62859 46371 24060 90111 46429 39159 45387 8891 33353 41885 65615 48624 30244 901 38108 7624 1270 35486 33641 61908 20124 1448 71812 87370 9088 10411 51317 36078 46392 63253 80887 13001 75994 1644 84151 95053 76498 85153 86004 41838 33135 85260 93259 4341 1032 49401 24343 8582 93651 28144 2852 15641 67928 1640 48284 54550 78565 16985 85242 69083 46975 7686 76112 37875 68676 88672 83120 40751 63731 57617 7726 96545 41028 46544 95033 27655 58976 85517 50717 89916 74291 90969 73112 90335 83580 32494 68611 3598 34994 74402 33633 86220 76980 46989 74043 77688 75018 71056 43653 99657 34792 55020 7459 1660 74369 17096 73372 308 49423 38850 28063 12604 23826 59324 69355 33585 85608 73767 72452 99653 42246 72986 49042 82020 80088 28918 48407 20503 54654 30928 61744 95634 97915 94515 39903 32482 9118 77524 84379 17270 39990 31303 59144 50459 17807 35072 2539 86265 83836 88445 48408 56273 60234 56367 70660 36128 37804 36510 37982 98796 82607 48913 88976 80753 21551 14356 67786 5030 74864 43396 88261 21109 61443 76696 5107 61165 27283 43635 73083 67615 97025 1677 92479 42683 30636 74020 11372 25687 30475 95839 15897 18696 53263 72618 94864 13015 20563 91906 22513 76903 50430 975 89933 73399 32239 42174 28059 91272 79411 57590 12395 97627 66114 77087 6797 49316 48282 59886 15443 17323 35994 99292 25766 69166 7882 45336 65502 14017 15416 91 76293 37189 46481 21984 70574 94450 34926 25314 19972 49194 63565 73739 22281 37086 2406 69465 56684 22439 55187 31720 87280 32460 95789 
225
93445 49920 14610 94747 46924 5880 93485 17895 51496 70694 35357 81833 18548 94961 17721 87657 36934 37617 77071 54453 45189 98952 56318 80473 79699 53280 69317 5308 94095 67627 34317 11132 23477 15786 27844 26365 16516 32103 98004 74268 29285 64667 26147 74545 24158 5791 29538 14696 69991 64393 76569 97246 46380 57513 74995 96712 22821 1969 24694 10343 60583 63061 12287 1683 68190 26055 2965 43323 25393 14313 5890 31812 2997 66265 69294 52945 65306 93310 12474 18977 15654 26012 32231 80192 59964 17978 87025 84710 55936 15903 57737 62914 95370 51309 36266 48147 18171 85204 71089 39389 52451 51059 5969 57571 64348 14618 83428 38162 85926 62154 10479 54326 65327 27086 28186 49210 43463 73108 70783 32718 97436 25698 18151 92480 55733 45628 29754 83930 81576 98693 5849 28155 76338 4759 19820 7585 71668 48872 50491 2328 48475 61862 34693 96512 80491 52629 34220 42655 20750 90928 84238 95885 25643 58494 92201 90135 3539 91292 84303 32471 43803 52780 61794 98329 49171 51434 39647 91168 81504 28189 26939 75894 74127 58195 99520 81737 55273 95250 55517 48588 98987 95813 78910 15886 63768 18640 90938 19052 82665 41741 92583 84919 54524 34027 10771 47568 54441 98902 3840 93306 84214 75605 69224 95303 2268 1233 17993 59664 77912 58988 95507 84780 73124 27169 72976 20170 4293 9692 34213 95645 32351 95831 70066 65161 11883 
80
95517 53914 93231 12979 45239 90424 52515 8060 7192 68294 88425 47225 10869 89926 72273 20361 44601 73208 14257 11137 11776 31750 89608 69967 89809 46350 84517 20122 86794 69369 78074 23070 57047 25496 50434 34497 97347 19209 49066 43427 25664 89399 74202 92064 92564 42454 41648 54124 87730 82126 51050 95517 93519 11831 57233 63303 16444 65308 8913 93142 38332 87034 91332 75485 24221 6870 85242 42125 38550 92242 85786 82520 12207 87711 58610 38808 90089 12153 76926 87792 
8
36655 16644 90328 41852 45156 16093 86063 27633 
192
37508 69008 84370 88192 93190 31569 61143 79532 40743 91046 59546 31305 5702 44675 88719 40213 44971 99771 51564 4645 65213 55764 65636 77011 31071 67972 40262 69901 29991 57962 12195 84674 19029 52410 27001 40899 77396 11128 36345 56731 35207 11817 73401 75866 19579 12128 31543 65199 85586 90763 24273 36879 88301 11713 63625 19103 39692 73653 99200 4041 82668 66878 98982 21343 98475 59492 53220 22314 74787 81693 29805 85791 93518 87690 27930 30724 91813 72890 95692 83643 24886 39532 24931 28253 37910 52659 48696 15173 86084 91045 25482 23947 64847 40282 69105 56223 20694 89998 42442 29139 18497 48662 20571 63454 29040 37344 921 56096 24185 13198 68435 26694 91199 95024 37808 86218 53928 78014 88988 16643 9478 80950 55457 17446 53108 76894 79895 61741 31507 60359 78376 94121 46299 30178 49473 21404 4024 51139 86465 79650 52587 42263 8913 49131 28 13209 74676 51679 80999 73056 62722 49468 48859 67097 26098 9401 59490 36420 45142 17298 12077 14052 59682 63160 45458 90865 13506 4723 23885 98262 61183 14733 4677 43262 37451 83297 4098 76108 59533 71156 66016 20994 44303 22233 57978 71400 1659 9813 36381 41304 9550 40922 
138
84268 28203 26793 69224 98370 9346 89167 99387 99454 24106 50608 45351 22300 93206 13711 12618 19516 45424 14053 36820 84861 6405 67818 40906 5876 45430 13399 8301 78782 76108 48714 42506 54498 89340 77641 85798 12796 51164 28232 97871 40603 2962 69186 83799 2347 61324 24870 53437 38708 95368 43294 19228 80530 37334 97362 52024 99698 25688 28917 90165 78405 31663 62156 36841 27439 744 22099 33673 18021 430 8026 9890 9521 11304 61439 85701 18730 49435 64686 38766 14824 70773 15553 15924 40262 12691 57589 93021 56365 63978 84446 28627 64118 89415 9293 44713 57034 73352 89605 74309 82679 46081 31930 55043 53005 63682 84771 30888 32032 70296 92890 80488 67158 75120 97460 46446 5321 23409 40687 2247 18498 27555 6248 16603 42857 62545 9854 6797 58370 27445 27465 95478 42090 58387 13517 71851 64225 26419 
3
59408 79942 38657 
273
60470 35218 4452 93001 2177 86340 56686 79565 9651 75384 59139 94968 67725 76842 34277 98820 18921 98887 70211 12901 10915 78732 29150 62876 34723 25401 83342 68513 76245 58355 69116 64813 63864 22546 5563 44929 3581 29189 87366 55304 73622 48748 10560 77157 47076 50440 24700 4666 12291 47205 6577 5574 60143 17802 58407 45772 33210 78287 55222 20863 50296 76063 63649 65112 38198 48354 76490 99809 70552 99144 61026 94152 60594 45304 55177 92764 32761 53247 50801 64974 79853 92543 34641 93475 70359 12822 91784 68051 42835 21552 78566 49571 76049 20398 83800 88817 79621 75109 90083 75611 13108 30763 44392 86751 82189 83585 60394 70481 89453 46017 93373 96631 57324 33878 64709 97159 64429 92291 10465 94493 15576 7121 33839 50504 44597 51474 91482 50696 63649 10678 467 42721 98378 50626 19313 55995 93745 8336 19625 61469 22194 25782 30856 13443 94742 59590 40250 66010 35573 80721 18058 13511 38076 68002 84921 65598 30970 99484 25382 83363 64416 56899 56966 76705 25535 75209 65479 84024 67799 88004 42666 94144 24266 42268 21784 33197 83787 59125 46077 68758 74152 23356 90956 12079 35338 16782 2971 97730 56376 85605 59628 55430 62074 48978 14582 75442 94102 10335 6246 49388 58290 79694 15763 74666 62254 84906 1502 55244 63482 77731 12564 15482 29627 42003 6482 71023 31568 19821 54232 73514 22474 86294 84852 28991 73165 36578 3338 16578 18590 8775 92404 61406 20208 86670 2957 78450 70395 47701 89261 60998 5426 34759 80348 45391 27357 35798 80114 39363 71380 27827 43110 86633 11065 99373 51423 39408 85845 12129 48895 61366 82067 32810 37493 61740 16947 65614 32262 92230 20222 33438 69508 7392 20844 
128
99528 90631 95172 90685 93781 3242 92257 63541 21950 15899 96618 83873 94577 91003 12288 25139 16482 26980 63489 79339 32390 3140 21569 70663 97683 58295 86184 51172 4348 1478 76075 50992 2001 75339 94602 11828 44089 30332 38393 28035 68816 12352 43512 21024 71026 64011 63039 32447 84861 61816 2272 89075 98990 48017 36078 93977 42438 43906 86900 2970 53952 6922 48833 71074 78314 97858 84071 91882 80776 9870 14423 95406 73076 50652 84223 53102 82795 35979 56303 64263 28166 26793 38782 3202 69154 50562 25278 13708 61222 48896 89492 4429 3846 55939 28054 49679 92934 48352 69512 28269 60983 56555 44927 50384 30955 19049 64483 98038 55940 37735 89738 28876 55668 28746 24199 41018 32237 17120 41398 15026 42796 18454 78518 49917 1806 48452 73307 21111 
277
42703 13307 31954 69898 24563 4952 28553 92047 8835 87762 79257 12009 78574 85934 41739 64407 52473 73800 8514 85383 33504 20458 9796 98199 45741 28147 1241 2676 53529 17599 97786 96848 22592 1131 36403 66274 43075 20269 63602 44747 45694 71141 23040 95938 63465 20170 59456 76364 85149 47623 26289 55461 54694 83726 16152 61578 87252 49591 51242 47782 96215 43276 17708 17813 76790 58716 72774 6632 76139 32868 37598 78783 75613 17939 84616 10194 49804 1217 46269 70013 50331 24120 48902 33289 45233 15606 6944 32655 15550 35063 69238 20849 45623 94510 62283 35244 70255 76623 41767 47175 29954 98962 84347 62480 66371 8574 69670 11278 67525 12350 54731 58046 92999 45603 76080 62383 67004 20082 9177 71112 61150 72199 33675 84041 46310 70522 11039 69338 26442 18761 16920 44861 31773 52496 4596 3042 55135 54006 49063 64552 92107 61213 96670 88065 17433 67918 49788 63867 20771 52915 73200 18048 5313 45966 52874 83553 46945 97772 17019 65162 83032 4747 41425 26196 64001 64948 8413 96302 1528 15636 35206 99207 20365 6553 57392 14509 97653 51858 17417 61901 14747 34397 51382 68553 50018 32024 86331 82278 49973 79274 44973 44532 25326 18833 29425 58353 5225 71660 17618 35345 98844 42617 81394 15942 60241 92228 36245 88941 38401 49469 60549 83387 45440 65422 81980 2507 20056 54564 32982 27737 64739 96322 6902 90257 53893 77485 47483 15043 52347 40445 40471 88082 68320 40441 15315 82477 42865 77204 84494 55817 14968 85161 69067 81112 84978 84429 97989 88631 78892 57165 69792 98652 60989 75660 60127 83757 92284 98903 54179 77600 59465 41013 22648 12725 58393 72628 2897 96755 6557 39080 10718 55275 62282 124 76698 23615 52288 
59
97630 63705 71730 71810 31787 3220 61544 97725 45205 99791 72690 18307 71834 8579 13087 35120 82889 66940 35117 6795 86952 80996 7436 47257 84897 19816 36542 60410 6575 66319 83906 40102 74360 27429 22988 58039 8054 26638 65631 2597 91019 16944 46815 33296 49811 59913 60779 10546 59151 11772 94582 64187 98399 43177 6681 76448 8887 67360 57921 
90
38646 60574 41841 83520 59071 81964 78817 81169 12863 52669 61398 63562 8134 69001 49157 3224 19425 56115 19422 18034 77114 34601 16060 77487 54933 55549 88160 32553 7708 96311 31811 55216 11316 71025 79914 6582 16330 77560 6749 9467 61793 27183 5225 57807 80295 49407 57444 64121 88229 3819 40858 50 3998 49936 62946 29704 33504 95362 41337 496 8959 62927 9594 13088 8683 93922 47134 50674 28901 17548 53851 39741 66301 2072 64952 70601 5246 36984 17342 11906 91696 37980 57558 47819 53612 40290 14157 33410 25669 53820 
49
56580 65905 74077 99849 39576 99308 16185 37323 27855 53665 47640 45228 89009 18339 88364 45637 206 3194 63645 76280 80233 41859 21081 96649 26673 36907 21013 86843 31855 30429 86694 13735 19114 49520 31564 86069 2577 94431 31018 91011 3768 97100 98279 5152 87179 94603 67583 1852 4173 
19
34562 40956 97571 44047 34824 75845 59338 77691 74939 41191 85290 62282 34860 58714 18792 65283 63709 87259 80364 
36
13293 7510 81783 3184 79171 52246 33652 5185 87538 44184 27315 45135 16481 81674 90306 53119 98239 91709 44802 12937 61322 91659 48739 22351 39800 45306 97674 43303 96325 92751 4131 51955 40695 84634 30210 83897 
146
90872 4004 41671 6154 17738 91995 49420 44201 14606 49129 71489 46733 95990 63874 78842 64366 16326 1024 33906 49643 40908 62589 19883 45086 51237 22399 79707 82759 41907 49712 58583 41405 39568 5197 59592 22316 64538 39946 93924 62052 91389 14664 48425 75513 91561 12373 5275 68331 58111 69556 72235 38895 67839 97200 35726 21619 6087 67321 75993 43806 49476 65402 51135 81828 74006 79352 24887 91748 66219 43279 34496 30972 8002 75859 51420 58244 38853 63543 80993 28226 19023 73375 38289 68247 74589 79416 21001 5450 94642 50255 8414 67694 99957 49340 13287 37615 94412 81825 44223 48164 73480 14427 1468 71854 35495 647 90965 92803 77469 2540 11633 26774 49691 40285 12836 59062 57806 88360 1138 72127 19761 59669 94277 45792 18709 68405 89618 51824 45237 39763 3983 29310 76143 55349 85055 67673 62347 52655 37800 68977 61134 77339 66955 14938 64639 67234 
190
70277 53394 34458 79235 58863 36097 208 11121 59811 50004 5144 87329 48726 17329 14409 43650 9683 28998 89431 10183 6709 73704 81991 30506 14115 55278 74964 25894 58587 41535 79626 50083 68736 19359 30100 78918 78152 75626 84854 37332 94520 84185 7096 75673 4600 68581 42000 24511 84030 13592 80197 42277 83325 58543 40126 98895 65038 58147 71773 68366 3189 29648 58683 40166 13705 86679 56543 13655 86496 1390 27851 14316 72308 32452 17278 3030 66437 301 70405 48375 61341 41788 9811 66163 72626 39273 87176 31662 97312 85870 54617 13856 33626 96688 13118 220 26975 39242 52593 39995 14992 16545 10841 81174 3361 336 36950 81797 99198 90112 35547 85991 60110 98773 81564 863 81918 31944 22076 984 69992 39223 6847 5806 3284 16577 2023 95221 99098 53243 66032 54472 98023 26443 81264 6403 88540 13271 26391 66101 99762 33545 44807 1558 79567 22951 28425 63081 12627 21021 32115 47889 83292 84131 42277 37666 60586 47871 50302 14145 21784 95623 44989 72507 3926 13768 37777 96451 75261 79054 81446 68808 72882 63792 23318 30743 58099 90637 49693 49278 74699 70596 66614 2715 48617 51731 65595 39241 5473 110 
109
83413 57466 44753 64741 38427 86209 74335 80099 96340 82863 32817 42926 21927 44591 54393 62681 85491 43123 87229 17352 66494 20082 50132 17402 67041 2510 1828 66544 78144 22946 26824 23762 95342 37876 94138 90363 34321 87378 75083 88956 48891 36412 7523 60443 1942 76827 92863 54902 57733 62197 82791 57169 85977 86700 43860 89687 37739 8759 85922 2773 92434 5168 37726 72507 85017 12351 60080 71881 35281 89613 55877 35837 12885 12520 72181 57974 13710 30691 30085 17861 60261 38399 19155 13934 49347 28439 76736 83372 73373 13516 94447 98810 96205 62457 72075 286 43808 22355 84747 35621 27551 11088 37254 7545 16699 51435 87837 22857 73232 
161
74628 25794 68741 40504 48993 40924 80234 56423 16679 65324 2455 42191 27960 91487 98214 73052 14285 60414 80128 21879 563 92147 43535 64664 65168 10938 41923 30264 49836 60413 9877 17391 74718 855 92725 85967 19382 48617 23222 31342 10004 46065 70848 1660 80913 44222 61524 28644 891 84386 41776 72195 13591 74360 8977 95773 41843 6213 77095 74691 97752 56964 19437 93615 84761 89017 88190 46662 8824 80935 88650 58210 10348 69345 66002 89569 38669 69840 78213 87742 16417 99963 3282 18889 70444 94128 66144 1811 24604 83991 70292 39679 8756 80812 77045 93348 76976 30290 38074 37221 29055 11122 46703 46872 76199 67208 29040 29215 97770 81550 12234 38188 27620 58542 57748 10397 58635 8054 80362 52354 21131 25515 61602 76110 93256 23254 71362 32229 1823 38892 26935 29947 69460 22640 29560 1107 97686 57539 15591 6059 81647 94205 4890 43366 50945 57276 66020 86241 99390 8638 24265 98772 4482 76897 27182 75234 36477 87766 68814 47362 93990 
274
5834 49244 27765 5480 32579 72550 11832 39144 43774 64327 95578 8344 6072 26019 60377 40283 18469 11867 41496 93473 19625 37066 44942 78269 36430 76083 52666 69540 56200 4387 67105 28721 93842 53660 57664 52734 25525 50444 53898 16703 72017 22641 77323 49946 21796 70296 15676 71975 32143 76928 27621 18727 15961 44025 95614 25924 94797 12399 49398 43631 27272 71477 85586 77902 41800 86302 73604 6507 21803 18897 79780 62944 96990 57213 1483 98855 88574 81132 36254 57921 32258 55031 53993 84734 53828 24769 28346 753 84811 4222 49653 98124 52250 11597 4797 50140 44952 83253 16060 3665 72467 65001 29055 67793 53511 77395 94587 45478 84030 28125 63091 93733 2104 79630 93786 69464 83263 94128 93970 92435 6661 88748 45835 55927 2412 60312 84485 37993 46259 15730 20405 17590 14009 15118 49694 90472 73714 34943 17606 93716 38845 76141 93726 20045 90461 26552 31852 91641 90887 475 32236 19406 25771 14704 26326 97973 46891 89019 35813 2806 74934 30132 36108 69118 77147 27457 58114 57481 47291 65481 1739 98515 64010 29125 55182 7220 94147 76630 68040 99186 99619 10870 76959 77878 12026 16677 39355 58410 18595 82525 65192 33802 88029 22331 75956 27550 99564 32195 70506 87329 65943 72959 32476 83043 76388 16936 90352 95464 4231 26282 93098 98049 85726 44648 10171 91445 50029 9479 45779 31185 26818 29622 70501 2840 12575 62638 79575 64169 40952 5709 5736 34539 74172 58624 75047 14088 88147 76098 72725 52258 6182 49666 44313 94595 43314 39968 57418 9801 70493 66074 87177 51168 79801 50685 30375 4004 31401 67982 18318 86555 58486 22650 48639 24042 75949 80162 57346 17419 27849 47273 54100 47476 67184 27140 
28
49332 48134 94214 86045 26961 54205 9637 85495 89455 3765 75838 56726 59325 88115 46522 67945 79532 74825 44949 7710 35214 65116 7554 80762 42451 3248 10870 55759 
295
70336 68378 89834 8560 33900 65842 59346 12692 79667 14443 65036 84333 43887 86916 90588 75495 71210 82052 44245 10319 78159 34328 61341 20008 35072 97747 53121 43790 94111 5480 62436 82541 36216 22323 81769 78674 88863 60229 79483 37180 22328 28186 6342 63783 20389 97131 50481 70994 43379 42061 340 90862 98128 7271 11091 68809 93687 22096 93330 72378 6425 28817 35209 28469 1623 31035 15752 19030 99463 5311 54334 77130 56657 39168 53690 62704 33282 97943 73476 36454 25961 67966 44039 66675 59893 29220 48285 88749 70756 29633 76088 35265 22696 42952 85203 9501 72429 21530 36511 29993 37014 24912 11699 58683 39744 31421 50461 34883 2442 9528 59661 84659 10071 34953 66780 19618 19676 81625 27702 67150 77547 21084 94488 85831 64628 2310 24418 79924 86984 50455 76355 20793 52701 80770 22517 39061 25712 60978 94056 51324 22224 18215 81950 89057 41489 39566 2447 22009 41380 24199 60505 96927 59346 37953 94954 31519 91592 29608 63643 34698 56000 69214 61848 78748 81067 46576 97048 57319 49458 61398 10771 4946 84286 44950 50258 18967 72452 54327 22251 20460 16132 70504 32283 91351 97011 16610 25007 6388 91444 20297 8565 82771 19218 83906 36762 16329 33485 13296 31438 14538 22323 77798 24206 3528 24022 15360 97708 50558 93230 92706 27541 53325 99583 78544 91915 73522 74453 30102 91431 44409 49530 87574 7508 83007 71028 1037 30451 25513 8750 94921 13372 63180 98275 60182 42934 86014 48443 15487 53074 42614 49818 65961 18974 11916 3789 16132 77275 42436 8700 41135 8243 18249 82264 61246 87650 32918 58860 20383 99505 57627 30625 96387 14743 79442 68799 86959 26634 50417 94939 15116 7184 87677 13883 32206 51719 64013 95572 29360 76082 23557 89325 10479 31944 89096 41196 52503 75071 56809 73355 77541 7551 56671 35358 23733 59771 
11
76946 42249 60855 61237 18358 25840 75788 28513 17055 2405 68207 
144
65600 72160 65804 22705 59597 90756 25857 37028 19627 52774 44512 84660 88481 83250 59568 90750 13428 80361 25817 18717 95583 9468 87429 1219 53218 6960 90503 59944 48006 94548 31870 86924 48063 31452 48723 8265 63980 25924 76244 62853 89564 28682 77550 6492 53318 14322 30079 86281 97863 42167 75538 11285 85914 5429 55175 34605 24904 62543 70483 11337 52581 31627 98899 67671 61351 75079 20531 33168 53225 82603 82609 25937 40587 29734 46592 28223 13495 86419 1633 74512 39823 48639 94095 10223 511 19798 98914 27110 86509 65344 99127 55491 35612 60939 2198 66114 60802 20412 97662 63340 57939 5890 52620 82419 71440 1242 73787 20462 4228 30195 22256 2074 40954 35152 5896 67121 97237 77680 22385 8160 45072 19926 49299 17179 17290 19346 10488 93707 22183 51296 75407 38855 5476 2548 45609 86542 43270 78334 25763 5078 77291 32224 39903 30296 
302
43907 85513 83327 73178 70098 66249 69514 81965 35702 8485 64214 27392 88400 38961 34059 40963 45804 96218 3994 49177 91740 59807 98930 51545 81262 93187 35634 24983 99281 70530 57892 29075 55210 97239 59942 9757 56274 92450 75809 74150 8948 36662 34445 73195 53231 57998 24648 69385 29750 73648 3887 8513 49991 53962 17508 76083 38614 5509 20803 35451 75049 44702 8390 30115 16778 1949 35761 26008 47739 99968 81482 13397 83778 35405 44592 22217 62754 86821 51243 11195 57777 52064 77328 88179 65357 75472 64255 2933 19452 3136 37115 75211 44420 86986 2998 78112 21762 82293 97490 96276 30756 6709 70235 95085 64661 56909 88000 83575 79509 442 53888 63191 36036 46893 59406 90180 28204 90262 49299 89042 63993 84610 76839 56269 17085 5667 91652 70883 7842 46898 28838 99685 10015 6232 51676 90976 97896 96523 81907 49069 59639 92609 10378 13485 37028 41057 33008 82599 59309 24458 63315 24050 82347 10221 45054 19153 86443 37788 98338 63815 28166 93918 63004 36878 46895 74810 9638 90948 84028 41421 16240 34604 57162 4021 60864 93751 93646 96932 97669 41210 24347 80724 45671 46455 84214 8756 55631 28816 78671 79024 96243 57877 19384 35392 62085 21517 94247 62957 53573 45123 29877 41212 27147 51049 47253 70841 67200 86508 59536 27534 60891 82718 28120 24183 67874 53012 84639 27248 42070 20036 51408 62237 96751 91402 34209 18101 64809 38327 17061 15482 99784 55485 13432 64977 76868 67115 37454 61151 35667 11631 39247 92804 77270 61848 2158 92436 29478 88489 79077 45588 8231 63894 97422 73724 19527 63742 19548 36943 82771 90060 21856 95260 16587 76570 9499 26130 69602 37244 97269 4336 95852 5170 25302 45239 19894 49577 8119 79634 33049 36998 21040 69239 5625 75124 97515 44831 53256 36564 47845 1366 64297 67634 2914 42417 64244 52666 6940 53776 60053 3492 60210 95796 
34
33707 94651 15582 95933 9895 60768 71816 90860 12641 278 31810 37141 91284 54241 14250 98984 36306 25650 38089 2284 49025 76208 19345 41895 45260 32049 49156 35948 38444 11180 56459 30000 78000 70869 
20
477 78448 57814 25680 94476 89118 22084 50844 89233 16734 88519 99741 57264 86316 64343 55898 88309 87542 64764 57382 
110
7612 99016 13002 19578 32813 67593 64989 58152 35697 96857 9680 67409 96828 94924 29168 61626 46197 28926 39872 97121 22720 30022 26244 89823 99271 90625 75972 3820 40220 78766 78441 52836 84535 78244 69601 64933 40546 94810 95941 14996 82195 90564 32402 39331 64681 57648 18225 35047 56059 41481 59226 40431 357 74623 78590 93091 40499 89766 92893 27031 66070 66218 66501 88665 69870 39061 49037 21418 97314 15162 65866 69789 69820 40495 8627 84226 87439 72362 37331 33504 19832 54484 13461 61200 94172 95239 78448 45129 21326 31345 11025 18059 30661 38140 39306 64786 16933 57355 64884 2077 24496 79728 33948 29915 46510 16896 6949 76690 37280 22244 
213
58382 48407 73747 37148 43988 36597 39459 80075 56214 33419 34120 27011 21056 46627 88205 93905 97842 79655 75366 14849 30178 33161 59841 59268 93404 98425 53906 51 42160 73118 27131 82313 19776 39277 50423 48088 99368 61877 38112 55278 11565 52984 76275 97949 89235 10510 38028 45331 88578 92181 66625 26983 6421 2951 18978 91850 86060 33278 76705 43432 39627 42372 79994 28412 38994 11240 45445 73903 61530 27216 54613 31521 64986 95718 21526 97410 69687 64864 61839 59227 19551 57250 31334 7560 50331 18559 72769 75470 43296 53243 11619 82956 25400 51153 36655 69531 42462 34059 5262 98890 34748 11858 14681 75125 97365 93125 56700 52713 20299 201 14667 87753 22690 30603 99870 333 77936 3485 18529 52826 14321 85847 83778 21824 18997 29885 18317 30431 7661 2432 332 22701 61084 68373 8785 2005 15363 97471 26841 11065 4553 83820 89336 69068 78782 34534 32817 15106 84410 92390 40371 42491 13099 56916 4315 46775 60729 871 18464 98068 82528 92748 36545 29040 47132 49650 81544 25556 38727 26937 59455 90184 3117 45860 21455 98717 51358 84397 37813 59797 48132 1132 49981 63958 40309 12171 5726 31211 85307 58325 92430 42805 6790 36155 11074 28464 56453 1925 14657 68132 80644 25704 87823 63185 84838 87400 11748 97313 29421 8434 69379 46996 42443 
238
74598 96660 45032 77848 26218 94653 49137 54231 84441 1068 33750 70660 17552 47073 30266 56831 87671 86805 50359 87979 31675 84429 56849 24590 59805 62234 51822 89152 47618 18794 29081 6801 78714 50524 6941 56212 44900 63553 71897 33284 99213 76243 64283 57256 6896 72225 45737 58977 31192 41890 21582 1897 17360 83396 62991 37007 87596 18136 27050 95195 29017 68422 76122 89424 58399 89685 6242 51184 87688 80709 37571 87029 66074 69015 6707 28068 77641 22790 92003 26975 87080 35346 62469 39102 96260 75452 58101 98212 60946 48436 77179 91217 14199 50896 78230 18318 78252 32609 51928 19634 11206 70260 75185 94168 12292 91040 74496 10028 91902 65516 79064 21355 87225 43878 4416 52306 5665 55228 74762 27077 18597 28272 79420 3608 75147 1677 84542 50557 95417 27589 65832 57448 85491 23643 28319 16577 30757 48124 51947 92325 48940 51431 7053 44320 37589 78964 90471 9790 44766 3474 71980 14070 13943 68319 10250 46202 54557 80224 86916 8872 55254 603 84014 49278 73069 58275 79503 16853 96187 8282 35416 68616 89875 14628 19309 39261 16511 20661 70712 30774 27473 30196 93527 1785 61564 28795 46517 78256 76823 77655 14163 8752 66770 9992 43444 9186 37766 87899 5329 73353 68792 88202 87846 889 64313 89398 24280 54391 94713 98229 44150 1014 51380 31085 19554 98717 69011 95884 67992 5340 98648 83140 48346 40579 55674 48462 58776 94516 82554 57184 54409 38400 84060 18237 97759 18339 97209 27068 
265
88423 30561 10788 26891 577 18578 62083 30663 72620 2383 39464 23385 266 33973 39320 31706 27629 62387 69971 65540 88005 10005 83401 99297 83712 21612 31157 20041 38855 65074 41867 98097 76434 7236 53810 639 69415 35652 82478 72185 30487 60560 92921 7309 32664 21422 2011 9306 36544 3527 12829 82371 73815 89271 51518 56658 24417 17976 7337 63708 59937 41135 61444 61253 58431 42639 37212 92026 20929 72953 87871 30345 81208 65314 18420 6603 61311 61892 20592 38094 37230 5052 38026 72508 61195 2840 39328 9982 44892 72102 57864 85755 75736 9689 24287 37829 76362 21185 61533 45817 68407 85216 61900 82993 45358 80772 19062 90160 93598 84227 50318 68266 1583 9998 21705 60975 46718 57141 39763 1399 97196 73551 68887 14868 8614 61314 74836 84605 97088 81919 42171 59978 7779 60707 8503 34410 3055 7378 13740 77737 86340 32268 72154 72899 90928 37488 921 93319 29956 92600 85699 84943 87922 12532 75182 18798 1423 18143 38935 36796 99606 16260 91877 3150 9023 12249 99874 78371 10587 38313 8919 19052 23028 99785 66656 14787 41877 33869 41572 91636 6865 47836 46547 96228 44989 58749 1402 30057 99544 53654 81803 37381 25264 82832 20435 82071 79859 66395 14840 50576 35365 12835 91597 70199 59195 87224 82153 81710 27112 31951 14466 18288 96670 88980 80775 6554 35999 49426 7347 82372 19977 25819 41850 85208 95665 62553 39785 33132 20786 11824 20882 37317 75123 41083 44041 67979 53402 82347 37980 71142 76268 53431 72764 97759 98660 84075 22069 42017 4969 22020 79942 98371 32306 17663 39921 53067 20985 64171 30763 76758 72413 91275 60753 83892 66094 
34
72111 70786 42126 75106 1867 4240 74324 45063 37346 38263 37378 1178 76237 2985 74736 79556 86243 35070 97036 82814 35208 81381 81829 2246 62053 92111 95639 24437 97997 79544 72105 44747 35382 55989 
69
95430 71847 44045 39740 17156 10306 61928 91107 52204 68358 2364 72887 16875 86237 2644 64085 78368 21239 3266 47620 1963 52930 98322 96301 43022 74495 18154 99358 66972 67628 39843 63669 70410 85955 73042 24461 21980 49798 3376 50576 11786 5875 71034 76796 86948 37353 50935 16440 57006 4314 16225 75888 6677 2663 77762 71243 86736 52305 6397 48111 85684 8656 98782 56051 91224 49744 68719 10959 41094 
143
52 78420 71207 4302 68154 77371 60044 13937 11260 48835 97608 58285 35960 32786 28423 97667 32376 23221 21128 76310 120 29565 17458 62440 92919 18979 62046 46638 80832 90396 88313 48714 18284 16046 49015 65560 72709 39778 10625 21789 58238 78005 45792 13378 26513 80574 95038 84377 90934 61929 10553 93857 20972 4654 88648 87939 78876 58843 67313 19017 74243 34470 84734 51710 97052 6862 95884 30592 86229 72382 39963 91414 32563 46625 80533 79957 7587 63731 1810 44209 14035 25103 15305 71185 84291 48192 32027 68714 83769 41289 64250 45077 61172 75420 45519 30444 22960 89656 572 50192 20180 12984 81694 59833 96397 22453 29917 13586 53793 79144 36223 28669 99561 10513 90129 34505 14265 33160 85675 21469 24126 17545 54837 13045 92742 73987 36919 29374 15647 29420 19754 83742 72876 8778 36200 64071 33000 49461 23235 15561 82530 19854 18801 
309
36305 3170 81254 83104 34822 74643 6006 39622 88933 62949 64663 94237 1151 75609 93760 11165 36900 71654 93961 54254 73171 84800 3468 13564 52746 19110 41665 47286 73139 59050 84665 10871 99242 58873 63363 6228 31794 29640 58901 12618 93863 91953 60619 17952 23618 1041 31362 14070 11592 39450 1354 92891 71303 70174 32693 79417 44667 11718 43626 59686 70051 81051 35623 98755 80207 39493 47231 67250 17066 38107 43168 97959 95141 62591 46484 53668 45958 79701 77420 67515 34484 39147 47770 85508 73931 77816 95078 45515 41541 53125 66923 15202 80998 71567 24849 69279 97721 96667 15216 22506 43607 89545 93171 76793 71554 49837 30644 22404 38175 61312 98206 40882 16053 23120 16514 7509 41939 4236 58624 92867 9192 87164 1115 87041 75573 10531 94125 96565 5527 3039 22996 66724 78634 47899 95860 14508 80535 85369 5439 27673 97860 70590 52494 83009 25266 24126 55529 61350 16386 74730 34182 60946 39356 3825 90498 9617 28246 29316 21530 60878 92915 67551 25137 88493 39137 38307 88180 15916 98399 55228 45733 13713 77411 2434 12198 87155 70781 17346 47181 66218 97253 70220 47932 48574 77721 91088 23615 97230 68797 79867 67637 5886 66619 48706 29042 56299 20772 51975 63323 79794 14178 34927 20371 14107 34642 70631 27365 29410 25691 56714 4003 26450 79514 75170 11810 54241 63126 33070 67588 37793 10256 29535 92536 90854 52113 63453 23755 74745 69079 16847 59643 75712 6425 7829 3568 87511 83585 41692 4557 42031 24720 69739 49738 44739 31955 52515 64370 96770 83986 4607 87074 65587 63292 79175 82128 14839 8819 56162 31513 56215 43568 64700 23661 17940 15224 13093 13388 26552 74221 36079 4245 92390 66816 37510 44858 85068 26224 34840 78273 13979 44165 41111 44342 69171 28241 78177 56045 79485 64022 24475 74498 58683 86690 44221 27353 9963 65404 28981 30140 88694 46005 23719 50721 40027 97720 34781 92105 55310 57567 
172
37012 12918 65 48147 83606 52261 54005 41484 56696 84743 444 12149 79086 91181 87652 30395 35071 97921 19371 33682 91372 91343 6253 22409 57195 16066 24350 35639 37092 83817 73955 45595 2532 77976 46530 42209 62125 14767 53582 76949 16983 48556 82351 61204 19813 34720 94232 30562 62526 89819 54785 23402 496 41878 47057 95168 1143 10121 51836 22961 10787 66383 63775 32354 34345 84936 23031 84042 62310 13791 46737 14350 63345 69432 48891 55700 91350 95059 3794 90511 56177 88570 5908 84136 44278 96713 11330 37122 54423 84048 44377 71135 25662 56374 64270 18257 52943 95210 59683 42480 1855 46116 99268 61541 95944 24973 13491 11910 74028 87126 94440 32552 15037 38400 20231 9633 82124 7001 85874 78039 98632 23388 63135 97480 40082 68976 21084 21275 21398 72406 65348 5481 58902 86228 10257 47117 19190 79099 98838 50209 84575 54855 71002 58126 77282 24768 36935 21971 13171 18333 89244 83986 84160 28559 90930 57291 35149 9299 22425 56669 10689 42095 21898 87064 27992 65649 52668 90363 92095 52401 63193 19674 
38
87786 39087 20640 6159 67454 96664 56704 55099 40188 23052 17934 35128 11295 24860 20806 5991 45174 68685 43948 94120 75284 97239 21400 79077 38839 20659 60709 88242 95960 62189 9579 26136 51685 14465 55018 12163 67044 58200 
99
10320 93339 86128 28767 12048 52911 96890 1962 53284 553 54888 38917 91203 6336 45501 62552 43815 25230 2811 67867 28933 34121 14507 11548 81487 56243 82816 41109 60073 75202 24312 83818 42577 89726 74840 47114 90974 12792 83940 76264 46404 26590 62728 9568 49941 68421 58887 69095 30451 66851 76959 61130 81787 84738 9661 95807 84201 48709 19349 94354 88548 52760 68405 19608 27795 7995 30073 51827 72561 55844 24788 35713 64007 63694 19549 10840 38892 92092 10488 33024 63749 79459 10825 2420 37615 48667 89467 77146 5619 72574 99573 84643 16980 59945 33804 22869 36383 68713 74237 
81
19700 37359 81079 54018 4701 55427 60648 8648 30906 16794 59884 18698 66447 75176 29185 65316 40384 46777 64769 49523 14677 66564 51190 54907 67124 24282 40144 21024 12910 76196 72818 81793 33953 4872 93046 78483 90570 26186 28216 66904 39869 18098 92380 87814 82330 33212 95584 88501 93523 28344 39940 6590 23948 38660 34909 94757 96305 55440 65462 99283 6657 57332 60040 87869 17021 80496 42331 1921 66939 79025 96567 65461 54463 38677 2283 48614 46955 93174 32200 4154 7108 
290
74156 45969 58906 20615 69960 73640 30867 98392 20435 10244 85779 32085 95145 82912 31037 3785 98984 70044 64502 90076 87958 33408 86382 81157 10107 92369 40105 19982 5008 50039 81773 99294 11079 92465 18697 50628 41 4622 67751 96154 41112 96040 54151 50834 90547 9713 81326 74553 45794 10973 25617 41931 82082 780 52288 91774 78654 94298 37961 12788 78136 763 98643 67673 81854 34030 12136 54591 75277 48654 78524 99262 46009 59130 12019 7991 59890 71534 48011 54468 53055 61827 9992 99353 3791 46861 6647 42805 3726 8745 87904 11059 61150 10951 53205 79792 55316 25584 63716 54530 38746 21164 66741 45129 96127 36225 22112 336 63341 68714 86380 61355 11006 18206 59231 88812 59792 76725 94647 76226 24783 3287 51296 25176 95462 67770 35784 43730 9717 28934 80107 32477 87692 72591 99855 96122 18828 42124 95005 98199 59878 56757 38034 45638 24873 11656 2636 17638 10163 36069 7304 81196 75229 92095 13322 11998 47696 80337 85977 14204 50324 37347 32194 94189 74793 24912 72631 29853 72782 6834 62267 32542 66727 32699 56039 28773 96543 56048 53444 77479 86262 32445 65027 71300 55190 43900 44977 42050 93230 52055 46807 505 21508 49010 60976 64428 96887 55588 66501 54768 33906 46633 69009 82101 71651 72722 56735 27940 56815 93799 4969 59542 19458 69688 16310 75897 43128 57493 40164 80511 55639 41505 66374 38363 67736 33955 67475 87757 40780 24264 28289 4166 10445 14805 51136 28725 31339 33495 53288 6818 77975 41289 37734 71064 48597 15900 72503 36337 75678 76095 79940 63323 11329 44596 42633 22551 88476 47284 84568 5376 14439 27098 49388 55117 27256 12781 13165 74026 77657 78464 77275 40349 58129 61670 77006 58601 35967 35771 84083 76108 29318 19128 85410 63250 84400 9359 72070 25186 52581 37446 
104
48877 82090 69326 31950 6602 63695 82007 25147 64347 84000 94229 33771 70338 65112 75664 90783 6235 1117 44578 98154 85997 24232 55052 40937 43984 48445 20973 1219 9617 27945 69285 83616 27168 52499 68326 3834 1197 9195 79602 65873 77780 80186 58264 83065 74834 41009 60231 95419 58858 62343 48281 84579 2432 83159 81084 63925 26865 46892 95234 2401 19499 13004 48548 83955 75787 37418 51419 16293 71697 12594 67697 66036 70997 65745 39865 30963 2209 22131 98434 58194 7574 91032 28492 13975 61549 64952 85621 53829 47825 77635 94454 6254 68213 49335 49322 62083 71237 53001 49422 11238 47030 17104 86375 5433 
172
24587 30796 75451 80802 79787 97439 92969 66925 89748 93206 18167 25672 41886 27934 51055 54537 4989 37486 70814 36460 8598 64980 50102 84138 49233 35786 55330 94925 97663 56844 94929 89976 48986 56819 68278 9150 38228 7993 77962 4943 98266 24749 77162 60801 86663 12529 37119 91262 13907 60493 28797 68545 46551 6589 94607 89674 21830 23031 48347 75439 95496 53686 11703 33238 32657 99699 13587 66871 7902 88079 65039 62007 7903 1830 49847 99021 7557 5227 32867 29100 22321 34777 82208 44060 62698 53239 90276 26166 74869 66444 51447 43017 66618 60946 11979 20994 26934 10759 20383 38619 87644 58734 59959 60936 3636 29207 75413 73696 63937 91222 79566 2508 70928 40605 49402 59927 32185 93278 66961 50367 67068 43522 37523 54407 93950 85074 37579 25125 71397 46844 65399 14451 93217 52704 85629 52141 58807 43723 2133 31065 120 68596 93828 9917 1602 69105 44937 19231 15628 75677 32874 9405 35193 84511 95290 43564 15164 46781 87218 73364 32189 15540 50091 88973 22931 4590 49544 82810 94015 69177 18834 83400 
246
47693 22580 84368 85481 59366 28366 66712 55041 75574 38288 13905 43861 70881 50230 29323 1632 301 83542 39057 9401 65230 41830 89009 51031 33483 4828 3602 11687 13629 92469 12310 59020 21774 42148 3719 93092 61453 82803 7820 57118 56589 65634 65628 64883 29492 93908 6689 11321 60130 89800 15696 99751 7130 40386 44824 82937 5797 79456 52262 89567 1686 24325 72166 88674 68160 57660 88451 88773 92645 48944 14345 79851 94946 2738 32605 17125 10009 78656 43721 49273 88843 27383 89654 56963 58206 95921 30588 39810 17419 46866 66410 74026 28970 92514 55912 4384 61821 86506 44942 84508 41410 28211 23267 36005 34617 37392 29309 16195 26351 19892 51037 67998 31270 36374 10018 30988 28415 25159 56032 93681 22477 62129 39857 60049 91049 41543 82346 19921 28418 26818 42554 65984 36404 37495 44219 78623 77589 18338 66153 1722 47131 56454 69024 78234 33742 65299 14429 89678 98498 61340 3022 86240 10948 71857 33343 30111 79165 92026 82463 25543 55817 67733 58483 32512 388 24204 37532 29133 5345 22434 57776 9346 29428 69600 55145 9525 62571 55293 12701 42811 95013 73539 80482 25856 20846 85410 24086 43995 62746 50465 95919 53280 49655 44626 7347 62951 98067 90866 77152 47302 1715 1811 2181 16089 14209 86936 78549 55804 58466 21479 22514 79221 74471 98496 65275 96268 62464 46379 2386 55733 63838 67010 74916 55921 52804 80914 18698 49531 90094 96522 59805 61764 77856 23235 49140 43001 89785 29804 53335 38406 91104 1555 74658 43004 38324 98734 
273
60191 43831 89344 81557 43793 85522 58996 81432 77056 13311 24875 23441 82881 9594 81406 27095 56460 1821 21743 67482 91803 40532 6656 65739 18201 57038 24477 85884 2258 72128 40264 94206 56982 77021 78304 74197 85843 14612 31582 79885 18067 98263 45241 47547 91523 14295 47152 81885 14542 80172 2877 28986 81902 18864 25321 92982 15150 54932 81226 19679 14138 91776 96650 58826 45243 15546 22645 76126 27524 54577 75910 37909 11085 74934 65525 16878 30147 88733 98342 18355 19824 99973 44587 35995 95286 25832 32078 87876 40574 65540 18962 80379 94598 74139 29766 20143 3635 98566 8569 89426 44820 7414 33914 27877 23252 23417 24863 53608 23627 22547 98428 55431 9528 9829 30989 21827 78233 26788 74513 91352 57796 37290 68632 20339 13428 45542 82231 57780 89933 97995 92046 71963 20121 52267 41397 46929 46540 59366 22041 82792 42177 22571 92221 83100 98554 49855 75080 84976 17756 88453 16752 95335 40646 18316 22303 11991 35046 74231 44403 25994 74027 46209 56326 84890 36099 87599 98715 95480 2699 3519 39120 43420 39356 84910 88790 71293 84256 26005 52645 598 39539 77366 67586 76215 31499 56157 53222 67174 30599 89166 87442 41383 32764 76600 72304 74514 44823 51195 57526 26739 4705 20000 45340 17613 38612 25135 61531 63580 94816 57391 34871 91406 23179 33239 9484 39657 58426 10485 88960 61249 82876 52241 65724 13909 27763 13064 32283 14614 26456 28988 14045 57253 16944 43459 74684 24545 77550 88405 29483 43958 49298 8434 34355 37006 14883 87806 69945 41995 31570 95407 94637 95060 57736 58119 39801 13435 31882 49099 7295 72412 29175 29705 5385 98519 39584 90657 92739 24562 13618 49503 39034 59127 63077 
102
73589 52974 49174 92240 32863 85640 26663 57172 9250 73417 4363 3546 40573 54635 1077 17987 74662 73748 74529 46534 58100 20172 89483 65076 65872 49610 73070 37915 87942 65183 91860 68106 5214 2720 92643 6913 85161 74341 7190 42112 13077 7011 91444 85597 28214 8571 67379 42811 40553 76979 67282 80654 56073 50301 46057 23085 31060 26662 31900 14381 52023 29540 45272 98329 67946 83114 80179 4636 65313 24037 25818 83834 17946 79074 8538 9772 21514 21548 1737 50887 55287 95218 98427 56682 52023 99949 45235 73242 57113 781 92859 70700 20238 66139 18093 24530 96394 95236 93158 14191 19510 87048 
73
67307 53330 65806 73539 19847 76529 76520 7933 2123 1216 20188 63099 10457 29466 47198 67332 72190 57091 24311 60227 14988 90811 41460 4835 4559 65766 3580 7490 93539 94635 78316 51280 18121 69481 96550 34021 72340 97522 62417 53466 59352 58999 86558 39748 62509 84061 79457 18222 73609 94887 50949 37454 82215 50357 59181 95954 62946 38330 78138 36809 56452 54632 42283 48398 48969 33952 42312 4034 94283 4348 66191 56035 11216 
68
32627 5081 48250 32636 6272 72547 73750 88737 25908 91983 36932 75335 94924 9151 9465 57570 24664 21864 53519 88536 89610 38253 47904 56612 82035 30542 21914 62821 79652 69479 97892 54363 88003 2443 46445 20034 31044 70052 46140 60104 21059 79604 12550 69968 22178 10760 26683 45338 36228 32079 93024 29055 15351 75013 74207 37079 55000 43131 55671 38737 11711 30890 98013 10195 93992 78509 91409 69290 
82
6525 72594 21102 6301 45691 90862 32634 61074 23741 8699 4597 3089 17116 22493 46098 35998 35409 18691 36486 49952 83089 42318 77433 64346 7584 68586 61591 67869 55365 92240 36944 44432 19661 74027 46850 35188 70596 21014 76254 53937 31877 63945 76088 97444 68514 31195 69082 739 62490 59197 30962 86953 25225 64953 39029 22189 4303 49296 36738 80873 13382 36296 71620 70740 7734 3059 72400 95848 41791 72292 69188 31513 95177 22436 21408 46073 95704 78080 16833 17754 65294 54426 
253
28254 57838 5276 13769 49085 24630 27759 93081 25158 74476 83652 29794 68240 24828 9162 63507 3973 64970 82015 57163 65612 7666 22650 36998 14914 54082 41560 74281 55509 51565 20147 90029 39346 23491 56882 58517 66446 65539 51416 99064 27048 48536 43902 59448 12334 79800 6965 49450 2847 25438 74342 13246 88942 79534 67147 59233 72759 98547 6221 81317 5980 66714 6319 84686 23311 55030 75625 41362 15040 17884 95388 21107 15068 46712 56219 29508 10963 47448 66721 11564 74888 57284 66920 75438 22613 36568 50391 45441 71469 52481 84857 21327 632 24981 31195 31114 65611 95527 25541 37306 96539 34274 23196 97878 65061 1119 24086 17298 61154 17646 78773 87213 71396 8660 33213 73380 73973 95015 15666 91583 39213 27808 86961 54382 29388 94050 61790 60310 18824 33150 20212 8303 91933 98913 68809 22673 32283 37081 10389 19433 85062 15672 95150 69880 70765 17681 56050 26604 30558 62165 97212 20154 52486 49463 75947 53687 89544 78995 28515 83257 28350 56780 37190 28164 32991 65277 30567 25985 80599 23476 40532 14946 12348 55282 27983 92861 85487 37644 30924 39896 34348 42876 63027 16597 35657 12472 91868 77606 93774 47120 1663 12601 2316 56470 52429 65995 62940 47766 27901 76664 32358 33385 82523 23861 75858 79832 41310 32045 42820 64645 37616 51271 54128 65458 6843 78032 10056 28530 20429 88841 24797 68885 37330 99031 92680 79839 8124 98427 7516 66298 58937 87040 57433 1832 76692 90181 68349 30218 89614 60530 13911 79234 57518 82607 8456 77763 2080 95096 29291 10053 64381 3266 34608 
296
2601 64865 81087 30121 36421 61210 27086 80835 28209 34698 43868 25705 74642 54659 23515 95580 94400 1564 95612 75978 13253 36376 58842 98748 95855 12452 56072 26552 25015 20602 27238 59306 26094 82134 72165 14908 40717 61670 13399 49623 42959 34074 69382 67273 92034 68622 95458 60387 70234 72418 98716 73526 8422 70747 45680 52472 23530 5269 38911 38705 68524 95696 54301 14982 11708 7773 26002 37352 35609 9406 72090 21130 36395 59829 33471 94864 40474 89953 82983 91159 17647 43800 62283 58792 92262 47343 9953 21833 87898 86581 19263 43101 6910 86097 31465 24050 59608 54013 77041 72910 41623 14898 12363 5959 71247 91965 17456 37165 98890 76373 56435 80913 63017 52869 10337 67175 58543 64715 74298 31955 7544 40489 74669 77424 66267 99747 18812 79122 10992 74789 25649 1958 70150 94855 15424 67625 94185 8168 7615 9701 47825 36805 59158 4961 5774 95200 26482 86823 66493 29817 4921 98424 2638 15641 63282 52869 57582 90233 69126 21056 96190 41876 51503 52170 56923 63829 19413 82632 47528 23704 70367 58026 11564 65780 9301 1050 47653 69349 55732 78958 29898 99395 73963 19307 21689 14011 19152 93309 47710 3131 24197 17657 44632 95869 71765 92324 74627 95308 99705 47292 89248 48057 73659 22641 81741 89616 34331 92347 56205 52240 37982 27961 88815 68366 2756 75519 59653 87193 42627 94210 50873 60262 77086 82124 36158 71134 4476 89171 98034 68993 44438 94306 72646 75663 11371 98307 11634 98790 41700 76348 52685 11988 77824 75453 89723 18149 69679 81140 92531 97790 87708 88844 67679 5676 47884 64863 42940 98875 40870 40503 35556 18271 21636 88658 88185 66367 11275 90082 88585 53649 33739 39176 42749 65723 96432 80185 79060 41683 32220 69737 96554 28642 54163 56477 3405 42043 27104 97580 49323 2825 36505 69249 1434 15388 68703 93665 
124
3009 84106 70019 95386 11492 79719 63204 25964 16209 31720 79424 67546 77369 64888 21611 60756 52246 76500 36093 49747 65997 45661 51144 69431 39995 55503 57973 90484 30697 90288 56888 94472 47192 34907 61103 10060 32046 28968 61644 29084 8614 89904 83999 15619 75856 49919 52083 13403 49957 11886 42581 53882 38948 31182 115 32962 44151 15238 16427 1849 53575 48498 13956 27456 48976 88618 8813 44657 1677 89140 12542 17788 42801 45309 5336 28733 37995 52774 65188 93410 41114 12636 22972 95071 83569 79854 54189 16234 36671 78337 4452 28756 6766 84699 35324 37872 42984 35384 60181 31785 63473 97983 51103 24468 78945 17346 21192 42950 56878 48066 35611 9639 16113 8733 58266 75933 56680 67727 36430 7715 64381 1658 56865 70992 
127
15710 54395 11110 13157 54406 19417 15200 98142 58473 94150 72470 8329 24751 64277 50610 86877 44957 20724 63266 39708 82301 11496 23887 8590 55913 17776 28343 9035 66723 39419 33053 91924 36940 27184 88126 97937 25744 41162 15655 17714 50046 11830 20868 78434 34428 1801 26123 38909 54359 38832 28140 94423 4763 64339 33935 65525 38374 21532 66391 42181 43481 14892 87310 9049 33666 25058 95916 74116 63448 28996 13271 64205 23015 11893 44509 99651 20638 26139 26382 60076 61356 71857 24303 87986 59952 39208 73969 39321 86509 91578 10031 97147 13410 6797 35894 81404 18335 41971 30827 56428 36977 84043 35522 5534 30010 33869 30078 34404 39612 29472 99065 31597 84057 79052 54399 3270 45226 44508 35836 12207 63038 53868 73229 69041 65611 99798 35027 
101
38896 67273 35697 10300 91407 29288 20397 730 41664 68816 2042 9143 51612 89859 5393 57877 95974 34799 51246 52021 7239 3292 91222 67220 41075 2991 61417 20902 69155 58499 24837 43012 75931 16392 5882 55918 15521 38738 32657 46575 46897 77257 40795 86794 94578 71421 60287 71422 19583 96488 81558 78435 15133 95287 41811 83133 89655 58198 7293 1240 2473 91807 66764 46617 1678 65203 13851 84588 4287 92234 53285 41260 84869 47913 72889 86625 92377 32563 36015 92609 7982 58360 7959 74502 20950 43161 31102 39206 26724 58294 17021 66297 95281 8300 18991 72144 88084 25037 31159 756 54214 
141
18589 62292 86362 3878 35489 68504 4430 63323 27041 56837 99345 53176 88504 6997 48686 12623 2802 11486 72038 35943 74682 52773 46969 26425 59046 73277 86939 47554 57193 33187 63591 85758 39750 87173 472 81110 62782 6879 79449 12116 37625 65150 58027 61730 15342 65752 94792 7468 69790 97967 26899 79250 75150 5638 83744 73111 86651 41091 37767 37420 35584 75127 17376 21715 98004 54215 88110 94925 77118 18496 96493 62589 20852 47229 42900 17866 58209 81821 82671 77240 60714 72852 4382 41436 36058 89419 21630 59444 79245 23663 70198 88117 78756 28670 91753 97465 69879 25836 18764 56154 64683 82248 96474 34891 82442 15310 69434 51901 44869 33233 48206 31044 22314 15655 93311 93183 52758 26092 83236 14580 95582 3260 20280 77711 70647 70147 20122 13582 60666 60061 22924 9428 4134 54438 57186 73954 79643 83939 23774 35188 85374 
250
880 97611 36242 84386 83100 1603 14667 97310 6557 56323 39657 87277 71390 72384 39052 54999 63549 78562 85054 62029 7063 74760 71565 95170 99252 76573 44918 50291 88334 16052 20310 18892 71281 29772 37651 63904 73332 97934 59789 47526 85951 13690 89168 92050 25131 66534 81806 95720 7721 2226 17731 17131 60563 72599 45658 79801 82265 18282 28243 20112 53492 2504 83364 18848 34838 56117 33796 51197 656 32734 92972 94706 2073 84439 3789 85284 21326 41909 49094 18128 28367 28830 99896 32991 72747 76476 28050 48102 69846 50233 74184 92973 71617 44221 89037 79579 78805 16807 89039 6863 41555 19583 65227 30690 20762 50714 9760 90654 83583 69856 64790 81533 1940 42822 4115 56801 12343 43662 75810 19399 1717 8805 6784 37989 22804 91202 64874 31578 34035 17709 10560 39434 64511 12123 90072 13231 73945 84895 79722 38444 51917 58503 8684 39807 64187 60708 38646 15489 34704 87417 73531 28331 88220 56546 42418 24821 69188 68559 26846 13913 67423 92898 52150 97042 87740 77946 85603 38441 41418 93775 90281 52574 85836 18957 51710 3393 6058 66786 60910 50601 54709 79970 90342 99306 86138 23542 18512 93491 73604 3257 90162 65265 47224 60358 30210 30015 28977 98557 28963 71697 55246 35258 66879 67063 78401 50518 89945 47747 12588 22999 28653 60055 42067 81082 40600 43909 16698 53279 89038 96523 56357 41987 47274 83140 89570 38770 39583 57347 88041 15824 68600 42843 33502 40663 13038 17298 1315 72754 76951 35948 18664 30106 75620 81814 74984 85085 70434 7535 28827 58104 
242
1146 30598 20090 39416 39928 96266 52704 79059 7774 60850 51008 96170 35074 16325 39365 80119 75990 51006 24812 25697 56303 48628 83687 55603 41534 89859 48338 8709 23883 36170 12308 35688 30407 70056 12788 47091 61601 66786 50765 66186 1704 66245 54871 42501 34163 2851 33786 77235 36540 51308 33357 37575 23404 17991 17354 26422 56785 58158 46623 48365 98354 95535 96210 6966 74095 35404 69357 81811 20276 56696 7517 19539 65300 16812 63070 19091 59319 8849 16794 15586 49548 3276 63550 89604 24211 62807 75640 69150 36988 81858 75884 87864 17064 53875 20302 41806 9035 25447 48102 42860 83769 86865 64274 28347 3035 92487 88295 55008 55146 23704 58857 68365 80209 76691 79715 16238 95404 69070 59479 36857 71433 2846 87712 2036 69542 66438 40731 8927 91585 17694 31489 96788 51164 13862 280 60544 88011 20380 30609 223 42955 40584 10633 5566 59555 75604 66321 3223 31766 32911 98914 16817 1695 13848 39887 95246 89719 41815 14130 73946 14989 94149 49131 32927 78304 22591 28783 70490 68712 10370 34863 90204 58741 63515 63532 88143 29112 80781 18326 31591 67753 45291 18666 22553 31714 31583 19538 87318 44020 86734 4989 88953 60446 44435 78336 26100 67369 78660 7886 39325 66181 60701 81873 24041 41325 32876 80427 97305 30347 66637 36071 12461 56693 4030 74080 71941 52351 44024 14773 53008 33027 22053 3752 61201 12856 31968 30454 6968 20801 6453 72118 99598 64595 81310 62963 66733 5800 22245 60985 73499 93914 61306 
165
61944 97395 94947 54098 44038 63820 66726 46869 83172 9766 47760 314 88075 74566 97238 56172 17870 83555 1841 18437 75170 7297 85167 82067 34591 76758 32723 90025 20897 90830 46697 39866 14467 45633 27704 47661 68731 79266 8327 6903 8445 39432 17684 18746 1068 94279 20593 13604 94804 15291 14336 13910 35762 33712 9149 17350 52754 49346 32267 23548 64950 2505 26010 32513 56811 3683 65618 59157 36698 86064 70772 57889 3590 12738 55030 78871 8581 57754 47801 24699 53307 92438 44473 18516 17466 78494 86896 62947 16548 3971 90659 15471 79765 99126 96835 94226 44209 367 77608 43362 98944 34522 9419 57899 312 35779 915 82212 68365 42815 5011 50198 68196 63146 11898 97492 65717 55425 34577 33328 85905 98018 38139 35533 744 79296 47208 76552 2504 7169 55478 52706 56400 97088 91537 35590 32624 51193 51050 81968 61818 20679 37949 34916 18870 40546 94859 73523 99551 38341 4907 58843 39201 56013 68037 22775 32768 43893 98017 22415 82992 25473 59118 18167 13509 
197
63236 75102 68422 13363 85776 25380 62472 35758 98251 85316 16463 6348 1690 85899 31693 34995 7254 88818 71087 10624 250 82066 93559 61210 80252 62474 15312 1925 73307 19654 83166 82019 97546 64859 94616 32143 15698 78359 85628 69894 30492 19675 39640 53504 1712 70841 679 41663 35796 9749 30619 73370 71900 1855 87981 86261 8550 81998 1011 1949 63562 95063 904 68366 45968 15633 92381 66354 16396 27236 46644 46474 98868 60344 31906 88608 6974 48924 10700 53669 82615 51784 43909 75237 5725 52079 30283 62519 91349 47814 43070 13589 87319 77824 59343 96109 11889 52148 57549 18420 16946 136 96692 41926 63257 57490 71451 5732 62752 71749 77129 68358 63044 80093 82812 5904 31619 58647 66414 6117 39351 18117 48204 44227 34250 5568 78687 58852 56116 99158 14916 13910 71309 98853 23823 29528 67029 33447 38994 7958 79806 99099 92847 66025 35771 31879 36447 63906 15938 17167 32778 93216 89671 19215 30091 64521 66528 50334 36719 91153 26907 1262 154 7461 81251 42772 20229 52814 98556 66646 53501 29708 96243 32825 27146 74139 65034 17439 97433 45657 69776 86278 14170 46886 35442 61993 59385 1050 81321 11134 42479 12255 80706 31080 53394 51310 79846 
148
27457 86278 56402 89380 55765 82315 90915 49494 32866 37936 95518 71772 68027 29704 71396 53105 72089 10898 16834 84851 55195 86216 40213 83862 55400 24649 49711 95325 77638 81606 46293 82583 19963 46191 44936 63777 77223 79111 10325 19178 89547 70190 20687 92790 44751 72272 83010 73521 55514 66522 99086 56004 70962 51606 18525 93483 1867 98826 5127 1570 83010 51563 72159 31592 43838 80146 23998 87522 71309 53165 44772 44107 18461 46334 68883 86518 56373 60559 92118 55589 72994 80904 54719 84438 9704 65127 93389 72940 13392 75523 86971 77769 13742 4796 81572 57193 82429 77603 14613 33107 47692 91609 47964 76491 94387 87364 17050 60573 91263 54575 82922 11655 75365 80438 52123 73796 22152 37440 10090 9536 12835 85892 4698 47774 56796 49299 67272 37229 50009 30353 53467 63341 84818 63165 52611 36297 4309 31191 14587 91316 51784 19024 16894 71990 21158 65254 10175 74813 
247
6183 35389 69920 62786 35530 67039 48775 22288 29251 56346 63884 68184 22881 73582 23901 88880 44338 70959 33851 99964 17233 50440 17939 87046 69588 76680 96060 90182 10358 91715 53643 57978 86401 83180 53068 94225 31520 8515 742 43302 25825 78634 14166 48420 99649 9760 37206 32808 48106 15572 25459 97417 27883 89577 97049 83899 27623 85990 1670 92479 42701 92089 86456 59947 73706 20572 30275 16533 74538 67518 52327 59862 26187 18858 16775 99247 62588 92913 92313 13005 67681 80116 41367 50973 31766 5674 88037 39719 92130 37624 60773 40237 31043 33962 24000 26439 65424 23021 85333 8393 95285 59630 20894 11477 89797 45388 12618 71166 55788 87749 2848 31866 16843 56977 75151 90988 76760 67779 51290 2741 81440 8659 376 78463 12550 93717 18488 67918 6831 41738 27091 39159 33811 16474 69139 2474 67905 53764 74705 49381 22940 52836 72591 44757 10296 75821 27604 93933 25958 42753 59391 25037 2694 12538 80974 69717 14831 19570 8029 79786 10121 10219 28664 99238 5714 8490 98511 18870 72476 69743 56970 80408 67410 28913 89823 30720 34362 13542 40260 12019 11125 507 59137 28660 11836 15069 97520 93011 51212 36720 93108 13875 26835 91077 17057 48813 53843 89873 40812 53845 93711 93414 11009 87688 30537 98292 41029 46584 8283 80521 42309 82129 80887 1367 15747 61342 53496 91953 54607 35061 81123 38488 57344 3518 5220 397 14438 55353 83199 82011 86247 47485 14339 71128 33310 15294 88245 63755 64500 60268 7089 93068 76196 97690 5583 1531 26017 
198
81391 37098 54816 80849 31497 59108 43667 20403 83682 96844 88901 96603 76644 87741 34505 40595 31407 67541 43676 87559 10358 17087 56693 25039 47460 87499 36612 13074 82402 86959 44469 69434 33533 35063 8773 53275 51212 9309 94972 98168 77252 23287 81896 65649 73058 58314 55513 53922 965 43460 846 66376 51901 32572 74226 55776 96676 62159 33184 59167 83105 55245 56517 50345 15423 11651 42375 76204 39032 80140 94611 35837 28656 83747 30416 76874 1450 98486 17447 48394 87875 37643 153 38835 19703 85387 76222 67768 55779 50747 68278 20135 63179 12779 6274 83558 96267 42578 73960 84346 86406 6003 23133 30470 61250 13365 1426 83073 31653 23124 47610 3619 71236 81102 76151 74828 14464 27865 71770 88392 65852 19718 51464 97009 15625 30351 3022 19678 55885 3379 6886 11827 69041 86607 22968 41965 26589 95808 32676 88902 73456 63421 82670 9031 32945 70746 38718 82736 82230 77957 18061 27151 48873 26803 16769 44017 44253 64242 99607 51846 41355 99043 51485 35979 7151 60138 84741 90633 60281 42561 52971 94880 1378 46486 68094 94454 36284 24372 31098 23826 56975 14028 62676 13594 22352 33574 42297 94797 24697 60087 41172 56895 98714 62972 20455 37423 76916 36579 
288
12850 28590 4366 25888 25611 25860 67255 86655 64136 14340 18898 83084 501 52598 43191 79288 41426 88790 57479 50770 42428 33966 59006 85299 15664 83373 91382 19481 81145 13615 56667 19494 55087 85047 35461 78723 54487 92389 87768 69312 81352 50863 74838 77684 6952 98356 81139 92317 74953 89355 95739 86257 7659 79108 89702 14774 19482 65059 95855 92084 71480 25251 23862 40127 18316 61467 35689 94296 39065 44154 18580 33011 75436 8133 29592 25371 13719 18379 68023 39323 86612 49427 40111 15546 74413 56007 29756 44550 61424 82550 49368 18504 29464 82421 37087 13656 25111 99458 52381 85520 62483 17451 14380 93855 57471 20264 34930 78719 56388 17363 16276 11115 79139 19467 93459 53022 24847 88405 89495 64327 51908 61568 92632 80690 56354 57867 84814 56392 53337 51717 73906 52771 41103 46840 91821 79067 19933 39762 57205 9265 81176 4564 65103 43635 80323 41447 69808 33560 58820 42947 64905 98016 52725 88121 67413 8297 25326 39874 41002 36861 14494 620 32613 77748 86747 99824 97935 45053 44755 58234 62615 92211 40978 4422 63776 34362 18818 3154 5659 20824 60240 61057 92647 63850 26890 45500 35957 33360 55809 78974 11401 3868 74830 35379 62812 9517 14553 60400 61682 67674 88031 3762 5270 55331 84527 52752 56482 71073 58578 44084 43205 51652 2159 59273 70627 1104 76221 12018 14926 12165 36730 43792 29889 71714 16351 7342 53846 52844 15085 68769 88471 57570 5371 84453 36427 60775 4298 92318 54685 52673 45661 61202 2927 48268 44147 46884 30275 65006 20490 13488 31020 11708 84097 50096 7814 73925 90717 74425 77363 49273 23491 89999 58962 42755 76839 18420 81561 55308 20452 73795 74219 29306 96275 95462 3181 53869 95293 7626 35956 50518 42761 36309 20927 97369 82244 93367 32837 5856 
188
17637 29748 5318 92064 29192 44591 36804 1766 89903 96922 49229 83002 80868 31145 56741 87625 61416 97653 50948 5881 34710 59151 17675 25033 463 6748 98665 83067 65407 40423 12671 33249 16717 86127 13500 73913 13695 22383 37203 26034 95784 2409 92595 25308 63496 90313 53583 29607 58753 49758 66506 46489 78501 9939 22126 20741 8046 96755 36604 48820 23418 1169 18074 58126 24710 97522 80631 91095 68464 56814 23477 16631 9351 7160 13141 22709 4690 44571 6418 86526 98269 42791 32006 85796 80147 25272 11701 76899 73702 79836 26073 54812 73237 9709 39554 49034 77421 48741 95672 12451 56310 45601 50482 11523 76794 90702 48901 69182 41848 48744 74648 34972 41498 47436 65553 87633 73023 55913 26365 75043 12644 88339 14718 15089 50111 43382 74768 37873 2688 10896 32758 21210 60740 68551 41177 51613 14298 13183 26840 34146 61752 27773 84368 51546 99071 41786 76018 58132 21844 54254 29107 43046 30185 93068 83981 3924 3079 3441 32023 83537 6157 86969 92884 24399 81175 43543 22884 81853 14427 91570 37975 41510 10970 31888 81799 66199 30423 10299 74502 88271 2459 7049 65491 3078 77593 65366 99779 15511 
309
83892 71338 20534 57771 51266 42178 26453 26474 49969 36401 63897 16831 38911 14702 48207 44109 34111 55141 77126 31949 56175 92844 6655 20311 53025 33371 3970 15659 57921 55180 80545 22874 13866 24717 95288 33548 84147 54326 93220 81880 49616 43478 80675 90744 60398 80896 9521 82553 16711 68926 20121 97029 41832 16530 55502 61775 92158 78373 4252 78705 2651 14191 89772 41751 79634 96724 88525 23414 80199 54625 26549 2305 37950 1117 51816 50743 83233 18418 45598 85734 56036 34233 74068 55199 12676 14572 25849 24225 83966 44185 28679 46354 8211 59446 98142 21600 7143 43513 56285 49172 11736 58189 88867 69256 93621 98462 50532 85078 65157 16771 74530 83001 6386 22536 28503 63099 13856 22830 36600 21953 43725 71153 2735 75324 17480 86201 91342 16010 95072 4016 43893 56239 23163 1034 58287 70703 87548 61599 2409 33791 1549 40982 51232 77960 91153 14532 28291 70313 93425 54981 47621 96612 27541 87007 76932 15511 73408 96063 78907 13991 65093 8160 7201 91378 96927 7988 89106 25009 75827 59923 1241 85499 51780 59921 37501 34904 32579 11505 97085 88219 17836 64067 86801 35825 54720 94962 14851 50522 18769 67038 48487 18042 23632 49228 5586 2618 91595 15743 98902 79090 17924 25317 59894 2817 99012 22122 45354 49147 27916 7663 31691 96880 20713 81166 89914 79357 84010 89252 56066 82616 15364 72250 98790 55201 57869 71401 70652 34190 64420 78342 2555 41923 6872 64215 11598 52159 37813 20341 75513 31862 5592 5855 48453 11979 30198 5189 79018 92813 13661 82421 5720 40616 28451 80238 70453 12813 7123 23008 18961 20587 60532 40160 35312 44396 2786 35158 47361 21474 40024 45982 24693 49170 1149 81130 55823 32955 33462 65439 83809 59763 32921 28172 51425 67948 35949 24471 72024 52599 63435 83464 14855 18754 50583 92548 41969 71758 57502 12797 2305 73340 99951 99536 15134 57256 94996 79511 36512 96480 28482 
60
11024 48132 97863 31813 81899 31701 9152 66017 15090 83007 10695 80682 80991 38143 28480 68941 49667 49497 65584 20671 5516 19540 38253 15564 85149 18190 58987 56631 99017 69914 21461 25852 81586 99030 22849 49945 56011 16589 89436 90584 4830 26116 62004 39012 74752 26363 85289 88493 20719 69987 46633 85034 45733 53018 64211 98310 59758 6523 68764 12388 
177
74149 35266 79498 51726 79603 94812 26986 81272 82746 29671 13649 37332 63436 82150 88243 63593 90390 90214 40844 41068 20556 24409 57428 57995 86769 70569 98531 22412 88972 14002 83441 76269 26298 26293 63818 1759 36692 39509 94168 89101 49474 16218 65751 76690 98878 19756 89877 2778 30200 66320 98786 19807 82706 71447 67022 99196 64933 17337 12778 25965 52563 46958 69763 13169 33718 76475 19224 87633 50279 43509 52770 25655 8024 59699 47464 32934 89621 92925 43220 35868 47269 48499 22885 53909 9535 77311 92127 24498 85888 44360 16130 92261 20935 20530 28112 26136 47212 40248 821 16567 74238 44861 3804 53279 51472 10807 79105 97940 2051 95292 49291 16677 30596 81048 47490 89396 99547 82262 3416 63385 66779 71524 5561 7468 99573 375 30709 55624 38105 54630 36553 59517 37213 75189 67216 97547 78365 91562 72487 8251 16515 59721 62226 96021 33412 75641 14482 2686 21609 11376 8359 7763 32412 31087 49473 79463 50367 95759 83646 18913 12416 49078 21143 54440 14275 47712 74230 23688 2081 33615 91564 6332 86977 90018 72104 83064 6367 
8
86253 93863 57948 65852 74535 46856 14936 67417 
158
61734 66565 93460 24832 29021 90104 42363 10072 31670 9760 14501 59878 86513 93428 63108 18529 51316 31805 72141 30898 62658 57733 11146 42386 73233 41878 213 20354 85378 70837 25010 69142 87304 21587 71097 2590 89629 44361 30044 99133 21835 27208 69369 14728 52262 70658 56545 10695 83535 68730 40904 9688 28259 51889 62057 85343 95217 58181 90256 72862 36606 90366 16593 57955 73310 44424 5180 64672 8958 11875 97921 14359 42252 869 18902 41921 59689 86934 8297 51738 82901 27345 76811 28424 38338 12803 25098 79196 34371 49410 92831 47492 82407 69239 94660 47416 60758 6300 89557 46571 57549 92564 17173 78531 21086 94093 35727 60261 8895 10864 22061 17494 89556 85029 3466 4901 18252 20983 3803 36388 93187 58231 95681 94987 34526 34926 30024 39469 60788 35382 81772 46027 96997 72632 79833 79106 82851 41904 60934 63303 90855 92999 3906 44603 11048 67302 97892 58474 22329 84815 89030 32885 87045 25513 38360 63832 54210 6087 
52
87321 70495 61844 8640 56067 21121 37091 48102 1451 27704 23237 39859 1765 2511 87186 72876 88695 79581 35994 16632 77134 97221 59501 98221 20981 16923 61649 80637 63855 50457 26998 98600 58277 49223 94920 65481 50057 47886 46576 81316 51246 9040 11080 42518 32085 19633 22051 30878 51476 10581 89274 79893 
9
65083 39546 30128 80854 67831 75386 48316 74073 27133 
83
61334 38889 21550 46312 616 13830 18431 76352 28680 80190 1705 6733 57005 92259 19173 35218 73887 44131 86275 60543 35339 94385 32772 93264 81219 22490 81390 66653 90651 74776 71180 66908 20926 37569 49874 9438 96086 364 71337 6391 89813 71612 42356 18843 30109 88304 64474 93483 4916 96833 63188 6026 39439 84619 77914 11367 39228 44213 67245 8456 64048 83389 29174 5088 68865 49636 13364 73144 9690 12561 91831 17583 55410 57645 7961 74526 50725 15600 62214 3789 48264 91281 92645 
157
9589 94104 57778 53848 27215 84193 52810 8282 13639 13448 95092 92637 38315 70401 4595 91939 11390 56676 42455 71789 69310 47400 83860 59572 68710 62380 26790 73293 80002 91118 66437 78863 61391 9992 56481 1433 12906 82822 41312 49385 64572 15532 69494 19524 52092 86315 67208 66364 44873 91618 53572 41285 69210 65354 14476 91212 44255 85769 28121 86742 87022 64627 37172 81413 54830 77087 38141 14920 80812 88766 11226 39923 78965 34259 1307 88533 82587 27530 10719 28442 83320 605 49028 49839 68845 4368 76412 73081 55708 58875 1337 68808 88938 68721 14753 47661 10473 21904 58744 39132 28718 65337 78964 34990 2818 93293 40440 1911 43614 54145 13303 74124 22532 63561 6109 3439 1030 44901 76736 85619 79276 44193 39666 32693 41350 93231 70702 48235 98364 50162 36869 33928 29191 58379 56676 83165 67646 65605 79949 84908 95799 94093 59759 49782 28537 62951 79101 41819 32080 74867 70642 85149 23356 47479 74019 57923 74421 
260
89516 71219 34836 20330 38950 47688 31365 81330 50353 8212 33160 45558 68199 81067 57263 91688 47373 31196 77215 37268 31154 25708 89077 73688 62437 54670 10541 55621 7750 98275 33132 84996 37619 95670 53810 51493 84752 13119 19530 40346 44767 72307 25294 66898 47869 94057 27615 4720 14036 28547 58250 98545 42265 18797 50528 2444 43227 47657 37614 26748 57517 31452 95668 31116 82248 9129 94149 57700 5836 56587 21722 65581 50031 18512 7648 13237 48529 77115 98320 65375 61897 16191 94803 98358 44361 12732 91422 42763 64594 77819 12754 34401 41052 20964 29017 41043 14350 35771 12551 68902 6502 88424 25892 70868 24949 9810 17079 13190 30314 69408 66719 27926 69919 33074 90947 34680 10016 6429 95607 35721 54362 32969 59251 70524 55493 38332 17074 52791 96955 74967 53 12562 45585 19785 53653 20284 89951 65092 18960 83717 5807 65070 89103 52390 65126 9081 88984 9172 67070 43964 6142 36733 71028 78498 82728 53468 31957 413 84796 7419 84359 63201 16278 17123 61812 80548 45713 96619 71691 43866 39010 34796 69246 64000 54148 91121 5579 44662 35095 34595 91102 12189 56245 67979 68453 73718 40705 33091 92214 28818 54081 20498 89414 96887 59020 46382 3878 17130 57285 46072 42456 39125 94895 83633 71295 67724 22715 72693 30285 25616 7823 63830 25684 82128 47658 51761 74423 45179 39083 83790 68790 8997 86781 25773 27625 63428 46385 44641 9896 71464 16915 27593 98053 16068 60180 84302 98408 60352 65424 81040 85433 66131 25682 39442 6100 60996 54235 8424 69302 12526 14556 82202 39145 64575 52025 69268 24180 34110 29150 97173 
12
49763 99645 73304 29780 34318 60353 85577 60835 89340 65105 12587 82875 
119
52414 21622 75213 70919 47811 66765 67408 15576 18431 47937 58899 7192 71881 94265 51915 89117 34386 48525 46747 75100 53642 35530 88978 68922 88324 54828 49143 85169 82833 3901 2564 64932 49762 90077 79805 91561 83692 23400 24816 36075 68959 79252 3749 59641 19886 97546 35533 37716 91944 95972 48215 81575 30111 23486 99687 73476 19971 23153 33984 5510 57336 8257 70791 54963 35655 98114 57414 82778 66155 70792 57346 8973 48729 74059 98703 95496 94818 17410 77590 91512 33258 72552 69459 54802 9940 4976 94305 83315 9121 33578 83327 44872 86793 89980 18637 51117 55044 15365 11785 62846 83208 44995 193 82876 402 53208 51675 37005 16024 55575 60888 71828 50006 36895 14433 27902 80835 56301 34776 
302
1723 83665 27101 52252 62748 22816 33349 28341 52710 13088 33778 58089 74068 49574 48059 84440 87328 20625 97501 83663 14132 63166 58812 752 30595 10681 90664 64416 42354 57205 34661 53861 32617 46471 3341 44193 65648 59894 40300 16541 79493 88640 76423 51531 41404 98130 49479 72438 31422 53766 87874 72764 91634 52234 77773 15576 59814 50704 31177 36990 63697 53246 81522 77607 42598 63913 51860 81438 79063 20817 7486 69447 33534 96177 40815 17104 64175 33254 1599 19301 58633 68723 78599 29924 36843 76678 26838 66657 76535 35950 49623 10108 17511 30756 28885 33266 47522 64124 27367 32380 79519 39265 69876 55639 25894 87631 84717 40422 24755 32316 77053 45975 38494 22066 9938 6188 30881 80754 43592 55353 74249 48098 94833 55148 23160 51432 82507 5553 64535 87672 7064 89122 85237 60578 72800 69234 86307 44612 13096 77356 75198 67215 47593 98419 7197 50121 78124 88493 30901 9091 47380 79127 82254 19328 16758 92219 47258 41052 50656 64387 33018 40057 88212 70193 98078 62657 78827 46046 27941 53864 9561 79514 23351 4338 24656 65991 9044 25663 75380 17050 2418 16004 2579 97048 73141 72116 68006 35076 63238 10346 83524 40918 79467 76683 8018 45259 52555 28974 25851 77862 59434 55405 42215 77418 92669 2285 76344 38231 85963 63958 90464 5109 79932 98168 27854 59086 50137 42827 85963 83278 35739 80530 79472 46953 30686 16217 89740 55175 29308 29499 22938 44157 90570 37290 30292 9898 18350 89031 38595 87514 99641 50363 86934 7482 43061 8134 42000 7959 87266 14885 67859 42994 38889 57253 42667 62074 77078 16655 98258 20792 56444 42440 70709 1142 68495 2527 89316 64898 32811 5704 6502 55051 22643 13424 72230 38778 43095 10593 32152 59959 41149 3986 75365 6047 76443 59267 81033 53663 80522 59261 28781 1732 13290 64446 7092 58689 70504 38740 22317 10616 27042 13531 
112
27460 97532 77746 40161 99475 67687 77585 8886 27693 56305 52185 95487 78138 26874 94318 68234 14571 14056 12037 19268 58609 67251 9914 77652 70129 64909 45522 73379 5709 28315 91485 88281 47173 40899 49615 21832 88223 54494 82766 75122 24759 67885 154 19255 9428 12222 79003 51811 57610 94919 79325 93678 8621 33034 1908 42759 60522 85681 72614 58181 64447 79101 30506 34621 55261 32145 99372 49080 73374 64530 16635 33341 47228 9480 90631 83730 54281 46156 1328 13606 33369 50993 6953 25829 76488 27821 66606 25520 22628 58385 27724 92214 89833 86731 57715 65202 7423 92679 64427 67248 11653 26244 60683 19932 7886 79454 57271 97657 27203 85735 9835 10446 
245
49253 73135 68417 94370 72847 96309 3103 66496 21901 66131 98331 60851 19202 73165 61777 88988 43076 51048 9506 13760 63775 58193 54243 56858 6467 9281 53778 72361 33472 85902 87051 22304 20839 88960 95541 23285 81181 79344 97928 4426 78942 6178 55119 4351 84258 27891 81076 66217 35494 97266 2818 78493 68067 77492 51605 72213 77179 9498 17536 14635 48155 53320 6104 47695 52508 29561 88535 17281 40009 75872 47607 81908 12610 60507 3631 25590 80617 66334 803 72256 97327 47409 66106 75442 47375 78122 87435 31122 95032 46121 49750 7770 20547 89983 45956 89146 2757 84579 31699 26137 16583 41699 39911 28667 20595 7253 32707 33075 68396 70777 60087 19809 80054 96406 71829 59875 14979 34729 49201 31583 33786 24517 29041 38341 26628 92727 48321 93268 908 3230 23633 67071 59154 62078 75022 67694 9751 55060 66444 99778 24104 76651 13013 53249 13793 34011 23238 51894 55503 93014 66325 77773 89706 52481 57244 11108 67003 98837 95206 56824 35221 2666 9813 33518 6811 49555 81018 86982 38895 34503 94392 48440 99246 20286 79826 28668 19349 47086 2899 44421 80396 87697 49594 74254 26004 11522 4021 52047 62716 23836 55084 80667 62670 87167 95058 96321 80834 43970 81169 78814 32729 23300 18897 48942 71398 85183 54019 55072 63605 92526 85326 39977 80697 40848 60167 79633 21157 72814 44840 44618 10316 73348 68891 43017 4508 43221 4234 21429 69608 4519 77599 54938 45313 24304 84690 72052 46140 96237 76087 39514 18737 4042 40388 7412 22313 
119
39787 96283 14808 49083 96485 14193 16409 49503 84828 8265 5810 3843 41364 80822 44385 88073 40914 51635 34482 86567 99618 58672 13281 83208 73823 20256 97516 30289 35899 88349 44066 98013 70761 52708 77401 3142 65593 87290 53065 92882 23901 3203 81882 56613 66836 20063 73644 95583 42933 5456 50089 38772 91136 88190 8478 51979 62888 6923 49694 89866 79245 48073 50804 75233 90397 72484 92893 28897 93744 47254 67196 66167 75770 4991 67662 92156 86499 58097 8623 30591 29356 88448 67566 71544 61468 24682 36690 30256 84806 8106 57870 63954 54509 36377 9795 78738 14867 86844 94184 7148 39170 54791 28343 97079 41365 70798 73709 53812 86822 15160 56861 40302 7120 89440 8372 95074 18615 2820 95535 
42
49807 9554 14934 66234 38411 62688 72311 93180 40640 2484 47403 850 3337 53066 28509 6259 51337 38325 31552 22776 49141 39307 25135 67017 48309 97456 22631 26186 28968 51721 34229 67221 76842 28587 74022 77918 79152 31815 42485 53825 23217 52337 
124
6894 91488 35208 11112 93168 69172 6767 96440 18648 97340 32776 305 70931 88923 64306 86932 3853 71535 10056 67418 22671 13536 33170 58430 57028 27604 25832 75451 57838 33991 83837 74490 35613 51539 21813 85951 15103 14353 66782 217 62327 97348 13758 35069 82715 36063 26126 58548 67717 62889 60936 76334 11937 11686 52447 23712 45060 18766 94685 3320 65573 13541 30511 68104 63321 51219 19750 60638 47456 73371 84519 35292 64788 96707 62110 40415 72871 16631 40633 37201 28561 41715 7236 30532 90212 74460 53064 11864 94292 65690 72957 56445 66840 59330 31873 57277 91524 46113 47946 75392 1421 19485 1030 16171 35317 23849 10107 59857 23245 67031 23578 59427 91319 72358 8157 17872 98388 75597 3664 2218 57991 87754 16886 8191 
249
98114 68439 14468 83544 33897 63075 18714 90400 9999 54162 59906 33903 41537 57312 17421 91984 78603 21893 6754 1383 66757 692 43364 12500 27526 26949 10941 87100 50824 70862 41223 67447 37259 22545 72775 23261 14743 91370 87288 26021 37376 83060 3882 94857 11732 32262 6401 41254 38284 85399 4430 61994 59880 7960 52088 77555 86369 10315 40785 96354 58560 3111 42090 34224 66924 14681 28136 22766 17466 93140 12787 17860 15182 46373 63375 70966 49035 13356 54683 10521 34388 61354 37087 85690 3659 98435 20350 53603 97239 4057 27380 16880 83922 40825 9609 84769 6685 82707 63991 18676 28938 80802 6294 74216 98786 10248 29534 15354 92483 12897 25338 11667 96798 47192 51692 44557 56988 15654 89292 54626 32995 92813 12389 40534 33159 96854 84003 92414 80780 77535 73679 98342 86986 53346 89642 63530 63488 84920 65359 1381 79056 304 68688 46129 69690 3770 29007 63791 95814 30493 10540 32402 49789 21769 17879 82994 15081 4890 9043 37543 53915 20741 18368 85565 80488 89989 45168 92747 67875 84087 20149 56497 62821 1527 56213 31066 81791 87313 40923 72795 88392 33701 74603 22479 69198 82300 41864 88723 27352 69968 57490 74845 70413 71735 90663 57842 74780 122 73214 40444 72978 72394 47927 2925 22068 29038 64076 98988 61757 8658 89764 48723 917 27219 65505 70555 98467 79872 93923 68896 84915 3518 28053 59752 29897 33197 57858 17573 20882 30019 62696 64455 43214 25818 65128 64973 29915 79804 54761 52182 44228 29648 28611 39762 19909 54374 52709 63852 34417 
202
2161 67504 85039 12437 29947 44110 83972 59727 86514 81114 7363 61183 13259 93759 52724 31260 72958 13918 58491 33797 16047 13862 3962 4661 6283 88424 53909 64214 55586 51256 13138 83212 45812 99115 9298 11159 27338 56248 2650 27197 28710 59217 45595 85332 14550 65217 71417 99098 4980 38444 87552 7757 589 68519 97915 51219 74246 77224 31322 53212 17108 10144 23759 16130 48475 45178 35878 27529 24283 75246 36541 72086 53799 11637 49513 50824 32481 90789 67111 32132 46041 95109 86737 45085 14583 91173 2668 77267 12554 38353 6635 52227 99601 50293 19 90644 6738 4597 33762 8495 1358 76529 82632 56792 59843 76356 30920 58831 70808 30756 66706 40643 92086 66313 41735 72353 75426 62396 87491 98508 73756 71769 11457 8111 10448 69259 34185 62886 75117 13861 80699 41813 10266 46280 38798 52124 10673 86346 44168 89948 33579 53261 17088 48562 73292 27445 98126 88523 87132 75894 29547 48744 60733 6650 59869 2647 67010 36026 14878 89952 14325 17285 47495 57525 86939 40185 5605 96479 22912 2184 36609 18808 19825 82465 87604 5357 5718 54608 94504 32400 67184 68452 39574 41352 54454 72150 47894 69640 62029 2393 37813 75234 92707 9775 95797 32758 96351 20423 44134 34265 92935 3798 
125
90402 6601 9740 12490 10870 38444 60610 1840 69314 96131 86589 92092 37360 4113 6732 39550 54922 47461 69904 80540 51139 49637 23551 48275 94873 23971 195 79426 3051 57996 61718 86006 80912 50067 48196 13076 88349 84396 79750 96790 2624 75492 1197 82194 56511 68617 95829 2175 22033 4817 50055 37820 68281 49987 22158 27660 46056 16403 83873 94476 37451 78359 35489 91305 72604 79656 64443 31962 67001 761 58555 47016 45084 44821 53000 43319 32205 5195 38185 5055 45751 12409 4150 69247 90258 16186 17053 90116 42790 71519 38408 8610 29000 1073 88685 38710 24203 80095 5190 22942 3656 45713 84465 44674 33544 46066 8875 109 90728 92376 23341 37696 48280 24004 37867 4082 94990 62339 55385 85665 32443 41782 77829 43584 22817 
275
74617 70197 54158 28554 80265 14190 28149 65443 43698 70452 21513 30552 50998 73812 31572 79984 78516 30817 15183 97985 14015 63354 51837 31943 54810 56951 87960 22330 89593 8203 84169 54774 3367 30128 81190 54927 90026 44793 88147 39969 43127 88399 4421 44634 35205 82088 18091 93828 97568 5370 39196 80739 52483 2379 909 36000 5557 95858 64927 58256 10744 35642 54745 51323 50051 9848 10864 92612 15941 13203 15794 99504 32946 79176 32988 38821 49007 7410 75226 4940 45998 40448 1063 69662 20844 78199 2005 43929 2312 53546 28218 2154 81521 74179 5420 32341 80580 31935 9479 23 5665 82820 52920 90615 42767 31580 91897 69251 24923 47737 70918 90542 87853 27243 15200 75466 52436 26267 41744 363 68676 78371 62861 40952 56242 57887 85357 52755 36914 56634 50505 1425 37025 10355 90902 9297 11473 23771 29821 44728 87630 98170 83143 64008 35579 31783 50857 2334 34717 47355 8608 9821 54191 52700 84735 66661 22536 17012 13083 52460 22139 16188 83389 68125 60306 76070 11725 14244 76681 79330 78185 84299 71186 51565 65515 21550 52856 53283 65628 44116 4220 17167 39826 27271 13963 75998 53067 18802 35353 40646 17781 67918 55036 7733 72108 78853 7980 65801 63249 59496 58447 11122 58742 43511 3116 13883 56472 48988 29372 28392 53989 71554 99108 42937 97924 22942 61573 24353 59083 46832 25297 63927 35888 85061 65091 80138 98060 83982 85591 95149 52398 3909 69006 36475 13063 11575 85137 30243 75813 20752 45912 62508 85916 48188 29252 23213 34052 67511 66567 83885 30770 55418 96204 82904 33776 42671 25820 92069 43016 92799 96355 91856 48364 3117 70170 87473 19018 39272 56404 90753 80253 83649 64136 40532 93959 
254
24856 60924 31927 44009 88984 52738 48484 92550 64630 26393 91145 58005 26641 22382 97826 76300 91629 81086 52439 41283 50637 78596 91183 47174 2802 15169 69805 62878 59895 45513 38121 53378 8258 90309 65501 95972 67557 43095 58594 98197 77352 86736 3107 32122 34759 5035 87912 77953 8199 38671 70355 95597 43024 25938 56717 589 16521 15467 37936 32719 44118 1694 56055 82875 63155 1442 44374 36983 14291 69390 77537 73024 40067 76570 30078 81691 23499 35409 50237 35157 62237 14290 98375 30848 53896 93222 29557 60442 95266 19922 18959 98878 9864 3959 5314 26044 35220 52174 27034 56524 97102 65334 59516 91399 89749 53930 45626 20057 7429 83838 27656 29924 57142 84727 84784 3128 55583 57067 2910 26931 85447 32050 42037 12743 46666 62054 7376 16967 77457 77341 34119 3681 74264 8909 90896 86372 44613 6407 23673 29310 93942 35346 53330 63254 46318 48458 80982 68999 82516 19164 9834 40924 47611 58792 60320 76720 73799 62284 33596 50887 95773 76435 75437 38512 19709 35494 41906 85407 88550 25333 96373 69584 89868 88087 88400 22385 54020 76202 91541 21843 40234 80533 52410 28843 20777 89613 21484 63695 84106 79442 4691 80727 50714 6414 98761 25992 27609 58606 50017 3411 2526 1853 61439 98546 46000 1529 76221 20664 82914 81564 22559 48610 31449 20456 41179 41638 16621 96854 99307 15 31403 30762 60245 66364 6971 10792 90249 17583 54554 89496 49746 74562 10019 96591 47524 42408 38844 38613 89770 88828 32132 14880 51812 24331 87123 72515 74864 80174 42562 8757 92041 85988 80210 19004 
36
21197 84614 68984 27668 6156 24129 23764 73066 1806 65405 7283 31335 65568 35138 80265 66025 53963 58106 11839 39763 88806 87839 8818 46959 39441 34367 95910 31474 57439 5387 20026 893 55088 60439 30067 56650 
46
11756 6064 88396 65605 53275 60634 86046 95770 11690 24472 62790 51356 48594 73332 68627 42741 99374 18448 5905 16695 36225 95150 11267 32862 80974 26625 17345 68389 19586 11866 62564 2327 29622 98327 50208 30649 37123 70784 47894 35805 92674 54703 18468 93534 25511 38694 
28
1835 15370 41738 34054 23538 63126 67747 94637 35715 2496 6280 73304 77754 83719 26711 40248 38808 96575 11664 68818 79361 99342 10397 15164 42288 33591 59013 92921 
162
45364 27761 12510 7764 90366 48423 64469 29247 93928 85532 55839 1351 52310 36967 21519 95046 29542 74321 18127 77267 53130 36274 6087 53908 46069 6983 26393 18920 30546 6254 95149 12387 96733 24346 10381 23768 40078 68009 7830 1867 42566 84981 47649 87827 31805 94464 53287 12729 29437 69909 86848 40104 98752 77798 18798 11387 11302 16165 15909 53334 1310 58563 37776 28345 44461 2358 65594 17453 80815 70418 80406 22513 75022 4524 22704 35285 86367 27525 38668 28743 19981 45088 6193 40064 66176 65761 18418 74014 52206 73695 1353 36203 87434 91657 72328 43045 52324 44625 39007 81190 25274 34529 67825 90622 13432 10957 92554 9540 99395 9892 80024 24514 65846 46595 94443 45745 77381 40560 78806 28373 93252 72610 96018 46420 42401 50245 14403 97385 53312 21022 59447 17455 59101 64107 11490 12815 39895 73113 3848 87564 31545 62900 72047 38769 12603 83607 11920 72988 40762 48497 17483 64088 86486 28851 62494 36277 90704 9702 18096 75009 73922 30860 
274
19838 25450 53165 74219 5274 24241 95963 3527 35419 839 89643 64462 28376 65802 64511 18093 56573 48306 62426 89833 41942 60797 43607 98360 89764 90053 8029 48268 71506 23257 16007 82075 30827 72012 37564 54013 81733 60120 21491 76793 47411 93501 92955 30495 20472 5526 65265 75741 99536 53090 89286 14116 36881 795 73339 60184 64197 41190 39796 41527 40821 98673 12189 48392 42474 42708 11143 98858 86514 65194 34836 44889 20130 21929 81988 49945 61614 22415 77839 43574 62310 6460 51176 72275 69478 32530 51083 42926 46770 72806 40266 79507 4641 89348 62866 7483 75937 89012 48596 39618 78679 72030 57412 68831 82184 31464 66133 73222 89154 7611 35806 94112 82930 37454 22486 47226 22273 38921 40579 70823 75822 59636 62852 85117 291 40890 8458 45941 12498 94429 16467 90825 34527 2057 35650 44469 83689 72860 82683 33693 37762 52560 42757 45649 85143 74481 77662 15715 76176 9699 55806 98767 67314 67196 45092 72693 2035 38423 31024 5232 38175 25021 8231 69508 29647 3893 45763 99502 61677 56370 20492 64188 30212 43157 62961 84621 28455 8347 58630 5652 73319 42548 50045 70496 78684 97949 75213 58862 37896 37776 48437 99462 43825 24258 52878 23371 36185 65166 22021 8771 47604 1721 38627 68841 17568 68632 97396 80428 18665 53355 64174 93109 94272 49492 76348 34665 37612 9623 84515 33737 4395 14530 22821 70673 78306 86525 51243 4932 87440 85753 64600 15723 10482 4608 53548 28905 84998 77357 45812 68870 88863 53952 92087 37069 56805 83444 77858 62714 83760 95594 26843 79653 18913 46312 68603 31126 83557 39741 64536 44644 36579 84697 99120 92685 30862 6850 9864 32277 62444 7390 22374 77919 95598 79825 
132
66243 9637 22958 36529 44548 1590 22789 18556 76263 63750 37811 16582 5067 51224 6367 38534 20952 83119 28015 49448 86267 93162 70597 43622 89008 23463 11393 59253 5569 17198 6500 56882 58575 80381 60778 52899 56203 10305 30321 21046 4048 63303 66263 93198 942 40010 70039 33950 49772 76555 63950 81301 30807 98351 95348 95184 92562 88597 75720 43793 65449 21202 83334 99380 80143 40809 83366 3522 63273 75296 85999 60413 51029 98488 36605 92436 55064 11415 66168 76906 64231 33570 9359 12397 4153 67077 73401 45304 69291 67877 45288 9587 20395 55823 98697 72152 51349 25712 49251 56060 13270 82950 95341 92282 77782 4247 40060 62585 9148 23294 30862 14080 49984 120 85784 43107 26675 12919 78066 67000 32210 68537 28551 62637 49406 54711 27923 74009 24835 44392 18360 41293 
205
54660 73300 43105 66745 7610 46714 27909 19671 44934 66966 1855 69938 42566 28443 61628 32734 91632 36166 13450 72133 2129 92878 13667 39205 56079 79466 89583 34600 49007 3441 79580 845 56043 35230 47781 77647 45023 93468 81437 41417 45092 73200 62019 11825 66721 66031 83467 33402 4323 67022 79936 15785 16986 96110 89918 17215 78326 32218 66482 23934 50892 5458 12884 48928 60067 59971 14772 84934 78418 78294 80285 38674 22203 23243 40755 42018 29314 27172 54362 39766 50040 39159 22079 98311 57070 60901 3532 76717 15704 1385 69309 49312 8498 22243 95230 97869 80532 80795 44901 63916 25411 36791 99051 36072 71416 43055 81041 11007 17305 67998 76419 21025 65238 95018 33816 30140 82075 48999 91727 2975 11140 81366 17534 88511 97652 85005 26929 29023 55506 49812 92232 89945 47098 81484 73335 57137 17798 12253 85551 4138 50017 93547 61845 48205 78373 3108 84065 35977 89430 67424 87311 5597 95236 29292 95935 35597 58015 11442 11108 74290 43799 14992 52598 11911 61098 96508 68001 31817 17557 30518 76912 77650 9046 83781 44207 6575 7827 94832 16153 20441 78505 97582 41113 52157 8042 23785 28799 95254 79702 11452 63612 35452 80643 77112 89448 51054 37616 33784 7511 48228 46108 28840 12620 81904 7029 
295
59312 64541 92304 62310 71214 80459 74926 62829 46706 89419 96807 89803 76091 11596 56288 42511 62922 51596 16918 5120 74321 97195 53259 89855 35830 46353 80997 29436 44677 54980 79784 44937 14835 65102 92805 37113 22152 40770 52864 24719 23064 42925 88278 49359 72871 64834 12394 77714 85476 24395 77596 21709 11847 65294 4763 91611 27071 68401 11238 59299 68828 44807 1415 10419 1056 98893 26526 14348 38226 95923 87306 45180 43111 72097 76626 4835 94577 56317 9253 62729 66011 70405 71606 58976 59392 82531 42710 21935 60062 48861 20991 54535 68734 57690 11381 47585 3552 60166 6012 4400 39170 46925 79846 71566 38927 98807 58364 80759 48776 40014 86166 96096 90333 18889 59466 10743 89157 99871 97948 6621 7270 67276 58131 3765 7955 22334 84721 6810 29896 67432 41408 79135 24198 74605 32246 48378 59705 41850 80276 22628 39433 78543 56473 32998 54651 53137 14337 62247 98837 30854 52031 79682 57690 19799 3770 19285 4461 50248 32025 78781 92657 35247 70886 3389 92159 83271 86760 27359 67430 69575 78689 42805 26417 88374 54214 29878 61479 21730 78352 14617 52109 94437 25118 79267 25227 70532 10388 23889 57035 88994 17311 18498 18616 89050 2606 28527 39776 59419 18078 51809 64690 68328 62454 70241 63918 83138 11869 54234 68270 36954 22587 21545 44415 74483 13482 51048 48015 157 15684 84924 85506 3159 70018 72334 7074 34907 96821 79998 37248 24750 32625 95478 28406 47158 44156 96843 23952 78587 82997 86230 24059 43633 33253 6983 8194 65394 16870 87932 85492 41286 39195 65053 5811 23135 78330 34326 30831 78907 57668 88071 1874 30913 50937 23790 7923 15106 67432 82813 21469 7766 73411 3310 34872 6435 77058 96384 27603 11499 17516 80822 39007 45237 8962 76298 23055 70126 98147 59771 50893 28966 30194 98618 25886 29040 59911 
136
26482 422 66197 66237 11392 91324 12442 91947 891 20232 93206 30008 17788 79011 77231 17457 51364 25797 42389 272 16503 54357 43834 79965 59622 60566 3492 82336 99859 84607 52003 63797 85591 27816 3952 65154 91809 78319 71825 52525 25842 3208 67794 58005 21787 80086 51346 43689 74125 38999 63780 17591 81250 52165 55343 93625 76085 80387 2527 83939 41940 30049 60988 26673 30152 57789 41220 71651 2699 35944 45079 81957 20084 59542 47696 79279 94394 16475 40815 57205 77896 26389 88081 8947 50093 17908 28419 61709 46991 77967 41888 18906 39757 36479 49712 64555 70487 41541 28886 60550 11250 10046 79615 94010 35850 80669 21107 4620 9465 77386 98415 43956 41133 11476 90036 97465 43920 21825 90774 51302 12380 70425 20597 65014 84060 30311 32758 98398 82646 12420 21198 98115 60754 44561 18986 21640 
139
10758 93289 39481 6973 63036 27575 620 90268 32780 62497 34752 64909 39440 7995 99129 31850 85042 19988 34891 8133 37127 11109 88326 32652 82236 53336 28891 28356 48111 3145 41956 36331 19640 53206 47184 3609 59014 4814 97994 56755 85756 38402 4747 21102 71454 97249 15110 15737 68814 12254 21926 90427 22308 34119 52844 43405 97496 66531 85098 57178 72412 91213 72616 54718 61710 72382 5147 72152 47587 62714 61106 18977 66758 87853 12007 61835 39426 75377 62263 5690 23962 28396 43534 20168 65027 78658 70607 79346 59265 17368 56820 76779 98000 65209 82568 24339 69103 33562 31635 41461 57176 33930 51799 37365 34474 31236 16665 32249 10075 48714 1715 74368 8767 10572 73451 15047 30983 5295 95281 91030 22582 19303 69410 94610 15721 29289 37209 90249 17094 53218 73439 81828 5729 53792 21397 15990 60191 67238 71795 
48
36833 86412 36905 22661 67112 47246 13056 42638 74395 62930 14117 61304 70243 36994 67227 43692 20200 68248 86883 71969 5924 2263 10775 6109 78663 53853 90863 76435 38812 59865 66825 71905 74936 99930 52622 30881 36742 51123 6898 74537 16220 99287 59592 80540 18141 11513 26250 43942 
240
96353 30450 36058 98847 4460 71719 28294 9308 77632 17971 9754 86762 99006 25138 74967 14110 92149 22515 53742 70618 49029 33182 88473 53872 94115 30163 74302 99852 53706 62179 8675 61916 79916 67856 42119 53536 32219 43943 85724 81669 49803 82444 92522 8656 40069 87657 93977 73066 30229 52085 67394 37738 43723 79905 95219 62365 37409 506 57277 69707 19471 47601 8136 54723 12682 40339 20303 34175 55934 83076 51489 56386 22283 62364 82209 61877 3644 71153 60277 55916 71313 21888 38464 6549 91590 86882 35925 31885 29351 85599 49808 98600 65432 10613 22389 48979 40654 70944 96378 33054 58930 16235 76814 46349 24104 46879 89659 43824 89586 33979 90752 61778 43219 83597 77279 64797 27976 23258 7073 70749 61932 75943 57473 59027 72415 3006 3947 31894 65410 98485 20342 39017 19450 85931 3366 83081 79859 81700 74176 98701 47486 83832 40861 92635 90205 33179 79152 15448 47195 74985 64494 96238 40180 21013 95440 19580 41374 40746 12455 15198 7073 48964 9598 17892 66882 95929 99477 51819 88688 98162 41699 70592 50762 87787 83332 80885 9924 98935 91531 37650 47892 69497 26983 65847 46481 49502 53666 10382 58370 80250 70843 69198 80496 86758 59151 85933 19843 40645 29562 77513 35719 37846 61829 80392 90203 8197 74518 6989 21119 70892 77090 697 91483 57690 53975 83705 824 75881 91629 26244 53801 80703 39245 76227 23787 2904 10022 47444 87329 3237 72621 49013 87864 88688 40659 18946 32557 45281 80407 15645 
108
31967 54759 35711 41902 81985 77570 32056 88350 98239 80986 73890 90418 40526 1497 86408 44579 4894 7304 12873 53645 91004 19339 13023 64108 36887 64883 60002 18663 41771 75255 73184 7579 79953 79583 52039 92374 66366 61194 12052 17721 67730 71197 20144 90904 61522 89270 91794 99083 79659 37343 45693 99788 58454 13618 81177 90224 65306 31647 42843 8765 93361 19766 60809 72119 45316 65376 74613 40535 49088 47973 7819 91373 88023 2135 4930 67712 36939 30235 26773 91156 62294 20752 76572 39024 79148 73746 77482 53186 18001 20873 9452 77225 52669 43741 34464 10848 88467 50490 36446 16729 19918 32840 77714 9005 5803 60898 29273 52416 
260
69564 60906 6995 97551 95276 53349 70927 19733 30019 88734 7428 63843 38256 30478 22079 94344 57673 54025 45887 63770 26829 3641 53479 55051 96313 83136 28569 91354 57233 77810 2225 34896 48286 98979 76711 8626 34265 10221 79038 44337 92810 80631 82730 56695 90396 21138 24827 98246 7882 90925 36123 94194 85628 95689 59146 89312 81214 14374 19014 20525 57798 32234 26580 33778 11304 74032 24095 43411 82542 1768 4888 28122 52378 35327 20871 80159 17123 76429 82849 40200 51821 70632 41209 699 55901 87745 83994 68570 19279 52958 74557 62498 16118 58431 32997 74820 90694 22035 76228 10138 47056 34712 44483 82248 71588 10027 85586 58166 9085 78199 2292 6236 26023 15149 31346 13127 98514 44015 29786 54095 91930 69153 87099 76703 56950 9586 79250 39264 75538 42648 38149 7592 21177 55049 84023 43034 5115 12182 76691 96267 54169 37342 41341 91292 70904 68915 61656 67576 87390 22087 86207 83058 87109 78225 30096 44806 74756 59560 46867 7113 17083 79411 96001 3571 3708 94445 62298 67414 22789 69306 17478 16791 62923 39204 95881 91654 76819 72715 33803 1797 53499 65262 97110 90933 85802 66092 11898 76914 14864 50099 50655 68599 36495 54587 40329 87938 41798 88714 41090 13432 67942 19591 99389 71487 20038 1945 54629 81732 38763 95238 44230 88542 29786 38980 41809 44170 50931 45189 11372 87459 21122 20310 83336 19985 9872 38043 67358 12849 91005 83556 3454 74530 94416 76868 86764 296 81219 27187 67214 3979 93821 89261 52245 96060 98542 69599 68675 68750 69718 96024 99089 6976 26245 97972 49328 44442 32914 39787 21399 31453 
272
14592 52303 7488 22153 4461 71371 63988 33475 14592 3743 82464 51147 89792 7903 96170 20916 77336 12534 21015 42973 81635 72200 37714 37070 92751 59140 99937 466 61712 66601 12193 46458 97681 98495 40310 35722 95815 72018 45418 7838 6934 19821 80396 69573 88433 72300 6481 13409 71361 6175 15612 33683 19263 58758 86160 6759 66815 19251 47675 51361 58094 65458 37451 50921 96329 26806 92562 56903 10534 41959 65546 56296 12192 55374 64992 35196 54330 89501 15004 98920 19288 56028 64603 78425 78560 77211 23282 26538 77032 80365 21595 1547 47189 12142 62161 54589 76815 48323 25992 96551 79340 93767 90823 53995 41683 84214 19236 82400 69976 51173 38025 37501 44591 86901 82771 32470 79966 19942 5779 1688 65673 92119 48728 27583 54563 3225 21670 76363 88309 31053 78832 23039 52561 98037 45826 67516 52854 61139 42364 63697 85043 30990 24658 74091 20645 24495 49708 61985 58000 83410 52363 62751 19763 25081 43717 39251 91018 47446 44516 13622 35974 19550 89092 84325 39188 56951 22117 6384 7600 79161 36875 71801 2035 33477 29648 57495 36828 53213 93871 81456 3340 55496 28764 63309 96654 16931 31360 16330 42725 2675 68919 9633 81686 78443 94309 46817 15191 53000 48888 55461 32537 52824 89263 44477 38797 37586 48503 13883 38137 76412 97345 99372 25438 57380 73555 64634 62303 58824 41789 42222 68440 90366 3499 66773 53938 13114 12546 74227 53526 13811 42071 25406 80474 71919 15425 6390 66075 469 30455 87788 82002 9591 11826 62296 53475 86442 46536 32849 97149 60901 9027 66589 96644 25752 42376 88876 76966 6264 69231 43206 6475 94476 60659 15101 30116 72953 88607 17925 79793 79247 93344 22873 
267
82121 41254 44253 94861 76034 63726 90414 8981 88658 23529 14204 69727 1030 73210 84796 80486 99203 28768 7746 31199 74418 36584 20708 1160 42148 92700 23171 64668 75089 40426 3799 10401 43673 6150 37714 14058 95754 79040 38454 47043 21642 77970 58608 82488 84416 46382 75706 86946 11346 9017 2791 45671 78054 9704 2155 78763 86803 2303 31297 61067 19764 75843 30766 15068 71377 69481 55575 27779 18089 52346 86314 8167 86640 19641 85669 38699 86005 41479 9184 60197 17372 49859 4673 78354 53053 32049 282 57468 49657 67839 22226 51664 10337 55131 55056 26296 54008 55450 12714 28726 49368 15134 79202 82655 83272 51856 67167 98674 60073 80260 52651 89795 25404 83001 51194 9343 14997 49122 17773 69396 70368 15213 26404 94618 1941 47539 59562 48439 20569 40560 34288 15012 24285 63137 72756 22600 69624 35394 13210 39349 71246 16020 59892 80343 75341 47070 83975 34465 40623 15107 89316 27955 69783 6345 95203 10383 86508 17456 13470 94396 72030 51675 72669 60259 60329 12662 87150 283 10604 17149 15888 51137 9536 25054 77287 84279 14431 30068 11216 30267 57440 72202 43041 55276 38778 9863 87506 60236 80979 2935 52894 11794 28519 3040 72862 22207 55777 50156 8402 18272 49342 67813 18470 86518 56161 28650 90648 90861 40230 42936 59761 48290 95436 23844 79325 5220 60989 99969 71951 26122 34119 72959 73874 5639 22067 91929 80822 16204 39017 16746 90411 81862 54013 79504 67141 88240 57503 54840 79844 50360 82222 32140 67831 75970 25183 1387 2914 68614 69176 4361 35477 53824 67260 14258 40197 60528 82846 80929 28549 28905 82832 71007 58166 54370 27684 47223 11919 
96
82037 50947 67179 96666 1044 5646 87829 71899 16494 88535 42058 41274 20795 57122 41979 10901 74582 57225 23079 52351 82894 41780 14254 81926 2256 87346 61580 68431 91978 40132 41341 94735 76611 93916 77782 87262 72515 90487 39416 33509 16099 4609 98270 29759 23138 29445 74075 12099 90944 10394 72063 74488 55437 6279 41626 88653 59027 64211 7533 54124 8358 75146 23183 28313 6980 63637 17568 5252 6040 85677 98202 53596 95152 62093 37846 70384 79439 82089 65108 53583 24274 34777 94042 22906 71203 65817 35469 95818 69860 58076 64465 50256 50675 50197 84640 1090 
251
30416 72179 11680 65414 35933 10634 47616 48781 94710 51246 97354 82729 90776 84679 84205 736 2259 90384 72679 21087 53517 7150 44043 27457 44866 83864 84613 70040 45353 83410 64554 8976 70715 23255 14039 27173 79086 28745 5303 94781 9249 66419 55986 90561 21746 71389 11700 49955 53704 37769 78384 97182 33610 22668 7533 10269 69502 78180 20633 25005 34873 61697 97097 56576 55606 69895 83241 65678 24481 66884 4814 8048 18888 9637 5360 64788 13177 62330 849 26324 53076 48400 47747 16563 98302 69893 25109 73721 95629 16163 89643 31407 3316 21775 12885 57679 66715 18064 58164 1038 23959 61557 46558 47093 33775 90975 37047 44620 32737 83092 16479 83995 89821 47805 51567 66409 36366 14987 95446 34091 62976 89001 20261 22446 2123 64542 74771 49689 28806 54682 87946 71450 93991 94254 61122 2149 27482 38051 74678 21886 36808 3456 34470 67722 99472 7959 6245 1574 49272 23407 65766 25984 66978 76153 70360 33958 65860 27328 83173 18869 33127 32030 33265 7646 872 74395 70967 84114 41453 76745 31999 69798 74256 37096 73251 36255 53473 85357 10155 3498 45705 51510 73417 65012 97630 97756 53489 84823 89013 6191 94715 12958 99514 62658 65981 4107 36480 5307 2933 12420 37323 90594 48026 60423 39253 53366 41397 66497 3526 53390 52092 68661 67629 89326 28145 5025 33942 77302 70672 1698 29597 5155 35034 20557 56083 42762 61470 79227 7383 15406 56150 67276 6015 89612 82022 46060 65361 87590 84537 18674 60860 59739 63917 12758 41842 15183 45410 62611 55633 39263 81701 
306
15475 62383 69701 17893 43814 75340 14786 1076 98839 96098 58351 82949 70653 98881 87685 3357 16234 5819 43559 12033 82770 63655 43137 56154 18125 20487 73880 96273 13055 98920 83436 80744 92351 41166 65180 6923 12571 46720 90364 87547 82925 18685 47187 27459 33674 83268 13932 33717 62543 43628 35063 85595 27803 65940 21533 45769 46467 19055 9591 6251 80853 51046 11249 47898 74823 97993 77473 90348 56230 77947 7102 25597 51596 61870 67695 53402 97174 37175 68257 92636 99658 33984 39748 54026 79559 48626 48534 26136 47421 41144 57730 75872 575 29682 3747 34391 51112 27181 98588 72033 989 59281 18165 66348 8611 15507 85871 67782 98431 93181 18566 40746 26070 49721 73972 93927 97170 36012 18193 88276 89935 31078 76445 71069 40471 11738 18859 77838 55334 67343 91347 53245 71307 72180 56191 37595 81735 22023 83277 42227 63198 56754 61038 85820 42750 23772 33471 84208 18437 88366 61609 30945 38146 95724 40245 81384 35349 6923 9028 86094 73296 93566 62498 79552 21812 42920 84022 89722 19230 85758 60992 55570 98229 79230 71184 82930 32442 19055 20862 35506 99703 98736 58285 7924 74609 57312 60476 85938 6048 24791 16581 82637 67896 33670 88581 41577 1452 52496 53368 92938 58276 12344 87097 10721 34994 11700 78628 58810 1465 8126 64629 13668 55376 23172 13241 25056 29461 1379 37498 56769 87332 70360 92177 44400 15354 97420 64275 18476 72097 66760 10253 31280 76736 99212 6704 99114 54176 14833 83626 92313 87282 99572 42359 94897 44307 46027 4783 94150 29210 15232 20156 86759 92718 81393 8687 88564 75266 57040 69782 97867 55111 72130 35810 68055 86404 5827 91383 27006 27601 13531 34351 48560 28064 91723 26039 75752 2552 99403 99571 58912 56270 31541 89923 85208 53882 67159 67715 33381 24279 43000 61808 25954 73643 47356 14554 20617 44257 78377 46655 14275 42858 57965 12196 81374 70955 12190 
248
46292 77450 34889 813 24009 26508 62134 80950 10594 38268 79587 30900 5929 57582 96753 12125 28738 467 84534 23835 52275 21195 81671 51483 39981 30435 10579 27526 18102 39895 50972 52064 10755 29789 30727 44125 30234 96984 83442 54286 68579 77900 22928 82711 21518 18001 39391 25799 80030 44944 6609 54473 33000 93130 55379 10168 21892 62217 98992 51672 72193 63069 52217 88769 90823 90405 88355 20474 55514 15376 18872 84844 38368 34751 54210 84069 90436 17963 41887 28897 37036 92796 53705 53360 93462 23641 14045 70104 55628 87757 14939 69483 62239 43871 30976 82769 50936 60484 92428 19009 15965 37498 33504 75827 32473 3090 19843 70008 62802 99721 44209 22331 96516 68968 70957 5188 2265 91687 79239 50018 30581 30908 54475 4066 21156 74905 2819 16579 91752 25713 85588 82697 37904 62415 62696 65786 92406 18051 75652 64632 87975 67658 62760 30380 90788 14002 33521 35213 67965 92194 17559 64415 82265 76352 46469 58371 13117 1606 15653 30952 92648 27105 2344 97769 48838 32974 8363 71950 65847 88715 80439 80201 45550 4178 33837 88385 28939 56110 69835 61929 72636 98825 30991 94300 82345 43507 47408 73912 45941 55921 40017 58274 78778 79978 22357 22987 50924 11853 28620 1763 10842 12305 92829 21647 29566 55381 29034 19839 99957 31242 87378 56957 92431 79042 98448 69242 11415 68631 14845 65949 96455 22645 80113 30819 60803 95642 89235 99754 43296 58683 2156 37767 81321 61679 95860 88936 5456 40674 86214 17674 2452 27295 19456 89169 8374 14948 39801 39067 
270
81135 91789 22933 73673 81997 19240 37367 96941 92033 14482 56819 7531 63523 67378 63782 37158 59204 71632 28660 31843 40410 27035 47644 21603 80464 35147 286 48265 31593 19329 38436 85969 47138 42825 39458 11584 28049 40278 78287 72467 35703 11277 95977 60065 85830 45484 3750 42239 45431 68055 51206 77718 56372 76325 46196 46478 53006 11179 63565 32904 24921 21360 56519 90671 59222 59519 35675 68832 33629 16134 58918 76995 18575 30255 61188 72888 59436 47437 37186 88206 89822 30221 82587 60408 36775 99015 92401 78653 82988 11604 53740 44421 63142 27292 31904 95113 28783 57078 76098 47521 38933 57845 71859 63628 62030 41020 4487 51148 514 64376 60096 65362 77306 79291 98926 20606 70141 2769 6752 37351 62941 22184 60702 3432 94303 97682 20715 96690 13808 45095 1850 18027 87223 65051 97188 73567 634 56057 16461 32443 77243 1068 75193 82789 80279 40864 45028 12442 59522 4589 35423 60346 44835 48581 78842 26000 4905 93189 65125 16924 28920 85490 20042 36582 35542 45479 21814 40613 11330 94397 64927 18807 77308 98182 54579 74938 92852 70391 54173 93228 46632 88054 33756 342 74626 95979 39939 21827 83750 84875 170 46506 95234 63161 73914 37133 71758 69963 54312 26876 54514 34641 90459 31202 50936 9409 45800 68072 78309 2468 61523 80340 73882 56636 37365 39502 64723 49103 3347 99201 90493 4477 47755 51599 72127 21320 80047 90191 86251 8330 39392 66371 70184 43399 48482 81642 58933 88440 61942 53950 46756 33217 51927 76796 21219 23031 22879 88320 60987 80782 798 67948 82648 18237 50054 53895 71825 71217 57957 14607 72219 62594 99445 42533 56990 45374 24387 43252 31529 2415 
101
47337 9016 21209 25230 11440 49173 20602 40783 84239 44713 68377 3985 71510 76640 58142 3534 33133 69748 6200 10781 14281 581 33477 67818 37043 31301 74025 80263 57814 22843 40659 71208 20188 96446 88059 96731 55284 17690 78390 42864 53235 36564 52730 79211 51976 18288 3279 74705 89096 86669 86169 38313 28863 81021 93903 95451 79401 90660 68031 48733 79183 28297 24635 99205 86077 46705 99601 59847 86253 3719 42562 62626 80202 43313 84549 30197 16508 40059 28299 9048 57005 70835 72524 17957 93582 59102 26949 18587 81616 65796 61649 42164 53403 12627 1402 14146 33710 13189 51991 54947 84194 
19
7264 47280 22042 91307 60460 25281 56874 5611 18959 61352 14633 92579 53245 3708 71766 83623 56584 32628 9583 
184
12890 1085 28528 7296 78058 10681 86584 55754 9826 3381 20721 82437 53563 19389 80477 67168 35760 22779 62489 55250 74942 41567 11951 93723 37947 21007 117 90444 22970 47016 93041 53783 76670 85886 83494 93337 36497 82971 32523 40602 40512 39004 13055 65342 80 32342 30261 73635 69769 61290 58376 58416 58658 30749 86010 47088 33734 5141 6416 28173 13595 2586 58496 64918 55029 37336 1883 70437 76578 84999 90201 2298 50364 34301 18904 11834 15596 7500 88685 84427 17207 55683 97629 38177 71110 71716 19197 25014 93749 68412 90415 5306 11291 57060 96425 84979 73573 62865 9098 66422 31489 89660 8597 12749 29661 51406 7793 43172 8658 15741 44600 1784 26362 11040 80117 77015 52479 61880 35037 60705 935 7737 10062 32965 34176 62788 94036 53737 34984 23064 32673 14171 6797 3596 99464 75995 8798 6807 36978 52998 8337 68328 78860 63604 67319 59447 77554 31994 62858 51473 69878 15629 15403 34081 53207 79724 21838 80935 84685 96673 5647 23761 3034 14945 64223 11760 65081 37803 25785 28840 86429 25593 15743 96147 69386 27509 14891 17196 10567 83219 18695 22312 24779 45644 
261
15469 28277 6778 12976 98372 82031 4127 2598 81608 70644 12787 88428 39898 89027 34539 95469 96850 57358 55292 38135 97824 61181 30990 64005 51324 32878 13480 26303 34345 11362 49279 43337 42237 48450 379 30774 41554 71904 15281 61876 271 64903 6525 79403 88424 2799 64774 26997 23143 25671 40103 74100 98327 74646 80251 52966 3067 32223 29338 90568 97612 65815 45379 19461 7255 39594 6570 17482 8946 41848 94586 91676 7925 40552 54168 12922 34967 34275 83005 58450 70597 9891 68709 37558 71714 95195 31794 45710 22603 13995 64178 633 76958 95795 17032 8300 37431 29832 78045 30507 36378 77742 74907 19470 88907 44039 58328 77997 63187 4914 73647 30312 96230 26702 91697 32504 72964 52936 30678 15129 61032 20282 38496 663 49439 60528 31406 14793 72561 16977 63867 37093 12987 89272 43309 26827 2173 1835 5487 53664 47271 42630 65561 85017 58750 7221 41519 57550 47786 13115 333 89901 9393 45812 816 99592 82396 28798 28772 98014 89413 58505 38548 86104 61764 97037 33860 21733 22715 4861 11117 23305 4206 62311 51578 94848 60991 83837 51451 85487 7661 4792 23764 1148 33073 42089 19676 85595 51951 26036 62766 79229 25027 55799 81663 84280 68987 19877 2687 29525 99007 15556 24902 33594 81127 74778 90333 99157 44448 66975 55146 26772 56681 23348 67462 52688 28065 69401 79043 59943 48566 52530 42101 85717 43985 34196 48629 74855 3949 91985 86384 26493 7045 22993 54008 11209 45382 2688 26355 58862 71626 54683 72020 41684 95950 74796 19927 74130 94691 28411 45171 67949 53867 53615 28255 52787 63882 96364 21410 15071 3181 
280
57743 78768 95682 98446 13025 7910 48128 61041 52468 62629 55329 16977 57420 51837 37106 80397 83807 7021 82638 72284 39566 42343 59144 28757 82907 86408 17952 78207 17796 12977 63185 81443 12719 8790 42254 59138 88844 695 91419 56403 84552 88140 71743 35940 55230 25818 61914 12871 71080 36511 12746 67351 41238 25244 93515 12939 5078 36244 6580 77439 82021 28147 90059 24320 27007 43106 23955 5734 13036 19979 58343 36815 39875 78144 15936 72590 65094 69430 4072 17226 99394 5524 60486 73880 81135 90355 72677 36243 55737 13506 37832 57917 67421 39548 66149 7275 41714 72132 2727 32038 39430 16054 22256 64546 99274 94601 36083 88228 62917 20615 16450 90756 99732 10493 88938 4523 95366 25726 92214 50264 15136 65195 11947 75766 28896 34972 69576 12579 73021 28487 66657 93202 34592 41850 26346 75996 3683 76778 17151 86984 28638 17119 59078 40379 92901 65216 29675 6926 77935 46370 14800 40437 8401 14031 3575 12391 35216 25974 20993 88503 75614 98858 28535 89703 66558 38676 78337 16706 46057 40212 75405 61499 89653 22064 69978 95114 60246 80684 91746 91616 59218 39524 45273 93843 27728 30426 59107 67041 84287 67954 58784 60270 7914 46892 91377 81444 47237 2456 79772 45698 16620 40839 84340 42937 73764 19418 276 5831 50561 8094 39606 6101 36632 92721 23338 57527 14281 95952 69911 65770 41073 56258 77096 63490 33587 26585 66814 5289 64559 2382 91410 50424 60970 12739 68377 10944 97032 23666 10965 55827 96783 81387 39384 64491 15672 25760 44579 78644 45096 43499 40354 53974 13240 43124 15740 44105 73266 6153 42933 96196 35801 18018 26376 71346 84413 5540 32856 15024 66093 9753 30764 40885 46075 49481 74311 79568 39233 53986 56667 17016 
185
26300 70296 580 87757 22900 35604 5012 99667 33356 53614 14405 52716 40725 6450 75644 81651 60303 13836 3703 40079 48475 383 3441 4146 14843 6393 37780 59518 64659 74588 9988 33892 2050 99901 72653 45903 79998 53848 67054 70075 44126 52210 36679 53870 32220 21740 21236 64209 62334 97189 79885 50330 37136 86735 24872 58725 54404 83601 90814 18962 54929 89645 31602 65054 9917 925 27842 5772 6562 81646 96667 8220 34867 85014 61244 17415 33698 1572 3129 1720 31540 96082 68433 59626 73041 49898 44073 70063 16987 89214 30488 10693 93825 21764 54428 4678 82637 45668 64357 54970 86747 73515 27614 69520 30045 70846 4555 94405 28295 83166 78163 41040 60248 51492 64711 57235 75686 81600 87418 13115 89743 22779 98444 34557 94875 43462 1748 75958 71277 30350 99112 28642 11345 28420 60462 79760 65066 15813 50272 53439 55415 25923 13395 77130 37683 41405 14646 64347 35540 4829 2084 4373 35887 41477 4912 32214 85691 44784 67701 25982 79653 11582 42466 35998 59843 87816 48738 89342 18136 58574 69187 86144 91824 36738 50316 82921 6127 39980 22127 13748 97036 86590 16595 81108 61988 
223
38895 73749 49321 34864 45814 20088 1556 19480 6774 51973 20188 41330 57686 17482 85182 96969 18676 37640 52937 21241 40208 48548 5610 22508 93437 30426 56768 94759 25024 72341 4531 24539 43234 3259 57743 51589 75003 67725 55065 7215 73114 83777 63601 61747 94846 11863 55821 79843 42019 24957 5921 41390 58347 91800 74019 11947 84533 49334 30569 13141 60065 95052 48657 26185 92155 36812 18814 77560 23028 65982 18755 6117 40586 34853 10975 90944 63298 88764 28116 74424 87580 90097 61801 51759 6898 5876 12169 36475 5648 63829 12045 97184 65399 18388 40555 12327 72225 45510 41753 90795 21969 53871 52867 59037 12797 44615 82210 46461 63298 64708 61387 96936 98419 82535 19890 38230 81359 20268 96949 22485 2311 87146 2771 65466 11417 80537 80475 49243 17747 62293 30621 29552 39330 70658 87947 69276 75274 88943 52167 45036 44650 98845 44029 51630 73406 84303 17337 96540 30699 66381 59635 18355 73058 78063 57483 93102 84656 91442 50084 94373 82219 16927 84994 70693 13150 90405 12386 25600 94526 9251 29909 93840 63901 73874 79223 294 37640 69353 30215 70729 97777 21202 82388 747 17724 45858 69534 12360 39128 2949 49600 57306 92716 25181 17969 73160 86950 45708 66137 69197 70668 50519 22529 21623 8357 4171 94029 93870 72577 79801 85445 25427 97866 87499 3483 81971 24800 2196 88962 42372 70498 17973 91190 
16
53673 74605 58521 51799 73851 567 87049 30637 37167 4904 58271 49036 74065 33813 68299 32158 
299
36475 76452 92345 46721 96067 21197 79504 16863 38797 45065 3066 53052 12543 2622 92443 86032 45214 1021 94407 38618 24789 99979 60644 26875 46814 31756 60454 38696 20113 87280 24230 6251 17771 76993 88127 53373 43224 20783 99812 8216 49772 51348 87597 36640 83010 65293 74416 25489 64436 1011 78762 62170 88477 32567 55382 3310 42721 31583 74723 48320 4629 97230 87266 79981 10390 31562 44855 62721 44445 87082 19308 42580 4547 44566 12340 50698 41414 5553 26435 63490 13323 16068 1712 35536 49229 47685 63036 61025 64652 54997 19433 26597 29519 84015 15330 71594 61910 40182 98231 58432 26343 93770 66991 87036 83938 22482 1663 22806 81860 92158 8145 45105 46695 65569 88945 15108 76461 86304 96994 42762 59467 66331 99121 8591 75950 43968 33611 34154 50305 37226 36830 7995 83016 46283 95982 51142 47598 25960 53036 81835 12158 87774 30453 51828 39359 94558 33780 58425 6077 99833 77444 70665 38385 85892 78999 37148 22180 43139 5563 26067 29554 5787 37778 70869 73102 10966 12081 91586 32661 12767 47051 42114 48407 20798 58862 86745 75226 77846 8272 78317 7329 9800 20805 21295 67972 47885 17665 62049 77275 97688 35747 24526 70562 1126 41624 88655 40094 32700 24235 76971 52858 68561 92923 13630 61362 58315 26456 80202 3516 61375 85726 87626 79052 7134 16343 39792 25170 21128 6728 64118 98709 53889 14135 67049 66614 17051 11030 60510 76418 4061 53350 43341 14294 60627 13134 61344 64938 21229 17127 61765 84665 68039 23919 98623 27446 32792 81487 7447 91333 36139 22894 22470 17267 66254 79139 38857 4869 27023 94140 56366 5102 34387 35414 17747 86215 95398 62683 30047 7674 11652 69371 77667 44478 80163 45597 46831 54582 43213 31605 82284 25280 80235 42776 42181 30813 91096 47205 1683 77211 22198 57723 84795 43926 74599 12570 38005 37982 83343 30300 
212
40850 45127 49683 61517 50413 38456 33375 48164 75618 21857 59572 77630 93234 84238 48856 18351 20432 83317 18298 27075 95799 51870 51709 19862 42748 82617 39573 11125 69651 75929 8200 84317 99226 49799 83650 78365 5789 80594 31466 2862 89515 45916 6205 8234 72396 65525 67665 29532 42676 82800 57633 33833 56347 360 47703 33033 50109 28741 7414 43779 97889 45892 32032 68142 40708 71075 61590 14269 97818 86176 46064 67014 75753 77576 27719 74285 82313 27849 2838 98127 33731 14056 78913 13155 98218 94001 63150 64081 33195 57689 65983 3661 12233 38276 26880 68365 75397 79936 14366 85671 8590 16998 61111 87453 3554 62967 87546 93732 18961 19108 51656 77323 3666 2744 15141 80408 55102 25452 15473 99679 34504 40575 93550 59961 44273 99725 74755 59402 12697 40599 31839 44843 97403 55006 2789 48112 21265 42904 37142 56600 65994 51205 70176 39259 71599 98927 47327 26212 32993 33280 8271 50326 46066 52754 11702 68309 58384 74985 16710 71696 64815 59613 55554 65827 29778 34109 82317 48097 11396 43054 36587 73789 20529 90670 30248 35761 28750 61583 79394 63036 49970 58135 10241 34881 81285 20583 35851 30399 9666 32675 96000 29267 35991 46742 39252 96441 6970 62623 11336 65310 26409 99573 44601 21439 22733 39985 34413 43367 71057 29465 76026 2019 
39
59590 77660 24218 7029 80720 24337 20851 3902 28015 82662 78188 20480 49023 80431 24578 53975 78277 14957 17335 78194 8876 40746 23255 88892 14333 47306 93877 19186 80458 62791 14959 94946 1089 93593 53035 34021 20049 37385 71172 
209
71303 48975 79766 18744 31209 3217 47183 81040 38915 74783 35268 5602 3134 56977 89615 9772 57972 70350 52737 89853 87875 40255 17049 5852 2821 56847 13689 34538 1596 41857 73788 67945 97744 88472 56320 66386 81728 9590 71176 18439 42741 55743 23672 24633 87262 81851 50840 45568 49099 99903 9570 56242 88529 1692 21140 19036 80852 2386 86324 45072 72077 34340 85068 32135 29362 15580 30494 4106 3228 44880 9610 22752 16864 68497 88432 75086 43403 27122 28691 60982 43447 95262 36937 20892 42502 23067 11701 62449 53267 64072 62815 18834 25554 57770 12795 54731 65549 49302 46039 23646 45466 27877 75721 35728 20512 18064 1268 52915 49787 55923 73320 26981 67169 84752 97812 46664 13698 12600 57307 71389 67484 34277 45726 58316 37155 64707 36067 55217 52146 13783 13343 2013 17966 57379 69456 14359 45962 75332 66290 78944 62768 84997 84232 17650 84303 33510 43389 14461 73907 24426 27070 2953 87675 43641 31100 7513 21449 83453 96393 69676 52558 41249 57647 82859 29474 81364 73693 67971 31946 98031 31021 5856 60764 70967 53963 36139 7528 84365 98682 56374 31874 14020 97937 73348 14098 57189 57314 77370 5564 73376 80101 31517 16582 27246 23099 33020 86227 67402 8946 20229 55506 21825 57491 11376 91563 5502 91587 80590 46703 
233
51395 2548 8231 86201 44810 61630 9461 97766 10994 5651 76542 92765 27404 13931 36284 25466 1886 39209 93119 31032 90964 50464 15510 11453 90137 17948 82959 43104 96758 76108 52546 916 94361 36409 27936 28946 94322 90550 44595 20735 89189 77247 2222 31566 63419 95320 77828 9133 97881 88174 57102 93391 29273 54322 89358 90997 41084 72528 34258 42671 62932 56909 94998 54740 20611 88479 96577 57787 13204 27593 72023 47418 70095 27269 81791 6961 73112 18671 79394 48708 51981 67438 54807 29463 66748 16993 56204 68851 98421 87074 35300 72064 32836 61320 79382 94669 45343 65360 32073 79238 47885 4766 59169 68371 53181 64351 69396 49728 14786 32312 70691 58534 49347 56680 20084 69517 11684 2479 72074 61275 58386 8411 63369 21971 7485 78648 61699 77061 86380 73889 84926 65 6465 70300 29286 31671 15039 50769 61114 35955 93914 53985 83625 26419 35965 2733 80130 42631 45056 6118 50892 90851 60261 99917 18974 23997 58306 48819 96782 97765 71636 34133 74028 75557 54759 59228 14860 55318 8311 82901 56540 46452 70042 93443 2945 12095 5636 98764 59000 61693 58735 66305 27846 91603 63920 98861 87030 71464 49668 28438 656 22478 1038 70710 28123 93406 68309 16666 67737 82550 72465 69594 40496 48668 88608 349 60199 87421 88985 45636 6491 66048 52505 81018 53819 61962 27093 3889 70576 40286 55756 73468 91736 56306 71138 83680 43879 24015 1425 68963 71819 32086 93812 
191
83439 90931 92122 89683 7642 81684 47091 85234 28932 60783 81243 3032 35889 22298 16451 51051 43566 38781 41809 48400 15436 13256 33328 33354 72339 4314 56934 1308 66031 19400 44501 99266 42219 91509 48338 91134 11654 10287 56247 68257 83198 22911 67082 65621 63389 8833 86841 22107 12444 17037 30257 35541 50998 36256 29797 26611 1403 895 73889 70045 24208 16161 65231 26309 2437 1955 67904 74999 41515 16177 61828 22083 75891 43908 80911 61454 49860 3883 36136 83804 85380 56630 12575 83401 7203 40706 92914 39231 32565 72569 93032 61105 536 8660 33456 5234 48996 36212 47439 28059 47673 97210 82856 13307 51364 48773 11941 45309 2933 2954 10265 44205 31530 85211 84214 77293 69440 32947 16587 87016 89529 78549 28608 61955 3410 62599 41878 23500 11430 35822 44728 19124 224 19635 49000 33827 14131 6475 97304 71600 41697 6199 46723 52222 52999 15343 48786 69054 18787 20085 52945 6021 34935 39866 2186 89591 52181 28096 64895 47987 30392 55660 69351 41859 76817 24444 57342 15561 93741 85502 71886 5041 86163 49625 70706 5952 80545 49358 76932 78210 16851 39008 98596 2744 83948 28273 58104 31522 61860 74309 43367 
67
27701 22645 97107 71157 86171 90393 91838 43384 49657 56205 16424 62631 72570 56682 49686 75295 82090 36648 1753 75279 8651 8323 14059 34776 96239 27565 39587 34986 57833 63073 81375 66300 12409 38078 11934 20785 3177 33528 19167 24890 91292 65694 54813 30553 64984 91346 59668 84224 66651 91434 5345 88428 66154 16378 90025 6098 19230 21125 23518 12902 20690 39256 75811 74376 30412 70747 7340 
297
67104 43846 29798 93355 24835 78523 63096 40416 21281 39045 44468 46774 95483 22735 2424 63250 71610 23753 88200 28725 74143 56615 85974 41963 42958 31003 33605 45590 44048 28719 75024 13436 15539 63229 62313 22055 40098 40777 20662 58345 9267 30018 12635 94795 67731 12340 42985 25780 55357 76715 28837 37882 40055 6991 75213 20697 10624 84696 74214 85564 73064 50816 3954 57630 75043 29401 51109 20998 90113 81932 93535 77217 46781 65350 76603 34044 20161 12910 47499 68902 47113 50979 23753 37791 24963 81144 20401 36021 91139 2080 66015 25303 89734 63435 12164 73926 45852 51978 71101 27716 62346 58839 23865 69731 49998 57239 18219 88441 5956 50036 47184 23218 28086 35901 50112 92308 74287 50223 90381 53017 18523 68547 99051 42718 55982 86162 80599 90572 15187 89989 11171 96860 92464 36033 4395 51442 48463 76751 54211 17052 85373 16577 11239 31549 37512 42598 11889 95131 8467 24130 57572 92092 17526 86962 23036 4103 70525 57013 17430 47151 21912 676 63974 74713 92161 33046 55933 75082 28798 53855 22142 238 2105 65616 7893 12387 39054 34076 9461 1820 47779 91182 4976 70194 40658 47862 37868 4337 87030 78299 72456 50392 25218 13275 57105 23888 45259 73159 52294 68193 86688 21161 75156 91255 12283 32029 58687 71641 66655 4450 1277 3618 75348 86070 7963 43031 79708 99103 4985 12144 80389 555 65285 44803 98562 56562 65887 8144 10407 85296 46880 6621 85826 25391 50386 48695 40529 90265 82952 71288 36787 64997 10841 98786 45429 28673 59863 70935 58338 1964 2725 94250 50276 9346 69241 96443 40151 46239 64366 96574 8818 40818 6055 77721 71617 36462 85527 49255 44215 88731 31478 4642 81782 24536 73806 22049 30449 25532 53074 24500 66960 48378 67578 40883 19171 85643 13236 25149 2323 91808 48385 33765 32412 13376 89902 55066 4485 
20
88591 27110 5171 76270 84810 85406 64506 82334 26471 80634 53413 56573 11393 40613 10658 53011 89545 10191 33854 1914 
268
66125 53129 67872 70251 78606 53780 95780 91082 22831 31887 28003 70979 27510 50351 49009 4484 91182 19025 59061 82972 26210 99988 51616 36429 98138 76083 99904 33979 43758 23614 76159 47524 48123 28573 9947 1596 4352 61245 51099 58609 8575 21510 14431 29725 84529 55564 29268 43364 14447 21601 28168 17926 90727 4412 11911 73483 74684 86903 53870 27324 24023 60081 11649 64602 70581 79603 51957 35408 45003 56254 40594 50515 14894 46193 8393 92747 1158 43207 13535 17260 53049 80202 6283 91896 93997 11611 82024 23569 66238 32347 69949 12966 62560 13466 14744 8511 82723 96067 73003 55116 73628 47990 34224 5973 59764 36662 9468 30067 32370 13959 25965 68398 77605 96560 54934 90366 64336 1113 58678 58483 63767 41833 85020 21161 81565 95489 36515 11109 87088 46928 79531 33573 93486 19520 48549 26605 28311 45795 90004 82447 12634 76803 79943 64588 8256 64654 76658 62657 77292 2800 56868 23813 92110 5768 6866 26433 10131 23122 66335 90810 44993 52756 48709 9090 4477 85407 82941 44538 45220 63637 44989 54744 23574 55538 72888 60676 26552 33363 56694 68311 80714 20524 23943 16687 39201 42890 63204 80560 26645 48803 75916 70130 4498 38340 44255 4090 17327 68028 66138 87314 78972 75232 73551 31528 46427 40 17220 60600 56433 80705 76761 18038 70500 39224 87317 58052 7156 67117 21251 77312 96103 75728 80421 31517 89946 30947 37655 42236 35965 21033 52742 97136 18896 70958 93724 74036 75 77541 4328 28264 46737 72305 16283 65552 59921 53228 56187 89623 90946 35501 35738 13608 65655 18846 54919 30142 87819 12894 90297 36820 56077 75138 79508 24704 78928 96544 40363 1638 
286
78812 39876 1704 2590 31340 98003 71389 51092 47966 84980 11961 26786 3976 17938 7871 62499 20632 80304 11553 31493 68626 73893 49287 68565 1847 73833 12362 9586 30193 72195 65869 68277 12734 3729 26215 53811 20148 30362 6107 56800 46661 26828 36578 82657 44226 84805 77391 884 64182 30363 35330 2852 13735 31889 80949 67962 15603 1896 52003 53927 93348 8969 696 89714 445 984 91151 13479 41197 66128 91090 74426 35424 82798 550 36618 52532 82722 14761 79620 74163 91536 34648 99588 40864 99279 89504 71468 63166 66438 71240 54442 18742 94578 63664 56947 71815 19762 72601 54796 8294 1494 67578 94388 79944 43047 78928 23206 64813 24366 1438 60433 90839 64690 62426 13478 34328 10409 38640 74724 87299 39033 79740 69730 64004 8922 42170 26907 78931 6459 72172 84583 50030 77835 69878 39314 1030 90663 60176 48943 67958 87722 42924 5111 1966 79393 89124 25824 8486 52143 70774 14214 34186 88351 35410 29941 49005 600 21531 93546 64941 15167 62828 52506 48838 25575 49947 54310 99972 41403 71717 9404 50374 10604 50139 20842 82384 53773 85273 74448 25853 5603 79896 76833 58374 50451 99340 88114 53880 43553 90539 23074 19106 12535 28353 82541 35457 18769 1467 83257 97499 15984 26230 91146 14089 63342 48957 19830 9944 45515 88872 61423 56902 70519 96459 46196 75193 62743 84957 40705 61902 54521 7617 47846 60855 87294 46635 5249 8125 64542 19103 8939 17312 81190 49616 61202 28594 13746 81873 20711 45407 11259 33221 20215 87597 17875 86870 62601 27716 78489 87131 38610 81968 18124 13554 38487 26888 50108 46599 45372 1058 60297 48399 94871 17358 24998 99038 26324 73284 30464 83324 45619 47676 6986 38518 73650 64673 48529 3832 68696 32476 55660 45938 50123 49891 32878 
136
74822 81571 23012 48533 42895 31517 33446 97555 10361 23936 89265 31201 85509 43813 86291 70264 22252 56152 17084 83882 49822 76711 6062 98162 21807 90957 18402 61437 42796 76177 49468 23575 16717 69031 6310 8452 85855 44991 10218 83311 44057 5237 89463 30453 22520 96935 25302 83217 50771 11533 28602 10836 42341 67346 57451 27361 40056 8222 42909 69385 91742 45715 82754 78035 92688 11409 23741 62955 91769 26638 24097 3708 80177 73044 62844 10465 35395 89626 36016 49474 51635 53081 30848 73401 40496 23248 47218 77722 45739 77988 98574 39652 92246 62515 76411 21211 95337 79262 170 89058 85672 84351 3562 52432 98572 2535 61530 44843 19461 29865 59470 48118 16780 7191 22597 91769 48512 98205 68241 5596 49768 32923 4496 54732 38624 66370 95392 12408 7028 75079 33147 58200 2841 44314 79700 23254 
126
70705 54557 31216 62421 58430 61046 42944 47222 16107 72990 21995 1180 91850 67794 4024 47217 19490 87107 35632 83086 63533 24882 75266 28949 13600 36114 95079 90710 77374 65160 90973 85537 60951 23242 69489 56342 45562 46911 38220 89934 28412 87139 88575 26444 84979 74363 80966 96853 2456 24978 619 96978 84767 6954 29835 52633 17636 51189 32960 55665 54013 65106 52927 43869 93806 12033 46672 30926 68339 75179 83455 49289 97 873 40932 91300 21253 49222 3465 50784 10758 91804 57244 75522 70763 11964 54635 93584 21865 32327 72504 8216 27804 1622 33052 26407 76418 73140 27466 80649 26666 54987 41017 76053 26713 22868 62730 17804 30747 90531 12716 35232 18951 10591 42873 51893 64385 33373 84781 82464 34841 87775 9367 13026 78874 49006 
81
24590 57864 33580 33406 82709 16659 23838 43298 2090 74562 96560 7451 43334 52412 63645 70790 89979 94728 58809 13738 16018 70190 21447 45775 42671 8368 38973 90512 36088 63226 63064 36327 94626 5125 9116 1156 96887 85256 87530 16645 59088 3813 62380 37128 89208 35102 28339 66609 96471 4052 15448 95661 18180 98349 6007 1384 21525 34202 96370 90194 23238 29869 1447 76015 81067 57069 11133 42675 56760 75658 83643 4059 60513 97243 94235 56932 26544 67297 67489 76111 56701 
84
22811 36768 95641 39516 90435 60006 33931 39087 43068 56518 11097 7914 34739 55215 52295 30303 24318 4111 24011 56165 10689 16981 36210 50719 27457 22511 8602 1513 58787 24778 31785 80825 12628 44838 22960 36932 85262 92907 7785 12753 83542 61289 78391 62920 4488 53080 65026 94385 58363 94131 99986 47836 22822 69129 73173 6649 97754 13138 52682 33399 85108 92881 4388 9533 41706 61022 86631 59389 84073 2857 74507 3517 88493 97555 35211 93773 52580 36953 9018 87647 68037 35854 57025 81686 
292
19588 13828 39530 41650 61092 65415 483 1104 44358 53846 38515 99344 61909 8471 84177 94359 46657 93197 78363 83299 71799 7864 56224 56224 87371 72485 67087 75037 16693 84382 34835 97513 32383 52142 27531 17288 19946 27741 45137 85895 32629 79431 7680 41831 5946 63866 83280 16867 5381 14588 88251 95775 17903 26374 62558 81039 58179 65836 9832 63297 60324 11614 51070 94645 61420 24901 19512 12263 75844 62813 45121 47985 66638 21235 57747 95291 9306 20182 18366 14555 44392 16294 90435 26249 1393 32191 5207 65572 24353 85294 7374 96972 87274 21836 10921 44749 37981 24140 90000 29548 91775 30912 40643 2224 71883 99360 69143 7066 76298 80943 14486 61814 3751 63263 51056 11617 24252 67377 4616 60301 63020 82405 36061 12169 67857 24606 21506 34404 67826 36974 98846 98897 74141 93424 60327 91581 25474 76344 12568 39699 76027 25018 26667 56079 23907 42743 1063 58297 53800 35797 50665 69461 89653 49407 68529 60479 13945 76488 67154 36493 76870 31657 92021 34810 29664 91047 28304 71279 40058 352 98710 97466 1894 63736 64584 97261 17567 7701 58648 21603 55650 96375 89738 88352 24554 59108 99771 11974 87134 69212 83412 56129 40184 4598 26819 51557 68226 72403 7080 32835 69253 41156 12644 86367 27039 86960 3707 57134 18440 30938 41061 94390 58189 75421 24866 50573 29825 86797 31307 28710 51655 57351 72314 70808 44242 49298 18399 85877 56079 52773 97459 11058 11676 7519 29636 98875 83590 34069 55651 27030 70791 28052 76189 42354 85384 22395 78892 11557 55905 82438 52244 78717 89442 2246 50838 59125 5857 84204 4904 16333 819 7022 9974 56553 2032 6556 79546 4671 4984 84129 54043 4908 36248 19240 26202 78979 6520 52716 37993 84735 8794 7958 43779 82376 18647 35812 43362 68180 82743 46401 93251 1692 
267
88577 75646 70875 26129 53803 4402 74129 92897 16193 75409 23707 24524 61161 46577 4338 9884 48021 22317 9741 84187 99353 34041 33137 41611 33811 43662 95166 9143 56527 62877 81869 68292 31355 58395 76834 14447 58906 65859 95739 94491 50735 4561 94825 6849 73114 36856 15300 438 86872 14848 43201 85209 51267 28135 56151 61714 59130 44118 67841 85683 95997 20151 65218 99736 5784 96553 16669 32183 57936 8845 90960 26429 40187 39158 13263 97240 74623 65950 68267 16105 35384 48663 9421 11696 6810 47624 45214 37731 96151 67878 32337 76267 8966 54060 63755 61893 45484 45736 88284 29410 80347 66381 18093 70555 19464 19637 77794 5487 93508 41498 18129 83340 18646 49203 10386 30914 47802 84007 32436 30169 21457 33760 75302 33240 53973 83678 45925 24598 13149 56851 25676 57574 86182 81274 77165 36928 79710 27541 46305 19114 60860 48746 31447 19545 90137 50638 12521 5772 34195 2198 84555 56084 71275 58371 12508 1742 74907 97090 11451 6981 27504 1833 58217 80876 12009 91080 82088 42924 59965 24926 55872 86079 87678 14378 10733 11676 4176 4166 88086 15787 75499 96301 34811 16291 89624 40641 10172 87102 68482 24919 20907 8159 77434 80048 68392 19916 54833 21790 81056 22423 39065 17545 22706 68027 5152 3783 74155 93834 56722 67185 15826 64451 5426 61997 7075 46219 86625 75213 47302 83294 94585 71478 56448 5873 6849 27316 98109 81703 70682 15003 42487 19254 47648 61508 93608 79630 75090 75450 45411 6544 18157 49003 75549 50097 85539 34612 15602 37837 4383 49862 16868 99852 32062 22881 73623 46239 5534 7487 63529 65890 36719 17834 49076 95304 5573 44296 24381 
225
44770 15606 89688 6233 37786 64526 39176 32808 57535 51343 41136 91817 5677 75185 89856 44161 57784 40755 59374 26685 62903 79026 95510 44024 82788 32034 36176 80866 6637 66179 98281 64688 32030 58225 71850 44815 47841 8155 94399 48897 45019 65166 60259 58546 82058 48945 91297 19917 18110 45991 37351 93885 70184 50482 73450 33949 83548 51018 66748 21627 80960 86710 18966 89654 65842 93901 85250 73531 18910 3798 55868 30302 24170 78268 6361 45078 62239 52144 92703 6621 274 8045 61078 12867 32941 20124 26792 61771 76720 34957 61871 53796 80926 64663 48551 25717 94735 78271 30332 95716 87967 62512 37318 84180 9000 37881 24198 8361 55705 2355 31284 24036 22143 88138 92542 10548 28035 9313 1544 13034 3501 81230 28425 71144 17752 20857 88098 20202 53105 39091 71003 49469 62850 79444 73835 33647 33170 23167 16434 23173 31528 56645 82467 75148 79114 88299 31142 56635 56338 94522 1000 3997 33214 42250 40727 76179 90153 24523 47485 89066 16848 22172 36756 37655 105 30064 37895 14226 83277 33544 41507 73845 46085 15020 86431 89114 12093 61907 92993 41114 52235 37428 51826 84325 12883 13562 27398 94559 17409 11499 77475 561 43537 9848 43607 1146 36961 85228 87548 99855 37146 49831 34937 84380 18193 2933 46261 62844 26183 68075 96868 42959 87209 80356 33490 19191 29509 8265 35837 21745 90537 27406 80471 28919 25071 
101
43879 3976 4443 90295 30157 89096 84313 15302 86180 352 26310 84221 51760 58452 11882 99140 59230 20894 33456 40366 90439 38249 39552 79510 3562 61131 14180 61532 15461 71803 23409 87828 52831 16836 50432 86245 79698 60423 92963 82083 35935 75824 59468 51839 50113 4512 59486 64329 79783 20651 55916 41357 29261 41266 40152 15483 99317 808 61796 80931 10049 42862 78004 30301 47998 22130 93013 24903 93462 61559 78206 11266 23584 56254 14335 11963 76174 33499 92506 38469 62976 13881 41012 14239 35132 49179 52378 46799 99270 66692 64177 5355 94221 3887 44696 36453 78905 64809 59285 94635 76900 
87
27740 73506 17842 21631 14701 22237 77199 59742 39772 94532 75792 33425 42607 39151 5164 1354 26953 75900 74473 86054 29500 58944 70092 75101 22297 29423 46032 42727 30247 4421 97943 74430 45585 80732 4331 68818 37164 75502 4 85013 68573 42043 80984 81236 51167 37761 28394 61814 55549 33296 13696 53824 90062 96540 66338 69703 91013 15586 56783 47152 37585 76142 71585 45553 142 37430 24303 76405 96877 72693 21657 30142 8510 14057 34510 49528 67014 93346 65874 84921 64561 71870 10218 18990 48153 19575 33214 
239
70017 95931 64745 52818 15005 71904 47797 67720 80537 12249 6913 19852 35178 20783 38292 23942 83310 5471 96883 2074 49097 58057 59368 34329 6578 58446 95609 20942 93457 14021 70663 54354 27019 52778 32902 71787 63095 62666 89480 54330 87043 51428 1461 37841 10311 32745 62995 96942 37389 63664 46433 21982 27054 57208 25174 94377 90092 28974 14600 87330 44760 64228 94861 99688 79953 8211 96477 72811 1618 39278 34767 90650 49585 79763 257 38423 62719 37252 34487 79358 17366 87888 41605 61602 48582 51090 90902 32688 45284 84729 26344 93815 44212 72470 11239 14633 84894 63853 84134 39908 22410 90273 46775 92952 96522 53131 51375 33140 73571 61263 33505 55693 75064 84476 59981 42787 69915 28509 6126 91536 89244 10568 35498 99454 33013 67041 49133 20204 91904 87583 15922 97769 5069 93896 94253 106 10641 34526 45411 91854 48498 82344 36382 23931 26147 67943 75051 80758 14822 74251 23712 39590 94669 98570 68356 47632 47691 51155 5379 56020 72285 35105 49382 43492 83068 2887 43212 22344 69630 97763 2816 9512 10615 67792 23858 20688 77001 3884 87952 94171 38588 13779 45671 1442 42822 68171 85277 28616 16102 40076 26125 55018 30691 9050 27630 57702 36288 87877 29455 34121 11976 56921 48667 83886 24962 53957 32332 29535 97 63822 34401 70692 58974 40671 56593 2600 77282 83868 71084 70303 73194 625 70672 54119 39301 12140 57590 77899 81397 26311 69372 24890 81974 79526 43420 40373 32716 47644 30793 
136
87582 24106 19475 18993 10277 66740 3263 47223 59141 50104 74103 65452 37823 82825 95864 90641 74038 13084 71843 32349 75784 8357 80155 10396 7218 22784 86001 97414 49266 61716 93740 4221 72944 63294 52932 75302 45183 96737 71167 67238 21813 78381 66415 12097 8304 88272 78957 55408 69841 27499 23160 99816 47435 71050 31580 47651 2118 35885 13328 14485 27445 44967 72624 3851 79723 10126 90406 2170 61920 55306 48546 87235 16205 63553 85886 4857 17133 99286 87759 30879 69686 27755 70898 65398 25021 12923 12305 55581 81551 44341 24278 74027 87764 27616 98977 26578 84028 90279 21634 52293 38969 85917 90928 49667 33212 92578 29825 68656 47617 34090 85374 11279 94029 26423 21355 84360 37405 31751 499 35464 9808 58578 49035 93990 74103 35800 72640 98656 34866 49593 1405 18616 2131 53635 30334 51888 
123
33523 25091 56414 1310 58683 53736 19279 51961 10940 53876 38403 67329 62046 81007 77858 57397 5921 93486 33428 8378 17511 91862 54137 84853 49389 35153 30718 59880 98950 92423 63156 23747 89548 91152 1569 3398 56617 77388 88001 59385 99486 31141 53443 62522 86597 52811 81619 41671 95662 39299 92717 31702 68978 37932 44436 43473 23930 82048 57547 36810 84284 37095 7342 35790 39548 42142 31237 41945 28735 63333 62015 41365 7707 83790 24222 18588 6510 38690 72796 5233 7245 99098 67855 62349 67786 90509 30443 1255 86309 27916 37906 9757 45036 25975 20105 31866 76994 74195 10526 94700 176 63530 81334 10035 67961 62559 3041 50820 63477 51660 90302 77109 75948 76738 29841 43219 75122 32157 56462 67508 22091 16277 87599 
22
46994 85643 68 3075 82526 75546 19967 70786 94559 27757 67185 90384 21361 61482 11530 84900 9878 54567 2569 75264 70745 24294 
151
40835 28952 56531 30822 1328 1890 54970 71146 11145 92803 14370 25718 92350 13760 2588 60063 46423 95165 75877 93412 75557 97341 23070 484 70424 54976 37814 43178 30683 39763 7463 73818 62025 61014 4768 24141 31564 22404 31384 77497 97918 6706 90282 9367 87952 11281 96853 95362 78524 74719 31306 13470 50654 59114 14246 84430 72428 52489 68736 58553 64884 32414 58429 10258 10436 1681 48638 26896 5645 60188 56478 66728 39765 66731 2649 82419 6470 51554 72040 64072 35188 19679 31527 49044 8582 48250 78519 25518 90796 25262 69733 40510 75822 3274 65770 87418 28111 98870 14530 22925 53255 65269 28314 22885 5234 32458 21760 59403 40410 65654 75007 71861 4959 95400 94186 12078 63206 4715 98077 68114 1994 47109 79263 63418 24655 82741 2328 27130 52429 38044 47366 89448 1733 28617 29438 33225 15505 46485 35374 70679 63712 46615 79794 10536 79817 14723 81974 24442 35692 63054 28348 
166
57023 78712 19310 36657 53958 48572 89071 13397 52183 870 20600 86560 61023 2079 98077 76220 11620 70463 56338 93478 66000 22857 23608 5292 20096 98081 23584 6093 35302 79687 93277 22564 48011 56484 75273 47139 37844 51568 1210 1746 29945 41224 65356 98510 99375 49608 61735 61215 95925 26823 95941 81885 25657 87438 8727 28140 4134 19999 80780 79846 13337 54113 21859 60946 87089 86576 64106 64484 97373 33682 28264 87913 48416 5493 16417 24 6468 57929 85458 78659 69036 27116 36052 36141 79877 7842 31132 25035 4707 63954 28484 93827 991 59627 91772 80940 90335 49426 80949 90813 14593 98104 81964 69320 99468 79178 71249 19060 68403 59656 35827 29520 66492 15004 43025 20212 50272 35006 11721 54548 98470 99959 23460 62486 55774 49183 25909 37042 80431 42445 86635 12264 13567 75542 96588 97228 86434 12269 48622 71953 6956 88589 72019 51193 16731 15495 72129 60254 85551 57559 31862 62650 37430 31334 73622 11132 12894 44709 36688 79160 26200 18879 54298 52511 76630 18297 
243
43208 3259 3685 29311 42246 76026 18839 91591 93526 76451 14999 79659 49306 56658 93168 57293 93239 59943 59809 55392 56110 84596 33740 29444 59876 26996 50530 5226 83525 17627 68884 37622 74990 64640 99932 6588 89605 35387 88034 43103 77795 30315 5923 96101 49956 49965 98969 62819 41464 54241 21445 83384 71553 98937 15305 68039 71476 59529 34677 54526 7434 11351 88531 99757 61009 28858 9176 14441 33690 10497 80060 14029 93182 15146 64161 39270 54866 81605 34795 95439 80617 46967 27137 50540 11126 72087 95453 65851 45232 38075 41217 69465 17841 63422 87822 79647 58729 83188 31118 35341 43213 92808 36668 16894 84492 37528 96368 8044 86795 46288 91251 86969 52903 67350 50355 11890 22572 68557 87507 27488 54061 21336 7559 59280 66641 13580 74435 51282 13051 70887 28260 11229 59813 37132 35435 1308 38296 62873 46014 51522 97473 58340 13609 85316 40571 81487 6991 54906 63503 33110 4380 24196 56629 34490 48628 23281 92455 86299 95202 72579 28824 83163 8425 70521 23111 9111 80197 30738 86675 35456 76482 30516 36220 81802 55334 83096 77533 79494 4710 92388 56956 16819 14026 45522 56853 15269 86388 3357 81872 23338 81184 46632 12394 57854 25897 64049 60949 10056 6890 39613 6409 27847 9429 65906 26462 68353 1599 1080 82371 41819 62263 47214 13124 95988 78799 70043 28123 26316 11678 9711 17909 7806 60569 69787 6402 82943 47088 45050 72076 21208 33353 41367 64849 65359 99221 45643 90770 14025 53088 20420 42015 92972 23683 
124
30779 99138 62922 60601 4973 49647 1874 24923 84399 53642 65265 74485 91695 81148 93133 34486 95220 50812 290 10357 89596 32202 85655 7192 33263 73681 78867 39266 73100 63165 58199 36706 92417 95946 82552 29944 34336 6126 91613 88394 35891 95120 27720 81409 41117 82431 41376 36728 78946 25121 34317 75240 68417 70278 86569 93440 79182 63247 967 30566 65901 48025 72590 83095 53825 99470 80118 14050 68986 21719 50265 67243 95725 53890 7183 44893 76697 80534 97103 14498 94368 56512 26521 8694 13380 15810 65853 25590 20299 58654 96169 75241 59196 48533 48222 37713 91693 31525 29186 92216 52612 43248 33287 85516 49527 62671 90308 76559 31453 82585 35296 45363 28763 27366 50321 75562 6652 26520 76506 34162 1816 19355 53458 45486 
178
78821 5821 11594 32106 55699 11704 97671 69849 74883 27846 15609 75657 15639 87776 25531 10180 13306 9021 13590 4705 13531 19555 55379 69114 60574 74610 10317 15689 38911 92899 75323 10328 21602 99557 24482 54696 73085 43836 83628 63714 48399 95303 77047 76005 71238 41398 13661 12880 72551 52651 23349 79252 25384 87475 78716 85575 86390 21075 21287 97050 74225 48184 96475 71434 35366 3508 80484 96053 92036 68929 29384 86192 36826 67016 75501 96537 46671 36725 61417 89874 47686 58138 22691 47935 1308 55094 87719 33514 77401 45903 27799 82263 55898 28507 66760 83825 14503 69552 76168 31693 70962 15615 63404 69812 6721 62984 91888 85728 9410 19942 96560 41757 9922 8790 2235 1914 81424 98036 1943 35320 47464 75819 460 89890 22113 65412 93309 2901 51131 69369 31795 54485 88851 19048 41022 3110 42517 91063 49921 37450 92123 2948 55411 13022 73288 65917 67109 69726 52101 34375 61471 33525 6868 83875 31142 96993 40776 88684 74624 41051 52186 46147 516 32336 98803 51166 32260 8294 92664 91156 2170 46621 64552 9945 68819 78260 99323 43640 
122
52555 37048 56752 88254 69324 17842 80175 32819 926 48780 23707 34793 87936 48873 93076 54427 82299 12147 15649 21672 83855 77952 68589 91145 29797 50223 76091 92569 36345 72521 2389 21996 28077 98334 90677 55099 55280 12879 42862 9224 30233 94712 72518 85934 70243 49707 51777 70712 65934 64035 78906 63101 94515 68064 28603 55288 73737 51572 62319 12452 40073 54310 19577 32440 54530 10470 56449 96887 96935 60767 17521 70391 30964 66494 97634 16448 51521 8359 62575 78899 64961 79297 29265 93293 72064 84408 4862 88278 4972 65956 75776 49184 39629 7880 31729 53856 87873 22006 97131 40505 83505 16594 92050 99689 48212 99316 6566 58075 50002 95685 41086 23763 77725 98868 25513 10085 83693 15318 43250 18814 79166 13050 
59
22378 23644 42206 19665 92534 28932 25136 25367 90865 28251 14236 57012 87049 59383 56592 90773 67040 32354 98722 52202 91563 81657 56499 73573 75931 60501 94569 39862 90932 89128 93330 46040 38722 71746 26556 55591 25255 72234 29059 914 27862 29614 74458 54786 88881 47726 63439 64039 71330 72492 73083 40010 49155 1727 58464 43769 48306 1231 32485 
136
93465 51098 22605 83754 43138 47561 37757 80515 81330 44993 43665 92447 74907 54382 69949 76666 74023 91803 70603 65065 48339 93898 7149 96781 474 63791 99070 11255 64471 48933 56329 76998 49386 81721 26315 66746 56963 83902 62597 47039 71142 9616 71731 80104 84933 49239 82460 95573 20176 4408 29830 61118 48370 38139 40799 67251 33311 95138 60008 80997 59742 36198 69368 82142 63836 12595 83892 1617 890 10861 95748 78038 26983 32203 17905 70836 72741 21502 55793 40132 36831 75574 69793 27384 61420 82217 62234 36443 63011 78974 88673 9682 99621 96842 96878 77086 66628 28157 26111 5146 4059 50695 1456 60010 71417 71836 52432 89606 69801 38554 55095 11074 51468 20453 40673 22432 64287 59272 28864 51302 48991 48665 60349 88176 42030 20992 68711 98065 24238 29474 73594 70742 14808 97812 7320 78049 
154
31801 95235 98038 66064 99907 73027 28289 18379 38898 16780 24573 60820 95777 12240 97810 8319 98409 61441 94529 78663 54230 37003 91773 69520 42299 7605 85225 42407 39821 51233 53331 64855 96398 24496 65840 55021 22883 29114 78261 3310 10756 63265 23950 65816 41322 35944 86120 91890 75130 4833 8106 1055 94571 78948 75796 84087 74935 5189 60465 83422 59282 46322 32544 68627 82126 38645 29378 60529 57073 66302 41016 60790 91347 70586 11525 45290 68324 80838 39813 90470 56937 73641 30852 12613 55533 20647 90036 19636 33631 45104 1170 91273 35678 3058 69748 64526 18059 73555 39875 30716 56021 54034 58796 1064 16593 58318 27126 83537 51950 78344 97219 38424 15751 87057 55359 42601 45208 42494 17750 16628 18601 98983 66349 38983 1663 72277 82096 60383 65920 48245 81434 11638 21398 46378 13047 9608 78913 95972 45317 11097 24318 43574 56036 85832 88395 30233 8892 45247 31887 84507 57164 6747 14127 52840 
160
96607 39127 93458 68694 60374 91955 33475 30729 98158 17654 38945 97438 21049 23636 58875 83365 58735 75792 38300 53964 47705 97011 73918 66480 50091 49810 20055 38049 12628 67381 82324 26003 13056 89283 76239 91885 17742 10882 6419 35056 21293 89280 34751 67830 78039 52232 81735 56979 76338 44978 62716 15929 57843 8778 60266 28380 83647 17807 16969 75701 89035 46388 6895 78179 51961 62023 6775 14747 7568 62686 8725 13699 27394 22135 17791 68728 33123 55450 49984 26186 60648 77436 76845 14148 57053 90076 24182 53711 21754 33076 57405 11777 19431 45449 42182 51203 48494 62078 17450 91694 28063 64408 31713 13009 76939 81947 15628 87110 3827 45203 54727 1930 42093 19591 76655 8076 79059 64469 45653 64884 64889 94177 70770 12244 83 26642 41695 10653 1574 6851 39123 71852 69925 83705 14567 96816 41711 79918 57203 49117 51633 55517 8085 7948 20637 38904 19335 55677 24969 44397 57118 83242 428 37372 37406 68838 73303 57528 77617 25002 
7
17267 60521 226 38369 86831 31111 66632 
124
32481 26337 42367 22262 16341 83457 32963 83385 79146 61123 13047 81916 96907 8444 81271 24848 25329 13350 94233 35358 18127 68943 26575 27491 84671 54034 83521 11198 91714 68242 39298 68575 42402 32401 91549 65778 93966 78556 48981 32435 30908 51019 30113 67217 76084 27908 93407 70906 82054 73636 68741 38522 10526 83353 63212 71816 78366 8050 3347 98225 39678 86641 18316 63617 94080 83965 45393 14398 15518 42884 81865 96883 66932 26949 15914 28945 32310 57194 83865 69319 11010 13413 47105 4709 95712 20527 28534 95432 19086 12348 58822 93094 60417 59859 25908 1985 29113 5689 52384 18631 92824 33519 78859 88875 86177 12644 4515 83002 1798 37398 93342 84413 29321 54257 43308 43620 38435 77348 76942 95401 5637 92716 92565 38078 
226
5064 67297 64158 15142 31966 73239 41359 86490 15170 77563 80259 69910 83062 30693 37740 16631 88897 28316 1658 77125 62548 54764 29097 95567 96807 89114 69636 53657 52650 30599 29514 41733 30177 86462 90926 93535 35586 22704 24210 77044 65854 65192 49352 94711 21389 49407 56343 52708 24998 59700 33877 29034 35512 18736 60238 4919 26627 91130 74163 39695 34053 76832 90964 43207 69040 55601 1987 65395 73356 63959 23782 48718 15008 52477 91958 44698 48832 73627 84590 32977 51555 43142 29034 33038 8928 91431 25922 48411 45716 90524 23078 48445 72477 15688 26084 78312 93705 7669 65500 78445 17698 79435 92531 56225 32264 36433 71988 2407 69589 26046 31800 87253 3585 50345 11768 822 91473 69395 20470 88511 43437 7358 33316 63033 44969 95657 83838 65328 66331 18107 84461 93050 68082 8059 478 81043 96048 57573 86144 93040 3769 79466 50508 57519 99623 10533 96544 2793 78976 53320 1893 17620 39455 6475 49836 23409 14995 72819 25715 28022 41677 69359 95455 74530 92701 51122 18123 79516 51004 67898 97665 3076 80273 90599 22693 95083 12218 95292 96250 40796 60694 52089 49207 33273 54341 46927 64735 64863 34011 55241 39169 95952 81478 77056 98169 99128 23630 63271 67588 10893 35101 22362 15607 4537 13864 10391 67173 42381 8660 68279 62692 63654 32048 52578 29837 38133 46311 18844 43595 66008 32195 74541 88268 16135 27751 46378 
208
4960 84411 89751 76852 9003 73258 34472 2619 71725 2994 60139 1337 75575 21124 52749 49029 27958 17977 66635 80762 12550 94094 29158 67605 88799 71008 22388 25352 66486 37146 84141 80613 88169 74234 23069 7526 59862 61198 92768 14561 5518 29959 55059 80336 56692 23037 22773 51811 86385 80652 8480 29767 34322 6876 40813 53625 38460 21472 32203 84661 90881 46682 24454 84885 10262 84123 67487 50122 97771 43997 7602 89333 97545 3779 84106 65828 16688 21549 60666 32870 71280 32152 82614 6822 36009 82290 39034 5098 55715 29074 27123 34866 82467 31477 4513 75704 89354 70865 51678 3843 50789 17312 61539 48232 15401 93807 60035 70804 39669 55308 9916 28945 93682 45690 24665 6567 53919 92942 1402 97028 2688 40066 65757 73552 97295 41437 85761 32011 67666 8569 89397 77444 61214 51577 38454 82236 52079 77593 30286 59750 48125 26997 58697 81001 59306 28230 897 33292 96548 99159 12052 32941 54135 87224 27888 23813 97639 93309 52929 61762 57516 95708 5137 62532 11093 89232 11765 10184 69014 78122 22993 37763 32235 90609 26425 38653 38584 3948 50324 49701 32901 28917 30266 65861 60888 13830 49907 24055 13017 76423 74890 66375 15839 55305 1516 20879 35264 50719 38695 44571 18075 17829 34717 61613 20267 44838 77137 51744 
37
29824 65757 61694 756 63958 42343 13676 85028 65141 46557 5291 75447 28185 9676 60300 31798 44101 89137 19063 10719 27844 34977 2579 96724 52059 1197 58537 2999 85770 95404 33947 33358 13345 28939 89105 24569 64621 
124
59896 83731 26418 36033 35070 74851 88200 43041 65247 78923 49138 46939 34591 47402 47411 59772 20474 5603 66737 80417 28683 78224 48847 83697 80783 31766 1556 86327 92235 395 40891 62518 30224 40249 97866 27260 98704 22145 81302 29832 6677 39211 47065 86489 88726 98192 76901 13829 28257 53594 51931 4615 87333 38846 87567 66463 3814 32578 79247 59409 32520 82289 18696 53455 78281 99814 69504 35093 78447 59216 68399 70189 44744 23930 52281 36342 19203 82322 96350 89215 41812 44938 39297 94722 17799 16727 20401 1147 15832 50833 70895 11722 54574 92754 32233 77619 12403 16081 73130 65755 34111 46527 8014 42709 6923 59257 86534 12868 148 68734 1216 77270 31958 90255 44158 25929 97946 35099 60444 31886 37494 75003 4243 27804 
127
67467 77739 74872 26907 46677 31830 21283 89770 58290 71232 51859 96533 31713 89042 2034 35232 62482 44547 44947 96514 88427 96189 29884 27980 97621 60987 95266 2565 71537 88942 55604 20994 59945 91894 59567 66718 43046 18078 9598 99136 89483 34861 68146 74233 33737 58667 38767 65945 89291 13479 78206 93878 35610 3041 46665 2834 9909 72870 26789 65704 29292 61202 86106 88701 42775 698 12458 63906 23807 24146 88449 42402 18651 50530 44506 98387 43560 2678 54503 75279 5218 53852 2678 26481 7663 36736 64478 59121 42557 22357 75541 25206 29854 10701 25285 13535 53560 2667 76843 6722 57614 90247 24532 64087 25125 75366 72823 11924 98944 71476 13280 79501 61731 37887 18269 14900 82601 73336 1733 95855 24492 84369 28300 27399 15644 10201 63193 
167
69563 92992 4364 64513 29665 4451 95847 96840 83381 31524 36149 40543 15662 92264 62150 55743 75558 45594 3654 88988 27108 33185 48584 2628 25946 62234 9574 24751 53852 68629 38736 29722 23698 741 54580 27177 30788 68212 31850 23186 41117 25364 54358 74845 48999 65308 87793 89474 12457 53404 32356 86796 34925 67926 64636 41588 26931 73547 32591 48039 33547 53427 64422 227 32621 59670 11366 91107 95630 31101 43509 63618 74854 55179 38261 24639 59768 88759 58430 86623 59993 67686 37610 87405 88000 52464 31869 50987 78824 31295 79542 21107 17412 12677 91127 71650 5117 85777 72177 79405 71976 63191 43152 77125 18536 90728 1719 6195 60011 55179 66934 54390 50976 18666 82942 92865 22273 90738 45004 25997 95315 89168 11347 74702 68479 79491 2674 12110 21820 80781 69379 71678 75667 49831 29094 27524 25813 80385 18034 29031 6759 80697 23294 23111 53645 76630 28366 94740 2447 69434 9517 66194 57510 93088 45794 69938 68861 65356 18324 37945 873 28081 83062 63161 63494 64388 6297 
220
14595 12665 27742 51505 96016 63561 77861 16656 43693 93775 52429 67283 75603 84874 10125 82806 33032 14560 64345 82510 59366 26667 2912 12917 90654 73017 98913 59464 78334 5147 3624 12905 54154 6979 3096 85102 1460 40767 59736 33462 40528 73668 16370 62842 79192 59294 93813 96511 72200 44690 54914 32476 13090 4902 5448 81001 32261 21546 10411 94387 3431 1113 16203 24911 21563 44165 19211 93438 1429 91655 17228 62057 47223 49887 18394 24653 56509 17559 88179 95231 42042 30595 53467 45761 14063 23004 34088 26684 93254 29609 53025 33351 26055 96972 88771 26510 53274 26986 69278 41510 54778 83912 90530 64906 92907 99601 42347 47561 75479 93911 89298 8886 48704 25783 86436 71599 89375 58651 47511 38882 59828 7526 69133 60664 1169 44365 52142 10084 11450 18744 78873 44631 54387 61361 9176 89014 27145 60140 12686 51422 38765 40308 31483 15020 39710 67199 16519 78319 60587 46175 94594 17334 97486 33905 43983 91594 85555 75427 96232 49309 64587 17944 39080 10443 23182 98646 98889 43247 86100 90068 66059 39832 11580 78385 24344 96322 62651 86118 35519 53475 53480 14696 95843 78563 11291 52816 32729 12440 80928 97406 28992 46138 55559 22898 64588 98230 90643 5563 70364 71361 51981 45551 15336 63919 31289 95730 81875 28087 58963 58510 49735 82327 69007 61340 34215 87958 65558 56840 48014 65151 
80
36866 26366 6231 94440 69665 87108 37685 26495 45674 5938 15699 76918 33857 55097 28266 11573 29294 51703 87851 7990 44061 13295 34969 72059 98986 76289 35352 37059 82601 94114 46934 26163 18247 39492 50256 53827 31705 29677 89949 31174 79787 67060 74008 33919 14742 98150 66625 40707 31223 98845 3570 93822 29234 24767 39668 45963 56590 49435 67666 89258 79728 64199 46812 38701 71412 72556 70431 17456 83205 82669 61365 94876 52718 92323 23237 32423 91540 77560 51862 52619 
257
48215 70742 55445 34089 86456 46956 56408 35158 23501 10067 67855 63822 3645 43738 28911 28521 86373 92848 60613 48361 61192 30033 98559 5935 74556 25444 73452 46416 7446 6972 21276 79387 8176 71438 66565 69587 51029 48218 15803 35702 66672 708 44200 24522 81776 26477 75400 57083 30141 3551 74390 93855 59810 93785 16070 28828 91913 25311 56679 89280 94234 24442 47235 23001 99024 30182 25853 74594 28439 35437 18027 49876 9879 38102 91071 54735 24133 34559 33915 25265 87378 97650 41343 23057 61895 10617 22524 15903 26193 54548 21139 36716 72156 10468 63191 99139 98460 77401 12245 49998 81638 42495 81497 6854 58364 5689 76345 86617 54796 38718 46774 85988 24124 59816 62082 11219 77972 60210 14569 10730 43075 17631 96143 72769 76554 54712 66614 38076 65490 42920 76855 36193 94969 84908 10291 56931 46469 30616 33868 37439 14102 78080 81868 12700 24637 49353 58018 69321 96988 49471 62469 93546 42556 86527 94837 75453 96064 67250 68563 30684 52209 65981 8262 61209 48592 86758 94364 33356 92933 1269 34754 92939 17288 97910 59708 36479 76163 33362 70529 88559 23586 64292 89531 62358 60822 94408 85719 90659 2364 16848 73037 98502 30959 47717 62740 28164 20985 18799 79262 60679 56093 61159 71944 416 20770 36221 86428 52487 9101 6308 68752 48094 19650 75011 89162 3986 27124 7187 32060 16086 2695 43070 64265 2500 57218 13436 88884 68960 67856 61687 96601 62862 97664 41816 5196 13772 72614 37666 73599 80374 72703 86590 96208 72433 5979 84852 50894 65202 13820 1176 59795 11454 32789 71909 25155 29190 61769 
235
65062 98339 75968 84502 88656 83483 93706 79891 45569 95763 48769 71598 96765 30464 25792 12697 87583 34119 52934 99178 26772 32178 38637 19572 17535 64434 53015 13757 80419 98614 83537 88245 49323 93841 57029 47727 7387 62602 76658 21169 32780 2250 84903 3013 87083 86269 59901 14080 98446 44117 31157 29056 1183 88713 82967 13984 43513 22114 99973 58372 37809 81348 94908 66276 11039 52164 16790 21084 51499 57578 20636 47414 17323 41408 21846 21030 15889 80903 64080 96707 67477 45974 18763 70028 93173 66574 8193 66137 98929 87655 22958 31506 82254 72788 46607 12821 31330 29656 4625 60898 16734 26696 94327 20934 74489 5056 47071 57505 9092 99418 21265 5668 15091 82944 54309 25936 33957 2815 65247 98623 64915 47563 56849 32141 4874 67159 41999 81937 43250 60316 34376 96000 62549 74536 33225 93420 74796 84435 83623 81278 4477 18038 710 61362 22605 56633 5401 41888 71317 56292 13855 42259 26113 82371 25113 47949 71799 64705 53014 10924 96221 35344 38436 92714 91146 92376 44717 16716 66702 65119 79491 29692 85448 83751 65781 54726 6906 43045 9248 81176 63933 97619 98417 33879 2671 52649 22484 52438 91523 79385 22579 9187 94974 54304 90382 28994 45831 30015 64048 56755 97735 45761 6441 66767 95795 93453 98811 61191 42743 29410 16869 68105 23871 5842 80568 91562 83678 19544 43975 72826 2363 42872 20941 55316 21 21790 76881 49386 13631 53368 32372 12630 13552 16627 34793 
261
18427 26620 82446 56388 34440 7389 55535 93139 14918 54317 19675 14844 88584 22061 78709 41561 59476 62495 75687 59843 57770 99744 32259 79159 54674 36524 87582 36840 38220 60310 11236 23622 83507 40453 94358 71482 73079 91930 74871 36985 41838 17665 48657 28380 3107 62710 631 76661 89555 40787 50810 37195 88185 85172 33059 8113 16458 12807 26839 92907 41796 2627 33361 48834 95191 9293 50993 44635 48500 76167 99264 13451 33549 46205 74376 46667 20180 42190 4386 90350 33401 58410 11411 96173 67871 69734 69716 43263 34273 11946 69056 13735 34687 85984 61879 42738 29695 67789 12462 32299 44723 26289 43191 96350 62569 806 16043 60283 78426 10408 10699 4278 66912 54949 97715 22284 11728 89968 23443 59700 8043 25155 32634 45494 28764 91057 98002 60615 48317 9871 86747 37232 63751 96014 80553 28842 10307 63690 93413 36127 86249 44175 98344 54118 21124 64756 53192 50030 43142 86453 54931 98998 90707 79109 1247 47694 901 96837 68412 34201 44543 50587 72016 95967 47094 23656 60575 92665 9596 56023 91417 21596 8170 50854 10977 53801 79243 29696 94226 61658 64704 23677 76054 88172 871 30251 49517 22936 22966 64121 329 46670 75024 27378 3183 3487 84055 7946 64577 66631 45892 36050 52783 14734 24098 25088 73159 10559 64653 23030 409 41630 50730 76264 29473 18741 53857 28334 44004 78140 81919 29752 17656 65473 37680 71095 69771 76400 42112 57620 32250 17012 70655 13457 33351 29049 48575 63246 17486 15912 31896 79531 39220 65853 29365 64914 9357 13551 10219 44279 66583 44010 70717 69518 66766 76425 38893 81317 75854 6282 21593 
22
26095 77925 41272 82589 71411 9861 52677 44527 36425 18283 1248 79101 40067 8922 96247 61634 66390 78950 58617 19482 77262 58284 
196
14597 4648 4384 98456 93924 55814 6788 79670 65171 71488 12554 23670 95712 78438 44469 6088 30319 81931 42911 99729 65133 42482 67724 8737 81279 58288 10662 98243 70649 21521 85020 62768 74911 7925 52125 93290 54851 38095 70976 56418 44192 41251 2199 80217 10916 14597 63978 65719 96814 80647 63423 4771 669 39732 50928 32884 47819 64133 77774 4077 19001 89407 56726 23426 88069 47806 64042 24280 5296 25444 86324 83348 58543 76611 49110 69441 24045 28323 68471 82052 82131 54563 11634 38978 9122 49611 79245 99020 93844 63895 60401 74696 47306 29452 64260 49913 27334 7057 3032 41262 53913 36252 48913 68004 67291 37155 34831 87757 83416 77955 98743 34158 61619 45347 33177 57159 79079 61771 25094 68809 78160 60325 17044 57074 26535 83959 532 63093 55523 82165 73357 91472 57969 51665 44133 88964 40770 18135 37071 4979 92047 92065 52643 94765 4340 14919 16535 70164 68332 12222 11901 19157 97071 68246 35330 6836 34222 97290 36664 13128 16221 4679 49007 46624 87945 5858 24503 83424 99797 81188 93212 11941 25297 18353 14928 69127 74790 97827 69746 71950 6737 62283 33412 66238 1939 97794 38265 46759 60736 3532 92327 35399 19426 88705 3593 31835 
152
52019 64958 95709 10262 70920 43591 77772 66442 81768 48514 30761 58042 76547 46282 79348 6273 82490 98047 8251 94243 63443 14349 37561 79853 41553 61855 32966 6959 42193 19979 18467 42965 89866 24078 80280 63509 8981 56894 69934 67131 22647 4496 79534 86644 47329 72560 81647 45720 49671 46195 85661 44304 40644 25708 70447 64754 65260 5732 13640 18644 47713 34530 17008 90332 96011 57468 18383 55443 62614 55649 80029 36962 10729 49707 7552 24295 63750 32713 37108 46174 75776 77615 37217 27787 64358 21256 95560 11986 19347 75522 91352 66155 20140 96890 23555 6170 92195 95869 63385 65742 58786 58436 46045 45582 48210 4875 390 20183 92552 42575 94470 56648 17273 65249 17024 46872 65025 26806 4634 56900 34668 97086 22826 82604 13171 1666 69214 2093 56643 60429 18780 83829 25682 11157 96182 41327 27070 3507 60350 97262 90400 53225 86303 59388 21527 90051 82245 82284 33803 96155 8526 5780 
100
13493 88418 93131 6434 38710 37787 16802 24697 90775 30461 36936 52280 3690 19363 39692 96401 75996 13305 3268 51388 55738 93807 77514 54515 4012 92054 56733 2688 2053 87181 98700 1227 4225 75632 6669 46399 24258 81114 56755 56839 83573 48722 33926 80399 90919 97579 96754 74062 93746 83576 28292 3676 9588 99689 38580 52752 20227 37054 49367 56997 19626 85282 5956 24811 43122 39045 59171 9163 34739 44463 52054 97115 8629 4994 15034 94723 65772 35517 30358 20281 36423 56639 82391 47141 45028 59921 70013 85822 94133 67691 42001 86925 86969 30087 57591 66905 60036 81504 96140 69673 
201
23115 84610 9173 5977 24309 65846 14986 83696 61646 5019 91697 49010 83337 20949 87611 94399 61431 50070 74305 92784 29819 73557 91321 44883 75152 46311 15626 56110 22112 68134 90080 4406 5659 44795 5673 70277 20097 90179 86037 28135 11736 46588 43910 26506 78896 83343 81209 53121 86254 40455 73590 63688 89142 73725 45322 29609 50498 96612 97335 54853 49547 7051 82988 65119 83341 95708 59347 64055 77150 75244 42480 17892 12 17511 17357 26637 70315 32941 11758 69971 25672 36066 12044 19331 74237 63690 40498 43732 661 16646 68817 72014 28001 83189 43449 68942 16147 58682 89371 5701 69287 43733 61154 35163 83351 96411 60714 85780 91084 10579 28858 44169 57988 50712 26001 73920 64388 39356 40326 90275 23666 6002 40704 76541 2748 97019 42064 86662 87662 69465 21304 88144 85244 18331 38190 86131 63457 86490 69284 43308 58323 60200 45392 79527 13587 23353 13472 44654 26262 43443 96530 30000 8040 16928 40687 60472 88504 30819 90915 85833 77916 35866 35866 89069 64908 89989 40116 67714 53818 50518 59117 27093 10822 68108 44486 70062 20103 93294 35764 78264 19592 55251 45170 55486 65756 51579 358 61031 54749 6603 55683 90454 13461 41120 74459 35809 10476 56891 45329 57541 61867 
305
60772 2856 89045 3356 32103 85343 53642 31998 27987 52576 9106 23033 9973 31991 2943 11694 45427 21420 67706 60199 79898 72103 7798 31096 80627 31496 84501 56183 66357 13169 38439 90849 41947 56274 44563 13021 48420 11585 95529 39843 31729 73295 76188 28563 87119 24224 7115 35696 79003 66786 60904 2936 87201 5033 14771 79956 14888 16626 76975 2589 55651 23822 96556 84187 58792 84964 84036 26462 95199 10699 6793 34763 6576 82215 90622 1810 59116 65696 40244 88311 9246 99229 81983 80270 19189 88246 59969 95402 97178 47403 43937 83654 21188 41041 8787 31158 93078 55155 35482 36097 74331 4157 34455 98151 89188 15118 97649 85861 45002 47166 27151 14237 83764 28279 63656 85953 56099 42361 97066 60418 16407 20364 22773 93885 17420 68008 93985 25247 8469 89064 62555 55792 63452 25231 13068 42466 28837 97967 40472 12422 40752 87756 96490 78216 95949 67261 41666 76781 71809 30054 30586 57713 71493 38632 61128 49116 27574 98833 97345 79952 43030 34389 46041 44526 94841 77736 31735 45408 50173 93791 21813 37761 72314 40190 59041 166 71669 90071 47331 2082 82972 93600 56030 95083 76937 14339 14139 20718 92913 74949 76569 28601 82665 48213 77209 5401 82895 42626 983 31113 95198 94122 23798 91055 90327 63061 37219 34629 66905 6002 5210 27864 31397 50309 40014 28562 75870 66913 43877 54639 10735 20558 15967 38461 63621 95761 82566 73886 74071 19331 62299 34773 84183 44880 82340 78648 58029 72194 75130 20579 28091 49510 16831 75348 60887 38454 78285 6355 33430 69348 842 24638 51219 30103 9686 33073 75663 90711 32174 31701 91078 24136 95968 35284 26590 17188 45632 90597 59074 78110 70216 18267 31324 53123 53147 47008 82288 1445 38515 19735 34161 49862 66922 69906 31135 15027 58664 76202 41336 88188 7724 33528 4972 81505 52273 92361 70709 78633 58595 34291 72984 66942 56358 6604 24502 
94
89304 27262 30861 13359 49914 44970 19101 80832 82777 39546 28720 30054 99041 99152 2513 67033 12429 47148 4175 84118 7148 67339 24999 44365 15529 4950 78086 33026 265 16505 97354 96854 25957 91261 61461 40350 61075 73605 62787 37859 24248 75700 71051 8738 9905 97714 20520 94202 62161 48462 68944 72065 43668 65047 86744 81464 2151 49587 53321 21411 72241 97305 27655 45344 29070 89168 53511 86068 92556 9808 79355 79583 37691 1030 91302 87421 94039 95762 53261 52155 85107 63703 32591 88966 75342 45359 68154 2489 606 88535 94474 91942 69092 21179 
167
61203 27142 35323 78602 344 5198 38562 33456 69894 54397 30671 4624 93848 64550 30432 84785 50834 32992 70852 94085 46717 41900 27561 13473 11428 64740 19016 54762 89291 6713 11593 59867 61532 50393 51363 76902 76307 24767 97276 38770 40652 12046 87339 49759 38913 968 57764 59869 34325 37837 7556 11755 11269 91270 59399 39657 16565 10887 91313 4508 41309 15750 13281 30434 58028 32014 2984 99762 15232 15824 58680 69017 21508 61271 49826 60505 57312 68522 48815 36842 59803 47074 54909 8050 21322 87719 79169 88064 48220 98294 6605 96673 84827 56292 37885 96846 78048 73997 25109 22205 90411 16275 31514 35334 63783 5565 54188 55435 69042 62938 33711 996 72233 85554 94229 58986 60571 60834 94963 29742 29428 74162 49175 72126 42560 39753 93803 84697 74841 41059 15860 96526 7465 8757 40085 13334 60958 13507 82767 71126 79055 58701 56600 77440 27190 45040 16674 8625 92044 49740 96188 75640 79702 13871 97955 58756 90083 14966 52481 96280 9980 85625 20045 43559 45446 47026 68630 
51
56126 70742 80048 86315 35689 23819 91070 66794 45048 3305 78757 41490 65783 94519 30718 6858 2861 19048 29620 65796 90009 55263 59515 15054 15401 54842 64038 58850 62225 32375 37580 47700 78425 28996 11420 57804 69935 72291 81529 12519 4348 42821 40616 62789 17164 20007 12006 9115 36667 66783 71055 
187
19591 27836 12009 91995 31230 94287 78670 83196 88250 51763 72964 45808 16735 77223 78370 81586 54951 31718 55157 54712 26543 11497 1730 35422 50303 82151 80600 52837 69217 81484 82653 39313 38797 3933 66763 80181 79827 81822 47994 58035 92239 69805 10715 41013 7504 7970 77453 83237 27053 60260 44031 65717 59270 5670 44438 85620 65757 96267 69216 87048 39356 92725 67057 18238 55092 7749 60498 75825 19768 24676 88612 26729 45894 87704 67740 55850 88732 11667 40923 61708 71726 90652 22374 88645 31294 5534 5559 56508 61832 90293 93717 81349 25199 43963 34039 97212 42697 46243 55211 37854 43683 9941 54301 79801 66302 62826 44804 78952 468 91143 74247 76595 98152 12080 40495 61992 71725 48556 17122 47884 50021 75314 10406 11053 23405 63773 6440 17454 73319 64467 23539 21403 12134 84500 76271 43936 65856 11127 55963 49969 14331 69918 13772 97600 82220 22484 27024 85938 70966 42214 2265 96855 96230 42969 64680 98171 75942 21109 20334 40504 52365 17843 67933 48218 59818 84542 47292 15689 54869 78245 26881 21500 32147 66487 42795 71895 98316 82638 95459 44840 71397 15779 28814 7681 9515 41604 62279 
126
54832 54738 72657 11225 9035 32609 22939 41638 11688 34430 25405 91427 68063 41941 61696 33804 91557 45942 38180 68912 10436 78401 78436 45700 42915 80172 50689 34186 57449 14982 62615 91388 88022 36536 26849 34031 86641 95729 12124 93676 82218 23454 44449 5044 3926 48017 68911 7612 37340 48421 19544 77143 63954 75176 10954 55765 77511 15348 80977 83168 84415 24157 53122 64779 2171 86764 23711 90931 14988 26319 46912 25640 44595 79487 91969 81961 12218 59329 72997 63413 33852 78378 51175 64064 41157 95244 22546 5079 57463 67637 33251 41628 50986 48485 29255 90284 63084 16340 37476 76177 32423 30965 56307 73260 88592 12189 66097 84467 11091 6016 8896 38216 50047 72307 72415 98292 96557 23422 86421 933 70338 18776 96174 58653 58485 57443 
209
44195 62612 21384 74316 87166 26839 48294 34038 96940 64350 31159 58955 55103 3287 57676 74169 93795 41484 44896 92799 84875 10508 78273 57291 72932 44999 25358 57048 33802 62708 27861 84840 26219 31302 95047 39148 6924 50290 42877 83524 77939 94393 53900 25086 91184 10648 95582 35570 8059 69923 63491 23109 92135 47927 53286 67454 87055 97310 1757 30727 46105 74561 4525 38972 16443 74129 29218 45980 67276 69257 59893 52577 3836 2976 31708 78005 41000 88823 90685 82240 30525 69388 33867 52060 98878 1153 94291 40494 86474 93085 53231 82292 91275 95212 32540 86971 47349 22055 1869 89236 12790 60518 8709 27327 28466 22161 78131 64495 59160 31952 2443 9439 62678 68338 3926 83846 26108 75821 92602 14825 26865 36059 66328 61136 58957 10520 94097 62577 87971 77680 54364 90403 11794 85412 8813 26081 83567 93477 94850 42178 25430 58062 57669 50746 45661 37301 50496 55239 91005 25385 82068 79691 5960 16439 23129 77307 36217 53748 24949 65097 33730 33140 2896 42501 47460 27376 51921 93444 28875 48247 14873 2270 6267 28372 40256 5343 53736 50805 75758 81083 93005 60339 13311 68927 68724 60330 52418 32237 31905 49337 29126 61736 41164 40394 81038 4695 52953 33188 74848 43465 43267 41491 96528 54072 55544 19664 90475 59057 84794 
206
93262 92492 57817 20463 66392 30450 16586 35245 83370 20332 2677 13817 81805 46892 19899 17235 91649 45988 98268 79562 28714 57874 91513 46275 4026 55849 39953 35993 57229 27043 45030 47368 65750 57341 49605 90134 90750 28329 82910 28110 28224 47087 42942 48135 24139 4301 52366 1386 19790 91886 10143 84960 94825 33807 84943 65465 6396 66692 63329 47984 15756 11565 82409 13408 13013 57894 1177 4372 17879 19624 61487 94622 46473 52578 21261 25723 49823 80680 64613 21898 80441 56363 22321 90319 86470 74382 23086 53296 60926 43497 73169 72198 379 59948 24784 45392 10571 42706 26030 19946 99304 15763 26344 67350 33364 1117 55265 43955 12745 82248 75044 10607 3856 12433 93440 90344 64596 12458 75120 13577 51859 20679 32844 82622 61812 59973 89358 48962 49632 55950 99422 92378 1203 85112 58859 52595 16955 29486 23831 52204 2658 55144 77704 56961 15002 94634 6737 2029 83309 15570 62316 53990 46898 90341 97670 8321 81011 15809 30750 43240 47790 87514 70639 77234 96876 77414 60644 14446 23413 53678 65631 40329 97139 57807 55296 92305 37030 54972 96916 40094 1251 40187 55026 1078 39674 10745 87997 50095 43424 60510 88465 72548 16064 19955 76854 73157 25287 21965 39822 92738 42407 29271 14339 98117 58818 39424 
43
52493 43395 2096 8721 41815 43320 79305 21828 77624 72156 13594 50970 23487 91925 49678 70555 51033 88434 49921 58126 57174 35394 61109 37637 62637 2200 12977 24880 30382 33913 89134 22717 89738 61637 44968 44052 84137 60318 79637 13835 36732 64524 72558 
59
36175 39369 62567 33958 44010 12203 37825 1189 13793 73866 60104 17039 28659 18883 45663 53190 78485 16479 91486 58986 2351 89522 25007 88878 25876 30179 74586 46823 88387 60798 13983 3989 4011 72638 33916 32042 11003 57842 50545 52474 33076 55629 26143 80640 90324 4658 77069 54679 38558 18226 41524 45162 93328 72364 34665 83844 38788 98504 71895 
198
92483 31121 22927 41127 2938 53251 98364 96441 55383 38757 75222 76729 26652 1468 41366 94830 68070 27891 27200 38440 82251 53341 75274 64535 35117 83927 62536 29709 38203 30329 34879 67750 73451 43133 37178 3188 68739 29497 49280 2514 30597 54574 47740 59174 68869 16364 40537 12024 30820 23484 23926 14021 68940 89355 15721 15291 11356 87022 71511 2344 47768 32234 50197 91876 43553 77112 6963 17857 40882 72391 31307 11768 47566 62631 71709 73831 13729 21476 14336 74148 63441 79165 67079 19611 83976 53081 18101 67880 34649 80029 15378 79291 95687 58376 68520 66290 59557 87090 43910 26173 19873 95934 85851 14321 5835 80190 62153 67742 26016 712 26636 35356 223 89362 14538 72129 68337 19993 29678 86027 12871 69693 56015 54954 81333 80458 37417 78199 38983 74177 73009 15704 52996 75130 80435 1393 21690 61636 86398 78415 98155 43965 61930 60152 44663 57131 95657 51887 76669 29036 95818 74216 66509 27718 12755 20445 56560 64392 18486 47041 33578 75655 60055 60663 33022 70032 98471 55279 79147 78205 8349 55949 9480 67340 29748 92542 42302 34360 24313 66508 7246 29043 68665 36490 26513 2744 15754 27782 16511 86785 49103 82517 28763 26930 56146 68253 10668 62242 
130
52855 37593 57800 35337 43691 32976 87901 6461 62919 96575 3273 54306 88171 60014 28038 87346 31795 35516 57358 48788 96665 15385 14019 74423 78207 30521 49520 20521 7188 58119 59199 40824 34924 50547 90396 38358 74356 40190 62257 29333 68129 27244 93583 76730 51677 68585 94317 31727 58803 60515 63083 47312 23239 36445 88791 36434 44203 8191 99702 7679 2222 56494 84571 68459 14884 10933 88760 46466 14716 93296 76044 12999 97228 66077 5151 34241 21753 57170 12436 19323 14320 56196 7977 88563 76589 80057 32897 67632 29299 58803 92066 24261 30435 86225 44840 70733 65818 1257 68533 20633 7331 68415 53619 65532 40698 35886 67597 41328 24980 40157 56162 64511 61626 40896 30796 38128 58673 16528 33169 77323 89912 20095 95623 68918 16376 70849 19254 56593 76097 51086 
176
53413 1954 11485 11541 45230 71859 16400 22093 36141 86961 30399 32952 26856 52548 69263 47189 20364 74992 8693 7758 212 48267 93931 2572 33855 80031 75671 3680 36611 59216 38067 10957 58131 820 53213 97464 80746 13405 64727 33167 85853 24767 35529 89642 22058 64584 86670 86244 15861 49714 1300 72032 93127 36965 87472 85603 83498 15257 54254 89858 74689 36714 19676 77714 29696 61391 82694 82578 8669 85446 12886 54757 64785 24464 41347 42117 54065 86069 40913 26072 73590 65349 44915 87596 97130 33296 70334 57221 5723 61714 91581 54752 16248 42679 39727 95552 29574 67810 81766 33564 33164 31601 79218 78702 95874 19272 32201 63508 36404 51441 4530 65111 71557 78616 79126 99956 44221 83052 68411 25773 20598 35778 46817 64792 59950 48906 61016 94219 4609 86525 52416 38348 2641 95224 53882 96911 46655 88220 11544 87030 58055 84329 6291 16360 79144 54790 87251 30377 53288 42988 78940 95201 75827 16426 9907 82437 56739 80515 33478 88389 38897 49194 43579 18434 4978 7204 23097 20441 43285 44215 71478 34585 47835 67324 47260 54511 
104
87250 20098 3731 60717 86658 42894 8530 18388 47153 9169 81261 6830 91480 48923 1280 67157 637 98743 19631 53620 13521 54652 13415 44994 66783 41575 12560 86961 25891 64878 98276 65767 60275 54458 9823 58991 47166 58578 77903 77121 50993 2578 46008 89907 60559 67926 16786 78485 96772 87801 56887 78280 46494 89695 17738 69658 81605 75481 28663 5796 63397 68557 25881 49404 60802 4498 25976 46038 64362 7661 98338 14761 19117 98999 51655 16386 21602 61036 24581 43641 64936 85352 95925 2070 2825 46851 35401 98698 25887 46645 25276 32859 87423 6936 14793 19268 98850 26501 34701 77042 77778 67442 99505 55095 
275
24260 90872 53140 27836 51893 43747 88739 19865 83010 54457 8005 13983 89440 63142 47910 53582 5026 45652 68402 65711 26534 40884 66053 72789 24208 94017 53380 82941 23176 10573 54048 34356 9927 62985 75181 90634 16759 12884 18844 530 20788 75405 37373 97951 43535 27893 93693 10113 62036 54789 91190 2360 54000 49563 79897 15848 23780 89632 93598 52231 47915 78432 74031 18366 66994 38650 5365 37739 49643 88147 87093 5323 80782 15953 93489 80827 63194 41093 50052 60145 67181 62261 12517 14101 82310 93110 30615 76938 21131 31106 21813 99450 65155 31777 71618 66731 91945 55543 62204 84899 90862 71933 72968 36833 97424 53683 77184 53685 75858 96354 74504 56440 92207 851 85851 31508 63957 37129 72656 74146 76838 56117 14621 54405 43432 12009 47416 21032 37470 84746 7969 95853 59534 85784 21261 42027 6672 88054 20386 41494 4065 15442 28077 92427 93613 93505 51124 49127 99223 46243 68822 85392 17383 1993 37868 70482 2977 64300 89202 49707 10493 1191 87765 93613 72423 33259 51617 41111 33241 1380 81699 30604 42803 55932 49206 76789 61085 32889 84687 91444 37734 55683 44774 45292 6780 19830 42986 62985 12724 11930 82509 53511 22076 78332 81283 64351 39412 23478 47690 88295 14507 36958 99030 53120 50471 63365 52863 16029 90034 93198 93379 42416 2613 81435 7884 29783 71012 23253 13158 58912 77094 3231 55436 40446 97453 99241 70879 50118 77642 71404 29833 21590 78020 38822 78930 58537 41804 64070 84375 42337 80890 79160 5795 53232 78236 77420 93838 7149 741 48894 54437 11698 77318 65893 1384 97475 42100 30657 67987 18065 93686 50952 30417 82582 35198 56816 34361 44085 97127 54097 5714 39327 12104 42796 50545 
264
43041 34258 88823 85434 68858 74171 90808 66486 804 67368 59068 57905 93451 43035 91055 15234 11349 53290 79647 31711 65155 8400 63027 78488 66373 57869 66069 87428 69414 93759 9771 49204 50309 75036 27501 90140 98267 94925 14862 74610 62826 47063 25948 14084 78203 66878 44631 84073 33420 62090 27626 21567 53548 60123 68418 90853 70448 94402 53097 24970 80839 19815 6014 90861 29693 50056 11361 32188 73291 90398 73431 72987 22762 45873 64133 11910 67125 19080 16903 25261 43670 18544 43919 90424 83883 77513 11277 71954 62826 38376 76631 93666 66963 66749 2018 15373 55669 71987 93643 52416 25720 11524 63582 42225 56603 37092 77353 98356 72786 30012 61572 99639 52219 56092 62511 5723 46503 82357 24431 36091 57706 84139 7128 39770 40468 48540 24402 1205 55250 8483 50170 98668 33305 33251 42047 51527 58990 92200 28897 88650 67874 10925 18378 85968 27366 87391 32463 81627 51317 79168 59075 33900 33359 88612 1656 69330 81486 35365 87642 57731 96198 17818 39775 73881 30941 65147 45106 32180 77590 10039 55560 90398 25659 36725 80720 22922 25364 85586 14813 43488 52100 28028 75910 71126 83291 73724 61719 22801 45327 68897 69806 63780 10911 73398 23438 43246 99451 3123 62159 33216 99200 86779 53345 13037 13529 63241 64015 80944 57478 38625 12540 84095 59761 47336 91065 28458 31738 19017 38794 53526 83670 46604 58429 32616 14763 66886 14543 90832 60141 43607 58249 78907 51010 3772 22172 20699 35914 63849 59210 42175 37613 31795 49448 20298 68695 81732 27090 95259 96018 74450 19150 71234 22451 57042 33981 28605 55445 36589 2476 67437 92976 55609 20564 54607 
85
76904 73786 83068 26913 90124 96518 43084 288 58612 12254 15481 33155 53010 93694 59996 5965 17896 48142 17763 98328 12287 89085 93472 53608 40506 5097 11302 20726 36365 36560 40561 7961 22845 45553 65757 42537 482 11289 54971 16858 8279 34252 46391 29781 26786 81510 38154 94807 84942 67046 99003 82639 67684 37756 96361 36257 62418 46301 92523 3131 17837 82043 37316 1084 77886 74196 99729 51298 29475 20016 40475 93233 23954 41222 2951 95469 69998 46731 8991 74669 28701 85748 17767 53456 13306 
55
43026 47141 51873 46798 7436 79588 63294 29463 180 37100 71109 49225 84484 65153 32939 56438 37090 53113 33109 23297 45369 20894 34307 58932 91687 14340 92529 36705 48550 50805 73918 42410 88189 26224 4521 7113 22973 96508 95179 37757 17828 39859 5897 26057 9861 17981 27540 30822 2920 4686 91953 13035 65219 20612 98890 
270
54594 38695 30382 75314 76877 55947 77443 64831 66305 45505 49191 46744 55535 55291 9185 53371 54176 90191 31597 47112 50121 57223 63533 20179 82875 14256 68985 45856 97796 77114 14928 83043 58603 99994 72748 64995 20209 50434 11060 54814 67247 7033 24590 85460 38280 19477 31160 43837 24901 30105 5243 66758 60296 57712 97944 59908 6909 73794 6826 82193 35554 9399 89178 27713 23196 14098 91762 67286 24655 31077 17054 72133 97741 6180 18938 30331 63216 41458 87716 14357 79705 65196 95414 27498 92349 83144 56629 66277 56999 83942 9349 85265 9355 36395 98526 27604 55380 88703 77384 92387 84526 46802 82397 84383 67142 83806 6566 98967 77977 50813 17630 56670 19760 86253 4751 64241 17229 56496 24458 42942 62718 85294 45190 69544 89373 67711 49970 56963 36782 64692 13805 61768 93036 21293 93763 4863 3786 83116 77881 66329 4675 181 23078 8725 60644 90349 15825 12808 24950 86398 54404 7997 43076 1183 84351 16598 26164 77061 18902 46955 45664 16412 40731 32769 85504 69912 65036 96321 44343 91367 71067 37083 51031 68931 4937 63902 19174 61296 7276 94936 70835 59248 97815 63483 83329 45120 95568 46977 82837 74584 26217 42010 77288 87667 38860 69971 64067 1753 95925 40363 40459 37747 17181 13440 52335 38187 97553 85289 41723 43109 82679 37489 41489 55789 68350 20935 27687 49427 1017 25599 13411 45102 48148 40398 53472 23244 39720 70318 98575 74822 40378 62032 41303 75259 57059 41959 56398 91156 36255 12334 41505 34767 5168 43809 52546 93770 85065 68328 37641 68717 92998 37779 28584 7392 42927 62317 89306 50452 36941 23336 25477 90946 37456 19672 83569 36633 70445 38519 15696 43711 
62
7021 89082 86068 16991 37563 44473 66203 47070 35113 64028 91567 21637 82688 56247 44868 17924 246 81146 51382 65533 7148 45882 55167 41409 27896 30491 24870 61923 32473 67971 85110 97824 2285 168 7595 79802 68196 28187 52322 76208 99915 75269 41331 42166 38274 97123 80944 29700 87528 35753 75223 29143 41488 72092 44696 56493 77867 19400 50149 60625 15138 10590 
228
67411 3766 55823 33192 42804 9092 73036 3873 30753 19061 2202 79256 33623 25785 58008 86203 17444 44251 64104 40355 221 78340 58713 72092 55458 97207 52765 20502 42283 45999 81612 73181 47445 10097 33586 46473 16865 62719 64726 60794 51782 50944 79471 67161 62394 82915 43356 95269 76987 75743 96976 74367 95917 27440 44009 25427 2593 95525 13646 42370 73095 29504 90666 54289 26811 39157 30911 8343 26699 94659 17923 98322 65304 73162 90322 64679 24281 11190 97886 6030 16309 12822 93367 22328 72174 74255 70135 32272 68279 13755 73262 12908 88995 79834 42572 68702 34709 58976 14570 59618 57619 98911 11408 92066 34535 56676 18893 20838 87965 51794 70376 764 24947 19718 18512 88406 46964 47020 98178 52421 66989 43140 55897 95943 27244 8601 54407 22826 96428 7864 30213 7463 44939 96315 58534 97267 50976 89933 14949 40686 21431 66086 92015 84634 64276 16799 64345 45357 86303 15643 31320 74879 88091 39084 18730 40402 7587 1046 72444 67335 41809 60986 8269 43861 93638 1899 26737 90060 84841 34851 15262 42534 75183 20206 76899 44659 98887 42471 77550 46041 9470 86274 46244 94752 52273 65727 33473 33861 33326 48209 38352 44343 33552 18235 79288 80228 15581 40292 23078 36429 36888 83922 65226 57247 74210 37750 50777 42539 58665 68352 48881 96442 75164 48093 20166 88660 90981 28274 60502 95174 77157 84795 52681 96838 27346 55210 14922 74427 
233
36178 84740 94320 42080 6579 81223 65491 25890 90982 95709 83249 63096 97836 996 32941 94676 94005 495 24924 54303 57272 69539 67787 42680 40162 91829 26668 83453 38730 63865 96080 55606 97887 8917 27611 76950 23229 15661 73586 83382 10640 36700 52988 98665 29018 47683 55887 18575 25464 7502 33365 67993 13983 77298 63150 89237 32646 11290 91183 93780 59479 41866 6508 59852 31608 37248 29781 4671 4126 68647 51224 90291 33997 21064 77377 34054 7943 2423 41674 84279 52090 18313 13284 70910 71433 67854 95861 4815 87910 56966 40556 66148 66066 71087 90253 1475 86846 15570 97304 26520 86648 51590 43813 11351 6730 87468 41597 21573 83034 32629 84204 82295 74562 33880 1501 65510 68950 34187 74002 59118 47758 73575 8440 85861 17333 18299 22148 91786 24309 10920 2862 12315 71213 48570 30647 12362 35244 63234 70051 67231 41749 61791 35854 31491 99640 75012 95253 51520 74390 79483 362 75597 75573 61521 58068 31066 17826 87820 33889 31416 5133 10039 72729 52726 95608 76148 7034 17901 83013 98548 36090 64745 77274 65268 34667 97547 679 41123 30136 671 85087 72718 7123 14607 93033 73503 66793 37262 8315 65150 64189 84891 52880 87798 9735 81408 42615 56322 15671 89626 36393 20614 22526 16605 7657 22217 37324 32533 15620 98207 39706 61959 70343 44605 24237 52004 72048 60037 39666 52114 79994 84480 4628 1239 72854 6327 53771 38531 53042 57936 94016 28094 90263 
298
8285 84998 76820 96703 37557 99388 22646 64300 8272 41677 43673 2927 63386 3133 11802 11975 99361 37210 23682 85550 19183 83783 95507 71731 84841 37963 14176 49720 86857 30578 13118 81369 45769 69046 60804 63618 94949 20040 64542 13415 80936 63574 45735 21977 71568 22470 28588 21068 72837 32528 17240 56306 9659 64976 48245 38633 71556 73946 48189 33893 28626 82374 75965 36148 14346 85615 67116 94989 25084 71370 96887 59914 77817 80647 52551 16151 62223 47715 96962 76287 10916 73252 25526 81088 83427 82542 4795 13586 99150 88564 7763 29730 26136 89650 31480 54293 5962 98791 22102 76957 15325 98930 26524 96521 53231 82544 23576 44376 52779 44716 18445 12058 49625 59822 79641 53522 51220 31981 40556 87689 53161 46022 83433 10108 53431 43775 82133 82162 75624 24035 78676 34022 30020 82182 48239 34746 37380 48643 57063 44893 16051 10568 4892 69050 18532 13866 58103 5400 54988 51542 91060 13118 95396 97036 46363 85149 23437 63899 70460 15134 16887 50022 53332 24600 12053 42547 48788 24367 67219 54434 71773 43924 48413 967 77927 56331 3951 73038 58676 94240 35363 18406 80209 53480 72032 87209 79153 5175 4240 40602 19947 11431 16843 71636 46664 90514 28488 62105 53909 97822 74695 60482 3379 75991 13089 19418 22013 57201 90534 71029 32122 55765 24748 90133 71964 62332 87000 84124 790 22211 36724 5182 99486 73046 49615 92906 13069 89766 24334 83901 60412 85793 52028 75356 41377 70253 55684 83767 57230 41566 3671 56912 83446 31191 52578 82567 96036 14933 30830 4903 84151 3138 39008 11839 33574 62437 70373 34377 93724 69162 46324 28247 41482 40457 97690 57652 39810 75534 99759 66991 26837 13819 14925 47949 28594 84682 2381 43782 78810 48614 45391 52581 68734 19131 87414 91432 29646 62254 22256 3608 75717 61579 47007 81229 74438 50470 12487 14480 
211
61973 21356 48515 43144 76932 42620 61207 63648 57786 91970 29896 14015 64105 66940 67749 4755 87228 50538 22197 71225 91142 84542 74464 37431 48151 20166 79175 52840 60920 67434 79036 90746 106 19888 16823 70950 47043 34446 26678 22900 7116 5052 31561 14906 16608 18179 54632 25427 91433 18127 1503 96376 21338 87171 30426 96739 95897 12402 28870 9767 605 71462 47866 59809 24547 59030 25479 97822 75276 51687 99028 84047 59686 50568 71299 60116 1203 69628 23963 62493 91730 46649 4765 22593 36274 92818 61922 50703 63204 23703 57265 97316 96764 71959 75910 6972 16206 78281 31641 51438 78949 34155 89180 18746 25326 33732 94094 66726 72175 82813 76282 57364 96726 13982 64623 55197 85821 65748 52432 48466 53039 59004 99121 56017 3454 9284 11055 99256 62168 50548 12228 75979 9529 55294 26734 1380 98959 79677 5241 80030 28911 42536 90504 29874 5626 39369 48759 11813 79926 61611 23632 51359 70491 58111 81916 21468 37605 14230 90951 85276 96662 80921 69846 50424 76434 99672 32459 84393 77736 50386 97748 56051 96204 11604 66283 48473 42729 17283 29722 88019 84748 93210 66736 67494 79187 5525 73448 78671 24474 58139 47586 83236 656 4022 23145 72656 76958 69126 80197 28601 1400 58158 17813 67821 49697 8612 50855 50786 21043 43367 58193 
96
10369 72857 94810 87411 81007 56507 92693 77433 83980 59017 56621 2916 73769 96446 20477 90260 960 22795 63726 91619 87220 57594 81921 31042 79642 38248 45815 26206 83641 82505 12967 84315 64195 50339 96647 52632 46785 10868 99961 40060 24346 45879 50803 80242 59305 95724 79386 21348 42281 9327 97710 23606 37641 1092 57957 9483 23694 85002 5477 49998 42350 72321 14821 21339 74362 29681 76046 35989 83043 79227 4211 69165 34272 40332 84396 91583 22225 37549 97038 22278 34840 33231 16965 21368 38036 50856 45680 51378 89433 73421 32939 69606 93208 61158 92239 59635 
5
85000 90036 86031 5764 59976 
5
22467 88179 82579 38955 75973 
289
66724 36217 70056 39884 92846 85330 20399 54431 11151 61025 22234 94484 24976 30028 45305 64315 33604 67525 97874 878 10579 61711 85907 49041 12654 6169 44625 86358 71793 76668 63303 44490 11913 24431 25370 59344 58097 60941 64528 28700 13467 58508 97777 14315 53155 69187 14702 96534 71992 39661 68778 73489 39461 56912 63275 3894 86059 13069 90385 11588 74216 76093 76985 11961 51542 36204 77775 60331 18696 37267 64241 95307 40372 50092 60466 34376 45722 52469 15791 81353 17229 47688 81004 70561 53001 42472 41195 26149 23183 64479 88330 95522 52438 38306 43394 64115 93009 80244 51180 86674 66175 76552 85674 48013 69579 6170 70781 86533 32239 48487 59678 28570 18317 25006 3499 83381 87149 58411 45953 63209 74393 77564 96618 86151 75440 6236 87145 16435 76397 30817 38458 53045 996 57035 77799 35547 2798 61464 37329 18915 52835 40117 47839 81315 26585 84946 93547 47109 58484 37487 41868 94780 27687 56336 68448 58954 12708 35300 59139 20852 19834 23717 32612 36476 12535 42011 58282 12682 69285 94551 27969 81427 74385 81076 74664 29821 69524 55271 32590 3378 45551 59176 43651 72646 43904 49237 18096 15875 94277 38523 72857 88893 58013 76791 2689 38886 13877 50154 69072 54230 65371 30510 57416 29112 14393 54768 39295 38940 61104 41111 55437 9398 44017 92333 80119 98189 62722 87887 87909 70096 45168 5530 53608 13020 65612 62271 12777 48673 42155 68900 52783 22132 5410 20076 44305 36883 79766 1481 89040 85980 12044 66486 36044 68299 29206 83528 55368 11466 93356 99550 18170 26246 62010 73285 18624 78522 79733 23815 17853 95440 9393 57087 33587 21419 70184 37714 5923 29179 59855 8480 43703 78969 52583 52086 44329 65151 81275 46794 37024 62206 44174 20553 17008 189 63846 5853 82884 88732 68237 
179
97752 75125 33146 96553 47074 47512 83916 65608 11676 82542 46143 87944 54241 34125 17068 55501 38028 54430 61484 60332 78632 33345 73791 65043 80399 91278 2714 48853 27603 3398 91922 65711 37202 14655 16024 75053 56385 61006 54860 65494 68049 30364 7091 54180 40990 25877 6384 21518 53055 42990 3741 36190 33664 17891 93467 72545 98723 57514 68549 7824 53259 9665 8266 82244 6782 29406 52932 43218 73507 63150 92987 74420 81217 55055 50471 62940 82642 40431 4101 98334 69175 22369 95083 14654 18289 99934 63844 19307 26195 11257 14900 34046 22028 15316 95518 12747 18093 76996 86560 93321 56128 11499 86723 34659 48471 48853 78065 14660 17636 854 13901 21334 29366 74189 85404 522 46878 27303 32473 15822 16163 63036 96300 36518 31359 92002 37929 75328 62154 56045 77086 28058 30681 35972 54854 82633 67005 22604 84828 35924 70161 13102 62019 17126 83381 24914 39892 98316 97385 2269 72981 45191 64688 99241 38345 34651 73325 80352 22381 40666 77705 57699 88397 47841 69607 50807 98090 99181 54930 69635 95681 93154 32666 50646 9077 5617 26733 56335 19778 
142
37849 21792 27506 26648 27365 17151 78022 78357 77240 95169 43239 11351 17572 2622 59737 10098 64013 88554 95267 83660 24493 91668 26270 41754 60883 8437 84640 61443 26236 47632 76565 28344 78023 84429 52049 39176 62321 75912 8193 33720 51156 37393 86215 25028 99734 59546 16525 65292 47179 52465 71557 63572 32369 39572 40245 55144 15923 44776 41631 70122 9793 49034 39065 52922 9723 80553 38167 13735 99474 39503 72775 51591 42957 50389 12530 12366 89160 27960 58924 68131 16343 39095 60115 71139 42552 22407 86576 73616 67016 35057 72662 57187 72240 82397 76984 92959 15849 1225 70326 86447 55234 99387 49875 99296 2449 46502 84695 58599 20840 72721 94159 13448 49815 98171 35142 24110 70375 14780 14181 53531 37417 19265 85259 58535 9498 15620 78712 99407 32743 72364 34739 31553 49872 100 2025 12734 96009 82137 97002 41549 74327 1427 
235
13660 9206 86529 29432 59368 38334 32116 39969 54905 11384 2066 55415 62862 92282 20889 67552 82684 32754 5837 52449 89052 88247 94130 57826 68475 28487 25774 90442 39069 49689 87192 53781 93833 2900 97471 66878 27953 38626 54515 97603 37427 12220 10524 55102 48208 89501 33290 62847 32377 65660 35439 97669 6989 10658 71100 99333 30294 80173 22018 28141 6376 18585 49602 56042 33425 33492 81825 54468 73853 5401 47156 675 84317 13318 15708 65481 31080 44314 92215 79723 4643 23742 67746 26613 75208 1189 66455 13684 80398 61906 89951 60154 51922 41050 71589 63313 45784 3263 72318 45610 71726 64480 86312 30051 87747 20422 71282 63806 28638 51273 31795 55624 28859 16209 1015 55673 82456 8588 5884 62085 20103 86649 44030 56257 17977 64830 49590 17835 93719 53502 6925 16124 37275 28937 66955 85661 70445 37143 91927 22182 90405 74892 24650 79410 10658 48141 64340 72207 46379 93564 18801 77244 68459 96663 67618 37142 55221 522 25079 20817 45929 69376 61121 21716 44374 35700 74380 19570 79184 83691 41332 7914 14004 98174 97160 73560 35118 84989 11605 29984 55708 20032 82786 65432 97048 43653 7374 77044 14072 65291 3450 53605 84540 21400 54186 46702 10331 17906 27541 69942 84116 46285 18226 74937 58591 77585 34018 48876 18901 57896 81529 48808 58102 78170 48548 23820 58337 98900 29865 7152 9279 72446 92530 53198 79943 48135 63272 43676 61848 46759 11293 30393 53726 93454 36972 
112
85147 50397 98688 90817 20946 78970 97167 77248 20561 85239 3905 9830 75341 56546 87879 68188 72747 19302 88757 25509 35977 50903 1091 12630 10433 64045 23866 45378 90736 84180 7487 8419 31462 84517 33866 36145 69204 63924 67547 67437 25164 66414 99097 55877 93246 30355 36579 6540 67800 4993 97504 38652 39930 75231 99963 81469 47824 72282 62814 30936 38352 85625 45818 38826 24776 99432 61118 35983 26559 76982 66588 88723 77837 64715 95310 21727 87320 16704 2757 24284 72500 84165 15401 86389 44411 5837 65538 96690 83059 30848 75260 64496 34255 40205 1018 1468 47133 48512 12541 69031 39634 77403 76630 12310 57410 12688 7319 14788 51839 52735 2571 28392 
201
64656 98977 95296 3109 23367 35008 84369 17305 91989 28518 74205 30894 311 32027 78658 29441 74869 79706 78531 41575 4116 48720 40303 27113 58915 59443 5594 7128 81084 17349 41534 27762 95686 33977 12199 47416 71845 34491 44938 71901 96461 77563 99666 14072 94884 58390 89307 13007 33389 91747 417 69560 40747 23876 30437 71244 58870 78428 65863 28157 6799 61306 89495 80276 98853 63979 86087 72023 95689 8686 36321 49447 29799 6915 38821 4244 31210 24305 49887 40061 22179 83771 76125 49629 75091 15094 80061 47647 71692 41688 91449 12830 11622 39094 57974 7554 6171 52079 63487 41837 49868 90135 91924 88733 62080 74185 5518 14875 77263 70849 77348 8954 14473 40849 93816 83626 13840 37083 44876 80810 9239 25015 84081 10374 59081 74551 11087 98274 78632 23790 17436 52747 60439 7442 16882 9767 95861 69831 289 71479 62058 7765 65666 10795 69437 18935 92839 61541 68800 50354 23859 71243 81990 19914 47923 86204 84217 67944 78918 85420 64152 98563 62180 20782 61722 78665 79630 69559 34890 82602 33670 41214 34007 92997 81538 14656 79153 87322 2217 27692 44714 60231 49236 19023 29520 28358 39132 46159 38650 20802 84750 76272 47880 13321 50288 49387 34712 21021 9736 58471 20294 
148
69054 34740 54050 24541 81259 82260 12084 62783 27130 8791 2821 57140 72632 64484 31348 67135 55514 30077 32982 76430 36260 94188 67994 48179 77414 12769 6917 96858 70926 6891 5688 89309 37962 41851 40713 98308 11492 13378 81069 65696 54803 32882 83939 7049 41419 23680 55714 64480 92968 68518 69410 5199 57852 55817 95410 39843 18826 23362 56539 4512 28735 67561 39867 52862 35524 12552 81529 99279 700 38079 3297 54714 68380 72259 76836 88392 52692 10304 72823 1397 60452 2607 46381 22007 93370 74536 93344 17880 83291 60102 79894 3594 71635 40931 97615 64664 24838 81799 11548 87752 7331 47184 70460 72089 82622 98107 45537 11515 41806 55548 87028 30099 45043 24724 57821 45268 75003 4053 64215 13445 66938 31459 54556 16356 36950 44468 98746 95282 38839 48483 43584 12256 35624 13744 72695 69786 53961 21653 87723 33156 9919 92272 45044 87333 19968 47800 46937 44340 
162
55646 15812 3529 18307 14701 30995 51442 47776 5596 34914 9600 99136 57709 8874 54808 1999 12325 77261 93154 61467 89653 91886 38241 20425 11574 20350 14779 54231 5308 84736 84173 11787 25540 48905 43681 3612 29592 3742 49727 71101 11430 34260 67776 92152 2591 28276 34817 54290 64802 18335 97681 92125 13750 35019 87308 67025 85825 36288 21356 29167 3394 94888 6723 71687 47636 32062 47350 34147 99915 69864 20729 11604 42093 28240 12823 26690 93487 55868 23957 87926 45656 49708 94771 61638 82716 39864 8090 36235 93294 366 63005 37401 95981 41325 89450 29753 9954 21991 52323 8419 39588 5794 46600 15491 98546 76748 19258 3751 60094 22914 9912 28278 36547 40594 63512 49832 4167 6086 27777 13792 91087 97623 74469 95146 33505 89368 58656 59210 41540 92612 38153 95370 18824 55807 2334 12443 70450 79028 28772 21049 54002 936 28130 13545 74939 42572 92008 25566 2047 79385 15031 26871 65537 52187 43574 55753 25353 25735 95860 59466 93157 69298 
35
94472 40688 90385 26823 93958 55122 78847 80594 73498 5917 93423 58604 59587 63189 85363 81497 81889 15809 62567 38139 15872 56634 45988 70322 28053 83440 84319 56142 73970 70385 80701 36120 24179 9973 82514 
7
81006 54211 5499 66003 18888 85595 1779 
47
65142 44715 35637 19664 14719 25722 17533 15272 29838 71857 48499 77723 60553 20569 25651 7629 65975 29950 42573 47651 90468 77157 59370 95833 35473 63026 36961 7990 38753 99180 43122 4571 83414 24067 21952 38477 37533 39409 65745 24736 92304 73159 66430 4913 96765 61991 49426 
294
70055 74647 4812 68737 56702 37658 873 15441 45061 83575 61509 47273 22892 5200 45528 64564 26436 57234 12312 69298 16205 96206 92314 51541 58138 43824 72273 53278 9743 87061 84271 2353 2682 3136 84741 46666 94190 73762 50316 80335 59371 20709 64808 94812 47142 19503 71037 58044 86846 70332 75369 48048 13867 6956 41616 17334 75072 93518 72149 55761 34535 7122 57400 24660 30849 5963 36345 14282 14984 84879 71146 34432 57091 6264 32236 53679 75031 65479 10964 36065 20752 6197 37226 17980 22105 87352 89944 79324 18488 86764 9776 76093 82645 37540 42932 45540 65770 35560 382 42778 41067 37280 51932 18419 87200 81657 89966 96359 96516 5865 76097 73324 82035 97116 68674 83654 90824 93774 24007 11201 92253 74992 47961 62563 96167 83670 66119 91978 32526 34059 9183 29351 94869 17822 36892 61865 74192 73844 22412 52901 15698 12963 23190 94896 82466 24350 54858 71800 41245 57570 6227 7805 24499 28545 63260 34265 89915 72552 44502 74837 4899 25954 71015 85736 52277 52198 53493 65281 99357 17017 43989 70992 46061 1051 48015 91748 35430 23586 39128 37708 92394 27025 58531 55376 13885 3337 61310 65803 13494 66725 44325 45303 89667 63405 63246 89336 78522 92628 63437 51007 57060 58259 38903 36730 71912 27520 90023 44963 61876 86220 31776 82668 78803 88769 90647 58362 99809 77665 66414 40055 9640 37979 31007 9424 23911 63548 69446 83822 59706 83649 82056 80858 81824 56586 27218 55060 47685 7867 68908 34570 42175 76784 48287 1396 33151 91640 4980 22819 66138 33426 10641 4868 76876 38537 34522 76794 34630 39518 72183 64022 99561 56837 7726 33044 55565 50144 2783 38821 48864 63836 40262 61501 90441 9399 13142 57448 48127 15873 31002 58306 74933 21794 95604 76015 60332 92797 37038 92917 82306 67275 47742 16267 36639 26989 
130
93536 95094 25795 88182 31147 73139 48563 60195 98757 62465 59670 95947 89516 51952 34674 4223 35558 11643 68545 98640 5225 86563 33303 92096 21428 306 20249 52340 83181 46139 51426 95940 40564 36351 55061 3110 18121 84159 22824 59638 64137 53957 77340 74168 96714 62358 64419 12160 29080 65931 6394 57049 30599 62680 61699 48346 20406 21551 41175 10835 68716 42417 32799 30565 74099 99639 85305 34887 77243 14053 25370 35653 71899 64517 46479 92264 59605 27664 22490 31435 2205 67771 50594 10500 34705 8483 73809 74884 78425 41458 67541 71521 21413 22415 6114 66575 90280 54614 90390 35089 96907 73206 54242 89947 10643 73267 71292 64474 75624 28384 81707 59588 16182 16030 88042 93359 51918 96065 77718 86918 57964 97868 80579 39645 42512 59135 69244 35249 34855 39394 
132
70396 17574 13242 85421 58414 33836 34440 32226 39911 66462 37925 73977 16692 88070 45344 26625 90541 29415 18103 83671 28510 48241 49391 86785 41304 10912 92779 56275 99193 36713 55252 77106 87165 83968 1937 33640 91005 11869 86061 20843 93879 58674 4781 58561 79692 52034 80008 55078 19937 43756 37298 23439 51471 7649 91953 66077 72919 86824 20796 59403 61787 89434 82077 25461 42288 67001 56658 18444 75920 26386 46616 65052 52652 56555 590 68745 8335 1321 12013 87378 33048 8141 30899 48752 62283 95372 25289 99546 83740 86533 83186 74220 49566 30846 86787 29245 93438 89044 52331 76553 2888 426 67022 79162 35534 75946 28566 7623 40985 73396 73215 83221 12881 12321 95986 34880 28194 56019 98645 7461 66641 67185 4999 46359 40565 71292 2378 62373 48718 59493 83449 91973 
39
72113 73552 75159 17765 89356 22265 58437 58039 20242 33656 87562 90677 23348 79409 35121 81542 6217 96714 26301 88632 41716 49768 78896 79830 96706 3335 24275 11646 34734 19114 44012 74999 56316 91855 75293 4157 47050 28438 18247 
101
7560 15834 10805 62194 13188 82949 13371 5580 13184 33804 96932 44995 78609 98344 25189 75434 50150 50769 21630 20447 63450 81515 43235 88207 8618 70563 55220 26994 33585 96943 61162 11365 55445 49303 60133 43495 38715 70435 88881 66645 69695 25699 15082 60712 29585 81921 63220 7210 66982 51998 91703 30633 84291 84719 22426 92133 23140 52257 4809 39772 71667 8327 15112 81573 60033 6242 68985 38180 99210 59052 28054 77678 2852 58589 13457 78329 6578 35796 2958 25530 74527 99240 50623 56119 11614 80671 63837 16728 30917 11100 70061 66608 85673 74683 28473 51129 67763 73657 63472 63637 18706 
215
90923 30527 5118 45182 75531 92329 10791 13495 77717 5958 86443 67517 47098 54750 30957 85848 90444 13711 72131 67130 40193 7518 80190 42570 89262 66803 81263 56590 79326 25802 34148 21664 42832 9630 85274 38707 77005 61997 85121 19852 19117 30648 11508 16642 28215 29011 68516 70938 24425 82834 61530 90790 9800 99997 86212 90566 8385 73952 46962 8049 75167 53754 34219 28223 74234 24540 29275 47687 92309 13066 91785 63553 66399 45938 48548 551 11545 26747 5287 59411 63993 95101 95515 93379 92709 97834 81648 54077 44670 86204 14949 18012 67920 50641 78220 5106 38292 95784 66524 39040 29383 97890 23874 89744 44755 55411 99653 93510 7344 57459 54493 22022 91446 62157 23813 89355 12335 95226 97595 23150 83370 71125 98055 89480 88924 55483 34657 66222 28656 42367 31524 78376 66623 72574 53761 77922 25995 27181 19575 40416 52758 51292 25117 47597 94642 41394 7798 34187 35779 27403 83193 24228 98 65334 70304 39360 62808 89994 35836 64598 16656 58809 57632 59660 39316 30229 2809 51898 53918 778 70474 63560 526 14199 75610 92388 45707 71728 69015 13034 28802 70505 74004 83960 45514 23282 49953 81810 32276 46683 78040 43804 49569 52184 91031 73000 18425 27913 44891 4940 71639 15415 72706 61537 40690 83409 88248 93609 42259 30309 79845 12306 56989 65995 98061 
60
78620 17442 27051 32161 89484 73179 71857 2939 80732 67675 12837 5579 57279 10066 63904 31625 75617 29388 27356 39883 25386 4868 9354 90520 27941 88926 21632 58379 7851 91804 77282 96069 74875 53526 18395 98557 22191 62282 62009 37297 84529 2778 86151 82744 65817 72795 94254 70101 51646 23028 76556 37518 38893 4138 6429 91651 38798 89386 24973 33192 
123
93375 50023 79407 82105 25645 76240 29203 87837 40598 6451 47262 24781 64220 35856 36777 38090 62817 10009 12627 39359 14789 1447 78550 43578 43382 24076 43850 92478 59779 57934 49642 88450 12482 86713 77958 33561 67550 18611 24282 12761 40672 88474 24061 95745 74985 96472 4024 45903 94775 53792 96796 69431 34634 49759 53261 61905 10712 17340 70623 61698 99364 19852 98970 12337 16904 48272 59872 62555 49674 35079 21178 79864 20128 18396 59472 88106 1078 23741 84260 32162 4579 22154 43833 21852 5851 20108 48567 74914 30575 85431 81836 1799 26999 48964 77849 14999 32359 84233 46941 90736 92017 90168 59310 75964 801 57811 76292 32504 65323 6452 96042 25010 31685 28674 47069 84666 40858 29653 89556 35007 46706 62865 2651 
33
24148 36501 79482 58568 16175 94463 98432 74148 38991 78842 38035 99512 29991 97172 48755 74123 8692 22597 85987 35696 56523 5173 93352 37667 62411 47524 81569 89524 59998 16382 98375 22478 49370 
101
66133 639 87412 23698 78449 85186 71712 54036 54137 70435 35993 61219 26747 50338 67878 1145 18302 26822 17466 6019 56327 19742 7940 58535 81594 69457 72112 34788 69512 8568 15681 60509 27054 76988 92899 65037 89950 94141 54616 96302 14468 46005 80960 83673 64596 87212 64539 26167 25198 93510 20400 44108 3150 97383 61739 75754 59304 94784 88577 53311 88152 66290 66359 70595 26282 11867 13247 81617 13448 71640 62520 91491 47207 91107 12967 59168 15119 21796 40978 78385 19338 13954 81381 4387 31474 49698 77366 22050 8195 22288 42347 39565 85329 19401 64121 66939 66986 32027 35159 520 26525 
168
18256 16754 77451 99707 8477 98023 93195 12628 23876 79168 2278 48619 28268 36293 19269 77527 68332 30241 21251 92599 23033 6819 36333 37178 45991 82033 98287 5624 49148 47197 32447 855 58810 71145 75153 48355 29451 44678 27655 66438 5214 7246 46722 63476 44075 28227 54571 52280 17651 40961 93270 3934 23904 5919 30660 82791 33826 94098 60305 55532 64283 89074 26870 42154 33459 25753 73133 8393 50445 58224 82043 74440 28705 58299 29382 35405 88496 31308 65675 5833 44621 28475 33581 18097 38756 26632 69705 99151 20401 19501 15247 58225 97884 85781 26960 11707 79806 77538 18635 2177 38075 14076 91588 4148 15196 27903 97098 32796 91184 59116 51394 44353 49174 41932 94218 54716 33726 97016 16366 68155 57778 63666 20219 34203 74030 78162 76664 58774 43123 61074 70237 80823 84223 36500 22964 90981 85194 7211 29894 98929 79524 58108 19079 67950 15112 88381 42637 60270 31892 86227 92916 32338 34196 16273 59437 70439 29640 30202 82913 2771 44145 41729 95154 576 51879 20175 21691 48163 
247
3216 14215 40334 52771 59751 49967 6825 14871 99011 22680 53025 47227 89226 21338 5189 36747 91026 30532 4128 73667 88812 74217 97487 69663 16194 56128 92441 35644 29342 66648 68123 37364 77270 82994 76629 29417 64964 70729 14088 14568 88330 36891 86596 9003 61826 70577 65939 91965 99045 2859 71568 99054 51625 83024 17046 32141 78241 84303 12385 21178 73644 22749 51908 57647 47099 92751 8565 28627 41622 49543 21125 3658 47078 63841 69749 12109 49393 22226 79090 54323 23132 26434 62537 49448 64429 89913 25710 9814 62936 38970 29781 49711 89234 73300 22606 14109 20952 54555 33450 24255 25791 38517 22819 56665 15455 51368 85540 64605 52044 5255 61652 24127 10316 94604 12580 21534 85414 9207 21798 6467 42182 2576 212 15685 23836 36767 47186 19820 93821 342 67915 20123 60723 67054 68441 73233 95840 60876 56189 51283 36041 4083 99319 21065 26395 26211 74076 56146 91639 52265 89217 95321 73442 73903 27444 5205 40360 94712 19038 62130 48293 93948 64781 44974 39407 60037 48229 13600 58864 94305 29369 51976 10896 71001 24347 51413 1707 35254 29955 10835 791 43590 3002 16803 69842 47689 2569 12291 20159 16858 32019 71620 75276 32772 30609 28172 78482 36418 4365 97442 67073 49539 59450 77953 61751 23317 85284 15219 80295 93590 24192 57736 65276 15957 16023 34591 98555 10452 77193 82655 55173 18611 4078 13328 35638 43702 11298 4179 36736 56018 36529 90218 32360 27808 35377 36244 86811 78783 19255 84749 27948 91051 49429 11183 10644 95712 51119 
259
28252 14780 53577 82029 23782 97750 17779 87644 93040 91591 43453 99758 70174 42628 65500 63205 73819 79903 56462 30351 52250 78301 37934 7586 15042 22640 7771 9390 89658 49459 82719 38933 41700 88214 87926 17648 64462 98979 28012 28064 46373 52468 23725 91160 79810 17479 44347 44356 67041 13476 66405 91582 71589 9573 72876 84751 33303 88532 23959 72009 37811 19824 582 57280 11969 18544 38565 93570 64205 76602 51338 60061 21191 93885 38257 94758 67191 20606 86009 88766 6077 44128 72576 92621 37479 82084 69849 81955 71184 82094 86299 77992 32563 32382 39216 14605 7510 74839 84733 37529 53090 9042 5196 88361 7182 30040 61875 54704 56181 48311 72744 56029 76611 81275 89659 30191 3956 61561 5586 81147 27188 16398 97572 52894 63730 15118 2733 10070 23270 21930 80052 20617 99426 86589 92016 66058 9517 58194 95254 55723 26313 38953 89509 65077 61997 13343 38522 99162 81137 22795 4683 47242 1578 5289 61717 64769 97477 37317 92950 94644 23519 31613 22212 62724 14733 82589 58543 24487 52285 60062 94441 77870 14148 2400 38232 68061 48352 2329 58759 32002 94363 41111 5927 58005 67164 94184 25953 60492 81510 46142 83165 7395 3921 81903 22843 25396 94757 67681 1411 32243 32516 15524 10999 28008 88518 45954 4492 8593 89826 55472 3267 90202 51742 48564 32791 38398 40681 48905 35861 13709 45173 36107 72574 74690 21253 45402 88941 63540 1052 57985 82916 88809 66297 60539 86605 60239 5144 1840 45801 1841 6773 50073 40336 20034 1795 91887 9668 42310 36987 23275 45886 75989 67321 19085 27156 69254 16372 81699 78608 
254
28210 16532 82048 16271 28997 44992 2333 8102 77490 69313 95155 50055 50499 18476 66209 78626 32909 81752 15252 34505 51276 47556 18131 20721 14536 74323 13918 92749 97645 14858 21653 97174 76337 68179 50829 59152 50217 140 49650 89724 66884 23408 73128 80373 61214 94156 67176 47011 70900 81608 47785 77365 94824 86426 41478 29431 40001 99500 6047 83920 71448 74224 70093 58013 99345 74509 37170 61397 78548 24319 22346 39586 52467 95209 67033 42175 67628 98324 91753 70009 9905 10006 58329 92071 71732 49628 64344 7639 34246 83501 56115 59247 70579 91309 88498 76865 48622 31592 92011 47105 11385 92878 56508 87163 46405 48165 51754 92652 53055 22232 69638 20364 23876 50920 79760 41188 84702 3118 53566 49002 63980 62837 23954 6700 4185 81201 7986 92774 78509 12358 11756 67906 16861 28496 96362 83390 76347 67403 12304 50429 5066 93128 85133 36657 81375 48243 5418 57156 84333 7364 95824 5384 81014 44868 598 38624 49290 39308 33303 38946 56867 1273 29204 72317 87091 98860 69536 69747 15069 37372 61903 68664 29606 19840 62910 92788 2759 99607 96938 71411 61967 5578 91461 58643 6480 75617 42777 89700 25006 98545 79292 14463 37946 67531 80377 4784 1089 81649 12457 32756 8089 55926 55228 60088 63861 87152 32679 31319 60729 27499 48442 75324 93015 20411 37598 42425 17354 39215 97181 29707 91541 62438 31721 3961 88194 88040 46839 51833 54140 57498 16410 89995 43938 53302 38511 60218 78931 79567 85566 22881 74177 73009 53336 95532 10666 72582 92057 67301 74217 16420 14217 99490 7401 67256 
19
73765 20855 74701 89038 43361 86704 56022 28408 27705 34948 34981 8386 38079 83814 65405 81870 28099 72773 76619 
296
27687 81805 29903 77790 93672 58231 20645 40463 62599 47379 91032 66105 73612 58547 70948 69752 73613 10192 64233 34729 14424 97875 50959 51487 84273 51841 23337 19677 10495 15343 24832 70423 76123 80639 81873 14743 57951 28427 50513 31552 71555 64967 24102 62859 99661 97514 4460 25361 23986 21302 64849 94396 401 52074 77266 20258 21976 38068 68663 53015 69441 82601 64079 69957 2615 98107 16182 97867 23527 18283 71295 45485 17075 20706 90896 12675 7176 88386 23344 77807 36602 54914 50455 50013 96240 19916 63798 94381 99239 73340 12007 37329 87306 86504 61438 76819 25578 34045 19867 7947 6271 94692 46759 94464 70029 23030 57588 10835 94318 5907 21325 98464 32407 55211 12474 68901 89208 58655 59020 85841 37572 9845 48573 20722 68085 31946 70496 78927 43946 95444 31051 86354 7449 99421 68979 31402 95822 70824 38341 85881 94073 4660 43257 15985 83909 16550 5963 19164 74961 30965 47788 40684 49944 34890 6433 56453 46516 47873 81085 16714 56676 24592 37520 65339 31306 88368 89089 57835 93983 5946 23262 57773 62293 6707 15698 39844 83468 59931 26329 17038 31486 3439 37412 50669 77241 23816 33982 68270 41639 57094 65007 78438 46484 88925 29395 83205 42005 93430 86457 94516 29404 92568 28818 69 27331 81272 87637 22751 77795 98309 67742 76744 8032 4422 37344 86575 73011 53126 81939 26969 39845 91776 77929 80070 20179 90789 64775 8726 51580 79496 42554 99751 51639 15113 560 65849 4469 48140 76781 19889 67583 30647 2470 35578 93681 29569 96378 92177 79160 13945 94239 87974 12832 66882 16138 38038 46664 70252 49741 69369 37024 16537 77842 86749 40831 87684 44883 36616 66356 8276 66400 20815 36581 74834 96099 23139 36921 19687 53742 83487 90380 50496 31215 23427 38103 28767 30277 90803 84711 57177 72592 49084 80677 55702 45581 66285 
85
91577 33183 83598 96222 35360 28092 51133 44262 77628 35791 51010 45727 68584 96948 10226 96164 60371 63364 8835 84046 26957 10281 80083 90494 57821 78960 38501 35374 13750 8407 57407 83330 58847 83906 48356 16679 12061 53767 88452 55566 87185 64545 48265 10849 19875 10929 20288 66860 41140 21486 77205 82746 22989 59431 80008 23521 78272 71953 56358 45202 38101 94467 37563 22941 43367 85209 99506 13577 10324 3242 28525 79594 26676 46176 9387 31691 56817 63016 74828 55266 61857 39936 63959 25389 17168 
22
52702 52209 96304 61321 28717 36161 22191 1114 67291 10165 57107 12412 95841 43907 63065 6868 59769 53860 17733 73132 81063 5814 
107
68878 62109 75706 40255 71404 97844 90559 97925 69062 35649 29225 19035 60352 46189 46843 90701 44630 4297 31835 20726 99141 5015 91883 14094 35123 71905 79500 36304 28468 36333 9454 30242 90980 22623 63057 76924 83368 35905 19978 57639 87613 76084 22992 28175 39674 70001 40511 92235 86922 46736 96463 25199 6665 88191 30368 53473 71943 90267 28795 2373 83379 49129 11434 64168 35193 98277 43855 51909 73464 12588 61191 49782 9405 47819 1232 49481 95467 87994 2461 13975 46184 14790 1878 67899 25005 36318 82054 99524 75268 54170 35911 9147 60289 39067 25784 92044 54081 37172 8366 68543 35121 88318 52105 85636 45735 59476 72388 
153
54174 63135 89074 83571 59193 55923 20826 84672 10783 3059 73664 18146 2885 67245 10527 68886 10684 86596 40145 27929 48062 20810 63976 18063 21393 30775 31890 96192 29072 85180 23714 376 28643 58435 63412 56714 21937 40335 60637 91346 69614 62459 33812 19197 86514 33878 35979 16767 32276 787 96383 72426 19478 77587 79040 92277 99287 82862 29508 28757 66893 8071 85263 45476 16496 97397 64124 22128 29523 583 70938 98678 21765 65597 12480 13196 28660 16746 50982 11810 17546 7421 72540 96384 78010 1281 25967 28921 80423 73649 81948 72862 36990 77624 97217 24179 16736 81971 45969 42452 29871 20128 94778 94802 72167 59791 79929 25420 1630 8268 70663 17648 40674 82153 97174 30130 73857 32203 17836 5605 90692 40257 78398 15772 24675 36583 95683 38489 16984 63742 8347 30609 26346 55281 99657 64938 70378 52096 42075 83339 61807 14553 59503 72402 57334 92873 63429 48656 30232 30898 20377 99889 59756 
13
36242 54860 84241 14842 13473 70908 43582 96598 88712 45810 9066 84734 8919 
138
59344 40307 91772 61281 31530 57544 38974 32257 9248 88082 50438 80809 40385 15390 44450 56202 73324 31562 21191 17492 37752 50912 78764 66698 14654 29476 791 23563 87346 12994 99243 89837 37621 8848 64456 64824 97839 65991 15380 5189 55789 16909 21822 12974 53506 40514 74318 63153 32410 25373 2908 86696 71212 65721 55056 16248 21396 83211 36722 91437 65962 79417 28347 77459 91818 54716 7291 34967 59273 23887 71035 14623 64341 83684 14883 91236 47312 44772 30899 48456 71357 58072 96618 34277 19454 28687 8106 46403 18420 10006 20096 35082 93445 26948 85659 50310 42045 70987 95327 74381 54898 18096 88561 70172 49054 65320 60341 28000 31909 59213 82515 58558 78347 3608 37908 64126 4806 51107 3087 2395 74796 80629 61558 20270 49002 16158 74812 486 45851 35191 86379 48388 66692 74255 29893 74640 47572 86587 
93
90094 38549 33158 74240 91954 50012 54435 60367 49161 70201 11797 19235 30160 47759 52927 13683 17190 62313 27027 43198 79112 11415 82165 10893 11843 53804 15081 82111 30586 94275 13486 5498 62855 6232 19832 91338 84105 88804 93372 21083 91401 78264 6827 43167 98873 21161 34440 66118 29063 24437 98155 43161 60476 81175 391 56819 23508 43937 34798 51196 50832 85985 65759 36752 49827 93545 65144 59106 39759 23776 46393 32269 74278 49004 78201 75331 63686 93751 96370 81277 13799 21584 38521 98784 51266 62218 4204 37820 58761 31478 55747 74053 78445 
255
83259 32247 34566 77342 77936 53338 34607 7698 32519 82466 10130 10295 11540 21806 18357 21704 35753 56577 68343 58454 22237 32526 80546 27725 48407 5397 45479 43111 68979 38689 81125 96655 60504 68964 92311 43358 93793 63413 87596 8381 47927 95169 55655 24030 83162 40149 69519 40118 725 78514 27633 30224 93082 57752 95164 92035 12629 99955 1996 28436 59108 83887 45939 51197 73981 30934 71336 59414 50931 61458 59399 74160 63692 80276 9477 16203 99864 91697 63958 3830 25403 62802 91992 8856 91686 79946 50299 53044 51607 71208 25328 38200 86218 96658 73633 488 76773 24049 40701 39417 42877 42121 86673 37402 66302 5735 80191 9672 5994 55430 48701 26622 795 90249 29955 15549 14806 66741 3142 26530 94834 85209 52136 55403 66586 94754 98798 59521 37210 78311 71946 2354 94338 82257 65353 93514 68666 1456 6065 79770 65496 63059 13794 23393 65745 7572 80012 4289 89827 39724 57087 8782 56194 86781 34652 50181 87912 63073 38227 39269 40941 84029 25087 30096 64246 92024 98942 30042 32444 71038 88269 73132 80720 44314 45205 2756 35678 40861 69524 11713 14947 50366 32978 35661 82406 98063 23003 19681 8139 99013 11072 30030 68026 32073 28406 1306 22585 83550 59327 67014 36208 84071 12642 58707 88226 55562 39425 94177 44377 19271 58530 23984 75512 91663 27684 75845 90259 89602 89880 20358 5504 83174 94728 22949 16859 45727 3744 78363 36779 81303 85785 34636 66854 44184 36284 70487 88632 77583 64061 63548 74640 31375 86957 32254 25402 58344 27809 85536 28454 9791 49729 42010 64131 26521 91286 
182
26650 15039 85976 78711 59179 16595 99491 21752 61808 20854 64727 68575 78161 73968 76062 33941 96304 2101 65371 24071 27163 60960 45492 33171 8433 44568 13252 73585 41371 61952 35359 28382 98291 97016 59486 16674 84583 81109 47137 19219 64436 66019 1760 946 93528 93811 34429 36171 828 67845 64814 33508 71570 72430 82442 24519 88650 86986 41279 23692 95947 69611 51617 60318 8331 78128 46066 56218 25071 24902 25328 44390 42888 51334 46658 27630 17755 61379 98562 77320 54931 39581 39717 63348 18361 85903 97239 77409 78092 97944 69698 21338 26928 10145 62461 26306 35967 89365 16730 6094 19216 51001 50088 98016 4879 52664 15666 72283 89946 69845 10866 96550 90390 85195 81915 12494 43245 54824 58029 40455 48961 72325 84737 99539 29086 55602 63091 87929 10957 36773 70345 31732 10427 22774 73755 74473 99589 14089 69908 48939 51786 27468 3375 17898 12109 55193 34583 52774 69530 85801 9125 42379 45514 26864 1016 35695 22452 74729 27886 45627 25018 23875 2080 49622 12824 48872 28600 8253 62103 2087 83061 69938 44112 98822 35359 55790 96549 23139 59804 33900 12890 90998 
121
2788 87965 40846 61819 78885 7283 41264 94955 89240 11584 13013 30529 30181 68589 10265 69147 52647 15732 1693 64696 78553 69236 68294 84158 61900 88042 27118 91613 69255 11145 86518 17912 39403 37989 50404 43197 53540 42493 79986 72008 65029 22486 31978 61018 46688 24926 97857 23606 2945 78632 7577 18761 45244 7812 44431 92732 85948 61837 79574 86380 87734 92464 72733 48549 1183 28493 34463 30986 23566 19060 32785 36066 25836 81799 76190 46443 75065 29641 17036 52535 52326 75461 75401 29390 38713 16973 48181 62848 35741 87555 52580 94990 46328 83 36304 77850 63969 93186 74622 89088 36020 57983 66215 25492 5155 29246 31297 85587 27321 38563 2379 64600 45102 60547 26529 11446 78477 33269 52489 46987 39857 
272
49992 66317 58074 82968 38041 48027 35687 70974 58606 98775 54402 75918 75718 61969 25506 46945 20844 75763 81305 75256 30850 91498 89701 54357 3327 15400 19618 64663 66974 97702 98339 63251 75380 61358 6610 88493 40606 67159 74274 57918 40115 9180 7183 40043 34851 8866 10354 40531 63389 83099 76628 65895 67014 32881 24314 58961 7255 15838 20867 34975 84005 96238 64466 66495 8402 37441 45080 39244 25146 32871 97728 41372 63182 87495 16433 37745 15732 74183 97817 9595 13159 55732 80544 18854 67321 17296 20408 39019 63771 62698 54690 79359 43250 60648 1575 41730 6252 30125 3097 28847 83244 3279 48812 9601 12782 30266 39992 72862 93189 93616 79435 21577 72374 70482 60527 8863 97247 93283 30182 25507 46376 37911 3477 85956 46667 48696 738 8391 16344 19414 76217 5855 62480 97841 12692 20425 14438 21007 72462 92124 9129 14575 31493 78997 74631 53773 34823 75293 37777 75235 35055 72022 5755 16464 74804 98434 50233 43251 25214 35727 74632 33147 52467 99526 2959 91147 29508 58250 3676 53374 72451 37764 3131 68720 90466 2042 49424 36399 72542 12946 79730 6240 25664 7185 46539 1699 62364 34390 27151 10650 23746 47530 28156 70468 66348 34397 74399 26319 98602 33634 76205 48747 18010 46851 91479 89031 64139 32935 46938 10452 26593 23336 62672 54156 33086 7429 63193 94090 28065 404 60669 94197 29675 20651 73590 97026 69266 4236 82354 94982 78028 89556 44430 36779 85141 30413 87917 23584 12968 29301 40448 4863 42144 6265 58889 38843 44456 37331 86466 65347 46576 60807 93032 74100 88428 43560 13086 39070 69578 97673 42742 48943 40242 23365 87113 66058 50076 75837 60439 51545 33169 63326 
253
86788 92988 67467 24037 55015 47534 50156 15939 9020 46501 86791 1418 67729 12832 13922 61135 17817 84821 67593 78245 62015 14994 80764 46777 98667 75706 49446 41244 35603 35859 3838 15189 57038 87278 47458 88593 54787 85565 63614 11725 84599 89985 20093 47278 67807 18797 21482 35138 3317 22118 80455 17884 96855 10535 46041 81496 40340 8029 7674 47327 24452 24371 42497 12230 40220 84674 16116 43622 11362 54208 32527 60985 88978 51297 71462 14755 18925 45858 84076 70263 83111 48341 59666 22123 73895 46540 10219 79054 19053 32361 95639 44502 9680 66955 92883 8060 78452 42643 30226 13305 7134 10306 49008 63606 38718 4273 62673 76035 28150 59136 18131 1300 70595 4032 92548 1246 90705 17644 78243 96545 4405 6137 74350 54245 7633 20072 15528 16435 45629 14693 17846 76813 56781 60601 52018 74926 10324 78744 54906 21614 56476 52608 37089 76330 58571 36946 37089 4028 99709 31108 50216 45196 76336 25729 31925 86011 15479 46355 575 82856 64969 50362 32086 26308 34141 23297 48281 1154 74046 69416 14028 8473 78590 42653 28915 75854 99091 37898 62386 32743 752 87231 68202 89391 10860 58490 3794 5884 14956 35616 82565 18645 36939 94180 70262 78920 95894 52492 97371 87086 34001 56948 497 38801 63506 2121 81427 84510 81460 68354 6879 60374 28982 77838 87913 32307 2412 64770 80033 1753 51047 51219 29698 75509 62143 9241 72797 22430 93557 81205 26657 62840 9399 10302 25110 4309 19752 22266 74330 83698 13764 57254 46519 92313 66106 37503 9430 34165 90229 31708 14458 85693 73583 
222
21472 70645 72766 41728 29970 84225 96829 94074 38663 37548 58493 27619 32782 42980 49909 67907 49972 84768 9728 35293 2955 7895 29579 57687 87712 68461 65411 74940 88336 14448 31381 31278 99611 90699 12223 30552 72545 21877 13168 21034 19976 19331 17208 11859 44126 49584 4055 97767 44368 93787 6053 82578 78286 46021 67602 43945 80281 12045 41883 28609 69799 80066 48104 3546 19456 47298 85274 70758 99572 20271 14485 35252 35374 1065 16296 85898 77570 81326 35750 37630 3358 44252 62807 90391 34136 3127 46801 22181 68092 90407 11350 57274 10009 5287 80275 68442 60782 80659 22365 9423 19250 84090 1160 15986 19516 42198 1354 22120 14605 59283 15378 63146 90206 30420 7297 18446 59069 45932 54977 14397 22117 63624 7332 68914 16110 79621 99127 8393 94069 43890 59561 75305 51886 22552 92821 4420 97256 65067 8435 3472 73363 75585 63089 89115 11190 66667 30852 56624 56725 21796 61140 59250 38297 23195 98411 47657 30640 12733 56523 91547 57512 62804 32183 55152 59854 59884 64162 77002 55549 43128 16015 18793 77553 44268 10877 37265 97322 40595 36463 27150 99399 44428 535 13294 28967 65868 18368 71234 83778 44732 27102 70670 35807 54982 49099 8034 88097 78261 23099 27096 82771 39875 77260 85208 89328 42644 69101 4480 3304 40270 35751 9814 99551 20576 59860 936 57514 45283 23407 48840 74018 9096 
196
59943 75639 55762 89127 70737 33488 69634 71507 38013 20425 35910 60343 7278 76966 83349 146 41618 22700 38767 78637 55664 4991 42782 74446 66043 30055 28433 72636 14144 80223 42215 82730 69835 87000 84561 80235 38433 63344 80689 236 9285 51179 73012 8453 67039 26985 4257 735 23597 58412 64109 66005 27172 84606 11763 25792 34065 36842 86574 34939 55289 28100 79480 61627 66217 30687 74359 15072 48658 40385 99761 2851 75994 86569 57289 45038 47714 56131 2211 32314 55176 90981 40499 67778 41987 51683 94292 37820 63879 38676 11737 93588 892 87412 96952 94088 69600 35075 74636 77428 74554 84061 48169 68743 48752 33579 71228 87369 56527 94804 44745 82543 35406 20593 31676 86998 71441 21563 13821 53236 84356 97720 61773 79243 72931 99181 80605 64012 33052 22514 39320 70825 14024 66789 53923 30060 23495 36612 80057 50404 56057 93675 48003 90653 41933 58631 30709 24870 53790 43196 55206 99444 19800 49140 1435 78851 18574 66391 88611 37784 13245 9064 67420 43005 98388 6821 13253 32428 62929 24597 70288 97563 3526 88691 23305 5445 96816 64330 27136 14506 53083 41837 49 19605 41213 47687 17322 50797 8633 28803 89920 91603 63580 35467 68290 32200 
211
92114 23224 39533 94001 5464 27359 87715 56757 1175 84883 50284 73522 45570 31509 7564 33093 33857 74703 50656 51499 83016 93944 71398 30637 4160 37724 79846 98589 30875 66650 3088 11526 15648 58043 69190 94964 74135 49715 77866 92991 67803 88385 89786 25097 47030 15887 44174 23308 39441 14716 12792 65994 94673 46460 96006 1042 92255 84385 64175 86521 85851 44197 31511 87677 57121 88785 44878 38956 6137 79194 22487 21782 23383 52667 76511 18607 93521 95354 41166 33268 4897 9486 61812 14152 61973 49749 20960 95114 61789 68634 94790 94701 58096 10062 51496 27018 29769 76666 8018 87942 70107 31675 58525 40725 10157 37928 93579 64154 86427 97705 62106 19584 76118 89935 88096 88370 82467 84031 41964 39974 79354 36273 5049 10144 3785 44494 74301 77997 91310 65264 87841 65947 1935 99106 12626 53134 35092 36609 48578 87284 36998 78602 59669 32946 38558 26710 7396 99657 61438 83240 47699 20807 37475 78182 59937 45514 40941 13032 8016 16688 6205 93338 66349 65732 4181 98135 94182 81811 49582 81406 77558 92824 4080 46396 87401 29078 7430 5752 75410 75291 81466 28434 28087 92095 61213 151 92007 30718 73776 24865 24117 41784 64845 89775 91076 94459 73492 32296 3062 90702 99628 40594 6690 67667 85009 82332 58404 57232 17184 67026 90628 
102
42778 34342 46765 78566 74052 43971 29878 97936 73774 59195 5841 80670 32214 26572 54406 24887 30983 73336 47478 44819 68663 93197 81723 93958 59454 6055 13733 96383 95916 16987 65875 17558 94176 61359 2553 68533 98904 48022 5529 40829 71689 18440 53647 62189 68115 1149 20165 6081 56084 21593 29168 60368 54524 28736 31488 33145 14594 66774 13906 52379 4380 78685 72506 60895 47866 90929 499 75984 16060 82851 66556 93020 45062 10854 52310 67896 19751 63551 75148 15347 30389 7124 12027 15394 87073 54127 93359 95532 20570 71255 45302 6466 3617 49350 47107 51252 40512 47914 76528 38567 72306 91290 
303
61856 7148 24407 8856 36431 23726 97309 80264 25208 71428 83064 17449 73197 4913 17191 55731 53667 99458 59414 78417 54014 31606 80407 44707 30035 25699 35726 36925 7574 42263 69631 18548 84258 7167 77742 17279 60324 79067 83562 90177 3819 15478 23613 50170 61254 90365 16120 14729 39654 73597 75923 6234 31207 26958 61523 7683 17045 34852 95715 20136 42672 22955 22672 89312 25726 43941 51392 80757 54730 54643 59220 76385 58627 14201 51243 78781 53440 50872 71290 90733 20798 47822 60637 72654 39805 86739 65221 38365 32100 7114 39375 74305 57869 13254 46275 7384 69455 66755 28262 86991 53767 53520 99865 92356 8003 95453 13589 66192 11886 16761 74220 28861 42961 31007 56899 43051 81170 91776 72501 88511 72034 34716 26850 83217 74003 60080 71995 95960 61887 2678 42240 72323 86603 61187 69875 27793 53284 74721 10824 36160 42452 42944 99255 24598 29578 32145 28639 16132 21531 18472 76272 15518 35702 86175 29910 31219 91783 90771 68116 63746 63027 13716 9100 29820 2982 60458 68426 28150 32381 4399 34563 65064 28442 28879 34634 88844 46518 6604 4639 46176 9988 65056 25826 95740 83642 65536 34716 29897 66951 33749 6995 14608 99906 10721 7650 32758 77116 78013 69398 90330 88949 29937 97531 47819 32420 7133 17989 41330 89826 21252 21371 96768 51790 52637 79945 38423 60557 46123 55888 55961 42462 6443 15638 21625 40911 58808 86800 82549 15018 19851 79675 53181 16100 25301 89236 2052 62022 25128 67077 25219 16833 48472 98777 9958 93640 65735 3159 79152 84495 74494 74884 67069 59016 41443 43944 13415 9182 2430 7651 40294 63753 7390 10090 9345 31201 82658 71743 33459 3417 18216 5733 38145 53086 69797 63838 64620 51281 24567 64435 29364 13343 93546 19034 40258 10228 10121 29488 48719 93105 4118 16303 55066 2577 73480 65224 61087 91896 41628 33841 80758 39659 27984 49932 
51
99175 97777 78602 9309 584 39362 95528 60144 13074 11258 73128 29422 20018 93968 12792 54988 65465 2952 22562 17013 58872 51804 19130 46594 34633 82911 4168 465 36162 93713 62630 70780 2351 71846 79301 65305 53515 70701 86682 93999 9307 49248 5017 92302 33885 18990 63590 72225 59041 49112 80493 
228
28648 65446 43847 3295 23642 35812 51234 25924 65939 73311 72781 95222 2950 44023 19678 88278 6648 98520 73845 50745 46276 60791 65295 30769 81913 52276 66404 50559 68950 38893 4444 77397 37558 38592 45951 79676 32562 56998 35405 8929 88377 90843 30120 24257 20794 99931 63669 13966 15856 82668 85663 95145 25457 57612 45595 83579 64674 38408 56035 16729 58961 7987 5917 32803 26818 67298 70373 65038 19126 92064 96310 82125 96373 16596 46551 62942 50378 94511 50531 32950 38790 9558 76241 7556 57636 91030 69236 29788 93797 53934 66533 2953 58047 12403 77807 32843 56082 26234 71052 28307 90108 85569 78622 9032 14731 90838 27076 85700 30568 65845 72504 72249 39801 18953 63078 26389 95518 32867 61065 3913 82526 60079 49220 73648 27708 96532 35108 13461 18792 66679 81889 5019 9715 72473 2481 49170 56498 29953 61537 99376 42321 10588 6089 430 38198 87225 18008 77555 48644 54797 69755 1144 47480 43792 9717 40699 45465 72482 1661 34395 37974 20164 18716 26248 34252 51901 24226 51112 93054 24511 18307 98950 92024 58385 49885 67870 6918 24012 50917 97466 91390 86350 5023 77431 29737 41721 91359 13197 2193 94829 67491 79387 63081 71802 11070 28867 69615 24523 57785 52929 12622 90363 52670 98663 1805 87493 52505 1039 79509 32085 50799 34692 1547 81965 59910 75220 84635 68237 8594 88466 85136 13979 873 73947 92598 30702 54339 51036 
52
43441 52496 43810 85701 58467 58321 76150 88579 65816 96494 71222 5191 48029 31133 72953 68552 22442 5484 77576 91474 97928 54920 57886 65618 62989 5392 13333 59098 42643 60988 1828 33167 96288 85098 66480 2159 50402 97527 25544 57587 77438 8676 71901 86326 36144 83181 60298 2625 70030 74735 73369 26692 
19
88452 64094 76372 10742 3935 48113 41851 78621 59153 89398 16336 6975 33960 36891 47955 17579 32467 58073 34497 
70
35221 38053 71467 73227 99092 5962 36272 25999 24277 95967 45826 65291 61892 84019 31763 66946 97909 25594 6098 84521 26196 65200 67268 877 1274 98080 76001 97208 34417 87021 9289 71233 76155 93540 35792 42908 44991 19168 54316 26882 2100 93648 82199 63329 5993 31910 19703 53806 55013 6564 71514 51444 90175 45152 36142 51875 77248 81696 65723 77095 84842 70255 64516 31504 14994 91525 30269 77652 88303 7438 
166
80607 76018 6216 93387 30112 55027 79974 94221 8141 44884 59126 71919 70754 33506 89473 6251 31238 5281 99961 81818 31334 77110 81219 49922 50070 12594 59147 43420 74012 50881 73172 99865 93787 69558 95343 20430 18318 50367 83974 95831 69512 69603 47439 42050 81831 40516 26137 74302 18319 10178 22907 36324 40357 27282 4979 29637 70840 59510 85201 22651 69720 83501 83493 190 46928 21683 64245 1933 89783 73271 87171 85403 89497 65432 9844 53477 63916 62841 94557 84019 47187 57742 48396 44949 89672 83849 58074 91491 81066 61702 62160 75462 31919 79846 93899 5470 45185 96156 30270 15531 92262 84595 24696 92078 53359 33607 84268 62543 21347 16581 82237 74854 86592 66604 12995 67945 87403 16710 29311 89336 66649 84521 55960 56447 97894 50976 99157 33032 55688 74554 67167 13942 16756 75896 4127 27206 57246 25527 5751 48423 19097 58573 32558 68514 55865 43254 38607 76056 27953 96833 52588 98643 110 48627 51517 94384 37380 91479 66697 75533 71615 29962 45099 88666 38838 25656 
79
67612 23183 77482 78105 64858 35662 75376 426 82146 13261 76162 65548 98662 18782 86625 42821 83616 8421 47954 11817 62964 59717 24381 29497 12462 63012 50309 58623 22307 70899 71301 59730 2337 61946 4322 45529 91236 80010 11319 84448 41287 71250 7139 54529 81220 67964 47210 97734 92438 14573 46702 97929 83305 87409 83232 93546 40711 51023 774 91960 25240 54183 47990 76693 61711 7733 7154 10826 91617 40246 53133 66115 47859 82011 11923 54682 88216 862 69512 
13
60500 85599 85802 56419 68929 80118 5582 36601 36730 91225 20307 94879 90678 
301
92961 10615 64881 35442 83687 50175 86069 53633 10778 65174 88088 3144 70284 93230 36527 52560 20998 63415 87570 9289 77271 88340 89397 11779 23888 28850 3729 18353 10422 82856 62683 96676 30258 66718 59272 84853 26473 29266 57338 56659 9330 15826 38268 49664 5566 92373 65647 77985 99710 10393 39575 78379 92621 33539 4321 87070 84472 57797 29227 48564 83025 92360 54264 86996 11225 89955 35055 21091 70254 15930 10418 12513 17102 42431 54300 23398 94395 23891 24512 25958 93142 37269 4988 23532 2899 99347 67969 15816 41463 98710 80161 84255 86089 86618 96049 16576 76877 96268 71762 10244 69673 4974 74515 89493 14950 70721 81833 56092 27907 88100 41883 86293 40297 33961 53895 34705 93601 86220 62268 43134 29055 18672 37455 19873 16521 21679 83284 21167 54996 97055 77675 91749 44747 70283 63436 39685 16989 22232 60535 91910 18102 26714 37835 14829 64395 84055 80654 760 96219 92070 56469 37517 86997 98917 10314 67824 94757 25262 55318 22647 91268 3040 7455 5493 38581 808 12505 90715 10510 96246 35337 47333 52258 71838 1002 55210 65968 88114 22820 11849 61087 99061 35763 13314 58692 90348 6923 56137 68100 34200 50187 506 61667 59127 87080 40125 5302 17367 24033 54941 90974 65362 28416 99038 84538 42685 84032 6412 70456 28785 34301 89989 24855 62395 584 15917 88093 53159 93092 53759 97928 70769 48808 89875 52499 73876 82621 55427 51461 86531 74011 42040 98809 70817 30802 90767 33827 13494 85450 26023 5260 56047 12841 57054 30969 31946 30557 41559 51850 33528 83394 12478 49513 63977 70726 54957 82545 65799 45701 41228 93942 34889 66531 45705 53317 7251 61258 18004 72942 97435 78800 66385 20987 10879 69736 38984 67236 64440 67567 44586 88285 91339 83560 90655 24631 65129 28501 91315 72818 26333 12468 76523 89529 81512 51754 4938 89900 14013 14672 34082 22467 
231
6766 5643 61102 36864 24362 4496 42058 20538 40109 5141 72826 97684 49687 74254 4396 78582 91323 23141 60336 47786 81465 95988 13683 92980 76936 90504 18553 87965 54083 40687 97421 43561 47960 34250 20810 94125 40134 15763 90202 14629 1880 49703 49164 17020 25203 49666 99193 21641 82400 47292 33385 52688 18665 37457 13359 7152 39374 9355 52572 57565 32899 51888 36333 14400 20811 78073 82030 14767 98397 74193 84630 52130 53695 73170 3801 93688 89546 16323 81452 12749 96113 46658 92598 4492 21062 39452 50203 14927 13512 85238 48206 47121 60814 89246 87243 6455 76320 2134 8089 12010 9565 13180 11910 84525 80681 32806 39887 83270 95177 50757 73250 81826 1551 9108 1056 96178 44614 24781 55151 80452 84660 61069 50757 11777 67470 61930 23426 96065 33569 70010 85283 18318 49105 28534 70940 11920 53166 95967 59175 44545 51814 88453 24185 3265 49247 4159 13868 78364 42193 22976 3794 34270 64040 45957 28192 43284 34629 93232 75840 36545 76093 98805 28048 44485 85999 43412 57469 77100 37979 3633 49059 83686 23016 6945 26832 50221 52444 33286 68172 6494 31390 51301 96646 12669 7109 39424 64197 18307 55710 6670 79871 40462 74074 6435 90241 9683 76276 56162 80239 36397 47953 35525 69239 51675 44176 44228 90491 70222 71538 95659 96268 85298 29821 58022 30835 1960 49974 43829 34969 64736 57466 8080 3487 46637 58726 47256 78092 83234 54692 6654 4110 
236
64078 60949 71141 65565 22757 27656 27924 36510 42317 43641 62563 9345 60435 91508 95931 47590 92836 55655 94245 16084 2687 89836 65196 78528 59787 17655 33801 51860 14781 12057 71183 21473 46000 84266 30360 67595 46532 94075 42353 61173 38939 66585 76806 71482 46834 76494 24481 92991 14307 53435 74748 64583 59863 95614 90915 94193 99465 19094 8216 15963 66432 69311 20828 73754 95450 57604 12630 8052 57222 17465 98614 71225 9588 86720 71170 65646 38740 86631 64590 40296 39783 6115 52994 74389 41474 1994 45113 87184 20937 17313 92412 77253 11223 99226 33709 50582 46879 34006 56594 58962 21261 62362 32890 32726 48793 97321 59256 12007 10576 90594 62874 37943 16580 65897 56852 84065 38159 20687 26136 19000 30693 40412 45443 21083 3680 82350 44075 32755 93889 51465 18819 34509 53025 22505 51161 64350 99224 65093 52824 86576 50639 13394 7617 23761 25158 52665 12181 20213 97012 31425 7889 61878 42150 3068 5370 19035 9453 28849 94596 65554 38885 75891 39318 98032 41665 6447 45332 18633 56007 1539 5020 1591 82172 32829 5543 30723 13662 29463 93892 67930 69440 26916 58079 1968 21758 59251 30104 21040 62609 2360 91092 53280 71254 39308 7066 87247 17461 87633 41216 73523 86312 16855 50239 25711 30918 10850 66905 3896 61020 66373 64832 63622 9548 34764 59632 32002 33203 15588 33839 42601 12692 54218 38476 74556 25089 65697 20149 61715 73155 53386 29668 38623 22266 77686 59789 67389 
202
44125 92620 39172 26193 75399 56159 86373 1228 71030 79802 42727 67510 29725 24900 55642 26154 99548 77461 91023 55628 63064 66635 53082 51503 45586 97875 76295 37529 64233 13322 66954 64459 33194 78563 35855 94230 52013 18594 50759 62741 31771 19067 25671 7137 732 28692 10331 82143 40343 39799 62750 29633 87228 20084 12715 69109 10941 72780 18010 19123 59547 42102 72476 4013 87965 70703 23099 89948 16445 90994 74337 3003 23905 12391 31906 71935 49239 82286 45659 93936 59720 14201 40851 32077 46259 12930 69668 14427 11781 12052 64188 91906 45092 20076 52611 73095 29122 33599 46307 36803 8828 89482 67304 57837 86510 52946 18334 79753 86954 61567 21608 94744 4681 3153 65947 15474 11840 11633 21056 21693 18078 48422 31161 2378 3941 3555 52904 34292 90460 20552 66162 25687 92356 58107 94547 311 92281 75840 62407 5259 35984 77744 72503 8058 18088 9442 54069 55688 75384 41132 86058 6360 29769 39611 36387 81637 25078 50824 56783 19940 88676 30780 67681 401 19228 17068 49119 70175 73281 5373 31541 94624 47092 30385 6642 3578 74935 87454 94366 40174 99966 71911 26552 50581 46755 27193 96377 59617 43377 88602 88512 93891 94280 23174 47245 24118 27406 77099 97974 33153 95741 29532 
75
99522 66571 91032 92027 13071 99047 7600 53234 28265 49353 6926 75648 18967 30980 31836 66120 10588 66370 73096 24509 17544 70225 62435 73174 6792 20295 57310 26762 43267 92052 6708 4907 1443 54812 98049 30545 574 59331 41291 56544 5347 47258 69927 29632 153 35749 99337 98739 46089 46702 75398 39460 11374 23924 69516 41065 87861 44851 9046 70861 84302 64528 2281 97655 86555 81251 54055 46592 77569 4280 4418 91128 17064 88993 31624 
183
87173 21662 38069 98964 93826 13268 61515 28184 95628 52851 30211 14678 58450 54664 55314 37032 7811 10654 30787 56724 86671 56601 1233 54107 68427 73395 46194 6479 77053 10370 76312 7570 49214 94241 38651 73344 24869 92378 27305 50467 13041 35085 13224 24859 48266 42820 71277 26331 48241 22384 4870 72994 88736 1808 18259 92533 22472 60742 30196 3209 81726 6066 28580 906 35066 89445 44471 30168 17889 69768 39614 12881 99397 11597 42463 41673 45618 79023 28592 27723 76499 35021 26138 20301 36029 92817 27504 50490 77537 88967 12440 92916 50001 49840 27651 61171 11397 69426 58140 17438 46007 18754 79959 21307 52297 45361 15678 1269 5158 66122 16175 49716 76050 76305 7405 67109 42872 35147 51824 1788 92734 1902 88964 5775 38125 17318 67367 36526 57769 83882 18772 262 84508 5611 11544 24328 12732 45616 30701 23173 73690 15266 5889 30780 90483 77917 99670 95958 70689 26076 93988 54304 82019 3678 18940 22183 19409 86609 48854 66970 37453 32199 29632 61972 13856 52861 65501 59562 19436 17955 36656 31945 57269 79627 23750 59927 57507 78230 54556 37143 14503 22073 11144 
142
46671 10037 71670 24558 24538 92949 77884 30965 80244 5928 62880 2038 60330 1405 34871 33444 79688 27899 30343 76252 76242 60441 81046 99792 54513 11701 17719 2566 56534 23235 70558 98462 91662 22673 96679 87384 51122 80738 24534 11037 87897 98035 19416 17918 22961 50126 29878 95092 72423 83247 95842 95140 35158 88204 97228 82664 54812 79212 81226 1128 4344 29160 8729 7011 59540 13298 71739 13551 9306 74976 21866 10088 33691 82914 54321 49296 77181 9935 42402 80920 99452 23290 16909 79763 65844 12565 74298 43872 10544 19678 93074 67619 64846 45881 9896 9552 59094 11595 33847 40435 45874 11570 65716 73947 20685 93860 28677 53271 61117 14932 89693 79504 2869 20712 78186 9748 98962 61792 10257 8739 80295 65410 92652 33091 78678 50775 52541 53180 66600 47239 67570 1471 45004 73957 96678 33569 35250 82701 30786 12889 28560 71797 
122
41889 93869 39676 16321 7244 36059 92373 75753 43049 15473 89553 50584 46651 36792 53109 31581 76053 96263 88922 18846 99654 13190 48617 27348 16389 51454 1615 77400 69219 42818 13321 53297 10994 82092 9504 1822 44265 169 58859 76787 16778 83950 68566 23951 95429 89751 25929 2647 53857 37301 13147 50205 52471 48400 15473 96776 15138 33664 85789 25083 72199 39017 5477 64790 94366 56932 51456 89870 97247 94243 80764 53648 36630 13444 68972 90810 2295 27013 63343 90107 15296 71377 17656 64891 73112 11036 8999 82045 80032 5560 57082 44131 63995 24741 7784 54751 48475 84213 36210 71493 97929 48783 98073 24922 8622 13273 21165 99688 12150 70518 63039 68336 30744 52715 5522 99224 23756 50627 94517 25173 93941 3356 
25
54899 43779 37683 89259 25373 18193 67504 70789 1364 1381 28326 99007 67525 71875 81606 73302 58006 94178 12111 52537 20164 52611 38830 85673 25594 
291
94472 38274 20977 97347 28341 99341 39162 5088 12464 15871 46394 58854 2271 16838 93433 46637 44032 11496 29217 98153 26294 42373 91738 36040 11273 32621 54522 27358 8090 30653 7801 28161 24826 99128 3004 34331 25980 33981 74926 23583 92407 96302 77879 54705 44308 15013 47755 27932 7764 50920 66138 15118 57039 62509 35073 6037 26351 35315 14152 66884 44001 97629 6637 31326 19236 82636 91224 52227 97350 37543 78849 5551 61321 40244 60254 74612 93528 34858 26099 84202 188 62965 36281 8400 40466 16066 98868 58788 5506 96560 37633 63980 41215 76204 48072 5239 56977 37531 21279 35615 53419 30532 95398 54274 23501 33641 63529 68351 96554 15450 4266 21605 55960 97777 90708 70637 9910 55921 80076 50307 2209 86416 78208 14862 33723 5213 75275 25137 89237 9152 87900 37785 12360 31200 1301 85974 50764 90045 64916 25146 40618 62101 6106 15372 31307 5752 75057 95205 33569 79759 14732 27781 11475 56663 99320 28261 15146 60305 74957 51096 10324 22226 17038 29957 8702 60580 52121 64040 55150 34595 24945 39899 32460 23687 37926 39819 35371 89152 42210 11528 79879 87072 46991 50335 95718 45997 33062 52576 92715 73894 25909 75075 35604 78968 83424 57862 3068 37349 82137 5525 71072 76087 13988 51860 3902 13539 16625 75938 49780 62735 70065 27542 10944 77560 78719 86605 58901 65155 82404 20186 49262 78839 29655 75912 92626 89542 59458 60109 65390 53735 62014 48411 63876 85299 86884 868 78348 48575 50549 12786 71014 84861 19133 70434 51852 90339 93505 10430 18563 14993 89007 15129 61816 74759 28122 2634 78714 98107 40797 29048 32737 49366 58392 82516 63001 60675 406 8611 12600 45412 20586 65465 63710 64125 25469 59750 6654 27224 40197 66934 87860 76859 44408 12922 75981 96139 91296 48058 35053 29166 27575 
266
23801 71158 39003 80957 98748 3063 64641 65714 56742 44308 55018 91997 97240 23396 31604 25599 55721 39961 39352 18719 39318 39237 41212 36349 62773 50915 43375 34184 56242 27029 49405 35553 99176 88404 33333 70672 41964 57853 39184 44416 47089 24618 29528 56520 10552 25499 81633 24100 90723 83173 86009 40583 77673 94655 42497 68863 27652 93931 46526 25907 18791 94654 49047 49409 51442 9225 52523 15847 34349 23510 53600 54958 49543 86263 53044 55679 36852 30742 24392 21817 35209 77282 86025 52109 20699 39215 15659 71088 6379 83422 18743 14597 2739 93328 32298 91637 17984 22237 54593 12855 68993 71039 68001 94610 3758 86562 27802 84563 507 76521 54655 35803 15490 24569 6113 65438 50796 65855 46219 16856 73748 21340 66467 16417 51341 69648 64795 30555 31473 93230 82413 87888 9733 11004 62680 92073 46907 92476 86095 32859 95433 57373 46373 58650 90802 196 34122 80052 53172 40094 23302 22956 44767 53111 41701 30602 91050 73060 85841 28254 80713 57372 68345 81635 38985 65962 80304 91176 32184 49943 58898 16313 91930 92161 482 9820 96819 67193 29091 35914 38541 43260 32857 35246 87703 18730 91367 14009 42191 67934 41168 97054 46688 12202 4795 48232 22072 22595 62805 3837 47622 97065 60646 26033 89025 32119 25499 3563 97041 50820 3642 30858 90547 98510 82387 6345 6886 49815 11152 52382 20726 26109 9982 95792 65900 35258 85178 20955 58319 33411 45506 35949 46641 21403 80792 26417 52098 92487 77103 40219 81281 73201 53661 41211 79820 10130 58374 67412 90859 30690 63340 56594 54638 68362 3111 44089 19087 999 73565 89621 46078 66667 72025 21056 31764 69205 
110
80344 29774 16689 25381 40787 35939 71340 29072 21885 73621 19242 25153 43111 68515 44410 75078 93826 25591 51841 55002 90720 43282 10585 30442 99808 43035 38482 44801 47247 98162 56230 93660 90329 51209 19502 80659 65653 50657 980 73825 95765 65904 30776 95670 43186 26308 68735 45031 36344 14238 94063 33343 93436 58611 47951 54945 29857 43036 42468 16059 69041 61518 89334 6493 6515 91146 43352 45697 44219 8302 11845 15634 85045 57670 23633 39213 20549 66000 51946 19148 33221 46570 51090 53112 2515 59945 611 89701 6582 42816 99824 33587 56533 94739 17575 91704 29463 78747 36926 2796 62031 86303 25362 16662 57786 45614 4326 66588 57693 13102 
305
93138 95246 65988 81546 79494 20683 16287 58488 29140 59526 85751 5582 6268 7090 51993 91966 8550 46148 63359 44042 88927 16184 82468 16658 16540 28623 28173 19540 96179 1797 69837 60795 53498 86760 17354 71475 32763 3224 84087 38877 25011 49373 4121 29533 40558 29422 75133 79869 99323 42777 66292 1189 51661 91718 70050 82002 30824 72665 78032 4281 66931 89323 83084 34297 9887 73657 26781 99683 49089 98583 81099 18413 69649 11013 86449 29059 82003 17260 93952 44206 44083 63246 11403 34813 73476 55429 97713 17399 30840 95710 22171 51548 91446 2718 63990 92044 64187 13645 85312 65527 98180 90457 78171 53319 64245 40656 45724 82855 1541 44061 74656 84834 12904 850 89595 27853 17140 27046 38995 20161 75240 17615 22024 59497 83202 38690 95331 99638 15865 78898 35754 64459 43432 35558 35377 9839 56474 35011 31927 95767 80851 51125 95336 48944 59374 80968 5285 55947 55232 38527 50189 14067 66494 80700 39326 28680 18631 2507 17095 4227 38381 76889 10965 42302 5972 10297 38309 46315 5876 74574 63937 70915 84224 59931 8371 71142 59404 75560 86127 29259 29769 62947 59019 20087 53112 72814 54554 63498 25210 35473 62516 11832 7566 71621 42898 80309 58834 14100 49823 13016 61330 59234 76899 74027 20005 55070 27750 34726 37790 62948 75508 43678 85996 73225 29491 32201 46239 3210 56410 75815 48429 96007 73147 90926 82605 39415 78297 45638 49016 3539 55018 85832 35930 12958 74551 85741 44884 71891 42820 43573 45691 46683 69106 27278 8159 88081 34390 18674 67689 18417 53509 80169 93843 91384 87900 53332 87724 58616 553 87423 46685 89646 68269 72109 29713 13848 17070 20211 14729 80133 38541 14102 99428 78784 91000 46170 48226 26011 9010 47027 88894 65416 91630 32185 10197 25614 44148 69828 30054 4041 72862 50022 21575 77575 33033 3615 83299 67654 71499 54405 33094 6878 1406 9775 67560 
227
17034 14450 68031 74585 74499 98639 63763 93174 19148 50126 43841 70248 99382 63311 5220 57335 13555 99923 7308 38698 39022 48064 92888 3589 37308 73843 64229 76712 23786 20799 58603 57941 77086 70904 15693 95493 82114 94883 53030 8183 51187 85692 13689 7084 82442 18056 22785 25889 71777 7443 88340 31294 47766 65127 1014 27242 62458 33061 64366 16230 5124 49695 99898 3743 49966 90032 90429 82944 71473 16167 47443 65220 55082 63687 67988 12449 47182 39078 50884 12337 93405 67892 92665 96000 58342 31309 70178 88769 54200 56666 48941 77711 55465 15683 28027 45754 71071 60635 39550 35686 91960 48474 57139 55043 26018 91689 50235 82620 34115 94695 82849 91163 63754 90011 4263 26885 78572 22308 94708 14307 90603 59147 87976 19714 42313 83067 10226 84225 19419 52151 16797 10899 10265 47031 26052 62290 90281 83354 37658 58732 86150 99904 33852 77816 76612 82630 32321 16672 27909 71170 68204 40387 88904 79482 22828 90495 3633 45593 18208 93600 82195 83445 13913 69875 3332 26067 89821 63231 37621 28775 5774 45372 53869 67574 68941 62741 17847 52622 61486 15159 85798 14093 23590 50717 67614 96304 27731 77882 45307 13142 55937 27217 5192 92630 72751 17858 55137 66549 58506 12803 85891 26025 27586 26346 28498 34056 88791 82413 78426 44922 68704 54360 53240 73071 16381 13247 41094 23359 53468 3878 79668 17728 91813 91474 78400 99469 43051 
246
36073 21527 40661 45045 23121 83221 61568 82078 91293 30864 63658 26329 28085 74145 86524 29305 99055 94228 47548 19343 66592 90368 20509 10417 17566 51737 48458 89920 87300 31100 33014 11033 68321 72812 7989 18793 10293 1436 88111 81935 68515 6376 96032 6663 96924 80898 43828 26915 58777 97674 56516 13423 34317 35213 81821 35502 44396 6387 4677 10120 21723 49514 33950 4906 72512 54534 50274 90447 88861 30963 16329 16776 56575 3382 57481 13725 53325 86508 39604 5040 88594 70441 44375 5829 58156 14851 2302 18333 62961 41957 86130 70921 65446 30574 8274 47919 64764 47057 22436 43137 77350 95519 75211 99994 30954 54383 91228 74704 13300 16035 84353 20363 91783 48196 59964 92370 26075 4370 76575 78698 60620 54210 69096 30690 79046 90171 42542 43875 85094 65524 44630 39032 3355 40788 99877 61553 90823 99188 63581 99748 19499 64348 31989 16828 78753 2476 17847 8515 26628 27292 40373 70930 44437 58307 29325 75253 17371 65708 65035 65613 41455 56267 48735 17453 5484 35707 83631 4756 99422 34655 19825 35525 23927 193 45741 883 81277 16254 80247 48739 82236 67407 96044 68250 55054 25130 94902 43325 24768 288 17502 18583 31909 82193 5090 98141 30827 28914 63548 86677 6090 28916 29052 8776 71364 48585 73496 96146 951 60078 14357 84416 57079 48295 43487 85392 52202 24220 51689 19510 39102 50394 60782 15988 40774 30788 6593 29726 48265 39968 94970 62835 81615 65992 16293 38863 99332 20850 5916 10233 12538 57237 85211 67507 98197 72000 
173
89989 9816 40092 4952 9393 82581 95940 19550 51802 91255 9495 73803 24440 93880 9919 27869 29797 34086 53839 590 61784 49658 45324 82747 73105 20106 95598 25913 95097 88897 92435 12734 51372 88994 81169 95550 11256 64414 98594 17995 75624 82033 25907 82237 14030 18704 47739 36291 17274 65087 54284 59944 79758 27242 30369 9740 99273 45519 51424 4150 9047 73664 24954 2908 35636 81460 59752 68622 68731 43279 14951 75245 36216 67077 38498 92725 13672 34787 11177 30201 67644 4656 21653 43261 82430 52547 50504 48887 65653 25436 28387 48362 10992 42954 24531 83988 21127 97128 11225 68514 24119 91538 51424 59181 76266 46464 88287 12579 39462 19069 5565 78049 92135 20221 61730 39148 24773 27311 11305 76029 11240 10117 11012 729 93138 12834 50240 21877 85441 89638 94134 63800 19574 76402 2441 12499 70221 21186 68811 85645 6868 30518 32292 99621 93725 1373 31396 98152 76630 69141 88457 19898 6417 42529 35157 77528 101 20578 15113 22590 82126 84266 28584 27217 52210 45312 33451 75571 3337 7957 57355 44429 5631 
304
7576 85338 73257 21379 16055 53553 7810 87905 50660 75944 51282 69200 56107 79147 36097 45994 56113 93419 49909 36823 96589 60854 47073 1688 45480 81142 49274 17810 86707 67571 5460 77944 83972 62766 89223 84386 47494 20259 12977 2390 35103 82924 18129 61332 81633 60752 9279 48755 84808 20120 49635 33656 53537 70672 9918 65074 45524 73125 98742 13433 39516 96539 45781 45990 17019 4770 10093 73481 90948 71226 80050 4355 84338 20623 11779 54291 75186 40227 74737 68143 64236 71815 1808 67030 24650 84986 12427 96442 8165 99859 30204 80346 95844 40227 97658 78716 11543 70902 70708 63190 27709 31462 94943 17954 46541 18521 30970 22837 16710 12660 57883 72134 41566 51746 36994 84612 75454 82259 24621 55556 13611 55249 79695 12975 21446 29833 22056 19199 30347 94392 87846 14454 34037 69079 45178 65702 56905 63727 71097 48135 80808 31325 69297 8368 68713 64917 58663 89634 48563 9865 49137 78095 683 16487 25954 33259 21543 18693 84613 59117 60187 16209 22176 67603 29626 71789 37837 80830 92596 65521 67031 71145 57384 52343 70836 25632 23317 76750 74936 33601 52755 69822 89778 82679 84164 24123 45227 61214 49482 13909 61038 54589 94626 45090 63266 38534 48013 3680 61510 69105 50430 54539 60828 95673 85219 47104 7227 89265 51417 98676 56655 65254 16750 45833 54777 20289 35729 23424 31033 23066 42266 45402 93172 1280 81322 71755 39459 38916 98495 17676 48360 18703 87008 49794 4847 52079 63479 73095 76522 96253 91152 61096 56165 26978 86464 64147 5371 48424 98980 77 63160 52522 178 20224 77094 87801 92806 88166 25650 10310 82816 91031 30622 45472 33725 14632 57268 5817 199 1072 16911 91033 18849 78839 7061 93426 1389 33063 34365 58685 45115 49980 53250 39892 68818 8397 63756 79891 66368 70888 15128 34027 36159 12851 41066 13658 70171 56210 24193 11444 75994 20205 83678 8695 
160
2111 17785 52017 16986 96989 25534 80875 28268 66708 77268 2254 4306 89105 15654 67699 11811 41766 16353 22552 424 4912 55618 74361 6093 38883 47610 9212 82964 53157 65576 58991 51058 48380 72185 92778 11010 87589 62237 46726 58748 90530 81008 5717 15664 44175 79502 27187 74137 66876 35180 34282 53037 6446 36018 97185 58870 93352 18860 25712 89487 12783 20681 37963 19224 12546 82145 27891 95348 79250 69767 58440 25557 48918 87317 17169 59009 90762 47507 69817 35765 17740 19711 51007 25550 13783 71960 93190 14189 21230 90987 17029 68258 38359 88220 75097 29721 36947 4135 44606 65401 12874 63288 42339 17554 46927 56266 1469 93014 95535 6630 25065 32041 50199 97073 34696 20406 97884 36321 73586 21728 82071 35102 27527 45457 93394 16115 31040 77316 83115 44447 86596 67050 62114 85658 31916 38509 31513 73761 10951 59680 56550 96535 16770 99616 89408 6227 70269 48060 59630 71929 9414 4030 84601 99372 74213 22853 20747 30569 20838 87901 
161
7079 43397 65798 69628 21723 28997 71773 97499 84517 19311 20755 55580 15670 651 38241 62007 63071 48136 37944 35539 52672 40199 25756 22705 51888 35282 75324 18424 74369 45159 39464 70103 79424 98751 65578 51033 43937 97613 53336 14943 32853 80067 66958 92210 3147 98715 41139 41715 25179 22337 25704 11438 92283 84508 11197 30464 29664 24188 79185 87948 4639 21231 42760 56462 99080 62916 12896 97997 70947 91072 91216 31384 78854 33101 98829 58542 54548 21769 93564 54840 93030 29003 59519 308 12950 76113 61357 67077 63380 90148 14150 27335 17205 24901 29259 63583 59837 32782 31395 46230 78141 32385 38423 23631 70313 83770 52503 43259 54889 60064 60620 45493 36459 40828 31618 42517 97121 26550 98824 7691 37188 21791 44270 97690 64744 45224 16729 72122 67109 66308 60766 75475 42532 67899 32695 69465 22800 32170 18853 77642 29479 50347 47431 3141 89707 72880 48175 32309 89707 7363 49610 70633 50320 52740 56638 61810 83406 12186 78114 41022 34361 
307
97800 60547 88858 84972 4944 78331 68133 65509 18551 71466 95938 24958 52805 55641 33040 65243 31622 93653 61335 21584 10427 27364 68154 70911 19765 43801 41725 33189 72450 27714 28639 78886 47562 86743 31417 90226 15060 37888 57958 27688 10613 13421 68449 61472 92159 90156 54766 98886 53302 57755 86059 15770 60385 20661 14127 7902 34788 90844 2466 87580 43336 82650 25474 12738 94181 97232 88581 24141 8607 23701 17598 40319 56640 67050 7067 89568 56470 19836 24228 84453 72247 62704 15385 97872 21166 23743 79657 85458 77310 57408 58641 37972 39072 29010 26404 74729 55085 3028 11305 67848 68554 64751 27844 22421 57773 18613 24471 60880 88825 20571 55464 62018 97395 29770 77629 88735 30344 8025 64501 60867 53564 99485 3608 92748 57939 55535 26965 35583 57472 30452 17307 51799 16077 90112 21692 27655 8008 59436 78109 19067 61292 61655 42279 12046 94843 74500 44983 74925 52593 6888 88599 56652 60115 66936 51901 6217 76650 97918 71878 58154 46805 17628 65751 67940 38815 99341 13810 52406 29568 77518 19070 46313 10975 63495 21818 19555 78393 80827 87340 81406 53032 32179 54658 71527 75834 59815 37064 20829 52186 95523 37479 51118 9054 51376 49398 36567 71944 20554 61055 36928 68413 89730 70457 45929 15940 85095 31744 88314 19791 4809 2855 34356 73432 90136 46306 7248 45223 43384 14676 39507 39744 71632 75479 40590 62428 53129 39679 88590 42860 48565 22620 93977 89097 96115 32428 92228 40445 76721 783 3489 60536 94434 82712 74247 95107 56041 33941 51385 66594 21448 90600 91956 43214 32808 68988 37150 7845 25229 14402 60586 19076 16907 33956 20177 49681 38809 29136 4459 27408 13009 31398 78062 64528 8033 24568 33297 98792 37627 18014 88338 90609 58367 16197 11029 17943 23210 55971 10461 51329 28264 97240 36661 99927 56008 34583 27168 58865 95091 19765 17676 71991 50639 55613 13465 99498 88793 9986 
213
52115 21291 98680 56039 40877 40246 77525 10731 58314 7457 71966 92731 86655 52154 54130 37682 73086 35114 76409 84934 87718 48886 41830 18705 53743 65142 89503 43491 70548 74769 5756 32516 56245 3266 92337 61765 31468 79106 47164 31302 5434 50135 38568 8801 93961 62468 20069 81152 73245 1278 15966 79367 36538 97741 73079 72320 9749 73804 76562 45641 17372 62272 23751 26391 98826 53715 43947 14674 3937 53911 55572 44572 68558 67676 73431 16111 28586 73276 78624 94470 42112 58784 95663 27053 27822 67404 28349 29690 99268 78689 97325 84351 8211 82102 843 53502 10401 8471 21766 26992 80477 85400 22968 31799 72345 65296 74010 61652 54956 10260 98517 28042 76915 98057 27529 47283 18093 90953 85812 56569 91092 66715 42150 75523 96786 14457 55705 7925 93144 19506 20151 59407 26191 36768 70768 17870 3350 623 48350 24687 14285 22945 40712 57729 21547 18666 23618 68510 81173 83919 92868 14749 99237 30171 17595 66163 74734 67656 18430 66885 46263 73558 46910 71633 2836 60226 38500 34341 47920 20003 89036 53868 17639 52470 46090 1395 53967 40913 49991 259 74999 75401 27928 65651 45510 81452 52241 4479 37774 95629 35586 38789 98717 62233 5346 95521 56714 82243 20032 13006 82727 76424 48405 28846 26604 50697 33901 24946 68711 48193 23910 44923 14623 
301
73984 5040 54610 48629 36386 9886 75322 48367 71135 28963 76042 17701 66304 74542 53520 21188 8070 40945 47135 84099 4581 65985 2990 47621 79343 34372 59926 52157 58030 63887 49357 38235 80332 52887 85524 77067 73491 6330 13481 80918 39779 53929 81507 35982 24061 492 86287 29064 71212 72820 51032 75269 6257 81003 69443 31339 75451 58877 56208 66042 97214 18199 12751 98940 58984 35929 65248 11099 77183 23210 47583 17853 31989 37030 49031 4872 68777 40618 20097 10653 94731 14932 35644 24071 33628 2573 5194 99100 7534 3506 72952 7883 32527 12042 67387 79417 95932 78122 526 41750 79743 86994 29153 81654 87161 77496 7068 12055 82898 99521 78465 63757 20903 11727 8143 7570 66831 23872 74899 80392 82047 96127 65829 53464 74221 26925 41848 21403 1280 34189 56463 13125 12440 80382 56043 20590 44591 82823 83324 46891 5536 70848 45436 22105 78058 696 6155 265 8504 92325 9566 45194 31732 38106 14956 26799 35577 84409 73258 76159 68201 61236 74470 82625 92912 96631 65989 64420 91000 62115 58528 24877 53590 80128 43119 53424 10951 26366 71818 18310 55455 88166 14492 3809 78455 94155 7739 30047 49539 73975 67415 99525 68481 61915 9306 66938 29691 87486 3648 41829 96104 48211 93717 92509 51792 80519 82850 35864 93309 9181 69222 30704 17833 16608 79712 391 50083 41727 40920 3493 9218 86028 42558 96902 20051 28342 6775 44047 26652 59204 75275 3907 83691 40988 6250 5527 14680 14815 79062 80312 21958 32676 71217 44958 52782 17985 24679 54262 51392 91205 90275 64647 49306 59309 32569 87378 57784 50248 38414 68772 53655 16590 48134 17262 86755 65492 12026 8476 45290 24187 8696 39059 50558 88022 77509 6862 34843 70886 57804 25483 40791 9741 36462 1055 32873 8095 24206 91474 25175 39762 13542 87984 13336 19592 6390 5966 33626 55419 42006 99546 57599 
138
44627 10134 51338 99196 19098 43460 13523 21658 88445 86990 43303 58831 91108 19919 64753 38197 64772 74952 85036 5226 92637 5632 49247 92924 7931 13786 40246 98261 57978 85347 27594 66081 18565 28234 60932 20926 93593 99612 33814 4293 86521 66525 59882 48828 43353 8805 28369 2119 76102 13502 87069 59154 57546 34915 86898 77875 36468 88431 75404 7220 36299 83024 26072 90152 73362 90095 36136 78953 25916 82383 33478 73784 79438 11678 21980 48002 96279 91361 57549 61753 82939 33583 91021 96238 75589 92711 73831 37106 31629 32239 30469 62874 17913 75799 47712 75539 37542 89877 75494 90948 72411 5324 54383 27995 48067 42522 88749 67509 34808 61555 75969 85171 38523 96337 49853 76015 84220 21556 86925 99201 32537 33996 98235 64913 18681 6390 54654 23860 33902 28055 65519 18715 77240 58632 82080 96319 53370 45499 
91
54879 24095 31864 84546 71727 49396 28795 79918 9096 84941 34206 25838 26461 33212 47872 33122 22384 12739 57924 45830 65965 65212 71964 1438 57940 88787 53293 48769 88177 60381 94104 9774 54092 81175 58622 18737 53279 18076 11182 18034 72499 93192 30539 84316 29373 17621 4759 60660 64873 84022 47009 4586 98917 32386 51114 6748 44078 66 39911 47244 74021 25107 8362 45556 52023 74190 52103 3238 86835 95106 57052 92398 23571 22757 4151 89698 86674 36904 41465 34013 10876 57739 87859 25028 82237 47834 35954 33329 82765 1610 88402 
267
11164 47716 96469 90467 66386 23756 87611 54382 13078 83270 76827 20834 56188 67005 41304 74597 12713 66950 31315 78250 92806 47142 42725 8804 89870 59791 56728 77455 8173 3105 44334 57401 73024 62726 82244 54908 52948 77237 2070 36718 2918 83421 49393 82440 47536 15953 69295 52926 30230 78219 53057 60945 91903 72006 60579 58532 99655 54148 83344 20118 56767 86094 8998 52388 77785 85739 89856 15280 21575 63548 85694 39769 63378 72604 29310 91716 337 5656 82225 12087 47507 40028 51346 23082 89915 77993 74880 29682 26910 39176 44130 31650 34214 41409 27964 29415 146 95077 75282 2363 11865 99027 24055 52472 46222 33959 86135 6660 87097 14887 76492 76223 56328 41282 42763 14453 12896 49499 8324 28431 23667 18816 90760 15352 8944 22329 28232 60154 60353 23434 49466 71582 35079 93294 75457 26558 94196 37723 75715 19368 82681 66034 54421 25030 26426 81418 38074 95334 24463 21830 2519 6556 14702 1503 19620 36049 77071 46819 45457 87602 53361 20233 51299 97800 42353 28768 25392 95171 59550 55225 4622 42777 10784 49279 53367 11715 32840 36702 93428 33338 49241 264 68315 3423 54710 94181 12425 482 49378 36178 86142 33254 19542 15843 77134 23061 2226 57736 92121 88566 91093 39393 37418 65473 20895 17658 30851 21591 24506 24736 68121 51127 97005 81467 8085 99490 17577 92439 77385 88103 70965 79122 62488 17108 25259 48873 71277 11176 9733 3439 55741 52699 21493 1032 43084 40685 34241 23032 15098 30953 13681 14148 47596 9789 19646 87501 56040 15795 6237 76686 86443 33103 94343 36052 30245 25844 87657 49973 3650 90871 47496 87395 42289 70367 29819 84333 76033 
148
61553 73887 40212 12839 98473 23731 13463 13631 94840 19460 65380 46094 29057 93402 50958 40685 8815 14822 13602 92430 56056 85982 4927 8680 37773 38269 91086 15836 81130 10158 7203 18630 6276 78171 67414 36062 40857 38853 36694 78348 67196 32076 3915 22580 75663 25453 96583 84667 38093 54706 20886 81136 13354 25788 95054 10218 1267 99801 10872 88488 73875 97844 76637 79906 22886 56699 28499 40586 63363 75429 54576 79808 49370 62933 45175 41714 16386 469 50696 15257 35489 60741 48796 16103 14650 38372 67802 59908 89558 91948 87467 83868 88 43663 56473 48626 18430 28674 11060 52051 96407 5031 52345 86847 31455 19432 22172 36663 72262 8623 11523 60708 99378 7204 61073 48988 90679 35889 89777 80604 3038 50295 13236 96344 99966 51190 49856 4060 58010 31504 46581 12856 69626 97687 40192 40340 58725 18317 32926 64502 61802 67692 98254 16199 41402 1252 5440 90568 
90
45742 77517 61689 80191 10853 50138 53473 85562 75788 99128 57593 96234 50834 44418 76523 69456 60455 34352 40975 32537 94816 40401 91072 47193 60588 38424 1105 3394 63130 81014 46941 42729 31921 7558 14766 65019 41580 40827 24933 60294 86931 25950 8788 11557 79907 76930 64207 68863 57889 57698 29395 30268 20854 94725 94637 94049 43315 13642 12015 42653 29994 69621 42934 822 46885 63128 56142 73723 87441 53387 44561 9700 85917 77505 44443 99526 4794 90153 42758 36308 74301 81596 32697 52156 65869 68696 45217 40792 55807 48538 
105
5344 84598 13556 4998 37824 81427 85629 14160 106 93910 84276 68930 74740 90082 63578 44407 94453 21429 71371 37379 83169 33322 96007 17932 32397 19431 86760 4009 95984 46438 80350 19349 24207 75676 93053 34289 76092 26213 13918 84126 25321 96897 58178 55350 18105 54401 17222 62761 20296 22071 64246 95783 6881 58931 79458 99601 43797 2685 89263 54789 75639 26657 56521 49274 75301 50370 23302 8902 92797 97373 98071 2970 63869 99925 97167 67871 913 43185 45373 8511 60089 23483 12325 27455 39824 12107 42642 24303 49851 68858 69645 61812 8916 43951 81788 85797 87022 7395 34419 85250 88232 99409 14917 97001 28401 
154
99930 15125 42349 91415 94504 84482 78459 92434 72846 4888 19465 57485 5016 69084 42729 40839 54461 75665 61616 46756 80796 58004 86682 63403 75010 76587 6123 3966 10590 75403 90123 625 78319 12536 91712 31830 7375 74881 93761 72048 53132 96589 50086 93570 28117 65275 19555 97399 95732 32321 12375 47506 53421 78519 11640 22032 6649 72278 92322 29555 88154 36352 4742 93298 16763 78869 28064 39405 22882 94071 62855 6395 51044 14714 36820 92578 14956 62249 86823 49699 84483 10624 18627 16353 22897 66782 96201 30983 99724 52192 61524 86163 79770 21109 36558 66153 71155 49836 60752 37380 38426 69180 79774 51129 35679 75577 58639 43263 80405 24952 11902 8089 24997 28224 90104 54 24643 317 3867 53554 96599 4949 63898 82290 86877 89371 25560 81518 85601 73214 72630 51550 71121 47495 66259 27885 69623 84828 43044 6310 29 3945 69981 98583 94173 90005 64599 67857 96429 45928 38244 5153 17313 26915 
182
2703 62431 76602 47521 36242 54123 36742 24525 45365 1974 29347 32003 47559 83850 89306 25473 66147 56487 43974 42371 60253 61019 74890 9557 89085 16037 9914 47076 81426 88749 84572 23267 72388 63601 50626 60977 31018 84047 69646 34125 4132 25937 9068 47506 54893 40708 80579 35812 73118 91543 52994 68412 11461 44241 36477 43876 37947 91586 84044 80792 29262 23681 76181 77692 38008 59752 2357 63409 76937 95374 72446 84698 22572 13871 5284 7318 3283 56425 41538 98315 29070 56896 98470 16947 50274 35996 19008 70455 67454 53014 84052 43654 99972 53480 1533 4785 37427 92414 22377 28012 24301 94618 87674 55610 38616 28344 19968 53066 41281 5012 88635 65753 10699 33927 90357 9516 56982 3320 14407 83933 98236 53420 64884 92570 61678 66489 21399 49081 37417 83669 65708 10238 93890 75908 17870 35265 21254 38333 95509 42312 77228 74748 67734 13847 69621 35654 98771 76381 60445 12142 41845 64918 37100 81833 35747 57368 96287 57056 34959 40168 68034 79319 7958 95803 29477 1506 1912 26524 34872 42314 32504 97285 44277 78988 13139 88298 85232 97085 41100 1445 53730 86738 
36
99351 40178 76302 33679 3742 84739 46388 30374 73351 55981 45745 64392 48476 76332 38420 12388 19631 80202 62947 68301 42862 41257 16542 11732 21119 45023 21344 36179 83586 59287 83003 60661 96170 94671 10701 64669 
231
28324 76019 39120 18072 11405 73158 43968 11275 20217 16110 66369 13152 75299 63284 75133 95086 67573 23808 79688 89110 11266 17785 68649 8260 55624 95962 28603 85632 75700 70245 78284 37068 61128 28678 47283 48938 87655 84313 61683 36102 7922 30524 13679 51776 47686 16821 97655 84550 8392 20486 49758 39447 22825 35074 11397 72856 60392 9277 62071 72100 22646 39272 15690 76797 94549 3051 23134 71977 75648 27558 9792 5321 31916 27576 51555 94746 22203 96668 35009 21627 6420 67133 76404 23688 66156 23834 58250 85344 78980 72599 39531 79002 93127 12672 11813 37420 51782 53 90464 95584 41984 54327 93991 22184 79700 82167 97149 87856 8003 43996 71500 2239 90216 25484 27709 18350 97405 54181 51856 5828 73458 89620 49879 55660 59756 46770 87167 95910 66284 99165 70017 67428 445 3500 7383 48025 23233 88447 56406 65791 68331 26245 47460 5951 78805 52253 56206 47377 96824 96769 2297 61594 93819 68094 53177 3274 41499 42979 7856 43573 5055 95758 22592 73328 84500 79852 5735 7961 26351 75875 74695 80573 53443 18230 66489 96662 22950 64045 36663 54056 42484 32791 72536 37725 96181 17330 42520 74897 27343 44146 84366 33551 88917 34480 22865 86118 56441 72425 35552 64875 99012 49618 66673 86190 67811 81413 50281 88245 73095 4304 8104 21572 54657 38540 25173 53660 53404 51616 46090 48048 15314 23163 52385 76331 20324 41726 42760 37468 33873 68728 62147 
69
51199 53206 69 33951 65517 87498 64598 64719 15145 15829 30440 64208 84903 99723 60530 64777 91513 424 78708 12869 2678 59511 41984 11171 57197 53 97723 55971 90939 1197 56470 73575 26951 23872 29661 54171 66731 92002 97000 56127 52044 40056 3241 50068 28621 62022 34599 74478 65624 7360 34572 45677 16287 61527 60467 95194 6093 67411 95648 16868 55020 61633 61923 54270 45677 41848 38142 43038 27235 
126
98205 43167 39180 29070 19867 62291 97873 90322 65204 78023 76908 72695 65962 2361 46822 56190 68730 33013 12051 20017 5435 42750 91621 28013 55670 30524 17287 42014 98122 12096 22307 89574 44084 42875 18185 5158 77023 13717 99206 6466 5808 15270 84152 47043 6927 90417 49322 5042 45744 44624 10983 17051 12542 20787 96418 90690 69285 79817 17711 44420 83047 2836 82364 34588 31706 70265 14834 35987 19845 51709 36299 62096 44238 80743 77008 89585 6299 67424 54548 24703 65478 2293 55588 69170 93525 58373 85543 68468 64108 28681 7609 44525 54671 87770 28020 28187 52308 47667 24611 41600 90020 67423 15494 49019 56749 90530 70927 40271 15695 64408 50113 77717 23714 65984 31732 36791 12559 39547 11693 92265 30572 88683 81001 23896 13546 44729 
260
62497 26604 20385 3133 15751 80262 8473 54154 34201 55330 70855 99508 73838 3927 76896 23327 84112 96697 44888 29435 3576 22599 85217 13652 82668 59259 69394 49310 34958 78970 12542 90606 44833 9743 71100 27155 7836 79756 20970 10712 12468 85498 15538 15041 22447 22771 76712 66524 47571 23319 16063 12659 53299 13310 38399 34395 95004 15159 96348 85267 12089 43084 64548 89597 65425 25200 19885 7433 60376 53781 89262 82085 38186 78917 75265 58742 23261 38188 34787 30655 76712 3650 81919 39894 93600 23127 75071 9651 55180 48893 19213 19465 33320 14173 15591 18552 46172 30405 3199 34126 19655 11330 65371 93490 97015 35825 97333 41612 67574 20600 42864 75332 53735 30848 95833 22718 62452 80785 65060 47941 87943 2317 50701 81308 92578 7367 51083 64251 12464 50320 34747 90024 22483 20271 50610 28400 19281 35665 26179 59434 1317 41711 54507 17908 53821 74795 22348 55321 93495 14630 20735 28916 97264 78737 76191 85028 93591 45954 30619 76157 25259 63335 4721 25380 54454 42894 1270 28162 44520 37824 99181 44495 29413 72665 29006 72950 40623 50217 37763 73967 3270 15646 85510 89486 32981 10078 21154 28060 19192 14966 39746 77661 29360 92655 82580 48720 94377 86202 59956 19024 70500 52886 53786 95033 27881 81820 55961 99668 64010 1403 25440 75242 24260 7634 42664 66723 13098 87031 38265 31536 25085 82118 62966 81227 51615 36323 11034 42154 6567 85420 73868 44951 32007 69181 49934 88984 69935 98381 99208 61127 76809 30634 92808 41274 33437 28709 61926 71769 94346 85845 35817 62210 23886 27755 24839 20174 65873 8318 68040 49383 
232
25599 59136 52955 64800 97760 78788 59957 96198 99722 28750 22168 16432 51717 62989 36036 94968 763 82712 94237 80694 88721 66579 90629 17885 99041 5282 18932 6059 95807 16993 18101 9128 79692 21134 70177 94294 43796 40664 27824 21063 37372 63936 95740 82390 14902 39839 83065 4897 52449 7142 83141 59933 11104 35301 9684 65719 24755 90698 18319 11469 6701 59135 8445 3839 98185 37942 67756 74726 20652 89552 91816 31757 56143 61507 26716 26321 84342 73280 9452 97814 79842 17976 89321 29551 53023 56758 82729 42331 15861 15906 17107 67537 49416 13967 85681 13226 71863 99727 19168 89210 80929 36212 51809 39600 30033 29296 44642 21049 65206 58194 34173 96053 6252 15835 54993 78677 17604 83971 56486 85290 79798 9906 30444 89902 82456 74852 70935 32380 70154 75155 13068 78834 99907 30002 72645 23278 66942 81448 57296 93189 4267 21800 96254 11165 67025 36385 70461 57482 99623 4506 95279 86502 16487 9005 7776 29756 52358 31050 44704 46576 89400 1777 60024 41515 41933 91373 27400 67811 24225 24989 87732 83670 66670 10799 11179 83959 86098 37056 47443 25329 29888 20818 93548 19963 96234 91518 22768 46116 35646 27463 13541 54305 83015 64806 96780 12675 72561 50191 54028 91565 79821 40124 12454 58533 44378 99642 82355 24376 95541 49798 1904 49121 64550 18407 62537 88496 91975 56664 84968 56494 72272 39467 80124 68784 39854 16886 38844 24533 76201 20459 58097 72776 
161
99814 53442 6708 25243 53106 29807 71767 41466 12827 43155 34969 5691 76742 3169 7857 74342 18660 79210 51680 35554 31506 86738 99600 66491 29011 71608 81117 57906 29143 56562 71722 52100 59747 979 1456 2045 51205 20601 6955 57274 26000 98392 93900 91402 8472 35040 81425 84201 74901 37449 6329 71917 42653 36508 8930 28239 72028 40516 65393 16267 59674 76152 8666 90198 36702 20095 67182 40134 40376 82672 29411 21996 89176 9636 44270 48360 85339 30955 77351 63549 33440 30365 22491 32765 79148 24357 17354 7035 96921 5935 70685 4948 95228 53830 89131 88649 91350 62054 29774 19665 81567 39520 10483 75832 6268 11849 2739 69554 80238 38555 18748 79962 85898 23826 85248 88588 92047 54101 12832 96218 69077 64503 9747 22162 7646 56681 94496 41436 27771 12557 54210 7403 36591 28664 17603 63777 14207 79987 73789 65628 170 22862 81637 34507 11267 81036 75690 51477 92647 82200 94712 59827 23535 70354 41719 76195 17491 9156 9720 5462 38654 
71
8277 65404 13527 53126 82137 93227 94569 12882 64272 99290 93345 40426 38712 76349 29462 35224 67631 20653 74480 93515 55286 66394 48985 62039 8202 71838 82663 6114 93479 94634 78368 18767 95817 37697 97479 93209 33342 9854 86488 46500 9097 4207 52826 16342 67920 67142 47951 51266 31958 86031 62389 85854 15997 15564 14993 28342 47227 64188 3165 16976 63770 97161 39690 17732 37297 35505 38419 27232 2412 12625 39152 
247
18592 75306 13185 56995 68345 30028 84314 62766 98631 48683 11948 99116 46278 46338 99826 76968 78469 8989 28337 26420 65992 94313 31886 23059 3119 82913 92519 18245 37949 8567 71215 67938 84993 97597 39828 60847 56780 43642 931 65943 40215 96192 40294 70189 56608 60381 6610 71090 22101 82342 35238 80796 96678 18259 48270 42740 8427 147 67583 64225 92161 52080 31216 21564 8416 49693 77815 10325 56223 36311 62382 34734 89296 64280 69962 62590 30996 62460 21285 58206 88711 20988 51169 37896 69746 19595 46541 96713 61068 11939 10307 30551 4021 6072 25925 89943 78414 57422 18895 9781 51615 65230 847 43951 30489 14773 15335 29429 57656 57531 24535 32312 91676 59642 39439 31061 23681 952 12440 46785 4364 40390 85936 44312 32485 48327 16459 9108 59692 20442 14600 13785 19165 59314 56729 41709 74994 5827 96578 62372 3633 2947 55874 30 90494 22091 18758 62433 25285 46806 94653 25664 14963 83084 62031 45159 65464 21738 83419 59071 61188 67021 16434 71074 34985 12148 76473 83021 69595 17195 93398 57088 94184 69035 5640 91357 96367 51000 77791 2261 12356 55283 36851 15830 61335 3798 86273 76385 48904 66786 29314 14746 17922 55295 67537 70730 44672 12083 76280 91383 42167 87997 10199 48271 61220 66862 63765 61626 58539 51650 2901 91325 77604 58992 22408 6634 97962 81618 72650 78477 14693 42046 49610 15869 80697 48958 37967 73973 29939 18691 29621 49418 49242 11043 21982 99073 788 83910 90834 44379 66557 28162 15822 72492 85294 74389 25511 
38
39502 90440 29871 53720 90570 48554 15517 2008 16586 26356 22899 29168 83282 19660 31415 42148 50450 86021 76033 94586 36301 78520 2922 9795 72437 44239 84592 44421 54093 57472 44067 49600 53322 24264 86124 38982 92158 46311 
201
24295 81013 71674 4182 37375 73551 38066 72532 70777 88643 85973 94568 78431 76200 74233 91564 78277 32468 25317 58865 11905 31223 48450 88013 27386 92505 63203 53212 4472 95609 9025 63035 36668 3698 70082 37606 94947 31023 84800 75069 67349 746 82599 67118 12513 44022 88527 29973 21797 40260 47854 44953 13925 98385 68365 80925 24416 55020 97331 22874 63866 49731 24134 7824 85011 20958 15765 54884 69075 52488 98563 98364 50841 68010 56729 35463 61778 17746 91323 90066 61849 8713 99748 41991 29218 47876 22779 47890 8800 99926 31407 9665 89035 53758 899 35148 44508 1659 92431 45461 90031 3806 80461 58112 25638 1423 8853 15167 67466 6475 87540 74868 23423 97276 90349 16956 57232 64170 77252 89116 93386 18143 28973 52114 36610 35189 56180 21524 52379 84849 84244 37437 64095 16006 56953 99030 17211 13778 19338 86495 35696 11159 6172 28184 48408 71218 75655 78370 95658 91171 86581 36783 9487 25957 61853 64732 79290 17543 68145 64160 37177 35001 24551 36381 21298 72581 18960 97038 16399 34520 46034 43746 21426 63315 19100 12914 91277 26025 70404 46119 70697 2067 7564 43907 76449 44748 22794 16316 23308 86949 49511 32410 59267 11457 76083 1785 76549 8730 24335 66878 24346 
237
20411 78497 6084 47741 59618 79433 21785 3379 44328 29595 28573 67022 68972 27456 22093 10233 57357 61801 23405 73465 86296 22204 56282 73005 89190 76678 7253 264 28887 1985 91486 12235 14307 86609 99889 98244 29873 14707 53105 70663 78249 54655 64304 37726 36864 81483 76651 63438 37837 37259 1428 6839 22416 20713 61281 50920 87880 73351 74227 14626 28048 16816 63030 96616 24767 78457 52819 59809 67137 81360 75054 15949 59368 43072 14145 41743 17128 80934 48978 85474 22881 25862 4871 14282 52118 63212 19403 8411 28272 43009 85939 28524 95374 24610 56280 3609 81853 94665 79142 65121 88291 16655 86785 36885 57081 17012 25625 87942 73668 27315 94885 21300 64236 74990 87292 80780 9914 29562 38474 90233 62993 38428 67206 46653 18821 89349 64177 32609 52778 5511 87686 76634 65652 80698 22004 34757 33216 84985 43200 17759 69058 86695 53251 40476 4755 29709 453 467 10179 42809 17351 2268 98989 27656 86668 37071 46067 72946 90504 26655 26904 66042 86461 599 35079 4454 54794 83512 9929 47546 94367 29854 75461 72026 63877 2320 28826 66183 65032 85298 44327 68787 13027 98068 25828 64513 4719 21693 74157 15170 86306 84183 90312 60728 94719 35751 32591 21932 34866 53336 1897 44324 75764 71947 75038 71964 99060 23223 38857 47447 94403 79109 71856 5705 25423 8028 70628 21773 96122 4261 47880 30404 91916 4630 62248 6029 40949 53155 37387 79329 78266 18444 56723 93486 47161 66714 44613 
61
29271 26811 81048 86934 26890 30884 41236 27212 14660 78951 82858 75552 37017 39751 35565 206 33296 83003 12667 1851 40051 85362 83762 61817 74911 59139 45916 41758 38666 48205 82224 41960 69618 89093 51782 31889 5063 41049 28316 72639 89394 59054 14556 72956 91706 94880 71840 42180 27090 11627 69842 89732 8067 26552 64477 39148 83437 99599 5886 25850 95430 
174
20419 52264 8089 76717 82427 38942 69640 7193 16631 10562 15081 97926 29072 79254 48012 34123 21318 83864 94615 35623 37622 94211 60597 91601 51251 54424 91647 24541 15969 85409 14765 77692 3178 13010 57439 40271 31105 11357 44787 81096 90396 73134 53894 3749 81411 13440 30652 1877 54613 94397 95647 76523 3475 42784 60852 73203 75344 88466 46258 17158 38513 41033 69476 17481 4185 95967 61211 57693 40875 38053 38111 32602 61916 53036 70667 35867 17102 90499 80165 95117 63492 89364 36514 30748 91295 55396 62428 32659 37320 86723 87158 95850 48094 55305 67307 61376 30346 23008 40545 56757 27351 79581 59122 90353 30861 76701 23242 16701 69477 12723 15490 93710 30063 5796 861 38762 6639 59947 39998 31364 14706 28294 10924 16987 87081 25981 37325 22170 90225 28612 25741 85957 24399 55281 1043 10843 70468 49326 55468 97570 90719 60828 23948 16323 91623 50643 33024 31215 86605 93879 32842 32754 86926 36508 31645 79790 99042 92507 53581 272 13752 43398 74822 16487 58858 22689 6190 11169 32815 72944 87277 94819 54715 22129 
84
314 57558 27902 60115 27497 52013 92286 4519 89757 919 52589 13043 60684 18753 95134 78530 41581 27828 68898 22623 25215 34361 28258 25380 69482 48600 86245 68888 62424 26811 12013 7625 31258 93210 74803 27273 91824 87131 35135 94694 55292 28722 34356 89744 92371 39789 16074 91147 52938 52458 5436 4159 96795 70812 49062 34836 72323 88977 51442 42158 70946 78308 68718 13628 1579 16422 25372 51382 47153 55863 35138 84504 79056 4849 38808 27742 72787 99846 52407 85430 40618 77706 16009 44859 
217
57241 24151 55168 57555 58530 92477 57735 71621 59917 62203 81658 89053 6837 5095 99407 84714 44660 42661 12711 28448 80526 33558 67565 87056 54237 77757 68900 45861 12494 43363 41595 6993 84288 11870 75741 65671 90528 9463 91215 30995 13397 10176 60036 88713 56255 73340 71333 70040 35822 6938 88441 11821 96034 57706 96512 64838 38703 91542 87048 94166 29950 56808 78004 6623 5847 52606 83113 89435 59848 80609 58807 60945 63425 41689 4548 55858 32240 10761 75940 16593 81599 36549 73929 49944 50820 44409 55229 36663 83966 27255 5233 79260 47758 89409 52086 32322 19347 62718 39022 62809 49033 60686 4542 37157 89228 6570 14267 50803 84506 75171 29559 80351 99491 91097 92259 20173 18811 98252 6234 72318 2040 85891 6714 32400 70068 79600 28164 96012 89932 41005 38464 19266 76104 43502 77031 91311 47227 1211 29191 21364 35393 10296 55158 99719 32052 48486 14487 64573 53603 78951 63599 99635 49124 33968 25640 69237 43743 35782 399 38871 70731 35216 62247 44741 47927 23849 11472 18737 72695 29780 90423 54849 35780 50143 81641 33495 65782 41257 30881 8127 88715 57114 31064 74123 99482 96060 69955 71195 5322 22392 33115 98810 81596 58954 97427 78624 65864 88620 30967 86762 73646 81587 65085 59571 66942 79228 40802 18479 16528 37069 16258 75786 16456 96625 29644 99087 93843 
13
92778 51816 14074 31477 45493 3221 26201 55596 34464 17234 38301 64825 82852 
257
57802 13770 28854 91356 96762 37243 20536 60578 53339 87513 46667 38792 93138 82584 97926 70639 87138 13622 11344 35779 21740 20061 15859 58478 22605 88901 9222 4189 80345 20978 84892 22342 29885 48790 73482 97386 94204 45925 9892 45280 26447 23991 11897 89633 67024 52052 19807 25188 12160 34291 12294 50199 43575 68704 93370 86009 57669 32600 33688 69799 89625 331 54360 39516 73189 63879 53449 96933 94211 85151 68936 35802 50863 32974 59732 28441 47412 38776 61263 38263 74291 82296 99663 71657 8818 43885 58402 34870 81920 85333 29258 23810 51065 36023 72486 54683 205 53819 37617 42592 56635 76108 43166 50067 31474 86044 13344 2211 90756 12709 69517 34104 2449 11797 55152 21905 76840 16230 27685 12194 28391 79582 16321 83034 15317 40553 47406 73340 68166 76555 4108 13742 8485 77216 50900 42139 39026 77126 36661 5220 35019 87328 85433 4084 51223 94900 38766 56681 81786 1323 81098 70205 11320 9910 63455 56921 49550 10515 14870 73210 28283 50654 10713 2130 19861 82048 98186 43280 97883 40371 30654 49339 34107 20405 62355 67118 79959 52926 7970 59683 83407 2492 35615 28614 58735 37610 7860 27328 6930 28043 5634 59993 8740 93162 74798 87400 15018 9580 93420 43962 25567 26828 5105 57701 51651 50231 61001 27370 69948 76451 16432 10897 77924 49981 72959 70170 10700 99300 40972 60902 764 7274 51256 13238 42019 51087 52302 44081 97919 14680 3627 45657 67474 29401 48579 23026 70601 45747 23241 92232 90045 11237 28259 64591 94031 58901 41028 58688 94664 6053 17832 40236 79750 50680 47180 1688 6240 
128
54555 16306 14483 37043 52831 38623 49314 70298 85534 48727 88328 57632 45341 6457 74704 73115 30054 85790 89045 28577 6112 66368 39712 85574 75706 5698 88729 41557 89259 55439 71371 74338 78035 22624 49586 53991 20783 14614 6067 92617 92761 88332 97549 44249 75231 93026 32163 56578 89356 47816 56059 53501 86811 19792 31627 80812 93994 34921 22615 75417 80168 87685 53344 28240 78795 24909 50951 76849 88430 79319 15273 73485 13313 57676 38837 25190 62842 13920 81130 56895 54064 49943 19889 76377 86365 64472 40261 28361 32494 28550 52454 9478 8370 50625 48287 11481 1045 88295 34168 54202 94926 34655 56492 74056 14246 21916 25373 81168 58365 53248 945 11808 75569 71061 95210 81773 79526 92609 86988 9455 82208 33095 72408 8121 34188 41810 75614 97088 
294
8647 8993 76689 35322 58514 74733 79968 28703 28864 46430 72879 59180 91236 75113 49867 63428 10687 17721 70554 807 17587 12081 55897 12985 89691 56595 51770 92956 63306 64019 3705 1549 69395 48849 3475 12146 36639 30610 36453 99915 58796 6104 73160 91885 92526 10199 9888 1499 5819 89776 13637 86339 59436 662 92190 22538 76463 47890 8723 91757 75841 65241 35861 50522 63145 47986 23336 72268 76324 45159 20142 48728 5608 85099 3635 94336 16683 48860 43613 79908 64933 16840 73817 24234 53438 29123 72909 85166 3070 30597 33611 11960 37436 22915 78174 56305 54542 55828 59593 51078 42772 50796 64201 75554 39801 26954 23461 8559 91630 31328 59879 56632 22229 40329 56511 21015 65294 68676 76771 37868 90084 58359 7564 58064 8600 33977 80443 9519 61239 70960 97273 37721 61443 9957 85293 75242 87529 95328 4270 69371 83739 79759 73044 74860 8425 13156 35918 76517 85078 48349 21687 76547 71589 44724 60603 67696 57746 51188 54535 3235 56407 26401 85582 35833 126 63521 58994 14860 74806 83654 52096 83321 58243 46929 97641 38397 16386 98845 30723 44969 271 97345 51609 87218 21774 51123 89140 16035 52826 39520 45579 59191 18922 16560 50191 1900 21502 9746 47016 37731 92102 36351 28117 74769 77400 32343 7682 36812 42803 12681 7137 16990 49765 82109 15026 7014 47938 76308 76811 5927 82587 64953 58132 37743 13944 41307 1584 81974 73329 54505 83406 24601 83415 39059 85474 51936 85726 45736 55775 38651 40717 88184 4227 78518 94224 21310 98323 27038 32206 11666 39506 29750 57717 84697 70481 75102 75487 15224 2226 59064 56793 9866 40868 87570 26939 47921 88492 6402 38900 19173 6565 14937 59732 17100 88120 35859 63898 20921 54746 95286 51151 87339 71144 26023 8876 4199 94418 86748 49801 36437 22725 69864 35330 11806 
177
63594 7004 10298 8049 16042 87186 51337 59085 32035 95800 61896 24732 41890 44199 18562 81421 10405 35412 2677 88232 35751 99767 5717 42828 15332 74835 33658 48739 33614 98271 16127 66014 48585 52919 81719 61506 36426 7649 33871 1030 78071 21446 4250 74503 7540 34559 95577 62502 67512 26161 42115 4873 55143 81088 17857 35268 3705 23270 12938 14762 37913 8969 45592 75829 41194 48460 95803 59499 18643 39472 86368 67512 82912 75723 30782 7788 79270 64718 35766 65817 47494 10403 90387 63919 74134 92302 111 63985 73151 75451 58537 44610 98327 96437 54132 48433 92452 17055 92572 52033 87030 84903 20837 37057 66550 26960 48020 23311 17995 15816 58874 22955 71354 25099 18501 6627 71681 84966 13593 55774 64152 39250 65467 71475 17095 93767 16638 11435 85659 3571 25894 39254 84059 70971 8632 38245 92161 63484 3922 14556 84502 66159 82950 40164 97908 58023 50198 99581 29093 79156 13808 38560 64620 35194 36353 51104 59689 23868 95290 84747 77438 5972 13396 11688 38667 42363 26405 87054 79026 97521 11598 90442 10786 55506 88637 38506 92264 
191
42564 58183 7081 26429 76848 87009 30147 35258 38294 20567 40651 44220 92170 9753 53363 27736 69661 19821 86103 8436 61860 96861 22681 76443 69044 84291 23236 14457 7475 16473 40829 83593 52544 12012 33378 18392 40035 17614 3872 7220 6538 12488 36703 28616 81161 69652 53377 33957 35577 85935 24142 61214 63914 27046 87256 17103 2431 23535 55521 26881 97170 81003 52896 41992 71858 2338 43806 90555 15332 79099 18388 91543 92089 90248 26650 53536 79164 6320 57694 53874 35431 58349 45546 99626 32278 232 94382 66934 1729 84139 93711 59639 55781 53161 11048 68583 13963 80984 33456 45603 62753 94088 44025 80183 50149 65551 82892 97434 63499 42907 4346 75561 25690 22471 82167 72097 53613 24471 83523 9102 59112 93339 17987 23928 73354 84196 89168 22848 96830 15534 24583 79837 83988 91719 29637 20318 83707 19265 4771 39418 39157 30649 35217 37468 43063 20602 36731 39495 989 12878 70459 18778 96680 55644 97472 15795 7740 67305 14797 94537 69374 21926 36542 36468 60317 20039 52978 33565 87268 36106 74605 26367 55231 61672 18921 57798 88523 75032 19631 29787 53059 37909 75560 56946 97826 96937 18543 89736 51163 48849 15932 
303
74248 16247 63195 44024 83862 52886 59395 14277 96676 88373 58656 39282 45317 34344 50500 91800 74506 22508 95839 85704 87928 84941 83217 36186 14968 31526 91590 10120 11305 16273 98390 9981 91667 16778 53015 59239 31548 78129 17891 25864 42942 48355 283 26726 84682 40593 72293 23645 13169 77679 14914 41819 60918 81238 70868 28358 24980 23993 19171 18005 1094 55897 29771 18723 26928 95037 98632 96112 44850 59787 40142 27922 97229 5734 30033 7210 90623 75672 71299 24507 93795 56454 97722 91031 65879 67735 91503 99760 66597 56619 49800 51629 19531 65911 76033 45578 8819 5495 29454 90231 19895 69922 94207 77476 57406 11467 39266 38131 59168 64580 3795 16754 82157 10023 726 12161 91723 93183 60613 83829 59359 84441 5148 97782 61410 714 43330 56199 30347 22881 87732 93883 96772 46426 22514 29934 22231 30110 29732 5079 75591 40702 21812 46996 56260 36800 10541 56022 59831 85211 99421 47062 1013 51806 53607 92708 4794 91737 87001 8078 46422 89055 3443 83053 2445 25781 47348 26001 2585 49085 94611 94117 54397 11034 20999 23293 53207 96218 98381 9017 93555 29746 17583 31458 680 19463 76147 34911 75396 85296 66136 65420 85125 82040 75797 80455 26740 6522 65491 12628 76218 21605 99364 14421 15599 9269 11357 85472 53269 89859 65310 10250 43400 41592 9216 60720 78734 54380 80800 21644 61319 95962 15559 13063 98875 42834 9818 63461 88713 27945 93863 42675 18873 69021 73324 14330 90346 58903 98460 37246 93051 75523 30566 86108 20732 38813 17185 48723 87041 36219 9491 37774 83015 18417 94829 80239 2736 8062 61810 33861 46240 68276 58821 64917 33110 94917 8948 41295 64816 71560 70141 49957 36077 27466 51815 20141 9588 57360 37046 50730 22575 39999 67202 36434 32475 57445 88251 10468 84344 77923 90830 66334 14374 50070 49501 32577 76455 65705 18307 90668 68762 95546 92365 
269
22336 55257 76573 68416 35554 56197 14212 14678 65319 88202 85471 65342 97268 6396 57411 3475 44375 77388 72961 15467 83065 82364 69185 46480 59636 1409 40664 72245 50347 41137 83290 79172 90765 5821 65902 33095 21324 64963 37805 8053 37152 91864 98196 23982 52871 11645 19887 92798 28965 47969 10348 66084 47863 77270 78771 43021 33588 37750 73254 55932 81119 58468 72141 2022 99797 8676 50064 2265 16927 90731 56665 43896 39943 8204 64838 84715 40050 14946 66021 53986 7770 83064 71432 84505 58384 1953 86219 79942 10096 62483 24922 1299 55478 10513 77395 91728 59793 20116 97392 25362 4270 7224 30742 82579 69705 8934 32260 83518 23501 67764 1580 19752 95615 71171 14423 8055 27590 27880 52418 59187 33818 58928 75919 5535 54169 99534 92553 79499 7577 30485 5620 2147 47114 6172 41667 90532 67868 48707 27756 61792 89813 10747 72460 40141 53496 23073 51710 45885 99641 84154 79425 57708 83068 10592 25449 94836 34865 13336 44852 73705 98574 88715 80244 57265 57086 10689 46511 8655 88991 47348 68039 43223 8418 83393 17825 86734 79227 219 76957 21479 8473 32162 27158 54937 60834 82133 8670 62152 9276 74035 50781 18371 71401 31676 19006 7305 89022 79260 85090 62660 21662 86466 76158 12403 87482 30693 78517 64187 29440 95722 56418 43524 73215 85822 93876 95155 39022 24435 60847 66989 88049 47333 79718 73331 7030 2978 22974 47700 20621 28168 14235 51 64763 80701 27533 68349 63516 13915 14474 56592 84066 1577 19060 22368 22125 21794 36676 74583 39457 50073 97542 49441 76689 30983 88999 72914 33555 52072 89513 4973 54947 37762 73910 33778 70379 27197 40462 32366 90399 
137
34738 98170 84370 53871 87970 58517 75165 68323 20801 64933 33888 90689 42624 17484 73399 93389 67436 30823 33629 59775 64782 49554 59214 60277 17787 93404 10758 54162 98049 86734 27393 63695 13621 93395 71136 61806 24577 99192 47071 22146 5174 75040 7102 90246 70825 1622 73167 11165 63587 44326 38341 2380 83817 53539 17459 58097 60073 35339 69202 39716 77106 22232 40961 11740 82853 60851 82904 76404 6942 98006 25352 89679 18031 94866 11025 13060 25692 47238 67002 29429 28152 64404 80500 62256 18970 58093 5347 11281 69688 12611 17940 22192 89329 95789 14077 57057 40409 24083 8458 80517 76406 44944 59781 1099 37949 55401 94035 238 22136 27010 66805 23101 33955 82134 82563 34264 43206 59438 48725 55633 52097 94778 22919 27688 45246 61858 13088 2450 78357 50028 83129 9657 29762 66141 27269 11729 35805 
41
13823 44775 65 6591 17174 17389 58730 45211 66312 74535 97049 28980 11688 74959 26857 51197 95231 26690 73886 91518 78678 54715 50753 12051 21465 59798 72658 9422 82955 10068 79794 16512 43566 9269 7925 15346 65554 51715 19010 13360 73249 
72
6041 20330 74317 65598 4405 39385 28244 18592 24422 22766 12139 9325 99071 90668 53763 67523 43554 66899 80050 35788 80787 210 64215 10306 45869 68502 4337 65942 30442 73201 38631 62954 77871 72253 89796 46512 25477 61993 23484 49794 80996 4178 32701 62816 32878 31500 2580 68411 35994 83764 172 74136 17792 8532 36507 4719 34992 83842 69933 9158 48922 76509 45617 45483 2105 51987 81046 17874 91878 4933 6546 8399 
287
65722 50279 34922 29150 50513 62835 27363 91161 95341 82830 87448 8237 14875 31435 23881 68255 29921 27985 38094 91553 11402 34474 76792 36931 23471 54563 73222 55433 99207 97592 61684 33841 30481 3748 58148 36929 51135 85265 56710 43811 78068 65498 53627 5236 46947 14280 89676 56160 68431 30489 26602 75211 35242 48525 48210 15542 24111 44622 2716 10512 65798 97102 70570 20514 72325 2176 55030 61122 74803 21870 93854 71585 18540 86457 49383 43016 37018 79126 11003 61389 41127 16032 94334 40522 12305 72765 57957 21591 4629 81110 5492 64728 87020 14348 40585 50526 87103 8369 57980 2871 88347 38476 91791 96018 5222 39215 58552 12444 22423 30895 78231 40987 38955 80874 87879 33172 85813 17541 57975 50083 35780 24600 54418 74576 48283 3605 48218 41496 70177 68435 36753 15156 46433 35270 97946 21364 44295 46137 40403 37361 9242 77271 6700 27438 39013 45662 61873 85085 34557 27108 19316 74238 53388 24673 50385 89912 64972 69150 52640 46733 25625 43816 17849 90744 24187 83038 56996 66326 86269 66227 99139 64694 60919 41643 93519 69729 60445 74893 10880 33 76463 98092 15266 25467 99409 99479 53624 92604 82615 70907 41660 10520 25696 45532 11337 25689 53147 75047 54671 95589 39999 50401 52916 62335 53002 99528 75544 96699 81228 10153 70549 28396 80252 443 29615 9322 56594 84948 1000 5260 71363 27859 35998 94126 63345 60692 91566 13429 65713 38623 92134 28927 21403 62776 31669 10517 73948 26640 88940 11654 16558 38385 59499 2721 81423 20710 4406 96309 41976 84478 44429 64223 54045 62442 6591 77834 42679 1638 14845 9989 1245 42082 27523 30752 13962 71620 89562 51708 11672 63484 19347 98348 27238 277 75135 26533 11777 3358 5840 11733 6393 50914 89920 76290 98891 51827 44441 
131
50925 42627 81609 49566 68966 58797 26261 29970 13592 34161 58366 50466 95074 58064 66467 60111 92850 52655 24726 94663 24223 60059 61063 50766 60666 8372 11475 28536 52661 15508 65438 11909 87759 38940 99705 64905 34799 93708 848 68237 6366 3985 59015 69115 96928 62259 61389 27810 70401 23401 86239 88618 54423 11086 18686 30165 86959 42252 77281 38502 46173 92153 1519 65431 45408 93701 2548 31213 42727 18361 27564 98538 36403 19155 10852 9943 34026 47882 66571 95364 23198 79061 36429 16485 39429 99732 24669 95477 84167 50219 38243 60352 64986 50931 12177 62216 82451 47326 30337 48484 83215 98060 592 70735 3478 85722 68090 80513 20635 32888 89921 53989 44434 41884 96786 31476 42765 24092 12854 74457 34349 97483 89954 40300 87171 91223 62082 77169 54120 92177 84928 
310
66493 32095 72627 94937 17756 2878 524 41900 20948 86867 16407 20631 61339 56694 75438 24189 69597 40917 92704 77360 86815 43092 68235 98392 38311 88294 23912 28835 88812 23055 60715 26255 80220 23440 81953 90036 16569 12795 12534 25264 39981 18732 80405 78709 50181 41088 6467 40586 65133 98494 23335 65874 50925 75546 92381 65650 20902 32402 3162 32577 28044 57331 4152 35740 59787 91043 4083 19452 57425 9111 75699 67234 72165 86003 25016 83424 94484 34097 42340 3613 74369 64406 29303 41557 73559 97958 14147 65411 44023 38386 11939 97988 92894 75747 19693 95801 47795 95641 79590 75566 12854 53470 46191 53149 34874 13490 97549 63593 94271 5995 61363 91086 95657 59630 44742 16255 96924 91601 50365 55366 24289 13074 96617 27081 10226 51018 54276 38529 41984 95081 42617 38938 85709 41329 70007 53181 48110 95285 45066 46473 60309 9939 70302 39028 35801 88377 49976 63745 30110 35064 43724 64246 33062 53244 11730 55788 33536 43547 78061 15000 64598 70285 3570 44076 79982 27359 30037 22329 54 45652 99735 89730 80131 29501 89000 70878 2359 70260 15596 5799 23105 66124 38182 77252 95051 64635 52221 19041 20177 69238 44507 93849 33476 90719 28344 66767 75518 50644 36017 71246 39139 62113 63994 71945 48249 33090 8866 79045 17544 82842 35791 37453 63214 92656 40059 61840 8421 4826 52218 78563 78004 36578 91249 6292 13532 23351 94929 14024 5316 48324 67078 10867 39012 48467 48632 23869 71190 59556 57852 53783 80887 54070 24940 38458 63987 16776 90118 51074 5139 86462 20630 88021 76213 37628 65059 77711 57243 17089 35865 99405 64552 36919 55142 5600 15905 54331 27442 56163 35670 44616 55425 64814 62637 41292 88207 92454 13240 94652 87545 85298 56972 71127 66408 9137 26396 79299 48813 87156 43496 57177 66375 93260 89865 11824 75087 4671 35297 9879 30861 70237 17443 14891 1263 90897 4251 16065 57735 68286 89444 55632 
