1000 2000 100000
269 566 2807213309 6735572765 444974586
566 200 4009572383 7206343665 2786912012
200 196 1677594554 7145636461 53331254
196 910 76822235 8553922683 244227
910 714 2138971671 8010151342 1134
714 733 3322494968 9517206420 506994763
733 335 3161685930 11575070157 1095987699
335 597 100382445 11355214968 90395900
597 479 2218325215 13626879903 3123975442
479 644 3283302344 14666429447 2569375668
644 870 4170625963 15160597999 3
870 333 3878639698 22180773985 3693732509
333 446 320612574 18007719065 26
446 62 4125978229 18517205993 144
62 969 3816108065 19558940501 777271483
969 352 1138592661 23311295317 4276870598
352 989 1385113725 25209926510 584747848
989 541 4102253497 26056923380 3554288
541 645 1454383485 27881245348 3048769646
645 65 3045782024 32439365887 3264246772
65 365 2519795214 36742562273 4078193075
365 347 1965225812 36831354828 2459681102
347 355 3619150919 38871608740 228737
355 257 1794942102 39711281652 761825225
257 938 2943474307 42913118623 2866710640
938 724 2818576987 42007534039 1022307838
724 996 2008183466 43440779184 176452774
996 275 3103666302 42365084952 721381741
275 398 4263019351 44706949719 337358914
398 909 2790210025 46224871835 1933939609
269 857 3894202210 9916128739 3916559596
857 491 1405448638 11294453206 618179
491 151 1762432532 10005600151 1622009375
151 560 3864229037 14878787192 1743140868
560 605 4113390558 19432457675 4089650031
605 554 2929903336 16244745762 1
554 386 752118675 20677639961 2606177571
386 538 4277001373 23346024242 1720758023
538 363 669186606 23284590539 383755500
363 593 219798679 25141147908 1931276809
593 251 1924420671 25503111828 8
251 74 4045589069 23914315098 13609303
74 372 2609461716 23496789842 21705
372 844 1933763317 30055646417 4218273932
844 611 1672797902 32357846619 2150121648
611 800 2403681741 33948296828 2887638469
800 897 281630145 36269416924 1055365819
897 37 2540532033 34100481629 1017216075
37 211 1626379753 36505240746 1531364351
211 962 2563535889 37590726220 8492
962 648 3390959314 38810254042 1419416605
648 674 824100666 37004592946 3
674 502 314530831 39322035687 14
502 621 3787477331 37633264233 19
621 189 3599605008 39209262680 2221262815
189 60 2580008986 41703115292 1
60 480 1012270986 38745822214 225109995
480 785 3085459452 45954340569 3239813035
785 672 1938661185 45493559843 1985074369
672 247 2626341420 46101023476 7
247 625 1181009268 47751893025 1225854041
625 954 3389636091 47956098768 1794811
954 371 4005486803 52180530595 3478826275
371 860 1643963515 52402836578 4
860 358 1393877657 54093390210 2161843003
358 696 1994750691 58329838634 3684993808
696 293 1875089604 56518038792 16
293 154 2309296839 60489902092 3773184049
154 362 1720204622 61325908420 136662535
362 45 3176843333 62444741931 2399657585
45 885 474760436 63978311179 3004497855
885 732 285469662 66265993082 413987657
732 696 3037941632 66882403097 180689828
696 212 3025123263 67737028521 2
212 513 3301327159 71250937004 2670750800
513 509 459557124 72523492130 1308483535
509 272 3448008229 71231950313 652477758
272 424 2412491202 73135141939 3214989236
424 875 570526875 74829021773 1302455391
875 639 389206426 77695143331 2699523946
639 751 391377036 76223724579 1428
751 909 946106336 80394422170 1802208338
958 36 1629355455 8015715554 3839666841
36 657 1915925709 5497975360 1302107
657 309 94269248 10240179416 2001880707
309 159 211416901 14957967855 4147454496
159 124 967719227 17692220715 3676628961
124 424 3620547431 18666902562 1638683459
424 445 1542025742 19023462102 31432
445 281 3723998501 17836568029 428624559
281 942 3352153538 19045272044 21739069
942 61 3650444063 19823161882 1907013977
61 75 2618034022 26997959365 3593097322
75 979 914086418 27863417883 938315256
979 399 1817643163 28736285638 3161066044
399 388 456267490 28053605582 25490397
388 633 4060178731 32552917178 1936849950
633 471 2772110521 29431305453 28
471 302 1641429543 33097669964 3865349472
302 166 3588891953 38242977308 1506785858
166 376 3566772357 37011709143 73705
376 818 950110184 36879284485 11060763
818 243 322890248 38547558089 1332745734
243 462 3857497120 35780961660 1730
462 593 1615343875 39327984257 2800102732
593 863 132610970 39396976658 116785
863 337 328893809 44723625681 3017288592
337 496 2639621527 43060673113 1523737843
496 373 4129447027 48941256004 2697177175
373 998 4257386166 45758568370 62739
998 115 3982588871 53289761271 3937458724
115 370 3398561242 54029981875 2725722416
370 782 3051787046 52565428615 19
782 762 3854184487 55701666154 2025919417
762 702 3934032173 61176030479 2778651723
702 75 3182501015 60147768457 2681674911
75 445 4113654673 66546875650 3548132661
445 400 2241267052 64069432157 78
400 587 2290035894 66161442258 2270696882
587 629 1247801060 68151225838 585204
629 132 2319576309 65912098875 1
132 239 3968846275 67541173922 1123449587
239 910 562318768 71321908446 2128900541
910 543 1248601465 69451918384 371830048
543 220 850679732 71938313583 1487701008
220 708 3147280435 73953171267 3321
708 453 3191704652 74634322288 3072826485
453 852 2773758405 75659427664 98
852 25 3102884244 80967658271 3770416697
25 714 2781541193 83468142045 3156501421
714 306 1962906428 87161036821 4260977415
306 288 686289109 87771101767 1505
288 64 687111885 86702339748 1482660981
64 899 1296547856 89541997945 1382890
899 559 3886950290 89021211573 722651449
559 409 2786186667 90897076702 1258263619
409 259 4061054076 89925745819 1233489414
259 402 434903284 94326100891 864696097
402 268 1282933575 96083943912 3652121358
268 160 3619095595 98643993756 1992457075
160 340 2949003982 99450366434 1870631221
340 387 239223905 105068499879 2879486662
387 962 2175634922 104502965566 1478374460
962 661 973007942 105405296058 208184
661 489 2577171090 102823959118 8
489 650 527216967 105341404624 32101130
650 712 3957222421 107077138838 3366886971
712 824 2721416326 111986357695 2073812957
824 703 1471596864 111460280089 1336392656
703 37 3156790849 113540477479 320397078
37 102 955598188 110225761602 182070276
102 531 83577535 113638970144 3780036776
531 935 3355504318 116513019729 756364330
935 55 1191662077 116314928853 151482990
55 829 4094741047 122547900181 3867302230
829 533 2990647569 122445641911 5
533 969 1092605092 122865740463 1143753450
969 770 3149399714 121325494252 568878478
770 881 544051801 125939257888 4152285612
881 63 1755568406 128074793783 2727100475
63 345 9891119 130869548848 3248971471
345 822 3087644397 130476779915 4
822 526 691108153 136594928037 3151050983
526 838 716052045 138015780547 3088373487
838 967 2295574437 144413966309 4286242399
967 972 1714619519 144898081190 3350383411
972 467 1035643941 147710206586 562437053
467 704 1225009748 148162324555 2192048765
704 459 3758104678 148460900154 10127244
459 173 2725584687 154392031735 3983846971
173 573 675086854 154477880671 2967675510
573 194 2144386578 157526653550 181155129
194 532 1035065987 154015482212 13252789
958 667 189394721 6147268637 2793181715
667 598 3725211725 7609017962 1
598 113 3705404579 6569621289 1983286997
113 562 2178489304 12426461306 2968914036
562 669 1096038068 15024111951 2544038252
669 319 49699161 18012320242 3647942736
319 806 2769639398 17587161232 1
806 665 2732370137 21242481554 2872501354
665 591 3509459769 18052106560 16211249
591 357 1698886244 23848381957 3502431192
357 738 2762049936 24083509994 2345155155
738 755 2065618585 24416529942 159214
755 232 2284955726 31343494802 3649635893
232 563 3953710597 32280297861 1057344699
563 830 3679237826 29868059561 128
830 532 3947215050 29029784607 6127
625 501 2007321 5929674180 2370468125
625 292 3453913849 8800540560 4085065919
292 754 2543885107 11782973342 2074624775
754 602 268864004 15256885903 1752678243
602 501 1248268517 15023255658 1508561196
883 740 1 2713298243 45370
740 599 2175283501 5997593297 3786379
599 307 3565431629 6943506010 5714
307 800 73698778 6316485615 1
800 463 2515797626 10254605905 3579431747
463 449 2266980967 9028205773 754269781
449 414 676903954 13456181556 2265928783
414 778 2450201309 15239216844 1380314632
778 396 4059544152 12374874582 443321467
396 615 1346795061 16722557826 1319983323
615 189 1430699562 16094883142 2045190016
189 710 2978651956 21730656225 2753136196
710 135 3480328503 19998996013 2478
135 598 2738247739 18920838639 148873
598 324 4087407168 25074539375 2684770334
324 494 49729466 24925015870 3945997242
494 57 814041284 30030983526 1662229884
57 607 1209142157 33448903630 3027168422
607 355 4096044978 29878525359 17539
355 613 1050134725 31387450302 1
613 246 177321761 32466875859 2187233847
246 427 884851010 33493934440 788073287
427 972 79359243 40084905855 3539636846
972 217 1036211071 42200206500 3772280261
217 576 2458568813 40637830026 716585302
576 495 3807484360 42803723592 1299906100
495 770 154974713 43583201796 682
770 355 2503369974 46851136977 2251972206
355 756 1631370453 44467687891 244555177
756 831 3558190178 48336083932 13724
883 29 10697966 4039298292 332289793
29 147 2944385888 5353380624 1205480441
147 422 3917234502 5442745364 162694125
422 732 168779546 8509635011 11290
732 487 3547869507 8251763212 2043875276
487 326 1363437942 11747001554 2142231957
326 164 1106740628 9741559227 173279830
164 120 806130661 11577705303 986340
120 449 319448969 9548610565 345303620
449 344 4286347706 12247594510 1097
344 344 2978107278 13305624264 5
344 621 1488838827 12088615512 1315885901
621 23 2311883813 15802275827 3470176248
23 491 29001280 16767335635 2867325448
491 954 542801281 20584479271 973615902
954 67 1765076166 23453334043 1854864103
67 15 4142875679 25338846810 2525009385
15 973 3888366361 28682110140 3598546506
973 765 85631117 29761361463 1228667986
765 546 1393438872 30724848156 2464334186
546 191 1627283882 35309257816 1890029425
191 45 1951121764 34498849133 92
45 521 3719040303 34081405720 1832291373
521 990 2845343242 37087455167 1358278975
990 98 329720468 37094109977 740795188
98 918 2876011457 41425302425 3000052625
918 159 2017265015 43339301673 2908051082
159 854 3672588085 43550072258 249047
854 390 408980900 41867139442 827
390 435 1893817096 45382377644 3322673538
435 729 2881086349 50313190527 3149733309
729 869 927183805 53876093976 4039951776
869 875 2908500501 57153168824 3333019692
875 35 3697713779 57162134672 3370
35 361 3171224545 63167223368 4074786829
361 695 712506584 64219332600 2509293020
695 705 4140842702 64757516473 2587584883
705 378 4020783908 70319898960 2562822252
378 747 3668912483 68110358719 72979339
747 551 935600759 72969363591 4212544699
551 983 3594166883 74164001063 1133898019
983 312 1708079232 78052708867 3989810058
312 698 1264798039 78183158050 3616
698 834 828325311 76845219412 6
834 262 4089975149 80229515604 3546470940
262 798 3945827937 84239963181 1466292103
798 978 3999934523 86546529096 2444556067
978 406 1211897738 87435343196 680377096
406 906 761575873 90365644276 2438798094
906 377 3491535062 91304298140 3328327737
377 849 3838244293 90967309596 2
849 558 3905834375 94972491615 3588816855
558 831 2398524604 96390036385 1476264267
906 223 1400595256 6136390390 3624759488
223 560 2033722753 10491575539 3038097508
560 904 3474355119 12338934337 3872085161
904 827 210702630 17970211226 3166820083
843 84 2954175817 7990894869 908138084
843 11 3850920108 8199330577 408893954
11 192 3185254275 10747266756 2983404488
192 553 2396575911 9854084224 630520762
553 795 103187181 9483216276 99478
795 855 537903379 12622266347 1890145599
855 84 408865281 10925090264 236026
772 424 958106434 3470256281 2387569570
424 448 3485775593 7849613634 3928841978
448 764 207601913 11022625913 46710
764 762 3440046185 10751495902 1783589337
762 721 344661672 11667238087 374147331
721 713 3366544700 14300041806 1052938092
713 601 3649101269 14861628799 3835285543
601 699 2095635583 19987062561 3818954276
699 728 4080658430 22263227254 833563538
728 880 2144771107 23518696277 3114150182
880 816 3837305817 27212216704 3005798700
816 201 3417787198 29924640042 1185597152
201 244 4146050762 31544912346 2463403712
244 615 3377824597 29753555109 221
615 230 1785862523 33347537787 581408515
230 856 253303003 30789334289 12589
856 576 2747808839 30699509873 33708
576 774 2077348827 36938093407 3965848945
774 180 2706015853 34383759086 58593551
180 237 474466347 39068067964 1383552630
237 206 2228998046 35816681924 660916936
206 635 3833843113 38552886967 1399695284
635 178 3154197030 39445151137 265766665
178 933 2177461389 44023389193 3845215038
933 768 2294197534 45776568182 1441874235
768 512 3299916875 49159527738 3331180185
512 640 634286037 47929809813 300410301
640 209 560016436 48494926557 407414
209 866 52758592 51159240399 1075138736
866 239 594895877 49733687632 2089682072
239 900 1864367459 51733549463 1014942942
900 393 2029536374 53865721745 2563451519
393 553 2733243216 53995063105 106342201
553 868 3859031113 59245734310 3649363280
868 325 1984526443 61552071026 4215475635
325 479 198081317 64938424701 6
479 223 3364289868 66151292072 2017478770
223 938 2770738374 65264962584 27896038
938 165 1552420682 68927750492 3397662775
165 423 1648482141 68414562879 30
423 443 2569671044 67139016760 18
443 95 3896803009 70650529940 720066378
95 516 2073867344 70546230975 1651
516 519 1900815348 71383044421 2406085833
519 112 523345332 74304657592 3710421878
112 677 3782891524 78928651667 2601958980
677 106 2541780929 78209222652 1120963935
106 122 811150579 80452478368 1920629946
122 82 1285174869 79868665393 493735358
82 664 972466890 84761419211 2040377295
664 638 3688171510 84797152596 1722832621
638 492 645748950 86586059473 3419334854
492 164 2179179982 90015719052 1623361369
164 524 587464580 90049457086 16603644
524 495 882018445 90465467846 2498578
495 283 3178104503 91662191462 152
283 544 3801519736 93926796543 3004046376
544 2 3834428937 98569563328 3626050904
2 556 3662484709 97954007950 2130651016
556 152 3416866054 97399897961 177861309
546 501 3621344504 9440211815 2303367331
501 697 2771327693 11012988521 2587376363
697 977 3319992312 11854990374 433826572
977 209 319422815 13922192565 1847719357
209 199 3351980519 14127581053 32586499
199 715 872738953 12431087602 7881
715 832 2799382169 17159893048 4151401542
832 92 2882808520 18637974088 1914143
92 713 4037368016 17499416126 2317394252
713 836 4168475912 18953519740 1039480122
836 571 1021522638 20092298366 141152868
571 213 1159722695 23603479119 3941416053
213 299 1156306947 25679580833 797351726
299 258 788621871 27410933212 17231597
258 84 3352771755 25459591918 1792032199
84 999 905666426 31389615631 3881114111
999 969 1293948692 32598560633 4092903
969 761 268751230 31295681794 947915917
761 862 2021512428 31968384452 260
862 414 609254250 30119169990 1293872
414 132 1898649573 34505740304 2448168665
132 6 350331416 34393599389 3021
6 191 943521554 38397764624 4269228141
191 646 333190389 40147318948 13393
646 520 2753832151 36943586209 1
520 446 1456117280 40746482325 2454796607
446 970 2701297860 40534578133 4766
970 728 1312707652 39510265946 380384773
728 98 233813735 44473135406 3368536722
98 951 853051022 43053465366 1108
951 153 2948711996 47591499458 3844998679
153 729 2671283201 48221267295 1419683
729 781 2608051363 51157886538 305488276
781 558 3087653175 49486538743 2227718415
558 65 530963196 54228873798 3864413353
65 76 423672872 54230419433 1189729395
76 95 2157358622 59125691114 2599667620
95 541 1290021650 63732195900 3510443177
541 739 1575595100 65276300010 1530752639
739 770 1051559783 66536472774 3143197369
770 473 2048900659 67283725445 394684558
473 979 2968436199 68829575520 2068165750
979 829 849239638 69724653066 1106464
829 161 1193408327 73441306307 2759240959
161 295 469581653 74224959880 3713427165
295 641 2629784754 76703760353 2269218699
641 937 736047219 79877409771 473821484
937 861 3324199510 81282731385 2478245258
861 973 1864634066 86435361011 3889456823
973 948 4162728908 87279477227 174828976
948 34 1641544860 90216776771 4082336715
34 832 3879147781 89505749551 742414664
832 919 3209264966 93376058366 2046770360
919 793 1687671286 90868766292 2430
793 442 1018043823 93724651615 1951990201
442 604 3374388615 94159450601 1005237571
604 508 3417028830 97266697237 2748269117
508 60 756586614 98858366521 871413477
60 505 1144605452 96854690821 871640
505 745 1141634930 99196020819 647949750
745 915 3728471162 103603042621 2365130419
915 180 2272249918 104297539450 4247978641
180 655 1515060130 105657458176 751640394
655 71 278932133 107146682695 1283089439
71 960 2459666811 109249346990 2866152879
960 527 890187440 112002564936 15
527 362 3762165730 111369551996 3
362 1 351074694 110725254010 274861912
1 458 2915483060 112694683218 1664640255
458 658 3888034209 115711411160 3261013569
658 717 1299960807 118417921860 1877472581
717 114 3441986070 119213963949 1441925
114 392 460658432 120922619777 733678256
392 71 1041789032 117011539705 79
71 563 3766965112 119204250935 428563970
563 314 78175713 122683052826 3376169812
314 178 2073585920 121843486901 957184035
178 643 1814765336 124503553005 1598024761
643 843 1521999244 129971794698 3824646015
843 204 4125801203 130499690273 2914534
204 297 1940726130 129574236715 8015633
297 501 2157448631 130913113680 1380192536
501 945 2138135995 133615234906 2431538324
945 175 2373040068 135806962863 1112963883
175 44 3191636398 135648042271 1
44 197 1498248377 135242396480 2
197 991 2873687147 132741752620 355928160
991 647 1467136678 135741174852 3608794908
647 448 1255983173 138957747496 2474226248
448 821 1428611572 138757602684 5
821 111 867861869 139664031771 2530
111 312 1281487709 145205334911 4238188256
312 226 4254472973 148013728529 1755666078
226 39 3385853115 147502765494 718933168
39 237 1921754731 146205935320 509
237 232 616889884 146754412195 835897416
232 807 2631799248 147276877280 179
807 799 3324064580 151174629150 3843310383
799 596 834773893 157468718717 3630968821
596 838 3386012797 159446047272 3271008475
838 272 3868186366 162076868783 1861170576
272 361 1830673846 162592507737 3469134400
361 373 1482792277 165907968242 3703878018
373 57 2087992529 171415490790 3412632336
57 728 504276266 171718113384 11395
728 469 2130595319 173908365390 2930558204
469 665 2920791657 175948641537 1958460625
665 624 2300076583 178254120998 2359236173
624 870 525317312 178264235462 1778123144
870 561 1819134154 180289271182 52096250
561 641 3518611134 181780699121 69585724
641 802 2948306667 180690646519 49918540
802 932 2632389555 181460872958 1201794974
932 59 3185096700 183332622326 128625
59 386 68134606 184908471519 2030239106
386 333 1940829228 186876564283 4243870432
333 129 545601064 188435585819 795932634
129 658 3230246231 193242400361 3519244556
658 769 3720263530 191609167854 460369359
769 204 1085784783 192632879638 986174527
204 331 1877459791 194058358567 3020
331 150 1888616205 192070564877 11164
150 270 50032026 194833628832 3338458644
270 44 2901134734 201127152214 2669666305
44 561 4236512453 201502344671 40
561 73 2559939947 200576502810 2
73 792 4005830643 198851567439 49330050
792 535 1237019830 200435242695 1850490886
535 936 4253963801 202327625427 1327711011
936 779 2752400136 206007337375 1662572747
779 750 2161271715 205207393620 80447405
750 109 1280632826 209984828565 3461721609
109 124 3100694460 209429472916 3145196982
124 820 536420176 212569527312 1444849186
820 996 149254273 214289588092 216673986
996 542 3361950114 217139431288 3351163158
542 449 4130707581 216180676058 731156516
449 779 3427012866 216330227969 114927587
779 826 3195461535 217045547905 1328473565
826 586 2416843130 223696419255 3333323399
586 221 2645885907 221252531489 5408388
221 276 2977341503 221925965983 1292019
276 645 3826948144 222992561712 2671568462
645 943 275893285 229332322287 4161720854
943 461 1548976907 231955966678 3769786546
461 161 1860827696 233667745725 13
161 149 4126077185 234406731051 3816566247
149 141 396515119 236780347298 498136038
141 339 1935907662 238255871277 691006023
339 453 243044622 241940049202 3476327362
453 454 570521085 243295738054 3828448711
454 157 1290467667 243479464593 28056
157 561 4235154393 244472597279 320258819
561 46 4013846609 244088845291 459391393
46 796 352515094 250196944435 3030900834
796 963 2323697046 248890376874 498994282
963 759 204054664 249997651101 1089215519
759 769 1857058314 252096972665 267392449
769 420 2989792242 253939822896 4171190613
420 725 1762950408 258029648816 2268067760
725 482 3174880823 254559816941 45
482 978 585427243 258565173447 28060846
978 319 3091788431 260247870987 3770195253
319 587 604836048 259808619680 82
587 191 670317845 262548228157 1308647525
191 583 2979346379 263175333746 947309647
583 50 2465572762 266161165422 3588397504
50 944 3784627304 266409662518 2919
944 136 164354204 267227670418 2060254966
136 391 3168033383 272332891662 3809166103
391 814 2597964244 274071811319 2579233355
814 998 3150334603 275514983118 1748591852
998 738 2405404194 278857879556 1629481244
738 432 923122417 276890533448 19953
432 513 3770453246 278441754558 779622686
513 366 2705812363 279139698011 253
366 982 1972442595 283525949741 3092822654
982 940 1518238016 286303236440 2438070003
940 179 900958873 289014601547 3992249420
179 752 1532390739 288739738155 1977684167
752 190 714956641 291154631441 2
190 590 3696138334 294327058713 3840712719
590 268 2940407297 296005181226 576750484
268 976 1250172689 296643953032 113
976 19 1994786383 297010000679 837000544
19 405 2369512674 295714694794 2189563683
405 135 3623430599 304154469173 4213785725
135 664 233559410 303450802256 12
664 889 3455769317 304327264178 1819739416
889 97 2213175392 306878049347 3405918950
97 249 1524147760 306964887087 4482
249 590 805943034 310333647603 3681770339
590 285 1748235007 311901516787 13
285 915 2497509007 312711054832 1105179742
915 953 7717298 312815661203 448891629
953 256 902911747 310884629124 1
256 686 2830033525 314741094412 196991897
686 71 642968435 315857004925 1306772749
71 26 3842416758 315787806321 3072757396
286 741 4167305306 7009598367 1114188428
741 972 2551754797 7068382401 4793
972 930 4253978512 8871747226 1386968219
930 441 256605908 12503640003 4197406683
441 57 243031513 14491552322 183458433
57 128 215470066 15960128994 2476955737
128 879 1969542747 18178693284 3686037155
879 185 395256066 21009757047 2961519875
185 377 1536076010 23779220996 2866352983
377 660 801301004 28613699069 2803067869
660 290 1841774136 30234397045 1905088270
290 782 1352641734 33069853047 1249872541
782 239 3336188808 33552581309 1861270205
239 475 2720533649 36656323548 2723526703
475 335 717452228 39218175177 2650705615
335 652 2648464471 38341777232 1767502059
652 718 2971217048 43455246301 2012356283
718 489 1678997357 42575761497 2358812061
489 60 3555674783 47865665426 3400535424
60 340 924544311 48354995986 1108981596
340 636 1106508072 53075023172 3171414687
636 482 3135914677 52696205286 2372896293
482 696 284511203 59405094038 2991414219
696 568 1779624448 57005052202 172
568 620 4052738908 59108495117 1
620 390 3988146750 58737774094 2783004412
390 191 3819339860 59344998311 266
191 544 2527660658 61630184904 2506052752
544 290 1233002165 63199750566 1994193619
290 474 4230844587 65886051540 847182836
474 694 806837109 64202555001 247397458
694 825 1865919035 65514805625 22
825 562 2141717190 68010214794 2082751893
562 315 776823035 68899954917 958397408
315 737 626691691 71444196897 437306425
737 819 575736725 69782314165 2263210981
819 611 4190904701 73652935202 1780138068
611 430 1277374949 74667029538 2733347498
430 999 234093293 75582323071 991155960
999 751 3573355218 80684321849 1467044821
751 796 642891738 80857206241 3297737360
796 622 1408853083 80209654835 41
622 331 3531698933 86313003708 3619225702
331 791 3792532757 89163581249 3831474194
791 222 765092969 88264103874 584868
222 529 3476128815 94264292557 3063625060
529 423 2850933107 93226229922 1795678678
423 740 1118603087 95466600697 551706450
740 769 1875193875 95825278992 2600413629
769 796 3656066393 102158025719 2931097337
796 758 4120759289 98976411782 3212
758 342 718659362 105294784992 4113286987
342 393 1768946514 106661459271 1472293697
393 229 3065249563 107634926987 29325
229 50 3304773605 109919460195 3652993318
50 441 2049335698 111427811088 883340
441 735 2503131002 114463044115 3801198840
735 352 2243486399 116218659778 2127655586
352 302 2013133826 113457354010 16
302 520 708882467 117058796878 5
520 924 1947375836 113826679354 55150830
924 907 3304047342 114489096303 773984
907 281 7807511 117050612657 110640912
281 756 3220626941 114999088387 763979698
756 297 1850300764 118740302760 4215177136
297 399 1786292731 122099691296 351838
399 809 2386909630 121623228539 1840021066
809 464 3081492068 126172055534 2443959823
464 814 2389522239 127081838111 2496909194
814 513 2746080326 130478517721 2115250576
513 624 75359781 132917254279 3405435606
624 622 2294620234 134349208534 2179072830
622 912 2639720404 136163546117 977311622
912 638 456148571 134363326499 1
638 498 2581075865 135222740793 124696739
498 144 278534913 139592108850 1521260877
144 839 3303766229 136114840122 186213968
839 608 3653943154 136277952371 64025
608 620 2816348833 141445135579 3300159257
620 216 1031754134 145856466614 2703066088
216 26 3984218813 145165681773 3012575368
26 694 1154606264 149331824439 1589952808
694 808 3889094762 150378213213 1150654
808 124 1039408796 149106638472 550313301
124 652 1818468739 150979994070 2070934495
652 69 1847652365 155561839728 2799132856
69 207 4089970331 152680166603 749206475
207 13 1798094816 157928892788 3256008861
13 408 2578973776 156665269766 3190
408 184 170858342 158169651517 1
184 252 935162195 156023640456 124763649
252 249 4092914937 156570658719 457925157
249 654 874177848 160405899160 1
654 565 1889468096 160677835495 845653075
565 887 1901337493 158477208803 190697775
887 349 1629994418 162239957927 3726336486
349 251 771196022 163225694376 1034847990
251 642 1728086834 165082835235 27537
642 429 963690667 169620806755 3146636044
429 265 1129880546 171347340805 2735557241
265 932 554160680 175163127280 4115601436
932 667 2568002067 176227501399 806700531
667 567 3983648500 176851052913 3428233010
567 579 4228252266 180234824435 2342721708
579 836 3989374403 179329370834 450485
836 953 1296006764 185660625917 3658465213
953 720 860982098 185469946565 1722855317
720 739 1459738330 185776538464 500193147
739 984 712799715 189057392670 2052065072
984 503 1884072125 190023512588 2626779149
503 402 550103329 191790308192 4997
402 875 3528826254 193787344402 3664781072
875 881 1903093770 195862325457 1389460987
881 259 7726922 201080529257 3031360206
259 273 537349924 204361986190 4081204386
273 256 3803438280 208278469129 3706300896
256 236 3922288798 210422825487 3151344924
236 949 137736833 211232625316 2085417571
949 347 2859345244 211873042277 1231926502
347 162 2507208472 214786103621 1531061
162 195 353111422 214771800893 3000220246
195 923 74979758 218841229221 3225219078
923 569 935646405 218917022481 41
569 114 1853952988 222319770071 966135933
114 720 3597024443 221256296380 1
720 73 984958173 221501526899 371789821
73 718 3305672440 223561096234 2059836753
718 72 4142891322 227400205618 1946798309
72 820 1882948220 226719063371 2754605484
820 595 2140711015 229580376495 1257812491
595 64 3628795952 231405975189 3454903552
64 701 3374041440 232056355901 27376349
701 110 2861406354 235949886682 3559653012
110 652 3574520666 239028753165 2292207717
652 263 2422452993 241648974015 1682854356
263 985 1793657966 242299288255 3638765064
985 911 1060603626 246091659308 3446906224
911 649 2864692459 247480645396 1680678621
649 450 1603967094 250568357098 2728465774
450 577 119959695 252599440403 52777167
577 674 1455272959 256801471722 4245476077
674 864 162695040 257326774416 2380190372
864 377 1636418312 260161044879 2034936971
377 221 230600247 261418425907 489608657
221 672 2392643779 261063922491 1
672 791 4072737384 263389000576 748438575
791 31 2601859620 265566443487 2632519661
31 580 2630386079 264942685158 763
580 774 1848985716 267107732087 1244501444
774 162 3587651220 267808047105 2090461687
162 709 2948440803 268852040466 188963370
709 893 1591856474 269984085611 2834064595
893 347 1507711400 269998198606 175
347 347 3391966372 274342596570 3828601814
347 947 3289684023 276949916345 4141302396
947 736 2117670713 280276670137 2176663923
736 77 1317548817 285712338028 3167992582
77 854 3677947981 286355035086 3495865293
854 977 1963507375 288942624942 1785137107
977 569 1801947401 290795048139 3357004238
569 777 2658893465 294059617694 794987814
777 895 3840674275 294745819601 1313757882
895 541 749452397 295542032117 6559
541 888 1282316822 295271941821 750662070
888 562 4010277009 294370768740 87
562 489 2768592898 297569490246 7943841
489 210 2042614477 301404559602 4138328455
210 822 792271413 300896584969 3131835839
822 602 3910277725 307742475893 2879625346
602 36 662483503 308667510151 2251903358
36 742 3269960775 306837063406 22443
742 823 1273645327 308406575079 100958031
823 303 2334498709 308775740080 868926183
303 732 3796242246 313975961271 3863873193
732 807 2616402119 315009153196 136
807 798 32423869 316763449967 4281528382
798 595 2539451405 316962500477 30
595 648 209453756 318391112724 3236574306
648 929 3392511736 324505398143 4153954987
929 204 902528884 327714527324 3584114902
204 162 37946542 326275506188 111539340
162 727 2270355781 332115268907 2406669607
727 501 3595893271 334270219773 1836906032
501 243 1425577315 334918937215 4188809115
243 374 3767936686 338543354604 3843363253
374 681 3345844880 341469419398 2463049844
681 569 82659892 345613001066 2019498399
569 910 3271702885 349490823221 4069645666
910 426 1347288246 348874086846 956849410
426 941 714093999 351229528572 598253176
941 867 373255952 352782657546 1569972770
867 839 2948834320 355327631622 1118826336
839 159 1900900952 355434361040 1665993926
159 830 55656998 359801306071 2718650039
830 118 945801561 357729821074 21685526
118 159 3765798881 358822238422 169316556
159 111 762630939 356160072635 6024
111 913 905095994 357927922478 468359672
913 100 3610248054 357786269623 28880207
100 33 2159079547 359412753169 58720885
33 423 3569596934 359758106145 1320104046
423 325 2188300946 361360020392 3
325 808 2494165286 363724244970 2931721543
808 982 2504209441 364617437982 261049066
982 886 2274279665 364264101822 1521719062
886 642 3963297700 366464427667 61974032
642 280 214247470 368490542764 3583137711
280 562 1269353018 368312332121 1125690157
562 902 3658440347 369234797598 978203854
902 16 3743690236 372345043678 182718150
16 819 3101008567 371636358107 2524281482
819 234 14513567 374404133411 2335979138
234 93 3385818519 377796131033 470261273
93 741 778278922 377529942064 2539115117
741 915 2012727653 382013073279 3571544096
915 545 734487220 386070703716 2293824349
545 101 3690560950 384582677251 1445605149
101 904 4004164784 389453547924 1686912753
904 445 592601817 388862701208 286
445 19 952902385 387109879601 1393089861
19 229 1496126289 388633454373 140379255
229 869 440459296 394028666053 3133170459
869 695 2255840769 392778342719 858834778
695 125 4206646229 397295226719 2630552930
125 336 2520207300 398599026881 2808907139
336 177 1952019980 401323653612 3003393474
177 499 2525250391 404649956142 1791957364
499 328 3681297732 405894365276 962239942
328 214 940357298 405168742904 2752685296
214 150 3241448170 408358473351 2557903731
249 186 501199440 2657011558 176157
186 631 496247072 751119817 89786521
631 694 150225424 2837290603 1476782121
161 622 202 602442941 1
622 748 2570843841 6945643000 85837119
748 769 973880289 7347477300 2505549392
769 70 3585974020 5271208731 61
70 44 90348353 7732889356 944463534
44 456 2117543277 13420334383 3090711426
456 787 3239031300 13115947351 3
787 906 2715731650 12011284797 199894290
906 929 550463524 10418279279 3254857
929 667 3152714481 16210407052 3058948777
667 447 3226882308 19214320003 2595892343
447 717 3678223045 21339996709 3332334955
717 30 2446302933 22619502543 1757252422
30 455 1474432010 20653890793 74821520
455 725 1459752409 26019365074 1874071221
725 838 2615851511 23287259858 50606556
838 97 1020050564 28673765087 2603844908
97 905 1554208860 25749791090 668794882
905 780 1519659385 27526253185 913713529
780 640 3929278233 28209900272 11763
640 178 232735260 29018357596 2604972192
178 374 3095572488 30376241118 335060
374 764 3219585632 32835950356 1
764 966 3688709657 35037993924 3175849498
966 991 1043802398 38451798568 2683837122
991 941 2456711266 38142447558 3037297496
941 545 2574467018 41008531950 97808
545 275 1141714663 39538288065 1683213588
275 619 4107606350 41794008997 2
619 134 4040313162 45699084107 3488968824
134 852 3501488732 46920598147 368596743
852 955 1728034052 46618326916 1390
955 784 1067472048 48010345977 1769576181
784 68 1093488434 46895687953 103329266
68 380 722379548 47880933058 2092506748
380 19 289840453 53191918554 2313047719
19 728 4094726686 54628454353 3077437850
728 553 3454666470 57275901950 858304515
553 268 2095501395 54710756791 17
268 931 608229617 53672612234 115
931 132 2289656668 55240943651 1
132 961 1667552002 59586310923 2349050721
961 909 46226175 61752533156 3526825800
909 87 1228941034 63606017671 1
87 773 3904846917 65699856176 3588958331
773 819 2984954022 67953820345 2488211037
819 799 3283475214 67916303790 1250345109
799 119 1218388870 71012080416 1459312318
119 358 849813843 72454713308 2
358 945 3455674760 72127822306 3306573802
945 195 2245544399 73795223484 2
195 419 1088623278 77771928573 3646375595
419 580 4075570573 79596519711 4270534631
580 51 3031151047 83497488859 492789577
51 48 3515268573 84628605650 4195968428
48 184 38426489 85427420511 2
184 774 376375673 88327643752 3406323717
774 715 2288058038 87928931131 193398777
715 296 206307976 93637609156 3448835155
296 835 2105639703 95110926841 522948581
835 89 67935329 94404787617 122
89 773 536564664 93312691041 2
773 630 1740729481 96223649619 3249331330
630 527 3438172967 98769149275 586678549
527 712 280067027 101269115551 4135052662
712 717 3113910326 104212605017 1530952102
717 121 2882083006 103217832867 31480
121 792 3210005182 104539866019 327790120
792 336 174575005 102985164064 1215652229
336 56 1276089610 105282303262 51941
56 778 2626434350 104735199107 790641956
778 539 1645212374 107858051086 3306908854
539 613 4207627849 108231968531 462
613 10 1202772383 111222669359 3918674806
10 589 3279389353 113731671858 2436924955
589 886 4080907393 113393163490 7665828
886 12 983140327 120033850502 3150963855
12 645 2562407510 122523972434 2572459918
645 605 4038691521 123671469064 3997679178
605 742 4228336575 128051377261 4173919350
742 432 3876280803 133103803230 3689189614
432 81 506726950 134136345685 2890128737
81 741 1947108719 135098982881 125555272
741 93 2015012896 138326206691 694063820
93 298 3168515868 138188310121 3394
298 191 3610525873 138557818189 2738211340
191 423 748474354 140060554614 1697419720
423 443 251493776 144015819244 2449130459
443 674 706581629 145416395016 279375
674 619 2853223737 142824639581 896789000
619 835 764490553 144696241578 1558451216
835 173 184974548 145795172858 26740889
173 337 427172903 145928468718 180855
337 168 4268764817 148160609235 2977628063
168 144 3693449513 151847741349 3437640619
144 851 1678065113 154135676594 2945685531
851 57 3681419090 157427739951 255
57 21 2432709727 158094493348 1746530619
21 975 3411056796 158291207666 1
975 887 1349956630 157573662922 8199296
887 131 3859621280 159006315085 1264551679
131 436 1252697574 161429349168 2024744166
436 519 1780886634 162617251576 3323174427
519 435 3803873053 166429205417 3012217471
435 72 2324040728 166625009964 1902422969
72 154 1253007139 172956962139 3214882038
154 706 987317311 171384642403 422
706 664 1643927278 174607211005 3046724197
664 866 1636175051 174792975508 1
866 122 2704703508 178435837381 1705816579
122 455 3602177411 176036299421 993291201
455 352 85805628 181845608703 3893184728
352 967 2984104159 182336857042 3721
967 204 3903059158 182865332604 2720764114
204 828 1548486148 184126740056 594422969
828 112 2164230052 184597793641 552081224
112 449 3343688698 188800808407 2613822757
449 709 415626984 193477574150 3337086399
709 594 536213619 193828279307 1072744567
594 491 49628069 196597818745 4098825021
491 817 2424397783 197388992408 919741836
817 815 3527240439 196887345216 482
815 360 2726624434 198017670793 129863072
360 676 2443332193 199993636760 1377712429
676 971 3059760117 198194468148 608229710
971 328 2040118971 202834728558 4151927687
328 651 1276218652 208013166580 3546303791
651 383 3109617023 208925687455 3116016
383 317 42129620 206322817708 1
317 923 2758400217 207269836639 1107896451
923 274 3398720394 208520578662 1663320625
274 558 4130462299 214863923355 3016919967
558 960 1050071156 217029775368 3931342917
960 863 239865096 218385358088 1659911977
863 805 2140637811 218646222985 87116138
805 512 1305619081 219083494490 50793765
512 420 2685734730 221057428247 1336257251
420 685 2846270456 220001707727 809128356
685 932 595129186 221954022294 3107686355
932 164 1396393438 226180115523 2982531545
164 554 679475184 233097051191 4278395707
554 847 4294849942 233049142687 157
847 895 1079419515 234148860708 3927122934
895 792 3754970552 239470337154 3417270977
792 662 3597784233 244807262307 4144351030
662 577 3764149186 243794453619 2435542929
577 212 1124813408 243279799041 32
212 775 4198139053 249511367836 2826152430
775 719 2885426978 247972430125 7803
719 611 2921505637 251842983463 3812978074
611 77 4094808234 254153987065 1106641806
77 214 3155920654 255035895472 11997220
214 781 532984932 256204739575 3222207469
781 642 682600225 257401831801 10870479
642 243 3078585313 257474352160 1447082709
243 182 994375088 257545619377 3778
582 629 4001362903 8224980506 175513731
629 945 1078167235 5618746283 159516
945 664 4133544337 6126433284 119
664 247 3988045902 7403503582 992257090
247 883 2861631292 10582055033 4114772910
883 478 3800352542 14837144601 4126269583
421 860 2513678359 4910679443 1786
860 240 2605570606 3984066680 35208985
240 155 2244095166 8615695404 3820155529
155 362 1948500376 12876543815 3848912862
362 978 1346207491 13559553748 1401798059
978 126 3767826724 17909999839 2122326150
126 34 18384729 17893742978 1889325150
34 513 1387520250 16976212439 350627
513 74 350522757 19155310450 63525817
74 844 4280003443 21536929447 3126509200
844 150 3487017376 22445716438 1796425
150 862 3091742192 19635851733 6887
862 320 3119211423 23302143046 2868698578
320 177 2171345094 28299677702 3580956455
177 471 2720190236 31979520040 4000323020
471 711 789330738 32509863245 531563510
711 527 3036181049 35187380677 3330566753
527 410 3480034158 38570172073 1920789097
410 770 259744141 39364776611 2983597117
770 934 2997997879 38812720751 13425
934 924 1139910503 38168595153 30911
924 910 2095693151 38590749316 2344
910 470 2281478671 39719238680 1032610640
470 660 2534066320 40587095203 1
660 113 802506086 44665034293 1630969461
113 902 4223441949 42856283188 55
902 889 2531132329 44580115022 26092
889 331 2378211341 44515942613 1583736705
331 825 1191798253 43739663078 1
825 379 1674887227 44668135452 2
379 523 1162874884 46268887281 1641164185
523 786 3862272695 45563894932 26971
786 44 101409644 45968947472 1457414959
44 841 4042309638 47647864053 889424159
841 272 1267307492 51744497171 1741420275
272 824 498141450 49868988506 2
824 29 1107468937 49030607448 129707
29 273 3040784014 54634954830 2240450531
273 762 2689025776 52429520934 1289805338
762 823 2233966669 57408631061 3534119272
823 154 210101782 56971969745 932698195
154 622 3564370340 59772789853 949158549
622 704 3961950311 62752804144 1454950399
704 23 2918850132 65426128424 2913494201
23 905 1221111947 66708617549 1543892898
905 192 2817386077 66123650769 1995696679
192 222 1022778180 66852284811 95145591
222 1000 140147044 72685910314 4149730136
1000 304 1090689827 72241090427 2624845288
304 798 93652353 74318341774 1451377766
798 426 3467198144 75413110143 2576
426 676 88449910 73688769585 293644143
676 721 1327458357 74794775268 411087168
721 831 2185824223 75773208771 224246695
831 267 1244054766 78878927724 1277972345
267 891 3082495857 79134373336 78880879
891 399 3955171951 76818480067 47
399 415 2979555082 78848478906 973202621
415 663 2068816655 81043853190 4143140623
663 497 2824188838 84448322110 715672888
497 269 3150871861 85604456337 835979994
269 329 3377173594 87260669787 2713545699
329 297 3161126392 86508441460 95035899
297 440 1339772214 88199296592 961027225
440 824 579541464 87523554776 798
824 195 3587821714 89073295001 2420213030
195 171 291442587 92901924250 2554642325
171 425 3444747552 93271250071 2009
425 1000 3805521508 92758876898 999367519
1000 815 2378920176 96332492706 1732386850
815 615 1598946199 95382421099 14
615 364 2423715286 95838455162 3413193
364 27 2988413050 95081091488 1287484113
27 632 1940267936 96952915925 1728528272
632 757 1117386911 103677913783 3705074016
757 314 422649943 103836058552 3269827271
314 729 2091913260 108814282336 1715414639
729 542 1370242380 109040609829 2
542 252 1953501380 107796380932 54437512
252 191 464281262 111470226168 2696658281
191 472 961342454 108691248316 617940
472 926 3520693044 112133668554 1877805342
926 533 1499448669 114270908879 2222252875
533 805 2102481513 117672584606 4124983098
805 241 319331975 120336293150 1229521449
241 189 1046694243 123458482409 1892818012
189 554 1676505656 122953045133 627
554 14 3034749945 122102513073 13
14 677 1285461952 123469033373 432556008
677 314 1944899447 126076978018 4171595801
314 81 466469049 127090504489 1
81 75 1366812267 130461388449 3016795490
75 610 3804863203 131259391326 546509152
610 806 3399701119 131984249547 2431471370
806 360 347387432 137605697959 3851382214
360 598 1074153128 138396061631 1351274076
598 821 2080054015 139463060402 30
821 484 4021415473 139804453247 4278971619
484 679 3268027158 145215070278 2172855358
679 775 1209884197 145161701351 967081191
775 592 357723032 150650751795 3864436039
592 93 3679296593 151482457299 2915789542
93 169 1922175573 153261671602 2459897860
169 66 2987176984 152060838433 168
66 107 356503900 156021827714 483668357
107 943 2332677463 156280362333 2362678523
943 96 4071165767 158555929044 5756864
96 627 2307772923 155392334793 129885867
627 107 886666508 156473655897 203337430
107 541 3562353691 160723016760 3069633716
541 749 1070677145 162336137095 1516296831
749 541 3132061909 166754277431 3773205217
541 929 2149780523 168598622616 1863737829
929 762 3450261225 171999955137 3899751447
762 390 185241398 173676143151 223710928
390 305 220974930 171716224924 2111291818
305 209 3906328000 178218605651 3933926571
209 737 2032650603 182860587138 3781173334
737 94 3105719806 184073922141 1768579550
94 64 3163136971 182565558339 15700285
64 408 486604868 181939459653 454057
408 253 1371347194 184956411000 1671722474
253 244 2949543542 188228538792 2631081350
244 955 263082413 187489846494 754039131
955 65 1647857566 191433112660 1557702409
65 56 117382015 192092599458 1055727869
56 859 2162131838 194000356830 2033927646
859 75 2970831266 195252656916 1120661094
75 840 771708292 196355161238 4203086926
840 674 575727411 200506209040 2141221240
674 575 59240350 199014572663 548388350
575 62 2841046466 204510758264 3136323265
62 578 3488401581 206317411981 1403649973
578 593 3974113010 205764479957 466897423
593 406 2342868789 206614549790 181552120
406 199 888514488 205989767698 745663609
199 173 1908920755 209749969246 3265243178
173 661 3784695264 211724944110 132
661 623 2899479121 212935935222 3981884118
623 734 3046893824 215981678401 2862967780
734 693 4258717647 219105007907 3242693731
693 618 738161136 221062312136 16
618 430 2275152869 223298118250 2573060469
430 449 850903198 226002469196 1297697532
449 579 246688450 224722434687 2399961708
579 839 2382427036 231113031484 3272328391
839 658 2105874698 232696911980 2957193832
658 154 1765868186 233050980577 2795
154 879 3864237354 235166142014 2390276838
879 501 3820331007 239922401927 3308456819
501 58 383669288 240002582296 919368
58 709 3147956040 239648247473 26
709 674 2686250125 236723693118 6
674 688 2517373678 242440556076 1995384794
688 831 407968719 244094691107 1701825196
831 213 4181880223 247331761968 4035004090
213 452 3937798954 246861248618 2328450167
452 366 537809322 250424647471 900578006
366 327 763871731 248126993748 504489280
327 478 838932786 248744718238 549980
478 587 3139375941 253912965371 3815594892
587 546 2485487538 258082691795 3158814651
546 572 3327757264 258626181017 2830179512
572 915 3050940305 260333347729 100658
915 266 2653621898 261152478880 2121190362
266 950 3438605266 265886078908 4245006724
950 961 2779806770 268204150985 1963940782
961 321 4137797148 268104640202 1742940661
321 474 896086878 269527071979 926754106
474 583 1059778530 272192995121 2460481809
583 688 607619166 274466917341 124
688 456 2926104339 274970062683 3305912901
456 765 3709834121 277032974515 679853085
765 743 2795915914 279520195898 2414533903
743 395 2086369560 285313572661 3675072368
395 64 996852721 286828949901 1954980361
64 803 2476548267 285072464234 54
803 217 3747988597 287389929230 2926220398
217 267 4081663156 289357326278 3254039052
267 933 363954845 294167021469 2663011067
933 377 2344882819 295770673649 567519113
377 69 1800953828 297308910433 3589089522
69 327 2419354856 297617361282 43297046
327 231 1213490412 300589106208 942663480
231 420 1827553302 298225788820 77
420 329 2048880576 297286581920 4007146
329 628 3617685124 298156668169 4
628 3 3471224901 299356879818 688060863
3 896 2130612388 303274026336 2916505097
896 412 1099089884 306094646507 2567088241
412 462 3396907083 307452394963 2952729930
462 16 2294036631 310526083876 1260642786
16 111 1471391735 309612411789 1523084863
111 790 2703582590 315300192674 4079618118
790 819 3204936057 318917011233 2804901015
819 191 550390332 317693164654 1742069792
191 733 2255821397 318200798268 3
733 370 474425381 320878228586 2696645779
370 863 3567672929 326256150533 3930757003
863 415 3830861254 326183871707 147697
415 475 2629213701 329588584024 1361654334
475 338 3444079902 332822784433 3982931293
338 557 2335429915 330977618539 2599
557 584 426634575 331373734798 1
584 67 3643410324 332595413768 2133109829
67 623 3124104249 336730537308 3738540124
623 801 292372799 338882792953 4785444
801 522 2895225568 337731063715 21
522 146 4176243313 341475147918 2364530132
146 475 784417973 341390939839 1129879957
475 937 1732890366 341482156187 60653183
937 178 4015431786 345874189825 3430086460
178 906 2111943625 342826040196 204826002
906 464 211427719 348248988982 3199842722
464 376 1248465667 350656121330 606740842
376 662 3390194280 351189232141 2086955738
662 98 256394346 353199888280 1708975554
98 726 285601452 355908164155 2396600902
726 230 155861527 356221635400 2395387126
230 418 4119632785 359068459495 13951
418 644 2296597418 360665610907 3363814321
644 82 1281379743 360232220460 560420494
82 451 2029998175 361301566183 574082959
451 863 1684308067 363086343592 2316511674
863 583 1376265242 365783233379 2547250732
583 190 11807564 367065443558 1746403237
190 311 2863425630 368259555136 783462469
311 368 528084055 367350658941 30846529
368 439 1149048259 370285223916 2891549442
439 62 1006245196 370473857904 25883
62 595 1289359215 375330756728 2316557083
595 137 4262307225 372713527706 121036
137 266 4032674633 376068448039 12
266 634 2359017809 376608308370 2452936022
634 547 3432857964 375401120222 1810041
421 102 45522246 4575860988 2454075483
102 37 1456764788 6917990837 1620727582
37 88 1024557186 9360326866 4253627820
88 673 3025879621 8497718076 180
673 273 1233627461 14023287974 1991959418
273 25 3991582403 14580760589 3987487081
25 206 3281395105 19172592324 1464725657
206 879 2400985483 18492328782 1418030
879 547 1531594832 20449588930 2116618986
681 721 4200817086 9237450254 2253460353
721 602 1020467510 10809545898 949068276
602 141 2297267152 12506749155 1737035741
141 456 3831826549 15759258086 3243432412
456 578 2082696957 15833697982 3115317346
578 319 85966585 19528077716 847644634
319 280 1437376578 17911936744 1352432076
280 469 916123392 22680098618 1353853399
469 204 1891492804 26661991962 4145583693
204 638 2216713366 25440127566 1132362419
638 632 3838411230 26482014122 871068
632 170 2272715092 25826493834 762645602
170 151 3364905373 29066260577 1
151 99 3541023426 27177556852 1487689227
99 155 895055985 32741300913 2224062062
155 58 1260178106 32646486838 3421
58 210 968399575 33301237960 1655336220
210 691 236093411 31843012715 297
691 213 2624094057 38064668473 3648546177
213 866 3015363201 40553148690 2808036732
866 5 1944789178 39616581219 11
5 460 2512320484 41013252741 1017160151
460 284 2610475338 41047440827 37852
284 400 60643159 44467467953 3988493778
400 296 2009224995 42587711218 587408577
296 386 3311337889 47235609832 1223089428
386 985 4031401355 47321826804 2837124859
985 193 607432187 50385529472 2026095895
193 243 2609351631 53554650914 1459470245
243 744 3121875596 54647499718 1096726914
744 583 3270794207 54119644896 1031134975
583 739 3279081181 59108146252 2924675765
739 562 984940644 60004840952 1455043650
562 640 2921604344 59629936030 2303411636
640 650 3964904698 64318911703 1668858701
650 913 2541091998 67381514507 3559611376
913 452 896088515 70674663755 3765287532
452 177 2594088876 68495223398 384583301
177 759 3985365658 73269694102 1640686639
759 490 2486938641 73555138446 2455423366
490 997 1455250976 75753222202 8367128
997 974 3226076908 74345766137 204280741
974 261 2541113993 75905753952 332910199
261 444 81822299 76916564296 3315396613
444 68 1716914718 80549116081 1398508839
68 691 2273741776 84577936050 4130677535
691 100 793493850 84519487441 1406305189
100 110 3160831267 88242456760 1570089746
110 905 2076090393 88946168129 1705332674
905 535 1904716580 88957943904 2463514850
535 134 3148440902 95525173731 3750860352
134 869 4258328550 97539950429 993418955
869 621 2278265877 97679362213 3774544743
621 334 1502319890 102035669400 4113937564
334 609 1846407341 107179017930 2579384338
609 457 139740132 107488881099 2232222282
457 175 3473826048 109520845374 4001
175 97 1280976255 113633062690 3858813792
97 825 783660036 110859313457 6079882
825 710 3982215694 116139644324 3936123453
710 462 1600125847 116196556804 759807872
462 327 1520596954 117411461936 492704546
327 805 2121818154 122991982582 4157780270
805 776 4183062007 125822897415 3319473022
776 619 1028066361 125875531322 1
619 56 893191281 125709017979 2
56 194 1988530803 126402901791 28575
194 578 642946641 127309267911 2089216068
578 788 1668721131 127955482260 44
788 925 998188917 129291719237 3838556084
925 572 165973034 134065070363 3500732360
572 875 1735312403 137375850459 2492224338
875 26 4271074229 136998263934 1666166448
26 643 2389720636 139845323608 1836354453
643 190 3006185545 144930047037 3201169398
190 403 429597274 142816663288 766893
403 177 4287307428 142375523180 607215182
177 13 3101298723 146377328272 2332847342
13 823 1844095714 147537106203 1387659170
823 599 2034264728 147930156550 1986292386
599 582 3906031775 153664743199 2014534625
582 253 2028464188 152926504078 1577119312
253 633 3881105157 155732683059 1041912057
633 887 830659716 157901450409 1771351212
887 872 3959912954 159701582554 3626668862
872 801 2396082811 162177785096 2195947996
801 782 661859710 162969311807 56102037
782 180 569004956 161436167782 37995638
180 13 173279421 161807943023 362774194
13 677 3080087364 164934111139 787834649
677 334 1047644297 165925375326 3076898757
334 910 3729610958 166365266675 102
910 335 541357242 165391460839 77384
335 95 225819378 167032194772 1958730826
95 768 3651929621 171881074376 3768861182
768 543 1553556867 172680775005 8805
543 872 913496390 174998433878 3639948084
872 999 2290588965 176475843308 840407902
999 839 827358613 175343016425 113806765
839 864 690428697 180085018330 3616359699
864 619 1024530097 181279942310 78540092
619 373 1966730829 180847427141 1
373 102 2977352659 179080251068 690389464
681 181 92950964 3521885677 149475900
181 259 450801060 5785674909 3862265320
259 701 3655657906 4334968147 315
701 331 1794612141 5328139749 8
331 703 4063562852 11851604359 3764421798
703 667 2975533662 12611490421 1716470934
667 5 3981571724 10975769602 64
5 785 4025754052 15208591823 2762818114
785 434 1443056528 17728704243 1940428323
434 84 4175812209 15573367558 2104275
84 972 1442297652 17097065297 1222531114
972 42 3168487180 20786082285 1518366083
42 531 2094374322 23674492370 3317988769
531 234 2661234619 24149387342 249166379
234 939 172250270 21997615023 798684085
939 860 814677651 24532598461 54
860 873 3128112665 23471253298 35
873 34 3289093436 23754549534 1197415822
34 928 729942198 24064838576 1050715274
928 546 816347269 25270820314 344
546 696 1731810911 27339001033 28874
696 78 2319818599 29232709394 3756544584
78 557 852505202 33180385957 2282696279
557 881 3791045657 32433428257 106821784
881 155 2428835161 30748944051 628558
155 373 1088368039 34297820458 227405687
373 867 2422270450 34587280066 1724439790
867 727 912181737 35275406810 1861230890
727 246 245547943 38180487696 3849407224
246 531 3276429727 41190204625 2956384109
531 798 3797069658 43689315952 2955093901
798 180 2181306072 49701464087 4111481819
180 546 3408866272 51003090436 237661570
546 678 2288564865 52209786548 3123891344
678 184 1705608816 52524913729 49365400
184 295 355530651 53398025566 35
295 723 155830042 59143043151 4241223846
723 402 1316136020 58864637911 1588015742
402 656 2527171962 60231743811 1
656 731 827199630 60472758015 3416891916
731 603 1227311394 61130436100 303610599
603 612 1298774426 62307803600 3
612 130 1782056929 65367520730 465333302
130 238 2569452831 65218243705 3021109
238 702 629292526 62374684119 37427
702 734 3169831625 65543508783 1599125128
734 603 2641183037 66725019304 2853354608
603 324 583866521 69664290151 942943098
324 602 587205569 70600382546 54844348
602 43 915177456 71470982248 1799694179
43 457 2773348245 73102187092 4109245096
457 980 3173817088 76217956922 6223336
980 413 299636699 77758343380 1090939569
413 206 724424135 79688382278 2987836398
206 120 697807115 83027721076 2663370108
120 16 3992970332 79527167440 33568786
16 69 1990407940 84411474676 4184890198
69 696 4130855814 84413671246 276225052
696 510 3661486796 84153750835 12
510 162 3198551963 86516417050 932401156
162 294 1756621614 86168462254 940560392
294 168 1986061276 86416171267 106
168 646 3217789703 90593475381 2678409742
646 659 2884643759 89248277477 224527009
659 824 2576241631 92128098876 477760
824 951 191009978 89926521182 603793605
951 307 3407501620 93540104559 978637309
307 351 3213013448 94156819488 517406949
351 217 3523011347 94181824170 30912696
217 665 2882310334 94781072444 47
665 784 2398127828 95800910891 1268676296
784 721 1215774184 96892992551 3452021342
721 773 1672162984 100955148745 2340575241
773 166 888932398 103240791395 3285281760
166 585 1451201082 103049541976 1923452178
585 173 1147585243 108187594900 2592539905
173 975 2427373616 110188037975 2035661663
975 608 771722004 112696849901 2277435744
608 824 511490274 112433035705 1344632868
824 750 3705409839 116513574014 1943826281
750 587 194346465 117372692121 2625076140
587 809 289917595 119535197621 658622
809 363 745375262 119835665256 1837545934
363 724 3954561266 123355809228 2533346475
724 649 1716261659 124688390809 3838584104
649 931 3808600787 129539780106 1648375673
931 110 4269500026 129883585968 3600592608
110 237 3206439823 134848756521 3443836207
237 328 3806684643 138690901053 2601679253
328 939 2361028896 139656716253 2482268804
939 763 4267901890 142498260164 2065252182
763 381 4233309519 143526235444 780196152
381 353 3432148154 145747129660 1231734445
353 152 727869061 147819015220 3578370094
152 386 902992184 149513992507 1749914620
386 781 3306712358 148309598455 966218280
781 907 4087309087 151145548452 669529956
907 467 2631915098 151773284787 2793420241
467 178 3763370958 158411917293 3823395496
178 372 2288356523 156451422703 16
372 940 1958933547 159139629238 1
940 677 1817454698 157440602108 180349
677 903 1563532503 156450065156 216
903 903 4240459033 157990368779 98
903 157 2600189201 159306997730 1547909501
157 190 4007670036 164115233229 2978679707
190 911 159349874 165118108358 1281251295
911 433 3518578954 167563488458 3796703340
433 197 3683011614 169732030204 3428856040
197 510 2088924706 169664586307 287
510 939 4179073273 168805640295 866649
939 469 3915234707 171817181024 2573298101
469 895 2464356219 174387597946 15950976
895 521 1684672196 175222437130 44517154
521 525 1826321053 171982405391 2
525 382 442285149 176707907118 1821583790
382 561 3065520134 174731503282 395791481
561 745 4103238287 178256889109 1971238458
745 374 4145250211 182798634045 4063884037
374 712 3957138849 183481676764 3248161154
712 70 2158055250 185879945004 2083995001
70 418 2205059505 188046370125 1250284672
418 473 1022203990 191235182388 1352067843
473 383 820972948 188774956757 1
383 282 4195940557 192276988032 3534960199
282 797 3519132377 192396958375 14241268
797 843 824200800 196118173158 1680726920
843 504 435337697 197074342458 3589152856
504 306 4101312166 198811458889 1803986178
306 683 3570973184 201463955954 3626484372
683 992 1568170538 208562150579 3220078792
992 328 3239552613 210680920371 4203996290
328 707 3688618691 211049109657 76
707 415 3581154092 213176333769 2378894003
415 992 3497639444 212452770822 7972215
992 890 3185097619 214559644091 910360655
890 595 780604232 219268415622 3935334536
595 332 3817643522 222425772936 3444834306
332 105 204462180 223202529971 2045940665
105 112 860427682 227784744102 2128126000
112 393 2901869906 227451667336 1664
393 92 3868175784 225992854560 749685087
92 109 1864816388 226310178288 226853031
109 953 3131558338 231717487729 3926933915
953 888 2022348083 233412540648 4075973274
888 370 3718843024 234621290304 1279288310
370 276 3306866586 234043343010 16
276 370 2566867117 235872550595 1801416
370 74 2871451748 238854930193 3161198277
74 852 1494801006 244312980043 3871338304
852 445 1555308868 246842423943 1664821208
445 783 535107497 248568309487 2530050912
783 522 3638067743 251169144672 3953609300
522 262 3484251850 253414022557 3106960756
262 532 1174727840 257885623733 2582531512
532 598 755248049 257985188238 1305085637
598 150 1301314932 260704169811 443933629
150 998 1489436440 259943436929 132920419
998 163 87970669 262013801051 4124662438
163 7 481851065 264278068458 796509859
7 62 1589228479 267149033293 3731104796
62 923 4056942900 271143752658 3075768240
923 75 198047482 273121400342 910393021
75 21 4012774418 270618938599 530561615
21 792 2824499671 271866826361 1736109652
792 887 3290559953 275032718969 15601163
887 240 4024475640 275726507549 6585
240 860 1562571018 272790000844 1435215
860 225 470753403 275823496058 1090732882
225 787 1070411595 278161005965 1468722263
787 495 3179226598 277727525449 2485328748
495 145 2887498265 276980256558 120
145 666 1088715811 278050810504 25933
666 252 3667039063 281810597595 4260201874
252 435 802061870 284012320105 87
435 228 1032460648 286563509838 2815332881
228 337 4147609780 286186415382 819649847
337 30 3198272934 286481796909 112048
30 864 83582393 287485444638 2550720643
864 840 2146920541 288587561818 195023397
840 433 2214583740 289212940995 425
433 275 516345736 287897220146 119158498
275 516 1249018134 291181068259 2994946713
516 887 3100647378 297653751154 4219615665
887 510 1805267226 301622285015 3182321564
510 471 1743278521 300479286600 1834533914
471 327 3650030572 306260799548 3648067424
327 642 3558479520 307885995522 2935160655
642 591 2400890839 309084411098 1902562937
591 677 3370766378 313479004858 3862720810
677 711 2717567124 312345570504 181154
711 875 2597684409 314953668193 27
875 770 3404637324 318450178173 3012462516
770 378 70951680 321450798375 4234447236
378 257 1571735122 324061994045 4281966843
257 988 741576327 324424329871 454224619
988 55 846522567 327776280470 30
55 321 860870764 329222663143 2017600827
321 593 1453947195 330930783585 2610981067
593 510 2292534801 333165352376 3286790161
510 295 467043455 338600207730 3092154420
295 811 2311798427 337664221381 655
811 170 897772462 338937244600 1957200483
170 311 1438360660 339517201533 6873492
311 964 2350731900 337296226358 4223810
964 483 2462773725 340753086956 1538918435
483 450 620612767 346133972525 3700691188
450 687 3980157001 344480549542 1111232
687 63 1044331203 345420147947 16361
63 727 4225575794 345478566952 2270072534
727 915 1135052687 348541662132 27848903
915 844 578372276 350793365042 3716961663
844 181 1133715490 354786914655 2707147899
181 979 3756906194 357009332469 2275961262
979 109 436350638 353814116986 328703561
109 52 3633469031 358855996579 3751212704
52 499 1466145268 362010739650 855514038
499 701 4030044374 363864697882 2198408736
701 887 2224094900 366000704952 2351697582
887 594 1363190774 368440224722 1638056024
594 15 281530502 368720148861 3900512601
15 10 3993583653 371481400569 2378894508
10 618 717730479 375677430541 3978507122
618 537 1910273734 377314771511 924312396
537 590 1910099141 377692799863 950658028
590 574 1650141391 380463546026 3605670962
574 336 3859639583 386412575641 4255237386
336 955 589710221 386785173166 613244803
955 410 3978312811 386387339996 10796
410 184 3535000676 389022306260 3
184 1 476383581 391403171244 3219080342
1 487 345706945 392612428010 151222464
487 814 3187053225 393287320078 959193843
814 765 775818362 391859309043 1719393668
765 692 4023605575 396307869796 1918690511
692 196 4146284149 397178437488 114548
196 733 3568196904 398256553245 1680919922
733 270 2000951055 401169488922 4264129646
270 808 169027764 399819428840 627703647
808 264 2527653146 405501513726 1980814345
264 386 1127426342 407446361781 1757139916
386 814 1540099307 407416623918 2406288007
814 402 2569552671 410596759451 3865039017
402 608 1166576444 413792719486 3356665737
608 232 1739526017 415359892017 1194203130
232 38 1809210386 418924476301 3293507707
38 516 4175256325 419589893872 4
516 440 1731997189 420170714056 439892810
440 491 381816881 422246441572 3723275087
491 414 646617636 425702510166 3868012987
414 707 134105650 428966777279 345879823
707 490 2425001079 428973779769 88490027
490 901 1967521783 427308493610 4903
901 636 2070927438 429987972493 4112065391
636 794 114334373 436879606770 3892562850
794 585 666098019 435730043111 718800825
585 253 832733952 436090307692 1064416840
253 602 3358185972 436297094956 58199326
602 415 3812315505 440923467002 1924588980
415 406 3855190463 437973246598 52223660
406 377 3472955808 441206622049 554811457
377 933 2494586523 442489251555 169853355
933 726 365191026 441365003575 1
726 74 897184921 444047073116 3250714940
74 445 1280074007 445289500825 574997935
445 534 633162004 443507381336 19496
534 262 1307795559 446439903537 3020569334
262 746 3341746799 451840004867 4031828831
746 400 817820273 453920895807 2355639101
400 595 463921357 453978937322 18632
595 207 2090064435 452244352152 463266647
207 3 887556394 452820006235 880
3 687 2485117258 456753091918 2592459392
687 71 2168746291 460221609423 1738344682
71 662 80323068 457535183247 1
662 574 2011438053 458039646248 689272283
574 102 365891975 457651914041 2623
243 528 1527557606 7617147734 3687477506
528 778 2345105874 6471317677 127
778 738 2883322988 8875506983 2452163201
738 304 2707010857 11749508614 7176
304 974 1016337097 15046573583 3378775572
974 924 408378229 15409150138 962934080
924 681 3430039477 17116503022 1231162397
681 858 3317107852 17765924382 810354562
858 455 1581403809 18917429671 640920894
455 116 4176459107 19507568389 2343221851
116 996 3710334391 20981480496 83507
996 471 1721693792 22122481194 2213836216
471 902 3073265876 26655473733 4266298948
902 236 1466763237 26515705306 54
236 115 824805707 29583745132 2876988730
115 452 2782128475 33628793096 3603754291
452 754 1869233787 32322635694 148796800
754 957 1035298912 35268934652 1325180203
957 187 1203204880 34745166458 2204463061
187 806 3772461196 34384476620 2
806 383 1324619655 36355197646 6
383 120 168932931 35393186472 15368682
120 790 3604051462 37887612538 1111414274
790 797 3056360343 35391649580 3089511
797 964 2495823614 35912697719 329235
964 990 2778308722 40556132188 3155269938
990 698 1088390345 41412774158 123600
698 270 2908787042 41460263485 2605463819
270 940 2965935058 45119551593 1127513809
940 484 4084098533 45795466190 1772001865
484 718 1753996626 47408255240 1083784276
718 209 154018709 47028864177 327811
209 931 275221809 51261363565 3524853701
931 22 2868656170 52700303150 4094325854
22 846 2783668868 56291174050 161234281
846 81 2156121805 55131324174 1386275
81 745 136536210 56747794033 827774515
745 288 4084323985 59018304105 3038532694
288 275 3692917344 61382532112 1759567960
275 440 1619673120 63250262350 4025084611
440 440 3979334111 67181875117 1381535940
440 228 2558033118 65974132362 1464799654
228 276 4047800419 65582604775 532534901
276 177 2217985762 66903448588 1122751246
177 278 2875340835 71423903171 1672105031
278 59 3935252351 75653678165 3718559230
59 269 1334125218 72009728704 1298854
269 365 2058811351 72822867848 263366249
365 972 90843887 72277000327 245
972 7 212821735 76481830860 2375987568
7 10 1938827236 75847347336 6636020
10 185 3911407434 78604931345 45683
185 398 1142921170 79003689346 731560691
398 653 3951470525 76131064331 225473
653 207 1685511639 77722190310 51916
207 521 2425429752 76771890573 733860683
521 235 1149758180 81646396914 3064861910
235 679 825376936 83545392302 2593763493
679 855 3990244584 83937489921 481808
855 963 1223222365 84948564828 59959485
963 260 1513750342 89456249480 4069037546
260 305 860715466 86055398778 233065670
305 263 4268802495 89047840655 1790925
263 853 3005001044 89166198328 48300953
853 16 1907051774 90801084504 2204652953
16 714 2990376424 92624632317 3033838534
714 843 2604403781 94354238040 2
843 563 3968011659 98892855682 3409818996
563 321 4084429566 101142152210 3942608436
321 391 3459179629 104775028472 4054004413
391 464 3678636858 105926722760 1078003200
464 12 914131139 110743968144 3994783551
12 804 4022565134 114995109245 3822629429
804 672 3886396873 115528608964 3860773579
672 162 1265519834 120455941269 3050720246
162 347 3061943479 118762622521 7
347 590 785546660 122516227541 3736386927
590 801 2103006711 124118517618 1178699621
243 246 523956480 4162612040 48578988
246 273 3783619881 5252269965 187693357
273 158 404335134 7316013231 1116749337
158 708 1135690439 9419860081 1193623207
708 762 330598109 8249477427 959563500
762 437 2742879372 10559546299 1552131227
437 258 3096009414 10478244490 152393996
258 596 1250845939 13625333087 897370402
596 623 693559883 13708664564 1185508997
623 846 2035548376 14105708088 3058390189
846 179 208123758 17774404322 997551861
179 699 3532265156 20059765052 3919990008
699 493 4014965381 21580677244 28451774
493 987 3378255634 21856501362 195123751
987 504 437912823 19423671466 3957121
504 497 2868530003 23178337456 2439403908
497 923 97163670 24356405191 619960071
923 670 3176224637 27717683104 3219078505
670 874 1717957526 29426497374 3826109558
874 987 1592894753 34364456636 1578836270
987 344 197631117 32201251601 463436761
344 445 1355113376 37179978759 2080180322
445 484 3275513402 33975320874 91809744
484 772 1593550971 38223681793 2420662616
772 277 2488198349 36136429920 2292895
277 956 469306064 42427358370 2623628917
956 788 2358795746 40404630471 2373
788 328 3602852809 42640343043 2440707621
328 944 4290965908 44278379911 2505604004
944 680 2751794702 51051445419 3223721120
680 37 3819338639 48993922314 21
37 153 468749580 50797194585 2198928994
153 648 2179977916 49238271089 103
648 15 3436871579 54239218894 2726541261
15 298 1416742858 53988604984 1439376508
298 972 3440981791 56282411933 11913101
972 834 3039072186 56786999794 83
834 99 1157165350 59619352885 4267215148
99 50 459833004 64679833894 4263274156
50 209 51537648 68832851831 3225576052
209 346 2035403445 69030718321 1247384472
346 687 477214421 69642150900 1925414912
687 470 51892847 72599314751 1273600438
470 862 1928228859 76207130868 2892651701
862 832 1226368530 73518572226 149293898
832 466 900758572 79819960508 3740282626
466 332 3577403162 78935194996 728240151
332 261 264219731 83585323719 2913126316
261 305 3825973516 84765216363 2765615160
305 934 1900135079 85966843930 3060630193
934 599 3406572966 89721317556 1382209
599 916 721698138 88769041346 2645639951
916 303 966849961 89299325564 20155528
303 594 4180088736 93233575428 3474434383
594 420 2185579591 94458513835 3806
420 166 3818633219 94117343173 30428720
166 275 2233449930 96435813718 2670918503
275 97 3842175503 97084332376 2257303955
97 138 2772008545 97837149513 45371674
138 679 2412680581 97590028807 515654744
679 425 1857784449 99995844016 1098660151
425 774 2239650350 99931555360 28160584
774 394 2592988624 102268650945 1342067794
394 64 3053073455 104390001842 2334534203
64 362 3676871414 109264785208 3432790663
362 725 86758826 112037098985 3467696311
725 480 1038789889 113519018151 2645667855
480 540 1184684380 113163491728 4
540 983 4080800298 113199593663 149149149
983 530 1078408678 114022782500 10100373
530 22 2097209650 112123245082 162
22 46 3526090011 114221328156 1715780756
46 832 146206222 115224658735 124471335
832 415 3451804877 118931990967 2769059931
415 801 1068788550 120875669036 2308399673
422 378 2035676016 6369185375 1130893615
378 384 397536962 5902359153 635491481
384 347 1149362092 6889309624 2118153205
347 477 1007129277 8772218628 227852
477 702 2770405682 10445695452 267223282
702 884 3420351625 9299263914 1006444706
715 56 610 312508585 7
56 988 153554473 6413917677 3550883604
988 984 2000914949 7928618833 2424014712
984 426 4076364750 7253279340 895749018
426 83 1195708526 10978729753 2379772565
83 101 1063825716 12155194769 2057142878
101 463 2923993824 12053368109 156779342
463 181 181841996 16944508326 1080451434
181 162 18035245 17961361902 4033084690
162 52 2100845941 20210587767 131720685
52 663 1014045909 23750246846 2848486019
663 885 4156375297 20544089161 3
885 119 3217550992 26126043323 4193987777
119 925 3343218010 26531853400 1062923105
925 62 2536157204 27661635862 2244196884
62 11 2059612896 30688278629 27328353
11 481 2205854784 30754806120 1466855104
481 565 1419930572 30962843378 15
565 168 2438761419 32491186021 2877751732
168 477 1069138475 33015412847 172344078
477 446 3784421271 36477847728 4143577802
446 673 3098630564 37967662411 1753249850
673 286 2609212149 43439704452 3237983746
286 63 9158162 42137281786 374230
63 855 2897210798 44858681689 18249
855 358 4204166803 45389406349 3754032287
358 882 175164743 47208548029 781145198
882 163 2097883728 50789241449 1528725334
163 345 2033442693 50986082132 99
345 191 2759149328 49065822313 735243191
191 381 241412595 51927254202 723199751
381 542 3638656990 50631301053 7
542 457 4096350058 56023034407 4101777735
457 401 2351279434 53519945570 19293
401 665 1518437474 56552884360 9441
665 266 1206565695 53501369793 457155407
266 934 624029540 55461980760 1226619742
934 225 2346322909 60511757609 3605618446
225 43 3540489070 60468609912 2152779978
43 44 2582016230 61142545144 1
44 295 1909285563 60825747832 265
295 74 2266296610 63924488098 2155299422
74 925 3958082842 65410158813 26
925 67 1036631004 66603776927 1070991490
67 187 4143895259 65710249933 1806809921
187 676 1841471083 66718599987 162137047
676 27 4095022628 66392777852 12643217
27 150 3912518718 68357051405 2588966338
150 41 2730928811 72417599254 1316014721
41 207 71841841 74600201474 1651533579
207 73 833524635 73120748387 234
73 461 2191626421 78322085180 3490463110
461 275 1213737521 77599763488 7987
275 686 3545476080 77174673946 3004
686 544 1938558793 76585513453 17450
544 550 3974606081 75907186228 17188337
550 915 1532027760 79500675452 4010980127
915 418 3433554676 79393909335 310033250
418 90 3175434005 84737337878 2727440176
90 562 3875676296 86754702794 1189732310
562 933 4222499463 84886471179 792087998
933 573 1911963014 89037731896 2823652130
573 911 3913001487 89698637255 3452770698
911 230 1379351731 90335342960 263841349
230 222 423064169 91357414956 1437593666
222 337 757878252 93284616327 27
337 206 47725870 96886571159 1785257039
206 490 2095888394 93749055202 12527
490 580 2318276640 95683526411 1477941965
580 801 2880197355 100096878781 3766559299
801 673 773046748 104085204676 3756963703
673 161 1029991022 105417365897 36
161 264 1031192684 108820361549 3054977861
264 36 2206262131 106498976331 253011536
36 659 3051198552 107108972297 103857
659 836 2727814610 106656092265 1197
836 615 342335487 107561559316 29
615 217 1682559329 111179954788 1761633681
217 451 2857523524 112700203934 1802488015
451 831 2934240281 115254924354 2528096119
831 710 1122319360 113350715364 553661101
710 297 824812905 117116008539 1473962366
297 772 3053137869 117854600670 1503474495
772 555 1014377891 117497360952 1807775106
555 343 1684232960 123080407261 2879422735
343 28 2626831230 123291029133 2493904889
28 557 749174776 127387403328 4066161465
557 487 1082384282 128968095043 1784844924
487 662 2984008592 132050969930 2132438924
662 196 3663155065 132926554242 62
196 621 2716946871 133596602800 1020546521
621 348 3817708761 133186709152 1105861644
348 164 4184547116 137771158914 1256017348
164 156 3449364590 136850724255 506
156 602 187172062 136522296044 1368764221
602 204 256664140 137827549844 2070617304
204 833 71614523 141111444329 3
833 649 287846269 140085336468 1384723712
649 275 4160720227 142877992757 3435764876
275 61 689146139 143209175494 136135098
61 600 3511899878 142803103556 101045242
600 249 708988488 148351343223 3886843995
249 393 2654482844 151111935380 2339282951
393 111 2764662706 154134456099 2505331833
111 217 1999553022 154326474666 354798280
217 748 231395783 154810138725 2109721778
748 438 3126659236 155966904209 2123924518
438 221 466229650 156472681691 1
221 474 1536431915 158366290374 6
474 376 2438284871 156173583402 310626267
376 181 3476080996 159395033868 997992196
181 919 4210605605 160325017929 1609792969
919 520 1965800267 159630064011 1541866
520 351 4233359922 163809672491 4148897031
351 196 3210193660 168938920792 3282095957
196 886 3380406000 169120586799 1236485934
886 75 3115144534 167200611524 189
75 85 3068999676 172514050623 2269717733
85 463 2774190553 171195378688 1963813355
463 668 2482694918 176018780278 2408628432
668 214 3914724264 178286313339 1294650274
214 412 1204555202 183355213154 4236041289
412 659 3333042731 182537435325 802722922
659 40 525308221 181930085445 126
40 124 2562816222 181134565435 658721403
124 827 3937419516 186970446333 3145955615
827 436 496312628 192129890468 4244126661
436 338 781706799 188050888397 21340
338 726 791824344 191444139640 6439
726 335 4067068519 193148748605 1784577792
335 749 2661847272 193219159007 3352517264
749 985 1977342703 198672626120 1555255108
985 681 1155314102 200103426944 3056329341
681 560 1601674425 201947447392 957
560 962 1648869636 202032024010 439252838
962 234 2317305893 202096873789 2434161131
234 584 3721879748 207753775065 3135053997
584 600 784391956 206940996096 271501909
600 556 1839128421 206298537230 2251284316
556 330 3500183322 207583129646 784995061
330 396 3800353618 211122395867 480127330
396 968 4045429684 213331673262 3337928677
968 173 979299462 213904179823 514296794
173 26 3644046268 216352535367 4169335798
26 222 2098035359 217317389022 75
222 57 2088635099 216897347417 82722608
57 382 2713174841 219581981921 193277758
382 498 1187370080 217923617416 371289837
498 440 479048475 219095384512 1699641864
440 90 2878399344 221953344265 3277408902
90 315 3121928866 226534891062 2788032653
315 723 2731612111 230444016903 2788007144
723 443 2404542112 231326156208 2108878375
443 13 3876817564 231459831414 919242483
13 614 3291901979 234649648851 1713701447
614 677 707855128 235513188298 384410160
677 148 1662836076 238551527471 2910417266
148 5 3291313797 236589544472 12221
5 448 1319262826 239011196514 566208069
448 662 2525210586 241315497729 2965360762
662 954 4216532905 243947405508 2958604084
954 887 2271567199 245903784087 2601802304
887 433 2676296053 250726435679 2984797255
433 425 2341861756 248760910323 6
425 171 2810387707 249997512510 3166727167
171 444 672502056 253956808922 1397365444
444 754 3009746699 255283880160 1654
754 491 1888663196 254673874326 1446930999
491 176 1127590661 257436091270 2562755952
176 45 4222462501 261568527409 3580993565
45 848 3124894102 263019790165 2164941307
848 730 657336024 262557273207 156694923
730 226 3764439336 262563419049 263848448
226 881 2355426720 264494561568 43
881 335 2199377247 266829069028 3797536576
335 707 2089484892 267007277021 1135407
707 393 2800220298 272754014278 4269406819
393 258 3554139000 276311244721 2437575352
258 927 423482206 275464321349 2264497038
927 113 1716392797 280770213122 2914616426
113 767 190247645 281404925709 1719044044
767 208 1997996568 282550579325 2519707375
660 533 1881347181 6649724970 2755381814
533 795 669171274 9236067885 379389391
795 557 2490351972 6299440433 9122
557 775 605534009 6477926100 528849839
775 332 1446824098 7199754427 260
332 276 1063462963 6914890940 864184606
276 264 3740088616 13282742229 3910253424
264 551 1013764148 12588796750 1619996527
551 890 4028057275 15739773010 5
890 638 3396816658 14747743095 1576705210
638 949 1360440868 17992316139 3834489586
949 307 2175040866 20350044524 370
307 968 3020800718 23676359889 3335147349
660 600 1015670 4017015611 3348967562
600 316 3482689443 4944928066 1
316 284 1495664862 8247429757 1365899579
284 604 1961646147 6249018631 2648787
604 940 3490909282 7986037520 21886
940 256 1458251235 8520316651 430363548
256 824 880326131 8398859634 69738
824 180 2004747724 12321880247 3414850684
180 215 3536310580 13895066183 1745254107
215 115 2988282510 15083898293 1255095078
115 328 3282395983 14428129366 1
328 329 1759927749 18103963838 3270724574
329 765 3718433492 19211072140 2122956964
765 609 933715019 20705969802 4730451
609 1000 527180986 19402708746 10794
1000 751 643636670 21840296765 1307979355
751 435 2292137094 19937671631 1382326608
435 393 1413232183 25074725019 2502427946
393 120 2979200102 23139801027 26
120 205 1862222031 23764618843 185357
205 642 2836408016 29087716230 3238818540
642 268 1965646828 27471634857 595771726
268 981 3147942693 29303753140 30962065
981 42 2600086394 31157132681 4058043165
42 624 2702061031 32932494573 1517709324
624 94 3419390619 34000172544 465878230
94 909 2566116595 33890653852 698288391
909 366 618444965 36663428981 2810957908
366 671 1484725056 37934304718 393400961
671 593 3068865649 38026886590 1280307431
593 808 1510386460 41855319091 2422601073
808 343 2251088049 42476679231 2023815925
343 530 3672721212 44854233677 2987730345
530 423 1858171115 48307146474 803477635
423 331 837354176 51939805884 3639828870
331 968 4140618108 51328752507 447
443 907 2963176802 5876963629 162924
907 279 818566653 6988793774 1118336108
279 44 1823348335 8222718906 129388
44 814 2531029081 5073898879 791191598
814 916 1986611255 12342546418 3208833531
916 870 636887734 11118242924 1969528933
870 742 2250020917 12544427556 1975381683
742 881 3959616220 14838172093 74946
881 223 2280344413 13886578671 1474245743
223 912 205006015 14002942074 2
912 313 976545512 16637588483 3039955434
313 932 2521646906 22923858783 3998768243
932 450 1998209260 24624848598 2133809616
450 326 3269827678 29747393424 3498714650
326 891 3758922860 27963424143 1098581242
891 133 114875935 29926864225 2480553928
443 55 2807131804 7457094842 3730524557
55 698 1697826022 7376494056 541846
698 121 1638831452 11567508422 1930032537
121 147 3224966960 13564270608 3435612673
147 95 2577362087 15846858245 588717532
95 133 1166130388 18668620819 1928768069
54 963 35875597 4676559351 3023658088
963 909 2465893268 5269279550 1666401882
909 338 3229484660 7702620578 1192302920
338 974 3254913861 7766353896 733897580
974 946 2131210831 11189272100 2034429907
946 866 1386800876 10843125452 885838500
866 649 3007085941 12481508944 1873976046
649 922 988125770 12342157057 225
922 345 3523691486 13071998409 597125953
345 241 311349977 14892628485 2200193507
241 948 226987277 18379263522 1
948 764 1512778499 17312082780 4
764 332 2773745211 20435349621 2872118442
332 741 1884869037 18426148081 596
741 679 864871344 20300366921 866522565
679 766 1437373276 21227774151 2060173969
766 666 1288879610 23793696053 986925745
666 850 3121956318 27703962705 4245917106
850 35 3275625132 30630217956 3857162316
35 919 1551581115 29751798140 29529310
919 378 1555876217 32122597412 690243866
378 748 2644782273 32657677060 1493406362
269 909
958 532
625 501
111 323
883 831
58 560
400 334
600 155
906 827
843 84
772 152
858 51
546 26
130 19
521 85
286 150
249 694
161 182
582 478
421 547
681 102
628 530
243 801
901 247
422 884
715 208
660 968
443 133
54 969
329 433
302 815
890 967
692 879
782 166
74 75
476 266
79 792
990 42
731 5
94 70
812 183
864 446
499 854
166 941
958 715
313 8
623 208
822 981
109 999
908 845
200 125
385 627
119 34
97 902
324 670
946 207
897 228
513 49
295 547
307 577
942 424
95 631
213 891
846 130
832 461
397 954
657 656
763 174
346 79
112 701
429 44
578 615
453 788
736 313
293 41
688 833
769 346
311 463
428 249
56 956
399 709
431 785
113 30
827 590
288 609
869 66
91 484
323 339
575 528
742 562
232 213
685 37
461 639
93 95
775 309
418 531
364 27
809 761
97 115
216 5
75 932
521 6
872 149
884 627
448 792
213 747
834 329
242 210
849 884
981 799
896 770
241 474
117 398
958 261
763 69
696 204
177 708
327 277
147 238
712 646
683 146
191 832
124 688
804 625
145 634
504 770
753 871
37 785
994 181
390 79
528 708
518 845
454 427
144 994
764 656
74 226
218 589
236 24
965 618
587 403
316 171
695 459
311 852
787 106
539 2
778 834
497 455
580 242
954 941
459 314
938 246
361 947
842 742
292 335
410 371
192 982
327 709
5 741
232 699
392 139
336 227
1 409
815 811
70 954
671 75
969 440
985 936
518 560
723 925
292 515
254 973
841 780
989 633
232 19
260 75
904 378
652 86
428 303
220 753
304 602
942 343
725 387
8 754
937 527
459 301
504 429
124 354
147 770
300 12
296 623
228 22
688 733
544 854
1000 691
640 774
649 520
187 24
842 549
511 808
676 188
331 615
861 624
109 932
143 545
944 457
578 13
207 632
38 842
398 330
726 760
546 64
843 436
195 397
577 690
205 442
215 247
367 236
903 830
208 714
211 901
174 473
442 598
517 823
5 163
254 411
773 202
225 729
503 519
287 337
492 874
75 654
567 953
556 163
72 786
402 317
143 926
424 608
992 220
335 876
866 627
924 557
409 632
919 288
943 405
567 134
907 1000
752 937
290 607
713 698
377 298
137 361
335 286
726 777
261 664
545 818
612 527
681 533
82 779
180 178
197 500
876 575
399 774
167 235
137 964
349 961
145 133
889 19
860 272
581 228
910 801
444 578
871 508
630 349
941 357
791 342
770 167
798 191
894 649
624 241
251 811
359 655
371 957
852 627
314 422
75 805
127 1000
941 399
502 318
877 161
518 94
592 881
856 103
746 376
42 586
321 538
189 631
148 415
204 549
793 480
120 739
69 560
306 370
230 926
831 383
630 693
725 528
975 606
775 952
819 248
421 419
127 936
989 412
764 205
368 977
124 335
150 57
66 455
848 341
54 771
230 787
155 794
756 512
676 530
898 718
833 947
46 980
152 10
470 631
113 216
271 927
220 925
931 410
390 733
818 268
752 655
878 810
700 154
411 664
585 230
799 885
325 109
936 583
586 99
126 584
332 427
57 568
707 199
729 103
412 385
846 769
552 942
892 136
822 438
648 722
514 109
775 385
874 802
269 920
111 679
703 940
671 980
210 735
834 321
627 386
290 320
995 540
48 955
838 661
315 365
848 258
22 4
934 739
34 166
104 803
788 635
461 250
593 788
989 936
468 244
813 574
304 648
249 53
45 692
487 750
391 208
642 987
27 471
269 546
131 518
531 304
835 514
623 385
101 203
180 473
125 237
855 975
281 314
804 557
377 702
705 863
556 962
34 513
817 593
934 533
644 958
225 771
35 118
845 129
40 836
862 410
34 972
335 99
90 2
691 623
827 390
801 889
844 885
878 455
555 586
663 799
510 84
251 444
358 820
867 533
294 765
116 422
831 709
258 750
743 21
602 520
927 581
39 466
427 768
431 871
516 917
726 535
552 645
398 986
978 7
773 156
989 329
883 622
654 177
81 396
383 878
887 637
110 455
526 456
529 864
109 775
508 820
551 638
986 101
115 403
447 560
431 807
20 657
629 222
678 336
786 591
944 461
836 954
818 142
191 697
503 360
71 342
685 886
195 597
403 989
259 224
912 419
374 782
668 545
112 157
800 878
337 19
277 523
625 613
358 263
325 764
237 762
900 269
462 424
546 556
397 652
124 542
47 896
322 335
371 915
188 664
500 384
472 332
340 486
800 95
183 519
952 803
543 207
683 53
846 687
14 1000
928 833
348 405
272 548
568 761
966 372
978 875
927 705
421 265
940 15
478 580
424 154
976 767
694 433
157 323
115 27
687 957
10 305
602 665
807 993
964 125
615 922
437 625
533 229
201 223
595 203
969 905
926 966
455 30
888 780
889 981
905 112
346 958
588 696
898 704
313 568
819 792
892 241
83 925
184 773
215 463
410 288
149 375
255 903
242 994
619 944
545 896
330 446
428 87
491 938
195 980
47 276
787 997
736 470
632 951
656 934
969 37
982 915
490 756
951 580
184 827
323 718
549 424
522 227
707 967
350 215
550 31
541 858
266 312
579 948
895 563
857 89
171 859
749 191
145 882
425 503
323 104
658 751
502 364
397 458
758 418
443 553
20 987
52 761
962 470
28 308
849 615
543 554
564 434
948 624
522 334
82 626
108 42
313 653
571 697
320 979
406 862
950 53
780 356
389 733
71 945
456 98
183 587
931 153
675 492
305 871
719 828
587 681
585 463
873 897
833 711
252 938
372 202
974 875
972 58
174 220
286 184
146 789
295 140
20 245
554 523
477 7
250 746
304 350
267 308
636 720
937 527
493 996
455 540
139 19
868 411
185 455
214 237
974 84
892 497
273 833
160 597
925 191
69 617
639 271
175 569
811 109
504 77
115 670
625 632
715 839
87 229
672 839
509 238
385 421
294 31
336 747
557 531
152 957
260 325
279 879
374 604
384 489
813 302
758 263
346 331
624 402
458 171
529 785
942 702
211 217
914 427
686 566
694 73
993 484
693 945
917 444
812 659
121 196
403 375
869 741
16 187
473 64
921 732
654 115
779 656
478 867
834 304
403 987
990 400
853 954
738 230
813 266
817 724
940 188
618 505
920 966
211 228
323 449
301 650
398 288
995 598
233 750
88 575
874 63
990 687
156 8
7 51
225 882
486 655
228 901
944 288
612 100
488 586
84 502
638 136
916 262
99 88
102 181
769 202
8 735
887 550
751 320
266 282
212 692
62 383
534 25
100 691
233 253
719 240
659 119
395 543
302 767
390 357
653 981
282 703
214 39
539 195
266 837
205 192
711 988
383 180
90 10
352 567
892 2
176 669
461 131
236 686
363 268
781 72
642 37
85 183
767 251
335 328
531 750
413 969
376 685
63 997
121 59
232 314
913 481
36 407
733 215
133 831
661 405
286 293
211 132
712 500
922 587
418 455
917 639
594 280
46 301
357 238
964 91
104 156
963 583
767 727
945 253
863 807
387 545
720 293
36 399
857 399
464 146
409 299
895 475
265 220
972 70
578 77
753 151
310 175
341 873
731 190
165 507
700 760
954 254
547 152
58 999
31 466
485 281
379 826
359 836
285 484
690 788
782 661
58 569
232 90
470 776
37 207
278 348
530 892
597 610
958 300
271 409
992 643
955 318
312 147
401 322
384 511
787 650
616 917
689 544
439 522
455 93
905 47
750 407
255 118
767 763
641 229
406 289
125 141
781 823
754 401
19 321
268 863
15 207
190 992
790 682
189 776
637 263
156 476
891 874
297 786
308 803
891 926
147 189
888 435
802 211
534 482
378 225
335 240
818 975
386 61
782 993
435 850
210 835
623 973
404 754
246 801
21 905
1 821
640 224
447 499
22 838
939 133
73 972
994 256
136 66
283 150
85 547
453 62
597 483
579 303
499 377
478 672
234 400
453 235
404 264
606 189
263 657
841 665
143 757
441 17
676 95
957 446
821 774
921 495
394 349
395 387
771 647
157 216
96 497
300 799
952 439
897 431
111 983
511 189
915 27
198 656
163 207
791 553
788 401
78 977
95 607
105 323
447 170
347 495
238 179
306 868
7 389
272 744
888 365
761 329
221 630
950 117
863 358
150 122
256 593
2 193
227 285
113 622
668 922
803 7
23 554
874 928
404 310
418 959
12 201
756 156
641 195
587 928
605 937
77 956
304 356
47 940
334 509
109 614
930 550
38 846
78 427
413 620
155 292
736 470
855 873
636 146
447 616
6 123
957 757
561 560
925 989
557 948
161 601
649 680
127 225
250 421
317 350
451 986
515 354
647 993
119 982
692 25
457 543
953 994
642 303
804 972
937 317
415 150
417 986
282 3
798 767
983 580
811 141
258 884
91 874
524 775
91 484
544 682
252 73
101 110
349 785
873 131
769 936
870 430
188 400
163 816
831 781
526 149
300 641
650 137
409 241
224 525
534 594
956 243
429 12
428 221
959 859
952 565
503 584
1000 632
448 630
340 995
399 167
940 965
189 284
247 157
539 896
840 63
985 145
777 874
420 439
645 902
464 372
731 337
333 344
491 962
625 742
150 294
138 227
707 820
748 761
889 617
899 78
179 129
976 90
186 76
676 167
767 92
445 262
145 984
754 466
913 797
715 324
54 764
845 284
452 563
260 244
604 139
174 247
726 988
17 583
603 908
651 204
769 638
751 240
695 102
945 517
817 531
949 94
296 733
902 40
948 630
266 553
209 782
235 179
902 125
725 484
564 329
982 310
215 493
696 301
522 251
247 391
931 363
701 5
58 875
758 671
238 691
280 339
162 30
54 836
783 331
304 296
544 224
200 47
731 430
52 105
887 105
506 868
991 375
272 658
239 635
852 727
849 426
231 74
947 155
620 696
315 878
60 212
145 742
751 710
583 511
413 343
12 473
330 326
224 42
408 330
835 9
393 998
911 362
295 492
524 702
361 343
49 497
471 88
599 247
524 467
625 318
837 704
535 268
926 195
477 405
395 187
601 418
333 146
501 852
950 664
168 438
10 75
341 356
992 585
454 283
60 520
194 866
233 605
165 182
967 428
571 806
112 383
402 689
148 210
737 337
920 195
655 357
522 1
864 247
181 481
426 222
249 182
959 157
615 170
783 369
601 750
373 6
995 320
416 44
969 857
211 522
79 266
951 890
591 976
610 911
581 24
778 583
936 859
279 809
733 340
832 133
659 780
374 357
621 979
793 538
8 641
607 878
539 519
483 47
48 977
171 914
157 680
100 160
629 39
1000 892
834 301
36 782
426 805
67 430
244 548
311 517
471 24
146 53
625 262
83 550
677 444
849 934
654 81
102 841
421 779
573 878
189 658
28 582
512 747
251 527
641 164
74 271
711 602
595 744
674 583
264 475
334 483
697 734
176 123
539 598
702 345
309 801
484 721
889 892
1000 347
26 158
99 676
2 195
200 311
27 618
51 536
10 343
873 631
683 31
329 176
713 141
355 996
854 552
488 948
407 241
307 248
208 701
149 131
367 712
443 714
367 995
683 220
670 316
329 812
578 866
797 486
852 659
595 26
328 835
273 691
112 88
454 244
831 229
359 682
698 611
532 231
972 964
400 754
466 132
409 586
89 374
777 611
531 933
681 256
772 506
709 484
348 694
377 74
336 370
914 946
229 293
449 202
400 825
264 237
495 273
629 467
74 213
872 440
455 365
401 143
174 712
560 230
807 314
69 652
820 560
324 160
524 623
82 764
322 578
313 374
873 885
402 805
992 858
236 540
63 632
759 122
117 447
169 84
790 311
652 780
146 314
564 125
528 466
103 804
113 887
290 375
886 107
459 228
681 11
518 275
64 485
479 850
922 914
658 62
729 889
943 739
496 11
106 936
201 997
905 440
72 760
84 304
204 76
617 912
575 664
388 168
384 368
423 831
599 876
948 457
990 791
680 9
156 291
770 146
820 754
521 128
376 380
909 225
958 31
76 373
792 399
641 315
796 328
722 522
952 788
869 261
413 776
285 37
777 618
11 790
921 709
899 187
46 762
638 256
85 650
585 75
473 21
908 335
62 546
845 472
643 22
392 592
618 610
280 862
741 146
503 628
84 17
690 398
149 231
200 328
1000 40
20 465
630 156
744 412
842 62
754 328
810 330
879 490
335 69
547 562
697 646
423 6
861 484
700 323
53 441
100 957
985 448
512 813
24 762
85 925
485 172
627 20
962 136
935 892
62 606
360 316
764 419
463 182
83 612
102 466
215 3
384 949
255 650
152 712
217 67
303 988
957 117
886 285
737 537
614 691
541 577
851 191
969 383
611 476
243 945
431 562
640 531
911 912
418 544
678 821
688 323
68 784
416 749
424 977
282 801
791 645
442 79
143 647
509 164
853 818
490 201
966 935
329 237
135 616
308 194
361 516
858 427
318 410
714 319
934 464
665 485
977 197
531 181
767 170
198 72
646 577
154 368
354 412
624 926
583 969
119 879
851 656
54 717
921 30
149 499
224 554
878 9
709 978
455 837
15 724
236 999
279 153
708 930
449 126
542 299
612 720
221 752
634 719
337 965
967 677
455 937
707 917
616 563
792 840
204 764
962 493
651 766
846 694
227 679
114 681
150 30
375 527
128 425
102 23
681 839
708 405
335 329
391 472
632 320
852 702
509 242
314 645
583 893
865 305
866 648
246 158
722 756
80 37
971 929
656 555
39 495
527 668
191 750
894 757
446 243
409 130
148 114
996 304
742 692
258 128
139 32
241 330
689 602
386 47
508 194
813 711
909 432
39 98
711 74
882 775
7 440
218 25
169 906
638 845
804 967
418 491
112 581
849 116
695 845
192 598
978 149
414 341
330 715
855 929
738 417
299 807
780 463
808 690
388 322
392 274
313 569
366 493
365 305
990 228
842 368
109 833
99 702
289 350
692 34
27 525
317 463
39 271
809 993
196 110
721 215
289 693
1000 2
684 969
281 242
22 2
208 405
202 863
106 379
174 298
100 121
295 74
462 876
220 326
417 387
772 249
639 456
612 158
830 759
278 188
967 634
787 243
253 459
842 72
647 834
132 76
582 788
973 558
536 94
27 648
56 827
254 623
628 676
163 472
162 111
907 660
311 871
993 379
764 84
749 409
592 559
81 441
717 223
463 900
160 183
231 230
17 769
842 392
203 14
247 185
476 163
300 189
443 899
390 940
91 268
253 456
749 50
614 741
879 118
918 788
419 240
627 125
259 614
657 869
898 767
677 545
555 900
867 744
259 610
40 845
123 578
573 263
668 889
699 879
292 675
377 40
884 471
459 880
775 827
914 962
410 159
722 368
979 837
120 816
831 488
999 909
384 792
596 745
538 178
315 567
969 91
643 199
575 650
157 924
543 171
371 233
396 992
628 180
947 236
646 447
812 685
468 559
790 725
948 406
239 988
405 189
494 780
738 980
841 91
898 408
474 738
144 801
128 564
500 773
909 142
829 400
242 412
803 767
554 292
417 348
723 642
281 160
116 508
477 468
690 376
805 226
47 599
381 444
191 575
102 557
901 450
252 932
811 471
244 728
473 858
190 681
451 948
460 997
441 44
490 174
26 326
710 139
174 30
660 777
746 864
697 206
404 294
556 302
697 637
55 227
732 45
991 766
723 569
543 945
751 744
52 807
442 663
26 60
469 143
472 953
779 176
932 516
41 732
410 544
998 896
940 478
808 356
452 912
470 648
159 45
108 61
605 363
517 311
543 148
904 950
426 478
186 359
624 553
308 23
285 208
721 536
450 955
550 546
318 450
661 397
386 494
751 408
192 855
881 146
86 895
394 236
455 293
362 114
763 797
13 373
705 183
748 621
901 898
347 807
448 67
548 916
876 837
203 999
997 188
103 462
969 69
809 921
358 176
774 438
214 830
825 753
985 567
273 26
186 507
492 344
2 43
331 660
493 533
781 891
139 77
601 953
436 72
889 42
282 494
675 597
420 970
917 545
755 103
19 406
847 862
542 906
238 315
784 871
84 415
819 618
772 769
524 613
389 348
254 743
520 737
48 198
45 541
184 147
751 769
411 112
326 918
324 100
989 870
767 312
11 742
639 387
352 527
845 839
851 431
928 945
268 547
930 993
105 256
123 801
364 463
415 369
614 600
213 266
379 827
235 472
66 163
370 449
666 571
252 776
900 750
35 623
200 372
190 383
701 399
844 148
136 287
712 990
979 482
712 250
326 932
841 620
605 812
972 231
400 143
927 730
826 457
969 885
320 413
601 570
883 967
356 381
641 778
458 118
811 877
440 905
415 189
558 601
488 333
998 677
882 580
618 951
734 857
889 24
447 37
951 338
37 410
177 406
812 198
711 912
579 116
362 868
893 70
167 728
727 406
224 790
661 963
145 719
48 578
374 89
387 388
552 692
133 537
8 843
21 588
578 244
568 521
672 99
545 37
983 573
481 245
709 2
335 202
639 370
644 713
144 157
708 256
969 271
216 248
896 917
942 292
684 442
571 174
668 975
344 686
295 841
147 575
767 560
572 9
11 380
389 824
566 52
702 922
592 27
681 169
440 695
426 351
607 327
870 603
363 198
520 385
745 338
14 57
35 819
3 275
790 246
670 505
625 641
220 292
122 699
52 74
895 474
833 714
15 988
294 974
829 155
36 792
207 271
799 721
53 912
736 655
500 463
532 653
164 344
226 578
366 160
588 461
994 252
609 886
252 702
461 127
176 44
912 393
182 866
647 177
815 424
861 260
860 898
406 47
822 503
914 513
53 201
929 30
229 323
767 979
646 466
609 723
859 333
815 659
559 941
631 182
215 722
783 700
956 889
265 716
319 837
993 36
234 840
427 796
812 132
908 398
695 576
733 829
541 921
475 757
58 99
521 450
838 510
981 665
528 698
154 100
703 445
779 515
531 952
206 96
315 844
523 903
583 833
34 367
663 567
657 666
866 30
425 170
33 369
532 22
241 671
493 149
392 624
949 881
614 241
791 672
800 230
967 519
214 750
872 636
495 503
135 942
447 322
167 418
427 156
842 666
808 723
421 708
300 52
821 401
113 552
368 536
223 605
48 104
378 254
851 177
825 124
81 250
767 813
191 506
751 277
279 816
312 495
276 992
701 635
360 558
496 573
614 878
785 872
829 408
579 82
917 513
928 285
130 618
827 57
683 270
789 441
346 504
466 771
672 38
451 903
29 789
688 377
296 598
369 385
547 779
715 612
509 320
796 575
16 144
272 870
985 918
398 797
343 706
934 224
110 183
17 433
662 875
17 182
614 285
326 182
445 256
607 277
908 856
552 807
705 657
755 286
56 935
163 562
855 132
229 956
545 27
413 329
79 15
854 982
664 830
836 245
38 135
62 881
668 891
384 115
949 310
833 324
39 428
323 726
454 908
581 422
500 385
719 689
706 583
929 907
953 892
75 759
539 369
498 961
645 620
304 637
904 409
579 904
349 767
932 792
377 65
727 112
470 206
141 576
153 971
502 837
734 480
197 534
434 655
525 237
250 311
693 102
139 781
150 173
620 192
484 301
953 208
843 723
645 808
157 87
846 533
104 876
450 119
724 189
294 453
995 496
478 606
845 104
526 966
255 397
481 186
693 990
862 604
205 55
912 536
444 556
558 400
815 453
700 403
553 599
930 109
733 242
35 730
563 931
6 253
722 849
478 139
32 503
644 51
415 792
222 500
496 499
903 642
402 787
432 886
782 572
375 22
60 830
226 490
870 729
318 922
631 605
530 556
699 992
433 620
187 868
185 996
289 122
614 495
141 367
401 772
457 434
524 940
628 917
47 987
612 655
951 437
928 621
324 256
32 274
456 964
110 221
980 655
804 366
866 263
243 224
253 210
730 826
625 306
646 949
33 147
435 87
663 711
151 805
755 298
654 785
549 64
80 215
792 159
844 61
300 469
433 664
869 726
746 410
382 110
190 535
402 675
795 257
562 420
950 418
763 812
496 680
411 689
77 123
278 201
675 51
617 570
13 860
597 193
784 35
322 583
594 71
709 74
949 684
308 3
962 208
125 445
44 504
886 853
492 832
349 312
524 882
948 32
225 740
859 304
425 886
344 279
361 304
437 921
73 556
220 563
928 757
594 145
110 151
75 557
345 597
494 32
282 791
57 404
804 770
681 950
841 58
65 588
713 234
553 123
850 377
351 592
842 629
263 449
277 830
96 194
374 77
204 653
147 68
979 115
111 959
16 733
967 394
590 377
363 787
929 261
567 741
915 637
426 902
137 424
335 508
674 531
117 795
865 60
455 683
829 537
58 786
526 657
664 650
809 866
339 259
728 346
444 452
219 547
125 190
36 215
491 129
110 698
549 810
6 461
792 964
656 282
166 639
486 871
280 287
813 95
221 583
335 436
1 917
461 118
731 610
37 185
596 794
599 790
969 819
90 683
430 358
41 492
772 971
124 147
437 207
42 986
410 375
208 890
478 205
405 372
785 382
687 206
230 572
102 747
257 847
871 240
113 648
802 218
521 526
55 515
207 782
258 829
285 1
797 619
726 371
656 371
405 71
164 957
610 591
19 786
714 420
341 78
131 580
235 494
527 902
80 950
407 574
865 460
319 188
833 434
980 37
17 711
446 323
505 503
831 389
651 88
444 791
905 920
578 184
774 439
735 703
564 680
621 549
286 537
494 675
66 26
875 735
949 57
929 73
444 480
86 278
671 259
866 341
126 427
579 801
1000 553
788 363
255 448
719 947
500 970
36 693
579 932
708 816
613 495
895 83
953 558
202 432
710 11
192 232
679 746
676 179
344 497
404 315
416 127
666 241
575 403
388 148
349 464
597 117
877 979
419 499
942 759
240 904
77 694
900 786
105 721
788 199
90 505
538 696
981 858
893 314
28 414
908 371
629 248
150 135
943 121
942 853
748 946
169 40
899 73
872 599
850 694
640 505
240 945
807 193
848 629
90 841
633 812
777 969
627 1000
45 930
691 848
298 529
639 327
546 247
214 621
393 484
159 964
122 150
956 709
80 808
970 413
635 627
473 5
788 703
315 924
391 841
420 249
218 24
524 666
604 80
718 106
418 618
819 909
457 116
658 730
183 648
486 925
179 70
951 952
556 945
340 513
28 479
37 44
28 107
649 694
226 271
277 355
827 267
839 68
577 644
711 643
491 26
112 376
111 959
166 909
436 589
83 381
716 993
246 982
729 997
860 622
116 851
476 792
636 778
67 451
187 825
470 395
174 240
837 128
104 512
99 194
449 619
538 42
35 108
192 122
877 580
842 992
494 98
47 287
313 77
372 871
469 232
920 397
138 995
830 794
453 161
521 32
476 992
892 136
180 913
931 798
194 740
286 266
271 932
969 461
648 338
565 738
188 322
549 292
686 114
778 50
83 737
811 363
932 56
782 523
90 63
563 172
21 54
91 68
47 604
720 846
96 9
494 397
907 905
348 360
22 644
782 189
811 217
965 766
770 556
7 254
728 848
245 181
519 572
358 167
585 20
790 93
637 569
631 339
216 737
524 625
694 792
80 148
681 683
294 381
180 157
832 2
737 41
308 384
834 882
439 814
703 866
745 759
85 105
164 864
612 543
908 915
381 26
697 293
519 835
628 157
35 210
891 770
747 90
501 342
231 296
479 912
807 76
721 406
680 458
254 500
858 942
977 110
143 159
78 840
192 397
682 954
164 581
284 127
670 430
149 258
833 20
518 879
982 769
207 476
289 438
752 397
436 26
758 633
603 562
649 620
249 848
20 239
295 4
840 482
293 38
360 338
470 884
120 57
734 476
932 988
472 777
181 62
231 605
671 257
206 121
484 424
805 846
875 212
41 106
684 744
100 365
94 990
192 467
557 66
611 773
127 608
915 380
286 385
825 67
508 436
381 907
434 704
877 285
95 291
492 734
340 822
686 513
287 197
667 313
754 469
233 774
297 465
620 634
450 683
954 213
727 350
742 323
680 122
893 601
513 283
309 37
785 470
374 338
330 943
624 793
659 868
742 95
769 663
722 806
262 179
439 554
567 217
304 632
621 366
676 322
156 766
397 501
886 144
382 505
999 284
603 188
723 475
833 589
724 513
290 61
432 531
377 542
148 869
671 949
648 981
343 213
755 673
198 295
806 701
849 898
681 467
41 342
983 122
191 428
583 808
962 980
714 993
33 706
294 614
944 819
396 23
522 444
899 780
88 293
342 468
651 616
490 853
584 659
599 978
285 209
183 190
740 221
848 605
276 8
719 488
71 43
913 932
736 14
727 667
721 37
108 111
454 983
203 10
524 885
305 410
554 318
191 488
239 842
726 273
145 970
925 292
96 481
141 554
132 681
548 351
983 181
406 616
963 276
144 317
214 941
575 155
930 87
45 200
900 531
293 733
144 451
606 563
887 485
218 245
731 986
400 90
7 467
189 18
327 353
118 359
514 797
157 971
741 620
413 601
172 923
475 793
313 814
872 49
4 415
966 476
521 922
544 106
486 807
63 93
825 726
182 881
922 833
802 44
45 753
201 72
207 246
796 533
392 110
173 660
791 475
290 984
11 582
61 918
318 826
206 317
129 20
173 853
109 791
906 247
772 949
449 331
472 509
972 711
787 668
550 310
950 551
784 587
831 32
592 143
350 858
71 852
148 781
238 410
320 420
42 319
127 206
250 305
576 931
828 305
375 696
813 683
99 358
741 7
392 720
820 600
811 790
392 428
525 64
12 840
526 187
627 330
346 3
449 118
313 113
809 476
854 89
424 915
447 989
228 530
124 795
450 302
304 990
542 960
879 154
788 24
232 319
379 343
473 369
242 406
734 92
863 461
434 948
631 758
20 323
214 851
101 685
924 210
676 83
708 21
291 522
475 506
764 652
922 924
277 253
968 828
59 894
207 937
771 751
182 906
102 251
871 564
805 947
171 903
553 67
851 775
537 156
157 921
121 476
293 431
252 152
308 482
636 5
931 738
612 335
971 392
235 175
308 413
33 37
901 622
859 122
374 201
573 938
271 653
632 193
921 265
476 952
581 700
867 116
1000 485
382 839
916 963
211 950
390 695
903 230
656 219
431 490
964 673
390 105
262 884
725 19
376 726
893 48
476 296
709 133
795 865
882 785
997 726
56 817
968 254
490 657
880 60
376 702
651 296
475 741
742 595
113 492
831 706
992 601
445 409
157 27
944 553
277 493
17 842
783 38
355 263
207 571
416 861
147 575
840 113
398 220
272 643
439 995
48 971
106 908
690 692
206 845
325 924
307 360
245 412
540 25
690 379
596 668
857 483
841 518
376 570
808 134
173 393
958 313
916 955
691 169
277 893
358 750
50 607
101 736
91 723
227 223
190 798
458 240
739 820
475 61
107 8
727 303
211 236
467 33
885 735
695 510
872 607
1 60
956 2
229 845
792 761
770 257
892 783
999 585
195 185
593 558
806 335
42 973
85 388
435 164
507 230
276 682
193 697
351 691
814 695
177 284
729 961
61 109
346 696
315 446
468 702
18 84
633 527
999 942
404 174
210 990
560 928
884 781
235 60
707 628
580 361
492 221
870 115
481 600
216 37
239 788
176 629
832 749
504 993
678 90
147 228
293 328
859 612
701 128
114 530
283 366
148 936
533 130
769 731
445 913
221 485
317 944
589 555
794 989
178 169
870 926
637 28
755 636
623 788
239 853
793 386
526 957
270 724
993 21
381 836
991 563
378 289
787 282
382 214
596 358
982 456
836 112
15 457
777 668
205 258
422 650
853 516
650 801
478 728
102 869
723 98
26 305
812 726
277 189
611 451
601 794
541 441
583 26
436 584
381 670
155 431
426 915
540 930
68 56
840 194
900 123
788 120
48 608
174 696
744 107
181 85
264 361
304 763
460 681
237 474
888 808
627 992
395 905
987 489
643 135
429 454
172 662
38 983
1000 784
178 134
677 680
97 966
492 370
455 132
28 531
421 535
970 419
809 603
502 376
220 933
221 656
828 898
625 370
571 402
570 427
224 979
830 262
333 890
683 743
736 363
479 287
199 88
384 508
7 56
604 989
504 651
711 882
589 411
198 660
622 570
472 452
732 737
745 884
264 665
112 314
641 290
762 507
402 312
369 99
737 636
319 188
170 788
657 571
766 524
230 158
292 659
168 422
448 244
262 626
626 904
680 539
59 999
339 881
741 85
914 602
115 390
220 421
727 996
418 238
711 808
803 297
848 898
65 264
473 256
322 838
225 179
725 922
730 515
496 854
425 485
882 158
243 907
609 620
931 697
769 60
41 279
615 499
381 811
405 701
817 341
818 987
690 559
13 928
877 795
202 704
987 369
455 96
786 362
469 849
663 320
185 498
962 11
820 123
612 412
731 449
782 200
935 589
204 539
692 958
320 116
548 551
131 959
698 285
871 885
60 970
172 347
501 882
450 708
429 233
256 91
608 102
554 459
31 403
400 55
633 973
836 943
759 827
840 808
410 23
340 35
363 49
901 220
321 250
691 712
908 605
711 36
820 339
590 117
519 624
648 328
279 354
57 605
841 735
358 445
634 112
524 522
58 857
180 906
81 47
93 516
926 355
252 196
810 611
156 538
712 609
719 99
579 153
273 132
313 331
855 266
370 44
228 500
282 244
894 821
260 71
316 913
867 233
446 124
954 459
89 620
391 565
533 756
596 457
936 346
57 617
590 736
979 864
788 290
575 423
932 453
868 329
164 902
616 274
580 897
611 491
441 543
352 391
449 365
933 594
315 41
958 891
129 711
3 856
513 749
50 263
67 479
958 249
692 869
943 488
967 556
39 821
160 669
94 339
275 592
717 898
110 504
876 380
298 784
989 507
126 230
737 261
195 324
576 439
36 935
449 653
172 285
75 442
282 415
858 820
800 465
583 292
529 356
916 571
365 824
911 453
357 166
396 11
122 413
194 780
24 144
540 91
757 717
93 858
884 168
980 443
379 916
812 43
66 372
24 701
188 236
399 101
660 751
462 284
439 68
67 773
370 471
974 49
781 988
713 216
766 688
486 212
897 498
732 767
702 764
568 830
480 959
245 381
666 655
305 321
73 311
660 125
705 988
118 104
99 451
114 439
702 378
909 241
948 648
228 101
453 467
107 291
279 620
583 80
516 242
798 383
810 369
809 925
107 192
299 93
207 432
461 822
19 283
511 439
760 105
997 812
179 42
950 724
735 550
291 949
78 297
824 31
470 993
472 801
986 333
280 53
437 579
301 875
81 442
758 879
160 376
127 624
43 416
538 377
335 716
682 240
687 363
2 787
802 968
897 47
623 183
287 770
543 441
904 868
44 884
856 622
33 4
601 916
721 935
756 609
5 572
331 532
996 387
857 419
917 389
675 949
10 533
191 848
611 561
732 872
581 918
540 151
179 470
113 410
242 33
966 866
636 929
64 690
621 60
35 854
581 117
858 562
107 835
251 857
901 239
908 168
905 262
204 157
422 106
177 567
871 248
58 14
720 129
322 35
715 314
482 389
69 824
212 837
482 147
854 143
20 125
801 577
985 11
472 289
847 302
276 464
652 92
272 266
767 534
44 89
650 625
892 277
699 266
340 481
335 723
920 106
180 516
773 689
121 744
690 980
164 149
310 525
680 417
575 483
708 30
998 657
286 85
1 554
994 804
418 129
660 50
695 267
946 720
557 377
371 300
638 598
712 132
728 23
385 356
370 154
345 411
726 593
755 118
267 625
642 858
671 392
428 8
26 335
987 18
102 99
691 897
675 830
444 188
108 622
456 144
64 944
685 989
348 836
992 438
529 826
174 350
641 283
443 316
678 721
684 657
195 142
123 510
998 567
176 527
396 119
2 145
435 238
625 998
533 640
964 914
264 674
182 38
509 698
469 422
76 842
431 828
656 257
211 847
616 35
386 160
222 137
433 631
549 154
341 426
460 499
552 831
395 776
857 635
782 247
417 483
733 958
519 460
187 179
606 381
118 161
333 384
766 701
352 905
295 331
27 396
479 432
960 106
672 500
680 1000
294 614
91 846
143 563
411 878
376 232
58 987
899 12
165 17
884 490
536 677
417 159
793 496
488 347
962 170
22 812
221 400
706 318
438 526
236 378
780 590
173 687
87 296
514 449
118 372
989 123
873 819
251 697
418 64
114 561
688 71
556 651
481 665
116 482
430 121
848 394
277 689
481 634
839 331
605 803
991 488
922 961
43 387
7 502
29 100
192 938
688 781
598 71
549 776
91 200
261 803
299 758
726 41
677 689
723 817
163 21
652 949
867 169
8 77
868 988
471 593
601 72
820 334
473 11
391 971
781 274
597 763
919 876
504 646
476 292
765 901
765 13
609 708
767 589
985 948
897 246
563 258
802 618
491 140
195 845
786 839
944 680
796 394
959 436
422 130
451 839
796 419
481 367
956 399
542 711
440 37
232 218
966 95
966 654
214 101
298 307
113 118
347 294
57 698
89 373
806 142
672 165
480 630
694 489
569 349
961 740
91 986
361 821
926 126
661 482
832 763
672 447
872 91
832 87
943 958
55 463
555 532
754 913
833 967
777 308
2 877
940 445
189 325
597 680
571 614
45 183
690 89
213 1000
285 563
4 627
317 828
447 158
823 911
602 469
420 405
442 485
732 459
958 844
406 533
62 288
338 307
168 825
220 563
519 842
308 959
99 353
908 645
855 522
505 383
582 938
302 328
271 691
302 483
89 208
282 70
316 969
679 567
870 917
529 29
562 423
922 332
798 26
778 116
613 774
167 145
158 574
481 246
968 386
333 199
617 675
422 691
710 821
119 644
870 67
449 748
102 961
334 148
556 694
809 448
395 742
220 420
375 522
969 387
218 934
209 21
283 974
222 574
828 608
833 422
675 394
91 14
724 75
859 843
300 227
15 540
820 76
65 751
119 28
381 966
50 944
153 648
909 161
761 813
538 567
974 822
440 457
635 633
671 894
410 216
466 231
754 622
849 470
76 762
149 804
170 350
801 359
883 228
568 573
493 938
611 917
621 89
410 140
193 394
130 675
731 510
407 968
387 335
950 663
729 26
930 782
312 6
25 228
910 629
233 708
145 180
450 973
932 129
697 441
272 150
572 194
405 346
37 148
404 236
712 469
752 368
392 594
852 835
426 465
378 576
968 118
382 502
709 980
6 37
497 829
843 187
254 686
682 632
383 502
167 538
539 831
163 173
412 171
534 192
170 902
148 756
823 514
994 897
839 97
721 651
500 896
962 977
792 907
809 961
690 38
660 243
560 844
862 830
393 922
330 936
620 754
533 489
547 269
951 462
752 291
861 29
904 379
412 657
352 982
886 256
243 337
385 777
103 986
627 983
670 243
984 225
498 107
734 118
405 547
169 592
992 529
157 890
168 332
662 208
845 619
144 631
451 52
681 769
856 999
896 663
266 682
118 440
171 233
725 321
193 851
175 539
8 784
82 7
224 989
283 489
870 199
139 945
150 528
81 136
592 17
8 922
945 37
894 222
891 789
115 37
336 308
487 845
244 475
715 321
960 20
125 319
88 849
386 84
624 954
11 429
849 865
495 285
474 463
168 685
216 880
368 305
996 803
713 300
6 702
654 104
874 83
251 568
1000 656
33 83
771 974
567 34
795 924
419 209
310 575
574 801
588 857
350 14
251 376
959 408
74 500
32 596
631 997
359 407
178 453
773 854
857 698
202 210
652 369
259 388
21 628
719 97
263 673
25 857
317 649
65 298
886 781
717 533
615 81
703 83
454 554
721 911
721 434
187 529
750 838
808 280
951 164
604 633
952 855
105 104
789 883
384 263
87 851
717 746
1 355
359 6
285 833
436 866
848 997
951 714
344 694
448 824
446 770
743 335
474 839
951 257
748 898
753 979
480 726
310 425
739 783
137 500
294 354
104 6
998 1
630 224
645 503
543 600
1000 376
876 960
965 693
75 885
184 279
649 540
553 178
150 355
521 127
600 135
340 270
208 288
496 5
82 766
112 674
630 823
545 270
126 644
577 133
918 248
479 828
956 55
381 720
550 280
83 333
1000 488
977 236
28 455
835 234
507 435
941 427
167 129
804 325
41 240
870 461
566 940
163 667
818 77
127 231
497 27
493 228
735 777
966 463
29 43
420 5
133 481
452 28
420 936
722 734
98 445
949 278
67 465
590 150
522 629
813 656
248 274
545 339
704 547
929 764
100 289
117 273
266 244
374 148
186 829
124 392
188 862
97 74
775 26
373 32
821 887
654 694
238 44
248 904
637 915
642 70
897 689
559 10
508 819
792 76
980 823
904 761
581 453
751 344
359 192
716 486
130 346
211 406
200 811
874 162
49 340
886 93
536 535
167 729
291 513
644 584
637 697
251 166
322 214
35 302
33 498
163 869
808 623
457 295
826 163
442 28
792 101
658 832
671 916
478 293
2 509
997 188
670 671
442 120
978 610
416 441
705 970
277 982
387 220
796 204
964 54
897 402
10 780
407 740
265 323
365 165
395 92
561 41
916 929
694 23
363 304
565 454
750 555
572 401
415 698
702 870
306 636
722 366
625 383
141 832
970 41
580 567
389 754
351 569
705 83
94 659
652 835
438 350
306 686
971 426
725 27
276 575
225 29
342 76
204 109
977 646
356 980
936 62
483 610
35 57
821 438
129 167
45 655
46 465
505 434
511 3
536 386
728 621
362 786
107 72
440 216
917 866
396 444
713 416
130 282
157 561
926 709
21 529
203 221
303 367
21 140
316 943
989 113
952 100
604 776
461 676
862 85
190 217
677 922
496 253
373 741
675 895
134 539
114 199
832 315
394 38
829 545
328 565
832 873
797 554
824 533
710 814
768 15
355 913
918 369
27 208
836 685
648 804
571 607
847 971
729 721
308 922
77 501
729 422
861 511
228 710
127 942
924 268
193 213
593 848
313 610
556 651
486 589
662 294
734 714
640 765
502 42
876 320
621 369
584 881
571 111
427 771
920 935
228 840
880 160
547 504
790 385
750 465
785 332
850 468
114 577
812 209
953 667
17 88
634 556
106 317
667 428
248 243
66 901
932 625
766 356
667 314
12 945
558 651
276 853
322 326
398 504
526 362
18 641
914 314
371 416
940 986
330 730
107 601
114 857
234 721
191 53
106 378
217 655
577 924
444 212
497 570
705 370
620 817
713 909
601 870
624 86
362 743
913 918
436 955
650 747
282 436
628 232
125 918
943 462
386 202
56 824
250 300
988 613
242 168
225 898
936 744
849 789
108 307
356 113
694 986
639 522
355 687
483 36
78 22
703 981
701 8
345 471
225 930
13 262
653 339
52 183
612 624
207 391
835 398
147 165
149 468
374 829
806 785
480 465
690 70
255 592
191 536
324 511
425 710
240 798
40 5
746 127
748 531
96 671
876 38
445 83
557 756
613 570
472 868
531 973
862 694
145 894
681 781
990 291
506 658
152 106
360 827
349 268
562 561
628 248
321 886
144 10
960 245
329 431
963 155
411 890
803 557
307 753
902 253
62 647
190 337
668 144
77 543
470 994
581 48
693 770
351 389
89 110
685 155
362 654
168 312
254 453
137 417
764 491
212 320
45 389
336 516
535 587
828 21
794 875
803 287
428 432
893 284
972 303
363 430
306 31
973 438
311 672
12 760
724 980
683 198
633 152
823 19
992 693
682 404
884 897
223 540
277 693
68 978
170 414
260 409
497 761
43 639
12 974
894 805
65 57
779 402
119 833
383 463
240 628
37 557
848 608
675 156
278 930
745 988
264 412
545 913
469 828
512 496
24 172
862 343
865 894
70 720
226 862
414 868
755 823
336 360
780 760
793 509
344 961
10 44
503 883
821 327
285 127
138 479
574 854
67 933
429 999
91 470
47 830
550 630
387 389
246 265
80 325
956 928
831 627
304 548
486 325
973 827
626 203
367 944
712 65
802 174
380 507
966 315
393 343
296 687
458 746
263 465
588 487
775 58
462 536
404 726
372 916
999 380
733 70
204 158
839 640
879 762
959 579
724 906
275 747
586 432
780 135
706 994
826 672
893 111
339 559
983 312
142 832
644 684
811 60
82 257
815 131
268 424
876 305
465 381
593 329
790 569
851 861
43 789
495 802
980 744
367 717
133 923
795 780
587 84
426 69
451 980
482 34
278 728
974 709
918 332
935 283
991 342
497 895
130 243
884 906
683 94
25 161
164 960
613 973
821 325
916 578
392 563
17 427
936 541
659 523
651 794
208 303
96 654
714 755
972 596
322 214
604 704
564 682
472 969
636 326
795 279
68 939
839 681
100 541
181 697
705 973
345 222
439 143
237 421
793 409
285 894
612 901
155 887
248 825
286 875
978 56
163 723
319 500
295 318
427 413
916 355
59 669
304 70
728 189
20 806
217 925
713 648
342 869
741 854
514 611
718 704
133 693
300 145
590 812
687 399
431 374
846 901
899 257
10 186
251 445
374 474
644 471
908 384
423 14
890 428
964 592
775 636
805 751
424 673
369 729
17 645
516 697
735 648
757 975
765 295
953 230
608 233
881 461
577 695
356 545
254 837
731 172
609 811
43 350
286 799
403 557
766 29
521 903
129 512
491 127
691 893
430 499
894 667
388 682
755 824
215 33
314 836
302 248
655 868
206 994
635 740
515 89
518 848
366 393
828 581
316 641
788 350
227 996
357 346
776 586
876 421
715 356
869 290
249 621
338 354
672 946
244 553
872 746
653 981
79 998
20 851
930 382
861 118
748 882
560 964
284 599
849 230
138 348
505 994
445 619
946 378
382 993
70 737
179 252
43 185
493 840
973 893
905 185
558 208
161 147
912 710
30 452
533 651
608 615
670 951
994 317
660 394
353 502
726 842
583 808
71 164
54 235
380 579
246 127
761 784
860 713
414 823
656 876
520 570
234 300
715 106
981 566
556 872
251 713
453 433
751 96
310 10
149 275
619 697
856 401
552 229
523 9
797 437
707 29
604 374
877 426
318 657
640 197
558 99
43 477
380 255
96 69
257 605
409 924
326 972
769 572
443 12
500 374
70 734
869 948
726 956
166 25
591 629
897 738
35 410
658 49
254 516
374 245
21 127
345 983
308 316
756 235
753 95
666 524
298 306
243 507
991 157
100 553
60 257
172 581
8 650
729 199
89 40
722 509
330 26
301 488
683 651
667 846
824 458
309 747
784 395
817 855
565 181
921 725
322 474
615 835
550 532
982 657
869 870
661 519
957 66
241 862
560 355
983 110
953 755
40 876
561 363
382 924
486 318
249 979
801 937
13 614
443 681
848 731
954 656
937 622
321 371
857 129
1 642
455 189
650 642
761 617
541 589
385 937
661 772
657 50
948 250
830 232
859 824
783 388
397 525
146 425
559 42
162 963
177 777
769 829
679 915
379 271
725 412
591 203
823 217
446 619
581 437
316 872
494 254
228 147
165 553
96 443
760 156
686 632
387 385
187 726
759 588
866 364
519 925
67 677
11 901
672 884
500 170
375 955
749 30
514 763
886 49
45 213
230 57
545 356
116 890
83 407
629 892
936 790
732 649
202 94
105 473
721 791
710 374
880 495
863 708
873 264
719 751
288 502
386 527
575 233
83 805
401 674
548 99
219 216
218 926
2 81
628 815
247 25
395 245
209 950
822 105
66 223
833 227
823 532
590 623
282 455
260 883
579 200
102 642
480 696
937 637
57 245
832 514
748 452
223 670
374 90
435 415
945 513
891 49
532 654
497 177
613 358
61 620
159 664
743 354
961 463
300 274
551 625
641 99
257 550
546 844
633 285
470 302
528 86
676 886
893 363
916 195
667 672
376 851
875 593
562 843
358 79
201 507
466 542
365 824
884 568
106 904
420 222
281 902
969 682
153 81
825 774
263 960
242 264
999 995
286 25
110 381
838 432
470 211
495 579
861 311
320 237
582 502
701 270
790 479
689 184
845 861
585 912
797 675
946 977
356 29
771 551
848 834
146 597
849 52
844 157
333 953
331 98
606 439
914 699
888 137
824 255
173 392
821 300
252 247
929 231
103 638
734 518
67 157
547 522
694 34
174 720
872 143
693 461
702 385
720 949
160 564
82 853
10 370
703 332
29 705
563 16
352 392
567 596
508 215
890 586
683 849
40 625
253 447
77 464
470 896
61 580
946 576
744 727
202 861
280 688
661 979
26 774
734 206
558 767
488 980
768 77
55 336
159 541
224 412
637 788
506 571
90 667
626 953
309 950
551 579
474 514
609 198
981 71
470 711
847 478
938 686
420 45
843 116
728 454
588 743
722 935
207 684
52 524
299 443
764 906
275 948
888 434
801 586
150 897
852 122
336 204
208 152
117 776
158 425
734 902
129 919
289 985
970 894
181 244
39 734
129 328
114 989
69 551
866 174
117 14
256 581
423 119
131 445
48 503
658 156
851 538
402 887
315 862
347 179
680 415
306 102
571 798
239 868
127 274
396 190
228 495
72 912
769 72
450 323
593 341
368 128
455 288
375 513
941 836
266 326
926 963
313 715
429 560
879 338
991 823
368 190
742 87
545 449
349 11
70 449
897 768
55 174
8 780
751 794
649 136
611 980
836 923
653 319
904 284
134 758
1000 198
106 997
577 389
873 48
456 559
951 677
522 445
868 262
105 508
339 713
815 804
320 396
645 579
677 417
238 337
782 184
328 363
901 200
217 980
336 356
815 59
200 519
591 15
590 654
723 773
434 800
360 379
354 664
999 535
280 452
269 813
221 188
493 600
880 971
250 680
337 208
213 507
699 669
176 913
838 335
654 956
636 419
16 222
844 859
17 71
69 244
357 137
367 494
769 248
71 462
268 580
610 512
296 564
895 146
536 109
393 90
353 515
297 501
282 344
404 973
840 153
182 755
39 187
895 310
340 368
481 553
48 965
269 45
48 378
311 608
61 861
350 830
208 100
534 103
925 135
167 986
574 219
812 745
888 638
326 239
5 524
436 901
796 848
105 426
579 996
806 571
450 821
509 754
538 336
19 978
844 483
334 613
435 741
331 181
572 123
643 143
799 280
939 130
630 131
297 480
117 550
117 282
931 591
464 344
825 331
780 521
97 389
312 827
510 755
779 728
380 47
315 625
562 734
69 17
505 266
230 843
5 690
845 862
984 905
452 171
916 224
312 337
547 610
801 913
233 320
242 878
443 95
886 163
865 805
95 51
887 313
798 470
78 122
136 763
10 4
34 188
37 650
295 772
241 672
565 784
816 891
707 418
394 39
448 754
566 892
813 425
805 405
80 898
971 126
504 620
520 905
282 642
575 447
678 283
306 70
709 453
503 755
896 818
119 728
975 189
651 538
879 346
241 248
426 246
8 471
708 829
783 627
237 307
874 777
907 101
3 814
433 800
374 933
868 8
369 39
60 792
389 944
972 591
767 16
573 245
148 451
568 825
57 150
461 8
327 881
208 154
534 562
707 407
420 683
645 81
591 244
171 901
729 919
713 944
910 829
362 167
622 437
369 811
832 746
38 789
220 181
776 16
369 355
643 383
566 413
512 615
391 474
628 610
786 210
727 36
327 533
458 111
427 895
437 691
267 149
390 256
82 750
786 538
970 333
738 635
806 480
446 380
51 275
2 279
715 196
672 128
328 833
744 750
809 39
700 764
29 316
45 548
221 546
45 815
731 45
412 736
940 961
269 219
59 466
599 333
631 831
946 218
497 972
511 894
952 480
446 517
603 434
379 185
605 594
194 693
100 428
412 522
571 914
456 535
421 930
405 770
144 563
262 78
31 143
50 796
166 702
331 621
503 763
341 841
669 976
114 246
135 231
691 662
716 789
937 133
917 274
723 38
159 356
53 821
394 51
945 584
15 295
955 555
501 506
404 605
753 55
618 620
293 798
103 487
444 145
353 269
86 332
64 83
615 593
106 201
804 841
429 66
617 261
864 152
844 525
235 425
868 943
759 758
755 967
697 295
102 683
437 639
225 791
559 327
164 439
807 229
449 92
783 138
274 641
258 708
90 142
793 885
383 837
511 187
470 275
476 129
700 877
320 779
643 865
906 394
965 514
629 450
808 167
739 170
824 263
232 622
330 424
985 443
271 755
544 494
194 46
952 599
23 36
722 410
804 551
364 103
821 945
885 199
268 591
756 990
346 895
431 907
836 698
911 116
325 597
207 262
581 845
115 647
783 424
704 72
904 661
953 204
820 869
747 198
349 230
625 664
909 843
169 433
530 884
785 229
220 395
376 550
387 124
428 556
325 582
991 838
211 693
697 274
284 399
529 293
472 731
723 112
256 464
387 843
455 446
397 191
402 108
950 181
396 486
389 220
689 684
304 476
81 802
601 348
957 690
69 934
135 559
638 833
422 14
114 639
718 233
593 254
459 146
814 429
482 589
742 756
707 820
75 753
28 513
869 120
821 681
261 203
461 113
32 616
430 147
49 607
633 530
704 833
318 258
380 55
707 273
741 837
517 739
216 452
243 986
382 88
682 597
572 523
540 248
815 580
698 358
994 301
773 208
87 816
763 122
517 884
584 570
2 736
814 972
832 199
946 222
104 610
514 814
297 549
816 789
307 3
169 496
17 902
974 982
78 885
858 126
180 297
314 222
463 171
438 769
506 486
763 103
176 749
141 580
389 351
301 545
385 285
63 787
570 91
979 796
341 705
389 484
315 150
737 320
215 687
391 325
617 707
784 162
120 534
132 273
620 598
365 282
23 890
159 873
909 60
678 354
245 867
181 207
319 101
464 549
570 94
877 24
600 192
47 868
561 844
73 387
326 897
741 585
465 543
698 940
427 147
336 139
958 903
755 887
849 280
670 912
868 103
89 557
508 121
756 715
755 964
764 456
541 782
716 217
568 696
438 379
600 653
401 880
925 158
903 933
21 403
101 766
510 204
590 347
908 150
104 904
286 791
765 51
485 618
603 230
75 612
73 445
126 681
515 747
896 685
252 368
160 141
616 425
74 137
302 3
856 534
594 522
452 148
659 399
893 124
43 931
737 648
756 579
329 974
364 963
494 200
819 840
755 862
962 283
852 429
993 676
546 872
838 843
34 726
321 952
182 819
843 866
506 980
753 136
472 168
921 826
812 37
869 327
736 808
382 117
603 401
360 976
566 723
289 822
382 979
802 382
451 245
673 828
973 719
15 227
911 744
326 505
556 599
496 913
806 422
530 417
40 707
957 391
439 789
208 40
657 775
955 930
929 857
879 175
598 442
308 410
493 526
497 979
744 411
336 179
768 83
830 487
642 122
580 82
979 476
813 971
475 197
566 814
140 464
212 50
487 585
803 991
618 704
825 823
929 381
195 783
948 992
1 702
325 975
886 40
816 537
898 420
745 754
837 420
373 498
595 741
31 75
997 746
13 337
671 388
948 89
898 167
256 202
8 593
987 830
606 526
753 912
67 989
504 720
488 729
173 72
913 255
25 477
936 149
19 424
359 247
410 93
884 738
874 471
124 959
39 206
363 711
444 708
547 857
539 131
464 888
689 175
470 69
276 929
727 316
806 444
776 827
935 865
161 30
458 835
402 538
840 354
275 504
982 414
37 594
899 642
648 786
116 186
28 347
434 226
839 363
524 469
786 666
606 105
771 770
434 352
921 801
171 258
649 203
505 90
147 993
712 629
346 134
457 634
611 97
149 332
184 946
938 113
366 48
925 56
326 450
847 540
338 956
866 28
203 116
556 626
604 908
205 560
861 839
134 774
411 541
62 553
385 129
322 649
356 959
361 71
198 551
101 934
318 757
408 53
470 714
45 247
434 566
482 288
59 145
123 139
238 13
982 537
723 64
626 528
806 945
594 597
711 941
174 475
99 243
932 19
709 196
849 521
17 415
353 238
134 873
269 574
873 108
90 218
84 14
2 759
460 807
380 955
36 430
459 356
559 462
579 216
250 435
623 265
692 302
151 67
855 448
35 146
576 696
903 199
363 511
90 567
895 267
625 395
914 16
300 59
195 268
881 696
388 532
128 135
147 48
636 506
15 692
357 925
341 1000
890 798
508 707
368 598
194 916
938 861
395 401
347 998
710 176
628 454
676 370
341 475
961 866
347 172
631 924
3 674
974 319
937 62
399 500
243 989
829 516
747 64
759 703
303 139
782 933
607 15
272 14
546 124
358 291
615 156
368 334
286 397
684 564
678 374
473 84
213 764
513 407
474 646
702 363
285 371
955 174
966 519
360 577
555 678
566 135
921 376
687 333
171 821
428 878
531 993
136 814
754 999
504 633
264 340
286 332
529 930
855 320
816 729
700 456
365 445
727 325
132 56
496 638
733 416
377 526
428 628
478 186
181 71
90 817
820 381
71 806
502 859
918 325
374 527
560 305
629 808
286 658
80 124
858 997
294 73
278 78
920 879
346 870
146 620
927 222
66 155
304 957
433 870
633 493
522 553
212 762
619 625
60 764
437 228
828 984
471 540
687 380
788 932
700 584
34 206
561 939
160 755
70 883
224 134
343 21
966 370
379 621
736 656
277 253
241 482
271 118
848 214
74 213
15 943
723 510
422 287
761 108
124 805
180 10
187 18
814 242
900 969
998 594
765 493
361 843
27 380
310 172
419 794
192 499
160 384
454 757
308 241
731 840
959 757
489 958
59 916
808 922
746 364
824 479
253 475
271 174
675 510
501 956
588 701
122 836
550 813
80 572
375 681
673 508
735 919
455 982
449 387
991 314
487 312
883 192
223 165
256 524
207 349
805 345
307 989
380 328
40 319
449 444
27 938
85 737
267 590
902 809
511 833
193 863
185 754
872 108
855 340
442 617
675 679
190 315
290 575
352 364
523 404
600 143
549 629
325 256
194 167
726 995
189 593
238 261
87 777
640 58
835 462
110 589
113 986
17 775
702 511
581 498
89 293
676 478
24 795
992 394
930 778
365 971
496 748
795 438
244 992
931 131
707 492
870 454
339 942
108 814
132 903
470 339
213 181
629 212
133 499
821 727
489 927
5 171
15 302
850 965
239 915
720 502
865 358
760 935
213 69
999 317
980 298
420 393
680 324
710 539
300 454
383 248
649 204
716 362
764 24
294 116
172 152
691 565
764 578
101 557
114 765
449 346
883 974
59 455
297 93
63 740
82 899
70 384
228 803
841 901
186 434
363 288
295 203
93 752
541 497
30 715
810 491
726 284
773 334
298 746
584 961
285 314
237 505
493 661
494 920
30 60
214 697
34 376
680 351
106 383
115 932
876 294
177 316
131 805
64 481
574 780
944 628
260 913
69 796
494 968
462 71
291 453
476 965
946 593
99 600
223 413
263 129
867 176
114 257
778 542
748 970
111 91
722 190
676 912
91 825
657 129
787 544
40 981
624 300
526 496
241 548
195 949
250 33
159 999
218 742
44 568
150 614
225 696
667 785
672 918
81 93
387 193
896 547
761 596
963 926
183 586
286 268
493 856
105 992
968 137
773 606
617 458
20 296
176 548
118 770
260 17
606 450
630 298
95 810
417 782
905 110
910 668
685 481
56 150
905 385
390 127
137 691
44 553
326 568
479 617
488 127
798 541
567 775
763 826
650 50
739 225
93 137
302 428
372 829
990 135
921 787
679 147
66 823
249 253
246 215
721 799
565 336
602 81
608 145
857 674
336 553
949 515
500 973
877 395
26 569
322 282
101 291
777 274
424 866
665 931
556 84
931 840
355 40
415 962
848 817
718 967
876 716
651 110
528 181
709 886
564 556
632 85
864 748
603 949
472 796
569 680
484 370
322 465
770 922
444 166
702 600
857 536
985 828
218 210
584 760
100 643
35 962
435 821
54 246
11 589
150 274
608 971
127 746
904 44
993 500
475 131
195 164
401 607
906 218
571 453
374 969
213 274
566 670
238 744
602 597
442 348
400 532
935 992
570 726
225 516
955 332
775 577
230 744
73 567
729 110
290 732
153 896
156 532
423 102
246 151
759 32
877 759
647 284
425 158
510 214
760 234
385 651
364 120
241 417
484 297
283 916
163 672
864 695
858 134
458 500
390 426
267 328
666 882
717 363
495 985
554 99
814 24
735 447
544 683
310 676
438 945
487 637
873 918
552 403
598 432
756 864
211 373
634 208
622 153
259 600
869 540
207 461
18 191
877 785
185 869
417 973
886 627
745 222
511 37
851 910
198 131
821 842
596 844
764 46
637 10
500 420
672 398
562 749
705 429
798 293
135 364
12 394
50 57
69 508
294 11
604 737
237 158
849 560
859 996
251 697
79 53
899 326
451 611
751 227
915 742
480 570
761 616
29 543
957 781
560 556
223 207
632 256
33 287
84 766
286 98
795 78
521 35
830 594
912 247
627 800
363 384
720 626
350 825
455 728
185 673
860 477
849 868
75 290
47 680
236 679
839 421
72 192
479 826
533 976
893 113
207 681
985 691
83 565
499 270
730 97
880 260
705 894
416 891
604 838
77 268
808 676
315 801
290 209
402 969
335 320
270 882
800 311
688 879
955 795
711 124
345 560
664 36
948 792
79 300
194 422
789 300
720 135
953 810
736 1
128 350
254 691
350 792
897 963
41 838
307 935
471 656
871 337
338 920
287 671
352 950
869 860
434 442
479 417
208 724
698 693
477 72
613 954
730 779
84 707
796 460
357 114
510 698
877 185
539 737
334 151
562 470
838 912
955 142
406 49
64 443
686 887
176 725
98 398
344 933
718 50
866 546
567 726
16 213
138 19
106 618
919 651
655 959
121 468
589 700
14 831
695 591
413 980
934 948
786 798
722 715
492 670
505 35
801 228
365 546
622 667
357 944
523 35
530 121
806 845
72 922
535 617
232 269
533 426
591 222
281 59
466 910
816 182
270 563
945 167
27 259
215 448
571 753
562 429
661 777
883 724
290 410
414 761
647 344
839 22
355 433
993 697
935 471
935 377
311 570
786 307
40 142
643 687
608 276
220 950
843 259
981 655
241 732
578 512
906 493
930 773
364 890
215 199
531 82
282 617
344 693
268 116
620 882
608 717
70 139
524 354
829 538
138 202
49 7
884 136
764 360
60 320
413 32
758 952
661 337
198 481
476 54
754 547
113 611
413 76
631 877
846 320
347 40
39 92
913 160
877 99
110 530
522 626
110 653
72 451
565 835
170 464
620 950
495 27
501 623
406 13
715 879
990 655
427 1000
954 843
979 5
548 883
837 671
300 32
374 357
681 75
223 425
243 798
213 931
447 328
804 890
844 963
78 298
612 42
205 286
407 702
953 909
727 861
869 311
511 780
897 677
252 585
248 116
992 818
147 608
334 215
801 199
180 816
764 332
227 28
947 243
454 360
854 383
229 755
753 628
11 610
800 156
140 706
416 311
976 547
591 724
788 861
668 673
823 667
412 792
340 216
390 496
572 808
464 838
498 181
290 624
859 680
937 425
100 840
706 264
441 249
811 39
764 675
197 513
733 94
382 894
538 241
354 922
497 761
525 235
948 574
72 112
800 16
871 597
722 840
383 412
931 128
884 931
167 593
594 196
639 94
352 116
636 691
597 789
131 448
161 308
289 501
973 428
736 419
166 235
404 718
910 193
818 606
806 641
724 88
54 564
762 578
143 38
285 750
396 577
825 11
99 43
83 180
425 857
969 45
86 552
172 334
706 875
265 585
13 478
285 165
987 260
457 625
106 260
858 455
890 804
84 883
894 687
154 309
369 333
518 78
351 913
651 946
202 318
440 677
538 679
217 955
143 648
185 442
929 148
202 489
426 714
554 525
169 101
25 746
888 372
269 43
318 135
700 455
497 140
524 576
70 457
601 871
891 260
497 480
742 112
970 488
462 526
134 381
961 28
714 871
81 268
603 526
239 443
493 775
52 745
739 183
916 969
575 372
631 945
530 197
334 675
921 886
474 713
268 250
111 587
879 983
608 487
678 368
17 383
383 890
217 426
460 832
719 43
90 320
219 550
487 405
560 414
408 351
735 119
47 180
705 192
263 361
222 737
976 488
453 659
592 50
387 323
276 509
193 914
452 761
222 695
882 893
590 698
974 496
608 118
166 192
527 624
921 298
573 127
285 392
804 14
568 846
410 629
549 253
295 871
934 542
167 377
276 450
893 604
618 703
713 306
520 568
143 317
685 345
585 12
195 973
1 341
894 409
868 467
765 632
466 324
895 73
348 872
220 252
318 656
26 135
672 847
81 449
234 289
774 592
222 201
794 393
500 245
113 918
420 259
114 864
29 578
663 199
216 722
427 527
469 236
883 211
182 563
870 468
315 180
464 822
297 597
51 876
628 259
447 300
396 469
8 300
427 702
947 562
247 281
552 601
221 791
683 882
402 481
762 57
685 964
614 556
351 523
235 367
542 163
350 603
149 516
710 382
866 456
184 201
306 378
387 618
375 118
394 598
376 41
884 445
61 664
164 925
472 412
549 22
251 19
515 693
183 633
605 581
414 395
479 401
48 215
37 847
381 58
682 646
423 614
560 152
628 515
396 183
510 99
248 934
410 53
747 390
342 101
249 575
338 805
870 806
721 409
755 315
804 532
15 728
82 942
171 320
634 725
224 977
892 127
242 457
610 245
601 572
829 740
443 235
723 524
529 412
768 668
550 227
696 376
865 906
372 729
688 779
519 237
723 944
979 653
668 673
606 385
514 945
488 662
780 635
762 154
802 526
40 264
835 459
708 591
275 67
281 946
856 788
789 196
203 95
645 889
969 116
841 425
708 132
838 554
105 225
852 820
230 562
162 461
232 129
136 422
248 351
619 121
884 411
286 118
14 23
894 151
963 643
320 710
914 727
837 365
364 572
998 22
417 868
865 587
18 330
681 11
405 648
93 621
324 456
636 765
973 528
746 554
528 54
465 180
430 339
754 412
167 509
890 866
187 773
442 852
359 538
738 815
579 336
90 58
338 67
708 288
715 826
5 912
565 94
745 952
65 153
311 816
315 271
221 520
862 639
843 411
25 427
527 99
373 117
464 671
917 323
404 500
880 793
871 391
984 642
769 920
774 207
777 533
815 659
706 875
825 175
880 835
142 118
24 195
658 966
821 373
959 641
232 193
421 943
49 521
79 563
917 730
127 223
497 582
860 793
500 117
971 199
261 906
142 484
499 944
206 715
638 240
76 733
630 251
957 221
546 92
965 66
364 70
804 863
267 977
874 738
308 376
810 879
216 437
797 687
789 223
274 812
619 436
327 850
772 25
85 514
257 888
370 816
444 736
735 50
734 566
597 156
990 405
26 587
513 893
950 24
823 282
537 681
571 21
548 547
19 397
694 566
504 368
255 496
573 77
448 779
86 589
61 733
755 379
485 541
218 799
379 736
463 290
916 98
101 844
320 610
381 570
186 504
36 587
742 28
774 572
713 636
287 854
559 940
627 321
262 463
862 131
1000 847
579 694
894 815
213 31
618 883
516 76
719 834
219 230
848 84
413 803
342 330
898 715
988 706
812 548
144 491
639 212
367 86
838 39
800 400
320 840
581 251
174 721
162 862
283 315
430 496
382 466
178 267
196 808
691 93
914 162
13 643
734 612
848 320
930 342
945 11
641 929
72 600
971 372
26 573
194 457
501 444
612 311
534 590
461 889
439 427
40 996
942 451
763 457
772 2
907 618
160 560
77 134
331 955
201 184
836 604
26 474
827 495
619 72
809 569
197 443
744 773
84 269
705 130
544 146
536 829
909 893
403 198
276 410
483 606
105 377
618 895
55 114
11 44
523 693
495 700
524 156
365 426
777 930
243 249
241 288
802 352
980 107
452 713
56 425
830 765
277 639
4 834
135 195
64 911
791 107
41 969
77 326
274 104
172 677
918 405
901 147
417 143
174 596
745 494
678 967
64 199
115 390
445 881
385 361
397 295
358 382
931 984
185 579
569 598
75 764
927 728
673 154
925 239
839 37
848 107
352 107
312 498
972 230
907 394
475 717
822 701
346 795
13 684
856 55
437 556
922 723
526 139
702 60
682 609
547 358
732 622
879 515
877 226
521 37
76 212
746 412
690 275
656 380
801 67
866 789
139 28
882 646
984 2
777 599
975 713
639 368
52 37
370 421
283 549
913 796
179 262
526 676
462 724
743 43
659 405
520 187
69 222
959 866
625 116
763 923
429 727
587 981
955 561
89 217
934 24
562 211
557 647
188 176
738 551
133 966
209 279
217 638
450 755
384 82
20 773
802 25
888 949
148 712
438 871
793 297
897 315
391 783
60 685
866 28
461 147
932 848
145 944
654 819
639 845
12 284
497 462
7 472
185 762
39 88
760 740
37 81
313 627
920 383
797 875
800 523
415 238
701 923
474 317
242 955
97 515
36 498
122 749
950 442
78 928
752 118
86 486
187 120
713 680
907 428
627 662
111 733
162 205
77 658
932 336
761 386
64 501
687 503
563 884
768 592
317 964
929 263
903 490
818 170
967 87
916 893
165 588
705 493
17 344
479 193
13 478
606 505
579 408
752 296
818 116
999 350
26 421
172 805
731 858
770 963
81 204
371 98
669 255
435 855
829 602
485 990
831 363
259 194
345 535
910 131
739 336
65 628
316 767
608 582
127 752
96 13
362 923
657 327
821 299
244 835
970 825
977 807
50 545
216 15
3 401
232 279
661 279
364 123
472 54
52 256
233 284
829 318
628 160
572 60
476 243
893 918
513 822
414 721
281 797
564 906
824 897
904 215
582 52
813 109
462 506
820 622
344 430
340 107
143 531
978 963
13 546
158 934
96 632
568 374
878 566
178 677
850 561
786 96
129 643
921 763
164 231
294 858
614 86
42 641
861 416
544 387
163 837
340 618
417 826
968 170
190 303
316 656
77 534
819 713
454 289
411 704
106 277
713 40
50 421
434 777
59 988
255 573
541 654
439 585
542 468
681 12
593 230
930 192
611 846
142 14
6 556
757 853
441 578
203 534
405 227
904 103
611 984
271 808
90 469
131 208
472 268
607 313
325 636
696 329
830 972
373 676
925 897
517 659
159 287
988 873
257 6
391 483
497 699
71 607
677 295
164 292
133 882
939 622
853 764
333 910
609 232
725 800
212 536
362 409
482 194
493 685
891 719
982 310
727 155
850 536
946 796
890 597
904 726
925 104
532 670
576 989
236 987
682 700
820 94
648 245
526 989
612 933
13 85
14 311
744 211
160 664
170 341
372 417
15 708
852 500
465 227
230 553
242 513
947 697
666 285
108 340
647 361
373 51
447 617
35 753
837 285
466 206
736 904
117 698
338 785
876 804
276 128
213 717
831 879
374 32
278 386
347 793
839 199
859 750
882 721
816 115
441 395
68 902
618 227
217 559
348 563
117 664
251 680
397 138
548 101
909 663
521 418
462 559
856 478
936 176
1 718
254 637
464 998
792 237
497 451
184 124
440 986
151 287
946 393
219 844
1000 267
971 853
197 743
26 376
964 57
22 227
626 642
242 453
934 617
143 794
440 199
786 313
530 141
662 215
628 379
759 890
601 681
882 709
404 166
308 581
37 267
339 515
258 712
88 374
378 899
119 217
668 538
856 427
709 34
378 418
54 858
468 941
762 766
374 530
135 607
275 145
646 709
688 217
604 146
382 857
965 418
347 725
628 652
605 48
160 682
653 576
5 564
955 119
21 714
247 553
253 395
264 452
723 95
574 236
959 801
559 438
67 493
87 638
622 427
117 440
283 271
161 178
649 63
671 757
943 960
593 366
155 873
921 533
947 765
791 271
348 541
638 863
816 808
513 285
951 747
911 394
213 46
587 195
655 836
103 69
397 742
197 242
518 796
287 272
681 619
766 953
29 661
771 148
972 777
166 560
90 202
971 585
439 894
331 500
97 991
814 125
930 603
695 320
428 747
738 277
34 111
654 947
562 215
944 699
155 643
249 896
226 439
864 964
304 571
715 312
938 715
830 720
493 617
343 728
399 449
998 844
321 191
942 387
703 814
14 426
28 937
438 49
436 361
755 944
43 383
80 308
977 429
661 476
911 439
73 596
447 238
315 599
704 50
379 558
567 533
449 992
209 135
148 146
151 694
627 690
708 996
732 54
170 244
483 254
259 583
93 328
471 967
313 988
6 686
736 832
575 158
790 146
600 650
991 401
524 567
317 768
744 22
23 843
563 628
121 343
137 112
810 942
430 185
899 961
962 625
84 359
901 358
808 118
322 889
644 303
722 486
734 326
839 337
896 155
717 329
170 945
259 475
22 600
341 476
251 582
745 866
52 515
871 309
575 69
435 766
436 622
964 839
334 86
945 606
563 566
257 668
211 811
811 763
33 393
414 670
727 741
314 224
702 774
474 985
874 976
673 87
476 986
806 354
40 601
948 632
321 401
123 740
947 693
780 966
931 416
889 501
680 583
715 184
922 368
80 666
252 799
883 756
735 125
856 217
218 290
818 556
556 167
440 678
41 61
479 667
469 210
65 258
243 828
405 181
668 536
277 75
323 795
278 735
604 865
803 552
951 465
70 207
656 139
902 744
907 461
11 21
24 937
696 607
174 79
984 353
981 105
769 358
218 321
452 981
66 478
455 477
296 937
234 925
577 137
953 1000
707 816
936 436
353 645
171 118
5 89
733 657
623 854
718 892
607 490
883 818
644 194
115 465
235 410
686 724
158 718
629 291
564 814
864 373
852 654
185 626
930 339
364 225
775 484
497 8
775 720
920 666
846 697
205 18
287 400
295 317
537 96
756 503
830 171
297 506
392 349
862 400
585 967
388 912
297 281
714 110
241 184
956 118
394 349
963 677
429 410
375 985
502 357
244 208
440 705
100 693
475 170
284 35
598 879
535 801
429 612
490 667
939 951
444 452
911 676
152 375
468 650
766 73
239 192
304 656
462 168
438 988
161 691
877 405
101 878
516 439
518 595
472 776
113 614
656 879
784 483
897 709
245 530
350 39
11 507
445 648
487 228
446 558
644 50
771 755
278 740
453 152
611 764
528 756
720 615
797 144
873 612
767 424
428 482
433 178
953 217
548 671
581 567
952 478
125 991
131 560
858 701
268 106
916 343
187 815
123 354
273 420
765 97
472 479
508 262
392 881
664 860
706 408
337 694
868 826
108 355
288 380
80 816
41 484
895 22
341 453
838 815
34 796
239 128
671 214
411 142
785 572
479 760
663 835
659 700
917 387
234 135
929 99
183 827
679 591
626 81
693 845
651 476
411 303
9 856
343 71
145 740
492 911
510 98
101 821
451 431
279 483
929 403
677 735
953 84
927 696
800 760
697 596
936 146
237 992
312 520
807 991
632 25
804 125
311 910
166 648
444 147
364 114
744 73
764 155
587 442
270 375
571 299
895 838
445 7
284 175
366 409
826 997
241 457
207 442
45 495
482 891
668 866
924 451
572 390
904 905
660 476
201 306
609 343
407 187
406 24
311 191
153 593
861 30
517 74
512 113
792 339
358 1000
908 591
966 117
432 290
141 193
528 900
187 13
468 192
619 618
97 277
318 398
148 629
446 34
671 359
910 716
421 75
232 654
267 955
961 209
845 992
874 132
188 215
650 190
641 266
790 941
223 984
662 833
629 828
83 831
242 742
855 877
207 437
468 325
100 848
676 357
410 997
973 572
234 517
147 787
176 70
689 908
492 260
537 434
711 13
18 980
352 848
10 649
191 314
736 646
208 738
9 806
195 330
443 271
582 761
16 993
690 616
322 507
95 525
735 151
237 338
21 594
414 357
396 327
304 421
743 384
671 672
379 25
199 685
909 48
336 590
143 733
895 180
527 388
726 957
205 871
3 366
813 251
153 573
132 246
192 254
367 867
446 48
350 784
91 723
545 491
847 179
799 585
758 266
180 866
553 761
894 199
766 238
652 982
199 171
208 147
544 605
622 648
956 67
532 133
313 901
584 484
799 473
392 954
96 829
157 852
878 953
243 803
154 171
325 83
277 953
809 856
902 163
989 73
270 570
779 207
758 489
539 15
154 371
880 118
197 859
635 889
192 182
875 712
452 137
597 416
141 169
724 196
242 614
61 9
513 484
205 549
315 353
976 136
923 509
486 726
752 399
39 691
468 700
958 693
85 579
294 418
730 651
294 881
737 250
333 462
70 43
617 829
323 48
318 841
741 994
508 928
621 941
444 735
854 11
382 680
859 773
976 798
985 234
508 191
518 552
21 176
817 396
527 888
25 885
364 477
615 201
992 707
579 148
235 386
848 421
913 882
871 562
651 959
614 457
271 26
199 354
76 774
565 934
957 848
173 581
365 661
444 136
722 257
786 350
388 849
766 125
733 839
157 246
289 954
236 907
704 538
515 135
32 83
553 6
128 355
818 690
677 791
198 367
718 839
27 244
997 425
664 533
947 638
402 494
597 536
780 682
521 681
838 893
773 677
669 206
141 890
894 523
214 309
631 931
929 890
335 916
313 49
231 459
130 872
684 105
424 857
287 511
686 17
539 118
595 982
369 780
697 559
926 908
434 689
45 55
160 338
766 318
809 212
251 711
215 838
928 246
381 557
893 524
758 990
313 524
393 904
439 892
641 28
1 986
242 706
512 698
43 407
986 985
296 167
719 940
814 320
693 170
475 472
842 925
259 27
569 402
996 196
990 43
449 197
566 804
136 42
882 76
668 628
799 599
114 446
199 698
788 265
600 823
422 944
114 181
720 535
568 674
147 298
36 756
336 559
906 213
851 708
88 809
43 905
957 23
933 131
618 943
445 851
155 734
690 918
570 992
212 934
370 162
31 847
26 166
110 780
999 227
764 356
624 239
916 351
522 860
362 459
341 218
607 466
504 491
287 488
219 93
47 607
166 766
157 952
812 813
914 833
105 808
453 3
658 359
645 99
94 713
213 708
314 38
501 836
316 432
255 518
17 578
218 723
294 903
331 214
267 716
583 361
706 936
926 748
975 612
872 925
229 343
879 731
292 176
336 291
585 951
508 129
377 739
56 843
519 811
809 313
6 648
260 191
51 829
312 218
323 586
973 671
907 429
356 139
252 874
699 449
197 995
388 82
168 281
125 873
662 277
369 752
895 713
231 399
103 157
815 587
847 344
453 764
535 985
873 875
964 648
73 53
165 283
479 59
990 845
52 259
577 553
31 592
26 696
179 109
38 470
763 651
417 6
13 995
425 212
1000 446
432 746
924 384
942 610
911 920
233 13
118 747
337 208
908 354
20 782
763 798
483 726
336 958
69 164
701 868
790 603
960 220
41 844
25 824
79 117
19 137
402 376
747 119
837 604
110 349
385 841
280 443
811 384
128 902
938 611
794 639
869 145
785 944
553 946
198 965
70 521
57 212
900 163
986 490
818 507
708 412
212 38
493 882
3 536
918 241
56 645
851 112
714 104
885 686
202 300
703 952
896 874
728 381
984 588
356 953
10 420
750 604
749 30
580 273
434 609
96 19
1000 701
223 178
50 866
143 543
510 853
420 765
396 388
76 905
281 916
532 250
500 379
207 667
48 853
308 464
249 648
452 404
80 332
690 42
387 862
728 968
33 780
799 865
276 228
209 22
139 731
994 132
683 166
801 142
151 728
482 556
1 793
353 105
636 303
527 720
922 268
910 515
191 652
83 578
149 528
112 892
527 871
119 593
906 878
627 825
831 562
261 389
827 609
491 932
677 776
819 467
691 21
411 617
599 445
612 95
641 174
302 595
68 64
577 36
995 702
835 248
146 148
546 328
291 48
321 966
206 573
765 218
665 367
685 850
215 516
289 749
685 728
743 878
335 463
228 115
461 633
277 857
221 188
298 571
72 368
550 323
889 220
287 146
779 44
567 744
314 946
525 635
118 999
176 402
229 456
411 108
899 896
310 519
464 284
116 742
517 503
123 5
593 910
943 523
241 904
773 357
115 106
993 786
21 238
146 192
859 781
643 393
253 301
322 163
292 5
497 38
560 234
121 596
461 473
322 824
799 534
305 605
944 244
565 127
112 368
444 946
973 659
237 786
293 169
290 64
181 1000
222 503
916 354
996 707
674 423
390 493
450 792
111 751
827 385
677 522
579 99
933 565
366 792
80 445
947 976
390 689
974 516
426 267
984 296
79 251
981 649
297 859
237 619
439 187
142 899
40 249
95 962
340 774
845 694
326 185
494 239
158 624
965 787
469 78
42 9
138 253
669 17
98 125
628 803
231 183
578 919
561 269
581 901
145 695
935 483
921 740
674 916
40 98
226 234
106 616
446 192
680 90
123 315
144 874
762 147
101 56
90 197
864 41
738 885
176 325
562 154
364 824
722 617
289 546
673 706
504 757
246 126
959 988
434 213
48 912
550 318
485 621
901 682
954 943
778 401
579 765
443 861
848 671
848 960
173 698
370 432
509 518
695 543
311 455
672 63
808 229
399 507
146 249
814 981
720 544
66 246
57 195
113 624
248 163
489 472
183 854
716 723
51 90
410 109
218 820
929 476
284 837
665 155
923 962
14 337
647 336
301 47
457 54
524 725
422 839
235 256
540 691
148 28
622 640
477 619
799 768
759 718
59 37
697 342
210 289
720 892
6 504
242 61
44 831
887 793
784 212
490 486
876 887
198 476
501 436
45 322
750 490
105 72
217 562
935 152
66 508
523 342
69 951
270 727
81 849
712 115
704 768
455 684
230 258
563 770
653 952
180 978
684 812
244 943
800 184
756 675
481 561
582 581
20 401
213 733
446 600
54 852
610 430
872 139
871 921
181 196
346 30
945 639
786 663
285 368
935 104
691 281
524 156
378 663
585 817
493 323
392 389
429 325
815 694
9 437
861 597
143 442
331 678
187 795
906 773
315 140
317 585
853 159
259 22
436 206
320 124
178 422
273 338
772 43
816 994
368 605
635 940
634 631
594 841
174 143
155 403
61 545
604 146
377 95
536 160
811 830
167 865
478 23
729 617
140 476
926 777
562 39
465 583
29 826
750 45
245 124
704 275
422 627
754 851
774 925
426 363
241 750
397 802
219 27
454 710
262 497
471 372
316 565
754 272
648 164
988 967
787 928
462 194
627 660
168 13
548 231
739 586
77 68
905 899
573 673
190 903
792 895
575 42
133 462
250 294
182 960
526 273
829 973
436 448
451 486
826 792
165 766
1 986
736 143
641 183
50 92
953 684
946 243
2 669
93 323
140 413
287 427
545 445
908 469
769 104
726 789
246 647
540 261
285 371
289 669
922 571
598 545
596 369
307 251
629 275
104 75
627 241
681 202
856 671
65 500
744 175
56 555
22 645
140 467
171 717
931 457
677 204
375 50
577 963
797 603
373 553
616 863
225 923
770 494
714 88
206 515
671 407
573 165
532 914
418 528
787 979
841 750
204 435
110 435
713 187
993 838
214 57
512 699
148 764
139 316
26 742
187 503
276 113
976 330
841 479
389 290
440 334
24 768
707 610
626 817
706 451
602 624
545 583
324 959
456 684
724 356
17 236
153 650
43 968
728 733
636 903
122 451
340 895
633 42
108 285
352 630
818 89
757 318
415 963
859 618
86 440
83 389
851 771
892 94
201 893
414 739
819 910
617 195
346 289
807 406
403 719
625 998
373 940
207 938
860 620
170 831
275 568
760 632
816 904
110 997
228 511
321 427
804 728
364 244
612 875
185 824
620 194
192 453
41 643
497 275
210 338
990 229
325 481
295 711
428 823
129 641
291 273
726 809
898 416
639 414
118 362
693 435
499 572
395 680
379 554
667 896
415 959
5 142
400 601
415 825
541 79
888 80
455 781
93 757
312 923
210 264
358 538
540 580
109 243
608 503
185 685
405 119
776 326
317 879
801 432
561 498
406 413
256 606
903 293
66 433
517 547
755 577
681 551
113 848
763 17
8 540
789 591
727 698
910 896
791 106
615 617
325 234
305 311
553 179
15 370
947 647
203 496
550 391
224 463
338 384
36 579
365 229
386 572
252 920
926 692
693 666
432 447
663 362
200 376
465 927
747 14
759 35
571 916
775 601
967 278
865 776
191 796
316 800
510 118
435 830
482 175
428 215
41 928
408 19
188 609
592 108
200 192
137 756
867 368
381 769
844 801
718 121
200 351
845 601
604 118
602 131
692 427
994 558
892 650
924 128
278 341
482 718
220 174
87 26
779 821
530 740
733 843
178 698
52 537
450 868
558 620
960 55
416 180
538 730
241 383
171 550
131 66
524 957
964 975
809 764
919 490
462 70
707 757
235 814
107 491
552 77
741 248
781 989
370 169
270 324
866 461
299 110
793 540
713 17
667 865
247 650
161 297
753 329
435 782
298 205
19 720
721 586
424 665
273 672
467 797
340 166
139 640
742 187
381 285
256 683
178 14
840 712
751 835
464 527
708 960
190 911
289 928
178 52
794 904
865 509
737 835
579 587
156 788
922 573
259 380
458 965
321 195
280 863
677 11
935 950
121 977
122 714
277 492
80 350
889 430
305 54
422 312
819 557
268 692
367 222
357 529
196 231
49 602
314 183
224 149
628 948
156 896
509 270
308 909
115 589
576 491
958 757
95 535
537 367
875 561
909 585
235 912
980 282
273 158
531 738
7 836
36 559
509 735
927 966
602 900
280 563
505 212
15 863
382 260
789 46
34 218
147 845
265 387
704 107
991 211
968 246
742 220
545 292
456 395
189 779
552 406
36 569
267 493
16 379
94 968
271 261
958 953
180 85
982 631
384 758
514 10
734 452
893 427
724 346
900 802
484 756
65 204
718 890
388 572
271 156
273 211
113 974
335 767
77 264
310 867
976 18
868 243
463 828
779 90
840 260
130 429
436 638
598 849
379 581
79 867
784 185
141 549
640 441
294 411
891 571
914 941
245 249
151 184
343 803
287 878
942 566
306 804
490 252
82 224
486 482
729 817
300 13
326 804
896 286
249 665
646 471
934 318
176 203
192 252
365 731
312 394
134 423
681 420
835 493
329 778
297 435
117 740
906 469
704 200
264 78
305 802
282 128
738 218
711 415
420 776
986 639
37 602
343 849
433 699
650 700
802 932
491 1000
75 295
780 456
318 785
845 813
926 432
202 335
50 115
319 227
21 875
13 250
370 514
765 967
494 290
45 547
810 302
31 572
602 119
798 938
306 825
916 102
259 27
12 643
195 746
82 488
845 828
155 420
204 280
896 268
924 656
76 496
351 485
503 357
493 688
5 907
798 718
958 552
919 683
536 505
645 32
122 314
777 837
993 228
831 228
952 198
641 654
451 41
516 116
101 270
463 922
416 855
960 840
988 956
975 276
735 711
406 940
839 443
618 208
789 6
757 913
982 986
913 324
741 585
445 75
776 325
779 18
925 359
233 424
746 738
570 604
197 31
96 915
993 434
1000 693
789 848
949 360
117 148
336 855
166 216
532 199
26 347
710 420
680 107
974 148
515 857
797 89
405 694
840 941
290 398
978 563
83 215
808 313
672 772
489 799
218 824
357 792
905 551
362 603
170 698
425 794
262 162
290 246
488 613
512 669
858 843
418 73
666 218
853 956
499 173
555 586
846 669
373 179
689 804
450 163
377 374
327 822
771 240
325 802
113 310
276 834
148 999
411 508
70 811
640 316
893 516
856 179
654 85
727 785
778 427
50 549
978 409
318 302
781 234
594 556
459 201
418 93
673 260
530 365
279 609
645 394
267 605
474 468
465 246
923 378
826 518
581 925
39 100
941 55
577 871
294 451
668 206
87 468
337 13
700 283
698 224
947 622
737 360
567 697
383 574
452 401
676 884
140 935
720 814
509 164
963 351
649 853
279 776
528 76
998 921
179 959
10 971
880 165
582 905
100 302
463 275
133 587
162 781
36 934
87 319
447 294
795 286
971 539
937 641
919 549
505 744
48 898
192 699
788 235
898 472
746 736
445 160
962 480
546 302
151 357
173 606
478 9
674 36
728 663
120 487
530 588
296 931
875 988
332 991
266 693
148 855
391 880
22 479
673 119
275 948
160 273
398 986
417 934
356 236
418 101
921 17
71 632
899 492
319 35
623 87
683 443
610 350
615 121
946 120
959 394
167 578
817 425
697 904
880 461
961 893
416 769
219 463
895 576
598 123
991 699
392 708
484 711
305 166
873 902
515 649
379 16
530 301
147 315
656 363
665 769
719 211
854 334
855 797
520 710
986 146
431 763
557 421
120 697
434 955
892 599
95 988
870 437
150 509
897 968
878 957
439 642
60 970
953 935
223 814
691 572
568 827
261 131
563 153
282 421
431 601
311 404
178 910
842 795
350 839
90 292
82 785
958 582
409 214
858 735
777 840
221 807
845 373
468 418
71 432
240 684
601 997
545 367
158 392
468 34
830 902
422 550
31 686
679 407
41 46
712 37
38 545
703 570
664 984
519 692
898 893
394 803
817 82
439 688
631 681
331 572
146 719
289 705
679 594
361 769
893 606
897 68
592 150
129 820
838 148
394 131
772 30
761 718
397 988
440 295
945 750
381 21
460 403
651 730
166 813
422 925
123 666
464 880
252 189
607 631
912 31
205 574
668 513
589 117
496 92
286 69
289 163
172 649
401 85
893 840
898 595
966 663
67 701
948 913
786 26
227 193
961 741
158 507
29 363
18 514
872 25
805 8
217 50
843 667
638 461
297 327
643 324
281 660
583 527
187 1000
363 40
661 233
214 315
86 544
519 999
627 966
984 90
851 817
434 804
557 211
741 556
853 235
921 146
695 630
871 903
50 557
180 588
875 123
269 278
22 318
598 194
889 715
720 416
322 478
836 366
923 446
234 258
7 673
361 880
283 238
223 110
105 562
710 948
998 925
693 441
163 738
502 399
627 62
476 841
758 228
525 181
767 159
547 33
745 479
600 140
654 903
547 70
677 45
194 239
857 504
304 583
413 842
523 88
544 447
578 253
664 838
864 858
860 790
942 984
479 127
95 191
831 376
580 216
441 213
550 766
951 876
914 905
792 382
607 384
765 180
677 946
713 141
739 36
748 390
811 575
402 303
80 791
250 452
528 508
147 207
489 971
204 707
364 233
448 157
904 233
336 84
673 860
571 610
342 710
645 340
675 754
121 638
206 781
890 320
470 833
401 236
766 282
571 359
815 964
899 966
439 455
20 341
92 663
564 378
751 789
627 500
977 941
143 358
513 156
294 860
537 715
416 493
488 256
252 558
298 610
508 429
564 994
21 758
129 458
411 954
483 610
379 317
821 431
465 223
296 746
479 669
594 480
202 881
615 212
807 508
247 875
669 304
145 168
263 790
700 970
616 80
398 121
371 159
754 542
318 915
670 555
847 749
460 504
91 31
413 715
726 356
628 379
659 847
468 830
745 549
665 916
765 177
55 79
722 444
623 830
444 263
598 375
800 162
141 501
429 336
880 798
580 615
212 911
902 931
246 336
367 128
853 466
272 638
944 380
927 397
11 912
393 874
687 307
965 970
969 981
219 609
315 770
58 517
828 626
730 572
28 341
842 371
658 772
28 742
410 582
683 492
856 326
171 162
566 880
408 590
207 597
530 134
199 445
44 249
786 115
800 357
57 56
303 899
459 418
613 579
463 700
431 468
557 441
430 667
728 553
247 184
510 626
937 88
540 457
882 86
925 591
1 595
362 686
80 336
244 971
632 940
534 628
3 311
102 69
291 628
17 701
818 67
903 30
367 388
680 224
800 291
126 845
688 809
990 978
128 211
217 342
825 71
347 581
578 581
609 276
987 631
448 145
293 151
287 12
439 93
514 299
822 920
807 995
643 12
883 435
604 391
875 318
678 309
495 340
451 877
545 281
469 73
309 176
261 640
445 194
659 740
453 849
310 74
674 723
700 255
353 465
373 197
27 795
476 77
503 880
168 177
473 641
360 932
99 532
849 867
239 922
651 829
566 834
852 497
741 341
911 266
792 995
110 391
962 518
89 437
903 810
62 178
175 558
756 701
463 602
410 621
122 419
508 636
414 678
580 267
51 457
448 409
797 631
744 921
841 809
888 415
886 273
987 152
38 807
316 79
451 155
621 989
252 116
777 994
246 148
640 321
97 373
57 693
369 572
282 853
683 546
807 538
837 823
422 53
434 137
901 925
740 283
676 228
961 337
257 675
82 13
895 732
504 104
271 665
18 162
412 184
401 242
332 309
82 824
936 578
35 326
84 337
19 729
851 22
936 430
84 796
114 308
398 625
909 595
861 84
924 659
287 668
112 924
81 870
399 912
333 689
981 232
589 195
126 840
549 470
984 310
142 863
820 322
51 364
718 558
248 337
66 151
907 587
56 865
492 395
221 588
461 62
68 290
937 166
662 1
69 596
770 631
203 854
138 26
523 695
362 387
362 202
892 221
754 119
850 160
459 651
567 477
950 8
277 956
785 689
321 729
786 725
283 595
266 828
640 528
155 572
617 614
982 289
729 371
331 661
226 682
577 306
69 835
265 395
598 25
388 550
406 149
719 355
271 165
777 968
208 140
915 54
605 764
896 61
378 903
168 878
987 872
821 548
295 842
858 774
67 707
79 92
524 697
599 899
772 534
216 864
988 849
367 745
420 641
208 815
527 508
432 26
624 353
98 514
433 771
150 515
916 112
176 955
433 442
141 79
909 877
793 13
533 204
941 180
61 371
906 658
990 235
701 70
652 141
135 446
703 677
924 655
718 829
752 338
503 862
783 305
548 378
622 406
270 776
766 713
649 745
213 713
397 970
235 614
96 778
957 579
862 989
871 249
771 51
652 344
685 901
583 105
778 767
399 407
538 578
665 824
513 763
547 496
809 835
233 441
613 34
598 399
441 657
616 244
926 748
827 903
573 101
315 496
858 978
869 933
481 8
296 707
661 329
649 779
747 573
701 724
448 47
403 327
111 88
445 830
470 995
841 146
878 361
743 491
157 758
462 610
292 829
160 175
631 928
283 15
453 765
521 524
548 52
485 750
66 41
933 304
420 29
513 900
569 384
695 576
995 121
297 739
309 147
140 793
353 683
920 960
162 923
786 444
868 445
580 846
684 606
60 588
568 437
20 167
531 355
978 555
405 48
268 988
297 859
341 13
104 63
479 99
147 468
334 55
861 919
973 456
701 505
837 743
27 447
373 989
319 352
891 800
181 613
222 388
798 246
386 271
332 803
816 25
550 495
942 543
342 923
941 79
881 192
557 173
964 75
780 993
955 653
511 883
937 71
920 62
333 813
439 949
827 326
518 292
715 855
767 18
890 500
562 896
283 103
992 433
594 791
157 405
25 757
819 531
403 134
652 391
515 508
892 949
159 134
321 673
437 164
795 241
18 16
547 436
635 543
555 239
490 603
56 988
133 979
373 986
299 549
392 23
16 984
72 865
804 965
542 391
725 490
969 447
936 982
151 668
182 8
489 929
7 27
972 533
236 649
414 79
25 543
95 311
297 941
673 167
786 698
477 967
94 53
848 69
786 44
941 298
807 985
385 499
916 905
943 758
596 635
874 538
388 158
697 674
374 71
832 139
973 286
538 765
311 585
58 450
51 942
51 714
627 234
739 893
771 631
682 878
117 405
105 735
177 982
870 330
880 993
898 247
221 17
530 426
603 816
797 469
365 795
765 965
986 473
6 405
20 140
998 860
278 979
26 403
304 629
544 912
241 421
203 609
695 473
625 32
679 218
236 554
525 21
763 687
578 529
143 12
423 25
313 836
445 497
697 179
128 957
602 793
728 133
92 868
77 942
776 753
702 45
806 531
220 506
85 350
92 567
859 595
379 670
648 119
383 131
962 255
868 284
615 399
336 265
793 95
342 845
936 474
506 418
373 170
604 476
412 880
60 263
65 846
619 798
244 304
216 983
586 721
806 414
138 667
187 219
512 332
337 495
427 527
964 319
427 735
864 932
957 693
414 218
365 748
265 82
240 550
512 835
945 298
70 210
549 632
713 88
670 607
423 373
786 655
930 364
872 435
461 699
606 88
963 624
564 25
900 165
338 723
233 896
77 322
930 607
909 208
839 702
383 480
576 403
45 684
351 352
794 351
514 214
427 327
354 439
656 957
927 960
741 756
295 87
667 740
781 375
562 138
493 509
805 379
680 553
920 261
91 533
392 116
624 662
774 187
570 543
334 466
203 668
877 914
867 47
880 681
44 973
517 787
677 77
143 876
892 623
98 519
627 61
830 920
648 611
45 651
917 152
494 163
380 195
5 279
598 160
104 293
37 524
956 617
182 1
56 127
669 651
829 953
812 37
599 469
344 723
761 517
108 988
223 978
512 440
259 938
80 179
56 661
435 341
620 686
192 507
841 492
634 316
403 496
825 926
633 651
446 1
980 260
670 349
436 329
116 368
23 439
543 142
433 417
788 383
341 526
963 973
695 914
265 268
401 245
841 755
404 324
296 44
580 947
200 301
903 276
402 738
808 160
387 176
116 799
765 367
832 23
258 117
65 996
679 310
877 12
59 400
556 188
789 534
226 205
340 148
412 268
82 521
991 615
183 78
234 979
46 999
895 486
67 644
330 341
428 580
312 766
19 387
588 978
690 370
894 337
922 398
671 526
297 289
303 742
571 746
525 921
828 664
946 87
526 93
937 682
617 231
545 540
852 323
638 437
105 22
647 268
116 921
292 664
87 759
501 512
805 215
73 369
996 752
188 939
869 921
185 933
641 842
102 844
876 420
152 362
828 54
58 869
918 459
171 302
502 708
625 772
461 423
695 144
352 493
636 140
347 330
275 103
632 871
765 402
697 291
851 31
138 838
109 473
154 870
969 997
958 735
606 884
482 51
683 30
35 476
305 924
867 109
931 870
104 148
275 393
855 363
761 896
995 474
177 772
559 5
142 286
335 695
460 697
396 969
246 563
543 83
751 508
283 560
588 245
58 3
504 800
852 120
921 608
932 728
182 654
802 858
531 63
794 433
286 898
380 340
411 18
289 828
530 62
247 450
730 458
16 46
877 262
659 12
914 775
839 302
277 101
468 223
6 776
38 645
695 900
216 346
167 770
803 580
933 243
972 15
60 405
949 905
800 576
222 291
883 271
993 192
177 281
965 598
472 743
464 200
305 573
57 639
558 593
909 759
295 64
239 578
192 683
279 923
96 769
309 994
365 351
282 920
222 144
857 911
260 987
345 230
901 779
351 98
367 312
493 90
881 867
998 612
202 366
798 942
459 185
643 893
441 349
496 666
806 706
730 555
240 419
882 918
987 895
766 309
456 633
624 892
248 575
217 278
864 54
24 493
882 152
689 872
659 876
775 925
903 384
473 110
504 221
544 813
253 115
904 390
994 474
158 2
30 579
723 113
955 586
727 610
200 518
143 375
172 781
630 583
937 449
584 665
643 807
452 902
347 379
266 112
748 848
138 880
188 997
891 556
245 666
704 255
266 779
365 238
755 668
482 972
777 270
578 666
486 801
626 712
842 823
881 518
535 772
906 526
21 327
135 539
945 675
495 528
955 921
194 748
594 542
580 391
924 776
523 423
569 167
675 222
122 215
31 293
590 354
846 522
727 827
7 596
958 720
402 944
772 983
404 610
176 844
669 611
288 985
360 209
994 102
943 64
346 630
278 60
144 616
95 997
197 288
95 393
243 494
209 748
418 880
157 385
338 375
325 627
853 232
210 301
25 64
889 923
559 593
301 802
859 474
259 613
614 155
378 495
302 81
3 643
118 926
37 929
481 677
907 874
589 491
898 246
750 324
184 907
342 193
777 846
65 902
32 266
19 557
852 707
947 78
839 438
245 627
960 188
685 874
879 700
403 501
964 691
71 97
517 854
810 684
271 327
340 948
561 823
476 616
713 439
477 824
797 480
730 671
235 242
458 614
252 544
800 594
577 283
439 552
692 643
7 140
606 423
514 963
326 304
451 960
589 981
876 353
390 737
490 491
460 291
997 449
721 556
627 816
451 180
737 886
207 734
317 973
926 643
547 634
669 65
955 64
750 122
711 14
739 926
162 988
792 727
139 515
227 872
741 264
602 293
246 160
705 560
646 959
89 546
495 74
215 578
944 687
785 567
388 897
360 977
912 181
833 921
566 790
585 257
803 992
808 400
846 77
77 391
773 567
423 565
360 556
612 560
449 802
483 919
102 664
525 256
665 111
616 232
990 32
407 866
579 77
262 564
842 82
50 670
959 740
615 685
653 474
623 508
565 632
73 136
207 236
911 266
57 461
774 762
552 461
689 992
915 79
885 613
915 776
258 809
427 938
1000 915
209 236
103 890
715 279
36 685
722 227
627 391
50 770
65 646
944 134
762 746
764 45
230 449
524 829
116 250
894 346
869 677
424 15
451 515
662 251
484 704
635 498
271 653
901 801
999 256
362 901
356 555
826 328
735 512
206 142
49 431
889 496
168 978
404 148
796 200
768 653
407 778
35 571
389 307
43 151
420 85
401 505
878 377
917 560
727 530
910 678
679 982
905 929
349 197
773 741
895 225
92 858
325 690
136 891
160 753
760 40
710 514
353 587
884 190
333 71
369 971
516 565
370 922
244 372
862 814
859 876
480 953
197 270
897 745
852 919
864 243
911 837
87 809
580 40
905 714
668 325
568 58
50 108
934 976
662 625
587 462
842 226
822 410
718 549
799 286
551 350
198 854
179 218
593 376
573 249
37 125
330 43
945 813
677 597
638 178
927 856
74 998
831 114
683 552
780 664
478 466
874 511
654 634
470 246
9 857
228 381
873 714
911 986
418 230
418 140
515 691
931 37
63 18
647 371
131 847
756 759
436 583
212 757
99 575
348 388
889 106
834 142
413 934
160 339
735 727
402 235
160 645
393 389
154 101
339 52
154 291
328 611
620 914
706 51
2 869
515 643
943 820
452 744
228 338
600 418
905 243
509 363
73 655
486 660
460 851
111 869
958 616
990 703
767 228
650 36
981 871
819 121
354 974
399 467
788 244
362 972
233 445
174 233
259 633
233 497
883 22
575 787
853 949
92 439
875 138
560 525
713 179
420 835
788 608
373 6
194 847
628 456
336 983
887 774
238 412
540 418
824 771
916 61
885 635
440 580
614 683
13 426
705 491
320 71
160 265
153 630
79 17
810 618
110 672
246 388
134 379
703 288
716 884
462 776
403 562
422 410
945 817
205 68
219 496
203 985
323 850
398 633
885 546
372 478
359 979
86 614
483 989
458 768
869 682
721 697
72 1000
961 383
465 546
21 758
843 374
762 454
545 683
342 422
291 281
817 217
679 879
405 404
947 438
747 200
329 132
312 870
296 110
287 859
369 320
891 356
792 14
4 777
589 881
57 825
256 952
480 980
681 182
325 279
724 440
201 834
283 362
282 61
358 252
356 576
865 893
998 955
628 250
510 15
268 910
306 526
818 771
426 155
707 265
23 183
436 271
427 22
307 366
783 612
413 119
967 379
231 61
208 158
754 48
525 534
21 658
460 290
243 573
516 389
910 316
46 573
976 620
206 587
780 291
521 505
132 797
782 884
401 793
463 833
1 147
678 258
190 426
650 456
288 33
543 264
185 690
814 637
499 232
518 255
313 692
195 722
567 947
822 914
732 920
277 824
642 347
370 691
747 627
632 429
573 448
687 546
156 260
532 104
309 634
366 65
777 827
870 328
59 975
416 299
862 717
787 256
235 92
363 558
294 211
476 300
905 150
828 278
564 493
775 274
27 846
368 174
915 981
511 371
177 271
877 355
956 323
2 410
241 858
746 796
691 366
957 884
810 195
790 853
215 168
87 553
876 268
808 461
738 207
67 163
975 815
457 618
601 470
480 106
669 44
244 631
653 888
484 697
829 997
870 73
247 474
289 603
620 903
886 788
549 132
421 990
754 628
366 173
860 813
332 272
443 53
791 559
958 762
807 637
959 605
271 783
467 209
988 298
610 29
91 451
784 834
15 929
933 606
418 770
445 199
540 218
81 401
765 428
26 763
63 122
173 531
998 645
213 462
476 229
382 267
348 606
600 693
407 746
347 611
950 682
953 357
88 582
16 494
386 15
593 287
264 497
714 178
401 250
408 565
412 826
154 265
864 559
266 153
508 124
478 965
36 82
873 26
768 637
967 660
477 436
660 707
237 107
571 739
341 921
61 760
812 796
392 190
940 686
12 432
682 779
836 729
690 643
576 468
609 561
356 274
283 797
750 536
736 396
676 828
675 15
519 419
855 505
896 334
852 673
665 682
276 519
157 982
755 611
13 178
915 492
623 793
681 384
502 223
932 476
199 764
467 970
80 724
126 671
672 732
609 643
230 135
261 860
609 412
224 417
523 763
422 497
722 200
720 272
549 693
334 500
830 722
529 246
363 258
421 784
565 381
23 761
529 714
790 966
913 350
146 373
461 728
542 38
555 919
415 173
389 718
242 416
888 192
903 123
281 143
56 404
434 86
512 64
875 975
329 812
511 822
602 890
489 177
68 303
581 787
10 209
58 810
208 744
525 766
74 472
758 524
243 315
495 775
99 925
687 329
582 446
544 725
81 424
1000 588
591 471
799 490
379 635
456 51
416 590
69 361
22 675
794 384
773 990
572 553
810 187
51 709
270 73
387 729
169 266
529 960
374 172
302 612
479 721
247 860
613 128
643 925
642 244
411 784
257 265
453 87
812 328
817 881
476 621
285 559
339 881
489 461
328 237
958 361
898 186
112 292
844 618
22 894
107 492
842 691
811 980
878 755
520 530
780 811
745 486
869 879
249 550
444 594
258 827
864 58
594 940
5 212
647 902
928 659
218 374
330 104
389 985
232 222
859 361
599 757
40 447
559 201
587 18
732 242
691 540
801 246
773 931
114 52
223 836
705 613
194 937
265 495
774 594
19 522
474 564
561 27
227 559
336 344
908 888
829 957
47 332
170 411
984 215
11 846
76 953
817 96
279 594
138 517
612 868
831 452
338 446
880 691
346 353
199 397
461 697
419 2
472 896
802 103
730 153
934 813
653 645
939 38
570 75
630 651
230 914
818 757
950 486
898 215
855 378
286 369
830 767
53 499
79 346
227 150
736 391
649 478
962 895
105 220
957 870
310 271
942 248
889 989
403 650
730 938
469 946
159 414
390 963
74 779
76 349
87 226
485 103
324 50
716 975
211 201
687 403
213 253
387 9
330 705
359 145
492 46
563 169
563 468
322 179
747 698
153 437
820 868
266 213
209 783
834 596
528 90
322 875
52 44
638 875
178 866
496 945
215 119
913 376
779 359
122 695
825 299
437 984
923 6
362 587
81 174
237 98
659 944
901 678
180 227
841 899
960 742
828 584
191 873
361 554
717 148
307 267
756 635
767 593
305 252
766 290
166 635
869 290
351 165
218 638
24 560
329 661
961 917
646 842
607 150
303 759
140 21
608 337
775 262
674 476
504 924
136 210
537 621
201 401
502 58
144 308
817 489
412 955
458 203
871 81
621 785
245 801
502 420
428 688
319 135
390 698
389 807
65 75
803 242
36 613
919 311
9 155
817 359
23 230
219 561
638 442
44 935
154 584
130 272
66 505
243 822
617 505
462 457
923 467
327 245
760 502
560 238
792 854
121 775
273 340
220 986
948 325
861 702
769 319
387 130
869 638
142 606
116 258
795 81
530 588
793 945
723 712
278 519
658 921
954 26
742 881
315 393
555 392
610 600
15 254
633 109
273 233
616 747
890 972
321 955
220 266
386 710
914 161
108 372
169 205
894 34
106 801
866 8
200 291
295 891
902 910
538 327
863 840
780 557
515 336
932 286
728 203
357 611
352 145
795 228
16 635
607 862
498 146
26 355
560 298
320 559
72 198
751 803
670 55
413 757
237 154
755 932
332 278
566 454
400 908
794 621
470 96
317 674
648 885
199 577
621 220
523 711
76 457
69 319
529 417
196 742
134 527
805 408
111 206
835 816
248 913
341 418
617 150
179 445
822 344
18 565
121 849
377 499
222 419
878 834
784 348
764 850
537 929
965 343
283 383
81 442
991 259
775 536
372 169
847 602
865 104
821 572
612 296
233 114
198 108
429 42
668 761
391 431
527 183
366 905
352 274
718 189
221 620
800 947
576 960
122 644
607 214
1 871
650 12
690 432
873 686
335 366
410 513
188 658
984 863
277 465
154 935
882 173
276 167
974 925
668 905
236 799
303 863
200 992
443 770
145 608
326 23
191 659
142 593
413 845
666 738
247 645
238 218
737 819
112 161
289 908
443 971
290 932
366 299
69 532
929 881
101 429
20 619
613 971
298 679
532 209
600 172
93 408
365 433
670 734
859 890
662 162
755 81
88 807
982 466
676 97
465 128
374 701
438 965
410 731
565 874
975 825
16 465
488 999
55 524
791 888
255 502
478 886
835 538
482 83
690 480
559 825
688 162
202 102
827 746
870 675
739 38
641 920
368 754
187 468
46 382
389 439
60 595
537 555
450 84
921 848
829 399
893 975
659 66
52 121
999 128
948 312
812 246
668 708
368 707
66 283
967 136
104 250
9 744
83 783
679 394
554 444
215 155
43 350
780 465
440 290
201 124
916 591
96 388
86 864
558 586
477 462
896 764
769 622
269 299
540 227
895 425
636 334
359 403
22 280
414 963
402 612
353 193
862 770
729 358
475 75
478 619
97 158
927 920
714 106
875 493
919 740
266 658
407 785
662 872
177 579
458 507
402 455
793 152
819 938
641 361
255 77
928 821
463 221
915 548
873 774
935 40
763 519
893 954
266 852
493 486
26 435
64 109
317 190
272 171
662 312
910 234
596 98
330 500
487 57
224 65
690 902
300 452
419 166
850 514
413 775
894 138
412 686
727 67
855 351
329 879
327 905
494 874
364 86
580 843
695 586
162 746
9 756
368 311
556 138
305 113
734 674
310 660
331 201
614 866
297 665
985 298
728 388
881 900
699 27
145 30
370 965
411 890
590 465
364 183
870 450
498 6
806 820
227 348
821 101
859 936
320 295
956 31
366 956
107 435
838 400
162 661
656 388
630 210
554 739
411 718
35 196
908 242
864 843
504 904
36 40
325 392
117 745
514 990
746 595
861 891
932 252
527 85
781 444
938 689
833 229
540 11
388 750
393 303
784 951
467 78
611 192
495 924
499 711
607 929
597 15
609 108
644 439
717 680
419 185
750 126
918 990
120 796
364 85
934 165
373 615
636 749
630 778
940 512
366 245
343 271
458 810
12 812
994 857
371 201
847 129
839 938
219 800
309 161
319 991
114 192
467 407
432 172
883 952
345 191
33 504
518 170
350 385
126 573
204 723
981 558
36 494
64 638
541 246
782 993
222 732
2 470
651 946
101 581
239 289
314 576
46 754
218 560
974 268
152 165
659 565
285 729
449 346
518 302
628 624
29 170
913 485
519 297
628 921
389 836
843 356
575 295
585 612
612 794
333 662
6 354
380 112
885 740
28 231
346 511
946 311
890 793
824 841
215 80
17 644
717 476
225 590
379 778
253 882
712 498
563 447
795 46
373 660
34 295
594 484
651 3
569 977
712 747
210 937
315 325
196 54
331 827
913 887
165 323
756 838
790 119
15 630
526 55
336 985
636 240
909 579
301 446
606 796
948 408
55 365
434 259
356 885
932 683
797 161
249 43
466 50
920 494
716 386
488 191
446 330
251 374
270 218
65 367
744 761
125 838
386 612
729 119
479 777
493 683
706 723
694 853
328 787
96 498
653 835
179 803
232 789
139 901
102 150
611 204
70 537
59 809
742 943
845 263
313 833
881 59
446 697
153 311
173 618
448 220
605 685
587 351
946 224
893 26
664 48
278 762
89 914
297 45
842 451
169 829
481 490
41 39
954 191
178 596
110 345
527 860
586 909
695 474
647 815
241 157
888 745
513 856
100 470
541 848
230 235
598 789
427 150
884 850
695 716
174 402
842 926
547 420
1000 41
220 710
276 850
713 601
560 238
126 436
214 915
789 739
706 852
39 117
867 955
798 657
139 873
725 506
527 760
106 486
499 477
580 649
731 292
215 785
596 768
526 331
733 669
129 855
475 652
43 469
167 24
806 388
513 651
632 257
787 239
844 175
376 588
178 348
231 141
224 992
636 230
262 763
477 551
555 446
641 954
927 195
468 896
165 778
239 645
912 153
767 223
484 536
86 693
943 104
490 143
827 251
441 41
342 212
909 826
640 841
889 259
481 201
672 287
480 291
435 701
490 863
657 896
19 956
304 273
142 565
319 329
742 296
670 827
593 838
287 15
833 975
750 633
402 655
499 723
472 783
904 812
874 659
396 553
956 6
742 706
269 536
276 99
150 171
287 916
432 624
910 998
989 29
216 532
115 961
685 37
551 275
172 877
194 491
193 377
92 555
379 197
720 952
649 447
687 847
26 34
497 294
413 57
57 985
25 482
707 612
553 69
475 476
514 407
86 499
392 365
922 682
536 784
649 744
616 694
130 785
617 364
89 578
308 297
447 965
511 395
967 966
801 779
445 28
68 727
860 144
656 560
892 954
251 509
544 151
210 540
827 148
152 224
672 411
737 393
726 955
623 646
901 334
510 438
190 893
92 152
449 487
199 740
370 732
658 471
691 961
654 689
588 62
197 123
226 607
192 84
107 540
428 866
957 943
674 472
748 174
425 802
504 348
250 449
424 649
855 394
320 984
744 335
706 433
195 127
722 165
3 232
610 75
90 959
855 668
230 759
26 380
969 945
603 668
780 603
394 363
414 705
344 198
359 791
476 365
863 812
713 628
554 756
524 298
427 639
573 166
854 827
623 832
679 184
107 576
58 193
74 701
546 420
581 383
705 41
893 80
793 263
998 959
152 942
846 940
549 365
500 300
15 211
686 773
606 683
64 667
803 238
347 697
573 782
107 538
58 128
479 323
533 336
129 382
693 932
244 580
454 784
97 28
482 990
497 573
98 214
725 380
496 981
420 137
994 275
309 107
65 698
29 473
558 74
887 641
641 818
844 703
499 335
763 158
884 596
238 575
510 916
681 914
554 683
529 151
623 663
475 791
968 189
927 232
936 3
20 981
960 496
896 345
115 316
983 353
409 375
388 7
469 698
336 799
923 87
128 389
771 478
358 568
89 741
837 894
604 319
125 805
947 925
177 827
646 500
241 263
852 963
587 660
669 548
937 479
385 891
283 30
486 186
356 498
760 294
861 490
473 429
641 471
211 626
188 203
472 607
958 469
382 176
344 414
209 134
477 683
713 120
301 281
344 938
434 167
529 737
966 584
372 237
287 961
892 870
914 574
332 886
749 425
479 117
471 142
533 333
4 985
385 891
973 445
957 822
68 425
75 261
620 439
152 881
491 501
19 788
702 875
243 607
398 537
942 12
67 810
118 710
229 98
334 943
25 585
100 417
196 538
35 926
271 523
811 308
614 101
853 35
205 701
700 733
840 28
96 803
331 799
604 974
65 343
20 19
632 812
70 329
728 802
579 926
558 799
863 659
706 959
629 58
91 406
791 624
755 725
810 788
921 747
283 796
383 139
515 283
714 748
737 89
571 261
187 802
95 968
634 75
248 206
631 839
557 48
698 856
256 210
189 968
574 542
139 318
999 734
85 280
171 17
78 276
990 877
838 486
361 840
292 275
640 182
32 116
59 81
415 101
789 154
412 6
306 928
22 730
244 607
32 729
106 395
21 362
158 283
363 130
422 135
535 923
191 37
738 998
546 64
419 22
502 34
644 404
340 956
125 276
426 746
37 371
416 763
193 308
133 977
800 773
685 755
332 297
2 193
110 308
876 416
719 451
241 482
813 195
848 710
187 158
508 636
814 663
648 940
627 959
183 356
687 593
35 699
858 993
212 127
989 498
651 473
933 359
392 593
289 976
793 101
563 256
31 219
35 530
830 593
555 152
952 55
246 470
262 925
933 429
876 685
577 313
243 783
725 790
650 203
410 880
336 783
712 374
744 152
623 373
449 618
736 885
634 530
764 492
657 261
880 215
87 94
319 66
817 394
755 289
774 820
931 675
717 258
23 580
671 646
207 455
272 35
942 675
695 66
496 942
41 893
355 67
813 830
889 329
299 790
355 561
563 298
744 98
521 429
334 724
971 395
998 746
91 336
996 779
694 706
481 659
650 25
94 213
959 178
830 959
58 216
627 975
80 453
956 958
666 968
773 70
677 251
635 21
99 192
529 798
865 137
987 388
606 845
304 600
59 797
452 924
298 904
111 263
844 693
670 482
91 645
226 361
908 87
732 952
28 9
657 388
955 240
223 820
245 308
875 173
808 299
511 628
582 931
492 884
707 920
795 763
784 685
316 117
838 447
498 818
911 350
53 440
803 338
511 505
129 291
314 769
316 988
338 695
165 667
114 907
731 569
461 355
114 163
369 931
223 538
468 919
953 524
202 546
783 303
123 607
827 292
161 6
289 843
527 695
59 752
412 981
772 438
59 76
286 751
312 334
437 124
103 173
878 874
863 362
587 704
2 315
931 600
102 875
749 578
767 8
804 455
355 936
206 528
982 49
786 608
386 385
700 207
826 534
352 475
420 196
685 872
448 293
910 798
301 93
792 36
451 274
173 315
499 223
390 468
498 908
579 565
380 673
469 926
382 172
474 6
729 659
769 428
754 966
83 366
809 780
325 209
433 161
770 239
225 367
19 879
280 829
522 594
300 223
587 805
443 221
884 496
986 322
286 686
131 559
42 751
986 823
457 224
921 734
328 718
783 260
884 281
500 606
697 378
852 851
777 135
448 934
758 598
598 194
657 629
891 533
651 744
282 887
404 722
863 242
145 404
93 247
962 716
806 608
749 359
548 276
922 699
428 565
356 487
192 820
369 947
424 634
534 518
465 847
938 783
300 572
744 891
525 956
299 418
754 49
456 111
147 680
925 280
773 965
494 729
909 321
756 52
551 33
246 828
889 913
641 842
371 79
691 324
369 388
741 234
762 247
138 394
787 371
761 81
910 616
95 943
218 321
565 916
118 684
35 16
709 21
796 871
745 305
685 482
564 618
91 895
702 357
229 215
663 507
209 849
619 879
48 572
824 748
497 602
78 462
890 475
811 96
162 357
834 692
898 291
560 94
665 877
556 739
508 311
591 28
679 550
948 432
256 653
173 141
220 808
45 384
217 773
771 117
385 670
112 626
4 265
470 673
884 17
899 640
968 725
97 629
779 923
472 853
894 366
518 491
404 312
250 498
77 94
722 978
576 298
286 743
239 952
331 142
29 387
619 47
925 472
180 215
455 18
520 500
684 825
853 257
274 370
514 468
426 300
42 851
844 800
605 678
315 332
885 279
195 1000
948 522
553 298
842 315
460 81
281 379
391 258
328 368
199 35
46 365
396 718
944 923
247 304
809 570
948 498
888 228
790 795
679 399
416 877
713 313
654 374
298 648
847 6
753 749
666 242
635 733
200 473
437 763
532 564
816 650
46 7
435 45
454 382
892 354
148 4
482 999
510 580
435 61
482 142
627 666
864 251
233 952
694 997
74 675
463 796
996 11
327 544
695 344
76 817
971 792
111 647
688 737
574 278
636 88
313 948
454 121
99 988
134 48
992 721
236 208
937 65
753 431
457 473
915 960
506 486
32 115
602 969
920 454
253 288
891 759
460 391
845 490
594 865
58 294
6 612
8 570
24 867
751 669
338 732
854 706
291 511
623 56
844 472
1 209
269 208
837 861
713 949
904 940
484 719
953 500
124 566
822 248
300 889
370 219
648 685
554 716
464 452
363 257
929 665
711 590
739 283
700 794
284 69
42 833
860 449
337 170
758 663
941 326
214 303
505 481
641 432
168 650
854 520
375 442
857 474
85 149
356 362
277 209
446 451
496 25
607 263
423 61
227 473
72 678
294 619
900 676
206 831
583 663
888 465
341 700
68 908
162 430
436 79
508 658
658 465
519 647
164 499
355 705
778 389
116 623
363 110
283 385
843 740
918 204
583 684
347 691
302 575
277 189
827 718
214 385
720 907
720 140
734 386
380 668
99 2
897 122
629 690
217 813
356 68
323 252
278 85
890 440
143 321
525 499
291 922
622 925
429 10
49 661
533 487
808 533
817 766
244 164
832 573
270 69
166 204
858 725
326 875
778 303
981 216
229 669
529 654
617 773
76 769
428 843
889 241
18 506
197 140
618 917
685 734
403 533
577 275
620 470
370 272
210 624
655 742
718 500
671 332
907 927
107 394
404 812
698 354
27 802
431 680
450 168
133 357
650 71
746 320
867 851
302 418
982 815
47 466
358 698
826 618
42 126
653 54
833 975
500 796
561 199
117 769
148 766
310 555
745 100
870 28
47 267
257 34
690 191
958 679
536 669
977 110
79 606
613 92
344 328
915 9
775 237
213 122
279 876
517 749
588 604
292 90
877 714
647 552
66 687
503 182
933 227
1 748
864 927
302 842
587 744
608 803
557 206
545 318
981 405
396 700
920 749
998 480
751 231
499 766
420 378
182 512
612 509
433 327
243 674
953 619
327 736
608 588
544 758
348 771
773 605
951 75
926 729
867 340
348 561
938 509
379 356
549 226
363 29
811 214
78 71
861 539
369 412
83 772
877 679
410 769
981 424
96 831
657 998
22 568
328 962
155 570
575 302
826 953
198 78
345 420
91 722
541 419
959 247
577 510
338 204
210 612
371 296
132 997
595 295
766 443
374 100
885 475
353 488
27 926
303 551
76 721
929 653
126 415
347 448
186 478
183 888
729 878
876 165
592 464
335 202
549 519
856 362
595 764
125 171
453 970
86 664
505 646
39 786
193 924
668 674
650 538
486 722
247 295
840 622
572 34
137 929
522 459
675 806
569 195
465 350
391 546
288 816
935 801
962 373
228 444
201 898
462 633
423 70
611 250
585 969
438 925
689 949
424 976
346 67
418 286
143 694
804 692
270 805
819 491
70 218
875 926
768 500
685 573
873 721
141 943
118 932
988 156
61 765
679 28
34 524
307 785
850 748
458 351
498 393
644 790
344 958
891 159
694 19
712 955
786 861
295 386
476 968
485 259
901 933
369 649
860 963
247 977
600 650
444 721
266 224
681 570
834 19
196 418
876 245
708 615
281 398
639 497
584 377
186 566
944 415
39 841
263 356
696 84
144 499
137 818
469 769
220 219
831 87
953 121
422 862
319 713
210 549
713 354
403 917
510 254
390 787
628 912
301 448
423 564
458 879
310 684
109 620
315 711
513 847
515 467
710 562
136 161
457 18
220 756
651 254
69 24
138 784
715 447
318 828
954 340
916 907
537 770
916 678
642 782
792 857
816 283
393 659
537 911
954 37
459 337
576 4
590 407
559 705
491 125
391 513
616 678
902 325
398 695
921 432
220 623
774 612
356 716
97 156
291 7
369 340
737 216
255 703
546 27
893 63
128 874
203 437
490 333
632 529
773 696
104 508
925 368
725 607
361 319
911 704
533 907
282 671
317 939
813 605
989 622
473 91
932 674
133 113
880 348
669 338
931 709
833 750
644 499
976 438
709 160
915 282
777 763
400 540
68 347
192 672
15 310
913 378
612 332
905 918
287 423
913 317
90 519
448 729
93 670
705 363
953 251
867 813
475 73
829 756
836 758
932 627
10 345
375 881
482 828
147 45
643 548
212 384
589 386
28 341
561 654
785 761
946 348
475 275
644 597
24 471
821 752
274 609
582 391
954 407
72 974
904 959
40 966
173 899
8 820
585 344
559 268
947 761
206 270
788 628
133 903
215 9
264 90
543 276
432 402
5 996
890 703
802 262
403 249
888 624
509 351
380 819
733 615
376 186
343 264
772 779
799 668
986 696
574 277
361 479
983 104
53 957
152 571
577 67
484 868
275 40
705 938
983 887
590 670
482 923
461 157
985 726
120 529
493 884
301 100
284 820
609 734
372 103
697 884
275 602
562 549
139 157
343 520
198 462
593 693
714 901
950 655
457 472
540 531
166 613
651 54
463 35
416 415
33 234
829 18
466 50
301 523
71 926
903 277
665 995
661 634
801 932
784 989
187 934
576 267
10 911
382 393
731 902
128 464
591 552
73 431
441 101
394 478
102 917
883 497
290 643
497 988
313 369
376 180
867 35
848 244
732 484
880 391
994 868
671 447
45 982
329 651
222 503
389 330
381 395
724 344
109 750
591 395
507 944
857 170
31 231
844 881
139 28
177 122
285 587
464 700
814 586
494 519
125 511
665 904
227 750
188 63
406 505
776 10
540 414
381 832
422 643
106 425
641 149
431 566
560 171
941 703
443 641
779 50
448 498
112 441
792 91
353 924
700 245
39 450
520 706
598 212
807 135
290 315
210 385
286 471
151 963
759 740
219 109
481 240
236 263
637 705
201 404
197 202
815 941
798 284
286 819
429 540
490 36
734 460
295 99
446 232
345 11
192 227
258 383
505 451
71 96
949 527
981 670
143 898
757 252
606 44
551 461
411 625
128 178
912 193
870 933
11 246
774 661
180 173
231 569
418 485
782 81
301 755
315 68
42 917
64 769
699 184
451 900
695 704
469 375
955 437
750 965
308 929
105 491
672 406
205 767
905 571
543 528
299 692
990 195
128 785
692 37
901 557
208 917
808 934
384 796
997 941
524 251
416 473
646 734
738 696
96 437
402 566
849 992
676 764
706 268
539 101
641 757
725 747
770 895
512 519
422 681
268 8
642 969
724 971
91 553
695 22
104 620
988 741
17 414
161 297
664 107
639 909
564 92
438 690
758 881
950 525
385 613
25 392
292 89
462 864
277 147
330 368
618 30
561 917
226 735
274 232
76 298
865 624
556 414
894 290
891 386
908 353
697 532
474 17
970 937
407 782
274 112
266 573
904 335
564 583
16 145
359 440
195 122
251 319
695 100
157 55
69 100
13 74
255 628
355 535
174 318
265 903
743 551
314 357
876 303
510 712
709 124
919 794
609 100
327 328
260 564
538 388
351 332
945 71
691 631
954 853
796 202
101 157
736 53
475 212
360 186
992 454
295 40
19 753
144 33
297 805
620 807
603 536
456 922
155 585
154 525
692 491
307 43
64 652
231 917
551 560
570 452
163 685
389 107
457 467
207 649
460 600
759 449
857 811
23 379
125 988
577 779
216 915
575 725
880 372
544 623
820 936
36 413
319 180
75 768
35 393
271 898
912 776
796 386
988 374
258 765
457 258
25 454
742 618
480 233
63 537
800 570
464 540
893 885
200 963
753 907
138 96
116 761
512 769
926 511
656 196
991 35
482 389
705 452
669 842
759 994
39 578
18 803
449 535
813 506
874 797
896 739
437 654
934 42
597 319
414 222
35 161
937 379
679 324
102 861
980 248
650 723
305 740
802 454
650 632
269 38
220 964
150 105
553 434
506 479
625 30
284 164
801 516
617 472
646 286
439 482
812 515
637 533
326 818
947 683
762 736
747 690
266 300
376 998
555 778
517 902
214 626
991 9
618 115
23 176
346 957
569 283
168 402
279 407
43 923
964 982
107 603
676 876
483 906
950 763
613 469
675 829
787 900
456 608
445 715
853 700
922 192
456 929
776 40
94 606
724 12
535 448
800 931
562 372
868 898
855 636
668 552
681 750
861 381
103 235
607 137
368 792
608 7
986 493
73 90
372 278
771 926
232 796
949 491
415 783
189 518
986 180
569 38
643 186
751 354
439 585
346 565
906 914
915 697
48 579
12 497
954 794
549 731
363 29
561 408
334 910
73 580
882 164
137 131
459 93
578 205
114 470
7 547
551 237
656 844
179 117
48 34
28 692
786 275
900 791
150 464
194 68
265 670
480 902
754 558
422 717
195 521
500 493
133 400
500 898
229 227
434 402
387 688
60 824
211 606
232 894
955 629
28 706
1000 503
976 512
776 310
166 758
543 970
237 277
552 385
103 93
561 679
774 693
47 898
80 415
390 343
501 313
314 30
777 658
508 651
584 681
576 814
556 900
108 340
145 132
144 216
809 634
852 759
397 702
578 742
395 141
457 364
836 906
676 465
955 708
634 114
47 257
819 55
767 669
317 763
487 794
70 695
567 743
643 407
143 208
524 237
871 698
564 755
148 197
570 745
255 354
123 208
776 357
879 832
419 481
352 332
836 595
107 897
436 978
876 18
73 832
129 58
198 88
840 523
54 648
579 444
895 507
51 471
362 610
166 348
314 919
16 585
518 442
843 844
369 18
530 580
9 672
407 559
82 180
260 996
559 684
471 809
245 995
7 30
581 355
816 622
310 357
27 739
729 487
104 23
837 957
596 44
249 49
962 795
926 116
39 913
668 538
602 101
638 250
723 116
385 25
703 521
956 461
885 60
807 499
690 219
746 953
875 375
533 83
638 710
64 125
117 777
989 232
510 150
154 400
601 978
491 67
274 394
285 476
936 944
534 259
526 727
732 877
657 571
728 301
993 832
988 279
80 320
179 110
72 266
407 89
83 699
976 184
950 193
228 363
223 820
565 912
687 606
674 946
3 134
525 508
930 809
275 916
996 958
65 280
278 84
492 653
136 974
11 405
533 263
989 978
868 223
693 104
880 719
364 881
43 748
705 465
599 422
997 992
1000 128
901 174
95 298
999 614
905 235
991 366
433 446
826 188
605 524
61 797
826 772
93 264
654 931
5 431
845 758
635 879
963 761
622 589
934 546
558 719
623 166
557 153
846 138
709 839
27 856
345 896
776 50
332 495
227 690
792 188
105 247
837 240
330 721
438 819
766 236
40 233
514 528
969 102
305 499
362 313
769 241
731 684
725 11
799 420
652 370
540 631
902 447
397 439
856 965
907 647
654 143
251 957
423 320
715 227
43 20
84 263
266 291
705 697
487 599
453 99
155 881
529 723
965 596
622 456
49 194
911 291
399 122
150 53
92 326
114 204
484 500
125 16
995 282
921 378
995 284
437 626
200 297
470 634
730 831
811 735
381 909
184 503
47 864
814 777
206 106
942 660
405 79
549 24
812 497
133 42
148 949
238 801
206 86
551 863
546 100
380 467
679 122
390 66
624 801
59 644
468 127
537 224
76 266
278 454
723 551
398 698
217 360
742 645
204 167
827 192
39 100
943 375
873 417
1000 578
127 842
167 823
79 937
748 811
648 805
293 817
336 138
395 335
999 998
335 290
684 368
486 757
835 692
709 820
707 543
230 373
671 236
401 654
886 216
273 602
136 500
357 147
440 120
684 830
602 545
949 281
99 872
745 87
598 72
386 740
415 13
789 854
275 538
183 259
6 309
28 602
721 493
961 403
932 496
73 523
313 408
859 475
69 346
108 987
820 757
747 625
575 674
44 258
331 379
602 859
955 80
875 621
477 673
231 822
219 1000
792 243
303 525
811 144
722 634
692 885
940 215
357 112
138 398
750 375
161 558
773 346
680 626
685 361
363 306
304 184
979 900
746 191
619 565
496 753
590 388
880 558
767 600
703 169
527 353
27 125
798 479
747 590
545 124
191 106
100 891
660 408
433 737
265 948
481 124
991 748
627 979
768 809
700 162
14 297
975 559
377 184
359 973
284 860
171 17
816 752
764 388
804 350
470 890
173 372
24 75
585 921
736 27
488 792
611 522
62 461
176 12
214 666
857 586
713 503
974 910
897 538
376 854
235 740
342 916
25 869
842 936
777 259
838 182
389 168
825 53
914 991
826 709
855 805
11 553
767 635
38 79
153 548
989 116
980 17
926 624
201 482
687 325
3 185
254 13
567 258
751 200
964 336
560 3
271 303
937 247
413 112
401 120
365 198
177 859
309 975
734 251
806 237
955 581
633 65
41 648
357 532
646 737
931 395
178 388
868 359
855 583
149 449
811 339
367 284
173 88
317 655
838 570
31 180
990 213
98 809
594 264
434 649
578 677
865 925
149 99
641 179
280 652
80 663
779 90
7 80
630 429
854 958
765 440
234 673
379 11
35 857
904 953
409 800
962 708
164 47
511 332
797 741
59 393
41 827
63 498
98 714
145 94
228 73
756 620
516 893
600 423
51 869
364 129
62 963
910 748
414 487
415 334
157 197
173 717
127 865
630 171
534 922
929 738
688 193
755 729
130 903
117 934
919 680
520 574
779 973
725 75
368 978
45 934
302 118
567 99
471 20
918 885
562 963
248 638
483 706
632 619
502 538
272 271
885 510
805 32
596 580
20 329
149 618
279 931
941 744
646 311
766 408
513 472
417 962
611 411
431 186
534 713
101 512
543 362
325 505
351 173
807 473
860 563
713 332
301 404
30 972
737 535
314 242
949 498
980 587
913 744
646 519
160 320
213 786
353 229
401 290
283 855
169 276
505 855
287 401
267 310
744 869
829 457
64 400
757 766
100 419
980 332
861 135
268 879
338 450
945 947
140 143
403 581
98 822
774 929
720 546
267 29
915 923
197 365
275 603
191 301
857 640
924 791
389 275
749 835
101 677
999 104
237 833
352 571
400 142
379 622
818 893
128 39
706 80
741 163
929 358
337 997
835 459
132 228
487 863
15 317
898 445
838 800
549 605
843 566
171 536
658 677
290 649
253 630
630 29
534 825
51 76
117 869
865 796
479 264
529 568
375 188
48 803
418 524
231 545
712 456
28 388
403 632
680 331
819 754
611 969
394 14
561 355
425 233
94 238
510 775
77 747
546 312
716 906
86 493
406 393
283 569
131 486
66 649
842 414
246 726
32 710
855 653
932 675
464 621
662 873
590 664
496 880
612 85
720 23
160 895
47 835
777 601
36 648
637 692
298 793
252 638
852 775
106 747
351 610
257 384
705 50
637 747
467 419
344 930
654 659
324 920
66 203
429 661
629 917
310 171
4 419
533 410
757 871
950 323
952 51
824 774
158 86
231 53
975 748
107 388
1000 492
302 706
58 413
676 821
71 92
227 552
793 167
785 355
683 263
369 665
797 669
354 161
714 630
862 331
892 10
345 569
270 151
180 498
445 242
443 401
211 938
568 751
381 323
238 477
605 838
214 686
909 193
520 924
806 348
304 5
693 707
285 3
217 229
715 825
554 503
835 204
181 925
582 415
299 317
898 115
555 827
983 357
651 161
629 33
676 451
969 513
164 370
606 294
536 280
974 15
704 440
19 491
716 782
924 894
588 49
884 836
360 330
40 845
751 999
349 460
277 854
396 558
307 431
456 469
853 87
749 979
875 791
146 667
963 977
925 630
421 921
807 104
93 792
689 818
399 7
875 769
635 675
200 12
329 467
769 473
553 688
76 196
553 331
962 878
359 838
56 100
845 985
143 703
816 944
536 856
451 506
58 64
839 409
237 583
975 886
191 714
976 954
966 579
205 338
196 431
44 155
520 218
333 605
643 714
791 694
607 846
930 512
399 480
51 478
586 925
270 54
811 969
790 405
698 709
976 208
363 484
523 75
660 288
559 190
311 385
435 499
727 956
819 629
73 934
646 51
860 226
741 750
842 518
126 800
572 428
440 425
843 893
627 101
306 915
718 461
767 544
529 806
835 447
572 155
562 292
535 113
609 272
588 265
389 204
457 110
472 287
976 63
2 575
538 936
472 770
414 364
768 811
671 947
56 755
304 403
850 170
505 307
276 383
201 387
57 202
424 889
143 849
69 675
501 12
92 542
687 345
233 295
548 419
336 585
690 797
747 983
879 235
151 15
449 809
358 808
332 367
865 439
163 794
21 260
299 82
270 328
318 936
727 385
455 475
43 25
511 433
368 615
595 3
274 789
351 705
34 699
324 569
97 870
608 181
401 1000
747 842
320 997
446 907
521 720
780 390
425 760
38 718
153 108
879 44
881 849
311 880
917 147
76 152
446 158
842 990
233 437
88 426
752 863
771 586
979 182
407 868
327 777
710 8
464 216
61 132
560 73
677 38
228 41
878 87
384 945
823 34
750 707
179 682
1 179
171 542
902 862
819 472
516 896
729 793
625 127
179 553
768 77
275 23
7 286
899 250
457 734
893 465
508 475
656 802
313 992
329 903
887 348
888 884
409 794
445 168
262 677
658 227
383 764
732 367
388 775
522 734
863 635
979 711
541 966
351 293
362 248
430 802
968 390
547 75
222 164
877 15
275 451
487 798
964 11
211 801
388 598
145 759
79 867
412 621
200 597
398 514
99 387
86 920
537 939
131 169
241 950
547 435
466 155
33 616
897 434
714 201
249 32
44 921
731 601
578 441
488 349
654 642
773 491
378 102
862 172
982 847
623 148
373 635
326 92
511 92
389 175
534 287
615 481
216 471
126 629
293 84
288 912
883 999
361 277
95 802
915 975
87 119
525 386
295 529
13 422
471 201
53 953
193 424
845 236
914 231
467 173
7 342
292 332
731 573
992 460
734 760
901 561
288 826
136 17
405 693
391 10
275 225
885 493
323 307
471 539
542 307
399 424
754 817
558 550
239 994
508 705
237 886
378 554
783 373
281 535
867 161
214 161
567 201
604 193
635 52
937 666
754 461
477 963
148 142
415 23
386 957
939 819
956 609
586 441
439 746
588 487
662 460
496 308
958 971
395 218
24 621
726 289
383 471
93 709
249 673
227 79
15 109
125 995
612 611
781 845
137 508
959 365
348 731
791 543
233 603
126 740
669 711
505 50
606 841
209 985
902 625
883 638
13 398
23 614
803 160
375 483
981 722
208 396
178 676
675 161
734 152
680 823
411 376
2 53
700 142
782 315
230 181
2 297
604 31
196 504
253 92
854 634
874 556
524 999
631 268
261 433
893 762
92 369
92 399
165 447
628 11
877 201
814 314
502 800
6 362
315 634
427 283
835 15
208 568
38 497
484 109
345 29
355 644
404 264
429 322
609 940
984 629
332 712
978 724
96 906
537 40
392 13
731 536
30 132
664 204
102 762
710 374
247 120
160 882
10 967
417 247
94 879
177 942
75 412
80 974
976 75
185 539
706 769
729 790
34 412
213 482
558 580
698 676
256 199
682 914
743 745
899 553
349 415
111 669
921 880
647 969
874 975
795 697
133 340
120 975
293 462
931 147
434 407
155 275
688 482
3 395
735 493
657 699
604 755
785 29
231 800
187 291
435 896
270 825
202 402
877 141
418 10
658 542
182 922
463 130
142 453
178 142
711 738
259 27
550 589
283 1000
12 827
333 77
323 288
722 928
3 163
320 79
704 80
908 496
246 63
881 556
179 544
390 91
615 981
178 833
355 281
575 849
130 157
189 936
314 659
500 269
565 922
362 52
660 911
546 603
697 104
547 735
798 40
480 899
409 921
625 812
119 532
106 935
205 977
356 980
342 390
402 20
825 315
182 689
463 450
461 822
72 798
184 719
629 383
683 563
276 560
189 816
981 745
326 762
950 350
965 25
893 244
468 170
142 713
668 896
247 756
238 527
75 267
436 566
653 433
239 336
898 635
986 799
578 70
487 121
749 597
397 612
171 523
108 73
873 773
485 274
37 43
494 222
277 629
569 254
23 171
698 769
326 847
569 437
113 840
899 607
288 347
63 564
255 54
145 4
685 47
317 374
383 905
166 882
903 180
915 986
23 439
889 170
239 324
48 729
256 808
843 618
540 142
969 129
214 683
513 940
303 482
591 287
902 691
997 706
831 541
690 686
268 126
48 632
294 186
135 861
2 421
469 884
788 151
761 780
438 956
733 65
251 34
483 98
486 152
121 841
804 654
249 487
303 786
464 940
947 718
990 636
546 928
205 85
203 671
182 771
598 807
464 68
336 394
925 877
113 582
435 831
864 612
265 441
846 649
225 47
462 339
163 296
923 264
19 628
848 610
240 737
767 78
251 854
709 116
11 726
802 245
366 701
188 3
701 900
416 126
197 840
284 644
864 199
329 353
695 388
48 862
658 506
67 127
320 2
606 852
334 538
787 948
907 465
297 871
466 772
346 148
812 907
290 935
34 722
664 492
537 841
685 875
249 667
462 296
490 666
272 787
396 665
884 693
577 568
278 805
578 791
741 647
909 140
973 350
671 681
553 706
721 891
184 832
403 791
513 384
377 382
26 409
479 59
718 350
344 209
147 180
480 614
822 163
271 658
663 865
386 541
937 71
49 518
870 835
100 476
702 269
73 498
122 989
567 142
229 10
999 49
958 398
41 674
27 570
826 575
606 535
156 831
664 711
7 422
777 249
241 688
172 13
780 32
91 349
159 917
944 352
898 908
242 341
682 356
461 633
904 259
866 563
767 511
177 912
416 595
43 610
937 74
216 317
124 332
859 504
259 521
287 924
290 172
115 847
293 168
835 324
22 553
526 861
956 964
43 112
96 976
840 981
470 612
343 528
200 187
165 268
404 120
582 340
768 929
149 769
436 61
514 648
101 610
497 502
873 79
121 725
490 353
550 10
36 146
277 860
853 369
63 923
294 505
391 817
77 268
793 174
418 620
956 301
413 887
375 716
901 29
607 973
558 962
679 362
2 340
319 527
324 524
576 192
393 992
883 992
10 559
692 824
756 344
462 910
603 425
15 226
479 285
673 720
224 703
145 633
366 447
836 630
127 90
376 64
971 352
494 155
968 708
261 208
79 134
941 224
836 5
8 492
635 837
196 745
877 479
577 57
483 398
768 135
984 688
421 250
34 817
934 463
214 884
336 772
269 914
20 473
292 323
176 228
160 665
468 402
806 802
353 698
448 179
743 66
976 864
319 904
381 128
661 352
260 852
655 237
326 34
207 576
654 368
782 438
514 260
875 740
182 288
435 201
469 229
626 477
502 45
678 371
712 717
411 972
178 62
397 296
794 601
401 836
61 32
776 313
755 893
570 583
345 209
649 408
515 65
772 318
989 909
54 545
309 913
998 161
749 885
170 141
919 830
107 172
463 935
201 561
266 665
456 191
659 442
309 969
383 673
452 769
93 366
447 592
137 701
247 216
647 880
779 758
350 475
948 348
381 496
206 716
296 159
457 730
2 240
494 923
185 773
279 982
185 859
487 27
44 619
684 753
358 875
358 639
464 565
479 416
691 824
22 137
819 995
840 925
574 174
96 879
236 974
683 821
222 393
226 326
405 894
296 501
816 139
736 746
437 412
235 976
889 906
373 476
11 180
441 356
120 335
311 127
453 279
10 920
676 540
843 67
559 504
134 910
426 929
751 482
277 338
845 405
173 650
289 593
708 675
979 97
459 66
640 661
538 717
531 62
391 34
846 880
212 17
254 648
493 424
259 626
402 476
889 885
518 303
538 813
159 789
92 520
862 530
454 902
495 911
393 827
837 302
172 379
683 757
291 767
130 336
304 87
579 667
266 498
196 208
927 414
642 765
344 392
225 746
144 214
294 571
420 683
68 338
906 284
930 754
293 178
104 618
690 211
417 80
918 558
710 773
910 323
116 97
840 698
850 415
424 332
433 882
605 555
156 29
419 125
960 61
668 93
806 9
372 61
414 938
806 916
7 511
517 408
998 657
879 677
782 2
296 815
925 539
719 27
621 786
980 721
570 35
339 753
505 665
401 22
241 858
753 292
66 380
656 230
143 794
627 45
397 112
867 974
241 754
321 681
191 36
331 99
218 492
698 245
752 253
958 625
43 190
693 122
762 530
519 484
526 769
8 426
245 334
293 419
215 789
944 952
861 938
360 633
757 55
664 288
726 697
834 861
949 365
979 654
835 60
315 766
814 265
378 353
126 303
810 822
334 709
32 615
672 144
269 545
621 488
975 990
979 763
832 673
610 835
327 582
662 891
87 112
976 408
836 118
76 466
517 173
720 219
429 607
938 271
100 354
278 641
775 311
202 236
813 559
976 170
124 206
880 500
936 831
663 935
259 981
44 436
659 559
82 765
308 470
612 442
940 643
511 374
628 304
54 330
454 881
825 473
910 625
248 858
180 806
999 579
478 791
175 449
550 314
389 751
339 551
7 647
210 463
457 635
488 579
246 143
30 419
989 558
108 505
256 703
740 28
713 960
110 338
241 646
762 971
179 79
955 779
475 532
698 161
23 872
718 786
76 877
180 624
472 972
690 790
70 285
587 924
864 330
914 616
563 444
749 210
954 452
655 16
38 717
232 369
556 954
816 335
361 889
886 395
69 567
747 946
350 835
548 184
619 60
725 819
507 236
563 411
579 230
333 537
679 912
877 391
331 112
270 50
186 875
129 517
571 269
729 526
481 443
17 389
924 471
128 647
814 485
52 739
861 496
157 594
921 570
549 558
979 966
578 404
996 263
885 172
840 47
513 472
166 281
587 722
190 569
76 315
681 701
367 331
369 528
318 811
577 998
435 869
249 994
150 852
69 795
39 363
539 835
392 764
93 162
853 225
159 209
306 432
587 757
366 946
809 46
735 453
64 12
549 514
569 30
779 555
905 603
682 586
975 629
367 952
674 797
777 271
257 237
19 672
830 393
988 995
222 998
835 850
69 640
488 101
62 389
635 725
995 26
621 287
16 645
46 891
247 586
831 127
196 566
661 977
861 604
125 438
350 679
410 707
563 201
571 733
972 677
453 72
787 135
259 227
670 343
538 959
513 927
576 424
421 270
198 837
504 949
30 139
755 869
344 513
67 445
736 27
241 662
842 251
789 290
650 516
800 918
950 590
708 20
489 149
753 649
352 809
873 611
773 498
55 963
245 865
70 187
591 320
827 324
258 294
462 168
323 15
532 512
963 424
280 397
426 119
874 291
329 997
548 501
208 744
816 526
341 174
516 168
383 457
879 825
522 823
188 979
508 136
796 938
87 470
593 170
652 185
407 413
375 120
883 109
837 286
968 996
157 430
563 686
565 368
270 839
854 333
973 618
895 987
801 876
670 351
537 293
919 650
290 883
837 222
566 235
838 236
832 584
908 43
374 694
804 308
446 780
615 562
79 32
958 440
803 417
517 835
731 851
134 243
360 295
43 203
382 374
241 970
422 625
541 245
581 605
829 976
184 35
814 30
858 233
622 91
768 812
899 405
13 286
148 840
758 401
646 798
79 693
499 356
465 8
962 93
824 677
510 514
293 831
57 152
25 260
692 479
30 496
144 879
902 874
520 266
445 78
348 625
533 116
827 424
557 603
102 463
226 123
119 973
198 247
111 284
758 279
425 728
613 88
356 201
410 873
342 626
980 865
367 284
720 931
973 473
351 421
755 456
957 959
755 939
459 715
436 320
155 121
724 335
27 575
953 34
338 20
707 17
315 226
530 103
201 422
448 286
181 129
409 327
122 541
454 717
425 447
15 434
537 967
47 735
287 182
352 60
688 247
596 812
510 627
487 16
528 940
434 311
17 461
219 779
652 929
854 296
283 971
329 697
289 502
427 74
919 341
430 783
840 398
143 5
463 901
672 830
42 445
910 928
839 578
546 968
710 143
808 517
669 615
933 485
136 862
768 216
513 776
764 42
657 925
110 260
871 729
77 488
197 248
180 609
747 250
267 438
123 254
317 487
302 8
720 191
694 494
667 931
420 686
550 23
501 583
445 143
998 218
317 983
784 156
135 469
545 32
463 892
625 308
193 572
398 281
734 342
888 106
93 178
747 193
644 866
873 366
883 724
604 995
168 673
830 107
833 726
289 204
558 692
301 735
476 73
191 904
584 959
850 150
611 760
27 199
936 327
914 877
883 833
277 588
663 299
197 343
272 762
635 930
329 997
946 595
211 75
654 180
287 551
467 592
219 150
38 784
619 449
98 73
957 815
876 167
298 909
9 912
195 924
752 142
732 990
290 721
886 461
42 315
166 712
432 562
416 775
890 967
280 561
206 56
14 673
686 554
637 541
456 688
751 721
199 846
505 947
569 259
598 561
541 93
404 626
472 875
973 551
563 187
681 473
506 975
967 16
158 414
85 139
840 905
507 727
32 205
912 123
185 939
575 996
425 239
249 607
537 171
472 354
329 256
425 809
945 646
763 219
500 566
660 377
167 669
65 304
13 676
15 592
656 248
323 899
80 37
610 218
567 45
317 889
3 41
232 64
491 335
250 967
947 312
559 840
641 245
139 805
593 607
97 95
589 47
841 822
269 761
98 236
101 649
452 780
266 156
76 781
460 321
625 60
444 934
632 27
932 386
344 442
891 849
25 58
645 750
266 406
341 283
963 130
298 234
72 968
521 917
365 15
939 903
767 691
395 932
707 955
765 938
303 37
998 650
370 639
189 376
700 623
838 946
15 571
675 789
370 71
555 901
404 803
746 8
433 968
892 63
431 629
229 864
521 592
769 488
271 227
68 564
62 3
860 436
195 389
94 821
340 948
404 710
81 670
122 24
382 873
807 80
48 238
814 827
944 163
29 587
846 752
811 886
304 907
833 678
254 825
650 41
518 100
212 567
528 722
855 26
538 815
953 399
364 432
530 956
572 114
595 692
783 153
103 111
770 690
75 143
625 696
414 763
894 67
267 306
672 124
76 999
451 405
216 352
680 947
310 182
564 423
185 602
271 577
654 87
712 1000
666 131
170 362
470 184
501 705
18 97
19 677
50 930
71 688
330 773
992 629
176 147
326 33
876 905
286 293
313 384
499 152
675 480
371 231
886 480
393 354
236 881
513 117
139 380
620 405
895 528
540 107
637 386
86 735
189 623
494 323
819 909
359 710
302 360
312 480
578 389
122 865
544 225
160 722
979 446
750 937
973 66
762 344
280 43
477 690
48 892
961 925
633 310
47 788
949 771
693 804
982 999
455 768
694 219
699 235
356 56
93 117
5 302
5 117
820 499
550 711
444 621
622 126
778 8
767 460
760 570
846 362
67 110
890 104
570 642
736 621
268 277
1 537
110 907
119 637
443 498
723 943
94 948
921 165
488 189
143 602
360 348
83 991
177 298
832 106
115 68
335 969
978 437
515 811
200 372
947 878
235 199
456 811
75 695
61 878
230 976
380 763
405 142
851 311
302 926
887 354
609 15
790 184
218 262
726 195
182 978
376 463
332 696
925 292
442 386
369 920
236 359
131 697
858 670
617 52
507 588
463 824
635 295
694 18
467 491
565 391
846 413
625 749
680 595
773 150
501 580
112 269
265 143
723 781
452 691
78 845
415 330
264 72
635 841
931 475
468 355
100 309
952 966
5 997
681 744
349 336
497 95
649 35
543 80
944 912
330 123
799 530
875 486
906 24
823 890
166 624
148 754
486 864
946 819
284 960
656 477
109 115
392 574
911 878
592 932
371 339
57 521
281 802
330 208
783 506
801 820
981 468
740 963
347 607
544 321
114 792
231 561
863 208
986 358
279 212
204 681
941 886
582 142
412 541
8 566
595 815
885 952
990 327
567 949
998 714
351 423
943 197
708 292
325 315
304 286
150 410
872 973
153 241
772 98
122 791
90 779
95 922
546 917
477 533
75 161
576 280
683 439
581 427
373 474
607 877
584 76
77 113
980 764
394 924
95 329
270 955
185 70
815 651
74 488
106 657
744 282
704 497
852 217
530 888
443 365
610 53
487 825
66 755
392 681
98 205
222 644
884 765
766 242
400 437
357 824
356 217
945 347
924 467
762 215
89 200
7 355
441 230
672 46
832 772
31 116
330 602
6 332
379 806
116 192
129 324
298 59
587 420
57 493
877 530
76 130
65 307
124 988
479 675
868 119
816 730
582 320
321 293
127 25
610 829
955 547
390 352
743 225
122 478
795 853
276 628
510 50
86 912
296 859
397 81
675 568
410 745
224 332
140 755
288 194
739 374
692 694
418 182
853 573
480 94
786 790
999 888
819 135
867 955
822 198
24 243
636 473
29 677
43 230
396 53
303 239
195 127
258 599
178 283
796 915
186 7
913 717
354 493
326 518
772 299
84 364
645 473
727 596
176 90
286 989
107 538
10 741
108 987
50 948
322 850
367 412
173 81
387 219
235 215
331 540
396 307
112 882
744 14
600 697
468 267
285 635
376 673
996 174
212 767
838 604
708 30
758 39
716 140
15 932
312 967
909 264
88 621
83 17
268 63
125 472
189 243
55 898
488 812
941 374
353 157
375 667
796 786
448 678
675 9
167 717
963 205
12 227
719 427
9 691
997 519
205 766
537 696
9 100
990 147
672 704
230 43
556 286
481 741
638 315
601 490
513 899
251 787
594 722
361 841
886 821
420 470
991 575
457 978
480 390
301 350
7 160
713 444
553 81
417 125
386 805
341 121
948 478
871 148
501 236
512 647
90 64
905 495
421 619
710 322
20 424
259 991
98 166
581 808
474 958
285 469
458 386
123 29
708 24
375 427
11 842
762 915
509 79
535 488
405 708
557 323
196 238
471 919
358 860
915 226
833 214
192 350
679 657
797 472
317 27
601 447
460 556
597 828
113 312
832 909
765 162
546 651
810 860
734 784
155 528
818 10
644 275
675 801
695 482
673 698
794 583
554 542
345 997
275 998
101 1
288 271
556 207
558 156
161 119
415 229
336 418
276 709
430 197
568 464
270 879
722 754
748 520
975 767
175 612
925 576
508 2
910 446
937 389
295 283
41 262
457 257
362 279
124 373
48 328
850 486
540 714
792 716
233 608
317 721
539 723
766 332
527 300
180 756
75 32
79 627
106 625
960 848
403 875
631 457
822 613
645 170
27 67
443 777
352 720
294 554
141 92
558 221
98 200
464 438
357 92
956 401
989 34
626 171
859 502
741 216
687 834
671 524
479 57
527 314
28 931
77 783
761 957
284 554
162 936
124 47
141 96
254 856
598 102
828 909
344 732
991 538
461 844
993 543
632 342
712 454
565 55
676 972
477 230
565 66
769 969
569 211
513 22
961 436
417 548
363 526
396 810
614 453
441 345
360 817
113 92
468 379
73 601
517 400
99 881
367 987
932 172
648 984
338 834
659 907
60 511
517 516
706 504
982 171
86 511
119 503
608 119
975 349
487 714
371 529
123 609
319 943
752 7
643 841
570 837
496 362
366 193
611 667
183 718
600 306
715 947
429 440
29 376
951 756
893 99
825 124
307 104
148 980
592 333
231 505
871 837
703 165
512 545
394 699
672 215
223 804
585 547
599 720
918 139
67 119
386 498
421 154
358 249
533 561
984 987
40 606
350 481
245 178
440 411
893 128
672 501
234 780
367 708
406 53
77 971
384 680
808 163
843 875
987 489
598 397
327 240
259 171
751 143
255 159
865 131
406 50
557 689
502 539
427 866
165 997
642 596
488 572
101 196
159 52
204 56
660 505
46 600
591 834
42 91
375 638
998 559
365 738
532 168
866 654
192 570
553 546
843 86
862 485
92 266
670 742
283 600
676 754
49 81
451 41
145 644
803 202
79 238
517 102
1 382
584 356
114 499
669 450
553 649
397 495
773 580
706 330
239 310
761 872
918 263
184 967
132 13
300 535
475 379
825 494
845 730
904 224
209 980
410 446
372 593
491 922
303 70
872 486
328 282
451 326
970 102
262 166
875 443
421 853
343 346
696 717
567 982
905 288
666 313
126 608
974 811
947 496
839 70
989 432
985 668
630 628
206 888
655 621
247 773
807 770
184 31
21 631
601 498
943 40
519 64
35 18
211 522
739 67
752 809
716 808
287 886
79 826
237 114
16 468
661 587
563 961
549 697
310 692
283 588
688 265
962 709
811 327
461 153
250 214
535 747
106 177
122 269
54 949
341 732
12 849
440 954
793 818
666 327
509 216
766 431
953 999
871 650
623 26
367 391
114 465
838 162
438 677
249 464
370 633
569 513
870 598
811 868
145 54
374 841
446 27
137 247
457 619
324 614
541 190
959 788
324 384
803 728
180 520
572 843
618 656
65 165
964 155
90 217
219 705
55 782
849 839
11 739
576 796
380 116
836 139
346 841
849 146
987 779
766 830
316 606
153 173
515 913
596 870
853 305
319 268
201 215
790 40
723 58
354 263
566 812
169 594
879 329
33 360
50 715
94 897
292 444
385 886
216 867
242 421
919 751
434 998
19 552
756 248
626 195
643 635
480 133
920 324
20 306
786 79
209 452
535 68
542 895
19 487
755 420
196 15
922 249
691 604
95 940
604 169
318 211
516 707
62 110
128 147
110 534
282 47
651 367
148 315
35 17
479 211
599 788
915 805
539 332
693 292
872 27
261 840
872 223
410 471
811 891
33 753
738 601
579 888
16 586
576 828
388 603
952 872
963 336
342 358
106 230
824 709
353 284
222 743
525 3
612 819
85 909
677 599
832 51
127 251
856 593
172 8
185 72
227 167
945 550
853 258
801 120
361 927
371 544
128 477
240 929
181 114
438 238
161 320
949 49
889 86
93 292
239 650
195 733
137 322
927 161
795 886
424 112
800 982
250 634
853 917
544 283
505 401
425 685
65 562
578 164
184 921
4 40
238 120
884 446
43 545
256 628
658 903
27 832
948 994
287 699
201 189
649 219
396 501
874 427
682 189
427 956
609 219
150 950
902 444
468 386
170 7
724 319
840 487
943 587
55 68
128 770
834 137
934 373
206 132
723 922
828 578
283 314
187 469
706 811
354 788
777 316
35 603
94 783
449 59
201 681
763 823
785 714
303 621
478 649
678 178
744 396
221 524
368 486
555 804
739 717
282 25
239 942
220 280
603 254
195 475
467 676
213 811
96 17
549 58
14 481
762 395
258 97
808 705
865 518
792 36
880 969
188 228
345 953
378 385
380 724
505 530
724 885
204 132
98 351
895 257
212 900
34 435
283 571
767 50
403 554
11 413
474 636
58 745
967 930
219 753
757 16
965 881
378 50
900 221
962 575
150 310
572 734
982 782
779 338
550 837
641 573
953 503
339 927
309 766
237 893
885 203
994 299
434 743
398 668
844 671
679 478
948 696
939 981
763 4
564 851
297 206
505 313
948 338
210 183
543 988
880 830
519 8
701 380
255 884
390 554
92 802
981 699
801 640
141 224
328 516
17 800
562 128
743 672
501 816
425 780
508 12
195 72
713 69
44 303
609 997
780 301
607 473
953 36
363 754
706 832
635 704
823 335
760 929
121 94
986 633
191 167
178 250
462 156
453 517
472 134
731 230
878 227
22 631
533 593
929 187
429 129
664 217
20 367
884 171
293 295
899 737
43 904
96 450
660 163
176 410
16 149
76 814
670 100
389 184
256 763
797 988
337 807
194 895
906 854
352 965
180 926
103 133
646 379
139 316
229 819
595 65
873 330
60 127
417 67
404 603
224 914
334 451
224 345
613 455
392 273
586 182
636 640
848 68
381 339
359 307
483 327
196 389
210 397
103 423
390 323
767 512
600 38
583 555
492 547
404 609
847 414
974 877
149 265
975 663
561 818
655 1
121 184
321 859
434 817
691 606
80 69
466 52
944 567
643 923
428 862
334 674
30 626
382 210
240 238
999 324
416 108
478 74
423 641
183 820
281 893
618 46
958 712
104 569
906 737
36 539
557 745
72 897
864 302
3 947
414 349
830 686
997 45
845 201
577 830
86 301
685 24
588 568
137 787
351 200
297 281
300 362
930 162
643 95
789 409
461 687
879 643
722 10
464 626
748 384
742 871
86 334
708 330
533 252
571 277
127 460
645 539
981 184
286 823
367 817
395 936
744 104
598 446
391 642
770 73
610 597
841 944
549 532
518 125
998 691
199 633
928 941
594 168
190 371
266 839
621 762
654 148
685 505
936 935
334 38
687 305
430 728
670 936
823 729
935 767
765 371
679 980
387 982
363 681
469 560
29 259
515 754
881 131
726 678
414 811
133 913
710 73
830 719
648 75
262 153
866 372
243 711
933 748
958 120
777 421
303 131
726 684
344 957
7 138
442 841
205 974
647 302
815 580
375 521
257 709
508 847
848 737
1 385
654 826
661 862
983 527
185 957
711 843
730 606
861 47
737 553
897 264
618 735
618 268
538 199
59 392
807 336
793 698
694 132
292 132
608 196
520 677
519 402
465 989
753 510
928 375
20 331
816 838
943 974
808 160
784 508
16 801
730 790
754 922
995 386
710 712
658 191
612 128
867 774
469 715
577 54
209 363
342 558
46 271
533 272
495 57
357 640
277 233
617 629
348 321
192 408
63 161
79 949
179 633
471 345
444 221
459 622
494 213
393 916
389 959
265 771
113 522
820 920
19 114
720 420
893 306
260 786
314 809
987 115
980 686
416 752
139 907
814 482
325 722
633 806
870 541
370 349
478 182
433 445
77 925
583 371
973 459
968 837
155 244
504 117
20 194
271 449
669 659
432 721
673 710
601 642
963 311
751 806
684 700
530 466
971 348
264 705
531 526
454 999
610 706
731 65
159 195
382 386
565 594
130 398
941 968
766 697
126 811
448 921
633 863
210 759
760 65
378 537
834 258
732 395
578 568
629 145
845 400
818 556
343 830
18 305
976 671
130 12
21 382
928 664
708 69
952 432
357 698
802 522
625 166
315 126
793 632
57 425
84 960
151 720
379 864
212 856
136 858
922 630
978 744
714 411
984 515
862 337
852 910
563 854
65 164
261 886
124 842
968 524
777 790
565 627
686 958
846 51
657 261
768 521
174 943
868 210
917 796
16 766
540 791
543 217
507 255
786 867
394 966
835 397
506 629
258 501
155 988
160 523
820 375
858 347
642 756
607 519
975 428
112 778
739 851
670 895
80 75
649 582
144 430
909 217
6 701
658 9
877 49
202 414
930 553
82 925
303 998
75 843
748 832
60 244
530 168
937 951
117 330
692 368
712 735
422 70
851 291
428 947
399 394
153 345
232 710
795 210
784 470
302 735
78 950
555 658
705 693
76 857
955 612
109 760
530 348
801 631
670 621
146 872
93 347
826 261
425 337
304 99
771 812
341 217
482 109
681 357
78 887
784 188
599 794
789 932
682 995
845 406
212 120
335 545
144 159
878 403
512 972
193 845
714 640
378 198
242 957
57 346
398 62
422 923
404 437
245 267
206 719
869 598
112 45
995 250
592 779
747 845
506 972
988 296
559 641
882 267
69 723
115 772
527 410
437 283
456 279
628 511
945 615
111 760
431 350
202 543
538 533
737 238
920 497
462 464
472 650
24 386
920 460
816 559
449 330
435 401
852 189
950 559
506 793
107 678
668 550
662 368
33 37
137 503
398 56
45 714
569 82
661 966
266 226
349 339
412 845
940 246
485 194
957 596
855 214
461 113
853 811
831 629
203 867
998 660
547 374
508 490
340 949
453 552
304 687
543 304
690 576
307 395
915 35
354 411
352 23
220 158
748 364
12 957
341 318
528 662
350 445
234 347
545 738
789 355
86 996
98 379
370 549
66 865
726 329
582 895
519 483
50 762
521 748
612 772
271 659
63 138
892 5
149 64
714 628
396 734
145 748
79 495
13 263
985 523
180 153
90 586
262 723
457 619
260 559
834 577
905 286
675 800
893 868
815 326
534 222
384 203
294 458
213 917
780 241
679 63
78 780
528 762
434 182
620 132
608 737
184 377
216 751
843 998
387 59
508 391
90 86
597 613
699 476
591 928
186 448
879 662
466 893
145 143
537 592
997 782
123 533
815 200
200 770
217 519
357 653
222 619
787 78
923 524
939 343
962 455
552 966
506 716
333 582
788 793
41 395
989 775
29 379
761 473
273 636
689 59
727 129
846 904
595 230
53 238
457 110
103 517
241 457
999 305
332 998
98 570
360 976
652 48
430 454
880 569
759 132
831 282
400 970
13 459
195 43
184 772
706 821
723 76
192 676
365 605
184 315
191 74
29 796
11 201
502 644
288 212
162 686
121 431
18 178
570 838
147 753
931 754
636 38
999 668
369 876
980 478
403 924
936 363
507 261
645 811
747 662
574 60
993 460
178 504
834 222
740 905
848 408
921 106
572 86
675 613
676 49
152 473
598 903
419 927
454 719
769 470
380 444
79 734
496 982
211 477
391 374
610 948
106 14
800 419
778 711
360 317
533 802
150 541
347 293
194 215
737 20
990 286
806 907
124 561
573 164
310 626
969 356
583 394
183 519
59 474
75 507
823 690
321 479
292 150
373 66
988 275
195 469
614 43
792 823
589 525
426 905
99 397
16 914
197 505
833 975
899 234
554 500
165 490
627 137
479 266
464 477
50 749
951 411
983 590
859 961
566 221
381 69
682 412
87 242
681 895
472 689
674 97
291 120
268 662
118 69
614 268
237 153
387 421
775 488
711 742
291 196
993 52
132 118
130 468
101 309
745 840
811 313
224 377
991 703
383 670
891 150
513 17
424 108
787 899
52 582
217 192
539 119
989 544
328 384
561 490
137 339
616 688
544 393
376 804
738 48
117 243
916 736
821 602
294 356
914 269
697 206
727 55
270 611
256 271
396 545
653 796
150 419
847 253
729 601
87 825
613 545
91 901
994 631
979 113
95 473
573 595
543 550
722 355
749 677
15 944
209 255
242 142
691 224
793 168
36 813
389 57
955 448
303 475
778 395
177 73
830 296
108 873
975 299
238 87
167 430
689 720
783 865
896 263
759 386
117 610
44 888
384 410
133 27
923 799
369 906
943 715
353 618
86 157
167 883
293 438
624 659
311 881
7 869
964 698
747 832
228 335
652 273
899 867
83 399
565 794
494 967
523 119
160 45
978 905
375 942
568 652
573 712
458 175
335 725
402 312
352 860
95 589
471 269
965 313
594 368
766 311
139 725
662 485
279 734
70 384
286 16
262 337
22 969
788 754
569 74
556 688
615 772
375 466
120 659
947 838
641 550
603 579
855 732
745 742
943 639
206 36
878 357
621 379
785 734
513 605
12 987
890 30
826 342
7 410
16 440
605 627
523 24
614 286
869 230
923 479
95 112
142 279
801 434
864 200
31 437
928 305
591 822
337 423
554 730
979 427
964 997
214 751
163 316
352 807
75 241
474 838
782 553
926 11
783 691
619 29
861 679
159 862
229 598
951 610
944 805
846 307
22 32
99 292
647 418
412 761
34 605
258 176
839 275
175 887
276 238
411 460
906 680
194 798
600 343
972 831
63 913
222 759
660 433
300 991
448 104
72 451
546 651
735 883
964 30
753 663
544 15
435 424
421 426
240 141
715 310
708 748
944 589
619 736
874 293
400 854
199 778
229 994
292 690
317 222
78 638
428 13
544 357
433 748
674 334
952 29
714 291
396 201
550 401
107 738
507 616
859 191
772 851
143 566
915 434
811 929
449 195
608 116
954 584
507 830
265 533
235 802
944 362
591 84
955 641
592 428
360 255
224 804
13 247
56 619
166 307
82 608
770 588
173 736
13 326
717 723
146 693
357 305
621 1
426 300
391 271
74 413
941 406
230 897
262 653
319 269
130 779
761 296
21 583
97 506
251 706
894 144
781 687
345 443
84 523
264 720
511 440
628 721
150 591
866 808
622 366
527 435
73 299
336 89
534 311
476 694
163 77
924 172
668 107
683 500
432 197
664 294
316 395
139 742
167 229
593 705
495 180
571 66
554 556
731 829
541 602
841 132
786 28
731 444
823 743
640 798
678 798
36 43
126 436
259 456
155 992
87 651
114 690
986 145
462 510
738 693
778 659
652 741
22 10
54 975
63 579
711 362
124 364
478 694
134 39
901 410
356 888
206 514
563 420
796 817
880 600
253 671
85 844
405 499
331 320
33 485
552 905
624 79
744 147
594 952
142 86
60 586
916 700
418 196
286 464
288 307
719 906
107 491
195 498
700 385
351 14
74 24
896 920
485 855
991 129
663 71
214 311
401 900
596 996
477 165
167 145
484 470
453 441
237 473
456 160
399 592
740 669
137 41
959 753
619 704
533 732
184 658
76 963
469 396
85 153
865 617
34 191
5 46
495 412
751 909
884 346
104 504
84 294
979 2
46 298
348 209
852 179
43 863
253 453
723 286
770 380
861 778
830 807
333 725
471 288
332 173
714 918
16 292
588 32
537 510
906 82
58 895
659 475
543 302
117 179
300 893
590 860
754 718
522 937
782 400
669 905
99 275
725 703
657 940
400 448
879 624
903 445
839 60
337 482
458 162
587 847
43 92
825 57
398 515
249 561
891 150
717 599
651 874
337 58
291 264
88 520
929 389
109 875
503 984
529 486
147 360
801 855
340 974
237 34
166 371
852 164
809 9
990 495
634 836
475 664
387 890
446 632
265 532
171 610
91 142
813 528
380 435
283 674
679 276
971 599
325 962
827 439
438 735
805 459
104 24
959 764
399 457
52 405
609 112
904 937
512 544
517 869
766 722
165 185
630 541
361 369
37 279
199 470
660 210
750 661
513 277
268 80
555 475
364 454
936 542
53 392
455 227
283 148
747 881
639 540
971 528
347 969
304 722
1000 848
463 611
692 439
498 620
711 953
215 272
932 739
680 768
319 572
356 648
592 727
82 661
579 755
852 756
245 399
164 499
316 98
568 521
371 722
284 167
874 735
656 806
188 20
144 827
459 894
64 730
540 14
371 743
692 289
447 333
306 747
971 142
170 819
566 396
146 958
388 214
992 213
687 475
711 422
406 360
648 449
799 542
785 540
93 472
852 528
71 739
89 972
209 304
415 95
714 141
580 374
876 924
454 10
313 392
833 498
347 475
447 583
731 162
249 578
168 576
848 390
386 482
959 679
491 815
791 840
289 403
980 149
193 903
217 629
526 717
542 317
845 416
310 176
501 715
239 801
414 889
516 638
513 947
41 689
608 815
853 55
648 873
651 194
605 118
206 204
249 436
215 263
743 1
435 272
249 222
440 24
875 258
139 821
866 934
56 79
380 806
652 476
424 977
449 834
543 129
959 433
12 457
612 888
264 728
88 258
834 898
340 504
201 238
795 77
693 172
990 152
716 643
550 284
25 566
477 931
190 873
686 939
203 225
271 510
302 845
8 77
59 347
125 772
100 768
647 59
509 374
615 64
71 376
251 133
597 473
919 635
464 725
597 903
244 649
115 608
25 519
439 989
352 734
945 354
397 144
458 936
694 58
223 89
568 519
582 471
80 453
86 549
680 702
25 810
686 76
60 144
125 528
475 633
501 938
189 606
188 129
378 982
493 161
718 482
896 351
324 879
996 241
83 856
605 139
671 780
913 583
121 420
530 41
202 255
93 300
344 749
37 844
590 100
570 677
186 862
925 711
180 470
855 225
306 422
745 455
31 75
835 575
859 302
138 966
224 835
335 102
412 735
782 908
213 371
260 355
903 688
214 99
503 15
63 404
511 38
876 337
559 463
785 2
856 328
229 172
388 594
917 172
948 708
879 501
357 139
295 322
339 687
417 898
609 529
574 538
898 123
93 182
606 400
145 930
348 550
838 590
887 472
924 45
970 8
109 550
443 49
850 751
545 169
743 578
584 674
389 294
932 693
133 86
445 827
126 426
565 288
602 780
53 614
33 738
470 143
458 137
987 510
190 484
212 580
605 82
496 673
387 31
887 94
99 781
173 904
351 87
294 147
301 524
171 571
376 208
580 893
599 453
783 543
428 433
193 419
190 50
784 474
201 877
316 392
663 875
705 529
715 49
170 95
472 786
688 731
406 659
405 526
374 232
937 261
225 920
483 211
516 880
949 967
470 559
327 540
954 142
692 843
194 276
875 934
911 183
336 547
80 438
169 5
113 147
135 365
493 278
535 737
701 803
585 344
833 55
77 97
153 127
11 849
628 345
42 330
99 197
567 149
367 358
535 864
752 101
548 371
523 915
968 874
891 999
77 273
632 966
485 69
217 767
498 946
504 215
796 362
497 6
953 544
768 311
596 357
531 762
940 292
314 89
232 498
732 639
533 552
306 804
67 232
961 756
978 63
85 157
203 959
886 172
545 4
735 91
199 498
567 288
700 86
46 490
354 58
965 198
751 713
107 171
338 114
626 103
585 199
972 439
146 32
469 894
511 298
99 718
533 116
611 5
719 745
179 354
536 31
523 175
600 570
205 899
541 729
136 385
638 261
659 904
913 983
530 677
823 364
702 502
534 663
76 389
305 297
141 364
637 852
544 767
686 1
76 786
82 797
949 413
253 430
376 621
221 469
359 715
989 880
582 331
166 889
889 643
961 817
997 442
431 222
694 569
725 897
966 286
685 345
821 205
391 373
378 424
682 198
48 916
30 572
398 927
13 342
710 721
336 721
389 681
80 761
151 521
832 154
535 634
150 785
877 950
923 712
676 511
455 289
132 878
1 850
682 352
874 159
15 997
302 243
414 108
534 199
48 406
518 636
937 587
65 359
623 251
397 786
625 409
33 508
643 924
417 666
990 956
581 657
100 880
630 262
28 482
320 105
302 340
262 199
741 725
96 630
134 762
222 345
513 358
320 307
842 26
39 315
727 497
471 298
109 540
581 239
823 493
358 773
274 128
316 687
931 616
984 695
325 938
900 239
71 974
593 801
309 77
179 213
815 149
973 862
770 996
854 178
778 313
37 579
914 498
544 826
975 107
371 47
105 868
869 549
830 491
475 303
929 452
237 588
227 135
219 264
884 40
38 730
116 720
918 87
930 33
634 533
146 200
177 657
599 452
306 561
511 681
567 867
255 323
706 405
993 980
506 226
278 206
12 549
828 956
535 915
429 765
127 545
201 846
940 655
314 753
875 284
330 41
679 620
56 278
461 871
770 807
141 57
736 706
278 271
171 784
254 360
723 175
712 782
13 90
481 553
422 760
211 191
314 159
657 382
805 278
291 246
782 264
938 379
494 744
188 672
121 82
533 390
739 725
866 325
493 972
3 831
717 393
629 651
479 71
934 870
30 686
593 208
442 426
604 939
925 895
14 576
227 352
288 184
645 11
408 251
826 918
682 827
400 932
165 257
665 911
381 862
774 424
775 509
736 552
484 194
350 35
12 179
559 625
342 572
553 718
74 158
30 370
134 165
512 76
522 31
533 146
207 581
432 582
805 923
676 615
171 831
972 857
160 535
495 589
285 734
48 832
816 524
183 361
728 937
791 225
906 974
797 294
783 491
409 522
4 958
169 552
745 265
533 684
142 866
494 283
703 528
2 798
859 679
175 776
762 564
941 368
812 230
374 677
198 755
740 610
718 292
342 852
448 23
58 29
112 479
893 650
980 327
780 351
46 715
640 59
811 318
596 917
233 721
534 690
916 122
538 375
416 648
810 714
978 630
900 40
535 973
854 70
452 610
692 147
723 470
16 135
426 71
895 163
862 904
53 290
786 183
541 687
851 9
376 475
283 636
663 118
785 530
365 333
72 493
713 463
142 637
319 878
360 247
580 711
690 558
140 633
803 592
593 541
747 848
40 140
475 509
977 212
263 881
486 458
46 363
352 287
459 694
69 429
769 482
984 456
584 746
121 205
94 862
357 212
348 6
209 316
736 716
635 760
463 920
53 201
286 631
265 992
546 924
572 657
591 548
985 663
919 693
142 911
59 912
828 529
137 364
674 612
407 374
10 784
360 778
575 942
386 105
556 819
580 643
414 684
272 822
79 585
179 36
45 682
780 602
659 365
380 741
36 568
853 728
261 269
548 209
611 23
414 790
739 745
523 522
986 88
474 455
463 202
540 425
864 209
943 228
288 356
191 896
779 422
1000 156
862 669
982 885
572 322
690 896
648 621
880 983
684 485
374 419
542 355
417 930
171 213
687 875
434 46
81 289
798 993
984 490
928 649
861 869
670 597
920 484
626 185
204 665
280 697
73 136
973 98
281 374
223 310
8 871
93 487
684 437
752 770
736 438
329 407
464 785
525 90
380 623
961 704
8 149
446 474
972 72
112 506
917 802
15 339
144 265
605 394
198 922
959 800
550 206
403 308
485 595
898 685
647 364
657 965
543 742
514 553
747 509
872 743
131 692
537 758
509 194
871 215
560 340
309 998
624 98
926 679
687 557
192 311
844 438
360 279
963 85
74 601
301 945
341 856
743 823
745 459
775 318
292 947
289 556
450 405
948 798
91 599
35 312
210 3
1 775
497 390
611 257
738 797
953 132
653 18
806 474
883 706
877 942
95 656
669 521
377 368
582 553
139 417
163 4
654 444
540 758
641 756
755 188
351 95
981 203
291 515
899 262
746 129
395 40
488 200
316 633
529 520
164 421
437 404
952 966
459 260
619 985
202 749
393 292
488 191
304 204
577 361
374 788
362 920
295 152
261 886
376 122
405 643
728 6
43 754
787 659
824 510
487 216
863 232
619 869
475 47
928 573
185 516
852 216
370 314
249 38
157 54
732 466
6 99
252 87
58 33
95 908
83 815
690 303
47 446
315 338
223 584
732 574
324 569
524 76
474 30
438 943
221 775
71 994
84 997
105 284
420 357
490 326
983 586
790 27
402 160
490 379
48 104
344 837
459 355
105 343
280 817
987 269
90 455
516 745
547 887
560 394
784 364
975 872
596 692
471 270
771 193
878 359
697 656
980 607
235 353
727 260
934 718
141 621
927 260
200 279
284 960
135 965
994 475
556 68
415 835
884 124
105 199
938 242
564 759
257 446
270 345
132 881
251 672
869 723
813 767
346 594
478 339
216 11
769 374
851 558
183 986
443 164
751 858
988 838
662 406
728 11
986 68
724 980
795 630
613 797
998 976
516 305
469 613
674 501
597 716
72 377
84 549
805 490
745 819
111 303
23 97
991 981
120 465
202 464
243 223
331 997
435 612
1000 765
487 423
522 806
500 491
873 696
767 837
813 263
525 139
269 932
129 673
420 914
734 910
287 500
686 53
441 889
327 314
567 320
417 556
610 560
815 732
471 636
422 202
621 148
333 94
626 318
883 593
202 87
905 665
321 54
271 710
299 558
728 709
522 97
956 835
168 96
735 794
733 228
814 655
133 263
766 259
754 292
630 524
338 364
808 231
978 896
876 386
805 758
839 383
63 929
951 844
268 439
393 975
300 568
622 572
998 80
652 491
477 450
42 895
326 4
446 435
296 566
9 322
272 677
756 933
484 206
887 568
472 825
722 483
422 780
883 858
137 283
726 35
297 935
735 559
533 491
21 103
616 360
259 857
803 54
895 743
275 846
437 420
51 242
177 685
564 559
984 123
507 220
192 45
969 796
193 582
972 881
913 827
155 39
226 112
66 423
649 622
324 745
368 553
979 342
620 308
534 995
578 371
867 655
12 975
998 265
865 534
310 614
756 939
494 382
576 828
867 581
974 135
725 723
869 667
596 953
41 849
528 502
420 689
383 527
527 146
397 70
841 50
481 278
54 571
956 911
277 138
551 701
183 964
72 657
962 110
95 614
950 926
251 302
191 195
393 313
320 773
428 776
283 258
243 335
320 226
280 846
636 568
933 14
568 271
939 993
901 113
9 225
277 808
240 943
535 487
952 863
153 367
963 276
114 696
762 340
199 364
721 299
723 438
135 170
938 799
242 427
986 12
52 86
254 905
706 460
903 306
515 219
240 484
550 520
804 641
889 680
777 694
237 851
938 842
569 606
47 916
720 112
666 872
899 988
703 27
696 151
59 156
994 211
625 223
884 545
714 794
791 435
458 736
840 590
27 919
779 577
131 624
621 689
397 428
755 992
767 756
160 451
64 865
747 504
164 833
329 84
549 466
371 304
440 308
370 927
235 297
331 15
761 266
12 537
683 357
260 381
953 7
26 832
477 102
20 341
628 46
992 192
910 780
765 524
951 682
500 410
878 739
199 517
692 213
178 51
503 809
460 322
592 83
924 794
635 535
138 788
705 288
172 935
871 926
32 355
570 995
984 847
512 917
181 219
647 7
486 914
660 948
430 856
693 309
324 94
532 797
773 306
614 270
585 31
147 396
594 512
155 941
410 841
654 293
819 392
505 675
177 623
915 395
296 316
647 160
903 842
689 235
231 77
329 236
498 647
421 539
208 829
832 969
160 964
520 390
596 222
795 212
875 350
779 282
428 612
228 548
937 223
295 687
172 560
24 248
879 58
780 832
158 2
577 925
622 213
194 181
277 379
761 459
617 557
936 562
781 734
63 794
109 951
38 878
119 783
13 772
983 746
194 935
273 28
517 16
449 506
483 68
64 722
312 139
788 713
70 178
974 893
466 374
369 133
292 260
359 919
268 316
191 646
156 180
409 354
192 115
533 485
308 438
578 372
657 175
525 177
246 166
621 996
125 514
171 929
864 830
125 747
261 784
667 560
532 224
266 96
431 848
314 477
93 689
469 517
167 888
61 711
792 598
314 977
490 104
123 984
832 155
654 971
916 93
719 20
29 970
277 728
789 396
112 313
45 116
784 476
995 283
772 849
322 793
522 612
877 111
462 411
250 486
586 628
871 464
459 554
138 109
499 586
566 949
545 217
755 807
411 981
618 277
689 787
968 321
514 206
164 328
554 795
507 840
384 789
22 416
579 811
16 551
501 773
87 421
211 746
459 689
200 912
156 134
635 290
722 28
526 127
508 734
601 329
323 787
58 946
713 498
267 650
15 959
811 658
623 837
959 766
532 799
181 471
752 221
659 858
447 233
748 944
402 169
19 255
256 208
957 894
197 453
506 466
631 898
806 770
16 73
520 739
263 151
610 144
968 193
600 321
513 530
395 498
666 800
572 184
114 936
655 804
322 438
541 786
681 449
224 998
472 848
852 915
86 469
667 949
495 522
583 717
748 325
521 116
423 360
90 566
26 572
554 598
176 302
708 170
533 123
13 364
666 664
355 184
318 418
310 916
6 461
931 117
673 955
411 801
155 320
73 675
688 530
519 592
712 913
162 828
335 513
187 36
454 686
266 642
810 59
7 999
47 57
815 786
382 804
214 897
993 96
299 430
342 566
552 572
237 625
329 626
829 14
617 137
485 455
148 865
70 6
645 841
228 817
494 140
628 530
920 604
221 349
770 93
241 917
893 532
800 399
166 745
262 700
525 500
470 109
267 997
863 222
579 16
809 666
452 471
531 597
666 407
629 793
498 459
388 573
796 127
449 288
522 248
172 123
687 965
106 910
819 993
573 575
482 805
372 209
391 351
451 674
609 431
736 933
165 715
525 3
106 821
897 761
844 468
786 270
167 334
891 71
703 47
294 930
540 27
403 432
538 625
524 68
547 371
62 270
490 306
157 8
34 358
8 542
783 347
96 272
827 259
804 802
582 994
345 553
93 974
856 853
38 686
440 604
504 898
623 829
663 819
414 714
305 938
71 579
834 979
280 86
341 42
24 967
42 520
112 190
531 708
531 114
206 667
771 833
606 614
211 702
458 936
962 382
374 831
242 344
27 924
901 826
839 864
776 345
701 170
560 294
152 710
978 123
605 467
944 182
957 457
22 786
294 665
759 717
812 954
70 740
43 217
927 652
211 694
134 615
46 647
687 183
872 483
155 847
546 857
286 446
483 298
701 972
313 689
25 726
605 608
763 513
115 911
705 272
337 149
570 361
314 706
775 478
648 726
928 630
203 596
601 511
108 632
90 318
8 116
502 986
504 882
372 95
831 533
744 219
663 51
669 167
50 349
824 779
820 428
409 476
111 582
809 183
731 698
436 374
645 874
427 127
918 450
803 7
372 248
197 205
118 510
689 309
688 701
732 561
247 908
695 694
330 187
750 954
312 674
252 817
434 41
801 872
406 587
160 988
387 173
781 249
635 455
709 203
476 772
861 86
2 804
495 608
809 291
490 336
597 346
53 640
898 972
40 759
875 799
977 391
681 467
969 610
267 725
691 700
446 476
527 658
447 852
426 877
345 555
711 690
757 360
640 653
855 408
696 476
424 879
342 294
899 171
781 325
534 514
69 158
257 892
847 550
777 322
1 405
173 514
258 173
856 140
236 950
852 875
260 970
585 429
285 680
298 826
466 1000
487 199
572 58
808 144
259 727
216 388
185 345
762 693
750 756
328 728
585 233
608 703
756 818
877 522
493 934
392 630
375 933
255 234
680 752
785 609
848 712
579 303
371 378
322 770
405 296
74 768
50 487
707 714
456 910
390 803
332 766
936 90
183 480
378 86
130 220
964 566
186 436
976 382
825 484
825 318
920 728
997 187
256 631
293 730
566 705
439 729
171 407
730 928
234 991
532 100
567 639
821 755
512 800
257 112
370 143
537 441
495 668
52 109
383 635
548 339
458 103
460 486
38 396
220 507
402 463
447 415
923 545
828 132
40 410
999 866
486 613
703 190
779 370
600 793
322 478
838 531
512 679
432 463
595 270
217 36
975 775
297 32
810 512
14 808
804 237
392 634
454 24
953 416
744 748
202 697
363 520
51 919
959 245
600 582
647 901
224 950
128 393
377 120
15 694
662 666
814 400
155 793
733 467
713 9
530 299
55 959
920 133
933 918
307 882
863 395
673 362
451 309
861 125
900 942
583 170
259 167
915 604
409 931
743 325
673 470
866 276
275 812
42 829
829 46
345 567
989 531
824 830
5 990
319 511
862 786
80 860
251 413
537 548
12 122
888 646
732 513
891 206
333 390
665 480
298 797
127 25
14 314
730 923
908 374
392 700
141 326
527 980
512 211
962 734
68 651
616 802
608 34
520 646
477 751
678 755
818 126
7 650
584 90
161 720
620 519
764 983
472 644
562 558
180 735
699 547
586 97
820 782
686 52
939 969
910 857
516 654
927 96
977 791
167 112
253 524
807 943
583 457
936 466
32 510
29 65
847 166
731 511
191 857
505 424
911 618
853 881
927 15
899 161
185 726
271 23
754 422
507 788
323 196
216 259
458 431
378 490
324 790
172 905
164 50
174 971
253 19
678 553
204 143
298 442
508 106
78 113
463 751
819 445
395 998
943 246
562 991
770 657
187 686
478 331
85 1000
93 580
991 376
671 345
379 921
150 581
193 901
376 259
623 826
408 135
261 423
196 699
442 193
157 134
108 347
443 23
524 161
235 432
515 95
648 178
54 241
581 438
57 502
972 267
634 954
880 909
187 399
151 328
609 888
352 713
701 460
827 883
860 687
172 660
480 232
215 743
545 751
135 885
842 730
656 711
510 862
87 162
461 123
141 33
41 135
543 720
644 307
608 509
173 603
13 288
923 238
774 445
396 992
754 335
951 508
28 977
660 70
916 22
313 369
559 257
742 997
721 194
7 933
335 424
198 594
595 545
916 183
245 565
54 825
891 237
527 335
498 752
118 850
358 576
817 308
611 304
884 576
178 65
125 398
931 420
534 292
761 818
454 488
791 243
588 823
535 556
567 651
36 464
734 137
252 392
69 114
149 792
542 290
177 174
544 597
190 386
194 162
961 499
664 254
798 543
993 110
436 20
198 232
528 393
698 621
54 234
389 246
452 693
690 798
573 418
25 75
673 413
88 260
813 389
202 826
477 696
348 162
166 232
906 445
324 103
489 776
821 123
874 887
771 913
783 845
95 313
510 99
813 117
709 994
756 380
439 823
476 559
363 830
733 129
163 512
626 214
569 433
534 29
500 439
762 581
653 423
947 351
203 396
990 772
957 388
387 343
10 629
12 848
858 797
103 29
272 399
878 347
916 908
137 370
752 347
628 357
121 325
584 310
184 946
794 672
459 319
289 795
933 63
407 730
918 87
431 83
138 376
972 52
477 583
145 266
135 344
471 30
998 783
579 862
652 381
586 775
523 480
960 665
925 584
857 709
510 431
388 932
17 668
229 993
990 1000
568 591
872 154
806 443
378 288
465 847
737 817
348 830
60 853
676 587
346 289
328 971
473 280
546 206
421 746
242 954
26 274
754 705
705 923
705 600
82 511
176 898
350 708
846 178
949 925
616 915
478 735
228 661
454 190
249 918
372 502
108 174
811 69
138 601
535 220
885 26
949 901
997 755
785 269
659 90
202 944
320 958
541 896
956 713
945 438
774 612
862 900
190 855
429 603
194 84
976 39
133 494
643 988
696 147
451 997
878 872
540 109
360 466
479 515
125 544
325 31
38 652
295 722
253 772
302 716
768 285
257 731
451 324
129 523
834 68
762 966
464 662
228 463
675 976
968 257
874 56
25 843
69 214
622 19
525 150
948 533
441 919
417 283
42 838
340 820
534 673
972 502
117 826
289 909
697 531
39 838
328 517
655 817
224 712
311 129
963 656
98 44
653 424
128 765
394 938
169 567
276 991
432 195
118 667
572 974
823 811
481 381
547 284
405 131
589 511
297 821
501 262
1 944
3 323
182 710
427 98
727 231
113 624
848 212
489 786
578 440
88 312
319 997
375 873
269 229
589 1
835 839
551 667
659 339
832 339
39 535
267 316
636 756
418 194
601 232
941 533
447 832
41 904
273 335
640 364
980 237
308 195
433 292
484 792
577 808
90 710
484 786
598 891
899 215
905 187
660 524
817 75
102 193
70 802
449 524
684 576
483 458
93 98
334 942
407 843
999 16
724 548
233 707
158 683
437 698
783 966
694 652
510 986
974 125
276 249
223 993
115 413
125 419
422 109
439 652
991 615
86 427
591 548
989 761
713 13
486 90
514 119
97 379
852 655
674 257
240 251
164 632
225 828
901 101
593 537
641 59
120 872
695 229
161 670
691 117
931 558
119 980
576 688
92 604
481 141
884 654
870 54
246 372
271 513
408 956
644 764
62 57
66 187
385 34
403 794
892 951
455 487
322 990
442 285
485 18
401 615
552 867
285 471
501 940
127 849
860 757
804 696
507 573
413 186
572 681
939 740
91 842
107 627
581 315
983 246
730 742
233 932
804 735
437 884
252 869
764 728
565 79
143 680
956 732
274 342
755 573
603 414
42 897
694 251
686 732
753 601
35 713
580 115
579 213
739 355
279 933
413 278
671 104
338 263
485 73
927 312
869 185
602 986
550 363
788 657
236 468
580 851
908 789
928 11
462 427
915 262
493 770
785 901
612 753
605 340
747 665
951 730
207 928
602 858
350 904
358 141
37 313
56 984
796 333
957 254
751 248
594 487
435 782
886 511
623 435
920 45
30 42
635 224
828 846
72 13
456 968
151 810
634 928
530 879
97 761
435 968
974 728
907 549
859 117
28 764
370 905
739 741
874 899
392 145
201 283
572 470
308 404
623 803
142 457
525 234
678 246
146 224
542 975
284 839
211 524
284 566
241 806
402 512
563 773
592 266
911 99
43 992
471 243
515 49
789 381
716 831
603 366
922 947
816 181
57 762
74 843
393 235
177 551
80 151
647 931
386 283
169 409
413 798
75 865
372 73
206 176
226 423
754 986
191 600
238 149
714 811
871 495
47 358
167 874
172 991
56 736
986 752
743 727
13 401
3 827
812 786
383 393
638 770
21 275
79 265
578 755
875 214
310 513
5 303
898 750
435 541
338 748
769 822
107 131
516 972
67 760
998 979
685 236
440 889
938 911
743 746
668 328
782 614
724 543
22 640
789 764
951 125
952 34
130 767
623 465
367 465
4 360
656 786
743 361
332 447
87 902
204 90
566 346
404 944
208 30
24 447
948 598
565 152
810 194
907 677
394 563
459 934
768 333
221 182
870 325
519 629
441 916
777 322
214 351
43 220
297 932
727 97
749 409
700 734
900 469
70 712
105 195
394 702
379 613
82 638
719 894
188 396
475 985
940 905
911 65
947 451
607 881
305 678
967 327
697 793
13 991
770 712
363 489
96 888
338 677
188 227
45 742
147 914
996 804
229 342
330 687
794 373
703 133
962 875
712 264
561 77
45 833
631 797
308 473
295 494
404 1
330 35
313 275
651 475
512 529
66 881
63 518
513 667
476 469
718 297
672 171
924 705
809 640
213 211
732 949
827 923
318 786
250 546
56 538
590 946
562 78
946 678
405 4
942 390
679 941
741 39
778 785
1 781
346 179
974 603
67 848
71 415
10 96
747 823
871 837
35 971
611 972
627 135
561 864
786 175
433 255
801 723
592 509
130 349
889 267
526 601
129 71
258 893
34 862
92 866
28 267
730 540
734 223
766 817
740 332
652 905
475 256
3 900
252 672
605 529
125 554
824 718
792 292
18 659
755 433
950 280
3 177
824 32
37 43
275 706
652 875
513 315
658 494
911 105
960 722
912 390
947 172
476 349
949 443
918 880
972 513
232 131
959 666
478 363
332 569
917 7
916 708
839 51
910 3
796 691
95 311
179 977
336 970
359 767
237 731
852 877
376 289
61 339
200 724
315 177
899 617
882 28
638 789
798 317
337 479
423 173
425 360
536 578
45 254
861 778
325 842
364 969
468 122
75 884
865 332
504 467
769 10
599 390
899 924
22 413
609 426
515 891
925 548
16 586
179 889
1 341
324 160
784 869
757 26
506 309
948 975
673 890
267 923
372 433
91 141
643 279
311 640
404 716
411 923
39 10
922 930
621 556
204 594
71 280
312 63
39 683
160 337
732 393
195 740
916 134
1 902
652 20
95 665
388 69
576 211
435 677
593 246
601 258
965 735
37 741
92 388
285 353
30 526
766 605
692 905
947 122
817 340
756 887
41 195
265 214
908 403
733 907
399 232
63 830
782 635
961 699
439 322
191 123
688 493
905 660
160 793
298 357
772 336
206 478
778 159
68 355
202 479
504 235
180 628
626 423
22 134
744 731
13 845
451 230
913 320
355 34
458 335
107 543
549 927
634 86
128 708
312 149
959 890
744 677
286 651
441 201
510 230
786 935
789 978
546 419
406 875
583 765
372 873
343 245
480 578
10 859
289 113
14 941
634 386
425 848
371 990
136 263
187 231
762 21
848 637
258 159
160 40
368 480
982 70
9 717
741 941
651 177
233 353
27 162
169 111
430 420
151 958
809 498
674 517
2 737
655 562
264 92
705 707
871 124
760 391
39 969
583 647
740 130
597 380
768 135
264 482
855 301
899 846
488 771
302 551
312 261
467 544
972 15
810 771
495 363
480 464
136 788
420 399
526 756
538 296
367 113
29 234
655 677
522 742
712 331
120 107
615 5
948 248
792 584
213 272
76 464
285 697
94 330
203 414
345 55
45 979
239 608
676 355
900 715
29 33
770 468
994 282
688 671
331 989
168 613
387 171
230 178
101 873
77 210
383 702
864 467
961 306
594 102
856 146
180 592
474 482
702 408
406 266
250 23
430 109
283 783
907 68
340 60
99 74
391 698
120 337
111 491
828 370
617 752
799 892
483 232
503 492
638 839
266 97
953 113
279 992
849 253
971 112
955 155
38 117
784 183
615 796
597 883
858 525
639 101
752 48
111 665
989 899
520 123
520 70
885 645
283 292
871 602
236 263
476 925
457 880
952 240
41 757
64 294
509 485
702 208
114 906
361 977
626 583
29 502
767 256
703 453
3 590
941 785
110 82
849 458
439 995
765 644
153 731
873 947
204 566
658 680
922 572
319 265
942 641
130 405
2 475
746 3
22 431
168 108
882 645
440 436
509 201
362 492
350 302
829 77
372 636
433 969
442 493
800 785
776 204
961 118
940 263
817 196
390 574
672 209
475 975
674 135
333 361
251 76
442 408
592 548
487 116
66 302
994 364
143 690
877 952
494 358
606 36
825 488
592 920
827 589
709 161
207 489
834 970
224 489
610 444
565 828
359 381
113 40
424 263
562 62
601 604
831 807
183 821
277 722
333 613
298 277
255 695
956 242
88 596
604 736
704 384
670 85
897 496
419 684
39 816
48 435
800 302
705 561
526 237
917 668
908 635
15 748
662 494
475 642
663 796
800 872
550 969
237 118
137 152
860 127
743 462
686 677
426 659
64 287
569 962
968 207
695 179
992 969
828 97
322 203
159 688
983 427
25 188
266 669
257 144
126 491
26 531
845 241
830 470
423 26
738 404
499 152
865 753
580 577
495 840
770 95
626 136
639 283
393 461
16 769
581 71
432 536
310 138
804 331
185 889
217 769
684 466
151 636
496 713
590 384
547 585
733 48
137 461
303 283
286 263
652 769
642 663
493 532
688 731
34 830
748 408
454 36
517 384
817 616
681 546
946 974
682 947
661 986
402 374
917 115
760 332
142 210
215 336
804 87
520 919
189 138
235 416
273 286
955 953
283 203
815 880
580 424
190 379
326 50
179 623
719 201
827 54
134 304
654 128
603 480
898 393
144 300
85 610
808 502
861 988
117 708
831 225
27 182
930 287
181 681
934 58
517 392
80 435
441 994
67 243
191 27
439 390
66 471
149 312
40 106
22 346
924 31
121 915
687 698
993 159
70 250
940 38
322 401
416 738
16 88
20 187
360 896
939 951
29 538
287 26
581 788
274 209
718 974
152 54
907 112
270 854
283 8
784 520
719 423
366 867
959 347
799 235
759 972
691 528
364 981
58 217
325 820
928 744
100 782
156 913
661 473
584 970
65 79
996 354
375 768
193 629
451 753
8 524
842 426
42 677
233 417
77 195
988 633
230 7
180 34
208 429
753 34
714 21
851 191
834 758
215 554
53 585
702 829
858 574
576 848
279 587
836 408
483 17
616 280
769 685
597 103
406 452
851 120
566 542
430 774
918 666
350 863
816 253
376 542
764 450
906 127
916 33
393 785
158 346
735 663
801 398
610 625
318 677
712 908
112 928
571 381
167 645
806 227
511 359
989 431
791 538
618 396
837 96
331 248
60 124
11 801
129 800
628 580
220 57
61 236
510 621
475 409
235 886
130 878
234 482
41 801
556 513
453 237
434 754
373 266
731 375
877 205
507 564
797 970
826 997
485 592
351 458
214 219
919 929
101 294
553 195
409 387
572 455
123 701
522 11
283 548
114 724
25 169
899 880
365 952
920 1
545 108
17 408
909 557
289 18
759 671
745 777
351 846
802 368
866 618
559 918
429 153
680 658
130 27
531 201
273 140
56 849
654 566
565 140
353 968
817 25
346 34
944 372
574 969
14 798
296 198
338 124
301 729
584 42
184 375
723 375
794 872
138 459
225 402
358 264
516 474
936 192
722 679
293 440
50 207
612 355
373 839
393 831
355 34
146 999
853 930
722 989
173 379
20 950
888 293
881 111
884 492
106 376
471 907
927 893
257 668
700 623
703 44
427 458
423 399
405 609
541 721
77 489
673 510
893 788
206 814
740 264
707 313
253 620
595 931
570 191
445 496
235 12
876 928
414 823
248 753
954 413
162 510
952 577
722 56
107 941
10 284
227 295
304 349
79 451
879 956
126 967
969 297
24 330
526 616
401 566
28 365
327 99
17 207
582 446
385 631
324 442
306 172
532 259
319 329
850 211
431 707
248 166
64 601
166 444
552 940
823 483
379 976
133 857
521 725
101 438
799 763
104 220
278 17
712 15
253 796
200 614
284 97
81 326
904 159
964 146
157 194
711 401
1000 614
780 247
30 148
744 844
207 276
511 513
952 977
264 564
965 350
532 970
351 906
901 759
581 193
917 732
992 223
262 42
653 456
718 505
860 436
227 687
770 691
659 513
511 941
753 644
641 881
966 345
796 946
473 934
782 788
421 174
100 647
742 172
273 806
604 570
901 624
508 473
550 794
984 821
304 552
843 573
161 204
400 604
900 852
872 221
334 894
698 637
351 162
770 530
751 278
374 513
426 31
520 872
601 639
841 967
693 665
223 640
287 123
670 50
971 321
238 80
562 628
869 531
137 30
426 855
672 549
984 829
820 483
452 460
499 554
899 40
676 974
514 5
487 895
401 595
130 781
612 256
147 57
916 774
484 897
346 943
283 120
456 320
141 910
293 999
430 441
921 739
666 522
364 104
35 852
799 238
436 875
563 318
94 433
21 648
552 234
753 48
73 873
17 961
485 333
577 147
971 745
598 473
549 433
966 755
14 886
357 980
231 315
595 73
333 629
353 121
226 156
16 416
932 246
632 411
990 272
25 357
13 432
112 84
237 902
210 366
365 563
448 952
685 277
576 503
848 373
799 877
839 32
29 752
604 684
608 810
224 634
921 153
619 715
64 465
281 835
328 431
606 802
930 1000
913 203
238 423
196 568
132 242
52 823
615 933
905 557
952 34
23 959
687 829
287 349
209 197
368 28
110 169
899 100
238 552
32 837
374 362
556 18
109 850
968 804
926 266
329 520
850 767
869 712
349 147
444 849
357 35
643 119
278 586
853 568
983 585
243 746
265 389
243 856
669 590
417 580
373 292
78 840
376 531
869 944
794 346
926 274
876 176
601 742
876 426
776 481
440 672
73 628
102 919
832 41
754 889
231 736
92 476
772 423
894 959
234 49
10 617
373 778
889 317
786 331
427 873
157 719
237 292
288 175
484 805
781 242
480 750
385 97
100 89
875 890
310 651
204 749
582 535
251 47
22 939
430 376
855 423
52 525
581 432
173 306
165 818
206 987
470 326
70 338
372 75
447 50
493 311
387 755
489 303
753 548
422 136
129 288
682 800
125 740
649 166
347 394
543 265
576 821
688 514
245 803
51 619
232 996
812 102
692 406
655 976
747 530
685 536
689 806
277 905
677 266
254 34
824 767
500 698
847 199
56 474
198 650
898 279
722 115
198 707
846 814
836 465
673 695
938 329
333 530
368 384
771 8
611 54
189 421
368 851
386 960
759 303
527 968
345 628
702 510
210 966
365 228
405 463
169 221
297 477
841 746
836 256
990 566
601 800
441 757
244 23
933 963
720 17
240 142
545 872
645 96
19 45
78 323
64 14
679 785
740 685
967 1000
747 902
928 677
467 264
685 370
679 342
470 572
381 139
743 302
435 926
961 496
621 460
26 900
460 329
136 697
575 716
711 979
522 707
952 849
719 245
951 701
536 391
760 586
851 850
954 227
231 3
414 137
978 915
670 943
650 580
689 436
643 396
325 338
277 493
302 200
974 70
114 655
578 589
795 581
132 528
127 289
889 791
376 194
63 98
834 64
845 527
344 635
881 255
713 741
879 174
162 4
914 497
505 851
432 346
771 627
97 651
850 897
813 238
278 150
142 270
495 715
751 569
478 515
363 101
444 587
955 356
997 659
543 784
709 186
455 587
276 58
366 714
57 25
534 414
840 908
896 78
474 11
180 939
203 3
534 856
669 847
815 255
23 670
259 585
764 3
265 183
143 656
879 564
89 327
451 239
848 164
453 725
107 968
205 3
882 788
33 173
210 87
67 378
829 47
922 635
56 589
116 33
790 693
484 355
363 203
616 441
117 596
621 292
281 836
528 663
263 993
19 194
653 132
672 346
318 896
277 57
404 230
44 260
362 503
975 823
890 767
996 406
352 656
80 994
767 716
255 59
451 773
777 576
63 289
634 6
601 790
614 463
939 160
539 325
517 820
518 684
95 170
335 959
907 155
424 505
209 277
111 611
600 724
933 874
222 672
599 803
481 442
922 206
739 794
645 188
803 971
867 582
624 509
289 924
294 154
104 611
80 507
547 615
676 855
987 81
237 331
261 606
735 268
593 38
53 104
629 125
157 76
339 458
656 658
108 616
977 643
344 119
391 876
696 766
438 403
641 223
451 694
798 826
709 702
236 760
254 517
814 310
657 769
338 320
380 615
944 69
189 195
530 824
358 594
178 144
843 496
188 988
638 215
410 998
815 246
277 782
828 218
688 673
470 584
570 919
674 330
576 34
800 380
791 258
168 518
633 212
221 956
170 912
628 833
442 918
404 957
179 489
524 962
569 342
429 989
114 982
413 228
572 93
496 878
246 431
201 832
948 35
44 924
253 12
516 634
634 533
852 181
783 414
362 810
700 28
945 606
548 9
687 16
349 519
852 912
811 749
826 268
681 243
465 999
420 537
827 368
71 268
497 29
774 679
964 654
153 209
608 601
475 201
170 655
823 712
329 483
620 686
412 502
83 536
524 171
790 724
640 109
1 977
514 943
67 772
181 944
657 422
982 288
224 411
655 484
70 775
848 281
796 143
156 761
779 823
737 937
44 973
613 305
942 817
169 587
999 936
28 370
457 519
606 555
696 904
97 647
488 636
696 715
269 670
825 574
990 439
711 186
148 983
775 113
376 287
415 548
9 763
161 849
605 372
442 470
43 804
308 396
351 556
601 566
79 202
996 829
396 287
464 927
814 566
537 971
582 724
985 1000
511 269
131 943
792 500
802 371
752 821
649 740
720 998
318 948
21 886
939 165
359 366
990 895
267 332
822 735
467 937
474 362
786 253
995 655
662 424
735 428
82 343
24 299
533 410
254 751
504 516
501 477
50 96
340 358
651 535
687 389
710 608
315 539
536 314
885 706
919 129
880 537
194 150
553 740
419 469
359 235
106 554
200 911
190 183
773 943
455 162
582 458
813 994
956 278
410 215
163 458
71 971
536 522
377 542
368 235
240 185
146 604
4 812
719 936
682 506
782 503
63 688
481 819
58 42
209 898
832 300
546 549
48 519
697 895
393 671
28 88
511 614
769 570
214 498
710 143
494 618
882 567
88 336
989 795
219 812
996 294
56 258
609 476
42 803
190 1000
647 201
591 3
290 831
317 315
159 407
431 267
507 92
823 560
998 10
115 605
227 42
84 557
830 409
985 782
94 393
965 732
386 143
988 530
320 294
30 534
352 450
671 632
779 453
533 948
92 655
968 302
414 28
395 771
385 222
310 966
149 736
867 62
991 632
505 438
880 294
839 131
724 571
199 514
315 69
774 589
249 883
989 937
937 885
915 932
175 350
990 599
791 339
857 152
602 981
83 677
491 823
155 921
675 749
433 896
215 407
583 448
166 321
671 554
236 28
51 504
997 935
833 20
383 508
68 15
553 253
710 315
125 700
801 916
811 865
66 347
361 542
682 85
856 629
700 203
980 345
151 649
44 38
279 985
827 909
935 333
744 893
317 226
493 290
960 44
67 538
531 293
280 794
407 730
77 87
896 23
393 665
733 915
424 770
761 178
283 24
822 479
961 768
155 572
666 459
954 571
196 192
516 985
168 77
949 950
992 280
42 327
2 83
862 129
79 196
894 43
731 584
637 842
756 466
566 576
689 944
694 156
400 659
559 247
28 784
803 322
273 224
578 69
831 620
95 314
843 810
156 154
245 649
465 481
835 931
91 482
127 812
870 925
32 380
539 859
604 180
598 222
735 396
389 914
155 817
386 468
28 163
311 607
283 631
546 647
426 687
391 599
640 182
596 627
219 781
352 677
380 86
392 50
173 279
109 852
297 632
788 483
766 132
827 567
913 351
603 976
337 269
249 140
692 238
686 754
342 370
41 840
762 900
143 250
428 839
396 327
775 471
600 465
408 896
11 838
915 762
166 253
877 775
280 722
195 211
877 34
838 694
437 685
350 354
194 229
633 622
424 569
404 890
256 826
193 608
279 725
244 78
727 139
447 802
393 427
734 256
751 870
457 722
836 349
508 339
992 889
40 828
366 420
31 63
92 35
75 535
616 411
62 476
159 994
901 637
64 162
272 25
879 231
560 512
114 977
753 574
777 963
699 941
301 388
425 687
898 926
284 946
421 429
714 699
373 657
903 191
517 433
547 779
821 445
422 219
804 154
997 858
755 160
164 78
271 989
523 186
801 298
825 632
313 144
709 69
805 429
198 280
357 301
820 35
363 953
895 28
316 373
882 420
165 471
866 820
877 629
999 666
843 717
109 568
719 742
393 316
376 508
694 547
887 633
484 533
97 717
511 774
699 952
367 468
925 163
467 297
846 68
938 633
520 958
513 265
933 970
795 264
475 973
867 761
802 362
59 19
294 954
934 356
689 138
573 270
41 232
211 139
979 558
718 193
437 968
295 203
604 162
700 585
255 773
885 789
331 17
768 562
586 845
621 644
767 152
5 10
863 513
602 608
972 59
133 680
288 810
101 276
543 910
946 845
102 942
773 499
246 296
35 147
490 301
197 334
399 846
616 147
213 274
626 705
199 609
612 331
695 347
690 644
941 433
425 276
922 370
827 67
70 424
269 997
385 44
282 874
877 674
203 374
116 197
524 807
96 691
300 615
523 907
928 870
285 315
586 940
822 291
98 702
247 183
507 615
952 595
444 288
760 47
279 533
417 558
768 550
216 512
325 294
753 310
892 879
308 771
648 250
888 274
832 690
994 381
541 298
550 656
366 462
683 240
236 505
640 181
581 310
69 326
905 522
182 289
147 486
626 169
647 738
504 350
141 948
554 792
199 689
107 846
780 704
345 868
373 81
783 751
42 507
335 717
909 16
294 21
806 661
507 68
173 643
131 335
900 489
279 86
319 786
918 728
120 778
856 37
693 711
131 138
459 67
741 401
223 55
786 62
732 162
891 160
587 408
374 600
386 94
760 133
840 843
996 853
117 839
822 451
692 643
754 156
238 152
160 40
232 386
641 195
986 488
388 655
809 715
379 500
736 434
162 899
532 544
964 420
586 114
994 961
967 67
432 213
96 408
625 508
860 71
512 604
737 837
904 57
390 712
21 105
920 849
915 499
327 468
384 196
791 688
938 61
74 741
486 306
723 115
354 690
994 330
567 680
164 868
387 563
97 589
277 886
450 374
771 273
367 807
490 251
478 606
169 913
439 386
251 121
937 19
263 171
116 474
878 325
608 602
235 217
246 775
780 248
177 890
225 31
563 378
306 649
250 597
304 638
901 62
35 135
111 325
105 301
707 964
296 28
848 351
735 117
491 261
127 138
132 388
335 833
370 634
799 593
232 160
487 99
881 148
789 589
574 157
545 998
789 586
518 972
291 360
262 148
528 86
51 127
309 577
209 532
579 336
453 597
28 188
812 650
530 738
324 981
284 793
223 669
844 462
464 980
20 443
232 218
107 232
845 661
338 242
195 483
857 487
219 393
647 319
361 573
547 169
324 262
625 342
819 261
863 212
787 708
356 611
85 658
51 136
792 888
286 531
524 37
594 958
285 317
202 234
656 459
813 477
492 535
725 273
153 12
556 695
989 632
273 121
902 90
666 88
110 369
455 513
262 745
691 461
142 290
536 4
227 294
666 489
421 804
242 48
614 748
978 858
510 926
69 978
141 731
488 113
844 332
320 367
168 66
473 235
531 174
194 714
657 431
857 503
686 895
504 85
497 716
299 609
792 172
238 890
916 149
552 722
387 541
277 819
533 937
103 239
654 283
118 92
896 131
382 220
4 335
959 236
800 443
704 178
470 158
715 784
740 10
690 971
68 45
832 183
450 194
163 284
444 38
801 333
411 283
48 550
980 960
512 438
520 688
460 440
293 121
807 866
174 912
331 978
201 235
321 950
663 399
784 777
110 200
587 129
81 723
139 847
117 604
845 844
669 545
96 839
655 258
340 884
811 570
408 61
352 237
608 130
6 890
271 204
472 312
686 123
59 760
669 320
318 875
652 875
560 476
122 515
330 33
574 577
278 674
472 432
274 57
529 899
247 725
357 355
645 81
528 547
623 677
434 338
910 352
8 100
891 138
154 271
732 442
758 176
853 434
163 60
218 313
366 431
372 466
525 891
132 63
960 848
152 749
619 236
979 956
766 859
593 943
240 742
608 64
659 261
598 89
558 150
759 371
552 715
668 921
408 631
129 558
565 77
854 624
622 25
981 790
569 734
712 633
604 480
553 705
1000 303
5 147
774 736
251 558
205 821
811 451
558 459
809 517
597 555
555 465
251 25
232 613
627 136
747 740
488 743
97 364
340 986
873 437
802 23
957 349
782 873
270 61
197 703
602 660
543 735
356 215
348 18
359 499
701 703
762 521
457 926
635 204
108 134
933 735
976 265
895 137
33 873
198 772
445 64
666 897
939 366
954 689
603 223
258 203
380 847
176 812
940 353
700 216
245 622
848 459
490 443
560 711
45 530
605 762
128 557
763 226
475 691
153 119
685 941
839 103
28 267
623 414
542 816
651 190
260 965
933 27
568 242
897 517
253 590
892 540
699 732
961 95
165 823
65 910
658 221
712 419
108 95
368 953
988 341
188 726
249 376
190 379
962 686
883 329
78 569
444 97
654 701
343 656
285 999
326 762
792 953
208 955
674 809
17 921
937 490
541 208
796 826
282 617
45 924
515 551
353 610
660 544
516 631
843 195
180 373
125 39
338 477
542 300
471 821
634 351
191 433
445 366
804 53
604 291
598 607
141 172
773 60
841 870
772 549
912 52
678 39
317 148
707 110
897 952
796 926
375 247
462 606
632 55
276 828
582 593
281 547
758 877
614 18
86 168
236 604
766 982
473 606
124 140
15 1000
644 161
179 453
836 24
361 911
284 341
859 807
778 710
283 357
30 132
923 593
253 395
194 241
625 224
989 688
483 964
944 152
89 102
328 640
265 560
25 985
488 440
569 493
133 47
545 454
635 277
42 415
67 164
401 764
966 338
918 617
215 204
18 780
435 676
59 77
202 787
893 517
442 816
672 422
575 366
979 359
418 94
436 466
158 570
814 884
203 458
136 213
840 607
507 104
291 243
448 994
220 54
406 873
891 439
991 996
257 581
510 885
734 727
990 786
649 556
340 258
111 320
895 31
979 645
967 370
913 294
521 970
102 211
737 101
527 857
776 169
674 515
263 369
985 547
712 42
686 70
146 570
984 721
736 834
132 155
632 574
498 222
338 619
655 933
419 886
100 401
586 473
742 640
71 172
895 816
450 700
703 191
129 851
354 9
726 677
609 508
996 599
12 317
109 19
7 843
139 387
435 975
276 837
636 307
468 781
272 369
555 508
159 523
711 699
326 315
651 605
260 351
403 594
53 467
905 997
875 940
901 25
351 371
49 701
499 679
792 562
653 984
721 993
856 389
607 803
430 826
866 928
840 224
527 312
461 20
124 654
235 569
674 70
518 237
159 101
252 164
196 926
78 644
820 233
406 611
613 886
459 43
936 174
235 531
747 961
279 268
404 744
316 69
634 311
542 896
488 751
489 24
537 393
963 222
997 649
391 661
215 403
590 838
487 491
133 698
358 920
56 301
695 614
827 489
243 552
638 864
844 46
571 934
783 865
772 826
478 949
21 553
291 982
911 391
252 974
178 91
19 671
712 527
161 202
838 289
502 751
142 375
345 726
3 512
223 680
251 780
498 808
471 136
376 245
350 697
572 804
948 474
791 663
166 373
672 95
602 882
519 449
212 793
27 309
460 387
227 556
2 176
618 472
19 117
587 403
12 864
884 667
686 17
175 711
192 922
616 663
296 805
537 23
731 386
212 260
426 109
232 819
712 68
905 626
758 630
410 788
314 720
578 59
797 557
857 540
868 465
760 759
761 798
294 123
492 383
198 184
241 333
739 705
345 558
853 497
881 79
219 415
691 219
759 786
677 309
791 34
426 211
883 679
780 610
610 701
536 836
338 781
191 563
910 904
159 148
484 867
769 974
550 970
317 435
959 645
48 221
517 282
300 449
983 358
378 846
998 730
587 635
512 752
152 322
107 812
307 461
917 686
644 723
158 735
834 105
881 781
31 112
301 572
914 296
599 650
382 331
906 981
734 808
219 71
464 817
406 67
294 568
121 985
979 607
761 266
20 183
724 55
646 479
88 986
198 288
176 331
895 812
418 504
423 833
76 365
840 906
722 429
209 782
987 589
279 879
490 341
287 38
535 741
820 100
925 937
731 962
479 543
254 597
475 424
625 683
841 483
623 823
902 819
936 288
313 554
363 612
821 965
926 340
834 346
675 870
70 993
827 523
114 735
203 815
565 199
272 318
414 287
738 47
605 99
930 48
499 229
918 331
190 200
647 933
351 391
275 145
966 256
155 521
618 552
858 555
363 394
717 746
718 790
497 190
243 765
870 302
36 938
407 520
782 741
822 469
431 920
415 883
899 269
534 556
583 724
338 254
387 684
391 794
149 116
651 837
918 128
102 87
312 374
115 243
818 349
94 16
622 143
354 237
156 815
448 551
979 156
320 917
58 87
595 353
369 113
200 951
611 989
594 831
772 252
856 878
588 282
390 487
576 564
677 580
992 636
584 54
20 775
649 903
35 83
988 201
853 545
444 80
838 933
228 390
360 300
264 778
743 773
143 596
622 918
850 598
767 129
41 181
27 446
727 3
393 378
779 521
248 901
616 516
665 795
916 819
928 466
814 210
484 990
672 599
171 466
586 327
925 696
544 959
793 346
241 465
710 256
403 754
87 949
706 852
235 37
811 254
450 795
955 104
136 688
221 9
162 662
532 650
348 309
666 996
644 59
924 334
782 362
57 508
63 65
603 905
120 4
510 904
105 584
665 226
452 309
350 129
525 788
839 72
224 902
768 185
840 668
559 512
375 612
905 424
337 53
504 77
592 113
648 995
998 649
171 705
302 641
299 382
856 177
724 433
743 426
412 13
667 529
96 189
92 609
743 31
890 293
147 46
810 304
823 502
850 276
2 636
227 788
591 342
483 607
500 529
748 253
433 606
18 767
196 156
245 635
987 372
240 668
657 169
772 210
89 323
724 713
20 18
922 731
656 215
949 654
35 813
965 177
979 905
800 142
34 857
187 592
45 144
405 300
419 220
635 789
666 604
460 333
394 147
95 153
167 899
101 107
273 294
991 860
389 390
838 255
621 412
503 613
338 972
567 64
408 462
209 452
960 939
155 302
567 711
173 159
582 60
377 38
979 720
847 393
329 325
349 889
618 129
894 728
32 233
322 563
291 780
46 702
737 386
66 735
14 435
801 735
977 749
178 103
247 211
364 749
399 620
29 422
332 845
315 950
259 65
633 323
678 11
778 200
763 711
78 809
115 798
716 358
232 231
97 979
888 881
885 310
758 174
815 264
752 915
271 885
824 468
602 785
285 867
728 634
158 45
606 178
644 476
840 202
802 633
972 950
209 226
538 330
540 749
826 787
681 631
573 372
484 830
591 71
95 480
672 701
17 171
896 169
387 72
688 366
491 26
624 138
601 530
452 386
67 69
362 169
291 711
4 75
401 603
136 34
1000 482
724 392
328 342
193 553
228 624
831 621
314 453
526 255
409 943
853 661
180 941
515 788
368 202
69 252
491 472
51 619
381 735
319 262
46 419
173 770
946 522
70 657
748 258
234 367
441 73
619 606
787 518
173 272
202 700
447 233
31 287
881 127
562 94
344 232
202 597
285 988
90 738
196 796
348 307
970 25
613 427
571 850
564 863
844 932
472 176
745 294
386 228
981 258
676 214
353 796
974 792
897 513
589 692
833 691
299 222
320 412
450 233
541 186
89 341
799 626
84 204
962 872
277 226
872 602
891 878
4 84
841 921
238 345
930 382
496 967
444 16
311 155
965 917
728 720
314 716
701 923
404 417
153 631
303 782
659 890
489 149
256 147
288 294
576 804
974 578
981 86
288 91
200 242
931 196
343 707
618 220
169 62
552 946
858 53
896 412
918 1
697 438
244 746
579 508
441 947
266 327
133 221
912 63
173 357
763 369
148 388
42 603
470 58
121 795
716 507
661 111
654 678
445 587
631 895
834 501
385 731
326 698
318 878
209 263
885 606
270 693
8 458
288 2
474 496
577 910
903 28
559 191
667 167
852 124
142 558
231 646
501 620
852 219
921 995
989 387
31 263
526 746
391 321
884 457
359 233
317 761
965 133
970 6
792 28
677 327
22 849
822 700
630 874
407 644
921 644
288 392
845 821
924 401
764 334
206 191
708 989
372 747
921 371
482 512
72 943
84 11
90 578
549 322
281 441
701 709
669 711
510 199
145 275
356 336
629 340
733 968
25 609
894 344
752 969
216 416
24 619
831 577
838 854
62 137
285 373
745 92
779 543
251 586
573 55
267 151
530 144
917 494
225 781
434 745
76 27
805 968
87 319
631 9
218 149
795 3
29 833
774 288
601 8
652 601
674 515
647 870
725 684
412 310
179 992
50 531
4 858
330 534
131 880
850 930
764 705
524 675
987 703
557 731
946 379
1000 884
401 143
542 344
264 42
860 459
242 789
543 759
847 725
53 911
687 521
994 764
1000 287
671 646
953 746
696 965
165 162
353 833
697 788
795 76
711 423
540 597
104 892
802 724
197 132
756 5
828 306
487 746
180 483
872 893
905 838
73 566
497 128
90 143
97 184
758 878
705 537
745 405
851 918
649 936
129 226
147 13
894 983
804 792
402 409
680 617
345 568
576 433
704 205
767 603
63 281
79 766
104 11
987 690
829 587
712 968
732 51
270 471
883 284
896 833
672 597
998 648
331 515
56 127
684 617
19 365
672 743
131 355
870 3
373 202
563 717
785 484
718 420
553 53
111 95
226 308
995 263
868 97
505 272
967 471
384 928
933 956
942 882
469 426
825 614
459 461
215 813
344 853
71 758
990 812
4 405
735 733
485 562
613 877
540 839
534 976
393 921
394 927
784 879
570 388
323 278
698 505
5 668
836 95
416 766
321 535
606 392
658 601
816 654
555 585
863 511
74 731
314 607
568 847
790 998
926 783
968 418
170 800
679 181
314 987
466 756
69 84
853 559
379 16
813 855
715 747
956 114
756 169
898 574
444 345
374 930
811 182
182 892
851 791
683 651
150 468
537 484
537 404
772 341
203 333
379 712
878 736
303 908
827 492
293 831
75 703
119 68
173 633
979 660
142 769
823 788
83 586
13 622
399 917
665 819
536 125
766 271
234 608
136 120
991 77
76 500
478 269
463 20
543 863
612 261
661 133
144 437
34 132
608 245
16 283
453 758
217 186
735 213
466 736
645 335
915 770
528 11
490 431
666 645
649 703
936 560
487 910
25 598
678 683
1 691
21 168
107 668
480 119
738 762
462 684
202 563
208 597
266 30
201 22
995 488
775 162
394 48
578 61
743 990
491 932
787 301
56 270
966 873
345 552
572 81
260 375
131 402
584 75
38 784
940 750
374 513
122 326
112 351
702 287
47 476
236 412
845 392
275 200
60 178
989 490
553 563
890 19
463 141
162 721
996 598
89 439
352 885
859 929
565 82
140 565
361 546
500 575
859 567
249 696
467 995
275 273
670 477
332 403
904 321
857 364
779 334
365 429
789 560
1 920
362 131
132 901
463 545
313 918
230 140
154 338
186 575
120 606
646 931
699 867
543 766
397 658
648 156
293 754
227 540
196 675
938 881
448 195
791 225
970 47
756 970
877 423
903 805
372 260
851 265
480 939
872 235
167 278
667 128
296 330
876 702
360 623
941 213
814 680
268 630
77 426
204 73
322 213
254 521
862 99
956 863
501 351
893 51
236 869
979 520
717 866
697 415
239 279
716 595
946 607
785 920
166 458
535 537
54 74
82 981
454 709
617 641
601 948
783 161
831 430
642 173
124 69
473 210
51 146
187 348
113 77
754 220
718 176
341 476
337 743
572 725
736 252
175 493
873 630
522 929
406 178
284 586
105 680
992 621
286 186
382 156
368 108
971 866
652 109
98 452
848 974
984 918
920 615
848 212
406 250
685 280
941 977
14 54
686 225
959 458
429 376
455 580
340 821
233 918
267 859
413 641
330 475
115 864
362 217
956 441
653 734
838 262
394 466
486 410
86 474
530 388
756 180
535 292
769 680
222 405
896 934
145 509
853 530
675 620
580 965
387 549
793 853
348 184
289 752
64 750
188 189
285 419
36 962
945 684
544 879
383 932
133 297
759 574
229 1000
832 831
154 234
989 77
76 318
800 700
862 988
90 929
386 908
647 862
186 605
305 982
174 97
99 946
535 8
144 203
188 122
327 569
484 753
393 356
577 648
8 718
710 251
522 676
327 1000
404 746
823 65
468 431
317 53
181 296
362 678
669 789
6 907
500 850
562 291
946 188
410 200
439 798
967 288
160 319
147 403
887 268
829 779
459 589
181 432
187 824
803 293
57 938
148 141
470 290
581 446
564 31
365 750
577 248
238 518
81 613
632 162
364 930
110 943
421 29
930 696
134 193
154 70
414 196
571 773
359 615
549 540
608 693
240 185
986 176
774 799
906 166
338 99
481 411
640 873
753 732
643 941
694 163
684 598
985 971
150 435
98 312
969 427
720 931
83 818
392 697
881 973
827 930
710 247
648 861
820 156
977 431
217 696
166 31
396 886
283 509
500 598
103 775
16 839
665 929
796 793
651 327
8 104
979 69
325 954
477 602
198 187
515 396
695 337
428 611
390 405
959 749
895 792
617 935
355 304
848 62
650 653
249 762
128 500
987 769
172 600
257 725
815 212
426 587
378 836
834 618
507 858
805 98
342 492
831 418
681 384
13 316
712 340
612 908
507 69
932 451
223 403
453 308
149 955
679 196
40 897
409 181
151 85
288 812
502 725
31 682
247 423
692 827
951 215
591 388
108 18
820 252
746 95
54 170
374 588
742 810
142 94
556 457
535 772
221 993
166 619
279 125
937 535
620 588
183 927
97 36
805 300
248 878
702 267
632 384
686 876
960 738
791 251
623 743
366 493
699 418
619 826
597 528
55 590
704 344
758 776
611 777
185 933
638 609
434 148
411 845
749 165
901 411
350 841
447 557
995 783
123 150
247 592
272 872
999 734
370 27
110 487
333 172
702 486
296 570
619 232
341 369
441 934
366 246
252 626
453 386
563 704
184 344
186 936
779 435
13 956
496 595
584 527
508 962
196 392
105 664
7 396
577 133
756 699
526 319
959 688
271 395
994 796
372 40
450 323
544 515
852 20
226 555
230 189
781 507
252 554
158 364
968 826
963 337
941 994
715 68
486 67
34 164
837 382
1000 516
764 333
298 447
876 135
614 810
339 66
662 468
688 632
644 303
452 796
14 752
867 715
299 941
390 148
554 47
348 460
469 438
957 421
62 507
890 27
436 401
968 511
890 624
347 355
679 174
160 867
545 89
330 138
84 915
762 807
591 943
955 447
186 71
637 492
707 275
206 265
47 178
846 867
527 264
115 75
750 216
902 174
60 916
911 236
629 564
571 282
30 446
100 4
591 18
219 415
863 693
474 866
96 926
756 144
120 366
130 918
898 802
908 959
630 86
996 228
708 693
441 665
518 112
850 115
578 288
305 107
643 887
322 783
70 812
50 541
518 450
435 588
700 26
663 681
407 56
318 2
775 366
730 784
214 431
8 463
382 690
548 524
423 715
115 425
958 363
438 629
929 84
357 631
905 487
716 986
413 417
343 284
79 962
887 701
635 360
67 926
40 731
281 226
604 374
177 265
942 359
564 806
461 881
541 592
350 638
264 303
306 113
714 419
260 616
232 580
868 391
200 961
309 548
104 171
992 9
283 184
395 386
211 335
439 715
544 422
931 141
574 999
597 698
903 321
289 789
51 631
304 349
77 735
459 920
5 697
777 485
94 310
632 186
709 634
104 912
762 367
921 957
664 622
824 834
323 370
33 552
588 68
749 664
882 243
541 873
183 744
98 377
387 281
344 338
139 962
635 1000
53 94
629 369
88 602
596 553
51 837
89 295
921 924
439 510
381 719
451 778
706 372
103 124
970 553
118 771
77 272
52 260
846 255
720 890
91 114
848 375
315 282
572 633
363 182
813 139
750 309
234 597
922 932
473 796
731 230
283 203
69 507
482 911
244 402
679 666
1 336
731 423
462 879
338 584
866 54
379 501
402 386
348 161
313 119
962 349
585 358
704 753
119 422
188 646
550 364
760 972
63 276
43 251
462 484
586 548
68 892
232 560
320 124
424 72
524 272
410 883
964 745
680 240
159 758
506 373
742 342
318 376
314 821
289 193
770 422
343 140
993 625
903 478
261 49
458 851
368 111
423 515
15 225
738 40
453 538
818 814
391 92
870 983
338 509
372 454
200 820
451 464
106 27
702 389
810 877
843 167
758 393
242 427
540 662
513 988
182 406
405 984
812 781
88 243
972 708
181 545
361 23
248 615
692 232
7 640
667 45
959 878
413 144
523 751
876 263
970 25
492 546
417 107
278 395
902 880
102 152
771 34
430 195
572 443
962 908
195 773
185 951
912 231
72 22
919 899
398 110
72 898
812 321
937 900
617 368
638 45
923 628
231 115
591 45
902 647
917 650
475 639
31 208
375 44
355 346
663 933
867 587
611 385
18 476
140 461
809 564
363 427
337 488
18 737
224 542
181 549
534 998
431 759
145 116
516 19
371 151
767 140
519 354
661 717
258 963
219 367
354 992
26 8
719 653
755 330
490 862
140 32
508 424
100 344
69 9
363 555
299 27
20 979
70 711
570 818
94 777
123 197
471 946
125 529
851 763
45 1
364 606
823 76
754 433
496 659
617 286
848 257
117 799
432 498
552 575
789 650
742 555
77 36
939 262
610 619
687 564
257 793
947 661
844 421
272 487
679 746
876 827
136 724
649 121
848 654
996 798
386 447
645 984
531 413
860 325
527 143
992 44
353 399
571 537
640 198
384 686
272 78
559 331
657 61
111 25
338 99
255 600
63 560
283 38
463 191
309 471
861 954
476 678
538 115
710 431
908 753
152 429
42 571
574 215
408 697
543 839
145 844
40 367
553 694
262 80
311 613
420 711
590 265
269 491
572 3
722 845
77 394
700 926
815 496
123 183
156 128
55 880
848 73
530 88
659 2
585 133
825 43
316 349
807 466
999 840
817 149
135 803
968 524
922 279
398 997
739 258
220 60
35 6
425 176
472 168
538 603
339 765
820 411
812 96
305 338
902 526
669 675
675 939
233 714
762 861
401 438
342 448
906 597
563 486
738 853
443 768
908 440
216 211
448 356
139 449
200 298
652 146
862 17
436 230
801 859
645 590
964 902
621 800
557 523
619 830
94 686
268 476
965 665
712 489
464 315
107 982
95 954
931 24
675 196
584 49
626 215
766 748
246 801
811 6
18 736
907 968
202 359
226 7
88 639
799 120
688 643
952 226
984 240
386 310
569 32
892 949
434 842
660 607
431 811
456 870
939 738
307 535
315 712
25 7
791 997
907 291
832 387
551 472
254 719
580 825
350 325
247 726
878 798
540 371
426 42
182 873
580 377
872 373
567 744
792 563
20 262
159 432
423 688
969 947
81 202
731 52
35 340
376 62
816 871
460 822
431 52
176 360
295 702
421 984
78 676
410 8
876 115
795 505
59 428
305 246
992 403
518 479
881 988
422 106
757 565
586 588
215 172
876 632
660 531
450 985
87 827
912 163
318 902
865 74
754 223
932 205
206 238
981 362
706 269
929 155
475 9
933 994
958 566
948 447
77 187
752 143
238 976
455 272
831 428
63 755
385 726
553 114
101 816
579 645
839 356
92 871
53 902
737 378
569 57
625 13
427 186
681 798
927 45
791 294
328 426
533 556
891 331
330 26
576 594
543 28
540 804
683 375
507 761
936 389
352 89
481 55
487 54
670 27
798 977
936 930
699 96
84 100
547 169
73 237
781 843
908 543
187 494
252 283
93 111
314 565
644 923
576 624
331 75
823 700
942 418
423 34
511 517
325 331
531 566
533 679
807 611
787 466
135 967
10 255
351 256
175 323
433 589
867 352
92 714
586 351
742 835
337 811
115 604
971 375
942 710
767 744
909 537
24 270
44 804
883 63
341 244
365 491
971 68
664 10
190 379
32 850
125 915
60 967
630 972
380 951
255 376
551 50
25 228
892 203
733 200
464 907
683 864
510 973
766 318
488 759
941 579
788 693
975 617
985 133
850 836
294 931
165 118
797 738
46 354
6 877
900 83
803 321
943 277
272 50
875 782
428 251
496 608
308 40
2 578
68 95
992 241
441 870
930 352
769 394
615 617
465 194
804 515
219 178
103 802
655 467
644 951
531 529
781 818
824 893
433 628
25 549
700 452
870 991
871 593
773 719
509 919
417 539
583 605
155 296
206 105
134 173
463 18
976 2
502 559
192 48
93 711
268 378
748 555
893 324
152 165
221 506
834 804
110 633
99 245
2 299
340 3
615 803
857 721
713 590
439 992
505 685
843 199
249 973
668 854
168 99
337 593
520 946
436 551
862 698
338 579
880 112
813 997
590 143
816 342
205 990
762 326
850 410
681 717
439 816
118 354
728 673
494 625
631 862
155 887
329 376
548 725
332 770
991 625
440 420
477 49
473 984
23 193
545 598
501 895
289 493
678 961
821 992
927 236
852 196
458 862
484 954
299 907
565 411
942 257
420 196
835 247
548 568
672 610
718 756
824 526
655 312
826 775
970 954
213 416
539 783
416 545
864 478
8 722
188 704
358 151
703 314
392 168
339 2
509 709
10 782
769 791
286 535
408 332
678 234
664 834
589 655
374 942
531 806
569 749
682 124
214 363
271 142
824 147
941 292
80 567
645 591
430 174
180 896
63 458
675 431
725 415
735 302
85 170
278 833
138 809
132 412
935 380
481 708
650 150
704 463
907 183
218 463
240 329
503 516
302 977
170 846
212 836
345 897
139 335
153 467
790 104
735 792
940 357
647 746
787 629
316 913
217 984
936 906
149 328
168 606
998 763
107 551
460 654
389 838
617 249
921 142
420 405
134 336
170 303
81 534
85 437
193 589
385 156
774 578
336 245
401 259
240 520
210 943
301 158
331 306
479 99
573 529
662 863
772 77
782 74
580 186
594 216
153 502
323 193
531 709
248 571
361 896
741 470
839 166
809 577
901 370
459 950
3 685
845 160
340 360
793 54
226 672
149 974
599 280
810 880
942 518
114 959
518 422
359 298
587 48
160 140
813 693
744 335
643 61
823 56
398 92
277 849
690 362
824 660
860 247
855 976
189 229
681 316
602 769
938 190
311 467
256 791
564 360
10 959
332 937
990 38
586 903
108 389
133 570
649 755
931 827
760 150
601 944
568 831
627 664
137 81
387 985
938 452
699 883
950 366
456 723
788 910
633 300
566 106
341 435
249 608
417 220
768 575
861 455
613 918
878 127
22 731
872 161
104 339
416 710
554 872
70 125
924 250
734 910
796 85
242 158
792 963
838 598
496 823
250 274
371 525
781 191
720 654
312 60
655 573
307 253
26 506
646 467
174 614
214 919
990 957
159 179
290 483
772 648
439 272
162 253
951 374
527 242
220 928
564 917
814 950
179 950
494 255
739 187
158 159
471 624
343 760
272 305
753 593
764 485
523 121
206 189
750 720
919 417
397 856
671 473
747 606
503 641
406 206
52 76
355 49
617 307
884 124
491 22
166 471
463 825
470 633
916 225
68 994
297 897
943 717
129 347
433 727
376 884
800 404
861 963
397 290
36 308
41 237
644 752
959 985
664 356
481 55
748 251
900 99
471 947
620 570
555 118
293 163
900 920
186 142
852 928
117 473
663 376
172 419
757 619
936 197
936 788
388 469
8 374
940 497
552 116
678 764
161 766
54 693
34 513
660 243
232 799
514 891
418 982
669 839
429 961
352 771
271 337
603 798
29 444
248 188
761 164
228 320
33 479
394 837
325 581
354 89
757 320
122 915
599 955
564 462
443 560
447 156
649 731
716 617
735 124
780 239
607 663
772 150
800 555
579 469
986 140
941 255
289 552
559 848
336 586
424 300
578 433
597 154
551 294
995 720
209 955
726 586
814 621
349 144
81 334
729 205
762 791
615 563
156 737
609 893
814 222
755 768
745 269
662 600
646 638
792 729
80 561
793 987
705 45
961 954
445 299
592 563
841 815
739 409
91 746
206 104
827 338
68 136
302 1000
526 404
267 222
80 146
189 720
363 242
239 892
773 412
933 68
727 812
925 807
571 153
496 537
93 319
459 4
528 838
835 637
429 219
984 385
855 751
267 686
261 460
425 878
809 277
678 110
840 263
929 196
109 695
167 1000
390 299
130 309
35 265
43 967
769 961
964 997
380 341
257 506
787 511
753 749
380 9
606 345
721 637
129 938
900 971
198 847
734 278
857 650
424 857
512 618
898 718
592 537
760 593
794 126
262 244
224 287
901 879
971 403
896 56
220 660
474 599
327 860
50 874
513 405
85 643
817 510
596 214
258 972
516 284
790 198
79 268
863 394
390 239
393 170
210 979
380 58
571 842
76 989
430 164
566 754
652 915
863 862
510 872
738 887
279 699
132 646
987 563
124 405
624 324
634 14
937 915
870 653
458 770
363 591
268 383
267 627
449 949
557 399
417 295
290 244
898 509
69 25
882 217
666 211
470 410
917 137
612 690
950 927
303 350
727 767
512 562
157 716
212 547
978 197
569 943
876 942
212 679
877 473
419 210
345 119
280 265
902 229
160 830
859 615
229 717
327 402
945 193
936 571
149 667
435 85
879 467
748 765
250 862
678 196
950 107
263 922
848 94
418 356
884 442
423 812
349 14
140 857
622 786
681 146
622 131
762 305
825 438
742 28
324 44
57 620
201 140
25 476
935 440
178 182
463 131
884 677
66 647
791 486
867 177
870 40
737 739
146 510
387 318
694 504
809 851
251 93
213 469
520 869
263 167
841 720
886 705
181 1000
468 458
925 150
401 605
360 128
3 935
508 868
838 976
963 39
87 584
254 845
227 576
432 167
21 228
793 109
538 727
176 769
507 33
470 266
863 788
101 903
606 697
455 713
238 720
776 438
411 401
466 490
394 629
409 40
470 752
474 53
326 717
412 149
386 558
532 455
658 715
770 89
985 553
284 959
178 673
107 169
3 212
332 974
441 218
720 18
889 454
168 638
550 631
923 843
521 750
818 389
847 266
310 615
500 819
23 168
113 960
857 153
33 172
735 952
792 322
54 242
80 797
206 487
514 679
613 397
917 898
612 734
525 171
963 371
948 185
923 494
546 582
954 497
723 257
206 535
726 332
887 79
252 667
341 144
387 69
918 913
453 1
160 70
319 390
593 47
336 73
583 890
579 416
511 42
280 378
586 634
387 902
173 842
421 779
509 583
927 10
384 370
518 666
858 700
835 366
749 697
420 35
349 179
128 295
478 120
590 273
705 114
341 357
379 651
494 241
84 466
689 329
461 151
367 253
631 630
35 879
990 995
106 80
287 625
456 17
968 615
218 114
834 800
592 715
245 934
738 129
720 504
290 613
995 290
984 258
382 57
796 721
675 510
224 270
724 640
388 36
957 219
828 761
107 441
249 130
916 15
181 644
61 814
184 887
88 313
814 563
617 304
637 258
954 740
978 815
3 20
533 848
465 302
482 409
491 245
124 288
26 945
9 767
66 699
348 8
976 625
502 242
98 559
696 259
285 609
40 511
104 417
973 842
515 458
926 713
666 171
993 84
297 763
995 659
797 613
904 423
786 320
445 115
202 773
770 187
771 208
952 803
318 529
766 292
646 942
408 820
953 117
891 600
294 453
333 581
795 699
69 867
143 147
850 364
89 233
322 87
321 392
687 229
662 637
689 235
318 216
608 415
419 758
937 74
194 371
832 339
574 894
659 575
149 646
288 207
754 731
429 424
211 649
86 492
356 256
59 154
315 127
138 737
532 546
463 507
149 248
620 986
357 628
364 522
176 728
817 64
487 834
632 799
466 767
418 404
250 762
916 407
376 107
282 189
4 974
491 896
602 184
502 668
1000 530
984 101
928 4
561 127
73 536
230 228
901 93
426 985
577 196
543 822
587 976
77 569
531 76
64 696
87 845
787 767
919 2
908 949
628 641
66 347
93 61
239 332
456 977
97 611
166 77
42 614
757 57
626 786
368 523
426 546
420 100
244 331
727 165
222 278
57 639
289 220
392 966
490 382
261 451
278 46
428 746
609 387
142 996
389 832
887 328
493 456
401 960
954 270
124 330
966 676
425 665
580 468
649 69
920 110
328 881
680 912
875 237
370 548
110 536
129 872
695 624
925 41
706 477
544 483
938 511
60 177
936 807
973 447
543 393
598 614
668 233
161 363
839 129
991 233
731 666
86 649
545 935
655 512
83 830
489 968
972 191
638 603
679 360
409 365
350 95
89 346
600 535
526 178
255 155
950 134
821 223
600 682
987 269
194 80
280 707
548 133
248 124
538 819
78 504
407 735
167 437
10 696
471 88
96 504
181 721
812 371
856 412
741 135
981 319
924 824
933 273
381 992
900 619
837 506
378 494
208 149
70 916
460 946
193 883
403 539
234 722
866 105
404 942
12 516
128 25
357 767
961 96
139 70
703 375
884 577
274 957
314 862
447 117
567 338
427 515
512 995
178 234
780 479
531 478
124 305
156 819
814 355
187 808
426 952
391 211
297 86
173 559
193 264
416 498
228 893
34 406
47 639
725 532
62 530
885 83
366 818
72 219
262 319
856 645
282 872
709 389
173 102
613 525
159 446
80 668
68 456
306 234
120 51
908 289
352 230
938 734
225 157
604 969
541 303
855 388
747 285
508 801
579 633
637 46
972 171
484 147
241 739
842 966
964 602
474 587
211 705
985 966
319 594
959 62
795 293
498 434
661 560
882 805
594 50
903 780
559 192
34 774
650 533
145 136
175 162
573 789
443 968
211 418
599 115
574 79
755 368
923 349
258 829
654 564
928 237
971 52
761 684
500 952
653 87
993 772
829 202
335 308
819 575
490 578
395 165
885 857
790 212
414 705
142 556
959 683
657 705
820 476
621 227
916 751
175 904
632 189
811 296
949 223
39 860
24 469
215 919
597 509
950 829
647 90
168 891
343 126
975 569
888 483
476 574
135 445
491 517
781 993
745 957
845 799
193 392
66 692
150 661
176 281
346 671
266 616
46 256
807 854
543 454
776 977
209 778
728 448
237 615
395 518
414 216
533 746
245 460
557 919
492 688
315 429
972 60
216 76
200 669
112 946
600 26
806 410
1000 885
887 721
699 797
478 68
932 149
954 922
750 830
585 694
201 233
766 147
859 251
429 118
201 292
756 521
690 155
278 255
800 926
973 843
337 511
425 972
910 220
779 195
131 818
542 719
230 88
641 221
99 517
418 717
899 291
246 468
223 281
631 838
14 266
210 634
818 46
813 845
435 82
217 905
175 90
371 217
983 461
461 60
109 380
453 324
111 211
298 137
399 830
384 427
121 183
11 927
855 726
650 933
907 383
701 660
854 72
712 489
472 438
560 794
312 415
763 242
3 639
347 706
371 124
957 218
243 716
577 6
955 327
603 310
582 49
944 928
357 84
184 576
312 430
234 971
65 711
987 183
869 685
415 110
891 400
213 241
999 69
186 430
494 132
330 225
807 815
7 687
10 517
804 784
970 31
864 950
71 136
199 376
395 758
229 128
466 273
143 708
614 413
27 759
671 870
987 470
714 94
407 779
429 90
133 30
26 636
884 41
30 945
717 131
301 886
692 367
666 253
504 195
45 568
506 807
655 434
964 475
312 130
824 932
712 111
313 448
455 328
647 448
105 276
541 289
91 980
930 406
521 537
968 821
693 861
156 352
457 593
571 299
329 569
233 112
466 358
253 444
690 248
633 986
223 609
211 546
632 547
492 666
996 882
49 646
345 248
795 647
752 16
49 316
766 463
655 857
614 758
413 476
829 376
72 369
67 130
117 424
209 561
477 349
954 498
653 970
104 528
949 603
350 61
960 493
155 856
539 13
512 147
307 210
531 420
723 490
644 955
779 795
247 765
189 255
894 80
605 191
202 614
945 984
421 94
826 314
651 255
990 942
967 705
882 233
140 641
183 626
993 909
521 103
546 768
957 786
783 547
856 744
942 150
577 379
261 222
971 584
626 846
474 655
253 418
951 926
154 839
21 452
883 437
383 653
100 173
32 536
237 893
382 298
721 864
461 648
738 721
642 238
394 150
775 270
978 165
787 138
396 487
582 292
708 250
331 760
378 941
446 320
553 212
597 854
410 621
578 357
474 158
78 434
285 774
697 202
4 508
6 739
781 591
821 159
234 969
714 844
122 168
444 987
680 204
24 301
432 723
764 277
533 15
841 252
8 285
759 163
982 590
212 952
542 81
555 119
48 796
903 684
375 845
830 314
671 583
5 749
178 89
328 710
222 291
129 473
23 417
960 962
779 470
822 913
347 505
777 349
329 114
292 909
754 571
866 804
500 509
734 978
374 667
115 257
678 563
689 699
165 451
48 198
357 494
765 87
909 530
909 374
684 712
462 169
517 311
707 552
251 981
956 238
46 992
525 439
50 804
392 747
914 166
832 608
294 819
77 154
502 465
565 702
269 492
158 198
54 373
602 62
660 807
508 621
41 562
373 43
480 716
183 832
565 646
737 296
956 519
321 957
461 821
65 128
292 304
115 463
363 221
981 69
658 742
186 132
520 150
900 85
977 359
471 668
416 281
778 523
175 852
541 508
921 202
186 338
880 748
114 94
945 764
977 479
211 855
640 72
311 73
677 355
158 112
618 658
346 420
253 967
960 869
422 17
966 757
223 19
621 22
510 111
201 519
112 688
431 371
1 984
508 129
561 238
155 772
836 497
769 269
141 32
752 318
406 558
73 29
389 304
198 210
672 461
165 418
62 954
970 313
52 445
990 962
486 554
439 948
575 314
536 299
124 874
833 858
264 788
258 341
413 416
45 902
649 210
737 828
903 737
627 363
686 578
41 996
786 580
681 175
996 64
381 404
167 720
950 586
612 431
136 327
764 428
870 748
388 459
373 287
435 707
309 522
585 513
783 230
311 134
618 605
574 686
345 543
683 661
689 290
886 758
930 932
13 876
339 217
176 71
189 94
253 991
514 55
828 707
560 105
892 737
527 904
934 537
426 405
312 736
81 542
516 906
929 322
824 736
959 95
858 766
948 144
873 77
62 427
31 263
790 174
453 535
241 547
697 241
627 888
864 534
258 487
221 452
601 862
482 300
474 181
424 120
865 231
856 229
715 402
651 321
312 619
960 629
841 191
502 66
179 511
71 631
298 894
645 596
954 881
868 11
202 509
666 758
60 708
259 128
416 213
873 839
831 832
51 964
692 80
282 605
882 820
877 327
502 59
814 570
316 199
99 340
267 473
55 556
873 93
151 672
235 909
202 323
105 334
245 31
286 664
224 686
752 207
905 187
252 663
169 357
745 462
743 902
56 90
996 862
278 461
173 626
455 586
638 526
644 4
659 502
749 534
723 171
612 939
954 632
793 494
93 72
899 758
183 262
662 130
235 2
627 76
142 975
106 792
807 276
682 393
780 405
765 648
441 637
516 884
990 900
128 712
155 25
854 673
253 867
798 785
155 304
674 810
775 416
393 906
320 788
230 687
298 881
253 547
689 385
630 278
434 875
224 165
787 811
690 832
347 672
508 880
703 221
842 460
884 804
790 97
448 913
111 284
12 549
306 689
559 247
660 320
714 196
787 526
755 369
976 319
949 345
950 784
675 53
675 713
727 906
768 883
63 837
790 488
38 590
211 484
687 321
183 767
832 7
517 584
936 758
173 289
527 850
441 866
27 260
757 806
470 452
379 155
498 856
334 911
28 759
435 365
954 496
153 235
944 430
113 375
222 912
307 522
399 457
667 331
153 149
904 371
167 488
127 371
134 933
896 748
411 607
879 22
159 561
654 558
928 170
531 610
304 194
87 847
879 888
253 946
470 150
732 968
81 792
969 32
951 686
737 987
883 588
621 619
91 553
672 195
668 45
709 772
709 851
176 394
661 6
506 145
692 410
308 574
980 886
534 637
429 213
199 460
449 320
416 746
790 953
768 256
895 646
689 913
632 299
574 519
230 763
63 815
137 784
74 461
920 974
514 184
274 315
910 904
134 383
289 157
810 925
651 117
775 349
618 783
97 156
83 595
497 371
723 831
45 218
191 715
266 368
401 479
416 945
964 525
342 926
538 920
917 897
55 653
432 642
335 778
642 518
262 535
7 268
639 474
472 895
394 62
723 173
800 342
10 20
948 108
276 254
781 891
858 976
160 495
965 281
654 829
325 961
50 890
436 126
431 844
834 719
623 375
164 5
993 894
411 420
977 81
478 383
509 984
489 845
846 661
585 992
482 202
880 210
898 121
295 878
103 536
379 747
902 219
814 131
931 299
819 849
61 985
390 491
282 413
735 659
935 337
305 789
743 334
454 240
473 89
69 568
685 894
121 469
885 85
300 934
853 727
658 392
885 986
582 614
172 46
271 115
728 220
504 930
510 765
278 683
521 840
582 916
558 891
261 554
948 731
913 672
946 216
66 87
593 574
701 242
170 20
13 516
963 859
339 70
22 82
524 582
306 849
684 184
784 873
255 339
199 192
911 621
180 338
424 520
492 835
254 883
78 661
289 35
198 243
165 187
431 518
530 418
261 949
456 917
640 709
326 493
44 596
367 87
449 232
698 569
431 792
698 409
449 672
857 540
165 338
857 709
648 539
395 392
8 455
652 423
674 266
993 452
804 872
718 186
155 350
794 574
643 504
528 943
319 985
401 273
39 349
764 438
760 593
815 347
55 65
170 573
113 313
100 993
956 146
835 563
642 975
91 179
213 29
873 571
709 705
534 299
623 262
190 500
770 32
430 730
605 928
318 925
602 406
27 914
371 136
409 602
418 416
947 721
988 125
673 281
196 300
600 447
386 500
975 40
659 544
947 389
375 594
539 879
777 134
782 911
268 495
14 245
198 290
630 95
347 1
766 605
801 958
52 30
942 41
18 172
681 366
908 502
380 340
574 767
148 805
767 197
139 425
803 72
92 593
328 502
625 931
149 958
793 834
362 193
575 701
342 110
832 722
478 838
456 511
581 135
630 618
183 528
148 823
455 364
531 232
990 170
114 953
83 279
568 856
972 934
265 862
44 659
461 164
857 987
199 984
606 537
469 190
165 811
107 281
75 651
753 137
643 670
111 899
373 120
995 280
752 118
922 995
180 316
441 326
858 862
356 768
298 976
301 91
904 267
572 577
6 498
689 723
513 302
517 659
635 94
76 113
866 456
953 169
564 254
311 478
85 388
495 648
141 637
339 497
711 202
640 83
958 631
992 685
891 571
365 352
464 631
821 617
696 921
874 550
848 58
824 692
133 268
127 662
748 124
699 788
721 309
565 231
780 692
732 714
746 99
123 852
786 462
560 641
910 799
703 38
465 521
684 416
473 344
271 622
171 395
237 379
782 248
754 992
154 213
319 932
91 694
739 860
289 774
890 547
36 137
30 206
84 561
849 543
729 36
986 546
651 368
705 565
154 412
191 563
367 929
612 734
622 279
58 415
66 52
966 751
288 659
659 55
415 148
446 846
299 52
859 733
180 966
330 318
885 60
105 735
485 625
731 141
334 389
373 970
185 538
813 28
850 934
124 596
904 733
969 487
477 203
279 832
183 318
67 113
791 258
257 203
740 562
44 19
238 170
338 510
662 779
948 94
268 450
731 652
169 461
195 34
81 957
759 46
784 135
974 582
315 708
782 904
961 691
513 739
682 320
133 161
507 299
196 204
699 216
283 722
621 121
548 100
405 314
856 174
826 753
497 500
595 838
800 933
294 317
369 213
303 928
959 954
745 897
830 421
705 798
59 205
1000 380
263 130
400 612
913 764
895 549
600 664
932 24
827 814
939 675
47 823
200 3
246 953
939 320
172 587
858 913
135 719
781 884
907 872
305 116
766 184
431 85
671 811
403 318
943 698
226 812
140 663
356 779
459 399
518 853
761 179
234 292
905 429
367 756
935 894
255 313
413 751
167 184
91 983
999 591
236 340
781 119
181 442
917 238
926 718
714 709
574 682
672 904
530 132
348 184
607 35
647 659
327 966
355 109
198 241
820 363
872 665
966 332
803 103
482 731
959 395
41 282
12 730
739 293
387 619
965 944
849 878
7 993
775 383
665 8
800 458
979 159
986 577
67 921
926 402
618 441
645 221
912 645
453 559
884 248
116 701
220 64
456 775
516 616
7 185
235 354
534 184
552 581
213 867
790 842
17 104
625 331
703 38
411 139
638 295
275 292
513 111
345 167
381 520
650 627
861 412
307 532
675 298
704 501
807 669
119 869
651 116
901 337
138 730
196 707
61 329
215 891
671 6
270 891
616 801
948 521
820 138
214 223
53 889
427 817
372 362
390 362
525 442
236 654
62 105
939 575
787 230
592 267
104 823
397 885
618 732
469 983
793 68
496 374
977 294
200 305
357 955
496 24
706 212
628 545
406 264
310 301
839 144
878 153
550 77
882 178
652 438
267 921
110 419
783 543
792 197
687 33
237 912
594 764
343 54
892 49
656 291
62 1000
735 647
965 104
483 731
794 619
770 733
613 670
834 421
925 415
124 302
275 77
195 549
992 896
61 516
459 810
545 532
589 815
990 820
821 569
936 329
354 705
174 272
296 780
289 756
490 378
427 541
252 358
985 122
426 183
485 919
699 586
218 45
438 524
738 179
201 405
53 79
430 654
378 157
791 439
617 794
30 184
155 371
647 827
779 555
181 535
212 787
135 152
938 326
242 207
182 826
310 42
909 594
501 263
78 112
106 27
691 492
805 585
626 438
52 983
183 593
639 354
736 689
907 551
824 672
161 148
726 664
514 624
750 216
962 4
652 508
605 440
21 860
806 143
583 17
625 193
143 275
33 808
495 595
378 280
315 283
78 585
258 97
311 712
136 72
188 781
569 553
293 348
118 251
9 657
263 502
924 225
826 20
361 379
819 290
152 754
638 204
164 53
904 282
882 49
653 114
648 786
763 465
282 377
679 921
646 844
835 104
97 789
966 727
956 287
276 37
2 365
826 871
309 975
118 112
12 692
353 169
14 681
420 957
642 247
830 282
223 499
229 391
508 775
134 631
404 938
77 755
608 463
167 775
468 805
14 392
176 575
867 549
847 788
497 518
419 114
136 446
988 594
861 155
460 477
686 11
433 454
457 947
526 74
534 817
767 320
439 832
564 436
420 793
129 246
674 627
90 190
401 679
194 995
881 780
729 130
803 922
146 990
351 343
209 232
726 312
211 887
990 421
420 881
481 741
31 993
777 729
131 529
393 874
336 179
850 918
157 8
990 640
775 402
369 512
399 760
849 605
505 159
719 598
660 26
461 906
595 603
790 518
155 570
12 986
51 696
395 456
710 733
163 849
161 774
24 775
944 471
13 327
832 386
366 884
837 435
993 445
813 352
78 908
786 309
340 385
516 365
732 614
245 115
255 876
517 143
98 605
361 44
827 316
210 850
134 672
163 22
994 930
758 479
124 532
13 571
428 12
301 483
773 509
139 498
204 543
505 425
945 619
759 888
142 801
435 69
610 396
516 688
523 895
902 206
590 527
857 302
602 354
522 930
875 241
1 64
316 203
515 352
503 974
347 195
658 547
450 75
669 288
437 266
428 379
268 301
783 277
581 378
306 396
806 667
104 786
602 519
334 238
498 637
590 947
71 939
828 515
979 991
796 338
410 434
760 855
91 723
70 143
920 256
151 452
594 409
671 2
230 159
405 533
208 195
863 985
867 613
766 244
906 472
441 405
124 444
322 529
499 892
304 400
336 560
284 851
197 166
302 121
34 261
404 287
68 739
990 227
815 928
334 35
991 551
850 769
434 320
488 975
485 771
588 724
953 691
438 432
225 786
428 747
718 693
48 254
153 738
658 489
31 290
875 225
506 233
346 687
806 241
776 536
994 432
159 707
986 845
894 207
116 118
300 243
683 999
305 992
659 589
416 932
990 902
710 962
340 974
282 730
142 742
549 798
583 986
709 80
693 831
206 212
561 168
524 456
698 189
279 784
784 313
779 918
739 476
571 385
103 725
133 551
305 658
906 267
301 567
289 647
531 739
820 133
514 588
719 369
973 933
132 124
658 836
672 407
622 302
838 809
240 649
363 573
221 173
353 937
524 370
254 453
372 740
207 473
727 299
336 679
411 901
87 755
776 243
96 602
488 752
378 170
533 534
895 872
983 798
812 545
666 725
413 417
277 759
861 389
643 138
917 228
511 801
879 331
753 41
695 463
420 952
524 850
623 414
672 465
199 349
939 706
447 662
3 692
259 351
977 790
184 799
616 42
738 197
199 877
115 311
390 763
109 447
82 720
909 848
52 76
361 209
917 44
235 614
183 999
984 416
95 689
587 189
638 835
917 374
444 296
302 51
727 790
136 612
755 878
929 410
543 199
866 8
108 847
511 485
874 478
24 566
607 519
700 970
738 50
878 703
86 862
197 341
142 253
292 11
978 950
222 741
838 368
102 166
483 50
55 950
63 892
644 79
832 531
909 561
314 532
118 492
85 511
89 438
23 116
834 305
629 1
379 283
749 259
97 710
188 814
903 468
911 687
238 827
741 802
898 905
226 166
674 169
37 385
580 976
834 322
374 3
479 375
687 746
791 776
761 235
600 963
750 881
399 433
437 886
259 200
212 354
843 887
249 117
923 712
812 3
404 865
669 609
108 121
463 16
898 291
648 244
252 646
636 956
712 266
247 791
338 854
548 741
180 592
360 796
985 153
693 70
957 909
568 891
104 952
609 801
625 161
739 269
120 182
299 528
657 710
985 46
545 271
724 277
500 146
501 47
918 20
411 768
494 122
746 658
81 463
582 359
68 352
846 620
439 142
56 591
875 856
369 370
707 66
487 403
284 676
665 225
534 113
684 679
117 708
779 453
989 911
452 337
45 52
844 590
662 829
3 773
883 642
136 981
998 519
280 387
986 172
844 725
821 670
927 711
184 680
12 351
42 589
844 12
815 935
558 243
577 569
856 123
637 150
580 21
153 859
893 961
73 332
288 255
69 406
56 277
147 818
652 72
286 544
869 494
988 540
438 985
518 381
829 255
691 252
810 720
272 797
704 390
477 860
702 711
654 239
673 507
575 246
631 606
857 526
795 410
271 206
102 465
534 820
202 525
817 33
768 431
125 551
129 819
115 92
741 234
685 803
381 489
73 358
290 539
966 930
17 112
764 340
809 473
306 247
811 983
624 713
495 652
730 990
910 281
925 821
381 351
339 606
61 379
119 527
76 475
356 503
621 735
126 62
647 889
60 79
354 511
874 979
830 222
431 693
987 631
50 891
667 554
169 789
527 640
707 798
916 499
298 890
729 674
242 198
641 154
110 7
755 24
836 911
919 796
519 157
37 454
10 87
357 749
747 377
818 339
377 720
387 780
851 754
93 392
203 4
690 184
456 473
657 998
280 998
525 809
991 399
777 926
378 33
637 116
572 604
296 988
991 54
348 283
2 433
418 300
398 148
653 900
582 530
376 355
197 967
68 604
952 98
162 29
737 444
835 620
620 380
143 654
557 412
437 341
344 907
220 715
112 810
954 237
439 195
4 739
119 220
913 54
179 474
616 655
896 745
799 894
403 704
755 321
970 266
547 101
236 253
819 694
800 384
223 966
440 666
261 157
745 175
29 229
262 45
420 441
511 749
695 106
109 52
641 104
55 108
891 897
154 99
550 643
449 318
205 75
74 741
42 114
840 750
888 314
936 845
683 364
842 41
172 344
348 622
941 304
34 800
480 390
214 562
248 239
66 983
806 127
886 276
444 945
751 867
22 53
371 653
597 798
613 510
539 410
448 163
514 351
12 754
403 134
107 950
181 629
121 815
372 762
645 420
352 226
913 710
784 2
964 492
800 446
647 859
424 666
844 398
393 675
478 828
914 856
104 351
105 333
131 438
916 696
680 759
505 719
294 252
207 402
284 125
437 915
382 639
604 505
585 618
232 74
124 413
30 897
720 972
934 907
188 110
989 964
734 752
182 614
924 34
392 802
767 140
140 504
532 697
482 204
618 262
930 508
487 60
227 76
389 561
365 232
553 513
866 429
849 437
472 973
90 144
111 624
278 973
679 568
910 742
287 249
29 880
65 360
80 910
110 832
4 437
906 15
387 917
908 152
337 140
295 834
520 144
289 200
950 87
792 62
820 164
429 899
732 1
15 634
209 468
808 295
560 226
38 455
151 881
993 129
868 183
804 309
921 714
256 966
197 201
985 692
436 601
33 595
863 754
94 793
542 830
178 594
446 188
533 783
526 402
276 784
919 493
93 429
53 457
185 182
562 820
285 474
879 600
127 969
102 31
69 79
430 892
186 865
65 596
563 559
599 234
140 455
943 15
65 497
290 990
137 401
857 330
842 229
457 86
526 233
909 751
675 702
886 960
82 528
92 188
590 523
639 910
478 484
704 600
671 174
796 991
260 875
917 569
49 384
134 759
75 13
730 30
861 272
950 764
425 462
923 699
142 82
699 260
205 282
8 779
473 31
472 210
448 565
784 613
31 507
374 20
292 121
93 27
983 235
43 470
690 488
919 925
799 783
242 230
799 221
675 610
173 956
845 786
793 528
625 237
285 546
647 296
506 979
308 222
672 813
911 160
299 366
848 359
259 534
650 471
541 325
277 738
450 347
911 704
247 995
579 573
613 824
325 30
635 668
333 537
600 381
973 776
221 857
65 652
637 487
957 299
158 445
765 521
973 420
464 480
844 405
534 462
698 912
666 7
514 477
956 653
12 936
248 500
398 144
637 521
174 796
152 990
49 242
996 915
687 7
566 987
872 570
918 878
968 66
494 396
299 477
765 698
99 910
838 177
973 683
919 829
105 944
928 57
917 572
925 645
944 160
599 828
571 546
666 234
455 264
979 161
30 738
627 523
626 814
474 151
232 455
19 750
952 197
375 575
846 758
98 87
49 344
834 178
916 54
672 781
181 395
516 306
53 952
670 961
745 535
926 668
468 88
913 386
829 434
375 555
568 624
258 464
984 549
807 317
433 564
749 974
401 382
830 393
430 956
800 598
701 913
678 957
884 123
881 541
126 111
588 592
292 582
105 66
520 561
649 695
818 431
483 290
668 788
951 32
579 682
445 863
468 515
669 515
597 384
985 622
68 331
177 938
685 578
350 943
187 111
711 820
720 679
686 150
467 764
494 610
951 198
331 861
43 350
247 27
368 406
460 902
311 537
444 69
503 211
147 182
284 800
278 216
87 964
758 139
864 147
738 866
74 1
349 73
342 635
977 688
802 804
246 961
462 299
988 355
937 672
917 180
750 885
797 112
866 591
758 820
700 179
431 746
917 65
375 679
312 544
818 815
751 613
612 68
58 643
621 893
755 677
424 287
571 804
208 534
250 125
526 545
448 706
602 91
177 968
540 461
496 343
790 633
91 130
27 742
492 707
890 467
225 609
795 665
588 19
668 293
219 263
623 628
934 676
851 54
399 517
47 822
176 216
28 105
911 351
1000 271
522 304
94 775
284 337
262 329
882 687
936 428
150 73
593 163
91 668
416 907
705 816
769 819
586 702
345 437
598 563
55 743
805 366
337 930
168 946
120 106
671 391
255 573
519 491
525 347
313 864
326 375
441 814
986 955
25 193
727 116
543 712
423 539
853 410
164 714
782 457
640 605
563 856
520 801
48 136
593 770
576 359
59 409
468 859
880 327
265 693
697 839
501 523
919 272
368 258
260 314
772 923
269 487
264 705
820 260
978 236
85 51
6 18
795 192
811 714
406 992
371 408
646 840
477 323
698 954
504 585
706 740
8 100
60 756
951 196
948 598
103 690
164 358
425 816
103 57
480 965
690 841
102 276
909 189
75 221
642 786
453 833
437 423
430 45
569 728
806 81
763 120
153 162
382 478
580 142
477 701
790 101
380 907
443 481
728 741
86 270
879 408
739 377
593 760
301 729
40 979
331 244
398 158
102 361
744 247
40 624
452 462
699 781
950 74
59 105
741 826
646 332
953 446
565 724
426 108
564 790
185 804
833 527
503 62
829 593
106 512
426 471
789 278
135 652
30 967
81 760
235 171
251 941
624 605
29 752
412 819
204 699
529 534
633 706
590 132
162 181
75 670
756 529
678 184
556 898
976 216
527 318
607 263
254 944
208 639
96 482
426 57
75 500
710 754
252 256
796 584
92 655
428 262
979 332
360 982
562 203
904 786
568 847
159 37
441 869
824 162
74 394
822 146
673 313
146 676
510 605
145 790
591 594
328 968
387 496
311 860
246 667
811 814
172 572
539 433
256 514
525 801
789 748
676 90
712 29
24 321
382 652
438 774
786 169
375 37
487 645
59 201
460 690
375 912
516 861
320 553
360 347
194 393
169 163
362 421
467 363
201 466
83 315
38 83
415 293
549 405
843 751
873 366
298 970
760 69
536 434
867 987
474 596
784 316
367 725
348 782
915 268
706 134
351 757
680 332
677 453
784 293
610 39
736 374
903 617
297 630
396 643
986 785
626 353
374 343
527 298
380 72
252 945
446 629
505 636
23 553
722 400
825 841
677 551
965 304
585 846
487 91
758 642
694 211
505 649
552 91
14 416
873 193
114 173
813 531
811 695
558 923
81 114
38 535
379 924
781 884
518 651
737 87
828 471
425 753
998 911
635 45
850 887
411 639
246 342
841 502
595 347
202 900
412 886
119 858
896 639
370 120
500 62
278 927
283 640
588 762
519 122
43 929
607 525
382 454
566 668
524 964
469 877
858 331
658 493
59 980
555 89
660 954
873 234
351 150
656 340
172 239
851 823
981 134
19 455
545 76
424 998
848 711
102 782
441 876
921 896
368 804
640 577
106 867
781 100
591 715
969 702
884 28
620 612
902 629
510 752
416 180
735 12
186 23
751 368
498 901
7 771
311 717
649 628
940 190
343 794
605 459
6 176
345 154
823 791
181 165
783 465
626 871
910 897
462 94
340 47
830 763
502 928
965 415
905 508
141 322
851 512
205 688
677 13
256 698
507 546
48 382
261 351
300 238
289 371
894 957
921 357
978 789
745 350
448 893
673 352
953 631
875 200
654 948
462 10
648 790
949 982
686 895
515 177
369 616
94 446
133 800
932 813
961 301
426 265
746 33
249 440
146 830
173 605
808 883
282 807
19 902
151 360
587 869
639 736
98 100
111 188
911 601
763 12
954 364
650 113
272 437
93 465
637 852
589 740
973 798
725 667
306 585
710 885
567 286
90 530
570 413
446 233
922 116
651 22
292 901
457 111
989 794
34 111
853 840
332 633
852 884
488 717
671 776
776 955
232 229
177 314
145 641
200 208
136 6
797 464
407 660
628 906
496 631
330 842
77 855
404 695
221 754
671 388
79 437
1000 496
114 844
982 464
825 324
759 619
595 501
671 85
610 584
100 842
45 632
966 762
98 773
292 571
121 569
335 311
237 465
123 614
744 264
933 71
138 429
695 414
655 459
56 885
647 277
972 389
934 493
244 607
396 595
803 481
609 224
108 667
90 261
46 717
101 86
723 562
519 966
217 651
141 115
227 429
331 674
319 467
914 385
649 104
45 419
470 620
209 137
559 793
566 682
389 236
754 353
245 709
951 219
4 866
327 232
118 155
921 810
156 723
298 768
291 978
200 849
343 373
614 622
642 654
674 238
35 723
81 168
992 280
453 148
437 697
150 601
93 104
954 250
281 266
634 299
154 65
102 634
86 146
518 854
589 745
528 490
544 308
921 632
905 958
60 44
645 118
485 650
317 613
677 290
844 456
958 406
959 208
78 555
180 611
112 348
750 790
342 244
559 827
288 781
17 325
186 698
797 679
487 548
2 948
579 780
281 44
543 570
99 290
355 506
407 345
274 543
55 648
717 515
329 928
390 24
273 224
882 298
845 217
607 304
698 7
331 639
995 75
405 550
232 230
298 838
352 179
65 847
919 889
692 195
325 152
741 342
295 380
239 322
804 561
311 403
428 325
128 97
122 750
800 853
802 807
557 488
758 143
986 232
341 426
396 11
514 319
211 401
677 816
416 952
708 258
725 711
595 710
631 592
373 23
257 297
38 421
486 509
550 309
373 462
611 169
524 286
555 515
307 862
704 110
954 553
766 161
708 498
547 866
223 543
894 158
236 934
46 591
856 353
701 741
11 755
925 850
120 611
156 224
50 75
12 955
9 842
176 951
466 160
792 845
55 654
821 977
423 818
851 380
133 868
990 190
357 856
844 452
606 490
530 185
802 484
920 932
104 952
172 853
324 761
482 631
399 2
498 61
723 295
846 355
76 755
478 229
73 123
171 988
724 395
214 946
231 273
15 765
164 387
852 262
118 254
749 367
51 787
990 300
665 26
235 406
16 557
612 197
955 233
237 287
354 415
160 575
67 351
798 15
736 131
598 748
880 537
969 525
899 596
516 40
934 779
12 533
520 641
537 646
770 279
33 866
704 240
996 276
154 862
686 474
780 373
192 153
833 806
144 675
671 825
493 975
341 69
620 74
17 750
564 562
189 587
479 163
817 115
8 494
640 161
173 205
622 575
229 881
321 673
886 15
298 919
786 763
596 481
453 194
627 881
300 189
844 295
796 845
91 27
600 641
215 316
137 749
347 829
654 657
130 521
722 686
668 731
922 826
646 622
473 725
535 491
287 943
887 611
773 999
184 632
303 811
317 630
972 780
837 387
129 170
856 499
787 108
565 124
271 901
663 40
444 619
194 582
392 590
672 249
61 722
158 949
995 638
710 696
251 384
502 484
451 440
224 549
162 522
212 995
466 615
713 290
402 467
629 237
951 206
8 180
436 173
740 240
333 70
359 857
897 612
695 10
711 121
766 523
52 490
263 480
457 678
541 572
808 394
999 598
720 446
434 404
166 808
85 951
869 420
907 973
335 220
311 221
422 403
335 627
603 267
825 927
219 499
760 269
886 261
23 782
607 124
436 918
621 716
31 672
554 636
341 480
644 105
474 142
794 20
291 984
574 664
985 399
983 334
936 343
425 632
832 789
289 64
625 883
741 272
357 324
289 351
506 32
275 247
386 434
485 166
453 344
859 108
698 191
505 770
279 742
502 298
213 603
199 792
882 418
287 843
170 581
435 292
625 713
474 859
222 211
33 405
704 852
72 704
575 785
895 309
385 655
998 930
687 402
813 512
197 989
26 554
216 825
928 638
125 45
38 412
73 758
663 102
172 644
480 848
554 99
379 742
743 762
147 715
367 704
99 55
508 448
710 296
643 464
85 874
663 536
12 790
455 575
447 62
4 889
314 80
432 668
219 973
715 765
474 502
627 772
304 190
439 440
555 954
425 54
382 477
468 334
760 687
215 816
684 704
935 36
707 562
665 916
599 428
705 975
32 408
948 841
757 794
75 83
806 97
597 746
810 311
997 179
233 406
88 866
424 107
499 934
305 82
218 959
11 31
683 249
108 898
567 12
356 39
898 248
222 425
690 871
399 850
999 607
501 983
940 201
614 822
997 108
94 634
884 892
831 640
301 777
970 414
339 416
405 425
278 638
983 666
480 782
49 846
833 803
365 238
28 671
386 537
963 589
673 31
632 122
740 508
883 313
49 876
20 25
784 868
151 356
240 339
925 706
492 871
268 774
409 506
332 252
485 949
142 467
26 146
31 595
772 145
421 293
54 859
99 323
795 133
677 655
793 306
292 370
651 83
525 56
765 288
352 217
426 233
919 532
326 965
250 887
437 650
946 306
980 304
538 324
95 740
36 485
351 917
855 336
646 27
210 450
506 990
313 305
755 666
527 420
62 604
816 248
364 927
608 255
375 684
963 373
499 650
973 96
688 483
886 437
614 618
716 827
182 843
969 522
673 216
247 360
675 263
25 550
44 977
117 22
422 958
825 175
691 111
828 746
960 221
551 286
620 167
210 166
51 348
335 638
254 668
616 555
688 654
346 646
214 197
649 494
578 721
438 187
864 5
987 412
222 861
792 196
550 40
981 852
678 46
108 366
286 38
894 449
515 499
186 274
883 751
922 285
835 212
164 856
76 894
419 164
613 798
405 456
601 712
799 393
718 544
109 473
895 356
373 622
753 338
509 417
939 888
849 96
125 971
220 470
855 912
636 6
439 932
266 607
499 880
941 374
140 287
99 799
369 337
661 658
610 562
796 757
847 266
1000 249
897 874
630 281
701 597
562 732
873 448
967 803
320 507
395 229
805 635
885 610
419 825
608 334
203 794
554 568
386 202
793 329
682 181
212 162
37 247
772 197
698 607
223 914
830 465
76 79
985 908
582 707
747 566
724 115
21 216
664 298
212 744
312 808
729 317
141 744
239 264
321 759
939 374
106 327
35 556
368 861
799 208
492 718
311 423
969 311
509 778
776 247
429 807
497 658
453 542
959 304
724 29
324 173
299 225
351 18
383 414
736 352
971 878
500 348
472 185
631 404
962 764
994 545
999 425
894 978
129 64
561 248
262 665
274 816
330 480
782 575
111 609
57 188
468 370
776 389
932 924
636 738
128 893
224 895
664 382
643 507
406 837
197 555
709 26
437 523
631 569
277 440
995 824
650 976
235 495
814 46
848 378
251 210
134 355
479 353
420 479
960 417
801 491
515 278
587 70
899 625
317 947
202 727
949 858
951 541
712 860
805 574
225 160
787 323
845 411
832 813
327 645
752 590
833 842
946 888
795 242
651 472
437 68
866 998
261 394
701 566
36 422
589 14
255 101
979 68
691 965
20 935
478 920
639 301
570 392
463 589
417 252
47 256
462 105
762 170
725 416
277 824
114 337
95 724
164 424
362 637
608 211
760 481
960 356
894 224
666 795
642 502
784 538
843 33
834 912
710 97
157 854
878 671
8 104
815 817
31 611
821 7
93 183
709 18
386 98
783 290
529 290
663 639
298 91
402 569
170 418
203 789
350 377
881 119
346 584
176 200
725 571
213 527
949 303
474 730
65 515
337 928
217 398
785 632
51 321
238 305
802 738
735 139
979 299
423 138
263 217
662 345
623 190
374 76
909 313
142 785
981 64
834 545
744 476
218 705
478 696
561 830
181 792
161 514
64 577
253 837
175 559
705 765
275 948
176 597
119 490
847 43
290 949
986 154
997 233
163 428
174 583
292 566
215 798
814 788
703 258
217 729
143 241
252 24
910 731
734 474
983 939
689 56
258 581
603 914
507 363
932 669
813 341
534 548
827 185
849 398
613 789
399 52
547 517
530 50
17 15
536 264
220 919
261 911
443 67
215 13
433 955
875 150
55 331
170 376
972 282
325 642
584 337
281 16
575 33
391 739
576 498
115 164
962 904
146 123
501 664
348 75
963 871
819 894
108 485
224 926
348 234
155 732
550 228
150 281
886 342
561 641
239 429
667 869
81 748
23 266
553 366
921 557
348 816
226 826
273 857
574 608
885 474
523 805
939 235
777 203
332 261
730 886
636 286
58 273
110 908
252 186
266 124
945 310
590 974
201 72
92 627
527 302
696 116
385 234
64 857
122 1
51 157
367 653
70 394
281 882
172 639
597 425
174 374
623 720
986 381
248 458
807 489
471 226
572 864
679 293
288 468
226 380
297 791
507 518
255 596
264 110
284 136
575 797
356 885
162 594
767 322
723 156
983 398
722 907
419 766
205 628
849 25
939 9
558 917
429 344
245 141
4 277
448 373
207 477
789 145
166 754
184 308
750 410
696 332
582 832
790 505
696 92
618 367
418 221
773 259
844 342
937 59
854 859
884 694
44 775
968 649
329 632
158 346
731 197
164 241
739 293
609 421
570 837
238 281
980 129
484 985
973 123
222 397
663 248
676 320
654 937
150 368
775 483
280 482
759 548
720 125
842 57
408 468
681 201
179 10
243 326
666 536
551 56
487 919
119 512
655 230
521 995
590 112
129 175
278 696
833 933
366 284
721 7
599 854
869 784
368 605
419 740
600 869
344 902
738 69
576 588
850 314
920 525
289 29
202 852
347 424
874 497
427 94
486 147
627 858
313 439
103 459
960 410
262 21
625 641
520 830
571 494
738 468
299 439
313 802
316 891
528 991
720 811
192 590
775 816
385 203
853 992
86 146
669 260
989 671
205 369
59 121
617 887
78 89
250 143
143 70
357 525
956 935
643 353
65 648
287 252
801 945
753 386
332 519
84 915
951 966
868 908
615 3
558 142
860 757
776 2
953 480
165 179
832 618
440 310
964 850
831 739
797 886
123 416
267 883
586 232
801 582
105 165
731 533
539 264
405 58
106 271
11 541
664 384
947 965
554 703
663 500
107 259
256 251
972 714
142 496
697 672
826 921
444 601
196 433
542 166
774 745
884 73
84 667
347 859
92 141
459 661
964 880
986 995
952 385
681 577
318 679
329 948
172 639
91 134
869 413
29 273
218 730
507 617
634 247
383 730
242 653
514 440
822 565
924 632
872 50
49 281
175 635
275 274
311 435
575 307
311 83
174 470
916 744
55 562
398 817
602 203
873 580
228 111
576 922
817 645
663 594
986 320
576 520
629 868
165 691
470 309
866 984
396 74
54 789
673 517
985 341
984 849
352 481
772 997
396 7
596 557
467 148
771 646
593 619
442 60
394 306
651 105
805 455
976 396
446 79
116 800
711 870
284 148
318 685
590 989
379 464
868 667
437 420
846 145
50 764
414 937
545 316
930 123
90 963
525 700
681 987
247 318
653 496
568 780
845 879
564 520
276 760
513 967
679 276
525 851
506 299
933 898
952 291
73 809
246 154
762 316
777 171
853 904
844 239
797 360
803 847
96 381
123 405
333 684
376 780
885 525
510 341
549 950
909 19
530 139
114 78
959 607
194 679
688 180
731 134
720 843
429 285
710 18
705 570
493 842
664 867
900 302
348 109
939 994
860 94
551 621
867 29
398 996
497 885
575 743
588 274
874 650
980 160
560 1
140 252
533 796
820 323
754 295
597 407
933 818
738 836
13 726
689 561
6 60
712 644
157 28
796 181
417 445
320 250
212 579
209 678
135 665
601 593
480 666
878 74
819 223
747 889
945 44
584 459
313 701
867 183
988 510
592 513
416 667
895 404
859 887
180 697
489 587
66 337
845 427
509 895
783 843
384 973
369 429
91 511
975 888
210 4
862 381
154 137
988 921
968 401
991 727
108 710
403 753
570 906
422 90
215 181
576 455
102 171
47 830
3 930
582 80
806 133
867 381
554 413
131 503
180 715
976 950
885 787
278 447
882 653
591 522
889 132
823 729
522 220
206 16
563 287
785 247
582 778
14 412
105 79
22 871
468 99
93 878
77 577
397 723
69 37
236 774
523 168
9 439
246 905
481 312
587 395
757 155
408 917
195 73
245 587
273 236
257 747
244 453
263 229
258 590
762 539
534 21
949 775
915 326
846 564
273 554
939 95
1 871
445 875
545 250
830 377
180 88
832 158
643 147
921 464
723 639
595 500
457 956
852 687
95 690
101 766
995 695
164 953
360 924
618 653
138 641
580 880
491 738
327 237
956 790
282 363
624 212
921 268
688 397
113 66
694 340
686 694
373 480
471 247
76 412
992 935
597 970
430 600
342 704
686 256
947 355
854 823
43 371
803 949
108 100
639 97
237 40
109 81
281 924
714 550
375 847
463 227
611 870
111 387
134 978
974 526
756 528
100 75
378 144
41 368
607 944
230 926
530 189
900 599
188 80
457 106
464 97
315 1000
361 538
192 452
831 616
763 378
81 549
352 118
954 529
917 528
146 551
230 809
691 332
363 59
112 131
73 459
922 765
35 358
625 868
34 827
613 445
699 735
447 863
727 546
626 62
566 257
13 660
288 884
115 898
52 230
258 753
406 199
85 969
216 69
613 668
679 28
648 572
197 716
706 729
11 543
161 522
186 422
416 794
647 787
190 962
614 997
589 305
216 47
16 223
746 604
71 24
480 799
507 582
768 916
191 902
825 572
879 289
626 505
837 419
268 122
303 705
383 60
137 151
764 94
553 391
475 805
589 109
322 746
188 225
303 579
57 303
542 585
446 139
710 546
24 531
560 662
524 676
647 578
449 135
776 125
574 342
764 261
52 642
588 400
800 370
164 284
678 11
830 94
711 174
677 843
534 695
567 633
713 432
477 450
914 386
124 433
578 129
393 238
756 678
979 257
134 41
208 245
300 161
598 255
183 916
592 381
986 816
181 604
585 65
404 810
384 479
335 794
358 352
72 125
165 810
956 718
489 641
910 626
406 190
842 104
331 221
478 40
186 359
269 347
263 658
50 407
411 576
170 244
755 793
170 764
193 596
272 950
571 545
980 99
160 587
96 175
803 612
651 333
106 223
84 986
131 885
635 737
647 3
26 592
641 402
81 668
475 758
870 379
585 597
202 361
859 940
917 968
555 767
915 360
931 878
244 896
437 613
327 757
665 706
921 536
625 882
28 146
391 409
236 825
767 52
804 457
920 402
661 72
530 659
942 258
913 395
973 745
184 996
38 780
938 186
595 821
848 707
533 275
270 575
186 661
103 791
212 46
771 907
441 352
405 471
379 83
596 186
772 813
257 784
225 315
969 164
439 286
230 279
287 352
504 972
98 97
693 900
748 798
949 255
586 865
807 471
967 650
618 514
332 588
812 444
7 200
709 116
971 537
159 537
728 439
408 448
908 861
454 113
19 562
864 445
413 720
420 701
347 696
104 807
803 863
741 832
487 867
90 827
965 467
399 39
391 414
576 305
756 705
302 231
621 809
290 243
386 795
488 551
944 946
139 168
666 232
912 975
217 814
210 475
872 7
907 905
545 835
683 135
152 646
66 67
503 708
900 197
912 943
245 575
232 342
625 637
144 773
367 404
909 701
523 656
953 272
434 343
759 723
748 792
16 988
940 561
517 485
515 60
773 641
558 79
15 500
888 296
289 558
984 340
24 46
62 296
990 972
12 699
459 304
566 157
687 122
438 776
710 666
50 510
804 114
948 962
679 214
102 490
655 821
854 160
607 884
517 241
539 78
193 266
106 700
860 374
530 363
177 165
279 304
964 626
801 276
677 827
147 653
663 710
869 90
95 10
430 10
443 990
199 773
729 471
203 42
529 145
283 787
622 828
191 258
217 12
116 204
657 705
931 324
180 346
651 935
752 188
97 658
660 761
373 855
343 350
391 495
601 42
450 532
68 249
825 929
717 25
808 856
681 79
685 607
707 880
437 753
702 91
90 780
888 559
181 37
971 951
288 349
2 970
260 649
782 800
968 895
832 256
504 13
957 698
895 877
239 68
451 381
628 832
21 145
808 277
530 920
870 415
436 423
480 788
31 193
222 766
586 726
106 818
395 262
514 962
764 265
137 513
491 10
498 711
746 313
339 770
447 98
481 392
637 169
23 316
533 771
791 675
340 14
100 133
696 426
335 892
68 576
904 513
551 74
381 212
967 7
94 652
518 835
974 11
274 868
34 276
512 128
1000 732
670 587
560 52
753 868
297 593
274 987
854 575
824 872
798 372
368 143
995 570
376 250
783 932
153 906
905 674
352 359
3 58
449 391
763 130
694 787
252 505
799 272
423 677
706 609
925 524
188 112
542 65
752 832
709 503
771 931
192 594
420 619
773 690
59 493
895 255
864 383
651 569
679 663
430 58
600 635
179 538
865 212
293 766
849 677
816 545
475 200
935 334
765 155
152 117
880 494
297 321
460 387
536 544
179 376
18 563
66 420
904 12
286 953
79 15
448 73
54 341
518 185
384 479
580 990
52 277
505 186
639 534
396 120
645 642
879 211
32 87
306 998
923 826
468 432
181 694
301 219
48 307
240 140
353 533
306 145
786 832
673 712
607 681
752 281
841 875
24 579
893 617
769 428
488 680
293 476
154 9
747 696
997 405
285 322
12 153
330 949
426 944
152 727
115 963
168 798
260 282
400 468
363 890
535 228
659 95
829 94
864 172
606 77
583 773
426 335
37 646
806 449
433 519
11 185
64 499
890 271
12 573
908 106
702 794
746 381
865 2
454 406
880 49
22 243
681 752
765 174
338 490
558 371
421 143
707 742
201 405
609 266
3 590
860 62
885 785
141 457
754 584
915 984
332 413
463 878
313 130
68 22
267 357
414 50
436 180
947 748
59 324
382 435
704 113
154 822
80 440
373 687
742 703
172 353
584 362
183 255
658 66
668 105
908 993
894 754
873 313
678 995
406 330
5 948
923 988
240 266
664 877
529 16
881 987
729 398
762 951
21 991
221 211
250 619
697 995
218 898
134 987
710 2
668 915
846 631
347 897
330 637
34 398
175 419
511 893
663 190
999 277
711 40
996 269
59 301
563 232
733 166
626 932
637 945
834 607
99 733
606 478
53 697
334 960
816 404
523 842
172 933
359 462
481 56
794 367
704 598
206 67
717 735
338 969
737 857
588 364
820 715
637 251
796 866
918 291
157 342
382 759
859 931
415 105
967 211
386 475
103 669
983 941
131 899
310 419
190 54
233 649
55 947
700 88
419 868
383 89
244 139
864 64
218 837
486 140
432 523
200 632
591 577
109 988
938 179
655 966
863 875
113 40
767 681
491 192
388 849
767 823
778 993
601 19
296 856
925 192
783 343
851 335
360 779
346 66
123 631
772 264
558 34
750 582
61 569
247 437
833 693
26 488
885 538
225 466
682 45
36 548
447 366
760 365
430 613
467 263
40 564
576 1000
558 359
134 407
302 78
359 266
288 990
948 494
326 607
527 779
841 350
809 348
555 215
626 777
816 810
56 715
665 973
824 267
427 931
638 362
650 443
137 776
801 113
742 707
386 69
811 208
565 765
4 478
764 435
144 656
36 278
610 604
494 270
766 700
926 563
288 806
427 61
296 364
971 877
424 503
947 265
82 667
361 416
310 46
20 377
302 600
454 579
39 162
652 615
84 960
888 991
725 667
589 167
898 180
827 781
320 166
819 187
915 712
899 106
536 369
958 455
823 291
206 290
620 884
236 870
771 913
43 270
409 446
641 212
87 85
516 168
367 817
645 615
383 125
715 793
380 170
435 154
970 406
524 978
359 915
367 868
600 457
329 999
696 367
128 746
625 538
877 301
45 808
184 242
878 692
152 829
412 908
895 383
104 373
833 766
395 690
327 366
833 814
225 104
644 963
490 951
824 550
583 449
643 204
724 751
823 236
501 180
563 700
917 903
370 646
534 82
765 239
949 832
371 589
778 720
565 338
172 762
485 794
158 482
665 328
19 428
996 985
826 984
6 462
292 507
250 400
954 935
662 91
627 253
332 896
289 521
435 589
910 658
920 599
612 958
520 905
732 313
107 767
177 435
302 329
499 641
336 885
244 976
7 107
160 803
207 651
105 74
345 66
288 297
603 509
184 444
208 74
938 325
797 891
971 406
684 587
611 133
17 827
230 867
936 324
83 320
299 690
620 224
265 515
654 982
444 910
380 795
419 464
362 840
220 997
266 754
435 319
629 445
589 702
563 687
367 989
818 406
176 603
675 307
742 736
488 608
197 920
538 479
79 185
186 57
402 837
314 312
533 521
503 500
228 438
591 646
799 416
873 92
400 772
700 469
367 292
953 272
976 208
398 718
187 16
374 897
31 379
832 827
454 262
802 824
827 153
769 179
239 749
422 591
468 140
910 277
208 216
740 960
413 291
48 62
275 803
587 512
651 65
611 141
901 316
902 271
325 845
626 829
809 340
653 357
562 363
737 903
237 835
45 103
662 936
940 890
343 468
938 139
512 766
464 835
324 671
530 669
423 512
429 672
197 781
311 929
925 635
135 646
654 152
313 23
198 171
865 901
797 494
174 92
386 225
481 619
601 182
88 823
250 134
504 904
792 588
207 825
71 854
308 28
341 968
129 431
748 110
848 125
931 893
291 992
389 313
865 109
747 99
75 518
262 98
509 458
239 828
695 754
148 642
865 11
402 503
396 268
886 36
733 902
222 147
391 27
237 838
578 868
289 286
616 588
318 715
353 425
413 356
516 463
720 587
579 436
273 513
864 520
627 182
251 493
824 584
253 426
438 946
121 239
64 4
416 797
636 744
766 781
407 606
168 362
902 669
706 848
320 456
995 328
928 686
660 430
400 305
167 299
438 160
218 995
532 597
297 832
781 36
291 175
253 946
976 199
486 381
326 731
325 799
430 716
402 408
824 718
426 431
996 828
836 787
891 411
313 448
583 317
824 826
114 305
960 829
649 840
859 240
164 86
232 259
401 867
720 780
123 24
452 942
37 899
287 178
657 940
13 812
312 774
900 692
849 328
163 295
776 115
746 578
907 792
425 236
396 757
474 79
796 953
286 310
571 63
268 846
873 165
195 3
107 329
901 563
615 590
742 978
724 604
303 459
934 973
711 179
851 62
41 219
861 285
517 322
506 36
149 813
822 539
359 203
576 101
229 477
137 520
312 493
609 133
615 109
599 225
966 99
470 548
271 589
343 57
367 335
459 10
628 366
4 160
994 47
163 550
666 842
886 2
585 791
892 454
692 812
330 740
468 134
750 568
684 999
339 888
689 486
146 99
58 524
499 440
115 332
303 281
954 162
454 590
967 239
784 567
315 232
274 547
32 911
965 192
748 87
958 138
836 823
49 942
490 701
646 269
138 131
22 841
124 727
983 262
567 76
962 509
909 269
34 241
504 338
837 52
60 591
729 919
191 526
578 159
252 282
196 815
643 110
376 669
201 599
680 440
870 109
898 636
91 616
965 553
79 864
519 55
666 961
832 641
66 976
379 922
175 82
409 469
600 306
296 593
236 485
25 523
459 337
534 15
835 714
596 225
595 952
313 67
823 637
449 605
884 434
565 445
738 34
217 336
734 110
533 436
410 726
297 676
79 144
702 914
384 105
547 344
973 839
715 93
826 6
254 421
1 245
17 650
105 458
596 228
719 627
875 706
315 399
469 75
876 379
7 164
450 794
756 101
399 830
997 425
689 858
38 511
642 107
112 738
341 670
188 699
624 767
395 71
717 578
717 550
597 732
704 653
753 646
790 219
477 388
136 961
603 161
483 31
500 796
336 16
948 40
362 845
314 834
442 215
246 408
444 8
66 965
724 149
868 766
442 623
351 848
705 557
817 206
367 294
230 51
465 6
821 501
326 482
38 614
267 728
68 351
831 878
141 699
175 605
853 982
810 552
904 623
609 786
18 20
821 367
549 436
164 690
403 895
667 960
323 646
402 768
391 923
115 297
808 356
410 470
657 794
549 760
308 804
523 869
493 531
4 648
978 604
461 438
497 485
447 830
316 502
690 861
147 75
492 426
17 424
123 347
116 182
220 591
527 531
966 553
487 448
863 286
351 376
424 90
551 573
153 792
833 494
201 774
631 452
17 121
538 79
657 940
236 80
477 600
909 548
9 258
20 641
94 875
345 59
260 862
881 801
674 260
880 538
131 431
367 560
300 137
214 778
584 458
756 939
114 897
810 159
785 647
573 118
684 818
620 481
384 350
650 643
923 315
969 584
117 718
387 608
41 171
158 693
150 729
125 951
554 801
254 905
148 558
697 83
640 70
627 412
348 106
148 561
406 728
209 23
510 728
596 162
282 239
617 54
503 501
304 962
463 612
303 202
16 884
918 704
760 446
316 721
555 574
448 352
565 929
622 612
232 780
215 710
981 484
575 406
256 203
273 903
735 448
624 802
649 780
197 699
384 559
358 573
627 985
463 196
875 872
142 494
355 220
194 421
201 831
871 471
436 282
873 565
630 411
497 33
110 464
860 211
920 476
929 977
998 567
291 557
73 222
871 74
32 44
768 890
544 129
99 408
230 353
930 67
645 200
237 21
420 635
572 991
254 11
106 817
726 914
975 636
477 973
116 651
114 361
519 10
911 880
337 456
616 771
148 364
753 463
615 821
384 933
193 501
643 917
921 999
806 642
310 412
720 450
441 964
31 855
495 17
843 780
619 53
917 475
430 613
406 703
953 119
444 596
256 201
369 235
162 715
503 482
947 952
348 581
40 570
30 155
936 975
627 92
225 166
138 492
561 661
692 301
859 157
837 176
357 811
787 116
252 292
988 355
386 550
218 855
453 150
224 881
355 473
610 336
360 264
973 49
986 687
586 643
619 854
355 926
126 589
492 111
865 291
463 180
79 726
859 46
988 860
716 451
849 383
623 783
392 46
609 778
611 624
725 483
691 67
349 459
79 921
140 117
776 732
283 587
998 651
301 881
396 907
62 210
257 512
481 892
507 592
666 228
929 953
502 869
633 131
8 730
568 809
129 992
692 302
484 656
156 568
950 573
858 8
996 764
939 419
184 318
981 87
494 876
519 152
468 471
684 427
182 309
520 383
452 146
641 723
895 456
376 474
906 578
200 244
914 764
335 906
594 777
366 850
943 790
2 114
143 271
634 333
79 486
571 650
826 972
348 759
143 905
817 509
487 266
995 761
827 479
900 401
905 259
103 204
735 729
273 254
245 96
154 853
290 549
375 727
280 77
516 782
487 701
177 472
567 528
725 463
840 238
242 216
579 179
830 270
454 332
776 991
244 766
525 170
312 523
548 510
183 732
860 500
208 622
890 457
399 841
618 597
504 652
419 986
491 806
268 141
52 127
796 75
52 308
739 402
398 190
244 163
877 310
41 485
470 226
306 453
672 857
775 205
391 401
273 21
780 161
512 663
690 104
745 971
999 606
375 230
223 341
848 841
226 338
154 488
590 53
374 798
684 441
210 841
217 162
275 947
702 231
296 794
28 545
488 916
385 244
697 631
511 484
845 372
557 864
14 864
205 705
953 355
888 908
62 69
918 194
775 918
630 347
271 305
919 399
982 589
679 279
658 385
712 183
366 165
276 212
28 245
108 242
363 723
27 921
904 470
755 249
325 519
403 700
870 246
341 590
330 216
491 445
257 684
737 857
543 194
271 681
702 292
553 509
126 769
105 37
220 760
557 117
698 981
758 648
837 389
952 918
700 438
988 880
802 618
788 303
6 29
54 471
164 395
226 758
464 751
990 701
261 703
589 780
500 469
587 121
979 844
71 961
671 70
783 162
562 870
338 896
35 85
307 615
229 727
452 112
715 346
213 508
761 537
242 524
493 897
571 377
453 496
825 155
143 570
335 962
614 500
826 659
749 719
564 178
499 531
342 655
253 905
992 142
453 292
961 820
511 56
508 246
89 179
730 465
2 170
110 492
243 892
403 681
237 505
245 696
796 854
920 232
594 863
703 299
554 796
482 957
818 934
106 893
92 387
727 210
595 771
83 778
634 325
760 91
931 406
785 620
934 610
492 854
272 943
829 117
721 419
316 585
534 283
149 925
994 410
669 100
418 272
58 97
915 549
625 150
892 799
561 738
938 388
550 160
328 259
60 396
477 772
955 683
409 82
563 107
68 274
439 820
289 637
997 410
536 900
362 893
645 838
667 590
661 98
398 880
708 530
163 403
60 321
970 423
148 511
358 169
852 460
367 605
962 834
294 819
989 934
84 641
67 909
700 277
923 926
159 155
998 598
148 173
932 435
328 928
129 889
103 931
697 597
901 219
899 955
349 155
369 135
901 53
228 21
804 171
268 62
828 79
43 609
801 827
7 377
288 169
980 253
737 126
807 484
327 895
494 264
613 831
661 134
272 285
6 615
776 948
443 640
607 27
536 895
595 665
883 4
878 425
726 98
524 211
253 656
816 357
763 326
246 479
468 783
681 217
437 321
238 961
319 786
870 561
926 83
373 747
182 648
919 725
785 371
61 286
106 583
194 123
634 316
340 976
361 432
169 720
214 836
641 427
597 374
210 610
521 130
197 733
468 180
270 100
908 371
85 647
115 765
525 415
957 760
297 517
124 498
967 439
573 556
129 382
281 559
699 117
253 628
731 528
282 138
611 223
581 228
557 768
634 25
107 615
270 235
407 616
188 381
493 605
263 837
172 101
598 24
850 512
449 29
765 662
10 156
903 990
566 3
301 677
208 701
78 48
709 938
563 154
470 894
47 632
198 876
842 713
191 754
610 296
638 616
250 317
945 778
299 184
681 521
639 371
663 938
674 174
725 406
826 932
493 212
256 160
416 863
205 503
137 760
942 816
854 615
492 90
304 727
721 557
694 396
902 208
585 863
796 606
839 273
164 36
493 150
667 785
380 821
259 453
254 175
970 812
930 836
645 739
110 884
941 841
570 920
998 220
232 105
847 962
593 902
548 873
411 18
159 302
48 977
259 179
267 954
521 173
868 707
494 182
49 713
47 362
129 507
830 92
775 635
466 561
182 263
381 691
862 602
570 325
592 950
658 49
915 660
624 131
666 505
437 908
137 908
882 436
275 928
317 841
560 203
891 976
314 489
301 489
9 883
448 342
890 3
524 33
307 292
108 462
340 191
137 459
588 375
998 575
202 916
230 382
270 148
19 841
838 746
424 911
721 621
510 65
160 62
122 640
27 562
755 450
366 746
628 281
216 118
790 188
368 241
858 678
204 881
773 827
160 22
514 164
537 852
310 782
118 291
516 880
363 464
470 85
545 741
667 699
830 117
607 10
983 223
780 201
370 344
306 563
571 386
853 51
992 36
52 968
874 759
74 887
926 148
128 28
310 562
557 948
682 979
939 649
569 566
567 688
576 623
201 167
139 660
612 568
772 82
624 918
484 196
632 512
156 191
782 211
501 471
273 663
823 901
391 345
428 415
352 55
267 688
304 89
886 203
637 972
359 657
650 215
622 781
887 482
440 499
344 892
59 152
803 546
1000 830
654 151
390 466
961 726
90 213
41 249
743 403
152 653
845 587
505 640
236 623
194 235
885 35
932 770
101 453
851 317
551 337
497 250
16 569
802 145
621 298
549 162
881 825
560 105
441 944
823 437
371 497
75 760
866 475
231 338
2 941
207 660
488 665
861 363
160 318
149 951
744 284
638 359
366 466
608 118
408 64
801 28
969 168
243 834
555 181
206 955
989 66
31 963
365 753
833 434
895 94
353 784
59 531
195 266
197 11
128 4
857 42
763 894
633 479
710 547
623 311
514 887
410 288
789 92
138 67
979 214
550 902
961 905
185 858
443 502
525 372
787 338
249 770
237 424
6 51
430 249
630 242
609 879
648 333
427 305
290 756
933 939
911 696
924 623
202 186
693 322
311 709
181 293
798 182
104 24
798 338
619 39
81 95
736 159
613 159
312 344
479 658
796 585
369 775
856 855
139 104
505 938
134 130
381 240
682 183
541 840
841 954
980 296
213 697
425 471
209 972
61 869
721 680
370 625
630 386
185 955
578 157
952 883
189 926
874 406
328 733
853 478
832 530
97 765
441 767
682 740
149 147
421 127
73 568
394 127
182 480
401 34
425 688
25 332
882 795
677 445
925 107
293 917
861 19
57 282
45 714
280 637
15 769
309 204
714 443
137 91
496 900
806 696
526 127
843 982
233 969
724 678
357 82
615 676
435 934
737 208
264 445
940 396
393 517
538 408
971 192
647 726
663 172
688 8
171 985
905 644
564 191
80 308
560 219
388 675
737 569
254 45
365 724
535 523
542 70
415 710
466 439
609 980
596 626
968 491
857 850
521 232
875 351
458 20
236 524
256 944
760 448
500 955
463 779
563 933
417 793
238 35
108 354
900 121
371 929
69 259
381 350
745 459
446 161
113 888
184 756
552 692
767 947
174 214
671 263
523 397
339 270
43 362
447 441
698 928
597 695
263 113
12 259
501 248
58 82
401 772
168 474
748 800
26 747
597 139
823 74
674 564
461 349
752 684
271 895
527 609
75 777
469 857
247 621
245 709
851 29
495 399
424 635
516 195
596 534
191 61
187 813
459 526
449 390
979 24
615 787
413 164
362 513
815 78
589 767
721 710
777 927
759 29
673 266
101 189
879 718
34 896
119 92
439 116
290 670
751 247
531 869
482 61
259 760
843 419
585 754
910 92
971 105
18 294
338 267
360 901
40 38
486 561
790 868
433 589
238 144
890 136
448 16
646 487
150 306
985 747
748 821
329 952
176 371
556 98
439 81
216 859
806 452
980 574
381 902
146 365
913 30
526 123
446 300
905 397
94 626
718 334
625 321
276 578
790 599
153 439
317 3
117 513
916 262
964 336
560 925
98 235
744 871
641 162
269 679
331 84
346 275
933 161
675 318
791 901
622 262
411 602
232 40
507 735
499 753
333 887
578 233
37 808
567 299
87 949
418 616
612 11
835 276
509 734
3 940
440 505
238 830
555 255
129 226
384 287
209 20
681 566
711 53
403 722
671 741
680 361
669 28
998 289
632 566
463 837
953 359
937 948
543 557
877 398
860 81
341 295
898 545
366 272
839 882
755 482
694 233
442 208
200 937
181 340
428 650
862 55
26 976
140 235
243 241
20 444
237 316
73 769
460 9
916 332
537 922
879 481
469 315
118 524
506 874
551 37
962 580
631 911
107 883
724 285
830 376
282 89
414 328
150 971
60 254
381 79
348 964
626 662
230 468
378 967
384 932
464 941
379 682
178 533
877 662
525 920
77 639
636 405
232 733
631 960
226 197
319 725
368 636
471 536
309 223
707 801
946 196
327 835
57 134
482 582
328 775
410 812
428 774
366 77
636 727
599 832
91 483
104 719
416 631
817 722
904 75
508 761
959 107
171 416
805 951
590 173
805 669
48 803
466 190
766 609
116 295
692 630
10 507
286 720
904 302
321 231
247 377
928 234
377 977
643 998
597 79
561 296
312 988
466 138
853 974
194 382
896 490
711 500
841 834
989 648
466 37
960 749
211 43
642 177
584 966
14 42
490 212
147 388
511 461
348 185
546 916
198 113
599 851
247 930
476 213
563 473
825 797
828 663
797 851
877 956
4 910
221 148
554 675
303 582
944 466
448 121
444 987
869 542
929 824
763 534
90 76
547 864
439 179
142 287
380 821
6 310
758 369
544 248
160 822
325 419
760 95
746 659
373 879
697 544
70 157
807 428
593 366
888 813
696 940
938 445
530 136
670 815
550 612
167 842
314 171
464 139
869 933
680 804
145 703
107 90
402 835
189 91
687 669
935 590
662 384
152 713
578 975
90 171
208 483
925 474
356 820
97 752
242 839
442 176
92 794
835 339
917 731
50 287
572 797
149 346
475 698
388 203
769 405
523 888
180 881
319 621
52 26
338 100
149 971
823 619
822 884
399 692
134 687
588 174
38 370
89 739
796 247
392 515
150 849
78 845
718 659
448 580
396 102
704 439
466 513
249 200
50 365
845 848
257 280
577 156
419 468
345 813
755 347
513 452
506 706
946 595
92 409
409 513
666 98
572 567
491 800
823 387
240 627
302 957
32 945
723 668
168 444
145 425
667 604
4 749
190 320
629 36
95 622
711 108
67 679
230 483
900 144
651 454
179 473
581 400
910 658
56 700
278 528
53 400
286 743
167 441
345 510
284 178
118 161
267 594
798 358
202 37
115 578
557 51
88 953
435 98
321 969
931 801
335 336
283 276
453 380
871 913
279 159
145 29
854 630
908 875
484 191
116 217
135 229
237 72
649 736
658 677
878 256
467 776
758 160
506 630
730 688
880 918
839 109
586 815
940 922
196 385
607 174
422 114
421 248
194 999
961 600
213 803
727 694
390 636
218 992
312 469
13 90
48 845
117 857
935 327
10 432
313 414
428 956
653 734
926 854
79 225
711 92
966 456
537 381
207 540
395 682
546 478
306 968
519 520
670 99
614 301
716 233
493 349
918 42
815 520
38 499
301 562
279 93
223 895
339 374
940 373
594 399
906 98
346 462
469 195
405 688
721 930
11 226
558 351
1 762
910 654
454 793
974 433
263 265
26 285
469 257
749 882
623 182
704 611
765 494
486 195
586 159
106 777
985 543
35 809
141 174
626 442
656 555
252 549
983 203
418 469
325 912
9 165
432 385
433 772
910 176
671 284
438 160
332 907
939 753
133 146
528 251
823 577
898 949
226 741
945 264
384 506
483 256
394 998
619 676
725 627
406 492
906 311
646 348
308 393
953 81
479 642
664 823
713 387
818 462
458 349
881 817
428 262
996 451
917 207
459 973
886 550
935 179
906 945
769 873
421 543
327 778
842 336
375 277
727 675
654 387
277 718
679 30
535 561
151 869
362 474
389 871
399 726
731 218
146 274
353 821
245 799
443 784
580 261
157 985
312 389
788 730
534 517
530 707
199 536
604 835
424 963
70 829
287 614
103 955
155 208
217 162
715 133
736 745
213 735
98 428
526 883
605 218
284 539
159 173
325 3
591 949
380 25
214 318
981 344
393 281
131 698
890 933
203 955
217 414
518 325
849 97
82 503
29 375
87 127
469 529
614 119
987 73
411 118
943 700
135 71
85 561
832 189
26 803
891 460
573 377
967 999
732 3
514 604
404 636
573 678
125 329
486 237
461 781
24 604
306 390
291 662
130 828
73 56
140 861
97 649
665 896
555 640
981 989
639 29
830 316
37 803
630 849
399 493
284 508
677 737
316 590
989 781
811 381
686 932
715 540
933 437
412 513
400 133
550 549
774 361
713 560
673 329
639 234
709 331
685 660
27 709
545 389
507 943
691 603
756 7
636 355
589 561
611 896
68 806
900 404
527 174
274 961
381 178
612 794
219 293
537 257
27 292
97 928
450 387
902 351
510 675
76 387
412 111
514 389
229 446
745 408
561 954
870 942
814 614
748 81
562 92
141 729
337 97
814 879
610 676
106 532
482 324
838 26
443 611
346 706
925 301
793 821
166 277
602 912
992 470
151 815
744 95
14 419
373 199
520 986
704 5
911 723
19 765
575 578
560 476
238 250
375 522
400 115
917 885
667 815
374 555
24 963
17 109
785 945
60 460
829 396
71 554
8 502
749 356
977 819
548 145
231 784
867 906
92 171
749 838
675 554
507 340
697 327
848 378
363 95
908 420
147 85
900 890
735 887
826 655
422 220
850 462
397 316
919 173
672 500
381 312
65 212
466 218
346 795
250 947
700 135
854 715
368 695
231 316
988 387
52 797
700 275
320 127
729 609
472 440
583 582
35 159
928 744
66 135
163 826
148 551
973 908
791 302
978 171
688 808
679 72
173 461
822 90
529 664
161 757
496 938
509 886
276 459
532 968
515 244
251 81
422 947
223 59
805 215
53 386
345 711
840 356
163 773
261 888
563 813
196 489
14 367
428 654
989 459
217 96
603 686
919 557
512 92
950 127
325 106
596 850
946 322
189 618
762 860
888 371
729 39
512 294
696 79
11 207
61 414
915 935
52 728
653 599
570 817
136 967
468 772
274 824
487 464
796 324
975 932
932 414
862 921
110 793
642 988
429 891
557 687
656 120
446 230
74 408
888 598
63 791
666 482
140 597
192 265
166 648
730 190
540 853
999 70
874 19
15 649
56 552
163 790
231 953
166 852
629 413
739 215
836 186
236 225
611 157
850 618
974 299
517 591
501 149
552 363
417 35
821 12
601 194
807 264
623 727
838 278
295 580
365 747
669 962
229 309
608 15
85 307
721 966
801 925
933 741
979 919
533 825
472 396
639 816
10 162
764 986
754 629
603 142
426 488
829 560
470 890
435 859
1000 949
807 791
249 618
531 123
274 249
506 478
465 463
273 82
653 688
696 233
125 86
370 112
439 153
821 407
236 629
2 966
869 216
655 596
451 500
261 139
567 485
945 400
194 625
978 244
626 516
170 402
70 964
953 529
611 848
140 787
985 573
707 798
289 241
861 799
358 965
263 280
548 461
471 516
118 174
960 792
739 587
656 814
961 94
379 519
694 880
243 979
58 325
248 644
535 577
65 344
748 613
461 771
725 205
413 195
218 974
658 721
545 877
123 440
503 879
733 378
639 424
914 419
48 22
146 906
572 215
344 493
497 585
894 176
831 202
851 207
415 230
590 929
671 539
143 189
942 617
517 575
646 232
57 963
516 940
149 948
36 658
604 613
749 644
55 972
489 921
350 797
75 729
107 192
586 813
59 857
813 480
157 181
789 969
838 230
573 804
797 274
85 555
465 586
147 746
400 766
734 486
164 59
292 979
434 65
867 443
357 178
307 215
163 286
393 477
684 818
695 78
186 685
998 343
962 756
366 855
776 848
547 760
776 365
466 922
117 166
730 955
103 920
671 631
471 1
382 247
87 696
796 472
852 112
505 80
690 702
737 946
98 732
834 806
870 810
445 567
306 365
459 320
717 835
563 5
664 265
910 262
118 25
99 837
526 496
363 638
457 131
720 735
368 159
231 412
780 48
613 150
218 53
948 521
144 10
655 274
137 452
371 413
181 369
594 157
37 930
292 913
706 641
725 795
92 693
913 648
502 648
593 266
188 639
581 622
77 269
445 451
517 576
578 567
970 323
483 418
58 740
764 253
687 452
797 543
174 785
228 246
453 137
297 291
181 870
366 460
749 295
459 925
721 271
705 791
553 993
747 956
177 978
427 237
869 10
200 345
701 75
254 703
714 95
300 445
786 745
654 131
34 576
534 37
764 140
1000 385
480 988
782 278
105 124
140 289
953 786
207 860
225 622
286 223
147 750
406 262
543 488
770 743
418 580
28 160
22 482
512 520
449 287
887 98
453 408
813 572
142 817
932 544
753 773
832 739
314 23
913 538
124 252
724 864
349 511
496 574
644 459
485 756
386 963
151 390
757 568
666 173
360 734
562 580
518 333
533 557
468 515
802 973
424 12
786 8
891 862
590 75
593 758
241 306
711 708
830 624
350 760
576 855
909 110
526 630
563 440
233 214
664 173
897 329
278 882
424 367
361 134
363 137
698 733
156 49
619 554
471 636
437 530
858 205
157 544
263 669
139 492
452 191
159 575
282 531
758 133
71 639
477 22
966 318
663 385
315 391
386 799
796 867
981 585
696 81
126 334
959 103
193 153
383 808
989 121
405 239
53 101
206 887
905 389
863 414
383 703
210 286
614 465
795 765
184 717
788 815
109 218
110 850
522 346
459 737
626 502
39 351
450 8
272 25
890 848
141 412
716 542
610 49
984 450
441 648
229 759
583 39
748 568
465 451
671 994
562 634
283 101
949 616
598 401
937 485
1000 117
189 424
925 345
120 709
170 423
725 828
679 349
438 8
823 977
479 266
957 733
766 866
13 643
285 532
727 819
650 95
600 192
832 371
739 433
41 347
437 452
943 508
100 955
825 311
509 320
512 521
444 170
572 646
482 507
183 781
759 387
289 569
400 351
357 397
674 265
331 499
861 282
991 302
435 872
469 958
893 301
428 97
486 873
406 972
826 707
13 607
595 878
872 561
1000 26
324 629
404 675
7 768
816 703
439 819
813 946
835 435
982 405
951 341
885 500
581 223
895 107
588 313
632 596
256 11
7 660
965 212
647 560
568 988
498 73
1 819
422 856
635 980
310 186
106 422
708 102
267 694
763 719
619 481
119 445
519 817
628 479
840 203
80 613
657 432
652 832
184 712
245 533
738 269
658 975
806 363
656 836
327 678
808 679
467 906
924 331
779 827
936 388
353 918
441 7
94 296
803 375
758 354
486 900
787 557
242 484
150 641
600 67
639 354
677 748
865 652
410 570
229 602
473 155
451 97
375 933
431 296
445 911
96 366
973 925
954 731
911 810
739 563
870 565
869 276
859 101
548 119
68 288
224 114
977 726
891 304
267 769
856 69
702 139
702 599
536 998
13 305
6 20
182 729
869 687
967 655
928 699
363 901
138 792
967 477
776 77
308 589
551 249
314 216
517 798
545 513
301 395
748 156
51 647
612 863
800 959
466 422
445 663
238 573
283 271
11 252
822 129
459 924
133 262
697 385
889 855
683 53
58 665
996 801
818 332
663 100
345 203
739 299
466 215
507 688
394 191
632 684
42 429
787 37
454 871
616 449
370 300
14 176
645 921
774 906
35 360
833 834
353 863
790 342
518 973
314 609
869 705
915 319
430 800
735 43
191 553
641 210
154 76
152 749
474 624
103 669
179 635
640 6
685 856
502 500
885 987
900 667
572 303
629 575
87 153
85 253
512 391
358 440
577 942
605 320
28 229
821 624
735 814
958 632
688 527
583 872
817 599
211 400
763 663
80 621
463 476
39 847
93 127
762 200
694 416
385 919
185 70
408 926
224 826
615 268
732 136
790 185
424 412
131 838
928 985
503 857
131 429
92 175
994 605
163 450
465 76
897 170
311 319
535 128
638 975
594 994
653 90
833 358
481 426
33 581
352 884
724 102
249 186
516 86
45 911
914 635
968 659
849 851
875 55
937 842
892 672
924 686
363 264
917 724
954 776
943 421
697 134
445 620
905 499
828 925
989 772
806 689
353 505
909 252
75 644
979 203
153 79
842 636
113 388
669 939
475 911
861 341
189 83
896 282
977 603
326 503
358 803
319 700
179 783
685 269
466 376
555 699
102 750
122 135
568 956
954 800
997 714
283 978
161 508
729 438
961 614
309 743
272 722
25 490
375 463
3 532
845 884
582 667
633 998
622 559
132 397
265 860
871 852
868 624
128 612
709 785
130 595
112 512
318 622
334 649
620 530
55 523
154 684
560 668
846 265
443 108
822 283
597 729
589 728
793 152
4 164
81 221
83 732
711 398
89 961
746 915
321 815
776 193
826 532
716 285
622 956
123 139
46 321
184 256
223 406
758 337
84 938
50 723
652 906
980 724
958 750
96 248
659 130
156 696
233 753
672 598
480 599
792 205
828 671
909 201
799 971
477 552
652 441
105 992
544 329
337 857
164 668
132 537
665 211
497 251
120 136
241 383
967 563
230 151
145 901
718 426
795 720
233 295
399 665
643 785
191 514
281 139
515 237
208 868
993 847
386 263
521 739
248 540
646 977
221 940
658 897
258 692
761 749
526 886
646 219
800 647
492 212
361 437
645 794
851 48
504 641
579 209
176 601
346 762
57 473
326 863
49 923
159 815
835 814
32 163
257 618
279 44
523 769
895 522
384 124
858 248
587 616
802 855
889 264
459 877
993 432
564 649
249 778
135 929
386 75
568 271
12 982
116 146
441 459
796 226
336 959
744 933
566 278
359 449
650 121
516 417
922 319
223 32
189 67
304 929
334 647
562 238
781 95
862 966
723 560
997 31
55 332
533 946
772 14
9 737
855 3
895 502
90 578
268 757
902 316
890 932
943 129
559 636
243 266
796 146
202 879
264 266
163 511
401 89
840 608
920 154
153 225
269 136
50 707
978 362
703 373
291 769
718 976
448 81
705 635
877 493
651 85
811 345
290 298
455 462
159 234
923 350
786 467
835 254
63 782
479 809
56 912
438 128
349 845
689 462
7 887
401 82
167 884
623 236
69 60
923 918
446 339
130 215
923 810
185 6
706 213
142 411
662 103
254 925
217 724
785 384
802 372
38 634
48 370
90 435
1 811
200 105
484 439
80 767
584 931
346 290
394 642
601 166
116 686
164 416
911 58
175 567
107 134
245 744
546 770
769 664
875 966
347 512
541 480
505 68
955 291
128 858
761 150
419 961
772 160
9 158
346 313
150 100
341 726
212 708
190 361
901 51
594 381
831 40
154 237
491 292
937 120
975 497
659 126
936 85
581 44
314 851
389 725
477 832
471 152
182 661
226 269
423 34
31 234
953 190
910 537
125 782
738 241
281 408
134 27
145 979
447 734
265 567
949 488
374 316
763 948
244 916
255 47
580 79
136 792
423 550
496 989
954 265
361 319
860 286
140 930
703 453
679 22
921 90
891 233
705 811
347 502
239 259
431 210
565 501
204 498
236 678
383 296
791 143
888 464
977 778
46 260
945 262
565 989
31 671
937 918
241 756
83 377
390 104
702 852
125 935
595 963
165 729
394 90
821 509
901 426
133 329
711 753
65 452
822 917
520 693
972 195
609 39
760 447
174 920
119 620
992 400
708 479
98 616
535 893
119 693
962 950
337 784
63 757
73 915
760 70
456 724
459 411
695 983
488 693
771 215
393 22
348 734
794 785
975 986
127 892
611 259
596 666
968 510
296 481
903 740
579 169
47 662
771 998
788 442
916 219
251 648
407 340
394 847
985 311
792 378
915 165
501 402
629 583
913 111
106 109
613 854
866 861
226 21
206 616
942 79
107 207
27 696
59 949
351 869
542 566
205 210
300 211
962 4
581 399
433 108
258 588
234 259
414 236
389 536
740 797
158 569
475 864
429 598
69 176
601 701
206 237
479 972
230 687
879 373
467 605
680 52
729 417
230 828
745 447
972 699
418 992
718 271
551 727
507 679
954 729
808 948
707 798
84 673
31 927
74 334
203 732
264 263
29 501
638 827
803 632
150 980
573 622
506 359
874 768
405 63
643 10
746 180
307 262
972 419
332 561
220 163
289 546
173 159
698 962
159 362
220 789
710 454
264 137
884 473
321 949
15 63
7 155
73 309
32 370
743 324
573 579
64 622
518 418
462 681
608 332
845 583
932 724
19 595
728 790
284 94
857 720
935 942
652 5
673 519
978 335
888 693
441 963
289 451
474 519
38 730
449 389
614 129
314 499
973 702
464 875
975 542
672 575
807 629
600 399
809 27
885 386
749 412
513 999
189 74
968 325
814 607
191 751
72 495
963 956
105 234
875 751
786 294
510 910
830 78
909 771
756 560
477 828
818 519
53 90
477 104
142 8
371 554
600 503
665 813
916 277
795 953
732 325
224 442
2 316
247 52
235 930
947 569
421 972
54 28
367 767
249 732
304 142
757 844
855 360
116 965
807 87
238 25
908 862
716 197
793 804
314 886
206 658
265 551
635 842
811 633
695 668
227 878
218 606
266 198
135 480
781 828
452 683
745 293
240 33
881 479
500 512
283 465
384 928
122 856
939 164
559 348
20 769
888 96
325 557
525 935
194 528
666 279
842 549
530 850
458 455
741 229
728 851
809 545
317 48
544 458
968 221
686 836
26 824
459 40
916 917
713 822
8 461
139 165
189 805
126 391
103 598
124 110
348 525
844 613
880 266
389 820
732 6
392 358
805 170
293 895
246 794
634 310
501 811
379 310
2 344
833 168
858 47
433 906
6 344
959 397
491 600
395 176
769 669
853 963
904 569
208 672
891 607
435 35
671 137
685 756
889 888
611 749
621 433
946 273
856 484
350 75
418 366
909 825
290 216
303 709
9 320
181 745
987 132
468 404
724 912
855 753
108 632
403 543
143 110
598 194
125 237
193 392
35 722
634 920
574 971
765 470
130 54
323 517
320 204
861 849
58 678
724 777
445 375
885 854
589 404
14 791
512 833
324 822
869 970
856 991
417 803
636 102
617 702
448 185
816 878
977 429
586 699
608 730
274 518
344 743
663 201
230 408
68 846
364 175
587 411
232 755
94 232
21 742
648 446
691 50
298 329
273 164
569 650
701 284
442 992
94 982
949 682
72 836
443 810
882 649
593 481
907 954
739 616
104 464
739 978
974 785
463 247
396 949
598 994
51 594
800 520
259 303
529 251
442 171
583 116
384 871
417 475
981 2
863 800
112 522
589 564
979 341
54 330
157 71
335 797
935 154
356 689
198 819
139 257
421 753
865 286
510 73
46 285
116 297
615 680
203 439
737 276
992 430
797 700
505 634
211 494
660 492
272 827
574 304
75 600
833 275
730 647
237 6
37 858
497 95
930 669
388 231
371 129
420 438
666 777
163 14
762 684
1000 814
22 947
860 755
632 181
964 439
457 758
20 825
252 443
208 622
121 62
767 316
786 939
506 102
719 935
483 932
800 614
196 610
744 767
384 638
803 37
196 387
302 569
184 830
622 791
64 34
7 17
952 619
185 759
131 588
380 481
863 29
25 656
238 301
740 915
932 111
310 184
266 254
970 83
79 922
958 226
210 615
637 500
830 368
282 196
722 583
760 720
453 650
697 79
407 473
734 32
940 111
495 102
263 355
76 79
412 580
322 811
812 452
735 824
782 811
902 359
22 563
668 202
785 794
722 639
190 989
559 219
66 985
221 69
333 938
820 425
343 672
418 241
361 550
679 538
810 383
860 671
458 532
502 446
927 105
999 41
794 405
651 6
398 33
82 989
509 790
194 946
856 896
354 88
981 6
101 913
891 241
315 22
413 523
829 617
121 475
782 221
547 831
186 233
566 985
65 705
647 279
165 199
168 138
283 268
824 412
194 806
256 363
255 714
19 113
582 329
540 608
447 567
863 858
503 651
110 276
548 668
491 730
453 328
706 189
530 835
264 151
146 780
73 526
88 330
131 168
364 826
661 261
348 248
935 800
10 344
385 979
94 331
186 29
832 126
760 16
914 977
748 829
485 972
959 95
934 96
245 57
456 57
889 488
211 55
745 948
13 177
827 94
496 507
905 887
688 300
386 336
256 768
855 662
570 682
331 882
747 849
935 113
40 446
857 366
352 20
220 752
320 112
697 930
91 127
910 975
869 321
668 671
321 414
690 547
667 423
389 836
900 152
555 656
679 611
962 567
967 544
677 535
239 507
159 143
816 955
111 890
959 958
656 118
965 673
471 366
225 427
85 37
426 339
133 690
865 582
457 698
606 10
180 95
639 193
820 938
134 892
228 545
738 722
655 334
193 401
85 176
453 501
753 176
795 546
430 612
480 580
917 131
795 539
148 100
612 620
986 519
324 122
724 209
775 222
115 63
723 94
839 715
888 138
993 428
611 69
648 28
835 972
343 844
514 372
186 84
140 853
201 729
67 615
982 518
836 499
641 900
457 368
919 607
5 835
701 695
499 172
153 200
618 208
252 949
561 311
842 530
75 179
781 310
478 496
29 221
63 635
793 428
764 247
892 685
241 759
221 203
93 221
196 436
478 186
828 144
709 717
743 496
697 868
176 920
364 882
124 80
978 275
308 374
178 230
66 542
720 389
169 565
522 745
46 547
812 953
744 86
742 657
457 478
703 354
709 89
259 756
265 797
305 38
922 892
701 311
570 176
958 643
817 227
261 601
983 782
390 668
501 204
595 331
166 782
898 586
413 331
444 547
980 203
634 458
31 22
818 457
594 30
140 303
799 845
554 652
379 908
714 72
145 985
835 546
281 782
656 128
946 149
538 173
143 624
702 111
97 559
239 151
303 520
114 381
30 39
485 609
842 487
809 247
734 442
397 571
491 510
381 761
761 174
808 124
942 118
465 964
947 724
141 828
560 189
841 945
291 560
134 640
839 872
589 13
959 319
774 848
21 547
504 41
84 813
997 737
242 131
10 430
451 358
493 344
894 723
924 740
190 564
299 918
279 638
511 660
201 844
83 2
90 331
756 826
968 680
490 550
473 980
508 943
858 480
862 526
487 250
774 250
351 453
733 270
192 510
464 580
683 380
775 184
318 562
652 619
616 211
101 487
287 972
304 691
518 701
212 979
269 776
590 450
198 170
135 205
806 868
998 910
740 290
371 947
160 199
780 696
336 948
995 394
668 164
399 881
752 904
237 514
94 970
5 679
785 789
471 55
889 12
240 308
44 977
475 448
636 567
355 299
669 184
770 550
625 400
711 304
39 909
851 835
64 141
85 159
788 826
910 915
686 743
357 10
887 349
428 203
849 392
978 958
30 942
634 745
790 251
555 847
226 858
317 43
577 36
581 93
857 746
650 798
711 638
444 594
30 557
823 230
260 328
714 521
738 913
312 75
988 420
149 916
1000 232
275 422
394 50
617 677
495 360
87 330
891 256
219 364
177 829
194 801
13 585
860 305
635 827
135 967
949 646
87 127
53 219
697 552
79 47
913 167
880 29
347 964
258 425
965 579
541 920
752 269
945 836
825 919
252 373
907 132
607 433
969 282
5 331
501 355
860 816
744 722
44 372
912 957
362 944
572 171
649 850
854 71
365 198
244 254
299 575
337 971
129 787
552 177
636 125
496 564
406 50
609 602
687 147
947 383
840 761
66 561
565 313
439 238
574 804
490 648
639 796
993 971
743 868
682 281
499 247
49 897
378 256
70 442
73 864
521 171
494 594
933 284
6 363
653 92
24 678
523 831
320 992
178 430
82 959
967 942
507 600
155 395
546 424
969 825
551 544
509 193
492 623
601 346
335 398
209 861
325 829
917 224
807 664
180 132
787 76
683 54
299 503
60 959
211 885
928 139
659 480
206 99
183 211
222 221
377 411
361 200
306 988
857 431
941 871
933 555
818 438
593 873
346 527
887 38
413 674
131 796
756 353
879 784
197 839
653 970
207 24
640 489
826 182
819 217
814 124
984 156
377 285
912 477
26 40
366 201
259 385
681 310
260 485
809 15
384 755
766 353
481 872
131 545
780 707
796 752
909 256
400 947
84 297
965 110
735 393
414 81
238 217
223 806
909 831
609 289
974 840
578 51
592 817
360 827
986 307
603 750
62 119
796 383
271 767
358 811
186 183
999 875
684 360
800 723
197 206
943 792
855 145
974 214
122 976
673 191
761 294
329 666
843 589
387 376
14 345
283 371
828 74
683 33
840 328
233 685
272 21
962 937
527 32
176 70
864 757
578 463
224 177
783 391
774 195
395 195
775 105
548 765
489 561
974 479
360 372
956 607
450 415
740 176
39 839
80 135
519 689
816 594
292 434
78 105
713 418
416 955
157 417
673 106
2 935
823 235
225 370
971 880
822 397
495 849
98 646
686 618
125 450
576 339
152 901
869 845
548 793
187 508
617 954
935 92
875 340
388 135
264 284
844 176
42 488
393 16
975 861
846 567
433 442
490 862
172 3
284 703
793 599
113 123
559 637
664 603
514 904
949 133
782 858
347 630
621 643
563 929
459 576
338 820
651 920
777 90
289 872
232 192
557 400
1000 479
674 20
850 389
966 606
502 4
958 467
659 214
286 487
273 135
536 749
33 46
208 3
503 732
87 441
130 203
420 117
951 33
747 330
957 583
804 622
772 146
470 474
876 899
717 45
777 954
662 432
673 298
945 688
486 402
565 396
29 316
982 719
745 362
325 425
567 901
43 20
833 372
951 86
646 183
814 147
203 692
120 796
180 542
947 745
979 608
288 984
509 307
312 287
581 769
307 429
77 14
687 441
787 327
833 655
49 239
592 572
787 885
683 380
370 764
49 949
627 625
539 767
420 189
676 157
649 147
234 377
300 265
980 147
749 397
973 480
751 63
443 393
384 210
768 223
398 135
931 948
408 505
853 398
247 891
772 888
884 627
666 808
181 457
356 551
628 505
754 551
454 786
299 450
361 356
682 771
462 405
18 546
998 103
849 447
338 310
555 233
625 662
698 87
542 847
546 643
209 523
268 779
486 149
403 945
715 887
74 350
544 700
186 532
444 206
679 379
619 658
48 445
861 829
72 628
686 857
330 25
290 176
628 499
408 685
333 723
432 275
406 836
719 506
454 385
988 244
801 842
771 557
130 730
627 346
453 995
202 187
184 945
403 325
647 587
147 901
2 315
440 80
231 664
693 472
502 891
18 36
35 576
876 675
860 417
789 624
548 779
370 836
635 539
366 463
266 401
532 767
108 954
375 546
432 946
811 636
813 467
466 799
981 779
916 544
884 118
228 229
597 81
530 904
32 129
167 618
141 715
368 615
737 534
355 210
248 846
682 295
57 679
226 398
640 989
247 253
495 677
193 367
794 906
978 445
364 389
559 94
671 140
842 613
467 300
23 131
947 432
242 807
429 716
270 513
552 741
382 381
508 512
428 985
715 196
456 68
53 95
502 850
107 878
785 909
144 688
805 473
304 405
30 998
313 479
920 134
326 782
859 660
965 783
583 791
719 606
550 211
473 693
631 76
97 727
296 557
853 471
368 940
485 215
925 969
80 266
529 925
908 99
145 495
414 328
550 552
111 912
160 376
259 374
556 713
868 894
607 953
167 374
522 769
979 691
14 976
848 781
591 163
17 405
626 49
727 315
485 871
907 751
539 916
241 959
512 775
21 936
901 375
532 177
917 928
449 314
810 785
139 122
985 250
628 118
8 803
43 699
729 903
349 195
672 473
191 352
908 33
970 691
969 53
454 273
77 714
229 184
893 515
316 602
969 327
376 783
170 523
45 259
430 771
966 165
245 206
888 27
513 400
481 326
700 385
151 767
420 835
758 626
548 393
158 546
221 855
643 375
863 784
823 458
393 701
848 658
643 2
659 475
126 191
275 772
367 777
623 527
645 572
560 627
648 216
856 355
332 398
124 962
572 552
587 474
64 977
891 3
634 637
644 286
202 104
403 391
337 318
991 154
68 862
789 549
961 50
354 12
799 880
946 460
177 451
249 401
446 815
41 421
1 820
687 116
506 453
99 908
684 550
815 1000
310 603
501 161
74 809
933 588
364 422
269 811
405 750
301 453
327 779
681 429
249 129
258 377
436 923
725 989
683 582
706 880
226 683
876 809
512 702
536 884
191 3
581 337
191 234
318 103
516 670
831 10
283 602
668 863
488 964
191 186
381 630
257 423
158 688
939 739
574 200
940 111
462 528
345 417
565 117
819 718
150 95
481 785
108 739
975 704
850 726
805 716
515 824
915 115
644 967
341 235
904 286
321 48
540 392
538 398
790 592
470 595
470 797
630 388
671 523
545 733
379 83
507 767
267 691
597 238
458 625
849 539
221 880
469 45
37 533
716 169
995 457
417 604
722 521
57 105
707 796
993 690
288 852
25 11
384 939
217 859
455 712
780 629
754 915
575 317
617 472
526 505
292 638
775 876
92 356
66 217
682 237
538 972
150 443
687 808
445 668
971 216
92 991
476 781
564 863
164 445
298 121
456 295
420 6
17 555
424 327
758 49
308 398
626 885
138 876
490 880
223 410
453 815
524 280
400 168
991 31
448 727
875 524
319 578
498 914
161 345
661 700
916 441
279 453
839 271
903 385
34 703
511 602
402 311
273 122
595 817
428 815
632 604
129 64
326 475
555 32
724 151
236 949
314 292
650 433
472 985
546 88
937 789
677 36
180 163
472 330
265 116
34 9
963 728
426 269
730 466
142 7
393 612
19 239
120 563
120 582
330 780
509 458
472 444
906 158
677 558
738 696
806 14
512 441
501 257
662 852
488 174
788 318
98 38
717 427
681 945
361 865
686 825
320 778
537 527
173 304
477 695
60 202
399 997
295 39
53 20
662 395
188 131
981 921
327 274
391 798
166 976
239 165
509 67
384 173
511 125
206 566
411 165
830 53
204 894
630 255
634 301
280 607
831 786
787 610
329 802
952 994
824 430
908 718
466 444
214 934
697 673
383 317
874 986
48 326
798 144
272 42
503 964
568 504
393 802
193 68
697 140
982 322
519 464
882 131
956 149
306 936
128 799
187 843
587 393
964 590
732 297
250 308
850 802
722 535
287 195
562 419
22 293
118 952
981 165
262 40
473 114
55 628
709 699
397 1
580 833
114 369
337 941
324 703
669 69
1000 17
810 426
219 495
67 619
985 254
717 256
712 183
622 30
736 538
924 522
615 224
772 162
943 228
450 953
478 638
124 926
446 97
685 212
889 234
780 803
556 255
30 825
865 847
449 168
46 640
607 409
583 337
394 251
850 898
916 951
324 926
303 664
718 820
184 185
502 110
707 245
542 713
992 577
948 55
24 627
25 186
395 226
864 684
219 707
373 234
158 884
384 462
33 44
908 396
371 51
99 875
691 236
580 914
549 867
653 483
372 222
885 310
332 651
595 189
605 296
945 772
678 498
97 688
886 708
796 880
978 257
74 570
933 355
728 468
248 408
713 61
397 961
110 920
925 102
454 383
692 389
435 664
823 339
50 972
120 40
569 692
298 897
240 296
555 394
74 285
276 381
648 313
20 438
265 211
599 947
679 540
858 211
838 256
857 433
584 685
817 135
494 194
993 753
826 632
219 184
986 567
752 860
775 317
382 23
978 931
524 637
699 661
56 15
980 825
381 652
274 988
506 644
424 534
134 790
940 736
280 95
971 262
42 631
524 716
594 204
892 794
169 605
643 142
894 534
835 330
761 704
885 567
963 315
360 918
851 558
309 882
730 166
839 570
980 669
502 151
469 260
299 604
115 943
959 90
909 96
786 295
960 659
931 250
830 500
759 468
217 95
118 327
954 984
207 380
110 325
484 857
270 837
551 198
506 929
712 776
266 655
336 625
775 51
155 270
701 78
427 612
806 7
247 50
854 80
373 931
342 563
222 358
725 63
514 658
718 286
180 817
910 699
494 109
336 276
740 11
968 883
575 719
246 933
18 469
567 837
621 694
46 983
975 170
954 821
223 793
80 856
958 494
341 891
96 593
569 62
439 449
366 556
445 526
592 262
941 986
902 429
801 850
112 596
790 595
944 176
36 813
572 667
736 291
554 509
744 431
392 33
692 203
841 92
60 999
954 379
554 829
685 571
382 127
696 1000
584 400
992 606
66 461
655 215
952 480
815 229
43 657
606 891
314 752
994 509
77 10
95 309
483 370
658 192
814 643
802 159
663 777
447 196
45 589
802 608
804 650
816 130
233 805
992 692
4 457
533 196
529 111
498 575
383 702
459 233
763 685
423 58
893 653
237 218
259 205
654 697
914 393
758 738
356 162
310 469
497 630
979 88
543 236
946 572
551 406
435 688
816 478
352 893
39 715
1000 543
427 828
403 511
718 265
528 662
136 580
459 396
453 468
360 848
737 815
101 223
40 542
454 616
678 824
362 524
70 301
320 329
903 678
786 306
180 160
310 5
843 427
478 751
106 681
328 980
110 1
651 24
112 629
472 945
238 666
616 848
215 72
663 373
902 82
395 576
298 554
590 124
869 737
159 213
728 793
308 134
613 845
823 564
822 123
467 411
120 882
955 856
570 391
295 352
672 139
990 491
933 24
165 675
270 287
62 706
635 885
849 107
74 561
623 537
893 151
317 617
870 983
614 413
742 218
354 847
706 968
521 871
404 414
811 708
912 970
988 560
608 975
726 579
183 337
218 144
920 639
317 602
707 761
5 109
976 11
926 258
815 830
171 742
250 555
659 6
128 593
104 374
679 248
447 526
303 555
298 873
218 934
464 815
370 82
38 993
616 694
269 42
966 315
40 654
77 751
311 749
626 301
267 470
240 764
921 415
37 328
645 249
476 295
840 193
183 566
789 360
980 414
521 543
879 285
452 143
259 773
204 624
923 415
159 565
912 68
351 625
596 36
609 573
352 326
71 279
764 985
163 933
845 648
334 762
422 722
964 142
302 142
690 636
995 545
974 149
522 123
406 403
772 523
164 137
894 152
701 416
893 733
971 466
294 866
452 491
79 565
154 177
868 957
90 320
471 533
365 496
38 393
215 654
414 755
779 226
193 179
801 812
429 726
792 687
498 378
129 19
127 836
925 578
100 925
601 960
151 384
743 255
867 92
301 718
430 126
751 466
629 25
638 632
507 771
414 411
255 53
37 838
15 132
739 660
960 897
341 73
822 149
259 245
616 364
812 231
217 564
802 198
1000 20
963 886
865 361
44 521
993 496
992 711
157 935
891 66
833 479
150 18
513 421
838 349
460 269
262 113
522 616
672 434
249 30
543 638
869 335
398 444
332 522
971 985
662 817
596 941
841 843
555 225
321 171
663 843
72 35
292 806
533 776
117 809
635 540
725 102
975 18
991 743
58 112
883 978
634 763
751 492
409 242
227 560
152 837
118 655
939 464
386 757
425 953
212 875
857 300
880 911
106 349
480 471
209 534
119 443
565 373
880 949
668 434
676 69
292 956
70 121
413 629
400 566
433 92
345 110
295 367
709 420
966 82
743 56
736 692
298 754
868 606
513 184
258 576
26 238
924 367
779 770
23 475
853 374
81 563
746 750
963 73
82 833
946 336
483 714
683 522
46 495
441 39
304 543
903 791
436 124
675 696
136 576
464 645
108 348
85 447
279 52
348 749
477 429
822 870
203 355
959 185
61 748
981 127
528 835
134 247
894 755
79 851
840 187
294 741
589 962
625 549
971 579
524 99
577 691
696 653
410 456
716 113
493 243
389 704
41 73
26 748
407 337
467 596
437 726
860 364
846 40
941 742
554 899
217 420
894 59
303 890
130 164
78 119
914 114
752 397
675 903
262 810
977 841
711 659
392 694
91 552
525 772
932 158
754 167
674 22
682 567
154 60
210 769
412 781
83 805
959 913
156 101
813 25
294 77
366 475
25 226
578 450
838 258
746 799
621 559
261 111
676 591
530 451
503 482
840 168
322 923
358 424
301 542
484 807
308 78
930 110
340 135
433 487
716 438
198 68
752 261
107 465
678 553
550 436
151 451
977 347
478 560
67 117
838 4
525 501
353 718
492 493
771 741
939 573
180 308
106 205
998 919
437 885
444 162
498 572
475 246
141 840
848 608
647 905
496 886
897 809
324 530
17 789
269 648
686 221
639 976
911 992
527 968
122 207
450 7
140 856
136 439
871 912
732 502
249 854
705 435
917 319
886 59
122 239
506 703
147 912
980 893
664 533
216 191
145 2
761 584
223 237
632 535
199 369
576 825
666 780
676 753
3 346
468 728
66 931
249 915
578 912
998 412
723 552
684 332
835 456
876 20
181 311
378 319
513 828
782 851
259 66
903 453
619 398
498 564
40 572
542 177
218 137
516 778
523 972
934 590
88 220
44 840
981 921
43 197
198 639
134 121
619 828
239 89
501 681
687 791
909 545
409 742
336 205
190 311
309 211
517 447
172 636
779 989
367 178
50 148
137 163
264 304
894 353
11 10
606 128
312 829
129 454
908 981
588 279
796 369
206 623
991 674
599 897
162 603
81 10
973 876
653 865
390 71
654 89
307 275
852 992
36 615
930 869
483 628
361 997
699 205
447 34
25 855
900 710
671 789
421 552
475 542
703 950
983 167
586 909
587 875
859 390
421 538
234 781
239 491
418 828
712 619
536 284
334 383
103 141
767 429
745 276
740 324
5 522
138 536
56 842
693 657
649 267
903 254
268 385
37 791
358 116
369 624
551 497
44 344
553 748
582 49
954 977
212 843
730 845
578 444
880 125
277 35
316 176
847 434
31 396
79 386
336 318
929 774
172 813
429 778
378 620
833 220
995 187
590 362
232 714
268 344
485 875
562 281
596 230
253 716
575 721
957 955
112 230
253 720
417 113
614 411
455 822
257 451
410 12
430 473
179 876
167 59
298 333
165 407
924 547
953 966
208 58
771 538
881 918
290 639
795 714
93 241
755 550
775 39
885 664
175 690
338 753
352 367
764 748
225 730
37 309
366 606
834 190
834 700
208 351
912 607
654 212
119 484
876 578
661 576
156 333
158 976
10 585
55 767
670 564
710 929
36 435
387 964
63 595
258 896
59 292
618 441
725 543
365 808
533 345
275 734
544 22
786 777
649 885
949 521
217 479
352 676
797 402
647 784
890 707
827 285
116 89
415 365
825 981
695 405
175 742
135 503
375 23
830 163
269 252
254 613
103 943
24 311
608 730
444 307
146 518
161 705
729 320
944 272
599 67
435 807
642 808
462 93
416 994
345 393
165 454
553 160
45 292
190 999
227 45
648 474
506 25
193 956
434 748
386 566
765 875
939 294
227 730
596 297
390 955
696 171
707 507
712 228
728 493
865 352
79 823
348 363
976 137
591 921
157 202
125 492
861 350
236 518
510 862
377 882
511 330
933 36
142 202
815 794
664 483
164 495
884 514
566 300
614 673
118 331
975 95
413 18
938 327
556 450
897 805
146 123
912 889
763 722
374 261
289 907
491 818
146 935
184 761
709 46
866 675
383 901
526 644
469 491
164 639
800 60
606 55
961 168
364 328
610 39
209 918
926 698
617 846
434 439
49 103
561 307
742 275
325 658
398 978
929 484
329 677
9 296
783 995
358 178
922 206
517 764
603 242
243 480
666 792
495 827
706 420
745 276
368 766
31 801
217 801
109 438
292 907
675 955
984 173
569 256
845 546
430 920
368 252
304 705
702 726
700 584
869 999
306 880
428 448
182 361
573 400
167 705
274 911
500 731
341 530
617 169
34 740
751 74
482 76
573 528
938 256
50 287
946 475
64 741
590 879
804 77
513 689
262 940
695 651
367 111
409 360
204 149
808 658
275 717
333 285
835 569
143 39
761 71
894 583
945 187
428 805
992 50
485 333
534 800
538 675
585 650
682 197
289 448
118 473
114 889
824 40
371 207
734 960
141 873
39 641
539 685
168 673
103 517
976 528
141 621
656 782
811 850
87 653
270 120
260 756
246 66
548 127
120 715
36 41
680 22
285 362
676 411
683 420
256 630
545 337
926 568
222 316
520 678
653 799
300 912
731 249
505 268
699 129
363 546
863 945
635 31
300 10
318 698
308 300
191 265
722 196
376 99
375 273
291 4
79 219
611 531
429 553
3 197
153 151
553 550
188 297
276 50
260 970
6 592
716 459
196 847
533 824
857 409
388 132
99 323
289 250
724 561
665 324
52 213
105 352
424 647
864 86
761 429
354 320
986 901
125 959
521 159
933 719
707 756
609 552
358 218
961 427
499 502
538 685
987 605
272 291
172 962
83 449
600 184
786 536
421 324
253 472
709 576
668 316
553 584
231 781
467 581
572 184
124 473
650 489
133 836
569 769
366 356
439 20
777 571
9 355
635 161
705 249
650 964
193 260
357 356
990 523
807 988
4 701
853 386
694 768
143 536
57 487
552 191
781 868
281 457
610 973
364 527
577 11
459 966
668 207
306 322
774 84
220 741
490 722
591 34
714 915
273 904
810 771
432 75
158 635
303 549
579 108
449 851
592 781
857 620
363 971
851 598
681 184
791 316
827 177
137 300
704 636
804 437
182 868
36 267
164 931
941 258
771 524
54 834
128 988
166 664
798 156
560 343
914 441
250 343
490 993
176 730
646 307
342 286
313 384
453 679
994 661
623 83
656 506
834 381
338 823
871 837
866 68
519 826
67 540
11 739
280 64
989 686
5 107
390 668
262 233
163 290
798 246
647 959
401 782
226 216
576 142
56 652
575 592
899 234
167 163
898 153
87 715
357 432
305 623
905 341
358 699
828 360
957 597
102 531
737 200
704 209
968 778
665 600
815 554
893 469
278 201
221 249
709 862
601 352
113 75
569 535
937 652
29 133
297 456
266 939
283 259
365 10
591 272
822 782
654 442
708 656
988 838
934 756
882 239
826 726
881 146
29 742
751 759
81 103
469 435
815 465
387 813
170 363
715 966
430 690
615 137
828 469
408 574
284 327
976 621
93 167
889 280
118 997
914 29
535 517
235 833
232 853
677 382
826 304
835 187
747 439
294 994
859 21
375 337
54 728
457 662
501 555
734 508
105 27
535 491
400 807
99 919
258 474
825 980
969 581
24 287
147 518
6 511
641 583
616 495
394 543
851 701
279 449
986 704
913 831
288 365
236 227
146 557
72 955
586 154
480 228
683 765
862 638
314 11
128 111
946 452
773 449
741 830
253 585
878 614
285 827
731 872
957 415
746 127
363 91
653 831
661 124
106 923
396 865
473 475
50 658
242 549
217 828
828 728
55 378
171 263
165 503
922 871
290 849
800 236
926 320
883 29
522 487
634 813
742 556
134 409
872 599
660 264
970 770
728 461
291 406
949 551
158 424
562 739
992 987
381 651
999 778
804 27
346 204
686 275
381 143
531 126
749 812
681 205
679 659
844 69
806 765
412 159
377 935
545 599
546 968
87 775
633 447
827 366
431 449
591 73
246 999
907 422
302 321
202 541
503 548
297 105
603 580
296 670
984 310
823 312
332 169
944 583
831 725
950 744
821 131
885 181
714 754
28 430
868 298
319 69
267 479
142 868
608 825
25 595
593 175
309 241
238 266
177 429
112 138
707 984
385 978
262 48
297 879
635 290
43 733
643 51
664 549
119 433
924 501
493 706
237 101
227 87
128 91
190 973
749 223
614 72
709 459
455 188
965 899
541 565
374 198
946 963
243 802
928 985
262 411
891 851
161 713
52 410
920 320
98 582
845 132
288 449
975 240
43 854
763 287
866 895
159 140
307 388
840 120
73 695
371 651
957 77
569 31
996 455
800 680
287 39
58 697
414 652
545 744
909 613
506 588
626 263
832 887
367 837
932 828
735 18
764 794
337 886
577 657
13 703
609 26
588 599
360 674
613 839
420 374
129 117
726 928
697 243
331 207
697 837
156 155
986 646
970 854
737 859
315 261
20 766
978 131
256 826
874 143
169 105
337 661
563 900
668 680
58 858
929 788
666 193
432 839
258 670
45 814
646 905
573 853
31 586
596 365
71 329
590 284
20 118
980 390
292 889
669 732
448 135
853 577
301 962
749 809
390 271
992 362
189 156
969 758
734 810
273 780
994 642
529 654
950 864
749 12
682 882
676 37
176 212
464 262
762 662
274 882
25 468
377 997
556 140
515 315
282 230
133 411
650 236
867 819
329 757
803 164
606 326
17 287
199 412
275 321
450 900
527 245
164 756
146 706
510 459
727 940
725 848
884 225
610 602
721 825
400 30
755 870
741 517
213 876
310 648
876 309
796 599
338 238
434 735
984 622
7 533
925 854
175 107
324 211
931 245
84 548
543 58
735 236
4 594
567 931
531 785
238 663
416 770
562 971
909 333
66 779
743 548
630 4
686 124
861 9
708 981
723 904
406 516
744 333
710 516
965 205
313 316
107 897
768 719
877 235
214 152
500 658
564 984
145 809
666 156
330 437
277 234
988 756
941 630
172 760
265 638
898 989
628 489
266 532
169 375
664 264
796 861
19 878
723 361
981 854
250 221
304 979
145 300
403 32
472 933
399 768
979 544
666 20
276 659
658 417
600 654
302 460
934 700
866 836
350 380
687 941
7 648
752 427
237 598
881 544
298 374
595 421
168 245
345 730
419 427
207 889
191 399
342 627
630 852
545 889
930 749
702 621
905 656
206 837
606 198
400 675
61 965
189 900
537 799
726 916
24 815
949 313
635 290
624 967
731 643
786 192
988 761
884 362
453 937
720 682
237 811
121 30
838 580
934 544
638 381
568 367
898 810
349 341
640 720
428 879
746 324
202 257
32 322
281 113
346 303
163 736
359 821
414 576
133 116
563 926
682 644
316 426
95 702
390 595
882 711
577 362
998 88
530 681
332 850
382 699
240 432
44 888
338 708
106 382
322 166
38 598
97 618
760 372
542 629
348 653
452 189
599 132
561 732
510 696
425 302
41 763
322 524
250 390
985 328
642 589
374 932
554 904
804 66
547 368
685 952
784 822
979 751
266 72
554 474
871 144
352 831
534 780
275 973
152 875
680 954
250 846
264 626
862 772
357 41
894 940
474 497
987 378
777 697
687 425
781 143
800 95
317 902
929 34
247 977
64 228
582 839
164 235
907 928
760 533
211 361
310 228
86 539
662 92
825 678
796 168
138 434
453 37
230 336
503 940
640 490
561 87
79 912
978 683
48 781
697 96
614 494
624 393
387 605
263 368
496 965
866 546
482 39
295 778
745 65
669 476
161 494
145 589
363 462
14 872
616 861
4 724
472 265
966 800
937 795
807 587
290 997
735 239
140 641
760 810
838 72
55 142
822 109
757 227
96 661
897 581
97 178
396 277
412 259
829 290
828 238
831 160
900 797
979 845
719 181
878 674
582 310
551 264
319 866
767 666
619 319
825 534
150 782
619 674
856 565
135 852
781 729
237 253
328 43
840 453
660 394
668 87
99 482
750 808
283 619
458 908
930 634
201 781
588 149
340 847
493 901
987 748
395 994
416 705
261 852
341 14
330 634
250 879
838 748
965 422
816 506
126 622
988 113
809 541
186 618
748 412
37 558
584 608
922 383
847 694
237 101
649 408
116 597
653 319
338 169
912 386
71 131
304 172
262 292
695 177
555 57
690 430
344 311
459 472
175 216
47 360
890 14
195 135
6 777
564 781
840 440
475 141
866 822
299 598
849 938
908 187
107 182
374 747
217 253
478 981
72 131
640 271
254 501
629 222
833 490
538 85
713 258
29 991
513 522
539 697
791 236
428 304
903 489
196 813
134 930
931 170
751 581
144 293
946 923
53 246
330 795
673 695
857 533
957 548
317 382
784 291
756 589
947 464
723 931
278 917
979 565
355 736
887 687
582 357
203 968
847 534
334 386
790 798
745 259
685 222
111 457
276 996
851 196
551 678
66 405
272 80
973 164
849 601
920 845
869 483
283 794
898 778
183 5
713 665
550 904
652 193
94 310
552 10
518 536
432 321
626 426
503 74
966 122
867 537
677 70
59 401
440 818
890 460
231 291
664 141
766 575
916 766
310 114
721 806
817 747
371 58
751 994
487 133
624 747
180 44
861 140
123 19
45 762
964 263
539 31
526 166
87 195
56 69
678 401
766 14
465 630
964 209
343 316
498 690
702 116
307 35
35 632
418 729
665 90
357 436
4 263
245 954
583 391
104 830
261 513
98 51
351 525
818 473
491 162
697 450
441 492
631 657
826 283
333 526
345 948
726 451
91 60
92 527
223 849
675 633
608 396
114 656
402 905
100 906
141 69
883 913
237 951
827 522
632 197
28 148
731 360
856 721
890 40
633 717
300 467
325 748
213 283
116 496
730 237
774 524
986 196
379 670
943 86
27 666
424 494
987 620
569 379
397 119
799 147
259 737
345 410
314 950
63 638
402 527
986 257
821 112
612 298
117 329
140 214
377 168
444 904
250 913
877 281
358 329
3 849
781 555
243 218
269 522
212 409
744 158
847 873
176 305
314 860
491 362
207 413
404 977
258 285
262 966
918 627
504 188
58 460
231 518
329 192
446 652
689 857
712 389
735 627
240 61
991 45
212 754
555 213
580 534
833 186
983 263
599 925
97 102
983 727
347 1
130 41
852 440
146 649
658 684
777 828
814 865
931 912
475 879
562 256
407 173
136 887
439 905
992 768
176 211
156 948
789 744
351 909
465 146
660 734
548 525
909 633
297 740
552 347
1 797
827 52
968 213
166 520
549 586
507 991
284 27
304 677
401 392
773 33
137 840
99 302
854 168
908 992
830 752
18 831
230 114
768 975
871 844
108 564
466 175
741 815
584 222
622 736
155 214
185 702
560 455
255 963
357 994
971 139
940 632
582 880
390 558
423 705
699 836
64 116
986 302
622 138
932 791
208 717
229 814
46 981
759 970
999 343
300 487
594 330
649 286
233 527
276 899
369 935
671 691
617 331
605 770
447 17
72 888
584 18
543 83
793 877
769 367
768 753
393 63
802 564
440 458
636 337
228 553
244 511
323 967
300 161
520 472
930 386
475 702
128 257
652 311
68 894
213 230
16 929
964 333
434 848
647 946
909 890
384 5
782 141
318 114
368 681
620 528
877 581
119 757
526 653
902 624
709 101
481 781
605 853
793 302
365 907
403 50
437 622
267 185
408 324
512 492
140 928
727 321
516 996
486 724
473 462
760 755
362 869
245 676
415 951
61 555
243 703
867 126
968 811
539 532
615 882
987 69
962 674
211 221
942 796
925 192
613 339
582 169
205 443
246 991
331 865
821 397
503 623
824 798
822 747
889 567
598 524
316 896
246 592
228 59
115 203
846 778
189 792
200 738
378 176
345 447
636 478
504 257
782 69
646 557
444 136
928 155
953 603
75 539
169 682
218 855
76 447
176 80
190 436
511 367
821 721
258 316
51 665
602 511
63 997
220 627
536 591
646 582
268 725
370 122
964 359
918 968
755 539
674 526
415 656
508 384
31 8
7 970
756 297
229 115
420 826
22 376
931 52
784 758
821 38
586 133
617 685
353 918
29 449
274 87
862 172
121 149
685 997
253 792
564 343
404 80
497 238
579 131
280 602
342 913
795 282
788 926
995 94
887 581
966 540
702 426
252 106
967 604
293 70
457 592
733 346
394 155
981 732
255 141
43 898
729 971
713 799
874 442
381 721
754 752
987 430
709 561
642 181
475 951
234 554
689 97
774 768
190 629
36 121
219 174
759 253
849 926
308 555
64 112
851 940
124 728
141 503
501 108
511 481
185 295
203 302
76 671
421 330
220 341
301 516
532 551
756 457
624 53
171 266
683 998
84 427
457 423
165 859
754 267
703 52
333 92
306 584
104 985
579 122
65 86
339 415
151 808
733 866
500 733
630 83
621 723
927 636
876 35
688 675
314 343
763 79
181 183
118 135
909 410
581 431
891 890
128 647
215 694
762 38
861 620
566 207
381 953
26 137
694 862
542 371
309 979
847 355
529 937
564 556
398 501
385 858
646 871
347 845
13 733
194 103
820 75
714 517
343 938
451 373
47 231
643 944
784 31
163 655
71 378
454 74
2 324
931 784
966 522
139 868
278 519
650 893
766 525
205 507
13 28
739 618
908 872
139 694
285 683
830 476
43 198
664 853
304 449
123 718
597 8
214 581
537 207
876 703
20 208
255 496
674 480
734 942
563 469
211 536
559 910
47 464
263 568
904 777
177 973
264 117
401 772
401 742
654 720
186 694
553 194
784 38
983 332
845 506
222 115
362 284
820 92
77 863
460 885
152 793
884 305
107 388
605 316
838 264
284 960
771 628
658 150
266 782
397 46
823 503
481 599
970 491
629 2
209 270
491 352
109 514
183 28
182 219
832 496
559 712
566 550
21 696
251 532
364 826
852 672
129 303
787 486
340 516
444 214
836 952
582 448
820 676
365 220
773 834
22 657
950 605
60 339
744 369
644 557
73 362
446 744
113 908
923 189
43 317
696 643
673 881
884 298
773 673
196 664
196 210
177 197
110 935
759 793
505 494
397 939
935 970
668 26
169 880
961 299
979 475
160 585
522 64
972 704
750 358
173 140
143 797
103 993
340 947
935 870
449 855
117 734
589 783
989 330
493 256
750 879
671 550
232 140
294 343
588 834
689 400
332 261
977 840
728 861
289 313
852 943
306 385
507 211
19 221
159 254
193 372
10 228
660 978
98 941
102 59
121 212
417 447
293 456
834 164
469 512
261 461
371 728
399 844
809 507
748 308
679 676
649 568
62 862
372 743
246 254
551 135
702 756
204 370
680 109
820 70
441 923
605 216
943 929
957 856
585 563
435 80
68 260
944 509
504 826
416 915
993 632
530 973
957 924
867 23
682 408
373 814
6 165
650 148
600 59
479 705
273 147
970 122
199 307
401 199
598 27
378 618
87 687
125 84
579 904
207 876
520 942
883 805
653 207
848 373
985 590
55 845
93 509
927 603
606 306
956 325
37 738
934 686
742 149
451 136
376 782
405 779
91 479
893 807
178 14
5 750
49 912
670 816
440 875
933 279
598 165
294 772
273 205
586 79
644 94
464 123
715 697
219 502
955 913
910 672
356 67
356 830
260 472
784 560
50 741
852 780
119 931
575 799
37 318
123 951
956 417
980 765
853 425
930 625
114 524
36 208
517 270
664 983
332 205
698 595
431 674
229 579
262 344
76 449
453 505
534 509
736 911
488 426
218 917
318 971
310 230
438 457
418 688
778 752
253 574
187 782
196 627
726 728
280 561
713 780
733 209
360 433
507 169
679 506
717 104
31 284
123 8
227 786
908 453
145 753
538 268
550 321
512 13
925 768
3 433
175 538
625 200
52 517
711 568
874 501
367 645
637 955
984 1
761 106
294 606
87 308
976 427
67 376
236 99
823 586
648 350
899 30
134 49
996 597
11 721
132 368
878 374
653 228
447 650
506 45
749 910
448 165
728 612
824 384
899 309
979 691
408 568
537 561
645 555
851 221
231 517
84 806
659 681
150 106
22 812
184 493
35 10
429 838
903 952
261 425
713 584
369 888
912 442
198 721
549 902
234 943
376 836
135 879
129 738
140 768
124 107
103 1
558 81
198 280
199 211
590 201
839 514
524 79
649 754
549 564
106 868
20 389
774 721
73 476
954 724
429 766
716 910
536 848
431 684
607 702
796 870
499 643
655 735
639 557
777 70
211 239
906 223
237 964
400 4
272 452
667 941
499 156
842 916
509 221
738 630
115 566
385 906
834 843
609 554
474 424
343 248
498 400
564 100
370 379
784 4
653 697
375 69
853 375
461 338
725 967
797 739
2 904
413 857
211 586
576 915
854 569
193 830
793 297
412 788
653 211
568 782
34 458
648 937
172 837
541 889
122 424
351 115
777 75
632 702
140 752
227 77
298 611
9 312
599 860
610 636
897 98
518 240
428 261
546 877
806 268
860 787
747 625
984 301
506 957
911 143
450 424
709 598
812 166
566 561
324 481
280 464
624 283
731 601
458 65
922 654
679 604
148 914
853 624
915 871
898 899
43 430
700 371
755 323
866 378
82 892
473 895
940 865
832 125
317 595
399 442
890 989
188 195
799 839
603 578
569 805
977 427
91 156
532 739
678 391
512 73
883 757
294 747
957 723
342 879
628 108
1000 874
385 970
238 850
572 6
65 59
70 336
40 882
979 770
742 753
50 476
985 561
996 632
169 463
400 124
826 34
203 662
392 303
525 690
161 633
282 269
782 266
440 275
21 72
904 871
687 698
382 100
896 360
553 279
1000 740
752 471
945 866
207 639
946 144
471 534
774 198
208 660
583 295
369 440
171 816
17 412
69 21
588 930
992 115
569 114
726 167
484 14
582 682
354 382
762 782
201 959
949 164
125 106
523 192
243 135
493 362
915 54
458 157
783 768
700 920
608 135
358 781
358 978
255 875
117 380
609 617
805 628
136 508
20 241
442 348
258 208
421 871
699 952
885 540
519 49
863 65
922 639
557 831
796 587
755 233
579 55
448 146
597 117
289 303
499 587
392 765
401 586
869 796
972 153
865 112
1000 808
848 794
895 814
130 409
342 888
967 838
64 820
364 715
193 948
753 5
461 444
73 183
623 974
339 216
391 238
229 237
570 284
673 151
863 109
703 113
927 876
91 503
612 648
828 349
636 39
746 593
238 128
840 230
324 400
58 690
704 907
949 649
502 352
938 770
151 925
480 478
848 612
420 624
615 555
630 659
223 96
714 736
333 284
247 545
719 552
897 152
949 794
334 399
729 629
160 315
217 892
34 635
555 105
513 638
615 133
257 441
993 720
86 55
449 721
437 359
749 415
241 408
730 2
745 902
984 617
883 750
659 61
884 799
457 879
97 293
134 391
619 901
26 33
314 242
189 681
281 915
239 608
894 609
194 286
772 446
686 519
1 770
770 98
308 492
345 363
550 358
924 611
320 247
999 190
401 626
782 461
917 474
99 826
186 935
525 249
683 60
74 704
198 728
598 510
727 12
520 856
662 64
247 111
817 651
99 764
163 508
170 413
723 482
272 444
22 161
421 577
441 788
460 527
277 583
116 117
552 69
80 832
42 605
874 894
806 799
732 703
608 884
479 310
919 731
147 925
329 61
775 543
424 804
292 766
666 966
620 47
265 220
750 63
717 452
214 51
732 664
595 396
95 745
150 815
278 809
75 963
824 581
212 1
461 773
634 578
723 548
809 209
455 427
180 329
614 157
774 779
316 479
191 73
548 405
833 58
970 97
736 917
871 360
727 957
515 552
540 630
485 746
160 374
438 536
914 571
732 518
97 733
62 550
844 719
504 16
786 836
505 507
218 635
745 4
339 169
865 479
314 194
826 882
245 236
64 703
122 127
426 178
794 381
412 600
788 600
915 226
353 357
769 650
561 475
673 292
771 122
772 230
242 619
382 850
410 187
754 530
456 82
566 985
98 831
105 639
781 843
616 480
333 369
103 130
187 175
154 719
679 445
695 169
174 905
876 216
561 311
3 272
566 81
631 560
115 901
897 672
253 402
138 93
723 662
960 778
120 176
734 990
148 552
513 527
944 890
918 537
186 237
215 945
399 566
928 619
117 224
70 115
389 949
459 378
794 124
721 244
519 178
814 102
228 871
370 664
404 711
583 793
153 146
883 297
400 173
660 914
812 124
61 103
314 601
658 305
732 121
201 650
63 907
715 229
901 42
81 197
467 854
540 327
642 219
74 602
598 288
971 571
638 841
125 43
878 94
190 184
992 267
71 657
400 782
233 517
14 645
643 682
702 949
47 280
255 99
722 682
470 840
327 174
223 20
93 680
241 216
720 503
652 319
779 803
492 563
851 226
990 613
55 126
252 545
709 177
438 59
11 964
658 737
362 616
871 75
647 992
57 990
328 706
184 408
969 922
377 149
29 226
487 876
196 710
452 185
787 419
210 987
145 131
921 937
359 313
875 672
959 328
6 487
318 319
418 99
452 901
976 643
547 928
51 528
918 496
22 789
94 799
441 265
187 940
402 709
436 974
191 113
594 906
828 569
450 584
204 337
29 72
365 993
820 758
876 29
461 238
289 991
298 72
947 234
653 864
28 192
21 561
612 287
551 422
825 157
771 625
816 609
411 626
58 294
674 529
337 48
172 338
262 872
473 732
914 507
704 12
327 671
167 761
95 912
784 980
168 525
794 69
636 591
470 612
339 402
463 982
847 334
660 740
695 998
287 502
891 94
653 461
333 64
409 941
789 79
891 691
855 111
724 27
490 689
311 905
191 19
838 881
208 673
275 348
240 446
48 655
992 879
343 646
572 797
177 658
896 64
87 47
199 767
281 107
52 736
280 518
918 340
168 201
125 318
287 963
200 646
760 506
794 155
920 542
445 713
584 40
213 554
236 458
957 321
722 311
698 682
125 968
476 463
164 887
103 101
478 259
187 212
952 368
196 30
957 659
507 817
797 490
53 684
391 606
128 187
155 134
25 427
404 975
636 296
224 81
597 17
412 652
223 858
416 491
621 158
187 309
775 97
845 683
42 821
179 125
396 90
466 994
8 357
280 70
423 266
545 452
723 175
677 33
597 935
764 256
434 480
148 808
755 22
676 958
144 585
321 703
144 599
184 657
291 342
994 95
127 571
317 86
233 65
682 568
485 4
983 843
792 738
206 757
573 371
2 810
806 135
521 498
594 884
79 128
201 541
303 145
860 456
930 554
129 230
779 456
552 264
90 207
189 124
617 787
879 393
735 411
145 218
182 568
229 460
657 481
211 493
224 830
970 853
459 146
38 496
449 315
775 371
907 690
946 514
208 527
990 633
12 181
78 625
999 806
492 981
338 300
633 24
566 475
73 897
493 255
188 56
784 631
694 580
844 87
754 637
160 879
689 195
773 445
527 583
20 742
738 394
291 760
50 591
734 199
450 906
99 360
772 478
829 12
930 419
403 984
330 267
485 177
630 437
968 82
830 249
602 819
424 345
267 964
499 561
191 537
26 813
645 212
903 25
253 747
556 164
354 991
918 727
168 114
494 556
607 553
601 881
278 959
816 811
73 536
196 929
827 318
67 24
218 978
306 610
576 714
587 633
693 517
537 460
90 454
934 610
161 46
788 528
617 824
586 655
285 495
829 335
763 693
163 396
382 688
1 210
589 286
8 273
86 785
962 594
124 654
721 166
814 929
101 227
784 404
227 392
232 405
49 650
10 919
706 906
621 20
469 764
3 361
262 491
525 304
703 48
97 316
880 225
883 518
638 157
511 141
550 447
804 778
692 500
923 39
742 377
88 82
111 158
171 307
145 891
128 544
666 561
353 695
283 385
777 497
505 956
592 894
497 203
946 125
765 155
530 602
454 902
925 745
43 692
741 66
344 687
988 643
883 145
959 21
266 362
584 899
945 982
1 806
813 207
194 201
497 958
609 624
53 731
124 467
501 909
940 508
457 436
218 491
183 992
327 67
969 757
535 376
706 443
878 684
728 465
245 659
277 220
462 492
356 956
17 402
383 688
457 14
437 491
25 351
863 946
983 657
312 633
436 60
524 916
282 630
32 166
459 671
390 931
234 435
644 404
556 124
636 591
354 899
593 313
422 686
718 516
641 149
573 90
838 856
350 201
642 492
724 657
97 24
840 480
410 481
374 693
234 820
589 602
576 964
881 784
744 77
411 473
897 491
149 554
874 656
834 779
513 321
80 638
755 24
269 890
510 754
971 496
667 744
368 163
876 711
25 213
354 118
877 272
673 707
730 17
193 641
94 249
183 687
260 508
838 80
565 980
465 889
883 800
218 953
660 194
451 291
196 707
459 138
394 699
799 36
148 247
918 506
684 415
777 741
506 77
773 183
411 22
623 268
559 459
735 332
532 198
527 64
663 554
550 212
175 208
156 981
242 303
995 962
79 442
127 420
636 200
132 3
919 62
948 206
70 285
645 694
536 815
16 688
973 157
31 626
473 285
28 453
858 138
382 425
692 58
725 645
588 843
868 279
309 479
547 22
158 438
950 659
288 850
659 148
554 981
351 755
233 895
644 391
525 500
118 713
923 352
250 342
228 214
961 996
579 23
71 487
174 557
229 225
30 551
353 422
312 439
788 871
84 958
356 59
743 993
578 648
735 906
816 771
374 516
697 481
566 159
615 808
902 23
329 562
218 683
599 25
450 451
697 725
36 654
836 16
92 255
523 226
974 577
920 42
669 835
407 363
713 383
154 10
55 581
486 228
117 60
254 616
59 973
227 733
751 356
602 468
668 220
467 911
114 757
354 424
389 80
855 809
982 133
344 289
547 533
99 645
738 169
320 607
506 368
97 135
818 734
931 634
777 346
858 815
338 544
559 609
930 315
749 392
9 88
831 489
592 777
650 71
727 644
267 349
375 412
111 241
638 776
501 1
432 344
712 648
516 968
754 615
393 76
623 147
418 17
789 741
253 816
717 113
477 420
796 753
772 931
636 982
436 465
316 281
840 244
999 800
358 643
371 280
299 884
780 254
270 782
118 112
644 978
61 264
344 221
573 436
945 152
190 501
684 170
170 974
121 137
160 163
229 110
847 505
572 224
144 182
958 985
415 16
222 618
430 13
409 838
394 546
205 75
101 80
366 873
99 206
187 332
197 711
929 458
707 274
314 825
890 812
279 343
238 835
881 103
958 700
325 350
950 204
668 599
508 689
631 91
3 633
832 254
204 536
941 473
838 277
312 955
706 88
897 381
965 697
120 639
753 915
542 357
913 522
261 457
520 753
333 399
712 317
113 459
913 878
163 87
761 386
694 697
367 618
477 994
679 213
279 269
735 660
359 102
109 862
614 36
908 217
599 355
947 668
529 278
376 745
441 442
556 428
625 209
534 834
102 164
955 888
577 737
56 678
702 287
11 991
925 4
301 10
180 445
118 650
228 596
46 864
405 8
831 115
43 590
775 460
517 870
361 846
252 699
433 727
388 984
205 54
23 470
531 963
712 440
353 245
767 442
192 376
525 846
592 595
616 192
287 490
792 690
163 447
157 110
127 198
83 706
311 876
255 917
297 406
673 175
758 608
340 690
515 535
14 194
238 821
543 283
635 604
440 308
94 891
71 662
146 683
76 485
129 411
876 843
863 706
283 108
636 197
433 89
499 186
134 499
1 38
527 773
695 907
976 784
947 353
364 941
151 40
865 11
48 59
266 414
443 968
512 166
674 301
312 943
286 644
111 779
640 680
953 171
384 398
913 657
586 483
325 73
783 86
503 775
488 561
881 768
489 437
240 59
740 916
325 532
397 231
674 912
361 544
94 481
571 248
887 117
960 428
824 542
39 105
112 298
519 333
703 334
696 117
796 20
161 932
849 770
650 48
441 878
690 59
355 61
177 158
458 579
550 635
429 148
127 636
632 996
174 709
1000 643
181 916
433 160
856 11
628 951
55 272
397 230
186 805
514 697
575 835
820 580
974 206
587 977
789 886
903 303
175 269
902 83
113 646
750 395
517 528
866 643
246 332
411 565
88 953
662 550
941 208
615 367
454 293
670 57
884 862
173 975
756 835
940 115
305 215
474 983
139 920
21 835
955 653
601 975
748 881
472 164
455 368
207 788
568 874
409 926
259 776
115 745
986 563
140 532
967 948
134 897
731 500
1000 218
91 837
390 181
294 519
168 240
403 107
380 979
719 407
355 115
626 856
29 691
29 787
315 842
943 201
377 553
658 744
724 682
512 594
112 962
240 131
820 341
454 93
466 27
938 911
868 705
108 13
873 912
460 184
763 830
546 146
915 187
208 892
979 340
625 849
961 283
485 52
618 254
86 388
901 843
881 113
194 285
853 117
684 835
893 304
118 20
591 344
639 57
248 126
976 803
957 858
858 335
482 20
332 373
176 269
705 62
938 914
940 285
286 897
239 803
902 511
530 469
8 308
49 993
514 447
373 727
137 730
326 2
775 397
633 597
935 11
965 310
587 348
915 449
504 671
959 80
677 415
382 439
126 327
717 316
329 292
990 888
994 257
539 342
328 742
810 884
221 262
702 327
649 911
416 603
402 129
499 968
319 771
557 409
292 79
146 668
718 289
129 858
307 524
485 778
476 867
570 767
257 221
60 877
829 791
950 98
696 826
458 181
122 562
155 869
495 44
416 467
934 44
577 498
886 701
96 103
43 483
927 854
652 339
654 686
404 70
332 121
942 603
256 292
32 225
995 9
262 377
761 225
127 1000
224 792
374 832
198 105
568 13
179 548
97 385
442 659
113 479
468 484
525 2
103 527
248 461
351 977
822 571
118 514
666 293
340 792
170 44
824 640
463 144
118 992
561 855
881 695
503 859
698 603
459 729
329 269
404 114
534 325
416 757
737 770
763 921
671 216
504 742
148 859
32 63
989 140
696 563
998 620
185 488
813 45
93 500
988 280
46 731
548 72
692 854
752 440
843 902
260 338
293 101
192 414
383 773
405 135
967 84
204 671
835 366
184 692
38 806
760 451
667 465
184 226
3 190
131 701
936 798
722 440
15 472
882 224
70 847
871 320
740 233
190 93
741 783
401 689
464 203
891 79
899 667
928 94
73 326
737 142
331 727
919 340
886 748
217 14
357 36
775 444
869 998
326 231
869 84
405 458
602 944
705 344
593 491
280 649
408 82
397 495
600 164
985 98
607 951
277 712
255 772
408 808
547 34
68 992
999 656
958 136
959 714
792 63
972 39
337 445
312 359
412 190
518 966
305 344
795 935
944 244
927 99
41 962
130 97
611 397
219 972
361 112
490 476
197 898
90 750
694 819
494 201
593 643
510 17
411 618
271 388
17 167
363 143
955 843
3 120
878 47
92 397
497 882
800 462
535 715
781 81
254 590
839 946
109 566
985 951
787 533
751 70
218 853
241 790
53 209
546 815
966 278
832 712
459 483
819 218
349 497
445 493
489 966
173 256
208 94
369 225
291 25
249 662
554 621
340 771
194 495
599 151
317 283
337 425
451 382
209 819
826 148
753 326
221 849
195 991
406 235
281 96
404 400
54 156
210 364
989 244
36 142
577 809
659 239
794 11
664 565
447 351
415 204
970 366
482 204
519 334
489 519
999 218
380 158
925 640
144 529
487 548
399 210
856 94
901 859
558 658
81 411
363 55
313 862
923 677
989 883
80 668
74 743
537 316
233 945
295 828
932 48
106 839
419 629
999 628
579 475
99 529
486 251
552 147
88 30
867 864
181 682
594 243
264 291
251 449
48 741
7 566
649 61
770 681
661 616
5 407
374 463
225 543
57 125
152 605
334 57
370 191
371 668
937 156
973 114
638 483
611 171
914 591
355 110
260 544
143 17
575 224
647 172
526 673
754 506
464 949
360 64
298 118
866 626
164 821
339 709
419 825
470 700
188 906
153 872
989 432
684 133
892 499
375 972
878 331
709 572
633 607
629 318
297 671
7 299
34 915
370 955
650 164
573 94
585 406
503 172
649 683
172 573
49 88
528 596
676 343
161 559
282 415
905 653
397 905
721 558
890 883
328 144
994 925
407 559
711 489
3 154
455 617
34 994
415 367
747 773
822 368
553 458
855 858
545 395
394 200
869 231
298 814
818 588
173 620
498 843
145 693
158 624
4 169
36 373
526 460
599 933
487 595
727 52
453 756
192 578
61 108
971 734
153 363
472 526
631 907
160 33
636 773
608 891
716 811
889 130
5 638
996 807
475 911
59 57
647 18
273 616
941 745
993 844
708 12
274 316
170 199
367 333
870 104
838 874
984 250
310 954
81 119
318 546
866 679
417 394
243 754
138 242
350 881
260 670
430 668
236 33
556 753
823 820
295 296
298 508
35 646
120 803
600 594
79 755
874 762
706 362
375 24
46 586
856 316
857 526
8 799
304 368
785 952
166 624
902 924
941 35
302 14
488 852
296 786
254 717
821 328
956 929
248 228
553 42
23 178
809 777
960 599
531 424
375 160
999 146
535 679
626 390
181 223
997 895
421 83
193 465
374 668
616 130
429 348
341 533
224 638
5 555
790 634
78 35
346 551
857 101
653 443
218 543
5 502
853 889
581 701
410 672
733 834
814 352
882 900
707 517
227 430
560 645
122 178
353 822
730 945
209 43
175 876
220 547
148 757
244 666
513 178
985 781
197 42
240 676
908 422
598 850
919 515
166 901
142 396
918 358
529 198
319 983
273 987
771 634
713 339
598 670
895 93
72 24
468 33
1 972
564 25
74 944
698 268
353 522
471 400
340 232
855 305
117 534
643 631
71 52
647 771
394 135
892 146
780 96
23 339
543 353
688 979
294 390
802 198
593 192
192 719
254 567
165 991
520 764
622 672
917 550
292 358
886 529
310 235
348 984
634 399
333 100
488 999
573 319
593 622
998 79
485 334
831 92
481 817
431 568
791 223
572 663
786 133
801 23
810 562
858 349
460 192
811 568
540 60
661 510
685 220
317 192
544 722
548 111
460 135
673 808
487 967
137 756
401 637
293 863
518 44
112 704
449 72
835 915
531 448
762 622
700 231
161 599
342 958
246 665
349 985
244 720
330 187
589 213
236 349
779 152
409 17
291 524
119 914
121 266
379 218
285 982
894 421
277 677
170 640
128 574
696 767
245 907
297 90
601 738
554 514
95 38
127 78
877 856
314 70
948 48
218 150
623 904
571 676
682 351
441 270
497 681
738 286
813 447
177 820
737 432
376 113
423 271
401 41
400 335
45 982
831 896
512 45
712 866
859 286
738 526
444 236
998 904
536 198
466 837
749 502
471 147
452 800
350 486
357 193
155 358
455 996
513 756
995 319
935 50
254 325
396 154
797 505
704 466
972 939
255 431
359 679
225 981
697 373
974 899
868 787
598 789
243 514
963 489
103 430
513 691
988 690
479 233
5 430
666 823
966 965
80 270
623 817
182 339
192 478
684 621
676 118
102 764
282 442
197 937
657 220
844 782
40 869
483 956
385 606
233 591
438 566
46 83
196 677
239 742
794 566
968 545
891 476
956 476
807 964
124 254
292 935
259 722
106 377
804 966
151 585
742 189
577 218
122 409
370 698
293 821
468 517
934 486
151 96
494 967
268 594
687 20
37 228
408 778
839 615
951 188
795 633
938 467
445 161
226 304
738 366
257 654
493 328
120 994
337 918
967 629
303 426
702 73
93 344
212 862
301 577
886 476
938 833
685 262
424 414
823 594
668 454
132 538
255 463
103 914
512 748
710 422
731 421
310 805
678 285
292 42
925 620
159 323
257 633
29 391
212 87
794 546
615 204
599 123
609 176
718 834
886 347
473 350
940 545
719 597
317 872
211 167
103 787
863 795
891 297
873 957
511 887
740 556
61 300
601 225
245 62
468 338
456 652
347 304
461 827
558 737
47 653
935 760
553 884
289 577
336 721
988 901
328 103
105 828
817 529
871 561
76 91
917 695
505 119
693 499
352 454
437 347
225 114
730 539
700 16
771 972
805 236
436 245
768 12
513 950
266 524
544 583
757 109
423 115
397 269
1000 936
513 719
911 510
19 550
694 263
93 577
659 436
238 133
576 134
672 173
404 766
241 450
737 76
170 335
795 595
235 421
581 385
276 543
420 488
697 795
760 931
779 111
872 815
833 44
824 684
710 114
116 471
842 120
972 740
94 875
736 596
773 953
93 960
783 557
952 577
309 456
133 684
307 800
331 382
385 987
102 703
819 164
12 668
503 146
558 571
871 796
275 617
91 352
867 809
605 830
978 275
40 740
425 996
629 75
401 127
184 631
949 473
841 989
125 244
155 553
377 956
507 505
354 875
247 159
287 830
204 43
373 369
983 490
16 50
604 453
378 664
256 206
790 530
883 390
779 159
444 382
253 259
565 279
146 266
556 153
287 904
125 66
463 428
841 727
53 372
829 572
833 213
713 725
101 164
436 960
757 343
419 377
360 805
407 958
838 950
358 127
67 106
465 314
716 206
909 793
827 479
636 695
362 450
242 34
866 946
293 862
160 600
249 662
735 524
415 700
376 329
173 840
961 282
154 260
348 23
150 151
993 364
750 802
925 805
861 206
605 850
967 396
490 804
560 733
347 576
151 555
104 716
481 837
622 147
309 820
9 668
882 646
183 700
272 781
664 442
553 966
481 500
127 723
517 947
103 384
566 284
675 379
312 691
879 146
361 304
638 839
462 518
851 423
88 148
483 665
32 12
868 303
29 589
975 68
843 447
30 209
61 160
677 211
520 138
342 301
266 929
112 365
240 328
159 292
85 338
278 376
301 520
575 5
890 376
826 573
622 764
734 944
228 541
282 987
887 102
447 520
872 529
195 155
715 206
834 483
242 800
309 312
339 447
446 382
605 558
122 670
645 340
842 806
107 311
926 524
691 943
540 270
19 833
55 712
110 205
902 777
49 535
588 171
538 949
675 491
544 875
255 856
69 54
934 702
493 366
732 959
375 991
827 178
186 461
700 24
786 318
429 568
284 59
118 349
972 111
691 848
543 659
46 167
266 491
870 620
963 496
289 375
897 93
418 298
398 904
458 556
720 943
237 356
584 297
742 367
13 515
293 292
540 290
699 289
997 322
689 204
595 81
623 720
993 779
439 890
204 510
184 827
305 703
925 880
923 723
887 595
23 618
779 752
702 9
950 345
513 815
965 586
433 122
277 935
2 349
558 952
273 123
413 465
951 512
392 122
306 459
612 616
272 413
478 610
141 649
567 193
453 961
759 252
586 958
191 877
628 345
65 499
128 744
69 136
373 858
523 303
825 377
150 183
305 896
151 800
249 884
243 813
344 971
939 310
104 24
402 220
239 255
63 480
959 21
894 546
444 127
902 28
789 940
966 941
569 580
992 517
319 376
254 446
47 421
648 188
4 396
315 511
184 652
826 500
503 255
666 570
801 321
630 420
956 914
937 575
200 947
376 796
132 175
790 63
434 31
37 682
740 437
353 507
20 648
433 448
838 359
193 660
879 715
804 154
215 640
86 228
827 737
466 974
923 958
635 725
642 162
500 447
250 721
824 61
810 843
913 457
414 547
277 547
475 340
269 860
212 45
997 373
115 975
380 19
431 513
257 755
270 298
422 514
173 586
832 380
968 652
666 313
531 591
690 561
809 701
387 344
515 754
441 336
219 773
379 184
324 142
779 646
697 434
181 830
98 530
312 807
713 379
294 990
535 981
761 554
906 290
498 643
534 791
944 935
612 451
789 62
705 547
314 983
159 653
646 444
17 307
435 703
248 510
714 535
311 616
878 290
335 208
977 79
220 102
590 21
219 488
179 978
225 314
153 815
559 54
90 759
597 48
388 572
980 105
595 741
699 250
452 107
361 178
1000 965
594 619
482 516
608 556
584 4
256 74
955 988
488 955
605 847
213 623
990 557
828 557
173 747
513 688
324 279
984 880
490 472
498 662
356 270
872 675
109 945
224 447
772 615
177 196
745 645
853 67
882 740
168 853
663 103
326 763
687 821
725 200
917 662
279 372
208 220
594 530
644 422
18 593
630 750
5 572
591 353
141 150
648 91
175 744
475 469
21 480
225 87
790 251
848 963
618 523
75 570
453 624
922 75
550 637
268 828
914 451
538 511
192 390
257 115
821 740
500 866
878 68
598 519
751 601
262 867
563 243
203 455
529 504
14 920
999 834
409 793
410 899
390 244
805 717
890 985
770 328
301 468
810 314
334 36
855 488
792 602
553 851
331 233
612 776
177 220
314 271
612 999
42 74
343 976
558 371
745 167
479 867
737 780
802 774
672 325
684 249
623 340
114 476
952 609
770 748
769 427
828 873
141 695
14 820
655 283
135 717
687 964
199 487
663 116
504 749
807 194
604 919
323 21
913 405
302 801
954 787
787 440
616 486
507 795
503 83
56 394
153 773
305 312
631 171
112 342
639 770
823 176
205 996
620 469
464 286
863 775
17 331
663 995
404 354
964 189
347 655
439 196
205 198
596 132
68 18
978 216
230 532
33 260
549 70
885 466
744 100
310 785
380 757
409 98
390 229
939 553
899 29
804 988
378 841
141 16
234 334
873 438
721 860
867 141
502 814
637 977
753 169
404 781
671 806
28 726
421 687
432 866
115 709
300 158
336 570
858 503
4 480
243 798
264 158
966 996
963 831
763 659
326 105
359 491
266 811
658 761
301 766
932 27
313 378
645 654
939 689
490 212
668 332
256 933
386 330
516 232
368 261
110 361
241 625
322 964
562 833
348 111
517 671
293 136
622 564
562 682
610 773
941 397
176 738
552 904
372 213
475 441
463 294
802 798
311 949
410 402
917 476
625 988
498 249
89 18
464 119
698 906
887 988
244 986
335 818
986 462
728 581
538 310
970 844
35 347
86 52
331 240
191 34
926 380
259 813
331 749
265 977
930 269
75 573
495 474
805 785
93 383
544 80
144 771
395 835
445 400
367 177
789 437
855 977
912 581
651 915
750 378
161 308
904 105
316 361
185 850
649 68
179 425
452 384
539 433
226 586
970 293
676 436
221 15
467 601
223 147
134 810
7 120
25 818
656 980
809 956
885 546
283 129
209 505
486 636
975 504
564 71
339 418
597 822
986 655
10 289
232 920
210 631
145 964
112 877
932 235
820 790
118 965
257 852
92 355
243 556
573 804
922 541
369 606
605 200
2 609
670 71
787 530
92 996
686 448
987 217
310 532
64 452
233 53
213 1
334 699
374 319
521 738
855 411
536 28
29 289
244 659
944 269
414 841
584 38
538 954
31 174
395 1000
430 815
91 8
341 902
234 633
595 493
476 203
677 311
923 304
71 114
948 611
759 382
413 576
103 619
893 971
372 464
764 635
914 632
872 255
552 891
351 553
927 986
46 484
451 758
121 84
78 663
101 173
193 16
613 777
50 438
416 359
801 214
254 264
608 570
943 713
95 134
58 592
654 311
63 335
901 343
420 858
800 705
835 767
438 754
662 986
123 954
433 801
171 815
197 230
22 668
805 666
471 293
915 958
699 336
81 19
810 951
452 512
405 641
63 953
913 444
149 364
15 946
584 906
784 400
418 885
725 876
891 657
824 714
489 474
827 302
681 107
335 84
970 499
700 312
350 192
249 621
484 173
483 967
226 260
775 222
196 818
107 771
438 661
773 934
164 632
601 426
148 240
858 231
325 582
955 394
451 224
141 587
236 534
79 332
34 869
388 355
662 307
100 281
666 547
572 647
983 726
967 635
106 481
212 423
551 17
482 796
571 29
224 499
210 234
106 609
53 946
913 510
310 925
624 503
527 368
508 782
311 509
779 86
305 987
219 496
775 197
113 457
409 562
76 234
960 185
281 165
442 128
922 257
519 742
689 951
661 37
22 18
670 216
514 546
433 686
388 770
173 436
683 339
59 348
643 200
248 905
979 741
607 185
93 776
706 342
213 542
191 58
224 448
537 951
315 200
245 583
31 749
389 28
741 455
695 660
599 588
647 399
690 975
76 410
818 825
345 433
864 510
530 268
415 503
200 694
82 209
564 858
758 736
649 287
980 542
296 9
253 14
282 500
66 113
160 231
321 268
662 314
930 144
446 459
203 184
950 694
307 852
151 268
857 519
905 94
979 530
906 441
340 150
175 339
708 323
277 579
334 322
682 180
258 193
407 331
627 164
835 985
213 934
992 529
547 749
526 385
698 549
392 594
976 365
464 516
518 961
680 135
776 438
595 807
638 287
212 774
500 236
432 667
420 60
921 264
186 729
533 627
415 261
727 763
516 460
899 21
584 518
363 531
138 363
730 199
161 600
827 309
151 681
543 992
974 395
598 683
82 983
978 917
810 821
660 810
61 658
816 410
464 376
334 226
442 959
24 741
770 874
550 665
612 771
337 963
693 740
769 242
237 728
208 409
333 704
344 924
796 655
820 281
97 125
299 180
574 437
510 468
381 16
838 669
794 384
934 921
648 815
683 48
430 854
574 280
48 389
571 613
707 998
832 574
577 328
829 198
735 350
946 494
880 897
25 930
552 104
43 731
375 784
945 488
357 841
341 533
743 605
794 167
748 957
310 419
631 229
785 503
217 715
550 931
571 279
864 353
377 328
351 67
834 460
59 745
605 900
33 751
565 627
849 767
543 899
805 644
301 870
582 15
19 773
452 415
679 585
388 199
498 238
958 197
186 110
915 919
552 165
6 238
147 345
590 520
279 600
840 199
740 534
486 860
137 671
977 740
149 821
697 12
153 398
754 602
956 889
390 952
797 569
800 963
288 569
457 677
708 904
908 853
973 219
708 947
392 960
712 86
357 991
792 852
179 759
800 746
779 959
696 956
655 666
64 632
427 32
682 853
126 490
389 624
642 312
29 752
80 62
644 213
595 574
566 264
437 441
396 964
804 736
137 606
117 397
262 619
773 324
442 595
727 325
163 249
969 289
964 793
797 743
450 584
367 539
796 74
477 106
350 330
446 725
930 412
918 539
377 514
785 608
723 854
157 619
87 99
479 41
252 889
652 783
402 982
360 907
692 600
790 247
635 458
334 769
358 478
787 843
480 509
375 957
159 864
351 165
142 509
919 385
528 736
704 611
801 806
857 748
932 543
554 803
647 533
915 25
178 231
713 527
223 599
870 184
706 207
553 985
823 839
91 598
942 959
811 968
997 869
335 155
329 182
890 857
605 441
610 450
873 371
113 435
241 390
416 68
598 287
592 634
838 538
50 438
851 525
810 852
177 109
133 785
810 725
732 121
847 134
59 24
25 309
253 436
121 921
513 115
151 695
162 782
466 961
715 857
271 27
690 68
8 247
459 169
59 294
226 903
86 211
661 210
261 505
324 717
292 36
914 556
997 561
466 334
582 164
247 105
281 42
578 177
709 428
16 566
28 869
457 244
812 932
715 655
157 175
424 759
570 695
670 642
478 922
802 284
76 343
962 370
79 137
125 629
1000 78
224 617
966 453
543 312
984 809
408 827
824 729
255 348
675 149
989 676
694 666
566 46
832 336
281 652
967 359
566 325
652 246
381 850
286 271
883 487
676 1000
393 664
641 228
548 837
752 760
483 233
895 952
240 618
445 698
523 427
954 737
552 978
269 410
919 363
979 340
123 987
437 975
22 497
90 703
428 307
701 935
408 800
720 501
425 819
265 385
512 320
998 66
307 292
52 978
822 925
690 857
249 91
894 248
32 873
217 6
32 535
590 252
167 488
483 877
59 230
136 38
80 846
552 656
882 444
708 925
832 491
264 404
897 559
53 259
680 932
959 991
30 916
100 901
786 894
234 17
208 843
368 224
685 920
158 725
233 170
888 609
448 84
766 595
135 621
77 803
234 202
549 755
841 583
3 78
298 823
42 959
826 962
924 355
905 778
96 7
530 363
463 801
45 457
267 162
263 27
90 625
585 42
754 484
804 373
496 157
468 840
556 779
415 181
915 87
3 658
290 529
838 121
52 271
835 954
566 904
270 528
380 40
340 399
404 890
580 610
50 677
96 350
440 670
839 141
28 878
335 405
3 74
836 294
913 441
455 749
823 555
300 494
949 759
148 351
50 351
940 370
13 393
393 385
15 732
497 213
710 97
265 176
640 554
164 20
705 959
499 167
757 414
610 541
141 629
982 764
161 976
482 732
810 475
174 62
372 934
8 80
305 612
582 767
123 654
843 90
599 250
351 810
897 392
522 303
704 668
57 114
193 929
782 514
57 537
480 216
396 21
407 84
707 965
515 981
897 431
740 778
248 584
418 612
459 719
43 625
364 811
168 108
551 27
58 304
221 415
844 73
119 224
727 214
214 265
743 667
696 755
75 629
628 618
763 245
643 425
540 81
335 636
450 674
284 803
836 354
537 828
17 475
291 477
703 98
940 825
837 948
735 54
306 946
918 490
303 50
573 951
991 700
366 223
311 472
201 69
968 648
970 45
848 419
70 879
814 394
26 3
798 668
560 973
445 380
236 752
894 138
205 920
298 596
773 402
341 30
902 476
499 870
411 80
366 490
931 433
112 233
160 521
206 529
811 713
845 162
583 220
481 777
342 510
324 501
669 118
49 255
245 898
584 662
51 453
681 810
972 213
251 235
439 109
810 493
576 12
852 684
692 454
280 964
140 796
435 805
312 527
61 401
323 468
29 476
939 112
270 298
270 570
612 205
160 877
555 318
790 983
329 897
524 474
564 682
947 638
674 312
372 669
781 837
201 594
94 9
231 827
707 906
383 378
701 893
880 794
857 404
224 846
840 604
224 802
51 97
954 373
259 751
425 352
223 145
261 155
66 70
800 43
659 388
583 169
108 687
183 921
782 545
509 927
938 565
166 641
72 969
3 931
483 40
293 956
857 566
750 525
274 367
524 172
825 432
128 804
315 143
641 195
975 972
30 512
820 157
154 107
739 399
932 742
979 21
882 372
979 345
688 56
807 775
548 579
275 262
212 156
917 311
433 67
243 141
411 211
101 19
490 766
790 558
854 970
50 891
223 97
874 810
456 933
358 765
978 100
482 803
892 115
299 52
766 146
58 139
921 782
702 916
911 681
487 203
237 949
147 331
115 120
946 378
367 15
264 322
896 70
2 374
604 70
318 788
131 739
77 721
879 122
885 493
398 887
308 679
835 756
762 43
1000 704
910 680
789 128
185 287
726 141
371 613
833 385
743 251
803 240
735 345
234 317
213 137
317 168
747 443
43 827
980 298
729 782
909 662
732 82
743 591
426 218
869 815
415 110
694 61
239 164
359 920
712 233
863 777
345 576
321 534
461 141
500 359
131 941
884 985
260 385
803 703
658 146
435 741
417 197
261 161
328 624
595 103
752 497
368 594
907 356
221 286
462 72
193 716
885 237
163 351
493 892
569 872
739 69
233 668
876 399
160 528
954 657
33 756
580 445
554 994
867 201
140 579
670 268
560 541
684 305
568 813
561 299
37 541
51 575
630 978
787 453
145 983
581 480
446 199
174 973
327 680
782 885
565 470
856 567
347 735
786 46
889 181
201 222
423 683
174 285
533 717
259 999
675 824
223 295
565 487
671 513
264 502
470 506
148 516
108 73
925 240
804 267
490 439
53 295
271 257
318 13
588 301
117 648
587 248
548 399
885 7
157 522
976 869
992 111
269 116
395 104
706 376
870 313
648 377
75 588
103 732
659 331
981 545
772 88
885 646
649 146
559 754
116 673
696 11
506 144
196 288
70 454
968 757
209 338
487 501
594 695
23 640
288 72
538 226
240 64
387 997
248 244
849 778
806 546
727 67
101 517
714 122
447 853
666 686
645 466
872 605
687 735
385 35
282 934
148 80
532 140
107 873
748 81
622 693
768 316
345 598
85 154
793 342
727 332
739 535
505 282
28 596
543 212
804 381
251 52
990 234
863 211
398 99
917 499
315 457
478 130
323 228
764 364
653 222
175 589
541 895
709 880
862 961
857 283
895 356
25 6
883 642
583 711
483 312
846 81
392 888
87 545
121 533
820 993
862 398
59 175
874 335
9 829
107 627
742 725
897 808
864 12
452 7
734 883
987 856
651 186
307 463
997 29
426 536
765 663
126 248
742 353
16 296
526 257
414 137
991 423
474 423
804 788
153 720
924 580
555 330
688 680
254 702
575 118
752 309
207 111
605 324
609 971
546 96
244 321
855 251
129 472
962 325
763 526
913 790
812 542
819 290
8 830
970 156
656 315
543 802
279 414
567 299
614 779
334 982
116 956
856 730
172 344
577 752
101 591
409 9
355 424
597 177
305 337
308 142
785 138
12 753
614 486
181 305
698 277
885 927
174 223
306 829
898 71
478 543
794 997
467 808
134 790
939 918
126 699
419 800
552 931
743 276
896 669
548 591
165 642
148 929
430 891
330 182
582 285
5 726
92 441
637 253
641 697
562 830
213 160
381 870
518 156
754 481
537 881
867 889
615 391
716 180
509 919
952 78
274 707
803 781
35 504
593 488
689 644
397 88
903 724
144 698
981 446
676 994
585 82
6 308
90 779
558 64
544 411
815 519
387 521
622 456
285 906
995 475
453 141
925 721
772 252
284 792
130 579
775 252
355 313
909 13
231 451
834 123
992 630
525 322
747 224
709 480
818 607
22 396
750 37
670 787
44 369
902 546
427 871
210 282
7 49
299 894
237 198
795 86
802 62
475 233
125 712
559 649
750 285
216 397
829 385
913 337
453 917
176 311
120 698
921 280
462 927
152 160
754 498
863 925
261 926
232 799
467 482
325 732
25 396
753 785
334 223
111 101
183 712
113 936
100 553
152 619
744 992
680 993
672 851
120 28
386 986
417 125
138 670
199 946
887 7
668 489
131 337
201 861
909 487
129 36
529 773
222 504
946 346
194 209
341 36
727 997
732 760
532 153
816 223
587 318
831 281
341 277
874 877
757 671
762 631
196 299
957 915
468 649
130 74
410 443
58 487
552 945
179 60
25 910
463 366
422 365
228 126
742 303
989 528
791 741
999 743
640 770
502 303
835 245
219 835
890 246
562 846
863 160
955 251
944 356
909 536
460 706
524 412
349 273
612 227
713 279
225 631
2 696
564 79
814 34
769 630
131 584
198 427
262 309
121 130
164 132
184 752
543 508
47 213
729 49
102 745
291 388
694 215
507 686
574 299
548 983
299 415
689 129
835 218
593 280
311 841
350 877
34 556
785 687
590 334
948 733
781 582
73 39
275 15
8 928
211 516
477 287
14 508
698 249
30 583
37 619
700 257
51 128
846 685
227 794
883 280
175 439
717 126
78 62
865 491
983 167
685 695
146 372
475 828
293 656
771 196
428 849
631 171
528 584
401 934
595 55
687 316
346 839
129 428
925 60
765 556
639 132
467 200
598 32
84 799
706 254
165 457
288 835
778 447
903 103
156 332
687 441
881 92
386 363
717 284
803 480
606 384
654 373
551 204
591 724
107 479
97 56
17 140
886 626
916 459
151 895
29 406
586 629
634 142
726 744
130 605
52 373
315 863
503 649
658 161
950 238
951 369
429 465
171 45
606 473
264 994
614 290
668 370
992 321
312 374
620 239
924 28
86 786
141 714
710 567
356 639
762 907
333 639
693 335
229 117
313 69
703 511
163 437
135 528
822 956
889 12
98 576
767 167
443 239
622 164
486 103
989 135
299 147
687 419
281 399
863 526
424 457
978 499
915 986
827 313
557 483
429 453
735 548
560 608
394 950
443 826
297 165
958 248
556 634
644 50
335 353
646 474
771 848
180 185
425 244
463 801
39 523
50 877
856 433
120 386
122 767
118 831
77 462
229 118
913 434
190 524
410 502
950 210
465 689
830 303
125 348
255 237
516 951
237 309
987 476
490 608
839 187
1 198
475 201
557 980
30 942
349 412
75 554
639 694
79 323
346 534
709 884
267 230
225 430
577 123
427 627
854 419
938 332
610 473
461 623
631 817
307 699
843 704
922 257
634 524
191 953
167 460
558 396
458 233
639 567
352 601
408 569
890 584
221 442
616 494
904 750
427 899
139 756
108 424
149 449
854 722
869 687
314 546
508 875
985 883
654 141
685 478
47 763
834 214
452 324
863 274
312 896
190 563
103 20
457 359
466 606
724 722
212 517
151 874
359 140
630 793
890 243
396 208
435 962
123 346
717 949
799 777
535 165
224 581
235 393
548 560
131 924
441 657
765 868
808 975
385 670
997 469
557 789
929 815
53 340
774 165
147 163
937 573
974 610
176 802
916 301
894 787
289 67
596 837
77 959
788 800
199 667
449 690
877 483
124 936
808 992
52 666
582 284
581 202
947 402
914 202
948 669
825 917
48 367
149 141
844 773
727 645
911 374
203 43
366 63
467 903
931 287
642 510
235 512
711 478
237 649
697 677
507 563
307 177
606 356
306 286
781 350
53 334
118 661
588 904
750 777
334 253
251 954
780 964
57 810
435 399
77 706
587 317
600 214
465 432
623 932
777 776
59 709
438 283
674 321
84 967
489 767
601 109
907 337
778 158
917 375
240 314
504 22
772 113
631 293
938 531
600 553
889 1
977 31
348 735
442 363
499 245
172 442
224 678
120 644
907 19
59 191
697 499
211 478
819 912
483 982
954 905
865 254
437 703
177 776
761 152
310 897
37 204
458 940
442 871
731 569
208 793
264 142
323 261
574 981
493 457
439 869
968 710
687 328
763 353
380 166
333 8
564 666
870 442
263 628
964 213
889 295
26 908
372 118
326 241
139 331
941 975
268 235
805 936
95 627
855 79
33 212
733 279
230 313
298 349
303 392
337 517
622 819
568 560
576 507
593 470
96 548
668 913
537 132
279 819
468 236
753 292
892 127
138 774
771 530
977 289
743 1
114 861
949 737
444 589
412 658
699 625
307 481
904 600
198 529
654 458
804 466
873 445
152 900
700 493
502 478
690 95
155 441
747 658
844 989
749 573
19 69
847 95
939 790
944 976
292 755
824 466
948 561
454 547
840 750
987 855
907 937
668 756
739 992
847 165
638 732
363 803
253 229
13 491
11 541
854 244
565 244
98 124
229 204
782 379
549 875
596 873
324 883
150 553
987 490
969 939
728 954
689 238
296 675
142 589
97 920
315 727
737 251
872 176
981 60
328 524
995 801
996 118
362 944
360 582
161 223
18 401
530 808
677 614
897 456
99 423
254 145
564 957
237 823
724 838
32 836
808 85
763 916
599 647
274 231
524 55
809 217
916 692
621 829
320 585
196 407
867 701
865 87
921 503
916 708
206 475
83 114
70 307
971 555
929 657
152 806
928 609
170 381
724 652
396 543
443 121
698 886
535 315
325 371
963 280
879 120
226 805
370 927
472 390
505 332
635 166
78 24
749 158
471 276
858 782
655 695
528 474
956 159
517 576
121 48
107 171
67 766
111 565
426 896
707 491
647 281
458 977
674 134
328 379
177 689
933 816
701 677
199 696
393 408
348 214
406 960
411 813
224 449
280 835
386 718
393 796
586 304
47 782
889 822
300 689
191 265
523 101
682 793
842 382
909 198
472 644
567 742
216 872
708 402
505 139
428 403
101 847
349 993
801 876
121 480
652 531
123 801
28 73
116 518
588 130
659 735
610 828
38 25
449 753
983 152
378 725
296 777
70 350
345 316
572 37
615 96
485 290
482 457
720 260
578 699
85 757
601 801
923 929
766 185
453 941
478 691
391 85
831 126
964 999
567 334
553 303
977 40
507 341
354 66
923 809
908 862
936 877
406 368
204 832
159 108
340 465
543 498
388 242
547 724
574 399
290 547
850 721
315 970
810 228
829 456
221 388
639 66
603 417
239 668
164 915
385 770
241 108
282 352
512 972
137 612
334 884
866 877
138 942
876 986
343 632
31 357
692 389
617 114
705 135
430 760
825 259
83 817
802 888
742 340
22 70
777 143
901 876
803 360
308 811
265 328
874 954
739 456
603 888
399 72
777 515
109 339
644 871
796 877
126 234
436 279
32 936
590 34
157 168
738 148
309 999
351 7
796 483
916 460
702 844
825 408
633 766
206 295
551 896
685 115
175 830
277 390
907 243
308 151
717 292
940 360
136 279
480 138
664 467
134 449
249 436
355 466
73 675
798 541
888 158
486 451
921 332
982 521
795 507
491 933
582 385
320 74
883 389
183 415
641 492
425 77
133 78
619 675
147 475
776 869
776 65
184 11
941 497
961 382
989 518
788 535
326 157
586 880
482 974
901 957
929 435
355 546
474 473
809 216
941 883
98 666
23 580
529 902
687 477
151 639
597 539
983 502
350 797
177 239
914 69
657 749
315 923
307 974
496 206
209 252
181 64
946 497
408 445
766 542
141 382
821 467
943 473
839 961
974 322
648 243
176 713
94 326
84 958
133 733
553 34
760 762
440 386
285 107
374 391
739 528
145 84
676 963
447 917
630 63
732 673
588 681
295 980
921 623
925 637
823 430
35 845
379 413
315 779
170 939
998 448
816 542
234 796
356 47
784 195
626 214
499 141
604 533
975 725
761 976
655 576
283 768
128 167
108 763
975 337
231 171
888 401
791 63
691 117
124 910
396 442
539 659
298 546
127 388
197 247
306 104
574 722
682 524
416 958
306 213
594 890
811 398
293 491
838 42
974 186
195 286
63 372
575 798
94 83
236 500
172 104
972 863
578 593
395 33
410 668
645 539
267 573
875 468
482 368
218 267
480 800
517 224
777 740
579 823
247 616
654 465
281 370
998 955
626 997
575 262
371 367
794 869
888 170
132 928
124 668
965 704
138 96
957 987
724 50
41 185
855 461
106 740
815 604
79 625
29 812
615 76
897 195
946 552
255 869
149 142
301 666
47 116
373 286
609 98
250 723
660 71
659 11
775 541
271 821
537 336
367 218
622 53
393 414
481 909
233 52
312 341
222 923
184 178
400 885
593 125
598 630
7 353
176 120
873 856
33 440
759 302
888 457
264 97
504 468
623 381
422 925
624 884
534 866
933 243
846 932
92 718
991 649
83 218
777 180
396 103
803 614
571 831
602 625
303 516
87 162
610 864
253 801
112 461
550 54
883 10
987 187
18 506
546 299
402 283
441 965
905 170
784 334
330 88
330 800
560 887
942 56
740 425
652 687
877 67
18 818
434 136
642 338
610 747
921 513
745 897
465 574
652 244
993 397
224 2
517 209
881 352
519 311
959 184
41 601
781 872
466 116
696 582
51 333
349 359
366 657
123 220
608 383
878 988
931 344
805 682
993 364
903 770
241 189
615 817
517 442
445 444
469 879
395 568
988 166
452 890
745 612
586 380
677 768
466 506
290 609
654 742
642 661
251 578
721 52
947 195
149 485
578 96
473 950
800 565
598 856
435 526
392 59
253 985
18 243
59 576
558 223
69 435
357 713
906 593
710 58
353 414
882 147
988 144
446 326
625 800
690 771
831 554
79 136
307 431
586 622
191 68
770 3
37 379
373 19
820 400
942 686
506 113
326 206
246 298
779 6
107 316
189 555
688 816
125 614
70 880
943 97
815 68
653 959
342 111
769 64
158 35
544 316
351 727
774 237
350 453
191 698
302 383
162 937
274 902
156 167
658 262
486 961
866 128
454 821
631 252
76 549
263 499
351 400
302 419
837 300
507 261
453 130
955 114
571 221
94 975
946 70
366 287
916 616
9 407
758 371
355 7
378 877
701 300
759 25
609 247
134 440
541 462
838 314
663 23
665 638
205 540
337 650
211 533
200 144
129 776
248 197
336 664
352 317
777 599
80 209
300 261
803 295
740 443
825 837
185 352
890 3
128 254
346 510
776 118
476 204
603 519
163 62
410 434
811 294
923 635
211 569
288 373
619 265
993 312
802 381
714 774
48 718
442 782
415 748
975 204
58 596
27 272
193 87
935 72
34 565
612 646
270 629
344 811
449 360
89 827
506 503
111 627
851 864
503 969
173 828
370 911
199 957
279 749
20 676
84 680
526 912
71 564
607 596
842 597
631 616
602 951
859 190
576 968
102 505
414 44
26 201
265 618
134 672
873 443
330 884
17 736
322 451
252 741
545 341
388 670
116 13
90 348
680 355
955 450
585 629
370 955
631 564
658 197
150 84
359 284
787 751
203 902
252 653
774 57
483 681
804 868
491 368
637 617
572 614
172 15
450 941
910 719
501 626
600 995
657 177
360 352
567 301
6 171
835 311
795 703
334 397
840 6
699 873
651 155
171 630
177 852
949 221
108 835
570 149
756 805
429 957
432 215
903 98
69 838
710 839
523 350
477 769
586 43
702 783
492 166
648 944
987 977
255 422
224 341
621 42
224 163
34 932
215 451
495 365
337 585
77 150
15 335
409 51
267 958
916 421
548 32
172 50
314 417
883 95
919 277
658 508
323 552
767 522
600 454
99 322
65 584
115 529
791 617
178 376
108 408
290 682
708 493
849 399
647 527
263 631
163 535
183 940
228 506
526 24
721 435
620 478
811 368
803 473
3 770
458 925
407 749
727 457
42 869
558 786
570 555
713 260
843 623
11 824
564 371
829 117
155 344
307 928
724 687
784 619
515 574
175 692
119 480
414 693
489 215
895 533
531 434
742 878
960 847
732 825
576 875
151 897
366 831
777 782
46 771
802 159
622 467
390 86
143 940
262 841
235 196
303 526
130 966
708 556
551 152
182 151
654 577
433 15
796 102
315 9
782 405
54 928
339 336
122 778
536 762
832 873
733 993
646 255
828 466
436 260
400 929
178 60
408 128
695 438
447 483
872 192
605 424
15 361
313 822
581 746
184 114
440 1
564 439
838 262
289 466
233 352
663 298
313 267
41 341
146 882
974 959
943 332
288 347
613 918
524 262
215 927
738 645
465 299
458 593
627 608
881 757
269 996
708 431
932 760
623 736
579 661
815 270
483 741
154 701
902 241
146 588
529 466
136 853
244 876
17 411
454 685
240 861
36 641
840 586
581 551
890 594
380 11
396 905
943 141
849 700
142 97
184 508
826 828
376 456
229 386
942 375
857 765
486 333
180 684
502 521
562 415
246 440
348 620
986 171
775 270
302 575
614 235
118 176
280 963
710 159
747 146
148 103
17 84
15 109
841 576
787 667
337 725
453 730
879 272
399 556
488 814
388 872
354 329
760 655
306 751
503 621
667 430
605 790
311 934
955 546
746 743
88 919
697 889
265 522
274 342
672 162
482 798
626 680
999 752
626 548
812 864
979 228
678 888
172 924
282 749
111 357
836 271
849 684
17 945
890 100
662 899
502 998
333 557
282 309
661 686
320 19
642 724
141 166
607 155
334 913
506 325
9 584
669 486
736 835
255 218
345 370
410 27
908 657
601 898
913 200
147 52
365 841
72 138
891 608
136 232
489 621
566 288
184 338
184 111
927 87
338 992
900 9
765 216
107 330
622 769
159 408
716 527
787 382
373 441
80 402
774 912
803 795
416 265
102 742
897 6
451 924
799 130
236 326
658 66
45 47
388 650
86 110
57 867
481 585
240 322
64 453
859 131
211 287
709 319
631 591
971 577
820 716
464 712
676 613
673 8
556 114
819 512
931 469
567 860
689 201
495 724
917 987
92 668
265 712
26 295
275 426
32 171
571 380
711 71
517 654
637 984
705 774
631 445
568 746
848 693
129 423
559 490
798 674
716 786
744 724
195 250
822 129
928 609
838 6
10 515
72 807
809 599
623 170
629 660
993 469
488 840
891 159
947 439
109 879
633 386
929 906
103 350
630 160
772 624
248 843
760 971
159 642
343 169
670 8
226 539
121 719
617 418
100 230
131 712
537 408
766 42
801 429
197 492
438 277
348 610
74 893
793 427
493 879
625 551
770 372
437 341
311 347
69 493
761 696
996 931
734 557
190 345
856 950
935 105
197 693
730 600
785 827
424 416
604 720
309 100
907 996
692 734
71 349
858 651
666 279
370 807
312 428
991 326
509 827
21 179
227 428
610 907
181 304
892 444
464 367
735 131
934 61
998 191
774 17
320 387
333 411
593 127
785 992
277 889
566 311
735 994
712 980
602 733
301 225
346 66
788 751
808 602
926 6
903 13
11 897
93 585
216 842
846 820
920 745
624 98
629 591
226 7
573 627
707 703
668 96
562 389
398 964
301 129
998 178
153 254
118 566
905 513
84 142
154 949
163 926
917 155
637 761
38 21
32 943
35 527
263 794
974 90
420 517
618 232
228 696
522 127
443 91
340 764
275 991
580 768
78 578
1000 280
70 409
180 150
177 321
404 339
105 174
723 151
880 198
293 733
723 577
77 589
858 45
664 688
535 685
540 250
570 280
541 60
492 961
562 41
562 55
255 702
304 536
236 316
762 605
712 688
617 298
624 573
14 276
994 623
792 412
151 831
905 397
186 983
265 205
353 66
524 847
32 915
773 216
656 33
618 706
644 537
583 90
961 590
151 856
548 285
529 567
91 955
738 675
454 53
375 428
565 442
266 800
726 746
507 399
313 735
619 186
281 57
303 803
819 548
943 173
123 167
197 556
743 762
184 30
31 450
862 23
358 842
574 374
492 444
481 405
39 928
206 354
394 666
686 265
308 102
809 264
522 139
39 159
439 548
505 829
418 732
484 203
412 761
361 350
992 49
584 823
566 381
12 46
622 494
76 949
369 550
117 907
251 218
707 308
601 126
825 36
967 849
91 560
92 28
431 435
376 884
379 542
762 678
479 451
938 960
49 64
674 568
497 482
444 741
49 882
288 195
637 350
870 955
83 195
355 300
492 596
628 772
360 33
622 525
606 814
241 338
148 804
794 537
632 223
736 456
894 811
749 942
990 301
251 725
184 401
999 128
932 101
785 744
316 945
223 290
597 789
982 495
66 369
763 55
605 728
6 780
91 17
629 438
957 339
863 535
783 562
376 660
538 35
984 534
184 913
245 463
971 70
767 397
955 697
929 365
360 598
321 20
145 870
852 97
307 770
831 941
598 241
483 505
881 89
212 317
925 57
32 775
246 460
722 749
310 661
240 250
538 94
261 370
472 204
231 562
135 201
582 314
149 306
849 469
736 864
113 679
276 569
86 601
135 871
569 698
61 107
296 388
228 197
11 965
813 299
724 568
535 94
209 150
306 447
397 467
105 442
952 890
982 449
387 900
313 25
727 197
139 291
161 286
110 377
984 170
851 372
429 609
685 492
90 59
447 494
624 832
370 860
389 793
525 17
852 297
310 206
355 711
935 696
41 765
883 622
648 702
828 762
271 645
793 791
756 124
469 736
434 299
94 551
181 952
663 520
15 966
489 516
946 162
77 439
438 864
939 431
627 738
273 326
264 867
705 990
52 249
892 209
594 555
135 846
41 981
501 212
713 63
280 675
171 65
152 663
51 421
558 351
108 732
928 609
374 433
563 694
743 565
238 38
142 138
638 343
735 391
114 915
105 25
62 432
463 3
117 905
406 749
334 357
348 575
811 702
589 300
232 304
824 814
262 395
619 114
789 313
942 541
98 312
394 815
131 866
110 381
917 534
823 606
519 927
766 106
843 370
426 352
785 36
553 156
775 900
488 873
138 455
458 244
998 692
341 857
829 635
52 508
342 521
176 218
664 924
698 174
710 446
685 81
178 529
418 484
402 615
345 355
201 369
898 190
600 971
443 615
483 587
923 98
280 381
951 670
953 751
728 462
414 856
301 619
683 662
826 423
582 854
82 386
720 989
811 396
36 228
625 880
932 497
860 832
386 111
280 871
28 521
586 967
280 155
797 355
226 862
264 503
544 324
527 244
529 477
181 656
622 782
177 357
852 228
735 502
398 961
291 851
927 140
957 679
147 530
371 254
567 117
952 820
96 902
583 130
415 21
60 63
668 394
569 697
476 965
833 224
457 313
858 877
247 476
751 911
204 586
891 557
452 704
140 893
673 197
581 731
891 813
362 228
652 41
458 232
222 524
282 701
391 444
148 837
688 576
88 31
791 886
289 367
831 790
382 271
621 247
773 377
327 812
375 942
298 226
991 979
191 445
315 203
828 91
429 707
211 197
730 843
520 564
323 758
415 673
462 634
865 753
294 973
660 457
152 433
877 170
525 551
497 551
752 47
99 323
505 976
694 782
519 294
101 396
763 637
218 914
102 414
556 153
47 45
433 640
728 540
20 599
697 276
388 708
429 295
775 6
586 959
122 178
422 29
319 470
526 370
278 840
718 651
594 495
889 351
958 227
760 674
948 546
60 735
303 517
915 167
334 369
688 890
696 842
538 17
597 371
866 758
865 537
621 845
289 583
175 824
115 635
602 851
127 432
604 146
850 751
115 29
934 995
502 645
734 841
585 166
225 92
772 431
859 681
263 399
95 799
604 136
446 342
786 106
151 193
66 27
510 950
514 622
305 958
632 988
147 224
826 363
276 618
595 5
20 354
52 678
826 273
753 486
167 369
144 319
675 523
502 452
957 835
484 344
771 205
297 934
754 505
116 474
715 947
67 167
13 34
912 565
950 408
852 342
138 169
327 935
572 436
750 4
808 273
965 236
920 304
431 262
190 132
935 745
36 248
634 838
718 90
136 776
930 776
624 871
74 866
654 11
718 566
432 592
272 811
988 929
519 493
319 197
943 470
125 619
415 177
262 133
587 450
541 61
299 509
374 214
969 491
706 926
940 481
865 40
917 142
679 755
55 694
953 273
341 383
803 821
341 638
140 721
964 82
739 102
299 53
614 992
446 346
820 261
682 821
734 966
312 732
509 844
41 629
8 734
738 540
438 448
237 696
175 340
784 430
550 504
743 153
435 415
76 41
587 926
536 721
235 474
370 325
462 639
523 218
868 26
548 199
90 6
246 532
172 41
321 752
670 724
389 401
455 608
930 227
27 850
353 489
536 418
264 686
622 797
787 514
920 208
96 55
326 139
524 510
52 476
967 119
907 637
203 845
778 750
871 436
918 600
372 97
522 486
110 274
888 632
339 909
386 40
805 824
117 256
897 280
847 245
150 838
193 710
711 632
403 421
822 827
763 884
675 745
206 280
854 402
837 851
916 365
765 896
222 716
987 462
409 411
443 372
307 889
460 295
263 799
984 605
718 208
162 219
598 551
608 705
194 393
344 462
858 500
111 321
666 831
216 512
878 615
100 849
619 310
847 534
174 108
796 554
729 154
233 545
293 8
383 723
389 958
48 955
792 372
86 435
393 719
297 296
267 390
783 652
236 104
263 175
541 756
731 852
468 248
794 953
108 961
991 333
544 161
818 702
230 247
608 167
418 960
243 227
360 295
669 663
966 301
280 57
121 473
401 631
723 102
918 229
145 559
102 957
95 431
738 899
267 468
564 441
421 630
70 78
761 977
154 498
279 852
181 794
98 236
195 185
600 672
898 664
658 5
771 115
54 37
550 447
228 35
897 725
751 246
27 676
907 260
507 523
351 918
627 928
723 930
859 631
787 220
112 285
166 883
137 606
251 878
283 384
423 127
190 223
431 896
786 160
911 726
253 57
285 656
527 737
632 779
372 450
975 744
671 180
614 580
56 315
499 583
291 731
963 602
215 396
858 933
833 249
221 151
257 580
723 873
302 326
44 758
223 390
505 603
424 383
892 9
749 377
716 369
90 73
95 917
735 387
544 1
408 720
606 561
450 916
385 183
894 349
827 722
263 941
704 263
799 865
672 973
9 230
417 478
882 505
311 913
797 367
93 599
538 450
133 384
707 390
898 60
275 397
647 178
609 160
69 755
524 611
8 569
126 528
21 998
243 986
797 155
940 195
768 791
660 845
191 965
320 733
198 55
339 846
467 350
351 586
985 355
885 294
8 344
81 348
54 238
704 444
136 112
624 826
814 416
824 467
148 490
720 5
429 279
859 624
716 358
569 101
667 967
580 982
996 566
664 802
382 739
154 964
317 230
357 921
574 630
436 211
675 420
512 352
32 549
925 243
609 954
8 622
424 391
959 482
961 415
972 725
711 928
677 348
111 660
359 644
740 311
430 684
550 318
192 572
378 499
639 886
319 926
525 779
932 659
322 521
403 182
160 515
609 984
663 417
648 151
748 279
795 652
951 949
944 538
538 413
778 454
775 586
743 610
426 521
466 700
336 198
707 13
365 511
595 462
901 919
212 485
889 214
733 265
596 37
731 732
105 528
95 672
982 391
821 842
620 209
489 255
179 441
558 303
361 122
790 952
625 436
564 982
22 452
347 520
585 702
116 195
545 805
582 615
818 802
558 131
242 700
321 984
102 968
640 569
373 385
748 698
604 793
152 877
184 267
764 210
586 672
241 981
593 530
213 867
284 780
763 298
8 230
521 101
835 188
208 922
439 580
777 407
538 494
739 648
841 832
903 910
944 635
144 62
189 290
759 120
638 413
365 859
713 725
622 385
581 972
451 169
406 972
181 67
502 851
70 711
812 539
269 467
829 653
488 874
510 1
608 733
392 535
126 712
132 140
375 182
278 841
333 878
208 711
615 312
265 234
683 48
652 416
846 101
715 528
219 695
649 653
490 295
957 391
225 235
327 761
595 304
976 912
956 775
800 118
93 510
518 827
116 358
877 695
23 610
334 711
907 667
529 133
28 989
147 636
400 726
262 292
211 333
694 854
583 402
865 515
972 307
76 945
11 235
150 179
593 108
896 429
657 810
199 643
251 779
846 787
413 663
411 846
818 376
89 779
419 525
555 999
976 496
756 181
189 587
37 347
826 633
660 221
130 432
356 177
796 508
838 640
182 600
982 326
173 85
20 63
93 120
450 258
659 219
662 286
178 658
398 671
657 632
443 573
660 633
841 949
782 174
359 431
989 778
133 922
704 846
570 867
4 877
788 346
865 946
479 957
622 706
961 149
560 460
53 768
235 717
506 777
291 622
847 349
73 570
467 887
997 846
529 276
732 626
376 196
354 748
406 633
113 538
940 260
611 223
209 69
732 877
313 796
351 87
238 48
803 582
411 396
480 396
798 677
744 127
236 763
683 216
422 370
724 763
144 494
573 944
862 153
556 708
429 903
984 983
592 364
50 134
846 880
696 278
616 145
859 139
356 127
280 606
935 152
888 309
617 732
451 6
441 73
970 943
512 630
68 137
190 994
602 341
858 792
107 373
131 645
268 29
931 876
482 25
298 325
171 575
705 180
81 689
267 756
280 62
623 54
211 308
979 109
274 137
490 981
419 267
115 381
160 218
272 703
111 406
307 661
437 474
172 312
362 744
937 746
745 12
32 363
552 466
348 393
399 1
399 71
260 787
27 532
945 246
46 297
851 422
157 373
640 249
421 444
393 238
229 22
571 622
907 880
766 106
809 639
690 53
785 196
733 566
111 726
48 106
747 976
665 718
376 339
378 541
311 87
532 847
125 976
678 928
912 400
881 220
432 349
950 979
708 829
317 410
812 125
278 671
240 191
699 398
122 417
304 744
978 153
821 527
77 245
519 174
428 392
64 392
477 104
979 24
529 600
30 872
982 659
307 811
226 386
970 810
547 677
641 190
734 321
331 418
64 658
969 614
966 219
903 930
543 874
454 595
646 503
665 212
752 369
267 582
602 505
128 627
409 762
165 650
85 604
820 189
201 3
273 93
969 216
717 59
782 581
57 653
835 571
934 43
711 725
848 900
153 554
684 750
334 666
430 882
291 804
889 817
154 965
186 662
5 164
31 492
376 901
110 617
51 223
622 76
407 477
465 359
245 991
425 380
142 793
525 88
141 676
327 955
186 697
779 170
939 426
484 544
852 476
30 718
193 115
60 563
521 594
806 751
352 583
778 82
6 634
705 858
67 239
983 380
250 444
720 820
925 135
81 282
202 77
782 111
790 868
158 355
782 510
362 333
953 321
17 588
247 374
374 930
735 189
137 787
164 687
57 590
92 477
516 756
756 818
23 894
510 695
61 815
785 927
375 323
516 740
787 809
253 451
795 904
230 427
807 93
776 21
511 706
869 115
345 411
144 377
553 393
163 219
971 871
613 187
852 377
119 725
313 377
70 892
479 170
477 972
455 729
976 638
483 444
156 445
521 509
580 161
574 743
768 503
158 728
476 408
391 28
973 415
975 235
952 701
212 108
417 889
635 857
436 730
176 500
250 588
568 926
200 362
2 126
207 510
349 628
788 630
330 149
886 882
910 189
28 12
513 564
98 502
901 579
120 431
620 840
310 163
412 815
17 127
198 404
207 976
65 820
699 502
625 478
20 531
410 90
531 607
876 749
887 81
123 111
585 664
745 35
214 585
281 902
205 275
597 629
318 305
260 584
111 793
809 819
311 339
560 379
765 712
404 263
344 142
810 565
913 394
481 96
183 473
958 477
824 499
9 777
464 693
293 501
519 166
807 655
432 972
188 598
517 663
798 582
111 851
745 616
897 152
252 443
956 794
12 230
378 502
279 536
461 617
624 769
959 145
815 233
348 245
640 762
115 517
208 870
239 358
899 38
691 713
9 898
98 600
590 42
483 520
639 862
314 825
845 627
378 899
927 916
167 660
283 342
682 405
305 588
381 103
76 62
438 994
408 178
469 159
142 830
207 872
535 548
257 237
344 635
579 411
630 174
540 647
641 867
674 326
485 401
535 25
740 36
904 676
91 464
132 514
112 635
572 842
32 703
324 936
23 940
766 349
283 257
939 192
539 728
419 877
165 594
816 975
575 451
498 183
326 128
669 214
505 614
371 952
138 199
669 619
290 192
463 517
728 699
467 283
28 931
213 989
258 265
446 840
684 734
618 171
77 734
917 297
492 42
948 369
921 723
718 943
396 357
6 786
759 38
133 92
289 933
231 510
997 248
648 29
830 813
954 11
908 943
817 95
320 502
147 539
131 413
256 968
194 130
451 900
470 326
752 545
794 634
900 694
147 477
108 316
837 942
521 616
700 96
314 474
850 282
567 97
580 372
913 188
906 842
930 738
462 715
758 13
387 945
980 566
463 157
856 815
374 482
284 152
980 676
263 858
744 399
353 393
703 21
8 100
931 916
739 208
203 141
518 883
747 378
459 143
815 119
196 724
225 506
48 723
350 222
703 199
46 400
830 283
799 645
970 72
880 175
403 30
778 501
678 834
432 383
163 136
224 833
594 8
7 217
898 448
649 907
186 609
620 1
910 994
748 465
86 296
766 424
174 59
868 686
186 226
960 733
370 978
603 438
724 31
187 532
360 381
226 313
694 981
975 196
541 939
581 17
246 942
118 199
69 418
213 349
627 155
394 32
379 428
640 427
728 482
797 851
799 854
503 756
565 366
655 442
607 781
164 898
863 338
200 192
252 458
77 345
932 180
4 580
90 308
224 901
149 288
22 849
403 163
271 700
478 455
957 24
627 906
397 414
655 777
123 522
220 320
255 800
331 583
804 92
820 982
747 265
941 197
137 585
549 661
721 489
443 496
882 754
683 432
82 577
507 657
439 228
535 429
620 706
462 674
463 412
994 650
169 790
64 683
598 805
921 503
209 745
451 502
249 518
736 102
303 968
481 155
840 684
108 982
392 122
81 57
75 377
37 588
624 949
838 563
820 946
196 887
372 596
580 868
158 30
514 87
861 722
328 658
691 405
880 385
908 268
874 158
979 439
752 922
434 705
313 175
293 565
843 682
239 965
544 277
629 215
411 75
443 730
585 515
234 772
620 519
138 774
252 242
757 378
678 233
391 197
635 169
701 81
445 768
329 496
921 41
130 184
918 442
984 23
675 322
254 459
189 954
721 929
491 723
888 76
84 605
99 648
254 400
510 21
290 556
866 183
322 866
816 55
510 626
164 360
263 342
115 808
373 704
189 905
54 942
908 789
942 752
627 227
163 167
671 606
985 171
228 297
330 603
160 989
716 321
133 366
954 193
8 316
568 417
879 554
122 593
736 839
156 8
683 776
108 559
53 500
379 597
648 875
667 350
500 375
690 206
973 633
162 353
658 792
92 101
667 886
707 249
446 172
273 765
106 605
461 596
90 145
160 453
98 281
88 807
589 539
886 926
303 22
454 250
818 194
556 132
606 34
831 822
469 90
420 38
350 738
450 89
107 168
101 773
873 126
675 965
92 286
812 676
109 947
612 782
455 868
512 539
95 978
769 103
812 58
298 741
126 595
890 697
474 96
781 610
215 120
899 192
395 656
636 131
565 600
509 202
88 326
234 371
60 319
399 982
771 827
131 144
536 108
70 411
141 161
604 375
838 47
101 456
323 92
490 233
349 812
677 74
196 317
760 273
592 49
661 731
430 107
835 322
557 369
186 375
169 826
163 460
344 118
913 815
615 622
298 134
573 657
219 90
777 159
503 113
415 20
251 234
727 450
229 745
865 109
811 618
360 361
891 384
807 523
992 315
113 217
163 823
386 218
26 879
807 660
125 27
627 357
856 440
342 912
974 406
801 559
187 650
486 595
151 840
23 350
394 429
182 210
983 945
107 943
662 402
787 404
893 224
821 584
317 288
218 806
778 156
508 159
802 282
315 160
578 755
491 991
52 739
772 132
93 669
220 917
339 776
119 394
537 605
976 504
777 467
500 767
358 426
732 9
501 906
293 599
533 250
334 121
162 920
622 545
808 578
732 641
623 187
959 772
950 140
654 819
623 99
577 828
872 677
549 10
488 533
197 530
768 371
562 716
433 406
732 786
933 782
520 517
151 689
38 824
824 83
956 109
307 644
609 997
459 723
866 734
970 626
442 750
451 422
65 899
595 691
920 482
656 572
811 992
96 544
277 712
697 244
654 555
268 408
471 807
624 227
42 633
572 710
576 478
230 97
123 550
495 238
664 475
179 942
548 754
501 994
240 226
877 614
941 571
885 10
637 850
565 855
953 65
867 442
647 329
957 450
227 500
499 725
756 276
265 623
451 418
960 35
767 462
693 993
449 364
858 450
801 585
292 679
862 174
265 246
200 385
252 607
123 88
26 950
813 417
282 276
851 475
930 130
55 732
782 588
105 390
315 414
926 70
395 291
609 366
860 594
166 651
291 379
538 943
224 417
380 317
822 60
73 341
357 331
105 778
389 356
22 150
334 121
264 740
732 791
895 970
338 956
105 920
156 163
371 492
765 856
832 215
472 621
199 87
260 430
876 762
883 460
34 865
437 551
161 965
126 797
880 80
188 781
135 365
879 948
767 143
510 155
462 333
232 888
87 681
787 979
664 630
895 207
665 438
842 139
516 501
925 188
679 757
251 850
3 431
776 328
490 565
5 268
154 603
29 58
559 476
926 376
687 548
337 948
945 91
994 331
963 545
204 209
647 42
877 819
981 923
632 704
666 210
79 894
568 799
154 83
616 892
590 670
989 959
943 49
584 479
757 789
627 142
346 46
756 870
375 455
555 345
230 103
339 184
357 566
599 606
542 538
55 161
602 624
823 918
520 971
991 795
504 343
244 93
181 720
916 37
78 929
348 517
95 810
546 890
488 140
798 316
424 342
341 494
430 730
715 928
980 276
46 337
158 206
135 637
955 173
122 303
161 389
737 457
189 527
100 588
107 795
345 31
839 275
916 776
544 995
213 379
792 646
133 554
936 813
52 535
110 325
520 488
237 337
933 482
36 268
4 259
769 61
951 468
413 525
677 939
772 830
204 319
706 508
775 893
883 41
985 233
760 216
69 234
80 692
315 791
245 211
116 148
288 438
862 983
800 605
200 304
486 638
262 454
562 440
178 446
441 795
536 454
525 873
345 401
737 446
700 414
89 196
96 275
260 175
999 624
983 221
512 300
206 954
360 503
458 463
807 598
15 958
658 568
740 582
64 959
999 176
655 533
201 855
415 972
470 993
608 663
843 215
721 513
269 609
479 964
995 213
524 180
308 628
271 220
969 452
849 386
371 462
628 770
359 600
831 668
289 453
205 807
900 938
851 837
395 422
9 18
994 560
140 372
545 885
781 859
787 601
459 117
906 999
241 314
882 509
137 750
855 872
376 356
980 357
61 124
339 154
332 86
178 733
418 779
112 814
174 148
112 385
608 521
711 158
193 264
4 727
68 891
595 923
389 202
163 671
951 57
545 911
698 912
889 910
241 942
962 610
480 36
890 793
82 267
563 702
628 410
54 525
746 605
827 720
829 89
526 478
181 792
632 746
477 708
822 502
740 991
540 608
395 717
635 351
938 292
551 281
969 675
99 753
157 71
666 673
930 688
405 20
200 698
234 388
582 651
506 346
398 938
859 176
204 646
351 914
437 701
547 140
875 760
353 50
662 544
237 546
328 406
158 426
914 166
61 881
405 844
524 248
194 872
143 451
48 580
461 400
321 882
372 413
726 430
786 326
377 553
979 810
403 220
33 627
284 612
947 222
696 81
28 884
269 96
324 394
407 539
315 725
310 628
411 632
3 522
743 522
129 668
721 77
899 417
946 865
383 267
303 365
705 50
710 442
939 375
464 17
157 333
499 674
891 640
863 446
655 65
577 718
838 994
379 659
436 367
759 773
933 67
182 405
976 271
39 967
453 360
564 333
682 328
511 123
509 596
768 755
201 1
796 491
1 487
314 804
931 608
101 840
773 645
897 461
852 779
254 257
977 360
14 426
852 426
684 766
2 32
254 855
153 78
733 898
953 371
848 701
696 815
579 890
147 411
469 559
920 286
138 558
844 755
533 387
622 355
28 603
30 484
947 167
339 653
243 698
744 58
39 538
219 65
194 905
485 936
447 398
792 823
150 108
720 387
20 38
727 40
170 885
358 761
7 999
562 51
834 900
119 980
493 708
66 796
864 500
74 848
114 466
465 531
549 83
14 114
145 566
627 14
924 404
333 71
438 625
979 35
642 353
140 973
315 399
848 560
823 161
977 100
250 578
281 349
981 560
305 146
649 197
90 383
886 730
229 940
161 744
81 612
684 941
253 264
897 737
434 517
45 162
867 841
841 148
246 669
136 226
673 212
276 944
176 367
946 134
504 933
4 509
966 408
2 567
189 112
658 998
123 638
394 943
718 410
275 943
944 958
784 248
48 93
670 382
291 745
383 600
242 893
628 504
841 914
806 700
593 939
448 86
130 721
918 805
31 39
752 623
663 892
767 893
898 377
449 411
726 730
992 644
247 446
558 328
879 149
729 587
161 879
429 793
573 185
812 476
729 646
285 530
336 930
262 119
38 361
304 816
127 986
320 929
322 888
647 394
413 313
844 404
515 335
599 221
813 621
581 296
47 818
109 478
774 63
710 501
583 968
783 201
179 982
775 448
213 717
523 578
69 891
775 445
859 28
20 260
225 81
19 591
403 415
368 538
731 695
85 260
819 667
838 226
896 934
287 498
953 88
212 920
98 293
790 2
557 418
954 270
554 97
356 493
128 221
192 878
850 214
561 142
406 411
97 742
941 1000
194 933
600 848
477 19
561 430
17 334
260 615
465 95
161 127
831 685
781 972
788 908
119 711
578 431
839 690
263 775
94 785
809 583
897 786
534 286
138 857
612 768
80 888
781 190
469 676
726 563
353 197
661 913
486 938
355 719
786 852
235 741
340 216
766 363
373 757
330 453
876 565
314 848
91 441
440 98
11 611
535 185
684 956
819 421
94 323
133 572
545 989
83 302
254 5
293 966
284 661
177 363
572 326
159 508
661 258
374 510
703 423
147 712
595 929
672 347
700 533
632 710
360 390
746 3
999 404
843 458
193 424
150 490
37 958
336 549
736 722
867 621
770 853
166 347
129 443
288 704
340 875
267 917
917 329
245 378
899 855
39 149
12 296
972 505
152 60
965 723
232 493
903 268
785 979
727 368
179 88
45 351
995 720
46 9
476 217
375 173
615 769
426 998
444 580
318 186
615 159
892 32
654 538
919 22
71 138
448 521
885 118
455 242
878 502
44 722
711 692
619 601
985 564
248 52
579 178
431 884
355 469
20 519
345 834
964 383
639 91
37 781
438 512
266 37
914 351
977 268
362 196
181 570
855 950
468 427
735 288
604 450
470 239
931 27
343 253
725 994
222 194
432 221
490 867
48 910
495 49
208 327
472 200
365 729
294 413
432 667
949 308
582 685
171 340
469 405
184 722
406 77
530 133
465 552
886 689
560 854
169 852
86 141
853 275
69 704
57 317
180 966
351 289
857 232
891 346
48 554
673 111
834 576
795 332
630 713
644 218
855 391
137 330
795 921
69 165
729 255
808 803
995 600
746 706
288 8
338 22
821 36
77 770
854 278
711 994
739 833
859 9
848 899
310 832
351 60
702 389
211 865
607 634
202 907
547 283
120 922
779 646
747 965
549 532
221 671
832 815
667 781
20 761
71 166
681 660
723 522
132 855
940 861
361 969
458 891
785 917
370 837
446 434
9 116
857 806
961 998
751 279
20 612
127 609
379 480
501 987
125 807
140 356
363 109
770 176
750 284
947 353
252 845
18 552
642 834
409 249
680 110
757 844
554 764
623 798
399 795
602 629
950 313
186 892
873 329
624 767
157 984
511 654
272 621
667 832
363 618
17 495
504 490
483 590
674 596
201 146
875 740
81 578
119 229
555 739
119 140
639 712
476 255
954 432
907 56
486 112
907 226
123 97
175 656
161 285
488 481
857 982
56 39
99 134
39 395
485 952
391 79
669 38
209 743
311 364
541 131
488 141
815 316
391 321
181 152
25 899
577 817
943 456
848 262
290 880
90 761
613 982
875 459
437 822
649 486
729 634
678 523
443 230
362 206
437 835
784 401
72 188
642 556
295 705
581 225
471 949
215 128
402 103
978 541
838 479
824 77
873 743
491 804
780 363
923 595
925 488
324 129
950 261
920 23
742 283
73 580
119 344
254 568
948 341
721 926
250 482
941 540
964 858
72 188
916 138
31 993
69 80
22 618
352 249
171 543
405 115
28 563
268 526
591 822
796 753
570 555
236 722
388 944
258 472
777 843
570 617
96 846
843 82
310 180
152 771
47 932
995 575
896 45
622 953
203 801
883 819
754 93
704 2
853 937
574 830
91 732
343 614
700 979
641 29
361 48
333 183
757 740
357 363
49 322
476 569
96 725
878 855
548 989
242 981
705 975
421 141
81 468
523 472
681 156
156 599
663 537
261 163
674 523
835 261
310 419
207 40
699 454
416 200
693 167
850 455
114 138
436 73
916 200
852 940
528 494
403 612
674 73
757 902
58 655
438 56
392 374
808 80
544 552
182 75
852 345
882 432
666 376
429 516
849 67
783 726
981 966
349 512
202 172
340 989
85 112
640 916
874 101
767 937
934 405
117 578
949 862
990 231
972 457
284 422
305 714
692 191
128 268
350 120
494 389
243 527
912 964
665 909
719 492
492 867
46 713
225 598
657 738
9 354
388 365
346 495
668 478
549 694
155 868
485 807
125 87
318 719
853 75
80 617
419 525
194 158
564 370
738 645
619 885
364 175
60 226
483 280
184 436
571 927
979 499
210 606
83 161
914 364
421 256
129 668
848 100
877 653
177 847
418 267
322 97
682 287
907 227
147 414
178 297
907 97
465 960
998 854
455 686
515 380
194 371
618 517
990 926
668 70
820 572
445 497
466 339
961 489
753 748
865 416
500 823
837 95
930 499
183 297
150 316
281 909
246 362
57 592
717 215
381 800
74 742
216 296
334 983
439 824
971 640
237 275
9 876
492 847
43 489
758 207
694 748
634 80
29 386
448 415
857 842
932 130
70 442
122 217
445 196
186 484
994 755
51 220
174 406
83 788
515 541
23 747
512 210
145 700
379 460
155 143
633 296
380 45
615 248
865 378
919 319
16 758
334 332
205 553
337 187
14 186
95 739
53 545
570 955
667 128
458 159
685 103
946 47
159 57
670 449
981 125
743 927
815 310
780 401
130 22
285 881
146 256
493 241
211 798
182 654
90 972
192 243
42 553
443 788
746 108
53 729
64 207
63 540
819 335
326 854
9 529
778 32
74 816
406 324
683 77
159 165
644 134
420 827
584 155
151 863
641 651
422 876
479 256
372 120
680 163
454 176
86 424
639 114
429 1
967 484
472 600
209 875
715 303
250 35
892 271
36 63
54 893
997 173
857 59
530 506
458 761
917 403
224 458
923 193
155 392
691 688
657 782
946 819
334 106
24 895
907 784
306 921
92 90
12 985
419 305
970 753
626 275
317 769
967 105
255 161
348 51
527 855
141 615
88 469
92 542
9 260
254 205
515 638
201 857
802 91
739 939
760 935
615 13
741 171
494 191
265 176
961 240
488 880
404 990
4 532
3 76
680 828
571 688
664 432
837 475
586 372
144 549
463 503
283 484
884 368
934 738
152 309
648 91
222 948
927 527
321 204
332 433
42 449
809 222
678 639
795 13
466 113
649 912
971 951
413 483
268 228
745 710
448 536
187 606
618 125
654 603
551 13
788 155
992 21
96 808
357 555
417 819
642 617
538 902
369 502
249 769
259 550
994 154
455 97
848 93
841 852
175 441
828 334
499 70
990 767
1000 451
3 519
276 356
505 885
662 401
771 426
360 504
969 956
757 321
465 927
18 186
815 108
210 710
836 930
430 323
780 125
871 897
810 378
922 902
361 100
144 692
651 74
914 791
555 870
332 264
55 249
899 9
10 939
864 273
319 388
698 62
39 633
647 4
911 944
459 163
974 104
412 460
959 601
709 807
322 811
594 972
616 735
720 223
957 448
196 772
260 289
522 807
30 983
26 948
283 521
401 421
712 166
385 240
745 70
421 822
872 642
176 158
188 685
530 962
541 849
845 661
651 302
844 486
708 682
853 504
363 821
759 687
743 538
806 927
521 86
526 254
845 922
677 881
425 595
61 416
82 279
431 745
782 404
147 214
942 448
331 332
239 356
217 13
7 35
318 830
70 987
405 566
207 847
349 622
688 921
358 540
519 591
377 265
415 13
100 936
723 517
779 456
969 297
377 950
456 684
522 739
497 552
572 880
160 828
682 980
356 939
181 883
712 1
529 334
722 30
415 327
168 792
515 516
737 760
269 993
787 766
241 747
656 446
442 407
581 847
73 560
920 756
631 951
731 72
604 985
95 301
247 74
539 525
979 399
767 7
519 211
609 331
701 802
931 115
375 293
931 64
952 273
155 288
436 597
632 866
82 278
820 954
498 277
267 302
238 270
20 556
370 960
866 221
259 573
836 783
37 612
924 484
403 681
304 461
692 929
620 330
287 661
815 818
617 238
277 208
5 805
536 55
978 52
825 999
752 449
426 729
627 223
993 825
136 295
891 290
970 575
930 109
483 580
398 760
268 242
958 284
562 483
6 518
526 651
801 433
804 762
806 882
516 910
821 941
758 244
740 809
985 11
516 428
764 628
94 721
952 42
921 853
23 315
678 598
189 956
298 355
462 185
47 390
976 241
825 323
976 266
377 244
536 709
374 402
226 977
200 28
345 934
336 753
243 160
975 755
792 340
459 724
24 599
605 38
851 660
232 888
779 737
88 457
940 581
749 893
827 436
377 266
94 298
276 762
338 250
720 127
198 617
440 884
567 696
522 285
547 388
337 27
674 718
860 444
872 3
39 520
549 636
17 161
440 667
268 417
469 646
192 299
426 46
194 905
313 437
465 766
509 817
696 235
351 435
600 186
206 488
163 313
890 409
361 936
338 349
239 367
765 239
112 442
71 721
507 750
513 403
605 814
276 87
508 486
419 926
171 789
70 521
83 219
732 281
906 451
352 356
197 376
389 116
996 811
782 132
347 677
535 649
173 260
193 306
173 599
818 201
251 844
257 214
826 975
951 24
785 374
930 143
388 990
638 528
933 926
949 386
31 39
644 193
960 831
142 56
930 805
509 39
216 725
480 520
263 418
984 529
741 637
71 641
896 386
16 807
226 392
975 131
510 489
648 343
731 957
218 149
49 630
202 237
446 308
261 629
319 410
121 804
458 435
483 440
511 450
554 41
821 914
731 760
114 252
478 596
322 850
319 123
716 612
510 954
141 497
393 978
290 530
316 977
597 446
627 241
467 753
245 688
963 404
530 300
943 308
68 864
232 585
801 776
57 176
867 164
470 252
267 529
116 468
274 900
507 91
524 74
661 798
344 480
612 58
399 341
561 42
866 618
304 453
78 629
542 518
559 468
220 272
189 255
174 49
581 217
808 418
498 779
805 762
511 179
889 43
973 54
973 258
715 484
879 948
572 361
53 885
979 76
434 646
319 614
356 461
918 865
411 864
572 264
31 565
683 333
869 417
544 6
634 901
151 317
448 395
26 957
530 951
273 302
165 826
883 456
125 594
954 306
180 756
29 108
432 120
84 502
747 150
131 74
468 140
222 223
220 698
512 572
827 20
362 825
996 296
642 195
215 720
711 359
720 866
952 218
848 462
901 248
609 880
350 450
201 528
640 451
700 917
514 176
149 212
250 344
595 465
154 306
799 154
730 707
117 758
589 365
911 927
120 647
370 501
959 215
996 388
409 818
655 887
751 715
83 588
111 791
599 177
993 866
317 388
172 124
682 21
38 965
893 63
265 337
853 205
830 670
251 901
495 170
407 422
801 100
701 539
760 77
635 125
649 226
152 336
560 448
559 895
903 496
900 830
681 926
367 149
769 330
168 739
921 618
612 8
975 836
561 358
734 240
230 782
983 796
704 487
962 176
309 709
362 594
95 447
668 251
617 453
172 831
343 785
27 227
57 126
524 564
144 947
975 493
885 422
115 550
666 425
928 885
264 240
311 720
139 979
904 405
77 697
929 869
728 896
312 167
635 493
965 760
699 70
495 694
921 866
164 106
989 309
486 561
662 406
359 35
656 597
773 277
424 992
665 781
240 312
38 663
210 306
650 336
520 209
319 995
951 985
628 702
333 467
861 342
175 905
939 414
126 28
931 516
981 361
470 569
982 349
393 954
433 857
296 534
729 17
547 743
742 321
305 843
715 96
852 83
355 100
543 198
133 230
302 196
942 809
584 566
742 338
134 251
312 838
764 824
351 910
56 571
402 707
23 350
414 671
112 274
134 924
796 748
479 852
648 819
598 128
648 378
317 935
586 74
372 542
775 264
684 174
659 779
286 523
219 274
394 723
15 4
573 658
171 237
321 165
533 33
423 825
442 837
856 119
244 488
268 51
287 316
278 714
402 641
393 942
105 27
458 752
494 922
196 509
150 679
714 816
542 465
366 208
916 642
343 130
769 317
787 395
467 618
539 841
439 263
408 421
709 30
872 403
745 294
863 664
434 7
352 951
992 821
913 637
683 440
333 199
909 397
738 155
794 206
875 247
393 311
966 154
862 891
448 552
820 497
988 747
58 152
119 573
447 45
416 392
138 745
266 225
179 769
495 523
791 518
251 182
474 389
496 828
331 587
629 818
353 413
683 192
331 757
123 674
941 808
985 40
616 240
868 347
977 740
749 106
181 949
233 383
254 518
395 992
189 815
769 588
543 532
941 537
706 907
197 60
208 84
369 600
710 236
54 150
578 706
248 106
445 482
265 378
792 623
481 288
533 498
725 513
752 872
54 893
844 291
281 1000
346 365
934 269
609 815
779 910
126 447
659 671
937 948
887 281
1000 835
491 424
258 385
905 971
121 415
671 885
213 240
276 536
832 27
198 744
351 943
882 309
543 287
457 506
250 289
634 267
594 741
458 812
333 679
343 618
437 936
642 700
999 812
60 187
163 172
783 831
370 837
184 352
277 377
253 683
118 245
262 207
987 237
996 10
462 4
803 463
149 386
122 375
635 76
27 662
688 6
386 336
440 856
911 601
425 980
722 583
551 64
354 123
181 394
825 190
306 970
896 361
768 110
890 23
178 259
706 3
752 968
928 188
949 570
231 599
67 673
105 480
774 416
36 31
852 524
321 161
334 266
272 712
839 251
666 208
236 308
863 101
307 516
789 983
871 222
783 618
170 570
826 921
260 207
189 428
66 752
922 5
736 775
533 344
763 543
35 78
572 230
985 578
336 330
170 452
204 141
380 420
419 455
463 240
912 968
472 655
618 125
724 753
266 439
513 3
702 93
749 221
292 507
437 289
516 981
424 506
870 26
935 530
835 48
909 279
319 655
436 957
22 580
350 225
219 919
224 307
847 271
525 970
691 260
514 306
549 203
353 89
720 360
107 933
594 875
620 125
823 805
808 44
756 767
829 7
724 142
921 798
989 45
535 703
651 679
412 827
589 419
50 105
314 39
967 561
196 721
279 587
947 838
520 461
804 231
78 115
346 881
184 682
196 639
173 776
672 143
669 659
211 981
479 161
524 702
317 182
594 876
736 441
240 466
284 851
661 99
25 952
717 67
32 902
953 692
913 515
493 141
653 960
615 762
371 575
607 134
47 194
161 584
223 985
503 218
301 355
267 432
33 179
929 576
315 175
23 595
842 88
787 967
940 637
572 373
837 174
285 458
886 411
556 884
89 376
328 362
821 93
533 999
967 465
567 1000
421 106
574 772
725 53
16 937
628 121
30 780
62 625
836 619
679 363
829 673
514 975
814 464
928 899
623 855
265 99
752 636
46 791
151 548
996 1
552 579
355 986
203 232
709 185
861 113
45 326
157 971
527 574
458 529
365 197
801 574
616 980
281 987
939 410
294 256
559 130
914 103
633 220
668 341
292 451
764 938
406 553
410 338
48 411
524 695
955 433
611 268
793 251
320 29
425 708
127 709
459 436
74 974
457 742
729 315
433 802
981 763
63 47
989 342
444 902
465 582
424 983
186 231
438 284
559 405
870 649
506 366
602 854
450 627
611 388
463 912
224 516
294 905
172 152
241 22
590 700
477 115
901 568
826 249
322 32
606 465
712 824
79 884
490 811
63 432
255 844
141 931
642 155
259 85
126 150
682 981
851 990
468 328
743 171
241 320
581 364
96 122
32 918
123 131
151 391
393 878
155 594
43 617
626 930
529 102
798 981
252 433
733 751
936 799
120 1000
61 180
557 927
735 93
992 947
655 95
443 666
516 878
137 6
398 840
100 38
197 264
70 356
533 359
765 33
776 765
117 18
503 466
992 748
682 686
828 100
935 744
127 682
606 399
952 406
307 951
693 309
643 224
889 696
494 713
773 223
845 565
430 532
350 499
895 99
519 367
610 338
904 738
649 156
162 489
671 633
215 674
700 507
798 725
742 438
489 125
150 628
234 855
322 889
541 401
953 863
378 328
83 385
745 935
492 498
546 377
905 605
11 951
776 447
989 284
278 285
480 772
230 25
6 992
482 763
168 859
120 280
335 805
567 365
736 641
552 373
958 929
953 806
964 512
986 419
266 424
769 994
9 60
147 629
356 324
667 579
472 445
98 977
42 318
770 393
653 965
694 3
214 951
68 599
881 262
661 122
565 347
514 785
599 922
848 198
709 823
486 913
764 470
235 578
183 251
921 617
281 812
263 502
796 501
685 536
675 671
90 854
789 556
553 16
136 935
48 210
142 522
786 632
45 966
43 206
181 491
174 360
490 699
346 417
286 833
818 757
354 771
815 765
998 390
61 805
318 431
187 297
248 390
931 188
553 671
946 659
61 807
614 456
654 780
386 387
33 892
805 906
478 75
546 517
158 460
469 76
592 53
955 456
758 483
323 671
60 888
778 658
363 948
489 894
804 478
864 543
61 350
976 960
935 507
244 966
837 829
364 748
151 675
177 719
253 549
494 72
641 617
444 467
386 253
241 526
211 508
33 700
249 845
377 466
496 456
506 163
919 292
252 35
585 36
314 997
517 500
181 987
143 75
340 849
684 524
793 664
878 856
711 784
906 976
462 821
747 458
923 832
992 720
954 10
633 307
34 282
341 402
571 477
104 105
725 550
377 988
767 160
436 516
465 508
857 904
14 346
461 387
745 810
982 179
769 111
783 607
9 773
160 17
295 123
69 284
423 859
681 147
435 904
978 241
95 995
605 72
571 580
550 529
601 183
16 938
486 357
304 58
353 798
306 164
887 762
546 993
135 22
736 240
895 347
703 69
152 696
738 598
586 573
771 19
889 678
272 89
584 353
864 325
186 295
607 776
997 555
378 892
821 80
111 501
959 941
187 478
833 331
354 55
543 590
208 80
925 589
427 606
825 608
971 137
540 476
742 478
242 197
501 824
681 237
745 289
698 230
340 529
644 754
323 301
322 402
352 430
712 327
411 351
154 841
743 768
428 543
533 766
222 342
539 633
266 654
893 584
968 24
411 854
266 899
878 655
673 763
460 415
290 869
382 868
363 34
458 795
329 594
861 699
188 591
609 134
337 415
783 865
198 445
884 639
595 940
410 705
335 631
608 848
436 468
346 783
859 239
288 984
88 436
559 720
691 16
614 229
621 453
673 674
172 416
585 243
783 935
632 851
937 502
581 796
411 451
984 203
707 212
154 409
116 580
526 173
780 955
487 250
48 86
454 275
595 122
511 111
6 618
673 543
25 474
62 126
30 300
893 614
472 466
100 782
940 866
517 748
893 517
68 26
226 993
430 790
972 618
830 573
187 300
359 787
2 766
647 615
634 361
16 659
831 69
825 877
321 150
692 448
815 276
382 597
307 780
60 184
423 477
983 91
260 755
454 786
477 603
368 942
514 681
492 993
656 890
31 846
553 837
839 250
160 774
374 640
201 104
894 453
745 199
336 868
264 297
690 876
243 850
127 282
372 640
436 765
241 740
362 129
156 728
938 343
439 801
355 189
637 376
6 715
364 221
471 917
825 983
216 378
314 912
807 698
901 671
255 683
600 248
2 980
584 324
782 288
833 884
9 40
227 111
836 380
80 276
366 135
823 824
75 701
309 339
758 753
638 808
321 947
944 290
420 651
699 858
201 745
516 318
315 667
147 766
196 781
303 191
462 909
641 624
687 614
92 815
413 741
4 932
679 767
31 577
364 818
475 361
97 843
224 5
3 749
606 79
201 623
833 784
395 6
932 490
977 208
748 646
38 556
970 87
864 301
177 534
471 176
978 688
248 177
375 145
513 443
993 974
371 348
269 415
237 604
767 824
873 319
535 402
567 322
896 531
698 230
492 747
659 761
607 330
227 809
744 785
971 250
997 873
315 688
448 302
674 374
482 299
75 748
801 255
241 432
67 474
655 561
597 3
739 192
618 967
939 334
574 301
723 475
551 494
288 389
846 847
88 436
996 214
702 413
337 595
808 701
503 746
139 331
656 187
800 657
73 845
829 502
435 522
332 54
299 499
268 505
615 886
741 999
188 682
108 198
55 217
526 454
997 744
526 658
681 602
45 916
630 449
540 114
372 765
985 988
637 939
764 300
198 912
879 151
394 273
725 314
320 74
398 205
469 496
945 467
11 755
345 661
325 383
876 97
940 724
808 161
161 169
229 987
265 822
416 182
294 298
534 398
510 606
541 567
263 668
939 80
370 201
599 543
433 788
318 785
275 358
152 934
870 835
765 661
292 926
982 747
422 448
187 309
202 650
726 677
708 34
541 700
13 37
223 428
47 330
918 129
713 403
310 401
574 737
954 434
475 217
286 590
256 745
682 588
605 130
661 105
418 727
282 750
885 947
519 125
652 743
24 666
196 57
727 131
174 243
470 22
690 73
280 803
301 17
552 517
838 703
127 503
667 566
575 765
648 665
661 125
545 278
851 771
498 637
199 518
482 918
376 607
291 391
461 527
315 697
811 649
960 508
1 698
392 304
148 236
349 936
486 790
861 819
605 688
59 261
120 174
346 798
576 653
704 694
231 323
215 142
376 259
376 696
439 344
103 984
113 537
877 617
4 939
858 105
636 999
84 216
217 907
516 256
627 783
913 983
267 189
762 925
844 672
776 520
344 715
571 418
781 899
18 14
187 962
454 155
172 810
104 122
44 115
677 48
136 290
537 205
257 42
29 354
838 650
2 638
652 549
46 513
387 693
290 286
146 857
811 824
339 613
716 810
535 487
555 986
490 38
732 180
3 574
627 560
887 592
502 921
400 644
114 649
758 378
62 607
728 238
354 225
492 967
675 185
149 894
777 196
9 54
869 68
575 500
898 935
282 167
983 118
596 153
577 753
123 382
34 425
416 90
770 862
768 647
270 540
348 326
301 45
630 979
219 385
890 460
228 91
178 925
186 195
769 83
603 617
874 355
606 420
273 612
898 871
223 239
965 155
361 511
905 2
684 183
156 288
377 877
701 695
780 317
392 380
387 139
593 991
935 236
570 831
3 429
510 575
958 694
295 239
717 694
190 676
520 211
894 303
7 677
377 397
900 928
479 731
531 149
745 191
418 930
448 908
993 21
152 294
906 644
484 900
604 293
162 338
372 656
674 132
707 591
150 857
911 497
439 64
493 295
588 499
189 31
569 306
620 601
426 14
102 423
90 980
854 418
801 67
700 168
280 455
356 749
434 851
808 468
491 959
316 780
794 73
705 906
477 916
954 290
741 140
844 424
575 363
561 477
316 758
901 306
922 194
927 846
358 715
104 675
128 564
739 587
644 20
216 732
694 249
233 785
744 829
720 845
424 390
629 693
909 604
797 555
423 568
737 595
496 222
801 933
503 759
360 74
641 67
981 179
116 414
401 176
556 445
125 572
864 616
898 10
380 395
214 216
236 508
691 24
118 836
232 72
236 518
603 10
37 505
260 700
833 367
956 577
681 179
48 997
510 942
750 596
528 263
155 53
189 721
766 899
249 289
530 777
145 403
71 804
742 212
28 995
758 373
239 932
801 590
701 126
469 553
394 679
10 849
368 666
223 170
311 179
329 801
58 718
23 255
642 742
938 471
64 581
975 365
849 325
437 293
95 488
91 200
55 138
510 346
190 6
765 941
823 739
592 992
615 519
478 766
615 42
979 243
308 25
603 833
213 714
737 518
209 204
196 512
133 331
15 60
520 157
35 832
409 480
575 467
695 266
682 672
915 607
973 306
354 744
641 141
582 199
700 652
554 775
283 399
770 679
636 853
326 915
875 743
687 792
637 503
648 105
902 599
914 298
662 958
248 560
653 733
345 411
951 641
332 864
574 191
321 622
652 321
549 104
628 636
751 390
279 399
603 928
844 18
772 467
691 357
349 310
562 324
361 944
94 214
195 714
847 554
58 864
936 895
137 700
981 475
381 409
408 27
909 84
479 658
851 748
88 276
998 391
824 758
583 932
431 519
995 943
268 7
911 883
346 847
976 502
543 515
340 666
469 996
722 972
710 495
862 412
482 134
183 919
769 721
713 74
582 776
417 490
943 295
850 252
180 521
927 250
716 306
360 372
746 346
831 853
818 840
363 605
326 809
398 130
850 247
820 799
519 76
42 502
105 74
413 562
971 270
293 211
943 207
91 326
199 552
562 338
920 927
911 470
225 322
218 788
77 709
196 254
612 677
957 524
315 184
106 969
860 551
743 348
940 76
805 794
577 365
159 333
965 176
7 638
874 996
945 1000
639 25
165 654
54 523
659 627
710 458
43 171
304 989
938 531
286 784
138 753
902 445
137 709
456 465
187 523
320 727
125 124
914 75
824 472
365 369
377 961
231 880
36 876
644 217
685 613
168 204
382 925
971 785
247 390
918 643
972 376
866 57
313 69
731 287
468 481
207 474
899 597
624 216
58 615
300 813
760 512
409 687
437 728
769 818
610 184
730 196
811 4
754 970
636 614
784 466
570 489
806 586
590 733
46 624
823 498
896 915
552 327
686 954
83 592
69 237
318 373
587 819
519 158
11 783
398 46
567 445
849 49
808 615
478 866
698 636
918 295
9 175
637 1
636 793
886 445
425 383
38 321
651 196
760 344
446 185
391 433
284 893
736 261
829 514
637 604
862 811
752 617
579 524
851 357
303 114
491 180
495 1
446 783
362 745
420 976
538 696
753 453
35 605
776 850
771 592
751 413
315 945
784 465
343 490
423 668
732 233
56 157
451 245
791 184
726 606
697 662
558 691
448 40
569 670
792 983
604 827
212 619
34 372
140 881
723 473
918 231
819 133
979 922
162 634
84 202
824 615
777 406
656 900
364 770
736 342
171 682
5 530
334 218
960 63
292 687
394 99
932 823
803 996
452 442
203 886
748 963
398 255
389 698
592 116
835 76
732 21
832 41
945 384
114 301
571 493
91 216
640 363
791 928
47 975
486 894
947 504
919 19
717 76
309 859
122 364
752 104
109 508
867 820
109 537
132 158
282 444
793 435
36 23
472 806
669 753
132 216
704 62
545 852
252 150
330 761
64 903
506 403
101 163
325 180
676 186
519 134
598 774
681 84
797 971
1000 755
267 556
379 899
539 360
167 14
720 235
920 149
397 207
852 462
916 389
301 427
217 520
902 727
950 29
779 588
200 382
674 570
356 788
634 199
477 125
302 328
670 853
312 918
320 192
881 614
371 393
164 283
413 342
394 508
659 260
806 162
934 399
27 497
737 696
737 472
339 946
354 828
261 845
408 963
499 236
589 559
819 470
83 370
828 519
450 127
648 588
159 471
832 160
107 118
495 746
204 978
976 464
257 800
470 109
815 873
506 247
97 716
319 365
948 83
927 516
940 511
221 454
46 527
921 955
177 890
124 606
168 179
126 359
176 329
489 896
314 83
729 983
350 47
365 842
407 195
815 628
764 486
363 52
470 543
583 570
683 185
98 297
257 130
204 578
100 89
359 94
274 988
352 695
82 427
118 403
412 967
230 317
891 271
555 193
898 440
951 119
62 404
790 412
884 556
741 84
381 607
49 784
475 549
653 92
456 606
861 578
293 154
292 4
772 812
618 443
849 33
295 367
484 605
554 651
185 173
318 420
338 133
671 135
796 956
845 925
770 185
10 829
505 731
768 386
487 403
565 380
966 241
399 12
37 868
101 26
640 409
533 710
719 658
781 327
807 802
148 641
367 993
956 907
652 363
734 804
428 422
247 326
601 939
485 594
914 477
702 72
921 381
998 908
335 548
446 924
829 799
512 186
448 485
440 828
947 10
383 82
700 354
614 818
767 162
896 893
688 303
94 314
258 494
809 506
975 257
81 164
971 775
116 268
79 874
624 301
789 255
338 899
176 350
958 313
939 579
547 949
480 416
782 47
140 220
700 950
645 621
167 352
884 604
664 181
966 221
450 268
730 901
238 311
282 595
548 199
328 699
629 542
936 676
337 816
839 807
438 680
797 58
760 961
515 89
637 862
466 184
336 955
147 358
374 495
228 713
910 643
555 409
3 770
744 137
839 796
523 532
133 548
676 1
591 66
632 447
338 425
366 852
503 644
418 858
664 470
626 278
674 652
471 242
115 987
467 583
218 879
660 292
879 475
817 546
136 462
485 930
842 668
147 609
844 285
307 138
858 965
479 98
765 170
760 586
621 608
738 713
831 242
152 668
438 540
354 963
936 807
365 760
561 469
513 521
709 875
786 576
914 125
463 499
117 943
807 280
775 40
166 919
663 448
256 344
520 356
597 229
687 509
483 982
186 333
433 16
182 629
185 284
68 741
391 548
62 144
751 757
717 471
518 694
886 724
20 306
884 865
973 495
918 735
182 701
715 127
754 339
804 684
50 647
180 231
709 497
79 872
157 332
30 402
342 32
984 941
623 168
809 872
752 292
575 993
323 249
24 259
298 272
232 647
685 483
32 35
170 796
582 751
740 748
819 523
198 788
108 741
86 546
430 71
195 98
930 218
396 673
168 594
188 582
788 634
638 370
40 452
453 397
363 196
637 416
730 650
662 857
927 710
233 831
651 980
490 340
957 462
771 13
256 536
962 879
76 614
423 496
644 416
967 875
792 484
549 516
558 354
551 84
613 83
680 719
660 894
413 432
480 879
258 241
714 732
78 847
616 338
778 775
739 83
963 623
396 399
516 744
633 716
101 255
862 646
723 2
710 892
282 682
585 165
468 175
616 173
373 254
805 702
2 759
1 681
313 507
235 190
85 984
395 608
515 850
209 15
795 870
630 222
242 449
399 433
131 728
857 863
586 797
89 492
38 551
958 948
271 957
719 2
541 949
920 673
191 520
361 902
283 151
14 448
163 664
94 217
825 914
666 760
47 433
563 944
971 252
824 354
825 986
981 894
573 776
228 569
385 792
91 862
866 232
69 790
364 6
866 645
950 578
660 764
375 170
79 646
226 985
747 757
613 798
411 262
967 19
950 128
989 375
850 353
492 806
741 401
241 927
662 84
145 513
116 158
120 692
418 778
336 415
647 576
288 206
31 184
694 251
884 744
636 336
523 478
263 798
170 786
456 761
198 16
827 699
140 448
541 867
603 33
295 127
51 418
966 507
531 249
61 826
606 568
457 815
971 92
338 149
530 725
827 828
524 645
212 730
107 705
253 583
913 189
105 476
869 541
925 247
340 482
290 865
527 454
903 733
978 540
908 966
950 873
462 497
600 719
522 432
784 803
46 709
295 541
861 198
327 331
655 651
114 986
275 1000
275 156
147 658
549 918
169 610
556 266
735 679
850 326
568 542
250 127
61 404
120 205
737 743
643 219
294 940
262 44
390 921
728 979
56 802
159 911
998 785
960 211
378 275
435 456
383 783
945 57
920 65
537 300
885 285
275 864
522 442
921 641
539 77
150 343
772 158
805 33
420 486
478 992
410 752
405 950
21 360
646 325
587 895
947 301
490 708
157 976
697 519
619 420
704 444
265 372
498 677
708 287
702 964
333 582
60 496
210 539
795 880
185 403
656 279
19 644
188 589
911 539
18 704
827 983
65 282
737 970
675 151
11 450
450 281
786 251
563 447
27 494
647 892
454 381
323 87
469 558
659 270
862 673
629 412
88 349
353 594
260 171
737 889
438 69
169 667
481 712
547 762
319 877
298 707
86 475
122 922
308 816
403 555
707 701
904 37
619 773
543 173
921 258
224 429
661 340
97 399
219 349
664 1
96 225
753 960
52 627
60 268
659 113
547 316
313 475
115 822
652 732
395 287
940 272
244 292
170 275
616 551
386 834
590 564
744 148
514 638
923 336
729 284
297 844
980 693
153 416
70 866
535 28
322 980
467 430
659 223
729 635
390 221
896 98
796 823
685 505
262 170
592 516
133 539
427 928
93 350
438 149
2 702
941 889
733 685
660 74
354 123
511 374
440 1000
739 889
497 469
350 293
330 186
860 392
44 198
172 298
421 606
412 558
839 36
964 475
986 408
503 258
375 419
622 455
204 929
603 83
144 574
186 820
434 36
22 496
787 137
818 296
568 812
69 441
329 130
593 158
772 584
201 65
413 604
13 550
33 34
215 348
481 403
540 8
166 749
663 259
653 381
811 408
4 625
475 645
759 204
782 822
258 850
574 792
440 413
99 980
567 732
100 415
925 767
180 682
504 360
541 323
634 887
671 228
241 272
505 348
461 908
876 47
488 217
486 812
549 552
307 62
181 549
961 904
643 954
455 919
617 685
771 602
23 419
698 617
746 979
76 146
873 711
9 563
645 377
471 114
560 384
434 357
871 654
348 286
249 340
329 222
859 46
751 271
910 325
474 611
141 337
123 136
142 81
109 708
266 740
178 420
809 71
658 94
391 148
605 427
757 956
839 688
70 516
839 604
298 312
22 644
60 734
948 594
348 510
392 76
45 384
881 531
738 233
500 255
629 166
519 172
740 184
705 5
354 65
10 129
68 927
594 846
45 896
816 751
948 906
385 779
951 632
750 240
76 722
531 398
304 868
525 835
697 915
977 441
98 961
471 825
180 185
61 391
327 405
957 836
445 81
980 549
53 760
349 815
837 903
699 417
43 406
253 505
564 656
229 43
369 185
589 299
615 893
507 1
45 673
836 850
628 268
493 148
136 558
143 982
829 174
799 514
569 684
726 485
186 720
224 740
195 522
397 903
773 899
53 110
263 387
519 269
412 318
877 711
254 197
766 274
927 819
38 929
789 833
604 120
534 557
56 314
707 646
966 549
930 346
189 379
145 619
85 657
214 205
182 640
552 653
616 288
911 740
475 370
521 466
932 277
654 643
122 278
780 398
77 640
807 115
446 584
437 633
989 757
972 563
580 806
132 535
524 868
997 740
645 397
221 426
801 351
780 47
548 310
597 715
274 376
52 780
34 525
827 233
935 951
63 138
136 514
596 830
921 972
625 593
896 226
268 254
90 280
636 139
132 364
181 325
173 4
171 154
633 918
944 293
332 84
641 699
688 867
384 91
443 397
240 797
853 102
875 342
776 268
485 419
11 837
167 74
22 336
766 366
568 503
537 458
403 362
797 547
144 14
975 17
349 43
31 543
288 584
233 989
536 340
122 684
88 790
152 303
27 956
381 922
237 169
109 332
97 57
469 314
872 525
761 738
498 968
590 799
682 92
790 928
906 553
650 965
913 908
691 163
477 797
521 526
690 327
274 3
321 696
401 553
589 403
359 850
282 254
225 460
852 227
705 573
974 880
606 170
624 476
741 616
121 531
155 711
231 829
244 620
487 796
476 737
574 680
352 538
352 166
722 124
121 883
173 934
580 509
689 881
973 404
793 164
232 162
486 141
509 271
965 930
683 473
747 38
688 71
77 46
890 85
31 59
174 497
20 547
383 395
74 370
240 850
623 950
590 482
405 852
431 495
43 913
446 916
455 167
518 235
249 990
14 612
919 554
573 678
982 562
801 614
65 684
58 88
255 954
200 919
236 590
616 476
211 62
192 787
697 447
994 34
529 557
441 430
610 495
864 851
173 879
457 573
286 900
152 752
780 856
859 504
411 605
43 337
484 19
692 829
902 539
231 624
743 807
17 429
636 762
368 335
901 227
799 705
415 695
762 472
854 353
898 503
386 642
219 434
573 425
519 502
51 318
454 643
876 67
967 851
24 93
760 624
262 768
52 77
742 272
133 601
303 428
60 772
279 605
975 439
911 156
350 311
499 736
524 952
491 165
249 451
801 215
633 214
241 438
358 174
229 151
123 189
730 930
106 270
525 16
166 116
191 980
504 343
639 104
983 266
423 927
773 864
711 320
35 250
86 804
58 792
281 653
646 877
330 872
853 574
298 202
751 89
75 702
759 491
648 692
66 342
733 342
7 1000
491 836
785 438
235 705
183 476
70 459
69 478
12 469
718 983
623 568
532 681
878 673
536 447
566 217
487 918
472 146
508 697
221 187
646 567
521 681
299 679
217 303
219 235
686 403
854 760
156 400
950 606
107 301
180 249
743 61
397 996
456 929
35 786
735 33
452 656
399 156
216 669
920 164
711 864
92 836
616 829
880 573
844 811
635 688
427 95
417 81
866 682
436 999
787 822
95 129
322 987
839 199
459 492
496 327
571 857
12 598
411 843
747 608
622 244
548 768
451 367
700 741
854 331
666 533
76 186
309 421
792 757
682 394
314 7
308 43
24 718
179 876
828 22
86 824
544 709
979 911
787 881
285 458
645 824
772 524
13 338
969 652
716 600
922 558
416 624
763 5
674 792
642 470
790 309
210 639
553 37
102 498
47 65
239 60
821 524
155 719
598 515
39 128
393 932
418 170
593 31
768 312
539 816
490 486
324 680
992 512
951 997
999 747
586 346
923 364
848 784
318 442
575 694
496 850
875 945
61 317
483 474
146 849
558 861
477 862
486 703
450 640
675 746
223 352
551 509
149 5
323 964
262 359
348 69
182 845
775 109
695 398
694 488
660 705
554 201
354 9
788 635
882 411
979 890
893 566
938 201
910 177
575 421
400 686
822 579
227 368
62 372
302 95
558 935
696 53
806 976
341 688
499 973
395 291
17 909
811 724
930 334
219 440
27 482
496 968
960 330
5 351
125 289
972 999
840 548
177 928
337 600
778 355
488 319
717 731
741 751
903 553
296 899
635 46
772 2
87 427
793 383
725 598
338 345
105 246
294 556
710 832
10 621
684 365
420 840
970 429
479 921
729 673
15 817
455 426
631 956
180 285
821 167
764 320
569 956
614 325
1000 555
803 215
325 693
149 671
487 802
952 722
411 947
828 47
675 941
95 291
34 656
754 358
309 439
546 565
80 996
164 3
266 17
493 574
428 967
759 794
70 590
7 376
360 824
160 306
387 597
860 509
53 860
926 704
172 738
269 10
347 157
811 833
752 615
663 693
525 635
668 424
334 856
901 863
676 41
457 845
947 643
435 648
687 148
705 523
402 625
624 329
806 253
416 368
191 86
522 39
98 867
6 376
811 814
283 84
958 109
133 634
428 534
456 759
769 87
505 342
57 814
673 816
928 384
939 883
120 923
744 822
342 54
750 595
47 451
15 326
247 360
768 731
609 958
599 872
689 961
263 623
539 485
313 738
593 766
57 60
82 616
404 792
171 93
594 771
799 461
634 127
712 840
98 28
660 688
772 531
379 319
902 153
132 892
67 961
873 163
45 275
140 383
590 473
242 394
713 475
474 758
9 625
317 964
395 695
466 51
927 991
609 109
597 822
799 402
508 982
403 314
74 907
716 42
392 98
990 379
454 799
131 758
870 440
833 480
213 76
455 695
107 463
302 7
628 361
329 808
800 129
994 151
534 127
963 254
380 845
627 796
467 481
723 315
224 696
960 352
253 201
62 535
107 344
544 265
254 971
369 422
170 759
859 261
389 325
392 53
105 991
48 179
410 950
707 550
835 843
403 619
448 70
318 190
471 763
311 551
56 76
482 879
577 152
911 465
705 580
447 397
862 381
751 397
844 562
496 722
305 524
10 398
887 789
486 903
798 276
134 450
437 706
555 329
410 384
567 889
284 931
710 948
182 714
957 451
59 713
172 153
257 364
458 882
725 326
32 111
996 483
898 302
169 601
510 987
366 364
458 44
710 92
457 290
416 370
977 96
37 760
254 444
811 405
354 199
153 142
51 586
862 596
840 839
49 45
997 494
666 995
328 613
296 178
220 769
804 897
348 722
245 175
308 801
336 853
816 715
900 499
184 854
878 740
792 574
110 237
541 341
83 204
706 667
102 361
473 952
857 360
255 747
655 537
230 906
237 122
808 892
934 651
534 830
862 690
754 392
241 592
580 746
667 46
267 213
540 423
52 775
958 684
212 329
272 145
895 508
364 409
185 694
423 477
239 502
718 912
150 130
328 539
528 288
33 540
289 140
805 234
953 711
640 524
320 574
740 842
16 994
351 79
239 235
683 648
402 494
740 79
685 827
833 738
372 86
276 165
987 402
906 350
133 183
316 606
298 308
670 799
532 456
230 463
579 301
815 86
92 985
598 412
404 323
686 628
783 194
32 442
148 904
331 720
388 662
119 197
361 825
990 789
2 655
46 806
470 215
536 571
665 425
190 716
957 5
788 329
558 396
876 808
76 212
417 815
45 326
888 525
682 567
928 283
509 153
143 694
287 362
897 194
455 910
355 870
760 547
950 776
302 853
523 352
898 238
220 704
628 891
656 931
248 724
43 247
721 229
902 299
62 495
974 262
998 898
357 962
286 180
381 944
125 914
717 669
354 258
972 102
251 255
826 711
572 758
567 665
582 512
874 459
914 643
786 554
641 704
96 901
471 10
532 696
203 603
559 918
267 964
945 657
883 936
826 621
189 156
587 926
274 513
599 879
304 447
122 105
801 94
517 94
527 389
598 462
608 383
664 964
320 137
248 48
566 187
199 196
863 986
608 810
401 868
340 609
569 887
338 468
686 118
791 54
469 794
7 965
879 383
551 518
990 551
210 790
177 535
939 70
198 503
470 893
693 599
875 836
883 37
504 773
517 159
908 856
367 849
90 584
398 238
459 275
467 140
123 987
566 325
786 112
386 171
69 525
402 679
571 81
528 942
613 3
127 756
967 860
118 92
481 652
37 968
178 77
428 446
618 643
728 381
558 980
534 100
896 876
747 569
449 425
183 182
346 175
194 973
25 153
766 754
361 135
754 606
447 908
177 15
412 181
603 450
698 846
859 974
354 121
402 916
707 787
805 327
444 357
139 228
853 693
577 836
495 217
899 294
486 52
610 188
76 59
425 92
753 400
354 717
525 612
694 331
554 767
524 113
605 531
241 922
473 845
345 233
189 356
97 825
925 763
761 457
14 665
903 159
668 261
530 497
782 740
95 692
772 292
506 507
808 540
191 768
442 654
610 598
383 408
303 769
237 899
1000 573
555 303
808 873
968 193
93 20
845 144
828 348
449 804
443 9
961 772
874 821
611 869
601 792
835 962
162 271
780 902
309 455
734 93
262 652
183 498
101 764
683 255
669 427
805 623
845 512
498 957
914 539
484 11
920 615
266 302
494 533
383 451
585 360
902 950
307 912
162 595
330 677
155 784
492 826
692 558
421 282
279 956
933 656
623 336
509 796
598 428
341 315
457 113
720 523
743 449
567 693
463 682
46 870
774 14
749 88
536 773
32 793
623 449
226 464
188 29
733 629
967 495
957 199
450 720
513 638
473 248
164 51
950 26
11 127
713 104
580 697
311 457
388 528
39 781
680 32
354 156
694 185
926 881
168 320
452 857
667 718
456 812
965 823
925 945
119 240
608 359
763 67
32 956
46 988
512 582
866 607
266 68
30 121
831 434
398 62
723 733
595 31
814 408
664 984
59 671
45 273
973 55
802 756
23 629
522 300
179 790
730 787
28 300
400 160
978 232
38 660
611 56
224 890
512 208
753 153
842 531
337 396
416 368
637 620
329 1
172 639
449 183
665 412
421 615
796 818
823 232
806 120
579 139
535 210
544 446
210 45
159 72
285 546
642 711
42 983
77 180
117 577
271 497
420 792
40 61
123 293
70 532
391 245
841 242
897 494
120 816
319 166
502 564
929 629
119 487
580 604
805 151
288 363
241 2
721 569
134 322
514 582
753 207
853 139
138 184
425 666
926 164
289 929
858 80
937 946
707 876
933 377
787 310
583 601
648 233
867 497
649 830
992 902
35 500
209 273
543 222
697 511
824 265
625 1000
66 681
764 368
587 198
623 664
427 524
312 41
266 799
766 893
270 409
866 928
117 286
185 444
606 541
689 709
19 374
194 100
547 258
163 419
325 214
399 722
193 82
881 266
725 460
713 740
451 768
624 191
40 395
102 72
416 742
720 526
857 793
441 726
184 691
767 382
212 465
699 142
620 689
672 631
236 694
335 16
546 87
211 152
312 484
113 207
273 293
679 554
576 820
260 997
876 222
756 733
587 816
462 159
503 285
902 847
818 782
972 662
118 197
156 644
475 353
250 651
994 653
597 170
628 508
877 637
495 586
700 947
724 541
281 348
626 610
695 904
703 13
231 279
643 15
88 216
616 398
502 321
996 587
960 115
952 855
97 139
533 804
736 479
893 717
472 452
582 137
449 7
970 690
247 960
394 450
339 783
150 444
357 101
959 844
866 503
799 102
539 618
337 211
174 812
349 422
942 55
68 378
695 998
684 838
483 906
594 788
780 834
223 641
544 493
492 219
365 119
29 857
291 376
905 147
938 569
965 396
256 143
326 384
116 673
974 485
46 656
761 750
201 898
337 404
246 130
977 208
700 385
898 869
25 509
872 612
212 77
67 360
546 39
253 458
265 254
449 119
648 463
65 987
396 409
957 977
948 662
257 851
402 875
106 576
70 31
871 379
132 57
542 207
518 555
339 79
214 192
560 251
995 613
709 788
717 490
168 236
965 214
394 930
194 439
855 293
858 578
16 878
8 175
276 351
899 833
809 43
160 563
667 16
138 192
544 463
44 46
800 665
930 969
524 785
969 719
565 94
944 179
684 875
714 706
27 359
226 128
359 67
33 197
366 475
503 617
171 381
165 716
550 377
41 401
321 71
355 6
761 800
928 138
621 718
897 59
522 159
889 500
882 764
884 669
520 630
30 318
759 295
685 827
717 116
397 28
923 234
205 210
926 252
868 326
699 583
424 420
198 5
731 787
563 146
145 466
863 648
518 860
944 111
104 903
565 726
241 724
583 234
562 418
285 903
288 714
347 31
155 257
70 826
976 235
420 40
691 84
929 567
826 811
737 887
323 262
247 942
403 522
907 239
583 646
533 645
346 512
566 686
98 22
23 585
304 818
799 404
453 752
844 84
556 834
280 321
19 291
255 390
476 775
319 988
377 97
741 877
506 408
155 322
839 671
733 550
490 174
425 236
53 162
7 540
644 968
732 970
517 429
891 748
496 606
545 14
668 214
90 87
751 629
581 5
359 713
873 65
55 465
338 591
89 430
728 383
331 685
934 818
714 105
665 655
939 319
50 839
574 598
342 280
928 84
174 401
697 33
654 718
951 258
1000 61
236 332
320 773
109 295
513 504
51 2
451 450
65 812
69 614
147 440
826 771
346 836
269 122
225 468
906 771
834 13
945 370
669 711
78 341
730 802
152 937
81 533
859 399
783 494
866 1000
690 890
199 389
641 363
823 278
165 588
201 41
554 262
981 693
950 977
657 799
126 413
698 310
874 668
172 241
571 474
954 725
577 248
69 276
237 665
339 586
839 179
69 416
471 642
298 582
567 906
785 766
869 598
734 82
96 737
484 359
701 566
194 289
852 350
290 173
344 622
252 272
288 734
797 680
494 550
228 578
292 397
611 935
273 374
80 308
38 791
70 30
788 978
324 159
610 729
485 417
547 420
715 446
808 859
694 433
431 18
746 308
247 538
209 87
146 130
349 228
606 466
87 304
562 781
54 35
789 395
442 151
771 909
240 758
472 403
808 850
769 58
771 460
748 87
552 210
466 865
135 531
950 392
468 238
174 857
238 521
113 647
517 776
478 339
159 94
826 112
973 295
535 346
757 533
167 531
381 652
870 233
797 415
128 886
754 858
787 924
973 312
769 737
810 202
330 804
530 823
982 894
363 251
631 43
953 755
166 450
55 833
439 95
857 771
445 766
471 220
308 318
343 377
256 391
784 944
743 792
907 308
251 827
400 436
749 820
187 915
198 354
299 802
128 321
456 236
394 587
450 678
483 82
430 887
626 424
279 583
951 723
29 387
946 807
968 421
828 291
238 663
486 288
205 89
924 125
791 441
251 494
427 97
277 554
330 95
339 831
769 23
719 824
362 661
916 581
385 761
717 531
282 438
389 369
588 630
837 562
238 300
6 423
323 358
340 759
187 298
652 85
90 409
843 642
809 728
885 385
724 965
925 201
420 947
92 386
157 888
217 139
277 213
193 298
698 923
628 338
771 175
379 394
281 245
268 572
648 658
535 872
109 889
721 349
41 450
59 45
627 967
393 428
626 486
869 313
909 629
376 660
62 683
764 389
297 903
97 258
163 135
751 338
663 794
325 52
60 180
857 779
159 898
902 31
928 53
767 383
202 833
751 314
352 419
94 269
994 959
415 277
740 761
521 638
941 894
637 437
485 655
192 220
744 767
47 37
899 904
442 498
637 891
758 613
620 785
943 189
649 177
471 929
256 476
538 461
525 943
65 806
922 141
164 447
807 543
329 752
785 629
193 325
694 931
237 171
604 358
33 971
772 404
395 201
119 808
49 271
762 816
263 384
83 689
434 81
378 427
435 305
37 413
102 851
804 569
655 230
127 582
597 924
249 42
586 41
972 698
774 93
322 415
827 960
485 566
795 672
565 92
380 764
214 886
92 728
433 347
828 31
270 842
903 195
721 473
741 836
323 98
176 953
438 176
37 154
9 593
990 684
544 968
412 359
13 733
918 246
658 880
818 164
904 48
363 320
22 681
208 935
677 886
927 981
709 247
99 47
65 682
261 466
12 491
653 307
706 1
571 221
972 662
435 103
980 971
975 947
167 234
488 476
482 469
461 547
331 682
306 850
893 707
233 518
9 473
247 524
519 140
46 880
111 681
643 554
309 601
936 725
334 574
215 575
891 66
274 365
303 510
458 728
707 378
244 45
625 769
81 878
659 785
34 909
813 596
130 989
673 891
992 367
968 852
918 110
101 692
728 662
919 528
439 509
199 499
552 623
566 487
514 755
39 15
815 154
660 596
965 193
704 747
954 622
355 176
41 263
895 871
539 85
58 49
283 296
591 470
436 999
870 938
418 280
542 754
982 340
484 193
240 349
24 435
992 735
395 348
501 381
359 464
507 631
681 491
245 201
503 686
975 383
180 267
598 716
36 882
817 866
206 669
250 627
227 528
635 867
204 9
629 511
677 241
730 761
95 300
421 767
660 911
135 609
634 841
939 845
18 141
181 255
895 93
377 113
181 826
401 339
276 95
503 877
704 465
914 263
64 717
989 11
338 485
280 973
250 853
552 404
874 544
139 831
321 164
522 224
18 83
45 548
605 472
379 877
192 300
854 667
758 960
5 860
565 747
616 500
150 595
703 471
815 559
333 431
219 341
816 368
964 665
718 31
489 531
366 679
573 297
368 354
196 890
560 871
567 470
279 309
75 296
137 232
596 624
296 367
567 261
306 51
145 249
445 713
917 469
971 193
724 344
752 60
145 108
744 679
992 748
86 236
170 392
719 694
957 839
167 840
999 789
837 125
504 907
900 903
449 541
74 975
205 21
162 478
123 212
620 142
684 33
536 746
909 500
439 180
154 911
400 665
620 657
632 232
859 212
180 772
133 358
142 984
913 225
36 863
727 752
193 916
846 120
424 241
948 218
21 195
720 986
354 648
175 733
25 331
401 972
6 220
552 958
241 509
144 893
510 507
402 594
557 227
31 870
114 820
255 886
829 696
332 124
129 503
746 121
239 611
151 631
983 550
620 64
618 780
716 53
591 385
320 764
213 150
101 635
187 592
287 950
838 810
843 168
8 188
24 440
71 928
66 936
134 387
643 880
767 607
162 442
627 510
859 999
419 220
274 280
838 791
243 166
94 97
657 402
641 970
87 303
407 826
860 397
471 402
424 551
345 991
406 331
829 919
416 620
319 615
204 366
945 154
666 611
326 6
842 610
751 249
537 638
498 510
769 681
852 835
471 676
50 221
63 842
781 1000
529 834
528 636
579 263
166 966
192 137
88 800
671 543
408 680
418 303
358 181
281 194
66 628
356 380
113 903
427 45
197 79
192 842
694 368
993 980
302 126
953 161
478 510
703 951
270 416
759 860
606 801
560 172
492 293
361 762
578 440
606 796
774 371
50 792
212 764
883 25
460 889
750 526
331 48
227 131
227 904
615 718
586 241
828 141
933 947
27 72
255 381
846 434
964 517
338 476
642 397
630 965
594 668
156 824
303 204
654 486
78 523
771 696
965 118
184 892
562 28
335 437
446 829
866 803
641 898
304 437
251 694
200 333
661 836
589 757
957 652
534 698
9 767
444 685
521 514
921 207
497 264
731 858
377 519
512 976
74 334
39 493
267 75
76 920
206 581
134 240
861 130
653 89
520 820
815 774
408 959
678 656
274 260
989 965
128 781
506 294
303 370
690 302
779 848
491 100
523 313
71 65
872 930
985 687
967 178
362 282
512 12
418 723
55 871
106 220
361 558
470 108
915 590
794 476
272 97
383 296
173 596
737 184
659 967
178 877
595 505
646 169
787 104
17 422
575 550
317 130
595 648
130 32
294 454
240 45
429 186
641 137
533 67
311 907
6 864
564 435
635 225
412 363
521 366
370 968
711 799
296 720
108 57
132 118
768 659
345 486
600 572
78 79
98 153
583 475
624 33
726 600
92 360
487 779
3 706
395 922
367 425
409 363
281 837
439 991
896 939
846 868
861 245
944 512
571 516
185 964
102 793
927 525
849 252
171 772
93 200
619 30
752 10
448 373
956 292
436 121
629 811
32 890
369 918
675 847
659 816
825 327
642 881
22 327
882 768
151 777
628 93
247 756
514 443
384 595
52 622
768 638
853 590
18 434
105 865
281 385
458 406
477 586
878 431
273 724
569 742
16 584
36 657
930 851
45 929
805 705
159 380
476 338
879 501
963 556
160 689
232 996
871 922
880 276
259 450
149 630
523 466
855 671
376 791
339 387
653 55
601 382
148 881
515 47
620 435
670 874
584 789
2 688
224 764
197 290
929 908
98 264
154 264
42 709
621 572
632 106
953 564
881 36
336 825
198 725
804 595
152 240
688 40
996 379
860 821
796 422
878 871
182 181
639 315
572 624
229 592
104 224
173 258
938 940
928 121
638 382
807 900
415 249
5 567
453 994
269 136
930 171
229 462
566 324
513 675
868 876
628 247
17 830
705 728
288 242
248 949
586 507
197 394
136 224
982 804
105 807
756 414
215 160
444 509
141 561
368 622
736 662
693 74
430 838
895 934
704 795
254 20
774 133
787 691
835 95
104 150
29 839
477 512
739 705
497 533
446 491
550 175
399 362
443 149
902 511
832 467
185 112
156 595
840 314
324 452
900 52
764 509
692 767
875 142
367 960
12 989
368 596
939 499
125 109
266 485
976 589
47 33
88 729
606 755
188 920
423 34
437 715
613 431
508 171
115 69
286 820
182 640
688 222
309 176
798 8
326 413
903 491
722 870
995 378
753 824
284 110
377 152
581 775
923 761
304 547
295 86
109 334
443 741
629 630
567 139
984 258
83 616
233 398
418 397
990 349
909 996
228 230
598 302
627 907
421 839
40 902
902 396
253 331
905 267
896 844
666 173
969 662
456 904
412 596
703 962
623 748
31 997
974 903
879 762
239 538
757 425
143 207
559 932
952 500
238 965
49 974
726 849
178 790
331 412
445 256
990 504
669 670
253 260
466 100
797 298
401 300
716 338
713 555
276 30
239 975
990 928
396 461
17 698
242 3
464 91
893 304
457 21
109 629
441 51
462 888
151 78
185 314
7 993
700 928
553 457
128 485
581 784
755 496
464 435
835 607
261 664
962 990
567 368
445 344
974 362
726 325
711 620
453 954
160 586
950 188
360 529
474 773
293 180
47 235
784 973
268 770
578 138
12 626
71 890
696 243
993 201
864 756
330 678
251 147
100 883
902 95
526 365
308 446
211 874
509 642
903 444
624 222
360 928
951 713
265 279
80 798
978 562
147 528
777 949
290 105
582 603
811 814
298 882
881 948
378 647
148 45
383 236
408 27
746 908
789 788
50 889
449 780
437 521
934 265
343 903
974 929
283 359
513 326
959 651
504 151
957 967
630 345
453 69
10 613
886 422
318 80
805 304
139 27
534 736
301 830
163 797
674 824
411 149
134 568
204 1
770 105
123 139
230 347
817 131
428 833
638 77
293 725
553 189
452 723
507 788
136 43
122 13
43 264
666 794
406 384
258 561
672 785
464 996
286 1
306 370
623 19
840 743
685 738
24 379
913 738
177 660
552 681
691 658
104 235
429 101
251 16
142 385
453 954
215 17
45 973
350 458
392 487
679 949
800 849
777 96
944 484
668 65
27 701
355 560
139 501
769 133
611 523
919 280
321 300
807 336
254 265
604 795
937 745
701 433
648 208
734 768
343 930
741 733
216 384
331 420
253 182
170 460
995 907
785 158
708 569
980 559
246 403
182 28
67 944
663 717
779 776
67 690
218 978
89 215
204 171
544 81
508 840
51 417
309 171
97 986
545 704
601 842
137 647
550 858
120 895
13 810
898 364
931 664
980 575
157 436
588 680
676 496
496 48
199 906
738 30
243 423
638 495
633 686
53 899
269 267
144 101
293 246
123 561
830 58
984 80
460 122
727 731
721 923
80 53
532 689
337 548
35 652
23 193
720 614
483 878
779 257
678 266
80 547
531 417
733 325
630 182
185 380
391 26
251 250
167 148
460 370
232 355
540 345
136 784
443 683
730 823
492 687
108 30
262 615
738 660
101 634
248 415
298 342
73 105
611 41
644 520
783 127
482 496
906 818
583 304
152 917
956 932
955 127
874 837
208 574
10 392
756 298
135 998
329 170
445 149
407 55
41 39
963 894
885 221
85 694
271 573
604 451
384 277
204 158
262 616
433 328
883 828
132 176
987 93
350 959
333 521
308 660
907 198
264 290
841 606
492 340
10 98
370 760
558 622
754 284
414 344
731 474
267 326
240 779
579 823
429 472
640 769
413 904
751 335
242 956
335 479
207 548
613 441
106 5
940 989
677 431
691 943
44 171
791 131
231 121
41 609
197 885
552 225
429 149
597 854
539 987
54 944
994 35
839 569
702 113
353 508
111 606
974 778
100 29
115 699
312 232
957 260
679 653
82 636
829 297
650 403
268 737
578 990
421 517
205 812
519 950
872 59
860 931
232 356
590 595
656 428
956 263
867 200
564 608
354 763
591 489
582 981
496 529
423 727
786 161
575 102
694 35
658 620
391 30
903 431
435 162
981 993
350 712
921 204
520 437
606 85
120 704
402 605
346 622
855 836
588 929
592 100
267 45
109 668
65 881
428 930
805 324
45 529
202 363
932 234
797 572
986 452
827 332
790 370
975 215
622 112
166 459
149 367
744 97
517 886
588 81
271 750
256 420
367 350
615 436
227 496
840 918
383 829
941 230
623 594
611 323
442 428
261 694
942 482
125 76
789 974
287 785
528 763
679 168
983 768
635 459
817 493
462 118
364 859
553 641
496 121
234 56
786 266
124 795
835 813
125 595
188 706
165 993
276 535
103 745
745 550
615 267
852 978
648 598
291 80
219 721
15 979
27 196
751 134
156 929
616 131
704 762
5 882
184 991
968 400
48 204
214 835
640 541
195 686
903 258
396 849
688 218
747 311
577 890
627 770
671 398
787 42
655 331
972 537
746 335
442 293
169 26
972 622
413 41
26 465
469 225
934 760
275 110
76 679
649 520
118 691
129 445
165 334
87 497
259 844
454 111
410 282
411 114
919 133
218 586
121 155
180 242
734 943
666 90
606 799
211 660
548 243
597 89
334 243
905 333
14 618
417 977
231 411
844 120
583 762
897 78
948 120
720 274
989 910
145 588
310 949
525 585
181 843
613 429
113 15
598 410
500 321
160 634
144 290
290 627
481 297
139 33
772 427
367 971
329 161
965 495
650 535
172 154
871 748
593 459
229 210
11 484
88 266
619 901
936 327
28 134
682 871
490 363
643 295
827 782
250 522
889 798
897 289
45 88
481 665
994 408
784 641
700 703
377 311
657 166
695 536
500 410
923 637
363 574
380 783
240 662
229 707
923 758
255 628
725 26
357 499
555 738
472 765
717 16
828 997
820 836
464 854
85 733
59 129
59 586
871 562
484 538
7 833
268 36
229 935
894 6
996 101
784 720
651 162
197 592
207 637
269 537
567 323
972 34
419 773
343 45
535 216
270 188
372 739
108 646
715 742
586 479
822 948
521 401
680 109
698 84
176 723
856 312
498 870
129 317
331 852
523 273
557 108
409 266
4 366
506 420
328 597
781 35
563 382
786 328
464 755
576 736
308 560
947 842
799 775
511 944
64 47
233 825
118 141
395 162
560 846
868 894
966 145
100 799
971 534
348 923
105 155
820 480
320 895
424 14
397 246
625 268
919 612
16 303
603 189
854 795
740 857
177 240
437 608
982 845
33 605
428 574
235 517
408 356
313 364
22 516
522 887
712 253
962 445
502 550
461 721
735 150
294 954
281 202
84 872
166 915
478 75
369 432
836 723
301 906
65 499
925 160
147 485
825 173
777 113
539 296
832 175
293 990
557 912
983 241
133 297
930 814
366 501
558 176
315 921
613 620
335 965
233 39
83 945
681 920
69 586
144 963
370 801
446 597
768 213
956 295
49 498
919 68
390 529
311 607
314 985
253 858
846 18
668 593
784 252
33 199
78 536
625 637
816 384
972 753
747 569
112 416
925 734
394 221
43 858
539 380
315 612
117 455
813 682
44 510
372 613
650 132
671 136
968 946
230 150
373 998
905 861
952 662
776 424
595 122
509 304
483 123
824 851
440 29
347 395
462 419
991 441
357 68
408 432
34 154
669 189
272 533
528 301
903 699
238 747
772 980
631 979
560 291
19 343
434 160
129 367
291 807
692 736
617 718
22 878
152 786
557 387
992 667
138 987
520 162
96 768
555 364
37 949
440 532
537 595
483 629
392 84
147 618
707 710
402 550
505 923
30 507
23 322
278 912
288 25
908 995
176 931
516 776
598 916
639 85
838 986
866 59
63 818
626 236
273 880
32 576
595 194
723 834
270 688
567 551
239 878
174 592
13 735
987 810
774 479
315 731
839 852
915 865
771 97
128 541
660 671
166 475
215 730
551 988
409 910
426 774
904 622
970 130
6 157
686 340
291 113
121 632
206 178
523 106
139 698
622 770
987 970
55 46
229 138
509 478
723 482
10 388
989 881
145 337
620 785
984 452
577 952
304 459
234 588
638 991
171 207
811 764
375 210
268 947
295 34
979 102
904 388
859 385
662 161
268 198
376 619
499 521
764 237
689 445
412 104
709 670
186 974
149 661
441 364
251 23
197 255
467 775
141 323
115 229
532 179
231 198
780 331
381 840
380 755
331 864
749 576
456 95
467 169
867 627
729 190
578 913
888 390
558 740
143 629
401 953
137 173
924 197
24 250
20 659
792 633
170 291
524 969
568 517
976 191
58 268
254 587
803 800
283 366
914 547
279 662
429 463
930 900
947 678
835 333
944 309
77 177
995 186
492 342
827 761
618 741
348 10
987 165
345 984
796 43
437 620
45 689
755 491
186 912
212 892
548 67
790 960
423 550
299 892
550 632
719 97
593 913
259 123
813 608
312 251
251 995
651 743
21 851
907 408
283 950
608 333
990 843
955 104
789 168
824 496
427 647
252 789
755 877
811 173
804 531
436 557
269 364
771 694
912 168
400 712
584 103
167 238
905 488
797 472
821 517
167 444
918 379
106 911
525 491
99 374
497 979
912 194
290 24
289 746
304 77
86 497
89 352
578 573
938 115
997 986
576 900
936 661
157 655
76 36
835 216
516 559
133 220
10 912
579 324
479 835
914 124
47 868
744 28
153 77
559 97
111 962
642 26
891 704
143 471
915 46
794 808
759 298
29 222
754 445
201 623
922 433
395 649
634 82
532 293
708 378
744 755
483 226
517 390
236 943
997 872
577 366
358 508
225 276
555 279
61 643
475 307
836 94
648 344
570 132
428 596
50 383
443 488
562 115
425 885
770 261
370 98
332 572
388 657
656 631
604 840
572 384
223 403
856 935
525 855
980 684
198 442
330 585
121 535
793 640
408 165
684 255
921 145
873 289
607 119
291 350
2 514
653 272
90 584
921 416
304 374
804 809
449 181
446 81
901 159
602 870
242 988
287 910
723 679
296 601
305 108
547 520
476 526
73 215
866 13
19 120
688 303
797 996
429 484
566 934
718 876
295 62
943 626
45 209
393 612
792 706
782 463
144 424
445 424
965 406
544 272
944 571
845 91
866 533
932 264
86 965
218 946
930 474
490 932
857 107
631 148
799 667
157 693
157 82
757 498
417 942
692 378
116 489
793 945
767 262
336 726
276 406
151 921
656 214
22 662
996 158
926 641
522 804
814 142
251 268
753 96
651 528
127 484
101 175
638 165
205 158
90 406
953 81
773 996
211 549
691 943
699 256
269 19
508 533
945 11
250 465
231 480
375 275
976 442
540 451
308 726
79 23
679 479
510 528
842 187
918 311
775 972
660 315
102 997
993 361
272 603
440 65
975 34
730 582
248 579
795 221
810 95
750 608
107 29
39 805
953 494
592 405
43 654
3 992
97 544
801 7
313 402
524 204
766 286
578 67
750 584
443 825
418 502
449 96
72 74
741 791
201 269
597 301
328 369
426 997
32 354
197 999
315 509
666 743
36 335
636 223
396 695
408 301
725 594
573 993
465 550
15 139
778 167
384 207
992 587
722 948
582 197
822 825
67 357
86 562
686 348
421 16
844 928
412 843
409 476
596 150
616 218
39 406
555 479
193 76
474 986
512 438
202 217
333 195
643 569
974 175
326 230
462 427
429 338
926 540
583 551
514 122
43 365
260 158
9 273
175 270
30 439
154 917
155 731
994 612
106 470
848 122
511 773
968 234
447 796
748 407
305 415
297 859
760 865
890 55
432 557
306 701
992 457
573 813
272 998
970 555
349 472
349 583
799 285
574 15
347 593
470 195
516 618
437 230
115 55
368 822
316 826
746 594
101 898
300 64
510 709
691 425
915 867
864 959
415 195
998 180
46 924
578 581
756 557
857 103
62 388
421 366
656 357
13 430
890 273
767 558
660 912
361 383
634 503
827 471
707 354
543 99
606 885
491 72
2 400
161 130
80 8
305 901
934 187
365 785
602 411
890 276
267 43
841 376
743 148
499 341
224 490
724 20
194 133
777 724
371 868
371 731
841 58
384 26
353 475
335 658
224 426
774 566
182 510
978 516
805 601
559 281
992 168
179 368
643 936
362 256
564 352
739 989
955 679
761 4
567 985
619 549
481 311
342 383
95 287
278 239
509 934
133 372
215 855
568 842
265 835
407 86
123 618
844 83
710 523
731 287
178 623
972 197
202 905
898 274
635 479
507 21
404 357
407 841
508 694
594 525
882 941
657 117
438 853
377 804
743 265
373 82
312 646
921 774
918 735
472 571
774 707
978 877
184 450
832 13
619 215
248 769
577 193
414 462
197 128
18 440
738 209
149 859
679 800
408 548
308 649
393 437
766 350
739 724
507 202
614 425
53 834
493 404
323 480
32 907
761 637
878 626
944 841
233 893
901 660
298 480
693 629
400 317
601 301
301 112
856 314
644 679
978 200
836 749
664 838
322 156
371 392
455 749
315 474
711 577
274 821
350 531
576 788
860 771
85 733
668 88
707 966
229 764
142 161
886 427
5 524
691 98
538 27
347 349
539 421
944 519
114 552
401 717
849 324
797 857
780 397
475 859
659 70
664 117
960 116
137 371
192 904
556 759
490 733
582 759
433 801
846 423
697 670
164 17
214 327
193 731
191 457
77 156
183 322
795 833
43 446
753 141
457 627
60 167
235 75
789 11
386 832
614 227
319 890
853 505
109 918
890 585
389 763
687 770
304 79
115 119
779 218
772 710
931 895
685 601
955 766
784 577
871 491
532 546
344 464
245 792
473 780
480 253
520 149
465 669
559 189
886 188
993 911
842 418
897 979
107 821
234 107
203 117
62 310
882 642
255 398
6 818
992 43
300 932
906 437
439 822
709 529
939 41
162 400
479 898
273 313
429 887
847 398
486 315
940 846
290 164
988 533
336 383
877 176
98 773
95 544
357 697
609 800
765 609
814 395
695 294
280 4
124 871
943 78
92 206
29 961
789 261
919 807
435 440
563 264
266 253
145 183
472 962
443 454
932 339
375 519
658 268
807 74
237 644
530 277
451 263
790 745
48 86
5 616
253 710
404 730
517 836
318 138
899 800
852 223
139 386
581 805
756 897
774 953
454 926
524 244
972 552
674 904
528 594
577 112
674 870
350 375
412 728
299 808
537 868
623 132
160 232
707 461
122 988
851 584
651 224
547 407
485 534
434 274
590 733
400 22
142 615
101 884
417 569
894 896
716 462
425 655
888 389
856 807
220 548
460 871
18 911
383 549
6 861
770 499
605 937
236 458
686 537
319 803
972 443
228 272
796 709
205 974
666 720
103 951
720 354
100 969
862 649
268 154
594 340
309 674
22 409
169 128
780 964
837 604
736 993
795 646
435 461
427 492
210 690
542 323
889 908
545 171
454 297
849 44
709 524
134 135
4 650
95 496
142 645
655 74
620 149
822 4
406 129
420 753
829 878
895 254
283 801
565 606
160 214
143 18
9 655
867 383
15 274
727 476
330 412
251 318
385 410
367 973
155 848
411 689
806 123
40 326
703 136
660 470
539 527
655 607
347 505
388 821
441 891
409 953
348 447
379 347
507 980
79 426
1000 844
10 5
455 487
113 931
820 703
277 717
300 788
500 850
235 669
679 106
961 424
413 638
785 591
570 468
209 640
813 749
506 16
726 5
951 543
535 976
359 100
163 845
111 270
915 330
803 99
232 505
245 482
885 611
694 108
472 399
713 451
872 249
621 722
469 618
796 941
131 450
842 600
558 478
951 1
302 976
858 195
424 683
533 873
880 722
194 152
51 659
961 304
503 912
93 704
771 898
753 693
984 215
102 391
458 318
896 778
47 324
751 847
340 806
521 343
143 330
658 548
711 843
563 35
880 976
27 75
629 26
282 871
592 115
409 429
666 126
971 840
126 398
17 718
407 706
698 454
360 675
927 723
286 856
497 542
249 767
281 293
111 113
830 115
955 162
636 586
771 807
988 110
830 156
366 601
279 989
228 698
589 874
884 169
581 493
228 766
250 873
923 906
78 907
460 389
831 149
601 276
164 311
306 4
834 300
557 180
677 190
856 841
478 849
205 447
374 44
306 975
859 336
234 380
41 709
670 107
934 918
149 46
539 202
343 329
885 788
768 303
53 643
848 763
370 290
812 318
716 943
882 584
26 61
348 262
207 300
714 9
682 8
958 31
399 350
387 873
677 333
907 904
878 493
418 289
218 93
898 409
720 565
296 573
638 110
137 498
837 926
323 116
121 907
211 721
499 316
501 910
37 99
490 757
278 633
658 486
787 63
908 58
487 249
943 560
28 316
735 263
435 675
777 499
366 767
966 908
901 349
289 908
608 314
538 200
151 21
405 773
930 869
329 141
473 858
390 613
162 935
53 79
582 106
51 799
631 286
116 386
115 922
463 170
503 869
924 562
138 582
201 296
354 456
583 367
345 748
153 792
362 736
631 932
900 543
983 393
87 305
738 829
914 113
411 719
395 785
231 927
747 720
410 700
687 798
679 159
731 439
71 887
186 980
471 701
374 568
842 322
316 380
194 448
951 39
477 418
226 377
39 696
221 827
656 522
110 982
955 44
372 873
576 309
340 555
63 830
54 489
619 792
884 975
152 717
73 820
991 248
407 61
932 58
739 246
302 806
323 255
290 665
484 877
908 630
30 964
780 666
459 851
267 35
699 627
586 434
106 431
132 222
941 491
15 647
278 803
106 57
963 434
261 486
753 526
713 250
605 713
871 839
982 7
149 362
580 320
247 398
834 655
360 478
559 720
580 433
1 259
445 920
701 129
433 68
799 489
526 183
974 233
737 581
59 13
642 261
57 422
904 414
904 417
464 80
249 437
795 519
25 705
472 419
843 632
611 44
469 56
867 915
994 165
980 564
4 8
497 625
650 150
242 91
737 465
647 993
463 88
18 388
900 755
102 653
758 67
363 135
657 98
713 813
724 287
364 205
151 473
376 908
28 31
187 811
121 308
881 186
248 222
62 234
514 113
107 560
672 773
219 157
803 815
342 300
48 749
756 89
673 868
575 15
345 305
413 34
694 114
537 824
163 476
49 903
113 564
141 427
595 25
761 6
964 298
730 248
310 193
50 165
902 561
320 625
287 777
615 56
789 487
914 786
35 629
541 689
713 233
259 284
693 927
554 301
642 271
318 967
417 840
929 816
123 94
87 908
683 645
46 110
101 358
184 707
301 773
573 429
147 345
592 766
922 516
128 849
15 373
676 215
815 824
782 977
712 417
422 465
648 556
594 913
463 279
27 723
30 509
11 829
936 684
464 526
667 640
532 700
160 776
820 326
920 889
118 790
732 400
929 108
229 532
16 487
466 987
898 195
345 138
815 59
741 938
967 65
109 739
786 303
159 342
53 978
289 754
475 330
377 27
71 752
420 505
754 29
691 903
238 472
746 389
638 972
677 152
913 272
948 762
278 146
301 909
342 66
312 79
45 435
391 908
599 498
27 940
964 670
304 980
941 11
353 853
156 19
47 530
211 817
830 666
405 287
81 529
374 8
937 20
532 449
358 162
503 322
79 946
364 751
681 772
851 996
127 915
409 449
109 110
800 644
931 549
724 771
563 656
787 3
717 806
416 382
434 344
228 587
794 448
783 86
347 575
910 956
87 781
509 547
290 447
64 837
61 158
164 44
133 831
288 582
480 391
797 309
506 983
425 128
832 618
156 648
790 705
380 746
394 735
93 269
374 123
645 918
744 13
540 139
5 884
803 412
918 844
550 359
445 762
801 200
446 877
184 874
357 256
792 879
261 82
880 869
362 241
318 903
457 904
196 93
315 532
938 887
47 386
188 825
216 907
590 224
164 859
580 230
78 876
629 202
16 960
2 107
248 372
393 617
642 39
233 338
709 415
76 570
572 113
17 159
89 770
691 460
23 358
210 720
321 197
952 279
568 769
59 674
471 23
340 110
321 275
294 844
822 269
670 121
664 83
881 164
234 941
383 568
257 889
372 146
506 766
875 56
213 526
584 476
296 495
771 900
320 19
811 61
235 394
641 180
742 767
414 384
770 217
830 798
996 199
441 978
691 907
285 152
744 613
509 382
591 782
85 714
698 623
405 872
604 141
208 547
287 465
397 581
338 712
900 677
814 606
960 200
977 839
277 131
661 899
676 933
618 245
613 648
992 331
328 436
608 830
548 15
621 741
193 792
274 232
649 969
812 837
992 937
277 129
895 628
726 132
420 564
985 814
826 930
656 348
316 162
279 493
209 368
718 72
117 676
193 102
683 99
161 622
392 251
840 524
420 98
494 483
625 426
378 751
624 105
101 935
994 740
81 47
828 837
463 858
259 850
712 372
225 870
823 178
333 971
652 657
660 46
870 519
278 40
97 300
976 505
683 159
374 919
4 649
943 927
596 464
951 796
78 840
533 986
856 953
267 656
459 602
391 546
80 256
42 585
610 417
552 78
120 141
724 868
556 623
541 826
906 320
64 939
576 152
927 395
531 330
214 428
885 7
105 38
82 792
581 817
647 201
321 779
575 754
871 844
479 897
612 327
22 913
589 9
795 210
602 515
293 555
959 458
94 837
281 704
413 271
573 897
535 710
818 552
567 920
500 245
927 874
967 696
895 911
843 439
865 178
868 194
269 374
950 404
317 439
706 450
558 295
965 601
246 435
472 450
219 121
888 57
205 615
378 522
219 975
177 468
895 854
757 84
418 66
851 938
697 535
236 969
633 457
552 188
539 890
67 737
333 414
978 386
206 998
388 891
912 14
188 565
318 42
807 130
530 492
426 573
483 799
130 270
943 517
361 700
651 856
320 715
722 764
567 573
90 146
986 611
562 652
769 873
795 724
700 941
576 701
515 658
386 849
120 972
356 209
882 955
763 479
516 667
802 115
179 303
973 352
66 356
204 82
204 833
158 869
132 589
74 825
186 774
946 331
672 488
842 986
104 683
137 517
867 259
539 668
946 249
969 868
373 145
413 236
279 662
287 369
846 307
187 421
426 90
774 614
423 835
751 732
888 239
446 869
446 318
485 724
639 474
258 706
465 995
253 680
843 298
356 504
768 816
435 459
609 36
770 788
490 132
11 887
250 826
723 721
857 147
974 27
773 579
402 166
756 932
109 945
319 322
566 761
209 472
842 316
453 60
805 28
517 309
522 242
667 43
945 347
283 168
166 664
76 44
918 252
788 608
30 886
97 424
505 367
405 467
574 972
529 304
77 110
64 526
140 614
97 988
463 141
313 131
930 927
145 167
536 279
91 270
548 430
143 336
835 426
64 938
345 262
236 32
486 676
41 661
541 494
141 840
698 964
648 207
10 19
698 485
476 79
202 406
948 51
430 421
233 704
859 351
39 639
470 849
346 629
27 957
249 835
677 30
321 642
426 306
722 291
345 79
564 825
256 481
884 573
875 294
80 142
972 679
754 635
650 936
928 700
781 783
936 264
852 656
558 209
435 428
648 609
909 647
746 354
374 490
801 826
604 393
303 34
483 180
89 54
69 404
864 15
990 695
144 296
551 659
279 583
244 683
558 426
19 253
5 147
551 251
139 845
452 96
140 837
264 767
958 760
700 518
557 949
547 89
640 960
346 563
53 955
164 446
899 551
620 47
503 516
291 410
128 732
455 702
164 40
461 798
421 239
707 53
791 482
445 866
266 588
79 776
851 338
257 938
670 910
801 166
37 881
284 664
369 296
50 186
886 103
744 249
319 639
757 863
749 462
1000 644
517 972
888 541
711 771
549 409
444 102
120 435
560 686
659 38
802 634
385 149
91 879
346 896
675 392
139 684
737 726
274 271
618 846
625 156
472 381
227 995
971 584
813 497
476 585
89 872
20 750
940 952
509 661
592 164
749 950
346 922
276 330
149 579
722 124
453 443
917 226
783 291
155 592
720 579
877 594
657 410
748 313
363 649
647 92
968 754
101 128
268 594
357 674
521 405
409 606
512 383
892 248
278 276
253 452
816 896
527 501
77 741
604 300
453 941
717 346
717 111
627 542
932 979
155 624
959 495
205 999
771 134
647 897
773 225
936 392
797 131
275 649
643 738
485 335
647 801
24 758
219 933
205 236
968 805
328 540
985 920
867 264
699 568
185 511
996 853
440 113
61 301
164 143
655 936
188 858
251 645
534 947
552 432
494 252
498 883
171 510
964 412
418 821
450 243
125 123
322 648
515 883
952 959
602 217
446 887
791 290
765 8
782 226
132 70
771 429
83 789
754 103
565 12
79 150
716 558
738 171
974 542
573 274
938 86
375 686
688 27
693 604
762 919
263 287
288 995
67 715
624 553
794 320
984 391
650 781
621 814
248 940
147 466
614 863
149 23
943 907
509 670
314 664
841 106
445 983
349 737
382 107
719 39
845 923
962 323
536 607
687 57
266 233
209 419
91 178
101 968
545 345
695 827
375 451
170 678
213 96
518 67
49 387
408 516
543 759
97 940
871 973
417 197
213 646
978 656
157 784
668 994
658 834
757 221
29 425
966 739
444 274
709 92
324 644
232 126
408 750
247 178
696 100
640 982
34 148
30 288
205 773
60 885
785 734
50 820
41 593
138 124
110 413
908 826
995 294
927 537
2 26
497 525
823 91
74 474
530 903
934 165
494 803
487 105
635 502
715 304
443 896
822 653
681 217
89 551
366 72
545 159
351 384
287 699
599 302
140 701
172 645
108 50
424 358
834 475
639 393
264 613
343 194
636 67
489 125
22 39
485 424
361 141
106 521
822 241
256 407
349 400
381 800
71 355
431 793
625 903
957 417
687 782
30 178
453 953
519 920
701 552
690 554
411 487
95 224
321 517
129 597
919 399
376 589
436 92
826 755
147 200
889 96
399 453
927 625
568 508
133 121
376 445
83 191
755 816
502 848
459 799
966 473
732 873
149 321
194 851
734 585
761 727
96 730
997 554
830 60
932 57
314 396
716 643
540 920
439 863
763 337
21 447
653 711
958 124
124 605
687 484
755 352
716 750
329 561
59 151
804 468
73 865
786 873
937 329
387 296
126 752
119 952
955 837
838 76
191 431
989 263
989 129
298 231
240 439
648 309
284 725
626 893
614 383
103 220
197 293
634 143
747 800
633 941
343 601
690 118
971 133
820 675
223 292
981 813
163 475
969 219
455 433
707 631
221 311
169 826
513 207
277 73
335 330
937 475
601 464
263 113
608 789
233 741
640 495
896 467
892 884
612 241
773 951
760 350
245 511
694 381
108 230
766 118
160 974
730 726
496 118
80 981
720 762
423 758
136 258
590 463
718 946
869 11
192 95
172 468
200 37
427 922
416 367
494 223
607 459
274 526
429 752
753 661
499 52
710 605
307 268
417 811
505 120
363 414
506 914
99 987
671 354
630 967
867 843
422 23
283 926
793 598
313 738
432 470
278 827
841 337
741 405
167 990
833 20
86 889
502 232
60 804
571 288
775 248
784 208
496 787
973 904
107 486
158 269
113 257
956 156
178 830
830 176
795 914
988 718
90 83
372 42
357 455
180 362
612 138
409 26
366 624
702 231
441 440
578 450
353 240
913 369
693 771
870 865
294 235
416 244
348 442
53 990
516 61
830 698
813 690
167 254
933 12
257 763
494 541
164 129
63 735
952 198
422 463
5 825
442 594
717 536
198 693
774 369
488 907
522 876
81 652
745 88
651 511
608 63
248 851
947 833
767 333
276 18
319 163
958 200
859 359
808 770
405 778
45 154
239 550
85 764
92 756
925 223
153 656
128 42
643 881
69 51
984 778
514 396
95 44
333 946
2 278
338 234
313 775
709 318
39 429
318 989
540 555
882 571
387 433
475 350
429 620
40 922
491 943
510 272
972 359
113 337
434 769
319 583
835 414
427 213
255 148
921 462
70 489
689 89
309 279
632 656
530 142
996 635
284 88
718 661
498 694
195 860
624 905
386 184
168 208
604 142
674 677
182 448
619 861
407 553
241 893
18 613
659 786
490 50
84 322
469 729
442 57
693 132
870 559
869 450
338 372
931 924
854 949
25 518
829 723
661 698
275 446
987 96
75 574
669 188
105 408
408 445
103 471
41 190
452 348
402 126
579 712
837 226
830 159
222 892
76 899
446 219
933 247
639 909
896 304
275 654
494 962
311 451
698 364
927 200
849 986
885 999
144 38
124 295
559 757
11 560
859 392
868 991
308 435
556 850
35 684
651 110
771 669
945 220
659 549
265 155
539 550
901 163
898 588
349 246
615 526
129 48
427 212
729 639
415 879
131 851
137 533
644 306
162 196
370 948
133 987
308 415
975 950
746 324
25 655
678 390
478 831
833 999
935 993
17 498
904 620
183 613
13 248
251 97
19 823
48 818
254 472
985 975
503 754
596 942
787 635
311 637
631 612
698 239
162 117
370 556
79 663
493 920
347 332
279 312
954 491
844 54
104 14
198 157
326 817
891 896
521 654
222 927
750 931
516 772
309 524
526 806
942 788
159 169
304 973
499 897
317 38
844 798
977 26
126 81
820 198
231 454
887 363
563 296
993 989
518 916
652 153
11 353
344 707
690 625
270 336
777 733
236 687
825 996
427 188
962 665
383 166
572 579
654 359
818 586
552 65
77 68
27 525
244 493
123 921
952 556
156 274
258 441
396 426
81 331
267 451
113 844
506 820
53 670
600 704
6 997
786 189
114 835
668 289
158 991
170 376
68 163
333 121
499 248
645 567
82 195
100 896
740 481
470 832
403 535
793 479
16 854
865 388
331 249
964 22
56 77
5 407
851 373
480 347
863 4
958 305
381 529
950 308
387 834
31 140
876 513
646 607
453 896
324 529
759 127
7 732
709 978
838 801
519 786
109 890
205 84
185 218
530 820
748 492
225 466
195 165
129 812
575 731
350 555
222 200
252 771
254 875
841 123
78 239
249 930
779 775
896 197
672 668
244 721
243 370
629 305
710 235
527 329
625 791
596 745
592 430
982 261
327 817
186 922
521 182
546 787
152 262
536 555
823 628
252 646
16 567
988 392
153 117
107 671
430 351
354 933
508 278
137 808
239 504
26 752
854 152
828 201
308 156
512 579
877 831
166 625
176 462
389 235
73 544
1000 59
737 990
269 627
89 912
451 109
962 547
108 885
321 642
812 855
900 865
301 4
716 996
860 97
995 924
563 365
622 592
5 845
374 13
133 244
673 301
465 891
381 682
797 340
387 828
613 324
355 452
861 163
106 846
537 706
789 696
561 515
742 756
72 552
368 977
115 84
240 388
221 295
866 535
706 965
202 239
898 620
585 132
654 76
217 581
339 12
250 120
844 387
605 167
615 745
418 487
617 454
383 670
383 732
160 279
192 570
207 467
439 589
331 872
847 817
449 837
800 891
494 873
202 506
359 30
672 752
116 582
845 889
166 31
588 420
187 50
682 327
299 336
714 878
362 660
331 406
926 155
385 280
768 21
313 175
597 422
476 641
496 631
121 181
806 480
983 524
498 90
760 668
533 998
951 134
601 117
777 136
992 947
627 175
782 850
935 323
187 435
457 750
627 195
107 261
640 264
518 806
633 101
935 707
725 599
280 976
491 946
971 408
788 131
725 283
993 269
546 92
793 502
133 350
421 958
293 566
542 522
179 12
618 131
267 88
203 281
198 684
666 693
697 647
625 263
89 185
462 896
339 298
337 890
337 168
327 730
98 922
535 735
505 909
81 980
826 835
972 419
470 874
527 401
380 580
917 37
917 844
353 89
963 147
527 393
212 587
258 613
721 454
919 152
70 91
875 473
355 298
224 170
197 830
972 973
562 89
160 94
628 128
47 747
406 314
171 279
384 310
772 615
476 772
85 603
235 885
206 937
699 137
293 828
724 211
549 656
662 327
690 248
181 584
827 209
783 418
153 375
13 746
430 628
5 19
530 264
674 346
94 115
659 313
57 415
730 848
614 933
651 609
571 842
60 101
477 168
481 660
491 772
202 825
269 456
310 782
910 873
31 896
444 167
911 672
620 277
574 140
56 115
984 359
441 426
157 628
576 313
675 79
605 931
18 299
559 688
592 220
810 472
869 254
812 465
853 441
953 842
474 592
964 588
165 297
464 388
558 67
343 467
401 497
315 850
981 178
222 238
683 995
397 26
684 588
19 705
194 497
481 70
816 26
581 28
727 837
753 638
528 800
90 277
645 769
676 515
406 443
501 520
581 538
175 494
392 824
307 371
411 854
559 117
531 511
723 167
665 833
702 595
60 167
650 255
916 736
668 984
755 859
436 147
574 633
133 714
755 634
629 457
347 99
762 325
374 612
925 745
290 769
687 16
595 627
39 80
626 287
535 20
22 786
724 991
135 581
459 772
79 702
528 204
152 473
288 935
500 765
923 372
316 213
607 438
541 160
202 390
243 721
47 960
922 289
786 104
590 238
719 169
537 380
628 165
999 301
888 807
230 713
667 28
354 211
228 398
104 66
455 762
818 90
277 204
332 19
921 260
134 480
424 26
541 88
622 193
731 143
543 442
736 31
960 337
593 781
393 36
10 862
91 712
495 788
673 485
394 769
196 559
812 262
153 822
970 724
361 46
340 941
636 955
336 118
50 970
368 145
488 282
169 970
73 752
250 52
731 804
398 186
242 895
975 597
508 622
621 783
487 830
45 589
812 376
744 567
89 841
547 899
582 59
58 791
860 368
705 356
653 639
733 440
457 405
673 100
420 700
692 446
441 597
458 883
791 266
328 317
449 690
157 525
372 344
849 815
116 627
188 326
924 535
537 407
768 173
375 385
47 624
787 71
100 771
765 79
970 18
904 220
539 255
153 203
280 734
875 954
20 844
293 2
993 79
822 32
178 402
613 478
634 391
270 1
438 518
228 703
701 400
630 922
84 531
123 384
284 429
413 460
33 429
74 720
602 268
356 46
364 913
803 781
138 217
338 41
271 952
234 172
797 425
808 303
642 684
969 917
339 841
35 927
973 59
670 977
129 79
939 879
916 950
31 275
623 384
510 549
428 333
948 220
93 476
742 589
884 691
777 375
483 18
476 404
253 246
452 481
46 232
265 888
237 342
974 429
907 715
703 363
283 362
148 478
624 840
143 54
458 633
142 715
833 845
959 225
488 845
611 116
891 709
879 138
304 898
41 518
248 784
440 889
849 585
15 971
661 544
686 385
232 424
900 89
246 626
574 418
716 843
790 854
511 366
63 944
235 915
734 910
745 340
984 759
240 56
95 787
698 215
983 692
993 301
554 763
161 420
163 729
647 706
867 476
401 505
654 450
216 122
628 244
823 258
352 209
269 96
260 778
961 863
529 346
608 163
967 163
521 962
530 25
587 43
733 967
186 172
449 437
608 555
870 546
360 727
1 394
935 412
167 122
112 399
469 574
886 950
904 592
675 353
184 811
599 763
147 435
145 96
399 339
898 746
443 863
725 504
912 411
676 461
468 10
37 63
512 228
476 542
582 326
528 960
672 87
69 801
516 377
806 633
348 487
281 922
405 608
496 187
720 580
905 11
547 133
497 162
493 962
410 959
611 498
312 382
982 816
80 756
559 627
799 548
69 559
873 560
500 88
131 642
934 518
315 459
984 748
62 331
307 12
94 777
964 759
406 861
764 743
198 718
150 968
183 876
348 622
937 412
681 879
609 231
906 9
22 421
291 503
700 432
810 586
318 716
553 633
481 241
44 410
113 517
551 133
41 928
189 575
684 363
921 726
166 489
813 306
310 995
941 663
373 32
721 77
5 169
896 196
67 940
121 142
665 668
647 975
938 299
244 956
355 126
421 538
515 556
63 257
278 650
490 204
609 983
495 961
760 683
779 108
656 335
416 866
845 957
115 693
77 481
481 446
19 284
717 682
378 427
984 781
980 924
136 139
167 357
835 497
736 752
468 709
703 20
817 735
730 507
213 494
863 686
936 515
968 645
988 695
30 6
483 780
453 900
977 305
648 837
204 693
430 374
816 32
486 728
402 166
661 882
510 717
786 459
878 634
722 857
633 30
846 922
157 698
41 933
688 447
612 381
759 683
196 731
370 109
401 799
229 296
560 476
855 868
434 430
894 21
348 715
585 32
547 916
298 639
908 771
475 808
842 773
630 40
443 832
829 765
967 782
708 304
671 4
801 278
206 936
954 566
849 871
619 360
853 670
306 947
805 134
290 321
712 155
786 835
490 295
414 659
486 905
353 238
89 820
763 176
198 538
48 833
794 139
155 471
491 60
528 95
114 814
454 568
318 803
675 348
671 364
159 852
950 81
136 747
163 825
320 277
889 293
797 536
139 183
300 540
687 548
925 7
146 702
787 634
958 184
143 210
811 727
43 232
352 117
995 95
427 492
627 298
475 527
142 786
269 857
435 826
262 390
180 173
1000 97
856 412
277 521
63 250
146 667
782 41
754 772
281 936
217 901
382 527
969 994
755 327
699 594
40 193
94 201
442 213
571 10
786 171
117 772
603 815
364 514
448 225
438 924
248 29
234 606
423 509
287 610
533 500
714 216
877 158
152 333
49 70
792 646
60 293
558 543
653 81
216 674
710 618
448 870
104 350
829 394
821 984
583 21
623 170
416 362
504 117
270 179
832 334
230 648
17 794
12 939
752 829
184 938
876 382
157 483
548 531
539 941
989 881
259 485
509 533
882 47
879 189
778 222
780 962
991 817
315 265
870 616
248 702
126 564
976 534
954 335
416 502
343 652
376 99
425 791
411 121
131 753
950 760
409 923
551 275
462 550
383 451
619 432
569 277
434 232
220 138
393 866
566 72
747 622
427 340
591 60
445 620
844 300
186 564
597 183
671 201
983 393
276 590
283 194
414 985
336 346
861 75
640 544
318 883
477 975
718 46
481 887
623 74
931 453
965 686
815 975
41 949
765 415
176 985
738 132
242 923
611 930
85 72
731 315
318 129
247 329
473 536
359 732
584 147
136 86
269 623
170 139
674 666
172 847
200 416
935 1000
565 522
82 873
281 756
512 271
909 570
32 119
787 913
237 322
678 123
796 386
268 189
723 973
790 123
794 310
238 897
594 652
707 51
84 58
482 547
472 237
980 86
688 20
293 168
494 704
906 235
39 7
137 448
890 442
865 745
964 443
371 698
339 4
735 149
647 724
932 505
256 38
723 891
144 290
657 708
237 590
809 240
472 930
659 857
280 208
720 305
17 274
662 705
709 521
547 990
530 208
486 194
282 189
305 756
664 164
392 504
902 420
575 432
242 720
808 493
561 666
465 72
490 349
678 695
203 360
424 975
242 397
348 183
140 705
264 365
377 939
754 375
595 104
178 992
499 445
792 611
430 305
938 630
926 98
64 180
429 741
38 339
557 320
512 975
142 600
535 887
994 139
839 53
867 399
147 283
515 928
449 827
102 965
709 353
193 146
9 539
757 313
436 746
748 878
305 739
499 880
69 800
134 654
244 46
229 496
509 610
416 823
578 219
86 436
950 923
823 892
928 25
358 129
103 429
500 341
7 787
932 417
551 750
535 761
821 619
44 156
612 815
20 310
131 288
258 769
734 6
495 91
251 56
139 216
849 276
237 968
1000 304
238 292
603 767
276 542
943 956
263 205
685 493
768 841
856 126
170 529
779 733
374 677
817 286
450 911
55 655
720 269
390 285
346 973
393 396
740 945
106 658
710 637
832 498
846 311
44 587
15 71
521 347
377 691
205 163
678 959
869 832
211 148
659 375
694 303
179 643
239 149
916 124
638 221
104 454
582 197
648 978
209 534
796 600
238 467
291 138
541 350
490 395
923 623
17 763
204 594
555 448
813 636
687 229
244 1000
511 246
46 337
843 450
345 600
262 578
527 519
339 299
709 663
132 540
597 11
964 488
458 30
799 840
232 747
896 226
688 863
19 59
801 625
433 542
84 378
330 663
872 35
459 609
914 967
653 210
413 396
404 783
262 378
870 855
754 655
91 254
502 431
618 560
873 228
483 520
155 443
350 440
379 50
428 44
340 205
649 65
694 503
388 119
958 948
689 121
314 935
217 463
148 702
900 330
109 760
279 628
651 132
260 267
726 646
731 458
529 731
656 434
393 351
754 966
278 428
534 318
552 835
188 594
463 531
256 234
180 159
244 374
559 709
320 441
223 762
999 985
91 976
383 756
478 549
359 954
976 997
378 805
672 235
670 663
197 595
622 379
46 285
897 307
745 838
249 585
2 666
659 171
151 855
272 409
919 929
250 214
632 347
530 449
222 844
926 354
774 634
421 711
693 855
915 882
566 937
526 595
392 525
280 614
818 682
233 429
813 856
626 672
600 390
956 336
780 581
557 821
39 475
849 724
751 472
928 408
754 40
200 21
548 138
569 364
148 222
921 268
378 739
331 15
964 539
409 860
371 851
364 143
141 335
921 937
466 820
522 411
759 775
573 921
126 190
183 208
844 948
704 236
734 415
490 569
163 605
729 599
930 350
892 217
299 757
707 301
929 767
270 117
447 806
789 87
198 903
579 329
886 513
116 549
672 650
629 38
225 880
606 264
411 877
451 292
233 22
463 946
500 464
395 875
897 249
141 200
769 996
615 357
443 893
652 930
31 90
147 571
200 372
843 18
93 236
524 950
895 624
169 797
688 458
515 426
613 580
587 674
15 373
130 848
98 657
2 961
804 324
299 502
579 700
518 694
112 649
35 519
90 393
495 957
763 506
257 970
758 592
752 22
250 519
87 650
388 751
210 904
530 589
956 959
107 394
970 932
133 758
52 983
973 641
497 384
379 46
37 320
63 648
471 537
221 334
222 139
343 47
123 3
64 769
301 614
642 18
12 283
689 159
509 756
705 556
922 122
504 912
595 497
733 450
140 422
162 371
753 406
105 827
439 416
504 397
889 53
174 984
904 521
837 631
994 893
775 631
75 409
477 721
576 232
167 152
757 587
947 612
94 991
851 312
991 462
531 700
985 461
187 666
109 418
79 483
509 876
919 296
824 289
857 892
259 604
526 355
178 445
286 735
294 267
496 317
124 170
344 560
659 327
765 351
119 767
277 774
692 361
12 588
611 7
544 477
779 652
548 306
214 792
697 16
713 257
631 415
474 560
246 533
248 529
692 111
68 907
927 65
570 655
36 270
861 42
638 926
45 294
203 495
383 765
370 770
451 384
807 465
131 944
461 882
711 953
271 694
4 677
364 92
252 680
263 778
740 752
533 566
957 988
219 510
887 323
693 7
567 468
439 320
529 803
713 831
972 941
589 183
964 700
81 688
598 1
237 949
273 478
863 629
995 80
952 12
552 494
719 407
463 485
854 626
65 634
102 143
607 937
650 543
436 23
986 775
690 324
998 253
982 977
485 39
820 463
614 98
875 903
957 287
88 688
388 103
368 364
559 500
43 960
844 260
264 276
456 139
793 79
894 94
984 389
42 120
958 498
435 687
726 155
180 853
601 706
781 658
448 267
944 896
449 300
793 190
922 957
504 759
740 222
888 602
904 32
533 551
71 275
622 652
689 889
181 296
135 887
99 724
447 535
258 510
390 538
769 534
219 62
982 760
472 16
973 355
827 611
932 24
235 865
778 739
10 300
696 948
207 361
2 401
385 90
53 140
836 629
948 614
941 981
760 966
357 432
868 975
124 816
783 373
356 391
509 493
544 597
628 726
500 830
867 544
678 617
136 823
361 356
733 471
370 784
231 524
647 409
555 865
873 896
42 949
874 514
250 534
306 284
71 146
280 901
996 594
252 921
340 709
981 291
613 718
774 94
15 248
656 252
397 426
741 620
669 342
917 83
953 813
70 790
745 530
382 360
218 955
389 904
859 363
465 729
572 239
937 121
453 97
527 708
295 437
544 346
86 183
207 924
839 332
331 540
702 528
920 162
958 970
342 412
237 80
386 951
958 151
574 140
848 630
36 40
914 899
869 66
43 662
550 920
43 771
318 574
442 1000
147 362
529 972
945 645
232 20
914 553
131 589
917 975
523 161
151 277
900 98
902 928
610 689
673 644
274 399
392 412
776 413
523 539
425 630
84 429
450 825
656 192
671 929
864 708
130 420
570 634
628 608
63 105
917 955
592 286
608 726
631 192
908 713
581 463
214 861
880 302
998 133
190 27
770 738
833 187
217 547
832 9
524 721
47 162
26 957
153 723
567 676
384 615
417 523
964 966
28 870
846 230
646 681
664 808
433 320
898 873
619 115
132 258
219 830
258 928
987 573
692 769
942 988
272 246
762 265
362 710
890 836
119 883
26 118
879 309
97 527
389 724
38 522
941 802
383 132
544 980
482 316
6 152
488 965
223 628
929 640
485 976
956 614
86 440
475 590
356 445
131 817
384 880
812 467
202 956
839 638
512 974
667 854
872 172
794 470
34 767
319 343
263 676
719 568
856 689
669 797
872 897
673 713
430 918
629 671
558 862
888 942
870 730
807 70
178 622
560 802
627 689
725 469
91 179
259 659
937 720
642 670
687 89
536 83
458 80
489 445
90 673
127 253
904 189
603 231
282 17
115 685
489 275
643 458
170 160
440 553
916 76
425 967
264 452
692 993
40 421
972 700
314 836
678 610
93 203
683 250
680 595
526 415
700 834
763 447
593 62
605 587
199 731
965 935
412 767
74 3
629 311
228 819
800 797
642 795
473 931
81 398
781 791
7 723
947 905
177 230
962 221
676 217
136 128
386 598
214 121
542 306
507 402
639 837
954 209
234 663
880 849
801 273
358 543
849 397
278 940
818 720
745 843
973 817
835 272
824 892
229 510
417 260
436 243
88 955
836 112
918 111
396 921
646 797
402 521
53 712
524 140
137 511
712 786
662 379
893 921
619 91
509 454
165 432
978 881
936 666
961 840
828 815
925 831
860 741
685 980
617 168
384 37
752 124
627 993
114 159
645 249
112 814
93 713
707 34
460 800
184 714
467 230
169 61
535 876
188 5
640 600
943 832
9 197
502 51
113 834
14 373
430 632
802 487
504 790
313 207
235 599
758 940
600 226
912 519
993 178
371 930
505 106
298 960
101 535
778 835
924 930
460 125
926 234
215 44
982 374
288 831
34 711
379 758
218 621
17 161
372 703
347 836
402 942
645 803
330 642
917 473
17 725
52 302
998 597
73 59
22 552
30 290
379 228
548 258
651 574
934 678
870 815
914 254
892 919
627 784
117 361
191 238
77 360
272 660
348 461
646 872
713 63
671 212
286 57
204 789
590 17
197 413
948 212
694 255
991 128
35 357
132 324
229 581
605 816
465 999
351 3
782 862
288 773
482 903
306 517
979 590
538 998
742 56
464 321
700 128
31 346
219 230
928 759
285 603
30 913
468 360
179 323
511 881
774 893
42 71
414 288
394 438
685 614
222 588
288 578
810 117
163 607
419 844
285 643
46 882
272 960
972 28
634 284
183 262
1000 126
558 255
386 835
413 38
42 540
803 624
113 240
605 373
276 799
984 423
698 497
126 55
777 551
144 286
527 864
899 400
55 825
995 766
483 420
768 650
582 288
565 674
85 169
498 186
693 662
839 484
536 816
969 88
734 445
328 714
291 43
294 836
407 545
890 936
663 107
785 245
670 24
278 673
103 653
789 753
839 548
738 398
314 500
602 26
865 162
716 39
294 218
245 252
432 265
597 389
480 15
691 339
387 788
364 359
378 756
374 572
70 649
442 241
38 981
392 653
598 806
634 448
247 608
705 963
429 6
290 248
585 286
291 300
881 59
3 181
281 390
9 244
646 943
25 502
626 879
805 527
927 966
890 761
109 857
175 882
139 90
323 638
917 657
467 939
610 623
246 876
442 955
848 975
842 65
541 879
37 343
914 145
650 402
533 964
2 773
365 195
532 695
601 575
165 182
631 380
21 587
335 945
600 570
957 873
708 511
668 176
939 612
564 168
561 763
659 406
272 677
5 658
847 262
158 868
276 578
852 554
791 718
22 994
930 839
169 683
540 855
36 974
728 990
40 63
243 891
666 5
596 779
776 799
247 203
49 407
110 510
570 508
950 803
299 607
771 462
616 61
282 849
674 708
925 66
834 371
785 793
605 669
224 179
657 559
933 687
377 724
659 731
604 649
856 464
948 308
568 607
749 575
881 493
918 875
430 836
189 427
551 344
152 698
81 387
642 782
284 689
512 588
975 914
237 69
692 444
386 907
330 88
865 911
956 711
902 626
117 206
434 419
12 542
799 885
862 500
317 458
709 971
26 204
408 260
128 957
818 620
989 686
291 89
140 836
315 316
436 602
265 678
531 341
263 571
644 833
938 506
334 488
739 458
232 917
702 482
13 194
224 631
570 554
774 267
162 175
161 883
115 119
172 885
709 880
361 168
854 241
834 50
823 725
157 562
247 755
954 417
639 697
743 807
737 118
84 457
939 312
235 708
310 531
269 232
784 395
262 800
156 785
954 413
550 141
546 823
452 735
827 698
749 361
417 48
610 382
268 935
206 962
755 965
218 683
391 651
504 330
625 523
901 671
20 236
236 113
796 370
139 67
330 95
143 745
386 804
33 138
329 471
664 912
440 89
710 759
887 945
64 802
938 288
487 696
339 670
638 789
788 272
559 534
495 651
358 793
146 513
479 212
42 538
366 52
770 219
900 323
194 735
220 71
918 119
589 194
677 798
447 156
484 804
995 849
875 787
859 280
909 584
308 848
989 433
630 26
542 448
827 693
328 923
836 376
611 666
473 512
1 19
401 934
421 823
402 30
272 469
761 306
281 794
519 727
236 679
103 867
854 588
871 721
569 843
775 921
507 374
370 955
75 536
385 655
498 774
826 362
700 787
905 966
518 939
398 445
300 946
47 483
377 396
75 672
795 821
52 545
651 885
15 816
854 136
131 679
801 143
763 327
854 818
524 603
496 83
235 337
544 404
50 762
650 898
512 392
94 514
464 261
633 478
222 364
379 488
712 603
554 164
464 620
741 114
950 63
75 250
243 376
165 896
655 598
513 376
785 900
939 675
272 138
473 777
935 411
562 427
738 352
977 259
148 126
214 486
820 351
84 111
789 605
900 692
113 54
667 580
226 241
647 548
646 745
295 328
451 564
122 531
299 284
489 60
103 366
191 152
813 746
621 406
957 638
370 417
708 180
889 594
180 261
437 320
284 2
747 698
180 861
811 33
849 942
173 276
802 524
717 83
674 589
602 726
90 802
715 497
304 116
667 589
163 974
677 400
668 68
767 229
119 436
265 733
948 466
64 467
147 781
69 734
462 642
518 757
614 130
17 941
705 309
439 500
139 649
170 299
955 566
604 990
93 753
211 353
401 502
419 839
797 820
969 371
518 90
214 612
533 961
930 959
945 174
829 683
958 492
844 857
521 343
679 169
924 680
266 83
461 778
174 957
857 584
185 437
166 203
862 889
276 512
95 315
153 169
170 761
289 552
29 431
841 908
60 83
292 71
277 713
510 450
636 743
308 669
69 633
56 539
462 722
519 161
872 843
564 151
745 505
524 955
250 607
227 252
995 960
73 555
993 665
201 866
488 896
640 25
931 547
468 821
468 272
528 83
616 396
914 585
675 337
305 555
683 692
241 718
262 661
532 293
357 289
282 71
954 879
382 784
662 217
791 763
137 952
963 101
456 389
920 128
19 124
73 719
638 513
672 403
493 196
411 248
901 331
984 811
772 659
998 627
318 473
263 423
638 988
383 316
176 287
192 108
967 54
607 557
241 983
954 399
655 533
479 216
34 849
775 36
53 166
827 682
95 565
70 23
945 181
709 87
935 495
879 575
924 770
816 332
5 61
635 336
30 493
392 413
52 285
850 587
984 625
404 965
786 249
190 61
254 723
184 145
314 158
432 200
699 161
325 381
351 4
679 753
794 276
783 295
566 551
351 550
983 989
915 158
357 184
533 773
347 826
473 853
780 542
262 104
978 283
638 556
391 545
552 171
460 455
940 143
278 463
523 322
224 169
944 647
453 234
162 452
962 664
168 501
956 75
736 965
443 940
49 413
633 562
630 334
686 274
116 377
293 524
777 124
544 17
259 723
756 747
105 2
713 687
618 524
955 850
932 177
859 884
209 701
621 590
986 158
434 298
424 264
728 404
803 205
789 595
187 637
635 334
549 929
887 646
744 55
261 912
180 854
464 168
141 156
306 744
151 998
626 167
69 175
55 882
455 58
232 737
18 23
20 889
346 489
74 816
585 679
596 176
235 1
410 414
697 706
871 884
888 712
263 448
614 75
330 928
55 854
571 442
895 337
225 20
812 570
405 583
282 271
250 572
840 863
786 477
937 5
444 28
724 465
36 236
376 135
953 12
834 928
109 508
366 621
16 687
952 159
34 260
998 23
967 32
14 781
918 774
914 178
988 507
543 608
455 992
275 516
412 499
82 115
334 752
374 686
639 611
684 47
902 367
785 231
139 135
554 837
236 559
847 800
742 71
975 501
610 770
250 5
567 951
583 124
781 432
584 415
509 482
936 691
716 614
227 212
743 10
103 535
984 773
388 707
442 460
874 652
531 905
689 514
213 888
455 846
642 547
34 67
898 687
924 151
346 469
60 542
318 504
19 122
722 412
569 888
419 356
624 199
851 244
172 640
429 880
214 179
933 632
387 479
166 769
764 958
3 914
202 638
865 611
27 1000
101 790
401 9
604 666
834 241
335 997
184 910
878 154
540 847
731 457
147 225
208 791
923 650
796 368
450 746
887 78
626 290
883 606
642 433
553 745
891 344
885 712
58 517
906 118
261 361
531 215
901 56
721 291
37 761
285 641
346 476
479 22
333 325
994 279
492 807
581 904
641 490
364 825
571 180
155 340
989 873
201 432
873 986
736 109
865 437
904 307
400 848
783 472
273 222
281 67
477 407
62 923
993 557
866 439
571 594
445 768
747 675
426 917
414 328
817 180
118 472
747 436
906 837
249 699
735 487
505 165
398 706
981 539
104 250
910 114
66 677
370 200
987 996
430 10
764 105
836 733
854 223
460 884
760 379
810 132
218 642
521 150
385 411
683 316
651 712
72 640
4 810
113 838
623 626
866 254
507 388
654 720
506 620
356 700
346 701
917 261
510 850
146 312
510 57
532 425
496 544
609 574
741 213
240 118
100 639
226 242
88 119
195 822
329 425
342 14
65 93
880 329
272 912
800 237
183 167
849 524
92 1
314 447
180 427
157 114
647 952
482 228
706 273
53 25
696 544
393 336
99 183
639 196
117 428
930 786
955 460
601 362
262 2
342 434
59 438
280 462
799 948
586 503
349 985
771 538
693 139
967 322
310 26
481 807
842 509
872 224
138 400
498 437
382 433
641 384
827 621
655 248
295 5
2 745
734 828
856 141
816 149
663 400
459 660
977 994
241 54
544 436
616 783
893 184
713 666
949 362
552 715
684 163
778 360
501 299
676 579
376 946
432 380
365 350
401 856
64 71
392 395
253 332
931 443
921 177
2 359
847 712
625 760
242 187
812 862
671 109
268 967
904 566
751 385
794 597
500 682
974 542
333 605
588 818
200 737
767 757
256 630
174 224
166 140
336 1
19 483
345 242
576 586
339 748
146 885
970 1000
635 617
465 617
925 77
708 535
933 236
280 404
901 642
263 843
895 456
385 949
648 701
148 438
337 603
31 452
848 834
546 340
902 413
66 659
958 616
678 505
319 85
641 646
336 832
725 664
537 412
368 613
990 587
347 488
33 822
363 346
446 75
412 836
980 927
79 184
500 759
754 431
86 648
980 451
328 817
74 303
324 123
207 240
260 677
204 592
645 788
477 987
811 235
657 277
998 964
162 648
132 815
759 876
580 184
531 488
140 402
975 487
83 453
660 688
357 870
606 749
1 695
214 659
36 50
755 651
114 654
217 770
223 294
868 864
696 914
402 622
288 604
928 532
65 39
646 491
396 107
677 584
915 559
63 503
504 126
150 215
544 566
878 84
487 702
717 232
463 344
10 153
584 910
656 328
823 356
799 743
800 2
306 862
676 163
140 781
740 324
281 250
122 380
680 206
452 271
953 714
328 698
361 671
494 431
124 285
904 38
577 956
779 521
152 363
189 205
570 68
668 894
444 239
953 80
908 445
426 451
461 137
207 860
579 757
681 285
142 241
41 95
328 75
682 218
821 502
234 975
670 781
569 864
331 74
358 506
218 579
36 838
304 440
90 568
501 344
457 782
530 956
191 960
656 583
383 382
290 263
320 216
688 589
623 325
38 360
890 136
516 522
903 391
6 344
396 514
253 289
196 902
386 598
525 968
874 247
835 639
450 170
367 700
892 652
713 528
434 237
20 831
838 731
637 202
652 477
577 188
67 799
214 874
494 502
829 463
888 280
403 249
599 645
674 502
832 296
678 319
2 186
386 931
923 899
34 514
356 801
900 819
311 402
244 187
473 41
412 288
636 529
759 39
301 644
616 214
151 68
397 215
312 551
453 569
526 777
812 861
328 944
943 420
600 961
6 508
69 725
749 366
298 196
992 477
114 480
983 772
164 102
10 603
728 702
46 888
560 463
639 353
409 897
638 613
122 999
511 162
657 484
711 261
116 270
302 139
248 692
887 779
392 509
898 351
649 672
95 575
620 855
51 125
723 79
39 917
491 344
64 398
931 273
895 295
294 179
794 513
31 355
76 28
884 331
818 925
916 233
821 903
393 612
443 554
676 952
774 498
28 54
108 889
710 773
656 521
525 936
129 697
243 147
767 811
299 646
971 601
114 723
359 235
480 634
124 157
872 570
146 177
40 616
209 879
497 536
667 774
314 361
412 15
177 740
847 466
373 178
957 308
694 698
727 131
67 595
241 963
105 897
289 638
842 223
245 124
537 748
108 713
681 583
154 80
967 643
113 495
993 155
195 160
642 256
765 539
268 978
841 297
645 47
486 638
845 206
486 95
675 850
710 143
183 368
66 674
650 974
769 491
52 721
180 424
988 721
693 63
468 752
448 215
490 55
627 607
485 637
904 94
849 474
45 762
590 693
190 454
913 427
218 750
480 97
534 525
810 66
254 521
965 453
929 75
830 165
85 876
582 914
169 574
351 593
781 160
462 193
204 822
994 486
69 724
986 806
131 359
568 592
240 773
210 323
402 599
948 962
362 62
764 695
105 823
187 159
823 809
39 401
909 774
426 463
858 275
485 504
84 297
531 797
352 277
794 447
753 541
550 845
588 598
794 517
439 845
72 955
266 549
921 612
709 468
134 163
105 658
789 998
869 719
45 992
527 293
527 475
162 324
457 961
113 226
147 241
954 198
257 252
208 406
697 330
376 537
904 83
228 460
467 936
822 117
670 702
581 632
184 839
555 469
744 929
774 677
506 989
29 314
534 830
355 274
890 914
733 794
855 205
562 792
363 368
149 952
549 826
344 973
956 923
793 798
542 120
521 199
776 283
998 150
660 41
92 867
433 548
827 239
227 8
249 146
833 186
50 828
541 912
525 337
634 923
807 300
65 479
625 940
846 227
121 733
6 864
950 74
91 365
282 267
375 347
493 205
421 868
685 463
298 149
625 332
327 657
232 808
882 292
164 141
95 689
361 773
295 281
226 858
766 151
41 332
446 546
749 322
74 515
430 726
412 357
500 275
699 754
776 658
291 22
718 797
368 15
999 746
334 369
229 426
638 745
724 849
529 32
136 6
465 678
207 477
664 317
882 457
262 785
807 747
22 58
721 927
654 321
215 13
158 456
526 570
972 425
754 997
554 824
844 216
161 464
211 946
701 787
315 976
822 74
835 817
706 930
714 678
832 772
787 164
4 309
3 833
463 90
550 679
854 179
380 337
670 450
190 45
109 903
513 500
412 677
542 779
652 701
738 382
404 533
242 113
13 922
896 721
969 752
137 736
837 500
762 782
919 256
45 832
760 607
647 162
494 306
447 580
625 33
240 356
280 693
471 82
164 648
392 344
580 746
47 829
485 199
156 797
79 451
708 285
461 916
201 771
104 404
483 914
607 635
136 291
349 951
871 763
620 654
196 676
241 907
356 404
971 665
758 575
316 497
874 191
762 177
507 722
344 607
105 532
757 290
706 806
601 770
555 426
847 642
718 366
703 226
965 46
64 237
622 512
501 264
908 599
22 984
739 545
711 976
686 559
192 654
735 713
219 278
284 766
767 53
12 674
375 412
580 610
627 999
851 26
124 735
662 207
826 169
813 430
903 526
65 357
974 976
440 406
749 8
486 420
847 662
727 801
861 392
338 828
912 675
292 491
30 413
677 77
617 678
43 143
674 36
404 261
560 494
546 825
487 737
578 235
991 579
244 550
390 319
131 798
610 222
587 800
118 595
869 839
948 152
570 779
476 679
863 489
860 702
799 674
844 839
612 843
601 405
831 369
86 963
383 826
643 397
807 773
756 93
97 974
598 847
155 13
905 157
847 818
131 422
972 507
110 334
150 963
75 36
827 62
531 258
457 861
76 513
580 726
97 982
907 5
137 689
453 59
1000 245
917 609
544 492
484 676
259 265
946 610
186 292
92 510
623 351
649 688
436 554
563 231
131 647
576 710
432 889
426 204
250 10
984 94
144 773
536 861
182 760
440 525
750 724
385 298
685 627
477 209
163 248
962 711
25 152
587 789
232 29
234 393
173 516
244 308
221 70
699 327
684 597
183 918
661 271
568 151
846 113
573 77
987 161
666 958
428 413
441 94
114 905
43 208
910 383
774 27
698 535
747 202
759 947
679 296
550 461
620 491
645 632
684 149
853 76
900 216
428 955
605 238
344 143
11 578
645 620
161 790
593 394
156 187
324 656
169 255
118 819
936 998
298 17
648 120
960 15
327 137
68 893
839 42
116 488
233 550
779 110
696 866
344 406
307 632
25 838
923 876
286 197
632 233
673 336
145 903
179 122
959 209
309 444
761 899
58 281
983 682
941 1
567 234
455 862
744 212
649 268
264 200
949 321
428 561
203 602
821 954
313 753
410 740
522 753
74 320
282 8
368 225
507 996
999 395
252 23
643 960
167 835
778 561
899 292
782 741
78 678
200 762
999 869
275 76
443 936
936 59
233 629
88 851
144 632
881 4
393 62
565 189
399 237
419 714
502 8
408 447
47 856
170 108
97 800
421 565
375 407
799 877
183 344
364 179
845 884
357 90
51 852
675 139
875 383
509 957
41 733
554 516
303 570
425 831
748 197
103 701
120 239
770 126
8 347
907 287
818 716
174 825
715 584
580 706
506 857
480 222
185 833
682 706
43 236
325 567
830 513
364 701
842 335
427 180
329 798
405 992
327 858
230 110
631 35
532 239
588 891
307 377
995 199
314 424
932 64
582 355
699 601
891 560
39 167
182 158
250 891
339 92
825 151
118 164
578 430
172 244
672 263
470 536
106 49
391 532
736 22
115 507
827 191
57 52
308 345
861 972
377 54
659 94
572 229
249 541
906 310
650 742
888 218
117 908
497 288
945 930
455 700
738 949
358 655
286 61
697 676
240 740
288 453
611 578
75 996
697 218
576 854
985 784
869 127
61 84
267 992
346 73
133 451
334 783
134 85
401 596
871 409
356 193
212 674
482 593
194 791
690 189
784 412
441 330
680 849
658 211
383 237
998 177
500 615
369 780
40 671
54 842
101 708
728 768
559 908
890 605
564 558
493 922
985 713
650 397
347 120
15 177
303 900
128 524
988 688
968 337
759 803
519 865
154 293
319 669
265 936
995 64
437 532
176 235
982 673
48 654
315 205
781 889
581 987
157 859
165 892
953 67
249 972
885 366
217 663
277 300
924 374
533 341
22 250
103 883
247 36
142 582
92 842
815 405
96 195
911 691
333 440
1000 128
287 783
66 850
435 621
679 76
222 864
341 797
522 898
382 366
384 412
509 339
980 427
628 973
805 674
916 702
114 167
884 768
275 888
159 527
648 764
423 205
910 601
79 333
23 976
476 468
64 234
433 75
89 851
65 935
977 625
248 152
594 378
760 341
699 93
827 30
87 814
910 850
203 219
125 398
363 117
229 81
192 742
591 532
577 173
716 271
783 79
889 898
403 65
385 341
871 493
134 336
583 742
881 162
894 646
878 149
787 984
551 422
483 131
940 780
208 189
982 970
370 128
436 896
244 163
1000 909
762 964
734 687
53 333
593 276
114 644
688 942
150 216
199 677
493 334
359 429
513 581
959 949
539 581
530 887
591 502
606 897
265 115
942 84
517 915
513 472
652 17
84 895
718 93
956 512
766 930
801 945
239 438
667 861
906 447
999 729
534 662
405 919
381 428
638 590
679 157
431 973
617 780
579 773
886 292
443 910
47 18
579 272
300 177
481 967
589 130
15 504
124 363
385 423
354 808
257 578
397 186
2 837
160 573
882 294
915 630
229 170
812 567
853 288
373 299
291 795
231 147
544 672
884 431
840 900
543 516
923 172
257 62
452 538
873 617
908 579
827 752
42 860
898 953
437 974
337 179
648 48
478 322
180 647
948 766
602 753
750 776
935 775
146 934
460 230
647 234
121 791
990 401
318 137
513 90
874 730
255 371
941 950
49 212
996 354
322 54
822 303
103 260
920 617
117 63
720 682
322 834
758 464
783 288
321 478
753 372
476 896
633 650
288 248
53 294
895 789
121 849
453 378
451 65
560 499
255 781
507 51
738 395
82 450
646 622
108 159
615 518
552 225
209 30
726 168
662 9
977 294
184 339
845 119
349 103
683 563
607 135
812 882
295 939
449 381
183 486
674 707
253 396
796 402
405 754
767 797
454 159
73 150
239 114
433 4
290 717
76 720
449 737
717 558
933 344
723 74
713 342
103 928
315 467
818 516
858 375
598 785
611 273
798 714
982 330
645 792
971 312
167 100
11 231
957 665
862 10
656 565
595 996
468 79
154 221
147 332
69 559
540 919
279 393
829 119
631 810
262 816
928 858
838 224
486 233
896 300
114 714
363 578
390 452
320 790
831 879
667 584
443 353
624 574
878 675
695 771
949 138
419 640
931 44
252 879
748 258
532 846
954 756
441 883
482 775
542 273
122 968
984 533
802 251
262 561
569 418
859 683
746 83
47 27
898 980
307 391
772 551
192 494
77 596
391 678
93 890
992 649
213 821
614 42
909 157
536 846
443 111
617 938
352 928
321 566
982 661
688 138
798 689
529 586
652 743
199 355
843 860
205 43
501 750
434 905
376 306
783 537
596 290
242 404
860 593
177 189
741 313
714 507
474 64
779 467
179 653
738 219
232 705
745 573
293 574
799 873
230 962
789 365
864 428
415 992
911 108
179 487
820 462
526 727
615 176
146 115
969 411
485 952
814 313
397 458
819 474
398 684
1000 920
658 681
402 209
7 705
42 601
208 945
315 70
508 740
700 238
897 237
547 666
484 543
691 892
896 78
310 841
823 796
486 562
200 247
761 216
725 313
180 894
635 123
851 234
251 82
97 303
107 876
713 335
648 106
950 438
124 607
738 610
681 923
920 519
856 941
377 574
465 527
852 123
803 773
624 634
917 782
292 701
245 407
248 412
927 459
838 42
900 9
82 153
871 494
380 742
102 424
548 552
946 784
553 198
894 429
748 150
896 825
460 934
312 842
329 577
916 300
253 100
30 749
187 778
986 530
287 627
942 415
232 785
87 912
981 35
29 722
638 743
673 207
158 633
883 455
859 589
640 626
148 377
416 35
521 893
908 645
56 874
586 63
176 458
486 386
607 148
853 97
263 825
506 417
445 836
187 652
782 229
121 384
219 585
362 415
405 308
311 522
644 717
465 497
790 177
780 257
240 705
437 827
799 186
499 429
12 791
881 103
21 427
477 27
138 268
595 568
896 622
809 766
745 29
943 947
433 24
899 828
214 482
416 998
186 818
485 312
6 239
866 755
458 846
105 222
695 91
323 559
387 413
787 460
389 565
293 509
495 555
413 240
480 756
158 319
653 861
308 5
820 885
441 60
318 12
646 280
282 445
837 323
677 702
429 358
294 466
693 251
519 94
158 1
530 531
113 163
62 89
736 308
267 755
966 810
606 21
119 376
5 649
360 109
809 218
47 472
168 295
599 25
8 497
534 409
758 458
561 811
428 758
871 598
239 853
118 714
400 258
509 186
473 212
820 270
548 117
969 655
854 396
774 555
771 646
425 258
613 689
809 164
406 443
176 165
93 278
499 617
41 67
448 693
5 784
744 631
243 527
236 576
721 727
509 666
22 413
82 26
417 869
53 167
759 873
603 987
7 27
606 451
55 640
136 979
147 797
986 466
385 527
247 568
292 933
193 867
619 961
613 81
337 225
306 42
822 911
811 168
978 920
620 400
602 72
441 344
860 231
784 422
499 869
505 165
772 822
986 228
376 481
146 644
22 139
983 463
282 977
959 82
33 164
503 459
2 323
722 593
593 942
260 782
240 994
347 237
217 64
294 982
698 668
814 967
42 937
768 872
671 572
211 62
451 817
2 918
422 249
649 799
110 329
637 202
939 441
901 765
235 135
609 940
717 734
615 50
769 54
941 213
982 432
623 338
173 503
468 266
640 980
145 637
390 718
444 247
467 645
777 410
340 530
802 86
732 41
714 372
582 496
609 698
774 539
80 943
766 867
48 748
363 228
360 843
729 202
845 590
799 483
810 106
509 677
626 828
25 324
746 615
494 390
158 915
202 55
182 408
749 562
597 148
821 93
347 785
951 852
553 428
798 919
185 913
832 308
619 249
470 157
343 384
508 483
487 101
878 767
973 487
334 583
464 772
215 196
595 258
536 305
156 865
544 264
97 757
96 187
830 442
603 541
439 726
703 869
4 731
445 188
454 905
971 521
111 55
377 675
630 190
65 849
352 25
638 406
264 658
717 724
132 387
531 953
453 987
893 22
599 994
847 244
44 999
134 738
951 405
922 789
614 534
171 493
14 94
378 110
475 621
1 743
738 118
514 283
89 289
881 982
325 50
869 461
621 56
765 592
372 673
932 474
844 870
266 617
776 853
802 908
733 257
934 777
720 791
372 658
815 86
151 510
879 64
876 164
131 465
875 60
308 618
338 344
800 542
733 134
388 470
908 953
392 538
50 156
416 111
972 465
520 883
974 966
660 567
882 996
133 712
901 851
898 863
613 803
994 600
970 37
621 584
242 4
935 581
593 551
6 740
151 69
536 995
190 620
158 77
360 505
240 910
461 23
859 89
980 386
594 646
467 531
479 206
387 484
892 98
843 443
351 877
250 936
216 767
137 22
12 52
553 601
571 537
526 667
149 132
581 680
792 499
112 765
635 250
761 524
922 12
686 678
588 622
974 30
785 442
441 51
380 137
519 329
883 246
668 167
305 12
557 240
108 383
805 445
317 214
901 786
52 927
855 641
439 997
722 743
672 487
956 49
550 546
644 783
471 169
964 664
572 673
284 557
98 85
688 984
29 896
935 200
344 131
733 292
740 389
136 315
572 990
405 24
293 222
156 289
103 496
182 426
779 868
837 190
529 29
804 527
271 875
173 376
269 651
974 215
44 881
900 964
439 959
402 403
696 969
891 620
847 983
669 340
77 769
253 210
576 76
888 237
245 435
752 539
751 225
402 260
663 836
194 476
380 660
641 261
56 542
404 659
180 739
704 576
639 696
186 372
293 453
693 166
200 160
321 398
345 725
855 38
467 322
104 569
114 722
10 832
420 108
76 677
432 406
452 914
586 682
803 741
82 642
981 446
865 604
770 265
529 846
318 564
681 552
879 12
596 242
646 431
540 857
311 185
970 765
522 338
941 653
76 172
606 628
712 953
846 848
452 429
494 56
49 872
419 732
49 511
347 723
255 269
225 941
295 735
839 469
122 531
137 286
467 619
266 925
938 819
963 878
581 145
424 322
303 202
149 578
679 659
994 277
469 496
382 396
361 515
880 81
993 441
448 688
52 348
677 603
439 975
168 532
954 114
774 125
786 120
887 711
216 628
453 333
151 856
766 372
953 143
241 309
121 555
586 174
642 556
719 660
998 482
562 732
868 847
995 581
467 992
654 827
528 660
268 889
601 549
548 808
792 626
167 120
375 241
395 268
160 620
984 400
344 595
527 297
744 38
582 288
923 91
978 7
181 362
851 792
510 525
171 117
258 590
156 582
820 407
544 473
34 945
742 562
550 245
787 276
18 512
480 685
16 792
46 461
919 144
390 813
478 954
725 997
492 899
866 562
229 746
124 786
38 273
163 895
666 520
656 609
3 330
547 53
550 853
822 943
871 83
282 876
813 807
552 503
124 147
240 347
120 333
759 44
493 988
527 238
69 760
376 456
265 975
627 244
808 48
257 819
825 454
603 311
250 462
427 892
924 391
490 474
538 228
118 952
467 649
226 656
809 242
465 196
925 800
497 983
603 237
217 454
989 792
131 645
761 366
248 218
86 930
160 969
65 460
83 38
873 799
912 628
246 565
704 741
113 316
576 97
910 91
903 918
584 607
799 432
699 147
833 94
584 46
58 328
125 707
648 663
727 646
87 722
981 201
656 509
627 681
264 927
820 548
678 27
65 91
938 184
649 781
443 28
971 866
274 592
615 316
513 980
945 300
370 17
416 627
222 896
779 30
194 269
34 271
208 737
881 451
293 529
467 284
872 410
873 889
391 597
646 674
54 951
971 565
235 299
424 62
136 439
566 101
128 656
331 12
501 389
809 125
855 10
440 303
415 426
571 288
510 272
239 436
716 751
947 122
698 506
922 136
666 106
536 734
529 176
380 952
611 726
742 790
8 451
379 978
432 205
660 498
722 173
584 982
515 955
713 677
799 207
786 140
533 439
455 21
716 942
936 818
827 655
659 99
202 92
596 889
241 309
507 153
104 1
735 196
345 93
334 434
977 910
954 228
529 136
369 380
509 743
625 799
100 348
297 222
564 5
907 886
859 381
249 591
860 417
565 361
683 256
850 260
210 407
719 276
441 73
288 434
509 16
224 938
405 710
265 543
530 648
177 762
280 245
286 966
459 304
499 941
352 56
433 781
680 467
505 248
865 241
374 94
473 813
582 86
159 760
698 931
644 81
823 17
822 584
330 679
741 4
909 853
503 127
809 189
913 180
630 135
546 1000
274 448
586 141
953 774
8 362
707 66
887 505
556 688
957 163
760 260
375 526
438 951
317 206
974 348
691 531
180 964
995 772
581 1000
317 112
176 980
138 547
827 476
760 653
21 946
236 766
1 992
202 138
454 476
546 939
173 517
286 217
2 372
70 621
423 960
669 154
202 895
870 680
151 664
367 101
160 240
285 722
132 535
740 268
789 85
48 499
552 378
477 613
203 72
117 268
194 488
591 655
984 700
492 469
904 243
154 537
141 721
852 255
266 289
15 686
392 618
589 567
244 809
989 355
145 574
951 234
51 230
673 815
390 597
84 232
266 331
893 754
403 103
903 732
547 228
499 515
370 524
117 914
726 227
895 618
467 546
51 275
662 143
445 923
911 666
703 624
472 81
239 550
432 246
771 555
555 536
909 14
637 552
268 110
633 480
473 490
457 156
471 259
495 966
874 873
275 117
833 137
842 633
403 370
896 320
252 681
951 99
30 181
295 578
838 708
832 150
659 952
295 869
493 784
236 89
177 668
780 772
48 932
754 284
533 423
896 764
490 809
724 263
336 772
525 88
999 752
547 703
105 169
448 372
600 251
858 814
458 395
245 522
294 200
750 605
507 116
189 576
674 519
220 455
253 371
337 29
291 663
642 241
61 385
732 460
156 92
379 309
197 699
855 553
904 145
827 425
345 243
214 259
296 753
131 514
941 808
184 866
567 122
868 176
340 341
408 905
430 313
217 593
667 551
947 957
384 985
1 29
903 286
626 78
165 874
671 818
581 935
435 331
673 486
365 292
130 87
302 369
477 949
553 745
681 84
176 416
512 265
714 851
917 269
339 738
512 168
853 197
829 501
538 822
244 649
21 780
176 34
385 652
65 564
574 48
414 462
806 156
190 740
407 131
858 12
43 174
208 970
23 84
177 400
891 531
375 845
849 851
565 747
459 256
207 249
43 664
682 163
254 98
693 184
734 714
844 168
356 382
967 668
812 668
927 910
937 165
167 47
576 908
338 576
482 617
938 995
149 795
142 742
52 577
884 636
529 669
513 35
165 464
978 432
832 205
632 320
211 414
885 100
896 351
298 171
821 907
821 699
617 739
164 10
973 364
101 773
193 139
258 498
996 52
522 136
466 531
940 271
483 739
559 67
265 581
643 701
738 972
728 460
696 798
191 824
300 986
61 32
784 288
291 782
623 131
914 777
518 201
856 626
731 730
916 281
296 244
124 436
756 27
423 925
216 485
777 139
985 673
721 105
349 353
552 78
419 705
143 812
871 737
591 20
721 814
867 815
399 970
137 23
276 401
189 970
34 806
919 917
437 602
965 418
767 606
453 86
274 569
470 921
903 755
719 800
918 39
894 26
734 2
57 339
325 592
861 838
731 599
263 896
679 2
224 382
135 40
387 447
668 249
531 749
196 532
267 819
271 221
472 123
258 898
615 751
497 23
403 24
868 106
152 931
127 612
392 702
451 20
728 282
748 184
499 63
465 176
673 342
258 929
584 42
284 1000
247 436
95 263
864 989
943 744
970 792
594 970
267 913
656 209
530 961
722 254
847 242
462 926
869 453
804 534
871 879
332 203
75 396
885 791
193 391
39 648
971 320
182 642
289 186
418 972
953 407
606 595
776 165
12 968
979 818
271 623
457 618
405 876
660 563
881 995
967 680
660 617
53 637
568 829
391 604
904 492
729 55
450 851
523 665
104 235
933 204
482 338
493 16
60 909
358 975
795 675
827 387
137 55
301 114
347 613
76 168
309 162
740 60
255 917
724 889
942 39
853 462
526 84
875 843
525 424
178 132
411 320
130 817
252 168
3 481
932 859
640 279
646 173
692 776
893 28
190 322
954 980
764 662
61 539
842 102
699 54
709 581
479 228
880 790
874 387
65 198
882 476
646 672
92 891
247 696
783 537
765 993
65 395
349 871
367 633
659 432
692 786
883 556
132 59
188 140
848 680
740 995
811 199
792 306
48 76
199 810
465 226
451 782
574 907
326 595
80 784
2 162
917 598
131 258
385 901
559 39
460 769
371 285
772 74
121 98
793 317
82 916
179 581
478 636
684 945
776 953
323 581
393 548
672 815
349 121
734 381
137 326
112 25
531 96
793 632
780 465
849 438
455 499
48 611
391 254
235 580
945 381
666 166
74 190
149 19
383 591
185 779
310 997
534 32
669 343
759 403
526 262
777 673
267 905
300 305
297 599
254 622
985 933
333 108
144 847
943 61
658 674
198 179
183 248
806 504
124 806
903 268
348 386
748 979
702 893
771 632
134 966
127 32
478 938
790 649
158 687
412 401
973 250
281 94
606 446
243 597
723 267
796 750
79 147
466 692
152 478
7 108
47 374
265 773
613 929
516 221
639 63
932 676
84 475
244 553
284 118
95 470
365 987
53 237
833 79
713 610
641 844
177 424
768 961
380 575
557 875
682 867
24 800
154 691
178 820
589 939
634 238
975 634
218 276
402 789
891 956
841 367
579 653
426 421
332 920
101 910
837 518
421 337
449 934
976 692
736 179
359 215
651 633
882 662
436 84
589 602
521 480
26 672
223 966
752 675
600 84
135 19
156 537
513 167
690 510
437 536
586 700
976 751
221 89
787 823
706 502
318 556
93 807
422 102
287 341
950 373
782 512
594 32
956 505
294 233
387 88
48 755
204 221
2 285
87 906
711 550
276 309
454 461
370 225
289 369
242 267
852 611
499 313
873 452
981 540
687 688
895 274
180 601
431 737
426 889
507 800
701 161
103 798
292 7
885 319
905 357
90 970
159 586
560 834
207 613
36 427
250 627
99 142
838 84
336 277
976 526
761 166
278 890
931 384
880 411
350 511
97 319
626 500
91 213
10 545
313 772
600 38
547 462
624 82
525 357
569 308
953 298
801 526
867 298
978 63
497 571
22 736
597 307
412 406
817 550
980 250
812 983
598 369
243 768
934 941
118 407
80 933
702 817
203 326
497 850
322 663
769 785
335 69
245 189
32 61
220 918
784 985
394 25
505 171
608 840
428 304
488 623
413 874
506 489
995 455
450 622
167 881
116 509
130 987
507 736
997 294
205 267
931 579
170 285
380 328
787 260
288 688
696 577
854 80
601 90
82 142
540 400
127 174
351 343
482 123
463 933
751 247
700 337
501 244
910 289
573 974
791 108
153 534
887 815
947 323
327 660
654 410
754 790
899 761
374 429
901 56
688 683
970 663
877 125
615 617
371 532
465 913
33 226
343 892
653 181
213 257
474 729
116 320
79 711
280 930
456 461
446 879
903 321
894 754
783 951
152 505
3 873
638 640
99 41
805 857
222 327
364 129
51 664
144 202
529 227
523 452
173 291
146 816
480 735
977 498
184 664
540 297
468 240
786 432
474 731
403 863
517 174
601 373
558 686
739 356
309 207
484 267
801 707
310 865
806 585
516 80
460 760
256 339
577 972
460 73
366 116
412 312
884 393
553 970
612 691
500 767
873 259
230 991
436 989
481 297
759 961
635 10
900 327
862 958
32 542
536 941
747 717
650 839
863 586
350 480
608 962
611 93
87 312
256 90
271 594
491 265
416 663
994 289
264 358
73 876
442 114
986 209
343 760
61 495
428 622
593 64
162 196
8 929
756 788
628 105
253 17
377 252
836 777
760 940
506 844
10 830
872 730
168 343
690 152
933 367
783 844
165 1
514 412
676 41
592 955
962 996
384 680
115 679
583 929
532 664
873 394
103 365
87 979
958 591
154 531
697 907
480 745
634 795
898 402
711 424
675 34
373 476
71 949
200 691
328 961
706 560
810 473
538 875
607 458
576 719
594 697
425 392
555 292
485 634
383 352
97 526
921 279
610 854
48 89
659 721
215 722
281 797
799 454
179 424
404 263
853 108
164 710
339 557
574 347
86 284
970 629
36 819
66 240
594 919
133 559
339 544
320 29
563 528
551 853
738 573
661 227
509 929
714 239
754 131
682 467
541 657
318 530
52 183
540 173
79 957
391 80
148 788
161 589
612 981
298 937
482 786
957 541
183 318
471 250
683 256
284 492
396 56
332 861
985 621
568 270
246 34
738 959
795 491
278 638
798 513
816 6
823 701
368 556
941 453
719 523
339 864
502 40
12 304
59 7
867 144
894 317
807 708
568 82
854 614
520 487
668 873
513 106
557 224
756 209
501 469
794 580
907 626
747 155
891 302
688 916
925 379
138 612
803 270
62 898
699 526
341 969
696 155
346 637
62 144
557 821
728 494
722 122
787 836
976 602
589 184
628 620
32 678
25 378
767 159
815 178
555 956
563 861
54 522
354 570
74 38
815 796
528 675
3 524
373 399
503 88
657 232
608 914
168 294
540 823
546 55
872 128
490 777
395 88
616 160
406 38
901 684
175 519
572 347
197 846
893 22
548 72
814 118
238 403
81 921
784 199
350 746
87 749
190 288
646 562
200 281
328 689
997 141
324 278
164 707
262 197
961 48
997 473
119 448
255 996
426 747
607 8
911 738
165 251
767 52
399 545
604 581
349 550
420 522
838 790
701 552
250 677
448 469
652 575
738 739
123 272
222 152
604 456
20 701
224 280
150 117
655 319
409 801
534 10
760 666
168 73
595 831
950 183
137 250
365 487
893 894
181 901
932 664
274 667
923 145
67 786
121 508
60 327
883 277
62 707
174 739
971 915
345 713
958 141
348 616
146 856
214 240
48 874
77 370
926 31
771 457
980 700
515 998
113 145
530 742
445 775
222 528
635 841
907 757
7 485
569 129
824 796
305 876
493 396
564 647
362 51
382 793
161 277
78 488
756 129
939 682
656 327
93 46
723 800
939 774
960 622
44 924
461 654
490 633
45 350
657 860
634 211
153 562
410 7
643 453
950 732
243 417
18 188
182 325
533 251
688 972
705 454
403 801
310 863
81 236
883 194
472 639
770 293
409 664
823 851
759 846
836 954
564 486
593 564
631 696
559 853
4 740
46 556
889 744
174 50
597 733
965 591
299 373
398 905
350 766
376 43
181 975
169 427
234 454
480 881
697 664
655 431
580 758
210 722
474 394
767 979
843 346
491 387
514 369
896 373
282 396
391 715
932 482
93 950
421 133
356 780
337 173
231 151
425 410
254 102
746 367
708 606
374 366
965 982
760 403
469 654
274 857
778 100
322 609
888 552
319 948
590 849
939 315
245 502
380 272
812 562
884 887
949 961
403 451
301 558
820 762
370 427
213 622
836 536
941 70
867 618
559 736
675 348
755 107
538 36
276 534
1000 680
738 257
676 878
883 704
462 829
227 740
985 789
371 693
89 192
546 10
685 245
5 378
141 364
787 96
142 918
265 119
935 276
533 581
427 760
112 338
934 406
130 60
827 752
56 502
63 70
771 913
762 88
82 149
94 392
936 677
881 855
188 469
352 397
461 822
380 350
953 769
663 535
875 81
788 57
517 356
654 377
135 377
579 117
795 941
714 223
814 277
696 302
743 884
922 30
872 862
933 660
488 912
352 932
75 527
518 436
875 858
716 393
511 990
306 543
231 662
146 871
907 985
677 144
834 130
355 398
739 360
633 739
529 695
133 524
365 54
145 900
611 575
954 142
27 357
723 418
277 993
600 252
133 636
868 858
752 415
560 707
197 198
780 171
659 904
471 940
920 166
291 31
649 469
197 140
471 783
11 802
450 251
587 257
326 809
835 773
136 201
815 553
295 94
7 155
377 320
699 110
770 71
500 344
83 605
891 956
991 979
350 123
854 478
190 69
814 337
70 218
31 55
214 654
50 260
523 45
578 882
272 271
176 80
191 905
269 371
559 218
229 405
862 186
177 431
22 965
924 403
249 941
551 470
568 97
523 131
65 446
877 455
293 21
44 835
42 497
511 598
453 915
741 614
404 262
742 487
283 763
4 1
204 274
14 522
528 593
840 831
455 614
949 532
495 379
509 491
323 428
476 474
616 52
257 532
402 108
830 963
808 17
333 604
229 616
743 673
290 835
363 986
116 20
366 355
305 209
353 368
520 962
411 820
370 978
724 608
602 340
312 446
782 920
831 260
844 196
465 458
905 41
849 107
731 319
488 855
769 562
445 412
521 884
351 32
877 421
95 170
555 382
776 786
853 325
603 79
703 436
33 115
447 366
498 947
145 853
1 236
424 847
539 400
623 168
933 36
836 840
884 299
489 356
404 849
195 753
422 764
866 963
481 663
428 411
310 79
933 914
883 41
37 571
729 259
328 453
598 217
501 656
658 644
884 311
709 151
725 917
253 677
481 671
612 95
336 481
259 857
524 908
373 772
688 855
931 8
15 783
695 287
255 502
815 737
982 679
330 786
233 553
701 175
592 808
238 877
183 632
316 204
296 181
508 258
349 948
654 4
282 598
889 607
43 332
398 870
53 379
360 721
959 384
250 247
446 295
849 540
522 836
719 617
162 981
995 410
28 230
189 439
795 677
227 405
474 312
344 365
555 34
189 555
702 739
864 84
973 944
516 601
499 298
500 680
293 177
520 650
925 524
377 177
259 419
920 805
543 974
433 758
825 990
131 572
230 247
269 922
413 571
36 235
332 929
562 916
27 75
168 663
346 164
396 314
804 288
574 691
112 933
419 118
709 592
245 476
734 695
541 291
551 854
338 254
859 613
634 822
1000 150
70 730
334 188
799 267
691 109
397 921
356 982
149 440
854 542
188 916
797 479
415 139
667 787
724 190
229 919
720 991
120 622
838 355
488 45
390 989
244 461
328 273
913 320
374 202
242 508
126 327
925 40
483 51
243 153
914 977
984 225
935 784
396 214
186 21
157 974
133 86
91 956
297 192
736 240
129 194
283 666
520 385
502 524
497 492
650 351
615 3
896 287
277 950
531 935
82 241
766 668
704 465
392 121
195 437
472 728
71 269
728 694
619 426
301 407
445 671
37 192
279 130
277 498
331 201
84 931
518 257
564 991
918 141
584 321
42 962
820 993
582 20
42 713
844 410
664 486
776 917
307 391
245 225
870 678
392 196
748 574
713 943
827 253
169 827
198 349
376 994
212 664
737 185
879 893
510 382
835 954
250 20
997 943
284 186
309 356
715 463
653 405
384 754
956 487
131 79
73 860
757 514
488 970
259 11
262 877
556 581
315 543
584 461
760 969
282 788
203 407
694 455
165 573
340 722
49 392
354 508
291 822
89 576
933 86
21 624
326 714
210 869
68 590
751 506
425 60
940 973
672 197
902 915
102 575
961 923
854 479
883 194
501 851
747 333
871 179
762 140
409 214
92 163
471 916
234 483
310 973
73 344
193 362
616 974
894 610
418 602
836 913
883 733
120 905
442 735
868 800
61 561
771 728
638 727
748 814
980 604
843 485
429 471
329 118
690 736
505 125
860 567
915 954
901 672
509 607
311 536
192 562
79 583
729 756
620 240
429 309
480 486
832 175
201 706
569 686
902 981
229 682
922 337
706 443
136 554
550 144
958 105
180 217
326 257
535 534
189 441
555 447
284 670
904 772
971 862
919 745
309 197
851 961
985 83
823 972
910 711
664 405
84 655
150 193
159 251
111 57
752 837
748 433
404 254
828 805
192 823
609 953
818 144
996 930
973 530
66 215
723 491
756 168
519 833
540 17
662 908
967 373
449 119
118 695
111 599
708 86
941 731
370 773
593 60
169 15
312 141
236 199
101 438
258 473
820 230
130 712
841 85
849 186
434 821
196 732
943 104
245 71
746 415
825 572
940 962
741 25
186 253
868 683
217 723
659 844
889 783
589 728
512 250
299 520
74 234
188 989
844 913
622 487
739 223
965 22
856 257
522 212
968 167
28 50
762 703
751 17
596 863
690 979
262 246
334 680
811 579
589 842
25 873
39 216
436 421
597 677
931 710
527 591
72 170
43 298
195 566
911 519
218 9
859 364
402 763
584 574
458 639
172 313
629 138
456 425
752 442
274 313
690 543
227 542
169 781
348 220
924 131
386 698
788 408
858 355
855 73
105 826
327 140
496 703
654 222
243 430
767 280
646 514
286 696
949 419
142 913
919 964
212 652
317 744
863 885
492 674
122 973
888 679
41 891
373 721
28 951
863 966
930 49
86 213
998 370
736 131
673 688
362 883
648 109
711 279
547 302
619 77
889 622
650 192
695 541
808 273
511 632
731 40
415 882
884 359
711 239
392 925
374 593
440 878
365 538
48 712
737 229
573 546
529 623
255 392
406 845
608 642
577 35
345 713
156 996
272 138
200 521
82 577
56 666
875 208
906 335
588 244
303 386
522 339
389 904
385 246
677 917
186 470
628 94
134 63
748 676
725 488
841 442
278 466
349 139
720 753
784 747
536 668
710 332
691 512
308 208
880 308
8 17
71 550
977 207
561 724
184 491
588 843
843 571
874 750
721 808
370 203
100 835
197 334
683 586
918 233
450 623
892 253
200 746
68 224
925 758
553 265
146 96
321 840
927 410
778 42
342 339
387 68
553 803
762 904
573 431
361 187
22 113
915 417
647 144
891 724
699 644
553 189
852 453
781 400
606 423
695 845
648 535
339 689
976 769
977 233
575 501
445 853
28 77
174 227
527 48
846 354
891 996
781 235
971 165
57 473
873 358
339 787
712 329
976 866
319 871
520 668
389 73
679 528
624 68
420 469
510 381
581 974
910 643
20 215
706 558
626 239
571 590
686 595
991 528
552 883
279 146
341 42
885 126
849 684
74 31
146 199
628 143
711 992
347 198
91 514
85 514
477 41
233 163
889 562
5 231
226 333
618 874
187 850
67 756
717 199
976 396
57 435
373 281
416 775
821 117
791 480
836 459
23 272
569 981
217 137
683 702
441 727
574 234
415 857
117 753
68 791
595 424
760 986
393 715
275 274
118 958
345 839
887 448
233 858
633 42
259 779
129 726
862 241
298 845
708 191
651 587
428 288
478 820
868 167
462 14
193 53
721 609
511 332
752 984
941 535
156 600
911 677
439 682
594 39
551 425
164 446
346 843
21 648
200 233
87 47
89 990
101 161
370 648
134 581
253 196
317 347
360 400
296 304
225 374
141 244
337 75
311 763
708 850
764 315
456 188
75 128
254 230
54 893
299 264
22 610
945 239
123 686
80 910
955 191
701 763
7 425
236 424
214 721
73 451
65 374
932 726
226 955
177 904
34 979
862 407
255 482
333 927
326 762
852 571
995 820
994 48
124 418
80 500
92 933
78 491
515 100
346 649
897 434
901 227
16 607
302 332
774 390
122 386
736 586
237 893
818 544
806 356
569 233
266 903
183 700
928 229
94 676
125 173
901 755
4 256
637 597
809 450
163 341
997 783
123 730
942 230
392 543
567 943
557 541
327 825
216 103
72 116
609 917
518 940
958 631
918 889
578 812
547 256
647 666
349 470
982 528
1000 651
133 638
528 434
271 121
491 930
158 352
819 105
844 453
620 456
416 666
570 308
552 575
997 289
731 487
42 954
109 135
523 959
999 30
637 443
560 729
43 691
832 247
769 385
322 409
168 289
886 675
555 689
777 944
495 654
128 581
207 396
864 37
624 993
959 4
846 875
668 757
172 764
602 817
869 530
761 171
652 760
659 60
250 223
578 636
979 243
372 378
385 415
931 371
271 333
389 187
98 726
665 40
444 397
845 502
987 823
730 618
921 750
498 887
784 551
271 940
174 81
404 516
699 241
243 809
55 822
290 276
503 59
129 750
196 492
113 709
470 196
283 220
221 98
679 318
80 245
820 923
763 51
885 568
433 234
357 888
262 415
703 915
21 82
311 431
591 574
984 447
609 677
750 557
962 256
788 153
53 232
211 871
823 739
730 471
566 609
690 206
172 913
247 363
10 227
477 195
661 503
543 426
956 517
849 196
809 757
644 744
426 438
268 905
60 917
317 959
122 165
797 294
394 439
192 959
608 420
921 908
512 569
199 490
96 458
333 210
907 440
890 116
769 117
768 86
977 48
381 285
106 206
833 105
954 681
261 485
22 386
576 921
913 277
637 111
842 308
502 121
742 14
214 528
333 258
196 593
387 200
468 567
320 873
111 993
450 48
464 430
858 436
467 140
322 357
560 730
190 444
609 773
890 921
12 946
984 439
461 972
828 620
418 593
383 171
714 505
185 828
934 652
203 772
551 14
8 630
628 150
499 224
931 50
137 216
970 608
7 985
880 984
570 162
908 677
504 602
479 20
641 458
765 452
800 312
796 886
887 649
387 856
502 198
727 193
130 83
276 444
886 957
422 837
634 818
698 814
950 575
431 823
412 21
942 575
705 836
359 940
6 708
289 788
996 581
398 891
272 145
400 151
939 982
145 915
427 792
28 371
832 571
166 864
580 998
136 692
538 919
615 84
122 944
643 503
912 592
182 586
492 293
927 294
924 200
99 316
159 192
129 770
898 174
499 297
543 441
929 13
548 581
448 166
875 780
655 723
611 563
779 733
598 580
751 267
604 10
902 364
330 363
840 388
965 33
538 889
948 664
307 969
476 575
215 81
970 812
584 680
405 358
708 225
439 164
413 627
184 407
787 1
391 460
674 470
606 847
527 352
24 159
684 798
275 59
776 151
199 934
879 591
201 674
530 791
526 644
841 896
237 331
43 514
838 859
741 65
265 611
982 83
156 607
999 742
339 838
538 993
722 134
861 850
448 860
167 380
963 324
863 82
1 839
805 746
273 589
743 874
258 946
148 563
544 351
839 678
712 253
611 614
899 196
592 283
176 302
526 480
492 692
680 125
7 621
972 426
583 761
107 726
176 533
579 636
881 927
83 227
728 883
936 305
134 636
998 348
972 588
129 214
255 518
420 897
261 909
305 812
509 266
887 815
628 923
723 751
765 566
268 446
388 798
817 151
330 892
967 975
933 859
289 468
841 767
575 891
510 376
409 667
567 493
591 753
670 318
739 522
607 282
650 33
98 871
883 628
49 774
342 329
376 176
689 942
411 945
239 820
121 980
916 123
178 289
853 41
294 108
881 88
274 835
877 698
846 90
789 504
248 157
178 970
965 164
706 244
762 334
24 67
4 729
615 525
202 48
453 613
319 622
13 199
127 809
643 425
925 252
110 135
687 320
921 527
26 424
575 346
421 236
948 84
314 671
134 451
832 684
45 919
672 5
37 697
486 745
615 244
587 506
428 389
781 381
885 359
720 327
101 910
532 567
36 546
411 865
455 747
77 868
320 640
238 394
922 203
60 692
502 658
254 829
479 288
269 549
9 346
368 567
906 810
849 848
431 587
236 62
870 977
50 921
786 956
763 699
663 498
493 592
358 542
336 595
723 830
906 310
727 255
23 182
112 821
647 992
174 255
10 462
211 178
891 166
940 535
615 4
432 272
790 28
787 737
91 276
909 638
405 82
719 911
188 265
545 222
54 320
931 918
617 674
152 281
175 341
482 384
95 717
253 736
211 530
715 311
503 186
634 474
415 314
605 397
358 872
926 708
914 596
514 133
203 664
696 469
875 85
814 392
929 143
12 627
261 469
587 77
799 101
297 797
423 953
915 79
266 795
511 702
652 545
468 178
988 309
277 871
488 724
515 1
569 464
304 684
237 476
280 737
950 606
990 743
696 496
877 681
706 50
469 93
422 362
160 429
31 819
385 147
455 570
199 798
291 440
148 451
338 462
680 327
568 56
655 697
348 226
728 656
570 485
504 835
896 117
282 990
9 528
237 601
932 11
125 775
41 617
463 962
769 469
324 70
990 331
897 351
677 829
925 301
155 208
225 463
474 608
794 95
687 965
980 981
261 762
576 765
623 454
107 171
540 503
869 931
452 370
969 502
55 955
94 645
920 132
619 276
723 284
263 792
951 395
953 782
478 506
282 288
963 355
351 861
913 352
791 578
941 306
168 490
477 543
881 306
248 861
595 104
769 889
343 65
31 220
919 998
352 433
904 368
125 398
350 687
834 852
543 192
491 920
593 462
134 633
516 383
858 753
511 445
530 340
861 924
817 820
126 591
205 48
390 347
746 560
406 518
287 499
392 335
316 273
349 34
721 421
50 107
62 165
237 71
351 739
280 641
397 138
311 946
339 126
552 724
6 605
683 967
166 705
297 373
43 4
602 980
878 530
252 197
793 989
521 88
925 551
868 936
909 865
180 190
453 107
956 176
601 88
421 638
773 444
466 553
557 111
668 151
350 226
580 509
114 824
108 962
253 519
825 38
873 390
453 634
423 419
590 511
157 499
591 491
900 838
291 414
385 801
893 885
317 517
969 777
87 506
876 936
473 87
912 84
110 950
976 939
511 326
626 398
729 152
913 740
696 928
103 229
379 99
30 576
495 683
876 853
402 18
538 114
300 110
691 924
590 668
888 485
751 553
708 717
768 518
575 159
233 378
674 972
829 213
808 135
190 744
889 809
615 830
580 534
767 30
740 336
20 986
988 971
862 81
571 675
94 481
233 982
517 915
260 700
951 271
640 608
39 30
109 862
880 910
770 516
257 197
122 535
56 337
695 141
391 680
591 490
395 358
810 443
194 29
326 279
254 32
629 500
284 28
153 755
2 663
64 645
772 392
116 584
986 695
380 524
677 693
315 669
231 557
558 751
792 416
77 658
412 569
149 773
58 73
463 234
937 793
538 715
517 678
259 502
587 874
379 369
439 390
690 976
744 390
558 171
898 212
400 8
712 431
918 469
545 764
55 561
479 168
329 700
578 316
537 130
614 749
348 115
325 662
179 80
249 158
714 587
900 669
439 925
506 334
286 993
690 265
580 731
734 335
786 296
449 516
282 79
906 303
455 694
71 978
13 669
662 120
521 784
125 96
579 960
276 306
765 137
430 993
16 311
63 136
758 834
281 535
154 317
658 67
203 123
11 938
941 214
390 205
474 163
49 483
425 665
319 214
352 637
371 853
271 688
60 408
836 281
465 229
40 6
422 312
666 672
18 226
282 49
980 196
676 333
283 142
316 22
524 10
330 11
458 949
693 65
863 585
72 592
928 287
699 3
415 976
635 836
893 775
929 349
659 114
415 257
562 696
410 42
457 900
984 46
221 875
690 486
570 980
535 363
847 911
156 236
327 526
169 178
981 407
891 897
843 789
282 2
737 486
362 464
787 249
82 480
976 568
626 39
428 891
687 544
290 190
98 318
327 647
407 720
371 837
311 995
651 590
631 647
133 825
710 40
365 687
560 122
436 18
70 399
944 117
907 147
177 647
143 41
658 554
215 828
94 376
816 741
428 111
530 833
749 161
884 686
827 819
252 408
85 611
1 205
748 609
697 675
587 604
91 953
454 323
140 164
247 586
519 71
424 747
486 736
706 179
842 783
320 859
170 614
470 973
353 760
728 50
623 141
596 387
468 965
299 432
211 564
507 376
826 682
470 256
181 38
996 368
336 955
343 158
635 264
349 781
872 829
484 193
49 960
503 674
440 752
90 559
328 209
998 293
920 727
65 497
24 892
263 810
613 871
705 230
87 871
291 169
468 95
535 638
934 193
666 778
836 122
800 138
260 282
103 737
255 198
664 907
142 844
791 417
337 142
704 341
158 377
458 670
784 974
15 598
369 475
159 342
599 748
787 788
174 166
762 377
257 745
342 46
917 896
838 758
479 530
941 958
129 416
654 312
312 9
626 245
82 952
980 873
710 817
65 922
106 91
238 322
136 131
493 291
169 563
428 340
909 788
473 942
849 64
115 764
54 379
394 66
939 299
109 528
868 178
144 847
843 340
111 195
412 415
605 448
999 871
47 455
592 533
553 209
657 764
45 847
317 27
252 804
633 859
132 556
212 616
122 205
603 90
411 160
937 611
276 91
597 865
807 415
6 845
399 220
631 493
195 492
364 517
259 273
680 910
998 457
94 104
672 51
553 27
367 793
559 647
140 920
414 900
360 21
960 482
71 703
571 854
192 834
954 885
389 865
43 188
291 416
422 346
878 938
333 969
983 812
231 436
541 760
285 376
748 197
962 974
61 810
572 159
2 562
8 341
219 295
926 948
677 326
658 538
193 416
145 37
706 3
556 437
834 752
343 997
135 237
360 422
445 168
951 825
561 966
214 143
488 414
608 757
473 196
160 950
372 946
261 631
818 890
926 727
563 408
741 615
503 938
385 854
297 461
783 69
488 181
465 132
128 294
467 959
308 868
696 343
198 960
23 795
857 206
690 206
79 651
505 709
732 319
837 415
55 956
250 947
218 561
241 331
623 632
978 316
554 577
729 605
539 52
211 655
891 942
772 182
696 94
337 182
515 734
998 975
278 661
273 33
548 427
963 690
53 333
708 803
99 310
813 136
393 646
396 557
846 893
560 736
209 328
321 193
664 917
860 598
782 523
261 520
336 939
563 38
28 235
826 351
549 85
431 743
986 606
18 799
556 135
917 643
332 326
893 272
161 840
475 144
408 374
356 702
799 186
839 251
132 229
100 901
351 361
442 426
998 701
169 949
8 316
679 533
352 115
854 434
895 204
96 823
147 264
529 565
906 46
50 871
287 146
14 789
350 23
630 575
918 765
158 997
874 376
682 237
447 941
906 965
82 636
764 475
121 430
376 179
131 668
671 995
610 348
57 30
654 892
941 280
571 167
989 775
630 947
727 320
681 957
372 41
437 414
375 905
759 835
530 716
85 859
675 437
843 981
923 585
104 676
957 605
131 186
619 794
358 954
194 798
984 519
244 466
540 567
358 444
414 132
858 163
854 4
366 774
702 34
251 381
464 300
460 320
117 168
291 416
913 743
449 662
716 936
14 847
652 254
976 712
702 196
208 589
72 645
65 213
851 370
219 789
675 608
272 270
908 596
561 323
121 957
720 651
756 480
572 67
729 876
469 827
394 200
68 186
537 141
864 430
944 443
634 168
468 798
500 414
995 737
765 917
991 275
998 522
89 677
407 629
158 86
266 173
281 45
69 115
91 331
478 707
124 855
68 130
274 369
561 381
208 237
932 589
685 51
154 22
925 750
401 122
394 256
980 505
601 421
499 652
212 871
876 300
576 114
802 383
123 321
125 660
205 499
78 632
341 841
515 579
888 426
638 768
420 843
71 830
919 272
980 121
495 410
596 682
809 483
52 902
711 541
972 473
42 355
399 495
614 418
233 879
590 43
224 630
68 833
558 245
164 877
904 577
95 222
483 253
469 623
3 476
321 256
783 733
725 97
457 289
931 177
23 888
962 952
949 784
367 522
590 375
515 514
960 990
131 188
998 372
752 186
145 806
956 590
492 967
966 624
106 997
909 191
671 668
428 583
436 469
302 332
270 313
332 678
199 669
406 791
454 13
522 602
327 383
330 904
716 4
530 801
527 499
390 445
75 94
145 824
546 374
25 302
725 172
68 163
537 316
378 934
75 94
849 443
891 23
47 374
881 419
852 529
726 566
884 514
263 682
882 518
924 567
165 613
430 611
920 609
785 355
24 781
319 981
809 850
416 765
45 303
209 800
848 518
206 707
948 651
647 271
382 226
406 178
797 833
140 207
777 250
309 380
122 53
16 945
357 50
896 509
728 817
584 921
193 800
539 884
94 436
544 37
152 873
367 219
971 117
418 396
921 782
411 448
801 870
758 619
893 270
185 584
55 870
264 993
144 344
725 231
400 695
664 743
53 516
535 773
807 459
246 383
110 436
435 59
770 480
710 469
833 450
911 846
62 590
392 6
792 558
95 326
428 13
255 470
644 826
902 226
924 822
201 208
670 31
108 232
776 58
219 686
352 462
287 364
814 419
612 908
163 434
101 154
551 937
938 902
630 611
831 26
895 196
422 654
300 934
130 652
934 373
563 843
825 178
982 250
155 320
245 108
316 898
862 931
460 915
681 275
225 216
684 431
738 504
2 489
307 193
583 460
157 494
199 712
967 551
450 419
836 628
711 597
660 206
510 793
724 565
17 810
139 53
130 269
763 884
539 210
807 884
168 759
780 959
750 375
419 251
622 312
819 964
17 44
250 176
910 951
685 757
95 721
962 736
317 257
223 407
902 105
741 492
250 254
382 21
598 961
123 864
942 430
803 343
184 853
952 903
815 747
13 925
519 577
12 671
198 646
968 680
757 887
272 68
440 247
750 764
541 383
699 692
763 910
491 650
837 606
116 551
675 905
684 34
513 970
814 445
832 102
433 925
604 463
552 705
33 509
516 334
271 379
691 532
785 614
710 382
865 993
894 96
175 304
761 305
397 94
199 577
351 277
781 115
726 85
964 992
858 191
350 41
653 268
828 27
200 845
863 196
578 581
551 992
321 908
921 799
67 787
668 837
311 105
731 442
68 85
332 607
802 356
655 202
365 225
25 281
989 446
132 642
897 930
689 18
72 698
3 765
843 496
862 614
808 960
628 511
19 258
802 979
597 305
363 233
378 812
99 591
144 940
922 219
321 885
499 150
196 366
559 180
829 168
896 919
491 249
607 193
701 232
796 777
101 585
489 107
330 74
437 809
260 40
51 14
752 557
589 17
274 955
752 942
661 442
287 155
668 318
596 564
568 985
322 846
231 49
190 372
295 292
91 226
476 512
706 924
364 879
563 173
962 42
205 751
733 156
153 955
167 205
923 65
885 360
205 744
617 98
159 808
594 693
948 491
396 42
970 424
525 610
462 694
824 985
985 708
993 88
16 289
815 158
52 671
484 133
433 316
314 89
36 208
249 296
945 901
676 520
136 799
485 450
706 238
852 898
496 484
899 225
637 919
291 368
965 388
684 785
592 16
296 848
500 417
957 635
143 842
890 847
239 578
482 826
622 56
273 813
208 553
927 715
884 627
364 236
171 961
541 63
793 551
941 304
890 855
261 787
2 404
49 302
795 535
426 407
933 39
611 115
757 171
815 948
986 805
21 782
283 846
83 355
650 765
679 255
824 144
696 343
210 694
353 792
415 972
372 878
366 481
758 607
972 304
142 477
209 314
478 769
785 132
823 87
565 700
252 45
206 827
358 967
610 40
592 167
691 264
270 959
414 655
397 104
64 514
13 917
507 641
213 232
480 194
446 928
848 658
699 240
565 462
105 88
195 460
199 305
479 611
289 860
147 313
787 486
846 186
160 744
534 637
4 684
741 508
446 463
329 265
449 442
242 625
203 40
421 607
576 291
905 546
53 911
175 814
877 688
573 694
641 321
599 469
671 280
311 245
179 938
710 568
773 521
198 763
263 891
272 754
867 534
645 655
344 463
699 222
430 726
971 802
599 309
270 864
134 362
424 747
946 903
186 936
101 546
689 511
542 754
369 89
283 476
197 329
84 804
372 88
379 230
212 219
103 753
28 374
707 247
107 88
497 263
406 719
642 156
521 901
897 262
621 827
890 794
722 685
985 667
129 645
477 954
153 732
232 601
364 922
286 528
976 851
851 125
942 254
168 190
677 379
375 57
304 186
3 98
502 595
903 419
664 373
725 116
158 729
315 935
152 759
638 343
209 812
780 547
352 616
400 532
89 220
927 429
36 707
821 99
527 547
680 425
322 786
421 614
21 478
91 537
726 594
30 273
367 314
323 79
125 454
641 315
131 520
428 132
141 273
328 123
761 440
143 694
218 586
264 16
329 363
241 464
206 280
955 211
80 139
730 163
974 736
662 619
987 233
801 469
146 120
249 202
416 810
229 672
329 32
431 524
88 530
461 68
141 446
801 857
501 847
875 114
903 584
568 869
129 640
406 740
90 459
113 846
752 634
822 478
750 941
526 541
923 55
408 143
236 389
961 956
523 193
54 131
586 47
658 741
81 635
244 568
824 877
449 491
277 504
359 245
626 187
988 830
282 802
901 145
206 430
591 686
994 190
776 943
946 137
636 161
583 589
580 315
630 740
360 437
863 508
466 772
391 110
950 910
668 109
445 236
277 675
984 883
224 81
858 296
645 867
815 177
994 867
426 936
837 217
236 793
935 313
202 295
518 612
403 895
980 105
717 777
111 669
53 312
811 139
608 220
67 360
126 890
661 861
985 476
19 701
980 36
52 977
799 387
436 791
577 54
698 968
585 894
205 587
37 895
156 186
92 987
841 280
962 511
30 90
345 852
267 482
624 994
266 605
138 361
160 361
385 744
554 589
319 135
247 627
139 973
896 512
552 558
990 554
632 443
61 512
991 781
246 172
168 710
327 14
82 444
208 450
546 696
131 423
554 686
671 896
971 563
487 401
47 366
756 705
192 627
852 437
701 808
817 328
283 155
677 711
529 500
333 585
435 616
615 324
434 659
685 446
924 213
821 684
49 628
535 272
459 528
726 264
747 194
748 197
997 822
893 876
412 330
743 351
109 100
672 588
201 51
126 937
187 810
451 843
391 617
789 275
534 343
275 418
147 371
196 32
114 421
625 268
814 231
542 310
104 427
566 80
323 519
504 844
698 344
626 181
831 398
43 685
577 856
669 429
582 484
81 78
43 704
480 846
69 32
828 759
609 394
110 72
12 880
907 777
526 85
905 10
824 928
376 612
523 177
860 638
974 121
198 43
727 619
230 126
476 938
551 901
102 264
216 170
921 228
824 796
316 171
231 400
883 691
132 317
372 738
102 300
758 137
841 789
173 358
27 171
789 420
196 850
568 218
61 139
953 289
900 754
713 665
425 32
744 868
781 175
43 932
163 17
915 19
10 263
310 785
487 52
116 154
414 988
107 837
185 296
963 927
543 8
255 268
247 860
446 452
389 204
570 989
342 776
723 112
757 862
754 660
346 189
167 688
755 771
631 486
523 142
737 459
953 814
508 526
863 433
663 24
947 355
655 859
247 751
686 67
579 818
486 100
19 559
927 685
122 224
940 315
125 24
168 165
323 244
792 308
199 704
523 337
443 719
968 630
348 390
983 155
471 253
678 663
808 231
144 311
17 369
455 434
381 846
128 993
551 839
850 787
72 397
667 443
65 848
821 722
753 344
275 135
23 325
982 249
250 139
872 385
814 81
548 497
297 985
988 477
876 78
847 546
322 285
1000 207
547 108
106 687
947 774
268 285
595 307
400 395
16 352
209 168
256 173
299 550
981 619
463 926
423 866
16 972
400 828
20 175
67 531
603 520
493 544
134 876
737 282
807 195
125 361
370 539
572 597
681 204
99 534
259 360
851 674
401 474
894 922
73 210
557 800
216 711
427 719
583 258
471 344
745 371
1 760
53 975
928 722
656 923
844 60
562 295
979 577
71 502
717 568
459 429
22 744
713 343
773 268
278 989
205 98
521 307
36 673
464 444
158 571
198 779
932 469
811 367
582 260
136 781
431 103
557 65
672 2
866 730
103 151
569 774
792 322
92 704
881 568
688 332
482 42
402 773
38 929
905 621
336 220
67 598
988 630
821 163
46 372
790 619
20 272
682 381
576 74
823 331
562 759
788 867
863 603
585 122
76 545
46 136
661 5
594 812
495 92
229 706
250 787
302 862
25 635
736 444
705 223
544 389
753 499
602 391
46 625
680 372
29 476
403 818
186 138
487 292
159 827
237 205
951 409
825 142
149 504
328 674
269 403
181 893
631 418
565 360
633 725
663 203
322 723
514 672
850 551
650 218
596 763
605 334
737 532
571 330
30 852
581 819
777 485
749 156
251 325
4 216
37 901
644 891
733 668
666 681
799 961
983 768
227 656
430 926
672 350
327 684
547 616
483 100
267 245
717 928
553 789
637 658
782 690
769 356
127 597
361 721
120 997
92 16
528 423
670 820
34 824
670 350
58 561
668 396
79 80
156 907
569 996
81 640
605 581
968 824
48 55
358 41
744 453
371 985
829 373
462 38
694 885
176 380
895 275
205 75
484 104
721 279
247 770
915 147
191 548
573 391
950 394
486 384
469 29
262 688
316 347
257 240
307 19
598 43
574 293
960 588
400 492
180 883
271 742
241 944
437 63
459 857
682 884
656 971
457 880
500 296
798 221
182 360
165 122
709 693
338 384
282 279
715 504
909 298
773 451
367 990
237 3
581 759
924 579
417 895
783 89
709 274
958 812
471 188
810 300
445 785
146 437
656 705
948 306
336 717
204 926
942 724
712 971
387 207
40 9
22 410
466 963
855 195
997 260
771 758
847 646
33 182
924 15
381 696
346 610
132 12
298 387
854 440
58 482
941 51
803 515
156 446
224 579
697 449
130 588
323 74
597 428
109 445
163 90
123 899
291 163
622 956
784 996
431 140
261 53
151 962
361 655
812 161
962 654
327 403
917 780
320 561
906 537
611 477
561 704
505 798
664 535
623 913
501 595
377 770
753 65
653 591
730 492
273 990
371 839
772 920
588 775
596 64
913 893
468 230
785 206
158 370
147 61
145 479
310 614
137 117
216 134
867 807
90 604
604 291
116 246
919 242
889 977
321 372
678 63
103 918
301 56
801 311
202 1
350 357
191 609
170 591
271 640
406 899
92 601
653 531
853 528
72 891
167 940
473 478
760 419
640 525
973 413
551 466
336 192
730 237
275 793
50 941
93 892
291 426
644 251
525 472
864 345
721 876
417 192
45 367
671 239
567 334
418 570
520 83
832 973
127 108
399 611
417 814
447 574
64 421
51 191
912 816
189 155
899 11
647 295
14 784
326 349
492 466
599 857
264 610
889 899
673 200
549 396
32 503
909 747
844 598
891 897
747 629
354 860
780 319
772 892
735 647
249 71
544 524
698 489
100 500
679 31
21 951
775 591
682 55
934 994
945 757
604 945
892 324
590 504
518 526
638 964
529 720
500 433
168 245
43 922
855 868
876 624
997 612
250 460
49 126
145 299
626 469
738 53
933 665
686 462
851 408
565 659
520 278
374 854
874 443
336 322
242 773
948 555
645 587
906 69
940 60
503 734
891 748
820 327
132 729
354 870
194 479
969 427
873 405
65 445
447 502
641 926
186 689
950 686
210 652
119 867
204 621
307 42
714 997
102 616
343 148
64 427
421 931
515 866
826 624
101 694
735 13
544 857
995 165
666 662
540 262
409 965
981 727
320 603
461 189
285 601
929 882
282 139
405 801
470 747
680 289
542 17
66 976
863 860
217 462
74 703
959 479
163 649
400 650
323 984
600 744
146 122
88 825
126 224
701 457
886 125
897 289
331 947
510 198
809 569
309 486
869 142
453 671
102 625
245 491
994 703
886 377
956 131
750 246
170 892
68 906
823 750
916 1000
869 809
62 200
763 993
982 698
939 94
854 220
298 939
710 330
370 177
810 47
642 262
497 597
157 605
29 844
508 299
230 547
337 379
473 735
102 845
740 872
878 16
388 733
287 430
296 918
506 413
433 659
773 435
299 177
959 559
140 209
182 88
802 869
875 923
685 66
443 259
846 564
244 174
326 382
203 420
335 615
673 569
959 201
734 92
329 179
662 413
748 893
838 710
387 779
728 916
447 972
545 51
944 893
376 431
408 957
60 868
23 699
2 375
692 437
647 831
657 549
390 663
893 353
239 632
506 999
314 508
302 132
44 151
791 955
386 501
471 106
693 763
310 875
105 306
68 482
95 736
940 976
171 121
424 906
873 810
958 574
246 808
872 143
161 534
11 250
559 558
926 12
493 658
158 87
502 534
331 940
404 716
947 981
670 382
396 892
67 726
127 411
761 185
1 100
494 431
219 372
5 524
405 531
498 144
897 780
405 462
681 551
321 173
845 598
695 399
711 322
683 602
711 853
329 722
21 331
20 901
160 432
119 246
673 809
610 748
705 739
759 879
100 56
209 900
934 753
791 60
83 365
949 277
983 507
430 541
874 752
225 457
552 585
720 936
698 368
275 729
259 642
450 49
634 503
500 838
717 576
856 770
961 683
482 862
176 550
565 36
69 460
484 828
553 1
158 350
236 697
676 156
30 408
875 721
222 782
909 150
644 313
634 44
969 847
418 135
899 18
735 144
92 562
127 152
582 176
940 483
83 475
703 596
678 164
640 104
604 285
827 804
710 873
431 308
655 32
836 566
96 67
707 272
986 827
229 673
362 261
974 684
983 981
452 943
810 564
533 243
353 509
836 198
750 698
885 480
121 159
554 916
236 283
472 722
501 2
545 493
996 113
262 170
923 536
568 633
100 889
603 240
668 772
206 915
330 687
940 978
187 441
392 841
704 827
489 734
33 180
958 843
375 763
680 60
389 614
691 715
147 991
178 901
57 963
216 6
829 507
275 784
898 185
901 811
809 159
59 120
301 423
959 445
900 475
170 787
813 33
879 475
325 403
216 704
811 629
556 20
778 282
141 48
990 463
921 337
887 702
964 633
224 96
275 369
988 500
618 593
265 332
321 248
367 291
828 224
745 560
84 446
767 653
681 161
839 523
605 242
242 562
996 947
75 82
86 231
732 419
247 533
107 602
342 115
239 49
847 819
740 691
597 404
402 28
502 573
369 25
667 544
3 131
553 869
355 469
460 926
233 586
404 895
76 880
532 675
610 599
91 925
476 719
667 451
953 369
681 590
115 299
978 308
911 160
663 731
173 972
125 762
238 344
728 867
628 467
742 723
298 712
985 335
163 905
519 679
507 676
976 436
906 677
27 285
725 284
919 532
242 264
391 349
501 186
14 473
67 10
908 127
294 30
965 796
913 595
294 468
944 729
390 415
936 664
140 857
70 791
265 912
885 339
384 400
71 802
672 57
858 514
9 847
238 749
618 366
124 197
514 517
356 804
632 260
503 169
753 9
777 196
604 157
330 790
582 145
62 505
68 116
748 443
890 116
816 730
344 175
676 798
428 374
990 741
322 738
718 34
756 242
592 427
382 23
382 360
623 860
493 524
742 885
433 186
812 890
657 686
578 724
705 358
707 2
789 447
167 926
740 778
829 528
465 584
192 187
543 975
54 95
571 397
887 635
260 664
691 106
702 56
803 747
817 616
970 415
774 318
544 530
602 105
107 552
145 623
20 811
382 95
26 605
69 361
665 210
598 412
179 924
737 512
874 353
421 632
609 612
630 952
774 770
985 641
599 264
561 590
979 585
25 988
769 943
850 712
606 595
276 898
988 835
96 663
459 67
188 490
940 886
248 571
944 785
227 610
562 578
909 747
841 315
560 589
268 178
630 261
498 663
387 870
346 999
348 97
369 927
593 677
488 996
884 773
686 787
402 352
853 441
247 403
982 371
730 932
798 376
466 526
348 164
146 306
715 520
429 591
630 53
74 7
836 728
996 941
19 920
930 758
68 335
144 837
738 550
121 472
364 255
555 373
806 340
65 551
741 423
571 525
64 569
477 787
197 397
756 415
685 717
554 272
750 778
392 806
185 281
327 301
267 114
878 524
626 127
828 833
944 57
557 330
502 262
288 636
869 455
532 569
958 961
387 857
1000 173
773 112
175 65
219 958
637 54
335 169
850 553
555 16
274 691
655 110
890 629
289 486
980 593
743 246
731 940
519 88
986 89
755 982
717 379
286 950
818 351
444 928
311 847
63 717
257 847
894 130
561 865
334 152
793 571
685 87
496 365
269 494
240 508
318 816
52 815
293 421
230 720
863 917
16 692
457 56
108 979
999 228
316 132
312 513
569 128
617 188
638 22
665 566
737 456
999 393
61 943
548 330
831 245
725 911
302 590
713 647
447 379
450 197
950 557
916 370
891 882
905 37
829 374
907 80
970 190
835 928
832 643
792 866
159 888
478 61
517 319
1 978
825 922
981 905
521 535
917 212
471 171
67 572
702 511
469 139
795 193
956 161
634 661
394 694
170 398
112 229
162 840
907 183
225 118
994 873
567 883
650 713
291 450
186 206
787 395
122 342
86 867
883 345
719 298
496 875
811 517
789 685
939 87
169 67
77 492
809 380
802 479
814 668
700 106
305 136
881 647
926 776
284 173
960 641
494 882
662 779
750 264
174 427
331 446
407 799
159 598
970 322
458 247
54 768
339 650
381 419
323 110
568 1000
643 823
645 167
782 414
111 145
913 888
435 228
807 124
279 758
621 616
661 517
396 616
422 174
192 814
143 408
867 428
661 742
860 845
53 917
335 57
690 434
579 427
865 702
213 502
847 167
109 954
605 770
821 976
544 560
115 626
476 16
887 234
166 902
635 992
404 980
914 574
2 867
551 321
888 15
868 367
384 489
900 996
229 936
863 946
110 952
694 577
192 709
406 420
607 396
277 40
347 360
805 854
602 855
172 569
127 303
36 48
392 37
190 675
204 122
189 133
468 904
880 113
451 115
76 358
33 145
513 129
111 465
379 37
486 449
303 192
200 160
638 652
151 682
534 369
993 541
956 565
41 919
932 305
237 900
661 873
407 493
818 527
434 63
530 70
251 122
116 934
592 647
620 851
864 952
338 540
705 98
102 969
592 764
815 927
407 414
673 133
869 988
708 779
842 1
257 393
738 527
187 66
515 185
946 70
580 752
859 284
925 192
125 137
657 213
533 991
855 430
244 15
420 644
454 76
163 39
901 318
985 540
110 396
138 806
980 16
93 942
464 446
531 541
968 189
141 840
100 145
579 518
319 179
882 198
959 646
337 269
680 88
794 726
141 56
40 831
389 743
97 538
691 731
780 182
676 1
495 533
747 932
918 884
999 728
970 332
484 642
89 770
538 517
205 262
394 616
504 973
324 571
944 492
708 905
693 909
667 382
932 764
601 424
482 495
675 46
12 79
459 123
787 323
594 884
586 683
299 265
21 845
497 155
156 257
259 966
570 350
639 16
739 228
768 440
874 490
160 243
803 806
47 264
461 320
135 292
16 86
301 654
23 782
612 876
239 111
263 544
717 906
445 822
77 691
379 422
673 792
564 800
990 764
514 485
20 933
90 636
30 283
331 363
157 541
907 881
935 376
394 474
978 320
367 591
627 540
125 315
300 123
73 514
643 677
543 723
511 240
208 915
779 513
22 308
76 211
165 47
299 728
709 404
819 713
178 125
766 844
420 625
313 613
961 416
764 834
365 832
259 681
445 95
908 849
737 423
438 858
516 432
830 635
873 630
483 807
519 347
231 657
47 558
424 529
501 115
535 677
409 443
605 924
370 103
160 282
767 242
303 879
794 726
370 290
383 948
708 913
861 815
322 421
7 465
971 409
335 605
690 995
489 163
110 453
463 700
916 400
722 653
479 267
320 43
757 795
687 706
145 581
896 331
609 365
838 718
551 108
405 480
225 422
484 330
606 682
600 831
964 325
287 406
625 881
847 897
101 123
242 467
75 302
595 996
311 434
675 531
5 282
406 81
984 769
128 480
846 325
468 578
564 497
383 827
853 742
456 724
626 592
235 600
917 139
389 759
915 338
932 468
842 374
480 1000
715 299
108 236
63 682
607 988
253 20
807 677
757 151
893 732
975 524
119 695
187 295
872 369
91 755
361 199
184 25
71 87
66 446
123 756
394 32
647 609
987 525
350 297
490 197
982 418
590 470
57 363
22 208
282 845
358 962
664 661
313 110
690 252
915 87
274 249
749 189
130 187
420 430
612 821
553 167
570 663
795 881
599 503
343 852
752 678
398 236
643 790
270 745
550 930
732 999
433 712
36 377
195 300
371 169
726 607
19 337
864 196
679 186
971 267
379 669
415 798
855 923
423 183
357 996
50 816
159 21
873 351
932 72
953 2
440 181
262 645
209 838
870 582
37 628
202 936
100 761
830 312
472 553
728 49
889 946
729 5
735 617
60 24
38 177
472 240
936 362
413 214
19 411
187 398
883 21
904 998
644 940
617 129
29 186
610 182
694 742
716 221
694 890
760 968
863 553
589 171
924 212
21 994
180 856
668 583
705 410
819 263
629 931
722 706
833 854
788 142
24 830
976 555
494 117
183 373
65 741
318 820
961 642
801 266
527 631
450 768
824 729
395 706
74 719
603 834
246 397
139 801
731 820
454 664
474 709
722 44
172 309
188 620
73 49
951 150
895 393
558 325
828 408
922 803
376 205
648 543
772 500
145 548
680 185
578 136
246 819
360 583
281 900
202 832
179 485
188 156
669 736
394 372
747 403
346 382
274 386
381 86
195 347
402 176
889 460
509 827
760 511
589 859
20 124
998 163
762 956
981 908
508 839
730 959
718 831
353 200
688 204
833 68
370 94
861 346
404 493
633 749
743 342
353 419
838 625
808 944
985 763
209 760
824 447
346 68
688 698
349 621
547 82
187 920
9 666
152 750
191 203
669 209
561 986
52 812
329 167
604 213
361 217
698 429
950 384
741 553
170 476
457 35
418 160
136 139
515 496
25 884
272 874
353 406
709 287
702 907
692 702
839 948
988 896
630 227
487 592
615 571
539 896
490 923
851 731
218 502
319 137
580 178
89 657
856 22
673 643
223 613
967 852
112 224
451 274
297 367
314 830
342 452
669 685
194 541
944 95
64 955
924 970
529 803
276 246
340 881
853 858
253 48
955 999
528 467
243 830
924 55
302 226
299 174
223 47
116 928
361 707
677 711
733 822
195 250
430 521
360 714
112 268
541 578
898 235
201 818
221 939
398 876
910 923
878 916
690 280
482 897
848 43
969 565
951 563
282 717
143 322
18 731
20 887
903 317
404 965
389 998
172 535
186 682
154 46
576 569
137 715
617 812
498 875
670 595
221 366
115 565
5 542
542 130
83 604
994 450
675 490
565 363
940 527
18 571
664 406
966 319
941 38
252 540
371 21
47 308
221 876
447 116
347 814
319 387
632 910
780 721
193 853
35 381
958 486
576 738
707 926
475 220
73 529
852 529
198 224
597 157
531 519
582 857
490 971
106 525
5 117
749 457
457 237
241 832
903 926
461 574
268 41
774 710
536 251
408 671
112 235
602 332
604 296
459 481
998 835
703 419
561 527
77 598
392 792
531 8
124 768
151 704
513 922
977 770
335 980
235 644
392 849
763 994
34 842
853 849
347 193
983 316
942 736
825 796
183 330
462 153
57 792
248 267
375 767
719 160
859 558
708 528
780 927
929 832
470 623
479 40
926 326
649 462
466 363
346 769
574 8
773 627
948 540
393 90
373 421
493 416
192 752
83 871
185 143
909 658
975 316
88 174
922 79
852 782
669 502
933 247
460 664
556 403
30 582
615 942
547 673
786 353
69 349
293 701
611 645
608 216
296 160
845 715
477 542
388 438
66 404
369 214
365 915
77 145
766 425
178 298
272 323
351 682
374 976
118 179
550 38
846 15
528 85
493 525
334 736
908 890
196 19
296 326
783 550
29 165
357 878
791 7
399 17
698 289
374 200
839 355
956 435
571 184
679 992
996 831
749 803
617 991
399 255
888 469
909 140
513 156
559 288
69 283
815 959
114 268
188 23
170 575
271 291
625 873
750 268
900 628
330 888
723 784
380 327
614 858
940 488
743 316
260 421
972 533
301 657
445 221
407 641
282 846
16 184
224 45
886 933
685 75
828 942
479 934
153 169
345 289
107 290
359 609
29 159
94 380
943 693
453 800
272 157
31 732
271 378
571 556
942 946
774 635
999 539
777 148
783 958
302 789
178 644
426 301
992 615
341 615
808 605
687 888
752 927
932 216
414 609
40 899
718 466
562 16
979 497
870 659
4 922
788 727
379 91
540 30
150 785
322 720
660 640
592 623
261 621
890 407
800 339
768 643
724 611
97 436
333 138
214 847
914 565
650 19
774 690
230 689
600 693
49 966
714 868
44 788
567 520
106 610
292 53
165 933
308 407
627 866
861 227
127 248
469 514
324 455
618 541
983 189
876 99
543 672
691 612
473 671
193 940
795 912
36 944
976 593
443 306
436 215
893 307
114 102
714 477
902 544
946 566
799 91
548 38
948 575
299 693
926 683
815 940
151 916
631 488
992 119
406 802
269 895
334 88
983 256
914 379
832 550
307 834
292 149
882 561
94 819
201 261
147 344
414 144
456 135
901 156
747 384
826 46
812 406
711 851
308 456
315 774
497 558
287 267
647 617
53 463
528 31
342 253
52 745
109 278
66 125
57 474
257 942
420 337
807 172
234 197
734 191
167 601
256 275
400 2
401 383
387 519
82 983
289 728
532 560
761 94
610 475
18 418
30 209
830 39
545 384
610 1000
382 132
993 405
805 448
651 744
791 374
594 368
636 63
232 642
553 557
883 4
626 532
443 818
586 71
656 802
66 32
559 654
382 210
415 841
433 375
797 441
541 979
303 749
429 89
917 627
337 355
716 729
863 911
583 531
991 817
555 873
94 595
245 758
385 823
117 812
312 927
513 926
532 905
250 934
503 868
915 292
348 693
973 143
767 859
728 933
312 39
161 433
964 157
235 437
505 136
359 468
962 207
556 511
521 755
180 459
597 443
618 548
446 989
549 105
174 591
449 317
505 434
613 952
594 780
903 911
230 910
854 848
47 589
276 629
243 759
509 398
963 213
792 148
19 388
519 80
275 229
31 979
843 222
388 621
370 136
938 416
42 323
780 350
338 295
354 895
536 169
738 395
906 888
78 115
157 23
625 258
35 507
358 184
106 194
681 978
197 653
415 609
274 7
505 268
269 224
466 717
328 604
761 233
143 575
162 553
770 944
521 202
255 511
255 503
241 917
420 650
386 383
29 107
34 829
349 299
315 966
200 283
228 670
169 645
781 758
142 1000
69 253
844 485
403 297
584 83
517 348
315 262
11 817
237 873
395 943
547 542
333 636
10 777
676 599
380 176
275 395
882 91
470 43
85 389
820 946
391 955
260 206
745 409
946 769
735 432
954 595
408 823
581 458
761 786
891 182
36 850
213 663
211 457
71 970
280 300
547 143
250 878
460 35
764 760
975 855
611 841
749 205
599 639
829 789
429 69
322 908
249 35
542 175
741 803
118 689
501 838
252 772
242 99
383 58
390 699
939 46
402 532
987 471
938 731
958 477
286 853
952 499
960 480
640 90
204 849
15 102
995 320
852 37
586 45
395 15
76 701
862 584
483 308
211 528
594 620
594 116
567 345
970 838
465 998
1 180
198 180
258 273
981 129
443 536
489 84
69 611
440 522
478 507
110 156
879 950
488 443
726 820
705 820
599 892
634 336
885 467
46 722
696 276
703 213
488 354
194 418
742 562
749 338
138 74
497 814
461 143
621 467
841 128
385 159
748 238
305 641
947 966
504 901
807 162
147 260
245 705
134 914
168 482
283 971
812 850
445 75
619 733
50 781
864 655
248 521
397 594
281 851
633 694
455 718
884 930
854 943
956 903
494 953
717 287
443 963
478 418
785 161
880 240
530 144
601 402
282 855
31 886
638 272
277 611
679 662
563 484
24 15
511 535
279 634
815 964
20 40
480 320
698 350
304 130
476 71
596 774
105 968
396 316
134 735
309 245
997 264
465 516
765 991
706 373
855 914
772 170
433 734
538 865
424 707
597 651
776 397
794 867
977 48
878 96
515 490
542 426
287 372
879 433
420 394
140 986
299 675
726 192
175 367
982 349
218 903
371 549
533 778
815 1
754 933
648 231
942 673
207 853
18 348
483 52
550 992
456 124
466 915
738 908
889 763
201 662
447 484
393 115
515 728
84 24
117 175
148 271
110 861
958 113
696 74
498 674
346 687
916 776
532 635
783 134
18 519
128 891
100 431
460 512
696 829
773 271
659 136
506 866
204 478
545 585
360 981
763 512
578 856
276 429
504 726
249 919
565 365
526 477
114 362
573 818
867 807
15 43
549 156
307 846
82 5
707 469
764 496
570 583
625 214
600 466
788 166
474 707
576 715
142 849
423 569
952 21
46 152
462 319
370 7
356 950
134 348
833 12
507 603
538 602
586 19
955 249
860 840
874 711
82 195
962 643
919 298
276 18
10 872
164 648
472 170
895 818
799 985
677 561
526 211
134 65
65 505
17 733
55 392
937 163
33 901
14 321
691 633
230 423
383 561
361 451
111 257
689 504
251 869
140 363
347 87
873 205
839 121
190 389
456 448
745 724
523 173
72 698
50 870
522 996
424 943
64 501
163 10
432 733
242 310
378 429
592 744
548 470
79 866
471 437
890 672
390 334
733 998
365 583
255 679
128 629
11 832
954 245
173 151
104 285
147 553
134 250
473 388
341 448
745 399
479 551
173 944
801 672
3 854
700 856
730 703
829 205
256 131
482 99
186 291
811 973
707 721
563 479
621 221
285 62
995 605
712 68
126 962
230 288
96 288
860 241
935 246
79 509
794 789
772 51
883 319
280 729
34 760
708 276
97 597
838 896
560 400
806 977
367 582
632 622
690 460
982 508
175 864
994 407
215 611
89 422
510 514
508 842
612 226
916 682
333 864
681 809
6 458
562 899
695 258
75 120
95 429
925 86
502 728
331 280
962 39
496 793
373 611
215 269
47 712
215 293
218 792
379 182
865 28
582 578
661 254
777 812
560 438
939 753
397 229
147 792
154 375
891 38
42 623
682 414
570 607
518 957
417 956
941 853
490 401
72 240
67 427
294 405
996 914
515 414
430 451
756 412
978 963
571 51
975 471
400 743
29 26
182 658
389 121
327 501
886 386
19 54
979 268
180 639
892 304
743 408
417 379
736 105
179 796
87 208
203 93
407 896
773 890
936 850
366 457
450 512
970 60
239 384
24 270
748 149
36 602
970 408
171 704
388 661
630 239
797 81
132 10
216 173
235 789
674 39
817 91
969 865
602 748
48 391
989 968
725 25
658 943
918 94
692 995
391 740
276 125
574 270
708 736
264 838
56 302
741 53
945 230
810 973
844 662
555 155
69 414
576 548
921 597
52 102
978 129
593 186
168 88
109 879
432 294
563 324
350 100
330 811
995 607
688 929
85 858
323 113
164 392
557 213
747 832
776 259
1 669
351 964
834 337
256 502
272 749
119 895
26 587
982 682
787 32
483 719
968 486
534 115
386 426
145 166
396 821
417 629
595 976
97 938
441 88
865 174
43 23
721 978
38 515
255 344
647 298
870 364
632 73
227 370
576 727
942 349
245 294
335 101
888 229
397 852
954 652
520 254
541 818
681 993
397 474
955 545
581 909
540 405
34 10
936 541
844 344
181 726
234 303
902 976
662 493
204 275
593 946
453 937
911 151
359 638
410 273
700 383
899 17
590 580
869 592
469 601
336 693
223 544
604 45
899 116
402 956
286 482
44 550
573 860
370 970
879 792
672 782
375 674
684 571
319 4
59 362
447 30
536 352
265 378
839 240
429 211
968 967
557 680
694 979
573 860
298 961
338 500
115 479
204 411
944 6
191 360
498 428
557 286
403 299
239 980
780 189
271 878
791 463
459 7
685 969
614 341
954 71
654 330
676 741
730 603
656 324
579 880
936 358
476 816
155 8
791 849
78 487
784 979
714 721
632 141
211 941
515 880
196 156
72 490
944 376
950 139
458 663
965 939
895 872
775 528
220 822
973 920
614 739
135 928
414 563
917 372
33 981
933 855
567 805
817 788
56 526
136 69
804 155
599 122
500 844
28 658
226 278
433 580
685 190
516 752
778 285
456 18
362 743
561 91
521 822
632 30
781 728
412 409
807 685
889 484
452 531
714 981
112 868
709 597
600 184
302 988
464 393
852 220
538 55
149 230
169 394
166 573
958 111
897 144
347 97
119 682
837 160
516 207
664 916
262 917
45 731
341 703
741 797
290 24
678 367
49 664
908 221
537 851
562 630
422 9
485 153
183 206
379 88
343 50
752 753
636 74
476 419
510 483
781 210
736 914
980 934
920 139
669 860
792 73
43 756
662 547
919 767
800 311
41 521
847 911
623 694
179 238
337 261
259 297
851 384
112 661
151 696
519 100
573 730
687 421
444 88
143 374
502 202
707 715
396 504
665 53
734 471
689 821
603 542
964 108
101 783
904 555
56 634
192 11
55 842
467 256
821 758
454 312
311 349
654 419
29 523
734 837
391 171
20 613
15 155
719 912
835 934
746 294
353 495
704 554
229 205
311 944
846 265
282 511
429 761
127 22
718 426
943 102
388 85
642 563
884 802
403 360
785 789
331 878
723 401
695 914
148 238
926 493
259 932
243 360
2 674
28 979
645 920
833 340
282 35
487 934
232 43
229 617
596 233
262 915
625 478
979 158
930 958
280 111
777 802
318 364
987 168
135 320
5 501
814 462
731 543
270 204
18 352
849 396
750 337
807 212
29 941
493 19
362 690
82 68
271 426
353 55
309 745
475 641
773 985
271 473
194 638
95 770
417 595
619 387
714 295
421 136
771 102
699 591
523 188
840 248
785 571
189 683
205 543
483 827
550 524
601 664
817 511
206 74
111 252
175 890
645 22
304 810
246 756
434 146
773 81
427 662
528 227
885 654
466 832
231 466
847 565
296 790
283 380
266 833
814 393
774 212
153 873
158 588
567 779
803 426
611 512
226 748
153 499
96 344
686 831
658 410
822 180
26 306
1000 460
199 194
34 298
117 501
958 841
36 201
43 470
985 404
192 256
533 458
556 951
129 494
677 550
647 294
787 826
950 48
809 607
104 118
278 701
559 793
274 572
138 794
640 359
457 501
960 607
612 787
658 466
455 86
2 559
809 820
180 359
844 552
281 113
8 21
158 654
914 418
720 172
757 91
675 887
850 206
480 990
753 389
949 3
383 42
945 634
943 117
790 685
215 796
948 530
309 531
213 874
807 737
715 688
827 860
888 731
340 509
263 540
145 157
632 717
946 658
951 866
161 641
167 67
790 411
197 688
823 908
815 332
362 823
871 700
194 260
555 755
832 112
129 793
59 284
993 363
753 541
466 828
490 526
546 117
479 2
312 169
948 913
539 168
971 423
323 56
234 929
434 691
950 870
89 568
651 844
166 616
109 431
948 217
57 776
782 757
727 938
337 269
559 653
339 439
889 376
261 831
542 319
760 135
816 242
904 806
270 515
305 689
898 874
410 436
865 717
745 325
283 10
673 563
486 789
906 348
781 336
712 595
369 157
579 438
633 764
540 284
490 670
798 593
838 138
978 558
424 556
727 913
25 851
341 32
615 452
934 406
505 296
758 344
245 317
500 367
74 593
540 914
593 8
259 633
300 628
216 151
151 164
542 521
581 74
460 99
988 269
547 685
228 340
226 695
759 951
672 588
641 534
789 229
3 574
584 556
187 571
54 321
790 613
782 388
653 906
884 49
489 282
912 739
246 21
345 277
506 422
257 26
521 892
506 298
285 26
834 771
749 352
981 203
365 272
507 386
171 677
552 986
66 960
200 892
246 45
414 653
371 914
151 930
816 916
680 538
186 574
583 83
365 657
656 439
164 119
669 13
261 916
113 103
541 643
972 17
622 726
157 720
95 316
289 369
167 595
776 723
641 490
739 758
233 973
537 603
942 710
887 103
662 629
719 255
481 677
296 308
194 454
749 670
676 881
207 772
553 862
314 487
366 227
212 398
729 453
811 18
121 663
279 234
661 840
489 206
420 325
361 187
901 249
957 398
453 757
186 581
653 114
676 636
597 553
231 777
330 95
267 926
834 797
604 957
911 356
801 199
427 465
671 161
924 45
501 960
275 85
417 816
480 467
91 902
585 384
83 964
133 465
830 874
813 85
764 875
840 488
301 270
882 254
243 1
368 59
744 407
211 107
552 281
823 831
793 34
29 191
317 710
499 161
972 587
53 236
717 356
201 533
807 672
457 803
261 432
655 482
989 653
399 554
827 932
570 426
210 600
306 424
97 907
481 308
322 629
828 459
512 519
95 981
975 937
35 397
532 207
741 519
557 331
284 706
336 87
269 53
96 527
249 418
113 372
744 606
269 249
568 787
101 792
891 682
226 351
278 732
802 415
350 914
522 103
976 215
354 461
87 166
282 100
329 142
776 269
745 513
890 359
512 927
443 709
468 808
182 536
356 684
266 69
604 879
644 805
376 624
539 912
698 163
518 721
545 862
239 227
945 144
977 225
235 967
366 280
672 786
442 479
536 378
771 492
806 640
38 223
385 356
235 499
708 600
778 768
868 429
370 697
891 265
162 154
584 553
647 726
408 133
606 687
236 452
854 834
526 156
353 427
58 347
967 735
513 987
693 934
738 617
3 506
908 926
303 51
421 450
195 118
777 319
499 363
336 360
219 257
300 960
565 383
983 705
82 905
260 364
478 21
919 138
120 925
26 840
73 584
773 976
876 867
357 962
429 388
906 656
210 784
558 632
87 892
942 3
133 989
599 526
6 158
846 991
258 259
713 532
494 862
864 955
884 810
422 652
755 469
601 371
61 208
502 843
652 921
85 243
643 959
989 516
59 84
251 763
358 492
405 302
152 198
332 40
332 69
994 510
707 782
195 801
253 688
508 666
310 874
363 368
917 825
594 994
611 240
429 343
132 362
658 882
384 481
294 338
991 505
972 23
783 527
42 574
955 338
828 154
181 447
943 984
210 38
264 305
386 283
545 414
844 336
17 42
411 828
582 500
610 542
986 836
129 942
557 476
442 493
23 618
210 759
642 214
452 161
149 7
704 427
375 364
398 974
879 47
883 366
470 799
910 430
625 424
679 855
1000 104
617 46
872 563
886 482
238 627
795 644
445 179
578 15
637 643
606 145
909 534
380 734
27 575
774 58
754 376
577 39
722 370
71 57
268 39
976 360
809 54
292 657
102 142
293 517
514 549
588 772
889 257
960 921
696 331
786 33
648 754
688 714
792 773
880 55
285 258
853 175
760 550
492 545
780 442
921 443
303 745
646 551
690 612
15 119
23 808
721 853
551 338
15 394
967 411
729 377
26 864
37 887
183 519
189 162
859 545
548 272
376 498
701 871
15 66
195 149
528 215
686 306
884 553
523 896
935 928
83 508
932 236
19 675
636 533
79 731
475 759
486 685
842 921
412 148
277 381
878 637
237 590
165 166
837 342
378 848
275 530
967 768
110 730
93 466
243 364
314 792
865 939
830 541
228 655
750 967
369 722
201 456
398 900
214 266
80 866
230 905
482 28
181 943
825 853
353 306
381 282
112 572
766 935
558 253
690 88
390 859
956 980
667 644
876 287
860 325
566 106
817 703
589 186
429 841
72 969
504 112
55 169
181 870
796 66
564 823
525 409
160 667
76 306
683 320
359 483
611 168
607 80
147 923
558 917
921 82
742 578
668 348
71 352
943 61
377 116
241 769
255 872
42 269
687 269
724 497
276 163
689 566
770 944
527 618
386 22
587 289
475 39
958 206
962 731
46 136
246 854
886 135
487 318
724 549
301 447
161 670
683 937
969 106
955 545
957 378
113 628
677 112
703 17
467 812
905 95
288 514
232 121
136 422
294 266
346 76
577 468
245 620
872 316
178 825
163 944
547 227
755 562
669 632
844 326
393 570
978 783
547 701
567 462
67 82
722 12
555 730
764 175
87 806
26 272
117 76
974 943
588 829
504 818
541 69
199 549
435 7
74 967
992 953
886 367
866 966
474 663
231 739
184 255
232 463
552 174
375 782
86 5
814 55
311 36
222 868
523 247
792 884
197 675
207 171
94 456
135 713
105 443
819 586
942 263
359 44
353 644
74 817
609 370
365 720
553 244
816 89
93 826
959 755
838 444
23 692
773 852
684 227
23 649
525 30
859 711
449 555
454 472
512 461
380 671
540 547
954 163
329 229
658 682
762 649
75 900
181 393
740 65
883 797
504 511
33 306
975 361
690 510
694 806
968 143
111 439
698 16
733 553
496 668
60 545
571 803
592 615
267 687
949 896
413 324
9 377
880 133
307 676
596 614
498 421
761 486
952 757
54 896
446 665
815 840
871 150
774 595
731 817
44 826
674 282
150 988
948 601
703 152
630 27
369 417
283 122
921 2
214 74
439 328
616 612
655 236
789 222
75 162
422 663
589 682
897 314
985 242
985 987
223 871
623 146
82 926
575 676
721 130
848 490
215 661
656 981
172 797
181 987
261 530
367 512
823 65
672 892
866 573
671 406
928 829
857 626
40 402
861 706
789 669
855 589
820 489
228 609
444 6
209 331
424 981
377 534
274 720
414 621
264 901
772 302
167 802
558 964
436 120
311 419
239 597
168 421
171 547
548 855
17 561
260 329
109 111
936 126
912 493
157 731
967 8
67 94
352 906
854 316
761 641
389 196
887 247
500 324
535 437
500 578
945 441
621 377
715 42
746 652
15 405
938 219
257 679
837 908
263 569
62 263
724 855
992 972
532 351
345 840
826 368
822 510
483 878
674 376
599 627
256 273
217 472
182 279
827 578
746 837
341 814
80 723
22 801
293 577
66 552
526 232
818 852
425 535
476 71
967 418
266 501
988 674
589 585
497 924
513 743
602 996
569 351
56 479
724 231
256 681
795 27
553 516
135 643
964 535
469 950
623 60
325 174
589 756
903 975
933 400
603 332
916 585
954 92
323 119
313 400
760 4
39 645
17 543
8 822
827 434
678 439
185 736
671 740
934 179
771 481
377 543
97 373
745 302
925 541
27 583
749 581
477 474
557 576
171 992
513 574
203 751
783 862
39 17
314 195
953 341
982 959
953 268
115 848
861 802
25 261
452 828
1000 134
205 354
936 820
479 614
561 480
437 308
51 240
972 339
304 542
367 671
478 175
818 577
639 943
423 344
974 984
150 334
888 867
466 825
944 104
288 545
81 124
15 483
993 177
649 77
830 501
705 239
911 438
447 739
290 868
813 576
959 36
932 756
996 614
404 272
339 520
428 724
337 706
793 209
523 225
436 328
815 932
650 786
524 829
557 668
180 286
61 588
448 593
731 770
713 179
105 483
305 315
675 753
681 366
980 196
604 780
821 356
525 24
465 12
858 419
811 44
972 443
482 964
746 944
859 959
967 576
192 264
616 660
332 398
37 929
701 850
534 106
786 668
849 611
120 662
896 181
395 901
137 781
437 160
762 816
584 501
526 247
836 701
664 40
447 111
648 89
172 481
67 413
979 651
185 142
464 529
32 230
258 972
486 930
21 553
541 304
792 610
85 377
414 731
704 928
981 181
779 930
996 76
842 723
820 136
434 977
600 7
672 592
247 603
592 267
698 796
572 751
145 928
964 879
594 417
775 100
760 229
784 430
266 444
650 277
135 185
128 242
432 707
885 555
187 221
807 32
853 227
344 826
859 43
978 609
445 440
636 319
151 15
208 20
578 132
613 271
751 37
405 367
175 762
78 270
552 199
699 773
455 711
833 546
170 70
663 625
303 343
187 42
362 560
253 163
628 325
380 862
20 821
897 105
120 685
252 180
730 954
824 75
982 584
508 494
304 284
693 522
731 71
295 621
400 353
898 412
422 173
49 197
121 185
42 549
493 755
499 290
68 318
330 940
606 324
121 678
634 995
748 108
13 787
741 270
848 720
619 26
297 873
937 771
922 382
445 85
734 408
756 313
463 975
220 254
367 506
853 291
501 519
148 433
359 964
109 381
166 333
183 932
104 848
566 904
739 45
550 194
170 762
345 768
658 202
462 224
439 30
942 784
790 444
766 442
368 421
233 189
67 957
444 680
70 973
211 585
653 321
179 38
712 102
771 125
748 717
640 586
533 663
543 810
876 483
402 150
421 867
305 937
5 573
923 324
317 498
702 336
775 70
311 402
266 980
302 45
767 546
402 741
701 926
189 1000
886 142
620 296
217 154
495 856
467 399
99 266
432 772
312 771
150 845
420 911
633 197
438 482
440 920
87 667
239 747
910 991
298 164
97 643
963 505
480 814
583 904
724 802
160 169
203 197
34 374
639 200
401 453
259 321
359 189
754 593
109 645
620 326
612 97
842 750
292 845
334 421
57 17
796 644
42 948
216 459
46 821
785 109
378 543
614 499
257 743
135 520
260 285
5 246
606 709
595 952
718 570
81 310
48 609
905 49
902 216
804 944
278 272
191 420
307 59
232 397
891 414
97 934
313 834
619 193
275 220
673 257
688 654
505 670
976 86
469 167
228 629
486 265
722 171
331 679
150 812
457 372
329 60
659 648
903 678
650 166
120 323
751 523
419 106
192 987
363 105
676 799
966 530
947 701
114 112
145 382
239 488
824 168
607 415
346 661
498 173
343 393
841 400
845 424
909 592
784 920
477 364
234 520
863 628
625 392
59 82
585 24
271 740
251 523
745 995
813 757
117 784
916 939
106 865
599 818
198 779
821 954
687 484
90 928
733 462
727 525
673 783
110 578
215 290
494 779
501 923
855 315
551 751
668 728
61 128
571 888
419 207
480 470
809 761
308 72
223 604
171 827
268 244
50 786
781 85
510 113
82 329
124 691
834 469
822 616
958 807
614 622
382 958
845 174
124 382
956 277
886 35
412 511
416 814
964 985
629 394
274 179
935 610
553 571
219 941
636 118
801 548
555 784
623 966
211 497
531 296
757 311
568 149
440 959
660 255
295 457
868 736
221 410
175 198
729 677
223 816
546 467
66 14
584 37
659 956
969 388
842 813
614 890
102 551
16 30
812 173
512 768
166 441
410 848
488 627
581 357
274 576
551 265
848 792
46 878
721 818
176 100
444 956
165 572
894 539
967 205
409 276
385 944
543 221
329 743
2 926
312 479
51 816
11 556
779 432
19 627
726 593
25 466
463 81
833 80
653 906
246 14
915 257
320 843
84 768
828 326
209 529
368 32
791 697
403 175
399 409
70 549
758 463
549 437
418 296
682 37
72 259
675 298
492 852
868 86
529 566
839 954
853 673
924 295
106 602
979 879
580 188
684 888
996 64
681 68
289 542
625 707
921 286
327 700
269 525
225 150
354 389
160 490
407 623
579 286
831 21
521 884
475 520
805 992
949 823
412 790
780 756
799 169
257 135
69 167
643 388
177 185
335 495
157 909
822 212
245 604
783 731
323 734
864 886
537 24
60 400
236 391
405 701
43 123
273 265
845 105
335 849
499 653
76 36
87 263
771 179
237 690
5 301
12 360
66 844
973 405
970 619
496 333
834 510
198 723
440 954
654 182
671 292
510 813
794 779
800 671
263 266
236 361
58 25
192 158
784 442
547 553
577 392
186 383
708 262
964 442
633 762
918 494
609 773
504 115
921 389
25 126
803 442
492 635
217 963
96 977
550 414
845 795
403 817
10 17
748 879
758 497
62 499
730 293
178 750
639 663
708 182
323 469
489 115
305 916
565 90
616 240
854 898
685 499
27 665
64 927
14 904
171 192
675 980
750 3
382 347
312 245
823 451
525 454
27 123
800 224
135 649
700 499
493 416
520 661
67 558
175 166
40 741
799 603
644 151
371 195
854 379
311 419
717 177
729 510
748 981
147 554
256 547
787 895
570 309
751 528
747 382
706 472
851 491
504 840
596 44
336 175
488 67
486 236
74 397
95 579
767 611
553 635
667 270
555 789
898 811
564 406
864 450
768 697
332 610
501 6
402 513
452 20
896 580
424 563
892 589
621 863
975 310
4 749
707 539
164 639
819 329
919 294
702 255
846 23
16 511
986 596
326 656
827 17
763 177
849 657
696 819
669 385
121 904
156 98
254 362
182 797
10 504
685 335
131 308
214 331
37 931
101 57
970 829
591 636
82 55
477 538
140 966
835 292
571 249
42 147
343 327
819 803
361 866
945 581
666 744
29 841
153 239
348 622
981 415
116 834
961 258
328 421
58 176
201 297
132 667
542 481
108 620
811 157
698 567
269 792
479 817
23 594
386 267
461 64
377 148
986 461
117 717
432 936
281 941
839 357
349 58
136 8
888 774
36 467
353 510
108 270
290 858
211 993
584 238
775 120
829 832
304 233
918 349
676 63
361 602
759 397
431 644
935 38
858 609
256 828
378 625
254 489
682 605
73 205
899 199
895 994
817 804
118 446
435 560
343 8
439 40
19 210
731 374
252 918
609 388
736 291
591 908
191 854
364 237
128 41
761 900
180 917
706 627
233 848
131 14
416 804
260 280
544 429
569 996
660 385
647 884
394 153
884 451
70 847
56 508
797 121
968 747
927 636
526 1
863 594
303 795
901 328
934 111
780 368
281 332
53 927
532 718
918 895
378 72
295 185
376 22
615 284
931 685
944 291
778 869
745 967
343 210
840 67
248 112
101 489
458 382
81 778
297 673
134 361
611 462
968 24
970 612
946 695
249 485
382 897
444 892
242 370
599 383
653 124
270 650
288 334
978 256
67 343
911 305
575 862
20 415
528 480
289 551
120 134
105 900
602 788
211 935
153 403
250 645
12 607
314 965
455 187
805 637
579 575
411 227
612 241
896 1
810 222
636 723
531 372
507 181
63 867
490 487
477 724
227 748
665 796
217 385
615 220
771 351
794 775
140 158
195 402
832 878
511 627
497 772
35 969
437 573
281 952
220 52
525 637
23 434
894 388
800 570
202 624
569 691
137 900
441 794
682 26
525 768
130 805
347 557
807 446
845 804
942 556
859 810
587 868
728 96
989 876
878 237
60 692
569 586
564 934
133 874
766 462
695 749
404 75
655 159
129 638
744 231
883 448
901 298
624 17
729 204
184 666
956 640
299 555
620 865
124 865
46 656
503 976
32 118
706 967
298 499
998 23
956 739
726 330
869 406
919 490
898 475
219 884
603 529
873 360
468 790
251 49
184 94
317 714
702 700
62 378
23 103
834 846
125 19
827 290
155 551
757 793
644 171
576 656
331 371
821 237
662 864
794 668
940 353
954 411
449 518
633 436
4 592
590 338
458 295
195 438
174 322
454 452
698 675
137 807
511 401
741 964
143 190
302 899
384 388
96 31
581 455
379 451
597 698
801 367
607 503
154 918
205 772
436 590
49 119
606 934
252 308
762 244
773 902
509 589
550 213
853 96
129 612
638 234
991 34
764 857
746 722
561 242
460 256
82 54
932 452
828 831
728 361
651 427
790 916
163 623
918 97
240 98
799 887
673 320
348 524
802 310
830 90
674 288
329 48
667 238
972 896
498 338
611 347
60 183
48 883
933 534
615 859
899 609
626 540
358 759
980 249
588 628
466 907
101 793
424 16
364 418
203 705
791 188
315 410
491 474
570 27
556 973
413 650
763 125
229 700
491 713
514 605
281 932
859 771
474 82
365 89
875 366
288 590
421 209
633 879
321 461
1 297
965 623
481 12
417 710
454 781
165 343
635 118
382 509
327 999
559 540
236 494
891 957
8 413
683 638
289 747
134 642
283 201
112 189
544 502
753 190
84 607
526 755
773 732
871 100
688 799
744 45
547 930
579 299
460 543
16 61
359 2
496 218
956 870
490 496
692 114
469 40
684 957
559 488
205 447
319 753
983 418
16 856
612 742
305 799
320 918
797 683
383 577
923 268
870 306
410 300
679 851
987 565
257 738
174 226
933 738
195 804
428 967
717 184
397 390
539 169
567 829
719 503
990 407
72 796
259 106
645 362
990 638
621 223
756 95
223 251
238 97
821 763
353 652
944 364
505 333
887 515
890 774
699 305
501 471
199 172
703 256
774 176
64 609
625 630
598 997
890 146
46 807
594 734
217 687
652 948
703 217
173 327
442 613
897 38
263 923
270 152
530 924
224 516
813 747
250 77
923 137
205 61
974 434
180 552
573 5
258 869
739 79
74 419
258 189
169 392
215 344
802 882
818 863
476 7
867 722
332 920
398 352
911 367
795 428
580 569
854 819
817 401
39 735
483 992
896 890
799 939
292 794
149 831
508 294
953 391
420 973
683 97
544 273
759 700
861 858
718 381
1 252
31 701
599 61
236 687
823 597
871 154
498 888
181 565
210 369
406 397
294 369
152 819
802 256
227 376
444 433
740 824
43 405
322 448
394 588
501 762
414 45
359 148
509 44
629 500
746 420
268 741
803 963
356 844
602 136
318 683
812 540
870 159
515 710
823 296
427 997
164 134
980 765
833 397
477 84
134 429
154 484
540 558
644 81
502 685
809 269
976 995
384 414
139 585
917 897
805 373
518 660
27 38
977 818
862 676
520 140
798 616
503 970
704 705
801 153
693 747
134 53
482 724
582 384
765 93
838 637
765 814
53 895
749 488
224 999
725 168
257 508
513 100
583 25
578 229
46 896
619 640
307 272
109 566
79 325
445 128
341 138
154 197
894 803
985 831
200 820
760 284
981 177
491 328
571 704
101 884
747 344
699 705
783 120
880 472
231 319
312 648
993 931
975 966
897 249
141 533
829 276
720 380
365 214
254 863
62 81
305 980
416 79
564 776
177 848
50 537
880 25
492 611
821 401
628 991
830 942
774 570
47 751
559 745
465 303
999 890
330 117
537 122
929 557
785 998
249 164
153 124
646 592
652 815
912 909
162 252
554 524
746 53
428 997
812 270
707 501
961 356
759 8
313 638
700 377
717 144
753 881
899 619
299 672
547 657
225 706
248 245
513 304
352 698
182 509
391 463
784 193
709 933
542 240
379 377
587 612
834 888
448 60
191 818
659 392
846 682
597 19
650 261
291 670
755 866
397 595
190 225
73 930
336 392
299 97
675 5
803 822
730 30
297 234
757 848
502 84
580 447
550 90
575 721
540 997
879 85
449 780
439 541
196 215
786 548
303 850
265 698
745 888
344 338
45 400
814 74
899 70
757 333
843 790
463 28
883 251
155 690
938 108
475 936
53 973
825 849
694 245
660 575
704 69
749 596
285 405
339 619
83 902
214 927
998 746
119 785
198 793
416 755
736 184
522 438
940 715
42 572
189 495
559 503
951 835
534 581
240 212
54 392
61 152
219 7
734 314
460 107
169 812
376 215
327 536
372 443
233 660
937 62
752 457
685 643
331 627
368 911
337 698
365 250
279 962
457 54
460 316
924 681
806 606
926 205
890 547
853 661
567 234
997 264
719 487
84 540
266 475
492 370
368 713
810 919
339 880
407 714
738 149
474 959
746 438
948 129
878 597
836 567
93 184
58 968
865 217
34 268
774 914
867 693
487 799
802 860
188 809
649 110
209 113
910 137
865 255
321 861
128 845
568 875
463 837
984 760
612 152
294 893
671 786
562 138
918 380
520 270
906 966
787 274
391 954
510 467
377 713
338 697
402 558
1000 630
445 352
61 256
263 805
485 776
422 191
997 332
302 72
373 977
92 782
912 182
413 215
912 945
853 306
467 310
592 470
521 981
821 28
22 629
221 730
323 193
76 839
343 874
724 665
174 638
122 538
474 170
369 884
32 380
608 214
820 781
699 809
736 98
608 737
314 915
861 295
770 117
868 432
822 27
895 543
972 393
515 878
371 237
751 830
203 930
988 676
498 947
371 219
758 745
91 817
621 367
658 103
745 820
413 223
234 346
793 659
369 299
918 856
386 169
191 395
623 972
172 374
953 974
650 225
84 44
428 837
306 499
345 265
782 829
248 554
838 1000
130 302
277 717
582 496
712 373
49 347
482 547
881 628
433 838
626 663
241 672
783 991
127 876
858 193
405 595
847 846
726 920
989 518
453 165
626 472
913 858
840 996
583 578
188 929
933 645
605 274
266 950
913 625
217 497
308 548
276 907
678 867
152 383
176 812
241 172
380 777
930 582
677 906
405 419
494 2
695 953
527 310
369 237
260 711
635 555
962 98
644 296
572 289
992 949
22 804
678 350
772 664
352 523
614 569
847 630
652 901
520 185
893 397
126 670
483 98
134 122
238 75
53 251
663 607
204 849
979 694
159 681
48 948
130 636
661 411
182 347
29 758
660 37
372 226
844 118
205 925
769 420
371 619
470 286
332 166
943 490
851 55
960 785
960 721
288 205
754 905
340 825
784 763
153 557
96 334
200 473
291 769
823 798
132 669
135 172
409 780
218 289
139 71
356 835
767 329
475 17
940 580
185 317
198 686
548 747
53 781
346 44
89 866
736 708
739 658
147 897
214 633
157 609
708 987
56 438
462 40
513 879
1 543
534 642
667 981
786 486
646 348
338 667
184 680
730 898
147 693
558 354
972 14
759 232
232 194
867 640
155 598
102 133
517 442
412 339
945 867
381 443
63 444
305 142
995 571
716 380
284 360
198 587
774 599
548 491
591 806
783 198
102 704
890 295
242 56
454 313
227 488
87 454
711 923
826 581
658 390
205 501
151 163
610 208
655 21
466 613
583 198
76 100
387 66
652 336
278 68
421 582
966 654
440 741
701 547
416 806
190 41
302 402
650 918
681 936
346 979
285 95
119 769
795 2
117 404
592 534
25 120
934 554
694 266
869 79
221 931
291 655
559 344
369 477
743 534
12 135
971 318
375 664
100 192
477 36
809 581
514 18
543 477
885 563
108 40
698 130
998 736
217 183
490 113
502 337
536 742
925 286
863 547
553 257
591 261
424 42
788 513
102 694
212 800
947 927
773 625
430 177
643 212
291 71
740 486
156 103
156 867
674 681
459 486
463 154
76 879
392 92
373 842
140 972
152 179
829 542
178 699
783 158
309 540
225 180
555 732
399 596
712 295
749 672
878 948
794 313
629 928
422 774
889 434
256 942
119 992
131 501
743 396
519 674
160 870
345 58
151 991
526 202
370 202
886 599
7 898
708 464
393 889
129 253
270 478
362 488
859 7
425 732
355 233
737 634
760 738
672 999
413 842
709 763
866 858
456 534
294 434
786 752
944 859
671 688
330 272
377 532
510 549
276 760
749 254
311 687
339 812
673 709
938 866
185 813
924 737
96 95
22 107
305 134
431 491
663 523
601 855
401 844
921 302
45 266
218 964
213 256
342 461
194 490
971 298
289 817
53 2
833 190
415 392
747 769
986 29
94 609
14 385
989 36
662 641
487 507
806 792
808 584
607 482
233 35
233 162
213 13
850 762
245 845
669 750
648 588
843 427
597 781
915 771
147 14
390 781
420 484
633 905
626 744
40 744
744 186
322 134
384 215
251 913
187 142
431 509
499 588
347 254
782 975
593 628
529 412
818 873
537 406
164 56
357 348
806 298
928 101
944 230
710 182
654 524
459 333
260 114
93 305
158 128
695 183
637 808
526 652
219 118
462 227
101 387
434 421
987 98
819 355
727 135
941 22
486 561
872 330
408 931
774 15
266 701
594 911
155 874
952 59
780 494
380 130
559 833
812 379
591 644
369 971
339 599
735 799
493 735
378 506
243 264
91 473
318 123
839 687
186 416
107 181
486 137
759 987
572 67
864 271
818 243
325 224
24 723
527 824
174 594
219 507
369 913
594 30
269 238
984 761
224 469
728 184
349 292
638 165
527 56
598 126
359 346
438 827
486 260
248 117
976 485
957 893
276 123
610 544
929 188
437 957
823 673
436 48
519 371
807 779
143 147
659 454
520 882
988 352
43 571
894 461
642 760
156 227
79 987
960 639
925 680
90 643
47 435
290 33
167 943
430 972
636 330
141 794
878 510
761 850
564 505
678 396
504 855
642 613
868 189
722 706
587 851
858 313
281 358
487 1
833 973
43 227
962 368
999 403
506 790
42 487
231 739
678 485
455 952
301 952
930 805
719 488
99 437
405 777
518 993
200 199
93 677
630 502
122 564
252 414
275 7
620 534
21 869
777 139
882 958
738 799
457 699
760 159
930 219
696 710
515 52
198 530
446 224
704 961
542 856
847 247
275 981
33 572
539 26
63 887
24 453
58 697
801 291
81 895
604 736
766 594
867 301
296 483
410 865
810 473
467 691
445 190
593 757
794 382
678 536
835 54
266 209
354 826
659 751
158 367
504 458
12 185
853 777
554 416
668 132
21 454
50 71
689 927
542 86
236 252
531 731
626 782
181 370
11 887
465 185
776 668
801 25
306 983
582 811
341 894
735 219
749 191
333 907
687 117
112 318
63 876
196 78
191 80
545 414
566 343
405 573
142 503
355 154
858 621
916 564
256 193
459 639
213 509
863 907
144 720
385 605
785 529
922 291
798 516
528 202
212 413
932 91
602 674
54 681
717 120
281 380
993 56
726 478
896 71
816 380
11 429
654 384
225 916
655 995
922 769
616 220
83 875
377 103
48 924
846 116
876 917
86 591
387 502
214 268
940 506
480 456
402 624
946 414
839 164
761 231
206 499
206 296
651 799
334 831
733 817
370 752
370 302
33 558
48 198
542 245
128 968
593 595
438 634
173 174
541 936
269 702
618 930
652 984
777 694
333 867
40 504
605 320
53 901
594 873
295 821
336 396
725 883
143 670
955 629
132 322
517 301
654 693
271 564
333 636
254 798
135 960
708 321
744 289
360 375
353 271
410 101
401 454
447 517
686 298
647 160
394 630
572 686
412 864
668 296
146 232
862 246
435 459
584 530
891 316
95 394
228 419
135 558
209 171
272 959
968 450
850 793
279 234
730 482
495 410
892 271
573 204
208 97
132 659
127 279
49 222
848 353
213 964
734 371
210 713
603 177
310 294
132 836
937 58
36 259
8 54
794 690
819 74
196 712
894 1000
917 232
746 604
732 613
463 110
29 853
781 565
306 537
869 25
875 828
850 529
930 941
64 225
935 344
693 608
762 959
181 585
352 648
376 72
362 765
880 74
798 400
918 976
501 92
796 396
243 47
671 630
456 402
712 185
133 54
632 556
118 116
678 975
318 168
741 661
513 339
324 782
238 888
374 730
46 621
354 333
553 742
446 707
950 350
944 13
791 482
737 269
285 855
118 509
99 249
810 800
706 200
280 340
996 656
131 325
985 414
659 435
761 996
977 509
34 592
805 531
814 728
283 628
337 556
197 513
786 66
775 556
529 906
136 657
153 279
895 338
293 144
146 438
969 90
366 801
779 760
418 35
675 15
474 951
898 340
949 437
175 232
805 201
665 604
239 374
94 282
768 33
648 136
478 614
58 96
25 899
177 70
804 275
316 776
513 522
175 230
281 449
905 344
984 239
678 182
955 677
843 495
666 24
907 424
230 77
768 21
979 827
987 646
918 661
378 697
189 761
567 86
379 412
138 363
808 823
164 421
52 793
748 924
221 351
463 602
86 827
639 741
834 441
848 243
793 392
519 509
193 974
365 715
872 840
578 77
731 713
681 73
46 542
635 2
678 827
288 943
25 272
534 4
995 651
975 351
796 636
753 209
716 732
380 791
116 81
718 856
881 684
602 188
530 273
469 857
15 669
230 301
640 923
414 115
276 360
70 437
895 508
126 900
699 221
656 761
28 57
61 459
261 129
921 289
652 998
812 73
52 194
116 622
790 649
535 174
660 275
894 77
39 603
656 535
660 777
808 243
506 563
289 891
974 97
695 877
304 599
323 435
103 791
173 723
891 895
770 430
85 30
683 197
722 898
976 482
286 384
289 388
706 185
826 558
435 923
120 75
997 721
125 555
569 448
948 144
230 702
625 929
849 109
778 385
113 504
365 710
55 917
386 147
13 868
595 331
702 764
244 639
409 364
352 978
508 413
806 910
159 434
584 928
705 656
363 61
651 201
918 290
286 474
801 673
31 163
904 820
614 603
547 545
312 895
268 833
338 122
111 708
366 632
128 494
972 948
848 4
366 298
470 310
114 334
13 945
47 163
722 950
308 655
259 349
287 702
206 756
78 104
658 947
623 352
220 77
444 176
227 106
518 558
875 295
964 658
911 105
189 598
311 265
190 28
373 446
480 181
185 257
640 445
923 814
488 876
661 34
126 243
61 771
259 737
595 532
532 137
208 921
83 255
196 639
143 621
50 983
290 909
820 753
485 775
425 349
341 120
936 903
720 336
343 542
311 224
241 538
303 698
580 720
740 718
347 435
31 377
866 243
977 159
989 606
221 483
512 865
537 234
666 678
607 946
109 501
920 868
576 544
876 603
259 625
499 26
965 624
25 570
14 114
416 705
490 322
6 248
951 77
568 261
995 585
981 815
80 164
809 831
81 226
155 639
160 550
72 356
548 816
497 659
614 970
591 963
892 762
675 657
330 742
949 115
656 184
465 373
556 344
157 509
897 438
277 155
891 54
375 899
600 277
431 347
670 119
988 231
779 833
338 432
192 58
581 753
251 590
365 231
924 598
256 658
186 881
464 357
62 365
613 87
582 636
909 421
948 987
740 187
72 680
44 308
826 530
739 248
320 18
697 125
840 548
572 146
821 588
22 404
873 876
18 525
892 808
689 819
570 1000
136 838
262 920
996 212
120 501
837 471
269 683
118 411
963 935
939 332
555 327
703 548
429 348
888 433
238 686
143 375
275 765
475 568
428 866
204 968
494 770
64 889
445 812
432 862
48 146
298 507
89 447
977 857
769 633
966 107
5 305
741 595
799 183
895 560
957 198
760 289
785 388
844 409
85 218
577 716
39 884
12 222
185 909
560 864
365 635
464 20
927 600
532 716
376 263
376 163
24 253
982 947
559 37
723 166
417 976
194 135
870 418
227 914
914 379
201 483
453 543
75 82
871 953
239 420
357 658
278 376
37 979
181 814
167 710
266 322
774 548
4 519
318 953
385 937
161 698
422 943
130 526
244 493
566 141
344 29
425 334
254 890
829 935
164 220
410 564
304 105
181 575
673 973
670 402
790 181
247 260
628 451
870 569
939 132
966 9
460 635
895 863
70 601
425 89
184 427
171 146
510 583
897 729
161 231
430 107
81 465
996 265
541 110
54 716
129 150
697 669
948 885
974 9
324 868
196 690
998 142
203 43
768 879
884 92
468 5
5 639
823 938
731 282
962 805
597 331
854 193
669 531
137 534
284 733
155 280
410 881
780 845
616 650
414 957
621 581
722 218
815 912
379 650
838 441
335 178
520 641
576 756
695 312
467 257
12 776
57 236
733 729
358 745
212 939
419 500
588 347
307 676
237 446
374 623
77 923
443 990
332 275
585 923
944 604
929 711
691 238
494 596
669 22
390 849
218 237
399 760
92 408
327 492
715 53
259 659
781 466
77 610
148 957
382 852
79 942
746 489
495 688
343 596
98 267
870 921
204 708
509 740
393 404
725 773
549 112
744 204
513 541
881 758
161 798
799 577
229 356
811 887
480 82
869 809
956 766
174 313
199 677
336 75
393 335
565 492
235 969
363 519
654 443
787 910
267 254
998 365
507 800
312 456
206 628
65 631
110 922
351 690
998 955
832 333
902 278
428 478
3 746
947 491
982 930
760 454
533 167
542 115
892 453
325 749
974 72
25 732
56 658
10 638
434 938
636 447
416 26
583 27
507 439
399 741
560 696
163 785
762 926
463 727
515 431
16 234
781 987
639 94
102 642
218 935
554 124
944 385
566 280
892 134
890 877
930 560
969 408
936 771
752 688
868 667
486 819
177 661
728 248
842 575
424 261
35 20
636 862
329 71
681 70
761 2
468 928
534 790
202 490
77 984
497 306
918 77
296 689
462 472
436 532
606 757
768 341
522 706
101 824
672 637
426 292
808 281
355 411
616 715
359 551
504 895
214 838
477 551
118 156
711 857
119 790
175 506
418 177
335 952
624 625
24 400
418 830
178 593
453 947
778 53
35 427
74 663
308 279
615 81
993 68
44 591
928 751
58 780
714 244
507 560
16 85
113 781
433 609
238 623
395 889
808 846
995 385
517 809
670 569
100 975
117 416
246 163
992 385
150 213
84 810
925 915
540 652
613 792
674 714
572 719
82 758
11 975
102 844
160 349
273 494
673 188
243 746
814 142
141 321
347 260
441 886
891 857
663 965
957 877
605 805
858 156
150 421
150 29
17 18
51 743
824 535
300 2
930 392
312 515
939 694
801 804
958 254
23 744
618 203
763 732
466 910
844 721
768 78
559 738
998 287
303 431
265 285
307 677
209 24
354 332
390 521
908 641
313 650
463 521
432 172
922 864
676 79
235 566
576 660
845 103
797 789
152 760
953 975
153 506
493 371
353 309
153 787
397 151
365 321
351 325
843 695
438 814
874 178
807 481
820 263
461 177
220 945
726 842
166 158
658 24
469 443
901 433
742 34
314 26
470 778
10 437
775 972
780 153
630 215
674 221
340 649
649 229
99 696
900 331
378 785
929 388
310 606
120 352
967 330
887 5
401 833
973 472
286 559
930 806
570 102
891 720
181 128
525 710
493 498
109 231
561 676
59 421
647 88
795 976
601 225
765 61
2 460
426 412
115 950
586 818
298 617
318 675
584 406
684 679
273 438
860 908
676 869
79 966
927 270
325 444
354 794
55 95
418 606
588 757
336 35
367 501
613 490
167 412
994 553
982 37
315 411
372 189
630 932
78 625
33 594
234 194
45 12
50 242
655 613
379 185
226 382
762 615
422 713
424 848
638 249
215 542
410 311
86 569
229 2
375 30
773 373
679 363
603 576
254 391
795 935
863 206
977 740
983 25
344 747
470 550
619 782
295 48
509 477
330 871
328 656
46 806
819 181
190 15
275 811
960 802
750 405
636 446
914 547
891 902
351 194
750 971
578 651
231 307
47 121
786 493
695 290
384 4
661 592
238 130
81 518
167 934
513 174
228 737
456 339
828 662
560 902
479 444
956 247
608 793
452 846
303 272
837 876
90 18
30 725
889 967
269 583
810 128
190 369
945 514
320 773
679 655
949 480
651 38
684 350
165 722
428 723
16 430
709 293
760 898
331 783
501 3
96 657
695 730
329 680
488 628
625 290
82 575
86 213
674 137
383 511
465 926
878 337
621 934
913 756
338 126
446 92
466 540
573 264
683 143
408 832
820 939
800 212
397 628
605 649
186 600
314 271
959 758
875 33
432 880
579 235
943 666
178 583
540 453
901 569
431 367
623 882
892 933
735 571
238 899
951 16
160 832
950 748
306 36
857 739
267 813
89 966
248 723
182 591
96 159
491 229
923 213
961 642
954 986
80 920
998 613
643 836
607 499
113 374
831 616
519 697
942 13
6 718
845 400
75 390
472 618
737 321
490 972
473 829
533 22
658 931
416 775
206 355
67 857
243 973
813 457
916 835
974 797
83 568
424 24
402 450
750 404
906 30
932 993
914 198
198 892
736 796
824 969
617 826
518 364
475 919
483 488
412 719
65 712
567 435
9 167
808 46
893 287
695 666
258 546
513 595
76 378
48 680
808 999
129 116
437 867
621 193
409 912
455 394
181 298
570 656
542 33
841 419
673 183
958 556
506 259
655 57
575 371
678 87
288 500
904 335
442 459
522 646
896 536
346 438
139 296
863 752
367 442
392 921
621 421
478 20
84 687
539 551
842 322
117 797
343 233
294 252
141 159
976 315
532 104
138 910
209 162
203 553
556 725
876 635
262 528
964 709
666 258
247 136
982 970
430 853
817 389
945 164
722 410
952 682
435 154
175 228
120 887
936 68
789 245
220 774
615 690
967 86
546 649
509 368
763 337
829 120
313 138
569 379
808 147
937 103
286 220
917 363
855 282
341 388
487 406
390 281
610 190
118 331
813 366
801 551
157 418
172 419
67 935
998 867
151 381
810 848
461 322
519 435
747 185
171 962
145 139
840 673
209 459
849 973
553 896
793 244
649 750
919 594
303 720
850 972
629 266
381 776
523 643
856 257
824 865
108 850
554 411
36 215
760 527
855 216
421 199
783 932
982 652
307 533
819 310
677 244
12 720
640 439
810 504
776 989
259 614
42 307
196 937
949 938
794 78
490 425
822 161
586 902
803 62
858 730
392 148
304 635
415 767
642 681
753 479
74 791
637 791
390 113
305 503
740 611
493 446
951 733
521 324
762 129
325 753
159 770
131 668
468 349
107 200
754 708
638 406
372 757
362 353
493 310
490 961
852 17
592 121
819 367
352 992
587 904
902 433
678 505
984 650
62 876
514 778
372 701
775 133
113 474
413 616
2 14
270 446
19 223
552 331
36 517
273 19
625 727
919 716
139 15
17 857
791 585
76 180
947 641
944 295
704 502
702 265
485 989
412 78
768 307
467 732
657 95
179 358
704 612
206 21
185 174
491 986
91 485
501 984
702 619
470 777
507 496
558 659
169 167
939 639
77 307
614 451
596 684
63 383
263 744
209 370
56 481
926 978
969 4
354 63
267 323
67 73
131 428
437 858
168 955
97 299
16 486
404 819
359 616
309 334
694 538
873 874
28 394
523 778
308 152
339 257
542 330
213 932
695 998
671 279
881 649
945 91
851 270
38 189
832 144
378 71
227 57
427 805
224 963
204 434
699 854
141 200
986 478
928 222
549 913
822 167
957 148
186 353
58 43
617 727
120 518
693 584
938 469
197 186
476 114
531 799
930 672
696 400
631 623
785 180
239 122
616 462
775 470
500 625
464 368
861 452
1 924
705 622
140 795
208 983
667 98
358 85
663 813
894 888
578 314
121 397
737 237
101 619
981 336
552 279
862 527
470 332
45 184
159 912
820 847
8 720
730 816
772 518
591 924
124 490
247 54
20 693
502 688
635 256
254 586
731 461
832 286
351 402
142 589
824 813
152 574
966 140
321 483
448 319
720 362
76 30
384 945
879 457
751 769
44 812
251 827
618 19
998 224
868 128
221 838
686 201
497 530
219 962
724 619
177 505
109 994
243 747
927 544
961 270
995 852
440 903
339 765
401 666
224 691
179 276
817 358
404 324
364 842
409 235
825 46
444 367
804 945
292 543
15 675
676 324
965 633
91 110
564 611
806 802
160 682
564 966
83 951
454 648
789 783
119 405
833 309
236 639
534 545
73 616
381 61
536 949
962 322
836 798
601 929
409 640
108 125
136 412
547 411
91 959
3 131
948 852
89 75
10 820
808 33
179 242
374 141
379 176
744 973
396 921
404 457
205 650
841 339
653 424
412 18
455 481
919 814
807 291
772 885
658 818
30 776
391 559
529 613
154 925
183 610
695 918
702 301
139 448
144 831
785 721
222 586
666 418
45 281
34 137
42 573
614 977
992 773
432 555
779 97
804 320
841 431
522 795
663 453
890 492
113 426
554 615
169 406
416 899
276 874
951 330
358 73
415 904
81 953
904 600
78 295
828 517
13 201
763 824
709 804
833 577
994 184
227 148
683 529
739 850
897 230
305 274
989 400
348 485
615 463
982 807
247 516
675 687
775 889
423 886
901 465
387 328
442 458
556 290
922 439
458 668
28 338
676 962
332 314
526 278
418 341
56 339
534 677
519 52
136 962
585 286
552 431
881 698
892 903
305 658
365 215
392 453
431 568
62 774
305 617
517 129
475 774
560 393
828 580
394 964
514 1000
189 641
867 543
903 336
316 391
72 357
947 789
714 113
353 605
87 300
464 73
913 502
91 716
265 965
310 906
863 286
427 529
736 230
317 751
485 496
809 21
676 252
500 705
789 965
680 954
684 264
202 774
779 913
719 2
568 935
231 381
940 609
246 512
514 416
278 19
522 436
971 865
656 85
353 267
24 735
613 836
126 913
610 612
781 650
271 858
772 806
240 563
496 14
394 162
709 247
816 421
738 535
380 799
316 884
794 619
214 437
966 264
499 544
238 94
911 497
543 886
194 477
64 875
357 638
841 101
629 797
704 942
56 735
712 491
919 455
447 886
876 845
908 943
19 973
528 475
59 806
844 507
753 64
443 46
713 659
881 123
924 878
766 388
660 240
583 627
248 846
742 109
206 788
137 571
771 974
571 349
386 331
648 983
381 482
955 424
160 621
692 944
477 152
583 67
369 39
921 50
285 525
89 565
662 869
458 958
78 277
506 584
704 637
390 966
755 147
537 473
112 209
513 737
838 778
649 657
796 959
594 921
378 260
137 235
990 335
964 846
804 470
556 528
470 43
832 536
159 353
747 146
477 288
720 895
987 126
411 769
463 307
804 69
166 372
30 980
508 701
548 813
296 398
452 625
854 120
130 997
339 216
407 618
663 656
840 85
604 831
320 836
591 16
682 597
361 628
751 429
396 746
171 745
24 473
429 350
506 571
503 209
358 497
65 104
507 746
492 39
238 888
174 960
474 69
669 578
441 749
788 941
36 488
671 91
258 615
846 913
366 266
885 652
499 955
743 686
155 734
882 287
124 353
751 223
840 429
394 475
786 439
742 205
569 720
589 207
758 435
161 791
349 794
643 29
475 784
97 428
702 423
402 989
493 760
376 249
113 546
158 235
153 892
849 489
342 815
240 923
91 565
625 653
893 31
726 508
84 573
678 374
366 531
756 85
621 113
276 448
809 423
75 762
804 486
309 568
759 240
749 702
678 682
430 555
427 71
707 567
694 205
106 182
474 254
949 841
92 825
493 712
38 22
301 299
584 225
680 18
912 334
301 911
617 278
416 873
681 425
365 612
501 235
371 244
82 942
514 260
219 899
505 68
654 599
516 100
23 934
612 423
142 587
957 187
705 342
184 912
124 588
331 241
351 571
186 424
924 618
330 631
18 816
725 744
804 461
596 955
737 720
596 570
265 760
991 778
382 614
635 9
632 730
240 444
940 160
402 502
769 304
514 912
897 721
868 914
109 332
914 30
524 17
147 192
928 820
948 858
223 661
226 546
613 575
244 68
144 703
165 265
430 697
652 370
615 172
993 291
283 56
485 993
65 686
536 843
342 297
3 700
986 340
518 297
324 296
468 438
740 510
792 636
28 640
952 424
368 864
498 196
59 707
754 187
691 460
995 357
693 674
795 854
508 144
403 681
406 816
19 535
213 843
736 902
584 902
728 226
441 284
608 156
496 936
373 904
959 691
607 583
439 264
923 709
500 376
627 451
696 99
759 483
17 230
262 280
829 438
536 872
954 929
430 647
735 220
228 169
468 833
777 626
256 897
813 870
226 862
473 576
552 528
915 961
922 433
168 529
69 380
899 647
1 949
941 486
444 253
286 456
370 622
960 75
875 922
395 544
827 320
53 212
47 301
252 904
88 959
565 355
893 71
432 165
371 314
620 68
556 270
595 705
666 634
374 580
767 940
485 386
152 760
142 215
193 949
219 465
683 261
982 694
406 832
274 938
404 238
770 379
731 693
888 137
591 743
506 635
679 468
230 191
209 654
103 152
68 43
228 520
18 608
343 434
619 945
811 38
24 578
211 765
782 401
788 619
295 79
495 514
183 121
348 291
674 702
583 435
580 433
266 555
647 767
761 557
452 460
952 783
358 112
791 373
590 149
895 314
371 956
201 136
116 53
717 539
388 164
472 102
69 615
235 653
852 926
766 959
239 178
755 541
237 663
23 982
175 7
722 854
328 539
864 757
902 865
717 440
320 26
616 480
549 207
663 282
155 525
357 989
718 644
593 291
944 649
606 783
611 251
200 118
447 185
344 260
268 265
775 450
712 135
860 578
112 905
854 187
70 836
533 355
56 426
36 519
884 503
995 590
477 337
907 498
560 193
89 317
5 562
770 479
9 473
767 252
85 752
611 585
315 787
659 207
963 316
947 732
276 992
153 12
528 131
787 827
709 290
490 476
496 292
1000 89
397 465
448 80
294 901
282 711
692 526
845 676
157 985
286 169
873 48
424 679
400 918
201 497
202 984
516 690
558 22
546 584
854 22
505 506
521 487
815 167
431 879
638 753
233 614
335 477
793 24
282 516
671 665
932 791
937 617
673 713
26 760
732 40
587 539
587 516
412 442
649 55
33 299
152 688
124 194
706 520
125 996
649 163
615 804
858 700
382 564
525 867
102 719
601 845
726 125
544 763
724 621
106 120
46 125
901 410
543 211
241 163
148 478
902 492
203 548
916 937
635 246
39 786
606 44
365 584
915 657
373 990
278 554
174 299
91 201
349 302
58 435
24 868
727 403
453 949
62 812
786 487
425 489
634 508
243 453
193 496
373 23
900 855
543 772
45 300
540 50
597 458
708 18
897 67
432 979
265 657
965 388
131 580
616 619
145 474
924 472
547 419
615 319
877 503
399 268
622 366
81 423
426 9
786 344
926 360
551 50
101 199
495 588
516 112
556 371
545 348
512 570
964 382
994 855
355 735
967 328
868 448
842 60
276 967
288 585
165 308
30 99
43 234
337 477
117 814
829 478
657 487
13 697
5 985
611 265
355 638
194 704
114 310
256 611
654 634
794 323
56 363
477 626
232 902
669 156
341 368
742 734
97 992
392 64
51 113
593 329
653 734
659 172
134 697
380 215
286 361
232 188
560 954
927 721
847 100
697 332
838 514
104 812
800 79
35 539
264 939
584 78
378 841
736 946
114 700
957 245
850 476
522 700
724 921
558 937
92 940
612 720
475 33
429 911
889 665
111 570
275 932
270 25
800 339
277 757
967 774
469 803
179 844
114 377
549 762
622 349
1000 547
366 936
382 807
876 834
50 495
365 929
636 168
302 737
77 198
405 872
917 615
573 145
362 18
882 301
785 767
341 691
784 313
680 425
126 193
135 812
391 371
837 564
274 69
223 857
384 102
538 749
593 731
35 816
920 994
238 458
737 810
667 267
901 897
228 328
29 521
372 904
581 15
773 286
831 841
60 462
55 197
368 873
687 407
1000 827
640 619
256 693
198 261
540 183
897 209
758 100
189 674
544 602
38 422
899 498
76 746
882 395
157 266
486 832
48 741
208 8
570 438
162 627
944 916
144 174
994 661
834 932
419 137
365 887
783 287
263 832
759 852
984 122
184 242
52 885
205 8
877 906
46 354
296 754
220 973
165 37
317 78
21 828
973 345
886 723
961 518
531 269
928 387
594 807
571 856
790 166
503 30
962 73
250 543
3 743
828 829
836 708
77 238
628 320
413 233
494 769
40 843
197 834
397 906
91 831
684 123
750 370
740 79
753 644
413 841
446 490
182 244
846 528
43 517
167 771
158 740
696 572
673 719
858 894
54 539
448 712
309 547
87 234
784 828
34 619
589 45
573 572
50 141
201 716
544 477
516 798
848 554
31 151
642 654
282 527
565 763
692 111
565 756
176 992
735 977
642 626
715 876
746 589
58 71
531 776
450 137
854 259
721 787
133 858
511 272
483 606
879 306
549 602
149 561
179 262
163 281
462 782
842 286
681 558
160 698
628 123
674 645
41 402
108 234
518 61
880 934
689 952
716 767
504 178
757 449
562 917
82 224
174 402
16 213
630 349
321 971
911 484
551 483
360 708
259 332
694 53
897 418
122 606
490 703
401 872
556 509
871 226
290 771
718 562
305 198
336 612
723 438
107 672
926 690
394 914
416 27
23 74
471 232
242 274
288 230
765 985
484 934
633 513
223 860
98 175
299 183
454 462
350 858
251 400
726 31
225 577
27 169
908 440
490 257
6 625
81 801
366 373
625 218
259 347
839 902
561 427
807 167
104 912
281 737
919 553
428 246
937 918
894 354
256 64
976 61
493 796
541 528
740 428
294 54
832 344
473 163
336 394
665 219
754 842
791 374
406 253
120 587
591 207
796 278
605 248
227 522
226 351
494 466
889 900
133 984
439 206
269 651
188 971
280 626
490 819
644 943
299 605
26 245
801 22
281 845
40 99
670 479
307 68
147 13
415 321
658 723
942 936
803 705
400 731
671 522
718 449
638 628
110 886
797 787
297 396
662 739
932 224
35 535
294 854
259 95
310 157
922 115
171 742
43 381
660 599
345 406
407 606
672 635
885 96
657 70
89 287
965 941
437 248
405 748
812 54
161 861
387 656
152 789
632 440
566 846
800 790
215 600
685 77
1 404
343 584
931 584
691 472
330 445
20 949
890 461
515 96
578 272
570 113
146 362
894 906
543 395
739 29
374 519
365 292
846 246
733 271
905 803
557 897
279 854
991 852
26 55
194 585
794 517
728 189
713 869
227 842
571 885
180 200
821 713
329 1000
763 1
628 770
457 823
734 604
798 241
119 714
783 879
432 883
930 86
643 852
413 627
940 367
611 198
383 77
83 817
659 703
341 979
264 369
486 498
550 577
795 1
481 969
308 453
497 862
573 957
834 802
151 390
981 544
933 826
749 746
807 156
775 137
508 770
200 68
324 584
841 306
440 50
603 736
120 673
476 186
619 153
820 900
657 986
950 364
740 773
653 362
224 243
871 890
92 456
468 358
837 881
264 494
859 272
461 198
387 699
367 548
506 519
962 687
992 351
823 16
523 468
265 513
471 125
401 942
564 97
443 645
222 924
67 267
416 504
596 200
243 357
324 963
903 971
807 388
942 849
461 280
329 346
224 956
988 952
988 797
469 768
450 527
140 843
202 73
592 131
194 528
789 199
302 647
44 419
645 821
40 481
865 123
567 960
436 535
63 133
376 990
922 344
72 121
541 474
930 750
653 365
737 939
754 144
304 291
652 966
823 568
404 894
891 207
894 902
659 642
35 916
340 122
533 880
185 794
304 277
39 758
855 83
678 165
795 930
915 497
847 911
91 996
199 326
656 98
816 943
145 156
960 735
138 665
678 130
582 861
746 273
737 723
172 584
178 553
489 373
807 985
588 853
944 968
301 814
97 390
647 135
199 722
948 903
931 500
811 643
888 766
708 676
770 878
468 530
906 100
919 808
478 419
754 346
356 536
899 855
325 494
989 808
156 4
392 648
794 458
113 75
426 993
798 966
407 124
660 869
390 232
46 983
270 762
482 368
788 961
942 135
825 26
969 595
40 454
930 350
48 737
670 710
134 943
921 255
699 578
894 244
397 194
832 234
292 148
156 941
410 593
917 111
755 670
597 524
486 660
217 856
718 639
775 52
768 7
423 797
13 852
755 53
445 621
518 896
957 819
182 275
850 959
717 435
527 638
62 245
759 169
816 645
819 279
674 896
318 541
654 175
59 448
338 401
528 504
932 131
101 582
469 933
139 284
869 802
800 821
956 875
177 249
149 717
403 656
397 580
972 304
98 4
249 677
630 14
84 438
60 221
942 952
994 759
162 521
460 538
74 649
528 217
564 372
1000 920
376 315
859 505
572 348
932 798
161 52
40 853
55 603
178 556
732 676
773 460
13 754
941 725
381 592
309 524
657 713
62 520
344 904
46 818
141 441
969 742
737 194
460 934
159 809
885 185
518 196
994 115
279 435
542 990
485 970
733 581
695 964
509 867
585 980
936 971
680 912
798 168
518 170
351 428
486 915
360 60
730 612
81 408
148 851
165 661
923 466
102 980
888 233
995 478
400 622
850 484
249 53
995 332
996 374
930 294
776 344
370 52
878 579
980 211
3 942
826 935
23 505
235 274
286 823
126 652
252 723
646 235
161 160
998 591
87 185
185 539
721 581
186 760
787 893
821 548
834 510
750 233
416 512
526 782
79 669
355 280
89 454
240 170
940 887
322 325
452 837
495 409
237 968
614 819
711 179
548 29
940 176
383 808
863 304
469 758
598 241
30 575
949 855
442 838
922 127
430 537
758 857
272 800
892 546
319 107
193 42
49 853
302 908
545 594
312 813
749 897
641 336
642 519
536 112
26 319
821 59
689 479
306 863
130 697
501 321
773 630
674 594
749 392
843 769
766 632
568 264
553 371
239 180
690 488
71 865
35 416
567 369
848 362
40 609
935 777
887 64
612 481
655 289
321 518
107 963
917 733
849 96
217 923
73 990
807 678
710 285
100 804
688 251
206 256
359 411
593 74
752 233
964 349
453 564
491 275
248 933
22 71
377 512
6 64
261 287
986 596
70 14
379 61
873 398
243 92
354 288
548 447
616 922
509 761
251 592
825 412
238 919
511 410
335 243
289 60
901 424
552 211
728 199
370 374
451 491
984 157
371 633
800 488
774 623
918 434
352 542
74 665
316 447
821 17
179 985
405 700
293 765
195 864
719 83
535 319
136 520
785 427
978 349
839 282
626 127
605 978
20 975
317 195
509 91
661 652
904 670
780 833
6 213
512 126
922 347
42 48
695 629
50 925
313 644
441 27
162 864
48 148
495 287
150 418
104 99
97 657
386 613
319 754
251 22
16 342
125 241
127 908
122 511
164 91
927 693
631 635
232 250
180 545
156 324
47 570
806 149
135 21
860 530
901 283
760 88
56 642
761 138
218 125
719 913
146 219
574 550
585 814
173 652
340 952
96 486
653 933
893 779
532 243
454 828
254 917
627 902
832 846
719 967
270 991
189 85
604 615
234 361
663 849
66 609
890 115
450 516
408 934
340 397
622 513
859 196
269 379
457 612
985 956
463 693
383 27
290 335
629 975
47 346
812 660
549 778
988 166
453 780
444 477
919 238
577 880
928 238
74 971
26 252
332 134
148 748
316 747
673 46
139 583
175 10
307 388
463 826
208 577
927 776
78 576
134 154
408 699
49 414
375 111
499 66
823 458
691 286
942 908
918 38
232 807
743 52
785 361
213 933
927 542
275 140
555 499
751 267
92 721
611 158
628 801
404 460
372 399
164 964
72 852
265 629
331 881
246 787
633 478
724 653
153 583
583 692
360 122
305 480
998 857
343 238
187 135
612 827
988 822
801 929
722 542
82 446
461 532
866 315
769 229
739 760
278 329
114 8
376 794
865 921
889 23
719 807
77 406
875 451
377 692
726 288
791 496
59 114
380 810
418 362
714 601
762 961
268 489
831 839
384 82
251 233
922 204
104 472
399 631
225 817
40 922
901 484
482 388
194 496
42 684
486 227
412 457
912 946
385 384
366 656
656 847
728 867
911 814
942 132
681 674
452 685
176 279
548 126
322 225
131 75
793 535
804 69
384 801
348 863
50 778
700 788
213 539
875 178
768 239
954 13
217 975
470 609
270 637
998 795
432 163
513 714
870 993
40 498
207 940
18 85
128 703
156 141
271 22
600 546
583 631
408 95
734 823
587 297
658 154
842 779
807 244
358 291
772 19
885 76
2 74
50 386
950 292
252 698
948 801
924 721
686 439
928 566
530 834
316 261
956 355
289 996
772 255
964 831
318 552
768 801
667 812
734 924
462 981
863 920
266 111
582 834
88 442
780 36
912 860
596 11
970 286
735 987
890 595
866 149
618 792
698 100
252 639
552 723
875 675
500 576
922 254
627 930
979 268
4 883
398 54
585 192
332 5
663 106
703 814
254 140
593 425
690 988
889 316
336 384
796 384
750 939
556 558
977 720
48 340
355 255
324 946
174 483
691 749
545 115
791 698
883 658
680 257
200 480
430 473
776 657
325 408
513 750
203 880
42 718
549 436
676 454
94 127
133 849
308 62
274 243
261 905
22 65
486 190
644 57
343 178
725 240
858 854
729 853
178 477
630 125
847 77
601 858
299 433
14 10
153 807
750 624
517 473
671 149
303 105
250 194
915 705
869 28
232 194
762 830
492 258
676 229
990 399
442 449
41 786
422 196
626 639
170 905
662 994
883 849
272 662
265 830
200 177
987 224
238 621
121 916
400 653
875 612
66 797
347 747
45 84
65 461
396 932
750 287
30 82
162 477
404 407
892 298
26 793
496 232
372 639
10 585
772 357
838 841
966 254
439 437
67 121
804 970
756 613
490 112
245 222
987 364
780 743
93 349
601 584
106 75
920 595
609 885
731 766
671 414
360 771
478 875
576 849
771 987
144 341
445 418
50 449
734 200
537 911
570 569
538 752
986 650
361 566
751 203
650 299
994 471
912 632
780 420
699 672
920 496
157 111
118 491
1 551
225 544
562 573
35 723
342 394
550 470
941 130
49 546
344 341
903 878
785 528
963 507
756 580
393 112
396 429
995 77
263 532
515 298
616 522
812 108
986 763
458 309
867 443
837 900
908 162
574 19
186 876
851 612
174 970
17 759
514 686
29 207
993 436
350 151
985 206
757 264
146 231
505 807
838 556
495 813
986 388
501 750
943 995
814 523
755 764
710 801
547 39
249 781
224 836
422 464
87 333
675 384
751 334
282 936
886 964
936 259
264 302
396 494
743 504
743 750
81 419
603 466
731 182
566 885
696 863
830 497
652 338
492 297
453 114
907 47
211 771
910 72
821 367
191 991
706 799
696 230
161 605
654 350
601 665
569 586
149 728
699 891
83 416
233 437
118 349
299 916
273 423
818 952
438 533
430 3
676 714
549 734
591 3
962 838
925 365
683 603
479 625
482 60
963 686
604 779
17 949
7 540
577 116
846 935
303 526
962 791
58 74
657 576
577 827
297 919
293 68
423 705
635 391
142 196
692 34
386 962
833 168
23 90
883 526
822 893
624 836
714 572
320 184
592 812
402 460
339 963
236 259
129 173
947 988
792 669
345 80
466 214
580 494
78 503
858 755
75 109
930 187
909 442
943 506
269 569
546 646
242 316
984 609
403 958
145 572
102 103
548 498
783 234
69 916
376 673
145 879
27 704
417 960
843 247
818 884
769 234
919 655
411 563
887 869
111 798
416 666
480 380
651 566
708 359
213 448
703 372
559 57
773 256
12 525
580 795
990 799
742 100
894 765
69 465
177 135
223 211
61 998
613 409
618 621
722 773
659 727
426 849
285 284
91 246
577 36
890 383
661 911
307 544
706 209
954 357
181 904
5 652
998 539
225 398
122 407
949 998
90 610
293 637
569 466
525 117
207 710
75 354
542 300
326 165
253 804
764 300
977 668
414 326
376 623
209 14
269 485
466 208
428 919
50 534
121 362
818 612
884 911
561 648
400 82
384 304
458 239
429 892
483 389
121 990
571 917
52 40
954 65
928 613
579 748
939 164
193 820
394 46
494 171
964 808
729 931
676 535
841 606
406 639
583 63
568 573
579 7
989 790
77 120
619 394
301 283
438 293
544 954
28 280
335 533
357 274
330 36
588 549
27 544
392 875
985 142
425 944
519 812
291 667
958 202
657 120
429 792
719 201
601 280
934 897
653 788
31 616
995 940
104 995
466 706
556 713
958 688
161 262
6 152
765 543
715 149
787 585
7 341
546 918
346 142
333 152
701 530
698 538
144 272
616 262
950 357
769 637
326 717
95 453
887 342
655 619
27 343
350 563
945 689
916 638
595 625
917 674
911 689
844 517
970 44
372 376
969 509
204 40
777 742
35 123
437 168
405 444
5 729
510 801
236 371
649 219
946 878
133 294
658 750
91 191
665 720
789 476
618 107
103 791
237 710
795 822
700 245
919 470
242 500
624 96
895 855
175 743
817 382
931 994
926 533
433 518
773 87
656 548
759 526
132 889
364 88
950 877
18 628
298 417
88 115
984 871
808 187
184 434
947 649
214 322
242 843
200 480
221 162
964 214
610 442
585 841
932 322
905 134
981 257
247 192
167 297
531 10
501 570
435 590
265 800
997 686
330 578
865 891
497 1000
37 983
57 23
521 67
42 472
803 996
811 42
976 431
575 346
517 480
850 640
282 651
127 988
394 974
212 878
30 445
773 876
450 589
866 433
35 342
472 919
767 134
37 298
101 59
279 104
756 398
264 137
370 264
620 799
12 211
24 996
825 555
283 58
285 748
725 174
784 218
593 685
426 850
807 43
732 820
370 770
796 331
708 586
732 656
402 877
20 6
525 824
506 343
548 739
117 653
315 478
124 561
36 241
772 808
360 608
410 684
500 519
131 183
964 511
493 876
861 2
64 949
908 760
801 64
641 920
183 645
63 483
703 604
128 481
931 700
860 89
536 336
841 325
285 111
320 219
108 755
240 304
389 942
164 27
593 234
769 480
281 278
29 354
740 966
66 894
333 392
315 27
972 801
454 105
299 942
828 454
210 994
740 933
174 954
485 787
56 256
971 147
582 150
374 28
360 464
17 378
317 690
733 870
786 577
294 702
327 688
268 738
663 903
856 27
670 257
204 444
553 248
160 958
385 939
85 706
75 784
809 428
511 677
459 995
828 636
732 183
953 837
240 31
118 371
372 63
404 212
198 587
718 99
343 437
392 80
371 240
628 759
183 55
548 781
954 46
503 699
331 544
927 855
26 993
203 120
949 672
826 551
34 101
942 595
864 863
857 636
672 307
799 190
22 382
194 936
618 23
375 80
249 286
148 628
626 5
230 167
330 259
388 573
963 217
455 72
266 788
848 290
369 151
683 967
670 478
967 25
266 426
793 392
64 248
153 444
558 520
55 215
513 534
288 861
311 383
920 735
264 525
850 343
418 568
3 512
637 974
377 690
781 858
359 351
419 232
351 685
220 636
913 582
225 558
910 236
343 114
947 506
927 814
827 778
562 973
409 801
434 29
832 855
172 118
387 791
703 726
643 347
746 711
544 79
537 917
139 856
773 82
852 709
544 795
209 278
140 504
451 469
90 195
610 398
51 225
448 946
985 209
324 345
144 628
771 977
3 217
503 628
704 737
703 412
744 671
955 711
870 341
223 724
35 919
321 439
405 502
974 33
767 419
925 927
696 103
5 741
607 627
255 859
665 910
907 298
725 618
71 135
153 632
786 31
594 222
26 219
269 455
702 272
478 53
163 321
527 530
672 661
413 96
976 794
437 986
774 78
606 274
580 43
72 428
680 654
71 734
273 803
211 162
845 247
917 193
98 280
423 389
542 536
220 387
603 442
937 39
267 886
520 900
507 614
683 997
172 394
717 949
921 173
222 656
71 773
528 812
65 395
929 633
842 331
638 557
610 134
613 901
38 285
492 66
403 568
31 760
283 81
536 316
124 698
779 372
634 137
304 6
591 857
100 215
424 35
459 145
567 292
847 955
91 624
966 478
257 118
744 875
928 411
770 743
509 850
636 956
20 116
798 108
984 482
835 985
963 19
850 985
696 100
182 344
579 974
891 114
868 916
195 798
685 380
433 145
271 799
539 756
157 173
385 541
587 314
828 180
689 105
638 76
866 783
243 641
16 244
794 243
53 786
213 780
663 1000
139 353
231 65
31 469
247 31
573 290
748 987
228 655
266 676
390 307
725 506
293 631
631 752
845 644
705 476
350 917
553 606
988 67
128 390
740 467
62 487
884 444
937 977
481 950
360 84
244 303
98 943
509 752
766 44
474 410
2 613
358 257
908 157
989 787
743 921
638 671
154 209
570 58
364 539
322 477
1 766
953 230
623 319
845 126
447 815
482 585
715 222
45 349
270 638
185 160
790 273
41 476
474 842
15 292
52 142
508 144
751 182
666 953
804 96
489 344
595 476
322 475
247 666
886 152
617 747
331 795
512 514
998 851
950 823
727 244
356 511
399 417
390 859
16 29
152 620
268 594
809 605
971 79
51 560
861 62
320 340
942 812
827 851
972 529
222 962
761 64
133 905
410 808
158 107
100 584
694 204
586 202
16 798
326 789
557 732
845 185
638 302
233 366
14 184
478 843
417 264
918 158
98 342
777 841
441 243
46 42
604 36
104 893
633 585
332 181
958 752
18 512
353 406
818 982
809 784
413 222
124 743
755 938
248 113
837 624
93 493
643 768
96 72
972 975
452 56
827 386
273 434
787 5
808 589
911 235
276 652
991 408
160 483
132 401
529 690
446 310
771 598
200 90
542 934
911 204
925 913
353 756
330 107
806 640
980 598
455 724
233 629
611 276
564 477
32 912
312 231
438 393
347 983
508 300
722 464
440 228
158 871
750 775
575 319
638 863
973 652
981 450
622 542
568 107
102 318
402 629
718 793
573 927
222 152
983 604
381 528
334 855
424 125
884 363
967 853
690 929
603 771
728 356
464 175
91 684
418 268
756 965
181 638
72 306
623 684
572 676
118 994
64 614
292 544
826 213
808 878
703 240
497 218
403 549
756 968
855 438
80 54
147 757
44 362
487 835
144 39
200 456
412 500
151 40
756 917
657 527
631 399
734 967
272 50
64 485
437 150
332 915
312 836
427 731
920 929
851 535
805 247
551 78
603 98
635 134
381 44
708 270
622 682
797 544
315 827
957 882
920 696
383 967
51 738
173 45
690 306
640 402
188 863
952 161
686 996
413 26
587 802
313 230
407 892
298 879
629 829
197 642
848 580
791 482
887 646
223 388
603 423
60 655
837 348
220 334
485 186
432 347
3 932
901 731
937 697
343 300
293 386
428 606
82 304
987 406
312 256
824 228
363 69
910 401
845 482
272 887
208 739
276 758
867 924
158 568
173 789
121 828
661 982
891 423
688 902
990 600
463 826
737 781
984 591
363 620
799 595
500 14
1000 885
878 673
851 5
795 829
686 785
857 303
919 202
902 918
791 696
950 91
179 907
219 264
526 91
694 708
954 290
656 521
310 128
703 235
767 833
712 44
622 894
68 77
985 743
678 965
208 731
394 880
333 415
581 397
825 718
628 623
174 223
384 574
898 437
246 60
467 603
110 649
645 440
959 263
322 894
198 328
633 176
815 983
250 421
444 380
481 466
642 476
902 755
241 323
757 447
738 510
353 865
72 620
908 254
298 747
413 821
720 483
423 429
848 316
89 331
40 561
831 538
701 42
611 326
178 48
441 711
154 463
857 300
978 101
345 753
90 697
6 62
633 573
618 899
533 4
131 288
698 683
833 421
733 260
409 760
698 118
512 519
926 363
591 14
76 776
377 468
635 813
961 998
444 66
211 295
430 750
124 307
326 517
516 832
559 656
899 861
649 870
74 978
148 863
521 877
399 78
890 929
762 878
734 124
856 914
242 423
671 491
53 638
617 307
391 907
399 600
355 445
657 814
255 444
881 248
855 528
850 484
993 120
955 627
581 1
801 138
579 975
520 579
779 862
9 80
451 68
881 327
900 851
197 303
621 322
178 664
930 748
184 209
93 94
823 730
639 101
440 591
613 89
210 964
334 954
524 816
285 938
244 534
889 422
902 422
821 580
570 278
221 159
45 275
554 822
240 440
986 946
329 399
626 668
639 434
383 75
604 822
192 189
65 122
279 39
267 367
37 731
805 186
730 521
404 44
342 619
550 442
734 32
531 154
221 308
533 767
541 788
814 635
181 393
412 142
216 456
710 111
157 584
596 851
451 145
133 142
725 781
870 255
984 295
156 84
561 125
749 116
377 353
387 212
160 218
127 458
299 30
422 60
184 636
966 83
331 552
803 595
87 563
792 971
378 801
934 651
671 352
565 409
795 692
473 450
75 762
648 335
266 700
293 389
538 523
873 67
57 483
697 318
890 705
412 903
558 540
671 860
676 620
392 476
57 239
30 979
285 119
749 155
487 649
69 455
386 816
671 922
38 628
427 371
682 397
872 696
657 250
162 452
248 533
904 869
978 81
970 109
67 485
811 262
135 800
877 561
512 964
470 614
360 134
460 225
409 530
685 407
291 913
758 529
889 189
58 656
742 867
239 573
928 902
162 315
620 730
638 558
95 437
452 71
848 45
373 428
856 65
371 677
569 583
689 371
43 516
76 945
943 910
237 150
701 474
130 626
388 215
531 609
782 266
703 27
37 102
212 453
856 629
293 414
98 918
355 735
622 648
92 418
63 918
921 750
867 527
107 878
648 104
589 52
577 263
36 479
146 577
515 870
159 408
180 425
543 852
220 44
111 42
55 924
961 626
946 370
787 987
702 312
31 424
190 569
526 977
391 298
547 219
581 109
44 763
735 598
333 274
816 547
287 632
679 958
550 699
744 550
930 229
695 93
400 676
894 275
868 709
864 897
301 893
576 174
356 942
764 460
925 546
965 996
633 73
402 52
305 487
605 141
126 509
829 818
665 990
407 802
235 130
104 918
749 415
47 937
72 317
552 894
355 804
247 992
53 573
599 940
354 579
754 782
127 200
233 398
890 342
940 595
828 63
571 606
339 809
411 474
338 173
566 550
494 833
666 763
828 362
982 190
509 912
248 777
61 264
372 481
853 885
145 157
462 845
373 310
105 895
654 251
413 932
239 430
521 617
179 329
276 188
809 720
142 973
342 578
186 669
320 276
952 984
76 251
711 677
985 391
14 110
979 987
373 195
136 73
156 266
51 353
714 114
707 750
728 241
40 578
974 452
452 520
865 768
866 475
46 97
144 13
219 120
163 745
669 396
506 43
476 96
983 335
158 60
835 855
492 772
831 747
120 324
269 145
102 841
650 724
28 893
225 949
428 313
518 341
460 40
599 849
992 641
472 371
836 152
172 798
527 914
324 94
240 284
612 105
362 849
388 735
45 591
42 586
846 776
45 326
316 763
82 942
97 513
464 409
666 970
652 230
917 799
874 301
395 19
58 894
222 525
316 698
977 814
726 281
907 950
24 164
614 963
369 558
956 510
655 869
512 704
916 166
27 154
378 21
561 145
194 827
446 573
993 177
73 334
852 690
542 762
774 725
15 704
134 676
840 632
403 849
56 604
213 604
39 138
181 983
223 356
764 367
274 827
210 994
976 65
128 105
327 863
713 487
329 628
872 141
546 421
509 981
603 258
506 270
572 321
248 365
657 261
404 503
402 421
871 488
449 35
654 968
177 32
809 576
125 887
507 993
394 114
921 618
420 710
632 923
213 734
752 197
211 938
301 880
432 303
896 346
99 147
489 950
106 659
669 23
761 476
574 397
109 47
325 645
368 886
269 651
497 17
38 776
306 779
426 709
535 420
890 773
500 622
889 926
584 751
16 716
259 648
275 473
589 849
186 252
331 848
462 634
736 609
141 298
413 45
313 961
624 999
800 847
730 39
496 59
550 229
434 966
298 48
866 690
910 853
632 643
303 214
61 368
611 705
876 726
786 906
28 43
588 498
826 467
893 564
85 772
677 776
101 277
968 997
237 980
446 790
173 840
26 294
989 753
389 793
804 749
775 431
180 631
73 906
271 699
508 427
773 543
356 675
474 362
956 163
650 184
253 298
450 990
642 101
546 54
968 655
449 679
334 234
777 757
711 340
406 654
576 658
601 666
718 980
728 343
154 350
312 379
588 646
295 613
879 996
794 600
275 897
1 800
823 386
201 459
858 921
645 791
279 583
342 616
179 960
685 1000
172 459
727 404
791 742
813 311
991 911
457 669
877 94
823 869
544 53
671 307
457 409
687 433
246 860
622 91
432 79
385 607
235 660
553 624
898 234
640 192
381 988
290 632
439 479
473 65
110 765
400 357
663 44
902 410
902 66
686 718
937 864
503 93
188 679
764 634
428 641
359 531
881 608
740 812
693 146
958 742
343 595
96 546
732 226
107 981
378 749
736 108
330 476
930 888
494 545
871 789
822 191
525 518
552 754
787 967
298 87
779 955
150 128
701 566
598 484
372 508
861 763
664 999
645 270
723 782
1 831
961 137
385 691
741 189
353 710
875 320
569 300
247 793
639 486
469 882
213 747
135 483
695 319
561 268
256 987
538 381
318 539
588 960
570 74
937 622
437 374
779 454
777 754
228 308
323 58
62 321
172 450
174 590
695 222
549 371
145 685
527 203
273 635
985 385
682 227
245 754
504 836
758 105
836 458
428 162
484 303
449 777
563 974
33 697
944 823
911 924
53 940
261 588
789 838
369 290
521 784
517 276
159 953
887 371
680 266
362 323
632 870
567 515
207 780
444 971
174 461
419 175
935 258
791 762
656 795
869 359
243 973
607 78
394 23
922 706
608 640
562 60
102 241
738 858
149 193
247 288
306 967
147 775
99 730
894 880
311 52
2 518
165 153
941 981
439 423
656 865
269 637
547 680
169 753
353 136
494 681
948 316
464 54
96 150
324 120
566 927
713 969
213 2
334 818
31 574
20 758
61 743
177 49
441 304
672 287
339 454
307 988
639 586
232 245
935 108
948 443
211 772
497 232
279 170
863 167
658 182
141 398
812 523
250 588
549 816
225 570
200 596
136 287
88 127
580 494
764 304
198 386
292 770
527 258
133 73
983 723
978 380
459 599
359 525
960 347
34 290
495 181
816 342
625 153
806 122
671 413
989 824
36 113
577 506
987 373
660 235
538 228
261 403
804 894
989 819
926 477
849 157
930 491
342 334
831 420
741 497
147 564
844 284
923 890
23 70
947 657
219 801
840 547
983 982
569 958
701 196
701 94
771 354
173 456
31 176
590 822
439 420
905 388
965 759
953 272
973 757
198 980
987 170
25 852
650 544
797 19
843 83
228 541
147 472
668 930
126 362
403 38
940 103
491 896
718 505
965 993
772 219
380 56
716 394
969 63
963 820
913 157
272 894
926 891
798 981
221 662
719 455
536 251
566 9
781 526
498 668
658 423
19 40
493 296
390 609
110 983
933 834
12 640
711 106
358 333
740 804
618 671
178 525
86 171
367 810
113 180
983 880
815 575
449 758
22 283
332 647
492 391
429 445
63 817
246 725
629 669
228 416
659 479
483 59
569 378
919 950
754 6
225 670
270 379
117 194
304 356
358 818
87 823
507 495
581 778
330 428
308 197
707 245
39 790
541 206
77 310
412 389
510 263
192 679
279 985
966 242
53 245
694 248
154 371
736 910
980 382
858 746
571 52
107 295
480 60
593 166
9 639
70 377
276 703
889 222
241 714
758 546
35 232
146 508
906 368
954 371
181 221
182 947
565 410
549 86
771 692
853 71
938 325
110 723
813 675
253 595
606 482
707 540
795 269
712 406
697 402
309 379
297 398
573 294
824 99
779 112
748 909
85 451
663 919
740 35
490 709
62 899
623 119
498 965
682 292
127 490
607 333
421 306
883 792
658 90
297 892
696 867
969 10
664 815
493 962
679 299
879 416
406 691
339 327
837 678
471 235
677 28
913 92
365 870
309 619
747 466
514 620
117 320
191 637
928 361
545 781
101 280
333 769
722 338
79 613
807 571
267 156
62 927
786 825
651 164
954 423
505 969
761 344
331 958
747 361
399 194
912 406
416 381
144 489
903 1
421 676
977 114
961 458
463 290
769 228
318 172
809 214
847 467
171 744
673 986
103 807
278 1
198 37
197 825
886 169
736 38
928 306
480 692
654 437
411 823
520 22
373 46
203 557
864 87
147 693
109 678
424 691
623 310
731 891
639 333
476 237
308 818
623 376
535 948
116 546
2 356
444 650
864 100
887 681
722 498
249 476
674 734
183 854
297 877
983 513
806 249
654 772
764 96
923 988
599 858
429 651
530 199
602 19
862 55
665 473
767 828
878 67
185 338
30 164
709 532
593 286
597 571
170 340
361 691
495 634
254 929
286 113
749 925
963 278
333 456
534 635
985 620
957 724
65 499
195 933
16 669
405 541
748 908
45 586
153 340
893 386
403 435
90 523
152 584
474 200
797 155
519 633
668 208
255 653
593 866
629 494
541 978
548 665
114 953
562 291
233 73
58 102
650 801
863 238
761 537
824 42
175 901
344 114
993 792
82 195
225 406
538 448
12 44
9 297
590 527
406 451
458 972
583 110
628 79
580 81
140 914
474 970
491 922
380 320
274 305
821 851
448 7
574 716
255 129
146 299
625 549
352 359
82 575
472 506
345 823
829 900
486 411
535 400
919 187
747 498
545 352
17 166
339 678
672 323
175 2
723 934
289 916
691 922
900 455
775 895
340 402
665 476
912 792
808 879
613 51
761 671
437 548
501 238
321 657
194 548
722 866
184 882
899 115
343 795
514 580
543 569
630 316
55 474
839 683
933 735
875 100
274 979
370 141
768 683
447 885
198 287
189 175
605 637
74 990
713 870
950 776
48 730
922 981
906 780
280 76
919 391
78 400
446 717
176 542
706 699
785 765
957 137
1 972
938 843
862 347
961 633
498 67
944 918
846 978
41 311
587 669
359 809
956 795
818 190
532 294
382 3
911 975
113 829
264 224
826 359
411 674
841 504
891 988
105 370
901 327
267 990
27 21
740 82
160 26
632 231
730 251
557 370
1 18
906 730
598 176
370 446
961 56
691 739
597 262
176 120
513 618
250 463
255 957
105 854
530 125
489 747
143 645
683 690
548 754
931 254
899 409
110 32
713 504
620 169
918 441
185 701
331 483
193 440
862 774
965 699
697 564
201 3
669 68
218 81
31 798
913 551
861 967
125 564
482 935
121 664
433 214
662 234
273 458
498 75
797 59
532 739
437 186
705 253
709 788
346 872
389 32
838 269
273 372
29 375
863 303
420 60
375 312
926 156
975 852
233 808
278 360
12 41
379 780
432 979
515 869
190 2
886 128
126 640
735 485
777 164
976 856
210 113
711 77
487 469
165 719
834 291
337 479
785 570
568 364
579 153
421 172
759 536
269 187
851 465
131 952
857 724
296 430
520 1
471 529
720 917
624 66
171 748
471 656
730 834
648 431
923 935
456 267
714 345
446 706
448 664
543 27
621 214
895 307
72 611
888 550
39 418
460 902
530 931
90 693
701 280
219 695
491 217
742 462
171 487
346 55
433 622
57 969
550 884
836 496
370 905
648 569
983 394
932 425
305 66
897 351
69 728
412 370
700 969
134 455
69 730
711 752
732 306
507 141
542 917
593 351
938 480
765 404
61 159
806 949
739 479
364 167
343 626
747 615
688 32
548 718
604 468
138 176
526 697
504 354
6 551
559 708
943 781
576 78
150 796
363 412
292 856
649 673
382 804
782 468
198 175
820 849
46 807
146 911
754 69
974 653
831 965
911 198
551 183
660 528
585 697
587 717
770 845
770 736
691 164
762 321
618 53
920 903
962 530
591 413
310 841
493 449
761 56
230 20
439 677
725 91
669 9
100 576
316 505
514 947
84 681
139 240
320 310
748 117
268 702
720 53
335 866
140 979
631 952
84 285
345 286
867 98
974 722
789 852
526 618
717 46
614 984
777 908
704 167
953 851
974 796
818 592
63 864
141 128
350 986
245 257
63 450
589 33
15 875
431 385
968 34
838 709
212 872
721 886
525 234
438 833
414 207
307 274
898 234
906 485
336 943
909 266
75 787
79 983
920 180
777 728
638 528
892 374
51 833
974 40
240 484
610 510
46 237
251 903
311 402
605 291
333 190
429 894
496 804
29 161
433 185
536 499
873 268
293 327
957 570
979 634
931 544
455 153
40 144
849 221
193 833
14 175
11 605
940 643
393 545
499 999
510 470
238 430
421 959
392 594
679 314
760 974
34 413
207 149
773 261
934 454
685 995
218 651
861 865
435 199
411 956
107 649
749 638
144 66
856 331
131 254
59 856
55 966
59 704
792 674
161 852
863 87
412 314
734 717
337 517
468 785
127 578
172 719
538 225
23 334
178 136
261 122
205 914
786 497
613 635
329 225
113 583
635 639
783 500
217 720
174 224
811 810
484 773
566 576
343 136
623 630
332 622
710 261
16 595
325 778
953 254
279 429
344 416
873 902
953 793
485 335
339 495
761 312
843 468
76 293
913 476
238 777
956 698
726 551
966 462
647 864
453 647
195 779
29 807
405 193
831 618
41 672
540 456
645 701
241 1000
869 887
858 103
380 72
7 325
69 747
802 132
684 97
937 32
327 307
229 674
575 165
319 343
201 30
599 720
431 414
3 878
93 485
934 712
783 20
564 262
271 576
988 357
915 159
455 707
765 166
718 255
349 567
916 938
974 941
397 429
550 770
309 161
47 126
527 624
431 289
338 282
814 444
790 328
7 135
31 34
882 74
106 550
730 603
39 26
385 569
609 62
797 774
151 206
207 824
613 798
830 648
711 160
339 437
164 166
82 159
819 415
810 667
214 463
315 282
626 581
464 314
429 781
652 440
636 388
282 521
102 166
335 539
895 819
861 809
512 473
278 28
456 778
404 747
105 412
558 58
522 880
245 593
944 698
892 543
31 539
351 816
648 726
687 173
694 707
893 132
880 527
144 914
91 199
329 346
513 831
938 320
61 28
828 868
174 996
69 700
141 716
442 937
21 303
649 709
222 324
451 579
712 605
268 661
272 978
91 67
191 258
984 198
127 982
624 388
47 874
577 914
361 820
3 640
156 193
213 501
733 103
443 760
304 131
191 161
205 601
880 151
144 88
686 166
712 250
687 78
213 548
484 106
318 457
247 312
121 861
7 687
104 615
574 359
253 938
580 771
308 333
881 953
175 716
420 567
772 416
848 171
80 339
524 483
335 852
175 316
834 147
583 134
376 161
980 149
957 841
63 704
77 438
290 107
401 380
682 915
21 238
880 464
800 856
209 112
74 886
151 227
678 577
23 573
460 804
357 975
941 752
956 605
289 561
779 906
406 978
535 771
782 52
688 285
785 174
765 709
581 869
610 856
643 572
327 178
985 636
297 322
430 380
360 57
530 517
204 33
504 338
262 489
54 1
66 701
528 92
555 274
228 878
505 108
301 927
814 508
462 361
483 712
192 454
13 431
760 382
66 664
48 810
311 470
650 410
3 412
266 883
203 67
218 474
618 541
716 841
885 977
855 13
4 238
260 48
622 276
497 78
526 291
15 649
529 576
144 925
636 377
89 447
679 362
676 559
631 168
895 655
14 210
678 804
960 371
619 485
834 114
375 948
198 913
114 865
163 906
843 629
945 980
535 547
815 688
145 380
867 888
781 279
139 813
358 1000
780 268
96 322
456 720
827 741
410 491
183 696
83 278
460 788
261 250
2 906
954 661
239 383
129 388
806 352
827 511
509 955
486 568
467 88
881 362
724 588
187 205
205 725
687 922
676 138
185 619
361 123
435 498
364 845
663 79
93 339
309 726
157 687
160 478
57 239
230 341
648 39
887 594
381 81
59 341
903 902
458 130
622 958
17 783
107 604
77 645
467 795
749 758
665 230
231 247
155 858
653 234
740 115
769 205
530 835
35 616
301 583
235 56
534 145
135 987
620 692
18 258
614 932
887 839
778 611
563 864
565 882
910 353
731 296
779 970
713 168
955 881
199 910
929 735
789 322
385 779
759 935
219 562
713 36
695 958
364 365
239 882
759 784
554 284
369 749
115 620
497 754
787 195
47 466
988 671
520 514
162 859
198 777
669 849
851 930
738 789
5 926
853 31
949 907
18 885
188 140
439 339
951 253
969 802
892 122
377 991
528 330
994 893
635 791
814 623
537 34
55 280
557 456
687 607
640 366
557 312
570 438
708 143
589 590
777 794
713 572
261 315
387 938
718 782
42 874
141 964
455 523
987 343
995 939
574 401
175 722
162 878
715 305
614 45
461 713
784 267
171 706
694 385
897 685
789 564
315 766
242 88
729 713
162 85
1000 219
123 955
377 149
672 483
400 488
410 956
425 236
553 748
610 928
264 58
62 95
920 86
456 659
238 740
932 563
267 429
51 393
170 613
298 931
944 850
266 525
931 127
420 525
391 468
200 357
800 699
523 143
564 889
835 184
326 260
747 842
147 910
649 534
726 506
479 710
488 405
984 511
737 378
95 922
711 208
689 546
301 66
893 243
147 380
722 228
20 289
939 855
368 11
105 239
384 521
93 666
841 949
577 46
623 226
51 923
700 268
912 481
167 528
972 33
602 107
986 10
453 483
124 715
631 22
720 489
997 462
559 352
318 210
983 289
80 823
133 624
262 930
432 628
821 413
764 271
166 696
478 832
827 817
767 31
463 748
814 461
516 526
967 74
436 801
229 137
979 585
952 241
410 17
266 130
505 728
838 847
487 11
563 724
173 804
659 707
930 805
336 293
420 277
237 978
734 784
272 604
824 391
821 863
131 783
332 275
775 255
621 844
588 619
991 951
69 818
106 10
793 594
199 799
467 942
302 630
679 961
71 440
719 955
466 29
408 999
311 856
227 74
449 660
767 978
17 364
750 832
70 298
691 640
125 781
44 234
436 98
729 304
848 41
941 872
175 7
803 570
573 825
462 47
536 203
226 927
892 310
27 908
520 398
549 868
163 398
953 651
656 755
268 227
438 1000
628 312
684 646
409 880
27 191
199 981
692 731
427 632
868 764
571 130
673 956
667 995
842 126
995 448
105 898
430 484
229 205
100 630
480 436
830 792
191 132
872 942
70 985
699 952
166 289
34 642
893 12
949 137
341 621
459 820
122 467
779 665
730 436
357 62
612 471
579 517
228 328
963 939
629 221
92 978
124 223
234 12
805 723
112 584
344 921
319 859
644 892
331 996
872 523
451 902
315 77
795 850
41 763
873 799
340 182
821 875
160 176
126 441
339 512
72 911
723 431
349 923
214 497
432 698
905 639
211 45
851 567
29 572
308 137
548 604
127 34
706 511
594 713
882 59
801 10
623 602
249 602
683 601
569 580
89 357
803 25
707 83
445 463
337 843
875 163
196 766
5 644
83 278
961 174
584 435
371 515
722 240
222 776
98 925
200 715
772 244
999 815
912 57
721 708
859 433
946 367
760 679
134 190
245 163
683 722
555 74
232 539
539 701
287 297
628 676
245 561
172 479
643 18
771 797
639 18
757 53
218 380
389 460
186 498
753 121
225 790
307 178
335 494
524 826
100 69
823 774
285 215
98 771
166 687
535 851
665 189
349 341
690 729
808 634
747 268
351 138
141 556
230 188
640 528
432 724
206 543
572 468
344 649
637 459
45 367
787 673
902 824
408 116
93 55
641 105
637 491
825 229
833 294
305 197
2 33
617 456
506 272
395 747
68 395
82 334
297 427
232 470
538 571
754 247
804 547
591 460
618 974
277 797
217 455
11 393
50 719
754 727
172 479
478 61
734 322
120 987
208 18
815 343
532 216
757 467
483 279
968 708
983 872
887 40
219 787
29 640
16 39
307 192
707 742
990 886
413 442
804 252
56 339
604 456
215 588
19 416
597 737
755 738
707 416
197 810
997 769
69 606
100 671
713 191
604 922
454 975
549 458
399 464
604 110
846 493
706 286
357 98
907 628
45 440
385 279
259 295
746 628
79 634
741 152
802 285
427 174
156 665
273 542
479 150
902 832
701 748
565 537
703 558
421 191
330 324
969 938
902 854
767 681
871 409
924 546
474 993
791 873
70 991
745 728
984 612
596 968
7 30
402 843
663 236
193 457
464 167
658 380
549 561
81 759
269 956
859 996
881 22
976 720
799 332
280 498
237 249
222 387
55 306
864 995
89 203
167 883
45 537
691 76
228 824
546 619
921 224
315 268
299 163
932 465
633 710
791 308
299 825
376 110
894 777
223 348
155 114
316 204
526 184
797 459
35 606
927 953
167 320
476 841
529 300
885 617
557 668
933 383
512 704
104 332
715 928
940 4
508 574
893 347
702 446
753 37
84 267
564 709
537 470
672 212
254 785
278 313
324 373
144 90
611 752
228 895
764 62
414 371
765 651
607 218
810 609
187 388
165 107
66 358
814 422
255 192
107 151
809 767
260 426
983 314
283 172
734 73
350 719
152 754
171 958
528 135
676 299
837 654
586 124
762 272
169 751
882 781
591 986
987 134
991 679
663 690
145 592
865 251
126 631
331 274
871 270
361 330
716 664
910 809
847 483
633 449
193 133
543 21
684 598
331 580
169 840
595 232
36 764
895 568
454 831
807 122
119 762
20 518
702 597
395 753
440 517
478 371
999 857
95 762
615 655
680 163
940 837
572 825
798 989
883 60
619 404
301 344
356 455
873 436
383 51
679 733
597 563
123 126
953 971
173 859
304 713
918 322
262 705
916 747
373 631
880 191
417 962
982 986
792 770
790 302
531 507
908 877
851 536
959 565
615 511
247 856
484 107
171 666
583 716
123 5
953 455
267 26
289 353
391 761
918 18
806 119
185 55
70 258
779 622
964 109
127 452
497 610
284 230
583 335
852 96
25 36
459 414
501 221
584 741
472 702
312 85
767 881
526 80
397 385
251 696
399 685
961 31
156 523
542 915
84 890
186 827
697 468
283 826
333 952
677 29
920 394
76 255
976 465
551 621
122 725
716 326
750 352
150 694
291 976
89 560
530 486
107 309
416 776
698 833
421 61
902 566
752 931
584 519
861 124
142 192
953 325
252 787
683 690
160 680
379 609
480 916
796 297
93 467
78 902
914 378
4 501
737 119
463 798
49 666
242 23
908 117
229 711
872 233
218 822
677 167
610 869
527 442
399 728
814 33
112 945
150 518
501 759
353 556
148 815
459 424
958 840
94 89
448 635
109 299
468 181
547 675
897 529
498 535
559 833
479 382
871 699
362 301
338 422
522 490
667 189
133 273
858 115
895 168
97 229
860 613
745 168
66 164
761 722
754 20
932 606
588 362
976 139
187 749
518 339
409 652
613 676
502 731
469 336
375 397
399 999
346 38
81 614
932 482
762 657
233 355
837 798
544 709
625 956
661 670
371 38
332 294
515 346
740 34
528 471
35 866
58 169
313 952
95 992
358 715
359 117
524 518
776 632
45 211
431 584
346 66
19 471
429 601
899 367
109 20
229 266
873 432
512 179
234 917
40 713
803 250
208 688
376 91
548 328
266 53
37 185
918 227
58 835
962 862
3 746
891 950
709 971
930 675
802 106
869 482
286 820
89 99
491 996
790 913
917 282
644 468
567 818
245 170
227 521
698 536
205 45
893 633
63 730
803 780
739 823
945 358
939 413
832 418
107 615
7 924
896 331
720 419
813 577
964 402
996 921
921 556
821 990
795 888
486 664
232 638
982 133
257 974
856 39
805 382
164 111
24 65
186 59
831 322
15 106
603 620
265 215
739 840
555 902
614 307
504 263
92 911
287 133
119 596
922 289
976 431
633 593
989 58
21 777
71 369
280 636
48 596
194 119
795 121
106 522
862 495
801 788
683 430
533 806
498 592
948 888
824 211
692 690
381 577
981 651
556 244
885 296
844 461
200 621
659 323
61 486
567 990
229 687
434 617
579 247
490 761
171 70
511 98
808 449
537 331
82 247
555 353
221 378
21 565
450 494
929 70
203 81
866 781
3 885
199 766
960 310
267 6
176 724
435 836
219 390
22 802
202 78
746 180
116 776
477 509
183 505
166 830
693 216
302 216
163 192
743 811
844 157
225 269
858 649
580 440
598 682
508 354
908 387
149 339
186 977
383 530
207 95
193 137
424 16
848 700
91 102
894 822
760 26
183 617
843 606
39 787
27 194
41 729
128 747
22 300
612 232
699 905
958 103
261 343
639 101
928 173
107 810
888 41
697 587
210 34
374 974
899 329
494 953
665 116
492 644
528 350
631 643
172 225
447 508
911 687
186 306
609 310
875 426
212 833
544 655
890 319
848 520
980 247
452 435
976 576
987 324
493 751
651 192
792 738
837 670
450 402
447 853
964 346
577 524
933 418
325 322
73 734
481 179
488 649
640 975
913 977
311 712
908 442
293 253
389 613
779 878
502 137
699 595
797 161
343 600
836 361
513 483
553 925
544 679
255 320
606 154
15 236
472 11
980 672
113 726
24 663
143 25
338 925
889 999
3 938
400 302
801 44
434 5
262 698
924 998
287 440
909 678
850 593
38 295
28 770
5 697
401 972
673 423
748 456
383 887
321 802
325 744
334 827
489 822
582 413
402 577
957 763
200 179
523 697
948 531
168 868
679 59
473 347
436 59
647 426
156 885
582 468
183 508
422 339
488 218
386 926
586 373
165 831
356 652
381 642
447 109
844 58
72 500
369 100
156 423
872 883
205 36
563 135
138 499
263 746
900 304
606 504
462 357
785 174
679 912
762 834
463 905
329 283
178 383
196 236
851 327
3 123
900 393
241 23
112 27
946 292
271 152
960 454
237 707
134 929
637 575
431 83
646 685
929 924
526 384
528 590
354 654
398 889
437 119
222 267
38 544
5 781
123 461
539 34
41 283
85 811
886 291
450 780
678 111
280 710
774 795
317 349
233 600
929 317
801 909
137 885
716 964
46 980
201 174
1000 844
649 128
423 942
380 762
198 775
421 306
512 623
315 749
179 536
358 231
811 209
810 1000
616 275
114 994
168 937
564 891
692 288
99 808
48 154
852 424
623 826
601 513
235 14
148 721
802 995
953 834
573 613
630 35
252 854
140 982
29 69
304 985
424 480
111 250
652 182
485 671
879 143
118 469
614 122
276 964
767 149
499 742
666 618
379 412
821 506
863 322
667 624
293 211
901 610
266 985
790 666
319 690
158 176
248 624
319 789
547 122
962 959
957 558
465 219
78 207
421 583
103 111
473 686
766 765
411 58
896 939
827 396
276 669
608 805
804 478
598 138
495 707
246 187
803 889
546 127
348 580
506 316
659 338
645 245
570 12
783 590
127 98
733 188
498 707
560 865
337 623
511 291
453 381
895 416
377 927
29 152
381 734
439 64
925 599
599 830
130 796
945 809
773 322
258 694
172 755
450 278
129 42
813 781
22 543
541 909
597 233
242 81
684 21
636 746
122 193
594 470
530 395
84 779
500 341
63 840
442 67
918 453
811 535
222 354
122 729
652 659
217 980
77 240
132 631
704 777
872 376
704 79
659 792
766 799
548 902
858 489
496 726
938 21
174 634
616 961
406 397
486 416
757 991
36 213
838 332
248 560
517 410
371 827
658 433
789 2
589 115
861 933
175 170
73 862
737 81
810 590
177 665
931 349
972 168
157 770
907 564
89 670
116 315
352 585
88 726
397 95
897 966
784 163
729 30
915 713
357 881
139 494
80 238
329 984
521 129
616 290
136 793
94 457
943 541
234 697
659 875
198 542
362 128
100 818
841 483
480 139
535 574
353 380
474 154
513 839
919 963
212 316
303 259
478 8
376 943
279 193
15 959
784 966
395 603
892 101
998 397
398 185
460 18
348 42
752 786
2 656
844 893
787 106
240 131
912 54
357 710
833 165
666 497
767 206
243 205
883 909
65 673
423 855
489 823
708 377
402 908
7 252
696 578
108 554
374 916
956 636
264 932
175 627
369 591
208 384
814 217
562 415
115 629
962 490
700 839
225 469
473 74
429 887
602 400
499 314
408 581
449 579
241 178
733 253
258 354
994 64
803 462
473 239
242 616
350 66
612 806
438 736
319 758
840 718
226 142
337 765
371 697
822 612
800 574
244 958
431 425
523 92
440 3
797 789
832 506
795 172
928 150
727 656
285 984
626 517
429 469
708 623
70 144
215 258
296 107
912 515
920 3
578 221
4 840
481 536
90 770
741 562
426 383
999 151
951 374
862 906
781 719
177 317
126 109
677 329
691 278
41 530
42 312
485 209
578 349
124 433
990 542
374 505
644 96
664 273
872 113
201 91
228 398
411 584
887 662
331 301
765 377
401 350
267 933
515 203
632 561
591 635
647 592
385 592
989 500
522 908
225 962
10 128
235 770
867 901
410 556
671 607
183 719
284 941
479 690
842 796
858 277
767 268
978 220
249 508
523 254
576 457
327 466
515 206
531 614
871 410
617 290
668 754
730 456
227 797
501 856
967 544
172 882
547 557
924 800
738 11
598 755
115 384
289 963
899 194
96 52
506 348
11 457
98 370
354 216
723 981
746 29
408 435
852 490
883 659
18 819
277 114
699 184
127 904
187 542
113 710
349 426
974 403
79 556
455 654
176 327
210 374
852 943
238 478
157 285
392 190
570 511
470 167
187 198
834 161
114 770
927 571
101 438
95 440
192 510
941 330
316 193
397 497
237 416
181 558
702 101
196 921
351 957
470 638
337 279
196 114
536 934
61 95
182 68
961 230
678 877
726 92
591 781
826 396
621 85
83 320
550 389
306 558
880 916
193 400
796 535
119 5
855 776
7 529
42 460
356 15
931 567
36 108
479 186
649 581
311 299
975 540
546 764
516 156
857 765
453 364
685 161
615 621
394 284
944 930
482 11
908 437
26 173
718 566
597 559
513 285
959 263
908 270
952 902
303 967
515 410
892 256
603 772
846 388
365 507
716 119
19 487
579 237
807 843
426 668
22 896
127 86
244 873
810 753
747 320
454 432
423 539
198 113
618 769
552 385
728 287
225 448
452 350
287 232
12 154
795 48
18 88
186 636
955 842
493 52
783 377
458 932
898 247
618 663
141 443
991 349
889 375
211 663
783 564
848 116
116 700
293 855
512 436
345 265
425 11
795 973
848 634
459 260
259 776
166 123
883 891
125 584
682 341
248 902
89 723
61 857
397 269
360 968
750 150
735 398
900 289
975 186
568 295
458 267
574 109
326 957
107 675
728 722
127 700
499 522
906 106
257 135
653 121
952 625
461 662
263 222
861 345
149 185
192 409
487 71
132 268
564 460
378 950
477 806
848 425
35 662
652 900
364 747
442 608
921 335
558 695
613 184
158 320
590 924
455 870
574 286
499 910
22 851
691 486
700 688
845 732
852 373
228 789
817 635
871 754
76 252
191 919
42 247
961 863
543 917
593 667
731 697
927 877
585 201
265 992
922 358
88 221
644 352
777 744
708 665
10 451
247 609
206 47
154 68
700 250
639 429
778 347
175 97
856 113
95 640
634 710
771 476
441 83
421 96
338 927
273 512
787 117
897 389
810 465
508 492
307 511
181 640
947 209
82 892
97 873
226 825
628 168
99 862
938 452
924 496
267 42
170 389
711 859
549 668
647 479
74 258
851 716
293 416
945 773
402 494
128 691
775 866
91 272
690 796
743 530
890 553
663 88
189 948
603 553
663 598
520 505
747 817
170 812
206 359
241 584
777 783
610 831
307 428
148 735
687 535
485 235
898 97
760 257
994 185
478 10
437 759
706 530
391 874
425 370
1000 890
819 598
886 371
819 112
961 668
958 155
757 432
770 676
632 98
377 134
344 57
891 953
456 617
271 482
844 258
253 391
865 101
751 971
24 135
295 554
172 277
953 441
717 596
795 435
729 4
561 724
878 723
216 67
157 7
121 459
74 809
287 716
243 723
517 664
465 526
445 618
488 875
441 830
33 383
27 974
438 633
164 479
819 838
748 374
179 570
305 425
147 202
862 870
283 106
256 33
942 826
951 282
272 25
946 345
460 872
97 598
217 480
194 697
505 268
10 246
407 582
452 8
344 923
936 363
502 311
628 414
544 356
994 977
454 581
654 328
738 341
233 927
738 793
691 470
860 566
559 870
141 483
655 15
695 897
280 509
775 540
432 862
994 285
943 607
845 283
615 687
680 489
523 736
131 934
946 451
691 669
656 415
675 342
269 828
279 205
141 536
961 222
336 154
844 287
784 337
867 744
456 235
422 549
978 812
520 992
1000 261
292 953
683 627
920 729
515 343
441 342
888 155
893 396
835 654
822 708
54 995
75 951
843 152
77 959
744 502
627 116
838 703
465 829
958 276
16 471
424 290
983 190
20 568
583 63
306 599
855 331
527 56
172 612
836 955
302 157
87 358
878 144
939 336
216 321
674 568
921 450
64 496
11 569
938 211
564 137
179 651
466 239
120 877
133 497
897 216
378 821
708 759
600 960
721 190
290 256
911 762
610 154
477 358
520 436
706 656
940 604
672 940
415 741
295 106
954 464
955 777
342 504
846 570
409 783
758 4
972 708
146 569
203 615
335 518
458 910
259 637
877 322
103 661
196 91
842 177
561 654
683 980
802 40
668 720
223 484
191 697
152 134
455 364
176 78
967 449
382 39
348 686
641 3
855 993
500 155
509 522
868 924
893 62
343 671
243 525
122 744
848 255
569 882
310 357
776 340
423 513
698 232
767 768
925 831
734 715
887 747
977 760
763 874
314 381
45 285
364 903
493 684
173 586
822 4
628 737
444 202
64 686
176 384
225 26
685 317
712 809
81 108
944 55
993 707
635 994
434 204
331 358
372 699
909 262
854 222
744 623
604 513
587 180
113 114
823 332
756 863
718 10
527 198
385 589
596 949
22 764
484 407
674 734
443 158
387 283
868 200
91 75
463 921
519 707
283 621
798 156
890 666
254 716
662 602
998 338
632 540
218 764
11 735
730 938
306 292
559 657
851 220
665 934
740 622
97 655
288 176
853 140
221 524
808 990
288 470
367 734
729 260
625 349
62 790
150 480
443 849
879 304
221 311
259 71
95 929
460 430
294 21
319 112
827 367
252 853
240 386
498 103
320 795
155 741
925 250
187 536
262 894
560 497
133 885
692 810
94 895
79 437
435 317
972 960
603 237
116 730
35 306
461 254
265 629
157 480
956 79
458 466
25 199
172 869
734 686
973 8
68 715
229 519
861 33
94 458
822 216
83 149
710 592
981 519
813 388
7 744
17 965
22 99
486 547
156 826
885 134
837 374
125 266
132 206
601 868
746 840
257 502
235 362
772 733
99 927
130 115
818 27
923 560
21 679
283 570
611 695
951 284
48 617
149 355
81 284
548 557
560 912
558 889
623 356
932 162
79 969
743 20
959 731
464 144
323 475
779 174
444 950
571 669
434 31
134 115
696 142
403 145
314 604
836 531
259 861
901 405
800 590
965 782
488 582
119 837
776 314
445 75
621 416
273 152
890 178
683 817
35 967
322 747
166 718
65 307
486 952
776 231
583 387
82 288
322 262
686 497
274 456
475 748
482 34
536 722
310 951
996 177
746 165
217 732
28 338
137 126
654 844
188 695
887 757
75 926
280 653
200 939
526 169
59 275
827 593
603 672
792 856
533 215
274 894
59 186
366 31
59 126
728 907
752 785
269 227
859 254
667 177
67 648
194 376
128 714
771 664
752 317
503 961
81 744
232 482
950 546
490 229
540 983
598 428
108 777
673 137
301 737
958 992
887 426
857 91
788 112
134 821
654 488
736 34
137 922
942 256
185 10
756 226
381 973
364 998
515 909
334 593
861 580
769 988
851 435
60 49
563 830
678 45
247 736
922 221
69 910
51 269
622 360
708 517
166 476
663 803
425 50
105 322
859 111
479 27
861 727
357 894
615 782
636 481
621 496
844 518
866 996
989 683
30 326
48 614
275 172
677 824
714 145
671 305
344 285
991 732
265 805
472 310
415 33
268 945
976 489
394 682
852 839
811 409
909 330
445 544
819 502
888 988
345 412
539 922
301 854
280 609
652 223
763 917
275 373
232 59
624 219
22 300
477 883
419 977
271 877
873 297
789 707
540 245
597 131
940 253
281 304
685 111
425 966
908 947
218 601
944 156
565 736
473 260
980 185
395 906
138 690
619 46
776 443
124 670
900 380
927 227
580 41
406 196
717 572
868 516
20 999
799 577
556 913
522 318
111 132
428 630
359 765
701 24
282 636
309 802
15 22
481 627
29 998
835 344
949 142
226 382
72 582
966 20
814 554
996 840
345 291
756 765
655 388
410 696
759 359
981 583
494 594
575 843
131 152
128 599
794 43
329 988
91 789
140 655
356 242
189 846
817 99
613 277
942 902
449 129
38 196
771 485
151 218
771 310
24 448
339 376
984 285
464 781
26 202
964 56
918 810
464 864
606 802
196 609
329 826
813 701
111 542
320 301
85 820
448 304
48 955
976 956
889 92
618 841
28 59
914 637
118 349
771 324
858 949
210 443
718 316
974 551
766 379
887 864
171 391
895 465
89 575
684 318
397 264
337 815
419 45
582 615
966 118
229 532
256 488
789 917
821 174
140 559
345 871
353 384
500 814
148 26
335 261
316 528
688 814
157 960
764 48
598 601
630 11
210 690
279 600
59 926
994 282
207 301
534 16
385 175
895 906
668 598
578 295
607 703
303 656
641 806
332 549
837 67
509 982
473 406
590 928
409 815
57 645
881 261
861 112
339 317
51 991
962 298
819 677
656 668
331 873
985 839
45 271
741 995
860 841
329 856
208 725
561 528
442 977
812 729
919 699
626 953
769 941
278 470
869 780
238 486
593 156
273 389
700 24
606 982
257 677
422 8
790 655
289 221
296 104
645 13
452 800
141 330
555 6
227 426
224 691
778 518
13 713
288 736
184 97
164 248
928 243
890 149
333 506
383 263
960 599
792 159
890 793
139 141
563 626
994 763
608 527
49 577
605 194
537 652
191 32
287 806
886 73
919 752
710 583
849 298
862 652
653 454
264 591
458 989
458 202
514 105
623 358
496 494
4 829
521 178
404 448
628 828
187 467
357 352
705 861
445 78
124 894
626 953
286 287
703 980
220 44
485 319
944 796
82 96
981 22
169 851
409 223
754 185
819 17
714 537
856 528
845 617
558 829
998 103
637 200
780 379
161 826
591 788
233 492
528 303
387 541
962 412
108 165
404 592
866 455
623 205
93 541
869 938
387 226
634 844
659 914
1000 675
52 302
243 912
862 404
721 956
520 857
888 543
491 528
395 54
704 9
744 669
752 385
891 289
8 894
412 786
111 583
812 663
972 367
435 116
256 653
710 209
555 574
353 740
278 784
260 829
84 248
441 56
807 983
747 343
669 749
158 688
432 282
599 224
144 824
934 632
38 283
593 446
623 930
523 647
913 745
131 430
263 645
47 149
284 770
2 661
610 716
517 197
466 796
356 182
196 851
810 759
70 451
78 16
451 502
194 221
182 373
193 400
839 598
183 902
968 287
668 257
656 106
789 672
53 563
783 635
828 162
956 96
455 958
19 763
411 960
205 699
671 743
892 737
214 203
192 450
951 735
911 110
914 177
799 16
28 404
699 558
539 301
124 239
350 647
816 864
759 559
193 578
321 458
825 565
210 33
607 6
847 686
470 346
394 270
550 768
307 89
814 455
457 757
877 995
676 817
807 602
11 533
248 583
170 831
138 80
372 546
814 264
247 708
136 734
81 902
826 83
693 306
688 83
343 611
761 702
443 766
96 666
206 301
565 279
367 102
921 900
826 89
830 319
720 859
576 645
887 650
782 369
508 125
371 518
770 797
497 299
782 522
314 484
995 300
928 495
983 953
566 515
221 162
213 437
455 941
471 127
350 868
450 446
921 985
898 138
355 533
359 702
178 992
553 575
423 483
81 636
271 818
931 594
112 13
769 32
821 546
603 601
168 502
944 840
729 998
712 422
194 865
622 451
707 730
274 953
605 902
210 463
264 962
212 327
48 434
279 124
54 609
614 317
20 683
348 925
243 96
217 448
184 551
625 194
964 956
577 834
694 221
491 85
453 22
10 203
682 574
70 884
451 484
87 86
743 605
260 650
764 458
539 888
511 414
337 976
546 611
10 411
474 274
572 269
552 604
904 275
530 608
630 809
283 189
74 258
371 43
690 30
480 189
485 44
744 591
922 668
747 711
575 742
31 242
592 578
976 209
390 616
418 747
237 307
177 934
211 92
122 819
119 188
420 431
660 476
183 796
834 740
341 431
112 367
497 169
737 628
513 378
930 73
760 631
219 435
677 922
241 27
357 327
949 228
321 447
835 21
878 463
442 318
479 998
79 11
702 682
863 521
658 283
21 752
99 665
561 765
974 732
982 483
332 677
751 328
122 408
861 807
556 238
187 719
126 657
254 784
566 85
305 256
840 811
125 469
36 328
503 312
828 231
879 499
262 920
487 851
195 141
212 641
505 468
931 704
164 498
871 863
258 968
791 841
76 733
4 357
690 158
104 182
96 582
717 752
643 692
313 587
735 547
652 122
975 531
897 951
824 36
873 636
503 38
883 556
766 455
632 874
513 215
258 894
756 395
433 346
395 401
367 63
488 986
989 784
82 15
259 608
890 753
233 671
894 357
602 934
177 313
670 590
926 266
388 577
242 316
193 358
41 31
840 791
19 51
905 25
514 274
440 480
124 90
544 699
561 92
970 679
276 758
470 370
685 334
31 395
755 456
862 382
365 226
647 17
720 710
689 488
732 917
423 202
614 202
861 43
723 956
70 847
463 355
754 653
330 841
933 503
376 555
894 513
13 270
400 274
400 695
343 619
701 306
889 508
54 875
188 854
431 444
244 120
666 640
546 40
268 863
526 790
653 448
287 762
941 268
458 347
112 828
100 762
921 424
453 19
491 532
743 997
961 333
651 117
151 767
769 680
848 481
951 550
279 853
167 562
610 787
814 40
834 292
9 294
30 338
205 639
635 173
286 935
453 454
73 472
19 651
416 529
519 984
359 488
952 837
542 885
365 907
648 22
619 688
572 50
161 138
876 920
352 913
360 629
866 606
612 371
983 20
914 199
926 208
307 714
674 263
1 967
609 847
244 774
464 831
531 412
413 290
229 705
550 631
806 110
541 444
918 434
550 802
902 420
427 690
284 452
607 331
132 789
938 548
242 925
422 409
696 179
915 51
44 73
390 3
669 106
952 5
430 954
851 76
640 597
730 440
915 726
190 494
107 685
905 746
191 530
90 173
553 975
467 984
133 763
932 24
766 301
601 772
173 875
979 742
806 836
406 350
646 550
440 643
565 887
255 9
686 485
682 369
638 682
414 575
445 717
736 673
38 93
861 723
870 614
633 608
937 759
796 265
237 824
98 544
257 170
498 930
825 79
325 457
274 262
887 69
680 801
697 300
336 92
539 779
47 493
842 833
94 746
161 57
458 146
712 195
574 351
287 887
126 872
101 74
133 183
246 685
159 475
620 843
555 470
553 860
405 832
290 313
129 739
952 755
684 387
110 802
172 199
847 828
40 83
586 250
936 381
149 778
494 210
401 677
780 866
223 765
392 547
848 724
716 973
315 556
516 200
772 329
925 369
576 723
577 988
419 37
321 677
649 320
676 232
902 444
557 975
893 363
101 527
144 452
427 854
70 457
762 519
745 102
291 631
29 846
918 736
968 324
961 344
587 928
661 138
669 355
342 424
236 840
224 904
214 201
788 390
131 738
345 275
681 982
286 466
189 8
264 762
752 750
504 783
190 822
144 851
192 691
856 122
380 863
864 993
856 160
667 879
652 109
327 549
891 390
302 811
578 592
238 9
718 912
82 172
939 716
562 779
800 579
973 952
14 422
73 197
285 145
516 941
755 801
925 702
967 948
167 806
401 990
278 145
56 704
119 686
746 284
771 761
363 747
808 139
301 726
658 943
380 69
300 143
614 348
416 304
789 832
646 391
445 418
659 746
106 667
60 525
6 526
234 800
491 93
155 48
907 451
16 145
752 672
868 68
944 987
387 374
500 890
851 462
354 805
893 589
232 116
972 614
493 184
281 147
224 857
154 823
798 97
497 539
432 881
862 645
71 414
417 754
642 538
873 175
940 151
937 588
188 714
959 978
312 252
608 435
113 361
676 249
293 389
908 924
632 288
615 45
223 575
778 77
652 687
810 428
568 104
462 406
663 722
484 427
636 121
896 222
672 122
12 205
33 114
956 239
32 640
226 837
304 423
116 9
42 616
44 399
903 753
28 338
432 848
184 960
766 133
69 181
150 161
795 939
524 976
555 458
724 466
346 21
408 780
981 546
337 671
393 854
595 785
645 931
474 63
248 26
310 700
527 144
988 733
426 113
799 971
671 64
408 908
705 651
910 245
744 101
606 868
394 465
370 511
573 296
820 218
585 89
712 410
853 665
543 415
285 845
752 699
79 600
992 570
434 829
57 652
915 546
82 956
87 912
796 156
325 68
730 835
911 572
162 219
992 850
820 444
118 355
3 513
994 523
238 55
752 455
724 750
724 291
439 181
35 737
276 607
196 487
671 868
97 6
218 149
477 706
930 874
406 407
205 282
101 229
890 875
221 519
66 168
511 801
957 709
945 650
52 466
711 162
740 509
92 86
349 979
678 538
500 53
483 301
885 889
271 322
170 413
66 481
566 217
37 608
688 67
53 887
215 344
229 718
63 545
527 917
353 393
916 894
201 666
915 98
458 153
995 413
162 906
581 131
78 231
79 410
504 432
840 543
890 567
506 499
679 602
643 873
948 217
774 621
373 742
984 847
492 754
72 764
726 179
4 987
149 188
333 281
395 747
176 484
324 182
228 269
173 405
1 180
807 257
868 14
647 759
566 705
497 709
670 908
611 793
660 595
172 685
541 512
827 181
416 706
866 471
571 90
429 853
606 46
203 45
475 541
90 721
361 759
367 494
206 929
865 136
120 552
240 857
622 120
695 111
306 616
828 907
13 71
718 47
970 42
310 739
648 184
621 709
700 369
194 754
987 717
864 246
212 953
39 121
334 608
795 514
573 406
649 506
369 845
443 968
917 835
687 177
496 330
47 227
570 208
250 315
500 348
227 847
568 825
925 784
753 532
87 637
963 923
818 638
113 217
609 742
161 43
602 761
786 776
198 806
51 798
8 35
644 110
626 837
246 117
90 326
722 584
163 401
286 702
808 714
421 209
666 323
72 947
404 116
123 271
660 951
296 534
705 53
255 356
600 665
981 144
79 178
954 379
889 136
58 461
5 336
120 84
992 360
114 510
51 231
198 97
474 701
877 694
24 586
776 451
260 892
350 795
193 393
359 222
150 952
209 637
522 479
25 785
627 186
268 563
318 739
968 78
474 610
208 730
398 735
752 20
317 86
554 907
919 650
619 310
118 254
381 557
569 223
892 362
263 857
813 465
275 920
487 704
83 524
396 168
301 386
894 455
503 385
150 542
832 63
851 13
326 670
521 178
724 484
168 963
725 431
463 298
816 556
780 195
210 443
129 699
72 3
373 329
326 989
249 443
872 526
676 402
973 615
852 769
991 170
875 626
39 377
979 297
54 548
421 521
898 561
641 299
526 358
473 163
263 525
502 760
334 685
223 96
224 9
889 439
695 20
548 501
929 696
327 135
499 876
658 137
577 584
271 1000
555 480
639 499
539 67
338 192
945 251
111 375
140 957
424 636
301 977
345 704
719 115
360 523
856 248
164 586
75 97
766 877
540 372
120 999
155 946
813 408
860 179
426 146
910 583
511 895
424 113
215 624
530 836
702 152
263 748
223 53
479 305
719 155
9 270
581 35
156 705
615 63
456 65
765 676
531 519
881 287
630 637
439 258
814 302
974 195
848 822
718 684
171 340
318 735
513 54
963 472
224 553
350 977
259 338
686 274
204 87
273 183
821 466
871 137
454 134
573 486
814 320
981 756
773 70
993 789
792 375
625 375
135 909
901 2
15 725
130 92
365 597
505 558
212 89
789 98
406 368
8 826
518 108
452 28
180 774
90 713
626 870
927 146
280 295
433 280
964 997
328 465
32 52
269 920
347 891
907 754
86 249
13 31
341 181
708 840
835 502
886 945
190 226
864 57
670 883
742 2
487 166
316 85
48 25
171 380
701 771
239 940
468 192
494 965
721 375
667 643
530 568
348 262
346 815
519 315
228 307
920 540
490 349
207 322
668 169
568 790
842 829
217 869
330 110
336 118
263 881
575 584
295 746
490 334
206 524
10 516
211 840
571 993
652 567
936 703
255 845
6 298
146 422
266 672
702 406
497 862
127 257
95 41
559 319
205 343
859 85
92 614
703 913
310 526
382 432
138 291
854 651
859 448
607 818
226 91
376 326
520 770
345 873
401 361
223 726
979 216
764 612
971 699
332 821
814 235
633 405
293 372
477 21
925 130
758 645
357 219
713 72
333 629
518 404
517 299
329 65
126 960
843 795
66 324
913 614
231 755
948 501
916 71
9 767
854 987
856 567
702 471
478 4
46 161
831 921
981 34
950 743
680 484
35 688
28 271
888 13
157 361
902 437
619 624
579 736
328 267
906 480
309 838
417 330
214 54
912 718
156 345
122 214
743 973
142 322
842 712
714 165
323 119
258 28
876 803
268 516
34 346
377 675
861 147
886 657
187 287
187 657
320 793
777 672
597 382
973 524
956 541
221 700
903 897
786 784
831 809
859 708
697 958
814 735
294 93
180 219
892 627
695 66
986 944
781 310
585 661
948 867
171 476
608 81
954 976
181 283
468 612
163 772
329 39
715 297
813 323
928 864
908 708
211 979
807 693
53 974
372 277
456 939
100 303
520 890
870 347
314 969
240 887
626 524
978 178
584 453
758 239
283 796
776 739
489 215
868 766
419 713
581 449
437 733
713 836
499 687
113 223
734 604
195 377
732 815
315 929
890 146
754 397
879 753
141 785
327 381
481 896
507 51
235 715
355 660
150 635
853 109
173 655
496 220
347 158
165 682
783 275
929 486
676 897
467 597
698 605
836 576
726 648
445 520
488 91
989 628
662 809
4 474
277 839
998 37
268 238
602 643
584 388
605 405
714 744
4 110
837 576
872 493
901 552
473 255
292 191
269 840
570 489
254 295
919 53
65 360
342 676
246 216
786 73
334 76
117 584
361 33
414 475
62 8
884 834
116 675
238 761
471 619
934 244
401 788
657 483
207 372
672 703
705 219
803 1
403 303
110 800
430 602
434 247
850 809
358 331
985 92
612 994
289 23
374 77
41 49
654 371
834 450
16 834
22 518
918 182
398 105
21 844
25 361
84 542
856 703
877 285
467 883
541 144
678 445
858 44
195 154
259 600
543 6
916 313
690 454
253 38
530 745
877 702
5 876
196 913
214 990
328 121
737 117
690 621
57 85
10 541
55 760
36 755
658 651
638 801
477 295
883 343
113 175
575 698
150 339
722 673
180 567
478 744
966 339
913 122
987 474
632 152
294 125
566 476
529 945
71 849
661 697
470 790
119 115
440 822
312 239
372 476
375 621
855 724
868 421
995 592
431 318
602 205
873 761
199 316
435 880
303 800
13 990
999 953
79 588
602 938
232 39
866 268
86 940
296 154
906 98
971 18
126 749
463 546
463 604
27 845
985 908
319 966
334 649
908 532
413 660
39 932
273 71
668 957
849 816
543 729
711 716
509 731
535 459
125 560
714 372
210 893
542 134
458 385
226 525
470 618
312 918
700 671
452 86
962 42
782 791
641 310
786 515
107 958
258 632
207 273
755 379
472 579
140 999
59 925
800 684
381 207
834 509
756 992
250 271
235 925
795 632
163 151
993 187
696 651
267 634
916 685
792 243
547 526
444 438
844 678
921 122
903 916
777 375
645 494
669 495
376 832
699 749
479 283
182 267
492 639
482 984
637 354
559 360
315 190
278 192
795 357
898 880
819 805
992 186
419 339
1 302
816 744
650 746
701 353
30 344
201 160
795 928
518 307
226 379
506 578
952 588
348 904
185 981
801 21
215 130
591 73
270 165
837 68
606 455
822 555
4 488
414 511
359 910
359 536
225 951
45 250
351 732
595 873
622 369
463 91
381 162
130 42
957 10
21 267
235 365
702 763
510 453
867 697
45 101
785 770
364 384
827 600
929 142
167 308
75 631
831 83
176 155
202 270
663 868
856 567
410 258
45 216
318 487
211 73
885 691
723 991
65 554
384 761
888 182
204 218
202 302
991 151
83 385
768 725
412 969
934 812
814 423
480 141
758 401
760 598
681 56
240 237
424 139
852 962
308 731
264 57
459 836
886 350
641 360
941 852
638 279
987 434
8 47
431 945
246 107
612 434
252 930
732 557
682 840
738 191
963 312
300 974
593 171
470 818
496 510
183 256
948 334
602 748
305 752
947 926
738 316
166 37
609 368
728 249
269 108
324 148
259 933
89 184
649 931
771 385
577 314
314 591
661 797
550 465
962 132
213 409
745 506
519 907
860 891
598 839
17 14
14 815
480 266
691 906
400 545
113 855
392 264
183 645
64 563
935 696
71 736
132 534
695 990
369 958
529 733
317 134
670 14
382 461
320 522
911 771
56 774
744 392
943 317
415 263
126 494
845 184
176 738
586 459
775 44
89 515
368 944
811 285
856 684
140 549
686 489
873 460
61 261
763 875
1 601
626 101
233 855
508 471
584 406
511 103
836 564
469 376
887 420
393 673
971 48
107 8
661 412
573 866
176 274
490 167
653 695
240 530
332 166
273 955
661 962
651 232
892 700
722 199
223 733
243 380
683 915
360 309
662 364
110 493
433 851
280 550
663 16
386 419
437 815
552 4
120 899
962 27
9 718
3 820
763 430
577 27
290 358
709 138
459 244
41 992
119 179
849 650
419 717
186 479
577 538
303 903
612 820
716 635
721 642
674 810
129 75
306 670
791 349
147 339
465 786
238 604
27 248
697 224
656 878
727 849
231 990
155 284
315 689
596 576
473 785
515 497
522 530
491 858
408 675
103 279
610 113
759 906
861 175
940 50
578 254
972 484
945 3
863 215
602 456
469 369
609 976
46 133
127 793
28 415
779 827
725 408
704 433
707 323
46 227
356 242
636 395
618 89
249 60
943 236
735 743
956 366
623 61
9 841
884 959
62 22
669 115
856 284
257 882
914 340
226 5
762 517
567 257
177 561
30 755
870 873
415 697
331 166
877 648
898 833
834 503
777 169
264 209
799 795
956 130
36 752
793 651
846 532
64 162
710 917
167 349
721 208
322 297
184 88
126 798
731 857
337 598
931 670
776 250
940 668
801 118
626 730
813 647
465 394
52 661
838 375
114 558
285 192
444 160
441 436
631 745
170 685
382 832
187 33
359 626
101 136
355 460
779 143
834 664
505 369
489 830
45 595
14 379
494 898
323 732
126 436
516 401
970 32
601 176
888 651
710 356
750 104
244 822
395 781
217 347
891 255
95 225
363 905
229 901
812 335
920 673
445 212
169 678
527 722
244 962
919 877
953 516
244 406
85 441
173 555
69 791
423 845
779 602
190 710
14 982
670 955
812 330
265 133
219 409
34 254
661 646
878 190
69 701
661 640
158 149
42 544
436 803
766 399
134 893
993 208
579 487
772 355
209 723
84 378
559 334
407 937
103 151
917 421
145 883
175 269
285 246
382 237
283 194
973 471
688 196
55 651
78 557
813 264
270 217
32 833
618 261
461 394
19 493
402 670
976 607
839 279
414 74
223 92
348 194
961 198
700 532
684 327
702 565
264 833
930 84
131 608
347 531
40 433
983 440
223 795
6 59
477 165
178 290
353 495
285 275
862 223
15 399
671 238
704 321
265 779
661 370
102 521
448 960
846 617
359 844
566 604
613 437
200 419
202 22
577 697
708 314
667 461
780 279
857 533
266 710
315 823
658 404
726 970
853 365
841 582
827 277
628 284
614 124
869 88
706 361
675 524
606 216
557 875
736 553
339 76
528 252
816 957
42 386
745 310
471 568
403 512
958 182
610 837
237 101
811 646
799 108
191 193
322 980
341 163
688 289
423 738
740 703
802 105
309 854
386 321
903 902
985 775
63 927
849 344
421 973
198 237
426 178
638 469
251 13
90 11
481 338
294 834
13 391
924 269
166 964
666 983
64 95
129 865
984 317
497 543
737 851
778 896
400 223
901 574
197 266
652 478
974 747
721 911
52 618
614 267
107 136
365 311
127 222
891 66
177 567
26 6
136 269
883 797
621 386
370 94
219 262
94 960
253 343
75 644
220 63
363 82
442 885
405 180
975 262
361 284
219 390
510 841
406 217
599 396
947 635
577 904
339 925
396 239
892 991
498 617
651 489
76 609
718 321
492 987
111 657
543 136
17 573
35 381
639 780
310 192
916 783
428 620
825 206
679 969
617 540
653 94
347 931
786 400
445 821
702 942
35 605
513 182
657 766
319 307
739 947
22 97
545 547
900 264
608 244
947 184
369 782
377 963
762 670
255 595
407 360
402 547
736 726
387 312
685 704
202 438
317 875
981 551
149 482
331 146
697 959
54 814
414 587
405 558
704 389
103 815
347 861
241 991
630 176
867 787
172 383
891 120
592 702
573 855
2 954
749 794
72 1
257 649
91 527
799 836
42 466
398 100
1 942
631 111
103 746
545 136
918 661
762 834
709 619
114 550
941 523
985 536
488 254
981 128
647 196
28 673
590 699
394 127
756 194
289 548
907 149
343 124
358 96
848 250
88 437
925 846
366 909
864 668
309 278
30 887
391 955
911 336
267 587
546 897
820 540
52 355
944 898
303 711
831 116
367 339
489 249
534 920
717 607
563 811
672 818
757 778
426 519
804 226
66 455
915 210
763 486
238 262
748 834
739 280
154 99
39 393
571 918
273 314
487 728
149 381
145 973
474 779
711 446
578 857
305 383
962 400
816 723
964 289
509 383
104 480
851 229
292 271
33 584
235 664
289 167
404 343
527 759
213 581
852 963
597 667
647 701
947 677
493 816
496 876
517 944
92 440
165 715
603 670
768 898
917 615
351 73
871 109
204 468
594 332
869 627
971 533
372 200
315 206
306 843
641 530
133 738
506 5
861 494
854 440
652 640
308 244
8 280
605 388
743 18
833 145
420 57
338 729
864 473
882 388
899 617
32 302
80 232
371 487
38 510
537 342
785 282
654 558
833 728
115 128
383 510
164 790
862 113
851 589
729 888
245 886
943 911
27 473
866 310
931 530
811 221
674 199
295 113
828 814
540 616
301 925
92 652
481 741
46 634
732 197
291 330
777 438
940 281
827 618
818 886
415 950
85 138
723 72
455 456
954 411
299 573
830 398
630 53
413 235
65 753
829 691
387 343
306 56
335 846
631 799
935 652
703 866
786 382
621 454
279 330
757 490
281 367
497 110
580 683
671 192
888 644
759 137
520 352
171 983
669 32
486 734
324 478
654 254
827 640
525 839
436 2
87 497
307 398
404 736
576 400
28 158
30 842
565 422
117 139
344 755
147 359
331 605
265 545
557 609
966 926
710 249
100 314
626 620
909 403
872 580
993 734
761 259
941 596
206 268
732 864
825 65
819 40
149 526
237 969
172 455
637 643
301 455
58 918
146 683
530 874
504 785
360 37
299 28
298 235
395 418
652 589
236 919
389 860
930 283
230 344
239 425
160 84
924 575
83 772
752 192
429 718
895 149
685 742
564 167
627 179
272 319
212 707
714 615
551 646
248 937
350 653
494 255
976 732
287 35
334 521
948 994
1 551
292 518
299 963
868 888
580 392
683 774
512 649
341 328
730 327
962 440
915 476
314 893
122 12
381 659
669 168
385 544
25 652
657 6
63 621
538 478
770 813
144 368
782 7
926 912
883 556
868 361
773 951
102 38
818 783
494 511
449 734
962 893
758 234
469 953
242 998
950 92
627 698
834 701
232 821
60 122
508 31
176 361
412 726
283 38
141 357
815 863
630 358
534 620
860 531
335 491
808 527
412 456
596 680
689 448
635 776
964 493
581 828
640 188
699 868
834 136
307 95
604 661
408 842
472 179
127 321
491 374
224 355
45 265
243 884
506 620
246 885
530 694
258 599
131 337
24 664
230 200
837 17
560 766
848 653
543 349
422 777
222 802
403 319
901 776
691 115
442 610
458 589
50 240
408 764
204 566
98 286
116 265
397 754
185 811
326 91
512 857
357 91
391 415
598 771
839 182
502 19
366 596
24 355
101 224
562 907
235 623
350 837
169 593
760 638
450 104
631 257
404 889
844 287
53 542
657 951
85 477
773 983
411 410
560 88
58 182
473 339
397 473
602 971
809 822
984 595
17 821
325 392
111 440
79 147
888 481
173 274
359 193
998 52
993 424
968 558
248 852
44 465
608 569
350 873
344 362
694 69
147 27
948 340
502 340
586 703
426 507
779 318
197 921
661 654
895 589
186 318
456 810
605 452
531 409
222 532
627 498
831 320
552 242
105 706
247 633
545 688
459 957
537 935
167 719
68 525
673 879
618 781
28 405
609 218
486 474
244 806
683 220
100 795
68 677
573 696
249 685
234 783
499 627
988 363
754 837
102 666
611 398
377 271
496 444
625 301
202 428
690 507
802 371
867 895
521 495
867 715
691 309
653 379
107 957
284 489
442 681
40 240
10 705
28 493
431 890
715 528
714 801
347 527
728 286
510 404
681 459
189 95
992 437
800 82
504 355
954 360
168 269
298 150
806 871
145 812
345 739
946 772
346 976
355 579
140 194
881 160
328 465
376 222
384 192
691 248
92 532
682 495
927 967
881 29
552 632
122 836
710 759
199 738
245 750
424 1000
611 733
455 572
948 817
518 557
49 744
961 602
351 179
247 641
272 173
389 68
650 390
300 307
28 907
181 314
834 881
397 396
9 667
236 105
130 218
62 268
875 726
821 433
290 394
47 236
238 602
611 394
37 401
95 518
561 79
505 833
336 965
447 946
779 977
575 78
126 109
687 417
483 110
513 377
744 635
124 315
529 238
741 782
671 330
671 946
567 966
540 403
253 637
15 586
115 593
429 946
929 556
709 1
716 689
951 311
619 847
804 654
426 140
379 108
699 948
370 453
525 799
819 592
78 505
771 942
960 777
130 904
144 890
551 402
199 576
204 169
593 815
665 394
313 159
233 244
297 110
135 281
257 279
640 294
220 706
278 670
814 643
102 193
278 196
215 488
420 431
167 588
204 577
961 399
26 983
281 955
636 456
303 55
793 443
438 840
182 408
978 514
113 194
129 727
750 381
945 627
678 554
569 748
358 647
343 844
135 320
8 306
401 676
259 376
352 163
838 934
249 376
707 119
411 336
791 57
964 254
222 636
252 511
995 920
482 826
186 656
619 975
138 654
260 104
854 552
608 527
143 951
907 631
533 563
605 304
650 876
913 423
987 415
500 227
424 195
703 941
218 994
536 747
301 315
117 41
625 489
137 401
193 606
207 495
836 296
898 957
992 876
389 748
431 363
560 536
254 281
833 133
758 631
235 257
175 342
412 758
306 840
229 818
80 728
877 924
833 185
585 821
67 562
44 911
695 48
575 950
596 33
566 469
181 170
211 241
713 377
897 354
878 965
896 387
17 626
747 750
116 753
161 283
654 409
484 171
39 458
955 899
373 708
123 749
400 23
85 866
884 693
72 529
759 84
25 761
335 811
955 807
295 534
22 641
94 368
126 622
227 576
698 772
528 937
460 717
790 487
509 268
183 32
870 601
611 364
139 123
132 160
66 985
439 486
20 954
246 809
185 807
474 818
126 979
815 754
365 387
590 297
998 962
530 517
684 188
334 905
62 196
218 541
380 776
377 414
766 763
699 937
710 967
324 57
8 117
429 180
61 786
294 996
320 691
822 43
536 539
755 658
432 726
533 875
233 911
327 109
428 884
656 112
691 100
120 182
934 803
90 133
635 255
784 273
749 982
205 448
596 361
262 307
834 334
465 411
563 113
814 755
938 550
272 218
214 941
580 774
939 213
351 850
901 790
262 284
190 932
705 578
205 684
131 475
171 89
473 145
291 248
213 1000
850 140
899 855
449 452
135 932
344 618
848 465
124 284
284 480
264 421
879 945
89 275
209 922
812 750
22 544
277 795
128 509
924 489
350 45
521 748
280 22
931 54
70 729
999 993
842 307
899 695
439 236
207 376
349 870
231 135
901 674
977 789
965 131
20 737
611 731
167 50
540 158
443 706
588 479
990 717
159 66
709 675
367 161
742 564
144 926
391 132
834 393
794 334
269 206
159 559
846 938
193 143
360 349
339 390
581 374
958 143
641 245
630 157
505 642
472 25
742 292
762 264
144 396
731 780
571 18
239 598
141 55
84 631
730 306
976 899
944 705
817 256
894 460
974 484
786 51
38 386
963 694
564 518
908 980
767 132
327 500
106 689
980 765
363 496
468 939
74 659
974 968
528 580
600 415
490 682
89 190
369 515
173 447
214 401
23 437
630 168
95 732
533 727
697 496
636 834
129 30
103 210
700 703
119 153
884 981
534 625
718 595
969 157
720 930
585 356
726 452
796 343
147 677
349 514
502 831
222 118
128 381
635 985
64 628
567 948
487 190
831 867
652 635
383 157
525 541
611 503
412 506
105 361
815 306
551 408
996 770
979 661
333 763
128 434
935 572
20 983
727 747
981 916
572 837
625 602
938 330
756 179
321 492
142 620
963 68
347 169
511 886
726 691
181 532
61 779
6 396
287 566
567 142
597 994
751 901
382 342
444 38
228 284
75 990
49 713
396 624
264 531
466 643
452 459
629 488
158 622
978 160
816 431
706 836
870 362
801 112
314 453
319 916
411 840
288 591
91 764
85 98
615 679
710 387
958 151
344 799
637 772
429 445
563 16
69 358
197 144
535 282
618 338
82 755
297 252
254 945
942 677
433 307
301 888
860 451
806 479
498 591
352 566
503 690
741 565
870 273
895 941
396 667
557 649
294 463
963 896
763 663
157 469
723 813
181 476
64 879
582 696
859 122
513 735
777 59
730 423
446 521
42 621
897 605
116 841
474 188
143 571
198 724
648 1
338 9
392 398
343 907
978 477
56 54
252 163
564 127
578 489
283 471
159 696
262 609
408 877
115 192
291 206
459 840
562 325
293 203
107 575
771 178
888 324
14 290
826 442
621 556
377 561
989 695
982 649
483 812
378 220
419 630
868 437
173 284
937 255
687 10
940 685
785 206
280 772
351 916
982 768
364 19
670 889
287 498
543 958
485 145
441 232
671 676
162 977
721 837
98 489
262 824
609 525
117 686
728 226
464 739
605 254
214 989
838 521
824 235
607 678
74 206
432 430
120 624
591 234
389 683
884 526
557 718
71 923
515 112
86 228
258 434
21 917
915 701
80 862
347 781
475 16
92 568
354 933
231 43
749 435
924 273
523 218
724 395
186 158
268 162
302 858
544 575
192 960
42 814
813 52
426 984
38 418
550 90
746 860
144 484
410 817
128 548
797 428
169 373
73 481
99 871
262 410
49 337
647 322
522 164
280 451
432 102
122 976
577 969
701 216
149 151
673 533
320 937
234 706
148 960
132 97
42 148
425 696
640 328
970 706
577 987
632 728
33 944
292 143
289 820
541 521
871 939
47 704
191 614
217 295
988 757
823 482
134 960
967 268
193 472
375 708
767 119
881 384
681 156
201 221
473 205
90 1
89 156
11 263
50 955
148 915
738 117
336 10
609 455
918 548
388 689
607 329
270 970
890 503
871 225
307 470
790 116
845 876
220 404
566 179
100 851
224 365
602 45
916 168
878 961
336 151
854 470
747 894
199 191
983 352
497 562
320 132
362 677
21 594
119 835
225 966
942 398
438 875
252 697
352 340
104 918
31 786
266 762
882 284
846 33
767 968
852 881
88 465
742 868
943 280
130 602
149 275
100 49
462 338
867 39
151 978
4 426
702 215
909 115
727 217
968 18
36 814
554 120
447 434
694 191
459 14
18 555
97 808
242 697
836 494
438 339
298 498
66 500
106 893
256 957
865 271
301 535
831 462
49 524
76 554
662 418
945 429
105 195
184 7
233 296
857 84
198 135
330 374
875 583
469 125
778 151
969 725
898 593
511 140
903 805
109 757
84 304
838 73
784 990
452 361
504 494
139 22
589 267
975 809
936 472
252 533
875 72
3 202
477 533
671 412
377 299
937 502
628 258
473 281
634 771
76 909
261 935
1000 838
631 621
398 374
778 101
828 41
521 659
98 615
458 583
122 94
442 142
767 119
648 179
558 14
522 128
46 888
120 312
775 400
704 550
333 463
309 802
395 603
189 753
326 348
653 484
399 661
116 873
883 873
405 270
50 199
348 515
47 830
669 979
704 653
192 669
723 107
452 72
14 886
503 881
139 583
453 102
493 574
303 359
683 800
518 464
281 320
440 523
449 3
744 625
606 127
562 801
541 221
418 383
946 539
984 710
485 482
343 719
481 760
129 900
525 241
382 793
686 861
968 73
616 99
181 543
801 533
93 921
997 308
264 364
340 655
991 169
996 487
601 827
653 461
129 848
256 466
471 176
345 97
688 432
156 412
661 952
881 359
177 329
709 895
119 861
140 34
221 719
176 665
304 452
800 88
223 170
44 53
818 273
413 476
736 571
993 295
165 84
786 212
792 227
722 808
535 546
964 195
189 760
450 376
451 81
797 29
137 42
965 421
262 885
647 286
724 687
899 245
623 781
973 557
768 935
427 154
732 850
936 553
360 112
76 762
907 699
967 904
411 691
850 817
183 785
167 560
108 450
729 552
955 724
87 744
605 24
24 45
57 114
784 227
284 675
442 989
909 22
77 4
228 743
509 561
949 662
891 582
497 523
834 817
374 56
556 366
694 167
313 674
997 632
794 966
661 544
433 871
929 979
199 803
371 583
674 279
414 217
699 77
703 422
348 482
511 113
537 32
898 553
776 804
918 74
872 702
774 236
952 109
608 249
289 340
32 666
781 465
329 137
501 556
528 555
802 71
679 498
826 455
480 547
171 268
82 59
490 227
537 377
939 28
484 660
953 192
197 114
259 338
9 836
691 449
269 142
16 522
837 674
433 951
864 681
902 302
220 692
681 53
966 216
510 387
964 35
572 789
905 536
669 976
593 886
466 985
676 460
412 268
585 423
137 492
776 760
934 514
245 348
791 68
159 409
347 502
908 557
352 846
194 749
813 985
239 293
212 737
966 738
834 741
666 291
651 414
187 139
917 654
429 423
313 145
296 434
364 37
824 690
151 282
544 262
609 247
962 174
537 285
275 277
871 174
957 179
773 500
480 93
781 763
786 724
388 357
603 58
24 679
183 771
696 625
663 857
702 725
143 980
495 617
856 946
329 645
445 22
444 450
810 542
728 674
101 945
391 228
409 968
377 418
85 566
799 578
9 947
257 222
266 255
148 346
287 773
710 514
920 317
381 812
637 205
858 308
824 36
565 153
737 928
271 433
399 152
852 556
549 52
294 772
218 808
966 640
229 816
683 434
231 407
80 167
21 812
879 287
682 530
896 637
949 148
881 618
523 368
964 546
114 892
110 303
689 508
254 385
57 300
300 462
157 722
779 780
80 471
427 166
813 36
933 675
139 496
700 971
174 433
283 230
832 482
936 189
942 343
659 665
509 611
344 249
794 606
120 99
511 82
644 925
100 380
944 1
662 112
143 478
92 678
217 563
878 175
950 16
773 387
746 85
783 898
254 580
758 784
642 663
98 489
372 335
134 961
317 628
118 188
883 466
40 612
194 754
624 207
414 30
124 748
140 843
630 3
775 662
71 142
351 376
830 725
48 454
97 175
778 615
553 543
365 389
432 298
412 355
185 21
169 449
897 674
50 377
886 680
741 688
172 340
466 663
355 397
905 200
586 560
794 619
541 303
770 405
591 246
703 30
71 106
167 140
874 690
347 828
467 61
947 203
966 697
145 719
708 70
564 799
716 300
727 298
39 838
638 894
94 710
454 859
116 933
322 594
345 360
212 402
760 179
938 649
705 629
443 870
424 916
678 618
228 877
913 846
414 500
344 632
140 719
706 231
367 522
26 770
56 562
662 939
417 9
882 532
136 320
367 256
204 374
766 241
811 902
476 434
94 715
630 582
946 817
487 817
951 379
155 500
430 141
831 130
205 327
64 686
193 556
267 834
266 387
214 586
901 764
729 269
527 143
384 691
564 419
286 27
184 928
291 395
182 374
92 694
478 639
729 208
211 59
576 175
213 546
407 805
270 485
604 688
322 449
138 88
772 462
554 499
66 383
947 143
296 298
725 148
138 101
750 713
789 639
70 746
794 759
409 442
150 481
678 402
854 147
401 524
78 697
57 553
100 70
346 285
579 979
189 277
600 716
820 29
944 950
700 790
498 668
534 769
806 2
797 874
568 401
227 115
51 126
684 46
168 607
212 625
389 504
553 355
274 758
868 938
224 516
694 689
222 725
983 483
237 933
547 848
515 298
593 209
207 133
925 870
132 424
208 545
967 258
712 726
160 808
1 604
607 784
367 859
497 847
697 711
472 670
883 350
740 445
96 882
219 145
162 619
251 564
789 618
414 579
231 274
400 406
815 645
250 554
336 920
265 818
853 286
999 232
844 743
958 605
178 596
279 744
825 362
279 843
82 957
729 205
74 401
920 922
17 820
879 504
886 453
411 462
377 413
338 422
185 180
996 799
748 754
818 705
768 851
711 591
672 832
948 749
637 918
881 231
491 162
522 751
953 436
970 593
615 910
209 403
788 497
167 140
446 344
21 220
756 555
477 323
585 245
227 41
265 216
163 591
257 563
911 938
160 245
316 810
344 218
538 820
801 607
288 369
9 845
624 118
209 544
347 789
760 619
851 389
488 333
592 987
214 326
754 757
886 726
98 559
965 475
984 129
32 782
844 96
16 331
170 405
628 752
279 651
699 133
656 823
673 459
226 153
65 223
288 897
915 695
234 959
656 43
124 470
794 458
868 61
321 236
876 231
627 940
538 151
940 612
676 615
854 568
291 632
346 809
83 523
880 10
753 682
990 926
510 4
276 555
780 264
210 681
3 327
790 169
470 584
127 361
29 748
196 73
717 798
939 996
252 936
717 120
485 439
365 691
940 136
532 962
782 73
390 375
116 435
177 582
471 871
762 633
449 14
151 4
962 913
750 617
268 990
643 960
682 40
695 66
877 426
277 779
69 806
342 580
859 932
525 410
655 449
971 216
251 365
974 511
187 798
477 154
302 31
313 335
134 202
782 845
180 968
868 413
261 435
929 403
844 564
314 15
179 501
354 366
933 421
932 991
865 365
416 986
879 465
670 486
819 972
416 193
337 967
278 534
334 152
944 779
912 242
60 84
892 587
432 974
682 631
582 469
757 814
754 861
320 643
102 872
98 396
949 300
508 812
815 51
329 582
909 895
407 828
552 690
231 797
890 623
279 792
874 102
278 726
99 892
183 308
492 368
703 236
362 887
300 366
414 159
826 339
627 676
665 229
982 180
445 86
522 341
886 896
203 476
267 759
787 597
216 339
125 78
843 555
824 246
801 368
717 138
594 640
896 253
815 786
920 558
794 160
207 856
505 213
807 859
893 366
903 564
257 245
594 715
435 313
439 371
286 674
901 68
395 453
614 767
523 168
515 198
918 720
269 636
593 169
764 139
975 285
684 643
582 551
332 237
959 21
11 646
400 698
243 343
19 461
240 100
532 721
475 94
36 276
55 122
267 186
40 310
174 578
123 458
251 807
330 351
207 498
446 659
919 839
314 105
967 677
592 810
742 913
308 629
328 230
850 205
666 649
65 894
876 263
751 94
497 431
449 211
855 341
805 286
940 416
81 818
400 325
607 594
407 213
918 113
489 943
368 358
278 775
197 172
157 908
258 195
11 225
828 190
20 879
203 775
592 861
271 313
641 977
508 996
607 521
928 449
434 734
652 475
644 135
710 901
521 417
472 50
888 569
912 312
308 444
961 767
634 866
303 376
39 632
954 173
542 153
85 982
997 374
666 611
71 456
368 191
9 478
574 958
816 258
1 416
825 794
25 880
771 722
864 467
105 402
515 472
795 413
347 522
824 244
17 923
363 753
185 335
103 226
537 715
607 430
924 600
7 516
337 323
920 340
771 267
848 90
400 595
573 30
66 507
374 682
936 820
199 242
654 843
472 387
895 208
149 313
439 172
704 737
253 158
370 52
969 669
863 509
539 668
589 521
176 802
259 424
683 204
938 143
446 153
816 328
118 154
418 846
682 217
960 760
890 138
991 978
651 191
621 759
9 201
620 502
501 285
498 56
624 272
277 457
680 867
400 434
582 219
631 987
969 49
745 752
666 259
370 446
129 910
594 116
842 825
723 205
274 110
417 277
627 336
588 948
155 853
476 668
25 358
981 742
205 216
425 508
187 899
735 369
800 838
721 886
447 500
634 74
103 326
883 368
198 864
410 773
243 168
241 228
654 394
841 165
200 948
228 366
855 731
777 746
375 447
281 343
712 912
142 636
230 869
477 526
666 9
180 694
501 224
26 307
832 95
852 610
836 488
955 830
930 816
315 807
968 742
134 617
681 506
950 397
410 369
743 427
824 461
581 798
37 737
639 353
829 929
705 39
209 376
888 162
234 99
598 411
835 191
736 386
25 769
301 944
520 920
766 160
254 968
330 286
993 3
777 72
288 853
16 292
200 85
22 523
358 575
682 766
730 765
864 925
266 776
436 213
865 202
954 793
540 219
32 432
371 716
89 917
445 551
902 572
542 517
859 797
419 137
328 495
578 229
859 402
891 491
603 640
511 214
714 96
135 721
435 998
590 180
579 418
987 164
438 782
555 883
158 408
348 935
336 614
693 529
536 492
159 366
785 434
893 247
84 965
663 560
620 851
482 97
699 841
948 64
414 47
578 794
720 607
809 131
937 518
315 109
701 809
930 33
845 729
123 178
786 850
443 652
270 467
724 549
317 672
94 391
194 511
684 104
158 118
749 933
619 534
270 589
513 83
803 782
220 962
279 884
695 874
139 907
254 52
792 374
181 620
868 90
516 446
822 337
933 577
918 341
405 723
272 861
122 490
956 253
545 424
402 526
111 31
988 217
295 700
213 453
324 23
854 622
541 981
479 660
180 338
546 931
87 456
945 138
548 518
510 128
382 483
570 246
749 658
463 448
215 513
658 29
113 1
578 748
370 15
822 948
52 449
318 780
173 81
230 271
891 541
867 539
887 159
497 95
576 493
221 33
189 14
326 587
125 365
343 13
879 965
947 399
772 752
684 633
290 613
433 902
54 799
458 789
137 716
736 848
251 285
809 825
402 202
648 143
451 361
944 555
705 470
326 399
423 663
909 766
373 83
295 322
66 487
319 434
879 997
335 818
220 116
982 569
207 78
782 425
72 492
167 936
640 57
921 17
856 557
138 79
472 363
99 631
805 776
21 537
460 379
876 205
151 575
305 215
277 839
988 691
429 29
316 379
119 742
496 866
990 71
445 324
910 745
513 21
61 45
206 656
635 374
747 625
40 217
666 399
669 79
517 363
622 704
462 911
7 838
451 387
103 169
898 35
91 420
731 839
684 291
234 375
477 726
901 684
442 563
678 677
168 749
767 157
297 842
333 829
684 428
543 114
779 849
624 607
398 930
944 164
88 486
278 985
866 993
362 717
994 560
310 494
251 117
622 429
855 192
629 349
68 803
58 750
753 741
76 522
405 690
91 513
445 603
240 392
432 372
534 424
537 959
143 916
296 627
713 818
572 968
267 566
170 720
477 947
815 108
591 801
764 524
709 424
8 635
79 284
359 656
889 63
658 472
353 221
811 315
610 876
29 92
650 683
248 950
324 793
316 605
759 948
369 197
520 804
234 677
234 772
802 548
326 399
342 48
249 462
879 106
395 553
568 308
600 588
160 742
418 451
491 960
109 806
325 889
523 159
7 810
263 725
706 258
830 524
320 656
978 843
584 816
444 663
107 282
963 727
167 711
169 777
400 324
827 906
721 657
823 771
228 936
821 880
276 850
318 142
407 947
495 341
843 11
524 204
361 912
367 159
593 434
410 868
682 425
169 164
532 643
14 307
922 90
485 989
591 905
549 973
471 978
812 818
230 95
46 412
324 378
738 544
669 680
27 102
949 684
59 477
277 523
966 938
518 301
683 161
11 916
135 358
639 807
150 410
321 28
182 237
267 434
666 471
905 381
897 540
422 78
854 397
340 387
283 862
192 526
582 40
320 127
295 142
278 790
806 133
525 241
443 827
152 953
205 663
463 833
90 400
894 926
911 716
29 194
8 647
463 801
225 452
235 656
732 100
103 882
843 947
270 389
920 200
972 423
527 432
733 54
667 990
217 752
623 473
30 438
778 530
11 916
463 181
379 489
532 988
536 787
219 890
510 782
964 844
305 601
590 659
337 181
805 567
123 681
272 167
724 839
642 225
400 665
202 512
965 954
938 737
37 857
940 671
531 816
61 185
189 659
891 295
35 775
735 400
903 36
523 303
694 596
425 483
63 287
404 548
185 145
845 608
638 307
269 606
889 834
569 944
913 62
197 964
13 126
300 190
598 703
600 403
987 10
597 63
309 124
173 790
990 931
736 718
398 771
182 198
496 171
521 386
3 421
141 188
751 81
926 459
518 534
655 109
870 439
755 933
1000 356
354 925
54 11
202 878
309 275
62 239
57 405
446 91
868 277
663 438
386 286
498 331
771 604
224 15
903 587
492 23
150 812
487 194
118 961
634 826
909 653
382 381
739 946
158 631
643 258
616 181
378 421
60 405
783 779
926 265
635 143
979 959
887 265
509 620
363 965
612 250
517 74
386 663
52 264
765 624
774 84
427 854
5 753
931 95
654 486
266 958
501 664
741 276
751 657
191 185
338 686
447 835
280 457
494 202
611 517
655 297
956 568
909 823
459 907
835 488
600 219
609 242
367 619
35 419
568 889
950 23
717 416
789 856
78 923
573 814
935 270
899 398
714 310
235 978
986 872
665 552
19 197
722 977
367 1
535 698
642 519
902 588
504 742
869 673
637 960
964 820
916 672
872 759
574 8
995 666
62 14
901 752
75 433
364 621
859 566
336 800
725 732
639 561
298 965
317 787
886 728
983 239
803 761
411 41
721 278
92 327
153 190
961 680
379 190
858 204
746 156
94 62
645 556
113 349
306 884
245 456
738 694
141 561
363 790
415 675
116 568
13 417
685 624
733 648
125 392
52 157
295 159
351 123
947 352
723 334
956 198
168 119
597 210
108 702
544 979
709 577
709 228
972 158
307 331
344 232
51 101
22 436
631 534
149 651
914 125
971 290
302 107
110 750
103 36
135 835
173 37
489 892
100 674
573 963
768 890
816 442
970 458
922 394
27 609
578 300
146 870
798 168
156 537
937 986
665 926
183 329
25 920
68 701
575 662
435 765
927 624
205 74
318 905
851 859
41 74
653 419
329 66
769 667
661 456
991 170
236 909
741 945
88 758
661 971
871 615
172 470
870 365
123 353
253 46
464 201
280 832
656 474
979 530
522 179
453 56
902 728
646 405
518 40
827 886
210 299
147 294
223 422
430 845
241 295
948 931
581 585
117 82
58 210
334 114
636 270
283 384
503 612
817 226
948 458
163 891
770 227
767 776
780 4
249 453
582 625
579 611
752 430
378 693
565 798
410 543
379 79
672 985
831 670
99 262
221 561
645 393
517 504
649 68
24 478
225 994
673 420
440 115
542 300
974 214
512 774
333 693
216 723
589 796
583 276
644 533
891 261
204 748
96 501
335 49
707 968
749 691
881 654
350 599
89 428
344 144
949 669
156 192
388 173
510 680
733 69
218 683
11 899
728 293
419 929
688 595
174 414
35 563
315 421
882 583
436 27
400 627
252 856
330 269
436 274
94 651
719 669
414 40
666 476
244 937
146 151
374 130
241 383
137 578
362 633
641 435
382 113
123 861
466 750
557 851
715 784
225 702
970 46
809 780
168 705
23 278
426 968
481 149
338 550
842 108
125 543
641 990
441 177
417 371
490 666
506 587
434 207
623 961
597 733
826 892
136 950
334 3
458 276
483 30
230 524
699 191
767 806
115 60
893 938
957 909
437 464
650 304
25 821
878 120
509 213
874 980
852 929
744 2
358 435
643 298
140 756
373 215
970 676
246 376
906 966
790 888
241 950
996 932
294 167
142 54
405 154
343 208
186 65
934 511
788 903
542 646
186 9
219 913
915 391
55 869
304 710
831 310
616 378
242 198
477 335
964 305
785 183
323 43
203 430
382 374
265 169
398 87
628 556
751 306
898 130
285 562
844 398
49 232
967 600
113 494
429 15
875 379
295 629
386 68
84 279
740 115
995 137
137 896
429 109
683 321
655 506
230 613
67 523
990 294
792 33
404 651
475 272
980 694
749 894
222 364
654 804
192 726
856 640
750 18
79 483
833 314
27 765
237 14
412 337
544 885
912 953
529 612
140 726
933 360
545 101
808 840
798 643
761 929
602 419
854 577
783 534
88 718
663 878
70 787
882 64
125 276
890 977
298 885
96 27
924 58
340 138
54 330
697 196
820 981
799 140
49 445
674 186
377 909
389 931
735 802
215 451
626 823
255 25
551 726
161 987
478 635
94 648
789 810
339 712
243 333
11 495
378 774
734 928
427 708
558 403
245 376
327 333
97 361
686 667
578 422
174 106
780 451
706 224
948 531
125 56
958 438
41 72
595 231
878 344
262 810
265 319
244 389
268 5
693 979
99 636
131 562
55 319
469 938
996 747
235 214
689 356
229 152
842 137
419 628
873 636
816 917
377 762
459 937
398 693
786 769
915 980
604 566
506 942
228 942
866 794
916 644
779 534
934 818
704 655
227 874
760 55
364 50
13 862
230 741
393 250
654 801
722 256
805 213
975 295
788 204
186 1
427 12
358 960
85 652
373 789
329 730
544 280
419 243
171 780
795 197
180 451
138 31
45 285
616 154
429 342
446 416
684 983
716 208
881 734
270 881
485 494
997 310
473 385
269 581
458 121
537 839
504 343
999 197
985 343
91 317
175 789
840 976
285 656
158 348
296 279
146 504
612 974
322 518
204 444
241 929
188 399
612 161
136 217
6 431
420 14
435 451
435 382
341 301
521 334
596 156
190 830
620 36
950 670
134 970
59 5
650 207
8 762
982 281
881 967
799 641
135 15
529 462
682 95
857 279
396 921
369 652
803 343
280 52
587 40
191 614
749 761
815 580
806 26
887 335
635 682
39 494
11 803
812 164
443 517
148 65
451 12
915 811
530 702
266 1
573 104
33 296
719 384
693 917
977 733
20 408
886 321
508 282
834 992
227 879
152 665
243 620
127 405
260 727
92 385
615 880
109 442
961 679
883 591
864 502
603 868
769 443
919 470
620 307
693 937
888 884
863 609
76 670
84 612
686 711
99 978
724 550
905 930
556 740
847 50
797 730
912 473
121 550
751 84
272 839
909 167
572 94
500 125
929 69
300 390
209 96
749 817
516 754
453 750
515 553
739 2
243 733
370 994
74 329
86 828
578 659
925 576
695 164
79 590
14 60
863 61
378 979
318 130
207 677
203 794
668 678
394 73
718 763
6 720
563 26
428 110
796 78
370 934
209 29
682 333
172 94
747 425
348 291
890 258
176 733
720 54
669 641
158 946
678 570
921 12
870 760
692 213
281 51
741 799
10 533
730 426
5 718
601 230
64 475
257 436
11 273
784 339
671 42
656 541
646 394
532 314
273 190
625 40
361 7
690 421
594 105
804 393
586 968
336 98
663 5
476 230
453 886
6 297
836 657
978 687
860 600
877 795
66 999
154 187
603 333
625 133
618 902
991 580
797 380
623 481
661 336
60 41
10 945
910 291
880 397
885 872
985 389
536 195
394 474
472 463
83 812
649 515
249 245
780 37
97 242
404 579
728 117
23 828
826 244
901 770
97 45
795 729
99 535
430 998
500 387
257 274
248 326
843 361
445 45
253 434
890 773
473 711
231 378
971 942
421 65
885 956
749 323
280 935
76 713
423 39
682 476
324 212
594 76
221 542
578 25
688 424
675 440
661 806
159 631
430 981
408 532
61 547
224 813
753 292
412 968
137 496
564 436
275 596
827 10
836 403
436 628
82 16
566 410
801 461
344 194
836 776
364 642
293 219
289 735
472 815
278 979
848 191
417 35
288 10
774 477
438 749
468 270
585 86
347 881
584 473
957 306
217 993
600 665
413 200
595 982
186 573
294 818
211 245
616 272
731 2
840 238
135 872
619 802
740 716
611 947
612 604
448 869
522 134
616 458
712 231
222 173
673 853
661 338
332 322
278 514
373 94
782 384
434 481
568 384
601 281
634 245
275 495
287 170
872 216
129 891
865 706
409 228
728 987
113 220
805 584
109 148
124 647
493 138
21 239
408 921
644 931
278 435
217 635
10 215
419 916
761 914
633 740
752 576
139 106
255 300
770 45
50 77
128 875
464 179
701 956
840 316
557 522
561 374
91 275
46 513
398 249
616 433
484 413
516 312
420 976
483 948
406 977
87 738
162 733
618 250
253 189
495 494
702 562
425 710
126 128
209 976
956 562
405 796
963 353
943 689
572 676
328 13
696 94
295 975
816 851
53 468
647 665
129 225
763 982
275 608
391 26
20 668
738 78
592 631
216 865
513 943
785 405
1000 567
41 774
457 554
489 693
751 244
825 371
167 939
876 32
781 683
984 854
22 537
691 735
82 237
487 596
120 858
421 993
579 24
523 349
497 568
864 213
793 858
319 395
866 605
172 910
434 516
196 800
171 391
731 195
191 996
475 120
540 443
763 72
419 960
677 326
381 160
158 574
200 235
851 71
627 266
536 286
943 192
263 327
379 684
174 300
555 227
813 22
965 130
489 425
721 274
610 242
368 215
85 60
119 848
996 196
621 56
462 500
866 881
469 551
505 843
982 776
446 804
481 383
547 852
925 865
786 591
513 298
641 869
810 271
969 914
960 293
798 824
70 832
634 509
509 502
97 470
190 893
146 285
56 927
254 69
521 628
53 391
279 676
508 805
323 672
152 107
616 160
13 282
28 283
950 841
629 574
283 666
405 390
230 295
672 374
798 327
333 764
878 329
119 805
391 70
528 928
515 20
380 827
876 820
145 741
551 201
286 438
685 866
198 385
495 851
768 323
59 1
723 388
416 148
310 753
312 313
89 328
811 378
349 257
356 192
841 769
77 499
392 119
788 267
323 850
76 192
162 928
532 92
544 84
521 844
106 965
35 344
708 915
106 416
341 879
470 380
984 63
94 341
423 487
598 528
338 890
847 982
206 720
797 732
925 793
294 846
980 497
649 644
576 557
924 612
590 252
963 607
301 439
796 979
223 438
822 839
351 369
16 992
101 565
10 709
551 353
696 236
610 995
608 632
773 73
426 106
448 812
583 331
233 325
485 203
881 922
670 63
413 47
873 643
301 931
126 413
14 527
854 254
639 882
892 991
764 15
288 374
667 381
308 506
824 798
920 53
353 532
354 168
923 819
717 229
796 908
671 228
558 740
161 864
926 120
59 718
305 802
290 73
453 784
335 821
876 316
743 370
136 232
162 263
634 988
140 611
284 302
394 965
947 144
930 338
252 371
721 355
128 100
853 508
968 945
952 875
802 277
881 385
59 360
480 473
554 505
44 712
856 476
994 955
628 326
665 342
671 753
947 472
204 655
216 652
552 684
881 745
194 108
329 528
369 496
103 13
940 554
597 662
235 338
200 856
851 117
357 933
508 551
568 820
713 393
488 513
355 36
953 732
688 479
714 252
349 62
614 710
228 17
516 357
928 932
76 78
453 745
650 780
419 690
325 706
281 530
553 616
220 266
718 836
655 319
720 49
543 863
915 241
991 733
690 53
104 110
524 186
841 770
966 273
390 288
387 161
199 824
274 991
285 871
954 269
197 190
827 850
3 300
6 791
679 586
841 275
851 299
924 108
305 663
704 537
988 958
170 243
506 748
63 76
113 984
824 856
525 120
127 458
904 919
483 318
337 107
64 969
30 557
705 24
732 160
390 106
371 892
498 249
781 800
501 843
455 424
247 177
799 566
830 386
669 628
305 53
489 190
752 748
380 626
77 504
574 386
648 684
472 626
969 427
46 500
189 356
80 240
549 183
111 292
438 373
278 381
256 648
658 894
788 245
13 43
257 206
645 537
709 972
232 565
243 714
266 580
545 620
742 678
372 257
349 827
699 100
229 680
491 318
45 919
356 187
536 459
889 151
137 674
988 206
576 323
9 524
679 918
315 153
312 136
33 842
868 858
797 418
95 933
73 876
457 899
261 198
191 623
259 842
829 234
798 676
432 503
359 679
276 423
895 492
602 386
69 981
962 104
149 80
829 654
814 799
168 226
398 993
214 948
784 991
270 49
256 434
429 459
76 346
957 69
966 728
916 119
83 131
617 254
491 715
578 716
178 992
153 852
652 668
781 329
714 179
708 348
989 754
885 774
457 223
984 640
206 540
629 19
42 596
913 360
919 950
163 975
13 750
986 784
179 938
673 227
690 417
280 688
963 74
507 135
511 704
344 289
384 506
905 773
4 368
292 850
629 50
823 523
477 331
353 959
646 335
568 214
605 919
521 446
473 602
517 566
623 872
274 681
374 186
834 157
551 180
950 268
666 983
423 157
742 402
13 513
331 150
1 528
100 207
221 334
7 296
73 146
851 596
802 690
545 101
543 849
912 999
477 815
742 475
756 1
355 256
894 105
890 173
278 442
960 446
471 637
51 712
201 465
54 940
834 593
281 904
702 460
65 201
734 702
993 340
197 331
237 345
194 834
186 875
450 903
79 48
81 238
975 724
255 894
340 936
694 623
131 171
478 743
14 96
414 698
269 497
235 311
797 279
312 22
330 986
710 323
147 427
805 264
919 59
522 137
219 977
141 105
40 565
496 385
716 679
46 561
798 480
303 335
650 559
690 663
987 980
517 452
839 853
910 662
590 346
488 935
605 896
130 970
919 671
567 475
407 51
390 978
790 980
309 74
508 439
290 316
924 154
630 110
341 131
889 407
939 118
430 884
354 942
88 159
557 852
241 991
91 666
999 332
869 569
15 480
20 553
440 678
549 77
36 389
316 292
571 834
354 380
886 804
111 346
997 285
982 51
777 235
410 798
232 46
799 440
846 22
711 453
935 337
98 964
198 97
714 687
916 698
396 683
479 261
340 57
816 26
391 977
231 533
756 911
84 1000
954 449
780 564
219 915
704 244
430 566
988 80
545 846
31 71
700 184
430 511
88 151
873 731
799 890
570 787
412 852
206 400
101 606
881 383
771 434
434 80
812 302
580 860
481 834
909 284
474 620
619 163
493 480
650 863
700 551
764 591
367 25
279 587
760 210
590 139
292 376
299 920
328 575
186 524
539 171
641 349
95 94
225 424
497 291
756 458
847 241
86 288
391 753
514 762
804 307
267 800
602 664
784 333
837 748
831 626
89 574
272 423
156 431
914 975
341 783
64 227
211 5
703 25
951 286
671 939
791 803
755 375
254 960
865 346
930 999
139 761
98 185
809 113
395 425
850 728
933 530
408 581
652 974
692 304
184 996
161 638
690 146
632 2
548 6
605 285
218 735
650 677
345 117
345 249
993 253
123 351
505 75
288 818
979 190
744 124
579 768
840 879
724 559
956 165
129 463
616 155
110 999
492 612
406 127
409 126
657 736
409 577
253 739
20 772
757 647
850 647
855 931
928 267
498 997
66 622
688 589
259 347
715 252
372 337
489 444
484 251
594 430
452 871
614 941
853 772
184 862
677 645
94 265
354 863
965 637
860 368
763 437
90 85
386 598
217 172
540 702
391 30
667 342
555 375
633 733
764 133
479 132
191 937
559 907
75 503
842 902
351 75
365 186
765 566
713 777
28 20
624 944
992 92
436 776
80 86
901 496
510 80
390 685
62 756
385 992
69 809
341 255
409 429
290 653
541 585
260 168
690 547
270 801
613 317
192 955
349 623
816 75
82 231
680 831
941 785
629 672
923 313
371 446
578 106
161 4
926 764
359 734
363 9
342 320
219 9
544 100
598 48
578 477
971 205
855 968
32 671
537 140
247 40
729 577
760 729
359 667
949 71
374 478
937 948
3 938
587 115
66 580
923 36
4 524
109 547
257 526
256 464
96 781
14 619
572 309
217 412
863 278
189 466
880 669
561 230
522 977
715 586
617 756
94 92
233 504
224 822
309 153
964 839
433 35
190 91
381 733
997 699
923 780
761 394
418 980
331 625
506 508
186 679
941 912
829 111
950 564
81 287
735 598
725 715
793 538
310 356
560 837
725 903
389 42
912 702
123 877
254 440
209 905
965 79
99 272
149 813
320 27
479 888
289 29
751 704
839 975
602 91
375 185
835 515
394 251
258 631
301 128
143 485
261 811
753 213
565 360
991 193
504 716
889 790
479 246
456 828
672 671
706 769
182 248
851 312
826 309
135 420
197 983
220 688
407 418
47 186
522 988
115 603
732 56
95 69
569 767
697 798
168 926
780 388
841 454
795 812
50 273
128 345
272 7
99 787
255 386
471 674
214 898
739 498
430 694
366 688
284 291
321 583
322 758
511 484
151 383
714 398
929 111
49 163
100 949
905 153
756 346
991 571
474 542
874 179
767 526
172 763
640 130
864 730
716 52
283 521
88 215
600 712
824 781
401 770
395 613
942 447
822 318
553 721
927 407
402 695
365 216
773 103
593 165
414 698
225 961
924 611
826 661
400 631
756 577
403 786
880 9
494 788
391 587
54 131
111 693
196 862
549 63
268 2
775 602
584 798
800 754
963 302
937 664
138 359
107 336
944 772
625 846
371 245
129 432
669 220
603 205
165 332
992 228
406 599
44 742
227 472
383 477
158 444
136 824
729 91
101 907
543 461
666 729
626 563
6 221
292 941
104 322
2 437
842 639
966 997
727 530
994 823
147 591
195 695
185 424
152 994
90 376
13 878
582 435
243 217
566 537
126 562
110 669
595 518
59 950
456 96
996 881
180 2
196 962
958 617
535 756
733 267
433 250
498 721
624 711
341 804
79 197
189 515
713 710
487 256
782 623
726 277
313 53
759 789
739 838
31 23
845 105
361 750
168 781
879 729
804 724
915 374
638 157
491 777
243 160
10 7
966 576
584 289
181 905
483 855
50 142
488 727
480 310
825 627
537 112
655 890
216 583
952 211
980 575
424 104
946 306
509 493
845 440
693 402
354 914
297 609
738 68
899 825
412 492
382 393
712 440
262 9
277 56
946 775
760 449
494 48
643 336
673 317
275 43
70 662
888 4
572 72
220 688
325 916
82 329
864 315
821 129
848 614
182 406
532 707
138 924
707 562
70 824
92 194
150 518
764 762
688 942
225 771
871 571
1000 761
204 399
697 795
109 522
556 374
537 600
470 171
57 756
439 390
580 684
417 21
850 213
461 315
260 727
125 128
138 438
299 493
386 345
794 162
609 115
438 238
880 504
806 817
652 764
39 471
170 905
578 777
338 354
90 916
139 689
994 263
256 352
955 724
629 156
876 513
739 824
846 763
282 771
458 586
131 927
931 800
535 359
912 924
278 512
874 986
887 183
713 811
28 409
744 779
747 445
271 717
319 758
643 19
9 31
706 788
751 296
970 129
288 293
135 13
724 676
108 100
208 687
391 130
329 694
180 750
79 356
926 969
186 356
911 441
486 933
391 329
597 306
729 413
981 671
545 782
493 378
584 490
735 959
324 258
180 329
743 174
741 948
550 455
808 899
312 686
88 789
872 644
831 916
878 793
672 633
220 52
211 20
792 27
970 655
937 831
304 668
477 883
107 561
830 802
448 772
760 24
447 698
362 432
90 338
55 491
45 545
391 565
563 934
184 456
261 821
318 515
114 390
328 429
500 514
665 157
255 63
917 729
719 395
610 163
961 500
299 660
253 749
681 958
894 55
267 471
758 10
849 535
773 510
992 585
702 496
403 317
577 163
514 8
42 825
746 816
730 880
123 116
53 108
719 187
157 56
167 698
624 882
362 973
314 355
955 735
222 257
322 162
612 780
917 465
614 580
849 694
831 566
424 412
249 352
759 909
624 261
866 647
190 97
767 83
49 463
201 541
203 653
309 623
334 661
274 907
595 880
232 971
533 194
435 732
52 385
28 592
500 752
920 86
986 738
40 838
207 388
800 260
241 327
88 386
524 502
245 802
735 867
568 603
618 316
609 736
67 74
973 43
662 535
664 998
389 472
358 991
214 653
206 353
806 318
222 622
803 256
521 51
798 801
700 284
647 801
831 868
178 876
317 482
730 554
101 526
4 914
420 105
644 242
245 672
422 756
818 154
278 144
639 749
349 113
536 36
174 144
412 803
255 663
470 175
511 557
208 836
688 332
735 531
382 913
724 892
694 646
835 810
343 543
216 130
51 940
689 77
667 289
718 933
608 654
708 250
163 709
916 98
318 290
797 303
112 562
745 948
809 541
740 631
714 220
262 941
999 164
944 747
167 526
711 30
931 648
372 106
683 27
95 16
121 982
76 192
96 966
836 592
342 166
734 425
417 227
172 98
543 35
766 373
167 661
962 812
717 242
40 225
843 493
724 1
25 697
766 564
233 704
430 685
746 171
666 735
253 418
128 123
20 15
82 130
597 572
203 634
561 452
51 638
245 215
127 901
257 464
558 672
866 369
704 579
267 676
708 178
645 607
219 3
223 463
701 464
319 405
67 865
28 508
650 538
294 778
699 560
64 833
96 345
272 777
538 1000
638 605
853 270
391 823
446 979
721 693
22 134
412 650
883 329
280 729
506 450
84 721
623 829
955 344
546 216
378 611
698 133
759 336
87 273
574 433
173 564
263 557
499 754
936 547
600 756
846 377
445 527
171 109
926 422
25 863
175 775
996 825
843 676
418 792
380 416
292 588
563 658
969 398
846 251
194 692
433 263
16 852
355 392
650 19
390 661
835 878
13 427
419 462
178 927
462 312
266 408
796 518
122 955
418 638
334 755
485 688
461 528
751 825
882 676
685 847
311 662
335 880
137 604
996 677
859 665
813 403
854 911
765 307
327 262
663 515
426 233
897 745
67 530
826 879
425 695
995 525
911 685
920 527
951 739
473 891
904 78
343 70
178 940
312 971
394 603
304 445
211 925
935 573
495 352
127 408
288 380
218 937
198 386
211 510
23 500
63 201
24 987
432 466
112 179
511 509
936 487
38 700
305 191
782 386
232 911
880 962
552 294
363 504
247 843
904 177
561 828
492 306
622 978
405 717
288 61
138 736
66 178
868 806
492 47
563 567
646 676
586 825
88 516
78 141
849 91
209 734
187 913
754 241
247 533
249 409
388 747
613 575
647 484
849 351
368 291
686 611
507 403
271 51
188 366
534 292
388 109
881 450
753 18
383 370
444 328
430 966
169 812
446 501
684 977
325 803
408 832
546 467
257 719
160 6
803 712
390 620
442 314
163 872
157 65
554 71
119 613
714 324
548 454
924 326
82 314
358 762
63 682
34 236
389 528
455 74
370 615
20 979
254 176
888 288
859 52
731 792
283 803
213 230
743 273
166 778
2 931
71 679
392 795
367 439
932 145
498 146
782 576
868 302
587 243
534 239
974 218
988 742
807 141
372 738
489 278
258 439
158 875
933 804
363 175
497 384
261 105
296 924
830 628
202 513
484 472
527 214
925 32
326 143
123 809
841 415
441 490
67 344
232 902
754 52
72 374
134 931
532 850
535 592
261 704
969 564
314 845
68 26
633 137
645 101
77 345
834 571
775 855
753 114
187 829
342 508
24 549
669 916
647 822
624 28
573 431
488 729
877 288
632 641
978 657
765 313
787 878
32 53
825 791
628 299
823 520
421 822
285 45
993 248
520 88
202 45
80 513
5 276
409 390
990 79
488 90
308 13
835 733
413 228
109 324
641 190
9 364
531 735
60 197
14 195
797 661
787 279
297 186
151 654
265 38
157 733
708 920
555 14
315 304
642 915
612 275
284 972
696 590
583 589
924 553
571 795
406 542
525 27
300 100
524 790
285 109
879 796
932 887
854 519
989 301
609 478
515 78
351 712
439 295
691 449
741 805
666 447
766 724
579 968
39 784
273 610
370 607
299 710
873 561
13 927
25 965
172 516
463 612
918 179
850 581
98 496
716 460
337 163
549 947
446 426
563 125
555 355
845 387
175 789
506 360
845 375
258 406
110 856
160 252
850 475
551 861
721 5
453 109
491 647
650 663
675 631
225 476
235 275
713 583
301 40
145 588
774 520
245 885
151 276
896 311
26 786
859 236
486 132
927 696
386 336
32 459
172 801
688 380
656 561
243 731
841 491
105 689
168 406
769 813
373 64
110 225
667 616
970 980
868 447
68 73
626 610
344 139
535 393
686 941
39 950
1 787
427 736
110 226
745 271
485 47
127 486
331 700
228 746
854 6
685 701
140 657
248 672
680 665
369 904
290 542
947 257
226 115
389 45
351 792
834 744
209 214
384 962
641 936
305 363
978 686
849 935
825 446
785 669
465 173
127 739
409 794
9 371
953 621
487 717
196 854
997 554
688 119
361 330
765 6
727 465
589 297
712 245
86 150
331 266
301 826
742 233
49 778
239 926
121 991
645 356
517 818
792 464
952 114
736 406
840 503
528 97
357 95
390 208
354 430
547 292
131 127
192 644
381 791
649 1
519 381
171 397
336 199
952 241
342 790
603 797
494 104
670 444
126 868
434 889
497 357
336 814
811 323
985 938
372 310
227 802
471 400
663 534
924 251
44 395
758 313
801 103
888 175
908 535
958 242
181 699
98 44
549 438
899 27
999 560
317 558
529 152
566 752
513 167
707 876
473 135
659 110
744 555
962 235
569 212
206 61
413 498
143 107
289 389
752 276
426 653
737 701
273 164
661 120
514 824
868 303
917 982
246 708
914 596
409 691
35 797
539 804
510 79
756 304
31 674
443 183
556 318
368 151
25 163
148 53
738 28
356 405
694 768
739 151
21 251
163 853
915 950
881 874
533 957
800 659
309 214
370 632
608 102
874 350
518 774
494 984
608 430
541 606
211 665
390 542
754 201
995 390
8 324
112 368
578 214
919 993
722 155
693 749
524 148
586 65
220 508
732 567
692 610
166 842
490 229
606 753
936 342
182 900
837 369
946 228
222 438
333 229
885 520
189 730
787 868
949 413
580 774
729 549
229 973
709 979
258 266
554 444
2 191
405 408
565 457
775 833
447 238
405 866
965 54
781 171
602 297
940 719
670 974
379 518
784 655
720 156
500 883
457 504
329 157
10 877
182 40
569 620
101 49
417 662
687 12
420 83
711 602
459 239
76 500
411 729
59 363
693 132
804 124
49 622
262 707
64 724
28 135
514 94
15 99
593 87
156 287
510 354
626 459
609 70
551 36
817 826
865 979
108 594
333 589
320 833
337 628
773 122
520 74
985 385
652 217
266 905
249 231
478 544
693 434
372 177
117 62
819 14
113 356
502 463
129 179
438 710
341 749
941 881
322 162
668 687
615 202
279 211
963 793
420 775
95 819
350 93
306 345
306 137
685 204
489 965
967 756
357 149
631 368
876 643
688 244
144 948
962 59
675 468
295 171
458 794
164 455
901 859
440 623
612 50
582 255
529 903
174 653
451 931
534 869
490 854
148 594
206 254
749 48
674 820
897 93
561 11
467 53
115 605
102 499
801 789
357 171
126 510
546 406
588 465
96 675
628 775
714 24
614 478
90 478
316 280
371 800
381 182
331 105
478 833
237 645
984 362
930 58
659 716
128 309
550 325
1 406
33 631
543 141
827 108
277 582
161 995
226 108
655 714
108 354
121 598
530 572
617 612
275 885
728 853
945 319
889 48
176 786
962 126
471 905
121 478
1 418
724 803
815 580
343 656
774 456
693 795
901 13
751 743
155 224
222 386
151 983
751 37
497 734
762 667
998 183
883 599
357 606
700 719
4 178
902 619
492 503
739 181
363 621
474 173
987 193
225 647
632 496
202 691
489 960
615 410
755 597
810 59
76 632
90 674
684 344
484 276
424 790
12 248
318 800
263 569
696 6
611 763
387 637
345 989
387 50
308 647
299 222
663 585
412 509
359 417
237 41
310 112
549 209
218 48
739 550
857 36
760 141
663 43
890 603
832 840
16 611
304 956
761 259
451 818
737 283
251 605
111 665
292 578
350 157
390 92
74 933
849 619
486 512
365 152
926 874
318 745
682 680
739 152
891 79
836 240
967 780
778 520
614 698
812 166
483 816
124 197
923 615
378 25
118 834
50 603
802 31
616 840
176 635
514 393
495 95
519 809
202 259
15 813
440 629
749 636
691 376
877 741
264 636
153 620
135 498
308 758
941 989
926 989
636 638
426 968
476 247
688 859
264 657
227 497
115 284
930 232
21 670
479 205
389 729
170 77
766 928
916 780
921 370
866 71
48 348
671 756
671 202
251 543
325 667
211 228
721 168
649 681
105 963
633 118
903 715
729 924
962 47
192 975
433 377
415 630
909 341
303 647
83 446
640 973
505 937
70 328
189 19
413 110
992 766
311 164
714 983
310 375
320 483
822 400
821 44
812 803
284 264
84 987
711 478
150 651
324 268
905 969
32 553
4 358
722 662
462 424
123 498
494 998
654 568
804 578
25 423
38 63
642 244
285 346
214 472
172 968
383 240
344 557
287 677
545 949
360 254
517 496
220 807
970 157
483 561
67 533
611 659
674 948
260 558
916 436
176 446
628 161
969 322
803 300
405 319
913 686
948 197
254 760
424 421
151 803
649 293
324 357
648 4
599 932
165 728
845 784
105 818
885 820
168 636
14 768
188 108
949 690
683 376
553 541
644 928
582 885
271 270
677 21
873 715
326 939
453 650
885 798
125 678
600 919
999 99
70 694
318 713
985 343
193 856
679 421
88 172
587 886
373 206
705 51
483 426
251 709
394 600
725 696
121 487
681 214
844 507
627 188
706 280
447 171
21 249
750 109
483 509
378 3
663 458
916 150
14 39
185 135
628 475
940 361
43 548
612 69
255 534
631 798
902 822
312 240
459 723
882 733
468 98
708 55
929 127
723 829
866 31
359 592
527 585
344 333
253 281
316 174
441 200
43 815
359 509
193 523
908 868
348 628
759 211
705 317
607 529
617 154
346 713
390 293
523 838
333 305
269 462
875 421
589 158
447 591
670 377
51 409
325 993
169 618
822 48
767 801
56 473
563 362
782 278
907 728
995 739
716 121
903 286
534 166
724 732
243 564
200 792
955 793
804 520
634 210
292 683
365 322
830 532
28 249
303 222
412 539
492 661
666 136
513 691
634 186
989 233
477 271
564 93
127 55
147 375
547 113
908 611
633 911
704 153
763 63
801 643
125 669
53 670
817 575
81 688
739 242
421 388
557 782
770 702
956 541
542 157
107 917
363 420
574 124
690 735
512 94
753 598
877 431
559 690
763 166
314 808
30 570
295 712
12 805
48 997
14 856
188 364
642 686
819 15
42 39
950 862
350 801
298 649
204 310
93 156
113 96
783 16
302 850
105 537
241 649
109 66
392 48
816 227
464 982
289 928
835 626
752 560
354 595
554 113
839 576
160 29
33 572
937 601
702 979
737 333
27 558
900 813
609 535
77 296
577 79
746 385
189 465
344 278
818 274
23 389
398 10
594 488
324 985
487 388
479 863
995 897
535 805
14 390
563 239
871 219
567 939
295 744
447 895
52 329
393 280
618 505
180 94
798 681
989 277
305 537
536 214
877 532
872 647
838 925
559 184
914 706
47 698
179 906
786 731
632 928
531 499
110 224
712 653
363 236
692 334
854 58
446 224
57 471
551 958
506 212
135 661
24 604
73 523
653 936
851 102
818 579
345 972
433 845
431 994
25 672
754 129
190 90
855 247
734 268
814 977
670 565
964 384
622 743
984 628
837 578
790 946
984 681
499 284
471 847
731 82
931 487
557 214
175 97
587 120
370 86
539 707
575 915
400 478
264 560
652 864
323 477
813 290
450 672
123 493
27 856
8 371
666 371
472 13
688 555
660 923
756 720
292 461
32 59
505 736
112 446
664 771
703 867
599 16
982 887
135 485
322 789
388 161
940 840
606 684
447 34
197 13
822 466
262 307
739 65
18 843
211 224
603 569
573 440
881 837
134 736
642 208
964 339
566 384
816 320
797 654
147 213
192 631
467 132
247 483
477 873
521 758
783 51
696 509
180 714
669 767
949 762
240 706
959 900
868 800
478 873
735 593
778 114
630 528
181 227
356 265
999 690
657 505
484 582
102 837
306 288
832 752
491 172
75 954
116 878
114 21
323 938
909 960
92 147
964 902
294 380
158 248
837 282
308 368
402 516
275 341
426 355
855 121
32 547
642 741
830 541
775 805
258 235
706 139
226 766
597 560
974 774
435 591
523 113
324 109
953 313
484 270
70 199
566 847
537 58
255 939
457 157
756 329
689 699
111 354
142 666
952 537
774 37
257 402
638 703
367 760
63 126
6 841
72 894
543 247
12 435
562 623
91 561
793 858
985 688
655 306
117 973
739 215
883 203
466 130
454 974
781 691
581 355
354 807
88 191
260 461
951 679
626 401
616 716
847 278
483 436
172 433
674 909
913 898
71 994
402 416
623 957
954 793
114 686
695 524
920 108
53 961
287 676
725 722
436 327
235 279
763 257
51 427
433 156
61 871
636 892
242 867
602 149
678 40
614 231
821 504
711 728
924 655
813 186
262 224
291 615
50 807
317 966
981 848
757 635
690 545
740 875
280 310
134 498
704 332
684 626
449 812
53 312
222 202
471 546
95 815
217 19
27 455
631 524
440 248
197 411
878 396
432 355
896 187
680 617
807 60
844 2
317 99
941 594
824 732
595 171
841 280
771 391
627 144
135 614
373 446
688 605
745 736
423 462
650 131
88 800
252 508
747 161
735 746
957 271
614 192
658 403
688 328
8 825
806 541
472 49
389 801
542 423
985 545
474 441
486 271
243 80
512 315
484 160
348 183
472 977
852 161
618 738
743 964
364 624
988 545
600 443
700 933
395 161
666 21
123 989
214 308
337 967
642 165
525 996
605 179
869 625
739 942
566 61
119 130
157 346
90 287
460 28
596 77
518 115
704 727
562 873
859 487
533 836
794 454
163 800
765 629
986 781
164 983
365 262
96 102
606 75
897 222
105 709
688 68
763 474
488 719
958 336
695 568
83 111
278 417
597 818
721 861
753 242
816 943
214 980
403 25
445 201
990 129
751 281
623 903
498 754
313 720
812 936
547 596
453 213
157 270
619 290
939 332
966 134
704 539
370 948
351 996
4 922
93 574
191 765
799 553
297 102
122 807
883 181
449 575
258 710
856 567
891 375
924 447
165 470
806 730
842 747
357 934
601 381
223 597
947 319
54 721
588 727
667 305
414 592
485 684
167 727
198 691
948 899
913 765
646 259
767 965
967 226
567 236
649 981
36 6
562 19
631 508
791 212
702 43
601 860
720 458
653 882
504 406
138 427
231 851
935 835
121 649
439 586
659 896
326 955
439 253
200 286
675 986
491 734
776 784
721 109
276 506
610 328
182 513
738 116
500 433
587 336
701 668
927 820
802 363
571 115
153 853
47 410
679 836
351 437
428 166
407 598
552 616
44 502
927 762
202 191
828 296
820 784
625 884
475 918
370 189
579 541
457 545
408 699
742 882
492 590
203 797
886 217
267 185
380 695
943 950
151 47
404 254
45 353
865 393
275 680
873 842
479 867
497 113
687 77
55 45
175 944
728 483
96 473
907 605
294 442
817 997
117 318
503 700
237 534
750 104
644 763
270 426
552 575
194 745
573 785
981 742
213 534
458 401
421 849
639 655
731 377
282 992
593 793
596 398
815 189
646 640
206 636
862 265
634 415
348 403
775 531
698 104
839 288
960 910
587 369
157 37
103 658
585 668
176 947
842 440
20 286
855 896
885 631
473 697
450 720
747 903
3 102
763 325
464 816
825 564
557 726
430 230
534 30
335 621
865 9
526 416
674 828
489 343
392 15
155 213
124 843
415 396
268 830
82 113
889 336
683 619
910 157
409 28
100 11
522 721
911 818
357 800
569 563
937 80
175 832
863 389
798 477
138 999
737 386
448 534
395 148
659 231
88 963
693 353
929 162
416 103
962 774
668 939
19 892
85 5
143 223
900 572
364 987
704 499
547 686
55 391
446 92
551 114
145 133
265 708
993 267
306 1000
802 511
622 572
794 57
269 652
542 940
174 316
801 978
649 844
106 411
429 185
503 9
139 786
450 122
920 506
401 908
418 464
305 907
308 934
264 62
840 709
846 663
725 152
559 36
860 572
935 211
269 94
156 118
695 412
403 535
692 25
53 910
692 112
606 901
57 125
264 739
520 331
288 811
498 916
755 598
178 551
335 76
393 916
400 287
960 333
949 125
624 806
241 274
180 103
469 460
619 629
486 469
111 943
613 397
455 457
703 462
768 86
377 564
345 768
398 422
770 282
149 36
610 317
244 729
405 854
593 436
242 566
633 261
808 406
92 146
603 30
862 135
347 620
24 741
687 6
153 290
525 500
887 259
308 47
657 660
447 262
703 429
428 66
907 667
82 968
759 659
71 613
251 552
111 12
346 468
452 827
692 296
864 886
967 431
918 848
201 398
848 678
284 268
925 4
348 137
13 697
77 558
892 656
949 869
45 336
779 875
788 777
567 574
227 468
846 330
493 410
936 860
281 376
893 485
141 470
381 991
604 239
823 55
400 404
141 351
346 184
11 628
271 760
500 199
400 934
660 518
865 453
318 383
71 808
457 361
500 935
223 30
726 993
659 933
474 371
730 100
471 19
344 574
481 67
682 681
655 659
994 493
240 859
738 674
797 216
752 525
889 337
42 200
830 992
891 801
349 205
94 227
837 316
880 802
851 946
186 510
677 362
660 969
221 674
646 828
455 18
340 470
178 944
506 414
614 418
468 769
953 841
936 784
349 253
271 179
127 358
805 340
661 377
138 216
372 956
601 521
289 849
377 69
9 522
740 49
814 210
338 700
717 273
844 550
660 729
730 323
651 588
363 403
467 773
471 464
538 437
945 517
607 514
995 126
695 496
546 92
27 573
755 506
345 646
238 612
172 885
920 915
47 827
741 885
273 498
98 455
468 595
668 976
161 351
423 802
727 742
348 56
706 98
492 489
532 228
422 787
595 457
672 230
879 681
485 241
385 250
761 383
652 350
879 409
685 177
742 706
779 347
864 89
689 711
458 206
857 769
18 111
947 472
118 578
486 854
638 190
717 318
317 859
563 835
286 722
907 106
142 724
124 911
66 626
488 371
504 702
866 884
950 577
355 329
125 594
950 868
478 663
529 691
784 309
11 632
1 693
865 169
751 157
591 799
913 762
677 873
647 724
174 169
821 339
963 662
909 407
712 898
425 363
162 952
515 282
4 182
503 552
771 519
19 866
857 160
324 544
152 760
285 393
292 632
507 361
742 304
824 555
443 690
868 181
561 410
154 945
31 23
710 889
250 395
687 749
128 718
275 987
562 177
349 622
342 364
411 660
539 304
710 449
58 859
997 868
320 593
465 513
477 516
134 533
16 647
212 531
361 302
17 538
189 264
864 811
251 216
98 752
631 385
52 355
354 682
658 900
60 56
500 818
384 834
91 916
209 993
877 684
233 455
629 906
594 26
648 915
503 893
811 71
892 521
41 221
868 588
40 326
94 750
524 614
668 857
69 150
100 628
432 369
275 341
788 977
990 174
136 619
364 131
809 841
787 252
894 930
871 317
164 729
872 60
848 689
624 751
254 458
704 313
378 667
438 420
746 406
39 257
3 455
73 533
153 841
563 479
26 137
242 322
857 848
883 420
571 636
392 848
728 189
526 936
185 821
197 863
417 764
294 87
336 626
730 114
975 818
672 776
675 464
525 471
185 825
880 326
937 117
835 662
526 660
283 372
218 163
809 296
670 33
187 107
947 590
901 723
895 145
161 997
984 529
823 337
15 175
783 400
628 704
570 544
450 909
808 154
548 166
470 964
400 840
460 477
592 616
38 291
271 302
304 724
805 438
630 743
36 741
526 251
137 479
42 19
371 603
606 447
631 407
305 670
140 622
413 56
929 524
742 796
209 522
670 761
955 382
145 594
868 34
40 176
435 908
438 412
829 997
423 951
414 832
833 295
805 785
129 782
965 130
455 95
897 525
393 416
777 273
178 627
652 206
32 348
344 9
747 327
859 456
95 381
386 480
41 617
753 470
699 20
835 882
688 932
603 839
819 525
285 861
518 893
334 991
313 35
614 778
556 905
862 162
455 618
837 585
51 618
59 485
290 734
557 866
251 610
202 599
18 213
848 23
221 536
935 70
113 700
739 806
617 968
214 495
539 244
965 489
197 880
888 779
507 983
96 508
438 534
761 90
916 277
472 538
544 99
251 772
980 37
707 554
760 287
843 219
352 883
745 997
865 871
355 132
893 998
422 560
83 168
485 867
396 712
650 519
410 204
210 17
427 436
7 966
883 288
103 745
342 636
855 973
521 867
489 642
855 202
477 928
139 374
611 411
202 636
82 836
72 935
332 809
292 490
29 116
15 248
491 710
286 172
529 923
350 126
298 112
763 888
990 460
330 769
425 151
470 468
939 33
648 804
265 410
942 882
556 969
809 138
444 477
676 820
467 511
746 944
691 342
420 969
996 978
445 575
581 353
817 710
770 104
593 324
884 385
990 475
210 749
275 274
398 271
256 148
874 876
449 118
896 359
288 667
191 450
305 468
824 257
949 883
766 641
52 76
866 669
65 919
452 204
763 469
32 359
236 172
732 416
441 235
39 504
389 514
683 214
148 294
316 314
773 388
747 375
454 969
990 436
978 594
349 729
390 356
607 326
473 464
937 823
640 647
271 230
603 206
578 279
74 395
707 501
589 564
532 128
505 692
956 76
498 704
163 164
312 568
403 663
687 65
435 768
217 156
846 503
512 521
777 136
486 804
389 339
867 968
701 813
333 222
267 619
309 168
205 88
932 543
741 832
138 910
176 589
520 103
430 170
402 520
412 539
524 458
45 927
483 246
151 66
480 202
401 579
292 233
794 506
960 69
385 56
559 352
844 540
797 242
890 603
289 875
3 333
525 533
540 602
990 425
500 974
697 774
667 119
614 517
624 8
122 836
162 339
555 822
511 62
863 194
992 680
747 157
898 396
387 768
838 290
780 97
962 218
583 745
708 503
539 766
542 815
675 876
346 370
938 495
483 736
790 805
109 40
847 43
312 352
73 460
5 446
855 451
314 591
899 276
217 412
485 16
936 167
186 889
27 340
461 167
885 255
906 186
512 587
451 441
979 85
901 378
248 541
478 454
412 426
701 576
745 200
505 508
230 255
532 569
527 298
382 368
154 739
445 690
11 908
717 727
999 619
154 42
324 384
382 132
503 504
685 727
916 121
835 124
466 50
982 907
542 98
230 59
147 781
516 14
895 583
849 411
576 966
905 449
485 523
893 130
287 845
147 714
626 773
218 33
684 851
769 505
414 465
852 885
913 208
343 979
286 825
420 154
211 213
679 360
30 271
112 467
581 152
728 165
376 788
285 522
906 295
674 624
286 540
49 131
438 926
433 594
319 391
439 151
832 234
527 244
600 499
235 948
501 366
805 564
875 439
322 938
598 624
644 774
635 500
151 161
540 17
861 553
512 173
981 716
880 317
92 662
68 426
451 91
221 16
695 816
638 916
879 261
257 592
264 532
841 312
540 611
120 871
109 233
439 953
257 462
106 532
417 253
462 944
409 917
421 558
909 461
776 263
114 911
134 682
451 845
8 24
504 125
871 962
595 308
919 851
268 248
191 161
58 148
317 804
308 941
991 457
731 443
118 683
334 789
840 843
347 36
250 584
268 5
934 676
397 911
157 73
360 919
707 904
538 828
8 877
386 685
646 998
321 459
684 920
98 276
873 278
161 871
987 83
502 568
793 440
455 487
216 434
195 409
944 676
720 800
974 189
378 709
258 899
27 907
590 834
440 614
562 868
576 74
406 243
361 75
188 842
341 535
775 78
131 809
347 657
963 645
968 888
721 347
816 64
891 186
134 299
728 244
913 269
373 385
65 143
440 399
778 583
247 328
678 967
585 962
871 224
409 959
981 911
284 20
995 792
180 452
79 592
353 592
269 113
13 392
891 285
366 619
497 633
672 466
265 580
20 901
621 813
807 151
861 516
310 921
657 633
958 11
708 805
765 120
161 576
153 858
208 706
733 830
566 631
939 260
937 965
11 823
411 455
524 862
471 330
614 373
16 799
335 50
135 531
672 240
779 627
393 115
285 683
925 910
96 895
623 166
381 610
523 86
296 311
736 679
31 646
801 507
692 131
450 541
954 106
47 979
343 796
840 153
617 833
697 841
628 777
913 379
775 945
542 592
39 878
501 846
91 164
852 992
380 523
332 330
625 413
17 318
999 395
444 440
553 536
760 865
139 504
72 269
966 954
395 297
813 474
3 297
302 829
341 837
108 436
560 722
722 963
620 149
330 271
934 191
419 550
167 841
467 174
675 190
958 577
291 678
220 131
460 35
851 548
656 760
198 682
373 916
706 442
873 712
331 677
224 669
728 640
703 522
532 59
914 882
413 36
577 832
686 185
817 311
627 403
576 800
306 106
850 228
598 884
442 90
672 166
58 814
274 367
959 782
834 727
354 850
144 667
767 522
988 689
50 97
440 872
129 873
232 825
985 144
796 174
522 649
533 549
324 20
456 704
461 619
219 554
161 126
10 974
643 718
631 576
163 588
574 808
253 471
1000 526
470 13
959 482
775 322
482 483
593 779
849 392
928 288
315 437
853 515
384 1000
165 238
29 701
173 705
123 706
321 17
908 909
701 944
705 894
571 694
660 203
590 833
17 309
65 220
353 90
448 578
41 163
761 902
851 528
243 316
443 708
86 240
916 181
154 784
432 638
389 666
902 636
962 688
814 1
536 959
402 834
912 365
266 107
31 271
396 326
997 299
284 112
26 368
612 217
88 486
856 140
24 803
390 152
850 213
766 947
840 955
744 620
395 208
355 665
264 768
67 56
357 379
121 518
617 582
761 279
123 454
955 250
411 943
342 207
800 584
999 135
301 942
476 420
405 204
190 717
488 481
376 135
484 430
756 261
527 279
188 240
492 514
165 880
793 708
360 628
487 214
285 688
990 338
363 924
273 778
501 268
952 124
876 908
674 658
692 296
161 133
415 905
348 839
264 352
851 535
500 225
709 654
861 584
203 939
18 273
976 378
63 139
155 342
373 257
704 652
946 35
869 795
869 236
626 430
547 763
962 96
100 88
399 39
563 477
90 656
923 921
904 395
166 853
510 765
895 865
4 904
332 298
90 653
948 953
575 264
847 994
486 585
75 53
936 432
76 388
862 458
660 167
20 949
183 376
355 649
303 707
164 63
624 936
41 945
43 931
554 731
25 134
739 645
492 856
509 58
431 756
20 995
979 483
412 460
991 784
778 278
639 91
585 65
425 795
180 725
839 904
344 310
411 303
264 58
860 697
514 382
327 248
900 213
852 973
192 786
883 787
615 882
21 862
449 700
897 906
194 322
814 777
833 369
696 564
605 467
443 506
142 265
972 949
992 239
815 680
284 804
139 390
20 175
940 599
686 752
910 389
61 269
269 86
533 113
342 800
512 834
403 814
113 700
766 935
63 489
894 134
579 714
764 858
291 671
275 871
959 887
470 70
884 710
729 392
675 295
237 494
382 536
395 23
8 573
630 642
118 165
581 415
214 274
397 302
67 487
939 350
178 305
46 230
396 446
994 518
121 503
276 450
247 988
459 57
636 397
625 214
714 950
621 812
590 911
680 998
642 283
920 270
403 889
822 49
219 834
998 549
257 293
286 957
232 125
191 963
20 557
584 102
893 3
249 129
19 753
58 882
274 576
854 588
84 103
205 232
372 127
22 184
116 401
647 114
93 541
927 392
298 501
614 300
510 116
415 592
859 601
540 566
261 42
800 314
523 123
186 379
450 413
680 679
96 735
555 349
309 546
700 850
722 11
276 554
687 548
455 956
507 966
577 522
524 37
89 421
812 46
626 839
805 395
268 805
710 390
340 535
931 323
317 45
248 363
735 583
116 465
188 87
609 63
237 436
898 891
557 128
725 78
189 894
138 656
442 974
542 248
93 35
125 936
232 924
947 219
587 801
758 152
843 498
271 259
7 552
324 806
703 856
377 484
844 328
469 601
29 550
595 444
123 193
93 943
303 863
528 239
687 312
431 301
111 322
263 58
252 131
264 864
908 889
701 808
213 266
557 583
133 997
488 407
391 862
824 960
25 689
604 987
643 208
651 324
309 598
367 352
458 358
944 251
50 249
978 761
860 647
861 476
94 988
497 595
36 584
191 737
682 279
754 980
640 714
472 84
295 828
683 49
819 754
193 86
862 532
799 156
650 644
703 806
83 473
103 442
248 382
560 752
302 527
501 808
316 364
913 192
751 480
376 374
228 502
318 410
915 731
927 762
520 846
664 877
553 9
487 397
895 104
733 537
578 356
977 886
573 138
960 54
73 192
243 999
715 892
743 745
231 178
713 356
619 923
800 923
262 591
405 489
792 771
228 580
723 357
952 315
675 754
609 771
305 196
982 541
211 809
40 892
562 126
132 275
321 720
661 267
316 10
677 8
49 180
411 222
993 837
893 679
162 321
273 909
700 764
959 398
167 360
677 540
762 467
594 521
355 59
17 340
77 365
119 299
275 338
680 457
396 823
748 413
918 553
348 251
979 677
688 765
804 745
101 371
411 613
271 853
122 392
736 586
125 1
789 349
668 473
937 870
709 876
320 962
366 278
862 437
661 495
664 199
450 536
672 508
697 60
854 277
770 689
601 894
464 347
634 555
56 572
119 626
703 968
257 662
413 46
769 739
775 323
503 863
720 132
374 160
237 972
944 904
829 309
952 35
329 2
18 419
941 221
701 375
418 219
623 935
793 717
397 657
997 688
603 490
216 621
345 579
416 638
795 612
225 471
163 132
323 686
91 198
535 543
361 646
923 710
820 823
563 535
691 345
577 875
662 185
578 582
446 465
651 177
573 393
226 13
998 898
930 165
117 210
212 836
701 259
376 809
726 48
558 651
519 447
97 151
34 863
710 871
286 300
918 190
189 722
742 582
277 320
183 846
58 503
433 649
885 978
800 277
640 137
323 923
413 82
82 988
369 232
604 589
121 984
150 899
55 717
957 669
489 663
5 713
438 839
918 161
242 62
337 476
458 195
587 21
168 48
724 80
594 992
374 677
424 687
67 708
151 102
663 171
348 819
657 160
514 471
889 243
494 793
875 581
146 30
762 359
684 941
604 92
372 382
5 448
982 871
987 694
851 583
448 494
999 581
33 576
908 666
853 406
63 215
170 435
635 863
803 232
485 602
468 454
287 868
679 281
800 17
462 19
623 806
479 382
218 646
750 683
33 858
228 738
942 304
450 946
66 199
301 194
846 928
445 104
320 665
137 454
469 660
948 202
368 451
265 266
618 549
271 830
937 324
439 687
723 608
914 25
372 338
518 483
652 605
880 384
795 219
572 77
828 733
140 709
76 720
511 183
96 706
765 271
197 758
936 371
366 675
844 87
534 814
425 15
15 843
765 7
104 933
144 643
153 524
796 916
343 837
490 275
942 115
207 427
222 139
551 687
832 319
421 877
49 522
479 491
313 906
894 530
906 19
509 252
113 339
195 883
418 79
844 256
856 630
744 749
96 708
386 793
962 530
11 486
343 415
900 525
538 378
89 376
37 174
584 452
935 163
302 439
113 203
876 783
889 974
400 333
979 601
571 163
495 483
676 275
559 191
554 852
27 922
611 821
983 526
7 134
855 585
732 619
522 722
56 665
305 697
441 539
342 602
980 585
105 454
724 866
477 519
813 234
376 365
58 964
33 2
731 169
482 458
319 516
810 841
574 58
1 901
201 107
281 999
46 640
137 696
838 212
23 49
251 943
788 269
722 870
498 432
443 941
156 494
106 218
9 819
24 717
786 211
909 186
678 507
101 645
680 786
365 529
270 795
686 710
67 821
48 953
746 809
74 155
377 924
90 416
673 805
714 704
429 379
481 292
948 790
574 680
840 419
972 105
43 634
520 361
197 116
973 711
350 432
122 611
315 235
524 875
850 787
974 559
267 745
35 902
930 559
478 503
734 119
128 122
431 111
601 112
513 877
581 629
851 989
804 480
52 124
125 233
186 28
197 700
766 133
690 959
800 790
976 926
828 816
927 915
340 61
508 867
754 25
233 526
780 74
471 543
570 934
710 601
334 23
853 173
73 932
884 718
55 734
984 880
573 220
46 849
22 437
727 589
976 430
354 464
722 812
273 976
959 844
946 378
524 628
375 202
189 448
190 87
278 913
391 276
195 520
200 925
654 84
610 999
233 886
817 89
688 445
531 314
922 779
229 50
823 359
94 33
504 288
176 231
67 3
253 856
504 900
726 654
120 234
282 714
536 520
766 261
658 710
863 581
134 993
267 920
695 240
59 893
384 715
189 555
760 842
421 717
38 348
857 967
25 870
460 5
143 334
167 599
981 108
303 90
652 701
610 432
85 524
502 186
587 976
470 673
443 626
162 465
170 856
788 507
75 43
627 728
436 353
631 198
543 740
908 575
167 771
947 985
26 515
678 709
571 22
153 317
91 690
254 842
543 14
389 669
421 951
555 539
582 544
899 893
203 688
970 253
446 248
621 203
466 77
159 700
488 200
941 738
196 770
854 990
552 951
262 527
753 316
640 874
285 989
605 246
766 358
631 958
698 436
988 286
925 953
11 712
831 920
235 410
357 561
462 603
969 848
166 631
936 911
559 684
149 207
753 999
464 38
724 80
951 597
331 197
27 174
213 834
313 117
25 717
942 849
284 517
873 362
864 355
765 118
564 420
673 313
590 788
246 174
58 169
222 82
844 400
205 994
502 745
453 706
614 9
561 573
361 267
549 63
408 326
806 407
574 564
427 660
806 270
862 982
575 333
577 118
93 401
27 256
877 385
40 310
775 206
658 778
934 316
652 978
732 172
346 396
945 867
248 689
698 409
321 381
426 55
293 401
956 253
550 492
958 642
776 176
446 86
585 203
528 691
936 510
589 136
8 767
553 692
887 389
133 616
226 694
187 958
657 649
251 57
527 563
664 854
990 375
404 270
657 338
195 376
677 416
221 782
806 747
12 753
106 500
428 734
374 452
832 187
177 734
156 726
498 962
128 545
999 222
906 250
568 520
455 58
536 427
954 475
801 743
367 680
344 637
397 274
489 747
366 960
548 148
150 297
819 201
589 725
725 801
620 68
745 320
667 365
371 306
922 639
621 984
799 175
324 79
149 540
121 720
293 38
625 623
127 848
811 3
516 603
504 862
371 688
738 880
993 311
802 580
105 450
435 726
818 664
64 590
217 500
981 101
127 889
368 113
881 145
493 423
754 292
965 716
336 50
586 545
649 396
214 64
731 545
330 123
64 537
999 601
355 865
374 789
777 929
389 583
189 836
717 829
754 298
183 65
775 568
402 952
950 998
720 858
891 567
223 8
57 31
94 469
856 784
936 440
587 621
814 377
114 836
719 959
275 109
249 843
750 90
362 798
621 923
608 316
329 776
655 934
356 565
929 363
350 426
17 939
533 883
561 40
88 520
743 978
959 197
556 450
20 438
374 880
583 736
416 136
450 481
559 936
392 515
231 945
759 178
982 511
592 944
872 113
493 902
179 314
743 495
174 309
910 161
692 712
643 362
289 515
998 947
955 829
817 247
692 114
188 469
546 42
401 266
456 570
494 167
917 94
699 739
185 270
393 928
804 192
444 530
713 427
565 375
794 132
56 890
340 600
979 646
80 497
637 894
678 435
384 881
842 318
227 855
581 776
847 712
321 289
56 712
712 787
748 796
983 35
136 259
478 877
219 545
58 194
479 362
145 322
825 871
119 935
911 347
795 287
674 434
827 138
225 398
99 238
102 77
103 347
143 169
448 868
546 882
185 430
918 714
536 195
962 785
291 388
280 259
795 621
373 341
16 322
693 430
515 122
131 46
184 824
368 216
583 442
442 306
623 370
429 295
105 809
839 918
741 136
724 694
365 348
587 637
951 816
458 246
406 218
400 858
611 852
76 536
952 342
367 262
774 166
279 274
279 957
108 628
27 229
493 184
493 567
421 270
522 851
692 645
465 612
819 246
116 370
938 389
395 316
616 579
590 931
894 428
956 831
287 416
688 191
836 383
352 868
656 91
740 808
497 326
927 86
565 923
532 370
356 328
325 928
364 72
933 971
899 759
587 818
162 409
510 112
939 565
95 383
483 621
144 981
490 45
944 719
118 27
138 575
556 304
382 128
780 770
765 47
968 739
454 964
209 565
630 870
825 290
642 306
77 132
212 382
84 40
882 528
548 288
975 329
914 980
445 400
810 489
519 684
145 198
87 84
760 276
882 492
944 511
646 705
52 778
404 799
701 849
8 422
379 73
872 682
394 315
166 825
774 369
757 679
860 526
720 327
919 549
734 847
833 720
894 420
818 271
992 176
386 30
312 21
361 468
384 640
409 167
650 595
945 476
844 93
62 12
789 959
368 277
177 581
802 838
875 745
539 60
116 398
349 339
907 584
513 445
667 949
802 790
496 922
322 128
904 949
965 408
447 935
615 709
736 799
931 897
428 71
33 346
856 444
672 816
406 268
107 553
503 360
216 319
243 861
950 132
339 53
863 444
185 283
342 272
876 894
431 553
362 423
891 947
586 815
500 79
956 295
286 264
703 84
703 409
153 421
443 682
328 986
428 560
798 570
126 339
51 161
99 297
37 598
894 312
75 768
721 594
135 267
510 500
146 793
429 104
855 387
699 174
916 793
436 860
498 233
638 38
977 241
594 164
223 946
403 52
697 50
460 615
933 289
620 115
837 572
141 91
358 483
453 933
606 675
226 884
230 428
447 814
418 979
583 483
799 201
372 905
946 366
777 486
955 375
803 522
191 380
997 448
922 600
770 647
133 423
804 1000
599 746
653 461
843 503
186 181
547 534
458 247
927 853
68 448
520 524
789 147
189 571
912 10
872 404
86 752
12 491
886 477
914 769
212 940
446 866
67 465
458 991
584 453
483 846
152 5
937 381
332 116
508 214
325 482
371 200
936 653
91 260
253 128
448 806
845 813
181 901
72 302
2 10
720 182
782 321
11 323
488 343
219 926
991 338
531 833
465 641
250 725
217 627
453 285
300 722
597 844
562 798
402 931
543 3
221 920
229 974
979 347
559 462
874 902
891 63
811 988
831 839
534 577
165 549
140 487
422 466
91 645
997 726
469 198
640 262
195 131
931 915
55 417
583 907
5 68
517 343
828 166
420 63
535 753
49 389
616 420
206 529
416 133
102 693
100 558
289 646
728 808
231 95
391 868
495 217
311 600
241 595
223 355
688 513
851 961
472 925
623 585
802 74
28 867
841 425
23 885
723 837
785 941
391 402
34 929
653 451
383 914
443 771
261 533
718 138
183 123
960 769
526 68
99 778
631 978
858 55
292 915
760 149
159 360
364 457
481 701
623 69
777 564
832 829
95 981
792 661
343 219
517 833
990 865
554 424
308 27
883 313
365 789
27 553
904 375
381 218
974 888
154 524
35 984
634 472
486 543
858 383
354 242
312 481
421 76
292 989
22 259
875 763
876 962
436 271
300 755
878 956
614 318
31 243
553 852
310 324
776 690
46 371
491 404
522 958
652 673
665 477
97 659
919 905
580 123
312 450
953 533
103 884
799 30
25 428
119 333
148 198
555 916
535 682
196 105
184 506
972 165
688 721
505 59
37 708
394 949
645 985
590 138
672 474
847 29
748 956
889 737
9 997
471 45
529 793
442 108
636 87
115 808
487 627
575 23
465 706
807 45
922 747
379 467
209 345
330 582
338 592
30 14
476 203
100 677
99 75
295 228
435 531
625 255
97 688
136 497
275 695
2 443
179 695
117 902
357 280
247 379
631 521
153 480
973 338
335 146
8 397
960 687
803 150
794 933
364 744
548 721
187 353
645 608
629 251
797 380
515 142
311 162
301 445
301 949
247 332
180 660
783 709
540 109
821 521
442 610
942 999
348 366
540 117
522 82
57 790
938 608
399 266
81 731
19 233
80 727
343 103
400 351
468 636
916 221
703 497
625 14
733 705
210 570
150 780
261 79
152 281
445 303
930 945
438 265
333 999
794 126
146 602
227 1
39 250
752 71
984 639
654 220
50 431
534 485
829 320
508 399
559 509
542 368
542 89
742 227
721 916
688 120
40 835
948 314
850 640
410 463
295 424
514 741
157 637
880 687
411 194
976 84
396 414
862 10
791 735
537 733
625 585
829 992
384 721
131 677
599 929
164 262
188 116
468 900
665 1
696 405
701 876
537 481
361 846
309 78
37 718
210 594
1000 671
81 664
616 744
253 74
50 874
65 177
372 840
237 241
727 462
265 508
505 393
968 649
977 308
60 336
746 261
448 382
747 875
262 896
215 453
269 363
972 337
268 289
46 818
629 69
255 112
279 177
488 721
681 237
960 22
144 456
184 676
687 266
682 218
834 238
900 202
525 604
580 244
294 637
39 991
808 15
689 756
792 23
364 483
537 618
624 636
186 711
167 363
960 283
286 97
492 721
797 449
7 249
968 123
146 179
857 938
313 538
850 897
74 864
173 666
857 278
474 956
248 610
663 815
95 966
84 829
356 371
741 689
68 821
501 558
658 897
436 16
114 454
68 410
966 659
681 903
441 454
406 874
687 757
746 887
769 550
603 58
508 482
465 770
583 460
837 739
451 318
607 225
225 526
447 415
619 225
725 447
289 376
730 767
769 885
52 49
816 373
202 552
692 35
394 866
504 314
658 86
253 780
173 784
711 576
124 987
78 444
261 355
119 345
193 799
657 737
933 426
613 505
201 224
59 191
311 140
953 771
900 273
317 48
907 182
644 38
220 615
222 324
517 661
50 833
832 893
981 810
956 665
550 225
288 648
271 610
104 390
74 784
148 382
844 851
946 732
732 322
637 779
368 483
150 585
549 793
856 423
769 262
2 329
845 64
274 42
996 472
528 737
488 798
645 863
807 550
411 474
321 153
106 368
584 472
897 328
488 610
351 914
973 537
659 600
783 413
125 51
931 23
131 383
512 825
694 503
480 589
659 242
454 645
676 750
430 820
884 907
275 992
894 233
337 211
247 185
674 376
824 962
100 787
387 984
537 496
37 187
850 710
431 885
620 28
570 655
212 656
326 963
774 875
486 379
626 288
257 358
679 777
399 510
400 540
341 400
773 373
511 2
424 638
23 763
971 350
467 179
455 101
114 511
404 806
330 64
577 174
680 543
573 348
302 51
125 898
124 287
662 742
870 520
39 324
711 641
74 295
731 498
919 244
735 778
467 417
998 403
868 862
980 691
788 332
392 926
902 828
281 996
38 287
823 425
398 80
177 549
584 672
752 771
811 446
297 140
855 791
896 423
616 480
6 634
248 36
280 670
548 718
470 802
851 458
290 389
956 71
814 933
486 506
398 187
168 440
326 1
99 373
970 833
522 857
521 33
7 277
556 18
89 101
638 404
835 729
701 603
837 567
911 341
404 392
11 936
792 54
554 825
817 417
943 956
597 898
83 450
491 92
101 257
153 118
965 461
739 808
620 920
4 478
218 612
433 404
769 834
442 30
935 856
655 107
232 878
864 600
500 154
561 670
483 651
516 645
911 224
662 647
38 31
456 45
71 932
341 472
825 652
193 645
18 614
224 81
756 965
829 730
493 101
75 636
660 645
10 260
609 952
114 869
101 1
119 957
136 418
442 315
931 531
674 514
429 67
263 457
892 711
864 274
171 114
38 60
177 984
947 936
214 221
16 804
27 117
772 76
196 416
925 859
396 314
382 786
532 977
167 816
643 763
46 530
544 974
910 885
432 547
36 435
38 974
261 466
182 561
548 968
460 600
921 629
331 136
705 166
67 979
587 266
700 499
62 65
218 685
878 907
827 982
117 400
309 321
291 312
570 759
74 759
585 94
723 351
60 580
366 462
928 893
950 506
327 53
903 730
196 363
17 567
649 614
420 681
253 648
228 809
855 406
445 71
619 366
665 80
247 259
7 304
493 963
327 921
471 175
84 218
786 807
585 811
529 912
692 438
28 340
732 997
626 961
112 702
962 306
763 474
921 769
605 549
118 21
66 618
390 445
803 985
918 205
452 849
6 930
190 363
657 123
458 473
568 349
854 444
219 871
17 248
103 795
652 845
527 462
681 593
845 140
358 228
854 674
824 628
20 304
929 824
369 291
412 956
246 665
780 95
104 824
328 458
676 116
833 428
298 356
137 168
968 769
263 576
882 702
719 811
921 249
724 187
594 548
118 67
996 897
787 6
406 855
349 348
42 763
202 512
358 326
944 85
64 797
568 1000
706 583
680 5
328 660
297 275
834 988
6 922
83 947
97 796
401 3
260 168
945 773
253 11
528 818
760 396
227 950
512 868
812 97
87 377
602 722
913 18
55 913
837 151
809 536
484 14
126 679
779 629
430 250
75 316
901 323
561 700
197 331
654 44
708 392
885 705
413 626
485 180
219 437
7 257
495 137
623 850
355 55
729 200
177 94
933 898
778 820
60 443
893 613
56 654
401 283
332 470
998 420
600 491
887 783
788 297
788 295
727 909
454 611
64 775
569 609
187 928
598 963
833 831
478 470
380 974
398 89
173 496
185 818
410 125
256 132
799 763
28 294
42 374
498 708
748 237
693 882
925 286
965 463
67 556
332 973
699 872
473 154
227 345
409 174
251 968
190 696
511 165
461 158
671 649
265 110
565 924
176 684
518 616
897 224
417 792
972 380
770 892
751 306
801 964
106 98
379 603
566 152
785 752
849 430
447 138
929 213
155 934
338 503
378 519
372 967
949 735
80 657
131 875
161 546
454 362
376 638
711 923
211 64
543 574
910 162
758 768
302 55
691 266
806 755
545 755
675 750
457 810
922 709
910 88
621 534
705 524
31 293
198 54
50 77
848 656
248 8
848 263
387 194
368 403
602 925
682 210
543 516
897 263
647 593
391 215
810 440
819 956
724 730
790 54
621 742
681 305
735 556
900 733
354 721
882 759
37 50
316 776
221 619
732 563
49 81
629 943
526 891
138 694
717 173
735 93
756 786
472 833
806 635
126 211
845 613
925 211
197 646
874 113
555 966
424 537
833 941
185 452
653 882
68 693
80 506
950 178
168 10
164 880
450 408
248 371
874 982
381 303
678 151
644 974
501 519
176 857
65 170
286 249
3 454
752 297
107 398
303 223
640 614
687 645
857 572
160 319
863 418
849 285
809 502
373 724
875 344
834 869
909 383
680 377
745 60
508 462
369 934
995 591
783 632
479 491
466 778
353 759
71 946
158 989
559 168
383 61
998 681
894 491
209 847
409 325
35 959
894 511
88 447
495 847
370 483
381 47
856 612
946 817
209 50
520 977
915 914
52 542
382 274
294 492
704 319
812 411
718 36
748 713
983 240
857 588
690 962
163 66
824 371
535 479
626 412
957 336
65 226
433 751
279 88
528 983
251 85
291 329
31 571
372 534
895 406
144 302
353 235
671 37
549 974
196 109
792 296
821 589
929 430
118 512
199 997
690 391
140 277
6 209
884 914
985 692
838 683
810 558
483 446
759 610
377 641
945 421
281 695
24 727
520 117
794 491
301 164
291 357
849 493
137 257
845 911
221 753
729 204
661 77
997 421
581 636
979 602
302 377
814 709
187 962
84 261
15 958
101 912
773 330
910 313
843 918
728 971
792 346
252 934
937 831
129 963
322 455
687 184
72 859
139 843
838 17
408 314
803 685
229 916
530 106
441 510
996 830
748 701
876 603
193 611
50 900
336 227
951 61
227 173
521 947
40 106
719 697
356 899
186 969
437 905
822 651
950 601
466 974
518 967
430 944
553 66
362 690
283 531
611 710
66 715
412 130
940 156
454 377
451 952
485 685
971 793
988 147
420 961
390 884
74 429
747 433
16 485
326 96
975 843
831 887
682 45
144 640
523 58
314 596
203 666
689 655
510 323
621 565
117 282
589 235
476 514
91 752
684 79
77 483
182 99
304 518
534 453
270 629
458 407
989 386
31 516
93 843
215 59
69 523
41 892
977 43
594 467
277 309
958 190
184 239
266 336
102 464
285 719
466 696
304 702
760 292
989 788
924 356
769 776
444 892
296 954
159 667
584 562
946 123
243 325
858 263
174 279
66 76
144 367
974 175
103 618
965 383
92 436
718 975
329 971
667 69
302 586
88 101
315 809
932 547
971 290
168 643
868 408
144 918
220 577
827 640
95 439
454 309
362 500
25 444
192 399
516 445
671 31
306 296
997 532
749 271
260 348
668 608
451 613
473 984
693 743
17 508
935 734
875 963
615 831
680 807
202 136
547 880
345 663
546 394
302 434
543 730
202 154
444 102
303 405
165 609
487 354
278 979
244 450
6 913
151 772
897 828
236 950
71 186
531 882
154 768
434 424
97 349
200 216
13 806
228 779
143 837
455 880
793 844
237 115
6 299
85 939
845 312
322 627
871 637
627 107
158 336
43 235
209 191
447 417
336 120
696 96
629 740
778 289
371 572
315 864
891 51
210 288
281 17
792 523
491 344
597 275
128 330
682 781
464 613
753 34
380 826
576 883
223 234
873 538
963 615
19 81
260 123
810 183
880 846
42 892
695 444
173 627
328 63
937 407
957 170
646 846
788 919
987 181
251 663
80 339
337 587
971 35
216 438
286 527
368 447
285 849
968 887
750 238
414 276
496 536
519 236
61 576
423 228
607 418
558 852
158 217
314 275
634 666
604 407
556 811
67 142
514 278
108 510
425 551
11 163
891 45
470 97
352 608
770 293
10 705
717 513
834 692
884 531
533 851
813 999
832 292
173 932
755 255
428 750
790 457
861 547
569 916
333 327
122 561
228 477
124 854
28 108
675 408
826 828
167 635
818 783
915 506
981 560
331 422
729 531
763 406
609 698
921 850
140 105
223 253
89 349
676 225
312 153
795 72
811 525
842 597
490 749
983 421
431 313
256 411
55 242
328 593
53 608
478 39
137 923
561 513
183 571
396 635
261 2
279 762
284 581
790 604
97 420
403 931
765 603
653 956
550 970
712 755
706 790
484 410
690 107
56 446
181 287
387 288
424 122
682 513
585 431
317 735
760 589
965 847
127 703
434 649
926 924
752 174
872 969
840 709
569 497
11 227
29 938
722 615
82 919
489 239
602 457
136 760
24 199
801 323
232 205
548 415
253 549
260 538
157 59
662 201
542 150
480 727
605 97
817 595
115 348
104 301
916 268
166 338
601 941
690 678
578 935
187 409
279 828
900 676
749 162
379 5
411 766
35 484
47 340
876 237
752 456
578 240
58 483
337 547
534 316
592 635
837 53
857 908
167 194
944 593
167 289
160 690
668 378
879 279
527 51
589 842
771 151
774 615
865 53
480 867
301 288
295 371
179 975
40 425
708 827
461 274
916 557
403 178
796 362
419 123
880 764
604 463
723 133
75 359
475 756
604 952
368 217
350 22
695 418
646 643
255 536
458 555
628 145
465 278
797 295
99 937
677 441
680 990
76 170
848 485
396 376
616 34
965 257
999 746
705 826
408 304
267 567
622 590
887 647
510 495
594 857
295 652
971 132
830 94
115 68
620 559
850 749
690 104
578 499
100 400
839 906
731 165
949 367
303 97
673 581
272 953
200 567
569 610
945 33
436 148
505 529
304 675
402 313
114 38
988 365
474 523
74 805
397 760
57 824
798 717
374 797
793 217
82 43
333 190
318 262
575 672
304 232
555 780
897 838
194 564
273 676
889 956
975 427
104 661
865 124
352 749
669 297
840 763
889 190
1000 749
84 336
142 28
339 619
382 308
777 563
600 475
728 319
56 421
618 421
931 485
276 613
538 835
270 493
568 941
946 945
986 602
22 862
743 133
728 222
396 259
786 52
425 315
545 979
264 641
70 254
474 696
250 510
462 151
457 685
187 314
741 400
55 491
421 114
731 755
91 985
4 67
256 209
539 228
980 915
227 801
690 629
200 744
318 307
272 770
255 581
360 665
399 489
164 933
936 247
248 893
367 990
152 289
519 302
979 348
545 88
427 472
607 609
826 998
170 5
409 803
809 938
434 991
672 934
510 991
453 616
69 927
610 808
916 76
745 91
136 874
860 983
307 36
921 91
701 864
896 229
980 282
87 60
827 438
701 762
763 280
836 715
124 995
917 782
5 768
76 154
502 361
190 883
468 613
947 481
538 29
377 351
780 695
202 891
146 51
951 555
360 911
178 804
477 443
831 123
343 67
777 773
558 638
413 975
139 635
638 199
899 744
129 619
381 47
322 126
889 313
851 868
631 762
428 475
933 791
104 788
298 823
160 590
993 151
867 581
804 694
922 479
941 683
179 879
420 715
576 863
128 19
682 469
232 468
493 302
462 962
441 935
343 44
433 551
67 298
266 344
738 891
522 796
691 729
275 930
826 563
835 270
634 60
849 162
867 737
369 869
261 790
763 861
251 161
792 672
175 72
872 694
179 470
655 539
7 356
398 925
40 419
175 174
847 915
905 903
593 538
246 217
221 471
372 729
902 792
708 352
450 941
753 387
473 328
728 18
615 97
484 995
896 275
313 672
657 6
631 987
580 990
279 529
418 227
174 650
914 556
207 764
753 772
337 327
203 401
676 899
692 362
202 907
240 441
418 52
865 224
169 360
965 501
53 674
765 328
908 467
212 231
984 707
581 22
787 684
364 381
227 858
442 841
126 238
867 642
335 483
88 157
212 854
662 777
725 84
718 72
498 931
129 502
542 992
759 454
813 971
629 797
975 494
985 944
17 536
752 121
200 836
771 601
699 50
251 796
38 12
986 680
999 128
27 162
432 180
651 993
404 13
32 705
893 111
436 838
709 373
50 292
716 159
577 392
676 391
919 963
514 627
246 335
281 973
313 637
616 668
3 759
183 701
974 359
37 958
653 123
1 409
773 217
464 702
22 602
302 455
206 449
779 991
166 448
465 613
264 321
561 758
816 595
115 665
845 10
561 680
723 405
816 674
803 100
564 556
707 849
922 943
430 402
660 39
780 162
428 651
567 245
270 775
707 582
203 280
137 617
205 234
920 908
76 186
807 186
691 762
912 236
964 529
577 966
680 574
196 284
922 958
194 308
786 49
873 672
791 695
77 375
445 361
816 566
359 731
280 587
126 933
748 673
342 201
798 119
599 446
308 366
116 359
86 889
412 12
677 491
513 781
890 345
666 157
695 244
362 4
139 71
695 494
447 90
324 867
403 58
747 995
279 227
404 447
847 402
125 43
146 465
14 767
447 596
143 185
108 976
410 374
350 344
942 864
998 178
844 728
354 508
438 520
502 304
537 793
888 93
687 426
473 766
923 613
295 611
595 655
564 617
740 437
666 29
280 804
82 624
848 196
442 641
906 734
38 853
796 429
611 553
963 418
989 111
196 976
4 874
392 289
381 860
219 95
222 889
747 837
400 202
624 327
739 21
551 80
881 716
565 559
909 991
644 727
990 967
202 181
456 224
200 662
429 836
457 227
63 810
749 248
788 203
610 804
330 968
412 222
652 52
351 83
296 187
109 56
392 40
27 407
765 665
574 248
249 421
819 100
31 673
91 231
250 761
265 727
764 944
872 144
933 184
789 423
582 961
463 161
145 374
146 712
590 322
905 361
270 643
799 99
914 556
952 226
510 256
852 486
377 723
896 883
364 840
202 360
385 623
719 271
289 190
743 235
428 260
502 626
18 1
701 978
979 697
537 623
642 716
702 892
966 917
616 660
426 838
446 565
253 863
116 588
956 75
174 31
100 419
189 66
452 448
978 162
981 2
12 21
404 495
690 923
133 951
826 233
73 371
626 508
895 271
459 914
70 460
437 787
809 695
282 493
600 132
692 226
150 546
258 143
854 714
801 686
810 731
435 165
9 221
302 445
69 43
351 401
913 275
795 115
423 140
772 552
300 669
508 379
771 980
758 693
156 844
636 157
737 795
699 516
58 227
639 944
817 836
3 983
629 2
383 747
35 922
788 861
552 830
303 502
634 74
770 465
160 657
591 127
159 292
841 730
262 286
893 848
229 357
982 86
577 812
731 107
823 307
52 362
443 19
647 228
245 382
587 44
364 773
772 557
6 668
624 375
247 490
262 488
267 564
311 63
630 82
216 836
461 64
140 688
658 2
464 33
208 483
199 170
107 79
907 983
819 693
442 284
396 476
874 537
71 424
303 352
684 774
407 352
12 298
933 410
991 800
513 722
640 899
148 340
291 127
433 973
817 57
527 785
402 738
789 738
716 915
276 438
642 844
83 376
964 498
113 55
470 519
474 751
238 353
477 808
656 775
467 94
802 540
27 91
905 493
36 518
651 928
929 738
296 738
722 184
778 624
378 339
867 672
457 520
586 414
840 73
474 845
280 317
431 572
326 444
566 649
672 403
455 624
41 367
90 376
358 687
480 728
104 924
235 19
534 630
365 687
971 176
450 961
279 536
643 554
621 121
930 95
13 832
470 188
287 843
784 727
795 316
222 945
86 695
687 201
355 639
134 92
210 234
58 983
750 960
506 788
450 433
144 394
989 348
264 446
573 535
438 168
804 808
724 238
482 353
365 673
602 434
151 670
59 324
395 310
270 162
625 56
47 250
897 918
97 897
764 779
833 306
534 313
841 351
134 547
395 739
578 565
938 986
318 152
292 140
33 206
465 352
503 328
577 46
849 407
965 782
802 386
748 114
385 615
178 560
359 805
86 802
269 90
97 154
79 490
566 480
806 237
520 911
115 190
75 310
38 916
651 307
800 429
172 575
458 369
266 487
794 355
730 908
28 307
73 294
154 54
759 763
187 581
944 330
74 248
897 331
493 359
912 996
741 238
903 268
68 715
470 504
337 158
641 416
483 235
841 772
599 878
569 753
825 281
30 685
86 553
568 983
192 84
81 993
285 783
659 463
713 617
974 137
868 140
569 669
121 227
483 866
876 688
176 350
777 997
489 566
132 836
301 670
227 53
29 740
887 444
34 19
702 284
862 448
882 596
187 473
730 248
630 954
586 53
562 804
314 297
41 848
422 311
287 873
843 278
137 662
478 106
75 816
703 641
721 917
610 788
630 947
329 954
702 329
22 617
194 834
943 893
49 877
599 515
386 853
899 552
881 562
40 399
34 288
284 613
681 929
995 349
225 666
281 223
313 216
133 926
2 592
188 511
406 291
855 37
286 609
518 736
75 52
725 648
206 739
203 7
42 686
932 97
534 383
457 303
268 37
412 953
335 922
323 620
349 182
818 789
946 932
307 769
409 749
44 252
247 908
719 97
507 120
170 744
880 16
887 904
457 738
417 232
929 402
440 199
642 340
826 74
606 642
138 483
177 314
39 868
41 189
1000 127
508 174
238 570
136 310
765 67
965 473
493 982
722 328
931 320
862 197
394 616
278 350
544 794
127 239
26 445
666 251
690 270
445 870
775 520
577 926
971 162
373 418
495 859
934 68
125 780
571 840
255 585
324 652
588 458
286 879
887 868
481 219
415 22
453 783
316 15
141 238
383 425
688 749
896 209
957 826
196 918
565 730
636 108
384 271
744 782
814 102
20 732
669 999
339 949
319 529
949 970
187 988
907 912
231 835
485 612
425 494
883 938
223 594
360 348
435 800
532 729
899 514
359 753
591 377
231 232
467 572
199 659
921 263
241 311
221 32
85 764
373 65
131 489
25 639
613 41
616 135
134 311
636 521
20 594
530 251
724 63
755 494
752 498
427 640
897 756
263 648
34 47
793 563
780 505
766 935
101 890
38 494
127 613
423 450
319 295
451 57
382 903
181 656
806 43
533 524
872 931
536 918
316 696
133 792
181 299
867 317
820 767
437 812
203 708
772 607
635 126
310 488
678 738
997 731
850 134
39 146
647 659
820 737
14 792
734 312
621 318
698 466
535 869
644 406
64 730
305 590
740 952
326 279
913 996
839 833
401 387
125 834
886 271
428 731
56 607
573 38
380 595
464 542
468 925
21 317
275 726
180 946
100 846
633 378
676 728
913 637
198 204
212 110
631 605
958 184
665 87
244 191
828 364
849 977
189 419
295 571
735 560
25 550
635 404
186 33
255 183
956 842
386 17
987 563
108 225
390 459
339 472
199 636
795 672
621 707
674 936
927 859
54 880
563 709
545 561
895 199
439 638
186 40
702 911
559 552
996 710
37 508
962 290
997 13
17 713
633 853
566 628
967 53
865 241
439 872
852 554
822 395
837 23
617 31
385 889
572 230
736 231
402 252
229 186
246 60
248 351
467 542
15 815
759 656
90 475
159 500
487 374
124 15
924 376
696 742
603 310
55 42
87 574
337 669
988 157
102 436
54 840
588 792
463 981
475 489
441 574
42 9
365 694
798 682
27 804
896 82
630 381
934 365
712 311
705 425
212 824
382 272
862 848
452 765
839 151
293 276
373 742
964 614
846 807
199 69
442 647
680 195
535 354
764 799
639 427
644 297
632 865
224 379
626 408
915 851
817 245
771 665
405 107
124 951
935 174
93 722
466 162
923 442
830 271
63 998
11 824
888 613
381 191
309 809
88 859
632 93
75 250
632 653
9 563
989 552
654 52
305 320
524 611
439 87
900 540
710 36
761 693
933 998
543 693
888 128
482 417
690 465
522 228
271 689
323 989
880 838
953 238
895 5
269 785
13 704
971 455
335 119
953 719
868 243
503 885
430 308
576 376
743 99
430 239
750 262
412 833
596 281
764 383
782 928
222 161
99 4
726 864
197 872
979 418
134 797
470 31
149 595
894 678
559 443
790 912
907 226
630 344
851 933
803 702
14 595
963 208
2 751
629 960
834 799
59 777
588 817
43 89
157 257
432 166
134 402
30 330
176 440
870 254
330 331
353 710
931 720
523 921
375 592
970 131
247 106
516 876
827 606
183 234
487 578
860 566
487 716
526 390
890 214
417 654
108 586
275 338
20 135
170 748
960 174
58 195
211 410
84 352
896 601
258 786
420 735
199 258
330 293
36 880
787 197
462 843
577 839
34 687
353 119
398 465
867 224
303 488
31 373
692 887
649 643
71 315
717 776
290 286
661 157
628 289
729 742
581 942
179 485
702 525
957 781
777 267
547 917
587 763
930 794
842 25
137 496
117 201
305 16
756 696
204 911
774 572
567 190
302 660
740 818
288 14
102 932
217 211
236 575
601 670
166 547
938 462
237 233
62 500
747 779
890 156
839 395
910 149
843 225
896 483
225 9
68 31
782 542
657 249
119 47
758 932
744 237
746 851
527 367
988 151
823 490
711 642
768 98
214 769
410 873
713 469
881 386
621 952
132 844
95 435
114 402
701 255
406 846
41 595
781 696
321 197
581 470
251 560
498 28
981 546
262 531
744 989
949 370
203 313
237 8
263 633
524 870
229 347
386 927
890 364
369 622
842 584
339 297
519 318
261 226
558 874
118 412
147 166
948 971
298 555
99 823
743 976
995 88
116 897
718 952
774 587
7 236
987 356
389 331
175 757
504 37
663 929
595 546
714 647
668 767
588 878
663 971
855 441
666 160
224 214
782 435
635 225
35 133
768 723
393 777
411 397
437 867
353 892
953 940
284 376
505 568
457 566
510 865
216 491
361 811
949 755
424 553
470 265
526 755
274 247
667 586
823 560
986 586
148 598
554 150
826 2
829 119
758 586
736 305
816 311
152 37
962 331
775 696
186 526
977 308
467 27
310 992
872 45
864 397
53 793
271 855
551 352
850 117
545 64
370 126
336 989
217 241
238 349
102 273
536 7
720 607
141 986
559 389
288 261
8 511
734 228
968 234
334 576
963 594
687 802
308 455
262 42
881 734
504 702
39 474
502 405
869 740
837 910
466 221
784 353
366 31
14 610
546 865
32 288
257 969
458 135
911 769
218 461
483 71
605 640
224 560
661 102
224 477
328 975
53 401
307 586
769 666
550 297
446 512
597 586
306 474
433 659
142 683
592 184
431 985
143 277
514 753
228 25
98 373
347 114
806 947
654 609
792 849
125 673
796 263
291 580
366 564
477 670
551 104
59 712
573 720
584 684
292 98
649 120
724 38
167 148
693 92
831 858
440 733
100 598
385 645
474 344
952 5
781 179
449 544
839 426
196 441
114 415
634 786
404 727
537 658
154 119
474 74
319 982
988 521
216 815
722 808
78 643
153 182
494 502
314 962
358 538
876 895
50 713
207 653
253 796
268 676
400 855
811 692
957 796
642 234
232 609
490 565
767 666
899 482
470 487
919 831
942 432
629 347
735 838
350 476
205 134
364 514
651 291
64 828
625 874
430 668
210 436
882 655
866 470
109 846
334 872
80 983
603 713
453 596
684 546
786 535
588 993
317 921
476 427
320 321
471 185
445 494
329 949
4 216
33 237
208 725
639 195
593 544
458 214
799 568
380 659
897 410
990 53
904 672
472 46
791 692
412 411
958 360
581 397
717 593
591 947
231 431
768 209
332 557
724 116
457 426
358 638
547 758
703 248
525 976
785 77
430 428
477 847
264 993
158 429
836 897
752 92
792 546
297 107
399 367
748 234
328 479
63 192
349 604
44 827
135 502
818 2
164 804
537 325
24 923
663 485
322 247
361 527
286 32
587 68
353 607
294 19
54 667
695 524
393 972
824 490
422 217
562 197
273 210
85 192
730 930
363 310
326 646
287 551
54 263
920 602
205 431
891 723
447 844
753 486
318 38
419 240
697 551
440 894
894 821
335 441
266 365
306 492
608 43
362 166
857 301
513 699
74 422
838 341
660 243
663 920
808 241
398 270
64 639
728 640
609 378
419 702
556 788
9 226
914 863
717 833
331 627
148 681
176 331
188 404
804 618
450 527
797 128
72 171
235 966
1000 813
383 722
537 805
23 565
832 766
608 27
671 284
929 748
285 522
681 621
409 896
211 829
558 122
958 655
360 318
65 960
224 986
923 516
716 268
589 568
510 606
836 314
661 491
129 474
114 99
771 985
201 26
1000 828
403 625
990 477
832 513
90 303
496 59
619 363
746 864
421 781
31 665
454 134
414 49
232 151
231 161
466 634
120 783
887 654
97 480
205 401
117 908
894 920
2 623
442 140
411 912
303 156
329 4
855 871
683 958
649 755
490 850
625 172
601 941
384 812
511 973
20 929
291 652
491 994
891 651
910 925
467 551
752 894
112 417
701 382
44 589
199 844
754 982
873 712
691 774
528 427
804 38
91 35
508 993
670 740
202 654
966 513
571 4
730 6
897 139
527 164
489 355
37 462
265 650
165 911
637 336
155 223
453 864
57 823
824 820
749 584
549 191
883 785
244 621
361 412
648 43
968 355
772 288
483 753
563 929
961 507
130 542
314 532
529 89
120 63
986 131
971 156
918 405
109 65
34 371
918 396
767 991
629 110
854 769
157 145
988 510
39 640
470 462
915 905
622 122
739 951
890 988
973 280
787 95
411 116
360 719
961 337
963 48
651 176
4 614
532 719
934 260
583 640
850 442
632 916
867 548
679 771
909 90
681 840
51 99
321 840
568 151
389 441
756 301
645 981
948 263
38 310
18 320
976 144
301 952
511 421
366 458
487 543
363 98
258 204
758 4
280 339
20 173
424 828
747 227
640 452
255 475
725 819
308 728
629 234
847 321
831 539
410 693
578 777
482 168
805 181
311 715
425 399
443 113
863 476
621 585
417 368
629 56
584 213
587 790
507 284
87 375
15 954
207 826
11 598
475 635
448 777
918 801
941 487
315 324
507 299
274 931
24 112
325 444
906 448
527 396
349 368
114 373
354 799
367 124
717 890
635 377
444 577
164 920
227 787
492 891
686 76
351 31
557 217
718 257
309 25
642 757
174 797
50 948
53 642
90 413
755 721
777 817
547 939
739 660
678 259
392 549
87 353
316 798
43 561
306 217
826 325
42 287
77 155
954 70
974 188
41 495
585 725
672 404
621 478
687 841
153 873
798 533
288 526
479 945
22 540
54 710
980 11
570 598
909 722
987 839
490 17
355 648
535 631
191 336
212 774
998 765
642 690
833 944
711 397
261 750
267 841
408 688
306 267
68 585
929 265
204 648
685 669
418 295
501 333
667 282
610 712
556 117
179 986
791 424
174 205
68 132
660 157
505 569
80 801
767 52
105 113
762 405
687 688
581 311
946 200
260 374
943 924
850 699
503 388
172 476
421 242
205 483
204 521
284 853
314 778
971 247
663 35
908 413
875 907
742 349
277 322
814 704
776 78
646 792
471 999
928 699
445 272
233 960
598 442
731 433
946 942
681 630
386 138
239 782
70 701
864 208
8 50
799 338
132 753
590 722
154 532
658 256
291 346
410 433
132 920
81 314
77 742
573 523
498 718
42 443
846 515
635 268
650 512
278 243
162 835
341 661
502 244
492 675
849 200
371 502
347 815
349 576
304 290
463 638
444 28
86 833
632 939
272 997
54 744
602 749
157 959
548 485
457 939
66 871
398 974
382 464
298 236
971 798
616 79
332 65
877 583
272 897
844 550
285 87
64 63
323 410
667 172
597 623
914 271
254 849
572 683
371 89
880 632
342 520
724 106
247 113
361 63
267 840
515 596
185 153
941 483
222 100
182 49
252 556
428 943
225 645
89 948
900 616
174 859
665 170
339 946
906 139
204 483
277 293
839 643
331 324
284 851
710 265
257 935
641 734
272 383
294 555
893 465
117 896
861 160
430 442
275 661
223 982
615 59
973 154
151 753
833 682
489 401
289 87
393 332
395 641
25 972
778 254
75 13
603 896
908 929
624 768
223 889
603 427
963 835
747 818
50 782
749 734
66 134
477 244
847 649
806 726
674 1
842 556
280 214
306 731
233 893
450 226
425 882
82 94
127 358
624 821
614 331
590 99
902 679
820 175
461 587
804 897
755 499
243 593
883 611
47 659
370 235
483 863
573 594
711 155
269 666
901 453
362 664
476 745
894 611
514 560
165 904
221 477
379 668
385 645
298 177
394 982
787 818
785 248
448 867
583 655
677 199
87 766
536 785
184 188
290 197
210 383
481 384
297 626
815 899
644 713
503 990
368 988
836 276
426 82
18 234
197 615
207 526
518 670
508 826
90 388
717 424
858 370
565 861
663 200
769 156
525 182
463 545
989 32
596 426
800 316
293 185
659 513
923 869
271 548
517 462
783 142
719 702
121 180
639 634
477 720
233 664
129 103
284 539
138 48
865 429
321 750
200 118
827 12
79 607
594 650
722 66
577 743
814 190
164 725
187 102
744 456
38 435
178 222
365 599
521 275
460 293
74 634
188 946
285 874
947 835
639 701
610 563
858 812
617 955
464 603
849 993
292 461
946 175
488 539
294 171
117 68
699 133
462 148
138 356
132 790
915 127
4 906
360 987
262 657
896 53
400 561
520 834
513 31
71 142
706 847
167 432
664 900
777 152
491 452
624 211
210 314
44 710
359 971
830 774
484 262
891 597
751 694
656 829
207 915
847 564
408 400
786 96
572 945
665 822
382 496
564 782
547 696
605 280
144 406
540 922
712 997
611 688
41 332
336 94
926 567
756 597
896 152
606 333
977 1
390 111
725 320
304 251
589 418
931 847
364 2
226 183
270 203
660 359
306 276
584 352
292 915
846 818
621 8
215 328
775 276
104 523
766 1000
882 590
71 112
136 471
836 612
460 812
22 206
255 412
460 142
184 48
190 680
325 733
726 487
436 537
331 622
98 260
149 554
574 426
310 422
842 373
868 316
978 116
546 173
188 390
819 71
608 650
188 946
65 598
88 992
66 276
455 764
7 787
406 190
59 964
346 577
537 22
484 685
986 409
961 699
93 503
816 495
250 992
748 96
975 916
79 479
434 543
965 17
659 389
724 264
237 927
369 993
240 341
232 872
809 618
90 865
141 431
266 595
293 756
404 977
122 137
630 606
995 739
390 72
534 72
495 559
258 917
242 501
307 462
221 840
365 917
135 590
748 94
819 958
848 229
789 787
347 782
55 544
991 197
684 457
80 977
20 313
312 639
404 946
871 193
969 448
134 547
694 804
814 662
365 701
210 754
95 811
727 464
616 140
967 192
689 526
941 511
856 172
51 348
970 751
651 906
79 791
188 371
198 896
701 687
162 886
470 914
857 294
88 76
588 608
373 395
966 185
513 63
854 530
483 402
789 759
62 518
200 485
101 686
809 623
663 971
555 1000
350 658
97 255
265 118
188 560
861 175
83 135
407 170
344 185
269 5
224 831
498 892
393 755
597 157
673 157
399 344
546 436
284 638
308 278
693 455
67 465
735 841
534 291
845 592
137 101
751 272
428 438
225 144
471 507
301 405
762 26
522 777
79 230
228 162
491 470
313 90
686 650
949 268
627 626
637 875
728 710
701 356
462 36
295 411
778 176
503 984
158 453
996 647
659 803
182 190
20 163
551 459
416 77
550 884
447 240
380 194
58 534
243 249
51 454
535 471
918 947
741 202
281 628
401 796
608 154
423 527
717 486
536 122
721 384
166 258
588 262
165 511
721 939
25 566
969 851
337 1000
506 419
976 436
946 401
932 892
210 299
343 879
847 699
572 281
693 747
802 481
903 358
158 493
14 476
656 236
437 193
690 873
880 852
664 831
762 287
809 45
156 919
213 407
966 851
464 189
729 675
8 385
282 959
579 168
926 536
14 533
473 900
562 152
743 8
274 772
2 327
143 923
311 887
295 994
972 165
283 69
724 460
797 70
633 490
726 201
878 118
773 996
394 224
927 19
196 13
582 319
861 442
10 133
857 845
834 353
437 63
129 934
872 175
708 683
684 266
164 574
265 222
510 246
403 224
154 121
708 47
381 810
122 940
108 927
867 252
227 805
309 955
597 149
355 592
87 795
373 870
127 671
172 771
137 339
742 227
495 61
183 582
904 471
723 143
611 740
423 965
275 645
393 680
16 853
197 187
73 216
519 837
288 487
525 884
134 201
925 179
801 843
446 856
764 323
291 537
320 269
146 372
771 175
871 568
474 376
313 316
768 421
369 999
163 479
111 948
733 49
66 756
47 233
941 273
715 353
760 663
669 689
617 631
797 617
433 823
18 92
546 79
633 843
873 118
713 601
860 32
794 164
19 267
142 160
356 132
484 21
914 677
476 851
755 93
31 64
34 410
411 773
324 260
710 425
942 450
982 813
123 24
387 390
158 300
323 239
96 344
188 946
671 100
172 784
481 944
599 664
532 977
830 283
41 748
602 636
417 925
296 91
278 287
300 642
770 710
670 355
531 597
528 466
995 1000
416 211
430 638
491 756
336 305
76 15
466 143
950 222
231 64
822 481
385 697
485 613
75 151
90 161
634 864
283 252
953 944
730 931
488 636
880 467
863 366
883 47
621 3
472 297
558 975
626 127
537 783
276 312
694 748
663 640
377 474
570 36
19 178
241 156
524 67
513 135
760 691
770 334
864 968
553 58
659 901
387 586
96 471
222 150
904 282
863 119
642 466
859 78
962 221
672 387
304 307
846 81
79 338
864 121
403 453
680 750
992 766
481 476
230 257
603 419
291 996
255 257
7 940
902 671
460 276
213 247
740 20
634 704
294 94
929 176
512 988
557 430
373 528
901 27
760 948
282 850
713 990
600 659
324 100
931 186
5 157
157 262
534 97
888 382
511 137
501 904
439 885
930 318
9 672
615 761
614 678
424 193
914 348
1 220
547 102
400 191
849 287
858 139
313 91
450 365
746 650
723 426
110 257
743 373
46 69
922 978
569 892
893 67
329 985
211 16
580 590
637 544
374 796
539 904
969 857
809 85
632 37
760 353
667 162
533 565
632 721
105 547
356 24
130 15
746 921
447 874
1 446
865 485
51 551
863 529
861 500
417 816
178 223
936 580
249 633
485 453
383 539
822 801
625 286
592 503
706 753
466 637
444 109
677 625
351 16
607 536
455 865
602 859
980 485
105 370
690 414
922 210
721 587
207 462
741 271
121 140
283 972
346 735
281 434
398 94
271 293
613 27
109 480
6 516
27 90
343 195
512 786
611 363
650 222
16 733
295 331
141 545
336 837
452 631
594 426
111 163
105 11
743 201
395 199
498 476
956 196
830 590
799 105
504 168
156 631
297 104
250 553
992 662
964 434
177 130
548 132
217 787
675 764
510 240
372 843
925 917
621 11
441 292
390 920
617 735
862 201
491 663
250 483
954 925
886 24
951 95
867 884
997 301
437 488
187 974
309 134
518 300
421 66
94 422
717 723
483 173
143 1000
387 478
679 264
258 979
407 796
561 761
388 681
212 470
799 776
378 882
23 979
952 134
138 118
665 963
589 749
23 882
78 285
939 471
562 850
917 491
677 856
96 524
431 662
750 390
866 194
345 649
871 776
841 676
69 365
961 476
831 639
375 100
69 404
626 521
39 668
265 392
469 617
682 493
475 799
190 949
841 920
821 116
325 723
576 645
285 564
583 641
911 604
328 122
701 714
23 773
131 713
374 470
417 174
90 885
629 157
201 353
316 322
632 98
555 176
926 35
533 376
753 36
655 901
655 387
394 99
747 118
940 849
408 789
591 533
426 984
719 398
937 870
581 327
780 23
602 384
542 465
12 330
296 239
656 120
921 142
731 986
971 218
712 950
817 848
746 740
995 984
816 415
940 533
812 471
799 131
878 809
975 307
510 672
527 579
680 409
206 597
638 671
151 137
683 21
444 480
880 968
115 412
885 578
595 261
979 420
799 348
431 444
539 931
149 105
120 179
454 829
791 881
822 770
651 124
268 402
619 628
83 380
992 465
861 784
36 910
635 409
385 484
385 406
991 315
703 112
231 634
553 236
14 329
96 943
293 712
891 277
109 812
753 799
179 194
468 177
800 820
606 193
740 659
983 716
961 598
857 226
280 217
939 847
512 85
865 495
848 191
994 762
779 725
911 870
213 426
981 501
811 424
772 278
455 198
759 585
641 67
725 242
79 387
551 317
404 477
626 65
700 578
646 899
604 281
795 318
701 46
809 440
146 152
821 634
850 129
555 746
85 414
774 125
721 164
165 623
682 440
457 369
992 463
863 733
435 277
824 304
58 516
720 980
570 432
289 804
584 785
989 362
435 652
495 22
869 966
7 728
227 669
822 226
67 510
106 78
285 967
712 350
507 742
342 347
57 725
301 393
499 134
884 560
662 516
354 347
892 348
667 428
759 387
340 681
2 296
254 835
676 155
751 744
389 143
479 465
497 39
680 978
632 8
286 510
770 732
387 710
856 883
399 580
275 206
665 413
59 259
695 49
375 393
727 548
691 713
209 429
376 588
655 81
147 38
315 154
948 817
183 445
905 696
835 935
638 135
394 421
259 985
714 224
593 376
535 615
572 77
198 803
59 253
759 216
171 501
446 743
270 389
651 653
589 163
19 930
32 474
288 524
999 414
350 949
877 311
534 323
630 381
376 994
535 411
325 322
64 229
340 107
415 368
585 843
60 541
901 643
938 896
251 407
728 229
548 658
489 4
977 902
997 82
111 450
913 663
517 812
780 936
7 189
225 218
971 55
945 651
158 112
548 760
833 295
748 653
523 306
628 528
199 843
441 118
503 779
367 840
556 585
579 183
132 849
263 254
636 912
322 96
34 453
183 595
596 323
555 368
103 909
806 24
142 909
914 772
383 857
276 54
708 160
173 433
317 71
531 614
898 878
579 84
311 177
869 380
437 794
549 34
203 151
8 399
802 203
813 840
546 518
190 868
704 152
378 922
386 152
845 192
347 545
409 159
898 51
148 724
661 986
311 524
13 646
831 767
75 967
934 172
561 523
869 399
680 564
702 105
966 912
711 519
904 953
802 268
381 429
873 811
808 559
561 123
875 542
403 498
668 330
347 156
228 889
665 767
681 55
77 7
382 207
732 193
390 979
929 962
603 655
461 118
870 203
304 324
944 852
412 990
508 77
146 830
451 519
831 971
555 593
957 828
884 835
595 811
757 100
396 888
888 586
392 809
349 299
299 784
613 824
25 696
56 93
306 533
193 523
371 662
966 686
550 523
590 65
986 123
538 506
969 556
980 794
276 91
793 317
82 865
660 188
625 573
894 410
837 370
896 342
406 310
864 896
217 127
880 590
2 108
714 521
315 372
251 748
2 87
232 961
178 32
11 549
989 97
253 264
4 346
351 309
295 505
1 614
638 879
124 430
481 268
292 799
362 190
472 807
658 13
544 141
572 284
335 901
857 694
110 109
57 751
653 84
98 257
74 264
797 297
919 823
808 84
772 294
174 984
109 687
839 667
60 653
740 105
358 348
727 165
903 569
707 255
77 622
904 568
980 240
324 856
717 366
155 979
590 703
750 466
346 727
805 553
208 998
840 700
668 522
140 749
403 349
78 145
201 955
937 71
684 575
202 573
752 342
792 153
964 4
814 649
954 321
339 125
185 465
333 837
823 186
835 126
713 816
147 433
524 727
701 96
34 204
413 738
376 482
595 32
936 285
885 93
946 713
470 826
47 34
194 737
978 542
697 473
898 781
925 619
698 869
859 930
223 56
980 868
860 496
307 732
925 203
868 408
77 832
798 78
24 66
339 380
697 889
407 945
762 274
665 577
440 717
897 979
417 92
324 456
2 91
714 650
410 758
767 310
630 871
83 333
425 931
562 992
867 622
82 201
323 957
754 316
129 838
971 869
782 730
178 473
786 469
264 657
382 873
770 607
600 229
77 534
898 564
276 537
613 792
906 702
785 955
367 69
830 878
477 744
36 380
461 290
251 249
310 387
688 360
516 500
775 93
827 309
688 881
30 599
257 578
570 843
460 171
876 221
786 524
518 64
859 812
204 749
503 854
389 66
667 412
104 485
918 730
585 297
86 714
489 653
394 45
160 525
113 607
284 268
469 568
924 348
51 701
921 348
372 587
674 561
909 234
919 92
681 844
808 150
273 795
263 807
477 612
49 336
674 777
195 614
914 805
4 358
141 506
251 515
264 540
208 132
827 188
607 286
6 73
257 400
644 304
64 578
125 31
383 732
304 939
663 502
398 505
802 429
318 52
979 982
688 300
161 874
9 317
906 700
334 501
173 112
166 586
17 220
797 71
596 241
530 178
822 187
318 898
52 665
821 262
214 4
48 728
169 99
59 539
166 906
845 925
599 498
820 85
308 470
422 165
445 991
776 440
399 939
91 857
333 701
539 356
250 890
33 462
983 403
158 247
252 237
477 292
785 359
163 461
157 350
368 274
688 739
83 560
753 431
781 961
375 577
843 704
855 289
173 97
920 358
578 793
700 803
234 528
973 700
486 312
241 787
393 970
686 1
729 31
165 581
500 972
546 592
588 404
299 961
50 619
208 983
660 379
591 741
795 794
714 651
587 475
792 360
121 858
766 266
687 470
897 362
538 184
938 269
667 501
225 862
189 614
599 136
75 249
655 62
609 538
555 86
611 268
799 21
717 616
789 157
618 229
885 783
203 781
578 508
715 950
748 739
105 661
213 102
438 634
389 182
711 588
327 481
906 438
421 24
535 121
378 136
164 679
268 802
1000 921
675 592
57 783
988 986
707 893
923 520
910 710
799 501
846 892
853 377
834 539
460 83
856 867
797 745
662 964
321 625
73 798
701 450
969 709
480 673
418 169
842 504
661 835
64 285
128 695
668 538
790 246
49 48
187 177
715 100
828 911
960 594
107 990
895 913
258 343
946 145
100 452
413 328
855 727
285 619
278 536
859 395
597 351
778 802
932 367
111 507
31 326
318 104
963 723
598 601
245 856
282 810
951 255
283 879
525 766
97 593
315 71
640 995
182 181
896 595
59 685
452 726
326 695
240 922
696 127
861 438
678 336
298 820
162 1000
257 461
723 166
910 932
79 975
463 815
975 687
918 304
527 228
393 277
247 140
881 598
854 375
942 453
689 145
834 248
198 513
506 871
968 353
62 596
927 315
472 48
646 222
682 998
493 660
402 765
706 73
150 855
644 699
63 766
57 775
22 827
173 247
265 665
219 444
232 59
315 146
34 769
613 25
101 171
842 769
988 317
25 297
848 466
46 18
622 354
936 965
849 492
822 93
197 375
976 8
12 255
376 816
57 575
77 135
597 553
55 449
81 962
381 32
120 468
435 438
946 103
904 856
673 819
643 70
800 651
902 216
429 193
735 889
57 142
566 139
427 368
746 298
753 547
491 725
258 875
605 783
31 177
990 492
730 958
206 360
60 432
42 169
188 851
601 76
943 713
203 592
115 92
211 588
210 245
404 462
935 26
104 767
632 777
341 492
593 561
603 819
917 961
227 299
561 507
426 171
459 218
212 639
429 525
663 899
963 547
197 163
937 653
860 73
882 879
404 573
452 261
113 569
375 132
831 22
444 84
708 905
385 555
514 443
835 434
370 335
426 846
864 514
438 281
973 325
819 312
262 60
277 420
320 664
59 189
904 480
75 979
74 365
618 172
128 728
876 976
728 466
442 725
881 186
936 457
975 563
167 576
363 679
283 191
819 635
687 298
49 571
539 536
424 324
553 607
564 729
50 13
53 139
945 728
213 869
393 850
156 468
987 596
514 804
441 973
336 936
123 398
550 367
511 238
947 105
12 587
407 17
69 326
44 850
932 581
960 934
970 320
76 490
825 971
133 475
42 322
354 471
812 74
282 835
130 971
473 81
702 678
726 792
967 923
817 622
90 282
58 889
528 940
697 655
554 493
848 934
460 531
769 687
564 199
626 269
360 301
325 723
245 771
365 408
544 886
662 571
805 385
252 40
381 349
143 273
292 488
341 387
489 100
844 355
71 383
260 744
334 851
466 964
850 455
588 507
863 424
405 183
151 196
665 75
705 247
160 996
513 123
775 721
747 298
796 185
3 472
403 868
77 66
189 403
121 399
118 11
376 863
423 309
94 752
547 746
285 425
951 130
884 700
493 265
529 905
985 682
871 289
925 77
292 238
118 129
2 746
475 134
489 899
13 262
822 599
686 987
584 347
810 157
746 481
290 792
482 196
639 669
892 428
255 458
144 855
167 355
642 416
275 343
759 631
562 29
869 605
763 151
466 663
101 91
823 284
107 648
297 412
300 343
768 559
750 579
423 636
479 951
642 188
903 966
838 876
91 227
780 886
620 964
261 709
735 992
921 206
662 17
452 406
515 601
353 476
214 957
211 824
461 56
7 832
330 689
465 379
597 538
736 69
337 763
92 436
608 203
892 795
700 328
4 129
951 725
548 965
313 460
206 186
382 268
739 625
583 921
133 922
516 790
140 816
802 946
462 539
234 184
586 30
553 18
770 21
33 737
160 135
180 43
544 532
787 986
531 98
158 66
993 653
977 477
51 958
331 506
322 645
867 167
963 163
403 340
965 333
196 441
692 731
363 810
778 953
966 166
537 552
648 706
415 748
675 805
88 99
706 454
405 205
625 598
429 19
130 142
959 819
299 633
856 365
306 53
328 684
914 322
674 603
178 364
839 226
574 507
114 772
738 440
285 795
238 167
941 927
503 6
264 14
203 748
151 507
669 898
620 533
320 651
552 805
658 535
81 170
326 211
723 509
614 993
405 698
759 180
377 458
742 280
909 226
172 495
187 335
994 533
211 596
466 521
534 405
433 845
985 42
349 205
791 836
290 747
100 583
431 926
386 525
168 283
487 900
960 111
906 590
830 526
970 295
938 5
414 483
820 654
636 536
53 446
233 455
988 711
939 793
229 388
770 58
173 963
483 465
131 815
558 434
921 444
472 625
815 990
87 474
510 532
281 894
683 604
172 785
211 260
895 483
987 704
85 768
349 380
957 361
388 967
637 879
250 812
83 776
41 50
408 128
267 663
677 87
830 345
702 256
603 244
413 106
825 472
899 775
793 985
433 969
371 246
253 909
179 110
236 65
630 577
53 776
817 126
882 347
317 948
38 665
647 9
580 173
346 395
412 852
370 846
535 121
124 598
557 192
243 622
429 975
982 99
568 231
955 516
590 65
62 175
483 873
43 144
415 421
864 171
248 632
398 224
175 367
926 509
773 168
835 476
303 682
303 310
860 906
879 750
633 834
831 441
170 171
835 954
663 328
881 965
403 271
199 637
663 588
777 276
506 47
191 383
231 726
906 851
745 871
828 128
893 658
620 554
143 512
778 926
345 704
811 272
562 365
658 406
928 684
1000 853
780 693
307 324
738 998
366 650
437 547
732 183
461 752
916 336
940 650
360 730
774 758
278 299
896 190
625 629
191 750
145 635
269 812
511 199
102 947
585 732
767 251
858 830
714 256
802 794
799 784
540 539
344 176
691 947
181 53
372 317
142 60
937 460
629 572
230 912
439 203
104 519
701 352
81 788
971 390
874 770
752 179
49 517
261 196
236 878
792 572
853 110
799 644
477 966
402 361
719 945
167 195
778 846
46 433
37 937
773 544
835 676
262 674
324 968
130 842
192 64
520 137
483 910
247 73
200 824
756 377
547 124
965 669
584 829
406 29
590 143
860 73
152 53
461 163
517 352
483 245
4 74
377 221
92 84
138 970
840 118
253 565
20 688
693 993
440 856
572 47
648 287
971 928
248 492
176 39
189 699
80 675
531 160
746 294
212 769
274 216
807 916
85 22
989 132
241 161
802 443
17 799
316 36
216 297
338 584
657 287
590 122
108 19
862 332
325 889
567 248
981 249
670 53
617 886
505 728
999 228
361 556
623 679
979 857
981 914
449 646
574 243
903 784
222 840
905 256
538 986
196 184
618 784
989 746
888 38
705 797
271 969
692 497
73 636
796 939
678 357
718 73
247 357
596 68
715 746
294 257
38 622
69 731
284 864
896 940
679 745
125 185
26 573
699 127
279 437
776 123
583 458
950 325
447 666
410 473
683 809
71 651
711 702
111 897
144 723
102 594
110 437
32 918
900 633
669 88
624 144
739 179
125 213
970 548
111 341
526 587
743 345
96 510
616 635
540 77
269 742
433 80
529 48
570 681
793 999
831 362
711 103
579 78
405 359
627 105
2 208
486 584
736 255
757 971
78 129
256 939
221 894
291 846
416 318
377 15
418 341
705 303
840 908
310 294
289 940
486 191
722 74
494 954
43 700
388 167
432 835
413 857
548 697
852 796
19 490
676 621
213 243
773 34
472 992
697 568
346 250
629 651
245 529
761 13
940 597
596 3
351 396
888 410
167 282
562 410
314 966
834 875
204 328
360 680
60 90
665 162
516 604
156 282
107 167
48 697
209 367
72 567
180 681
664 162
850 479
642 164
270 558
807 183
138 323
127 34
126 645
384 757
258 250
953 600
232 478
186 653
733 466
667 307
202 361
407 4
613 698
743 758
870 23
809 224
775 364
391 216
504 305
1 581
534 739
577 66
554 468
466 725
679 342
567 115
605 729
394 966
107 168
849 550
969 697
750 145
966 148
93 172
845 318
476 261
221 323
229 820
276 684
547 568
523 1
587 99
668 981
735 950
370 114
667 390
151 913
812 180
851 800
756 711
998 738
462 435
383 379
588 968
71 292
818 278
483 273
838 191
698 713
861 83
690 902
805 692
855 49
504 17
32 113
148 787
551 853
361 92
499 402
949 986
739 968
181 488
610 596
484 22
925 445
581 969
533 802
413 699
778 784
779 412
1000 857
959 149
22 598
945 612
863 358
928 201
956 499
841 833
526 843
227 934
713 168
662 410
806 896
449 213
791 37
444 888
16 556
964 326
595 529
447 710
237 637
410 252
225 18
498 477
481 322
494 755
94 903
453 890
535 696
291 184
906 304
720 342
574 180
803 934
317 306
367 474
515 841
700 83
950 261
89 809
57 275
117 310
234 235
500 314
478 795
370 959
109 344
839 494
361 712
363 254
414 81
21 576
145 433
332 561
67 236
146 168
445 577
78 46
900 350
241 466
855 899
706 240
388 542
939 351
827 269
249 941
351 291
689 131
917 32
479 97
595 166
945 313
884 944
816 405
258 910
213 88
201 828
639 373
822 567
732 745
752 897
963 461
506 234
62 471
374 746
57 458
43 574
472 909
350 116
818 463
633 594
894 158
800 924
348 994
303 522
854 465
350 786
175 372
305 128
751 969
142 296
894 818
315 443
222 806
96 433
491 884
309 744
485 493
210 312
652 268
873 666
736 410
35 723
983 427
408 432
235 515
107 415
207 614
611 583
627 581
982 210
50 348
479 185
250 74
233 306
182 121
698 882
881 213
431 118
492 978
246 967
964 601
282 765
884 970
348 380
866 360
525 684
483 678
267 592
790 194
634 817
579 327
336 241
88 327
710 667
289 480
541 850
154 250
723 188
356 109
767 728
980 909
113 921
978 816
922 18
687 375
586 331
51 621
36 135
102 190
392 162
598 405
282 260
136 948
816 875
216 448
216 76
775 830
107 666
979 800
921 360
935 928
315 784
914 706
268 19
962 687
721 832
260 124
923 255
84 785
903 813
460 860
216 422
516 188
968 424
611 723
791 455
489 436
444 816
623 780
258 930
92 669
116 712
57 326
638 944
387 661
467 443
533 309
678 624
113 285
781 245
683 331
38 49
893 555
734 824
280 542
882 180
973 716
557 692
526 455
584 399
833 39
735 306
425 916
249 587
948 316
978 375
714 861
572 152
5 595
245 862
311 766
792 874
269 8
705 444
770 64
894 577
944 989
776 953
359 730
886 202
651 965
62 426
76 142
138 340
393 604
860 138
611 311
310 956
862 575
836 20
323 856
905 188
791 559
482 16
918 43
665 201
668 143
153 715
400 471
672 450
742 985
224 869
503 21
576 43
189 8
871 857
241 255
847 526
559 491
794 35
390 7
112 131
221 114
406 167
764 416
319 50
564 297
963 578
991 618
791 846
608 751
407 839
695 565
278 973
962 316
962 727
442 193
687 186
127 953
875 883
998 985
594 98
432 461
654 405
732 371
627 56
757 878
428 207
538 582
987 127
258 720
584 236
629 253
544 830
882 338
163 718
648 173
773 329
849 566
791 337
651 507
568 983
325 906
436 362
654 337
543 455
267 222
153 122
507 849
621 984
685 677
618 999
471 856
744 900
694 680
365 926
340 436
133 631
595 167
42 286
429 891
456 74
557 551
457 713
419 161
996 371
227 1000
703 779
810 686
14 126
739 859
154 953
82 285
439 154
205 689
593 995
991 433
366 245
735 477
23 21
348 287
51 213
973 426
723 186
496 734
929 88
376 122
957 448
608 911
207 869
778 429
483 615
276 405
234 361
593 691
846 840
106 242
508 921
385 156
836 855
578 787
874 860
305 972
129 99
70 230
418 577
735 594
550 234
476 312
253 23
40 550
790 203
780 606
231 555
312 881
958 631
697 143
970 359
634 815
121 375
94 812
349 797
484 213
64 609
861 915
14 871
286 361
951 451
243 948
408 658
921 555
805 7
502 544
660 717
667 435
624 57
376 154
693 102
198 639
500 902
744 697
163 261
700 327
26 175
83 499
781 886
907 929
817 842
199 52
446 107
850 418
853 612
35 275
603 371
912 82
209 967
484 687
328 937
541 55
578 15
855 850
947 102
110 142
723 153
248 52
38 369
117 627
478 877
628 713
447 901
311 477
924 906
790 269
897 511
48 72
955 483
220 612
716 869
868 109
938 163
721 809
198 464
218 765
841 158
839 3
715 198
133 962
805 266
363 340
201 564
385 932
785 715
816 935
436 495
988 516
606 962
300 498
389 98
331 996
283 565
758 165
29 645
179 608
394 565
198 106
303 923
660 990
265 192
272 967
352 183
159 917
268 53
718 713
362 891
364 661
421 986
832 824
805 129
234 495
748 261
579 282
985 733
453 56
356 970
10 827
54 311
189 558
56 359
113 280
156 644
272 584
621 518
765 142
330 175
149 658
586 475
380 102
889 611
713 872
934 359
86 133
462 813
527 872
607 26
199 408
51 693
848 651
762 619
387 544
645 607
692 947
940 390
4 788
518 707
24 201
977 933
949 698
64 950
747 402
864 246
460 448
60 404
556 489
693 21
375 416
880 252
814 536
803 485
429 759
162 156
797 874
128 16
789 668
87 407
569 156
594 888
567 353
807 505
298 152
770 983
779 708
301 492
437 133
89 620
347 838
341 282
461 417
401 492
952 663
331 415
804 379
78 681
189 789
753 289
486 711
497 980
303 236
717 53
301 170
29 246
804 233
440 646
815 314
164 605
398 187
826 423
506 388
783 258
432 489
571 443
921 308
452 283
131 71
949 140
336 383
314 746
650 721
808 811
309 591
897 347
432 865
114 543
498 77
877 457
992 894
348 125
449 253
833 349
784 645
781 398
270 286
898 245
486 513
497 676
370 112
687 612
912 229
549 301
242 783
277 767
440 520
193 247
417 135
729 215
852 590
709 946
430 714
356 602
905 244
374 428
353 723
826 477
850 910
513 223
113 733
490 166
988 690
712 998
111 17
845 647
557 519
843 602
609 531
76 823
854 704
562 762
1 790
231 313
342 474
184 382
477 218
299 662
492 60
6 335
178 908
709 386
374 272
695 881
664 434
90 255
904 736
555 728
777 779
780 532
362 672
374 655
400 217
378 544
309 359
388 235
109 994
166 789
811 817
61 545
937 154
956 484
141 990
489 884
510 326
330 610
929 771
158 599
639 663
868 12
519 632
420 160
996 619
341 303
660 890
393 66
88 399
253 492
857 607
865 949
535 112
310 667
555 448
270 791
346 274
923 558
545 554
5 484
502 636
692 522
923 295
444 685
782 434
96 193
92 389
734 940
105 33
539 816
99 121
208 622
515 760
262 259
935 954
193 667
420 243
548 86
413 573
386 942
599 434
421 467
773 292
815 597
896 482
902 261
621 369
359 39
871 392
294 467
548 411
849 741
740 770
512 121
106 647
294 731
927 759
825 85
260 784
737 694
775 841
144 956
624 570
955 63
450 446
884 741
600 612
829 849
804 404
851 170
495 791
903 347
130 348
31 954
127 663
570 859
640 174
367 946
81 213
137 458
236 463
340 948
446 135
637 700
91 153
692 557
655 564
902 985
999 769
213 425
19 609
70 910
464 140
906 326
59 646
776 708
124 26
325 502
840 833
903 284
599 470
765 513
494 104
258 238
731 436
161 718
892 276
348 280
581 991
695 123
460 593
847 90
475 716
710 607
173 265
774 971
171 618
560 908
856 767
764 555
127 964
247 283
534 311
75 869
207 48
136 126
449 317
111 57
201 218
444 723
336 503
861 394
863 150
690 382
628 110
282 896
97 247
746 203
873 888
882 705
282 814
69 746
675 239
279 238
638 857
984 393
656 580
580 635
149 749
174 342
261 112
39 818
983 267
609 572
270 299
370 403
816 772
505 644
481 63
92 826
416 555
456 366
274 383
555 61
181 170
168 855
644 499
770 854
629 241
640 650
192 516
728 434
102 588
33 406
419 599
608 588
364 999
870 175
553 331
465 637
844 330
233 77
895 568
920 365
700 913
758 752
874 104
28 699
581 835
722 878
500 566
766 122
656 63
304 616
238 740
623 863
112 114
395 203
179 300
801 272
640 639
263 831
123 6
214 601
458 238
411 52
373 963
130 169
26 498
503 363
755 101
908 530
386 279
54 597
245 9
197 593
748 14
249 132
135 132
505 197
151 746
713 249
781 512
187 447
974 740
92 691
830 530
856 829
16 15
244 77
493 741
773 634
926 658
775 888
66 756
616 980
190 450
149 207
646 712
497 210
725 476
418 161
663 147
458 741
454 486
439 643
767 372
369 618
977 427
655 437
749 652
701 840
982 695
235 481
643 226
546 297
394 733
156 452
577 343
412 860
364 325
526 779
239 350
211 187
190 577
791 544
130 468
168 437
759 851
51 155
116 877
899 993
423 509
564 269
293 912
799 495
728 659
529 608
524 61
90 780
114 561
23 733
596 373
98 150
509 374
780 248
776 56
401 190
539 11
69 453
709 781
621 702
729 839
199 772
255 544
108 702
865 439
199 660
182 188
986 307
775 564
968 756
166 767
218 882
288 269
738 502
425 756
126 101
212 371
474 754
975 273
700 138
36 256
103 688
40 247
380 425
472 234
109 77
290 338
903 307
614 690
258 548
249 124
672 389
726 166
991 283
974 710
41 715
270 257
924 736
572 578
553 462
224 68
635 591
210 884
664 177
632 316
53 659
352 172
827 298
563 636
932 786
392 36
575 389
252 479
503 493
978 88
837 818
10 379
419 30
567 234
668 108
298 401
171 246
355 354
635 267
667 656
65 753
85 743
643 657
626 342
923 575
102 469
349 124
994 855
530 244
756 239
587 504
290 349
510 385
762 27
314 346
359 791
557 896
317 645
913 182
116 38
912 873
165 618
113 921
974 250
21 480
261 909
352 70
301 131
153 114
367 719
826 152
453 393
932 342
405 426
859 120
164 296
796 615
342 545
792 778
216 868
895 253
580 445
839 505
394 564
812 36
240 226
93 186
62 174
355 722
925 149
747 97
417 710
834 661
525 443
875 825
548 711
712 341
631 102
226 539
208 201
241 50
589 602
779 707
316 57
703 332
132 497
749 545
637 388
413 247
399 766
816 129
263 905
37 888
973 276
242 443
79 542
400 51
480 29
19 795
903 427
287 220
442 876
674 740
509 284
835 630
418 885
63 911
259 439
226 473
587 776
805 578
392 798
167 328
856 410
918 323
604 284
11 165
403 765
785 596
885 283
687 339
42 436
236 36
914 963
329 583
322 921
761 678
922 430
319 106
425 731
504 217
864 469
577 91
156 605
199 538
875 410
396 229
117 669
498 977
126 394
21 163
385 554
411 180
361 927
565 345
323 107
371 508
973 755
812 876
411 532
961 349
743 492
231 63
40 837
884 230
590 196
431 269
623 125
157 425
749 683
680 840
163 493
877 873
400 361
675 927
308 578
30 49
251 678
863 754
842 723
423 608
486 426
552 326
773 910
830 444
474 4
760 302
880 724
896 389
443 620
819 548
35 48
893 28
784 810
660 308
896 808
713 230
462 1
568 546
10 717
739 259
644 448
147 479
77 873
104 764
359 193
619 565
469 428
80 926
909 965
896 613
135 219
372 550
762 734
473 142
790 483
551 624
122 861
421 38
828 743
247 119
629 145
240 922
296 794
393 315
342 229
58 552
349 263
84 130
427 972
116 244
774 606
437 154
19 924
242 763
393 730
393 411
485 998
428 854
366 948
830 542
521 511
218 716
482 844
598 103
706 160
484 773
28 611
657 230
500 28
695 503
499 466
804 990
569 832
971 304
693 528
10 259
447 256
979 882
312 886
945 321
361 662
6 477
561 232
535 793
689 266
359 979
928 978
926 250
764 234
829 285
603 347
717 10
434 664
776 374
524 102
869 829
389 103
497 462
129 583
399 433
75 286
672 90
299 102
623 10
636 255
493 11
556 871
786 414
693 836
295 132
899 201
991 658
664 759
460 178
47 682
881 968
608 764
482 669
550 294
165 541
304 77
824 312
341 228
212 635
374 317
640 973
23 305
746 608
468 778
869 300
421 187
971 670
215 240
422 539
182 672
27 617
817 352
659 528
356 606
158 44
603 706
397 634
759 829
243 953
655 109
840 940
949 568
756 823
71 207
348 657
178 893
936 298
643 114
103 173
509 6
833 548
376 864
969 639
265 300
142 783
548 978
975 718
603 431
384 446
443 376
650 37
45 431
827 457
265 741
608 947
79 268
654 583
362 670
913 104
41 29
520 641
371 350
678 288
928 166
649 532
869 133
775 100
149 448
280 106
72 487
947 336
785 506
693 887
734 918
298 287
866 922
739 726
101 778
688 985
328 3
813 158
176 672
529 145
142 533
354 609
683 927
400 959
990 136
822 660
47 929
147 604
664 991
950 466
81 363
677 550
635 475
430 60
588 26
625 95
895 886
532 54
986 614
437 511
148 652
591 487
691 144
615 162
823 349
960 331
960 775
885 230
508 274
429 126
927 402
634 317
807 544
359 729
208 286
37 353
763 916
366 356
154 100
915 765
601 325
211 287
327 9
333 23
940 643
920 841
518 134
433 511
672 165
407 873
482 47
98 787
494 50
263 183
609 856
843 171
205 950
278 322
426 282
351 142
667 416
907 629
586 598
817 602
424 391
889 71
92 828
516 495
129 455
271 988
457 983
450 46
827 269
908 309
995 339
201 839
786 334
228 763
483 760
168 484
866 146
994 979
71 299
506 837
383 257
877 608
567 852
427 99
663 747
474 30
785 532
370 443
790 96
360 843
510 890
292 486
154 866
131 299
142 934
191 974
676 302
938 904
291 967
956 49
226 4
154 363
682 944
76 671
923 635
128 56
170 818
711 332
524 611
277 681
450 298
54 448
92 832
712 121
916 798
368 988
427 670
716 962
271 894
177 988
947 459
627 695
573 32
970 735
584 404
94 76
455 692
645 768
904 333
962 861
230 932
171 731
751 215
302 391
25 948
791 263
199 173
298 41
635 818
794 58
882 677
975 784
438 116
563 794
835 291
925 348
571 836
63 611
504 140
925 277
772 795
547 744
881 302
908 171
95 677
859 862
937 155
116 225
726 427
612 855
373 474
589 294
282 780
702 318
194 66
331 827
580 344
416 729
900 959
311 906
70 263
769 418
329 749
399 717
407 352
45 461
771 446
782 556
907 382
38 286
834 997
22 312
579 583
466 355
400 101
277 170
649 949
779 339
888 239
423 848
564 701
626 748
673 966
432 638
219 829
567 757
197 530
752 108
536 595
344 803
908 22
524 248
381 56
956 466
967 452
861 951
316 759
782 389
867 754
49 940
765 142
178 662
618 985
862 171
827 724
848 487
822 329
70 51
546 439
34 773
910 629
871 345
122 358
647 481
570 817
872 311
254 409
361 737
23 517
580 252
715 314
191 162
74 282
291 228
521 193
510 284
581 311
64 713
702 615
688 797
871 294
954 298
206 466
576 57
754 14
823 443
132 502
339 136
507 169
425 352
832 986
43 658
106 480
181 692
111 703
858 741
235 934
620 897
407 214
889 723
400 694
633 659
495 137
982 835
632 831
682 632
840 329
517 13
648 242
460 849
674 565
134 752
724 878
658 712
494 679
185 773
883 7
999 122
239 44
268 916
680 873
129 765
267 667
554 945
593 476
830 31
397 918
505 538
648 985
837 577
825 584
617 158
85 915
763 809
504 649
505 95
182 545
203 467
844 649
203 553
481 881
965 820
616 351
582 641
799 420
523 79
483 674
198 161
46 554
861 682
855 683
80 688
617 117
787 279
734 405
220 887
344 179
931 922
560 902
783 753
806 137
344 470
233 512
188 928
149 321
549 805
3 863
909 918
834 864
169 539
993 859
27 708
508 999
98 551
921 34
867 270
519 54
858 89
823 139
128 767
8 648
777 414
437 459
768 271
46 355
945 993
374 437
779 34
847 450
624 718
994 106
482 467
454 130
218 620
748 706
740 433
274 762
914 318
465 238
633 104
740 755
770 684
360 812
30 74
539 716
109 454
56 917
627 459
939 443
420 19
211 527
938 531
681 227
333 428
366 874
320 889
759 440
665 384
197 118
186 11
134 169
456 748
585 416
929 235
518 922
901 351
380 639
934 435
281 356
190 779
827 894
117 442
489 269
221 363
879 741
392 557
533 217
526 539
786 388
612 942
233 153
965 477
369 384
965 668
43 66
765 527
420 747
609 581
304 154
136 588
640 960
882 726
373 981
885 766
644 881
156 359
606 177
81 50
211 201
921 717
732 481
276 225
423 743
829 873
467 965
293 611
979 633
927 984
192 657
141 625
928 908
488 845
507 325
63 872
461 820
781 336
510 576
384 973
906 812
150 685
311 752
758 83
110 278
249 836
260 439
884 624
396 549
515 319
398 199
414 642
437 577
299 898
959 186
130 78
284 857
243 719
47 267
182 125
980 765
397 98
242 530
821 628
133 20
830 459
432 80
713 82
198 266
880 703
25 861
382 719
18 958
745 749
131 11
468 968
837 261
86 882
646 939
259 599
490 392
230 844
306 65
798 757
463 782
255 504
11 58
21 682
950 373
588 256
341 514
112 692
320 727
827 550
472 673
49 223
470 621
989 161
387 870
565 494
324 549
162 49
539 896
582 77
458 643
108 46
429 188
724 531
25 391
38 883
204 566
867 502
149 501
830 579
947 967
275 874
88 325
843 360
811 632
561 457
234 127
767 83
589 974
257 62
546 725
577 323
409 526
644 868
278 895
780 38
978 604
690 18
191 169
922 325
705 465
245 101
923 174
701 340
512 639
712 41
995 373
468 711
635 530
944 208
638 344
801 355
766 664
765 882
327 55
779 805
231 878
139 837
640 308
258 57
948 512
414 190
794 493
797 960
528 68
31 300
923 417
429 584
679 270
438 53
680 559
480 774
479 763
821 264
558 218
564 820
36 910
647 851
470 468
214 589
308 728
701 342
706 214
436 402
492 135
910 430
824 198
987 312
800 269
405 236
194 904
540 732
837 858
716 74
237 471
276 688
670 54
716 575
387 112
434 107
665 826
262 279
961 439
703 894
753 356
515 921
656 480
473 888
927 459
344 979
489 829
463 901
47 785
350 450
40 956
795 486
559 925
766 603
256 224
314 79
936 793
880 11
640 761
29 528
882 75
469 267
65 922
733 805
242 527
253 537
718 235
225 477
583 460
663 70
650 286
75 9
883 195
121 799
346 92
49 426
408 809
663 2
47 240
689 469
302 791
917 235
979 103
1 630
544 670
764 728
580 279
795 417
438 91
965 782
662 409
408 17
846 508
346 923
31 98
997 398
118 380
327 995
682 799
927 795
373 709
665 923
940 892
181 133
853 66
162 814
719 262
80 70
674 73
141 606
283 813
827 819
76 336
139 924
425 914
466 485
518 821
425 850
551 656
142 49
473 168
845 344
497 631
273 836
780 422
699 347
209 625
494 517
350 378
273 622
832 796
122 743
988 474
430 548
359 332
576 833
953 817
487 131
524 371
822 430
8 913
295 885
3 655
168 457
687 259
853 390
301 359
649 444
378 875
147 288
505 64
900 140
611 724
569 343
531 190
61 937
775 553
849 357
559 752
886 416
774 408
951 850
122 612
37 561
188 856
159 309
605 97
298 811
250 727
511 381
956 716
575 868
940 372
672 881
199 427
326 965
236 639
136 748
663 259
667 844
84 439
765 154
434 269
354 139
973 332
132 971
776 812
16 33
510 508
841 663
98 347
77 918
179 194
623 344
610 870
999 302
340 880
301 783
543 455
530 699
120 68
975 844
654 606
335 962
920 148
534 659
341 523
459 565
604 383
27 531
71 105
305 683
526 475
731 899
368 353
245 246
986 737
517 228
160 798
790 533
329 30
218 203
17 247
145 347
512 646
313 70
863 445
178 484
867 697
678 32
193 35
684 901
56 191
152 291
270 241
337 472
270 347
630 511
988 868
719 120
124 7
19 94
875 918
733 974
884 191
341 335
672 146
741 880
752 625
189 860
140 380
769 467
359 687
580 300
322 758
931 856
767 737
637 327
347 534
589 498
667 672
358 692
854 406
534 334
563 247
754 727
883 584
176 46
756 623
59 214
516 682
97 177
807 374
641 665
996 274
991 810
944 156
123 79
516 809
340 720
308 160
424 726
792 335
962 696
112 861
102 25
16 483
128 584
985 923
180 570
157 241
921 380
958 514
192 660
705 698
16 239
558 338
823 952
255 209
71 110
230 614
548 709
439 621
353 979
721 746
68 152
617 542
8 684
125 641
546 920
520 744
257 616
657 679
399 557
44 433
187 313
323 512
858 470
598 653
819 495
719 584
285 248
842 699
993 797
764 925
220 18
592 579
532 578
284 804
562 157
856 716
782 878
197 998
40 390
55 5
707 600
876 987
473 87
105 436
289 71
487 325
800 284
611 50
16 2
616 843
58 308
753 720
6 45
892 228
507 874
931 671
834 679
96 292
782 212
726 127
536 39
450 900
196 26
53 933
525 18
758 549
411 808
839 851
843 55
835 92
28 443
784 160
350 750
486 204
491 286
663 365
808 725
396 660
667 865
749 864
643 584
358 466
736 311
194 970
412 993
106 734
333 178
865 308
636 984
516 560
743 594
963 917
694 973
461 408
71 958
944 453
238 228
878 568
101 836
328 255
870 981
568 702
213 449
965 174
222 903
926 737
110 490
422 951
457 987
497 626
974 58
762 571
779 787
716 15
542 57
377 176
966 271
868 12
188 849
564 445
624 828
826 132
688 340
5 981
190 675
825 754
994 473
479 16
423 994
220 137
713 143
30 175
352 250
973 347
915 389
895 366
440 750
899 724
857 630
737 508
542 234
47 489
850 681
169 56
445 635
221 599
74 873
200 914
53 899
429 743
289 857
934 832
24 958
664 288
285 372
500 364
177 427
286 909
677 871
4 423
785 626
918 817
400 287
943 439
179 917
445 168
647 459
298 837
124 389
252 974
152 911
385 776
795 880
916 723
815 746
503 239
859 428
131 714
615 381
863 600
942 516
290 776
465 419
75 815
941 203
691 151
505 998
758 895
455 922
833 859
848 25
654 952
464 349
339 256
882 39
361 252
107 359
55 17
848 385
3 854
582 442
137 105
209 519
56 297
509 363
926 325
241 403
416 212
426 14
234 21
376 810
445 466
904 764
809 144
42 185
321 146
915 572
114 264
472 529
506 987
342 324
494 437
908 940
581 461
50 616
524 920
515 729
88 670
715 939
782 194
140 713
722 663
441 427
143 132
268 223
399 581
273 929
682 500
217 18
791 129
244 765
443 275
353 203
456 623
37 129
778 392
906 779
159 768
167 177
823 92
679 238
154 210
322 855
281 175
619 769
578 260
15 333
649 804
139 932
473 462
103 40
939 733
160 650
199 775
934 975
503 495
99 81
316 749
156 79
339 120
140 57
872 768
628 685
723 696
869 772
72 138
88 249
27 121
109 125
476 295
737 506
710 782
88 878
844 880
619 272
638 600
44 644
445 800
589 467
130 305
17 651
845 706
144 492
317 611
998 572
917 863
112 673
392 139
216 407
60 26
714 93
207 368
538 934
46 95
191 825
848 509
976 538
686 246
359 338
493 34
500 67
490 361
511 421
785 309
682 392
290 333
313 190
58 988
560 966
10 998
859 855
602 383
202 744
384 638
561 4
580 694
541 627
465 165
306 704
615 54
731 922
550 275
423 238
987 721
226 340
86 212
262 55
891 129
619 973
946 753
90 142
465 329
148 699
867 748
121 266
107 228
508 30
689 892
944 667
422 402
501 2
89 791
366 881
999 772
861 465
438 771
280 11
159 330
782 512
629 391
453 789
22 785
999 232
145 381
594 861
770 930
455 287
374 120
886 656
493 290
126 33
375 264
762 377
591 42
237 640
418 424
879 985
12 703
412 566
929 897
153 726
784 854
748 393
670 557
717 18
540 228
512 31
535 639
84 280
980 699
868 461
624 553
202 48
854 820
403 810
14 136
397 814
755 181
285 804
32 115
970 122
278 664
986 507
298 695
450 979
107 348
224 486
567 504
632 649
689 523
310 526
407 978
106 104
167 462
267 427
341 242
82 474
106 187
783 146
251 664
958 290
99 546
921 758
160 17
671 452
649 49
199 951
617 93
576 150
958 885
636 605
850 861
137 9
74 612
790 264
83 341
669 154
619 786
716 853
652 905
827 461
635 827
498 585
116 481
451 347
612 474
815 866
514 264
358 481
551 604
292 199
228 777
632 612
992 629
575 555
869 970
629 1
854 284
901 381
816 802
46 164
73 510
287 766
601 266
891 829
330 665
869 889
7 778
345 144
401 742
775 174
400 825
746 943
387 873
951 609
12 245
498 882
487 212
561 215
21 244
279 974
399 660
983 368
596 879
518 304
924 796
856 842
414 835
135 161
425 468
327 818
913 641
392 329
947 646
234 232
87 991
461 857
270 547
373 813
710 2
327 430
68 945
457 482
788 400
169 84
711 387
126 359
281 649
895 584
409 680
631 557
344 502
36 368
828 161
545 549
161 378
630 281
331 18
383 667
217 463
304 89
373 853
722 821
218 446
607 671
569 159
436 464
542 142
576 662
379 765
915 134
502 722
343 761
233 106
886 419
464 892
584 852
486 49
903 430
67 639
374 935
79 779
344 414
705 10
427 28
697 751
616 261
20 224
256 880
797 771
342 492
137 483
983 737
362 341
633 774
32 704
618 983
783 619
937 416
154 702
974 185
68 525
11 364
725 702
882 34
61 246
628 822
855 441
255 974
410 743
164 802
393 796
955 885
783 831
371 625
871 459
735 385
991 133
914 926
371 205
715 607
133 606
400 504
202 349
540 400
688 503
841 587
268 211
863 903
601 947
308 502
21 358
168 124
865 810
551 909
715 670
102 240
97 871
223 286
581 569
733 197
78 580
135 976
823 868
43 101
656 791
259 62
628 158
970 854
264 178
731 55
603 973
152 593
732 684
163 647
939 848
585 777
809 586
169 363
363 590
375 751
388 23
398 161
695 836
76 33
287 541
788 783
236 129
569 707
835 143
639 749
843 360
398 652
460 414
159 876
965 397
791 633
525 684
332 162
458 69
174 17
430 574
41 12
598 482
144 181
927 156
691 353
723 772
799 132
65 370
398 306
835 269
537 862
821 142
799 778
916 24
109 293
932 467
280 275
519 442
783 735
270 248
87 6
786 594
878 449
411 376
630 950
804 785
828 331
670 971
61 27
875 607
468 383
36 305
397 558
404 824
604 116
98 778
123 229
898 24
698 114
879 789
863 701
452 413
549 686
814 410
340 855
11 152
561 517
162 466
223 179
697 197
276 997
786 934
935 632
727 186
271 163
300 27
791 913
932 197
376 780
138 23
610 724
187 567
205 940
490 547
589 667
19 552
367 704
641 880
726 730
709 407
562 483
62 900
37 415
626 617
16 436
865 404
359 768
514 83
57 953
756 547
503 997
946 539
297 983
624 378
344 6
87 514
620 217
782 511
165 3
690 708
119 202
62 442
379 297
549 574
281 127
605 582
14 264
454 915
349 667
373 995
408 486
678 963
449 530
224 650
123 744
101 154
742 112
349 52
792 61
957 897
769 262
638 363
190 394
35 679
720 729
245 484
831 15
486 125
530 808
968 220
616 32
325 269
525 113
240 98
888 619
849 918
385 419
385 665
336 668
993 407
81 893
342 926
790 969
690 327
729 213
668 296
224 467
230 102
564 246
298 145
625 523
163 445
331 723
437 886
81 655
452 20
725 580
717 431
178 248
466 718
823 365
220 985
187 462
967 165
643 943
506 681
898 758
999 38
781 154
101 848
351 830
73 10
659 332
821 967
557 23
169 332
812 48
772 466
96 523
101 15
227 365
473 233
19 680
367 769
975 672
759 425
576 219
622 618
135 407
523 964
836 993
918 699
686 238
304 264
975 126
492 994
278 551
5 997
764 210
482 442
397 201
998 540
227 164
101 300
783 786
379 418
24 407
788 805
376 945
451 572
775 256
519 507
816 219
26 900
959 400
779 113
325 960
848 627
654 120
96 199
211 568
928 53
547 908
619 493
770 973
839 566
707 394
514 305
481 332
503 312
166 58
782 275
916 199
563 570
826 146
37 443
137 622
363 579
28 276
213 168
456 853
823 500
90 833
351 472
128 794
286 244
995 754
38 545
780 262
186 117
615 476
343 840
766 590
257 259
129 420
424 372
433 3
524 922
739 886
206 56
37 38
102 597
106 245
488 770
83 11
453 512
224 511
20 13
578 444
280 844
620 825
961 952
252 477
851 190
517 352
302 870
428 469
666 867
88 772
550 305
759 993
827 493
953 676
868 163
977 484
529 17
948 170
752 475
217 1000
785 265
32 25
413 22
108 187
521 467
396 192
68 556
10 320
166 457
969 726
929 633
677 529
799 403
674 586
732 24
28 578
312 111
75 502
654 637
121 970
947 858
138 338
598 62
937 699
618 937
724 726
974 247
507 557
569 636
574 776
122 730
368 713
380 922
383 239
107 604
19 804
797 64
948 771
871 532
920 165
213 163
612 808
506 943
