4463608522
4750466607
2370468125
-1
3058364290
3612189651
4868051639
2759021328
7762753428
908138084
7528880262
6649693177
2928737574
6454316256
8644056091
2403148643
1566744799
5755779864
2992310120
4291177843
3445848868
8292772423
4816367010
8237819748
2386998133
9614934417
3214732760
2648834447
9608357337
4051362029
5295412137
9647627384
2304430630
2500227713
3150192018
-1
-1
7271928894
4282015937
6040357125
-1
3918439140
5827385727
3642376318
5682020617
-1
8238232384
6234052790
9779205441
-1
7825584500
-1
4883276382
3067035629
8567318056
4962774591
6087335234
-1
5185183178
6401010422
11551010557
-1
5768088322
8534234192
6713165688
-1
12631126460
-1
-1
4180338224
13002149129
2380833869
4702676453
13418712903
9657594185
3364862398
4252012673
7426203380
-1
6796689943
2883550012
-1
2098352996
9791823949
5931890101
9770426006
-1
-1
-1
4467406150
5555707569
7021478646
4305644056
4752189512
-1
8606020844
1287484113
7751816364
4746789889
5812367123
4991164842
4887418427
9769477982
-1
3044025875
4939891750
7183028143
-1
-1
12493172147
5251173983
4143596646
-1
4218344022
7555520714
1351685642
5066625269
2547473992
6464081702
2885902075
14475898987
207397207
5164310826
5086627627
10045311631
6621810653
-1
7366482960
-1
-1
5241477117
-1
4824554036
-1
8488841648
5139450990
-1
-1
-1
4003127302
6773858893
12603054954
8677916865
5987938529
11445517589
5187010716
2912349024
-1
5506249947
11462239887
5529079998
10518958826
-1
6322783764
9029515087
4306605692
2422818532
2891180949
8981464527
-1
-1
7858670841
3000646344
4895232157
4408532122
1540883686
9047665035
-1
4489666114
-1
-1
9480662256
5147912240
3396528019
6357310180
2511110973
-1
-1
-1
3105179929
12118537362
9362733288
-1
6761014733
-1
9204274361
-1
3845741716
-1
4531573720
4537009494
3868942622
5936606858
6065283492
4994150314
1332382763
-1
-1
-1
-1
3144931345
9714118678
9519732424
-1
9525847555
1967668965
2550425661
-1
6434026415
-1
4926655714
5355742693
-1
-1
9481523569
4600299019
-1
5558547634
-1
3890161430
-1
2004913814
-1
5366970637
-1
-1
7305514947
8115909483
-1
10190233347
3697118208
6001637406
8727026699
6643791103
6830093667
-1
4194337885
7327601742
-1
9027132419
1255874672
8627544384
4317675094
9359142661
9962236612
3633792007
4197885367
7214715756
7258565701
3402697128
7683222873
10514703994
5650353228
7255348173
3765404356
8282511724
2661564148
4756487993
3709931515
-1
-1
5392277859
-1
3136545070
3979698090
10899628935
5287767173
3158727777
-1
3292885435
6248194138
-1
7852843792
6875121729
8275959141
-1
3946782829
-1
6041473355
1219458315
-1
6623742617
10441575754
2755921611
3498910764
-1
3001614580
-1
-1
-1
8239489089
-1
4552418082
9748961776
6634014502
-1
2090955909
-1
5793630138
6896854146
2856156034
4957549478
5898431795
3319789935
8369171151
-1
-1
-1
-1
7758337704
-1
10093227295
3212074009
8650098740
2865585030
4354842486
6977137037
-1
-1
4735213673
10394225435
4251612117
4933054949
-1
7028017062
7974243667
8472845191
-1
7346899716
-1
3619841038
8101066395
269
4393464924
5718951427
-1
-1
-1
3956033122
7508924089
3434101829
6624053464
3854165266
3295684879
5049609170
2528946904
3046447351
-1
-1
2410513373
-1
-1
10278969481
-1
-1
-1
7189033387
-1
4689852319
2736339674
7124731549
13183142818
11956843929
9226262661
5396521242
-1
5071810067
5049541339
6007766294
6389200913
-1
4717020788
1477932437
-1
7407131126
-1
3389672342
7251779453
-1
-1
4687952102
-1
7704519720
2857176739
10674275590
9992449370
7877898277
5157530493
-1
4161092468
-1
-1
-1
4134721475
7886651124
4952703904
6509301851
8635839868
1968240502
9331391298
6136927836
350627
5628642668
3788025710
-1
-1
3517730136
-1
5192759988
4608723071
1935215216
4651693714
9846785768
6546008899
7888617085
3882389939
4707713044
-1
15818688449
4257298179
2256909180
4050877758
5373224939
5620453105
6236693886
-1
1963539909
5108880427
11281609230
3093311255
-1
5729027530
10400386690
-1
-1
6188819402
-1
-1
7107693280
6577606551
4507310826
5531556377
5590868708
5220252667
-1
-1
3871108539
11887615820
4176148443
8015658166
6986134666
1576705215
-1
6678562928
5973599113
-1
-1
2686556376
4507930662
3559438637
11945122580
5014230491
-1
4033666770
9121135819
9397802490
7630817620
3968889497
8568816057
-1
7890928027
4146690090
7019009301
3294614694
-1
5053618261
7972496185
4067625927
6502947361
5315726539
4110303283
7768346672
6042154259
5723854547
-1
5012686330
-1
-1
3896876781
-1
-1
10809544519
-1
8285179400
-1
-1
5656241202
-1
5833913963
4026837017
1351714863
5557495017
-1
6963002224
9069769570
2916676326
13838686316
8753697745
5363264798
6747053768
6032174374
11200684547
4810920129
-1
2527211167
7014428328
5547036313
3335567628
-1
15271824080
3269047884
6878157843
2862129460
7713909885
-1
5254655124
8589952018
4376064841
5966657394
4481728581
4245149242
-1
-1
-1
8703800589
2965803588
-1
5535006848
3840654752
5676754360
6502890470
-1
-1
-1
6443125469
4937355868
6763909651
-1
6198144322
9443342003
-1
2583446056
7751636176
4669809138
8608765911
2642861721
5073632773
1534823224
4778410188
6850639476
-1
-1
-1
5749593123
-1
11425968466
5346478396
6377908920
6066817859
4531246399
5560427509
4376527780
7968842249
8698933816
7705299338
-1
4554057817
5111994386
-1
8912719018
3049249761
-1
8125603091
4833055857
-1
9049631757
4940711294
-1
5649832879
9441285896
-1
-1
7378017651
-1
10474190718
2325463691
-1
-1
-1
3822906453
7238949535
-1
8080028183
-1
-1
11913074362
2338362830
5881705067
10480927402
5154039287
4217842399
-1
2896082888
5776287062
-1
3528902664
-1
-1
-1
2163047800
8757324299
-1
-1
-1
8245184826
6761014733
6294258740
4519739080
-1
-1
2738444938
7158163930
1871075644
-1
1571598773
-1
5804139098
-1
-1
4599428702
6613690283
10496997896
7876394765
5089091329
7299834231
11099333788
3103788491
9764481399
-1
8195650796
3362942439
4805282269
10521736409
5886960177
3652971492
7218698301
4540288443
-1
11944147116
3666922574
4562061984
10373959366
5986957671
14653837913
3989381943
-1
-1
2653464437
-1
7959896669
-1
-1
3540275347
-1
6616464158
8520138810
4767635347
-1
6459004904
9012015893
8304484341
8348234056
11709945720
4111279534
8547268749
4203084819
-1
6300710324
-1
6662787365
-1
6237211891
-1
-1
5675533947
-1
-1
3857107363
7178215343
7167025085
-1
4213230647
5096635172
-1
1899057439
11331267174
6448480264
-1
4757550572
8574737939
6944877264
-1
8036344232
-1
-1
1907317039
7562980581
7722464152
8163558511
1740834520
12913662157
6131512745
-1
10452427912
6671416160
3965452832
4437777325
4841675269
2701054230
4003319034
10193585325
9833834406
-1
11136212342
1416961345
4930173679
8169032333
6730623150
-1
-1
1667127416
5763029435
2527076080
5693420080
5599313344
-1
-1
3329139402
4085853940
7916802674
3588304686
2846812150
4133401379
4433514511
5076941383
-1
4479895543
-1
9738268176
3403815739
5056217570
-1
5524632459
4752353249
-1
6666269142
-1
8577674868
-1
-1
6007185226
-1
4675898329
3357330788
6834020071
2686323199
1172872650
2813051926
8351356457
11556956093
5651110436
8820442315
9718323764
6307643465
-1
-1
-1
8529515851
-1
-1
-1
-1
7170281972
6432626767
-1
7385502689
-1
5032113196
-1
1792229445
3883563013
4782001319
9709694683
5230938095
7739261549
-1
10179263694
-1
-1
10139531523
-1
5365648826
-1
-1
3034693311
-1
-1
4179237455
5661228412
-1
-1
-1
-1
4314322887
-1
8603976504
6280945783
7661636811
8027733880
6703089350
3110778271
3837550380
-1
7682020948
-1
-1
13497164313
3958786877
-1
6117049811
3686022635
1804825088
6646951616
8180037132
4987710014
2449384703
5690578773
3675142194
-1
9343256948
5240650026
8793279986
-1
5049261892
6038253887
3196970814
-1
5169389238
6072014642
5235479590
3544946604
-1
14649172641
8698743512
7253150376
4399508654
7454986622
4549003221
3817835217
8656159554
2634974453
5926829256
-1
-1
-1
3872170883
-1
-1
3785280081
7061698933
4479721517
-1
7680364404
9885657781
-1
5337858444
10336774254
-1
-1
-1
4471866200
-1
3216037336
-1
1535029642
941623386
9444884906
7963336957
8027500455
-1
5966494264
2571475684
8475478477
7866013707
-1
6214154140
4856124112
2991422174
6475625177
-1
3538280725
4229987728
4421416973
8921647699
-1
6598910398
-1
11077756791
5832258423
6900243088
-1
-1
15820706488
4325433170
5928929101
3362706727
2181609307
7691360564
-1
-1
3853457793
9418329979
6942182609
6602936243
7099348581
6006576502
-1
7751636176
2361898075
11950070037
-1
-1
7812845613
2645437282
7883086813
4877139236
11496327331
9091800559
-1
-1
-1
-1
-1
-1
5691007112
7200385420
1720604299
-1
7712142459
6867682080
6595760602
2377680464
-1
3763201818
5609398221
4174708842
10580377208
4625749977
-1
1787268107
-1
-1
3795293635
5500675657
4810802621
3629058684
4171995584
9263158017
-1
9181469984
6166592252
15934879692
-1
7079133618
11436139648
-1
6653115585
6455260065
15094130876
-1
-1
-1
9106781558
4749944295
7580918408
-1
-1
-1
2449079810
6640297029
7567065008
3049271859
5010700090
14535483523
6945766674
7180224258
4675707292
3886496465
2101508089
3804403081
7437687127
2666270304
-1
5588914461
7186332046
-1
14695084177
11376270231
10356333251
9290833709
-1
-1
3020588830
12880936572
7712893142
4885353681
6459668924
6842695950
-1
4950609579
9517813359
-1
-1
4380521117
-1
-1
2813986737
2118536946
6080780024
10221404239
-1
7139710481
3373434465
4017720081
4673609952
7747643243
2482416725
4265819663
8902641441
10967037882
3960604332
-1
-1
10535438317
-1
7974367920
12581135081
6941200270
2524182332
2654000709
10131892051
7529020070
7536735965
2422428008
8308075266
13412982453
4404716581
-1
-1
8186881784
9479058520
7328525717
-1
-1
8822418870
5831249650
4763047219
8614352275
3710179907
11426636262
5198080318
-1
2962162808
11992517734
5604259018
-1
8516926797
10410023373
11296338736
-1
6041423771
-1
441369569
6505853830
6796523321
384452091
10616694992
-1
-1
4313263354
2349710809
-1
-1
6853003184
7049606739
8408836213
6988535313
10231445624
6543741874
4755273967
7847152342
8235075160
2444590972
-1
8965834013
4418962932
2926170033
2937605624
-1
4195932253
-1
9948306286
2989572748
-1
4065671613
2326134288
-1
5776102411
9924161496
2524545636
3542238203
4169038338
4048723381
-1
3780203033
-1
11075212796
3815090277
-1
-1
-1
3986886259
-1
5113584037
5204893569
9833962636
-1
6796607524
10305159578
3200203844
5994860257
5991041679
6881438808
6809239144
4843832204
9235501076
-1
-1
10429731229
-1
6494401693
-1
9527789890
6420531802
5878132895
-1
-1
3245812499
4924939565
8893514445
-1
-1
-1
-1
7461917981
6179589760
4037066400
7657469610
5457357381
8812282157
2957557803
-1
6443609054
8570527448
3188942553
3344559265
4234245059
-1
2696876744
4637293760
5568274412
3760741141
3448810598
10084305643
-1
7233960486
6554546443
7495756639
4883242281
-1
3728250155
-1
5826043393
11398252344
1959243732
11628202196
-1
5628371366
-1
14280571172
7342094163
7268573163
4827296477
-1
-1
-1
-1
-1
7549073046
-1
1793487167
-1
10547680534
-1
-1
848389556
-1
3045974521
3457481879
4022732998
4587345708
-1
7672657008
2809572381
-1
8812788769
5738216581
5486406455
5177451830
4125003435
13059291157
8253898233
7503479480
4157128009
5115474722
-1
4036309125
3603693932
2030547209
3656195698
-1
6740937710
-1
1229711368
4299261901
3212586926
3261653704
4480867701
2385384491
6633837579
-1
-1
5890813709
10244258463
3392574467
3715747546
5370766802
4501646121
2606632086
-1
8649729825
4442564939
7594591169
7509585301
5954211358
3535993716
3869384132
-1
12295151850
3589483546
8340409273
8792395767
-1
7274456005
-1
4141921052
-1
5485301327
10119512482
2913578927
-1
-1
10966090985
-1
4911189157
4223055573
4939366516
7441414877
9543776730
4442882153
4067687907
-1
6219470865
7356165150
-1
5395436152
3609656743
5440683746
874797276
-1
6832278028
6452460589
-1
-1
5657462268
6195734923
7771268693
6819578331
3954427338
9361727478
7332537698
1376229361
6208940027
4902790782
-1
-1
4054508298
11326488617
3210930844
9661072106
5267733778
-1
14287306774
5047034612
5791704945
5260069999
5787701244
2548851089
-1
3246206314
-1
6733685797
5649402575
6715801793
3687674859
8924246271
5131187692
-1
-1
8930882664
2117505156
6558344420
-1
3328275221
11657458722
-1
5884309552
-1
5197337277
4566634915
-1
5930253379
2745544207
8685372900
-1
-1
8448150338
6489871659
-1
-1
6589215486
-1
-1
10430233862
-1
-1
-1
8298907318
5497418896
9795247553
10068303816
4587404241
6985467972
-1
9769102773
5072790609
6193242777
-1
5738948115
9570959680
3430020824
6538218800
3938286761
963563037
-1
5346143738
-1
7440305798
4223649662
5370970491
3204340950
-1
10754720234
-1
5639150961
4987852487
5006335153
-1
-1
6870075619
6656220294
11394017310
12631236587
3589875854
-1
-1
8222011274
7679249706
-1
4137095531
4295297285
-1
5148553168
4721264713
-1
-1
4224035501
2727706863
-1
5181877785
6229559043
5404352247
4861302853
10810681187
-1
8578014438
-1
-1
3368877024
-1
8352737661
8930316458
5548462401
4410137297
7316852229
7855558039
8202079704
7142236921
-1
-1
5326550472
5591151821
-1
-1
4243578375
1476255367
8892331223
6768808808
5722299230
-1
2639821276
2128763736
-1
9570627574
7289832963
5472133510
5520769347
2645383626
6492570763
7909772908
2623828753
-1
5494912357
6499429824
-1
4196288390
1304442694
-1
-1
11087189956
10108172499
4190397514
8124980909
1649731266
-1
3317657794
6284021332
5323264532
2350932903
5119109945
7558397410
-1
6975437176
-1
-1
2956347603
-1
3156725484
5969483160
2467624176
4103857359
3124754815
-1
8619154872
-1
8577919066
8753465178
-1
10661074345
-1
2894937208
10452641873
-1
5463899839
5124502332
-1
4418444340
5339600735
-1
-1
5549065414
8502983744
9628030611
7449068658
6059650659
-1
9451800766
4987000275
-1
2974219240
6290375323
5965539935
-1
-1
2980641519
5437289560
-1
9983861560
-1
-1
7627477371
-1
-1
6649148896
-1
8619498736
2155299422
-1
6421393792
-1
5384070619
8403266775
-1
4047321190
-1
6895805867
5235851785
5758017545
-1
5346396872
10069293794
4571583379
7417633815
-1
6092984186
7597867356
-1
6269602780
735861230
798612657
3499846386
-1
-1
2970606319
9686149000
7169394298
5709934967
3572304405
5713698647
-1
4244873180
-1
-1
-1
7986462531
-1
-1
4625608175
1987951768
-1
4948604932
10757080641
2255542084
7405423027
6252919865
7555453253
14307585975
5293194697
10487373222
-1
1641609295
12461802952
6687439559
5221356603
-1
-1
5692061946
8127415156
5691146657
-1
2882929272
-1
11350067029
7060890480
-1
4709015540
-1
-1
10967400908
-1
3269253159
5191639600
5073059976
5358441490
9977906107
-1
5607017910
5031837107
1734532747
7870852540
-1
4193849574
7747077143
11559269670
5873760702
-1
-1
4150216870
3099176525
3459634139
8311544209
8555890897
6596935908
-1
-1
4163157811
5200510037
-1
-1
-1
3761964999
-1
8992652995
-1
-1
5562116363
5672335771
5075463072
-1
-1
5822306755
-1
6756919867
906973304
8659109565
13113743885
5192361263
8206315986
2101736405
5524208265
4076252456
3633149262
187367721
3306041080
-1
4868224074
-1
-1
6765582608
6043750694
7364813500
-1
8572226234
-1
-1
2963694771
9599113234
5992720731
6548807754
6645751855
3262473815
4186510421
3269863837
-1
10496722831
10667964641
3402835949
6574459457
2782694061
6427438969
2252565404
-1
5451985677
7519804647
250232
-1
4207815064
-1
8018161341
4245146768
2735701505
-1
3215566456
-1
9960411829
-1
5703564424
8112453749
-1
-1
9694962598
4790123019
2026484430
6818907708
-1
7240478885
3905708874
5229416052
4451565515
2074450937
-1
3524068632
-1
3395725561
5327846592
-1
-1
-1
-1
-1
5135637457
-1
10358269957
5546491001
7578978893
-1
11376365865
5128259621
-1
1969652426
10716436633
2643876707
5108259597
2901017514
-1
11505958717
3822819807
6708560399
9238799735
-1
5079174714
-1
-1
7394595794
7239776352
4309504755
7613886299
-1
5438617934
7020961386
6069315365
117229695
-1
-1
3536527591
-1
6189297637
4252050240
5153339610
-1
8103806234
3532853528
7305519845
-1
7570423929
9311700187
5318866385
-1
-1
4734905999
7432117708
-1
4305014176
-1
8645290238
-1
1998193299
4186201081
10202388654
5907486714
10331518804
2769738574
7322554622
7773898882
3104130157
4585324531
2662097159
2897174439
1622549215
5517985865
-1
6076459122
3828774949
-1
2632965828
3290425841
-1
5825800095
-1
9685322227
10175541077
3663586875
13309540901
-1
7569831369
-1
3883963066
6323856034
-1
6825529248
4718050702
8777905071
-1
2472851755
3886779975
4032905152
-1
-1
6569079431
8566530574
6172070325
3928047367
-1
2863706759
4437608141
7463894597
7905118515
-1
3017458891
-1
5000034801
10711743428
5531362446
4821125824
5315593215
-1
-1
-1
-1
6270475979
4615296144
5522443989
3994330637
6091955500
-1
6320444056
-1
4389351406
2955267376
5837132803
3561853353
-1
-1
-1
-1
-1
-1
9953927111
4498508378
4250571673
2013148137
-1
-1
7739276255
-1
3086663188
5957420490
6972307614
5803574059
8039232250
4040161366
2050759959
6300758409
-1
-1
8262915584
2181626320
3793496171
7328839442
3985732897
9406402946
5804287531
-1
10751056115
4705322523
2599884490
2772260783
5563488014
3035913710
486848860
2740229163
-1
5973261049
-1
9706241496
-1
6213389479
346291057
2986665699
4261964738
-1
-1
6665021474
3133731000
-1
10424548481
4703003746
-1
7092459288
6400082702
11932406245
-1
-1
13479038960
-1
-1
4098708066
-1
-1
3947666440
6473450395
9551522557
4825957444
8662560508
5821565581
-1
-1
6368390639
-1
-1
-1
5025219551
11896223874
-1
-1
7829265153
6364200208
-1
8418552083
5767512628
5672484127
4587976068
8983551503
6425878334
4105737670
5332083692
-1
-1
8966385435
7503848975
2719803494
3364862522
-1
8768388096
8255513936
1623966771
2406732693
-1
5787054932
4476088557
10509055795
3333606783
4440078936
4655778131
3702447786
7315522265
8633134801
5859258798
5615199075
6381574821
1239609571
-1
-1
11677803471
-1
8146169566
3207439420
-1
7778712150
-1
-1
6596307573
-1
-1
3374210716
4730829080
-1
-1
-1
5779526454
9131521325
4137279379
2269272794
3699430427
8538954158
9849661184
-1
7097489736
2175007680
4506107795
-1
4668817333
4844877411
7991638965
12242615986
-1
7253157876
-1
7591563353
4605001296
-1
4638916205
4287284450
-1
-1
9166770448
7017980445
3690667843
5815073105
6268109925
11484670188
3678479231
7030808268
-1
-1
-1
1933390753
-1
4321661018
2942908867
2221336159
3421406662
-1
-1
-1
12344276539
8671028374
2876080442
3655590171
10357834727
4253370401
5543607117
-1
2645894381
3382560980
-1
4445577278
3274000930
7417875257
7142958106
-1
6370095090
-1
-1
-1
-1
-1
-1
6567589166
4179400849
-1
3863850310
-1
7033700061
7625074496
-1
5437220506
6569577084
5517692395
3081725749
5346353441
3130169332
5237426016
6241868418
4239751978
-1
7806995494
1837176722
7755995786
6737410512
-1
5267971573
-1
2128470833
6230470824
-1
8406340458
5832074000
7687686291
5760444311
3957603490
-1
8156629452
4729535792
7665923885
-1
-1
-1
11744511996
-1
-1
7378370047
5153294460
10311116793
-1
8444997841
5654578480
6813769150
-1
2489939958
5782564257
-1
5127869426
1502182778
8481113195
-1
-1
-1
3526806885
2566789117
-1
10075396125
4806044009
8378353721
4013784400
3105836720
-1
5187766293
1379863140
5204831178
-1
10636256294
5195364093
3952748534
324444758
7362719447
5081750296
-1
3155218694
-1
3198223643
6434113132
1935330874
-1
-1
7512019451
-1
1121393795
3547083075
-1
4010215694
7391748961
7611465848
6545728621
4509124908
-1
3223016110
4416050639
8213920721
4804150957
-1
7337976264
1857219713
7141974305
8534567312
6061430279
-1
-1
3832051344
3653216925
-1
2055306989
5180621647
4697162492
4591123436
5554299095
-1
2603179514
4322108215
7697537091
-1
12364023763
-1
-1
16735941396
-1
-1
1620484648
13960335086
7279970843
-1
4008126782
3369501446
-1
-1
10702776738
5953708392
4937924241
5339074082
1794741592
6286324172
4065638269
-1
6311565341
4403888520
3357969965
4426080825
5333429177
-1
5657351622
4648264715
6190022363
3861140154
7209414185
1318820238
880883043
-1
4524535164
-1
9481439130
8088482518
5943060886
-1
7025463404
-1
5534907545
10609977688
-1
7973661454
9738233567
6465724932
8656518795
3332459795
3801212957
4652882474
-1
3540833297
6966709408
4101335919
5608997804
4484111084
5060897750
-1
3466077510
5745327423
9169710045
5367215241
-1
-1
11835800844
7860716035
4025138490
-1
1655775139
4781959257
10052843535
6105026853
8081461883
-1
8937297555
4407951842
9354644265
7932810306
-1
8934094997
3274838281
12438748911
6857501157
-1
-1
-1
2460481815
5738673963
-1
1757033364
4000186503
6830381013
10615745822
4086284958
3536781987
13271954635
4846121152
7620423026
5634975944
9559908716
4872289266
-1
-1
-1
7297828394
7263460051
3010098178
4041242797
6490059469
6882318716
6602217390
-1
6284859371
-1
8767468095
-1
3498499494
6392400257
6198850827
2880933170
9837392190
12445997850
9787622842
5294988940
4374503283
9869923601
1376165619
-1
5289244293
12378647064
5222347749
-1
-1
-1
-1
8388422344
7831460953
-1
-1
10363864483
-1
-1
5522351227
-1
1967672156
5307841572
4491160763
-1
-1
8399636327
-1
8438204582
8690754070
4799507080
6470430941
4636974997
-1
5715121171
-1
5129803439
5174744223
4692427563
7393632158
-1
15571493136
-1
7105238367
4012543780
9629501388
5994346276
6641592315
6390414841
-1
1515355518
3644177794
8545386694
6091841253
7117307679
-1
-1
9944149183
9301408308
7881554584
5430332279
-1
-1
7730955961
11290926161
6037056768
5879559954
6802494573
5622820599
5487155048
4599083215
3690720101
10341210090
5990106242
6558874482
-1
-1
2524171136
8129726631
10839185192
5738811949
7973479801
10081840023
1414774917
6271913666
4707556962
5172000635
12442248108
4255438990
7274375840
-1
7795643282
9904425893
7812301640
8690739141
8045380209
5117656954
2723148368
4472577052
2517294809
1965308769
3643500445
4008202770
-1
7880079798
8273030414
3720871310
6013133999
3860226339
7425007917
3155796561
-1
2524631
-1
3216479518
9383747921
6588505148
4284326456
4857959145
-1
-1
10822975745
-1
8289176151
8774581771
7582715274
4293832405
8232642365
3716062937
-1
6443097061
7578207005
3392803839
8179395759
3502520928
5063836625
1317157052
-1
4942217026
5348427970
7820490409
-1
4347103177
2904332309
5957432701
7755406527
-1
7213329387
5315382138
2460511130
12531552871
-1
-1
-1
3120883092
4233875405
5718346475
-1
4799946536
-1
-1
5030778001
-1
12426916270
-1
4303353618
-1
-1
8340754752
5618570020
-1
-1
-1
2437063941
6469066588
3746112246
4125240190
-1
5178625446
6386257630
3305374349
-1
-1
6158653433
8184386783
8442236080
8975995074
3113365909
2919096260
6666367105
-1
-1
-1
-1
4856341290
-1
-1
5201111645
6645288962
7029373061
3618313474
7391320973
-1
3778705234
-1
6583877287
-1
8317547203
-1
-1
5575095861
-1
9970579844
8080983924
3133573317
2702794487
-1
10392146758
6013298510
2698518560
7978761341
3127682077
-1
8485391168
6600410774
3735845171
8766087839
10289058236
2702758342
5410002766
-1
4477997312
7443289943
6379568354
9604957908
3104886661
5264531994
10597390485
11148084674
4872586497
2017478772
9370454179
2606526247
9448256008
-1
4722410438
5556398333
-1
4965363843
-1
-1
-1
-1
16060616874
9730248744
-1
-1
5652962010
-1
-1
-1
3306624080
10354433767
5151159664
3747445182
7017992571
-1
-1
3653536719
12019600667
6421780677
5636943909
4847440631
-1
3243892119
8110259011
4066131586
8000337633
2257036677
4436904831
7254751534
3667933426
2446136794
4100365117
-1
4083546375
5102775764
1721921903
3682812543
7056180245
-1
6044224284
-1
5431756926
6532106171
2807034008
3979121207
-1
-1
3623542232
10798792011
3851991195
-1
6923892436
6126537462
-1
-1
7016128669
9627163125
8345404106
-1
-1
6309481435
7546438617
2834536558
6029512532
5852776571
6535952676
10518144909
2667250376
6609405205
4129873358
4077920571
-1
6760893238
3870904385
4104805903
3486195974
4926002985
-1
8147885412
-1
4545845573
4335620628
2503132322
-1
6248504504
9242543165
2499610549
4165084260
6188061170
3381588502
5389091458
6129525480
3667754422
10495104095
9106292793
-1
4795011701
-1
3918029747
11788629685
3947855455
-1
5377073104
9546752149
-1
4559704334
6932257292
10343365874
6974986264
9750684433
13945706185
5920551786
-1
-1
3361265106
4418557078
4726596276
5708881073
-1
4317049725
8123015075
-1
-1
4410587466
3847632854
8933591252
3529673861
3885001994
-1
4633503530
-1
3097207657
6058138504
-1
-1
-1
5921750170
9411700855
-1
10601647828
7705604249
5555557783
-1
4663692152
-1
4251742106
4010489973
5724261219
6410952753
9968387143
-1
7475184589
8149289868
4009500213
-1
-1
-1
-1
5476160107
4845903674
-1
7079726593
-1
-1
3593258354
2289627468
10470257795
-1
3520636300
8435423981
-1
-1
-1
5019291155
5553634576
-1
4141599650
2874839892
-1
1390451385
4234190631
-1
5244640347
3716194106
5180499839
2686901908
3993645355
4432793083
6279634233
6737961264
8112771869
-1
4254681695
-1
5146715527
9792943113
3817936402
8525250463
3309892864
11225819984
4386194069
8051589427
-1
8482994533
9298586428
-1
-1
-1
4932605250
5612940870
6777291433
7848461153
7549852217
-1
-1
2555717322
5786071148
-1
-1
7264901186
2375992361
4720964835
1175236067
7754113305
-1
7321122404
10968183066
10869109266
9609270203
5732238650
6738479960
9038258991
-1
2813826385
3775797707
9137962435
4537009332
4121370852
6225215302
4006784101
7611750400
8654476113
-1
5440860282
8800869943
-1
-1
6072988470
6008069874
8593745489
8065683739
-1
9896079869
4662318029
3018664655
5632077367
4832583939
-1
-1
3830046542
1387533368
9968365832
4072670147
-1
3076920888
-1
-1
7272587758
-1
6788965566
1237365203
2133218430
1387274604
5944389843
-1
-1
-1
5309526369
-1
6135396301
5017681646
5038250102
10366474724
9864708887
-1
3948184484
11911198940
5627499889
11639124378
5420935742
-1
11972083240
-1
-1
-1
5775789175
-1
2078764682
5537839364
8691544121
5196622923
6071681852
-1
-1
10931055698
3885829926
4081417035
4279920737
3848574262
7844914473
-1
6057934476
-1
5994869564
2928591400
8067486400
-1
-1
8699989802
2469106178
3031378392
5700638365
3275838275
7749641861
5669480110
-1
5437220220
2997671861
8087277566
14344682149
-1
16301691879
4990949744
4247326235
-1
2013148137
3987352412
3274084949
6314068546
-1
4100633678
-1
-1
-1
4035745855
7602250126
-1
8350756131
-1
8087623177
5522970958
-1
-1
6422187040
4110456241
8353965409
3899852267
8833169553
9465896282
4694845088
3211510195
9336140121
-1
-1
6061808862
5481915498
5547970023
5617494508
-1
6042836695
6464033920
5379013194
10547973807
9046517564
7353469973
4808586912
10328646826
-1
5247719574
876555659
-1
3903065712
7648805940
4196116456
2808032441
10259038007
4747526336
5078211567
-1
-1
6961452022
4762100871
7406843438
4821452206
3261181318
1937202558
6023912956
6863594164
-1
-1
3862130291
706169682
-1
7896670999
5920229239
-1
7359495616
2644248223
6528675218
3723640489
5539681519
3531833883
7016298042
5418352616
10001373862
5456060048
-1
6404191600
2493411647
10077880131
7843152953
6391737415
3642963381
7722432070
5453239272
7012397800
9658901189
2214792665
-1
7377488729
5217952890
7864387729
5025273970
5812151068
-1
9155172622
4443971796
5579868465
7514743053
12646946721
5041785945
-1
2975637399
6455948615
-1
6414974188
6626682724
3684792278
6734607815
3030828166
7064167225
10184941539
10974009782
2078788291
6323870673
10260318843
7450520229
7861028035
7819281750
5096442896
-1
8853094541
6649683847
15907275601
8108291291
4941885577
23940
9149684933
-1
4057305739
1834398524
7812876050
119187502
-1
4854203570
5209424113
-1
10362627920
6999786804
6805834663
5863508097
1320457828
3917643298
2097763973
8459186168
7247342396
3680715348
4737561113
18613649379
-1
6431601427
4762696888
4775765477
7879663700
6400170612
3726733924
5204101784
8871443734
4199398549
9375891962
8703428897
3787697773
2999818817
5693048650
-1
5616470605
13129778902
-1
-1
5124165210
2789144918
14773529920
12628851781
-1
-1
6684730353
2003554237
5156874066
10369656044
4149320076
-1
-1
-1
11475605015
4917178115
-1
2014750347
5918300778
5699849299
-1
8902264715
-1
6359408259
-1
4332945363
6515279810
11773096631
-1
6079310233
-1
7098116860
-1
-1
7193268933
7911180910
7021483329
7096937086
-1
4306883202
-1
4916385181
9462763196
2415905401
7513058290
-1
6938140654
4203872817
-1
7038553474
4418604547
-1
7206686274
-1
-1
1805727085
4481253798
8302897933
3507940092
4184917831
2983098007
3804880536
7436926522
-1
11038977614
-1
3868615779
-1
-1
-1
10467267521
6050524217
2126226805
4815082779
3406089412
4209340307
-1
11473439272
4863824852
-1
10138674825
4688538429
-1
9407846605
-1
-1
7473610834
-1
5380971406
-1
5844433095
3599234581
-1
-1
3183492878
5068305800
6125266530
2557526305
8648137750
8718034285
7276597876
3209103944
6015505083
8431281777
-1
10847648486
-1
8494820343
-1
4649731282
7283766531
-1
7381805238
4444958287
-1
7324156552
13243721990
5522150759
-1
3295431396
-1
2997906594
-1
4752191163
4049615237
4691160072
-1
8240883433
5644129256
13352499465
6154724345
2824446961
8536468701
4124847711
2394250537
-1
8482766888
-1
7450677579
2836586841
-1
3766317215
8595776159
6645356644
5647694278
2071917539
8080112314
9823806532
-1
8760855234
2868149149
6642480928
7271652383
6845519383
8543945753
2682729741
-1
11970526916
8992755134
2558633992
7457492063
6581213068
3530016411
3564988502
5615745584
7003257210
5756583126
3502731421
5590354255
5034160662
6171183584
4282980086
-1
8204104178
2749579402
-1
4174117906
7649847603
-1
8899773417
-1
5052869705
-1
5313117957
2792896033
7294870512
6128017684
5454922204
6049938363
-1
3783403560
2679452814
6511560821
-1
-1
-1
6105429296
4708444305
6496201970
4602379604
3610286687
10319576893
6004716814
-1
-1
9006459622
4834895917
-1
8043505282
8809545003
-1
7121119275
-1
-1
5580937175
7043271847
4830437260
3267902446
4720609377
2110220027
-1
3936675485
7983863758
8891095671
-1
7468410269
5912083946
6048951917
6247991507
-1
-1
8399507210
6408997903
3319944521
12110798609
7299013714
-1
6596510373
5561986847
5203329706
5801420672
5152297556
4810155261
4348175561
-1
2249156902
-1
-1
4187625031
-1
3782432080
10868936330
5914798702
3179627974
3291793597
8774790675
-1
-1
-1
8471812989
9640556550
5197808650
-1
3561941486
8359863136
-1
10501243292
-1
-1
7465861139
-1
5309807458
10684882134
9478426530
-1
-1
2922331908
-1
-1
5427439113
10032378918
3117872632
-1
-1
-1
7207569514
6131920049
2206297292
5909516614
-1
10459928544
7899034265
4880545361
6296517636
2824754818
8541551277
9562819636
-1
-1
3384012697
2164941399
5416758695
5541237932
-1
3743722610
5855387212
6429560428
-1
10585428387
5523387186
-1
2221262816
3687295739
-1
5873069915
7690924274
-1
10102183399
-1
6701652552
3477959330
2564026124
10088716322
-1
2221263520
9124754219
-1
8417571458
-1
1968839060
-1
9546504434
-1
-1
4564370438
5419642422
-1
11244149201
5572078847
4578272662
2587906015
-1
2947514586
9929587613
-1
2767332366
10956172802
6625670974
-1
3195827605
-1
4452486949
-1
8445416132
-1
-1
7546277922
1755950096
-1
7733517584
4808587538
-1
7853479467
8801150419
10249252662
6209090823
2859834783
-1
4466647325
3522080513
4436043191
-1
2721127216
-1
6806136973
4728666246
3374581370
6388922053
6331000339
-1
2086145578
-1
8778596154
4395994483
-1
-1
-1
5266611818
6208176102
10091107806
4002719501
10573681975
5947528208
-1
4253347433
2931832408
3952856534
-1
-1
-1
9234730611
11773277883
8536350010
6597117762
9638280461
3268239265
4378220365
-1
253740936
-1
6423047041
-1
-1
-1
7662500574
3640688732
-1
3565317560
2574594844
-1
-1
-1
1190987508
-1
9604826774
6124315042
2998805576
-1
-1
7473612165
5440967949
-1
4377626583
-1
11855002381
4740883161
2244829068
4413903196
5595081100
4685220620
-1
5773510840
6932257292
-1
-1
-1
6248916855
7907974239
15934883544
-1
-1
-1
-1
5084973537
-1
5699239976
-1
2115936565
-1
6413923387
5855812066
6032857794
5795292441
10928624637
-1
2606151398
-1
5055175043
4078720461
6119703190
2527898399
5209485669
10076747454
2807908841
4255843044
4825482032
4366618003
-1
4481505606
1724329324
4627645659
-1
4992350294
7331095929
2456214687
3777129388
2239592927
7868417448
4983653648
-1
-1
9739057923
8045544474
4368732094
-1
7911856137
3778298466
9173125662
8881299238
-1
11300160682
4374140711
9360776349
5620885426
3216850142
5630667332
7635171302
10126099570
-1
5379008001
-1
2008757007
4404042108
5440530910
-1
7602424975
9235667714
3833415797
7827719657
-1
-1
5773634881
3223721120
7074870047
-1
6298366468
6517091637
8868239690
-1
3716067531
2811830830
1656790532
-1
11115167031
9661754452
7169964176
4545660416
6626534704
942091453
3334620985
5485654786
-1
6696796901
6667578224
2090695756
5129193454
8311134241
-1
7176266550
8200308351
8636085419
5288821656
6144707402
-1
6894734189
-1
6780895608
7580980474
4316172697
7257778452
-1
-1
3042983614
1187837160
14879658308
9014237535
-1
-1
6807886365
3486399988
-1
3405293689
-1
9579754729
4373859219
6400030537
-1
5771460971
8969194664
4015158274
5607176695
2489839671
2736481608
4648264715
-1
-1
8799964476
-1
5692711766
4675181263
4087506352
2119082854
-1
3503963675
11187778920
7695166225
4632074562
9097901985
-1
2955770040
4560071677
5669437907
3457481909
6200462417
6755756531
-1
6614961668
3841960449
6206387872
2341978468
-1
4488672853
151381
7214892239
2450753082
6084698468
7082257577
4843382651
6795040988
5348167337
5937282019
2614611336
-1
7082074651
-1
5590788703
7825476605
4622879347
3836719869
-1
-1
-1
3441096454
3008768199
-1
6672429492
5901351150
6325387856
9947678860
7461282903
2919
103
7071860251
-1
9090722531
2947701991
7958916946
2325979420
-1
6405673976
4515698486
5987418819
8690113505
6569948455
14550305812
-1
-1
4031181881
6323062688
7421677743
-1
5139687300
-1
7418639711
-1
3101092514
-1
5278897061
10461267615
4477997307
6634125766
4878539375
5077080659
4137681951
-1
7647892749
9981601223
7070170797
10466830477
2900705219
3153237187
10148116635
7763165862
-1
5602623574
814309000
1376407316
2775178444
-1
4623640918
5136518037
2113486153
5442888552
6151036037
2469774812
5195790943
-1
-1
3111373451
-1
6940241509
1307625789
5778056037
9105935090
6939072144
1465709078
-1
-1
6187845974
7494601690
-1
7825517387
1365717860
6713672851
-1
4406703870
8059899609
5021068275
3220751824
7718436630
6788830399
2229894679
-1
4883487033
-1
6296734203
1229711734
-1
2645879915
2231880456
2322352231
-1
-1
7806371716
11489148467
4672056022
9491852073
8625749826
7480636955
12549527193
11292650384
3637353723
7084852396
6902575810
-1
-1
4756204534
6347666591
6089240501
8345882377
-1
1196691792
-1
6197918250
8991346926
5362585073
-1
7307550617
-1
8183516045
2144847315
-1
-1
9743700279
-1
-1
3107091827
-1
-1
3892823457
-1
-1
4227548591
5568484468
-1
5745848357
5152163579
5579814576
5428999334
7677133412
-1
3850889319
5555411179
4918858026
6209459628
7638648012
5235364375
-1
4706300860
-1
8685868083
2460129503
8305371300
6450212072
-1
6297755122
1726668191
8824398852
-1
7138980794
-1
-1
1506889437
-1
-1
-1
5413515199
-1
5018950129
7882791243
4133044259
-1
-1
1648039927
1650266277
13606217530
10727365031
-1
4195594435
6190880439
5153209500
2911028171
2592170256
6159550899
4259245008
7326429787
5481156735
7101156302
6249287048
5427879871
5876062816
2060234624
-1
-1
-1
7109331686
15177019580
9233572460
2398589431
-1
3060995981
2609771591
1808773639
3210766539
5635500077
2232365403
1346150105
7872494584
5365275967
4087274384
-1
-1
4517587447
-1
7950246817
-1
-1
-1
6078461577
-1
13779931591
4253519829
5020464316
-1
-1
4982767686
3361018161
3827211013
4914796637
1725938656
-1
2368075737
11774826006
-1
6685570147
7858254790
213906260
5504796277
6331622129
7398320704
6708463884
-1
4633086832
5035518018
6896742403
10845234143
9798424432
-1
6692896241
6730710788
4824190299
-1
6080322328
-1
9469100763
1716471611
3542559362
5449009172
4013125042
8004451606
-1
3583155440
6402291771
6228455047
7323616917
4793255259
3030618710
-1
8437463586
6266515707
-1
6222313777
7109406298
-1
2512744894
9210465183
-1
-1
8028924392
7897449125
3625203620
-1
-1
7450737238
7354482850
5951102157
7815980287
-1
2299089434
3720938411
-1
3059627033
4714222907
6465427911
-1
-1
9848321143
-1
13327905371
6980245659
4576328836
8610258818
5760335501
-1
4230059297
-1
-1
7484532698
4837163131
2438100648
5463701118
-1
2541734942
-1
-1
-1
3406347253
-1
1506815732
-1
4571739448
3462279567
5073031169
7284808500
4267
8090091573
7939247175
4365751763
1595858855
5742696337
6974438433
9888449063
-1
10069389213
2241270260
4302622797
-1
9857908168
8919140027
7138350733
2841776777
-1
11155663142
7740583329
-1
-1
9486108479
2133582810
2733220847
4850602490
5705882216
3796835769
10300852405
7054459821
7397570040
4789409424
9603202857
6057790910
-1
3663468843
6744105000
4284403876
9215582694
-1
3549985832
-1
3062116675
6017062210
-1
1759572469
6372851493
4294101707
1947240411
3845523971
8986723239
378082143
5496426807
-1
8131553962
7223142440
2999099938
4588447106
-1
5999725461
-1
11218151628
-1
-1
965866943
4202877438
7527543843
4252072450
-1
7152049096
-1
9197674174
320258819
2709105177
6001108217
-1
-1
-1
9240191253
5972098171
-1
7249666535
2557521583
6944546810
3394766716
1474048511
9571814625
4645247945
-1
7079579221
2464540885
5147533392
11312863282
3267879007
3139824605
3223569563
4205407645
6369954336
5106371523
8002829944
1266743585
-1
11102552761
4066703412
12211227729
12864609471
9090816537
4467843084
-1
4942156793
-1
-1
2540882332
-1
1255766089
7516369642
4732516930
9637285928
10076747454
-1
1055259691
10135672561
5685134950
4412169222
-1
-1
3029894679
7315663400
-1
-1
3565505935
11607297576
-1
-1
-1
4204095029
-1
3169221265
-1
3052933329
-1
-1
7786928139
-1
-1
6947973575
5044185898
-1
5191644890
13376491569
8746619262
4412815476
-1
5003707885
10258453193
-1
-1
-1
-1
8723164003
-1
-1
3808168117
-1
8313407070
4557667473
2820885261
5052692189
-1
6183246568
8453146697
6324516673
11800328115
-1
5519205790
10118161156
4694319604
7297135058
7050710881
8469978922
12021888537
6749536204
-1
3000206369
-1
3737994508
-1
-1
9080937783
-1
-1
-1
-1
7555714645
5401785545
10003894927
4995772606
3463838301
-1
2764033275
5125841449
5750889413
6453019181
-1
8293471551
8816615372
3229295669
7895203038
-1
6065469882
6483689429
-1
-1
-1
-1
-1
2055304493
4566054931
4043717878
-1
8478951924
7300527907
-1
4563414730
2085900344
-1
13674546525
9503690226
3939775015
-1
6648802767
-1
-1
6887453635
8464428261
1630647253
3270031059
-1
2958070346
5940983163
-1
-1
2966157743
-1
10469927011
-1
6172835988
6430156847
2982686337
9983475861
3922863002
-1
-1
4137187826
-1
7265844691
6324706701
4113150553
7884818840
-1
-1
6757700714
5692522892
-1
3914554359
5695807303
5347926841
3356693287
-1
-1
1815659419
7759464448
9828282571
7974032698
7699071931
5889877507
-1
7308602274
-1
4574311148
5720892721
15462261424
-1
-1
5872211084
11552138317
11375314688
4279722600
8666516124
4561444184
3962066476
7391454706
-1
5374751613
9012015892
3103196065
5965539936
2650361939
4863665025
3491907810
-1
-1
8168563362
7502150654
3469942825
3918259955
4523549017
-1
5964741594
-1
4676384943
2384597404
6515081151
8826051502
6788323433
-1
6670193055
6700513208
4041769871
-1
4204035435
-1
5526179754
8440622977
5711225195
12867464272
-1
-1
11971870749
-1
11394946741
-1
7171109983
9580796011
-1
-1
6211347057
-1
-1
5245373143
-1
-1
12708979152
5728258284
6344981911
14372058610
-1
-1
3444864929
-1
-1
5418025151
4587204731
8361396599
4326373231
5916197077
8346494386
-1
4061193500
2398868008
3048866694
3094932084
-1
3338731788
798612825
9320105269
3989810058
-1
-1
7540337806
4023344212
4020276936
6791176668
-1
-1
1478291085
5870796662
3610721960
-1
1238788802
9101575376
-1
-1
6035245625
2015341997
7155811834
8160819007
3229920164
9430395362
1266354804
7314757269
6459193498
15613063577
2728705808
6235863111
-1
12385228921
7369670192
6087651103
11973956769
1876067343
5375904048
428564049
-1
9198679932
3525492378
10905407029
-1
6416269242
1765489597
8956789097
-1
4625824770
-1
5243811667
12500393144
2845778283
9816612488
2952570687
5087575943
5644988211
14512077713
2978787000
-1
-1
9134817548
-1
5127880439
3096943895
-1
3623966056
4021730292
6150871105
-1
-1
13818215222
3550585209
7916469769
8678351014
3187129758
-1
4065204906
6010718878
4605493481
4706481911
-1
6721138118
-1
-1
-1
1749872113
-1
3505603863
11741601154
-1
588607238
4143596642
3439996041
-1
2221542881
-1
11982975291
6342772795
4826735726
5541576394
-1
-1
7316169173
5272639234
6817184378
2236957000
2929531110
-1
6523104350
7962343694
-1
-1
-1
2232227204
-1
7357835719
7848425156
8168933769
3545242860
8751083517
-1
7716099146
2665863754
-1
-1
5123251104
3988197906
3189361226
-1
6188460737
-1
3693194859
-1
-1
2923350186
-1
2643982402
-1
-1
6186627849
8074286140
-1
-1
6356946323
2553187580
-1
4781370812
2960040920
9334737604
2701054230
-1
-1
4574142874
9558258688
5346558971
5336367831
2775055872
9631040272
4165985695
-1
2427000141
2625845263
-1
5680952098
5043280426
3968762523
6621875902
5374779054
5537850800
8252115135
12531621010
4466495975
8181277502
7322912074
2667341807
11244784222
-1
6999042116
10268826513
-1
5377073104
2665541701
11024224730
14083366553
-1
4147790565
3819442291
4965840174
-1
-1
-1
5366939592
-1
8478292120
2571759293
4603849199
9529430144
-1
9388477120
6537823598
7040090059
-1
-1
6495617385
2236163353
4055061970
-1
-1
3301241225
6003966377
932629305
-1
9102215803
9398346413
5849191959
1977157230
5707355274
8388877672
-1
3743441248
7604206483
7190115129
9287300377
8086811662
5742478159
3083699406
-1
-1
-1
-1
3379233984
-1
7764030698
-1
10786170886
7054356457
-1
7934022515
4428074710
3857832186
-1
-1
4019846267
4454821359
-1
5944204946
-1
10970378873
4176733189
7398354158
7165095408
14641675494
3584730397
2857252226
-1
-1
4640066876
6392206628
-1
8777755569
7714526468
9928782544
2065403845
4354381809
4309519921
3269499668
-1
5103126413
1810065409
-1
5950171850
2993759803
1713701447
3024646086
7733491634
9150436932
8788727630
8414364458
9355262444
3582121416
6473019157
6931419362
-1
9593866155
-1
8115088132
10685292494
-1
4331568085
3352611099
10818005393
-1
7585841453
11097575718
4009725594
7252737158
4671624790
4253356026
-1
9815674163
-1
2534617745
2243045449
-1
5466937634
-1
8324889260
3049249809
8713590865
-1
2443166196
-1
3904415275
-1
2801510142
6624442837
4988032086
3096605672
4223442419
-1
-1
6703708422
-1
-1
7889999394
1520316274
-1
3931303923
-1
-1
8961558711
2917099185
-1
5117698747
4399384937
5074911262
8536160697
3706623538
5658395221
9004526353
3370006403
7125279627
-1
7232422573
1987236231
-1
-1
-1
7307926986
10920640133
11750707568
-1
6698309809
11344557124
9635744864
-1
4841617071
7008915221
2287297406
-1
-1
4137435014
2737052811
-1
-1
-1
8367365084
9211902636
5540704802
4861678413
2311597360
-1
4683087506
5364959281
6878774819
3916113990
968332954
-1
7611726880
-1
7047945663
5783722718
4635507354
4388697090
4468633242
7697328722
-1
5379480333
5040204862
6199958521
3187587527
7814121263
3842577174
3127323740
-1
-1
4483112583
4708444305
-1
11549977366
2918264722
3301092926
-1
2768243194
6176495217
12215877332
-1
-1
8975324354
6251530423
6754896768
7320333758
3155319251
8032421153
9978065658
1585549704
3338469816
4472947781
-1
-1
4848862658
-1
6244787715
-1
-1
3314978661
3870981472
9834682177
4155478316
4344061960
5800494310
-1
-1
3392271108
-1
5665060524
-1
4656998185
6689288886
-1
-1
6535941803
-1
3521537540
-1
-1
9014150072
-1
5018858276
-1
6597803157
3359100758
5154844219
10626686628
1429409257
5005625836
8137694839
5341139946
11306201685
10410004280
6831212634
6581785658
7846296984
7923555600
3123849528
2523432697
8797982849
-1
5435387864
7839861913
2774017205
8221497513
5732407760
-1
9320206091
3474016732
3764776418
-1
-1
-1
6587763138
-1
9204420978
7055886113
-1
-1
11557432163
4343746447
7936438686
1920145357
4338021457
2935551069
11345884101
-1
-1
-1
5763729431
6024104848
5537974615
3872896443
7989083264
7602565143
11041669079
4860655428
2659329944
-1
-1
5310697055
8982718126
7032789917
-1
-1
8454287845
3817545544
7026802447
5804185555
6544067888
-1
-1
-1
7630652453
5407334508
9258115959
2878261999
5661494486
5817456776
2248980668
3954903111
5652124671
2449958932
11416917099
7034027549
-1
6886003334
4312368209
5141352209
4849888223
-1
-1
8557132102
8209317977
-1
3834445068
6409602206
4057465941
8580226929
11084000816
6819323095
9701913226
9055893475
4966378173
2356654272
1543963339
2963024818
8888103432
-1
-1
12785681224
7928334405
9433709021
3041386791
4201975647
2763479873
7882574419
-1
6958328200
-1
7604306010
6481683579
5405889060
6939183019
11760199643
6622897859
8189789096
12951280366
8300161112
12419829507
-1
5087215093
400773023
4952924537
-1
7430115383
-1
4012221905
4418471175
9225805259
2218263488
4564398090
12091869813
3392802060
-1
3592076175
8043344228
-1
-1
3999816855
10394931322
-1
9863185380
-1
7074779686
8850628532
4989622682
6526023517
11983530894
5863990380
4847186361
-1
6635339691
3763461292
-1
-1
1672965918
4819995027
7953168454
-1
8962385928
-1
5624132135
-1
1380192536
3189693322
-1
4629204966
-1
7032306344
-1
9695956707
2795806575
-1
6005470925
2875459241
7236132193
5697094387
-1
-1
-1
4228935900
-1
-1
-1
3689579800
2571642862
3788358981
1786563065
6543483165
4918089288
4437691648
2902237369
2652765341
7024700213
4631907425
8565903281
5061861823
114683857
3137729442
4015927440
-1
-1
8370158990
6647622503
5391058985
3827484780
-1
-1
4536427372
4188667139
4450295056
5481404699
-1
6929439998
3114260691
5475399128
-1
7167212268
4926972741
-1
5134270531
1300000895
-1
-1
6103412427
7993206056
-1
4140169279
-1
2531161616
-1
-1
720066378
5011916436
-1
5398104982
7166779503
2259384715
6628090518
12410868981
-1
-1
1563682165
3756316176
4143596641
4076585122
7762668557
4123081090
8460828129
4382446539
-1
-1
6815536238
-1
10032790699
6215725715
4740883140
5451344051
11099690897
4975675598
7507319326
7313389477
5516504520
6668950604
5371391636
3882225587
5975225843
7000907225
-1
4891017137
-1
5241444044
18107648550
3891943541
5437145225
5468041288
8582235190
5136429734
3823841334
-1
-1
2355795686
-1
3788491557
-1
-1
2723509120
2841089938
2006275365
-1
4925423339
-1
7799306096
-1
10005165373
8588752467
10736929547
1413481609
2841363539
7490422104
4003002782
-1
5790905736
-1
11013040651
-1
3643105957
2985826755
-1
6098343837
9677733994
4174053400
5853073611
6801860275
5765386674
5997500328
4248225909
5617709452
11558793531
6530376021
10628472124
2418315316
4836935398
6529839991
9933230475
4632128521
4122932117
5360383455
8918963840
-1
6179923565
3308701788
1266990069
6230759945
9640816212
-1
-1
-1
278750662
7522957304
6089108525
9116553758
3691403832
-1
7179274198
8308901393
5674697908
-1
1099346488
-1
-1
-1
8681651775
7067368637
1895127870
7880058768
-1
5977017878
-1
4816630798
4519601078
6585227522
2437825822
8000636960
-1
4263703239
2469179883
1914684485
8177041704
-1
6010909453
3035840227
4214547604
6786557959
-1
7404252006
-1
9432392316
-1
-1
6637333034
4467214924
4969397624
5564102116
-1
-1
-1
3385458337
10124582841
-1
4248036017
12568781665
-1
4975264398
5628642172
14539054889
9480898904
14250194937
-1
2980508285
3703205410
3692423644
16887916888
3198492998
9438918313
6718205817
14063253472
6184470484
6234991523
9789037415
4847213806
6657753309
3461118956
13111104936
9410284915
5278314639
-1
6138500625
-1
-1
5934037433
-1
-1
10034388138
-1
7833315053
-1
4568232294
-1
5042038808
5867179247
5913293061
8200193341
6932774755
-1
11881531083
4234962327
-1
8906702069
-1
11614938005
-1
5861271424
3640342766
4536427487
6057447763
6876596585
-1
3212683777
4119590461
4126221483
4923252313
-1
6348034603
15430219096
9216729814
1137098543
1506924607
5420443508
-1
4408373656
4802006568
2889138060
9555517460
3985314543
4652516259
10831181717
4802103208
8004273529
-1
7766811512
8305593199
9024178719
9460087280
100543064
4695616866
16877341413
5051784271
5799272966
5278820813
6347981356
-1
-1
5942254012
-1
-1
-1
-1
4653251307
6927714107
-1
3340141503
3919798787
3556497891
3523329150
4399362318
-1
-1
10335046818
6935622810
9319867266
2740974497
5588914461
-1
6810204116
4568668965
3269769314
-1
3970608132
-1
4201835101
-1
3526832041
10683041204
-1
10533997900
4476613884
-1
-1
10501418277
-1
7981350053
-1
3597084102
-1
3449053071
4436708623
-1
11187778918
16265465854
6205191346
-1
-1
15892266627
4396057683
3566947200
3572235240
-1
-1
-1
-1
4300362862
8425941480
-1
3553663144
7104019409
4665379156
1247949047
2623712105
8416257024
3032122354
-1
-1
11286588033
7296453308
-1
-1
-1
4921371434
-1
6124024840
-1
-1
2248973781
4680372821
6636385866
6561076549
-1
6383144790
2425504535
6464889692
3751236353
8960802226
6542440909
1175520871
3521022163
-1
-1
4636966163
4108008402
-1
-1
-1
4847459081
-1
4454174516
7927425763
1249149902
6437621104
-1
3536179627
-1
-1
3813231020
7019847494
12681350692
15140113204
-1
9641215167
7165518836
3127964766
6863291571
6260523203
2029950399
-1
5198080319
247397489
4790534968
7710855010
-1
5043818826
5798491770
6011752110
1351685630
2442888915
-1
-1
5229786901
3979483646
-1
3831204402
6722491859
1902663249
3270972603
-1
7436515772
4688339629
18287036113
-1
575137681
2123387945
4135498266
3381001004
5498515030
1892692641
4231345676
2604534110
6512752711
5554822134
2977870056
9090470239
-1
4675868515
4956336251
3800398007
6737504033
-1
5360576978
4989546434
1911861635
-1
-1
912915111
-1
-1
9824435025
-1
-1
5584673586
9704055824
-1
6906746014
4645647225
8672562629
-1
5403238409
4970892664
-1
4157981157
4880559577
-1
5411043697
2717982289
4467862942
7154081228
-1
-1
3525441840
12064394368
-1
-1
10925456255
7022863948
-1
6852959026
4591997405
-1
9101350139
2468668348
-1
6142334529
6062776371
3287136042
6466854796
5471199781
-1
-1
5035152480
9167778434
-1
7623331743
5462730864
9653033332
8235008227
5723490117
4846662392
7246296776
3054925080
2665811828
5245051476
4580001950
14358150034
-1
8268690138
-1
3819298223
3444834902
4574311777
10076792416
1391640336
1417301236
4821125827
-1
-1
-1
5191699507
-1
-1
9687671110
4025499954
-1
5222755599
-1
2755005346
13701369951
10163293928
-1
5462430640
-1
7322869624
-1
660917445
1945269329
6107617636
-1
5980042157
8215524564
-1
5998577865
3040958524
-1
6758612556
7597867359
-1
5327208736
7463300387
10465762806
-1
4896174035
2528889866
5387118223
12100327889
4025138461
-1
6669084862
8248753987
5410260775
3695948115
4959787080
-1
-1
8164181887
-1
4910770767
-1
6050553595
-1
5983389065
8353180094
2910120163
9418374558
9775143745
4578691007
5890742498
8030331447
4790600913
4308534573
8311380914
5408644113
7953856405
-1
-1
-1
8817386988
9094202575
3774932649
-1
2601960369
-1
-1
-1
8110740357
-1
2913672539
-1
-1
4429975328
5828106385
-1
7291944946
5295822009
-1
6654798840
8672696675
6733103660
-1
6630617220
2208179542
1641330333
-1
4671122804
4005922923
3190206598
9764236186
-1
15788468668
1989090424
6793020601
-1
-1
6978814046
9449661635
1801457510
8758058388
9020299909
-1
9296332869
6944834121
-1
9091136237
4485873873
7482860931
3878950637
5743639938
3659862534
3960919385
-1
10015996148
4760814198
11660706273
-1
-1
5134179958
2900290790
3768129987
10222741167
7948568003
-1
6745905003
3188323637
-1
8378825040
3853949475
5150837073
6003936622
7537943749
9331728494
1087346177
8364449995
13779918800
4065126964
-1
5867904867
-1
5315442909
4634466750
5100033089
5916319304
-1
6875218375
3671488474
9162377796
3559003288
-1
3036387616
7181383517
4891633425
2773291356
-1
4546706191
7852832844
-1
-1
6222827138
3716094272
3374291522
-1
3404235034
8258631021
9495266378
-1
12805478560
7221928871
11568818835
3753403727
-1
9665517881
2055457883
-1
-1
6388399458
8084380442
6000737252
3407288232
2947792444
5887368586
5271461629
7677547839
-1
5017171079
4297741222
4452557516
8033979583
-1
6903532043
-1
-1
5823436470
10083652705
3587847551
4137340956
5615163629
4605720945
7774813491
7640574101
3436295227
6952743213
-1
4687328763
5593732113
12633962035
-1
7897200284
6888938583
8330438340
8162127679
7953991197
5882968553
8634060127
8971773361
6083647947
4878904373
3182552814
5637030516
8167944618
3367582491
6177227523
8127606103
-1
2453141225
2315400025
10174401149
7782356215
-1
6697708168
11060589775
4219970969
13145400085
9968365832
4528868724
-1
6493841597
4480867701
12313317021
3227507084
-1
-1
5026279906
5088995163
-1
-1
7239339213
3935423603
9273905733
6263202549
9448752863
-1
14904983332
3282903443
-1
6575786320
-1
5386092410
-1
-1
7645360644
4173347929
6162938329
4928930970
3344442640
-1
-1
5302107119
-1
5332209574
-1
-1
-1
11465142836
4381809780
4136526506
7525618072
9832118427
7283939136
6476612144
3425558813
4185909991
3791267933
3897852440
7302391026
12076240501
5978515597
6561253314
8086522461
8192127215
6509854502
5046333070
-1
4259691492
6096773737
-1
6033489141
-1
-1
5889160395
3195311517
3003116770
-1
-1
-1
4379522497
-1
-1
4275315003
5205079193
11880155405
3485869333
4629163816
10873608545
-1
-1
-1
-1
6645356487
2442057362
-1
8356997596
7025610533
5914639800
7383455758
5977550241
2873866472
6583349792
5818687263
10227182095
5591512296
-1
5861052372
7713697398
5704675631
2879248433
-1
4559733878
10865955290
6425157317
8718269514
-1
4677874061
2089484491
-1
-1
8800075884
967655941
9145656747
3267123979
7098855458
5132609225
-1
-1
1390451607
-1
-1
5669115228
-1
5132717694
5351919130
5504449627
4201744975
4503487722
3386663253
3879091287
4968974116
5740683486
5803583816
4455414484
5736649312
4728903361
11099283911
6292477130
-1
8528776371
6933917241
2967303832
-1
4979901780
8702803380
7590212955
5331475994
6862569800
4355097750
3875839091
-1
6412816443
10182142434
1478006142
7276300518
7786928138
3704610811
-1
-1
5672385891
3514392617
9747442013
8614850320
4479255036
6234524427
3668494532
4747861943
-1
-1
5748645891
5155618547
9420556051
12711144402
10098226537
1610431604
6572497635
5801679554
-1
-1
5072934404
-1
14809028904
5483187642
4810954859
-1
9975593417
-1
8627413995
-1
4844670039
-1
2249027513
5293183210
4401807320
2762818178
7200346793
819619092
12212765328
8043347587
6095615556
6938298861
-1
3655982534
6384038212
4495350346
4396029535
-1
-1
-1
-1
2275469918
-1
-1
7036730101
-1
-1
4622811682
5566213317
6896595070
1762300630
-1
-1
4274032733
2604533977
2552338658
-1
-1
4936133785
6894501506
2954753827
10788482804
4674638551
5024800687
-1
4089592033
4535808711
-1
8937971572
7371681474
5692708419
5623849192
6079131387
3756697681
4277723684
4548702839
3105187171
3346789485
-1
-1
-1
4932163969
-1
-1
9153616085
1746313005
2939572264
6170071641
6130982284
3596328342
4045164458
6512486843
6667443287
-1
3642467972
5707453678
4426692532
-1
9720782674
3645750895
8035256755
10717257997
9493313357
5349931731
-1
1387686290
4365337580
6561571916
-1
5608085971
-1
-1
6588604163
1756638198
4931488575
7665442515
9370779063
7461556853
4356690010
-1
2346030177
-1
6364635412
6362332482
7623861855
-1
13107140500
5239382160
8778107316
10246547324
7329568916
3238937713
2501128770
1741601097
4767251690
-1
5460360089
6175161207
5374254702
5147202348
8089746225
4470797203
5852154155
5948515078
3788315183
1587457858
3655171217
-1
-1
6427117927
-1
5634561117
-1
-1
8464156535
-1
3276640063
12156780795
2871539395
5419762649
7194576819
-1
1012016244
4722942233
8698907883
4424214691
4907897118
3905448909
-1
8025938069
12406542463
-1
5013656318
-1
7904470346
-1
2206355245
4343744011
2316214101
-1
6657369752
3616673770
6169038646
3490463344
-1
-1
6428735895
-1
7983622581
7181146824
-1
2003345766
-1
-1
5910750776
3641095668
-1
-1
3951397395
5929183055
11420079455
2777800289
2801510155
11243318040
184341773
7273799303
3142458113
3567985553
-1
8888663875
5247205509
4078720461
-1
17035663525
9406627428
-1
5649229257
-1
-1
3269475704
7422033153
7041506794
2285674694
6006482909
-1
10564541019
5959927498
5427075928
3545427195
1622581737
5634711763
12350324654
3300537383
-1
-1
4458686769
6299007867
1462586126
13831206030
4423083233
-1
7268159435
-1
8391980832
6973874518
2968442466
2781897262
2645436557
7634120080
6836611872
5567702836
5216157149
14368526717
-1
-1
2603619267
3840846894
4036201872
6749929552
4460680971
6927923852
4136845046
5277195388
9169469511
5666018580
2733644160
2966218702
2021570769
5669961473
3231034331
-1
-1
-1
2698982325
-1
11949275529
-1
-1
-1
7036907393
5582818214
6791053277
5817080828
-1
-1
-1
6025181320
5487137196
7592354796
-1
-1
8846493887
8447783470
7252388700
3087577074
4455344963
4768937516
7491728952
2149221620
-1
10491897163
1898794862
4159933244
6630650671
-1
-1
4427774918
3082019847
9507926424
6545916505
5068347311
6984368654
3466338135
7381575763
7428094145
5008727264
12283284972
5666928506
-1
-1
-1
878217564
7128891147
9909740150
4184992326
6022901667
-1
6364123789
6884668856
3396971677
5429012318
5663849915
7844468246
2719987829
5858271697
-1
6387320864
-1
3745727510
2669528018
5529068514
4864779990
2869239574
9034462981
3490205973
-1
9615740886
3998293802
-1
7089142090
9267202776
7057618335
5522360979
7323271544
5600877105
4320335394
4783323010
-1
5748417229
5366314592
-1
4732460158
-1
7941861270
4580388302
7168736317
4394053182
10274342724
5425786140
604924111
11600722931
7801983761
7520857906
4301542506
5508221959
-1
8530698087
6187902449
7849049231
7945123021
-1
-1
6550718696
-1
-1
-1
7432589129
5852958526
-1
-1
6897723811
-1
-1
7040208529
4487137755
9908329282
-1
6265407549
3596557079
1990659047
6449412009
-1
8182421838
-1
6998774369
7168317071
3138787047
7625208480
8808199371
1263184132
6464784755
1448283400
5785380549
6096739210
10488840829
3951148497
2626701335
-1
-1
-1
6809239144
4955798853
5335403402
5021671904
5489127445
6131629180
8975510288
4819019617
3505614188
9100156687
14977103007
-1
5654223139
6775445193
5324915663
-1
5869964671
5086216736
-1
7053516303
4659678913
3867472837
3113488450
9019639432
2872118442
-1
10036814382
6017233197
2158033031
8317908602
-1
6616988165
6633390525
-1
-1
9761333201
7776812597
8589820554
10258213473
7077343422
3542848228
10279014833
2096301463
3735926202
5210949000
5833546853
5970606948
10802021862
6395308313
3954318093
8463674134
3233454361
11750855981
-1
1198633474
6454177823
-1
3631786681
-1
4561444184
8382046472
6245364302
6149101117
6667945145
-1
-1
8387733296
8642181454
-1
-1
2117462031
7025324410
2990705400
8264194233
-1
5200723837
-1
-1
-1
12955465755
6807277399
-1
6933945651
-1
5425378134
-1
-1
3568329793
-1
3323328130
7370273923
4856271456
7754403446
7083080291
-1
3288934004
-1
-1
4066954415
10057199968
3040219704
10198962702
8937761024
3948977814
12132949089
640920894
15682984555
-1
-1
-1
-1
-1
3096148486
5147851661
-1
2811367260
5066498164
4681272711
-1
4041412175
9019071847
-1
2589100669
3971640247
9859071565
11549897728
2817155132
6687759952
-1
-1
-1
1268805555
5692001533
-1
9779150512
5069809900
3531155429
-1
8036139549
3913230613
7435963693
-1
4648149700
8201305630
4918033036
5970487127
6255331001
-1
6370758892
5020501677
9138107416
1922106075
-1
-1
4607595870
-1
5710022564
5904898216
4756823707
2044286594
-1
4710773683
2640657861
241528414
13561395989
6620415590
-1
6415011298
4243928668
4475851765
8599738029
-1
13958305472
11434152109
5175615732
-1
3045974619
10189711427
-1
2784604251
-1
6557280019
5910423684
5456618167
3659709372
3004071053
2273233483
5479573310
5669656283
-1
-1
5574991518
9321720689
5598330288
5001579559
-1
-1
3443241767
-1
5392919976
1818308206
4765504203
7181866974
2415062418
-1
7005610439
9326129021
11335795336
-1
-1
8985477826
3055198443
6285693873
2261892429
5286945064
1960915285
-1
2998984428
4018887988
4887111128
-1
6944769501
7388280037
4592342534
-1
10384309787
7014119988
3417531383
5656273873
3640342769
-1
11256397668
1744823600
4456130716
-1
-1
5465681350
4678706436
2670956754
-1
11236763299
-1
6352277711
-1
12488045516
13298559541
5290208765
-1
748438576
11538402078
5626758986
2549977611
6930736937
4249477615
3358804025
-1
6021868855
-1
8185754424
2962399597
5316406499
11210129253
4145031098
10502544703
-1
5489963781
3406144602
-1
2469120991
2400546039
14872381328
-1
1432799920
-1
-1
-1
11202691277
8688399102
5210171377
4420192732
4198305575
-1
2632943948
7219368103
-1
-1
4735253947
-1
-1
9287665298
6306211454
3101575897
3647620385
4254019750
5955972680
7997467502
6559904455
6187727581
3279986854
4195409207
-1
-1
-1
-1
-1
11877830175
4447658768
6818123499
4487640419
10311561284
8292367713
-1
2224615336
-1
4287571698
4971599485
6633258751
8471898087
3519915856
10258213473
-1
-1
-1
5884364959
4466817467
8250770045
7834721048
7537116481
2482782114
2736293367
4444487888
4589439245
-1
-1
7180250350
3504477363
6716277641
2494205123
7378300412
4996700284
4781804378
3385670343
6514619462
9908040610
-1
-1
5481458019
-1
4701201567
4292559576
-1
7066134993
7385208156
-1
-1
9982752956
5468301574
-1
-1
-1
2913578927
9342374342
3096799721
4945249954
8725610906
-1
6107113639
-1
-1
6602864782
10510568557
-1
6075024828
2913799456
6024209667
-1
6090887934
3956226823
5522051445
2133112429
5499421316
6416984963
3883936938
5261219895
-1
7911652966
12230983171
-1
1222953662
6692551626
-1
5730313366
5365679501
-1
5005560984
-1
-1
9162262740
-1
5733483205
-1
2596726303
6884380526
4825957444
4066954415
9106127362
11249504122
-1
-1
6098648751
2773135734
-1
8237709268
9132936794
-1
-1
-1
-1
6198337004
1291210647
-1
7198375114
9483687244
-1
3467843946
2915854713
5245650441
6793659652
5760916000
6428633637
1502943628
-1
11444242988
8219553798
6629498580
6775893020
-1
-1
-1
5241050090
-1
-1
6865223024
9049742944
10909331557
-1
8318576831
9057635089
10252802867
6985252951
-1
10031319284
7693933000
4845152133
3287619748
-1
7759704555
4691633121
10739539528
-1
-1
-1
5282023916
-1
8578014662
3241577347
-1
2063200642
4956318203
-1
-1
10348973886
5684638354
6992415954
6604373144
10082384614
-1
9603099022
3834407761
8008965534
3126434633
7122661537
-1
10686875594
9744888240
3667030154
4059968085
3777577664
4210385788
-1
9380603058
-1
8915000427
11606180312
-1
3147898164
8272113954
4886525785
-1
6460408047
-1
6602858217
4665037509
-1
8919685286
6413883025
9350926555
-1
-1
1242550613
9133969612
3605308650
4719936835
1723814267
2329921881
6373271693
-1
4290536731
2853354611
5673839353
12573516781
1515353147
4111988803
3929841551
7895510551
5570959635
8394314273
6332605508
6943840969
9564477456
3970634279
4436213413
2320244575
10408570945
4881973894
8504254751
7160136957
11260098570
8240209164
4608730326
3217453642
4496918642
3701862998
6732585642
5884764461
7119701462
3607078928
7618359850
6896096065
15905630768
10176495130
-1
4133823903
-1
4274289873
-1
5094413248
5975573902
7840105108
4126135087
7499113375
-1
2667843857
5012765947
-1
2985351304
5580172097
7600468577
12089219738
5146045699
5492278415
3749549653
11507807252
-1
3870515016
6796840167
5108212886
6000667520
11165852763
-1
-1
7245795875
-1
-1
-1
12682210133
6776794616
3421015454
4306883202
3180795128
-1
-1
5564657997
10193281647
6040801465
2613123665
3367277006
8413172343
4341668102
5619526365
3001486627
6952603990
5477506423
3354608606
7145480053
5538422390
8270187959
8247425449
4919867090
-1
2630720798
7963669414
6747996959
-1
7094462115
-1
-1
4903032442
-1
-1
5150294475
5314384155
8302518598
-1
11518369899
2664938651
-1
-1
2263982017
6803384948
5989110083
3829083387
5076287143
5710577436
-1
-1
6016625843
9467234932
9328412338
6728005885
9160122765
5880089964
5250945253
3204933827
-1
6888494377
6710802580
11256168420
2393928587
4023680847
5553313346
-1
7008763397
6810621619
-1
5848852276
-1
3300704421
2819086540
3505190935
5116166372
-1
9686864850
3063621566
5022674319
-1
3054770211
9201148783
7863058595
4818585035
7953856405
7795552758
5545197304
10415681402
6092967728
-1
9535371599
3992740298
4620769491
4965212461
-1
-1
4967172188
14379794114
-1
3613872248
10709911991
7496109769
5798247400
4415969387
-1
-1
1599039874
6991074896
8313380368
6202216347
6155134826
-1
15368690
10714143224
-1
7375647017
2545602628
2552014098
9475676459
4297377978
6082152420
3029766262
8120116431
1634769775
8375312602
4717847111
6236545118
3372147410
5036495938
7509117233
6573384430
-1
13099572768
-1
10836359644
3040219704
-1
4152723378
5925436817
6073253384
-1
-1
-1
6491377089
2711733561
3395301625
4904417760
-1
4004733815
3904929480
-1
5034420271
2811502352
3809467873
3330999663
5527463506
5090161024
5837783648
6497046373
-1
5833577244
4263280078
8370178085
7230217732
4594704558
2968377992
7537965540
3742887678
8608033507
9775617180
2422871365
-1
-1
-1
5135707777
-1
-1
8905553767
4477682459
-1
8089729321
2134902340
3271534864
4688040289
-1
2637796734
5094265776
1528306999
-1
-1
7094115980
10192234285
10205849911
-1
5365063734
3234123748
4482814548
9163059587
6806622081
-1
180366
7044911514
11263784897
10505778138
-1
3127239238
4775077638
-1
3417514442
-1
10850847893
-1
13635330731
-1
5374126267
5197414770
6654449073
5750488501
4268775394
-1
-1
8383937526
5865437707
-1
6753758633
3940624786
-1
3013412229
4676270175
-1
8106762519
3172540081
9776510205
7367796718
-1
8716889865
7764568497
4126806537
-1
-1
-1
9318450044
-1
5891892376
10623931031
10025183262
7722142415
8237521311
2198120057
2031146606
3374575644
4647114013
-1
-1
2275407531
5333302254
7220754565
10307835738
5940288300
1205646302
-1
-1
5957432755
6717661390
1346196811
7300432042
4163893560
-1
8133532753
4049819713
5714145824
5174786213
-1
3344072139
-1
6601825840
5220760712
2988167276
-1
8398038077
6370216392
11415812717
-1
5436338022
-1
13004721718
6799546952
6207542345
2424633160
8909765870
11177442197
-1
-1
6092288793
-1
-1
2378632184
-1
-1
8399897383
-1
10132342123
4619757755
-1
-1
-1
3676691396
11406743832
-1
5372568376
-1
5416431965
9680519859
3964193384
-1
5748798336
1848226557
3503783665
4654688916
3980715913
10868317247
10438655486
11372873863
-1
3564849074
4684987064
-1
7893475058
-1
-1
5983798638
6372556634
6703375003
3465963324
13692256489
5039784655
-1
2829791142
4470705189
5096632879
3704683861
-1
-1
3141717964
-1
5153268559
7601682896
6735611199
2151851780
8440823826
-1
-1
-1
-1
-1
4594671470
8623619654
5189680867
3867717024
5683299868
3153469938
9044099692
2622553572
-1
-1
5327973588
-1
7334984434
7529093532
6749253241
4368146339
10564378165
4389978059
4097941357
5499727507
8715014515
-1
4990297319
4661391698
5796287783
3689659367
358571555
2610438488
5744026724
5635077794
-1
3531310564
6786688670
6775367711
-1
3398779669
-1
7894710202
1357545488
6434559941
10856998670
6664135678
2828944753
8839373385
-1
11358337628
11115663821
11026307914
6396478221
-1
-1
8399161422
2729593367
6221750871
7942723165
2316032587
2900528982
-1
13599148325
-1
4886453559
5563476197
9255708045
4000978730
6172989609
5166931724
5811992154
744722
2127447358
-1
-1
-1
-1
-1
2755459403
10940894499
3414861719
-1
8086341211
3895714920
-1
8746049734
-1
-1
3460614161
10037396368
11218596514
10070518105
-1
2446478105
1063555067
6641453320
3635558967
13107048923
6156525031
6253874221
5167031922
2612853823
4389682735
7232580042
4350537834
4423316587
-1
7247366837
4074856805
5599158900
4330975747
12878107524
7452546152
1475814319
7741268648
-1
5715247831
9433943012
3897031310
-1
9501914579
-1
6391905330
5898643551
9370439806
6180479419
12119641134
9627714100
6345934750
4299432151
3094512907
6763885735
7201141851
-1
3728059797
-1
10433882198
-1
5278584790
4857310977
5103310060
7939521654
7322188791
5887194318
-1
7341230883
2004476704
11125172608
6678015895
6011203519
7768742042
4639623413
1626592821
6046229919
2376072872
-1
5597578265
10080272774
7107428802
-1
10679308994
4690243591
-1
2945265900
-1
12604659778
2238807420
7237829779
1985489739
8098154150
3957406485
5718341263
-1
3831283572
6421839149
-1
-1
9049232205
6064425976
5065145825
9235912367
-1
-1
-1
8383352256
4443761988
9437691588
4263011624
9016013974
3765472492
-1
6233393668
6823627232
6605009966
8274390049
-1
-1
9831053626
3198616260
8380492839
-1
20216397211
4817662201
-1
4586126610
5898754140
5732939024
3324050492
-1
6310623436
3058350566
9954817800
1849661483
-1
7530196335
-1
5398684542
4956555877
4749471690
4912891988
7299087081
2402294084
9675560240
-1
9391994369
-1
15754114231
-1
-1
-1
3244906119
-1
7042231452
4608928648
4907803306
-1
6038599805
-1
6906880133
14278876135
3107173590
-1
3201047734
7562611266
4063020792
5173368568
2059976466
3309414330
5011881045
10296910185
11104820450
13133843783
2571735601
3865116650
-1
2753428179
-1
1678003130
4116841576
1317159050
-1
8013670579
5194160770
5611138400
-1
-1
78540093
582700996
-1
11192862352
8001104880
3070639078
-1
5743291898
-1
7307283662
-1
-1
5033100868
11293364648
10572873454
5391125739
-1
5501583663
4567642457
6560842777
5332120247
2691896022
2980396158
3999900861
7136290176
7680364404
3563432911
12108698113
-1
6449345396
8783740016
10626817133
8396035992
5476123669
3035573
4342681146
9562628050
18434592560
4422821238
2295540952
8081461883
2814334661
-1
-1
9042421254
5521200119
8528210518
3955338507
2427459293
4964055282
-1
-1
7726272459
-1
11544514337
6214811826
9090063450
8266296656
7237168492
-1
-1
-1
3236593016
4569441395
6066663996
6268816695
-1
9669289345
6552389778
5776692556
3741181671
4190770787
4461961489
6182289112
-1
-1
3796685656
2130820298
-1
-1
-1
8642085221
4952760520
7889357286
6982016207
7789395034
7410400191
-1
2944849853
6095770526
9027185551
5090424804
1362938481
2226562066
6408245314
3949260354
12629127490
-1
6897248162
-1
3646006806
4543507664
-1
6995285846
4760016803
7518731866
6197142669
-1
8234287361
-1
3542191675
-1
-1
3059503630
6967683219
-1
3525128131
-1
-1
-1
-1
-1
7362573019
9206012258
8337483886
4733707043
3433343502
-1
3507346528
6817942418
8690935251
2412148157
7558449881
-1
13207244174
12784947005
2828971733
3567619319
6983467755
12234619966
13150773636
4268618495
5754384363
-1
9704499738
5392943493
4593413902
3002500368
-1
4738767779
5348519300
5607739510
5024885969
7699535858
4714908569
6832278029
3309574095
4967097979
4565689629
6614685625
3070356306
2572572988
5519095578
-1
11740647660
7934490112
-1
-1
6482364068
3452931174
6644261736
-1
5145994490
6403636981
6608152498
-1
-1
3464736723
12505873528
6776099130
4146593233
-1
7783048422
3902399083
-1
4796226866
2883739048
-1
-1
4411486105
2484159477
5447769696
4792766131
-1
6393735518
-1
8946488537
2870370340
4853102637
9220538145
3159962
1703956212
4936673898
-1
-1
5785505608
-1
7284433952
5062589643
2339980362
6523181684
-1
2903717103
14132074644
-1
8423235380
8895254621
2571220569
-1
4940103348
3533799652
6159727652
6663872361
-1
-1
8442069828
-1
5406962281
-1
-1
-1
4623533544
4081603541
6309999332
1646255321
6396462578
5366817771
-1
-1
2377215688
11019287719
7756292323
9145539712
4877714747
-1
2067952596
2595541130
7060339764
-1
6876022773
-1
5449656721
5554267730
-1
-1
7602599573
-1
-1
7685467246
9629416740
7889640361
7954188093
1968552849
5517461410
-1
17478895184
6463931921
9178007719
-1
9839890583
5342638605
4909549947
5829987472
5685077916
3412074027
6507266826
2958604164
8973473093
5519262439
-1
5873899790
8364747705
7372370174
9326278456
6941375413
5841356818
4024247506
-1
6119674734
8898026350
9574225480
7865395322
11846250480
4052081467
3015962181
3185144224
4002431892
3163033390
-1
11532100814
2204610331
-1
-1
730333496
-1
6397521394
6690631002
3910548828
-1
2856375546
4855176873
-1
9123364715
5118044844
3484360549
7130765169
6312581613
-1
3018918439
4188843386
-1
-1
-1
-1
5426877194
3936131162
12424907881
464062751
9603322552
4607511402
10898219059
5929744267
4976227542
-1
8307836294
3709275482
6746159175
5734984194
9376154208
9407282218
4203996366
5388614444
7664523257
-1
5470188769
-1
-1
6210902657
-1
-1
8042580827
3255189311
7796931549
-1
4881816332
10450170176
-1
-1
4146162116
14372143144
5328647099
4036452693
-1
4141834767
11406823316
-1
-1
3154
9829706875
-1
2915977013
-1
5149374157
10471255115
4045849751
5109460725
12047591645
8609442856
-1
-1
4862811598
7991101526
6884368670
7057799420
7744244533
-1
-1
4970250935
5484017864
6596645627
-1
6946221823
6850163221
-1
-1
-1
-1
9431613609
3817500765
-1
7842542634
-1
-1
5747855126
13942863948
-1
5144510537
13992512
5036177606
3119892978
4838033311
2568977281
9855683668
6997903432
6520830510
-1
10012270503
-1
-1
3813689862
-1
-1
-1
10095112656
5137022668
5467746294
5498993175
-1
2874403159
6145178299
2028157557
5518502080
4995120064
11050322484
13449209195
7689414096
7414187914
6113977902
3808304656
8560338605
13343352301
5327811495
5568180955
3103275486
2271610757
3141589633
3863615745
2240752288
5238068856
7978710834
3862880143
5411946905
5503676402
7351198617
3807425955
12834531433
6953713991
4362063341
-1
-1
4536034052
1208087269
4883414378
2151778075
2619046203
-1
-1
4081885047
5879583354
5102892783
7310086625
-1
5131915932
9454656193
-1
-1
-1
7549422845
-1
-1
-1
5832570023
2128107543
-1
9545329012
2511696986
6092897962
7690449877
4846425764
3220510972
-1
-1
-1
4922939661
6427881037
-1
7350509328
8499951260
6455267989
6191930243
3789895157
10571000696
13723815946
6084311726
-1
3978894746
9118291456
4889263129
2656363469
5612484196
9686477456
7414225162
6013737872
10758630264
-1
-1
4650917532
7137471206
-1
13007774734
4507599433
-1
5667109419
2844975469
5042644233
1516942982
-1
5165063550
99394960
-1
5114613758
9577123896
3721093737
10431901245
1261675502
7741065016
-1
2381260822
3942899784
-1
9126526952
4076651333
8231374673
2611669415
5203774385
4746652826
9196691986
-1
-1
324444581
6696185862
8470564099
-1
6046620451
-1
-1
2950635613
9863185380
-1
-1
6803174979
7201765627
-1
3759468621
6516393082
6518201182
4418298663
6105708327
3560620909
-1
6469586582
5157677970
13790673179
-1
8259234492
-1
5685761852
-1
11457251771
7746942800
6056217233
6103647165
8305512496
4063550607
-1
3579096703
2528946734
7129483526
-1
-1
8790269366
10276112108
6211387639
-1
7148426860
6325910803
3152765629
-1
2484213652
-1
-1
13456387214
5142135639
-1
-1
2434875040
3645667781
6703708422
5473979685
8173828578
8529797574
6362211629
6984130341
3100603531
-1
4799737884
2126964110
3238165135
10431299436
6003404070
-1
-1
4661513449
5692878339
-1
5475526361
-1
-1
-1
5281756418
2587993665
7248166147
-1
3342671075
5090637591
-1
-1
10262460627
-1
5935316551
5965814844
3319111046
13876644773
6786202988
5229416056
2643299457
-1
1822746011
7561620371
-1
-1
-1
5177667385
-1
6120246557
3745792113
-1
7556047323
4931835598
7249464300
3380593959
7367348870
-1
5188528174
6996980928
-1
3011566253
12326858626
7384391140
-1
-1
7531217232
2881904707
-1
7103584942
4660488261
-1
-1
10355263281
4477979336
-1
6683517682
-1
4422794612
3572681159
3280651518
-1
-1
3103905807
5942588901
-1
5054533827
-1
3819232149
9207993131
3380553896
7334000652
5013986595
10062534589
12028844269
-1
13815296126
-1
4624055130
6045258593
-1
-1
100220267
6720897454
6750185400
9071955832
4766636816
-1
6660284655
8438094877
6273870405
4974066406
-1
-1
6807920910
8826061289
2873413969
6177103621
4084352474
-1
6981482575
8381474489
12750199784
-1
2488756686
6506059770
2406669913
3480623605
13412244177
6357315877
5174360117
9238846602
-1
2029614575
3409100005
7761319518
3874667392
6282848515
-1
3379294357
5268342775
2889336129
2774931279
-1
9185503512
-1
2921746285
2206950351
5214026845
-1
11243047880
4311828584
3036721142
4761984027
-1
5221648572
3628057836
8380652514
-1
4225833658
3643995514
6019430245
-1
6078138600
-1
3735568888
-1
10982775532
8020975981
-1
510422650
1322726717
-1
10754690402
7223604209
-1
5028017514
5593656497
4947626907
-1
3010732985
8484848763
-1
12163574487
1654339504
3415232850
6384951683
2837740282
4024441129
9576210305
4573436419
7886408822
-1
-1
4341668524
9600645751
6373165073
-1
9366646511
4314710014
-1
-1
-1
12866858232
9042895066
5384989651
4140280926
3451165495
7288476749
4292310188
3040364871
-1
8467704391
4860948849
4524092820
3417893798
-1
7596714157
3552113159
2326849736
8978802314
4684423287
4419837568
-1
6285494723
-1
-1
10550794630
2622908229
-1
-1
-1
3047131074
4045211045
1036361695
6733904352
-1
-1
2468947515
4496920763
5709412493
5715414971
7953868615
5799320007
6037211548
7762841179
3271692839
5427698209
13915334912
-1
-1
7913548701
-1
1177199090
1292652447
7381747241
-1
-1
-1
6387155687
-1
3821981735
6057374333
3769479035
8195730374
12507070133
9061024396
2572632665
3735227676
4983906836
6339625649
8818136893
-1
4886996638
2297155572
-1
3731480210
-1
8718034477
7296256714
-1
2659280023
-1
-1
4740359482
1510304564
10421297866
9518175892
-1
-1
5160112987
4181512718
3719754283
5370023108
4994595088
-1
2895933974
2667843857
5735382451
8339095633
-1
-1
10100134689
4209935288
-1
6217226186
-1
6578271647
3337100597
6343112815
-1
6102694188
8839312695
4299192811
3477325283
9352285355
1798737576
6042168676
6233029805
-1
9558583007
265766682
-1
5253348810
-1
5742863189
3111405139
5744026724
3726523703
-1
9133366534
-1
10292117811
-1
-1
6232453669
7322413793
-1
5835771981
3933723757
-1
6859170081
9142805865
9499912123
1558443037
5963398277
3657031802
-1
-1
2647476903
6503400780
2999209391
3330909711
6183216857
2361879028
8108829556
5853611369
3812340661
7610545568
5218555739
-1
8675278781
6190904510
5752477962
6990382170
3728664282
4855319050
9691675162
-1
-1
-1
7190124303
8636064239
3175979671
-1
4808877130
5820774317
-1
-1
-1
1359187883
-1
4742772112
-1
-1
-1
-1
3132518188
-1
-1
-1
6840336663
3391474094
9495266378
-1
1698063611
3593809685
-1
5988477558
4104408651
-1
9767703843
-1
4011258996
-1
7253857819
5978543237
5657532912
-1
6770930162
8992433725
89324571
-1
3753117176
6515111671
3815087123
-1
5456632704
7543879363
-1
-1
-1
8818598517
-1
-1
4948179738
3685246558
2606844079
6305968029
7935740932
-1
6912746217
10308064566
566267000
-1
3824951786
7253069803
3940394919
11846130814
6670351247
-1
5888266017
-1
4874164534
-1
5770221108
5694803801
4557115308
-1
-1
-1
-1
2514082481
1351689387
3092070425
5317452500
1067818317
10166064310
3920885184
-1
6063143251
5831814800
-1
4736910298
8232492089
-1
-1
-1
-1
9165489365
6326941676
1797236360
-1
-1
6545011879
8529381432
3268239265
2472734145
4219651552
2248160522
4634744642
2652170071
-1
10218127655
4113132798
-1
3417839145
4692531025
11758739228
4951944998
2489958620
4038407209
7113574572
6482103264
5126772833
7258007295
4772343329
5911498393
2155682631
-1
8133983344
-1
4901091726
-1
4695577303
5166745986
3635308857
6899608087
11386877583
6441234411
6091197853
-1
-1
7533617254
1344041260
-1
-1
7610781120
7634604475
5639861072
7697666308
9053406865
4323857991
8176241300
10993629812
3243957713
12262788458
7839311545
5112026905
3096466889
2674251100
8978392309
-1
4182701700
9555517292
-1
9122281836
7423756701
6614010878
-1
-1
-1
3312024943
4984739863
3121208021
-1
7397550287
4966331699
3871971069
5737995266
17630227456
-1
13366219561
-1
4606372642
4694229403
5514051121
7517105411
-1
7827508171
6703426274
6772888747
4504524088
1460244659
-1
8381563607
2474401943
12001259036
8154276684
7595126276
-1
4664695971
3381434453
3646558528
5850958786
7879478256
-1
3966037957
3570534558
-1
-1
3445875059
1585891940
4776751750
5970020283
4905936762
5443232495
3125372670
-1
2384399704
3129177114
3090349664
-1
-1
5389833669
-1
5044388563
-1
12139674630
3272476470
1355184085
2361198562
1417864741
9229865798
6644827212
5181743642
3889501235
-1
7204244162
4165332474
2231188542
5707580648
5278385296
8701890937
5085577120
146397858
8900522172
6105297493
7984250092
11668204323
-1
-1
8207028631
6213698104
4811938500
5716158225
6235028009
5793630142
-1
-1
5728113414
4480510209
-1
3349669217
3942984818
10197854243
8155817948
1776498547
3649812637
6173910101
9800490203
-1
5578623067
4194133028
9391471857
2611271141
5103339271
5557207868
8006635549
7931770878
1281251295
-1
332764962
8130639303
-1
5625388521
5115064258
5864278506
4872427153
6343644693
-1
5475258400
6126144090
495303991
8508327174
5945227618
3640571725
10883026250
-1
10991788266
-1
6149903199
3053108688
8674171618
-1
7918498430
3108333881
-1
-1
-1
8729701595
7559566294
7487733624
-1
7734357913
5995187077
8740862878
6189164128
-1
1205464896
4326388579
7793674535
11868417860
1116749337
4161085292
4844693150
5326587838
12744363861
10764665879
5461858024
5479288820
7114582667
6048743432
7981043208
-1
-1
-1
13008379838
11704675495
10060373212
5777249110
4241266622
-1
6769459356
2128618309
-1
3041491886
10675281400
3036756093
43077089
-1
6897504854
5540933752
-1
8632604987
-1
11065558559
2975536047
4543020088
6784648757
3624947691
3715005872
4084743116
7744700945
-1
4926688779
2232092494
5647833873
7861524953
-1
-1
9914247529
3344278082
7547575340
7066968135
9243074877
1581091469
3630130172
-1
-1
9734788537
-1
6985331597
-1
4604320996
-1
-1
6626146512
6793565104
-1
-1
11276424499
3268577994
-1
-1
8205336403
-1
11278468480
13324844983
3653561902
2028776691
-1
-1
2551002174
11015029553
5701740710
4887450582
3880850590
8918864060
3163578793
2598828446
-1
6670880692
-1
5559143128
4299404888
7084798377
-1
1070713509
7581119329
-1
5929572852
7851718042
9130207811
-1
1201794974
6309022714
3114429436
7786731931
-1
-1
4566071353
-1
5315143775
-1
1271316634
-1
-1
6404568089
6200552659
6083372307
-1
4370936840
8484630882
4682918229
1510038844
4863409271
2874403159
10505397200
11768663525
-1
-1
1072751820
5486613071
6329853105
5258752760
6847749425
-1
8537522224
6264336769
1107229566
2523103664
-1
7944157961
-1
-1
7725757491
-1
-1
4096879711
-1
5436415915
4841856921
5142497730
6245107283
4134579053
-1
5437399762
7763638363
3439965908
4564588419
2585380372
3363663804
11039566011
-1
5695027912
-1
5521085200
6437621104
4290373817
3194434377
-1
-1
-1
5347763295
-1
6810858020
8538744790
-1
8837520148
-1
6489124583
-1
5237034562
7150249065
5126067959
2200523211
2195175975
7379361653
5806318973
-1
4439384508
8727984050
2878874896
4366308076
4229180105
8828334398
6748124449
4349497360
10759712715
-1
4275937187
8014802243
7393153476
3166490840
9418107841
2807521188
4645422383
-1
7112123224
4589259953
3415910576
-1
9378817963
2743530269
15818688449
8023481066
6464983565
-1
6000212915
4240964324
5045131576
-1
2740976191
-1
2426709155
5895723478
-1
944464454
-1
3394745682
5367814230
7718994702
5656483841
6282216450
-1
8912501544
-1
7241340680
5189815685
15541462881
5023653090
7367373256
3508199079
2515445105
8670858122
7979823599
-1
-1
3385750892
-1
-1
2581490737
4321065067
-1
5803916985
9113731140
-1
3195384848
-1
-1
14726701026
7933608248
-1
3496983045
6711666979
3683806249
-1
6415683319
6870075619
5411664014
4838503861
6279177454
8959274196
-1
-1
4004883530
15330864550
4514546281
7657826080
5744730521
-1
5902706376
1881480102
12482047875
5122714907
9117547564
10107456182
5368021086
-1
8808006097
-1
8422481839
10473982764
-1
10014853114
4475013575
3625853611
5699912272
9690409645
-1
-1
5982547110
5679736242
7235065236
-1
2795950028
1416961318
3616164721
6450378007
3758197543
9621443692
5417874111
9977571766
3872896443
13802178744
-1
-1
-1
7160828438
-1
1136393447
14401346411
1020978509
5751406856
10902980045
-1
5142716285
3141717990
-1
-1
4682908740
10649220307
12836056925
7660649703
-1
-1
3938190138
-1
14298171877
1859778746
3179481013
4467258921
4011483379
-1
5630366703
-1
4642577105
10474841736
5752103253
10304562788
4472523644
4663751648
968066930
-1
-1
-1
6773729771
6217370056
-1
4137580406
5837601626
3850527837
8377159246
-1
1870600824
5380971406
6375330855
6311308968
8515218930
6812222225
8197253624
4271989240
-1
-1
-1
86589267
-1
-1
-1
4803195421
6847674586
13700792078
13193785167
7315979235
2260539317
-1
-1
1765595760
-1
7911009585
-1
7342640521
-1
2909998947
2087443072
3430322369
-1
4644438652
3730602691
5269242580
-1
4861206248
9042731126
-1
2334534257
4505657777
3645025704
6546605306
6106313669
9326685258
-1
3617213835
9964707335
-1
7158107627
7582322899
9026215760
7813553663
5218579597
3524992030
4790322206
-1
2399909048
2796558222
6307250614
4530245191
5752279419
-1
1442860160
-1
8720978034
4937595477
-1
9015669992
8928001528
6394598307
-1
7280867553
7580829190
-1
-1
7017116640
2765708381
-1
13969223785
6381085207
3404158051
4386123936
-1
5247982014
-1
6586495797
-1
8526978879
-1
6486252621
4024821780
8671175753
4052100501
7422480320
3456725592
6606285855
5678013341
4723392868
-1
7213226625
-1
9094079548
12108201690
7001761214
6748715822
13025443044
4177337426
7067613149
10937472219
-1
12943950012
-1
1042766283
-1
-1
7674928127
-1
2773164340
4935260664
-1
-1
3954933809
4774440630
5733584275
6305689570
10230671931
15973517826
5333737581
6046910462
4671298223
2472649726
7082977494
2555741375
2392311736
8977578504
-1
10817568461
4948860937
-1
-1
6635022744
-1
2299287222
-1
2806417747
4060895576
6390922777
6345470242
-1
-1
10362208830
3639394629
3623466069
3560310322
3608739084
13104382473
-1
4193992029
2779339501
4243851700
6453219400
12087793973
-1
-1
3220885389
-1
4041267914
2423189495
7268573163
5786633417
4376648318
6107399148
7940099977
-1
-1
9030747019
2643837551
8198766614
347194766
-1
5131054212
-1
3564553494
4680746646
10755487065
4218319667
9150753824
-1
2828014429
6258521939
8033743900
4432889867
4347398056
13636778037
-1
3063692026
16036951748
1938552878
-1
6826551754
-1
-1
-1
5584418616
-1
2815434690
3661445089
5242853980
-1
-1
5682940087
5385636813
8659124683
-1
5967076969
5595412053
-1
7223142440
6995637425
-1
-1
11483700126
8665457029
3926531631
-1
4241317348
11807875842
5092568493
6520484288
8441557772
7547627133
-1
-1
4022573184
3815008385
6398687702
-1
12268810377
5443426324
3678451767
-1
5903691111
-1
5683299868
2045192026
-1
-1
4330797309
5124222087
-1
-1
2562177050
7571946147
-1
8103570941
8418904633
11495442514
14626027819
3655327618
8542319391
4450792723
4140595914
-1
9131003618
4033053454
11457119441
-1
5784376963
11142655599
4165610078
-1
1855650968
-1
6544628998
-1
-1
5994289919
-1
-1
2958034014
9622483573
4999527376
9126479511
8914806979
1256847756
8867524658
4264459146
1504749788
5189514852
7146836173
2460926729
6879494205
9994283455
1854103461
8972572751
9581599004
7742761718
-1
-1
6113230390
4811410966
858304515
6621987286
-1
-1
8088872839
-1
4156279134
3864209345
4191431763
-1
3740131758
5576119361
6657126541
6236716615
10400981031
-1
-1
5217451023
3799953426
-1
-1
-1
-1
4898699533
6117354943
12316386894
10406628053
6007786586
-1
-1
5663418088
-1
2371292337
6463170892
-1
5237503090
-1
-1
-1
11088054516
4366536644
7488950004
-1
-1
3633710193
-1
3486965983
2277843405
11460860771
10178549800
1728348386
3784734849
3833443581
-1
7265969601
-1
-1
5660848205
-1
-1
8527836777
5938735718
5425378129
5667269162
3134135881
10116469128
3516540151
2960827209
4971157910
6052257204
-1
2570670875
-1
12477546043
-1
-1
-1
4913956577
6529107986
3776818100
5357588440
2545328835
10051003252
5151809760
6576959724
3995956597
11572243212
5177913508
-1
-1
6310981320
3538787473
4472530432
6233838729
4696474667
-1
5896403091
7451291506
5687377054
-1
7048392207
5530338542
2780594263
7227070521
-1
5494832621
9806276458
10178714648
-1
-1
6237519581
9778758318
2568603292
4732213574
6034080825
-1
4391249390
6632238572
-1
-1
-1
4580828751
-1
-1
3490679269
9535203935
5269173559
4971528958
9217445310
3571501092
14921480271
8645896292
-1
4545581270
4574890632
7803645240
2944551500
-1
1833111534
4939758616
5357610644
-1
11742152376
4659829052
4918444705
-1
-1
-1
-1
7245345181
7362262220
-1
7941226669
5226319684
-1
11235248087
-1
3909506748
11604673813
4923271200
5217118923
6109362305
-1
-1
4518025502
7947668268
9071917082
-1
-1
8812519649
7191607486
13363291457
7512146571
-1
2623628917
-1
6912183781
5272586783
8283017845
1823991636
-1
5729812870
-1
-1
8102048374
514297373
-1
7081866154
3223739239
15043137849
9238635936
5569641104
9772264777
10362425119
-1
4626393696
-1
-1
1998135960
6547572703
4572155168
-1
6698502749
-1
-1
6857290732
3949207494
-1
3981046142
3390522984
2387620498
5563408161
5214831634
-1
3659642293
-1
9299469850
2509698187
5258388699
-1
-1
-1
4585321318
9508887295
3219069476
-1
-1
5528831730
1715594278
4965393648
8167853208
8414124907
8373287406
5997280491
8497918305
3506101383
2736520023
2873861366
6184927266
7008726559
3753950530
13154512280
-1
4524577896
8377158458
10713471281
4250922404
6411355043
-1
5855653420
7256338313
4965097079
6681510945
-1
-1
5918854150
4793996028
7192609941
7764566759
-1
5704704607
2655767730
3335493029
-1
5467787225
-1
5914347673
2049892432
-1
-1
6455267989
6827591437
5838294430
4287178556
2543053006
5180621646
-1
3511936975
6516577738
2901653230
11609956734
5498409805
-1
5663979301
-1
4153664903
-1
10296611228
-1
12986427489
3810554258
5335821603
8444060629
15866016465
6824386383
11381958535
5384075884
6313552600
-1
-1
8181956766
4100573299
1060200775
3544293163
-1
7829265153
-1
6469852705
10899791888
-1
19934401019
-1
4072526316
6756842707
8739610813
5429006796
-1
-1
-1
-1
2510437529
6325084950
11260238806
4583083842
4311828584
-1
-1
4268684671
-1
1330733730
8240414874
6435352183
3915704453
-1
11786799160
7629586325
5592717941
10955180037
1781171764
2122841657
3528691677
-1
3517659365
14200105252
8607183456
7760047316
5569761233
-1
5773960198
2243877344
8171329321
-1
5060590596
-1
5364214671
-1
-1
6095220306
8171227481
-1
6984111954
-1
-1
7344943589
-1
8130620970
2917683660
5805575614
7481545650
7055538071
8187729337
11295642934
-1
-1
4744592918
6864094617
6055090527
4877148357
-1
-1
724185980
11446860010
6009970180
3550883604
-1
-1
-1
3773839036
8915350432
-1
-1
10208601229
3120667755
6412054446
6839375283
14295347576
-1
10682619982
3415933057
5766636285
5528702512
-1
3012152525
4803878139
4135586056
-1
3606636868
9197723748
-1
6762645935
1457414959
6873168685
10416152213
-1
7922289812
10548962231
4728556966
7653709459
-1
5799239483
5514233516
-1
9628173108
5916280358
7598666146
6497133800
6571030464
9890567458
10018527255
6280727024
-1
-1
-1
9583232487
5482064665
6494442935
-1
-1
-1
3553813096
10970726529
6614799618
5620463475
-1
-1
8606722794
-1
3577306239
9748754394
5038290744
4869549151
6798093582
-1
-1
9430997343
-1
-1
5729101985
7040843573
6647279723
5210681553
-1
7388028974
7603565747
5037127357
9563648157
14069510970
3091771819
6472650807
9966278382
3684184575
-1
7037136236
7277022450
-1
-1
10634953285
3497172752
11322612381
7630373063
3775305140
-1
9982145398
1892691415
8438414837
5002647118
-1
6329778105
-1
4458118154
-1
6018610514
5903393510
6200458596
3080928926
3646747188
7756397267
2408568590
2626601091
6185323719
-1
4267136815
5645253492
11256397668
9565809642
12925210588
3959332121
9885780510
-1
5722813810
9838089433
1907310454
4305195831
4132441162
5252435249
-1
-1
14515954605
897068394
5345538004
8547106443
2777586792
9294845098
-1
5966968992
-1
7676528660
6036835643
-1
-1
7408033538
9791468445
2103316785
4122932111
6714441993
-1
6200236229
6193739829
-1
8422773461
-1
12410728596
12050801017
3466812384
6657416371
2427773821
-1
4429520570
5774649457
2536126846
4863556446
-1
-1
2935796574
4571481931
4436244448
-1
3892513367
-1
-1
-1
9767368112
6911109329
-1
6680460596
-1
-1
7575662207
6471945584
-1
6700853704
9452401399
-1
6789385673
10975185352
2225565674
5286830111
-1
4577411769
-1
-1
-1
10365379061
4710543762
-1
5925535985
8662927675
-1
-1
5510477033
2396327521
5354486008
-1
3173578396
-1
5835965328
-1
9193808583
-1
5539687756
7979171030
6228024751
5470027770
12529378623
12203116201
1184233247
3965000071
9444072602
-1
-1
5990127428
-1
9212180892
-1
7718829652
-1
6404686371
-1
4629961320
6614489010
-1
5364866147
5516340309
4432970961
11798048749
6018472736
-1
5877060067
-1
6647725914
-1
-1
5281836260
-1
-1
2363682776
11341514492
3762764864
6446224082
6871742593
-1
6148483714
7017190066
-1
7603536330
-1
-1
7576793026
10678317340
-1
-1
-1
4722685704
6516344248
-1
8126075909
13982453827
-1
3298111348
5330250237
11042129046
-1
-1
5740024865
-1
6906856204
4947654792
5768599259
-1
6807920898
12761620758
3591877156
5342635493
-1
8073913011
-1
-1
3036206338
-1
9215688795
-1
8875194250
-1
5379176811
7858751186
5809288986
4240562972
5046653432
3194442362
11685312540
8071422037
-1
6158326846
-1
-1
6893187350
-1
7465433539
5432970993
8208546819
6700303218
666995104
12504166055
-1
5091399252
9816044809
-1
3060661104
3221234783
8439009581
-1
2456441570
6088676451
6595988138
-1
4405743743
8536527499
-1
6406665816
4067797977
6466499301
5166196589
6062767566
7382833251
8754286928
-1
1764816412
12277994559
2627203897
-1
3575831327
-1
5156468110
5939902744
5926111781
-1
10111878397
-1
-1
4488468643
9294901372
6052892078
4977169544
-1
8735852047
-1
6206925732
9329218850
-1
11487450108
5108795831
10515379103
6991916328
-1
6177673632
2711560540
8038173800
7263651292
5803201451
7315568562
-1
-1
-1
3318503444
-1
13978477888
-1
6545554889
4616641737
5589835972
3737335591
6185219619
5418352572
10068676631
5005057149
8463637743
-1
5974850574
-1
2168551080
7767631817
11505121711
1541193334
11975883688
6917321617
-1
8214901019
1952474035
7393646546
-1
1359925696
8732222770
6962127854
4563795373
8941373148
6687687435
4747521515
7759771133
8896742447
5172066837
-1
4458999601
-1
-1
6561086283
-1
-1
6275655055
-1
-1
2403831425
-1
3639351957
6840552114
-1
5733012339
4319836914
-1
8509001557
7917846324
6565944510
7749230678
3763500517
-1
-1
-1
6173755636
5011400900
2994527406
7333294389
5338086822
1907837860
2376072860
6457646005
7714909762
-1
6972626835
-1
-1
2836305757
7647966386
10519612827
4759766558
5322141430
3251543376
-1
-1
-1
-1
8296750663
8720270639
1711897114
5132606747
-1
-1
-1
3782861044
4917213287
9761070465
7163057743
5064520842
-1
-1
6267464661
1540786218
-1
6686657686
6629539045
6637163568
7633191626
8282497507
6675193064
-1
11568837121
8001299761
7974437759
6038071641
-1
7339259702
9671993940
8854662721
-1
3435740568
5609750301
4487092149
9309051737
4105869409
9329038734
-1
-1
12808083984
9400207181
-1
6749003159
7381984097
11377648895
-1
5089896605
1725950144
1774680886
5325120370
3126814653
9239915923
2047989978
6352884084
1453633946
12347508784
6283307974
-1
7330114358
2242682053
10239351562
6018499827
4357381922
-1
7921034584
2243135393
15125500053
6116116813
-1
-1
14657089878
-1
4889676966
9737364178
5121097329
-1
-1
-1
10546963171
4886915975
-1
7748952647
5180848198
4430517014
3294470572
-1
8641838901
3384404710
7459700117
5505287390
-1
5436026140
-1
-1
-1
1957768107
8355274949
696373651
-1
3536541251
5307887334
-1
2661942338
5663026778
12824555400
3454392237
7110669247
3395307783
10968034968
7744605982
-1
8197580955
6185230453
4331637559
2610909621
7351462787
1216278588
3886070837
-1
-1
6608042046
3300012306
5004597277
8689420979
-1
6645327597
2381443791
5808621506
11047119508
8962122438
11985055412
7267632004
5958243593
-1
5101323320
3600629161
6998107858
2189028270
6880172986
10953371822
10936395591
2347587574
7168541921
6269333728
5114624366
6517660920
6224392416
3975425841
2596876071
-1
-1
-1
7393939648
-1
-1
8252861523
-1
4066703383
3495457962
6016933028
2676191989
8044064915
4077856715
2570670875
4079532351
4114709172
-1
-1
-1
1527307398
8277014548
5270084469
10817433710
6162768658
4845176884
-1
5451492306
1882606123
-1
13798892653
3531202007
5301278146
9808408065
9188453013
2007300623
1712754097
2466456032
-1
-1
6027949440
5386983238
-1
3756593751
5894428016
1612330760
-1
13697605275
2936166543
2648475310
-1
6380170065
6077184923
-1
-1
3621952644
5228025383
-1
-1
6061529861
-1
3171927571
-1
1957201405
5623662081
4209370720
-1
-1
4443447802
5483771542
4991034838
3726778343
2254305387
7172547985
3397242637
7279797292
-1
10390649548
-1
-1
-1
11823450005
-1
3818306777
-1
4268143705
2662653011
2909371092
5611159110
-1
3963666807
4690158745
6086229414
2185227562
3729118822
-1
11592906075
3655326518
3095730513
8490901858
4230214454
-1
1255797113
3131271666
2779924405
-1
6557557446
-1
11816210711
-1
-1
-1
1407534529
4820732159
9729688161
7800790556
-1
176882185
7521697992
8169648637
222461229
5393822361
-1
3094932096
10942144451
-1
5327158666
6550510654
-1
3423222720
1347904356
-1
4694560883
-1
-1
5881099189
-1
11300440185
4353485532
5955319062
4507856359
7662110746
2772453865
1311940470
5310483978
-1
6847846958
18978042136
4703933398
10520209539
11840660738
-1
5696235667
5964425757
-1
6751484285
-1
6213616495
9741837801
-1
8024497723
4818766679
5843466201
4314166273
5180837125
7059584737
3888123003
-1
5816219011
6321228042
-1
5303129169
-1
9868387363
-1
5058544371
-1
5273239019
9975815892
4545473563
-1
-1
3584889877
-1
5608152553
7382101457
10208258028
10068215046
5252452433
5069231489
4627815993
3935395197
6672295715
3815090277
5181015776
9891903929
4973447852
3012957845
11005084861
3824808424
-1
5326647249
5645796566
4465420944
8358281982
1831092960
12751866795
10629242861
16983060849
5704571776
-1
-1
7391748962
1793149995
2613438038
7083908978
-1
6206808677
5584223711
4359381538
6318682260
9196434517
-1
-1
-1
3388177381
2843675675
2252565405
-1
-1
10510654322
7646393101
-1
5045005835
6460957705
7085664153
-1
5967076969
3968449698
9039687335
10877696552
-1
-1
1761634177
3231301882
-1
14418203347
-1
3855296227
7734773817
5740372069
-1
-1
-1
3889628094
-1
1433308039
2006264202
-1
8095096179
5255163290
-1
3176813086
5887109859
9105902268
4828893228
3822751092
-1
-1
5389160308
-1
4858159905
3252350244
8202406058
-1
3892961360
10902644604
-1
-1
11921546472
4549998961
19154333887
10580362466
2720767137
2837482398
-1
10425680310
4120058018
7282187859
2624275039
5289846886
-1
3475594323
5712828176
7718317666
5312693567
-1
6157204420
5516275466
2481983097
3646499419
2749855116
8980826361
5114132434
3801941813
10268893602
3633898289
7036637590
-1
-1
6051217051
-1
10755388896
-1
11343018196
-1
-1
7300372633
3962576987
4234215164
11780670540
8709151933
3684968833
4098469170
10217190282
-1
7412350276
6161530720
7858459400
3530302197
5053564445
-1
7058404289
5297157793
5148216393
6127393265
6091568702
-1
3098659233
4846424671
-1
7809920492
8324670500
-1
3239626376
-1
-1
-1
-1
9284788638
4103981719
8191961181
5102392287
6050406357
-1
5483680864
3574184983
11003821487
-1
6142776893
1881451748
7859609769
5510351331
6041675463
8845550279
3790768246
4761651422
-1
5655369879
7244208962
1810748559
52096252
6839231217
-1
5446873490
4412307911
-1
4391717037
4338914356
2291144590
-1
4301266615
-1
5712275735
5143025895
-1
-1
-1
6679509465
7514594713
6084146326
-1
7786877132
5939755810
-1
5133971990
1208508330
-1
8382830612
-1
4677788258
5018577385
7099979879
7313250673
5724704071
-1
3447292753
-1
6678884513
-1
6891348138
-1
5649462786
7205386549
10577670083
7612373926
-1
5944859495
3968114640
-1
1428341883
4540287912
9875839148
4623820748
5499518554
5541285480
-1
4505762364
2927841950
-1
5364643841
6776954950
3561924059
7258866984
11296327274
-1
-1
-1
3313529283
627355445
10249935467
-1
6155693543
-1
-1
2232226324
-1
9824188401
-1
7562830391
2892794031
-1
11953968417
4925379185
8924457810
6394815885
-1
5641710511
4325261811
10440809399
4842359324
6507513509
1279208253
-1
5426578770
-1
6716478082
6309632962
-1
2283076991
6343740936
6997289714
2212915993
6868637682
10016263087
-1
3523561050
4808981878
-1
3596890611
-1
-1
-1
5891082331
5618493955
3884447333
4730597847
8764453254
3589165863
6338835830
-1
5447669878
3355020636
8955060207
8407421726
2891966541
-1
-1
5946601289
-1
-1
-1
-1
5137780081
2639105314
-1
-1
2842921850
7529347493
10091635509
-1
2792048561
-1
-1
8444877593
2554584160
9625253964
4849023437
1784769529
4924180214
3118762871
3681774737
6985481117
6079779216
-1
5922753227
4649295528
8149725473
4545810473
-1
5613557503
-1
-1
7420851269
3208764952
-1
7741744115
2333340237
9196624311
7696235431
8663259395
-1
4889539069
5697328914
3830892956
8691665890
6433144878
8531831630
-1
10965027373
6657428693
-1
3867389328
-1
7249740743
7021483329
8793635060
4253079693
7888202184
-1
-1
6836776353
-1
12248300076
-1
11111843772
-1
2964193930
4437079720
-1
5723319267
2943667890
4334905054
8338671059
2822660953
3710205342
2999307355
7176415671
2114570171
-1
-1
-1
3492140858
6997329542
7073356983
10144944308
16075676762
-1
-1
5231782361
3451651879
5541211257
980098320
3722957252
7391562582
3978685490
7117235203
2490393100
9650771828
-1
2677413042
-1
3297614624
-1
6988517969
-1
-1
7037769889
6077173150
8593527078
8723791616
1703116667
-1
9943299726
4787462216
4126307445
12178157113
6238510110
-1
5285528232
12913523247
12305293087
-1
5001928776
-1
6168318437
8803127846
-1
8755679607
-1
7978924352
-1
-1
4343350123
-1
4629042936
-1
-1
-1
15154835387
3553512091
5822094293
5820770934
8001189473
-1
-1
6651080945
4047870328
1765990272
5657701910
59647321
2766853715
1696263716
10545621422
10404723930
-1
6924990152
-1
13034403866
5052640779
5030845699
-1
11410559899
-1
3221139522
5185103621
-1
-1
9336256392
6306711195
7150202778
5620909742
7668041949
15427597138
5072167559
-1
6183353184
5012260255
999505514
10464290792
8936098723
4259827086
-1
8782026680
9108161023
8744786966
2955825481
5171993394
-1
5969482651
6450943179
11640461746
-1
6714368461
5239099890
658533690
1175270731
8787883274
4516776185
3802358697
5362484362
-1
5670423110
10936651379
5789622841
6356946323
8855603541
-1
-1
3192735432
-1
-1
1242332521
7908175208
-1
3015363533
3546476672
-1
5315466106
11408577644
3582510345
10593747717
3773071802
-1
2398624841
5371745260
-1
-1
5686185846
-1
3757195348
-1
2020119093
1386442308
-1
4210316609
-1
1996197112
1962363291
-1
-1
4368476295
-1
6993785566
6832612476
4153280611
6383663936
7713315135
3789721012
-1
5799284946
3320505800
-1
-1
9542438356
3832300391
5412869612
4892229773
-1
3704720258
6508659053
5120355522
10578538869
4554525501
-1
5615482170
2875706005
-1
6866501071
7818568580
12243736775
-1
5531086089
74946
4849232000
12254287278
7330747944
-1
998789098
-1
-1
7292778915
5541100986
2923729593
3064043671
-1
-1
8611402728
-1
7613507307
-1
-1
3958016257
3195028863
4254848839
4591671030
7318026484
-1
9304035550
-1
8464954459
2739552948
3705081208
6736186509
1242339408
9086301067
2200751948
3343678636
11305009421
-1
7041023321
12623612813
9004656391
6125097982
9134867836
3659040883
11601297066
-1
3350897620
9669696615
3111373436
5475690329
9872757727
4240559632
2719984432
10998479027
4951130206
-1
4563770205
5854858351
3960158770
4341260556
10398759647
-1
-1
-1
6687182616
8256792418
-1
3284257221
2688024084
8413521490
-1
7016431891
8359146230
5224616775
-1
8694315934
5309807458
10807115172
-1
5025273954
8087774714
-1
7228668971
6113968352
-1
-1
8634318733
10230151167
-1
-1
6459658625
5905455146
4706605718
278779709
12244873344
7368454981
7545763756
6721322940
-1
10020409185
-1
1888669417
3583080592
2818247944
-1
5733572445
-1
7920861847
2836351123
-1
3344332879
10387499344
8868478288
6917021650
1046033458
2381261304
10335451369
3966024081
224540402
-1
-1
10264634434
9512091692
-1
2263210981
5986007197
-1
3652209296
4965422337
6965537130
2027522293
4943893344
7621135925
-1
5802333567
6547001061
5991883202
-1
3530024474
5225389733
15930513066
4911585695
114699299
7714944826
6923961870
6417172518
6414655820
-1
5362565569
-1
9246131543
12484317836
1360463044
-1
-1
6305211778
3780496680
-1
10190395913
7439589990
6367586867
-1
10145359417
3476401735
-1
12351305942
-1
8858306263
-1
8188431119
-1
5015198850
-1
4143641532
6782653972
1381868
-1
1658995563
3479687836
5871688602
6343136387
5962849386
7173986635
-1
7323343284
4238984757
8791391904
9347637089
-1
-1
6274106829
2468888529
4469622421
6291038685
-1
-1
5432753425
6922137503
4520637089
8027491685
-1
9407835520
6500029587
6730391700
2931097378
7800200805
-1
5311620903
8394351041
-1
8760506735
4321641024
3720502519
10191505468
4295648330
3711998325
6640909972
7718730530
-1
-1
3053928084
8102496562
3397533967
7151296502
-1
4012022421
6786024826
-1
4343339146
7000358771
4662072253
7153434514
-1
1731040513
4828068979
-1
4160049449
5578315899
7951354214
3018367346
6159013957
-1
2674793541
405455480
6121239964
4974855357
5151500212
5369862090
5028097504
-1
4887242603
-1
-1
-1
8035861701
-1
8832728761
-1
3844352368
4358966194
4973129815
4252210820
6533977663
13556859192
-1
2540113875
14835093785
8795120241
-1
6143440217
9252935849
5724243550
5360622650
-1
11220339099
1383735308
3091778629
6400008934
2163500557
5775817010
5257122133
7895322670
-1
-1
-1
-1
3507205104
4684652361
5755638204
-1
5039414804
6565534258
5913807023
9166872163
5675592189
5625120874
5076191322
2422135237
6822765133
6192825568
5235952455
-1
3579849328
-1
1518796843
9447140874
103983
8986220840
-1
-1
2355657733
7803122390
3726777243
6064727221
6838535661
-1
3921710501
3165108298
4244741400
4158642126
7257368198
10026438419
7689821097
45018
4706184310
5068918943
10669113580
-1
6294436747
8528619349
10581037097
8349067533
6098871662
8830715949
11895098792
6262531923
4734051820
8510953013
4529991386
3980965392
-1
-1
-1
-1
-1
10316122101
14580485396
4586246527
-1
8355764523
1469636848
4126222203
-1
-1
-1
735243191
6702744089
-1
-1
5524703991
5829159466
11865488798
8846652979
2773920512
5425500241
-1
5594717493
7629775644
5147851661
-1
-1
3028224551
6178595888
-1
2218700169
12055936424
3757159709
5411279521
4503487722
-1
7539397412
4796440415
-1
5096119550
-1
-1
-1
6507645429
7558506072
13132508680
3818306778
-1
11688281334
4753462570
8056042305
-1
3897964688
5756185077
4906436658
-1
-1
-1
6821568358
5154282333
4801748699
3526291480
6065026445
3305299104
3591934036
1269724801
4376991315
2907255974
4104766602
3930248087
4447166103
6140006921
-1
6669231720
2591264831
-1
4177143384
5514558442
9373130444
9825029329
7564264030
5611507440
6407890007
-1
-1
4138877509
6328640865
7958076683
-1
9800621442
7692236341
4281305511
7671683744
-1
-1
-1
4546583941
4068671093
-1
-1
8208609935
7982329544
8406546057
7824373268
8081394459
5629551422
9513643382
4353553759
4943633669
7399048585
3013072635
7434171372
-1
-1
6178720405
4300437189
7910447391
4650253356
8894814045
-1
8536465684
4990323714
5324696987
4058978306
8184759740
3898140322
2704260032
3124323803
-1
3484858070
7362860726
10627650786
-1
4238978412
-1
9123918321
1629745665
8837583285
6418502625
4385820023
6165706340
3406241523
5458473243
8767738022
9223346104
3873284377
4057300742
3423454769
4204921622
6360578431
7576215913
-1
9681479281
-1
-1
-1
-1
-1
4932739713
2111621948
8025776467
3835285543
9542438356
6345712178
6718132153
-1
9085543095
-1
5837701230
-1
-1
-1
-1
-1
2340997207
3927752124
-1
6194903847
5724658329
8656471621
6990906262
8108881577
4418207674
2574165040
-1
2844728595
5760370239
5914646568
4864589558
6548677373
-1
1495869330
4813532882
-1
6201386174
6310211219
9756077026
10863760199
6143934670
9224320600
-1
1687710381
6882890558
5680058130
-1
-1
-1
-1
-1
7804535471
3505748519
3249266722
5451329451
4190665382
8610522417
10508261687
-1
-1
6682764506
4932050532
11189491774
10498213982
5890691405
-1
2487376758
3863228220
14817115103
2617228398
-1
5325137243
5705902405
6624867814
8058389474
13030506319
-1
7186328401
4280024022
4960551272
1033656648
-1
3847464859
7280572483
-1
4185058292
135850273
4001934484
4962682876
4868888979
7021478646
4642128112
-1
7147715989
4574472699
9331012370
3098606117
-1
7206143464
4263270990
1935580794
3375034072
6402549025
6018079073
5106724097
6098460210
6293482312
-1
-1
-1
3380313109
-1
-1
5234738526
-1
8248573788
-1
7574899430
-1
-1
-1
7372868979
2940768179
8074191223
11398546729
4129138962
9097915400
-1
3624515861
5602040357
5231782658
9738008487
-1
-1
4411925575
6167225548
2226587507
12506416432
5599649666
5982575378
8421280891
6916600178
8405322348
4602281633
3239367157
7879722027
-1
-1
-1
6667835046
2026720456
7453885137
-1
12631602317
4621582705
-1
2562513319
6168702641
-1
2614463572
6648687274
13557099952
5325459422
7031814715
-1
-1
7781918059
4449760849
-1
9276014614
4923770856
6515431201
4391587321
9712465192
7016401737
8265748815
9338995115
-1
-1
-1
-1
4301062328
878203853
2481336177
10625354888
4241981279
4029218639
1488131502
1548191671
7007817295
9314974292
3386709425
2194141785
-1
9949892284
-1
6446505879
-1
3518042837
3678749564
-1
-1
7590760095
4065675765
-1
4328086837
14036375532
5329854748
3837270330
10743683254
6550691466
-1
4096898065
7807528965
7031477369
3449053278
3968090140
8704316475
6024549459
5804910111
8027381484
7507040050
6999087503
4285317511
-1
9625224432
4607153349
5445906715
5079580467
2538167957
4582601976
3921403309
2226391722
-1
-1
5421625043
5710938599
-1
8406427843
4576674131
4249181435
6406897022
6000012742
9910587212
8662006876
-1
4599902236
7235986226
-1
5685489113
-1
7061299137
1418870705
6760505284
6197587635
-1
-1
3684993980
7172547987
-1
4223707801
5452334069
10520127601
8917284515
-1
4120383013
3989927603
2139813418
-1
6305808213
-1
9103176796
-1
-1
-1
6216455720
6401008624
5138495551
-1
-1
13148401867
7593041880
8198451925
3311203690
6870772883
12724467083
2988339143
-1
6763117231
-1
7070539146
11096333549
3592360509
-1
-1
-1
4175197509
8798864678
-1
-1
9073831100
-1
-1
4704106333
6026699791
9491301248
2523366855
7666235468
7156131868
4192274445
7921062494
4483553160
7103223716
7562591315
14181840055
-1
1137647020
7205883208
7785031853
5970370128
-1
6714998241
4684656386
-1
-1
3471624604
7311064327
9950259684
-1
7726824758
7333502892
6568882996
388961823
6981142234
-1
-1
2651461765
4486338427
6480290824
7825002617
3490111960
-1
2410482819
-1
4506662881
7419801085
-1
-1
12681718695
-1
-1
3377586591
5625388643
8810040524
3441490975
3340589759
-1
-1
7834960575
7983064201
6048519534
4522671247
521884686
3821078884
-1
2554049340
10200281539
-1
3675730984
-1
-1
9141833568
8031156306
4932483540
-1
5683083730
5375556153
-1
3762768001
4411710146
6042090704
5128893432
-1
14995697472
4601883363
4482800593
7331216268
1911563510
8605647409
1881807896
1065629685
4926655714
9538307146
5646334236
-1
13998500835
6463301421
10783286833
10302397051
-1
-1
-1
6726751334
6120881393
2151930726
8921647699
-1
-1
11474574542
4528868724
-1
3715117790
-1
5151809760
5360049063
3369523149
-1
-1
5233407779
8074041418
-1
-1
3999745860
4341113269
-1
3756593823
-1
6044644451
2609567400
-1
2995265106
4002768244
12031608765
-1
2788987097
3257224354
6297054092
-1
8638322051
5918762620
4925039107
-1
7018733404
5674852165
6234767486
9895738503
2354727108
8530699200
9668356915
-1
6617080042
6840012797
-1
12397279911
6302499046
5889372047
-1
4514395663
-1
4322361429
6207267060
3847896355
2006606858
2811551015
-1
13865146132
5389652191
6203293058
4873002537
-1
4575176670
5696847686
3023927606
2725209155
7461289617
8301887006
3887143833
15008739217
10100065296
-1
3638054544
3268655626
4231938513
13492367171
6048599453
-1
-1
5602725072
8434727122
-1
-1
9560778639
10055057542
3842758363
3761547962
7997393702
5773675997
-1
3807183376
-1
3970125254
5550686271
2674504321
7481096204
5441273702
6836776337
11034846725
-1
6729422930
-1
-1
-1
6241525449
1619057041
5826526770
-1
603443651
7113851582
-1
2537895164
3030861810
-1
3736650187
7234233469
-1
7509926511
4846615420
-1
-1
10469924412
-1
-1
2409127099
2785893100
6345467951
3246628277
1409432863
6594793289
1421711784
4909876370
-1
7719594283
-1
4185909992
-1
12420780667
-1
-1
6268138333
-1
7700223681
8656933483
3793726929
8027132387
8004831819
5348787437
5870235729
5345109440
-1
-1
3957674657
5454287673
10172749090
6465608571
6089562831
9456288497
-1
4684730617
6251459555
-1
-1
5773698906
-1
-1
5454687770
2401293291
2117458225
9032623008
4013837291
3216716459
-1
5928449755
8619103131
6005102706
7032925594
-1
-1
3757608997
12447000859
6090017849
-1
2689065135
2975636197
-1
8475400412
5471481258
9108539290
4681636493
3947258158
2379260128
-1
9347673756
5945644080
6739507007
-1
3856714288
3874615569
-1
-1
2944179194
6795311854
6854949964
-1
-1
-1
4443148327
15711620749
-1
-1
7176581661
7968843838
5350263314
2038576011
9293875386
2773164340
10342433862
5040584602
5801298218
3761415036
-1
-1
-1
4874510846
-1
4826286839
-1
-1
9065236622
-1
-1
6040719113
-1
2453107212
-1
-1
6690493051
-1
4089813519
7771979153
5132649204
-1
3262100488
8954596200
5847923567
-1
7404034051
6237471379
1906310948
3932049079
2353715096
4576430110
-1
-1
6898510182
-1
5085526024
2144314707
2984543273
8724305819
4682909749
-1
9270518332
-1
5902211471
-1
1269214689
4581939363
-1
7048894567
7487246496
-1
-1
9356289315
9308141048
-1
3773117554
3372048029
5656031845
3992604250
4930667667
4837209093
7508248677
12356018366
4672053425
11224675618
-1
6857545374
-1
7092821598
4847119577
10796528179
3329846684
3827818573
4839384401
6662526434
3568122237
-1
4442467177
-1
-1
-1
-1
8582867477
-1
12538737333
2463482438
5145369533
5931487345
9263704749
-1
-1
-1
-1
7644013351
-1
5191237422
8317883555
-1
-1
8879971335
-1
5804757038
1745254107
-1
-1
-1
6114999332
7922977335
-1
-1
9265736924
5037760117
6002736465
6866797343
3062555205
3554011853
5355352559
1223026509
-1
3160959249
2427033644
7358940948
3200589176
6572224844
4933266877
6070614106
9306213181
6123581726
-1
3322441931
4620157969
2939678501
2411591259
-1
9329941539
6354146741
5883208361
8217072534
-1
-1
859351829
3132660354
4637965801
-1
7233132529
6734594637
5515355942
3590502316
-1
-1
7355341780
2916414743
5546840332
-1
8511086878
2634682168
-1
2884928919
-1
9335768258
2437296874
3644031234
16188796892
7682579004
8435810521
6959416318
6843321142
8930735891
-1
10595906892
4995871158
5935827722
8866922133
7129651407
11043394648
8734364855
-1
3897035310
4818809155
-1
-1
5971463694
-1
5920683396
4834576346
7491636643
-1
-1
3436044043
9158780599
-1
-1
9321054098
5205483378
4860518270
-1
2354727109
4333678021
5040112466
10187793600
-1
7669886207
1790972897
3139944352
-1
-1
-1
-1
-1
4566323721
-1
7840655740
2908006055
3413749665
3937069691
5709409916
-1
4655972222
3640845935
2842628430
4859648618
11475471993
8350974601
8393970847
9534546367
4264769291
3282880118
14487
-1
4882898327
11897139721
-1
10108676844
3698359113
12811644615
4990967283
2039556900
-1
9468693580
3933770409
6379333993
1534849475
6456608563
-1
-1
-1
7682330485
-1
8756778985
-1
12609783634
1120839317
9633731402
-1
6288541605
5011894368
-1
3340837791
2966383460
-1
4398734270
906959915
8853094541
8802311023
-1
1786837731
-1
9002503243
17941613786
8544509565
7326697489
-1
-1
-1
-1
11080156871
3401043813
-1
4733341276
-1
3750700216
9498576238
-1
2164243437
2722190042
5644422558
4546705906
5588356841
5780815358
2090189402
2514992115
2125575878
6311857497
12423571508
10078562634
3297613177
-1
8067726970
-1
7116255188
-1
-1
-1
7001876155
7501555914
5818678683
3870781886
3435280593
6248184825
5846859707
-1
3165250125
7747164314
10248748649
-1
-1
7182411312
-1
2794715712
-1
5632959333
6454067097
8567158206
2914159949
7562632198
-1
4431555864
9659182507
6640534122
-1
5325137243
-1
2092751065
-1
5817889704
-1
5434598778
8313770990
-1
3927047972
-1
7098078161
-1
5556398333
-1
4097755086
5370902752
-1
2287534569
4513853311
-1
-1
-1
7750160748
-1
-1
9546237988
6501493242
-1
5145279926
7370289624
-1
4954405366
5638169132
3477301344
-1
11817883302
-1
-1
5309051886
6060319006
8350227618
3313075341
-1
6196519480
2027567317
2108373831
2704216323
9492787345
-1
9128612157
-1
9606258438
5956423070
7447973140
6163783643
2394404108
4830401922
-1
-1
2375470819
11049307441
5750257890
10818207001
-1
6256528277
-1
6040346416
11401152382
6885692307
6340602184
2577803295
2934488244
-1
8190465362
6896654248
-1
2166576512
-1
9884633490
-1
5115780625
1699749674
9413002358
2423698895
3350420074
2341504797
9641205638
3433038255
4289587553
-1
9460215767
10312405857
6944095786
6916574697
3024298312
1364669310
6368847770
-1
-1
-1
10718207310
-1
-1
6241999892
2705945082
10784020804
4641570899
-1
5585566158
3480624114
3264423346
7848600358
10610249978
-1
6621987321
3719044674
3196349989
4705415382
10796394824
-1
4814733814
-1
6131824267
11292160576
7067679148
2316205609
5760007217
-1
3497103333
3152120140
-1
5901035242
1540938579
-1
2482588045
6619631379
12048780455
-1
11030234535
5057685436
6492469975
-1
4684659756
-1
8505736317
3009483943
14095844434
2665269678
6288608670
5059335608
9247706586
2832388455
5907862468
6070341854
7776438974
4578307006
3727208352
-1
4765231547
3278665197
3687670734
4479067465
4540795440
-1
-1
7918064438
-1
4059590138
6617525101
2004476704
4102869133
-1
-1
8771783064
2859250997
-1
1407816322
5759264943
8501681292
3318182291
-1
8875845791
3845175560
-1
2256909192
3009314335
2644382950
5076738265
-1
4432016134
4765316948
1532407831
3578741893
-1
-1
-1
-1
3734726107
8605531318
-1
-1
5651293202
-1
7194376384
4377722984
2674818791
-1
3192131012
11528211026
-1
1597683514
-1
-1
5293247922
10175513846
-1
7584810192
3436673095
5963492241
7460021017
5054787274
-1
5530362149
3891513976
8326110498
5951781131
3984027826
-1
-1
14565540520
10573159625
4694483931
-1
3581867826
6556009982
-1
4746971443
5948616043
-1
4915071560
-1
-1
7969131630
-1
2611935616
4547786745
17924164377
-1
9890358870
9861444440
6645356469
-1
5526908305
5611772575
10400298078
5925923439
1713450248
4633342422
4761222270
-1
5703790433
-1
2216576907
-1
10993968028
8115899862
3555768509
4366824347
2568062258
11068940107
5629249435
5197061293
5685519765
3976583911
10748147002
3797008509
-1
3834740015
8971412713
8542165620
-1
4183651020
8131216411
5934717907
9223221629
12211101226
4421416982
-1
5035152520
2071917544
6181089496
10381025871
4130925830
-1
3628303531
3126400186
-1
-1
4194657048
-1
2460926690
6775655529
3401576500
6575119988
1556845809
-1
7618439574
9373715871
8321509527
-1
5302031941
-1
7785822155
6452182845
-1
4218846452
7008570488
13020520436
4516985318
5084955920
-1
-1
3561979261
4808567146
6129049029
4042093638
4737437267
5013059970
3522754521
5398041454
2752315623
12381062952
5086874059
-1
8703743871
5385905441
10125806027
-1
7692491867
9052333899
-1
-1
7753210570
3805268165
8170835768
2151132601
9711499735
1997137701
7094255806
4906152558
3153848646
6770421950
7828343083
5353884446
-1
4414100064
5031203998
-1
-1
3917669040
-1
-1
5529540857
-1
5323945277
438604232
8207500252
3816747455
5283785157
2201957487
-1
4625788711
-1
6936765059
-1
7671683744
-1
2498239602
4799143285
-1
8608690412
3771651833
11338952710
3389859398
2937178462
7867592085
2959489280
6432974117
12451537513
-1
-1
5187609487
5658275715
-1
6509446237
5941179104
3650752268
-1
4209418655
5149592174
7143302880
2109656523
17760836412
-1
7223656986
6337703561
8285752835
9238846602
-1
11403343738
3699580828
5870829935
13541866845
-1
4700563544
4186572414
3997210767
-1
5510070771
5948404270
-1
8536837073
8030471089
-1
6371526700
-1
-1
4666698683
4927871058
2760443821
2958493007
4945764271
9102130401
11134331601
-1
7600610813
5055887931
1188214184
8549878221
3298584094
3653907647
-1
9464292969
-1
5952619424
4860503783
3898331644
5764172543
4135729617
-1
4195957730
7182636691
4591490233
-1
190704375
6278442987
-1
-1
-1
3436510874
2499842188
6107490610
12212500792
5739087828
7848920097
3444890366
4891084478
1199304849
-1
6316483994
7395280111
7791032905
6381184675
15364213887
-1
5039679424
-1
6556567617
-1
12928294322
10487527870
3227746756
5308815553
1812827358
1754233675
5363718039
-1
4165293714
-1
6500100239
-1
5546519062
3514635368
6186384725
12592927710
-1
-1
-1
-1
7513601842
3406466246
11469564656
4928521230
-1
8676452091
6386949543
12681599253
2629107835
13012886030
-1
3415787692
8632601775
2722319751
3758895402
-1
2036184454
3289688484
-1
-1
7403109229
1755252245
5408945880
9065641078
8006095208
3737493102
3611326748
6847310082
2760631143
-1
7282264875
4063577821
-1
10423008456
-1
6820527499
-1
4480510209
6528811166
1802209766
-1
-1
11191860877
8103615798
-1
7590795118
7792023952
5295713456
-1
5618033707
4654743324
-1
10986187013
9796119185
9132151254
-1
4470744601
-1
5996281012
-1
5919215303
-1
4913905071
-1
11003732865
4711544438
1226870425
-1
3894374665
-1
6315767897
4237316924
7255121450
3065268719
2504478756
2155302648
-1
4923748544
-1
7972007987
12791490064
5830281737
-1
5264974132
4040851070
8151031002
3710777231
5124295684
-1
2452026114
6066010626
2953997001
-1
7402115285
-1
5025975716
-1
5759058455
-1
14228880259
4933806170
-1
2408174682
4921275927
6201490418
-1
3873015723
3026632718
4368611495
4695592390
6595745084
3406221866
-1
4083362754
-1
2975704967
-1
2148534306
2801915889
1616672013
2745376479
3921006841
4642540970
6796055011
4430540365
8020736167
6948921481
9564170656
9018179723
4503224211
6534557515
2642143273
5091354438
1235645877
-1
8970065358
6136196249
7591761587
6740529983
4935771130
11401132050
7605460592
-1
8508228495
-1
5443732103
2981737943
2765262362
-1
7488802383
6295818279
4890219162
-1
9417977149
6386297349
-1
12423593698
-1
-1
5125966296
-1
4443287946
-1
6835528049
7877528273
3279622706
3303127154
9947370862
4440107123
4239117669
3519594420
5838886329
10944510504
-1
10127786087
6205600954
11875763068
6985666364
10432826676
3148336644
6663764227
7342932708
-1
4470451006
2754557334
3289925280
-1
7446030204
3812624144
-1
-1
1610159355
21968792618
6711299098
-1
-1
2223050300
8358341066
-1
-1
-1
6148116905
5430081400
8939843240
4384458343
10153653795
-1
5004927762
6649610070
12875218683
-1
8915898908
9759669145
7637012479
-1
5879532500
5452889811
1208516211
-1
4779835290
203149150
4470077415
-1
6592060120
8096767956
5185061167
3390176025
-1
6950497067
-1
4194784002
6794786085
-1
4423040321
5406339194
7004624649
-1
5663643700
4963867083
-1
5913293020
6593990521
5742631173
-1
-1
9155283093
-1
-1
4676270175
5539754093
-1
5931400768
5372457038
14307654618
12045483323
-1
2375470819
3499259995
102
2981921053
4984432603
3675373079
8750981866
863198680
1766533265
5096069087
4867663863
10906652634
-1
2817897316
9292018248
4626301967
6767784336
5906518932
3045144875
11838895401
5419793369
7873119197
6976627364
5378481969
-1
-1
-1
-1
8822772780
4893175862
2347798811
-1
-1
5001590355
8182125224
10918946969
8479658961
-1
8336058003
5125793790
3353212449
-1
-1
4167328353
6337955163
-1
-1
4408660413
8467453620
1561282136
8215817342
9462970150
2957821465
7627244403
5639029059
-1
6868998174
6189503338
6810505769
5079143122
-1
4046202121
5422391959
3822398203
5356915819
-1
4101455589
-1
-1
3127969988
-1
6826474452
10227019175
7434689872
11278455308
-1
-1
3508317198
-1
-1
2225707285
-1
-1
-1
5191810332
5259865098
10704474404
1839875622
4374362770
13202353043
3476354752
-1
1566506909
6354915979
-1
2967855188
9763330353
5832516287
-1
9514803175
4341518637
3496553795
987078262
6363885051
-1
5735008037
-1
4164608469
-1
-1
4028475196
6229364830
-1
2469095464
-1
2670305121
-1
9830087381
-1
8917208773
4448161272
-1
-1
3640646996
-1
5056308423
6870483688
2552610530
10564378165
6149269972
-1
6837916613
-1
5861813547
10165725888
3937304878
6609992190
-1
6580296927
-1
5049300583
4466495974
9250233232
-1
4290950371
1351699814
4275715160
9700491544
2828480005
9991112127
-1
10212453887
10698998091
11015420318
-1
6515279810
-1
-1
4742418501
-1
7803173864
4012539023
-1
11968477648
7282022012
13352028428
5498199859
5826526770
4317521844
-1
4717809203
9020224574
9280455822
8235514834
6003965201
-1
5345049222
13329322685
4977886418
8460741037
6640489607
5115345579
5329521364
6232954411
-1
11206136872
7871864793
3475725438
-1
-1
2159675142
6311067390
-1
6532483634
4771712330
8229464517
6322385179
3723415318
-1
3200865978
3820130083
6131244421
7103873301
3641459767
-1
-1
2656427787
7532615166
9776770848
2359913453
7301913246
2561115194
4844902069
7929937073
3740055133
6315307623
5775149622
7361767567
4644017914
-1
-1
5584021913
-1
5343099648
4985378658
10662532679
-1
-1
2459522009
4162353181
8637641038
5133560088
-1
3439860027
5935759463
5957428172
-1
9038158151
-1
-1
5083188566
-1
5376059615
4665121370
-1
-1
7774247419
-1
-1
2336010325
3444902688
4043465117
6956148251
-1
6626561532
-1
-1
5198864458
-1
13001491935
736838295
-1
5794785832
-1
-1
-1
-1
64506784
6601662286
3004761766
11510246047
6923967803
9258115957
-1
6311033615
2786606250
8420827909
-1
-1
-1
-1
5855467929
7862703742
-1
5400803273
2228282578
9028361568
4859783714
4993851705
5009921807
7968399342
-1
-1
5627468892
17216455967
8821437272
2092540647
7053930481
5915557083
-1
9333281583
2581490737
-1
-1
6903247169
-1
-1
-1
2527791686
3540163994
12167009747
6753022710
3593700168
708868334
4202908638
-1
-1
7754316299
5485700256
1635904368
2500207146
4044107909
3423966994
5491429511
2613020945
-1
9971855251
4047197714
-1
4703664823
2343541018
8616872256
7069399178
4822499767
5491968842
1500507060
-1
5771555892
-1
-1
7591692427
8735629685
6877346706
3954293150
3058359148
7600781836
5354907159
4056755745
-1
7086298943
11935993492
4785938292
4935767128
3
4440197244
-1
389646139
5896827652
4102468096
-1
3027969915
6679195915
9013928175
-1
3095020492
3954061985
4424354430
4596971546
-1
8006054472
9115495299
-1
9009407355
6292475625
3792882558
4651554269
5934983508
4435073605
-1
2546588578
13216553230
-1
7216090185
6697145226
13828141231
3358860413
11343725563
4493067592
3109095786
3610475431
3555733833
4805146302
10712740085
4420033802
8503498515
8842480762
4577458603
-1
529896212
5818456040
893475134
-1
1209364051
-1
9215021094
2099240637
-1
6305912864
3306616765
-1
-1
7982162306
-1
7590406975
5955896929
13744766678
6853584319
7991247674
10226040256
962936424
9560158795
5688271416
8155994944
6714215807
6922943788
-1
8460197638
6652572771
-1
-1
-1
4738875861
5320606092
3613925250
-1
-1
-1
5770611103
-1
6166582283
6431410975
4055580725
6197930413
-1
7240324437
-1
6628868424
4335371684
-1
5597805271
5312853081
2833239398
-1
6125472979
6755748798
8523178363
6313726315
-1
5172957954
6155640536
4488423319
3536527592
12845087263
123362805
-1
6067144711
7637977038
11271383231
-1
-1
5681814072
-1
1303095758
8017149222
5062070720
4398607547
7759282059
480708789
-1
8110372111
7070532205
5469858007
-1
7547575340
-1
7590297924
-1
2891007814
6299480679
4856271454
6444747839
4224658190
15887550629
5659979594
-1
-1
3465448807
4436182460
9091756653
3659819387
3210767647
10825025935
2928586896
3705493099
5944328132
4244291980
9956359896
13907319654
4552164931
3377587725
4650671395
5365240466
3630144697
4929940343
-1
8814763722
7101275122
5265284070
10295892376
8825603608
4486430731
-1
7849949839
4238050373
10730341478
3784174536
6732234432
4967112086
3486658965
7612932630
-1
5912799169
5005616607
-1
10245742001
5261244917
6548199055
-1
594677497
-1
4089054643
-1
14605602231
2604663497
6194974812
1960821426
8997569945
2618109977
-1
-1
-1
6244533416
5226073460
7050747831
6561301074
2231937078
8469153412
3624006171
7272177904
-1
5041990905
6679036826
-1
3492103294
9391469534
6700360497
4420048869
13175704048
5877473434
7878525111
4621516756
10548146045
5583252637
8264862585
-1
-1
9772740550
5923517523
2730751528
6322079078
8605375211
8616691419
6999932745
5556422099
5812939163
5362215470
-1
-1
5195532080
3059755002
2686294309
3631101591
2769997546
4054100389
6141405930
-1
6887390303
2829570456
-1
8925495068
3478065999
-1
1839429429
3140856416
-1
6588898423
6275184154
14888347195
-1
6762207545
8103818022
1793636694
7537116481
5689108310
4748269849
6335619787
-1
10832576863
-1
-1
-1
2667194302
3912525308
7272251592
4117535174
5716554203
12015210299
-1
-1
8346240192
4695617022
-1
6185219710
5407109780
3672902923
6119169961
5371248907
4634702284
7359942745
5747895513
3728596361
7101580548
1528960026
-1
6957083009
4237047338
5529195301
5969230955
-1
-1
3471948477
9802212427
-1
9886363019
-1
3517750692
-1
4337222575
-1
2997359288
1776688932
3241350144
9223971088
5419784482
5559660758
12036695531
-1
10314106975
3856300448
-1
4427642307
3887102938
4896567501
8386386409
5006887964
-1
12229032452
-1
10320417424
5596657240
5077591573
-1
-1
11523461838
-1
-1
-1
4710153664
-1
-1
-1
5003017948
-1
-1
3484499541
7694268388
8168408081
4860503788
6533828147
1189146345
154389072
-1
-1
4934849685
10825529338
-1
6310434620
-1
6007988922
1614166705
-1
4001171622
3112897819
2496992572
-1
5866185712
6633964081
7654022710
-1
4684501176
3035973054
6899739365
9823082575
55150830
2782420950
2934021951
4138447297
5126315074
2833259303
4335303249
6900492381
2990691273
4274988008
2266617066
6333715592
-1
13298621177
5436038684
5720068168
1122331015
3346435170
2886795770
2103372555
-1
-1
6239611972
8735965274
9965198892
-1
-1
-1
-1
7953536982
-1
8271719062
3065144658
9929484696
8381729333
-1
5490974859
7605938938
8686250225
2915795832
7887649236
6752193599
9040932197
-1
-1
3175754130
-1
7086789534
4154522569
-1
4440781043
5065759062
2602352576
2102947189
7111423605
1729688703
-1
-1
1815609440
-1
-1
10683268038
-1
-1
5410771610
6843910923
3031804112
4441569294
55167702
10503665312
13185356069
11664497965
-1
2652632074
-1
6667007852
5438830769
3949845249
4974983168
8045809187
5329922862
7519255884
1546346966
-1
5663767312
5966143380
3926187257
13720391922
2611693799
5338969427
8690954247
10780186835
-1
5437229893
6121077079
5934918311
3129422749
2115587535
6400743291
4956930848
-1
3756346953
-1
4974858162
3137481839
9578740470
5373089051
6791624772
-1
5629636351
8830904891
3316323894
-1
9024959799
4863070718
-1
-1
3798347729
-1
8860020576
8497451646
6594457093
5812690145
3147032615
3845392452
5636285111
3242964371
7769868363
5842181425
5044472451
4174518549
8497062208
-1
3566052420
-1
-1
7578575781
7000567671
3248987832
-1
-1
5824235987
-1
5346442718
7492080548
6328351572
2821109754
5429958044
-1
-1
8884745820
8240075274
6367098901
3278032734
-1
-1
6294478019
7920681605
-1
6676059167
463267527
-1
9443762119
7976137578
5348239592
6342311809
4902628121
5191689953
-1
6432010992
1346968425
7848445931
3649112968
-1
5727465857
-1
6226871595
2753013001
9225184471
-1
10855352558
-1
-1
-1
4517492108
5576548506
-1
2935019844
-1
7101369333
-1
7756916202
2811968606
4335371038
7541633436
3128294293
-1
7292169914
5568680490
3733491708
-1
6351732737
2937646897
1583780848
1742687732
7205847284
2841365969
-1
5611858061
9320206091
5080614710
9543673316
-1
2798981716
-1
6198876780
6637488445
7790303994
3356932283
2758625120
3761271426
13943530265
2281808263
3257426383
-1
4287126088
-1
7585461737
14036684504
4582045413
2020938648
7778603174
4074630235
-1
2802915461
5306084467
-1
3410479938
-1
3475655860
5349399672
8963076722
3986886238
3467706342
10371533561
-1
2987550841
144048765
-1
8433796622
-1
2462012429
5707580480
7992758838
-1
4173101399
-1
10324127358
10218431883
-1
-1
9675924256
5370445200
-1
3909295324
8980681012
4531317588
-1
5049341271
4159909228
6261672504
346574196
-1
-1
-1
3757158468
7449093593
4799481693
11525259392
5797825051
7873565897
7779900106
4576412062
3719704078
8786826795
5569042240
6885474241
-1
9586010097
-1
5731204512
-1
-1
4427200694
11293338165
10246294131
6826527627
7914300414
-1
9658635031
5899011519
-1
14184100447
7805302630
1494742432
9428892485
-1
5309245356
4558544869
4507391273
2366672835
3694357778
-1
10885126466
5496993093
5165402598
10808429310
5443173065
6993130289
8500666086
11750454440
7020556787
598531627
6201101413
7042835575
6217814393
-1
5966964135
8771821789
5055175132
7212645704
6055171047
9511598186
-1
1930320698
-1
5758362968
-1
-1
-1
4781578567
3096799682
6538589191
-1
4613752229
-1
10228192610
-1
9131153327
-1
11640535838
2458483035
-1
5380651477
4668917848
10121259916
-1
7089446429
6333916487
4219590655
4209393542
7679526358
10493480166
-1
-1
-1
1337082820
-1
10721321307
6611330820
-1
-1
-1
4319081374
3704661133
8017011291
5548698909
3589398219
1813848124
4233125084
7634813690
4791799271
4970250820
9152771300
3148305532
-1
7276436421
5842520620
8120819755
-1
6350574249
2382383264
9266407431
7405413490
9328408661
6929336850
-1
7342995646
3646706573
960391060
5243824400
-1
-1
3494407283
6114788157
6057203595
6046239175
8468709644
4575686847
2485237191
-1
5278923304
1109373608
8574236544
5074911262
4904691566
12390434709
6631679070
-1
2344229807
3340242513
8323372523
-1
9823407091
6094423344
8641119702
3668279847
6585753954
6699765205
4387622922
4873262430
3286381967
-1
11131361264
10351086692
2119554011
6668315567
-1
7713655117
6083112007
5246823228
-1
5348107163
8690876353
-1
-1
2694376145
5828348345
13923785498
10199077623
13882452821
1852101867
5081160384
2642502060
-1
7397654019
1217021750
-1
-1
6712217651
3955608919
-1
8046658635
-1
-1
1851559264
2874403159
12434164209
10849616884
13956415125
6687280202
-1
-1
8591561075
-1
-1
-1
5873609209
5183469359
7174817756
-1
2991002781
89504940
2016102982
5614170262
6034340232
4865734674
3189360029
-1
2927682442
2804943284
8240407447
5652360919
-1
-1
3905809504
3966467121
-1
-1
4313769144
11205398819
12534346392
-1
5223210983
-1
3041149301
-1
6863044602
3291793597
6773590139
3262500125
3332345174
9790928095
2507975827
8301587237
9377210341
3011527291
-1
-1
6912622067
-1
-1
9736608282
5538035144
7814157313
3525330969
-1
3049780618
5778407109
-1
-1
6567316863
5393991224
6656475724
-1
2967856766
-1
2946647561
-1
6994016859
5245514198
10466095258
-1
9547318881
7792870219
2717111432
6071287662
4844097036
12519939204
3181043020
-1
-1
-1
-1
6776405884
5344684630
6017916254
5004650931
-1
9444072602
5093797530
5726735982
3274497047
3286933914
5223723890
-1
9675108139
12056621554
63547523
5742505994
-1
6236388930
5972567774
5369481239
-1
7869138860
3378059572
-1
5247347592
-1
4527891031
5603576777
7210691770
5418434447
6916364095
2315681699
7149122657
-1
3701397635
7742515559
4230578676
7532268111
4675707293
12270719530
7824665589
2249026720
11744933163
-1
-1
5547258801
5333812425
5361647113
-1
5760293378
4694792815
6171800455
9964770311
4781411615
-1
6939906931
3844628767
6010550598
6273781780
5019062319
4830712889
-1
2567574430
4900317385
4768272186
-1
5074027128
-1
4587873125
-1
3696578588
5447768077
2744569920
6288948415
9434700438
2244847156
-1
-1
13096156836
-1
6714754116
6670335181
-1
-1
4383645372
8459259184
-1
8358170822
-1
5142167475
5469134363
4934617156
5632932853
3976118633
3860009979
4109327253
3081617051
-1
5115780785
9871821591
2312244255
8372914801
-1
-1
2611687751
4116072359
1581099919
2394141052
6328121239
1419177080
1514632467
6969954561
3942899784
-1
3256102153
3065743621
3595671109
9151900053
-1
-1
5344336306
5364214671
-1
3065116737
-1
7674267232
2674251098
5471223777
-1
8395121129
-1
6872127847
3369228469
-1
5287264217
-1
3795718510
1020230191
-1
4327176669
2954610307
-1
-1
-1
-1
11872930497
-1
-1
-1
3280651518
6212155620
3382560851
-1
5816488088
-1
4428036650
6125175700
7886290797
5083567907
6597921055
3701420470
-1
-1
3788756415
9188183055
6585611044
4810770239
11818556900
5614676451
2498190113
7692797030
2610498120
9082978942
-1
5249367560
3049249826
-1
4915794135
6204916769
10012005092
2937985524
-1
6513808999
2623437070
-1
4159137915
5850527243
9997239254
6819005097
7546607769
-1
5067918983
4948999740
9386919520
3840846894
-1
5471260970
-1
5347601609
-1
10631747696
10364651930
4806799644
4005208380
7869928343
4351541865
3942807613
4692253040
2367222682
4076770543
6607071954
972318101
3154861523
2900322999
5082482242
6763072618
7886590150
7315617253
-1
9454298875
7617057947
7889398359
-1
6195880709
9901517165
2628104736
5334865885
12728610129
-1
-1
2794324561
-1
-1
3173746852
-1
4483549016
8038834132
3599334239
5899255708
-1
5765462851
3157618140
5557509490
4170820072
-1
-1
-1
9764728588
10217865841
-1
5475296674
12508230907
5640755412
14548157721
10502116051
5794921155
7037675732
10655198881
8226090078
4789104987
2509949399
3398727753
4322210687
5525893088
-1
3427066647
-1
13303759000
4470372168
-1
5101037441
8902924276
1530952102
-1
2486232844
-1
9749745584
4628368198
-1
8251868589
8090882485
-1
3969811501
3872531949
-1
-1
4616788219
8228700294
4615820192
6712153975
9991449573
8623176725
3466515300
-1
8761605484
5154197961
1776327357
4326611791
4459454382
7379786264
7635586932
2292662389
4390563830
12609672086
4526751478
8782119566
9922001483
7309527628
-1
3471747166
4847396997
-1
5341227269
6137765837
7471488558
6511671129
3744858923
3939626357
4030800180
3395819983
2018153821
-1
4947536060
7647060006
4569691078
-1
3945091775
4415099820
-1
1586604052
-1
7516690646
3178126703
10117367934
3235489646
6417857796
-1
4901848023
-1
15970879248
10355883484
6249835469
5753759791
-1
4729104290
-1
3595337764
-1
4010721809
-1
4773805427
3388981022
16046874075
2610519345
5448178414
6442783824
11684178476
-1
32101270
-1
-1
5439635424
11210879894
2699220150
7862408850
4553339729
6745804534
8192719130
-1
-1
8100020870
-1
-1
6289664488
-1
-1
-1
5865876794
4520288771
4398143304
6695020295
7267690715
-1
-1
9413089741
-1
6167056943
6004243438
4819244311
2486627825
6902575748
4499691201
5009416652
6899263038
11042354868
6724239573
3044090922
10005165373
12326586452
4079401701
10334869780
10787462460
-1
-1
-1
8143805526
3865119154
-1
2978769203
2473666642
4927872428
3173405538
3268299501
3841145827
3621378903
15186186185
4800911363
9164441983
-1
2126754849
4474790036
6257617973
-1
-1
-1
5021225558
5791290603
6027481213
8281847624
9373636363
4025138425
6915953508
-1
-1
5592792143
4592858763
4103981719
-1
10807281734
7551706917
-1
7468608270
-1
3142587657
6013126257
3942361387
4618670103
4997750053
-1
-1
4612555083
7030667082
5788950773
6755967332
2877802360
6227718351
7670294074
-1
-1
13590582247
-1
-1
9814380871
5332239910
5644334201
5367437992
7315826098
11448918142
4937458608
2758802952
3427276453
9277176781
9671180051
7741045164
6422136717
-1
303418482
-1
2917574523
4840662473
-1
4401356347
4117146047
6256358683
5982682333
6819730726
1716350168
13137429932
8903044124
5191450724
10995364015
-1
-1
15590280461
-1
-1
8919105103
3230833989
-1
-1
9239223185
4561250910
-1
6607316359
7407738558
2897992199
3354227100
5326483981
6491725897
-1
6933470309
3502882431
-1
7445719868
9190146776
3037796414
6622308812
3131027377
-1
4377650899
3728289950
9404598129
2843495423
9768370185
-1
10637322926
8013128961
6920060708
5051123360
-1
-1
9927258500
5702640413
-1
1336462394
9083318657
8646834101
7822215191
2007313929
2137601025
-1
3087433714
4790817662
7775662196
7998127092
3826034333
-1
4682738769
7592360347
-1
5613251926
1107200433
3587642037
-1
4197076417
8670139670
9097862232
2466324068
8558204584
-1
7775292384
5530486743
8926807662
10393391312
8300464979
-1
-1
-1
4599136765
6371475101
-1
-1
581859029
7494234233
5199911042
-1
2760685929
6016547229
5927717310
-1
10822899006
7942078913
4329175342
-1
1973625860
14503719252
-1
5650448100
8167887531
2023246058
-1
-1
6368805612
-1
4761056291
-1
-1
2618109977
2775966462
-1
4005070932
7819170362
4011741535
-1
-1
-1
2956737878
5635627730
-1
6476908423
2880858230
5525364406
7663579750
1479415406
2907836312
7757367800
3234818450
3272471623
5429522544
4110709253
5447671579
7115169643
8477353267
-1
2217567392
7134907226
7930115266
-1
4117213496
-1
3477369150
-1
7183294341
8439015909
1395840317
-1
1276065886
9918118395
3587003885
-1
-1
2818757507
-1
-1
7787827417
3944042614
10026719737
-1
-1
8070012805
11197645076
8715773217
-1
2243123207
9823076196
9065452892
4386012915
2027198992
3398292344
-1
14086219538
-1
6001630690
5818627876
4689293541
-1
8982399911
-1
9236020821
3807605410
4247663650
7982162306
5556092020
-1
-1
5687384561
12710155775
12083096388
-1
12610201320
-1
1906457402
6537923114
5545422225
6196796710
-1
5084424264
6820765030
9251530732
4292414522
3955338507
-1
5916796069
6858541239
-1
8243175016
-1
2773589315
-1
-1
12581632136
-1
3861860665
8252504574
5110553150
8579938854
-1
10482525329
4966665248
8907016368
1999015026
7926708310
-1
-1
3465310379
-1
2932716575
9531320586
2806559297
3476557612
4181552732
7863512020
7461021105
9845859339
-1
12740828480
2461145784
606012241
8363451027
-1
9609688240
5670880591
6576953576
-1
4390994100
-1
6945640280
3967078858
-1
4871598233
-1
-1
9096020915
5000017341
4146587173
-1
4369620209
4462115303
4129674653
-1
-1
2968442471
2155686063
2782896183
-1
-1
-1
10757786277
8265120579
3985102302
14120913168
3271869634
-1
-1
-1
2904422404
2811366462
-1
7545998305
3559072045
9915328313
2789491261
5738371538
4211696457
12624862451
1780174575
6534363537
4406194309
4648230813
10031138918
6561047300
8935868728
-1
8257470486
-1
3968720992
-1
2986444685
-1
-1
1620481495
-1
-1
-1
3041829951
4340161448
-1
9151455614
-1
7314175243
6951443706
4568490663
5980921211
2204931942
6641372539
2747357702
-1
-1
7028071968
-1
-1
9453390838
11514661309
8530773796
5474778065
7181719421
7166901167
9848917111
7945991871
-1
-1
2579834430
3247745877
-1
9936255516
2350066913
3295353490
6706818034
-1
-1
5838828915
3109386570
9381849181
4062604798
-1
7981809745
-1
5907929863
456517837
-1
2836647164
5111194604
4730039289
4316020915
5010862665
1351717983
-1
-1
5181131971
-1
10031549292
7789129729
5080414590
4390489914
8813251910
9921296405
-1
-1
-1
4563497916
-1
6909892264
-1
5121954634
-1
4253421355
10330691656
2362221850
2701350227
9737475360
4575838578
-1
-1
5706895433
8272449745
4799860125
-1
-1
-1
7773916404
1525966445
13254418700
3588856745
4397749044
14887452428
2379288772
1197766702
7057618335
-1
6069171730
5668772018
4533633884
-1
8270755964
-1
-1
4742884864
-1
3946316520
-1
6112928192
8311680367
-1
3087228239
-1
6604232117
5702263826
3530385578
3524051967
2773589315
4948709511
5470802842
4107902246
-1
12393889390
-1
3839320514
3297561588
5716413678
9614863252
-1
4212155129
-1
3878413869
-1
4173601695
3649939289
6330241838
5067813498
6003477904
3015430043
-1
9647627384
3631696802
2375804208
4671858192
3831698900
-1
4784179293
6352925983
7211372706
11741536927
6094112876
2994695848
5525740753
-1
9834266627
8167784605
5442210997
4634336890
-1
3900838783
2436295082
-1
3045257760
-1
-1
-1
3047238337
7418155618
3702985327
7075525741
7479654506
-1
4136557938
3175076086
2573568834
-1
-1
5959490608
-1
4298540202
2124737103
12109624086
-1
-1
-1
-1
7281294257
4945540850
5649992939
4443965948
2801227990
-1
14563098701
10986536969
-1
-1
4790050100
4344508600
-1
6623961207
7552795067
5874346724
4291358170
8273950160
3891950914
7202189566
3437632230
4592650374
4248050004
6301274359
2030367731
5853039774
1580237787
4032365684
8859173851
2263362419
-1
7639586017
5097434332
5002600391
-1
7623432701
1261494626
-1
5476366667
4261538580
5662268905
6191298991
3108577857
3888309627
1925634727
-1
7326325892
4543282315
-1
2072725490
8553824487
-1
-1
1326691022
-1
-1
9236026629
10490142633
-1
-1
-1
2779824610
5653802885
-1
2567407845
10546963171
-1
9181980985
-1
462164531
-1
7544650716
8291333919
10444164419
5656729595
2975236028
9885267727
2678923481
8256031191
-1
8942700260
-1
9645828209
-1
5289740025
7653408453
1515292078
5638872067
6737291296
3736234178
6211912545
15608909909
-1
-1
-1
4853199264
4795310399
-1
6919991107
5249747779
10848893593
8129929464
6980693766
10172291471
-1
-1
4756763581
-1
6411605127
5644140050
7019029561
7560664152
3555733835
8826515840
-1
5894650956
2958589990
1567126091
6440177653
8431757774
-1
1661457845
-1
3403815739
-1
6796670803
-1
2644919501
3872647066
-1
5503757239
-1
-1
7120499331
-1
4085055717
-1
-1
5018065730
-1
6588505148
-1
5425275209
4202670976
-1
-1
4611351839
-1
4506809828
4282191992
6200909866
1678068565
6498065036
-1
-1
4367531065
-1
-1
-1
13142885752
6527556927
4749048255
-1
6889451782
-1
-1
5591973024
-1
3346765503
7882565417
3262160526
7058176939
-1
-1
-1
4998672492
5225425468
-1
-1
8361558114
4769048937
8431943099
5281121603
-1
3053460861
11003264838
5575595126
-1
-1
-1
4333482516
7873155544
6782621905
5606027819
3903945953
6030611211
5305941308
-1
2662097159
-1
6776444642
2916810740
7029562058
-1
2378632314
11260483511
-1
3209882457
4653585215
-1
7090386478
4168811308
-1
6101382962
-1
5244784912
1141672123
-1
5562752852
-1
-1
7271582211
10640223223
-1
-1
3718898769
1471593333
-1
7972868414
8942381700
9481360499
7305536820
5011705345
4288377251
3949592792
4275077771
-1
6608109370
5066292124
-1
7551869823
5305673361
2361017227
3846976291
-1
-1
-1
1204527872
6351886426
3351723098
4278826880
3769318972
-1
10849229027
-1
7158517308
-1
-1
5530946951
5714375899
4948666829
-1
5699568258
4802951746
6900674464
9465623361
689272363
-1
9115300076
6386594022
2991037729
3662856391
10583850448
-1
4549899787
-1
5441888479
6594749000
7686032855
421119872
3590056646
9277229828
-1
2249156731
2842429139
4226573146
-1
5850976071
-1
6030350129
-1
3977245237
8973578278
2559261790
4503853624
7417316946
-1
7079816191
10719797976
4608729958
9443772428
4769685546
5683821205
5229560038
6777012026
4725310232
-1
3888319918
3698662679
6789482203
9399930790
-1
4640452937
-1
7471557476
6214613056
5744572977
4576896330
4187020707
4211567319
8146313757
7491641754
-1
-1
9209672850
11692736928
3441288276
5262890717
2704721426
-1
2135601904
8245844613
1906143020
3953688744
7027076595
-1
-1
6041684278
3618778603
-1
1220913074
2347167213
4146350497
-1
2267480041
4927695082
1880206683
3617871198
5475665707
6292167924
8675684188
7238566847
5420784869
8560708213
6199635765
2483369530
8678728761
-1
11432049503
4414058829
4196241244
-1
14562016033
9546109046
4153766623
3986668875
-1
5389182569
5185194012
4540681916
8341721126
5402637935
5177638459
2475607578
6151214130
-1
5213170756
-1
-1
5332386050
-1
-1
1759596539
6363762538
2328885775
6053526910
8723381794
3949383946
5067021035
4934966758
2710152594
5837701230
-1
-1
7553467968
2811236755
4400389524
-1
7508043126
-1
5484751622
2770989052
5318792511
8627255600
8648347463
-1
-1
8666285587
5889119763
7837563455
6465116750
11577337836
7470481719
10743683254
5343377013
-1
5028013529
-1
-1
3947515803
-1
5524431886
4139942804
3202746265
4720829603
7384382998
5433659705
-1
6760429417
6817373488
-1
7203511719
7890080460
1755950096
13189918708
-1
7383313465
8108291296
6495593648
3308719046
-1
7369582996
6244202611
3269441224
-1
-1
6719738406
10925796129
-1
4098350323
7137699745
-1
-1
3489473735
-1
13337732254
-1
5532112859
11143788597
2461145768
-1
5365768810
4973511867
5419271388
11162879983
4737259593
6597650210
7902642457
3888397011
3677720987
-1
10254150380
2801171295
3150313092
8324775327
3843236717
4964743084
-1
5101429636
6871545924
2875805483
-1
4123023255
-1
4188706866
-1
5045528220
7566374594
4369715978
4926771739
2548112429
-1
-1
3086431687
4617361986
-1
-1
5677311263
9130139032
-1
-1
-1
-1
2827851282
-1
-1
8112078266
-1
5302984528
561096217
3685860523
5157957366
7588874620
-1
-1
4401352478
4071091820
14257114766
3867956329
11971786486
5943991324
6894734188
2033504296
6428208498
-1
8455385978
-1
7171059740
3220983221
-1
11465766321
4891917992
7110239408
3962173434
888479705
62742
6908142193
-1
7015458864
5801683713
10524461167
3524201462
3135421153
1398852055
2683411159
7133435277
3518174914
-1
3346878181
5740168499
5652332326
4856653140
8157317167
4258260671
-1
4926310163
6574785892
1694459416
3879853495
2382904916
4305840090
-1
2756214342
-1
-1
4469535771
10770021027
12023988679
-1
1414875533
-1
-1
6672853730
4564598910
3728078354
10200957425
5062010735
8057639784
6265527973
4678830170
4271947581
4948128726
6746019143
4902963933
-1
7522100753
3429079349
9444887279
3507473341
-1
2546935141
4992693556
1222801833
4062428753
5698409604
7735852471
7810407729
8280519917
5621800520
2613941784
6251688299
-1
14101601298
-1
3463525228
5387631205
6815622451
9701169598
4791819038
-1
14475453358
11027126225
2870776460
4080183208
8110309569
7891221426
5228091281
5541181108
3059177691
8529067953
-1
7167313626
-1
5403179923
4171569507
8100393475
1734988944
-1
7721100847
-1
5412862223
-1
-1
7401957137
528858170
1882181140
-1
-1
7742336127
7843358644
-1
11193794319
6496826010
3734535782
2132684347
5991467124
-1
9148845926
6828676486
7815593846
-1
8500839579
8707874310
7544758464
-1
5716138052
8588141971
10622194979
3773491020
3570004336
4772499923
4730829080
-1
6852777079
11435637097
3702289547
-1
9025966747
4037614782
12402548852
5326888231
11464893425
6496014815
5033534429
-1
7089686306
4911575521
6021346200
4280676249
2831915784
10531233765
-1
-1
-1
-1
6044536490
4226215401
7746030891
-1
-1
5409756217
9798484055
6586682692
1933145328
3680715348
-1
4046585115
6427062105
-1
-1
-1
7093299433
-1
7072482694
9441128228
1891556027
8332489251
-1
5412013907
301592403
1197291718
5464368611
4369147575
7316982640
-1
-1
7020172343
5176508523
4398710436
3809117749
-1
1670601948
-1
-1
5010904662
12677853271
9264369497
5571592879
-1
4841856921
11126664503
-1
-1
-1
5231742825
-1
1835612358
8216760316
3114409398
-1
5853092180
9330672352
-1
5623026407
5021383699
6727429216
5737342950
-1
3580247603
10567042380
-1
-1
7927903605
4641553849
3842938705
4188790216
12501801339
-1
7084380006
8842502664
2264043381
3662978777
2875360215
4798872967
8930647316
6795926246
8210928248
7356709433
12921257385
5007326248
2082174480
12607804570
7721609807
5073869539
10576960649
4525620044
5635618600
1586752148
6052481906
8074468854
7703998186
-1
9836417777
5920927134
7863383753
-1
3986886259
5916189486
4696396612
-1
-1
-1
6053308141
-1
8422330342
3851233500
-1
-1
-1
11697617731
4103863597
8275074893
4510054030
-1
7067907862
7525794673
6082534484
10333292588
-1
10055876226
4696890989
4461568849
7458175699
7008085149
-1
6293262268
-1
2915839591
-1
-1
5104000308
1191697936
6680959938
3114407572
2602065252
2180096020
11137819478
-1
4071128395
2609333555
3131826345
2018157823
5193641835
6806762977
-1
-1
7991624142
1181864570
1953002360
9339784729
9693199832
8082024240
4228537457
-1
5707533713
9173748918
7638552460
5909482865
12292201825
-1
5175904729
12068066840
4602419201
11098086492
-1
2481981211
-1
7581861529
8988264044
2362966604
8427625017
4628364577
5206229654
-1
-1
8053047827
4386131732
6757215080
2866169958
10175433914
10194559796
-1
7366388044
-1
4689366878
6462308921
-1
-1
-1
7526993988
3611561626
-1
-1
-1
5874996555
5992363932
6269908636
9651483242
6329566263
5276919775
2567931571
7479151333
3251081372
5025295839
-1
3338881762
4326593933
-1
6370649538
-1
-1
4150538139
-1
7029972259
5521585885
4957541526
9998075530
-1
2676562733
9152770875
4250365818
4215533932
7948798349
-1
7044342464
5799364507
9305287124
1897292101
7389027122
-1
3566053884
5411976438
7834248064
2670369929
9409528890
6662847293
4583324759
8701266227
9502021586
2772204850
4163899760
-1
5056336624
-1
4637262900
-1
1664430039
8825487232
2480536972
12114695330
1888686906
10943913775
2764039507
5883282394
6399465996
8061138073
-1
-1
-1
2678217742
4385412110
-1
10904049946
4534155443
2376244050
9330947502
-1
-1
7022098185
10410549551
3327685846
5797760786
3232415101
-1
-1
5675061548
-1
2903970644
2884182839
2667194518
2738267123
-1
-1
4508593949
-1
4592515436
8439236997
-1
12585574826
-1
7425714536
5880399251
-1
7474720174
3834723796
3332633036
6706683896
5960166982
9376395303
5012884109
1200240642
2431360681
5290004018
3752021129
11608312818
5896151710
5272420191
-1
-1
4920610237
5276502647
6316547965
5575972260
5972731977
4820167065
4954593203
8482454597
6222492078
5555643234
3778626749
-1
18358713673
6392927694
8894993697
3527339273
6727973324
-1
6224556309
5160478316
3359123916
-1
-1
2394715103
9871614896
6772223785
9997483918
-1
5928449755
11801315763
-1
3788274908
-1
12121790462
8239643931
5299516275
1252848191
1496045366
4000098177
6215043963
2760247149
8469054746
-1
6023234988
8756692472
6599599406
2870084271
4737351630
-1
5496590912
-1
9461008023
6019345760
1967804958
-1
3934032503
4235375629
7173480589
-1
6649763476
6901892685
10805603721
8914290761
4973996731
-1
-1
10583632030
6980767210
2937241941
3126777442
4013790569
2634629121
-1
-1
4155756891
12340406700
6535952679
-1
4056879189
11824564954
-1
6343644378
-1
2269732537
6167172695
16125345653
3642566952
-1
3222884257
-1
5157917557
10381661341
10194615374
6741834232
9522132007
5031362559
7206798127
4020180657
3679066479
-1
3564376374
5520759796
5982156229
4305412774
4891569566
3628205703
-1
5413913403
-1
-1
-1
5277402615
-1
12540119633
4134815001
-1
-1
3939783376
8776991311
13921329474
921008896
-1
-1
7440308365
14346466592
6036488546
10878659083
7472326334
9508898091
11824807523
9281766022
10192235783
-1
3615193972
3011459382
5052060879
5659097153
6513570546
-1
4006114277
-1
58071868
-1
9927635978
3899196372
5911556837
-1
-1
-1
-1
3070354064
-1
4535940658
3085414799
1659844936
7715312718
4363137877
7844953129
-1
6928708720
-1
-1
-1
-1
-1
8910384038
6684127753
5104086783
-1
7241070224
-1
13206004049
4452206067
1744554233
4424104248
2156697951
5945336368
10679682692
-1
-1
2934034127
15082084376
7206240289
-1
303418488
-1
4769269219
6652078773
4170853502
-1
7598685568
1188214202
-1
5561597926
6625936492
7815843877
-1
7065828506
4995069212
2977538034
13462465946
5632031364
8586805777
6520459020
2806559169
3887226011
-1
5096990647
-1
-1
-1
4906212282
-1
2691896022
-1
6498665637
7333843752
-1
2930104562
8523927640
-1
-1
-1
-1
-1
5802094877
2299771325
10222407498
-1
8417525451
6057785062
4916558643
-1
7940391909
-1
5096343247
5070159808
1119283858
6004638309
8677905505
-1
-1
5518462419
8933190708
2903901776
3172721766
9456740866
4194102670
5643788950
5209704272
7546397751
12277023095
7455224637
4362097311
4477061004
11639380449
6259228672
8157417859
8706653957
7987357820
7869546397
3262657129
4552082326
7232239129
-1
4362124132
8016793100
2729192199
-1
2225697606
2031148760
4051377745
7520744232
3487876071
2814096982
4462189794
5049061258
-1
7674488455
-1
8582812433
6210082612
3100510002
7389291197
8998350612
3449053071
-1
4380953752
4280793658
6283578451
-1
5323822232
6493409462
5851403065
7421953940
86228883
-1
-1
4518267776
8325821972
10884176318
2451720908
2786463211
8498217812
6009777572
4375114382
2441664656
7150768513
5991591725
1988118457
7819752430
-1
-1
-1
-1
7667614638
5379165263
4432970961
12575584582
6326722835
3738760141
5208019487
-1
5022664600
3232409161
9177789866
4958370447
3103033122
-1
5870446814
8027396138
-1
5084402457
2912922950
5236943428
-1
-1
4623501387
2426238524
5851512462
-1
6796400060
2602556820
4773912651
10448928588
7931990851
5241922110
-1
-1
6084729808
-1
10197854242
2074780864
6165897891
4937838967
2895077509
7505034230
6371593378
-1
-1
4731788969
-1
4754887951
4956751911
5746149185
8210764454
2161601536
5175471096
7954221128
6517541395
-1
6722130908
-1
-1
-1
5181130745
2591340180
4433819883
9373733726
4245535076
6934433610
-1
5580534879
6825282146
9079337376
7531570325
4852294854
9119158805
6537021758
2645481332
3747458450
1828753799
6664809026
2993250576
-1
3159050606
-1
4374257524
7695387547
-1
8787227091
10791331038
10591373120
1842585387
2937660053
-1
7530196335
7791137117
-1
7061324842
10807828212
3213483523
1730891622
5805153561
-1
4606210041
6407838951
3474564612
6862832543
4179988065
3352457921
10408644753
7113984027
6600161308
6094205569
10199904965
7395525768
4475956894
-1
-1
2128644801
2241922602
191251257
6377387613
10120625510
-1
6157232563
7483093845
10591396434
-1
5476330502
6840012797
4503279293
-1
10416276140
-1
9157750680
5585781320
3954275147
-1
5200008571
9231919209
-1
-1
4722791419
3711765660
11056361930
-1
4703713834
4207360901
5800620142
-1
1901337218
8870165285
10577012665
-1
5454202850
9704410097
3869716157
7624493178
-1
-1
-1
5239181026
5528231688
5851444910
1888107105
3554261994
6409886671
3651979194
4464313368
-1
1936873555
10870843002
7529670263
-1
-1
6734345653
4365794278
2216677373
1762799105
7301300420
8659679529
9662269095
13368159067
15829636586
-1
7076307102
-1
1909618705
-1
7184268490
8718986999
2907836319
5252099509
1841168665
5736530804
-1
-1
3411962705
6904962828
5193526083
-1
10326469772
-1
-1
-1
3970309126
2820410121
1852207894
-1
4267142204
-1
4194785309
-1
-1
3896618277
3572139847
5185628602
-1
-1
2960326790
4332312519
3666975330
-1
7223288137
-1
-1
4699106387
9428774296
3956360192
6868668471
2778480195
1920789097
6074192901
3604483861
-1
2798097069
-1
-1
-1
6382678725
8725662559
-1
5818743875
7515459995
-1
-1
8975483840
7574883643
7251530339
4766603836
10867802929
-1
8499132667
8371753564
1936759069
3948184484
10622484763
1265311843
4947946446
4812526742
9791424374
6532146521
6173759010
-1
2388506852
-1
8507337315
7216441281
3970608132
6523049008
4783819053
-1
3591871297
-1
3942439502
12690939894
-1
4507104715
4491484284
-1
11824865230
3260512381
-1
3828747862
-1
4520659427
12364943375
-1
5229481685
-1
2261042413
3312757574
-1
-1
3213685206
-1
-1
4429961418
3878753146
6364175023
4463521840
5735754003
6552578516
-1
7566069272
-1
9499217690
1380172769
5182422876
9230804060
-1
4276910521
6654830210
5786023180
11438808990
8049020776
2018157823
7408252505
11036648874
10486606408
-1
6810046350
6887226194
7944343421
-1
8657216022
-1
5746853644
6316023671
8317932782
6644703114
7416446717
4093935107
5979341164
3833431292
7711941216
135849137
8741206963
11255075552
-1
8992610640
-1
8045393492
6962245543
6499582749
5825341407
-1
9151734239
3251440155
-1
-1
2737975796
6048704145
6415691632
1945389913
8053154804
4381959654
5701396890
3976512136
-1
-1
3362080390
5903785446
11571095237
5135343201
2900564349
4690333148
5770456212
-1
8191361620
8103614438
4752732942
-1
3798347729
-1
6832278029
3891342383
2276849696
-1
4645647225
10680530668
10324983594
9696186588
2506415167
6854750134
4277209982
4734593557
6123468488
3756316211
3612932283
7853165723
3431707263
9685411310
5285978405
2436562997
7507175059
10466830116
5978475668
4411737861
2445685369
-1
-1
-1
-1
7203009282
9679801194
6139231378
-1
7420348941
3814303730
6206300848
-1
7750161954
9731385766
6040922154
-1
3675743259
8470245027
6921650155
3445921144
-1
-1
-1
-1
7580087124
3049706019
13265671083
5454704222
3325844484
12244765075
-1
8199186704
3915136578
6871913792
9131896139
8514416176
13315633153
3295714866
4117251560
2951420048
5320614612
3090153232
5439364946
-1
11013769506
3483465295
5048672898
5502786298
-1
-1
7199753213
-1
4880078691
-1
-1
5500333820
5897934506
7649751920
5377921449
5453253675
4834436049
4837585923
3581305007
5207663409
-1
-1
3343499308
5325137243
11934684350
-1
1883188899
7415904324
4524274930
2808623738
4647165738
-1
5997282845
6613581645
4921617029
6775324562
-1
-1
4128244095
-1
4951676647
-1
6745975160
4791445563
1726582806
6165231355
-1
-1
4649753725
-1
-1
6683855914
-1
-1
9129329704
12674697938
-1
8208611783
4326974957
2583061533
-1
-1
5877248048
7782158950
5076108029
12861448338
4198744386
-1
1503979090
6265343770
-1
5668501069
10297035018
7186182200
-1
9868322791
4525234831
-1
-1
7364813500
3311483097
6701512948
-1
4756591991
6023857823
8372305753
8029575388
8831940434
10798960968
5498810698
-1
-1
4377365179
4981822460
3325894576
5194220112
-1
6991760097
8713297918
-1
-1
-1
4098854416
-1
-1
3721045539
5908690027
12895529311
4988850529
3300637699
-1
6549152824
8595727527
-1
-1
-1
7782321543
4563523053
-1
3340784644
7020547428
-1
6657675529
-1
6200190014
17875649223
-1
-1
11811391858
3527994905
6196422784
6435417598
3155393538
7196795344
1809427102
7008552154
10955184727
4972144804
9634378794
8151094198
9223141427
11336580436
7507252870
-1
4605750690
6753693059
8739307520
3731611302
8902264715
1175257323
9277130324
3059755150
-1
4054221038
10961644611
-1
-1
2799107102
4455414484
3583209128
3210462964
5040623241
6390154059
2665591069
6479809410
3395814072
-1
4524460462
13083678072
3722844017
6960175961
5908475684
8014359676
8135003566
5739100355
-1
2383947269
6801197210
5470947814
16300943504
5679617415
12363129504
2616757895
4005795928
8439639405
-1
7861696090
6945206309
4017050358
4487090485
-1
6765896972
-1
6911342606
4749675236
5933895278
5557399805
5560609998
4803775966
6876232361
7863382460
-1
3563802705
4728432213
4914834425
2530777110
4343826573
13193743561
2903297139
7802927406
58353449
7009805553
6502932222
8962814232
5225683491
-1
-1
5287537583
6897156043
5471298441
10676769829
3930542019
64931256
6398173976
-1
11377708888
4976058660
5808653082
4831674471
3781271898
3486177190
5817448316
-1
-1
7168317071
6428208498
8202755027
8158090609
-1
8377912159
8037301240
2304754453
5697023210
-1
4576292596
12490981426
8991744732
6900272322
4344915954
6685438774
-1
-1
5440037320
3863763809
-1
9124206835
3450727073
4113937597
-1
-1
10727265541
11408449509
7762017042
-1
5476122327
9503173917
-1
7569063261
9251584318
6421649430
5433518952
5891122089
-1
9581192662
6254936963
10732474961
7095374542
2269229533
-1
-1
-1
2779416886
3856569719
4641663972
5595445525
-1
9393456050
5025336233
5703083275
9930933877
6675810613
6259429285
-1
-1
6923857457
4027040861
2356720247
4085443638
2436435443
6138313864
5155051294
4772209265
-1
4905570868
-1
5244215578
2432662929
6098215050
4260639356
-1
6680689948
2895332145
3436135591
3687174626
2045552836
6605884741
4255158611
7291198739
-1
7384461553
-1
12108008368
-1
2048996597
2161473340
11047896636
-1
-1
7829261239
2122265990
13178172359
4297623476
4393099071
4160645221
5894959501
9653583676
7668654823
6588566520
5398720546
5507992272
4793966583
6345712178
5821214951
2153321539
17219750667
-1
-1
3883388929
6153504422
6073838279
6526196658
2670804209
7916402507
6294531440
3330566756
4537451807
8903557017
6494448800
11536872911
-1
-1
1622585671
7444667190
10677418899
3449928196
9715724660
9642662928
2868716629
-1
-1
-1
-1
-1
-1
8673010085
-1
4159778668
6695482819
5437755717
12706617170
11668204323
5138391041
-1
4239403021
-1
-1
-1
13020214641
3035447268
6074826884
5077974235
5457045572
11040041985
-1
4298319400
6281109952
4242526402
5733596933
9039214402
6865629025
2545597584
-1
7195575969
5221327982
8144734166
9476647499
4776841048
9538430852
-1
2617842664
2685086495
7551875466
1802208338
-1
-1
5509147574
6274000944
5287061922
4454568674
6147582772
2872458907
5962568452
11293241437
4014233350
7511298147
3609737962
3812598386
4878771311
2658215354
8202651961
-1
-1
2461145780
6696922273
5489774549
4227549596
7211660689
-1
-1
1511354455
5612209218
3555063272
2112843111
7987560572
4918438207
3248169790
8813273590
2705917004
8238569282
3770831571
3935975711
1949004834
4819096795
3578379953
585776912
4763713713
-1
3504933084
2583061533
3394648149
8156200531
4324179950
-1
3505489524
-1
6086335832
10520066394
-1
5801492470
3982842815
8460657026
4154033741
8524459802
4907220013
-1
4284244652
-1
4490245156
7181638309
2482345942
7708719097
3904481315
-1
-1
8882832923
7645163162
1831266057
8101798032
4963389156
9518004263
9850961500
6559492828
-1
-1
8320215228
7364156461
4730416396
2889437425
3023198033
-1
-1
5087390990
6582175654
-1
4293703017
7258888532
4897570310
4249494980
1666835466
-1
11485759992
14248514926
6399943575
-1
-1
10347134283
9256740044
5548341928
-1
4652477535
-1
8498745291
8213157665
4828422997
3248648226
3084092896
6269251045
5970544582
7870887378
5709984355
-1
10695477090
3664051296
3647349519
2601161533
-1
1120839317
5011674001
4615296144
-1
-1
13110997967
9848549789
-1
5881675580
-1
5143512310
3184270038
7186417591
-1
11567858269
4218010437
-1
7243348816
4668354205
-1
7371256206
10292592035
4084729068
-1
7400917545
2708168988
5227625900
6229071573
2738832674
-1
4491801732
5306367945
3946935366
4333558820
5389714396
5013361570
-1
4289003674
10202797933
4032234477
3697494642
5634581182
3483554689
5539221192
3484392789
3223971247
6127609106
-1
919742318
2746440983
-1
13680639335
4273386289
3875205761
12718934214
4822709970
-1
-1
2797692961
5421785976
4273560392
4472947060
4405894186
-1
7738225705
6569223981
2900525532
3714001059
3950470709
1178512490
4325646696
4656549335
8849587129
6784949791
3965634711
-1
3673224599
-1
2604784091
-1
11081754804
-1
5639150961
4635730040
11330422584
-1
13829634507
9279214177
2354852803
4986290159
-1
13449273217
13235550195
5448486644
-1
8043829138
-1
7893994954
-1
5382271988
3720851207
3101859711
-1
-1
-1
-1
2724346205
6979727211
5867752509
6790349934
7777595019
4602448416
1406913468
3987796538
10445106240
3759044149
5160342444
7073314950
3269047880
4231588095
7005218171
5638915812
2036184474
-1
-1
8644509647
2235705903
3506489731
7203066941
2619031397
-1
-1
10314044500
-1
7726651701
4851273554
-1
5550952398
5455394222
-1
-1
4126928065
6692489548
4648326104
5470126786
4426617837
4594278183
5950025327
-1
6979971193
6095682407
1981451113
3915908261
-1
-1
6659567725
8138305500
3738741444
-1
6016881771
4128736800
2269628384
3452630922
-1
6458407184
4574311777
3839582339
7480706883
7411726167
-1
3155806578
11288658772
-1
8376620143
3408412872
5581247772
7555642620
9027689337
-1
-1
-1
14460549486
8987000480
3363916845
-1
3930804182
-1
3922001480
3308456819
-1
-1
8196894297
-1
6815024899
10163672925
-1
5543860755
-1
-1
4290166801
6285619729
3817318261
2720011190
-1
4141131600
-1
8759238129
9332965343
11433653127
2030079798
-1
7136883531
-1
7252739325
2996661960
5801022886
7437263304
-1
3846716423
-1
7319780695
4889647263
5429837904
4388532356
3631433107
9409393853
10740907450
5070522120
7268421748
7648753010
3554315538
9430483707
-1
2580141606
8989531548
5496214572
7164494672
10125466282
-1
9500865909
7647536573
7102967709
-1
6405632143
1857219740
9992801637
-1
6234300197
10413529366
11978128212
3437740603
9835938949
6147616395
4151936613
-1
9473135669
8114491959
6717647269
7256419884
4869191386
-1
359911
3654313766
2770641460
-1
4585121299
-1
7589801138
11342442233
3811788092
8842811421
10741373468
5262735624
4218846452
4102993277
8671885993
-1
4598418832
6529508087
7181962751
7660734729
12340995622
-1
9472389974
5845897948
-1
4824361885
14233824233
7369385010
5961464786
9693158124
-1
6066432597
5765666073
8497274097
5070644865
3575785552
197009348
4631822647
7126537153
5214851652
-1
3802432026
2563738445
4142756026
-1
11276424499
6056873289
5329534245
6248890031
8137327232
-1
-1
-1
-1
8081869254
8075716323
-1
2317639553
-1
-1
6951833893
11862533936
4957155308
-1
3845092415
8404578616
-1
-1
-1
6674772143
4648230813
5210437777
11334039301
-1
-1
7464963175
-1
9924266225
5705220467
-1
4188843104
6569127796
4003506528
2510554785
5914573919
4873199280
8808297226
-1
3071594751
5663826799
-1
8901703688
4447787558
10598577366
5410760571
7956249054
9456488837
2390618446
2852944298
-1
6549339842
1285049994
4750879981
7146958550
10771473983
5318210795
-1
5276468421
5219259379
16547235850
7005610439
2781531492
4972151456
6054875759
-1
6604079054
5900339688
7266047810
9597063152
2723993949
4317994995
-1
-1
6812372355
6589924356
8237354083
5286989274
-1
5616262771
-1
-1
-1
6731779632
-1
6961537859
4330824362
2805628854
-1
7042879411
3278619837
-1
7653772474
-1
3208915415
-1
9672117478
8762394376
5438827291
-1
7763220087
-1
7949133970
7746319929
7514431432
12869524544
3688816010
4022310077
5733232258
11273479025
5868961302
4070833682
3330025359
9026684640
-1
4880582257
5791084071
3096581494
8545356526
-1
11644397161
5858939116
11228585689
5572375893
-1
8518536149
2045374814
3793243440
302594977
2308664155
10796922899
9217033317
9997823414
2240232820
2935682392
4023283435
9199377059
5331466903
-1
7457205867
8192391304
-1
5883833145
-1
4941652405
8140727556
7292598542
-1
-1
-1
-1
6515626704
5732386963
6786258228
7653897449
-1
-1
-1
7378848681
4240542085
-1
7349655852
-1
8435510220
-1
-1
10684196573
-1
6067175203
9489108184
11689088819
-1
5054187914
2960448272
-1
2016341981
5000463502
1423104903
6449198618
-1
3508696190
7762138395
11600878976
-1
3678935036
-1
8837990454
4350539642
5123610980
2795806575
-1
5642645630
3510878426
8669129518
6352440590
-1
5585505381
3230081089
6171892392
-1
4805204524
4023864998
5609645624
2442275428
3737831268
4690301019
1884786077
6716851039
5272292914
4616551093
2864905967
7002551788
2048698117
1206715210
6094443608
2503416158
-1
1483115039
6943616031
4491956595
10123578892
-1
3667329091
2669995060
8378781337
2809199109
4708229936
3648789117
-1
4465944723
-1
12157377971
11810062539
6079417358
4495966904
3787784567
3704844277
8813557168
8227310452
12123564373
7305128005
-1
4660822772
5866832206
2503505411
1501645401
-1
12488436486
6470330878
5039111587
2394141054
9260790320
-1
4533520298
1829482612
4154455742
2735741186
14791941328
10537700791
-1
-1
11498440009
-1
-1
5009089588
-1
12265072919
3834854592
6279048067
-1
4926846219
-1
4444065584
-1
5528087006
-1
6440552860
5346523019
2132949174
3432720158
2454236543
7419798961
4625697749
3691426416
4622669126
-1
-1
-1
-1
6054634281
-1
-1
-1
8200422387
6454965621
13230211583
6055366834
6061629063
6697279459
4934975048
3946753634
3588340325
6778223290
6298966311
-1
-1
6227280591
-1
4433340123
11724899030
3485696892
6388321095
8507931305
13015950096
6078473310
-1
-1
3558966973
2453884992
-1
-1
14129234702
3809579977
11241939034
-1
7430786601
6389225104
8748822897
-1
5916786876
-1
7933288180
6125093745
3449660477
7439954211
10636236663
2842343250
43094693
5634843641
2530933814
-1
-1
-1
-1
-1
-1
7907137187
1348796502
-1
-1
8105409046
5280420050
-1
6457125207
7028758965
4174616584
7215414499
-1
4379687260
3176823096
4615671527
8548360059
7091814974
5956405920
-1
4882540932
-1
8900341934
-1
4748617647
4276888220
10631291898
1549587180
8151377336
8190497447
-1
8071116186
3870789970
5512344305
6099097635
-1
2990156648
-1
2412608228
2711983421
7513572758
-1
5039906431
-1
6279093055
6240956851
5619320970
-1
-1
36
9074248950
-1
8298907319
2920946115
-1
5536649491
3623608187
6550321583
-1
-1
3258143714
2736438575
10409374213
9265828950
-1
-1
1264950324
8566162235
8044064915
6113495139
6392565785
-1
-1
6900327281
-1
2845045725
12241539424
-1
6369675241
7169924393
13017028260
8002472625
-1
2967455802
5545294685
-1
-1
9127361152
11546194886
4673178944
-1
-1
8266534518
-1
-1
-1
4709528310
-1
6022409237
-1
10441463110
7331090729
7250624888
8070005683
5405014171
-1
4948978050
4338721477
6280457485
3997024648
2918701496
2982087054
6505442316
4345840496
7673165620
6393435533
-1
-1
9713312418
9989137473
-1
10150762065
-1
6022028289
5279183562
-1
5237480273
5817419685
4270606002
2939590434
5174030498
3193704750
2759772798
-1
4889084599
5654349964
-1
8536960193
6414696341
2888396328
2537895032
-1
-1
6336353406
4905934486
3524110966
-1
3673529357
-1
-1
14351691052
9205940172
5001396877
-1
3428782990
3534011555
-1
-1
-1
13052919450
7467173152
-1
-1
-1
2681067511
6809450084
5351919175
-1
6198430241
10120625510
4705932853
10766342483
858307669
5299429403
4551152190
1549005403
7195658546
3357330609
4482387779
-1
4833690631
4104924445
6405686162
5360200301
9391523283
-1
5421973065
7710878696
6869530285
2771119359
-1
9774424756
-1
-1
4096477286
5639925926
4066271028
5348239592
5747442004
2915335128
6834581336
2219020401
-1
4552202118
3871979955
6709464115
6358533502
8298750937
4561136821
5644578433
1178502986
-1
-1
7986958836
7856385948
9867988212
3279341023
3862905117
5980347782
-1
5804112024
5547852778
3634868158
7761850092
3959179755
-1
-1
9936009110
10520657016
7861802970
8761473896
3179107186
6862637077
11011066780
2437970340
4802951746
-1
-1
5718745004
4322937497
-1
5285265400
-1
-1
6477178805
3198868622
6854715975
2181349796
9251322548
-1
5040166831
14338010612
7283557869
4918292363
7134673158
-1
2362158400
6732859877
6140318884
1036953711
2993969618
-1
7308602274
5812034587
6207535642
3815024514
6305281930
3254223929
3772152448
-1
5988531185
-1
2622910971
6600450463
4705751164
8238191448
7903512298
-1
-1
5464687376
444048901
9169926050
7116926001
4921815690
9238443268
-1
2248160314
-1
-1
-1
6450960533
10959713568
-1
6999606483
-1
-1
4850410193
8475198571
8966438016
-1
7145326035
5390057662
4819564369
-1
5564236729
4720985574
-1
4753507321
-1
2910280384
-1
-1
8369475236
965866904
9112123962
6463442992
11626729097
10277144743
4797955608
5139246371
-1
12425342157
-1
3344878359
3561605335
4727194625
7220525031
-1
7142740768
3824276004
5124520581
8945774578
8080414466
4385989808
-1
5318691812
-1
8568438816
8953109321
6955088310
-1
3159175553
-1
-1
2811366464
3106958088
5402739210
2249602321
8772338208
-1
6598090771
5125827181
3792818876
3251101546
7336289139
7015523802
5658421890
-1
-1
-1
-1
8506381485
4377295242
4765959869
-1
5076633054
-1
-1
-1
4116154797
5178454561
7331092603
5775655083
8035695600
7925386156
3531080526
8864035907
5997065381
3825777026
5493535694
10237315039
-1
-1
6270280814
5714095992
10261679679
9965053358
-1
-1
2780239327
1855507642
1897292101
-1
1875852658
6397948459
7444070328
4801225485
4657330964
3685361140
-1
5673863655
8216183180
-1
9441639810
6417320679
8449228134
10399757323
11494638020
4977209446
-1
-1
5190890651
4553501730
11461974135
4585735357
2645231192
4727473764
9230953126
-1
11713652593
1805032829
11320713688
5079763386
4404534057
4678535338
-1
-1
12179506678
-1
8658090961
9134370223
7489772090
-1
-1
4251742106
2686323184
3602424435
7513611162
5056602511
8125935221
2486349303
7217149841
-1
-1
-1
-1
4063884360
7543423141
-1
1929535195
6583466117
5351174593
10988257570
4161039830
7563434992
-1
-1
-1
2935485954
9381146744
12195825773
4086065694
3247564732
5276720173
-1
6730421182
-1
8443232473
2675378334
11137063121
4713991096
4785037483
7327118210
5589699000
-1
-1
5945857487
-1
12020353809
-1
10662852049
22065257
3280790895
-1
3113241954
-1
5994941697
5005002914
6201582184
3336269676
17200343116
13078756959
6736937623
5664724321
1255654650
6727601013
-1
9013408306
11753596377
5599443495
4600950341
-1
-1
-1
-1
4394615520
2147023627
5602317996
-1
-1
8094338306
3371414046
6046157707
12021272609
-1
-1
-1
-1
5738089372
-1
-1
7722384357
-1
7619743110
3577169523
-1
6215526379
5200935587
8546425946
3812207559
7524807157
3520031927
4312443878
3906590364
4250571711
3285953015
6707812412
-1
7390438126
11545637700
-1
7761056334
-1
-1
8046014871
5339099580
8512845685
6039359142
-1
5280380460
11539965209
3097961979
4101348663
1670531346
-1
9573414122
-1
-1
6294154737
5655853061
-1
-1
3309376187
2334246489
8509001557
2734276675
7700744077
4961640216
6331332000
6160589153
-1
8659927478
4586973166
10843078166
4530797259
-1
8052201673
2388649348
7876581010
8670999799
8416081568
-1
-1
7786523195
-1
-1
6176321051
4917957242
4100419399
5114413149
-1
12155025038
-1
-1
13393
4431086067
-1
4903006854
-1
-1
480528439
10974566837
6485751026
3162971930
5316664288
-1
3087917595
2049522171
6171849578
8166919477
2337619000
-1
9017441612
-1
1158456171
-1
-1
-1
1469976998
2278011327
5296264580
-1
-1
5875334610
4244419170
7327182021
-1
5297293855
9241300290
-1
4727475428
7486434111
-1
-1
5367773562
-1
15200724587
-1
-1
-1
2482307985
-1
10396956943
3296960675
8497764062
7589485275
3356381433
3649636072
-1
5653933183
-1
6823665963
-1
2083079259
1774828128
-1
-1
-1
4152724069
8964325926
2456159740
-1
10494647245
-1
2890515338
7264002641
2887333196
-1
-1
5833767963
8756430664
-1
4717809235
3705772535
3208329759
-1
11696817418
-1
-1
7245717430
3640111525
4926221941
3922924115
-1
7670966801
10102187218
-1
8406340457
-1
6281131109
-1
-1
3943312701
4517778153
4772140707
7185586066
8023305332
10168545915
4803493958
3059177529
4853597612
13988256738
4226690095
3599321769
9493168720
-1
4488466569
3999409010
-1
11799843184
4790896122
-1
4068704678
3292932818
8809103123
5990124329
6567203750
5437111034
-1
5441820053
1432030029
12617390569
3137236021
-1
3049379942
8441096288
3593694415
-1
-1
8934094997
-1
6558106778
-1
5252667381
-1
6270987481
8210160221
3354004238
2502257813
3583080339
3774195849
2275329342
4983029996
-1
5270527994
-1
3525518137
11867685978
13599572810
-1
10778832992
-1
-1
4967541133
-1
2708115801
-1
-1
-1
3549000665
10497713771
7424325169
-1
8292772423
-1
5212082992
2478833523
-1
1100564978
7479436408
5260776357
-1
-1
3270712773
2757082504
1845814915
1982878292
6553468696
4384906321
2486227059
-1
1049924963
7078907664
6039532676
-1
7224503898
-1
-1
-1
6862259070
-1
3689295623
4991212359
2856113953
6843741258
4813447225
-1
9240856590
2797052984
4583324759
5020950685
8626044190
-1
6147573706
-1
4145665367
-1
-1
4019349978
5263904597
4637794614
1924225862
-1
4687585139
5436562842
-1
3213454210
-1
12237063607
8868087986
7382332590
5401093133
-1
2046173487
3095731989
4750955094
5589360330
4072711242
-1
4309520858
5650719281
1609955277
5925499341
3894931171
10483476880
-1
-1
-1
4186499136
5955999103
4255288152
6612548160
4422833765
-1
-1
4182359860
8644509647
5922115703
2381983364
-1
4200218896
13304357253
3616359699
4124725278
3510060833
5294713457
4813958291
-1
2866129792
7187515060
9635694827
5199116360
4001429017
6697807580
-1
5103248896
2085812383
7877224787
6128980709
3414572490
7311896941
-1
4477183979
2221267085
-1
6109837209
9331675352
3741936408
-1
4401696712
3486478621
3528117963
7959047330
9618527161
10509680918
-1
4860624105
2845345095
4142402847
6196874859
-1
-1
-1
-1
-1
-1
6910553394
2045397461
5389062153
-1
4003881820
-1
4564678713
4507428123
-1
-1
4054490310
-1
4700375153
4915047036
15409948440
-1
7079572949
11077756791
-1
2498377157
1343970689
-1
5478629572
2648696976
-1
9015135480
8696371434
4845726921
1756298132
8150898889
7645403223
5342893551
5431053561
11595259549
5379772173
4248922181
944686286
-1
-1
-1
17667037082
2967561060
-1
3559803750
9052996401
-1
-1
5711758208
5043844650
11431654898
3918029747
3528361662
4846755581
-1
-1
5200515739
8809830123
-1
4112590663
-1
8222182701
5517379552
4714276048
-1
2923985481
4360421313
13755254539
3974044115
-1
-1
-1
9375111120
-1
6566233762
-1
3935996193
-1
7335899764
2155694882
7551994555
8941316056
10851335107
5635968766
3692790982
3915056244
3316327315
5354126632
4132391006
5512243615
4130880147
5502602772
4091517848
4176961379
-1
2681025524
2790413988
-1
3965500334
6008234425
-1
-1
7941021962
6987141653
6302144771
4549003221
1981452087
-1
8425844936
3289859425
2827611207
1264075454
2485376113
4163847570
2926697130
9210148087
-1
-1
6432370472
-1
8019401881
5007992648
5027573089
-1
-1
6363009244
-1
8631140399
10569528465
5620507764
-1
5413137127
3621752694
1802328076
7520624013
3804099992
3982128466
5226955235
-1
6158665082
5566260679
3462826189
6510304160
-1
-1
-1
5541908898
-1
6908593677
5052185267
3255258993
658425222
4638959763
1485934308
-1
6983739192
4670298787
1398466893
-1
7480067364
5133659976
4087344344
4568162543
6247311986
5077677625
-1
-1
2848642563
8825960333
3884462039
-1
-1
5751295365
-1
1976343902
6381183803
-1
6155490077
4602543235
-1
11884824907
2917137046
5982299295
2684669975
2753774406
2683539240
5054304813
-1
6510630727
-1
-1
7841974875
6295220425
9690737535
4478330637
-1
13898761921
5291536345
4741838202
-1
4521671812
5750306984
10149348440
4593253158
3188879492
-1
7640933044
3291307182
7441357953
8385438638
5173878405
5764125750
-1
3255357864
-1
6937466760
-1
10044288999
3444988355
1379323027
4155405100
4438122831
4433599634
5057303246
-1
4604151809
4148043442
-1
-1
9679880435
5347847959
5584482404
5781476496
15296701304
-1
4091920831
2775175321
7450301816
4056766544
7186570368
2702113488
5976028842
7315617217
7203066940
4651291324
13281877925
4948423968
9841544094
5222078429
5357888112
4182142341
1553192734
4282760748
-1
3422490630
13739858296
6858884142
-1
3946162591
13726672042
6222718843
11494645851
-1
7285247717
7922435126
-1
6413690057
8107498155
6787566134
8700521944
10699961462
11983002690
3036206339
-1
-1
-1
-1
9433237035
-1
4431859014
4383381809
-1
4821593754
-1
3752467744
2782899283
-1
6379632508
4887291718
6672937794
7325310715
4264046614
2115288301
7378732178
5551147533
-1
2998358634
9426751939
8218624906
4361026085
6791738897
3365293261
-1
-1
3354133411
8578724699
4274027188
3154826648
8419509664
7988061295
8025794358
5970940109
-1
3470455656
4612246241
6759423081
-1
5932880951
9513826144
-1
965878319
6109646816
-1
11939836307
2154324181
7876678440
5573010928
2526692229
3541342483
-1
4892035865
-1
4718812413
8436834241
5988851085
4201119667
-1
7780526643
1351706701
11723972211
-1
7627701771
3978726317
6903043388
3392647475
5400754993
7795420601
5135223604
7002798900
2133440946
4193849574
4248158989
11115265723
9746802143
9212012796
6344942373
-1
11018949705
2479805512
3084604187
3042888041
5783884141
-1
2781974439
-1
-1
5366443604
3494488164
2558844976
9164280548
6521412395
3851110262
-1
5438951596
-1
4641755936
8482517065
4628516882
-1
3028978216
-1
3496243070
-1
10493985466
12697494249
5456853539
7488133208
7662400901
5841789409
6707708362
5433035841
-1
4609552826
7006145126
2770788768
7517652457
-1
1598604123
-1
-1
-1
4531364267
3926187296
10778074879
-1
7898231675
-1
3716625998
5703903539
9427616348
7367373436
-1
-1
5737261254
1389621942
6248990560
5933872881
-1
11448288986
-1
4650670157
-1
-1
9155105068
4735253947
-1
-1
4373139373
4759003991
-1
4307600118
11369399855
4610904706
-1
4387654223
6685724545
-1
-1
4203460897
11165378916
-1
5137298275
4384277639
9632313256
4905829410
13302912842
6853184155
-1
2909058506
-1
-1
3310875980
2959547422
9511877909
4481868820
-1
4578691007
4862649746
9550289888
-1
5581220591
-1
6786258228
-1
4163374810
4718597511
8251669073
7592375609
2601184220
1135300091
5577698547
1884795529
5921672903
2224428789
5025179595
3310420125
7218397916
3105187165
-1
6127671123
-1
-1
6043312605
4122248490
3911411294
3448087165
8852756056
-1
8474967135
4684987192
5951694463
6257652254
-1
3122797659
6837510291
3651452671
8888709683
-1
6595484553
11549420849
11463860153
9599099805
-1
-1
-1
4512778889
4613524921
-1
13462031748
2326565781
2978707763
8942263032
390007651
-1
10799404769
9222787439
8220910753
3523386185
2321836187
2932707896
4728616376
3308863868
-1
-1
7522584766
6176323424
5154655311
5948616043
4587855066
5319688496
18434592557
3564472978
12057419334
-1
5155378477
7514866842
3969879937
-1
2228268949
5684791116
-1
6006105058
9497835972
5481621629
-1
3174109140
-1
6576996353
8921915394
5766678905
6606955650
8222362526
4894161906
2693696580
4966934603
-1
4351840487
5146349038
2640323613
5910786181
4736824274
3634581397
6065469890
2130108904
-1
4540753637
9540879641
10517297901
4775840216
-1
-1
9959956761
4353522396
-1
6898309180
-1
12231877645
6861585489
6312291321
5933002834
10195125851
7382273722
11904221857
2751980115
3693816525
3447448448
2255351911
4495485549
4730597862
-1
8954899653
-1
3493548607
6441193576
6853439356
-1
-1
9487079043
4671601874
4419837568
3320834206
8984011467
1539076218
8672162230
1205272805
-1
4434912931
5414972907
5499560654
5194104274
6920100261
7142156161
4855572379
-1
5581718974
4680973371
11647575849
4960001464
4219930144
7753528379
1568760484
3877056292
8243378084
-1
-1
4434275988
5150565259
5048587528
4909818609
3687720771
-1
6566245792
5620716791
3951780279
12514790710
1063967838
3694369634
-1
10245802166
5959358692
1398438834
-1
1016593408
-1
-1
10319527390
6564882425
14114943591
2622398450
-1
8734945443
985263264
-1
8101320898
11875754074
1910468903
3113801967
6871742593
-1
-1
7433349046
5191749825
-1
-1
6079884
4216569851
3257537588
2872910352
1155298741
4098888867
12516732119
6248257689
1251842139
6580370705
8679936678
9568559747
-1
8432687865
7876314653
3598756642
8821565130
5887727585
-1
-1
4137794591
-1
6382238024
2746350865
3188601040
9998899007
-1
11454535735
-1
6913896884
-1
4942690664
-1
4628368227
-1
4937680427
3370442546
-1
6189126430
7596122233
-1
-1
3809612111
4688742238
-1
2498321254
-1
4908981661
5988866589
-1
13983290967
4778143973
5635627817
4333578343
-1
-1
7213433764
16944281617
8438290951
3069719693
12907926229
5195596820
4815666413
-1
2557763384
4303444180
4083019406
3257927803
3110273871
9040711050
-1
3834213864
-1
8858607750
7452651656
-1
9652730834
-1
-1
8267033975
-1
1757694280
5990313888
6830646986
4355428309
4519372308
-1
4152627754
8730257009
8252410481
2314504378
5189979044
-1
6926531722
9484687988
5974898316
10163433816
-1
-1
5456212646
3349669217
-1
586424240
-1
6560356988
-1
3532844297
6777665511
2488295250
-1
-1
4386000437
5394867183
4338459297
3875823407
-1
-1
8033800882
5779362225
4927967072
4870824945
2684644122
4344764997
2985611864
-1
5263200457
-1
7736226522
4593193415
-1
5359139955
3056709596
3797907769
2976198402
6199563770
7645384934
3005077644
7157141752
4950325095
2341228227
3368266932
-1
-1
-1
3996115355
5643293125
8688644902
4279180067
86612092
6687493015
8126163756
-1
5768599374
5435487416
9466246024
7380149677
-1
1205826429
7870655813
3409732059
-1
1582540806
10196941264
2484995569
-1
-1
-1
-1
9088783669
-1
11949254837
6614346439
8979837940
-1
3957376578
5038961977
3112155050
-1
2332608421
4902842691
-1
5271961768
-1
6215477596
3853619200
2968024424
7799592485
5468339305
-1
6561156974
5897673993
5099608009
7821698605
15413221840
7922933149
2114471279
2576684606
5888581956
-1
10982774424
-1
8955463562
-1
-1
-1
8430101444
11860979679
7984128711
10537985885
4246451760
7868135502
-1
-1
-1
2935795819
5960979493
-1
2380826844
6853001588
9092199466
10534498755
1654436548
4056163393
6876763524
6177354252
-1
7139079834
3208301306
4812312762
6262190795
9686149000
-1
6914589304
6209437955
6725296944
4958804825
4031236305
3763209916
-1
-1
7558477987
4772319216
5809156355
12482196740
3207941236
8544434990
4883274618
6486340225
2349408848
3916250852
2548713147
4153519083
1640255111
-1
8310502819
-1
10238236775
12029986756
7798735318
4247686588
6241372770
4073417285
6576808651
7710937970
4950860985
7579370591
-1
9785743061
-1
4278041868
9376188230
5157211163
7125978251
8161499121
-1
3397373718
-1
2192855787
6661607156
7729043316
4207259732
8114804378
6278457582
8235167335
-1
-1
6676005418
4846595634
5884539888
7476067979
-1
10750908572
3977534616
6736696492
7057676985
6640906998
7731830944
5797322311
7399278409
984730052
10196345522
8466922397
-1
1944947613
6428191853
7309470019
4097885030
6204956959
-1
4698098941
8614836654
6949830845
4832227771
13742300607
6131837397
6374882095
153424141
6667352243
8191854845
2710853350
7577388544
13398026508
6587209668
7426695744
3921103208
7725204754
4832954386
5162528786
7408096469
4561756362
-1
-1
7832032090
9901027766
7536221165
-1
6994016859
5800463178
4337900160
3194204765
8987460899
5217372897
-1
3498415385
-1
-1
3906603980
8348729216
4378647082
3752483687
-1
5653799448
5391657875
-1
5295435832
3781844994
2068234766
5120491963
4803878139
9235103346
5056062473
-1
10512156088
-1
-1
6594895506
3940719212
6817423082
-1
9166533660
-1
4187625032
5557399814
2310701982
2861617441
-1
-1
7511298147
-1
7485224816
-1
3276456826
-1
4101187449
4913180434
5718605112
7830107027
9642594780
4076236424
-1
-1
9305287124
7486382821
-1
5370766802
7782433447
5893539301
-1
4615344697
4674974429
6530857129
2965221831
-1
-1
5231406239
-1
-1
5869872826
4905174265
6773523732
1373247277
4881597740
4482766596
9723977186
9916823728
2678881327
7018215634
7672306473
4947485834
-1
2570645865
7121353534
4905254376
4249131259
2402137869
12398356678
-1
5092727460
7301926818
5632586534
9158975993
13319763509
4686088741
12030575604
3154172109
2844303644
5829867149
11543767288
-1
2361969066
4330385533
4679141811
3482160488
12279792173
-1
-1
11216048677
4128340020
10331444738
7302835850
4188126211
3341572974
5849047737
10748375739
-1
7699914539
2435810505
-1
8084925491
12051551875
-1
5488934970
6072826508
4222210415
6318903925
6054266911
-1
-1
10653205991
11592232059
-1
6336478550
8010452255
7489015862
4622075367
8290027435
-1
7579025883
2236299230
3985766110
1206693414
-1
3949040199
4030845863
-1
2074067495
-1
4379386529
4391715255
11561057321
3546307909
3873020439
-1
4836058531
11561120872
6987563196
8524858426
-1
4844057181
6016243868
-1
6975765519
6987971265
2940340774
-1
5129017838
-1
10610055515
3369004313
2288669675
7459472760
-1
-1
5316576602
8445907055
7535639381
11589086642
3599334239
3594557108
-1
11624451009
-1
5985641705
3681087286
4450768408
8038173800
-1
3688897503
7051477242
11961683944
99394883
8853534632
3491048210
-1
7002220635
3216299012
8478980823
2269235342
8192619150
2794324532
-1
3304920948
6393630777
10053083745
7036580510
5198375197
-1
2121143387
6963320982
5096414239
2410139146
5385495092
3835850273
-1
-1
5635016793
5067344240
2848246672
8639732435
4888312681
2216571678
6598412381
3189861202
3865960576
10676941273
2806736875
6957402758
6886175950
4864227914
6654764603
3160496359
-1
1945171834
10813050047
3155253235
7758604738
4924180188
7888556298
3312626355
5829375003
2053369810
-1
-1
8891261087
8305626732
1832171584
6347506036
4167589039
2341357614
10085929109
6565421946
3545783037
-1
-1
6181086255
-1
4777104981
7692152233
9101495193
354798327
3935583003
-1
6055352347
6233569428
-1
-1
6278442987
-1
6125597239
-1
7907033256
2693657825
-1
11472112401
3197512270
9998524224
-1
2670240242
-1
7755289786
8181890308
6666065811
5894156053
9459661957
-1
5682364896
10084506035
5603660635
-1
9236883015
6577595422
9136565871
9239562627
8643879939
9456136093
2818925260
-1
-1
7073125209
7203675789
14038398376
7113380532
-1
5827876040
4288362363
4500686945
8945950659
9439064854
2562239067
7608486470
3489256221
4741201630
4238064033
3480979856
6130206504
3293944843
5959330312
5677551715
3576844719
-1
5068235418
10870321781
-1
-1
-1
4479515141
-1
-1
-1
9592554631
6522472358
1931492575
9289954423
-1
9353396992
2137381471
-1
4673610007
4629491158
5526966181
11364243907
5168771039
-1
-1
1460880566
4310076601
-1
-1
5883660561
6519032472
-1
11648377682
7222044978
-1
10195590349
124763738
10721791266
7600968424
8822211729
-1
-1
6652009963
7544076972
6723327883
7215499322
9448312955
8886106889
1914927769
5797009474
-1
10061292147
3239982322
3905806802
-1
4045211004
3717128963
11581794598
6957149364
5717664131
-1
947559911
5697054948
-1
5856361833
6858771077
6735046165
5746429462
-1
1279029430
3373424779
-1
6796670803
-1
5773367758
2878679517
1958854890
-1
5482950479
6379233766
6551269752
-1
-1
-1
9843825617
4809720833
4615271170
-1
9863533605
7535778079
3778855347
-1
7352313103
5836353297
7335574569
4364246105
6602085541
6942783684
3775917883
11978128212
2426590442
2527790995
6298066682
-1
-1
4757890786
2294647124
-1
-1
7719459626
-1
-1
-1
4903388932
9746110584
2017832318
5685190262
-1
8959560129
5239786361
-1
5215886380
5952731380
2848011096
4994873584
9321876753
18047310112
-1
4375858038
6525313055
4953640886
-1
-1
8320843012
2234555295
7457486500
-1
3870958539
7952476430
-1
2897648062
1363359346
-1
-1
-1
6508265217
1318303338
4389031329
7693472480
11808065301
5209553189
6710237242
5462090117
4241709860
3069864446
-1
-1
7541813785
-1
-1
-1
-1
7679261982
2295540952
6917288741
-1
-1
9045600342
2484275171
-1
3616655608
3681457230
-1
6803500344
10112905986
4698575836
-1
9102935087
2797949295
-1
8630342135
2569956875
4926884030
4665177965
4537921778
4817893194
7364318468
4126309611
-1
-1
-1
5768906597
-1
-1
-1
4155243409
-1
6141097578
5596934241
5283583840
1435973016
-1
-1
3594141543
3938286761
11917561115
5043851336
-1
3621096631
5701656030
6184903615
4107983576
4152272893
-1
-1
3168553966
-1
7287860679
3152767319
6283696005
4376320248
5014229815
-1
9123412250
3816795132
6178572258
-1
4705588277
5508846586
6858850683
5277470495
4484884269
8549053212
-1
-1
4025972533
9788652640
-1
-1
-1
-1
5744801707
5965101202
-1
-1
4669872003
6299783386
13337921130
6586754010
3509544432
4219784956
1121364565
9668307550
7050393609
-1
4612989016
6358695518
6449314512
4848482185
8406895600
3047850132
-1
-1
-1
5938991221
4714908569
-1
7755902086
-1
3535457413
3958734187
4490827079
12492881827
2545331578
-1
8635710347
-1
4621066356
8991500903
12606932359
-1
-1
-1
-1
1192305519
-1
2803890734
5930115820
4784996346
5051468275
6330182963
15017892204
14477914505
8896178080
5835976186
11363972615
-1
3163441667
-1
-1
11795807443
9081435415
5484763419
8235539146
8281642403
3735681368
-1
4148307458
-1
5375697829
-1
-1
7332711288
4247354646
7982019832
7410772389
5418798513
12929490349
-1
7523992824
3139359620
5152856472
2843266126
2192364869
4222210415
9559394901
-1
-1
2963953407
-1
1554974427
2215790574
-1
6712377681
618562897
9247128319
8383352256
-1
3942166060
11941465423
1804769192
10778760180
4430017147
4068249025
4679879943
3176528301
5175507915
6546412188
7140969611
3358211789
2482537905
-1
2661016823
10201357464
-1
4965840174
-1
9700941882
3024156599
-1
-1
7929700083
4076274528
-1
5705912376
-1
8610563938
6525331353
579856461
-1
-1
4570756324
9427972066
6446849996
-1
3681774737
-1
5098606368
-1
7716488584
2487376758
8103500077
-1
-1
6331282244
6037931231
-1
5172700774
5703140222
-1
6098053120
7154598491
7210424971
-1
-1
6733109867
5348185773
4252269750
5210112962
7565602550
4344667271
12812404518
1585321616
5826330636
7598357985
4263145394
6893524715
9462785695
3496698059
-1
-1
-1
-1
6401433650
5190228663
11002549644
-1
-1
9500717352
6342102595
5624276982
4707477359
5653802885
-1
3018709288
2748116350
-1
-1
4468105302
11529171293
5524539346
3610595808
4383084315
-1
6462176439
-1
5705779766
-1
12961647601
4835196513
14058216655
2378539506
-1
3484890305
5192418424
3291288523
7531710682
3494555499
-1
-1
1829176157
2909087436
7182404839
4380337712
7736635909
4066931306
11077004971
9124714443
4686908866
4942617450
-1
13135025345
8764336538
-1
4326115365
8677549123
1744161843
5100376753
-1
6454003653
5693886266
4604583074
4750996199
9033665928
2281398422
-1
5945941439
4640230919
7837942758
5381947016
3354826626
5099514243
10895926714
11373275831
8709684616
5357011432
5728808525
11522778365
6367501531
-1
9578597012
-1
5018585310
9862333011
1640457632
-1
3303411251
4447374807
-1
-1
66373048
-1
-1
-1
8589504708
2765977482
-1
9034149214
4631410691
8942091063
5161770521
463266881
2251880063
15764836397
2362511585
-1
4215076123
-1
5433716997
7426830912
2639595020
1502543559
4500093913
5102392584
6640703183
-1
6537543569
8947661136
648577659
-1
-1
8412333069
-1
-1
-1
-1
3027580851
-1
5182773553
-1
-1
8551197143
-1
7358950784
2360153471
-1
6437714407
3642782508
2626326041
-1
-1
3914252588
-1
3300833811
10625299909
10286939624
9756570236
-1
-1
6387069340
-1
12320188774
12896347694
4941761250
2620366195
8326010812
7335451584
7831988933
4284303996
3188710217
10241574127
16283710672
6665768375
5589078429
10441129369
-1
2555751609
8605987539
-1
-1
4965363843
4348769594
7988781091
6948660249
7100786439
-1
11315437244
-1
4435073591
4978905698
1706998193
6119095511
3422409975
6553035539
8550123865
-1
6263809593
-1
-1
-1
3943868640
6274087646
2809103898
6720517479
5454676166
-1
8002214049
6555534855
-1
3866550531
-1
3834344662
1989046352
-1
4963863734
3188458109
-1
2578669784
2970843199
5188958787
6077796401
-1
7222013263
2863182741
9386989413
7061857209
4298711974
3150170313
8870143675
5450258259
5424283266
7764200434
-1
7628435921
11174908091
-1
6555099901
2794131410
4135937015
12364715875
2213018599
-1
-1
8638533121
3793382152
-1
1037068197
2539097587
5356543091
-1
-1
11014143273
1811430302
-1
7280399509
-1
7014197199
3653050328
-1
-1
-1
-1
6383950711
-1
8702098607
3964777079
3951878845
-1
-1
-1
-1
9964693202
7125279612
5992229481
2561686729
2170583662
5470037984
7955695573
6247793830
13215371853
6153180166
2695166339
12008858604
3658465214
-1
14852491818
6328895557
5655003162
4203112885
-1
-1
5712450200
4167477718
7916000944
-1
4163324297
5916785260
4421215298
6225720552
10617086934
1262390289
8220476762
7105067847
8461436797
6260797532
-1
12209490817
7393779132
7557818668
4311104985
3079431255
1469471674
-1
-1
4088124065
5801239725
-1
-1
4395148038
-1
-1
7592802966
-1
692068090
4566488253
4833828042
16078375545
7875587004
-1
5652511591
5975720327
14344682149
-1
6963135597
3607781647
7037401206
-1
-1
-1
5415210899
3287435990
5959553268
8467666625
-1
6402411625
-1
3757205679
-1
-1
-1
12943333185
3841452741
-1
7995933856
13373800843
-1
7685449154
-1
1782428274
6985530633
-1
5032302619
6710768360
-1
4111766321
5222951490
-1
5672327447
2580680063
1773929793
8492277576
5717866125
-1
10779374635
2806721384
238557105
-1
7865434671
7226322771
-1
10047533047
4941314040
4130701865
-1
-1
-1
5121868240
5171441783
2783054450
4708324275
6382262971
6813339095
5608587267
3630806028
7412351447
5707989813
-1
5089884821
9126645849
2595795577
6907540305
3380392514
-1
-1
-1
-1
4115753934
6476604454
-1
5831846382
2670092281
4728364328
-1
9241288895
-1
7585251767
9142273206
4830184056
9512911574
3065111206
5313903611
-1
-1
-1
6639596992
5251948020
-1
-1
9296132069
3628403946
4596124131
9110027859
-1
-1
4797004647
-1
3771097570
3752377062
3698295366
7119331941
5282842389
11900553437
3701862918
3389140148
3435340438
3690189537
11237580011
-1
6468752112
6839316596
4359493873
-1
6581051320
-1
-1
-1
4947182788
4547565717
1839432446
-1
3438572526
6650955101
-1
8878626592
4945917707
8360060246
12710635100
-1
7445609211
8388406146
-1
5752849822
4207651946
5942351045
3660700609
4164900400
2762934766
-1
-1
-1
10767328169
4568469323
10453590199
12003974590
3633640805
1963439290
4476443337
2867824972
2041133493
-1
5606724338
2377760689
4183325890
8412636297
-1
7514840008
3134780329
-1
5967832409
3617473447
10305980194
5673649866
-1
2977700359
5418434446
7677542021
5683296848
7648415831
-1
5339992643
1672959788
11097616758
16456203375
3324649345
6600191400
5057238901
-1
-1
5738060689
4146599765
1348767905
8261712181
5480735643
-1
4285606297
10454889581
-1
-1
-1
-1
2921579311
5499963943
5019401614
9585287118
5028793766
5255159512
-1
8265739874
6626454821
1256008035
3164738569
3946856883
7824812833
3891775577
8804791324
12545547750
6689480484
7544332491
5877160845
5835965328
2987550822
-1
5671863521
5570959026
2563001900
6696232451
-1
6131813978
6236021688
-1
6785639307
-1
4516692325
4971096344
2913616586
-1
8288143832
6458727808
4527774111
6911109329
5999735288
12695495092
9553030944
4919787186
5460997586
5713669945
-1
6036488268
7069409069
-1
3045673162
10016183233
6697058870
8450956699
-1
4005410530
4804579785
-1
-1
-1
6061099787
2900383057
2124459347
11406388475
-1
6107216303
-1
-1
4204065400
-1
7445647283
5724051746
5319196331
5109814190
7052641328
-1
8553927528
-1
9572842405
3758157542
3581495539
1921916364
-1
4441569295
7550941134
-1
7113265307
5939159498
13551853330
6235151606
3652715197
6178703782
-1
4518918703
-1
6259750147
-1
4710153664
-1
6558502356
2496630878
7577682570
9738658290
4348759200
-1
3555070720
6937498026
-1
4367861972
9567402251
17363948734
1762272055
4068368850
8385484832
-1
8514416163
6748548414
-1
10600696356
4062792933
6465972480
-1
8582062222
5210171378
7671924747
1858967553
-1
3381588502
9470121648
5276340312
7607744029
-1
13615022061
-1
7656540841
4698647739
5247314668
4412169268
-1
-1
-1
6606806109
5899576506
3243894666
-1
-1
-1
5429133461
-1
8889300421
8970083386
7263871005
4293593653
-1
3083417186
6243359212
-1
1999287893
6077322160
14113397335
6017364477
2702757436
4925708312
-1
-1
-1
5061267487
4927808317
6584885438
-1
7691289696
5368919079
7093270705
2643346025
-1
-1
6532351509
7527309802
4907365497
4171258354
2516676855
8745087184
5256537749
8320347763
4482595961
8457352611
-1
-1
-1
13908746041
5239880547
9019293977
9826438392
12453903748
4170130704
3190121055
-1
8426940982
7584513669
9613485400
4567654712
6611337444
5047243062
-1
3952910655
6895304712
7372125250
3354427444
5535208877
6140357095
-1
-1
3373300778
-1
2821696992
5435608187
3905209559
10988461595
13207543699
7181883206
-1
9508902797
13586353705
3467440236
4150528420
-1
6042726730
-1
6791339729
8936587968
-1
3491384480
-1
7239138350
10147544633
8649440404
5661803901
8973248116
10317549207
8975760287
6013011850
5756850588
5341628640
7778919756
3296010883
11796614526
-1
8342301743
9024815330
1911452002
4910170946
3792990584
5579364049
-1
7736459466
6572948917
5729812870
11791743160
6468469321
3392543805
7650573235
9327614612
5250482193
9783604564
5073209195
-1
11121955226
-1
-1
4624972008
-1
4887343216
4824938742
-1
4597585466
3803884809
10584208498
8012248446
-1
-1
4663286544
3705479375
7422857522
-1
4654346248
-1
-1
4243539463
-1
-1
1379761592
-1
7949521131
2208829764
4716053507
4010675493
-1
6091314871
-1
8525742671
9138191316
-1
6432759052
5211661147
6457740018
4932483540
10442084342
-1
1988118478
-1
4802688539
4080142462
9385667464
3469463607
7153592513
7855897986
12965520430
2480610630
4321252938
5402817752
-1
5303099076
5257676192
2973580619
5944442238
3673034152
-1
-1
5366817771
2976206309
-1
6110088727
5078161451
3979346944
2987869018
-1
-1
7759857006
-1
6789289915
5575088225
-1
3805784610
5227320729
4477482639
-1
4442135261
6231939388
3815301212
7997862151
-1
6926366674
4923103103
6671735556
8337567896
-1
6482061758
7136459888
8131676935
4121567688
1447152837
6433705143
5834805618
4117162153
-1
-1
-1
-1
1753097433
6228067321
6404650699
5449627202
3138630669
-1
7070043205
5549087949
-1
5217347159
-1
2426040517
6018140504
7987815934
-1
5749799856
-1
-1
4831853006
-1
9921758697
3208731780
8201620330
6135603240
-1
-1
3809905656
5583525523
10344972543
6341470516
7949605251
-1
-1
2544171220
5029362225
7366153416
2655366889
3695301945
2953162671
4901666438
-1
3139209829
5447155138
7194376383
13689531446
377952712
8313284484
4645064667
3322968545
7268711547
7026715819
-1
-1
-1
7850906236
3920916066
5271232210
5200785884
-1
7555929475
4734882805
5303297251
6428355264
6965067947
6359292504
4440100248
6042341419
-1
-1
5281885828
7007466468
-1
6829156622
9115870135
3574093395
-1
201066146
-1
-1
-1
-1
4811824980
-1
5978475649
-1
5139816487
2574204206
5035215332
6187722664
-1
-1
4986140340
2726145591
-1
4928474472
5387137130
4810595366
6783145034
-1
4339260103
5650406831
-1
8778107316
-1
8802344590
5041091408
9978918727
-1
5070676401
3406193434
3471758683
6377260430
6540973917
3383532025
-1
12927136441
-1
-1
4368987661
3511195450
8299791763
-1
2806983819
6059808187
6102148300
1546368646
-1
3592672664
-1
-1
-1
8099219086
-1
4821078610
-1
5194228917
6760242122
5090763601
-1
-1
-1
-1
7310774084
-1
-1
5525744147
11361769439
2821463489
8593978662
5729972999
4586665461
-1
6754387985
6388614835
-1
-1
-1
6278167031
-1
8142401554
1687532150
-1
7774369102
7067172002
5695536767
4519692673
13017702994
-1
6712366001
3696193465
3651803992
3325171120
-1
5048924604
3721676894
5259337360
-1
2751312708
5234579034
3991547035
3373923733
4298557733
7129270221
8361433547
8257275340
4585792062
4963771162
1113090996
5752365496
3004920575
4203677940
6244110312
-1
1323773446
4809357244
-1
8017680942
5436026140
5624038370
8990754968
11561120872
5581071954
5928929101
-1
5428500257
4240261526
-1
12851341550
3995608562
4981983986
7066877188
5500309609
-1
6397339933
5324016204
5833580434
8570122487
3195442201
2395803252
-1
3540223558
3971371006
7336725014
-1
3054590299
-1
5498854234
3044570575
2056277451
1871333979
-1
6943468214
-1
-1
13157310207
4924276592
7327503483
6347661801
10440859089
5610080591
-1
-1
4931933755
-1
7456330937
4269678608
3361528270
5609440129
10956108887
3562862157
-1
5108615744
6102680328
6477080801
-1
4794156577
8867511184
2899341928
4454228893
-1
3813429930
11915570153
999140584
1876064813
-1
3173966381
9018002147
3320965651
-1
3436411492
-1
3289123666
1268125400
4565918832
6636979703
4551984437
5519167200
5564868773
-1
7637293990
1683276330
-1
-1
-1
6167843649
-1
-1
8371753530
3395085425
3956226823
2332395984
-1
-1
3330090012
3409271792
32567313
7884767270
3285772955
6459478931
-1
-1
7357029799
-1
-1
6511392764
7154939461
-1
8184251265
9748092854
-1
6712284586
13338284233
2432497246
1375571009
4344910487
-1
10635396303
12536440640
5605987679
5950548073
2076482503
-1
2767280837
-1
10418108180
-1
4661569067
4152357372
8388598403
8470021563
4444667226
4829991111
7444396293
-1
-1
4666463133
5866568803
7394221710
-1
-1
-1
8682648763
11405523268
-1
2597774249
5044418661
5694548506
3282089254
13413477212
-1
4619619987
-1
8774625353
6326021254
-1
2656334892
-1
10106920616
5691108788
6239474733
-1
6762492031
-1
6472636939
9328654555
-1
7300475312
10035685128
3375322992
-1
5070095692
378878046
7390089311
3669598809
-1
-1
7680611017
7444874058
-1
4617866409
6269278750
-1
10656475369
-1
2939936167
2720524119
10327959496
8223313585
-1
2799882397
10544519006
6530611642
2353956354
1061256303
10987866381
5764172556
-1
2491543776
10209758984
7444734795
1954730601
8898942279
-1
9502061088
6781493389
-1
-1
-1
6310345989
9106523430
4870330608
-1
-1
4282076012
3560924453
7797685939
6227213341
-1
11480146067
-1
-1
7626780914
-1
4337900160
-1
-1
5150547358
10256350680
6633399872
9448310496
8751629952
5741694491
6938057693
3389618321
8588752467
6325215540
1249491962
7693391372
4485515082
-1
7467697840
-1
3424757391
15534365314
10854653048
3004974935
-1
-1
3979102516
5347757422
7369582880
4564598910
8610547757
3301654109
5789146496
11879287030
7885252018
5912864450
5638169078
2516670386
4331587101
2474010348
7862299769
-1
-1
-1
9881713355
7836704530
3682269828
9029718343
9796391044
3681089837
4239940140
2836402366
7556970049
6280939571
2655912110
7546651489
5280557995
9015444434
9193808988
8031669192
-1
10858731054
-1
6672131614
1418447372
12444684912
6711727176
-1
4102086520
-1
5719132326
6888548162
8441553016
276552832
3254268657
3029006939
4181075070
11008768354
-1
-1
-1
3764421806
2056002659
5694552797
355271602
-1
10908089269
14223853103
4142939737
2439599511
-1
3454922262
15043622557
1197766791
-1
4724033936
-1
11582405775
-1
4508878710
-1
-1
6079591640
3964716788
4512670096
5191739102
3338062800
10733646341
6116776722
5745724172
7630373166
6575947462
-1
8191854845
1340131476
10680680265
6124355981
-1
3598371376
-1
-1
5510545286
-1
7502634737
6412950205
2306901701
3712090202
3158922982
8140401582
-1
7235637115
-1
-1
2704913106
2848011096
4113792304
4079285534
6273713055
8213837140
5685794376
10539693296
7847333639
3011527291
4362811369
-1
3834336983
-1
3606378545
10207295302
5776987432
-1
4947942968
-1
13038808889
5320200510
-1
3114674120
2255843989
9548002609
1811516873
-1
1530856394
-1
2933799148
1727425341
-1
-1
7825944537
-1
6500012474
8009530200
-1
3799757914
6175205268
6684106882
4244471612
-1
6256965048
-1
-1
6368871217
1874153456
4160979252
4584508231
-1
-1
-1
5135652104
11033434818
-1
-1
4831955737
3542559378
9755137434
-1
11984633231
-1
5122861763
4294856369
12128253211
5278923304
4275773938
10856998670
3872867863
-1
5063914152
7350283453
10783348898
6061586111
5458860839
8192072269
7548172233
-1
9716327400
-1
11751043204
1869054625
4622416024
5845248221
3162988882
11096330949
-1
2522085145
-1
5586033713
9880812628
-1
-1
8874470395
-1
6020413049
-1
6104002905
5589368609
-1
3653738206
-1
13068800414
6013602143
-1
-1
-1
-1
1324066400
7161026881
8724220780
-1
3912607863
8439968305
5267002326
5166194491
12765802547
4910242050
5980842721
4445108149
4802071415
4256206591
6031299744
3152091933
6423727801
-1
7595047039
-1
-1
8472323162
5915353069
7307216212
-1
1600480329
9854553014
6855344533
8199519839
5617262720
1004245394
3044707963
8844845456
8504989906
4181218955
3892075014
-1
9551590813
-1
4290026308
10037360670
-1
3250916995
7731204884
4079706991
9829323844
6177001734
2152797423
-1
6888417754
-1
8101983512
-1
-1
14112921045
1699499586
8074044815
3236497406
8806620706
3812490735
4874716074
-1
3193799325
2019012654
17420513293
8326369610
-1
6290053649
3450616804
8183381025
-1
-1
3994014521
2741098684
4474693196
-1
7710023515
-1
4562927170
8266853975
7964964347
-1
3056222251
5078211654
4598676263
8368625756
-1
7809936839
6363265589
9272662590
-1
8397205185
12161851155
2604663382
-1
6021871801
-1
6191129269
-1
-1
4609894595
5170019805
2554856550
4289160132
7933658006
5026823171
6827916828
-1
-1
-1
10885302749
6458198076
-1
5448531283
3191679896
9354236876
-1
6714379006
9928406767
2613308082
-1
8966179976
3054175536
-1
6224324298
5132225256
-1
-1
5353526037
-1
2551783994
8225424506
9738204096
5699663754
5758563133
7247579902
-1
-1
10162836215
4143596645
5181314701
2670918506
4793899772
4743549373
4055727188
2764194963
-1
6602447268
-1
14557511108
5276076655
-1
4003127302
10773159669
-1
-1
1262542503
3568853320
-1
5346112683
7052686593
6452759234
7822154690
2304792046
5011035438
4612448455
-1
12370754439
5531362491
5260567688
3007782729
2936598112
3190660527
-1
-1
4827964734
-1
2037148832
-1
8742866642
10872285021
5970747495
9048824955
-1
-1
-1
2894761155
-1
1936165587
6121097656
5982987530
5792106064
7226483071
-1
5151812627
3464986700
4687718296
4898799257
6190355937
1634507189
9038267490
4205164437
-1
4323039951
-1
-1
4094916441
5590756873
7181542050
4809551886
8365758725
-1
-1
6841828384
-1
6171558017
10714687232
10503538044
5044988244
3689533365
-1
-1
2781451011
1812986443
4871179899
7120922926
-1
8308916320
3656350182
5093472267
6600586096
6796996228
3336269676
-1
3535588186
2844285661
-1
-1
11296342010
-1
7749176887
1796401724
9225197070
3084661160
-1
4265819663
8362256060
3652971492
-1
-1
9229131915
2753665171
5537316279
6120276322
4407578241
-1
8020320625
11840405093
8088006136
1849316483
2706999632
11633829546
8903079013
6865882966
-1
6039349628
8783578990
-1
-1
7585064883
9338448975
-1
3236938141
-1
-1
-1
3905448910
12640613415
3375765190
2966386480
-1
6274209748
9117060015
3689659367
9629078811
3765873131
-1
7911439721
6185711097
9233572460
4442760311
5633303584
3562333943
5951887620
1502239170
-1
3059736405
7253484565
-1
5211416692
11404566738
9256893241
7189629735
-1
-1
11866280031
9885725128
-1
7711523376
8711622952
4801313700
4014550072
8048206056
2676914837
-1
-1
7416171762
7969097792
2849838308
-1
4965671248
5901716995
-1
1629328412
8590214807
2476958913
4926145462
-1
-1
3095884086
-1
1654053684
8404556687
-1
-1
3769134637
3422846325
12591529593
7321544941
-1
5484764681
2783966681
-1
1941171894
9471161539
-1
8648043346
4856451773
-1
4383019477
7241375956
3602641812
2466661040
5846462535
-1
-1
2939671610
7143173276
5241312455
5224588815
7588871955
4180001919
5216287153
1987310656
5146105177
-1
7060748082
-1
1450234726
7310858926
12623403510
9085543095
7366271965
-1
2995563410
-1
8965578655
-1
3379169906
3893012129
-1
9133904400
1373524116
4417358327
2857789732
5246743904
5796978830
7521337221
-1
6036488256
2234578466
6989301928
-1
-1
5571654180
4346304392
-1
6759558640
6889985627
11515675583
-1
7084772153
-1
10496997896
8372750946
-1
3946900041
9052814860
1243976079
5291951028
4505159971
4285199520
8829266610
4580825560
5750021853
9051120886
9308736099
13762619577
5675865901
3270793784
-1
3931546719
6025808221
10798938116
-1
13334471772
11264185793
-1
4199513469
-1
-1
2665542144
-1
4334589693
6915551789
12245814179
6735454147
-1
4676393592
-1
10063178044
9525865914
3972277615
-1
-1
5502027956
-1
7171533348
8106750645
5546425879
-1
8670178426
-1
10004358101
8804072352
-1
4295613987
-1
8758364653
2623698502
5124618442
-1
-1
9932856680
3865697544
528858087
6945620638
3914632042
5874996555
3036349645
6450283725
4821100040
4791537799
3806812539
6043655502
4182455383
8985044597
4885247843
3798674498
11143662896
-1
-1
-1
-1
2609842886
6325529368
16004141497
3128724658
9935641769
6982053324
-1
8710794334
8840300001
2348626104
1368174566
-1
9197484192
6166433058
-1
2700170903
-1
3592026989
5402314390
4480790856
-1
4411853271
5955971979
3857534978
-1
-1
6191900287
4945892476
-1
-1
5743436006
5982727485
6445915229
2376897993
-1
-1
-1
5088576983
8474442439
6234178827
6978906191
6108807856
6177833183
-1
2750899636
5541811802
8106078172
5556638038
5764056320
-1
9241499597
7949313971
5241615832
5063836625
5672260895
8427474800
4973391727
6040637595
7699430450
-1
-1
6518203732
10554970637
5700393906
6642434485
9986893998
4520189418
5255070743
1963539948
5976134164
-1
15730275463
5755706416
2792120330
-1
-1
2752208239
5521777300
8638533121
10011970375
5461442558
8988987586
5645435029
5285181893
-1
5857462613
-1
772527674
-1
-1
3860962776
-1
-1
-1
-1
3164283383
7468689905
-1
4388813906
5514111788
5875060741
1276521600
9537370656
2975307134
13932896241
-1
4053587741
13773082929
7892845166
6384411225
11122552096
7112070363
14064424349
2131503652
5965486558
6230141380
5790922257
5015950662
13323880346
-1
-1
-1
-1
4457047842
7812223349
11633906831
4024074960
-1
-1
-1
6554583870
4574142874
10804561417
3578582394
6197051342
-1
5815565825
-1
5798247400
-1
-1
5646772921
3784228132
12610201320
1205679886
4121603405
12385992528
4252388455
-1
-1
-1
6745975107
5585906822
5996765546
9257909599
-1
-1
2567088241
8180342424
8511339856
10296030396
8213410358
6442561357
3392079171
-1
6015351189
7747543149
-1
1143243685
8472316149
3242234091
2948599546
-1
6049471506
6409815469
2270696960
7165504275
8175126402
-1
1523704888
-1
5584263644
-1
6437828069
-1
5385639318
4438960923
2820887605
10129843060
8086473951
-1
3704696050
-1
4338034835
2900578352
-1
-1
8151163968
5942780473
15054793615
7120278524
-1
-1
5049380564
-1
1238692442
8212344688
2251835075
5146527392
-1
11895146693
-1
-1
7504167930
-1
5740105233
6479823082
3673097541
6308704192
793117416
-1
5042006124
13208383560
4863027262
7075843635
-1
7227442461
1914684454
4668917848
3045665269
8858459568
-1
4740280404
2364116563
6148183791
-1
4483155808
-1
-1
5208882579
7004830672
2316678119
4258287695
6235103435
4184556370
6371669983
4168222515
4310638298
4466914033
-1
6470665268
8062168648
7576848223
2536127290
12482047875
-1
-1
1872279297
2900561329
5556591349
-1
10700037923
-1
6919669273
-1
-1
5815234549
5848048552
-1
6174474180
8528252506
-1
9791508071
-1
6078761820
7419770004
1995215130
5002145995
-1
731157613
4489213023
5897244135
-1
6527047991
9225035678
-1
4190452467
-1
-1
3847896355
10413584188
-1
1907941091
12049853771
8483035472
7471566599
2875360224
2846686492
-1
6942636381
2604534108
553677327
6646173651
10765385832
3869994295
4550908938
4090453642
-1
7511779285
-1
2109218089
-1
16213056906
9238582790
6368600997
5734305062
8641052149
3428517815
-1
5330918921
9841987432
-1
2509266916
4178586042
8442967574
-1
3821232098
-1
-1
-1
4320530674
2269235789
3589894160
3187726575
4629225896
5254136336
2925564846
5649091109
-1
-1
-1
6152876551
7411870736
3836283264
2418045738
-1
5693575192
5400362654
3558091237
-1
2596131206
-1
-1
10438296757
8781717726
4691471960
7391307631
6475562216
8983302212
4277770726
6049532394
10677142484
-1
6757941001
5284515503
-1
-1
2689804678
-1
-1
4703061677
6969399370
-1
9664252333
8572761635
-1
-1
6148321752
6672671243
3840216513
-1
5562694840
-1
7750452793
4985739601
12573572149
-1
8702792443
5733603135
5052737107
1819665568
8514268703
6112048827
4276846656
4645712262
9092999005
3047097363
2533134244
7647385170
5630366703
-1
5038912723
7921578775
7146012824
-1
5805147094
4259092051
8116016293
-1
4832913878
10970378873
-1
4390112463
-1
-1
-1
8363580536
-1
-1
9244552984
7545998305
3568342661
5740151948
4934658202
2746395718
-1
6917580394
7744916552
3269515914
-1
5391080225
-1
-1
5114101094
10891655241
11654051145
-1
9362304790
-1
6482611830
5673433604
7237207053
6278853706
1406251261
-1
3894374697
7501146676
-1
6577065526
9120279768
4516721485
4596204011
3790837830
-1
10279638205
2893780187
6963071395
2132683213
3553387584
10178738734
5331285401
2412559862
14342987596
8593379614
3748877289
-1
-1
-1
1744161831
4892953633
-1
2074073551
10833301462
2607283288
10754075200
4931835598
-1
5100759274
7808455599
-1
5024662698
-1
6027646192
4790242474
3839320514
1776689415
4380337712
8823519800
3113696486
-1
-1
9865715316
-1
-1
5058372853
3398220887
3896234181
7254872983
7094624181
3522452695
2039748746
9113511621
3149814912
4423468098
4652511016
-1
8623081611
-1
9833707699
3285953000
-1
4276764117
12235814032
5726152451
4575127496
923773704
6803216178
8035824692
-1
-1
5209465817
3342057849
4302139837
12581061953
-1
7370893858
6011855751
-1
1310917035
3751272472
7437565148
-1
2361879534
10621251484
-1
-1
4975288427
4652578433
1829482612
-1
4059783452
-1
4893249387
6867313678
9409138468
2082222537
7517612108
-1
5246075138
6688345053
-1
7888983548
7384588184
10058642148
9260340300
4507882364
2730506264
-1
-1
4997732002
7461250629
2900709626
3648946045
8423684438
2052013221
1648280797
7904345112
4513295400
-1
6682126270
-1
8407815073
15190638611
6586888944
4433561043
2037981527
-1
11304034990
12480592193
9456907024
4365337901
4870067351
4211460715
12003657349
2782420952
5593779561
6107612661
9439914051
-1
8878518625
4419402799
7441496238
8834215278
6195978891
11804913258
4795440721
6360709647
9004874346
6852392883
-1
4475365670
-1
6328918330
4805125693
8357481384
2013054380
9193117523
-1
3320834206
-1
9698280556
5395039483
-1
4174194529
-1
10869378736
5515982706
7992433763
-1
5893147592
5352256118
6027659023
3947683155
3310420060
8508111900
3395359699
7678429189
8469411939
-1
-1
2633737224
3467802482
-1
8776513656
3967602875
5251187408
8262195634
8147531109
-1
-1
-1
6494806832
3760162945
-1
3168324378
-1
7620729735
3188744194
-1
5327949394
6677091642
-1
5097437521
8261100730
2462718055
7001983261
7299911133
-1
-1
2941981613
6081198621
-1
4515772255
11334756071
5651390168
-1
6941874718
-1
-1
-1
6306381519
-1
-1
5910718058
-1
3559910612
4866899578
3074368912
-1
8385273146
-1
-1
5437394572
6529237275
-1
4325166349
-1
-1
-1
-1
4562938983
8929883763
11213198300
5820879871
2605108802
2582916381
13582446904
3431839479
2801436475
7438646247
2467388075
5410107685
1905088271
-1
-1
5553719516
-1
-1
3347812480
5152592599
-1
13133286672
1691878786
6909811848
8707136788
8695629297
5103579121
10122966649
-1
-1
7721691757
5276340312
-1
6121354159
4991049562
3832276027
-1
3302108250
-1
6993932221
6587833346
-1
6869470595
3704248690
8362022436
3658916047
3041829951
5951895739
3978744571
8572435679
6159974307
992259580
7266067149
4910373687
-1
4043717523
7549361505
7297670391
9030915352
-1
-1
6001287073
5162570777
3431175905
4217567294
-1
6280497376
7344526595
5717490464
-1
-1
9516761487
-1
4337494919
-1
2311222479
-1
3004723821
4105887040
7999552986
5204793785
-1
6225331446
-1
6543936947
4241317362
5218453935
6010652567
14795769503
-1
5213484733
6579146882
3933183007
-1
-1
5899979483
-1
-1
2963989387
6192895430
-1
4665470911
3220144182
11619147047
9254302569
9922905789
-1
4847430170
-1
7006341571
6026305345
7078238140
3985903249
-1
3278693794
5541239988
7262319672
-1
-1
-1
8290410337
8296750663
-1
2670918505
9120908656
7198256300
-1
-1
6091043246
-1
-1
6207005880
-1
-1
4324099124
3610224867
7072184487
9628030611
5831588662
4740962740
-1
7474152667
13544657898
14818905427
6595043705
3036206338
7061443532
8521065570
-1
13281206821
-1
-1
6965077502
-1
-1
12189079721
6909553497
2554049340
2538150171
8981042810
-1
-1
-1
4037533282
-1
3530332092
4075846261
-1
3475319389
4785632552
2972496425
7892706770
4791808427
5014571160
5744906259
4971000418
5523150532
5887039783
4874156124
3237517660
6708463884
9485785431
12486799346
-1
-1
-1
2778485043
-1
-1
-1
4483673067
3824680993
-1
4937596104
2604852722
6413457833
2857263611
-1
4721195675
-1
2815784811
-1
5572604999
9870811458
8611985435
-1
-1
11739964128
-1
3979192476
2945265900
5223759726
6564476136
4622617882
4991114445
4898549383
-1
3205243341
7571801022
-1
-1
6393424198
5544162237
-1
7788911244
228737
-1
10269137742
3241664928
8467940788
7003105692
1817045055
12864840582
6923535921
7468906087
-1
4261865398
10780243474
-1
6159162177
5355957735
4327655459
8207976036
-1
4388969936
4227421319
-1
13483266491
6422802876
-1
-1
-1
7417242175
3310742541
9476917327
3922467552
4152910380
11129406540
-1
-1
-1
4465159966
6462166272
3255328329
-1
8016695663
4828097744
9895510399
5891092863
-1
-1
3130868907
-1
-1
-1
3174607513
-1
-1
2340305835
4103113688
-1
-1
-1
-1
2797052954
4142706983
7588489846
4387218652
6103523208
-1
4411170965
-1
-1
8030961611
-1
4649443526
5722477962
7112760292
12302269460
6476697105
4055061970
11805899618
-1
-1
2669722142
8996224952
-1
1222918193
5730169610
6761049717
-1
2871408400
17371765952
3658390063
-1
-1
-1
6648885559
6496229894
3800531093
2342012062
-1
7600034867
9836869168
9071461725
6630779047
-1
-1
5705912376
11833655717
-1
5084958128
-1
-1
-1
5480048325
-1
-1
-1
5459317946
3698227029
-1
-1
-1
7642955088
5069610867
2306503231
-1
4802287392
5390232229
5897714311
-1
3860228040
-1
-1
4604980543
3777173588
-1
5756799016
-1
2465459949
6043092038
4907457591
6534600269
-1
1238689288
-1
7072906546
10356834212
-1
3688884723
-1
-1
10135579335
3926624712
3378390841
-1
-1
2237060680
3828072126
8192190590
4134815001
-1
-1
7240994403
6583289553
3047099714
4870103292
6158232156
5204394854
2600
-1
5838500203
8745004783
5884867233
12249793823
8242693536
5085020341
-1
-1
-1
6811407544
-1
4482266114
2872342130
3480519722
-1
-1
2534924627
9352285355
3122423761
3752627510
9003590043
10401762160
3749068805
4664949323
-1
11188148659
-1
1956838439
-1
-1
-1
-1
3637347332
-1
9779129683
5150839633
-1
4267884400
3621675204
5196077412
8847581638
3926088851
4365312905
4052528785
8847398824
4378415622
8007523847
8125395840
-1
-1
-1
5585580684
-1
4534092197
1480870371
-1
11606202727
-1
5755776302
6331956193
3221688403
10036796080
-1
4162075603
4114805148
2573555466
-1
6944668923
5419509833
-1
9537370656
4002391151
-1
14645967018
8612706044
9180355339
-1
4678849277
4269992992
-1
5826603224
3093752225
6661671873
7908722172
4166758612
4394951185
-1
-1
6910832117
-1
3498415742
3044923989
5210679632
6669138557
8278989069
-1
6190625136
9442445023
-1
5921599604
3704821694
6732304321
-1
-1
-1
-1
5121487965
-1
-1
-1
-1
5849485785
-1
10313366041
5219145811
3246698021
-1
-1
4929940211
6130467143
-1
-1
-1
11686497962
10130889727
1178521034
-1
7179968939
4087274406
-1
5353677980
4699148629
-1
2207006036
-1
5699988974
-1
2954571851
10108885276
4595065830
6709888053
-1
9575002541
5837373033
7431227769
-1
3678713013
-1
2189734287
-1
-1
4483747970
8114536489
4856879120
6442277013
-1
4020842762
10566311491
-1
3412190841
8545386694
-1
14531358801
4648843948
4028609952
3802310669
7478105884
11153152442
9092239445
4137035737
-1
8618847946
9195520555
13868852698
-1
4563838567
5305549977
10145359416
8244917509
9238633376
3832276027
-1
4940980556
11799065927
4883368438
6176494720
9435531298
-1
6453378842
-1
-1
5873639423
5186858294
8226881747
5825859359
4594162751
10143747116
-1
3596949504
-1
4383302250
2593298768
10238489345
3917177775
4021235990
-1
7070082763
-1
3542740065
-1
7698698764
8400133711
3453184654
-1
6667697800
6611696461
6342985969
6365664379
9400815722
3451650216
9997823896
3195764502
6157232563
2506643460
1512623839
6730240928
3453009660
1341991232
8573781216
9824435025
7249638463
8860403246
-1
-1
7534149024
8330845413
-1
-1
-1
4419767404
6467138454
4784530238
4272357350
-1
4380747336
4488927560
-1
8547662393
-1
-1
2532365718
9530620789
-1
2395414905
4383869311
12014620409
8145290810
2382383245
3370744291
4835426438
2798830951
-1
-1
2783532723
5738008861
6179108825
5136785450
-1
-1
-1
-1
10217703872
5049261892
7138378744
-1
2470154882
-1
5149269324
8485546487
5415405524
6778239906
-1
3579887925
-1
-1
-1
-1
9119804026
-1
6362217984
3113234828
5251186210
6162248099
7146980379
1794221589
-1
8616614893
4865070876
-1
2543031430
-1
6519475910
-1
9543817879
5892193434
-1
4131633618
2613633350
9207993131
3641049134
-1
1820768178
1995664187
4824682571
-1
3615275374
3719887181
5064123782
-1
2074063342
-1
11233813941
2623816529
8116957648
5259851245
-1
-1
2329597406
-1
5362581050
8679961292
-1
3712394218
2564026124
6189350782
-1
-1
-1
7940062596
6647549960
11848456706
7814094930
-1
-1
5478924733
2983703242
6478337121
9490121667
6595146028
4944521902
-1
-1
-1
7881074630
8053272507
-1
5825582165
3785848353
-1
4165335290
-1
4957261309
11347096588
6635848805
-1
-1
-1
4660193132
4414863436
5396130054
-1
5721400296
7363685997
3141668389
2220923806
2902184739
2583050369
5944204946
2676116409
9573544059
12248237960
-1
-1
-1
2813811919
2870776475
-1
10438492436
5639100849
-1
8226892940
5864439718
-1
4520035239
3136766837
-1
7982050938
4802560973
3706448969
2919523511
5361916211
4208863995
4674847128
-1
7425871715
2316911287
-1
4038666889
-1
1774771773
10995712346
6377889375
5591976753
-1
4526502830
-1
7483954512
7325752052
8373140715
4076639795
2455947173
3195388729
6420305598
-1
8817284343
-1
9006604113
-1
11406388474
6774084418
-1
7821745121
8055873639
5139816499
2848011096
-1
8014294933
7466842010
5276116475
8759023399
-1
8091185269
5077080659
-1
-1
3271992687
11155675940
8456706411
-1
-1
4756713788
8928507027
-1
8898323611
6887937019
3989326883
4451677492
3446057301
-1
-1
8465462415
10428335389
6593513269
7700219535
2170450710
-1
5540507326
-1
9705947520
7635874051
9367179649
6384936982
10126261109
5232119821
-1
-1
-1
-1
-1
3630498598
2414010166
7039317638
2934886209
5504434524
2163793228
-1
-1
2941537820
-1
9006159544
5199455065
-1
8682757890
3862524716
5006259912
3127735276
-1
12198742455
6495551982
8047115154
4398110564
6141595109
6724212259
3483380599
12055936424
-1
16811185225
7284242913
-1
11401165331
8809287605
4602448470
2839023166
6771730369
1878809976
8068736335
1782371895
9493632359
9723806634
6120046904
5185514851
2391933768
6645758216
2942523489
5215587087
12548308209
-1
-1
13943377539
9594556755
5461826971
8792102932
5369402190
9308587200
-1
6737967811
6796602772
5318381994
3096943895
2475860405
-1
4644018596
9599513267
3743119100
-1
4626290647
11573567928
3001580593
5490693917
-1
5131950137
3031067238
2914616535
4089461609
4707578526
6398530948
3436783499
-1
9982929497
2117458225
3728784642
-1
6386947404
2541163415
8033591913
6140849899
6443663755
5815890188
-1
9083273426
-1
2223141119
-1
-1
4999075150
6908115824
1055259877
9885084611
4765159478
3359100777
3812826969
4261244505
3262492583
6395850792
2437733418
3510958427
2195618721
5186944258
3625049086
-1
7858008774
-1
1205610148
-1
-1
6009353778
-1
5454638729
8814550506
-1
4015450699
2127655602
6609547557
11301871664
4767267069
10804178232
8204156720
3399577224
7626685539
13635963108
-1
-1
2650361935
5709823650
4467479953
6128731287
5512784436
3598058087
-1
3456240312
-1
3351376009
4873097685
12924696643
4676773420
2836586841
7037467289
10285624708
9297593461
-1
5744616912
11293670361
3156982595
-1
-1
-1
6400030537
3761685821
6942636420
4252359014
-1
9734709206
-1
4403682184
-1
6056611501
1294185298
11679516898
-1
5872244615
4268684671
7481052750
3756710528
8872949273
1537845098
-1
5151090881
120
-1
2699172155
-1
10131379726
4321565235
3128006107
7573199332
8240913175
12110586448
6516343473
-1
11214109371
-1
3242621700
6529295250
7721662551
-1
-1
-1
-1
-1
7363605565
-1
-1
5325459422
6958571055
4828335707
1568698675
7919934188
-1
3930386004
3253076593
3655590168
1668416401
-1
6053355107
6540447310
6961725882
4333577048
-1
-1
3803643807
10858056569
1197106539
-1
-1
3153026668
8298448709
-1
10141198495
3197423902
7309470031
4298314483
10186669433
7472159122
-1
8301724490
7158033931
3704782017
-1
6570153456
-1
5353209606
-1
3577961132
6719083256
10483546040
-1
11303209929
5952911735
-1
-1
4530743054
10065242802
-1
6999606483
6510795847
-1
4178439594
5902610405
9668503154
-1
3033436282
4671383203
2832716509
3977560981
4768225170
5061310911
-1
2402318044
-1
4753974876
8898731833
3813127610
5157862474
5624194018
4845076707
4280009481
7179216239
-1
4606679842
-1
6998920810
10074613063
-1
7722999407
6032886811
4244893424
-1
5865388324
-1
-1
7380510211
3700278054
6817175915
-1
-1
4459612571
-1
6072330163
3129978772
10147703660
-1
-1
-1
3349292032
4029781103
2749858134
6269368365
3178731080
-1
3598824757
9097160078
5077327789
3663515360
3475550884
-1
7863368699
-1
-1
6171569052
7349716862
-1
-1
2870776475
5275045907
6502175748
4873548670
-1
10692245378
11168379093
-1
-1
3868624777
-1
2819292824
-1
5513807959
9675781704
9535203979
7147872245
-1
3896923852
-1
3770446850
8952516542
10587249923
350627
4406703870
3843310562
-1
6275985438
7203691862
12803437730
-1
-1
6282205539
6848303155
-1
4276545686
4680985037
1320104055
-1
-1
-1
7185235892
6189544111
5229598070
-1
3024647043
6732997422
10063178269
-1
5062799736
3165239985
4999369683
3779182535
10734130413
5032744902
-1
-1
-1
10251415350
8074338078
-1
3445750270
8702389022
4795977480
-1
5179060933
8884865774
2568805768
3916303954
6404999723
2557050930
3108445874
5169765041
6917840272
6187655694
3845326152
8156647979
7413800960
1527618527
1190431264
5103404876
-1
11093064611
8348933312
6678478844
6024973797
9970135313
8618659823
6617325276
-1
-1
4244148001
10259184925
3563025287
-1
2897750765
-1
4735759935
-1
-1
9623029420
4793725020
-1
7099043035
13146189779
12527867749
6930477967
-1
5781918470
-1
-1
-1
5348394958
4317043024
8272508336
-1
5385741703
5271673105
4158833473
6590517734
10309386226
-1
5104462512
-1
9724794634
5834289053
4588073439
6876232361
-1
-1
-1
-1
-1
-1
-1
8706092391
6987563703
-1
9668523104
3351085986
-1
7706139414
-1
10213149143
-1
7410913415
8917150419
-1
10324796428
10830490614
6411437609
2271055224
3665718013
3391551086
12078971081
4221177296
10092119597
3000646195
7037426598
3014563313
4509955265
-1
-1
5961899839
2434380282
2451035001
7629242047
9597972822
-1
9876877726
4229471432
6791146646
6442277586
2377835048
5360548092
1946383195
8805892891
4269244555
5191699379
5221368435
5718056379
-1
6065649247
3558567605
7389042100
3315574319
6331435118
9118951387
8055971956
1279597045
-1
5953449387
-1
8196906379
3587001139
10370032402
7531370880
-1
-1
14277763878
-1
6363373615
4568084972
-1
5764160373
4122141184
9319242755
-1
3692675851
-1
9769848836
7207339007
10950389488
4344479715
11672183280
5700663955
10944043944
8821479642
8040403708
6042438284
7003666377
8928598607
7471591947
6723781076
-1
4138814820
13471470358
6674430916
5816246718
-1
-1
-1
3659750123
-1
4098350282
6790661694
4865333040
2335002746
8524721940
8008965534
1854538528
2528946905
-1
-1
4746752241
2837068720
4627219683
-1
13068041200
-1
6045409771
4158268314
7757528849
6165032724
-1
6376012965
9595964246
2579007102
5808201047
4337774485
-1
8352988360
8214715790
5174360117
-1
3593323379
7004628886
7812784969
9407980324
8757863692
5049474672
8364293517
11548202503
-1
-1
-1
3794302536
3424836721
4936377193
10310164463
-1
4148726264
5482969240
3478066215
-1
6419876957
7733725293
5906814140
-1
2958942392
7336567817
7052750860
8984326964
-1
5639585688
10800547548
3193936695
3936025282
2964511975
2758705404
6089379757
-1
4239482550
11055272329
6690957438
2443350110
-1
-1
11955812344
3868841006
-1
1700059735
5321751710
-1
8054827767
-1
-1
5694637785
9136184591
7074634342
-1
-1
-1
-1
-1
4216314072
-1
-1
-1
2067516966
8433830914
8951515288
5254793106
9243891282
5079862159
7761481963
4778873387
4194654934
5122048323
-1
5974540033
-1
9479115417
3376416778
3219092629
11711683637
2574299977
-1
3608086844
4950214082
-1
-1
4886561587
4574420655
7942399834
-1
2957557803
5353884177
9559119178
5553730722
-1
-1
3269810385
-1
2593302165
5040728419
9257633260
7297643037
3794721361
11675054354
-1
9526786016
6505901639
8346645437
-1
3205822790
-1
9078453816
2390296205
-1
-1
-1
-1
5530626361
-1
14967964585
7641646736
-1
8268467540
5375220083
2458188536
-1
6674314437
3472729164
4612921881
-1
-1
3892413574
7118144770
-1
6175886499
11719274300
7685415100
6945291400
7024996163
6185821973
1619039657
7822288181
4541490263
-1
-1
7291986288
7951431569
-1
6104862685
-1
8940562390
-1
7126487700
5908730357
-1
13175579328
-1
10501870501
-1
5091807136
5683363445
6565941622
-1
-1
-1
-1
6406470517
11906002310
-1
4415096612
-1
1795409539
3622498089
5677820527
5300101752
-1
5195838759
-1
-1
-1
-1
188304796
4781792190
-1
4721342519
7665923885
-1
7791861599
4018818387
-1
6891350241
-1
-1
7661673975
2888039824
-1
-1
-1
3482452509
12082702444
6125175700
8359496882
7142156161
-1
2733216236
7486917033
2097204263
11317627210
13866185917
5188093094
-1
-1
7604299336
-1
6397337279
5203388405
-1
-1
-1
4575958034
8910924730
9807156262
4602448912
3463958693
9256339527
7251863720
-1
-1
-1
8011763631
4219648286
-1
7785890469
3425099231
7947241912
4161936402
2939705151
-1
-1
-1
3736757941
13225826000
7496949291
4668426612
4710911158
2362966635
6761794817
7742540659
3481785534
-1
6868000256
6242903773
-1
8623602637
6791339729
4833546900
3913622968
6897702887
5341093486
8015586074
7319858570
5976261984
-1
5881854844
4634428334
3528009998
1884327185
8243248137
5129038100
4616641737
-1
4655264904
4281737639
8700731149
9308910772
-1
7766055933
-1
-1
3413274732
9570249670
8416883852
7292535859
5656364630
10406852374
2410256731
-1
5954248236
-1
2626768508
7625507907
3591998978
-1
-1
9366808762
9471916071
4909338100
4267865004
7152056093
-1
4128812069
8590317416
8055903606
3875567118
4509011318
-1
6916631300
10325687627
-1
5191885941
-1
6910004161
5177709871
7897720820
7342820755
6339529910
8387968105
3960277592
9687017919
-1
9115495301
4474217617
9879710761
-1
11304370701
3893546119
-1
3279341023
-1
3703491355
-1
-1
6122524397
7598511684
-1
-1
3046417359
-1
11937432566
3328068730
-1
8851815274
4020489687
11607895382
971961670
5269101552
3798720345
3674145115
-1
10183022352
-1
4944488663
2426078369
-1
8190007226
-1
4937121029
-1
9047913880
15520184638
7657558713
11254047606
-1
-1
-1
10754623453
1046710043
-1
8388214650
-1
-1
4191164246
3517833347
2750656515
6266383692
7143737676
2380071103
4472718694
-1
7932057480
-1
7174834294
7293443819
-1
4765451551
1187196822
-1
4063072547
4255237397
5280069432
1488716025
-1
6131482511
6053977187
7320929940
-1
3319943103
5384419254
2455060141
-1
12217384743
6479162087
5016333795
-1
3581112092
5208193675
4963051044
3263526196
4687305584
2436599848
11343725576
7145622119
3855482276
-1
9330963226
9962629444
5879285948
-1
9994213780
4708273264
10245021540
9665767867
2483365806
-1
1670531360
9045048174
6548945991
6088836275
6920150428
8682546478
14305037886
2962633627
7808867244
12475936368
932401446
-1
1796405170
5451583314
6305442807
-1
6889914290
5129193495
6392400257
-1
4854570448
5662177778
-1
-1
5440237640
-1
-1
-1
2649043096
4465036324
9695703242
-1
4043724369
9338995115
-1
-1
13933792883
-1
-1
6049199109
6036488546
6585718765
7933059126
5914324679
2956618393
-1
4718170474
8318070397
7604373698
8014977759
4449668796
10373041163
4608202805
5187278262
-1
3624650556
-1
-1
9593870341
-1
8175001742
12098706086
2128470965
8640351429
5878515260
-1
4280172425
8489686510
8388979525
6294646208
3566141918
4064198855
2309036093
-1
6156163515
8486553855
-1
1669966373
3941314133
8959532162
6997103051
8310026178
4683284317
4169894472
3035098231
4324060132
6708456855
3010925778
5276799598
8335433860
9882618087
5338786971
6008381959
4391246384
-1
-1
4532338943
11174673831
-1
4699168788
-1
-1
8902449648
2237297215
-1
3108499695
1859531056
2706268267
3246533455
3192173988
-1
5246001571
-1
8855056530
-1
-1
3664994773
7832453384
2243986310
6799040081
4716329748
-1
7448008344
6369538417
5598137680
2615769208
5422669598
3831709265
9522266570
5839758141
5643907645
5024797293
4574229418
5093689077
-1
8858391868
2918670726
7646605794
4194424269
2643876715
2680061419
2783532723
11830402387
12012955587
3901644003
-1
9535759363
5535594753
4227894216
-1
-1
4076654487
3322748273
-1
-1
9222356271
4183073787
3627418370
11190499331
4005310659
3625862455
-1
5604542521
5173766760
4185783007
6219490937
5139730360
11821720937
2520545927
5648010578
10311878541
3330980055
-1
8929392134
7969199565
6453870113
6630032935
6977666392
8203155399
6314290828
5803106520
-1
7308065562
8892201645
6739035855
4803020478
4092979263
-1
13899603881
-1
5897339962
-1
7805065831
1607974442
-1
-1
9682366674
7874097834
3599175512
-1
6899496424
9501129026
8922491685
5338311777
2885644566
5371676907
6012267598
2474226248
3627613170
-1
-1
7420920049
9779688967
4388396645
8731830597
7921980937
2872346123
4738767779
5359710816
-1
4032621992
5610360841
-1
-1
6120360532
4318645483
8463365142
1642489644
4068379492
-1
-1
6810630741
2946111909
-1
15966938893
-1
5080351676
-1
1590103105
-1
9920195817
-1
3300833849
7213995591
5211122189
3813976619
-1
5951857372
-1
10360955184
4032160305
7678545877
4031868572
5279507523
3692770092
3992067226
1930323337
5068589528
6796954043
-1
-1
3238973677
-1
6743613274
5069082106
8702025523
-1
3756044098
10446889416
-1
-1
-1
-1
-1
4552047315
6306165349
10981729300
5147189759
9261369323
2823806298
7701073779
10771769852
-1
4972094627
2891630233
7809197441
3758641756
6504259225
5414676889
5952293601
3689526913
-1
4973996731
5701351713
4567976982
4510054133
2156118829
9150862271
4579828528
5482388181
8421594112
7651600823
6064977546
-1
-1
-1
6213666439
4217832104
1670630824
8639868772
2545328835
5288040939
3007454446
9625520387
5870226535
-1
-1
8141213553
1913433416
5639431603
5081444833
5735008039
4695586099
10098576360
7359939725
-1
6290220706
3579165792
5037517728
5643811995
-1
5511164017
6375501197
-1
4815286569
14301283168
6851439818
-1
-1
6350979874
3827674948
4459052574
2845247991
2176988152
-1
6811293511
-1
4431159613
4845336962
6328754319
2412628926
7366918010
6325846749
9726334628
4145839523
11164076162
-1
8413306154
5285182284
2140583376
4567378727
-1
2906306233
-1
10818767250
3114928939
3905381684
6107328616
-1
7839007702
-1
-1
626761328
9007524691
2901503481
8459715765
12245305509
2726146718
-1
5070979098
6440834844
8356383141
-1
1921948983
7840075022
-1
6217221518
5194192211
5412406674
2059530059
5151480667
6534425267
-1
-1
4007411489
5102439940
8069680084
7987040690
1318375022
7851707350
7660343345
4421659282
3028185065
12866407774
5641319424
5669426122
58083028
9098451590
-1
6184004574
-1
5026025491
5133497598
8953768060
-1
8019423221
10526155244
4533163269
566254910
5365133527
4940291992
6329161797
5387855673
201092655
3581484332
6635217026
5040170637
6145222145
6841388918
-1
15639782918
5347822836
2605622499
1731013813
8709707901
2209291054
-1
6240632145
9118291456
6717016573
2675269360
5691742905
2267190352
-1
-1
4143628314
1758250013
-1
-1
4911278402
4032437637
4195104512
5859820851
5280320458
5293306325
-1
3187327652
9192277828
-1
13472878716
4813774264
3239774625
-1
-1
7611525469
4406198248
4020260897
6763819009
11110904405
4596469070
6001445795
4373829991
7440309883
5235364321
-1
-1
15814631678
-1
7330422918
-1
3593327710
7449924631
-1
4336752951
7495756660
4120943822
11905422804
8957794705
9458045531
6514035001
1162239807
8653263218
-1
7062343497
6291233593
-1
6917615736
10168258742
4174493942
2213821668
-1
2386407893
9362879128
-1
7246485888
6148070677
6871427620
10055193829
4281033584
4749115149
-1
8799372885
-1
7790643966
4843702808
7644564920
4436187530
5942780473
-1
4027927833
6202498177
8027980396
4023633216
2356644854
5427640988
6243440565
8776517833
-1
1308618463
2376245740
-1
2449438022
8601682469
6159405522
2653087132
5172578616
5495517047
6047760194
-1
-1
-1
14711396805
5254380628
9953094783
-1
12375878013
4840857584
6391737730
-1
4315352895
1147046866
6164266905
-1
8629962849
4592079741
-1
5843415881
-1
3237532533
5554309960
5576440940
7866386075
3826690065
6953744388
7761092361
-1
6455969857
-1
3313135035
-1
5534749438
6566245792
5846486563
10861412033
7063331163
10535997357
5862809388
2031338525
10588195273
-1
10219787647
8689398768
-1
2184827900
7916018145
7851099117
5939296471
5087296518
10587671591
5418275060
13572135460
-1
5299963481
9532472744
10775716959
-1
6365574833
7590724012
-1
6464343935
6274166850
-1
4195196014
7017048867
12876382720
8360890207
4208060944
4188908713
4245462299
1856956846
-1
-1
4537189173
9761746475
5417216150
5323696153
5839470806
-1
6509422117
5610829485
-1
3604614166
-1
3432484083
8629559672
4904058460
-1
-1
6804668334
468362207
3968720992
-1
-1
10584208498
6083448942
3493623844
7621192660
-1
9605707628
4216894029
9470778386
-1
-1
4786031812
8706364251
-1
-1
7104260972
5160953742
5086923427
-1
6610123302
-1
11240888829
-1
7006641547
3099720191
11872023672
8450697239
7570419734
5751238189
4179681643
6694973035
6611191537
7040870302
5992281990
6830731694
14856851440
-1
2522214647
5525013552
8320215228
1109376680
9401932823
7445014075
-1
-1
4371893579
7241167848
-1
5914998751
1174653884
7566033643
3247593949
6005843989
3179707472
10088971588
9348675918
3996483936
3214743478
1532378937
3289397700
-1
6208559487
11413200355
-1
3581235962
-1
5516169338
8845380244
2675265913
8107949851
10112552875
7177081659
-1
4263120942
-1
8914852124
-1
13855435235
8672507620
6178609493
-1
4681680444
5537936079
4195656984
-1
10229746060
10354913190
4485356015
7640103517
3045003665
4528746636
-1
-1
11208430687
4687718296
3746890605
-1
-1
-1
6612135467
7752666027
4915071560
3744074627
8757204740
2983675633
-1
1837547480
3163167777
4472950331
-1
8463695436
7017690553
-1
-1
5715505806
2453358876
2649754972
-1
3829379950
3108972561
5507500473
9424016893
6734484628
4419580339
15737105315
-1
-1
-1
2901017514
5845022675
10028890198
-1
5979973027
7640562781
4090505916
5598680902
-1
10291209534
-1
932065842
-1
-1
7100977504
7282274355
9540066328
-1
3910988293
3055177361
-1
12178156816
-1
-1
-1
5153904529
-1
4546542811
8443958600
3388757241
6464054501
4750400449
8532213553
5127357937
4292190499
-1
10862907056
385224675
3551211080
276225224
-1
5167158194
6745922438
-1
7759614970
2612592762
-1
4893547359
-1
-1
4444605584
4925718615
4321077009
19975801750
6510283700
5427479618
2833117491
7727262241
11905733568
5282320726
6588212125
8166536005
2637031495
-1
-1
2833053411
5574001859
11718449235
6508217465
2018429519
4658110389
-1
6201650825
-1
10533371847
1867259527
5271134227
1333529937
4401169555
-1
4526573755
-1
-1
5258589198
-1
3665558902
10575276390
-1
2485422467
8208698256
5833137530
-1
6866557254
6873427329
-1
9341944183
4782132940
3190660527
4472876908
3105187165
4994339815
8161714483
-1
5530098255
3027112297
-1
8973188946
-1
-1
7230376400
7413798871
10481339173
5793794949
4896357409
6747019142
7524242951
-1
1995863305
5644963944
7760383428
8639302093
-1
9362199978
4627276478
6400999564
-1
4926780000
4180952953
8825596446
10248197835
3111746221
-1
-1
5092843113
3887200182
-1
1976812640
-1
7977691906
6816475473
-1
10557270180
11395319772
3672055070
-1
7298288791
-1
4049440145
3041646896
-1
-1
9361659279
9126523290
6140650812
5936749877
-1
-1
5104254351
5424120088
13319763509
-1
3599337210
10577384044
-1
4621563904
-1
10111878397
10558417320
4950052524
-1
-1
7794675896
8311096996
1567492796
5208706032
-1
4375114388
9492713240
7782618375
5096276997
-1
9367397598
-1
-1
8369171167
-1
4749189306
5219233993
6557470603
5521687236
3731787774
-1
3588967411
5456055457
5366242484
4040665915
3972325441
8652261886
10748883666
-1
6822720512
919246412
6486010049
7498339435
-1
10425318794
3196995905
3708744948
-1
6155134826
-1
-1
4968959824
4592195558
-1
4049141766
-1
2470590612
4388299864
5584369537
-1
4635651871
-1
4445336329
8977291555
5316406499
6442693640
-1
6311550898
4747526336
3089877815
-1
9528584664
-1
5518626062
-1
7821081471
4604320996
8850115351
-1
-1
-1
5163557825
421175393
7788772923
-1
-1
2922785938
4785464137
5204154448
2837059072
7603837224
1529460934
6968915765
-1
3948083022
6450243202
4957616930
10278153459
-1
-1
360673400
-1
10735129880
1839432449
-1
3685239438
7089686869
2435007964
-1
3583905669
-1
6390201647
2297680023
4876968172
5573369348
8029332913
7369765898
-1
4747585847
8012361492
10222594657
3464986700
-1
2067516966
-1
2145345903
6923060407
11769656475
3910700435
3212143128
5198758975
4113113262
3500806412
3515762960
5710657137
-1
3937304878
9583232487
-1
3038433786
-1
4958971594
6165757669
-1
6627800406
7349874927
1733788938
3609642410
-1
583992156
-1
7738021089
5673649866
-1
4321590773
3230247089
6468613066
1670524833
1609897049
6115711109
7368455403
6217441917
6616133594
4077371485
7980012456
1671247477
4229931616
5663266998
5719763060
5962731678
6481921599
4867124306
-1
-1
-1
3159897
7213520904
-1
7375245677
-1
11435236202
-1
-1
-1
3743782176
8501595016
4836428394
-1
6293560867
-1
12175218018
-1
12722220832
4436367843
6958532902
10586510498
6061178567
3402420796
-1
2368075749
-1
6988189367
-1
-1
2121810247
4754241606
4219538630
-1
5492337230
2891187920
3994292744
4810065613
5996215653
8997569946
-1
2499765754
-1
6199694094
-1
-1
-1
7765162643
-1
5679075335
-1
8847145850
-1
-1
-1
7353185268
-1
-1
1138903670
6838082955
7952536613
3561785600
-1
7097509692
303417246
-1
7522809858
3549018821
3760162945
1818483619
4706113891
7715386544
1620382941
-1
5713149646
1963100323
11639023430
-1
10862798622
-1
9388417516
13459607765
3583038970
3794580068
-1
-1
-1
5038703415
-1
11520837881
4467632773
-1
-1
6604529475
7082977478
7973024963
6493241621
5843777907
-1
5262824177
5307388874
5970368577
-1
6681703
-1
6828366229
-1
6976629620
-1
-1
3955860862
10278153459
-1
4224247651
-1
1063204440
-1
2751109194
13997345726
13678581006
3445616848
-1
9089286958
10138011293
7382901703
5746623272
8986843211
6150396347
1457018
2936378644
4235275354
1876109839
2930208938
-1
3839592000
3240731356
8027563816
-1
12994684149
3330928260
4997179556
5526949134
6057695186
7743426785
2199710047
5132561931
7862549163
-1
-1
7645883864
4549358105
5683710464
9823816683
5084331432
3454451527
6104834219
-1
6513091209
6574309621
3273782577
-1
4502646339
-1
10984705244
6287250966
8242478021
-1
11721052086
10125466282
2484183358
2913877650
4673453613
3596877295
-1
-1
-1
4854068749
7266768987
-1
15190537447
4247686587
507042577
10373450631
-1
4115008762
6744112183
6933442253
-1
8225467815
3515014606
-1
1696494956
6048578964
5228453553
3873873946
8806677692
-1
-1
6735834989
-1
4064829158
11558800090
3657560811
7629480158
-1
-1
9284323984
-1
3778626750
4835439582
8450008989
-1
4006769219
6120064669
6215585649
-1
3195275991
7948468233
8510791035
7134907226
6536787333
6398388301
5062977813
8661387336
-1
-1
-1
2372503875
5784614980
5158777555
8125395840
8221943756
3340931914
-1
5980768759
-1
-1
-1
7386308609
4978904900
8696258410
3962703765
-1
8207976036
-1
10072932159
1490923451
9641097
-1
-1
10886887823
-1
4251825592
2835557672
8130249478
6544628468
5416779339
6772223785
8184822667
12264566115
-1
2955822286
8594778111
3981082726
-1
5590209706
2210839354
-1
6266120106
4734935271
9196556206
3556497888
-1
7722604196
-1
5631122805
4025138461
-1
3286487931
-1
5563058804
-1
-1
9152338278
-1
3626891259
8992643724
-1
6755748798
1374153127
13511372285
14437608676
1750124962
7393541808
5051693828
5884244359
4356748167
9522417306
3377552744
-1
-1
4332461828
5655551632
-1
-1
5469437550
6715498647
-1
9543294270
-1
11027441755
10558033783
3912021720
8657699705
203980644
1715912129
10084581458
5073707850
7991307829
11328610963
-1
1498453163
-1
2622833905
7264790374
9029749819
7245833130
4335063433
-1
5928414719
8105981555
7913074686
9769826679
6068214726
6343313501
8201043442
4516365542
-1
3982759782
4737259593
-1
7018984908
8394993381
11142655599
6142334529
12146039761
-1
5584901338
7095998947
-1
-1
12978313906
5585302625
9539718019
6009912921
3163366972
6061159932
-1
-1
-1
7898576142
7803571346
1613456325
2381930739
5912093581
-1
10156842946
3039669724
6574369545
3162279516
-1
-1
-1
-1
-1
-1
6042999113
5728154069
-1
-1
-1
8531577554
9364726221
-1
9412334216
4691648882
3389334618
-1
9018299178
2396186281
3187119588
-1
-1
8129124333
-1
1983099134
8436898901
2306665443
4552640688
-1
6720886956
6881708560
5105648337
4047557945
3883497932
5754154046
6907481031
-1
-1
4271186790
5876372883
-1
-1
4053364476
3001751307
4506898619
2975942100
9016125649
4409143667
-1
-1
12297930548
-1
2993532892
6705408839
-1
6452900139
5302740403
-1
6584191311
1795086962
-1
3188950375
3357699084
7858073111
-1
-1
-1
-1
9539601936
8013938126
5547362247
4779358736
9049184299
-1
7037245243
2954920725
13300373769
4127335438
4068338700
6816165145
-1
-1
3817308004
3887575284
5816181159
2224541906
3316461190
785748286
-1
11960260695
-1
5005298188
1933149936
11391594563
8505962924
7703926044
-1
-1
-1
4522671545
3043458307
5145660077
-1
7405649494
-1
2526333090
1960844287
5424533438
2297064730
-1
1925414912
6700424768
-1
-1
56629499
-1
-1
2478490625
-1
13061048841
4053121425
7537280090
-1
6286472634
2776874276
8460657026
6736612128
-1
-1
-1
-1
4496487161
3018739933
2469291780
4212494502
6147450111
3354618113
11163582074
10369293446
-1
-1
-1
-1
8985306953
5221679089
-1
-1
5167858739
6132652049
-1
-1
3998670313
5152493093
3456950760
-1
6926903421
6430731621
2736977857
5516388517
1795322767
10786647045
2086768911
-1
3427428178
4493361377
7172357940
5307659862
-1
11174861794
4003252323
7563502234
-1
5978398531
3761984412
5953492504
4791575327
-1
9660605472
-1
10623597116
-1
8990869592
-1
-1
5110553149
-1
12827631838
-1
4248441737
1340131476
-1
9035440623
6021344890
4067455216
9752869738
4683063578
6290151857
6435387085
-1
2049016550
-1
3169742648
3240523090
9575759587
7363629619
6917769691
10147703660
7927510223
-1
5855653420
-1
-1
-1
3578379169
6312240820
-1
5976939960
2115587539
2816732953
13973940994
-1
8348668819
4508518622
-1
-1
-1
6354917954
-1
5800620142
-1
5732223582
-1
-1
-1
-1
9048823582
8085880179
1469997813
6707984191
7038278331
10242835562
8356844184
-1
-1
7361767111
4700726567
2257262054
4779346207
-1
9786959642
6052890614
9640413164
4625818494
6600952335
10919638414
3298614146
-1
-1
4410255627
10239883752
4527696035
-1
1103809141
6047760040
-1
3795876597
-1
4130701866
-1
8801101604
7016930804
8380449022
4661127793
5035512184
5458764212
5605372344
-1
-1
2066446848
-1
5616262771
-1
-1
8263006909
-1
3929929782
-1
7327549546
2696671674
10827086148
3697598300
7587669787
4087379437
-1
6886175950
7836262151
9283612889
10137433679
7433950104
4554277126
-1
6873881968
8105835491
5585207942
4686090384
-1
7117665667
6279524479
-1
3721553251
-1
-1
-1
-1
6284308221
9507075283
6572094752
-1
13366367304
2416569015
-1
1689379137
3612199206
-1
6202759191
7547171744
1339753476
3894645414
8377215614
-1
-1
8745087184
6522012451
3191903451
4663297193
5463893271
2175907905
7089707090
4753534866
9506059702
6924156350
8522637680
-1
4079452902
7092952410
7104343770
9503938364
11182847876
8868881459
8876460964
7896074329
5599410265
6071546057
-1
-1
5104872629
2930716754
5509733924
5347516265
-1
2110781767
4173061026
2579071342
3959154592
2944196644
10963080095
6373101987
5940453773
-1
-1
3829139461
-1
5161700703
8785761888
3489100905
4483553133
4764909355
-1
6784437508
-1
7937585335
4724145591
-1
-1
10038475653
-1
2037100954
-1
10384394277
8670144593
1418219179
5085526024
6890134304
3323478439
2228216016
7216340022
-1
-1
5386013772
6948127883
5026478245
7914596954
2977575216
1767626805
5388629155
1376699663
4229084803
5075951825
-1
1559123438
8278102788
9548644813
-1
10985554926
4197398504
7176441763
-1
-1
6490865647
2434796031
-1
-1
3903793163
3631139851
-1
5612674432
4480790779
4537591188
4696196540
2770770143
-1
7174081282
8430047570
-1
6847271335
4666224443
7005036572
13340767282
2665545984
6627529215
10220530786
6610080788
5770386435
8825573776
5954004919
7703957354
-1
-1
2880013991
6340602184
3820588391
5482955750
6860631355
7387824755
4108218100
-1
4511215106
4841457782
-1
1275119722
9480615451
-1
4238562258
4808484810
4191172060
2201883781
5834289050
11609828868
-1
2248892917
6108292646
3097223015
7570549550
-1
7355863513
-1
3307744717
3020825495
-1
7056906330
4460897780
-1
4959811448
-1
6903906114
-1
6063823796
-1
6901342047
8301733965
4373363980
-1
7146728852
4125763360
-1
7910078969
4147268812
9678041755
9762584509
4047096508
5413075024
6921029962
-1
9130429377
3751212704
-1
-1
12010545856
4177676070
10872748252
-1
9475215430
1871333979
7472343705
3013872475
6639488611
-1
9433515128
-1
-1
5884696376
3312862558
1867021803
4964743084
6254829217
-1
8086702643
-1
2711855132
5692779417
5053809676
-1
4683278726
10170421531
5062847729
6528797143
6299121977
-1
11039763172
8187729337
11457573630
5804169960
5845543318
2905687128
6893257746
5360646719
2836163515
12231014264
12195194718
8726014623
7281289634
3793015955
4948201319
-1
10690211245
-1
-1
10607981244
8002309224
4064718549
7108906858
9231469771
5343322685
6613566074
7861268942
5402098254
4423363979
2612164011
7947845208
3685160046
9266071273
7042957517
3916736425
804895
-1
4402576185
11102715491
-1
2317522329
1913724407
-1
-1
7322195130
3033880562
6160630822
12033014906
4657364448
-1
-1
7531593920
2744151251
7399092954
-1
15227655045
5956522602
2714034500
15205203540
1423104902
4563525978
-1
7674468644
7843999361
-1
5051829519
-1
8861129637
-1
-1
-1
3573185858
2836388879
-1
5490766583
3522532174
4910373181
10634989462
4365398340
7466517534
-1
3904945720
8667374746
2799275883
7645271978
-1
-1
-1
-1
6159029471
10316989087
8966590594
8003679921
4275908422
6325557460
2201372146
5174161619
1462752214
-1
6292015828
13115470464
3631975965
8072963882
8047740942
-1
3809142057
4092926373
4592457174
6240929251
-1
11637878324
-1
-1
-1
8196457483
4110655588
6038121583
-1
9031097285
7522424804
5518470490
6966755898
7979259002
-1
-1
-1
5532264586
-1
6601797981
-1
-1
4153897918
4691346690
7738028983
7096350421
-1
3155994007
5675508783
-1
-1
5447739865
3114426210
2746754510
9985925978
7634616887
2815112365
9687875667
-1
7216828752
13770565750
-1
8270042825
11620943956
3914359475
6383373535
-1
-1
11342192406
4056518072
7211511100
2381380890
-1
2438091495
9511513991
-1
6640722246
-1
7101362324
-1
-1
6416908490
5206653364
7590958966
-1
-1
-1
4634930625
3635318011
-1
3180599037
8600196764
5310733837
8093744824
1854155221
5925923439
-1
5366750229
4113461898
4553257033
5918569249
7494234233
4645714518
9337930908
-1
5479669645
-1
7834289787
4898874723
4871589904
3613462832
5443732099
5895379412
6729310992
6400247889
11024143076
-1
7040159855
12098395603
-1
4195789598
-1
-1
8497040496
-1
4334901327
3598789318
11051880086
-1
-1
7741329717
4750296768
3369313586
3250324760
4605094124
6118888629
10124759000
4059697822
5781153226
3011460601
-1
7884513017
8328657374
2829472449
7175423464
11116601702
5856291785
2760347423
4258804719
7761410744
-1
4296621054
1896093971
8185750884
-1
-1
5341613922
5050360904
-1
11457287277
-1
5738700539
11259225143
7598647520
-1
12568895797
6808488122
9501144800
-1
5878000585
7328841308
-1
6465273414
7714044292
-1
8469153414
-1
6868353127
4789971191
1395840317
5704501631
6486666997
2992693413
7567115169
-1
5490413087
2952880217
-1
8338589959
5917391008
1174390350
6528992026
-1
6880491129
9908613784
-1
-1
3401250518
-1
-1
-1
9310425354
10555636525
6012465940
8310296907
-1
1351285922
4411067888
4539118172
1309946893
3823730557
7217431237
-1
5752155708
-1
5064103140
4814610863
2752877932
10416655917
7763472592
7889457687
3911820854
2015534874
11580483712
11107472800
-1
8034335249
1842695659
3605811877
2086740819
6455741126
6328119210
12698519523
5361191039
8091931470
3737994507
5597805264
-1
6826940634
2830145647
937220191
11152164970
-1
-1
-1
-1
4163556138
6632207772
4806029017
7678044274
6156521610
5518511551
7562101538
-1
17182571008
-1
-1
9633119179
5115667633
-1
2894257082
5571818747
10149344741
3657438783
-1
8788976953
1643723744
7855215968
5928074941
2677419807
-1
7306952034
-1
2534693624
1250526808
-1
-1
-1
9883235166
6640952229
2082602725
-1
8262388361
2419443749
606656709
3636557203
5656215248
-1
2730492080
4360732978
-1
-1
13131859462
4690530678
1484040233
5161638863
5412217618
8453523509
4851079018
6132549894
5070343511
5337601934
8782866566
-1
9095897720
3746106560
9062005910
-1
3785921710
-1
9574268128
4916301674
6642349763
4994619205
9016987738
19150718
6833715836
7502815128
997215082
3348038609
8340472212
2784620582
-1
5764617228
-1
10731586968
11949346259
9449536825
4026030887
3806776610
7824768845
9846923403
7884261762
7151777280
9079337376
7885864939
5033150497
6771187158
-1
5118970113
6232693604
3314984927
3832899273
2933785330
-1
6755591065
7558064121
6040706073
-1
2062620708
4778140215
2935795819
-1
3301096715
9106393567
-1
-1
-1
7223381642
3521022162
3969235505
5492231819
2244838373
6159267229
2771206883
4414874831
4444802361
3337061730
2495483725
2164970493
-1
8137102631
6298805594
8294879216
3669236227
1387263810
-1
6334121938
2814650761
-1
-1
6523203511
7882299941
-1
10164353030
6159659969
6433139582
3722041495
5543908971
6331471821
9007121332
6204957008
1839875602
4578390968
5367725718
-1
-1
12203732809
8484606040
6150657366
3939783381
5442869840
4248171652
-1
2874037393
3968009969
-1
6859150811
1655322845
7441031979
8412333069
5309433408
7984901398
4751483840
5423141894
576750600
2290206364
7304955485
6303699116
49365400
-1
10421383754
-1
4990967283
-1
-1
8700763243
4251760946
-1
4382597915
3187395363
3357701684
8320347763
-1
909355081
5949343142
-1
2870902890
5052737107
1882058036
5152324731
2481406559
4240824977
9477144152
7822288001
5957702420
6669581001
7874070140
5325292658
1266993533
6903690871
4608744901
4979091641
10903142854
-1
7700287733
-1
6924536978
-1
5812368053
2073942664
-1
3577647196
3523040575
8626539820
-1
6886673230
13017382166
-1
-1
7478558613
7728058128
3504338384
3805755285
10331518972
-1
7598834904
9478343315
8004929655
-1
1375423326
-1
4632670702
1197766702
5193026107
-1
-1
10741513405
5782406072
-1
-1
3359389922
3208664311
8842358345
6555944320
8042038088
5018769763
7381747255
9163416395
11703513712
-1
7085683606
7300432069
-1
-1
6415960679
6450051552
10785255892
6574487012
2251880037
9167753847
4170110339
-1
3988030276
5005481765
-1
5398953575
-1
8824584607
5423712237
8873418899
-1
-1
8281848873
1251138556
-1
11374148559
5903950654
6929038454
6914978364
4447374020
3994292744
-1
2466867942
3900471109
-1
8280692474
2273402349
6009834650
-1
10479196059
4411790226
1341229062
-1
6387611114
5141795007
8547264180
2424434954
-1
13801787524
9834577451
-1
8162268582
2763471285
4943741506
10570877326
8406700810
1527385521
-1
4592177507
9459897058
7080977586
9126150446
7676748125
5452478201
1717651001
9558015002
-1
4041689907
13056653173
7635932255
6646509011
1362674460
3075176075
7195080208
-1
-1
14863940507
5730765137
7703048039
2595219181
5731510623
950831309
-1
7672557136
6508943401
6863457373
-1
9446218418
8933643682
5076285715
3518593200
-1
9715774769
2767709840
4526769773
13679029993
5068305801
11582384276
5595759946
4840056958
8807370403
-1
-1
5036500203
5963640379
-1
3431775046
6697049510
-1
5757387360
-1
3664944326
6813763262
2571401723
2835284410
-1
4097849584
9420399348
-1
-1
-1
-1
-1
-1
5176092241
8046157600
-1
-1
5226022152
6933681560
3474279642
4822855186
5691108788
-1
-1
4657708189
-1
-1
-1
10719927472
5051460209
3357654436
6983311909
8281845755
-1
5203616562
7752819600
8778458386
5389824088
11123768026
4621074059
-1
7870665685
9913243532
6330729675
8971522323
5082516805
-1
-1
5236610913
5309632285
4964640724
5754077943
4201122145
12298204816
4982571096
-1
-1
4323087917
4285297815
6333610018
1731018104
11402854031
1063555067
8117122508
3980393594
3630273459
-1
4687013376
3857566958
2453214469
7292277792
8955194231
6955907002
9475100774
5975989814
-1
9093980556
-1
-1
6697041759
-1
5228765989
1417301236
-1
5275126915
4825964336
6819923283
6621045138
2450858692
2617897884
6678249855
8231544622
-1
4060601535
12674452045
5969425239
6220464298
4943394792
3170877978
-1
-1
8389022424
3132946695
7957764907
7203113399
5832674607
5751024050
6029534207
-1
8016302097
5128893432
5694346064
10785388439
-1
-1
4401581603
7675093009
-1
5988034992
10198556291
7294041917
10302701376
-1
1914684452
3262238990
-1
-1
10785524792
3430647067
5138130783
7050765312
-1
-1
7630422140
-1
-1
-1
5372443973
1588055934
-1
7409682512
5996626377
-1
1645096362
4688276374
5080348505
6038249104
7683768910
5446685597
4288144233
9783604564
5065931065
7462561778
6303894723
-1
-1
2129762168
-1
7452574951
9085489976
-1
-1
4304024289
3471645558
-1
-1
-1
2306465594
9512083460
-1
2922638805
3024107812
5822999889
4936349127
-1
6873191087
6724427633
1319767937
5993114744
7677157484
12115691497
5063100360
-1
7973488927
4331971372
-1
9410971650
7481302283
3543352087
-1
6912652280
-1
-1
7457436025
6713141176
-1
4693011514
-1
-1
4797925429
-1
3004741360
7543089014
5305488465
-1
8801862844
2054547192
5310386039
4122980255
5654865415
2720301289
3115034031
6631843132
9327959362
6974288682
-1
5281588869
9087506897
-1
11947090021
5330670756
9777339114
6623603005
-1
-1
-1
-1
3610286687
-1
9540556598
7869030589
-1
2664088723
2944737190
2139687801
11814947458
6332918062
4088466675
-1
-1
-1
4232045023
10648699945
9252040207
-1
2235064837
9080198781
5206911089
12151845787
2498416090
-1
3626888482
-1
4317512782
3512013978
5974930120
4587368324
4772388682
10402502399
4337988336
-1
5193033974
10749090738
-1
7512360209
6117460394
-1
4669961141
6450936035
2863182711
6432708773
-1
8063073000
6548252563
6759766198
-1
2670850054
4800366110
-1
-1
-1
6974223959
-1
7864230452
5469051077
3028124084
3349198754
8962240895
8404337045
-1
2473126344
11155032476
5240652116
3300651383
4827214492
6532299077
4685410038
-1
-1
8375905032
-1
5283121316
6030781033
4817563922
6933782324
-1
-1
-1
8196297301
7559193035
5386933126
10034924959
2464522618
17363948734
4224722382
16104248829
4418530906
1609686015
10986445024
1243976074
4351159712
1119154428
2748564914
6037841759
4110823339
2698366865
2841393905
3382223237
5475531431
6909356315
-1
1383446389
4699399488
-1
5446671219
-1
-1
4656062296
7159558471
5954717767
-1
6334897406
4110641624
4158294068
7143913869
6864094617
5397496103
4427639877
3523534079
4397160054
2613460341
7881168194
-1
2732288728
-1
-1
2643982403
-1
4579247657
3888547765
-1
6258372435
-1
15160916567
4230126570
4664682619
5274356627
11475389986
-1
6539364949
7992852563
3378059570
6047546634
8708174186
8125586446
-1
6209234193
2401676903
-1
4420033787
-1
3602222867
4158949493
5372831296
3851086313
3881741979
-1
7181062251
-1
3466369500
1369260566
4880160134
4850749098
-1
4642708941
-1
3984454453
5858587336
6545200673
4025110617
5513419230
-1
2214071275
3420095165
7346395984
-1
12247003611
12221065480
3347535758
12188868125
1906244083
8036582536
5372893813
5135787119
6179997859
1486083168
4185709524
-1
4416951386
6286505729
4795414165
8029574825
3124740783
5889877506
5658185746
9185884209
4702714080
9930002793
-1
-1
2523367044
5565055079
4255067284
8006712443
-1
4621243039
4720738034
-1
7150422423
-1
-1
-1
6224395039
5020330856
4927794998
8602142142
2459921036
-1
-1
9728150088
5449221787
6872770008
-1
-1
3212193379
7767292610
-1
2972508712
-1
6090124141
7609284180
5912425615
3587865560
8613785110
6517405631
3069932718
-1
-1
-1
5289631142
5215693976
5535086950
7395918182
10481093420
5618990986
8158254278
-1
-1
6032158218
6921579583
-1
6419033177
3269864463
4602528198
2484077279
6243584763
10498751412
6023808885
3303220497
-1
6044645469
3905448909
9010902342
11130859157
3389068405
-1
5935827752
4053919581
4212061689
8119908909
14962721104
-1
10956106799
4800144659
7142081680
-1
-1
6495972776
-1
7833412340
2483103407
9375238078
7769101470
2318181052
12448398292
-1
1924750622
-1
-1
11552005340
-1
5578211916
3349744904
4330797309
-1
8742031184
-1
4071128398
12407936535
5224727944
7872013175
14700528275
-1
5235044225
-1
4433822554
6811036339
4910728078
6173131632
-1
8468985724
10441122734
-1
11471823145
-1
-1
2745856546
-1
9510474424
6513062071
2596441397
9054808090
2455584628
-1
5199527515
-1
4552008694
-1
2969689914
-1
8665495561
8964199285
3194864701
4121824008
-1
6880940385
7647966386
7203605330
9720197589
8207111432
9022730291
7656870415
10140420507
9047369895
-1
-1
11173816788
-1
6388029233
7591546714
-1
6064496471
-1
1391522713
-1
-1
7743483782
3377961863
6460652434
2248162151
8597659947
-1
5614246814
2960267923
7304817457
6851629207
6147693042
3482409493
6180029340
1323019142
-1
1270183792
-1
-1
4120491459
6253274986
7019711480
6013088017
5920532670
-1
-1
3626013369
1318289945
7358867749
-1
8996246241
7004161535
3934934345
4871302825
-1
13195110242
-1
-1
3193563430
2775631539
9053013610
6291853815
6291707211
5694544087
-1
-1
3861810614
8623617851
8663945210
-1
3774748855
5601261527
-1
-1
9106127362
4213742408
8765689031
2756703448
11131839107
-1
5637178660
8847605798
2400487816
-1
-1
5633639517
4283589307
5010202923
8931368620
2228698411
4418739990
2250330823
8490496658
3693444313
3212485227
6807993251
12084422823
3869904382
-1
8483324243
-1
-1
10167550471
5843233103
5238377669
3097222844
3328123286
-1
9294563639
7160326763
11040563731
11122233250
5709014237
2722708129
8208546819
-1
6749621302
-1
-1
3339917706
15063184134
7324044676
2271055223
4499734415
5815819465
3786758938
7166697007
8253351503
6719738406
-1
8395126257
-1
11285900940
6398782281
4683256748
8054827767
6352401943
14144896178
3458836851
1701739358
6454590836
2827027549
6826529180
-1
4582655426
6235557262
5022713857
9736949135
6915322730
-1
2878874166
-1
4424012807
-1
2935342583
5595921924
4895489819
8312598710
-1
-1
-1
-1
1283344095
-1
4835355981
4960867707
3585248175
6588939726
3233171082
4822709972
9369484349
6439392540
6472619227
5316354145
7322717901
3864882904
8378661608
11461924231
4821584884
7057750972
2474593409
5530890371
3653050333
12971359068
8244662175
3274509334
-1
2934148101
2639761913
3528284156
-1
2626601085
12875521100
-1
-1
9975029618
-1
5279616254
-1
3451650647
-1
9071553454
-1
3242740538
14871590229
4070410665
1945438976
5546468045
-1
-1
-1
1913156177
8052231413
9829477963
-1
2962397107
-1
-1
4670951151
4320167131
5215257136
7805054701
7300371835
-1
7527191201
7519214014
3844015918
3794952648
3059421725
2725203099
7470828619
4889254995
-1
6026349034
-1
7107401950
12532713988
7063712463
-1
4273643081
7154782345
1875816665
4193781462
6749771048
-1
-1
-1
5784765316
3840712721
-1
6452318217
-1
3431261037
6029664672
1242308210
9980492629
-1
1368885890
3655203538
-1
3635464999
-1
-1
-1
-1
-1
9217222959
-1
-1
6730986091
2177672521
-1
7300372633
1251319411
7165353508
4537823998
-1
4532786953
-1
-1
-1
-1
4151540370
11273208830
1469027295
9667785236
5225660856
4201889262
-1
-1
7496383739
8027523391
6199324645
-1
-1
7487921064
12691335145
6484544836
4556743686
-1
7001667244
7134498757
-1
-1
7631005071
4844116409
-1
4287332655
7477702591
4899272899
5725857963
-1
5319298944
5018958443
5257183528
11021493828
7970694353
4214830798
-1
6589193165
4997327714
4130837049
1985009852
4920286998
7807363164
5813328482
-1
6057331004
5611116603
-1
-1
6974438417
3690379314
4686296447
-1
5707973089
-1
5650661457
10780009690
3872896443
-1
3189983210
9477145549
6240953688
-1
-1
-1
-1
-1
5735885934
5554839424
5770840337
5958093691
-1
-1
8675642332
6872374814
1933073384
-1
-1
-1
-1
6542867357
-1
-1
7155675359
10526971943
-1
2826307327
-1
7399407856
-1
-1
3437445582
9853077373
3451779229
4381587345
2335022117
89157574
3626229413
4815005535
9718417103
4776463703
2244058198
3338105181
5951548337
8081088193
2559928290
3929371808
8488163513
-1
2431538443
3688094284
-1
-1
-1
-1
5379741911
5889681436
8400638875
1722667454
11175630484
69585724
9031913584
5389079301
5541465055
4911328689
2744151504
-1
10308002797
4152202191
-1
7559778457
4024576999
4417016974
5698628141
-1
2776260309
4691173028
12794738214
4373399705
-1
-1
4106643952
-1
2812165727
5244640347
12210551390
7044282690
4284322177
-1
-1
7159771512
7899379659
-1
5364420428
6487207280
-1
8795175839
-1
5338571805
-1
-1
6025518528
5923284781
4636609982
1423104746
-1
6035101254
2818636809
-1
-1
4536229124
6719048568
6007030252
-1
1261707937
-1
4471037281
3412511118
-1
11973316092
6125278232
16020011601
-1
-1
18137538912
-1
-1
2773135739
1528959373
-1
6037932885
-1
5617022664
2826152692
1434361943
4209368170
1502914754
-1
5766388254
9847125848
10335870929
6619863225
3289302695
-1
4026632810
4862970893
3564499506
6858850683
3101092227
4204108654
3583038970
-1
-1
4681230859
14765079998
8173558516
-1
-1
-1
4501785409
4048340291
3547769682
4773976234
5672934230
-1
9558075110
-1
-1
12590262843
8856135133
9419775254
-1
2844544422
3167886152
5315694073
2708855902
-1
3659234903
8997538507
8877417451
4533633883
3704042920
6045083608
5833205199
5955789702
9558583007
9950446791
5737780814
5970553234
5496491711
-1
10723684495
-1
-1
-1
5870028960
4022197299
7041590483
-1
8619449542
12391801060
-1
1920789112
6287208855
5804287531
3464973434
15537231179
-1
7448242136
9249361281
3171265381
6839395710
2250028392
6032055654
9923621371
-1
6230948330
-1
12030151431
3901225182
-1
5871199199
-1
4845390412
-1
-1
4960467588
9719450431
8499587829
6801920655
-1
5066664900
-1
6505895117
7003105692
7865785940
-1
3949643040
-1
6189126430
6726157946
4253800167
3764688097
7327190426
-1
11685457749
5894015509
5793171566
-1
6263500239
2265947526
5411621404
7241204805
4393099076
9504045054
8463029844
-1
6107799821
2375498245
-1
2827316904
-1
10216066913
4421416981
4472422950
-1
8104577159
-1
8991092768
2878876807
3217202070
4287732778
-1
7701369117
3121211085
13279215903
3983847103
11554985403
-1
-1
6154855597
-1
6245833276
-1
-1
10256493913
2240450531
-1
-1
-1
5749163403
-1
-1
7733066459
1136151501
6215870133
-1
5051119359
5708106365
6418507719
7033365878
7605240470
-1
5965629553
5274504306
6721831717
-1
2915548005
2541036243
2687593072
6635398787
2788786593
-1
3500496327
6011744581
4752687844
-1
4861206247
5338442667
-1
-1
-1
4761818035
1930903389
3874322627
6413701212
3777282188
6733993128
-1
1300427653
3616529942
8837877223
7934763418
3125538507
7902781774
-1
9435904164
5444735904
2913268288
-1
7580077970
8742640394
8964947331
4765959869
5665122761
3467665624
3272598527
1920393929
-1
6195348917
-1
9526708769
-1
3455463049
8437614742
-1
-1
-1
4635655576
1831266057
6659820035
-1
-1
-1
3265580477
5944316162
-1
9792105952
10454062843
3574715436
7050847814
9235219940
8321693796
-1
-1
7686643522
3229310379
-1
-1
4981901326
-1
6442867768
-1
5307579346
5169613954
7196636465
1786067227
13312020447
-1
-1
-1
4031105115
9227636387
1656164745
-1
5069080320
1947755453
2338170868
4350189605
5414680387
10400184672
-1
5291652748
8502593607
7614884265
-1
6122918371
-1
3552372688
-1
1378814806
3621676275
2635617785
-1
6538959786
6698093994
8581933559
3518380148
-1
-1
6715574454
7665368215
354949760
9987280617
3344013854
-1
4634176215
10617113026
1112963884
6621944808
7808592487
-1
4523567857
7306353119
-1
-1
1659422006
5128405264
8422330334
6902203469
-1
6895134626
15063793036
10880451310
-1
-1
5598585812
-1
5054456520
4275854828
-1
8560153719
6468501156
-1
-1
-1
5778838520
4923830849
1892283816
9561598049
-1
5202229361
-1
6096921612
3508270153
7356211423
12160958183
3019398656
11551593862
3154999345
13573411491
3063703060
7242015167
4033217293
6259228672
7659557990
2358587159
-1
1985074376
2666676549
8070793013
-1
-1
-1
-1
7719915280
-1
3625628794
5687922243
3330403873
-1
6402370032
6691298770
9713900141
5617462398
-1
4563144874
-1
4232263311
4784063537
6813769357
6436242158
6808999048
4970331861
9307778189
6149823055
6003384164
-1
3783248803
3306711521
-1
1791334141
-1
1837939669
-1
-1
10521565563
-1
6515660634
-1
5489101861
4720566837
-1
6011752110
-1
3017014733
3389881023
7294772503
4126909674
7316935727
4566482123
4536546557
5965620217
5383817193
3963364051
-1
-1
7973138126
5389253231
3088791363
5309114625
2522964593
13098420679
10686666382
9387088414
3091548259
4862085804
3670165521
12301585381
3927819653
7429594899
9359026631
-1
8053645727
2309034993
8867226766
2424112607
2577345032
-1
-1
8772286610
8086075310
5104981811
6098752974
-1
5430482066
6534905405
5002324863
6474241648
5898431795
3025019876
5159733678
-1
2383329285
7814793908
6508664751
10282844498
7128586972
-1
4311803562
-1
3486658981
8594711224
-1
9626281731
3151303966
7651964220
4472162115
4218255212
6309559666
4890666575
3368171481
8858069180
6176433970
6410420558
10124323480
6548791432
4129322525
-1
3716996472
1906854191
4454938860
-1
6607787273
-1
745663609
6465085970
9665355861
9509823621
9247706586
5729809420
-1
8354164582
3378727999
7762464362
-1
-1
8029244168
4515506251
568889007
5296648032
-1
5416628452
7133736046
-1
7134067296
-1
7423926635
2718746725
7040897835
-1
-1
-1
5871083070
13780189610
3897822116
3125447769
6115711105
8145995928
7420911287
1274684834
-1
-1
10021996247
4910615835
5140654248
-1
3466340626
-1
5859817892
1253039493
7336606631
3826462979
7971775488
15285253626
2697727985
6315532896
-1
7677037370
1949263845
2700170903
3370920836
-1
86410037
10855091601
8419180088
4686239895
8953109321
-1
5151728950
7905805818
7135852515
6829355396
2590294056
3929463920
-1
-1
-1
-1
6377204027
-1
4567023171
6007239730
-1
4792830674
8094258578
7585795472
11664436700
-1
7484720116
7279430234
-1
5251305166
-1
3692395602
5348782945
-1
2723047351
11211434811
-1
-1
10433882198
7152402939
5754663024
5587443553
6832912739
9729980032
8640856774
11213198382
12266527249
13568021121
8498338252
8914496804
-1
6816261227
3833730349
6581070280
5334433071
8364161605
8980723184
8525447957
1469291215
2814593466
-1
2922177813
-1
12846740912
7323022596
-1
6864138656
3504476871
7901589182
6489159013
-1
5548027116
10991890957
9862922709
4143981818
-1
11348496757
-1
6470731327
3944994946
10671761517
12386504358
5100682546
4998466175
8745343698
-1
2139839182
2803416825
3181225000
2065909795
6531161093
-1
5062038601
-1
5928854426
9722882218
7783998339
-1
-1
6311062365
6451962118
3234222569
9361670575
2419107507
-1
3538750396
8331619552
4590113569
6618747814
-1
-1
7481925973
3267165645
-1
-1
-1
-1
4900317385
11564039505
6203454130
6132266778
3721034741
-1
4398143249
6774615746
2356625358
8380227604
5417800921
3090153216
-1
7045220087
3419061322
5057330390
6983765112
-1
7543044420
3776174682
4700829508
9389176225
3163242833
4232332783
2501615600
5358847187
-1
-1
-1
9867316862
6106459813
5683719546
6924756564
5574141347
5201111645
3241664806
10117219031
7387529496
8192089086
5610548166
7584804120
10654962475
-1
10026583219
-1
4666283328
-1
5266191278
7286681784
4708669622
9235630343
5453080155
3499343079
4364570998
1205826426
-1
-1
7215202209
-1
-1
3979540017
-1
6847070185
-1
3046563297
5753562811
16077367979
8242951769
6997099238
4357321798
6557827326
2371469646
2713288517
10824128896
3732880951
5898706094
6265493369
2196398866
3303388481
3293058826
-1
10721637211
4848321711
-1
5316354091
6285813827
9410128715
3114238330
-1
3413536974
6112355471
4496716866
2325537402
7668614842
6840205369
5597532582
5111540564
3971791741
3928017931
-1
4176939438
9084120478
4085207113
3642163447
8947218088
2031400961
13933792883
6850185570
4498153698
8036502790
-1
7513858960
4847051181
5312857284
-1
6456343702
9103603401
2168026139
8417742153
5862077401
7808022061
2815352068
-1
9710674709
7291111485
-1
-1
7156389617
3904018094
4295237069
6991755014
5888472196
8302302169
4681368503
3774727103
6174894485
4155701090
7114794184
5993330974
-1
4768772097
6305282983
5832611814
4041944107
4302407012
-1
2450858284
3516577739
3949040243
9228556333
4396694347
3044889459
6723438444
7706320641
-1
11701037383
3544523621
6020096241
4511190278
10050635330
6459936763
5776430770
6490515488
-1
-1
-1
-1
7998541218
4027659396
2305619382
-1
10202629193
1727425374
4328263758
3679792907
5726370979
3421922151
-1
1371831514
13259309142
2232908955
6622031536
7122444512
10219259871
4485873750
-1
4834043004
14831317656
906974397
6909553495
1790953930
-1
-1
-1
13262664030
4310924440
2733779836
-1
5723091571
10709313042
8886177712
4883576828
4938467118
8303900620
1707077150
7661043449
6272294580
-1
6710553017
2997323044
10028736289
-1
1810827718
2376943981
-1
10627691098
-1
3015429378
1111012509
5335712602
2927500112
5157508612
10218438722
-1
12373738202
8668599377
7085609753
-1
6765283569
4414684799
-1
16596194061
5928817925
6602447268
-1
6229445750
-1
8053051465
8112550943
2747187296
-1
2994695825
-1
-1
4792830674
5533697306
4598527069
-1
6310260543
3268842315
6876144252
8630349739
-1
1642970426
4638184924
-1
3995015009
-1
3958444817
-1
12493388367
5449228832
2041277727
7476846690
3135868022
2956504957
4552967920
-1
-1
-1
-1
-1
-1
7934346376
5449545250
-1
13343526216
8430516709
7158633214
7843199404
4470042687
5950279376
9789540273
-1
2849874161
7059565901
1794805440
4410207643
-1
-1
6120605575
2589176919
4951457865
360672308
5520191044
6933899791
2740332156
-1
13049381709
-1
12664116842
6658183259
-1
2771272569
-1
6146224956
7360827403
-1
1786536822
7728660075
-1
5827600298
8450008989
2689406423
8181890308
3505489211
5088358015
6160238230
5076252206
4724005165
8796864782
-1
14851777718
9521709580
7445520993
6412398313
1432855717
12294278829
6207726629
2398793100
9618589031
4680195691
-1
6103456003
3469919048
-1
4971000421
-1
7551522002
10516318232
-1
-1
7165337668
-1
6042371963
5291416997
3030792197
1837865209
-1
4192392222
7908606218
4990028189
1052522961
2832709652
5159547629
-1
-1
-1
10659745048
5273294977
9958957168
-1
3628243534
-1
3485637392
7578997287
-1
6071395223
2089716754
3030777029
4855685477
-1
4331568213
3767792899
-1
-1
11580136057
5112090021
-1
-1
6733066109
-1
-1
-1
-1
2740250235
-1
7941894856
4564578978
9339890900
4569439492
-1
-1
3368451208
-1
3751777354
-1
7923841245
5001221181
4264530923
7512281149
6877961855
5397709148
-1
4162166645
6072660405
-1
-1
-1
7879068136
-1
12319304174
3551211079
-1
3899786409
-1
-1
2573842337
1189724638
8118012037
9343055967
7162350872
5938354264
2288670587
4673610007
-1
6193450184
4146162116
-1
-1
6347823003
5559192266
5254929725
14968579479
2003423150
4592851448
8526928951
-1
8086744680
5453905781
7246521905
4806863197
-1
7995984659
-1
5963090542
6476925373
-1
-1
4874966255
-1
1678857776
7312651734
-1
4807825570
-1
-1
6171606835
-1
4189343921
9566563395
6132473424
3202813713
-1
5278323073
9952520028
-1
-1
3027580849
9714154869
4004176549
9024597090
4926030746
4967316532
8389708408
3994695521
2382948357
7869706182
13135023991
3955721715
-1
2784937888
7806988384
6038867341
9192105056
7006963893
-1
6497776969
4696457242
9959166495
4981184355
-1
7770210570
14471924958
6394072178
-1
-1
-1
1582527417
5629250028
1950969275
5885919779
10408644753
5155282149
4964640724
-1
-1
9619745084
7878889873
6650381943
5869104738
12530671327
-1
4491970059
-1
4113295731
4226522103
6771096950
-1
4690158748
8248837736
3438300329
12467473452
3861860665
-1
6873921387
10579964070
4275691948
10715270360
5117305007
3543821214
2497008406
-1
-1
7195243099
7161905006
-1
16334476254
7972585257
-1
6076654495
-1
-1
8915018268
-1
5068641126
-1
8586056771
-1
4589317823
6772170744
-1
3568310434
2751337224
3455747345
4856672022
3827560549
5203472012
6291708530
2662887735
-1
-1
2165700045
8169057548
4298262734
2384359105
7711784373
5770827527
3480014960
-1
-1
4898466089
3747738079
-1
6936251540
9790451331
5997116337
-1
-1
9965813402
-1
7375417041
6031018717
-1
7957282778
5924643505
-1
-1
4740883140
7346894246
10757221643
2457614269
1435327078
5397424910
5751075991
2960041050
8987643238
12662485218
7024509970
5042146933
5729094630
3077519306
5304598637
6192567912
-1
3397662808
3396831663
6452711505
-1
8185097798
-1
4224646936
9845899145
7832496982
-1
-1
-1
4976422627
4248083259
6248889562
12363792426
5437399744
1336514529
5177312150
6550010821
2950280628
2277678137
4363635309
-1
3892936731
13783037105
-1
8814156902
-1
-1
5204385062
-1
6330282377
-1
6195029225
4252721986
-1
6060229424
6669151858
-1
1502048004
2741198475
-1
-1
4708669622
13720391922
2060114376
48937476
11492881277
2543032195
6519919771
5243538956
3458797531
10340142558
5051085917
5481495189
2282724519
-1
1516698693
-1
8637152021
-1
4399496369
4513982634
3907508053
5884867755
8645206257
-1
-1
-1
-1
7502705841
6200836855
6816172745
3940235621
4595172358
-1
5612300525
1989407882
-1
-1
7193833945
5452599471
3446573218
7226672522
3591237149
11731365988
4613873589
7287510343
7292742634
2573568727
6806632568
9931542235
-1
-1
9224558467
-1
3845813606
2740250233
10126736218
3408970087
-1
9447140874
-1
1417195195
619815227
-1
-1
-1
6201047505
9289739912
6389833104
-1
-1
-1
8040455812
-1
4762493626
8826624705
2726239180
11140325575
4252469120
-1
13146840546
4280024039
6451609693
5024777583
8782988803
5035080839
4353521887
5472244698
-1
-1
-1
12844040699
-1
5601756270
4545150030
6045471602
3886553712
1463642533
7527285619
7954322211
7203698931
2616552752
3614887431
4071949788
-1
-1
6876914033
8702349291
-1
6717713749
6210552943
7785220918
12077010481
-1
1889565385
8851454714
4627668723
-1
3682519055
-1
3434168212
2732714109
7089494782
-1
3996483936
7496535194
-1
8868071746
8887228080
-1
6236004804
4561756362
-1
2625740423
5316622217
-1
5371676907
4643577677
5835901688
3464786207
4734431223
4266168092
1659428591
-1
6865442068
4608465022
7380489153
-1
2807658286
7611083568
-1
8813273590
-1
4359672916
7895759103
10133206347
1909647259
3937521465
6173203477
1167795588
3987352090
8042614770
-1
5767684140
-1
11353022198
4255560250
7550941045
5179532101
7573390254
10742202635
5732250218
2572116820
2503563222
10231983278
8030379720
4154054807
4160931720
-1
9977594859
-1
-1
-1
9383445754
-1
4300759005
6667100740
3427195874
9469148588
7246832526
2262406087
4442970820
13065210833
-1
-1
7247355442
-1
11145521949
7993320572
-1
-1
3258484379
-1
6054940707
4892287496
-1
-1
5584844276
-1
5504909947
-1
10519731728
-1
8093692854
2378482701
3198272866
5615363876
5504745545
4065602371
5585405091
5097061892
11757016617
7661170551
8313699043
-1
-1
7576989375
8227785484
5539928873
-1
4475682762
2497117068
4947437751
6711606858
5386632263
3844752179
9659625138
5739095289
6023453284
2990813644
7255440578
-1
2307866640
2841363539
5190983118
3034222814
8389650418
5240503185
6805042171
6716908863
4346161161
6447192320
864726152
-1
-1
-1
-1
6874269384
9218022962
3292288300
7843242090
5835015974
3930414620
10442425313
5716138052
5258879760
-1
4284405355
3984027826
9873794563
2987776737
2613682157
-1
8925964039
-1
8627785215
-1
2028429811
3145240852
4068027908
8899240980
6186142844
4003284651
3830977023
-1
-1
8400928332
-1
5204745752
6811171401
5028796903
-1
-1
-1
8130443836
4587266118
17493704881
4891578329
3871511824
4647151895
-1
4818093698
9834036166
4660940796
4574229418
4045849751
-1
-1
8615903728
2070852477
-1
-1
6502845084
6044883776
3632770413
2250739802
12058355469
7196754468
-1
-1
4873777700
11824148474
6287944791
10902479165
-1
2985878693
2231841063
-1
125560149
4959321442
4241372469
-1
-1
8542500422
13059497144
5590948888
6599671300
10955219423
3804259743
-1
3360434119
-1
3429733100
2658831034
4553500083
2980484768
10175607173
-1
13168739456
6669581291
7829217073
-1
5118982661
5225106382
-1
-1
-1
-1
8423488060
5820149813
-1
6954257261
7958925395
1275005700
-1
3274521056
14299087873
-1
-1
7088833490
8233062758
-1
5903439208
5906822128
-1
4496019313
1758577902
-1
4224922463
2599360363
-1
-1
4136405528
2482785435
7027834985
11675394263
3611807540
9303494819
3121390325
5476191617
7225853519
2144233503
10316092332
6623777359
10462160124
-1
-1
8813273590
-1
6828795198
-1
-1
-1
2171837036
3231074798
3296665859
4454377555
7889799764
13026926022
-1
-1
-1
3939519122
6910502588
2780239327
4216309551
-1
10680498605
5135277455
-1
4713921440
-1
10006900074
3817811861
1824797487
-1
6637910220
7867989454
7655789479
6440352639
6412959054
3811850357
-1
6286807883
-1
7119740673
12157041007
4777729351
2225707323
1876177561
5955191340
3011442766
2454483728
4074180500
-1
5142137628
4348565689
7581325333
-1
4422188257
7848623942
-1
3116740223
10931268038
6524124348
2954743867
8140873222
5934728761
3432083231
8879892198
5059358803
-1
3461912208
3661933108
1949723658
6986979432
8805763501
6836413209
6585171831
6344523085
6240564421
4098005852
-1
3764221486
-1
5220218181
-1
6418104421
3223653431
-1
3495307348
8628698882
4879901378
-1
7993526006
9234730611
-1
2994215073
-1
-1
4628973028
11867681894
5248811234
5974942709
7368591187
-1
5430656433
5654495220
4053617356
-1
11770070054
-1
5559317465
11944940613
7638718757
5774628571
6728353419
4898319200
7170802421
-1
2801522352
-1
2794473411
5230881985
4374075659
-1
-1
3254372585
-1
5902171250
3397564445
5233943863
-1
5599442359
-1
-1
1678857776
4352206314
6671008139
8304748812
11722441953
-1
2985736937
6217415409
-1
-1
-1
5373378175
8891656150
6736826046
3886199784
7470575805
1931492335
-1
4470267879
-1
5759931270
5420928315
-1
3737994507
4660955963
-1
2244852554
-1
3564358835
6142275903
7669108421
-1
-1
4699808405
4509509100
5250211096
8510096066
2555578620
-1
4869158071
-1
5249918091
2275407496
-1
8384871057
4703781426
2253611536
4287902502
7206432052
5663941488
6236909367
5684409127
-1
-1
6067972771
10553696095
7483762516
-1
3202163237
4393576068
5220833231
-1
-1
7075534842
6579064381
6663649906
3035902891
-1
4689475454
5955330749
4485873873
8464998331
4668776683
9918667594
-1
3507572821
7758335972
-1
6739919111
-1
6517521878
-1
-1
-1
3134238048
7247480706
8996947171
7886117261
4168329569
6873906120
6841375317
-1
4740717243
6158709582
8704271451
7337650403
8723279466
-1
-1
-1
9877502808
6345640289
5570350741
-1
5263417558
3341491138
-1
7760704409
8214040618
5764508031
-1
7011906518
-1
-1
6146398048
-1
-1
7671384845
2439028800
5432781682
5154890403
-1
6188549822
6445131469
-1
3588786356
3587807288
5372672380
4131527634
5644422283
5530446302
5266855371
-1
-1
-1
-1
9900098353
6305274157
4227707774
6527002021
-1
4635289928
7600034982
-1
4241078114
-1
4678849218
5854734416
6141921206
-1
-1
7906132215
7998950370
-1
3290606593
6535599049
5162825777
6334909169
5577076102
-1
6176754248
-1
-1
-1
6747268796
6386889681
-1
-1
5279183559
-1
4793183014
1798263461
5562777456
5866797120
10339773035
8080299979
-1
-1
-1
-1
-1
2487644167
3202573667
11391560298
1618692691
-1
5912908940
4163703753
7647739952
3259901158
-1
67978181
8188943520
3541539778
-1
-1
7976966482
277487519
-1
-1
7391958323
-1
2259403681
6133795369
8400643893
-1
3768290124
-1
8744494260
5294086363
-1
-1
3926381554
-1
-1
4052634786
6108107399
4880551540
-1
-1
4909494687
11247658765
-1
-1
-1
8400133741
7827719657
7929594231
4494376010
7159263854
9611886718
7074786769
5529023462
5135944334
8656954141
6885050512
-1
4368510788
6314582650
3605058872
7380726871
12237063600
6551303400
4788777871
5419523145
5176678478
9073542488
3823926528
5918393166
9882167864
7759285697
-1
12060451587
9451452217
4283057329
5751238191
-1
2935623575
-1
5732052276
8905001933
-1
7484616049
3763216670
6345433308
-1
-1
4913405366
-1
6154654286
8043158301
-1
8497827910
9865232368
-1
5045466127
4355097750
-1
4475726221
-1
4174533975
8014537395
5128494325
8306804248
5188451258
10197042921
9390532678
3493161620
-1
6263017684
-1
-1
4289059551
5720423196
3610123469
5243582342
11064846014
-1
8294800885
4785207153
8340946865
6820781193
-1
4712138152
6641011366
4951676679
-1
3955872026
-1
3179607789
3263935934
9212101513
5658128714
3318868974
6351409960
10129384133
9477815806
5668772146
12462970613
5211192140
-1
4164692221
-1
5696250564
8096194276
4957299934
7374036026
6191376881
3837365860
3429723067
6329657662
4755351688
-1
8038965093
4171999011
-1
2916338982
6440834844
4677517721
5642955072
7036296964
-1
4198053911
1418739378
3472325763
1623686078
3726777330
4632309655
7695528434
-1
6051975295
-1
11960067105
2438930074
-1
-1
4374109608
10522380735
6724041423
-1
2515315718
6251006216
2873034686
7899569897
8894325312
6425526118
6739268286
5980800109
7823942523
4263126568
8974409805
6217793508
4493769769
3872896442
3891647432
3167844739
-1
1776448405
-1
-1
6893840395
3607846854
6206256377
8929277254
11201278329
3398629618
-1
3386320340
6738127571
8174632889
2751312708
52096250
7271553458
3265851560
-1
2523096615
6691549503
8947081774
7852210669
-1
-1
8987231128
5333441954
9243290368
5038765408
6254862924
9719276091
7383296704
8931370737
1855766144
-1
2624410605
-1
11777000676
4767205260
4616137305
-1
-1
4125482474
7545912666
6616147441
7807528965
5237455788
-1
2644435439
-1
6861191765
8317406691
-1
4471562373
-1
7489812376
7078739789
-1
-1
9286344630
-1
-1
-1
7837762808
4279063207
5412674202
4811458184
6326256586
4908722259
-1
-1
10265760480
5454474828
5051769105
-1
-1
-1
-1
4005825721
5459733752
-1
-1
2491003302
2561771500
4172761249
10213975602
4748822508
-1
708437987
6080846316
5516559789
4752229756
-1
14401364045
-1
15066134315
224542721
5891878383
5199276458
3140240552
4168332295
10097360384
5794769252
-1
3585277131
3620668085
3968463443
2762818178
8716546030
6543627251
-1
-1
8543693221
9101087370
6698970282
6220257966
-1
4418791712
7700993761
8902507122
2763800424
-1
-1
4540931806
6494401693
5457978953
3376376181
4148867476
8252436625
5075169256
-1
-1
-1
400563572
4348146789
4650999209
-1
5853642092
4221897012
-1
11402148476
-1
2985511207
3159702288
9227463440
-1
-1
6417982268
2652140681
6645132280
-1
3759908534
1560989373
-1
-1
10598278249
4398602063
1471574371
-1
-1
9465949123
6121936405
-1
3411067392
-1
1713594032
4038111424
8766093620
11710258020
7554340096
2187786643
5736372021
11332620566
3822650195
8741834076
9069504669
9314733299
5805260377
7634615858
-1
6078877093
7670492222
1359778442
8259498375
10013595642
-1
7594643088
-1
-1
8114491959
6326761106
7053305269
6187450377
8932108168
-1
3918692346
2831056787
11150234690
2769739671
3494909188
10823107372
7647822358
10161908142
3084747513
7536775267
1103214739
7152321166
14769787602
-1
4877139236
-1
2735542696
-1
7571863582
5799053643
-1
-1
5938429982
6587145300
9280510110
5113247767
5700515032
6156474609
5156454175
3135403025
4663344814
3717836040
5756709632
-1
1385886823
4609209260
4927665284
-1
-1
-1
9374818349
6193613436
3815746677
3468642080
-1
8235572167
7438617357
6902152033
4284490667
3947680099
4719135159
8529930517
4112460500
11146408494
7623193520
-1
8440629463
8640163308
7406728687
1857223107
3001634449
7836079647
3741545049
4258358864
-1
5396956279
4203428861
3587865541
-1
2384579311
9362879128
5672150509
7672762480
5158237863
-1
3452598033
6393232235
8152267590
2446887145
-1
9815603043
-1
8315715407
4303821901
-1
5666441924
2273233483
6185219655
8178513887
1623940666
3136230925
11648185872
4173061080
7989193069
5293903348
-1
8388422344
3914952099
10015956919
5101020200
4716385622
1757665337
-1
5156456915
-1
3406923771
3266853708
2425735169
-1
6502890470
-1
4271910006
5840979724
8627460850
8777559930
4187629199
279389
3545062292
6958861686
4934169476
4606439855
6384829069
4006769218
-1
5538074935
9071311481
11412934708
2702743712
1336773967
3923750180
4499102525
-1
-1
4572036875
4026397097
3540570654
-1
3817515309
7549954824
5373318077
11608897115
7544432646
4464468214
6806844189
6168908758
-1
4445995975
-1
9328347302
7910238537
1548720112
-1
6002214794
7241194014
8798175806
8124751105
2158978505
3966324489
5838826056
9677623023
4224659636
6536229182
2610065396
2028618506
-1
5117397585
6385955530
1771070293
6433390177
5012506156
4801379273
6569428090
-1
-1
-1
2314533534
-1
-1
4001337830
3161754901
6002641109
3574998398
3042803265
10425240476
-1
8219517304
7276504992
4947946446
-1
7119840606
4205786874
2789131361
-1
9106518083
4510052724
-1
2590725584
-1
6673866884
6387402751
3131901827
5097327896
10325253779
2550551813
1914455962
-1
3815807041
12097428728
6274209749
-1
-1
5986120824
7000922544
-1
-1
-1
-1
6673580710
-1
7110753542
9546050783
8806461534
3106283224
6881469851
2238445618
-1
7607634549
7047664582
5094615629
3158024909
-1
5886321179
6073542615
-1
-1
869197368
2007793152
-1
4483593957
-1
8763710640
2762604296
5959588497
-1
9989137473
1753249886
7405323450
2601149344
-1
-1
-1
4783194669
-1
9059638560
4593109259
8871027015
4522996751
12430715162
8478225602
11423697492
-1
5493496825
3198223643
4814692459
11777079713
2792596359
-1
4633415342
-1
4128912223
-1
-1
3109402341
4880864835
-1
3597241599
-1
2264340219
11330503
4322262735
2860106638
3359259007
2095332166
-1
13651914351
6400018047
-1
5316622188
6828730629
3500528795
7997861944
6278396132
777907796
11073751935
2222740339
5245927528
4448198936
5753194942
4018665713
3254425174
4281774729
9590127179
5507499047
6678375086
5070759486
-1
6761049715
6674779335
154144782
11813232227
-1
3334059004
2230883217
10372667307
-1
6588942303
7483954512
7351054012
10151443149
2814914926
3095870427
5872233451
7092419034
4133715350
-1
14115575077
8055378620
4417883998
6983329158
5805669541
8367638411
5469842525
7751125441
3718700023
-1
-1
-1
-1
5172414340
7301276627
4384885706
4369611244
6981374277
4811771733
-1
6944877264
6628868424
4933390435
9979967260
-1
3279327045
6673862713
2519405286
6661794962
5968406186
-1
1785859364
7346286955
-1
1473137577
-1
-1
1684881417
-1
6909635363
7223092840
12623403510
-1
5447067808
3730076653
6442772377
6939570043
4892505222
6845921349
-1
8641052149
-1
-1
-1
-1
-1
3165250721
8927719997
11602544063
-1
-1
-1
-1
6542531057
3982017919
-1
4419564731
-1
-1
5524010229
5784502963
7419801130
-1
7994180228
2460368760
5300150840
-1
2941981643
941038723
-1
4116858834
-1
-1
5584377612
-1
7074010688
4848112678
6983384653
1725017100
2906634319
-1
4764227416
5368090000
10628044862
-1
6055696515
1653087968
4453625776
3673883818
3469978165
-1
-1
2371836708
-1
-1
8334476369
6463608786
4249043455
-1
4089592054
-1
-1
7875378252
8842380668
1248597052
9635883780
5437301268
3573604434
8439545078
-1
7039811059
4556959755
3839835444
4878058754
5351636129
7111470877
5933369939
-1
-1
8070590357
7743604660
2384364449
-1
-1
-1
-1
4290374103
7244312318
-1
-1
3050915689
3027030971
7162916989
6185219710
6453625709
10511158018
2937339701
6008348831
-1
4470042613
5105397578
4016556626
6349622554
5453374169
4970379916
3960495152
-1
2490071906
4953506091
7988325139
5889738685
4512272927
5340923481
-1
5439647306
6398348522
5219316016
5911362255
6476366622
5929329910
6381681947
3822058808
3018727406
1728938753
-1
5308571176
5710967485
-1
7959055046
-1
-1
2349284287
6711301704
5479856816
7407647020
-1
-1
4102115201
-1
9124396306
11971323284
5299917277
10098576360
6862455924
4348480803
3591553590
9085422257
-1
5414049584
-1
8716546030
-1
-1
-1
12669423232
9908406805
-1
6159523910
4863395250
8297663985
3754734599
-1
2316032587
-1
1262180722
4160442139
9226752331
13978931750
10798266583
-1
5257465156
-1
5180621646
14410156847
8518296906
9735225125
6509667394
-1
6368297808
7625635657
-1
7407299515
3119995284
9700555235
-1
5211652542
-1
8269044727
-1
8349838274
13332618639
7380273346
-1
-1
2792074219
8753597032
5247190816
-1
5265586942
4798226574
2540251011
1410621278
6371872207
2819854836
8085667826
4828335705
-1
8001953006
5089163580
-1
2439028785
8102266243
2209761687
-1
3202775783
-1
3873562270
3606254049
5091988448
12076013745
3068545473
-1
2359503978
-1
8217614675
5486185522
-1
-1
5067854527
5296851644
-1
4948709511
9941620777
9365064452
10888225783
6930158626
2802505275
10141277812
9270012954
5330992535
-1
9468577725
6684220416
8739301076
1019846854
-1
5716727722
5670121108
6109316197
-1
6512328752
4021201932
5896927466
11571880640
4874858607
-1
5924643505
-1
-1
-1
8317883555
-1
1909647184
4057375697
4377626583
4035175505
2691482927
-1
4553526428
3787095773
5985171222
7131370243
5041245710
6545235564
3649429184
10026079991
3965413683
-1
3816004761
7182033957
6063157717
-1
4732806144
2394633093
2255908802
4764554791
7819957273
2667194302
-1
11073040162
7684379977
-1
2259865296
15125125316
2102408447
6232042747
1474228860
-1
-1
5746265475
-1
7445587089
4990633229
6569860416
3762523793
4256939946
-1
7097194347
5123610980
-1
-1
4129146473
3911511737
5250703163
-1
3395359699
6689028226
-1
240372529
13584260759
5074346070
4164067738
-1
1703701586
1510039290
5488382582
12140896072
-1
-1
6993294124
6612504207
2509002405
4634350777
-1
4709356389
6689276416
9649801387
1286796637
99398689
7602514856
5336725512
6254215430
7734650830
5056064259
8059737985
4587447627
5103003554
3067684820
1677870537
3841569004
14925361590
5936910151
4016049153
9022696614
3904999174
12450328298
9462881969
-1
2700793493
9689812445
5382577380
1937528557
-1
-1
10108172499
-1
-1
8045425559
2017478778
-1
-1
2838177683
7257989567
3310641959
3682519055
2141771063
-1
-1
4905514620
6063426959
-1
2894430414
5416950056
-1
6448631848
4712748947
3374575645
8723082167
6877139893
4395149653
1464433238
-1
4575670411
5559347610
4749177097
7073138426
1332747464
9208245399
6091943429
-1
4197037601
-1
14484989438
2446078140
7680453883
7407116252
945330622
1719735091
4110249496
-1
-1
-1
8898845400
10108349033
2917816952
8143139332
8980987093
3126595275
-1
1750091094
-1
10557510818
8392479766
-1
3052086893
3175373625
6509050647
-1
8746427093
-1
2598176477
-1
2845269738
2325137827
4671624729
-1
-1
9283363583
1798263461
7519291061
9582412003
12837889935
-1
-1
-1
4780714022
572632639
4303154350
8698127493
15849251621
-1
16812357939
1944524766
5052874984
6923482815
-1
1688039064
-1
10844403079
9528362692
-1
-1
6428483964
6887748309
3006902674
-1
-1
2953996894
7809289386
4628146634
4987656657
4510208088
3344568219
9184219234
2481133016
-1
-1
7236818882
6683269374
-1
4816961989
-1
3686161272
-1
5170178055
1265034220
-1
3773339775
6668548267
10562278165
14370397670
5065150441
-1
7609700732
3223665166
10596400474
2750917904
3567783318
5306001446
6014263031
9169637794
4422292051
7082175792
4638271868
4757657675
5114368956
-1
5284173774
4152049435
4385474346
8048963933
2383947305
6053455517
6202928611
-1
-1
9413002058
6051852521
5337163797
3677531621
9282261382
10749765328
-1
-1
10289450460
6774378142
13132508680
-1
4155600905
-1
3285928264
8252849697
2602824944
-1
12645479804
3597200089
-1
8240324035
4521647732
4547098460
1599524143
6464081618
6292311687
2713192743
7441842717
4603456253
4569459204
7164658578
5991889614
6447419191
6569484026
6701133076
8469354493
-1
3956904045
3603972425
3726246492
6500681326
8648595314
5882906513
7280015760
4256218704
-1
6446658552
6924302355
8396738740
4539973238
-1
-1
-1
5300101674
-1
6346716948
5384648004
-1
-1
8642828094
3633458186
2617604738
2524926151
-1
-1
7736587851
-1
4459498047
6315744486
9128712040
7987537682
-1
-1
6897385595
3794952648
3990305286
-1
6494640196
5841034856
3366977172
4131461273
3389002146
5616108294
-1
573910971
-1
7957518291
4987557729
-1
4919867090
-1
-1
1837548573
9379228055
-1
10136460246
5345753714
-1
-1
5318467913
8211439496
6310130642
3687046692
4665177965
7589800946
3633000716
6025543011
-1
3968703207
8386404367
5377072980
3575378376
6693295513
8440496429
3224139545
6941913374
8061875618
7270897514
5137164824
3346614065
-1
3171881733
5254404689
6502140507
5342635493
-1
2723556196
-1
3549068584
10208555334
-1
517460298
-1
-1
7168868076
9474597066
4687018070
1312567368
2636559170
-1
5070303233
9270371510
-1
5742690575
1398981890
6555690990
6055513733
3537429790
-1
3958570287
1560435358
6824222484
5994715359
3130857108
-1
14189597841
-1
7481835724
6427947243
6436696548
3798080767
1251934920
-1
5253926815
5178855568
11177284369
4464729567
7935413148
4365892501
2571606968
3285985676
5229412671
9660605517
-1
9587006412
5754384363
5760989474
5726584464
6573217234
5515543214
5620393801
-1
3051245685
5115567678
6528484072
6957824304
5090602617
-1
6351900137
7830224648
9167111692
6154544895
-1
10339957999
-1
-1
9302018898
7610071144
9818794456
3675644338
7790993660
3809555161
5071128434
6425559443
-1
7751798176
7265143038
4520014575
1593947161
3276149027
2050471355
1715597299
8016657815
12459206796
2260615277
-1
6711351910
-1
-1
2943839623
6305912864
5647049190
8362792920
8337870569
7609420934
-1
8424998554
-1
-1
4641414893
3713131600
-1
-1
2424433264
5619088081
-1
6508943347
12586821152
8482222745
5767701010
-1
-1
-1
2950121190
4878875796
6431467510
-1
10099352579
2912762239
7397786977
6767449591
-1
8495638773
4480790779
-1
11084369832
-1
10776320047
-1
2576601118
-1
4226848791
6719005362
9525812742
8164127523
8812272058
7450967984
4739825716
3409100040
-1
9826988315
4353290552
3335333968
-1
3813810190
7278108474
-1
4274417852
-1
-1
6055085644
4605208006
7945045345
-1
5150951333
4825445602
5609166817
9028736324
5614757808
-1
-1
2955018102
3172275599
4273958747
6071981797
-1
-1
-1
4216870003
2314239063
3251079721
8640537592
6028591592
201294891
8629830953
5753981057
-1
-1
6089088416
10868936330
-1
3917858450
-1
3051744485
-1
6421217491
12839086406
7531027735
8032933702
-1
9232969855
6371550068
-1
2459814623
8442954165
7775072465
4482490140
7243050341
6099600831
8181286887
1947795083
-1
12803062136
7177294222
6912754235
4159684148
4425656055
6410478286
-1
5361692478
4256879184
-1
5018836459
-1
-1
4136992178
3715241089
10791571043
4379159706
3391342465
-1
-1
4494415741
6719415887
9677953452
-1
7902262710
5268842520
11244406706
3291512035
1159335176
10134650196
4877746420
6622652177
-1
9975593417
3166775165
1329486936
10390592441
7329448112
6175661428
8438418638
3946540158
-1
3839592000
5940983163
6832154774
6373367880
8105999326
-1
4908852736
5834679961
6390797472
5342005035
3443019541
15304712843
6234714673
5470859048
588747004
-1
-1
7733928759
3578955083
-1
7242587645
-1
6309773468
3960806487
5810599979
6591564090
3666740588
-1
3929886178
1664961052
-1
7024996166
3704005068
6203928674
7290442057
-1
6928591709
-1
13051877374
5385800411
10702909479
7452605973
2038341044
4674847136
-1
3509197739
-1
3428653457
2300902529
2134938649
8342384572
-1
-1
4086946810
6152291214
6249862764
-1
3148118786
66373247
5643072287
4500126892
2972439072
6180945431
-1
5917711446
5727667678
9802864689
6021408131
2427261214
-1
4905859556
3827706939
-1
-1
2453942166
-1
6378749553
4817367969
7598758608
4105002012
4888463316
-1
8952625318
4402802526
-1
6270427953
8222774813
5685010011
8729308043
5370914646
4144233190
-1
379398513
-1
11145299960
8112582089
-1
2583068420
4294322217
4709752882
6323445653
1945762124
2905042606
-1
4445962267
5582247502
12524253421
1218377446
-1
1623673869
6408345250
10107093377
-1
10952377623
2520023801
4129764774
-1
4599137391
4819564369
6298833872
5738865727
2275318736
9916500142
-1
5141861929
907223444
6953268763
11667133634
4632914700
7746045080
-1
-1
11262567551
7459442575
5416997502
11062843826
3889607632
5030302406
-1
7289996012
5137632705
5692131969
6303467810
-1
2359765211
-1
2379128920
4988937899
11969493497
-1
3307175394
7689066687
8756827376
-1
10878047572
8344068806
10686814248
-1
4409350999
-1
6228067321
7240062259
11779034266
-1
-1
6980832436
5276634397
7735071082
8133462171
2402704227
-1
-1
5948896623
10523931461
-1
7778712180
-1
-1
5037639963
5575159088
3098647949
6770974479
3628303576
6893567814
-1
8040455093
4524274930
5169051397
9428022034
4290536731
3486406243
4263168947
5687382910
4847459081
8572178840
6021876629
3180265100
8536507987
11170511619
4375680493
5062681012
7017980445
5109101460
5509575480
2572586647
-1
-1
7763800799
-1
1745554294
-1
9335151898
2712955799
11764578471
10274100166
8325115693
-1
-1
-1
-1
4051328616
4618051414
5564073383
-1
2532663139
5876481157
5398588509
-1
4484762276
8785883542
4314079353
-1
3347073519
5206029160
-1
-1
-1
7549477220
-1
9522504870
1912904026
3185406928
-1
5743996524
4168904845
4548122657
5025570859
3769668701
6098662864
-1
-1
3129038113
2396124785
6823288190
4435073590
5522150761
10015639556
7336100986
-1
-1
7970103381
4576358519
6158114585
-1
3371743305
3996505810
5019327996
6970298373
6514546841
4453693294
4028221498
2921034
8043388616
7989660027
16014312357
3946725999
3333860390
-1
-1
-1
6958864285
-1
2800077802
4844141661
-1
2213364089
-1
-1
9163066868
2556121074
8307418076
-1
-1
7554308664
6907126946
4321042161
12567328848
-1
5808642313
3342122731
5501668967
6009572606
-1
12824703981
-1
5790690265
4345470372
5180849674
5866699469
-1
5335124198
-1
4275119596
-1
-1
7536463803
5591707466
8805792444
2121204797
4106654002
2832531313
6933442252
-1
3449410525
5118248829
-1
3284989622
-1
5885948130
13024685818
6561861375
-1
-1
4321454469
8054709748
-1
5216645324
13070789601
6944879341
-1
-1
3967427176
-1
2569956922
5321287219
7449254267
2822931192
-1
8334852520
3377475937
-1
5156410191
-1
8737233741
4559312673
-1
-1
-1
7776954476
-1
3056500145
5456346380
4103535129
9364191831
12388922569
-1
4551634616
3446419661
6089997231
1565528690
6546425769
1310930296
6124073501
8642304346
8610547757
6024928461
-1
8145322829
3437770969
7293904992
-1
9624016236
7963039140
6015088450
1958424309
11899976050
8867471284
9884753256
4072238918
2954039226
3390600242
7704094721
2714037030
6182719876
5035788862
6606285731
7373724981
1882757724
5069144076
6681120234
-1
-1
4354227402
-1
-1
-1
-1
8146313757
4699845213
-1
2960040716
7628424631
5717219539
5946911007
5523644583
5661703454
-1
8731816557
11102349407
-1
4906515017
-1
8107230200
5173716461
10500996845
6106459812
-1
5663695850
6054206780
2496892257
-1
1443504052
1588223982
176157
-1
9363876999
-1
5530625135
11933220481
1416961348
-1
-1
2560142723
5257547528
-1
8881425178
-1
10184997307
2777819126
4197419112
3466102183
4822923867
-1
12490960988
3112678331
7246614123
-1
-1
-1
3231802456
4762518360
9298760728
-1
3855587524
8838262898
8863701917
6573956873
7208961126
-1
9217233528
3109113834
4094527610
10945929392
4747607769
4149578015
6978498857
10902669519
1167218299
11014040180
11521054324
6991912154
7568394717
10120535970
-1
1464738184
-1
4759374299
-1
3416636940
753641558
8139202353
-1
7561276007
-1
11459116180
17713463703
5686185885
5061245105
3804864016
-1
1387639487
5437095844
4832916600
-1
9805911372
10898328028
-1
6770087341
10822932027
3558444792
7000358771
-1
5473515491
8469511037
3421377739
7890261981
6131405298
7880648908
9493269048
5648946233
-1
7628196084
-1
5576271190
2585684711
4291767856
8898207065
8197351791
6892872776
5835574058
9658510069
5589739870
-1
7181128692
4668776511
-1
3748156669
1518219990
2514553130
3795977554
11887185772
6170403591
-1
9227455390
4495350346
5717872299
-1
5585362901
9400387550
5289109318
4895734017
9425018214
4165332474
7303360875
3198794519
7101760377
3138773894
4957161832
-1
3847997626
7500379251
-1
-1
-1
-1
-1
7256763413
8348639078
-1
4467479949
1540960258
3954131565
8659220494
4963842923
10709874929
-1
12339435380
4002420027
-1
12610980063
8259748554
5556321456
4751409108
-1
6483101761
3741544792
3948895653
-1
5295675666
5221288225
-1
9301260398
129388
6330264119
6597855796
6349498706
-1
-1
3336750432
7505494770
-1
-1
-1
3770241153
4585220323
6635741229
-1
10521195275
7685900879
4335351493
6964026536
-1
5839904659
7717765325
-1
4897870553
-1
5524632377
-1
3907947707
4743621982
6349247419
8248681763
4694110508
6266268550
5133525418
6629304938
7556550718
4049459202
6300934555
-1
4337275371
3427007598
7075843635
8093573417
-1
8078717089
12860395468
11309231034
3388851466
8496276695
-1
2471905754
-1
4442476569
2962489077
-1
2642307887
9239912047
2188900075
4585680396
3416115179
-1
3437688342
4644589826
9665407075
-1
4291123222
8217458033
5003676160
5281363822
4159991687
-1
3605945263
-1
4484067549
5887052400
5211913152
3308701790
-1
-1
803451230
4796286029
-1
3999481074
3618852445
6408842489
6384887546
8040299862
-1
3401881466
8547438880
-1
-1
-1
5570952182
-1
5058020959
5480735647
3474432936
3567578291
3605121891
3884238573
8093772982
-1
2982425272
5104103621
5925844061
8782852238
721468252
-1
2750035896
5556232820
9621441882
-1
3502375347
1896175103
4741248255
3781452193
4384251417
6964797705
-1
10835186229
1614178129
11018991748
7024473501
-1
9465139371
3021562448
-1
4680421950
7803635446
11576360936
5061224922
3351759441
4583561909
-1
4666097280
5167878955
6118395264
10630812267
-1
6770694538
-1
4989234801
4574311120
-1
4991622611
2316911287
6644688481
4817293851
6148037422
6465102856
3770105656
4113118935
3873656115
10697019528
6048730784
8350534977
-1
-1
6518580981
4528397400
-1
-1
9654789427
2711860876
11389305544
11356940063
10400298078
8738780286
-1
7755289786
5150091806
-1
-1
6584020300
190494451
6522954859
-1
2931166671
1257059158
9002259717
3028262376
-1
6849565741
5413861275
7598932662
5970709942
6610305762
3132820615
10073242851
2421706035
6552382542
-1
8354508228
11479987454
3115721014
4193742767
8689814461
5501812789
10472775986
-1
-1
6607744634
-1
5278878184
7236478882
9352769735
-1
-1
3684993983
7211625399
2880694423
-1
10499309564
8324005402
8691535629
5497396149
7241067732
3963249790
-1
7250903570
-1
10412907921
-1
-1
2819527128
3256198211
7118655379
-1
-1
10219353211
5024454404
3584778759
5386474378
6423941910
5872137722
-1
-1
7855775647
-1
3190050712
-1
7101580692
6916415583
1998495046
8215399234
7940437367
3521024604
2836317426
6892358422
7544681693
5247347579
4582571411
-1
-1
6470109359
6043364351
8035758715
5997342458
-1
9256762251
-1
-1
-1
-1
-1
6481180869
4273534354
-1
4093160848
5642826332
6260937668
10374243597
8332061912
7360511935
4164602117
4207565132
5417216150
4206165220
9230795804
6162709753
-1
1897338398
8462847720
12298071994
5152480872
-1
6262086695
-1
8152129808
6511200531
4480790779
9847846213
8391607419
3077100812
-1
4665625773
4288769495
7527633196
7601693891
7357561834
6392603445
-1
8552494577
8817355151
7858003440
5704650406
7109874516
10882854477
3260236599
5498957294
-1
4791537799
5293182725
4997429430
-1
9867270001
2550691559
-1
6320524958
5703254904
3456658112
-1
-1
11986405960
5878649848
5965116433
-1
4131483052
6849256226
-1
5740841407
6469465546
4440146549
4182240320
4927883248
3907945334
3087822841
7925538212
3002981430
7596645579
2497697496
-1
6762721988
6515626704
-1
9981526272
2145463035
2619202230
4676068823
4548099375
2346012706
7699699767
1466442644
5132179780
4242332519
12651852432
4939390104
2900361978
5102669517
6955217182
4687838406
6112242958
6480194435
7021957096
2699525374
3330376796
1348769960
6362872446
-1
2891296263
5434342801
7502596873
-1
-1
-1
3872585122
10850991257
-1
4952600148
4397276363
3787768466
-1
-1
5424971908
4947818552
12106451322
3132632859
12210923381
-1
5894345282
-1
8445285254
7769948340
-1
8834394054
11141729662
-1
-1
13101457133
4127798243
7100240325
12538074646
-1
8206315958
15236260270
-1
-1
-1
3856249180
3734104340
10561969586
6466632931
2818366903
3409732025
-1
-1
7391307631
5913630707
4013200722
9517184877
-1
8118334506
5975722926
9396187664
-1
-1
-1
7430681434
5296972139
4416281535
7031123792
5424243404
9064357838
8041358059
4216340539
2151130668
2346932940
9000175438
-1
4905653992
-1
-1
4362547926
9442151418
-1
5452477509
4879634769
1727735082
8873588920
-1
2785226682
3938531980
4432002912
9905337127
9850712419
-1
3025665810
-1
12911094866
3827275157
-1
3084660735
5723585512
-1
4942361446
10288681777
5612967693
8444458643
4477451493
-1
5928760916
4249315810
1869054423
5380083807
7405297303
7650116167
5259661156
4576720711
4227288514
-1
4680050326
2892055615
4228624884
4954593164
-1
4839990634
4814899248
-1
5367653370
-1
-1
4186136122
-1
2773164340
7886651124
8175001742
-1
-1
7637009729
2951659926
-1
-1
6475210070
7718273783
6023521281
5737608110
-1
4410801628
-1
3348533021
2485330061
4107311549
5818895611
2775152468
-1
6890848181
-1
5254839812
-1
9501914579
9089951150
4764436501
-1
8787954969
10911666300
3784995771
9682943861
12229568687
-1
3069254348
5455284576
5921070332
5139871833
9381060341
4173551807
4233980511
2249375759
3541380335
2084306684
4245069428
-1
5843794883
-1
3706774577
1975970461
3648203867
-1
-1
5637706515
4638670796
4828068987
7950389379
-1
7453064111
6271218016
5836078603
5248889147
6410548098
6297499054
-1
-1
14200930209
4120038369
4525241880
-1
-1
9190146776
3582074035
3529135065
6611890585
-1
-1
-1
-1
-1
2300442530
6078778692
2039416594
9674663073
-1
5257365411
14602084262
-1
7587206553
10265348679
8135182711
7783314318
6345999465
1590322148
4820488588
9665872784
3092280638
6621472324
4278826880
10622092659
5662730889
8686591389
6930406221
11017776400
3004975574
-1
7046531979
7651506694
3113393988
6575643333
12128594662
3490299481
-1
4394078019
-1
3850322294
-1
1458281897
-1
13491669819
9677414833
9009954970
1782995275
9708006184
4639447055
8665522052
6513393720
3305811631
4518013455
2958200214
2818351372
-1
-1
4473507966
-1
11945876987
2534367929
8416066444
-1
4784893709
806703092
-1
-1
6302081276
-1
7952221859
6236145558
-1
2182933570
5188592030
-1
-1
2791239901
-1
-1
-1
999656917
1890644213
5401475060
-1
4251777205
-1
-1
3154768107
400773713
-1
4803406482
-1
12524000549
-1
7535552481
-1
6624854012
5668928770
2847766245
4325420738
8341326698
7670513090
6821173395
6791517787
-1
1591167698
5918130537
5139871816
11162154669
1891962636
7725249092
3184827676
2883582324
8217098163
6321187918
4445020440
6284727033
-1
8791322099
3901705704
6537722194
6548155105
5807516096
-1
4038876436
3356142918
-1
-1
7748337249
11441131174
5468792643
3211379573
7899787630
8534484829
9333041917
2936860703
5192859077
-1
8644639959
2662305203
4703125702
11393386297
4416412922
9361247255
7393040980
-1
7842795682
4305852375
6677863369
3258997244
2490871342
10306652362
6550092820
8738132915
4776615018
11767034024
5953045867
-1
11852452074
3640886537
-1
43076642
5463449325
6720254016
-1
-1
5094662674
-1
-1
7790821870
-1
4518705983
-1
5131187337
8670997097
4079416351
8274959725
-1
2827565332
-1
4019196053
4707257405
5557340242
-1
5502588201
10220530788
6438373815
6085731406
4775244922
-1
6973839652
7621714263
-1
-1
2552877594
6767581867
6787999521
2715431947
-1
1876067371
-1
5370549855
13419116031
4780067068
11253501143
5715659976
3105467015
-1
-1
4403039995
3941425363
-1
10265591264
-1
2935662122
6060717303
7339501858
4081841351
-1
-1
2149225911
-1
3195825954
11625292341
5435770618
-1
3364550112
-1
5700689712
7258776214
11968742365
3633046539
-1
1670502470
6398559911
4323857995
-1
5101802729
1063462704
5938429983
-1
4741278808
3295635616
3720938486
5353868984
6717403375
3503791546
4429520657
-1
8864233818
9228427080
4772503419
9954201846
-1
6922084250
-1
6491950687
4472452379
-1
2983098036
6559028425
1994925426
5996739050
3865116528
6752722163
-1
-1
11039566011
7500822631
3319944523
-1
5190682707
-1
8891524096
4978775192
6102193668
-1
3927904044
-1
4581532901
-1
4874510838
5064542880
-1
3885558835
7411921454
10913991094
12713373436
-1
9853360199
-1
4906563542
-1
2813585735
8472138863
-1
7412367545
9958993950
6407704199
-1
-1
-1
1703676991
-1
2455240344
1970505320
8213623106
10515887983
-1
3516934325
-1
7315932886
-1
12306489381
2997866420
5621380151
2384863679
1229692735
4171496722
-1
4166351908
7040210183
-1
-1
5267773278
7132032410
2635215092
-1
-1
2286544365
-1
4512181584
11919902412
3097193968
4193786542
11048224504
9961756003
2932468507
-1
5482848547
5769801519
4027695301
5338179819
2076694406
8095912974
-1
-1
4865731007
8894904074
-1
3920388031
6780831938
-1
550313301
10581342142
-1
13605625266
7625119433
4079932294
8461857803
-1
5299002507
5733188766
3122092227
-1
4351225945
4300817154
6078367153
-1
4648591582
-1
6551567591
5854792399
658560512
-1
3340841271
-1
8942752128
2484177726
-1
8499262299
9788452327
3751698961
4598261578
11268586307
4190584162
7999013073
7544257716
5160659970
6747064565
-1
-1
6647082009
4264129646
2301151596
4261585652
13024626828
1266759324
-1
5093511452
-1
7059364657
-1
5725531565
-1
6822783891
9722428166
6625920199
-1
2256064860
7713082065
2559260656
5173619100
5603660674
8869043752
4541924922
3872948380
-1
10210479383
3883364899
7532810701
-1
4657712955
3757703514
-1
1948524885
10458412408
-1
5601261527
5056453237
11102802419
5076924717
6639889345
2577392846
4441329229
1851566440
5962451979
3421118776
3467411598
8311575140
6642908342
2548973520
7224681805
7308293128
3726336486
-1
11192581739
-1
4156311064
-1
5440164757
8892173740
4423175278
5755708120
7384391140
-1
11216390686
8945313833
1221505836
4334905054
5325388678
6271587824
5357658793
3704337703
2311206751
5015939399
3912025526
8873933468
7300421248
-1
8615202586
-1
5370169392
12818618311
4041170248
-1
6894340727
4864777646
4204291201
4748779303
6302619803
5591976753
4603956446
-1
-1
-1
-1
-1
10455419293
3295907822
6116031706
-1
-1
4977204876
2798097040
4390681326
2943734863
3722999606
4783340549
4498523236
1109376616
2496631763
9130524945
-1
1262180998
8829421575
7128301268
5423917381
7684215068
3922080789
-1
-1
4106437453
4819577122
8301036845
-1
13415754407
-1
7093299433
4600128589
8435509656
10998554829
5448603287
7573995289
7357477278
6648962825
16030887031
4265414746
3297738788
-1
12013403950
-1
4307443882
-1
5002338151
4188531374
4097885028
8433830916
3700852750
4083967725
8013244850
1568473202
-1
2634641020
7464752377
7883374762
-1
4465184821
-1
9289322201
4411974815
571843849
4642148566
10541217263
6141611134
9009453187
4600359719
6322486315
5653911580
-1
5764172555
2492781605
8230272174
-1
11236403716
-1
6895115426
-1
2270301238
4562080807
-1
3701862917
-1
-1
4397323106
-1
-1
5657415510
8483950169
1118265885
6529912488
8584509149
4466851604
7768287963
5082166833
7148009405
4316219920
3813976619
-1
2699220158
4993168335
3065102307
5145378304
6420908732
5157934292
3668265088
3825033326
10742147499
-1
-1
-1
7378432955
4835139840
9898720096
3817366652
5276799904
2183228641
8884372334
3262741230
5482550090
4465063475
-1
3332230308
4681615617
5837684254
4884927673
3248389579
-1
3841568579
2627552050
12026502832
8464428261
-1
4755589245
7023710897
4457954827
-1
4219518446
-1
2506164525
-1
11537480595
3651424072
4156761120
5084226063
5779551395
4896334449
3505475950
2666263677
3857155135
6470282380
6685488855
2503730472
14680435195
3466102157
9761276955
3087103752
-1
5961094228
6207238496
-1
14132074644
6360018880
3724702575
-1
19524947458
4228905409
6708298040
2045940925
-1
7209844510
3752068910
4400799529
9644828400
2724185966
9493909756
4803963938
-1
-1
7660146475
11511167347
4857487043
1620902617
-1
-1
6906805115
13732181755
8366171598
5489646382
11443039248
-1
1591568243
5908367240
6530742065
9076904605
6338644223
5693718783
-1
-1
5119250420
-1
3928938495
3719890551
3467557469
4064639154
8308110320
-1
33568812
5498433995
10091366097
3219069476
1178521034
-1
1769496615
5729634857
-1
-1
5940843825
-1
5314131292
3316527997
5895066107
6156521545
3725181291
9003153754
5593156644
-1
7979355850
-1
4696063195
3382566481
4965414046
-1
-1
-1
-1
6592747092
6698024471
4703904289
2441862943
-1
2898123917
-1
7259663163
12355829651
-1
-1
4679793836
12128132528
6579299797
8771881137
9433668269
2752271107
-1
1354936672
5141291226
1765595759
5046239388
3405261237
-1
3367909544
-1
3369397131
7183939592
5671200403
4314288217
-1
5153677783
-1
-1
8962308033
-1
8830715949
2850890753
11759075926
3558691162
9322747894
2234908674
-1
-1
7735925371
5765598670
6541916482
4650802284
5646118671
-1
10574682592
5580037827
13024626828
2572803296
-1
7098703120
10447459681
3701417829
3756956208
8084456621
3738108275
-1
11951293471
-1
4676971151
5828436116
2942907560
6516887178
5563094251
2327470127
7437309200
4767463289
8573640345
6894902092
8236274461
-1
9810327108
7406571605
-1
7909284542
8623269987
3378672996
7552117018
-1
-1
6422466343
-1
-1
14636488191
-1
-1
5561594055
7648678097
4268307113
4765092027
3825679551
4862003004
-1
7321215290
5348988341
-1
-1
5943490407
6123035356
2403226811
5800459959
2730297394
9212837711
5737295941
-1
12384296584
9782875490
6782070908
4066227844
6706658058
3927550537
3437741800
-1
-1
9561404614
-1
-1
9361831002
7574836825
-1
-1
6064572576
6287685607
8184251347
1781872936
10172749090
-1
3030618775
5276076671
4097134474
-1
2070675599
-1
-1
-1
-1
2390228251
5043810031
4931513544
6966755886
5007416678
-1
-1
3266540053
10434465582
-1
7694982438
10178366212
3976685100
-1
2958800570
10437682841
7284681982
-1
-1
7040670902
6676059167
4515050781
4863891896
-1
-1
2253797770
3032363660
7252267017
7688287671
1933012645
-1
6257027725
3840733697
-1
11716591638
-1
-1
-1
5636009909
9676979072
-1
-1
3531973671
-1
4468208499
5650487782
-1
6179923565
4288840114
-1
6626924392
-1
7365305740
2799767805
4758935753
6960479926
2629323475
6681536154
-1
2276652404
4041377704
-1
5876963562
-1
7648095580
8031680062
9201047188
4906825007
5882870213
7212113869
4775753738
-1
3021468367
-1
4176466435
-1
9062788628
3673883818
-1
3893543591
9478426530
3965532467
6938053022
-1
4902573118
-1
9045581871
2143295262
1774728767
5465531658
8209642422
-1
-1
5024817461
-1
4941771362
10427004174
-1
4267136555
4914311549
-1
5923318702
-1
8042930180
-1
-1
-1
5469114561
-1
8805763504
2811649894
3899125315
4573290843
4540681650
-1
3001588168
-1
4318987421
3551034088
6304642213
-1
4065808499
2734351332
7262569117
5919574865
5616844927
-1
15359396644
-1
3817438481
638523830
7352698189
-1
10365463069
3935395197
-1
-1
4791944667
3086025630
-1
3703551592
3008862897
4180336560
6449037617
10448507315
4227549596
4507167814
2821425841
-1
4580239869
10390458404
8785562881
5602725043
1414670924
3114235351
4535921494
-1
3188332319
6050969197
4648366445
-1
8684966134
-1
10900891995
-1
8683293229
9575183567
-1
8718574080
-1
9944854136
1902998662
5961691907
7038346817
6283097021
-1
6608745818
4674141177
-1
-1
-1
5389280396
-1
6523391752
1937915163
-1
-1
3781475164
8437072325
-1
4670018769
8164408740
9724384036
5010301141
3991040674
7054747716
11308431607
8930005123
10269123584
-1
2864320539
-1
2123401334
-1
4159741547
-1
9304404221
5693480090
8378807358
8068423737
-1
-1
7171026632
6264373445
3324207672
4120008275
-1
999656917
-1
-1
-1
4976310291
3570063112
5215777219
-1
6242700505
5704760901
-1
-1
6026209563
5951891328
-1
9268439176
8967604122
6546383720
4152295404
10579071836
5189866121
5992570769
3182219679
3024610576
3497229528
7783998339
-1
5618214321
15753720975
7750128217
10751351448
3945907629
4211594659
7043867806
-1
-1
-1
-1
3433215274
5873603723
-1
5617133529
3049217567
5143176446
4917943485
7864542095
6319697801
6369353397
4877157786
-1
10974244120
7030282741
-1
-1
7342769377
-1
4199980392
4400387397
4068266626
6793006072
9962211455
9139864531
-1
-1
2426471379
7148716247
2916810085
3373469334
-1
2231946053
-1
-1
-1
-1
7202621458
4163912806
7121203979
5492074681
2281808185
11754617455
4559733883
2768128775
4396654890
-1
7174268317
-1
8239228965
6281260499
-1
-1
1830724092
-1
5656677043
4147679535
6841749496
-1
8563243773
9071553454
2538569510
-1
4103649318
2085417571
-1
7542810101
10720586581
-1
-1
4649912436
4710270694
10990227042
9896463464
-1
5252753808
4776220524
6538022376
-1
6667498104
5059192085
6205049701
5611143959
9280962422
8826624705
9763394324
-1
5266746637
3289688484
3897822761
7285741898
3258456988
4932605249
-1
-1
10665991048
3825355439
6327346000
-1
1309935730
7856839645
6704812074
4259104798
9978460251
-1
2678201578
8013683580
-1
9592981423
-1
-1
7969702103
6988660528
3343037590
8391399209
6638169420
4540288303
-1
-1
-1
-1
-1
-1
-1
6833820399
3304231378
5444812614
3705553687
-1
10163737044
-1
6819897073
6853572373
10138299837
1
-1
5512534765
4008009780
6546811782
5660905850
6427325239
3071853654
5864560855
-1
-1
9320796765
4393238102
13532861194
5324737949
13166474116
2457593575
2256624304
11491423719
1540391103
-1
7164415778
-1
-1
9706992313
2577803139
-1
14229136818
5372101607
2074032427
3916032646
7684398688
-1
2543028412
-1
4515956445
3643721979
7881770409
-1
-1
-1
5735372008
-1
2036542118
-1
2958897157
12449717693
3292887800
-1
3890707691
7513572758
2747940659
8331311171
6187920268
6297933096
5294273170
7299577750
4837381597
-1
3949148328
-1
4361989682
6422723178
5976312425
3879343635
6826944855
-1
4383539096
6720978018
5775425425
4701403793
5645167242
5361425887
-1
5277801395
8554066627
3393200731
-1
-1
7362341119
-1
-1
4719592619
3820415326
3676419816
2438732484
-1
3408337621
4878066192
7242196382
-1
-1
4863138916
1666528054
-1
7450634656
3751455279
4062767942
2620863855
3551250641
4548576823
3747640535
6155669308
3698031883
-1
2268537218
-1
-1
4961054023
-1
-1
5480990376
4522210381
-1
5248456406
7607763384
1571621771
4524460588
7086571419
12223792085
2425134106
9490740164
3937452913
2890687819
8466534223
-1
10909029588
6487891223
4990842122
7614923334
5333319596
5680401365
3911956521
2696573425
3516361920
-1
5752987780
-1
-1
3720851174
5038703416
5583662420
3414859304
-1
3904290865
6165752278
5257291478
4573841811
10347343192
-1
50928
4107214914
6519010586
5661086774
11491075611
-1
-1
2120621928
-1
10599751065
-1
-1
6165396472
6150461909
8618917412
5383934817
10229734945
7134673158
8265963533
1367657589
-1
9884081623
4279823355
9841273845
6336547021
9559011748
-1
7727221806
1457415224
4966751447
-1
-1
-1
3642616661
2390159438
8287964678
5843639511
6136879544
-1
-1
-1
-1
8153997739
4100512019
4878956312
4201434043
5722420560
7210953769
14858276756
7314612959
9981240383
-1
3815087255
5474870079
2900007865
6629909839
-1
9572801513
6851993195
7987817068
3063929025
3654394282
2644815279
9495277754
8827232003
3517750691
-1
-1
4709555576
5126877118
3256339112
4864212498
3643258588
-1
9423949292
-1
8580835338
4774440733
2101532705
5552587213
6362609305
6474177060
-1
8946190497
8080077069
3334947418
4867331913
14322907922
-1
3501925616
-1
4145319069
-1
1175533047
-1
4793340422
5420890021
3954066054
4521967704
6853636727
-1
4325818266
4683055854
-1
6616133426
5150806464
-1
3030859140
-1
-1
6927117639
-1
7584391515
-1
7524614363
6005136709
5681680530
5582058619
2130620814
4067455278
10178314977
6082467193
8353451515
14418126238
-1
11057607736
-1
3677058900
3224290966
4280692215
3189861202
-1
4776097865
3097351297
3222451691
-1
2760873299
6364196109
-1
10146141796
-1
-1
8220237806
-1
5389725802
7182356147
4777671500
4711717336
7726338248
3192636170
3576772158
3985625186
11452706898
-1
11210116742
5229481685
9726035133
7847364034
-1
7305206604
7803745176
6341953910
5671407733
-1
2635119849
2758199807
-1
7852468299
7306564154
7067163757
4485238564
-1
3089989753
10298594178
8093419123
7010381328
8829820346
-1
3166341646
12527497126
7254243993
-1
6408777241
2612831033
6307497047
5578074033
5007943611
4283750222
6900621829
4307360660
2528381918
-1
-1
-1
-1
-1
5898131844
3627395461
-1
6727425460
-1
8010428465
-1
-1
-1
5691676725
3447017649
12694748747
1205848132
7029973923
3284810696
-1
4365312905
7308065562
-1
-1
4156101272
-1
-1
8092226847
5953230418
4854471763
5050844341
6508102931
-1
-1
-1
5418604047
6977391721
1487455739
9002974708
7521928362
5169765183
4431381129
-1
2960045079
10317243486
-1
-1
9203516055
6884730835
3192793734
-1
5953430957
4206100443
-1
-1
1781732577
12708979152
5221648573
7875379680
7621213143
-1
3691623198
2828509509
-1
6643887384
8332850070
-1
8012215141
-1
-1
5258603400
4003481593
8958476416
-1
4290936901
3624186497
2684544361
1931166917
5224975424
4845748524
5628994658
7065887974
5238102404
1794090636
6970316855
2551784092
-1
2819097979
-1
-1
-1
-1
-1
9389202972
-1
5252072059
5420335559
2426611125
-1
-1
2411915239
9308515348
3646479270
1595727799
-1
4282963452
13527063190
6620415590
4620794044
6405734898
4863463713
4964279343
3375444874
6599655840
7022136592
-1
11411610686
4909078828
4198840550
7055637174
-1
3647846857
3759612688
11671818089
-1
-1
2994381752
-1
6180962637
8583858527
7678528928
871068
-1
-1
-1
6680702405
5481231165
4175854690
6835316165
-1
11986348938
-1
-1
-1
-1
-1
-1
6452312607
-1
2634633169
-1
6637010595
7499071212
8931310273
4414512810
-1
-1
7366536727
2531261668
5356646280
-1
8252061560
2903204742
3861423680
3419324796
5365211392
5433884879
10323851839
5615219740
4076512446
4639196776
9536555962
8029900725
1943448596
5358349668
5604268041
7346489321
-1
3102147166
3750637144
-1
11302734485
3530448504
5578775032
-1
7694383878
-1
-1
-1
3098592286
5643167341
8492823866
3603587504
2734659853
-1
13502071091
10107512482
3915889802
5138010533
4742533562
2740250219
13285205841
11317932073
6862167691
10035332262
5023717980
8301115169
-1
1477916667
3770807051
-1
1072748373
12605279159
9766698184
13341174913
6744037061
-1
2635132786
5115449953
7388808495
-1
5643769364
6985762373
9206941187
4640785926
5272531943
2301071605
3149750906
4376515894
5440392526
12111368855
4912336368
7426162877
3049981889
6112012704
4148328798
-1
10426376047
6567243469
-1
11331468057
1064251518
4627761580
9160788931
9076870577
-1
-1
3683159933
-1
4980686955
4691648889
-1
-1
4464405463
5620663611
3566185834
-1
9310688964
3389029927
5780089368
4153321623
6451858978
-1
6279326390
-1
1651533813
4213023382
-1
8394352044
5332548493
4043213342
3783760629
7007104741
4629028494
3059975204
-1
5465368563
7238136827
10020523134
-1
-1
-1
-1
6037977325
3030776903
2328771369
-1
5146057341
-1
-1
2605622532
-1
5220111359
5937250496
4965827369
7232422573
-1
7518034193
-1
9327614718
3035627208
7723307968
4683222849
7380707693
7204552529
6495551963
6543444854
1560158451
3709783838
6217415409
2197406676
-1
5567059212
-1
5577719869
-1
8839773766
9306810964
3332632611
-1
-1
3480353291
-1
2782899283
9908743952
7974255172
4143771047
6410569995
-1
-1
5022775382
11128276312
9658779795
-1
4832794752
-1
7802482177
2502565616
6484454833
3934836541
6804614574
5879246512
9715289759
3491907810
6246891082
9499839031
6769831024
4169947314
-1
7625328452
3388146575
3991098313
2556299085
2561686729
4395614603
3599900550
-1
14417840208
-1
1302054386
4853050079
6708783346
-1
4991293656
4623794726
-1
4469644227
8391855762
5109460725
7033584557
12484530926
2867120604
5245022864
8037449985
-1
1302872153
12698246001
-1
9358696373
-1
7843242092
4786950094
3344596702
8994527210
-1
-1
7197724165
-1
3572156260
6777817402
747475412
7001934618
7741330487
8214805454
4787746885
-1
7589119585
4525056627
-1
4722214216
3043535181
3850875199
5420173754
3696578590
-1
3
-1
6518999103
3156662035
4887559265
3613108062
4568157084
4444337318
9068401274
2952495264
783462469
7560876883
-1
-1
8882989252
-1
5011695649
5487165720
2110694329
-1
6933854108
-1
5955361119
15177465206
-1
-1
-1
5674697001
7776386977
1055371534
4719930877
2508183653
-1
-1
3922079962
3984440244
5229919174
3234380579
105083
9349731414
6820565295
6361271359
4162481170
4874615375
5786331282
6071284456
-1
-1
6221574993
6773433953
-1
5458473243
1020975057
5476122061
5367548128
5411690738
6824134156
4757361534
3466524038
-1
3079084976
-1
-1
7634248813
5833755630
4399343382
-1
-1
-1
3024760937
-1
-1
7409525821
6035832595
-1
7551296680
2843496519
3853725201
-1
8203638639
2820888709
-1
4517775189
16658628668
8808286676
8713149069
12666874827
4367980214
-1
-1
6487992402
-1
11453558902
3896110590
4631790705
-1
4092591390
1303764751
4747076514
-1
3238735156
4218033254
-1
6144100627
6528512399
3327126047
5876497728
-1
-1
5933103490
7147889334
8476899212
1958811899
-1
-1
8519844161
-1
4179769808
6159029472
-1
-1
7899866720
5138182149
1726671669
6978340372
7421474031
6336090872
2325539889
-1
-1
-1
5400318433
8116970373
-1
-1
11330486747
-1
-1
7618811825
3285953001
5613960505
-1
7014454672
10763995842
3687828327
4388755938
8005934869
-1
4585222801
3150238856
6375489453
4198225235
7636401247
-1
7082977478
2874985839
5987179274
3697444171
3288051322
7246739318
6851831474
4336867316
5188290617
4472940937
1305646748
6939476199
4097703406
5131500219
9791823962
2279916588
4103552031
5652991705
11618017687
5912296228
7487985409
-1
4506931501
3906238123
-1
-1
-1
4764436501
5587595786
-1
12134315237
5677897682
10132952917
5684521755
5607115080
5300241938
5379109842
-1
1939831286
10554295654
1992457092
-1
7634345734
-1
4462158154
-1
7123279430
7106637428
-1
3499499264
2402918713
-1
2532341163
3052631094
6487263739
-1
4703074834
8678717366
-1
-1
4964017073
7306587126
-1
-1
10019934356
-1
-1
1351706701
3712243109
-1
3539501769
-1
9975744250
4036365028
19102222
-1
-1
4623712344
227651954
3316352563
-1
4026407920
8582619147
6756309166
-1
6217188468
-1
2697727986
-1
4218880547
10674460448
6124683767
4321403294
-1
2897662772
12873419250
7676258710
4651819994
6492773843
-1
7470978232
7946829595
9163416395
8738163797
5266206957
-1
9629214005
-1
3340551222
2695079649
6806844195
3909016359
6737249207
3356932067
-1
-1
7068396164
3690189537
-1
-1
4244630517
8104825559
6025993932
5529348888
7634248813
9675569038
3766560062
4976693886
10291400509
6323478020
-1
4762505697
3095976323
-1
-1
6387661103
10407192813
6331155115
-1
8208500743
8286363381
-1
-1
3325875944
-1
12228157420
-1
-1
-1
3491326327
5802082325
7799332235
-1
4015829458
-1
4338436533
3262947236
3318684892
12992526839
-1
3257246034
13515768109
-1
12219763225
9825161134
8262417473
6515132450
5197038768
6238434055
-1
5251430775
-1
5252924614
-1
9001545919
-1
14088683870
-1
2624641175
-1
-1
2327598633
2933466744
3978637298
2299575597
11041653081
5787827164
3025337165
7162678664
6069171730
-1
-1
6862637077
7742616169
12185935204
9882742981
2363524612
3652968049
6135709789
-1
3634001250
3200457932
4804551653
5923988915
-1
10232031907
7511998992
3268586550
4272173782
1212649029
5538924716
6371945350
-1
5309186082
6859968200
9617493757
3306935727
5384941059
5814443705
-1
-1
-1
9693736852
-1
5473684014
-1
-1
-1
8922327415
12641704173
7432573174
4052104815
2284741995
-1
6079258987
7551994555
12909535092
-1
2524926245
2449903962
7505106885
3810405096
-1
-1
3709411534
5281643845
7476085121
8446754960
6310784393
-1
8514261318
-1
-1
-1
5566342400
3276155974
1623313251
-1
-1
9505953613
2529732738
4598444604
9091220879
-1
-1
2968192001
3940155516
-1
4945740484
4380330036
3286542151
-1
108601
5222697832
-1
4226690095
5826358601
6862461637
-1
5768353407
-1
-1
5875095940
-1
4505249251
7166708416
7759409268
10308399124
-1
5266975355
6839036055
-1
10232486344
4316714148
-1
2643269434
-1
8041892709
7876747341
13399506345
9812970532
3229782695
10610931373
6820102305
-1
2203750515
3023167606
-1
6994678218
2548972386
6256401396
-1
3993340521
6134413578
-1
-1
9033895410
9886863218
5161678030
3890220339
2717069264
4883006601
1213233897
6759936551
-1
9891494930
-1
-1
3518738357
1274913444
6577328318
-1
6411221060
11045756719
3000189978
3892071992
8593191634
-1
-1
-1
5902629795
1807435683
10696282940
-1
3929486408
-1
4672522838
-1
9944122015
3183267741
-1
2293014504
5499128340
5929742044
7638552460
4305673825
4198726936
6528811154
5621380151
-1
3728108769
3528691677
-1
3768040835
5603357094
-1
4423941776
12691660239
11934684350
-1
-1
10879950732
2345175108
7559763629
-1
10777981300
5832691128
4752528784
3780036776
-1
5371519805
3934492390
3211182642
2045190657
5598321517
16735941396
986555283
2383965356
11691544160
6258609980
3237746691
5284255170
3722966042
6682409631
2346757071
11359254419
2382623833
8327308418
5903951554
4280993498
6497191678
6140318884
359272186
4698348640
6378212858
6818907708
7105397277
4885947161
-1
2571444693
-1
-1
7018794591
8355760712
-1
4374483777
4903220673
4778721642
2254686097
7885095001
-1
8684531512
322803210
-1
-1
4996987284
3409980479
1942348070
6382177316
6211137386
9482036047
-1
1651222709
-1
8276411896
3196313196
4483960413
12648410762
5224376648
11475389986
4735442187
4907598872
5499909804
9112346697
-1
-1
-1
-1
5579279066
-1
4948728722
4932310524
2843624810
-1
2282502414
5268841015
-1
5112813849
5908524830
2729629039
3587487672
12358996017
2746526104
1452668392
9210571937
5685696319
5684637103
4515230782
4594309187
-1
7706869884
6792692342
5331989863
-1
-1
1773581075
7091720163
8894824590
-1
5154095148
5413578045
-1
2281147090
4047867908
4256859549
4726440859
9918347902
-1
4116406804
8989951401
6806566802
332289793
9262188905
-1
5183544305
7470638171
1414774917
4981633563
3727233612
7488339249
-1
8055918533
4898843291
5439519117
13941924518
8416495834
1957563306
7959001911
3666919554
4304808117
-1
7012542391
-1
3654290747
3537645683
6179763626
6275777407
5770691297
5905368854
4360659897
1351717983
12595110072
6460920573
6988193504
-1
5730889348
6545629788
-1
3403487634
-1
-1
8977713614
4982031508
10443107351
-1
8779384242
3153962276
9122475260
4126523104
7384795227
4324178712
3817285017
4299555664
11141344679
12083290589
4233827673
5448145044
-1
2500885438
5823839095
5035846313
8387830274
5058345044
9070342377
5210954581
8033126925
-1
8949468966
4157174921
2887333196
1855766147
6233976884
-1
5978912972
1391126183
8501687842
4837319299
-1
-1
10565587446
9855648008
4983001779
5658416221
-1
-1
3859065304
-1
4703983318
3043696885
5661703454
-1
7933106497
7661041788
7400282652
-1
5226650092
-1
4455610367
8205881
3816124421
-1
4815811088
-1
2268901634
2473193863
6555732359
6958136727
7664461893
7162146331
2381688271
13039158321
-1
5139360343
3377533586
6194877004
3003820679
-1
-1
3287633791
-1
2510497160
-1
10156803061
5408276761
-1
3182595532
5160935261
-1
3227620839
6911059977
5217672175
-1
6603502610
8206056530
2967559464
-1
3621393526
-1
5326174726
6657057292
3230202458
-1
4475095395
4442135261
-1
13186889354
3478069922
3640575308
12977597217
4422543256
6870651307
13945972374
3897209132
10643458951
6421554631
4740883141
5740362899
8811563226
5226740002
1380418189
4258548159
-1
7751873242
8627660314
8263794969
2935693652
9407372679
-1
8415607030
-1
7413096611
3184263466
5178457773
-1
7128390204
-1
3297613177
9496929314
11555363243
-1
4296089162
7180168907
7571687289
3772502678
11142518352
-1
1865785439
-1
-1
5220925949
-1
7832721704
6124399837
7269573522
9375835333
-1
-1
11951669565
4655354498
5133856594
-1
378388515
9334379947
6244053356
3287996384
6086579587
-1
7838674395
1887286915
1137390950
9068011360
-1
-1
-1
-1
5524657056
6999574305
10610209131
6784289181
3390648717
6073304521
7652793387
5495483408
-1
-1
4089471682
4444823787
-1
5303213053
6071488147
7664480021
-1
4986045867
9886738106
9318222966
-1
-1
2809851000
-1
2525167072
8590082704
4281336811
11380191640
2596286768
-1
-1
13202353043
4510884366
-1
8461322250
-1
-1
9331979594
10769567748
-1
10432988286
3982549684
6491094068
-1
8096189348
-1
6197597246
2440141749
-1
5416949937
5821718351
-1
7890926887
12177247390
-1
6680048159
-1
-1
8969732091
3191965328
2647950040
-1
2392028470
-1
3886843996
1985229588
-1
2798096920
-1
3293691558
5242626740
5935083294
2749578863
2695025157
4398080710
-1
-1
3056879513
9719257117
4077882753
66449709
8243546652
8022071468
5653839880
8843689081
4873199299
6629204129
-1
-1
-1
-1
3913121939
7541502936
6342375790
-1
8954280115
2887333196
4991554985
7866155655
6198484786
5958971632
-1
2743052505
-1
2955751812
2210245174
6557190081
2560191084
4221615401
-1
-1
-1
6398798473
-1
7180267219
-1
-1
3301092871
8405582059
7222831194
-1
3594405392
-1
2069675632
-1
2412008912
3188752959
2521995798
4391803733
6065226614
-1
3828123739
8159539981
9635717931
3114689942
3340784644
3556368381
7426775218
-1
4445726151
7609425416
-1
3552192852
4610542397
4560660147
2190048357
4922925646
2249027052
5809286977
6032186018
-1
-1
7074677007
10318405486
4503003514
5206683218
12805857057
-1
-1
6701033857
4720464049
5738835715
2600094464
-1
414405850
10608240951
8859849258
5766670881
7976417305
-1
-1
3125653813
4593879142
-1
6208160896
5054727770
-1
4617221558
-1
8285179400
4945514758
7139390876
6617525101
2940550675
3730677571
6688479329
3367463619
-1
8148215976
-1
-1
154389071
7334609667
3893876615
8372868327
4242556470
3374367794
6359535468
2271706905
5440185492
-1
10890366967
3579985323
12801124085
8014651744
3109224255
10599630718
7223306086
-1
3466338135
7226056081
3626455623
8344596677
-1
12154642376
13467729984
3378388793
4530743041
-1
-1
15343940568
16118884930
4772538933
8918155502
2622955869
4562022229
-1
-1
6740249702
-1
5328324793
-1
7229783194
-1
4187492366
4718090290
7701473186
4641037195
7687935403
4908342349
3677955330
-1
12075642211
-1
-1
6860011918
744922
-1
2936889279
4935782841
3695477892
2862741782
3175737379
6038818910
6940730420
5476466281
5627691384
6256133172
6999042116
10493038167
5564881687
6061956571
8541952162
-1
9325673386
6797438963
-1
7998541362
4055241310
6429805929
-1
-1
10758639568
-1
6471835810
-1
6101642915
-1
-1
6649341994
6286890855
7578402720
10706846242
10186740581
4733555368
4694175110
3490401082
6774404882
4837319299
3872531949
2118958575
4201975647
3682814974
7746815710
3039798777
-1
-1
8442853543
10126778177
-1
5212641328
8776252850
4952093603
-1
7344853144
4609951305
8330144386
-1
2295730838
7925013648
2471102228
4167695824
9540335761
-1
7323948189
5024691304
4512991266
8211837593
5359780640
-1
-1
2686556376
2861962467
7712974733
5936632366
4372810954
3443022229
-1
4750233198
-1
3799660663
-1
-1
5151144888
-1
4267533690
5325920490
-1
4760250830
8702098607
4923123039
-1
5082743134
-1
8130418769
15411929593
5158128268
-1
3589535286
8337111766
4893477665
4615324750
-1
8069942421
4993996093
4900531754
7736981047
6600783679
7778690327
4212450529
3850884773
6845664147
10869806317
-1
4902593490
-1
-1
6868057908
15617461880
-1
-1
2801113879
9437322378
7347715315
-1
-1
-1
4278093914
-1
6359513762
12111543801
8988274392
6086608074
7074773543
3784682288
7092184990
-1
5410095476
9943002312
8249127505
-1
6021464890
3270684226
2651768507
-1
5721367127
3430471151
2356254880
-1
-1
7414721638
9604609091
10655640828
8397062278
10464470352
6752531187
7425659475
10213518184
-1
8442471225
-1
-1
7505333085
4427436302
1222373507
8568645502
5933175834
7580834195
-1
-1
9457821492
-1
8066404166
5271200873
5419059986
5240566548
2915605616
7959126485
6042285327
-1
7119857266
6482013361
2200193508
6047549213
-1
8523704487
4846579315
-1
4325833459
5179042367
8436738758
5257669796
10295520824
4080538974
2913306232
8805349960
8139662399
9560019352
7877582285
2961567891
5299661388
6064947559
-1
6162703387
5745537181
3830576053
982782125
3796131208
-1
11322612381
-1
7615273484
8377229441
5321436209
1702977251
-1
11256513394
3478456050
3787884815
7013801427
3535122648
9586762571
-1
3188029124
8929456678
-1
-1
2641349859
8684168057
-1
-1
4480454289
5922569245
6303615667
-1
6090535751
8326109959
-1
6233632724
10857514611
2163877430
6728236906
7164071025
-1
6808999061
6691040565
11986519837
-1
4311105050
-1
6067818947
3113776228
-1
-1
10062090953
3389504070
6647201057
6771546726
13374526830
3377961886
-1
5529134362
4613530265
3470983727
5128188676
5424120088
5891783991
3213881130
6094848252
-1
6856524641
-1
7984129664
5881400765
3820539574
-1
9356112980
6031952490
8801653076
11488083817
7357554895
-1
3554315537
-1
6229624330
-1
4434242911
5341918391
-1
3582224376
6187157700
7869588253
2609400736
-1
-1
1352396693
3242512046
6634290486
5754475828
4105285164
8674345787
1110183169
-1
5981813859
-1
3426114221
5279031990
-1
-1
7717752938
4696937085
3306600215
9738908668
6917612447
2528020735
4415764974
-1
-1
-1
1222738407
6058954292
5235504570
8825875833
5831068853
2960009872
-1
7607613036
4742726633
-1
10184359306
3514662545
4960274492
4926511640
-1
5974810746
8778412966
-1
5205497247
-1
4339729461
-1
3203365238
-1
9685615477
-1
6062767566
-1
-1
-1
2940373060
-1
6796427889
4874777820
3065113446
-1
-1
-1
2775779868
8321601324
3959235061
10591532100
6329796131
-1
5425328813
6512599773
13254115061
7828210616
6849616108
4363438055
2916614446
3867730563
-1
5468932019
-1
-1
7941503565
10170113868
4419837513
5381834158
4805146189
3969932847
7529354006
4365371909
8300997297
5966446622
6692416802
5839745855
7037027331
-1
5329083924
5142581237
-1
4480676680
-1
6841388900
-1
3671830923
4878385649
3311199695
7457025586
3709866378
5928874849
5700155244
8337122137
1419416608
5881583245
12660269130
5254929725
7415989913
6768008875
9345695456
3231541755
-1
-1
8250113970
5649844081
6734617940
9870472726
4254829432
6439899365
10341516840
4250014757
-1
4778317475
1687532777
1818906998
10678464657
6609017286
6108206597
5635931557
5841725681
1311025503
10450170176
2652661015
6338394824
6420613845
-1
-1
8688318812
-1
7008705217
-1
3700189982
-1
8221898156
-1
2846812150
9159119065
-1
4121820088
5718751819
3712365085
-1
2966386927
9644853609
7516845159
7329749875
-1
-1
4552444486
1671066556
10563236126
5055828777
4802418459
3498525824
9691079277
9493833796
5171091503
-1
16014312357
4392370829
8925200368
-1
9662195906
4802358253
1907223598
-1
-1
7622758971
4020727436
5108694201
3497307044
6418089604
8303214053
-1
-1
11825879731
5526630290
3878176099
7874079645
13824197473
7332995344
6123558324
5880760499
12297692596
-1
-1
4664985626
6796534520
7895312805
4467843089
7932693340
10655671046
4521988038
3910947163
4524966551
4671269257
-1
4498859764
5036489713
5142821368
-1
5407369792
10703513411
-1
2788062286
1916756516
4690039376
13376516199
-1
-1
2610076230
-1
6906418566
5911558658
-1
-1
8920858315
7112767643
-1
2161743297
10409881043
7544123061
3607082914
2930996071
5457604877
3069104619
1500341593
4216759028
-1
4500591614
-1
6702735824
7202292505
3274113673
-1
6482068116
8213103712
9046131345
-1
-1
5397266881
-1
-1
1137649498
6054126067
-1
1891535538
14503719252
4847696475
7657534764
7582488042
5810965647
5748204399
2574594919
2789795714
9417910824
8204767522
7165395886
3457714364
-1
2805677732
-1
-1
-1
1381239447
-1
3481317666
-1
5836582797
5710236226
-1
8394178558
10483925940
3664268880
2653167300
1647952191
9807392301
5788892419
12269252260
-1
12243736775
10728536760
9776077367
-1
7721642018
8366969075
-1
-1
10945543229
-1
-1
4557425862
4172877014
-1
-1
-1
4761588076
-1
-1
-1
2446372844
7132758104
3939821093
-1
7107457922
-1
6714069328
5272439307
11443592832
-1
3198223643
6112750441
6602490293
1566568642
1004379972
12272710695
2131880379
-1
5213524610
4488881850
2399220552
6785770683
3183959492
5796205991
-1
7694268388
-1
8771254914
4802951746
-1
1446558070
3310875987
-1
11477814151
3256571535
6517821265
5273452122
5522985171
6906862836
-1
-1
-1
4144600029
12177068063
5855487362
2257801446
1313709011
11767034024
4323052139
8270177164
-1
9666509941
8636996502
-1
741881447
3495569323
6224131325
5306368026
-1
11738893818
6265046411
-1
3406347252
4658615279
4414384708
-1
4224739833
3897031311
4765063153
3308086822
-1
8438340680
913160473
3018906538
5862466514
11325285466
2503933683
13330159883
-1
6174441912
8124673808
10099087795
10032094461
3994958982
9653409583
8028156441
2754485818
5901494739
-1
-1
-1
12649652143
8808215690
4345328329
-1
4914209877
8486008286
4960076993
6036350772
1938499680
-1
7087056602
-1
-1
2776260309
6907948185
7011765556
-1
10305933023
-1
-1
8439015908
-1
4273205723
4582918449
5706276089
4765869099
9244285901
2592993434
-1
12802836693
8853159688
5331962548
10358233842
3010576067
6737294147
-1
-1
3672925583
3747445181
1349133382
6004254017
-1
3375936882
4929019811
2081307301
5236086712
8006231076
5032899678
5581940256
5272351706
5451526623
6133940314
-1
14360538940
9480475159
7697548903
-1
-1
8833215402
4662053156
6613831637
-1
7188940623
11409685453
9414615258
3895824542
11764789165
4924275548
5584192127
8708636870
3466190876
3301746061
7862914695
12475255169
8046177727
6569577084
-1
188304795
4840740244
51916
648577659
8861589276
-1
5699047112
10944031231
-1
6493916870
4725262084
2560173634
10339745556
10512417795
4171423017
8356624920
-1
3395725736
2611271141
2796558091
-1
17608746460
2811548441
3454342354
7319104962
4247968821
2718290010
-1
5140143101
-1
8310884760
-1
3623348551
2081129537
-1
-1
6014355812
7499850790
1571616978
7841366097
4356044252
8700721844
-1
-1
-1
8757503650
8117122939
9691194212
3415823680
8783844878
-1
4005398321
3290606333
4111174566
-1
10447104752
4187792448
7627857808
4767475575
7522751380
10638823147
-1
-1
-1
-1
6836809291
5726904696
7329324799
5447158735
4227264030
7920918709
3915714795
3631696802
8520331920
4876173852
5802835033
-1
-1
-1
4288846621
-1
-1
-1
-1
2910831580
9312215148
3909361815
6333771469
7209680944
5072425033
-1
-1
2446136991
6740369947
-1
-1
6246655079
5113810694
-1
-1
10817207986
5383620332
7527547114
8933971404
-1
9410160249
-1
2118875068
4668478672
5188864908
-1
3851086602
4617016706
-1
6566002440
7319104937
7419460418
-1
-1
2143295262
3702607885
4579710244
10303550392
4084475302
-1
8538962197
3112569553
3726736109
-1
10096012365
4119582911
13157550627
-1
9152771306
7084525179
-1
6993785567
-1
-1
5776506181
3318136973
3410529805
6728204289
-1
8721198708
-1
6208047270
-1
10314360041
11478033880
-1
-1
5338195090
-1
11741176650
-1
2957192016
-1
7778830247
14022929623
-1
-1
-1
2286614120
6469701307
7792454873
9887860079
2994515285
7555353541
5904258480
3624759488
3746405817
-1
7286513357
2661560576
4891612255
-1
6542870634
5777855081
-1
-1
11549693920
3777588301
2437544872
-1
5085805082
-1
1277932094
-1
5392828622
-1
-1
3691892922
4336848955
6901639397
11284883300
-1
8904318636
3848926982
3265929524
6635898016
3054770211
5933594055
4946326541
4922394237
5334328576
4787821891
-1
1728892103
6918666340
5788030144
5944958801
5420043740
-1
-1
8280787797
-1
3352237938
9604512605
8926269175
-1
-1
-1
3850144311
2559455145
11935993492
-1
-1
-1
4881217624
2215156009
-1
5942012341
5079058971
8548276791
4804620723
9675924256
8852907191
2567931572
4355195078
-1
6441772316
-1
-1
8614731931
-1
-1
1740006763
-1
3216642190
-1
9875474419
4348504206
4475429223
10232371511
-1
7527042383
5493301687
4363006820
7119306919
-1
6645288694
9693614681
3601651566
7925535739
5695787227
9767673843
5057463872
-1
11818961689
-1
11500161099
3208768106
6152755241
2209445855
5770083099
1713738397
-1
-1
5820133086
3164550941
12418027689
4106783632
4815793895
-1
4741822544
-1
6443202394
6119218617
2112982791
5149464512
4968323662
-1
3069864446
3021033690
10621342693
2845877761
5517120487
4608305097
120
4027572730
4773532142
3574205117
-1
-1
4481184250
-1
9106395576
-1
4688313887
-1
9348885281
966135933
-1
5790390634
-1
-1
2363100752
-1
3784299964
6499876447
6198511757
2678135288
6918520199
-1
8292754786
13818334369
-1
3410882981
7277972764
5594742856
-1
-1
-1
1391058166
13807194629
-1
2501128770
9417864883
-1
-1
4162414877
-1
5953536255
6468839323
2085914068
6596395126
-1
3212592416
7696024854
-1
-1
6363411085
3503375232
7955267569
9161270289
8671984580
-1
5943472792
9805039655
6273024909
10292014722
6590051087
5234856575
4782246247
7227963246
5576329080
-1
5257685529
-1
1638251550
9882013622
9074684370
8946439571
-1
5459437278
2755896120
5486509026
-1
-1
8128003171
7232121243
9598952374
5756772756
8709435455
2851701139
3691695834
-1
6955780569
3619767851
6866543677
5609802282
6411869441
3644247936
7636589924
5550057847
5203589178
5553429981
10660719341
6432420202
2876204170
6733996607
-1
8576843832
10326464428
11283243
3552192854
12456347044
-1
3852836509
14221868775
1285414862
5768984553
8880862882
-1
-1
4968554895
-1
7548788585
3999900860
6584924552
6981611142
-1
4367728052
3177761540
-1
3652846106
1984131164
10012858213
2197976144
3355755016
-1
1750125602
4973088471
5096414239
-1
10047210787
6175896114
5671912733
2485837155
4911370875
-1
4479259900
8782732910
5487412233
8553423944
4473763715
-1
5884713670
-1
6375635652
10917660205
4678301960
11475291952
4625824590
-1
2994696097
6367955031
3581124660
4108924971
5812400129
7491642236
6084265161
5471442023
10245582858
6368766028
6372220801
6878078725
5516787369
4126806581
3333636781
9995731708
-1
-1
-1
8958741303
-1
3823564065
3209696492
3886317604
-1
8732337372
1605554285
4306655625
2512829731
11935211518
10085720168
13119998686
-1
8820442315
7195021231
5588339668
4964305882
1911552232
2962264524
5980349433
6663300261
8368812586
2774634791
-1
6340088494
1558459329
-1
-1
4207667146
7038328812
2435810501
1932319877
2905264055
4244291988
1174403746
-1
4135585740
6297928330
-1
-1
7256588825
-1
6667578220
-1
12919155924
-1
-1
-1
2892696287
2528739645
6282354673
5942412917
5400066244
-1
-1
-1
11739963960
-1
2244009265
6561366239
-1
3791798155
-1
6557215309
6487426443
4081529704
5845992857
5157957366
11710367602
1532576058
3760416368
-1
-1
6772895630
-1
8740410545
5033100897
4796222869
5597844297
7748337249
3570019168
6574536104
3136766837
-1
-1
-1
6575355894
4682138252
3260261681
13865145964
-1
-1
3319944523
8709227071
5912148967
6546606263
88495007
7765984500
6206256376
2176800611
6110306196
3943312852
9948784604
9643748378
-1
3394475779
9794178661
9111505212
6923178047
6341831638
-1
2018182762
-1
6366542780
-1
8010601813
4752145735
7876176032
8731562380
4155984200
-1
2006548505
-1
3305254239
7738782467
3095243869
1137098047
-1
-1
-1
7350597879
5193401907
4259943997
6047535377
3710591186
5481835410
12763094325
4533747005
6377338934
3643697952
-1
2697259953
6299589345
8501705304
7070507102
8286157058
-1
2940832608
7621449005
-1
3311015667
-1
5272954926
-1
9318778662
-1
-1
-1
5817447892
-1
-1
10497645924
6716856831
5179037368
7750263062
6468092069
5052331085
6523771531
3737576232
8240099339
4307025243
4366032916
2742243155
4916790012
4925002633
-1
-1
5505293491
4349316704
5552659044
3827694652
1956564768
9217453320
6339451833
-1
913157983
6707910909
9246426961
10693384017
7019055494
-1
-1
2167357257
-1
9692491807
-1
7546506882
2764214386
10234353582
-1
-1
5004602419
-1
6451541428
9592596646
2371003189
4054427172
733918920
2718746670
3563623064
4649550465
6804022797
514481116
6352051254
-1
7094119151
-1
6609768331
-1
5418271666
13000264438
4097937178
9946943447
2476781530
-1
-1
5908877182
-1
9791844842
-1
3436044043
7383792260
7951969536
-1
5621159089
6316604426
-1
12553395686
4982718784
-1
6115149634
10316252229
6397519213
7962130610
6506557286
9082978942
9305579272
5337666163
10222583130
5764543789
7334733059
-1
6673112076
3490515260
4736685859
7404296889
-1
5539333442
3312893977
3467991328
-1
8954348461
2147930970
5156404926
-1
2716300106
3748981905
4216557664
8382529038
6708198282
2792074219
8815981450
7972260805
-1
10608902038
8393661047
9514249712
-1
6287014463
12001857453
-1
-1
2773597628
-1
4094046296
-1
3698331789
4418557204
6576664304
10358726976
8010389955
-1
-1
5468240550
-1
1203317975
-1
10741087436
4502950114
-1
517753061
5856530552
-1
2119326247
-1
-1
11584862095
4385761277
5730313366
-1
6829099491
-1
-1
3532378946
5595096836
-1
-1
-1
7214713574
-1
4550995399
12594785591
4628845965
-1
-1
6616617100
1560973642
7235230357
8837990454
1555437332
12316283176
4874248782
8158110857
3436147801
7552324270
-1
5237672253
4391438026
3892169603
-1
-1
-1
-1
-1
-1
-1
-1
2607065195
3130277737
6016819993
8540652011
-1
3720871291
2192873629
3506057115
-1
7511655856
7335574537
5557851819
7568006896
7557603860
6909943575
-1
5618169922
3398956504
-1
6257055986
-1
-1
-1
7571564314
8080502105
8892339715
-1
6416427225
10335046818
4248080158
6351042166
8571267004
-1
-1
-1
5596515965
10494212285
6857993768
4710114727
2929236763
-1
-1
5186627589
10547300450
-1
-1
-1
4354503756
6404320116
-1
11254776945
-1
6752257651
5587077087
-1
5083993433
-1
3272422918
6573618303
5215207720
7290769159
4692322942
8064508694
12711663998
10583358679
5318743927
-1
-1
6587799692
1426814649
5774973455
3211589750
4321735599
5327839186
6203203990
-1
7625074325
9854355947
2366231507
7131811399
-1
5484592407
6910460713
5043440620
3160471697
9766942012
-1
4403051484
-1
3479006600
-1
-1
-1
4849340556
1299954596
3080826265
-1
5209168335
11812682873
3610123469
5963642440
-1
-1
798137874
5701383071
1712755997
8810183530
2618276570
4108870933
5331285104
9286649015
-1
-1
5176608164
4562927170
3003512491
5744149722
-1
-1
-1
5586091702
-1
2089465227
7628689651
-1
4618711211
10911025616
7388299793
5396990236
8762775143
-1
10120063833
-1
6559988791
-1
10108697428
7337265047
-1
5624048567
2753087945
6633374491
-1
3599491510
9244311854
9689806520
8885582574
11870530348
-1
8247681682
11488047331
-1
-1
9764305456
4414684799
3452645126
4398143304
6763896150
4429275778
3153961848
5135925951
7039603934
3416995637
-1
6168665719
5836724984
3697184777
6166994139
-1
11624552598
-1
4591487189
-1
5558615033
4966590615
4767621415
3354231102
-1
-1
5723834903
5410148331
7407071196
5488999641
-1
-1
-1
8187944363
7454935942
-1
-1
4374836852
3342632311
8266407873
5660458772
4711678901
-1
4890781729
2328740583
2649534845
7702957108
-1
7620317428
1310930694
3698570025
-1
7346504943
6506557286
-1
5917654713
2070237285
4140734345
11134331601
6444066174
6421230080
-1
8402734913
-1
-1
3892182398
4117660610
7286192110
5536587124
4506420983
2824793043
3839265197
10718133410
-1
9553646904
8203740287
8949925525
10366134648
3498471228
-1
-1
4700468927
5299429113
7457136712
4953660579
8498284677
-1
7034579222
-1
-1
3561855309
-1
6178043479
598843149
-1
11198229436
-1
6198897784
-1
852184471
-1
4139051699
-1
1457018
8632855753
12402548852
8900711659
3011643483
-1
-1
6145441374
-1
-1
-1
2591664608
12103825812
3967531208
-1
6151234798
3937305507
8112482625
8251101771
4723191665
-1
-1
-1
-1
-1
5320584894
2456338617
4365120928
5613251926
7686535637
-1
5213661045
5869153907
-1
6658797009
11487004731
5214815253
3445519957
1363684866
4425718582
-1
-1
5845124365
-1
7893840321
7116113399
9695170366
5388165156
1805690732
3480211878
-1
8868711393
-1
2696272298
6185573681
-1
6325366456
5130079352
5655453455
3040961542
-1
5583510227
7551109832
-1
6922698000
-1
-1
-1
-1
3656948143
5658316297
-1
4021276961
9879233588
6441309835
4211085928
6968623530
4495383511
-1
9432160455
4516314413
7528561250
3608163927
1982427807
-1
7859052213
5131818750
-1
7199153700
-1
2972970461
6728788685
-1
-1
-1
-1
11486644310
-1
-1
-1
7323339963
9631416581
5575145798
-1
-1
4251130517
6412235532
-1
-1
8138915641
6169665642
11477877180
-1
3298616624
5118732458
7430307552
5615630120
9560884517
2267447657
11615766128
9036451815
8330897037
-1
2177337600
9714920521
5632959333
3701696474
7360810313
-1
5790435556
8970065357
5757543741
2424485729
5929531788
3340588108
2366673331
7514429542
7851440405
-1
-1
9442325030
3398944652
5125718935
-1
5032016541
4635351533
-1
1566572054
4752335774
574372730
8450056961
6454640389
4642981574
-1
3298326049
1374153127
3960834991
5866696744
5388102613
7143388515
5676814522
4236216242
-1
4577842674
2181263065
12669423129
8296243741
8087142555
-1
4658104055
8807489461
3557740949
7309793145
4049166843
9428744478
6037567099
9475215430
-1
2791974277
6491484514
4242314866
1262542500
10250780716
7114376271
1046691993
-1
5702393216
6168562522
-1
-1
-1
10585465899
8216172939
-1
-1
6304671852
-1
-1
5121153656
6506243991
4086723305
-1
6691860298
-1
6916343126
-1
7592770796
6494076645
10977015785
-1
1357479952
4686347518
7954833525
-1
3468691863
6082152420
6765359175
-1
-1
6635307633
1322856145
3215419422
-1
6974282822
5034322596
-1
2346817564
19659003822
7747830367
5260702652
4082101535
-1
5617250982
7042391378
6181535707
7043402878
6302262022
7055692328
-1
4482063249
-1
-1
2074847395
774050465
5162151378
4911545493
-1
5068125224
4668788380
3889694950
-1
9333476612
10400731311
3663515360
9323693840
-1
5672232917
4185506627
3238275180
-1
-1
1841333949
6701926742
7940469193
-1
-1
-1
6609017385
4515590774
-1
9766212272
-1
-1
1025778119
8330457444
11348323977
-1
-1
1719200872
5482883444
4776881715
2285118980
-1
3370448587
1
12594671788
-1
-1
-1
3821012544
-1
7471757954
1677609838
-1
3712209078
9739130212
5249409910
8096645983
8863976008
10795457087
7042807939
8049571372
-1
3521060875
1230883610
1796405170
1366685971
-1
10650405220
5972143238
3241574812
9975258886
4974925094
5340379248
-1
3916491775
2621471929
-1
8781834291
-1
4364740589
-1
3790003511
2649426330
3899787513
-1
5426578786
6803985058
3530092902
-1
-1
-1
3857138413
5667177357
1329370374
12190277122
5813418780
-1
-1
6825550285
7990186498
12564345009
-1
-1
3944856028
-1
10347740712
9666229802
14412382831
-1
7973773301
-1
7712835610
6636735244
4571992705
1708882260
6467493024
5434135243
-1
7624749825
-1
6705835143
3812720553
3265590249
5359694055
-1
7624010478
1322726758
6531650838
4449082872
12338976281
-1
4522751118
6067929545
-1
5985171222
2577590455
9892662960
-1
2634820255
11488786183
-1
2035661663
4418793855
4159898247
6928136183
4901928241
-1
2956288569
5060590596
8546805538
4606395907
11264446306
5884852703
3354279141
13094121132
8706633614
7622470379
4354550031
-1
-1
6902807515
11276793264
-1
-1
-1
2459828208
7098458717
3660009768
10333400078
11887278232
-1
5312694125
-1
5856847419
4109197544
-1
14145795283
2179670619
5290830805
-1
3858577335
3503527726
3630493934
-1
5625843713
4132376344
7821698605
16109800244
-1
4125382234
2574293788
5954357778
7006214434
6137927212
-1
3818203222
5123768515
7033534907
-1
-1
-1
13093817177
5045240722
6507175715
-1
-1
2716834772
-1
5443855981
6339246519
-1
10436114454
6703570115
4589336201
-1
3159825668
8953386928
9857903546
-1
3937431207
6847403788
6237581277
-1
4496271112
-1
-1
-1
3585670680
6268298085
6378638147
-1
708264569
4183688803
-1
2516482840
2022773396
5558732891
-1
1070894663
6638131975
2394165310
-1
-1
7863933936
-1
15205377413
5827600374
-1
5136525317
4924133640
5307333548
-1
13599182092
2229233475
-1
6028807368
-1
10273422184
-1
8458170248
4914029151
-1
-1
-1
6158664908
-1
4477280534
8740193108
4286896297
7109303159
5726241175
5379180232
1119284498
-1
1119270391
4080862433
5188204627
-1
3507217141
9710716733
9188924328
2926462102
-1
5220926292
16178949004
-1
-1
-1
4284587057
3822085285
-1
-1
2214697739
-1
5323164069
-1
-1
3783744373
3581867887
-1
7798486092
-1
-1
6127047921
5272786626
-1
7885557276
8767314379
5394729123
4859784224
5528175148
1217191241
3456254696
6238643568
6985148823
8457154764
10453912910
4908776140
-1
7845721844
-1
6107322573
-1
5359061484
7268950322
4340605181
-1
-1
3624872886
4919169901
-1
-1
-1
7763390056
12593305641
-1
3601430164
3817050933
3063873302
7767214694
9671397874
2185444323
3551211081
4213785725
5864093275
2935459700
3269810385
7302754108
6854675341
-1
-1
5406906700
7644333278
6098653864
12685601572
-1
4178205788
-1
4287091987
-1
-1
5146747943
6656835158
-1
-1
-1
12209839790
4910955773
7226931612
-1
4132390683
3690357871
4015061346
4208490325
7702245618
6091657182
3555097685
3300519068
4327386632
11405766536
6637235313
13758133280
4795453882
5640652146
5354378598
-1
4120456914
8484617563
2852345610
10244617479
-1
4571588068
-1
10377254813
5831768477
10529428350
-1
4909095189
9643947848
4907458049
-1
6368744159
-1
4555389718
5561655721
12750199784
9496129331
4736223931
8584754067
-1
-1
7412621276
-1
-1
6857459431
5741666729
8967787313
3516513448
-1
-1
-1
-1
-1
2241922348
5480469917
-1
-1
4967247081
6036373765
6992794514
4863588730
-1
4058191228
-1
6064166784
4949286207
10691544435
-1
4323302931
-1
6058233990
13682563335
6019669572
10686632775
-1
4945402851
9243061597
11289090350
3736980314
-1
-1
-1
4233234853
822383341
-1
3689630668
4130928570
5492354835
2745856519
4438326955
5888868494
7440846988
-1
2869627717
5353581511
7022694452
10762096434
-1
8028822830
6239558751
6737081533
-1
4672191812
4083491645
3851816097
2982208147
7012127560
2377666280
3982840792
3033880562
8038265735
7714526460
-1
-1
4553181269
7159626903
-1
5539333098
4674775933
12568680468
8542125895
-1
3362230704
5249409291
2665793165
-1
-1
6004275722
-1
-1
2839249017
7853004740
8009746804
9919759185
1953191964
4227998884
9278703664
-1
-1
4078151532
4735186035
-1
1374312728
-1
1594945432
3262493180
-1
3427701535
1231206733
-1
-1
5220051985
3873380276
8458254006
11173709642
2912875690
2165686652
6914116578
6181973644
6414193875
2313532407
9802381709
-1
2865713538
6291540650
-1
-1
-1
12230812068
-1
7442938651
4546889651
6224883694
-1
932214721
6021668442
9736949135
-1
-1
5176802067
5073869539
-1
-1
-1
-1
5729809423
5307621118
-1
3941012182
7344404758
2699460920
4272477661
7329474932
4679408845
3099428806
-1
9274998858
-1
-1
7866310021
6334397572
8634577235
2679452814
5293441695
-1
6750154561
-1
4045310101
-1
-1
603443818
9136398551
-1
-1
-1
8615540459
6674240950
5895973971
5751315912
11940411549
-1
6527337066
7859517730
-1
3070482126
3428886615
17256287110
6019430245
-1
228131634
9019567870
3993508044
3712986881
2226925164
2601161631
3724116802
-1
7397033362
5391231889
15094522823
5316216893
9908014133
7352048196
4214072626
-1
8494721963
2241736015
4758915204
9298760728
5711824737
-1
-1
6163834064
-1
8501850899
-1
5271273644
-1
-1
14551790749
-1
-1
9699565049
-1
3757703525
-1
5755614598
-1
-1
10581555031
7130387338
4671917487
-1
6335328987
3317706012
10133139196
2806246497
4752266718
2831322450
-1
8218579053
7397521144
-1
8499386459
-1
7937585335
-1
4286561597
-1
5714375899
3195026519
3289426889
2579835053
-1
5154834033
-1
4102538936
9375972263
-1
2047330171
5062590382
7914689276
2762094719
5979587776
-1
6230433649
8048943405
-1
6473099265
4876570316
4684527018
-1
7628680417
-1
10871989621
-1
-1
4428638830
5861772718
3923133342
9594492410
5802574328
4203460915
-1
1409876326
7971146015
-1
4323039953
3692472906
6750902431
5713291582
-1
-1
8993688072
6427622387
10863433104
5248002774
6545213661
-1
5378475656
5947693320
1881387186
4118252547
9468213959
4997806664
2599832025
-1
6617235401
-1
2176981453
-1
6245414921
-1
3952638400
9469959535
-1
7959579186
7092952440
5525747312
-1
-1
4270611651
-1
4656144635
4878532622
11672739222
3574185699
9557708174
4362062701
-1
-1
246419985
-1
5489814908
-1
10519997333
9082840475
4625913219
7089780880
5290098493
-1
3492519845
1159487004
-1
1474556630
1534324211
2209761639
-1
7789707193
6531670021
-1
6296095457
-1
2756504357
-1
3118015831
4709749711
-1
-1
1148961009
6847320671
-1
2522799513
5047662938
6472021201
4923328944
-1
7834512229
3481597353
8132731189
3184269399
4318457693
6880375932
6200254628
-1
-1
1002214009
5890320172
6618202016
1585891940
-1
9084200809
-1
3389793771
5202573748
5536749123
3874878102
4888407206
-1
5190851708
-1
2984506060
6042918005
4007522958
8696371434
6290028731
9051568004
8383082787
-1
-1
-1
2181263077
-1
5102054352
-1
8808102125
5238279731
10874892187
5731394118
-1
4238436127
9239586551
-1
7989983842
-1
-1
6289675250
8318869891
-1
6023619159
9425273191
-1
5528192442
4225917321
8320656441
-1
7114642722
3574088972
4750780129
-1
3002762420
1226870061
6337703561
6357410186
3949511864
3179232899
10399644092
6065595962
6884256023
6811737648
-1
-1
6470254866
7314711941
4391041068
-1
10208880218
5062371950
2343305358
509375704
-1
8577237883
-1
7792610362
4206278659
11544166570
5429907608
-1
-1
4788276038
6696028484
5072999996
9462775722
-1
-1
2857082896
-1
3109338536
-1
-1
8903243421
9398300180
-1
-1
6950876314
-1
2536116450
-1
4593243960
6790647207
5845960682
3011414631
8064282967
3697274317
6964075869
9580719002
-1
-1
-1
5564558710
1933209510
6692426519
-1
5030531902
-1
-1
7090089494
-1
11460363185
-1
5912142751
11236700596
6738384007
2221969805
-1
8278234242
2424907733
7386116754
-1
-1
10398817882
8151094198
4628513191
-1
5070119159
3626455659
1890785694
-1
3241946514
5920269783
3953748714
1857585447
779642892
5124185790
6029463264
-1
8880818944
6855530395
6350182403
5521453450
4192572105
2823824314
-1
-1
3230078069
6918951351
1231054800
4343360566
14224618480
9967104142
-1
-1
4406687124
3803294662
-1
-1
4313824558
8731456532
5146105350
-1
6051158860
9769160710
7026400108
5141400407
1884323944
-1
10034886768
3513199964
2002561175
-1
1641789644
8200972877
6137422322
-1
-1
2786952911
2591062982
6623742578
-1
6628415345
-1
8206538370
-1
-1
4252955556
2716834597
5955817606
6617760213
-1
-1
3115120870
-1
4317994995
3713018474
-1
4558578517
5082627737
-1
-1
-1
9958057640
5238924239
8815962768
3504248133
6422768678
5258820314
-1
-1
5196788364
-1
9989564033
4883670234
3908554052
5301858264
4694598386
4834589857
-1
7650712841
1934866743
2683078533
7752879344
4305252806
6962263628
6045022314
8457394586
5989129672
3352307493
-1
6178572263
9404874776
4275569371
3382594235
-1
-1
1648644865
-1
-1
-1
3272479000
6653684921
3891496785
-1
4840161260
2213919723
-1
7813260743
2171837036
16276423786
7283312546
9198030134
11430953281
-1
8400927308
-1
1
4108059428
-1
7856027243
4462533771
16689182819
9408429377
4969177647
-1
-1
-1
4691541177
3928785183
4906563542
6471640547
4259407591
4135771617
-1
-1
2959496657
9709458570
11168679702
3636795790
5908043103
-1
-1
7645901337
-1
5449458298
-1
2696766877
7836281570
5018971998
3552105915
3806662761
4592856051
4086256590
6279831446
4661677532
5341560279
2659150580
6432230268
9294192042
-1
11234593202
-1
6629496443
-1
4880071378
7024203601
5007487148
4588815113
6333738429
8667094152
9290961513
5912190743
-1
8694083315
-1
6108996021
-1
-1
2862274322
7760704409
10785201477
6674872748
-1
3443238531
8341586351
10579461983
4233234853
4864709836
-1
2783183476
2746036943
10620624352
9678132709
5048761599
3510049662
-1
3858289048
4201977203
8429406727
7449307715
4545715156
12261623359
4746693952
1869996232
8194795755
-1
-1
10272964343
6475815753
-1
2263982017
-1
4162626689
3001755529
6381790548
-1
-1
-1
-1
4770601754
-1
3411634617
10127651916
5333429177
1832171584
-1
4374978565
8696258626
6414517633
-1
9730117209
8837105358
3997415909
6620714123
5262704064
4804425565
4246522312
5221377887
-1
4705415370
4538444020
3413268147
-1
8615798544
7736650664
-1
5395436164
6132094885
8101730064
4785658369
10324790804
3400144715
9906359645
3239941908
4687284929
7307204003
5182278038
5783962519
9360242590
-1
8385648776
10399864771
3381878942
5699302659
10193273149
9150753824
-1
7464431803
5087587852
11679516601
6097601706
8228729425
7539514895
6460226335
6374662243
-1
-1
7164250358
-1
4432851822
-1
-1
381939406
4466166175
-1
-1
9158838637
8155637933
-1
-1
12010145695
2529924962
5135238141
5385489483
8690739141
2895519425
-1
5921886612
2366629787
4381001454
-1
5453011322
5023656484
6102272189
10190897519
10639033900
-1
1737592715
-1
-1
-1
5651593315
-1
-1
-1
4298435519
5338571805
-1
2789170631
2356993414
6850639476
5369015430
8546959501
6605819005
1837750746
9863347303
9696070659
-1
11468866452
5311245295
-1
3761123569
12343079348
11197818459
-1
-1
-1
5783866546
2618977195
7510227577
-1
9056079055
9847072980
8415420179
11158526147
5082597024
3214857616
-1
-1
6529508087
4813779935
10539197577
7723959855
4600838010
7188536346
3442359004
-1
8045403311
13190302484
3774046765
-1
5165696340
-1
-1
5610539848
-1
5149635789
-1
-1
-1
10042427331
-1
5721134618
3267703341
-1
2513872037
-1
-1
-1
-1
-1
4009489856
-1
-1
-1
4498068732
4521612894
-1
4368482463
4309332894
7758291345
8187976174
5244155962
10344224537
-1
8398564087
-1
-1
2621515070
-1
4297036331
5786117133
9921758697
6713955918
-1
9422356422
3171590261
-1
2818757507
3962576980
-1
-1
4937940961
-1
8533850820
5789721607
10508180771
7210991741
3444247092
5288242929
2367424552
3816951991
2313047719
-1
5843026103
3692893296
-1
9232484438
6835843704
5242910951
12921257385
3679831018
-1
7169141479
5605961150
-1
2037509953
-1
4976844038
-1
4014184463
8059931113
5076308269
6119807269
3310497350
2923807118
7755798292
6883965249
4135930136
7119582977
8013711206
8543203624
7942192523
8108526680
-1
10383748807
3942713685
3390792173
4005810674
-1
6015776852
-1
4633241736
-1
-1
8167541248
-1
3129041434
4824883832
-1
6937436186
7586737128
5306968675
-1
5803677982
13416126423
7744700945
10662632084
3444834902
-1
8096859893
10231317187
-1
2376947787
4989774753
6890461903
-1
2811234145
3572654810
-1
158
2897462722
5562867204
658533689
4099734181
2448939953
4322416525
8908784938
3896210987
5771503326
-1
-1
10781987282
-1
6191487115
6384962923
10292649907
8917981842
4513094794
6184530841
-1
3377785670
2651654109
-1
-1
1262310386
-1
4085781157
-1
-1
3869939667
6296517636
8624072661
7030710648
-1
4174026922
7609317517
4107335584
7592965511
5440164757
3207621623
5781317368
-1
5800524594
4451116774
-1
3849688883
-1
-1
4116154439
8150844369
2427773790
-1
-1
5002221250
10787119436
3634520625
2996894593
-1
7178318721
-1
1904293541
5792501693
6186602547
6842966670
6917901840
10038137184
2063976355
-1
-1
4563503637
-1
3975595217
6172819277
-1
9968450535
5066621948
-1
8155904425
4155041354
7443987685
7728660075
-1
5689956954
7990355399
5610543153
5206724364
-1
4788182552
-1
-1
2659442771
4073249746
2329922661
10786571916
4843805050
3967733514
6553614224
3648481033
8233885999
4878999665
6684413106
6009858088
29916096
-1
7483519274
3348038614
5162699249
3457334638
-1
-1
7087635764
6262482442
2455240446
8016017950
9738999787
9963262522
5482951009
10886117886
10648606647
7772245080
10662098076
4201723439
-1
-1
-1
9868613501
3604103166
3818332553
-1
3777173721
-1
4706643007
2513488511
9210183203
-1
5835960722
3784015186
-1
14145174844
10759575960
1204617686
2603667039
8780528891
8127772413
6667225148
6172383872
5137077252
5598782928
2749629448
7187921708
7233729039
-1
-1
-1
4171718181
7095849604
4892037651
1842675706
1567492777
-1
-1
11332004618
-1
5021671904
3610922728
11408057902
2699119480
3755832354
4023092506
-1
2345891053
6636376557
-1
3176295291
8135717415
8332850071
-1
3018727406
8470377567
3265383170
6812466813
4696474484
4873032852
9299181904
5153758090
-1
3130238277
2188234599
-1
14274392160
-1
-1
5982682457
-1
8024056514
-1
4480845996
8380656420
3801954845
5666215740
9017616277
5829239626
-1
5283675770
4609281338
-1
8445130764
5034215055
2680078655
-1
2682939668
-1
-1
-1
7172875556
200679367
-1
2558164785
2372686553
7949118153
-1
4963860714
10393819300
6292661072
5372997410
2081176904
4189568341
4896246672
-1
-1
5796089047
78
-1
-1
6812153084
-1
5360044587
4365827743
-1
5277687504
5443721981
9076457376
4027407493
7055638810
3943546972
7700287733
7485525590
2909320126
6514076724
5136939453
10216809340
9295652723
-1
3302217840
4058052418
10633452572
8009370620
2843675675
14871728270
4707149548
-1
4946698345
-1
7103725673
10283534016
-1
-1
-1
-1
7877488886
-1
7178023917
4505911597
-1
7862262720
7490208203
6197450601
12839086406
5096895422
-1
-1
8188839071
10168081237
5394416866
5033573185
2786141366
4320084151
-1
6785357294
-1
6091001847
7987817170
6199563765
5396983062
-1
-1
-1
3800012262
10848578314
3618615438
9181885947
4639589425
-1
6242058852
6804432979
-1
-1
4120210884
9243042887
-1
1992077152
3465397292
4851880684
7549876992
4356804652
6147884467
-1
3763642605
4381853281
5764816208
-1
-1
-1
2970484875
-1
5228960126
8324413875
2600875560
7104019406
2824011164
2720114761
7949359981
6438566990
-1
5847132157
-1
-1
7548353610
7496023018
8591838187
4291364158
3709896930
10510183783
4721041130
11759302008
7370399749
5228765990
-1
-1
4616657320
2731756378
4622075654
9143343740
4364276566
2977700345
-1
4495460478
5485150357
-1
2712313086
8781059622
2746813066
7151848688
6161962837
6569535010
5202168928
7854582250
7254684612
-1
-1
2897776497
8735834700
10426497103
6287242584
2173348947
4067149034
-1
-1
2553187580
3782924691
9925910195
6856115798
3720938486
1417974168
-1
1795322900
6336197476
1155298741
8769789049
2290645123
6754537040
7766811512
4748402310
-1
7206394474
7097476987
-1
4433108711
2669324989
2554634529
1489628785
10047095739
7662412264
4368438294
6420197553
10756086104
5610020050
-1
6663965574
9290600758
-1
8401791430
8910821652
-1
2526333865
-1
11133671750
3915710294
5218347480
7114994920
-1
11272056041
-1
3260236821
8935112514
10969847691
8661886587
6592171851
8627152774
5231465855
2264044691
9373196451
-1
7129590800
-1
13429448125
-1
119161502
5239041550
5333156804
17025212295
4020702319
-1
-1
909355677
3918738029
9470978167
12876001737
5847236594
1418492659
-1
3108592756
-1
-1
5647205330
-1
3859161037
9128484984
-1
4524118655
-1
9493064573
3140619870
3669042339
519468419
3852727431
10175142467
2382102481
3329322251
-1
14813231615
-1
8475073266
-1
3788943410
-1
9521845956
12092366005
3206780338
6104805373
6466693588
4532271204
-1
4881033007
7164489056
6793621083
7166664479
5735394787
3093581147
8387781599
8436367362
6387461011
-1
10223100188
-1
-1
10107223093
-1
9061851196
7654894115
5412820823
11292650384
-1
-1
-1
1376407316
6989877095
4652750730
-1
4603664843
5906814140
4735423555
-1
4819496586
-1
4176996404
3701417830
-1
9176899847
7044200667
3010011496
4091934505
4509917413
11239301401
-1
7289798787
6604813003
3207713642
6240271829
-1
7213998976
3718603568
10555673558
9926072212
6045775616
-1
-1
-1
7480848250
4403050791
606740842
5305493626
-1
-1
8547769074
6590692101
-1
5224923964
7478073433
-1
4075640958
-1
4522143986
3306970733
3002491165
2595999088
8961874925
2198994115
-1
-1
2590434364
7236714935
-1
-1
5306968572
13679265155
2771205698
7720575348
-1
8108082251
1399924593
6286362599
4884817280
-1
-1
9536129120
16884651401
-1
-1
8073122533
-1
-1
7265883534
-1
13193228241
-1
8677870711
-1
5947630732
11972944414
3466189363
7219644553
-1
4195708589
3531046935
5167109092
7512567379
5784924881
3913121313
5726887751
10591396434
12040127011
6796472772
6438401318
-1
6146797325
7579804196
2574550880
5571098539
4337014266
8731625780
5018876843
8400657049
3290041691
-1
9627135010
3676930778
2454661866
3406196736
2549546523
5192334049
-1
3937924835
5916839968
7569874515
9878094930
3031731712
1752678243
6368390639
-1
5867707151
8092273212
5804353741
1262365350
5926159558
-1
-1
5494198675
2866152958
-1
6732387537
5149673568
4226352883
13466300608
-1
5489097582
3967759415
2774791580
-1
-1
2129515368
-1
8469000344
8412333069
-1
5860629270
4414354379
7150979492
8374501768
4383675335
13229460151
-1
-1
3747859253
7883282838
4048261781
4297741222
1970805717
-1
6721469805
7598390550
6804022797
-1
3750700231
5871559196
-1
3812598360
12595153139
7654921889
-1
5088926885
6730121422
2934742477
12790647711
5354692768
5415431098
7442565771
6341735512
3227504388
1527733013
3588988631
5536197108
4068294951
5266256544
2485377246
4588472610
-1
2739025466
8855603541
-1
-1
9814364076
12450328298
4471748574
4791715970
2284988569
4627645658
7309475924
6677028687
3194678921
6847974722
5040357614
1930334133
7123660289
6634619769
4691339951
-1
-1
6235611607
5449838476
2628532397
3819670680
-1
5322292433
8801282701
7959551685
4625877306
2007300270
-1
-1
9610077774
8607447350
6438566990
2991037986
-1
3272335758
-1
-1
4259943997
11739888342
-1
-1
5212120606
-1
4223445770
9839821871
3434046475
6474054156
-1
-1
-1
-1
11210879726
3666437658
2654451766
-1
4138328463
7728133255
7569702256
6079206376
-1
2286454341
5859729430
3947428715
11157976873
6073151368
2687848944
-1
-1
9552792039
7144101303
-1
6121802033
6387170708
3414353346
-1
10736149753
8482454822
3025693572
10982352765
5884668188
-1
5746433643
9729560018
-1
14088719683
7837665123
5021601361
6850639477
3857138411
-1
-1
4559011622
4116468583
6401403734
4487684857
4191694394
-1
5629619973
6195221668
8673967894
-1
3744350925
5515876294
2746028460
5601630217
-1
-1
-1
-1
6573063498
2555548615
5365379254
7432521778
-1
5256111957
3745545181
3818203222
-1
6124051852
7206083883
6769138983
-1
7625932115
3958444817
3177189930
5031043700
-1
5354049707
7799147054
-1
5576290842
5941478845
-1
-1
-1
-1
2939575333
-1
1760338330
-1
-1
5419627476
15996374598
-1
-1
6269792691
3619837717
6798699015
-1
9350951092
-1
7623429715
-1
8633225934
3262018703
-1
-1
-1
-1
-1
4898466044
-1
5880781883
2946748486
8579154373
1409876369
7659713690
-1
-1
6442826694
10447502020
6666029900
-1
6287252471
114686098
4421210794
10977583603
6285813827
6039824878
8022781942
2773467568
7077782270
4264802127
6026769680
5481339395
7239169833
6718001386
-1
4994195913
2405262243
6103114769
9544844736
7168449786
8250853309
-1
4956433494
7528205789
-1
10453589099
9869456366
-1
5120820166
2101278383
-1
8864511411
6069095372
-1
5547537812
6939548337
2936423705
8004518699
5997783695
6950309223
-1
6332398676
3123591173
4050010304
2170812221
2023665077
-1
7596073452
6714275415
5225660856
10596962642
4706685948
-1
-1
-1
4317831186
5648120124
7206979678
4003830290
6268135309
6358233124
-1
-1
2771002991
-1
7895049338
5664755450
-1
4249366294
-1
-1
8213857494
8467171367
16044591540
5815577219
6461714193
-1
8151382933
5440119072
5168238731
-1
-1
-1
-1
3620465434
-1
8994408785
9880489159
3948973813
7455936095
-1
5004098848
2526340192
2262592598
2732288505
-1
6797364440
9115271233
9958139566
3114260703
4647775112
10864452715
-1
6703277465
321870240
4201695728
2043118590
4197940659
-1
4057811707
-1
-1
6379443423
89507941
-1
-1
4192798392
3053170608
10565006504
3785126528
-1
4551407669
6482982008
8630721909
6565161961
4799320753
8620583485
4597305638
6419601370
2813417368
4609366483
8183757210
5240979425
9249931351
-1
-1
7277745189
9086327118
-1
-1
7584822495
-1
1863631477
6130982709
-1
11413778629
6395615079
8704231504
-1
5221477905
5585689113
3249266732
1563405544
6905903128
-1
-1
3574200357
11370239705
-1
8866678561
4850615188
1727220337
-1
8563363099
-1
8761168348
5347070877
-1
6256496533
6867111499
7296307634
-1
-1
2497323174
3692893296
-1
6143601316
-1
-1
4582755678
3693860656
2083675482
-1
12047591645
6453346819
4716298087
-1
6474549323
-1
6114058389
4739581836
4493647344
4748749049
16630544021
-1
-1
1724887630
-1
11176267795
5151354748
5305490216
5809286961
5061798568
7320705815
9794891173
9066598753
1918183038
8300631552
-1
-1
2830213776
8151885597
5023103866
4915348288
8319098325
5586812224
6284503950
13085967821
-1
5766015132
-1
-1
6142630049
18395699184
-1
5928929101
3488214687
5323429491
4091896386
8319761510
3154527190
5798241015
4657274044
4391442229
3698550640
4562154113
9559967070
-1
5260888616
5486185490
-1
2657595117
4586329031
-1
3080002900
5887003850
6864153031
2454815860
3903793163
4205342346
-1
3698075385
6603411253
4231830450
6958264486
-1
3500806412
12930052889
-1
-1
7980764149
2795001161
-1
6585511538
1695083905
2413495950
2625845263
-1
-1
11251419836
10185812986
6086810309
-1
7482113962
5212613675
7726367285
9428892485
65208836
-1
3347014534
3122909786
6060667155
7793254799
-1
-1
7397472257
1462587016
-1
10122463381
7180613812
4167574344
4937777886
5071332982
3862970558
6160020744
7103782540
9145656747
3404106818
4489965844
4111104170
8572484477
-1
8659506370
5173766760
3070503966
4794197952
-1
-1
6273909134
1541239631
3199607809
4314702298
-1
5276702096
-1
-1
8345124974
7101043804
3137729442
-1
10358233855
4891176563
-1
6655427007
5613934913
-1
8668983865
6035662563
-1
5449218715
3060099315
-1
5029525830
6403740283
-1
-1
-1
-1
2194887598
3377942390
-1
12416894248
-1
11331921479
6261353690
-1
-1
6605884743
6883954979
8290132471
1988476611
7417736972
9600876881
-1
2341978442
-1
10853620808
4188293957
2572653472
7975457125
10509445517
1916806392
5599664145
4482406114
9680948972
-1
7159834882
6400519720
-1
4163912844
5210466217
3596339765
253740950
-1
3065280008
-1
3929084716
8434263815
6003648515
-1
-1
-1
-1
-1
-1
-1
5796823134
5027420547
4110550258
5985237399
6221014284
-1
5559851313
6489657808
3972549491
-1
-1
1884328190
9854895869
-1
3377695729
7044951525
11058117075
6566698374
1757665062
-1
4261224281
11054043356
8316554681
6655082249
3523807052
7259162347
2457618190
3510301744
7468092610
5086215820
5376889623
-1
7444442594
4760326742
4358966194
-1
2618731692
6848654965
8858436639
9971858682
6734237004
10343115322
-1
4379380792
-1
-1
5376136947
6292311687
8530212342
-1
1703474866
9516102985
11766658510
3765471896
6162302163
8210141462
10088812647
5086054665
9354005887
346395954
7727467456
5722392307
4801037880
-1
9267564691
15791619354
-1
2235255352
2994267223
6405641795
4895752219
7187897280
4798513258
2801721575
-1
3896089359
4753534866
3275719102
10297907562
1386275
5135004747
9429606122
5287013465
-1
4946398007
7074758251
5349323492
-1
2498321254
3341523084
8014532617
6008407925
6835222049
-1
6188914461
-1
3579431748
2139306198
-1
5013711000
-1
6576605918
6804743963
9370804680
4566488253
7915043267
5101641361
8635867778
4849699021
1567647127
12638742517
11155201524
-1
7404879496
-1
2327344171
4116800364
3848202855
8832247754
5229742950
5233373177
6752271657
4588580775
8722275070
4882264170
-1
4734935271
-1
3708131214
9830059587
3964887031
1353130250
7223092840
2080471821
2590726822
6168812901
6341632246
-1
8704231942
3479591403
-1
5893733204
10013823118
3578060234
-1
7382925766
-1
-1
5067364055
5139467570
7794941374
-1
5242253124
-1
5551239033
3540990953
6239662417
4107214914
7732893019
9865462728
15237748403
-1
9103138305
9880929499
-1
3453238036
4585232520
3280279900
6431998380
5132973261
2867832161
10198110678
-1
7143372237
4353598791
7481584405
6920874218
-1
6123831799
4763706335
5503843219
9283747142
-1
5199455065
-1
5838110897
9347474512
3675378342
-1
-1
-1
7110127478
3238900076
10699338908
-1
5836588366
-1
6777012026
5225692294
-1
6246303982
6663660746
6626561532
5863362651
-1
6589607438
3451025626
4926145462
1257827151
8423347985
1391522973
7722124876
2987911491
4993309719
-1
11571314011
-1
-1
2446372850
8435969450
5382873223
5732912687
11037676660
-1
5038143100
-1
9096036497
-1
-1
-1
-1
5514597072
-1
9381525585
11530080111
7583120874
-1
-1
3718587975
-1
8411114194
4270226558
-1
8751816916
5315232180
5032965715
2637730049
11165134547
3843310562
6376386383
7544397573
4468189189
-1
2836939957
5039412274
-1
7778854497
4428074710
6522282173
5070988402
-1
5863260054
9642628037
-1
-1
9692117586
7297771375
5269665194
7134430947
4238996296
8175850427
2977150443
9264879154
4251198411
5675222111
6009205611
2994957894
-1
2078819415
-1
7616560485
8899507037
-1
1771534081
-1
-1
7024872399
-1
5191852698
7211029020
-1
4486228460
4518841671
5907846837
-1
7347457807
2640322477
4561876541
4234801232
4919041677
969884214
-1
1470582681
6490682827
4013047129
5048173028
-1
-1
7464026183
3954073229
4779310525
4491967393
-1
-1
4894648384
7554374044
3719492523
-1
-1
-1
9469905069
-1
4480848789
6991248913
2024768106
-1
-1
6992455532
1274913445
8125254750
10630645909
-1
-1
6689740921
-1
5718310882
-1
10503087264
-1
4420497621
-1
-1
3583165256
6277279790
-1
3929145954
6862109745
5500304896
2007300538
6152469612
7186049472
5261302752
-1
5308657311
-1
5199997074
4669419294
5738804683
3095718100
-1
10577495991
5419810109
-1
8188640376
4886470867
5352153166
6074861689
-1
-1
10162300965
4620619616
4174667549
9160163821
-1
-1
9738999787
7687866308
1683784590
2557507673
-1
5920606424
-1
6115074760
6830020683
3991098316
-1
-1
8672334110
-1
5866166467
3318019178
9177990930
-1
5221188282
6541916482
2535805402
2104513523
2665478811
9460329152
-1
3585903294
3743877748
7776812597
8380367559
3449981031
-1
-1
6372331456
8004487999
3934355078
4392627039
-1
6896990108
9893650457
4282035763
6464843513
5138653174
4895296119
15201020164
-1
-1
2214447231
-1
-1
3408517972
7678365799
10513457739
4801313700
5217384694
6847400812
-1
9206222406
7781930383
-1
279649402
4584064059
4137311890
-1
11200745112
-1
5161638962
-1
9087654590
10458412408
2243543364
-1
3518142922
5971784743
-1
4040053161
9951551401
8499639823
2120846693
7136019565
6530224909
3923212637
-1
8865173563
3894599937
14785200668
-1
5598788598
9310432135
4151849512
8783521293
-1
7256830871
6268816695
5940152677
2136282717
-1
5007407471
4752335343
6039824878
3480597143
-1
4178619750
4235983122
8023194737
583985919
4692159607
8382675039
7539412454
5526993458
2545328816
8772075130
-1
4896759270
6874601476
-1
1043687213
-1
-1
4143097991
6917202713
-1
12545547750
5550342341
4156311064
7570334803
3647537508
5754897931
-1
6123657294
3769379472
4224359146
10767511909
-1
14537306989
6291607880
7578451875
6769468629
5567084344
10855603633
10219945164
4539212498
2264044691
-1
3053031717
-1
4298947206
-1
11546117334
6361977772
5492568866
7752852415
3173404427
-1
2916893206
7058673658
-1
-1
7637977038
-1
7536463803
2415153694
3766508964
-1
6733380645
7186821030
-1
10916779800
6272342106
7142241904
6437619609
6133449170
-1
-1
-1
-1
-1
14530561317
-1
4180651510
7475901382
10103723118
6005954008
-1
5020300202
7302921149
12564417520
-1
6143493138
-1
3721597166
-1
6824176294
2313329933
-1
4860619340
-1
8821458190
-1
7498649118
4815975493
7001567168
4573026638
7750164475
-1
-1
-1
-1
-1
12079830375
9983172657
-1
-1
5329532429
3778166296
5766254062
1192871381
-1
15322064007
-1
6692175939
-1
-1
498136038
4292721839
6734739486
5152489090
-1
4731696603
3823576078
-1
5330473368
7027236755
2252203901
3224153141
6456623934
-1
5437300897
-1
10902359301
-1
-1
741949327
-1
6646027795
4156718588
3233042447
4091907911
-1
3888475792
8356383563
3332930379
6271774474
-1
3776437277
9898448711
2914840636
3781125480
5729363064
8162081333
10722667497
9154578905
2984632531
-1
-1
5434525372
7668463496
6439832783
5687529356
6390568596
2710923231
7795129865
9491403803
9879693282
4780698848
-1
-1
-1
6002094136
4348712585
6006769687
8955895966
4935659759
4634176217
8031118112
8631856894
-1
5600853622
10054393344
5567768138
-1
4582873379
6744664720
-1
6594793289
-1
-1
-1
4764171428
9268934311
5628843835
4388245264
3802518647
2011930597
8613251069
-1
-1
3361670113
6666965209
11688572479
4314240172
-1
2384377819
4377388484
-1
4757134951
9166384653
6879977278
9406161063
-1
4220042220
3480305174
6999763747
6917688385
10343805634
-1
7195140295
4069332257
-1
1132830907
-1
7083196717
1527408628
5056171458
-1
-1
-1
1642475479
-1
-1
8849587129
5549550865
5713502883
9958015871
8133685209
6267274142
4107878290
2458423133
-1
7569537083
9605734223
1836290201
5461167750
-1
4547004749
-1
7184359572
10578615330
6683314257
8139607502
10547772156
9190901484
3608739138
6336200412
7660495383
6790288628
3181704279
4677835947
3013872475
4808763993
1661872744
6061008309
4135702026
13435131097
6916901254
5974806371
2809154194
5569477165
6107799821
6842967497
7478136693
6090757468
6555333541
1277932075
-1
1522949310
8142492228
2867018630
3860112656
1689029232
5435505415
-1
-1
-1
-1
6381353300
6027420311
8671415530
11148938637
3945975451
-1
2478407118
7128301268
5405766946
4782332529
-1
3735199181
4285103170
8517442870
5633165520
-1
-1
5192399787
4482818822
-1
4052486050
7465315754
7316094016
7242021233
1333279568
5136908957
7540248338
4844938668
9802342051
-1
6007815650
-1
-1
5295435832
3521736916
9133777880
4219508733
8738182987
-1
8245079830
4325836690
7212437311
3972434001
3573221645
5054794044
5015935594
10946035897
10823352870
7829395566
5672241584
3540796045
5994941697
9634901519
7583952230
1758951405
-1
-1
2700212812
4270943670
6424789818
5463072282
7305606732
-1
7949139128
11862533936
8572502721
3914356940
5535706852
5396377361
4461097447
8278558744
4385757824
1266993089
-1
8008834099
2605783346
6335725131
1902059963
6091781903
5986391918
-1
-1
6201199648
4814050527
5849970659
3048853917
-1
5179768338
-1
9693736852
5807017722
-1
-1
-1
13281877925
8263790695
7375967367
6497191677
-1
-1
4448199720
-1
-1
4442527570
9151605777
-1
7205624489
-1
-1
10485935850
5839408266
6667960931
-1
5383325775
6284955250
7556370450
-1
-1
2105851760
8723791120
-1
8589667346
8668597011
8392767868
9551975971
11709914703
3972490125
12017750524
3797025286
9365695726
7277903698
6276910145
9122105602
7897817643
4052299925
5720953942
-1
-1
3551362806
-1
-1
3443207785
149314969
-1
-1
3986120419
-1
-1
6187076315
5450374761
5604967387
6863598930
-1
5788150008
1314880374
6677327828
-1
7695113858
2568123104
-1
-1
6180482134
4267142204
6061038899
1388350959
-1
3071238395
-1
5809557830
7145240795
-1
-1
8189795061
-1
8478522933
10575837114
7574975275
3330951402
9555205684
-1
-1
11057224391
-1
8791081992
8658024504
7353192611
6138266270
4500899577
-1
13743368895
-1
-1
6144387529
2815963092
-1
2708770312
2789550599
3753787777
8992124535
6221379049
3290844071
5166785167
7609679124
4335834137
5329210842
2294834221
7315107165
8428699659
3624873292
9814884609
4195765503
-1
-1
5456711280
-1
5960054875
3453622807
3341104260
4325646696
5131898393
-1
4936133785
-1
-1
-1
5095358239
-1
4562524840
-1
8069106445
-1
-1
7719484978
7917823574
-1
-1
4038305311
4482387780
5415269367
2650805503
6800666041
6310081164
-1
8575081341
3673304414
3951316017
3333315579
14791765932
4901099998
3950019229
4415969385
7847576796
-1
3543475517
6207267060
6252744886
1853271841
8955334937
11108032395
813857415
-1
5270551393
-1
9557346559
7708515588
2534478783
8621696439
4426331327
5775168691
5802631039
2730297393
8396861017
7955416153
4385774130
7854139020
5326225216
-1
4900041325
10533831334
5528689106
-1
-1
2868913394
-1
5196661223
9892927259
9464805968
-1
10992263391
5007142273
-1
7262678893
5682353083
-1
7988217310
-1
-1
10883279067
-1
10203286264
5309463233
5395596061
4038384983
7677547841
6756116799
-1
8341189140
-1
6573999076
4089613923
3823945928
2867012133
2708902199
10409534437
-1
-1
1874941139
6034926500
8113023458
3775654245
-1
2865507646
5779436479
8825801206
5153258106
-1
2723119769
-1
-1
-1
-1
7460846253
1990934180
8590742404
11247267911
5650324249
-1
11269293242
3623230295
7699236365
4990964683
-1
-1
6052472512
466897423
5062651215
7808123733
8417525451
4652624149
-1
4151645727
-1
1518225705
-1
7176204725
5540379358
-1
-1
4193786523
5389160308
-1
8616066737
-1
7725542318
3637262525
7568371043
8431720963
-1
7488802383
11708440712
7007298728
6992811923
5851494200
7448724475
4496918627
-1
-1
7316452916
8613891739
-1
-1
-1
-1
-1
9950200424
6965933616
-1
5227686282
2290304590
3731794680
-1
5844692525
-1
-1
1837342827
5565952066
-1
-1
4932163853
6173126678
4321454394
7872229286
7580918433
6575085747
8958145467
4621221218
2480064903
5736166404
8113004165
5205417583
-1
2949773865
1442860160
3508571795
5969505611
2711560540
5856432556
6186358924
9775567311
-1
3381710478
-1
9277431428
8352651151
4247086803
7352142854
11723972211
7925678385
4291187979
6379235430
-1
6732470196
7212369425
-1
6009583503
6435408577
-1
4970910241
10024507811
-1
10974596450
4400302251
8982486736
5114552775
5185483478
-1
-1
11815382661
8425679425
6998098059
-1
12175218018
-1
9434472547
-1
-1
-1
6450912267
6168332035
-1
9372634660
5479595569
5804791779
5079833285
12980634337
-1
-1
-1
4600832117
-1
4747076399
-1
-1
5966844907
1892818012
7496383725
-1
5177450254
4129791168
5436766067
3942454246
3492883750
12322179663
5834512386
3289657370
-1
5851366095
6949221885
4365338033
3389672290
2130543919
11485754083
-1
8357906305
6628982790
5630946318
4170274914
9471356710
3115648006
6567553098
-1
4594342437
5913864806
2752208326
5554212076
6969057774
2410325674
8837714124
9016055876
6404546458
5165879535
4753770803
-1
4184803390
-1
-1
3678787588
2695038124
2068281446
4582876402
4440800235
3178355591
9142830968
-1
2495083239
3675815155
2706111771
-1
3841146453
11144568413
8579574135
7070056771
6027098488
3133639304
-1
3028947372
5091939539
4325477912
-1
4235845764
1442146181
-1
1386442042
3134238053
3567563558
9749186134
-1
6262579012
-1
5246075085
2448286675
5937379930
-1
6388481039
4671115589
6816204030
-1
-1
7541641892
5452324898
9941060874
2593035546
7992495610
-1
-1
-1
15168414950
6296407698
-1
-1
8450677951
4955346055
3582477873
4254312425
9074732198
5186218313
2819086493
10047798911
3510171060
6264363806
2834811186
12019762774
-1
2937686139
3134238070
5989110083
-1
-1
5767489226
5025052684
-1
6631629666
4398602063
-1
4286480859
4857111965
-1
7450687585
3190053435
7858073111
7287707872
5402407708
5302988081
1759567963
8438362898
-1
5305250630
2906792036
3905891414
3176071697
4501705798
1360460023
6865395922
7091971933
7867485825
6265942029
2026237609
7505541375
5088014003
4421704484
8240413330
8259498377
-1
9959281213
3346068932
6927928849
3558373353
6140650831
10236830137
4106548793
-1
12247386971
10855397797
-1
5749989784
-1
-1
2856278580
7448947586
1302872599
6041791171
2729191279
7388280112
10741526119
4691648882
4137035717
5069869784
-1
-1
3137729529
-1
9960701066
4315110412
5544953835
6031217812
5654752663
6466360327
4272477661
-1
1404832956
2519394122
-1
7301227573
-1
4935816148
2958272706
7346290043
9200198820
4737665386
-1
5940388351
-1
3294802790
1784729970
-1
-1
9409924712
7875398449
-1
9469101658
4893443854
3406907227
-1
2579539192
3296851247
5167076359
6521292229
7949110898
4313258002
-1
-1
4200818352
13931694083
4797232194
6838959091
3304634919
3555006695
-1
7574422361
3528567499
7588218771
3049106426
6950562291
7168087743
-1
-1
4412169203
-1
2591023814
5589523437
2705377504
6290901510
2569900951
4232831800
7909628663
-1
-1
-1
-1
-1
2126487766
1573393733
6814843333
-1
-1
10215969076
-1
4967962531
7157852437
-1
1493258445
-1
-1
8944593946
6421934393
9388118650
-1
3434850812
-1
-1
-1
3698135945
5004147400
1994920504
5337397040
7015448679
6744643040
-1
7274490642
7760133363
4780495645
-1
8753207083
4499099045
3350741987
-1
-1
2708173535
5600363355
3827931090
6807359214
-1
4429275778
5539955464
6833679153
7870261893
5570622644
8011916470
-1
4869368360
1532378491
3681733127
14245668303
2133181314
3343714840
-1
5582058619
5684380410
-1
-1
5809212605
5813907675
11397578637
9227859951
5017099816
6517223794
-1
6554578233
5182604502
4382947176
-1
5557341467
7573727774
6869416538
4848620260
-1
3223569563
-1
-1
6277708367
5524876038
3292262818
2611270502
6381527562
8767738015
7516510001
4805725541
5037639337
8513617254
9382676927
-1
6458704798
5131787634
-1
7678429189
-1
-1
5303907606
8246013056
-1
9108887628
-1
9428104055
3181043020
10483546040
4880292360
8370663392
5683769429
-1
8354825842
8976701588
5180190830
6221097791
-1
-1
7586941057
2399074851
5222796786
8637608138
5995528593
7116281280
-1
7238452510
11609358274
-1
-1
2832406276
5490228114
2760484835
7595222034
-1
6101588654
10479021883
7887121563
8084488844
-1
-1
7121961877
5214177262
6777581411
7778071299
-1
6304899648
-1
-1
5985496430
4111808366
2728334985
3635076177
-1
5482388181
906959915
7240019808
7482722831
6131306764
3573565552
14286425495
-1
-1
4613752229
4588756138
3262097924
1949004789
5143070539
6918458979
6972626788
-1
6566419367
-1
-1
6124779926
4054432208
8903243485
2779800750
4268585240
3702589637
9063413670
5759643697
7628475168
10207564666
16944281617
2949546572
6247681351
-1
6618529288
-1
-1
4085577068
6751297593
-1
6661746456
3873440768
-1
-1
-1
5572116623
4110307861
2516878868
1238802680
-1
7060370768
8565058802
8175090324
7454873879
3208569794
1381427441
-1
-1
-1
10028818823
-1
2874632730
3505047186
-1
-1
-1
1407517096
7313817863
5995336840
5173698959
12702866891
4588652006
7101467547
4908356842
3154978080
8498620616
2260774480
-1
5167429321
9405932773
2591386511
2540412720
-1
5042854494
7362650905
-1
4073090307
-1
-1
9182367458
4129698370
4691407637
9859311902
9324012336
7551522002
-1
3103958436
-1
2917720329
3782638518
-1
6571003285
2923973685
-1
3833678285
6277042031
9584884409
-1
6610145041
2410139147
-1
6592628450
5691612502
8186423963
5100339265
-1
3887191093
-1
13536197299
10877115431
2550029840
2263869453
-1
11134974037
3953140875
-1
-1
9703193707
4718765126
12357399162
8025929044
7752005249
7197160740
1530192461
-1
8230522772
-1
13070789601
4325836690
5049477696
-1
7730194674
5585571698
2418861677
2139228214
-1
-1
4765231547
15240094215
7707865922
5088695430
7056706748
-1
6393666961
7101779283
-1
-1
3811793707
6429868015
-1
4994971866
5412877415
-1
5411248587
7637803682
2586232708
11944903100
6350793552
5903383190
2794805530
4234603436
3224093931
6133829797
5662694883
8872015036
2381464814
-1
4383073512
9110440052
3454391386
3284165644
9005087273
3559056094
6551823661
9753974373
6041671443
3196033534
10380777763
-1
4303405522
4644700399
5402871457
1981390054
5501583584
10199492283
-1
2257445882
-1
14963304655
8435792076
5263204524
-1
5914936665
3431826702
-1
-1
4631528851
2040198853
4859905728
-1
12985443893
-1
-1
5812623908
8992019556
4746155744
-1
7717089511
3655460326
-1
8526928951
8520633480
5396357316
5190698365
5367425125
12139922131
6123428953
-1
5887331218
-1
6280457485
937379827
5149269324
10804400942
3572426302
14476443755
-1
3324445954
-1
6527376430
-1
-1
4026773616
-1
5760959758
2613666572
-1
-1
6278802076
-1
5349937540
13730024913
5212303854
-1
4872290349
810022418
-1
-1
9873065767
3167505141
5743361208
5376183719
9103323879
7853388609
1239947598
6239672400
-1
-1
4985325223
-1
8149289868
6735392856
10021316470
5632200158
3405261118
8185697127
-1
-1
4159141422
5247325535
3877992536
4276675090
-1
-1
-1
5599688803
3833198453
-1
3990927623
2601386464
-1
7800212774
6790617144
-1
7432058970
7099304678
14437608844
2527227958
-1
9348422730
8255020026
5830899701
7614409947
6018950008
10119155606
7633967166
-1
8470539935
-1
-1
-1
-1
3435340423
1228007666
10878130536
-1
13649135958
-1
4086776362
8971189915
-1
5354986640
-1
5741265403
11130859157
2759419247
6656218661
5384842682
-1
8897551155
5593168452
5611083370
5204749524
-1
7261324360
8487426063
-1
7095093462
-1
2084244834
-1
6744453476
7668672269
-1
6897156043
-1
-1
5599313404
6283695998
9330255047
10850320015
9924394433
-1
-1
-1
-1
11822817694
6414341660
4309369325
-1
11958441675
-1
3475550884
5944921394
5762649304
3703879121
6093070985
-1
2899658951
4786420290
5084400513
-1
6181263259
-1
1930323334
8075536919
-1
6126878234
7194786973
1907237400
5123174068
-1
6535952680
11164088372
9590958429
8440187621
10917081640
-1
6699154061
-1
2566621834
7376294075
5962849386
4913964064
7326482928
5277821665
3942252464
-1
5209058886
-1
4917192148
2181637729
9923838204
-1
5154814827
6154797316
4417427700
14645446886
3119810668
2329028226
4626637686
3623337752
-1
11416201256
-1
6220421414
8268817046
1351274076
-1
11126664506
6980311554
2564811729
3215224115
5790438116
7965944267
2455872349
5612078063
5432797924
-1
3646716475
-1
-1
-1
6508232973
8092402699
8772335187
4203373113
10074676790
5367318204
13965335859
11344725086
10741748453
3966971515
4527473269
-1
-1
3031334032
8391051696
3547497722
2928586856
-1
-1
3550004586
10710624026
2184526527
8406641666
-1
5856537469
-1
4019384426
8397567390
15206586802
3774725205
-1
13263127074
6902140304
3693210252
1916756515
11693819270
9575457819
5781191232
11611532188
658266821
276552816
-1
-1
2252853905
-1
1818462683
4675050805
5481488966
5531556377
2762934763
4079289246
-1
5873407020
4010494568
9571961510
10163998237
7177137620
-1
1888294286
6949224984
5308440627
2106751447
8379097176
3299856163
-1
7965354472
6751632309
2205582960
10451844536
5632747234
-1
3410296452
4176733149
4352535893
2900578181
7038121177
-1
5878940557
8416736501
-1
4587447627
-1
4325836690
4941099680
2574945918
7058848669
9977420535
-1
7907075797
9585147649
3282896145
10533151233
3111548111
3297737437
-1
5429618778
4786508537
2126973668
6614598621
-1
3069102310
4371384682
11849120438
5010921712
-1
10878596657
8362022436
9456179953
4634515757
6251530423
-1
-1
8412495932
9125303718
2084221835
7074614617
8918334728
2469441926
3742199448
-1
3508293216
11230944468
7901931594
-1
5256395146
10440737758
5094924802
-1
1106455594
-1
3506103861
8092506350
4730153130
3884731309
6024007544
905093513
-1
-1
3313882766
3451015123
9333439899
3408789864
5866885763
8265108554
5511142756
3412925929
3725040526
-1
11603344722
7204931594
3749485475
7617739378
6856329021
7689763223
3598347691
8729765160
5723493123
1500133896
3064197582
-1
7939484938
4722553876
5458005871
1795409538
2384597404
9439676724
7935533841
7833265572
3703847598
4726961418
2212855092
7677846380
2940108806
2486227181
5019368475
-1
-1
6909981892
4070382157
-1
-1
-1
5131723024
8661666041
3658521824
5762702081
8352735817
5678558760
-1
-1
7166208697
-1
-1
10125311790
6268534054
6317790894
6678710166
-1
4679879656
-1
-1
4995525771
5743072455
8213925275
3427083582
4995065521
7722601568
-1
3327023790
9022730471
5170677928
-1
3920957356
-1
4462158120
5876968276
-1
-1
5323696110
7996192491
2521976822
-1
-1
9854052597
6476366625
2645510247
-1
-1
6065363376
5841785758
-1
11508058383
8678899332
7553856862
-1
8550724407
8250507196
-1
-1
6859968313
3935061137
6598551158
4649196273
-1
-1
6180021164
9294192042
-1
3113737557
3412239758
-1
7929533461
4414175612
10634060665
3396766565
-1
6427622387
1873444833
2139813499
9633359373
9208613641
7792157950
3861140034
6266799960
-1
-1
4013761695
10058114046
-1
-1
-1
4950213958
-1
-1
14324154821
5715990552
-1
-1
-1
1692614286
4966423506
7794622870
-1
5744026724
8759238129
2236163430
-1
7135018612
6540260393
3735273849
2738556890
-1
4239927116
5298074447
5651521341
6716399781
10069016387
3840740242
12288945152
8121402624
6082303421
-1
-1
6368871187
-1
8305688764
6319158701
2139690303
-1
8048833957
7550705569
-1
-1
6044721267
-1
7527743466
5755674026
4760435030
-1
3762107290
4412734988
3562862157
8588141971
-1
2817900505
5186995489
7818637242
11614433565
4636698471
8285797732
5897864483
-1
4474987736
-1
-1
-1
3923724961
6865269347
-1
-1
6431291914
13044527049
11314488444
-1
999527203
2794590997
5068862963
8514328770
3777628761
5038011788
11637178594
1113708688
6109425216
6665528799
2220687039
6232679837
4568817498
5345129379
4943801293
6879082071
5264158773
7498702801
1962339444
-1
-1
4165798849
3191752391
2240649977
-1
6039247305
-1
-1
10227082753
5033840900
-1
1463277038
3556776415
2880336656
-1
10573864223
7131421867
8693687104
5825479226
-1
3679570646
2575850022
3679656867
4451609267
12794293186
9553034685
12532665607
4861678413
8805343768
3187070807
-1
7075201153
3863106375
5513619225
-1
9831162562
-1
4729013194
2969865209
-1
8594545671
13661051117
-1
5908017253
-1
11861190590
11022145182
-1
2948116632
5751793812
-1
-1
7857173280
-1
1121783365
-1
9134777692
-1
-1
4252842394
-1
4490842028
5207442290
-1
9798006731
3690450868
10133756054
5862142011
2447122084
-1
7117061218
-1
4128263033
4137603055
1222376904
-1
8936309705
4974809377
-1
6665125561
5313918076
-1
3607718149
6903789149
-1
5049704037
-1
2380809418
4895734345
1208535176
6027580497
9526001152
9084256005
-1
7615772678
10227007719
3805755285
4586267276
-1
5386941186
7887432697
6760242122
-1
4763831863
-1
8069942421
-1
5363542968
5171742608
-1
-1
7713715457
-1
5071810067
1278356969
-1
635308443
4773543375
4401451120
11521215677
-1
10222417352
3482821570
7205767269
-1
6440786156
-1
12224282007
8571355563
3519607330
3205173095
-1
7025931484
-1
4146587173
7849807309
-1
3806651977
4771821213
-1
3696336215
4112918642
11564760559
11451629907
-1
4668039650
-1
-1
6195980712
6950035459
6023575049
2051166911
5133626985
9760823971
5874346724
7648805940
3536289040
-1
2356544474
-1
7992273973
10108697428
1723125368
7647311924
6993262864
5450714793
8703717263
-1
9917374242
7827605473
6200568265
-1
4344907166
5683955835
-1
-1
-1
-1
-1
5504900955
-1
6054406028
3325215343
3322364753
8455969054
6040142009
5908375357
4202694410
4117294962
2418304779
2038463844
5700430325
5893632739
-1
5992546614
4347036187
3948094914
3952655508
2361067651
5645180155
3228373822
5238102388
3490295479
3498415387
12970129410
4187675143
-1
5883474485
-1
4459763371
-1
8695958274
6376717804
6458704800
-1
6338132969
-1
-1
-1
7369748086
9092388789
-1
8331924579
-1
-1
4534571909
5650045834
-1
4845513590
6531357735
-1
4306883125
-1
-1
8480951288
6684895449
3390485755
4750540837
-1
-1
1493394627
-1
3044048454
2850646316
5555722508
-1
-1
8735228921
-1
8788525261
-1
7579486192
5125431086
2467639045
-1
4642408788
10666265214
9640379317
12281618421
4897929053
-1
5590882750
1196172965
2698982349
-1
6004412227
-1
4700864101
5591976793
5130839459
-1
2345199378
6527055286
2701084144
4233477223
-1
9524230975
4177361365
-1
6967929470
-1
5561854534
6182994907
-1
8629163055
-1
4354186210
6938823391
3454463006
1495688964
3071217372
-1
4141588440
-1
-1
5131302222
3742410470
7528661606
3187070889
5241304303
3604796307
-1
6249032580
-1
7670807730
-1
4279823372
-1
3494249978
7959763187
11766663861
9250395996
12142752186
8412449407
12788059774
3353061558
-1
-1
3232301181
-1
2899495673
9459231536
-1
8011617742
11726894554
4871486302
6877749053
-1
5418800159
9926998121
-1
6480903331
-1
9626104082
6735830443
8881934239
-1
5892892960
-1
8542464152
1849765993
3106026333
5143160547
4326588581
2973770316
4376442619
5585105866
-1
6465949644
6178709688
5432662539
-1
4820083723
29918526
-1
3879135413
5109846526
5408389
3349192914
3009261023
6976629620
5688703418
6415105214
-1
6632457088
-1
-1
2913867307
-1
9959085259
6233074502
4791426279
3282444592
11089764524
4307268179
3456664460
2400072859
9420556048
5580892187
5007487148
-1
-1
9352464465
4051328616
5345979498
8107949831
2207006036
-1
825803547
3518809392
-1
4867970881
2442800182
3694041081
5956016722
-1
-1
11297042196
-1
-1
6409259223
9465916640
13679265155
-1
6416701685
-1
-1
3773349263
2294821694
12064394368
7852275058
6339895276
2992112738
9595539413
8374079933
8722909063
4828742424
-1
3287317801
-1
8249712491
1933146539
3246465305
4444513143
11208643364
5893938327
2988166912
-1
10490736578
4860959848
7603524983
-1
5457443380
10783667673
7757292880
5679081962
-1
10690422133
-1
8314167782
1709873019
4976890702
7258094932
-1
2798617992
5799564692
8445952964
10903683580
9921737074
3777345421
4656062296
4694412726
6456232794
6449099265
6338190886
-1
9136672794
4186365082
-1
6767616370
7678175538
-1
3942802855
5326697083
-1
9249738556
6011232772
1657818334
7340901068
5278377474
6269368364
9388193422
-1
-1
4693063314
-1
7940103743
-1
-1
8732430026
-1
9311587549
4933982711
12216240122
6169774464
-1
10441227885
-1
-1
9980283062
-1
5756675613
4237492364
4952974090
-1
2086955800
-1
4161921121
8295598176
6867313677
8317406691
6748308972
-1
10481388491
3554315538
10826221095
6625912428
-1
3093758979
1791134280
-1
7326419383
12509371593
3613694061
5616123257
9451457285
7216682866
6438926069
6326048365
11501965781
6112347737
5881959097
5535977902
8192719130
6226047804
-1
-1
-1
-1
8195730374
-1
-1
5103368261
772527674
7767957311
7554527285
10565490485
-1
-1
4092574580
6132473059
6089371272
4224439277
-1
9952318919
4435631063
1994199482
6221242225
-1
3018251489
6652656338
-1
-1
328703561
8671638115
2462310103
8266491228
4707282902
-1
1336392658
3075316153
2749344159
5652303800
-1
5877754953
13752591296
8705236547
-1
-1
2424588459
5205591493
4145665320
6973288391
6834830456
3408375659
2238868038
-1
2934742478
4884663898
5298562542
7135852515
8789976987
10570052002
7244058733
9125303718
6482339236
-1
6667704938
-1
3799980966
3276465449
9812800431
4862882335
6621141551
6486232714
8341695650
5402696032
5960900530
3917977988
5936317705
4241191676
5672699728
7603267234
5241444044
4324060125
-1
8755272874
3816693736
4128447203
-1
6088671556
7551909482
6913892397
-1
-1
-1
6206734122
-1
-1
3936280820
6894139575
5216554919
3351366152
4828073100
-1
-1
7325682303
9267178143
3726353811
7563285928
4767619427
-1
4841229750
12982095476
2222968836
6436680634
4043717478
-1
7359343132
3731615085
16025163193
6604499138
2342803282
7611287960
4769757004
6411037271
4047469943
5631900491
3850768187
-1
3997835384
4595975420
4363650243
2552629322
6196360424
2221263581
-1
2684425788
5627266350
-1
8247047648
-1
7468906088
3771755337
7094726445
2176907748
-1
9215357853
8161509034
-1
-1
-1
5874769041
-1
-1
6979302078
5859874399
9992445232
5192617675
2304752721
3806492405
-1
5262376253
7337734687
5187766165
3920362512
6473396178
3722471596
6268962071
8502352132
9499774584
5247626495
5381908553
-1
6048163170
4228935900
8389966227
-1
2006699907
6588942303
2546748223
275686094
10193421062
4852343392
-1
9147247047
4259092051
4707490015
4906212282
4136365975
5854187455
8525848752
3166084088
2790413988
-1
6490226049
6796463703
10671659848
-1
5920531019
4336680317
4730057304
6414388831
4389990648
8420427134
3685150358
-1
7492556409
-1
3499145481
2876191540
-1
-1
8856025554
3833443481
5566681967
8389366896
-1
2780995443
7380622048
7305292844
8963182585
9391048891
5005615629
4789998307
6693006058
11549350247
11221817461
4703175713
-1
10619342537
3221781841
6107939282
-1
-1
-1
-1
5882183034
-1
-1
4661427961
4995588203
10834150768
2314533608
2515242152
9712772073
11797934053
3483191102
2524681234
11751271641
-1
3514184913
14260917809
-1
5716803401
-1
7680440228
-1
-1
2670040362
6952488796
1799430462
4307844912
-1
6354826203
7085583608
-1
4421006531
-1
3637036428
6236719106
7499206284
3301092926
8822618305
9919392778
-1
4549601447
3612858251
7576314831
9307309256
4242616748
5835253458
-1
-1
-1
5353427109
10461510582
-1
4014322574
3468641282
-1
7917665879
9471917706
5027505225
8382161479
3015688802
-1
-1
3242657654
7765527967
-1
8576843832
4394078019
10533833241
10027789820
2944139137
-1
-1
4770459341
-1
-1
-1
3425390277
-1
-1
6358633328
11923477153
6806929721
-1
5351977353
4665755714
6059976816
4694283431
1046691993
-1
6749253241
9306015130
-1
16795008894
-1
-1
-1
8713355030
-1
6173126679
4738199585
-1
3691600309
-1
7183294341
6402411625
-1
-1
6046078665
6089519212
8050078762
-1
7889873792
5905543000
2477286594
-1
-1
4983449093
-1
-1
5082070517
4553033027
10467740113
8218253755
4740202889
7727508341
-1
2821615747
7497256494
7552873868
-1
5582260739
9119938787
8953367862
-1
4698335893
5955352981
5917185501
-1
8650265592
6594384548
7810407729
9303626515
11174015636
3921470218
-1
8403966902
5532064233
-1
4945604852
-1
-1
9966956235
6600259492
5968504558
8705875841
-1
-1
2448020903
-1
3353117645
-1
4360042451
-1
3840216980
6775712800
6383619314
8666050015
1506928073
7956052950
6186384725
7061857209
4400292799
7620878430
6266743224
1276024270
-1
-1
-1
-1
3124902844
10557431739
8965630683
2802966160
-1
-1
7203689638
3271541515
9937541670
9101481840
-1
6173513877
6540246128
4528868720
4045779786
6504866340
7505448967
4089813566
11602989363
6232120954
-1
8583786029
10045575570
-1
-1
8587055603
-1
7216366701
3887387958
-1
4241223883
-1
4605301955
5137150460
2297154914
9313582727
5061593756
14785128277
4016061961
4773066452
3311863454
3720949948
7331208326
-1
-1
3420662234
-1
1388307577
8440469743
8055045880
-1
-1
-1
10465731290
-1
8180995806
10252801182
3065763504
3769475867
7442289659
7666942331
3236280994
5863464956
4514201222
2472626605
3205083360
2306503142
-1
1889528078
2007106295
3865193997
8704499369
7881796752
-1
-1
5271994976
4306683082
7407647020
7569905997
4110252720
1389906312
5198005504
6411178692
-1
5344733324
3445875059
7193469796
5535798517
4035377149
-1
-1
-1
11668149462
5146527392
7759065838
-1
7442719821
-1
8338823777
-1
5963822004
-1
4110079902
-1
5278584467
5867365740
4289049814
15495452017
5330833809
4556700660
-1
2401584295
3834620662
6269794345
12039382240
6695596283
-1
3782980706
10856961128
7643521855
2915523084
7939319995
-1
9722631645
9526105344
4560916667
-1
5272072307
4813447239
-1
8727737140
8621556024
2843904672
-1
-1
2618977195
5077171278
3479626848
-1
5655328245
6813579415
4581856364
1775247035
4570956532
7445239747
2949573303
-1
-1
7188717901
8860944256
-1
-1
-1
5654358645
2961930143
13949554496
11073655119
8868650212
-1
-1
6035778235
4386812094
-1
6062303926
-1
3660993194
7203066940
1642475479
-1
4947149399
-1
6535583760
5291040635
4461813052
4430041224
4437995446
-1
6657823140
7114461420
7529205482
-1
-1
3651787737
5048579198
8161611853
7895690034
9774943213
6961513892
-1
4412088823
6303544477
-1
-1
8998384759
-1
5389271614
15848611194
3593752051
7444479547
5204695515
6806651521
-1
12410469258
-1
-1
-1
10410336737
1820281021
8515904814
14469689872
-1
-1
10885093012
-1
-1
5530639694
6614120370
10962927228
-1
14677210014
-1
-1
4537849648
2654000680
-1
-1
-1
4210919567
5326950754
1454163046
8239088220
4190482931
3814993178
-1
5071813963
12183070111
5791395311
5677159952
14850458809
3322179065
6923961870
6428279862
6233884704
7560215702
-1
4337937142
3500636530
-1
3024765820
6681548944
7723288123
-1
4472409109
7248231863
2797270399
5964691838
-1
13311906997
-1
12268079782
7122395708
8853464931
7173868487
4701409642
-1
-1
5680478496
2528218239
9140608783
10690825285
6216032101
3668591028
15027689335
6035463831
6876052534
3531833868
-1
7046647150
8758235859
5021794828
2579443579
-1
5251793251
-1
-1
9650705397
-1
-1
8508434866
-1
-1
-1
2467805330
3079329102
-1
-1
13527316419
6986527249
-1
-1
-1
10646696699
2720486267
6255530751
6280757649
6181086296
7482554118
-1
-1
6036006491
6414593891
-1
4204795238
6096854628
6397642788
-1
11456417496
7661730300
-1
7152385335
9736943088
2060601348
4663061850
-1
1786675171
6540913098
6653803132
10581080938
2271945698
3159812027
1999645846
5982449298
3006909640
-1
6177024083
-1
9072480105
-1
6429726222
2362678523
5258994704
-1
-1
3294481590
7068935104
-1
6047240530
6250181852
8133074181
6948031293
2332608421
4276315904
5650448100
4658883167
7423090138
-1
11375002180
7231446518
8781284109
14173377691
5724180573
-1
4057129800
-1
4637287025
6671941285
-1
3261308113
-1
5043068868
5022462861
2718282700
4476534016
-1
-1
6092967728
3906550905
3418226244
3346391246
-1
-1
3726987189
9298066468
-1
2360481307
3173569649
1060221224
-1
-1
439893612
6234397338
4085782203
7590636250
3679066479
11420639746
3087489216
-1
2781948872
-1
5571093335
4274153769
-1
10848452889
6765279922
6465716807
10244617479
11021009605
5707876811
5737346256
4126440767
-1
4713376427
2865914980
3465929616
6041049946
-1
5302787663
3452598034
4955928193
-1
-1
6402178506
-1
3975597936
5445982204
-1
4293576721
5530574629
6991230600
5893009413
8158039383
-1
4692715913
3428005409
11059550769
5488948921
3564441236
-1
-1
2403825415
8705363976
4479781928
8025546199
-1
9027538851
-1
7533450898
-1
6819601655
-1
3777388607
4349485862
11683929819
7131960097
-1
5879044950
2250274540
9935130656
-1
3430860013
2724066204
7697507198
-1
10200284327
-1
11081754811
6610368791
-1
3277853257
4029463218
-1
3557936365
3261308113
4037850242
4359027912
5704618539
5408644113
-1
7641038928
5902516204
2318549213
5652046904
8902567314
8401737568
9525577549
-1
4629188044
-1
8490247122
-1
4303737888
-1
-1
3811788092
7947960704
-1
2652631785
9443078493
5763785397
9105565781
4948179738
7114447994
4606085348
6467129013
-1
4728792810
-1
7241531291
7030563051
-1
3937521466
3051334502
2362221671
7529816011
4201510902
-1
3812355975
-1
6502269224
-1
-1
5205042206
4192278187
6864762872
-1
12145135382
8615864026
10063024405
-1
7795788177
6032052099
-1
7094255806
-1
-1
4515793898
-1
-1
4745872003
4999269226
-1
11692424385
-1
3476339649
-1
-1
6342594041
6626543189
5694803801
8336912209
1913876437
-1
8677316589
3411789569
5883282395
5436535225
6716689508
-1
-1
3251617478
-1
-1
9949643789
-1
5092843113
7598561272
7336794342
2745333521
4734718294
-1
2759137143
7141570101
-1
8830258266
3763304555
-1
-1
6252497532
3930542019
8366179272
-1
4236282278
3832314877
-1
-1
7421865710
6136879544
-1
2353910542
3755156075
2960145799
-1
4117185033
-1
7416473068
1206512975
6613523244
4134180995
6814840116
5097101516
4403257141
-1
-1
5729570003
-1
6080436811
-1
5237813456
7666382101
4510188398
11647182231
1818914174
-1
11453875751
4099281132
2486232700
1041873821
-1
2283748321
5560239977
6426287739
-1
5372311267
6465696353
8229355164
3481928594
4688193595
-1
4308419008
11370321354
11343623684
5764321416
-1
3437702690
2018321004
-1
7831007628
3458997350
6048133834
4103552276
-1
5592628461
3867471599
3764037078
4841233114
2792092745
-1
2124764568
-1
-1
5715640029
11053893340
3020624889
7734876383
-1
7226334846
-1
10551051677
4278865885
-1
-1
-1
-1
-1
6084895348
5086957360
8792200687
-1
9034070100
6496970461
5636378242
2916753174
6052631165
-1
10040881222
4436195700
8718408392
-1
593585164
1827667733
2850491232
-1
-1
4275091644
-1
7293443819
-1
10941552904
5295521453
-1
3192570587
6123640993
7584769840
6400247889
3195002771
2195618725
6017303502
5863798010
5756185077
4380151423
628325069
9496067468
7959362822
8903242819
9201303310
2942092651
8432821525
4686296447
11507436219
6696538539
4389105956
3711085487
4703125702
7426594302
2796037831
-1
2058279881
-1
-1
3582074035
11164920006
7342128215
-1
1384850955
2183360934
6892364770
-1
4219928941
9959059003
2717106477
-1
6689891585
-1
-1
11531518429
2560402118
3679627993
2300783818
3388913879
-1
2859438012
10389947546
-1
6668111890
-1
3809555198
2240307851
6441261448
6923835752
10834173437
8411238503
2179670619
-1
5673837130
10350133258
4923645813
11084066700
3889607632
7942980702
11131150770
5509767522
-1
4712445502
-1
-1
7623933820
11073665574
14010483103
7715566152
-1
-1
4445180051
7656046628
12229032452
3001758019
-1
-1
7915796220
2529732724
5659404811
4774541740
6513238996
4484868604
-1
7139272030
-1
4009310032
3669057838
-1
-1
6322033068
7251067051
-1
-1
-1
6784758961
4491645127
6436533984
6524925354
151222464
11101391527
6219863827
5570048107
9039437414
9738617514
3087435104
-1
9399438060
1475814319
3198772012
-1
-1
-1
6656203469
-1
7941195007
5859323352
6058205116
3784677420
-1
4670637699
-1
7871550151
1764357302
6696583415
3421171086
11389015732
4999155745
-1
8536919446
3136230919
6141695666
8028176433
-1
5091003285
-1
7117072385
4837585923
-1
8299215584
-1
2824862027
7370153704
7225111367
5270527994
4637022767
9600032231
7876314653
5825067966
11064287516
-1
4718907619
4626435890
-1
-1
4735759294
-1
8921235659
-1
3818306777
1225854050
2020942045
6819937200
-1
3871511824
4033365044
8439806778
3986308587
-1
7334619828
9530856485
8718079036
2506773075
5729289230
6677097744
5754091352
6852503000
8067514615
-1
5308794543
9638455208
-1
4531576508
4848898265
7463204005
6386085293
14950197202
5920551592
5545750263
-1
6681472647
6520796812
-1
10998094368
12962783537
1668385412
1579478489
-1
12640909095
5179399540
10222730914
-1
-1
3956557000
10967292743
-1
3608611621
-1
12990799752
-1
-1
1220324341
-1
6234420137
6807050167
6735204691
7344192586
-1
-1
-1
-1
8091432595
10155259930
7578439646
5200315471
11000387559
3551607650
6731944904
11531681856
6870893131
-1
2751109188
5967121064
5828110309
9109995426
7702604665
11111542635
-1
13260973721
-1
8296015564
10040328509
-1
-1
4313263346
-1
-1
-1
7016376474
5189202936
2497584267
3364865986
19372624180
7413503292
3438742868
9680519859
4811720835
2810277089
2978829334
9856165531
-1
6042387888
6774510417
4483038889
8881986073
8510555768
11192408496
5019951544
8200752118
5251187408
-1
5910487293
-1
5570675601
8307677731
4139612009
7292535859
5639817961
-1
10003518670
-1
8760001637
-1
-1
6091065689
5855644331
3333266445
6087456166
6219272530
9211061767
-1
6238279500
-1
-1
3557965432
3374088703
-1
4947536035
-1
-1
9540221588
5330077080
6316190260
9654573143
13755281647
-1
8241421187
-1
5332218314
4571414869
5613428810
11690923126
3591712514
-1
6070217880
6590912556
3560845540
10279014833
12156425340
7400546568
8613879789
-1
5129761026
-1
5780837016
8196917843
10287864776
-1
-1
-1
-1
7821452694
8849453209
-1
10562012957
606475986
6580188086
6003484822
4736448873
8601458260
3181704525
3592538305
5608369387
3292244186
2949546579
-1
5951051345
5140264939
2818925260
-1
6881513753
5731204512
435670609
-1
-1
-1
3143655389
3451014604
2201728749
7752005267
7500098828
8431278407
-1
-1
-1
11860461362
10109121108
10624592526
6997974691
7846756022
-1
9009916301
4538208337
8159902975
3917264249
-1
5427410902
-1
-1
-1
-1
5001297354
2059644506
5736923959
-1
5360767251
-1
6405338992
2965735958
5166469003
3839638706
4241236025
-1
-1
-1
5508049121
8066195355
-1
-1
5470171710
-1
5598092605
-1
2121685239
7834199831
-1
2505836953
3289148069
3300589560
-1
5285079775
2558523362
-1
8369854435
-1
6443788835
4202716295
5016231017
4515486899
6382176145
-1
1936854644
3010888995
4100231470
2241910415
-1
-1
-1
6792605270
9570809524
4176996404
-1
3467426413
4776055577
7332461779
-1
8916578645
3452312100
-1
-1
6479633118
10473707150
-1
8236281431
6453518065
3741544794
5710657137
-1
6488394895
6609089232
4766592276
4433973794
7566942219
528859221
5616985175
-1
9802165178
6404143226
-1
7828032847
-1
5643950508
-1
8387782387
-1
2713078926
6602112796
5601769608
4932445493
-1
3146159722
-1
5833329893
-1
4239402382
-1
-1
4063291208
-1
-1
4182869179
4014184463
-1
-1
1870813949
7343724358
5612928713
-1
1406839763
3537294478
7195249864
6398358933
4227478892
9198058850
6420747664
-1
-1
6962359480
-1
4635908107
5054050087
-1
-1
-1
6666343780
7908893607
8722548719
-1
2412494889
7258036247
3643018994
10795457087
-1
-1
5684253921
8063772759
6481417309
8445285254
1998135959
4552617322
3760007835
5343744161
11630308110
-1
2648926685
6502845084
8503587696
-1
2670369970
593234415
7255222102
-1
4849125396
9291233336
6865395890
11025142561
3427066647
6522580756
4249731244
11894618825
-1
8607550862
-1
5716498831
2383499758
-1
6587338017
-1
4656230617
9040344711
-1
5392495505
7549954822
6609823339
11429251399
-1
-1
11691466724
8099261439
6710318889
5314314758
-1
-1
7120278524
6236844474
6750386049
8435863056
9949609278
6716876863
7301708911
8101355605
6534337024
4635568598
5555939825
-1
5264413717
3935358691
4032423638
4861421414
5519361145
10310048186
-1
8072264421
9970951350
-1
5366789039
7909000800
-1
4593699043
7312687077
9194437061
7186417552
13871022684
5870865991
3240607755
-1
10246008603
7053343663
-1
2381688356
2981921053
4301397923
-1
-1
5229888890
-1
5740122673
8819677030
-1
7493187780
-1
-1
6649311331
3122838014
1695603936
8728247370
7962287046
8388166794
5933895278
-1
-1
-1
7124174914
4310071453
6259187138
-1
8107592399
3112467048
-1
-1
-1
-1
7124385785
5767684099
-1
6384899708
5778462679
10485241439
7645283632
8249371848
-1
6424151928
-1
3508845778
12519604201
-1
7654439500
6963784708
-1
-1
8700763198
-1
-1
-1
8742031184
5695589781
-1
5274185383
4220549934
5260622380
7560661068
11340351217
4025111487
2357749378
-1
4106172296
12754794936
-1
-1
4535717020
5843352417
2816092522
-1
2155333352
10925775423
8332939017
3032009229
6977180730
3413608761
2296933083
3968695203
-1
-1
-1
4226688165
4084486662
7423040137
10820202733
9739388838
11430957121
14555650110
5029444391
-1
12599058651
5860172661
6327352401
8350051651
-1
4282361340
-1
2235065207
4919908717
9181415471
1801408232
3060664582
2720367529
10913042757
-1
-1
6144663735
774613973
3523402794
14681736633
4567158130
2443779730
3883791521
7970083428
-1
6392464851
6348403517
6468067187
-1
7286159070
-1
8005529763
-1
8302071415
-1
8445952964
-1
-1
5683769429
5653985113
12229568687
6119735284
10321744842
4908335502
7020496414
2815474810
-1
7697804631
-1
1691679341
14010483103
3133573867
-1
5416019963
5797247895
-1
-1
-1
1696395828
97520570
6544656459
-1
5026614827
3064690103
-1
8359496882
-1
7968671023
12617414049
6104089964
5037127357
6152962778
5007787981
-1
-1
-1
-1
7485900360
-1
-1
5196009555
6080978697
5251710388
4602837285
9782492383
4650136934
6174439196
2898940485
2314637582
9610788526
4834304834
-1
4167192971
1865986321
8474351106
4913814161
-1
5196530718
3023095028
-1
7212877713
4188531374
3455121549
3725100868
5509750056
-1
8297409899
-1
7561620415
-1
5346150442
4471748420
-1
5846628959
-1
4161594304
10229048663
-1
-1
4193791705
8008073590
1784722529
8607333288
7210261551
-1
5041195816
-1
-1
5246075138
6493172590
-1
-1
2326516557
12242253831
15307564236
12959770859
-1
7922118739
7481880334
5755149740
5050983165
7456628939
5397143026
-1
5976727401
3185140446
4733275780
2986313064
-1
-1
2994935821
5149635793
1797313744
3793500803
-1
-1
7869232644
5738981249
16239978832
6317915376
5702777543
6114058312
3030523237
7054858167
8775105501
-1
4379522491
1236010804
7220443299
8122947319
-1
7951667994
13751258999
5993156096
7953947665
2095368953
7700142950
-1
-1
2727197864
8501007888
1684433096
4932582402
-1
10141183688
-1
-1
7206400130
5583380623
4780794307
8288974901
5699568258
3053929320
-1
3051923969
-1
6665737045
11996953775
10211523416
-1
-1
6643813640
9115078588
-1
3335601292
5704776397
5660413606
8340389084
7000567671
-1
-1
-1
-1
-1
3583905615
-1
4152269674
5131909883
5600516390
10596962642
5239778693
-1
-1
-1
11555427613
7954362694
10012762660
2871809408
-1
1546368645
-1
12098893029
8374808879
-1
1765364772
-1
-1
4926394364
10434910523
2714117004
4838250861
4972237225
5448981813
4904572039
1795615094
5532819676
4224475794
6991755014
7612243714
5689108426
6421836658
-1
-1
10051658987
7220081794
2866718528
7574741561
8825239886
6251283056
6597115471
-1
-1
5078832733
-1
5258156273
3250164544
-1
4528522685
4009037605
8423922988
6152097760
4879925081
8226513511
8005516623
5296508560
8695944058
-1
8590050712
5740347178
-1
6979037359
4709252768
7661935028
-1
-1
-1
4213588794
4104698569
-1
9954024869
-1
-1
4051115869
7673508959
7329445976
3776603578
-1
9240006395
4774438030
4669961140
-1
3047284020
4452662653
1143976397
5780354831
3810137753
-1
6133374787
10500863265
-1
4614208831
-1
4881418566
-1
4181612490
-1
4563545101
4121805643
1514650025
-1
9054575051
4743709749
4926394439
9158431510
-1
3542863415
-1
9396040192
3332670610
5062436421
-1
-1
4267377534
2110269270
-1
7296586165
-1
-1
8827644345
2944562213
4668076170
11892060285
8659448974
-1
-1
-1
1389642168
2161620240
-1
4265942981
-1
-1
5977956372
9383494914
4617834726
-1
4168801273
2066571937
-1
9973802562
-1
3938958522
5744597693
-1
5539955466
5638086793
8465092220
1500507060
5724985358
-1
6909943575
579856461
6850691626
-1
10517014467
-1
7355275046
13441066022
-1
-1
9938575926
5407087171
5909895668
-1
3078546042
5387913538
-1
-1
-1
8609289390
3118311726
10266397823
-1
-1
2645437280
-1
5367938037
6753683981
4994460892
-1
5092185257
5384419716
1660102027
-1
9075533877
3583915223
2850007514
7325659126
-1
7361030811
-1
5908620386
1787328628
5951053836
6783534400
5203435565
4945584172
5906570773
7911206805
-1
4938878369
3187587473
3481973074
6904394972
9414343599
3048206452
5045466127
5405107787
3479121148
8015661463
-1
3299138229
-1
13230744828
4950040303
-1
3067698599
7630614136
3257846743
6790081982
9355413937
-1
10344750126
5517830590
1894640033
5782564257
7008036175
-1
-1
3810379782
5760299155
-1
13985312076
4028366857
10340672810
5455183468
3337668971
3593711847
14240348684
4087224396
5419642422
-1
3442641002
3315923429
-1
-1
7683690269
3204340920
4659293159
2908061662
6933727243
-1
9658386645
-1
7306587138
5196278957
-1
8488841648
4588564156
6900973949
2841159838
-1
5053176265
3123035084
4998609051
11204735873
-1
7974189458
3035956407
5763785397
7294100739
8330453623
-1
10034270831
4244126661
2605684902
3113511819
2027720852
-1
-1
-1
3755303204
7186759974
11179216809
-1
4223990629
5091845982
5298560756
3481660729
2084508368
-1
-1
3052864388
-1
4211607960
6839317545
3912885200
5091003285
-1
-1
7529716824
5699494802
2996945225
-1
-1
6667305149
9372536046
10442405930
6607338881
-1
4298262734
3728411469
1661825011
-1
4591084189
4518876018
5692320810
-1
9579743903
-1
3579096703
-1
1640872352
5219492490
-1
2224615611
-1
2937256849
2530777243
1818510266
10929529946
9069072479
7525404239
5109734704
12714358457
3140118503
8894150343
5900609838
-1
6185151887
-1
7617259047
-1
5104331139
6249861985
6735204691
8266983976
2918020262
-1
7995015422
7710992468
4961580259
2701060038
7325269274
8775525813
-1
1863805788
7477745666
6542486910
5584009224
1272750975
1865986031
6734522191
8993836680
-1
-1
-1
-1
10026750177
2991946606
11750354565
7052904381
6412349920
-1
1837909497
-1
-1
2131131925
14736807235
-1
-1
-1
3950768334
10788523269
3582781614
5252545537
5707650780
9387083648
9767703843
-1
-1
-1
-1
-1
9296277420
4633811268
6610835908
8391729683
5505534381
3680497484
5961375825
-1
8151472840
-1
2383942369
8559922442
3762258712
6342037964
-1
3104459294
6330182963
7610512703
6224413639
-1
-1
4988526153
-1
-1
-1
2815353430
4943002772
3013110791
-1
7386849565
-1
3662943540
4912581281
7947960704
6567014537
-1
7458681141
5663282610
4718618914
-1
-1
-1
5716740547
3094215025
16486072628
-1
5530441590
-1
6377476803
11631346400
6971406206
2567232895
6054198198
4151849560
6635634020
6679258422
8212125910
1414875533
-1
2079181012
4757550572
8819389751
4832336573
-1
2522214645
2569720057
6614428703
-1
2561686280
3549090182
6362736640
6735963861
-1
2698982338
-1
2868234444
-1
6948284024
-1
-1
3799043060
-1
-1
6885784597
-1
-1
6956408673
7598492496
2646721902
-1
5263624587
7415335025
9305146752
2579024558
-1
2065175322
8267371136
3058336537
5710106629
-1
4868174843
5437306611
-1
2844728588
-1
-1
-1
4547786745
7478308045
6388097263
6676259117
189927980
1898842121
-1
2560041823
4688535417
-1
8124364951
3917854139
5769110673
5718822382
11716639908
5323579221
6566028029
6217552269
-1
5546912472
7410653861
-1
-1
4049441216
2228216018
5715774074
3384222749
4756782125
10072644194
10319674289
4506289584
3934930536
6088651192
8068306960
-1
-1
9477673252
-1
6457081473
-1
6163382015
9211646305
-1
4279074266
8739275143
3912637093
3008848447
6737288801
-1
3582653830
-1
7863820543
5647188387
-1
8206457884
-1
9387273975
2328574362
-1
3073078802
-1
-1
1036953711
-1
7957227674
5802146090
2219282164
6263581920
6500594395
6627322758
8839595017
6441312902
3234554916
-1
8118615161
12172736718
2330095221
13841872968
4527608674
1352133924
8887211018
5211159990
12288257954
5970594795
5786816649
4683543101
-1
4431301961
-1
-1
5730070021
3060664584
12123173173
5578544577
1295623792
-1
-1
3548778157
9616347990
-1
6386964584
4860565526
5147720815
2232318693
1714721147
4611231351
3752221583
-1
4321225969
5760789825
2610517001
85837160
7820475541
4920715636
7275731852
3373777226
8033386773
1546346940
3277144273
4774438290
-1
2409091425
4044301667
-1
6576212142
-1
8762132392
1470308774
8309030044
3181707039
1796404742
-1
6977501426
-1
5312784604
-1
12295653366
6072325166
1966263835
5224376648
10750153012
5053215005
3853701918
5445233156
9032834731
-1
8676260180
4959500872
14725529116
2602352578
12078113244
9133709789
8849869298
4748889495
-1
2482274014
5314938510
7892845166
3106433411
3600622957
1630906126
6897289142
-1
7531483260
2341978468
-1
2233641237
5096778624
1991401056
2457908493
11367130351
3327353894
-1
6055410372
4329838918
5360698689
6585171833
4687271627
-1
5930208257
3437490007
4493745332
1644130240
-1
1447114024
-1
10538603988
5451276178
2524347514
12788082027
14973675169
6452489239
-1
4773256417
5459895545
-1
10083882101
5916839968
8112724032
6415485791
-1
-1
4586080761
5369472597
-1
3939634343
9138368861
4153953775
3342627668
-1
-1
1983438457
5366454767
4288026752
-1
3086283814
8252550608
5864046401
5801022901
2085162782
3230270836
6856870537
8501007888
-1
5644535853
5872573576
2441997148
1732397644
3812726322
7882941838
3141517564
6542531057
1460757609
6372453740
7319825020
-1
4954452642
2677222102
4475189415
4978169468
-1
3366602170
-1
10630432018
-1
-1
-1
-1
-1
4373957147
-1
2634175940
9637041838
8099821447
-1
-1
6446426324
-1
9455842741
-1
6727425495
7919934186
9547166263
-1
1929558780
7276181096
5649252800
-1
7767613734
8140788812
-1
6097251996
7840403741
4617713607
4019196053
4560060300
7870665685
6888697669
-1
4949833097
-1
5820702030
8138852713
5911130471
9922530433
5666815297
8935703248
4421182740
6221416901
2848011542
-1
-1
3862532621
7500289271
4788405104
-1
6623677282
4923823657
6656733214
1725021503
6587358872
5477760096
13914358244
-1
5375703850
4190937957
-1
-1
18309868619
-1
-1
6264207272
-1
11233273487
2300451970
11439729880
2467989886
3958288568
6202678006
3378523397
7901033389
7220067889
9422206858
5386799860
8582822349
8465519768
3362674589
3556501356
9435116997
10051658987
-1
6054717219
1101809989
8461061446
6373083142
-1
-1
4624394781
-1
3046311250
6683834469
7978891280
5703994315
3393783667
5707407589
5144775206
-1
-1
-1
-1
6031299742
10675209277
-1
-1
11063039650
6068736141
4612383871
2593302601
10610180265
6330831093
3904945455
4256157217
3284241574
-1
-1
4199191412
8502302032
4708634839
4607400066
8306204647
3617557047
6269237565
5819373292
1661824948
4107983576
13083678072
4664853462
7992881381
6555073771
4950938192
-1
4632914637
8323483833
-1
5181130745
5087179519
6111935046
384452091
5523125990
-1
11200449459
5241851737
5816181159
7888435023
-1
2677148380
-1
6925830311
-1
6953141134
6128020243
4700506151
2199709997
6593884179
-1
8858502047
8162908190
-1
-1
4424364028
5084792113
4130334920
8795854729
6209208976
-1
6970894913
-1
3153208611
-1
7863491082
-1
-1
3285355467
5689321157
4517396104
5656603718
-1
8025447985
2382460077
7690198972
-1
5061185359
11127568929
6185852616
4193309701
3081615689
6089158259
6258953214
-1
6560651379
4928038948
3987628259
8647610640
7046865517
4738613616
-1
5169172303
-1
-1
-1
5276472430
8790333004
7604592745
3593258354
3247795586
10336922672
6424393706
2818099792
-1
10473340654
4177813759
5353122644
7542284951
-1
2477322341
-1
8005419802
5750095068
2734482076
4908356845
-1
5144002029
4603847711
4947488700
6800188370
7444383433
3183306256
-1
9317003775
388961643
5912300229
5850330355
2562513325
10489134580
-1
11627829930
6884255969
-1
4125764570
7310961270
3026839956
10035134828
2854011907
-1
5615818600
9014881944
4334295057
7489492073
-1
7419292989
-1
2277177696
-1
8910313159
8516599448
4325287070
-1
-1
2073812957
-1
2294822349
4165196029
-1
6900879687
5651269263
6944565184
2042742404
-1
4349316959
-1
13401070872
4934102423
-1
9145172478
-1
-1
11620387371
-1
1072748014
-1
-1
3383136536
2513499885
4479073263
6584956834
11658339814
6303101677
3678423373
7389777818
4661595624
11659930111
3242141939
2381286675
-1
2482419891
4293186048
9143331076
5659262246
-1
-1
3388077717
5983303824
-1
7643527054
8449757457
-1
2605976442
5846997601
-1
-1
-1
3807881027
-1
-1
5038145882
5154470246
7945179328
-1
2777662773
-1
5670134883
-1
8231542022
2992124558
4052833854
2422135245
3354151186
2822587861
-1
3693175650
4192576412
13457216460
2991428805
3876380763
-1
8863685528
4421533759
4704650412
-1
9189352903
2902485781
2940319725
8416540420
3954535592
8499491624
5057251188
10179292375
4270619010
8500026404
5316852686
4097756435
5967697951
6822141608
5108792104
6620059216
9648780348
-1
7378402078
5641105603
8439760975
-1
5745327411
-1
-1
4451834358
-1
5001144871
10500455407
7623093287
-1
1149468207
-1
2653465083
5643035576
9298464611
6296333449
7755136665
1654497849
-1
3619773420
-1
4412401705
-1
3095077739
8124266412
-1
-1
-1
5590209706
4229984946
-1
-1
5734582230
-1
2503996546
12806541895
4496432468
-1
3942334365
8806981799
3651424075
6361721624
-1
9163401361
-1
2403134462
7978924352
-1
5384539151
5026615654
5399787122
-1
2468523742
-1
-1
3137552465
3683934223
5064854255
4680767623
7980118969
8315435443
-1
3161002260
9300563828
-1
4322404487
6903502291
-1
7074655401
8239332165
-1
5647250238
9094265851
3248031182
-1
7050767881
1890625755
-1
12745599729
-1
6536429030
-1
8256171824
-1
7922166250
-1
6156723711
-1
5700904381
6877839039
7198283654
9808457776
-1
-1
5660228758
11459910039
-1
-1
2757396715
3374519524
1141843248
-1
9877880602
-1
6807560381
-1
3956755154
-1
2622770037
4840217947
3813388136
11475785294
1852289238
9155345788
6758767996
3172181525
6476638088
-1
9220758082
-1
3938379591
2917067949
-1
3655665205
-1
7237853583
4945751123
7820177523
-1
6430319423
1896326524
15094235173
-1
-1
-1
3024285471
2930996041
8805046343
9023258456
6192672962
-1
5031147641
9742424421
11857658733
-1
5444524490
-1
4070195048
12050199970
5731886919
4168442934
-1
4015498868
8770379865
3238044215
7389641223
6753155693
1842844519
4768406665
-1
8162008352
4325378026
6148950872
3272974468
4665175046
7764864090
4489398069
-1
-1
3429730570
-1
2604194409
2775178339
-1
6576987535
-1
8411820338
-1
7035820178
8470626527
-1
2941020502
-1
2133738835
5903781846
-1
6048506945
11109817540
5417031678
-1
-1
7851938690
3578072682
-1
4906069577
11503780273
-1
3834945742
8275374273
8415285538
4294337817
6378407518
-1
-1
4618524935
-1
6745998774
1073783537
6807507234
6715194761
4246958516
-1
2548892396
13804453812
-1
7739348929
3945339621
-1
-1
-1
1790953901
9206811130
-1
4607741578
-1
8653688710
5387980511
9322747894
8916386527
11324252308
5181843664
1620269913
7313389438
3308718833
-1
5079154051
16035219880
10765058825
3820094127
-1
-1
-1
3107217433
8270195288
3596130074
9170768862
5842002569
-1
-1
3489173843
3845506871
-1
9548119735
3932472566
4721452019
5962985257
-1
4928938588
10081304368
4537921778
999505497
-1
-1
10289232434
-1
3085594856
6361130710
3731310231
-1
-1
10360178792
4706115117
-1
4490891676
6226833828
-1
2714131188
1479483102
3963829843
1900541037
7831571591
2107082848
1908168920
-1
5059219849
3378672996
4719703018
4370923587
-1
-1
7561211811
5429007559
-1
-1
10251283735
6257253543
-1
-1
7001418249
6996152765
1425532348
-1
8101634576
-1
4281375694
3307190211
3632361619
10989353696
5221754422
7033903299
4179237434
4429371664
-1
6106775621
7699168810
-1
5865490306
5732192388
3821252314
6837058317
10108633689
-1
-1
10427284689
5324496853
5535993436
4160610506
-1
-1
5226146067
-1
2686844893
4600087645
5188204438
9241561965
-1
5883259872
6966958747
10111237006
7727935918
6035499978
5157415340
-1
6549673097
6096245065
5134830240
6827567872
6408013849
4552582894
5937283241
10771537016
7360649964
-1
6805056176
5773368521
7907211031
7565891389
2385701526
-1
7683643012
-1
9997318357
5308801939
4431840327
1686304770
10931647551
4292717999
8077821982
5967895405
-1
5063167421
7875780824
4185279149
-1
-1
2939269268
-1
2757183324
3782136057
5313503314
-1
5484999887
9948708907
-1
8989185709
6048506945
4368413302
6094433121
7082198186
-1
6049442012
-1
2287321328
5389896969
6524124364
5933216008
8041192221
4015061157
-1
3827818574
6030980503
3077309503
7427129786
6535543627
7845183651
4338393167
-1
6248504504
10006853331
-1
5759197018
8916386527
6845016755
10319575401
4907476759
5671326803
13986929358
-1
10657944871
-1
-1
486852327
7027668162
-1
4356320450
5777903119
5977687068
4748354510
-1
-1
4891176670
16838728358
5014419754
13206077355
3202528629
7614134246
3674564675
5812705464
3589720114
6341480930
-1
-1
-1
7006429219
7161322948
7116151837
8069106445
2564160803
4888596774
3261494188
4772388682
1307625822
6823395433
-1
3914272136
5481430996
9179781688
13889906305
8945676826
-1
6314730825
7105787499
-1
8350919616
11380858817
-1
10243232241
2603963858
2208403189
-1
2565852553
6852685678
3065116737
2436265349
10493436688
3231187418
2477771603
-1
-1
3250916995
3555961247
-1
3502992610
-1
-1
11567744783
6606267055
-1
9563511489
9567310056
4845194857
6251060733
4677511561
-1
5818684115
11533633983
6681147512
3385067217
5668381056
10333011034
8326591472
-1
2913119815
3900868562
-1
5847856655
-1
4305673879
-1
-1
3197563234
-1
-1
7985650769
2569956893
13457216468
7867511463
-1
-1
-1
8537705161
8027244037
-1
4172936634
7838728885
7620331855
6941894249
3615181151
1765583062
3770050358
5314272766
-1
9834024723
2817768103
3922021819
-1
6880720343
4635328927
7943415424
-1
-1
8578724699
4447109099
2101533802
-1
9343066340
-1
-1
10986488961
9728238073
9354638322
1684580091
3681443269
9945815490
4003506528
5183693792
2660274217
3694180864
2504170223
3288696533
9366758817
5294975207
-1
4128006287
3038424972
-1
-1
5422079246
6342811689
11096089261
3733492916
7726571789
-1
4732721654
8845305727
-1
4545807347
10502544687
9915762952
-1
7201107528
5832933817
-1
7489772090
-1
8293994713
3651678428
5020076358
7809095937
8933914368
-1
6585300831
2121562010
10522176436
6215769462
7887814829
-1
6128029756
-1
-1
5416440374
-1
6059118968
-1
-1
-1
4835192671
7070415296
-1
-1
3029119986
-1
2983421
7810114602
3963894293
8889986741
-1
5320003293
-1
7092184990
-1
2467985722
7883532648
5629855819
-1
5463929862
-1
6403068990
-1
5634271882
-1
-1
7262563928
-1
8178229593
-1
6752722163
4407743452
4438882920
-1
1575385565
6404191204
-1
8775900147
1669752882
6228166705
4621123826
3063891550
4095585956
4215266585
-1
2066387386
-1
6589422388
11857780520
10365213341
4937603015
5716562282
-1
-1
6377090189
7507646682
5263875837
1979460579
6378404750
5285878822
3636792470
2548151563
-1
5374175710
4736711572
3486183629
-1
5981053322
5961037107
9144995823
4842340210
7228756687
9881980704
805965187
2664938651
-1
3798862964
-1
11732823460
-1
-1
7054602997
3641111213
10135999742
8136763492
6486124625
-1
5163744825
7225822510
1528959141
6064692117
17626971207
2587771675
8958806047
4882661302
-1
-1
6719005362
-1
10325496186
4918522966
-1
7743984864
-1
4319868060
6330342583
2832355796
5002906688
2899938344
4515049995
6836439373
3092489653
8046197598
4400777824
6178909310
12205355645
2032715904
8941807412
6552173507
8879442843
-1
-1
16799392730
8715368005
7883921221
-1
394108295
3928657375
-1
6766198465
4421063589
-1
-1
7873666716
5383143236
2339980361
1481921581
7577560732
6784609711
-1
2180546270
11829008922
-1
5482307823
9651365865
8210079281
2900365738
-1
9581017666
5834724066
4721334205
4613869934
4305897422
7329950755
2866398668
6803963734
763516673
8336445555
3376990031
5091846014
-1
7534090262
3412596828
-1
4062874495
7494960947
2571846974
-1
-1
7680597048
4260463242
3923727982
3474151872
6798969930
8097249853
6246303968
10993206107
4236096404
2935016066
-1
3068404753
4233364719
-1
2184512343
3894620369
-1
6447319493
3536028174
238454989
9323051972
7276711787
7569835305
-1
7892944576
6498274628
-1
6535064469
3064504335
-1
2303687089
8817306412
2651292268
8539861844
2741402934
6003892486
2410395750
-1
7771752139
3745758698
-1
-1
-1
1921324317
-1
5785998292
4643227039
6572174677
5391965317
7241638521
-1
9220882339
6638980342
1360182778
5046479749
-1
6181789997
7407590796
-1
6543776903
10147003486
6470957679
3878417347
9575393993
2380190404
9198673373
-1
11073950175
8248558162
3505047184
2588396613
6806844189
4130300954
5643064253
9961599524
7507307978
5683107754
-1
-1
7464469680
-1
6188685902
8121925693
-1
8158285030
5076220051
-1
2371443593
9163076119
7538759960
-1
3954814565
5057939495
7567685197
-1
5839337334
6553146328
2872323336
-1
-1
4400799529
6126473650
4794681796
6016333334
7352308117
2043733621
6714273085
6024516210
6235063215
11224853084
3941348662
5042146933
6249103802
8757390581
10712147707
4107430836
-1
-1
5054874694
-1
2596451748
-1
-1
3854451334
-1
4951763817
6259505005
2222040318
10039174130
6266976121
9975770859
5831485314
10627544115
6188740206
7863761067
-1
3288074376
7677971259
3554011855
11293088053
1501934529
7007607791
8853678213
6290301604
6216455684
7748414771
6390568596
4936761079
-1
4764342015
1530071389
-1
4101675317
8993419017
7126846602
-1
3754714710
-1
4528721473
6115148984
-1
2534896863
5135528631
2736478587
1723456823
9091736455
7646151211
8529608325
4848001053
2769119348
11200745112
-1
-1
3495406046
-1
6666430310
3450735780
-1
-1
11510335353
5233847064
2400988798
6755531505
3454687094
-1
7300790871
6243319082
8563597529
-1
5137396859
3016810937
5855038902
2983865106
7800194183
-1
4265376834
10840238249
4579843603
-1
4814474598
-1
6025335842
2993182462
6717516253
-1
2233930964
6608478551
7824541989
4082705191
-1
-1
5347168575
2376493137
4221475611
6880995499
2810826840
-1
4150327413
6650576649
3226742898
6719122210
-1
-1
2730486071
-1
4563759843
6590512592
9610127378
4923369234
5216921996
4989205698
5732270214
3373466310
3690720101
-1
5407035391
7935602405
-1
9635795767
7682890846
-1
5674396849
6543558723
-1
4117863149
-1
2550614598
-1
5490645079
6095587559
2231887769
8804637483
4263886603
6112557706
4021094959
63898149
-1
4884824237
6071557444
5684812639
3101424687
4063502413
-1
3978638398
6403462518
10180147985
8054103294
17182777050
-1
4015498682
-1
5271455340
9083217324
5779878662
4989669573
9620251286
4569804256
-1
5764191043
-1
-1
10315703531
7855232178
4592778663
3422409975
-1
-1
14843262607
-1
5870854228
2986880861
-1
-1
16800923015
2149459442
4904150436
7437006238
5335622796
-1
11821367831
5113181519
15358792472
-1
5994522196
5653598657
3470905681
11203644699
-1
8315325461
9544766185
5540779157
2754754703
7894542548
2155955786
-1
6688285178
5757954538
-1
8310085962
3602047647
3412823057
5153633803
5379285869
7051507714
8026616122
10347505585
-1
6536461020
-1
-1
3914644230
-1
-1
3884351316
5716153480
7116720866
-1
3159728827
-1
-1
-1
12609013181
2119082854
12626323590
9655532841
13153721045
4739075987
2497324788
19102374
12886252820
10225702953
7713728158
2922410067
11316396
10173854434
5266065369
4005898713
8055030656
-1
-1
4189457037
4889894549
6097030004
2829847000
7045084634
6750090796
-1
-1
2029040224
5351686220
7622559210
8909622613
2491546796
11429349301
12155193733
3270712773
2757167092
-1
-1
2699801692
5399089078
7216552351
-1
10038916409
7940283126
-1
4794156577
-1
6491273819
-1
7243865810
10490886336
4380395277
4642565480
-1
-1
-1
3261582191
-1
2277672771
4801804242
-1
13870318974
3221697816
9377254564
3286536361
3834344662
-1
10347343192
5196609284
6236826122
2864046473
6789848373
1352081796
-1
15398062417
-1
9221009974
-1
9235643399
-1
867240399
7587888417
-1
-1
1568473202
-1
9416204933
3773184049
-1
-1
6926366985
6174856898
-1
8586519801
6129198388
2663330515
-1
5584410283
2293443932
6979188717
-1
4033450924
3384012692
12666518811
7003462733
7547171744
6272421136
11277342456
7252126496
8512919705
5144413628
6819667738
2625592364
10608482129
1950659464
6747043897
2295293047
-1
3705556030
7562055342
15877284338
-1
12793616022
9364832498
-1
-1
8180560188
-1
-1
-1
1346194441
5930880551
-1
-1
3495114800
12975286192
5920423235
-1
1888549002
-1
8388703638
6961391372
6343251656
10781231803
-1
2234053332
5898426136
10085297626
3284249036
-1
-1
-1
4047894899
-1
8353965409
5242590192
-1
-1
-1
-1
-1
5820509412
-1
-1
3511119312
11057496340
2995463949
1643716491
6475486558
4878483670
-1
9251891464
3296914715
6982403938
10653569219
1194267334
8770763403
3044051875
-1
-1
-1
1994999215
613244803
2506104961
4113203072
3987341176
5435667365
12361261265
7015448679
6911414176
6330940037
2735757556
-1
5057261918
10300308305
11655308580
2494036010
5558656007
9109521943
6871701461
2139068578
-1
4148608052
-1
9475466990
6778340735
-1
-1
6816376424
4241288968
6837718372
-1
-1
4669202715
5463893284
7398352809
-1
6688157871
3817844045
-1
5348542274
3209056921
-1
11419111918
3846516929
-1
8590317416
-1
4888698126
1835669792
2654000683
4259812643
-1
3848629176
-1
10299150866
3256213462
2607858870
2891747973
2998735206
-1
9181579730
4868182669
8031118112
11210736813
2506762224
-1
4076228845
9809885408
-1
4127432346
7980994108
2708988066
-1
3950091830
-1
-1
4288032051
11246090553
-1
-1
4180720007
-1
7271647490
2883476656
6191363217
-1
5372644324
9024515614
-1
1494002194
2209535229
7880821142
-1
-1
-1
-1
6351521476
6387723823
8469655372
-1
8885021390
3895428958
2661833516
3441319238
-1
-1
-1
4766522661
6385103857
-1
8037032171
4109725864
-1
7882739440
3823474574
8277516491
-1
3879036083
-1
2778562877
-1
7022559100
-1
8261843926
4809247124
4315402944
-1
-1
5688253637
7153169350
3834620680
-1
5223035497
1945142943
-1
-1
2299414781
7280232279
6926339040
-1
5928784688
4545249963
6608549178
3508648240
4611413706
-1
6314634074
5327586655
6838967006
3212674738
6654047746
-1
-1
4331270162
8429601800
-1
-1
8274421469
-1
-1
-1
2915114304
9449661635
3717043888
-1
8600581658
11435927235
6561136482
-1
7458272221
5343063161
4462297265
-1
5458764212
5414102324
6449070099
3547440562
8840060342
7967477320
8084598776
-1
14547589922
3814283636
-1
13394
8926781570
8606086733
1998089236
1703326104
2922208655
-1
-1
-1
4726962420
7508995784
-1
-1
-1
6143974565
5060008170
-1
-1
5268174765
3885830851
6325922896
5860447954
9904646522
5727764088
-1
-1
7289510419
9495194998
7160326763
-1
4810612846
10557699925
-1
8618329616
5779607619
8257275340
5752611603
908383509
6953712099
-1
8217050943
5358983561
2556458489
3545612365
3809772473
1665873143
5195596820
-1
6811551921
3161114919
8503507765
5919601836
6866235359
-1
12036003077
-1
6048229816
4534517511
-1
7823354454
-1
4405661474
4494331070
-1
4247717363
5570146865
9696123578
5063365261
6538320644
4756535957
7609879159
14061280498
5327021743
3629247379
-1
8028435957
5211652544
5544310980
-1
11319577165
3789440489
5571314138
-1
7205154725
6710657601
6280516470
8262401138
7425696118
2531355115
5951270088
-1
3063284699
6893567195
-1
4172332935
3972317960
7616808720
-1
8731005753
4803894849
4834054369
11558206475
3506204437
-1
-1
185357
9340587024
-1
4922759096
4919788446
-1
5343071160
3895103773
3975214319
6234995028
6718881018
5638511815
8017630237
4970904633
2769119468
-1
-1
5263465600
3990628801
8346093631
-1
12361497233
5964748481
-1
2548921595
-1
7567487994
8125254753
9270897616
5640214404
2844285655
3703824619
-1
3035118670
2990298949
8925113970
3856339713
9640379317
7971827421
4511009124
-1
6479672941
3362080390
5022457836
7779749622
6503493523
6587062000
-1
10848941328
-1
6255295207
-1
6947126392
7527577352
6426292505
-1
7123003110
2525851354
4329757088
6065026445
12260207242
-1
4925118162
-1
5715043660
5222797998
6405652581
8658445677
9353427168
11740725557
8963046699
4872638032
5668928771
8475988847
5456247019
-1
-1
2794590699
-1
4408088925
-1
6820734031
4564172789
3300729604
1558451340
3243361522
-1
-1
4509517028
2396983531
-1
4625658859
6800093091
-1
12133181978
4237086952
4544989602
-1
9143986113
3248839964
7401953440
-1
3836670820
-1
6296183007
-1
4340307066
-1
9246895816
-1
2602908075
3420514172
6737645985
10478097797
-1
2675326216
12423758042
-1
11706770258
4541218052
6508611472
2136296370
8840085295
4001284135
7546397751
4263755913
7667980705
-1
8968648575
-1
8727844664
13998790127
5653937688
4546492535
4692805909
-1
-1
5874824455
2433273596
6688159443
-1
-1
6298375898
-1
-1
-1
7193545784
6284914169
9501129026
-1
7338010668
-1
3033718677
3475846703
7482873850
6090521801
5224074607
8724568526
5596141140
5321007456
5308866097
-1
6428322534
7975238561
-1
5032125010
4775145252
7640422776
2799885586
3637015333
3928449538
5980990263
-1
5439868380
6278040933
4604883435
8257817957
-1
8331318927
1253566976
3259778949
10167741912
6900998584
9056079851
7666954061
10595910157
4156796744
7973017671
-1
9598138500
-1
-1
3817285880
5812548674
7092144673
-1
-1
-1
-1
-1
6220258097
-1
9141860291
6957467067
4759904866
-1
-1
11050054938
-1
7584328096
12579133355
1261675475
-1
7483416306
4834585642
-1
8515558138
-1
10524661199
5883431992
2914257576
5249918091
-1
2789132480
7219496830
6969433671
-1
-1
7870239005
4567491924
1462756020
5716581954
5536608613
7668629069
3608955812
8453928183
2613553837
4252043644
3654173682
7944633831
7029373061
4962354486
3438630050
2394404357
6419879031
-1
4698460485
-1
-1
2513213046
-1
3393380531
8189795085
-1
9484848395
10858304073
4247015600
7267438209
8826454304
5537974619
-1
4346914562
3803722584
-1
3845574109
7583278849
5230395758
7752283111
8832643540
6815581095
620709948
5007407471
8958543613
6557496721
4870105490
4298454229
-1
-1
6375327207
-1
-1
2385479672
3789814411
-1
7736290205
-1
7087380457
5018891249
-1
9100838595
6127304100
6913096692
7440311060
13541535953
-1
-1
-1
-1
-1
8588646527
-1
7171301669
-1
8395510969
-1
11799940799
8648022108
-1
-1
-1
12873034915
5621616113
5478185893
-1
1236032689
8304379345
6741549233
3984096467
-1
8277483393
521884242
8858459570
-1
5318765543
-1
-1
-1
4904680035
5661551881
6541520627
3429857214
5801989088
7277269758
5517165842
7224090887
9581611454
1238802655
5410568429
8149741242
6748524730
5680745894
7343455844
4907672948
4508056092
-1
2234956246
4124239990
-1
-1
7838206309
7272523735
8681271871
1836020421
-1
4722431354
7566069272
-1
3747686047
-1
5476514044
9709870463
-1
8715376067
-1
4497185983
4455620489
-1
2769887703
8649053438
8322309036
867240995
10990522213
6286593902
-1
-1
3613263810
7129087204
8809047322
3151941340
-1
-1
-1
4667670485
7940612164
11333834312
6982751585
5397082424
5860493248
4122190318
-1
5396626692
2911943550
4216757523
-1
-1
-1
5821478525
7385191686
10806603082
4193901978
6775198459
8228764889
2842359760
7406108216
4452750200
3376579792
3431804616
6590844908
-1
5999836210
4840217817
-1
-1
7806923691
7014284933
8767468095
-1
7934089323
3986668859
2939581573
5391754588
-1
-1
4900802823
-1
12126042640
6989973589
-1
-1
-1
6951038051
2654004103
3305562424
4241317740
6944190774
-1
12587306632
6246815363
1461748668
-1
-1
5108352495
4047902173
-1
-1
5709136319
1418218627
-1
-1
-1
11140791192
12109196360
5209485669
6870593435
10495407376
4980778541
-1
-1
12365383672
2170833927
8279681264
6418876996
4976216660
10844635928
-1
2199373775
3993185690
-1
-1
5429507902
5353350799
2581376901
7236818882
4610329837
2170573316
-1
-1
-1
2016254625
7053731000
-1
5104136715
3392765598
11804014081
-1
6268558155
8117066157
6374783389
7245716943
1786855924
4833665692
5794375179
10553571383
4455075966
6597921055
-1
1866167036
5358473162
2176022391
6272298206
5550057924
11314874280
-1
6154767220
4237849350
-1
12288633682
7516206699
224329134
1954935289
-1
977088759
-1
5673404969
3924328152
-1
5150856328
-1
8444769680
-1
-1
5896314647
9675880071
4598257106
-1
-1
4495729005
6669710678
6185608575
4229139025
-1
8658735674
-1
9595807097
5456049870
1839351782
5434406256
6662663267
-1
8261843387
-1
4545251874
9852749107
4814641882
5022825937
4831200829
8677316589
-1
2374551650
7644979968
6969056155
2957863066
-1
-1
3081339311
5759490416
-1
7693297059
9421387552
-1
5557207990
2270012120
5945884921
7802849986
15177577715
11084017028
4573216415
4930823201
9071045637
12723112583
-1
5295169847
43847026
11445718658
5080864867
336573735
4574854981
-1
-1
4108353440
6841467103
12865773445
7831236886
4418739989
6706101369
4862811598
6087257447
4350952884
-1
4621068846
-1
5005615707
-1
-1
945466191
9912582798
-1
203149150
1730334199
3651837212
7873796236
5245429549
9229318343
-1
2769836505
3356874374
-1
14243920521
2732289383
2651159112
9970866872
-1
-1
5277229144
4470141677
10676358750
-1
3503783665
13516118725
5610853330
-1
8210801560
-1
7621485523
6916431938
-1
-1
-1
58086351
10698100064
-1
-1
6206169393
-1
2501547634
-1
-1
-1
3371610016
-1
4641116780
7511302915
6256616762
7863491082
6915347570
6458153736
4908360033
2336504601
-1
6567873448
-1
4499374778
3081339279
4880732610
-1
7191912694
2646081675
7435765379
-1
4653581776
4254829402
4727413372
-1
6552585809
4273648628
6058817654
4477866493
7837673928
13847457223
-1
9915800781
8188451965
3308835351
3298920410
4544651178
2547585450
4259808611
-1
6351176381
13187290254
3908889883
4635289620
7521520934
6298729748
7277275438
4839940903
-1
4835673633
-1
7501529649
5573221476
7003666441
-1
-1
5475462672
-1
2521997496
11113069995
-1
12067830562
9487183762
-1
7407131126
-1
3551637518
-1
12638332121
3205172801
-1
2418327978
10656753029
-1
1884178412
2013961389
9151051837
-1
3850144424
-1
11000809698
-1
-1
10684946378
9374700483
-1
8756728015
9503843971
7938235982
3123578952
-1
7646515562
-1
6201463121
3102195351
3496626367
-1
8597376208
4272529590
4538208320
7001872315
1930984501
8504254751
14699508090
6122923782
3762648902
3681599567
6263157480
7126058179
593385765
2449578686
-1
4055368750
7945846340
-1
6959155646
9832332599
4905187333
9455772863
4627236543
-1
4934102418
5840386168
3259951541
6935976042
8946209894
9259473209
7877130865
3573402811
-1
-1
-1
-1
-1
5349776971
5715082418
9030935426
3224549055
-1
2087384350
-1
5647531444
-1
9693884913
5613251913
2472013485
4017011857
17123890616
5369292961
2506250019
-1
5884992694
-1
2645990082
3366419983
6235608143
4518840915
6636348656
7334000652
8630819473
3525971588
11389057905
2949094665
-1
14023031712
7425370613
6533844272
8068714806
7057992377
3500394837
6039055312
-1
-1
12085830018
6135413690
5731063887
10903142854
13505684792
3615183304
-1
-1
6780559922
5774527646
14342606419
3602463277
11529779582
-1
-1
5430525024
5757726115
-1
5575960682
-1
11847574225
8663945210
11401796728
-1
6243911942
-1
9785891487
-1
7011804067
4811639824
3187141154
-1
-1
3844663696
-1
8794675838
-1
5144948807
10058164981
5212753039
9034554392
7300529654
6356928884
-1
7337569289
5608415933
5280489424
-1
2767280848
-1
5267028521
6836299076
-1
4717847111
8574660663
4929673934
7952913558
3044856226
10283534016
10985967258
5252021245
7899492974
87382596
-1
1708975634
3625811170
6692180077
7768291175
2438331050
5211934721
9978259649
8405909658
11934359164
4215868563
12132019571
2413782250
13264184096
-1
-1
-1
-1
10783956589
5785734957
6946432400
-1
7044282689
10627922182
4365254755
9513422500
10816860012
-1
-1
6401027771
3644027949
-1
-1
5436405176
6147570585
6975443877
4279074189
2987776739
4698760513
8038808439
-1
3803147513
9739236496
8233693789
3839834744
7391244070
-1
9025904752
-1
5054456520
-1
3698721911
-1
5742564503
731606374
-1
-1
3309195630
6023350796
5017288495
10623698397
-1
6888186745
1345023783
4671298223
-1
5713035278
5758299967
-1
5884471851
8426338914
7182057620
-1
5477212280
-1
-1
9029338739
4469238744
7806166593
595299908
3883751515
-1
11820104645
-1
-1
10379406836
-1
-1
12978346544
6095615296
2962425052
-1
8711049848
-1
1378758151
4000589313
5306739432
15828889321
-1
-1
-1
5559288286
8002773288
6260060433
4709264584
-1
3901757448
3443836207
-1
4963777333
7400419080
10164353030
-1
1050223569
-1
7431371151
4775507275
4455246582
-1
5610266721
8503768436
-1
6337353954
8060941767
10430360051
2685086559
7053269303
962727157
6269315939
-1
4121911036
4147242083
8953774619
12094837312
3603359104
1908168920
2432318941
4959403496
6910974094
5955528495
7495849018
3766756287
-1
6637783132
2811617355
4863905142
10655191599
-1
-1
-1
8898101288
10072471639
8609442856
-1
10517159806
4537591166
-1
7479852640
7371089254
-1
-1
-1
-1
12797476417
7390492871
4457584644
-1
-1
9658387846
8895076147
-1
2687190942
10255191865
-1
5794188443
5445679510
6048266151
4219517530
6266120104
-1
9983855019
6365033401
4938210557
-1
4562440990
-1
3555597574
5084955916
4298947206
-1
5314384155
-1
7604592745
4189607305
-1
3502375161
4508196488
-1
-1
4112962752
3948337923
5243824403
-1
9724568455
3506121103
7291727261
-1
5777658217
7396487054
8041755455
-1
2723119772
3033819076
8386637334
3912362356
5840682844
-1
4945348415
3166125279
6209891114
-1
4500716975
-1
6363018667
-1
4530610876
7187984673
4104805950
4299005940
7886156849
-1
4800043255
4270993305
6797528515
4651149818
5203417279
-1
15017892204
4321735599
-1
6772454583
4738875900
3184263466
3187070807
8032974617
4536205665
8521281129
8018426551
5242714674
-1
-1
3711330919
4600832117
2497446593
8644244126
-1
8326788903
7437214860
-1
-1
6588944853
11763158961
1402856968
-1
1757022373
-1
11415257278
-1
6085042707
-1
6834101938
6259689449
6888671465
7348102484
-1
6076298712
4138583460
3030778073
2924766365
5122006985
-1
-1
-1
7814014369
6717294194
6849042837
-1
-1
5629619973
3955605071
8970669415
1483067160
7814748103
9898655239
3515094361
4650559449
-1
5078624231
378878046
3307622290
4582876846
6680640962
-1
7801078645
5142135639
8595241522
6466896910
-1
10043863100
5443506672
-1
8599629930
9764270209
7416339637
11949611621
7176117647
-1
-1
8084150891
5088793796
6252590520
6693044076
3311117750
-1
9082444692
4943633593
3254066214
7646951154
-1
10462215363
5512784468
549721675
11920107577
-1
-1
8960531967
1477916661
-1
-1
8466037433
2789777663
4901589068
2666126042
5777266634
3450106714
-1
-1
-1
6079882
7212224020
7351331871
1786830903
5749549716
4833782682
6407298288
4414812803
8228668182
-1
-1
4504230980
3258415037
4159533527
6155134734
4367332832
8175567657
5281246254
7098686579
9846458569
2322971064
10168545915
-1
-1
1871849161
13082482557
-1
7362014904
5868883816
8580142830
7098762525
4658189451
-1
4845596007
4795201558
8948484830
4460645621
-1
3999449402
-1
7845136484
6800515413
-1
8704724835
-1
3674603850
-1
5712168095
7006418908
3729308626
7698800406
6762763471
6063940317
4133481461
4277857317
3838636639
3413052481
5180696511
7674055731
5489227247
6750176420
3720120320
10462976160
-1
-1
4012354353
3430148969
9636160350
15428865347
-1
7428496671
3638912027
-1
-1
-1
2830626036
5456756193
-1
6498879377
5402248077
5853825120
4470795976
1285414862
-1
2079583944
7998021505
-1
-1
6431500259
10008702091
-1
6317353916
-1
-1
6820263217
2708473172
5605198236
-1
3875654881
-1
-1
7413055688
3909838208
-1
4662635296
-1
3558670333
5996657376
5796287770
3148332919
7149443219
5256910040
3572139847
4409360305
6688861818
4750383361
4861206248
5036713644
6959516405
3568029707
3474192426
7859873364
-1
6001641564
5565778200
-1
4475013497
3985336348
4746652827
5497728907
-1
9384745909
-1
-1
3863336208
-1
-1
5300979230
-1
-1
9235636508
4039801935
2531448715
5885607106
15368688
-1
9320581163
6918722975
6525798131
2680310466
5206653364
4261179691
6315756149
5673251582
-1
-1
3088313810
3177761414
-1
2222779160
-1
-1
12062068754
10967400908
2513798332
-1
7718881183
6140997644
5440647901
4432002913
6534661879
8139404192
4651933123
-1
-1
-1
-1
2063846415
3826816423
5070984208
-1
-1
5853456321
-1
567519113
-1
9003466124
-1
6650571572
4797356197
8131650843
-1
4766020947
4914522832
-1
10055690451
5575841247
8089425907
3998981879
-1
2067435967
11694406609
4941717068
6184269927
12228678551
7305081699
4474693196
-1
6096772083
-1
-1
8540612313
1815580865
-1
7026850077
8852363170
-1
6337157483
3027744308
4779660204
4824213774
4535422078
3303454503
12680283309
5777936829
-1
6921882641
3427823466
3948178179
4496432763
-1
-1
-1
-1
-1
6469590127
2448200066
5609243821
6780123757
4202969216
4551322316
3928592188
4765732749
5624793603
3391799064
-1
2167131150
8889824465
5367428123
7601855746
5719710881
4940450299
6319960761
1343970402
7566009449
7453309431
-1
-1
5904970885
13584881493
-1
5532082094
-1
6140126711
3833395014
-1
12783592639
4511780806
-1
9101320427
8623618031
-1
5729363050
3658271104
5798141725
-1
-1
11887138118
8361278697
7352075616
11475605015
3125934105
7291653208
-1
9892488036
7989730125
7671199580
4296625290
5840498806
-1
7487985396
6450189561
7897182390
7048936008
-1
-1
10437154146
9342842532
7334733059
-1
8915898908
4228445531
4312686267
5250298368
12353967242
-1
9635406647
-1
-1
-1
5964928134
-1
-1
-1
6566698374
-1
9176413725
3301348440
-1
-1
7056095649
10931647551
-1
-1
6493780168
6247811853
7745780113
5658192137
5194447363
5419946055
-1
8388407243
5538613497
11341575990
7904729697
7417126164
5556092019
9804456608
3664781072
6092336797
7755321556
-1
6165225716
3274623292
-1
-1
9751272748
5311600522
-1
2986033695
825067368
5397143128
-1
-1
7484397980
4589189124
5794852640
-1
-1
4069939388
10868007848
8130601453
11672183152
2166005203
6330386352
7676664427
459391433
6841467884
9319068064
3678280312
2353655128
5261219895
9187058915
-1
4805349475
-1
6117622361
-1
2438732486
3035627208
-1
2937646890
-1
7555401572
7718460992
4558740278
3160457312
9986296633
6118442083
5963944391
8640774394
8781161940
-1
3728918945
-1
6063143230
-1
1211856309
10517159806
3670916755
-1
6418292371
9256762251
4522024200
13790771066
6374349626
2166308066
-1
5661414362
5903834506
11436058762
5464728760
-1
7637808804
-1
3301417067
6148337824
7466521828
3187489076
4365507788
3066589137
6813442319
3257541041
4406425970
9970326638
4562561893
5486755391
6487181787
3742598954
3403773550
-1
5311947834
6791438583
3517979998
4829057626
4444001680
7296849379
5838281575
6119807431
7304301999
3659198908
-1
8125267037
2521190547
6008811640
7419966074
-1
-1
-1
2437936457
5842088381
-1
-1
-1
4432682460
4879073834
-1
3987352090
-1
4902587521
1469291662
3929107999
-1
4707086867
-1
5514915505
1294650274
5052304085
6936231217
-1
-1
5735505283
-1
2693624533
7001696605
3741533398
3796561175
1417763196
3830661958
4557667426
5484999976
2456384213
5573656328
6872308648
2256938410
-1
4478856044
4049676906
6797762284
5653960736
7554178535
9230953126
7125435380
3739290765
12545035198
7684201531
-1
5272766614
1028611993
-1
4508117513
5227325160
-1
-1
8732038581
3190681028
4668917848
-1
4613088575
5047535600
3956217215
3020050204
16640422769
4614330045
-1
-1
5386594768
6887766678
-1
7533978983
5396711342
19128277670
11527129962
11162368841
8797908615
-1
10915459425
-1
9941060880
6417548936
-1
3156493900
2439048676
11225559528
5479121536
-1
4374168256
6860044821
8017719420
7130792159
4332312519
9031311872
5549223003
-1
-1
-1
-1
3042101854
7916502521
4654445585
5047619282
9473980583
4223547377
4917420607
-1
9678691745
5537133934
-1
6543610298
2810742617
6199244483
5670413901
9786369123
-1
-1
6732027991
4967145864
4810920129
-1
-1
9198439298
5519550473
10006928059
3571826431
-1
13159226633
5833067566
6587275550
-1
2990643467
-1
5958871087
12329381562
8361235035
2346584948
-1
7576989375
-1
-1
6364759661
11368555418
-1
-1
6255351326
8647092040
-1
14338010612
3179918754
5766258486
3465624986
8207584606
7226044487
-1
4573841811
-1
2665211546
11422105900
6289596220
2485373766
7348815611
4464633274
-1
14751391005
3110379306
-1
1931276817
7819768112
3269499668
6203378891
3626226396
3305030734
-1
4324839071
2477322313
-1
7851718040
8906347804
8302259225
8873419820
-1
6126166829
3817512571
8616793747
5006565959
-1
4674753299
13063357576
5148956324
7335982613
7223471746
8552859576
2748342412
-1
4763564548
8609449628
8879971335
3704456172
-1
-1
7664480021
-1
9184970315
7772011363
5572879973
7644052942
12080335352
8853095168
5640327137
6077502717
4756853524
8640504428
3075983652
-1
-1
5204431943
7196479295
-1
-1
-1
-1
5966647861
-1
10061898940
4936382676
9226602861
6352013936
3756375863
5531715816
-1
-1
12738355353
6373459865
6821262987
5975576550
-1
10722670052
5183864388
7518312563
10083429220
-1
7518563009
-1
8442409954
6697248962
9365177803
8349932861
6540030197
7181915242
6006769779
10589994559
-1
-1
9236681858
5134022879
3119810668
9233659562
-1
3261896384
4776862785
1703326092
2994511258
10037783422
4281923894
2724472362
3329450710
-1
8047756652
-1
-1
-1
8806362170
6816204046
3538514070
-1
3891449303
7124229966
4766929634
-1
-1
-1
4040744766
9708006184
-1
12517827667
2351823535
-1
8495494034
6513905618
7601495810
4592708738
4096553630
-1
6857388256
12547362414
3992617147
5213787044
5862278872
5880132505
7218240676
7579835074
4906678845
2441664655
7284367982
3368558267
4972313360
-1
13165563672
5429958046
-1
8669937888
-1
-1
8479981101
5729180558
7710591380
7399289319
11902711787
9857992963
2708855902
-1
7159721291
4492955323
2602459799
5206770609
3774398138
-1
10577865090
-1
3349452563
1694187614
9282651930
8281604415
5458610587
1256845760
7388935366
-1
6046501658
3544036629
3656820153
-1
10456923743
8536096404
7372091285
-1
-1
4521998679
-1
1381239447
5265385392
7104830611
5802998590
7483195829
4903132395
4808290476
-1
4198854683
7396371154
3241989659
-1
-1
11028291409
12486694171
3340603370
7672383056
9941060874
6319960761
-1
7113096050
5613301766
-1
-1
4605802354
4585077349
-1
9695171871
1589724476
-1
-1
5975724235
-1
7936082669
3269766784
6349326740
10509695781
9027806359
4182897301
3370976211
8931310273
10926792157
4044563033
7356031615
4153319185
3575471952
7548757711
-1
5510114273
4565993392
-1
9629527068
5237012006
-1
7001415999
4975386731
7898844294
4156073440
-1
4192598949
8061256953
-1
8208584591
-1
7113189813
6153312972
7782775853
-1
8093708396
9223199264
9162679997
6468477054
-1
8632983973
-1
8870407790
4981740351
5277229144
3477598410
8189578134
6756921514
6042553116
10199654411
6092278741
-1
12803628099
5002902847
5345083916
-1
-1
7199917452
-1
6748807871
4148734842
2692861602
-1
4493441924
2696573438
5805305656
-1
-1
3277003109
-1
-1
4271367971
5674379517
-1
5730529189
8240407447
4614319264
-1
-1
-1
-1
5525747312
4431295595
4604614334
6722508606
3235623027
-1
-1
-1
5471613941
3717413159
-1
10542806091
-1
-1
5146369488
-1
5376498745
-1
-1
-1
3239591617
-1
-1
3277882845
14858970243
2226562054
2246570997
-1
3180586764
4796552440
5326482769
-1
-1
6397971988
5423023235
7644012257
9615406102
4425174247
2848420190
-1
1903062859
-1
5257191136
-1
2963901603
5388369837
5967130885
-1
4859841382
3916452158
4718152964
3698331789
-1
12349947734
3699580828
5369773640
-1
7591520280
8449757457
-1
7477840548
11559636654
7110601767
-1
-1
-1
5316240090
5253343157
7308202201
2639488550
10005777045
2051521144
-1
-1
-1
-1
-1
3008570627
8647056534
1776467037
-1
8739335860
3909024157
2751423542
-1
-1
3617933450
3453777253
7579918273
7962197929
4543193783
4717919537
-1
4121601420
-1
-1
1855766147
2643241167
3468545661
6183925765
-1
5391170878
5045107577
-1
5127171739
-1
7600565171
3681605772
-1
2049920740
3914934605
10577196431
6841220175
7616310430
-1
3525438884
6946851928
8671359834
-1
-1
7951465437
4236293439
6009144342
8106750645
-1
-1
1055014372
-1
-1
4024820029
10181309897
9123668838
9380739893
-1
3800216765
5578607639
6126498770
8670178426
12109453804
7290331027
1465798553
5161010991
12631126459
5564520234
12592333495
-1
-1
5817080827
6307755975
2265575057
2325445640
2049364891
-1
1533189235
2542058739
5324530030
11100618269
1448196296
-1
5044422588
4595751157
3248648065
3524393897
2775178444
1868284810
4268816820
-1
5025028376
4500400450
7583715852
5284525759
6742294267
2669740435
11935691056
1752357746
9503938365
6309080221
5504941764
3624350914
8057058615
-1
4189546406
9879166848
-1
-1
4510556361
-1
4671941795
5585108261
6974438429
3770566565
-1
1212723036
-1
-1
4002420041
10137431025
1539076218
-1
7725878616
822741064
4300058610
6560227405
2752904024
8247974191
6602381743
-1
-1
4750630783
4473284140
5921100392
6409610877
8195637997
-1
8850677695
-1
-1
-1
-1
7683919575
3621249196
8621552557
-1
5653440570
-1
-1
-1
6615484700
5636438831
3810106877
3761823684
-1
6835997294
2428747259
9105816147
6432999831
6613498869
6429634943
7042391372
-1
5144037216
-1
-1
6630510669
6491377089
6132611187
3738178246
3077100812
9845814226
4180043756
-1
-1
1987655174
11426472094
3013072757
4379993315
4547303771
-1
5878605024
13481223058
-1
12058774956
-1
5646772902
-1
6179112469
2898121905
8623646625
5230149557
4585121998
7857161851
6685964218
6690343825
7841165265
7663577038
-1
8721790126
11443539149
-1
5803742510
-1
7622046584
3028262376
7445401995
1784733893
5987125451
-1
3752326920
4993837878
-1
-1
5665062910
8107674242
3236574306
-1
11494372596
3816693828
-1
5683055475
2512508343
4269390135
7008003467
-1
2563192942
6372982563
3481515025
1277932538
5043844677
5481071739
-1
6683855914
2895528230
-1
6645219213
-1
3844999787
5393535546
3589249369
4864700134
10901400088
2776729334
9136398973
4981262394
-1
11759020548
-1
2821387822
7023696712
8298899238
-1
9013607997
9911796257
4056006645
6119097941
8199799427
8538970285
2838179686
-1
1585485008
6835312506
2773135739
-1
4958163355
1113124320
-1
-1
-1
8221686292
4801729126
5650640705
4280925855
5522383661
8280361109
9275012233
5538035144
-1
6253165727
8165506121
3861432485
9089332297
-1
-1
-1
5479854054
11064275574
-1
5455826831
6263584536
4817563923
1302107
9412379119
5838878099
10262249125
3819316661
-1
3308456819
5381493627
-1
3793382152
-1
10881481012
5727371548
10689979419
5781587324
3953065738
4916768139
12231399555
2745062048
9465127940
2409703414
-1
3560642035
3826109558
-1
8610460426
-1
3883747511
-1
7521258512
5388282650
3941348642
7571088286
6697263645
-1
5724995655
2659332965
-1
7184270830
4569066192
5053584637
2031320477
2260968394
-1
-1
-1
7735414682
4939048805
13425249913
-1
6548031593
3585465910
4079283387
4784921160
8868797570
2083199057
7781927881
-1
9239912047
10900050204
7503706027
6438322934
-1
-1
7761510719
-1
7011910580
-1
-1
-1
5066807397
-1
8495312346
5886860468
999060564
5767390295
6059491088
6160242272
8847301410
10989330936
4647617196
4081182152
4673969992
-1
-1
5183187574
5532755834
4946583813
-1
5865095329
6152152030
10872285021
2469774817
6041430400
10899506739
4930729581
8425657832
-1
4796572787
3295534447
5005634339
5230668458
7269260853
5404546395
5688821246
4382982921
-1
-1
12985292622
8722139247
2449593044
4949327669
-1
11809425883
-1
7165709641
-1
-1
2316911287
5353555170
-1
6675858871
5830786696
6312700009
-1
4941885528
11460860771
-1
7029675915
7108072812
-1
-1
-1
3069657215
4880426754
-1
3941484113
3906244907
-1
9651963590
2894077735
7114607629
-1
6674314437
-1
-1
-1
5999883906
4000029696
3505973112
6524124389
6578706567
4315354716
6187809206
3408710819
1662622032
4732954379
10514780933
8729308043
3771273799
7173094409
6597246765
1851769921
3462856051
2638183448
2895901923
8346494386
8843654555
5360565260
-1
10680487810
-1
-1
-1
4641308400
2347425094
8451153682
2221336159
7212046469
7974917700
8934709178
4098165978
4159516021
-1
-1
6243069329
1794323651
4681778135
4523120351
7501240463
-1
-1
-1
2716834772
4412093114
7055194037
4247238304
7224173284
10257604155
6231301484
-1
-1
5544227605
-1
-1
6994534139
4477973573
7305967792
7255348173
6543565261
6162963423
2721519025
5904949146
5838919999
2446136992
5550701096
17567661169
-1
8316731684
3547933664
7077530945
-1
13111893127
5936750559
5733342403
-1
1903062922
3568421833
-1
1696653496
9165290469
6797140943
-1
4301934219
10382997400
-1
12348176103
4825974926
7233102091
4303881789
6594968007
5682304439
-1
-1
4054946589
-1
5128048077
6355549015
6116517191
10903142854
6135781900
4770317452
9742524059
2573567623
4945514813
3505047184
-1
-1
4851293533
7243669673
5206479850
9638603539
5498285346
4441698797
-1
5333085982
-1
5244303896
9147574303
5130211704
6808634999
2260844022
-1
-1
4298546846
-1
12146056848
-1
3054335196
3352987935
-1
4071216816
5213958964
3830709772
-1
1414454776
4020277418
-1
10147633913
7377542895
2328825243
6958657715
-1
12601067640
4884984748
5659262249
15106362685
-1
4538017438
6311633237
5629576581
6260781285
4957549478
3428665265
6701284516
6120722179
-1
3934317515
4239701533
-1
9482658472
-1
12853645349
1283210598
-1
5550701096
-1
10960775935
-1
3040961621
7171429812
8331741663
8530011805
8327217499
10256032030
8852431590
3135851440
-1
5179918664
5941604397
5546223781
-1
6009777572
-1
1342474342
6690178352
3260334617
9283360133
7994493741
4662879347
3432278557
-1
2987432819
4014740989
6205568396
-1
-1
4449203125
10087087808
4395689666
-1
9186941859
7390603734
9881710855
-1
-1
8152920134
5666401911
7409359874
4634743795
-1
9347578153
-1
7875389783
-1
6310613215
8680133906
7084799774
-1
-1
4165266375
6106179523
3674485879
-1
4336590021
11512903358
6920969023
1447288246
3447208597
5061798445
3177931664
-1
4245817334
4908430145
10435085149
-1
1609744881
-1
2708030601
10656391801
4651933082
-1
-1
-1
1853803793
11573567928
5584748071
-1
4689235301
2779802550
-1
-1
5150329906
5367710369
6575477591
6424559432
-1
-1
2173520746
1418447371
4740978771
11211085959
9680948954
4676882201
5759727344
-1
4263444233
1962390053
4139988819
-1
12481790328
7393456930
4992557478
1411219351
-1
4025619370
3817644327
4461980240
-1
8127608476
-1
-1
-1
7096632908
4686118358
577002921
4327145108
7770314961
-1
8837583285
-1
4024576993
7039279798
-1
3156965098
4986206444
4326373231
-1
3087103327
3681651205
10510339695
5367184809
-1
3371415899
-1
-1
4942327701
-1
5276173784
3564818609
-1
6923186609
5750494138
3104680413
4322630805
7577926840
2958991232
5540379358
11344858467
4589808861
8851151514
4691422646
-1
3214371342
-1
8425034227
4454742611
5156852180
-1
11679516601
6216455683
2001859609
5379010540
5486219417
3912608150
-1
17537489605
8639868772
14114061238
9933058592
-1
4932172497
7233360982
15113099592
-1
2347481669
2538916293
9251891465
3310497171
11039460731
4081542275
7348608345
1658643725
8947255430
6733724661
3610929684
-1
-1
10324037675
3854091002
2603667117
-1
3347663401
-1
5842164250
-1
-1
-1
4466345782
2568857114
9900064433
4314610668
4947878124
6373116757
2700634623
3437702691
4289452903
-1
4449995170
-1
-1
-1
4426382278
-1
7680385721
9071819833
6273114353
5344376663
-1
7635631709
4317507500
13309344268
5015323469
-1
6131043594
9591509175
-1
5350315204
6870785494
-1
4773000699
3768038266
4825004799
4637288337
6982557128
-1
8512282252
-1
-1
-1
2880175689
-1
6045021088
-1
6134962856
2957711193
4415853612
2530682668
-1
-1
8336706728
9944999846
6169583746
-1
-1
7807970655
3296066396
5302505586
4901696810
7536778120
5198111567
10142960851
2915592913
10375141194
3346794784
3294711945
4121370852
-1
5953727102
-1
-1
4295872931
-1
3028219733
3518633274
4736385068
2215156006
-1
-1
5761800736
7840403803
7487725476
5787629812
-1
9725030831
5169550255
3717075711
4395889867
2244826085
6848829021
5891363797
4768625080
6869441471
4792912478
-1
6559640076
4723706237
7946921154
4715677690
6134412527
1286252419
7285443106
3582509162
3451757795
8438204750
5215148237
5482377793
-1
3413193613
-1
3385699190
9416206206
1332382763
3243395872
7577871936
4114217020
15113326033
5732090806
2448289205
6913241875
-1
3944271319
-1
2996598165
-1
13706956143
10490264425
-1
4833064350
-1
8647943943
2750475777
9862522101
5742689935
-1
-1
2762472880
4605333039
9872348538
3211888656
6809292152
3308518069
-1
-1
5874247214
1666489145
9571875665
7785345036
4872933728
-1
13127957270
4845323513
10445560405
1550974150
-1
6866243570
-1
6828412688
-1
7076151559
-1
-1
4649561145
8799882068
3587094674
5245927708
2197976144
8311680367
8559373084
-1
4864434434
6142002041
5638986740
-1
4797534474
-1
-1
2807908841
-1
6270369562
-1
2857549799
7611347384
-1
-1
-1
4568308304
11312545467
3196877417
5841893393
6984329812
-1
4610903665
4376624300
9197243092
11563943985
1918354889
2483265048
3089189399
6295012258
5217748695
7070042172
9558210657
-1
7509389073
2155711960
7501119597
11595188760
-1
5029207327
9070090399
2925526077
8101483664
-1
7548809600
-1
4378296455
8758834381
6708184981
10525143257
-1
4803576784
-1
7811468989
3871608204
8868416020
8284302454
5236086712
4530908097
13433079898
6451243093
7543497329
6811293513
6476919587
5390636453
-1
8090369023
-1
-1
1354547680
3050541351
2710796525
4339291069
4459431600
7732374798
-1
-1
7970458560
-1
-1
-1
4572418002
3708077794
4385590418
-1
11094105381
7550165066
8470506277
2777701263
2342028807
4994867000
11397229333
3751506061
-1
5208705917
4891080930
6228836027
4728530890
1311030867
-1
3951896775
5939411096
-1
8434401138
-1
-1
-1
7606978969
5535940284
5101450983
6423035138
5069135506
5396028464
2968608751
2185738635
6042341419
-1
8028638774
4636247252
9300563828
-1
7241869550
-1
4813779935
6703000626
-1
4964592297
7282308324
7140631169
7039091446
9500074517
1581067529
5583542841
-1
7983328393
2926388418
10394375363
-1
6303519549
-1
-1
8783523826
-1
7896444748
5113592892
4567898836
1436670069
6978098348
5673014477
-1
2696566596
5307169135
9138191316
5951623058
3701217957
-1
8068306952
7150157200
4531483589
-1
-1
-1
-1
10043863100
-1
5571424804
6658028210
3390284865
10494198542
8096525405
-1
-1
289
201273006
7527191204
8010316343
4546824991
1302929613
62739
5784286583
-1
6090595203
3845506871
5911683819
-1
8624696599
130505
9479813185
8562027796
11183791456
5914806123
4007261884
4823928557
7226321987
6369954338
-1
11108094770
5276346472
8996275154
5250820507
-1
10711379951
8702052593
-1
-1
6432780111
-1
-1
7497008450
6317184902
7364268856
10968098225
169608184
6387481403
9815562445
9328955491
3580441099
4298321429
9334025103
908383589
6385066427
2176988076
6766008661
5783077715
-1
-1
10175684437
9387550226
-1
10215840751
8267946788
4685598196
9423064555
-1
3547122976
3817574500
-1
6953944526
-1
1728329676
4813600129
3512906239
9826400651
-1
-1
9478769900
-1
3883704275
7792914803
6653771594
-1
-1
12284051003
5022681306
4433413828
7560814551
5071695676
5849194303
5084838105
5836322485
8265178493
8253902910
4940679870
-1
2828885497
1665461949
3840767213
-1
5990887647
6820827143
5201939292
9897966927
6008691600
6368766028
2182933805
4611751336
7895210622
6513905618
6612189240
-1
7573435237
-1
6537011105
2624888896
7711863507
-1
7508107657
4457371818
1405750475
1263566579
-1
4935148864
-1
3287407413
5930653175
5159652751
-1
-1
7102641451
6316295717
7467388986
4349699760
3873814926
-1
8529453351
-1
2413525249
6945841074
-1
2184934540
5684894523
10923040506
3065310787
5266048978
4444184323
9849811275
11863289017
5444808679
1882959843
3528918674
4457850539
-1
4681682994
1743868940
1119239482
-1
-1
3338569708
-1
3610209487
-1
8753001396
3636792386
-1
12578392528
7722432070
-1
3196438582
16176698298
7377573688
14492817939
9962702399
-1
6756205755
-1
10365330555
9761503410
6834222705
5308525493
10624216767
4545158069
5732920790
2571847131
-1
9648633125
6937081135
-1
-1
8706916635
2711860876
-1
7100029850
13606217530
1481647606
-1
-1
5146344373
-1
8693427320
7084465590
4223759847
12528145617
10306311106
3622893613
-1
-1
4938909992
13928753375
-1
-1
6749908401
11704036932
23939
4840333300
-1
4608597727
4536086288
-1
-1
-1
4401352478
-1
-1
2966386483
10879865201
7457279763
8157281523
2468668348
4753818182
-1
-1
9272203536
-1
8770962481
4052009131
5857663819
-1
4694109852
7402532417
4208381824
9200161596
5800289103
6135493241
-1
4923639279
5479694229
5523968379
-1
-1
10925928893
7807495613
12603175859
3709020579
5927346166
7198176041
-1
4185335217
5111197863
3729441543
4477584459
5389529651
9997318357
4266168292
4981262169
-1
5203417295
3851627881
5493267253
8645448192
-1
12401945598
5178995297
2670751085
10682568059
5487844966
-1
4972497926
5503603860
4586748160
2708170085
-1
-1
3925886566
-1
3855192638
4237052454
635307566
3781701045
3971822761
-1
-1
2965243291
3847492365
6192895430
7314653211
5673629967
-1
-1
7011566578
2178281006
7238625351
7740268824
-1
-1
-1
8052637108
-1
-1
3225152940
7814014369
-1
6646602675
8923995863
5274952674
4114499537
10933204845
6197245231
-1
-1
5869478675
9817548761
-1
-1
-1
4881736716
3361517926
8637586572
6961391372
4616361496
12224933228
5524901233
-1
4399496332
-1
6109831212
6667498104
5770284540
4432598267
4374403424
5745467169
-1
6679346734
8540860080
-1
5109460724
6223650520
-1
-1
8465340169
3616120707
7275716244
8139453618
7782307894
6958260101
4847003275
5573575401
-1
2653281785
2306657495
6866501071
-1
3333346962
2313524239
-1
11602606566
4374842513
-1
5123754383
16371675041
-1
595799263
-1
-1
-1
7839344831
10638872962
-1
6198651171
4575670411
6775065932
-1
11679516601
6089243895
5378226481
5374610931
1515353147
-1
3926527902
-1
8713357992
3869033360
-1
-1
5010525010
-1
-1
4869136041
5649
5558280905
6273860497
-1
7201337438
7285378222
1207056953
4661392690
-1
3349452562
-1
6180889209
7490418617
5680096642
9047841620
11439230506
2460926731
5323506341
2926484035
5491830803
11861699607
5461610
15389829497
1551498250
5244762562
1796404724
3908192384
10215750917
5357963062
6096398795
6476924678
-1
-1
2370761824
-1
6138023578
6099501618
11934035725
1881590741
8082471480
8342847686
-1
4225746742
-1
-1
-1
-1
5340656637
8431172570
-1
1288637133
4950245671
7031536611
-1
2716297102
2530895382
4981286586
2684133558
-1
2524339714
-1
2873223687
6670630724
9826374911
-1
6530611642
-1
4460872067
7206240330
5898562470
3501390527
5990313888
13584708633
5155478031
8281019713
-1
1586093007
-1
-1
4690158748
8081746627
-1
11356413337
-1
7894869710
5420936860
-1
7579906487
10297154637
-1
4045149210
4311828584
-1
6492842209
2185631787
1510038835
10810459008
-1
3033625638
5829292696
3603041453
4549733160
8410434667
6546200563
3643425505
7363268308
8030570183
5267797652
2594808025
6222537533
4393285827
4521911851
-1
-1
1121364526
5360623713
4877547743
-1
5308044724
4681479284
2227934391
-1
6133623428
-1
1382970179
1197768523
11572500030
8671029045
5641624849
-1
4715847856
8979498695
-1
7486088020
-1
6112629578
-1
7099201902
8682824601
10489221946
-1
3150371169
5195825334
6020960457
-1
5398378368
5671886432
5515041004
10696425565
-1
-1
-1
5843240261
8446411108
6253030269
9964084748
5943060886
5603011100
10725993862
7189853232
-1
-1
-1
4961713907
8275481757
7218870474
8459188206
2791993167
10022655214
3994439866
-1
8213506979
4994973293
-1
9132430252
-1
3445711098
4461864781
-1
8445108524
4467003515
-1
5665178280
-1
9253888947
-1
-1
4949673302
2750543306
-1
4585689448
6424393461
-1
-1
3141488418
-1
-1
-1
6181263684
3772848017
3874237778
-1
4414107496
9494518187
15103555872
5671791579
4559107613
-1
11246090553
9707888628
1296824086
-1
5654741864
4269566991
5439393523
-1
9754833256
3282675771
5488387395
-1
2594088222
9312828835
7667705537
-1
-1
5079337585
-1
7030387780
-1
3349451647
-1
-1
-1
-1
-1
-1
10415275716
-1
10548537217
5233052980
6691794353
4187643634
-1
-1
7853181455
4219424606
-1
5234002951
3623466069
-1
6298375902
5997783695
5941358225
4255110073
5046996716
-1
4589405537
-1
5217748695
-1
5919094855
7120658942
-1
4978097047
3788358981
8495533513
3678389346
6815424044
-1
11957904126
-1
7130974119
8303663908
-1
-1
6811463944
7881608673
-1
5494319812
7838301472
6868932006
7319010619
1682580190
5577315113
4616657320
5256639821
11015845160
-1
5172866933
12975976461
4824977493
6216330871
-1
1729586208
3748413683
-1
9604511620
-1
7050393798
-1
3338076500
-1
3010021491
7764043228
10139726742
8055473358
-1
4422989287
-1
7681003645
-1
4387590872
8202374939
10662215239
7055147262
8885150616
-1
5203388405
6795495727
-1
6258398160
3553695326
8024612740
-1
10356205595
-1
-1
-1
8059977412
7106281492
3413827658
-1
-1
4838436028
-1
5742124650
8618847945
-1
5455137531
3330988091
7054638155
2666847886
4133462829
-1
7445578391
10295391448
9695261243
-1
3156864449
5008802192
3867302265
2936941225
-1
5969425239
3878454267
7253434769
3615160601
4730451
7808999939
10919479112
-1
-1
9470794942
7161133650
6502460238
-1
3565344550
4849151179
4556910917
4819655888
-1
7483150673
10554295606
5974356978
-1
2699391961
6072460607
6254272880
4113662379
7274476962
4857317920
-1
-1
2572617098
-1
-1
-1
17868465697
5019401612
-1
-1
3649155955
3575426920
6080341693
6226630181
-1
7068746905
4758105687
3970307468
5978475685
-1
2904460332
5765689513
8365600076
2591664724
11428339395
5873774608
4971304189
858424766
-1
-1
-1
7622091403
3016810937
4135833595
-1
4292069642
-1
-1
-1
838394529
-1
4808636680
-1
-1
-1
-1
8465284351
1101736413
2181609307
10358726976
7455054461
3762568606
7261554311
3969616910
3142279487
7389291197
11188924520
-1
-1
5841087422
2998887400
8057700431
4810403232
4506289590
5788132501
9461881955
4091907911
-1
-1
3560545288
8881661712
13151431560
-1
-1
-1
8237305766
1745494450
10158202436
2378482675
3523435579
-1
4248081805
-1
3891833702
10807630812
-1
10010657750
-1
-1
-1
11704804617
-1
15081140922
-1
-1
3551180887
9106836863
-1
11233347031
-1
-1
-1
6785909617
-1
-1
11139048858
9452717569
5462584833
9309174541
7223377739
2412628926
3467706372
3902909823
10711217144
7118296220
4031007567
-1
-1
8877355408
3059076525
6913896884
4450792778
4310632262
11775569581
-1
-1
9623780447
3456987064
5107239639
5298711307
6104243174
-1
6327736942
-1
-1
3962703777
3582595453
6853003297
-1
-1
5379995229
6516554181
9212379592
3519200334
-1
7133467349
-1
8044996070
4603601847
3235511862
-1
8363265200
5042971101
7837704669
-1
3282987766
7587306089
1310917037
6846982279
9114287108
2050787485
-1
6612853621
7241930762
6683538507
6528492801
2766402313
-1
-1
7037769889
10759489336
-1
6635765908
-1
5323231284
9342567080
6615385966
-1
-1
86228883
2179568752
9614840614
8337896946
2686556301
-1
10507190695
13266048865
11810992513
8294634238
5374962542
-1
-1
12383578450
-1
9629935014
4790551624
3662790458
6768320054
4469472640
4702186833
4319727787
2356376222
12525615261
-1
6603708045
2911716707
8080753236
6419162567
2959244050
11138731060
-1
-1
6972018440
-1
4163648244
4010129332
-1
9629581095
9628983949
1924817835
-1
-1
1432831778
4526589424
3308648465
8166550898
13440678667
3181704236
4059997747
4602984590
6878965700
3369228463
13715697022
8202686350
7117769703
-1
7744275662
4702075718
6850322089
-1
5386953047
4159433337
-1
-1
3575007521
3001150211
6152913352
-1
-1
-1
9361727478
-1
4711219765
8801183478
7154954041
-1
-1
-1
-1
3661816300
3517364980
5565501159
2486627837
-1
-1
1693507980
5462034430
-1
2381948009
7738723036
6016807466
8491131867
-1
6602608862
-1
5200368032
6752868350
-1
5585475752
-1
5539036813
6156552805
-1
13449902732
-1
5627717641
-1
7681835775
8545521701
9349731414
6036058149
5524208265
169850589
5900211031
-1
2316686338
10631355515
12706322282
4772263117
2651714007
4645734202
7762676726
2085672928
6986388329
6535159689
-1
-1
4167997484
2144233503
8991188925
5896687538
5530214772
3756485586
11275281774
4932782194
-1
-1
7269357156
7969196446
10883815689
-1
4955305431
3839710299
7987563091
1775247098
10678915361
3917889726
4422376344
-1
6187537806
3503813704
9235192097
7696010932
2753013042
3679657376
3944817034
8951278635
7901346145
4864005117
1206693414
-1
13180354129
4679141811
5880740984
3560326016
-1
11300054875
5739116411
-1
-1
3217023767
5445161651
4192249845
-1
3611370775
-1
-1
5163574466
4013084263
13267419455
2572788208
8356778807
6718296777
-1
6082503108
7685565054
10385387449
7500878554
7233497460
7956029520
-1
-1
-1
2990503957
-1
5745382545
10044212988
5411748058
6628973172
9364152957
3819769791
11324252308
5237364177
6879938153
-1
10030880375
3164331952
5076808781
-1
-1
-1
5283941971
4483382856
-1
1231023654
-1
-1
6756925012
6091566229
10369363449
14278028919
1136148021
5416758655
3542877625
1889079793
-1
-1
-1
5451046047
7626685539
-1
-1
-1
-1
-1
4634461546
6851613761
10873008170
2944413310
10080950971
-1
-1
8464341892
6377476801
-1
10796563142
3321987591
-1
-1
-1
5450771620
-1
7605758507
4252864696
-1
10927361319
-1
5594505063
4418793977
8465769526
8616480873
4191285805
6480953203
6242604354
2504799151
-1
-1
-1
10068179556
8426800690
2449465818
11235216227
-1
-1
6049392623
4314266039
9779277985
-1
3081615662
-1
-1
4223906301
-1
-1
3541380650
9104713776
-1
-1
-1
-1
12569689335
-1
-1
12200386277
5208334027
4378414646
2243123204
-1
5883932209
3676930778
8381601193
3346345573
9513910015
5432961803
5848376728
2853367614
4477677805
-1
-1
5182837351
3499133597
-1
10409675173
5577305784
6601175071
-1
7829757419
4686390152
-1
14507545964
7679300710
-1
2485569091
2017846857
-1
5704719916
6602408846
10899251025
-1
5956634472
4012221905
6094329643
9124256323
6149982379
5477595616
8778236310
-1
-1
7290715179
3030852263
6045755517
3702289470
4005292925
4492207486
7037791511
-1
5684252552
4042928764
5157178010
1783589341
12174923967
-1
5261557041
-1
5735626188
-1
3492108638
5194558163
12161174788
7987775899
3399226529
12633349080
5529230257
-1
8676668665
2297180815
-1
8058073730
-1
-1
4431735422
3214735400
-1
-1
9181929180
4019089635
3666148942
-1
8282566606
8117600391
10249986676
-1
-1
5505169334
4553610876
4480415048
-1
5211547725
4917876329
4922045334
-1
738882787
4140327610
12052098102
5695129836
8368015211
-1
-1
1138386720
-1
7132427835
10158552080
-1
-1
5463389027
7327190426
7476968027
9412856267
15834912216
12417284766
6200938013
-1
12547906254
5718367629
-1
2494808783
13669673352
8471373419
-1
4096125700
-1
-1
13132538383
3618708865
3669018075
9454900111
13169240960
6490991812
-1
6036492547
2479031070
5073717435
2322710103
-1
-1
5099415202
-1
3253284618
4236736133
-1
-1
9962923426
11071112463
-1
-1
8169420942
-1
2145345877
-1
4616581326
-1
6336184053
5230751150
6534743033
7635108725
3830438472
-1
7400747505
2914840642
4391385924
9548751773
4108520432
8049246590
6002046283
14015632859
4443079913
2362511036
3701689982
4510052890
6706958901
5744004839
-1
1286435108
8430189943
-1
6195123817
-1
8565058802
8272858068
5062652022
5287090663
6764359712
-1
549720993
3463135249
3151769341
4518213756
2785293062
7685643948
6391541987
6886228258
6033352701
4710753932
8121869058
10264322021
4434295874
-1
-1
-1
5613038176
5253342941
-1
-1
6996765703
9659412970
8298088070
3742278227
-1
7033440757
8722978187
5737538632
2251547957
-1
2893798327
5360797594
9796119185
4564450997
-1
8005197886
16176586607
3968890622
4305551380
-1
11000402044
-1
7333632234
1569614512
8834344665
4118111453
1946798309
-1
5155022541
7958350555
1
3756593831
3824292223
3826433717
6415254331
4909791582
7271861507
4931262904
8918384826
-1
-1
-1
4788454058
8541609181
3137130671
8329234571
7596244093
3204920074
-1
6382755634
5831268216
10287933871
-1
10107229457
9205310167
4261468099
-1
10928308493
6816673890
9206704795
4965363843
-1
4297852319
7858302129
8909337664
6131824267
-1
6967977913
-1
-1
7128870078
7109981566
8965614169
6243090106
6374842729
2758746497
5870309927
15702382478
6692001662
-1
5796823134
9180367996
4315402461
-1
14113397335
4320854094
8433179059
-1
13168772373
5392525478
4777176620
-1
1762799105
-1
12267821115
-1
-1
7309271103
-1
4594823334
7530557385
-1
-1
-1
15539478932
5077757516
6518464722
4828063086
-1
8102010359
4649534103
-1
7636019272
7649166018
4255623197
-1
2478847246
12577186029
-1
2680961907
8328363172
7397884688
-1
-1
4722497656
4262622943
7483551118
2467388330
7028577501
7969821608
6357874881
-1
8344480682
7169824667
1350427424
5651231780
1311447093
4270747114
5768147935
-1
-1
10808021649
6240291271
6073990976
10398008322
7914227914
-1
-1
3345621644
8254675312
-1
10205227892
10617196049
-1
4344167850
945330622
2631280525
-1
4600051931
-1
4643089933
4925899903
-1
4941982292
5228711681
3492757198
6522808278
7175098939
6722811161
-1
3109552514
3
6714685780
9722633644
89529647
7743063881
1995215127
-1
-1
-1
-1
8236034677
13005425760
4694956248
5474052166
5243723148
6827013429
3196438582
-1
5225683491
-1
6106012196
2135069192
2455519609
8199994636
3140558534
5349244442
-1
-1
5507500473
4864894499
-1
9452958141
2478789101
-1
11117214522
5902347297
6852031947
3289498755
2431348154
1657552894
-1
5563945129
9498689469
2226073194
8084598811
5157604265
4100671667
10781987282
-1
7107820481
3649311997
-1
4766603935
8322561226
-1
-1
4539308862
1220913074
8396760284
3000189978
8558763729
3685938492
6672295715
5408164713
6375592421
-1
8920576934
4511383546
4322298231
6531430246
6774458973
-1
3716433988
7094624181
8707552693
12235704544
-1
-1
-1
-1
-1
3944625013
4343060106
5668156179
-1
-1
3583026146
10667415322
9715289759
5532660938
3032008998
3939337198
-1
-1
-1
4122901463
-1
-1
4291523044
5026264887
5959490611
7801685835
8210773485
3984440123
603917735
2611008612
6850078084
-1
-1
-1
3379759130
-1
1141243122
-1
7281835936
7522728986
8403862570
-1
6155203592
8559140562
5829251813
5905910498
-1
5888889926
9668846773
-1
2152169918
4269241744
1236032663
5242845593
7562610020
-1
-1
5377628324
8764348566
4961843511
5088993338
4763564548
9768871416
4093235206
9288072368
2655912110
5400686496
-1
10465295280
-1
6517149039
-1
-1
5415557116
-1
6895695910
4092323564
-1
4277410255
12749182235
-1
5709823650
-1
13225203563
4330244074
2963698866
3080936915
3727118491
-1
1949589729
1746281573
-1
-1
3943317894
2866710640
9175355666
2556329750
4970486809
1002176169
-1
-1
-1
6301059626
3720499085
8070066812
5040822978
5677623651
-1
4145096708
-1
-1
4849338958
4476727887
4553045142
8861543317
5273387822
-1
-1
8648743747
-1
-1
3659177300
-1
6707281158
4733267056
10358101536
-1
10771769852
-1
-1
8297225531
-1
-1
3840848521
9713582414
12161145131
5051643494
5840468432
10037938746
-1
4518853955
-1
-1
8591841608
5680752972
-1
10943158879
9120597086
3419136461
4666980296
6160703550
7704092048
4628513191
3578352953
7702692068
-1
4708141989
-1
8599929934
6806418213
10513139520
3949891431
6438133542
-1
3797025286
3680780783
1354692464
8191807936
5461446710
4929196516
-1
11939126544
-1
5569556002
6713607196
10642486437
5011725447
2694659428
5589976396
-1
7805720949
-1
-1
8925850316
5518307605
4013865630
-1
7150728969
4510454815
-1
4809357244
5561356263
-1
-1
6304841452
-1
4854210276
9969392925
-1
4254300655
-1
324446600
13213428969
5073088032
4484998652
-1
-1
-1
-1
3335567581
1684881391
4621630251
-1
4751171403
9252549301
-1
-1
-1
7775031628
-1
-1
6248478803
4406144936
5889232915
-1
-1
4625083495
7285320642
2201820515
-1
-1
5456179861
3215566456
6314556326
12019589107
9466547527
7233729020
-1
5584678480
4227285300
10830949363
5522478980
9516988373
1956689548
5673750674
4125733138
4616442666
8644914704
11719904204
-1
-1
-1
4651464560
-1
8592029334
-1
2906637922
4974999194
12712555050
-1
9299393004
12088860050
-1
-1
4200720275
6527047991
2299111140
-1
-1
5124050229
7417845860
3968062084
-1
2774903696
6394730109
5245454428
11852127274
6300862003
2535173397
6252089576
5920552233
3167870321
9146911987
2228253704
4772730807
2974495765
8284139497
9184970317
6075984924
6801197210
6176087082
4589381955
4712021956
11450471070
-1
-1
12257682766
8859851023
2773222964
-1
2167740498
2510555001
6262531923
6567163858
6165324463
655774332
5200731694
5948794347
7421063021
3386320340
10811964143
5201669830
3609555521
-1
-1
6717648908
-1
-1
-1
2691533039
9613272835
3884755982
2249208648
4688304950
6737684417
13457216460
7024872320
-1
10175644847
7050105232
8868416019
-1
1623455306
9782492383
114928044
-1
3866533487
-1
3822811962
6542430121
5239787849
-1
-1
-1
-1
-1
-1
6507128917
67978181
8557483543
1851000126
6382329354
-1
10940093007
7512492494
8958600279
10742671565
-1
4732518205
7097290658
13344459636
7265978748
11910408095
10842288274
181556578
10824659160
8383254994
8387251915
4132372892
9920130367
3691899026
2460983867
3575819932
2871640014
-1
-1
1870690064
4103855306
7200673642
1328100673
4498492227
8186318687
4290032630
9438914592
-1
3586049423
5185555693
-1
-1
1458281986
4896849626
7134918621
7923156887
-1
-1
10165135721
-1
6396217775
10996648869
5837713196
6177402694
-1
2555661498
-1
3549903935
-1
2249027355
-1
14178947183
2172893871
10982576536
-1
9303578362
-1
-1
-1
3136549954
-1
6452052104
-1
2367941142
10646696699
1101809109
9298891695
5828863342
5862815823
11301462289
8478225602
-1
-1
4013046447
7355955285
-1
7878498962
5059092596
-1
-1
5584160692
-1
11119772018
10331288247
3186714846
7813740809
-1
4605163968
4608923917
13883383737
5001388595
4518705078
3828142502
4140021920
-1
2682324541
11315104499
-1
4101721921
6799991365
10669001037
15508220785
-1
2472490033
6427271469
3487891841
-1
4690549945
2035727689
-1
10132039722
-1
7630964944
2840238106
4772241943
10292222451
3956904015
7011804067
1962370099
12543454949
5156592426
7549158768
-1
-1
-1
6542745423
12473347959
13764962448
-1
13171021301
8834001298
6925014375
-1
4874028362
4071537897
6370082307
2362692309
7504408357
-1
5287291752
-1
3389683150
3867264921
2819794094
9095459043
7429133031
5401030826
5866797120
2447667892
4683222849
10480905681
-1
-1
-1
9462381227
-1
5426160562
-1
5377834569
1577694264
-1
-1
6239407871
7043911307
4608757018
9125332565
10608359131
-1
4687055975
1109376617
2468011654
-1
-1
-1
-1
-1
5182089310
-1
-1
6615199499
-1
13812068753
-1
-1
5367715570
-1
-1
4115292558
6039483618
7372359405
4706246707
6189923835
6113674927
6992443557
6667614119
12113558132
7719292919
3685429384
3967955550
-1
4456907758
3682977405
11987273829
5054451247
9011507488
-1
8705603678
-1
6078394112
2629663091
5473005262
-1
12010145696
4911868659
9637776588
3159594480
-1
2098240948
7414588342
2255957254
2992006216
12922468726
-1
-1
2810449854
-1
5321978952
10861998182
-1
5491707026
-1
2699140547
5757412479
2879955628
5773940550
4632451655
9635894438
-1
2653819496
-1
6456959325
-1
5199950079
-1
3525519349
5978028463
-1
5721178002
2754510118
2451721040
5879877722
7535352571
2807592772
4324395387
4804165443
-1
6416231562
7764608254
4091983276
10679186581
4424917197
-1
4030187627
2730297393
-1
7505990606
4083786728
8367797408
5798062960
-1
191002082
-1
8012511063
-1
1057127778
1802209766
7016559356
2257308438
5335989243
6620780823
5470511623
-1
-1
6732700788
4673988830
3980238398
13590882019
4238058961
6906352304
10502761600
-1
8712409785
-1
3642467972
-1
2965989113
-1
9362278497
7836655022
12989179526
-1
3436985851
7017224824
11568173205
8968677795
5511354805
3183620462
8197478782
5229655796
5727351074
3379169968
4464782318
-1
-1
6091077814
7180267219
4997415538
4758630811
6054814959
7561512980
-1
-1
2777819412
-1
-1
5221073298
9453699560
3298662677
-1
6977594467
7701672942
2654561481
6187725219
-1
10149831143
6001982325
-1
5053671955
-1
-1
4236834462
5969331746
8338683349
-1
-1
-1
5807404865
7564871542
4678301963
7937562036
4988042777
4852074769
6884772259
10869109268
10949453239
4994101411
10436857398
11656728515
9313997669
3215583030
5609254758
5111474024
-1
10878512102
5038195198
3300637827
-1
-1
8623690644
7429187411
3308185868
-1
3598322516
5509401476
7865114282
6392352252
-1
3989373498
4179242011
4422835762
-1
9313615436
-1
6190904510
6290375323
7536777845
-1
-1
8325480049
8222107772
4158241007
3395304645
5729366520
7315853335
-1
-1
6340315655
4422464655
4800042628
3384810307
-1
3907229767
4815005535
11937601226
4607504822
-1
11854636515
5910892299
7327619296
4111670383
3041945599
7495886647
5832971394
6634908789
-1
4162184924
10252973185
8396888108
-1
1193280794
2870668229
-1
6983959182
7541622447
-1
4394713442
-1
-1
5353421446
5044612640
6888725606
-1
5661445661
3368877024
7464319350
7187645605
8866193633
12766041981
-1
5730361668
7956644298
6476925373
10081454036
-1
13723272415
-1
-1
-1
-1
-1
5538802624
4361557459
7772137320
8352745473
8401304879
3542989216
3607704546
4507493619
7210355873
3938941491
6361815746
5073059976
11861897216
3159920139
6645750750
7401584640
5294679018
2560350734
9361874410
-1
4347371522
2696671674
10074010930
8573783394
-1
6967304610
2082935638
-1
6672330577
3556330663
5718054533
6790693829
4011687524
11353413942
-1
6377101269
-1
5394257317
8614169316
-1
1955059915
5744608755
6871355314
11261036637
7945179332
3903910159
6901274968
-1
2611008612
-1
-1
-1
-1
6468756296
-1
2951749060
9179129645
-1
4547459922
-1
-1
-1
-1
5314388615
5876158316
7501709354
5032031117
10387265613
7754144192
4906587305
-1
-1
2740974497
-1
8650098740
2172213617
1386112010
403866512
4125516051
-1
-1
-1
3979884043
7963027363
-1
11953238858
-1
8126200820
-1
2694011407
5585583499
-1
4326974957
6316604425
-1
-1
4107383891
7816506040
5623044198
12507172504
-1
7479436361
2317672173
-1
-1
7539717197
6094325123
-1
7549361505
-1
7260036609
-1
5820231316
-1
3591378230
2647975488
2709101730
-1
6320297073
11073655119
-1
-1
-1
3009945734
4122932117
3192340070
4977050766
-1
714317281
7899941615
-1
10485478207
11659930111
12136641382
8023975032
-1
4205164446
3038874416
9511229041
7009858383
6492496086
-1
3618596828
3776006504
4163887845
4664968017
5137931200
7384232134
7035781680
5128442475
-1
1502943628
3347257308
-1
-1
-1
5372832650
12070019221
6394136441
-1
-1
-1
17256261177
12403365509
7355609143
7689037216
5043941213
9280069494
4863672491
2977628063
7446428719
4598406123
14201765789
7717348927
8389034655
6565025510
10882854477
13015782817
5341643916
9861752359
-1
-1
11063039650
4517436299
3708189119
5579971512
3352082875
10645177797
4013214903
-1
3165312593
4930673535
-1
3624873289
11636720306
5075509613
12646784879
10441903411
-1
6407713850
2442881636
-1
6191487115
-1
9545138685
7929476098
2838241204
2767332354
10044997295
4740315915
-1
2165670463
-1
7022255778
8243379866
11905436755
-1
9782718244
2944347924
3199222328
5716013526
5139159943
4113466949
7581173488
2987831273
5232217989
2232193295
6283623868
-1
5982128750
5892019670
2572653488
4315556404
-1
8214839483
-1
2067889819
6757734487
-1
3644970645
4354869939
-1
5832679773
-1
3143653354
2027257014
9146520154
-1
1774728783
-1
9033783722
7568701900
-1
-1
-1
10041817863
-1
9533758636
-1
1804417384
2730714407
6104697903
3838348181
5494152447
10790571475
11379465551
7388808420
-1
-1
-1
6719969375
6466668360
7540242020
7793095378
-1
-1
-1
10937790714
6901190407
9963563545
-1
4910619939
2685994623
-1
8361779119
844834561
8843776559
-1
-1
-1
-1
1686724077
5058186569
-1
-1
9868322791
12232861512
8187534544
8393776028
8149416662
-1
8162878582
5860661399
4772499748
1921130917
6896852990
6763896150
6593180772
2921579311
9580786361
-1
-1
-1
5199116360
4065339656
-1
9268285300
-1
3384858410
7580087124
6986358533
-1
2665612815
5849416247
5386846028
6282396979
-1
1900225014
-1
-1
-1
7631174199
14511715102
8011470230
12779138569
-1
3536734192
3771538793
7953856458
-1
4022023772
-1
5655942193
6615938881
6331328977
4233763825
-1
5360310575
2968621839
-1
10176311305
-1
6877139221
12941570129
3076164393
3365323609
5662750466
2149097008
-1
3289499437
-1
8375334674
4832959248
-1
4365794282
3870069291
8164970986
9713408925
7424796724
4954202842
4587335483
6803937801
-1
9257914221
7297620607
-1
13327540329
-1
-1
1448017637
6002454791
7318401283
5500684234
10178314977
-1
10949176270
8276396366
-1
2610065034
3990428253
3284418037
-1
4027624646
3333155954
5419814774
4931213673
-1
4258619446
2277277228
-1
2575179724
3549419808
-1
3420068112
1581315521
11678010403
11079838893
-1
3019060458
-1
3243370327
-1
-1
5687724750
-1
-1
-1
3086324097
-1
-1
6052662898
3219049908
-1
13300642401
-1
-1
5285878837
6069850067
-1
4306732644
-1
3839029082
3180579304
4533085751
6058885966
-1
6381894940
6093509627
7919978096
4303405342
3323465379
-1
7385286011
9347474512
4024571579
3015778579
-1
-1
4559358370
3203732538
-1
-1
9229758126
5937718267
4787052624
12573033571
-1
3651975166
8169434916
5356523438
2604941170
-1
-1
3921998159
-1
7592905202
-1
-1
-1
-1
3961620944
4550256859
6250714178
11479231262
10559333358
7865949467
3211224482
6511779065
9105902268
3272446301
3769289056
-1
6678265273
-1
-1
-1
-1
7233073724
2883550059
8306424540
-1
-1
-1
5099608009
9767799096
6091477679
7060388218
-1
3770542439
5232596453
-1
7378138771
-1
5284886684
-1
6969378238
6847119519
6999606483
8316316256
7145300775
2549545860
4549222510
7090229323
6361482223
-1
3704321178
4381467164
4662613956
7589893881
-1
4209370720
6501801066
8053828542
12324233808
7215125198
3234554937
11131150770
4678274363
4354038513
6221856194
6758479458
6978361155
5302065393
8191506609
4358088456
6846716229
-1
8247112030
5820147651
2366600740
5911007984
6438119698
10210060267
-1
1386049510
4807905689
6621639619
7096182618
-1
690
5417490066
3244147844
14447141856
6631676435
-1
3453327228
6620118929
-1
6650312776
-1
7491985976
3861127175
-1
7094786646
8095634563
5885337005
4366957780
4929189850
4781578545
6473111013
3191633285
7768853967
8047691051
3353710874
3504624469
-1
2434473680
5635947437
-1
5557496347
5478711662
10307280941
-1
17124181813
-1
5926886231
2579064232
-1
5585180513
-1
8283287374
4843062094
1349115331
8186952695
5699988974
6389930469
5486887871
7980131865
-1
1614174039
-1
5884696376
11068503831
4808755692
4878012773
-1
-1
-1
-1
-1
-1
3242045992
4380369091
1878237920
-1
4596310492
3966037957
1370772285
-1
-1
2604489803
-1
-1
6084993153
-1
7715566152
6045142629
7718213421
5337294409
-1
7250021721
7065713108
8418770867
6021736105
6521479046
5367548128
-1
3276353538
9147482247
1178499963
4151846823
3604861944
-1
-1
7866831774
-1
-1
6487799407
5426783148
3939686280
7420547435
-1
5729180558
7403334553
5254370443
-1
-1
6798110205
12454420605
-1
-1
10485935120
-1
11595815126
3161090486
-1
6889201020
8764766842
5278926325
10746095134
4871938832
7430192076
-1
5220809340
5532624855
-1
-1
5157604265
7262312597
6795926234
5808121272
-1
-1
1135300119
4781411840
3065810565
4827184317
9163903171
8228727733
10448089214
8675886559
1656011214
6641434775
6916476236
-1
7304953318
10158826568
-1
3057547844
-1
-1
7097631143
-1
5907006564
-1
5553430107
1702491188
3686564790
4802071434
3003779955
-1
6208393251
5522365945
-1
-1
6788271494
10820687696
7322346921
6808441847
5691839236
4527581747
4404929423
2294821694
4554503299
-1
15788468668
6558391948
10628546676
-1
2244826088
-1
3134487078
2964932349
5340750950
4733833720
2634820411
-1
-1
4075837783
4987777668
9708284881
8864918515
793328549
7988993093
5038145898
-1
-1
-1
-1
7423278052
5089115018
5945141899
5588494778
-1
8753817087
5355932698
-1
-1
13151431560
8798715293
6821667916
-1
3916559596
4291132744
5522491332
1754233675
8354845325
8851815274
10032752144
-1
7887649236
2593957957
5334785675
6770884076
1773516172
5054406759
-1
7118825684
2872175009
8971155131
11226283596
5486105452
10153186277
7673870642
-1
7045194987
-1
4086295657
1278104493
-1
-1
3625745449
-1
-1
5062974199
-1
5993785052
-1
3832314877
2962162822
3508215844
4485989894
6402508840
6330185454
4445443025
-1
4243660307
7392268099
5519269896
2418861677
-1
-1
5119763229
6520821383
4389830212
-1
10198400902
4966446654
4342606048
-1
5183345587
-1
7619938121
4611751336
-1
7263677180
-1
5530639067
3782306971
3852429698
11779799523
11695089403
-1
-1
-1
7306466876
3951224745
-1
7352273474
5473684014
4153339991
-1
-1
-1
10094138722
4642128112
3458294981
3729308626
1629563937
3216757251
5191292306
6404669296
2746028461
7352670211
10103224884
12646168385
6473810946
2777819126
-1
-1
-1
10348746538
3756485586
4667033603
8541980739
6517803899
4242422882
8273415991
2722787732
-1
3479459809
3760553053
190697790
1598732579
8184710991
-1
3848255423
7814807865
2903535048
12841843141
2185543273
-1
-1
7920656884
6413167671
-1
4673997079
-1
-1
8423582096
-1
7784562260
-1
2381007300
-1
-1
6195213841
4832928288
4266939396
763979698
-1
-1
-1
3730460157
-1
-1
6136196249
5777031478
10138616124
-1
-1
13702842487
3885285701
2059221569
5846175379
5956453730
10067029233
-1
-1
9188183055
5803995700
9023870873
5997229649
2705777336
7708175278
-1
9296301595
2679178735
-1
10152268347
7417976248
4438711396
8927878175
4340528857
4845323513
8064286288
5687355700
4885653378
-1
-1
11155344282
5186942137
-1
7729285261
3765869684
-1
8454125779
-1
4219648286
3419902379
3771755349
3589398361
4571195616
6247871376
-1
9770708588
4098701958
-1
6086089170
6668591644
-1
3172791220
-1
-1
-1
4530003613
769254854
-1
-1
1079047244
5280799036
6554966112
4882498343
6727925025
7608287267
3244095090
11096233089
6997765390
4598296732
5035291982
-1
5738508941
-1
-1
2851520111
3845741186
-1
8158316203
-1
6575898967
8640367408
-1
10131035019
8107179281
-1
7777650981
8253351503
3628462586
951297739
3150185642
8593552500
7754812041
-1
-1
-1
10157501387
-1
7920710545
11704557383
-1
-1
3364348175
-1
4851299397
10244153051
2773135733
3483244352
9190979696
-1
7982579564
7487075111
5694417792
-1
1300427647
-1
8493072807
1839432893
2624845288
-1
7680885228
2890687826
9217142186
6436398216
12874946828
4734815691
5916775786
9098798838
4014171073
4444065584
9955033090
6334236413
6097157456
4228029984
3906008791
11197589899
2344657021
6058582352
10966940636
-1
3363440228
3758698499
4107854188
7441583225
3746106562
3942569499
12622940241
-1
3571478051
6983661862
-1
3204883192
9209050317
11820454200
5979452067
5634711754
-1
1288637133
4459227643
5138010533
3629203593
7364010188
-1
-1
10768321427
6199158780
-1
1373247277
10459394412
-1
2888039824
5389280603
-1
2745333521
4116104023
2317783997
5283837877
6923663286
10909858533
5475690329
6002141362
8861594584
-1
5222150619
7438224865
4265987821
9709870463
5815513686
5888211448
4280761654
2768950329
6328501756
6776180641
3346575797
9797462321
-1
4373529886
5991299930
-1
3977384110
3508350946
5566640483
-1
-1
5368395500
3784661404
6059976816
3409103476
-1
9249820534
-1
8140328452
5942702606
11421641723
8971570483
8084598776
-1
5718279248
4841393336
1488376298
5977683607
-1
1707127623
3184824655
4930954118
5769809666
6663144774
11961055910
12402154290
3113694822
8475400412
-1
-1
-1
-1
8005241154
5622393446
2654296013
5470056477
8411323194
11275621910
5354724980
5480867817
-1
3167193982
-1
-1
6916130347
6484303114
6887645690
14389071967
1837175936
2457159126
6078778692
7776109623
8383084961
4628291579
6597143695
4975333115
7122677206
6953863254
3535457413
-1
5152592606
3511926013
5125966363
-1
4586516726
1261677296
7283243311
4941821675
5247280772
8164583441
2452107866
5092470658
-1
-1
-1
-1
3922514501
7940245057
-1
2322609828
4182654361
10562643599
6555654570
3833795202
4004685584
1820378992
-1
2547585409
2686408950
-1
7861634350
6201582184
10726471175
8167297968
7074824497
-1
5728885909
-1
6088023942
-1
3035373473
-1
6479993073
-1
5534303745
9618589140
5775731034
4426242745
6111220899
4039479646
-1
-1
8277235032
-1
8561253355
-1
7812750003
-1
-1
3262032687
1737969385
-1
3384408763
8042938702
8278373216
-1
-1
-1
-1
5083720037
-1
4111117112
3729927423
-1
3918894569
5280276169
4930969008
-1
6789480932
3492094561
2662097159
-1
5456961513
5254382431
6029785599
9725721156
8545787901
-1
5511255087
1410621163
5432961803
9205136079
-1
7980338267
10394874256
3558049117
-1
-1
3220753263
4451120044
6070006237
5275886718
-1
6477183571
15107248081
5754133323
-1
9577128898
5167938889
9266334764
5107729326
-1
10248748649
6068518174
-1
5980768759
3535210485
-1
3557997548
7451593028
6602601636
6765828679
4268596692
-1
-1
-1
5546519062
-1
-1
10582093954
-1
4820980029
11850384121
4006268538
8092947462
5037108647
6477302585
-1
6497193453
-1
9395818379
-1
-1
-1
-1
1197146326
-1
-1
-1
7347627606
6498584883
5461670290
-1
8450697320
19042566526
3129508006
6955260080
8135547124
-1
9310596198
3722601657
6856478976
-1
-1
3600498059
-1
-1
5153312834
8608979455
3042983631
10499766963
4370788023
7972797853
4764302405
4538134087
3252605883
4137298000
7482904538
7875272423
6008295438
-1
8730635473
4452381269
5580305765
-1
5059533013
6737807671
3797397404
6299931015
4206267482
5759379244
-1
913426442
8710065346
10901868467
-1
5222901855
9160751239
5376838932
5472136900
-1
6275777401
3778032574
-1
-1
8291133189
3347005738
3084092896
-1
-1
4027665379
9379174715
6671336551
8281431416
4599617087
5992789098
-1
-1
8643892408
-1
4217857843
5740311655
3280141080
5611018878
-1
-1
4505143597
5527191683
6585511538
3694922863
5484010122
-1
-1
-1
-1
-1
-1
5638987186
-1
3996949849
6679772269
3577654015
-1
-1
6715979142
6777150531
-1
5402660655
5502028589
2019193219
-1
4452785901
-1
6679472360
-1
6062462073
8888057163
3497022600
-1
-1
-1
-1
4626933605
5159614533
7073608314
4641187721
4687985668
12349093892
8610025918
3608839867
11371165213
-1
7484019431
6663375068
7531542828
5066073169
3409983151
-1
7025132790
2998035368
5079557552
-1
5437394572
2290626341
7937311842
5510647441
2419452974
6053233194
2781640319
-1
-1
6256312172
2351979833
8585986316
-1
-1
6271020674
-1
4189096217
5402838983
10421080646
-1
-1
4072805613
5852575766
4277057249
-1
2345175108
9460527111
10809988258
10808429310
-1
12167893782
4609552826
7441755410
-1
2534980770
-1
12233850209
-1
4334820942
3630174549
3858637727
7652139756
-1
5216081535
7173037569
-1
-1
4996703769
5657659878
3791986285
2762005515
-1
8697313110
-1
6710395556
5207210550
-1
8268152841
-1
2289627468
12365233888
-1
-1
3729135472
7591694181
6092737803
-1
-1
6697617204
-1
4332214672
8209566256
6980311652
4418301969
6613139482
7702259062
-1
1414274160
3506133061
4139942804
-1
-1
6299287904
8934608011
-1
5050621622
5798434465
-1
6125747095
103983
-1
9770426006
3196309195
-1
-1
-1
4599720815
4253241843
4500400367
5860448074
-1
-1
7373172136
-1
4947905095
6389313544
7574349691
6391493928
-1
7253331303
5850037505
7552072473
9317419462
6820027002
6521290220
9258355561
1742618895
13237536415
3774848524
3378330084
4861554189
-1
7275775792
5493475899
-1
13100047873
4259340982
8707744831
-1
-1
8031855427
12641920305
6446836935
4108229173
1765378197
7968051728
2911901517
-1
1664126661
-1
6971406206
6336127522
5475074049
5714711384
-1
12794338162
9409215504
4365170244
1286313228
3436135592
4195407204
-1
3937521464
6839347007
-1
4668450808
6648390718
4068653624
10437154116
4668869153
9917448046
3471681345
5299662459
9120226638
4383856762
-1
5630039396
-1
7006927642
5091687919
3181708639
10084005332
-1
8894751174
-1
3992673121
7745338929
-1
7386712698
-1
7428170854
-1
8223533318
8799895360
-1
-1
2856688723
2784765075
3573812161
-1
4475531647
4533111546
5460696438
7065139053
10943919016
-1
4777815210
2470146451
4708850179
9475550841
2705158090
2474017235
2687453332
6255364108
11508501630
4696118711
6500161742
-1
4605802399
-1
4555815545
7733470113
11254181801
4497247696
-1
-1
7111095002
8469948197
-1
3751474275
5443268115
-1
3449369506
7283024665
10538520882
7388099088
4153539889
6647284071
5809290682
6664135678
-1
-1
-1
3189361226
5901366027
-1
-1
5011705345
9439231062
-1
9405066047
2257806221
4656061670
14360151405
-1
7066756568
1038284172
2493382418
5516621539
7748880144
5103985176
3850144421
3239790027
5719302532
6857981779
14097572744
5960222606
5881574753
1543947155
-1
3064195022
9616346387
7067240910
-1
-1
5615456171
5241249110
11523349972
4264982365
3472110438
-1
8369057144
7314598976
6837830900
7852271530
3887703665
-1
6740937706
-1
2554535023
7375160115
3030828166
2908057106
-1
2319078513
7455347629
-1
-1
-1
3910426501
3162982
-1
-1
13222550671
2526632360
3521789556
7782672410
7401798883
5702828056
3675272321
3132626280
10188792566
-1
5516553689
5177561218
-1
1353244515
8332850070
2850491232
5264920336
3581594305
2015572726
2241911547
6636981231
6752276679
-1
-1
3709378325
5229045215
-1
4441462955
5190220546
1719172296
2700323178
6785376880
7020258405
7378069567
7049962453
9802038360
6507999537
7918477913
-1
4519599296
8005448240
9198026740
4050019566
4980686828
3171698379
7861306794
7656100036
3638406611
6493110087
3425840658
64259653
6588901594
-1
-1
1766825943
3596558150
3884160413
8833957271
6987973542
-1
-1
7567343474
2649733940
3854941309
-1
4859117036
6884134546
-1
3500099061
5483804797
5619179500
-1
-1
8331114793
-1
5357906869
8921154984
3930386006
5884867220
4066931307
7038121177
2655995225
5313094377
-1
-1
7655192934
4013790571
-1
10610196968
4872732785
6850185569
-1
8301586611
-1
3782955913
1277950123
3318019302
2944556207
-1
5564627021
2551102849
897495959
6042275324
-1
5801249456
-1
4842361883
7892466195
4415989970
-1
-1
-1
4251713128
6089191254
5870934197
8827778380
8423398205
-1
3848812607
-1
6088678129
10199988286
7868209654
6291029064
7611467188
10504899843
-1
-1
7850780902
-1
5701728196
11281843638
6166607000
5285456618
4141927637
1719172310
6102557681
4254606846
7433103479
3370546178
7763001356
9298501631
5242376350
11331102300
3191752413
-1
6816558145
3275471597
5543111358
1843461218
10081730141
-1
4932806472
4280030632
-1
-1
7487993462
1264075530
-1
2902938054
-1
7626133364
8247470597
-1
-1
11745918644
-1
-1
-1
4070311004
-1
4728403157
-1
-1
-1
-1
8335552161
-1
6939515793
7862339375
5883824757
-1
2998428600
7252526810
3680873168
5276807777
5000767996
3335619834
5710025043
-1
7337360718
9207484530
10454390030
-1
10114997211
-1
4990323714
6735709738
3891212069
-1
7840184926
2943740877
-1
5777547159
10764665879
6994704626
-1
2943855194
-1
-1
-1
6270760496
9741169808
-1
4089312967
4938818193
-1
4113833633
8933451288
-1
10078323364
2735080015
9793181883
5461432409
8485151017
9779620178
4195932253
9989813936
4116628293
5087871890
-1
4716658365
-1
12158867900
6182289201
-1
4380652207
2918118922
2811366464
7031101431
8876513609
7337191477
4384885706
4766604463
2732213470
-1
6652907556
16386186723
1314429885
2183864044
4349305309
5353198284
3481324933
8441096300
4131062620
5297007487
-1
-1
5367565637
-1
10143768644
8125841692
-1
-1
3286487933
4240562986
9941572119
13888591455
4763473321
5148673759
-1
10068988581
5934163147
4811050622
10379920529
1474250521
5595251200
-1
8136439518
7018643202
7713482467
5345247455
2995748390
3608956438
4655925502
8497164096
9746278218
5054787274
-1
-1
-1
6403226055
3951016274
1635748236
-1
-1
6184654362
-1
-1
11408310669
11861171201
7508924089
-1
7613365824
4239751878
2088983864
8258494583
14069510970
5216136554
4198726936
-1
-1
-1
3525554901
11944496080
-1
6884999647
1469288198
-1
-1
8104644771
-1
7036182500
2074479513
-1
-1
2751455153
5625632587
8762913733
7681003645
-1
7187897280
7318216921
4240126731
8530489304
4537057041
3820205675
6123733764
-1
8241329391
11314874280
6324432874
10194215768
6499159234
6875729900
-1
7139318969
14641675494
11068114536
7112200227
9700941882
10311565431
5221450838
11279033015
9475876648
11066731477
-1
7487558447
8163358329
2846010668
-1
-1
9382177535
6837015360
5597025050
10108633689
-1
6804643229
2212855114
-1
5640327137
-1
14137608118
6317431760
2057728112
3883936950
4496520498
4907362828
5172007220
2319591332
7488142450
4492592285
11181596279
-1
8081704256
10608470269
5610280828
4977071170
7252183023
4936005287
8261295395
2020104354
-1
-1
11260860108
5395393044
9380397038
2330757627
3303125360
6732997422
13323326985
-1
3765786993
7733045482
1192305520
-1
6005769507
5817282848
4285386688
11164707015
4657316259
3288077481
6708436785
5521697079
4376670079
1683784590
5220557035
4268517626
4123170155
5872226824
10202043256
7737401052
7268159435
-1
-1
-1
1700059694
-1
-1
4272477661
-1
-1
5547018956
6199614973
-1
5731375730
-1
1902940872
-1
-1
3595582205
3969235506
2322618950
4637028770
5905732784
12307676463
6595966129
3420141365
-1
4032607496
1472897602
4836931827
-1
5511468397
-1
4463521840
-1
7432887029
-1
3329201755
2783767439
4248963935
-1
7100702539
3184262333
5053850114
7307677616
9843207406
-1
1465872258
5948794395
2196398836
1477655515
5813528992
-1
7667418258
1902884308
-1
6035932351
5415294494
8363909503
5723258763
-1
3003348153
5367199839
-1
7895759103
-1
2357546204
4770317494
-1
2918539642
4305840053
-1
8528404543
5184744978
3400535424
-1
4011686431
-1
3417737998
5278430183
-1
3360659890
4571165718
1872278630
6442809577
4256094472
9336256392
5377907386
7701720901
7790654486
3703335764
4200930163
4071986525
7713351696
2701477453
4579267633
8142719160
5613704046
7576741506
1092760545
3042803343
8341640934
-1
7199127468
7467907156
5954980368
3825389082
4957268557
3075202489
2800130277
-1
5770538253
-1
-1
-1
-1
9467100458
-1
5149228948
-1
7310036487
1987236245
10672739741
6005565925
7180573621
-1
9003544523
5317493190
-1
-1
9600141534
8454252648
-1
6615385966
4121043727
7793257143
4563274972
790649947
-1
6865356170
6517343688
-1
4274854264
3287856049
5219502742
6047760146
4654482746
-1
-1
-1
6317945182
8411978808
8799952341
5464875119
11140144809
-1
3047695833
4097550810
-1
9696429075
1413427099
-1
7208206300
3000010200
-1
-1
-1
4736457174
-1
5773881773
-1
8753915442
7432117593
-1
-1
6283323411
-1
-1
-1
6382844352
14277686528
5241541035
3210282241
5203417295
-1
5851915513
6255219216
4043594746
1268110236
4678373051
-1
6650647355
-1
-1
8524610469
5134417345
5297793874
7276038978
4958259223
-1
11916665556
4349243705
6191485889
10781136665
-1
5652103579
4884315816
-1
-1
-1
-1
6779352863
2267077161
3962430502
3458997350
7639071546
1742008281
5027449826
-1
-1
4268145356
5536004636
3511119431
4965671222
6459193346
3857764569
2684402659
10397852157
3146623524
2736575389
9861038208
6541956797
6932670333
8080483413
6477280739
-1
3918341688
4885258001
-1
4926310166
4744946913
-1
6720941322
6239094180
-1
-1
4863941764
10868366986
10015256396
4729721016
7677326989
3806290943
5759930580
2942092648
4342064574
5588910512
4372312992
-1
5100381584
7946077374
5327144463
-1
681628129
-1
13043970226
-1
-1
13490574627
6346497679
5032259861
4713361463
4124686756
6768365452
-1
2380809419
-1
2703461869
7227833976
6855838084
3620006170
6668046391
4712503785
-1
5829156769
2366663418
8128074427
7038104816
6819135545
9172264004
5118331322
4397117920
4864338715
6231870520
-1
6780421287
5537316186
-1
5352951080
-1
-1
3342845788
-1
3816713714
7607591860
8794323002
2654545060
3748956377
9224516575
6271232881
3939219715
-1
5349881447
5218395667
5311664014
4785138034
-1
-1
4181219955
7869232644
6392417687
9779399427
6873833785
2246141029
9038560378
-1
3406932029
6765915633
3534400123
6805408827
6090664894
10070077229
3348907955
-1
-1
7734650706
-1
-1
2675417778
2390044263
4429591985
9540181583
-1
4545093568
3000116261
5891214499
7790534098
11821367831
2077347078
7151053791
-1
6931211827
6332855323
-1
5653550922
5775614017
-1
-1
4594226776
4940795900
2994946713
3785822155
7028824381
6045511329
5060261182
7336351001
-1
-1
6117182171
-1
-1
6198586660
13004483001
4001855402
2748668192
6374784071
-1
7227077570
5712306164
4304331987
2711147174
6928142718
9918197126
-1
-1
11798856596
-1
3941055570
2555854026
3021925116
7116825551
7081483741
-1
6574820652
4840223045
7290680238
1134867960
-1
1898797104
6860645609
4828013823
-1
8109166000
-1
2859414325
-1
3902593969
6956837751
-1
15677273616
8236985693
3471383763
6066955241
6649849990
-1
-1
-1
-1
8709869085
5164554612
-1
2771036822
9730632468
97992562
2241910413
-1
3184270182
7210337320
1434994840
-1
2249375800
1778548355
8802212836
6006146733
-1
-1
6726754550
2977646634
4074857949
5859651629
-1
6344004943
12205103418
6263226510
10534752822
-1
7608828115
4900709290
-1
6944789111
4135329291
-1
5151160463
-1
2938018284
7946566296
6937761894
3330247898
2310057519
7980385878
-1
6115961492
-1
1228147709
5744285806
12735639320
3757060341
5392427058
-1
2848730972
-1
5934522159
9369561443
4430041224
-1
-1
3673883818
4003627398
170184636
11965373179
-1
10211346086
5223526033
12726010077
5576644037
12768556915
-1
5153117300
6771856953
-1
6099134989
5597532582
4918059107
2388404200
2892107516
1477648632
-1
-1
-1
3634581399
-1
-1
6727275239
6687240270
-1
4097852293
-1
-1
-1
6602490293
-1
-1
6693246933
-1
7748288938
9858464790
3011431371
5756646600
6956597735
6117807761
7501830198
3647127040
5785607208
-1
9977571946
5863181780
4051362035
3907461781
6190877045
10669956127
5675254377
8317031959
-1
9873723006
8798566402
6820106014
4145627491
5951329476
-1
5096821150
6737606409
-1
1889553617
4153752935
-1
6292175672
-1
8028320476
4171997621
10765926249
7373930609
8921568606
8111403431
4629340425
5969376459
9083907081
6042918005
-1
-1
-1
-1
5048692357
-1
-1
3775916503
6782159465
3445519951
-1
4351604428
-1
3154826636
7409768137
6516182327
5647671908
13646824485
2431834517
7977492326
-1
-1
8553174685
-1
3215240332
2920867116
6381184678
-1
-1
8672914207
6102153788
6190142273
4423980621
5662137763
-1
5209789331
4089903415
9592981503
6010992821
5966650901
-1
-1
8084723592
-1
-1
-1
1761525511
7737869047
-1
-1
3533394291
-1
4406144936
6667007852
-1
3534949898
-1
7511998992
-1
-1
3832335944
9952238378
-1
6831988194
7845205250
7801870584
4550705405
-1
-1
8337800243
4257499376
4365481057
-1
10331110018
5286792442
7886117261
-1
5438147930
5154667401
7795239746
7505447231
3314978661
4451637863
10032275364
7973479507
-1
4816828688
4288007213
4631982812
1911653356
3762500041
10245182294
4352455721
6381976416
-1
5098355664
3617505684
3759124137
802724119
11105866704
-1
-1
-1
-1
8324726749
6316119273
4468935123
-1
64938032
5675327602
5646242536
6409219328
12886229865
11465042152
7721450604
4469152717
4994749627
8492609086
-1
1665872380
-1
-1
5027967738
9893222525
5212753039
8308356544
-1
7425361766
5038764211
6683957527
10563632976
2589057083
2016492084
4310073836
11141130324
-1
8953030538
6412015929
2031464128
8605682691
4750386790
7675339056
1342281230
6144561001
9648705751
9248320435
4961961676
-1
-1
2514589364
4897081378
754270878
6345723031
1726661412
8849921270
-1
10477257476
10591955044
1510056894
5890662801
-1
5833755630
-1
6919633906
6466348120
-1
1504010071
2595349870
6506465854
-1
6716349603
8682017576
6961215215
5846462535
3854428143
1668572459
-1
-1
6199594979
-1
-1
3640079313
2240447519
66373247
6723081961
6355525794
-1
5024618293
4327655458
-1
1876346747
4699464990
10725279274
4383667316
2605581283
-1
-1
3392152083
3650110369
3317727786
2709089482
3432997241
6737291296
6788232575
10200004530
5056087071
5399833100
11535269733
9832230241
3923993837
5212773291
10151443149
6630554427
10684783460
5723585512
-1
-1
2663824384
3064195022
3634570680
7430375652
6033243131
3638494963
-1
-1
-1
8387908022
-1
12469353146
-1
4007986935
-1
5630373988
15125340262
2628108203
4870263498
7525643844
3522754521
6986123827
14
5600087702
6428372478
-1
1572860600
5516382418
-1
-1
5121301813
10092479087
5787150824
4126899627
6535268249
7938402853
7275077998
-1
-1
7543772766
-1
6833981954
4486190453
11389964028
-1
2505604004
5810422113
5059974085
12228895027
3254028363
7277475150
6287002886
8631532284
3483713855
4121469857
1909746435
6980546154
2966980679
6687958515
7397282940
8509972254
16942916448
3668265973
8429823922
-1
8763371909
721488633
5369873789
-1
-1
2958997817
3853702060
-1
3468665474
3658653544
5984180051
13445747604
-1
-1
3213906041
3744228378
6464889693
2430730016
6491273925
4839744647
2473416114
13476257654
-1
4146459533
-1
3583144706
6667498104
2221542850
-1
2555586123
-1
-1
3865119154
9152617310
5444907220
-1
8501876129
-1
4326698503
11722826660
5701641350
-1
4976636825
4977777568
-1
7912381668
-1
4485668528
-1
3602047648
5032335781
7385460774
6232176872
10513160715
6527439169
-1
4745727461
3900868562
4247682360
3492317382
5779781357
-1
-1
-1
5587428256
-1
5286438634
-1
8283988979
4077092750
-1
7126637033
4691181736
6610503385
5746812710
4650126943
-1
-1
-1
-1
-1
-1
-1
6980303098
6610292908
5678492472
4743409097
4649636385
4024495041
8254467258
-1
5521400938
2506317921
9731763545
-1
4601581804
8491780794
7414721638
7552158908
11605901976
6291182078
-1
5914683201
5683988799
-1
-1
-1
6644780294
6508917458
-1
-1
8345250395
5471070601
2599099280
9834268650
1981849897
-1
5452677910
-1
-1
11423311630
2948082811
-1
6436804741
3732880951
5808251522
7203923188
5417843607
3427276949
5479432526
6909491760
3714499514
2200735475
3705607993
-1
4465063475
4659679113
1571851888
8365003323
-1
-1
-1
-1
-1
5908524830
-1
-1
-1
6460803924
8369894452
-1
8450075717
4739434818
3405374824
4904907688
3483380431
4953588833
7034554249
4532491459
-1
4666260632
-1
11138992228
8235237449
4563415016
3558044985
8919276347
-1
16964929439
-1
5209360086
11019121127
4540197150
1209202394
-1
6982832556
8503768436
6335575913
-1
9190246277
3549433220
3319361111
3968011856
-1
-1
11065678634
7098026253
6260555367
2556865571
4310126338
3689659398
2562190510
4530758198
7479394719
-1
7500256945
-1
7225000113
-1
2785025923
6082442793
4149048329
-1
-1
4250162249
3866352922
-1
2199732237
7008003467
6331471821
-1
3332192052
-1
4337497102
6253032051
8178429761
10433450056
7886182167
-1
3633441271
-1
3105800468
-1
7861945752
2353322930
4423175278
10954771120
6999050078
2909296002
-1
-1
3325548256
6083000317
-1
7944644516
5800459960
-1
4445849822
8371732933
9482593312
-1
6797530012
6416968685
3796375439
-1
9475100774
-1
1528959373
3332185540
7088946117
5711754402
6865599728
4880995669
7096776675
5734030362
4381587345
6630120573
-1
6164236059
4267347468
1490924248
6159260699
8764842936
6137234303
4912594527
4955574331
5941478819
8039820480
-1
5483770408
3617871198
5150673521
-1
4333964037
6463544645
10027620004
3812878563
9874046406
14350747535
4294299377
6575065049
-1
3280470812
846084103
6877022809
2785718581
-1
-1
2261883160
6912801384
6614436385
7659074345
-1
2363100752
2419843522
4633529374
-1
4627290524
7926553944
5635344288
5142506852
-1
9295356629
3730259441
3108980037
1494970639
10430360051
-1
-1
5700391193
-1
5089283219
6003973188
-1
-1
-1
5607057078
-1
2082705890
-1
4018567106
1250737780
2063238744
-1
6683868077
9232617015
5265494104
6961787999
3484050563
-1
8647572016
3252102626
6848577837
8290278801
8202834359
9420966176
8620297696
4499795349
6875511078
-1
4627647720
5498909706
5472271508
-1
8079530655
3546165074
1341991605
5845992307
3008927332
4654347815
-1
4800679480
-1
8392969297
-1
5120820166
10737960327
3583284494
10627259505
2970722443
10786635907
-1
8418261142
6247538198
2218700282
3934485583
-1
-1
8029805364
5273634904
11037328954
2294172643
-1
3521555774
10366610291
6680460596
-1
-1
5982547110
-1
10704593025
1351717537
5614057630
5317512619
7794011284
3553932325
4192263499
5440553059
7211558081
3116096602
2691562228
6386697085
6632823568
-1
-1
2892114378
1729809408
4863011096
4580501000
5038173854
8537386686
-1
-1
1804073454
-1
7326837510
4686114964
2688051077
4097610395
3024745982
4557230195
6848694454
-1
-1
8301109281
4817223192
6451609504
8036316010
5982750654
3021656508
6513017352
4301486974
4447644727
1428297937
-1
3521073160
-1
-1
9073692485
4516202313
10097985264
5602386651
-1
7421229254
4129025434
2279679140
2328741209
3354508572
8805559716
2212867218
3593365708
2592015205
-1
5558454766
4666283328
-1
-1
4183639083
6996627171
-1
13488712226
6452969745
-1
4073417258
7210678942
-1
1473744918
3296008923
4919844575
-1
7278306009
4739194013
-1
-1
-1
4736966007
6079476244
8578014662
6497365797
-1
-1
5072692068
5125912838
8251101771
3079084874
2558748065
4108313543
-1
5506408719
3847670336
10044980004
7533404861
7294994182
-1
11764408746
7043490803
-1
5821705224
-1
6296349982
7625074496
6368367746
4254434288
7308419131
6202901399
-1
3932005085
7737982859
-1
2362865368
7160055531
5227981068
12847223573
5024504533
-1
-1
5339808625
1730862405
4343682499
3368277253
5157330608
-1
2361423529
-1
5944861975
7017440187
7441509398
-1
8153528703
5721311847
2492441193
-1
6057520180
8329155475
3951274664
6438439499
2643299682
-1
4465805940
-1
-1
5171431449
-1
5070548103
-1
2958246275
-1
5668631254
-1
10165755195
6186508910
10847746219
-1
4454098818
-1
3059736405
7077080971
2872673358
4855639372
4963295423
4346160409
9072021253
-1
9287563934
3043773759
-1
3898616211
4064724066
3494488117
11631006039
-1
6923525123
-1
-1
8228731955
3223655252
-1
-1
-1
10474291696
-1
7524301997
10222606191
-1
3165312594
8349880416
3572805980
2477774783
-1
1501643392
3450012989
-1
4289789544
4616835296
-1
-1
-1
-1
5588256887
3986226976
-1
4336152015
2149030257
-1
4012350461
8177704706
2564289402
10139915703
-1
9319356849
5453865761
7391915027
5663704687
4280397051
5229220903
5321938277
-1
3823648975
-1
5486765017
3782447895
1396815058
10300809940
3811292689
-1
-1
-1
5872394844
5055807521
2890030675
7934349157
-1
5847257189
-1
-1
4985432821
9317950296
-1
7804673373
2249521206
-1
7642385156
-1
4586749357
3102452076
5876075297
-1
9512073877
-1
-1
6580998724
4086025354
-1
5678777194
5974139412
5534144965
7211995564
4690177399
7998948865
7586973550
4126544415
-1
4901024851
6829097988
-1
2464343965
1060055762
4286480612
-1
5713548922
7943818140
6168185126
-1
-1
3124305959
4903979436
4401460323
-1
12600766464
4349664230
6259159790
5603741627
6313726309
5764433457
-1
-1
4418262596
-1
4763253162
5329975488
-1
8173012780
-1
5353173199
6362727786
-1
2553359802
6858945096
8522986068
9373896043
5404836896
514477649
5359332042
-1
3437699739
5022160485
10722434941
-1
4603281868
8478146848
6677552536
582688809
4849417383
3917567297
-1
3619220687
-1
3882225662
2974589240
1793310937
4778470165
-1
3968453178
-1
-1
-1
8663518725
-1
-1
5986605070
9641114908
4405372413
2318155339
6311067390
-1
13037334911
2716332575
8167328094
2550832718
-1
-1
1659931233
9557057360
7934120707
8344363676
14454876535
2836626539
3817807606
-1
-1
5992954266
5319129898
3860199649
2363330115
6306824577
-1
4170110469
-1
5743217402
2662420437
10012368635
9670912502
7160343407
-1
3313079147
-1
2914891168
6458490839
8810246432
6930342792
-1
8482517065
-1
8952597543
6186951470
5162618463
3338103536
-1
-1
-1
9031995202
-1
-1
3761685821
7247178255
2496115630
-1
-1
7506304635
-1
8479945879
5686032745
-1
4924307452
5414630549
4788799211
6141921206
3110187693
2188769823
9107056360
-1
1098200275
5523273070
3495098346
6157464274
6572040293
6088383977
-1
-1
-1
-1
1987037328
4252548111
-1
9436614740
12463793716
-1
2618109977
-1
8065412240
4660711327
7599160532
-1
5066664900
7630412784
5247347632
5658095977
4847303301
8075204339
6853939372
-1
7404424162
3883932846
-1
-1
4640517514
-1
1793486033
-1
5880234643
-1
6025561650
7195491178
7821908408
5553726497
-1
-1
6017537965
-1
-1
11671697085
3374150594
7960890622
8261843386
-1
9499470407
7750931866
-1
8814623213
6600209079
-1
4717928700
4684955452
-1
6235121326
6694149750
-1
-1
10093697236
3414301733
-1
3873524945
5912708474
8637431400
-1
6320977950
5798815576
-1
9801263450
7494926985
7391622607
3362603182
8617410493
4522304452
8275543386
-1
4399504203
9283424321
-1
7377762478
-1
-1
-1
6101435361
-1
-1
-1
-1
-1
11195953907
16951135944
3074443126
-1
-1
1167108486
-1
-1
-1
3284257221
2875471526
8270047929
5341387788
-1
-1
10443366110
6642819116
4664682619
-1
-1
-1
2699105507
4104803027
-1
5084331432
7280601174
-1
-1
9790928095
798250019
-1
3362014452
4852298408
-1
2382241400
3487570054
7360579770
8596381162
-1
4201668271
1417206124
7282017841
-1
7972042197
9651130962
6788348591
5915702286
3829960876
4489666088
11333856605
-1
6081111365
5096511040
-1
5714343663
7068106592
1226775209
6148320776
6347733788
10567258006
-1
4303914191
3910547310
5644606576
9571731074
4162409757
-1
3158920187
3169547935
5926886231
2699518168
2498321164
7390192869
-1
11126456972
3390313805
-1
-1
-1
733923759
5320949107
5201881705
8733130227
3964193384
5579946166
5196678137
5260754214
-1
-1
6419469260
9122098903
6353874937
5055896704
5857462613
5948289213
4310386292
9115906886
4857790024
5216694193
3643489728
6454003658
6668182090
4880794736
3125594682
10896229984
6919053753
-1
-1
9634466964
8695325545
9525704784
8035400235
9255715611
4696199934
8771116298
3374244817
3773912960
4380467748
-1
1428612270
-1
3423388454
-1
3041875316
7526518827
-1
9280851607
8326591472
7074250974
2067888648
10997462325
2904463377
8436508306
6348178576
19234181015
5405829796
-1
2871475129
5416019179
9106389041
-1
5510133041
5967762453
7512381689
-1
9032804589
9350968271
7157642167
5145172878
2970413607
-1
-1
7972215
-1
7801617862
3917797398
11015420318
9139397841
8780517864
-1
-1
8082821795
-1
3878365902
-1
-1
3984763256
7531272329
9881837259
8330570083
-1
8246243100
2610957083
-1
7261666140
-1
3637538808
-1
10779374635
-1
7404340592
-1
1958748817
6157457647
8665829231
-1
-1
5912873413
3212688443
4365800251
-1
2920965809
3774783434
10668962483
7717196403
4539869626
5742233343
-1
2855089756
3254699866
-1
-1
8612184811
5665405745
-1
9071122871
-1
-1
10869449951
5650324249
-1
7346397997
-1
13234460069
9094117444
-1
3075523738
-1
-1
3404961209
5254139354
2773711515
-1
6676595987
-1
3070010888
6072605215
3176832382
-1
-1
8749529545
4979497989
14551956915
8213471125
-1
9471246984
6068815067
4405687957
3676642920
7787885363
-1
2697991026
-1
6769134520
-1
11089973799
4529501209
13029517672
-1
4728716334
10359343392
5289709997
-1
3803886084
4225171882
2424464234
-1
-1
3543253351
-1
7101633426
6913528799
-1
4888988096
3058524829
9078379444
8491065055
-1
9129327381
8431841583
-1
4447535243
6100140932
4171726607
2777800415
9550898685
8580462567
2814221494
9332571989
-1
11462430814
6635560253
-1
5820223361
-1
6703608157
2871948668
7774916984
5541178681
-1
-1
12116066178
4279258139
-1
8718858914
3322228266
5347608194
1837510713
6569161134
5555218062
-1
5339737487
3370599587
-1
5544681916
4878464960
-1
468315052
12458676251
6626076288
6257800032
7847683468
7031528621
5124535635
5841356873
3569512000
-1
4424503289
-1
-1
4506949570
2494097311
2173275664
-1
-1
5218558965
9432160455
-1
9924062977
14334063737
1878238573
-1
-1
5579868465
224734398
4813789556
-1
4119192956
5586464268
-1
3442784180
1883034373
4617792199
-1
4910768758
-1
6534340421
4910619939
11066282842
7670659134
-1
4050190643
7262334276
2189685227
-1
6144663735
3350322888
4405492841
4799745774
9642594780
4726773961
-1
-1
1212723071
10415242249
3415933057
-1
5067018883
8767863603
3956090553
-1
-1
6079053477
6528780470
6189072867
5286525287
6705155620
4161900695
6263980598
11388994447
7287707978
-1
5304981578
5452285936
3681530214
2644919497
-1
6508935649
12726010077
5761018248
-1
3962950221
9564332582
-1
4948508299
6107293826
-1
3682262464
8747381679
-1
-1
233371888
5377952108
-1
4236015402
2840814735
5324289743
9188982194
6750906152
3891335926
3639956889
4794649128
5104136715
9493766021
13186082261
3539378789
6345152867
6081308322
-1
6151230821
12837676297
5747730615
3494407283
2716395829
6683852444
-1
7384588184
4290010723
5370017346
10110419637
-1
7928311019
-1
3234240765
4773912659
8663974780
5453888189
8142964259
-1
2848404375
2608520544
3323265933
4381448193
5987065394
-1
11124027824
4368865603
4468255258
3389884503
-1
-1
8008403206
-1
5217937287
-1
6238157918
6159525136
5600516124
4981037989
-1
-1
4523867374
9983732000
4517396104
3561279355
8143126365
-1
1820848141
3527541923
-1
4440266562
5891475010
-1
6390261822
5133488756
-1
6987982695
3667318503
4208346667
6012794453
4813770924
-1
-1
5070738912
7226923563
9848453947
4161090565
5387604200
2647726234
6560697531
-1
-1
6220951504
9120340920
3369340359
-1
7920158873
4219169536
7255179840
4590291640
6281603128
4622508281
9765499621
5393618924
10291148403
2796117144
-1
10660656738
4532008019
4375850862
7493093490
-1
3427232921
9158661588
4611945306
5619586961
3880747329
5244343878
3227567980
-1
-1
3752218840
8531958833
9161441174
3581235964
8700520335
4239482534
3994288063
6971559484
-1
5559236348
-1
3237706405
4045679521
4552891141
6011232756
-1
6501059583
8720147797
-1
-1
2610908955
-1
2815626476
4272930573
7050373636
3587251875
-1
6673049327
3512099609
-1
-1
6075099420
5617956959
11311599623
4808753727
-1
14101079795
-1
8012554649
-1
4966093071
7736796345
-1
-1
4946267246
6518354311
10053225252
-1
5205001648
9026116164
5449755328
1349338472
5080622697
4607511400
9725276932
4338038564
9168286474
6338402018
6639319710
-1
2789131359
-1
-1
9481267708
4135693927
10865843939
8033594590
13868852698
8002407655
7399015726
-1
2466635953
3413618737
-1
4293149330
8650945349
6643632162
-1
1480445258
6715463522
4247238304
8782634301
5001083651
5001029237
-1
10324073085
2910836389
-1
5489602517
7624570021
10126408384
8933322293
2430616812
1444292470
-1
3475015485
-1
8112453749
4484810416
5556475960
8207231980
6731345341
1345132251
8226141911
9647905777
6765823969
-1
3872948805
-1
-1
13730874540
5763143694
-1
7785465297
-1
-1
-1
8717853330
-1
2955770040
9940204147
-1
3712423214
8220356868
4830409159
2652003516
3678284565
-1
8493945693
4283627409
2348626151
8460530063
8335303584
8113609212
3223016110
7044849526
2700836597
-1
7536546504
5756635676
11026014628
3602223938
-1
9326718217
3483576352
4968736642
-1
4358565380
7282016793
4665037507
5927355779
11602953193
5543829979
3301796301
4445879346
3256811334
8482931764
-1
-1
-1
2298390906
-1
6227302552
1966468881
-1
-1
9477472243
6080676382
10699338908
-1
9531250423
4562814884
-1
-1
10887032600
-1
-1
-1
8302022739
4545964160
7477341382
2020895783
-1
-1
5264181801
5724161500
5720949987
3516333345
-1
10137915602
-1
7265380414
-1
5056652814
10846436728
5414812809
8528404543
10476147276
5110192149
3608049452
5966804732
-1
-1
-1
-1
6856885796
3537645683
-1
4888596774
2894789126
-1
9246970041
-1
2954657012
4491108439
4920794788
3899100118
3947051669
5735706458
9067620314
3955606761
1263117310
5391365485
7719189821
7633967166
8004159433
-1
-1
5014917244
-1
8072264421
9143110234
5025662276
6454590836
10982203584
-1
4902442740
8411642477
4414553381
5915956493
-1
-1
-1
-1
-1
4688968319
9446579966
4626618268
2080199032
2569698895
11329402953
5543111358
-1
7107693280
6608500731
638399546
2634632882
-1
6808999048
7275157005
-1
5690269557
2910316059
4467406150
-1
4019122703
-1
4593475040
4567108203
6837637023
2837930745
-1
9883808413
3129034883
5034382891
3192128521
13381485242
4509617495
2680473850
4499763009
6956873549
9432213485
10183277179
-1
8744836153
12735439435
-1
-1
-1
-1
9559908716
1463793489
8479853554
1211856044
5296267187
7861507893
-1
6777581411
9513788853
10006498391
9042111107
7784807193
12705702456
4761556521
-1
-1
7402341212
3256713835
4852010758
-1
5297624148
3896056347
-1
-1
3591748194
5218959053
5443661922
10444618024
4073577556
6089371272
3929119140
-1
-1
12109892049
5010522230
12416086198
6305520152
4933756122
3632126666
8067045290
-1
6420806501
-1
9839011716
6416491245
6324944180
-1
6865240046
3305289981
4444958316
4918440292
5475690326
2600334892
-1
17267914315
9025101152
7809094980
7414765872
-1
3554412583
-1
4136016771
5565228311
8640884501
6328918330
14183261449
-1
5817293269
-1
-1
-1
5729922390
4330235156
5098297651
-1
-1
4373076869
10849090357
5840099024
4410901019
4011509471
3862417353
358571561
6939277844
7291752292
10026422852
3788326688
14417840208
5841293036
13992961185
8874675703
-1
11641052029
3605390728
4656491175
3331600020
13764962448
3159594480
7484644370
-1
12030575604
-1
7928334180
8138377973
-1
9241670574
-1
6058895754
3474986596
-1
6941838830
2079366369
4840544596
-1
4317388132
-1
3517226815
5304212494
-1
5653252176
6138510653
-1
6651465135
6428622772
5267893487
-1
5072684380
-1
-1
-1
5676433759
3269196602
5616162797
4029316030
6387905543
10218953374
-1
10379405864
7487032902
2484966001
2819221677
-1
5551260686
6199322078
3669773151
-1
5528605311
13085448258
11218392502
-1
11112132064
772527674
8682750698
5243342430
-1
7681610964
7332741307
5630487170
6154098319
-1
7055239324
8242951769
3781416924
1255360583
4029516847
5010148816
-1
-1
6115711106
-1
-1
-1
4878532737
4538033999
-1
8033570566
5384358746
-1
5074817737
-1
6393724244
4069952866
4058362375
4325847140
5613055906
3876232405
4316155164
-1
6202759191
3874897932
6479809410
8257262909
-1
-1
2575187150
5110608875
2372216487
8152624754
2331075860
-1
-1
3957374913
11609998843
5863575612
-1
-1
3694324948
9328333404
3276363654
-1
-1
895535
-1
3668084736
8107848293
2065828388
6867580717
8973217568
-1
9259627321
7344280735
-1
10653553348
-1
7343455844
3491683934
-1
3343600148
-1
4951687917
-1
-1
-1
6822988733
-1
5335913128
3540585842
8843467546
7390389246
-1
-1
6279668475
5223969395
8720712622
3732712702
3241820681
10199294091
7016753178
7823340503
8245559405
145640118
5189188031
1229571687
5181056829
-1
6791093966
-1
-1
3775533314
-1
-1
8347314224
6269864961
8918963840
-1
5295540163
1563819799
4430507995
11430874528
4706246707
3231677061
-1
-1
3521022802
-1
3600592723
3367582515
2897657870
3483248354
4952384730
4655067897
4652111992
-1
5239209649
-1
5582776098
8122855982
3982984902
6597249392
5010369311
5531362409
6849079675
2106395254
-1
6524531689
6108648450
5963078848
8773304209
3696421648
3520932250
5750494138
3895952313
6730391700
3026888500
4937509065
4170820072
-1
6618529288
-1
5917390840
4256876781
5211508965
8514011621
12591957057
-1
-1
9053089958
-1
2503416798
6535253885
1830774937
7785907215
3860911630
-1
5563941543
-1
2928712395
3590610637
-1
8805763501
3655590038
3792958876
6738184011
3540885434
9584678279
-1
-1
4773256417
3154826660
7359466641
14343324056
-1
6927640380
7441069312
5440157905
6025530854
13536364603
8930922128
3255994710
10673321621
-1
10929030426
2698902723
-1
4338458850
-1
-1
8598748636
-1
9586001944
2977646634
3412823057
-1
10634368727
5726920102
-1
7483581579
3537429896
8340015163
3038836261
4400018143
3269047880
6951967416
8378451477
-1
-1
12432195962
3282675771
4038438804
6185931330
-1
9399833598
-1
-1
5547761497
5063148003
7838433390
-1
11933220481
2246570997
10333471850
2460926921
1730862682
-1
-1
3510545121
10135672561
2668066835
-1
9898246517
-1
6109645344
9719713550
-1
-1
2395439862
-1
-1
7399115071
-1
7250710702
-1
8218873565
63912423
6088750111
4768255516
3253072310
7909772908
3804684322
2822931189
5470126786
7938084857
1876230282
9560745415
-1
4052508145
2410084332
2797270399
-1
4678755090
2274577479
14185903338
5564600392
-1
8671680311
11757845404
-1
7124743348
3015708755
4515150937
4565486431
225018162
-1
-1
10529669834
-1
3345251840
-1
-1
-1
8410744755
3547314007
8048062187
5456227540
2923272023
2380787757
-1
-1
9443414868
5715031316
5557357709
-1
15143218138
-1
-1
-1
3539954054
7661964232
4979779831
5000247676
6835536564
2918613748
2941677883
-1
4426855698
-1
-1
-1
8920870662
-1
5047935323
6700616543
6212719160
-1
10494795807
6811997236
11615364770
8643761033
5193256204
10103556556
6938709251
-1
2798095862
11899534936
8014727765
5153402931
1213732979
6366284379
-1
-1
-1
5177453219
6093613337
-1
9285778868
3322775220
-1
382150520
-1
7276493597
2527790996
6343547090
-1
11699331214
5182923969
5375697829
3597132031
7118747001
6307074506
6216779196
8281457949
4427590962
5079178520
4040439897
8578148747
5898069542
-1
-1
7246101545
8351608274
7184271616
-1
-1
3557026458
4773015569
10666764558
4926344718
8287637402
-1
-1
4329594063
-1
-1
8637471966
11336447420
1602270332
-1
6041675463
-1
5656250252
-1
10511103243
-1
-1
6841174029
7249759409
5781405984
4136995991
7466621440
3543254359
-1
2338150276
6527921747
4370880531
4872782332
5653157984
-1
10561335502
2557386637
-1
228738
7187345819
4317326214
4760601424
-1
4868460807
13482892849
6911211981
6253962647
86228856
7813885614
1342353128
-1
9880117240
3806840357
6206798558
5147293555
3301111835
572369106
7163414174
8198753189
-1
8610002313
5556092015
6247658844
-1
-1
-1
5306617030
9715073051
9567890006
-1
-1
2136282712
7470541875
6079053305
19234181015
-1
13302724255
-1
-1
3646760970
1644468624
7476807722
6765062769
-1
9470481425
-1
7228474127
5625924769
7819241871
-1
-1
3416396599
4796097114
2599769919
-1
9574300301
-1
7150048885
-1
11390891889
4157592624
5198745218
4250809246
5249250839
6122923783
7292183547
-1
9381182097
-1
4062411214
-1
-1
6226634358
4396376260
8497151506
8841472818
8405025233
6031429424
4179988065
-1
10207340710
5050027656
6965180046
-1
6583840306
3296755192
7422966432
4526791479
7723380590
1943031907
3755767344
-1
-1
9108639174
6665139837
11022964784
8771621505
7344742524
-1
3763489499
-1
6770421949
-1
4122190462
3905929631
1747046602
-1
-1
6397109049
5319794195
4538208337
5492986810
5093556210
7707263855
-1
7265539880
-1
8867036954
3071454680
6549280860
8424235311
-1
4497721164
-1
1895428729
4261647978
4528961272
-1
8109679806
4667342344
-1
-1
9253889071
7422372677
5418798507
5828437544
3163652074
6800272268
2960040920
2387048491
4370281262
10558149746
-1
-1
5537769086
8122181892
7410012359
6330968978
10146361204
1640433693
-1
-1
5742809848
4335746709
2796895739
-1
4299007112
-1
-1
6720459289
-1
5217234253
-1
-1
2903718785
-1
1865301829
3306940919
11152429795
10476736438
-1
4784694555
5812760108
1396115033
4506420983
6381442775
3701862993
7910078969
-1
2363298723
3199222352
9584503277
-1
-1
-1
-1
9431358055
3226293845
5809353140
4456600535
-1
6156700474
2889244127
-1
7344141176
3286054614
-1
6230337265
-1
-1
4007401146
2078213866
13132488753
11945941462
2663573913
-1
3810749987
1367285698
-1
-1
6965192233
10072881030
6494618093
11374048636
3305470773
7839858203
7543842321
-1
3302381013
-1
6220966375
-1
9589078017
5549720308
6428922825
6716703113
6231330965
3355591820
1528960259
4971504246
-1
-1
3165589160
4173112967
12862503176
3017843748
8420327011
-1
-1
-1
6386870308
-1
-1
3701360661
8312251815
8910384038
-1
5232689122
8218818369
-1
3982799174
6466931969
6421404772
6248890031
3305285167
9828170617
8548224530
3720841844
4663042778
-1
-1
-1
4726730044
1555135841
-1
-1
9877058704
-1
9250361462
-1
4658993229
4566634915
-1
-1
8114696268
11176539536
11148810029
8436896892
5376598902
-1
-1
15395602607
-1
-1
4348810673
-1
3631724817
12622065119
-1
2222232567
9739604297
7147037010
8126333944
12076240501
9760381946
4633469804
5517652298
-1
12958885800
-1
3918512901
-1
6068214726
-1
4508313677
5507499047
-1
6723046855
-1
2591745662
-1
2812777116
5502152035
-1
4092976650
5215606355
4656426228
11954940348
8965480143
10534752822
11249409646
6060121015
-1
-1
2561392013
-1
7646256438
-1
2731537814
4928491422
6340094021
4900120610
-1
6604758232
6407272972
3650268640
6630779047
-1
11823064790
7847627662
6107493007
6001796401
5924038699
-1
2440420879
13907319654
7866948408
-1
-1
7422103236
-1
12489830555
9833004051
5289290858
3154826659
2767144511
-1
4571536678
9795419602
7255019366
-1
7610042568
3677151991
-1
7132966815
4902933760
1332328210
-1
6102694195
-1
-1
6542699697
2826158111
1208534953
4709480864
7211983371
-1
4126418212
7997374481
-1
5682496695
2775165057
6767118274
1550974150
4855465888
4385714493
5717119680
-1
-1
-1
12456087911
8707651034
8646348031
-1
4168380595
8188802085
13541814970
5511700781
-1
11989798506
-1
-1
3965308262
-1
5308643092
-1
-1
4240604378
-1
4043529508
3379169968
-1
4949587328
12077611319
-1
1018238783
3836374646
-1
-1
4422263309
4942095055
7087056496
-1
-1
13444303584
3651124343
-1
2949094665
7920440704
6319817494
9798484055
5327813708
3509062175
4256611174
5502117243
-1
10148267254
3164193852
7164497517
5962273651
1149644759
-1
-1
4604902161
-1
-1
4749242072
3072238089
4868888978
5384343145
-1
2329024856
7088549145
6330781767
4066615750
6274244520
-1
-1
7293470133
7521516940
-1
5858997364
3840654752
3542990221
-1
4688040289
13320402283
8793928844
-1
-1
932063340
8384699090
6290248191
-1
5180515248
4506814343
7018715748
2622835281
-1
6259033707
7444383433
-1
6711333334
4414670853
-1
7820986446
2379212314
4881855357
-1
-1
-1
-1
3273429139
-1
-1
4395922222
10845373344
6324898528
5200171187
3641446700
5421111817
-1
-1
13085448258
4643872866
4401598985
6281889065
4914999777
6179559745
4073896442
-1
5279032499
8964199285
1727406408
6609044938
5402808829
8630267122
7922692301
12959818601
8401858820
5325577877
14222268307
2640652916
5621472675
-1
7367836834
5950639431
4253861930
3095870426
6886475587
1184691807
-1
4429659955
5474742941
5010565790
-1
9257368602
5827689894
6941235844
3593312218
7591091522
9821639548
-1
9129801913
-1
2652631797
-1
4127432346
2322609828
9811790489
-1
4551153387
9980113507
3122095418
7984767760
-1
3850325699
-1
5469721210
13562487363
4387308560
8656410369
-1
7541835491
6181086269
-1
7012949419
2570606536
-1
10289901206
-1
3788578319
3269628828
2148708660
6803257288
5221230559
-1
-1
6598466959
-1
5713665944
2067456241
3888221632
2796117144
-1
4563175917
9010765723
-1
6804211198
-1
11227000376
7106072457
2140823759
1430275144
-1
5514901903
5872225398
20362375
4919788448
10710544783
4246302038
4579404719
-1
3295627700
-1
3329172625
3453210499
-1
4135332026
-1
1693040231
3380997198
6054546641
-1
-1
5568860822
4745110802
5646766945
-1
3641794653
4296559698
-1
-1
-1
5420430394
10537700770
9746994073
-1
5593732007
1586026700
-1
-1
6888411031
-1
1756195730
2826074767
11468698960
4384458352
6261518029
7341540619
3868807951
4601011259
1347409432
-1
7964975603
3261948793
7269832139
-1
7434217924
5075140761
13132538385
5635255925
9332053065
-1
-1
-1
4077092870
5348234998
3231746293
-1
2361017227
6857075630
-1
10090890153
7507304766
-1
4996599942
-1
4619201949
1753375143
5986277599
-1
9488934369
-1
8221107150
5337602689
11697649920
4160049538
6149677098
1348767905
2257316425
3149207781
-1
8272641695
-1
4466699299
6161713792
10371190497
10875255275
-1
-1
-1
3939783384
5146674541
16219069542
6791438562
-1
6078090078
3899347598
12533790573
2359955768
7278263868
7450811514
4320926505
5014230491
-1
-1
5687529340
10247857381
-1
6620431891
7042205360
-1
8639869868
-1
4454838104
6095263426
-1
5992793966
4219365603
9766875769
10907396969
4059446479
6858586409
-1
7149645354
-1
6428545971
-1
5442577193
6953400607
-1
6411437608
3522833764
5554324981
4379560141
8486358934
5235481322
-1
3478069790
4016497289
4321246935
-1
-1
-1
4380337965
-1
-1
3029369764
-1
4792250159
-1
-1
4672040654
4101335921
4298315201
-1
10104932096
-1
-1
5836943048
6568907089
-1
5064173647
4183623148
6628635949
-1
8751486745
8063961996
16574862062
-1
11478130303
5894314564
2114663964
11407049937
1806288391
-1
6986506776
4740930450
-1
-1
6571628271
7677746977
4851333593
-1
1740006752
5663826799
10858168883
-1
12366627016
5857215268
-1
-1
6243020718
1036742677
7097520651
10093697236
2959780733
1416585763
-1
-1
11116294799
6222434407
7521476034
2727118724
-1
-1
3291793597
-1
5572303786
4573379691
3157889194
6617657605
-1
3977216786
2697978829
-1
3281773121
2836938721
3782086042
5699883398
-1
1905044546
1416362704
3367845247
-1
2495689609
5132444975
-1
2127742335
-1
-1
3438419556
2117458240
-1
6780140009
2867644606
16275431615
4650281181
8513366079
5334778818
8033969628
-1
-1
9007390703
5149328255
-1
9502882994
6141315964
-1
4064919165
-1
10292738449
3829578167
4240910846
-1
7500715241
6569127796
2550576191
-1
-1
5080938112
-1
6104236533
3869846190
4397236652
1983711756
2043733621
124
17622005647
2960040713
6334890775
3456658112
4639350812
5292460793
3202395320
-1
10281672704
6720459289
7996192491
-1
2221143815
7131002105
2782784135
-1
3689465988
6720077492
6567618382
5273567535
4528151474
-1
-1
4740896534
8369619952
-1
7722215358
-1
-1
-1
5414490875
3940798494
4773572718
7959024286
2786924864
6111733635
-1
8235417684
2947514464
7448264864
-1
4790896220
4128412492
-1
1596403137
8589917461
-1
5847386281
3811850365
4905514612
1501643823
5744494055
2332491305
2966055
6609974988
-1
-1
-1
3941574686
-1
2958105671
-1
2878852957
-1
12025310483
4395116376
-1
-1
1888612413
3933926571
10916400187
1725567022
-1
3769475867
3741164669
4839725041
6022415926
-1
8440845956
4541516507
-1
4414673954
12694748747
6644556920
-1
3068929441
5946879575
5020002402
-1
-1
4797004647
10320055935
4203433246
5603802629
-1
7296393160
6154693903
4874966255
7684642892
10463020580
4947485888
3751506205
6553222592
2209535229
3539501769
4760040458
-1
-1
-1
-1
2477818313
3818144818
4634704561
-1
-1
-1
4403257141
5317138939
5801498338
6196435258
354800840
7940437368
5074468413
-1
4279823375
-1
3120254854
1783307288
6996980928
4532164468
-1
-1
4073729193
6013674121
-1
7543492666
-1
-1
5362782705
4235912749
5325628776
-1
6546892120
8914885066
-1
-1
1458075172
4806296366
7439733563
5320027320
-1
2608032159
8525686797
5052385546
6447975870
-1
1788799597
-1
-1
2465434186
9941613185
7370404960
-1
3191644984
-1
8205759523
5347029771
1640261634
-1
7549082217
6012303219
9643238937
3841146453
8233881013
2426934927
6717839581
9232650150
6117598298
-1
8160485118
604470375
6272294580
1613651922
8372317240
-1
3028496278
5605087452
7091518261
6525440965
3205173095
4673101689
7026628406
6559548227
3905143130
7134463789
8337896946
5828224631
6329301295
7969325788
10291360021
7290639992
3136140603
8058609083
8591838161
-1
10663799804
-1
5075119772
-1
3123450818
-1
3616724992
7082225369
-1
6196817710
4716388500
-1
-1
8497875360
723200851
-1
4469858270
-1
4786017263
5518139472
5783985562
3261231389
6449760979
5104229052
-1
5125429764
6181257361
4476613960
6072826508
-1
-1
2394165310
6028679626
7500825752
5830525767
-1
4672056022
6008320706
8018006568
5542242052
2036885778
-1
-1
5972783048
8770379865
6163108735
10026170462
-1
2378482655
6874631613
7540537791
3949643040
-1
12298441432
756364330
4207232220
18375567325
-1
3261552380
8249645317
10121244840
3116946781
4455254019
3080931502
-1
2120826302
7972257287
6117795015
7588388135
11220339099
5709896032
-1
-1
7311152528
5074995867
5308344110
-1
-1
4495284540
4610526383
-1
-1
9634466964
-1
5490492084
142
4889015728
9757514407
7711482236
10097997200
-1
-1
3733803819
6872441775
6143440808
3204709129
4956433494
-1
8952248916
-1
-1
7489969443
5485368943
7299209859
8556115527
-1
66373013
-1
-1
2020161479
-1
-1
4232058731
6336361700
-1
4984419127
-1
3379189327
5278377522
-1
-1
-1
-1
5036277271
-1
4612843187
192430548
8164586589
12099512492
-1
3667071972
8116935715
4730701168
5744002383
4368045032
8193560605
1697420822
3899347598
8108869245
12423128915
-1
-1
13700792078
9879680106
5949227157
5595397892
-1
2909002540
7589027930
-1
-1
6759270863
3262835642
3591308463
5329315948
9696375057
16328882195
2675441921
-1
6074706835
6370085924
8731362345
-1
11623859967
4691302681
-1
13417825893
8023373212
4911260361
8237819741
9760009369
-1
3875057490
-1
1849638842
4904625815
-1
-1
7039091446
8459522807
3292968220
4481754673
-1
1904932498
5488999641
10822675908
8745116398
8277495665
2323502549
1068938393
5784297799
5322293059
13479348303
7495319754
2512472646
5418938824
3147170674
5322108342
3207367019
8347369307
5614834293
1933146437
5388786023
7327991194
8545200553
3811766170
4951482319
-1
5618804503
-1
4306151475
3813894504
6048037868
5918936884
5546040337
4836220677
7366502217
6992114301
2715150761
5546451429
-1
-1
3918055831
8388407243
5366189353
2039955685
-1
11991832726
3223200412
2624901502
10717098639
7223977625
5923436158
7154598491
6316483993
3670597943
8489043588
9441670621
-1
5885454903
3508893601
-1
-1
4566917540
7040897835
1757003098
9885364035
7574125275
21734877208
7044269698
5938151367
7294366835
3558444792
-1
3380858685
4191185935
-1
2994478666
5496729200
5980183904
-1
2176496149
7351053134
-1
11357088039
1785122012
-1
4394541189
-1
4994983780
7793254901
9387964359
-1
4484332338
6382723637
-1
7073314734
4165263885
3326631359
5904868880
4709230396
-1
5928736802
-1
5704077148
8177036707
4263472640
9444550196
-1
5017308865
5364008699
5710370560
11980498271
-1
-1
9564010984
3134697988
2448722414
6747249476
5673012068
4703942571
2361031090
3916832462
-1
8221532850
3965634710
8298411564
-1
-1
3403815723
7880053404
-1
1966587101
4588467016
6619849126
4143288323
1945929339
11174487286
4945175401
4781915962
3785662812
6910228300
4492487090
-1
-1
4643483627
10034924959
4452785721
7241368187
2762026425
1205335495
-1
6933442251
7804532215
8859610682
11098644297
4474987736
-1
3553405386
4319278226
-1
2465441195
2608744368
5818816554
-1
8548427185
6158114587
4411954900
4112927538
8088264910
-1
-1
5518130034
2734663255
3261948793
5941016137
7667418258
3757914318
6695596283
3689685296
6988559241
4181961450
-1
7692218055
8655096786
-1
-1
-1
7046555670
8005275642
5089179941
4652524908
-1
6534493231
11575032565
-1
-1
7633308468
-1
2891182855
6376367269
-1
-1
-1
2577590456
6999794184
5241959158
6937144028
-1
3085702085
6261702876
3899494479
-1
3834344540
4339260103
15436641132
-1
6238800385
-1
8963150732
-1
9487019621
9442714293
13499139291
5589833489
9344176854
6705376716
7532317224
6839753520
4046618064
4966596058
-1
9054391894
6240710525
-1
7294071219
6210913522
7777906130
2328825243
7174283464
3625152758
-1
-1
4931830168
-1
8079555439
-1
5873643745
4677760679
9514638987
-1
8815170380
-1
4530231033
7487490531
12556884477
3741544792
4410870032
7656276251
3516441841
7240349965
-1
5621366491
-1
-1
4760092494
5022185576
2846314983
-1
5435667365
-1
9333519871
-1
11564998424
4448584601
-1
-1
7006315225
-1
6560236073
-1
5548698729
6489581898
-1
1078685724
-1
-1
-1
6155948737
-1
3666488599
4214547580
9071943532
12684956884
7968518763
4976647111
2465982810
7902781774
2592070858
2670735947
-1
-1
3495558625
5482343412
7495517116
2986784368
4640342561
13840521357
4707928561
4029205778
-1
-1
12214364948
5745448459
-1
2822043573
5708106365
-1
3757859432
2828469384
-1
3920885184
3220919149
6462749854
5796207085
-1
1183274694
3184239450
-1
7452353534
-1
5136786572
-1
5104778332
-1
7523465087
3920768869
4963840093
3701094233
-1
7642443109
3397357098
4277410255
3664005020
4447374807
-1
-1
7420851271
5640661753
4364843854
-1
4757886514
2922410067
4975775837
4808794268
6126608747
11952892766
5408276950
7453974751
7535120393
5106535091
-1
6027723117
-1
8501007888
7746503858
3725925198
2089682192
-1
-1
2821432729
4796622330
3788248491
8659737541
5830739354
4484630232
6655614176
3674532756
4754988011
7894809188
4152383718
-1
-1
7197690728
3011527291
3187128586
-1
-1
5115461080
-1
8395277943
7561719656
-1
5051643269
10324127358
-1
8973881410
1839875606
2713139438
8108776169
12894939793
4973996731
4773854108
-1
-1
3159618496
-1
2498250042
2904836261
5982537344
12164456018
-1
-1
7985148169
-1
6653662441
-1
7425857764
372074417
11061206478
4260644519
3063284700
-1
7696189592
-1
-1
-1
5627074039
-1
-1
4845544518
2167678889
-1
9224028604
-1
8998105435
-1
5024440872
6917579551
5627899452
6545412189
7036227350
-1
-1
-1
-1
5149726983
6946708658
6530193433
-1
1090526895
-1
8157502689
4307972013
3865703713
-1
-1
-1
-1
-1
8425223241
3067732182
-1
2498997877
2389657139
-1
-1
3329668422
12043463329
-1
7600792014
6328288168
7280565856
-1
2045191243
-1
4768890802
2935016066
720138077
-1
10039954800
-1
-1
2396600902
4628357686
-1
-1
7373865474
7869234137
-1
4613053870
10952326693
-1
-1
-1
6569115888
3374785782
5608076290
4607307478
7324172302
7878658379
4554857170
3498447298
5149853174
9382656974
3784794480
-1
-1
4982841467
5646892880
594677657
4838751120
8634785182
3677551940
5371902444
4470012538
-1
8132026910
9073134937
3494587632
5244762561
4924522825
8532460071
-1
-1
6798969930
3398964127
6348348807
-1
-1
8446951816
-1
7601061228
10110419505
3682995001
-1
9150313618
8710266183
4226123134
6071237594
5305925397
-1
-1
9843608414
2735741186
7221458897
-1
3874133500
-1
5733072840
5050693599
10230099311
3001592663
3439194273
8097660786
-1
-1
10285718818
4194133028
8487310066
9100102509
5182307414
-1
6225458157
-1
4717889882
-1
-1
7828216349
2221970445
-1
4933193690
3756593681
-1
-1
7534288480
-1
7996102992
10248958903
7397471588
-1
-1
8403526298
6795749902
5179740872
-1
-1
6622479715
3437698364
2329056084
6353758718
8477272632
2525551741
2743453223
1767612698
-1
4169018908
-1
5683311029
-1
8054794299
6289628342
4416984068
7060646043
13214580741
-1
-1
5017024521
-1
8348713211
7065764157
10724857813
4241077925
2736984442
6929947920
-1
8914695120
-1
5227472316
7163945514
-1
-1
8022612770
7665127292
-1
4650979556
9240470896
8573474819
-1
6183929086
-1
-1
3130659772
4147242083
3125587437
3938630031
9505103058
6703474481
12122080040
3499941385
4770882490
2675963012
10026483637
2358557536
2789547494
8210104270
13351413632
10789749147
-1
4002420041
7164660746
-1
-1
3447716286
6416608953
-1
2237245641
7207569514
5854258649
-1
3445204739
5685671215
7115408865
6089922077
4014171073
2357546203
6328570262
4119969697
4677024245
7370369068
1360545848
-1
5078858825
2935646958
6172521956
-1
5590830949
-1
9519916211
9853632777
3449278272
4011519935
13214786820
-1
7153575782
5702020478
3413639249
-1
7044282674
-1
-1
4133004882
4458118157
8373595673
5895544358
5696710499
5426531798
12873419250
8336232277
1839432446
-1
8087753585
6550441869
11437107657
5861281228
8248911449
5136544039
8235258193
-1
-1
12423432033
2995562775
-1
5937702266
3713418291
5251355350
11373179620
8038966616
18763045170
5755560856
3382573061
7312204113
7205182176
6423035138
8496215788
12324181241
7759906968
12617390569
11198482475
7064332327
9729688182
2456214706
5012765702
7177474960
4612383872
10545421016
6083631900
8233154537
-1
-1
9132786431
6812292457
3968540719
-1
9779487743
-1
3697867802
10421645975
-1
3240383773
5502152035
8348455599
6515662062
4004658078
6724041279
5771357694
3780203530
-1
5270726038
5387988498
-1
9021819786
6198625785
2224615324
10228924722
9879949846
-1
-1
6436129505
7099336574
3647212468
-1
4079285538
-1
2762953806
9345189594
-1
-1
6453740682
6351591292
-1
-1
6557434928
-1
-1
9378583665
-1
6231764635
-1
-1
2486237466
-1
10711049138
4696233745
-1
-1
5092762520
-1
2356606455
4604000994
2656616581
-1
6703277465
5395955767
6223535659
4610224291
-1
3780100222
6693099536
4011485254
2970606323
3755045128
5612373034
-1
4891250272
3548815123
8558457911
-1
8105492515
-1
-1
4634310724
-1
2140418851
2903718785
9856014264
2900359305
-1
5523128071
8456159962
10667080843
7575498889
-1
7995720616
8305672100
-1
7631243073
-1
-1
10913241921
-1
10990031528
-1
7192550125
5718863800
-1
6946512818
10511638322
3203422288
9834923166
3768313580
3144819963
6538870293
-1
-1
6724733801
2429062293
5505293491
-1
3809185692
7302179940
3986727152
3105647364
-1
2740583979
8531213763
5966750527
-1
2773373049
6413337675
12390450445
-1
4955492234
8235160232
11200649416
-1
3496303768
-1
-1
8558206231
8092124678
3785111629
6238052809
-1
-1
6459937510
-1
7112058522
5794465860
-1
-1
-1
2574164762
5419526515
7215859990
-1
6869823503
9441935729
7701254472
7560398253
4844408808
4791351200
-1
2482516203
-1
5979328274
-1
-1
-1
-1
-1
5995322588
-1
-1
2521393990
-1
8453105263
3389904601
-1
8955626305
5541698288
4090547718
14247503608
6247385323
-1
-1
8975725742
-1
2723509120
2554515413
4456496438
4038378635
5261833931
6580660456
4861291203
-1
5122006861
-1
3169840441
-1
8143338333
2322053611
9185454685
-1
4417353291
3518628634
8122745155
3625811167
8293516572
4089411683
-1
9283363583
6659135113
4839313789
5401729217
-1
6541098597
10118322135
4803084325
10096710436
11862533936
10865559488
4675011272
3674288089
872343558
4087261535
5955197077
-1
3654342343
4554537239
7236380863
12803502539
3441075508
-1
7088108727
2454550579
5855610789
7686706271
4026655580
7251309988
2823265735
5208834210
6642639169
-1
-1
3715914519
9826348204
4399644558
192545313
2933785775
3163307821
8482517065
-1
10675033572
6118445169
-1
1447111984
4584142833
4981820810
-1
-1
4134001473
6126750558
6206248911
3323889793
13343343298
169621851
4813592788
-1
-1
321753
4039583776
3350529689
-1
5209247183
8173805486
4260507096
5016314913
3701282526
-1
6605399089
10335038678
-1
9645205750
13784054778
9816314704
2277900937
-1
5915162611
-1
3871061987
8114101838
-1
9061011526
10064479511
-1
4821403879
8747305123
10399843383
-1
2483183132
8236104896
4125003302
2322612358
9101034916
-1
4047902173
1578512817
-1
6024599036
9486014506
3815258220
4117897086
7226550280
-1
2836224824
8644363326
6168778798
-1
-1
2981737943
-1
2866447344
-1
-1
5450223454
4461721439
9317775189
7719184154
-1
-1
5363963883
1959411588
2248997846
-1
6543496746
5019013880
7887510283
-1
-1
6632046961
-1
4578613827
7410017027
-1
3991096755
6685597536
-1
7574196052
-1
2893803153
5790734975
3698624553
6692294992
5046306978
5169765169
3377961886
-1
4620139646
-1
4221637583
4682909489
-1
3530092902
-1
-1
-1
-1
5149517785
2354023099
6974282822
8536208059
1958856541
5196772510
6295435773
3173759119
16563469947
11565198868
4038832529
5737758879
-1
3000307501
1311537162
-1
-1
6936658391
2526492304
12237622382
6144654038
8726725322
4413352783
-1
11200265731
5310133911
6875752763
6393234834
5749683450
-1
9475676459
3844110951
7440648089
3032009261
6851514422
3459983117
2786471092
-1
1914684789
10271151863
-1
4389031329
-1
5860178942
8455085187
-1
-1
-1
6656869965
4469404668
4742547899
5090763701
-1
-1
8578811118
3823413709
5348475929
5272292921
-1
-1
4137095613
9788093560
1884182616
-1
-1
-1
10912003920
6999683867
3881980842
5265784035
-1
6478385033
3874326786
2494706756
5503952386
1149665842
4894708568
13302347601
7607804464
5537793366
4074253709
-1
4939505651
9029633204
8804935185
5443173065
3292046162
3737983763
-1
5812272999
5305761005
1204773744
6658339005
-1
2410256731
5471996051
-1
4798871185
-1
2107082847
1992820855
-1
4568721480
6149903199
9561778991
-1
-1
7678366190
9328321874
-1
4364200420
4035904501
4090414017
9021976122
8959616453
3428048052
11342508814
-1
3230478845
2786705866
2497943856
4917896728
9868612608
4007523962
3069878447
2127995304
5304092307
4742930641
4808634218
1191879116
-1
-1
7534011859
10445587656
6332818068
8196182559
9212348226
-1
12010545856
-1
8318829488
-1
6854031619
5004385967
5896626463
7718317665
-1
-1
2943838775
5054067882
-1
9271307472
-1
-1
-1
6661913011
8540111330
-1
2798098340
5706967868
6858430881
-1
2304516924
-1
8633332615
9827189582
-1
3968310077
3116508114
3061011886
6366726613
-1
2599879359
10865851319
-1
9272320028
3750442326
10176971020
2467905948
6728511527
-1
1020591641
-1
-1
-1
10026719737
7284435954
2095211276
-1
8058842305
-1
9706429434
8014315731
11391446049
-1
5488677762
3928618044
8853178211
-1
5201363329
-1
-1
-1
5123191164
9121712544
3964916564
613244803
-1
4662847931
4400171591
3877336055
10199654411
-1
4054432175
8412463574
5093750317
4443476138
4919169744
-1
7522424804
-1
-1
-1
9154883363
-1
-1
-1
9138858710
6933978906
9649075595
4500141129
9268559315
9789540273
-1
-1
1107229578
-1
-1
-1
-1
4023585348
12110701616
5322332596
5145819523
-1
8778236310
2658047137
5774828185
-1
1870398641
7168011006
4884034480
-1
7513021136
6944788949
-1
-1
7536951830
-1
-1
-1
6374476950
6721435879
5099729812
-1
-1
10620664659
-1
8084542081
-1
4285793003
2891217350
8814509149
2743245434
5366443606
10928077268
6539511782
-1
10810441230
4122190462
3633661695
5153281987
3668618184
1998089250
-1
-1
8694342322
3999337866
7683922948
4807380364
4071091820
12901239290
3851926319
8716892886
-1
4790177501
6558658529
-1
9004085616
-1
-1
6492788219
-1
4439662688
12300445522
8433029156
-1
4081204386
4579957730
8220193816
-1
3873748576
2989906783
-1
13839156342
-1
4586561194
6666102647
3467696374
2181227138
9592306954
1159484933
7045809078
-1
-1
-1
4441164372
-1
777271653
-1
6393210895
-1
4464749486
3450012989
4102795904
-1
2572323114
9214351682
-1
-1
7478790624
5269358110
6477257986
-1
8838693984
6221416901
-1
12233373504
5682763977
4612229208
-1
2281808263
3213684096
5870104110
-1
-1
7339189920
2807710825
14920027972
2423369845
-1
4759045941
6456056100
2731414930
3656820182
6556388837
-1
6981476636
14320348533
-1
-1
10771569591
-1
-1
5702263551
-1
4170209817
4724619758
-1
-1
7789197894
5135732651
-1
7763638333
-1
-1
2065385794
2472050020
-1
4687847248
8127073404
8029214480
4832624307
2713283300
6000447675
4910926555
5356299438
-1
5112138250
9115381109
2997975140
-1
-1
-1
5307385607
-1
-1
3666986967
4280132622
6371997975
10672119391
4245526348
9645146985
-1
2260968364
2919096260
8161387765
3776518348
7625075920
11004346848
7409963194
-1
-1
-1
-1
4991822078
-1
6292092106
5443087871
5883932566
6358564615
6173461739
-1
-1
5477760096
4401800980
3262018703
7984816182
2048698117
5859359125
7367585877
-1
5396052030
4128462192
5671330356
3307886010
7221236414
6002657214
4143266252
5698143078
-1
-1
-1
-1
3997252877
6466598653
2530134415
6319232412
-1
5622802091
-1
7348608345
4408607195
9489521835
6155027087
9287812827
-1
5213892320
2520854345
-1
5972632753
-1
5135343201
7401203554
4852384788
7780523193
1405533826
3575404871
-1
4009309908
-1
7944887832
-1
1286724674
4994797737
-1
9982866541
-1
10202604385
6233102578
4976058660
7380760726
5773921760
7637588414
7050937889
2448168665
7830333173
-1
4586074886
4419293480
3290775274
-1
2960933094
-1
-1
8711431990
6363916216
-1
3043646927
-1
11018548232
6417319887
-1
9046662706
8106346947
2253260886
-1
-1
6239163863
-1
-1
6968575696
7396299557
4409926483
4331217949
-1
6560652494
-1
-1
6053190249
8638688035
8831750264
-1
-1
-1
-1
-1
4720608892
5852146112
6884368672
-1
-1
1743868928
3891212427
5698304021
-1
5180621776
3903861801
16858342127
-1
4604831287
-1
5084342516
6764722667
5604471042
3433848713
4302550671
4920672972
7779925662
-1
3993893781
-1
-1
3768623767
4598113982
-1
6497932054
10082072898
3864634877
-1
-1
3511151121
6756830687
2117703588
428564098
3806776610
8515680798
2997522418
-1
7317853506
5745408533
3795587457
6183456903
3752614016
5264531265
3329825831
-1
4754867315
-1
11054102264
-1
-1
5395675367
4917609425
9597109878
7820021497
-1
3054975632
12735021383
2654451464
-1
6457522930
7414646980
-1
1816996358
-1
-1
-1
5590227951
-1
2472671405
-1
9895039355
7555626334
6128029756
11436850079
6958328200
4752828292
6946741015
-1
4244710923
1839875606
7031537505
4265534593
11116544874
1792858690
3819543680
6227055022
5198485026
8369237223
-1
5889849121
3660457325
2521977088
5349629363
7181904250
5317249680
7125837575
-1
11937601226
-1
5325134477
5349629363
7494960962
6353726346
-1
8200040071
6885486465
6272473942
-1
-1
-1
6675472299
1908169836
6312168918
-1
4934849685
-1
2393928669
10799385802
-1
7634289774
3681310751
-1
1176809611
7672700569
-1
6330493518
4795440721
1683641457
-1
-1
7966771157
-1
6856499563
8077378737
8633229451
7057178328
-1
9912172780
-1
4924489845
6869155984
4504995379
-1
-1
5802305028
-1
-1
6391567088
9581017665
3822284451
3857805820
8656732700
-1
3306815405
4677423849
6368248766
7024122704
-1
6894635663
10403585853
3859241827
7822193851
6776205199
2749837910
4799862603
4113189486
4634116307
5197038585
1256011251
6545283956
5994318055
-1
-1
4404498850
7034554194
1984767911
11247143728
15665039060
-1
3863188643
-1
1727874823
-1
8675820010
-1
6406572553
7709068972
3609511713
5890742553
7667249391
3240060257
4102682492
3539378790
-1
6340418859
1200240642
246420054
6991135721
-1
5252667381
-1
-1
2867011875
2638271295
4515962555
7104873581
-1
4518933404
7247999018
9166073747
3272649074
9079026165
6664231419
8648336970
8500751055
3261582206
176701031
5237426015
1292077350
4000796028
-1
-1
7677325768
4974809377
9024037001
6896653314
7028746726
-1
-1
8683661922
8457743255
3707128421
-1
-1
1575752931
9862068049
4344428166
10232866553
3684464029
-1
8247538188
7821443626
-1
5219259783
5242453774
-1
15305522025
9432230738
5692878337
-1
3270683744
2155302674
9550077597
10528404367
-1
11268586307
5497768964
3502756170
4272125683
3192075770
5068634567
6917833436
3586458520
3350467807
-1
7332877955
-1
-1
2549784972
2753774328
3994062251
1586603627
3244196021
-1
4945849495
6328158827
-1
3695479879
7643184134
2962399597
-1
-1
3114108943
3746837210
-1
9872757727
3231419840
6612289514
8035476127
8147446907
5632200066
-1
2670092165
3648331872
-1
3172610459
-1
4733420055
-1
-1
6635435547
-1
10665848639
6345160065
13237182523
6830829256
-1
-1
4271613725
2751735029
5708161502
6702999994
-1
-1
6122560772
7834179227
2041133493
5293176323
7106146846
-1
11075161898
6663241684
10560599681
-1
-1
4810233654
4289042737
-1
5805863051
2229244192
2545218636
9978197700
2767694121
5877272914
5654704003
8838653620
5412207942
6360839134
5807070571
7710701140
5818569997
5422478465
6238278400
9287122644
3923833430
-1
10336705931
2978244026
7213082572
-1
-1
-1
7746021003
-1
-1
4982165178
-1
-1
-1
4153179791
9139045616
763634849
4434704982
9560955792
5026495343
3973130535
-1
4773855287
6782745673
5782628163
-1
2385094362
7341431268
6757700718
5556079727
7025786206
7183507385
3852006845
7210679627
6032211029
-1
-1
-1
5035197920
7153285039
356338839
3802432026
8783844878
3461491542
1196165778
2240302218
11872987749
-1
9455922436
-1
5836697293
11238945918
-1
-1
-1
-1
7860973682
6918170933
-1
8364404609
-1
7344853288
5418352572
5602329560
4506694720
-1
-1
7849903237
-1
8151285564
4928588470
6227296952
7962911772
3312862558
6991096065
9428092827
-1
-1
4745728649
-1
6530325795
7746921900
8527292427
6066367359
-1
3441767344
10412019975
5075545417
9006285776
-1
5679011068
5702263551
6907143468
10465297933
4103552276
-1
3649678853
12450113522
6237760509
-1
6266783573
9973782216
3675136463
6058020587
-1
2696658373
7201543390
7585799193
6083538985
-1
7697666011
-1
3967047204
-1
-1
-1
-1
5215795887
1859824131
3934454322
6449037617
3295415997
3203068257
-1
5627111480
8361866827
9225768085
-1
7509599661
-1
-1
11918959941
-1
-1
7969986760
4503781670
10140717695
5853040871
-1
-1
6037734876
-1
4296819389
-1
791191599
-1
4081574340
6513206490
5925535985
4863472687
-1
8565996191
3466369672
6062572294
-1
7002897185
6372222455
5307066720
8139024273
6464557962
5790443537
3325548256
8637031195
-1
3897711817
5747340210
2095211276
1905887752
7892706770
4464703118
-1
6756921514
-1
-1
2198120332
13023338769
6340850841
7498995638
-1
-1
8981184562
3169247656
-1
5052673177
4149359885
6513419887
3721359266
9011398840
8406975146
13224623390
-1
7948132855
9455365636
8145782558
5889678089
7610588194
8790751190
-1
9846228893
8458254261
-1
7983811537
89327594
-1
-1
6039779629
4788369100
9692877253
2306665325
4920036991
6304268567
9658126484
9109558092
7907075797
-1
4908468325
-1
1741601097
6144978455
11860806978
1882726148
5425093248
6222321580
4774143321
-1
5546599312
1712447094
-1
4425950466
6101250113
-1
-1
14226130986
6208940027
3696276344
-1
9454366002
-1
2583206803
-1
-1
2235544397
3772954737
6357731134
6665125561
5773919333
-1
4616607913
7395357760
1200451675
-1
2905952881
5856630420
-1
-1
8298636654
-1
-1
5737644234
3045181441
8808899518
-1
2222183032
4303022105
5222419320
7120792558
9051493818
5462326371
8177404921
6044189621
6304858194
6382992515
5287381503
10266471840
3030792227
-1
-1
9987936716
9145212338
6654212585
-1
4397560154
5621656973
4241317739
-1
7653388694
9917567299
-1
-1
5899413795
4915996164
11613404082
8972382315
6946923793
-1
10441394087
4948830547
9037032765
9832230365
5584180731
6486285068
6468685238
5281982272
4383645372
6752341361
6418082777
4230621964
3890372966
-1
-1
-1
6533316434
7641719457
5086581089
-1
5846733056
-1
5165570630
9592228159
-1
-1
8423488060
10662632084
5415852825
6668315567
-1
-1
4357497803
5658192137
3942631182
9664830098
-1
9626490205
9817876322
7494155150
10762626045
4097905955
-1
3625688014
-1
8994752397
6883948420
-1
10195209596
9498055154
-1
8272526873
5722770719
4846755626
-1
6547464038
6926649253
14376699827
-1
6989248438
2020119093
12626991385
-1
8457947591
-1
6147574338
7533620099
5450580887
8946629855
-1
3646476673
4644082026
7097492732
-1
28874
5541321905
3079105301
5248706011
8825822215
4915559537
-1
9389176225
7295431516
7313078135
3940943728
3945338445
8328522771
181154
-1
4372885740
-1
5479243715
5887809619
7420488309
4394259089
-1
-1
8898678518
-1
7360279518
7057117696
3450012989
3151982732
-1
7117809081
10776784742
6547510645
-1
6405246567
3702456934
-1
4691411117
-1
-1
10067129091
2732556167
7772989864
-1
-1
5208705917
3562403589
-1
-1
-1
-1
8355366694
5117495147
-1
4995271521
2512119442
6094205601
10048951366
2967543919
6171727151
4340579070
320483969
-1
3203563761
6652183178
6251362309
11629310636
6097308576
12979592851
5537805117
3798003237
6921585917
5725817725
2483181346
4224244435
-1
2734614432
5536985523
-1
3830669799
8929333479
7519806346
-1
7507304766
6773858893
4285177920
6131692290
6331435003
1851920768
-1
8011205495
-1
4207145762
11573780064
-1
6930587019
-1
-1
-1
8502549198
2801113879
-1
9311553442
7257243865
1321299279
-1
4045664968
5548827238
-1
2378858908
6521928004
2940687741
-1
3221910218
8191360742
-1
-1
3830892956
6492911656
-1
-1
8545835306
5051784271
4316537314
5280692246
6188685118
-1
-1
-1
-1
7845980949
4371454421
8988553234
4591671455
-1
12301585381
4517468763
7792093867
4695999197
3299588729
-1
10323148195
8294940453
-1
3130657242
-1
9874445311
-1
-1
10798780386
3323608965
4727689294
7951633102
4761638234
3910925884
4774509743
5385937527
4727194625
3813292853
-1
9564500618
4813900301
-1
3408876799
8570731595
-1
1876067389
7466206152
-1
-1
2219936277
5975439768
5218837458
-1
-1
5337048823
-1
7488333226
3737993622
-1
6232737100
-1
4539489731
-1
8908704821
11072671474
7103192201
1228128713
10382846937
7519352482
3236612181
2021224867
4343426513
10193976457
6761791720
1428460868
5164507734
1824131316
-1
8812653846
4091098701
3762656969
-1
9698272910
8609196507
9453883892
5966467500
2043474508
2507599507
5499197619
6121952379
965878560
3764947387
-1
4373477736
2489837073
5012415815
11788561776
6309858262
2112517527
10755217055
-1
-1
-1
10011685164
4137732562
2253082280
5882667403
303662690
2593025084
12047288448
7242951870
7274382004
5541211142
13668427976
9947704799
3077712580
6717153931
6644598368
2742592368
-1
5606560696
-1
8557137140
11918890149
-1
6281828082
7001926111
4895191643
-1
4415814813
-1
9535066064
2900290962
5146669152
6278132641
6509667518
5478185893
2733779869
4515945330
3158093283
8471386422
6299121972
4609354869
2884022681
-1
-1
3681349891
3631047009
4613945672
6629429194
7027903052
5342853008
7868911847
8857725380
6049320097
-1
154192144
9066574580
-1
58089920
2864420941
10034518823
10813301096
-1
-1
9470040502
5216029089
5011818026
-1
4916283068
8078841127
-1
4029467686
2986120666
6350069647
-1
13021334685
1567492782
8656401524
4803970984
5345090364
5822712882
3084192860
-1
-1
-1
8862459530
-1
3588201403
3509454779
4636411010
13352269855
6486826302
-1
-1
8832134383
2889352739
-1
4669665430
3182478404
7927410743
8243186776
8164407292
5302505586
-1
4649630073
-1
-1
-1
6556959185
-1
2592995694
-1
-1
-1
-1
-1
7489540830
3053969381
5339302181
4996332090
13116008674
494331436
-1
4521988064
5677490863
-1
4518000290
4635694270
5725961400
-1
4251346846
3572644043
4419224965
10257742900
6255753017
714254547
9158656226
5881520690
12201579497
5430779395
9475215430
-1
3003475972
5978223495
1654571516
-1
10239827755
10572296798
-1
3953114128
4991869358
1569614519
2728196900
4324892498
4539308861
6719318100
-1
5781405620
7075582848
-1
6543010606
7464765899
-1
-1
9725477653
6125597239
-1
3307903611
-1
3134277477
7604753625
4606372642
-1
7921538550
2415223428
7355801359
-1
3904748522
-1
3894689225
-1
12003149677
5546883571
-1
-1
-1
4509099698
-1
14515032567
6323445652
8103570548
4595516366
10824979462
4125039915
5929800063
-1
5280926084
1655204605
5514501566
7947941592
-1
8122779918
5516036269
5276677892
3679792905
5446754932
10201025583
8996411243
1027126189
3340816204
5050765799
-1
6916872083
-1
7384596260
-1
-1
-1
4783911873
4268647560
-1
-1
7628196084
8973341534
-1
-1
2182393706
9137060435
-1
5026441613
6192004498
-1
8569806982
9732491511
4412204388
4340579029
8526979332
4125516052
2535947060
3945437485
3865193561
-1
2698405663
5157429091
4704086972
4315352934
-1
-1
6448709400
6338674164
-1
4519354878
4516287440
3732330813
8654305817
-1
-1
9130917077
2313093670
7217590076
-1
4330402893
-1
7607329545
2624612083
5616930142
-1
-1
2420949725
-1
-1
3563027882
4841377596
-1
6251209380
6152679795
6672630131
-1
6715787133
-1
4215001259
-1
5481392938
4562783624
6724533271
6048713852
982782125
1635647233
3742789870
-1
-1
2989944405
5567210478
3503561270
-1
-1
-1
2999556405
7897817643
-1
3391775149
10133811865
-1
8067541521
-1
4756727499
-1
7017390360
10711603680
1822827374
10257081301
5269539320
3055507199
5102934291
5535024218
-1
4751405554
6847855157
-1
-1
-1
3625495097
2526116434
12010545856
9994563684
-1
6319112515
-1
7266768987
4233234852
7019599455
4139984948
-1
7862395891
2305181995
3243695784
-1
-1
5428777824
3909273299
-1
6098969032
-1
774613972
6645656986
-1
-1
2736409860
7304953318
-1
6001603055
-1
-1
12061348334
-1
-1
3421719458
2979738667
2654033927
4231938498
4932431006
5663538489
6767258922
-1
-1
5384648007
7256864000
6917417259
2611270485
5732045068
4707086867
3044321294
8081447865
-1
3194405805
3658916047
5418943745
4200477181
4371117905
6510392701
-1
7815404879
5268602949
6024927569
300502749
5881164513
446966457
-1
8408702396
4728633312
2603668903
-1
8062559648
5232245785
4667801603
-1
-1
9509995875
3993901328
-1
12376533112
11306680287
3831709264
9364904885
8884963220
-1
9692342485
5136502359
-1
-1
7843242090
1376437722
3356530079
1766847648
-1
2178049243
1169199317
-1
5302362092
7325941693
3563561389
-1
7351349670
8257683837
-1
5867023479
-1
7119701462
-1
-1
3211661442
9482774136
-1
-1
3479627037
7035784053
6034196519
-1
12535928630
4352621845
5626299072
5270551619
-1
-1
3855934727
5069080374
1914698717
5154153641
5670114043
1122751262
-1
7856383247
2410491954
7055346132
5937543900
7766403725
4761575589
2963772552
11412481402
-1
6247698321
-1
3061637132
-1
9430689269
-1
2270290973
5007918186
6641184660
-1
-1
-1
7397574806
4273209046
10506722615
6128079506
-1
-1
3298582760
-1
4209760109
6349481319
-1
6072988470
5240556509
6837490790
6358133188
5902459054
5720887640
5993884424
7970896566
5050667991
12277738153
-1
7517749770
7886450215
11295393630
-1
4371587879
4856256321
-1
3149828548
5326950922
3265049698
-1
5724805467
1310917040
1957201404
2550603799
5338776882
3671720475
5451577023
-1
8222218427
11347253842
9239268144
1342353108
4403700757
3289039471
-1
6436450933
4086054111
-1
5605549170
-1
13683416690
10286761564
9563096476
7183596867
4788369886
2605602989
-1
9216465464
10967292743
-1
5711225196
-1
5644652519
3694213223
-1
-1
3788358981
11457496602
1521260877
9143927883
8441418836
7423756701
3228417265
-1
9409210041
-1
11661314072
3537195671
-1
1360463044
-1
10174261888
5402197994
5411946725
6468013765
10579807605
3554723161
2275893326
4179763750
-1
3270448630
8744670196
3748827159
-1
5175460648
9100251740
6262025074
-1
3599321768
5559283657
4511465726
4215791979
-1
-1
-1
2160933020
1299940490
14303425645
3033901633
8878691780
6103546367
3024247619
3863047399
4231333716
-1
8119563329
4960753309
3195275990
1747808441
2335983258
2892066778
6489657811
-1
3093607176
5072939129
-1
4964044486
7831879060
-1
8137369623
3535399746
7307001759
6668210739
4956573224
-1
3937453093
15751890205
2226564591
-1
-1
4458495360
8041644026
5014155890
-1
9993573885
3194028475
-1
3893789869
10459538416
-1
2933909597
11158306832
-1
5063554391
4162414873
4159841464
5850400822
4650229140
-1
6321363450
11006502473
4691981886
4263755913
-1
4811794735
4627025214
2862419466
9012698304
3724570340
7798735318
2581051716
7260919949
2683644262
11640834994
13380963485
3982351774
3899640841
-1
4420191970
-1
5582183074
3167330513
176296988
2314239063
3953617115
-1
2941844188
-1
8641686907
6336148134
4436182486
-1
-1
6284356320
7175073538
-1
6816376424
8210374206
8024946319
7138375722
-1
7231755299
11985211313
5298865353
-1
1731251208
9128612418
-1
-1
-1
6257800008
8360675252
-1
-1
-1
6223930593
8094596363
-1
5420805102
3365493512
-1
-1
6284159197
5000574153
-1
7759686837
7847034082
7230278937
5851121990
-1
8336706464
5283299913
-1
10598407260
5865920036
-1
1647241635
7370602851
4110550388
5598092605
4435076321
-1
-1
11090534441
-1
6043449392
-1
-1
2157288856
-1
6355525781
6455682868
-1
4634930625
10559628947
4745762530
8491022273
6020366265
2917708934
5065759058
7266676558
6709582080
5010824716
5476139824
5212247603
-1
8758011189
5009634329
10432910450
4779698056
1270183792
-1
9273283363
-1
3598049782
4903903893
-1
3251071857
-1
4363509514
-1
5424069818
1039652596
7160979950
-1
5122801895
8815848119
6982138218
6253147095
1913724328
831746051
-1
-1
7922412955
4584091616
5048672860
-1
-1
10143495400
10102192215
-1
5416440374
1548111952
4860383919
3113173784
3871749516
11816404427
5990124344
8097660786
9546109046
8242599123
4846866549
-1
6820109223
-1
4499444469
-1
11652469001
5583662420
6092737803
337440278
4352929049
5476397283
-1
-1
9202545993
4394800576
8621642387
7887936756
-1
-1
3620465434
-1
-1
4570549113
5279023185
8632308110
-1
5051694166
4206645364
5613171205
5769988268
7598089570
-1
3491597554
-1
7246739156
5898364726
-1
11826769556
-1
3768875963
7406879235
5613557503
4702470715
8895076147
4822774228
6165446991
8916722195
2484054200
7884558609
-1
3798630468
5889718810
6542625809
5265118216
3514588042
3971056075
8768290608
7859590838
-1
-1
5222054968
9621101366
8361433547
-1
3170614191
-1
10590204101
-1
5886111325
3625495097
7589607530
8175140280
7220466018
3780707027
6523547193
8636330912
5806799659
6396019971
-1
13811366
-1
-1
5642916792
8236523874
10041817863
9340101302
9136307716
5254043580
2196760379
8005056124
1256017348
8968187416
4277231384
8595079452
-1
4247326340
2101736213
3583504370
-1
8460229794
8709371090
-1
1487751394
4160709544
-1
7567699109
5006803718
8558137181
5129698274
9810085232
4889300875
6048556050
-1
2330069616
9842614184
4269046492
5116824162
4137341035
2257527136
-1
6875806943
-1
-1
2388110775
9732071578
3307781287
6440274162
6057789405
4011577766
5178959613
7504454287
-1
4131011069
5434867260
3435929534
-1
-1
6203894430
5199150394
9067344259
9557256122
3969991268
7353505891
-1
9010722241
11730047822
4363273224
-1
-1
7544126230
738283243
8370246914
5407390636
5801372200
6793300513
7847000833
6602217390
-1
-1
3956519965
5876888639
7572722357
8284971716
10152425017
6998142751
-1
8133873735
-1
3426114222
-1
8455658774
1265038264
-1
3009776243
2710923363
3472635720
6891819173
-1
6152506978
4570746883
8000973736
1722439588
10471915616
-1
-1
7222639149
3905995123
9987136303
4070618198
4841225014
10493032674
5520124426
5292480894
5096363149
5294421615
-1
7088344526
4320174779
7669605935
2277862467
4515438488
7219574583
-1
4778368143
5810102215
11349693039
4117196211
-1
6287108838
6905264325
-1
-1
8660616186
9716294947
-1
6905425674
6633541921
30989
2764177145
-1
5799338796
-1
-1
9022461034
-1
7584094983
12078113244
12363390193
-1
5069078129
12051820636
5170272850
-1
-1
5763409304
8192089254
8105645897
8601421314
3884562885
7831600666
-1
9690452093
9402024293
9568742196
606475854
4190007849
5260660339
1609897049
8042770916
-1
4652420782
-1
968481815
-1
6524274176
8566773382
6267567263
9042702587
-1
6346043355
7529657985
-1
1279243995
2371289802
5867118220
2815332881
8388293412
3490424867
-1
-1
-1
-1
3374668129
-1
-1
8425392222
-1
-1
4178085315
-1
4971849677
-1
4355400843
-1
8389302647
3203365238
3294373119
5750240552
-1
-1
5453920036
4750853889
1344813909
-1
-1
9722240360
7089296533
6413134328
-1
4540288443
5477626497
7653936279
4711678901
-1
6606492200
738083151
3517312561
3067269379
9272962589
5257198081
5000562324
4719429030
-1
-1
8137916145
2310002568
-1
2615817156
3836671622
-1
11199788161
6454741422
7477093871
3701364806
7488824901
-1
6448010134
-1
11061448974
3301796301
5321161661
-1
-1
-1
5580534599
3009115043
4997477998
5230670146
4319324431
-1
7477409469
6931619373
8597162859
2718953085
4078408289
13316822566
8565092482
-1
2553829242
9964947613
8281639780
7313873647
7732902205
-1
7448218797
4749981010
2752558555
-1
5226956899
4174118418
7396277310
-1
7992495610
8404242824
4938881324
5254929725
5953848138
10456695863
3187843906
9993850100
6505350288
7458630663
4945945763
4039661228
-1
7121436751
6966964436
6078719929
6437363126
2926532923
5670864480
3637106100
6000012742
9715289759
3760085691
-1
5012863029
-1
-1
5402817752
4253627841
4542894444
6780765151
3490054275
-1
6405343475
12950507352
4932495303
5057261918
2463957459
10102791894
4351818647
3485905044
1767647987
6411707733
6336184053
-1
11095201787
-1
12397845021
2448005628
12969553450
5884434837
6833469604
2962397159
1372955374
11947426920
5128442278
-1
-1
-1
-1
3506057115
9170978145
11191247233
-1
2956623672
4312974834
6266286924
-1
3918324794
5580002231
3698112924
5438948926
10822233027
10333667036
-1
4178663349
-1
-1
-1
5565055079
-1
3041968208
8284602838
3104213998
3211558322
6598412678
-1
4729209746
-1
5102063514
-1
-1
7968093829
6318920132
5300116207
5224914480
3770469012
3406464190
6658028216
5874539365
-1
7657222567
8509389405
-1
-1
6433346907
8086606838
-1
-1
5017865625
-1
6227716964
-1
5098684665
-1
4268775394
7858598286
11130646928
3395095327
6723471811
-1
2872123914
3851525606
2842426442
3185600965
-1
5702700493
3319621452
5103020441
3948767899
6195978891
8891261266
5657990773
-1
-1
6032246974
4835229864
6274970796
8525630070
518962579
-1
13958535638
-1
7730656155
4542894444
4159433337
6700424763
2580132210
6855252904
-1
-1
11506980723
6586020768
-1
9610166151
10212710825
-1
3924288512
-1
5672973193
9443422966
5569463779
6543939581
-1
5254139353
3818319290
6251785264
-1
8536654205
-1
7829362375
-1
1814412158
9296301580
-1
5256175439
14059848820
-1
-1
6360045789
4162409757
9884781190
-1
6867145726
5212807282
7406726925
9441786218
5256639824
-1
-1
7456744627
9802016331
7250903570
-1
7157406363
-1
-1
5897785165
-1
-1
3411975751
9523993029
-1
-1
1216067383
-1
6072662662
6212395333
3395725600
4039445408
8241736481
3321986936
-1
-1
7960096722
8813821768
4497773326
9257909287
-1
-1
8020696828
3740763125
-1
2294821431
5383666023
3542425680
5692195652
10479461944
-1
4770694238
1623674001
6872800960
-1
6103114769
8424998554
8691517700
7364029897
9672720486
5951237855
-1
-1
106830906
10212571797
8545841940
8328863947
4078134104
6085480706
4304578693
-1
6318713131
5103338846
2753110388
-1
6286587964
6942871822
7560998687
1620958136
-1
7053227083
8983429098
5591467069
5126816482
-1
6210570279
6304302050
3649559385
3581844573
5629200299
3823060252
4771613721
7447056195
4698604804
5197435835
5391129179
-1
6789003339
4429196362
10025183245
-1
4266496254
2403316169
-1
-1
3559978615
8718134750
9190661285
8980048189
-1
5792742431
6293254312
1362643314
1379783275
-1
-1
7132930442
2234998978
-1
3601961531
-1
2786853433
6697951357
2359911418
-1
2933653727
8102672820
9479206304
5199903331
2362381433
-1
6373331038
-1
-1
10517067820
-1
-1
5496813225
-1
4353949273
2169084828
-1
4942948673
3857138411
6970938667
1871340926
4383574960
-1
-1
5656975975
2647479393
2483103387
-1
-1
-1
-1
3213695259
4454391867
3906144092
2454142851
5496216448
3236806937
2752858660
-1
-1
6830381034
7006566635
5463648278
6087574852
4422282028
-1
-1
-1
11187566931
4490309423
8493780457
6770157230
10481996452
-1
3811490088
11008998359
5125079180
8435792076
-1
4364656698
-1
4124662438
4419205372
-1
5799585153
-1
2541177139
-1
3364862395
5412131205
5186612656
10662630622
-1
3970385933
16763705232
16314485708
7767746500
7070890035
8793680534
-1
5648755933
6010135687
4693222199
1438486668
-1
-1
-1
7542998766
-1
6821816028
-1
-1
-1
4480867881
7531067360
8224545670
-1
4522594411
-1
1262549901
7194669224
-1
-1
4028673334
12690620173
9416563188
-1
4570552520
382264926
5906369705
7491489066
-1
7983819577
4835727673
7567065008
5362565619
8278194769
-1
2440993474
5013026510
-1
4209028088
9126783053
3369742189
7775621397
-1
8619103131
-1
3319876344
7262594576
6940440704
5659103712
9551816642
4636106683
4258267781
5740311655
3397351277
9779640424
7807859162
7916106130
6086127220
5749447813
5176427771
1330735972
5360646703
-1
-1
3373605929
6264414204
181154
4345962993
-1
4575024991
3389884501
106343882
6413034670
-1
6516116317
279646197
-1
4186981326
-1
-1
12094617412
5951513356
2444675367
6620585537
7142123326
-1
-1
-1
6070091827
-1
-1
-1
-1
4476036851
2802487834
3009033921
-1
4511190305
7948581621
1477412988
3139824606
3296755068
8105981553
7861396825
-1
-1
5228892973
3330928256
-1
2143167360
10341335295
7176573968
5162705477
4757095291
-1
-1
7003251710
6398794544
7566847510
5038137589
3799549371
5370642552
3529432855
-1
3065284979
5862506356
5436859966
6057840133
6885486465
-1
8621224451
6760649469
-1
3034307556
7050105234
-1
10840107924
4520039283
2214697743
7628223138
1996056024
4571294819
2027143909
-1
3211649156
6687494679
3852424061
3630414155
11028822398
4158004871
9233361585
4658615278
4464098061
1843550195
-1
6068756115
7853218423
1537776383
5860359072
7011516659
10076647189
1591765250
-1
-1
6830011234
8838864818
-1
15538841854
6588898384
-1
6351157899
638399291
-1
-1
10752923849
8189104799
-1
7394424301
3652183192
7710913805
5740434951
6528728269
3060257565
6558089715
3342016975
-1
10736339087
4502142179
5624132135
-1
-1
6480175998
-1
-1
7327621506
-1
-1
-1
3474445142
5058563995
1057127778
1002214021
8151892618
8002120608
2014559895
-1
5535464676
4540474408
10609108648
9051511536
5596704520
4788406988
-1
8027559184
6805520941
-1
-1
4895730673
5601769046
9726200888
2565379504
-1
-1
3318230958
3982444166
13387749932
7274728759
7984802433
3935886876
6432421438
-1
2093008629
6927274920
10825638098
9100683479
-1
3846575042
-1
-1
-1
1836094388
5797778178
7300539279
3392766095
2387654439
7703851096
-1
-1
4129139173
-1
2815434690
14043559680
3778570995
-1
1989686370
-1
4150198665
-1
2605038950
4988042662
3854111632
7599024646
5160965268
8648460336
2512333676
-1
-1
-1
5766636285
-1
3307922291
-1
4765242251
4318395365
-1
3649480392
7630817809
2518346723
5750894672
6047760146
-1
8126687129
-1
5364750780
6386721012
10300539586
2892968730
4359276181
5867381734
-1
12567274794
-1
3502758401
5264472160
7442736587
-1
-1
5445097421
-1
6210023143
-1
8106519360
5701850302
8696586322
6976133854
5117815457
5753741446
6074437749
1160922004
5524119679
4158268188
-1
6225906634
-1
3273722042
5286989274
-1
6619434732
11361676994
6577557139
-1
10430196510
7834587439
6724634962
4325651178
6343304796
6693840651
-1
8364191745
-1
-1
6678884513
-1
4905125874
3354278949
4852174613
8979576995
-1
3554860315
-1
7309470032
-1
-1
-1
2714876336
5975580461
3035120249
-1
4807275128
9413002061
4103362960
4273205724
1581076651
6451047036
8341632273
6054464582
3178109824
2572877889
1422953242
114681735
4816738681
4879234916
-1
-1
2914273839
8205772507
11822394404
4018481064
8629827828
-1
10816127484
2584739669
7747675105
-1
3624750993
-1
4369898774
3563403576
12934026610
3438372368
5201196319
4980073093
3186891485
4391189848
3398292347
11999843351
-1
5218938471
-1
5813148983
-1
5407087799
5300200663
-1
-1
-1
8844030513
5046076134
6255331001
11024314872
14587916902
4084475053
4210686993
2635099238
-1
3265824534
8518152462
-1
4501800014
6044396332
4644668801
9193109112
6045775616
-1
4574855938
5704228672
7588209723
-1
5262704064
3495670160
-1
8711990022
3065831614
-1
1992958296
5801298218
3451638943
4054221038
9002806087
5060140616
108600
-1
-1
2863182693
2081227313
6637488445
-1
9322036379
4769269219
5332071536
-1
6484053294
5569509616
8150982149
12221368282
-1
3075537613
-1
5574905264
8620248560
11779799523
8445823115
2746470445
-1
-1
-1
9474266410
4495915319
5077750496
-1
8656140797
-1
6498891942
-1
-1
3888101253
2474599246
5883932991
8239663231
8004881629
12181517801
-1
4451425603
-1
5397142276
5097367751
8567013073
-1
5638890073
-1
-1
4091553454
11218151628
-1
6505031441
5807840503
1299999759
2164942492
-1
4385926632
5869106852
7539928200
6734123570
4188954585
6394659910
-1
2456470895
5512627033
2830151844
2858059654
7604203813
-1
-1
-1
1795611797
-1
-1
10443366110
7437500297
6555073771
5508129758
7539939051
-1
5585276403
5978636825
3353407568
4153321898
5701230782
10545023031
6859968200
-1
8316395848
6420305597
-1
-1
3160682902
4569580359
-1
-1
-1
-1
2667019653
5830172505
9201668793
4153490182
6326676720
8515249218
2737975266
9034028407
6602071887
5278290931
-1
4004258341
-1
3509484430
5063283387
-1
7972926540
8314175775
2956617919
11218236325
-1
5547969923
6191806533
3229104560
14841002563
10257197961
-1
6675026469
-1
4581856364
7674520356
5596382943
6503491633
6060591286
3948160251
4439553050
4082805632
-1
3255358124
3724282990
6127409154
7146644157
9540537305
3074631087
-1
-1
-1
3073425
-1
4111078242
6306182814
6633638515
7126962592
-1
14053135546
-1
2299471558
4101781736
3517658769
-1
3392342083
4266230647
-1
3444563474
7732867744
2926531880
4964497544
5744033354
12288236647
4014322574
4412547058
-1
5094477572
6431371517
1588605211
6123351267
-1
4242556372
2174188567
7706734777
8038504522
2867120344
-1
-1
2448024793
5053258463
8124752286
4737674366
-1
4406124305
-1
6352647208
11843540776
-1
4940311334
6815014916
6190661617
-1
7975917342
9841167920
-1
7374627660
8423863738
-1
-1
3983272619
-1
3431191527
7217185669
-1
5051472403
4467406150
10729636594
3200918490
5593212097
-1
3456240173
8778812788
-1
8523390514
4249486348
16622914278
4849130299
5622757467
8165549935
-1
-1
5199964537
9381849181
-1
4290373817
3066319293
5091296261
1033418357
-1
-1
7632132781
2946318285
5462160389
-1
7840199412
6184473424
6663440544
-1
3821041593
5930206511
6896352784
9027895736
4466914033
11413619055
4840975857
4574311588
7258755167
11815823196
3220144120
2805038916
-1
-1
4290362396
3063692026
-1
5627848531
-1
7977871033
-1
5053493218
3964159015
-1
10450905437
-1
5477709164
-1
2592884897
5353389522
-1
5675047440
3123422022
-1
1228036978
14488160351
-1
5972126378
10285718818
-1
-1
3763111771
-1
5884590413
5425597559
-1
-1
6442087097
-1
5786816649
-1
-1
2174283266
6083356500
4454155695
4753128639
11541110551
4865244428
-1
5686567087
6956338670
4816692106
4299784843
-1
6380359027
7204605005
5605299498
4378828293
-1
-1
-1
-1
7489619257
4776468713
1262159016
3732303865
1925414912
8366179272
7046044037
14297398133
-1
11025930812
-1
3983673917
4820948940
-1
8511198145
-1
2163060484
5677722066
4676609177
5339853296
2962254973
6296492950
6520796813
2329000868
4245372974
9587971763
3599831232
4155863912
2313093670
6420664378
-1
5302403295
2040377307
4957476495
4103601728
-1
8769557143
5347672768
5111377490
2399039085
3082334374
-1
3883842374
-1
6798293200
6749201363
5435728785
-1
4019799408
10035669286
-1
5025901573
2532471024
582699605
4226535412
5913787467
5910892299
7575938186
2535485277
-1
4423484072
3108980037
9567047469
2921571520
9467442466
1205646077
8137698150
1926300542
5655736272
-1
8573783364
7777188438
3203297818
3867299364
6418010342
4089132236
5355792404
9333555375
2915115710
-1
4382841570
-1
4676813772
2497510132
4834697893
-1
3828306060
9702705390
3323428110
6122560772
6385820322
10285068158
9173714862
3029766262
803145879
1436755356
-1
8857257203
10216240501
-1
-1
4989020361
7243238118
4472522817
2497047699
6779007300
-1
10829676939
3159128590
-1
4859829474
-1
2947928943
-1
2844728590
-1
6711053112
8954821057
7530568393
3412244956
4950619301
-1
3733692593
2122870531
4543563423
5601614934
-1
11884098562
2925655041
1888672079
4462158112
6132462483
-1
4612448455
3710226398
5560979813
11249352519
4188229501
6076711315
-1
-1
5836687041
6836208300
6653269447
-1
3320862817
2476173674
8455982578
3872085525
5212663101
-1
10332775800
-1
7205691418
3501555194
-1
8006579364
-1
-1
-1
10091012752
-1
3726446847
4355988044
11205909598
3181366558
11117482705
2993349210
7760028469
-1
4402901189
7100794807
8947055076
5199807960
7749343287
4961133368
-1
4256503611
-1
6175909900
-1
4571583335
-1
-1
8662272585
-1
-1
2693167835
-1
7623893287
6522845687
-1
-1
-1
-1
5771286899
6915687182
4095235546
7707399069
7015891108
-1
-1
3916336349
8924512151
5365063734
10235213998
3331167869
6707774569
4477584384
-1
-1
2421899138
4186991220
-1
2969548822
3850313970
-1
5630506786
-1
12401657760
7424842669
14776737249
-1
-1
6188266029
12028589516
5811069680
4535263332
3567514532
-1
-1
10757042399
3731373152
3034407050
5173996651
3071857298
5524659589
4752387258
7285708689
6724128666
-1
7925382703
-1
-1
4320577695
9644249283
3311437206
8139844453
9993504317
6087969836
-1
7112782996
9048823836
7293892384
7670862598
3645163619
7141877431
-1
3379505584
-1
4541516445
9546939431
1629225637
-1
-1
4972425227
10691034846
-1
-1
7707865922
1984774861
3844254359
-1
5952384208
-1
3509062051
6752267413
-1
3221498145
5411336457
7196795344
6893916870
6913614513
3572291041
8470245054
1807427336
5655424521
6275109548
4845152133
-1
-1
6579628620
-1
9786944509
5059833391
7422992365
4114456734
-1
2482537903
4054701799
-1
-1
4591541103
4378830690
-1
-1
6040459210
3874490411
6471764912
-1
3821078079
9765208697
-1
4266015270
3703752563
-1
5718726804
-1
2921564961
-1
-1
3797121606
-1
7038541293
4183845961
9198679932
3107777597
3427862244
6528911563
4450792721
8016513131
2994875408
2437000861
2743052505
3462635868
-1
4826334690
-1
-1
4077459823
12314503953
9016300069
7880139284
1948058845
2553966492
11828203620
7891336402
4866620409
1906742231
3855534470
3674661600
3742688239
4453979814
-1
-1
-1
7215109933
4585208339
-1
8252550608
2905585610
13810349862
4482599666
9519916212
2722234227
3855534470
6398192490
-1
4053206883
-1
6336203436
5425288598
-1
9117538442
8690161598
7875207473
4706697084
-1
5244237872
11138885929
8197759936
-1
5798686305
7413766320
4080178415
7479894998
4663445613
5216336880
8771267353
-1
-1
3212839130
4067541203
9064223721
3275764343
9385822327
5355556295
-1
2665542144
5089384072
7554165111
-1
7799303499
-1
5953492504
-1
3223210150
-1
5187806594
4474693209
5019774275
-1
4400315907
4143153400
8059047317
5170860845
7792178883
12283251356
7999726966
4850866636
-1
10201477452
6038769995
2891416668
9181655144
8852356384
7232784570
-1
5519205790
-1
5616417112
5555646423
4521080712
7387470522
7256914692
4856125667
7932808376
1286724676
3755707145
2471501899
3940155516
1385886777
3843362396
4101453658
3745986204
6739958159
10732417174
5572165173
2793184276
8989671146
5142171084
-1
-1
4289341307
5251806252
-1
9898432941
-1
5530756021
-1
-1
-1
-1
9187394304
8324840945
-1
-1
-1
-1
10990667997
-1
5666692901
-1
4797580456
6028814190
-1
7938786527
-1
4762518414
2316618790
1177185367
4180011753
4439319186
9169469511
2385394262
10445587656
3664427863
10125516873
2330827634
1622197692
-1
2350329941
6501059571
5764317096
6748299760
-1
-1
-1
-1
3004332213
6790545589
-1
7485370437
-1
5643796905
-1
4216963951
4320247752
4583259317
2590108800
-1
4253759061
6484991257
6686477461
8333639587
8796128568
4541728534
-1
9441261650
-1
5828916600
12534955095
5135093384
4637447180
10763771978
8745752624
7702024781
8838152174
10898328028
-1
13819473092
-1
3138773894
4460184000
7887940030
6623510352
-1
8868675157
-1
-1
9235043332
-1
6409210448
10421955639
4051802803
5429325110
7949063296
8550819510
-1
6095806322
4200157475
2334628116
5667380605
-1
-1
5242039698
4307844912
-1
-1
3809697024
3695154573
-1
4825425346
3312787967
2497581765
3938108977
4821692522
1217018729
-1
7887764061
4249675703
7059328657
4452748242
4131830695
-1
4333391800
-1
12888442624
7066257671
5104738242
9193297153
-1
3791611847
4587137902
-1
8587605023
2484994914
7977693688
-1
4385598587
-1
-1
7120801393
8406428470
7458770558
10089180968
8645781748
8332428456
-1
3556993249
2920074151
3251588882
8426131911
-1
2115615388
11509273067
7046992713
9859597607
-1
3953355157
3021470213
6010215794
7786194797
5771560011
12074123080
1229568670
3414808876
296283997
1551575040
-1
4752262421
5566878259
8030322392
4680310675
3482718448
9846645797
1666269694
3283070874
5941947192
6347046743
5446119968
5894825393
2629277637
-1
5908301000
9407387301
2381380890
-1
2524988008
6275263884
6042266919
12506705455
2663755067
5567850916
4684087443
12674485565
8558872843
-1
7528254849
7050765312
11028814074
11032422736
-1
2739898090
6615617922
6249724606
5336141481
-1
10042239485
7109441604
-1
-1
3301092871
-1
3612460329
-1
-1
-1
-1
6246040491
5654077318
-1
3187237319
6456991468
3831100491
-1
3869110404
7128698878
4661391701
9461172915
14159974754
8989676874
6631187738
5915539537
8751312298
10083065306
8036582540
8565349688
7875187704
7916939942
4123681652
5573836771
-1
-1
3116749613
-1
3488999412
4918117725
-1
9437058185
9197402306
3252885263
7032792347
4540005449
-1
-1
3466578213
6311400843
-1
7591588519
7804058172
3404158051
8838054293
8205134560
-1
3561288431
8656258968
11061351415
6645356643
6903112778
-1
-1
3290596659
6933623328
6116236555
4845585362
5402817752
10683456291
8362810285
4601671949
6701684582
6604448420
-1
-1
4665209375
-1
-1
-1
4908335505
-1
6635022738
11375103337
6970462650
-1
4993734152
3052977773
3712125611
-1
5995730491
2096962322
3408386039
8581644124
3401115053
2649216582
4824005410
4709738595
3068437055
8367243713
-1
7028123145
1036742677
7703443639
5930885427
-1
-1
3842960410
-1
-1
3584889877
-1
7519806347
5963689339
4008483975
-1
3475781762
6065274646
-1
5261631407
6238643611
2826404237
-1
5682935225
-1
5020076358
2522786225
2806795297
8711859368
1798499050
1311786920
2825774598
-1
10899278660
7168473071
5350519134
2307108452
-1
5657474100
-1
-1
6031855201
-1
9956044633
-1
6339608620
-1
1237364987
-1
10522130822
-1
1701209981
4945329608
-1
-1
8177398264
8542942741
8158178371
6698568824
-1
11404455007
5268494035
6652860203
8473267513
-1
6721256962
-1
5249242709
5951329477
-1
-1
-1
8016823583
2938018284
7752776664
-1
8113477813
8817284343
-1
4137926240
-1
1453633946
-1
11417143331
10945059433
3598688659
2928682302
1729706754
4084490554
-1
5940388041
7738623225
-1
4787398054
5453474616
7163865750
8169477352
4889254989
9054391894
9224375023
7997205492
7083145873
-1
5631122805
6180820847
9680700956
6158705853
5640327137
6195930690
9968649813
5362450492
-1
3113488450
-1
5533421017
2720011190
6868220724
4812979672
-1
1009867362
-1
-1
6870753724
-1
10502368675
-1
4444246764
-1
-1
-1
6404419597
6678437005
-1
5847997281
-1
3987380974
5361358893
3753967063
3720868806
8237824895
7287867794
-1
-1
6466166461
7589431994
2840843476
8901129614
3749735349
6122782932
5104813493
9341167473
-1
4925732559
6208106928
2386472030
-1
-1
3952002239
6847310082
4624396432
3020188737
-1
4716567566
7653850289
1729580103
4894610532
5196622624
-1
9952159800
5096983344
4189365840
-1
4364163280
7036227354
2199528680
-1
2900422280
9838630860
4099439257
-1
-1
10285520847
-1
6874240091
3105274598
-1
5098326229
6172806683
-1
7694822839
2096904413
-1
-1
-1
5793365296
2390682991
3077177320
5714302194
8842314547
6746579155
-1
2993170372
-1
3368790356
5852035888
9479590414
5256873648
4479201411
3880981193
-1
-1
5822107385
6491521196
-1
5936504114
2765815500
6585191082
12138575382
5166400921
10045330005
5534063270
2982425140
6274209749
6129486693
-1
6480743021
1386443141
11159593618
14647699885
2495483658
11322374794
8199362476
4137201251
-1
-1
-1
7453767353
5464010202
5126377926
7777573808
5915164479
6788323433
-1
-1
4331233321
9639453841
6379250210
6241692693
9197039453
5222919753
4216435970
2745856190
3354250998
5541211255
-1
4945348415
9687009989
8843204505
5157624948
3753631547
-1
8339890484
-1
7367950360
-1
4891061440
7753373735
4134377177
3668512136
2530045939
-1
3297050533
9887473344
14905386613
8458536266
2381029731
-1
7461228473
-1
5267327930
4194900153
3285576515
7654893333
10806078262
-1
3256213202
6707711722
-1
3348297310
7171301648
3563064716
4440537326
-1
3968011856
-1
-1
5481696495
14003730030
8194362850
4348688147
5898822566
6949320474
8917804250
5667980019
13648744346
6778463538
4908367641
4774497026
8287203268
6991431588
10549636562
5535400939
5435487416
2994464244
3997270784
-1
-1
-1
6582198215
-1
6549807254
-1
8945950659
9863347303
7695387547
8130785801
6827399984
10620459089
10972393215
-1
1716904580
-1
3079798929
5588314258
7796785495
8050922048
481808
-1
-1
3205826521
4354507778
13621171909
6085938599
5294619815
4076507635
-1
-1
4574891418
15879996040
6641372539
2599476541
4365409631
8592660807
-1
2913119878
7573649216
11100730451
-1
-1
-1
-1
-1
-1
4071511750
-1
1351688662
3744389825
6331687765
3361947859
2963690559
12004183459
6645077187
10174116399
-1
3197711347
4077313441
-1
7824677409
5985641701
-1
10649683664
6969299931
5018928491
6420352905
7530735357
-1
4397783242
2550832793
3749062199
-1
633420559
4563967457
-1
3347174855
-1
9466970141
11650841025
7249415475
5567995588
-1
6674390492
4675021587
10609665942
2789987638
-1
7096492509
-1
7716817742
-1
-1
6190888078
9771621812
-1
5687355700
2852048273
-1
7951052367
4216060799
5921096913
7849966994
6685894567
1977743698
2212340530
-1
3955778500
1323972368
8217797720
-1
10292098244
4808710283
5738611543
-1
5985729725
6519126988
10582198880
7898344290
16307916647
8357670175
4607125325
14544065178
6497112254
-1
3289301868
9451091322
4445443048
-1
4137035737
6570153456
4189760752
-1
13891573288
8319098325
5908842441
9974489149
7024996166
7040514226
-1
9303420362
12716615317
14925243498
13430006998
-1
5352537027
-1
5348322727
-1
-1
2986740602
8954462035
4485759372
3905929631
3656787547
4848925350
-1
4670655435
3683792415
6015189160
4750067767
-1
4569580359
7782492618
5667186454
-1
8802793173
6202293530
12775826492
8857725380
5357447846
2801022392
-1
-1
-1
9568559747
11225276678
3622854376
3797121606
5295604326
4575202821
1235828764
-1
-1
5054537589
-1
4565071628
-1
4458584424
8912139498
-1
-1
-1
89507958
5270953360
-1
7039070094
5372391346
9227871136
-1
6370784609
-1
6413455443
5357496360
-1
11909243946
6832282025
12482047876
3860782023
-1
8747968175
-1
5645746411
5699358790
-1
5513721803
4572129759
9865369465
-1
3742104288
5492488008
6426846653
-1
4461348502
-1
-1
-1
3596120977
8372251505
4590401798
4887341723
2753297077
-1
6216455875
5864291270
2912691682
5560846167
7973150617
10790884239
-1
12837922783
5701586407
5665219504
7067477619
6098521586
8243705544
5635972160
-1
8233391377
9396075722
9217808357
-1
5407140386
4149160377
2922539316
6400428885
4202536351
7092114676
8537372017
4978446862
7074957639
3824970221
-1
1666517147
5282262359
2815909536
6791086858
4941553225
-1
7374568646
5346106832
-1
4761899493
-1
6866670953
4805759216
3616961154
16141998740
4536523601
10511276469
5878545904
6776228949
6103742416
7761268659
-1
12423784338
3482621649
3360867757
-1
-1
-1
10348264776
1895871145
4760040443
-1
2133459656
8902190059
4286896574
6310626687
2941988500
7045960307
7393285389
4408582911
-1
9960477602
-1
5163473850
3410152199
-1
3946913940
-1
2002560979
4093308990
-1
10041560472
-1
12583038110
-1
2369315597
6492355899
5733013459
7184087416
1800406511
3036385538
8072717405
-1
9877880602
8111621136
-1
8385273146
-1
4591349378
1332795573
4820978158
-1
8885377543
10314693029
-1
6042315683
2523247974
5135829890
5076148413
2184515363
2513549997
2605564640
9887006596
1913372562
2224232614
7492998294
-1
4527374451
2470343099
11029669346
2219373825
-1
4249262726
-1
-1
4673903017
6050270766
11178193400
11259734903
10350716578
-1
6338008573
3530660711
-1
2800071175
-1
3254518393
-1
-1
-1
5909785567
3972549455
7635478457
5350011221
8507795389
-1
6830587453
-1
7649910185
4748863612
3716646696
8349315141
3862456545
3669041914
5737519458
4679319815
-1
3787697787
11283487412
2240649976
4404435145
-1
7337638040
-1
-1
-1
6847891946
8903912813
-1
9658109145
6952217206
4342829993
-1
5576855214
2617776836
3926729139
4138367657
2994754924
5988651103
4572251916
4644486613
3194434380
3946763562
3409907587
2989807305
3685579874
4522751131
7263707081
6660622756
3679200956
-1
2255010917
5835322186
3173064335
4850211507
5448474615
4105292143
-1
8429970536
-1
6590504282
-1
-1
11557144700
4935836036
8578535920
4721366625
4067860315
-1
1611736395
2780594263
10351591928
6094450167
8529102132
-1
6918133704
3393995940
2316231865
2686948001
-1
10453595709
-1
3807830368
-1
-1
2759772682
6149024550
7474585848
2010296252
3271845304
8302971348
-1
8004854934
7834430173
4164067502
-1
5815014672
7676071543
6121360353
-1
9949223911
7306583505
9523674708
2708449475
4717684734
5682670931
5297567746
2872158265
-1
4621788397
4441095757
7681564912
-1
7981587632
1637542629
8044516792
6347161717
3833970028
7430012931
-1
-1
2272397452
6028728352
-1
5663096888
-1
5515742635
5813363610
2549041804
3760785019
4012093280
10248336543
2466456032
7292874730
8627894773
-1
5329277806
5191860570
4627815993
4781879145
6104731440
-1
4621563904
7678366190
5686054631
-1
-1
-1
10493357874
9334217278
7261554311
4125023008
8151965457
-1
4702299693
5933917491
-1
3114235351
6352884084
8541608866
7398959652
8372398525
11943612431
6288854485
7655882037
2418043394
5806426525
6819395078
8669937888
3117785251
9630265946
4629824794
2798095850
4687027419
2455240341
-1
10335204592
7324018543
-1
8587718909
-1
3014563313
-1
2613308082
5070302474
4916802062
6302273677
10285596475
8287408105
10137457549
-1
5684677164
-1
8874864415
7448405231
5961817405
6083456439
10013182100
7862549163
8232298280
5191749712
8004076746
9944653630
-1
3369926087
-1
12794293186
5177310496
8484132101
5139862194
-1
930972250
5265628361
4224170576
-1
-1
5467456005
4904376666
6329384218
2198751283
6171152392
6328351572
-1
848229921
-1
6721809040
-1
4080706810
7350746190
-1
3877549968
4730372159
5132139847
7665585001
5250431045
7916043510
5760686338
3991906757
5920216053
7336100980
9160486516
-1
11105194807
4980524678
3387664942
4734119007
5430532611
2840539490
10118627937
3951219954
3053670082
6297401418
2545328797
5534278603
-1
2046687021
-1
5619738180
-1
5392339715
5164013249
-1
5818591703
-1
5716855902
-1
-1
4179939793
6608219181
5270874340
4139262124
2349844519
-1
3851913319
6560091550
6753238851
7477569699
5299817037
-1
-1
-1
6536173285
3985102727
-1
6773714633
10786960425
-1
-1
7528205789
5473039597
7164116656
7538252361
3993658228
-1
-1
1863731358
9874759273
5983370439
9986046275
-1
-1
8865720050
11613636330
7855572863
7130501360
4762662875
11802910389
2955347269
-1
8849187629
8453453811
4807340322
-1
-1
3753938646
4272552220
4723307832
4591349367
5297894040
4067929878
6163998407
8141198856
10092479087
6972959929
2775162025
-1
6948225538
6209698110
3637085747
-1
5892390155
6489158638
3526018848
3921267904
5251177812
2444165257
-1
-1
6529825343
1737028423
2698028306
-1
12862574585
4854802890
2740452409
5458675319
5785517127
4865419700
5724267781
8049665145
3828915798
11592812607
-1
4118938234
-1
6616178707
4959600844
-1
6424714544
11418729142
10452991055
9050087369
-1
-1
-1
-1
6469701304
7559182680
8035073563
3141001872
4218519561
5030393901
1572508794
8907748158
1051304776
7144571075
3408375528
-1
-1
-1
-1
5388794050
-1
7346899661
10181211706
10322832953
1431333321
4672793135
-1
2584362292
4100846869
4263562299
9493269047
3166551099
4437151497
5633639517
9002156220
-1
-1
4918461533
-1
-1
5445244320
-1
1262185000
3697410684
3856196591
7306564154
6909750386
-1
6335428140
7845202404
8646057364
5862160168
6490218555
11985129253
13547899809
1883342488
8959788041
-1
3421967057
2574642332
4181219947
3946101410
7337645354
4956441021
-1
5585591397
-1
7532314247
2091434222
1478174304
6471179525
5722359372
-1
-1
1744303137
-1
-1
-1
4065585210
-1
3649863751
-1
5171431449
4290032630
5566725460
4033919054
4432612966
8135580622
7822245656
5456868386
5275228155
3884482340
5443894302
5704703972
8207407886
5695821893
10516236705
8111762378
3788823852
7751816364
-1
6600486360
6243664685
10040150080
3831797133
7939240682
4012350062
4368768933
5912887370
10364728078
-1
7408289215
5080348505
-1
-1
4657444723
5221483083
1801881808
-1
-1
11686012171
3925032230
10687752123
5673663504
3926325840
-1
6651822898
-1
10509543294
5809540256
7610788311
3471549409
6219268824
10807630813
-1
-1
7981993974
16401848420
3299053171
-1
2811649678
10711603682
3388624008
9201566586
3727295182
6021737110
605698696
-1
2373637693
10549330006
3551346234
-1
4627617462
6890601242
4986363332
-1
-1
6118382828
11282907318
3502514704
-1
3014646959
8879508739
7960709141
5730088840
-1
3867455354
9327236890
-1
4807275127
4537490867
11778941990
5165398146
14220500531
7249973303
5578077792
13370086820
6806136973
6532835742
4838399834
-1
2825774598
3970942173
2829409545
10416946658
7657380641
4585610570
6825160536
-1
6065153189
8434179173
8671110272
-1
16160029843
-1
4380330220
-1
9779167491
-1
6574871913
-1
-1
4854232822
10679064078
1119239745
8127802334
3859224356
-1
-1
5235364321
4758325949
-1
3954154963
-1
-1
4111734530
3504480082
-1
10118640378
-1
9955483108
5069313559
5020002402
3522175736
2467620735
5834822638
3862997414
2541254781
10600654978
4990451606
-1
3861418417
6924742189
3949609360
5760444310
6179637638
-1
18850723285
-1
2857444070
-1
4143622900
10605227924
7436926522
-1
11207253384
-1
2856730608
5561689803
9200161596
11277072699
-1
-1
-1
13459672941
10247606770
6519624164
2243040683
11799256064
7790563328
-1
4696890989
4048723380
-1
-1
5052573767
7414253591
4587992503
9210825719
8360886786
-1
8822077894
-1
7771360246
7396333394
6116187682
8673460006
3436889162
10507300473
5179740872
7501077109
-1
7257111093
8786858996
5344860062
4395495332
9910485217
5968111306
-1
9113528578
-1
4210901207
12191144881
2447886374
3164139297
1776689432
7786008404
3988920715
-1
9125356971
5707652353
5789410262
-1
-1
6122534609
5984240553
7329718130
5206683205
4716073466
-1
5800513683
1924522770
-1
4337105760
12392461116
-1
-1
1873976059
-1
-1
572369237
7594946973
1733419806
5742289906
9393978597
3365167285
4111960327
58086354
11029669346
3940537351
2093484017
3844948563
3686023262
5042721814
6096656178
-1
-1
9809445946
5620897459
5828973986
7638054733
3640646996
4050649903
-1
-1
-1
7232357503
-1
4877105228
3782392274
-1
-1
-1
5634900866
6704654598
4721706850
3637714891
6295982948
-1
6818865446
4153696207
-1
6137494815
-1
-1
5955528419
4651819994
3177410259
1111710442
-1
5794926359
-1
-1
5451179830
-1
5305252786
-1
5056041793
-1
6380454636
7777426901
-1
-1
5735314259
5020922260
-1
4172077323
3112479273
5227136311
5724562397
8150902823
4477568861
8856647247
-1
-1
7883228085
9592023145
7268656362
5905917096
7176117660
-1
9863573548
4906306951
2036999867
5884696376
9712295841
3151364815
9844412099
-1
7734325566
6573596174
7277173044
4682012555
-1
8318764308
10298238832
3427204129
8484834299
5350417295
3788354915
4513990567
4591723858
-1
-1
5108963976
3979217537
5539440718
2438933495
-1
5086385069
3280272457
10739762850
-1
4566400538
-1
7029401713
3290421236
1864909252
-1
7873972667
5792566868
8438609106
-1
-1
11009957805
7877930134
2101347575
4843184930
-1
-1
2563883180
11008103434
-1
12951280848
2624376697
5566701170
-1
3784508625
8940261323
7074920993
9400188189
3617770071
-1
-1
3656237957
8476710650
10970517727
4587855326
-1
12621049485
-1
4353485388
-1
8783257859
8081302771
4635694270
-1
5901186371
8776461438
-1
4287091987
6705750117
4942033795
4614030975
9046131345
10533315105
3569680112
-1
11279258018
913100922
4118530630
4756030246
-1
6105181340
6672820941
6048384063
6168395457
4996240945
3811522535
5437645238
-1
7664563924
10351595633
8322856337
2657595542
-1
2824011304
7549297978
4776931200
6733376753
6599081824
5798801413
-1
7799845191
7133752526
-1
4708729233
-1
-1
2959502002
4294319375
1763420260
6501970623
3696121016
8303344540
4964717154
4485456647
-1
4033604929
-1
7484405779
4372862527
4495514285
7543004671
5446995255
-1
11542317481
-1
7607790387
-1
2733665524
-1
7878498962
9453168875
-1
8770844707
2309164524
-1
4977980954
4216301545
8664687048
-1
6293337807
-1
3740939330
-1
7967581713
-1
8833415477
-1
-1
3834424468
3263139410
7056065699
-1
1484620278
-1
8236410788
-1
-1
-1
4718721166
4620809399
10281139906
-1
6834900012
6183644211
6378407342
8558714996
-1
4259343535
-1
6012329785
7393329402
-1
-1
7995720616
7971508282
-1
-1
9753774109
11448468991
-1
1902655619
5445717523
5481797294
4178235962
13225829394
-1
2809178033
4926336099
7899570833
6758192763
-1
-1
9176413725
3652126468
-1
8638700938
3895067641
6332855323
8421771923
7900979511
4455956834
146397858
-1
-1
7831668704
6638874816
-1
-1
6334890810
2807956184
-1
2604316489
-1
9258137476
6797901074
8878680916
7091352088
4256907963
6268551896
8248430452
8222914529
5511168362
2683853047
9009134324
4508878710
-1
-1
5060647057
-1
6543931523
6928140680
8129295919
-1
6681936409
-1
4735302519
-1
4383012711
-1
4165216751
3506281289
9383693175
-1
6986906512
9071461725
-1
6266861244
7404214014
7723788622
5547697288
-1
-1
-1
7066677598
6949027554
10932024614
10358137438
12847176618
9797258662
5380071508
6322034299
-1
-1
-1
433072073
-1
5040350296
2744447757
6573637007
5901061956
7015251195
5289510039
8084320829
4905852971
5369143941
6432277837
1272620992
-1
3724656492
5908616933
8931922157
6409198291
6031013328
7902371055
4411976536
-1
8261856661
3173083753
5115543308
12338417577
-1
6901182790
7805291645
-1
2870011214
2847026175
2409814526
7602793098
-1
-1
7094760193
4882280148
-1
12187009031
4712750419
9959649196
-1
3891343079
-1
4864651365
-1
5510294478
5105415877
2404098585
5747574184
3012213853
2921863140
7153337014
2294836980
-1
7775031643
-1
4638172124
4955537501
2650144500
2968414515
7849619340
10581315595
10746721739
7855971035
-1
5707144657
-1
3959464732
16491344758
2435169108
4641116800
-1
10017532871
10419043662
7648766433
-1
8050563546
5860179300
-1
4880371132
461127823
5438706573
-1
-1
9063292547
3216718922
5153476075
4436135095
-1
-1
13440678667
-1
3675659275
5072314006
8170584821
6029371422
14674947495
10700350326
5243253691
2955822344
5727351071
-1
8127229354
4719401725
5842866889
-1
4100566123
12886207583
-1
2156729431
-1
8322943930
6345934745
15758207267
-1
10471825697
3726747596
7760983110
4758170566
5426578751
3149959942
4504180469
8581732958
5060814898
11231874756
8403120434
10380660252
-1
7248420905
7394861409
3135403025
-1
3166703222
8553600862
5146503737
8075959195
887971366
10819524169
5736586245
4098737537
5801024842
7264454125
2071271775
3747558776
1206532462
11391071263
7649910144
5170622922
2596961342
-1
-1
-1
3240728791
8958753403
6579099119
-1
3118760764
7701401573
-1
6492815212
5762080354
9976968623
4013895745
7178045824
4132966981
-1
-1
-1
5900068975
-1
-1
5790771191
3762439482
7621511659
10422284305
6432849369
7154039295
5145172789
14338238259
7102350537
4907752086
8906347805
8862607102
13727162215
7452946488
-1
8168267517
4372221619
4893665339
4948480553
4272299408
7865114282
3718601603
-1
6589432420
3542238218
-1
-1
-1
7959012086
3458727793
-1
5837374687
3207879515
5419810773
-1
-1
4781382571
4329962989
-1
7305773123
-1
4521915657
4382501797
10103357157
-1
8697490279
-1
-1
3933477646
-1
5795821932
8110128608
4708325794
8757503650
-1
6158090934
7106100776
4367524826
7689676585
4538033999
4566323704
6311006903
-1
3361997683
-1
-1
3319473024
-1
11294670815
5447045971
2861741568
-1
-1
6150661988
14552335293
5880120855
5091313645
-1
6074300021
-1
5148917457
-1
3028148333
-1
-1
-1
3904599303
9726339651
1560444319
9933858204
1716568542
7212676598
2994579057
5982209666
-1
-1
6017179009
-1
4016645420
-1
5369999987
4378415622
-1
10653167826
4865080281
10525048507
4292069642
10531355006
9248838102
12791001358
10230889364
5313833337
6712602946
-1
6012564888
3729927423
8017998404
1772433223
6215429098
7163372124
-1
4417858115
8806970380
-1
-1
7319213862
8335724706
17205903952
5962336045
7778712150
9137834145
379570411
-1
-1
11005026986
-1
2475836693
-1
5897824752
4837071560
4010163698
4915066572
3635777409
5704311381
7649185664
7376372656
3338472745
3200865977
-1
-1
-1
2655198159
-1
-1
8699014927
-1
3516600255
-1
10030763649
5517141396
-1
7972394611
-1
1915475466
1386428669
-1
6929528954
13202635431
2922234349
1548720105
6038897243
5941588667
11131347683
4097609587
1472896509
4741202218
-1
9041200475
6943203107
-1
5866315757
-1
4811584054
-1
5744651907
6789455382
-1
8510200643
2746754510
6583351731
8399588297
3289167815
8383242027
7048453553
6144100627
2854283154
9630471694
7243669673
4957509151
3867716962
-1
11581517576
9160496400
6889995322
5897714311
5436332369
2178776393
14983714513
11903318397
2260834691
9594337911
4753507329
-1
-1
8262684467
-1
3442359006
-1
3790622472
10795498825
13064096118
7340408393
6918457448
7624441820
10020652550
10100065296
6776014764
-1
-1
9280524380
10644493029
1868970162
7655773740
3203365182
16503289676
5969424007
-1
2249595566
9790329315
2530190867
-1
11084793383
5511651003
-1
5954672762
-1
2875721746
-1
5916319304
8585176001
8437138057
10662619668
10337144770
4292129333
-1
3019313485
-1
-1
1231162397
-1
4345123401
6390201647
5755706416
8329155475
5477709164
11171231835
7203923406
3572793093
3726733924
6709311000
-1
10495073050
-1
8899238978
-1
8365752387
10666744096
-1
8247026836
3530024475
2383947778
-1
1406251145
-1
8063961980
6124693504
4235057623
-1
4367933229
4845176775
3183637654
-1
6511798324
-1
5343358300
-1
-1
9459109379
5871045998
3024637547
4429520570
6727367743
3396541672
6804307975
5651231066
6730303864
4041877347
3945706951
5246816705
8931346528
9240956090
5105397276
1899979043
8336952876
-1
2963705969
2951939592
4567335897
6294646206
7594862454
6304061672
7514139992
7376244382
9499468902
-1
6741781484
4918377355
8886007729
6686242238
4490416409
-1
10175803824
14720238376
2571002407
-1
9829534192
4296621053
-1
-1
7314581718
5755009729
4811594764
10595224596
5979341164
3192904935
7355081809
-1
9810556741
6422531093
2984639754
5621843343
-1
4853674519
6890639566
-1
3613407873
7684642892
-1
10116855534
-1
-1
-1
7265714132
7000373073
5058280678
5735734574
-1
3714263954
9109323962
9647903702
3120628679
-1
1806359624
6333436518
5573369308
-1
4168279241
10428980043
4248633377
-1
5262898996
9044779236
11775569581
3323265933
3466524039
-1
5956453730
1077387528
3704142805
-1
4143596641
12655943106
-1
10220055592
7838454991
8631864879
-1
-1
8444960523
-1
5242705804
4122770811
6421230371
-1
3729988251
6369266874
4245006724
6508174774
5494143053
-1
1277586457
4842303702
7580087125
-1
-1
12339753842
9743655609
3561916417
13078947846
7832409944
11506814514
-1
-1
5675508756
3674536836
7129540608
2542168159
-1
6321555451
12088988276
-1
4387593362
1699236073
3721477513
12429611615
4513835601
4088557418
-1
9157977996
7149122657
5229252171
2681712338
-1
6633277293
1588605211
3977345886
1286576761
5808710961
8774612528
-1
-1
7507178271
5788969406
5139429285
4991766068
7499615048
2359425610
2548110647
11820851223
3366213754
5166517394
3334079394
5936596456
4220348328
4110492104
7620475324
7544566522
8266902918
2664736031
9698310650
3132660354
-1
6844844778
7882058964
-1
11964791117
-1
-1
-1
-1
-1
1654234033
4933761819
-1
-1
-1
4286480570
5198363646
8578559913
9067887554
3666409525
6142782121
4154944425
9139717697
5906814137
5592218791
2454208628
2655735725
7888004035
2393183800
-1
1464433238
4944070949
9503938364
-1
6385066411
-1
6997103690
5412368134
2503999580
7035023413
2215159456
9508135977
-1
7722823183
4031105234
4448515538
6699399703
-1
-1
-1
5459381953
-1
3361582655
-1
8086226377
-1
7265866741
5800952861
-1
7551997593
-1
16635215301
4273209073
-1
3232408895
7600506663
8063882153
12816496546
3050137240
2802542187
-1
7155877016
6842694892
4813321844
8968321974
5078968356
9661754452
5564169093
4417772159
-1
4164036978
5313903594
10341987513
6584956101
5838561036
3348468790
7168575241
5893505084
-1
7944896367
3789744030
2524715116
2190318604
-1
1690062094
-1
16506353715
-1
8360823675
8518173572
-1
-1
5271119099
7969393822
-1
-1
2840828460
4219550371
-1
8922488069
8991681992
-1
3839164395
2898425381
-1
11605841576
5300387145
2603278992
4584390597
4691777010
6120742963
7879636487
9526776776
16226713772
7592430982
4769346822
6184553953
-1
-1
-1
5499473608
3612188662
-1
7552289630
7110686651
154389151
-1
-1
8575887216
4663121049
7912239445
-1
6642546280
5289262630
12771551897
6700754891
3028458800
6373083143
-1
8607618917
3362121523
3905440446
8811165466
2311899155
4092738369
4684205848
13530034747
3924328138
13959029793
2153735850
9014679999
-1
-1
2653449476
-1
5533705292
4496718463
8858094105
3380079213
-1
5344324388
4651040111
-1
6968107065
-1
5952823269
-1
4965777628
3147972552
4170841511
8349725718
8320872621
8353366889
3679330878
7679894782
2799823103
-1
-1
-1
5244944665
-1
3308718827
4140078643
-1
3481376761
8666629004
3925806033
7749839658
-1
3587530338
7401067406
7191723474
-1
5436472049
-1
4926580555
7851527463
2197942664
9307286043
-1
-1
5410805965
7178587812
7928290907
-1
5162204022
-1
5085806212
2454354300
-1
2495152304
3101588556
4371109589
-1
-1
3359120035
7206147040
-1
4203990037
-1
3089989753
10063332612
-1
3686023275
4232859208
4376987509
5303521251
-1
6934748764
-1
-1
6715870084
1481647598
-1
-1
-1
-1
3827890976
1478291089
10311561284
4257805342
4497182490
1219356972
4684214630
5264424847
4349604733
8981115756
3569488675
5067596962
13919808481
7510523503
6194257348
7180120055
-1
-1
9845498228
-1
-1
8436667195
-1
5839837286
1911920114
2893665703
5899372357
-1
5977079578
2733534016
5154443912
4526751466
6529829149
10928754456
-1
9725848533
17679232967
10145356399
-1
9307637865
-1
6369290377
7140425711
11727285448
-1
5833973574
-1
-1
5838627025
-1
6978130110
-1
9462043899
4331217949
-1
1332745734
-1
-1
3530726918
-1
-1
-1
2635215092
7911332635
8347692998
-1
2654022278
-1
10638872962
3758974980
6655397907
-1
3944817035
-1
-1
-1
7799538475
-1
8046201044
-1
8847013614
8872919581
7953258132
11872792918
7117955217
-1
10642219073
4118245503
8108825835
4083804154
-1
-1
-1
-1
6263961812
11383648324
7696140899
-1
3812533212
-1
3348901837
10580980398
13823144487
-1
8541591067
-1
4119142525
6382367824
3962805725
10982202800
-1
6315220607
11180821346
5706062082
6743782113
10802606114
-1
5736959997
4474530608
-1
5370044703
6426846653
-1
-1
-1
7995015422
-1
9047199258
8882796388
-1
1835948512
4397929410
3448864541
-1
2756055462
4921235039
5305000996
5640165665
-1
-1
5887396342
8805767505
-1
-1
1730859914
-1
-1
-1
9838318741
3557058525
6527007426
2593745853
7050192856
7644774263
2425980552
-1
5139360343
-1
5005298305
6519032472
8379459651
-1
6959534680
-1
-1
6869186526
6273057369
4941443440
5298860176
-1
-1
4406054739
-1
5177454445
-1
8170823319
12297569281
8396597046
-1
5123500064
10118353927
4035226228
-1
-1
5599770028
11011935262
-1
3750710980
1657552894
-1
7690295410
8252469446
5799130796
1288638051
-1
-1
7968842249
1346968451
-1
-1
-1
6116697883
-1
2994464244
7193981072
10984483414
-1
5914048589
4892677236
-1
8437954587
9990349213
5741153019
2375669947
5022322307
-1
5797722872
-1
3185583936
-1
9578983638
-1
1509480596
7904659953
1884786103
5137119071
-1
5215763673
7718213358
8368452190
7677133412
-1
6601087278
-1
5950111970
-1
5535390058
-1
2241908071
6329324435
-1
-1
2897791082
3828849674
-1
5172067025
7378110959
1996527050
4386708045
4719337929
2277286553
4719399839
3826680075
359252757
7413242303
7139143486
5760528499
8047053474
-1
-1
12156427445
588625956
4569012268
-1
7248225165
2990498485
-1
9248297916
4161039830
3298098499
7113383041
3390600242
-1
2448891370
3154975515
1234015364
5867631019
-1
5001590355
-1
-1
7609420917
-1
5547969923
-1
5820149773
4586775717
-1
-1
-1
5242715959
10444627418
-1
3785807276
7761056334
9424974343
645984185
5367741180
7620530714
8868925695
3913165617
5902347297
4635702168
-1
6784981001
8389019427
6286795686
7500296064
-1
7591436667
3886694056
5453474616
3605296674
2997522418
-1
2840404557
-1
4493771564
-1
-1
5178905709
5327421701
11578849943
6806930018
5143063465
-1
4493772761
4820540973
3031457595
-1
-1
4178632789
3916448399
-1
-1
7133736046
1113319741
5727336735
5915350493
5012515910
9214626930
10619274057
683566359
9837164706
7939313213
2711668397
5269519983
3678087235
-1
4996535660
3144983648
5773655700
3104671887
9564148951
2365930238
4219231648
2536092791
4666727819
-1
6228603367
8746049673
6299720896
-1
9430632745
3160285469
4844153407
-1
3784046746
5188827534
3079170556
8810859766
4328936854
2531355154
-1
5556430708
1347409576
-1
8447392770
1949589729
5307093620
6204089113
3851087411
5831500041
-1
-1
5643151018
7613011155
5541321908
5014977945
3902869565
4546883987
7267553025
5799645606
7789899264
3928060155
8721918679
5353479667
1198633474
8626539988
5919658237
5674523543
-1
2094774023
5616140827
7345611837
8958088573
4818292588
3982372547
-1
4743962496
-1
3086749215
-1
5932363086
5355932698
11501426993
3616571452
6097351375
8268387781
4155446436
9010817257
9454606085
8899863984
6750386049
8891537118
7474812060
8618214901
3443022229
4400389524
3918840124
4590455649
4468072688
4680777587
2155512311
2684398497
-1
6523798637
6812080619
6320297073
6619856158
5382965122
3480683853
8083499434
4643796526
-1
10882642918
6604813003
2334806355
-1
4735240869
3402029011
4071231407
5357588440
-1
3523365980
8531372644
2868232714
7994311549
7869400529
3566776377
5207266774
4292058118
6307643465
5840638713
3357424154
5671145247
4519190481
6900004876
10745916945
7018501184
-1
-1
3801226252
7389531864
-1
-1
11500502203
5100146765
4454984600
-1
-1
4204019528
-1
8862463252
-1
5515628140
5683263140
6465555705
6577301570
8953774619
5433968940
5041420093
9901660359
7813649830
6451488141
14116973531
-1
4559978153
-1
4282064339
6932942143
3071454680
-1
5934037432
-1
6670900152
8417805119
6765582608
3291824869
-1
-1
6083789463
-1
2679500795
-1
-1
7436792775
4938741716
7481389075
5228261632
11838926740
-1
9374842979
-1
-1
8186586379
9550302000
6599895482
5858810631
2828797886
8787502317
3179182885
4843702808
1681905910
5367643207
6440895162
-1
6784182910
3258139841
-1
-1
5779370558
1229692735
6048951917
5177452012
7056165153
2549615661
10282559220
2807955057
5671579403
5094896671
12413259234
3567316088
12171482758
5901166701
4481348331
3756963703
6013366452
5551633182
5305204948
-1
7113145323
3255265917
4315566830
3898141108
2910077816
15841336953
7369110100
-1
4252718896
-1
4776555948
4696905713
-1
-1
-1
6078034383
-1
1534835751
-1
5699385629
5821415945
7832496278
4009688605
-1
-1
1205465121
12193106199
5217372897
1432030656
10675190080
9692490871
4958966828
4812841305
3022623563
5138398451
4973252026
-1
5516740253
4711137789
-1
3478456050
1741582465
4929727066
-1
-1
4632914637
-1
3745742075
6300247685
-1
-1
5794907663
-1
7521476250
1636772100
7431384647
-1
6219754233
8037598488
6542783681
5414994120
3340003893
4131634381
3856933612
5676384686
-1
3911083387
-1
7565048047
11009419730
3925080906
8429424088
-1
4297764994
-1
4742293766
6372350785
-1
-1
4735759294
-1
-1
-1
9398132421
3473432133
-1
12973055133
-1
4228295665
6143318596
5353528076
10359490434
-1
-1
3164131102
2870467260
7155098001
-1
-1
7720729126
6256731403
8143389192
-1
4879269423
2892881853
10019748314
10198372851
-1
-1
2971858196
-1
14256788735
4920326993
3815641995
1964422564
738083125
-1
3951062203
5453315739
913067451
7428652441
5462835390
7480449304
4051526783
6584220790
5483904416
-1
9963743538
7495118055
12792936053
-1
7344498237
-1
-1
14667803970
-1
7610416812
-1
-1
-1
-1
-1
-1
-1
10591760791
-1
3373551642
4186353408
-1
11172925000
-1
8354532866
3132625738
10148079097
-1
10871989621
5251553149
5110584502
-1
4167591690
5759058625
-1
3467
5009090118
3088358197
-1
932696200
7807688921
-1
10104054926
-1
2956882345
15276654231
4507333972
4126802956
-1
4536131350
-1
-1
4856939469
7704029967
-1
-1
3224865122
8432426451
2665500300
4238859818
8066949378
-1
8115052725
-1
5206677851
6347712738
-1
6780416666
9714537469
4960926600
-1
3569249992
4325379292
-1
-1
6724670552
2613752748
5000574153
-1
3505067294
9199578072
7736650664
7042761337
7993778950
-1
-1
-1
-1
-1
-1
7165975800
9007163134
9708655966
7536777845
7188172231
4279062110
4314261735
-1
5941045117
1878680640
-1
6942152767
2518294745
11590988983
12776035082
4088476669
11487041330
7795723436
4717030974
2603667172
-1
3791646884
5178101669
7682920240
3271958888
5331901302
6981189476
4763434871
3217564752
7191145842
6986527249
-1
9159744641
5501998649
-1
4965802626
9194283474
5011798482
-1
7027672990
-1
-1
-1
5030226251
-1
-1
3719754152
6694942370
9021856995
4959580599
11377366537
6989113312
10013447306
4183066869
596255820
5186113808
2840464270
-1
-1
5620506388
-1
-1
4541216842
4996693565
8597038324
5233325501
1243976074
1659192393
10996069827
4786493742
12855282570
4666925722
6371915866
5963666857
5116647242
-1
-1
3482621649
4539304466
5570993960
6761794776
5111540564
4957409359
6416011369
11063413800
6086386258
9881356472
8149942676
7610681671
1646687715
-1
-1
7509147267
7614978952
-1
4555815545
6112140846
7161123168
6273847032
5594795101
-1
3492737288
2298850542
13593516936
4780997114
-1
3470803463
6133115171
-1
4979151948
-1
6279773902
3859496483
7074786726
6617049956
8728475036
-1
6571377076
4092523332
5270551619
9828697670
-1
6572040293
3154640681
1833189598
6094655775
6479688341
6396392770
5174828402
2485376110
-1
5264590798
-1
7057595827
2555770723
-1
5568580387
-1
5389160308
10818239977
7996138549
-1
11393560996
13658115399
4756363196
-1
-1
6442451639
-1
7388342847
5475119142
6148971851
8581005838
3281438356
8502432253
10270461752
-1
4625083619
-1
5777348378
4757918703
4466144230
2102134476
5268064060
-1
4860260620
10003319849
7025324410
4137435014
-1
3398955877
-1
7721840943
-1
-1
7615371637
3053921170
-1
5143895585
8964947331
-1
3408554008
-1
-1
1862085073
-1
6579485666
4241053057
5922445089
8128055499
-1
7974471339
-1
9419916870
6580997219
9557519485
-1
5368296203
1017548100
-1
-1
9512637471
3875678111
-1
-1
2617652751
-1
-1
-1
5168109716
6686166764
9756077026
2890031181
-1
5067507480
-1
6316524526
-1
5427204523
-1
4588342703
3842938721
6497680113
-1
3176215239
3181272670
-1
2592170256
-1
2102023678
3962096844
5927782740
6787798702
-1
8367136195
6663836898
4291480639
9068918488
5043338558
4824714945
-1
-1
8468266969
5725188576
-1
6016889168
-1
6005511647
-1
3500833018
4523792651
4699888853
2381029743
4363182028
7756367848
4907803307
9215688795
14379883249
9072779392
-1
10441129369
-1
10326523122
8080294201
5270828885
-1
-1
-1
4362547300
7254556734
-1
2583343935
-1
11994565930
5749268869
-1
10930120591
-1
3676430311
10338906789
-1
7821456937
-1
6949777556
2869239574
3274632048
8842608052
10268269417
-1
-1
10576463206
4427251751
-1
-1
1832291731
-1
8546801236
4031597240
-1
4071144470
-1
-1
2332564103
-1
-1
-1
3270812449
-1
10753138260
-1
4111030150
-1
5693560540
4503853627
5141454953
4246161406
8710451321
7384052651
4977730277
4512200831
5061106746
-1
-1
-1
5326691387
11732699724
4098648308
2623712030
4274260205
-1
5649
6381578614
5499617020
4462158145
11180787023
2536986789
5123724294
5161303414
6314924041
3617972770
-1
7280744651
8989099239
2262261315
1686733518
2182747451
5355881482
9171857855
-1
6796926065
7056319334
4544565299
5225508417
7958489974
2664769825
-1
-1
2982434393
8206538370
5052975462
8139633269
8102795093
7234102522
327095424
-1
-1
2763370834
-1
7030458952
-1
6578076703
-1
7836849086
7986405698
-1
5582118933
-1
-1
2570189924
-1
4033313122
-1
-1
4525293023
-1
2611270485
6028399897
6857993768
4141719763
3346823359
10163773113
-1
1398017484
7067368637
3833944382
448252822
4001010124
5744317316
4733978077
5962377987
1964074668
-1
11221362656
-1
5485654784
6089158259
3831250699
-1
5561655721
3182350129
5916839968
8201606982
4664270348
5337388848
3656143778
8498313166
4576423967
-1
6522824812
6365033401
4201897734
8121767951
2215875108
4239926389
8014607002
7803504618
-1
5243711836
2914957110
5591002180
5987011456
2642502059
-1
10291630236
11033573254
-1
9771110738
4917850468
-1
-1
-1
5290724135
7524066874
3956194014
6903278212
7986405692
5785913934
4185715621
5106254112
7204157513
-1
-1
1948892741
6066336818
6952780480
-1
-1
-1
9230953126
1937054680
3868793783
9317113686
-1
-1
-1
7037767048
2899658801
-1
5710630130
1765735780
-1
11195773923
10468774168
-1
6487919436
3998641969
-1
3944639121
-1
-1
-1
2380995321
2282488690
5598659562
1500341567
5437649666
6063539339
-1
2394141053
3591092287
7171169775
-1
1906604308
6399310674
-1
-1
1555256151
5706582447
8158074942
7459479833
2954945239
7688574070
11391114283
-1
3280428479
-1
5268512002
8308078545
3987071065
10456299368
8545037965
5464941701
5428076395
-1
8940467934
-1
-1
8125099063
3950601458
6094315344
4353949273
-1
-1
2673944411
6769195232
3006397702
5549294996
-1
9063688449
9473197801
7503468640
-1
4355460967
13953491057
6771256713
2960312109
2069272214
3092474840
2699392076
-1
1290280574
-1
9835301910
-1
5034645670
3226861762
6521875042
-1
7867113951
-1
4101962923
-1
-1
-1
13069486851
5832632800
-1
-1
3520633870
-1
5354061235
7628294374
6620208823
-1
4364336888
-1
9129197306
2419424088
638542462
6947260279
9503938366
6788605993
7898424977
6314440293
9314974227
8626673315
7558437632
5557771969
-1
4275290792
7808008902
-1
8292134861
-1
4196209317
10810254052
6706781806
-1
1226870425
5641189585
8781425473
-1
8871776374
-1
6730285592
-1
-1
-1
-1
6929498737
10983908399
-1
-1
-1
5343322685
9550723345
8570013698
-1
2938086774
2296051683
-1
6553112711
-1
-1
7944000155
9200205259
11808584858
4924307452
4932590221
-1
3771755468
-1
-1
5117305007
3785528432
2953701843
8887935260
-1
4050590810
-1
-1
2736438231
6398255878
4103855306
2122685174
11678863859
1702977251
9482629003
-1
5569724832
-1
7553880229
-1
3169392635
166579386
8552711341
227651954
-1
6250188283
4523786302
-1
9569018176
5249094708
8260687256
-1
-1
3012217471
8027393145
2994187736
-1
5476665593
6730937551
15185146612
4788883872
9831638744
2982100635
1432857987
9583229645
7846583727
1378323985
7828336401
6222505360
2176496149
-1
-1
-1
4407951842
-1
7292255369
3044800352
13262664030
4292238696
5028768506
-1
6874208737
11305898405
7010068309
-1
6138239105
5293194697
6167927260
2407037506
4860691104
8897973865
4054216879
8169782691
3313761621
9291204982
7953836388
4843626918
6380500950
6757374756
5578567491
-1
2916179068
-1
2718746936
12456495202
7316645399
7015946128
3717761302
7030145377
8883154755
-1
2106153362
9287812827
-1
-1
6107615982
4590291640
4927812424
7233710539
-1
4780398875
-1
12093018382
-1
1047611172
5794921073
4844097406
4816828688
4794606967
-1
-1
3386687720
6028575962
4818129810
-1
6760947386
3613746492
8758538867
-1
-1
3661447502
6474066789
-1
-1
-1
4075815046
5076693709
11825444271
8447395996
8185820726
11975573582
-1
8212286394
4478436904
7418634137
8163560121
7860378344
13692180856
4769739497
-1
-1
-1
7402876534
5769988266
6765582609
-1
4828023582
-1
3961199537
5303315462
3541173023
-1
3960022531
8221058118
4265819644
4532112527
6077982201
-1
-1
-1
4252632177
-1
5612688873
7216810570
7577308861
-1
-1
-1
8620227187
5459862938
12292178226
7930423254
3513118148
-1
6594759041
5971097633
6673899999
7334733059
2499635446
3769300005
-1
5344734264
6057342278
4884701105
5693149806
-1
9679225496
-1
5613247025
5606526161
-1
-1
2928737993
-1
-1
7486063865
8743224498
5530337963
-1
-1
8418904563
7090456282
-1
-1
7353370705
8465340164
1837157029
9814545434
5566708493
4747633367
-1
3173610323
-1
4630455649
11233731382
2485881491
9853532333
-1
-1
4662972489
7827325116
-1
-1
4652304590
-1
6411927555
4103926171
8670954164
-1
7323594406
3663630427
5610862452
2892356565
4769757788
-1
10024475349
-1
3949127367
2955210464
-1
-1
4679831775
696130230
-1
6591555377
9494342429
6952210900
-1
-1
8389709829
-1
6160011830
5710025017
5030405100
5324123630
7292169914
8746041429
5153339610
-1
6126166829
3288721565
-1
12390840982
2748634816
11525450056
5229059426
-1
897834517
5416890820
-1
3606852894
7877892839
9665752694
-1
2811367476
8860403246
4250009613
-1
6905198127
4919010542
-1
-1
11725363707
3557997550
-1
10816378689
6694536428
-1
3873916649
-1
-1
-1
5475296674
-1
-1
6536614594
4824393600
-1
7382608477
-1
7835559466
5085214997
-1
4788804378
-1
-1
5098124762
9462771382
10557822265
-1
14448747826
-1
-1
7370602851
6994828063
6608797390
5599717928
4254736750
-1
4843840686
11463174367
12304052780
-1
-1
7987691379
9023063224
5933002834
-1
5824088117
4056606135
-1
6870914398
2861358157
8592108748
8604659090
3703848484
3700717173
-1
14880534150
-1
-1
2266877257
6481746652
8357517843
7762824249
5059357864
639014125
5508636947
4883145835
8321982681
4251940363
7678045940
11022743016
-1
-1
6875808322
4996040064
4151878328
3463515304
8783768708
-1
12327603064
8388255622
3844900408
7062468906
3641796563
2458423133
4078305477
-1
9842462390
3756310114
11400285816
4165966653
-1
-1
14512729176
9955352923
6774610690
8792731481
4146347798
-1
5038993159
5523919920
7137606074
-1
4692274203
4714489674
-1
7342749352
6275689883
7404212899
6215599934
13752252116
10559872887
3965869240
6226186323
12426414234
-1
6486023447
6277995717
5789711451
9828804198
10114997211
-1
4051517232
-1
8985306953
7057397981
4932605231
-1
4158342868
-1
-1
5462774458
5389119582
3952839885
4303286736
-1
1707788449
3212067018
3133150601
8857498370
8884471544
-1
4277763724
14785106354
-1
4874739962
1407984545
-1
-1
-1
9303494819
12655622525
7469809111
6473396171
-1
6904704203
4109223026
-1
-1
7976417305
-1
-1
3740838672
14547589922
8852837288
5061221193
3594450564
5650752599
-1
8158659478
8390746828
-1
9140287000
9116639629
-1
4112985335
3421239889
10076455517
3686082902
-1
7125067430
3625441386
8781629336
4691353684
3241989659
-1
3781272918
13600382222
2843510359
4247686587
9222010705
12475205380
5224125870
8290995370
5374175710
6838591373
2771016627
2156136751
4410212656
7640001183
3370542911
7088160550
11260888683
6961550267
649025394
5303941212
-1
-1
11477892874
5728082836
6748518922
-1
-1
1578019853
5865437581
-1
-1
8504348737
5174780076
11282621331
-1
2762733379
4465048895
4312356230
-1
12645915422
4105902671
2595522000
5272663988
5343378119
7647908984
4569892454
9257940823
6330258956
-1
-1
5509943805
6161197608
4282865600
-1
5067708876
-1
-1
4710187369
-1
3717938876
3601408560
3631511190
6374090543
-1
-1
-1
10713699824
7995853756
3622969861
10414207466
7728475781
-1
6675026469
-1
1955184336
14286425495
9097984216
5276438921
7780287893
-1
5301329683
11262577440
4157615680
9275670722
5088984052
-1
3752244250
4897048703
1204589214
4670909362
9882013622
-1
7142737031
4932138595
445863791
8959770517
5132120050
-1
7564224880
7995054716
11616013498
4315895371
-1
-1
-1
7531277326
6910614992
-1
-1
7666937645
8810859766
-1
5668928764
8044597626
4646282398
5259884603
-1
-1
4533995141
4615942339
2262455396
3711026900
7075019808
10353505201
4362063341
-1
6264431182
4575581384
5821964582
6923038770
6343885825
2363757679
966135934
2847444322
10062308597
5396579391
9229404211
4796733912
6113871200
-1
7358913357
8821271722
-1
4329157801
5038143155
7274051276
-1
9328124905
6623038865
5248425413
-1
5403344604
6813442494
8018358061
7939023613
6222827138
7032230370
6993434048
5044608678
2574558002
6658175487
4739575795
-1
6562780448
1276793884
10607726756
-1
4886354925
9859597606
7939544275
3936465883
8056187956
-1
4240789761
7439570229
7274827200
6441701962
-1
3937498422
-1
7970938202
-1
-1
-1
4433884603
7179611975
6831650988
8135703097
3279986854
-1
-1
6964797705
4102224595
3989999638
5668442799
7827305195
-1
2204463061
15204550850
4314710012
-1
5532518483
4800424368
5417908880
5223727370
-1
-1
4504017785
8772051981
5518874120
7257335702
-1
-1
5511250852
5608749733
-1
9573519484
5299995971
3334810070
4054427192
2748597550
-1
7258754505
-1
8228764889
-1
-1
5084464793
4218140886
4103981718
2946118564
2900261959
4795417040
2626944578
2867303517
9335431321
5542674223
5957428172
-1
-1
8541952164
-1
4252856397
-1
2857989705
-1
-1
-1
4279104411
-1
3355157614
5566719332
8064983317
-1
6921380724
5771503388
3287973724
3529643264
5230751150
-1
4440652892
4087385960
5722687031
5045466127
7996126443
6466604523
4233364721
9382605693
4390241569
7004420658
2679284433
5163264664
9435705087
6811800387
-1
4319115000
5196843998
2003476979
-1
8864926465
4735253959
4699461802
-1
7483914587
6356939637
-1
5365848396
6648134227
4042339837
7979147002
-1
-1
2637866472
-1
2384597404
2643405914
-1
5557715148
4266168292
7985565218
5826549514
14561807791
7032903459
-1
6849501601
5452134953
3670285765
3795009503
1473867330
4738128477
8812617324
-1
-1
7439543145
-1
1654726586
3752458286
7132797282
5433090161
5478042802
7807902486
8955815017
10045285698
3630111883
-1
-1
-1
-1
8013423472
-1
8058123253
4853186253
2474757589
8968438873
-1
2965373
5613821299
3392271108
9866794477
-1
-1
4020008513
4884256485
-1
11364669325
1754196544
-1
11418101575
2937634081
13227398448
-1
7303584572
6833735129
4904989403
-1
-1
-1
-1
2762934760
4811999581
5237364177
4548833901
8895459660
2867120603
4604583074
-1
4249700253
1276588015
8752229607
7390157240
5488230871
11557925852
-1
5426818649
5219938646
9704360372
3283771531
6675305768
4699857401
-1
6097016315
9903430879
4931175470
7230348997
3962080820
-1
5955528495
6360018880
-1
1707323078
8367986075
-1
-1
8026668719
3765873133
8345197497
6087117649
-1
9701362022
-1
7892295712
3485081267
8101103749
8474324263
12585193395
6257104842
3179232886
4637355288
5227975439
5250959740
4887114819
1827362362
3613211743
4200996781
-1
-1
5354400948
3275827285
10545804284
6388312770
3192128510
2789179166
-1
-1
9776062942
7627569170
6401976920
2760721777
3867241064
12259008495
2269272794
8388598403
5663098202
7962647718
4688586771
-1
-1
6372453862
-1
-1
2823270744
4200154078
5136175325
-1
6509050647
4268150108
7604306010
2264696534
6296272750
11017827096
-1
-1
6045426714
3201068322
2654092421
-1
7302074930
-1
-1
-1
-1
1379892596
-1
5204167576
2648393692
4742726633
-1
4708850179
-1
3188235207
5798656876
3066012638
5262177304
2718269565
7027257138
6301948101
2382933492
4098028961
8400957125
5648048648
12951280352
-1
-1
6556298720
8547066601
-1
10821796538
5585871085
2508272977
7802296820
9999945754
11536872911
6084151270
6322979815
3272446301
7749641806
-1
2565032391
2654273534
3480624114
-1
6468758828
-1
5603135389
8854663347
-1
-1
5620583347
3149509488
-1
5294801276
6990920482
-1
6476608593
1840987950
-1
5619471374
5305560319
6332918062
4065757388
4240551389
-1
7558657378
10778553724
-1
7100003891
4931655777
-1
-1
5289244293
-1
9561804929
2720629038
-1
6018504939
-1
3759908374
3687174626
5255253546
-1
4300911478
7775808827
8091185269
2895421369
-1
4487088834
11254118659
4399513694
-1
8634101584
-1
10509216780
4781778119
9531155464
-1
5762333620
5754076438
-1
6640166392
5453345229
3075536728
-1
3427165858
11572849009
4852743752
6014307682
10233910259
2521065113
7195547392
-1
6991418825
5327158666
-1
4775093915
-1
3967343774
7420443512
-1
4362766845
3378158367
3815185298
9101458945
1478291085
3395359699
-1
6589019547
11761568022
7698756255
-1
7548476451
7771226065
7859038396
6795057897
-1
-1
-1
4777678449
1803465205
7843115068
6667225148
8420641918
-1
-1
-1
-1
-1
4799030180
6801737515
8202079704
5046357341
15165557491
4462868765
-1
4132876257
7786014414
10430196510
11169636480
5624641614
3946603414
10086336842
2325443504
-1
7327117847
6405922062
5953133176
3273032016
-1
3531201325
4593913653
6277495551
3536527596
-1
10264322021
-1
3870785917
-1
-1
9202790077
-1
11163582074
4774143321
8973758201
-1
10209130139
-1
11019364765
-1
3895826107
5767847224
8716401754
8986206204
-1
9753659483
-1
2743682990
18579579096
3572681160
4183508576
4774307547
-1
11676324426
3668782824
3376103405
4742547861
4577898407
-1
9639741708
3382211473
6727733946
-1
-1
7107920646
7639474238
822383935
5374760982
-1
10057338377
14203958765
11911872326
2223061828
-1
3262493180
-1
-1
9218713195
10450667755
-1
-1
9748564914
7648616767
3179439043
-1
5439021945
6308424259
4084207195
-1
2848486022
-1
-1
-1
6196096226
9268791048
2628080468
8516900193
1954882993
4222061642
7355653471
-1
4837717668
7331124869
4429784401
9366757455
3090410768
4268522623
4451425837
-1
10248713130
5144298198
3740942680
8853773255
8552016494
-1
5333076915
3524230185
2149221913
-1
-1
-1
5816501888
-1
-1
6172094513
1435899603
-1
-1
-1
-1
4626024071
4762891402
6185783733
-1
10054979012
5954813438
7414160317
8413148506
6866028419
1350694786
4363127342
6251610317
6305332986
-1
4452381269
6089737689
2642438900
3623074317
6038249104
7530720831
4506418767
913426442
1899281763
8320428383
6595135555
-1
-1
10052715294
4001148477
7326031592
3362191497
4449221979
5309084593
-1
-1
-1
9368613008
-1
6658378310
9467234932
901822410
3607702835
-1
7685021573
12772181204
-1
7135018626
8265099653
-1
-1
8536174804
-1
-1
7924582945
5716398428
-1
-1
-1
7428094145
7852843792
4569924597
4148586609
3890237622
5249417744
4617835049
-1
6774624641
-1
3483936275
5695595977
7757798047
-1
-1
4267595068
-1
7490800164
8125935221
5669511642
-1
-1
-1
5634192331
4779508085
-1
4492110176
6826899042
4764034914
2935661897
2352047941
7948201208
-1
3397588572
-1
588607316
8511875292
5660666040
10037887845
-1
2052093272
7455422086
6685271390
2974136046
-1
1725721406
4384990791
4504267161
-1
-1
5905489368
1312458768
-1
10073242851
-1
4971635032
8708806195
9326750502
-1
-1
-1
3598191670
6908251938
5361647113
-1
-1
3451638943
3120009064
3165754752
6919607865
5005909975
-1
-1
2900422280
6575444477
6171609822
-1
3648876349
8220356868
-1
-1
4882856114
10382083396
8756822900
-1
4058775195
-1
6910713036
10593368471
1920325254
3428517815
5541703923
5646057065
10944984463
14974300318
10493743270
3588971607
3676649657
4933756121
8394644366
6308070713
3511864361
5221157902
-1
3105282464
5290097666
3570074599
-1
5460844709
4431381129
2846315273
4469409376
1827119181
-1
3933975793
9426896365
12204951084
-1
-1
-1
6678457216
-1
8525903513
10837309036
-1
6010096117
5910762692
7745790633
4660380315
11491453445
-1
6560066355
7829910184
6526415682
6174454684
-1
7889064527
-1
4317199260
-1
7951547876
-1
12318882725
4115333082
6427362794
-1
5536432602
-1
5751095126
3545202892
3816253808
8578174461
3416801822
5984278328
-1
3187129758
7203509736
-1
11088060213
-1
4510148295
2127698209
6363463212
7734876383
4886920017
9900141645
4717869425
3100281526
13771019239
-1
-1
8882417832
13214786820
-1
-1
5459998824
10575837114
1336870416
-1
-1
-1
8399179333
4231234238
4474900284
-1
2322955411
7207120322
8546769940
8222774813
10574879305
5273360931
14968416310
8173600374
2978969080
4440511955
2693447037
3378418311
8900174189
7700220331
9497910416
8455940183
-1
4510046041
5639232160
-1
7119527818
4994578915
4658667429
-1
-1
10530590585
-1
-1
9099664515
4819591583
-1
10342253909
-1
-1
7043885875
6411243129
3845512019
-1
7908279899
8389800276
1816969466
-1
5828863856
2086065775
3882253176
-1
-1
6551727489
4834232863
5141167855
5545075995
9356564664
4289329344
6615307778
-1
-1
5887236091
3000581925
4605608808
-1
-1
7371696514
-1
-1
5139113385
7578997286
5638341672
5399979243
-1
9950526172
4715913458
6596504366
6284165814
2786726515
8052593309
2599877931
8074310792
4119658562
4911129248
6554226592
-1
6829927118
4370398090
-1
4649068286
-1
4173974926
5417660250
11012627556
6882882914
10240450546
4194850534
6446046880
7046423272
7789634223
1915832829
5763235168
10445587656
-1
10376117956
11126952641
12367035341
10769593681
11163293957
4024571626
7590995005
4310289637
6794971342
6025957774
-1
1342352995
5485440974
10416152213
-1
10583664312
-1
4400986591
5409919900
-1
4146415430
-1
10273556673
7005349370
2488934815
-1
-1
3559446074
2386372694
11415849204
6859921501
-1
11860461362
11579580882
2851980331
-1
3764813420
7203163720
6258609980
-1
5224748462
-1
8621410901
4140316129
5126877118
4033200936
4151645727
7309596599
8817286821
6027315094
3404435468
12285038622
-1
5723284832
9694841993
10674529766
-1
4785464093
-1
-1
6208040379
9799775812
6072331236
4491956589
-1
11383239837
10047922422
-1
5209779937
4795220710
2205794236
6886869780
3477648543
5806604510
-1
1530211174
-1
4777682019
-1
-1
2132573937
3694045681
-1
6189336009
10547250774
2916344108
5948514972
-1
7038331524
4089015515
5544140897
6971096732
4361878591
4929589373
1558707690
-1
5790482326
6486667027
6184654389
2915539339
12397329197
8769305339
-1
6237760509
-1
2299287007
5670128015
9228457671
5062452743
-1
-1
3954833054
6280959943
1474250341
3524938598
-1
-1
5131268019
4769069616
3362281287
4464420766
5435678449
4460811207
8457696610
3865247821
2779953353
6215523806
4824902703
5217689147
9907520274
6884772259
8676290945
1915614489
7994691373
3645666676
10448443337
5132451136
4623158221
2773711515
1906720915
5446027887
-1
-1
2003131047
5366762950
-1
-1
8021014146
7129425385
7037778777
7590633648
7625507907
2281789583
-1
-1
-1
5448883688
7479895001
2540269507
6833391383
2310702144
5592571864
7929077332
-1
-1
5836322121
7218694318
-1
-1
5757808751
7439226029
3297562686
1339807954
-1
9362825304
5138938583
10450123522
5833129437
10214468455
4916558643
3807391993
7991666208
6783971379
8260592271
3843337899
11277995545
6094423344
-1
-1
5622859085
-1
7790563328
-1
-1
9633359392
-1
7394219171
13046256972
3248133231
1270757641
-1
-1
5372834368
1839432893
4178090882
4154054807
-1
7344578817
5137632705
4140237000
5768138842
5790438116
4739941944
5183223672
3608856838
-1
7712211443
-1
1582430917
-1
6786167403
6714143572
-1
-1
3723837362
-1
13905924544
5895997351
8213017664
-1
4873715421
4316123681
-1
4315828320
-1
5730282464
3249331330
3757191556
8330897037
4068293713
10869098765
7148663246
8056027175
4251119169
-1
-1
-1
-1
4270084834
6595407489
7820439979
5086222405
6913922912
-1
-1
8825912480
-1
15063184134
3519073095
4458088264
10183191125
4957302385
13066907889
5815396909
2095825514
-1
13609311
-1
9155153844
-1
5798941684
-1
4374842512
3778756725
8433075391
-1
-1
4287091843
6403628221
4683053214
1959100227
-1
-1
-1
8586572075
5749378465
10882642920
4513123267
-1
4015685402
-1
10675364618
-1
3909100050
3748262232
8574024185
6390727213
3321526749
-1
5794711476
8579630485
3498361707
1354476950
7298288790
-1
9730626328
-1
7014518471
6380643829
-1
9669778040
8103237176
7910156820
6936880202
7359236203
-1
3013427389
-1
5922630306
-1
7085364424
8514618954
2184931523
8576338661
5754712052
1501990729
8629045939
8376986573
2101076354
9250911822
3449940714
2569153748
5065918780
-1
3726342647
-1
-1
3686843922
3952754227
3009261177
12121360577
6681855518
-1
-1
-1
11333370354
8894003746
-1
2792218138
7034301296
-1
9533518405
4515649980
4256944013
11613404114
-1
2556169611
6777472988
-1
9785647919
-1
6531240788
5930138947
4728614157
-1
-1
3175702654
3013591184
6094170603
2331901786
-1
5001837157
5173740599
11818448754
2689268357
5833493463
2778508028
6135149875
3534968341
10184746026
8438524626
3698510065
3957056893
-1
3687174373
4856306070
3288380772
5652336327
9149375325
7970664453
4051981830
2524963307
3659495167
-1
-1
-1
3942454246
7841366195
3935064400
5359435341
7597710593
6120715677
1945334219
2674793454
6648794491
3030742883
2161687667
5139271087
-1
3968716840
2268901634
2197670933
-1
12120849334
5676692219
5610677675
10067560592
-1
-1
8577492932
3008862897
11969493200
-1
10342124792
179
9674305915
8808728410
5679889519
8086885663
-1
10364592256
6328570262
6899863398
-1
8973266610
-1
97872392
1115819360
7550226780
10265459277
2973960178
5435935730
2783767439
1235418902
3699825125
5904456621
4272526463
5810454678
-1
14728550225
1351134489
10708238163
5608076320
3095259126
-1
5546478666
13289355
4150525929
2132709709
-1
6433403783
-1
10181535989
-1
6968597438
8845555631
4587742376
3156581682
7008155725
7310767573
1524322738
7764539556
-1
6509514768
6306823443
3883692344
3769566315
4108667796
5116166372
-1
1390451382
-1
-1
8874334115
4911868659
10445565971
3067738430
4697468387
-1
-1
8424216018
5890362813
-1
6973218230
8449034189
2917708934
5386620900
7759980065
1858670403
3156859199
-1
-1
-1
6183599642
6062897022
11262577440
6762393186
5031633171
2829087190
-1
8924817684
4054343494
5105367844
6036127894
4236686045
6446677051
-1
3815123862
5190272170
150137907
-1
4784203877
1327687254
-1
10464625465
3105799962
-1
3815039701
-1
4200718624
6204025886
1118134080
2795
-1
11732386698
-1
3780690863
7520778913
8107826588
4125077981
-1
4083100323
5355352538
1661583065
6135081261
4832134816
288180866
2090420388
3819468144
-1
-1
7653568389
-1
5835904885
-1
6999604139
3426864068
-1
2139720664
2613406784
7711636328
6745519385
4100027391
2930304950
10356336330
10394201374
3935334536
9075917503
5573016996
5033076423
5456917291
-1
-1
-1
-1
-1
2969548822
-1
-1
6116419760
2872534539
2978002494
7452546152
-1
2978852853
-1
-1
-1
-1
3739651682
5121712624
4323140172
5875573246
-1
4808224221
-1
7931210819
5620735054
3417928461
9008956071
6793043037
2803366711
1958811899
-1
6120731922
1840236938
-1
5407765473
-1
11056264965
-1
-1
-1
8616330232
10316107153
6838617697
-1
3129033936
7661743677
3238611192
5632198973
6257230287
201272136
10917455160
11223486338
9854454254
6133263297
4552323470
4881418666
5906066095
-1
9349987264
11259739323
-1
9681941538
10266645880
2503999580
3688698022
5229507832
3444906244
3634175618
2586573880
4709919932
3377010097
-1
8615879494
-1
4675833447
4745314310
8417431064
3258748282
-1
4873236726
6054904979
3969756866
4920613610
9725720988
2611447332
5312839471
8154225882
5332076589
-1
7000603392
227859
-1
-1
2029375584
6734710456
2699885477
4388755938
8261185551
6597955066
-1
5717451628
10064595934
9095513340
1774819008
2325004156
-1
5610906550
8099680616
6917691779
10403683473
8433067843
-1
6144834436
8080519236
1384758311
-1
7599068804
2891474343
-1
-1
4085799525
3682412457
-1
8326110498
-1
8298596913
-1
-1
-1
11357237899
-1
871069
3558182603
5041420094
-1
2448261149
4919966879
8214394203
4042333873
3615740128
5446685597
5443006287
6996491333
8290050631
-1
-1
-1
-1
-1
2911372379
2982532077
9654482256
-1
6500280058
-1
-1
-1
-1
-1
4482490140
-1
-1
5570210020
-1
6837731656
-1
-1
-1
3849317992
-1
-1
6933598305
8624092572
7815298521
9004038505
7572369368
-1
-1
2904463377
-1
3909470227
6432570547
4399345863
-1
5650799250
-1
5824735120
16395584497
-1
7215905249
7892977387
3674501929
11293588836
6240237139
10745224280
14642082056
9831535342
9708454927
6958002345
5257939708
5935149210
2872458629
4056753392
6902587963
1653442256
5452326386
-1
-1
4512182718
-1
1530331866
9110799065
3588954994
9832275860
-1
8687378204
7971508282
8260285828
5316663813
-1
-1
5135238141
8147623170
3210936252
-1
2970738161
3632408787
2295456526
-1
6017364477
5901189913
7582817148
18293001093
7342731778
5374264985
4190608007
1696263896
-1
4902587521
5756439810
5719665522
11397578637
6630013329
3369501472
6955581783
8846834175
2523788430
9112923173
8825875833
7754694800
-1
2974219240
5773397829
3827275157
7095930422
8220129116
7223170531
3527996102
5190058576
5913806988
-1
5681085201
7466255063
8535117445
5480088703
13517635225
5994655056
-1
7385256312
9902564280
12418886357
5335311193
1267018817
9175401108
4814264523
-1
6797104769
1890042818
-1
6705258661
-1
10517970302
-1
-1
13858211213
5987163663
6817373488
9681885691
9186461886
-1
1905172200
4526052036
6397808823
2930554062
-1
5631966368
5255323190
-1
5531057706
-1
-1
3374244812
4765996388
8770119333
7283312547
10541779344
3795975945
8502493952
2713105399
-1
-1
3804254179
5012493489
1692055018
9994852553
4440652909
-1
4402534117
3866069017
4988194569
-1
7384391140
7010351746
8202616721
5229939628
6922706837
8737655796
6354206305
2874037369
7250714755
5659025901
-1
2319272679
5616773665
-1
5592571823
-1
2327190260
-1
-1
6454928082
12084341610
-1
9595529347
6792903352
6586300208
4706278547
-1
9771571095
-1
2676093759
4937075349
7972087069
-1
4504106725
4339260861
4834987802
7083855233
-1
-1
4736548334
-1
6026377658
8338749422
932659131
3871805973
4013200722
5537370239
6323995673
8181414972
6388561004
912130596
5059670602
-1
4935823176
6859058325
6323062688
5094168403
5569353896
4700454507
5701457857
-1
278779553
7827857938
9359725615
5268212514
8837342133
8245022462
-1
7090977560
1933390833
-1
5592707325
-1
-1
-1
7354173464
10279790285
18047310112
11899363922
1056753743
3354331057
-1
-1
-1
4315353811
6938053022
5835781035
8626118504
8894751174
2290879334
12301844124
5815423761
-1
7733788554
-1
3939450215
4299192334
7642411962
5657706172
-1
11720744531
-1
5639585688
8063674526
10072164659
2483541115
8578944554
-1
-1
4571179544
4357801422
-1
-1
-1
6066984109
1493258429
4195279305
2941633612
6396038808
-1
4444808624
8954493517
5307440373
4641655395
9814537519
-1
-1
-1
3133728381
-1
5900602790
-1
10471852910
-1
2749427512
3711436102
-1
1089305680
-1
8891388427
5696325838
4925119170
2295003043
-1
2222252875
-1
8227498787
-1
6386467856
5915956377
-1
-1
-1
-1
7473642710
-1
6462064767
7858073108
14496165691
-1
-1
2803366711
1211180704
12457196746
8186867485
3811734505
-1
6214375202
10731917474
8571095791
-1
3113967735
-1
7343866319
14324746126
4165011247
6970970958
-1
5677223902
4794451097
4436054586
4616032105
4821781767
9620251286
8574299172
-1
6693099536
-1
8138173109
7305200518
-1
4879249361
-1
4907346001
-1
6043461525
3985090517
8809043952
8387792102
-1
4435798641
6422862215
-1
4995285245
2550691559
3910253440
7795788176
12675961573
-1
7769557270
8328526192
5794613447
-1
-1
2283412295
8100025859
7735024724
5291805796
3778032574
2841779797
7414355519
6728749371
-1
-1
3892516289
-1
-1
-1
5296057596
5048672898
4770414840
6105930335
6121778113
-1
-1
-1
-1
-1
12203689990
5173749730
-1
5258414959
-1
-1
5848655055
2736317788
12174308446
-1
2946647594
-1
6670351241
3677408222
-1
-1
3114677165
-1
1282286354
4204795246
3733050087
6986841384
-1
6890940724
-1
4548545372
5123365453
7765307251
7418613045
3569163480
11146004675
-1
3997294423
-1
-1
3000136631
-1
1285061158
8909865568
7653880452
-1
-1
6879734712
4965301020
439567466
4418203332
5017681761
1857038775
2563123940
12169388164
4296639474
-1
-1
-1
9516103407
4424648259
-1
-1
-1
6586968214
-1
-1
6811426245
6836381727
4116922993
-1
-1
5568408471
-1
-1
35208989
4429729869
-1
-1
6192298389
11738830857
3232975884
6882069749
-1
-1
4313258003
7188090777
3151292943
7876622957
2634798945
7003541897
4678387222
7198139026
5433069592
6835538275
7910829157
-1
9776572937
2486644050
-1
-1
8698859691
6039532676
3607732772
6057982504
4516105072
5109762190
-1
13784054778
10181027512
9917875089
2183502407
7994311549
-1
6331686214
3081232622
7090771169
638543248
6704400515
4663256374
-1
3747697855
8296880245
5471260969
8225424506
-1
-1
5178280316
-1
7793079672
3900016256
5440217695
3977732592
8585761147
2663580211
8641186287
-1
11258024924
6039035353
10181140348
10537700770
5341851751
5249474205
-1
8108387789
4584303159
3939099896
4146973137
-1
-1
-1
7397915581
2545340982
5774942748
7058874505
-1
6266247443
7250349028
8383539504
6907182769
4375389860
6724515005
4107311545
3287798505
-1
5305174558
5131187692
9152693139
10374757028
6666151892
2155693465
-1
1050203876
29529310
7539265556
6090281375
2431964855
-1
9441887442
-1
2891180949
10372575319
-1
1683808404
5560738968
8073308821
913160524
3517177872
8268272981
2918268528
-1
3877792433
6380605400
-1
4138744313
5467808348
3352307625
13084900953
14912396363
-1
4052828579
-1
4785165014
-1
2712711370
1981275569
5637627445
3914908719
-1
-1
7745915936
-1
-1
7441477918
6041549466
8742139990
4180043567
3449309564
-1
7520932313
-1
5020300202
-1
4944025206
2758903016
-1
13302724255
5554822720
-1
8534963640
9931245837
4033318025
7104260985
6581195824
5858462371
-1
10413406250
-1
4194263506
5081413147
-1
3933918723
-1
5786326766
1302458761
10303059974
-1
8067242445
-1
9511261561
6375323940
6336659731
-1
5917711446
9045662880
10827086148
-1
-1
6711691386
7654894115
4432631227
8851236422
2228253704
-1
2184209475
6796926064
12613392473
7095132672
7733700084
3808817865
-1
6940227785
2251751022
-1
5192389677
2091365467
-1
9806371529
6592903213
2993778345
8621199188
5797954876
-1
8060623175
4920495754
-1
6474913328
4114950964
10220189448
5372466151
11432042806
1323972368
2477146550
1807449342
-1
-1
10329687907
-1
-1
-1
-1
4607691313
11616377873
4929027576
5641191048
-1
7769167005
6273576308
4298022587
4548552928
12126477384
10197136167
9986358288
4779099773
8849090531
3976789369
-1
4869512629
-1
5691195088
5451636913
-1
8564974696
-1
7197303392
2929531110
5291616386
-1
9177909753
6179631401
5912323361
7840934347
2349381148
5394335404
4896354859
-1
-1
-1
-1
5722687031
5549028719
9953968754
14855294128
7739234154
-1
-1
5978248866
4019467962
-1
2867129272
-1
8286181892
7216990016
8557242163
-1
-1
3289301868
4005926433
6753155866
4628513191
9189854051
-1
7669039853
8526396479
10105957231
-1
10416861277
9115985679
3756481967
5719928957
-1
4571588070
7854417697
5851704409
2789774643
-1
6250553859
-1
5235310787
-1
8039097316
-1
3003960922
10092873742
-1
-1
13319996102
7753204657
3596394027
5876973152
4650114671
-1
3947838936
4364279655
9405791933
-1
9416563188
5446954029
6405585300
6319826417
8346489538
8641027479
-1
-1
10499533986
7027893348
7860767140
5357776176
3874714053
8694712755
7145109404
3262097988
8449992586
7840057262
3044394260
8314257246
13078883644
8992453017
-1
-1
-1
4302942911
4038097435
1566756778
4697447005
7838653560
8155466386
5822107385
6167437894
7835481654
-1
6379943074
-1
-1
4919788733
2427528364
2786016434
-1
-1
1464799654
-1
5773612400
5387617872
5563476197
4004875522
10861080737
5101741483
9362902040
-1
7888690743
2125231874
8688982804
3641794653
3261885677
-1
2651727498
8156058715
-1
6517714013
-1
-1
-1
6453259596
-1
5202212149
-1
2801766098
9260659803
-1
3203494777
-1
5320570731
8031176760
8829714226
-1
4007103900
-1
-1
1663054390
6557426468
-1
6533388388
4593109258
4823325407
5156875972
5528811154
-1
8049571372
-1
12040505690
5326728394
10404362491
7700219535
-1
3574104112
3571544692
4783635819
14554666154
-1
2488890432
3556292302
7478346261
7406450126
5041532142
4101781744
4579829760
-1
4240883613
8471804744
7659646531
-1
7293473854
9598690338
4791788031
-1
7381293657
-1
-1
4242652751
6319826342
1233212908
8184974291
-1
5097449763
5075193337
2872369664
3278348476
1949589729
3816713714
3291831972
5854621557
3476112756
-1
5655800566
-1
1044214476
8753872450
17887817757
-1
-1
9859397214
-1
4912173926
4807119260
3966546791
3699021795
6127665930
5740102889
-1
3743237472
-1
5886347432
2840234626
4150921626
-1
2290074979
7781143200
5369264156
4238924700
5614683513
2197670933
5364719214
2749551612
3306964774
6981481789
-1
6708456855
-1
2717069327
4485773631
4982751411
5468913218
-1
10384309732
2612254208
-1
4823548212
-1
-1
4646393350
6486124625
9152617310
-1
8926675457
-1
3028458535
-1
14723582555
9462433986
-1
-1
9353721662
1870812048
-1
5158442912
10179481356
-1
6188126455
-1
3970941534
8744370650
5568580162
6915346772
-1
-1
-1
7875780852
2419449179
-1
3491015587
5432556112
-1
3346334838
-1
10089933285
2049016837
-1
6344831283
-1
5190863082
5076498355
5234876587
6599874050
-1
4288366089
5711957607
7709570241
5260302491
9500485718
6342992055
2100576197
5853015009
-1
6003709589
-1
-1
6724038286
4102682726
7529106428
-1
7982579564
11510231798
-1
9636203262
-1
5920557445
6847310082
7558815433
6473811585
11593431942
-1
-1
5054050087
8238362361
4443761333
1493072524
2866862314
-1
3489899610
3356449131
13103492487
5502147787
2581073422
4862936386
-1
6105170515
7227578722
-1
6761870798
-1
-1
6075761313
-1
-1
4349995887
4721342472
4422883036
12532042852
-1
-1
-1
7218694318
-1
10441574364
-1
6450200984
3848705923
3949840055
3815663063
-1
4808715020
2940395576
8842612997
5731094414
-1
999505513
8511165815
3906219223
3513870132
5790654545
7692152233
2146962653
6702269028
5577223171
3132822290
9035381805
6801299927
3484366818
-1
-1
3606254044
-1
2695385105
5280489424
2503730489
2321297000
-1
95387737
-1
10307509385
2018289473
2071376703
2959346005
5699178647
7120672839
-1
12283435029
-1
4030350180
-1
2582987293
9864090755
-1
7069194932
-1
6095302754
6413034714
5967736458
2815909536
-1
11286807229
153911
3674509819
8248331096
5453200933
-1
5736709899
-1
4349243050
5425367870
9186285291
8406081756
4613322940
5797040327
-1
-1
3953520693
3523328511
6443683525
-1
-1
7778269472
11280498317
3223669483
7397884667
5610266721
5866042780
7259218138
5225865905
6369811326
4739575795
2381105996
-1
-1
4059335454
2332283782
4753024447
-1
12891149553
3280471028
5886177030
2398573281
4340813238
-1
1981765630
6346480158
8050157213
8382030823
3520322598
2217325378
10744208879
2768167308
4912834947
13984742892
-1
2527736115
-1
5032259861
-1
4666639861
5893184378
3346457114
-1
8670162269
2040112833
-1
4392306449
5269432091
7613378663
2300134785
9482301498
-1
-1
13413923793
5719684005
7939518000
1952548981
5613791982
4012379347
4948987166
5104641000
8214684503
5522412062
4522045609
3223971605
-1
5855153839
1261494360
3266940235
-1
3307580111
10783667673
5076814576
1839443610
3692395616
-1
6422113970
5824464653
2112982791
4086065694
182070276
7753248435
3491384480
8342880223
3000052625
10509216780
5342638605
3938296869
8959605893
-1
6707888963
-1
-1
2141947681
6223554576
3233132265
8876091193
-1
2540412720
3934269188
4560530912
2357681719
5341700630
3623308379
-1
4076519408
10696768703
9721036803
5952732143
4005070932
11878341266
7663228029
-1
-1
2066119120
3095873888
4512051767
8322536283
-1
-1
13951697761
7874700993
6216560955
11405248104
2477286230
-1
8760939946
4492236874
-1
-1
-1
3952807117
5146076303
-1
1737028463
3997184487
6101380700
4866649661
3198159312
1601163868
6746426216
-1
10134533573
-1
7548788585
-1
6506928200
-1
11962308655
5750559652
-1
4613551945
-1
4777004451
-1
-1
13870827521
3043002324
3492455948
-1
7412504250
-1
2214049935
5855487362
3668491068
9951676103
4614896893
6905040929
7598887502
-1
5866696744
1962339445
8333152070
8565349688
-1
-1
6495216425
3909267787
6603969632
9925686036
-1
6202950471
-1
8085837396
-1
4672231938
6193358809
8554715955
-1
8186726005
2019193030
12413086200
3499362201
8395932984
5323380461
9605459377
5005755387
8972324556
5153116166
2954174485
5735552350
5130870963
6109651295
2619353491
-1
3452598033
7348789774
4392617424
-1
3653796325
6583012307
-1
-1
2607141443
4646629546
4966816337
3156916751
2366649694
6393065010
5294523155
8812282157
8034999169
7007679849
8250548010
-1
-1
2781193567
3823654691
7737364230
13995962528
5660796863
-1
-1
6215526379
3279452733
11017353378
2636986614
11159167585
5172284871
9748961776
8695616631
7604592745
4640515758
3279986854
2235563617
8784919509
9411674922
6467328294
-1
-1
5525968976
-1
3073760339
2786434976
8029227125
3161200071
6485409804
-1
3182505942
-1
5547927513
5565955040
7021628022
3525022437
8488805466
6179208931
4098676025
7597838781
4831088226
-1
4404766126
-1
5430026233
3762012870
4205775427
3861012898
2459921467
5090074008
3957481000
7133898747
7002738978
4565428392
-1
-1
11864700934
-1
8839713622
14772852274
5117193726
7274059101
4
5761110701
-1
5452708717
6652485959
-1
5301335679
-1
6840012797
-1
-1
-1
3871518930
2388615044
-1
5853494259
5041202398
-1
8793693059
-1
3030616208
6540671920
5760430502
3964329543
6633964081
-1
5312083626
8090553886
11640595946
11341593125
7252838323
8528740262
-1
-1
-1
8510720399
7890347223
8220356868
-1
8993762675
4570539459
2892517915
7376568771
7411622026
-1
7793434807
4339959066
-1
4701096842
4084344487
3487292867
6027166451
6496216219
5841785758
11427214853
9072206348
6660934031
9951047296
6362227373
6492774626
982781616
8020306613
7113331545
8786652497
9049780696
-1
3450967924
9079001792
9679124150
3492719525
12026562491
-1
4217631386
8981063262
-1
6908077342
-1
6225158596
7249464300
4201678294
2308114343
6915695294
2867617620
2746036943
3141083596
-1
-1
9155343595
-1
-1
2825722448
-1
6942727573
4657277445
-1
3652715197
7965297101
5886562206
5155545496
5549842674
6848927513
-1
4098728697
4344846521
5369862192
10779041031
3719890578
2030975398
7224596967
8202859730
7928231416
6480220598
-1
3625691186
-1
2356594133
8043270171
5584131847
6072637055
2487238504
7018911360
8651722838
-1
8721463539
4763564548
-1
10548722248
7950357742
-1
-1
6184844227
-1
10622165144
5884826985
-1
7910749630
-1
3097062100
4823141380
4617221552
2876480585
-1
-1
-1
6048806164
3565039495
-1
5574303665
4136995966
3661035080
4135355010
5881751740
8204265286
5295109478
3839057064
6192503919
7973138071
5086952765
6200284485
7642294355
-1
6200688131
-1
-1
3071364396
-1
5418200214
3839689284
7402709291
5708464620
5549179449
7390535685
8002529545
-1
-1
8078054320
5220775789
-1
7667335734
-1
-1
6970894913
4212155130
5697459273
6831798223
-1
3716311427
4767621416
9421200664
5895711269
9420733915
5267975204
2643158332
4942668720
-1
5632254687
8392328385
2957863039
-1
5122103603
-1
5265448932
4939891750
4036365040
8376401287
2670040017
9715401529
5605807591
-1
-1
-1
8788727630
6044423089
12573535895
8569387375
-1
-1
4694531096
-1
-1
9516761460
-1
8201692001
-1
5271032209
-1
-1
-1
5603536207
13501859430
7747996770
-1
5977629191
5994437760
548769605
7092090299
9835051940
1563838764
-1
-1
-1
-1
4894708568
-1
3053281857
7960993520
5011826393
-1
10102995761
-1
7008699566
4300011675
-1
12369353825
7361790592
4362487543
8041854801
-1
9835301910
7706610226
8350493341
6192886321
6204417092
3408479265
8589342122
2971294027
13004009566
9439776267
5992638956
3169547675
9166666602
-1
4514794190
-1
4827009462
4277057249
4135355001
-1
-1
-1
-1
13591776314
4896735448
-1
-1
6715496985
3271967535
8691981410
6185996129
8749640806
1417730043
4027097875
-1
7473869511
-1
3006290131
-1
7304776073
3562861694
9006784179
-1
-1
3704720273
5314859507
5532553582
1957330791
-1
4194107669
9227699996
-1
-1
-1
-1
4537942762
-1
-1
9902564280
3827805792
-1
6322659700
6145764471
-1
5974047581
7553901208
9093581675
-1
2673222624
2685464664
2404708736
13943377539
7778222566
5426687883
8215671118
4001804777
4545093459
-1
3567512767
9130141695
4852010758
11248858502
-1
4413131259
4049614352
10216509094
10368349662
5800135890
2748837076
6917908055
-1
3543165588
3602877231
9577358863
-1
-1
4249261148
4006348620
-1
4539731254
5247035285
-1
7170983276
9798103069
4494580607
2722389277
3132502917
-1
4708669622
7078519252
-1
5248261016
7572683437
7661989053
3773490186
4950805595
3400144715
3127018034
-1
5284151559
10953777662
-1
7785890469
4707477359
-1
-1
8144865526
-1
4658719745
6664706966
4662692005
-1
5651037362
2513499885
2075818926
10733963670
-1
-1
7719981093
8995098796
4232760693
8140541380
3326149489
3563028148
8172321465
3276153903
9887013614
3140156965
10908624749
12013374217
4977492577
3790928106
-1
-1
4800481585
7383887047
2733215024
8485415541
5826357074
7224959629
9044849821
12133123484
8014820010
4222778032
5736326409
-1
3233028408
9677543458
3385750851
6026723165
5076146759
8675711209
1217021752
-1
-1
4518010331
11823560551
-1
-1
-1
-1
-1
4097350092
4112415603
-1
-1
4751436931
2026002622
5661803901
-1
-1
-1
7865395322
6719025536
7686766352
12998325440
8239574191
5500357173
3184269403
1504712659
-1
3884754662
3306494181
5415795767
2062468238
10442580124
4247941178
10356013146
4425996182
3478826275
3747617545
-1
4369953280
-1
-1
9301423500
3397662808
10587428555
-1
3695069444
-1
4013865554
4168634428
3303026074
9936009109
4205789897
4412843542
3892504289
6284259350
4962146185
7576989374
7781106760
1886752420
4431228395
1479002673
4738068579
7620956045
-1
-1
-1
8937574451
5608883592
3594252686
4438094268
-1
3742593335
4602283719
6346716896
5635947437
7432659359
-1
4497380956
6799077123
-1
7386992004
6933807369
3112110487
4814198796
5403078590
10937077970
-1
-1
-1
5337361669
5909234551
7704554203
4051225201
-1
-1
7219833351
5324310475
7197690558
2809103899
4041554308
6740279838
7888206931
3105974545
-1
11942069256
3780367595
4590291641
-1
2424840673
6801645513
2598398596
4323140171
8261912131
5684638354
3420017039
-1
8685657981
8337545625
4989595335
-1
-1
10720412900
-1
1351688938
5001632802
14097682538
5609777739
7770610621
6756925011
-1
2964194092
4461092968
-1
2585480844
6385066411
10685593296
4274203911
-1
5085205558
11688947872
-1
-1
2561188899
9928180243
3373606273
-1
4369698732
1894149534
2580505110
-1
-1
4362059888
-1
-1
3130839922
4663089514
3900101705
8878184630
3030792197
4273648425
15072943024
4014857178
4160466036
2941981643
4644659359
-1
-1
3857803220
6553432619
910070372
7491097296
9005564332
6692118919
9222403176
3459813151
-1
6373773878
7341000740
7046598383
5556145373
9415984621
7368956960
8489738386
4813779935
5639790447
7663546236
10196560829
-1
10071010268
3330244551
5017935658
3064829451
4927509751
7858379392
-1
3044048454
7058811735
12366140428
-1
1013136514
8650450256
5325967076
-1
3731787774
-1
-1
1587178497
10260318843
7496257466
7759285697
6546811780
1438477971
6165584782
-1
5910892299
4538259650
3894376903
12180749530
-1
5754154046
5211499770
8607838846
4322969957
-1
5430393071
-1
5374754671
4188790216
12029185094
9237774152
7765530497
5248158109
-1
-1
9898817338
-1
-1
3998641969
-1
4663061751
4650447805
-1
5784278381
5252487119
5913946653
7236704846
-1
10302809831
-1
5515604799
4490153104
-1
5966255781
5334451643
3731788121
13530275136
-1
5230042694
5089780174
6004044664
4322520101
-1
7684688310
-1
-1
-1
4563469658
13298898346
-1
-1
5936907454
-1
2944354933
9608873555
10908089269
1496535266
9881139918
3867730582
10613617317
7162361222
-1
5454591595
-1
3130422950
4984716941
9724568455
5143058254
2674261522
7748582023
8257355690
7459033908
5665262760
6793353059
9693106143
11978832313
6982411202
4645456536
4270611651
3227163532
1725703032
7821232594
5581798585
14132826866
5888234696
4971478334
5736911613
-1
4960647596
5207010860
4398710330
2761740969
3530688243
6541050204
-1
-1
-1
8228349632
3910865277
3629414586
10219722008
6420418724
8690339443
5348388373
11968076076
8023183492
3717411578
1394836121
-1
6448353820
8392133515
3674656834
5723374116
8024633771
10668699444
8958145467
5373861799
-1
-1
6321955303
9672321515
7088386796
-1
-1
-1
-1
1980915068
-1
6510042417
8879233514
7444891713
5446213053
5060076562
3954910348
3158107131
-1
-1
6411037271
5941702162
-1
5756829961
7940237556
10612271705
-1
8864249791
2605652586
5839788623
4718478061
7832787507
6492466541
5735575579
6645288694
-1
8255742083
2986033695
7675782016
-1
7031257664
3950101234
-1
3757240110
3701417830
-1
5070984714
5142271701
-1
10423351914
9970749910
9515996045
4931655777
-1
8823184491
6027723306
4001821411
-1
7102644491
9558964128
7242196570
6680279442
6028063546
4727689342
-1
5557399814
-1
3010959500
6154724345
-1
-1
7583340830
-1
-1
7221070339
7524645308
5272027808
5261355120
-1
6039284683
3450729076
5817080828
3158283738
-1
6925490322
4122601113
1984764429
5354766413
2935693664
3989282361
7197643547
3122229734
9519461658
3461716365
2890459068
2752877932
3852727546
9359398782
7100794815
-1
2681376013
2447765976
3332634614
4994737512
3719044249
4938202948
7352231550
3542740080
5779362225
3883562984
3633687457
4791791107
9411842042
8293516572
3287667830
4768355393
-1
3202849699
5380866225
6131738974
5790438349
-1
-1
2334161618
5844315042
-1
4023309869
7030932390
5932376535
-1
-1
9301539263
-1
-1
-1
10173952429
-1
-1
10254883235
8966992299
8786810682
7416407118
6220784305
8466763630
5022719210
5540429220
11867685978
-1
-1
3836596651
5736586245
10428640685
7763470938
4298311889
-1
-1
-1
-1
5218553725
6554359051
-1
6432468016
5147288538
3627212217
-1
-1
3785103137
10786376212
-1
4682615365
2811455663
-1
1884384645
-1
-1
3199228421
3980712377
-1
5685292225
-1
-1
-1
3634256395
-1
2178125974
-1
-1
8304974129
8181286788
5550711624
-1
-1
13837624471
2988731717
4225567371
-1
-1
7230930173
5572465827
11722841562
5083453317
10239094132
-1
-1
5816158191
3364800417
4438827055
-1
3757015410
5157036931
6832665705
4968393165
7736226522
1281022510
4580432297
5730713365
-1
-1
10441446025
4326871611
3099657857
-1
-1
4745399813
-1
-1
9621305380
3907485706
1929535195
6941524106
5414816762
13811574
10092479087
-1
6164318320
-1
16473432315
7050538975
5047075240
-1
2603666967
7914864912
-1
5173550866
6250161661
7641567083
6305464754
8491780788
3267341363
5454590955
8327708992
3502882431
3388312608
7015567669
2381380600
7414916771
-1
1376407316
6507618930
-1
6908583465
7307029604
4920708283
8760842828
-1
-1
-1
5659565682
-1
9402694662
9365787709
7486922839
1302905860
-1
5419640065
8278331258
3019151166
1668364606
8063073364
5958278091
7452066613
11365999962
-1
-1
-1
-1
4524031041
7630112133
6716377912
8961164753
-1
6085695996
7645959413
3535613265
5396379126
2965652158
-1
4485209070
-1
-1
5088490327
4824938742
12894051342
6533419204
4536271787
1425313657
6217354018
4677148105
-1
6019135098
-1
4011483379
2841152492
-1
8402649695
6762504198
-1
5314384169
-1
7562577173
8767525802
8256398760
10819384246
6730763358
7975574267
5488068973
1368185992
13186489540
6883846555
5146939620
5172067021
8861333566
5529903759
5485695396
-1
10785255892
4941928767
2331523189
4370717356
-1
-1
3585165539
6855836257
11310128751
5460696438
4482518189
5033534429
-1
-1
-1
3916237427
-1
-1
-1
8409819188
2572222456
3949550714
3325644759
-1
7810538204
5447127343
2518039010
-1
8607184138
8355764523
-1
5669656283
-1
6418083081
6216044848
3747744970
3065712521
2739068774
4391420524
5995817037
7479894998
3992907389
-1
5738582487
4587518954
7869229313
1758120540
7160326763
3336249243
3334448567
-1
1425745057
5613940357
2781722122
-1
7326743518
10135579335
-1
8847483443
9847744688
4845163729
6723532076
5399305889
7038278331
5956663826
4409583530
7978057109
4708141988
13364906847
3869921358
-1
9590441978
4440251042
11227619028
-1
10546922494
-1
7231567601
10747557012
4142402847
2255804903
2788071764
3160683203
12463294356
-1
-1
6615307778
509389428
6098797715
8403603213
4307788369
-1
-1
-1
2754493091
5699110240
1690954317
5484561951
8586096862
8261866291
3769566307
5392237831
-1
3642163447
-1
-1
2156994476
-1
-1
10541499327
8525834807
10856228809
5537374742
-1
-1
3244127569
4208059887
-1
9366050668
-1
2713612512
-1
7855042628
-1
4300263794
-1
10050588385
5833625982
3330980055
-1
-1
3812341854
-1
-1
4290445457
-1
7541167668
-1
6163116792
-1
3066303956
6197570687
-1
-1
8051123059
6034300881
13680639335
6415873891
3977271207
9052545197
7947239151
3464521751
-1
6660284655
14854462291
7315534854
3331016536
3170635897
-1
5756884431
8124513718
10146916000
5827812161
9035842666
9025595431
-1
6579448576
3770509265
-1
1339807935
7212788682
-1
2222467666
-1
5773977004
9014704589
6862925442
9212520444
-1
5578360691
5335829232
-1
1466112761
7255440578
3210282249
10113590605
7511324247
3536087522
12217793673
-1
-1
-1
7914191628
6888885478
9356595564
10942023283
-1
-1
7589800958
-1
5301229135
7054568501
5483593338
7246599243
-1
-1
5975580461
-1
6195938735
4714272858
-1
9550131906
2211053657
8028963813
-1
5620393801
3616082168
4289021057
3636145692
10104054926
4005208380
5108796229
6370460761
2819592990
3478166375
12348894038
7463178583
-1
10456331503
-1
-1
-1
4265917374
4137680815
5866725219
8239164124
4180211468
12138620152
6413944696
1787866064
-1
6608152498
3437779595
-1
4954046419
4773001295
6937144031
-1
9838139495
3378749850
-1
10390303928
4468363424
5207985415
4999646310
7293470139
-1
6209011099
-1
-1
3849541420
-1
15554047
8389338842
3126228582
6460027494
3346321970
-1
4314643016
-1
-1
7687988038
5964245439
3776478905
11150252505
1981765630
-1
7925382706
1638056024
4815286576
-1
5946024749
10004360977
-1
-1
9275132659
8305022971
5165847969
10865683633
5209767301
2169241363
4422546677
5518903399
6309229186
2132865767
3258997244
-1
-1
6035021769
8340946833
9155683653
8259992620
-1
2911355475
4316794730
8050152118
2930027676
3135127776
4674942950
5525658108
6212374521
3975903933
3545154479
6226277892
12185725582
-1
-1
7265317347
-1
7484391960
-1
9936484127
7139778526
3787193596
2449079183
-1
3001408690
6270677823
5600051366
-1
3866575194
-1
3119680024
-1
6346666476
2774248472
-1
4451978592
10700578126
2232900106
-1
-1
6384913285
6039948220
1807666598
-1
3242880791
8559432957
-1
3181924044
6764487530
3659428340
7763390026
5408751490
7678632982
4499874952
6560800614
-1
-1
5746613930
12713064184
8110948135
10179846136
8112330049
4266147474
14870099651
6135644147
5515490995
8123903417
-1
7922875912
-1
-1
7185166692
3190827907
3778567064
4954240382
2769888125
-1
7213466460
-1
9277176781
-1
4996654891
5218843785
-1
-1
9217453320
5584770498
-1
6382238026
3987352090
3853725201
7191797768
253740904
3305004851
-1
4551152193
7910657234
4189261435
7388653643
6823160112
4390175742
4049141768
12049574647
4930991836
-1
3772844211
-1
4840083916
11955909676
-1
-1
3222309783
6973153841
-1
1692165215
3854365687
-1
4948661949
-1
-1
4660193132
4725310232
6988559268
-1
-1
2637551901
5893719705
-1
-1
3999630707
2918903678
3357919585
6074517320
4844143327
9388193422
5062038633
4812058884
10283318750
-1
5186995474
-1
5941450247
7490054862
-1
3507229197
2847231102
7193217598
1963180638
2839938793
12655515048
-1
-1
-1
-1
-1
2230782926
8875855762
-1
4447182804
7201861825
10442915813
-1
4873894631
6707523029
8473485521
5326348417
4561223278
6329207327
3514588042
-1
-1
6526372189
7911830577
7378300569
2541578303
4133562649
12382050900
1882622291
7995015422
3931881815
1604810435
4330976222
8455385978
4072710446
9769290417
4473800499
7937385420
4957409359
-1
8116037749
-1
7476012732
1027523791
10906479305
4420001855
7710347887
4043136384
6063143235
6005122700
972202818
12265717196
3562655989
6086116422
7288326800
-1
4339584815
-1
-1
3884509556
5653693929
5595452901
7002148062
5453345228
5006659818
4571601056
4121148609
5712548008
3962080820
-1
2840407578
-1
-1
8233154580
-1
-1
3390303166
-1
1534752253
7114242403
8551482326
-1
4494247510
9876625397
-1
10626017291
7581792485
6275755014
8676001107
9732967774
10810776291
13020534468
7700970128
-1
-1
-1
-1
3469688695
7702024781
7083675994
5435582699
1414986018
1310930429
1546577584
6606138047
-1
-1
1674086817
7768150993
5188662576
-1
9929601321
6333677978
3627277327
6650716789
5432520521
7011796234
-1
3572681160
2301938501
3187747109
7352942291
5804845580
8381576192
7893669400
106452466
-1
4341337893
-1
2932717022
3057508841
6721656378
5587297280
6734387323
6032186018
6305520152
8951605584
3583325671
17744184324
6843140060
8106322923
9594217463
-1
5034155190
7979493235
2261034933
5709025605
5642645722
6145302273
6311767086
-1
-1
-1
-1
4589245292
4759800231
5183092838
2191582303
4996344905
-1
3267703341
9071955834
13312806506
4600696295
4384377640
2960854995
4346740431
4711663784
5011651091
9838139495
-1
4336421161
-1
-1
7016345936
5647315868
1835956393
10275514063
5813277019
4591643403
3743902601
4644219261
-1
-1
5883743746
-1
-1
9707115381
5995217716
9419992836
-1
6269602780
-1
-1
-1
-1
-1
-1
-1
-1
6894849972
-1
5475519208
6200243870
8809042410
2201257273
6661430319
6440274546
6714245901
-1
5601015078
13055555111
4208489638
-1
-1
4642103972
9812800318
6880945860
10121303681
-1
-1
4757442345
1547426868
-1
4694612462
-1
-1
8496886631
4166988189
5177462619
4124114930
7542727995
-1
5596827218
3827275051
4179900586
7678585291
-1
-1
4903872997
18891899478
6137325089
5670474359
2336374257
5248302307
4773911005
8513091104
5879206120
4439585177
8592338645
2276138805
4156319478
1571623925
6341504494
-1
7219574583
-1
9569164792
-1
6234901867
7906483540
3957824390
-1
5334865885
5623806563
4041240849
-1
4859654517
7570769212
5624427674
5827600298
5016059194
6635185205
7284590401
6486023447
4296559698
-1
-1
11586785263
6718731027
-1
-1
5235512014
-1
4089488059
5640897179
1474250746
4287440741
-1
4283980889
3067008428
4945993643
11544059164
6831449066
2825463731
4718935369
-1
2730503790
4525922807
-1
7245474458
6965795452
-1
4704331849
2236716290
4038678047
1733074746
4379732545
7688080254
5053952446
3815260307
7279354368
3433761051
6743309207
-1
-1
2359882542
-1
738749765
1300391696
7263880827
6347286665
2524328997
2670305121
3751009928
4607027671
7258756921
-1
6176006520
-1
2141734649
6937977905
5247205509
2606254543
11034854787
8841494905
3607195158
3320056892
7258332020
7884289272
-1
-1
-1
10565158920
8529417486
2502636426
2018182418
-1
4955574218
6909264809
-1
1530705041
-1
3438930550
5067597319
-1
4531699913
4849702367
1458075172
7801436484
6230066662
-1
8803392316
-1
-1
-1
-1
7292874730
3747468922
7021628022
-1
7598561272
-1
6319887956
175
6969424313
-1
6091357172
-1
4493083708
3735348656
-1
-1
2461113945
5385862304
10343032746
3400138156
4462110676
8221602606
7529282752
-1
-1
2179814578
6531707988
8021648272
-1
-1
7457558312
8251667156
4250578528
6692250959
-1
5650836276
-1
9196556206
-1
4294858974
5467689679
-1
804269807
4028959332
9471563676
6496827566
-1
7056481590
7538939265
-1
14576171664
-1
-1
7461568017
-1
11440691630
-1
1851304207
9865069825
2112516458
7152001969
6320288268
-1
1913623738
9555517035
5388490873
3360684394
2305643212
2093815802
7469989135
5919378269
-1
4660254164
-1
-1
13362634688
-1
3970280835
4755267296
7220443299
-1
1955919915
6297037005
5223792870
-1
-1
-1
5653802850
4868389411
2929427927
8824832326
-1
3362732200
4663481286
3209049745
-1
10422107150
4142429620
-1
10230271424
-1
-1
4049346535
6169330393
-1
-1
-1
-1
-1
7629398418
6777567610
3826818432
-1
-1
2096339291
4238951286
-1
7051473336
-1
5282876383
3476848212
5880230662
7309524457
7598856853
-1
2076862244
3362565330
3362024233
10311689887
7203826012
8377002000
3242909045
4923878158
14097151987
7285657132
-1
-1
-1
2460129331
4765426741
8831788221
5080548733
5299312763
6356950804
6925181036
-1
11311556595
-1
1058497934
-1
-1
-1
1947755453
2867362422
-1
8217793999
3939781902
-1
5516608409
-1
-1
-1
3625684550
3388070641
-1
3923724962
6091557106
6954848265
-1
3821000690
4055172953
-1
18057780750
6873901077
4163859941
2849792410
574353548
6672937849
-1
-1
4972868408
5963655902
-1
-1
-1
5754452855
-1
-1
-1
9524690938
5545963162
2901603842
3734415780
5197428532
-1
4910897137
11355756466
6346729105
10123435594
6415610010
3856809093
5740958375
10808885670
-1
-1
10599937435
6447943593
10145356399
5891687362
-1
-1
-1
5889729752
3631139224
-1
7309288493
4178604706
2339316758
1462587012
7892845272
9342182123
-1
-1
-1
-1
-1
4732945587
-1
7616773746
5194103857
11356409870
3542825684
-1
7369384963
10408381286
4253967764
4379560141
3576421072
-1
-1
4641116780
7672575244
11691293426
8803127796
3014633683
-1
4553440174
5355566256
999140597
6047760072
-1
4330128599
4882661302
-1
-1
3695472554
7907090252
-1
8526928951
8331509888
-1
-1
-1
6329207339
3113254692
6388074558
-1
5995768083
-1
-1
-1
-1
-1
6830381013
-1
2455240248
3803381958
11393560996
8430929411
4239751878
-1
4149508529
5885649032
6312700009
7671931386
5356983466
3065242634
-1
-1
6778520483
-1
-1
-1
8103821636
3324978209
6305850984
10725625663
5095781874
3275673879
8044388981
3940211012
7489812376
2152793943
5254139353
8196498752
-1
11977451985
-1
-1
6987607922
5011315711
-1
2439041706
6412235532
4379886059
7324413862
4389147322
932217251
-1
5986602684
-1
5559609809
4297799909
10328197273
6021876204
11127696923
3025209301
7492077085
10204145709
-1
7584647673
-1
-1
4374140739
4612383315
5403190620
-1
7904051676
5962137438
8219737086
4987978546
7613507328
4295647648
4439186352
17866684524
4319318266
9718657051
6522488883
3188154085
-1
6975144694
15465641961
10690598229
3019243091
6222751615
356993900
-1
-1
8562134172
7882624416
-1
3962988332
6888901694
7323973061
-1
4280433492
3463391758
3032634385
11542541820
1911655662
3233294563
9283532887
9581398405
-1
5612928660
7425710081
10265010787
-1
3838792437
8690927905
5248143785
-1
5022027338
-1
5704650406
6684313263
5995350924
-1
4406258354
6088524441
5118128512
4182709436
5630507477
4155478316
3475506736
5976898202
3512071267
-1
-1
-1
1189142061
9873858421
4282181637
3373084714
4848321699
2409814526
-1
-1
-1
-1
-1
-1
5516073538
6821577667
6804268739
9500199779
-1
7152267239
6717187126
-1
10361673307
7692152233
1866015121
-1
3873246286
9302116774
5102041704
2364817787
10210730162
6663440544
4619360609
7001019107
-1
8731738434
-1
10673907054
4410255627
10274923579
-1
1043077130
2823803246
4033702192
7520811833
3106250648
7335502331
2842197570
8311884967
6974817850
7229600349
6203370645
3130277737
-1
8072954342
6848654965
9689855697
5502788660
2395401078
-1
3395307549
5445703017
-1
4734881681
7613517963
8184822667
-1
9112030803
-1
-1
4788490136
2767211318
7692236341
6723040405
6552718073
3598947269
2807677094
7543617861
-1
-1
6896334627
10871459072
7335502324
3761002035
-1
-1
2807571093
7848777313
8074267983
5105397214
2450352555
5885306024
4021822038
135852617
-1
5986690211
7699736120
2839801862
6554597189
5084958128
3468545661
5202895670
6540724413
2510753461
3949942774
6795498808
6025946672
7270164294
8119377805
7919891118
7592568852
4121402541
6784712381
7320768814
7638689925
4863097069
2922410069
4137520383
5469684924
6531127572
-1
-1
6568161851
-1
7516024765
2030434979
874797306
-1
3520529670
4448697318
3005094534
-1
-1
6225598332
7433372209
10772886359
1159335152
3858395365
15173692148
4634309508
-1
6657168417
-1
5199911042
1610153242
7084225925
3857129234
3165674141
2663824438
2357698526
-1
2563451519
5836061771
3096250648
-1
-1
11319577180
1837726547
4751694681
-1
-1
2240448284
4178626865
-1
7232784684
-1
4078160142
9856229440
3723293119
5589377780
5612928649
-1
5914348135
5750209868
7139788717
-1
7045403946
3204343480
4984545375
2551474501
6237089946
-1
5824926262
5746621411
4321314726
-1
7974243667
-1
8877355408
6135591523
132542923
12085357898
-1
5608883592
6981514569
7212823331
-1
6208370044
7195887628
-1
-1
-1
5140356196
-1
4261338829
5714603278
5242068745
5343379509
4274027188
8313571972
7359496255
2724003668
-1
2835284417
2952172642
4151119770
5310975236
-1
7464357955
7586001597
3976615417
-1
5159406159
-1
-1
3918135439
3089551887
2370872933
-1
6789840316
15009286218
10882642918
-1
-1
2714037061
10712147707
10815645327
6134502753
4368240981
-1
9690054036
-1
-1
-1
-1
7992600113
-1
5422159069
4762569954
-1
4400864714
10506427567
-1
7023696712
6482356820
5906523653
5853213026
7050767881
5434603768
1260153
7015574323
7273635098
-1
2842811715
-1
6045043654
-1
-1
15132826096
-1
-1
3430098270
-1
7459954040
-1
3544633968
-1
6487643789
7468002121
4787293647
4736711572
3591742479
5641954070
9844891278
2957762264
-1
5747307262
-1
6616978036
10307641747
-1
3948960471
4613233931
-1
-1
-1
13294108497
10572425899
3150316898
10522297610
5324369940
-1
5278476714
4480830865
7895828652
9232004866
-1
7841553038
5885918553
7430115383
5602387283
-1
10536936598
2820095141
-1
2740125306
11557751055
-1
5106474888
7557225397
4993965907
-1
-1
-1
-1
5788765871
4082673975
4131952777
-1
-1
7373849831
4322260796
-1
5598863747
7888127136
1957201404
1417213011
6273469236
-1
4159203939
9045134599
5527437324
4418935406
-1
10715287726
5072553283
3385200846
5322016933
-1
9362985198
8931596975
3323771197
4424439600
4578167834
-1
-1
8616953676
10608845308
-1
8101697740
7392429125
3408613877
6125087598
2477929071
-1
6435297058
4242007642
8088006136
-1
10183299217
12211792933
3516052662
3117586446
2768381921
-1
9727926466
-1
10374442154
7687899796
-1
7972035917
8428008671
-1
-1
5341555733
-1
4924203349
4489202254
10329753970
4750534302
5987938529
3630493934
-1
4187848323
9034758317
12513838020
-1
2954562355
4923906956
7864983485
3761082126
6895274251
2829962141
-1
2741521547
4107398189
-1
6760239339
6641270391
4265209885
9936255806
-1
-1
3533253296
4111808366
5401756348
3890148035
-1
4726945018
3773487563
10295391448
3636851486
8877598957
-1
2399961708
6030582878
4769141294
-1
-1
6798903796
4305158227
-1
-1
6128047271
7529147031
4604004165
2516632213
-1
6463984722
5326403463
10894389587
8961931723
-1
-1
2043218841
3849449377
-1
-1
-1
1351729044
7239499885
5829184907
-1
14584310285
4746968122
5074469488
6106166354
8260390750
-1
-1
1563805679
-1
-1
5677160514
5352501267
4248767941
2471812821
7179216239
5086755531
6822755561
5970422820
2420810363
1466582800
8033684676
5974850839
8789186185
-1
5310057959
5151728950
4587214660
4277903817
10387840260
3690882212
4077006065
-1
4022023772
-1
3196884002
-1
3510570165
-1
1828972019
-1
7287019998
7651478820
11044431791
-1
-1
-1
5171964076
6285777415
7048566819
2929944691
5256428712
6070357531
-1
1644362509
-1
-1
6105957510
-1
4334625956
8034500187
-1
7040037058
6952879274
-1
6594448044
-1
-1
8149180949
5565778197
-1
4033076252
5715659976
-1
-1
3981136728
1338674502
2206494506
-1
-1
10030792226
6772615347
-1
7659529567
5294989484
-1
5189090218
4554520811
124763737
2331625420
4310797258
-1
10545207692
3514635368
-1
4150726847
4107942674
2091917659
6377424955
-1
4528527168
8883291637
7877587623
10305933023
4924721047
5585377048
3313529283
-1
-1
-1
8966493077
3418322940
7729380372
7154598491
439894461
2301151596
4956771113
8389105153
-1
-1
6846825745
7570586423
-1
6990560503
4715847858
4079961607
5153361527
-1
3515012955
-1
5733582358
-1
3203932301
9083715724
6444705335
7063673661
7832496982
-1
7290820280
11183196964
4848182031
4699886823
4013196650
8640079114
6796360150
5568006671
-1
10705406055
-1
-1
-1
9460226966
4107335587
2297146069
5472143074
6304899648
3049389038
9173738195
2184826693
6507012935
-1
3439859982
-1
2603284125
5068862963
11573228835
4000978730
-1
-1
-1
10079354904
-1
-1
4579894878
3430545768
-1
-1
9651483242
5387630046
5508303593
4609363907
6319193949
-1
2374531422
-1
11688095216
3499914617
4994619205
-1
7095586385
-1
-1
4449850741
-1
-1
11777714672
7983073323
-1
10215718142
-1
4211709284
12206606779
9127465871
-1
7231896204
8686187340
8849513128
-1
6895115423
-1
5321492804
-1
10314046041
6955878624
10428980043
1732666969
8256674843
5901223744
13052919450
7622470379
-1
4415217514
8330522183
-1
-1
9998022862
-1
-1
3392802504
3735208771
5517958773
-1
-1
5323167295
6341866785
6395657916
5468268770
-1
-1
-1
5519199794
6130598264
4990451606
4022347711
-1
1306783741
8116944286
8111518465
10627140792
6659436730
5072120136
4508113873
-1
8609217794
5926878715
2996389625
3579849266
6192447844
6835744801
4059362405
-1
8277841885
6428606317
5303699788
2509812696
8051841917
9112341951
2226314338
9281927747
-1
-1
-1
3442129989
-1
5203955027
-1
5564234743
2017845712
5719059806
4354038513
-1
3347457212
5397335604
-1
11692339022
7907137187
4669482843
5641772234
5951887607
6664802050
2466570865
5216514229
6801684494
-1
4819088204
-1
7995056144
3496397630
3858813792
3963567272
5299679483
-1
-1
5523425919
9138693658
7389780417
5463059242
-1
-1
-1
7496064269
-1
5861274452
12271047341
-1
1037797168
2384579354
6735396683
4608030865
7472159122
2041136973
6308048975
-1
3320362781
-1
4350293602
3673607835
-1
-1
3865116783
8609442856
8650749859
2872534788
-1
-1
11106019883
6417872309
-1
4703924620
4321252808
2325688753
2580706049
11962998506
-1
-1
3667655890
7986608785
5601322282
-1
9710996497
4260886636
-1
-1
-1
-1
11155113476
7436784508
7062222891
15004113458
3407994850
5516613770
2710301467
8675710829
2946656223
10020355312
3840392788
6078952043
1250540233
4669808030
6275510561
5620403594
5577996828
-1
-1
5200048206
9062042210
-1
6550068525
-1
4766592239
-1
6307336447
5219731831
1920382021
-1
5241959158
-1
6083024122
4282339598
6588019736
1937915163
-1
7165416692
-1
-1
6450517781
-1
4462906986
4096049927
3237284816
3117501008
2808282070
4314244491
5875280186
-1
5939296034
-1
6969756172
8557680952
2679297614
13076232337
7473093796
6228067321
3356940724
4101075907
3298765497
4433599681
6634833960
6859968200
4448077869
-1
-1
5199448808
6206300848
4286696846
5684611788
-1
-1
-1
4449625582
-1
-1
873086802
5611226811
-1
12256252369
7674562582
6560009277
16672762600
5760802195
4709409775
932696200
-1
9867406276
-1
5998624665
1531581056
8707809701
4513217254
3609335410
9208325007
6642878941
-1
3882800718
2498506547
-1
6034080798
5855324345
-1
6786086566
6687439559
8432829965
-1
-1
1047611151
4249056024
8892869801
16497749862
-1
-1
8376110098
3858163536
2321247037
3804998590
7887624152
-1
2835743610
3956518727
-1
5163119524
9040027961
3197563234
-1
5982061260
5007460916
4164523098
3146570846
-1
6859058325
5117894715
2402745000
3758974980
-1
4569021141
3536028179
8786826797
-1
3564558160
8045605476
2899658951
-1
2065592296
6257556403
7204053281
-1
8886167341
3455496397
-1
-1
8818870215
3552254806
5039343662
6168851326
6045178492
3218102893
4382938985
9119158383
5650943908
4528617410
9352471706
2019352298
2748502312
5390586214
3276465412
8246411391
5281176779
6894559903
-1
11880238066
-1
6331956193
7957867319
-1
-1
6318826541
-1
-1
-1
-1
-1
2460926690
14036761136
4806591407
9680603293
4280147921
4033666770
10011250997
5219233993
10936713489
4212573617
7049426686
4272961014
4631015718
-1
-1
7754626554
8251221490
3875206227
7157568043
3582080344
7232281146
-1
4347286969
-1
5708118362
2317261914
7564425262
-1
3675272321
6573626184
2055873222
-1
13755990643
3688019378
8267963455
6482222841
-1
9232484438
-1
9161755592
-1
2783130666
-1
5081488956
6504005364
4117620859
-1
8093675513
-1
-1
7664388247
4721443003
7912239429
5267632030
2243544902
9665427107
2404481748
2642143191
6545810417
5614828904
4113702214
6215283045
-1
-1
7270407642
4674348231
-1
4362059888
-1
5278772467
-1
-1
-1
5544748547
7645163195
3892071992
6638529708
-1
2610893286
6865181624
6570892924
-1
11611424301
1765990272
-1
-1
3862876822
1683775149
5090420788
2498081098
9816362397
-1
3778626749
4744453207
4099198643
-1
8188168447
6329933601
2867617476
4361046132
3385006914
5835716379
2367941142
4539731506
4752371657
7886083270
3651803992
2256622722
-1
6202792773
3648223534
-1
-1
2893801813
-1
-1
-1
8050032657
-1
-1
5363695859
-1
5491999031
9186113639
5443661922
4969693643
4347202899
-1
10265459277
4484326321
-1
8597155050
4422695508
-1
6868727453
-1
9712860609
10205576296
7556044942
4899874940
8882703897
11514370878
6755618634
12664591169
-1
4912546896
-1
4555395852
-1
6374592180
6101799853
-1
4939282375
5555003953
9160185609
6238774091
4380953772
6598971873
4283248578
10456588041
8646148413
4400837949
3605958207
4110596435
-1
9438977608
5140879666
-1
7591008459
5163242986
-1
7045312391
3849667274
-1
2027613531
-1
-1
-1
5475176574
-1
-1
8830470844
13060275044
10344224537
6683828342
-1
6182952880
2976536350
7139710014
5752156031
12954446059
8467063581
-1
-1
-1
6644510297
4290373817
-1
5525202963
9130224355
12174500183
4571743153
-1
5068391793
4414058829
-1
3856339637
9875096342
7407815287
-1
5117351641
12224641144
5704284098
3229920164
-1
-1
5233574585
10436238707
5192457825
10559872887
5843441625
5425594151
-1
6190568230
6233884515
6494256644
2414351214
13502026906
5609213334
7804535463
4019020201
4351072020
3557484398
-1
-1
6151574885
7903549549
2585846168
6520826777
-1
-1
4311630791
7484256666
3963648020
12425686059
-1
2897174442
6001177192
7080331314
3770165237
7693521428
2325035145
149149149
-1
-1
5605669456
-1
4892097682
2306194467
-1
4854201880
3523584482
-1
9969230937
2614292619
10694064032
6073070741
5712717407
10005995035
4009370870
-1
3756349556
7694397685
2313992455
2592071113
-1
128
2870787422
11611217549
3468665248
1624995024
7718328157
7574530703
-1
-1
5332673352
6126216049
-1
3921834730
5298884963
8647877519
-1
3965631264
9211234051
4422163205
-1
4042093649
11195980990
8220609033
5541392911
-1
1058368227
2684398619
4781403744
7157815034
10065686569
9483218635
-1
3662397899
7075012407
7619560131
-1
5209372275
12214433666
4500086806
2418345506
2100654760
3703654167
8342237863
-1
-1
7466382408
7201606890
-1
3
3744428656
-1
-1
-1
10013311793
-1
1358834525
-1
-1
7074930257
4243307736
3524148342
3914389447
5797411272
-1
-1
7784529772
7972464168
7973522831
7041713872
6152379804
-1
4234990904
3194434392
9646769158
7939415831
-1
3859057314
3120239102
5106889250
10210033695
-1
8728475036
5460333183
-1
3294370592
-1
-1
-1
6245637809
5441612644
6831679176
10591396449
3033495929
4482501873
-1
3833944382
7255075599
-1
4790069210
4907033939
-1
4875814910
1320107267
3702607715
-1
9826516639
3700852750
4482521042
4725415640
9377790937
3641111170
4006252967
-1
-1
-1
545593965
5267892757
5460308997
10051797425
8930482568
4511754338
-1
-1
-1
-1
6763941561
8468092196
7828526882
-1
6628920365
-1
5377549627
-1
3508105541
5613645694
-1
5481815243
-1
9035592939
3803947959
5071810067
11335214526
1734962797
7519261899
9163306963
-1
5135238141
-1
8936691394
2785130435
-1
6893424950
10547703940
4032953815
8544731614
-1
5137254135
-1
-1
5477610888
7701320713
2973770316
9161471391
5704719916
-1
-1
-1
-1
-1
-1
-1
2686408875
635183502
-1
7361857820
6448226914
8318869887
6747828352
3554341231
-1
3406196736
7885192969
-1
-1
6896625851
-1
5065859190
6614834485
1686355091
3584944661
10592622564
7301968701
-1
-1
7052467818
3844664474
3759485586
12089900153
4923027677
3016921506
7276172765
6854621323
9415890910
2904425798
3730201643
13432967707
2559600035
7503106287
-1
-1
3356564552
4240878546
-1
-1
5344339985
-1
8044512108
-1
3848336430
9488257034
9018690907
-1
2765518184
-1
-1
-1
3991126471
-1
4557674317
-1
-1
7750158073
4391041068
10906298742
10323413444
-1
-1
-1
3345782584
9499009339
6980299365
-1
3568451051
11705630787
-1
5540609558
2762094719
3832051344
5756185077
-1
-1
-1
7486747237
-1
1719200886
5228052511
-1
-1
2839778728
6102206267
3520867459
9751185756
3378827458
10175137993
2030961596
9774904715
-1
-1
2499283281
13316486572
-1
6190868941
-1
6277719814
4804757308
7760449649
10622620890
6534363537
-1
-1
-1
6628746828
2357681719
-1
12774954363
10827724303
11533298320
12016440221
8626673313
7467072923
-1
6148036288
-1
-1
6865326415
-1
-1
2184934543
7045658244
7238581786
-1
6311857624
7300475312
9935019821
-1
-1
1698788291
2485507773
6013200101
6224622460
9706496368
-1
-1
-1
7567343474
5464687378
-1
6024695834
6413676663
2233971125
-1
-1
-1
7954892642
-1
-1
-1
4328242271
5705925132
-1
-1
6053138147
4839384401
3875985130
10931268038
10820253556
8864992708
7296731900
-1
2037561894
8407242840
11115558197
7886482577
3324207672
7255910147
-1
1530910861
1136182412
4587135725
2499863700
4507596898
5422165000
4278068770
9099951319
10040781323
-1
2773660238
7247999010
-1
-1
5942909910
-1
5727165463
-1
4832763931
4786584225
4813447239
3653021747
-1
4848182031
2634475741
-1
-1
9001407155
8901309424
-1
-1
15169296493
2499650112
12626252125
-1
8947435792
-1
13007692385
7296089383
-1
-1
4222046292
11815291755
4544238400
-1
5448974310
-1
7771627386
-1
5033446643
-1
8218835984
6083366327
6553877721
6518971470
5764176020
1465026371
3160474851
9357905333
7613153714
7918287172
9167129162
4990786820
2857717703
6189997424
-1
7910430843
5935330545
6601175076
-1
4634744642
-1
2446469449
6575879348
7038330590
16041457960
6078090024
7953460598
8398213055
6698568700
8922495968
1993154426
5820774269
8640972745
-1
2659150580
-1
-1
6565025632
4383515455
3670751687
6053943479
1898662258
-1
10928094513
-1
1524557026
7511627141
4567898838
2729185917
-1
3502375009
3814517654
-1
1211180704
6536400847
5503440509
-1
-1
4814082235
-1
-1
5083352109
-1
1079047244
655950745
4331011189
7616282979
-1
4628513076
1902058437
-1
4398489459
9372313657
3036981317
7997864010
2942112636
-1
-1
6376841294
6305719396
9795932189
3182545080
6920060708
3441755730
3175240333
7858073110
3957956312
8871386227
3549903936
-1
3656563387
9036392521
3162932778
7160983277
3268205102
11295316540
2826158194
3931967683
7141239848
5150963618
-1
-1
3150760826
5621049376
-1
13193228241
3843046319
8326571506
9531386588
-1
4216617717
6538818738
-1
7187186463
5020415951
-1
3632172843
4543876180
4996750348
9866426010
3673607835
3243512864
-1
3184269402
-1
3657784883
6953749029
7867279030
8586175359
-1
9396492485
7463948695
-1
5536715011
3891943541
5575751685
3954598491
7347842412
-1
-1
-1
-1
8923329897
-1
-1
6531985705
4803096161
783685599
4969934357
-1
-1
1474048511
3325603874
3629287327
4668886648
8554330622
5965760309
-1
-1
3965579903
-1
-1
4010203899
2897363867
7240888691
4794022405
3829955155
4471585798
5973469749
2054590522
6755274937
4884987938
9490072074
9769254289
4242322409
-1
-1
6346447122
5872445131
449532641
8452133832
3945443032
8902269712
4648414529
6209324192
-1
7859604449
6471133394
4672232932
-1
7842967815
1279124412
-1
3421699399
4095314282
6793659652
-1
-1
-1
10092737280
6780875777
9246466253
10515493899
6362576245
4793639409
6615846064
6797472314
7105504541
5549676334
7844381571
7476807722
8957044002
13585859983
4017609508
-1
10965421181
3764344071
9331728494
-1
-1
5061697935
8423510781
4221361834
-1
-1
-1
3890475950
8856443522
12960464816
4941761250
6723523561
-1
7494158477
8527897856
4153340422
8041494217
9667640734
-1
5116743577
7114875076
12325515468
585776871
2634171148
5886347432
6452192701
8011334732
11951469494
9151455614
4717401361
8417182423
-1
2698979847
-1
-1
-1
-1
8970784926
8042692018
4287091987
2861623197
6294115918
7672467894
10135626463
5409380931
-1
4215632048
6958860710
6368248766
4688276373
5872244623
9485318333
6587272180
-1
-1
1948859213
9065831800
2114569953
6703089350
9142920128
2893452747
-1
4246095184
4819096802
2430452517
5157129926
-1
3057911167
4014639358
7970487146
10900067572
-1
10365463069
8776513656
4677954228
6225765274
4799867561
-1
7503121782
4957283141
-1
-1
6556787898
10199522204
869571863
6706912403
3828448711
3882249474
13309496573
-1
11326285272
-1
-1
5755593740
4365371909
2605622535
4858126576
6755445394
8305767118
-1
1436580534
5581280677
-1
11825777389
-1
-1
10837263004
2232129230
5783695580
6769424480
3777588458
4160373647
3053193524
8831020329
7101132129
6579590120
-1
3639351962
7255621280
8579630485
7856428215
4571195616
-1
5235974794
1907626659
-1
-1
-1
7089625916
4885773218
4013334926
42
2123401600
5789700629
-1
4696996209
5214728382
2272477371
2397299139
3714274801
10388925086
8378511464
10733481383
2654091166
4265996202
4279647607
10679037368
-1
-1
-1
9098619244
3306978296
5936827090
2761084501
-1
2632499341
6314069342
190697775
-1
-1
-1
-1
2461760879
6067038468
10871918819
6532478593
11596305655
5265054502
3585304983
7811859536
10185245242
2309512627
6208578045
5976330131
6946524032
-1
8688379815
11692087199
5916057356
5518250610
-1
1913567499
9540663959
-1
-1
9798869396
5409819269
10362057373
4494025987
8619475073
-1
6051590682
3477863944
-1
3941671566
2401556804
2838172382
9496727406
1671497537
4807169012
7843855397
5898352210
-1
-1
4587471055
-1
9469889693
6860851024
-1
6399943568
8069543145
4283444377
3616783128
1075557913
6115630081
3886272080
2944993033
-1
6619266111
-1
4630142121
-1
6660414709
4151621203
9583128517
2624792433
4259171256
5938268814
5880399251
4279539007
5040204862
6633280278
6085861122
10479412833
5692001533
4643773456
4652951797
-1
5437097041
9395889126
7073166949
7534755196
3362706727
9585700302
4869829349
7232712256
6083052279
-1
14218303646
7191253319
3989168117
3788200837
5095410557
6292732054
-1
3783978729
3453221735
8333906341
3559056098
2945685531
2393419642
3918719996
9817796233
-1
4548207990
3410529845
4805125693
-1
4322570241
1174391235
6216275896
-1
4959403496
-1
-1
4736975364
6733663236
-1
-1
2533513408
5701383191
4892771557
8246284945
3972299676
6902807515
-1
6746435657
9014381239
7195575967
5209639650
5512546039
-1
2738025241
-1
-1
9993504317
12860819875
-1
1880099124
-1
-1
7457492043
4085799525
9349854081
9752633092
4520908340
9460211259
5844870063
4331531680
8637434850
3585735641
3894374665
4926221942
10588080093
13330624448
8780880968
-1
3412937579
-1
6355828674
4239315822
7856195644
3486183594
9121035635
-1
4950442643
4538871103
7011472769
2232992726
6365238032
4474903
-1
8367050523
6283529268
1985384010
-1
-1
-1
4211497753
3220437536
8264517570
4567148183
-1
-1
9299117643
4601417120
3974226586
9156793924
5185483478
-1
-1
2560189267
-1
6355699649
11393819252
5388814570
5453824388
9844877882
6170082353
6083997838
-1
-1
4810238170
-1
-1
1360053390
-1
10559872887
5562056122
6955602236
11886528747
2014455224
6220955203
1671398005
1258309798
11986395283
6097367823
5430807395
7841353909
9720476373
4662335511
4193827639
4902508417
7037621554
5209571857
-1
-1
5340003297
4130306650
3466077455
6170403591
5323836939
-1
12767895202
-1
8326187581
-1
-1
-1
3913284521
-1
5087337100
3687681530
4082536143
3710631353
-1
10832909473
-1
-1
6920146539
3770924954
4101473622
7287162843
14551956915
5504159024
6372604458
2719720718
6753900818
-1
11794807469
6195733269
339417018
6876022520
-1
5900551935
3057619907
3894954723
-1
3750883898
3567598767
5966644650
3040961479
6285654706
2445632788
-1
9003072913
16275494424
-1
13770565750
3220382155
5726649967
5643002530
7731900220
-1
4965473880
1655775258
6974341641
200682757
5862274336
-1
5136964567
6310918898
-1
-1
4145279305
-1
10245582858
10752092888
4108353440
5939048252
6330258832
-1
4013895745
6486241085
4591745786
-1
11602989363
-1
4344790898
3661631831
9532319839
-1
4825331001
-1
6272577119
-1
5193119582
1695602358
9882141211
-1
3278113470
5892534698
3290596659
1417648572
6986656889
5738089372
5593170106
6478852291
7117614579
-1
-1
1457609363
4903872997
9109135600
4011386011
4251313611
7243362799
4406124305
6384811436
10982203440
7362571373
10569528465
2623437050
-1
5872616332
5189866120
-1
5316005013
6452847383
-1
3080081453
12094198993
13303807730
-1
-1
7625275052
5442108280
10165910306
-1
1873542808
-1
-1
-1
4637290027
6757881571
-1
2385966742
4089452548
-1
3286019459
-1
3024745723
2684446956
-1
5700784990
8610655551
3639332167
5818752722
5097822276
2967513800
-1
2789756762
-1
-1
1796405170
-1
4943761773
10433990787
-1
-1
-1
-1
-1
2841089938
5408744181
-1
-1
5066856997
4272979268
2060601348
6852054390
8171299926
6919379611
7736463025
-1
11413146755
-1
4247428208
-1
-1
11413586873
-1
5560240076
2782124940
2785709453
3012213853
-1
9255438667
-1
-1
5727054506
4431301961
-1
-1
2723025497
10378094558
-1
3954066054
9824791416
6522472371
3490677383
3703368789
9084284945
2527898648
8461369384
-1
5537509390
-1
-1
3475655859
-1
-1
4413847217
-1
-1
-1
7932113272
6316056849
-1
6662170376
-1
7341323331
2577825581
-1
10019080243
-1
-1
519736562
606012241
-1
-1
4838033311
4536998413
-1
-1
-1
-1
6873875005
6662561635
4256407105
-1
-1
-1
5054463414
6220698152
2654030737
4914042250
6190868941
3229944045
5939531207
-1
5658022320
9922904515
4946072916
2785130435
12950689840
4030298394
3860346858
5262692344
5174828403
6549242513
7494744962
2406671139
5346535571
8893684483
-1
3428035144
1659750189
-1
3033438062
-1
8356480506
8891858531
6908251938
7920911264
-1
2185295211
10660719341
-1
8023066993
-1
-1
5941108304
3973282243
-1
3242129928
7126811173
-1
9117282952
5793036423
7049216095
5089133582
3985306013
-1
-1
5428597299
-1
5329623393
11559899974
5033966245
-1
5123014511
5900020620
-1
3343536593
7420778607
4717812656
-1
5253563427
7931963724
3667318401
-1
3890404289
6146271642
3944996143
8990717541
6240558827
-1
7436624239
11001599637
-1
-1
11165506827
5794071558
6352739353
3169542839
6760649469
-1
-1
4933219403
6750902447
4077611680
4773302939
-1
4776055577
-1
-1
5060493519
-1
-1
5641015082
6855838084
4788353119
-1
5931122526
-1
5970968165
-1
5137022668
9175087725
10055057542
-1
-1
-1
3878352554
15045657430
6699155991
4726984198
4455073553
9852386639
4419631910
-1
3443207785
-1
-1
8437463586
3769101102
6220319305
-1
11363876366
3378772437
4408479855
6876232361
-1
-1
-1
1601650862
5810893350
-1
6336331323
-1
4117073417
3291194003
5710768321
6879784055
3181457118
-1
6321151007
3539278686
6788458297
8813821770
4888381031
-1
4061685475
-1
-1
-1
4522751171
2577803457
6152913352
8904262842
8587603748
4085067340
-1
6086089170
-1
11624339843
5099007074
-1
5966429762
6661916219
4954202842
8748822897
8110524297
9782715018
5592940276
3857497875
4104970128
3994638869
-1
11249068516
7238154635
-1
7905562511
-1
3307782534
5606490302
2322955411
-1
4656615197
11758396106
10562876403
3390378827
9222845524
2184833167
-1
3575419223
-1
5665401127
4487891390
3034986704
-1
9702019836
2739553489
1910513922
7691754508
5016432669
4754093465
6896852989
13403819151
2872683418
7015782278
4900119370
7473922901
3479459808
8890112717
13134800296
-1
7218939721
2251880063
-1
-1
7021978916
6753504373
1255862070
10274720153
4040649086
3883193260
3453590942
5283440399
-1
7956444096
7975457125
6543404396
-1
6380830054
-1
8669760755
12264936159
5103496379
2385027530
-1
1680058161
5723097570
8009920464
4032404063
8314280124
2901299396
6334245319
6719879335
-1
-1
7111911647
5421231418
8457185562
14741249086
-1
-1
6262497534
-1
10266178730
-1
5211160105
3062180682
-1
-1
-1
-1
-1
6731354737
3913642367
9015662804
4919197134
7512234434
-1
12415468772
4811903684
3196874337
4868301440
-1
10869913699
6314727431
-1
-1
13865146132
-1
-1
2592540037
4987114280
-1
5259512063
5206911219
4350887794
-1
2304815656
7638432157
4343315861
-1
3501584134
-1
6263257337
10732027467
-1
1603287944
2917676758
4554652785
1957971806
1580827539
4220688362
2365942255
-1
5475817817
6659022274
6815372605
12681718695
5511114861
7870261893
13059497144
9525166183
-1
4078170155
1039480122
6343530729
5599346657
9900141645
5469937092
6238894944
6422240560
10819524169
-1
-1
9268348517
5847992148
5408221160
-1
3913983005
2937301071
5313604011
5619488166
3584431903
7116031626
-1
-1
10808429307
-1
4284476094
4000458047
8943579918
581454841
6139617972
1822408687
-1
4507310830
1851548496
-1
9295862980
4559894426
8555090545
6564757610
1763434950
4801293008
3847201455
-1
-1
9429694805
-1
-1
8615013406
5488755557
-1
-1
-1
7843999361
4555899464
6819351790
1457415001
7010183277
-1
7732229844
3956094239
-1
-1
-1
5712803430
1817998643
6224117496
4973269920
9653562407
1327687253
4432348964
-1
8986569533
5196647877
13331626232
4174823018
6963266308
5794690873
3103199080
5164892114
-1
-1
8656518795
-1
8997344370
11097849037
4365112880
-1
5713947243
5701035892
4397442598
7205339352
6384364700
3608339152
-1
-1
5517452449
2779662792
7353130404
5324530028
3616673770
3981912473
8459186741
-1
8633478925
990395233
-1
-1
1381671566
7617591689
4525382407
-1
-1
7278409934
5636539656
-1
1857834831
7053861682
6846467653
6732614031
7437806145
8130654964
8008410253
6649945663
-1
7912487699
9307487590
16238253982
4541982585
5851539380
9608494054
10505572042
-1
7411826892
1591765171
-1
5989481258
7173589389
4882541728
6001985941
-1
-1
5549938289
-1
-1
-1
3217308544
5230676576
-1
9112363148
13301449646
5123571604
3570883210
-1
3754142528
4553014987
2362221682
-1
6065612538
7602514856
-1
5392407198
5106819641
5647474605
-1
-1
3742849210
1387639487
-1
5196043859
4277050679
5210065542
9474361152
15443487117
6598349689
-1
13121418440
10669808567
6696482423
2608520544
7716099443
7156527965
-1
3766501734
9472318078
9655532841
-1
-1
4434704982
4104581494
-1
-1
-1
4554929419
3998700778
4956318203
13489219767
-1
4706838273
-1
3274623299
8048652986
2338041831
-1
5279027265
1581947720
2689204618
-1
6428179624
6717739588
4303722073
3027969915
-1
8361954962
6580056908
-1
7644613231
-1
12269109218
6586187955
2239430666
5296376108
6720147978
-1
6275181363
8204577600
-1
13478026844
7136300082
13009877063
6196062248
-1
5640818737
-1
15969248997
6769420775
10131186117
14131411533
6286209024
5517885713
7415901724
3919529190
-1
2384579356
-1
-1
5962885228
3432840394
3895875309
7818888667
5730889348
7417140882
-1
-1
8269507884
-1
-1
-1
-1
4449187869
-1
5223370521
529639929
-1
-1
2920717378
8634823385
8695414061
2994769354
7721525665
7536156815
6281130822
6285513285
7938406600
6163680654
-1
4515652510
-1
-1
-1
4996743504
6167106844
-1
6848574468
7975457125
5064767037
6302241601
-1
4451434329
4902649220
3583434957
5654865258
7718546657
3503652403
-1
-1
8893684484
-1
5192555971
5949240126
-1
5054519826
5348930393
14120913168
-1
2755459405
4855109730
-1
3912336450
-1
2354841408
9000176509
-1
6219924158
5540876965
6180953555
8993145104
-1
-1
6619378146
10654335413
4524702541
5835383367
-1
3397134676
7491122748
-1
5418919658
3073958137
8155760246
-1
6479823086
4320577695
9106174675
10718946173
-1
4716022792
4227147708
3236711084
-1
6027317142
2874840215
5756798981
1648375673
-1
6906074505
2327850545
8066021131
-1
5056209078
8552158320
-1
5544307396
3064009136
5006058964
-1
5759223867
2523700803
6663974985
2781993071
3967453323
4310736368
-1
4518467385
4675050805
6432665626
6435867532
11139686337
-1
4096160626
7497131260
9405531945
3886254593
9765179856
-1
4920414648
8482423333
6706683822
5462450316
9583645233
-1
8024056514
4989047500
3260236819
-1
8807305645
10083534427
-1
-1
1824233110
3277979631
2191465631
3592027016
8590730254
-1
-1
5012413274
2763370834
-1
-1
2926461733
1638059830
5986005497
10407117760
-1
12102494207
3118760753
11713993862
-1
6555784509
4258379228
3366213754
4566147360
6988198829
6023605979
-1
-1
3498415656
6497597358
12636556628
-1
2948207864
13164721377
7050693121
5160427415
3126437799
10333211018
8630052074
-1
4753649554
5063581987
-1
7278731511
10408397564
4084024375
3688268341
4997048327
11482219688
4058268060
6857991294
9360226035
13411209613
8209392243
6840530690
5306924308
9007131734
-1
4337845945
-1
7368323583
9023433710
4463644416
6730855976
-1
7470353469
-1
-1
-1
3572270350
5131123261
4311146323
-1
4218079551
6483689424
-1
9799954527
4842665221
-1
-1
8577745127
3972072471
7355081543
4889033420
-1
5108980578
3174692823
2883134670
4890405606
-1
4692438487
6115513014
-1
6318961131
8043388616
2156724577
6740011583
-1
-1
-1
14815217177
6332972473
4774450396
5137479942
8100473547
6120745589
3376066461
-1
-1
4255237559
8828454592
3230101431
5672620316
-1
3294576921
-1
7238331247
4988850527
4258963933
118469300
6266138130
3017861539
-1
-1
15635368872
9299403054
3726473644
5815455916
9004503582
5566125092
8654072374
4448003752
1753097433
-1
-1
7000097563
-1
-1
5256529009
8340378578
3873918966
10658409960
-1
5652802567
2579077132
-1
-1
-1
3599044439
-1
5914260361
6450379886
7068602351
4126754732
6546626758
5593631466
979654209
1907246686
-1
8933633358
1815392655
-1
6495407216
-1
6093624561
5436351001
521883602
-1
-1
6345712178
8398829049
-1
14722110111
7401496517
-1
-1
3866174062
5535419740
1798263468
-1
3080500247
6357279827
5930388323
-1
-1
2777818955
8982801192
-1
3551822343
-1
1794399070
2918117917
9514080308
6283215618
3903640457
-1
6379328119
3758006159
3109691629
10290075584
-1
9447203803
-1
-1
6208471625
-1
4394269679
7629236514
10401524035
4782435955
4046533403
8478858340
5748002320
-1
6235029464
3890936435
7542057920
6328501756
12525260797
-1
-1
-1
-1
1322726758
5359997910
4915826722
8541980739
4210919595
5209485732
9233544189
2282696279
-1
2481969006
-1
4772495376
4757601376
13137296275
11157068623
7841883312
2840518382
3991350572
3409203216
2475402895
-1
-1
-1
6445531089
2137440566
6635380720
5202954285
5143846694
5810450353
1973538865
4510921640
6765059748
11040041985
2621566531
10763771978
5082217679
4448187870
4244037557
6683267999
11230736781
7559350528
7747469416
7461653471
8439841098
-1
-1
7996718694
5216863769
6814626332
-1
6799387807
7303265955
5716158278
-1
4923123039
2139566753
6304845949
-1
5736974095
9811367522
7571862866
7029163197
7610495436
3350810016
-1
8141744614
-1
-1
1640433693
9848441295
6223760654
5991702402
10806248715
6540537372
-1
2977700501
7392929269
6287457308
-1
4837319299
8446451436
-1
6989112219
-1
-1
-1
2526612377
4544272171
7492809455
4147703543
5664851983
5946024749
9402466019
8251338476
15866651305
8455841494
-1
6557215309
6673325437
2585213081
6744026844
3480014975
4064838503
8276582418
2441966237
3997165793
9600850948
3597450633
-1
5144516960
2691848718
9149843494
7250120926
4655040793
11002910949
1837296984
2842979882
3688838773
7326429787
8305553402
2108044061
12241347482
5482182890
-1
8931310273
10088716322
941041747
11667476618
4941553225
4827441013
5186612656
-1
6971756579
5351796123
7246614123
5328239170
5143965260
4186510424
7874575796
4866520162
8193315674
-1
3357431255
3409011755
4060000522
14205553558
7508605901
5631639132
5403473742
-1
-1
3328287138
9640191625
5530258939
9853903546
-1
9266944059
-1
3529432855
9029751788
-1
6454339346
-1
6017526319
3885924848
-1
5135505483
3160683027
3294572265
1746430463
4702932501
5407035391
2821465790
12018549033
2606916936
7399001462
8045799680
5587404009
7973190449
9285766583
11457188303
-1
3635593772
6708718089
-1
-1
7930776256
9240856591
9243187282
6126966146
-1
3773870797
13218768339
9416574543
6865497088
-1
8626404256
5747050890
11579794786
-1
-1
6045808809
3537632402
10403435708
6447368412
-1
3729553232
12188059737
5591022776
10418774393
14660338402
3626406485
5465174757
-1
4728967741
5916258771
2824861439
2619035456
6228512920
-1
9620022276
3480683853
1610153242
896789006
2344038074
4634414317
-1
-1
12439312623
5439587072
10888904270
9749852603
-1
2860371216
-1
8425494908
7273242827
10891069005
-1
4833896163
6660668724
6189434651
7085009024
9080149036
3267470713
7674520356
3638209143
6535360768
4752844321
4994867004
3196512130
-1
5307105246
4595673734
-1
6090307078
-1
6382597653
1365656974
2911935911
5698145818
6485011708
11216290906
6977137037
4971562877
-1
8078794116
4820083729
8632772790
4177676070
2985935792
13681519907
7633507793
4887253998
8210103391
14211785323
4007479054
2485871180
7200639673
6021514404
5069135584
8644274675
-1
5194404962
-1
1835696094
-1
5792983524
5747730627
-1
-1
5891325176
-1
3989927603
7873447132
5697218147
10520329630
12398924383
-1
-1
7636985348
2797052984
9510261154
-1
-1
2833958325
-1
-1
6468995737
12470601014
9419004870
-1
4548697752
3066590644
6073912791
-1
-1
13630849194
1027126189
6386136741
-1
-1
555738461
-1
4822995741
3000987330
4846324351
4162884577
2355908730
-1
-1
-1
4388620513
2714714898
12183292670
10093325412
7566033643
5043370893
6653905722
4510052730
1112400614
4274828117
6206828796
5434268372
-1
9671350785
7161303739
-1
6161390885
7853951481
3924361970
4905490480
3402572456
-1
-1
5442984508
4737259593
6405894158
2648696938
-1
8869607928
198001802
11134136798
6122059726
7457726743
9876977511
5055310754
8158286485
-1
6920903300
3581568782
-1
10481334976
-1
2142188798
9632313256
1759569469
4335484926
8468793959
5542373156
3735845171
4662124377
11141838149
6442476113
4403303391
-1
5006676209
10427575660
4772827276
6551303484
3049153018
4540668256
4041333129
-1
-1
3558211517
-1
8242972452
3900348472
5893519901
15113326033
5567278088
-1
4135445140
-1
-1
-1
-1
5072463808
-1
6932077107
8516111653
3311896723
11209461369
3378153219
7257497882
-1
7042619050
2981070746
-1
6005302593
7474698720
2431360565
3682244744
6534535650
1966610320
12661733382
5316576093
-1
-1
-1
7899234741
12594671788
11732508031
8435156950
5463819930
10283410327
6925143045
5582820443
10363587582
5165568200
-1
7727724820
1712755194
5007533127
16428465967
851809080
6256528277
6237391983
12290296988
9568921799
8905927370
-1
8975258393
6504048216
2822100364
2944549248
4864466329
-1
-1
-1
12044913025
-1
3704338939
-1
8214394203
-1
6147698740
12492265293
7490585380
10235008594
3249932497
-1
3204244067
4772403745
-1
4181256277
9663401563
2975636202
5810161103
-1
4407901920
7460518793
2703262978
4255398819
-1
3844139382
5435728766
4182718917
7476807722
12239786313
5059092596
11994582770
7251508354
-1
5288005453
6937928192
10479410116
5600736941
-1
8442449760
8765710047
8495042974
2216828754
4322114603
9314824457
12517501356
4445506657
11799065927
9678909405
5628758971
6154763075
7264661883
6606204968
5397512768
6030047325
8288848503
10014066426
-1
7515411331
14632264367
-1
-1
5341231333
10590747189
4190936306
603827199
-1
12427040114
-1
6389798588
-1
11921268630
3193306302
-1
4705707836
4925490686
5484751622
4238996296
-1
-1
-1
7439228499
3453132504
7636650468
5575117356
791296111
7635649792
14795647065
7619719977
4701938921
11174925301
838348812
3721081451
-1
12460260780
9159828148
-1
2610076885
-1
-1
-1
4756429831
-1
4471890087
4473792997
6258295940
-1
-1
3128094244
9493171792
-1
8731280566
-1
-1
6191954232
-1
-1
-1
6978397110
4825435667
6874271622
-1
-1
2447061099
7835244784
-1
5007187692
5853808577
4626636900
-1
8986220840
3010565259
-1
4430051905
8337660001
-1
2805436351
-1
7315548739
-1
-1
5708728610
-1
7026547564
5421531306
2955301985
5386013776
3330244431
3313194588
-1
-1
-1
5026233429
8667534181
-1
-1
5665679794
6231296027
1950107433
7269162718
3866451546
-1
6350542224
6731725163
4557115432
10955433930
8880060267
-1
10474018653
5864714373
7090530426
10836971954
-1
-1
5787150826
10547680534
4428174188
8622884805
4112956412
3483539037
5165025287
11277667940
7312160894
-1
6200663982
7632671511
-1
9207158069
-1
-1
-1
9572842405
6477162290
5642523627
4622617882
-1
1417247113
11650436853
606475994
2323008760
2825659683
9875201239
11886465716
-1
-1
3292884301
5149258173
9975951557
-1
6120205756
1907903553
-1
8875798666
4874106332
7513056240
6916458722
2796307762
-1
-1
4607228603
3506702235
4919767742
5799377311
-1
5629881440
-1
4917353007
7415371950
-1
5768236294
-1
8980979391
2133581153
-1
5332209574
4907362828
7524340800
-1
4298013421
4602508195
6735859496
7677442554
-1
-1
7584618260
5782548207
7030141572
3414991296
-1
6252775387
-1
6555415509
8446785838
8193539491
-1
-1
9600119200
-1
2466346667
1847601955
4451560927
6399037075
-1
5450304609
8176724569
6302145707
-1
-1
7488695187
-1
6404480099
8065217600
10139103037
2420810363
-1
8127048931
1741657652
8945176872
5909575638
8891905030
2699590057
5944181313
3717308292
9395754350
3296486888
-1
10408668673
5020423851
-1
7359857786
5756624347
-1
5116433656
4599137548
7742515559
-1
-1
6569115889
6207374263
8589268473
7446394566
4612284563
-1
5058267951
9260557712
3810443234
8695961342
8091652781
4935769033
5338376144
5838022425
8491599953
-1
5560880762
1217870502
5196643120
3237019489
5426384710
13736041317
5681680530
12514790710
9823606464
-1
-1
-1
4165966656
5858892247
3644122985
5421579211
9892149189
6193242807
5832971403
3494879560
-1
-1
4395264881
7483997389
4656923416
9574325407
4815957674
4783906530
8184240596
9954201846
3312787967
-1
2934311398
3017935567
4315665906
5675696333
2704913106
7681003568
-1
83307476
-1
5897339887
-1
-1
5602329560
8983740852
3620853768
2646535222
-1
-1
7486747237
-1
-1
4275524094
2284303616
-1
1407705138
4754895600
-1
2271473114
4378031510
-1
-1
-1
-1
4470158243
6966755898
-1
4098676137
4961752715
-1
-1
-1
-1
-1
-1
6659835928
-1
5711323360
7603582467
6983813615
4770373027
6170958563
-1
-1
6805663893
3637185319
5774120834
7070202067
13804183219
9698008120
3809057149
7774561327
3565282768
6189110540
4512409304
-1
-1
9403470664
-1
9263808662
-1
5189455544
8104871213
6438242676
7596809837
6186613343
4418857772
-1
5000387344
5623669045
-1
10088137881
3468765513
7341607850
2384447783
5684378292
2730316853
4972108798
2011075537
6649341994
-1
5137174675
4997506153
5536454049
4724532547
5421746652
-1
6790552916
4830463013
-1
6500570948
6624854012
-1
-1
3607680664
5616500957
321687030
6041708868
5832067441
8859906646
2520746343
4229674504
-1
-1
4685730068
3818306670
-1
13224385393
1771946106
10938601848
5367083836
5591979231
3907823154
-1
11772455079
3200314594
5223181558
9519674124
4679319525
-1
10878043015
2691133694
2019832206
-1
3441363822
-1
7935411458
1406305189
4686090384
3390522357
7653896996
-1
8894154831
6882680326
9566196930
6509972339
2694420846
9880796080
-1
2909999020
3378232310
1937351144
-1
5724261219
1244501444
5742160056
6293347257
11410000746
3966134291
4975777395
10566330858
-1
5639222105
3271960897
3943312134
-1
6807886365
-1
11860461362
8060261616
3546994364
8530698103
-1
3985984833
2839051153
-1
5739995143
5956200265
2949115007
-1
4001426467
7584276513
9952018376
517218415
-1
5735754003
4918529105
-1
6097198502
-1
-1
12700607086
4009802735
1733493702
6493576406
3030618763
9637963820
-1
-1
-1
14500941225
-1
-1
3239600270
-1
9070048751
4994101579
-1
-1
-1
3730881316
5027707930
9883688367
7464835184
5588115904
3919653378
6221271190
-1
8137237625
8185605060
-1
-1
-1
5698844936
6264196474
14515514482
-1
4589369761
3735491314
8738661349
-1
3041965648
8308922295
-1
6906487660
10437497290
12910441255
4448845094
-1
4011140532
4866619568
6362369920
4668393825
-1
-1
-1
-1
-1
8757503650
4072631705
-1
2778506622
965855561
4949587523
2439645265
-1
6923993715
-1
8804164002
9909261522
7435139694
4200461649
1808210822
4233803225
7103294304
7132662934
5480381606
-1
-1
7125850714
-1
9020619097
5138337558
4049800158
7161075749
-1
8196502390
4482125722
1605756314
-1
2740281250
4383856687
12307129008
5260205688
3018816326
9288568767
7546404851
4584768706
8126476989
5321599334
7122030932
11945229193
-1
7949802357
6142386837
2866721718
4411041670
2231001140
4531553067
14622027576
7188915143
-1
3048987498
12661864114
-1
5185761326
5193602070
5565795423
7265814277
-1
4979738381
6238254477
-1
6097167243
2879976761
3165857505
6152261421
-1
-1
-1
4781052983
7999373907
10327959496
3558082837
4931917963
-1
5440853224
4951569410
6285532755
6688837410
-1
7041593913
5407316264
-1
5844821118
3145700444
2480535282
5976134164
5113733815
-1
3448947101
-1
8094484758
3584248093
7619609921
5798434465
6929093828
-1
12133123484
1429409257
2438934770
4130005952
11032711156
8418901947
4912325964
2598828359
-1
7301808367
3599489507
-1
4418257219
3448087156
3744484371
2942091674
-1
3843056118
4050796796
4860072926
6138777120
3114300798
5891147908
7324606688
6681120234
5208956945
-1
-1
2328529522
3054762162
5627499889
8754663123
4897078172
3673580507
3371415873
3941348681
10917984825
5258411818
-1
-1
-1
5756624344
-1
3335394361
5585465671
2936205773
-1
5967431343
-1
1084333761
8358332544
1774273693
5764244618
-1
4656373975
-1
6729883914
4560071680
-1
7045023091
-1
5970756010
3456663820
6512136214
6773523732
1910423948
8449974158
3912298638
-1
6518094909
12008165711
-1
4891148975
-1
3605425338
2271884359
4519354878
5767418559
4361710052
5727907722
8450108366
11514583899
-1
-1
-1
3649768028
2631021251
5762150259
-1
3727982584
3665025504
4866859455
-1
7004420658
7003084993
-1
9239421563
6273337284
7248500193
7073928112
2389264781
8726544954
4270688149
8053704690
-1
-1
4495858304
3885744710
-1
-1
8853561815
-1
5252999035
-1
5904237437
4760319249
7421229414
-1
4876191320
6328692375
3212541908
-1
11155032476
-1
3366805254
2096667794
5189505136
6894905533
6329238546
-1
8781310904
4999954476
7048453553
2885297627
4466244600
7856885867
-1
-1
6616141584
3290026464
-1
3807796892
-1
-1
9946676801
5966983319
2820356310
4896334449
5755745042
6157475446
6622682884
7310857044
8656847206
6820028975
5820161970
8373203167
7065660675
324444579
4245933762
5354761647
10870113308
6697962154
7683123776
-1
-1
4940269373
-1
-1
4253860837
2803045852
8464533926
4537057086
7324211168
3973612189
3209877062
-1
-1
-1
4220549934
7821562775
15554040
6174693176
6577606553
6409564922
2651638096
3655443667
-1
6689772835
3826333434
-1
-1
2997430662
3613751258
13424022501
-1
3264738736
4619367500
-1
-1
6908314553
7987946860
-1
4787710480
4490916963
-1
2570456776
1087778301
-1
8057031117
7092579141
3479374524
7728058261
3564256667
1646255321
5858938994
7625746949
9480186878
1191879117
6730325051
3688816026
-1
4184223351
4045750874
4249249453
4703543431
-1
3545155869
-1
7286862574
8059115890
5453325718
9388477120
-1
7206243967
6089488340
7080631760
-1
8037241326
5464683011
2607560830
-1
2555619423
1668386475
9683862200
4860960941
10396956956
-1
4186595661
-1
9425240986
4561830041
4053352736
-1
10197042921
6779848292
-1
-1
1313468973
-1
8657012172
2859251059
7131969594
6725296944
5638485539
-1
3709908005
-1
7270166909
3753546121
11092930335
5280737373
3035326733
-1
-1
4893249387
11958971150
6219470865
5539476835
9733702076
6663069144
11512690224
-1
3532996986
3208848560
5677361757
6437898190
4598410438
-1
3888319918
7815794252
6777942822
3820094127
9267378054
2869478281
-1
8693716279
12701136677
5751000417
4764292248
5383004727
5947506852
3704139677
5791132942
6132895475
7440732377
6280235999
-1
-1
3764408677
5661067670
10590413188
6687958515
5794841905
2978829412
6876378872
4503781696
5441612644
8428008671
-1
1601709477
1994525143
3097347695
1125474833
1882032227
7996326871
2866162077
-1
-1
6604547472
7196754468
6419095742
8640586315
4744620539
4631410691
5054247056
-1
4132519551
5647531444
-1
18020975495
-1
4630444968
4541859039
2543467656
7385514010
-1
6420208039
2599877925
1352067844
6683750536
2378388125
-1
5109517894
-1
8357029162
6471977787
1753375143
6122645279
3717129197
-1
2038318057
4304735419
-1
-1
256529812
8089898522
12109148584
5320394767
13454699076
3490515260
8220508778
5396522201
7875780824
5911262798
4461992893
10126654535
-1
-1
4271511844
5489774523
7241170034
-1
2219028204
8737067187
7167820564
6326209714
763516673
-1
1569018079
-1
7029553435
-1
2701625301
3706442302
-1
-1
7822048122
10244113049
-1
3146369382
6072947513
2652814817
4875689426
-1
5787727895
11927617086
3827931090
-1
4041645825
5535902443
8740820437
11362873306
7928978778
8019840061
4539303230
6569948455
9924228999
9019751496
-1
9558362117
-1
-1
-1
-1
6069604098
9314847207
-1
-1
5815577219
-1
-1
6162111637
3905381846
-1
7545633342
6972683933
4612627469
7280462253
3964101548
12197584048
3262674488
6449314765
-1
6681815538
2303366322
8097941542
7060388218
-1
7583095550
9716043187
4762568172
5018093827
2877820090
7140454175
-1
3741568552
-1
-1
-1
12616941622
5344864219
1795332114
3959191506
-1
3678362606
-1
-1
-1
4281310365
5183756748
6704123644
4962492439
3660282946
4162688826
4978446866
2579537633
5587500272
-1
5051993947
8195301779
4298319401
4896308515
5565564632
5641015082
-1
5493578498
-1
6326722856
-1
2620852198
2749955760
6066359205
6660265957
-1
12759682174
7331095639
6691938065
-1
-1
6010909453
3128224502
7531586510
2206157617
3762764864
5513252659
5781265952
-1
-1
-1
4423509246
5177916997
190494451
-1
3125428394
6008928406
-1
4488809629
6302261990
9033990000
8457597975
-1
2629717101
-1
-1
10100134686
7000402130
8990382038
9543198556
-1
9912437001
8299541589
4955346055
-1
950658041
2823718736
-1
7645431010
-1
1141489336
3854114572
6633868094
7341149670
2507268010
-1
-1
3948973535
5468212478
7036182455
-1
-1
3636767764
4838094613
4135833673
7007482971
-1
965866910
6726380948
6208702251
8887096244
2565254433
-1
6170082280
-1
5657474175
-1
5123379321
-1
-1
-1
-1
-1
-1
7105504541
5739605596
5653346481
-1
7150488097
6374528371
-1
4247968821
-1
10399025073
9957295368
14820465492
-1
-1
-1
-1
-1
-1
5960854034
7605385646
3452363354
7678390633
-1
8966565895
-1
-1
-1
-1
-1
7958854828
-1
8387564194
-1
-1
-1
-1
-1
8909310422
4569867020
7946475461
12118537362
1761634954
9246204891
5004392600
-1
6181713556
-1
1379761595
5947155476
11007336873
1149664152
-1
10912446327
5093628583
-1
7548712829
10488480732
8915730573
-1
-1
8765708982
6942783684
3727982584
86666635
5451193669
4152820440
-1
6976825831
8358614939
5700784990
3476514336
2127462977
5154321758
-1
5189017336
2938711773
-1
3121390325
2712820365
11002719988
7038336007
1763304790
2098600061
-1
3709751223
2798816176
5555306614
9203295547
3216145175
3779208163
8511843027
4379588325
-1
5782520146
-1
-1
2514676234
4247686587
4687305584
4282374765
6251047313
3340437758
3054173508
-1
-1
2502257806
5950150361
-1
-1
10711743428
7238640435
-1
-1
4459539706
4353522396
-1
2567256464
3619248743
3789859525
-1
6160531789
8020177143
-1
4614801781
10567371784
5874052760
3873813092
7515000839
-1
4174841344
-1
4443122234
-1
7261271789
-1
3429582917
4742032917
2361020022
-1
3532623944
12900247870
-1
3965535164
10931074928
8896272627
-1
3394600601
5363307878
7607271888
7747658664
3213684098
-1
5911858759
6959840721
5178607525
2783130666
7656920846
4789682975
7739802490
10440608357
11989175408
3416210485
-1
6516887475
-1
4973330546
3868612588
-1
-1
7439570207
10298592750
9708593884
7262840995
6235579508
3234007411
-1
-1
2385414316
-1
-1
5147398744
1620654655
8621936640
-1
5316827759
5854973302
5938892317
6203817951
-1
9834038423
7627379649
7744491894
3487005096
5878605023
1430629403
4365718900
7529510385
858315910
9172510155
7514845841
4002106573
2035664242
-1
2974369313
12480554237
-1
8995098796
8959190449
8026933073
12912895173
7608001465
-1
11871522718
-1
8031831188
6127871158
-1
1841453767
12830994630
6260850449
-1
-1
1949004816
5144589197
3597887990
-1
-1
438844403
5301852783
7174680592
6791176552
-1
6304845323
4027690887
9416348375
4418646883
2421876075
-1
4844700688
6456805088
10534349661
-1
5192314553
8652348410
-1
1085752376
-1
-1
5504641024
7027038623
2263502099
6635398305
-1
-1
8144882258
13917047824
1308073920
7530716093
9220450746
4385820023
4174156309
6792850847
1348900773
8314212118
2557050930
5826713845
-1
-1
8696788451
6820467020
-1
8423580852
-1
3397050732
6018389229
7352690508
10866742151
8453075632
1370304990
2004678018
5415061751
-1
3883059056
2915605616
9064093694
5448872196
4799182751
1881408274
6343173834
7515116619
-1
2101508063
3217075410
4982316157
-1
-1
-1
11523699871
2074487101
6353638286
4251545698
-1
-1
-1
5655651170
6020945252
-1
-1
5021731554
2722380318
-1
-1
-1
-1
13610447279
11783978442
8661603050
3649480393
5091807136
-1
11313647669
-1
10534519062
3036756090
8422206353
11429242894
6428309289
7797217741
7071173793
6755904294
4738080328
6267641019
6496925674
7094356655
-1
6517984140
3898118286
7203163720
8317127900
4235107387
-1
6840788349
4314047336
4920975140
2503505411
1774024818
-1
5515308091
6604944541
12461129216
-1
7968671023
-1
4598995721
6492507849
5809776521
6496474538
8034993721
3134780329
-1
3992474543
2384768516
3952081009
4283539023
7022825582
1884786103
-1
6858415372
6716377895
5014108776
2394250560
-1
3062103402
7591668519
-1
2252501250
3537150453
-1
3591920698
-1
7459801718
10847746219
-1
13865146132
-1
7938066067
4416185507
4873050694
6111825936
4095613151
2778058902
9962211455
2805550401
-1
5009003596
9003072491
5517240952
6844155450
-1
-1
1239936881
14001018355
8617939477
6817942418
-1
6320448850
6213900411
-1
-1
3388323819
-1
-1
-1
-1
2818156906
-1
3968122017
9000414908
3956519965
6270153923
-1
1539775910
-1
1232110146
-1
3862802170
8313511668
6574024929
10204340528
8996458643
5038633225
-1
-1
3941842648
5873060023
5452943479
-1
-1
4381627867
8504707889
49459480
5836738501
8278882614
-1
-1
3579025733
5486509135
3944914138
-1
5210776485
7900561827
7828428480
2833259256
4273371267
-1
-1
5756284471
-1
4913457225
2575849394
12180538723
10497333522
3322179768
4668869151
2451796254
5750054145
4612854179
8819639465
3525518137
-1
6691141827
4400402304
9892663285
8043757159
3496470488
-1
-1
1870496460
7229901710
7673956670
2703637175
11974416990
8525983646
4853443207
3330403873
-1
7140365587
7487235191
5038904970
-1
5208386310
-1
6201204168
2287534309
-1
5474266608
2555548537
5876975154
8057246697
2759646018
5005275649
7670309307
3244011064
6242043549
-1
-1
-1
-1
3608869769
6753316116
2674251332
3784482760
3024144713
4005099954
5326550472
-1
2684225192
-1
4790033293
5092993576
10945498887
-1
-1
7025322982
-1
7467087585
-1
9924085182
-1
4650858666
4015925157
3280870916
-1
5627047892
10073379663
6739741375
11360801988
-1
-1
6352074376
2749727576
6508080327
-1
-1
10815653304
-1
7417363313
5303386062
4943741504
2843524363
12971710377
6219345297
2379288759
879760492
-1
13571863687
5647453500
7736359791
-1
8836766141
-1
3504940614
2972663422
4468363292
6831832683
7301479518
5135667999
11100618269
4873038992
6451517539
-1
-1
9467817828
-1
12541712328
7993599861
-1
3865960576
6237456552
-1
6641291032
4644240002
8080431892
-1
-1
2146191968
-1
5242853980
9701493464
1527376582
4111606148
-1
-1
-1
5831402964
18632
3354997721
-1
-1
8004854934
-1
2385697043
14872362547
10207301861
12724826569
-1
9152693139
-1
1339807954
5198633994
3882687741
13005425760
3581305005
7750164475
5161959887
11943053959
-1
5619062342
10457019321
5030083451
5795483924
-1
-1
9642094442
8283047534
3430643097
4909977704
-1
3141589646
6232789966
4629092867
4884214889
12068496903
4820157912
6842955372
-1
12495569273
-1
10728164652
11438416412
3674656834
6416655633
5053258463
-1
4472208472
7114328871
-1
7938429302
-1
5831999986
-1
6646175306
9329257316
11272358157
6004804044
4548281827
-1
8753284299
4968393165
-1
-1
-1
5020827346
-1
3840654755
2859970953
4499225286
5391376489
10842233463
4238534552
2008655870
10338436890
10294977388
-1
6463057131
6001198934
-1
5582621070
9972820712
-1
3565544744
-1
3430984265
4062273610
5852012816
-1
4518024254
10500825393
7368878193
6698736981
-1
-1
-1
-1
12518121109
7339911043
-1
8061332126
8509972254
4813391747
11653351158
3588265851
2487375579
4749392999
-1
4230280953
10728959670
7202898735
-1
-1
9848354945
-1
11755143247
-1
5771674568
5306984217
-1
3559535110
5199089389
3952087126
-1
3464192979
1781627449
8389708396
5411360396
-1
3894454751
-1
-1
-1
-1
6796634725
7690076466
-1
5228514089
7648616767
3948474029
1716568542
6442359419
7275365294
6108260736
-1
7790787481
2723991471
2943797515
1272797296
581872980
4141201654
3093455
-1
4917060481
7289832973
5770666996
9028349343
-1
2373287573
1940428323
1790718494
-1
3174608470
8565092482
7105337780
7429788232
6131411394
-1
8661453652
6475895924
6150198472
-1
2627041740
3462570281
7653897449
-1
-1
9205704186
3561065476
3561267928
-1
4889084587
9056681576
-1
-1
5863570255
5315955372
3047729871
7684386575
3486758748
7162960149
2908858431
2206426680
16529485809
-1
-1
5333397054
4026397254
11334701919
5737312404
5464723766
5568489625
-1
11250471541
7038665007
3730273409
7344736915
6131751051
8886825342
7500694504
4891176700
-1
9165724447
5034501225
4664697105
4320901969
5068358834
5271134227
2604562706
12072461832
5017149349
-1
5488387108
5258878249
-1
12015555227
4226063770
4837040087
2415717249
7232992191
2694072878
5133846018
8868416020
4576553549
-1
3947515803
-1
4938748275
7531691069
3816450181
4278826880
9316222304
2565754125
640
3340020922
7207888717
4710450481
-1
11127948704
9821763908
-1
2458188536
3987352042
10321141843
-1
-1
8828800367
3951062216
3871961701
-1
-1
8679972460
12021135816
8490870609
203712555
4888147765
4647852748
5460704066
-1
8867126580
4703991370
5205704405
2682939668
4173996788
5607596272
6071078180
3972264826
8560687064
-1
3844665498
-1
5773475345
-1
11722563070
-1
3319473022
7505581776
92216468
-1
4150198664
6928136183
9295862980
6582512516
10622325484
1458078195
7441421784
6685570136
5470431421
4431200767
3173502625
3559328803
4023560101
6434347236
266101725
11935993492
4073903362
7491932595
-1
-1
1454950399
7965193446
4669804418
9514435532
-1
-1
-1
6336549352
-1
-1
6598378397
-1
3367951621
2204866912
6086157565
-1
-1
3810106903
-1
6903043387
5404247203
7413772819
5042068835
7784529266
-1
8585923195
-1
7077988317
-1
-1
-1
7449687960
7102100875
4904391141
12326858680
2903544009
-1
10214603223
-1
-1
6061178642
6299811113
843170208
10232309926
-1
-1
10758712004
4338618366
1955920361
-1
6744162293
9092761575
-1
7242015146
4744368154
5679534529
-1
-1
-1
7143772802
3233027101
10460983302
9276760462
-1
3051790438
18285330379
-1
3146616167
6775970543
5400952538
-1
11141192240
2060178495
3660993194
-1
203712555
9561808699
4048721333
6142189493
4688968302
-1
-1
11650196699
4498317774
8527096282
8464991177
6699354448
5273317303
-1
7753192881
7101093548
2928319845
11743046612
3002905182
9509283100
6915043245
11673228482
4860991442
-1
10524821115
4824628118
8674888972
3202273741
-1
6156118843
8065646426
8025776467
-1
-1
-1
408893954
5461610
9040680425
-1
5716382962
6382897166
-1
9342182291
7857493522
3073355149
4865773414
-1
8634859677
-1
3112253723
-1
3258807969
9779764839
3836857603
1470563057
12548400394
7120720315
-1
2724574057
7972496185
11961733869
-1
12019503987
7369066590
4388405081
6646797288
4608729958
5693023032
-1
8275175253
9454272970
5286026514
5662518023
3937245702
-1
2879486662
8698750399
7317030260
2973769216
-1
-1
10535849316
6096921612
6471977787
7769885150
8319939936
11337009209
2749855116
5154884643
-1
-1
3567057805
-1
6039824878
8117441285
9971194788
2408943532
-1
4255756277
-1
-1
7261554293
4324119062
-1
5503621588
7729319678
4233604594
8320396056
4192854328
7369066590
1080451434
4964592435
4674428526
-1
-1
3432992950
9818060659
9367488025
3625028693
5010481359
8928218684
-1
-1
3741100644
6422072953
1776467037
-1
-1
6708536813
-1
2797861076
10178375463
5589608989
3463514705
2473712954
1870946517
5139203223
7845948127
7188536346
7271226254
3956748430
-1
-1
4830514337
-1
3406770315
-1
4526278251
6269592237
5092696146
3258662308
5491032166
-1
4346961273
5896106919
5925331105
9201683810
5030966567
5221870541
4878656337
10094055607
-1
-1
11859995549
5569042242
-1
-1
5870210740
5895119938
-1
1664331542
6294436744
6714773744
-1
-1
7082394990
-1
7200662282
3375329481
3884880267
-1
10144749042
6194327166
9235104054
3431804169
-1
-1
6041528531
5416105620
-1
3332919176
3829547846
-1
4331716393
4468208499
5480024643
-1
7411641758
-1
-1
7263651292
13880233764
12044257081
-1
-1
8755137759
4305019061
-1
-1
-1
6666821881
7392320375
4596217640
2203750515
10479412833
-1
5211158339
-1
-1
2431538443
2697788622
-1
4088570812
2267430207
6623846990
9698604690
-1
-1
1294265032
5547927673
4375570661
6945653325
-1
-1
-1
-1
6847275201
5501777496
10586915223
-1
-1
6273713014
6837399982
2757488655
11405882267
-1
7488534077
-1
-1
7876669463
-1
-1
8339826918
8213017664
-1
7268950322
7572140695
-1
8383723491
5517030992
5214328363
-1
-1
3870878515
15380056661
3523558167
7380468335
-1
3358382902
6358233169
6502936333
-1
5071650405
3550778964
4331720948
9498338626
-1
6447094657
7242679525
5446228362
11942298119
8887556887
4592174487
6247729695
4415650710
8909139257
7868257538
4454940365
-1
3258306412
6160242272
4292332903
-1
3373635319
-1
6408555735
5451027879
8553559046
6253434295
4709015502
-1
15052185023
6223095347
-1
9150492165
9324775941
-1
5811008140
5625749465
3597618297
-1
2235046786
7468689905
9438684386
6756915264
4718784622
12843897252
-1
8353700994
5477506407
7000719590
-1
3865116552
5393839786
-1
1379104324
5650982261
4628973028
8108454241
7134663259
5541749733
8709858291
-1
9564332585
2281789583
9584503277
-1
6282240440
-1
-1
12354234975
6954629873
5916045019
7334453994
7499615022
-1
3888031362
2979199127
7824761081
7523908043
3072463404
9889949676
8893684483
6157140427
7024504076
7586044407
7176508244
-1
-1
1638189216
-1
2317284939
12912373886
3836968757
7739522721
3093581147
10356456210
2613431766
5498555862
4337481260
-1
8778296921
4445898200
2216356803
-1
-1
3181704505
3318230963
-1
-1
1655336220
5153117402
9917937423
-1
3720507516
7186902294
8326571510
2506515737
-1
-1
-1
7318056770
2393784497
6287297842
9983878957
7862914679
4756759291
2613740464
-1
6849825124
7646764892
8519766953
1420815291
8787263711
-1
4027407493
-1
-1
4381467200
5037480813
-1
5779551395
5294560615
6569921821
9803829054
7070006113
5129817005
5060649650
3215392565
3374672055
9072063430
-1
1266993457
8670139967
3608066538
-1
-1
6088208782
6861837302
7909528228
3071857166
8611200945
5662622614
-1
6745158189
2528935353
10265180196
5880158041
-1
3496044482
-1
3211278271
2959992114
9580804993
3502621013
5813631398
5654361299
7264576174
-1
4554503425
-1
3234201457
6606003627
7362186292
4165332474
4516105040
4532391077
4978490844
4473647855
-1
4559339739
6172710677
4617866409
3352632565
5206610329
9108539290
10462603889
8358109921
2592018672
9509502413
2284635994
-1
5837151461
6723154496
3557668894
-1
3860009979
-1
4339142740
4940715445
8639869868
-1
13387320268
2068234868
6525566187
5957900226
3981900814
5606527254
-1
3788755632
3628764777
7433950104
7866438288
7493936067
3553387614
-1
8713685050
10658870166
4383097938
11483563560
3822751179
7715928839
-1
6426796130
4215952854
3163045635
6804307975
7384508734
7992758838
4854257998
-1
-1
9329601834
12487025552
8101104314
-1
6184471051
2751109186
-1
-1
9355239434
7905932034
2934019449
-1
-1
-1
4837081546
9602818166
-1
-1
-1
4369620209
11514637528
1933939610
10086342981
8952323811
-1
5143750892
4948201319
-1
5952819862
10738861601
14739385106
89146413
5001579521
4791001471
5573239920
6309229186
-1
6211392872
11196245185
13733536531
-1
1414683514
6261491058
4677907879
2833974651
-1
7665996912
7582899787
-1
4248963935
12443314132
3477253207
5494773613
-1
-1
9325453934
8705127840
4354226749
2821726356
7432360117
6551447368
8423550619
-1
7413625201
1445605149
4809769050
5293836362
5090010648
7586475117
4224049987
10892811815
6781123910
-1
3504785671
6427815874
6463301421
6860256874
5742709287
7970957564
1363328435
10774326051
9190146776
5490645141
3531801580
-1
-1
-1
5942673512
-1
3421550221
5589523437
-1
-1
5502336313
11039995855
10489273084
4744173161
-1
9634454234
9443080223
5691297584
5547513907
7899834357
9871593039
7297962957
-1
11133716431
6374262869
5204470821
3749614676
-1
3799054823
-1
7320768814
2808959080
7381628852
5556958399
3174559391
-1
-1
10632327010
-1
4165266502
6600038134
8725724647
5807270094
6410957950
6126296364
3120249749
8492469587
-1
10261617263
-1
8009440131
5549676334
-1
2518621528
9368381899
6638278903
6330237148
7403673425
2973549615
-1
1942501339
9200793899
8595068000
5656408873
1417763196
7578406118
-1
-1
9529621371
877180291
2907591479
-1
5678581342
-1
6927464898
2476781754
3707697687
6907941117
11517815072
9747455603
6478332241
-1
6655650541
8517804438
9379741903
6741836241
2845907673
4125990564
8378050635
8267963455
-1
17447069124
-1
-1
-1
4362691899
2517336326
-1
-1
-1
-1
5138517630
6427922741
8677316589
1692255199
9362541294
-1
-1
2579536168
8455969054
3841344532
4629831932
8296362859
5340523405
-1
4296639474
5541229477
-1
6848729428
9942409616
-1
3701418469
6216367916
6191479329
-1
6622141401
5005326635
6133449298
7401674781
13376579892
5010167544
3522807446
7542279229
-1
2636071805
6450915988
5748415610
6383133498
3983944927
-1
3920876533
-1
-1
9432230738
4317807314
1533188053
4253860837
10779026061
3449053071
5440037252
1349422441
-1
9380346948
6743775353
-1
-1
5661636816
8595583246
3746877220
2978869837
6443527631
-1
4863298367
-1
-1
4536311927
-1
4749737256
8370156713
8259590716
-1
5168910529
3883390820
-1
5814853735
-1
5215886366
8067861143
6114504579
1416715411
1640832965
7970616088
3772391352
1089305680
4590453754
6253585339
3761271426
3605861715
11904073492
9288518062
3240163476
5592942533
915043306
4542149748
6369839337
12575886737
6722370860
5433646536
2250708322
4390604951
5865225038
-1
5404927035
-1
8745341508
-1
9972385288
12179278274
6812116061
3167882607
-1
8855450020
1749788880
-1
1466784855
-1
2380832643
4856653140
10996104799
-1
3043646144
4311649475
6586962572
-1
1327867603
-1
10430814488
5528571244
5367280740
8501292506
3845731830
-1
6245085799
3339602552
2525570416
-1
-1
7609901797
-1
8749105460
8969906388
-1
4831237186
4768845063
-1
-1
-1
4394615520
4168141654
8114697459
3384012697
3572814237
3875654817
10231431673
3984782519
6017486160
5591322225
6829131382
4683621597
9108106715
4209367196
8526387241
4207229416
6644837964
8625113054
-1
8514936402
9787018434
1286434361
6212928773
2325539904
-1
5325947641
4335326012
-1
6601832587
2875277495
-1
11018291254
6578518584
10393019067
7840518451
6800814647
7595273718
6413104088
3211651057
6473414040
4300267782
5968822430
-1
-1
5955225589
-1
-1
6658028216
12459195265
-1
-1
-1
4182649620
-1
-1
-1
5236960916
8045402087
11613404644
3874131791
4846330874
6936506106
1700024294
-1
9200060448
-1
6007935527
3579344577
7275866037
7411622026
3773870772
3313075418
5549153704
5735507104
6083775067
-1
10086297660
7997033878
7045085560
-1
3354856640
7664646452
2891979845
7139029045
7350989499
-1
8422330261
-1
2850899831
3455399166
5735972209
-1
-1
2687051559
3267787638
-1
5791387324
7155629676
5566786933
1184233251
4329825572
7689203759
5940815707
3808528708
9035348146
8092230943
-1
-1
12130069295
9748754394
3223971513
-1
6570777238
1228913022
4385198665
-1
-1
3208152434
4805746285
8923034049
-1
2723025497
-1
3817500765
7265060685
4151292964
-1
-1
8616697023
6445131469
5118236082
3895103775
-1
8553278932
7938707880
6321230577
10343788833
-1
4520736162
2603284050
5666859380
8562680159
-1
-1
6280500458
2544053689
8825911210
-1
7014771443
-1
3689659247
-1
5230802376
6678978651
-1
9712696628
8873841117
5054559974
3789080482
9485482099
9013395928
6065312144
3736757802
-1
2722136385
7626096294
5386157560
5142350522
11522258681
-1
3958630212
1545138943
-1
-1
2720055526
6491243805
8707443894
6761767929
5751593684
356339264
4561199360
3973828728
-1
4545807347
2461204310
-1
10102955261
7730948015
3373466310
9150983760
5525191373
11174702580
2411915071
-1
3788942770
7543880045
6655451464
2055304493
6179429698
3437360531
5790454974
12173219384
6379121280
-1
3203494777
3232301257
4910926555
4794787972
10782239877
-1
2829027110
6832314582
6177185240
2843330154
6424559432
-1
7046233068
-1
-1
7935168524
6701700687
9979413671
4729422871
3342632298
16623657216
9092926843
8638442796
-1
-1
11024228622
5103904570
7573623727
13183142521
5412027826
6617050494
5636774995
-1
-1
5248709671
4272419401
5731671310
5085353523
9713900223
6427268978
-1
6415046308
3402929766
8544731614
5241497567
2544785103
4726750463
962727175
2737056727
10474512338
5269358110
4655664845
6614961668
6822776228
3850884710
7415904336
-1
8469114154
6481141150
-1
-1
-1
-1
-1
6038253651
6315253707
-1
7645374176
6255232950
5210055223
2028157557
3581235964
-1
2409691204
6465194450
7485780650
8340103037
11972365326
4331233336
-1
-1
3559438637
2628927010
7447493346
-1
-1
3035483000
2198733401
1528326302
-1
4508196608
3418311030
5982575378
8558050824
8507856250
-1
3924373468
-1
2599393190
5599694017
-1
11342907107
-1
7488288623
6554596659
8869063305
3643428801
10026170462
6787340793
2419237160
4200077518
2231895941
2825367848
-1
5264900308
9772143242
6648119454
-1
13983613803
-1
9899153244
12709180918
7901731032
5933761123
-1
5726968598
-1
7001853670
3939137946
-1
-1
6269867300
6349377074
7490812318
2011577228
-1
8638155306
4652722687
6417173617
5342007017
-1
12426996115
5273154433
1900234194
5427218762
6671549789
-1
1580950620
3787414782
-1
-1
7156083167
6107426526
-1
3802346777
-1
3171135135
7036604602
5392391206
5189375158
4158271937
5493722064
9064707389
5502147784
5773441637
4834388234
1760338330
8279910835
-1
5179393370
7854852532
7914776653
-1
4026295377
4779468994
2449578647
6819387132
4012350183
-1
3634115904
6293836800
3623654569
-1
3364865539
-1
-1
3769300230
11004324901
-1
4764196403
-1
8797908615
3763303915
-1
7608892423
-1
7339142647
5475569482
3296755125
-1
5649844081
-1
10877260595
-1
5407330420
1884815402
-1
3817285880
4457850539
5688909169
4344938044
5439009686
4299404888
3644123101
1769577669
2178274864
-1
9104939721
12702866891
4991178488
-1
-1
4574775021
-1
13252617780
8324182755
9363473312
1999051978
9707811816
13046092956
7297993671
-1
4631652188
-1
4968082019
3738673041
3044517797
5264974421
-1
-1
13295200984
10406628006
-1
8841140831
2870943352
6866223005
-1
2870716250
-1
-1
-1
-1
2611271111
8396268357
9050312006
3579546967
-1
5036308801
8591783051
5111115796
4070309952
-1
5789899393
1368385302
4131705027
2609758528
3292654203
1383732817
-1
6089286655
3789335604
9070928737
5415425325
7777627532
-1
5578414008
5333155707
-1
2923729593
3873563467
5420430394
-1
6482611830
6137859636
6647200968
-1
-1
-1
5888662920
11796636487
4316146888
9222215945
7126205956
9942233710
-1
7055633713
5788950770
10978528801
-1
7153962821
8671757842
7106162904
7067112948
-1
6155325162
15005832388
-1
6158812032
-1
6986708225
9098068637
4560059502
4781073096
-1
1820867107
-1
8383207087
5177221908
5325388678
-1
4777680620
3109096052
-1
4609281338
9910655723
2381949145
6064474200
7963274476
-1
4523727127
6135319498
-1
6921365418
5504488496
-1
7140186946
8442914902
-1
-1
3658916047
-1
-1
-1
-1
-1
2025026592
11045954239
3855788569
-1
-1
3529619169
6380189197
14627883198
2893803159
3179513826
1804956579
2794297780
4335383660
6024228206
963098230
7161014819
4511828890
6876717357
-1
4891250272
-1
-1
5093797531
1530071395
5925964578
-1
-1
7929172299
8523324088
9642137978
-1
10292738449
4539732554
5053193332
-1
2842226312
-1
4554266749
-1
5433847166
293646719
10325591213
-1
3864907788
7859583283
5151361189
2911720834
-1
-1
2757696488
7223004279
7875583423
-1
8090411051
6556711960
-1
7120171631
9880565712
9574847407
6438290735
10817089748
9186651558
5536824400
-1
4583531518
-1
1079047244
4754354673
9990341197
2897330167
4067825926
2647721325
7259177222
4319416813
4126253261
6171892649
3925388054
3199381975
7961879333
6410620721
6026723165
3343287452
2564343715
-1
8565996191
-1
-1
5435387864
3563230856
-1
-1
-1
-1
4918510946
-1
10568602177
5909061743
5272211197
4839922852
-1
55230559
7654786218
462269883
6031294978
5407203020
-1
5347678995
8316766030
-1
8351807040
3484111233
6913661781
9600850948
3254986867
3896131249
2818251132
11164
-1
4411113319
4268596692
3228591921
7071691858
6487713047
-1
1445605149
4317666472
8342835550
8989811140
3507707162
5179336174
2248464728
-1
5679324512
10350943985
6050309019
-1
11462352188
-1
6586910650
8413878096
7111833247
6499857289
12680309042
3321746449
-1
1351688937
3821279319
3987609238
5927717310
2787256087
-1
8535869026
5185227239
-1
11945516276
7285959154
7685528683
12471852077
8309753524
2941229617
6420458004
6106029829
4414018288
4361920664
-1
-1
4251332290
5785654757
2497360079
4573373925
-1
11322948372
5399979258
-1
-1
3347173911
3976565305
5393410377
10172178891
-1
9080033896
-1
3827627496
3493624916
5770950994
-1
5503704786
6972487615
2767966866
7966341624
-1
2549629300
7430122227
6584267633
7769515548
-1
4805352531
6125843433
-1
-1
3645691879
2952524878
-1
7161465040
4861808362
3537632402
-1
2357740488
6669905864
6672429488
-1
5398684542
-1
-1
-1
7770562772
-1
6973593284
5934179477
5018059122
4585093613
4423136946
5458626875
2882392186
5531551238
6143555918
5018588609
4292190499
5068336407
-1
4117215257
4767176929
11088854518
4671009079
8128915088
7793095378
9097111982
3305562429
7102196816
7962004280
4022346334
-1
-1
11492346932
4451112500
-1
6060508830
3337825591
-1
-1
5459437458
9964084709
6462411342
-1
7616493382
4131991262
-1
2776298499
-1
-1
-1
1541652154
2871318327
2829707009
4458144850
4124725178
4420819224
8114295550
-1
3306807951
-1
4107983576
-1
-1
6440034406
-1
2115881132
7841950070
10867014906
8422282771
5395760268
7749290362
-1
6843976429
10421862190
-1
-1
-1
8539160801
11034060916
2980617880
12369256048
-1
-1
6061583488
4928930963
-1
-1
-1
-1
4713369967
9394840279
12460259672
2500631772
4988241450
-1
-1
-1
9501942334
-1
7244170757
6532623112
5242691333
6723419638
5062894220
-1
4726478567
1765697468
4998466175
3014589087
-1
9829543160
-1
4369806880
-1
6504197992
-1
1970805618
-1
-1
6202222631
3841758728
6230051620
6743441139
5085107257
2132642162
6135851434
10845666784
11601854671
-1
8999974770
6476896843
-1
11528524963
12637173247
11608810974
5978768719
-1
9397560779
11009634544
3655590170
2455200376
3526955425
9253538218
9832230241
1725721406
5857702673
603986037
10290700850
6468301940
9672724292
-1
2025921647
6752896151
2244847154
4840398918
9489203428
-1
-1
3284418037
-1
7339982246
3064195022
-1
3138119359
4289452903
9829277592
-1
1124787182
5950043378
5291512054
1717810952
7108229562
10231050323
-1
4460378812
-1
4004658078
4875854768
-1
6689754617
7317079749
6967114747
-1
10510581054
-1
2240461943
1705435572
-1
2925376552
-1
13266048865
4366533549
6453630290
4348744626
-1
4506988494
6046475675
2645164522
5634168430
7600780868
5851016077
4050001264
6666065811
3187747110
6850236222
3747546694
1601672724
-1
5414102520
-1
-1
6177041230
-1
5748005946
7046304208
681800559
6565608993
2402745447
-1
-1
7870692005
5601369789
-1
-1
4984384613
4188706863
6542531057
8074267983
5180511774
8425910637
6263562134
-1
7238797694
9213351922
5799272966
9413565756
1719172295
-1
9235636555
3892939767
4411478814
-1
4400389483
10566548094
9750308362
-1
194302734
-1
-1
8228441526
9235912367
1237547535
-1
2751095803
9155034233
7005762341
4500175185
9351080916
4742293443
-1
7682605414
6153130251
2625746280
-1
-1
3095873888
1454109477
9235501076
-1
-1
2944556252
-1
3935488370
-1
-1
5414011650
-1
6821615664
-1
8051184117
8276789652
-1
4752687800
4274288228
-1
-1
-1
6826944855
-1
-1
-1
6867771610
-1
5822712882
12843632329
-1
5455838598
6337665795
3082714752
3078356003
8641119702
-1
6955260080
-1
2482624703
3716886816
2130587786
-1
-1
9499732888
6098460284
2198843374
7904382921
6082682704
9776957409
7168521935
2218789388
13193648255
-1
4689132268
11917481991
6818095502
7525363213
-1
921209643
-1
4403218877
3892701021
4072731839
-1
3387235915
-1
-1
6377476802
3335148858
3058951338
-1
7230793299
7295292143
5677044427
7012895432
4127421399
7122567573
-1
-1
7481723279
4562410715
-1
9158431510
7428115433
5371363675
4162626687
4249984242
3708306539
13893869015
-1
3388350734
-1
8621506507
8132107453
-1
6303258090
2941229617
7106364810
5487412233
5134054686
-1
5208896303
5142662976
-1
5605578032
7337401687
6654212585
7262331741
3180968
-1
9876212680
2996681123
4943377871
10277030343
6825381923
4429591973
-1
7735091872
10213360710
5138244338
-1
6728224242
6614676651
4215095990
4866834130
5776204122
4388498310
5912296227
-1
2922637920
6382721968
9333157543
-1
2904490425
7335845879
7409935270
-1
6405524245
7877808966
-1
-1
-1
9254428767
4443447802
-1
2445418644
9019872302
5793506518
-1
3349574351
-1
3291638790
3033085001
8988524915
4125483134
9940328261
-1
8579919313
10858168886
3716954851
5753294965
2935945186
-1
6976882560
3998422426
-1
5090466200
2637715239
-1
-1
-1
3833802181
3568355490
5774113563
4566486212
-1
-1
5660252180
6132327027
-1
7953301578
7066041198
8846093115
10523548027
5921351400
6559988791
4756116949
5053176265
6066480404
9794199161
-1
6352217975
3701837030
-1
-1
-1
10902191727
4609892931
3186152361
7980894204
-1
6106179523
-1
6253274986
12167893782
-1
9339784744
-1
4585554864
3569650968
10868010866
7238745365
2959489280
3238275180
-1
7528620695
3777018604
-1
9921978183
8060105546
5241584827
3647522410
4140772728
-1
5252633580
2130587786
8397916838
4368768933
4562863699
8935108163
5159619401
-1
2096199848
2938084430
3349744904
2637077819
5754983505
-1
1783589337
3495098346
-1
-1
7826818759
8367471
-1
9907679713
8055161970
5601683908
8795540906
2362584442
4389031329
-1
-1
8337643411
4351096022
5814853735
9604938561
7188966480
10104494828
5535148386
3557376017
7654305530
6399465996
14390658281
8321139176
3654077620
3810137781
8615879494
2750528948
-1
8324196099
-1
-1
5989524018
6069604098
3771915490
-1
4115203375
4482687685
-1
12724503555
9414545923
11627398487
-1
3553579875
9922615356
-1
-1
5191753706
10094968833
6150312540
9771503327
-1
4604004165
5917409281
-1
7442634210
6897648274
10729163109
4411737875
2795458744
3455348111
-1
-1
9071663261
2412631596
2927117909
-1
3366006325
-1
6367168618
-1
4467927518
17016892637
5198940642
9063512596
4927300202
5249851521
1816364230
-1
5709542861
2435810501
-1
6478723512
6556211047
5645333344
4163538688
-1
6771934117
5239410648
-1
4808715050
1484620278
-1
2628082990
3423270060
3875928382
6060744249
-1
7090326932
1485160230
3553015064
-1
7877965575
4324119059
7814011769
8010846711
6492801451
5647694278
2229581710
6451858975
7163208762
-1
1353494389
8167087439
-1
5164683404
-1
-1
19263717971
9415380172
-1
4468622500
5012297990
-1
-1
2041221301
11187558690
10930196673
6645356481
8965834013
6610915509
6577638002
7081400316
-1
2026664197
12015822572
7018676649
-1
-1
12972892387
1585293041
-1
4839580610
10758602019
1158457056
10082307304
2962577098
-1
10632595780
-1
2038463844
8739178252
-1
5946911007
6871210990
6041920094
1490194713
6190418143
7454417088
-1
-1
7511655856
-1
8701971385
517216165
7086377617
6654366139
3162486880
1383669885
7844189534
-1
8459447343
-1
-1
-1
5434326619
1451050042
12161310758
4188156887
4812117993
305964340
-1
5107455958
7672557134
-1
9482594055
5337272703
5081328103
4284589514
1242308211
-1
4575445688
7504534098
5628031737
-1
4162084115
10073075628
5692085905
4519659510
-1
7805720949
6565248537
-1
5274356670
2485743977
8039535335
-1
8514932596
-1
-1
1357886207
7325640884
10610156901
8043941338
3798648351
-1
-1
5405172618
-1
8678903334
-1
-1
5146669152
7441110492
2992153483
-1
4860974334
-1
5956524079
11347583934
6351289593
-1
-1
3943298718
3678362607
-1
1093828238
6992415954
-1
6422303959
3918784462
8670997097
7578402720
-1
3473714678
2064547855
3238315472
8869406803
-1
603736581
7414228184
1121144285
9951286248
4520660961
4283463060
12426996115
12238087557
7353435206
2789375380
7935836850
-1
-1
5107928626
9622016196
-1
-1
-1
3917827780
8016267706
5345625077
6618822679
-1
-1
3749469130
7181723030
14217734730
2891630233
-1
-1
8446554425
10573845065
-1
6361649534
9215357856
-1
-1
7603833089
4902963934
-1
12640080136
3909506111
5206557036
9206473934
-1
6412643319
5906530104
5389530944
-1
12384815266
10610249978
4118108268
5225146373
1641558096
10181073843
6440419965
5921021603
6596307570
8579878851
7644596061
3809000413
7108093234
8084925491
3233449623
4079285534
6653269447
-1
6115712893
4309520858
2972507224
2703095135
9644992824
7510345156
2476838365
10284837560
6394873499
-1
10541301810
4911686380
10427831168
1814398434
4985293109
4946367239
1704771701
-1
6396788716
5068903522
2031320475
2864677173
3465240626
-1
-1
6171062423
3904075150
5288910694
8076052051
4158833048
8091610353
6372069518
8364191745
572382897
-1
3964234439
8301987856
5752946659
7021915905
3711649009
-1
6273841919
5295300984
1765490833
-1
-1
4694263953
3569628745
7545526894
6740728462
7292246892
6382884210
2327312683
4276633057
-1
3974965272
3619891051
7430621511
-1
-1
6086229414
6088991566
5425708475
6465227968
-1
3749136217
-1
6512359171
4524060931
6534363823
11756451720
17
5481495756
9411284561
3817307926
4494146089
7259685154
4485562444
-1
6897248162
-1
-1
4318674369
-1
12618277576
-1
4822272724
3978314934
-1
9616745661
-1
5780672202
3923341116
5223561228
10206621907
-1
5620651068
5178797349
4431965842
2011614911
5903489502
4935850789
12603456355
1895703058
9189126968
9212348058
11038871062
-1
6897367112
1305646728
252805874
5519452559
7545262982
-1
4162627952
1819645594
7741468916
7847034082
8104871214
3261169400
4795417040
6753197872
10153570475
-1
6794426928
-1
-1
-1
-1
2935639048
6497765779
-1
4892178022
5884311206
6219194556
-1
2737320624
-1
7725219114
2394141053
3388624008
7797676447
10857865373
9679638990
1774023992
5177035607
4802187990
3756188312
4385878050
3214964147
3597834307
-1
5182951553
7232022133
5919378267
-1
2814067611
-1
4729988950
2390228280
-1
-1
6815281765
3254942758
3150422317
11355555926
5425328813
10917527117
3461560463
5631287545
2651489878
1256107575
-1
3001633887
9086301067
2971683073
13538796749
3857678452
8059187683
-1
5426751399
7672366286
1851920768
9201452524
7431010539
4325474542
10062037300
6967123122
-1
13533008288
3510721840
1626592693
-1
4733424084
7375382563
-1
-1
-1
5623681402
2276506762
2167483328
3967343774
4066555572
8729088221
3102142947
7922321038
12880460635
10757767485
-1
-1
10289232434
3574325395
7517449644
5535798517
7951068012
867005229
-1
2957711201
5967063892
-1
8900493909
6497601081
8967619406
-1
-1
-1
7356605722
-1
8627725057
-1
-1
4680406237
10743143503
4664873124
3332670610
3677652430
-1
-1
-1
-1
3188879481
6828210066
-1
-1
-1
3494771500
6600191400
9215112640
7325682303
-1
10116917889
2306465596
3633640165
2197941847
3604483858
-1
7208835319
14071940074
2241530988
-1
8892173596
4011382620
6397095490
6792783414
1873987739
4668788102
9832230365
1255766072
-1
3936399959
4894788313
-1
1523966775
3439078121
9717163862
3097326912
4420063355
-1
3935899273
-1
5630925319
2465459925
5493578498
5249202062
13609474686
11918431570
1884777925
3707725481
5178773314
5964843234
4167544473
2467140398
6725737467
-1
-1
7581325333
6721178692
-1
5251901142
-1
6754097961
-1
2303046195
8018427937
9377586277
-1
-1
-1
-1
4455489684
6334293404
9696430383
6289526762
6087756971
777910298
2622920513
7885110812
11403471857
-1
-1
7832605459
6588206826
-1
-1
1240458121
-1
6955036406
7156888914
3231143988
5672347274
-1
7558449881
4019196053
-1
-1
6074950845
6517984181
11516506216
7698917505
-1
3770272339
-1
6296200743
5625072688
-1
6789140229
11560839674
8972338054
-1
-1
6746660966
2862119625
7141211316
6165443108
16219045287
8113815442
-1
-1
-1
-1
9699597030
1310934543
6917510599
-1
-1
4768886011
-1
4138758932
13063410606
4165555751
-1
2883288375
9650056833
6998211644
5693486220
7858547019
6749513589
3893112913
13618819908
6847019799
9058047963
-1
-1
13943530265
-1
1807427356
7579839487
3601315616
3691899026
9509875864
11440691630
3174816168
-1
1906703289
-1
-1
3180718976
-1
-1
-1
6727332577
3167901638
-1
-1
5660210250
-1
8516191778
7705299769
8385763378
5233742777
6957498355
-1
-1
-1
6716558839
5635830480
6604410571
8100596867
-1
3027624909
-1
2583707997
5329414418
-1
13126013165
6944939558
7119842696
6812787352
4942752251
-1
8753966951
-1
-1
3574185699
2431853935
3756351806
8600191537
14075733384
-1
7402815075
-1
-1
9654305077
6312291321
-1
9093246141
1804179071
5788137043
6365426445
8885998720
-1
-1
3720871286
4861806792
8071833363
8250148196
3652459119
3215762418
5423408046
-1
-1
4927513960
2619148959
1811656184
4233980511
6951517346
-1
9730117209
-1
2498065901
-1
8808396066
2350149688
13336859335
-1
2760168644
2662150746
-1
-1
6136566726
6900835188
-1
7777177880
-1
4316714148
5042038809
2881116234
4241377782
6366197086
10929383014
6988517964
7248566768
9019486175
2411162558
3183492878
-1
-1
8191574729
10294752242
-1
3989381990
723200024
11773955549
-1
-1
2488756686
5193392961
-1
-1
7489829154
4845928489
4862153172
9142944901
8204929755
1783109823
-1
2325035145
-1
15354175816
-1
-1
4429054619
6336947825
2216074009
1888294283
5560610625
7390503118
7956249054
1244501444
-1
11337513619
4377204256
4256749671
4469622421
9900518708
7009247659
6192674448
2143915356
9370439806
4213785738
-1
8004451135
2078632937
1871319220
9477706353
-1
7895697189
4451364008
-1
4937928243
4904841784
-1
-1
3652459290
-1
-1
6125794534
5454324427
2696876744
9550254375
-1
-1
4134752629
2451721040
9110521358
-1
2694278969
5365367944
7467546079
-1
5718504840
4515726260
-1
-1
-1
9581195706
6848546876
3737564260
-1
-1
6587206711
6475210073
4341027762
6904180223
2436549603
-1
4008831725
5912382963
3682712148
7630295169
9753397201
3291762052
-1
4011802076
-1
5538613480
9030699832
2009639451
-1
4678884506
-1
9412562577
-1
4880897758
3593149202
5274173246
7044942443
-1
5051355071
4000008997
5023760546
-1
3077087375
11244394133
6570309684
-1
9353754533
6092583673
7262832503
-1
7560609769
13147875392
611479938
12568680468
7170255677
9840616888
-1
3502756044
-1
5103365239
9996256823
4776655682
2482633094
-1
12822405228
6705868750
5453011322
1823171362
-1
6584885438
7277480284
-1
8593633958
2940069654
2385508268
-1
-1
10280560329
-1
2636795215
5021400326
6944688243
9425561622
4561086057
6663775391
10095788279
6590503773
5971793167
5346743389
-1
-1
8280872446
3320615099
-1
5507519177
-1
11028743881
-1
-1
1283334863
-1
2605801447
5407953923
-1
4401681760
6036042452
5243554722
8186118448
11297688586
8000970398
5303521223
2047639080
5142912447
5411817149
3449053071
10539693296
5505559857
5393097712
8641683026
8716214032
-1
4023458816
5957396470
6721809040
4301049949
3501592946
-1
3831749
-1
-1
-1
4395236249
8024038412
4612877887
2334915495
2915042225
9217335920
6117503049
7079272218
-1
8531213342
4569031908
5043872794
-1
8768950246
4439092158
-1
5348130315
3487660014
-1
-1
7649910185
2604536854
7482877775
-1
5860672689
10081263847
-1
5015950662
4742671297
6066141210
-1
3155458331
-1
-1
-1
5246587453
6039994800
-1
3839057063
9996494468
4982097555
4304419550
6818479451
6005302593
3734990181
6107322043
5421031300
354798327
8322817259
-1
209311616
1847985190
8392029337
-1
8010874196
12482653877
-1
-1
7099763912
-1
2755731857
8317291939
3326789439
1802094535
-1
14356977648
5048672860
2544172257
11230475208
1556008744
7022073171
8577041268
-1
8946024140
-1
1958855572
6876836942
-1
-1
4569488423
10767775552
5637252068
-1
6336298005
2899659058
1847529372
-1
7821550502
8227624771
7858228910
2592018672
-1
6596081759
254313643
-1
3194188658
7847174711
8475709800
5185355103
-1
10130128690
8990976558
8836003341
-1
2953996881
3651190478
1739766629
-1
472050307
4749471696
6237211891
2939383732
2618695990
3690393018
4049297071
3960927266
2806260019
-1
1924398819
2915292764
7572268951
-1
11253665667
7360505096
10212350552
7282431201
3826339644
2611729951
7143830510
11217226627
6933915906
2898939249
-1
9421023898
6516476832
2994695778
-1
4399751922
12665524765
2252203901
7221488368
3378309727
6272644439
-1
-1
-1
6042154259
-1
2855573162
3285953171
8635867734
5429454954
7607633827
8531831630
6956265545
6889785327
-1
2510760046
5897716910
-1
7739231413
-1
-1
4601763755
4426960117
8356115595
4764521127
4827048594
4769685441
8474066854
5375852243
10928582310
9846741144
-1
-1
9923959640
4102360227
3181704241
-1
-1
8616386581
3747445025
6909054417
-1
4672670224
3456158887
-1
3456343815
5705793453
6935336029
3722213378
-1
-1
10262534332
4260753119
2366600399
4376793021
-1
3495600931
3044806412
1312533488
2791239901
4695516175
9864651408
1398464463
3959502048
4621760783
-1
9362541294
4015221854
-1
-1
4191227718
4861977220
9518694329
6397240802
403638639
6718109514
2031637637
5363159725
7321298808
-1
-1
9642710876
9737017086
4025216884
3461721609
7732702722
4708955503
6444026255
3438831309
6543391601
3059030818
8026521271
4075151729
-1
9604885017
-1
8072623374
5179794430
2273434021
11420639746
2263968627
-1
2569174890
-1
6954096451
6568545710
-1
5888815243
8134548837
1771115894
-1
-1
4247713362
-1
4908508568
-1
2655340835
5410764717
10355963702
6548271832
-1
6135542918
1774023835
5323220310
4747072857
4281313962
-1
-1
5058036995
11794472166
12363486042
-1
14688750563
11552627413
-1
4084344483
5188431640
6152291214
4129908551
-1
-1
10673321621
6683548111
5713503932
-1
2487429820
2185228602
6640711967
-1
16574505836
-1
6127
6444459434
6392702911
7375586521
2159727016
12475910435
3109338536
-1
-1
-1
-1
-1
-1
-1
-1
7312764218
11710655721
6647296084
4747408600
10095030249
-1
2733215506
4505143597
-1
1384678581
1394836140
381952831
7512234434
4359559393
-1
3405560748
7455436608
-1
5122079796
-1
-1
-1
3997398229
3373450956
-1
6158114550
9535809548
2339980361
4044936395
-1
4888173633
7073911908
8125581765
8291241719
-1
4181017293
-1
5458679219
10825241870
12029954500
6985495971
10048877059
3450106489
11382727333
6256647157
-1
5284667589
-1
-1
4076253415
-1
3182545024
2472240506
11561728213
7050192856
9823500304
3619990167
10569399800
9510892897
-1
4132047262
6337877660
-1
-1
-1
8184250909
8011783626
-1
5341510050
-1
7516213041
2169456751
5559436850
-1
8698658793
3561773714
2625632366
-1
7187626635
6089112967
8515475605
4462002275
5400014951
6662787365
5148616999
2457934128
4825216762
9208700870
-1
-1
6497386169
4902934368
10340975085
-1
-1
8298284088
9530537491
7626395126
3497443508
-1
5315915005
4695077287
4417714758
1418493752
-1
3976969027
-1
-1
1623674013
-1
3058359148
3227584097
1883670258
6936852593
2575137575
-1
-1
4721452014
10801575264
4272546771
4304999646
5694414655
6517878627
10124347553
-1
9224152098
4577571250
-1
4369493534
5648308820
4156428599
3142473275
6481567863
8620447227
5460474742
3858813792
2256624330
-1
6066048326
7031493426
2232464523
3365685903
6576912824
-1
-1
3820829741
-1
6315307623
-1
14268254125
9046250797
6684127629
5970594753
5393836086
9117460350
-1
13918200850
4232757311
-1
5140554969
3008439470
2060480163
-1
-1
6707534554
2965221405
-1
4874615375
3833763069
8839840245
2694420846
7698410718
-1
-1
6291182690
3809447415
-1
9042940681
10750453491
15936764042
-1
10272266879
4748410604
5555598146
-1
5165748624
7558443021
3489100940
5707670712
11814070594
2507116734
1237018878
9137769741
4380231859
6022780051
-1
16328882195
6975305167
5939158235
5770827526
-1
-1
-1
-1
8420188628
6779951748
-1
1505
8148976627
-1
5196884365
-1
2500726136
-1
7526020009
-1
8145290810
7465941327
-1
-1
-1
5709818653
-1
2703783289
5661134321
-1
4978273523
3955778500
4101247150
8118947764
-1
5821126948
7648111754
3775082651
4430091197
5469792281
2503543795
7380904228
6607097258
3037214639
5365169511
4764338314
-1
2810275067
2752857946
-1
-1
-1
-1
3645687737
5505023477
3160732057
-1
7016633175
6333056004
-1
4591582536
10447384918
7058148142
-1
5085353523
5613428153
5544312278
-1
5090602617
-1
7987577624
2036913834
6028814487
-1
-1
3505476130
7903429406
7274504716
-1
-1
8751936166
10504690045
-1
4965671215
-1
-1
-1
6611740219
3894454751
2326832287
11012708443
-1
-1
-1
-1
3047241299
6135303271
4462967499
11806513189
3807688660
-1
-1
-1
9106723592
3095327858
3578908715
5627763253
1748900553
2873861366
-1
-1
-1
3650651547
7462975585
11044148391
8015949682
-1
4431225025
-1
3870494173
9885031773
-1
-1
-1
-1
2977671455
5082911866
3776572853
6882656749
7142774884
-1
-1
-1
1044443213
10266073170
-1
8032983692
6860812049
6194439037
3723935170
1368315563
6679722522
9498055154
-1
8790423595
4509160191
4958966828
8682757766
13270251100
2188266249
6505813515
11935691056
6997198228
12101609244
11092384032
-1
3863118639
5926888938
5425876400
-1
3216648754
-1
-1
4448515513
6565947726
6049762653
-1
-1
5526482380
6513929580
-1
11420037799
5618569922
5902566007
7598805262
9630960839
3918114714
4244291998
-1
8203323085
10513014969
-1
-1
3968122017
10550445261
6567287255
4586791983
6726230997
3276395670
5974413669
8399999584
3627807857
-1
6936696243
9115461555
-1
10209198534
2128862054
4224326256
4164462885
11574234828
2542692367
5809933693
-1
2918089967
3546471268
7156085820
-1
7536312375
2342032254
3982444097
5667588062
-1
6283859162
9046517724
5490488910
-1
7490001596
5770414962
-1
12367035341
9915465565
12326742777
10845780701
10894777757
4802757814
1249492178
7379544632
9469119678
-1
-1
6636179445
5075923589
5094300660
3132625738
10893414840
10721078665
4464782318
4650356859
-1
6976278501
3558297431
5815356438
2799888033
6741660779
5103773009
3885474755
4150312876
7975457125
-1
5843131632
2826096721
5749163409
-1
4990081046
10148681281
3345531718
13546627643
8335080621
-1
4190777467
7259112349
-1
-1
-1
6132794284
6296898087
4449207493
-1
8023341968
6888160707
2674261747
2960148936
4376278404
10964249532
2612254210
6465390483
7115805488
6969907267
3009413364
5796132000
5846696521
7844623765
5373537928
3080375725
6878257256
5677227754
3189893674
4939225415
9303069748
-1
4782181885
2941844187
1600060735
-1
7305999302
-1
3865331617
-1
2378690925
7177479391
9466504569
5336676228
9938111079
5831996639
-1
3537646880
6085950251
-1
-1
-1
1121364835
9761759101
-1
3564976608
3879899915
5341293029
10133896034
3618313493
5048702437
2903974645
10067560592
5844220652
5493352897
-1
3155972105
6692416802
6445432211
10145124556
-1
-1
7343847016
-1
9100274842
-1
5689956954
4983598772
8332640667
6090666079
5387480115
4753013052
8471491579
7788046786
6884556653
1979478716
-1
-1
4606490783
-1
4432748460
2170952469
-1
5746809392
5881578878
9329257316
5071212732
8739322812
2939425924
5178987457
3833022142
2687425029
43527657
5675178710
2045190030
4249939618
4112082821
11249818299
-1
6689655463
4836360501
-1
5982390688
2558767607
-1
3735168861
-1
8290333499
12253872476
-1
-1
7253780468
-1
6786455254
4470795976
7867098092
5020078981
5228711675
11726776734
-1
3029688139
3577156934
6231144346
1568628146
-1
-1
2978367248
9543910051
5276919917
5303886115
2865508782
4202617322
6662170504
5810415335
5579222228
10969260642
3480875000
13537957307
3581206072
5277986746
2981571049
11352592928
2128378238
-1
583862769
-1
1341456944
4397486689
6325529368
4529343559
7021353197
4195269363
3298335890
7230392927
3695654242
-1
4022791392
7307818679
-1
5623669056
-1
7170575180
14222874975
8984092059
-1
6071605240
1500341567
6797454334
10899628935
8820445636
-1
5769740977
-1
5318691812
5105582418
5053041522
2811469327
-1
3825577885
6895441566
-1
9498621921
-1
-1
4358433030
-1
-1
6977809723
3061435088
-1
3938452551
1445809548
6329176714
7600950398
10326642450
4762024687
7306791834
3765320131
6815017218
14531140897
7495886647
7200385420
-1
1149778638
-1
8458254006
4760832503
58071864
1483115729
8059070431
5866464617
5005662131
7010105791
5241922110
-1
10193421080
10004137485
5515133469
6936549551
-1
5069616583
2937474565
-1
9823638482
-1
9469231522
4284188949
-1
-1
3993658228
-1
3929644758
10241773136
2431471377
4028546975
9435032915
4406119895
-1
1253052171
3822417741
12291319297
3582997914
2524164249
3090153389
-1
2994355854
4688586871
-1
5683938530
-1
7237362552
8534078584
5983740554
-1
3246465305
3149754370
4195200462
114928045
-1
9302016368
-1
7616011688
3771265338
2857444070
-1
5073242621
7684780066
6444696674
1345023668
-1
3682628473
4852743752
5461923104
-1
6514749777
5314648927
3726498602
7750428283
7773645577
-1
8593386359
5080264303
6609424350
3543332923
-1
6761419165
4457709906
2465824584
4958861947
-1
9313623627
6148999897
3299619874
-1
-1
1226759422
-1
-1
-1
2329921944
5337336730
-1
3533523401
-1
3642783734
8835012364
2976878944
2710555659
6494553411
2524423407
-1
2127446161
-1
4583473506
1233197798
6743701117
6056446651
2098214801
-1
1238876767
3281602341
2284675159
-1
-1
9465098077
4340126360
4665175070
3330747910
3899135264
1400144080
652491814
-1
9190916979
4656122946
-1
3329825831
-1
4187408830
8784605994
5291786735
-1
-1
4231321058
7798099124
4641825735
4226916861
7643544148
-1
3589089522
-1
-1
5224588815
-1
3820534980
3251949482
6830230879
-1
-1
6225814456
6668643489
4913055287
6786481680
-1
-1
-1
11040499330
1502943628
8915581525
-1
735256584
4452517166
-1
-1
-1
6202235170
2828657928
3803096867
-1
5123500061
5408408877
1238132742
5677078160
2475374320
7709696634
2159727024
5780453110
2741022978
6530174767
5575982700
6338794512
-1
-1
4690333149
-1
10702445755
8226017677
1033656648
3927181339
1636991430
-1
7007295610
5921657865
-1
8841140831
3514185295
-1
6192128534
-1
5744784113
3005077520
-1
3501790779
-1
8284461165
-1
-1
5141328729
2494808794
9466760483
2997413123
6679258422
12588423378
10887046289
6548366492
-1
4143047108
7507630687
-1
6182676086
8906746641
5186010133
1206513064
7417976248
-1
6953276595
5497380757
-1
-1
5012622020
-1
-1
-1
-1
-1
6403349421
5872858302
3744092422
-1
4207501835
7031153809
-1
1857660350
6219956267
-1
9568433228
1878237880
6518092287
6132327027
1819741906
-1
5091183620
9439232097
9518412636
2973259033
5744597693
4221422758
-1
11110100951
2601185601
2930716680
6072344173
10228643854
-1
6795814023
5816162823
8482501181
7662512931
10748716511
-1
4829457548
644556038
5163195592
9256277740
-1
3196512130
-1
4837784606
2084905551
-1
3334973668
-1
-1
-1
-1
3873339827
4259469049
4510308587
6888496764
8704802436
-1
5146939619
-1
11139048858
3184024663
4201240209
-1
1627924878
4204451604
-1
-1
9090990513
-1
10650030456
8173481877
5877704305
4546460810
-1
-1
4293434824
3938107198
-1
5337240640
-1
-1
7166145941
2472892448
4619141200
2713023244
4923378718
5008553395
2984327570
1888672079
2574594919
-1
7686718938
4075278388
12376552750
2784757798
3187129758
10152239138
3059179721
2872458904
-1
7524831812
-1
5114179416
1687822314
7765369379
-1
5605275059
2149033275
16299417317
-1
4198712509
9110529426
7785979339
-1
4944838644
10250956668
7879945667
13757855657
12882910098
5238096358
5287572700
8775525813
4145525105
7064171226
10892792397
7257807823
-1
5424155010
3267504550
-1
5490461830
3883134990
203980644
-1
-1
-1
7156603833
6581405407
6105884342
2717830611
9601490665
4015785495
5570276454
6182289148
-1
-1
10348489361
-1
5363640606
6263100287
7074858460
5474482129
12409751041
4097860381
7392559839
8100736434
10782218616
-1
8062816063
1810748559
1763755260
1762184782
3891497050
4189568341
6785598609
-1
5907146133
6982014855
-1
7491371565
8007263749
6726781705
-1
-1
9637469108
7848232822
4835215645
6321951397
-1
-1
-1
5015031849
5802483139
6032938753
3574361259
7852776032
-1
2740452511
7855359129
1855364306
8764635810
1725703025
9172062949
-1
14342825361
-1
4324536060
2639577660
3710310473
-1
-1
3891351706
-1
9774992886
-1
7280340715
-1
6853558266
11981352891
-1
6125593235
4163954471
-1
12356625073
2115955984
5860615705
4952600148
13853765933
7089729584
1614626057
7831460953
3788756181
-1
-1
6075099441
4416100931
-1
3160454291
1087346352
2760632100
6015877171
-1
7117595769
8093470394
2244826086
-1
10008371489
6807816822
7345292620
-1
7507179023
9272140377
6556298722
6963520492
-1
5737232036
-1
-1
-1
4838474216
8919451784
3992303630
6333605115
5833197861
-1
3616312783
-1
5679521011
-1
3942797771
7800773424
5552968886
6801408007
2406732694
-1
2816931742
12211227729
9373140872
8983302212
6948918014
7571402553
3935064400
5715733374
-1
8151965457
11507341024
4449315802
4283820383
2078599491
-1
2696570947
-1
3698055708
-1
5969032573
7931211116
5708106365
-1
5721853466
-1
6738479960
-1
5810747818
4171271727
-1
3243460528
7137417731
9942094043
10147703660
5736166773
3655395162
2677422335
7034153819
-1
-1
-1
6239358072
5425668257
-1
10176760378
2161485549
5540346402
4322220935
-1
4669420584
5562843265
4197685851
5336050696
-1
8899406502
5625741880
7389327719
7265964293
-1
5368142905
1686225438
9679348090
2655198159
-1
8580817489
11305262600
11300921664
7068780420
3455707269
4523029757
6593214841
5796995191
7080441120
4349106368
10545075523
5109101460
10485478207
-1
-1
2843156107
-1
3105878602
3859219944
5257886712
-1
2284988569
3419061322
2938086774
13759308542
-1
3462968780
3695855618
7375586521
6884060829
10799439229
7742308994
7546714138
-1
5578504726
-1
-1
5856184313
-1
12655515048
4362842561
-1
9996494468
-1
12257977273
7225928668
3611894648
5258344681
-1
8206645623
7399944112
-1
-1
5332209574
5966266543
11692424389
-1
3393753128
9933321414
9415007593
-1
8482068146
7524522562
7302868889
-1
6333046974
7619968721
10878061585
7050865555
-1
5748226855
5609801600
11872812728
5527397672
6275055410
9477145549
8108287575
3344352679
3506101359
5470180272
2327850545
11308151958
9235636555
-1
-1
4627550503
8888058132
-1
-1
-1
6619511135
8453043250
6396430162
10149475402
-1
13940218558
3640981832
3595717323
-1
12619697485
-1
5178959613
6450051552
3746582533
5866271735
-1
-1
3256489167
1773225447
6200502181
-1
3065831614
7340167781
7512696098
6697209466
4527646053
7671683744
2525430893
6107558138
3430813376
4957268557
5331527031
5060366299
-1
5954973997
4590454552
-1
5185264350
-1
1692166349
-1
-1
-1
3508811732
-1
5336584319
10103522710
7105461809
2403137480
4893461929
7787091613
3960277592
-1
1197745006
-1
5865039455
5376652102
6350965764
4221802906
4929193063
5150010023
-1
4047203370
2159782272
8146581082
3245017284
6208040379
7833265572
2556849236
8205964440
3306895276
-1
4914291942
-1
2714037060
3129985313
-1
9568975029
-1
7382516630
2999630319
-1
8588290096
5657551594
9666143116
-1
2461097175
15719444345
7685997562
5742895345
11662104683
1163811302
9032474684
6094015145
-1
-1
4344087673
5053014076
5991889614
-1
7469856678
-1
6528242779
7822231653
5510935395
5328458834
-1
-1
-1
11535331132
-1
-1
5783616276
-1
4208059887
5564236794
11017790041
-1
11125153315
6158232174
8112196185
-1
1323773446
5790128130
-1
4165266502
1250526808
-1
320258821
3616472781
5951792616
3012591215
-1
4668669657
191003448
6857042960
-1
5293188068
6225181054
-1
7107031813
4740937839
4015797436
6913896884
10515613560
8241704873
9054172403
3644791865
3487617658
2944139117
6533600125
4200992880
3659709378
4113607269
7188641010
3681349891
2698852884
9326782475
-1
-1
4898216967
5144386216
-1
6923310568
5821560151
1998823241
8251449501
-1
7802127816
6956826101
3849060333
-1
-1
2909059302
6796607524
7242725888
6776794616
4394534030
-1
-1
12854171171
-1
-1
6202351473
-1
16981686791
5949042181
5824716191
6430973636
2974136045
4293642158
5744960644
7279848171
-1
-1
7078992193
8085562763
-1
8178375399
4308534795
5082023639
3068470839
3889549292
4422543330
-1
5197935367
-1
8128627738
-1
6479537654
-1
5482681
5181444872
1671026448
3774626591
6067653897
6364759661
1485753090
11637429418
4378828293
10945543229
3590393525
8298609232
2561115194
6416352582
-1
5416392435
10472648689
3430800146
-1
3039913262
6689731573
4985702395
-1
7734412097
4629204966
-1
9328066598
9143443454
3204109882
5876549164
7056602224
-1
2767776213
-1
3234380579
12182944349
6704653038
8905215640
-1
10165755195
4792340059
-1
-1
-1
8304260187
11669825852
3604554087
-1
4341979667
4058155961
-1
-1
-1
-1
10807630812
-1
2720042009
9304660680
-1
-1
-1
8068522031
-1
3687164653
3073425
-1
-1
-1
6921492034
6048479726
5264107394
2605783338
-1
4857234967
5838647688
5621209348
-1
8726936753
2973118244
5340421283
3787077021
10080501016
1301308131
4546037306
6380144848
3426960148
5341216137
2900801443
6867040680
-1
-1
9042222455
-1
4583774451
-1
-1
6101896725
6909554293
5741581735
1306682308
7316892319
-1
7929873079
-1
-1
6745261485
7989
-1
8002454810
2448510954
8183736807
5345122710
-1
7880789764
1041912085
8749611688
3555730644
-1
-1
5663941443
1709873027
11192581739
5609779244
8868982870
-1
5513101364
7096226382
5666920311
10558361078
-1
-1
-1
6180799753
-1
10188458338
-1
2512730713
-1
5571621258
13525305187
4862380383
6189620361
4274828432
-1
-1
3653020410
-1
4523088338
4715758938
2065037548
-1
6131514864
3414801402
5784588270
-1
7588832736
6766805608
6649006225
-1
8207209503
6358825636
1238679786
3323451414
6306038665
-1
-1
-1
4011686697
8337643411
13946186576
2335022542
6438439670
10495954305
1153182240
4617849514
5517666397
3277853260
-1
-1
2730356023
-1
-1
-1
4361064119
9110963878
1485934295
-1
-1
9024166584
8292248677
-1
3000116261
9686269924
1978988482
-1
-1
-1
6570309069
4903373285
4765890518
6949298184
4624962109
5562864605
2031494732
2953228345
3637711754
-1
-1
6697248959
3771265338
9077079033
6879099434
4242616605
6240237123
2488890432
-1
3607434533
10709332584
-1
-1
7451609227
-1
11465597774
3435832374
8722588372
1906072087
4675110618
6082827623
-1
-1
8216424176
-1
7543044420
361101787
6524152605
-1
10382847301
5538241656
4321077009
-1
-1
694067810
6558298797
5060332252
8333141380
-1
-1
-1
9367484056
7633382344
7975996943
-1
-1
-1
2672208539
5394545784
4108944171
5057751343
6888472246
2604534110
9135146409
7329498687
5977119899
4951484655
5853784305
-1
-1
4275104919
4614208831
7662453080
8259220445
-1
6007239730
2579635085
3703419319
6409128930
-1
-1
253740904
5326403459
-1
-1
8081238777
9110754488
3825323559
4441487337
5700155244
1360481095
-1
7527069509
-1
6311033615
-1
-1
2866129792
-1
-1
9221419598
8171810663
9674663087
10146878148
-1
-1
2772385199
7352528266
-1
3998168638
-1
4376258710
4068581571
3813689868
6782360643
-1
14544065178
2917060630
-1
1881859922
4103981714
-1
-1
-1
9212012797
-1
7630420653
-1
9380346439
-1
7367217451
-1
4443661880
6487231932
-1
9743472824
-1
7083301713
-1
3487465313
4064668396
6283782321
-1
11088568094
5392919976
6509529811
8235905452
-1
8769557143
5970026991
-1
7375452470
3095780861
6532521755
-1
6231208789
-1
-1
-1
4977792480
8024955790
9075772636
2766853449
-1
3617258263
1955310992
9724384036
-1
5843513727
6118382828
-1
-1
10551051498
-1
2702890064
7126028964
7314236132
6013200101
10194105099
4184501747
-1
4284322165
8066011781
9315591640
-1
9972230024
11096926291
-1
1566568666
8281412632
5959250046
15853696437
12935252550
6562751402
-1
-1
3620115536
-1
8088665533
-1
6113773061
2076482503
-1
-1
-1
9603621397
6790205488
2573557546
10617805265
-1
3427527172
-1
5850127182
-1
-1
5688462771
6309977992
-1
5866278561
5788182221
-1
7893086039
1394199394
-1
4398113961
9644525930
1303761273
-1
4400088212
12898634221
1259973692
-1
-1
5398003224
5095989040
2697354888
3676981002
9016300069
3455617638
5177431544
-1
5306244908
6917021650
5761156188
6596105142
-1
-1
6678834513
2758827687
2633931308
-1
3940943728
4186201081
4507832420
-1
-1
3774880810
7611467186
-1
8135836839
12341161156
6408906508
5115936311
-1
7645193716
8875581317
3234337701
6787204737
6431863463
-1
2985076306
3860567826
2960254383
3536540985
-1
7667840854
2182005221
6369829233
2839249017
-1
5747895513
-1
2824736767
7224890627
7536692191
6353004458
7059745453
-1
-1
7360826446
5318866369
3491457163
4150469587
5299999306
5548340496
5187169750
1931386976
-1
10628542898
9761759101
3125428373
-1
-1
-1
-1
8509234848
-1
6293304503
6934097323
-1
4806575848
6594208776
-1
11131361264
5920261962
-1
4044785738
8155073934
3258951787
7923165929
-1
3376994501
7410931413
-1
-1
-1
6554288426
6234018963
5253762083
-1
6697631069
6250141206
6927995720
6773628839
5488518063
-1
-1
-1
-1
3950815537
3233879445
6320215497
-1
-1
-1
2836200135
2626042631
3772848015
4345355469
-1
7997295008
8149576070
3691884935
6302126435
6859912167
10057896714
4219231518
5031516394
2020757494
3985765986
7252827327
9691323456
-1
-1
8591043232
12894939793
6641243083
-1
8266906020
8875183884
-1
8458461195
5566764944
5982477119
6969633228
2888830969
-1
7617297401
8020502332
1571866354
-1
-1
2808395886
-1
6070483763
-1
2825848061
5796161587
5742061787
5065338808
-1
7507480028
3041829952
5310687920
3621241572
12491397146
-1
-1
7796591885
-1
5071460975
-1
-1
7169185762
8490995182
-1
3466020345
3504089543
6402508873
4589561173
-1
6561056425
3987314182
2046173719
-1
-1
6733209745
8213401603
2612972355
5919360061
3265477032
6563381734
2734659885
4033648533
4298181003
-1
6016243868
3986910414
3025374583
-1
10245915966
-1
5512784436
6005320392
3938504234
8040903196
8746619262
11536135725
4066419263
1674176057
-1
-1
5602014106
-1
4101785042
9200048626
-1
10028736315
2711411270
4437909923
8928648202
5138538197
-1
7275901402
4477568831
-1
6556894652
8461788945
5721318474
9070466997
8715812226
10275306102
3577996960
3103788493
7116361109
-1
-1
7819317041
4516394807
8989965705
-1
1080573525
4444065584
3055777061
6933975364
4629546440
7081941227
3814853956
9452972731
-1
5945478446
3608882785
-1
5224717701
-1
-1
240755918
1942528420
566208069
-1
6098936838
4885596408
9566610101
-1
3140507536
-1
6275199775
6267317294
6425381211
4108822171
9420405833
-1
-1
-1
2533844582
-1
4232902660
4476534018
5891687362
-1
11619741838
5155104712
3574681235
12433482684
4076480798
6640369779
-1
4665566688
-1
7740160394
9987462582
4353531957
-1
6589934294
5734258262
-1
-1
7114511168
5372309885
4944681479
-1
4560074827
-1
9744938921
-1
-1
6973825775
2892190999
-1
9651130962
-1
8153935031
-1
5958302862
11036253234
-1
6404320116
10948186381
5182604496
4232755552
6199037554
-1
7473765137
2378482775
8170297007
-1
4173375371
12857006243
4504267393
-1
6522324591
6240562065
-1
-1
7565092463
8854220767
-1
5677218491
4554869478
8233719679
-1
-1
3037751798
7307977226
8677976686
7875194537
4046291371
3785103137
-1
7244682923
6186082626
3048801402
3285355467
-1
6873376283
6898603991
4883217401
-1
-1
2232066347
6054368437
8020609654
11648032588
3063805378
5293246470
8086473951
5451325882
7503267077
5210586656
7742880609
6389201305
5729873961
2198843372
-1
1673167888
7039163650
6135112704
5104275460
8584420438
12722049451
3117770805
9201899856
-1
5854092084
3477698417
7640827489
8307784382
6553243409
3066012720
-1
7479658420
2373613398
8818759666
7213368282
6422723178
3586562081
4587976058
-1
7885252010
8129033582
-1
5194236949
3348588619
10980298538
-1
-1
-1
6338183329
-1
-1
7657708802
8637357089
9008164132
2469966265
2219930795
3158093313
5239775564
4626994605
1390472781
1767713149
-1
6848882824
4539212500
11388859138
-1
4323302930
12587306632
7903442019
9304226717
4290233009
6063089837
4284322452
4321425344
-1
9127980480
9015244674
1935692404
8570731595
5795651445
5540781070
2749804507
10009833375
13675072050
12335772936
11748856594
-1
10950313579
-1
-1
7073608696
9204469693
5961819331
-1
7746632934
-1
11886528747
-1
7745790633
10631424678
10167816790
8658618864
8607785520
4680758817
10233230537
-1
4790515823
989621305
-1
6747979703
3773594769
5755706284
3854812684
-1
5604342002
8908784938
4697019943
3500566385
6565816529
8451032985
14741427791
-1
-1
2824446958
-1
2625845263
1382719843
-1
1998089876
6918169558
7709877757
5854365624
3823263039
2662075480
3293835127
9409301601
-1
4640067494
5880139331
6480940675
2901653005
3652993318
-1
3123371139
1803987683
9825955117
4710949887
2891628871
8153578968
5600706378
4893829406
3309152942
-1
8634213354
2356541972
-1
-1
-1
7671761913
5748905231
5105421203
3841146453
-1
6795061317
4941941107
6907484736
7998830634
1002214033
-1
-1
-1
7811917361
6877022809
7007421097
6412452770
-1
2362966635
8582867477
-1
-1
7295200292
-1
3783715572
6704606518
5515480908
-1
4920105193
-1
-1
13803539215
-1
2594694193
10902439414
2775666595
-1
-1
4940711307
-1
2295542684
11665249920
1822914949
11968039238
-1
4706129524
-1
-1
7481472186
-1
-1
3312855382
2684644542
3190571533
-1
6588174290
-1
12560816203
8128343238
2820882525
8904688430
-1
5562719665
11014187782
3949724647
6923102123
-1
8013670579
5056694202
7734708886
5453875311
-1
9651707996
-1
6793576086
-1
10149165404
-1
3301238689
2730503204
-1
3829146719
-1
7909635922
9356564664
-1
4592242231
1452098319
5350555072
-1
7822288001
5617885973
-1
6047760072
5198536303
3182364557
-1
2870084225
5242081452
-1
4899167713
7900426413
-1
5512534764
-1
-1
9044669303
6149343555
4201974735
11649846422
5118676173
7563211520
6893968213
-1
-1
2948451505
2828173461
-1
6081222110
-1
5491870596
4031105234
-1
9341944183
5054175498
3919833163
9251490497
7344736915
10518493636
7045638678
9710500519
-1
-1
6341144503
6608557647
7356042701
-1
5225965383
-1
-1
3490019163
-1
7592391296
1762881670
5630978167
3573812109
-1
-1
11560517080
5103704249
-1
3093454
4566626689
-1
-1
-1
7169445580
7362663266
4872369224
4070241674
4887805239
10348872008
3403171041
-1
2783018073
5311664014
-1
6297287457
7067399043
-1
-1
-1
7088386796
6487620482
-1
1622186205
11373893638
4362173561
6323850372
5478042802
8952593972
3811788132
5608881810
6468839323
7401957101
5878850005
-1
8428849660
5909530726
12019600667
5595199038
-1
7433771606
7641231044
4762359319
3646706441
5706602400
-1
4366041709
8077345037
5638566886
4010881034
4264913203
-1
11300501018
-1
6901352068
2381613378
5383546385
-1
-1
6893469927
2838715618
3215402649
8277839315
6005062868
-1
7786679845
6879842638
-1
-1
3177502270
-1
3463515902
2911028166
5778466073
-1
1141672555
-1
7344203915
3827580706
9046894512
-1
7465433284
5347744883
3118337826
8130613056
1410621196
3856908228
1578036254
-1
1688017856
2385697044
7467127935
5775484048
3883562907
-1
8335784848
3941235119
-1
7270049373
-1
-1
7732624854
4106172064
3505489524
10464641451
-1
8582619147
-1
7447728526
9794368185
-1
3615450398
12586720521
-1
3910773982
5185349752
-1
10189714346
4077006065
6629113746
9877944036
10557831257
-1
5874987412
3916562947
8599018715
-1
6815018069
5447564685
3688830527
5153476075
-1
4344553038
457164848
-1
-1
-1
4753225747
5429565157
4025970869
11877744863
4796224523
6010879314
-1
4698684868
3474739418
8708830762
3941041148
-1
-1
174129136
5326305639
-1
-1
-1
8084723592
-1
6572566505
4435271810
5436646729
2520839709
12988380280
-1
-1
896817609
5715076115
-1
-1
9114946433
1678296125
-1
7626614202
9348652716
5659025901
9907834425
11627152189
-1
-1
6943736274
2943883790
9942900079
2963468924
-1
6865666646
-1
7521461197
107462950
-1
-1
2573060485
-1
5300228079
2585754449
8840876774
5257244440
5352827256
3420123834
10634060665
5294541064
8597662319
9618145007
3986628882
3756037216
-1
12243601270
7006559387
-1
3268307292
9229882479
-1
-1
-1
2520825626
6668377774
6624738993
-1
7205583064
3486183594
11242049383
4689293541
12370372800
4754348792
-1
4099153962
4112708262
-1
-1
-1
576750599
-1
4064037045
-1
4829044109
1933490339
4960280203
-1
4565597843
6776250211
-1
5439129773
5427917899
-1
4935976073
9483122110
4193957869
13009636366
2524932718
5976523630
2498189823
3223653520
4981822461
5743809811
3194350412
3895593139
10150060160
1487870034
3608512368
6231852681
5949684901
4013058892
-1
5945872210
3644455208
4057346882
7150319235
6982353630
8109100519
3840847010
4676826742
5885705470
-1
-1
1650266272
-1
78
-1
-1
-1
14732965202
-1
6873748135
-1
7784194147
4466373621
-1
3202786955
-1
3098606157
-1
7620966666
2090192423
-1
4261905109
6483719807
2140418851
-1
7581886282
6949157446
-1
-1
10597435507
4620492815
5546501014
-1
6200015699
-1
7079012582
-1
5313684403
8149735753
-1
5754470659
-1
5631961626
3176703354
9589963662
1058824162
6173759010
4472716536
638523752
4068704678
5296727133
-1
-1
5975790823
-1
9293131228
2184826654
12645454965
12682764306
-1
5746281562
5250644669
6951706328
2734482093
7359573603
9121135819
7886290789
5945845087
6913661897
-1
6325555806
4830514369
6283748442
-1
-1
5347900066
6835889092
6232042747
-1
5673014477
6710710788
3731068144
6894384468
-1
-1
-1
-1
-1
7078503311
10590772162
3395856927
4414085103
-1
5091354438
3260531171
2743682950
-1
4650516257
-1
8912975803
-1
3379208845
1671412876
-1
6319946446
7594153824
3842037812
5591839028
3744728822
10465947137
2781194667
-1
6911480243
-1
-1
6549090886
4003296934
-1
3770011520
-1
8318886331
3420233593
4073007951
14136249988
4772319217
4310167302
-1
-1
9298535337
4787544872
2646341492
2914909950
5084006886
-1
8355021087
11141709061
3490515260
6381526323
6807154794
-1
6524274176
8295326157
10704571352
2737054229
-1
3604668770
7586940780
-1
-1
12486694171
2002789027
-1
2734298323
2259113032
-1
8162094755
6659022274
8510666591
4813960793
6160921803
5076551628
8309177647
6502149819
-1
9280495048
-1
5799320490
5710025018
-1
1756195730
9050465158
10522086161
3449093564
4441966695
-1
-1
-1
8412493827
2398669448
-1
-1
9604482933
4264471445
-1
10199621879
5775764420
3652121473
4794380357
-1
6143031289
1828240094
9296332869
8012826265
6610465421
7563426068
4108667796
9882517838
-1
-1
5421984355
-1
2928591400
-1
7059750507
5887767190
5801323649
-1
3362718489
2293014493
-1
1869164571
3284543766
-1
-1
-1
6395615079
-1
11399515561
8105774359
-1
4456404673
4076510739
8677071077
549721675
6409829335
4529296068
3369742188
5241615579
3207367019
9980862292
4484567372
5057999254
6125457284
6716277641
7734283994
-1
6375268517
6444272372
3629249773
4484682382
-1
-1
9684834126
7348149197
-1
5660885113
8452300233
3911496473
7335702078
5919992445
8443978172
-1
5425538738
12229564686
4840141316
5902613162
-1
6106468182
4624396432
1882162283
-1
-1
-1
5037639336
-1
9047369895
-1
7311895940
-1
-1
5422958204
2894862342
3840972660
-1
-1
6313248266
-1
5498522687
6925236499
10965267582
7021621915
3271583976
-1
-1
-1
-1
-1
5109208035
4861916962
-1
-1
8696650175
-1
-1
8577021163
1798491273
4098672101
4742425006
-1
7738877652
3679672558
-1
5077101544
-1
10908624751
-1
11698927622
-1
3830907319
-1
10675459639
4979480246
8060451856
6439492086
9325896456
9424493857
7384893321
4450886366
7864286086
7542358965
5062192432
-1
3337800103
3532472119
-1
9578819205
3593752051
10255335853
8256114573
-1
8228311303
4349759916
5247136419
3546240960
5697402506
4393288477
6412817082
-1
3085902081
6275443257
4678668560
7414161016
-1
4548576823
14204497490
5341222559
7948783921
9964232661
-1
8381671695
5181714906
5915911166
2446372950
5535899844
6922625315
-1
5271438979
6483180904
4542894443
10336683679
-1
5382461285
8451411977
3985465529
6413104088
-1
4383073505
-1
-1
9112036208
2269628385
11538407070
2228268949
5629328947
4701938921
10505948975
3593037797
-1
8255448970
4264181338
4763472507
4185922640
11140589373
-1
-1
-1
1745554294
-1
5517030991
6633263526
4592651013
10090238398
-1
7210698397
-1
3496303768
3893937188
10206872790
7975483564
6135450142
7410913415
7317857864
-1
-1
5704885202
7542522623
4245226963
-1
-1
4584313932
3864019825
11931811606
4742777141
3921695293
-1
5463657343
4511368278
3407793530
8318011015
8138173109
5399495301
6760584792
-1
-1
12801813899
-1
6663224012
3205622210
5644606576
9374078813
3967468965
5398016790
2640170399
5640605893
3665020617
5710896183
4896896004
-1
-1
6060349088
5419810495
-1
5336223262
9333476612
10319324860
6187280634
5606746134
6080721605
4146044971
-1
3120052799
12078971081
5832821456
2965221406
6021472826
3653471097
13267806061
7796789165
4862970893
-1
3571447915
4217692664
4526891416
7867279057
4846064757
7451530337
6486500436
4989818602
-1
3645666676
5673329872
-1
4268505183
-1
5903781846
5253727260
6105680706
3492403966
3169870620
-1
16278452724
-1
6532186705
5968676203
-1
3311679563
7180264231
-1
5138540887
5328673724
8502816952
5056706939
5927717283
-1
2760698555
7521071828
3304091674
3175450957
3199446704
-1
8612869037
6198762501
7749893997
13373800843
2770219714
5645460400
7679046617
6538153904
-1
6388572975
7234863190
6918042264
-1
-1
9131243081
6342117245
3954131565
2503911885
9494732198
10850575932
9555578489
4512490115
10947613517
12625218249
6579812145
2883855827
2851205826
2507268010
6319138304
-1
3272649074
-1
-1
4582207761
8637366778
5052185267
4668101861
7560533067
-1
7028133257
4077920574
-1
7744424162
-1
1933508609
5489814921
8563912070
-1
7259146837
5497577004
2070678996
11076900239
7960015191
7250461898
2309870633
6494741352
9686126328
3292084016
6159047021
-1
6006769687
-1
-1
7150755788
9064357838
4195769281
8701536617
1407819643
5484561951
-1
2190602957
5240948375
-1
4972650384
7711622789
6211133857
-1
-1
2623153246
2962409316
7339972563
3704456036
-1
-1
7301529982
4941302553
-1
4089119647
5802209653
7921975392
-1
10709568052
2648591754
6863317157
-1
6876233492
6580304321
-1
6910764098
6978811911
4194634616
8050455640
-1
-1
8385333501
3231652435
16154199861
6977661861
7025944796
4907888388
2485333079
11421641723
5266978852
-1
6488553164
3985555557
5099317908
-1
2299478020
-1
7048936008
7986462531
3787697787
3188162577
5057775506
8962223000
5501607697
7889597737
4856300422
-1
9685569714
-1
8020177144
2904116295
1209383575
-1
-1
4891475118
6468078296
2348625943
3976583911
-1
5485654784
-1
2362102276
7906860004
-1
7815644933
6949143466
-1
-1
6402559069
-1
4951787778
4246768950
2115587539
-1
-1
4563770267
1411219348
5434349706
1275050647
1205848357
4629074507
6844494876
3567354026
-1
7000208072
9864289301
8301752511
8056071496
2498239681
3792367502
5359750663
-1
6506760905
-1
-1
3807790949
-1
9256906925
-1
5229394422
6602839562
-1
8502352132
-1
9992222034
-1
5874871109
6754290136
-1
7344966890
4026761583
-1
4205744374
3705521445
5239151031
2451467749
2968374974
-1
4901338367
3669494980
-1
7286252942
-1
6496806828
6445651961
-1
-1
-1
6977873875
-1
521883613
-1
9217142186
-1
9076966822
2955295388
3780227764
4451398175
-1
3552807536
-1
-1
-1
-1
2314534337
1609357541
6159738103
6705686957
-1
551362660
-1
8528898463
11050624858
5108795827
-1
6349491606
9176129959
4326611883
3115519302
-1
6214955809
7736941837
-1
-1
-1
6261557613
6966339132
6089879081
7199383494
7453375676
-1
5016543936
6908142193
8376119748
10426343701
4135916699
8510651840
-1
12629117065
11026874902
-1
5786646455
5540568273
6057342279
9976143497
14109637937
6250288169
14119876466
-1
7548802818
-1
6824528559
7969325788
3454177602
7756021702
-1
8250672794
5136977491
4821430229
3094661717
3873032259
3150238856
4016392873
11028291409
-1
-1
1616672013
-1
8241054711
8683474300
4763414658
1378909189
-1
5901363310
-1
-1
8103191224
-1
7551205659
-1
-1
3887513356
6817100579
5008947976
4548967990
2821463489
3955458351
-1
-1
8071436178
3689094368
-1
5586230206
3910686568
4749533795
3660653925
3436535732
3725100805
2409186876
-1
9513389686
3918134980
5063847229
-1
5553417303
-1
5784010904
2922311266
3813157459
5501871018
7503859705
1627529746
-1
2215020029
8061423766
5667588062
-1
-1
3818875941
14688750395
2521977088
9517878605
4113074700
3181585999
7842033262
6533942544
-1
7783726658
8630955717
4005825160
-1
-1
-1
-1
4231489220
5311601471
-1
5537038572
358586047
3747125452
-1
4348480803
-1
6824460032
2984506060
4140824060
-1
7628823324
5231007597
-1
-1
2281668517
6870939695
4847422351
2701041343
11032152368
-1
5440937803
-1
3613715422
10491186476
3741142992
4624727153
2544348312
6431091415
-1
8283229599
11743745716
3742149551
6346043355
6567589166
4603664867
2296685037
4075484628
9939243072
5712034319
9216619076
4909173016
3752052611
4348744626
3865116783
2068598432
4720522245
-1
-1
7387541396
-1
10061954825
-1
-1
5004738062
-1
-1
5790390634
4691058138
2706108749
-1
1590322149
-1
-1
1351688937
3504933043
6149017314
9672488429
-1
-1
-1
3029305266
2835678708
8084862513
1216049874
-1
6984318342
-1
7706782754
1187837174
228913
4639605606
4249983712
3173610063
3856276973
6150393118
4367782948
3715713320
5673012104
6130963671
6924583039
3262946380
5172611359
4760326400
4750296172
3131512304
6212019625
8596458263
3013298230
1523918698
2476392545
9249779177
2759772797
7210424971
7609645247
5992196340
5288419856
3548566241
6329313096
11605841576
-1
8957370813
9598378546
6922078274
6564634069
-1
-1
103139396
5205001475
-1
-1
2768167083
6989634153
1540040488
-1
-1
-1
-1
7236792618
-1
8952323811
2425173535
8994359554
8750938437
8504604536
9524791566
14676959929
9082389100
7975455977
2380998807
10136192677
8554476026
4572108054
10836654816
-1
3665201798
4926891477
4978902156
3222478116
4273209073
6434001313
6909042790
114455010
11584058748
1385886807
4346103762
4573445788
3312916788
-1
-1
1690954092
8309121023
4788369867
9958779882
1540786218
-1
6491243805
4316599718
-1
5113370664
3794608645
9056660368
3061853499
-1
4684955452
8999840755
7803504054
7639416804
-1
5937563970
5146062910
-1
5982569520
5905559883
5961467335
5665380621
-1
6120037592
7742852388
8618214901
2296933080
3805562714
-1
9438842192
10210401580
5244489862
1252580481
4661595624
3304245102
8772335190
6510304166
5571810671
-1
7137948471
3816138904
8012826210
14097281849
7374861609
4327362235
7292829455
3009413364
16782347945
-1
9361271691
6766921478
6046186749
4224696216
-1
7939972828
6061462008
2006566574
1768723212
6536173285
-1
5610884961
4111591470
13091857937
2856023708
6469831970
8170812003
6150765523
6492578989
7991828495
11213198300
3172437247
12678665794
4172461410
6387006281
1580953990
11776717972
4075425802
6259159788
7207334660
4247516882
-1
-1
10561680367
7565092463
4253784819
13225713206
2337024884
7502327399
11197456234
4798231326
3790420709
-1
4706278691
8525630055
-1
-1
8957327163
2524729380
3907989952
-1
6134373060
7607271888
6984040843
4467479948
-1
6289478509
7368932064
7288175966
9560417132
-1
6745428019
5580022813
1997144286
-1
-1
5729094729
8978600012
8638310943
-1
5915267596
7886749523
2307346880
-1
4182754082
5433519054
-1
3796481220
3043003111
4341679762
6393139700
14214690242
3381161468
-1
381242040
2440741854
8508892777
11377984727
4119109406
5059060727
-1
-1
7503796451
-1
8966590594
12877008219
-1
8514773423
4860741520
1980009672
-1
7565571040
-1
-1
8138154622
-1
-1
15208090793
2103161988
-1
-1
2809178033
10826302382
-1
-1
3906035944
1646674058
2568805729
4128006287
5089393058
-1
6341953912
9229659980
5876895291
8202651959
4443797791
4276639502
4558767544
3875928382
7409705534
-1
4223584985
5726588861
-1
-1
6327097314
9043400255
10202849241
3631518720
2712405177
2456721592
6520748682
-1
7024534311
3181050345
-1
5250931003
-1
7887408958
5209553189
-1
-1
7094855612
7593412663
10557560446
-1
3171590261
-1
6133707700
3682921143
-1
12600046487
5210435275
6640377660
7983851614
2751887167
3326084026
-1
-1
7615005512
5366187086
5722517034
1443517691
6379245973
8735514313
-1
7983218029
1357545489
2844289920
-1
6102411045
4110077425
5343004058
-1
-1
-1
4256778785
-1
6646166915
-1
-1
-1
6999843450
-1
-1
10645996374
5088014003
-1
5956845803
4498923363
2793382438
4959834514
3269077902
-1
8004815866
4744049543
-1
8060449973
3856983603
3610872454
9817302354
5929306736
1869912274
3060057992
-1
6416589002
-1
7223511661
-1
5479382075
3278131892
3812331996
-1
3447208600
7745282543
-1
11056047886
-1
5898562470
-1
-1
8828277553
4734802078
4534242632
5673170289
6326602903
6561448241
5711532890
4073402889
8353700994
8299703452
10336207557
8783876287
5407326909
8242972452
7726274110
-1
-1
5325692865
1910226407
3826055950
5758173924
4587277906
2380705917
-1
4703009181
9707774624
4624712594
4626290647
10054899272
-1
5755824992
2797914601
2240660929
7080347681
-1
-1
3885071473
5066835996
5671315874
4992615345
-1
4849338958
9464373516
3633944185
-1
9748754394
5997513654
5705822048
6387020649
8971578748
7335899764
-1
3990838719
4385376737
8185214607
4762691819
5116550814
5011340216
3419002478
-1
7572836951
8551744537
5909822753
9373690387
7071528531
-1
-1
-1
203337430
4816283926
5699495080
3648694057
-1
2952309907
8832218880
2994141511
-1
4762024691
5314273404
4640566039
8694026743
-1
3009029098
3213906041
7089492603
12963245783
-1
2808624624
-1
13098409565
-1
5380071511
5367546307
5284417207
8192688907
-1
-1
9245583766
-1
11498437930
10209022534
5353868983
-1
4870417199
2815312216
5903783016
5738388338
3194881973
-1
5566262144
7895875452
9349523268
6954532782
10080901254
4649601189
2558157753
9035019218
3692375698
-1
8207115967
3540655994
2624760511
4177769447
8068746756
3660194025
4041564380
-1
-1
6737379269
-1
-1
-1
6242844743
6130708229
4238626621
5036914559
3022666893
2359955768
9875201239
1542631047
11224675618
-1
6552109190
-1
-1
5401571128
-1
-1
7423898891
10266783975
7004982108
3388579234
4759807767
1742651445
4309495893
-1
-1
5214177262
-1
7251508354
-1
9530856485
-1
7468598617
4623167942
4381448193
-1
-1
5895970092
10078231869
4251449498
7744836295
3822804990
8400180244
-1
4528178941
-1
-1
-1
-1
5020423850
-1
8428660355
5295400417
1264139499
-1
6523937854
12690763948
4080836197
-1
6840046496
2674415163
4754316987
6753435173
5554656030
9038267490
4031807383
6414017962
6263183816
-1
5056005766
-1
8566472160
3452129584
-1
-1
11412481400
-1
-1
-1
7759282059
3934929139
-1
844500805
1445809548
5510393160
-1
5703020704
-1
3090140193
8682741921
5908939275
-1
-1
-1
2453370527
-1
-1
9485391286
1641686682
10218677306
2809192215
5277337829
5639817962
4374363237
2673354460
-1
4691665200
6362803438
9368042225
-1
6581783731
6529196895
1946238276
6379333993
7011242866
4829468808
-1
3134428458
-1
-1
7055040967
1583728058
5016616852
3903294055
-1
10951006360
-1
-1
-1
8875581309
-1
-1
6738869016
6226742207
4619201952
-1
-1
2410826174
-1
3584235345
-1
8853558841
6789623707
5660761547
5212492240
5708114352
5375876182
7466668901
5070644865
-1
12124856042
3244196021
4757712822
-1
3936567841
-1
4787446279
-1
8574881222
5490820540
-1
8026822689
7744583917
-1
4165721832
5580092376
4889736411
7323077774
7396672267
-1
4608060775
-1
-1
9482593312
11246690646
4007249107
9125775391
6878087260
6433305263
3502345779
-1
4009489821
6671765944
3370920836
3903945953
7670886267
7295981314
-1
1668807423
4334610675
5196918150
8453203348
-1
8396957413
-1
5364816700
7506631407
3482809606
1122171499
4550693717
10892721634
-1
9568443238
8189147160
6328640895
1888561667
3930193333
-1
2264210257
6673930349
4326392438
4311704855
7510452221
6164318320
-1
6103778918
5932699779
12598692816
7697918480
-1
2819176653
7335330381
4447535242
-1
-1
2104598967
4766076898
2390563853
8608724409
6966389786
5602020978
-1
6918457448
-1
5845004281
3801299599
4799545189
-1
-1
-1
1210117430
4013996791
9068205011
4393273833
5814958600
-1
3557943252
11759993479
4165013331
7418314612
2521537089
4367839871
4958797187
3013496371
-1
4458144677
-1
4799117759
2512123443
6542779339
4126784324
8010846711
5564699428
5134590410
-1
-1
4562153911
8878420232
7803346307
-1
-1
3895600843
-1
4147242645
-1
1706074963
3097347703
1780523818
6329778107
-1
-1
-1
10029050854
1593820454
-1
9879784696
5125118077
4752688896
5188408245
10474028358
6674418058
8004957010
4178619710
2823935258
-1
7476488941
7571747281
6647284071
-1
19029371074
4246843640
6795631631
-1
3065310795
6400671515
11868417860
10088970805
11155207534
4430363951
7883863533
3663789215
-1
-1
4309706395
7759825268
6728790862
-1
-1
12789516493
2759226319
4384001858
7323471939
-1
5840942548
6532946309
9115229384
10144207492
7626136657
-1
7898684162
6566915233
3752760479
6716310812
-1
5335955249
12677758852
6163080158
-1
-1
10093363390
4507679445
7437762675
-1
1805566346
-1
6666029900
13836125879
-1
-1
8559057403
3029788873
10877794360
6747045575
1870492654
5056419701
10675148454
-1
-1
7844138126
4570736847
6603529542
8240069651
6242844749
3964385893
2721379267
2645885291
11478047719
6978872857
4824658596
5843114682
6329164101
-1
9702961492
6321611387
-1
7971824495
7903630402
4253113578
3446075757
3905424629
3741952963
5855387212
5974787828
-1
1327942963
10285279900
-1
9063017270
3009320694
4119863352
2984506013
2113313462
4287571698
4363596091
5723956344
3294802790
-1
4871884727
-1
6622458461
-1
6411437605
8878975554
7460518793
12495569273
5533697306
5992463500
-1
-1
-1
2893447541
-1
4773423830
-1
4386144780
4942371497
-1
6152665982
4406198590
-1
12047006910
-1
-1
3982978961
-1
4117903813
3169653687
-1
-1
9592476349
-1
3100510002
7342552851
5140196098
4714020223
7333751077
5288241744
4982213470
3216195716
1946798309
4684649339
5266291172
3798720338
11321435866
-1
3370542911
8901377036
9201828452
-1
5873112356
2998125834
-1
6322241300
4709749662
8899204127
-1
5962849386
6975765519
3051978087
-1
-1
-1
798612825
3498900417
896789007
-1
-1
7771360246
9697794260
2768381921
-1
1756453841
10454461416
-1
-1
3741669006
-1
-1
-1
-1
7858670841
5553313344
3075847020
4432811863
647483533
2670321993
4175160311
3566398059
-1
5482859348
3490295439
7133366896
2531940391
-1
9207531071
8184692493
6882307651
6536489714
-1
2855595201
10274945028
6822924436
8625065382
2296470860
-1
-1
2998825226
5964404894
-1
-1
10806806385
-1
-1
-1
6563435115
6217162430
11421726278
7475908140
6889349850
1930358488
-1
-1
-1
3429032759
5911008552
-1
5866124340
-1
-1
7317671227
3801186784
7554924638
12273624751
7643703323
6490394481
-1
-1
-1
9538574969
4781642516
3415240115
7146874144
8565323755
13474408316
-1
-1
13388646587
8220675805
4185553735
4890596334
-1
-1
-1
10012211944
8286157058
-1
4901589055
8552066786
-1
-1
6173461741
-1
11072272918
6527376430
4356650306
-1
1222953663
4146367288
3403780458
4775078683
2695438382
5904217961
1814742354
7431930270
4100633067
-1
8398564087
7182008024
11979815455
5320622411
3611382017
2280671607
5565485368
6355373812
7449688001
5553285247
2606892701
3438223312
1256008085
-1
-1
1550155327
-1
4749674368
-1
-1
3555499871
5866137468
-1
-1
6000954519
6060051865
3987497142
8108411280
-1
-1
3547200397
11568782126
-1
-1
-1
-1
13449261418
3684438064
2821726329
4139479761
5051343122
6734085967
5528101899
844356927
-1
2236981467
-1
-1
3207543906
6693006785
-1
-1
8520611179
6543010601
4194661668
1460994247
-1
2524564453
6116760119
11346264670
7869115814
-1
7084291858
4630396240
7946076697
-1
-1
1692544258
-1
5134699015
-1
9955682071
-1
-1
-1
-1
12622812129
-1
-1
-1
2491543784
5627319088
7959573249
-1
-1
-1
-1
5106107666
1494183616
4730352412
-1
6768365452
-1
8605375211
3826497360
4153630992
2935977914
14200930209
10261679678
-1
-1
-1
-1
8025924733
-1
-1
-1
3692486378
5132168818
9010499099
9711235894
2710923364
5305852299
3454369139
-1
55168795
2221324286
-1
7615505087
-1
3011547543
3520604627
7454824036
4102357223
4272386614
-1
-1
-1
3855655377
-1
16211696946
7557126894
6865362001
4518367254
5928598500
-1
7537781544
4011081365
7229988747
5273452122
4566626683
1473863960
8589820554
-1
4954593184
-1
-1
-1
-1
-1
7817153369
10734712313
5536958125
10883248881
-1
-1
8791452907
1986298100
7353010107
3886250435
6949593696
-1
1113708604
8167375865
5032125009
9890608026
-1
5268499031
-1
-1
5244961026
6257914325
6837609765
4513990567
-1
6920437752
4162969300
-1
8418013245
-1
4835352314
7020961370
3021962968
-1
11497283530
3141761710
10360821234
-1
-1
11663943665
4356180941
13435047808
-1
4838752670
4740132978
-1
8781151008
2101725285
6234501964
5516340309
-1
-1
5527694523
7387305682
5940834976
8900556603
4525762546
8338991220
5647554085
8992107767
7166681816
10844454683
8002965160
5864744729
-1
10446630292
-1
4763442408
5265284070
4808787092
-1
5884174691
8179160921
4921366507
1293621077
1287745837
456795460
-1
5665247078
-1
4143086913
4228126878
7276038978
7097091164
-1
3349574351
6437360446
4418886018
-1
7086836013
10781501895
5706967868
12111061076
5344514786
-1
6349326740
7375245677
8343018837
1026474189
-1
-1
8789814397
271511033
5908730282
-1
11957021989
4517986656
2764664127
8401791430
2595522029
8445970740
-1
4618332784
5367825873
4536416990
5216915617
5688982393
2151741203
8560208057
7507594859
5876572339
8356736606
7683864329
10704451759
6207726629
-1
1328558069
3268176527
-1
11926321800
9284097774
3576584392
7033238198
12181839064
3841258140
4488303772
7928229375
2442867899
-1
-1
-1
5416243922
-1
5814943464
5062038633
-1
-1
3232162705
7181934395
-1
1317750277
-1
-1
7047017725
4429572263
-1
5590278723
6313726315
6750126107
6677796035
-1
6901441527
5238092173
7735925370
-1
-1
4267370249
3557604761
-1
7888865609
2469291672
-1
3277975164
-1
11390482650
-1
8377158799
-1
6043200754
8410313754
4538208337
9712860609
8019128186
-1
-1
10957116797
6153601438
-1
-1
4558788918
5714658899
-1
5426995472
2026720456
-1
7470354364
5038994385
-1
3919470534
-1
5403452664
-1
6353307639
-1
-1
4716798168
-1
4493772761
-1
-1
5707660769
5300002556
2031964240
6499895141
3090372342
6803502473
4117260844
-1
4940922681
-1
10854125298
1054704605
7698106746
3435139341
-1
4877276696
4720277925
8719851558
9670727657
4011751824
-1
8231572531
7401203554
3392882992
4862502799
-1
3987609238
8214297551
-1
-1
7305064366
-1
4467331204
3535512190
4411467454
203943678
5983446210
-1
3954077064
5201593961
11406866678
-1
13131522053
-1
-1
5028575370
5908080103
-1
2134281664
5767495965
5892584353
-1
4782418505
6195932626
8735631954
4020184659
5881099304
4461189332
2652849337
-1
2481962014
-1
4432832851
6794704354
9201788951
2003001572
-1
13606217530
-1
7255538946
8637227563
6037063353
3114105768
-1
8839949647
4594671470
4458860022
4879670339
-1
5571063325
7292277792
6741641273
5590491317
-1
-1
-1
-1
4570107544
-1
6556260309
-1
6123985448
2730485153
-1
-1
12613415504
-1
2574455173
8627394819
-1
5843310593
2085846509
7166666151
5530457093
3923552833
3234182396
1921713177
8813704469
10872030651
-1
4970888220
-1
4704290644
6254472065
-1
5102410386
4194872218
6731835050
14185442225
5495550722
6714541373
6843169414
4008536523
8202897322
6329034418
-1
-1
6162753415
4155984200
-1
9293659441
10467247844
5750766722
5375736922
3788326037
5244714757
3935395274
-1
8686223420
6035310497
3988662165
4333482516
9728054777
7374895744
-1
-1
5540650590
4429780493
9100044473
8281571519
-1
3968135355
-1
6189923835
6946925456
4238815581
5830073099
5262554879
-1
2332683597
7039166777
-1
4256688104
3827947451
12497232193
3629976515
10030429562
5067203594
8553764805
-1
5319941822
4707568725
14544065178
4806537417
11076493727
-1
4573737332
1113708951
4245049197
1723659068
4726961418
5755708127
2865334977
2669189823
-1
3348008929
-1
6858096480
3551180888
6627699916
-1
-1
8466082514
4969144548
-1
4056607330
9842859497
8632562876
7493929853
4706113891
5726450187
1687532137
11070099611
-1
7515282142
4744279307
2503081947
5143512310
6911505392
-1
1311537162
4651840567
1724326307
8196967338
7207889045
-1
-1
7346192166
9388223721
8782513265
4423535974
-1
4148734844
3068394278
3573798338
4145961137
1251340111
3958128198
-1
-1
5801284865
10636256294
5588494778
3523402795
3575471860
3301211949
12625128998
7280016400
5074960109
3413969791
3774748855
-1
6889288188
-1
-1
-1
5191699379
-1
4604507712
6298379519
9162763893
3349452563
2382241367
6259541176
9343780378
11390562078
549837298
4494790607
3087074265
2481500613
5462841984
10291212698
-1
2941315540
10587961776
6108003373
3652209987
-1
4068759209
4220661396
-1
-1
5311575992
4766604463
13678424690
-1
-1
-1
3378523397
9295520215
6360768454
-1
3970941534
-1
6554230846
6564342587
6509401722
7508081845
-1
6101134047
7025666697
1406671522
5912295950
-1
7272347140
9650541817
7590562695
5084811569
8659085626
8242157068
-1
4033665253
4094544981
4723615172
-1
5986028620
-1
15311490041
7875469670
6052089330
2705363397
4171984903
9675033123
3164731609
3620892273
6496198168
4474694953
3620205394
7037733872
6986656889
10576844395
4398328623
10066767788
6175808913
7596675685
-1
7020084029
7781337579
1477303828
-1
-1
-1
7679821802
-1
-1
11289789771
4441260577
-1
-1
2802313442
4647499657
-1
2535694832
3350741987
2487604324
2751095800
6054175411
6239435661
5849461713
-1
7396412996
-1
-1
2631871602
5932298767
4750540837
5419299679
5223728963
4991669391
6834973285
2471084879
7949870601
5157917644
-1
-1
9264380737
-1
-1
10673413338
6806749238
4036505456
6284326706
4724466313
6008332437
7682138975
3288738907
9914247529
6845675506
-1
2706622640
9075397188
3943387469
8596530802
2687048095
2632822412
4165332469
2524683928
4162254972
-1
5733396277
5360548379
4520116991
4110304425
9678726169
6330309439
-1
9783893689
4520755152
6587338017
3674565772
3764720000
11967531289
3475377983
9474970348
9496829220
5820309396
11796628317
7593391437
-1
2947514587
2611044070
2257204496
6197848555
6138362680
8299928934
-1
3684437617
8392328385
7973070595
-1
-1
5707743804
6213351247
-1
-1
-1
5422135244
-1
-1
8703640569
9978723552
-1
-1
3691884935
-1
6934888078
-1
4553032497
6173791853
8162077612
11558045240
5062890111
10722228802
10546564099
6041428015
5215991449
3604613248
2900324135
5788337278
3694620008
14247039607
-1
-1
-1
3558939747
1775361583
6953676472
3044312282
6623045637
9915762952
6779285797
-1
7369788341
-1
-1
6255313901
7422033153
6074572080
-1
3179827724
14478546589
-1
3267787638
-1
2254744831
3705492926
6692057263
3126434633
7909192233
1087763820
3653650130
5591269877
9244157276
5289109365
4056226860
10324929406
6267041196
4899884024
-1
-1
10646281496
6619401939
11314147768
9691553659
3158621530
7972422836
-1
14846884609
2888886391
7385147770
-1
11333313577
7584301683
9309353014
-1
5522105513
3717831137
3842604746
6602353456
8731734891
1620481495
6071774539
4828073057
-1
8987359301
2964567210
5179042366
-1
5211421007
3554215772
4037022793
3830438472
-1
1331381269
10276283947
9720476373
7951367889
10313090693
4316351437
-1
-1
7260414794
4619063778
6666872888
9382912550
5303075681
-1
-1
5729181365
-1
11872196035
12949138717
7776561368
2567936874
3921190366
6115558812
6636467214
8364040800
-1
10491269983
-1
4404137906
4816376498
-1
-1
6189993423
7260802504
3358148495
2777771369
6698143828
9846433053
-1
3802170723
6807142042
8861429200
-1
525536759
2563192942
3973800629
8086615643
4892455391
-1
6314440293
-1
2811255852
1495929101
7114582837
1767705345
-1
9082782597
8562009381
3948913137
2482587915
10727754664
10419043662
7919883908
7377907714
5061267487
-1
2019535254
521894776
9133115844
7390192869
10707608881
8775150520
6367125459
7853532371
3803363907
1141672383
11149761580
-1
5173121533
-1
2620458825
-1
-1
-1
8226477160
-1
6197196168
5891802017
7726677204
5435637276
6946809736
7866315000
-1
6475895924
-1
-1
2491277179
-1
8355601870
7579906487
1984451351
3716029772
2480569962
-1
6342102595
4362691899
5141328729
3917643807
6663356680
6760086339
-1
4950369110
8758421146
6151574885
4129055123
-1
-1
5465280334
5617558019
5455004654
-1
5440147102
4713751366
-1
6175830446
-1
3816951990
-1
8096893141
3667684543
5974811996
2008574228
14870950690
4600966374
2270290973
-1
6445814017
-1
-1
-1
8730703745
4410973900
5040193351
7063712470
4806105241
2956467101
9618214696
4802888423
-1
-1
10211387423
-1
7202965105
5192048265
-1
9911571012
2536957490
8228875506
-1
4291379288
3701636144
3404772058
2807434659
-1
3892552564
-1
5859754316
5712374430
2678260044
4803571737
1718408387
-1
-1
9385116573
8146752733
3832811442
3697929579
5308843772
8490186358
-1
7425650873
1764864925
2628108203
2714187150
9053406865
-1
3676582135
3506471587
5348185773
4502843797
3055780161
10787358214
9016741999
7567987845
4811624931
3051334502
-1
11359053035
4919625252
415947695
10549048716
1221072590
4699816912
-1
11987183887
-1
-1
2235981062
11816553358
7130387338
7257985955
5192994214
2139068577
8865840491
4011778234
-1
5537028114
5962149723
-1
3357235937
-1
-1
-1
9820628855
4651195501
8377198009
7398118024
-1
5365904404
-1
7485233764
641003912
9521256756
5144306300
10453588973
7970511928
-1
3307922578
11169694077
6167588769
-1
8907099885
-1
3216339692
8204887124
-1
3631997900
3396871751
4901362896
2305623661
4235558479
-1
-1
4887415401
9123722452
-1
7361686180
-1
9335077512
2938128791
2999237187
2265174438
7912540501
-1
7506606334
4053206882
7102119124
3067831297
7103782539
1409876350
8399905012
11105188650
6048566042
-1
-1
-1
9507540419
-1
2293759344
14154125146
4826327425
7452729460
11012708443
635306289
2987478181
2266513223
5195219373
4587345411
11043735959
4545251874
-1
2912451561
-1
7327552229
-1
-1
6714936800
8065001019
-1
-1
7555453253
11462105699
-1
-1
6068537237
3931983139
7621202451
6138017834
3965363062
-1
7975786951
1798759265
-1
4406703870
-1
6511200530
4698004466
4855660697
4857234967
4214545359
12897767107
7575296548
-1
-1
738280223
10662619668
2337630200
11296342010
-1
13228812790
4605608808
7070557109
10246753389
9489834916
-1
-1
5420720535
6515372486
7395219907
3761103517
3310641959
5523471396
6350965764
1858670436
11834381058
6264363801
3735744438
6773498727
-1
8425782025
-1
3658868460
-1
2796029250
-1
6649342494
8952727845
6782505161
4120406612
-1
6607498226
4211133777
6805536712
3737575346
4421336012
5699396717
8020306613
4775093917
6043750694
4613008385
3626598354
5970968165
-1
3202558377
6064803383
6160145005
4955535951
4017017588
4999564873
10485207218
-1
-1
11229883128
-1
-1
7316472701
-1
-1
-1
3153026668
8105927085
-1
9368042225
-1
-1
-1
-1
-1
8190365145
2608499999
8829057627
-1
-1
4108059436
6405641794
9698347438
5283508181
5264107394
5388784297
6282216577
11452336932
-1
-1
11145074912
-1
9006222048
-1
3901275993
-1
2741596166
7295328142
3963791871
7510228460
7023623561
-1
5426582237
4925531458
4041689652
6082207887
10620053372
-1
6374846007
2184826914
12698467967
5530337934
3590015262
8037232735
-1
3725181291
-1
7763394438
2257262054
4251198409
5481247029
-1
8081300000
7245795875
8683126955
6762135863
4791334502
-1
2633699876
4123462510
4418934844
4523567857
6031300708
4406705601
6344890779
5925220158
4718996980
6492842179
7726824820
4444184320
-1
5174613337
6034080825
8945167258
9967269302
-1
5128424898
6780757682
6253834014
5838684257
7685126494
-1
-1
6315150612
4433884172
7640858831
5589833489
4736966007
-1
-1
7068583504
4120383012
-1
-1
6900543362
-1
-1
6957769835
2504513261
5588011575
3421695932
-1
7536735965
-1
1824162826
-1
5875403969
-1
6371475101
-1
5211192552
10399046587
5686270326
7465635426
2750528948
3904599258
2415545637
5264408033
1335055020
3411896707
-1
5711076227
-1
2306824961
6120918157
3368038604
-1
-1
6962550691
4352402829
3919963058
7279678019
4668861765
6256353225
6208742644
7458064124
-1
8569199545
-1
7986405698
3628411767
4386634304
3071583029
1934130012
-1
-1
2638183182
1943876811
7060260138
-1
-1
3358616832
7726651701
7176808920
2677410638
3058433463
10600790117
8689345143
-1
5028013529
-1
10972920273
6614980231
9893807452
-1
4175854690
5921189873
-1
9774173356
4671875961
41
3432737310
7204931597
-1
6081979757
9951346534
-1
5750209716
4541725549
-1
4547004730
3250489817
1551575040
5229776862
8202404553
7858410356
6145540515
6276438669
5663267877
-1
-1
6410778893
-1
4994520883
-1
2439386025
4819496586
5983241083
-1
7252803151
-1
7401088833
6384155083
3768731702
4703814508
12629209995
13219769516
4701099539
9650553712
5294148492
9072230878
6300937683
9158273799
-1
-1
6139992663
-1
8341296965
5891475009
5783077756
-1
-1
6624819980
4561205847
3305470773
-1
-1
7262179952
5521704996
11931203734
3787787327
-1
-1
10886771089
3701423167
3540227847
2428318547
7497131627
1857223110
-1
86999360
6823983885
-1
7150543501
7688374445
1223720403
5407044588
8805792444
3688386381
-1
4591997405
5386092835
2125448058
7563242073
7838370142
4213123531
5062508438
7618945511
-1
8658461126
-1
-1
3908918876
3097377501
-1
4603836915
-1
7499696767
8114558932
4481571765
6261399024
6427062757
-1
1608119677
8252205453
8172969804
2644203592
-1
8605112836
-1
-1
1651321661
5127335009
3119519498
5615850752
3882217532
9540181583
-1
6177884525
2995845311
9210727502
5906113585
-1
-1
870940
-1
1716904580
6105331783
5456958119
8632718542
-1
6550442465
-1
2637796736
3251949482
7208294511
5568018800
-1
-1
11882644319
-1
-1
9840464145
2946647598
9674225363
3250252737
3624729392
7842376315
9807350382
5537644713
-1
6345677348
6439141935
3297034056
-1
5131665060
-1
7791672199
8470406470
-1
-1
3582603163
8055030656
-1
3445894826
8171556434
7157077999
5209101507
5816181159
9442131434
10013643566
5145903314
4541927204
6055743927
-1
-1
9374973722
5478845796
1585192239
5299032478
4012221891
6425235784
-1
-1
11109873569
-1
635300900
4224653153
4770992811
-1
3114426210
7188589519
-1
4825668999
5918664683
6155479969
5098525427
10170022475
2437602423
11895898326
10105110239
10775098023
9837604425
4569329292
5756624341
-1
7683382065
8980037872
-1
4944757004
3268299495
5786500641
-1
3033286075
473737751
5080465082
3966971460
7180701816
2936897350
15828889321
6055089243
2800104462
8165037776
-1
5975180903
8098044617
4213651834
1390089572
5294549088
13920478292
3471683835
-1
-1
-1
6481204377
1211408563
10013589681
-1
5998550709
7167625394
3903106051
-1
4497575529
5921254472
1868781932
13688202850
-1
-1
3644123061
5561076298
-1
-1
4603831320
2955267376
8813631601
5568505564
3963829858
3682193535
-1
4040667139
6550093054
-1
6211100163
5421265252
3876881970
4270943651
5680932474
-1
3648556774
5294679016
4302139837
-1
3478259270
-1
9124980762
2748116350
5982679910
-1
-1
-1
14949541727
3414942679
8582017399
7958444893
-1
-1
4780714022
9194489562
-1
4401301499
3485081267
11929260776
-1
2667023459
-1
8659401935
6705567872
2485551159
3496985676
4337048000
2964565563
1666528070
5032553102
5386262241
1982147218
3028073715
-1
10920365351
12205482746
7068401044
5667746107
-1
-1
7528326756
-1
9117460350
6927922483
-1
7878269972
-1
7797217741
5724331364
-1
5513185955
-1
-1
10719553033
-1
-1
2346029853
1386428654
5612224546
-1
6677864153
-1
3104625015
9189084687
6634529230
6125138099
8663803368
1730860191
-1
3058565017
6686413221
2670604963
5754896503
7809990987
3963250024
-1
2730297471
11263784897
5775663387
3668573971
3851202382
-1
-1
6008493664
2944334024
4143852818
2364386598
5549817963
6999050078
4498334232
10610401438
1750608537
9077763570
-1
7548516951
968234501
5902600256
4852492827
4754778756
5777032147
12004512577
-1
-1
-1
4955748062
6212176494
8443978172
4652244941
-1
1255095079
864184866
-1
10511168812
6169977136
1149664153
10334821733
6715794193
-1
4384582245
-1
-1
8498313201
9091504505
4542744096
6378043148
7814322533
6220795510
10485772349
8203740287
6735135876
-1
-1
-1
4891976100
1866014777
-1
5664149488
3047283948
-1
2374094870
4553100675
5583252469
5427508960
3364348175
5251305166
5196652994
6099302524
5621734481
5451003869
-1
12279792173
11289044367
5530361997
-1
8964262718
5719712992
-1
4828066495
-1
-1
5968593881
7688007673
-1
-1
5315541749
9092768036
-1
-1
4183066071
7545984581
-1
6298417832
-1
-1
2680060592
8855552934
4114570749
-1
-1
3904849724
3494879559
-1
4957299894
7313630610
-1
3951654886
-1
3435577536
4164094368
8368131305
-1
-1
-1
6236068719
-1
-1
2048049485
4488303772
8757512066
4112926294
3545030516
6125793441
2839804164
6276013499
-1
9399275089
-1
-1
-1
8847605798
5578756955
5274660712
-1
-1
-1
5560019744
4615655902
-1
3856784187
10122591919
-1
12072910093
12332362756
3694285742
2654092259
11773645530
-1
-1
-1
4105241095
8368143191
3802170723
9119879305
-1
-1
8439116590
-1
7355081543
5490337477
-1
6592358292
3521508592
-1
-1
2071010027
8621224451
7333750897
4074857902
5654698474
1224538012
-1
4729564860
-1
4191470076
-1
-1
4227458552
7699517801
-1
6282785933
-1
-1
3838454283
9845673200
-1
1742423586
3833761246
10912428418
1856334240
3487892211
-1
-1
3497988284
-1
6086983380
-1
10639932180
10520066394
4266449692
7497681790
4602449696
-1
-1
4196792237
-1
7352231550
3675764303
8144894101
3944518903
2985351304
15198688416
9438304029
7219225203
-1
3516837648
6293347248
6666822324
5037825057
-1
-1
3153408531
5674270611
-1
-1
2749629394
-1
6295846394
3745224038
-1
8758011189
7732399326
-1
4445898200
7373730782
13549406748
2689864610
5091313645
4990703689
4096384338
10138217153
-1
9849866087
10259617089
-1
13435487255
1465710593
-1
6336398366
4460533610
-1
15135763037
5218622103
-1
-1
-1
2936874296
-1
4521967696
5320101169
7697308065
-1
8024282196
6975304689
-1
4607303101
-1
10675459639
11514351595
4134930967
7680924957
707494103
11221260829
-1
6775065932
-1
8202409746
2485237049
5419227969
10192407505
6033736546
-1
11175856460
7464765899
6416622378
6349052009
9125904183
-1
3910770508
9638355475
3119863748
-1
5956738135
-1
-1
3553981341
-1
3562707672
-1
7200335464
13052476735
9934646116
-1
7287367157
-1
-1
6265343770
-1
2040212960
-1
3200416557
-1
6851634362
-1
6061010060
6876746682
6833702969
4139960728
5017599623
-1
4853417845
5020002400
11578738185
7658220585
1331116555
4365905090
-1
-1
8972919570
4620619616
-1
-1
310626267
-1
-1
-1
2432663019
5790435557
-1
7036123643
-1
5960075513
7876493305
-1
-1
-1
-1
1837187505
-1
-1
617792421
3645691790
3835285543
-1
5712776612
8134438176
-1
-1
6674900790
-1
-1
8534563918
4921104204
2980397848
-1
8903270409
3985093014
12625085757
-1
-1
7518755567
-1
-1
9846645797
-1
2790835244
-1
6109576526
3145050056
7756021702
2297154914
5192765271
6618372391
-1
-1
-1
-1
912960436
11407562939
2486227059
7274456005
-1
-1
2699452110
3160389537
5509196408
9621822971
-1
7998021580
6031636439
9568001014
-1
-1
3663404439
7950226494
-1
6773649208
6073542616
3901272971
-1
10640942681
2574204459
-1
4449263342
8715766266
5689263390
-1
6828353631
6246689598
4913814161
3905456321
489608663
-1
8540277253
4727765021
3391528098
1063053007
-1
4417402663
1521714844
107562363
1971117221
10382684604
7543027420
2088997973
7722604196
8337276100
7740635235
7665568739
5881574753
8007355463
2679506509
1386275
-1
4598722576
8746666936
3126880208
11217226627
-1
2176508738
8584262563
-1
-1
2066207037
4519219477
2171719330
5957155779
-1
-1
6826543420
10839188799
3813147986
7075183214
-1
10779063346
-1
8625309844
7258442101
4147055169
3532853528
-1
2567958742
5243510900
9025732540
2874239665
-1
7069666305
4440884241
-1
-1
6094431895
5954590603
6673750269
-1
4143436733
-1
3579344407
-1
-1
-1
6241517373
3524838418
4859213818
6187128404
9403684712
6794649034
3881998178
-1
4630987568
7583369125
3815859251
5930331525
-1
6671996503
10752553831
-1
8643860321
7663342381
-1
1220913000
3588428817
6699718310
6951481136
-1
8082229361
-1
14998387988
5775447089
-1
11356951707
4909439975
-1
-1
2864068277
7299555168
4359319396
-1
7313824571
7112613999
11343819201
14204833909
-1
-1
4201379344
3217436278
2491026807
-1
-1
4440197244
-1
3629414586
-1
4406198023
5846565086
3077301929
-1
-1
10434611780
12268530234
6020903462
5135730956
-1
5206747074
8545356522
6283204570
9042749161
7371382665
4126524237
7986371660
8170545696
3540833297
2244829068
7284008919
-1
-1
3074555668
6299119442
4370134968
16840636040
5375995815
-1
7198409368
4097260734
10887435570
5814438086
-1
-1
-1
8383265930
12910478429
8191057137
-1
5363367724
-1
2365380328
86590387
-1
2789923666
-1
-1
-1
11829681032
5895812320
-1
3864536431
-1
5169573615
4228587827
-1
-1
2443535469
8892047414
-1
6286589914
-1
5703083275
5957607323
-1
6414025727
5741519481
6391293793
-1
5297049626
3785801288
3853498213
10043685648
6839965333
7788723839
-1
4186048487
4395495285
5248366634
7315888231
7860199649
3321526827
8733370681
-1
3612380387
9208340707
-1
5199376035
2306693900
2178049144
-1
5889689193
4330325166
-1
4273417755
-1
-1
-1
7402727582
10319631126
-1
-1
8534945840
7594090185
-1
4974161466
8740933691
6053943479
-1
4431394240
4282632410
3882807222
1611267208
6462403844
6193138544
3095077740
-1
7230335489
2568118389
7993809768
-1
4669808030
14116622611
4242088451
1590103100
-1
1373041450
7796483222
5779878662
9894719006
1678110131
-1
7952132498
8781310904
11686272489
8875183884
-1
5955610517
-1
-1
12266594236
3919399616
7935413148
-1
-1
-1
7942605024
6766358923
6923270705
-1
7910516153
4089592037
-1
6633695620
-1
3283819303
3429899497
5487847834
9591998657
1266070104
5691195088
5615366061
12045318678
4636974997
11401807483
6988726586
4702075674
1862034931
1560707144
5968872773
-1
7021011924
11821084410
5425599259
5328840267
1048553770
6770087871
4313905028
10168776538
3860346863
8985035342
-1
8623558801
1881513357
6443334572
-1
-1
10025142030
3972348787
6100913180
4390350224
1899138808
2695901820
11740202472
4096830372
-1
-1
6023012535
-1
8984396625
-1
5180469345
-1
5883360421
8107262309
4164495304
3872585329
6959919332
-1
3223971513
-1
6279127897
3627669624
5190212995
9296268057
10291496359
8653530513
-1
4580698957
6178909310
-1
-1
4723421909
-1
-1
-1
4165216747
198023688
-1
3189894643
4841001538
7813461384
3264892286
13791559966
14439609239
4714983411
9067620314
4549665635
6292586262
-1
-1
8625655571
2881894204
5393891344
4663114056
4129168084
6444921043
-1
-1
5402395784
4891294419
6103119603
2909088280
8074267947
3815469093
-1
10252820504
4075113699
10437075528
7543599111
-1
-1
3419860928
4306694432
-1
6915490548
-1
1959054150
-1
-1
-1
7763800799
9389466392
9270233178
-1
3599317217
6645751855
-1
-1
6244008638
6658156761
-1
2361423816
3508696054
6191733433
-1
4147776415
3370630001
8521054905
6998106642
-1
-1
-1
6806929721
8474231690
-1
4354995203
8578701374
7237544144
7677442554
-1
4296848263
7883085098
4466498452
-1
6519116145
-1
1407534529
7165432842
6973825775
-1
5454495801
6163949646
2627785045
6960502829
-1
5955409617
5019582264
-1
-1
5748489058
577248674
-1
-1
-1
6052089330
-1
-1
-1
2627675065
10205849911
3296274771
2724121318
4896588168
12932219757
5174284633
-1
1835684444
-1
-1
6692896187
4279685349
6154711890
6295852903
-1
7191307434
4677477521
-1
6746735711
6716691523
3581484332
-1
3891497050
5643275238
7067190728
-1
6959568356
4484592512
5360666549
-1
7741198128
-1
4843871009
-1
8082471482
-1
5082848262
-1
-1
9489346188
-1
-1
-1
-1
-1
-1
4486662082
2746037368
2807710760
6594448044
-1
2789998008
7013920771
8151625716
11665510220
-1
-1
-1
-1
-1
-1
7573088108
9525496046
5426082187
6205333061
-1
3460119561
7897401287
-1
4934153033
-1
6950519550
2821438514
4256143493
6360049494
-1
3058359150
3430530553
-1
10548961540
11933837833
4451123441
4224658190
4370717240
6667165714
2467141278
6367984793
-1
3529436232
4758527955
10363106276
2552373968
4360624238
6066432550
3835417465
7623993667
2761740089
7868459959
4057063152
5849043057
4811749686
1757033364
-1
5618941134
10177004808
5655584357
8297180427
6983311909
8084129821
3518844792
10123841176
5259394139
-1
2341505452
5723908119
7118897316
8825751435
1851548576
6326676720
5791173007
4113461898
4483465588
5135149176
5242253129
4908508568
3195442206
7404449018
7607963571
7064981709
-1
-1
4347583712
12083421638
-1
6122923783
-1
-1
7437833613
-1
-1
13664188843
-1
3568324600
-1
11673308639
-1
3704337703
4377361480
2227175447
10000793253
4908578199
-1
-1
5138365341
5308794543
-1
-1
4767463253
6482599946
5857654073
9750768854
2795806592
9427832106
7333480321
10902926828
3562786268
7111796723
3883115485
89630337
5130295785
5280596693
4616643165
2322467640
4087275492
4397102955
1691657087
3929347032
3693847539
4831268083
-1
7839657502
4397560483
3786995739
8633150333
4509560453
8243248137
6533103044
-1
9305541690
2777819411
6438547763
2888273893
1542631300
4377207703
2890533779
7624792182
4195503807
3788971881
-1
-1
8887028284
-1
8285441858
4771131441
3217442843
5364214671
-1
-1
9560448701
5564508984
-1
3653026734
7299481816
12726118823
-1
-1
-1
4126313574
9261165217
4039973981
2523670557
10532733809
153403070
5928764735
4553601647
-1
10594076596
4114894593
4463835471
6666771756
-1
6137708175
4616777055
6688870202
-1
4790600911
7905390188
4355305039
1948038395
10159499795
3389037886
5740777470
-1
10336207557
2719201736
6534344857
-1
7441741045
7628475168
-1
5152960209
5852690730
8118311770
8059977412
-1
4945249954
-1
549316067
6851443031
-1
-1
9798424432
2579535739
4119780581
5025181512
12115054073
-1
-1
7174212753
9698623394
4487322955
3165674140
4031579998
254313643
462164531
5940090690
2604610355
5750488501
-1
7243471097
4699888853
3966360240
5284116743
-1
-1
7596754771
5226251121
1994222060
3167905078
-1
5852757153
-1
694064676
-1
4665179992
5987585983
6017537965
-1
5407997166
-1
4957262449
-1
-1
4963863734
5799469820
-1
8658286094
-1
5229937544
2735051485
-1
7620609052
5156410283
11413778631
8525712944
1345023668
2321594188
1409282407
10408564433
-1
4223685998
4521988032
6246754167
210839822
7811598668
2788638173
2824546306
8795440816
4719703021
-1
4678550795
4717874110
-1
-1
-1
-1
2523416635
-1
-1
9295584998
5443631887
4565922429
3231711218
4928094454
9842967639
6316604425
3798255915
1716042046
3940106768
7355887508
-1
4239545606
-1
13394669305
-1
-1
1391123941
4110454577
8358723456
-1
5547638912
5711178776
4674013332
8819280256
-1
4349694370
6916355681
-1
3904583221
9428916064
7909180454
5562781248
-1
3492108638
5751035399
-1
7732508913
2701958053
3531281925
2349492592
-1
4646295280
-1
-1
3508370295
3147337739
4297501414
4771217572
-1
-1
5025492986
-1
7403626922
7595840705
6192022673
-1
2955693042
-1
4539212498
-1
4603637108
-1
510425080
-1
-1
-1
-1
5742026377
4232760413
4447787558
8268350136
-1
-1
6690617345
-1
7040826441
2047009078
-1
2999668588
7146346457
9821006497
5610232332
3453342873
5647616270
3734250955
8579275421
1273600438
8525969895
3815807042
5839018000
2497581829
3504486969
3820781105
8861922455
3697118207
4357715904
7304651316
-1
4947488700
7547481318
-1
-1
3429100820
4961885348
-1
4616505474
8051352244
6523578991
4478455941
5720350581
4569012268
-1
-1
4936116203
7650650771
-1
11851348251
9270509382
2670395172
5523288506
-1
-1
5021783402
-1
4401557295
2319644023
912913756
5950716549
-1
6830011232
10838614984
3425919750
4224634347
4854228409
1910136350
4933743372
4630992729
5727371233
872343538
6909106495
7483550950
-1
7043892197
4264913216
13233424931
10564378165
3985732897
-1
5348213841
3491631665
7789331622
3934930554
8562249017
3903035255
7772273841
3823338917
7041084423
6227362893
4920950927
4258287694
-1
11514052217
9065631479
4573603082
-1
-1
6691206185
-1
6542295674
6747828352
-1
-1
-1
8331995770
8444877593
3909272262
6311489675
-1
-1
5667266293
4796717365
3351439353
5333885503
2736978082
-1
11588528754
4507930662
5066322457
3393417098
8519671052
4960926600
3705823525
-1
7987198401
4901676961
4728806483
4860885717
2891463398
-1
2215788014
-1
12320578130
-1
-1
-1
-1
7261018929
5830563922
6841927870
12069139613
2243530416
-1
4998144230
7254139655
5272419313
4757263707
9292022703
6374232364
1387274349
7749671928
3702043753
5277102855
-1
3744428656
9114459705
4218782249
6362414285
8216965459
-1
5974618753
2651253780
6694717299
-1
-1
-1
10760912188
7976968122
-1
-1
-1
11120035892
1514266655
4463949188
9680700956
5118035896
5084923715
-1
-1
8586419866
-1
4385307503
7267914339
9824844052
12652125250
7346899661
13744747162
4444849825
-1
-1
9052666020
6494559849
-1
4887749329
3332552542
6005410199
5745286303
8177505420
-1
6357505251
3714469486
6497314281
-1
11675091361
7548353610
-1
1418219179
-1
-1
-1
5354732441
-1
7335659775
-1
1219457443
6772760901
-1
-1
-1
7907798926
-1
5434183799
10964320686
5334056188
6519634289
4472580525
6852051192
2299575827
4623207047
-1
3309767551
5579674484
-1
4569162447
5951640912
5884434837
-1
-1
8603938298
1275090785
5387933535
-1
1389519389
3879549234
6948492283
5217747413
7704580060
7385210646
5136103490
3976584271
938315256
2791941098
-1
10456344420
-1
6477587793
3558250282
-1
10501721310
3633647267
-1
4682742664
8413799169
5499585469
4141619405
-1
-1
4431232199
6416599846
-1
2838372255
-1
2769130863
8515984896
6840829002
-1
8254777119
-1
7683636961
6835618791
-1
-1
-1
14578321683
9829323918
-1
6754387985
7748289227
-1
2760712510
5837094620
6403414271
6306099629
-1
-1
-1
-1
4453625654
6431562679
4444802356
8593900442
4338328516
6904829770
6181086792
9264249429
5044634890
3295353490
8719169496
8535233764
2802170779
5347599486
4400683721
-1
-1
-1
8740933691
-1
3518108224
4872692695
3085947510
-1
2921198809
5275050013
-1
-1
-1
3620592713
1727735081
2777848258
7140931707
5726921338
3963297690
4535717020
-1
3534336349
-1
6901961334
4747389466
6180153141
11628184848
-1
3266053049
6338786295
6269226442
4951238334
8403680135
9592095390
3521596888
1704019481
633628354
4144027744
-1
7478739439
-1
5936712894
8510484597
-1
11408520961
6810027250
-1
-1
8337800243
11197744953
8829010257
15717762427
8266505120
8298088062
5750889413
6771483505
9518409632
1841116429
-1
5458181972
3693453151
3828677044
9321055526
-1
-1
5053633407
-1
-1
5113760946
-1
3820739019
8740058453
5485253280
5782520146
-1
4996620829
9464427950
8629521654
-1
7519133026
7626965798
5995259163
4445611779
-1
7738272430
-1
-1
5266040791
4748063307
6577557100
3175266758
-1
-1
2626774540
-1
-1
8179710878
4772413035
7991
2305026926
-1
-1
10817872355
11285737835
5136419941
8828277553
-1
-1
-1
-1
5677166980
-1
5822628989
-1
3065831498
4530113467
-1
-1
5598504798
-1
5135177520
7591777098
4000285748
754543907
-1
2943535647
6594964514
11177442185
3482070019
5551187152
-1
5780690858
7370749340
-1
4143998899
-1
-1
-1
-1
6600379536
7132215958
-1
4803571737
8676001107
-1
6379807762
9475502314
-1
5345100319
4501705798
-1
6947126685
12913991708
6995466120
4586543528
11291387550
-1
-1
5275406030
4005317312
-1
-1
-1
7215414496
2235590413
4251728836
-1
2248328423
1901737940
4313943514
-1
8841825356
3652129492
2298307275
-1
-1
-1
6841174033
9881457552
-1
3304653932
4497470681
3797730328
5734623806
-1
8452129030
3372869934
5289994010
5186817312
7338313062
-1
2457669823
-1
8284820990
4504545166
9995963597
-1
7930288118
2284675159
4246135581
3231414088
6066802200
-1
5388846903
4784299041
5526839603
3471835274
7435296033
5382235340
3034407086
4140078654
5058764639
3195364165
-1
-1
-1
3537083006
1291210701
6254280655
1363372771
5000034933
-1
7069062472
6733174307
-1
10515341442
6218961964
10551563488
2031434898
-1
12843852296
-1
9069289023
5937946891
6297193335
7914001267
5867446553
8650617979
7040160038
-1
-1
10551895595
7868254253
6381527562
5195224170
4501914894
2231184353
4913555178
8725690500
5774442648
6101365688
13584996312
7951688664
4500686945
3649820863
6075209334
7803173864
8696229796
5580744781
-1
6118394534
2433590209
6700424762
2570644218
-1
3057328670
13256741018
7616493382
4163907458
11851348251
3385145324
5118960991
6414484889
12473728826
5911143240
5946260901
4200731073
7064981709
6281822687
7216836035
4130005955
-1
3361750995
-1
-1
-1
6654177574
5340462905
-1
-1
-1
2759349435
6797734624
1949066765
6463449039
9343751682
4956433494
3476553321
-1
-1
-1
-1
3343714837
-1
2158031938
1849486054
8216402638
-1
6524812250
6887743571
5052736949
-1
7727721159
5329623393
9731546653
4856124025
2218840485
-1
7064763062
7405740860
5829963537
1065629685
2323245860
6496663096
-1
7352539257
3286607464
635906451
7461901527
5905143910
11520058889
8935832400
6205651090
1649731266
11080162945
-1
-1
10431547964
6232769556
-1
5440947844
2363147348
10892732888
7096135000
5957346362
10216143549
8834373584
-1
3165674126
-1
5446752136
5709399069
3959808313
-1
-1
4482596400
6522580800
8902473385
5739140828
6912919465
-1
9652752363
-1
4779067650
5795067441
8674204557
9492024697
7739571271
14825259894
-1
4354088771
5106569315
4837239653
5956220717
4238269156
2996484564
2125465119
-1
4677138772
3011687284
5440391392
6130468783
1025534807
2937104733
-1
-1
5729664194
3015943365
-1
2299575827
-1
4124733167
-1
-1
-1
489608657
7276147840
5337734973
1876184300
3535453551
-1
-1
4560060300
-1
-1
8882327676
-1
6885411411
5463135834
-1
5643974595
4637447180
5109725112
10901729697
8155291362
6639592633
4293494308
6215360423
3884562894
-1
6018663037
5486401380
2600
-1
4947166724
-1
3395970442
6699354448
-1
6640473868
-1
-1
7911830577
3009776243
10655696569
3987146451
-1
-1
4129112050
5584520346
5515971585
2745856115
3439503677
-1
2485240240
5955585146
11198765381
6830241720
10325715103
-1
3810693377
5616049382
2489407876
7077784248
3301161662
9685840897
4979900274
11355766342
3610072002
6109314550
10241176511
2772868681
7388293439
5414553513
9498725657
5570959635
-1
5632967424
-1
8545788025
9723368576
6752125191
3378281675
11651909984
5610477756
468133898
3095327219
7268085849
7007845805
7596579470
-1
5911839712
-1
4802342069
6406668740
9859578158
-1
-1
9518446486
11722701878
5708493506
-1
7200656951
7052946728
-1
9845567517
-1
7833092239
4904460538
-1
7998312444
-1
12906558259
13499496525
-1
-1
6172323836
11773061500
1549941790
-1
-1
-1
5626548110
-1
8840601772
-1
-1
-1
-1
-1
6798397583
-1
-1
2528503674
-1
-1
7501143366
6070762675
2598873811
6050489932
6820290171
8200815834
7443290099
-1
6716851039
-1
3579475136
177062534
3822525748
3542587859
5148269026
-1
5148268939
4133368594
6804078504
2061014005
11183138166
5625206915
1798263414
4512604052
9089223171
-1
6220410617
-1
12269514654
2468177797
1220912948
6732519152
6513419381
6394440795
-1
-1
-1
6793802567
8345392139
-1
3031383175
3469739771
6499714721
6253710691
2039963960
-1
-1
5274885778
12650418245
5239967189
-1
3259627755
8834919402
7490286160
-1
10430623045
5980115166
-1
5335641149
8461436797
9765149437
5348062660
9231919209
7248231863
10206821820
4547425360
5563321397
11980367186
-1
-1
-1
-1
9829080400
-1
-1
6325413100
3974783358
5154462013
8152836906
5491807786
2573555108
5774314404
-1
8087898950
1573907506
1629481244
4133239594
2810873744
-1
-1
7487097966
8525561822
5615267348
6094307911
-1
-1
5432705637
-1
-1
-1
4786029420
6711333334
6417346195
9646405216
-1
3146163186
-1
9726436908
6174749678
4703351526
-1
2951420048
12151250286
4793614814
11364554426
-1
-1
4308814388
5940843947
3538280725
10317018030
4806474123
4642111313
10826736559
-1
3975903933
4263006456
5820645061
6482981114
4004307467
6893158721
7340350148
8738324273
6521107014
4980613261
-1
124763652
-1
3543568348
-1
4485213620
2171656071
4144741332
7822076996
-1
5268546103
10508885693
6481627640
4609995594
7068933599
-1
-1
-1
7053343663
6136751606
3660250997
-1
6497312226
-1
-1
-1
7504872253
9265243317
10179405585
-1
4681615617
3341995603
8739301070
3260236599
6752324742
5762224375
5395675081
5587986261
-1
5954980369
4741803952
5337357111
5997849747
3581844662
9342594952
3940798494
-1
-1
-1
6222821116
2196686644
6923892503
-1
9635606141
3418780262
-1
7804831133
3329371314
10235552345
4172138611
3901812893
5791534715
-1
3319820157
10450423686
6754289881
3885581478
11120158932
-1
6295286064
1993954232
-1
6326368846
-1
6855435387
-1
-1
1262180999
8450494773
7563950750
-1
-1
4896885519
4873715347
9405072232
4189501463
8050073793
-1
8451930961
5679891625
4032328908
10583679945
5446685597
5697054948
4007261884
-1
8247876523
4969710308
5549817839
-1
4603329472
2256081755
6590234403
-1
-1
-1
5217853821
5304514673
-1
4136973419
6241895260
-1
5198097915
-1
5289353602
6476579967
-1
10924162934
9118095328
2884051258
-1
4047284962
3872948379
5686332481
4353697373
-1
9484032838
-1
-1
-1
-1
9707214172
-1
8676503539
-1
-1
1286433914
7741744154
2794429591
9265884938
114699379
6320937376
8969972888
10954575477
6126928930
6378575192
8310026178
3367275870
8307749448
1715139746
-1
4675021587
6396770973
-1
837000657
7043885875
1371293561
6173720073
-1
8129866544
-1
1209401903
-1
-1
6653885417
9657982766
75518463
8562658811
10588360051
6753963216
4401531532
10375917312
5705645596
4785501391
6514482973
1478582644
6699117258
-1
5918377980
7045870875
-1
11943056979
-1
4673535625
6103627029
5866885770
4441353820
-1
5225856783
8526789142
1737944553
6021511019
6443787330
6035383190
5144779847
-1
-1
4885037403
5909521087
4062871000
-1
9706415567
12305677969
-1
11408917468
3390535728
-1
12457678345
4062411214
-1
-1
-1
2303046051
-1
6390368463
1746501078
6514127970
6203189770
-1
2463054751
-1
-1
-1
5712275735
3847193574
7327084778
11902241421
-1
2796773667
3200416193
4875924144
7289585322
-1
7160205819
5663570450
-1
-1
-1
13585781590
12505048074
3356696657
4215882218
4218255212
5494901221
-1
-1
5844354758
-1
5629318856
13626987073
3816042594
6855705885
-1
7481057553
15205203540
-1
5901876289
8025794358
-1
-1
6106173966
7467110412
3826437523
5371895139
6456736430
7610284449
6335810490
-1
-1
6146315889
-1
7421451204
4390241623
4676057845
5745355729
6418003608
3594866629
2481981108
5665621296
-1
584895
-1
5426995472
5447194377
3956387143
2903092693
3318475945
2897750765
4110552420
-1
7401957101
4934435975
3564216429
4143762743
6391248901
10295761809
7710120935
12072211387
-1
-1
11632529339
11177284369
3595824080
6645734277
2903175165
10963540689
8465587854
-1
3366829860
-1
5135753525
6377379083
5693295273
6997677190
5691702186
-1
-1
8107973897
-1
2297491650
5463988395
-1
11324500880
3194145489
-1
12842389034
-1
4705932853
4121805643
6417764358
5696897815
8052178074
6284505050
5559142902
6135149875
3059422030
6113147155
-1
-1
-1
3584729930
4144618418
4652111957
5191333782
7696923421
5344853057
6595321535
3558971728
10082265203
-1
5037856203
3058835107
-1
-1
3410292723
1755666121
-1
-1
-1
-1
-1
-1
3398993587
7659965505
5146503737
8675726422
-1
7698756255
3329444969
4116858835
8144734167
-1
6170867334
5378840127
8658969897
2920076799
4386604397
6892550214
5267971573
-1
-1
-1
1425670744
-1
6485270199
6062551396
6220790642
3881936780
-1
7205742915
5405283554
6802393436
10072876243
3084015428
8725495335
6666050403
6667115476
4256911471
2926718780
4454316267
4076507635
9330169102
10904401063
-1
7124558740
-1
-1
-1
-1
7733628040
4157407226
4383301364
3475509860
6108066860
-1
2027186707
3507227709
6072830473
-1
7649577464
6044867533
3421121032
-1
-1
5098749852
3789645400
-1
-1
2804914565
5665159907
-1
-1
5498648605
12665426110
2488458981
5582120614
-1
-1
-1
2932717022
8077227441
14461336761
6902995451
7315199552
3763330143
-1
8838156110
7423558760
10690663506
7383294168
-1
-1
-1
4653463518
3666897575
5961259878
-1
3075424726
10095933509
4830987029
4037292241
5468901023
5235355020
2613431766
-1
7300824357
7269193164
5699303285
-1
8684557659
7566009449
7032557257
-1
-1
8617144973
12810215876
3629655320
9512214628
8682412660
6932666557
-1
-1
-1
6570545724
3484646697
6460812071
17266461038
7287460092
1479085148
5592184214
9206473934
4256116188
2553944248
-1
-1
-1
5790690264
2448746959
6975897932
12908506041
3639332167
1568422102
-1
4983730059
6699854272
-1
7533613143
-1
-1
10135289139
2550842907
12912895173
9391847525
-1
-1
4365356475
5788808987
9236228361
8033855332
7363734373
2898987063
5672260699
-1
7458750537
6645356644
3581917120
-1
-1
6238430788
-1
2595751828
8559057427
5240517745
-1
-1
-1
7770791529
8056913204
-1
-1
4668739444
-1
3754110961
6649342479
5339960625
4205744374
7204931594
-1
14305430154
1446975530
9191728228
-1
4396831195
5492329716
-1
2936941225
7703859920
7969522942
3904946375
4518470096
7048205129
-1
1105752673
10022937174
-1
-1
9047175951
6857721889
7682764526
9775828184
5294241374
8604980088
-1
-1
3570512223
2424433264
6572974862
4703033071
-1
-1
10711037453
2842622987
5064081364
-1
5187356563
4264471334
4717809209
1564175155
-1
8724739027
-1
14760605893
4550140350
3943386666
2927615783
3702024815
2582179766
-1
2402166925
-1
-1
6091557107
3652678653
8308474430
6827127073
4594381295
3878228639
3579134865
8496961038
4928187944
4097849582
-1
4233723949
4167192188
4324472093
-1
4827441052
5812548670
9399107610
4703246449
-1
7659214377
10126789572
7078685334
3395504602
3126595270
4936326122
1776466990
5199347498
-1
9323841982
-1
-1
11760266644
3111405139
8322025914
6851078832
8387579706
-1
7161425302
6298399588
-1
4484196757
7786008404
12080929161
5398812941
5365923272
721381743
-1
6305912863
3789263344
3571925839
6214316285
6049253722
-1
10691310424
-1
10459394412
4043671171
8656670881
4680240592
5514915492
2791870541
6501659118
3293244231
3216163712
5144037216
6709794935
8500504847
-1
6913017233
4240742103
13847457223
8204983273
-1
-1
7678428757
6907615901
6487140874
1374308922
-1
7648324659
1768128217
7848296505
3695069912
-1
1971881572
7337819431
2565002638
-1
-1
-1
5426670410
-1
9057118542
2568603822
5743722399
13590853727
13570545818
8031244753
8233001829
5112079774
5751449258
4149660978
6047952212
-1
5655880256
4814082235
-1
6289545393
3239233303
-1
3203008965
2829615474
3396899609
5982119479
5491554548
-1
-1
-1
-1
7627385470
8108167898
5664849689
10546963171
2259113019
-1
-1
1256231103
-1
8102878619
3531369956
6930615029
8401469191
2293233783
-1
8767403298
6006783080
4418857774
4607305298
4339166599
1326687983
5013366156
3264744450
3435590211
-1
8267556201
6455319325
6781123694
-1
6764695673
-1
-1
3845647229
10592720902
-1
5796290261
10798998718
3154334558
6366117772
-1
5682611316
5384648003
-1
5978222965
7291198739
6170727280
7670679292
12691541276
4091553454
4951482319
-1
7793598188
8601729406
10271815935
2377828161
-1
7705766766
6679706915
3938047551
-1
5588944681
10048176164
8022257993
9165799664
-1
6120816124
-1
5766671766
8702534023
4747259845
9579539211
-1
8285198007
3254244206
2966347629
6995117963
6405711530
4860166429
9262667821
6686927740
5084191816
9175125339
-1
4115443549
7812974169
9501417898
3565282768
5879571722
2568062258
3601118069
4671455367
1668858701
4140023571
8201237223
-1
4150299519
8876618730
-1
10339891387
6119008139
1729688703
-1
6790541544
-1
2305643212
-1
-1
12922719180
-1
11858013942
-1
-1
-1
11045933664
9697391183
-1
7910657234
3209032192
5063605174
-1
-1
3491382611
4795300313
5646043961
-1
8861798454
10007382086
-1
5372816769
10924017842
647290278
7439863930
7954205053
-1
2754084344
6763973184
-1
2872342119
5745332087
2445625285
2362221811
8699213464
12667643976
5774441822
4396084338
8045878823
4303775351
8880231731
2845343388
3763897262
8310512948
7393489355
4868244740
8463404820
8736967375
4482456750
7036123643
-1
5690395690
6793576086
3971357347
4611963313
-1
6180581016
8109544330
7901858531
-1
5387086727
-1
-1
7119306919
5654562833
8333581883
3260334192
7148849969
6891945717
9130138403
1359730149
5083894571
8583180726
7174381184
3559891191
8792991152
8491737061
-1
7371947500
5743172857
2627436632
-1
-1
6977572542
7741740668
-1
-1
3625745449
-1
5699654220
6610328682
4643476290
5536077223
2042711538
7156389617
2527898399
5146618174
3540236105
3213696367
7777595019
-1
3
7097539483
8249749842
6557355886
5713743006
2762934727
5773712036
8473973018
-1
-1
-1
7258888533
-1
-1
-1
3834570439
6469897878
-1
5005474766
1233197812
1501629668
5040618093
9608492244
6348485447
3941968627
-1
3131229327
-1
5605358593
9929559780
9917311804
11269260144
6559002406
5208719542
-1
-1
3779401578
-1
4456382992
8410268291
1875850180
3744292757
2090612038
6432423680
5242453255
2554621414
-1
1636433175
5966967325
4311630739
-1
-1
-1
5467068509
4448192030
3557268370
4563747904
-1
4394078010
11767282631
-1
-1
2149078960
8390698248
8329155475
-1
7563208126
3444310348
-1
1989580932
6305747561
-1
10628417564
-1
-1
2551865335
7401185341
4015059204
-1
6025527150
2643359388
4696356769
6996021707
-1
1542014532
5060682476
-1
4788775272
6265418393
5603637361
8052506239
4100027426
7017211107
-1
-1
4107335584
10421645975
6055352368
-1
4849699020
-1
9186824084
2627203969
10595910447
7209393299
4114010304
3013880034
4603083394
4860606305
2006346126
7602977241
4102452454
3377942390
3936847351
-1
-1
6402178506
-1
-1
-1
12184424113
11111976766
-1
7910159150
6221442429
89146411
-1
-1
5682083913
4994971866
-1
6543007687
4506420983
3813939113
3117820913
5154844219
7062684730
8121202834
-1
6068606554
8510621953
12083903018
7548701068
7634617049
4319717634
-1
-1
3287227037
2122818523
3935841843
6372435481
-1
-1
3960806455
4722539417
3249331454
7254684612
7959178841
6439330611
2776298541
7176187310
5408717668
3216960828
-1
4297462226
-1
2016725397
9209935774
7001683990
9304533212
4097023428
6777279733
6702155778
8704566662
-1
4625715947
-1
6578253856
9184321207
2141757893
9695663060
5236723488
3093633169
-1
9838039691
6392690487
3083702776
4350842449
-1
5158854925
6194026571
4481354632
-1
-1
12114695330
3524808395
-1
6996707540
4002786810
-1
-1
8966108594
13982743163
3284543843
-1
-1
3057836094
-1
9107909882
3369987295
16606089699
4774142890
8496562542
-1
5866124262
-1
-1
-1
5583991801
6325557460
-1
3740398545
-1
-1
4285447397
4197076289
-1
-1
12955509613
-1
2899938327
-1
6342627138
8198753189
-1
-1
7580898317
1620888666
6419523920
5198051445
7593316541
7537298367
2746304155
3950473887
5603822533
-1
-1
4435073605
-1
-1
-1
5365904418
-1
644561233
2259909041
-1
1542337181
4468254582
7285030463
8803129578
6380233864
10172199261
2937660053
2736978082
10339773035
4877180206
1472323022
-1
4537735220
9753851364
3539636846
8411471916
-1
5017288073
5981057513
-1
5988609896
-1
-1
-1
2990462765
914451980
-1
-1
6420305808
-1
7401402955
5088490327
8407997181
6955535486
-1
15629471089
6118827603
9041836334
1852289197
7181340776
-1
6480753740
7065564655
4994882120
5015939210
4454792512
8110740358
4439077578
5355932657
6304687087
-1
-1
3843261656
-1
6167042078
5563520570
3179944097
4768723111
5885306012
5036427009
1893142791
7422250194
-1
3992740298
7698963364
5458764212
9278982998
6373364412
4922998855
5187878282
-1
4374428679
-1
2810415821
5500000330
3497674239
16798328211
8683290434
4907360338
4057413549
-1
2384579757
3977137784
6627045687
7018896095
3708751042
9272203536
7291054407
-1
6523236682
4165332471
10212350552
8040498323
6549945476
-1
-1
4139095524
12028322451
3703344451
6220925189
-1
-1
5987121000
-1
-1
3551301605
4283369895
-1
4939017239
4802820594
1664331542
1586625732
4322079890
4736795217
2970722444
-1
3224072242
9313078187
8172376263
-1
5221968407
-1
4770808785
5201595568
-1
-1
-1
3021525352
-1
6261958859
2852121930
7097489662
-1
9788269605
8360675848
6753724160
-1
5800360818
7482358583
-1
3409783826
1243976074
-1
6552255867
2224570849
2601024689
7306823691
3369926087
7569874510
5287567795
3777628949
12147088269
-1
5129584778
12884528382
-1
1873976271
2247131649
4205874806
8269796481
3332309162
-1
9409099943
4176939438
-1
-1
16395554367
-1
10252681122
7060700416
-1
4592700377
2581623236
12180818243
7081236096
2663755067
2698496028
4088855256
-1
5911750382
4631200730
-1
-1
-1
2874049590
7619553096
6448566518
1995863284
8740611354
2561686297
5861635416
4183632479
7606413591
15257331112
11217950756
-1
6563115984
-1
-1
6906378668
7465315754
-1
4105737670
5456031429
9230952438
-1
-1
4816432756
3502882431
-1
-1
-1
6696796901
-1
-1
7838111442
7150919041
-1
2313818762
5669316445
12319759439
-1
7783728140
-1
-1
5226904888
2015199189
2867731427
8629163055
6123467888
8698301603
4587135569
5555203126
-1
3716890820
5114815800
9342594952
-1
-1
6837171162
5796675064
2876141261
-1
5292182915
6763873525
-1
5191852761
-1
3684464030
-1
9156941456
7806852077
2649975625
2915335128
4684205245
3863106390
10605283030
3389884503
3251588592
-1
3046724620
8233456288
-1
357517255
6780970490
7914880692
-1
-1
-1
6384280265
-1
6906418566
5402407708
7892202376
4826066298
1870950174
4750540837
7559573360
3572997699
6842649240
6631531159
1530983582
6652617914
5568505564
14050068707
-1
-1
4222071543
13892057349
11677033045
-1
9671144715
-1
7399238772
9150969300
9095143896
6054368801
8685483754
3430684751
9695665069
6172599742
7457492047
6825281548
5098818614
3265243178
4112322483
1770085873
3350897555
4391622579
3894086643
3167178891
8340754880
-1
4999673588
9289994488
7260520851
-1
5107092218
5032115887
-1
6450912283
-1
3251261721
3011703804
4820537552
2216207680
6139778408
6359023464
4640452937
2950787388
7294410547
-1
7595018629
6669231720
4034839009
-1
-1
7284255486
5695900754
1250284733
6028114017
8027287906
-1
7540129758
-1
5053671936
4323174914
11104919215
6337607064
8547005204
5549177189
2802542186
4227598220
8227208066
6136533719
8807369883
3140558534
5905609021
-1
-1
8175926662
2065037548
-1
9067671816
3726987189
-1
-1
5535102638
-1
-1
4006469756
7597297655
7864563315
6900398101
5256061902
-1
6790896123
-1
-1
1934128212
9045084246
7280565596
6875422003
4696169210
5465861455
4353668143
6176863068
1749231739
4137681951
-1
6623830853
6388585708
-1
3319094214
-1
9744575830
-1
1790636029
8417571458
169621578
6412761644
-1
10432262996
2748060407
-1
2495996701
7261677772
5625872063
-1
5819249996
5068110085
4212829050
4411863987
6417260814
3555768528
11816811859
-1
5809286961
-1
7273413755
7433660223
7088309383
4346958713
5608085486
7048580244
12268585423
-1
7412893151
3555319677
3562340441
2835678708
5008569435
5397390244
-1
2163793649
-1
-1
1680818656
4256778818
8493863682
-1
5359832388
3916027654
3744858923
7150255586
3191750887
4513424788
8583786144
3750504055
6760581773
5697542381
4341627085
-1
5708506563
-1
10647291090
7288878368
-1
6452857157
-1
7259726318
4332462429
6147061963
6924788945
-1
-1
3000690712
-1
2843276114
-1
-1
1358222895
5935759463
-1
5743809778
-1
4752618596
-1
11597264218
-1
-1
3604483858
8720978995
2422612974
5080294542
4639989739
6903278212
-1
2440993473
4339583717
-1
-1
10824659160
-1
8087514603
9198994023
8871471035
10713692395
-1
6059755617
6292303498
9141255039
-1
6181625468
-1
5264059333
-1
13176295760
-1
4627705172
5931570371
-1
2342620489
-1
3335720565
5017514998
9644124215
3890056149
-1
5322203611
7034282339
-1
4848145592
5114552769
9948896771
-1
-1
-1
4001410920
-1
-1
4332348066
-1
14771514201
-1
10438284934
4137035806
4210466854
7403992503
6390568596
-1
-1
12718203663
9204950062
2222609834
-1
3646558815
6422840120
8632233243
5144772204
-1
9020616016
-1
12731455852
10907403802
2609793004
-1
3372774328
-1
-1
8532571227
4966956977
6203174579
1256116697
2262352921
13345007030
2842958746
5171324339
-1
-1
-1
-1
7169125030
6830065990
3386054680
-1
6390761956
-1
6895695910
4080509427
3846049205
6347527307
1975456632
-1
-1
8093540977
13034403866
-1
3405209994
1369087114
6043747607
2050787490
-1
10990417423
3622442374
12012685063
-1
8487117148
-1
-1
-1
6052649414
4254711177
3052977773
2802397395
10880451310
-1
3796550011
10314129722
-1
10187897257
5077592771
8121793340
-1
-1
-1
2093028686
5366331142
6804429277
-1
-1
9229641092
-1
6525667592
-1
-1
8757503650
-1
-1
3418783164
-1
4795759668
-1
5545137432
-1
11791682242
7525361014
5530208828
-1
7670625633
4130494600
-1
-1
-1
1175257249
4297062338
6126056934
6563560029
5533135493
5739892224
4831162433
-1
4310763197
-1
7344141176
-1
-1
5332309248
8993419017
7063185878
12597380425
-1
3242234156
7461411388
8636330912
9083875515
-1
-1
7567065008
7876182999
10247547151
-1
-1
5368260758
10042661345
-1
-1
3143655370
8917040671
4045570204
15052188744
11089973803
5202895853
5370120894
7368841627
6066907888
-1
-1
2198122673
6235121326
3815200421
-1
14656238078
6371499533
11467533189
9637240385
5903439208
-1
4993851271
3029788867
-1
-1
-1
5023814409
5095710614
3585261227
-1
-1
3261396688
14706010371
4952773021
1264418031
9428022033
5180811928
4391099637
6562237833
-1
-1
-1
5081441673
5894422675
7023675781
11063748043
8413791791
4896944207
-1
-1
13584711233
5741696616
-1
8333735038
2440768816
7002124128
6349101260
-1
-1
1881513357
10239756750
-1
10055557422
-1
10334085676
8969797106
4002902026
2555427187
7796785495
-1
8364654684
9697439067
8916124100
7344052054
6264862582
-1
-1
3810137272
3114797839
-1
-1
6428239540
9723984278
4621934729
-1
9992984982
-1
-1
-1
8674143401
3967310819
10869449951
6159718105
7840968369
2836647164
-1
-1
7435830466
-1
10686853914
17010540770
-1
-1
7551192325
11645927280
6306835064
-1
4776462185
4776765174
5099729812
5931906647
-1
7807740764
8546175243
3085409283
3272649074
7943646633
13698819250
-1
4986596055
6650353270
3818148666
-1
4093214621
6110282009
-1
-1
2884721291
-1
-1
8223879325
10017244515
4333578343
3659220487
-1
-1
-1
6091222929
-1
9064700421
6993350256
5046801146
4502367157
3988633217
-1
-1
7365508550
2862741775
5752555812
-1
5554064288
9995072874
6397263483
12944793353
-1
3032009229
-1
-1
9272320028
8879808974
-1
-1
-1
-1
8072733529
8695961343
-1
3862970560
-1
-1
1738058131
-1
4108440380
5312624050
-1
-1
6178212544
6712994803
9399995158
2944354963
-1
-1
1302869135
6877308803
4783381441
6614194403
13168084367
-1
5336572095
7204907386
8473646513
6056883486
8724961655
-1
5338193436
4572336133
5953145269
5169143425
-1
9063048976
6053552137
6151355270
3218849129
3396763411
9492336902
13877035588
-1
421370935
7789391515
8474956481
4293832445
-1
-1
5639817962
3530021771
-1
-1
-1
9387646914
2468007384
1796992345
10049558109
-1
7835559466
10285345538
6278040933
6176012949
9282196394
6237547125
7413656907
-1
3046947422
5111073391
-1
2079045627
5498978311
7203033540
3325221530
10427284639
6023012535
2830627133
8448934197
4280963517
11243076665
-1
3318475945
5078776312
3283457538
4397442597
-1
2935623575
-1
8392670815
-1
8607757747
3165696010
10900757091
3830907382
10948126369
10800885396
7479163251
8406451735
-1
-1
-1
14157594368
5686818082
2914369651
-1
-1
8817984368
3949525165
13981885980
3212727958
1772001882
6285513285
-1
4273570624
-1
4245536884
-1
5399062129
4792225024
1328558076
-1
8528437761
8520506154
7304139952
9583413571
8117489873
1398261002
-1
-1
8492507150
8065777583
5976119782
1639069677
-1
3092993899
-1
-1
-1
5075193895
-1
-1
4135013308
3032250524
3187587527
8522101764
1091877083
9354894474
2151592254
6341504494
6899173634
8090051604
6159235434
7428037227
-1
3515043721
9476753291
2413214933
6429488106
-1
7784529772
-1
5009454651
9289451443
-1
2988198422
1365023604
4318665865
5974003520
11853802081
6482647896
10733646342
6170725820
-1
4574861335
-1
-1
3213824351
10451968136
5413050848
7609871372
-1
-1
2686901829
5498694028
-1
1649640943
12492281898
10793943475
12276785705
-1
-1
5691381475
-1
3902355763
-1
9958375064
6317790847
3049728510
8275026885
-1
5621869457
4908303842
3847972332
13741741112
-1
-1
-1
4443863554
-1
9508322258
6167466045
10146878148
4588823420
-1
-1
1484620520
4968218123
4536226981
2791448558
-1
5450223454
8371125378
-1
4921815693
7693444743
9099965689
9657699836
-1
-1
-1
4269228233
-1
-1
6190725499
9324120540
-1
275686084
-1
-1
5133856594
3599557139
-1
-1
-1
-1
7448331870
1330732492
3141920385
7582715283
9516910600
-1
-1
10874774926
1815019131
5252109894
4234002238
-1
8850445224
9180412648
6992793655
10141034321
5055981957
-1
9040591225
4913956747
-1
10577473893
4568829981
8887602468
-1
10009715468
3593656341
-1
12736039712
7006576489
-1
3311461316
-1
2753098332
3220077398
5728088758
-1
1999659434
7416305900
4104765670
2477108731
9029343030
-1
2326262515
589405661
6379554286
-1
4560719988
9025705060
-1
12080929161
-1
-1
2717559577
5028793882
6995609556
2393183736
-1
8318721368
-1
5218738532
-1
3705394583
-1
8918029714
-1
2351751096
-1
3504276492
1943827079
13574227775
8428929737
9675448585
6910837340
-1
5174546719
6616141585
4322231303
3344078196
1104656574
-1
-1
14103622722
-1
152263894
-1
5367437992
4365327222
-1
5981328834
1726753846
-1
-1
-1
8578443241
-1
9904878798
-1
2281808263
8111009851
-1
-1
3054175536
8033945703
-1
6503493523
8141086947
10296030189
4775576058
-1
3721600644
5324616779
4147698529
9347027129
7804606412
-1
6040912947
-1
5566125573
5446113146
12369465675
5335977533
6006394683
8782062179
-1
8195280163
6062024360
5568386562
8686772340
-1
-1
-1
4950619301
3177428895
7623883153
6546492367
2667293636
7059584737
6118205191
4701780313
-1
4842340210
5555779426
-1
5119306020
2312536649
6650278715
6432002187
7284175375
6760858161
5044414624
13102135897
-1
6586124630
7493541178
-1
-1
-1
-1
-1
9568559963
5452488632
2293868203
-1
-1
5276794833
-1
7984129777
-1
5047445473
-1
-1
9063846750
5384539358
2694652067
-1
6984476294
11861987763
6504505782
5194106849
3258665177
-1
3782273101
7543791189
5742809551
-1
7359740997
6260829318
7347842117
9959220669
12473575003
-1
4480676680
-1
1854899208
6260801665
9161877563
2552910849
6435413422
4992308603
4807754150
-1
6103531357
-1
4616674432
7865676284
5008816529
4933653210
5995336840
4741038557
7587697251
12939939156
-1
-1
3190683418
-1
7470800488
4370147916
5694793058
6176454589
1228147424
2417778796
7973715462
-1
-1
6462237545
8295364939
5973382086
-1
5986007161
-1
-1
4561261935
2478785709
3350791284
4130399055
4186744945
58085259
4366247816
10476209121
3608934641
-1
4465815295
-1
7632154157
-1
-1
-1
9077555641
10072737032
3711762239
8894718590
2282010540
3835336400
4185498751
-1
4639447055
-1
4868639739
7346133231
-1
7500100333
-1
4756739289
7988018064
7096226352
5431990559
3330876499
-1
4023799806
11036084078
9667259847
-1
-1
-1
8932120325
5249346344
2181263077
8440453755
4370245518
-1
11653851366
6728760660
6321363450
7115015511
3077161926
2087423859
-1
-1
4661907851
4619070323
3286054614
8145995796
-1
7071483653
1308073920
7680085839
4973154085
3171742715
-1
3211888653
5321698515
5756850588
3508840981
-1
1870398641
8835348640
6031300199
7301540315
10015484215
10824200144
-1
13011613409
4142402950
9451178806
4551452882
11766099499
-1
3587487668
6886456766
8974675923
9694857228
13242189855
10327410674
3215566456
-1
2328112210
-1
7148753554
-1
7358060884
11267915299
-1
5584192127
7241366664
-1
7934833997
3914257356
7602496418
-1
10079030718
6425776974
-1
-1
-1
-1
-1
5749003447
-1
3987386110
10336322565
6318139432
1013136505
6434616969
5123695420
-1
-1
6527242569
-1
7729999561
-1
1302883316
6994301422
10724672226
8828425203
-1
4920996846
5994307294
-1
8973217568
4203433245
-1
7426695744
10874076734
6302619803
6758933130
3904235485
4624483856
7119302260
2696572956
-1
4976030584
6641497240
6549779267
5854995984
9872523479
8431757774
7804700810
5818895611
4625818494
1985281922
11129799578
6459299377
4893234146
2314533374
-1
6586286642
5040584597
3561744381
6082853661
2794196193
3571645464
6112750441
-1
1229711368
11800801363
4711219765
6718626719
-1
6192502969
4492592287
4881736718
7295638215
1651250324
3612742273
3632293481
3330279712
-1
4609531747
-1
4368612745
5259351269
-1
984226745
2595919340
1380418268
8840536284
6308304224
12075930777
-1
5271617660
-1
5273294977
10615384043
13505074666
3815175871
6759266793
12295151850
6599377240
-1
3191633060
5616143427
13604404138
7929639299
3610391477
2275579826
6538088421
-1
6505798871
3458836851
-1
6705408833
4841393336
4927665284
6010291319
-1
-1
4177778037
2319380448
5563601873
-1
4502302103
6869170626
6642076776
-1
8976269665
-1
8298538819
-1
6659022372
-1
11079230087
7687737213
8077133141
-1
3311203690
11310237388
14044536689
9156330489
-1
-1
7531046101
-1
6579146882
4675463505
6088438476
-1
3429937512
-1
7036174873
10808429309
-1
3077336275
4996340668
10474018653
5702208036
3231489946
4327544080
3858122347
6529508091
6807142042
-1
7798597503
1257891024
5849970659
5336582929
9455842741
4478930638
-1
-1
9915205214
-1
2497510171
9022214391
-1
4815946669
-1
3918512901
12274684926
6310322698
7412463655
2288489622
14056651129
-1
2171484100
3561658280
-1
5632421203
8939886466
5369796366
-1
10944459250
-1
3480434564
5577002475
2362221808
8533255327
4349575793
8487961291
4652421249
-1
5326174726
5722837815
4699833307
9708590955
5785704952
-1
5874370064
5980199974
6769766448
10140492734
11391235500
5882339020
-1
6328235902
3490740746
9098679200
7214597901
-1
9289317627
11260762093
1701271349
-1
8043941338
5370120894
3182133336
93528388
-1
-1
4060276475
-1
2074073291
9623755033
-1
5455794945
9300798879
4505010911
4312285976
8774943261
7981808275
5416770206
5815356571
4711871626
5675532442
5429739496
3463409809
-1
5944137955
-1
7194376227
827231026
6156672257
7438833347
19881336933
-1
10855504425
3160402238
-1
-1
8599260790
10472773187
2388113792
11034078929
2819341515
4776057553
-1
5282389403
-1
-1
3022163341
4595311758
-1
-1
7839563262
-1
5303066333
7808810591
-1
5095297797
9298144622
7427834612
-1
5132127137
7190246910
8438642441
1374884763
4521331687
4910942870
-1
-1
-1
3268738717
3032395659
7686643522
6530300299
8947241172
8878219490
7499636728
5355351757
5292479612
-1
-1
7941695023
8091432595
-1
5760299155
4390272423
5564443471
-1
7872005211
-1
-1
-1
5001210660
3820528533
3849083735
6683750536
3976633933
3357491812
4351465508
-1
4106037193
-1
3032289298
-1
-1
3866065254
4458307667
-1
-1
5219295497
4829456908
4283536667
4382305194
-1
-1
4238822436
3921509335
-1
-1
7709068972
3531155429
1381243944
3255692014
10500824375
5802209653
7242432359
6448183019
2737469938
5524524747
-1
6936797077
-1
3735199181
5334862564
-1
3944198644
6295231645
4905852971
3573127955
13859341735
-1
-1
8222627591
-1
6370611700
7017690553
6449216779
-1
5884656656
7620530714
-1
3190596610
-1
4844114000
5597025050
3257220112
5829156446
5605372344
2929132517
-1
4598609720
-1
-1
4882663245
6535436619
6146294339
2110939883
9858730838
12740355750
-1
-1
4601581627
7213643978
7205089179
5124541407
5341232427
3489000624
6524128064
3577630076
11140948689
-1
7668765946
7891296611
7073864845
-1
-1
7017096612
-1
3438673890
4129283892
-1
8530212358
-1
3425740635
-1
10641168700
6609757340
6988643840
5974332969
-1
13374719258
1204527872
5109846526
4926262483
-1
5309051890
-1
-1
14584804080
6775559320
-1
7548364394
5909862190
6522233319
2834216653
-1
-1
3079431255
-1
6476306424
8138445799
9450925244
3535117460
6489924719
4318674529
-1
-1
10090724372
8030393145
-1
4153001230
-1
5473282842
8902269712
3479316939
4091423318
4114376248
-1
10274254211
5608029123
5836182453
5926183957
5459196170
5106997951
5936344037
-1
5387407387
4435347841
16888007576
7831706487
-1
5269242580
7859157207
-1
-1
6366701142
9386823115
8412128845
6339039525
1791004042
456795681
1390185550
5335575664
2375804208
10373855188
6266263835
-1
-1
5369756753
4629995561
-1
-1
4517775189
7642353677
2841089937
-1
2866507718
6443526289
-1
5413661336
-1
10137102079
5075048496
8694744275
-1
12064454851
2754502490
11375034112
5714728645
-1
3961261862
5191232501
5191680559
12225958633
-1
7072474136
-1
4365905537
6593691175
12098924396
5017795586
7143166878
2330299393
5554822720
4729972764
7198905919
7484893536
-1
7159648905
3971456695
1426274047
-1
4092384539
10937204074
6972203257
5096343391
11342325905
6253585323
3966228793
2868109760
-1
5901831670
10218137338
7429304297
6709311000
10590373411
4305158226
9275132659
16597312073
5789406466
-1
-1
-1
7706616535
7367850372
-1
