50000 50000
1 17989 18788 627
1 10782 23598 135
1 18186 28026 787
1 18575 19104 612
1 13936 20859 21
1 20612 26728 650
1 12477 25497 946
1 1064 7916 999
1 1879 14298 383
1 22604 28006 616
1 4879 18647 95
1 10996 13654 682
1 16462 24198 63
1 6103 18686 700
1 9935 18816 25
1 2533 7395 539
3 18932 21939
1 3648 5973 767
1 16985 23761 258
1 3293 3446 847
3 14878 21195
1 6916 17732 687
1 11517 23316 257
1 5965 20692 379
1 9008 13385 98
3 19786 21354
1 18678 28484 293
1 5042 5848 532
1 11470 26032 619
1 22226 31632 459
1 25157 25527 486
3 20306 24883
1 28333 29847 998
1 6090 26190 793
1 1169 11206 679
1 6934 27344 700
1 4859 32536 140
1 1684 4440 787
1 25428 27329 973
1 24397 30420 751
1 10401 22220 701
1 2643 25377 197
1 18072 29456 996
1 17314 25898 912
1 6117 29668 990
3 2551 23057
3 17542 28977
1 10651 14683 285
1 8703 18198 503
3 15801 29605
1 8279 19720 144
1 13189 31228 929
1 8907 17309 924
1 7230 21154 867
1 21818 29378 675
1 3981 14840 982
1 6031 7274 303
1 3004 21566 199
1 1272 15961 640
3 13021 20609
1 14264 25180 465
1 1492 27950 363
1 8700 20484 489
1 20938 28475 828
1 22357 26598 545
1 4084 26588 273
1 20552 27661 735
1 3926 27449 672
1 11258 14811 174
1 15365 20447 493
1 141 27821 578
1 14402 30889 96
3 14102 21732
1 29813 32483 704
1 4584 12819 373
1 25651 26714 370
1 13221 23715 642
1 6522 8331 244
1 22466 23981 133
1 17075 26381 271
1 23655 29075 144
1 4006 32499 629
3 13681 18272
1 15695 24140 438
1 12751 16855 659
1 16815 23583 821
3 22952 27856
1 16017 27797 599
3 100 10981
1 7715 10762 792
1 8341 30957 62
1 2188 2638 56
1 9353 22472 271
3 24850 31932
1 25096 27403 78
1 20556 23383 60
3 8762 22580
1 8196 21406 496
1 7057 17184 716
1 5341 15985 776
1 3753 8071 272
1 2451 22386 801
3 9624 28905
1 8536 21095 352
1 10939 30474 651
1 21828 29315 849
1 7636 27893 248
1 11139 26356 196
3 6100 15949
1 20201 20535 312
1 17121 22623 237
1 8312 28697 34
1 13602 22073 357
1 13458 31146 139
1 5291 28892 707
3 28201 30695
1 24405 25557 6
1 2596 16093 471
1 10237 22641 426
1 25263 28567 671
1 12293 22250 30
1 11728 12114 489
1 20297 27343 972
1 12716 14754 10
1 9194 19910 266
3 8092 11968
1 8973 32127 285
1 6239 31179 500
1 27408 29581 893
1 1889 13132 924
3 1261 4301
1 5069 22263 452
1 5858 21718 652
1 12457 23648 441
1 6093 31577 916
1 463 15356 22
1 20751 30834 480
3 702 25554
1 13025 23745 905
1 240 744 643
1 2339 19947 622
1 22236 29235 885
1 5283 21500 559
1 6999 32121 210
1 25 16834 545
1 19055 31497 886
1 25536 27386 388
1 10020 28219 508
1 12171 32037 450
1 12417 17746 409
1 24428 28219 413
3 5321 31057
1 13201 16572 289
1 4794 25945 739
3 6286 13434
3 10 8590
3 19082 21424
1 8588 26173 488
1 17050 24729 106
1 10032 25377 525
3 19398 30759
1 6105 25735 63
1 14031 21864 941
1 8982 15746 676
1 7313 11881 40
1 19327 19540 746
3 6746 7028
1 10778 13574 6
1 32305 32601 360
1 15761 17970 666
1 4022 11598 652
1 2439 20668 365
3 23135 31339
3 31472 31748
3 2296 5159
1 25230 26684 590
3 1999 15225
3 2407 16048
1 6215 27880 188
1 29282 29855 54
1 19534 25928 847
1 7550 32079 32
1 1909 24578 35
3 15545 21009
3 8697 17384
1 2839 22331 446
1 10334 22525 989
1 2118 28437 240
1 15622 16150 286
1 12264 26571 545
1 22854 24184 788
1 5600 14900 845
3 11013 23297
3 24100 32221
1 14430 31787 257
3 4384 31593
1 22872 27855 200
1 6717 11835 109
1 10620 26498 578
1 17928 26263 834
1 611 7658 95
1 7996 9241 76
1 7309 14514 646
1 26665 32503 583
1 6062 6346 811
3 2211 24286
1 1521 9699 886
1 1247 23152 286
1 11508 23782 427
1 9781 24487 445
1 20152 21681 322
3 20460 22158
1 14460 27021 301
1 595 25036 166
1 2027 30856 863
1 8024 28898 847
3 5679 19110
1 26728 30653 929
3 1334 8742
1 20260 32613 647
1 15943 24355 978
1 9460 27681 704
1 8460 8566 209
1 17269 21317 700
3 836 23286
1 17830 23451 266
1 1728 5899 601
3 3103 30132
1 19728 28918 238
3 5623 20976
1 3317 13354 660
1 14834 30361 51
1 25294 25880 777
1 22020 26246 691
3 18017 23126
1 1120 8248 624
1 7120 30862 268
1 12619 29323 518
3 29275 29332
3 28881 31241
1 4851 27127 306
1 4898 12606 684
1 13375 31033 562
1 9868 27967 431
1 2927 10910 624
1 18763 32089 13
1 18417 25556 985
1 23445 27503 559
3 11567 28485
3 3337 26934
1 24956 26050 514
1 14995 17037 889
1 16479 29448 266
1 17480 24566 773
1 18338 26693 490
1 9422 29879 783
1 19474 31595 309
1 232 7781 101
3 7072 31041
1 3553 18707 603
1 3753 21836 392
1 5307 8224 192
3 14840 22514
1 170 3704 958
1 11221 30437 789
3 10959 25325
1 14010 32603 652
1 736 3736 738
1 132 1695 715
1 15501 22108 418
1 9507 24276 793
1 13172 19798 259
1 8160 10440 982
1 3676 23616 947
1 3160 7567 760
1 1141 17287 445
1 8702 18940 943
1 28611 28636 266
1 7165 15814 490
3 284 3379
3 7869 9103
1 20255 21025 284
3 14610 29728
1 24699 30687 671
1 11878 13204 749
1 927 1914 672
1 3184 10023 41
1 2501 17153 33
1 3027 22962 206
3 8798 23417
3 17491 31140
1 30939 31413 374
3 17731 22611
1 23781 28743 562
1 30885 31712 621
1 8896 12138 18
3 8616 31975
1 3931 11008 431
1 21457 23132 507
1 9592 26851 546
1 2009 28189 622
1 8374 9981 777
1 15993 27927 994
1 4555 14875 862
3 11635 31883
1 1906 27886 18
3 7400 16785
3 193 17960
1 12507 22346 879
1 20114 22156 500
3 1833 11794
1 6346 22974 21
1 7241 32386 442
3 14322 16311
1 14838 15205 514
1 16297 21005 92
1 26522 30198 808
1 12466 14550 422
3 1354 11235
1 20381 28063 997
1 3818 10554 470
1 8671 29781 405
1 21962 28864 91
1 20605 28847 175
1 15157 27690 369
1 13525 19114 793
3 479 8826
3 25401 31921
1 8907 11032 608
3 9073 30097
1 16841 27467 202
1 8586 16344 512
1 11051 17950 311
1 2510 17018 942
1 9229 22087 802
1 15450 32123 743
1 7140 24377 312
1 6633 22388 433
1 7924 21040 746
1 9480 12100 599
1 8665 31142 494
1 9193 24892 265
1 25565 28164 732
3 5680 22613
1 18406 25091 610
1 9234 16366 184
3 8141 21659
3 16201 24516
1 3247 24638 553
1 9026 27814 344
3 28716 28865
1 11844 13273 594
1 6050 26897 710
1 2256 21981 625
1 24043 27437 619
1 17223 32402 983
3 10341 21310
1 183 14254 800
1 26022 29855 24
3 13397 31432
3 31170 31603
1 13288 25239 151
1 1469 5568 346
3 6088 17556
3 5825 14749
1 23514 28607 668
1 21085 27171 355
1 22803 31575 673
1 957 30082 575
1 14539 18508 609
1 18379 20808 560
1 2704 17696 817
1 9029 14176 414
1 846 11500 579
1 8698 27169 891
3 3605 27039
1 6662 28211 510
1 21674 27707 140
1 5565 11526 785
3 3108 30472
1 4984 28937 393
1 5576 9566 680
1 18342 28410 936
1 2685 9673 469
1 2910 25737 341
3 9850 17394
1 23404 27553 91
1 2370 12117 558
3 1441 3165
1 25688 31882 993
1 8918 19600 945
1 21095 23076 99
1 10262 19554 537
3 5391 22873
1 17470 23553 7
1 22182 29780 972
1 10524 21373 887
1 20806 28277 62
1 5441 18464 890
1 18266 19791 507
1 4349 11021 621
1 5154 12259 371
1 13735 23996 882
1 6505 7040 906
1 26105 26777 176
1 5131 17979 695
3 1223 4941
1 18111 24495 48
3 17967 27643
1 22205 22858 802
1 4237 5414 397
3 9591 20207
3 97 4929
1 12810 29335 501
1 1816 22222 365
1 13621 23301 957
1 19529 21004 460
3 19041 22371
3 31917 31987
1 15099 16944 376
3 8673 24157
1 3019 4437 466
1 12478 18444 39
3 1975 32199
1 26705 31218 247
1 27306 28345 926
3 11390 11528
1 7313 21522 87
1 23143 28639 848
1 13948 23959 422
1 7746 15882 279
3 9114 17714
1 30869 31679 284
1 23518 25900 654
1 6255 24298 152
1 2307 27847 999
1 26938 32558 640
3 3757 26617
1 8915 13662 539
1 1066 8166 123
1 16542 24127 317
1 12731 15365 308
1 9471 31813 547
1 13546 26829 823
3 1433 6503
3 7548 31176
1 13784 19184 357
1 19902 20653 190
1 24619 29444 956
3 3982 24973
1 19540 20115 463
1 9928 30978 146
1 1773 29693 657
1 9389 29429 819
3 13410 29667
1 1827 32634 960
1 28 26412 601
1 25672 32768 17
3 2995 32454
3 2603 19062
1 26060 32499 499
1 8404 14292 312
1 11837 25126 239
3 3170 30265
1 5775 28701 564
1 12052 15532 861
1 952 26952 651
3 1978 17376
1 11714 31567 379
1 13146 28847 982
1 4769 24301 357
1 3645 27594 627
1 14214 32351 410
1 469 1568 174
1 3107 18203 274
1 10102 15585 633
1 25071 25679 56
1 16000 23599 266
1 5418 30932 723
1 15085 17285 434
1 5026 23409 528
1 2943 21135 614
1 16147 22386 919
1 12992 25387 353
1 9109 31044 850
3 281 591
1 10657 20186 703
3 7595 14815
1 7460 23574 963
1 29256 29362 875
1 17686 28468 321
1 18583 32647 380
1 12571 20441 306
1 20765 24913 713
3 696 13236
1 17885 32132 736
1 8567 17307 53
1 2940 17160 683
1 24816 29823 708
3 11936 19330
1 3736 18742 184
1 13844 16137 229
1 21516 29135 234
1 690 20222 809
1 9058 30993 718
1 8578 11141 410
1 11279 19352 186
1 12673 29260 56
1 9693 32672 320
1 2046 23080 614
1 14346 24810 918
1 8512 9579 355
1 18234 30151 653
1 10880 23280 5
1 10940 31961 90
1 28318 31842 489
1 13588 30593 800
1 10320 14093 484
1 4794 15910 100
1 1206 17483 517
1 16034 24237 55
1 3483 16966 240
1 3619 17291 720
3 5963 26907
1 2885 14747 915
3 2216 30087
1 8444 9087 936
1 10033 28348 590
3 22256 29958
3 6172 16318
1 3067 15885 549
1 7455 15750 484
1 23373 25698 852
3 7133 28130
1 7769 19929 327
1 4101 12572 750
1 8195 28485 580
1 20059 24529 509
3 10894 10951
1 2056 4427 317
1 10007 32125 511
1 6399 8973 291
1 10296 26732 618
3 5696 20645
3 21323 25481
1 3035 10539 669
3 10422 12008
1 13096 18331 900
3 16076 22438
1 10895 28150 115
1 13956 29735 485
3 1920 16774
1 9255 21866 651
1 21729 31859 802
1 9355 17986 882
1 14321 22892 356
3 21859 31338
1 1226 8396 437
3 19022 19308
1 1137 17306 342
1 26992 31503 121
1 1895 18537 548
1 11994 19787 66
1 1373 4045 6
1 14465 31047 548
1 7966 28736 978
1 1455 18635 583
1 10672 32603 282
1 1138 5554 182
3 5092 23363
1 10966 25396 17
1 10668 22003 954
3 15622 21738
3 14912 19885
3 16141 27498
1 23047 26037 526
1 3503 7711 484
1 4469 19155 498
1 18026 31410 765
1 3315 3603 75
1 9359 20285 947
3 12375 30616
1 16013 18848 191
1 14877 25942 765
3 1592 11829
1 9218 20945 269
1 8364 28820 216
1 2671 32564 929
3 16596 25673
1 11211 32148 433
1 9527 24998 668
1 10942 18574 236
1 6914 31290 989
1 9043 29686 745
1 23806 26620 111
3 2114 8915
1 6167 30722 197
1 16832 20055 349
1 1883 4443 632
3 20663 22734
1 8392 19929 637
1 12885 16372 362
3 263 11770
1 18883 31720 663
1 466 20192 260
3 20387 23070
1 25020 30800 132
1 17196 24533 672
1 5497 12316 931
3 11303 19046
1 14452 20670 190
1 14264 26345 615
1 16560 31536 630
3 2232 24101
1 15197 25498 39
1 835 32207 849
1 5442 11527 676
1 15116 19603 120
1 1438 23855 75
1 803 24369 8
3 1226 9297
3 2154 16542
1 22122 26260 976
1 3010 15418 911
1 2317 12403 424
3 28521 30567
1 12559 13049 813
1 708 1806 692
1 10169 30839 532
1 19572 24549 158
3 12669 31062
3 1166 19238
1 4271 23177 514
1 7073 8545 601
1 5081 12328 589
1 16370 27475 445
3 11234 16524
1 14364 29822 438
1 6170 17425 274
1 25079 29449 994
1 20711 30665 810
3 26188 29071
1 6203 13216 847
1 2609 14910 20
1 24122 26498 198
1 6887 16666 498
1 6716 26958 668
1 9056 17435 218
1 22571 25033 730
1 16900 23507 223
1 3130 3523 504
3 6204 30125
1 3764 29462 503
1 5494 22146 135
1 11017 22879 72
1 12654 26880 425
1 15317 18073 26
1 24379 25790 671
1 22407 22492 605
1 2394 10627 925
1 21129 29825 55
1 5657 13567 8
1 13815 29283 511
1 9031 29207 293
1 9330 11282 931
3 3030 7750
1 6343 32674 905
1 2024 13748 837
1 18355 23297 307
3 25058 28960
1 10330 28658 205
1 25271 32460 595
1 6101 31411 763
1 5847 16779 122
1 4462 20661 321
1 11096 12257 660
1 8998 32291 645
1 21834 30787 121
1 12850 30573 475
1 11543 31430 968
1 3961 26563 155
1 19782 32091 738
3 3999 23575
1 13457 23057 926
3 12964 13112
1 25066 31611 868
1 207 714 416
1 853 10687 190
1 4918 5855 247
1 7466 32203 410
1 14636 21766 277
3 16762 17561
1 3288 21916 649
1 28001 28237 984
1 5155 24037 734
1 6567 20411 286
1 23324 27073 389
1 6768 26850 196
1 6078 10639 294
3 31476 32145
3 10006 12997
1 10494 14899 161
1 13196 24141 694
1 11119 20149 486
1 10720 30806 858
3 18493 18693
1 18733 32279 976
1 9763 13500 559
1 7903 23263 754
1 3131 23869 607
1 8313 10785 210
1 11110 29012 44
1 14871 20475 551
1 4322 16822 648
3 17097 27597
1 2587 30366 374
1 931 12661 309
1 10783 24609 880
1 9716 23558 84
1 16640 17695 698
1 12143 13989 302
1 10993 24267 90
1 1196 3403 334
1 11524 29071 83
1 30242 31656 400
1 20375 22944 500
1 17931 32321 5
1 1737 10633 473
1 15548 21787 226
1 9503 24203 591
1 4889 28735 946
1 5298 11880 220
3 11606 27649
1 15122 19722 860
1 2904 31876 34
1 15399 19424 194
1 5766 28917 973
1 9314 28346 775
1 5535 26625 176
1 15282 20286 964
1 923 9058 390
1 21863 27309 672
1 3322 20419 190
1 5379 28683 708
1 17776 21012 908
1 12224 29084 749
1 5638 15462 888
1 106 9228 189
1 24951 27792 374
1 448 5897 458
3 14580 31341
1 4698 17578 12
1 13922 13979 672
1 4628 8669 589
3 25083 30942
1 22304 26430 526
3 13402 15558
1 8296 24093 955
1 20850 21788 708
1 23655 30202 766
1 1775 8706 248
1 6623 30113 204
1 2679 3606 631
3 1918 6356
3 1258 31306
1 9135 22410 558
3 3990 4263
1 1392 17429 540
1 2090 30260 883
3 31457 32709
1 13519 22644 340
1 8027 19302 534
1 8588 9364 846
1 17791 27191 987
1 6633 27358 174
1 12148 16639 563
1 15596 32075 708
1 2610 4015 522
1 4706 13991 245
1 13006 22329 574
1 26569 29860 691
1 16240 22414 123
1 3614 4362 699
1 9109 21094 304
1 7159 13990 325
1 12492 20861 23
1 768 17090 399
1 7509 18169 888
3 15780 28292
1 286 13762 989
1 2878 29411 872
1 8743 16718 422
1 2271 24366 277
1 6611 18769 734
3 16392 32473
1 13250 24742 531
1 18732 24803 572
1 11461 31364 799
1 7415 15445 112
1 4565 6898 883
1 3656 11346 777
1 24571 28168 442
1 6728 16924 286
3 27750 31243
1 21951 31482 370
3 12337 14346
1 15139 30433 722
1 55 18012 709
1 15947 18913 631
1 6113 22811 129
1 7976 9050 437
1 6722 11457 818
1 13813 21141 866
1 6642 7015 610
1 4901 22204 545
1 16087 22890 669
1 1951 15771 795
1 7042 14110 381
1 16699 20004 73
1 1126 16517 647
1 14153 17134 499
1 9434 32600 572
1 5297 26378 796
1 4505 8067 186
1 21707 24629 860
1 25510 27461 480
1 6078 8564 805
1 4319 27030 165
3 17636 28592
1 16090 27967 169
1 950 31897 442
1 17710 18408 836
3 10397 24343
1 6507 17117 371
1 20922 27470 986
1 25021 30921 165
1 4268 25338 623
1 3305 30579 732
1 18646 18698 953
3 6238 12297
1 16673 17345 834
1 26768 32046 759
1 9339 14867 860
3 16292 31491
1 4675 24049 892
1 15633 22035 554
3 4783 11916
1 22738 30925 545
1 13150 25948 438
1 3386 28637 337
3 7258 9807
1 22514 32102 38
1 18216 26544 87
1 404 9890 650
1 4099 6139 577
1 28987 31812 604
3 6007 28431
1 4620 24692 810
3 19017 30019
1 20477 25956 33
1 7272 11372 571
1 10040 14473 982
1 5819 7423 549
1 8996 23011 508
1 2064 31896 965
1 9611 11826 913
1 560 13920 906
1 9631 13155 326
3 15018 20440
3 13158 24986
1 28865 31232 979
1 21128 23818 464
1 11320 13392 629
1 19679 22568 57
1 369 12347 211
1 12784 28430 469
1 15649 18570 528
1 2161 9678 553
1 6267 31201 594
3 8311 16632
1 23734 32663 21
3 1061 24727
1 21490 27301 625
1 7761 25640 688
3 18524 26028
3 8897 31158
1 7524 28191 182
1 8238 20118 897
1 1463 24799 336
1 1594 18495 475
1 9363 31446 405
1 10580 13766 906
1 4219 16432 23
1 9301 14990 705
1 7040 7270 193
1 14985 22499 974
3 8713 29299
3 31387 31463
1 8348 28422 452
1 19163 28995 852
1 3199 24776 997
1 14215 27685 199
1 5445 20778 880
1 5915 12704 136
1 15027 27148 189
1 685 16753 394
1 3206 8556 117
1 9363 11687 513
1 5741 13422 841
1 12494 14658 654
1 144 19928 187
1 18291 27845 742
1 23922 24360 322
1 26387 31437 771
3 2665 18214
1 5161 18221 333
1 18348 21754 992
1 7459 25502 674
3 18035 22358
1 5526 9373 274
1 14947 20181 20
1 17172 19937 659
1 3242 7280 270
1 2419 3167 962
3 12417 30338
1 16105 20857 305
3 5633 19305
1 61 25308 46
1 20126 26460 749
1 3838 28999 370
1 8028 30792 647
1 18485 18492 200
3 4108 15657
1 4744 16386 104
1 9491 21872 684
1 2513 27765 32
1 5333 24194 263
3 7257 8923
1 11149 28610 150
1 11183 12569 732
3 11928 23105
1 3396 27412 105
1 9760 28765 212
1 9665 26303 798
1 12673 15619 98
1 27119 32360 39
1 21843 25385 333
1 16128 25550 577
1 4469 8476 316
1 11958 30041 371
1 21873 30777 723
1 5785 18912 699
3 27022 28370
1 13341 27531 265
1 22796 32684 544
1 13403 15257 526
1 6252 15503 836
3 8203 27337
1 23127 32483 810
3 11836 26992
1 8624 17907 691
1 26739 32668 977
1 19300 32136 253
1 6744 8266 554
1 19003 20704 242
3 9584 16913
1 5057 7141 140
3 14522 26227
1 26435 28446 15
1 3709 31694 684
3 22989 32239
1 6957 18972 5
1 15745 23389 568
3 1415 2964
1 18491 32720 830
1 7540 27274 484
1 23967 31413 964
1 18894 23165 382
1 2617 13765 168
1 8352 17661 515
1 7034 14510 616
1 8772 25950 829
1 7193 26292 299
1 9347 32220 322
3 12077 17041
1 22170 25353 673
3 3589 31724
1 3157 11656 290
1 2598 21482 612
1 14120 21156 113
1 2916 16125 771
1 13834 20864 833
3 17164 31059
1 72 30990 225
1 30296 31903 583
3 4680 10232
1 7417 17806 631
1 24435 30827 520
1 3974 30283 645
1 18214 26002 931
1 18923 23672 919
1 14814 22767 257
1 9559 22786 527
1 13928 17182 5
1 14800 24665 652
1 26528 30340 857
1 4338 22191 71
1 10565 24958 631
1 19233 22981 591
1 21164 25255 952
3 12495 32424
1 2270 7301 113
1 14369 22936 930
1 20344 21455 119
3 10286 32154
1 4714 14680 888
3 4285 23308
1 15922 18644 894
1 14247 25620 331
3 1704 29801
1 5173 13874 123
1 12056 14560 76
1 3361 8596 898
1 11982 31760 791
1 21883 27830 557
1 12245 13132 920
1 5642 24451 44
1 7797 26246 152
3 476 6773
1 16666 32306 540
1 1307 23157 118
1 7641 9567 68
1 74 11929 612
3 8418 25292
1 16944 26057 293
1 7625 19750 236
1 4025 5062 196
1 4994 29715 236
1 8193 20507 251
3 16805 32727
1 19676 26057 440
1 4493 28682 433
1 13593 17198 510
1 6538 19361 656
1 9353 28353 925
3 4226 32400
1 17372 22976 962
1 1678 19614 951
1 7812 11989 21
1 6956 14873 276
1 6218 29629 670
1 3132 4903 271
1 2529 28195 569
1 4962 17870 99
1 4596 22545 595
1 19746 21258 290
1 14581 19233 639
3 23623 27243
1 9269 26784 852
3 9908 15936
1 9856 27733 613
3 2487 2549
1 4997 22346 440
3 13475 14811
1 4712 24641 276
1 1877 28122 618
1 7919 28105 746
1 19109 27852 25
1 1354 4718 406
1 11229 20082 809
1 26103 26655 285
1 3078 31035 491
1 2594 19952 679
1 11513 13337 742
1 15839 19686 120
1 24674 26245 667
3 13474 21120
3 8261 25975
1 16061 17634 910
1 15646 15699 580
1 1441 23072 937
1 2847 19506 874
1 724 10303 623
1 16293 29441 636
1 10471 26464 199
1 3726 27840 427
1 21769 31519 564
1 14564 25824 476
3 3935 22843
1 1740 31150 937
1 13806 15203 630
1 9125 13027 721
1 4261 26849 993
3 19745 26183
1 6416 32219 418
1 17002 29248 251
1 12211 18692 637
3 13797 29266
1 22338 29063 464
3 5813 14705
1 5622 9049 30
1 12717 19754 524
1 21384 28108 956
1 10514 26873 744
1 16984 30188 660
1 4246 31673 897
1 24030 25106 273
1 23001 29317 410
1 6356 9448 255
3 18240 19660
1 8011 29000 87
3 7383 23081
3 6383 21429
1 19670 25782 629
1 18086 31458 142
1 16990 23361 275
1 2900 4211 932
1 14347 25068 372
1 6335 32389 570
1 15600 26501 637
1 16234 17587 655
1 10193 10849 510
1 16972 18649 439
1 55 19014 451
1 15307 23839 239
3 14851 26590
1 14815 27173 370
1 263 7333 841
3 6690 20438
1 7360 25174 960
3 18403 25884
1 20914 30425 692
1 6881 31812 275
3 13167 15199
1 18725 24212 995
3 9258 25656
1 5647 17705 64
1 18331 22455 725
1 9277 29361 248
1 14660 28869 847
1 14105 18945 398
1 1358 7610 619
1 29655 31949 64
3 3191 10538
3 12792 28308
1 23446 28686 882
1 1779 30826 954
1 20178 21381 622
1 11528 24695 527
1 10575 18555 442
1 14779 22573 104
1 16401 17776 930
1 3532 28701 101
1 14752 19130 954
1 3798 6871 961
1 16083 24761 127
1 3867 9241 253
1 690 7922 68
1 4710 10995 245
1 6949 16994 830
1 10792 25766 266
1 13350 18766 583
1 8393 28755 702
3 16094 29473
1 23949 29181 784
3 1768 23528
1 11246 32157 102
1 1380 25429 455
3 10664 21092
3 8283 29249
1 7751 19736 378
1 4084 15655 506
1 2872 14569 974
1 17258 27864 746
1 5305 7134 667
1 1812 6689 791
1 9057 16134 966
3 7826 17107
1 4546 8162 20
1 11602 22940 568
1 2233 30177 833
1 4117 9642 331
1 24812 31448 340
1 2753 31168 63
3 14091 27330
3 6116 8627
1 18752 28427 760
1 16463 20476 7
1 9877 20549 692
1 21234 21326 400
1 23904 29120 167
1 28969 31391 977
1 3335 4618 547
1 715 13286 599
1 6306 20598 41
1 10464 15842 196
1 3772 18522 629
1 9978 12735 733
1 967 6560 389
1 5175 9494 525
1 19147 29460 781
3 6031 8351
1 9854 22106 612
1 5120 16390 793
3 11143 15352
1 25870 32506 42
1 15748 25122 858
3 11176 27385
1 12001 26621 228
1 21136 29446 265
1 23302 26503 771
3 4083 6205
3 17335 25603
1 2378 10391 804
1 14728 32201 568
3 7110 7289
1 23351 32333 382
1 6937 25218 346
1 992 29092 77
1 20389 28541 53
3 7671 27926
1 4105 4243 189
3 4796 11398
3 17340 26211
1 22025 30222 305
1 3345 14810 480
1 15205 16556 539
1 6275 7836 726
3 9574 12717
3 1856 29837
1 29424 31745 360
1 15622 25832 339
1 24093 28126 148
1 1106 21153 901
1 7373 7573 354
1 279 14822 324
1 10153 22511 932
1 5186 8037 441
1 2982 25477 795
1 11218 28764 737
1 1191 3350 664
1 7819 32211 428
3 4917 6356
1 5711 21850 630
3 13444 26395
1 9088 16496 739
1 5651 12225 80
1 6518 28726 657
1 7487 32233 944
1 5861 19427 708
3 2606 29666
1 1538 22834 831
1 17099 30286 229
1 34 18119 163
1 26023 29568 992
3 27440 29432
1 15740 23980 111
1 4507 26184 989
1 8774 23771 155
1 3845 7338 979
1 16178 19351 194
1 11970 17990 201
1 6033 32080 620
1 1269 28069 291
1 5389 10421 631
1 1209 1904 343
3 8497 9512
3 18952 20941
1 2920 11740 157
1 14 25630 893
1 197 7238 862
1 1052 28073 455
3 28221 32283
1 3040 31483 104
1 2121 16106 479
3 11934 29710
1 1967 18012 841
1 10707 16269 606
1 1564 15286 274
1 13510 16999 404
1 13855 31856 198
1 12205 22578 602
1 20373 32050 351
1 11915 28317 531
1 1545 16140 270
1 24329 26947 916
1 2019 14154 787
1 185 16501 141
1 17502 20604 616
3 1463 22413
1 5282 17955 718
1 2981 14400 870
1 22182 32536 996
1 9467 27005 983
1 15635 25352 429
1 12687 19670 439
1 23230 25958 596
1 29641 30789 490
1 22881 28599 364
1 22299 29491 65
3 4765 7056
3 10435 12910
3 22797 25965
1 5935 21071 534
1 16190 20568 165
3 9425 30958
3 2290 10298
1 8964 15581 955
1 1460 8441 343
1 2436 27012 713
1 4782 15131 721
1 19649 29497 958
1 19328 20498 184
1 15454 16723 171
1 9028 24335 505
3 14005 27346
1 15486 24213 375
1 3923 20005 195
1 17719 18087 482
3 17877 31241
1 15624 23342 489
1 8099 23160 465
1 17717 32453 93
1 18086 31472 392
1 450 13170 715
1 25810 29503 56
3 13760 19103
1 29747 30958 207
1 7408 17557 410
3 6856 16147
1 6364 9477 604
1 4603 15910 450
3 7904 17167
1 739 29137 102
1 6702 22849 95
1 11739 15676 257
1 11673 18594 778
1 5507 10884 885
3 23003 29439
1 16761 26001 518
1 788 26687 390
1 20901 27025 661
1 5441 20999 559
1 13413 29739 554
3 2766 12596
1 15725 23354 388
1 5615 11832 891
1 1177 24539 327
1 6729 31141 443
1 21134 32545 115
1 7742 14127 284
1 7945 30659 138
1 13783 27233 587
1 21601 28890 763
1 5951 15642 814
1 4641 19011 213
1 17019 23257 803
1 1206 14318 87
1 8159 13635 96
1 13564 17750 356
1 3972 14261 449
1 7884 29169 295
1 2012 19363 197
1 92 29904 219
1 12320 16697 576
1 1208 1317 374
1 2250 2521 355
3 13791 15146
1 11439 31724 331
3 2706 28249
1 18489 24684 450
1 5006 31758 147
1 24375 32289 147
1 14939 21501 416
1 17318 26222 560
1 20728 30885 877
1 19718 24738 505
1 21704 26476 75
1 18834 29701 768
1 19587 25754 141
1 1798 2584 108
1 28312 28667 398
3 3257 16249
1 9270 11734 567
1 8991 28351 273
1 23576 30113 315
3 4080 9496
3 16052 22732
1 21971 23854 998
1 382 10958 965
1 20813 21401 55
3 25210 29662
1 26766 28305 603
1 24985 29191 719
1 647 1595 467
1 8629 32672 983
1 20240 30093 557
3 12005 25476
1 25955 29641 410
3 2924 13900
3 5748 15840
3 8710 30437
1 11766 14145 721
1 11864 12542 41
1 8755 10832 345
1 4339 24585 842
1 900 21707 100
1 5832 7712 512
1 12637 28117 799
3 9524 26357
1 15904 18510 463
1 1107 6441 325
1 18834 19921 467
3 1060 6794
3 20716 20794
1 1955 2648 819
1 29135 31235 947
1 985 26423 83
1 8487 16641 561
1 3771 7825 278
1 2663 27451 724
3 5303 24905
1 6752 27272 871
1 22410 26624 133
1 8445 24759 909
1 8629 28307 702
1 2149 27094 994
1 13687 31030 299
3 8247 21070
1 21337 21796 285
1 17287 21308 134
1 1471 23093 88
3 524 13571
1 11879 22900 636
1 4894 9875 457
1 12186 31873 477
1 2191 25871 6
1 14291 25993 759
1 31344 31360 321
1 7034 19018 245
1 8463 16601 22
1 6832 19904 829
1 1060 26912 724
1 20154 26048 142
1 4824 9819 167
3 4941 9377
1 18942 24610 184
1 10645 10657 548
1 21293 21693 502
1 122 14483 865
1 12625 31980 877
1 14322 26157 335
1 7294 23445 129
1 12625 17953 660
1 18723 20251 236
1 5859 28287 331
1 31188 32403 480
1 8238 25210 169
1 2731 11620 86
3 16229 29673
3 12694 19363
1 10995 21026 219
1 12719 21109 102
1 6612 16817 808
1 14202 20007 672
1 10265 11789 690
1 8588 12152 193
1 6830 7224 577
1 9586 20916 236
1 16813 32159 682
1 9120 15453 79
1 17577 31440 608
1 14369 22897 230
1 13968 22164 638
1 10078 12205 568
3 25209 30757
1 6838 21190 918
1 25625 29106 772
1 5822 11065 873
3 6637 24634
1 12480 13750 480
1 83 13451 709
1 6730 29924 140
1 15624 25896 436
1 10972 32224 650
1 12856 21288 298
1 1447 24575 250
1 202 26104 599
1 19340 26688 701
3 2200 3300
1 16818 17818 671
1 595 22054 89
1 1427 11575 625
1 20470 31564 293
3 10365 10792
1 21414 27322 348
1 9137 18957 448
3 6895 29366
1 7566 31115 953
1 10131 31613 629
3 17941 22881
1 16367 29786 632
1 10325 20836 808
1 13943 20400 781
1 13993 25780 919
1 14212 16651 862
1 22960 26714 43
1 924 20185 281
1 28341 32460 212
1 555 18939 449
1 13987 17336 470
3 5215 27115
1 20435 23914 504
1 8260 9773 248
1 517 7271 835
3 21797 22721
1 4668 12026 645
1 29513 31080 103
1 6019 26909 648
1 13828 25487 483
1 4157 6522 518
1 14000 31910 93
1 7812 10820 947
3 17123 18191
1 5606 10430 720
1 20131 31104 42
1 11603 14310 711
1 4506 30595 119
1 12141 16506 792
3 21203 27025
1 9961 23700 35
3 3706 19008
1 12181 24869 896
1 1072 27906 286
3 7632 17418
1 3219 30838 106
1 25560 32387 993
1 19874 26228 807
1 3690 26480 602
1 15227 25439 300
1 16300 30629 496
3 13441 28409
1 16692 26015 873
3 9105 12057
3 253 21622
1 1756 16936 125
1 2860 25494 237
1 1682 23359 481
1 4163 15095 851
1 5676 23418 276
1 13101 24910 34
3 20776 27980
3 13567 32488
3 9434 27401
3 7976 22555
1 30655 32005 220
3 26731 28519
1 7090 12176 483
1 28226 32636 409
1 1307 32745 959
3 17606 29789
3 5281 7357
1 1723 14934 438
1 14839 22788 935
3 15842 22256
1 14982 24919 807
1 207 28082 718
1 15895 27667 150
1 21299 29570 104
1 14067 30178 399
1 4653 32248 72
1 5007 23864 522
1 1135 6151 599
1 1879 32714 443
1 6362 14890 349
1 3495 21141 172
1 20870 27229 915
1 7051 11037 328
1 8803 18559 938
1 18086 29576 233
1 3129 15947 162
3 21032 22695
1 3237 22785 165
1 13472 23074 356
3 4763 15233
1 7377 13903 832
1 3953 7267 346
1 7977 21720 267
1 930 23969 585
1 4844 13888 369
1 6062 24305 953
1 15962 27724 478
1 27232 30311 431
1 28653 32505 321
1 18416 20641 517
1 4155 7590 911
3 948 18969
1 11133 15132 470
1 20477 21476 818
1 5339 12012 983
3 8029 16277
1 855 6815 188
1 12739 13098 481
3 23853 29244
3 939 29846
1 7099 21880 100
1 10619 22335 941
1 14856 25249 993
3 10331 15077
1 5382 6745 415
1 7489 18843 290
3 352 14486
3 10599 11326
1 9849 13440 469
1 958 3473 631
1 25327 28373 684
1 22081 28693 320
1 20278 31383 25
1 502 7354 608
3 4490 16953
3 5695 29170
1 13983 19763 685
1 4547 30900 131
3 13669 22056
1 254 21501 168
1 9105 30354 968
3 1092 7842
1 5964 32404 960
1 3911 12825 693
1 10241 21461 4
3 12456 13668
1 503 6525 845
1 5078 27456 885
1 28254 28957 97
1 6469 29298 193
1 16678 28669 125
1 16697 26096 988
1 29763 31329 288
1 7021 24910 841
3 10903 16023
1 6121 22221 81
3 1190 11607
1 5002 20814 341
1 6789 18078 287
1 2252 24311 527
1 2936 26062 417
1 14251 15930 925
1 29947 30241 979
3 1060 31904
1 4839 5161 278
1 514 30043 935
1 2222 18271 483
1 16524 23246 489
3 2411 27977
1 406 27398 51
1 5168 5462 198
1 26720 29657 196
1 228 29255 185
1 8370 30570 778
1 12221 24888 614
1 7028 18606 306
3 27414 27978
1 11731 24092 927
1 14871 22063 606
1 1119 12400 203
3 10159 22604
1 232 23221 229
1 7530 22387 986
1 18546 30776 903
1 4784 28419 389
3 5226 14351
1 3845 26576 803
1 1001 23832 635
1 2216 13993 395
1 2301 12072 891
1 25147 26423 651
1 159 7570 392
1 1962 4534 858
3 3983 16101
1 22563 24971 225
1 1180 16069 990
1 22329 27353 282
1 8393 22465 376
1 7798 24743 84
1 10380 12285 560
3 3799 31605
1 9451 21814 150
1 14278 17472 792
1 12967 14217 12
1 15525 17055 909
1 11269 21394 78
1 9542 21021 98
1 5892 21373 719
1 1499 26560 516
1 16460 24738 896
1 11041 22871 93
3 12102 28275
1 14472 32590 866
3 23618 29523
1 567 21383 862
1 8467 19893 805
3 8243 24961
1 2633 22968 818
1 5699 29395 226
1 4692 14404 148
1 6785 20489 336
1 3489 17903 63
1 17861 23806 747
1 1164 16514 358
3 2969 13418
3 12983 13993
3 9349 25109
1 17303 26461 534
1 10812 20984 545
1 19634 29983 9
1 1938 9885 344
1 7070 14442 105
1 19719 28006 446
1 20687 23906 197
1 3610 31445 273
1 11864 30498 806
1 22302 25271 284
1 22040 30870 312
1 10603 25318 479
1 9884 28300 541
1 12775 29639 670
1 16299 29242 898
1 16591 30594 246
1 11189 22204 448
1 7937 27571 499
1 23418 25722 12
1 3538 20634 652
1 10730 27719 600
1 5037 9080 677
1 6838 32710 928
1 5939 27248 909
1 15 8887 957
1 7891 31725 822
1 8655 23240 926
1 2056 11882 679
1 9766 24042 610
1 289 9633 357
3 17007 22647
1 21641 30913 582
1 19569 32219 400
3 8090 23531
1 15772 25701 134
1 2946 25372 309
1 17496 27909 833
1 11196 17938 642
3 5788 25280
1 20286 23197 811
1 4371 17624 921
3 19400 20903
1 8449 32543 454
1 1087 26480 406
1 1852 12475 390
1 24736 29044 921
3 8027 22737
1 23100 25259 641
1 1507 2959 371
1 18684 31925 102
1 5417 8506 436
1 2053 9164 440
1 25733 26523 356
1 22604 28902 213
1 28445 29397 181
1 3920 16359 297
3 22046 24056
3 26715 32099
1 24372 26359 568
1 20030 25308 943
3 6202 21683
1 12826 20041 5
3 5226 12876
1 11030 21847 670
1 2362 28059 495
1 4475 18739 336
1 4067 25694 81
3 19159 28462
1 10551 15500 226
1 3252 29435 731
1 7681 20901 304
1 11272 14684 220
1 8944 16024 27
3 15164 30596
1 2324 29741 934
1 21904 26270 573
1 21086 26952 315
1 9834 31225 601
1 1995 17518 800
1 7331 29196 421
1 8657 25414 309
1 7305 26015 194
1 6469 15312 140
1 8729 9737 987
1 2245 9723 315
1 11398 11933 169
1 25710 28398 718
1 15372 25058 362
1 10341 21890 786
1 14364 15966 717
1 8750 19430 148
1 1493 17187 296
1 25004 29093 808
1 1556 19645 771
1 1751 4332 370
1 28684 30106 298
3 16955 18699
1 2192 16355 169
1 6059 18682 589
1 852 31974 619
1 6610 26118 337
1 10500 29963 985
1 22277 31055 783
1 9374 15572 291
1 17493 20787 993
1 15239 20469 391
1 8845 29032 134
1 4101 9684 733
1 6962 32007 786
3 5647 29636
3 17158 17330
1 3287 32284 318
3 20721 22821
1 10542 13127 15
3 6565 31658
1 2159 18968 41
1 4747 30364 265
1 13231 20330 534
3 6622 17254
1 5440 23050 305
1 12836 26927 767
1 15879 26746 672
1 3031 12979 835
1 15115 18008 730
1 5766 21139 371
1 9201 18230 712
1 3326 22098 688
1 4890 20192 543
3 8214 21991
3 18182 32145
3 19041 20418
1 7792 10522 149
1 19792 21470 772
1 10610 31520 546
1 17011 21916 891
3 12281 16108
1 569 22844 923
1 18355 21958 116
1 19319 30408 332
1 25321 28107 301
1 608 7976 92
1 3762 13386 205
3 4905 32030
1 7438 26931 551
1 5960 17652 938
1 14895 15946 225
1 21493 29740 565
1 6163 25322 493
1 14066 21944 14
1 14148 30734 738
3 16577 20262
3 11599 16090
1 2974 7894 257
1 11461 31964 660
1 21150 25592 180
1 2664 15760 152
1 9596 21562 411
1 20196 23838 938
3 26227 26963
1 9034 16675 395
3 18776 29757
1 3391 25390 801
1 15458 23476 636
1 17715 29443 553
3 17540 26536
1 16372 32359 432
1 7778 29264 160
3 20293 25821
1 1653 28328 2
1 9829 16652 834
1 1928 11561 945
3 21515 22780
1 30095 31379 92
1 15879 30387 164
1 25639 27939 769
3 9749 24178
1 2997 25333 25
1 17593 29981 147
1 9935 16490 52
1 6741 18415 456
1 8190 30804 315
1 1639 16885 610
1 19416 28756 211
3 4294 21081
3 150 1903
1 6126 9286 292
1 9348 22744 303
1 2179 4707 422
1 16709 28945 311
3 5848 7468
1 1515 23467 802
1 14950 29059 604
1 19797 23001 469
1 1060 27549 839
1 13655 30960 507
1 19733 30957 817
1 15895 16534 507
1 6202 10648 546
1 10344 23354 400
1 8279 20217 224
3 10311 18075
1 1509 29317 324
3 12633 16046
1 22550 31087 715
1 23674 30454 889
3 9611 31778
1 6700 20861 304
1 21252 25256 293
1 2531 18911 152
1 2784 19965 168
1 6573 9078 149
3 30676 32140
1 21314 25859 488
1 16409 23101 943
3 26433 29950
1 14548 30444 699
1 11781 22927 644
1 24049 27841 240
1 6374 9603 928
1 2455 19695 678
1 755 29081 711
1 368 26365 215
1 3584 7358 900
3 23875 27439
1 4442 8399 340
1 6874 7035 562
3 25928 29199
1 4667 8277 941
1 19825 29435 526
1 25254 32576 412
1 11591 26005 981
1 28375 28652 210
1 14493 32118 289
1 7932 23119 72
1 30250 31542 147
1 8322 19768 863
3 21002 28065
1 21025 28626 44
1 3985 9784 444
1 7764 24896 158
1 30690 32173 453
1 13716 21286 597
3 4156 26730
1 4761 11468 599
1 21143 30205 306
1 13391 28182 255
1 11436 28162 479
1 21436 27500 214
3 3760 32379
3 6490 11839
1 11182 22442 470
1 28244 29158 90
1 2758 26082 462
1 20622 21438 625
3 7568 23456
1 9490 21677 751
1 7473 31000 187
1 6710 32292 676
1 16968 20830 497
3 23753 26418
1 846 32557 7
1 4324 24243 283
3 8449 18863
1 5575 27767 589
1 10733 14054 727
3 4829 27302
3 20075 20376
3 254 9845
3 16371 24687
1 7085 20922 274
1 11601 22829 480
1 18998 27030 817
1 18548 24083 995
1 3773 32286 682
1 3393 10431 47
1 5655 26551 172
1 22909 32352 231
1 24487 29295 941
1 28602 30483 649
1 8123 22175 301
1 2468 13967 56
1 15963 29986 952
3 6564 21897
1 19216 19774 390
1 3494 25502 727
1 23452 30025 931
1 13841 26898 155
1 11794 16962 734
1 5942 18176 155
1 4090 7778 216
1 3699 28599 530
1 17854 26259 190
1 21786 25257 672
3 1792 17703
1 6056 7787 219
1 21442 27441 794
1 12385 28087 199
1 1965 30946 972
1 24608 32273 962
1 16097 29598 34
1 10083 20888 647
1 6781 27264 851
1 702 19023 609
1 2762 14065 731
1 21996 29194 813
3 13447 14942
1 21753 29102 284
1 13109 19493 911
3 3288 24204
1 13288 13694 187
1 17649 26037 575
3 16948 22915
1 4454 21485 334
1 16093 26472 339
3 15762 25713
1 7445 17502 824
3 18167 31410
1 20698 22614 950
3 24424 28838
1 4053 22617 721
1 18561 24140 485
3 30207 31368
1 2961 22081 217
1 6605 24102 407
1 4867 30858 223
1 32170 32341 62
3 4587 28158
1 2720 5344 277
3 4862 11938
1 14936 22425 76
1 5293 9774 880
3 774 16373
1 20812 27422 362
1 19208 25630 966
1 12025 25193 674
1 15208 16880 258
1 2601 28845 122
3 4273 17568
1 321 18583 601
1 8290 13686 455
1 2327 19317 260
1 12889 23430 9
3 26908 27758
3 6981 28773
3 6815 7436
1 30259 31777 123
1 22964 32620 161
3 16943 17689
1 18338 29328 999
1 21426 26977 736
3 18204 22941
1 860 17813 56
1 9461 19683 522
1 24375 27423 856
1 7346 31080 938
3 4650 7475
1 11413 31078 520
1 12125 15322 80
1 4219 30404 927
1 26058 32251 892
1 12882 24002 801
1 14633 32409 559
1 22809 22994 937
1 13370 29614 892
1 22008 24721 629
1 3840 5577 555
1 10782 23277 343
1 25268 27418 682
1 5521 17750 582
1 3230 17306 807
3 4010 17984
1 5557 23363 206
1 3990 29728 670
1 4273 18249 422
3 3818 9431
3 6311 20125
1 12726 30893 435
1 18410 24406 307
1 445 29520 426
1 102 5799 94
1 23286 27222 154
1 3708 13431 413
1 13073 32023 483
3 11640 16867
1 1025 19214 416
1 13165 17322 829
1 1199 26746 593
1 941 16348 147
1 250 17654 558
1 4378 6076 749
1 11101 20155 343
3 20408 31621
1 15903 25641 496
1 10996 18451 777
1 27889 32489 819
1 14180 32013 938
1 12993 15527 220
1 21842 26255 270
1 3816 10159 932
1 25454 28427 800
1 26010 31528 643
1 18373 22732 482
1 2146 9631 506
1 18275 24920 807
1 4359 22806 650
1 13360 28304 273
1 3581 10656 75
1 22799 23952 492
1 22902 24903 198
1 9737 29065 313
1 21036 21063 636
1 7810 24711 892
1 529 7000 404
1 13542 21191 398
1 4814 32313 665
1 5978 20741 188
1 5530 17102 113
1 18195 18469 94
1 2001 15760 992
1 16992 23080 256
3 15399 20823
1 17110 20158 442
1 8011 23775 138
1 3382 28747 476
1 8142 14830 581
1 21587 24058 801
1 9661 32549 342
1 7211 31676 877
1 27898 32637 449
1 1882 18047 547
1 6742 15387 524
1 17801 31929 236
1 2650 23681 379
1 18991 24234 15
3 4524 5419
1 22880 26950 792
3 10106 18343
1 16143 18582 233
1 26534 30744 848
1 7906 14828 603
1 15087 25012 745
1 6216 12962 944
3 9605 24797
1 16935 19148 947
1 27219 29118 618
1 20684 27519 691
3 25169 27995
3 18582 27366
1 22737 29882 705
1 7245 14127 466
1 13005 16270 855
1 5177 15847 646
1 26778 28548 813
1 327 10509 492
1 23780 24932 543
1 15189 20494 528
1 8076 22840 669
1 313 7518 238
1 30544 31652 402
1 2376 28902 578
3 16123 21432
1 8503 15354 287
1 2589 17106 465
1 21972 29219 130
1 16006 26958 211
1 21163 23755 721
1 13116 32691 697
3 14158 29013
1 9031 20057 910
1 9694 12604 576
1 20066 22142 397
1 3404 25122 819
1 5013 8711 241
1 1135 12486 59
1 21143 23673 123
1 4840 24511 649
3 11712 23409
1 10389 20465 193
1 3073 14084 963
1 914 18402 9
1 10836 25452 777
1 15645 25814 551
3 7579 24202
1 91 6399 347
1 3562 7402 412
3 15117 19206
1 7921 15218 464
1 3135 29191 502
1 17923 18376 34
1 15756 25812 186
1 30296 32711 978
1 6196 14148 547
3 10705 27813
1 3825 19335 360
1 15092 28353 626
1 18023 25060 263
1 523 20769 628
1 3607 26572 844
1 21855 32209 154
1 32220 32577 949
1 19633 26600 837
1 2855 7525 390
1 4977 22789 258
1 13419 18964 820
1 3909 9677 498
3 2202 25438
1 1518 4264 405
1 6474 32488 878
1 23953 27662 238
3 15928 22928
1 17870 18054 128
1 8210 21517 167
1 17393 24549 185
1 21049 29224 923
1 1951 8198 602
1 9115 19002 869
3 10290 11798
1 18374 23012 89
1 23337 31103 588
1 12369 23805 727
1 2342 31474 982
1 8938 13139 59
3 22362 24320
1 5325 9303 872
1 30855 32354 181
1 16538 21332 955
1 136 14923 734
1 4507 20844 111
1 6779 20590 797
1 107 22764 645
1 16295 24360 475
1 2047 9727 170
1 836 16542 56
1 18493 28442 414
1 1431 8864 414
3 2516 23581
1 22762 25334 249
1 11257 11880 595
1 5371 16790 389
1 4114 24092 185
1 21897 28091 416
1 779 10913 546
1 11552 21726 328
3 8608 25708
1 20268 32347 662
1 22772 24471 233
1 11943 22809 155
1 9006 26186 616
1 16663 31807 800
1 273 5137 759
1 9132 21883 467
1 21230 21783 371
1 12712 22627 270
1 17959 18922 482
1 19929 26615 734
1 1260 15048 962
1 3523 15993 221
1 2992 17694 759
1 494 6177 360
1 27519 31805 313
1 17245 30883 898
1 7635 22651 51
1 22391 31301 551
1 8692 15583 462
1 16555 20545 354
1 2053 28420 244
1 1255 13125 632
1 13007 14430 342
1 7668 17441 2
1 9527 23485 54
1 22884 24274 383
1 502 14478 725
1 11382 22942 415
3 9706 13209
1 11699 16909 169
3 2615 32460
1 5634 26970 589
1 9254 16538 802
1 10202 15997 518
1 48 8148 271
3 19053 30192
1 12068 30361 849
1 22454 27890 503
1 9660 32684 975
1 18343 23429 956
1 23846 29675 709
1 5260 22807 753
1 3055 24540 80
1 5133 13633 775
1 13193 14136 76
1 18074 28266 428
1 17183 22810 938
1 11031 13600 568
1 17569 27114 554
1 8590 16477 985
1 16709 21993 118
1 5461 14958 984
1 8069 14887 551
1 1817 11740 754
1 4944 7001 742
1 12081 14880 519
1 12379 23175 540
1 7188 11307 494
1 15528 18817 346
1 20601 30533 456
1 10120 31460 762
1 10485 18035 264
1 5971 23385 211
1 3427 8712 954
1 14943 26536 482
1 2281 3748 280
1 8982 14233 764
3 8600 19610
1 443 15176 905
3 23224 28139
1 5232 19480 569
1 19059 29042 356
1 450 11822 617
1 11083 19307 467
1 21642 22383 20
1 4491 31839 67
1 3259 27299 53
1 623 2332 489
1 15216 20424 25
1 581 18743 598
1 6046 11859 620
1 17796 29936 822
1 311 22811 402
1 9887 20072 56
1 16135 24432 263
1 4921 13159 281
1 17973 29857 208
1 10496 24445 729
3 23049 24372
1 27892 30449 82
1 4308 9083 342
1 19843 22100 806
3 17782 29315
1 3386 16711 251
1 6240 11447 507
3 1694 27270
1 23663 25100 215
1 2309 18701 425
1 24932 26588 528
3 13097 32647
1 28821 29580 800
3 21436 30946
1 7700 9007 605
1 28872 28910 576
1 19540 19666 314
1 12250 19694 349
3 295 5338
1 11877 28478 539
1 11265 31781 835
1 21639 30650 829
1 14005 19254 782
1 22174 30917 497
1 4601 9775 637
1 8837 14066 633
1 2011 25694 115
1 2035 23700 746
1 2276 23983 864
1 6048 12688 492
1 25101 31667 55
1 6382 7359 46
1 15813 24479 759
1 4070 29926 407
1 11471 24685 499
1 627 29314 198
3 13531 25407
1 10324 10627 540
1 10458 27185 960
1 24798 28611 550
1 22952 24730 146
1 9017 16893 647
1 4215 21306 164
1 1082 9075 196
3 3821 14936
3 22387 24211
1 14843 30152 146
1 7606 11465 864
1 15825 24138 857
1 2642 23126 267
1 219 9327 680
1 6719 29717 947
1 8933 12788 937
1 2577 15801 130
1 10363 21518 215
1 5772 21626 311
3 2216 18603
1 14805 26988 793
3 13090 27237
1 792 27950 986
3 11932 32176
3 12635 14822
3 7459 32485
1 5955 14677 582
1 22865 30842 794
1 26793 28593 887
1 3119 29748 523
1 1991 26803 778
1 11711 27115 66
1 21244 30181 197
1 13336 14299 46
1 6915 24841 256
1 11112 24643 899
1 7853 26473 528
3 27327 31638
1 11957 13036 816
1 29024 32767 392
1 18649 23983 873
1 3303 30147 938
1 9858 15300 223
1 23379 26332 166
1 15093 30056 61
1 443 32399 339
1 10925 12314 132
3 4064 12660
1 2197 15988 196
1 13730 21161 98
1 10133 13147 6
1 18815 22751 791
3 21405 25531
1 5611 16995 157
1 14281 15811 72
1 1975 15030 392
1 22998 23831 116
1 9486 20607 618
1 1390 9977 452
1 24117 28567 742
1 8979 21827 846
3 414 25829
1 8810 11789 12
1 4782 11633 579
1 1190 7751 990
3 4461 12054
3 21756 26377
3 8687 18122
1 169 12179 944
3 3274 11073
1 1805 25178 369
1 24523 30020 703
1 25226 29476 290
3 22939 25805
1 14481 31041 751
1 7111 28438 776
1 8366 10878 291
1 12718 23893 151
1 2754 19466 66
1 14470 29417 921
1 616 7107 706
1 19537 28578 990
1 10591 25311 601
1 21212 24710 580
1 633 19956 422
1 20752 23920 886
1 28184 29573 747
1 4766 21613 272
1 3090 21781 626
1 14033 20460 427
1 3295 20737 461
1 8801 14306 615
3 9774 20706
1 18512 26221 215
1 9984 31896 317
1 3425 27388 953
3 18629 26219
1 14368 25456 326
1 17381 23879 456
1 12481 20650 202
1 1464 31197 522
1 11604 21392 325
1 17307 32007 268
1 62 19320 352
1 2741 4371 823
3 12554 30917
1 8012 17867 665
1 13718 22039 876
1 6159 30585 459
1 1856 16800 615
1 13229 18257 110
3 24321 25271
1 10537 23991 184
1 4721 30668 554
1 5464 24648 348
1 23698 29278 525
1 7367 7983 180
1 5190 15335 991
1 13613 30969 392
3 5984 31989
1 3096 8776 241
3 20094 20340
1 2856 10925 369
1 6738 32568 215
1 17432 27084 835
1 455 2328 698
3 4185 4689
3 5847 12057
3 17238 31739
1 16461 28722 738
3 189 19598
1 826 25280 601
1 20341 21700 824
3 20704 29181
1 28683 29432 264
1 6458 28230 804
3 28278 31099
3 10337 15722
3 9180 22239
1 2307 26735 978
1 1394 11184 537
1 28809 32758 773
1 13342 31431 377
1 8493 22935 269
1 18191 31542 638
1 10623 10716 888
1 27103 31101 782
3 12976 17258
1 28714 30245 153
1 27892 31627 795
3 12035 27281
1 1179 12732 308
1 19231 26364 282
3 9151 31388
1 620 14831 573
1 20556 22787 777
1 4807 13307 462
1 228 9871 902
1 3957 28388 774
1 1303 25806 522
1 5754 10809 212
3 10319 12149
1 6354 28578 551
1 23567 32639 278
1 2769 8142 567
3 1873 14642
1 19171 22233 984
1 3274 18659 531
1 1816 18971 648
1 19561 19925 821
3 1080 9681
1 15071 24970 347
3 10926 31694
1 18375 28974 986
1 14595 31155 446
3 28224 30000
3 8 3396
1 736 12416 284
1 6798 32722 603
1 5992 25948 92
1 19501 23445 907
1 7859 13145 737
1 10461 25460 558
1 524 21796 333
1 15052 23527 226
1 14813 24935 894
3 6797 23964
1 11046 32759 392
1 26655 29810 355
1 1704 21887 761
1 3243 16608 400
1 5717 15236 162
1 17048 20445 439
1 15546 29353 897
1 14435 28858 432
1 1103 22941 207
1 14044 31720 639
1 8219 24441 482
1 5755 16553 723
3 23130 26644
3 648 28275
3 6952 26932
1 24545 31770 804
1 8637 30388 395
1 25518 26826 747
1 526 21687 59
1 17294 30022 419
1 310 27165 202
3 2890 3294
3 4744 14524
3 9680 23608
3 4520 22218
1 23486 24851 516
1 2549 17587 127
1 8957 10523 460
1 4771 30944 717
1 3226 6062 881
1 20458 25805 427
1 14267 19917 617
1 21775 28103 810
3 11578 21853
1 13068 19810 813
3 21399 30333
1 4222 12125 929
1 11568 25476 766
1 16661 16739 262
1 2318 25970 696
1 2077 3966 952
3 4534 17681
3 4097 10649
1 22239 29500 1000
1 6152 13519 873
1 16706 30693 925
3 9798 14202
3 3300 22120
1 5478 26477 72
1 25937 30614 531
3 27487 29494
1 18498 23406 924
1 8716 28380 471
1 5420 13909 553
3 21324 23961
1 29191 30236 423
1 5860 28492 12
1 3746 12989 240
1 1653 16154 729
1 25759 28952 162
3 95 31620
1 8956 19694 62
1 20866 30259 702
3 860 15862
3 9537 25500
1 3223 7631 466
1 13628 23109 533
1 10275 23754 580
3 10629 15895
1 3188 3979 539
1 15061 28275 336
3 5033 10158
1 17030 31490 110
3 20494 20686
1 1288 4181 421
1 3882 15589 634
1 11377 25289 373
1 17342 24750 45
3 23009 23158
1 18934 29937 808
1 480 23613 825
1 21542 21673 495
3 5775 20680
1 8614 31383 347
1 18059 28865 173
3 6648 11586
1 18284 26950 275
1 16455 27024 738
1 691 16685 572
1 14391 24413 716
1 5886 15271 295
1 9008 30561 169
1 25735 28267 105
3 4579 19830
3 3957 24137
1 22020 26131 575
3 14013 18881
1 21786 27289 147
1 10998 28451 710
3 1332 10002
1 3335 14043 989
1 9382 23877 927
1 750 31920 22
1 19040 27226 354
1 23220 31024 612
1 2862 32722 155
1 11098 13233 647
1 19443 28543 425
3 3530 16159
1 7449 29137 953
3 4757 9053
1 3944 5437 411
1 7249 26330 600
1 7012 19975 518
1 6129 15229 999
1 22225 25854 775
1 8172 8686 559
3 14194 32680
1 7023 25701 65
1 28895 32496 707
1 2123 17789 836
1 8698 26761 898
1 10732 13473 686
1 877 11064 367
1 3885 18067 123
1 7607 28357 736
3 15400 27118
3 7439 9586
1 16854 32682 302
1 8094 30876 995
1 13845 15310 574
1 9046 22273 784
1 1816 22556 337
1 11716 26581 596
1 29483 30254 285
1 7554 12337 737
1 672 25839 901
1 3542 15192 938
3 23513 31634
1 3943 27480 646
1 9395 9768 218
1 8017 15837 990
1 16799 25114 672
1 6985 22735 3
1 23321 25855 145
1 4650 27563 577
1 16936 21798 44
3 23234 24251
1 12612 15000 666
1 1235 13905 50
3 17121 24650
1 13292 13320 427
3 11530 19683
1 25669 27597 571
3 23643 25949
1 12145 28868 300
1 5975 29359 663
1 10691 14527 501
3 7879 11736
1 5839 26957 663
1 2047 4540 826
1 3527 12649 499
1 3636 29025 165
1 13765 15816 858
1 18966 26151 645
1 11713 31234 271
1 4699 7378 591
1 8977 16103 389
1 13474 26201 393
1 20759 27094 727
1 2725 27052 94
1 9620 12133 177
1 20446 29974 542
1 5747 7322 709
1 12540 30147 91
1 14257 14334 848
3 13854 29831
3 12379 26905
1 8167 13954 335
1 19967 20651 324
3 4434 32060
1 9625 30384 916
1 4987 16047 754
1 3574 5475 148
1 13949 20167 274
3 16991 24658
3 5696 31004
1 26909 27866 381
1 5265 7441 315
1 6473 24505 694
1 4017 26237 171
1 349 28619 534
1 4477 20801 340
1 206 2571 987
1 11488 21883 822
1 11800 12897 326
1 16991 18732 477
1 205 19613 757
1 17559 32432 577
3 4737 11904
1 8199 20594 558
1 20811 23117 258
1 2930 10157 306
1 7693 7754 747
1 14369 20414 509
3 11294 31447
1 902 2546 569
1 24622 28660 795
1 7490 19049 729
1 5998 25219 434
3 23590 27209
1 18659 24471 195
1 10529 27983 42
3 29461 30883
3 9956 12628
3 15803 20549
1 2017 26019 189
1 8413 8569 43
1 358 7232 210
1 2706 23705 916
3 6330 29400
3 3952 4781
1 13134 26995 157
1 9191 25624 942
1 6631 24363 79
1 20278 23610 925
1 208 7555 948
1 1099 5836 539
3 21071 25791
3 3876 12932
1 12890 21081 695
1 9323 20244 186
1 16789 23308 645
1 21713 31659 280
1 23547 30377 151
3 13593 14930
1 17120 31666 839
1 17738 25233 919
3 5618 15941
1 4352 25002 776
1 13545 15058 462
1 23534 30200 899
3 2649 18432
1 4822 30895 88
1 491 22628 520
1 25920 27217 296
1 5457 11392 793
3 22026 24481
1 15449 28880 653
3 483 1593
1 444 30690 529
1 26885 29950 940
1 11157 30159 185
1 10259 20418 834
1 2149 29787 145
3 9234 21204
1 10427 29204 560
3 3024 26746
1 11727 27798 270
1 10505 13291 621
1 910 19238 736
3 9570 20300
3 6508 21513
1 5987 11116 320
3 16365 26976
1 20551 25769 235
1 5423 13545 910
1 1282 19282 147
1 14024 23453 129
3 10828 31812
1 20684 31395 147
1 2893 10840 326
1 24792 25823 588
1 8139 19167 317
1 5645 19464 503
3 9969 22512
1 25066 26617 127
1 6694 12793 983
1 20000 31104 111
1 10039 16008 154
3 1691 4466
3 26359 26869
1 21447 27127 721
1 2597 32272 115
1 31425 32516 838
1 7174 23265 685
1 3859 10758 379
1 21948 25472 644
1 1891 19970 193
1 8012 10991 832
1 9059 29800 948
1 10498 16608 416
1 1436 5706 82
1 14165 14548 574
1 17766 19810 391
1 5778 26988 278
1 9931 16178 548
3 14056 25439
1 2505 19058 478
1 16272 22054 38
1 21673 30230 568
1 9889 26436 67
3 24219 28059
3 8549 19778
1 4677 19003 80
1 2434 16672 51
1 5432 10299 905
3 388 1024
1 14730 27746 682
1 2066 31062 47
3 4631 26633
1 17716 32472 746
1 30019 31010 509
1 22284 29434 265
3 12797 15315
1 461 24887 437
1 5818 31874 315
3 11614 18827
3 30764 32705
3 11228 25689
3 4929 26409
1 3342 12018 718
1 695 26457 927
1 5966 24474 616
1 10741 22302 411
1 13952 17977 978
1 15571 20972 817
1 9721 14696 392
1 5760 9666 664
1 4559 20539 595
1 1393 16398 217
1 17288 28813 896
1 4090 5144 267
1 14053 21814 678
1 10695 28811 841
3 18644 23064
1 12045 14084 439
1 10852 27038 645
1 13048 19552 624
1 591 13287 788
3 754 18594
1 19963 24456 966
3 2400 21145
1 4188 30308 273
1 2707 12695 937
3 9727 31002
1 13552 14295 953
1 4718 8089 871
3 1220 9976
1 10403 22045 301
1 24932 30829 270
3 3169 9018
1 17753 26593 549
3 4966 15147
1 8645 28723 50
1 2272 27450 786
1 6400 29173 960
1 5786 26122 358
1 1437 14474 576
1 30079 31501 713
3 26370 30896
1 11249 30761 789
1 25162 26667 414
3 14533 18999
1 15236 18272 516
1 20648 25579 699
1 7772 28335 999
1 2423 28569 33
1 13256 30751 741
1 12817 28093 465
1 20901 27215 455
1 8191 14325 30
1 3178 18525 982
1 1662 31939 451
1 8064 28809 332
1 3612 7921 116
3 5817 6598
1 1234 31439 672
3 12305 23054
1 20103 20516 561
1 6279 13196 454
1 3708 32534 615
1 93 14858 169
1 12595 25280 127
1 17512 25221 387
1 12398 23974 571
1 6784 29682 145
1 8082 25978 413
1 18974 21503 678
1 23499 29187 799
3 4486 28903
1 1389 15773 79
1 16908 26278 544
3 21942 30188
1 14938 17604 600
1 9116 10710 569
1 10524 15428 623
1 16121 30890 383
1 21923 31859 771
1 3143 25434 625
1 9822 24410 729
1 11004 23636 591
1 8274 29957 547
1 7378 14300 717
1 15748 25622 964
1 6288 16442 912
1 4732 23365 454
1 6641 27875 237
1 25023 29924 671
3 1000 26407
1 2263 20843 409
1 14212 24496 29
1 14720 19960 817
1 21902 26306 200
1 11817 23889 403
1 153 19427 595
3 4884 11894
1 16819 27630 546
1 24927 26533 537
1 51 30400 200
1 22184 22782 149
1 6428 8300 232
1 3467 17508 778
1 7466 29233 149
1 10746 19244 188
1 20006 25245 932
3 2153 28678
3 10163 11060
1 11913 26403 981
1 7757 16482 95
1 11816 18895 991
1 11296 19951 457
1 6829 26336 808
1 6664 21135 702
1 22315 30373 703
1 254 19417 841
1 4755 6569 599
1 18632 25647 14
3 6508 28152
3 9593 27778
1 15969 21215 931
3 4807 23235
3 9128 16252
1 7349 21246 217
1 3682 13484 434
1 18450 28775 77
3 14680 19395
1 4655 5916 487
1 11208 23439 960
3 25047 26530
1 9982 29758 603
1 17851 22658 390
3 6020 20022
1 9518 27414 541
1 10312 23743 359
1 8229 8312 947
1 25122 29484 403
1 19309 23528 479
1 11711 29497 150
1 19405 25175 203
1 2036 20361 218
3 22656 31868
1 5169 17802 509
1 28817 30243 283
1 5638 10716 796
1 7964 18785 635
1 18005 30842 692
1 27799 32020 752
1 8866 22724 836
1 14333 19024 229
1 2487 13546 175
1 12 13822 214
1 2967 20733 388
1 6076 29543 148
1 8745 22853 934
1 2022 31114 285
1 18698 29029 813
1 29168 30577 385
1 3635 10945 892
1 2383 4524 358
3 11946 20166
1 4919 24876 189
1 30825 32154 415
1 7188 14065 85
1 14047 22683 618
3 18956 27198
1 6088 15136 525
3 701 6319
1 1323 10948 130
1 7485 32379 869
1 3951 8204 741
3 18371 20650
3 873 11964
1 18251 18321 921
1 1221 18411 228
1 13572 27296 8
1 21150 26585 322
3 1086 11717
1 5558 28594 944
3 9490 11147
1 15125 31349 694
1 25143 30954 861
1 30906 31213 384
1 13894 30136 679
1 51 518 255
1 9184 11595 259
1 21272 22381 197
1 22439 27330 949
1 25392 26710 25
1 12943 26657 230
3 7989 19134
3 9733 12964
1 10162 15124 744
1 5161 11578 352
1 12858 28525 87
1 3655 12373 900
1 14283 18001 683
1 3309 7355 444
3 1645 25685
1 2366 11065 531
1 15820 16527 819
1 14240 23800 259
1 382 19115 514
1 13887 18357 298
1 12445 18540 636
1 19337 23241 348
3 25537 29201
1 6569 30886 489
1 20585 23060 174
3 9616 22348
1 15651 21951 171
1 23191 31714 501
3 10378 24627
1 676 10137 417
1 13924 29006 594
1 16547 26719 979
1 4278 12040 258
1 1878 2768 894
1 18164 25356 38
1 27710 31416 377
1 2644 8721 533
1 12281 12994 172
1 11620 14058 276
1 12800 15282 614
1 11638 31775 682
1 30473 30985 776
1 4385 16493 474
1 7013 27045 328
1 22208 31555 596
1 16437 19853 808
1 20806 29426 220
1 20847 21223 436
3 24344 26830
1 4484 15345 38
1 14298 32112 687
1 18206 32268 599
3 13193 27555
1 10502 32667 92
1 5635 15949 8
1 3584 25103 210
1 18923 30058 813
1 18148 20231 305
3 3108 32225
1 3461 8580 470
1 18161 22069 849
1 5322 7620 431
3 5963 15182
1 15128 29090 594
1 6621 10338 469
1 9637 13077 196
1 15212 26225 543
1 587 17299 460
1 21486 29158 363
1 7020 32291 194
3 3741 4686
1 5086 30719 225
1 23031 31659 474
1 14047 30919 485
1 8536 22188 964
1 5174 9954 972
1 5637 18602 842
3 22562 30370
1 21549 25317 599
1 1814 4253 56
1 3301 9554 666
1 1200 19222 916
1 21884 31909 463
1 904 30245 437
3 2059 2830
1 12721 21290 987
1 7366 12955 518
3 11377 22724
1 13120 13626 141
1 16859 18715 294
1 10755 30142 206
3 16994 21950
1 8750 32184 510
1 14373 17383 445
1 6826 21115 777
1 21582 29534 311
1 1002 26573 61
1 3131 4601 87
1 8253 9056 175
1 14247 15500 238
1 4407 20602 678
1 9823 24621 315
1 11117 27447 762
1 17540 25851 951
3 8669 29732
1 780 7094 845
3 876 27831
1 3432 9953 160
1 12340 32004 985
1 3032 21953 636
1 4398 15604 34
1 3182 15798 394
1 4101 16252 20
3 24076 25110
1 151 25044 546
1 28530 30408 232
1 17603 21158 427
1 1065 7086 46
1 12713 21786 444
1 20005 26751 889
1 25680 29231 903
1 17386 19161 708
1 2037 18854 298
1 874 15204 14
1 1859 13260 230
1 6909 14300 148
1 14201 18767 960
1 2107 26420 350
1 5911 14232 219
3 5573 16076
1 12886 26474 710
1 2686 7190 887
1 14111 32715 238
1 4103 14251 799
3 12173 28159
1 7138 8500 495
3 12883 29206
1 2534 28135 993
1 15470 24373 834
1 22976 26014 900
3 16265 24545
1 11625 12003 592
3 7139 17598
3 9597 32064
1 4622 20923 762
1 5617 24555 192
3 10351 17499
1 15769 31302 264
1 719 11062 292
1 21077 27340 991
1 8205 31919 406
1 1471 2697 357
1 12766 26169 110
1 344 28285 307
1 8911 28593 710
3 6403 25309
1 8197 25993 247
1 21497 32655 463
1 15553 15691 90
1 3250 24403 338
1 17003 19218 717
1 11876 14100 209
1 7176 18238 419
3 5305 15018
1 4788 25214 923
1 21225 28264 67
1 44 32541 954
1 5141 17188 885
1 18950 28141 876
1 14223 28714 526
1 8417 11662 713
1 2130 10504 188
1 18141 20854 136
1 10350 27665 975
1 14957 26142 331
1 24794 29061 2
1 7953 30540 48
1 9552 18111 389
1 14358 25682 433
3 28184 29535
1 14701 17911 715
1 4124 12093 860
1 11690 20247 287
3 9650 22307
1 16777 28529 865
1 207 5575 655
3 4289 31360
1 1102 31974 400
1 4311 8005 419
1 1734 19465 757
1 9279 9650 826
1 8248 24800 271
1 20235 25235 96
3 10093 24978
1 2147 20213 672
1 11314 14814 841
1 5643 15511 219
1 20147 32215 316
3 6616 22011
3 10140 23024
1 11668 12598 127
1 4800 21175 568
1 8078 31168 70
1 15078 19228 295
1 1233 29769 224
1 15807 19877 870
1 12748 28198 173
1 12069 24937 847
1 19105 29970 775
1 18709 32497 638
1 15351 17753 46
3 6260 31354
3 5047 15773
1 6589 32657 154
1 17530 25330 648
1 15939 27899 247
1 5868 11457 377
1 2627 13147 262
3 17602 26219
1 15941 22820 404
1 18676 19673 163
3 21298 23858
3 8644 8723
1 5980 19970 140
1 660 2932 373
1 8329 23465 541
1 1033 2973 615
3 18530 22253
1 13488 29680 922
3 17129 29078
1 27503 29038 997
1 10485 18595 819
1 1278 17125 254
3 6127 27464
1 15180 31891 671
1 1676 17839 239
1 12025 25653 802
3 31639 32647
1 10374 13227 275
1 7184 28800 415
1 648 25562 115
1 2132 11937 561
1 1918 17286 192
1 9581 29734 241
1 24207 29622 950
1 4917 21504 48
1 3421 7409 912
1 15955 22476 240
1 9241 13858 186
1 21751 28180 617
3 444 4970
1 25651 29505 88
3 23600 23650
1 1831 22685 581
1 21091 26752 721
1 7588 12837 264
1 16734 26227 330
1 19942 20011 854
1 4609 17906 418
1 15024 28827 327
1 9015 24764 128
1 9218 17115 68
1 21216 28113 682
1 464 25617 653
1 9028 30465 272
1 8207 22559 555
1 15393 21215 55
1 7587 29611 31
3 13188 14056
1 8893 27879 876
1 1335 7290 551
1 4270 4881 179
1 7333 29529 558
1 18012 21123 602
1 20829 25645 994
1 12558 25295 362
3 1244 8962
1 12538 29264 503
1 4493 14673 934
1 20821 28033 331
1 5666 17936 391
1 1871 28836 771
3 15461 31373
1 5406 30768 840
3 9580 30564
1 5613 6891 595
1 2518 13447 328
1 25721 25886 761
1 3480 11410 238
1 4508 5577 922
1 26452 27637 490
1 11133 29110 628
1 4786 12595 474
1 8720 11546 23
1 1250 29699 473
1 4584 23492 415
1 20917 27438 653
1 24752 28576 174
1 853 16352 705
1 3111 25793 23
1 16557 21052 188
3 2214 15829
1 5415 30090 514
3 15916 30605
1 18032 27993 755
3 7485 25647
1 25829 30615 776
1 3387 26424 167
1 1218 25315 300
1 15651 23450 479
1 15958 32388 411
1 11000 11599 856
1 303 13191 893
3 5213 13467
1 11315 29670 62
1 11677 12516 80
1 12154 14956 877
1 20864 20932 126
1 13043 29155 420
1 3056 13124 899
3 11999 24330
1 24461 27663 166
1 9434 14597 585
1 16542 27563 490
1 9265 27612 845
1 7171 8076 586
1 9954 27387 5
1 869 20542 654
3 5040 17916
1 9494 24695 402
1 11942 27589 113
1 5691 28893 274
1 10291 24800 131
1 17537 26892 269
1 15051 21875 652
1 2785 13018 65
3 3173 17649
1 8646 29979 572
1 3104 11651 910
1 4260 9761 883
3 6515 28652
1 16945 20218 378
1 15873 21112 300
1 15190 26152 592
1 3323 29835 793
1 1335 27607 50
1 8109 11317 251
1 4450 5967 674
1 1814 20751 859
3 10103 29700
3 17155 22074
1 1465 13492 305
3 23263 26353
1 21854 27160 972
1 14770 19522 302
1 30597 32231 435
1 24724 31532 904
3 1259 11700
1 1689 23155 291
1 1262 13734 84
1 6134 26942 943
3 3112 27783
1 4218 19754 275
1 1537 7195 480
1 3344 19970 47
1 8661 13637 274
1 16237 30039 113
1 6703 15967 663
1 2303 14179 696
1 28398 32156 453
3 17480 20964
1 4013 7660 438
1 19826 31885 983
1 2106 30219 979
1 3760 19143 17
3 11755 18471
1 7955 30718 867
1 16071 26549 986
1 16122 25868 307
1 24363 31382 981
1 25547 30993 595
1 17823 31038 174
1 12272 28773 860
1 18530 21690 392
1 14541 20795 258
3 14059 17722
1 27334 27861 365
3 28789 30450
1 20218 25250 676
1 21488 30210 724
1 7061 26426 169
1 6011 23368 619
3 18963 28033
1 11666 27308 154
3 13523 28705
1 13861 19709 101
1 10461 16383 132
1 6628 19765 240
1 13570 28022 653
1 1496 16457 660
1 23743 27462 111
1 11039 21363 623
1 529 32217 520
1 17971 31852 840
1 3018 27674 636
1 14466 24270 99
1 577 4554 343
1 3008 10186 425
1 4564 27637 924
3 21355 27544
1 6127 31283 323
3 5059 23623
1 6216 6315 269
1 8464 13179 998
1 11540 28749 464
1 727 6840 81
1 3662 17248 309
3 9072 15186
1 20117 31530 362
1 21935 24821 235
1 15612 16420 348
1 12927 13483 689
3 16881 26926
1 7617 19755 257
1 15445 19003 451
1 10167 17513 610
3 19281 29213
1 1567 19606 236
3 29137 31648
1 18884 20271 343
1 16482 24144 959
1 15444 24728 762
1 13614 19561 714
1 6576 16113 264
1 16067 25382 853
1 16773 17205 478
3 11047 28054
1 10119 19121 742
3 5183 5474
1 2561 32175 433
1 292 19938 184
1 4342 28625 582
1 21239 26154 894
1 383 9724 460
3 19052 32587
1 2488 7792 670
1 10015 23772 937
3 12388 23279
1 21360 28565 407
1 1325 19255 498
1 9789 14805 974
1 24557 25817 422
3 3773 19812
1 10887 30268 697
3 3215 15692
3 6579 20665
3 1678 20586
1 4286 25119 970
1 12048 27293 309
1 19571 25823 557
1 6263 10874 169
1 10505 31565 933
1 8763 17079 832
3 19387 31889
3 11525 29065
1 4422 19670 662
3 370 4655
1 1386 27156 6
3 9287 9703
1 22787 28117 943
3 248 2687
1 1875 15789 788
3 16267 16895
1 22734 25778 935
1 3597 15113 765
1 5203 30868 63
1 2176 4171 553
1 3315 28716 125
1 15185 28969 200
1 1403 24946 598
1 20284 22391 305
1 8663 25752 870
1 15996 23140 745
1 12450 31097 779
1 3907 21249 608
1 5099 11733 30
1 6455 21951 698
1 4323 15519 701
3 10087 12164
1 6789 20800 456
1 6372 26219 336
1 5488 22817 837
1 8755 12030 109
1 10554 29934 966
3 9112 27201
1 15151 15501 402
1 4415 29950 941
1 5666 26617 790
1 10915 11773 738
1 24365 26737 817
1 3995 18641 271
1 8654 25224 195
1 27004 32034 687
1 7839 12619 193
3 13587 14900
3 14482 20088
1 9148 22604 636
3 5529 8680
1 6802 17799 253
1 9698 10188 233
1 8667 10802 384
1 4832 31791 919
1 14803 28997 444
1 22874 31942 19
1 2624 30234 103
1 10759 29240 463
1 5395 22810 922
1 15556 32443 451
1 22476 22870 880
1 26281 29445 503
3 1653 29835
1 8392 27391 514
3 12853 24983
1 7619 8774 279
1 1295 8597 202
3 1492 4420
1 5005 11960 970
1 9523 31583 934
1 21317 22382 179
1 20962 22043 360
1 26431 31031 841
1 15342 20249 738
3 18539 25804
1 18776 26512 955
1 19824 24515 159
1 3388 27719 175
3 13923 18817
3 8163 28208
3 1482 13740
3 8554 24142
1 19254 23154 871
3 7789 19264
1 2 29394 428
1 13763 14907 117
3 24053 29174
3 8661 27721
1 6700 25053 854
1 6310 11237 328
1 28436 30235 198
1 16342 31008 120
1 371 12174 249
1 13107 17040 969
1 5661 21412 711
1 4308 29933 13
3 8464 25976
1 1945 24952 675
1 30874 31552 528
1 1498 13204 53
1 7003 7579 907
1 8886 22149 723
1 15679 18053 499
1 10278 12099 402
1 11543 32088 592
1 2878 18657 321
1 20526 26031 747
3 5178 26502
1 15098 29932 913
3 1434 13711
3 9996 31305
3 26333 27039
3 23984 24233
1 14369 20104 29
1 12365 20901 399
3 9236 11285
1 11142 30989 46
1 3934 6394 209
3 27316 28502
1 9779 18876 897
1 16955 30529 454
1 17472 20668 343
1 7013 25396 409
1 17233 31138 48
1 24093 32696 148
1 13594 30553 757
1 14344 24850 980
1 8021 27419 660
1 9863 27041 417
3 5769 22705
1 617 13656 10
1 502 29193 940
1 2622 11361 540
1 24910 31074 45
1 6383 18775 906
1 6218 10708 348
1 3353 16273 288
3 9457 28613
1 12664 22074 160
1 19632 21888 45
1 6169 22408 218
1 8053 32470 483
1 16099 28071 467
1 7976 18199 701
1 12249 26615 139
1 20490 24209 612
1 15341 17154 75
1 29147 30123 62
1 7015 28437 836
1 26586 27624 330
1 11322 22758 832
1 8907 23770 655
1 10470 22971 926
1 17485 21459 390
1 2288 24042 762
3 14953 26448
3 8758 27533
1 17551 18483 527
1 2381 8904 774
3 20628 26789
1 13818 16562 801
1 16200 20667 619
1 30130 30371 15
3 16861 31019
1 8112 28677 662
1 14436 26617 288
1 2227 19955 997
1 14293 23896 824
1 3709 4831 686
1 3076 28244 666
1 24336 32374 178
1 735 11674 204
3 16947 17978
3 29306 29536
1 13731 16304 267
3 8604 10137
3 21811 24405
3 6129 16283
1 1728 30492 122
1 11140 22003 510
1 3707 32232 636
1 1679 9658 763
3 4298 27110
1 22180 30534 199
3 17692 19588
1 13669 31799 422
1 13321 19864 520
1 42 20254 172
1 8682 23897 805
1 637 32435 719
1 155 20626 843
1 8587 22382 371
1 13349 13403 121
1 4114 28140 884
1 8252 30039 277
3 7524 23283
1 16950 18278 577
1 814 22333 687
1 15030 17829 152
3 20936 22856
3 26812 30022
1 13337 26693 68
1 10051 10509 955
1 27032 30390 342
1 7449 30621 276
3 5388 19422
3 7036 30597
1 1480 25498 267
1 4880 16236 57
1 389 7818 92
1 2564 10704 552
1 2291 16923 86
1 16083 21166 425
1 602 8082 705
1 5511 5752 495
3 4199 26475
1 6870 21300 182
1 25723 28352 166
3 10435 32370
1 12163 26483 808
1 6343 17479 583
1 3495 23931 713
1 873 26438 183
1 17586 31933 591
1 10854 29226 542
3 8111 23999
1 7535 18341 797
1 8924 12686 572
1 12494 15113 355
1 23111 27424 956
1 10508 12459 798
3 2974 6769
1 7137 7382 463
1 18701 32077 195
1 8971 17104 42
3 15956 28388
1 2239 12550 780
1 2828 2845 469
1 2748 22759 210
1 105 4333 984
1 10639 20382 653
1 6278 32174 381
1 3509 10425 277
1 20166 29029 548
3 1464 7472
3 7142 17051
1 8060 24059 983
1 9251 12479 507
1 20780 32085 580
1 13744 26917 47
1 11932 14499 435
1 25390 28518 755
1 20196 21068 770
1 10374 21522 431
1 3091 24181 411
3 14956 32038
1 12411 23417 185
1 24166 28094 503
1 1091 24328 177
1 17313 25975 646
1 18380 28161 182
3 434 1540
1 13401 31649 214
1 21195 26302 929
1 2071 31238 582
1 12868 25905 992
1 11398 28205 818
1 3212 6558 520
3 10602 23896
3 17745 21280
1 14797 23428 953
3 21389 29218
1 5607 11284 478
1 13445 21837 23
1 11335 24355 572
1 907 28709 276
1 11521 11945 34
1 5649 29285 121
1 2658 7761 763
1 22433 28649 779
1 567 10974 530
1 4369 21334 279
3 2951 4975
3 10241 16935
1 111 11555 593
1 23867 25766 501
1 25226 30354 570
1 6123 27744 607
1 9228 22713 64
1 14293 15504 7
1 8307 22227 634
1 22657 32373 452
1 18111 20595 806
3 5202 16329
1 22206 25211 199
3 11495 16787
1 15740 30013 70
3 17522 23399
3 3369 5066
1 3667 29563 502
1 1980 16795 564
1 19689 30221 894
1 23821 29899 989
3 3812 11813
3 15709 29868
1 11033 30650 994
3 13676 31735
3 12020 26183
3 3832 30807
1 10474 14681 487
1 18153 26842 589
3 20852 28359
3 433 9239
1 4539 11864 680
1 11447 32218 16
1 6574 16573 605
3 5599 31652
3 1223 22130
1 75 12306 588
3 20487 32305
3 12472 17116
1 525 21762 736
1 27178 29026 176
1 12786 20795 777
1 16576 24959 659
1 16017 32235 975
1 15120 29914 836
1 7442 9754 374
1 3434 8690 980
3 22434 26049
1 5614 8258 306
1 5105 26219 710
1 13539 19185 819
1 2812 10675 852
1 521 29179 400
3 1019 18723
1 13729 24764 126
3 15627 19239
1 3061 21977 22
1 5656 23047 791
3 8440 20529
1 6518 13073 67
1 13653 23533 602
1 16265 29787 434
1 12820 31153 730
3 14050 25945
1 22079 24635 30
3 3147 20038
1 12060 28654 374
1 530 4008 194
1 10646 16878 38
1 1438 18523 599
3 18871 31159
1 10953 19437 953
1 9386 27868 550
1 3179 15580 965
1 15519 26250 322
1 24371 28009 681
3 19404 23551
1 15431 27844 686
1 5143 28640 829
1 7125 9533 190
1 7947 9946 218
1 12075 15264 820
1 16150 29872 300
1 8404 11266 629
1 1512 23532 896
1 1975 25106 34
1 1535 30660 420
3 25712 28355
3 5100 14025
1 7664 29398 186
3 11748 18781
1 16895 19330 904
1 7018 17451 132
3 2320 9220
1 17529 21727 458
1 13190 14881 892
1 5319 29643 187
1 1974 25125 596
1 19952 26533 726
3 789 25059
1 2172 11336 867
1 12624 22313 1
1 15463 31852 137
1 5252 31021 613
1 7677 25512 64
1 1993 19175 169
3 6558 13019
1 8275 23535 134
1 2753 7214 834
1 17535 29043 526
3 4317 13501
1 1302 7346 55
3 4747 7879
3 11461 23296
3 3001 26924
1 21114 26818 645
1 3273 17304 51
1 20587 27971 869
1 26686 27039 463
1 3368 9234 788
1 915 10284 182
3 1118 30282
1 1299 13950 457
1 12242 30365 358
3 3539 21346
3 14924 18391
1 10885 25238 44
1 9154 29649 104
1 17355 17686 553
3 5754 26062
1 12966 14052 555
1 1293 18543 772
1 14993 22076 523
1 9630 26419 684
3 17086 19841
1 491 26296 308
1 13505 22062 687
1 13326 17199 555
1 22403 23107 167
1 136 14749 146
1 7339 29986 274
1 18704 32501 397
3 3491 13752
1 16575 19971 957
1 199 19060 548
1 4021 17566 56
1 19584 32475 409
3 6890 10332
1 21276 29414 140
1 15258 17128 566
1 18136 29747 124
1 13123 16048 294
3 18426 24993
1 1153 16429 330
1 27740 32409 689
1 27779 30945 439
3 4126 8291
1 19967 22665 201
1 3970 28136 185
3 5355 8446
1 113 25103 135
1 5079 13489 749
1 11006 21167 581
1 15169 26423 849
3 16785 18692
1 7594 30208 923
1 11802 27167 283
1 17967 27334 110
1 12931 17607 42
1 15277 20615 704
1 18335 25811 265
1 11194 27271 807
1 22562 24691 549
1 12091 29842 234
1 22884 23181 33
3 13343 14404
1 16743 21736 285
3 15154 27368
1 528 13963 414
1 18381 18410 799
1 8541 22224 534
1 7918 10309 195
1 25228 29197 119
1 1413 15677 257
1 23982 26217 703
1 18660 19747 264
1 29753 30015 344
1 14426 14439 483
1 6171 13065 789
1 10 1463 594
1 10077 17083 913
1 4846 16134 342
1 6164 8409 696
3 7555 9691
3 24854 32463
1 11148 29996 633
1 23331 28606 480
1 3650 12422 342
1 9538 28014 286
1 2202 14123 716
1 22763 26850 998
1 17434 23628 1
1 27296 28443 16
1 702 9212 696
1 16835 20239 527
1 22347 31194 663
1 6997 22000 637
3 13308 29034
3 10114 24440
1 3071 11366 133
1 14504 21589 135
1 5020 14128 638
1 18170 19062 455
1 5698 15465 545
1 5844 24722 752
1 8927 28481 585
1 4732 17520 949
1 18460 18633 977
1 4477 15273 612
1 6710 22801 587
1 8604 25011 114
3 16065 29294
1 1764 31295 798
3 1837 5937
1 3192 11606 774
1 449 16987 784
1 1653 7981 498
1 5502 16372 578
1 5179 30818 712
3 9706 31245
3 24826 27300
3 1449 28463
1 742 3395 227
3 4468 29290
1 525 3742 155
1 19438 32122 302
3 4261 28258
1 1039 26502 355
1 20337 26837 668
3 13140 13937
1 29374 31729 330
1 14662 18406 141
1 4251 8458 577
1 19686 31700 8
1 8553 10466 784
1 9758 19414 611
1 1474 3900 468
1 20535 20904 74
1 10392 19608 937
1 3171 12219 303
1 15609 24437 893
3 5555 17461
1 2380 18192 255
1 5352 19202 108
1 29154 29811 151
1 8184 17638 835
1 7109 27741 340
3 14316 22029
1 7232 20284 172
1 4846 16113 241
1 9263 30914 70
1 15118 28132 154
1 20470 25393 988
1 4973 20517 725
1 2900 21716 278
1 481 24493 610
1 23128 26358 213
1 356 30764 517
1 8935 27497 839
1 26061 29261 157
1 1084 9216 87
1 18903 29871 967
1 12260 22677 810
1 9841 31636 92
3 17412 19390
1 15959 22036 723
1 12703 23169 213
1 8849 26327 110
1 18448 29749 438
3 29647 29909
3 14476 26942
1 4551 8081 422
1 1530 11241 200
1 5389 10454 222
1 5834 28975 122
1 1592 30352 453
3 2755 12290
3 12201 19132
1 4783 13325 463
1 9754 13030 867
1 18860 28947 37
1 6813 13207 257
3 1289 22173
1 6537 13238 558
3 2167 12148
1 23496 31815 380
1 5626 20742 695
1 9532 15366 536
1 11682 21153 558
1 9856 10212 45
1 25010 27301 11
1 2866 14019 422
3 9405 11741
1 23265 26130 627
1 27680 31575 69
1 1047 9618 327
1 27032 30115 635
1 18705 29758 783
1 20125 29195 520
1 6658 12139 871
1 11016 13646 163
1 7540 32755 88
1 12468 30587 766
1 4418 14388 885
1 2849 31579 807
1 3323 12464 502
1 4645 10932 569
1 277 18397 889
1 5176 31491 984
3 8287 22442
1 15314 18403 831
1 8269 20764 375
3 20306 21696
1 2215 14467 583
1 25791 26162 947
3 6164 28519
3 16481 27567
3 9802 13302
1 21660 23956 427
1 7376 25973 35
1 7850 25325 969
1 6809 29160 471
3 2222 5576
3 9866 25299
3 11174 30530
3 4961 30218
1 27333 31209 66
1 15859 26573 430
1 4401 21461 878
1 10643 20987 623
1 14768 18815 620
3 18535 25391
3 6799 31522
1 4848 24994 209
3 1557 21116
3 3240 31163
1 4524 27984 955
1 8776 9952 369
1 19280 20525 865
1 8318 29387 163
3 21230 26508
1 8469 31687 442
1 2660 25232 932
1 7262 22999 769
1 2821 14710 415
1 11402 11667 90
1 13163 31351 744
1 9551 24876 219
1 1747 25768 663
3 11282 14268
3 8159 8723
1 2013 23917 905
1 27030 28330 752
3 12644 14006
1 9015 32541 605
1 24677 30109 36
3 23088 27225
3 3304 20935
1 14688 28662 402
1 15412 28371 34
1 3050 14800 564
1 3312 23225 990
1 19039 26116 102
1 2415 10938 483
1 8845 10292 116
1 8428 24809 928
1 20678 31228 102
1 15100 16634 734
1 894 14919 23
1 12487 18945 898
1 413 27148 726
1 9072 13077 926
1 11029 28329 368
1 8862 30651 384
1 20090 24405 20
1 13421 25343 9
1 1566 11011 822
1 4889 17604 687
1 5878 7285 317
3 1954 27168
1 9642 10816 680
3 24013 27123
1 5637 15859 405
1 19094 24618 823
1 28817 32172 876
1 29587 32408 502
1 16840 22071 259
1 17831 27611 552
1 3292 9742 208
3 7387 28563
1 3547 19009 627
3 6627 26150
3 15227 21818
1 5843 14985 718
1 4046 22814 62
3 4115 25102
1 21944 23258 168
1 21405 32323 571
1 1200 25371 967
1 19409 20498 934
1 3754 8578 864
3 1347 13810
1 8677 12971 980
1 1172 32652 357
1 12764 29253 112
3 1728 12175
3 11405 15754
1 2578 5314 24
3 5444 31612
1 15445 20396 754
1 5906 20062 59
1 12303 26899 183
1 14790 21626 49
1 1768 7584 774
1 12238 19093 117
1 13440 26108 311
1 8216 18629 585
1 3381 6731 608
3 9778 17466
1 19256 19647 67
1 4045 5305 474
1 3117 15626 67
1 22621 28224 840
3 9071 22919
1 7426 17870 292
1 5605 27420 12
1 2265 30487 182
1 20593 24774 382
1 21638 31081 3
1 18110 24523 724
1 22890 27834 447
1 17402 23919 234
3 3230 23617
1 7953 11295 300
3 16771 24126
1 2513 21393 416
1 20601 29189 746
1 7655 20101 103
1 10092 22387 176
3 5905 16738
1 1631 10666 561
1 26250 32430 180
3 23551 25025
1 5310 19493 517
1 11394 12552 129
1 190 10420 717
1 9305 22758 828
3 24341 32439
3 5415 17465
1 1196 27739 131
3 24332 30964
1 11769 30001 341
1 7448 25929 175
1 3838 5550 643
1 29831 30557 768
1 627 19627 141
1 11367 18483 161
1 6163 20790 537
1 12632 31839 730
1 24791 28598 480
1 23933 28936 166
3 14280 14361
1 17687 22640 759
1 21365 24364 248
1 798 32409 842
1 5195 18840 362
3 7966 14842
3 553 16558
1 6902 15602 636
3 9696 28333
3 11799 12003
3 27649 31104
1 30386 30754 440
1 6314 10323 117
1 3494 7457 515
1 9357 22486 921
1 1648 17340 566
1 10995 18418 632
1 14252 24514 723
1 1289 30449 335
3 25563 26354
1 1 5546 853
3 7158 31028
3 17645 21050
1 5607 32187 296
3 7320 9125
3 146 16085
1 16618 23256 191
1 20399 27893 446
1 14370 23715 263
1 29884 32004 88
1 11751 18096 563
1 5320 9868 507
1 5109 30245 85
1 5272 14121 707
1 1712 15165 981
1 23123 25167 329
1 2319 10325 197
1 5022 30248 178
1 9109 24054 660
1 8644 19058 543
1 681 14207 36
1 1485 3942 148
3 6470 21361
3 24953 25991
3 16873 26737
3 12668 15654
1 27872 28175 844
3 2889 19694
3 1609 7890
1 6701 31941 95
1 27456 29433 357
1 24881 30561 557
1 2827 7842 903
3 4103 29750
1 12083 28026 489
1 8434 14830 536
1 24556 28930 738
1 27638 28877 789
1 4457 6605 491
1 10980 28513 990
1 715 18946 914
1 29137 30187 786
3 344 28540
1 3902 9767 367
1 6492 21019 827
1 1827 13198 86
3 3571 28213
1 9883 13390 621
1 10217 26110 831
3 10800 27160
1 20932 32733 779
1 5352 29683 852
1 3608 11248 779
1 11207 26968 502
1 16269 20329 245
3 3623 12536
1 3606 6413 761
1 22604 25948 420
1 16471 24379 200
1 2132 20707 240
1 5914 18520 421
1 14455 14567 262
1 12622 21051 719
1 19216 24992 247
1 9224 26605 214
1 10297 30813 615
1 11571 24055 794
1 12433 32705 77
1 20071 26256 132
1 9651 9803 215
1 6071 13772 659
3 7599 29150
1 3491 19721 302
3 11131 15766
1 10742 27671 888
1 5747 15375 465
1 25699 30257 152
1 1170 16645 771
3 3685 22562
1 4019 8843 866
3 15012 27610
1 9104 19712 841
1 16827 18153 831
1 11270 16864 524
1 75 24388 385
1 11667 32526 22
3 1778 21159
1 2826 20084 692
1 12212 31020 613
3 5848 18379
1 19220 22142 839
1 18644 18905 604
1 13212 21119 959
1 12917 22495 401
1 19793 24629 118
3 6799 17015
1 8869 24431 629
1 3027 6575 688
1 913 23271 73
1 976 29112 626
1 19135 32131 966
1 3166 9394 293
1 6109 19115 437
1 1417 18627 270
1 20195 24695 604
3 6673 13783
1 6863 23204 456
1 11688 17436 2
1 11452 18095 225
1 6788 20484 381
1 6089 18037 355
1 3399 18728 117
1 25913 27065 380
1 3166 8173 291
3 20301 23191
1 2691 6076 713
1 14811 18421 493
1 277 26674 329
1 8700 17420 230
1 11929 23051 319
1 3305 28038 768
1 5077 16070 595
3 9454 24026
1 2344 15272 751
1 10940 16793 183
3 13687 24804
1 19260 22825 618
3 11243 15738
1 2754 3915 741
3 8990 28969
3 10710 29476
1 16047 18884 283
3 24256 31333
1 14398 16668 177
1 12121 16481 702
1 21612 26187 478
3 4159 30747
3 4892 31124
1 7579 16672 748
1 8445 20561 602
3 12686 17512
1 365 1570 318
1 21051 26146 629
1 8580 28800 819
1 4458 9116 608
1 8662 16961 731
1 19277 24647 407
1 4681 19507 148
1 12038 29152 475
1 16312 30791 186
3 10699 11691
1 1955 8303 43
1 1271 29780 797
1 4274 29878 281
1 18829 20004 260
1 24375 27157 798
1 21506 23318 950
1 10663 12636 572
1 5571 13088 823
1 2338 17836 248
3 13853 29393
1 10793 27606 768
1 5507 25515 487
1 1475 20604 80
1 3592 18810 370
1 3922 15702 221
1 12424 25079 818
1 10459 15188 427
1 16218 20110 198
3 6102 24908
1 15252 30373 158
3 2993 8904
1 24375 28540 830
3 12698 21946
1 1175 16587 486
1 10129 13502 567
1 9432 20476 137
1 12373 20224 152
1 9311 16070 234
1 10374 22747 897
1 15588 24159 549
1 21343 24736 889
1 11376 22951 924
1 4305 4962 27
1 11317 12618 925
1 2345 29774 40
1 5136 27456 770
1 20011 32404 146
3 11055 29995
1 12674 26623 168
1 4474 15593 828
1 13092 19607 451
1 12410 18905 244
1 9377 15010 364
1 4961 8388 163
1 9216 24788 279
1 10037 26473 933
1 3757 24147 805
3 24318 24797
1 14641 24175 558
3 2937 25123
1 14179 31603 828
3 5782 18915
1 16215 26578 279
1 6181 17833 168
1 14016 31375 706
1 11255 27962 15
1 2805 21398 52
1 4544 24345 764
1 7273 8689 588
1 1257 8954 736
1 2812 7482 68
1 8461 9683 148
3 1460 26840
1 10335 23673 757
1 8426 12760 363
1 15773 21420 964
1 20496 27850 839
1 22862 28704 452
1 19076 27714 171
1 1959 28282 15
1 1882 4629 500
1 7659 9768 399
1 1251 20526 277
1 19998 29873 599
1 17891 23135 116
1 2329 15004 343
1 4498 30047 667
1 18491 20677 52
1 8174 14708 199
1 5308 8198 45
1 5778 25761 365
1 4199 6013 928
3 6144 31323
1 17947 22694 117
1 18517 19711 921
1 5018 19019 861
1 14992 31232 467
1 11135 30285 623
1 3909 24513 143
1 13008 22499 42
1 16066 29997 676
1 20768 29807 809
1 14126 16784 23
1 12319 18158 466
1 11392 26520 538
3 439 1243
1 15020 23135 926
1 26521 29828 993
1 9612 28927 627
3 6012 20766
1 7651 15863 583
1 8638 10890 247
1 5136 30995 842
3 2722 12606
1 9021 17069 99
1 5421 25530 523
1 16838 23842 720
3 12250 24895
1 15918 25762 936
1 22702 23464 155
1 5171 10676 128
1 9621 28288 612
1 3682 11689 842
1 22036 24084 566
1 29309 31131 965
1 3817 13694 176
1 5499 22567 323
1 7385 25100 689
1 15106 24821 418
1 12121 21391 288
1 5618 17194 942
1 8420 28430 50
1 6523 8019 396
1 9361 31786 991
1 10989 24723 497
1 4364 21801 910
3 5814 12970
3 19670 26976
3 11157 31218
3 9496 25298
1 1959 23662 441
3 1377 19091
1 5953 22034 43
1 18913 28227 232
1 24429 25031 491
1 16807 31931 669
1 13428 14469 107
1 27469 28501 983
1 2587 29126 189
1 25078 26135 979
1 8286 29287 285
1 8106 15168 600
1 4672 13525 821
1 16657 18049 632
1 155 21820 809
3 22787 28791
1 6148 8104 871
1 10963 23208 973
3 8401 30358
3 3903 30944
1 24913 27632 897
1 12681 25354 634
1 2550 9618 216
1 3691 12211 613
3 2280 22979
1 10314 16820 704
1 7056 31124 779
1 306 21283 884
1 18799 27867 611
1 11059 14786 136
1 11090 29735 393
1 9252 11650 442
1 10593 22406 938
1 23124 27763 51
1 16426 20661 322
1 9691 14454 544
1 16348 29415 792
1 10275 20144 986
1 6841 25432 711
1 9302 17952 182
1 545 9019 271
3 18953 23534
1 6687 23637 8
1 9868 15233 648
1 3248 31240 270
1 13135 28545 554
1 6952 11770 54
1 13649 26224 217
1 13132 14100 254
1 23188 29078 636
1 3030 16706 679
1 23600 27294 391
3 4340 27638
3 13207 31169
1 10745 30822 740
1 18727 23408 895
1 21918 23700 44
1 391 18673 22
1 751 19381 419
1 17359 29229 852
1 6858 28323 386
1 11697 20714 611
1 7598 27857 261
1 1381 15897 874
1 1923 25471 325
1 8351 21997 317
1 3249 25509 231
1 4596 30062 632
3 12844 29930
1 2026 19599 645
1 9162 18078 918
1 4511 9975 791
1 18121 24287 982
1 11018 11170 619
1 18748 23624 923
1 13771 26396 868
1 13258 32265 819
1 172 29150 978
1 28086 30031 790
1 23780 25101 792
1 2889 19929 106
1 21706 31685 580
3 7650 13544
1 12778 21080 889
1 1103 7635 165
1 14214 15613 903
1 7161 32087 313
1 13850 26759 886
3 12167 14861
3 6947 28682
1 13692 26374 904
1 6375 27523 849
1 8137 32072 73
1 1765 5742 200
1 4378 12971 158
1 1690 21174 462
1 8934 24676 309
1 4339 11288 379
1 8529 12213 240
1 12453 30911 691
1 23383 29887 167
1 6465 23858 192
1 4311 19318 429
1 11363 16935 557
1 7030 22979 687
1 13774 29538 132
1 15547 19556 136
3 19666 31061
1 6118 19182 68
1 2550 31540 381
1 15773 17886 355
1 17307 23763 466
1 3509 24492 708
1 26055 29714 714
1 6398 32637 821
1 2185 2305 909
1 12336 27301 922
1 4069 7507 825
1 635 19735 610
1 29097 32141 768
1 750 23296 640
1 13124 31270 438
1 11478 29543 28
1 842 25866 132
1 5348 22023 719
1 24083 25592 335
1 19473 26474 659
3 5447 16375
1 6245 17248 548
1 4547 26400 156
1 58 9451 902
1 8023 27509 846
1 22652 26609 227
1 9912 21255 385
1 870 30870 168
3 3627 24458
1 6452 32318 147
1 1620 24653 797
1 14721 31884 138
1 3770 4479 441
1 5629 8013 325
1 3641 26762 329
1 3052 28881 410
1 1495 14025 421
1 28451 31283 187
1 2797 23069 121
3 22462 25755
1 26775 31547 199
3 8320 13280
1 10076 19377 926
3 12129 13075
1 9070 17202 985
3 12389 32200
1 14008 28172 475
1 18962 23592 616
3 11998 29485
1 20136 24745 382
1 13297 25822 192
1 13057 17715 150
1 8156 24669 441
1 3548 4983 726
1 9157 18568 140
3 23461 26808
1 11385 32263 26
1 23912 31021 76
1 26095 29144 994
1 3347 21848 735
1 10548 12082 254
1 15059 16714 489
1 17543 19559 655
3 9527 31729
1 8355 16380 970
1 5471 17506 46
1 5747 32327 234
3 24338 30546
3 12933 17020
1 2864 22908 614
3 322 2444
1 439 9323 353
3 5934 17558
1 13918 17329 822
1 8271 30851 362
1 7017 9858 209
1 14814 17720 351
1 1217 28401 524
1 22350 25046 731
1 13976 24584 334
1 20741 23436 96
1 837 10273 891
1 12438 32088 827
3 8098 12173
1 11841 30668 984
1 12964 20126 673
3 834 4775
1 4937 15983 636
1 3077 15477 352
1 28092 28647 417
1 5546 25778 834
1 661 9555 786
3 5424 6928
1 7679 18214 983
1 2603 17991 804
1 8565 28853 433
1 6098 15497 959
1 11897 28812 351
1 21057 22863 374
1 23735 28945 534
1 17304 26297 91
1 4963 24382 219
1 9306 14876 618
1 15916 23717 372
3 7663 18559
1 9755 20133 680
3 2846 9367
1 6207 19868 157
1 20581 21581 290
1 17091 22668 60
1 1208 14766 807
1 578 21688 690
1 18293 19881 612
1 6860 24924 153
3 3759 4545
1 21683 23269 403
3 13641 17871
1 14391 30105 892
1 14587 27325 841
1 7191 18576 223
1 6736 13091 743
1 21173 28026 415
1 2101 13802 573
1 15198 25554 752
1 12447 28242 443
1 1320 29154 771
1 3392 12789 244
3 19519 32373
1 26381 31086 569
1 1794 10641 574
1 24221 31675 45
3 10184 28699
1 15462 28119 953
3 23531 32402
1 26049 30950 430
3 10967 17245
3 16285 20232
1 13041 27836 825
1 2973 6679 431
1 17165 20426 628
1 4144 8090 22
1 11868 22146 858
1 17175 20681 886
1 14560 27784 309
3 22833 26760
1 11791 23562 132
1 4253 27898 142
1 12103 15884 907
1 16262 26958 666
3 14044 24568
1 12724 25253 286
1 22720 30921 854
1 7420 30813 369
3 3044 4206
3 9720 16463
1 6805 29506 950
1 9283 17829 158
1 6407 17526 339
1 4915 32367 668
3 2551 22626
3 18208 24452
1 4037 19894 35
1 9744 13751 624
1 4002 5038 908
1 26492 29998 58
1 1749 11201 660
1 11317 27491 440
1 5979 13238 749
1 5485 24678 901
1 22781 23872 446
1 75 29576 60
1 8579 12495 393
1 2457 4785 392
1 10008 22050 30
1 9204 16172 474
3 9927 14547
1 13833 28713 749
1 10222 10592 642
1 1341 7232 216
3 25035 27201
1 9957 12585 653
1 17210 25797 283
1 7042 22164 742
1 3181 30980 234
3 4110 31320
1 6635 14955 370
1 15844 18757 116
3 14038 29437
1 10347 20718 819
1 21577 25448 739
1 16179 23863 887
1 6393 17793 299
1 11422 31066 716
1 4113 27802 82
1 5005 23190 769
1 5212 6909 314
3 3074 6588
1 8122 27310 565
1 5062 24025 663
1 18382 27688 535
3 9809 29172
1 19073 22316 526
3 3550 29013
1 20774 22285 126
1 11029 30148 977
1 6842 24814 927
1 7843 20956 211
1 3451 25595 362
1 8986 29442 553
1 11361 23500 352
1 27837 32016 670
1 16963 27383 477
1 9684 12341 759
3 7680 32220
1 11685 26452 583
1 10113 31555 427
3 29874 32089
1 7712 17554 316
3 5793 30673
1 12608 31341 816
1 10394 25401 511
1 10796 21571 165
3 6234 20796
3 5865 16523
1 2351 30329 848
1 694 1249 599
1 604 10953 743
3 13707 17535
1 3176 9472 721
1 10117 30522 654
1 8299 24785 70
1 708 23274 665
1 14536 14860 943
1 9743 9929 807
1 6429 21800 745
1 6279 11768 291
1 193 11514 281
1 3198 4602 57
1 2812 22908 278
1 1335 29694 99
1 5156 12727 946
1 7546 25923 781
1 6181 21552 541
3 13940 20284
1 5933 30304 770
1 19502 32270 655
1 22968 23182 759
1 15745 28561 140
3 14743 25762
1 22169 26763 673
1 14992 28067 485
1 10552 10982 710
1 15566 22390 844
3 12586 23478
1 25440 32345 386
1 14140 31891 999
1 2615 9695 620
1 11236 18303 467
1 25015 26329 637
1 1945 6646 267
1 9749 16882 346
1 7995 24114 582
3 21704 28109
1 25020 27900 448
3 6111 29450
1 12876 22629 291
1 4726 7452 789
1 10491 24481 32
1 2855 12820 442
1 3956 12154 764
3 6792 11156
1 603 31442 421
1 25343 30436 395
1 5262 8639 8
3 21375 22374
1 1083 7557 37
1 8294 12310 188
1 21087 32419 590
3 23333 31513
3 24781 31790
1 11711 13021 688
1 6570 10223 989
1 4550 8997 975
3 10800 30580
3 1979 30308
1 27062 32273 523
3 8518 22495
1 8161 17382 120
1 10740 28484 681
1 26261 29661 162
1 2756 10291 242
1 5172 11335 359
1 378 22754 254
3 17612 18890
1 16616 27616 484
1 1663 23007 343
1 6015 13698 880
3 924 24521
1 414 21967 72
1 9734 25591 556
1 8493 20676 517
3 173 20270
1 31354 32385 363
1 605 31822 846
1 9865 27079 346
1 20400 32122 854
1 9902 22029 988
1 17793 29648 277
1 3575 23604 711
3 2061 23802
1 10267 11015 659
1 3971 22402 490
1 9274 24756 349
1 26480 31862 732
1 16514 30584 821
1 19038 28754 355
1 10936 11848 68
1 3252 12824 635
1 6747 23931 11
1 25698 31192 717
3 15883 20571
1 4171 5169 120
3 29093 30762
3 5935 26087
1 19161 27163 993
1 7558 7888 914
1 19745 29948 164
3 11100 22209
1 16784 28245 408
1 20452 21950 899
1 31448 31704 954
1 26289 31807 82
1 8734 16677 482
1 2322 26213 747
3 19108 22305
1 2774 31700 844
3 1355 3125
3 809 8186
1 6049 22958 158
1 2343 23365 252
1 5560 11256 549
3 5006 21456
1 2912 21341 692
1 11555 17136 548
1 23776 29194 46
1 6931 13134 513
3 5598 32591
1 13304 22052 527
1 27016 30381 548
1 10937 12280 561
1 6265 23808 458
3 4897 16733
1 18992 32760 470
1 19531 19821 508
1 22008 32718 817
1 24675 26557 498
1 11474 15060 618
3 19432 23325
1 7650 31790 774
1 4210 6426 631
1 15753 21799 621
1 8178 26191 188
1 2302 17590 309
1 14738 25018 883
1 26712 31065 16
1 16787 18802 837
3 27921 31338
1 18863 27220 31
3 17505 17695
3 20371 24787
1 12356 31253 228
1 7523 32464 281
3 15939 24824
1 22368 31914 2
1 26724 29696 679
3 9104 29433
3 1560 20296
3 6584 10921
1 10827 24970 890
1 19229 23299 759
1 5574 12070 812
1 25141 29747 726
1 16489 21680 213
1 7286 32284 630
3 1443 17928
1 12236 25171 285
3 3850 21271
3 6645 19857
1 12920 22325 285
1 576 30413 640
1 2873 14084 692
1 24278 26900 526
1 21726 28028 26
1 6339 15868 413
1 11008 20246 964
3 15147 31822
1 4300 29440 880
1 24785 32453 163
1 8670 26455 314
3 2379 17657
1 6305 14662 926
1 7271 31989 781
1 19770 19951 74
1 13873 28976 419
1 2955 3178 158
1 14910 17161 126
3 22476 25211
1 19930 19937 694
1 5616 11145 125
1 3776 32143 41
1 2021 18931 503
1 17896 21490 206
3 7473 9737
1 7855 27700 16
1 2608 8883 373
1 9912 12363 491
1 23295 24071 172
1 12522 32152 882
1 7440 11568 504
1 10526 17394 528
3 3680 29121
1 1687 22159 196
1 7621 27499 870
1 14821 24110 533
1 20018 32478 299
1 7730 9987 905
1 1209 15070 44
1 12933 17538 637
1 3521 30601 773
1 8683 9709 448
1 7641 8239 881
1 4121 18618 607
1 4027 9292 335
1 4912 7627 26
1 1345 26001 857
1 12117 19668 141
1 5212 31222 428
1 15089 28444 433
1 23462 26141 130
3 3613 24343
1 890 26857 265
1 21607 28317 815
1 14550 28514 570
1 412 15711 608
3 719 16894
1 15982 30039 115
3 17742 27116
1 15481 19800 534
1 4336 21612 335
1 12397 25717 690
1 21088 23054 992
1 18321 21159 725
1 3400 8246 938
1 7491 9118 819
1 17038 23975 572
1 23700 25935 8
3 8161 19413
1 11832 29415 711
1 4532 24514 697
1 11322 20136 568
1 8637 10661 46
1 20881 32093 476
3 25975 32435
1 27424 28111 953
3 13635 17880
1 18721 20931 481
3 6041 26833
3 8123 18412
1 18407 31039 154
1 6135 16014 408
1 22886 23817 847
1 11941 29740 711
1 11687 30877 202
1 5611 27086 99
1 17754 29282 385
1 23708 31365 847
1 840 13309 430
1 7901 17636 676
1 4165 30048 751
3 8259 12266
1 16514 23616 848
1 2870 10160 902
3 1796 10396
1 1273 8281 938
1 8431 12426 196
1 9139 17362 519
1 2389 29043 591
1 24185 29434 526
3 5447 11725
1 6636 15414 658
1 11451 17950 308
1 12264 14068 959
3 14222 25654
1 8336 27714 417
1 901 26302 708
1 5421 30666 383
1 22889 23384 758
1 16044 17073 332
1 1934 6804 360
1 4211 24266 263
1 27119 31352 42
1 13675 16309 329
1 6290 6615 952
1 19560 28041 272
1 28056 31043 609
1 20320 27786 264
1 310 32271 748
1 4551 28124 133
1 1857 29642 486
1 18850 21863 402
1 14812 24714 365
1 16857 30344 405
1 2877 29226 249
1 2736 12955 584
1 9777 31945 941
1 13269 28132 426
1 2376 16021 355
3 11262 16126
1 12765 26881 647
1 14305 22613 20
1 30346 30609 728
3 24234 32271
1 4526 25469 35
1 10766 26118 11
1 26015 32622 706
3 24932 25864
1 6872 9330 899
1 11791 19336 638
1 20687 22160 269
1 3013 20909 299
1 4033 23089 552
3 13189 24996
1 14102 17818 362
1 30201 31692 773
1 677 8220 196
1 9438 18163 244
1 15045 31253 830
1 9417 11617 217
1 13285 27347 362
1 25087 26073 841
3 6849 10160
1 16236 19610 409
1 8499 21997 176
1 12331 25752 249
3 22693 26520
1 16397 28376 942
1 8445 23354 281
1 19430 21200 144
3 10996 28489
3 13774 16512
3 12985 31461
1 8197 9920 554
1 4977 23384 472
1 24574 26600 220
1 14665 16635 659
3 2946 19067
1 4905 24315 521
1 6581 9265 667
1 6377 28160 98
3 23647 29137
1 1100 5443 859
1 6684 6768 439
3 29166 29294
1 1674 23609 48
1 6670 17212 883
1 19078 26883 797
1 15566 15676 466
1 24402 26520 157
1 27661 31226 733
1 11636 12621 222
1 6159 11034 649
1 1415 15160 86
1 10750 16556 9
1 19012 27435 619
1 2524 4681 827
1 7312 19105 940
1 13270 22701 673
3 12561 28721
1 5493 27902 279
1 1148 1463 188
1 10085 22675 82
1 23580 32002 689
1 23064 26829 817
1 5714 6962 396
1 15418 27281 823
1 15649 19216 202
1 7084 16584 590
1 3148 15454 471
3 12326 29881
1 9757 26965 845
1 7461 27082 257
1 15961 26242 550
3 11323 19632
1 8643 27167 52
1 7288 20341 722
3 6528 18086
3 9333 21432
1 21222 25339 940
1 1718 2737 775
1 7359 10255 355
3 8532 24436
1 13333 32514 573
1 14290 15219 363
1 7820 28921 613
1 23658 32393 443
1 21304 28491 249
1 24828 30717 462
1 20250 20813 845
1 7919 10797 723
1 553 7162 115
1 5995 16332 614
3 2153 32725
1 3709 17627 465
1 9302 12635 749
1 14509 18206 128
1 16279 23664 945
1 19532 20090 53
3 21399 30379
1 15917 29339 333
1 4869 30013 561
1 5365 7496 701
1 21199 29491 259
1 20324 32667 899
3 5224 15382
1 10812 12010 597
1 2341 27592 255
3 19455 26407
1 12942 16985 192
1 6373 28447 465
3 3912 32651
1 16415 32079 388
1 596 6630 503
1 8478 24994 560
1 23810 31507 575
1 14165 17240 400
1 2397 23113 988
1 23418 31280 232
1 4654 7439 773
1 10191 20689 632
1 2463 15233 738
1 2438 30316 747
1 19789 28479 459
3 2142 6685
1 2543 21158 715
1 25339 30521 498
1 23481 28566 632
1 16353 31022 219
1 10697 20032 620
1 2556 26094 149
1 6121 13520 607
1 12932 24324 968
1 13610 20356 242
1 10313 17719 159
1 1308 5744 708
1 20126 24745 908
1 19580 20437 719
1 1873 21971 402
1 24431 28900 593
1 18997 27910 938
3 24208 28593
3 4601 25760
3 7023 28585
3 5445 12001
1 3406 24196 281
1 13388 19199 375
1 2322 30141 766
1 1732 8888 305
3 13602 22489
1 5794 24061 85
3 5063 8887
1 6425 11000 994
3 8465 9864
1 17835 25595 7
1 23061 25047 50
1 4185 13655 634
3 18038 24929
1 32 18456 966
1 26224 31014 344
1 5353 31374 244
1 28207 32730 383
1 18134 28370 680
1 25593 26398 480
1 15080 31310 31
1 15918 16394 113
1 7961 22344 713
1 23124 30181 381
1 6814 29606 754
3 17160 30519
1 458 14216 559
1 11576 24065 216
1 5858 30222 851
3 1255 21785
3 2664 13518
1 748 9477 176
1 18370 25455 204
1 15939 30307 710
1 5859 28022 292
1 3511 12185 674
3 18302 25437
1 4540 7393 266
1 5664 26702 854
3 13109 26115
1 8499 11354 145
1 10005 14987 348
1 17922 23287 968
1 16835 22582 574
1 4620 25190 479
1 7738 24458 624
1 10728 21129 166
1 11914 29868 860
1 10323 21331 147
1 999 7254 282
1 2319 5355 174
3 23591 31060
1 4078 17874 120
1 18064 22910 336
1 16514 32479 873
1 8099 17504 1
3 2371 3704
1 2205 18260 710
3 5692 11818
3 16654 26955
3 15955 19037
1 12960 21046 195
1 11510 19219 974
1 28174 32031 266
1 12755 29612 346
1 2268 10386 138
1 9737 12439 555
1 3940 8700 704
1 17858 23005 440
1 21990 25981 740
1 19096 20527 179
1 12452 23754 813
1 12119 24614 741
1 17320 26217 746
3 13985 17051
1 5112 16038 613
1 22875 26938 437
1 19722 25905 919
3 15279 16256
1 14832 24271 921
1 14384 20463 706
3 401 25225
1 21293 31726 599
1 8063 10268 542
1 17598 24777 750
1 9141 27314 121
1 16330 32564 274
1 10933 14496 417
1 11124 19174 412
1 6353 26663 919
1 14819 22218 119
1 3387 12388 891
1 7852 31120 924
1 20 22073 343
1 1618 4409 505
1 1988 4602 267
1 15913 30248 645
3 12911 16634
1 15781 20817 867
3 10591 13696
1 16442 20236 164
1 7289 24756 873
1 1988 29223 939
3 13864 14731
1 3079 19525 259
3 21741 25367
3 12721 16613
3 16079 32232
1 15469 30426 343
1 4144 17138 384
1 24101 31700 644
3 10972 14063
1 12106 17201 646
3 10072 18723
3 11035 24837
1 378 22365 253
1 5406 18681 316
1 2323 11037 390
1 2430 21751 491
1 6565 15034 358
3 22438 27736
1 3186 15920 490
3 12196 23885
1 17244 21181 988
1 30786 32591 468
1 8485 30618 753
1 7265 20819 865
3 9572 18778
1 4780 7035 433
1 286 8963 519
1 12716 18167 824
1 2562 9989 692
3 7234 17954
1 14633 15947 481
3 22654 26230
3 6686 29470
1 5762 9910 537
1 5480 28927 229
1 5710 27752 253
1 8616 26756 391
1 8358 13314 545
1 20087 22043 371
1 19237 32759 53
1 13419 18822 20
1 6734 23593 986
1 192 20925 844
1 5228 6669 400
1 4970 24020 374
1 22120 27341 222
1 15775 23926 810
1 3048 30257 654
1 24755 24842 821
1 21506 25835 757
3 18951 23745
1 21026 28567 851
1 15590 31351 615
1 13074 30371 725
1 9595 15890 217
1 20116 31659 150
1 21522 28612 420
1 6997 26953 500
1 15397 24603 323
1 16894 22615 14
3 683 8154
1 21165 23910 62
1 15158 32171 929
1 12746 29983 395
1 7058 22350 835
3 23718 25213
1 11343 25832 338
1 6089 15220 593
3 8775 10365
3 2630 16333
1 12354 16037 336
1 162 19526 53
1 17210 23357 565
1 4269 18534 268
3 17072 21330
1 7397 13205 166
3 2702 3073
3 22879 24799
1 2561 27908 384
1 19031 30657 171
1 2644 31847 660
3 10441 13200
3 17259 26946
1 5680 20616 304
1 30022 30887 548
1 4237 9095 645
1 21284 22026 851
1 17230 19451 373
1 14157 24099 848
1 1797 22821 361
1 6050 8139 500
1 10396 27007 78
1 122 13950 232
1 18474 25333 253
1 13536 28959 294
1 22691 27178 395
3 2126 7989
1 3534 17530 333
1 186 8125 183
1 7891 10142 583
1 13800 32138 484
1 1002 29890 377
1 6091 9942 469
1 7198 18910 581
1 5678 21942 368
1 11196 32288 588
3 4884 30206
1 1418 19499 284
1 7036 7518 61
1 16697 16916 515
3 15372 25049
1 18571 24491 296
1 15254 28371 382
1 9167 23078 584
1 3266 13143 144
1 23676 27016 723
1 4643 7234 417
3 7375 21945
1 8360 25127 845
1 8496 19870 893
1 17316 32295 340
1 4269 10710 2
1 12367 17373 402
3 4010 13508
1 3989 10649 438
1 25132 30368 289
1 5212 8657 975
1 11687 23229 422
1 8773 27309 255
3 11446 13147
1 15424 29415 399
1 7505 32095 552
1 25502 32267 461
1 18680 29569 513
1 16491 30921 415
3 21890 25683
1 7288 22435 296
1 3489 21623 734
3 4651 12294
1 5786 19535 351
1 12505 19878 951
1 5472 30848 642
1 3211 28873 10
1 16953 28616 930
1 5276 12609 882
1 2572 30491 173
1 22689 28861 719
1 17298 31278 570
3 17598 29814
1 19853 29356 550
1 9381 15399 733
3 136 32512
1 506 12972 484
1 12547 23017 612
1 7777 24440 106
1 4049 27179 857
1 14144 28656 783
1 14171 28397 739
1 10044 28949 204
1 2329 24105 675
1 19369 31888 41
1 30036 31198 627
1 13814 13897 349
1 14606 28975 893
1 16945 17630 666
1 4375 27713 597
1 1971 20477 902
1 9233 16713 522
1 14355 28781 259
1 3036 27149 105
1 16079 16228 616
3 22756 24485
3 23580 31556
1 2165 20174 463
1 6768 8256 707
1 11991 21195 95
1 25007 29245 929
1 9147 16760 342
1 10322 30228 467
3 21626 26686
1 26686 30133 778
1 5506 18395 58
1 5942 13160 523
1 4965 32036 329
1 4653 18748 492
1 11408 14792 694
1 11654 18065 488
3 13259 22429
1 14217 25981 363
1 10772 30168 113
1 17290 20402 350
1 21572 32240 1000
1 21564 23488 937
3 14717 28773
1 20855 22148 128
1 3460 3731 60
1 18584 30929 974
1 4527 29021 484
1 10296 12110 425
3 4816 22412
1 1840 11896 876
1 1056 19529 525
1 1665 12402 151
1 1582 3980 868
1 25237 25628 446
1 6302 26921 262
1 6282 6737 181
1 17286 27058 280
1 1922 27908 177
3 23942 30150
3 942 14951
1 3479 25289 259
1 9996 29590 531
1 10530 12270 587
1 22800 31429 709
1 9808 24588 301
1 8252 23110 744
1 11380 22753 231
1 1822 30250 384
1 9895 15170 126
1 10907 17025 394
1 5007 29255 442
1 10216 25700 513
1 1606 29040 758
1 22720 25790 650
1 5711 25517 532
1 3287 17881 335
1 13275 22039 632
1 18109 30073 808
1 1073 14983 120
1 14820 24027 654
1 14345 20545 914
1 17263 23521 158
1 2204 17884 758
3 7487 23306
1 11099 26670 982
3 8977 15377
1 25685 32699 358
1 17959 28671 581
1 11484 24686 175
1 2996 5568 395
1 274 20718 249
1 1551 26132 941
1 13942 16490 669
3 54 15442
1 9938 17341 921
1 25838 29367 479
1 13057 19284 787
1 7544 12601 824
3 19629 31170
3 14320 23739
3 14630 20372
1 18896 20694 804
1 369 3194 900
1 5354 9406 93
3 2277 19181
1 15261 30578 957
1 17055 18667 980
1 17829 23048 774
1 1013 17096 613
1 8074 30214 343
1 189 29351 29
1 13089 32535 421
1 24493 25329 50
1 16319 23388 442
1 10650 16736 753
1 16586 28638 69
1 20574 31528 57
1 682 7836 69
1 7046 21308 358
1 6916 16720 458
1 12022 16053 79
1 3523 22373 708
1 13088 32658 264
1 5377 28943 474
1 11995 28135 784
1 9538 15891 996
1 13025 20318 124
3 6510 21703
1 13928 23669 221
3 26677 27457
3 5680 19434
1 9695 27313 527
1 8672 32453 982
1 2474 17850 670
1 13563 25080 759
3 10927 17100
1 2339 24423 386
1 8087 19902 557
1 3701 9102 748
3 279 26781
1 2724 3487 324
1 5798 27433 234
1 10988 16082 170
1 8397 32765 568
1 7607 12813 599
1 17865 28803 543
1 13369 20173 13
1 23284 25182 940
1 628 13845 539
3 14666 20323
1 14231 22876 966
1 8240 25155 515
1 13580 32498 29
1 15740 17898 914
1 11026 12415 772
1 28963 29035 110
3 16748 19911
1 4818 10725 486
1 819 22271 412
1 5471 7302 569
3 10219 18326
1 5374 17450 33
1 28594 28764 847
1 800 17507 809
1 6607 29357 24
1 4915 11352 461
1 3143 29299 249
1 14454 19056 814
1 11010 11658 670
1 26797 29572 370
1 11924 25496 670
1 5873 23316 843
1 18036 30424 229
1 7613 23604 558
3 3748 6516
1 371 3723 599
1 2787 9691 935
1 8328 30813 234
1 8193 27967 358
1 8812 15927 17
3 5656 30601
3 23579 28075
1 23566 29680 562
3 19738 19831
1 1324 4107 612
1 13427 30548 699
1 13247 23267 331
1 6368 22904 721
1 15695 21213 363
1 7572 22350 338
1 13746 15728 155
3 859 19953
3 20236 30464
1 4380 10494 765
3 9637 31474
1 9531 23428 23
1 15029 28507 638
1 14378 26534 669
1 930 24722 236
1 983 4027 325
1 15089 19433 167
1 3132 12115 698
1 21022 26397 365
1 2388 8983 453
1 8120 20334 183
1 21172 25647 456
3 1136 7059
1 13785 26862 384
1 12644 22439 374
1 12640 19171 362
1 11842 24764 502
1 15366 20354 616
1 4258 25380 266
1 21402 25841 514
1 6001 9476 533
3 19306 28371
1 9630 20061 586
3 30274 31585
1 16649 26700 581
1 23372 25351 34
1 7837 27767 15
1 3267 26010 678
1 2925 31923 450
1 4456 30120 680
3 13333 20904
1 10523 21757 672
1 4185 26089 136
1 6687 32052 154
1 12030 23965 658
1 6282 29595 628
3 10603 32577
1 773 24826 604
1 616 22904 633
1 308 5699 65
1 10589 25890 928
1 6430 6461 102
1 6730 12319 55
1 4686 6550 715
1 9300 16607 966
1 12341 17553 746
1 19764 22073 475
1 12228 27240 555
1 2548 16807 520
1 25394 25990 107
1 12855 26375 914
1 21331 23601 993
1 14583 22230 876
3 20921 29036
1 21963 31631 507
1 3716 17287 24
1 5265 14023 342
1 27851 28559 820
1 21466 25893 951
1 29216 29343 112
1 4153 13986 127
1 15191 21690 400
3 2759 24331
3 9816 23433
1 11748 27736 906
1 3351 21722 335
1 15856 16156 227
1 15648 20846 418
1 19773 24051 439
1 3949 19441 101
1 15623 32168 100
1 12906 14956 503
1 10044 30955 531
1 9172 12719 346
1 17104 25347 649
3 23708 24682
1 8083 22835 958
1 29476 32059 688
1 2001 10456 178
3 20380 25667
1 11210 17651 89
3 18404 30142
1 13333 30887 755
1 7145 24136 442
1 3502 27733 192
3 12745 20754
3 21591 32465
1 26167 30731 556
1 1733 28983 39
3 7370 21779
1 2586 20763 583
3 2632 25659
3 24400 32463
3 22996 25414
1 20912 25799 707
1 156 13567 370
1 698 21288 368
1 11343 16887 533
1 12900 28688 375
1 4489 8865 342
3 4114 12283
1 16889 31025 234
1 11667 28759 534
1 724 9487 406
3 7810 27725
1 24832 30277 899
1 10569 11907 699
3 21885 30838
1 9950 32159 342
1 10147 26318 555
3 22119 27278
1 1565 31288 123
3 28571 31998
1 15102 16054 315
1 1169 16153 624
1 21944 32239 48
1 12344 14401 796
1 19488 31405 680
3 6934 11085
1 257 25763 712
3 24330 32248
1 24123 24288 540
1 9433 19791 567
3 9980 31929
1 6714 11276 150
1 219 16101 319
1 3055 12553 427
1 19122 31796 810
3 10611 19050
1 24441 31289 915
1 1109 29956 102
1 22202 25664 46
3 11472 22279
3 5478 31660
3 20796 26391
1 5528 14338 650
1 2860 30289 922
1 10823 24883 21
1 3216 6111 629
1 4111 26990 586
1 6638 16506 318
1 6812 18640 754
1 465 14528 87
1 12813 18045 655
1 7156 14611 212
1 13190 31499 17
3 9588 24685
3 7908 27514
1 7029 14900 758
3 3905 24648
1 28435 31528 122
1 8871 11641 336
1 32321 32680 591
1 532 13241 1
1 3716 24252 220
1 19936 30981 863
1 4920 5840 559
1 15472 29482 497
1 11375 28722 272
1 18120 23408 585
1 11115 28567 973
1 13972 18320 64
1 22679 26404 680
1 6779 15453 975
1 16428 24776 692
1 25896 30146 663
1 12087 14390 244
1 14424 25260 122
1 21755 28803 949
1 2672 9850 384
1 1142 18848 495
3 1151 16891
1 5410 19211 753
1 11391 20915 517
3 2854 11251
1 10536 28247 325
3 26483 28943
1 15893 19516 498
1 28530 31043 886
1 14144 29472 630
3 23603 31302
1 648 1735 543
1 15279 17160 870
1 15569 21803 153
1 14185 16660 252
1 20638 21954 918
1 12446 13552 886
1 2783 3913 620
1 7494 20286 591
1 9431 27591 19
1 28857 29275 750
1 13672 24119 874
1 7248 30906 437
1 13489 22004 639
1 607 26858 796
1 4582 32731 220
1 10465 18924 823
1 4423 8016 620
1 5003 12319 931
3 561 28472
1 22769 30098 442
1 8362 17107 436
1 6334 27036 64
1 15165 24618 187
1 14722 21727 129
3 27052 27552
1 15492 27914 85
3 19983 30438
1 18088 21308 32
1 3699 23078 193
1 16385 26157 322
1 6691 16733 166
1 11570 25544 913
1 7977 9613 795
1 8939 9509 244
1 26896 29615 194
1 6085 20907 296
1 12078 28332 706
1 26284 30633 14
1 8776 11441 141
1 6330 15732 539
1 10332 18029 594
3 14516 26863
1 22953 24700 480
1 5614 5927 441
1 901 19373 118
1 28381 32163 702
1 9141 14287 294
1 21910 26662 556
1 12169 13839 27
1 16116 23292 249
1 5368 23049 965
1 12139 15729 748
1 1374 13836 502
1 11912 23887 196
1 9206 21408 933
3 9544 26505
1 11675 20693 809
1 3569 14055 514
1 22848 27374 421
1 5646 26608 491
1 17951 24704 103
1 24809 32045 920
1 4988 6375 771
1 24053 31592 721
1 14393 32725 941
1 6948 25185 400
1 22827 25093 352
1 1067 4236 46
3 23497 28040
1 5421 30736 425
3 4958 12002
1 7120 13761 441
1 9301 20601 669
3 2927 17237
3 23762 32024
1 15517 18642 617
3 13226 29705
1 12314 31390 879
1 2700 28955 726
1 6934 8426 486
1 18549 30188 30
1 29604 32642 712
1 12548 15661 774
1 20914 25694 875
3 9755 11949
1 7964 18894 737
3 10043 29986
1 18227 21922 267
1 2596 24553 451
1 6726 27483 755
3 14161 25289
1 16631 23004 651
1 18162 30576 54
1 22166 29343 331
1 6804 17538 267
1 1069 24138 776
1 27682 29862 365
3 4954 18168
1 17886 26514 628
1 1142 25548 13
1 19464 22014 649
1 13832 28493 370
1 22440 25156 338
1 31656 31935 533
1 7592 10703 111
1 11917 19469 494
1 1180 1464 72
1 5290 18750 671
3 1837 5982
1 21931 22803 71
1 10367 19053 953
1 14327 15510 156
1 1379 30962 629
3 23784 31378
1 16411 21370 357
1 3482 12821 867
1 6144 20932 881
3 5195 26915
1 4032 26589 243
1 4381 11455 439
1 23073 28970 879
3 3399 31528
3 20198 24115
1 33 14004 931
1 9882 10188 455
1 2633 29270 990
1 6761 28512 785
3 22312 23100
1 17425 23133 251
1 11605 22841 557
1 11473 29319 109
3 3334 25088
1 22356 25800 199
1 718 2321 717
1 9595 15377 61
3 17471 17772
1 5249 24359 633
1 29857 32247 903
1 30203 30616 860
1 14054 18019 7
1 11153 21212 485
1 6055 29642 402
1 8551 24149 124
1 15844 15998 472
1 4880 21325 90
1 23014 31838 823
1 12701 16362 869
1 15225 27043 374
3 22672 24885
1 19719 22788 834
1 29949 30559 11
3 8902 14575
1 27343 29992 474
1 18733 19032 172
3 24070 26733
1 19551 28510 103
1 397 21981 652
1 6244 12940 205
3 14705 28833
3 12227 29432
3 17388 20191
3 6301 16177
1 1916 28465 271
1 18591 32354 771
3 7414 22406
1 8236 32570 365
1 1854 8567 321
1 18787 29429 540
1 8223 32316 563
3 766 18618
1 11895 27901 987
1 4630 11457 848
1 27099 32382 299
1 1757 6385 650
1 2866 20526 130
3 7443 29842
1 7674 25657 820
1 14130 29457 794
1 15827 23985 912
1 18347 27011 75
1 12678 26751 637
1 2933 24537 863
1 14005 27282 642
1 1199 16496 591
1 6992 21793 149
1 13074 13091 52
1 14879 16162 600
1 8565 22215 440
1 847 21443 567
1 23435 29291 43
1 19941 22509 524
1 7377 19824 479
1 14734 32634 180
1 2367 24017 508
1 13744 32038 207
1 6271 9199 69
1 6485 24990 75
3 26864 32400
3 13854 26408
1 13361 18335 267
3 3106 13706
1 2079 26398 665
1 9765 32482 929
1 16948 26572 870
1 13961 26121 682
1 11079 15229 887
1 2286 28784 689
1 5505 26871 968
3 1150 22298
1 30311 30373 822
1 7943 22586 109
3 6507 19420
1 3209 4842 915
1 5412 9942 673
1 14216 20105 686
1 23550 31625 23
1 3936 9084 715
1 134 20884 633
1 8985 13837 608
1 21731 28347 710
1 21033 21514 165
1 27645 28539 667
1 22636 23510 425
1 3539 13740 910
1 27219 29496 973
1 9488 15865 660
1 10307 18169 726
1 4862 28384 932
1 2756 12728 655
1 8236 11032 617
1 5023 32202 149
1 13109 32190 516
1 320 1242 90
1 3975 7832 680
1 16094 29376 555
1 5986 21264 940
1 23963 24418 82
1 20693 27706 301
1 1321 20747 652
1 823 3162 265
1 7711 25883 987
1 2486 5973 421
3 409 21350
3 3904 28549
3 8120 13638
3 956 8820
1 7131 16046 558
3 3394 9746
1 18393 32169 786
3 12926 16275
1 23063 25801 374
3 6371 15918
1 16766 18389 798
1 23449 25759 908
1 4230 17442 959
1 14864 25059 651
1 14919 25443 564
1 1341 15065 11
1 745 22346 589
3 5387 19997
3 11388 15609
1 14493 26252 303
1 7138 7881 13
3 1202 25186
1 11078 11333 105
1 7672 17884 709
1 24735 25051 810
1 22424 23183 783
1 9155 19972 437
1 29888 30946 185
1 1277 32501 847
1 16283 31077 289
1 21486 24264 249
1 22638 31563 164
1 23517 29221 879
1 16281 17757 686
1 14196 24458 242
3 26570 32468
1 8425 13125 376
3 12100 13422
3 1821 10218
1 28292 31958 520
3 734 7420
1 12982 30277 644
1 3383 9111 178
1 9863 22317 882
1 13181 23282 828
1 6922 32296 347
1 6993 23658 851
1 8768 14509 297
1 655 6998 192
1 11802 25212 713
1 12164 25176 458
1 9653 11106 698
1 4548 32128 436
1 18702 28290 426
1 16205 26667 940
1 5318 27028 194
1 20683 31683 294
3 13803 17433
1 1254 14792 189
1 14182 25711 74
1 14481 14882 795
1 23391 26663 65
1 2038 13030 759
1 8106 25440 532
1 6528 29099 448
1 4502 27129 363
1 12531 24264 578
1 14792 21525 924
1 10485 27340 164
1 4303 24708 407
1 4385 14185 505
1 4209 6777 739
3 6788 20980
1 2084 17401 565
1 21536 23076 230
1 9470 16789 763
1 14188 26070 934
1 13850 29988 595
1 1233 9910 916
1 3685 27036 440
3 14756 28719
1 29847 31624 545
1 7046 20358 510
3 11617 29152
1 4197 21707 37
3 12589 20304
1 20141 25829 200
1 4455 5903 284
3 1587 4112
1 7049 29835 860
1 3735 15735 580
1 18169 31390 582
1 1933 4528 236
1 11405 17251 546
1 485 2802 18
1 28642 31428 786
1 16378 27781 51
1 1183 4507 107
3 9922 31117
1 20861 28963 967
1 20117 23316 856
1 8554 8663 995
1 24555 30644 323
1 915 10569 91
1 11554 27023 913
1 7711 20873 212
1 30526 31903 628
1 12972 17029 33
1 2637 22196 950
1 13844 22859 607
1 2594 18857 65
1 19051 32001 889
1 1208 16399 695
1 17922 18161 212
1 16158 20279 587
3 7328 10301
1 5625 26296 561
1 11077 30690 528
1 11774 25334 734
1 4026 8557 653
3 25251 29817
1 6780 6947 230
3 4716 6262
1 16322 29362 886
3 11529 29310
1 24544 27978 489
1 18767 19357 712
1 3752 11976 513
1 4780 15688 516
1 12569 28028 534
1 21418 28120 931
1 13956 32567 241
3 13846 24365
1 617 27212 352
1 1928 27149 927
1 967 23775 802
1 4317 28691 663
3 18146 30818
1 27353 28103 8
1 30921 32455 658
1 761 22129 200
1 8199 31094 331
1 17111 19117 570
1 4567 27841 405
1 5099 7106 232
1 10453 16566 42
1 4175 13296 22
1 10447 15691 17
1 6681 22029 894
1 21514 31767 726
1 18639 26398 628
1 22899 24865 528
1 5646 22694 722
1 21985 24733 874
1 15052 16996 221
1 1732 29504 755
1 13041 13761 638
1 5208 21257 341
1 19018 26585 602
1 2278 27395 697
1 12117 13739 811
3 28475 32717
1 14280 15100 172
1 10160 24170 400
1 29962 31444 923
3 84 27394
1 704 20437 328
1 3360 14974 901
1 2232 12160 529
1 11027 24527 278
1 1661 19249 482
1 1440 7662 276
1 3091 19174 339
3 16168 22280
1 11767 17785 882
1 7726 7871 480
1 25156 25285 531
3 2616 22401
3 25988 29974
1 11663 22363 533
3 17044 19087
1 10483 28193 916
1 473 15510 775
1 15043 19297 451
1 1347 17137 749
1 23003 23024 534
1 167 8916 484
1 8600 17242 866
1 9453 17738 993
1 2338 21306 982
1 9203 25541 318
1 12377 26951 224
1 13085 29829 426
3 6216 24554
1 7378 12363 672
1 283 3927 941
3 5458 22701
1 11380 18858 212
1 2771 19600 819
1 1294 6559 737
1 2879 31143 595
1 554 29814 590
1 4124 7783 462
1 13663 24551 174
1 14461 26290 473
1 3614 20707 584
1 15513 18914 685
1 6957 28960 319
3 3895 8281
3 10816 26390
1 23458 27085 437
3 28208 31290
1 8659 19797 685
1 3270 6108 259
1 402 32142 374
1 9294 32249 199
1 177 26352 934
1 3879 16664 760
1 10905 19252 144
1 7978 13313 865
1 2655 12836 554
1 12043 12248 987
1 15262 25529 343
1 2592 10073 227
1 16214 32319 214
3 3914 24300
1 4470 26159 292
1 13517 26921 528
3 22251 26087
1 12586 25495 794
1 32152 32153 689
1 907 25243 876
1 2814 19654 914
1 18747 25531 509
1 4812 16636 499
3 13153 18907
1 20038 29496 525
3 1021 4296
1 28488 32241 907
1 7099 20827 481
1 62 2326 944
3 6945 7829
1 11841 19686 60
1 13509 31982 917
1 12598 31078 67
1 3096 28579 934
1 907 7074 249
1 24424 25325 88
1 7090 9879 102
1 132 3414 510
3 20438 21795
1 985 13239 110
1 13413 14189 206
1 8694 32752 288
1 9827 29467 764
1 26761 30913 6
1 27807 29237 823
1 3719 15180 947
1 17019 28812 124
1 14656 30031 605
1 20720 26833 873
1 765 29063 548
3 21170 29555
1 53 21475 405
1 312 9379 443
3 19869 27821
3 14007 27787
1 10613 12091 125
1 401 21506 594
1 14432 15230 171
3 15968 16712
1 2865 18762 348
3 9630 13009
1 811 32452 872
1 11373 31133 231
1 20671 30086 145
1 18071 26379 216
1 116 3356 540
3 16978 30164
1 644 18677 387
1 25356 25609 380
1 9791 12894 767
1 2130 17216 510
1 7385 31367 966
3 3492 9046
1 23957 31162 340
1 2163 12812 67
3 25525 32481
1 16128 22004 825
3 15600 26293
1 5053 28349 330
3 1582 22878
1 1321 26667 579
3 9471 22945
1 18110 26363 707
1 6506 11097 57
1 25576 26638 134
3 1627 15393
3 9046 12842
1 2285 4325 56
1 8126 26221 252
1 11251 26308 443
3 733 12865
1 5383 25904 350
1 29843 32046 190
1 12386 19027 113
1 20008 32466 450
1 22295 25816 536
1 5860 20009 12
1 460 27687 946
3 18943 24582
1 12059 24641 584
3 6488 7815
1 11885 24820 183
1 8956 13693 574
1 20255 22022 429
1 1621 26204 86
1 23784 26866 808
1 9056 28228 252
1 9936 25312 292
1 4770 14200 424
1 8701 19664 932
3 4495 19145
1 1694 8185 350
1 10105 32237 123
1 2185 26176 364
3 24305 32227
1 2611 19951 549
3 5029 13747
1 9734 12628 21
1 2728 5984 672
3 5205 11571
1 6436 32121 765
1 21072 28634 990
1 922 16694 467
3 9174 19190
1 6067 11210 431
1 13841 17009 288
1 1541 28034 309
1 8084 21248 460
3 11607 17966
1 5208 7969 293
3 3124 28642
1 6001 23683 715
1 9923 29037 475
3 515 16911
3 19471 32278
3 2382 17196
1 1448 1562 237
1 9601 25984 954
1 8110 10596 940
1 21018 26427 336
1 11090 17863 43
3 23224 32373
1 18965 19739 353
1 9897 25727 313
1 871 15679 723
1 14455 24205 387
1 2101 31596 225
1 10711 16505 55
3 8771 30999
1 13817 23164 967
1 6874 32085 372
1 8952 28029 743
1 13889 31036 820
3 826 26795
3 19489 30039
1 3798 18735 411
1 7379 10726 40
1 16635 28763 481
3 10419 12529
1 2193 6741 192
1 5260 32209 377
1 20841 22743 2
1 5023 13989 827
1 6266 27426 592
1 6262 28929 680
1 18811 32122 901
1 1040 20110 701
3 11922 18637
1 7910 20715 862
1 25954 27671 47
1 13549 19176 476
1 3542 7973 783
1 1818 10749 200
1 8439 10447 16
3 2096 7354
1 8302 12445 931
1 15228 25214 991
1 20900 29416 84
1 6320 21728 763
3 27285 30102
1 14406 31847 817
1 1164 21329 465
1 19696 27444 334
1 2893 7795 119
1 4550 17794 969
1 8891 13196 729
3 1482 9609
1 4231 10428 885
1 5279 21632 660
1 24733 24921 854
3 12566 26388
1 19126 30924 142
1 4655 29041 443
3 10788 19252
1 13434 26406 438
1 5389 18650 866
1 21468 24099 544
1 1834 21387 815
1 25307 25789 135
1 24810 27083 285
1 9677 29188 570
1 3699 30374 981
1 7982 26168 83
1 26303 27948 124
1 24876 26691 407
3 5885 15374
1 20902 31210 159
1 8976 12729 107
1 17743 25481 962
1 7921 16408 734
1 848 11916 787
3 12073 26609
1 16334 16771 101
1 15862 23609 872
3 1315 23228
1 111 13310 762
1 6918 12681 348
1 6785 7626 896
1 11180 24445 344
3 13402 13797
1 6721 13971 121
1 7035 28175 756
3 6117 31110
1 1730 23120 360
1 16630 17806 299
1 11097 18133 130
1 6237 10614 955
1 15897 32210 437
1 18036 22852 36
1 32177 32562 451
3 1695 25580
1 8241 24012 171
1 16943 21322 103
3 20032 27230
3 12215 15932
1 9180 23887 628
1 24756 29921 780
1 1926 20728 736
1 20233 22998 343
1 1608 25269 564
1 1247 31174 266
1 28245 30347 13
1 15456 19150 67
1 506 7232 114
1 8545 25782 108
1 16469 17823 417
1 10388 22722 675
1 15689 19847 152
3 1198 19339
1 2660 6251 381
1 684 7210 221
3 1235 6492
3 6374 31597
1 2041 2428 134
1 6802 11632 679
1 2031 28717 487
3 29589 31604
1 308 2069 389
1 409 26127 421
1 10106 27004 812
1 1435 29915 28
1 21934 22180 427
1 26233 31448 717
1 15740 21141 201
1 9555 12394 760
1 22459 25223 193
1 5567 12370 521
3 6536 18372
1 6049 6254 777
1 17295 28408 491
1 625 13770 462
3 9996 20532
1 1371 28633 522
3 19613 22263
1 1735 16457 463
1 3263 3408 297
1 9918 19034 1000
1 11552 22870 540
1 4851 28751 871
3 3613 27171
1 21227 23514 957
1 16326 26323 625
1 4710 27471 565
1 7610 22626 647
1 2297 10257 462
1 1671 8481 876
1 9559 14316 721
3 19308 30619
1 14966 21756 729
1 1295 27204 900
3 18003 20881
1 8645 26861 334
1 9794 17681 5
3 6111 14077
1 7788 11148 560
3 8647 26513
1 9060 20139 330
1 5 4334 766
1 2820 15845 460
1 13345 18928 262
1 8853 16756 222
1 11365 24766 616
1 15299 32604 649
1 8938 18043 78
1 907 1325 351
1 27040 31439 925
3 15868 27447
3 8323 11464
1 14411 30104 912
1 21901 27687 723
1 11438 18934 566
1 26040 27434 305
1 9064 22984 979
1 14095 16202 418
1 6836 17783 525
1 10056 10402 263
3 15581 32116
1 5312 32431 463
1 12799 27903 286
1 7103 30929 557
3 7583 12779
1 11227 30415 100
1 1438 7878 786
3 1837 9231
1 988 18462 578
1 4994 21625 289
3 3628 16848
1 3365 13228 166
1 2104 17284 873
3 5140 6797
1 4340 14585 939
1 13369 23759 238
1 20893 27167 708
1 17565 19040 787
3 20702 31073
3 22047 25152
1 25155 25322 160
1 28012 29743 619
1 713 24995 28
1 1823 22645 41
1 29067 29365 637
1 11109 12811 175
1 4777 10089 656
1 19070 29721 989
1 2220 19805 778
1 18749 29037 288
1 4369 15600 399
1 9755 21094 984
1 6094 20675 36
1 11217 23900 249
1 762 1287 431
1 2682 14462 213
3 3413 26629
1 12367 31254 589
1 12480 25906 191
3 22466 27911
1 6291 6747 384
1 13495 26012 143
1 7483 15347 760
1 2642 25209 992
1 11015 22160 164
1 2986 31048 738
1 5356 13733 799
1 1432 22451 512
1 541 4445 109
1 13315 19148 635
1 24038 29124 697
1 7008 10386 814
1 2685 12018 953
3 9873 21773
1 21961 31748 891
1 14213 17796 490
3 11676 32253
1 5588 27575 443
1 7668 16575 188
1 1496 14791 94
3 12492 16870
1 1476 17141 545
3 14707 27277
1 17816 27392 260
1 5448 20394 97
1 16064 21968 661
1 12837 18229 209
1 6244 25857 401
1 11054 30375 174
1 11009 24101 413
3 18411 29989
1 17727 17953 665
1 5585 25904 500
1 6258 22784 641
1 1897 19687 510
1 3716 18876 425
3 5590 21708
1 14112 29714 477
3 5588 29045
1 6113 14960 843
1 20386 27673 855
1 20710 32599 307
1 24545 32509 91
1 12543 30876 429
1 2 19297 875
3 4362 27269
1 8414 31219 881
1 7235 22601 147
1 16925 23079 849
1 14590 23008 521
1 2079 16480 205
1 5776 8658 27
1 19596 27562 151
1 12565 25048 742
1 3121 31464 548
1 20705 28646 185
3 11809 14511
3 11202 31126
1 11796 19240 889
1 8030 10022 470
1 24606 27650 672
1 15008 19193 88
3 30595 32056
1 24466 28598 120
1 18987 19519 922
3 5111 30678
1 10908 15407 164
1 15732 27106 369
1 2373 20389 616
1 2524 7438 95
3 4725 26895
1 13241 24331 878
1 11588 19913 804
1 1638 18239 67
3 25941 27631
3 8775 23422
1 14361 20518 281
3 25701 26167
1 2940 12978 281
1 2254 22740 168
1 1054 5603 418
1 3398 11874 167
1 13316 15363 269
1 14337 27250 972
1 1413 27387 758
1 3842 9946 209
1 22513 29618 87
1 15675 22012 576
1 26252 32273 982
1 10059 20740 225
3 8058 17692
1 5003 15399 18
1 14060 23422 401
1 12321 18435 589
1 8981 13506 787
1 1480 13746 545
1 17071 17544 439
1 11945 13181 46
1 4982 17680 152
1 13750 31163 161
1 26991 30890 692
3 17482 31795
1 5647 28014 497
3 14888 15360
3 5738 11443
1 8179 14457 703
1 21149 32423 31
1 9586 32413 475
1 6569 31054 302
3 10206 19654
1 10149 22973 572
1 19469 19909 712
1 17762 22355 205
3 5965 30721
3 1645 31714
1 10120 12219 927
1 16577 29202 180
1 2153 7873 987
1 6048 15864 800
1 8360 10624 447
3 3565 16296
1 4674 29613 27
1 3694 18560 160
1 13597 28647 98
1 26893 27869 298
3 16762 26505
1 16711 30198 97
1 8340 31230 677
1 916 23459 283
1 293 2349 954
1 4889 26405 825
1 7006 25574 659
1 18855 25643 135
1 7110 18028 426
1 11980 16122 649
1 9029 17015 105
1 5646 30011 82
3 5873 11884
3 2198 18028
1 2096 21554 841
3 17698 24961
1 2974 25612 905
3 4000 9835
1 4198 25526 552
1 17158 19501 846
1 9325 26391 947
3 8762 23959
1 10832 23102 600
1 18944 31794 387
3 22809 28033
3 16112 27218
3 21957 22177
1 27380 29118 511
1 28125 32392 108
3 2921 23794
1 4341 24011 543
1 8750 17305 182
3 5585 29164
1 308 11919 706
3 6544 12788
1 10240 16272 874
1 3461 25212 30
1 7088 16409 923
1 17322 32536 894
1 8673 32232 80
1 12189 27521 974
3 4908 32011
3 1459 27793
3 2704 26521
1 8409 24508 593
3 17267 27706
1 3534 19351 725
1 18796 21635 404
1 8259 17551 323
1 398 18461 654
1 8093 18541 747
1 20511 24756 544
1 3800 23607 194
1 13184 17607 448
1 13310 16478 479
1 1691 16962 951
1 4745 14682 542
1 11144 22236 628
3 2614 5082
1 7147 19199 984
1 2623 32127 830
3 25746 27045
1 9824 10181 577
3 994 26080
1 9121 10926 13
1 7403 12609 637
1 3304 24263 637
1 28412 30430 644
1 5727 28384 562
1 2154 2317 860
1 4618 27159 857
1 11184 19875 461
1 7058 8705 174
1 3169 3315 606
3 3843 6885
1 1050 1882 641
3 9780 25371
1 21889 28484 581
1 14618 32438 906
1 10815 12366 26
3 24475 30449
1 6344 13612 590
1 1168 16468 273
1 6315 11043 142
1 19762 25430 830
1 19406 27624 291
3 1369 32517
1 2444 2837 438
3 8436 31050
1 19271 21655 883
1 16742 21700 328
1 20721 24539 777
1 10731 11257 687
1 7155 12459 24
1 1708 25445 901
1 4582 12205 605
1 5469 23346 897
3 8987 31429
1 1397 23794 184
1 13774 16371 899
1 3850 26839 910
1 19355 31516 200
1 7578 9145 210
3 4463 18346
1 1480 10906 12
1 16662 28789 979
1 6346 22758 868
1 13699 26315 935
1 15154 15368 785
3 6154 7993
1 11649 21713 524
3 19877 30651
1 24903 32230 788
1 10450 13302 697
1 10072 18656 717
3 16167 25777
1 9612 16636 341
1 568 18499 385
1 18352 30975 776
1 4325 27368 471
1 10046 14612 229
1 3982 16315 619
1 20339 31501 384
1 11215 15990 985
1 2931 4393 855
3 19109 23377
1 16451 20055 948
1 23185 25166 285
1 16925 19830 631
3 25622 31564
1 14340 20244 458
1 7594 14520 291
3 19351 20179
1 25676 31732 460
1 24192 32037 895
1 17717 18835 90
1 16110 17370 870
1 3994 29487 462
1 12540 25286 244
1 9029 15509 748
3 17784 26571
1 27292 29118 741
1 1010 9352 54
1 1445 27864 484
1 14688 31248 235
1 22733 31911 831
1 8108 8904 711
1 4024 31920 825
1 1759 8224 767
1 12656 31089 649
1 17699 21824 795
1 1539 6585 528
1 22479 25849 982
1 5936 19712 668
1 5450 24295 337
1 9211 26319 47
1 16498 27399 409
1 17678 26977 80
1 277 28730 732
1 1365 15369 761
1 11854 18674 368
3 7025 8379
3 6954 16243
1 5756 14912 17
1 5454 28126 114
1 532 13191 823
1 11355 25636 353
1 3809 13317 831
1 5023 30420 202
1 22791 24524 326
1 4646 23691 900
1 5588 11870 533
1 1138 4734 481
1 634 13042 338
1 18256 22711 970
1 16892 21891 92
1 16661 28619 498
3 4862 5125
1 2475 4141 435
1 1731 4129 408
1 14504 23058 778
1 20706 29618 37
3 20962 23535
1 9242 30326 545
1 912 8544 709
1 5566 23050 626
1 1839 21701 887
1 12068 30140 60
1 27480 31075 539
3 9398 17787
1 8082 28646 562
1 20495 23863 912
1 23243 31547 464
1 2007 5394 327
3 8333 16049
1 3259 17496 451
3 4968 28652
3 3079 28956
3 15951 27638
1 2335 7816 543
1 17572 17882 320
3 24429 26739
1 2399 26664 257
3 19459 29958
3 21232 23865
3 294 32060
1 10861 21037 964
1 10892 27930 300
1 9253 23119 710
3 15455 29002
1 1734 18983 557
3 17657 27568
1 1485 5987 17
1 20288 24035 284
1 27110 27792 85
1 12203 12388 162
1 7021 19499 935
1 8407 14086 601
1 8243 14957 181
1 27221 29599 186
1 22107 28342 620
1 8783 14947 307
3 3642 7341
1 9539 20237 371
1 13636 19757 151
1 22199 23951 769
1 16821 30751 881
1 227 28635 594
1 1882 22703 31
1 24160 32493 534
1 21801 32328 202
1 19754 21942 981
1 16766 20935 429
1 4842 15316 854
1 27993 28991 713
1 18232 23117 355
1 21622 24286 545
3 1190 14723
1 7937 32008 640
1 25335 28729 625
1 1283 12188 446
1 15837 30133 623
1 20713 30903 218
1 6531 29139 842
1 3308 8030 379
1 389 18737 244
1 8358 14827 67
1 5571 29279 535
1 299 26870 882
3 5531 17833
1 1019 27650 325
1 11349 27269 638
1 6174 11591 451
1 5361 14861 117
1 25253 31973 414
1 18646 21266 8
1 12057 14543 147
1 7390 27877 438
1 7025 18338 144
1 10058 20483 47
1 6944 23703 673
3 17033 19030
1 11869 27368 927
1 13776 17129 961
1 13362 32440 216
3 3447 17844
1 6567 19798 755
3 7795 11138
1 23908 29423 880
1 3282 25895 764
1 3974 30563 774
1 25059 26347 635
3 6259 6514
3 9640 17964
1 8961 22590 332
1 4594 19225 564
1 22553 25230 576
1 3380 8953 12
1 12427 16267 402
1 837 6237 737
1 21929 24829 674
1 9713 10483 189
1 9695 18698 156
3 30050 32510
1 1256 20438 811
1 5604 7051 482
1 6594 13099 860
1 18218 19323 655
1 10591 27697 388
1 10351 31744 108
1 826 11335 833
1 3394 27252 238
1 5032 27593 809
1 16737 29525 520
1 3680 16010 258
1 8018 10931 360
1 16796 24499 11
3 11103 20531
1 6815 27138 705
1 28581 30192 84
1 18081 23660 823
1 20966 21652 924
1 2925 13353 651
1 18802 27277 155
3 5742 6114
1 10206 31987 577
1 7989 10903 331
1 19020 24371 908
1 15984 29856 512
1 15403 30158 854
3 16298 25180
3 11650 30828
1 21152 30884 799
1 29255 31099 611
1 7984 9269 547
1 27659 31173 657
1 16352 18105 502
3 21472 23076
1 11583 27145 843
1 6772 24623 726
3 12206 18144
1 2669 20654 349
1 2795 7214 557
1 16421 25267 159
1 14721 17518 634
3 4768 24250
1 10221 29130 255
1 15326 21028 710
1 13936 19651 590
1 3404 15715 511
1 17996 24230 745
1 1468 19244 742
1 10180 16131 981
1 16501 21994 816
1 8729 16099 880
1 4527 21769 960
1 8177 16227 128
1 25464 29466 811
1 677 16741 683
1 16471 22062 331
1 21119 30802 908
1 17277 25250 668
1 19073 24914 13
3 4501 21841
1 470 1581 390
1 2992 22588 110
1 13839 13998 918
1 9252 18791 451
1 3956 23986 462
1 8539 28667 136
1 16463 17216 685
1 25992 27044 41
1 2097 10482 104
1 3566 17236 610
1 5143 18635 575
1 32127 32167 816
1 6229 31316 15
1 7424 15293 47
3 3920 4821
1 16539 27463 436
1 20054 31237 182
1 4588 27885 587
1 1556 28803 882
1 18364 19947 255
1 620 14490 583
1 11946 29066 434
1 21206 26487 952
3 421 28924
3 3801 27159
1 9667 17257 540
1 5832 12071 865
1 8283 19740 449
1 2830 7919 711
1 4823 21480 830
3 7230 15903
1 1938 27660 884
3 15733 21101
1 21053 29179 673
3 6239 24138
1 18647 30202 63
1 8838 21638 192
1 7641 18935 821
1 47 29628 379
3 6847 11533
1 15274 23818 224
1 21639 31084 29
1 18490 24343 824
1 2188 13359 680
1 24281 32662 466
1 14497 20413 414
1 8881 15950 178
1 1799 21667 941
1 201 5540 503
1 11500 24186 248
1 20694 23749 198
1 15236 19916 490
1 11015 21724 717
1 1547 12565 847
1 23860 30438 337
1 12530 26770 140
1 3218 29943 369
3 30029 30165
1 15917 29230 509
3 1414 8110
1 2751 8334 859
3 1818 26311
1 346 28509 775
3 561 11604
1 2740 29622 713
3 28156 32699
1 24658 29348 310
1 11845 14537 236
1 8817 28030 435
1 1516 23321 691
3 11272 25022
1 11110 31541 286
1 11371 24039 187
3 10692 26684
3 15211 16894
1 9378 20372 663
1 3401 27718 309
3 9514 32483
3 29706 32580
1 25153 25601 811
1 8535 16652 282
1 5618 26117 554
1 15436 29557 830
1 13417 32137 974
1 3754 11167 879
1 20719 26297 70
3 12626 29150
3 107 4097
1 6640 22881 46
1 3918 27418 985
1 23371 25344 236
1 9334 24862 255
3 10181 14055
1 19561 21152 639
1 7950 28583 517
3 22273 22660
1 4148 22775 212
1 9420 12541 303
1 21757 31615 5
1 8677 32409 452
3 27976 31920
3 1615 21053
1 25930 27983 754
1 1938 20772 438
3 20572 21029
1 6142 9183 927
1 16184 19218 913
1 1681 11617 315
1 14297 19966 586
1 1014 18414 184
1 5669 6781 309
1 3440 30972 717
3 12327 16902
1 1578 23026 538
1 23003 23987 718
1 5855 21082 926
3 11125 21333
3 110 17475
1 18072 21609 805
1 2650 4448 570
1 1424 12185 578
1 29056 30733 357
1 4290 13517 781
3 32092 32201
1 8605 27954 939
1 4270 12594 47
1 31663 32374 111
1 8352 11548 349
1 724 5960 91
1 6801 27701 966
3 4616 20348
1 10680 24443 800
3 7762 8538
1 12480 16713 453
1 5731 21132 401
1 5691 21706 514
1 20246 31294 278
1 21079 24141 22
3 9018 10940
1 16889 23226 197
3 12065 16395
1 4871 13632 329
3 3294 22429
3 30698 31851
3 22262 24802
1 13245 15382 619
1 10694 18902 400
3 5218 15853
1 16144 23883 300
1 9204 22349 799
1 2073 27515 68
1 700 31771 163
1 2091 13316 504
3 13100 14579
1 5173 11707 629
1 16660 21932 669
1 5267 24539 164
3 1750 28385
1 11659 25359 663
3 1211 17462
1 909 3495 437
1 9056 24843 525
1 6049 12344 237
1 20502 29274 585
1 5775 12136 898
1 19629 32188 508
3 18202 28073
1 2674 21775 734
1 5426 14250 243
1 14807 19775 780
1 1776 16221 107
1 3123 23677 637
3 12893 24290
1 23128 31216 125
1 13974 18180 864
1 13642 25310 600
1 22297 27695 387
1 724 16683 218
1 27155 31502 519
1 25073 31987 701
1 8730 31712 76
1 1371 15565 60
1 3133 8227 682
1 7071 22710 457
1 280 7295 435
1 26527 31883 457
1 9327 21550 447
1 10511 23186 2
1 24486 27007 558
3 21753 28146
3 13507 27719
1 22913 25191 766
1 20749 30825 288
1 3776 25098 278
3 16515 19997
1 23599 32518 561
1 6726 27734 877
1 4361 24979 824
1 11467 14481 916
1 5917 32741 594
1 5898 29152 824
1 17123 23415 96
1 28610 32512 786
3 1424 17374
1 2702 16975 574
3 28612 32251
1 13799 18297 485
1 4688 18216 912
1 20434 22096 27
3 12906 28627
1 9764 14370 61
3 8521 23429
1 20313 32510 375
1 13951 29741 245
1 5881 30324 634
1 2055 7891 36
1 18999 30330 593
1 883 27120 241
1 1588 29343 100
1 8710 28800 454
1 2227 8365 639
1 30448 31209 120
3 11247 23496
1 3449 25868 308
3 5001 9849
1 3569 7523 208
1 23371 24363 954
1 20184 22968 382
1 20225 30851 572
1 8702 12096 899
1 3375 21882 608
1 10529 15117 16
3 9362 29456
1 8176 23657 559
3 17693 32416
3 812 22002
1 18458 22178 738
1 5381 15579 225
1 29814 31525 337
3 6210 19711
3 4072 20383
1 3642 26654 619
1 8507 27616 350
1 9330 17168 558
1 8802 17854 487
1 5462 24962 448
1 7167 26036 895
3 2845 13854
1 7726 13621 985
1 16154 32120 340
3 554 26503
1 18773 29076 873
1 13888 22301 22
1 5327 11671 365
3 10921 26060
1 12990 32320 783
3 11557 27694
1 5380 21508 258
1 11543 11774 141
1 13829 16478 494
1 18144 28514 536
1 14601 18037 658
1 2931 25151 600
3 7014 12472
1 21004 30887 876
1 405 5108 566
1 1393 21083 36
1 24830 32518 523
1 18762 31393 868
1 8286 14539 911
1 12973 13535 647
3 15446 20587
1 204 31723 869
1 10846 14884 553
3 5101 16985
1 8762 22415 688
3 12308 19947
1 26753 29365 963
1 30750 32011 2
1 755 20348 777
3 3865 25708
1 6594 19944 265
1 25473 28063 805
1 4938 17575 129
1 2581 12836 271
1 6145 27850 370
1 7159 13297 529
1 5868 18058 207
1 1058 18071 199
1 9520 21082 38
1 1190 2152 113
1 15417 25017 937
3 5926 16633
1 23196 23237 904
1 7512 31653 391
1 13038 30974 393
1 10689 24968 766
1 8315 22422 798
1 16169 26389 283
1 20099 29916 986
1 441 2802 380
3 19626 32757
1 6077 9196 735
1 25515 31425 257
1 11525 12133 582
1 3287 27972 228
1 27471 32618 742
1 10043 15738 48
1 19300 20558 179
1 4881 17645 90
1 8744 16737 444
1 8002 25878 147
3 3063 12434
1 5510 31165 583
1 2634 9610 357
1 1878 10674 713
1 10146 17068 467
1 9529 20582 753
1 2294 18652 891
3 20294 28974
1 11509 30643 991
3 16152 22487
1 17378 29230 897
1 16109 25913 757
1 22710 26451 253
1 5527 18831 606
1 6627 6795 272
1 1527 7028 29
1 5403 18882 104
3 2989 18722
3 9180 13883
1 621 11647 728
3 3753 7227
3 11481 27644
1 14107 24046 483
1 5229 18582 726
1 9037 20963 147
1 5040 26010 943
1 5826 19543 770
1 11131 23181 639
1 21355 22225 979
1 1697 6286 804
1 7883 32506 828
1 21576 32159 309
1 28960 29305 160
1 9029 13388 481
1 8884 31903 149
1 17292 27961 990
1 3276 28797 550
3 11380 29664
1 16673 30369 959
3 10929 12421
1 6319 17415 498
1 9777 21843 153
1 22629 25271 200
1 17056 18898 752
1 6880 14811 505
1 19355 19883 898
1 25268 31769 317
1 1480 20108 482
1 26341 31385 43
1 1308 11083 753
1 7048 12143 397
1 6011 19526 929
1 447 24726 680
3 8331 10898
1 24411 32119 480
1 5505 20083 122
3 1668 32357
1 23738 32720 381
1 932 27068 413
1 5556 27594 711
1 14231 25255 382
1 3678 31321 654
1 28754 32767 629
1 11408 27729 142
1 11152 15536 491
3 27711 28451
1 11570 21467 684
3 5100 5591
3 4880 24956
1 15451 28168 36
1 21715 23591 440
1 5069 20514 452
1 17707 32710 405
1 18507 20760 573
3 24756 27233
1 8267 14843 137
1 2708 8572 721
3 10394 26850
1 1033 6857 962
1 12503 32446 350
1 23229 28357 34
1 20379 26878 157
1 8244 21457 451
1 7528 29468 912
1 10879 19945 23
1 2680 5780 12
1 8053 22104 551
3 5247 7171
1 12395 13654 733
1 13356 19497 622
1 15672 32502 371
1 12179 25183 999
1 13092 29364 982
3 2031 13453
1 10560 18597 289
1 2537 31469 599
1 15369 20943 825
1 22249 25363 191
1 22970 28558 642
3 5064 8106
3 10528 10697
3 1019 25446
3 15108 23313
1 16612 20361 92
1 19950 22497 800
1 13203 31315 765
1 9444 12461 431
1 16296 19642 184
1 14936 23298 710
1 21861 31674 278
1 19660 27881 833
1 2027 32713 278
1 31634 32112 865
3 16047 29278
3 10109 31547
1 21465 30909 130
1 15345 31013 808
1 15767 18098 699
1 10061 28387 716
3 9415 13328
1 18592 24945 850
1 11890 18727 501
3 3849 11992
1 12548 19246 621
1 10824 26528 797
1 2284 29579 698
1 7451 28548 966
1 4366 8941 660
1 12918 20422 937
1 22726 27418 283
3 3498 11457
1 21586 23618 558
1 1108 18490 346
1 11426 22030 950
1 1042 4977 785
3 17977 26400
3 5146 30711
1 19088 26145 559
1 1688 9229 909
1 3355 14204 650
1 24650 29173 541
1 1048 5150 6
1 6800 20280 651
1 13314 26193 581
1 47 23024 331
1 18745 19832 773
3 991 29380
3 22773 29822
1 2806 20632 475
1 8796 30959 339
1 5395 11896 736
1 9299 26744 797
1 6181 12979 10
1 3174 32760 565
1 1902 4764 370
1 18728 25584 894
1 4641 9039 929
1 4899 29725 802
1 22918 28296 127
1 5352 24174 949
1 7464 12663 117
3 1336 8155
1 23870 29110 515
1 20276 25156 445
1 1007 21211 686
3 3287 14799
1 13523 30596 85
3 1437 8324
1 23216 30024 49
1 2577 18224 10
1 6000 9411 324
3 3026 27383
1 3302 13128 503
1 14183 22404 738
1 861 3300 205
1 4278 11129 57
1 11081 31456 119
3 4666 5875
1 27024 28868 135
1 10560 25496 747
1 11674 13739 553
1 4437 4913 667
1 18558 27187 955
1 1488 31275 970
1 6445 30730 896
1 23467 27161 27
1 2098 5341 211
1 17749 27696 573
1 9892 31334 334
1 3018 3887 27
1 19643 32468 551
1 11279 12515 61
1 950 16872 38
1 2719 4544 108
3 4756 5945
1 3602 25984 498
1 898 6650 477
1 12108 30849 446
3 15089 20366
1 12100 13048 225
3 2853 7277
1 14773 28891 344
1 22245 29805 539
3 6598 19214
1 20790 25291 728
3 24188 31879
3 4949 18618
1 16882 30367 393
3 13677 31829
1 1542 28699 595
1 663 26991 389
1 4126 18283 714
1 15383 28837 141
1 3448 31604 409
3 15387 28961
3 6578 14892
1 2872 5703 248
1 7703 27535 696
1 3440 23570 997
3 2063 20510
1 22095 31145 40
1 749 17431 390
1 23594 27652 776
1 4853 24714 753
1 7146 21778 64
1 13874 29102 659
1 2691 11473 166
3 15946 27227
1 4543 23703 704
3 11112 20325
1 4079 20407 357
1 18005 30150 22
1 5416 8018 486
1 14584 20714 506
1 4995 11406 584
1 7886 18704 419
1 4757 7328 55
1 8199 20097 454
1 8187 19407 891
1 16971 18594 740
1 16978 24955 221
1 5511 8238 795
1 13277 31859 349
1 16475 18887 170
1 6499 17181 31
1 17564 30830 832
3 11823 24178
1 5073 20813 589
1 12947 19236 209
1 10779 29622 29
3 20782 21635
1 2680 14165 988
1 24440 27572 479
1 12441 16991 399
1 3413 29123 13
1 12875 28723 791
1 25414 26138 688
1 23270 23568 456
1 2410 25408 125
3 21377 32595
1 6389 6885 510
1 3344 30111 3
3 10959 30312
1 15933 24035 318
1 5680 31149 209
1 23525 26927 633
3 13035 13991
1 14033 20467 764
1 13339 24943 709
1 13251 22772 518
1 3637 25729 909
1 3366 10569 569
1 15885 28948 384
1 15331 21468 681
3 28929 29886
1 4453 20720 273
1 7122 20989 81
1 6974 23627 429
1 15453 16664 823
1 806 29688 293
1 10041 25890 67
1 26894 31864 155
1 13169 22984 714
1 9182 14246 685
1 12451 12799 555
1 23988 30595 229
1 9324 14739 123
1 7020 17831 513
1 3417 4410 234
1 20752 24023 972
3 4343 16255
3 2792 29811
1 22845 23107 999
1 28842 30534 476
3 5641 32473
1 17094 32463 666
1 6560 20996 140
1 10876 32650 875
1 137 20150 101
3 3850 6034
1 4246 18992 469
1 17970 29685 333
1 235 19616 379
1 10066 23540 207
1 17770 23837 671
1 23825 26871 362
1 16423 28706 522
3 30097 31671
3 8004 10453
1 9456 30698 841
3 22793 29500
3 14023 26627
3 3769 24617
1 5776 23670 248
1 5381 28111 433
1 1191 20547 299
1 11172 27008 662
1 8684 11769 39
1 4291 8803 859
1 11579 31197 563
1 1981 3703 214
1 3140 12439 621
3 1436 21192
3 10891 21502
1 1619 31349 78
1 447 4151 924
1 5542 11199 468
1 18605 24095 232
1 17297 30433 60
3 27553 28260
1 18505 25303 186
1 16975 18437 828
1 4927 12859 573
1 15694 29348 413
1 17157 26127 198
1 1927 2398 955
1 18122 28548 456
1 19483 27323 107
1 24966 26196 842
1 25534 32137 533
1 6376 10466 829
1 18606 31715 109
1 7826 25071 680
3 1362 9109
1 15283 15347 658
1 7250 30353 378
1 8576 11355 308
1 3632 23406 536
1 9859 20616 449
1 4516 20300 989
3 20101 20249
3 12892 13982
1 344 14715 298
1 1995 31471 681
1 7483 27042 450
3 11814 20888
1 11004 16660 617
3 11535 27609
1 13566 21968 200
1 3181 23601 414
1 5058 29661 600
1 5019 8017 489
1 6528 18476 338
1 9295 28250 231
1 18813 32236 763
1 2580 27826 549
1 3404 16825 583
1 16214 24599 332
3 24310 25196
1 17255 25759 526
1 28991 31530 473
1 13132 17784 888
1 4210 16730 295
1 18318 28321 214
1 14454 31766 861
1 20047 20638 371
3 7883 29938
1 11056 13012 511
1 25861 26684 414
3 15622 17125
1 15888 29975 903
3 2456 19571
1 20029 21516 791
1 30421 30820 676
1 2094 19718 133
1 9665 18005 812
3 18425 21493
1 661 20987 27
3 4759 23602
1 1737 7786 35
1 9726 11964 144
1 1430 28484 55
3 8578 12306
1 112 7517 828
1 10667 21479 569
1 7071 16393 400
1 511 24873 909
1 6479 15352 765
1 18799 24209 567
1 2770 13192 320
3 4320 8500
1 10761 20073 652
1 17750 19522 232
1 13112 24399 384
1 9324 20644 541
1 20713 32640 979
3 15107 25924
3 22908 28267
1 6092 13308 559
1 3522 8797 653
3 15435 32594
1 6684 22268 602
1 12495 19386 568
1 6800 20152 141
1 2364 32357 569
1 14870 23057 559
3 18615 32578
1 23014 29210 133
1 22976 26857 337
1 1712 23739 711
1 28770 30181 728
1 12420 17923 997
1 25251 28599 524
3 1237 17684
1 13019 23395 799
3 1926 19008
1 14707 30229 678
1 623 13306 609
3 7197 15368
1 26714 27994 198
1 15952 30810 215
1 23185 25379 946
1 19645 22851 768
1 22308 24478 438
1 41 15556 805
1 17737 18717 190
3 8555 27991
1 5621 10937 23
3 5786 21604
1 21069 30938 703
1 21890 25039 28
1 8007 26701 976
1 9593 16502 655
3 1084 18833
1 14464 15273 479
1 6669 30777 521
1 18984 21450 898
1 410 17349 545
1 23315 29681 583
1 4794 29363 747
1 5136 17032 328
1 23768 25071 741
1 6471 32150 627
1 5202 18914 836
1 996 5139 393
3 252 21244
1 10971 26776 719
3 15310 24011
1 8295 31533 185
1 26847 29891 561
1 6622 17188 598
3 9061 16455
1 7846 32010 594
1 8313 22866 869
1 26510 27389 594
1 5637 20165 961
3 15346 22694
1 26632 29882 474
1 18151 23676 729
1 24663 29442 525
1 2064 3623 3
1 6991 12174 841
3 3621 30770
1 116 21426 457
1 21260 24817 940
3 1965 28826
1 21751 30557 114
3 3206 16357
1 19979 21866 282
1 12679 19365 358
1 2377 5840 715
3 14767 27899
1 9365 15898 243
3 22067 23934
1 5813 11874 341
1 2129 11229 521
1 23437 26522 565
1 15382 20295 327
1 8969 23947 799
1 3710 23083 879
1 17862 30477 777
3 180 27551
1 1884 31225 441
1 11399 14942 518
1 14735 15355 586
1 938 4227 140
1 12945 15127 759
1 1640 15993 589
1 1567 2629 135
3 18301 28154
1 17779 22433 14
1 3415 22358 380
1 6912 10310 913
3 3674 19396
1 16224 30399 350
1 8273 32516 185
1 5346 8743 479
1 7270 17870 656
1 23840 30214 137
1 11702 24362 377
1 6503 22659 590
1 8610 21769 329
1 9450 27222 303
1 13870 15019 913
1 3009 13001 791
1 4474 10287 81
1 9331 26928 182
1 3495 16812 944
1 608 17789 103
1 9068 32665 637
1 8129 31044 522
1 21375 22631 658
1 14692 22262 203
1 3144 19916 539
1 9282 24408 202
3 5845 21202
1 7044 14874 940
1 16176 26144 140
1 2588 29331 256
1 9497 10659 392
3 11552 13872
1 13261 26097 884
1 1360 24325 868
1 6674 8549 871
1 8415 30523 246
1 3257 24188 901
1 17429 29384 818
1 15222 17251 619
3 11050 15761
1 2180 25804 431
1 12086 25991 596
3 5711 7186
1 844 30052 286
1 1546 11094 976
1 8004 31069 375
1 182 13900 663
1 16731 30662 203
3 3225 32748
1 16179 18255 573
1 14020 20880 699
3 30704 31965
1 3219 13173 458
1 2217 31358 268
1 5448 19428 978
1 9455 27878 965
1 15468 28611 14
1 2711 31632 308
1 11934 17674 410
1 6678 8985 220
1 11217 31251 315
1 26020 29585 966
1 6358 32530 628
1 10120 21810 496
1 12404 32764 156
3 26448 32294
1 14721 20166 259
1 10696 14630 763
1 2101 30432 623
3 3064 12483
1 12698 23527 199
1 29805 31500 976
1 1775 22014 900
1 2827 14123 425
1 23053 29981 61
3 12533 13832
1 7002 7962 675
1 8135 22129 921
1 3878 23551 126
1 9068 31088 486
1 25992 31000 488
1 3878 24562 516
1 3124 12614 353
1 24952 28374 466
1 19060 31533 690
3 11312 14474
1 9357 19812 638
1 20515 21651 513
1 118 22733 725
1 25398 28254 225
1 13807 17302 636
1 1994 3625 122
1 3041 8041 15
1 3145 26456 275
1 5711 9736 94
1 16741 16830 357
1 13412 30284 22
1 1846 6014 809
1 848 15420 536
1 1118 26861 304
1 14492 20928 408
1 20551 32076 266
3 686 14620
1 2503 5959 932
1 16798 18284 960
1 12431 17252 910
1 6999 15990 57
1 3368 28661 770
1 3331 7775 947
1 14742 26995 475
1 4798 17456 587
1 3878 14372 689
1 18987 24070 890
1 3664 32571 982
3 25620 28785
1 14522 20913 903
1 1605 21319 401
1 15986 30050 795
1 27062 31746 526
1 16544 26283 748
3 213 5441
3 8662 13300
1 13481 19021 269
1 6637 14933 805
1 7698 12010 979
3 2792 32409
1 6175 24160 700
3 3778 20477
3 7654 25926
1 8980 31312 520
3 15788 26221
1 19330 19573 223
1 5812 23883 176
1 24599 32588 228
1 10209 18587 707
1 20383 32111 397
1 605 4485 486
1 5507 12376 765
1 15692 18757 192
1 7875 28068 178
1 12951 25997 792
1 2497 16967 80
1 21144 26576 74
1 12955 20781 939
1 4028 19630 40
1 32 20815 1
1 12495 29850 318
1 7765 32291 974
1 567 3494 677
1 17079 24160 669
1 4046 21673 241
1 25007 31116 118
1 14657 23520 123
1 9665 11205 91
3 31071 32411
1 2643 24094 146
1 6293 31142 887
1 20853 24907 271
1 12357 21827 116
1 14376 24931 524
1 24358 32131 522
1 19060 29233 241
1 6675 31623 666
1 4081 5639 656
1 6622 9751 426
1 7153 21658 665
1 595 20887 154
1 22303 30808 918
1 5441 21503 392
1 13898 16040 775
1 20126 32696 221
1 8696 14157 735
1 16167 16381 398
1 825 24222 972
1 563 31240 739
1 28 26629 123
1 7174 26044 307
1 8638 32506 690
1 19363 21205 750
1 474 24686 877
1 20107 23596 826
3 7306 12298
3 19359 22255
1 30023 30393 307
1 733 27423 285
3 17507 23743
3 23460 30503
1 9356 20070 78
1 22931 24413 467
3 22926 23566
1 12133 30371 398
1 3213 16369 102
1 10598 18427 754
3 16815 24817
1 19410 29271 590
1 3211 9136 756
1 3461 27110 776
1 9503 27241 72
1 7458 9293 319
1 2287 26850 4
1 9815 25354 444
1 5754 22551 115
1 935 1313 943
1 21960 28498 502
1 2054 3195 377
1 24055 32158 16
1 2828 16566 176
1 2885 4798 523
3 19147 23630
3 943 32647
1 9313 10588 919
1 17845 23451 771
1 16164 29865 544
1 13024 29511 884
1 3057 27567 811
1 30934 31713 122
1 669 20746 522
1 14587 32095 599
1 23154 28534 274
1 17051 30955 899
1 20270 27606 507
1 8458 8635 593
1 26203 30423 948
1 15561 25330 920
1 5738 31962 844
3 5160 11772
1 22621 23829 266
1 20142 21566 7
1 3237 24894 54
1 4536 5668 164
3 20256 23719
1 8837 15213 353
1 24601 27309 234
1 14439 28985 759
1 12036 17693 778
3 14249 27702
1 15286 18513 113
3 8566 14945
3 20325 23690
3 7448 9425
1 4319 22271 112
1 343 19763 474
1 14009 15784 775
1 655 30786 770
1 15389 30431 965
1 22172 26584 400
1 28646 31111 942
1 15796 30920 808
1 10481 27351 790
1 16431 29084 602
3 10122 19443
1 14447 24683 251
1 27867 32526 579
3 27407 31744
1 22657 23307 541
1 11905 21358 901
1 2674 14990 885
1 9782 15267 981
1 13543 25387 847
1 18410 30664 10
1 8059 17712 921
3 10842 19828
1 923 7348 861
1 24573 24644 539
1 2474 14498 522
1 13120 23888 573
1 2605 13205 640
1 445 2758 665
1 3670 13292 124
1 4422 19524 534
1 18410 32752 708
1 9311 30376 62
1 17149 20238 430
1 2620 13089 661
1 14646 22937 104
1 8515 20382 958
1 18195 26247 222
1 9076 9582 814
1 26000 29895 855
1 26489 27438 968
1 11302 31810 743
1 10496 24431 479
3 472 8144
1 3846 7471 482
3 4895 28884
1 4759 12113 530
1 1941 2682 490
1 6788 10828 337
1 461 31738 519
1 11870 24084 539
1 22574 25372 506
1 8021 14088 350
1 6357 10382 576
1 5653 24389 544
1 6134 9633 596
1 16365 19580 648
1 5633 10532 869
1 1107 9586 677
1 21666 27997 70
1 18650 30979 893
1 9293 30086 292
1 2706 32712 127
3 4060 11561
3 21737 29068
1 5730 17179 263
1 18003 26055 730
1 16133 16156 907
1 2127 9604 462
1 20731 21541 51
1 25682 29742 624
1 13272 13680 373
1 8155 25518 655
1 17039 19665 289
1 4985 14938 744
1 4481 26534 86
1 14458 18493 777
1 13121 17682 141
3 8028 13230
1 3308 30763 407
1 12240 21840 21
1 12984 30551 284
1 15865 21419 594
3 4807 28715
1 5924 21411 225
1 12212 24981 815
1 2850 29295 431
1 9376 17902 871
1 4272 28628 660
1 6739 32606 533
1 2606 27693 617
1 6682 7763 875
1 10090 22305 927
1 6635 23749 229
1 6964 9485 102
1 4164 25953 196
1 22707 23726 983
1 5302 28150 677
3 6929 14968
1 10102 27576 86
3 12642 19012
1 17005 28440 670
1 25810 29596 945
1 18833 19777 11
1 15905 20827 188
1 273 25048 945
1 9982 10665 539
1 561 16890 570
3 3675 22225
1 20171 21804 866
3 6166 31617
1 17939 30420 826
3 8207 27503
1 10179 16918 876
1 12447 26441 592
1 6279 16110 845
3 3881 18051
1 27307 29935 746
1 11838 30241 388
1 13002 25775 609
1 2687 25735 444
1 15261 22246 592
1 9870 14876 88
1 22587 28805 993
1 126 20211 709
1 18851 19849 569
1 9907 23874 209
1 14742 22826 299
1 3385 28432 985
3 18881 29098
1 7696 17379 220
1 5137 12965 488
1 17401 32529 762
1 3741 24749 151
1 16469 22028 833
1 1245 13601 423
1 4414 22291 238
3 26615 29508
1 5199 19340 598
1 1090 25763 67
1 15995 24719 844
1 4108 32013 446
1 13669 19901 67
1 2266 18477 820
1 26659 26736 232
1 6424 32255 6
1 1812 8043 272
1 14518 15670 977
1 348 10346 72
1 7 21333 685
1 14227 22631 115
1 10821 13623 662
1 16104 19329 288
1 10249 18311 39
1 1905 2471 784
1 16851 30536 26
1 7621 28670 876
1 8783 19080 201
3 7260 19074
1 25070 28650 420
1 15222 24019 269
1 18226 22393 500
1 6398 22148 231
1 15204 30464 258
1 3208 27250 87
1 3971 29685 937
1 27507 27679 322
3 7487 32697
1 72 27626 617
1 5427 26767 901
1 15266 25004 909
1 8614 21133 615
3 16856 20231
1 21920 21975 209
1 18804 27930 192
3 17507 24634
1 11679 16518 627
1 10995 15305 656
1 22716 29649 289
1 10613 23810 473
3 6665 24958
3 6123 14822
1 15053 23029 935
3 25023 29751
1 24173 32437 71
3 2779 16971
1 3473 25984 642
3 6678 32071
1 1826 17491 572
1 30326 30935 238
1 17489 25779 801
1 7799 12764 908
1 78 12132 552
1 1837 20902 611
1 28356 28630 76
1 565 10847 448
1 13425 32638 787
3 20401 22084
1 5177 30373 517
1 28099 31200 262
1 1724 5506 797
1 8650 18150 410
1 13099 29053 858
3 8050 24302
1 2884 10362 426
1 5445 29881 840
3 24907 26366
1 3112 17986 226
1 17716 30312 959
1 1537 10157 284
1 18902 22156 339
3 735 2180
1 5532 29103 158
1 27486 32735 556
1 1270 7027 760
1 3996 28004 322
3 13189 25784
1 22338 29527 711
1 24209 26495 849
1 14873 28080 275
1 7692 21291 157
1 27115 29758 437
1 1433 29962 844
1 5299 30602 295
1 29393 29732 185
1 3987 13811 359
1 3936 11751 316
1 27952 30795 5
1 8773 10217 424
1 24089 25713 569
1 2956 14118 357
1 18116 31317 611
3 2851 15413
1 784 18106 719
1 5599 17922 280
3 6814 13542
1 23159 29220 225
1 7352 29371 825
1 18227 30329 862
3 15744 27577
1 18437 20790 801
1 12036 19330 801
1 12245 16658 997
1 14206 28826 807
3 29870 31447
1 16716 22099 264
1 15715 21728 723
3 31183 32523
1 373 16617 187
1 11472 27185 659
3 12583 15372
1 28838 31411 781
1 2221 23803 928
3 3431 14198
1 21249 24805 631
1 12585 17373 948
1 3044 21618 97
1 11502 18486 160
1 9463 26512 471
1 28365 29067 136
3 22780 26285
1 22230 31317 968
1 13715 29208 692
1 13627 22517 325
1 3937 25324 831
1 3613 7878 490
3 5040 25931
1 9162 20811 486
1 6627 16564 175
1 6937 16099 224
1 28362 32615 202
1 17761 29817 649
1 18071 24944 234
1 22272 28526 140
1 21797 31741 565
1 11733 14840 358
1 4089 21610 266
3 9119 10181
1 13377 31722 469
1 5732 18881 361
1 24568 31191 275
1 9211 28687 598
1 8802 31900 689
1 10509 31405 620
1 24650 25343 451
3 20118 24242
1 4937 26351 982
1 14588 27046 30
1 20350 30002 976
1 7426 11529 854
1 22711 25342 834
1 7859 25790 508
1 17103 24572 412
1 14733 24056 912
1 3445 6172 920
1 5025 10988 936
1 23218 25607 966
1 14944 32011 516
1 908 31618 360
1 5181 10840 27
1 5458 7970 47
1 3727 22156 125
1 2204 26699 29
1 19133 31975 542
1 7968 21084 97
1 12811 29543 361
1 7126 18823 878
1 9675 12688 459
1 16606 21488 988
1 14256 28448 44
1 1471 25197 38
1 10594 23412 994
1 4453 15748 514
3 19850 21383
1 23692 28335 114
1 6036 20922 721
1 11484 29051 357
1 1777 25836 648
1 6382 19625 726
1 4395 10012 768
1 2512 19003 811
1 2661 18388 617
1 940 11020 511
1 12954 14908 286
1 6782 9504 317
1 22511 30152 215
3 2698 7721
1 7050 22267 798
3 21146 26135
1 1328 3454 495
1 16434 21167 872
3 9923 20327
1 3225 31818 232
1 13764 15264 271
3 13773 24637
1 15595 22566 745
1 3034 20294 784
1 3756 7876 154
1 25169 31039 784
1 3463 31640 479
1 70 19035 745
3 19406 31246
3 18731 19355
1 16230 27931 595
1 3224 4692 462
1 17520 27505 665
3 409 23891
3 26051 31857
3 9651 26548
1 17292 27178 353
1 11242 24119 504
1 18153 28088 63
3 13396 13771
1 15028 31243 602
1 18395 27531 375
1 14295 16586 221
1 10335 30154 409
1 13472 18214 846
1 12324 29375 268
1 4586 26556 81
1 8580 11266 987
1 1443 12231 564
1 7743 31996 486
3 271 17387
1 4271 14340 92
1 5655 6405 939
3 19526 32033
1 15530 26131 527
1 4115 6012 341
1 9284 19594 535
1 5617 20209 667
1 3319 9500 962
3 16860 23172
1 7623 18553 108
1 1603 11712 222
1 432 21873 10
1 14593 28703 625
3 6093 29504
1 7082 9310 204
1 9723 30353 290
1 6051 24244 62
1 13489 32618 995
1 6886 11244 743
1 2656 28411 330
3 15787 25061
3 12792 28775
3 22118 29100
1 16401 17154 163
1 230 29465 477
1 19678 24570 507
1 10224 27659 479
3 30136 31979
1 19936 29945 474
1 12132 24700 683
1 20610 29158 396
3 2825 30014
3 16711 22439
3 604 2426
1 2181 7221 765
1 371 7096 396
1 5112 30572 189
1 5768 25273 653
1 3373 3584 270
1 26785 27576 408
1 4326 31627 662
1 21595 31357 738
3 11442 32430
1 2908 12650 956
1 4877 12624 653
1 12357 24499 443
1 6628 7488 152
1 14817 28515 526
3 7106 7138
1 13319 25793 171
1 11910 31315 709
1 6736 21390 824
1 7274 27582 251
1 2225 31330 181
1 6015 10364 37
1 21040 31878 333
3 7274 20258
1 12763 30298 684
1 13205 25751 626
1 20525 31553 895
1 4903 16651 167
3 2529 15156
1 4393 10538 75
1 8363 17647 590
1 556 32678 197
1 10465 31019 224
1 25131 27171 280
1 13810 26716 961
1 11565 15991 886
1 24298 28320 990
1 1238 5941 494
1 25236 26158 791
1 15153 22494 913
1 11949 24355 103
1 8127 20184 949
1 9372 31178 824
1 10600 23161 390
3 3165 29360
1 10370 15224 111
3 9470 12414
1 10160 10263 50
3 3226 4838
1 13186 26058 483
1 96 7494 229
3 16324 30960
1 13810 26237 427
1 2360 8040 188
1 15438 32728 298
1 306 14853 104
1 16706 26119 621
1 4605 27349 798
3 27165 28768
1 16470 21588 636
1 9179 15018 199
1 4178 4828 976
1 11263 29153 595
1 9336 19223 764
1 10372 22786 817
1 21871 25098 973
1 5239 13482 251
1 8434 31328 864
1 9833 18986 764
1 24017 27493 666
1 4030 15156 909
1 14306 20503 757
1 2145 30001 219
1 267 8479 938
1 9131 14158 222
1 1255 11301 402
1 2806 4852 468
3 20711 30390
1 8829 10277 54
1 9272 25818 873
1 10095 12030 977
1 20921 26676 217
1 7329 21078 161
1 2364 8407 565
1 4512 22975 994
3 372 5404
1 1084 26414 59
3 5257 28194
1 10096 10628 328
1 491 10509 885
3 11624 29586
1 3857 15762 651
1 7312 19951 25
1 10653 15768 96
1 8283 17905 960
3 8334 20577
1 4898 28720 841
1 11833 15011 704
1 25641 32490 438
1 879 3141 207
1 6858 9813 281
1 29251 30343 79
1 5929 12311 997
1 7205 32110 340
3 213 31621
1 25477 28510 652
1 11197 23185 889
1 13761 18553 667
1 1310 10642 625
1 11443 16569 425
1 314 20995 429
1 15680 19353 594
1 17282 21427 51
1 25076 29033 591
1 2093 30113 382
1 4454 7141 465
1 13414 26833 699
1 896 29677 354
1 15563 29900 778
3 7386 31020
3 26318 27012
1 9459 31411 357
1 7873 30512 340
3 4399 13964
1 22245 23241 668
1 9805 19563 815
1 7266 12934 813
1 9096 28552 921
1 3001 4620 369
1 5906 20301 104
1 4577 8081 970
3 21668 22045
1 6217 31430 690
1 22797 24143 961
1 7401 13486 661
1 15587 30274 102
1 17615 26302 24
1 26116 26326 842
1 7342 28349 849
3 7609 13208
1 19327 30610 618
1 1362 5350 148
1 9861 15509 101
1 8888 18998 737
1 20182 24178 402
1 1810 28222 375
1 4070 14487 826
3 2804 16855
1 8019 18346 551
1 1070 18356 87
1 8415 31537 994
1 7093 12848 1
1 5762 12939 356
1 26350 32551 179
1 2056 17792 426
3 1213 2501
1 27444 32523 859
1 6162 13832 683
1 2503 11593 203
1 18345 23717 682
1 9632 18096 163
1 7685 24667 206
1 14746 24553 115
1 21252 24058 353
3 5476 8416
1 28867 29608 15
1 17416 18232 726
1 9745 10175 489
3 5949 9648
1 8899 28572 187
3 1447 28808
1 17583 23889 448
1 7774 26679 205
3 2833 26517
1 8557 23687 136
1 2602 18443 327
1 6599 20422 609
1 12924 24789 315
1 625 30896 537
1 1456 29229 848
1 12495 22353 305
1 16262 29872 904
3 9695 26548
3 20569 32679
1 23695 26491 663
1 25119 29695 399
1 15931 24901 716
1 21682 22372 695
3 23849 30632
1 13557 32315 261
1 13111 25639 271
3 24812 28607
1 16389 26618 699
3 5621 24372
1 13841 28590 977
1 9397 26807 595
1 3253 20967 80
1 3192 14076 780
3 10824 16064
1 14569 15056 892
1 8188 16294 575
1 9529 25874 694
1 3279 23407 99
1 1905 30514 469
1 612 18962 882
1 13819 24392 355
1 15934 18203 359
3 15518 27367
1 22991 29834 225
1 12952 13751 300
1 7280 32554 928
1 12310 27121 516
1 5330 23737 939
3 7787 20711
1 29130 30932 395
1 2595 21462 178
3 2450 19018
1 17698 25975 51
1 13150 25341 189
1 6100 9966 156
1 19295 27152 216
3 7657 22555
1 3000 15855 57
1 4691 5087 47
1 4328 13294 253
1 711 25705 241
1 22297 28077 668
1 19358 20907 777
1 15075 16735 843
1 10607 31973 438
1 17474 25513 641
1 10528 21597 554
1 5497 14274 746
1 19801 23795 283
1 8807 14108 799
1 18330 18434 139
3 19102 22095
1 277 15662 926
1 4957 26716 783
3 21436 32626
1 30284 31277 487
1 10209 17603 722
1 10984 14680 3
1 13641 21478 711
1 816 15098 437
1 5331 15196 399
1 18891 23474 883
1 9159 30281 26
1 8210 8578 680
1 235 17906 358
1 288 8131 989
1 25859 28722 660
1 2263 30495 451
1 25358 30273 904
3 12748 16035
1 624 14066 434
1 22594 25577 780
1 19910 27727 83
1 124 12582 548
3 23322 28015
3 9700 28863
3 19181 23513
1 5957 31790 538
1 6700 20807 115
1 6267 14571 290
1 22456 28697 727
1 7829 27980 84
3 3059 22131
1 26150 26472 104
1 10744 29087 980
3 9783 11504
3 5299 26629
1 19343 32036 900
1 7635 21716 945
1 2891 28483 910
3 5367 31815
1 5646 11544 76
3 5854 15956
1 2380 25069 675
3 20614 31177
1 15368 26009 899
1 11356 28862 270
1 5846 26167 395
1 6628 16020 753
1 30691 31206 4
1 15749 17941 931
1 16761 17782 398
1 27962 32174 784
1 20246 26339 33
3 8914 26066
3 11156 30299
1 8963 21327 857
1 1248 30726 386
1 25165 31748 692
1 884 8459 424
1 8969 27045 328
1 16833 18213 411
1 14360 32471 131
1 10953 23042 533
1 19283 28505 329
1 16206 25382 499
1 11164 22785 192
1 20065 25696 125
1 10448 11962 933
3 20665 29554
1 15564 22985 965
1 4962 15588 582
1 6522 10425 651
1 10192 15187 749
1 581 3449 481
1 23366 23835 495
1 28788 29192 583
1 9115 29129 657
3 21896 29989
1 4354 10286 951
1 20670 23039 993
3 12556 15805
3 12659 28789
1 22204 28052 995
1 11266 14633 740
1 13019 29239 583
1 1619 18236 704
1 6676 21278 184
1 9117 15458 321
1 10532 21578 617
1 9186 32766 802
1 22982 32722 705
1 6943 8211 774
1 422 28151 323
1 26149 29546 25
1 20343 28426 551
1 18199 21518 205
3 11354 12548
1 20571 21835 488
1 18372 29957 822
3 866 19258
1 15186 24390 537
1 28960 29392 503
3 5816 21978
1 4169 20119 297
1 14876 26072 315
1 22029 26771 266
3 14595 30359
3 14107 24985
3 2205 15502
3 2606 12253
1 15052 16773 188
3 28821 29701
1 2735 25827 868
1 24904 27877 253
3 10052 30755
1 12499 16637 327
1 178 29785 55
1 2380 24272 82
1 7395 28636 572
1 20020 28705 285
1 4860 15169 633
1 6800 8482 463
1 26842 30273 182
1 3844 4579 221
1 6924 14555 97
1 4856 14377 212
3 19998 29964
1 10804 30957 891
1 15180 27222 980
1 833 31491 783
1 31803 32257 761
1 3425 16156 101
1 6342 30758 787
1 4801 15966 408
1 12034 21388 749
1 35 30256 490
1 13696 31960 964
1 16594 27465 908
1 7171 16597 794
3 10553 32279
3 23771 29242
1 13038 21614 998
1 31588 32409 919
3 4417 11939
1 16750 21737 83
1 818 10344 354
1 7049 21369 824
1 183 15316 669
1 5047 19136 139
1 24875 31359 882
3 18508 31028
1 14063 29224 995
1 2663 26654 153
1 21173 23100 481
1 8321 32748 919
1 27592 31880 863
1 16896 28400 609
1 7071 9017 204
1 2959 11249 905
3 1591 7505
1 10914 14947 663
1 13152 32675 448
3 13648 18735
1 26374 31157 571
3 18335 23204
3 11444 27967
1 8991 25204 160
3 8369 10500
1 26304 26435 826
1 21132 31162 382
1 6110 23523 225
1 654 15735 490
1 8984 25248 25
3 26327 31186
1 19786 24579 603
1 8355 10231 900
3 6000 19560
1 20199 23729 314
1 10950 31087 994
3 29303 30351
3 27508 29345
1 22056 23945 696
1 17321 31141 497
1 13880 30951 454
3 19882 24615
1 16303 27361 562
1 2786 17374 554
1 1955 6114 638
1 5457 25898 173
1 6320 9992 532
1 15116 21689 639
3 10941 15444
1 13435 21152 825
1 911 19678 657
1 10730 11802 178
1 13974 30505 151
1 8484 23829 501
1 26959 32089 847
1 8851 22943 627
1 16102 24537 92
3 12618 32274
1 24455 32522 154
3 1547 2784
1 6630 22538 411
1 9468 26618 539
1 4731 22586 468
1 16730 27245 349
3 13525 15894
1 1384 7260 657
3 7734 14904
3 16064 16860
3 8113 26217
3 4368 10595
1 9429 18321 640
1 27580 29873 755
1 2863 7106 254
1 10637 19506 250
3 22921 27205
1 12398 27365 100
1 1917 16467 19
1 6577 24287 595
1 15667 29456 206
1 17009 28201 622
1 4768 28543 254
1 12296 16257 561
1 15556 20435 751
1 28017 29434 599
1 1557 17731 145
1 5814 10640 699
1 10350 16660 279
3 24465 29065
1 995 2882 511
3 6485 18502
1 4584 18967 542
1 3190 10323 22
1 13287 30872 283
1 4859 12781 718
3 9052 24125
1 1382 21776 593
1 26890 31488 370
3 6955 21640
1 20456 28554 75
1 13994 15414 711
1 5909 31018 766
1 21334 23240 680
1 11955 14441 12
1 4381 26017 722
1 3560 19423 882
1 8273 27078 781
1 8695 19457 851
1 154 4709 4
1 5856 13693 419
1 23434 28980 423
1 7476 13928 388
1 12455 21874 35
1 17709 17960 909
1 12371 21495 133
1 9964 20531 710
1 1881 16042 122
1 6408 12415 878
1 16694 25915 274
1 3339 27147 205
1 8072 16556 424
3 15346 27990
1 1108 7337 668
1 12918 28390 881
3 21647 24464
1 7354 12330 907
3 23174 30756
3 17248 29168
1 2553 31295 934
3 14982 21559
1 15699 19226 31
1 9986 12310 446
1 2917 30393 38
1 4209 18567 786
1 22256 26859 443
3 26058 31389
3 17159 19193
3 21030 21720
1 13717 24017 83
1 11034 14851 674
3 2297 11308
1 4647 25683 661
1 17016 19762 389
1 6574 19345 638
1 17491 17877 815
3 27485 32088
1 21399 26234 565
1 27488 27600 809
1 3629 22784 424
3 9860 17901
3 15205 20029
1 10954 15891 478
1 1740 26535 973
3 2111 17784
1 4275 21017 107
3 23685 24890
1 14243 27781 429
1 29963 31594 326
1 7217 31811 591
1 21957 23349 42
1 1842 30124 760
1 26582 32318 714
1 20687 32118 573
1 9698 26881 414
1 4146 28818 334
1 4400 21001 647
1 6958 24443 848
1 3177 12859 166
3 11471 17072
3 21054 25905
1 11099 19537 140
1 4869 8658 346
1 12134 23959 830
1 283 13990 802
1 10021 10427 789
1 17630 23977 57
1 4363 14622 644
1 377 11105 947
1 2779 27464 156
1 3038 6273 323
1 22847 26705 223
1 7346 17156 165
1 30729 30881 830
1 8706 28532 213
1 754 24115 475
3 31975 32324
1 18654 25906 427
1 18332 30944 919
1 5657 16907 734
3 6301 7917
1 15171 24330 562
1 14742 26814 89
1 8317 24503 221
1 443 3834 487
1 6197 23175 735
3 6974 11427
1 12478 22357 760
1 12689 18228 982
1 4354 22650 631
1 9997 32090 596
1 7666 15793 733
1 10092 30032 938
3 24407 31300
1 29878 30466 23
3 6049 10473
1 6039 21282 840
3 6794 20575
1 9115 9285 995
1 1948 12435 328
1 24745 26007 918
3 21798 27310
1 13316 23921 35
1 5028 9166 454
1 16435 20159 934
3 21090 21663
3 16926 28477
1 23533 28660 132
3 14110 24815
1 9021 28493 933
3 15751 18769
1 6008 16753 507
1 20162 24227 506
1 4272 8825 932
1 3754 17347 427
1 6972 29419 431
1 1825 20844 109
1 22907 29574 126
1 9813 24889 797
1 25933 27801 153
1 26395 30390 348
1 6826 10877 715
3 2113 32522
1 2227 11928 468
3 13567 31036
1 16154 19014 504
3 730 8027
1 18720 29339 591
1 14929 27397 515
1 2884 25765 494
1 1009 27795 629
1 8843 14798 583
1 12912 14694 804
1 30561 32218 488
1 7781 14418 847
1 6281 28528 984
1 11143 32710 695
1 12213 18046 566
1 7967 10837 571
3 20744 32696
1 23473 28334 743
3 32331 32723
3 8628 15951
1 16330 17120 159
1 21964 27059 692
1 2258 2453 310
1 10905 12980 568
1 11954 21325 837
3 1511 2422
1 12256 21847 628
1 15795 29114 289
1 20047 21970 855
1 1278 3841 728
1 20410 22540 187
1 14098 27103 656
1 11520 31939 402
1 11843 32413 747
1 11071 24875 884
3 17154 19862
1 7940 20707 119
1 10330 27682 988
1 7468 11401 645
1 1870 6761 663
1 1471 28089 16
1 4227 17332 148
1 35 1617 376
1 5833 32673 253
1 5309 18247 311
1 11517 27994 279
1 6506 23344 645
1 4214 24617 442
1 4587 11483 189
3 14424 18210
1 2739 29916 173
1 4288 23188 678
1 3011 23836 666
1 2084 31341 568
1 5439 13035 182
1 25471 28960 358
1 2443 7659 53
1 8139 18899 293
1 22121 24410 107
1 1811 29976 635
1 13726 25706 970
1 2019 13429 949
1 4801 4978 240
1 9971 19387 154
1 1329 25850 135
1 5477 28109 765
1 20396 22305 539
1 24837 28504 303
1 9018 32184 167
1 15938 16354 258
1 1710 19899 873
1 13698 24430 928
1 525 1258 305
1 7084 26871 106
1 16143 31820 501
1 10386 24329 42
1 12474 21395 648
1 27539 31252 393
3 3228 10976
1 22370 28439 238
1 5982 10292 926
1 7209 24186 922
3 11374 31730
1 2778 26027 57
3 8674 17811
1 9086 18253 555
1 8617 19424 158
1 10011 25912 128
1 8349 20662 497
1 612 2981 821
1 26727 29780 755
1 16368 22402 978
1 8411 31636 914
3 806 13570
1 30767 31844 258
1 11211 23340 981
1 4402 28820 581
1 10680 17178 903
1 6442 14314 536
3 1774 26134
1 3687 23140 837
1 1469 26045 719
1 14291 20821 600
1 4106 29471 610
1 31417 32644 507
1 3505 27417 80
1 13805 30886 811
1 26004 28766 433
3 23711 24046
1 9890 15475 37
3 17365 21308
1 12567 30323 884
3 16468 24004
1 3244 25496 61
3 19876 22231
1 1819 30633 890
3 15840 23989
1 7135 32548 487
1 20001 24547 612
1 28794 31455 887
3 5738 29587
1 15209 27449 305
1 7421 15505 371
1 22706 25678 909
1 17767 30340 156
1 21406 25710 91
3 302 7459
1 4014 25731 787
1 10528 20508 960
3 11648 18698
3 25758 31227
1 17323 21889 420
3 520 1160
3 45 5971
1 11785 18815 390
1 17862 28530 867
1 13882 17320 481
1 14834 19982 710
1 17577 27198 596
1 17849 25325 448
1 3881 15410 586
1 18398 24110 698
3 14645 26567
1 2419 20798 313
1 18324 26648 412
3 1412 20222
1 7802 21694 587
3 17010 27995
1 21218 29943 86
3 21685 30676
1 25029 28798 269
1 3967 9384 326
1 4004 18039 520
1 12033 27334 984
1 7078 14645 830
1 1776 25719 855
1 3838 5810 846
3 8917 14008
1 5009 9837 733
3 13319 17859
1 15592 19213 749
3 15310 17209
1 3841 30319 125
1 15542 25175 369
1 2978 11389 696
1 11118 11376 853
1 3123 5218 468
3 21922 26482
1 12029 17245 470
3 132 3622
1 14641 25240 567
1 19601 30935 114
1 12157 25932 23
1 8714 23296 580
1 14955 24199 206
3 8350 9735
1 2987 19828 880
1 11386 26952 601
1 14089 28724 293
1 15856 18556 449
1 12661 27452 213
1 3142 30914 593
3 19047 23095
1 12367 20007 57
1 2035 2816 745
1 21197 32088 237
1 17573 27408 514
1 28822 30754 30
1 538 6423 329
3 5799 31323
1 7504 16663 896
3 11406 25292
1 1499 16306 560
1 11758 20663 501
1 3624 6707 906
1 4868 13133 462
1 515 17128 746
3 6643 21131
1 7162 25122 676
1 20828 23309 92
3 22461 23549
3 5334 8200
1 5552 29642 270
1 18503 29827 826
1 5739 14496 622
1 25142 32094 406
1 16136 24981 579
1 16912 21251 692
3 12894 28568
1 17743 19688 939
1 18307 23334 348
3 16467 27384
1 4736 19582 955
1 20920 22560 712
1 17100 24894 7
1 7307 20726 722
1 12989 18590 180
1 22040 31211 812
1 22486 25330 241
1 2621 27830 745
1 13169 20210 541
1 15238 18457 223
1 9404 29367 719
1 3185 20888 490
1 12611 28215 573
3 10574 13986
1 2554 10951 600
1 18093 29616 426
1 18713 25763 399
1 16864 28721 5
1 5074 18537 673
1 19972 25011 961
3 15964 27331
1 12025 18434 945
1 11509 30447 392
3 633 26224
1 11401 24112 527
1 21542 24201 347
1 10867 19789 88
1 15325 18467 200
3 19711 20464
1 3919 8105 978
1 16436 27668 819
1 6445 31034 63
1 2442 24265 561
3 8313 16228
1 16719 21264 921
1 27744 32280 313
1 4788 12647 220
1 10118 32690 952
1 8906 11143 93
1 6065 30274 769
3 10304 18281
1 19019 19125 611
1 6948 11530 463
1 21834 26297 437
1 6289 28753 434
1 3761 30126 263
1 19515 28261 379
3 9687 11612
1 6469 26054 24
3 1192 2974
1 19318 30721 178
1 10993 23668 767
3 25995 26565
1 4118 5837 973
3 12124 31763
1 14592 23657 902
3 7661 32126
1 27603 28910 382
3 9836 16440
1 9649 21894 738
1 9571 28839 634
3 12009 20594
1 13767 17343 627
1 6604 28002 749
3 13148 30689
3 18454 19436
1 30516 30657 348
3 7458 23003
3 3103 27066
1 8730 10434 399
1 5368 8706 123
1 5439 12884 846
1 15397 16671 631
1 9500 16165 54
1 19938 23522 392
1 10145 16234 893
1 24517 31238 103
1 18728 30980 558
1 10404 30107 882
1 1052 30427 760
1 7356 30181 608
1 30504 31154 78
3 26035 28246
1 389 30648 722
1 4006 10326 240
1 1095 12871 587
1 3457 16764 822
1 8286 26138 24
1 758 23593 61
1 20543 27941 28
1 11216 19729 745
3 13160 32070
1 2245 14736 815
1 17861 19049 388
3 8569 24247
1 698 27133 130
1 28243 32682 352
1 15999 17017 284
1 3344 6165 3
1 10467 21572 266
1 907 24144 636
1 9602 18290 402
1 21300 32729 682
3 26366 32330
1 8822 24106 366
1 14429 28520 444
3 11971 25794
3 13213 31735
1 1389 19780 869
1 24443 27996 746
1 10134 31039 193
1 3448 8328 673
1 5407 18116 835
1 11590 13744 662
1 5048 15136 469
1 15904 29668 20
3 15107 18440
1 4990 6678 996
3 24220 26128
1 29553 32342 714
3 3153 30210
1 10756 16603 116
1 18294 27907 816
1 7863 31798 323
1 17048 26028 220
1 30071 31632 960
3 4486 8849
1 13390 23320 843
3 2887 32618
1 2450 11102 482
1 10769 23406 314
3 25432 32269
3 27251 31167
1 2408 5930 443
3 6217 18664
1 11736 28655 273
1 1420 17522 454
3 5677 31753
1 26379 29966 178
1 6235 10103 165
1 3171 23574 329
1 20440 29795 581
1 1559 13326 185
1 8352 26786 712
1 24670 32465 527
1 9167 23143 173
1 19979 31957 460
1 2597 3826 614
1 13561 23485 827
3 12039 21150
1 3248 13176 373
1 20270 20347 674
1 29889 31143 35
1 19633 23722 312
1 7512 14789 349
3 5729 13197
1 4259 31839 659
1 2972 20073 715
3 1093 4432
1 17281 28004 156
1 1338 25549 626
1 16100 21856 784
3 419 15637
1 9483 32507 59
3 788 17963
1 4214 22119 209
1 14319 26174 858
1 2272 11922 148
1 2673 14234 946
1 14692 25518 983
1 3676 19192 78
1 15401 31901 831
3 11044 22617
1 27674 30749 199
1 4055 9230 564
1 7526 18385 427
3 17367 19718
1 18255 31489 530
1 11096 17977 586
1 13715 22395 573
3 26271 27153
1 3451 31227 606
1 10799 21217 279
3 9144 18902
3 28009 31649
1 13042 32163 809
3 16919 26517
1 23671 32513 389
1 17954 31283 302
1 28066 32724 963
1 11184 14160 504
1 2387 4265 511
1 6654 27155 823
1 9049 20836 629
1 125 27533 787
1 6954 8095 721
1 1567 29222 658
3 2310 14461
1 5282 12442 553
1 6001 30120 835
3 5185 16801
3 12283 23667
1 16624 31427 256
3 8481 13153
1 19321 27770 95
1 15534 17312 521
1 2122 8957 730
1 7265 28987 676
3 30 25680
1 15526 27045 760
1 11384 12688 695
1 14431 20096 398
1 13947 28623 498
1 7033 12540 170
1 16202 17024 856
1 13233 16481 279
1 18938 28942 708
1 8426 27530 370
1 20210 26829 729
3 17512 31911
3 887 19724
1 20334 30001 748
3 1515 10397
1 12377 16727 31
1 2397 24427 193
3 2931 31094
3 4950 15671
1 4173 6401 267
1 10948 26802 585
1 21290 31193 290
1 23400 27724 823
1 5426 7553 382
1 1418 7681 487
3 6937 29062
3 4668 10324
1 25076 28135 899
1 3818 11653 875
3 18519 25709
1 14720 19210 71
1 13062 21640 515
3 15912 19863
1 18850 25361 550
1 20208 32633 489
1 3400 28846 688
1 2879 14534 105
1 10387 32686 931
1 3187 19807 49
3 6687 25392
1 23442 32092 261
1 23338 26471 25
1 11424 19958 764
1 13634 25726 348
1 289 17695 276
1 15961 32167 735
1 29697 31878 203
1 27995 31981 555
1 11776 13694 365
1 3296 17317 334
1 8591 16416 443
3 18643 20428
1 20824 27252 849
1 2922 21685 239
1 12851 27438 221
1 25888 30627 332
1 9707 17926 270
3 17516 22498
1 1353 4264 868
1 8380 30345 375
1 8070 13604 801
1 15271 19148 320
1 7424 17710 198
1 9223 12596 869
1 16938 19647 666
3 15848 29728
1 22642 23868 663
3 18433 23352
3 254 26966
1 2407 17495 789
1 11025 16663 480
1 7424 10451 860
1 12672 25737 397
3 20613 21387
1 3114 16386 832
1 10051 20674 371
1 11199 12307 41
1 7376 30315 821
1 11538 31863 79
1 14953 23128 205
1 11248 31823 477
1 835 21379 897
1 2248 4950 204
1 9486 16671 772
1 1998 19898 552
3 14454 29981
3 10894 24554
1 4399 7715 396
3 6268 16901
1 9936 26985 796
1 8365 15715 664
1 9924 16905 451
1 23867 25142 59
3 24938 27960
3 8145 26554
1 8443 14762 339
3 13865 14265
1 2750 5782 869
1 1522 16683 136
3 10026 16466
1 18008 30437 148
1 3498 11780 671
1 13896 30233 202
1 4292 22884 81
3 4857 31531
3 21416 28464
1 20534 21439 677
3 22128 27744
3 15327 31949
1 23841 24050 184
3 910 27584
1 3129 19051 682
1 918 3973 460
1 22920 31859 832
1 3170 20950 18
1 15062 22599 968
1 21148 25538 69
1 5300 10497 755
1 4786 6465 994
1 21570 28000 574
1 1169 22658 997
1 9806 15279 330
1 1078 31838 43
3 19548 26557
1 22101 22306 403
3 21130 30774
1 7359 14515 621
3 6565 27739
3 8343 11093
1 13307 25456 663
3 8735 28727
1 21628 28563 375
1 14419 28188 444
1 18277 18801 961
1 25834 28604 838
3 1329 5942
1 8084 16242 457
1 19315 32668 557
3 921 6265
1 489 26654 827
1 16282 29038 631
1 4956 21478 393
1 8536 18690 656
1 15111 24100 595
3 6371 21402
3 10444 10825
1 16220 29371 831
1 11351 25920 363
3 14477 22305
1 2391 14865 917
1 1452 19942 94
3 3592 18154
1 1572 30828 624
1 8816 22579 713
1 5694 12254 312
1 18345 22248 795
1 3045 21130 607
1 19 14238 556
1 4732 13724 604
1 14585 17895 306
1 3438 16014 728
1 18026 19044 836
3 8926 10109
1 930 3238 980
1 15809 22805 271
3 20255 32399
1 10147 16680 15
1 11756 16875 91
1 25920 28239 965
1 14075 15146 462
3 466 31386
3 21207 29162
3 15219 19352
3 10439 16357
1 3383 24872 41
1 3005 8755 725
3 6804 8470
1 2860 17142 479
1 6975 29834 634
1 544 2781 559
1 6901 8527 498
1 6365 21677 702
1 7331 30172 361
1 20383 21190 85
3 1976 10681
1 6561 7416 847
1 26098 26326 796
1 568 18321 268
3 1662 16713
1 5054 26191 139
1 1474 17448 482
1 13917 28412 60
3 11721 20917
3 1610 10204
1 20786 31731 690
3 4470 8450
1 343 32015 959
1 8219 17877 73
1 3097 8390 623
3 8151 19079
1 1620 7851 781
1 21092 22727 301
1 9243 22823 447
1 16385 26068 536
1 4243 12158 995
3 2871 13597
1 13198 27011 711
1 6137 23442 495
1 11947 22002 918
1 22901 30569 368
1 20624 28872 867
1 1721 15424 344
1 9583 21031 861
3 5526 7875
3 4888 7216
1 6376 8711 89
1 5960 24631 434
1 25033 25438 618
1 7228 8640 40
1 6574 20000 371
1 2081 3908 574
3 8809 13004
1 5025 7681 231
1 1207 31439 383
1 5752 7541 292
1 28002 29815 190
1 4162 14362 708
1 14502 30741 987
1 19789 26283 631
1 7137 9234 962
1 1592 11719 427
1 7527 20374 496
1 18554 20595 399
1 2536 8230 425
1 4757 11996 328
1 2339 24560 67
1 2938 27130 640
3 11828 14461
1 2129 32225 342
3 10028 18054
3 13809 17152
3 15 28933
1 10689 15903 838
3 3847 14288
3 2575 15821
1 8865 22191 946
3 9080 29121
1 4950 30806 303
1 20004 29971 814
1 6059 25895 226
1 3596 24289 974
3 15274 17694
1 1752 16103 79
1 6433 8330 880
1 9827 27731 509
1 27620 31635 331
3 6374 8013
1 33 28450 806
3 18330 29306
1 15932 27391 304
3 20969 27649
1 7770 11241 890
1 775 10366 235
1 2991 29329 541
1 3441 8694 742
3 3715 22025
1 2950 23887 584
1 17628 27051 136
3 28309 31303
3 16952 29544
1 12060 21506 425
1 9307 9752 721
1 2832 23448 2
3 14679 31632
1 14936 21058 476
3 299 20325
1 11290 18473 126
1 14455 25221 806
3 11414 31438
1 23626 28395 240
3 14510 22469
1 10878 24360 11
1 6479 11615 783
1 11816 23249 804
1 6903 21711 398
3 16615 17450
1 520 13095 519
1 13751 20544 693
1 1145 11601 811
1 13441 23888 64
1 17625 19462 618
1 9877 17177 634
1 25066 29867 81
1 20799 22915 138
1 6957 12739 383
3 6368 29373
1 13345 18231 633
3 11841 30303
3 13535 20165
1 8099 18577 897
1 22605 25074 137
1 7536 23728 293
1 4122 17524 694
1 2184 26060 180
1 24785 25310 7
3 8909 12372
1 3481 17491 734
1 9806 16103 740
3 10667 11936
1 27264 30895 734
1 13913 32216 230
1 5327 25096 646
3 8696 10774
1 8540 9737 558
1 6113 27360 60
1 3883 10554 38
1 10617 27668 134
1 10327 23408 485
1 9088 22250 115
1 6717 11090 722
1 2825 28544 966
3 5076 15879
1 6740 12366 259
1 3801 5015 330
1 26993 27464 289
3 1767 22457
1 1459 1523 20
1 7606 11232 413
1 3477 19482 875
1 12256 22206 461
1 8430 22179 919
1 4112 16220 115
1 7737 28486 545
1 15311 27633 980
1 1081 21066 557
3 11261 23986
3 21094 29002
1 812 22480 145
1 8399 29086 668
1 12785 24273 707
1 10761 11418 743
1 6674 24638 352
1 25643 31598 350
1 3559 24436 55
1 30920 32683 752
3 15022 24967
1 9058 21293 385
1 18839 23351 70
1 20544 25002 92
1 22779 32015 308
1 8333 11350 435
1 22314 29546 11
1 5744 23944 275
1 13654 15664 965
1 4499 10767 863
3 14839 27006
3 23366 29328
1 7770 30923 486
1 18776 20036 111
1 3321 25698 643
3 19514 25965
1 12224 15654 643
1 17979 20250 924
1 2781 20641 229
1 5456 10267 309
1 20518 30048 5
1 8966 15887 640
1 19627 28545 6
3 7727 15611
1 4153 31626 816
1 17750 27332 126
1 4053 25381 591
1 19252 21652 355
1 16657 22391 356
1 2876 13432 514
3 3547 26554
1 11067 13070 600
3 8161 21122
3 7777 14950
1 11497 24073 812
1 9033 30461 193
3 11187 32460
3 5584 10225
1 2991 28859 974
3 17710 25789
3 28295 32591
1 16823 19534 10
3 19657 20821
3 16315 26588
1 4184 9078 279
1 6736 11619 900
1 13539 30094 433
1 17127 26500 789
3 4925 28589
1 2300 6095 828
1 3787 13237 253
1 15338 22927 311
1 13876 15943 369
1 7987 19522 690
1 13372 30945 835
3 5491 12944
1 5927 23452 29
3 12094 18759
3 8711 16024
1 3054 9935 820
1 1405 7795 548
1 1989 27240 783
1 7589 9003 708
1 18906 29387 550
1 24319 27050 311
1 19662 22387 124
1 10860 22652 944
1 3646 32569 613
1 3469 14144 64
1 22928 25733 725
1 19444 25726 340
3 8636 10884
1 5840 31613 603
1 1045 3256 767
1 2584 3725 553
3 6412 18293
3 10750 30344
1 19785 27917 826
3 1362 28357
3 13684 16024
1 13049 24324 566
1 14464 20304 595
1 2345 17700 876
1 2621 3068 959
3 5994 16718
1 8374 15541 88
1 27002 30784 678
1 6589 24100 831
1 8978 9273 440
1 11622 17499 760
1 4750 14169 214
3 8889 27772
3 2573 5443
3 22973 30175
1 16882 26382 719
1 1540 12427 829
1 13165 24803 6
1 2721 10177 312
1 7703 12394 262
1 6800 12813 962
1 21946 26932 67
1 14329 15773 402
3 5751 22327
1 26496 27853 195
1 1422 6899 880
1 7163 29978 158
1 8308 31033 971
1 171 29084 496
1 4833 22604 886
3 15175 17203
1 1781 14120 156
1 11971 26623 42
1 8511 24871 220
1 4333 14231 229
1 17614 18920 108
1 17237 22331 740
1 15493 27245 740
1 7210 18622 297
1 7212 9166 178
1 6561 25703 476
1 25101 28823 71
1 13626 18603 441
1 16443 20101 522
1 27051 30522 80
1 4884 23295 508
1 6628 28938 628
1 4868 5209 386
1 3312 7530 389
3 5988 27119
3 545 15213
3 10462 15925
1 20422 23912 396
1 1748 2583 721
1 22686 24292 558
3 17740 25920
1 24756 29760 796
1 5935 7223 741
1 7638 28493 857
1 9077 12805 556
1 9116 11390 968
1 8106 26431 10
1 18444 19282 156
1 5466 15868 82
3 13895 27433
1 6623 24057 838
1 15493 24821 22
1 18932 25182 513
1 12971 22523 343
1 25267 26553 28
1 14263 20422 875
1 18526 28402 619
1 8040 17101 897
3 3168 12705
1 5733 29993 60
1 597 11435 459
1 2254 29339 420
1 6456 11503 718
1 4455 7336 955
1 18300 24580 761
3 26260 26985
1 5426 9335 561
1 16685 18438 465
3 13355 24254
1 12685 17585 948
1 5726 13636 820
1 14775 29926 155
3 15934 16124
1 2094 20668 191
1 8077 29318 611
3 9470 18556
3 10714 13479
1 7382 7484 715
1 16238 22293 202
3 23134 25463
1 2557 15767 66
1 9624 26569 844
3 13267 30984
1 13315 29877 971
1 7361 27880 606
3 11965 19608
1 12437 26447 286
1 13865 16435 743
3 615 6073
1 6137 9875 652
3 8077 22062
1 13725 29084 136
1 25722 31450 949
1 8447 8836 608
1 16329 32363 889
1 28950 31563 853
1 19704 29414 181
1 1121 22746 336
1 23820 28682 845
3 14753 24405
3 16541 22273
3 14368 26078
1 6961 9968 379
1 13552 24877 396
1 9290 21037 859
1 22434 25173 836
3 20032 26813
3 723 1844
3 5182 24932
1 10009 15077 445
1 8400 15819 29
1 4364 7921 673
3 26612 27996
1 1610 21633 571
1 24614 32421 134
1 4758 32147 566
1 9138 22670 37
1 13963 14513 690
1 4708 30877 343
1 13059 22705 385
1 4396 24699 599
1 19632 31785 135
1 5490 12406 614
1 882 27929 822
1 16782 20991 885
1 12644 30942 164
3 12844 20816
1 15413 16656 591
1 13848 22138 127
1 19538 28273 409
1 13793 17729 405
1 28892 30159 226
1 3230 20688 608
1 12089 25637 14
3 2287 6084
1 3458 18964 247
1 3546 12666 369
1 21978 31935 230
1 11111 32190 883
1 11031 20685 497
1 2628 12515 694
1 17353 21142 589
1 6046 21938 831
1 1174 7734 234
1 24991 26444 545
1 18794 21850 996
3 40 22393
1 8141 27065 849
1 8450 10989 844
1 12094 20561 9
1 12277 20686 154
1 29993 30325 796
1 17349 23238 606
1 8765 27170 34
1 6472 7337 505
1 18918 22864 348
1 13958 32079 536
1 9586 31182 394
3 13123 18700
1 14364 18076 726
1 5232 25752 281
1 3357 13150 171
1 6783 22893 869
1 6485 26175 893
1 20123 29932 512
1 6250 10051 942
1 602 31448 80
1 7549 20493 573
1 3844 26585 382
1 8010 18110 878
1 14868 17403 806
3 6402 17431
3 9333 27066
1 29484 30978 230
1 10589 28101 587
3 4719 23895
3 15294 23345
1 29426 32272 238
1 21639 31274 869
3 1882 2851
3 12962 30856
1 25256 29716 685
3 1419 28499
1 21437 25749 807
1 20102 32304 489
1 6766 13001 344
1 3914 15585 72
1 18314 25551 261
3 13809 20375
3 2231 8424
1 18101 31921 598
1 3405 28934 94
3 16266 23969
1 28745 31279 628
1 6925 12067 992
1 4640 30127 302
1 6659 13613 1000
1 7623 8482 170
1 11380 19587 672
1 6680 21228 649
1 9483 12037 541
1 3743 18200 298
1 21769 31187 845
1 17247 28303 311
1 6934 23935 654
1 20181 20507 943
1 13702 27333 72
3 29614 31149
1 17248 17650 833
3 21673 28682
1 1736 13778 723
1 1500 27026 58
1 10867 31946 213
1 9415 22816 292
1 3183 16575 701
3 13821 26420
1 2305 13811 930
1 423 5774 164
1 22626 25917 816
1 8176 19620 440
1 12246 14739 363
3 16649 16690
1 5456 18514 563
1 27227 28726 213
1 100 29787 100
3 16619 19623
1 5468 25896 448
1 7135 15873 778
1 16619 31601 417
1 4859 21103 610
1 17273 21445 528
1 20031 31144 76
3 3812 24324
1 23372 25629 837
3 4852 23408
1 8188 31693 113
1 18698 21804 206
1 10182 25018 56
1 4719 16526 511
1 3825 4780 574
3 3585 6603
1 23656 32325 404
1 16031 27163 239
1 16329 27293 504
1 21485 30245 818
3 100 32259
3 3898 17404
3 18550 20624
3 13297 27540
3 4596 31391
1 3044 10785 300
1 12337 19103 622
1 281 8863 164
1 15555 27358 418
1 12199 28957 824
1 2346 26013 374
1 14555 18295 585
1 15788 24188 325
1 5545 27672 323
1 3983 10705 630
1 9774 17789 528
1 11025 28082 418
1 639 1121 684
1 519 15961 865
1 3601 27480 199
1 15447 30884 397
1 1066 32094 126
1 11411 30844 318
1 16246 20797 602
1 6092 23558 812
1 1528 16549 295
1 12314 29719 696
1 7596 11907 646
1 15850 26088 308
1 5567 30921 364
1 1740 28482 590
1 23404 32406 161
1 2040 14085 569
1 5546 16259 514
1 16583 28068 324
1 27764 28510 912
1 3382 15782 497
1 4532 10303 950
1 3111 4198 759
1 23807 27079 238
1 2389 12062 297
1 10047 14463 845
3 4340 6728
1 4379 28755 296
1 6823 26992 258
1 10002 30813 701
1 16745 17736 604
1 7919 8625 481
1 6235 8743 375
3 18691 32655
1 10423 16766 693
3 11138 24227
1 13631 32426 568
1 3135 26828 117
1 26404 29773 381
1 14395 32112 481
1 3108 29121 1
3 904 11531
1 17200 29302 105
1 869 16895 275
3 12328 28584
1 2126 24085 924
1 2288 2897 355
1 21230 21636 213
1 11207 17223 175
1 18614 29565 1
1 6720 24632 813
1 6867 21266 795
1 26257 26583 475
1 1218 29717 634
1 12753 15246 536
1 23214 30924 833
1 3910 11307 836
3 9651 12187
1 6817 19338 505
1 7787 13117 740
1 26844 30215 800
1 6737 19989 453
1 13941 15678 93
1 12487 17877 536
3 1861 16598
1 16059 29281 615
3 11146 26421
1 26568 28280 156
1 12529 23509 603
1 8906 22415 424
1 9631 13885 386
1 328 3672 172
1 481 8098 410
3 11671 28916
1 1862 13938 173
1 461 22967 621
3 3954 4225
3 1691 4399
3 220 30321
1 11390 32020 214
1 6042 14741 247
3 24965 25149
1 9502 15219 438
1 6213 22691 682
1 16622 24527 550
1 5545 19487 687
1 5321 19425 135
3 4279 21808
1 17996 32023 886
1 10681 12205 79
1 13772 31909 966
3 12703 16495
1 24305 25881 834
1 1417 17402 810
1 21940 25789 449
1 5001 19778 111
1 7784 15053 481
1 17943 23330 114
3 203 5684
1 13767 24974 246
1 6898 25329 904
1 9791 19679 633
1 11166 27287 438
1 19138 26205 714
1 17614 26843 943
3 15648 25848
1 9600 13676 96
1 15586 29293 519
1 6580 15337 476
3 15287 20586
1 13208 28447 31
1 4012 26943 332
1 13907 17244 74
1 516 18218 370
1 14036 22926 742
1 10641 11355 47
1 15653 23881 33
1 6507 14069 468
3 917 17365
1 17942 23120 846
1 3544 29400 781
1 3232 15080 316
1 1457 14314 708
1 6273 12022 778
1 9580 11596 864
1 7787 18022 111
1 4529 12675 211
1 21693 22613 551
1 3478 4350 307
1 8594 29690 755
1 25636 27539 370
1 4441 26896 95
1 23818 28360 215
1 11382 20788 147
1 12259 29071 43
1 21143 29585 570
1 2626 23869 876
1 1596 6234 238
1 12078 23814 933
1 9026 20795 626
1 6148 27684 325
1 16247 30664 439
3 6375 16484
1 3620 14798 289
1 15228 27242 149
3 19905 20104
3 10288 10478
1 16742 22470 649
1 8548 25468 597
3 11749 22978
1 7517 8611 428
1 7848 11397 470
1 19870 21934 1000
3 21992 30270
1 1891 26799 354
3 18741 30881
1 6283 10516 703
1 20028 28841 896
1 18886 18904 161
1 3025 13386 815
1 1661 20833 939
3 12458 18542
1 9788 14988 330
1 18422 21850 45
1 13535 24647 422
1 752 5027 723
1 4458 15606 81
1 19633 23294 295
1 8223 32558 467
1 3454 5399 181
1 6050 31257 75
1 6734 25442 28
1 15152 32321 617
3 24748 30264
1 27000 27967 797
3 16193 23150
1 4307 21538 690
1 12032 19485 176
1 15257 28004 72
1 3800 7594 388
3 7302 23620
1 20332 28686 892
3 2524 27779
1 20400 22398 689
1 17073 20590 157
1 19252 27372 171
1 11375 17487 357
3 10000 28889
1 827 2412 540
3 6438 24720
1 14551 28998 68
3 3436 29729
1 15457 18137 520
1 11095 13895 690
1 10733 30957 901
1 3487 25643 158
1 22281 28899 387
1 1364 29317 312
3 938 31121
1 8081 29276 506
1 2748 27858 26
3 4710 22999
1 13607 27825 359
1 25523 30285 296
3 13864 31246
1 2044 9354 505
1 7632 31080 556
1 8141 30344 646
1 7398 20924 28
1 20823 29637 830
3 5416 13420
1 29530 32558 697
3 19550 20233
1 1468 11379 755
1 4309 23493 686
1 426 26560 489
1 26990 27940 252
1 274 9201 699
3 23081 30300
1 13113 29953 583
1 11401 15137 11
1 20562 32498 750
1 112 2736 83
1 21752 26500 986
1 8745 11083 545
1 107 28111 473
1 4092 9166 43
1 569 19953 325
1 5420 18159 272
1 20226 23378 316
3 2320 4905
1 4281 19572 411
1 20370 22311 602
3 16068 19266
3 9236 25776
1 678 23251 18
1 14725 23209 845
3 16433 17199
3 1679 18204
1 301 22046 345
1 444 20076 73
1 1642 26523 898
1 11546 26233 137
1 10 24248 848
1 19871 30130 544
1 10223 19711 713
3 1632 29289
3 11934 19785
1 3223 28888 711
1 3740 31299 350
1 21778 31806 901
1 12266 32060 782
3 17548 27660
1 183 10114 615
1 6124 18742 276
1 831 15276 833
1 17884 20738 752
1 9807 27673 441
3 15691 30090
1 7526 24841 549
1 2877 7102 292
3 4804 15638
1 16450 17424 104
1 1818 24628 522
1 13988 23736 33
1 5419 15174 559
1 2469 13300 90
1 7660 24700 386
3 15106 25327
1 5701 20765 686
1 1167 15011 983
1 13810 27897 200
1 3026 19267 393
1 1444 9290 866
1 27087 27380 689
1 22189 29215 455
1 1941 30695 299
1 6679 19530 406
1 3909 28465 177
1 482 17693 108
1 17419 18389 513
1 1456 10690 649
3 6370 28415
1 2057 8457 164
1 718 19809 735
1 6553 24082 472
1 9777 23982 980
3 392 14488
1 9986 29913 280
1 12855 18160 650
1 7187 18311 467
1 26817 32104 68
1 17564 32721 240
1 18081 32540 978
1 14116 16543 139
1 4562 11971 11
1 8601 30383 717
1 5983 10932 480
3 11208 12562
1 5412 11685 631
1 13284 27110 861
1 12745 21611 24
1 9917 24330 993
1 9474 17967 855
1 4016 15835 699
1 12620 29702 395
3 3743 9272
1 8331 17349 872
1 414 25004 13
1 21705 26302 408
1 26399 29669 295
3 7898 18259
1 14101 14289 455
1 14827 21595 267
1 17597 29271 821
3 28660 31773
3 5908 19044
1 21889 27534 455
3 3577 29254
3 9594 25422
3 25356 29726
3 14420 30231
3 9309 21507
1 172 10477 636
1 4592 21815 234
3 7046 10886
1 19394 28390 613
1 5547 31782 703
1 3096 26018 581
1 23073 32470 556
1 14400 24986 710
1 21306 27247 290
1 12808 14162 462
1 2596 12707 539
1 2156 5368 233
1 9525 21582 821
1 1800 20979 217
1 1131 20995 99
1 1173 24419 976
1 8412 14737 907
1 199 18757 736
1 10613 23368 262
1 766 22211 756
1 5381 26094 363
1 6057 27600 133
1 14445 24466 924
1 8977 30046 742
1 2444 20890 223
3 28756 31070
3 4068 21655
1 37 11630 876
1 3086 30773 14
1 16688 19571 47
1 11577 21569 501
1 19368 29526 563
1 15509 23485 612
1 2114 11062 365
3 5082 9458
1 8987 9682 569
1 8833 20741 371
1 5316 17608 556
1 6971 8805 16
1 13793 22392 556
3 3927 5306
1 19857 27819 177
3 20090 21794
1 5408 31199 502
1 7974 30911 50
1 21966 31946 81
1 4675 14151 635
1 5194 29174 913
1 2603 21823 597
1 1835 10068 998
1 860 16753 51
3 13648 17096
3 4150 29146
1 7010 29615 229
1 2577 24440 579
1 12735 16790 59
1 19267 27777 95
1 4054 27025 846
1 22416 30946 922
1 5846 11706 268
1 15283 16008 358
1 16676 19058 434
1 10980 31195 818
1 31924 32509 823
1 17962 30057 62
1 15682 15954 416
3 4917 17936
1 15595 15784 291
1 27607 28093 294
1 1007 19110 507
1 9021 21878 549
1 7164 27366 674
1 27848 29514 602
1 11683 12115 877
3 6070 29568
1 11501 17103 117
1 2933 19850 881
1 4520 19331 784
1 620 10683 141
3 7334 29872
1 8917 10816 597
1 26252 27937 879
1 10354 14848 563
1 14840 19192 465
1 13617 20058 582
1 4396 20043 600
1 3431 32464 843
1 10339 30245 643
1 13711 29527 891
3 4453 27670
1 9474 18275 781
1 6596 7974 673
1 13450 32450 650
1 20302 24616 937
3 319 18619
1 24098 31340 228
1 24677 27729 941
1 684 13380 779
1 6178 28978 372
1 12776 26692 936
1 12386 31822 760
1 3241 9877 710
1 4544 12627 613
1 5746 6924 531
1 24760 29159 276
1 3464 17425 728
3 9209 30293
3 25511 31699
1 19565 25669 81
1 1723 5186 681
1 11195 17707 4
3 630 24313
1 30434 31096 334
1 25291 27740 262
1 5759 17823 713
1 7973 22767 748
1 6269 30278 681
1 7510 14145 260
1 4918 17626 288
1 15165 17237 825
3 6958 27029
1 20460 24860 59
3 17811 23687
1 444 23666 50
3 14829 23310
1 14994 24561 545
1 20595 24608 46
1 17772 27197 259
1 9783 10474 688
1 914 22722 561
1 2195 2696 324
1 13612 26257 741
3 1723 24497
1 7248 23512 745
1 6405 19810 144
1 12 22747 610
1 8329 23997 713
1 5684 10158 619
1 9395 9979 508
1 1876 26684 889
1 14545 24417 21
1 6763 14068 622
1 20374 26182 842
1 31139 31509 231
1 16471 16856 976
1 7024 28809 999
1 23132 28362 479
3 18184 30319
1 1709 16291 577
1 6458 25033 688
1 5072 25773 414
1 13303 32109 821
1 10053 10871 407
3 5620 20009
1 17140 20506 516
3 25993 28985
1 19709 25301 939
3 11987 19088
3 23537 28753
3 1158 18019
1 8880 27200 155
1 30240 32561 855
1 20015 23066 688
1 6686 7540 984
1 11394 19960 101
1 10629 14965 973
1 1479 14983 746
3 2858 9955
3 13564 20762
1 8764 31684 142
1 14362 25160 205
1 3558 32436 909
1 17719 29655 746
3 14980 24719
3 16149 22906
1 18673 24919 324
1 5520 7940 571
3 8794 26711
1 5316 22324 541
1 4893 21865 72
1 5134 21641 332
1 2841 29425 407
1 3978 31269 700
3 6487 17768
1 14096 20736 964
1 12525 30511 708
1 5050 14729 545
1 142 4411 50
1 6174 21782 111
1 16699 28389 384
1 4368 8842 950
1 4802 16690 770
3 21799 31230
1 12153 25966 629
1 9822 15784 899
3 2841 28101
1 2730 22647 947
1 18864 19910 428
1 11373 23009 3
1 4722 10015 664
1 21230 27772 612
1 6334 32420 701
1 23289 23547 117
1 9092 23075 528
1 692 28146 14
1 13277 25080 173
3 4641 13391
1 4803 28897 958
1 11424 32050 993
3 13107 23893
1 9946 24204 388
1 15545 31432 682
1 5316 7368 98
3 9736 17942
1 15236 16545 723
3 9031 9083
3 12164 31527
1 26199 27971 475
1 29549 30687 908
1 17034 30990 629
1 7922 19839 222
1 15682 30423 114
1 21002 29701 517
1 9446 19111 330
1 14904 24393 195
3 2246 24375
1 3473 9539 617
1 5157 30177 59
1 5346 31498 85
1 16900 26835 337
1 13576 27921 146
1 21530 29120 673
1 8810 26633 233
1 17158 27708 126
1 5832 29248 961
1 3415 31330 591
3 10007 26824
1 1377 3561 850
1 1507 16321 261
1 23588 25900 38
1 1344 31984 412
1 16120 16880 383
1 3439 22687 186
1 19235 29634 255
1 13337 30592 65
1 7879 24618 599
1 8239 10073 744
1 5762 9226 882
1 1076 29622 704
1 20177 20800 195
1 16668 29191 255
1 40 12681 170
1 382 30068 913
1 22298 27997 195
1 1392 29179 322
1 28290 28866 751
1 21348 23194 61
1 7395 23791 977
3 23585 27726
1 6645 16926 445
3 4741 6207
1 16517 18253 179
1 9365 31740 184
3 12411 22863
3 18622 27644
1 27810 30779 35
3 803 28281
1 9327 25549 485
1 17686 22447 849
1 4742 14760 867
1 6187 17331 419
1 5695 30368 724
3 6385 15879
3 10337 31331
1 4571 5142 282
1 19608 27764 331
1 8467 11530 668
3 16659 28822
1 1912 7346 263
1 18139 19411 756
1 23369 24609 516
1 4380 32669 222
1 8811 27725 76
1 1139 31893 865
3 11986 25384
3 1068 12697
1 1480 10907 887
3 6212 28847
1 7385 30396 205
1 12467 23540 636
1 9932 23439 570
3 17351 29767
3 12376 26419
1 20455 29504 200
1 11507 32127 867
1 877 7129 436
1 4595 7757 933
3 16038 18744
1 10372 18266 885
3 25556 31714
1 13890 27219 26
1 2559 11249 488
1 13045 20226 588
1 27352 29353 550
1 4541 18999 547
1 1406 27294 383
3 11825 26200
1 8644 11144 57
1 26934 31018 119
1 17920 27993 733
1 16673 27661 402
1 6349 26294 227
1 2654 8325 770
1 6794 26089 310
1 6982 28652 717
1 4567 18644 296
1 19860 22936 158
3 3880 14429
1 3212 22228 498
1 4679 22827 303
1 21680 24808 102
1 3720 8474 99
1 28926 29316 165
1 67 23074 876
1 10161 20380 275
1 3978 4510 959
1 14925 23063 289
1 6117 7210 233
1 22494 23177 739
1 4833 22039 287
1 22378 24773 195
1 19291 31515 828
1 5961 24451 789
1 527 27848 254
1 9267 24659 73
1 5677 21746 865
1 1751 28937 972
3 24037 30760
1 6608 31700 817
1 28782 30297 373
3 17750 27752
1 9806 23337 269
1 11995 30001 881
1 30118 32682 553
1 1263 5556 3
1 13866 27024 956
1 4197 14087 137
3 14736 26243
3 12347 17449
3 6664 17332
1 26228 30199 903
1 1123 23487 428
1 14387 17110 647
1 14794 20796 709
1 483 23785 789
3 4613 23895
1 309 30959 521
1 11974 16930 840
1 6391 31145 460
1 14357 29628 39
1 3916 27218 881
1 17879 28104 340
1 3371 7190 57
3 10042 25434
1 18234 32051 583
1 19884 32318 7
1 10271 25619 8
1 7158 13542 112
3 5160 11657
3 9010 18552
1 4367 30921 485
3 2496 19384
1 10895 25088 795
1 6661 28239 397
1 4504 19200 156
1 9199 30047 84
1 9259 22023 177
1 6974 20960 625
1 1131 3963 113
1 8660 14295 671
1 2350 10889 704
1 9997 32455 891
1 11225 30280 653
1 2398 21264 350
1 17165 26119 596
1 553 32033 70
1 4491 9587 860
1 8315 31154 598
3 27058 30734
3 2507 32754
1 10808 31362 393
1 4988 16757 869
1 26524 31012 788
1 3319 27520 588
1 14665 28602 272
1 5255 20475 852
1 15277 32434 549
3 16408 22225
1 5300 29675 286
3 4275 20405
1 15419 18294 830
1 21095 22599 764
1 5857 13576 227
1 2729 8925 28
1 11124 19913 924
1 13230 32126 598
1 4154 6133 446
1 13407 24924 385
1 105 23755 244
3 983 7407
1 6701 19631 404
1 11277 17008 38
1 14491 29522 569
1 9823 22405 322
1 6027 8803 479
1 6441 28157 489
1 15479 22007 545
1 11731 26189 841
1 8362 32422 324
3 6186 6743
1 11920 18887 350
1 14146 20762 248
3 12867 14206
1 23139 30091 238
1 10634 19668 485
1 27616 30396 125
1 3329 30685 709
1 18451 32615 671
1 16402 29006 402
1 23929 28826 479
1 10700 26961 698
1 3431 28069 644
1 5039 31285 847
1 8558 28081 697
1 16794 18307 540
3 28245 32717
1 29361 30856 648
1 7617 25862 249
1 14643 15237 906
3 7706 21310
3 12513 15787
1 8475 12479 37
3 11445 19720
3 14860 23116
1 9999 23062 804
1 1063 10190 729
3 2056 17968
1 4904 22680 432
1 5522 31677 748
1 5845 8540 534
3 21256 30322
1 18039 18900 97
1 9697 31936 972
1 11466 30666 618
3 22764 29244
3 8439 29727
1 18076 32059 858
1 550 4355 469
1 2339 20787 513
1 4251 32076 542
3 7756 8037
1 4071 18660 820
1 3617 6276 361
1 22074 24761 115
1 2232 6776 989
3 5370 17723
1 8959 24150 355
1 4520 6016 414
1 4368 27374 492
1 10489 28297 317
1 903 24375 277
1 11495 26053 402
1 16470 24060 133
1 1950 29375 791
1 13117 16627 295
1 11710 22215 289
3 8140 20919
1 7792 31590 201
1 4422 25071 570
1 7778 22829 323
1 2574 22236 576
1 4691 19337 107
3 11855 17961
1 6756 18449 748
1 1121 10899 505
1 16441 28115 711
1 2121 13051 229
3 11811 15801
1 26608 29053 96
1 12835 25392 23
1 14040 28433 606
1 5569 22837 342
1 1540 2495 859
1 20885 25414 233
1 2638 26865 302
1 2265 7231 81
3 18692 30455
1 14167 24853 919
3 16196 21758
1 6444 19963 493
1 9140 12556 878
1 21491 30438 288
1 6698 17161 611
1 9467 20599 389
1 14614 26747 263
1 28073 31285 786
1 5893 16747 470
1 1465 3687 299
1 2351 30674 985
1 10362 15323 526
3 2342 4324
1 21681 27571 819
1 12740 16119 220
1 8992 17885 109
3 1035 9254
1 2118 2938 462
1 21124 25365 552
1 1686 30190 209
3 26264 31705
3 27712 32565
1 18707 20945 920
1 20008 27397 404
3 15126 29493
1 20056 23374 134
1 2618 4985 877
1 17998 29536 129
3 7606 15184
1 13577 28981 443
1 14210 25751 189
1 9838 27492 22
1 12192 23945 733
1 4047 30258 236
1 24956 26128 350
1 22637 23201 245
1 6314 17253 32
1 8047 22181 285
3 5403 30397
1 21089 31136 633
3 20836 28770
3 10389 16569
3 2079 10448
1 6446 21594 464
1 22327 23141 605
3 19532 28200
1 11006 25484 710
3 11113 16584
1 1896 30805 579
3 6023 20791
1 5427 32129 549
1 168 20858 814
1 19698 25140 722
1 164 1391 382
1 4371 4821 1
1 6505 15299 289
1 11410 27572 127
1 9109 26560 760
1 3794 7862 29
1 4863 30965 838
1 2484 26681 883
1 2860 10676 411
3 17738 28257
1 23186 23957 370
1 9687 18818 610
1 4081 14559 736
1 18503 29239 86
1 21096 26890 836
1 23267 31279 948
1 14962 23388 404
1 6274 17630 175
1 9331 22027 381
1 7199 30194 229
1 6425 11994 272
1 1094 7387 111
1 17020 21755 303
1 26892 28122 612
1 10655 29326 53
3 13275 31027
1 21314 30855 14
1 2047 10224 528
3 4150 28555
1 17627 32300 67
3 8126 18142
1 10793 15320 763
3 8692 22727
3 1702 2930
1 21023 28900 704
3 6224 30726
1 5635 21483 782
1 23389 29893 977
1 18795 29400 560
1 1378 2935 855
1 7846 27914 866
1 24098 26297 318
1 6549 16782 54
1 15277 19032 108
1 7985 9718 264
1 459 25473 654
1 2280 2544 475
1 17715 27783 672
1 16527 29280 242
3 19136 21684
1 1779 19936 118
1 29648 31379 537
3 6458 9610
1 18032 32577 555
3 3705 18096
1 3989 30659 176
1 2977 19160 552
3 24395 30909
1 15573 21384 45
1 3569 22053 396
1 6984 21416 247
1 4673 16550 484
3 2661 12343
3 10485 29898
3 7663 21014
1 20009 21072 582
1 11160 13173 835
1 6883 10271 542
3 8403 32763
1 2973 3852 215
1 8639 10643 453
3 13044 25518
1 5377 16006 666
1 8391 11360 209
1 19677 32378 584
1 18822 19140 200
1 4823 19318 585
1 19580 25249 820
1 11190 23303 1000
3 8480 19633
1 327 1113 300
1 18542 23851 902
1 12978 18357 506
1 13883 29587 41
1 22380 25907 160
1 20666 31291 389
1 9194 22010 452
3 17934 31912
1 5332 27619 35
3 11069 25937
1 3306 12986 994
3 27719 32408
1 15475 28479 80
1 18011 28250 121
1 9453 21782 15
3 9877 17473
1 24850 30630 440
1 10338 23198 684
3 14331 20541
1 16826 26083 589
1 10740 17894 832
1 8751 17212 251
1 6916 11700 486
1 24147 28412 29
1 18955 25978 245
3 9503 25708
1 12364 25830 24
1 14780 25345 314
3 26959 27707
1 3550 11407 441
1 2786 22951 22
1 19893 23095 187
1 17390 30492 801
1 12074 12492 649
3 25103 31789
3 12759 27017
1 11649 12845 688
1 7084 15576 692
1 14484 30548 29
1 4894 27929 543
1 12591 17229 27
1 18696 19705 569
1 26877 28787 973
1 19432 30586 886
1 1377 30494 923
1 14448 29858 662
1 31367 32153 110
3 10494 17668
1 22169 29335 527
1 11816 20877 460
1 15078 18670 129
1 2862 7543 65
1 15837 21623 696
3 2061 31622
3 8086 20405
1 20915 22385 783
1 5434 21439 442
3 5421 11843
1 10473 29388 834
1 10693 14365 510
3 15063 18768
1 14880 19985 855
3 6334 20361
1 26291 27948 866
3 25044 25759
3 2434 12998
1 15076 18791 166
1 5043 27016 958
3 20611 31559
1 2484 26099 388
3 10226 15362
1 5413 16347 324
3 8050 13558
3 25007 26841
1 8613 17448 692
1 26333 27032 517
1 3377 11502 682
1 9823 28166 81
3 13252 14352
3 4611 17288
1 14082 21388 214
1 11150 32263 683
1 19646 26314 444
1 138 23090 176
3 1569 13610
3 4825 5775
1 12461 25912 528
1 4839 18770 927
1 6156 21459 7
1 24345 26230 733
1 6215 11827 504
1 17992 24732 512
1 3493 31388 937
1 4714 22615 65
1 9593 15616 854
3 3427 22148
1 19974 25589 825
1 16659 21288 45
1 10606 22556 540
1 8490 12874 8
3 717 21862
1 23574 26327 381
3 19617 32266
1 9226 9691 550
1 10579 27148 387
1 9707 10519 372
1 25226 31386 945
1 5099 14907 801
1 15954 24671 974
1 21162 29376 208
1 14519 20853 639
3 16150 24489
1 6419 15569 527
1 277 32105 738
1 11211 28616 880
1 6620 10286 424
1 9344 26012 958
1 234 12418 110
1 8376 17389 41
1 8094 26859 679
1 10304 12880 590
3 5723 10914
1 8375 16670 447
1 13350 21461 871
1 1531 17110 460
1 25007 31786 615
1 14243 29271 294
1 19044 22555 177
1 12778 21411 69
3 9902 28524
1 5676 28441 568
3 1190 3079
1 19668 28426 134
1 3115 11982 542
1 8024 20287 267
1 4831 27225 140
1 7390 11690 230
1 2919 16944 154
1 2746 19934 225
1 8951 10006 838
3 8399 32443
1 6981 31247 81
1 6324 20524 12
1 393 10093 216
1 28240 29373 507
3 3203 16655
1 10619 13136 243
1 3737 25108 304
1 4734 16042 443
1 23700 32053 162
1 3509 28578 268
1 11860 20201 293
1 30349 32767 252
1 14592 17258 852
1 1593 29145 864
3 16894 17482
1 11668 27910 738
1 3169 9158 719
1 13249 14262 10
1 4867 15137 327
1 18384 22742 591
1 4887 23825 696
1 6204 18351 227
1 11135 14998 951
1 16594 19254 588
1 637 18374 434
3 9800 29035
1 13511 16227 317
3 13813 21325
1 23789 27174 106
1 16962 19130 60
3 9377 11653
1 612 1457 520
1 3392 24608 135
1 13036 31935 496
1 22181 29272 195
3 5441 29190
1 15141 22259 218
3 9946 9963
1 1120 22812 203
1 3773 31013 8
1 5461 7247 405
1 1062 22438 616
3 706 26288
1 18 5697 60
1 9328 20983 470
1 25716 27927 752
3 8245 25828
1 3031 9425 722
1 24003 27437 786
1 6601 25071 848
1 11829 27578 635
1 5102 25734 125
1 19977 21897 268
1 3572 6653 313
3 15176 28112
1 15008 32439 84
1 23918 25188 462
1 2750 8180 857
1 538 20684 100
1 3084 9914 335
1 1591 10948 164
1 9583 10581 827
1 26399 27325 61
1 5014 28218 390
1 6235 30835 237
1 23706 27503 502
1 7414 29331 650
1 27612 32170 204
1 4391 26649 672
1 2612 8994 431
3 16793 25606
3 7616 29354
1 6477 26272 984
1 11886 25769 963
1 3831 4100 479
3 6604 15831
1 5262 9573 45
1 8721 26389 511
1 18261 20554 575
1 2868 8882 881
1 106 6186 136
1 12129 13933 87
1 23154 32197 383
1 19131 31923 682
1 1875 7856 856
3 8499 17339
1 4683 20441 347
3 17870 21776
1 18903 23416 56
3 10084 20197
1 2672 16527 471
1 15248 29850 687
1 8635 16334 78
3 5629 7950
1 10378 25096 956
1 2760 17177 334
1 11612 26162 557
1 823 18899 319
3 13466 31799
1 14753 32530 996
3 14129 19314
1 100 10502 432
1 5254 15424 399
1 25913 32717 291
1 11842 20082 943
1 7453 18784 4
1 11924 15962 942
3 2705 14613
1 16099 17380 41
3 7061 23586
1 668 20839 189
3 7912 10308
1 2751 30729 129
1 28022 32484 439
1 6354 8333 869
1 26037 28155 983
1 12688 28438 196
3 14402 14513
3 3566 12590
1 8279 14433 17
1 3070 6407 638
1 6994 18868 693
1 3973 13674 33
3 1039 28783
1 17455 23033 158
1 12607 20246 102
3 18789 28178
1 25743 27275 763
3 12345 19697
1 7575 15918 358
1 1226 28421 176
1 4592 9733 670
1 2265 11855 473
3 9602 25387
1 8404 30681 979
1 3369 18593 903
1 7998 19553 902
3 12755 16183
1 16054 29654 253
3 2828 10737
1 307 17244 733
1 10778 27617 252
1 2008 6840 107
1 7263 23539 318
1 2941 21179 147
1 8291 22167 164
1 5764 12529 753
3 16384 30844
3 7266 10954
1 22176 29141 252
3 20416 30653
1 24868 24916 974
1 436 22171 775
3 15346 29105
3 16797 23543
1 6442 16499 624
1 3902 10419 105
1 10399 11812 239
1 6256 12023 940
1 13144 28524 983
1 12847 28132 994
1 489 17190 840
1 72 10088 454
1 20737 26726 737
1 16570 21269 337
1 1313 14795 605
1 3403 23440 727
1 2619 31960 153
1 3884 18922 16
1 7784 9795 592
1 13945 19743 408
1 8113 31526 831
3 9550 28165
1 23588 30741 698
1 8170 19553 720
3 21727 27402
1 19204 22803 310
1 13835 14198 293
3 5627 21928
1 15339 18563 845
1 13327 27363 42
1 3656 18821 172
1 20847 32545 724
1 456 13869 260
1 4873 11052 437
1 11044 14781 220
1 21106 28614 585
1 3857 16627 800
1 7231 16811 531
3 4453 11747
1 1831 30735 631
1 1154 29948 342
1 21593 21663 716
3 548 14309
1 12012 31839 7
1 12107 23169 1000
1 24228 28675 556
1 18824 28979 167
1 12158 32662 59
3 6858 14917
1 20267 23638 75
1 3772 18118 511
1 2651 13827 260
1 513 2187 105
1 3308 31873 527
1 9720 17484 42
3 9608 31526
1 5962 8074 229
3 1829 21695
3 30296 32528
1 2139 7238 356
1 9641 27900 560
1 12107 16868 767
1 27199 30776 147
3 11362 20844
1 4312 11661 168
1 22745 26824 438
1 8710 27997 845
1 20905 22375 440
3 17098 32319
3 7048 17512
1 1681 31396 327
1 4660 11373 155
3 10235 13671
3 7451 18188
3 2315 23380
3 597 22558
1 5747 19358 575
1 6712 13453 538
1 4933 28047 433
1 19488 26743 25
1 6512 26221 423
1 3441 28979 731
1 46 31005 483
1 14070 17758 27
1 26169 29530 124
1 11658 23905 154
1 13438 14854 987
3 2780 18854
1 7092 21120 989
1 4876 5355 550
3 8318 24605
1 23227 31233 262
1 6424 8543 154
3 6057 24936
1 22835 31793 777
1 8766 24180 285
1 5299 27628 75
1 5484 8425 471
1 24010 25134 926
1 3893 20164 935
1 10537 23240 982
1 5728 5787 43
3 3243 32476
1 4994 17919 451
3 17207 23673
1 8327 28342 236
1 14855 31897 444
1 15354 23677 953
3 4290 24445
1 2178 12745 965
1 10454 18246 48
1 3285 19851 192
1 4079 23185 401
1 9478 20491 164
1 14753 27945 490
1 8185 26371 218
1 7814 8450 509
1 9712 15465 359
3 2336 23356
1 18087 30647 210
1 9757 17504 333
1 25651 29864 688
1 2966 29985 911
3 17491 30772
1 12118 18630 180
1 12680 31468 165
1 204 27546 298
3 24250 32408
1 19513 22179 297
1 25392 28106 98
1 1325 4399 277
3 8771 12785
1 25673 31008 849
3 13077 22294
1 14641 30116 640
3 15363 17617
1 8172 24647 467
1 1814 15140 826
1 3241 32520 947
1 7188 13608 593
1 8934 19717 178
3 14155 20520
1 7602 10233 48
3 17347 17991
1 13483 16027 541
1 4355 10878 728
3 27845 31074
1 4135 31741 591
1 10308 26680 765
1 13888 19825 548
1 1055 13629 318
1 3477 10027 860
3 7579 18306
1 30348 32076 177
1 2989 31559 482
1 1479 7613 734
1 1485 29045 586
1 8786 19846 922
1 6777 21147 85
1 14566 27578 401
3 14735 30128
1 16214 29905 760
1 2681 14122 200
1 19416 29124 122
1 31575 31940 128
3 6592 28036
1 23411 31016 770
1 6075 13750 533
1 18860 29726 358
1 991 16956 337
1 6159 21700 486
1 14859 14919 405
1 13176 23273 534
1 13480 28802 479
1 2379 26728 71
1 7085 31778 371
1 2825 29847 926
1 12560 29556 414
1 6637 30635 261
1 6159 11159 942
1 11701 31470 137
1 2564 27299 856
1 2370 31519 779
1 2766 31302 368
1 13760 25674 103
1 2393 11831 301
1 28511 31757 568
1 24201 27726 339
1 21518 27107 497
1 1801 22964 431
3 15106 30357
1 7459 19685 250
1 4213 14954 141
3 19093 28653
1 23438 29408 812
1 5103 11005 700
1 1874 7331 439
3 20302 20404
1 26356 26782 444
1 13176 19863 449
1 8535 31595 893
1 2619 8296 390
1 6153 15130 721
1 15605 24786 936
3 6240 9953
3 5555 14268
1 14367 22572 88
1 4977 26997 480
3 16256 20366
1 14697 31206 300
3 10284 19270
1 10661 22695 644
3 16967 32671
1 8332 24174 504
3 1882 30244
1 19835 24838 89
1 16905 25364 604
3 9139 24819
1 13808 15774 591
1 97 25851 261
3 14764 14898
1 709 32340 448
1 26883 31452 954
1 3178 31270 849
1 9600 11637 506
1 7788 15963 570
1 1404 4179 65
3 21334 30239
1 12926 16782 380
1 745 32351 797
1 21606 23087 227
1 5154 21710 75
1 18653 19738 737
1 23341 25398 313
1 5113 27142 919
1 29351 32373 53
1 759 21657 86
1 4050 5463 680
1 17839 29175 631
1 6782 20403 288
3 16997 31728
3 3291 16922
1 20930 24645 499
3 9820 10543
3 1705 7644
3 4583 28510
1 10389 21250 619
1 12469 16866 58
3 14251 22379
3 2690 16765
1 14753 15482 84
1 24842 27167 59
1 24128 32266 930
1 5635 6234 209
1 4021 24455 866
1 4236 19399 643
1 16634 30658 898
1 14842 28889 681
1 8408 14456 564
1 11000 29925 720
3 19908 25967
1 17392 29290 619
1 20604 26246 798
3 3747 5027
1 18212 32456 246
1 17265 23341 674
1 4011 29239 821
1 16291 31845 411
1 20232 23467 948
3 875 31298
1 30924 32014 922
1 4490 22591 714
1 2589 11129 691
1 7237 22188 616
1 11949 20622 651
1 4252 19368 411
1 7367 11708 997
3 6348 31744
3 7788 15614
3 12086 30095
1 3170 20562 864
1 17515 26586 34
1 3360 15650 412
1 13991 22807 369
1 7772 27878 505
1 10109 26284 174
1 3694 22278 121
1 24202 30619 53
1 11417 18556 253
1 10407 18852 210
1 747 27884 247
1 3758 28025 72
1 7654 10749 496
1 19583 25282 867
1 19714 25053 971
1 8889 14687 367
1 10978 19969 408
1 23031 24874 654
1 26809 30409 963
1 11376 29533 598
1 12376 29807 427
1 13790 21925 272
1 13507 24948 467
1 9186 31932 858
1 1714 26904 35
1 10766 19307 790
3 14609 26083
3 20686 21611
3 14698 28385
1 9104 21888 959
1 4140 11501 889
1 8403 14335 213
3 5165 21040
1 10730 12179 741
1 8185 26633 490
3 19067 24930
1 10687 32330 663
1 8989 20232 956
1 478 4711 729
1 20348 26043 458
3 9445 21819
1 20407 21652 758
3 8787 19662
1 27306 28120 549
1 12373 15744 988
1 5674 19051 828
1 22100 25484 287
3 5336 24652
3 5308 21502
3 20634 22105
1 2194 6905 637
1 19071 21453 534
1 17202 22775 677
1 12590 23981 493
1 5600 8022 365
3 5966 13427
3 23013 23028
1 17449 17541 563
1 25667 30216 460
1 24551 27727 302
3 27255 28969
1 17865 18924 88
1 9533 13665 694
1 6527 23702 810
1 2067 27357 441
1 13375 22051 755
1 10474 19019 223
1 8931 13723 329
1 785 26314 964
1 3769 28266 667
1 6934 7825 4
1 20295 30107 135
1 879 25929 635
1 17429 26385 954
1 2072 18283 174
1 18374 29034 596
3 5084 5113
3 12388 20450
1 57 6876 977
1 1061 13278 598
1 2289 20393 194
3 22605 27051
3 9252 10592
1 8531 27101 452
3 7387 18403
1 10774 16818 954
3 12305 24494
1 7080 24377 470
1 31899 32675 191
1 7916 28815 772
1 11403 27288 825
1 18388 19060 159
1 2271 30370 162
3 12601 31778
1 23420 30042 721
3 1529 9987
1 23920 24057 107
1 19486 29128 497
1 6877 8194 874
1 11691 17674 527
1 2225 22963 631
3 12475 14709
1 12716 21189 137
1 166 6227 836
1 17455 28748 524
1 3113 7435 483
1 3371 19044 84
3 15774 30892
1 11471 22875 215
1 15933 19707 990
1 213 6657 595
3 765 14687
1 22295 29004 412
3 3333 11585
1 4645 5796 170
1 6810 28010 222
1 2157 23061 455
1 28070 32428 158
3 7058 22722
1 18499 22558 351
1 10476 23272 128
1 22453 26860 880
1 7367 17077 380
1 6934 25015 844
3 8342 26674
1 20599 27044 10
1 11139 26545 808
1 15713 21742 743
1 3171 7477 544
1 18166 25780 521
1 29 25699 43
1 10481 22269 803
1 848 29256 366
1 5024 7888 945
1 20962 26051 272
1 28277 30892 205
1 2081 11616 475
1 1130 29985 611
1 14438 22717 975
3 13294 24540
1 11465 12045 46
1 4056 17714 678
1 19722 24325 34
1 1275 4738 434
1 30703 32048 666
1 25626 31913 637
1 6114 22197 813
1 2296 6155 366
1 2581 10215 332
1 143 18258 938
3 2173 9553
1 3653 13929 944
1 22914 27245 607
1 18142 28432 508
1 13810 17790 865
3 957 25904
1 754 12111 61
3 1754 1768
1 17337 31850 530
1 2869 19145 451
1 1445 14227 833
1 1504 8145 973
1 10633 15656 495
3 19280 31892
1 14101 30213 648
1 2424 12795 576
1 3310 19744 456
1 1077 4744 759
1 20900 32715 790
1 21038 26962 334
1 13400 28219 943
1 15322 25361 210
1 6406 9276 538
1 22341 25823 510
1 10617 19273 466
1 712 1155 80
1 8130 17161 904
1 2561 13942 23
1 18754 24911 439
1 4163 5747 339
1 346 6756 974
1 10825 24773 485
1 21475 24978 122
1 4393 12886 434
1 8810 26343 921
1 7853 24403 596
1 408 31950 800
1 2920 26646 834
1 11173 18582 414
1 95 31362 643
3 19236 31411
3 13751 22745
1 8367 27546 149
1 9023 13097 935
3 3912 22190
3 3050 6020
3 3520 9267
1 6373 14361 883
1 4553 8135 540
1 1831 10926 497
1 12125 12794 139
3 1521 31226
1 8449 18628 321
3 23387 27538
1 2045 5612 930
1 1155 19209 591
1 9606 18421 840
1 12632 21203 37
1 22895 31654 827
1 25150 32631 969
1 3477 22127 564
1 11221 16530 616
1 10383 13474 720
1 12506 19129 527
3 5127 14868
1 9527 11640 295
1 14041 18206 227
1 32435 32715 865
1 12100 27028 580
1 23716 31461 706
1 2537 13300 87
1 11987 12139 769
1 2615 25049 187
1 4235 20602 805
1 7523 12434 796
1 29085 32157 422
1 13116 26952 625
1 20894 23192 308
1 4497 20643 774
1 3238 30113 709
3 12294 28134
1 2515 3140 233
1 15241 27320 385
1 17860 24154 599
1 16957 17016 885
1 10099 13598 717
1 32 29021 237
3 10925 11019
1 11115 25792 850
1 9308 10617 406
1 13031 23875 581
1 3099 32621 936
1 3700 26326 570
1 4143 23086 742
1 1491 24454 182
1 798 6398 465
3 15161 24994
1 3097 18953 380
1 4095 28457 981
3 4659 15909
1 5729 29802 497
1 5606 11302 408
1 2059 10518 81
1 4031 20995 503
1 29737 31652 945
1 12685 22917 577
1 15559 20463 936
1 1878 12458 570
1 1594 14464 622
1 17525 23696 849
1 14804 18141 731
1 2349 30440 946
1 20018 30262 486
1 2750 10460 925
1 7061 27155 95
1 16849 32678 700
1 1351 14311 885
3 1257 13599
1 3084 8143 150
1 1308 17516 211
1 12877 18285 20
1 9515 17378 875
1 19471 22135 437
1 4561 13678 101
1 18073 26906 190
1 11275 16981 907
1 2378 8901 265
3 2807 19089
3 5867 20801
3 11386 23653
1 4287 11332 924
1 2652 21308 437
1 2035 18386 824
3 5868 32122
3 3189 12642
3 9446 28990
1 11649 25478 945
1 12847 29937 154
1 7978 12818 711
1 937 24393 258
1 16745 26500 649
3 5473 8447
1 14809 23728 815
1 4427 5352 274
1 662 27044 923
1 7443 11345 991
1 20865 21207 487
3 11419 27355
3 12678 28945
1 12214 14003 132
1 1020 30208 283
1 2718 5804 535
1 9176 9550 299
1 10458 19061 956
3 5818 16711
1 4540 31570 17
1 27489 28699 817
1 19833 22811 587
1 8283 22921 779
1 1297 16616 34
1 2946 23894 194
1 9108 14436 129
3 18537 30548
1 15819 24435 28
1 17091 32178 112
3 7822 23124
1 11023 30457 871
1 994 3612 260
1 17927 28682 321
1 9059 26078 950
3 18835 29632
1 18275 27485 863
3 2443 12948
1 10137 25226 931
1 6961 24672 436
3 8076 30698
1 14246 27391 849
3 15941 22986
1 11975 25245 658
1 5953 26740 832
1 1173 19334 817
1 6916 17731 733
1 13381 20043 431
3 14088 29344
3 12780 24224
1 3784 23489 199
1 13045 30017 615
1 17223 27355 275
3 10882 13485
1 765 826 693
1 17764 27486 931
1 10843 22691 432
1 2820 14153 300
1 24631 27096 659
1 24457 25590 276
3 1237 19501
1 12756 25950 917
1 8062 23406 781
1 1167 32657 551
1 278 25637 117
3 9696 21161
1 4209 31687 92
1 3934 14651 20
1 4394 14003 280
1 12292 32292 336
1 18622 19942 512
1 3935 19764 294
1 17490 30618 826
1 3551 5012 686
1 6595 26764 950
1 9092 28572 226
1 21861 24888 66
1 9935 21719 825
1 11946 21557 820
1 11860 30069 957
1 13436 29914 891
1 2519 29743 660
1 11217 29610 726
1 21508 23951 171
3 5874 29197
1 8118 8605 533
3 3194 21710
1 1004 30250 256
1 15417 32556 885
1 10255 25745 799
1 2219 11503 702
1 26892 28181 430
1 9286 28314 24
1 9946 32724 816
1 16432 21307 799
1 27553 31669 650
1 5265 12116 195
3 6831 7280
1 9442 13614 440
1 12479 29951 315
1 715 14857 728
1 23957 25892 870
1 14406 30534 470
1 16363 17274 265
1 12366 19130 122
1 20581 28090 28
1 11985 20514 335
1 11383 22311 448
1 1475 2826 662
1 149 11609 820
3 21624 26233
1 14362 22622 980
1 12393 32322 887
1 13577 22043 225
1 14883 18734 26
1 7567 21817 701
1 2284 11624 990
1 15509 27138 693
1 6909 18209 57
1 23083 25807 264
1 208 15109 270
1 23975 27368 524
1 4838 11118 211
1 27681 29457 985
1 15607 30779 787
1 2789 7693 700
1 10527 32412 733
1 5704 6864 742
3 9643 32327
1 5087 25170 595
1 2593 32414 384
1 3811 14862 203
1 12455 25770 525
1 5723 16964 451
1 23110 31115 964
1 9826 24351 741
1 3351 23002 533
3 5808 8137
1 3900 28482 206
1 19604 32406 873
1 2305 12236 637
1 13435 32061 178
1 30393 31281 590
1 16745 20355 415
1 19557 29119 774
3 13312 28850
1 9510 13369 137
1 22617 23021 643
1 26075 30670 45
1 9957 18634 922
1 4287 17735 725
1 11676 23546 274
1 6479 12400 87
3 2603 20193
1 6116 32222 714
1 14551 15846 740
3 2256 3589
1 4248 23790 296
1 6131 31091 381
3 24096 29603
1 17603 18358 666
1 16498 20531 509
1 6299 20338 362
1 6567 13806 975
1 1692 21743 478
1 19199 21758 653
1 7219 22619 198
1 10154 17450 216
1 10252 28190 638
1 337 9912 709
1 1470 5673 596
1 2957 23542 199
1 10771 12982 565
1 6836 13165 908
1 6240 30188 832
1 3143 22386 819
1 16524 18133 826
1 22151 28819 852
1 8822 16638 105
1 21074 28345 816
3 3774 30376
1 14003 20999 924
3 2428 2663
1 23546 32041 731
1 14516 18027 305
1 21213 24087 496
1 9168 29537 977
1 1936 23042 345
1 18632 22108 213
3 2618 5019
1 3223 19338 415
1 10954 31398 530
1 8807 16102 684
1 16427 21341 37
1 27233 29812 986
3 10571 13811
1 19713 28323 673
1 18115 25786 495
1 15175 31269 916
1 9381 31968 41
3 11178 27171
1 3255 12055 450
1 13377 31293 933
1 15028 21114 208
3 8749 32233
1 19061 22178 322
1 8786 15494 272
1 8723 15945 876
1 2118 28624 789
1 5601 31431 745
1 9277 11834 130
1 9707 25304 579
1 2746 4996 323
3 12278 22834
1 11470 15562 920
1 17500 20295 688
1 2740 25813 512
1 5169 19528 194
1 4263 10271 280
3 10272 18118
1 19454 21952 102
3 6845 17401
1 1742 28576 774
1 14551 17780 986
1 1186 27089 975
3 28970 29653
1 6893 22154 754
1 23617 26787 849
1 3547 25101 437
1 23968 28557 761
1 6436 10054 304
3 13664 27801
1 22917 30860 837
1 24301 26090 260
3 5117 20018
1 1357 15129 421
3 7259 29917
3 3495 27508
1 7668 18687 958
3 10837 32166
1 1729 19881 669
1 4163 20495 626
1 15056 27613 863
3 3401 12453
3 2133 29248
1 4630 17631 690
1 16465 22809 889
1 5847 30638 409
1 2614 27106 668
1 14859 15748 56
3 25729 26652
3 24866 28420
1 14520 20513 422
1 1607 18469 632
1 25921 29058 820
1 5885 8863 600
1 3758 17821 894
1 1429 31126 569
3 6007 24864
1 14811 17949 539
1 6830 18478 700
1 22404 25923 150
1 5981 7114 100
1 16330 32215 104
3 2104 10038
1 11013 20487 588
1 11899 22105 112
1 13893 24323 73
1 295 17302 269
1 17220 18431 446
3 27857 30482
1 22603 28949 404
1 10535 12968 3
1 6409 9172 449
1 18048 24273 27
3 13076 31833
1 25693 31938 821
3 11549 30449
1 26243 26833 391
1 6019 23885 373
1 856 20853 984
3 10056 21233
1 7155 21197 302
1 8904 20618 333
1 239 6197 594
1 1580 22645 391
1 10575 24613 48
1 14069 27334 194
1 28410 32714 477
1 9027 18939 993
3 16209 30634
1 8382 26188 115
3 6745 23887
1 18037 29407 480
1 11453 26673 381
1 14952 17596 774
3 7786 8014
1 16498 21011 492
3 15641 21008
1 12097 31606 705
1 1964 11998 888
1 9456 16065 469
1 9007 11137 669
1 21390 28473 651
1 6349 29793 798
3 26314 27391
1 1791 21065 817
1 7358 20223 611
3 3338 31632
1 5764 17542 253
1 4004 24035 176
3 3115 19674
1 8328 31481 598
1 757 6665 111
1 11080 18687 125
1 14284 27630 599
3 4929 10077
1 2661 14230 24
1 10746 22134 65
1 20371 26836 441
3 10493 18878
3 8892 10391
1 23191 24741 260
1 13616 26925 515
1 13465 22875 571
3 2615 10624
1 9355 28311 843
1 20903 30697 391
1 6473 25249 151
1 12145 16560 611
3 6998 29485
1 4151 14515 462
1 17586 23106 430
1 9070 17913 314
1 6197 28913 141
1 15579 15878 134
1 3043 13157 731
1 2294 19419 677
1 15509 32330 485
1 249 30096 464
1 8689 28375 87
1 4391 29965 538
3 3818 4432
1 6877 32409 366
1 3575 19831 65
3 2308 21639
1 15203 15701 763
1 5970 15250 835
3 9130 22478
1 13606 27812 893
1 30013 30465 763
1 1255 24155 115
1 11488 24580 758
1 16501 27177 397
1 1568 7700 143
1 7409 14616 840
1 9688 13601 727
3 9074 17977
1 8314 14118 806
1 5683 31576 760
1 14961 31213 524
1 21728 31248 279
3 14276 24916
1 9083 19102 353
1 4858 23620 965
1 7647 15186 692
1 303 23097 591
3 20113 30572
1 10767 21045 657
3 17576 24388
3 1346 29501
1 17124 23164 460
1 2602 32460 842
1 18942 29073 490
1 25601 31315 280
1 8385 31820 282
1 4531 7587 838
3 22543 27467
1 4156 5972 933
1 9583 30224 353
1 3589 22132 968
1 14784 29870 963
1 11875 19809 530
1 21016 28493 91
1 2833 16214 219
1 20783 27111 587
1 11990 23742 94
1 7055 13920 395
1 884 12354 238
1 8584 13709 764
3 20002 23881
1 2695 8813 237
1 3099 27904 177
1 9673 20676 965
1 3992 11590 492
3 11833 19933
1 12609 22514 436
1 2886 3536 473
1 12294 29243 726
1 24987 29711 217
3 4345 28597
1 1876 31166 894
1 4524 25060 783
1 19225 31059 188
1 11723 19114 705
1 13197 24551 532
1 14921 17042 610
1 26299 30538 78
1 8814 20349 759
1 23124 25603 90
1 1232 10710 360
1 25 2014 282
1 19669 25107 841
1 665 13361 162
1 19923 25742 211
1 19770 28886 343
1 17873 30154 288
1 17417 29523 926
3 9417 18991
1 24640 31484 369
1 12916 12973 998
1 10827 20074 774
1 658 7810 33
1 21736 26790 253
1 4413 22655 15
1 5272 22663 503
3 11270 24105
1 28188 29318 724
3 3946 5648
1 20330 31351 558
3 5731 22450
1 10779 20383 569
1 15545 28627 377
1 11537 27276 141
1 9336 14824 650
1 11477 24637 407
3 12008 25103
1 29997 31803 684
1 3563 27324 971
1 6257 17177 251
1 9744 28490 485
1 1436 5516 266
3 5744 27900
3 24812 25752
1 9531 30250 223
1 2611 15863 376
1 13012 13229 881
3 166 20251
1 1058 17474 561
1 282 25270 15
1 11000 18537 899
3 2132 24905
3 13384 24939
1 3829 29491 374
1 1007 25018 974
1 28368 30833 849
1 13118 13305 888
1 5594 10127 260
1 12499 24697 987
1 20292 24596 427
1 7984 29916 100
1 26872 31589 377
1 8759 27004 656
1 22105 24839 666
1 28749 30536 13
1 9247 10689 656
1 20307 25035 830
1 11227 25372 190
1 16079 29699 666
1 3734 27580 904
1 617 31970 614
1 28160 28986 17
1 7118 15472 942
1 1943 27640 834
1 6230 23841 536
1 22568 29345 346
1 1327 9898 658
1 13000 31279 233
1 55 29738 111
1 8061 11843 500
1 25559 28489 430
1 9147 16298 212
1 2921 4829 931
1 17979 22404 711
1 18904 23354 236
3 3492 28566
1 30898 31067 752
3 28249 31617
1 1220 12519 644
3 11391 12044
1 6636 12224 43
1 7283 23029 379
1 2642 16908 287
1 16911 19927 657
3 1077 6332
3 70 10877
1 8382 11977 965
1 11924 25833 333
1 19975 22933 1
1 390 12707 438
1 7557 21837 302
3 6633 10013
1 19853 30937 622
3 20877 30833
1 12888 31339 743
1 19074 23194 341
1 26201 28968 562
1 14741 25986 485
1 7185 10945 968
1 1905 2455 568
1 11812 28776 892
1 14474 21687 941
1 17556 24998 589
3 1649 27864
1 29673 32701 248
1 3621 25827 358
1 9844 20063 555
1 4501 8737 633
1 23672 28203 429
1 4569 12139 617
1 15836 16408 808
1 903 20913 740
1 11241 17103 268
3 4183 10076
1 5261 24780 647
3 4796 8023
1 7513 8440 643
1 22464 29162 310
1 21539 25938 315
3 4559 7081
1 27330 29788 826
1 18446 19663 904
1 2820 6036 509
1 17038 25578 356
1 5619 24657 756
1 18260 21295 245
1 1216 15440 844
1 1544 31013 730
1 22296 25612 260
1 6977 31256 783
1 18846 24389 506
1 2765 28887 872
1 10757 19423 598
3 22819 24641
1 29971 30257 791
1 1366 5590 293
1 13303 28305 826
1 5720 7275 686
1 1744 2384 662
1 694 27392 480
1 14371 20161 472
3 21564 23054
1 24250 32146 249
1 5798 21361 448
3 20570 27367
1 2672 31333 855
1 7241 11018 458
1 2390 7845 209
1 2721 12156 663
1 5044 25514 773
1 3213 26085 473
1 27543 30647 62
1 9257 24769 724
1 20636 27603 722
3 8371 24900
3 13474 26392
1 19191 31442 170
1 12325 21002 25
1 17812 18577 881
1 25214 28897 7
1 17732 30585 244
1 10126 26177 716
1 6919 29883 332
1 21157 31035 599
1 11511 24202 434
1 531 21367 166
3 3771 4771
1 16064 29569 491
1 4646 20876 927
1 28913 30576 909
1 27048 30142 909
3 19340 29442
1 4567 27770 770
1 5666 5778 242
1 13260 19411 176
1 10342 30275 8
1 14614 25816 388
3 712 7423
1 24373 31354 417
1 20053 27997 875
1 1508 3480 161
1 19561 26354 954
1 22300 22881 110
1 12180 12919 984
1 8779 30073 357
1 8696 15894 652
1 19823 26665 534
1 9042 18710 664
3 20141 26573
1 4740 30760 362
1 22730 22755 779
1 10260 20313 170
1 4002 9389 764
1 171 22586 641
3 13899 16161
1 17172 24367 230
1 16691 17200 86
1 15763 17584 424
1 1494 22436 944
3 17973 30957
1 6519 27705 603
1 4554 20577 470
3 9079 28665
1 2508 19125 37
1 3554 16656 813
1 24250 31100 420
1 12593 22684 750
1 1675 14798 281
1 450 11510 197
1 1935 24843 318
1 18514 29772 730
1 19281 27281 158
1 8828 31400 62
1 24129 29457 541
1 7271 13121 593
1 6544 10675 130
1 7038 22720 188
1 11998 16231 132
1 17832 28939 688
1 27907 32031 521
1 17222 22085 341
1 19237 29619 624
3 13459 27760
1 34 29760 915
3 10516 11192
1 2791 12286 549
1 11056 16708 70
3 21242 28402
1 18346 24670 580
1 16515 19731 235
1 10376 24448 204
1 2311 13216 117
3 4623 17022
1 3986 21197 274
3 2115 19599
3 10422 16876
1 1180 2377 605
1 11173 20071 596
3 184 7732
1 16523 25066 234
1 18765 32308 743
3 1116 12200
1 15670 29219 577
1 22824 24299 432
1 2913 21983 829
1 12021 28926 388
3 18517 31105
1 1074 23964 571
1 615 7165 396
3 16470 30407
1 8408 21772 492
1 11722 31879 99
1 1852 8510 998
1 1773 24510 64
1 11432 28398 19
1 22196 23916 802
1 11861 28268 43
1 3214 27078 303
3 5315 14773
1 11950 26260 586
1 18972 30926 611
1 14473 21360 143
1 11841 22388 685
1 2396 6070 923
1 11673 23377 114
1 3857 25252 570
1 8680 12503 665
3 2623 30372
3 18816 32385
1 12961 18474 565
1 13238 19690 411
3 11578 25558
3 4779 9141
1 6086 21626 413
1 5514 28903 781
3 1304 17783
1 13259 18925 973
3 12337 20600
1 16436 31899 766
1 3195 22551 374
1 4194 8410 570
3 26024 28628
1 439 15405 823
1 20615 22633 154
1 4846 9603 114
1 17798 24680 585
1 7613 8036 339
1 619 24670 346
1 23601 25299 513
1 13787 27984 394
1 22520 27435 724
1 8809 14286 551
1 21607 32529 891
3 7938 28294
1 8256 13414 576
1 7131 7658 304
1 1291 5821 348
3 14 27846
1 12560 14862 228
1 10120 29207 953
1 12034 19372 299
1 4559 17133 255
1 5039 6560 558
3 18326 20352
1 18449 28252 53
1 15866 28448 568
1 10505 30331 342
1 24141 25317 845
3 14104 14810
1 6229 21729 66
3 3836 18946
1 6287 10162 818
1 8376 8741 626
1 1556 30372 995
3 15470 30753
1 20581 21029 462
3 27674 30825
1 10383 18475 284
1 6665 31598 490
1 18496 22666 104
3 5585 21961
1 2851 4402 764
1 16594 29040 319
1 15224 30444 203
1 3133 27605 198
3 3132 11469
1 19145 29639 752
1 5090 31112 703
3 2038 5392
1 6908 10500 899
1 624 28184 978
1 4531 26828 145
1 28088 28389 255
1 6730 17435 32
1 5262 5935 14
3 4236 15228
3 5229 16590
1 23045 30931 436
1 2804 22257 124
1 6331 7891 519
1 22348 30854 218
1 5690 18309 647
1 23417 31955 387
1 424 2307 937
1 20056 29140 167
3 14299 27566
3 5887 19443
1 16047 27306 765
1 17340 30624 933
3 19206 30674
1 2189 31852 356
1 11812 32692 484
1 6351 23992 109
3 6034 30872
1 2938 8737 791
1 525 32066 976
3 11875 29418
3 9190 26786
1 6965 32071 627
1 19928 32200 138
3 12036 26179
3 11153 22414
1 15665 22963 248
1 7551 27199 627
1 25605 27690 288
1 3856 24447 332
1 17580 30855 740
1 10275 24474 981
1 1551 17895 750
1 22252 26427 924
1 20025 23224 974
1 3590 12956 987
3 15717 17584
1 10258 27807 529
1 7674 32406 30
1 31391 32230 581
1 24772 30880 654
1 2942 17431 201
1 27863 29944 184
1 20270 28193 886
1 2698 27906 281
1 24967 30704 924
1 20982 23093 513
3 980 31575
1 13980 32367 618
1 11674 25099 39
1 6409 19797 562
3 15794 21217
1 184 11063 317
1 26396 27405 97
3 21771 27192
1 6808 18120 488
1 16554 31986 148
1 18224 20550 870
1 4925 7953 906
1 6406 17680 949
3 7937 8115
1 22720 22923 554
1 5062 13472 726
1 4900 9881 499
3 7124 22041
1 15569 32026 487
1 9597 30841 905
1 13741 15660 894
1 11232 22026 813
1 9211 11949 323
1 15494 29651 596
1 7192 21252 465
1 23926 27408 947
1 4653 5510 247
1 21350 27010 3
1 19254 25963 160
1 879 19138 952
1 13507 18704 217
1 4396 21788 739
1 98 3467 175
1 25793 28303 169
3 7384 30836
3 13942 24131
1 4034 12784 530
1 8627 25980 571
1 10946 30603 240
1 5437 23632 171
1 10089 31588 417
1 27028 28559 44
1 3426 6355 553
1 995 27440 354
1 4606 17033 692
1 16771 30068 803
3 13948 14139
1 4421 8426 495
1 2726 19819 201
1 5032 27375 700
3 30535 31301
1 2069 24726 753
1 30594 32669 584
1 304 14640 125
1 2525 7634 598
1 3572 8076 17
3 12770 30501
1 14723 32156 40
1 12661 28228 522
1 16796 24888 431
1 10487 14598 315
1 7009 27045 985
1 768 9080 949
1 1321 8295 65
1 13764 24559 670
3 4692 28946
1 23841 26762 130
1 2099 14107 721
1 1117 31151 564
3 11797 12720
1 10087 14812 490
1 471 10824 171
1 338 21800 937
3 9670 27494
1 12472 29580 704
1 2137 24153 235
3 4375 25579
1 17893 19287 286
1 1014 16591 194
3 1546 12381
3 3569 13017
3 22418 29959
1 32259 32287 807
3 11273 20498
1 2852 5777 115
1 11879 13148 957
1 2319 3105 800
1 5459 6971 16
3 23221 32184
1 11065 22815 303
1 25209 29892 828
1 3400 17121 78
1 355 31610 738
1 15329 29253 346
1 17871 32491 348
1 3334 29832 281
1 10340 18763 728
3 16072 20175
1 9988 24956 8
1 24285 29108 12
3 2005 4813
1 8651 31859 655
1 15488 17736 876
1 6054 31496 929
1 17356 23745 212
1 13614 24930 375
1 20164 25292 748
1 15106 25256 522
3 25224 28879
1 5575 20045 265
1 11942 12078 449
1 9557 14411 125
3 3451 9560
1 22475 30199 754
1 5259 20318 793
1 28585 30120 243
1 19941 26672 62
1 8052 17110 919
3 14336 15183
1 2239 21762 609
1 2491 27017 83
1 15205 16782 663
1 19722 22964 911
3 9984 13841
1 19686 26133 361
1 26106 30333 84
3 8913 28850
3 9568 23625
3 5700 7141
1 27810 27877 749
1 8606 13422 156
1 29938 31296 676
1 7359 27251 170
1 20179 24808 155
1 2233 11761 391
1 20045 24052 341
1 11131 12132 182
1 10567 32498 974
1 25913 29400 721
1 14001 29119 106
3 4227 11993
1 2359 16587 742
1 4197 14403 676
1 22630 29318 896
1 24691 29125 851
1 16242 23588 982
3 2120 21123
1 9931 19902 957
1 20245 24146 934
1 4744 14373 315
1 19999 20475 746
1 2843 23402 854
3 4590 19947
1 14347 16037 580
1 19727 24507 636
1 18556 21175 503
1 10435 26281 886
1 15859 16522 70
1 22154 24769 887
1 21872 31495 456
1 8115 18939 98
1 4354 18307 114
1 11190 11549 906
1 27578 27849 650
1 5141 25310 251
3 6466 13953
3 8586 14273
1 13938 25475 902
1 3818 29883 42
1 6288 13739 60
1 10828 30184 77
3 6401 12811
1 7728 22892 817
1 2730 25276 287
1 21029 31378 372
3 14114 19953
1 15324 22046 806
1 972 28252 214
1 13895 31878 500
1 4091 6779 445
1 18192 29750 117
1 4655 14371 882
3 8518 24880
1 4763 18463 941
1 7264 14426 240
1 2380 17466 921
1 3554 21600 863
1 1065 9670 32
1 609 32178 949
1 11498 31766 437
1 872 17437 476
1 2335 4868 381
1 14635 19615 134
3 4774 10604
1 10306 31995 779
3 5442 8246
1 3517 9689 671
1 13925 28740 639
1 10521 19589 258
1 27829 31204 479
1 5880 32232 993
3 14127 19496
1 19609 25554 249
3 10626 31374
1 4061 4588 385
1 2119 23983 779
1 1818 27711 86
1 6312 28078 999
3 11325 19530
1 4289 9538 748
1 24679 25911 681
1 19576 32496 914
1 18485 30739 176
1 22945 28740 953
1 20817 31721 180
1 9168 11482 57
1 5735 28469 892
1 25648 28008 283
1 17011 27742 46
1 23678 24526 175
3 4094 17779
1 17449 20663 653
1 14163 17325 182
1 1441 8892 799
1 700 12516 846
1 1806 27333 771
1 7825 20042 651
1 4245 20184 621
1 13788 14510 595
3 25016 30392
1 14147 26318 616
1 9025 13637 439
1 13965 20133 267
1 20420 28023 960
1 26812 27516 684
3 30273 32597
1 17713 32259 292
1 1276 13421 74
1 4778 10472 428
3 1097 2045
3 5910 15289
3 24209 32652
1 1834 7026 337
1 5892 26742 449
3 5935 10311
1 14439 22505 544
1 183 13007 722
1 1228 31644 221
3 3791 16589
1 16335 20135 179
1 2470 11264 346
1 10288 16866 319
3 9821 24450
1 5558 16458 79
1 3076 30754 410
1 10609 17978 983
1 8518 15685 719
1 15136 29847 604
1 704 7112 347
1 15940 23925 749
1 1032 28629 926
1 1963 29616 53
1 10651 20039 253
1 10409 22200 740
1 9160 24765 610
3 24470 26897
1 7044 13835 636
1 19754 32582 504
1 1173 24700 995
3 9249 12844
1 13789 24619 346
1 282 12758 47
1 2603 24777 762
1 12928 14937 973
1 10689 24999 944
1 20514 25718 467
3 1972 8865
1 14332 32461 535
1 20320 28974 861
1 16103 24458 175
1 7987 18629 576
1 13409 21914 583
1 8079 26929 190
1 1383 25639 424
1 9073 30809 700
1 4161 10569 839
1 12054 18589 62
1 18990 21340 484
1 10358 13146 681
1 7631 15757 916
3 2125 21217
1 21970 26966 637
1 4143 5126 3
3 23440 27845
1 3603 22866 269
3 1517 5464
3 2485 14712
3 11066 16090
1 6097 25875 179
1 8183 24311 925
1 3374 14734 239
1 12946 30738 59
1 25635 31091 776
3 22716 32345
1 5778 7493 14
1 20666 29209 187
1 3923 15100 782
1 18478 22296 681
1 15140 22673 919
3 4404 20424
1 11444 16889 446
3 22634 31463
1 4171 30548 125
3 25765 27758
3 4151 15549
1 6984 32556 856
1 11890 14682 631
1 3499 13373 329
1 20264 22106 115
1 5217 21740 953
1 20111 25790 931
1 18841 20496 4
1 9323 25248 140
1 13880 17468 201
1 19469 28294 146
1 256 5025 604
1 16079 32742 552
1 15047 15061 517
1 10344 17870 202
1 17059 28580 111
1 4461 28521 532
3 21662 30048
1 5209 20770 930
1 2972 21187 54
3 8469 14337
1 18534 20364 144
1 23340 28616 454
1 31344 31946 624
1 13431 23676 372
1 2178 30150 7
1 6518 13441 420
1 10651 21454 236
3 16867 25702
1 17795 31750 571
1 13922 29990 373
1 12265 30396 28
1 19494 29219 200
1 13778 25034 113
1 935 29273 654
3 4689 4791
1 10816 16023 732
1 3538 16233 590
1 4200 6962 330
3 13435 29933
1 1376 25490 372
1 7965 12211 458
3 11370 22912
1 31536 31669 296
1 4388 12055 425
1 12783 21044 421
1 847 13516 550
1 11131 31130 774
1 15880 21899 376
3 21706 27244
1 2105 20607 493
1 3601 7795 565
1 2043 26882 110
3 4436 19042
3 14209 26467
3 51 14941
1 18149 19397 418
1 22159 23768 503
1 6616 8129 385
1 13145 18689 819
1 4133 13876 747
1 3888 31933 864
1 11150 23846 122
1 14858 25242 678
1 1052 15501 10
1 8370 18952 878
1 2729 11976 76
3 18344 30589
1 15191 17903 343
1 6484 27922 702
1 13719 30736 272
3 11546 13694
3 21208 29244
1 7253 23452 908
1 8221 24637 988
3 1192 1748
1 14224 28892 569
1 6341 11537 212
1 11175 13912 977
1 2172 9472 765
1 4864 30652 360
1 23226 24553 644
1 9000 21880 126
1 26139 30761 482
1 28164 30810 892
1 213 26298 612
1 9630 14533 753
1 6353 17948 377
3 13988 20274
1 336 21164 302
1 3804 29416 674
1 25995 30230 330
1 19281 19422 941
1 7883 19897 576
3 7457 14087
1 2838 10501 7
1 12823 18686 774
1 3685 27642 211
1 10121 28133 696
1 10664 27256 481
1 8503 14811 898
1 18289 30730 128
1 16257 20218 480
1 9413 15163 230
3 3936 15797
1 14415 26033 372
1 1271 30268 506
1 9751 20402 393
1 5070 21568 277
3 6411 24786
1 11614 19846 256
1 4203 8917 859
1 3414 12381 374
1 7445 11398 587
1 30565 30824 708
3 1249 14792
1 20776 23450 820
3 26281 28343
1 3040 23337 811
1 46 3681 651
1 8612 32299 855
1 15301 28872 890
1 2718 10341 708
3 1757 21597
1 1730 16831 717
1 19313 22428 367
1 13335 31327 745
3 23100 31800
1 1222 11435 323
1 11609 28361 700
1 7348 24750 388
1 2971 29284 57
1 21960 25604 947
3 23593 28446
1 18639 22344 27
1 11787 27306 777
1 3077 9373 455
1 29060 30636 970
3 14293 23927
1 21235 23201 68
1 9277 22737 297
1 15439 20291 239
1 6375 16545 807
1 18766 32354 173
1 502 2182 704
3 16684 26549
1 1544 24152 481
3 11024 29614
1 7449 29566 948
1 30151 31721 860
1 13452 25835 476
1 8234 29808 957
1 25182 32572 818
3 17852 21800
1 2439 24829 475
1 1856 15542 610
1 2133 19001 153
1 10506 15666 472
1 1049 6116 108
1 8275 18554 989
1 15213 22198 430
1 7739 11691 996
1 14540 31515 354
1 11646 13659 36
1 4773 14372 771
1 15210 24489 177
1 6334 18722 205
1 3512 5471 697
1 7438 32719 586
1 7395 21663 560
1 29843 31347 582
3 19012 25026
1 9373 12282 577
1 3965 16868 307
1 12278 16617 821
1 20893 30541 198
1 7033 26426 716
1 19508 29156 375
1 8212 24689 323
1 7306 10931 395
1 5595 16229 234
1 6118 15542 483
3 28451 29733
1 12689 31342 505
1 2435 3326 51
1 14579 28911 211
3 919 10195
1 19525 21933 482
3 4829 10272
1 3254 11729 930
1 15644 19293 202
1 12938 18931 285
1 13882 17668 688
3 19142 22046
1 19481 32052 562
1 11530 17494 456
1 8618 30146 787
1 5475 10054 686
1 4985 10084 909
3 7508 11233
1 13737 14856 95
1 11651 31270 521
1 11855 25178 989
3 16293 22001
1 18848 26507 268
1 2068 8838 777
1 5336 8107 185
3 11666 29382
1 2971 9077 142
1 598 21192 736
1 3052 13716 354
1 104 16446 676
1 15392 30536 596
1 1691 24935 275
1 19835 29453 982
3 27311 29745
3 24742 29496
1 12921 23332 297
1 6802 8815 31
3 23639 26308
1 2470 30646 254
1 11245 19822 868
1 4448 26406 755
1 1509 26263 340
3 2298 28464
1 4529 7040 106
1 4906 15258 648
3 2083 8055
1 29245 31682 66
1 1267 7093 245
1 17258 18362 347
1 14949 30905 417
1 10923 12062 289
1 10601 18266 655
1 16746 20736 464
1 6568 31753 343
1 25105 29549 682
1 3134 14140 284
1 5369 18811 77
1 1788 7470 847
1 6908 31670 986
1 6374 21597 882
3 10800 24169
1 5133 6911 956
1 764 28752 161
1 12589 17090 162
3 14550 26804
3 1076 27473
1 6240 22608 229
1 2899 21632 383
1 29362 31683 411
1 18223 24713 925
1 14033 23460 400
1 9502 11802 55
3 2424 25151
1 3775 21191 2
1 16820 30744 37
1 4366 24497 660
1 3453 32085 848
1 2736 19653 764
1 21894 25451 265
1 7141 17370 666
1 9017 28197 330
1 11588 25960 653
3 25516 27157
1 4910 5803 463
1 25577 30853 141
1 4711 30032 362
3 543 1814
3 18674 30909
1 2107 10985 78
1 6063 22811 234
1 18403 28119 481
1 16151 19621 904
1 9583 16187 915
1 17212 21675 411
1 13950 24281 451
1 7424 26841 163
1 302 4111 692
1 13224 19988 188
1 11586 20398 269
1 12741 22666 570
1 16248 24484 353
1 3985 22615 727
3 178 1747
3 4908 10375
1 8027 10278 525
3 5253 23398
3 9124 11810
1 9476 15501 222
1 1110 24803 962
1 5466 27098 783
1 11997 16481 420
1 13268 30015 783
1 5358 30716 445
1 24477 26060 706
3 1601 31970
1 4298 18743 552
3 1369 29497
1 5476 20337 702
1 15618 32477 559
3 4346 9754
3 2820 21465
1 7556 21908 54
1 17285 30678 347
1 158 2266 186
1 2506 14595 258
1 2753 20754 991
3 14405 20431
1 3305 17527 4
3 7432 31862
1 16579 28547 923
1 15272 24770 577
1 27591 32312 284
3 6937 25312
3 8421 8970
1 22890 28665 419
1 287 6045 360
1 19133 27605 312
1 22825 25662 672
1 7090 30147 457
1 6706 18549 976
1 253 19222 115
1 1415 17256 446
1 15768 31091 926
1 8537 32112 390
1 12363 18506 977
3 2649 7554
1 10330 30475 144
3 4479 18666
3 7268 19156
3 18355 25481
1 3042 18892 172
3 16048 19210
1 1290 20695 314
3 7331 29789
1 3581 5466 537
1 11567 24746 842
3 4729 32328
1 144 18908 996
1 13223 22550 285
3 14622 28560
1 18459 30277 322
1 5148 20152 936
1 16023 23294 724
1 21511 24032 521
1 10291 23000 223
1 5193 30948 360
1 14276 20260 185
1 13297 14406 154
1 10561 16556 194
1 19014 32363 245
1 10623 27891 967
1 4758 13003 293
1 131 30691 354
1 21981 24386 295
1 21274 24630 207
1 4652 28598 690
1 5514 9160 344
1 2092 27528 25
1 22150 27549 378
1 4691 17767 491
1 12357 29132 31
1 11618 22988 547
1 11939 21090 458
1 6318 13752 952
3 9311 19744
3 21506 29442
1 19205 19661 537
3 4647 22104
3 5789 24610
1 17301 19557 374
1 9712 14684 370
1 8035 26513 378
1 13779 24033 611
1 7741 20774 314
1 13044 15862 602
3 5666 21404
1 7548 15905 286
1 18846 29031 149
1 17976 22965 449
1 906 25298 805
1 4578 25176 787
1 11429 31360 561
3 5647 32701
1 7614 21045 277
3 7490 16360
1 9431 11384 893
1 18820 21615 888
1 2634 25820 622
1 4664 24624 798
1 1412 19281 883
1 399 26158 887
1 22297 22944 178
3 19730 25657
3 3522 9964
1 7503 21315 626
1 1288 5187 479
1 1991 19131 852
1 28068 31023 982
1 13981 23420 655
1 5328 9702 963
1 6016 32506 293
1 21517 32484 355
1 605 22243 688
1 2844 14943 600
3 15995 27394
1 1913 7587 536
1 9157 13635 1
1 15272 22919 73
3 825 26238
1 28310 32481 924
1 20332 31044 553
1 4724 13632 109
1 19134 22776 565
1 5681 19064 652
1 4193 12796 324
1 10625 12182 749
1 8844 23320 93
1 10452 27682 393
1 2886 26614 282
1 19425 27287 604
1 12663 16158 571
1 3159 27822 743
1 5370 10456 265
1 2435 25275 846
1 1815 16826 772
1 11758 24844 219
1 13330 31763 686
1 6225 12796 730
1 20989 23584 526
1 19655 32695 203
1 4661 20871 941
1 22352 27839 995
1 14626 19101 108
1 31847 32334 955
1 6880 17082 660
3 1291 19291
1 1590 31838 966
1 20761 32305 166
3 5012 32608
1 184 32379 856
1 13955 30065 615
1 22101 31341 347
3 16176 28611
1 28072 29277 606
3 20420 29356
3 6103 19468
1 22660 30459 137
3 18240 24389
1 2769 24166 563
1 24532 25975 826
1 814 32472 333
1 5251 6297 358
3 13945 26083
1 19200 27352 126
1 5917 27337 154
1 1952 8177 433
1 3577 19790 933
1 16851 24326 813
1 7953 13351 842
1 16571 21741 366
1 69 9783 175
1 7383 28277 569
3 78 3678
1 3155 17661 2
1 225 30404 663
1 22674 31011 73
1 20167 27115 345
1 19931 25760 17
1 13818 18091 783
3 5639 30992
1 3653 31668 547
1 15316 18865 167
1 6588 16440 339
1 13934 31425 561
1 16814 25986 445
1 2056 24434 474
1 891 31895 578
1 2849 5844 485
1 12665 21915 500
1 4112 9657 773
1 10241 12747 522
1 645 26670 629
1 5622 16877 783
1 5653 23544 434
3 24646 27098
1 208 15031 783
1 118 10567 405
1 3471 21559 711
1 3205 16562 600
1 3145 9934 351
1 8311 9420 608
1 984 21859 787
1 7093 18636 947
1 23493 30888 34
1 2144 20775 115
1 17377 31359 776
1 9458 15603 757
3 9260 18705
1 18152 20980 687
1 22834 31439 706
1 12609 29916 702
1 5138 7403 163
1 22899 23298 847
1 4570 5693 764
1 181 23989 162
1 10698 32729 461
1 997 30197 600
1 7523 20324 713
1 20387 30550 183
3 5321 14784
1 13933 28243 356
1 10573 24939 482
1 12213 14391 232
1 23128 27810 878
1 16037 24913 821
1 19940 22169 586
3 24593 29507
1 19063 26127 833
3 11893 14097
3 381 18189
1 2129 3183 418
1 14173 22750 421
1 140 22530 621
1 12321 16844 705
3 1704 20221
3 21099 27093
3 9743 30029
1 25026 29008 556
3 7621 17906
3 8593 22009
1 4638 18289 372
1 20103 32686 629
1 26930 27817 752
3 6390 22176
3 12526 31159
1 10330 10470 940
1 19119 22847 426
1 11424 14806 318
1 10041 23862 884
1 18093 19180 178
3 13830 30109
1 10859 29342 703
1 9326 14358 239
1 18082 28567 140
1 8687 27524 151
1 17381 22109 439
1 8164 32593 177
1 8974 17790 678
3 4894 31195
1 1101 28633 713
1 19622 20167 757
1 1317 22112 295
1 458 10900 545
3 4428 27243
1 20919 27848 799
3 27162 31644
1 5674 21922 796
1 1776 31525 976
1 14340 17178 818
1 4598 32596 716
1 16583 25651 799
3 2271 27526
1 22691 27252 242
1 9862 23740 270
1 25679 26782 770
1 29472 29762 719
1 12508 23857 24
1 14599 15158 320
1 2948 26315 427
1 23480 30909 56
3 18594 31295
1 5417 25848 820
3 16521 21655
1 11013 29044 391
3 14387 27887
1 99 24106 937
3 30338 30848
1 3557 16250 895
1 23645 28615 81
3 4501 28992
1 26575 30647 104
3 10001 27315
1 2439 4507 948
1 17787 24867 67
3 5467 9333
1 8074 10283 13
1 26457 31206 445
3 203 11858
1 3877 31806 944
1 4410 18554 407
1 1407 19710 396
1 12094 32688 24
1 4472 25119 585
1 16717 30429 169
1 9655 13041 284
1 8178 26676 140
1 23042 25338 527
3 5560 22728
3 14104 20013
3 2577 4557
3 9033 19127
1 6900 26219 604
1 13552 20980 791
1 22166 24364 469
1 1380 31223 526
1 7849 12647 744
3 442 14154
1 15452 15911 895
1 7521 17173 797
3 17591 24529
1 14836 26360 427
1 6389 32714 88
3 19574 29477
1 11592 24160 119
1 17171 22521 114
1 1533 10729 859
1 7989 23285 964
1 649 17407 473
1 5358 15057 900
1 14588 17016 636
1 10781 28782 337
1 22470 27963 932
1 1181 25767 917
1 13625 29132 900
1 12533 23715 524
1 26149 28580 20
3 22204 22644
1 9416 24236 140
1 2068 26643 973
1 2312 10744 934
1 18365 26314 41
1 295 5149 407
3 15375 25823
1 7362 23578 54
1 6521 31931 822
3 1836 28462
1 20106 21626 577
1 10792 21492 466
1 2451 12385 807
1 4511 5855 232
1 15655 27697 513
1 11550 14755 800
1 12717 28260 296
3 17880 29658
1 13303 17856 792
1 24244 29074 66
1 10173 25714 572
1 10766 25440 86
1 20642 21226 709
1 22766 26371 145
1 4508 21024 665
1 8477 16381 565
1 10990 23858 100
1 10925 11384 983
1 23464 27371 677
1 4898 13606 737
1 18728 18751 98
1 2991 16901 881
3 21762 27239
1 16601 17666 781
3 9904 13333
1 16449 31956 27
1 4826 32189 486
1 6054 9638 603
1 14744 31443 715
1 4224 9203 268
1 4248 30115 101
3 7787 13091
1 3378 15453 446
1 7602 18739 387
1 12856 18478 738
1 821 15185 819
1 3955 7028 859
1 3521 32279 360
1 5180 23305 264
3 11410 29352
1 12309 27838 729
1 13577 21229 412
3 22807 31523
3 8005 32661
1 2699 10827 781
1 27723 31392 21
3 14746 15983
1 3063 30663 931
1 16937 28038 157
1 6790 19005 921
1 14029 24828 169
1 23926 27229 274
1 20240 23451 965
1 197 15879 176
3 31728 32491
1 8877 28657 264
1 14792 21614 965
1 20937 28594 210
1 2951 9480 585
3 14904 22362
1 8494 29912 40
3 725 26043
1 5308 18062 834
1 9813 17667 171
1 10063 27273 830
1 7114 17084 296
1 1307 31247 89
1 21362 26555 196
1 5728 30805 758
1 2376 13299 149
3 21468 24522
1 3086 20735 485
1 3259 21157 21
1 18078 32315 407
1 9371 28837 879
1 9472 29674 551
1 11050 20608 298
1 10116 13770 783
3 1953 32758
3 13040 23092
1 21931 24674 288
1 2271 4221 769
1 8519 15171 386
1 15044 29814 573
3 17624 31950
3 2389 15781
1 3356 20242 509
1 24573 27001 119
1 20912 30780 948
1 14751 19303 126
1 1594 21147 557
1 25389 32461 280
1 2031 31025 645
1 12220 26169 691
1 761 9380 229
1 1005 11973 802
1 10519 11166 683
1 6886 29217 276
1 1414 17888 918
1 14914 18845 652
3 13235 19605
1 12959 19259 853
1 17304 31424 156
1 8246 24923 33
3 4317 10466
3 12488 24222
1 18831 20635 86
1 17414 17476 918
1 6271 16648 363
1 1928 13870 672
1 11488 20043 406
1 12111 24059 155
1 22380 31544 645
1 19735 21879 823
1 16807 24720 196
1 4869 7741 138
3 19572 31083
1 4400 4658 560
1 9810 20845 878
1 6159 7832 761
1 14516 28994 418
3 19073 22322
1 24594 31432 960
3 10639 25035
1 13915 29698 676
1 22616 26758 479
1 3867 8708 471
1 1015 27691 455
1 21613 31940 20
1 16971 28997 29
1 15547 15614 521
1 5034 11884 986
3 4453 18383
3 3323 30453
1 26176 26507 398
1 22722 30469 594
3 8897 29503
1 14702 16600 25
3 14186 24248
1 6191 11069 579
3 8150 31939
1 13611 17819 123
1 1891 9894 243
3 21194 22135
1 1685 7649 586
1 7007 23836 229
1 16657 20530 845
1 18757 22034 160
1 19792 23121 734
1 25429 30353 437
1 544 27292 113
1 22524 24324 31
1 16944 31910 20
1 6288 23942 674
1 6688 16941 683
1 99 15820 417
3 23201 28658
1 18577 18721 593
1 8737 23923 509
1 531 10547 533
1 23705 24222 446
3 2650 3673
1 22001 26377 823
1 4109 22501 873
3 13638 30756
3 185 8553
1 3245 7369 157
1 9563 10794 695
3 18375 20156
3 6874 12707
1 3918 30121 571
1 8019 14195 207
1 12380 29346 832
1 559 7592 174
3 11833 31738
1 4412 9379 674
3 27464 28993
1 25154 31416 555
1 13819 23939 686
1 3374 30165 552
1 21290 23344 924
1 13827 29881 319
1 4585 18138 306
3 1999 25365
1 13072 17698 957
1 23340 26182 600
3 23298 24757
1 12039 27967 951
3 6128 28702
1 26057 30310 538
3 3413 5291
1 6324 15623 31
1 7740 23402 5
3 18234 29082
1 17833 18699 366
3 11001 14354
1 357 8179 273
1 9170 9367 159
1 9922 22808 938
1 1447 14555 441
1 14274 23914 358
3 11656 21310
1 5839 19936 348
1 8201 21551 829
3 19160 30266
1 9726 32716 840
1 20948 30379 351
1 106 9365 593
1 9345 14118 283
1 15197 20628 2
3 15918 17975
1 9815 25037 657
1 5077 30909 670
1 4943 23114 482
1 10947 17687 140
1 22148 25336 602
1 3154 6198 693
1 9102 10540 819
1 10376 18521 251
3 499 15808
1 17829 30043 2
1 25175 32033 466
3 9839 12075
3 7844 20321
1 2905 10737 658
1 2386 27943 887
1 12220 17180 570
1 3689 16225 508
1 6640 28873 553
1 2254 32580 650
1 1518 25038 945
3 13540 26665
1 15160 26476 441
1 20290 30080 623
1 3271 15144 296
1 10816 12397 575
1 5488 28541 735
1 30063 31465 374
1 22490 29789 358
3 5670 20117
1 1792 26840 481
1 1529 15334 306
1 3545 8287 630
1 5353 21029 960
1 29626 32110 293
1 2285 9270 124
1 17684 32019 966
1 8883 16245 618
3 8113 16352
1 8395 18739 578
1 1783 27537 662
3 15441 24753
1 11383 14659 823
1 8633 22373 219
1 2950 5400 636
1 12021 15155 163
1 18204 28471 187
3 5230 29563
3 5841 7724
1 14859 28187 593
1 29471 30548 372
1 19383 29423 3
1 26355 27012 360
1 8238 26999 55
1 19022 25580 246
1 1289 17715 475
1 10733 16119 677
1 5773 30414 197
1 2043 23797 254
1 12951 30775 139
1 17243 29147 393
1 2753 6517 981
1 17179 26312 654
1 8191 17422 357
1 19384 29636 868
1 26516 29968 302
3 6909 21219
1 6397 25344 255
1 25021 27487 88
1 14383 22799 13
1 14447 18188 879
1 5883 16917 658
3 2913 9124
1 2751 6383 674
1 9673 18651 109
1 24938 27643 960
1 10519 12412 903
1 4310 10040 574
1 10151 28104 576
1 12393 22425 928
1 17043 19625 766
1 10117 16689 157
1 1068 28274 586
1 7089 14341 87
1 16599 24562 457
1 15566 31447 935
1 3414 31289 260
1 13021 19554 535
1 6259 16355 593
3 7914 22894
1 6750 9689 47
1 5743 31444 199
1 11436 15226 286
1 25293 26271 713
3 4022 5509
1 13722 24564 410
1 8705 25799 975
1 3112 18776 699
1 3885 5162 426
3 5827 27669
1 5350 30095 412
1 1690 26851 195
1 3367 30293 656
1 16098 27286 429
1 7704 27528 381
1 22183 28740 69
3 29785 32717
1 5736 26385 725
1 14900 26931 614
1 3429 30170 679
1 4532 18398 981
3 4041 16866
1 7344 27447 446
1 22397 28343 234
3 2419 32110
1 4555 31422 691
1 11102 28676 642
3 5461 16474
1 5828 15661 625
1 7173 31965 117
1 4167 9402 849
1 2911 23704 661
1 8242 8574 507
1 23244 29864 246
1 26134 31336 668
1 18881 28756 838
3 1383 3516
3 3758 13872
1 16162 24863 693
3 20498 23452
1 5298 8025 269
1 14629 26308 926
1 1965 22178 92
1 2688 14197 281
1 18202 22042 499
3 10628 12726
1 9500 13147 276
3 10665 18409
1 16095 21367 23
1 9508 31802 371
3 1212 27772
1 20586 25403 395
1 17872 19288 662
3 10754 18431
1 2925 22348 154
1 4313 12067 530
1 6508 12505 836
1 17265 20461 814
1 22652 24839 180
3 7222 26607
1 30701 31047 203
1 15647 24581 293
1 4353 12766 738
1 2784 18652 589
1 1607 25188 948
1 17062 30110 573
1 10778 19016 803
1 28662 30536 696
1 10570 32442 34
1 17916 30957 555
1 10240 26825 812
3 11962 15231
1 7491 29137 178
1 7612 19522 807
3 6844 16176
1 14447 25786 655
1 18387 22937 962
1 17062 22565 3
1 27554 31983 991
1 10227 28819 389
1 19665 31229 930
1 859 28123 566
3 365 21673
1 7252 28912 122
1 13103 17280 435
1 2907 15469 42
1 3977 16729 511
1 17942 21456 203
1 3330 27659 182
3 21621 28314
1 14076 24980 995
3 12138 23527
1 223 20760 768
3 2483 3592
1 21964 27756 89
1 21479 32233 832
1 19409 24211 85
1 1736 14727 880
1 11184 20328 310
1 12281 23638 527
3 10016 17091
1 5246 22658 129
1 2593 22763 451
1 18553 24580 772
1 14288 29827 271
1 9713 15726 586
1 9454 11140 901
1 73 7638 168
1 18692 30953 389
1 3363 5101 862
1 12192 32514 304
3 3122 28457
1 12671 21846 73
1 7708 15502 383
1 16395 19480 3
1 1869 12534 514
1 1812 28858 41
1 9790 32293 767
1 6161 7428 862
1 3558 31902 780
3 16132 17262
1 23440 30485 256
1 23376 26839 959
1 6420 30723 717
1 30164 30166 204
1 12904 28113 29
3 7046 7211
1 825 6406 645
3 29954 32702
1 6646 10342 772
1 62 23857 427
1 21056 27741 892
1 7264 7545 853
3 9973 30299
1 6755 27435 694
3 26361 30961
1 3485 7669 232
1 22529 30689 462
1 642 2575 486
1 3388 32534 916
1 2877 16334 472
1 11791 16182 143
1 306 27648 239
1 23375 31177 418
3 4287 11924
1 460 1958 486
1 16856 24985 456
1 13990 24114 101
3 17 4677
1 436 13313 801
1 13008 24375 76
1 21368 21607 482
1 139 21769 814
3 9008 13991
1 338 12081 146
1 20599 22315 156
3 4798 12469
1 9374 19286 27
1 6974 25423 670
1 12581 14060 384
1 2388 9929 703
1 24715 30042 252
1 3074 23969 645
1 25897 29292 968
1 11245 29827 737
1 15228 31712 886
1 17748 30742 640
1 544 20589 413
1 4412 8918 780
1 28082 29412 520
1 6102 25002 25
1 14389 25028 503
1 5275 18119 689
1 18099 30879 845
1 15920 30931 632
1 2583 30269 936
3 6708 30219
1 104 8523 578
1 1624 5742 568
1 10304 31515 99
1 12046 23508 89
1 14127 15436 633
1 12472 17940 170
1 11854 19473 195
1 1592 14137 987
1 2488 12439 42
3 11413 18076
3 1808 12739
1 18731 20731 950
1 19800 28181 737
1 25614 29272 398
1 4571 16725 515
1 287 26215 669
1 11054 17452 645
1 5163 24761 234
3 21282 27939
3 3205 5096
1 16487 28801 649
3 705 8370
1 18511 22848 348
1 4003 16291 16
3 4676 9688
1 14316 26204 253
1 54 30705 530
1 7313 10876 272
3 18758 29193
1 14956 19197 874
1 941 22466 566
1 4519 27087 493
1 22628 28329 446
1 10719 21501 867
1 19825 20524 449
1 4514 11760 313
1 5395 5743 550
1 3708 18861 384
3 16924 20251
1 10169 32301 898
1 12475 32382 127
3 15972 24818
3 4953 21663
1 289 25804 210
1 1730 15101 863
1 12959 23496 777
1 19368 21726 362
1 2075 19085 664
3 7031 23401
3 7742 13891
3 16030 24241
1 7178 21942 596
3 2418 29158
1 8949 10515 307
3 9089 23971
1 16742 29265 907
3 8603 16294
1 18484 20679 717
1 18463 23540 14
1 14535 22548 659
1 6104 6384 1
1 16716 22637 739
1 25357 31548 134
1 28088 29686 701
1 26193 30909 869
1 22589 25620 748
1 6374 10142 334
1 22875 27726 64
3 8034 24241
1 17614 19235 301
1 667 16913 55
1 22745 25848 568
3 29329 30831
1 3841 16469 346
1 29588 31458 791
1 8140 17824 309
3 19817 32164
3 22264 26593
1 800 20028 717
1 17143 24376 132
1 24872 29430 472
3 7957 28908
1 14764 15050 676
1 6730 11329 250
1 22245 27294 888
3 12588 15399
1 15641 17311 139
1 6425 16914 641
1 18517 25631 133
1 22796 31763 83
1 1531 12139 26
1 1191 9758 469
1 25979 26520 926
1 2987 14195 140
3 9202 25288
3 10597 12347
1 4257 12617 60
1 4344 23423 783
1 10209 12440 322
1 20221 25421 506
1 3484 31946 900
1 13244 17283 413
1 4333 14764 418
1 29323 32719 322
3 19086 21088
1 7740 8696 873
1 26821 30240 121
1 11184 11413 965
1 14893 18985 646
3 14625 30824
1 1885 6201 423
1 14883 25691 328
1 11789 26213 552
1 331 10969 467
3 11458 13647
1 26597 32219 116
1 6479 10212 280
1 7967 22571 980
1 20705 25991 576
1 3403 30514 996
1 10998 27022 509
1 2142 18717 491
1 4147 18083 409
1 8305 28174 236
1 18956 25146 983
1 17564 31298 782
1 4096 32340 362
1 14772 18001 437
1 22356 24771 78
1 13354 31818 183
3 5821 26242
1 4890 29400 520
1 13351 19595 449
3 13967 30856
3 12935 32094
1 15354 24155 103
1 7949 27460 449
1 23495 27304 642
3 8697 24853
1 14479 22984 532
3 8968 12172
1 14676 20080 10
1 6564 14071 106
1 8070 19094 363
1 2222 25513 157
3 17783 32200
1 21770 26691 218
3 2892 31449
1 1190 20958 990
3 123 9708
1 23792 24243 82
1 11295 14066 464
1 9123 18815 553
1 16766 20476 822
1 3439 11860 334
1 19005 31854 118
1 16428 25642 27
1 3255 8103 226
1 3934 14310 893
1 3050 9087 849
1 15197 17454 198
1 21696 29174 494
1 8325 14654 122
1 2722 4008 161
1 2582 24839 763
3 15465 19927
1 5321 32446 466
1 7081 16109 267
1 14395 24507 392
1 6475 25346 183
1 3394 27937 621
1 8703 10626 825
1 4938 15356 457
3 9260 15066
1 4757 28700 657
1 4664 8105 917
1 7437 11508 134
1 16661 22899 48
1 12766 31594 677
1 2926 12349 275
1 21597 28936 334
1 17163 32170 728
1 25125 31214 782
1 8629 10170 397
1 6152 29404 140
1 17879 29470 124
1 5516 9398 750
1 4955 20834 451
1 6486 26390 106
3 76 9034
1 6109 28223 594
3 9747 28056
1 19480 21619 945
1 14137 18687 351
1 2821 18106 69
1 2733 28665 819
1 16155 25883 497
1 3611 20950 485
3 3007 9676
1 1943 20276 979
1 14590 32739 996
1 6591 17752 567
1 18316 29169 819
1 19961 32595 357
3 1404 9154
3 10330 11685
3 11227 24378
1 1508 12571 949
1 6610 26916 715
1 6312 30571 36
1 17873 29514 780
1 21943 31212 307
1 4933 8775 748
1 12849 14788 539
1 20584 32591 699
1 6950 8251 695
1 5921 12166 111
1 6465 16925 806
1 24362 30925 209
1 14736 15846 330
1 14865 31955 406
1 3807 24942 763
1 5901 19501 615
1 9112 16136 261
1 8201 16473 737
1 101 3548 294
3 6887 12661
1 21566 27423 799
3 16698 28765
3 10737 18165
3 14717 21429
1 19242 19601 885
1 5992 20804 462
1 2324 15877 663
3 4745 14374
1 6151 27998 152
1 7631 22123 832
1 21466 26185 125
3 10871 28883
1 24345 24673 1000
1 18462 26324 994
3 10681 27004
1 1626 12018 899
1 7942 25383 180
1 17765 20609 804
3 15922 23893
1 2554 3014 768
1 9262 10835 710
1 16806 24023 497
1 10345 20613 709
1 20912 32136 169
1 28003 29314 112
1 8342 25470 953
1 20058 31259 691
1 14987 18489 717
1 1442 5918 998
1 24680 27700 416
1 30993 31217 754
1 24146 30768 270
3 616 29223
3 4883 7803
1 18967 30880 478
1 11201 31381 155
1 3907 28095 504
1 12433 24279 35
1 29587 30377 594
1 24203 31078 526
1 4175 21404 209
3 25037 32116
1 6150 7417 150
1 17686 25279 629
1 19046 19570 971
1 8064 23210 177
3 10352 26510
1 25519 29460 471
3 8018 32485
1 5770 11565 713
1 7203 7557 291
1 19989 22825 472
1 28037 29866 143
1 363 12037 466
1 5260 8065 830
1 4034 31424 807
1 16304 30693 708
1 12682 16924 695
3 9163 20934
1 22118 32647 600
1 8626 31741 327
1 8301 18458 811
1 3549 6185 257
3 3309 25622
3 5724 20964
1 20672 26520 920
1 5151 15187 414
1 4996 9088 552
3 12497 13323
1 7042 19287 392
1 13794 21810 356
1 12560 24417 785
1 944 30324 765
3 32044 32253
1 4388 14942 573
3 2338 11428
1 7873 12403 943
1 19748 24845 392
1 7173 19545 804
1 9332 29271 402
1 26484 31786 538
1 10192 20570 897
1 21570 32318 402
1 23220 32733 119
1 17825 18721 616
1 10559 30401 882
3 4822 17032
3 6246 31095
1 22367 31458 279
1 1180 5165 67
1 2842 11199 305
1 11096 29419 387
1 21691 23960 435
3 16876 21300
1 5973 8757 313
3 11891 20258
1 15882 25177 518
1 5361 15882 285
3 4328 31499
1 6483 10385 719
1 9056 30604 402
1 20303 32315 741
1 6762 16083 930
1 830 8975 208
1 5704 9849 89
1 15940 27290 2
3 20713 29740
1 699 13674 674
1 440 7271 346
1 4991 22501 382
1 5381 14528 5
1 10165 11400 508
1 1518 7509 929
1 12908 21053 386
1 28759 31385 958
1 1938 30859 563
1 1158 21395 546
1 10768 13426 329
1 454 5695 416
3 665 19617
1 10875 28796 625
1 6373 18011 767
3 17007 25058
1 2884 26087 694
1 11813 13814 423
3 6161 24710
3 2933 10166
1 3354 9396 258
1 27153 28790 436
1 23787 30896 616
3 19561 26796
1 14378 24246 231
1 14614 25199 51
1 9235 10469 333
1 9075 26399 622
1 16377 27863 784
3 12441 26740
1 2016 11402 42
1 17553 28518 64
1 3733 5844 710
1 21917 22422 523
1 10136 22582 36
3 13496 17942
1 21627 22748 638
3 7166 24888
3 9658 15122
3 6994 13481
1 15882 15935 23
1 19691 23632 188
1 12915 15128 117
3 5974 29654
1 20537 24130 46
1 21921 23534 405
1 6737 18142 616
1 17142 32692 3
1 14626 21615 4
3 9723 12850
3 9286 29499
1 8267 32038 505
1 571 2495 41
1 2923 27548 516
1 22329 24834 442
3 8339 12480
3 9806 20633
1 23663 23798 256
1 2181 31038 527
1 1474 24355 672
1 1846 13544 500
1 14364 15235 657
1 6774 20096 566
1 1306 18918 350
3 23937 29156
3 22246 31328
3 17794 29790
1 16255 28990 86
1 3588 9246 157
1 627 20263 97
3 7003 17999
1 6408 9469 512
1 12024 25024 888
1 19990 26753 44
1 3293 18198 646
1 17959 25333 919
1 7137 11377 791
1 4729 5829 86
1 9016 11954 570
1 8235 11536 322
1 204 9755 547
1 14893 27327 217
1 15153 15195 520
1 16031 21025 331
3 7922 20803
1 27946 32273 965
1 16985 24727 879
1 4979 7224 257
3 17988 23441
1 11539 22573 438
1 7118 25688 968
1 7124 12924 742
3 9827 21746
1 13294 29713 989
1 7315 22753 3
1 15371 22732 841
1 18034 21986 820
3 1263 15921
3 15567 15859
1 14860 27622 93
1 7845 17931 27
1 12752 28639 211
1 543 26509 943
1 3106 16223 935
1 30 23012 534
1 6301 10418 44
1 12512 22229 52
3 18512 18858
1 5480 21040 120
1 9754 19040 197
1 13140 13821 393
1 20060 24994 296
3 7724 20649
1 8445 15077 580
1 13171 24934 75
3 15779 27226
3 19259 22113
1 70 30614 836
3 21949 26803
1 8351 11296 160
1 3723 9934 810
1 3681 7907 913
3 2656 17442
1 18885 19825 143
1 19845 31324 346
1 12903 20332 62
1 23449 23886 951
3 10144 16905
1 16657 25630 710
3 92 24143
1 20723 30662 157
1 1627 18207 932
1 7971 16926 206
3 4294 10024
3 1777 21712
1 10902 28200 585
1 10069 29218 394
1 19064 24146 550
1 19836 21920 354
1 18741 22092 87
3 8688 15855
1 10254 20435 887
1 24121 29351 519
1 10176 15017 238
1 6301 16769 781
1 27027 28531 268
3 15283 16601
1 13605 19768 721
1 9496 23333 971
1 19788 30510 494
1 16279 17937 587
1 998 1167 177
1 905 23412 435
1 8619 20983 639
1 7954 22614 793
1 5135 14268 431
1 15084 17704 110
1 468 30816 173
1 12217 13156 752
1 416 27894 352
1 13300 25253 769
1 11208 13917 132
1 5973 14405 830
1 13269 18103 881
3 15841 22339
1 10522 21306 171
1 18419 21246 632
3 2149 10613
1 10278 25926 676
3 12 5075
3 21051 31794
1 3445 18002 266
1 1536 13392 838
3 12630 24774
3 6210 26665
3 4744 27563
1 2401 4246 74
3 29357 31060
3 14739 22948
1 8324 12721 665
1 13407 27939 811
1 2581 32432 311
3 10040 16924
1 20096 30394 297
1 2687 22786 780
1 8386 16421 31
3 1328 9214
3 1524 29043
1 23576 29027 554
3 288 2491
1 25753 26622 978
1 15219 27118 898
3 8938 28226
1 11190 15006 23
1 3675 14499 516
1 4387 4975 858
3 758 18051
1 3915 19918 443
1 19489 28655 394
1 9770 17198 188
1 3607 28791 882
1 1004 9263 430
1 10045 21739 950
1 14463 18070 370
1 16433 19781 889
1 11790 13692 454
1 8821 22458 289
1 12327 16694 475
1 5938 10475 546
1 26325 31535 726
1 6332 8552 931
1 12448 13039 760
3 20253 22564
1 245 760 145
1 15240 17670 15
1 21070 28433 731
1 5850 8403 774
1 5631 30382 760
1 1179 27962 696
1 12193 23825 328
1 13427 25036 695
1 2306 15551 550
1 3256 4706 615
1 762 14762 938
1 12640 31530 258
1 15078 16056 552
1 13780 16861 518
1 347 27152 31
1 20027 22377 685
1 215 10596 403
1 13091 18255 685
1 12483 27129 380
1 2878 24803 198
1 1131 27811 285
1 15927 22395 398
1 5381 32458 78
1 7070 28283 264
3 9122 15212
1 19952 26788 679
1 14759 23079 952
1 19901 24047 203
1 7063 21471 663
1 10865 27095 167
1 5081 27126 303
1 2917 30482 357
1 4776 28297 5
1 18903 30406 234
1 10331 26483 202
3 19792 21288
1 12702 26614 939
1 8590 24302 193
1 14591 18029 580
1 13680 29841 934
1 6874 12017 884
1 22927 30282 278
1 18323 32325 14
1 1081 4717 303
3 15364 19050
1 15147 20992 484
3 16595 27679
1 2117 9108 788
1 10841 30309 905
1 17740 27423 716
1 99 27952 497
1 11128 13729 699
1 4388 16977 422
3 14902 18255
1 10698 28094 406
1 1977 4368 304
1 10108 25954 914
1 8057 16032 288
3 531 11182
3 18458 31950
1 7644 27632 759
1 5098 8169 825
1 25370 29155 193
1 2390 26220 747
1 3475 32505 583
1 12235 24562 901
3 51 27883
3 13215 15921
1 13454 23981 258
1 3968 9284 44
3 11983 25682
1 7070 17897 378
1 17730 30729 216
3 4446 10426
1 16818 30062 198
1 5640 20072 16
1 19077 26593 550
3 1720 30969
1 6892 27725 170
3 13249 25856
3 15272 20706
1 6864 27521 508
1 2930 32641 770
3 20003 26174
1 2510 13567 24
3 7007 23852
1 5829 17631 427
1 826 6685 206
1 12881 28311 60
1 18779 25610 321
1 20946 27552 137
1 8531 21839 489
1 13625 14105 853
1 20686 29999 684
3 8052 16801
1 12028 16281 116
1 6953 15216 181
3 5380 27278
1 24212 24923 970
3 17767 28406
1 5376 24379 592
1 6045 30925 983
1 1429 11470 989
1 8009 30864 516
1 1428 23231 925
1 19074 19486 818
1 14648 30360 88
1 15417 31604 81
3 4081 21188
1 17525 22708 815
1 9030 30054 503
1 15265 23330 989
1 8244 21426 620
3 5604 27731
1 16318 22743 714
1 16494 19115 535
1 9380 9526 688
1 4012 29713 500
3 330 19348
1 11830 14099 432
3 26745 27372
1 14628 31320 31
1 6125 7237 123
1 8512 30435 294
1 10676 13500 750
1 4568 10391 364
1 27927 28164 658
1 13483 21355 439
1 25174 27070 38
1 12788 13037 251
1 5284 7212 384
1 5235 15683 64
3 20122 28359
1 23322 30914 263
1 13040 15733 497
1 21422 30364 942
1 3035 28079 243
1 11818 24330 993
1 2082 4122 672
3 23851 25773
1 12548 30196 465
1 28160 29225 173
1 18511 24707 276
1 4263 17161 396
1 5745 11841 549
1 10452 24148 556
1 9364 12526 710
1 5343 30118 954
1 732 28969 607
1 8191 24344 577
1 17266 29281 926
1 17048 17387 526
1 9462 10089 170
3 15845 21472
3 10923 14800
1 29272 30439 38
3 16808 25009
1 19534 20862 936
1 1773 11383 462
1 25013 31131 741
1 2523 26129 195
1 11469 15040 852
1 1625 25465 352
1 14047 22952 282
1 1119 26517 843
1 2470 22803 783
1 12186 21901 358
1 113 27557 189
1 20672 27260 230
1 11933 12395 949
1 16485 23956 629
1 5708 32551 819
1 15720 31924 760
3 6595 23021
1 4564 9903 838
1 4441 19858 714
1 22817 24993 1000
1 9513 15353 910
1 7394 20652 332
3 19346 28180
1 9372 11744 977
1 26959 32513 453
3 7976 11065
1 12610 27359 605
1 1642 6013 443
1 24007 25734 46
1 14285 18929 222
3 6015 30841
3 4815 32216
1 8263 17567 228
3 1824 6930
1 27253 27391 95
1 443 18630 224
3 21978 27238
1 6668 23169 328
1 19104 19859 642
1 22004 23891 458
1 2569 19314 859
1 2580 13807 208
3 950 21080
1 7402 20630 126
1 659 12450 659
1 3071 24061 647
1 18496 27252 937
3 5587 21880
3 18951 19733
1 6278 24793 92
1 5714 6114 899
1 13386 29013 213
1 16202 17555 441
1 28585 31750 52
3 14561 26255
1 14033 14900 117
3 438 9728
1 1599 12271 344
1 4475 23363 385
3 3840 21304
1 22372 25888 778
1 11996 18869 1
1 11547 22757 908
1 4307 24983 68
1 2184 12292 507
3 1047 4075
1 11598 18741 640
3 172 3803
3 8188 18193
3 1010 7274
1 14426 29556 288
1 8677 23992 884
1 5507 22604 529
3 23603 29181
1 20077 31225 56
1 9061 14802 682
1 9660 15830 336
1 3123 16523 316
3 7263 9932
1 14561 26073 412
1 22577 31287 500
3 13658 22709
1 18501 22759 142
1 8544 30026 243
1 489 28324 308
3 21941 25020
3 31909 32387
1 16209 27556 882
1 23992 32444 113
1 1 8979 813
1 3268 7314 241
1 9993 11772 996
1 12577 13742 743
1 31241 32596 611
1 15902 31181 742
1 16434 25652 263
1 2727 14928 824
1 13004 24155 572
1 12471 17850 217
1 3753 15795 951
1 14523 22360 609
1 4054 12197 620
1 2547 8667 830
1 8185 31671 649
1 1470 3851 480
3 10221 31985
1 7830 12181 201
1 12806 19711 5
1 19322 22403 483
1 14905 24687 277
1 15589 31150 275
1 20582 23769 567
1 8785 19525 368
1 5565 30500 20
1 6539 22968 722
3 10449 30949
1 4244 25111 600
1 16816 17675 423
1 21751 31713 441
1 13158 29206 934
1 1171 27353 95
1 12263 20006 510
1 9583 10696 988
1 1293 26504 986
1 947 28869 634
3 379 25784
1 2872 26167 524
1 37 30820 415
1 22651 28908 888
1 13891 17618 558
1 2595 17257 386
1 2067 9175 589
1 12281 12336 684
1 8456 20308 339
1 1692 5827 624
1 12748 18764 586
3 15448 24016
3 13155 29047
1 15989 32176 939
1 6329 11807 620
1 4319 18694 618
1 8330 16006 390
1 14653 23902 514
1 16389 22466 80
1 7572 22830 648
1 22485 28753 416
1 17605 29993 930
1 5980 25233 344
1 1935 6716 443
1 8007 16685 172
1 15540 23656 826
3 16273 28697
3 9856 20003
1 2051 27790 307
1 9603 20868 30
1 18301 27173 684
1 21595 27722 140
1 23163 24563 944
1 756 3520 249
1 4533 16772 278
1 1757 17703 890
1 28131 32568 963
1 2328 32418 330
1 23600 26839 328
1 23790 31588 30
1 27147 30908 376
3 10336 22596
3 1950 14080
1 17179 25396 211
1 31433 32303 838
1 11253 21462 765
1 11610 19242 215
1 22618 30112 277
3 16397 26638
1 13379 28799 265
3 19650 28500
1 9299 13365 601
1 15078 25722 274
1 1906 5781 891
1 15590 23019 500
1 3220 28395 549
3 116 30465
1 812 7444 315
1 1176 21119 655
1 15505 32364 46
1 11291 14059 378
1 13622 31224 378
1 14938 28571 68
1 6535 20464 266
1 4603 13834 976
1 8914 10596 52
1 7009 32043 535
1 19345 28397 35
1 21016 24325 654
3 14855 18711
3 6451 8898
3 11269 14572
1 7392 8424 451
3 8834 10590
1 10747 28977 790
1 12046 21481 828
1 13004 29440 835
1 1662 27191 905
3 12524 17977
1 9783 22659 333
1 928 31960 39
1 2119 5965 586
1 9239 16784 795
1 20605 23897 627
1 10025 28827 53
1 27326 32082 617
1 1660 1998 344
1 8709 26213 921
1 420 23080 115
1 26227 30001 220
1 31114 31597 618
1 18823 28303 656
3 399 22016
3 10113 25499
1 25597 29758 604
1 6879 14250 86
1 8972 16513 308
1 1304 8813 237
1 933 30574 466
1 10449 10790 699
1 7278 24790 868
1 24235 25971 976
3 4405 22712
1 5256 16677 229
1 18471 32237 316
1 1110 23696 960
3 8133 21400
3 19211 25198
1 5978 24550 690
1 1154 5151 27
3 21221 25872
1 18351 20649 807
1 8208 28810 166
1 5197 27425 692
3 15636 20631
1 6116 13964 931
1 8806 30497 358
1 12147 16789 643
1 2576 5569 762
1 16180 21414 690
1 9548 29175 144
1 14777 17976 704
1 8883 26607 788
1 27074 29387 923
1 12104 16165 811
3 7777 8645
3 15420 17839
1 4032 7033 489
1 7384 24979 514
1 18783 30004 824
1 7074 17717 902
1 24865 29615 357
1 12948 28502 471
1 14089 31021 716
3 22813 31655
1 5155 30487 561
1 29823 30683 542
1 13093 25142 18
1 2603 15325 814
1 15866 25888 897
1 10197 20633 718
1 3569 7887 673
1 841 23449 685
1 20120 21976 650
1 7226 17877 357
1 407 13195 545
1 13059 13307 333
1 4002 20998 533
1 12864 27595 301
3 1167 32542
1 13868 16313 680
1 9139 22424 791
1 18814 32597 362
1 10116 11019 197
1 7677 8021 501
3 19876 26153
3 12958 24726
1 16090 22846 963
1 14724 30493 403
1 14277 27500 135
1 7557 15744 102
1 13792 26600 513
1 13395 29212 49
1 2197 6903 271
1 1456 11130 380
1 27511 31404 818
1 8963 27125 827
1 12507 28496 168
1 13893 27599 53
1 8132 18551 851
1 30506 31494 318
1 6500 19070 240
1 2323 12900 453
1 7955 15252 353
1 31936 32461 647
1 1544 8960 908
1 22809 31091 770
1 9157 28601 9
1 4302 13625 731
1 31314 32546 7
3 27889 30487
1 8253 27127 455
3 2485 8398
3 6992 19664
1 10981 18881 986
1 8428 9799 747
3 4875 11727
3 17106 25811
1 10090 18623 442
1 16881 23743 418
3 8388 29721
1 20754 32639 543
1 12583 18823 601
1 12374 13136 425
1 12443 16818 951
3 22321 27437
1 29311 30234 481
1 11536 16573 927
3 6196 20888
3 5585 23576
3 3306 7943
1 19591 23930 682
1 13236 21170 239
1 22374 28571 836
1 16900 19529 72
1 15152 29908 373
1 18290 26317 392
1 9345 10632 636
1 12190 27612 340
3 1939 11703
1 11104 30925 164
1 13329 30437 687
1 9513 23914 168
1 1894 24110 172
1 21925 28289 913
1 2274 30129 977
1 9966 15941 368
1 22962 23609 209
1 6795 13459 101
1 3113 17410 350
3 2069 22348
1 6465 30817 369
1 8840 9578 535
1 3036 4601 886
1 15534 26493 61
1 12813 20139 459
1 8663 11436 691
1 12701 26634 786
3 15207 21321
1 2284 3027 783
1 2375 12315 562
3 15339 21162
1 22870 31612 244
1 10856 18508 111
3 19147 29694
3 13493 22668
1 23241 26755 457
3 5327 9754
3 3246 6307
1 10958 27202 592
1 10453 11183 364
1 5254 13731 333
1 12156 13708 772
1 392 4162 987
1 821 4768 190
1 27024 30804 780
1 20781 25324 655
1 27989 29769 938
1 12204 28682 428
1 2327 6979 643
1 12627 17656 978
1 7282 10303 229
1 1014 6710 396
1 25286 31917 790
1 16279 29135 736
3 6704 21625
1 19898 24575 491
1 12899 20251 689
1 23995 26126 675
1 9201 25705 84
1 17084 21878 897
1 4634 31728 347
1 24757 30617 46
1 564 22113 354
1 6828 15846 329
1 14628 21366 819
1 26779 29424 863
1 1133 8164 979
1 21512 25810 509
1 18254 32573 355
1 11956 13704 968
1 1858 30317 168
1 24344 30061 806
1 7936 12220 451
1 8391 10714 434
3 3662 8701
1 2047 7533 820
3 25612 30972
1 17977 27949 233
1 12590 18254 808
1 26580 29026 297
1 112 1004 81
3 3594 9611
1 7522 7957 285
1 20746 30204 654
1 16386 27804 869
1 2971 10826 65
3 22040 23698
1 13497 23949 858
1 25647 31561 96
1 426 559 760
1 885 25370 656
1 21472 26667 779
1 10688 31546 110
1 1794 29641 67
1 4862 28313 565
1 21893 25118 398
1 14819 16500 422
1 16017 31265 125
3 11356 16106
1 25935 31230 312
1 13924 32368 549
1 17764 23000 994
3 16801 24622
1 2916 32303 872
1 11072 25583 994
1 1832 22410 575
1 9675 18208 152
3 15392 22629
1 18405 27135 657
1 17455 19625 532
1 15540 18913 999
1 20972 32051 213
1 317 4674 87
1 13861 23731 932
1 9194 32537 276
1 25647 31858 41
3 728 25570
1 2223 20569 838
1 9943 18430 357
3 4502 6755
3 12651 25282
1 18040 31079 664
3 21178 25479
1 14307 26217 649
1 6651 14025 100
1 26246 32159 396
1 11280 31776 267
1 8540 12824 700
1 6194 9533 132
1 7479 8939 386
1 18663 20544 696
3 18813 22739
1 1820 17723 819
1 17572 18078 827
1 5090 27499 635
3 11992 29798
3 11070 32666
3 21323 32178
1 4467 8181 70
1 12867 25218 448
3 12418 20411
1 30235 32189 900
1 6346 18509 712
1 11379 24799 880
1 10419 19271 759
1 1528 6077 767
1 16501 30552 196
1 4546 28531 227
3 1165 16486
1 20892 32391 563
1 17500 19655 812
1 14459 24538 141
1 5929 19280 541
1 11523 21245 779
1 5493 32365 541
1 6650 23548 154
1 9622 27443 362
1 8896 28730 836
3 8244 27612
1 6693 19518 352
1 10631 28425 705
1 8034 21024 87
3 9097 15308
3 11397 13002
1 15103 18337 278
1 7049 22202 543
1 1330 30092 216
1 26066 32568 454
1 17894 19521 921
1 30970 31375 164
1 4578 5942 404
1 11517 20392 156
1 12218 17194 456
1 2180 8538 265
1 248 15357 857
3 10630 15559
1 2803 11932 422
1 2295 16812 686
1 9622 27759 902
1 12964 32222 464
3 10936 25421
3 16592 25713
1 14770 19058 170
1 30554 31637 69
3 4025 7809
1 10221 30160 699
1 27046 29893 823
3 10284 16993
1 24688 26261 336
1 9573 27797 841
3 15664 31176
3 4972 14337
1 1086 10898 116
1 9873 11395 871
1 30541 32155 143
1 1113 11874 900
1 19747 29897 398
1 1184 11194 579
1 13342 29026 54
1 12488 19015 737
1 15138 18911 228
1 28190 29463 318
1 17476 25152 395
1 5414 13879 766
3 2973 4154
1 3820 16247 146
1 4337 9533 883
3 21630 30040
1 10762 27144 696
1 5564 10538 424
1 5330 10426 574
1 5617 15510 450
1 12232 12676 869
1 6519 30625 600
1 9781 11534 722
1 26206 32453 856
1 11366 14577 8
1 2461 2830 912
1 1579 21563 309
1 1281 7978 269
1 7151 7513 840
1 3042 3509 445
1 10313 22403 537
1 1552 6470 870
1 21856 24662 169
1 14894 19745 980
1 5989 18530 6
1 16989 27518 775
1 850 20323 432
1 2445 13118 170
1 11170 14990 111
1 3575 16502 214
1 5250 29531 410
1 2712 26090 93
1 15135 29501 65
1 16148 18480 312
1 14825 29274 636
1 12370 24598 657
1 9333 16044 914
1 23165 27546 497
3 7057 15085
1 8706 21489 754
1 16905 26644 757
3 8575 8725
1 14288 28048 538
1 17479 18124 860
1 7848 14081 732
1 11171 11361 482
1 3245 6928 500
3 3704 32445
1 16239 31167 300
3 12718 15644
1 24744 32609 942
1 12360 16954 553
3 4179 26434
1 14102 20192 397
1 21421 28294 141
1 250 17875 991
1 5752 13391 75
3 9397 12039
1 5887 29081 806
1 2348 32078 625
1 263 8025 949
1 16588 22332 689
1 14720 17744 287
1 2160 9686 308
3 10686 18055
1 2766 20701 983
1 3875 18968 361
1 22227 25946 882
1 3629 32588 93
1 9255 12506 302
1 19236 28515 128
3 3589 26145
1 30118 30161 576
1 8401 25374 656
1 3285 31898 392
3 14178 18425
1 1126 12408 360
1 640 14006 724
1 22404 28924 590
1 9896 20981 570
3 9518 32554
1 17106 30851 950
3 20189 21215
1 8064 29297 399
1 953 15046 73
1 8826 26421 476
1 5610 21456 375
1 29277 32221 657
1 7430 13215 192
1 11091 16619 361
1 7162 32668 353
1 10229 17802 700
1 9403 28356 28
3 18370 27668
1 18425 27318 335
1 8813 31864 787
1 27970 29768 702
1 1753 17662 308
1 11034 30102 902
1 8845 20072 661
3 22395 31714
1 10125 26699 692
1 639 26730 443
1 20728 28299 437
3 23453 31697
1 12178 21967 290
1 19621 28814 593
1 11372 32405 908
1 24021 32219 535
1 25965 31244 50
1 5663 21987 141
1 18476 24006 189
1 12134 15016 486
1 29489 31389 513
1 14731 21992 401
1 13729 30723 912
1 26768 30195 255
3 8793 15340
1 5892 17080 279
1 13904 16037 42
1 30234 32248 145
1 4331 23630 17
1 8913 22668 601
3 4479 9794
1 11610 32172 61
1 15969 23872 443
1 268 19817 933
1 718 4727 834
1 962 21170 390
1 6341 15896 304
1 17298 21400 867
1 5225 18499 584
1 15241 16940 273
3 11304 23878
1 14769 27740 417
1 19700 32387 345
1 20292 24029 765
1 14584 25866 671
1 3196 32703 441
1 5819 7690 183
1 16108 16838 820
1 9590 24171 112
3 15438 22759
1 874 13260 540
1 8866 28995 198
1 572 5812 46
1 23755 32504 130
3 12799 25488
1 435 2864 934
1 19067 28423 181
1 14609 31904 893
1 11215 17616 952
1 7520 11398 227
1 19316 24332 447
1 11522 15938 1000
3 3129 13467
1 24718 26728 928
1 6409 13401 513
1 2368 26197 275
1 7449 16739 408
1 2888 5890 975
1 4273 18977 379
1 6573 24497 763
1 15967 20395 731
1 7105 9430 170
1 9567 26470 21
1 9044 14041 773
1 11507 23204 829
1 6148 27088 87
1 10857 21416 383
1 11361 17237 935
1 7399 13522 669
3 11010 12404
3 8290 24313
1 6644 14495 670
1 19662 26941 773
1 25202 27766 11
1 6372 31952 785
1 5937 23008 671
1 4631 9280 155
1 2194 20759 896
1 20758 21622 731
1 3400 17596 186
1 21798 32255 374
3 23259 23637
1 395 8962 729
1 5330 31411 321
1 15226 19273 91
3 16766 30497
1 17078 22269 424
1 1297 3578 7
1 21702 31345 637
1 15958 16955 796
1 870 16982 413
1 9413 13112 832
1 19463 26887 583
3 24421 32020
1 2850 16082 597
3 8059 18957
1 17523 27880 538
1 6405 31467 269
1 21082 27839 686
1 361 23656 470
3 4629 31581
1 8945 24415 222
1 6981 10975 285
1 5059 28914 19
3 5938 19591
1 12334 27898 408
3 16596 32076
1 3499 29653 12
1 23795 28085 291
1 19176 23385 846
1 21341 23669 440
1 2294 14993 759
1 27587 31638 736
1 7941 30416 181
3 6294 18867
1 4408 7720 885
1 19579 24884 950
1 5136 26992 968
1 17858 25940 947
3 23946 28084
1 8472 17001 636
3 19601 27389
3 1206 8656
1 17927 28225 298
1 12078 24179 370
1 19400 21848 374
1 13887 26565 622
1 4937 20644 17
1 11404 11791 938
1 5013 8079 25
1 1342 1386 284
1 2802 23455 135
1 13893 19456 577
1 5820 20385 457
1 7369 9371 881
3 6632 24605
1 1002 19759 388
1 179 4025 532
1 16860 22161 376
1 15859 19233 653
3 6609 31222
1 21322 25629 400
1 4414 32543 309
1 18368 24448 552
1 8720 16458 957
1 3758 25040 861
3 28169 32247
1 6411 15481 28
1 18068 26474 599
1 21136 26885 176
3 4337 21024
1 5916 5941 27
1 21244 24961 147
1 19573 30015 433
1 1581 23170 828
1 3876 15438 88
1 28774 31526 221
1 13656 13933 91
1 24850 29259 989
3 15596 26066
1 11682 31001 388
1 1353 11415 943
1 5807 28849 637
1 22706 27873 682
1 346 16653 978
1 13302 19838 117
1 10280 26992 604
3 16083 27446
1 3830 5938 369
1 12698 29818 107
3 10867 23365
1 9291 18462 624
1 9881 10123 55
1 15339 16790 24
1 10053 11767 661
1 16296 21128 222
3 2087 19718
1 19879 29901 293
1 3461 22108 754
3 1751 26244
1 4662 13729 598
1 24907 26380 409
1 18822 22708 261
3 10760 28492
3 4582 7215
1 9723 10947 150
1 8486 21935 248
1 14846 24447 548
1 157 28480 605
1 9147 18548 296
1 3844 31774 472
1 4359 23969 764
1 7152 16484 391
1 21885 25012 376
1 16715 19404 67
1 8721 11643 544
1 4831 15662 650
1 9682 29220 379
1 14670 31358 198
1 14302 21058 125
3 27188 27565
3 8493 31957
1 25061 31698 702
1 17030 25210 487
1 6824 20142 579
1 945 2446 366
1 2269 12217 704
1 11373 28208 666
1 25519 28656 710
3 25902 30927
1 17746 25646 299
3 23903 29569
1 1914 30876 285
1 7228 27794 859
1 7959 22620 742
1 16961 22529 622
1 1299 7666 490
3 3169 3330
1 6028 8106 896
3 17955 31771
1 14796 30412 113
1 2120 15235 172
3 17134 23069
3 15870 26126
3 21466 22932
3 1569 15231
1 4536 20414 887
1 1936 24112 222
1 9242 24504 678
3 10575 13237
1 11805 22655 823
1 3426 13268 959
3 28557 31901
3 11811 21337
1 9624 32561 694
1 17174 20763 618
1 4025 6274 424
1 12758 28240 528
3 382 25230
1 8316 22748 995
3 25971 29139
1 12539 14924 201
1 26625 30551 940
1 19857 25899 371
3 6648 30377
3 10851 22170
1 25228 31521 62
3 20453 27758
1 7622 27001 811
1 1552 19637 339
1 26291 32688 347
1 5412 32231 65
1 6056 18632 672
1 3663 13267 650
1 4760 20878 735
1 5326 21049 285
3 8101 17368
3 640 24701
3 3372 4965
1 4497 29610 975
1 29335 32448 243
1 8659 28322 405
1 7611 30936 301
1 25658 32729 585
1 12006 28301 109
1 14943 29228 754
1 14721 27065 868
3 1857 28778
1 7880 21350 27
1 1416 22074 696
1 9012 26248 301
3 4411 5854
3 20960 27295
1 27182 30577 257
1 4398 13909 14
1 1353 10989 138
3 17103 29228
3 2521 28875
1 5699 19332 231
1 7652 26115 265
3 10082 14175
1 514 15036 998
1 5083 8975 207
1 4144 19714 913
1 14187 26934 563
1 13249 19577 799
1 26037 30383 156
1 9846 14710 752
1 22392 24315 169
1 74 18472 142
1 6100 7378 865
1 18740 30173 232
1 8144 19868 132
3 14692 20415
1 9417 27816 28
1 22519 30705 142
3 6052 13389
3 27206 30773
1 11787 23061 612
1 435 2450 737
1 23968 26954 574
1 5507 11064 248
1 1595 4568 687
1 15434 26434 892
1 4931 15068 579
1 13604 22163 137
3 17487 30972
3 9360 14775
1 15456 18120 922
1 7215 14355 570
3 791 27093
1 13306 26026 876
3 6841 18209
1 9273 10368 809
1 11046 22145 912
1 1755 26443 811
1 1186 25001 996
1 17996 25183 107
1 1048 14544 857
3 2892 22152
1 10824 17598 524
1 11002 28688 749
3 19348 25754
3 6912 27059
1 14079 25930 869
3 19206 32295
1 19053 20744 138
3 18836 19812
1 855 27764 961
3 10826 24305
3 8462 18855
1 8664 28327 122
1 10304 15562 491
3 16324 18240
1 14869 24213 654
1 9893 24182 139
1 25651 32360 968
1 19591 23278 780
1 1003 10313 592
1 15023 15889 417
1 12376 30875 964
3 19263 30071
1 4190 21523 131
1 20055 28543 198
1 17342 27643 645
1 11286 19449 760
3 14040 27549
1 507 29870 605
1 14898 23129 437
1 4298 8185 107
1 17360 30711 589
1 1102 12101 505
1 1898 11277 309
3 3485 27093
3 13845 20514
1 11306 19569 264
1 9415 31583 616
1 14467 15465 155
1 13447 15299 822
1 5154 12448 662
1 21501 32023 278
1 2814 32722 383
1 5644 8806 696
1 4653 16590 246
3 6560 19816
1 7052 15681 135
1 2763 18508 153
1 3388 21481 507
1 23876 29183 830
1 16378 17214 420
1 5859 21335 491
1 18204 32080 390
3 10790 23466
1 609 18815 171
1 19777 20784 752
3 10236 12357
1 1152 6965 99
1 14712 32519 270
1 14345 28106 458
1 14769 20867 850
1 17367 24131 429
1 6251 13884 815
1 14195 30324 660
3 1893 3612
1 18431 29393 553
1 14113 29287 384
3 17475 26529
1 16822 23487 488
1 2622 30508 532
1 20902 26466 975
1 6043 16490 187
3 5356 7928
1 23541 29238 553
3 13056 25529
1 9379 21598 504
3 18595 22508
1 4560 27521 357
1 4541 7755 14
1 4871 6766 315
1 2653 5115 151
1 11053 12174 959
3 910 17919
1 8115 13259 4
1 15877 29917 321
1 843 13337 412
1 8159 22005 159
1 14621 29896 621
3 20872 22300
1 7628 27349 418
1 16970 19977 103
1 6806 23380 11
1 21465 24227 264
1 7866 20052 52
3 4154 7472
1 10375 19020 288
3 11785 23270
1 9213 16910 439
1 17726 24320 835
1 13761 31070 949
1 2990 23654 988
1 27587 28365 713
1 11596 19687 256
1 1004 17527 629
1 20883 26573 385
3 19099 26177
1 20203 30753 980
1 5042 15478 200
1 13131 18669 770
1 17807 17956 355
1 24848 32184 831
1 26893 27581 918
1 14226 18846 483
1 6623 21547 659
1 3984 5228 144
1 1923 10282 135
1 24514 32012 407
1 5574 18621 772
3 11407 28885
1 15039 25329 291
1 620 30108 461
1 14805 24363 766
1 14643 29740 956
1 17660 27222 914
1 2564 25794 787
1 868 12765 893
1 19346 20899 147
1 22157 24147 811
1 1345 32602 546
1 11210 25839 637
1 2932 25449 689
1 8565 25946 509
1 6424 32194 454
1 1372 3649 147
1 1049 30545 963
1 15442 30917 52
1 6353 31113 677
1 8374 27887 566
1 8747 14664 966
1 27 26384 109
3 10005 11357
1 14531 26169 236
1 16679 22773 185
1 11226 19137 995
3 8942 11386
3 6875 24878
1 9904 29866 185
3 12787 25723
1 21150 22393 178
3 4034 30078
1 1495 20339 204
1 7651 24802 667
1 4522 31141 886
1 7165 19816 228
1 6510 27136 703
3 19373 26186
1 4163 15368 268
1 6280 29477 564
3 22750 23900
1 2972 30250 458
1 1491 26853 363
1 5276 22043 431
1 7739 15495 434
3 6540 31587
1 2019 3785 373
3 18403 20086
1 9069 27120 665
1 8990 14927 12
1 5803 24713 466
1 20653 26338 171
3 5346 10542
1 15294 22483 702
1 8627 22929 979
1 6281 26450 626
1 5641 30098 769
1 14109 27104 209
1 13896 20239 476
1 16487 31355 377
1 8943 32627 725
1 273 6944 260
1 15108 17882 697
1 3160 15596 882
1 18879 29794 328
1 16580 18028 405
1 30208 31679 607
1 5952 12165 100
1 12174 22768 590
1 29757 31559 17
3 14739 17869
1 14954 20349 151
3 2961 20449
1 7404 18302 662
1 18932 19936 608
1 10318 25953 548
1 9865 23180 470
1 4097 7488 157
1 3739 8396 428
1 14002 17751 242
3 12148 20572
1 1878 15863 902
1 2562 4614 490
1 7006 23923 431
1 22636 27465 386
1 4049 5796 956
1 9158 10622 436
1 12136 12687 183
1 2675 10318 637
1 1822 2638 85
1 1947 14450 284
1 6422 27948 10
1 3289 17674 5
1 1914 23237 722
1 5667 24239 825
1 8843 18676 241
1 12293 13376 156
1 17007 30731 540
1 8545 18463 662
1 969 17717 110
1 19703 19874 531
1 28613 29033 316
1 8662 22446 139
3 1187 26598
3 21363 22679
1 4978 5486 713
1 9419 27921 644
1 12775 23209 574
3 3019 19782
3 11321 29083
1 22427 23065 817
3 5087 22763
1 3944 26573 815
1 24528 24689 127
1 8524 25790 558
1 6915 21165 38
1 830 28458 429
1 4655 20839 472
1 23375 28429 251
3 18228 18310
1 9187 14667 449
1 19902 23880 299
1 1955 30569 407
1 11085 12147 587
1 17311 30141 441
1 11803 25522 940
1 13926 16322 340
1 10877 24102 283
1 7105 25164 576
1 5288 20772 372
1 1218 27269 604
3 5281 20555
3 31131 32085
1 10239 20884 27
1 26108 28043 505
1 324 17383 771
3 17613 28587
1 18598 27192 918
1 16873 31357 348
1 24012 27089 385
1 9757 21306 849
1 6255 23632 978
3 9889 18120
1 526 22866 288
1 5014 9988 494
1 13147 15480 755
1 7159 15183 822
1 5600 23254 39
1 11415 17873 272
3 2911 15931
3 17777 24753
1 19872 24305 782
1 12507 25749 859
1 1004 5697 791
1 17516 28559 990
1 12991 28592 858
3 3437 4931
3 20712 26703
1 22512 30014 601
3 271 5655
1 2678 12940 338
1 17724 26845 354
1 9127 15934 975
1 5643 18805 171
1 4004 26119 672
1 5629 24875 263
1 24051 29853 219
1 10092 30269 504
1 3804 7528 582
3 4952 14137
1 12065 26002 811
1 5601 19923 773
1 13024 32734 732
1 29028 29357 324
1 3201 22334 498
1 11209 17422 181
1 4414 24815 687
1 8690 16790 351
1 14841 30308 275
1 16472 22188 405
1 3864 26718 91
3 16223 19745
1 859 13718 801
1 17541 26244 109
1 7718 24341 138
3 6689 8811
3 1354 23085
1 7900 27568 793
1 24794 25476 38
3 3759 5440
1 21724 24529 715
1 4604 8314 205
1 12745 18318 304
1 3680 29274 563
3 13556 22921
1 8841 25264 772
3 9393 31107
3 11764 26820
3 9720 26220
1 14396 20172 682
3 2019 19769
1 2001 3315 861
3 11180 19815
3 1668 28944
1 27753 32070 352
3 334 17249
1 4757 26989 827
3 5055 9570
1 23319 24315 985
1 7319 9950 329
1 10362 14546 688
1 9882 24177 519
1 21202 27993 441
3 6353 17519
1 735 25392 889
1 320 14152 423
1 20709 31768 108
3 23548 23829
1 15560 28028 195
1 6144 24018 83
1 9148 32262 643
1 14198 28918 916
1 5217 19069 258
1 18516 24034 551
1 3382 31555 857
1 8397 14370 59
1 8480 20177 730
1 14599 24901 833
1 26894 27399 519
3 8357 18009
3 10000 13170
1 1064 4076 305
1 12365 18013 322
1 12207 25624 19
1 16905 26059 801
1 12720 23072 407
1 16504 31466 245
1 7771 9244 725
1 8672 18551 890
1 3444 28872 138
3 12060 20564
1 19404 27371 774
3 19974 28049
1 7935 26795 901
1 10899 13632 696
1 4182 17608 456
1 21366 24194 102
1 9281 15744 396
1 440 5238 674
1 7890 31044 901
1 26115 30160 443
1 13696 15255 802
1 29465 29478 521
1 18853 28048 159
1 11369 13143 579
1 206 10384 19
1 7390 12223 569
3 13639 18603
1 8254 24855 421
1 11215 12149 655
1 2623 3513 435
1 15996 22209 871
3 5614 26465
1 29811 30910 457
1 6421 23421 865
1 5975 29384 101
1 10144 12950 635
1 15075 22349 705
1 3168 15002 482
1 30057 30150 829
1 19255 24946 4
1 17239 20043 251
1 346 11240 960
3 5877 11471
1 9070 30917 754
1 7062 32423 918
1 19194 24161 120
1 24697 26007 703
1 2281 16033 912
1 17722 26462 72
1 11800 18443 298
1 6277 11933 987
1 16275 17032 181
1 13483 26471 609
1 26474 30106 736
1 7394 10496 148
1 618 20891 442
3 3693 19387
1 26600 28196 118
1 2848 22641 556
1 8057 20705 430
1 2766 32698 522
3 13046 30819
1 22812 24871 556
3 14011 31116
1 21889 28599 464
1 23732 31574 658
3 12843 22916
3 11571 23787
3 1568 31232
3 25613 26781
1 6044 6573 274
1 6578 30865 606
1 5416 32593 798
1 4516 22037 509
3 2578 9495
1 28445 31406 25
1 19962 21962 884
1 8453 32737 827
3 16199 31154
3 13384 22905
1 1691 13770 36
3 2681 10182
1 18890 27710 507
1 7143 15495 321
1 15146 22606 592
1 6209 7626 890
1 7201 9547 747
1 23284 25960 667
3 1326 20612
1 5938 31009 909
1 3729 19027 700
3 17464 22188
1 26211 27269 825
3 15644 23033
1 6534 10755 619
1 21216 26294 299
3 8420 28230
1 13221 15456 422
1 6479 24085 619
1 8302 14945 740
3 12753 28752
1 7083 22588 757
1 2296 28576 763
1 9349 24699 384
1 11191 13813 338
1 19440 30899 630
1 11059 21545 441
1 2978 32406 317
1 10169 32193 39
1 5137 13229 215
1 17735 19628 152
1 1450 31525 256
1 8370 29465 770
3 692 7909
1 21311 24197 207
1 4391 12786 404
1 4939 11459 529
1 1343 9236 546
1 4382 24014 983
1 16319 20803 371
1 10418 23436 158
1 9089 19999 358
1 1474 25624 986
3 17250 24768
1 18904 27162 816
1 23532 29579 711
1 11207 23761 909
1 2735 24408 994
1 11 29700 382
1 11143 26560 91
1 3035 9454 5
1 5723 15763 943
1 21344 31272 48
1 7877 17868 574
3 8271 23581
1 12388 13325 795
1 3519 31733 355
3 20464 28100
1 21776 26310 807
1 11371 16931 302
1 11511 21297 587
1 1340 30555 649
3 754 18998
1 6896 26419 21
1 18611 27896 90
1 13735 18615 940
1 11172 12012 644
1 10922 28635 793
1 23015 31073 247
1 13923 32418 932
1 2214 21561 147
1 17245 30442 701
1 14258 26662 404
3 17754 21070
1 17961 32540 714
1 2285 9361 427
3 12216 30167
3 25647 29630
1 18413 24626 821
1 8155 16782 553
1 13204 28550 840
1 12350 26291 973
1 7677 24049 223
1 18607 31262 438
3 15589 21267
1 24621 31772 295
1 4877 19010 502
3 9248 29814
1 3130 20730 968
3 27491 32346
3 21988 24503
1 2492 8075 83
1 7370 25140 294
3 6125 11944
1 24687 32637 593
1 9124 28843 624
1 11356 19067 532
3 8079 11770
1 945 6974 106
1 5155 13394 377
1 10370 26722 378
1 1648 11568 492
1 22310 27045 648
1 26269 27103 703
3 4725 9474
1 3758 13633 38
3 11393 29012
1 7767 22665 723
1 18822 28054 986
1 233 20198 870
1 31495 32162 112
1 12503 20718 135
1 6614 21190 210
1 23033 30858 343
3 1932 18708
1 159 2721 482
1 17314 29121 390
3 4391 15661
3 31896 32078
1 18973 22806 368
3 8707 27844
1 13993 16770 272
1 21123 23689 620
1 10988 14619 142
1 15083 27082 53
1 10733 24264 48
3 21854 29886
1 23343 29378 273
1 6184 29332 58
1 11183 29281 564
1 27721 31114 11
3 6077 30655
1 3977 23283 174
1 4456 23366 656
3 365 14594
1 29271 32533 638
3 12164 23488
1 22009 29125 954
1 10225 19413 397
1 2260 21649 241
1 8065 20612 987
1 13650 17478 771
1 818 27235 757
1 18835 19413 696
3 6187 20039
1 1666 10604 89
1 14120 20085 603
3 15786 31865
1 9762 29252 103
3 15805 15848
1 13473 20159 713
3 19675 27422
1 10533 26016 371
1 12803 18394 34
1 27557 28594 540
1 13893 17408 10
1 21589 25093 434
1 20828 24188 487
1 13358 14555 284
1 18342 28052 449
1 4237 18596 89
1 4209 4278 275
1 6392 32580 488
1 778 27241 844
1 19037 22475 953
3 19524 29125
3 7214 15550
1 10130 32313 236
1 10955 13814 549
1 17450 18821 448
1 6815 26749 902
1 15009 25308 111
3 24912 29349
1 7983 12325 81
1 23733 29426 203
3 2616 22942
1 16723 28113 844
1 4038 11570 486
1 14736 31105 976
1 4059 15118 991
1 10185 13713 28
3 20128 23162
1 23576 27869 45
1 8375 23952 154
1 9434 18890 985
1 830 29351 467
1 14374 17458 496
1 15536 29920 432
1 2839 8107 262
1 8360 23532 802
1 340 26417 38
1 261 13487 755
1 5808 13970 156
3 15464 30145
1 21999 25306 485
1 4500 23737 197
3 2873 6693
1 4113 9058 826
1 19712 22197 999
3 13205 16966
3 11468 16313
1 824 32013 49
1 154 18364 771
1 3090 18950 75
1 11452 27542 118
1 736 8723 66
1 4226 14939 594
1 20844 26069 71
1 1135 16905 532
1 17898 21107 768
1 11964 20835 441
1 335 26193 839
1 5744 10198 70
1 9093 26578 601
1 19706 28379 75
1 7325 10030 807
1 11809 32016 948
1 11854 28652 169
1 18821 20399 199
1 4982 13411 342
1 20078 25025 552
1 18876 30493 414
1 4008 19272 855
1 6692 21820 80
1 20584 30544 161
1 11083 26433 324
1 25672 26361 523
1 13541 24718 714
1 18617 23303 115
3 18220 31483
3 17077 22668
1 10447 18140 349
1 1879 23241 416
1 5603 28292 583
3 11449 31197
1 11300 17727 977
1 6066 31392 941
1 6606 18479 95
1 4724 27202 700
1 4193 10368 760
3 25313 25626
1 7387 18968 842
1 20056 21237 816
1 2744 9816 953
1 25560 26547 958
1 4546 11476 11
3 8794 20624
1 10648 12545 91
1 15187 19257 399
3 7410 10630
1 7974 30319 967
1 5178 17073 548
1 947 23632 137
1 13951 19630 749
1 15073 15189 182
1 11710 21964 816
3 10285 27294
1 10420 10907 382
1 6463 11783 821
1 8519 16388 890
1 12284 17975 384
1 74 5884 181
1 3439 24646 803
1 20691 23233 357
1 8757 10266 653
3 4045 16084
1 1366 2358 606
1 4238 10366 610
1 11035 32307 604
1 10563 23281 498
1 14920 27428 823
1 6325 32009 139
1 428 31556 696
1 2662 7339 326
3 2092 11569
1 6165 26646 869
3 12017 15606
1 16113 20915 681
1 16685 31558 162
1 4768 10213 383
3 7712 27098
1 25888 27857 282
1 21542 25375 171
1 3658 15728 358
1 1076 30778 551
1 1521 19533 233
1 8822 28989 527
1 5650 28274 865
1 7368 23999 610
1 5854 26960 191
3 21288 26960
1 20480 28554 855
1 1729 14662 966
3 13316 30074
3 4461 18278
1 15853 24914 148
3 19445 25179
3 3179 12896
1 2586 17756 926
1 21550 31588 378
1 6403 30021 210
1 5695 30502 612
1 1415 22727 442
1 6652 16220 835
1 9477 31640 194
3 9172 25221
1 1009 23623 341
1 17541 32293 202
1 13650 17327 722
1 2477 19662 691
1 7997 10149 445
3 19538 26228
1 19644 29103 744
1 15535 22436 229
3 9627 18868
1 14502 32553 319
1 18340 20267 989
1 14654 16431 250
1 27365 31126 386
1 12191 12259 104
1 960 17152 869
1 21058 26709 659
1 2594 23149 444
3 23547 28111
1 1513 4953 382
1 14067 18022 456
1 9866 22961 905
3 22209 28640
1 19526 23516 904
1 24687 28634 859
1 10969 15872 995
3 9435 15551
1 5699 26366 445
3 14167 24969
1 5940 32071 149
1 17347 32070 691
1 7648 28513 655
1 17773 20169 699
3 10855 11837
1 14573 18644 808
1 21152 22810 433
1 4414 31708 321
1 11388 24445 819
3 7453 16597
1 22317 27254 775
3 2884 4388
1 20057 27015 632
3 2991 4430
3 4872 29039
1 2280 12408 779
1 14084 21935 147
3 16979 30156
1 4015 12564 950
3 3127 19674
3 14123 23231
1 10314 23384 352
1 8630 19369 138
1 14151 27877 692
1 15979 18800 668
3 6164 10935
1 9792 20693 922
3 15014 23574
1 12617 18020 470
1 12235 17228 13
1 9619 15364 369
1 19524 30450 346
3 11682 25420
1 14625 32398 463
3 7646 23359
3 9675 17077
3 12715 20565
3 15836 25865
1 3321 10577 638
3 2776 5828
1 9177 27759 655
3 11468 11784
1 10285 30648 748
1 20487 23148 776
1 3965 23728 501
3 948 3174
3 18787 28358
1 12544 20141 240
1 2884 10640 536
1 10879 30216 164
1 6924 19369 370
1 11487 21730 565
1 27497 29490 2
1 5562 10906 238
3 21407 28573
1 11167 24912 243
3 19541 31236
1 18154 32464 53
1 23050 30039 394
1 1483 29344 963
1 3466 12651 868
3 14669 24434
3 20086 24476
1 3333 15185 786
1 10826 26752 955
3 13419 25586
1 8429 10932 177
1 2734 12615 622
1 7280 28976 179
1 2278 9017 930
3 17652 26311
1 7015 24284 607
3 12227 28577
1 19424 21620 235
1 26539 32010 355
3 13194 30721
3 3553 30482
1 6287 14852 231
1 9768 16165 766
1 6753 21648 151
1 6408 18287 742
3 20459 26850
1 14432 28820 817
1 7820 15634 768
1 757 17633 137
1 5205 24805 857
1 21813 28485 834
1 19658 20321 474
1 7036 32166 122
3 1988 21127
1 6344 7740 30
3 13332 27486
3 511 11651
1 15759 22171 322
1 23194 30407 260
1 10611 29956 750
1 1162 17073 844
1 6454 30527 350
1 1463 31415 744
1 1758 17919 407
1 13484 29111 621
1 17372 21928 247
1 6256 9387 893
1 29295 29671 57
3 7684 31783
3 12632 31355
3 4820 11341
1 2843 31613 507
1 1550 17136 459
1 5552 20804 198
1 13911 17338 939
1 11244 18859 624
1 1085 16993 146
1 2917 28724 859
1 9110 10214 843
3 6209 15369
1 65 3550 384
3 4755 16726
1 3037 10847 527
1 9219 10345 202
3 3982 32678
1 5752 16712 430
1 16167 17582 322
1 15104 16876 583
3 4378 19784
1 14511 21814 538
1 18773 24586 265
1 8054 29921 655
1 31120 31868 791
3 12171 32126
1 14214 25069 664
1 5122 10941 124
1 1814 30738 389
1 9418 31053 168
1 18450 22729 814
3 4075 20415
1 23340 29291 273
1 29467 30826 624
3 2029 14584
1 10083 14569 506
1 859 28942 886
1 22788 23819 392
1 1188 17358 282
1 22667 29485 412
1 20543 20853 778
1 1395 9903 920
1 10112 21721 650
3 9558 18222
1 6397 17114 407
1 8736 17317 664
1 18316 28951 880
1 5494 28384 802
3 3191 26406
3 1638 4267
1 8127 16059 686
1 10009 27862 4
1 5377 31966 48
1 26270 29050 592
1 5257 6477 950
1 4256 15355 978
1 2754 25546 125
1 2662 19933 385
1 166 30083 840
3 2795 6760
1 17808 22418 683
1 29416 29456 467
3 16961 24872
1 23310 30683 461
1 15870 26557 37
3 3680 10458
1 7299 8689 16
1 10499 12993 880
1 11288 15511 702
3 10800 17948
1 6952 21616 492
1 6663 30541 861
1 31486 32206 20
1 9200 27885 765
1 13361 21545 655
1 9448 17021 998
1 8151 12398 976
1 10243 23491 685
3 20932 28485
1 11318 16664 468
1 25148 29204 226
1 4222 9837 372
1 8013 27680 149
3 30011 31122
3 9499 11353
1 21279 27123 637
1 2558 20120 573
1 5628 11603 141
3 22541 25482
1 9129 9583 18
1 22077 24997 822
1 7462 12310 232
3 14199 19851
1 20358 22333 270
1 10078 25579 801
1 5912 25825 457
1 13071 18829 105
1 3214 14441 578
1 22229 24880 722
1 19639 20471 291
1 12608 24257 454
1 21451 21790 727
3 18839 31695
1 7133 12876 172
1 26513 26844 655
1 9605 28221 386
1 13709 16613 703
1 8190 28896 22
1 13050 17190 765
1 18706 23303 208
1 5961 25544 281
1 5390 32699 977
1 3874 17396 896
1 3499 28749 82
3 3654 15088
1 12558 30024 254
3 2257 12538
1 916 14109 645
1 12917 19701 922
1 532 9665 705
1 14609 23436 202
1 928 12353 517
3 17148 18695
1 17992 31781 533
1 14610 25392 292
1 25409 31873 911
1 21521 25643 681
1 4894 9272 140
1 11612 23141 259
1 3154 27940 156
3 7169 17256
1 25584 28809 207
1 4844 10589 930
3 5466 16095
1 4508 20720 154
1 17820 28270 525
1 8638 19163 825
3 20507 32207
1 10682 23219 430
3 14206 25123
1 16007 32368 797
1 7396 10492 285
1 10371 31099 462
1 13466 23457 13
1 24808 29802 201
1 1336 16726 363
1 12578 31967 82
1 624 32196 466
1 769 22637 286
3 1673 16852
3 7726 12791
3 7489 23027
1 26716 30257 823
1 10015 13478 652
3 21323 25883
1 13092 20273 411
1 17767 30495 348
1 7660 21167 259
1 11698 19165 743
1 16641 31172 545
1 4825 12003 930
1 20265 28192 828
1 3791 22143 963
1 357 13456 797
1 6102 25995 807
1 4337 8701 634
1 10558 26279 231
3 3946 21066
1 5346 6570 914
1 2560 32659 338
1 4545 12210 398
1 2920 30846 606
3 10720 12849
1 1197 11514 256
1 7507 8261 869
1 664 3899 1
1 16594 20621 610
1 9033 16520 232
1 2979 19611 823
1 13773 32744 678
1 17615 27748 383
3 24182 25262
3 2915 6632
3 11381 25930
1 4539 30072 376
3 2 8193
1 404 11688 178
3 5039 15134
1 30350 31053 48
1 13082 16138 713
1 12432 25745 914
1 18217 29069 693
3 6557 31135
1 9389 22848 727
1 9616 31153 487
1 525 14100 992
1 1622 27212 120
1 25043 27719 2
1 15607 15848 237
1 19799 31525 818
1 5245 25837 976
1 228 16994 178
3 14976 18443
1 906 4743 348
3 2257 9701
1 12702 28450 658
3 9555 27570
1 26705 29661 135
1 19329 20258 327
1 11381 30522 682
1 755 14915 756
1 5007 32688 268
3 8497 23331
1 9445 20305 948
3 2832 6715
1 3688 11202 544
1 18534 23457 968
1 4711 23442 575
1 5223 15738 158
1 22174 32144 435
1 3776 6323 51
3 20443 24483
3 8633 10071
1 1531 24159 629
1 17106 28804 967
1 324 11264 226
1 1020 12530 333
1 17653 32507 812
1 26192 32058 919
1 5579 21298 26
3 6817 29377
1 111 23927 52
1 5036 8247 48
1 6142 31601 246
1 4155 6137 23
1 9783 18887 395
1 9883 30685 912
1 12744 30876 441
1 2956 28869 501
1 20648 26154 162
3 5737 31184
1 20456 20820 84
1 10284 18558 627
1 7853 18637 348
1 15372 29505 195
1 14363 18447 931
1 19644 27352 499
3 17521 25261
1 15606 18361 717
1 23728 23788 895
1 18455 26764 545
1 21856 31594 194
1 24387 27809 543
1 2467 28272 724
1 14332 26297 245
1 12610 18340 773
1 15017 22217 110
3 5305 12181
3 13935 17456
3 28011 32175
1 14281 17870 338
3 6381 10053
1 18809 25971 620
1 21255 24105 724
3 16138 26144
3 12832 25227
1 13226 20675 944
3 13299 31703
1 5217 15598 571
1 6041 9556 715
1 14553 27442 48
3 19433 28222
1 8848 17325 533
1 2109 18226 76
1 14716 23814 380
3 2458 16426
3 6880 9594
1 3086 4917 697
1 4431 29674 707
1 6049 21704 750
3 14558 22897
1 231 2618 14
1 1824 5196 906
3 13312 29291
1 4318 14730 394
1 7472 31357 121
1 9610 19109 402
1 26418 30788 485
1 11755 28259 52
1 9435 25327 268
1 8253 14710 479
1 2111 10824 912
1 675 18501 840
3 31822 31825
1 2517 17926 494
1 6065 26889 510
1 6635 13213 568
1 2001 28309 646
3 2471 31652
3 5186 16428
1 12510 24972 353
1 21300 29518 197
1 11303 18436 515
1 1869 7640 8
1 1771 6727 476
1 9581 17490 626
1 21978 32535 759
3 18589 22437
1 17970 24271 172
1 24905 32241 404
1 4233 20726 59
3 26055 31939
3 12435 29522
3 9548 20279
1 8729 10451 282
1 10330 14612 410
1 8472 11455 112
1 7079 17953 920
1 25521 30966 726
1 9197 11460 139
1 2496 5596 680
1 26436 32608 154
1 20793 24821 567
1 3654 17040 135
3 18601 21862
3 21141 23260
1 1298 32630 875
1 25625 27559 45
1 16818 24421 476
1 27403 30057 665
1 8389 23975 598
1 14873 18037 813
1 11287 15661 585
1 11741 25928 661
1 8271 30593 522
1 9453 13657 668
1 4560 15085 671
3 646 1907
1 11914 17881 169
1 20521 32617 316
3 16748 22858
1 3721 9370 90
1 19625 20169 516
1 11669 18521 907
3 21701 30921
1 12562 26061 884
1 4050 14168 412
1 5143 32065 594
1 466 24858 950
3 3920 5395
1 15512 27925 824
1 3122 10724 554
1 17634 23703 380
1 9472 20289 822
1 5674 15043 327
1 5392 23508 575
1 9591 32594 895
3 6570 22191
1 9338 28476 269
1 10281 32291 627
1 8379 23379 555
1 2141 28093 19
1 1520 13826 851
1 30092 32169 29
1 27550 30010 187
1 173 27441 258
3 10481 20638
1 18252 27605 122
1 12743 25501 605
1 28373 30154 71
1 7069 32466 917
1 25745 32743 536
3 8305 24471
1 5767 32215 836
3 17886 30154
1 32349 32417 144
1 17268 18592 723
1 29324 32105 834
1 16421 22336 628
3 1650 16132
1 7039 23370 954
1 6590 16188 258
1 22468 26781 195
1 2088 5174 805
3 16674 28333
1 1919 2024 623
1 16749 30966 368
3 8306 12562
3 24556 26690
1 186 12750 411
1 15668 26278 128
1 11735 19468 731
1 23363 25339 797
1 198 10761 709
1 8230 30707 351
1 3774 22617 370
1 10687 21716 905
1 31080 31382 884
1 9013 21654 800
1 19533 20723 212
3 12158 26201
3 2389 22652
1 14533 31069 23
3 19367 32399
1 7289 18526 498
1 17138 26662 155
3 2933 13939
1 7119 26769 777
1 26798 27162 436
1 4696 8361 993
3 18561 26020
3 16585 18015
1 21356 27888 502
3 2796 3617
1 8161 9052 797
1 1031 25960 7
1 2685 19431 160
1 11448 29507 201
1 12347 15050 268
1 1050 2718 766
1 1760 18130 440
1 4086 19567 854
1 8342 19585 535
1 3983 27081 191
1 4583 28435 713
1 7826 22514 537
3 12053 25118
1 3814 21681 656
1 6376 7314 362
1 14164 31881 363
3 6425 31711
1 11522 24972 65
1 816 11784 798
1 2613 26463 37
1 16836 27524 73
1 15591 20242 892
1 22842 32073 242
1 1249 2767 94
1 21269 29526 848
1 12807 26491 759
1 27435 31146 460
3 6720 30162
1 4257 7643 188
1 21095 32403 209
3 12280 23928
1 1270 14799 650
1 25606 30363 767
1 1445 30370 533
1 13816 23251 877
1 28448 30114 249
1 10407 19474 465
1 6061 19332 39
3 22605 29638
1 12543 16548 915
1 526 2625 436
3 9040 26048
3 3678 22159
1 15717 28048 625
3 6894 21185
1 8030 12481 324
1 25465 26621 612
3 10411 29164
1 15000 30994 717
1 9748 23484 981
1 5575 21795 581
1 11454 31883 543
1 6283 32693 462
1 9089 14451 963
3 1795 30143
1 9883 20236 474
1 12357 30461 489
1 16365 29559 439
1 8565 28600 716
1 7576 14593 437
1 12062 26266 598
1 5080 18319 485
1 9043 9273 857
1 4871 9152 355
3 14164 15965
1 5011 25744 349
1 202 3792 162
1 11954 29417 246
1 12602 16000 324
1 1958 22116 685
1 763 20150 935
1 17024 23679 456
1 2702 21626 988
1 5207 28774 923
1 12882 22318 207
1 8467 26671 484
1 11014 31500 792
1 6122 29526 741
1 10636 15970 637
1 17300 30100 550
1 353 14877 654
1 1498 22081 912
3 10857 22263
3 7821 8651
1 5185 5523 114
1 570 13236 554
1 20017 32547 592
1 11258 18385 541
3 24472 27533
1 17420 18777 77
1 4852 26987 413
3 13011 21570
1 24836 32235 770
3 6125 16663
1 5877 12661 516
3 2168 12189
1 26432 30239 690
1 14183 16263 857
1 6197 15998 840
1 12326 27918 931
1 3347 15916 657
3 16506 29272
1 3822 15408 285
1 1519 18049 126
1 7972 22672 826
1 7061 24818 740
3 15344 27981
1 2021 18632 390
1 10698 14066 318
1 2836 2887 419
1 25219 28426 624
1 8200 13960 378
3 5889 8563
1 4364 31856 832
1 1827 30182 582
1 31087 32518 75
1 9483 15075 264
1 15637 16163 932
1 1960 7286 613
1 8787 29976 337
1 21194 29854 694
1 8530 9080 847
1 862 2005 288
1 28224 29671 524
1 3337 32376 932
3 8067 22507
3 2010 20565
3 8974 15136
1 2659 20156 807
3 6845 12071
1 8263 9629 306
3 17967 31528
1 5924 12354 366
1 17170 21383 759
1 5359 15269 90
1 22642 24912 570
1 7567 16761 327
1 1386 4159 703
1 28945 32131 424
1 2972 10662 218
1 13895 23491 435
1 9586 17032 922
1 5689 28663 528
1 7160 10426 532
1 13954 28227 974
1 11966 24071 302
1 1331 12876 62
1 4055 24366 5
3 573 10447
3 1484 8114
1 9680 20531 868
1 11209 13727 70
1 12483 30448 848
1 4271 4767 582
1 1579 9484 933
3 14511 24680
1 713 24130 329
1 14430 22861 162
1 14297 20985 67
1 10685 22941 872
1 2543 21758 719
1 6914 8177 994
1 19234 27885 461
1 20494 21253 82
1 17167 31087 59
1 6437 15431 104
1 31940 32085 666
1 8644 16391 567
1 24295 32113 511
1 5405 24566 965
1 4013 29598 891
1 2890 21751 495
3 181 31206
1 5316 11866 298
1 3839 10555 60
1 8887 23457 58
1 8683 30208 861
1 8684 20927 757
1 14398 24613 458
1 7648 26223 684
1 11204 11312 245
1 6605 19111 173
1 3747 9926 126
1 13779 30828 553
1 6694 14560 592
1 496 21216 822
3 3935 27174
3 13493 30648
1 15182 32086 13
1 15111 16837 469
1 11125 28510 85
1 15159 26795 555
1 5114 9784 431
1 9920 21979 218
1 20 4513 339
1 19675 23950 960
1 1159 20356 306
1 3061 26111 637
1 1133 12842 550
1 313 29411 725
1 1551 5735 629
1 878 17806 898
1 3007 5566 458
1 5419 26039 103
3 10998 23108
1 18746 30539 175
1 9850 19922 269
3 12595 24918
1 8451 17929 406
1 6509 20132 96
1 11183 32303 166
1 19564 26434 302
1 14016 28782 652
1 23843 32301 789
3 5120 18089
1 3222 15075 799
1 17101 28082 907
3 4891 11788
3 8271 29470
1 10943 30446 675
1 16317 29148 85
3 1003 9006
1 9318 16779 122
1 3385 29350 775
1 72 21032 310
1 19066 20706 596
1 22389 22858 700
3 9315 21778
1 23935 29227 78
1 18670 19826 976
1 25278 32145 898
1 10532 19419 302
1 569 10603 766
1 3762 31398 966
1 6861 13830 101
3 8050 23600
1 14094 28712 16
1 12217 16064 792
1 15437 25398 938
1 5321 30799 451
1 29924 30195 988
1 17474 26002 167
3 22010 28338
1 10303 10891 393
3 13717 14279
1 7627 11484 108
1 21493 30757 428
1 10192 15691 63
1 22888 24644 223
1 5261 31166 620
1 2519 15207 577
1 4929 29752 175
3 18272 27020
3 7883 30368
1 18001 24063 521
3 1513 27214
1 4711 26224 794
3 3072 24511
1 20667 25064 338
3 10804 25906
1 12388 15420 278
1 18121 21274 139
1 14304 19396 834
1 18861 31029 616
1 345 1546 559
1 399 26955 456
1 7561 10277 230
1 12031 20009 301
1 21552 28415 795
1 19811 29215 150
1 2682 4079 238
1 2932 21889 148
1 19860 27936 387
3 5055 21801
1 3623 6614 5
1 3582 9510 819
1 8015 27500 315
1 26904 31581 960
1 17333 23945 933
1 1902 24683 300
1 5347 31246 691
1 13954 30773 377
3 1289 11502
1 3809 11213 836
3 7129 9167
3 8472 12927
3 17191 23424
3 19283 19674
3 10802 25430
1 183 17270 736
1 9576 26243 31
1 12281 28642 19
1 6604 10552 383
1 17059 24410 142
1 3468 6712 429
1 23961 30844 367
3 15379 32049
3 13554 16666
1 8669 17287 823
1 14133 24335 740
3 11915 30190
1 3900 12724 165
1 23798 24505 648
1 7399 11870 353
3 15336 31453
3 1975 9112
1 6748 18380 678
3 8215 25912
1 18179 29229 680
1 17079 30377 782
1 3960 13468 161
3 3164 3438
1 4115 28022 174
1 19775 27245 245
3 9762 10605
1 22064 30189 800
1 2565 12789 117
1 5190 19928 949
3 17353 30746
3 24389 25953
1 1117 1279 958
1 9541 32514 212
1 1585 28431 507
3 16545 32342
1 667 32339 528
1 7310 16735 666
1 5159 16360 850
1 2549 27485 113
1 6573 29270 210
1 2631 8691 660
1 16675 31147 568
1 20392 21033 499
3 11018 16256
1 12285 32377 314
1 14613 18790 287
1 17663 18631 614
1 16065 20090 757
1 3030 18445 737
1 11655 25023 977
1 6175 20264 210
1 16015 21222 548
3 6040 22607
1 18224 24724 172
1 13416 26020 860
1 30006 32712 484
3 19144 19685
3 20900 27277
1 6257 12675 890
1 14155 17030 633
1 18323 30421 310
3 1686 15210
1 223 684 745
1 5631 31350 753
1 6619 24202 893
3 9352 18198
1 9449 16406 47
1 21472 29862 829
3 21004 22718
3 9615 16182
1 6617 17456 241
1 20876 20877 638
1 5220 6148 230
3 25895 26829
1 7623 23738 426
1 22178 24906 680
1 18116 20872 794
1 1109 7279 949
1 19109 22173 983
1 11638 15705 988
3 3160 29974
3 8600 17378
1 10389 29255 777
1 11212 17284 985
1 10603 20502 738
1 6579 12368 548
1 8897 20693 34
1 4721 15951 33
1 16370 18670 699
1 18530 25706 687
1 2605 14513 812
1 12196 27384 630
3 7724 8598
1 27427 28133 462
3 4239 28280
1 22980 25293 120
1 1819 13995 295
1 2380 5352 13
1 2523 13320 957
1 16151 20591 552
1 272 17342 617
1 5518 16563 841
3 13559 18853
1 594 18923 201
3 1053 28535
1 13398 22481 836
1 9180 16032 916
1 5908 9838 850
1 17522 27459 903
1 31349 31444 160
1 13148 25454 644
1 25560 30546 469
1 1797 23134 620
1 631 14098 802
1 8125 13734 372
3 13214 29926
1 2421 6713 737
1 18340 30413 810
1 21006 26685 193
1 27718 29700 264
3 2991 29753
3 18327 26011
1 15191 16022 987
1 19840 31482 991
1 17723 26647 413
1 5007 13296 932
3 739 15220
3 3976 9199
1 9566 14365 476
1 5271 16553 799
1 8844 32445 426
1 29983 31962 413
1 7473 21007 440
1 6028 30349 512
1 15225 24583 565
1 1671 11880 378
1 4289 21897 292
3 11998 30341
3 501 19334
1 4588 22084 15
1 7073 23471 255
3 22566 32249
1 6635 19265 445
1 12441 18700 882
1 10638 23263 972
1 11088 20504 78
1 3180 19219 137
3 9140 31233
1 291 11780 32
3 10296 25787
3 25957 28060
1 25472 30171 139
3 15175 26481
1 15805 30397 7
1 24199 29708 784
1 1812 11445 990
3 6298 8384
1 13446 17660 511
1 13553 25749 386
1 16501 16662 582
1 11588 22543 927
1 13163 29421 127
1 7812 14146 11
1 4550 16938 322
1 5426 20509 166
1 6104 32027 758
3 21979 26273
1 20453 21307 771
1 6826 8679 751
1 6240 7398 807
1 8148 32514 479
1 2712 28489 49
1 7085 9400 984
1 1614 9549 671
1 4247 15535 810
1 7716 30323 189
1 22237 32667 348
1 12211 16829 643
1 3382 6075 55
1 2792 10576 20
1 8391 19417 705
1 10457 32419 705
1 24784 32412 499
3 11924 17064
3 13850 31365
1 14689 29347 870
1 30814 31366 671
3 1340 13331
3 449 11171
1 106 7582 480
1 3749 24042 382
1 1679 6684 892
1 9141 30474 376
1 5160 28236 164
1 5658 19562 295
1 12256 18491 83
1 2384 17501 615
1 6207 8461 101
1 3804 18346 14
3 13787 24023
1 12266 24751 595
1 15001 15838 40
1 10648 30352 590
1 632 11643 448
1 109 27570 815
1 18926 25144 785
1 18223 19520 855
1 7287 26388 820
1 3242 13113 851
1 17171 30694 480
1 11515 22560 282
1 6856 14806 879
1 12407 28444 88
1 17378 31518 439
1 5589 32197 951
1 11425 30555 722
1 4813 6544 904
1 10342 28515 599
1 7575 15684 206
1 4471 5756 271
3 7106 22829
1 3423 13546 495
1 16826 26897 753
1 9810 17233 879
3 13111 23992
1 10500 29132 863
1 23926 27445 182
1 18101 20683 469
1 10643 23112 719
1 12121 14362 943
3 1535 2078
1 3170 29851 430
1 12345 16175 546
1 11820 26695 650
1 5995 26147 81
1 5858 10272 954
1 4245 12979 456
1 3707 31076 276
3 16455 18782
1 12828 17116 486
1 14698 25847 717
1 9621 28089 319
1 5092 10380 688
1 6039 30637 150
3 24147 26622
1 4647 23792 320
3 12286 18696
3 12052 27258
1 1339 29231 297
1 5113 28128 724
1 18286 23566 852
1 11290 32356 710
1 13483 23732 345
1 5393 7485 636
3 15832 18475
1 20041 26525 801
1 13525 27681 244
1 13724 26526 178
1 7314 14420 820
3 5459 10861
1 5184 11232 163
1 4723 32388 950
1 16957 19109 565
3 955 6104
1 3171 24193 886
1 6391 22445 494
1 16479 29657 984
1 3151 16650 481
3 14587 20172
1 2014 27144 717
1 16619 29739 169
1 25183 31396 107
1 20288 26810 845
3 16864 27299
1 11309 16432 220
1 2897 27245 897
1 702 23565 757
1 10851 14289 135
1 471 7379 61
1 8339 28685 816
1 16790 21478 233
1 266 28491 813
1 23499 27735 237
1 17187 21592 145
3 6826 27429
1 11994 24668 827
1 12005 13295 187
1 2479 20679 248
3 11252 12365
1 1013 26855 581
3 6307 22636
3 10738 27003
1 8553 12272 832
3 14093 22020
1 556 30120 269
3 30046 30659
3 2467 24487
1 9223 21663 543
1 21556 28637 621
3 21181 28345
1 16027 30632 975
1 2438 12609 205
3 7619 16701
1 12543 18320 378
1 231 27993 330
3 140 7956
1 3011 23282 415
3 9432 10217
1 1422 25844 121
1 11304 22562 727
3 2288 12146
1 1424 14462 47
1 24487 31298 93
1 12117 19028 999
1 16179 28092 423
1 440 24988 494
1 3545 4930 783
3 20999 23398
1 24545 27752 836
1 8088 14439 491
1 4142 25321 276
1 6508 10313 839
1 6256 28346 296
3 31645 32749
1 23079 28323 219
3 3031 16578
1 15050 28672 107
1 21270 30545 293
1 6131 9756 888
1 25085 28736 188
3 10992 26353
3 6866 27000
1 8131 14772 890
1 627 11433 453
1 23340 28780 565
1 6029 7689 449
1 10287 27767 216
1 16372 20571 975
3 3003 23286
1 20506 21368 155
1 17180 20837 606
1 1110 3108 624
3 2442 26656
1 22221 26017 679
1 9244 13963 334
1 30990 31340 594
3 9808 29001
1 4299 25219 238
1 2978 20514 875
1 2846 25203 472
1 2116 17891 463
1 18673 31726 660
3 4266 31240
3 7179 19992
1 5346 20003 12
1 16543 27841 749
3 21827 28166
1 19922 20364 982
1 25358 28837 736
1 6735 14919 82
1 12744 15597 963
1 27359 27589 932
1 23099 31997 493
1 20124 20163 782
1 21842 25123 287
1 10167 14437 297
1 20522 23664 711
1 22138 24620 103
1 10707 12283 574
1 11386 28614 235
1 6343 17000 178
1 8902 12253 636
1 17347 21778 780
1 9478 32765 734
1 12967 18214 139
1 14950 20644 504
1 4334 26161 864
1 13135 30860 862
1 9376 27178 384
1 6522 10136 457
1 18059 20538 30
1 27867 27877 483
1 8758 19911 654
1 8940 23171 204
1 7751 31507 442
1 15213 29624 423
1 13679 27979 889
3 378 20192
1 19436 28721 37
1 6520 11532 71
1 21189 23343 746
1 2939 28900 741
1 6472 27410 157
3 2268 17404
1 8071 10589 756
1 16046 23220 994
3 4141 28712
1 2761 6253 478
1 1008 23227 458
1 9301 27017 115
1 36 13964 79
1 8145 28351 479
1 20632 32611 793
3 6048 11724
1 3545 14949 315
3 1438 8509
3 3040 24357
1 20096 28556 302
1 16850 18351 661
1 9083 19473 366
1 7858 24514 995
1 4888 29452 206
1 14553 31335 956
1 1756 6887 50
1 422 15724 412
1 23050 31114 699
1 13085 22705 407
3 26566 28977
1 7855 28396 645
1 5895 21828 895
3 18416 23594
3 5780 16697
1 27687 31984 428
1 29840 30423 822
1 5331 13733 371
1 13208 30161 368
1 639 20610 474
1 9661 12199 642
1 2006 16244 71
1 14058 30672 805
1 7028 26060 797
1 4072 9661 740
1 5285 19075 24
1 20054 31712 584
3 10545 26992
1 15233 19290 630
1 10353 24133 31
1 286 27368 678
1 13635 21362 776
1 16321 23710 253
1 22156 23378 301
1 5858 9610 438
1 26067 26207 356
1 3580 9325 768
1 2815 25066 661
1 13091 32295 558
1 7964 20568 355
3 9723 32195
1 11786 25270 819
1 9333 23379 171
1 20943 28492 909
1 5484 13127 958
1 15163 24283 726
1 9085 30664 226
1 3580 18245 41
1 3207 19824 628
1 10555 24201 226
1 8286 16897 666
1 15704 31750 994
1 22482 31829 439
1 11649 11751 150
1 20659 26464 563
1 9777 31137 592
1 7925 26634 641
1 12913 32178 645
1 5509 31579 679
1 22497 27801 21
1 5621 11722 449
1 2628 4171 423
1 9681 11506 862
1 3283 16351 850
3 19376 29045
1 1342 12451 569
1 616 10102 10
1 16537 27286 558
1 7347 20950 528
1 3308 25631 517
1 1876 26940 344
1 7426 25229 629
1 26126 26206 258
1 18070 28089 115
1 17968 29528 246
1 7296 22743 142
1 1150 6352 867
3 596 12756
1 13466 30934 349
1 1783 2913 884
1 895 18559 192
3 17741 25714
3 18094 26699
1 10684 21887 408
3 3301 29522
1 21964 22048 519
1 778 11737 597
1 11989 24086 301
1 18855 25867 942
3 427 28840
1 21489 31374 708
3 4929 6802
1 24212 27823 10
1 22120 26568 132
1 18578 26733 287
3 19033 28308
1 602 17589 251
3 14885 22506
1 12480 20097 241
1 1336 5071 991
3 8253 18071
1 342 3516 325
1 4859 17262 647
3 14854 16758
1 18433 28046 989
3 24207 25098
3 3747 31209
1 4622 16817 259
1 7574 29468 157
3 11536 15683
1 1102 1838 72
3 8826 23510
1 14081 28870 909
1 13147 19962 637
1 24411 28829 318
1 18186 22633 409
1 8786 23140 400
1 7186 20325 466
1 10369 29380 501
1 1366 11982 853
3 11511 26028
1 1425 30953 130
3 4919 16832
3 11625 23248
1 2231 3768 582
3 12303 28583
1 5429 27324 261
1 20537 27647 676
1 12897 20936 447
1 8927 23855 333
3 9525 21985
1 6637 14981 213
1 13672 29178 16
1 9120 23379 550
1 12310 22816 298
1 10071 23496 32
1 2623 19641 793
1 23278 25971 854
1 4934 6778 209
3 13869 24849
1 8660 19402 195
1 19709 21027 725
1 2630 19259 105
1 651 865 387
1 20036 21565 560
1 11286 21409 231
1 308 25583 500
3 8245 16813
1 26110 28661 731
1 6337 23739 984
1 20663 28024 446
3 9254 23129
1 21349 32036 295
3 2172 5751
3 15161 31706
1 21529 22397 839
1 7993 21600 130
1 5155 24909 636
1 598 12737 759
1 2169 18521 441
1 24354 31330 269
1 16279 21234 523
1 7755 13759 918
1 988 3836 471
3 15914 28314
1 8297 8972 686
1 3254 19566 477
1 20743 24056 854
3 26476 29990
1 10903 29675 126
1 13509 25137 918
1 14370 28676 583
3 4444 13905
1 21483 28272 303
1 14896 24243 861
1 10318 29120 554
1 11797 17077 219
3 17311 22535
1 10776 31684 858
3 13198 14258
1 1419 27171 996
1 4830 21765 900
1 23403 30719 451
3 12198 27406
1 14920 20535 224
1 10885 12934 881
1 4137 5601 137
1 17158 23130 89
1 15346 27018 239
1 21337 23445 728
1 18761 29247 670
3 6923 15837
1 9291 24658 634
1 28507 31805 54
1 9329 13690 115
1 13807 24486 150
1 2490 5230 776
1 12502 29034 575
1 1212 9661 521
1 13352 32193 650
1 11295 14329 599
1 4657 9799 283
1 13308 28511 947
1 1148 4081 942
1 8018 23387 391
1 10652 23619 165
1 6330 17621 410
1 10011 24164 195
3 4372 5773
1 138 18400 498
1 11725 32697 988
3 4791 6573
1 4484 7231 192
1 14895 28237 129
1 14824 23533 608
1 937 1278 103
1 18395 32184 132
1 10517 24482 36
1 7090 31028 290
3 3835 30052
3 32001 32362
1 7163 10426 715
3 9893 29060
1 3710 10496 116
1 5027 10050 47
1 11965 24405 414
1 18759 21986 179
1 20456 32518 335
1 7345 32233 289
3 7947 14893
1 2757 14881 581
1 15045 26302 762
3 23101 27314
1 17682 32471 495
1 19 1070 650
3 3513 8520
1 21429 21669 620
1 21348 27380 160
1 5378 23888 374
1 3579 22213 23
3 29054 29531
1 29835 29891 230
1 7906 12984 249
1 9123 10977 488
1 15264 21993 34
1 12799 28700 458
1 723 4138 639
1 5947 19420 702
1 266 8395 742
1 4860 23544 580
1 7456 20678 16
1 6436 11135 360
3 5892 9982
1 5600 14963 528
1 13930 21329 187
1 2273 9469 159
1 4201 11869 844
1 5391 8634 37
1 23729 31762 684
1 17900 19424 77
1 26469 32016 199
1 5935 15947 936
1 25460 28297 640
1 8326 26294 698
1 13645 28289 94
1 7973 23344 738
3 7079 25105
3 12707 14460
1 2748 27606 985
3 6915 23276
1 17469 31765 613
1 25371 29499 916
1 6192 19027 516
1 8247 21279 314
1 1152 6501 249
1 8680 17227 911
1 13226 14689 239
1 17054 19899 529
1 9286 20154 839
3 14669 28131
1 1171 24472 154
1 12678 20452 536
1 12280 23162 326
1 1891 5343 733
1 2800 24167 374
1 12655 30582 775
3 23877 27207
1 9500 24895 755
1 925 21396 110
1 10930 29239 211
3 22238 27970
1 3085 3885 913
1 10407 11122 791
1 5577 10718 368
1 27037 29629 319
1 26044 32132 241
3 5547 12370
1 3761 10019 912
3 25270 25567
1 5835 14005 867
1 2763 18026 708
1 8994 12305 624
3 11118 26711
1 9588 16132 23
1 9427 22215 249
1 5095 14813 821
1 3550 14962 734
1 10123 16586 296
1 18717 29725 881
1 16705 31126 324
3 22640 23187
1 14553 30732 591
1 4404 9125 75
3 24392 27204
1 11858 27918 185
1 16011 22043 517
1 14537 25757 100
3 14040 22806
1 18668 32516 691
1 4875 21747 28
1 21907 28792 691
1 22285 28545 75
1 9156 29847 877
1 13895 29588 680
1 21663 27428 25
1 15309 27011 88
3 10641 17515
3 5914 21128
1 8936 22893 471
1 15253 29307 167
1 4854 31482 440
1 4018 23967 455
1 5077 16313 547
1 10433 11710 169
3 26 6226
1 28938 30223 637
3 2878 8415
1 12081 30100 132
1 8076 19248 560
3 24020 25483
3 4105 23642
1 1929 21427 618
3 22930 29689
1 12339 26717 54
3 17613 24215
1 3505 4562 890
1 15722 23198 376
1 8839 21311 786
1 4890 21718 943
1 17423 30857 356
1 106 15083 498
1 5063 17858 881
3 173 16226
3 9278 12013
1 6407 14893 943
3 19602 28415
1 3962 12673 685
3 7090 13903
1 15108 18619 638
1 26477 27901 178
1 7266 23598 238
3 9360 16971
1 8781 21884 567
1 4629 27550 272
1 12266 18258 567
1 11674 27556 330
1 11383 31746 530
1 14169 20811 489
1 8856 24693 308
1 17802 22309 420
1 1835 19610 288
1 1494 5905 501
3 3822 26802
3 1231 8057
1 8026 14195 837
1 6198 17441 917
3 6013 11840
1 9039 9823 909
1 5308 16771 378
1 18514 26268 500
3 9056 9539
3 13573 29976
1 15885 23825 665
3 3701 3873
1 720 9697 416
1 4527 15586 344
3 7998 28400
1 5640 6060 603
1 24390 32027 39
1 234 18418 817
1 10669 32333 6
1 7324 31318 646
1 13056 15752 585
3 20958 29176
1 20342 27196 290
1 1001 25436 137
3 27374 28895
1 13534 23089 783
3 15623 30731
1 4809 9112 296
1 13016 20093 584
1 18437 22559 710
3 20828 31531
1 13247 30162 541
1 17538 20695 604
1 27946 30383 903
1 23531 25073 400
3 17929 29253
1 26885 27231 59
1 6355 6866 712
1 5840 29671 478
1 19920 22020 731
3 11199 13281
1 13004 26222 973
3 7228 7743
1 158 13759 278
1 14868 28021 467
1 128 13766 250
1 15931 24304 987
1 12713 29826 763
1 5267 14673 265
1 9606 19704 476
1 3052 6677 858
1 18419 29752 612
1 16951 27027 881
1 274 23170 119
1 29648 32430 665
1 3868 13432 230
3 11530 16457
1 6980 7915 619
1 1744 28734 80
1 11159 27318 511
1 21293 25294 367
1 4180 28407 811
1 5329 17134 788
1 6033 23642 936
1 8305 9013 226
1 939 11292 562
1 17222 24082 943
1 5665 13359 145
1 11844 31115 652
1 19020 27525 994
1 5987 13570 448
1 18550 22004 212
1 7766 13168 749
3 13407 29880
1 20954 28474 884
1 1059 5154 391
1 8962 9512 429
1 10014 19930 962
1 3505 4245 441
1 23340 27383 595
1 4385 16023 950
3 11104 16884
1 32172 32503 816
1 10735 32110 704
1 50 3004 389
1 4309 21800 871
1 3822 6027 904
1 18189 19334 500
3 17581 19334
1 24276 25318 969
1 12870 16797 775
1 17295 17319 433
3 21106 32140
1 9072 12234 394
1 21671 26911 485
1 3831 21111 102
1 23942 25198 594
1 5257 8408 4
1 8179 17864 613
1 13505 16250 707
1 6069 25685 136
1 3761 13254 4
3 808 6022
1 12512 17280 142
1 25760 29626 980
1 29012 31697 334
3 11886 25303
1 4120 4960 477
3 15546 22376
1 1975 27496 547
1 15164 15822 970
1 15510 20804 48
1 591 13499 148
1 11452 17068 629
1 17205 26435 649
1 946 24461 350
1 3326 16805 748
3 24197 27328
3 8241 26761
1 18528 32008 294
1 12867 20613 589
3 16534 22467
3 14786 31928
1 11928 14743 126
1 3177 27980 765
1 13798 28379 166
1 19062 32663 267
3 21152 27011
1 27472 31992 589
1 3598 27381 397
3 5583 15349
1 7849 9578 770
1 6903 12807 878
1 11453 22957 400
1 12966 26119 845
3 1419 23944
1 7922 31917 223
3 16672 20030
1 30227 32563 790
3 6733 25279
1 4981 16640 864
1 23335 27362 929
3 1099 11340
1 21005 29301 377
3 17424 21663
1 27051 31903 231
3 8012 29694
1 614 12808 899
1 16727 30646 619
1 14087 26704 790
1 6012 26951 200
1 6424 6801 978
1 20115 23172 226
3 8849 31642
1 26662 26686 652
1 12342 24691 821
1 4413 11269 573
1 21303 26450 566
1 6082 30550 103
1 1833 18390 388
1 3156 31782 365
1 17530 26031 424
1 6981 16265 57
3 18509 29233
1 16274 22326 812
1 3750 13305 292
1 29784 31349 157
1 11064 30726 38
1 11334 14580 630
1 1234 30505 703
1 15844 26342 157
1 8753 27744 664
1 30173 32536 54
1 13206 32600 862
1 15378 26834 288
1 517 12344 200
1 10346 11796 852
3 5645 27601
1 15637 21079 723
1 5533 7330 840
1 6198 20714 940
1 27035 30660 830
1 13004 30573 431
3 2611 15911
1 5195 18994 273
1 15845 16689 508
1 27054 32355 572
3 12943 14165
1 14640 18113 168
1 7697 14459 260
1 4615 13222 746
1 14865 15628 640
3 15803 25440
1 20727 23228 21
1 2275 20238 855
1 5514 16783 236
1 25643 28002 629
3 15594 29625
3 8825 10893
1 19879 23801 331
3 12132 19413
1 15534 18588 166
1 3135 31903 385
1 11982 32390 501
1 1278 1642 231
3 18119 19748
1 818 2989 273
1 7774 13346 959
1 13311 15729 802
1 1522 1813 174
3 9596 20540
1 25019 25693 640
1 15972 24960 412
1 2888 22561 975
1 30426 31442 101
1 6611 9431 182
1 1641 12523 996
1 43 1240 220
1 4744 21482 103
3 3709 18358
3 1952 6886
1 23257 28776 82
3 15268 28283
3 833 26810
3 5363 27169
1 7211 25525 489
1 8758 10123 388
1 6070 29314 717
1 2941 31698 677
1 1144 7530 150
1 1560 2137 721
1 22519 31110 866
1 1150 4834 178
1 2979 29695 619
1 12054 17595 369
1 11415 30022 78
3 6154 6627
1 10221 25767 185
1 10900 31176 614
3 4759 9077
1 18665 30621 413
1 4113 17695 793
1 5585 25769 821
1 3126 24440 156
1 15339 29253 869
1 282 20733 533
1 4441 20716 985
1 1343 22211 284
1 2395 31924 814
1 3652 28924 974
1 2893 20811 410
1 2254 9741 764
1 5915 12429 982
1 12818 25601 522
3 1646 27723
1 270 17108 882
1 2 31638 64
1 8168 12618 195
1 8241 10633 165
3 3821 24697
3 24381 25534
1 12870 31957 600
1 13180 25649 247
1 3181 28187 156
3 8553 28906
3 1558 2172
1 1867 15165 684
3 1140 23706
1 5024 14903 342
1 5564 26104 768
1 9250 13245 178
3 23483 31173
1 16552 20400 459
3 8530 23487
1 8766 29615 570
1 16526 18032 812
1 24593 27634 290
3 11113 28364
1 2710 20079 735
1 15577 20011 758
1 1369 24957 652
1 9352 18392 812
1 9599 13957 632
1 3596 18711 191
1 3564 6175 268
1 2004 21411 29
3 6189 30035
3 8878 23420
1 18710 21125 484
3 27521 28343
3 14006 22970
1 16017 27109 451
1 591 8697 81
1 15435 22348 899
1 1256 22625 818
3 31849 31995
1 20601 22931 125
1 23588 31576 32
1 3275 9589 826
1 13860 29586 126
1 1437 13692 702
1 1030 6346 893
3 12760 17267
1 20013 30914 511
1 26970 27597 575
1 15920 20054 138
1 21024 22840 700
1 3137 30909 922
1 24879 28535 706
3 13181 24072
1 14389 14804 615
3 26092 32428
1 17197 29690 952
1 8940 24127 668
1 7305 30919 652
3 801 14603
1 29299 31106 440
1 3631 27973 778
1 7898 27306 783
3 10519 16056
1 8209 20040 64
1 5265 18687 139
3 2679 11972
1 7184 27463 195
3 11688 14392
1 20608 31464 195
1 5671 7724 788
3 17276 17357
1 10173 11245 348
1 9581 31103 652
1 10011 28692 679
3 5712 30031
1 4763 20786 138
1 8633 10406 367
1 14584 23783 506
1 1340 4717 895
1 2191 2432 870
1 6054 10231 382
1 17119 22764 920
1 5528 20384 430
1 1606 19225 275
1 3612 23477 476
1 13102 22462 40
1 13022 18742 756
1 6741 32534 690
1 4143 30425 258
1 7049 18982 585
1 8111 24923 186
1 9049 19465 283
1 18845 20788 961
1 18902 25134 238
3 4238 15836
1 17394 27576 96
1 20857 29972 937
1 8990 15349 201
1 12874 32213 58
1 8454 10780 97
3 13958 18726
1 27916 29541 56
1 2020 13679 500
1 14865 26305 574
3 19984 32031
1 7956 31493 745
1 6936 13928 994
1 15541 20122 822
1 8740 9122 543
1 3328 20006 767
1 2155 4382 359
1 5097 14925 116
1 11508 12169 494
3 11426 19306
1 7528 19022 606
1 8557 10147 870
3 1179 22993
1 14780 31802 279
1 3243 22505 598
1 13694 31133 180
1 9435 18100 612
1 10597 21396 145
1 819 31049 98
1 19330 28271 677
1 1190 26451 317
1 341 26183 678
3 14793 32145
3 3970 23308
1 9450 12814 630
1 14850 21869 453
3 17546 29904
1 6749 12809 975
1 7841 26954 191
1 2223 10149 702
1 2378 15153 943
1 17722 30541 674
3 688 10097
1 6421 26730 459
3 21822 24062
1 11248 14206 254
3 24342 27002
1 2363 31059 111
1 19994 22868 387
1 9580 28135 148
1 1242 18412 493
1 9638 22232 512
3 31129 31394
1 2930 8632 180
1 2469 2881 722
1 95 21423 972
1 18598 26072 311
1 3148 11740 695
1 2582 13234 234
3 14001 29299
3 8464 13824
1 3295 13531 803
1 5682 24801 609
1 12045 21334 29
1 2987 4375 698
1 2561 7891 402
1 71 9591 704
1 15082 21683 445
1 8955 17032 480
3 7320 28751
1 15204 24940 904
1 22889 23733 450
1 4642 19143 304
3 3519 31994
1 13769 26180 709
1 6058 23953 236
3 5531 12340
1 21220 23258 296
1 23084 27517 941
1 4508 9885 196
1 4994 5548 250
1 5444 18000 812
1 14625 22583 492
3 6779 12267
1 11086 11860 301
1 4998 30044 244
1 12275 19918 11
1 13791 26898 814
3 16149 19818
1 980 10479 257
1 18645 24890 365
3 5616 8130
1 12616 15639 967
1 12595 29297 769
1 8232 13062 789
1 14448 24370 70
1 17190 21039 455
1 18103 29130 467
1 11457 14398 336
1 14060 22669 117
1 5805 8575 929
1 16654 32264 182
1 6983 28272 199
1 13529 15719 797
1 6388 24414 632
1 12415 31412 140
1 3160 14638 314
1 1942 27375 969
1 3205 10288 796
1 10929 15218 45
1 24318 27419 970
1 18734 24359 864
1 9512 17563 134
3 20861 23865
1 887 31491 287
1 17789 29882 876
1 6118 16970 108
1 2679 17500 355
1 8269 24042 809
1 9623 31778 550
1 11017 14343 544
1 7535 29562 554
1 21404 28511 231
1 647 17174 816
3 17946 24271
1 4199 18241 903
3 2263 29068
1 24993 30760 843
1 13328 22847 232
3 13282 26821
3 13374 15799
1 6396 26927 96
3 6347 8159
1 19560 30903 439
1 7546 21029 113
1 31496 31546 844
1 20063 22915 725
3 16043 25103
1 12528 13884 367
1 7462 19711 21
1 20089 27135 187
1 20617 22337 280
1 7672 13023 516
1 7206 17062 328
1 21080 22469 565
3 22979 23832
3 324 25488
3 11375 11579
1 3510 5402 78
1 16660 31296 400
1 11339 31066 102
1 25685 32324 215
1 8788 19748 733
1 1228 7335 29
3 9614 28944
3 19306 31522
3 13033 17667
3 4317 26847
1 8642 22463 919
1 9160 15329 377
1 19692 31376 769
1 4084 31930 647
1 15609 26532 343
1 2609 4372 239
1 11465 28921 26
3 2160 16842
1 7272 24837 262
1 296 23216 576
1 20069 24978 547
1 3862 10099 873
1 11266 27605 485
1 23208 32606 721
1 9973 26627 170
1 8854 13058 634
1 7716 10393 478
3 9783 16197
1 16824 30276 954
1 11925 30248 972
3 3924 27839
1 3231 19332 835
1 7894 12862 573
3 6885 17647
1 26895 30827 626
1 25852 29955 514
1 10221 31764 188
1 26686 28359 787
1 2663 5021 925
1 23371 26514 565
3 6906 13404
1 16337 32286 286
1 3389 12937 284
1 2605 16588 238
1 18377 30089 658
1 3539 13924 379
1 12979 24906 773
1 4342 22984 606
1 1311 29078 403
1 3474 10885 393
1 31529 31546 302
1 9930 14971 630
1 12935 16990 802
1 19370 28185 502
1 13888 16848 194
1 14136 16203 147
1 27846 28654 123
1 21055 32435 335
3 4826 22207
1 6566 17751 560
1 10658 23981 361
1 21775 24249 192
1 3069 28422 55
1 20397 31277 915
1 5861 30648 696
3 10488 15567
1 2079 3197 247
1 4604 13600 878
1 1490 19253 171
1 18134 28463 371
1 10777 12348 794
1 23226 28199 127
1 26601 30954 715
1 21232 28612 394
1 9564 12195 251
3 20714 26450
1 6206 18092 336
1 2077 20902 815
1 20298 23741 414
1 11456 12295 675
3 6953 32664
3 11839 30559
1 21364 32061 935
1 16594 23138 797
1 8244 30191 966
3 12982 31798
3 4429 19010
1 3681 11252 746
1 10659 18692 271
3 4939 30183
1 18659 27725 694
1 1100 5325 132
1 25140 28659 149
1 3604 24572 656
1 88 27249 223
1 3708 5091 728
1 3055 24158 917
1 7047 25295 125
1 21101 31859 156
1 20403 31504 481
1 21751 26547 831
1 7737 13741 519
1 3049 25824 379
1 1184 18395 997
1 12716 25257 249
1 12546 24499 145
1 29254 32021 608
3 19408 32111
1 6188 21493 224
1 16455 28198 20
3 839 15733
1 7033 20037 207
3 8023 18722
1 9650 27874 516
1 10976 21766 865
1 3562 10707 571
1 11634 31188 429
1 15571 29926 276
3 14786 21526
3 8639 29223
1 4641 28783 803
1 4270 13783 922
1 6272 31568 711
1 14789 15826 941
1 718 3229 641
1 25629 32611 329
3 12305 16986
1 14572 21087 624
1 123 22227 446
1 20937 31640 407
1 2112 12112 794
1 21008 23898 331
3 7497 29141
1 24709 30356 268
1 3214 28906 117
1 4268 18073 992
1 7427 18583 969
3 20386 29805
1 8110 15953 173
3 3093 26208
3 8203 8347
1 509 31322 886
1 8976 20329 880
1 20410 25337 104
1 6196 30425 728
1 9049 15606 223
1 2923 11558 578
1 3642 22302 706
1 18163 21051 44
3 1855 3446
3 12425 29056
1 14660 27563 627
1 2084 22587 117
1 3361 25788 742
3 7576 15779
1 210 18464 959
1 658 32725 261
1 16982 25528 820
1 1081 9839 554
1 22603 30800 885
3 11304 12674
1 263 26463 864
1 25889 28957 338
3 8110 21466
3 7389 31836
1 10605 22496 584
3 13474 13894
1 4532 21646 167
1 11845 27858 307
1 102 13093 419
1 5668 32350 978
1 16842 32292 980
1 11634 29590 533
1 17327 26198 397
1 15719 32232 235
1 4390 15131 632
3 4164 15635
1 10153 11457 187
3 11438 17449
1 9876 30460 609
3 8934 28709
1 18278 20401 947
1 4723 16221 801
1 21455 22364 421
1 22630 31926 188
3 9454 12279
1 2729 29589 852
1 5398 10332 589
1 22818 23758 425
1 13207 22896 513
1 19180 19352 535
3 9194 28672
1 8862 30614 749
1 11811 15345 867
1 16182 17520 504
1 11872 21375 945
3 6287 13916
1 15245 26796 216
1 21748 31786 70
1 24452 27606 687
1 2559 11573 5
1 10430 18380 118
1 25601 32464 715
1 834 23359 234
1 2180 7061 473
1 9455 14239 732
1 14961 31959 608
1 6383 19626 841
1 13306 30649 849
1 21313 27617 290
1 15289 28427 62
1 586 28150 365
1 3245 4690 175
1 18259 20816 298
1 21817 26056 182
1 15104 27795 287
1 2572 22128 795
1 1800 27625 773
1 3134 23295 265
1 13567 31027 112
3 18755 31459
1 13135 31138 609
1 3327 17542 823
1 15248 22471 355
1 11459 13417 125
1 12219 14282 396
1 19626 25925 944
1 18529 28543 545
1 3681 24235 38
3 8742 19227
1 410 11903 72
1 2917 13104 244
1 5436 13266 261
1 4442 12440 354
1 5463 13756 891
1 17566 30914 561
3 16210 23243
1 852 12267 116
1 15710 25215 191
1 2982 21038 261
1 743 13083 166
1 2281 12468 712
1 942 29475 199
1 9174 30976 588
3 7240 19260
1 14898 27219 737
1 2284 16453 104
3 5608 21054
1 2430 24175 960
1 6274 7608 924
3 7790 30789
1 2508 12573 452
1 1098 7887 47
3 5725 6551
1 2632 7899 711
1 23905 24076 669
1 212 21862 804
1 15159 15399 247
3 2580 26741
3 9379 17511
1 26604 27991 868
1 1500 3786 427
1 2334 6338 223
1 13072 26141 517
1 4824 11873 752
1 14911 27578 215
1 11758 26896 988
1 20491 20810 401
1 15053 25098 935
1 25959 32670 783
1 23909 30716 500
1 13917 27366 232
1 2952 5035 502
1 8686 32211 752
1 3013 23575 442
1 3632 22651 150
1 21181 27686 698
1 6258 9008 591
1 20974 30425 579
1 5896 28604 922
1 820 3785 320
1 14063 24241 258
1 21185 28470 325
1 154 15786 735
1 22030 22539 53
1 7616 17519 980
1 3999 15651 293
1 21573 32027 594
1 3627 31262 94
1 15794 20373 741
1 30314 31636 774
3 28415 31951
1 5984 22819 747
1 6696 12989 526
3 2735 7146
1 13767 21920 317
3 9220 21322
1 21431 28696 457
1 13389 20113 903
1 30825 31214 742
1 3161 4561 143
1 18599 24115 873
1 18258 24478 338
1 7775 12189 57
1 9104 17778 538
1 7540 29446 705
3 1440 11814
1 7768 16443 211
1 17086 27840 146
1 6542 13311 694
1 14181 26346 3
1 1406 26002 813
3 11516 14264
1 2130 15784 530
1 10158 10989 164
3 22762 32665
1 7319 21408 495
1 17719 20593 753
1 8434 21682 345
1 9804 19477 298
1 5091 11951 748
3 10949 17717
1 14983 31137 12
1 20803 29747 47
1 4473 26841 246
1 879 6721 253
3 2800 30053
1 14021 32312 955
1 271 12386 978
1 7048 29830 937
1 12863 19490 489
3 16055 22149
1 14025 16926 942
1 289 870 220
3 5775 6554
1 2779 21233 289
1 95 29090 603
1 13563 31720 867
1 7892 16219 149
1 16280 31926 43
1 17157 30439 883
1 4434 19902 347
1 10184 10735 55
1 5291 13628 490
1 25170 27384 459
3 11182 24216
1 14951 31289 718
1 31 5755 289
1 9183 15335 771
1 10290 14544 161
1 11584 25864 8
1 2096 14961 386
3 21985 28606
1 18382 31802 722
1 2810 7564 776
3 22956 29082
1 22775 26871 63
1 17771 32457 70
1 2302 31192 312
1 997 27510 809
1 8042 15165 457
1 8846 22436 801
1 15306 21240 587
1 4158 5223 562
1 5442 20513 794
1 4507 24928 376
3 2449 15113
1 13692 26611 261
1 5353 25519 272
1 15830 19825 135
1 7636 13251 367
1 24616 27401 388
3 16235 29192
1 7591 24437 697
1 1093 22130 665
1 11949 23189 824
1 11265 30731 536
1 25390 31997 610
1 15100 22653 277
1 6463 20423 376
1 14569 16941 594
1 3659 31822 808
1 13549 22318 151
1 1674 15290 147
1 2338 5295 927
1 3256 3657 254
1 8454 13206 521
1 8305 25581 993
1 12363 30892 80
1 14559 20643 723
1 1464 18624 419
1 11508 15163 637
1 8519 22915 446
3 9539 25208
1 982 27237 266
1 9108 12820 681
1 15926 25993 711
3 12259 20052
1 7345 7876 791
1 15141 30669 714
1 330 19541 746
1 8039 8436 835
1 15128 26692 629
3 18343 27965
1 21733 25453 340
1 9111 27774 196
1 4969 7541 579
1 11917 19975 279
1 6309 28780 684
1 3931 25827 797
1 5998 26677 490
1 22024 30081 88
3 3055 32152
1 18889 31137 280
1 17250 26816 442
1 17215 25483 370
1 958 7418 427
1 6184 29743 897
1 12694 15620 246
1 466 8227 900
1 6634 27885 651
1 23073 32640 245
1 7405 18732 705
1 25319 28037 822
1 17770 26165 584
1 11442 26835 815
3 1959 2201
3 14591 17045
1 17473 28760 601
1 811 20388 328
1 847 24734 18
1 8436 19809 547
1 2415 8739 556
1 19740 29048 538
1 6768 16637 242
3 7014 15643
1 17064 19086 219
3 675 28397
3 16595 31986
3 9290 20034
1 17053 24664 259
1 4838 16950 959
3 16823 20072
1 2234 29996 544
1 5133 12368 566
3 18470 31649
1 7642 29914 170
1 13501 14038 956
1 6939 25927 938
1 1865 9669 42
1 13055 13986 264
1 8368 27011 904
3 6816 25032
1 27831 29827 889
1 18922 21103 744
1 18761 32607 534
1 4 23071 631
1 1227 17621 572
1 1521 27835 307
3 2548 15091
1 16757 32641 916
3 5406 18998
3 7334 13928
1 1716 21766 589
1 5279 19897 864
1 2006 12400 642
1 19468 21308 877
3 8299 10326
1 11184 16863 497
1 8534 22402 37
3 18122 24616
3 22691 30406
1 6090 11042 87
1 876 13929 89
1 26154 29982 375
1 28987 29139 695
1 9014 13229 822
1 5903 9085 124
1 182 2751 764
3 27885 28374
1 2701 30063 139
3 29644 31686
1 9594 31586 646
1 5318 7809 848
3 16035 24520
1 11842 25416 563
3 3556 24047
1 10997 16269 675
1 19520 28640 366
1 8622 31416 174
1 972 5415 895
1 11762 16187 184
3 9377 17075
1 8837 30812 838
1 9207 19976 112
1 18297 20852 379
1 1073 20541 364
3 6577 19787
1 5828 19059 128
1 14754 26695 688
1 18314 20435 284
1 14424 19799 252
1 5194 7295 99
1 1184 8349 634
1 21833 28499 484
1 18426 25939 970
1 18991 19386 239
1 3233 10097 438
1 5614 12500 619
1 24176 32197 399
1 10754 16684 200
1 8945 13546 480
1 5683 26103 637
1 23177 28950 601
1 2504 8421 883
3 1149 3348
1 9012 15248 530
1 19177 22247 367
1 6810 29380 352
1 18638 24229 890
1 6216 7588 293
1 1483 25450 800
3 1767 22933
3 1868 16387
1 20015 26611 520
1 7858 26395 746
1 21791 27029 209
1 17354 26610 256
1 5660 31481 973
1 7738 27893 237
1 10600 29134 824
1 14759 24412 435
1 21568 28252 421
3 17822 23436
1 25608 31633 987
1 1082 11096 423
1 16321 18894 89
1 8372 21470 813
1 3756 22727 51
1 12077 25870 991
1 22202 26688 939
1 22751 24381 340
1 12307 25143 330
1 21411 22551 804
1 2018 6951 148
1 25914 27226 342
3 1576 20265
1 17930 27531 752
1 6287 16923 77
1 2126 2619 191
1 11089 18324 450
1 16350 19321 658
1 11958 16994 51
1 5590 8800 189
1 7440 12601 920
1 870 11085 692
1 1710 24993 893
1 2546 25281 837
1 12348 28833 194
1 14832 28036 737
1 10646 13029 739
1 3791 27581 112
1 7307 17666 9
1 14793 15649 850
1 17176 21555 383
1 16826 20504 366
1 2199 7218 46
1 6249 23417 126
1 28928 32494 834
3 17646 25379
1 7631 8078 239
1 7909 8400 523
1 6389 8880 636
1 5231 22777 384
1 4381 22139 415
3 3649 6526
1 9593 20481 947
1 18238 20376 977
1 3080 16498 4
1 8013 23116 787
1 3425 27956 331
3 13321 18546
1 8690 13275 59
1 6826 17091 989
1 5992 28225 742
3 19329 22952
1 15165 27433 466
1 18511 28372 725
3 223 3503
1 9548 26932 552
1 16832 27739 551
1 1324 17807 980
1 22327 29356 568
1 5040 27124 489
1 4820 5465 349
1 18889 21798 268
3 8399 17498
1 11885 26777 633
1 27733 29559 540
3 9427 29840
1 9276 22201 739
1 536 3508 929
1 474 10276 890
3 17922 30057
1 24410 27233 378
1 22970 25633 745
1 2247 11762 437
1 16651 18469 301
1 9973 23827 827
1 17780 31932 56
3 19759 24900
1 17285 27644 589
1 11214 15699 684
1 16836 20327 874
1 27950 30999 633
3 1330 24805
3 1710 1922
1 7841 23081 358
1 143 10565 356
1 5026 14892 325
1 23253 29309 319
1 11072 21775 527
1 8818 12021 991
1 375 27463 754
1 15066 22406 594
1 10661 31331 428
3 5078 29359
1 19110 28663 191
3 23299 24962
1 3166 32228 246
1 9258 29386 225
1 7276 23091 595
1 13561 17131 89
3 22873 26020
3 11301 30393
1 5126 13624 504
3 1379 14519
1 3566 27983 262
3 2576 6831
1 14507 28368 648
1 8996 32044 211
1 856 31015 919
3 11467 15284
3 8873 28972
1 9555 26462 885
1 4903 6912 299
1 4801 7911 279
1 1058 2138 356
1 2608 9895 201
1 30460 31159 409
1 19782 30437 898
3 4112 31555
3 12527 31033
1 5002 11467 893
1 4322 13295 622
1 907 8883 952
1 1932 15924 565
1 2112 11114 408
1 13514 20549 678
3 9562 17286
3 4627 23175
1 7316 15341 953
1 1792 1916 320
3 15778 26606
1 5170 26161 411
1 14642 14747 561
1 13092 15405 21
1 1768 7863 220
1 4748 13574 174
1 14581 20599 642
1 14563 24746 906
1 1716 31480 704
1 6828 20188 528
3 21011 24856
3 6307 25152
1 24814 30177 902
1 21072 25073 847
1 2568 12978 33
3 1724 23549
1 6490 25522 538
3 3544 9331
3 18194 28664
1 3077 5623 29
1 3173 11014 566
1 3790 10570 680
1 6167 7055 17
3 572 30257
3 3148 19539
1 17457 23730 922
1 15400 16008 16
1 30602 32131 49
1 4961 24089 766
1 19057 28301 908
3 4271 7635
3 1714 21756
1 15728 21962 268
1 2425 25340 618
1 648 10620 154
1 4990 16036 805
1 7164 20967 373
1 920 21419 953
1 16755 20304 551
1 13038 30095 281
1 10406 18460 131
1 212 26456 19
3 11658 31663
1 11935 24742 757
1 6710 25879 84
1 6300 26591 695
1 18038 29691 930
1 25038 32482 336
1 152 24702 986
1 14842 24022 315
3 6194 10403
1 16216 27876 177
1 5875 26637 575
3 1260 10068
1 4798 24346 218
1 15444 26377 367
1 1819 3399 87
1 3931 26134 414
1 18411 32711 99
1 7887 10067 786
1 3845 8517 484
1 10989 17295 546
3 16424 18268
1 30590 32765 553
1 1787 12545 206
1 2016 21939 453
1 7610 10323 394
1 2380 25104 563
3 23987 26877
1 1531 19135 650
3 6538 20360
1 6504 13182 666
1 27066 29039 804
1 2391 5759 601
1 11728 32026 225
3 14677 24750
1 8562 13001 506
1 4044 4258 507
1 11251 19233 787
1 31816 31821 147
1 12943 28667 488
1 12926 30207 694
1 3713 30618 653
1 20393 29512 16
1 1545 22933 157
1 508 25238 610
1 15108 20283 893
1 2800 26602 952
1 1173 26865 650
3 23614 24284
1 15080 29381 454
1 6039 23654 13
1 7772 10713 934
1 10074 17885 793
1 9111 9313 781
1 2296 5281 215
1 22450 24909 124
1 3416 17041 987
1 5054 27596 318
3 7157 7341
1 3241 8042 417
1 14146 15772 247
1 754 12475 105
1 6 6183 585
1 18993 24321 441
3 4540 26616
1 14743 15467 990
1 2322 4481 500
3 2847 19128
1 7747 14874 427
3 6810 12271
3 4997 17643
1 3692 21273 742
3 25077 31458
3 16431 23524
1 6401 16841 275
1 30165 31008 668
1 7070 27138 67
1 23852 30829 283
1 4655 31312 644
1 790 9185 900
1 746 22391 451
1 13295 21542 75
1 20426 25166 551
1 683 26279 923
1 13581 30784 622
1 4211 9456 891
1 17355 22454 974
1 25941 31490 637
1 23812 25612 436
1 24809 30120 141
1 14865 15385 712
1 21256 30921 480
1 13868 28589 774
1 12185 14996 818
1 16808 27480 255
1 9749 15100 911
1 869 5618 103
1 603 20968 523
1 23 18522 949
1 192 10786 658
1 548 25747 101
1 6723 9248 329
1 4412 15663 409
1 5298 21731 354
1 24006 26849 532
1 7092 23527 180
1 491 8305 302
1 2454 26975 169
1 16412 32568 491
3 8286 13339
1 5032 22985 875
1 2868 3540 824
1 8158 16321 581
1 4973 10005 613
1 25461 27037 583
1 18963 23380 368
1 12413 31717 357
1 16916 23354 801
3 9870 13914
1 7750 26425 399
3 17249 19293
1 6097 29397 92
3 4141 27712
1 11192 24359 237
1 14272 28708 127
1 687 10978 32
1 6133 28683 528
1 5640 10894 729
1 7362 16766 229
1 26714 28365 553
1 16950 18869 915
1 20567 29696 155
1 13475 28924 942
1 10649 28791 449
1 15686 25867 412
1 2444 32390 324
1 27911 32071 517
1 2928 3977 216
1 22149 28601 122
3 8309 15039
1 15300 31426 272
3 7747 17644
1 28124 28759 252
1 30887 31227 156
3 7711 30562
1 663 28963 999
1 6713 8721 311
1 3677 17467 391
1 10044 14876 971
1 18348 23262 482
1 5751 27108 570
1 12536 18553 392
1 3075 21707 115
1 8447 28707 274
1 14788 29152 186
1 6091 25248 788
1 7686 28736 143
1 5433 6875 66
3 5818 9952
1 9743 29354 938
1 16097 20497 679
1 6804 14722 7
1 13195 28147 145
1 2474 4175 689
1 8019 22322 406
1 4111 7282 992
1 2839 31321 825
3 3361 4866
3 19994 26374
3 15331 32011
1 16925 27477 307
3 17507 21065
1 26019 27810 476
1 5079 19836 897
3 15881 32351
3 19741 24225
1 20561 31041 758
3 9294 10620
3 1469 6384
1 23008 27423 981
1 17037 19855 667
1 8393 12638 459
1 17635 19410 705
1 5582 26483 608
1 12473 13352 455
1 10883 24320 843
1 26062 30419 269
1 8690 29065 621
3 15415 20632
3 2445 23082
1 12184 30645 147
1 10780 26381 710
1 1005 19744 132
3 3004 18170
1 10178 10680 939
1 9963 28643 987
1 1223 15163 939
1 16773 25046 218
1 17079 20739 380
3 3086 7790
3 10799 12635
3 5175 12320
3 2454 31703
1 28792 29653 677
1 10984 25878 438
1 2268 9859 301
1 4783 21151 940
1 10151 23140 838
1 17441 17643 77
1 5093 30323 528
1 9421 17040 815
1 19014 20736 801
1 3732 4166 753
3 7956 24759
1 270 10413 890
1 2903 15096 408
1 5651 19128 660
1 25318 26614 17
3 3269 29700
1 12134 22990 753
1 3663 18100 756
1 21691 24903 61
1 1432 28263 600
1 15666 30302 714
1 13964 21656 203
1 14964 29995 237
1 4863 32112 725
1 23487 24425 15
1 6382 17832 70
3 19911 30612
1 10924 12430 534
1 1960 9399 970
1 4426 28768 622
1 1627 7106 441
3 1775 22362
1 9261 13249 1
3 23395 31882
1 7506 29276 370
1 23170 32732 829
1 36 7407 842
1 8131 29379 472
1 7346 10416 345
1 17814 31964 350
1 3951 27893 227
1 6484 16291 429
1 28307 28967 145
1 14083 19264 742
1 76 30100 630
3 433 5418
1 5499 9443 252
3 27898 28487
1 5551 25784 575
1 4108 25793 478
1 5055 10109 847
1 18888 20313 281
1 17387 25074 150
1 2413 28363 612
1 1534 26977 875
1 22250 29290 464
1 2656 13454 713
3 27555 29096
1 21727 32192 285
1 4707 11040 53
1 5527 18854 354
1 3358 19923 164
1 9414 12701 142
1 20928 21005 310
1 8862 23706 520
1 1936 28614 861
1 11721 27665 472
1 7754 23809 785
1 14348 31317 550
1 5874 18410 615
3 7137 14329
1 1319 22059 860
1 7358 21874 884
1 10396 17562 772
3 18177 24917
3 9228 24720
3 19972 31873
3 7979 23786
1 21064 32324 56
1 10742 13784 224
1 13230 32283 728
1 31218 32404 258
1 4342 7606 822
1 10379 22574 1000
1 13526 25313 802
1 6008 9727 867
1 8436 12624 864
1 16701 19174 818
1 7034 23562 832
1 15045 30392 30
1 22847 31299 926
1 7416 27554 223
1 6112 11327 243
1 16955 20398 525
1 6124 24616 178
1 9913 15221 831
1 16054 20286 476
1 10995 18068 328
1 7528 30144 469
1 21769 30051 269
1 28689 29409 620
1 8775 30304 928
1 1124 24841 191
1 15896 23111 264
1 19200 25480 973
1 5389 20487 206
1 3662 28353 914
1 17414 25747 674
1 15765 23566 670
1 15050 28500 212
1 2304 3262 870
1 22989 25435 116
1 5144 22168 481
1 718 3525 882
3 6172 24714
1 11261 20842 698
3 26131 26554
1 2230 30208 267
1 1210 13751 464
1 9649 25495 790
3 10011 15023
1 7823 31707 516
3 14967 28804
1 18939 31586 478
1 4712 26987 130
3 19846 20179
1 2853 18547 704
3 1987 22590
1 2003 16123 940
1 19805 31771 786
1 7360 30056 508
1 4964 21274 915
1 2782 5448 955
1 27214 32125 956
1 9832 14125 546
1 12082 14313 682
1 9657 13605 743
1 19726 29747 763
1 9538 15807 473
1 1830 22021 835
1 5052 24282 583
1 21760 32219 96
1 7164 29392 834
1 9338 19955 941
1 12305 19545 78
1 15012 28784 914
1 26344 28650 149
1 22703 31086 763
1 15545 19009 156
3 714 18210
1 5083 5090 686
3 3925 17149
1 508 25140 12
1 4259 26764 241
1 12942 29936 426
1 25569 30896 982
1 770 7485 915
3 9270 26042
1 6660 29187 701
1 10144 12362 757
3 17830 30551
1 3156 12129 868
1 26233 28188 642
1 13143 24513 810
1 1592 18522 586
3 31486 32349
1 9059 18962 734
1 14411 15883 345
3 8854 9783
1 13517 14097 744
1 24226 25903 948
1 11971 19972 876
1 11612 22258 35
1 1873 25217 428
3 21533 22456
1 2167 9972 724
1 1697 22044 38
1 23298 27815 355
3 14621 32730
1 22810 23649 978
1 9100 27377 809
1 4697 26882 865
1 11122 17240 864
1 4731 27266 243
3 4283 15208
1 8662 28853 182
1 12885 24641 187
3 985 27404
1 24949 25838 79
1 4304 24837 381
3 544 15880
1 1233 6041 170
1 13292 24530 5
1 5182 12571 868
1 17358 30887 348
3 1265 11749
1 23241 25213 312
1 503 3719 316
3 4364 26350
1 5568 22148 694
1 13502 27613 384
1 18590 18797 59
1 13850 20211 378
3 15388 22275
1 8649 27610 529
3 16816 28191
1 1160 10310 628
1 13341 14157 104
1 11166 16481 149
1 6740 28717 425
3 27575 28548
1 8011 32014 767
1 9455 31156 648
1 26547 29637 118
1 9129 15604 651
1 11671 13912 859
3 16775 32584
1 7411 23127 685
1 19334 20129 298
3 9028 21134
1 1948 21656 52
1 22419 23615 860
1 12105 13637 985
1 20572 23522 977
1 2746 30299 421
1 3287 23046 235
1 29245 29551 455
3 6788 32665
3 7605 19639
1 1672 26907 931
1 4928 27726 787
1 2834 15176 212
1 11746 12504 920
1 6495 29448 579
1 5011 29582 988
1 19605 26246 343
1 5484 27026 914
1 11735 29061 695
3 9852 14636
1 14372 24152 171
1 11669 30931 139
1 19064 30402 446
1 5784 6551 1000
1 1262 6700 534
1 6588 10757 477
1 2097 18557 240
1 19620 32488 558
3 5410 18910
1 3321 31053 92
1 4112 7355 906
1 11847 16835 690
1 726 10280 171
1 5509 24289 758
1 2359 31560 447
1 2174 23486 41
1 9729 14334 464
1 10581 32375 51
1 4152 11985 665
1 3757 24319 2
1 9029 19897 226
1 3524 11268 146
1 17815 30848 320
1 8129 13478 816
1 15290 21676 178
1 15294 23913 262
3 4798 24088
3 1545 5631
1 8659 13462 179
1 9154 24178 174
1 17055 23383 692
1 6931 30687 281
1 10579 12023 313
1 6033 10729 51
1 23194 30647 779
1 2873 17708 528
1 19204 32522 515
1 3382 15786 330
3 14623 15486
1 18915 26648 404
1 9546 9657 529
1 3604 13909 869
1 17749 27965 620
1 931 5218 540
1 620 10081 724
1 5498 22991 114
1 5598 16300 804
3 1544 18464
1 12215 27734 539
1 6935 29600 604
1 3516 29382 345
1 101 21918 74
1 9948 22661 591
3 2604 17641
1 11965 19868 294
1 6920 26317 937
1 14429 17664 604
1 4584 21815 505
1 19067 22012 258
1 1424 26241 120
1 10500 17529 194
1 13063 21819 771
1 2126 28209 967
1 12411 16002 655
1 21368 24400 307
3 932 22180
3 8128 8704
1 8371 26224 18
1 4628 10180 155
1 10609 25717 641
1 20397 24661 159
3 13688 26453
1 1234 3346 277
1 19800 27716 643
1 1704 17206 508
3 9116 29286
1 15708 26818 912
1 6074 30463 670
1 26505 27104 153
1 7724 15383 921
1 4401 7766 377
1 14331 32573 727
1 23471 24713 227
1 6986 28559 293
3 4470 27526
1 21769 25352 872
1 15361 25308 539
3 6336 21790
1 5617 14441 642
1 7177 15989 278
1 25627 32027 453
1 10066 28910 488
1 4240 9874 416
1 575 24017 247
1 21691 30592 160
1 22058 32130 900
3 28025 31520
1 7679 19365 150
1 11561 17853 761
1 25349 30120 667
1 7767 29474 174
1 6455 26477 605
1 3767 9450 477
3 4806 11751
1 3044 20601 96
1 16888 29878 562
1 3527 30696 832
1 22212 26160 360
3 21074 30580
1 5542 6645 465
3 3124 21201
1 15934 32585 312
1 3772 30823 846
3 9902 10956
3 3276 29112
3 10511 16045
1 1605 19309 520
1 11843 26146 592
1 4719 12948 700
3 5435 16801
1 16966 29975 146
1 10315 20877 185
1 16989 29472 575
3 16146 30796
1 27580 31228 373
1 16684 26823 17
1 7759 25701 752
1 955 27647 228
1 3219 11656 903
1 6039 32609 54
1 11487 30426 221
1 6148 7104 371
1 2112 24438 239
1 15043 19280 667
1 14041 22196 8
1 2426 28467 507
1 1208 9822 486
1 95 32725 242
1 14544 15021 875
1 204 22870 348
1 1029 8772 973
1 17813 26163 490
1 1524 22628 470
1 6291 26813 512
1 3965 12641 653
3 176 11277
1 2950 10773 229
3 24152 26380
1 6129 31239 367
3 10198 11020
3 24572 25189
1 24072 29565 514
1 3844 14863 795
1 6528 29798 795
1 390 28795 2
3 11058 19393
1 18582 25869 352
1 1791 2484 397
1 1754 32443 156
1 26682 30014 799
1 16826 31260 646
3 2611 23514
1 23928 30959 114
1 13707 28839 97
3 18086 23435
1 12716 29373 417
1 10095 31171 496
1 21217 31970 524
1 26008 29642 47
1 10501 29624 862
1 18532 28126 294
1 13090 28884 409
1 11353 28785 517
1 17750 28199 775
1 10443 13342 307
1 4175 24977 208
3 3384 14155
1 21579 26934 284
1 15688 25482 16
1 6734 14925 897
1 17655 22420 198
1 29340 30260 340
1 8624 21404 924
1 18190 25410 173
3 15674 31128
1 15045 30103 254
1 11846 13344 51
1 6559 24810 547
1 3305 9662 583
1 5125 23177 14
3 7887 20157
1 10950 23492 139
1 945 18302 211
1 1272 27210 465
1 20100 23577 513
1 5894 23575 778
1 10732 11052 808
3 30651 31132
3 24324 25245
3 29880 29903
1 4897 5206 212
1 10151 16270 89
3 25866 30891
3 8305 19829
1 3743 19038 838
1 4331 13582 86
1 1035 2949 637
1 15176 29609 808
1 5674 27707 660
1 723 15452 735
1 31558 31645 30
1 19757 31499 695
1 25968 28152 896
3 17521 17811
1 21693 28053 567
1 15089 19278 125
1 14421 15813 911
1 500 20849 186
1 16422 17695 267
1 14493 23457 627
3 25192 27903
1 15445 25563 227
3 3063 3343
1 16437 31170 121
1 215 19190 548
1 2861 16574 432
1 7276 32729 710
1 7046 30677 941
1 5289 19727 955
3 19464 24801
1 823 15605 310
1 24103 32478 908
1 2928 29911 44
1 13368 23065 291
3 7104 19706
1 1057 26764 479
1 12381 17038 658
1 1079 2720 783
3 4130 6987
3 4885 31820
1 24758 31941 629
1 20749 25322 159
1 12430 23526 874
3 1005 17999
1 14916 19596 307
1 21099 22229 631
1 2422 32559 514
3 11394 21118
1 8798 30560 653
1 18832 28580 300
1 16220 26355 823
1 10040 13449 316
1 4298 18452 711
1 5407 14396 738
1 12604 15684 443
1 12860 15272 590
1 14789 20445 901
1 15543 29023 845
3 14038 27191
1 2627 18168 279
1 3926 14002 260
1 19634 26327 461
1 8074 16739 903
3 13841 16715
1 19521 24199 734
1 10205 30279 462
3 6643 6657
1 7427 16788 758
1 7436 19055 488
1 6973 19298 310
1 3459 31869 706
1 244 1384 819
3 15527 20064
1 26411 28817 539
1 13739 25401 855
1 12728 29362 174
1 10699 26904 722
1 11019 28095 16
1 12711 17550 14
1 6854 13644 256
3 29121 31002
1 21592 29021 257
1 17871 30008 743
1 6832 16041 850
3 2264 4179
3 13347 16892
1 17960 22824 269
1 18017 26406 395
3 739 2530
3 13774 27032
1 3501 25457 310
1 8921 19818 721
3 5181 6925
1 13901 18723 715
1 571 16791 43
3 12798 32145
3 19923 28117
3 3895 25188
1 14167 14457 885
1 11189 15780 123
1 12240 31256 894
1 14230 18563 415
1 4587 15609 770
1 15823 17510 28
1 14092 15348 975
1 6627 30977 323
1 2951 11179 175
3 1243 22203
1 5787 7557 562
1 7649 24198 709
1 26066 28349 145
1 24925 29667 626
3 11921 30368
1 13205 21890 979
1 8759 24015 321
1 13659 27048 961
1 22284 22415 506
1 12864 25000 41
1 2202 2630 367
1 372 19134 603
1 17215 19295 836
1 17335 20494 610
3 951 15578
1 6181 27529 490
1 11088 14513 298
3 13115 13786
1 10634 21009 18
3 14383 19376
1 15478 21972 476
1 1136 6970 792
1 5182 21519 993
1 25551 32004 93
1 3354 9013 360
1 9476 18758 319
1 22692 26002 966
1 12462 20407 583
1 8285 12326 988
1 868 1578 191
1 14376 20262 911
1 10796 13086 566
1 23160 24780 226
1 20740 26159 488
3 6715 6775
1 23236 27039 234
1 15165 26881 846
1 14261 26679 80
1 3175 21378 934
1 6828 32641 438
3 14020 27461
1 4633 20430 883
1 27670 32545 894
3 5694 21779
1 17981 18736 583
1 4479 20586 990
1 11500 30611 5
3 11433 21767
1 14059 14209 479
1 15375 26528 798
1 16513 27756 54
3 5096 5171
1 11993 28849 205
1 27228 28118 226
1 3267 17866 377
1 19996 30255 818
1 6822 30584 537
1 1785 20628 55
1 2086 23084 376
1 21145 26258 686
3 7584 10393
1 18208 24680 658
1 5499 25798 711
3 4116 17790
1 8025 24096 803
1 8434 25215 399
1 1301 28463 957
1 18020 31620 280
1 11575 31005 714
3 17796 30488
1 2529 4154 911
1 9266 17121 780
1 1338 16468 860
1 15357 27060 689
1 23781 26549 69
1 5581 7307 352
1 6309 7360 777
1 3331 13977 431
3 23493 27883
1 6730 9367 494
3 22792 32261
1 6671 32211 639
1 5499 16150 282
1 190 28728 379
1 20540 22000 822
3 127 578
1 14735 14828 651
3 6423 25855
1 13232 31794 958
1 2615 30259 371
1 5873 24384 628
1 2040 15798 317
3 666 16174
1 8512 20919 433
1 4415 15480 258
1 1778 11609 254
3 2976 30826
3 17267 29272
1 1257 19304 81
1 10580 10713 401
1 2562 12614 590
1 20634 22764 394
1 21460 24059 183
1 11217 14423 133
1 17498 26864 995
3 12336 13955
3 7179 13384
1 963 25504 267
1 15883 27667 972
1 3788 7068 401
3 20207 22968
3 15104 30544
3 5034 21243
1 3996 6704 325
1 18512 26623 524
1 21961 24764 140
1 14136 16371 418
1 8842 26678 951
3 16447 26925
1 15023 18922 438
3 3907 32744
1 9867 23250 585
3 8536 17930
1 24853 32545 153
1 9484 13997 559
1 18743 28623 321
1 16622 25760 841
1 22565 31810 376
3 1409 22125
1 26898 27794 80
1 4543 5992 17
3 6330 14666
3 21285 22415
1 11012 14231 601
3 13051 20423
3 2886 11811
1 4096 24432 561
1 14645 17564 621
1 15063 17655 692
1 3449 27478 857
1 11046 11047 529
1 1190 2215 53
3 13310 14676
1 15415 19192 380
1 15892 18015 320
1 5444 29652 205
3 8468 32192
3 12397 20022
3 4735 21952
1 30787 31882 284
3 18814 19438
1 6300 20528 161
1 16 20294 82
1 2577 22471 772
1 5477 6240 863
1 15443 16349 4
3 8314 11050
1 10629 31746 954
1 9920 22221 123
1 7201 19569 600
1 5738 10544 374
3 8399 22813
1 18012 31333 681
1 24124 28882 688
1 20776 23627 749
1 3107 17258 406
1 1747 30253 867
1 15598 28717 855
1 10198 23049 679
3 19707 28078
1 8712 14292 555
1 894 25973 59
1 3229 22264 675
1 1645 29037 405
1 6858 31265 199
1 4181 10280 489
1 3759 25365 702
1 6278 14695 624
1 16008 17297 174
3 3350 10682
1 15857 28771 588
1 27861 31661 370
3 3462 23017
1 20058 23418 928
3 14564 20598
1 16409 23562 72
1 21012 25120 151
1 23067 27869 440
1 5415 6152 273
1 19485 29465 380
1 9120 10747 532
1 24285 27228 106
1 29835 32324 595
1 29138 30789 437
1 5419 24369 338
1 981 20165 835
1 4164 28360 313
1 2533 8293 312
1 26576 26639 94
3 18978 28735
1 554 803 682
1 4292 30035 899
1 10529 12570 62
1 444 4705 819
3 9835 20576
1 868 31383 330
3 13812 31781
1 24326 31427 360
1 23139 27721 310
1 7962 22442 972
1 8986 30653 44
1 4206 24587 45
1 9964 20680 300
3 14311 14949
1 13926 27366 174
1 6924 8407 299
1 32429 32452 645
1 11186 14966 9
1 11348 15652 561
1 2914 32063 959
1 19193 29142 465
3 12731 22265
1 4848 26825 380
1 1132 24156 424
1 13463 27586 542
1 14836 18743 115
3 22340 26291
1 4440 29112 836
1 13936 26684 703
1 19389 25782 214
1 202 30956 511
1 18373 31797 324
3 5999 13031
1 19496 20674 748
1 18297 29477 769
3 13516 25105
3 31160 31946
1 10875 28601 959
1 8027 17405 999
3 18119 29469
1 8850 20643 847
3 11018 14612
3 5502 11169
3 16272 16807
1 19310 23674 51
1 14550 27932 170
3 3972 30872
1 17672 23031 440
1 15815 30966 585
3 5261 12119
1 6869 8729 502
1 24266 27307 227
3 7000 27003
1 22316 30048 276
1 9309 31182 520
1 4500 7057 723
1 15487 18840 266
1 28707 31515 865
1 13724 30574 555
3 3468 9385
1 7348 15278 376
1 7239 8792 206
1 6453 30008 267
1 10905 21641 956
1 18331 32102 492
1 827 3826 198
1 10151 15738 571
1 7963 15759 405
3 24853 26699
1 24659 27852 578
1 24256 31793 336
3 972 32222
1 25359 29352 309
1 5332 27822 100
1 17818 20294 86
1 880 25226 533
3 27041 29686
1 6985 18451 403
3 8222 24121
1 464 32533 791
1 6367 16000 816
3 10168 12265
1 7305 27422 861
1 15697 18825 611
1 503 15109 130
1 2676 11455 690
1 23760 26903 60
3 362 22311
1 3845 30818 309
1 16364 27157 366
1 7940 11840 626
1 21096 30374 97
1 9760 12670 625
1 4383 31798 678
3 6905 7920
1 3340 13362 442
1 3621 14158 519
1 1363 23493 295
1 12843 16911 460
1 5624 20553 465
1 8080 27385 4
1 9072 20742 174
1 11972 25682 120
1 3063 24630 856
1 24633 28314 556
1 7070 14834 814
1 15975 20868 385
1 20161 23750 507
1 14004 15880 268
1 12133 22344 398
3 6205 27299
1 18946 24675 419
3 19546 21877
1 9088 19708 675
1 4494 13617 106
1 19968 30815 507
3 8538 18084
1 3759 32143 408
1 4158 15600 954
1 21685 22319 737
1 4691 12466 79
1 15707 20836 31
1 13945 26624 109
1 2365 18136 78
1 15883 20113 627
1 5942 26445 914
1 16551 30896 438
1 7504 11695 824
1 15024 29627 518
3 95 6008
1 6722 26279 213
1 15719 21065 825
1 634 24982 769
1 26537 29098 72
1 17103 17151 545
1 4923 13124 468
1 27589 32342 232
1 10630 10788 139
1 9551 18258 246
1 21958 26802 621
1 7193 28588 245
1 5440 11149 894
3 11278 26519
1 21121 26391 848
1 22267 22345 939
1 675 16908 344
1 9742 21592 648
1 5853 9352 970
1 5164 18137 293
1 8872 14291 303
1 14144 32140 254
1 29235 30230 149
1 2216 27864 865
1 15395 20378 541
1 14662 25014 122
3 1840 31793
1 18479 32520 995
1 6538 21721 905
1 2767 30852 11
1 6794 22305 969
1 326 11716 585
1 5920 7113 633
3 10031 15042
3 30776 31932
1 7152 18452 448
1 8200 8212 465
1 3466 19505 365
1 3449 7340 77
1 2197 21426 266
3 11699 14868
1 20153 20607 279
1 8301 14465 986
1 11448 19442 315
1 19864 25587 382
1 4990 32331 871
1 29430 32696 51
1 502 25622 898
3 6762 16080
1 1009 16823 595
1 19381 21652 351
1 680 2447 928
3 3117 12557
1 4501 6322 19
1 16445 28649 597
1 16342 21801 206
1 8739 15466 627
1 21798 23725 809
1 9813 11532 769
1 19356 28001 121
1 16593 25622 726
1 17680 32123 918
1 18609 29708 466
3 2468 15304
1 804 9663 951
1 20208 24613 688
1 18577 23303 605
1 9470 19462 92
1 15728 32710 159
1 2932 31475 883
1 8484 13980 99
1 10868 17158 714
1 18615 22454 417
1 3011 25966 21
1 11595 23908 220
1 9548 28399 674
1 5442 5612 743
1 26720 29595 804
1 2924 26463 678
3 9315 22316
1 15802 26365 249
3 20728 22093
1 12868 17892 980
1 16368 17108 646
1 18988 19948 453
1 26275 26297 672
1 1298 29547 695
1 1744 15020 634
3 8176 32587
1 1933 15021 564
1 3734 28878 230
1 21096 30274 346
1 10330 28333 799
1 14518 30259 945
1 6321 21564 319
1 13261 22599 753
1 8752 15183 186
3 7936 19105
1 12549 31785 890
1 11586 20638 449
1 25918 29713 405
3 6890 19549
1 23989 26450 915
1 2328 15583 221
1 5104 20889 396
1 3498 31255 807
1 7288 16372 94
1 6792 26882 935
1 11756 26979 801
1 24227 29940 882
1 14910 22692 895
1 446 22283 571
1 3557 5135 154
1 15459 30004 933
3 18369 19621
3 15290 28572
1 26458 30604 217
3 1358 10001
1 3288 19850 118
1 449 26505 618
3 5907 16255
1 29399 29566 239
1 13309 31250 28
1 922 7289 420
1 4977 5191 881
3 18884 27720
1 3530 29666 562
3 2351 29801
3 6105 22970
1 93 27082 31
1 17957 26323 333
1 3372 26798 650
1 258 27394 316
3 3682 9700
1 17598 24065 601
1 3803 17880 26
3 20694 32183
1 25752 26049 315
1 15050 20202 388
1 4412 25239 39
1 6409 15864 94
1 31214 32565 238
1 3059 17178 389
1 9481 23121 917
1 20961 30438 726
1 9630 15974 571
1 476 30521 620
1 8177 8242 428
3 9829 16242
1 8780 11577 674
3 5109 7358
1 11636 18007 200
1 5008 18607 252
1 8412 23765 42
1 12767 18755 756
1 18345 21627 278
1 1791 18792 799
1 3739 17471 119
1 4632 12839 65
1 18555 19653 771
1 10844 28085 539
1 6740 30503 652
3 12870 28473
1 2835 13911 565
1 26783 27182 939
1 21885 27685 732
1 1578 3191 620
1 15744 16241 270
1 1721 7914 151
1 7897 20946 257
1 18680 22108 326
3 13418 16337
3 1734 18247
1 24523 27919 821
1 14635 16387 951
3 13379 23606
3 12911 16613
3 22936 24515
1 19719 22457 777
1 14404 30285 829
1 4648 31049 466
3 2660 15253
1 12173 19732 853
1 6836 9313 28
3 13245 23656
1 22232 27001 991
3 13352 30930
1 12195 21007 189
1 2781 17976 285
1 13050 23908 8
3 6589 10128
1 17165 21252 207
1 9401 17321 943
1 6675 29666 544
1 11198 32588 496
1 20632 28656 131
1 10688 19464 368
3 12390 17806
1 2515 13321 619
1 10738 19304 954
1 13620 26196 583
3 10866 25419
1 6560 18819 558
1 5770 11297 80
1 445 13376 979
1 718 9526 326
1 16718 24425 832
1 29511 32106 693
1 9549 22266 578
1 13629 18661 491
3 8785 30470
1 16173 18211 460
3 3525 19461
1 7086 13469 327
3 16585 21137
1 16384 27185 612
3 7679 17550
1 7994 19427 58
1 2391 14514 716
1 4984 7388 320
1 18768 20291 91
1 13603 31250 421
1 11027 31755 16
1 2297 17604 568
1 8792 19531 156
3 8771 13404
1 20130 32184 634
1 11019 17048 654
1 9776 16221 991
1 2047 22399 184
1 3626 27213 648
1 753 13337 551
1 10099 22877 34
1 1365 16404 104
1 2928 2936 837
1 1296 25286 79
1 4027 5866 264
1 13186 15142 92
1 469 1204 147
1 9565 16105 721
3 5384 22945
1 15926 19289 210
1 21456 29465 719
1 9818 13346 245
1 268 32039 282
3 13831 22291
3 854 9645
1 9246 21106 538
1 11627 18633 581
1 6391 10043 328
1 477 6448 372
1 5332 31876 288
3 23169 30038
3 20846 27914
1 25068 27436 48
1 1877 18496 427
3 17222 28752
1 24973 25463 760
1 1140 30627 178
3 20856 28502
1 7857 9303 198
1 14138 31312 835
1 14296 19147 686
1 15101 20210 641
1 11031 27686 264
1 10721 13511 682
1 6743 19928 694
3 8217 16051
1 18727 22486 182
3 843 27967
1 10810 22337 341
1 12858 21599 199
1 1351 9385 205
1 2531 3717 690
1 25742 29121 529
3 9098 17446
1 366 31074 864
1 11105 31031 62
1 8924 30592 168
1 24319 29077 734
1 27117 27767 762
3 12555 13005
1 11682 21882 250
1 28668 29703 875
1 5276 27934 46
3 14883 22691
1 7270 23439 696
1 14676 30096 91
1 7936 30959 340
1 3835 15050 47
3 890 2422
1 2759 27747 939
1 14253 28240 815
1 13601 15382 540
3 14402 16608
3 2384 20724
1 10054 25929 102
1 224 603 128
3 3283 29754
1 14127 15059 4
3 14369 26508
3 8662 31877
1 8799 14759 507
1 5083 10774 547
3 10872 15700
1 14093 28368 248
1 5514 27566 618
1 14198 16316 58
3 875 5413
1 13534 16514 189
1 14798 32467 819
1 13116 17493 247
1 24704 28160 72
1 18511 23838 74
1 25897 26575 74
1 10828 32396 413
3 2348 5802
1 8481 10104 661
1 20048 28327 429
1 410 2839 642
1 11212 11741 692
1 22127 29912 480
1 14728 26441 878
3 449 32133
3 12157 24122
1 7165 12694 167
1 9949 28129 95
1 1313 7222 852
1 3800 30968 542
3 6251 15132
1 10457 23395 65
1 6171 26483 988
1 2707 18993 467
1 12229 20410 639
1 10514 18011 340
1 5713 11495 954
1 9364 19572 725
1 16919 21085 18
1 2228 4425 788
1 6641 26134 437
1 8720 17212 696
1 16494 23662 87
1 97 32556 536
1 4625 8422 174
1 12895 27536 309
1 23399 26382 797
1 19218 27175 107
1 28682 31359 509
1 6082 30987 468
1 21151 24031 527
3 7571 11277
1 5595 22283 317
1 11023 27026 235
1 24257 26067 363
1 4436 28996 212
1 29341 31942 422
1 12677 21215 23
1 18005 24260 120
1 3048 4097 727
1 17740 21803 350
3 27061 27595
3 2461 8372
1 8095 8355 284
1 12154 21129 810
1 13883 16724 695
3 585 32319
1 697 20377 254
1 5753 30953 458
1 8557 10386 27
3 1617 10413
3 2212 21323
3 21185 31997
1 3113 10967 640
1 5983 20621 638
1 7393 14811 23
1 10277 20978 397
3 4775 5537
1 8004 11807 653
3 1109 18157
1 8242 12876 767
1 4010 21251 569
1 29984 31320 944
1 10835 11854 473
1 14057 27474 859
1 2526 7072 858
1 10204 23881 678
1 5677 26386 276
3 13908 28730
1 14465 22830 286
3 4362 5113
1 25736 32439 486
1 1423 27347 448
1 6036 25988 491
1 5714 13395 975
1 9512 15712 635
1 8206 8450 643
1 22251 30864 220
1 4908 29278 373
1 5821 29658 897
1 767 11059 410
1 11693 25226 368
1 24404 28944 594
1 19571 20736 12
1 4825 26839 441
1 17709 21992 315
1 431 4911 378
1 12058 14728 545
3 14359 22743
1 5708 24055 593
1 5363 14485 527
3 7033 26733
1 9759 25601 411
1 4920 7018 40
3 18423 19687
1 4264 31413 930
1 3472 24857 87
1 16880 27138 800
1 10305 30815 700
1 19602 27488 1
1 10429 19700 7
3 4896 18253
1 828 22148 624
3 2088 27192
1 1377 20242 787
1 20263 30036 179
1 2698 9865 622
1 6401 18376 655
1 2076 10322 875
3 817 31837
1 3339 10862 517
3 17252 18173
1 12544 31209 723
3 20611 30013
1 12912 22539 77
1 10915 17396 61
1 11145 16212 805
1 770 15350 199
1 25650 26354 399
1 5530 16561 430
3 980 14278
1 1683 4121 740
1 22788 30258 242
3 16891 31357
1 24588 26951 208
1 12170 20060 948
3 26676 27546
1 5148 5884 223
1 10932 30363 418
1 13201 27517 186
1 25671 29985 772
1 5575 29584 124
3 9196 14215
1 18884 24024 472
1 25140 31246 884
3 6490 21584
1 15594 21423 8
1 9543 10600 604
3 20158 26445
3 4015 18723
1 31061 32442 946
1 9093 13916 877
1 248 258 260
1 10259 11151 865
3 23979 26615
1 7615 26536 550
1 16495 22978 455
3 1763 6012
1 1973 26258 440
3 20278 29594
3 10884 26162
3 3680 7961
1 12569 26657 211
1 29113 31998 606
1 68 3772 706
1 5102 25414 312
3 2123 14463
1 5218 27236 458
1 7039 8579 31
1 10845 19966 529
1 13980 32400 921
1 5450 16312 949
1 20621 24602 916
1 5682 14673 555
1 30111 32521 871
3 695 13957
3 4312 27077
1 8108 22687 799
1 18201 30507 442
1 17789 26492 81
1 2733 21163 777
3 7104 7440
1 1784 21916 743
3 361 7569
1 5686 7267 483
1 14103 14864 593
1 2596 9135 294
1 18113 19978 88
1 9697 32025 111
1 8779 13747 656
1 5362 28839 162
1 2695 27181 417
1 7786 31076 410
1 105 657 526
1 4581 20334 378
1 14870 26078 85
1 378 1275 628
1 14856 15061 931
1 15735 16806 997
1 2379 5309 966
1 18650 25841 191
1 9431 19723 602
1 7641 14525 910
1 16291 26700 981
1 13268 16987 172
1 11665 12857 523
3 11389 19551
1 18221 30600 254
1 30479 30688 152
3 867 23841
1 4187 17102 132
1 19083 26811 111
1 6975 17158 173
1 8464 10295 198
1 12502 22545 182
1 4536 20162 719
1 1053 3747 15
1 6862 20816 668
3 6384 25962
1 15825 27915 425
3 21817 25751
1 6755 7103 356
1 10229 24471 133
3 19612 29745
3 10644 26097
1 1682 29736 852
3 22235 27168
1 20874 28702 389
3 16800 27866
1 5188 7141 47
1 18257 22761 380
1 14252 15508 727
3 23023 23280
3 5022 16490
3 32298 32495
3 9393 23857
1 24581 30484 962
3 26042 31309
1 3231 31503 698
3 1387 21891
1 29735 31390 693
1 18850 22254 270
1 165 3041 783
1 7242 12034 139
1 9379 29129 310
1 5409 13037 670
1 2552 14902 784
3 24238 25770
1 7917 11130 509
1 3032 29875 356
1 12 25141 826
1 9028 25106 249
1 29283 31151 921
1 6040 27049 352
1 26642 29636 818
3 440 8262
1 7765 31721 766
1 20388 25931 38
1 1955 9493 313
1 18154 19187 569
3 8989 18723
1 3002 14543 171
3 13191 20216
1 2516 11781 481
1 22495 32301 220
1 30554 30633 216
1 4528 10868 236
3 9579 32416
1 25165 28552 530
1 11682 20104 358
1 6558 11486 759
1 3591 11438 108
1 4435 20009 757
1 6288 12857 39
1 4308 29486 307
1 17569 18669 326
1 10759 17387 597
1 11610 25355 447
1 521 21216 527
1 16499 26483 610
1 3187 27850 198
1 2577 24785 516
1 16408 20193 711
3 16884 19311
1 7940 28484 103
3 8621 10512
1 10905 15050 67
1 16936 31144 413
1 14421 28644 125
1 25297 32665 1
1 28599 31208 763
1 18846 26047 291
1 20248 22190 675
1 8487 10317 163
1 17410 31442 14
1 9306 30362 548
1 481 28165 906
1 20871 25357 607
1 10748 30233 145
1 846 3388 391
1 16624 21632 968
1 13787 32676 980
1 5149 29664 945
1 16108 31402 105
3 6723 31350
1 18045 28680 666
1 13864 15782 157
3 9518 22059
1 17229 31338 444
1 14057 22947 544
1 2874 4184 795
1 16930 22427 719
1 5370 10346 303
1 7764 30978 355
3 21914 24546
1 8914 29008 468
1 17252 24028 193
1 1188 16426 728
1 8487 12088 511
1 15131 29246 827
3 21672 29125
1 14600 30597 421
1 2253 28936 501
1 2406 18744 290
1 971 24334 739
1 5536 16508 251
3 638 21232
1 10123 20003 57
1 16310 25133 360
1 26334 29026 575
1 5744 6105 987
3 20987 28104
3 5056 5417
1 12340 21557 588
1 2376 6785 896
1 791 4453 309
1 12340 20620 158
3 3002 19428
1 483 8017 354
1 17945 30483 658
1 23616 26850 746
1 11425 21408 998
1 15681 15762 788
1 3103 27645 375
1 640 29997 263
1 4249 21927 281
3 8274 29117
1 23265 26195 136
1 3616 4956 243
1 23601 31822 998
3 11867 25590
1 3621 24206 499
3 9950 19155
1 14283 17523 217
1 25300 27847 193
1 27162 30231 51
1 2771 31110 218
1 5203 29646 946
1 30110 30493 737
1 8301 23828 819
3 12769 16510
3 12204 16998
1 22747 23937 316
1 657 29884 890
1 13523 26685 430
3 8848 27917
1 5953 14161 871
1 14148 31682 194
1 1172 23162 338
1 923 2331 172
1 6209 13522 633
1 26409 27832 755
3 10153 15084
3 22816 28501
1 12321 24981 659
3 7685 10205
1 868 20650 292
3 7691 20036
1 2920 18527 271
1 7188 23882 328
1 5193 10287 883
1 13935 22869 256
1 7037 23947 125
1 10308 30450 488
1 7937 8448 548
1 28530 30087 747
1 14195 30895 37
1 8408 30515 696
1 28309 31952 929
3 2633 27094
1 13253 20618 753
1 4964 29049 415
3 12904 16662
1 26337 30287 135
1 19410 26905 282
3 14743 18799
3 3080 14035
1 692 17700 36
1 2735 11047 918
1 15789 19793 939
3 5155 12694
1 6258 13537 121
1 9869 15264 790
3 10057 13648
1 4373 14693 783
1 6929 25864 205
1 3814 4909 214
1 4886 23206 151
3 19009 22550
1 23441 24802 880
1 14997 16475 539
3 27778 31933
1 16726 22393 134
3 20435 23642
3 15162 19507
3 4866 7507
3 24743 30888
1 16419 18905 263
1 20004 30072 159
1 9205 15015 611
1 29899 31922 332
1 1213 12660 715
1 3794 10086 85
1 406 15518 815
3 2918 26012
1 6536 26545 300
1 10039 17465 122
1 2099 20164 234
1 8163 30371 477
1 22250 24708 706
1 7026 11806 33
1 209 9222 273
1 3927 21722 591
1 4802 15169 471
1 9269 15856 248
3 20424 30097
1 6848 15144 113
1 6532 9634 238
1 7215 18833 990
1 11994 28999 203
1 4312 23968 594
3 4956 19244
3 16574 19687
1 3458 28424 625
1 11154 29048 373
3 1299 2637
3 6912 9531
3 7518 10241
1 5223 13182 874
3 16356 21400
1 7212 14077 953
1 10215 19749 355
1 21911 30184 328
3 26847 28469
3 17903 25299
1 31881 32582 683
1 18806 21409 781
1 4178 30252 420
3 22425 29518
1 22399 28051 281
1 5508 21783 174
3 15395 31138
1 14686 26160 523
3 9551 27793
3 4319 17351
1 8697 19872 625
3 17324 26751
1 5402 19134 440
1 19539 30648 908
3 29618 31067
1 24969 30455 683
1 22482 24275 420
1 5409 5973 498
1 5197 14211 682
1 29483 31597 4
1 1600 19482 99
1 25303 28804 404
1 2049 5941 997
1 22204 24625 384
3 2141 4141
1 12010 17994 662
1 20142 28031 713
1 3143 15442 1
1 2415 16888 608
1 906 1925 928
1 5274 32611 753
1 1863 1867 254
1 11502 17833 995
1 8948 11586 578
3 8043 18186
1 8337 18978 958
1 12457 29378 548
1 2562 8638 950
1 28291 28574 268
3 15729 28919
1 9071 25439 443
1 11983 29778 118
3 22166 30067
1 9322 18922 86
3 10933 31090
1 619 21404 889
1 21012 22223 116
1 18106 22076 227
1 17950 26457 923
3 4835 30116
3 16414 21722
3 16394 20970
1 15317 30101 526
1 16766 30275 904
1 16994 27698 104
1 15709 32189 477
1 1155 6744 460
1 17457 26012 256
1 756 20723 323
1 27368 27478 204
1 11731 28102 786
1 26899 30584 528
1 10037 13269 433
3 4488 12287
1 14993 31580 216
1 13905 23872 656
1 27395 29537 350
1 15462 17882 57
1 24272 25099 79
1 12311 19874 741
3 25324 25789
1 19080 29025 204
3 2993 9201
1 14411 26821 214
1 2296 2916 991
1 6924 23259 272
1 5949 9521 152
1 10933 15454 15
1 9498 12282 336
1 5572 28996 635
1 2546 14238 254
1 9085 26136 805
1 30028 31920 256
1 19417 26376 652
3 1616 31739
1 28686 30868 731
1 20496 25559 868
3 16401 19739
1 15756 27332 482
1 4940 19830 401
1 12647 26814 228
1 14763 19914 800
3 15372 30791
1 2679 4813 336
1 7634 25405 765
1 2872 31910 906
1 3549 21165 39
3 16417 23842
1 13563 29252 71
1 9967 24232 560
1 27333 28737 55
1 4314 30037 690
1 1435 8124 7
1 2096 10737 189
3 22442 28445
1 8756 19400 599
1 5170 31418 274
3 15423 19978
1 4828 8472 311
3 1022 30618
1 8524 10492 893
1 3466 21396 630
1 12405 31641 767
1 13340 13452 19
3 8903 11919
1 443 31128 534
1 5842 12736 402
1 5872 25110 824
1 4596 14834 778
1 4049 24512 313
1 10073 19945 635
1 12621 15612 602
3 4581 6369
3 15578 28326
1 6238 21276 649
1 494 8371 538
1 4359 23101 366
1 10652 29998 216
3 4504 20247
1 13428 27078 920
1 18594 27832 407
1 7149 13350 249
1 1683 3107 46
1 5045 22116 571
3 12493 23845
1 15975 16520 298
1 22239 29110 889
1 5859 18240 514
3 13093 19680
1 18220 25705 134
1 14790 28439 376
1 20291 28578 480
3 6797 8175
1 1801 27595 709
1 11572 28909 444
1 634 4793 820
3 29022 31239
1 20466 23598 883
1 16936 29909 187
1 2388 12588 58
3 2209 3609
1 8225 17521 520
3 7639 11506
1 6291 25433 232
1 11959 18039 463
1 14688 18454 84
1 9013 15764 309
1 9169 11439 608
1 23116 29462 847
1 6536 25516 997
3 10421 28456
1 4453 6959 772
1 348 18609 99
1 7504 20628 490
1 13832 26440 893
1 6589 9666 707
1 14059 31910 334
1 4729 12694 548
1 5587 6672 629
1 14099 18879 70
3 27217 32032
1 12637 20236 428
1 18169 31035 909
3 27694 32262
1 6919 8342 49
1 21508 27688 280
1 4105 7316 737
1 14757 20891 187
1 8135 27647 510
1 4933 22456 835
1 19813 30376 140
1 18107 31851 55
3 15751 29753
1 26874 30869 483
1 16409 18582 842
1 12623 13228 658
1 30047 31391 32
1 24451 29387 982
1 13931 30908 549
3 11489 25246
3 7145 30453
1 11827 18968 247
1 6244 31235 470
1 10045 14060 626
1 18824 30013 278
1 3232 16925 761
1 410 32543 544
1 11214 22551 450
1 14482 19243 229
1 25673 30509 143
1 9256 12445 87
1 14904 20488 181
1 6815 27289 895
1 3862 8181 990
1 17249 27292 753
3 18541 32038
3 1535 30594
1 10741 31267 694
1 23681 32531 569
1 15137 22534 774
3 13647 20686
1 14212 17950 23
3 15127 27268
1 9363 32443 190
1 11260 28155 808
1 19199 26454 264
1 9360 27839 292
1 25766 28462 693
1 5325 21608 455
3 16215 27040
1 2002 5666 743
1 11020 30806 241
3 11838 11854
1 12746 23593 975
1 24109 30125 423
1 27593 28615 384
1 8657 31980 541
1 25484 31642 836
1 19035 31975 725
1 16493 31207 194
1 2337 8929 815
1 2285 20097 555
3 13976 30517
1 5692 22745 656
1 13000 29767 734
3 5301 31368
3 17080 22792
1 5211 17620 382
1 5870 22879 616
3 9588 16300
1 5626 28891 521
1 17618 22672 647
1 24814 31420 66
1 1093 2053 275
1 4317 32418 579
1 1718 11523 550
1 17290 31272 738
1 6648 24081 304
1 16764 24795 306
1 8710 30148 598
1 2543 31564 402
1 15221 19281 576
1 13856 20162 868
1 3250 7242 420
1 1656 15121 343
1 3047 25022 857
1 7760 18901 822
1 725 18271 612
3 8096 32195
1 6509 20733 489
3 27921 28112
1 7972 25736 49
1 30757 31613 382
3 10837 20637
1 12015 13124 399
1 3519 14548 908
1 4194 4523 163
1 7680 29456 65
1 7183 13231 775
1 10830 12378 340
1 19290 32171 612
1 25187 30211 681
1 10603 30860 649
1 1295 27677 200
1 6361 6952 560
1 15357 16564 831
1 14745 21329 536
1 25546 32447 139
1 18053 30539 345
1 15298 23900 339
1 6957 28410 883
1 3464 30504 989
1 9782 20618 47
1 20567 26115 807
1 16096 31197 12
1 12411 23187 255
1 3743 30207 907
3 2305 8596
1 699 5046 972
1 17524 26018 734
3 30830 31549
1 12335 27519 55
1 1769 22587 924
3 8779 9589
1 5424 12213 76
1 10238 10859 750
1 2281 26122 895
1 11228 32289 590
1 12080 31014 346
1 4064 6047 840
1 17393 18574 713
1 17424 21038 306
1 8388 10902 555
1 23919 24082 60
1 423 10914 940
1 4548 14275 877
1 9406 19561 861
1 13131 32570 78
3 385 6085
1 9552 30506 916
1 4933 7059 973
1 20352 23028 737
1 8531 25740 658
1 9484 29425 410
1 12302 20658 276
1 15143 16186 814
1 12023 18205 783
1 5052 28554 5
3 8170 22628
1 4793 13753 923
1 11305 28820 637
1 4695 17221 553
1 27024 30260 806
1 12408 27593 82
1 9098 12028 142
1 20873 30851 629
3 7915 17531
3 2716 25561
1 11182 29457 311
1 11839 16036 19
1 7468 26485 220
1 9753 19745 512
1 9741 23441 30
3 4892 8233
1 6538 29255 218
1 14960 20922 314
1 30338 31134 280
1 25826 32457 314
1 30037 30462 785
1 734 7439 576
1 5744 24167 225
1 3034 6094 433
1 8656 28833 397
1 2618 14131 805
1 22511 22864 311
3 6381 8633
1 2924 7156 251
1 23800 25660 798
1 24599 30910 665
1 22469 26664 492
1 15491 31717 17
1 402 8188 707
1 15840 32442 944
1 9922 14864 977
3 8648 21851
3 3999 6345
1 27815 29064 267
1 2098 11772 954
1 6239 26065 248
1 27458 31581 250
1 9934 31250 774
1 326 860 993
1 2717 22051 113
1 6531 30224 300
1 10247 16069 487
1 13272 26355 676
1 744 10895 46
1 7709 25211 879
1 12231 29669 461
3 13973 16044
1 605 15482 522
3 3391 9372
1 20883 27131 524
1 14271 17915 44
1 13577 24546 659
1 1347 11838 418
1 445 3002 834
1 13976 14951 999
1 9956 26542 792
3 7173 11402
1 17302 24052 115
1 16798 25536 506
3 27987 31459
3 790 10372
1 10587 29488 447
3 7813 10269
1 116 11756 790
3 4106 13277
1 15100 23562 391
1 4559 17151 548
1 7977 20447 175
1 7993 20739 335
3 600 6972
1 9014 15544 362
1 18397 19397 988
3 736 11571
1 10776 26628 103
1 21586 29389 30
1 19415 22546 883
1 1106 12504 836
1 12228 21580 813
1 15305 31155 145
1 7173 20157 773
1 24718 31558 511
1 11700 30037 751
1 17282 28358 46
1 6723 20356 324
1 5513 12987 518
3 19957 24258
1 21379 30327 980
3 21534 27379
1 42 1806 550
1 698 13353 547
1 8622 19448 506
1 8012 29460 363
1 1134 28150 89
3 835 15417
1 10021 17997 483
3 687 21801
1 7685 16815 243
1 6213 28533 344
1 1152 14532 604
1 8997 13872 930
1 1316 21910 288
1 7546 20685 630
1 13981 20978 348
1 14023 21071 20
1 8449 15890 424
1 3074 7070 661
1 4213 11518 896
1 13494 32099 879
1 1446 8968 747
1 10283 25061 644
1 12366 23121 142
1 7389 23694 915
3 6235 14492
1 12179 31550 578
1 20427 32023 286
1 1917 7317 542
3 8106 28852
1 25542 29493 76
1 4180 8161 782
1 626 3008 15
1 31422 31884 340
3 5221 14856
1 13970 21845 54
1 2858 20464 952
1 8447 32263 158
1 28226 30769 960
1 7348 22949 364
1 10665 26383 145
1 12090 12213 694
1 13507 25298 843
3 3965 26706
1 10612 25099 953
1 19886 26862 346
1 6488 22619 68
1 29881 30993 959
1 13369 15977 362
1 17263 28291 190
1 13677 26288 337
3 14043 30612
1 25824 28781 950
1 20695 26919 722
1 26514 30335 663
1 12844 21536 868
3 24596 26764
1 16239 16901 980
1 11059 14651 335
1 24348 28799 770
1 11403 28213 149
1 17313 22857 385
1 9975 17526 373
3 18004 32764
1 4240 20303 915
1 24795 30778 75
1 8668 26588 367
1 10502 12715 470
3 4567 9189
1 6737 29614 890
1 6789 26395 839
3 18037 20786
1 16719 24547 98
1 5966 11205 866
1 17804 23512 493
1 3904 16363 447
3 6845 21160
1 2041 3636 325
1 4022 10314 624
3 1316 17759
3 7753 17869
1 12621 17062 236
3 9214 13117
1 12931 27919 631
3 23624 29110
1 3733 17222 745
3 19192 25659
1 20752 27249 920
1 10830 25626 314
1 17906 30190 471
1 11079 15045 646
3 9015 9560
3 7191 20323
1 16927 30854 397
3 12189 13172
1 2780 7379 812
1 12415 22373 795
1 17498 21061 381
1 29800 32308 733
1 862 19173 430
1 1415 2471 72
1 7906 9262 302
3 18707 22824
1 4976 27565 619
1 7029 8656 259
1 11851 17423 788
3 5301 10578
3 2829 8633
1 4016 16360 182
1 26008 31798 608
1 4074 11844 965
1 4766 15109 696
1 10578 19666 460
1 19728 31036 714
1 1176 15320 639
3 9210 31040
3 20974 31935
3 1883 12637
1 15497 20561 915
1 10204 30503 401
3 1364 8492
1 15261 20746 284
1 5680 25626 179
1 3446 27584 575
3 499 17437
1 20306 28660 464
1 6511 15825 592
1 7834 14266 4
1 15598 18155 402
1 754 2050 24
3 9958 32045
3 5129 12554
1 2810 17354 480
1 1901 8058 907
1 28183 30470 713
1 8324 15375 109
3 614 4674
1 8167 17555 85
1 754 28299 421
1 3099 16606 668
3 5630 30969
1 23324 27391 48
1 8524 15268 679
3 12521 26779
3 12547 12805
1 20851 30534 950
3 11643 20410
1 14578 28477 374
1 3987 25205 926
3 28845 32675
1 1307 21886 694
1 14686 28803 349
3 9352 12799
1 2956 31996 761
3 28192 29439
1 3317 17101 15
1 26768 32375 717
1 29384 31285 18
1 1913 12803 822
1 9695 16455 801
1 16086 21825 630
1 13446 18077 305
1 5426 9559 391
1 2514 22878 725
1 1755 11393 84
1 6153 25564 899
3 13454 29284
1 14070 28874 469
1 12525 19619 963
1 27537 29381 503
1 17084 30964 803
3 2750 22702
3 18947 32601
1 7966 8201 34
3 25700 27267
1 6671 14086 766
1 11025 20402 323
1 10027 15249 331
1 4218 22897 797
1 18431 26667 729
1 11160 19164 683
3 2597 10370
1 10087 27835 546
1 5708 23971 376
1 26746 30893 24
1 2568 4280 508
1 22110 24914 728
1 18879 30287 753
1 1567 6018 391
1 15950 32171 110
1 17570 27501 7
3 22257 26723
1 3455 4631 302
1 9746 24347 464
1 5681 11699 320
1 3789 29638 814
1 18389 26139 14
1 23988 26318 759
1 7678 16919 525
1 19274 26994 627
3 6080 9600
1 4681 29196 314
1 14283 22136 96
1 18530 27815 883
1 8681 12649 539
1 4970 15663 124
1 3840 27390 430
1 2050 5792 229
1 4513 30173 945
1 5604 19671 270
1 6120 8864 758
1 5739 30985 605
1 203 11642 950
1 5229 17638 605
3 2275 21622
1 14480 19942 997
1 6801 7577 435
1 1306 31224 843
3 11309 14000
3 14471 25670
3 18415 27070
3 1004 27663
1 5884 29115 225
3 3362 23252
1 12831 17119 19
1 8096 24799 152
1 10927 30442 123
3 1889 2440
1 6680 11950 248
1 8182 25757 994
1 4912 8701 996
3 18006 19571
1 12611 20935 759
3 18197 22804
1 1074 12143 407
1 18060 18981 696
1 7443 17877 20
1 3502 13912 897
1 8713 27886 173
1 12250 17970 281
3 10987 24523
1 220 19037 691
3 18004 32648
1 9722 13953 448
3 16592 22781
1 4314 29064 258
1 5038 21936 797
3 9557 30007
3 4603 15463
1 26328 29035 307
1 2033 25470 327
1 18417 24180 772
1 21096 32548 737
1 5716 21349 536
3 12680 26686
1 2190 31087 31
3 922 7981
3 8334 21255
3 10371 31987
1 17005 30942 920
1 8945 28025 173
3 9423 18994
1 20101 26600 156
1 19514 23333 261
3 6612 12117
1 4048 5937 695
3 15783 22765
3 683 9925
3 13292 30226
1 20538 32174 56
1 11668 26857 872
1 10729 32672 335
1 5792 9586 934
3 603 31716
1 166 1553 368
3 8323 10969
1 5850 15583 46
3 9187 27020
1 1265 27829 511
1 26728 28890 171
1 13156 14637 721
1 11020 30167 209
1 12422 26199 520
1 5840 10315 34
1 3195 25033 601
1 1930 12569 990
3 13299 14666
1 2844 17929 995
1 12269 32028 936
1 5891 31815 343
1 3263 25893 238
1 10977 19729 544
1 12152 13860 129
1 23885 31819 98
1 6882 14645 624
1 20841 21984 912
1 4765 31408 686
1 8280 31574 926
1 3567 15975 562
1 8116 13395 854
1 3644 28702 456
1 8023 10197 699
3 6755 20283
1 10949 15481 126
1 2250 18039 169
1 3308 9917 474
1 16006 32116 220
1 24748 26498 439
1 3940 24237 47
1 3803 4921 835
3 406 8721
1 2649 22902 35
3 5428 7504
1 15629 26877 571
1 3837 19332 938
1 3792 4228 883
1 8102 19815 506
1 2208 4773 216
1 11653 32432 303
1 19140 27920 308
1 1888 18186 942
1 14599 29093 967
1 14945 20722 257
1 12369 23522 282
1 4058 18169 563
1 1932 31481 317
1 11645 20099 629
3 2819 16756
1 4238 6115 75
1 14778 31051 404
1 7341 17670 509
1 14953 20399 165
1 9438 16071 330
1 9539 28256 658
1 8502 21866 344
1 25005 32190 201
1 8572 25109 551
3 26137 26418
1 12716 30885 485
3 7225 20738
1 2399 20573 703
1 9855 19410 831
1 2800 27361 689
1 5754 27157 289
1 20248 20437 546
1 15718 19501 145
1 21022 24842 438
3 18493 22345
1 15886 22522 976
1 5044 18665 3
1 5630 21830 560
3 8035 29378
1 7291 13919 497
1 7463 20745 87
3 28143 28595
1 12524 21858 500
1 19514 29488 588
3 8487 8881
1 3623 5698 659
1 18003 23496 147
3 16745 30941
1 16372 20647 490
1 17622 18203 719
1 7940 30152 567
1 13577 21574 272
1 18358 28356 913
1 5997 32084 341
1 3129 26601 128
3 6351 22257
3 19254 24601
1 11620 29623 77
3 2769 29522
1 19152 30502 689
1 5404 9495 707
3 19104 26430
1 19511 22490 51
3 5243 27638
1 10287 17053 41
1 12701 18854 295
1 6031 24458 596
1 17953 24711 140
3 11060 29692
1 6473 32206 926
3 16094 30357
3 1177 8045
1 27757 32211 577
1 6865 7075 651
1 13851 21024 465
3 22112 24927
3 22453 27642
1 7817 25747 369
1 6532 22747 768
1 2905 26985 453
3 6258 25140
3 20891 28184
1 21969 31836 614
3 635 20738
1 14010 23015 176
1 9359 13925 536
3 26646 27337
1 16478 32120 856
1 5889 16707 211
1 1419 14120 816
1 1315 26661 78
3 17862 31138
3 10694 13336
1 24837 24898 100
1 7320 25032 105
1 8439 24653 414
3 1830 30715
1 23389 24781 833
1 914 1577 506
1 12417 14808 771
1 18080 31361 35
1 17831 26113 359
1 1641 14733 147
1 13351 29653 906
1 4851 16282 448
3 1525 27617
3 14143 31384
1 15211 23590 774
1 9583 24191 708
1 8723 24416 698
1 17679 27174 381
1 19971 23042 622
1 1558 24466 526
3 20618 21772
1 6986 13545 228
1 2943 4314 679
3 12637 25076
1 4336 19528 140
1 10267 18320 178
1 4306 17499 166
3 6776 23438
1 3945 9157 302
1 14862 18426 987
1 9163 9171 185
1 11057 17748 702
1 13454 19204 218
1 9972 12989 127
3 22975 27520
1 18461 21637 666
1 8608 14861 303
1 3476 7010 991
1 294 14023 521
1 7977 22010 785
1 12609 26170 94
1 10925 26685 575
1 8743 17022 984
1 581 11935 15
3 14251 29287
1 3801 30912 923
1 12737 31552 236
1 17142 25149 870
3 28361 31584
3 5488 23030
1 3282 7185 842
1 9749 16889 843
1 11975 23354 436
1 15850 28365 99
1 18958 25108 285
1 23813 31358 712
1 490 20573 920
1 22819 24370 830
3 16213 24216
1 8856 27948 587
1 6648 31883 881
1 1651 20314 712
3 28621 32706
1 26254 31364 580
3 12076 17634
3 27110 30372
1 346 3503 169
1 4089 25480 754
1 1130 11127 226
1 18273 26077 241
3 20205 25440
3 1504 31243
3 1267 14021
1 5071 23493 759
1 13121 26325 125
1 23794 29486 723
1 4020 11507 165
1 20716 24615 648
1 4154 4220 32
1 82 12655 215
1 210 6896 711
1 13543 22191 474
1 23812 26593 672
1 18177 29204 841
3 799 18605
1 18490 27133 473
1 12859 14813 179
3 8640 27223
1 633 10246 231
1 11865 29730 29
1 3925 27979 73
1 8087 20868 192
1 24793 31436 403
3 9634 27164
1 5592 15030 767
3 17134 22713
1 2737 5883 17
1 954 4077 435
3 396 6033
3 2124 2429
1 15145 31064 230
3 7202 31015
3 16536 28989
1 5200 30851 789
3 7942 12737
1 19814 29230 930
1 10695 26618 283
1 13149 27041 559
3 22742 27526
1 15349 19874 307
1 16886 17189 996
1 3503 7659 117
1 3276 27358 206
1 12710 15985 830
1 2610 9829 478
1 5019 6255 55
1 11808 29196 655
1 2084 10920 135
3 20718 24475
3 1321 19113
1 23697 32176 459
1 18840 21091 856
1 18610 23785 387
1 9174 11568 641
1 10538 16653 854
1 7748 11885 363
1 2659 11285 722
1 14262 20694 981
1 1350 10133 604
1 27837 27906 294
3 4663 22715
1 6630 21122 704
1 2304 8883 704
3 534 1466
1 7250 9981 446
3 7035 27774
1 12338 26212 829
1 6425 20480 102
1 21609 31498 57
1 8079 12802 376
1 3346 16258 725
3 1019 9961
3 15854 23741
1 411 20761 798
1 16022 25593 917
1 12503 20931 254
1 20477 23909 979
1 8158 20985 880
1 28928 30752 839
1 12926 19828 582
1 3438 24062 190
1 1026 7528 661
1 3912 23833 638
1 252 12729 880
1 2457 32761 828
1 18683 25159 171
1 28641 31015 656
1 17084 28091 521
1 21571 26630 275
1 9899 25097 942
3 3870 5167
1 13818 25259 422
1 8526 8561 991
1 22624 28199 618
1 597 12072 551
1 14891 15517 282
1 6504 20869 420
3 11738 15145
3 3154 9585
1 19607 21253 686
1 16858 27760 466
1 12643 13383 238
1 14764 19817 901
1 10218 30865 12
1 14103 15685 861
1 5256 19133 358
1 9052 20327 507
1 32388 32598 971
1 23438 24438 737
1 2193 21265 993
1 4289 6196 151
1 10539 18799 978
1 16022 17386 934
1 22090 30739 642
1 2871 4978 247
1 26916 31221 563
1 13585 14204 925
3 17815 32510
3 20275 29657
1 6229 31126 418
1 4695 19777 179
1 12876 26999 244
1 12808 14112 41
1 9565 13749 787
3 25052 30646
3 6951 21732
1 16533 28382 966
1 4962 16863 180
1 6480 15329 250
1 15505 25974 783
1 16995 23410 558
1 25764 29766 76
1 8302 24035 372
1 16932 25505 983
3 21598 28366
1 7638 26216 894
1 20979 23684 202
1 14170 16151 509
3 8761 25684
1 31769 31973 75
1 884 5182 932
1 25164 29466 382
1 14854 17466 978
1 11093 15430 838
1 4976 30032 180
1 4693 15048 148
1 14935 23973 620
1 1266 27853 888
1 2796 19369 133
1 3416 4440 530
1 12314 18409 792
3 29188 30578
3 17327 22144
3 12360 30385
3 14849 26335
3 3935 26662
1 8301 25198 992
3 12516 17293
1 24766 26197 558
1 23161 29590 64
3 26169 31397
3 4359 17436
1 15342 25740 776
1 8819 12206 472
1 18601 29830 127
1 1164 25743 358
1 8500 26490 575
1 5212 9687 404
3 6586 16248
1 10855 19786 102
3 10274 25935
1 60 716 681
1 15699 32317 533
3 10190 30032
1 5789 16960 302
1 7081 24801 789
1 3043 30321 323
1 1752 2374 271
1 9213 17705 640
1 13510 16157 606
3 5720 32002
1 19988 25230 411
1 19829 19900 114
1 1767 16530 883
1 24257 29470 276
1 2568 29050 312
1 7022 16911 310
1 10149 30187 786
1 15984 24057 64
1 13690 24531 895
1 16785 26057 842
1 694 15747 357
1 3411 21258 726
1 16103 29128 833
1 5659 19388 937
1 8472 11209 980
1 1410 18436 54
1 22850 29846 520
1 3523 28094 634
1 14081 26485 191
1 9815 25309 17
1 12650 26891 5
1 21675 29628 48
3 5363 6259
3 10567 17514
1 1139 31929 753
1 18195 18248 123
1 4834 25674 913
3 11378 25154
3 13934 29505
1 3483 3751 291
1 13589 21128 218
3 548 13931
1 19517 21746 197
3 26703 30583
1 9228 17583 370
1 7553 8067 202
1 24021 29493 968
1 19273 23419 689
1 1004 18915 458
3 1487 6809
1 13250 18516 79
1 1110 25387 827
1 21339 28318 251
3 18527 21787
1 25312 30102 649
3 27734 29156
1 9184 32534 937
1 840 10727 797
1 939 21348 443
1 12907 30205 284
1 3451 16671 125
1 11641 17070 451
3 97 8043
1 2973 27800 172
1 11708 18819 15
1 8836 21876 956
1 6172 12892 901
3 3835 6259
1 15497 28505 59
1 8564 8872 631
1 6193 26361 512
3 17333 20705
1 5002 9342 797
3 6969 17747
3 19186 24220
1 13979 22226 508
1 7647 13221 148
1 11688 28015 919
3 9303 15940
1 7005 28869 200
1 7003 28101 23
3 27795 28240
1 15680 30932 109
3 3249 10764
1 1321 25271 414
1 3947 11837 589
1 548 4932 228
1 9839 15526 366
3 15707 15814
3 11730 20845
1 10964 32284 694
3 3235 24065
1 9799 23235 684
3 11611 11815
3 6956 26086
3 3152 21753
3 1138 26380
1 21953 31548 147
1 9702 11378 239
1 13406 13516 786
3 12288 27275
1 13091 27034 3
1 1235 8618 462
1 5029 10831 599
1 29302 31925 486
1 12165 25995 313
1 392 5894 836
1 4500 21903 332
1 7228 23737 776
1 4213 11773 185
1 20105 32474 316
1 12611 29758 318
1 27737 30779 680
1 22861 26810 746
1 12207 31312 628
1 21738 31500 595
1 5684 31388 889
1 3009 28853 409
1 8886 15414 209
3 3208 5216
1 1830 11041 680
1 3684 27068 736
1 24602 27638 642
1 4152 28077 383
3 2323 32332
1 8943 9273 597
1 8877 19762 793
1 17797 27148 589
1 6127 32606 427
1 6770 16789 384
1 13174 13183 399
3 2311 30813
1 3129 9701 198
1 15079 22137 40
1 14404 19125 571
1 3014 26895 519
1 17695 22310 89
1 11873 20313 398
1 27945 28878 581
1 18732 19363 821
1 21206 26247 26
3 9570 31312
1 1417 29355 633
3 8993 32284
3 26632 30132
1 19748 21465 660
3 8077 22744
3 9825 27542
3 18435 19703
1 12910 14132 386
3 21835 27191
1 1947 24231 585
1 19215 19874 854
1 17925 22974 158
3 18182 24085
1 24681 28737 760
3 14031 19383
3 18044 23930
1 1757 4004 232
1 9702 13027 340
1 12810 18325 255
1 14299 31329 481
1 22848 26229 70
3 8633 27958
1 10711 16295 811
1 2399 31258 303
1 9468 22275 435
1 15006 17567 639
1 5936 8054 139
1 8591 9662 210
1 21856 30302 708
1 6137 18776 275
3 28708 28900
1 20458 27427 67
1 4582 13020 795
1 23109 27963 416
1 24521 29381 33
1 6593 24230 694
1 2744 31932 127
1 14152 17659 942
1 11043 31259 103
1 7145 21503 287
1 4155 18258 491
3 3572 24463
1 18467 21604 799
1 9698 12325 317
1 2903 21863 889
1 20451 30046 114
1 17159 27629 922
3 28234 30035
1 12642 28539 11
1 3604 30463 102
1 847 14779 654
3 16183 27159
3 6078 8275
1 7535 32401 18
1 9773 31116 784
1 11073 24898 665
1 13800 14606 716
3 13764 25397
1 937 6138 133
1 6935 16876 384
1 22529 27285 538
1 9245 15516 351
1 13324 20462 594
1 8223 14612 977
1 19616 20614 989
1 2353 8792 712
1 6626 11210 232
1 5733 21024 347
1 9199 26212 203
1 19187 19641 220
1 14062 20783 803
1 8053 17095 754
3 13135 21492
1 11623 21482 7
1 2250 6839 12
1 26227 26812 579
3 7772 21772
1 10211 20085 945
1 10987 22663 382
1 6607 28024 690
1 18395 31399 482
1 15491 21959 509
1 17049 28041 161
1 9037 16875 284
3 7047 11709
1 8329 18351 110
1 27441 29914 252
1 1994 20025 556
1 12524 20069 568
1 23131 29796 255
1 13493 14000 627
1 17493 31880 455
1 16120 25097 657
1 3347 25102 828
3 7920 11722
1 21676 26934 133
1 27118 27973 583
1 21237 26185 136
1 8355 12299 916
1 939 14100 806
3 8770 26905
1 1579 9886 828
1 4654 31749 403
3 8058 31372
1 27958 30932 451
3 17386 19086
1 7543 30979 12
1 8904 28829 264
3 16062 29584
1 6431 12566 584
1 1737 26695 886
1 8076 22524 38
3 16115 19743
1 9400 21683 745
1 18460 24370 714
1 10401 14688 71
1 4099 17428 408
3 2015 9774
1 13449 30455 733
1 16290 26584 408
1 1250 9914 21
1 27294 31765 894
3 1124 29457
3 5486 18433
3 18632 28758
1 5655 21463 579
1 10827 26999 500
1 6027 24885 426
1 4386 28158 815
1 1457 23038 635
1 1893 26220 236
1 8365 15427 330
1 6171 9054 250
1 8450 14928 465
1 7296 17236 332
1 15747 27580 614
1 7754 14189 442
1 16154 20636 9
1 3754 21345 765
1 20116 31418 223
1 17248 30582 943
1 10318 12521 706
1 6961 29443 536
1 18598 31124 190
1 28256 31479 146
1 9865 30507 278
3 7660 24991
1 23449 23714 822
3 2460 27633
1 6786 12613 402
3 8909 31401
1 22240 32714 919
1 4084 29221 640
3 10316 23240
1 16102 24500 954
3 12557 13620
1 19805 25415 655
1 17043 27648 883
1 3623 9490 263
1 5780 8687 351
1 12773 20415 704
1 10482 12413 878
1 8534 10969 681
3 11381 18569
1 7576 8014 351
1 30459 31594 460
1 7014 23262 516
1 7621 7877 378
1 15027 18055 367
1 32661 32765 353
1 4573 22749 458
1 110 8082 371
1 5048 30421 856
3 21796 23425
1 7346 17229 827
3 15328 21666
1 8461 29802 735
1 8945 10946 185
1 5841 29221 389
1 8306 27557 62
3 391 30586
1 5367 5381 225
1 13294 25013 530
1 9735 12276 454
1 9923 28606 30
1 5007 30385 959
1 10843 29633 361
1 12935 13359 963
1 8852 16167 797
1 14780 26886 431
1 12377 21316 240
3 10879 17852
1 12353 31026 846
1 3281 28809 950
3 6423 26569
1 10028 23701 198
1 155 31413 595
1 17512 17596 727
3 1321 31890
1 8937 29731 616
1 4251 22155 821
3 10636 17530
1 1645 14951 270
1 1371 6347 940
1 7788 29613 457
3 784 26374
1 4696 17176 241
1 10062 22470 777
1 25106 25828 665
1 12625 25100 167
3 4486 29634
1 20288 32351 470
3 5565 7499
3 20095 30321
1 15084 25437 368
1 10800 31611 558
3 19438 28185
1 6415 13143 952
1 10222 11595 877
1 12027 31880 233
1 3163 31084 7
1 554 5835 109
1 4645 16510 151
1 20045 30326 519
1 15319 32522 859
1 10942 17940 895
1 9070 16259 173
1 16373 28642 194
1 15709 17978 283
1 15757 18140 191
3 7002 7575
1 7653 24885 441
1 11286 26421 8
1 8991 29070 123
1 6058 14482 119
1 10634 19480 36
1 4058 29937 186
1 9187 22300 397
1 13290 25487 355
1 17420 19316 92
1 2820 32506 964
1 17680 30090 398
3 30437 32103
3 26631 30584
1 5399 13033 694
1 619 32035 706
1 16123 25425 430
1 4695 25493 82
3 15951 22777
1 6668 8733 805
1 24531 30348 606
3 12866 23890
1 7224 21025 559
3 22428 22573
1 25719 26600 918
1 4237 22672 627
3 6329 19852
1 1191 23838 801
1 16916 17799 974
1 466 31606 455
1 7273 19106 495
3 314 27179
1 11843 23152 921
1 18436 31231 411
3 22655 25890
3 1536 2832
1 19093 30548 854
1 9728 28919 313
1 29735 32426 21
1 6855 21705 454
1 3725 29094 776
1 1923 10781 759
1 20435 26940 59
1 16710 18123 750
1 13148 27297 872
3 7130 13072
1 440 16096 940
1 10810 32030 462
3 7413 22641
1 18177 30182 356
1 20612 31207 615
1 1229 6395 266
1 28932 30592 523
3 14842 31235
1 14111 32221 647
1 4676 22979 705
1 1828 28864 619
1 5144 6993 914
3 5191 31487
1 2360 19368 525
3 3316 22015
1 10036 24440 707
3 11031 25463
1 1138 26553 771
3 6352 18190
1 382 8509 634
3 4253 8784
1 23058 28300 432
1 10486 10652 45
1 1595 3689 607
3 227 31947
3 9245 21626
1 3957 29873 317
1 2014 25620 821
1 16853 26225 525
1 13652 26570 197
1 6033 19151 509
3 1464 12388
1 2818 13604 416
3 20249 27791
1 6219 26075 234
1 31583 32753 469
3 13018 22022
1 9621 19877 656
1 1097 29744 227
1 7484 18755 612
3 10500 30937
1 8465 29578 452
1 8112 15367 872
1 6988 11861 41
3 4209 15562
1 12704 20302 689
1 1287 24802 335
1 8950 18424 582
1 3091 27389 29
3 2737 20543
1 791 29990 886
1 18672 23453 488
1 5882 18244 47
1 2143 31231 998
3 2843 26631
1 17184 21780 476
1 4398 31770 758
1 28509 31285 408
1 742 22812 283
1 15792 26844 945
1 2519 23584 629
1 7635 12136 385
1 8569 19167 360
1 13746 25851 717
3 10180 29965
3 11122 13328
1 2488 6975 407
1 4983 17555 195
1 9437 21430 889
1 13279 16764 871
1 3239 25329 49
1 11200 26818 687
1 6847 23469 50
1 23250 25228 535
1 7198 27405 106
1 4632 15601 679
1 5074 8408 964
1 12936 18507 443
1 1716 3778 175
1 12109 28665 69
1 14730 21833 534
1 4097 29472 897
1 3054 29649 310
1 11291 17476 952
1 2203 17234 43
1 12768 32077 14
1 22923 27968 34
1 26241 31350 397
1 486 31896 568
3 2710 12488
1 3733 16726 605
1 14067 32487 718
3 13496 28740
3 22199 26995
1 12362 31041 848
1 6590 7986 162
1 1 1094 93
1 17397 20961 353
3 25889 30445
1 24777 27645 567
1 12642 21864 236
1 24872 31631 334
1 1289 11326 236
1 6549 15113 334
1 2400 17541 376
1 12728 29352 697
1 4045 28728 710
1 4108 27020 692
1 11830 17418 911
1 24705 27165 516
1 24083 29523 102
1 548 16216 255
1 13348 29532 948
1 8958 25593 399
1 6237 32371 71
1 2732 25312 698
3 2881 27020
3 9607 25813
1 14630 31333 312
3 4399 16554
1 1358 26332 632
1 28349 30306 395
1 1840 14331 845
3 22372 23163
1 4036 20747 953
1 6005 15914 940
1 14495 16320 752
3 8104 25107
1 4701 14925 168
1 23009 30887 75
1 14364 24268 468
1 26222 29530 237
1 30524 31804 542
1 11517 14606 257
1 3578 22115 782
1 17166 17266 995
3 2186 23340
1 11188 23444 249
1 4946 16272 852
1 14067 23984 872
3 21447 23464
1 265 17400 421
1 16993 18407 143
1 7309 11334 384
1 904 16521 936
3 2872 19639
1 7437 11661 108
1 8454 15954 969
1 10321 21964 70
3 235 12140
1 14171 29200 338
1 17131 26490 232
1 22016 25951 248
1 11270 28271 446
3 8001 16554
3 17512 24555
1 6016 29860 211
1 7520 21998 32
3 11207 32209
1 7752 8476 321
1 84 28828 181
1 11571 28360 376
1 25553 30207 915
1 5656 32738 774
1 2256 21136 125
1 18217 29109 574
1 14075 24161 26
1 2437 16862 395
1 28504 29922 661
1 21071 30761 551
1 25877 26384 20
1 62 17416 765
1 8689 8721 705
1 10700 26979 496
1 7404 17283 172
3 153 30768
1 2199 6219 57
3 1756 11773
3 4454 27036
1 20737 31830 535
1 3917 7947 679
3 1572 24177
1 1387 32669 877
1 26796 27509 31
1 1045 4783 998
1 1343 26994 268
3 4922 28989
1 21833 27530 27
3 20567 25240
3 1863 6151
1 3181 5878 965
3 7781 30334
1 28196 31359 466
3 18202 25964
1 21049 24205 53
1 23924 30574 180
1 5270 21414 315
1 10972 20249 486
3 15286 16730
1 20397 23228 213
1 3570 11434 532
1 4213 21642 781
1 7981 27247 110
1 4973 30894 313
1 22206 29774 709
1 2753 22540 173
1 24265 29968 319
3 18955 23192
1 12793 20610 25
1 13418 17146 556
1 6878 10740 205
1 12329 21930 109
1 7033 31419 558
3 9392 25491
1 11093 26129 511
1 28216 29341 768
1 316 30293 246
1 10491 15341 94
1 1824 17710 423
1 20553 30757 801
3 4069 13800
3 3536 30520
3 18335 26516
1 17504 23360 984
1 8387 16420 964
1 4053 8904 934
1 20276 32204 762
1 25126 30591 425
1 10451 27995 640
1 26035 27345 531
1 2868 10584 497
1 7786 17656 848
3 1695 17773
1 12570 16342 231
1 15358 15853 41
1 4239 22759 261
1 17317 30479 407
3 7677 16932
1 10779 22263 624
1 11600 17468 180
3 28590 32436
1 12758 28049 588
1 12617 14774 15
1 10106 12848 985
3 2691 5312
1 3141 29110 996
3 1845 9866
1 5704 13878 79
1 22828 29677 490
3 8796 32660
3 9021 15578
3 14442 20927
1 23271 31230 460
1 16595 26345 335
1 5511 19901 262
1 12863 18252 75
1 5563 12317 533
1 12251 30737 46
1 16944 24195 760
1 4965 21785 657
1 15062 15335 60
1 9278 20215 978
3 13502 21499
1 25741 32483 734
1 18474 29666 480
1 28278 31696 729
3 9252 27569
1 14000 15154 542
1 12029 30017 143
3 3025 5546
3 2101 8339
1 9530 20114 28
1 3272 8427 445
1 4061 7047 155
1 18565 26931 229
1 18442 30249 864
1 8738 21274 22
1 16607 16639 174
3 11151 13157
3 14596 15487
1 20735 23019 221
1 4680 16094 372
1 10457 22789 962
3 2786 9837
1 538 32643 776
1 138 16261 315
3 24969 32209
1 10501 25364 575
3 13262 13495
1 12173 22595 634
3 19503 25246
1 15994 16839 51
1 1177 21114 441
1 24592 28441 71
1 1980 23064 142
1 690 16573 228
1 6528 13528 199
3 24158 32006
1 194 10610 738
1 1386 30241 93
1 15378 16132 885
1 3540 7849 227
3 14914 29877
1 3950 19789 810
1 7083 11635 160
3 21822 30641
3 1670 19390
1 5033 21546 888
1 12891 24701 20
1 10539 27374 528
1 28890 32723 495
1 8886 31752 421
1 695 20551 531
1 7823 25877 822
1 2333 20415 579
3 2305 14790
3 21761 32215
1 515 22379 748
1 9674 16316 815
1 2829 17166 148
3 7804 30131
1 12228 24408 616
1 5022 21628 543
1 1675 6644 456
1 2342 21600 612
1 10680 26936 239
1 2875 6366 316
3 2946 20752
1 22669 29424 539
1 3365 28662 6
3 250 22203
1 8503 20833 88
1 12597 23167 290
1 22158 29043 171
1 10322 25099 647
1 5669 9403 527
1 20693 28507 153
3 94 25596
1 13881 25628 800
1 17518 20074 991
3 16589 21797
1 8403 9407 959
1 183 23343 314
1 6816 7732 156
3 11250 22512
3 10155 24551
1 14777 20141 287
3 6724 13370
1 15312 24905 356
1 8566 23755 166
1 1207 22140 549
1 11138 31025 156
1 12538 19703 729
1 17226 29561 616
1 5622 24935 722
1 1809 3701 272
1 455 2448 194
1 7704 26962 149
1 16461 20044 301
1 3099 6938 231
1 4481 29750 202
1 16234 29593 982
1 17900 24109 374
1 18646 29303 362
1 3886 7123 313
3 18869 26664
3 8314 9020
1 6050 14807 254
1 11618 24404 960
1 4708 25064 632
1 13327 20554 314
1 2421 2640 380
1 19914 23917 735
1 16155 19064 834
1 13628 22702 763
1 6651 9475 568
1 17525 25523 621
1 1321 16059 742
1 15265 28699 719
1 5177 12680 779
1 17178 25710 194
1 12879 13394 134
3 8241 28249
1 11497 13495 244
1 528 9369 291
1 11027 19832 589
1 11072 20945 210
1 2895 28323 554
3 4524 4983
1 3503 21306 734
1 14429 27897 837
3 8696 17902
1 7625 30927 136
3 11008 11233
1 3362 25690 894
1 6517 14684 66
1 1768 32299 946
1 13856 23439 629
1 1558 12150 623
3 391 28026
3 1010 20805
1 20848 28233 740
1 19671 28063 73
1 11072 15208 334
3 20725 31319
1 11171 13932 288
3 4286 29094
1 29043 32725 587
1 2919 9041 796
1 6082 26463 725
1 39 4458 651
3 822 10236
1 1037 11940 680
3 19784 28311
1 13710 31859 142
1 2265 11912 70
1 9385 12163 577
1 3792 12031 530
1 15718 23560 51
1 7701 32389 211
1 9454 17049 112
1 10593 26473 384
1 27451 28496 132
1 16141 18996 638
1 23251 30997 954
1 2912 23129 531
1 9029 17950 704
3 14173 24166
1 3125 6032 307
1 2196 14646 212
1 3708 26691 936
1 4901 27913 397
3 18402 19027
1 9724 15634 523
1 16088 27139 360
1 8346 15992 91
1 14033 22287 533
3 7591 18206
1 15167 29026 722
1 12676 26630 123
1 21734 25528 708
1 6781 13832 507
1 29742 30330 36
1 10495 24723 748
1 3476 19764 345
1 7554 24215 864
1 10387 17389 110
1 21589 27682 171
1 2267 10482 516
1 20813 20917 200
1 15761 28815 726
1 26098 28954 253
1 5120 25956 715
1 12163 23126 666
1 5560 11590 896
1 1315 20613 710
3 22281 23996
1 4517 7546 780
1 3717 21901 706
1 11910 23949 12
1 2198 26267 249
1 3953 14190 65
1 12246 13781 301
1 21730 29591 784
1 13731 21403 14
3 15405 28419
1 20447 25839 397
3 5820 10125
1 17032 27289 803
1 721 21259 791
1 3604 20839 250
1 4739 16498 858
1 7617 29250 281
3 2422 22560
3 4820 13708
1 4306 30558 799
3 11807 21491
1 6962 7334 421
1 2365 19639 401
1 5513 16965 184
3 20187 28931
1 11691 17625 370
1 203 15155 108
3 30 18775
1 10859 12058 168
3 11076 29870
1 5844 29063 618
1 1901 30070 843
1 15040 17295 753
1 18788 29124 788
1 7445 9519 358
1 6028 15217 826
1 393 15718 14
1 22150 32419 461
1 24122 28845 728
1 4751 9018 102
1 15475 32543 786
1 8278 23294 844
1 10073 29914 914
1 9543 10320 951
1 15188 22928 325
1 5986 19797 760
1 3425 26678 75
1 6630 15948 887
1 20390 26990 760
1 21638 31065 627
1 4175 21425 141
1 6292 28758 286
1 734 16627 726
3 9563 13183
1 3529 20203 112
1 14649 32458 116
1 4257 10627 879
1 23528 28565 163
1 10559 28337 121
1 5642 10087 585
1 10892 24472 271
3 9086 32364
1 4850 31263 627
1 16941 29285 955
1 12518 22664 203
1 7378 25809 897
1 8551 23307 384
1 1046 6849 859
1 16429 21838 757
3 2159 27591
3 10271 26947
1 16801 20289 100
1 19699 20455 409
1 1137 28942 531
1 4415 8919 100
3 5164 22723
1 18096 26058 170
1 12398 25403 380
1 10555 19796 177
1 25948 30982 967
1 234 20580 194
1 11536 18811 724
1 6277 26989 949
1 21088 27833 971
3 172 4926
1 12972 32157 787
1 5457 9594 685
3 15297 28494
1 8952 12396 593
3 8218 31113
1 19646 20474 482
1 8976 24668 237
1 608 26326 389
1 12728 29201 89
1 3668 18171 998
3 14051 21707
1 12499 13820 447
3 3560 20981
1 24138 27953 60
1 11694 28013 787
1 5948 9800 665
3 11914 26582
1 4083 13327 693
3 5086 27613
1 3410 15670 599
1 17329 19825 686
1 9881 29048 496
1 4045 24485 473
1 88 3684 682
1 2388 19996 320
1 6514 22502 319
1 31625 31917 382
1 5786 23662 36
1 8194 27828 755
1 4593 29787 771
3 2295 20930
1 28360 28429 404
3 224 10945
3 13259 27766
1 24208 31160 37
1 2705 16465 67
1 14436 23372 346
1 10833 26532 344
3 15606 25676
1 4688 30431 362
1 13910 21296 261
1 4511 29052 725
1 15513 27446 338
1 2737 14926 103
1 13925 23640 960
1 20678 29635 146
3 1628 19758
1 19449 21245 852
3 8595 12248
1 5661 9869 47
1 16516 21084 697
1 18573 25573 146
1 1775 12202 51
1 4543 22251 143
1 17572 25074 747
1 3109 23736 714
1 19400 22085 375
1 3243 19717 25
3 6699 6819
1 6210 30059 972
1 5346 27207 879
1 2097 25948 209
1 26026 32453 795
3 7129 27165
1 25785 30042 807
1 14373 15419 332
3 4500 7269
3 24265 27486
1 4824 9534 581
3 7405 29687
1 4991 12732 756
1 13983 22805 984
1 9116 25299 559
1 3728 5640 774
3 8565 10338
1 6091 10491 186
1 6043 17889 151
1 21679 30084 446
1 20198 31307 288
1 23526 27455 515
3 9011 12849
1 5979 23627 944
1 1351 32277 915
1 8754 17152 245
3 13394 16535
3 14303 26320
1 24918 31655 468
1 10444 14977 910
1 311 24269 531
1 2373 6294 982
1 16533 24736 385
3 11101 12566
1 29012 30834 978
1 11079 30825 690
1 13942 17194 819
1 4283 30262 916
1 6002 20858 422
1 18554 18564 108
1 1083 17465 497
1 758 23223 929
3 5031 24369
1 10683 28216 471
1 8112 10305 42
1 2496 26703 965
1 28143 32417 405
1 1156 23017 396
3 10101 26610
1 14503 28819 791
1 11829 17495 772
3 9556 18130
1 9274 11541 342
1 22265 28407 420
3 23285 30861
1 16486 17568 170
1 12528 18290 599
1 16332 20026 668
1 6113 31624 40
1 11010 13904 965
1 1795 5386 80
1 11746 22336 652
1 20 22142 430
3 1553 6520
3 18200 26900
1 8797 25397 193
1 2714 25291 195
1 7137 18730 411
3 9818 14479
1 2784 11735 400
1 20822 20969 86
1 315 13098 191
1 27800 29703 615
1 14112 16853 112
1 13712 14914 111
1 12995 28321 417
1 23032 23929 384
1 17240 32084 235
1 5728 32048 764
1 9270 28803 819
1 11893 19013 484
1 660 5856 428
3 7035 23414
3 10046 11258
1 10067 14345 420
1 9918 18014 993
1 17026 25000 95
3 4380 28928
3 4079 21277
1 7198 26346 300
3 8295 16805
1 662 31962 909
3 3128 13911
3 2887 29807
3 14222 18067
1 21668 28133 165
1 14835 31238 133
1 9861 11797 742
3 23468 32653
1 10742 21618 128
1 16791 17893 293
1 15672 16156 731
1 4660 8447 521
1 22224 28113 393
3 6743 24267
3 8751 31293
3 28495 28836
1 7814 13942 478
1 12776 15456 592
1 4308 23923 383
1 20658 24037 622
1 3048 32132 809
1 563 24247 367
1 5828 23352 330
3 6485 29017
1 10667 11774 588
1 20197 23479 582
1 5562 8585 616
1 5608 6914 864
1 5294 21436 144
1 4335 12149 334
1 13974 15457 311
3 1997 6438
1 18046 26723 581
1 2411 30268 63
1 4408 18031 241
3 13232 26546
1 11014 11037 601
3 10972 15259
3 15167 30223
1 13887 21359 348
1 3241 11076 402
1 6922 12663 758
1 13987 19384 801
1 16672 25709 244
1 9707 32398 234
1 10880 22546 424
1 1593 7769 640
3 13705 14499
1 20465 25665 876
1 410 3550 430
1 1523 13750 76
1 7633 13259 591
1 9332 21591 738
1 17236 20249 512
1 24798 31531 962
1 12 24972 320
1 19054 19616 805
1 4859 24198 608
1 8884 13571 224
1 208 16757 911
1 1559 23817 131
1 16268 27950 489
3 11338 25678
1 27307 29528 280
3 23488 23714
1 17409 25624 289
1 8421 11833 220
1 12369 19583 786
1 14374 20880 617
1 4004 4081 403
1 4398 25628 311
1 22861 25811 222
1 28083 30456 369
1 14348 28947 50
1 17717 30192 48
1 9098 17326 758
1 689 27849 30
1 13134 29885 570
1 9882 18507 299
1 17179 21524 54
1 8080 16521 716
1 5786 30871 64
1 1342 16642 471
1 3681 7737 235
3 1939 31850
1 17763 30327 55
1 4302 15682 297
1 28143 32730 653
1 577 14708 644
1 17770 18450 647
1 19496 26187 586
1 16031 29491 185
1 11102 20244 617
1 7993 23751 696
1 19832 21565 351
3 4826 5049
1 12065 30760 135
1 18411 26192 619
1 5641 7824 430
1 8890 27997 841
3 17560 19804
1 17539 23238 223
1 1066 27448 148
1 6725 27587 544
1 6561 9157 663
1 10729 25833 810
1 2089 16281 801
3 21665 30629
1 6826 22217 489
3 17042 20556
1 2502 25775 327
1 1994 15066 860
1 14198 22513 21
1 10226 26336 651
1 10226 14144 91
1 13894 21880 839
1 24670 28279 353
1 15296 18929 204
1 23007 29638 813
3 20653 29217
1 2989 27651 619
1 5688 18841 835
3 9439 18308
3 5384 13605
1 7649 13070 727
1 4854 7983 258
1 6845 18445 837
1 2299 23083 709
1 5978 29314 673
1 5034 17296 32
1 3958 17571 456
1 327 4840 176
1 4396 25279 248
1 12880 30587 695
1 3178 14027 653
1 9487 32704 643
1 14562 28017 839
1 10469 14602 724
1 639 19608 890
3 6260 10344
1 4600 25354 922
1 8474 17923 984
3 27636 29680
1 8356 32050 151
1 19050 26034 444
1 11420 17664 401
3 7413 26988
1 5084 30978 483
1 8371 28097 518
1 19617 32116 183
1 11209 30645 640
3 15604 32325
1 9216 29806 779
3 5858 17216
3 1381 11287
1 8496 17020 734
3 11288 31426
3 6830 11142
1 181 22587 510
1 5221 25040 166
1 1318 23918 836
1 187 29449 663
1 5738 29296 131
3 9139 10721
3 9902 21153
1 12277 32262 116
1 15426 16137 827
1 21011 23788 807
1 1924 22710 725
1 13985 29849 875
1 444 25283 50
1 18669 31341 988
1 9172 14389 527
3 18286 31195
1 15067 25588 295
1 4808 7956 333
1 5373 18113 697
1 7850 13780 959
1 156 8335 295
3 14358 25652
1 25743 28310 197
1 13659 23670 482
3 21841 28396
1 23587 24998 297
1 5406 11389 71
3 1974 6667
1 9598 12769 198
3 18741 23453
1 11654 24222 687
1 6633 22223 851
3 14421 15715
3 18942 31880
3 2781 24529
3 894 1003
1 31487 32643 998
1 1971 17061 421
1 20593 21441 700
1 13952 27501 708
1 13904 30218 548
1 16094 24532 637
1 3235 29420 532
1 5560 29102 497
3 21721 22436
3 8965 32105
1 7056 9917 472
1 1899 27102 42
1 795 28892 451
1 9888 23441 417
1 20263 30240 433
3 9123 24850
1 13781 27389 928
3 7914 29702
3 5964 8819
1 9717 12943 814
1 14732 32594 577
1 1372 6455 775
1 20614 29199 873
1 30627 30862 645
1 12698 26965 357
1 2142 16263 460
3 12050 13182
1 10184 16544 5
1 1990 28131 143
1 15603 25301 436
1 13943 24000 255
1 17574 27831 896
1 14206 21456 235
3 634 26506
1 17925 21385 457
1 12630 14403 416
1 16973 28116 199
1 5521 17612 877
1 21032 30596 223
1 23107 24304 641
1 4471 20861 252
3 1933 13522
1 4015 31885 807
1 5107 30521 695
1 10008 29650 566
1 9947 27093 799
1 26051 30632 508
1 16926 27410 535
1 10145 13460 241
1 2051 28998 290
1 133 3405 128
1 8845 16554 891
1 5124 27106 664
1 17117 17129 532
1 185 21364 796
1 913 23501 27
3 18858 29137
1 5496 17174 707
1 1138 1705 291
1 17871 24505 660
1 11898 16648 620
1 14834 23645 957
1 23426 26782 518
1 3038 30486 154
1 9737 23773 423
1 7629 15928 322
1 5212 20315 624
3 2709 8942
1 9638 18505 834
1 8240 18635 17
1 18344 26936 466
3 960 10831
3 14297 14660
1 16690 20963 578
1 404 23985 281
1 12363 12806 115
1 3282 28249 349
3 2446 13172
3 520 12934
1 3254 18559 504
1 7748 19405 352
1 22507 31819 795
1 25230 31475 817
1 3219 17824 528
3 9946 20948
1 13052 14584 295
1 4342 7220 507
1 7936 30250 571
1 867 24661 759
3 16026 29770
1 3431 30958 240
3 9674 10013
1 5252 20570 466
1 2217 25284 651
1 13983 24710 465
1 3369 14480 910
3 3238 26664
1 9575 12853 242
1 13758 24563 406
1 8279 10505 309
1 3444 19853 282
1 12140 17697 499
1 19899 27926 535
1 2754 23909 509
3 5330 11229
3 2710 30011
1 5845 29327 415
1 22153 28208 908
1 23450 24011 956
1 13791 29919 716
1 1488 29329 680
1 10859 17094 93
1 16653 31419 260
1 11857 12832 769
1 2188 6166 420
3 2567 21995
1 10680 17491 933
1 10593 27670 613
1 20139 29459 692
3 16325 19789
1 1738 26270 153
3 11908 22768
3 7063 14130
3 1332 13240
1 1240 9740 955
1 16622 30568 530
3 4888 28184
1 10268 17932 93
1 10219 16215 139
1 16880 29066 736
1 3151 12999 850
1 14330 22814 36
3 1143 23037
1 143 31258 746
1 13298 19721 310
3 11682 32411
3 7504 10685
1 1128 8966 811
1 2300 10502 945
1 6282 17049 976
1 21354 28379 320
1 16533 25388 287
1 14023 32733 260
1 4552 19527 432
1 1075 16849 2
1 5901 27838 202
1 9334 11594 320
1 12856 19572 710
3 3101 7306
1 3306 32722 440
1 26599 30590 930
1 5598 17093 606
3 2180 5297
1 4288 26231 597
1 26115 31268 665
1 17677 31382 174
3 9224 32591
1 26085 29023 479
1 11210 29183 358
1 5624 11547 678
1 24491 25941 696
1 8236 26635 869
1 4012 24437 862
1 14812 25733 832
1 4565 5364 10
1 5122 14549 74
1 21185 21225 548
1 3495 13267 580
1 428 6629 655
1 14972 19781 21
1 5046 16810 962
3 11317 13192
3 31 14257
1 22671 24568 233
3 15457 28159
1 8814 29376 570
1 9421 32186 97
1 14533 18962 642
1 17806 24691 273
1 24728 30089 624
1 6404 26917 1
1 8281 14236 147
1 8779 25501 100
1 5561 26178 254
1 11878 22008 613
1 12913 22812 783
1 1566 27079 477
1 2042 10439 850
1 21848 32694 353
1 11958 12974 580
1 6278 7451 874
3 19338 24177
3 25806 26765
1 2668 10002 168
1 11845 22637 142
1 7871 30498 725
1 5574 30791 840
1 10737 32058 956
1 4681 12973 373
1 13642 18433 737
3 18954 20465
1 4886 8580 930
1 11004 11248 296
1 21428 25895 418
1 9188 26733 272
1 13136 13998 515
1 21124 21643 670
1 4587 25214 860
3 19961 29024
1 17304 29573 612
1 19198 20078 627
1 29432 32286 476
1 5066 11616 831
1 3937 27944 23
1 10108 26757 226
3 9501 28355
1 5697 19761 258
1 3806 26383 852
1 3517 15528 595
1 27624 31181 245
1 10535 29075 543
1 25603 32455 695
3 4192 19278
1 133 174 808
1 13675 24170 651
1 4467 17896 688
1 17999 22315 596
1 16748 20197 897
3 2189 8751
1 18080 27042 230
1 10875 32704 909
1 13346 14476 526
1 5528 19850 447
3 8294 10341
1 3248 5620 867
1 11798 22211 932
1 23331 30552 725
1 9458 17243 971
1 26666 29436 673
1 13238 25166 473
3 1733 22759
1 3831 32303 592
1 11412 19439 772
1 7242 22397 587
1 11673 29627 399
1 9515 17822 798
3 16067 32446
3 21611 24158
1 12910 28281 180
1 874 13849 874
1 9824 25320 37
1 3111 16703 461
1 488 1608 747
1 5305 15759 826
1 8036 28158 158
1 10867 17922 660
1 4809 21167 594
1 12761 32444 16
1 6686 16070 983
1 3585 15523 225
1 19699 24060 626
1 25335 29184 517
1 532 30375 369
1 4350 16960 198
3 1449 29337
1 7421 25112 176
1 26876 29713 28
1 4516 13001 290
1 19408 25913 478
1 27915 28425 235
1 13606 19998 714
1 28790 30436 618
1 8532 14583 103
1 20894 25387 726
1 16259 19426 719
1 14784 16736 716
1 11687 14309 882
1 2278 27508 893
1 22729 25517 944
1 10181 12512 621
3 4115 17277
1 2280 18123 420
1 3397 32199 98
1 7359 31504 79
1 5719 17622 633
1 17438 26435 191
1 935 5890 911
1 21180 23806 317
1 5200 12140 142
1 7179 8629 278
1 26538 31759 359
1 12809 18156 820
1 5192 19910 389
1 10067 24347 971
1 12610 30203 382
1 8498 17066 596
1 17750 24203 677
3 16013 24571
1 11401 30721 855
1 5451 25226 766
1 14487 31673 350
1 6761 13352 324
1 6529 31027 273
1 1290 20255 336
1 7180 29956 241
3 1753 6711
1 14405 32417 331
1 9848 31187 480
1 1810 32114 35
1 2270 13972 454
1 6789 26379 656
1 6970 23401 581
1 4131 30166 982
1 4260 4982 376
1 20379 24170 265
3 25074 25589
1 9163 9657 414
1 8871 14245 93
3 17803 20159
3 8227 15390
1 20098 32141 456
1 19095 24145 515
3 25310 28401
1 14432 20394 602
1 9022 12584 965
3 676 31166
3 16346 18725
1 8994 15585 330
1 19596 29935 316
1 9762 31872 494
3 4901 15769
1 17356 18956 632
1 19995 22134 851
3 8854 26682
1 27233 30659 8
1 14965 31732 505
1 8850 24468 297
1 19259 24780 279
1 1672 30451 947
1 17239 29976 386
1 4594 25749 117
1 8833 10067 803
1 13552 25112 553
1 20092 21184 503
1 4338 11811 445
1 16038 29414 773
1 776 4371 602
1 4071 20118 178
1 12481 16158 736
1 19206 20633 621
3 16373 28555
1 3829 23811 677
1 16306 27165 806
1 24234 27711 403
1 18037 23406 279
3 10838 31663
3 16198 18428
1 6334 21574 712
1 2615 10499 390
1 9569 22932 597
1 342 8894 296
1 6603 14695 187
1 5339 22699 475
1 16341 19550 989
1 22449 31603 181
1 12952 29902 408
1 8870 15955 875
1 6723 30190 325
1 14024 14270 706
1 5925 31694 610
3 5811 27413
3 18052 25589
1 11734 13888 865
3 15760 32709
1 4788 27710 955
1 4244 15980 4
3 15045 26476
1 14325 14754 650
1 6086 27443 178
1 6939 26298 182
1 11220 18738 792
1 20929 26098 6
1 20508 22400 123
1 4775 15447 191
1 12233 29209 701
1 2179 24182 534
3 11447 14140
1 24513 27131 435
1 7879 13584 242
1 3531 28721 732
1 15388 30972 168
1 2515 23342 79
1 4541 18683 962
3 7273 15277
1 6368 15737 12
1 7176 10041 859
1 13142 25344 357
1 7976 11106 788
1 5643 23757 41
3 25956 28142
1 20815 30586 112
1 10009 23054 270
1 12758 14528 335
1 7078 13976 631
1 7940 17208 76
1 14105 28806 16
1 4978 25199 178
1 27240 30069 778
3 7658 24668
1 7549 17745 718
1 5202 10624 378
1 23477 24524 497
1 183 6397 945
3 20579 29270
3 13324 23751
3 6652 24813
1 4941 10745 911
1 204 12366 64
1 17710 18327 688
1 3255 15499 263
1 31579 31795 73
1 3887 10737 292
3 126 23905
1 5249 24264 227
1 10187 22694 756
1 11791 31791 143
1 9781 26834 135
1 10909 27884 225
1 15642 21032 112
1 26912 28453 569
1 2418 18725 352
1 13160 23453 674
1 2426 23550 133
1 788 960 197
3 15513 26032
1 2490 11660 215
1 2113 32205 885
1 11179 24516 986
3 19328 31208
3 5896 26892
1 8346 18347 650
1 7820 26833 294
1 26750 31365 306
1 9993 30818 123
3 21105 28836
1 13976 22718 72
1 19165 27237 837
1 10355 29191 667
1 10397 15973 196
1 7626 11700 49
3 16124 19466
1 6144 23279 768
1 3075 28354 880
1 7572 12831 92
1 24053 25753 799
3 21869 24062
1 4807 17594 112
1 7007 19723 122
3 18732 24027
3 5420 26369
1 21664 25668 962
1 5978 15950 755
1 8184 16710 712
1 9504 26890 261
3 1407 10849
1 7775 16469 187
1 4994 28796 107
1 1811 13627 98
3 21821 23761
1 9011 30923 123
1 4672 22562 226
3 21271 32645
1 21256 25269 761
3 6611 10764
1 27366 30387 807
1 20463 26831 580
3 2149 3029
1 10093 19756 260
1 16460 21075 702
3 16393 21022
3 15984 31164
1 14897 29009 862
1 4800 18843 599
1 12525 27523 712
1 9881 24911 307
1 29067 30456 14
1 4157 23896 594
1 2728 22223 813
1 252 5001 293
1 19762 26725 838
1 21125 32111 469
3 4506 5428
1 14178 19379 372
3 395 20591
3 9902 32551
1 3470 12562 424
1 1884 14846 776
1 12143 23457 107
1 5490 32425 921
3 12087 21768
1 2228 25012 9
1 16688 19742 978
3 18070 31442
3 7320 11778
1 6873 26739 460
1 20045 20272 504
1 13079 14716 110
3 24368 26558
1 27950 31963 465
1 468 18184 252
1 6998 14429 92
1 4948 7116 272
1 4080 4432 623
3 19070 23258
1 4314 14655 594
1 4035 24399 447
1 10307 13454 360
1 5646 23295 349
1 19323 28703 496
1 722 7704 857
1 7057 9836 855
1 303 24754 7
1 8509 24420 18
1 26556 31752 802
1 5976 11496 229
1 1886 21146 534
1 14159 17758 120
1 648 4086 756
1 6627 27123 685
1 10922 16963 642
1 3937 13659 44
1 13064 32365 304
1 21504 28285 143
1 2830 15569 508
3 2288 30299
1 246 17022 82
3 6656 27415
3 484 14453
1 27570 28262 943
1 11151 16922 558
1 16027 30369 138
1 3108 11804 823
3 2755 23079
1 7447 24650 169
1 16371 27144 568
1 26293 31248 282
1 15534 28063 354
1 24676 25857 405
1 10169 27614 917
3 4525 22897
3 18420 19005
1 7719 11060 204
1 3491 15376 53
1 15445 20320 870
1 29928 30073 411
3 12915 23447
1 17220 19744 24
1 55 14372 852
1 21482 23169 86
1 6707 28049 95
3 1737 29730
1 13762 21781 911
1 5490 5849 158
3 14548 25639
1 17578 29278 934
3 22502 27142
1 10848 25893 546
1 10588 24739 331
1 10635 22293 67
1 2949 3831 44
1 17208 24405 707
1 14207 16364 333
1 9356 16375 112
1 10176 13582 509
1 18012 18609 53
1 2871 16456 242
1 385 12691 463
1 14698 28357 682
1 8530 22402 817
1 199 14753 467
1 7907 12288 217
1 7440 28285 964
1 11920 19104 872
1 14518 27936 770
1 9609 23158 78
1 20628 25282 845
1 2821 29673 508
3 5422 26568
1 3890 12163 328
1 13123 16035 685
1 13962 28835 675
1 16620 30068 986
1 24 22149 58
1 3657 27925 201
1 8915 9783 931
3 3647 27355
1 117 32715 333
1 12593 21840 244
1 15844 17799 606
1 11989 17132 628
1 9466 30197 394
1 18103 23887 317
3 20366 22687
1 20244 21416 825
1 12179 23957 493
1 17479 27935 410
1 24710 28244 3
1 9964 25512 10
1 8074 28319 291
1 7833 11129 383
1 7911 21654 556
1 10321 11607 315
3 1036 2733
3 24297 29872
1 24226 24284 163
3 9038 17640
1 13429 27843 200
1 2970 22412 930
3 3173 21454
1 128 4418 645
1 3496 10166 501
1 10682 30752 213
1 23475 26437 232
3 1346 27406
1 8989 24347 544
3 827 23375
1 9265 25125 583
1 12865 20429 575
1 16788 17858 726
1 10350 18983 339
1 6548 12865 761
1 14991 18254 268
1 11861 28273 988
1 22753 26419 65
1 4738 16844 264
3 15532 29552
1 13785 14038 337
1 26770 27041 290
1 20697 23785 911
1 19031 24571 656
1 15816 25353 344
3 1926 26265
1 6544 9809 316
1 14026 31776 228
1 4594 5839 84
1 3898 29913 171
3 2587 17242
3 14776 17789
3 457 4452
3 560 7354
1 11660 28311 103
3 29867 31380
3 1791 19835
1 30616 32459 973
1 27009 27670 443
1 16622 32178 800
1 11396 30329 844
1 13465 23182 337
1 16718 28638 620
1 3903 24452 661
1 28433 29659 36
1 2733 4175 591
1 6114 21342 34
1 17552 28286 382
1 7899 18820 885
3 23904 25996
1 14191 31179 841
3 14256 30894
1 1976 27242 673
1 19736 19964 850
3 22951 31187
1 2094 21044 797
1 13012 14321 259
1 16204 17148 517
1 3328 15987 82
1 17322 17903 698
1 4664 31819 354
1 13332 17828 764
1 20966 26433 93
1 23628 26393 203
1 14932 18707 254
1 1181 26905 965
3 22723 24164
1 12418 20127 136
1 3950 10972 497
1 26672 28502 927
3 5521 23375
1 4027 10774 81
1 17870 27207 119
3 21134 31894
1 1915 11397 964
3 13440 14680
3 3787 21014
1 2994 11136 788
3 2326 12106
1 11405 16702 331
1 29491 29605 861
1 25087 30586 234
1 2829 10821 2
1 4580 17899 205
1 3836 16790 193
1 817 2107 902
1 7120 31758 528
1 19787 30905 933
1 916 19843 880
3 23252 29837
1 4114 20995 2
1 16304 22211 732
1 1255 6592 902
1 23136 26545 777
1 14991 19210 234
1 119 15757 842
1 26819 29968 446
1 10515 28032 663
1 4500 21542 972
1 14377 27859 551
1 4563 9300 118
1 1562 23645 683
1 1495 32663 86
1 13401 26328 745
1 6331 12703 980
1 12512 20594 954
1 16733 32208 795
3 14555 26398
3 4705 23138
1 10684 29157 745
3 17185 27134
3 11519 32226
1 23737 25970 526
1 22219 24553 725
1 5814 19733 780
1 26520 30855 975
1 2219 30577 811
3 31502 32441
1 12335 24396 752
1 7349 17043 962
1 9826 20974 940
3 12063 22646
1 13025 21343 19
1 1254 8175 666
1 21517 22009 61
1 7740 25191 868
1 18415 26787 47
3 14640 21428
1 3135 18046 664
1 3306 12882 142
1 10824 21783 532
1 12458 28130 568
1 24527 27043 637
1 12631 31657 991
3 8041 25466
1 26491 26938 162
1 9286 15845 166
1 24362 31132 209
3 6731 27976
1 6435 29728 320
1 3169 11737 94
1 25365 27365 340
1 22514 30738 167
3 2861 25333
3 23737 32720
1 11206 27711 515
1 958 9881 302
3 11624 27701
1 17219 21860 368
3 14869 16007
1 113 22007 790
3 5413 32639
1 10449 28287 518
1 9518 24218 168
3 15713 19672
1 8778 10322 374
1 19440 29543 899
1 4107 23003 140
1 1952 21215 369
1 12127 19317 829
1 10699 21704 177
3 8989 22080
1 6129 12568 484
1 11912 25037 339
1 17208 22628 620
1 10009 17457 263
1 2693 26416 834
1 6482 27167 609
1 8490 16898 200
1 10001 23025 411
1 6077 28056 168
1 5398 10772 763
1 9398 26948 570
1 12036 12301 626
1 10846 11265 306
1 19119 28711 950
1 18897 29804 215
1 3994 10485 297
1 1047 27314 205
1 12572 19503 384
1 5604 26567 460
1 5740 27045 45
3 12764 15917
1 13508 26314 654
1 1210 1219 337
3 1402 17953
1 6507 12933 245
1 2331 14403 789
1 292 11322 952
1 16965 29360 55
1 9512 24015 620
1 16024 28930 922
1 4161 30543 833
1 17042 18444 633
3 2596 28562
1 11478 22171 192
1 3581 26253 32
1 9872 24822 760
1 4 6949 871
1 22732 25783 224
1 9563 17802 360
1 3127 28193 10
1 4124 24444 135
1 13211 14064 138
1 1986 25717 27
1 14825 28499 346
1 17942 23479 263
1 17459 29426 151
1 30630 32473 2
1 10145 10738 306
1 2965 28915 958
1 3011 7596 449
1 3961 18883 900
1 13785 17505 979
1 43 3035 927
1 7540 25494 743
1 12475 25776 389
1 3682 17708 262
1 11261 21001 897
1 18231 20441 372
1 2399 13356 667
3 290 5709
1 10366 22774 854
1 10560 32022 346
1 31182 31994 498
1 20305 32235 470
1 10461 13812 548
1 3703 23482 82
3 4349 30946
1 4160 29009 685
1 5683 8305 463
3 7150 23280
1 13029 18049 894
1 3342 10448 533
1 3518 14397 977
3 13834 19534
1 5718 15340 497
1 5920 21668 867
1 3809 4957 31
1 3350 6780 781
3 12743 25573
3 9235 23255
1 21329 22812 998
1 846 4113 163
1 8792 15718 537
1 1322 18411 921
1 20627 22345 794
1 25867 27303 239
1 13596 13814 132
1 20743 29574 381
1 5982 12835 328
1 14023 27531 707
1 5482 18104 137
1 2825 4351 33
1 2815 18634 359
1 2863 25822 151
3 9585 21163
1 9340 9771 907
3 9871 13030
1 10490 22146 737
1 15517 32503 800
1 2874 24514 741
1 8117 25724 966
1 2537 7068 872
1 15293 17761 170
1 227 1417 40
1 13795 19262 693
1 27373 31415 597
3 11216 22338
1 7822 11995 347
1 19565 21179 989
1 1438 2726 751
1 11832 28192 237
1 2689 25635 535
1 3188 4597 441
1 21874 29007 499
3 7774 29589
1 6663 21499 828
1 15191 22002 509
3 21759 24296
3 2078 11216
1 19400 31625 927
1 2616 8177 308
1 9433 22500 319
1 5534 12595 190
1 13811 16484 833
1 2384 15773 492
1 218 32248 445
1 15639 31815 678
3 1670 28789
1 9013 24790 895
3 15029 17938
1 9698 27260 758
1 22164 25595 290
1 25110 28193 280
1 16466 30679 811
1 11672 17166 234
1 10875 28441 720
1 15572 29539 240
1 7805 21995 111
3 30087 31173
1 11553 17258 518
1 10998 11687 758
1 9985 18838 357
1 14234 32121 508
1 387 27999 70
3 12105 27606
1 7969 20539 700
1 844 31582 38
1 4513 8494 508
1 11278 31988 179
1 4052 16783 22
3 8086 12385
1 12116 32367 686
1 6599 28030 602
1 12259 17184 881
3 26728 28070
1 1527 1702 803
3 4641 24961
1 13881 31556 176
1 15403 28790 678
1 5325 24150 250
1 7835 19244 690
1 29564 29607 43
1 904 22436 495
1 8450 13650 863
3 19238 31993
1 4059 14176 600
3 28482 31262
1 1513 17871 144
1 21067 24559 892
1 24488 30498 675
3 24596 32731
1 2214 24947 366
1 18002 27086 676
1 18564 30938 673
1 5339 23056 217
1 8884 15525 272
1 8216 23370 680
1 24115 30197 86
1 10109 21358 517
1 18439 31290 872
3 5144 19636
1 1162 32104 857
1 2627 17948 368
3 11090 22503
1 8280 28085 438
1 18591 31836 33
1 4872 12524 3
1 15794 17006 28
3 17798 20193
1 18952 22040 243
3 560 2929
3 27724 32249
1 21360 21421 962
1 20501 27034 613
1 9398 20433 398
1 16736 26569 522
3 12081 32330
1 9257 11265 950
1 12902 25509 581
1 21338 25590 416
1 16058 22634 821
1 16264 32647 219
3 5278 16602
1 6110 7908 437
1 12059 23773 101
3 5928 30457
1 21682 25352 260
1 20102 25931 429
1 5175 29449 537
3 5670 25759
3 10648 31635
1 2164 31342 796
1 29338 31080 561
1 1039 9686 216
3 16349 30808
1 251 27240 7
1 17521 27748 338
3 5955 30576
1 1650 12245 96
1 11578 25201 665
1 28333 29642 976
1 30197 31732 785
1 9515 31784 791
1 4159 8851 857
1 14170 26672 231
1 3403 29713 528
1 11393 22944 397
3 8260 17432
1 1325 10935 482
3 20545 23788
1 10255 12249 425
1 3813 4513 592
1 13073 30998 310
1 21869 26830 860
1 27478 29510 281
1 16886 28816 277
1 12288 29450 668
3 5864 29225
1 22464 32046 135
1 13315 18978 774
3 11968 23015
1 3007 31532 374
1 9728 28187 111
1 4929 16726 362
1 20882 25068 109
1 9902 23457 800
3 5552 6908
1 2597 26909 444
1 3208 22669 522
1 24264 25531 440
3 15141 21106
1 10123 20274 49
1 785 20712 800
1 6460 21988 526
3 28755 29085
1 7224 27082 103
1 9650 12530 815
3 3344 6726
1 3900 32314 114
1 9364 22118 896
1 16455 31071 347
1 2763 5733 855
1 159 24209 359
1 12831 21697 858
1 1110 1525 237
1 7358 30799 993
1 3456 13060 166
1 10465 28846 912
3 4789 23819
1 5497 21667 469
1 1428 18347 98
1 7197 17450 825
1 4635 27482 744
1 16631 22097 551
3 11744 13617
1 17556 22866 164
1 11874 19746 355
1 12618 15642 505
1 14299 19996 516
1 3292 29026 477
1 13493 28816 384
1 4921 25311 165
1 2146 6363 312
1 2626 12394 781
1 22342 28161 945
1 1410 20046 461
1 11539 19024 28
3 1223 11943
1 15029 27178 811
1 6666 27155 24
1 15139 21588 834
1 6954 15639 247
1 9035 26189 65
3 9518 10631
1 2843 31535 672
1 8930 28718 334
1 17747 30970 432
1 12637 30430 658
3 7541 31794
1 714 25783 873
1 13676 25407 279
1 9466 18098 443
1 846 10307 805
1 17544 28504 846
1 13076 31122 588
1 256 3350 581
1 4364 12946 289
1 2256 15791 354
3 16075 18713
1 3298 28500 909
1 13421 16543 940
1 822 23293 388
1 18070 32456 406
1 8861 11945 839
3 6353 29657
1 16719 20179 461
1 20874 26539 436
1 15478 20863 808
1 16495 18241 661
1 18223 24764 749
1 27194 30597 493
1 10135 18194 816
3 14989 27735
1 3881 24772 141
1 14934 27372 32
1 15864 18383 112
1 13955 32608 37
1 11322 17264 749
1 15605 17441 466
1 1261 14034 675
1 7636 12349 973
3 10803 21460
1 11021 31127 356
1 19673 27496 207
1 13122 20789 298
1 25326 32343 806
3 18254 31441
1 1160 20741 931
1 9653 32269 448
1 11609 31565 660
1 15839 20884 562
3 13838 18694
1 8090 14087 664
1 1061 20265 928
1 7766 14481 599
1 19876 31598 382
1 4478 29862 671
1 18302 25582 413
1 17988 30927 945
1 24168 27914 927
1 9738 24541 488
1 12264 26955 776
1 18833 25018 667
3 20025 26748
1 7837 19075 245
3 25 3167
1 2091 17015 279
1 17512 22802 81
1 24200 25099 782
1 2761 5824 217
1 13710 31614 962
3 13388 16186
1 17282 24267 166
1 24755 32059 479
1 14955 30308 585
3 14401 32752
1 30606 30887 388
1 26938 31727 506
1 19136 25954 635
1 4219 15568 484
1 32611 32642 80
1 10703 24647 716
1 30806 32490 801
3 766 27364
1 23421 28242 731
1 2485 31500 176
3 10296 13220
1 8245 20464 429
1 15770 31954 99
1 6038 31248 94
1 8958 19810 596
1 20875 28570 449
3 8406 21563
3 13018 27098
1 7911 9313 857
1 14399 19012 605
1 5687 16544 818
3 13506 28023
1 15997 21504 833
1 5622 18827 8
1 10542 30895 990
1 22823 28287 945
1 1197 26111 891
1 6364 6875 708
3 7090 9097
1 12437 25956 679
1 24440 25514 461
1 1574 21991 336
1 19248 19596 447
1 1127 5341 452
3 23248 29462
3 5139 26000
1 22198 32547 312
1 5892 11883 700
1 22426 32406 808
1 20941 26085 867
1 1608 6530 271
1 17338 21162 394
3 12544 17373
1 417 15000 271
1 6331 30961 148
1 15001 27378 429
1 20577 27113 392
1 6998 24608 272
1 11220 25378 350
1 8084 26664 504
1 13259 32307 705
1 16359 28941 649
1 5965 20155 614
1 1904 4642 874
1 9003 14822 552
1 12768 27904 298
1 2912 23568 4
1 5583 8752 926
1 6206 27282 38
1 17590 28722 156
1 6330 12416 346
1 24417 32268 676
3 18793 30369
1 24787 28231 498
3 19204 26858
1 4322 4758 827
1 2173 27005 580
3 29486 29724
1 2826 21179 446
1 7677 30562 974
1 3311 15058 708
1 20638 30059 345
3 12520 22869
1 15987 24969 446
1 8730 14463 892
1 11689 22907 44
1 5106 31813 307
1 4215 7531 566
1 7200 13888 788
1 16933 20016 126
1 13904 15405 940
3 6584 9017
3 11494 30394
1 739 8579 416
1 14973 22805 664
1 12749 22486 444
1 7196 14258 112
1 5715 27211 181
1 2718 14674 4
1 1375 4879 695
1 2333 19809 204
1 14928 15987 307
1 1647 16290 874
1 2331 4043 927
1 31918 32688 126
3 6230 15967
1 9268 23629 565
3 19112 25009
3 9783 15918
1 19102 28504 566
1 5336 16772 223
1 6072 14796 998
1 21798 22313 248
1 19994 25701 180
1 31289 32014 756
1 16890 32620 662
1 23221 25607 461
3 3460 18918
1 15348 26760 56
1 27001 32256 409
1 16977 31756 394
1 10596 24760 52
1 2496 20616 414
1 5936 24018 248
1 910 22761 848
3 8957 26323
1 20724 27824 603
3 1344 29102
1 18740 25158 760
1 11699 24091 424
3 26523 29898
1 11229 22113 622
1 12054 26649 609
1 11777 23770 532
1 6630 15345 268
1 19312 20380 496
1 9473 21711 705
1 9696 24987 938
1 2216 16344 939
1 3789 29243 977
1 23080 23260 632
1 20070 24933 779
1 11590 15850 267
1 18329 26237 399
1 4580 10411 115
1 25827 32398 860
1 5363 19573 514
3 16888 32164
1 5095 29998 170
1 4736 7965 169
1 21978 28645 23
1 8024 19149 996
1 20857 24753 165
1 4330 7785 530
1 4599 17489 12
1 14465 14535 971
1 6462 16104 743
1 14007 28420 814
1 561 8374 141
3 8691 32010
1 7676 30836 35
3 25397 31711
1 8126 14603 656
1 99 12117 402
1 3230 20034 431
3 15295 29293
1 7403 23412 260
1 161 21854 48
1 30041 32483 602
1 3617 21306 548
1 6439 13180 913
1 6679 21857 320
1 6919 13036 398
1 19028 23714 848
1 1309 26281 169
1 8856 29839 529
1 2439 12902 615
3 14795 26958
1 18008 19587 260
3 14439 27044
1 6641 10713 372
1 5426 19381 771
3 1615 4386
1 3933 12456 928
1 21237 30036 9
1 4925 26820 814
1 2561 17750 636
1 3346 29655 471
3 15842 22689
1 18022 26750 314
1 18500 23722 388
1 13744 27863 366
1 24592 26330 179
1 4885 7118 41
1 21913 30036 383
3 19118 21012
3 14836 15789
1 21890 31176 340
3 10550 26857
1 9792 14438 758
1 1161 17308 974
1 9330 15308 584
1 29429 30467 73
1 7265 17073 955
1 265 16954 599
1 14221 16739 408
1 16064 20645 954
1 12066 21349 419
3 25624 32762
1 23161 28516 448
1 19618 32577 625
1 12276 26412 247
1 23306 26435 215
1 7613 25145 121
3 9920 17504
1 21344 32017 665
1 4488 15078 269
1 2057 15962 415
1 7856 25001 259
1 7611 15185 3
1 19476 28494 801
3 7333 18108
1 15811 17812 415
1 7254 28581 728
1 7826 25504 448
1 7185 19787 922
3 7023 30532
1 10816 19423 935
1 25874 31390 316
1 4331 25095 720
1 10249 24101 78
1 18567 19275 639
3 23697 24983
3 11469 17844
1 9523 29798 820
1 23079 24345 679
1 21412 23175 965
1 1574 16242 274
3 26774 28879
3 9204 23630
1 20326 28468 6
1 20228 20773 446
1 22976 24408 251
1 17048 30285 726
1 745 28643 119
1 19382 30680 914
1 694 15847 361
1 941 9514 786
3 12401 24149
1 29279 32328 826
1 3270 32638 192
1 4919 12748 592
3 3414 19008
1 14145 30205 534
1 7009 13082 535
1 1376 5871 468
1 7947 12801 266
1 22028 25478 691
1 12485 18954 236
1 264 2982 924
3 2409 6444
1 13574 32324 128
3 6146 24814
1 9333 21419 807
1 23272 26218 287
1 5265 13427 59
3 336 10078
3 1203 4715
1 6010 24350 778
1 18831 19767 73
1 9223 29121 246
1 11654 16389 200
1 16731 23106 547
1 6512 8761 122
1 8414 18055 593
1 8942 28969 19
1 15186 27184 386
1 968 27293 774
1 22463 32434 240
1 8650 15347 63
1 22400 24131 139
3 16268 26702
1 4219 30793 270
1 3264 5188 196
1 9575 25262 536
1 7387 19484 945
1 19151 27206 617
1 5838 26706 982
3 282 14422
3 5480 11699
3 24060 32716
1 6902 28440 575
1 9501 14288 398
1 5690 27618 544
1 403 25121 786
1 22367 29916 47
3 11380 21933
1 2716 15207 191
1 7321 23838 78
3 4860 14164
1 6313 24978 746
1 7344 31596 813
1 15198 27952 130
3 19381 28527
1 24619 27717 867
3 939 29762
1 1053 2383 278
1 4179 6888 634
3 270 16381
1 5092 29611 820
1 21147 27135 45
3 4835 14985
1 4352 24483 715
1 13440 21334 704
1 4117 19631 402
1 11429 21511 351
1 11867 26651 956
1 17757 18694 10
1 10951 24711 552
3 13198 13776
1 3620 6083 505
1 17627 27845 106
1 23436 26084 481
3 12026 29178
1 2282 13895 11
1 16999 27000 151
1 6847 16512 188
3 20193 30144
3 16833 27167
1 9890 32191 574
1 16513 28443 613
1 829 31601 341
3 2736 6333
3 5642 10318
1 3471 25089 9
3 1875 5362
1 8377 27345 997
1 2041 23562 378
1 19061 19772 528
1 7483 16818 521
1 6946 31508 221
1 10333 14239 400
1 23496 32312 647
1 12621 19681 81
1 7456 10702 371
1 891 11142 428
1 10041 32157 187
3 6483 28691
3 28576 31825
3 5036 31820
1 892 26357 251
1 1120 30420 739
1 9572 15157 248
1 21206 24028 421
3 12461 14236
3 30813 32143
1 5615 15636 805
1 12666 25713 403
1 20329 27511 889
1 8535 13482 222
1 9261 18275 636
1 633 11944 900
1 18519 26623 253
1 4551 12625 226
1 10516 14392 122
1 5419 8930 276
1 15025 18355 777
1 10501 29305 724
3 2993 14005
1 331 12769 854
1 3084 23931 947
1 24845 27588 108
1 949 24888 965
1 3230 20520 543
1 979 1932 145
1 6445 15169 123
1 17009 30214 688
1 339 27406 162
1 4474 16145 138
1 17355 23460 615
1 3016 8161 126
1 2935 31273 404
1 7953 16771 345
1 7545 29118 829
1 4711 23906 703
3 15334 25541
1 11354 26659 201
1 6563 25353 637
1 25043 28305 355
1 5382 21746 149
1 6089 12312 612
3 2525 17746
1 1658 2616 763
1 18094 31821 251
1 12941 20529 254
1 6455 8750 238
1 1067 31836 741
1 1932 27960 493
3 23347 30951
1 13978 17414 807
1 19443 22869 44
3 1911 27022
1 8397 10357 861
1 2766 21779 693
1 20961 23025 141
1 24348 25805 719
1 4735 31361 493
1 19132 26701 165
1 6793 24355 736
1 6052 9399 55
1 11506 18684 127
1 13963 28970 615
1 4132 26612 191
1 26588 30920 779
1 5532 11797 736
1 8347 8402 399
3 17483 24624
3 2228 5605
3 16314 17168
1 254 12087 891
1 3490 13226 976
1 22991 30441 323
1 16435 18623 403
3 10685 11821
1 27869 32441 190
1 7269 20961 779
1 7358 9742 746
1 4710 6290 730
3 19315 20767
1 1644 24926 977
1 20377 26740 661
1 12747 19170 515
1 959 5116 501
1 2972 9993 517
1 11793 21527 102
1 9051 9328 445
1 22027 29388 341
1 8998 20392 956
1 3652 22304 576
1 9484 29930 310
1 11574 13133 356
1 8536 18634 797
1 2008 4391 21
3 572 19344
1 4733 25922 404
1 2156 12133 253
1 13519 29128 392
3 384 16088
1 11725 16397 40
1 23726 27376 572
1 8979 24715 131
1 30052 31099 964
1 6455 27586 712
3 15256 31546
1 25562 31763 366
1 48 19297 99
1 12306 20549 200
1 3554 4026 64
1 12064 15312 293
1 14331 18483 639
1 14650 15320 141
1 10968 17792 91
1 6664 21573 221
3 2685 3181
3 6760 19503
1 6733 11149 894
1 3888 14889 176
1 6250 14330 348
3 6183 10467
3 16715 29541
3 20266 28838
1 11996 12092 563
1 2861 23768 575
3 13514 22884
1 2305 32459 551
1 21985 32320 323
1 19014 32603 341
3 4294 23345
1 3159 3347 927
1 15019 27093 417
1 585 32716 373
1 887 31164 791
1 15564 21971 879
1 20331 25118 134
3 20880 25655
1 3102 3439 902
1 5713 21443 751
3 9663 20515
3 2264 5826
1 4380 16166 498
1 26012 29830 192
1 6682 11852 452
1 10218 27023 97
3 7488 18262
1 6116 12485 567
3 8792 22128
1 1411 27482 142
1 4259 15391 667
3 5575 31578
1 1919 30904 472
1 25648 32399 660
1 7581 23493 502
3 11929 32162
1 7772 31577 729
1 2415 23376 209
1 23884 31061 228
1 9335 9893 439
1 7060 24364 879
3 25344 28212
1 13807 21737 351
3 5612 28595
1 8515 10936 387
1 9245 28333 107
1 13313 18854 67
1 22396 24395 907
1 6404 21384 462
1 15832 31041 842
3 7466 8260
1 8653 12462 721
1 16501 31424 341
3 6392 26646
1 8186 12885 427
1 2790 3315 26
1 3143 32180 300
1 20350 26875 203
1 11252 31682 800
1 2445 4351 331
1 13236 15348 871
1 17460 26148 420
1 17293 31586 239
1 6979 8019 983
1 865 23362 105
1 22886 28178 303
1 17483 29319 692
1 13390 25947 195
3 28389 29341
1 20320 23133 400
1 2046 16594 778
1 4362 27130 83
1 24938 27604 960
1 6810 32389 971
1 21558 25607 53
1 17414 29911 489
3 1255 1859
1 4444 15994 262
1 17392 21984 844
1 16949 17812 604
1 2959 9305 702
1 5871 20624 55
1 9073 30000 706
1 10182 12153 337
3 9188 27095
3 9839 15100
1 8577 20977 669
1 2631 25124 767
1 3731 16633 866
1 12641 30816 400
1 22056 27413 240
1 7939 13520 380
1 2612 18074 38
1 3943 5856 830
1 1111 13739 375
1 16770 25660 587
1 2964 17280 108
1 4522 24867 509
1 4153 11135 800
1 14387 17616 409
1 13636 29393 322
1 12145 26230 784
3 5355 9959
1 909 1706 681
3 11250 13517
1 12536 13477 26
1 6254 8651 17
3 1849 16617
1 6559 21339 450
1 23633 29721 712
1 1953 24243 54
1 99 29126 632
1 10197 27914 191
1 5829 26271 627
1 20348 28443 726
1 11315 22160 334
3 26189 28227
1 13284 23609 860
1 17138 29531 469
1 8831 28015 972
1 21069 22408 996
1 9013 28601 388
1 11635 11811 28
3 7379 17308
3 17271 29032
3 23195 29578
1 14126 21257 693
1 23664 28175 270
1 3694 22275 373
1 139 20305 127
3 21483 27674
1 10363 23435 482
1 16177 25141 66
3 4501 30061
3 2097 30359
3 3437 28914
1 3107 15289 250
1 3916 5783 252
1 10213 12631 454
3 10941 11807
1 122 12428 187
1 21041 26625 135
1 11268 31293 761
1 2929 28597 982
3 21519 32276
1 8605 23056 208
1 3561 25533 78
1 9313 22982 312
1 1256 26010 358
1 29227 31832 771
1 8421 20169 161
1 12536 20731 687
3 15548 25899
1 11752 28302 335
1 19318 25677 854
3 2161 24499
1 4707 5094 770
1 9882 30202 879
3 8247 28476
3 4536 12480
1 14833 31469 214
1 10597 31688 373
3 2924 23222
1 1752 18240 136
1 472 8325 662
1 10566 24185 316
3 26487 29040
1 2126 27525 727
3 3877 16555
1 12153 32256 707
1 19634 26022 875
1 18 6550 664
1 21264 30038 166
1 16188 29418 226
1 7853 8642 345
3 15143 19043
1 22037 29137 849
1 17359 22724 207
1 23882 24423 460
1 28473 31326 199
1 18359 26045 325
1 5643 16373 982
1 2751 15870 165
1 20248 22926 810
1 21768 28776 754
1 1863 17653 2
1 5590 7161 135
1 3127 16916 394
3 1731 7080
1 2818 10765 160
1 9906 14794 787
3 9192 29013
1 5952 11220 24
3 6072 21359
3 1589 13426
1 13565 24769 120
1 8777 32582 236
1 3225 17528 432
1 5272 28670 863
1 12800 20919 720
3 6030 25468
1 13413 29297 827
3 2325 30640
1 2501 22277 600
1 29774 29950 536
1 2364 22314 431
3 2748 30326
1 3996 19359 774
1 13571 23267 424
1 3213 26818 54
3 4122 22071
1 9344 16177 869
1 13758 32278 553
1 11730 31670 35
3 16746 31678
1 13933 23887 394
3 21390 30219
1 11744 22822 348
1 477 4447 933
1 96 27905 392
1 2728 13410 163
1 20858 30756 4
3 5681 14743
3 9483 18651
1 14048 17478 287
1 9857 19806 390
1 22701 23793 198
1 5379 10960 402
1 1333 5349 619
1 9422 30119 647
3 11549 28645
1 3756 31590 706
1 21960 27080 768
1 7434 12520 995
3 11222 12777
3 13038 28919
1 10231 19420 534
1 2000 23493 360
1 15403 31959 914
1 18025 19660 621
1 10775 18422 959
1 25299 26411 955
1 25661 26415 424
1 30848 32002 999
1 17206 18775 1
1 4905 30884 177
1 1900 9067 437
3 10262 26188
1 2800 12754 728
3 3307 6168
1 260 6220 167
1 18510 24150 736
1 2274 3695 785
1 22775 26370 954
1 13787 19668 988
1 7393 32304 428
1 3293 9477 167
1 10523 26372 712
1 8119 10724 80
1 3272 10826 733
1 8077 30774 694
1 5411 7530 542
1 8707 11386 920
3 9970 13307
1 5566 6620 345
1 4913 7256 846
1 3448 7483 140
1 3497 28646 121
1 18171 21635 96
1 19351 25644 885
1 12764 23071 951
1 15660 24294 506
1 11009 27840 909
1 5145 5479 865
1 20111 29810 732
1 4505 17807 213
1 6042 6632 521
3 20170 21619
1 24370 30170 377
3 30514 31826
1 17915 18816 825
1 7155 11343 909
1 26791 27527 807
1 12056 32311 110
1 4804 25967 631
1 9621 23943 379
1 6234 28258 481
1 9080 31983 309
1 1923 30287 513
3 17996 27641
1 2998 10894 713
1 4029 10267 208
1 27488 27737 726
1 15361 17175 763
1 1005 13780 729
1 10107 30521 810
1 27001 32451 720
3 14173 23592
1 6128 22588 920
1 11102 19432 845
1 745 27960 902
3 18586 23092
1 14328 32279 90
3 18358 25267
1 4064 20706 235
1 29699 32097 842
1 12864 19272 756
3 29629 32675
3 24609 32385
3 15434 30724
3 24946 30146
1 24318 26121 202
1 20613 25129 447
1 6066 15985 870
1 10738 17291 188
1 3975 27681 504
1 9280 24287 265
3 8915 30543
1 6009 32376 982
1 20745 21152 438
1 11944 21530 899
1 11633 14270 438
1 23970 28363 676
1 14247 17786 274
1 6814 30602 379
1 3952 30659 224
1 12850 24748 392
3 18286 24797
3 3641 21664
3 14700 29748
1 18406 29078 268
1 18065 24814 316
1 12829 21236 245
1 2874 7175 868
1 24509 26284 94
1 19829 28264 226
1 15147 19968 262
1 16957 24203 909
1 28890 30586 871
1 5793 21930 905
1 23659 24784 502
1 30145 30916 614
1 15810 28874 143
3 6928 21859
1 15750 26577 32
1 8330 18268 953
1 1557 4764 666
1 7255 31255 973
1 3798 21596 831
1 2325 17018 216
1 20375 30100 494
1 7528 16236 727
1 17098 18777 174
1 24120 28748 205
1 5245 14687 45
1 12606 19803 74
1 8133 25481 602
1 19275 25726 502
1 4304 29403 650
1 4290 25535 370
1 201 24210 166
1 13260 17945 784
1 2688 4224 707
1 4189 8823 926
1 4434 14622 305
1 7476 17835 536
1 12871 22903 925
3 3511 31646
1 21509 31883 23
1 21259 23027 65
1 3086 7851 919
1 915 12080 699
1 17379 19196 477
1 13077 28036 501
1 19666 30945 617
1 16625 24878 681
1 3846 30837 209
3 15456 30119
1 25938 32393 264
1 21083 25733 895
3 10529 20466
1 1700 17281 747
3 25674 27656
1 27398 31316 11
3 406 4512
1 15600 28322 479
1 12793 15825 226
1 876 30900 794
1 15723 29952 207
3 14100 25013
1 4114 7177 219
1 6875 22425 541
1 18701 19238 564
1 19965 21374 767
3 19165 29238
1 15739 28541 195
3 17158 28985
1 6647 28197 767
1 454 9005 536
1 4386 22124 854
1 11629 11791 38
1 179 31555 56
3 20123 25309
1 4628 25384 186
1 1494 5646 209
1 2596 11141 723
1 12421 19579 151
1 6378 25145 501
1 468 6833 565
1 3814 7138 260
3 3055 22604
1 1703 25383 125
3 26702 31108
1 10147 30757 728
1 10623 23080 683
1 13561 26692 421
1 1917 7960 670
1 216 18852 95
3 15616 23875
1 16690 23677 1
3 9609 20791
1 13050 24205 139
1 14588 25344 381
3 6006 23439
1 25947 32231 698
1 19592 20075 344
1 13221 28896 297
1 9865 24579 614
1 9534 14334 984
1 3994 25764 168
1 11360 18349 33
1 19074 28745 786
1 5345 25527 224
1 472 9621 548
1 956 29368 993
3 21103 28266
1 15068 29020 34
1 7810 8312 383
1 4944 7838 568
1 18875 28007 283
1 6837 9985 66
1 6603 31438 134
3 28597 31496
1 4900 23708 601
1 4813 23972 755
1 8196 31500 22
3 5001 16077
1 7706 19216 156
1 4074 30699 443
1 6132 32323 764
3 8572 17570
3 631 30333
1 25000 28398 130
1 12762 15364 61
1 1726 19873 301
1 17574 30136 973
1 20737 24704 999
1 7933 19714 203
1 3678 5376 914
1 1453 4862 32
1 14161 28383 698
1 2252 20959 636
3 9011 29397
3 11739 16694
3 8443 28680
1 36 22923 552
1 25026 28415 840
1 18529 28934 396
1 1363 22757 783
1 7380 11263 996
1 838 18675 583
1 8612 10491 929
3 23837 29104
1 5625 24616 485
1 14991 21105 504
1 6264 8797 400
1 1553 30899 122
1 4746 17955 856
1 17790 30441 147
1 3414 31010 126
1 7396 19813 941
1 23477 30253 174
1 19914 22869 46
1 15758 16605 287
1 2665 4238 441
1 396 17123 351
1 12494 13672 667
1 29135 32335 973
1 3393 25435 351
3 4594 20113
1 18026 28996 976
1 11161 31777 229
1 3858 6568 659
3 2967 24675
1 1168 22310 356
1 15432 31199 710
1 2261 31415 985
1 8119 9343 164
3 6407 19066
3 801 14360
1 10078 22815 407
3 13942 31079
1 16247 19798 480
1 25926 32569 228
1 9242 14351 590
3 27413 29268
1 14556 16260 720
1 3965 21289 218
1 28642 31588 308
1 5951 21376 117
3 24395 31870
1 26718 32313 157
3 4272 29369
1 4989 30863 882
1 13288 20698 183
1 18525 22443 919
1 7238 31139 23
1 19701 27403 368
1 20623 21790 698
3 8992 11950
1 23922 28688 61
1 24125 29360 327
1 26218 32020 453
1 9118 13494 909
1 21523 29597 444
1 1075 15839 269
1 13301 18131 729
3 17316 32367
1 19979 25704 968
1 17242 21151 411
1 16677 28909 243
1 8195 22716 417
1 3775 16205 585
1 18722 23011 195
1 7343 24961 355
1 1014 9616 198
3 22479 26135
1 6988 7277 441
1 10665 13902 872
1 22318 24644 729
1 23194 28829 494
1 3676 21944 332
3 3875 31561
1 1205 2574 190
1 20066 23947 310
1 27920 30792 659
1 23141 24449 194
1 18313 30170 686
1 24102 31247 13
1 11983 16842 380
1 226 29816 133
1 18402 31272 615
3 22951 31500
1 8607 29072 131
1 24986 30856 543
1 3321 28903 505
1 8779 25128 288
1 10095 31906 937
1 11322 14829 358
1 5556 11330 185
1 10914 23561 72
1 2235 25658 849
3 16726 26316
1 5352 17445 699
1 3465 7445 826
1 23045 26312 841
1 2338 4917 365
1 16985 30745 412
3 5353 24030
3 17648 19557
3 27728 29923
1 25700 27953 278
1 26781 31886 957
1 11932 29318 421
3 8946 19379
1 16201 18903 714
1 3454 4492 577
1 6398 20131 751
1 3320 21418 648
1 19786 28451 250
1 21960 30384 688
1 15660 29730 70
3 14391 20426
1 7114 27246 274
1 3170 10439 161
1 10666 21706 774
1 12406 12746 544
1 14443 31787 438
1 17250 26576 214
1 17767 31100 98
1 6370 24445 607
1 1947 14592 736
3 19794 32593
1 12637 25242 130
3 10076 18530
1 24094 30457 166
1 24736 28645 290
1 4768 27607 689
1 13464 26383 745
1 12181 15138 299
1 744 8276 546
1 8181 30834 17
1 1924 26509 537
1 23470 24485 411
1 9440 14536 988
1 14318 16267 855
3 21021 32034
1 15874 24369 394
1 18434 20523 825
1 122 21286 115
1 2937 20438 425
1 2903 20047 630
3 2062 7336
1 10002 27979 690
1 13968 32059 963
1 21644 27527 181
1 14749 29091 391
1 6027 12838 446
1 3494 22481 762
3 27547 29071
1 9123 15859 317
1 9270 13218 342
1 22757 25639 826
1 787 25523 363
3 7775 26575
1 9413 22215 228
1 6020 18469 652
1 16255 19412 548
1 11397 32403 220
1 12626 27348 831
1 4666 8865 206
1 5708 9879 689
1 9676 18175 728
1 21053 31457 607
1 3970 15734 689
1 28868 30560 278
1 15095 31156 232
3 3004 9276
1 6482 19370 459
1 22069 27945 740
1 6734 20352 119
1 770 29775 916
1 319 15853 770
1 14621 22965 807
1 3660 6932 304
1 27745 28723 843
1 14606 14906 603
1 22185 23227 900
1 6588 19360 368
1 12260 31554 210
1 650 6691 664
1 17510 25454 374
1 21842 27792 553
1 1439 10980 936
1 14796 26223 522
1 23630 25617 124
1 17046 23033 546
1 7625 19938 73
3 8376 27542
1 8934 11625 683
1 5536 26728 49
1 1844 11698 234
1 20524 26488 430
1 6316 16928 952
1 3074 24973 584
1 27263 31648 155
1 28037 31742 392
1 5396 12770 188
1 7260 25177 681
1 27789 32723 290
1 15069 29170 362
1 5950 16423 926
1 14324 27390 984
1 6606 29748 237
1 11237 30421 129
1 3193 25013 178
1 21581 28397 394
1 8272 16521 313
1 470 4647 978
1 620 27260 148
3 15150 25814
1 2421 14559 19
1 21720 27561 732
1 6920 30959 136
1 19688 23195 187
1 15566 18139 560
1 4440 15873 213
1 15629 19739 486
1 5337 25394 84
1 16995 29736 496
1 3016 26549 571
1 19074 29372 967
1 4205 21499 659
1 7940 18436 195
3 10394 13506
1 8812 17170 771
1 16297 22442 76
1 249 9749 38
1 26448 30665 397
1 3183 31236 780
1 12265 14042 891
1 954 13884 452
1 4026 18329 994
1 3228 27515 883
1 13288 14240 200
1 11921 25600 786
3 15242 16204
3 11362 32452
1 19435 21133 39
1 4659 25407 945
1 8166 31348 448
1 4312 26041 79
3 644 5959
1 7180 8031 373
1 24127 32323 41
1 6908 22974 98
1 5155 6254 270
1 5774 17272 434
1 8683 19937 721
1 4238 7540 399
1 10936 25015 675
1 5897 16174 453
1 13952 14482 379
1 4819 10036 282
1 12055 27275 467
1 9731 23465 388
1 109 4599 921
1 6770 6854 899
1 15554 30261 296
3 23380 24639
1 1929 28595 423
1 7475 16897 245
1 19919 21902 935
1 2519 31353 115
1 1592 22448 355
1 24473 25797 924
3 1456 13101
3 386 25506
1 3797 29070 819
3 6025 31557
1 12178 18692 548
3 2291 21855
3 12014 12360
1 6686 24241 37
1 15564 31976 178
3 6223 22949
3 13132 22769
3 32200 32244
3 8982 12864
1 749 11865 440
3 29141 30361
1 19906 29262 104
1 25803 28239 676
1 14055 30733 301
1 9220 19335 113
3 709 24602
1 19651 28838 610
1 6997 18218 940
3 10267 23357
1 15367 27761 396
1 21269 32630 289
1 18103 30480 488
1 16240 23462 210
1 6634 9903 419
1 10431 14587 171
3 5927 14242
1 12090 21465 435
1 2336 10768 245
1 9048 13448 722
1 2831 12229 947
1 7801 14374 349
1 6160 32029 57
1 14366 23454 529
3 14566 27502
1 12600 18928 437
1 3502 27883 30
1 5161 5900 334
1 10415 19068 171
3 1130 10586
3 4793 32713
1 5093 23902 761
1 16869 32558 980
1 2554 29463 214
1 5182 10690 303
1 16547 21522 158
3 17376 25678
3 22082 24537
1 6226 9554 366
1 611 7108 740
1 5101 25141 324
3 6 11492
1 1650 9825 537
1 12683 31203 72
1 22315 22832 754
3 18825 19518
1 5338 6212 443
1 393 18788 275
3 3207 32653
1 3148 24788 672
1 6113 25116 41
1 26451 29869 785
1 6242 14027 682
1 11129 24451 178
1 235 19683 19
1 15931 16299 210
3 9148 29732
1 26224 31176 419
3 18394 25011
1 2113 19218 168
1 9458 15056 919
1 14572 24518 917
1 10009 14024 548
3 7031 23954
1 693 3995 631
1 15317 32439 831
1 13713 14130 869
1 6464 17643 845
1 972 1194 862
1 19357 23757 464
1 6498 12948 607
1 5864 12520 304
3 28663 31888
3 4865 20806
1 4618 16361 26
1 11803 31441 106
1 3836 25575 388
1 3790 14628 461
1 12797 28331 736
3 25948 27514
3 575 14494
1 12292 13822 757
1 3343 6429 632
3 12761 19009
1 10866 29693 537
1 13934 22421 515
1 9611 21908 627
1 3291 7699 799
1 14572 30610 464
3 17637 30942
1 6726 8353 553
1 4153 28823 513
1 8746 30300 999
3 1699 27941
1 17186 32608 976
3 1074 28072
1 1181 26097 222
1 17911 25320 139
1 11647 18950 398
1 11126 19709 95
1 11136 13041 552
1 1513 16057 757
3 28467 30327
1 10317 29064 324
1 17700 19795 920
1 14427 29215 588
1 13127 14947 391
1 19981 27294 1000
1 2234 27704 844
3 13192 24247
1 5963 7605 135
1 18662 32610 701
3 27428 28813
1 3014 20532 761
1 11788 22981 980
1 10217 29558 677
1 1948 22681 500
1 8484 8671 2
1 5250 28749 642
3 25033 27618
1 5497 6840 885
3 16765 28657
1 18898 21778 546
1 2145 2517 682
3 21962 31199
1 4964 22675 968
3 13060 19307
3 5725 15412
3 15877 17168
1 10910 14411 428
1 3700 9309 319
1 13084 20541 13
1 65 18386 29
1 13787 15560 897
1 6351 14839 381
1 30266 32131 500
1 15299 29580 688
1 3173 8660 177
1 16679 19714 432
3 488 25427
1 25527 28880 160
1 17142 29721 765
1 8926 28768 823
1 24760 28419 807
1 7644 28816 596
1 7546 27345 253
1 9778 30357 326
1 16822 27355 541
1 8843 13683 876
1 2570 11981 972
1 16353 28631 999
1 7028 16748 103
1 24272 32195 550
3 11727 12569
1 21477 21813 50
3 25360 26434
1 23970 24833 672
1 7278 9926 243
1 22406 25975 591
1 18711 25549 510
1 3932 6169 561
1 858 3228 654
1 20972 30994 44
1 24029 25272 115
3 11105 23135
1 10659 17151 64
1 10027 18892 417
3 24077 31007
1 5376 17303 575
1 3432 4312 504
1 24241 29280 258
1 23746 25927 899
1 7232 25969 641
1 16736 20751 837
1 9577 12537 852
1 22494 30940 384
1 22046 31850 70
1 20060 23754 385
1 10469 19224 391
1 15104 21739 154
3 2562 27666
1 626 26233 7
3 2842 10492
1 4442 13008 62
1 18707 29320 725
1 5131 17149 110
1 2535 19843 269
1 9427 25213 862
3 3206 17516
3 16845 19716
1 23251 29054 596
3 24114 28908
1 2019 5913 953
1 8273 15669 55
1 4574 9099 130
1 1439 29124 152
1 4019 11654 592
1 30163 32152 531
3 10311 17451
1 20744 30093 320
1 11392 14686 27
3 2302 18033
3 12043 15833
1 29337 32699 791
1 3188 31729 288
1 6177 21367 592
3 24755 27187
1 13346 24517 635
1 5222 7141 407
1 18930 25238 260
1 3256 31066 810
1 6453 29369 672
1 2131 3363 194
1 25188 28705 442
3 14877 29463
1 13831 15305 522
1 11704 17675 129
1 8732 28318 829
3 15529 25625
1 29664 32368 937
3 12742 20258
1 11220 23740 626
1 1061 11552 867
1 13735 22114 791
1 26252 27361 771
1 6884 27475 663
1 19768 22404 994
1 4293 8437 613
1 779 20899 775
1 15101 20657 761
3 10323 27242
3 528 6925
1 26107 31775 368
1 6523 20293 11
1 12120 16101 46
3 22098 31427
1 1792 21960 876
3 16238 23248
3 8327 10207
3 19622 28694
1 23222 29832 590
1 9532 28839 725
1 19307 26746 514
1 15096 16126 912
1 3227 6075 242
1 17214 19240 727
1 9503 24743 585
1 11608 26509 824
3 14259 25966
1 5486 18937 66
1 21983 24599 222
1 23472 28186 798
1 10968 31148 107
3 2053 7113
1 1527 26318 874
3 29141 29588
1 1867 14389 54
1 6619 13255 300
1 9781 20404 61
1 1116 7728 313
1 10054 30116 156
1 8571 24514 352
1 4374 19138 137
1 4331 22252 207
3 8940 17524
1 10762 32070 111
1 2199 17789 21
1 3935 26827 967
1 3136 23291 482
3 4118 17571
1 16652 32215 651
1 2939 4926 977
1 4416 16931 7
1 21907 23486 588
1 19111 22196 401
1 9139 22026 540
1 20730 21393 522
1 24671 27467 179
1 923 16047 464
1 10036 15527 984
1 1294 7034 564
1 9110 19351 575
3 404 23353
3 5818 12038
1 1144 6591 913
1 9006 25836 535
1 15818 22798 112
3 18919 22655
1 8265 9538 822
3 14731 25428
1 8365 22394 782
1 17552 26107 280
1 9245 15651 791
1 2572 4516 677
1 7841 9720 570
1 21219 24735 318
1 3576 5564 467
3 25558 29915
3 10622 14043
3 312 7898
1 9504 30923 780
1 7548 25430 212
1 16916 23235 88
1 106 26097 395
1 16694 31471 793
1 23471 25288 402
1 8917 15058 270
1 3846 26926 520
3 27923 29521
3 21789 29388
1 863 11807 596
1 2842 10518 27
1 21929 29023 646
1 15319 29506 968
1 720 17600 768
1 20069 29349 310
1 21855 22283 443
1 13002 13929 521
1 6762 29943 65
3 11920 15916
1 12171 28503 299
1 23818 29946 831
3 846 15825
1 4181 9888 147
1 62 418 450
1 9782 31448 806
3 3053 7724
1 8811 18344 891
1 23365 27378 309
1 524 14287 332
1 12273 30724 648
1 28337 29706 134
1 7988 18011 167
1 16578 27578 774
3 28582 29070
1 8074 32068 203
3 18614 32118
1 8684 19516 51
1 20352 24136 17
1 7196 28697 128
1 15607 27399 465
1 14684 30935 591
1 6692 21361 613
1 28848 32422 17
1 11955 27286 951
1 4210 13618 568
3 2076 5140
1 9553 28443 521
1 1446 9995 645
1 19495 30438 52
1 16449 28398 477
1 4476 25063 276
1 570 8943 131
3 12000 22122
1 605 1844 449
1 839 16870 904
1 21564 25872 722
1 17288 21772 835
1 13864 25965 549
3 3117 17816
1 6519 31471 845
1 7105 21958 731
1 20958 26607 996
1 6209 12852 276
1 11971 29841 608
1 654 2977 996
1 12748 24516 310
1 5853 12358 937
1 1112 10545 4
1 45 3466 61
1 9015 26766 488
1 5904 25659 916
3 9769 26898
1 4634 6727 420
1 9270 23240 91
3 11363 32285
1 13473 31518 129
1 5456 5742 560
1 14089 15182 367
1 14037 24537 314
3 3097 32262
1 4786 28646 70
1 10898 19456 432
3 9570 15331
1 1161 13819 735
1 17746 26247 659
1 26622 32468 384
1 17567 30753 591
1 2380 18089 466
1 19569 28457 539
1 3157 8880 383
1 15222 22817 221
3 5828 17740
1 10140 11165 729
1 6101 9912 948
1 5392 10212 204
1 13494 16071 451
1 1176 28016 209
1 8813 10507 291
1 18930 30077 596
1 28671 32132 954
1 2665 32656 180
1 7902 27934 59
1 7562 12233 894
1 6433 31353 130
1 31714 32538 185
1 3493 11460 483
1 23007 24432 291
1 7958 20411 260
1 3211 30195 131
3 19318 23319
1 17910 26205 668
1 15247 23068 209
1 25470 32274 319
1 30103 30862 463
1 1981 4024 960
1 18150 25132 553
3 8612 11651
1 5927 9838 501
1 12184 25895 170
1 2946 29427 391
1 16582 29967 116
1 16411 28760 99
1 24482 31927 756
3 22249 25742
1 10480 13073 976
1 4659 16991 194
1 18653 24163 610
3 1200 4795
3 658 3860
1 6821 8971 448
1 16089 26523 897
1 20579 23547 185
1 16367 29703 65
1 25044 28170 961
1 18122 31399 167
3 20746 22468
1 9907 26589 665
1 5053 17327 653
1 3713 9078 222
1 3168 23216 870
1 3953 10129 715
1 9339 32251 677
3 13732 19276
1 19113 21982 22
1 11140 24291 855
3 20193 22794
3 16203 32128
3 24019 28856
1 16814 23978 589
1 22780 28028 773
1 23325 27721 701
1 146 23745 28
3 7984 31952
1 6571 20952 629
1 27573 29613 452
1 10514 28084 270
1 313 5806 767
1 8068 10881 648
1 8978 31918 302
1 14394 17587 586
1 9927 18731 51
1 10990 11184 153
1 183 1479 291
1 12812 24232 843
1 15344 32103 272
3 2457 12457
1 14422 28173 587
1 24891 26396 128
1 6940 14825 492
1 9548 32585 508
1 15406 15574 376
1 6796 11855 663
1 10791 14661 521
1 3083 23160 307
1 3054 29110 295
1 11957 13322 634
1 8714 30303 666
1 5501 16411 615
1 17999 21634 528
1 11295 15568 946
3 14469 22725
3 3967 9815
3 12544 13091
1 7478 17744 376
3 16199 30752
1 2768 13839 381
3 8424 16002
1 2073 21994 189
3 3771 19227
3 3085 11109
1 22451 23610 237
1 8867 22590 595
1 10441 10884 844
1 7259 18715 99
1 10725 15694 956
1 2326 10154 914
1 10324 11464 690
1 27353 27394 70
1 3624 31833 606
1 3647 17690 924
1 18646 26362 191
1 23470 29849 67
3 2629 12588
1 18106 19589 635
1 456 28618 942
1 7939 14961 493
1 5961 7966 520
3 7310 29912
1 15310 18663 497
1 4257 7896 703
1 9848 28910 264
1 14664 22258 971
1 29081 29500 901
1 16731 26877 974
1 12110 23397 530
1 765 23493 694
1 12762 15885 170
1 4199 10423 62
1 1772 30888 136
1 13410 26212 37
1 3962 13464 333
1 770 17102 84
1 9755 15317 926
1 3819 14623 451
1 11007 18426 284
1 5916 11994 605
1 215 16469 539
1 4023 5660 231
1 7292 17736 563
1 19476 20097 493
3 1275 11061
1 5477 11519 108
1 14013 28795 276
3 7807 11503
3 5257 6240
1 23757 27097 977
1 2354 19134 991
1 22383 26263 617
1 22368 32371 424
1 4237 29305 676
1 14964 24411 735
1 10746 20501 814
3 14125 14570
1 12041 32338 619
1 17309 21136 917
1 4244 23735 128
1 3892 29070 981
1 9923 22449 376
1 1593 30709 565
3 931 12189
1 3712 6407 863
1 14381 26403 54
1 12800 32711 857
1 12695 26927 359
1 13631 24299 334
1 18452 26166 723
3 23515 29201
1 18983 23228 772
1 15484 32084 133
1 14186 28583 504
3 2122 2322
1 16611 30397 432
3 16329 29563
1 1275 10594 856
1 3864 12264 636
3 8885 19294
1 31067 31694 474
1 13480 15965 906
1 3553 18156 98
1 16635 32558 60
1 3512 25493 451
1 2066 13788 481
1 5240 28993 575
1 24036 27243 694
1 13473 25625 164
3 16169 26426
1 5148 15417 356
1 14216 24119 601
1 17656 22446 927
1 1916 3618 391
1 255 24150 657
1 991 16904 925
1 5837 30441 21
1 2823 22208 89
1 7352 8411 251
3 28867 31138
1 5302 23374 986
1 19298 22497 898
3 10280 11148
1 1160 5975 663
1 850 10252 142
1 12654 25546 854
1 4575 17575 675
3 14310 26476
1 6800 25780 398
1 9363 15269 854
1 26809 29796 671
1 6238 9542 55
1 3526 7403 421
1 15088 19168 254
3 11202 27247
1 25148 27004 801
1 32429 32610 259
1 6459 32438 981
3 15183 18363
1 15053 18197 798
1 4311 26722 578
3 3940 9167
1 2362 20055 64
3 6972 9364
3 17361 22027
3 8405 14747
1 2131 11671 181
1 11602 23169 317
1 6271 7356 62
1 1360 6894 667
1 1000 5454 9
1 3788 31524 813
1 17679 23898 446
1 10240 22277 445
1 4799 11651 35
1 10252 25577 130
1 12140 16534 70
1 15928 24661 29
3 6137 25543
1 14217 17947 992
1 17305 19089 975
1 8977 30657 835
1 6631 21437 468
3 16600 32113
1 16542 27015 121
1 16149 28479 52
1 20632 29184 329
1 1802 3619 414
3 19517 25783
1 6547 19538 58
3 2028 14878
1 8023 31438 169
1 1555 11442 329
3 4717 22310
1 70 26394 618
1 13262 17080 710
1 8863 24142 127
1 3060 10015 5
1 20094 28272 257
1 4950 27301 56
1 105 30836 719
1 108 26117 441
1 6819 9671 71
1 8794 30985 359
1 14619 28515 257
3 5663 8279
1 13293 28038 93
1 1723 27864 277
1 3008 25209 230
3 9323 21990
1 1859 24920 279
3 2994 8236
1 389 11897 34
3 2069 21804
3 10215 30757
3 21319 27911
1 4470 26701 92
1 6493 12797 78
3 10360 10576
3 11615 32297
1 22357 24269 689
3 2395 25899
1 3943 20442 219
1 20505 28468 830
1 6133 26412 372
1 5704 29487 508
1 14177 15665 965
1 16169 22029 475
1 14899 17647 7
1 994 10020 952
3 11907 19319
1 511 2455 635
1 4191 8574 829
1 399 11244 868
3 7795 28069
3 18466 24470
3 5913 25785
1 3498 12032 91
1 9127 29757 282
1 4464 9119 911
3 8556 10022
1 3290 5508 32
1 8822 12215 432
1 5434 7611 740
1 22254 24840 303
1 18413 20573 947
1 188 22908 492
1 10842 16309 410
1 744 20889 658
3 19371 28870
1 15808 21166 263
1 848 17631 129
1 14835 26958 159
1 8379 16249 648
1 356 22071 682
1 25503 29225 254
1 238 32020 430
1 14076 30785 324
1 27158 30780 413
1 5805 25357 166
1 12366 19061 61
1 535 9774 579
3 9745 20689
1 5398 15926 776
1 19804 25312 888
3 11913 22476
1 5919 9836 26
1 6532 20919 571
1 7863 23081 61
1 4746 17231 75
3 17303 32169
1 9715 29617 385
3 2438 12070
3 11182 24432
3 26393 29053
1 16710 31380 629
1 6663 19481 449
1 27546 30544 622
1 10981 28575 138
1 3385 16763 386
1 12123 22872 92
1 7286 18476 536
1 6640 22674 780
1 4297 21478 520
1 1613 15757 847
1 11918 12778 144
1 2486 12299 403
1 9984 27432 264
1 27540 32190 892
3 1059 3943
3 15564 15919
1 14413 29809 129
3 5888 14362
1 13524 25609 187
1 6360 6762 721
3 5288 31966
1 16300 21727 24
3 17634 23755
3 16419 20611
1 19287 30090 770
1 1646 24643 660
1 21858 30824 936
1 26908 32130 268
1 9744 15653 65
1 30398 30506 826
1 11434 19687 272
1 20267 21537 634
1 11214 29143 899
1 2908 4606 197
1 18123 30913 349
1 1127 23829 982
3 12425 12596
1 13972 26593 315
3 13632 18304
1 6543 18382 381
1 22063 25435 945
1 550 21488 882
1 11519 12049 167
1 1407 6232 939
1 2679 12823 958
3 21444 27484
1 15349 20372 844
1 14119 20126 841
1 18982 24936 162
1 1000 17380 683
1 12378 15880 977
3 10336 31011
1 504 16241 366
3 22636 23021
1 2023 13738 102
1 2491 27038 53
1 17512 22945 470
1 17766 26015 485
1 19830 27928 35
3 12062 27959
1 26573 30312 717
1 3146 5060 43
3 2684 29980
1 17921 23988 327
1 8404 26372 605
1 8088 19747 60
1 1130 29080 455
1 7597 11289 454
1 15015 29514 341
1 3600 17160 59
1 7980 14236 355
1 7076 9160 960
1 578 16728 485
1 1167 13925 58
1 14083 28532 238
3 11679 18621
1 10059 10863 967
1 10749 26716 306
1 13300 23738 954
1 10363 12894 63
3 14536 15670
3 9474 28928
1 6537 26914 731
3 18771 25401
1 21036 25161 808
3 14976 28357
1 4121 29233 218
1 13947 22402 784
3 8852 24075
1 22100 31566 725
3 11960 27628
3 17539 24343
3 7185 25977
1 6177 20553 383
1 26746 28196 575
3 4709 19126
3 4556 7261
1 23269 28341 615
1 3660 22141 21
1 3661 31892 91
1 9112 28749 529
1 23143 26773 280
1 2493 12074 824
1 14080 29943 704
3 3313 4246
1 1758 17441 212
1 14557 22773 873
1 10422 17782 412
1 3720 14228 887
1 17356 26693 15
3 9792 28273
1 3844 32454 940
1 14450 20652 826
1 2979 22012 493
1 13394 30282 678
1 16000 20202 593
1 7766 17604 81
1 4761 17689 358
1 4143 32441 28
1 1301 15679 742
1 24569 28983 99
1 21232 26263 312
3 5531 23897
1 8730 25584 189
1 22032 24750 736
1 6704 14101 398
1 21479 23511 400
1 14484 14633 407
1 20815 30482 440
1 6432 28876 977
1 6509 19310 435
1 5063 30394 616
1 396 10125 255
1 16302 19894 893
1 19865 30245 47
1 6282 30765 237
1 18053 21157 777
1 11465 25866 296
1 6921 13157 552
1 4942 29947 539
1 5542 7861 890
3 1437 15171
1 15433 20496 993
1 21360 21384 706
1 21430 31258 487
3 3710 17816
1 9565 22189 663
3 24050 24431
1 15109 29816 161
1 7546 8003 318
1 5272 14469 305
1 14291 19887 837
1 739 31953 773
1 14162 21194 945
1 6848 13879 837
1 2128 24767 403
3 21735 24333
3 13484 18858
3 24687 27199
3 7564 8652
1 5496 25027 70
1 12996 20806 491
3 1340 25204
1 15428 30152 126
3 15208 17736
1 5 26264 181
3 16926 32070
1 2419 13720 145
1 25738 28274 467
3 15003 23857
1 10322 23072 325
1 19766 30174 498
1 10219 28154 292
1 12619 16635 664
1 5015 22601 922
1 85 16387 553
1 12888 31793 212
1 11008 25659 101
1 15293 27552 949
3 20864 23097
1 20581 25116 94
3 12098 28352
1 20730 23922 765
3 23967 28235
1 22417 27239 785
1 9833 20657 921
1 8370 18701 824
3 24043 31729
1 5285 29802 228
1 1270 27479 256
1 22015 26864 869
3 29577 32557
1 900 31208 822
1 12606 20927 107
1 4573 13323 793
1 4814 8911 178
1 20195 31291 361
3 5434 23890
3 5700 13789
1 23825 25382 312
1 21157 31297 656
1 5417 23768 165
1 84 30871 799
1 1787 29316 255
1 21380 25571 641
1 4693 6303 12
3 19896 32705
1 8319 31242 348
1 12302 31720 751
1 25757 31785 215
1 26298 27468 819
1 26173 31602 742
1 22562 25789 8
3 16362 20390
1 24067 28075 737
1 15719 20878 819
1 4410 18030 654
1 14566 19577 254
1 15811 17389 443
1 6301 24754 445
1 1210 26603 427
1 13668 14975 552
1 7015 22329 631
1 8082 18269 361
1 11130 29818 701
1 16992 32159 863
1 9887 26504 363
1 9392 26281 84
1 8134 32565 704
1 19698 26119 86
3 15872 22888
3 30816 32281
1 6049 28906 577
1 2626 9482 348
1 7649 29060 249
3 20053 23891
1 1716 17216 312
1 15272 26913 359
1 5501 9864 834
1 7936 25693 203
3 5213 6199
1 16942 23217 880
1 2277 5492 862
1 2665 7973 129
1 23046 32740 612
1 12842 17563 293
1 25406 25672 669
1 2162 9928 325
1 1450 25083 291
1 18029 28019 29
1 8002 17199 533
1 277 30154 998
3 1517 19682
3 1414 5501
1 21412 29624 964
1 6313 11636 786
3 283 29473
1 1752 29483 785
1 12531 14393 26
1 8214 10672 937
1 6788 17822 266
1 1459 14927 905
1 7328 14889 589
1 19093 23720 102
1 4780 7179 379
3 2774 24839
1 1549 26330 925
3 17144 18033
1 26591 28304 443
1 15752 31273 782
1 5898 8406 15
1 3199 31041 416
1 1874 14025 30
3 20681 30198
1 5859 23333 308
3 11592 18833
1 25736 27564 58
3 9678 20325
3 13377 20983
1 26123 31384 636
1 10031 30199 552
3 20835 27058
1 23711 28761 792
3 15667 28539
1 3884 17176 853
1 2021 15522 989
1 12852 13458 934
1 10656 30981 737
1 4183 16983 587
1 6250 10655 291
1 6604 31718 685
1 12486 26223 874
1 9882 12871 283
1 1659 9480 900
1 7680 16286 830
1 4883 10514 487
1 25594 26800 837
1 17607 29789 1
3 3549 22332
1 22524 26998 83
1 27599 30845 73
1 1974 2051 581
3 13201 28310
1 25329 32575 740
1 7865 18619 3
1 7373 21226 406
1 6582 22207 226
1 6269 18092 430
3 15195 28273
1 15396 18331 303
1 29531 30647 426
1 17717 27735 424
1 21256 29548 460
1 26785 28158 881
1 9496 15412 107
3 22647 30720
1 19208 32357 856
3 7972 11889
1 10045 19154 662
1 801 2488 190
1 3066 25999 11
1 5258 27599 890
1 10144 30379 336
1 6772 12880 928
3 14372 26756
1 2168 10621 286
1 10378 12662 400
1 12331 26150 880
1 17822 29780 782
3 13114 31118
1 9338 29035 238
1 4601 18349 970
3 28813 32103
1 2857 30850 569
1 17214 31038 183
1 22346 26449 141
1 14116 14630 983
1 25352 32235 301
1 26652 30541 623
1 2672 30507 207
3 9322 29027
3 1385 25860
1 6875 32193 129
1 6293 25694 575
1 24774 29673 349
1 12192 21779 999
1 7101 32382 879
1 7916 16361 838
1 14501 28979 380
1 15190 27655 683
1 21490 30917 351
1 15580 30093 704
1 8136 27607 690
1 13618 15863 300
1 23921 26750 201
1 19723 30176 300
1 20101 23066 343
1 13164 21670 958
1 14988 19125 391
3 19590 28822
1 5936 8939 130
1 16669 17140 284
1 13142 18642 745
1 25693 31228 970
1 3719 26374 861
3 19274 20637
3 1424 24619
1 8282 21013 563
1 12659 30301 761
3 8502 25988
1 1378 16015 72
1 5991 22679 609
1 15424 16231 359
1 12605 31884 120
1 2813 12356 657
3 13388 27415
1 17434 17563 854
1 5268 11840 667
3 6733 30595
1 1527 22296 8
1 9091 15392 38
1 7271 32693 451
1 3773 15037 785
1 20186 21939 121
1 6441 24320 768
1 18804 28010 423
1 19553 20947 144
1 483 22907 509
1 21429 21956 290
1 5562 19328 574
3 4323 24907
3 25333 31204
1 4831 31652 149
1 16662 20982 326
1 3417 9216 966
1 6911 14549 854
1 8623 9748 793
3 12324 26902
1 4841 26488 696
1 24966 31651 957
1 7487 13345 979
1 10642 12430 676
1 11537 30141 288
3 1642 26372
3 12309 18662
1 27828 29839 984
3 12540 16365
3 1772 10713
1 1111 28751 334
1 6258 31639 6
3 5775 16950
1 14138 16926 620
1 6232 9214 545
3 5980 23500
1 2997 28078 867
1 4808 31204 566
1 6876 17819 518
1 5642 17710 824
1 26416 31881 315
1 9681 27996 192
1 10420 26139 707
1 10474 14344 489
1 14061 29358 850
1 3005 29412 121
1 5466 15836 898
3 3568 12575
3 11713 23545
3 2108 14134
1 10548 12415 480
3 11917 20224
1 6888 13873 573
1 3454 9633 701
1 10963 15393 893
1 24959 28365 780
1 340 23743 410
1 921 8561 434
1 24117 27564 82
1 2075 2731 400
1 12576 18275 151
1 9188 27448 515
1 17819 22589 457
1 925 15178 75
3 2209 21969
1 26577 32001 750
1 3872 4966 135
3 2176 25949
1 20425 29059 69
1 27515 31336 538
1 15340 23742 850
3 1726 31713
3 10758 14951
1 8480 32061 518
1 5781 6159 15
1 15093 31806 205
1 19038 27861 979
1 12149 32369 808
1 15534 32405 553
1 2237 26450 860
1 17651 24699 138
1 22507 23577 676
1 5 25215 513
1 88 25465 838
3 22641 25630
1 25396 29915 537
1 9527 25438 911
1 23090 27153 56
1 7754 29324 968
3 3779 14989
1 5152 21948 801
1 31690 32216 912
3 2866 26107
1 13125 25970 826
1 10808 16355 528
1 16641 24231 707
3 15504 20347
3 3230 5038
1 1755 28332 240
1 15158 24645 252
1 14892 19427 753
1 9763 27872 303
1 18665 19730 788
1 18757 23984 329
1 8026 22241 95
1 24664 32144 654
1 65 26769 486
1 8108 26463 863
1 11000 31969 87
3 29814 31922
1 4903 22133 689
3 23934 24536
3 1586 26984
1 5313 7866 719
1 19934 31526 411
3 4439 13918
3 22785 27914
1 5702 12420 948
3 7860 32567
1 10401 14664 366
1 18120 24303 91
3 4814 6465
3 8401 29884
1 16685 28057 566
1 8679 21106 792
1 729 13970 613
1 13853 24059 702
1 356 29507 62
1 24769 27067 581
3 20636 26109
1 15883 17559 121
1 6144 24329 345
1 10253 14669 505
1 2828 29856 978
1 14470 22211 606
3 11534 13938
1 13737 16055 223
1 11612 18360 339
1 1849 11494 459
1 8945 19257 611
3 11126 18306
1 4613 20954 572
1 12064 14006 306
1 17269 26949 811
3 5912 29820
1 174 9000 778
1 18244 18285 512
1 20508 30001 499
1 10116 18969 350
1 2994 5988 353
1 15927 16622 814
1 13824 24875 318
3 9585 30336
1 6673 11837 820
1 12779 19924 364
1 25952 32659 705
1 17203 21454 393
1 15691 22001 524
1 16379 16662 339
1 2535 10103 256
3 5946 21002
3 9574 28139
1 5886 9593 84
3 29528 29953
1 9897 21559 191
1 11157 31544 654
1 3892 10567 397
1 26271 30223 80
1 4213 26411 516
1 7198 21587 659
1 1747 2896 753
3 17519 30118
1 1553 6390 505
1 2588 6213 807
1 1652 26370 211
1 10053 29863 771
1 3628 13866 210
1 18596 29291 198
1 20788 26463 220
1 13618 17954 24
1 15342 16679 674
1 24166 30041 413
3 7187 14759
1 4449 22337 152
1 20005 25526 700
3 16688 24339
3 1002 28554
1 5626 10705 336
1 5565 13578 922
1 9603 23762 468
1 6814 21417 266
3 15642 21395
3 2392 12505
3 5684 12395
1 197 11045 759
1 12975 28308 163
1 11949 30103 963
1 22725 28645 8
1 18725 30811 443
1 19242 30090 538
1 16133 30508 138
1 2237 15798 310
1 5877 14769 295
3 2918 20684
3 27930 29183
1 2111 16372 152
1 11819 21867 843
1 14809 22778 768
1 6525 12776 874
1 16876 30582 86
1 6373 28138 984
1 15794 28868 669
1 8651 28793 139
1 15259 20861 398
1 16801 22151 100
3 9261 30623
1 3957 4339 417
1 493 16862 678
1 19461 20577 227
3 20808 28270
1 11046 29441 646
1 4978 27589 668
1 3191 20543 827
1 22037 31439 998
3 7787 22199
1 5085 26138 213
3 12306 13344
1 9191 15722 651
1 10711 16700 767
1 26356 26612 143
1 14442 16770 267
1 2448 8055 789
3 20294 25222
1 5059 24939 616
1 4503 28275 779
1 13136 30265 778
1 7767 29291 21
1 8394 10293 674
1 27738 30238 940
1 17907 26265 771
1 12159 31222 348
1 13663 30247 723
1 5898 31953 430
1 18339 25335 12
1 2494 32487 469
1 11386 24150 227
3 7217 10865
1 6868 12791 61
1 3207 22671 799
1 30385 32340 192
1 151 14673 786
1 22109 32714 396
1 15516 17075 211
3 17234 20582
1 5912 10954 606
3 2801 4932
1 8675 29717 992
3 13464 20899
1 1385 12007 918
1 902 30350 501
1 3677 25999 115
3 771 5455
1 5728 19799 87
1 15009 15095 82
3 21425 24947
1 16833 24343 822
1 103 19236 672
1 31142 32102 911
1 21943 32377 423
1 17856 19071 830
1 575 11820 357
1 6267 27210 9
1 4158 19581 148
1 27946 29152 966
3 12772 17749
1 7614 10606 555
1 3077 16725 703
1 27287 27989 623
1 26322 26557 486
3 321 1229
1 6664 8014 830
1 9579 29875 278
1 31047 31101 706
1 17686 24384 733
1 5120 25966 377
3 3085 20064
1 5422 24091 872
1 19992 21007 167
1 5635 26148 105
1 1545 8149 889
1 7244 24860 394
1 21161 25953 652
1 8332 29364 878
1 412 32192 604
3 7579 31744
1 1745 21255 156
1 4640 9273 222
1 7473 19465 390
3 2059 11637
1 10984 20918 30
1 3559 29025 663
3 25774 29691
1 11515 14138 147
1 3250 26638 560
1 1295 18605 624
1 17302 28204 854
1 12064 12658 474
3 27897 32203
1 7261 9313 783
1 10726 29501 225
1 12249 29317 304
1 1416 23455 318
1 3107 16913 933
1 12156 27614 811
1 9164 17491 225
3 624 8040
3 1793 8927
1 12842 30189 468
1 4959 18823 384
3 14278 20061
1 4663 27900 512
1 7702 17013 83
3 8672 9025
3 9461 26857
3 16790 26337
1 15734 30269 525
3 13129 13798
1 28287 29799 813
1 9118 28723 859
1 3308 18030 303
1 24398 24702 613
1 14857 27550 556
3 2837 6838
1 14812 27435 956
3 11399 19418
3 586 22161
1 7043 13258 124
1 19931 25328 225
1 1945 18381 883
3 10657 28106
1 11072 17425 578
1 14969 16085 784
1 7794 21891 458
1 16121 21808 547
1 12247 15039 770
1 1870 17573 565
1 24235 27651 789
3 5804 9094
1 15565 25969 402
3 7962 12189
1 5862 16217 632
3 22818 30778
1 6301 14037 543
1 21687 30889 724
3 19961 22207
1 22024 26294 195
1 22484 29282 464
1 4570 18936 954
1 7503 13387 616
1 3891 25533 369
1 4302 25343 869
1 18663 21137 376
1 15252 18729 235
3 1688 26893
1 18557 26344 555
1 9695 16905 497
1 2628 28474 729
1 14595 29921 891
3 9383 16401
1 27446 28717 710
1 18504 22288 315
3 5916 26952
1 12679 26673 547
1 3842 10829 835
1 3550 4419 444
1 17035 22060 931
3 2361 29636
1 3227 10640 629
1 4918 28118 688
3 6000 19010
1 12573 24693 498
1 14776 19201 615
1 5115 12901 346
1 2390 19607 777
1 13405 16949 78
1 8786 21652 926
1 11100 11424 272
1 17096 26927 884
1 8666 25168 407
1 18862 31995 948
1 4853 12397 68
1 24853 32677 682
1 21743 25265 576
3 4466 26037
1 5038 25610 484
1 1211 20305 673
3 10040 23354
1 20006 25080 701
1 12654 13186 867
3 14361 16077
1 8502 11180 815
1 7363 10790 96
1 7808 8700 7
1 4706 11260 209
1 8903 27854 723
3 844 14302
1 17988 27324 945
1 3243 32567 909
1 2707 17121 14
1 218 27459 846
1 19325 24171 7
1 1353 19024 862
1 3342 21054 368
3 9097 29435
3 15525 29584
1 7330 8874 258
1 10203 10910 18
3 4482 16832
1 2306 25366 575
1 16242 23432 192
1 5138 24043 772
1 10361 25033 491
1 9174 14480 217
3 24541 28640
1 4530 10048 543
1 333 25161 265
1 12599 24866 199
1 4377 8488 150
1 17147 24974 609
1 19964 23366 849
1 12325 26951 812
1 21826 29506 729
1 26889 31903 619
1 16907 29210 444
1 8006 21586 852
1 25624 27495 362
1 17624 27003 898
1 3507 10863 792
1 9844 17968 212
1 12304 28870 607
1 4517 10860 524
1 7563 28435 890
3 13836 21962
1 23573 31931 894
1 11656 21742 338
1 19803 25288 682
3 7747 19381
1 8994 20273 515
1 5142 20616 888
1 6010 23301 926
1 964 3443 262
1 5256 21929 140
1 12177 20419 279
1 20133 23613 724
1 13158 24421 163
1 18923 23964 234
3 8164 9863
1 111 23324 468
1 4841 5122 1
3 12702 28945
1 13458 29992 247
1 5993 17357 94
1 9903 11225 652
3 10772 15751
1 15113 21960 768
1 1071 23980 301
1 2643 5391 302
3 7691 18125
1 2596 17998 388
1 23010 25842 94
1 21972 24274 441
1 12418 12558 10
1 3347 15407 841
3 25830 30949
1 1725 21385 149
1 8354 27415 869
1 1335 22974 755
1 16381 24985 393
1 15048 32327 408
1 4066 15088 900
1 4670 25554 40
1 16419 22223 180
1 663 2227 844
1 6976 21909 451
1 7633 14102 192
1 24023 28633 528
3 8721 21207
1 9364 24059 12
1 3736 4577 910
1 5221 22163 818
1 3579 10960 969
1 13103 25847 3
1 5707 9340 31
1 5045 5595 553
1 19193 19625 236
1 17432 26835 105
1 2213 6051 918
1 31713 32059 490
1 4777 15798 752
1 9397 17551 771
1 7110 23934 513
1 12642 18011 970
1 25860 26630 946
1 20022 27361 765
1 20143 31440 883
1 3983 10125 573
3 10532 23044
1 11195 28070 910
1 11661 12064 480
1 2181 9678 353
1 2783 10893 546
1 23951 29882 392
1 9554 21274 148
3 3123 6611
1 229 2761 287
3 10387 26499
1 500 28548 368
3 15021 23466
3 26400 26504
1 26486 27907 969
1 7748 9831 764
1 9488 11111 508
1 14618 25376 871
1 6267 14640 676
1 5993 12023 57
1 4886 5289 428
1 5505 20214 984
1 6057 29646 2
1 27140 28263 636
1 11250 31165 89
1 11263 20425 730
1 9917 20383 321
1 15264 31499 301
3 18305 21511
1 24140 24573 273
3 8265 25419
1 7243 11636 890
1 6238 23585 301
1 5996 14410 168
1 4381 26946 906
1 4060 10121 493
3 26647 30653
1 15239 20844 217
1 17074 25745 768
3 13753 27022
1 10544 13980 539
1 9382 19138 574
3 260 2484
1 1890 24071 984
1 3758 22264 337
1 12938 25057 935
1 18725 26958 223
1 12907 28553 559
1 20148 26575 597
1 14664 16148 360
1 6064 23449 311
1 11222 32027 505
1 19492 29326 685
1 313 32192 690
1 23619 27099 201
3 5265 24100
1 6712 13035 998
1 5021 18501 331
1 3157 8218 546
1 20583 23552 413
1 5159 11378 598
1 1736 13421 3
1 938 16353 527
1 17795 25022 275
3 5378 30726
1 12244 19122 862
1 10274 25649 630
1 17560 19523 743
1 18193 23590 437
1 4213 24829 101
1 23097 26218 840
1 22112 25126 128
1 22704 30173 867
1 3690 6682 614
1 3571 16557 156
1 8774 25299 183
1 1810 7729 86
1 4138 15865 864
1 21052 29267 319
1 3541 19687 216
1 14665 32275 819
1 1677 19879 166
1 4 3122 582
1 8416 28725 785
1 9422 31635 390
1 6061 14449 246
1 816 18347 959
1 8875 12446 174
1 747 25709 45
1 11236 12003 181
1 4208 12500 398
1 6350 26417 412
3 25747 31281
1 23553 25548 271
1 4347 18069 843
3 519 27058
1 21635 27913 891
1 13417 20597 287
1 28048 30116 122
1 9961 13077 255
3 2489 22354
1 2041 20899 825
1 10560 26438 74
1 13259 18056 667
1 6602 25498 63
1 6217 15263 789
1 9031 20682 379
1 12705 22577 547
1 13251 18000 101
1 29290 29949 748
1 13671 31456 621
1 28451 28586 269
1 8515 24736 659
1 27130 32268 686
1 2789 10384 976
3 17654 31480
1 8083 13981 880
1 9110 14286 327
1 10559 25455 676
1 15626 27262 116
1 3372 24429 764
1 22656 23099 951
1 6091 22998 750
1 1666 5478 775
1 16873 24264 394
3 4377 23454
1 10806 31449 324
1 8890 31451 650
1 1988 5821 943
1 11472 23022 419
1 11403 29737 258
1 12949 32165 225
1 6119 17963 250
1 15921 31404 401
3 6424 27266
1 574 15648 878
1 273 11810 449
1 19721 23093 118
1 10127 25011 729
1 3526 3632 912
1 12224 15890 486
3 12122 27673
1 8320 30877 351
3 25731 31999
1 5177 9456 397
1 12171 19646 713
1 10785 28064 875
1 5226 26831 324
3 10536 19543
1 4501 13284 748
1 7547 23077 444
1 19272 21053 717
1 8708 26957 262
1 10634 18663 763
1 13026 19893 223
1 12068 32008 654
3 2234 23955
1 1064 26002 134
1 20316 32632 875
1 1012 31606 16
3 4769 11894
1 9158 10965 367
1 800 21035 682
1 14935 30507 651
3 18109 19723
3 8361 20760
1 16230 26344 465
1 1734 21313 461
1 22240 24559 725
1 8101 29183 259
1 2182 22472 983
3 2779 25976
1 17470 28159 851
1 3982 13221 980
3 10791 22807
1 13579 18684 139
1 11429 31347 143
1 16148 26065 596
1 6697 9657 922
1 283 16966 878
1 17381 21588 554
1 5404 9200 412
1 7318 23392 601
1 8674 27625 732
1 6886 20452 825
1 16802 32569 623
1 3328 12863 413
1 7995 22678 820
1 7345 18694 302
1 9923 26330 733
3 19423 25486
1 8020 14429 727
3 6527 17624
3 7452 16344
1 15311 25447 570
1 10191 28631 506
1 1 9161 600
3 4490 12194
3 3526 14580
3 3556 13821
1 16582 29050 493
1 21687 29455 534
1 8067 26103 607
1 1654 9108 899
1 18254 21664 681
1 20957 32385 233
1 6269 18254 43
1 13210 19521 452
1 9952 29689 786
1 18162 30147 59
1 6675 29540 889
3 8763 28415
1 1580 30199 435
1 23582 24656 628
1 4440 22051 315
1 8534 23910 696
1 7972 18178 961
1 17208 17243 390
1 5391 5760 517
1 20234 26031 487
1 20216 25503 490
1 15402 19141 88
1 17651 23464 472
1 3310 24060 932
3 9754 25171
1 8815 32347 201
1 12030 25431 751
1 17717 21512 84
1 2787 28129 779
3 25265 29387
1 9079 26743 457
1 14124 30459 886
1 10989 27795 455
1 7366 20893 581
1 9612 14606 373
1 1328 22702 36
3 10800 13768
3 3196 4681
1 21558 26506 480
1 18521 19683 256
1 1589 4003 999
1 18720 22078 760
1 13837 29869 426
1 3037 19954 362
1 17182 22959 821
1 14541 19011 856
1 8442 11894 707
3 11380 15273
1 308 17414 533
1 6952 10990 867
1 19812 31206 401
1 17413 18290 58
3 6327 15404
1 11625 14017 448
1 396 29684 207
3 29084 30744
1 10048 32212 660
1 10447 32570 47
1 11147 14594 942
1 127 32662 705
3 6855 7147
1 22741 22855 494
3 16380 16516
1 15411 25657 437
1 27202 32690 910
1 25393 29789 204
1 287 14899 589
3 20885 31221
1 7919 14917 199
1 6042 20890 490
1 10139 12801 264
1 6915 10947 441
1 5680 8857 740
1 13753 31316 350
1 11130 16878 170
1 4984 23864 931
3 11618 17274
1 17472 30315 706
1 2740 19520 685
1 11422 24383 292
1 9489 15835 642
1 8811 32308 79
1 4792 6062 20
3 21281 30456
1 18207 31114 342
3 7146 25203
1 8601 13063 535
1 10106 19001 958
1 14562 31606 519
1 16381 30537 140
3 12728 18944
1 8435 29073 615
1 14014 19827 211
1 5778 31879 719
3 17207 20133
1 7734 19841 172
1 17628 27315 425
1 6903 9259 602
1 3405 10492 701
1 9601 30666 894
1 18884 31382 80
3 4702 8745
1 18210 30475 517
1 10041 22356 999
1 5574 12806 350
1 8903 16001 832
1 26524 30552 489
1 1217 25589 622
1 21738 30798 890
1 6852 23937 571
1 10467 15295 911
1 1038 7504 556
1 7061 26400 557
1 1570 4157 628
1 29607 32709 348
3 4188 27969
1 928 1710 442
1 11335 12826 753
1 19825 31690 975
1 16360 23962 422
1 10420 16006 304
1 16773 20342 76
1 16817 26875 829
1 5306 13567 990
1 13172 18263 780
3 3363 12254
1 3239 23512 184
1 19633 29493 112
1 2374 27617 364
1 3796 27691 605
1 8575 8617 725
1 4423 29609 946
1 7130 30582 298
1 8984 30572 23
1 8651 31576 429
3 2745 32257
3 9277 15043
3 22115 27013
1 22785 29602 439
1 10517 26516 576
1 6203 20476 637
1 4242 21755 679
1 8225 11458 918
1 1061 25848 831
1 8766 14280 365
1 1150 20358 998
1 3747 15025 31
1 13246 16645 794
1 5030 10808 38
3 3174 25165
1 4941 14057 773
3 16125 24649
1 5177 28632 21
1 14082 32702 248
1 983 16359 754
1 21668 29239 22
1 4900 31613 576
1 8835 19401 866
1 1927 9659 789
1 22411 29824 82
1 25206 29774 257
1 14092 17940 450
1 15132 27839 11
1 5115 12214 833
1 1702 29490 930
1 7028 29317 803
1 12755 26577 165
3 11801 12083
1 17954 22719 534
1 15612 16978 505
1 2340 22989 423
3 19163 24876
1 9150 19194 321
3 23344 27264
1 13271 18328 983
1 17434 17559 930
1 8006 23080 447
1 4582 23097 510
1 14031 16694 737
1 1671 32319 907
1 6629 26529 6
3 898 20472
1 11281 25817 456
1 22076 26956 580
3 582 28500
3 18227 31671
1 1230 30188 27
1 23493 30103 699
1 19881 20811 366
1 4814 27388 207
1 21955 30184 921
3 1521 30124
3 10323 24875
3 5866 10654
1 17790 22862 312
1 11523 21903 690
1 2204 18625 526
1 19370 26325 247
3 4739 17309
1 6487 7081 530
1 7481 21933 615
1 589 8655 201
1 7807 12828 760
1 17804 26101 104
3 5674 12446
1 8405 29300 270
3 1541 24345
1 4943 29847 489
1 1805 27219 657
3 16515 24768
1 5420 11379 564
1 88 11359 155
1 11718 13850 398
1 1056 11908 257
1 11004 15377 565
1 7911 21139 222
3 5209 25507
1 16193 18638 356
3 6932 24429
1 6442 8256 397
1 3941 12565 251
3 23643 24044
1 13795 21156 513
1 16123 20475 243
1 3072 13773 91
1 22830 26233 788
3 1504 9066
1 12718 14985 91
1 9050 12307 314
1 4683 9030 634
1 3678 11529 865
3 14490 30996
1 10637 27803 413
1 11244 21903 916
1 11812 12662 130
3 20254 31394
1 7248 24459 318
1 395 16537 560
1 6764 29768 328
1 1380 32049 705
1 8680 21414 928
1 2832 7592 915
1 24519 26831 525
1 562 5248 63
1 11665 25887 376
1 5630 25833 143
3 10140 21726
1 8853 11157 522
1 1354 23285 990
1 4508 9271 710
1 1333 9104 750
1 9166 13970 403
1 11534 20287 677
1 9677 16708 568
1 5053 8772 244
3 8858 32290
1 9537 18636 345
1 5813 7404 759
1 12980 31872 630
1 2233 14256 5
1 4133 8541 568
1 1696 23197 790
1 10975 21825 386
1 8198 22874 573
3 9529 31219
1 630 25665 43
1 17728 31836 523
1 24316 25816 826
1 17167 23994 150
3 13045 24545
3 4627 10523
1 25142 30496 836
1 19399 24772 107
1 12372 29553 793
1 25218 27250 707
1 15628 20016 698
1 21470 23183 314
1 5463 19099 271
1 19948 20331 847
1 4711 26059 27
1 25529 28655 791
3 10512 11854
1 7905 12468 562
1 167 11653 390
3 10732 22106
1 9839 10533 67
1 3108 13516 114
1 11993 30803 925
1 6747 30688 38
1 2962 8213 35
3 12833 15140
1 6370 17889 672
1 3443 12299 404
1 6268 21278 22
3 16902 27167
1 4707 15084 506
1 17868 27180 298
1 19306 24466 515
1 4167 6544 340
1 11848 16951 506
1 15096 32356 17
3 2840 9639
1 4725 17814 543
1 782 3938 812
1 8497 15945 730
1 72 3101 701
1 17340 28018 67
1 8235 17471 421
1 20411 21218 842
1 8366 24676 438
3 21047 29183
1 13196 25196 837
3 929 14653
3 16887 26353
3 15406 29486
1 23133 30748 119
1 8472 9359 889
1 2221 2348 132
1 10348 25742 412
3 15810 28428
1 6184 22770 717
1 10166 19261 362
3 5526 7249
3 24956 30578
1 27982 28022 824
1 12975 28437 345
1 1634 5905 361
3 14948 19013
1 16549 21983 966
3 1381 13056
1 3587 5592 223
3 11660 12823
3 26951 30027
1 3079 32272 991
1 11239 29224 668
3 21059 27145
3 11747 18041
1 26330 27701 560
1 3855 15129 184
1 78 23479 721
3 21821 25122
3 8885 25592
1 2578 20328 833
1 6785 13145 186
3 17832 20169
1 20880 25000 438
1 407 22125 774
1 4120 13972 190
1 25473 26320 580
1 22354 24811 909
1 31194 31328 488
1 5954 14629 298
3 8009 16715
1 1290 2053 520
1 9234 28206 962
3 8674 26280
1 21505 21785 687
1 26190 31827 771
1 26535 27484 383
1 7223 22809 798
1 14509 31674 330
1 3493 26481 449
1 3932 14417 385
1 16815 22378 541
1 20096 27896 489
1 19059 21442 314
1 1398 2089 330
1 3039 17952 834
1 9080 25275 944
1 2915 29282 412
1 17757 19745 430
1 15048 30401 826
1 271 32497 270
1 29785 31409 699
3 16331 22438
1 23379 31523 744
1 18248 25462 388
1 73 10372 754
1 18784 23839 310
1 15205 31983 30
3 6671 8661
1 9983 27346 624
1 4124 15963 924
1 10032 30488 233
1 730 22778 523
3 18042 32740
1 464 13902 186
1 8627 16635 101
1 9208 16199 257
1 9656 10299 284
1 7811 18893 837
1 8347 11732 732
1 23222 24319 789
1 278 24569 609
1 13465 13838 190
1 27132 32030 216
3 4559 15464
1 3547 8343 451
1 21336 30606 951
3 14838 22035
1 474 26624 13
1 3608 28410 208
1 9155 30954 26
1 3711 9356 757
1 16294 21194 446
1 26437 31793 253
1 15246 23935 92
1 10108 31343 732
1 15445 21299 292
1 11412 15876 788
3 28554 32116
1 2808 27093 529
1 17059 24936 977
1 19024 19563 214
1 11701 18729 949
1 19017 21589 876
1 12357 19551 203
3 2105 19383
1 6435 28405 63
1 5077 9438 48
1 16977 24626 437
3 27855 28779
1 3805 31809 615
1 20533 23692 329
1 17263 28888 584
1 3354 8578 408
3 1836 10070
1 6996 17523 236
1 14977 21486 280
1 6557 25283 258
1 3424 32218 259
3 6868 23900
1 3445 20662 391
1 21768 26664 28
3 13416 15896
1 13771 26417 738
1 23521 29167 677
1 12362 23722 217
1 9256 32394 30
1 19359 20440 398
3 3922 15421
1 10799 11748 36
1 1960 29470 412
1 7427 23800 558
1 5772 25933 869
1 18354 30165 420
1 6372 17251 434
1 4583 25644 612
1 10019 21129 615
1 3886 28428 351
3 15615 15710
1 20858 21121 651
1 1486 20122 952
3 6684 14812
1 14856 26402 138
1 4194 31040 223
1 15389 32681 627
1 5485 6752 725
1 12751 25694 214
1 1682 15583 309
3 24356 28785
1 8131 21526 858
1 7294 9503 175
1 21754 31708 498
1 6577 23912 419
1 28952 31740 627
1 5308 27407 373
3 19790 22021
3 4783 27089
1 22047 23112 545
1 2867 21486 372
1 3440 25680 822
1 1408 20671 480
1 14538 14882 611
3 17332 29738
1 3794 30759 916
1 10427 31170 156
1 1428 4299 495
1 11115 11439 633
1 8510 31244 16
3 6432 31329
1 11469 19615 382
1 10278 17379 740
1 9799 11095 575
3 15077 28146
1 19615 27037 667
1 9369 21010 494
3 3621 28038
3 4588 6982
1 18350 28314 213
1 23695 29604 2
3 8075 13729
1 15046 16519 131
1 9310 29373 799
1 5216 31267 665
1 902 28086 244
1 18980 27731 430
1 7425 11407 999
1 8246 28689 990
1 10739 14476 261
1 5665 21833 647
1 3146 24578 494
3 7259 15442
1 6768 27755 658
1 3071 20588 634
3 9237 26370
1 28519 29037 325
1 14130 26922 37
1 21608 26433 987
1 9393 22161 840
1 918 20565 329
1 15555 29651 437
1 4883 18126 49
1 16989 28846 188
1 2236 31664 919
1 5676 30018 816
1 8049 26771 911
1 9495 23179 247
1 7693 20395 513
1 12558 26774 702
1 20670 31090 292
3 12060 24427
3 2622 22237
1 19160 22243 115
3 20274 29242
3 6587 12595
1 19688 29133 232
1 19221 23696 637
1 19613 19971 755
3 17463 22115
1 15219 15716 720
1 5006 26273 688
3 18327 31988
1 3365 5835 805
1 176 17472 613
1 24889 31187 213
1 12235 30259 520
1 2416 19212 670
1 29040 31231 46
1 28982 32123 681
1 3592 13623 656
3 3773 13368
1 8489 22941 231
1 6016 27239 883
1 18444 22695 544
1 7703 11272 867
3 17345 17764
1 3371 23429 244
1 6065 13060 972
1 17107 29143 814
1 4850 15424 140
3 6541 9701
1 10462 14927 233
3 18728 22517
1 19025 30706 244
3 20419 23567
3 10450 29146
3 1245 14868
1 4060 31451 236
3 26707 28257
3 25247 27243
1 5230 29103 638
1 8154 28743 201
1 4141 18306 502
3 23329 28054
1 6436 16758 151
1 15641 21357 516
3 4252 17708
3 16425 17351
1 239 10091 169
1 24272 27842 305
1 4664 20669 476
1 7303 31717 691
1 13646 13761 740
1 14486 20305 457
1 6790 16797 739
3 1773 20962
3 15330 27100
1 1006 8765 486
1 19818 23770 837
1 7009 26653 128
3 5066 8203
1 5281 31888 778
1 8478 13159 102
1 12759 32156 565
1 763 21849 525
3 2560 24323
1 12612 32763 149
1 12132 25772 214
3 8712 12398
3 10660 29894
1 17001 27271 31
3 9599 14639
1 16448 18573 254
1 17347 18202 741
1 1439 2065 29
1 2100 8031 510
1 5390 10549 361
3 21055 24452
1 7341 26300 978
1 10468 14458 189
1 11164 24859 647
1 9842 21619 827
1 16392 29092 442
1 2765 3856 89
1 18728 25195 238
1 11495 16123 861
1 20319 25781 24
1 3040 11908 686
1 2540 19010 355
1 12675 14378 465
1 1420 3496 44
3 3255 19240
1 2206 13690 570
1 2614 19428 542
1 18295 28868 111
1 12522 14723 451
1 2990 7852 472
1 3320 24699 378
1 13195 13573 357
1 5021 25444 696
1 22965 24441 131
1 5373 11688 250
1 15307 29680 514
1 13793 17600 500
1 1617 25001 1000
1 337 24995 52
1 8800 32387 132
1 6516 19166 452
1 3267 10978 420
1 3472 27031 147
1 5510 27940 735
1 7958 20355 468
1 4602 31386 492
1 18754 23106 549
1 21737 23121 233
1 9717 22921 738
1 13795 22730 164
1 9806 16772 168
1 1005 28746 238
1 7026 27924 970
1 13931 21229 339
1 16290 16307 592
1 30465 31687 403
1 5736 20558 107
1 25667 26421 420
1 17260 32104 194
3 11781 20877
1 26951 32219 594
1 10656 19123 554
1 26326 32140 265
1 2859 20182 609
1 1358 5142 572
1 1354 29552 755
3 12592 17651
1 4672 13914 902
1 6264 23903 674
1 11572 15619 341
1 16778 24860 949
3 10450 19750
3 2048 15714
3 11719 31810
1 18877 27232 707
3 188 19641
1 21531 25776 456
1 2651 17781 816
1 3037 14108 289
1 5669 9707 135
1 6114 27556 65
1 8899 18955 18
1 12172 28322 669
1 25527 26729 725
1 4768 28034 515
1 15174 18383 211
1 1248 32302 369
1 179 3073 704
1 4565 24127 747
1 12455 30804 984
1 10535 14759 937
1 4087 8171 613
1 5299 30622 655
1 2918 14577 181
1 2057 19997 420
1 1900 24533 185
3 7012 18924
1 90 7722 172
1 18165 23720 909
1 21325 26757 392
1 5277 20374 552
3 7355 20166
1 4725 14618 187
1 4948 28809 368
1 6555 25434 706
1 3278 15160 950
1 3537 11181 525
1 12143 21553 866
3 2550 5794
3 12730 27488
1 3066 3991 594
3 17272 30887
1 6144 18045 620
1 14552 15016 757
1 6759 11931 218
1 7068 13256 410
1 16 25407 311
3 10667 12733
1 4104 27978 354
1 5222 20554 595
1 2006 3076 812
3 12118 18942
1 15079 30448 177
1 3621 32483 685
3 21920 25825
3 20888 27323
1 17923 19003 413
3 5166 16009
3 12256 24255
1 9526 13781 105
1 17705 22455 988
1 7143 29788 248
1 15195 23918 456
1 7231 24000 325
3 5731 14084
1 19766 21420 572
1 26437 31037 560
1 25996 30284 759
1 28199 28814 617
1 885 12630 5
3 4436 26815
3 11367 31157
1 3932 13806 555
1 8640 25932 605
1 21802 27758 124
1 3678 18891 195
1 5004 30881 668
1 11715 22431 663
1 2312 22619 947
3 2225 6684
3 17108 21238
1 6716 23950 241
1 6977 15255 514
1 23359 29517 442
1 6176 23998 180
3 16990 17908
1 13548 30328 405
1 18521 18560 543
1 4668 5588 286
1 16499 20345 395
1 5281 16237 669
1 19582 21392 734
1 4493 25252 385
3 22925 31251
1 13646 18593 42
1 14831 24451 99
1 9711 20006 46
3 17508 22938
3 11599 30714
1 21790 30988 100
1 4317 29103 724
1 2606 16320 997
1 2485 7644 600
1 29151 32700 92
3 643 3819
1 4570 14426 887
1 4789 31796 228
1 328 7648 598
3 15046 18650
1 16455 18146 903
1 21171 24895 457
1 10338 23962 999
1 17537 19542 297
3 19029 23992
1 23985 25896 153
1 2733 12254 628
3 8266 13547
1 7474 9420 415
1 6292 15607 627
3 2476 26697
1 12542 22114 249
1 11420 15334 814
1 15491 23431 409
1 26671 28897 738
1 2451 8401 769
1 13195 30273 519
1 8248 22661 184
1 14397 25173 760
3 23326 26915
1 722 24131 165
1 25361 27940 704
3 7812 18938
1 551 15835 174
1 1426 8686 109
3 7382 10601
1 9337 29113 565
1 18148 22041 201
1 17323 25517 307
3 22541 29707
1 14748 25463 757
1 1319 3258 797
1 14989 30388 405
1 5423 20706 904
3 15265 31420
1 10146 18098 31
1 3443 15650 200
1 4258 4872 711
3 14449 17819
3 1151 3935
1 28437 30871 945
1 1572 15650 733
3 14127 16909
1 10678 29270 495
1 7917 29595 186
1 13710 20693 314
1 17936 28415 866
3 6132 19672
1 25372 32253 286
1 13942 28515 537
3 13434 28112
1 23871 31150 744
1 18781 19511 266
1 4899 13183 793
3 26886 28470
3 8715 18095
1 11819 30744 724
3 8357 31899
1 25256 29369 210
1 8760 14752 216
1 17961 31272 773
1 14280 16197 541
1 15418 16549 210
1 17076 22529 460
1 20347 31045 68
1 13036 22035 899
1 12754 24463 464
3 1775 5733
1 12558 29217 543
1 12421 16567 78
1 6604 14156 208
3 6656 16191
1 8558 15275 441
1 13135 13210 414
1 23009 27985 807
1 7043 13344 960
1 11078 29956 315
1 5392 26719 36
1 4170 26781 423
3 12241 22303
1 5030 32478 59
1 11918 15301 814
1 22982 23942 912
1 9866 22550 785
1 25900 32076 218
1 6437 19841 727
1 4154 7852 819
1 19314 25373 868
1 4586 12259 385
3 18719 24381
1 6648 26079 659
1 5558 7256 726
1 9187 9560 203
1 15047 32597 682
1 14703 22390 342
1 944 22948 539
1 26671 32286 38
1 12532 19447 482
1 24779 26199 512
1 589 22400 590
1 2535 28776 875
1 2283 22198 890
1 1661 17526 5
1 21799 31386 436
1 12604 29229 207
1 20745 31546 792
1 10834 24046 436
3 22591 27318
3 10050 26652
1 25462 32687 171
1 752 6837 310
3 2005 26208
3 8228 15703
1 23514 29473 645
3 2712 31312
3 17736 31267
1 3624 19766 656
1 13332 15340 617
3 14154 15121
1 10087 24733 109
1 13883 32271 264
3 4137 24726
1 10961 30050 792
1 12937 27263 195
1 6240 19536 291
1 20742 28981 114
1 26308 31416 807
1 9543 32479 632
3 17353 19088
1 26255 29760 416
1 8565 20824 545
1 6448 16836 272
3 10979 31244
1 13910 32041 583
1 19941 19975 560
1 2162 3726 310
1 21266 23730 236
3 8142 31814
1 3592 18257 472
3 22024 25833
1 1867 21810 921
1 17550 23065 512
1 18405 27002 748
1 7928 28279 878
1 13404 15014 875
1 1798 29481 247
1 9462 10795 253
3 27652 31131
3 11705 17452
3 13628 27231
1 6850 17758 737
1 11112 16782 788
1 6988 16752 320
3 15394 22919
3 14008 24529
3 30746 32337
3 6289 16362
1 1477 14294 485
1 24577 27613 262
3 8685 14771
1 846 3734 552
1 6270 22557 396
3 5829 29608
1 14421 28686 792
1 6136 23804 805
1 22116 29911 720
1 549 26038 582
1 4092 27441 56
1 20768 31263 306
1 8969 20538 420
1 9512 21355 809
3 27 27904
1 643 21304 727
1 3853 19188 707
1 2389 20379 483
1 20588 27620 968
1 13252 24661 302
1 2549 21334 982
1 9253 18464 861
3 7887 29646
1 7428 26807 227
3 1198 3068
1 7913 25528 397
1 11836 16635 673
3 14637 21230
1 4640 18338 621
1 19869 26833 888
1 7611 26209 387
1 24338 30465 641
3 3009 5102
1 719 9395 34
1 10901 16706 420
1 25139 28656 28
1 85 23489 535
1 3214 30040 36
1 8570 29492 555
1 6944 16664 945
1 4577 30340 57
1 6235 30110 48
3 12011 22544
1 12266 23833 411
1 1532 3190 602
1 4344 5789 666
1 1854 15101 352
1 9044 15118 780
1 9614 32475 428
1 5815 27163 124
3 3947 5638
1 3778 31846 911
1 9263 18339 403
1 28839 31240 1
3 17157 24933
1 16879 23392 421
1 15138 24899 455
1 14160 15482 815
3 29757 31144
1 8321 25487 350
1 8220 8334 686
1 25079 28641 330
3 3644 32617
1 10400 20473 922
1 29020 29799 79
1 14967 18146 101
1 2181 13039 490
1 7981 18900 724
1 6386 25992 309
1 16751 25264 876
1 10040 29814 12
3 5336 23233
1 9230 22440 97
3 3182 18431
1 4581 28247 230
3 17867 24046
1 21641 23791 219
3 22718 23677
3 8261 19721
1 13764 24234 175
1 14453 22640 362
3 9502 30171
1 7212 25726 867
3 17147 23707
1 13753 26930 942
3 4938 22457
1 11817 31124 968
1 8829 19722 305
1 2713 21925 12
1 6207 13614 239
1 19537 20284 740
1 19527 30195 181
1 3269 29485 942
1 18475 28441 819
1 29941 30875 890
1 3174 22228 705
3 19787 28695
3 3326 10900
1 15160 15615 506
1 24178 28325 634
3 5675 10766
1 11770 13665 85
1 32668 32670 356
1 860 19145 403
1 9987 25003 348
1 13990 19780 92
1 29985 32434 250
1 2323 24579 917
3 13909 27675
1 7482 16941 884
1 11604 24704 188
1 15160 29590 103
1 20297 27014 518
1 1050 27258 896
1 11729 15481 345
1 2880 7950 57
3 12437 26316
3 9745 25723
1 244 16273 858
1 27 31262 877
3 27260 32618
1 9370 24035 22
1 4282 21271 918
1 24227 30682 992
1 18543 20731 255
1 14758 20838 231
1 1354 22775 362
3 5629 15530
1 4919 16517 413
1 11493 25770 265
1 9561 29327 447
1 7464 30949 353
1 17999 28837 81
1 14827 17803 516
1 10438 30021 31
3 13800 28183
1 23921 30330 675
3 137 14375
1 9056 30848 166
1 5981 23282 855
1 1921 7159 992
1 4084 14445 888
3 1830 23991
1 6756 23634 788
3 15568 31629
1 4543 22044 420
1 1334 3009 584
1 4935 24982 639
1 17738 19104 365
3 13697 15403
3 932 31740
3 199 15451
1 2067 31611 877
1 11250 23134 244
3 12744 23015
1 2977 8099 738
1 17716 21784 999
1 4762 31392 973
3 15984 23671
1 15367 19774 82
1 2719 31647 18
1 16050 26530 954
3 26991 30540
3 2513 31645
1 15733 31580 526
1 20687 21080 191
1 8257 9495 427
1 4342 8673 901
3 182 18863
1 4658 17964 209
3 332 11275
1 5226 6223 142
1 26534 28311 941
1 4662 27233 154
1 7064 31649 996
1 12727 17341 90
1 1517 17696 477
1 2472 8874 547
1 26839 26845 369
1 9820 21638 121
1 24784 26764 533
1 7729 19553 522
1 1256 25737 88
3 14566 18080
1 5426 23105 423
1 17324 24125 375
1 22409 27928 892
1 7486 7770 261
1 28204 32025 158
1 5464 16694 525
3 2364 4363
3 2603 10110
1 4711 22038 742
1 3383 18781 71
1 30356 31478 832
1 8368 24015 407
3 19781 25887
1 5540 14430 652
1 16300 18180 720
1 2276 4999 126
1 10194 26466 476
1 17682 30386 953
3 4752 22798
1 17776 27162 654
1 1168 29646 239
1 26304 32663 881
1 22504 24396 88
1 16995 25532 921
1 11109 26942 580
1 10116 22943 774
1 1980 31515 461
3 15054 18541
3 3707 28160
1 3562 26719 294
1 802 21527 27
1 14039 23592 668
1 11603 23818 629
1 4251 32417 126
1 8800 22672 431
3 5607 8193
1 13332 21759 910
1 13032 20458 775
1 29009 32120 272
1 195 28495 623
1 6698 29407 742
1 6937 12621 761
1 12265 14826 949
1 11781 19460 796
3 3404 18709
1 5947 8597 279
1 2024 3212 148
1 5851 22749 714
1 5455 12026 549
1 5490 26116 212
1 7822 10776 177
1 20145 31396 177
1 2936 5899 181
1 10699 10734 592
1 3463 27115 602
1 1187 9340 341
3 8921 9663
3 17964 29083
3 20541 20677
1 3457 3768 529
1 11278 30221 301
1 3727 29841 487
1 235 4075 631
1 17301 20748 335
1 27279 28475 599
1 28313 28811 892
1 8870 25972 329
3 19902 22414
1 7030 26627 568
3 16582 22735
1 14935 22580 618
1 3330 25689 346
3 2452 6877
1 15334 15848 661
1 10118 16357 639
1 3075 24441 30
1 13228 29410 507
1 5914 13300 907
1 2822 24437 816
1 1479 24158 723
1 7831 20166 552
1 13556 30278 746
1 23018 31700 849
1 26003 30476 681
3 6539 27629
1 79 16213 537
1 5945 26664 681
3 743 29871
1 27675 29288 880
3 12708 31803
1 24858 27104 493
1 10104 28111 790
1 1065 26428 637
3 7581 9125
1 31226 31384 684
1 6539 17982 478
1 11401 25415 204
1 18861 22118 530
3 10719 22876
1 144 16955 215
1 5929 28184 770
1 12862 13528 819
1 1341 17383 168
1 10060 13534 978
1 5100 7157 115
1 2052 29075 953
1 7423 19782 922
1 11578 16109 144
3 10911 30005
3 18941 27793
1 18629 32508 621
1 12871 23545 916
1 25424 28838 398
1 5050 14223 988
3 18675 29849
1 10154 32435 159
3 4010 21759
1 15061 17527 258
1 9919 30200 625
1 9466 17834 738
1 3746 6696 216
3 3601 5451
1 2107 20304 595
1 354 16404 5
1 2603 16513 366
1 8743 9632 151
1 8547 32218 780
3 8410 13431
1 1148 19980 929
3 15768 18904
1 13764 16632 914
1 11134 12283 613
1 1850 18663 20
1 3938 19619 645
3 3300 30652
1 6046 32736 686
1 20941 29654 118
1 13180 19271 405
3 6751 18727
1 12702 27629 389
1 25785 31449 147
1 5954 14785 754
1 19895 23194 855
1 1690 15022 43
1 17634 31780 512
1 9674 20905 854
1 1560 12317 644
1 3032 18779 307
1 9446 30614 423
1 8973 10434 527
1 4340 26264 544
1 12472 17009 997
1 1937 31136 514
1 15225 17725 384
1 8251 12308 939
1 10494 30091 699
1 5557 18990 632
1 16187 25356 778
1 9524 20684 783
1 13794 28239 862
1 27363 32750 171
1 5310 24928 44
1 3680 16698 156
1 14478 16881 198
1 13947 16189 772
1 2225 21161 224
3 383 21534
1 15480 16288 8
1 15257 18978 995
1 3224 9005 680
1 25586 27540 650
1 2747 6250 34
1 6853 21046 596
1 14368 25161 25
1 4318 32078 342
3 11131 31425
1 22471 23131 703
1 17746 20654 944
1 11069 27635 391
1 8687 17059 238
1 6260 18324 360
3 2665 15821
1 282 16573 997
1 17852 23510 489
3 8347 9512
3 14151 20618
1 4480 11885 140
1 23977 31562 304
1 16586 22677 955
3 9378 28828
1 10862 12321 325
1 2898 8101 582
1 420 28695 126
1 13060 15630 961
1 18095 26334 233
1 21693 22682 468
3 22033 28373
1 3486 27377 408
3 16374 30252
1 12166 15603 36
1 25266 27583 448
3 27251 28421
1 8054 19206 547
3 26773 28411
1 27394 28887 526
1 12003 26840 891
1 9757 12583 968
3 15060 32678
1 13186 18387 722
1 17202 21146 8
1 635 776 658
3 2385 17552
1 923 18007 946
1 18769 27542 838
1 4572 7161 947
1 13917 29136 767
1 9685 30519 159
1 4673 13810 417
1 2050 27255 648
1 10712 22511 153
1 13327 21122 299
3 2254 30206
1 4878 27847 528
1 5145 13431 438
1 6960 31122 557
1 8045 17894 733
1 19630 22066 461
1 28020 29093 885
1 11831 21341 493
1 7125 23630 852
1 12212 21249 595
1 20635 25099 139
1 14049 32440 596
1 10910 22835 655
1 12847 22489 47
1 7486 18828 523
1 7490 13830 679
3 22677 30492
3 2924 21919
1 10039 10597 454
3 14188 22824
1 15947 21692 208
1 28236 28624 35
1 12331 13837 930
1 28990 31818 816
3 7127 23084
1 5283 24130 975
1 7120 19655 654
3 5658 27916
1 22802 23317 303
1 7087 18595 1
1 25257 25907 510
1 7692 10054 499
1 13559 16097 372
1 1958 31944 760
1 14331 21666 55
1 3268 7664 554
1 12617 19002 685
1 26699 28992 809
1 10550 13446 860
1 11704 27638 749
1 8036 25583 194
1 7406 27975 60
3 210 19799
3 22342 31221
1 5936 29458 475
1 1634 25205 899
1 3036 22782 992
3 8203 27422
1 17100 25563 389
1 14703 21887 44
1 1325 23568 787
1 10750 23310 908
1 3531 16696 666
3 4155 26520
1 10742 19353 218
3 14000 23640
3 1804 2473
1 18372 26609 285
1 1826 16936 347
1 11534 14052 924
1 25633 28205 951
1 5213 7895 146
1 5028 9597 155
1 23406 27588 486
1 10560 29280 912
1 5491 10818 323
1 8681 21339 322
3 5739 17206
3 6693 21669
1 18948 22411 569
1 398 32440 484
1 2995 16442 770
1 17282 29475 671
1 22016 29749 194
1 5365 28362 258
1 13073 26091 888
3 26581 30494
1 12964 20121 27
3 22767 23201
3 25006 27242
3 17850 22168
1 12511 20364 699
1 6243 26602 790
1 4354 17576 984
1 24733 31276 649
1 807 12757 374
1 9467 23519 964
1 6003 14471 530
3 29622 31855
1 5187 23470 529
1 19357 24862 762
1 23334 26046 888
1 8703 21322 31
1 3679 11294 667
1 12781 31101 155
1 25782 31408 352
1 28148 30164 518
1 19478 26865 690
1 15639 21038 892
3 7820 20461
1 29727 30159 234
1 18835 29721 778
1 2041 16110 933
1 17933 18560 989
1 9457 29959 327
1 22287 27859 556
1 25466 32615 808
1 9100 20940 874
3 3081 32495
1 7008 22324 130
1 11388 21202 974
3 7775 24697
1 6381 19353 156
1 9466 16158 637
1 844 28031 996
1 4388 25728 70
1 12942 16687 270
3 20138 21735
1 1347 8118 504
1 22181 32374 287
3 7570 17768
1 464 12449 746
1 3823 29246 435
1 6241 26093 230
3 6357 20538
1 3343 27708 941
1 8709 30151 335
3 4726 20927
3 879 8365
3 11862 22426
1 14264 18518 379
1 4639 17003 848
1 20174 32722 651
3 16537 23138
3 22472 30904
1 8573 11246 434
1 8497 26152 25
1 27571 27779 157
1 3406 12560 306
3 13796 15616
1 18756 26258 48
1 19221 19831 510
1 12360 22263 393
1 16269 32293 328
1 11859 16269 548
1 403 25353 328
1 6390 27311 609
1 9644 15755 725
1 9194 20295 25
1 4256 25346 749
1 13104 27060 59
1 7732 12544 465
1 3251 5405 427
3 16455 26939
1 925 26089 842
1 5213 21838 826
1 15780 25361 72
3 1644 1749
3 17281 22279
1 20022 20304 720
1 11823 22189 469
1 13803 14436 338
1 21007 25296 935
1 27408 32577 278
3 19244 24366
1 26505 32428 853
1 30364 31006 152
3 5141 30278
1 8277 22927 391
1 6086 18239 868
1 18610 32174 742
3 18434 19523
1 15678 21737 219
3 6562 32346
1 7845 32352 950
1 17468 22130 112
1 21213 22601 697
3 13361 25221
1 13744 16758 621
1 16064 28986 903
1 11952 27836 633
3 12519 19141
1 546 12947 869
1 4237 29576 874
1 16980 31005 533
1 497 7442 860
1 8344 28273 149
1 6105 10335 628
1 8106 31246 359
1 30301 31294 895
1 4628 18110 626
3 1658 15664
1 12558 16210 365
1 15334 17130 966
1 15610 19953 651
3 6355 8753
1 22363 29933 725
3 933 16517
1 22159 25931 925
1 1620 31829 507
1 11039 32195 503
1 4181 27380 819
1 7528 12701 395
1 4581 9937 399
3 4630 26877
1 11300 19773 744
1 5146 22684 147
1 16143 30153 78
1 3980 8415 133
1 29124 31009 496
1 16335 22069 10
1 31673 32016 344
3 4690 31134
1 5231 18712 482
3 19203 32139
1 6348 27063 493
1 23510 29628 589
3 11727 14524
1 1716 15116 424
1 24371 30321 353
1 11268 25011 955
3 14173 24394
1 17939 27821 265
1 1092 32508 753
1 20366 22007 785
1 27706 29008 943
1 7860 10473 823
1 7641 19452 72
3 18855 29028
1 6440 17865 488
1 258 13359 44
1 30951 32195 519
1 13554 20487 367
1 14571 26819 81
1 3141 14183 307
1 12255 26656 994
1 5177 12788 557
1 16247 20640 930
1 9421 16514 327
1 12406 20853 915
3 4201 8313
1 14956 30179 960
1 12 12806 647
1 20324 28111 894
1 10016 24378 661
1 11443 24525 454
3 14131 20970
3 3830 22398
1 9360 27253 944
1 21754 22828 161
1 12653 23010 88
3 27158 29435
1 22082 32024 286
1 11360 26246 720
3 12680 14253
3 1505 20118
1 18161 25632 594
1 2349 5665 363
1 26812 31308 1000
1 8535 22468 399
1 32057 32563 633
1 16980 31027 519
1 14422 15196 56
3 13705 19964
3 608 3583
1 21483 27850 980
3 4659 30298
3 28836 30526
1 3637 6870 177
1 26060 31059 755
1 6016 19214 582
1 13069 14026 682
3 8807 19756
1 7979 21746 14
1 24946 28412 129
1 25752 27091 605
1 22381 23209 519
1 2306 4420 926
3 189 22876
1 4379 31310 875
1 23079 26899 692
3 18574 21428
1 4731 19993 635
1 16193 28892 312
1 19912 20226 820
3 10815 22607
3 6892 11175
1 9898 11185 833
1 8071 27853 137
1 13880 31324 982
3 10357 26332
1 3263 27072 15
1 5184 26699 122
1 12472 15131 815
1 26395 31264 636
1 23781 29740 579
1 15692 29207 522
1 22160 23876 259
3 8675 12055
1 22427 28992 85
1 5957 8062 130
1 6270 17094 287
1 2467 5315 342
1 11728 25346 423
1 22913 31621 398
1 1853 25293 893
3 8059 12340
1 8720 18289 522
1 19527 26676 204
3 16297 20116
1 14334 21279 72
1 9266 17733 140
3 4590 18951
1 7508 30557 857
1 28100 31254 767
1 30840 31293 672
1 10823 25230 772
1 9941 19609 438
3 12510 12875
3 3699 11862
1 11485 15901 706
1 14252 17631 540
1 10956 22104 854
1 18831 20403 860
1 2875 21717 527
1 2626 20150 975
1 14811 25321 816
1 14584 25909 560
1 6214 17846 720
1 532 25733 794
1 9732 16681 546
1 20190 30544 495
1 7320 26347 100
1 6146 10770 370
1 26441 27035 673
1 17310 18446 574
3 12086 15287
1 6790 11767 55
1 7964 24904 290
1 971 32661 511
1 9014 18170 312
1 20188 27682 891
1 7413 30048 169
1 16063 23258 317
1 9272 24263 111
1 4335 12823 569
1 19296 29713 937
1 3354 7837 857
3 25094 26881
1 3752 8652 652
1 2079 13926 69
1 15709 18727 115
1 1206 7334 912
1 3677 29247 372
1 676 30771 644
1 21422 24520 287
1 23 30201 946
1 15822 24439 606
1 1334 6109 952
1 785 17826 650
1 4414 23210 121
3 6749 13701
1 6641 30960 102
1 16541 29510 467
3 15357 15633
1 8914 32430 582
3 5748 19162
1 23289 27446 509
1 23071 26244 501
1 4458 29211 655
1 2674 13414 118
1 4472 23464 819
1 11413 26438 528
1 3294 7326 925
1 26767 28745 344
1 5427 17657 522
1 17842 21466 440
1 2834 22474 911
1 6082 13197 164
1 14425 22521 58
1 14506 27495 269
1 2189 5850 767
1 22700 30894 625
1 1846 7387 629
3 10696 25986
1 7982 22934 403
1 10078 18481 779
1 9654 25017 764
3 18054 30136
1 8581 18715 47
1 3710 16448 373
1 23679 30167 54
1 3060 11998 803
1 3941 7258 455
1 9540 9542 205
1 14024 21738 665
1 3936 4646 242
1 8451 25432 982
1 10624 25281 343
1 5794 32159 548
1 15265 25452 603
1 2073 27944 109
1 14462 31893 779
3 1968 17378
1 18106 30281 204
1 16758 20615 514
1 2118 18734 688
1 11298 23436 704
1 12632 26738 349
1 9941 31623 894
1 4916 10831 554
1 16485 23579 45
3 16130 31184
1 5925 10811 534
1 1480 32726 384
1 2649 19806 718
1 18615 19659 603
1 6978 13870 180
3 6090 8888
3 526 16481
3 7072 22621
1 17584 32398 786
1 2874 21937 152
1 5038 32530 266
1 87 24993 304
1 21443 27242 848
1 9360 27993 894
1 9025 9090 267
1 18287 18822 889
3 1491 21666
1 14966 17966 416
3 4066 24134
1 8374 23724 37
3 7063 11502
1 12320 23399 499
1 442 31942 844
1 8640 20000 273
1 3099 28359 237
1 26723 27374 980
3 11385 32068
3 12349 24623
1 12945 24347 320
3 1998 6604
1 8616 29797 402
1 5445 7707 564
1 894 2726 434
1 7602 25897 389
1 467 21842 219
1 12609 14282 863
1 17467 26024 625
1 8880 23024 690
1 16209 20569 666
1 2283 16724 366
3 1524 24393
1 17756 20068 12
1 5042 22470 128
1 18318 21515 194
1 8475 16301 234
1 20349 22883 526
1 16980 26964 287
1 3379 12255 351
1 7339 13370 819
1 1154 9090 198
1 3260 4707 191
1 8724 29906 948
3 8540 19571
1 6758 11208 839
1 29873 32335 326
1 13 30792 462
1 7305 24040 194
1 10849 21399 359
1 17870 22846 635
1 6824 25916 110
1 7769 10376 454
1 3386 30444 221
3 4871 17324
3 14967 24495
1 4305 15519 370
1 9290 30586 352
1 9128 10496 376
1 7149 10813 115
1 12002 31458 602
1 4765 11421 812
1 1610 15525 453
1 21877 23114 788
1 17439 22578 300
1 7651 9751 478
1 10240 11017 524
1 11210 25309 352
3 7984 20733
1 18629 29265 952
3 8270 31727
1 5305 32155 18
1 2788 18499 777
1 26830 26992 468
3 6946 9361
1 10986 17192 186
1 8237 26093 542
1 7159 19702 709
1 4885 15077 507
1 17611 25475 799
1 18759 30667 4
3 14912 23873
1 4222 23315 417
3 19047 31872
1 13036 25516 613
1 31394 32261 318
1 17425 18622 365
1 18285 21701 629
3 353 16128
1 10324 27494 439
1 14169 32482 272
1 2358 6375 760
1 4296 19172 904
3 19463 28419
1 3637 27919 256
3 311 24025
1 5081 16947 450
3 13823 18177
1 11706 15244 166
1 5083 6814 25
3 4725 7810
1 7438 31481 335
1 30533 31325 381
3 7340 9778
1 8955 17177 254
1 7081 18054 39
3 3187 25007
1 17212 26644 462
1 11830 19454 656
1 16687 22433 735
3 2569 10192
3 17284 28806
1 5163 16035 448
1 530 17758 892
3 11626 22040
1 7731 12579 260
1 19423 23288 391
1 13900 15736 564
1 3899 8151 607
1 3510 20985 575
1 13680 15115 334
1 4754 20780 890
1 17697 22275 340
1 14669 14820 607
1 22992 31594 771
1 15646 24001 234
1 626 21903 450
1 947 21637 229
3 3202 29777
1 1398 20411 151
1 7515 17566 295
1 7670 17785 491
1 6450 21998 92
1 12764 13153 300
3 9521 30660
1 19406 31591 325
1 37 19014 857
1 11984 12148 715
1 13498 27248 363
1 11840 21048 842
1 12544 32170 786
1 2386 6601 942
1 9481 15413 811
1 10906 10934 376
1 1600 18005 546
1 14510 18017 427
1 3112 5773 419
3 15000 17810
1 15745 22735 274
1 20557 30897 319
1 26273 32129 604
1 5342 29133 240
1 19036 27718 156
1 605 11481 714
3 6910 31581
3 11647 29183
3 5439 25730
1 4263 31559 416
1 166 1081 788
1 25505 28378 965
1 6258 20265 846
1 14746 28159 88
3 21112 30103
1 1010 5846 363
1 15481 25070 685
3 7397 12383
1 16588 21646 492
3 6633 15837
1 16875 29045 813
1 9569 11213 794
1 3616 22197 396
1 16400 19955 486
1 16807 22817 354
1 28161 28522 116
1 6525 15428 576
1 7204 10725 273
1 35 19228 940
1 18004 19109 979
1 21659 25629 998
1 3394 32649 351
1 7796 30759 301
1 15467 29729 276
1 16922 26933 435
1 974 6897 654
3 6211 26096
1 5164 24483 745
1 13370 23338 307
1 7704 15758 876
1 6187 10269 408
1 7612 25775 876
1 12513 32245 982
1 22244 24263 469
1 16123 28840 617
1 1408 16197 69
1 12670 31519 132
1 20478 28662 442
1 6037 31860 85
1 9244 29485 980
1 12072 30813 446
1 2998 3576 782
1 20509 23276 998
1 1392 20086 986
3 14707 14957
1 21967 24219 163
1 15033 27818 414
1 3160 22834 650
3 5190 21701
1 13852 31219 904
1 1139 22478 987
1 23298 28323 238
1 10711 23224 686
1 6994 20781 780
1 11263 32676 835
1 16816 16925 914
1 16840 26394 531
1 4902 19895 914
3 18236 23045
1 11805 24694 413
1 2004 3049 140
1 13066 30958 251
1 1249 15290 86
3 150 27975
3 18210 20441
1 13354 32431 243
3 15881 24332
1 6074 16746 418
1 4753 28640 238
1 18864 32706 946
1 8173 21653 865
1 1040 13334 213
1 15912 24030 789
1 28380 32389 963
1 30854 32388 350
1 1157 12886 770
1 22101 29276 793
1 22971 25895 436
1 1003 7244 754
1 19897 30119 157
1 19075 30061 896
1 15930 28313 29
1 26569 31871 279
1 14198 19934 732
1 29917 30180 493
1 4101 16270 289
3 9949 12829
1 1119 26213 385
1 2265 5485 830
1 17740 23091 362
1 4521 19543 994
1 14981 31742 140
1 798 25635 174
1 5455 19068 30
1 6226 27663 899
1 1690 30256 444
1 305 9597 736
3 7025 10233
1 1239 29503 583
1 8099 11953 556
1 7145 23226 271
3 18455 23380
1 2294 22403 19
1 17725 26090 444
1 14672 20801 738
1 23143 25387 310
1 12566 21028 19
1 4736 12386 569
3 21957 26118
1 11006 20543 390
1 21101 25618 816
1 26743 26747 906
1 17349 21045 661
1 3107 31925 213
1 8221 13065 955
1 21323 25996 875
1 8275 10570 26
1 11590 23213 194
1 20419 28106 128
1 6734 6909 613
1 15603 21962 789
1 13664 18864 741
1 8036 17450 456
1 4080 22943 331
1 8924 21788 407
1 9200 16956 735
1 7721 32352 291
1 2204 20933 685
1 22905 32754 690
1 16001 18498 322
1 7083 28082 619
1 24411 28322 483
1 25059 28371 589
1 3761 19747 79
1 13497 16300 689
1 1359 9941 408
1 1434 2906 371
3 9042 20109
1 358 8168 317
3 5524 10438
1 1715 15975 848
3 8963 13101
1 9176 26057 853
1 9514 22800 522
1 1613 9495 489
1 7252 20346 515
1 10695 18871 589
1 722 20894 139
1 12057 17299 112
1 19436 29679 435
1 18331 20169 668
1 6157 29682 432
1 9600 28242 105
1 20861 30342 777
3 20107 25678
1 16699 29529 790
1 3677 19084 323
1 24069 28831 829
1 3339 24526 200
1 7611 25820 283
3 8398 11279
1 8061 18422 906
1 26418 31366 373
1 13986 27850 943
3 13661 27777
1 27762 32419 359
3 16350 18783
1 18807 27095 850
1 18388 29756 371
1 10963 23073 23
1 13046 17954 163
1 20125 29341 579
1 14722 25286 2
1 6780 19714 222
1 4001 7768 15
3 18143 20725
1 2551 18339 712
1 22368 23948 897
1 14412 28164 244
1 3003 5292 326
3 8567 28856
1 4805 24525 288
1 15481 25195 645
1 4653 26622 229
3 7120 26203
1 24791 28317 389
1 21615 23875 147
1 3307 3963 61
1 18852 30128 356
1 4661 4849 277
1 8136 13149 862
3 5408 15691
1 6958 10439 631
1 832 4616 249
1 1257 26945 510
1 22110 27090 586
1 9248 23209 213
1 8190 11227 296
1 5440 32398 817
1 11757 17231 69
1 18155 26884 222
1 19484 31597 133
1 15796 26594 962
1 17350 23395 425
1 586 24482 103
3 17441 30876
1 636 10230 453
1 4240 22267 459
1 19393 19877 515
1 29936 30760 59
1 2679 21939 720
1 24901 31431 387
1 2689 23696 337
3 17359 24341
1 1230 19865 384
1 5647 14795 660
3 6658 26588
1 14091 31349 475
3 11835 25677
1 27431 27889 294
1 14661 19935 278
1 23255 31844 17
1 6769 26818 374
3 8146 31964
1 2259 30155 944
3 12580 15954
1 13185 21327 637
3 18019 30254
1 736 1942 315
1 11595 26348 383
3 25032 32026
3 10093 15287
1 17872 24542 232
3 15206 28094
1 15973 28175 640
1 1842 32659 430
1 5288 25940 761
1 925 19104 368
1 11827 12313 159
1 18533 30973 821
1 5732 29222 356
1 13392 29478 655
1 2076 6331 143
3 17989 18415
1 15740 27217 534
3 18280 28804
1 4119 15343 144
1 22086 22362 152
3 17485 22039
1 4809 27556 555
1 11799 27844 923
1 4480 29720 677
3 16165 17387
1 6993 23507 555
1 4561 10087 102
3 10058 22333
1 19627 27111 128
1 8575 19345 814
3 21102 31960
1 701 14503 568
1 20016 24610 60
1 1105 24948 947
3 24961 29419
1 3574 30821 646
1 7317 15059 545
1 6926 18212 815
3 482 14430
1 4705 17575 71
3 16430 19054
1 19807 28980 565
1 14588 18659 611
3 28985 29858
1 1391 16245 193
3 19141 21058
1 5220 31466 878
1 16300 31870 659
1 820 30196 941
1 18439 22590 371
3 1797 25843
3 499 21258
1 23757 26671 892
1 20145 22239 33
3 265 31392
3 400 28172
3 5710 8795
1 19589 32266 854
1 14356 20761 542
1 9701 10944 1000
3 8547 15514
1 1168 13957 863
1 6209 18015 49
1 18644 22982 482
3 788 12073
1 8031 18652 21
3 17108 26015
1 11945 28609 765
1 9686 28819 661
1 10273 19212 384
1 9953 24317 574
1 1452 8284 566
3 21295 21727
1 5555 17330 268
1 194 22288 352
1 7617 9808 574
1 9141 9661 900
3 10343 19016
3 12400 24960
1 8576 15119 434
1 22493 30613 882
1 1111 31095 459
1 641 11805 51
3 10953 24565
1 20328 24045 70
1 6493 11771 995
3 9268 29363
1 26175 31510 157
1 15095 19004 348
1 3 18830 250
1 1742 27240 805
3 4952 22775
1 13205 30755 791
1 22544 29397 234
3 10476 17087
1 5226 28616 482
1 4453 12658 516
1 385 18846 641
1 960 21489 992
3 5597 21794
1 11859 25304 382
3 645 6657
3 3477 27042
1 23177 29205 623
1 25357 28514 273
1 19884 24163 458
1 25367 32311 799
1 12247 26828 198
3 5601 19713
1 3059 21928 243
1 20487 21465 172
1 1081 9311 326
1 12675 26508 263
1 21440 24152 405
1 10326 19653 155
1 3141 9334 116
3 1668 12893
1 176 23276 643
1 23358 24638 838
1 1289 21926 403
1 4593 7052 702
1 1522 10789 946
1 23268 31917 363
1 3093 17473 9
1 769 16163 16
3 9359 11507
1 6698 15242 887
1 2041 26979 930
3 7020 7278
1 6205 23308 643
3 14931 32369
1 15941 16546 934
3 4421 8488
1 3373 17894 171
3 5410 25593
1 14038 16597 370
1 3139 27762 101
1 18952 23450 840
3 9627 29728
1 1705 17444 205
1 3237 30382 276
3 16800 26983
1 10606 16155 796
1 8615 32503 336
1 14624 25623 461
3 12960 22279
1 15077 26573 508
3 5293 27009
1 8182 12240 111
1 7480 20340 638
1 20538 23126 649
1 1188 16959 912
1 15497 23951 607
1 4953 19484 600
1 12996 15791 741
3 8762 26969
1 3778 10097 954
1 15519 27057 16
3 9871 12759
1 10660 18454 293
1 15695 21172 723
1 18385 23801 568
3 30104 31681
1 5369 23796 275
1 17256 30760 604
1 23658 32548 921
1 1181 3088 870
1 9756 27563 446
1 4418 31231 779
1 9829 11162 953
1 4167 29591 694
1 3174 16713 541
1 17674 18849 219
1 8821 28408 873
1 11130 26349 851
1 24241 27953 848
1 4907 11328 356
1 30074 32602 434
1 28997 30049 302
1 23328 30974 530
1 5716 6733 399
3 4203 22601
3 9139 23230
1 14759 22240 148
1 24786 31002 344
3 11746 25661
1 9410 31549 52
1 392 13323 85
1 12798 14419 733
1 1455 8887 979
1 345 2561 725
1 12618 13150 96
1 15788 29228 653
1 22423 30332 797
1 27067 30596 870
1 14662 25935 510
1 1587 27272 119
1 17796 31700 508
1 19242 30471 587
1 7956 28329 707
1 14030 16497 288
1 9641 15540 797
1 31880 32177 170
1 3470 4730 534
1 13188 13736 62
1 6287 27705 830
1 10905 13891 975
1 527 25805 938
1 2247 7935 636
1 21821 31361 267
1 23658 23734 280
1 11509 18985 453
1 5117 7128 377
1 10670 29752 441
1 669 3822 386
1 4344 14396 444
3 12041 19093
1 7243 9365 665
1 24445 25846 173
3 2599 12880
1 52 297 689
3 8240 19289
1 13305 23631 940
1 31491 31600 622
1 9002 11674 39
1 32262 32562 284
1 6150 15831 177
1 15444 29505 516
1 8907 20343 652
3 22369 27429
1 1456 4154 405
1 1896 25163 603
1 863 8948 564
1 15299 15928 268
1 12662 23756 782
1 21836 23023 890
1 21435 22095 849
1 5377 9727 302
1 27447 30714 102
1 8047 24094 441
3 2723 24790
1 3038 30425 475
1 11661 29095 163
1 2866 15550 751
1 12477 25622 193
1 7540 29445 876
1 7468 27259 849
1 15697 28916 90
1 4059 16888 62
1 2716 18118 900
1 12150 25495 323
1 1226 10791 297
1 5490 29235 234
1 12987 21877 236
1 23507 25520 832
1 10970 26264 972
1 18283 28092 95
3 5832 8794
1 26528 31072 273
1 3016 12963 149
1 11852 14503 960
1 523 27185 26
1 15620 21934 661
3 4456 30328
1 29955 32643 4
1 7637 26775 127
3 7093 22984
1 2441 28156 304
1 17482 27313 84
1 6420 8469 582
3 4795 18838
1 587 20627 965
1 17306 25724 897
1 8653 27673 559
1 6956 28791 77
3 4767 29259
1 17359 30314 615
1 11543 23730 839
1 7063 21122 672
1 27071 30986 58
3 10519 25864
3 19731 21412
1 16172 26479 663
1 4972 10917 1
1 28665 29425 658
1 2146 15936 389
1 1554 17969 781
1 16760 23825 700
1 5733 5898 641
1 5015 22453 17
1 9777 31547 361
1 1395 11956 395
1 5005 6889 560
1 1317 26602 653
1 19938 29466 560
1 3175 21834 405
1 10299 24172 796
1 1403 31478 973
1 16573 26779 679
1 7369 26787 77
1 2874 24302 267
3 3778 30391
1 4558 13515 523
1 22446 29624 961
1 9517 19757 408
3 16235 30054
1 27208 31495 926
1 17305 21076 432
3 15471 27368
1 13051 19911 54
1 3212 14976 181
1 3848 30365 94
1 18700 23579 38
3 3431 11832
1 8010 19421 41
1 11144 29108 414
1 9390 19866 155
3 190 9725
1 19286 31706 712
1 9668 24608 488
1 13471 21999 249
1 15752 28661 342
1 12086 23216 35
1 6204 17432 1000
1 269 26008 1
1 5670 31578 964
3 12025 21589
1 11292 20406 486
1 10713 23785 741
1 28190 32405 26
3 5257 14730
1 4448 27473 74
1 27443 32207 346
1 13455 28028 311
1 18039 26244 168
3 2902 14131
1 882 6479 537
1 17142 31352 38
1 23807 31393 780
1 25308 27194 629
1 12879 29876 602
1 15358 17962 697
1 2148 14849 189
1 9324 16749 499
1 23895 29213 450
1 7884 16970 186
3 24176 24235
1 5045 7888 646
3 2217 22693
1 22862 32494 369
3 5102 28669
1 11834 13069 763
1 17093 30219 877
1 17914 18154 288
1 9475 12311 138
1 17924 24375 867
1 21651 24941 709
3 19180 23644
1 3880 18474 172
1 1692 21832 620
3 3453 21033
1 25502 29826 792
3 25055 32420
1 22785 24920 499
1 5731 32511 437
1 9433 18476 527
1 9143 17583 367
1 9451 21475 49
1 7220 16851 206
3 3247 31104
3 8265 10288
1 6853 31349 642
1 7333 31964 776
3 7914 17366
1 13786 14513 423
1 292 11077 254
1 26852 29804 462
1 30829 32450 973
1 6914 12721 363
1 8138 24427 197
1 14249 22164 211
3 21485 26755
1 18969 31678 616
1 7886 13861 780
1 5786 10899 419
1 11104 23971 535
1 9771 19622 921
1 27462 27862 877
1 4049 27812 358
3 11676 23087
1 13397 24766 431
1 9965 29660 5
1 14753 15202 248
1 11640 32588 542
1 1477 27412 93
1 1682 6020 555
1 7771 15026 865
1 4621 7992 536
1 7826 10081 125
1 28346 30068 665
1 1363 4446 332
3 7999 32713
1 9871 25303 22
1 1598 8596 649
1 5174 22606 104
1 9531 27910 797
3 6011 7468
1 917 11118 550
3 23010 31947
1 3894 9109 551
3 9640 19141
1 5090 5147 218
1 30918 30972 176
3 12200 28638
1 12792 24051 150
1 18055 32620 706
1 17576 27689 880
1 29393 29712 383
3 6742 27659
1 11091 11360 185
3 13669 21907
1 25169 27419 278
1 6189 30094 604
1 4001 19777 552
1 9383 15569 238
3 9236 9358
1 23445 28074 685
1 724 27958 142
1 7241 12681 385
1 2770 14535 259
3 23033 28456
3 2155 19998
1 3288 4275 94
3 6933 16438
1 2667 20872 864
1 2658 19405 617
1 12857 23352 761
1 7445 17317 486
1 2675 27718 615
1 777 31134 873
1 13224 21747 565
1 880 13298 82
1 2709 4935 455
1 17133 25312 516
1 6530 21690 185
1 5961 12283 542
1 3270 21675 405
1 4735 13849 470
1 8072 8866 601
1 14143 28629 601
1 4923 15827 367
1 13837 32111 12
3 18619 28417
1 6627 20068 893
1 26919 28777 489
3 2497 23247
1 18740 21323 811
1 4156 8827 390
3 11318 12331
1 6453 27774 389
1 1135 11592 49
1 10367 21739 466
1 6466 29420 471
3 12912 22310
3 6176 7613
1 6508 23030 843
3 1797 10567
1 2135 19290 226
1 12998 16929 7
1 10286 28578 272
1 5189 23243 701
1 17274 30689 861
1 22137 29464 374
3 1600 21017
1 15425 27389 240
1 8887 26015 212
1 18072 31645 492
1 9737 30353 115
1 7250 14388 270
1 19036 28246 902
1 3536 7611 751
1 18667 31161 505
1 4314 10973 662
1 5031 27498 854
1 27818 31469 176
1 11901 22964 778
1 17816 24886 442
1 18666 23530 549
3 786 2566
1 4436 29501 171
3 3787 17327
1 3251 15675 92
1 14718 30383 569
1 25043 30963 69
1 27121 27481 229
3 16777 23694
1 3228 26968 817
1 191 24617 723
1 1081 29045 296
1 9743 15469 29
1 12045 29226 730
1 5886 8341 346
1 10169 22253 609
1 8177 10769 350
1 22230 28534 193
1 29436 29785 534
1 4945 10849 602
1 12125 23669 813
3 11758 17579
3 6335 25277
1 23178 24595 184
1 26543 28694 73
3 2729 10997
1 3505 3590 32
1 13638 21846 613
1 28374 31469 962
3 6964 21843
1 31 2005 236
1 2155 4861 20
1 7216 25635 491
1 6318 9747 430
1 13521 26750 168
1 8656 9590 746
1 4054 19036 923
1 406 12643 250
1 5960 15155 922
1 6237 6461 261
1 3518 20262 580
1 22023 22932 622
1 10143 24253 319
1 5357 11325 426
1 29243 31444 426
1 7024 20924 78
1 9133 22445 164
1 357 22232 367
1 4433 29064 731
1 819 19582 184
1 14627 32311 653
3 22976 23254
1 20795 23923 510
3 10378 15814
3 3264 16148
3 15190 26089
1 21538 31581 793
1 5541 11199 583
1 21086 23253 869
3 2328 9315
1 5914 30168 403
1 452 4276 702
1 4279 26910 404
1 13255 19697 518
1 10838 23309 443
1 2612 8686 506
1 21649 26032 784
1 6786 17412 17
1 3867 4111 620
1 574 8975 434
1 2345 5321 111
1 27808 31702 45
1 6237 12839 357
3 25674 32078
1 9704 15985 597
1 12179 25654 232
1 398 10686 530
1 10509 16435 585
1 16336 20558 514
1 16272 18634 833
3 18046 20278
1 12 5039 348
3 5878 16238
1 13708 22163 763
1 5670 17506 763
1 1221 14481 554
1 10329 24741 589
1 8015 23168 693
1 4463 12062 745
1 16136 16254 545
1 12829 22288 369
1 8741 11019 10
1 16493 26787 311
1 13885 24829 406
1 12130 20540 845
3 9107 25909
1 5310 15230 194
1 15659 19743 881
1 4745 20962 725
1 3308 9903 294
1 13691 26582 687
1 14848 31604 645
1 12209 18980 83
1 25552 32599 245
1 18510 31529 572
1 10786 32767 162
1 3143 30983 910
1 21713 25620 906
1 5203 20152 795
1 7256 27064 441
1 21496 31740 359
1 2361 11803 293
1 10275 32198 973
1 1032 25718 450
3 10418 29618
1 10266 13110 995
1 19682 26647 137
1 8737 25629 172
1 5149 8302 344
3 9059 31168
1 1235 21122 228
1 13331 14580 599
1 28258 32107 420
1 14267 18722 890
1 20959 32480 764
1 9052 21540 948
1 2068 4692 337
1 13343 20246 685
1 18174 30167 386
1 15408 28011 38
1 6729 28843 20
1 10561 18790 69
1 15436 22841 303
3 6918 23713
1 8231 13339 831
1 18569 27829 487
3 3800 31576
3 7395 21772
1 2034 31889 978
1 8337 22058 649
1 20565 31664 172
3 6275 29282
1 3527 30336 334
1 9070 26406 295
1 6513 20529 276
1 13223 30030 258
1 15326 23324 587
3 19539 23650
1 15975 31040 183
1 5545 17291 396
1 10635 15793 97
3 3987 8637
1 8493 31273 925
1 21056 22544 372
3 18706 21028
1 15786 17598 868
1 641 27875 772
1 4282 8646 900
1 7304 25071 595
1 2865 11589 931
3 7606 30011
1 6761 18622 72
1 17120 21831 275
1 3848 26073 717
1 9403 13629 562
1 1907 12267 443
1 4981 31649 572
1 7744 13098 515
1 8176 27310 446
1 23927 31924 51
1 18134 25768 38
1 13897 29144 863
3 23703 32490
1 13484 26323 477
1 484 8869 750
3 4987 25516
1 9607 32202 840
1 3577 8647 119
1 13650 28218 238
1 4901 19108 904
1 2735 17397 681
1 24495 25887 459
1 5122 23676 568
3 24515 29725
1 15593 30138 435
1 9919 16219 610
1 7105 11219 57
3 9993 23527
1 10529 17478 425
1 14574 15528 451
3 11988 25642
1 21566 27486 343
1 2025 10905 504
1 14067 23480 874
3 5796 28467
1 8439 10272 301
3 74 18753
3 3515 23978
1 4154 21703 526
1 24958 30845 558
1 12616 27942 175
1 30407 30733 494
1 6946 22398 546
1 27181 31057 17
1 2610 27604 165
3 11295 20440
1 11462 28139 854
1 536 27384 573
1 21791 22528 803
1 5634 17699 917
1 18119 23312 110
3 21211 23828
3 21052 29388
1 3249 25294 732
1 4660 22049 612
1 9436 21509 616
1 16692 22039 230
1 11729 14402 805
1 29031 30211 444
3 1457 13910
1 4967 13829 211
1 4855 17294 979
1 2878 3091 29
3 7297 24962
1 21116 24960 855
1 521 15496 393
1 20823 26935 184
1 27910 28957 603
1 1159 29813 601
1 2809 31343 363
1 14859 22235 22
1 4816 16751 16
1 4125 17158 208
1 23412 32712 131
1 23558 24257 61
1 3211 31265 85
1 1318 17138 244
1 29493 30302 582
1 16994 31031 529
3 11550 15248
1 6229 29680 315
1 21512 25017 530
1 7369 19581 119
1 6234 26511 852
1 10791 28735 819
1 11612 20671 419
1 3654 28987 24
1 19656 25946 252
1 8000 30417 762
3 9889 21569
1 8044 14432 473
1 4522 22933 478
1 1589 28461 608
1 12838 26392 975
1 4770 30960 871
3 5395 24342
1 8665 24990 814
1 6653 22201 682
3 14161 19475
3 3063 14274
1 12295 19758 329
3 17275 20358
1 1758 12000 485
1 17006 24220 213
1 42 29522 141
1 2067 11855 744
1 2290 15133 847
1 1731 26856 5
1 10348 30755 428
1 3001 28001 134
1 12623 28603 961
1 6308 12979 573
3 8579 28164
1 4596 26592 86
1 8683 27722 346
3 18183 30480
1 11897 20993 510
1 22373 22877 497
1 24955 27512 210
1 16915 26801 944
1 5627 11680 929
3 12665 17201
1 20643 25440 181
1 10005 18336 954
1 2972 5021 128
1 20537 22658 945
3 265 7629
1 19658 25086 539
1 6098 27989 862
1 28644 28834 619
1 21060 24776 32
1 24751 24940 776
1 1644 31686 984
1 3579 6210 82
1 432 30911 31
3 783 8076
1 8971 16667 849
3 7863 15553
1 218 7069 382
1 7467 11395 754
1 12188 20580 813
1 2688 23306 252
1 5980 17847 638
1 5447 32355 564
1 23945 28717 650
1 6191 13156 559
3 12383 27974
1 1858 3010 520
1 19297 29010 603
1 4010 20094 983
1 4657 27049 803
1 9498 19144 555
1 200 9786 932
1 6315 21094 659
1 3823 25609 795
1 11719 16997 309
1 22155 31509 781
1 5490 24272 882
3 12550 18414
3 3791 13203
1 3311 15983 905
1 4494 31133 422
1 17414 18410 680
1 14450 15615 606
1 10549 20691 1000
1 6050 17848 26
1 2293 2976 493
1 11101 19651 510
1 12553 19923 963
1 5541 25904 115
1 25468 27648 998
1 17543 21722 741
1 16673 32330 667
1 12893 13100 836
1 14592 32757 12
1 4384 31940 132
1 433 17679 552
1 7866 24106 309
3 10003 15289
1 19336 20758 725
1 3858 5106 722
1 26704 31892 896
1 12229 17027 556
1 12006 17085 712
1 17958 29514 112
1 8804 18142 290
1 10599 12536 677
1 16866 32250 907
1 9714 10299 713
1 7329 9637 878
1 4081 4153 18
1 9747 23289 434
1 2178 16477 417
1 11677 28118 321
1 7559 19334 642
1 11949 15309 106
1 11001 14771 382
1 17111 18683 663
1 220 23826 425
1 19788 32671 208
1 9599 27324 668
3 5837 24347
3 14570 25608
1 15307 30843 159
1 13745 30137 483
1 18024 31551 208
1 11048 18507 814
1 4847 10120 242
1 9315 24577 420
1 4415 15368 650
1 6050 24005 837
1 1712 25580 986
1 18425 29992 851
1 21134 25960 559
1 537 4755 152
1 5143 20148 355
1 6138 8866 54
1 9117 12269 53
1 18084 20309 805
1 6762 9776 204
3 22814 24618
3 29196 32765
3 13144 21513
1 16967 24048 141
1 10374 10593 80
1 3808 7309 290
1 13854 26293 881
1 4592 10511 644
1 20301 27735 704
1 5153 6818 553
3 2283 9394
1 2508 15318 616
1 3807 11589 403
1 6731 32582 172
1 4909 23258 300
1 17814 28302 646
1 1971 26270 482
1 8932 19643 321
1 3479 23176 48
1 24596 27816 102
1 19810 25898 144
1 6475 7267 624
1 14967 18730 521
1 13482 27764 479
1 14436 19206 564
1 14270 23923 981
1 276 15822 191
3 8805 26652
1 4417 15765 725
3 22372 22468
1 23318 31312 339
1 20781 23436 537
3 9203 24490
1 4263 7319 30
1 21713 23831 19
1 6192 21680 867
3 5770 22681
1 1672 7602 552
3 13250 30682
1 5208 29582 348
1 5236 5331 575
1 22550 26318 143
3 4148 30176
1 8733 23835 891
1 8699 17132 573
1 2301 23892 539
1 13145 24554 412
1 19154 19516 319
1 11005 16032 606
1 2378 20164 140
3 7370 8197
1 13729 25920 20
1 22885 23416 879
1 13031 27694 119
1 17392 21088 202
1 4181 30442 346
1 6859 25770 706
3 11786 15829
1 1200 7701 536
3 8204 16419
1 877 2446 119
1 7496 32755 428
1 2159 19364 424
1 343 1982 989
1 13378 14982 155
1 17643 29302 54
1 22418 23398 569
1 1572 22817 546
1 27751 29808 616
1 28317 28458 995
3 22276 23281
1 6478 17088 407
1 2970 30856 397
1 1017 4119 83
1 10582 14998 962
1 12334 21797 423
1 23400 31650 71
3 20012 27106
1 27322 28410 294
1 566 15707 34
1 5014 31115 495
1 5030 8214 893
1 2342 26668 181
1 21538 25666 502
1 17168 21101 622
1 8360 10626 404
1 3001 18873 363
1 12449 28971 114
1 4502 32515 698
3 18464 21244
1 20946 23364 30
1 10717 19154 597
3 16183 19171
3 12967 19451
1 7569 31480 164
1 4247 10931 851
1 9851 25301 243
3 4234 28745
3 8454 12543
1 23494 31395 970
1 26656 28696 40
1 16427 22248 182
1 5941 7535 3
1 10444 28192 548
1 7112 32722 665
1 1358 20890 112
1 6171 24015 465
1 11323 12341 858
1 7219 31270 844
1 14434 31751 709
3 4948 6483
1 22358 28021 472
1 266 25500 17
1 10221 28168 35
3 25432 30511
1 2225 20888 434
1 15429 29469 1
1 27199 27311 3
1 2798 29489 120
1 11502 21292 11
1 11900 23077 472
1 5778 19847 193
1 4079 6978 276
1 13249 31791 303
1 3715 29645 238
1 10979 14711 580
1 14242 19989 984
3 9012 15257
3 8441 25318
1 8686 23055 893
1 14809 25965 452
1 3914 13773 506
1 10332 24378 116
1 5591 19804 574
1 8523 9789 55
3 9064 18503
1 10942 18596 682
1 7981 11846 419
1 16245 23480 229
1 7010 22434 212
3 29052 29533
1 20864 31340 692
1 522 29222 127
1 19314 19544 891
1 8101 18418 8
1 1496 20335 546
1 638 27387 87
1 1999 20860 796
1 7007 17436 589
1 6121 9487 196
1 20638 23646 730
3 4003 26882
1 4728 10637 397
1 13021 15152 139
1 19328 28613 9
3 3933 32530
1 9519 15850 722
1 7892 23282 649
3 5016 19605
1 4141 18997 800
1 15293 17635 990
3 5080 31681
3 7898 13222
1 6041 16096 891
1 188 21953 912
1 13910 23242 126
3 9655 21846
1 12525 29392 741
1 21848 29843 834
1 4111 24312 546
3 4553 22565
1 2219 25344 698
3 8393 21478
1 7491 31728 786
1 6042 16193 294
1 19066 27870 515
1 12601 21475 909
1 13873 25222 34
3 2438 21106
3 17188 18321
1 854 24852 114
1 7618 24649 753
1 13954 16380 745
1 9550 16705 881
3 8885 15137
1 10089 30857 357
1 7137 14372 462
3 20313 23781
1 18901 27502 695
1 7208 13881 818
1 16432 17523 804
1 4283 26423 811
1 4202 7104 803
1 24943 26561 31
3 18162 29599
3 5341 26381
3 2890 20880
1 5010 6128 560
1 4478 10377 120
1 1207 2402 988
1 14601 26019 782
1 12545 19353 331
1 2782 6013 376
1 19329 25017 979
1 5830 24911 894
1 6717 30029 695
1 3231 27414 235
1 22385 25595 812
1 7220 8377 729
3 6186 10230
1 1308 12778 491
3 12097 15041
3 13457 17980
1 15249 23624 154
1 399 24031 678
3 18853 31688
1 31122 31524 792
3 18821 30879
3 7349 31562
1 14214 15518 809
1 29836 30073 834
1 14405 14834 243
3 13419 29205
1 1065 6400 581
1 9656 23992 381
1 14984 30497 437
1 9082 17331 352
1 19883 22583 922
1 22426 32636 279
1 12113 17539 923
1 8250 10377 458
3 8265 19756
3 8702 25236
3 10905 23420
1 12593 23906 145
3 11309 15035
1 31339 31502 902
1 13994 15826 265
1 4796 30692 253
1 4487 28194 224
1 18 7921 432
1 774 13218 492
1 1229 13472 84
1 7861 32303 742
1 10995 24502 283
1 11051 21014 473
1 4323 20367 354
1 1941 17796 37
1 9474 21374 100
1 29642 31604 221
1 3130 10058 741
1 10135 12133 466
1 4011 6262 871
1 4817 30788 406
3 18129 20263
1 3641 6411 601
1 15724 32706 557
1 1951 9149 541
1 13734 27200 198
1 4906 5035 148
1 18107 30109 854
1 9502 27484 698
1 30297 32259 850
1 2731 24129 639
1 1274 16932 374
1 8541 22600 320
1 23454 25735 126
1 7750 21935 732
1 19776 30991 14
1 29480 31968 665
1 20000 31920 459
1 2206 17219 957
1 10984 11601 655
1 4845 22376 221
3 15539 17592
1 3712 6483 306
1 5152 21300 924
1 4045 7685 763
1 13407 31059 741
3 6410 8838
3 5473 17147
1 26162 30063 538
3 10424 16069
3 18861 22651
3 4895 31124
1 7968 25443 62
3 11558 17634
1 11711 12538 556
1 16912 23762 657
1 11803 22882 385
1 11046 24061 834
1 20175 25767 84
3 19962 29047
3 12228 28525
3 2183 19083
1 8407 24086 525
1 20922 32252 550
1 952 9554 675
1 28433 29609 338
1 19638 29460 434
1 5227 20859 79
1 14543 29072 408
1 10963 16841 55
1 22147 24468 713
1 5421 17061 895
3 3605 12094
1 15043 32088 224
1 9992 17411 277
1 13978 29826 884
3 3516 16455
1 6505 8241 921
1 1270 22959 133
1 5573 10677 763
1 16832 20673 755
1 3015 22698 624
3 7381 11186
3 26571 26761
3 26555 31974
1 18517 27499 461
1 17196 18676 662
3 4597 7855
1 5145 31043 936
3 18220 32209
1 353 31116 148
1 8146 24606 985
1 7313 29766 72
1 79 12705 408
1 19213 30676 455
1 9920 31878 866
1 24458 26428 473
3 839 3429
1 5083 27066 923
3 30248 32262
1 29991 32325 142
1 24117 27891 325
1 3284 32444 953
1 23047 32608 504
1 15872 20413 600
1 9832 16485 564
1 8227 23598 662
1 200 3728 321
1 5945 13931 902
1 8799 32283 610
1 18906 21802 197
1 4606 10784 118
3 18851 32277
1 2656 19682 805
1 22964 27568 257
1 4005 4722 313
3 17716 20371
1 300 29698 278
3 874 21704
1 7830 25931 94
1 14922 31822 487
1 16410 17706 109
1 19698 29948 734
1 1139 10034 873
1 30914 32300 642
1 11082 20600 734
1 23594 25815 759
3 2111 5422
3 4210 5043
1 4966 12834 540
1 11488 11496 744
1 4157 19440 371
1 1327 22534 876
1 15236 26336 480
1 11811 16857 713
1 6844 16761 15
1 726 8475 535
1 8365 22607 324
1 7610 9218 875
3 21124 28650
3 6615 17080
1 8947 25918 337
3 18047 27497
1 26246 26306 384
1 25360 30402 439
1 16504 32704 450
1 22351 28809 730
3 7797 13955
1 14125 21506 979
1 32 14948 536
1 6283 24865 780
1 24138 27703 333
1 1404 15061 264
3 19608 24576
1 10094 19951 627
3 4943 16846
1 14235 24276 686
1 13093 24466 532
1 29306 31351 475
1 836 1920 619
1 5534 12835 332
3 2290 15720
1 7759 28551 687
1 7787 30323 965
1 7858 12425 862
1 18944 24362 887
1 5813 19148 731
3 20340 24973
3 13280 29511
1 9650 11258 44
1 2934 3868 981
1 13227 24290 438
1 2883 24474 620
1 494 17210 490
1 7575 19707 191
1 16375 31321 772
1 1768 8409 805
3 17108 23863
1 8122 26383 955
3 22992 26167
1 11445 12242 536
1 19209 25648 283
3 6824 14051
1 12088 23166 611
1 16604 21084 700
1 4389 12361 266
3 4474 14427
1 13596 14512 739
1 931 1089 231
1 3446 12197 413
1 10106 24213 603
1 18297 26851 271
1 5754 28339 851
1 7806 24797 633
1 2830 24054 15
1 3610 10884 5
1 8185 26013 477
1 8630 19116 226
1 332 14544 628
1 6111 8123 418
1 12683 14970 90
1 5787 6233 485
1 5047 20038 646
1 730 9978 396
1 5526 26956 118
1 9263 18730 271
1 7166 16592 419
1 6623 7541 320
3 1574 16875
1 9507 15220 129
1 6936 9086 540
1 25862 26641 928
1 24246 25915 698
1 10456 15856 552
3 13706 30978
1 6055 31135 365
1 24860 31937 506
1 15856 26662 497
1 11268 28963 179
1 13241 18986 153
3 7080 10474
1 10181 26060 765
1 19372 28536 700
3 1796 3409
1 5519 31598 796
1 13536 22429 499
1 12340 30458 54
1 21822 22494 644
3 5761 6958
3 20572 21718
3 14120 29487
1 29912 30068 804
3 14444 29608
1 11938 16552 138
1 4345 17989 568
1 23927 28047 492
1 2211 15753 785
1 15029 26527 301
3 14446 24423
3 12279 27154
1 1508 23643 964
3 24706 29269
1 27504 30306 451
1 16564 22816 744
1 7343 27158 251
1 328 946 304
1 534 15899 68
1 22187 26406 395
1 11385 27684 40
3 12528 13567
1 4415 11403 53
1 7129 31724 440
3 4462 16401
3 7928 20274
1 2960 17630 366
1 7509 26189 783
1 24098 32254 102
1 21435 23389 812
1 27471 28016 307
1 8127 9307 982
1 4172 22038 719
1 4331 13548 512
3 12615 29394
3 8827 16799
3 2636 15936
1 2893 4764 792
1 13045 24059 38
1 2486 12262 355
1 19054 23919 637
1 9923 14868 794
3 328 29970
1 12 27829 637
1 12487 15763 963
1 2498 28890 619
1 22165 30041 32
1 1408 16315 482
3 2173 26948
3 25927 30530
1 3465 6509 674
3 661 27788
1 9268 32066 90
1 10518 30481 294
1 11721 20140 271
1 12170 24867 960
1 2551 28521 670
3 17934 31691
1 16233 23460 995
1 4404 9222 823
1 768 1223 85
1 91 1924 884
1 14539 18097 416
1 10536 15639 745
1 3622 28579 810
1 5130 13707 948
1 12146 19158 356
1 10105 15642 531
1 7864 31950 277
1 2547 15474 13
3 4809 14144
1 9347 9877 635
3 2125 23946
1 4352 13541 932
1 9725 20746 719
3 9842 12851
1 11665 27566 221
1 23375 24908 619
1 5989 30385 278
1 15589 17938 515
1 14685 20404 709
3 21585 21865
3 28883 30785
1 7322 8264 472
1 10125 27192 349
1 11716 21397 429
1 4999 30262 940
1 6021 10548 833
1 29244 32050 395
1 24285 30906 443
1 17850 21632 915
1 15370 31705 709
1 1130 7666 583
1 1033 21464 429
1 3088 29651 808
1 14264 18808 670
3 15066 20192
1 8175 23974 535
3 6417 11841
1 18268 30476 621
1 13299 22115 79
1 13867 29439 305
3 6077 16393
1 10151 27989 439
1 29359 30983 505
1 14277 19672 238
1 925 7041 796
1 26127 26156 510
1 6129 11771 313
1 5936 31417 489
1 10567 24264 188
1 6710 14844 423
3 12703 22994
1 863 30820 64
3 864 30604
1 24078 28602 398
1 17191 28955 56
1 4645 12395 874
3 2116 14145
3 15147 21761
1 1532 22685 514
3 12987 18824
3 15562 32150
1 8398 26535 469
3 27785 31715
1 4262 9359 758
3 8553 30006
1 7272 27293 135
1 23608 30892 357
1 17713 19123 488
1 4217 12389 870
1 7846 9648 389
1 19040 31850 978
1 14129 25956 301
1 16469 19689 779
1 770 10067 124
1 3280 15609 214
1 22175 25890 954
1 334 21156 869
3 3510 20677
1 26209 27856 112
1 12754 24011 811
1 15797 29275 902
1 4554 11603 585
3 8917 28534
1 18500 18557 866
3 13585 29886
3 13697 21436
1 13807 18081 371
1 11301 16918 611
3 6340 26878
1 21705 29120 132
1 5966 31631 907
1 2630 20747 86
3 10396 18374
1 22 14581 195
1 1915 9183 41
1 18217 32511 786
1 6858 23721 848
1 17136 17692 341
1 15046 23273 8
1 23097 23141 175
1 16838 20206 836
1 10576 15536 843
1 13938 29292 923
3 19063 27413
1 2813 18340 47
3 11999 26380
1 5381 20298 259
1 12286 31069 10
1 8962 13727 1000
1 20435 22241 598
3 17942 26790
1 12573 23513 770
1 14271 15225 552
1 20143 30375 551
3 29374 30613
1 3602 10417 951
1 9076 26024 110
1 5456 13863 544
1 19083 19278 781
1 2473 27757 753
3 10657 11715
1 3693 28978 112
3 7579 17770
1 24650 28210 588
1 17706 23038 936
1 15605 29764 429
1 3460 8699 178
1 8888 31263 488
1 5860 6690 870
1 3620 10991 868
3 10161 27495
3 18918 28237
1 3883 15820 281
3 23263 27060
1 19681 24702 641
3 3033 29170
1 3411 4902 520
3 16473 29131
1 4606 19022 469
1 4450 23801 572
1 9144 30754 469
1 5808 32063 351
1 9129 23372 641
3 13382 25328
1 7643 10341 176
1 12265 27207 269
1 4859 25258 51
1 8472 16106 85
1 17376 26658 178
1 7254 32116 925
1 4152 4169 967
1 19001 27954 303
1 10640 19697 549
1 26605 32407 643
3 1501 21183
3 1464 29876
1 9533 10219 78
1 1308 18053 230
1 21021 26805 527
1 27370 30043 720
1 4437 18914 256
1 7653 26640 423
1 2526 14553 12
1 3987 15453 896
1 12059 28947 674
1 9830 31495 381
1 9499 23252 912
1 12328 22640 964
1 1994 26362 19
1 1737 8914 78
1 4671 27313 840
1 641 17170 786
1 3792 4702 798
3 8698 26527
1 6721 18764 901
1 8112 28916 713
1 6645 11493 367
1 9037 27010 632
1 6263 18311 618
1 6434 30933 935
1 807 17396 334
1 347 3439 430
1 3699 32439 800
1 21686 22936 917
1 8703 14591 416
3 11844 30877
1 11398 31850 654
1 14151 29674 30
1 119 4004 508
1 13170 20193 704
1 2617 18801 110
1 24191 29750 603
3 780 23767
1 23309 23758 690
1 182 13526 245
1 2815 10530 179
3 7252 8696
3 3230 24659
1 6361 11639 819
1 1806 13373 94
1 5935 20538 599
1 20558 22453 623
1 7863 22055 469
1 26023 29231 547
1 6436 13568 531
1 8964 26628 130
1 17663 20236 348
1 21376 23345 408
1 15755 23084 605
1 31968 32484 781
1 21154 22277 329
3 10114 20105
1 3367 26904 241
3 28370 29875
1 19442 26785 634
1 11130 11382 45
1 4509 28145 841
1 8043 20799 218
1 4215 25893 708
3 3446 24667
1 13963 32566 554
1 3944 16152 161
1 13713 30134 88
3 6329 10844
3 14422 16127
3 17203 30585
1 27379 27457 529
1 14206 15726 405
1 25201 26998 78
1 6850 16261 982
3 1873 23321
1 1107 24849 373
1 11650 14757 597
1 3037 23081 674
1 974 32243 478
1 11835 30809 545
1 6581 12500 982
3 10792 11307
1 19491 20934 730
1 7250 18358 137
1 6596 26072 395
1 5727 15100 808
3 15215 29890
1 4592 30265 99
1 10340 11440 729
3 9863 28425
1 4448 32686 856
3 9929 11706
3 5596 5601
1 14341 30165 434
1 19658 22448 54
3 27991 29432
1 3106 3737 665
3 21937 30330
1 7015 31718 427
3 3599 10392
1 2395 2553 247
1 578 3353 870
1 2226 3250 515
1 6802 16342 595
1 10038 16647 64
3 14910 16692
1 16836 25934 410
3 27629 28060
3 9206 24626
1 416 28416 138
1 4947 29447 952
1 13242 28820 533
1 13784 13897 729
1 12164 15636 861
1 22704 23398 1
1 14123 29024 789
1 9267 14527 742
3 9875 30134
1 14665 31900 960
1 2887 29738 846
3 17622 22805
1 7328 22896 133
1 27375 31356 449
1 5779 24118 682
1 270 17960 268
1 6907 30167 171
1 11008 31374 638
1 13590 27717 867
1 12196 29257 604
1 12492 22812 249
1 5247 12580 854
1 2444 32716 302
3 974 32014
3 7097 26476
1 6992 24878 198
3 10744 27021
1 12672 21825 585
1 20077 27997 647
1 10417 32208 447
1 7603 23087 680
1 16342 26663 586
1 14341 19136 980
3 21219 26000
1 4141 12342 811
1 16515 24535 752
1 4700 11004 273
1 4419 5592 795
1 15425 21073 396
1 7250 16315 837
1 18997 27847 912
3 13278 17223
1 10866 11887 666
1 10172 25839 645
1 23308 23723 438
1 4894 26691 240
1 11522 15455 509
3 3887 10547
1 2361 30859 559
1 2766 24163 99
1 193 23383 66
1 9051 31216 860
1 23724 28194 310
1 2631 19207 590
1 4610 15128 865
1 16949 31332 691
3 8699 9804
1 5342 18955 538
1 13595 17612 134
3 3763 20185
1 8054 17095 101
1 9362 22045 154
1 13818 21317 422
1 21009 31918 711
3 10144 21254
1 4285 12063 343
1 8654 20102 35
1 4926 32304 821
1 13019 29872 104
1 2696 7791 498
1 1163 11001 906
1 17961 25460 385
1 1875 23439 228
1 119 15302 993
3 16 27500
3 1523 6604
3 21811 24211
1 313 20219 718
3 9119 15070
3 8440 20713
3 12785 18152
1 9656 21160 318
3 14411 27006
1 14315 19598 118
3 11452 24530
1 20944 26018 12
1 2400 30622 776
3 7316 23984
1 4656 23840 988
1 6487 27753 952
1 12444 26088 47
3 5952 12421
1 1564 1974 746
1 6491 23113 95
1 3383 4724 55
1 3101 27272 8
1 25051 26367 961
1 4338 13185 168
1 16883 24921 830
1 2352 8996 897
1 15248 25810 114
3 586 10303
1 17597 20716 40
1 8588 12135 39
3 7602 25504
1 9195 25760 893
3 19695 32054
3 10578 28755
3 8070 30601
1 16998 20515 690
1 7839 14682 463
3 2460 26662
1 20072 23506 494
1 3918 4445 609
1 2050 23870 642
1 16977 24895 587
3 23162 26542
3 15508 29592
1 16259 22426 426
1 322 15260 346
1 3993 30739 710
1 22269 31964 813
3 10397 24293
1 7168 32024 778
1 196 25083 208
3 4988 12200
3 7477 29720
1 14098 25450 21
1 610 2576 466
3 5945 9250
3 21185 31339
3 17277 24502
1 20651 23767 384
1 13435 14024 897
1 5746 8042 649
1 18887 20118 917
1 6617 17439 172
1 6627 6967 998
1 7658 11292 591
1 3214 9306 955
3 5101 25474
1 4952 29147 849
1 15295 30211 466
1 13907 26160 108
1 32048 32258 806
1 11223 27575 543
3 157 1837
1 15404 16170 814
1 5467 18316 101
3 6436 15425
3 20632 30568
1 6119 11153 636
1 6658 14938 650
1 16852 20231 52
1 6437 11960 262
1 3290 24253 568
1 13324 32679 587
1 28192 30901 913
1 10030 31893 346
1 8567 24702 923
3 12160 12843
1 24075 32493 987
1 18747 26293 411
1 16437 32515 759
1 19789 30980 208
3 23278 28471
1 7174 28055 102
1 14498 32460 888
3 21902 32086
3 7821 28610
1 179 12964 778
1 15727 17439 585
1 6646 7419 991
3 7012 11065
1 1646 5377 105
1 11125 24540 417
1 18277 30447 671
1 25201 28775 507
1 14650 32272 203
1 15068 27195 942
3 16042 19065
1 9495 25562 825
1 3184 20937 557
1 9808 14328 640
1 3814 15149 229
1 3402 6614 56
1 11723 22164 949
1 21551 28235 65
1 8266 22381 534
1 14109 20525 842
1 12678 21161 473
1 8342 22251 378
1 17729 23825 8
1 25120 28900 514
1 26229 32684 510
1 6362 29145 689
3 11218 13895
3 3231 25307
1 26543 30161 166
1 17959 31887 719
1 6482 8789 284
1 16274 26406 293
1 14548 23554 63
1 4347 7193 953
1 4635 7588 916
1 1966 26956 553
1 20784 20896 647
1 1453 16678 805
1 621 7360 373
1 30584 32712 81
3 16542 23318
1 18434 27541 292
1 26687 31606 650
1 29372 32694 923
1 26941 29337 548
1 11126 25692 1000
1 1381 7637 779
1 7764 12260 326
1 8419 20328 83
3 24455 29236
1 10642 22954 541
1 2349 4373 127
1 11571 30693 70
1 13043 27192 399
1 9408 20549 151
1 1960 17026 307
3 1133 9726
1 10610 13127 377
1 8891 29366 86
1 10883 24393 678
3 12868 14501
3 12443 21974
1 26772 31656 621
1 2191 18271 344
1 334 8377 533
1 21917 23871 387
1 3562 31010 692
1 19602 20968 174
1 1456 27406 803
1 3944 16316 549
1 12743 12891 318
1 1030 1097 455
1 17566 24635 239
1 2733 20695 151
3 11841 32218
1 28285 28548 549
1 16009 32466 228
1 6563 10672 625
3 28179 28436
1 2404 31986 246
1 532 3900 895
1 294 11720 193
1 3290 6065 23
1 11547 21631 446
1 15333 17010 661
3 12998 16707
1 6430 29291 856
1 1031 13565 177
1 429 29495 796
1 15872 22639 911
1 3859 8102 711
1 611 11733 886
1 10859 19316 732
3 6677 26524
1 13683 19912 25
1 10683 19486 855
1 2843 28078 311
3 14246 23703
1 19543 29325 750
1 2813 24494 307
1 13960 14091 39
1 3099 24285 808
1 936 26367 842
1 12522 25288 674
3 9036 10114
1 12552 30141 941
1 19942 25971 763
1 19837 22612 790
1 6751 12005 792
3 2249 27657
1 3112 10243 677
1 6417 25111 890
1 3325 19995 760
1 13969 22962 924
1 24965 26463 499
1 24187 31431 573
1 18081 28838 949
1 11327 26970 55
3 1732 28527
3 10130 10969
1 18098 22970 396
3 3270 15282
1 636 1599 558
1 12785 18219 105
3 24709 27393
1 12317 27067 266
1 5707 15471 704
3 25024 26092
1 11946 14646 152
1 6862 27230 855
1 685 17803 915
3 14265 25648
1 12357 22119 280
3 3958 24590
1 7578 26789 908
1 481 5675 834
1 17260 28388 987
1 10054 21134 139
3 495 3558
1 9137 14772 832
1 17366 31787 470
1 2542 6475 504
1 10719 19596 909
1 9235 30173 553
3 20243 30371
1 21094 23709 503
3 16838 29939
1 15352 27624 465
1 22326 24485 175
1 3755 21337 702
1 27378 30488 464
1 21043 31525 82
1 3330 12020 592
3 13193 27468
1 8092 28892 174
1 9196 32333 115
3 9118 24763
1 9419 16993 39
1 10074 10761 781
1 11748 14065 863
1 11203 12945 405
1 6417 7861 879
3 26965 27877
1 22419 30370 419
1 397 14513 917
1 5153 24810 750
3 2823 30971
3 15699 29688
3 6296 32564
3 20954 22550
1 13561 25983 968
1 9191 32620 353
3 10339 11297
1 3096 9619 772
1 4458 26752 357
1 7887 27909 798
1 28716 31422 594
1 1599 5231 756
1 1845 28483 499
1 8284 23667 37
1 13338 29227 419
1 5160 19360 721
1 20847 28432 666
1 7560 30104 225
3 1120 18023
1 10515 22102 57
1 177 18254 707
1 21830 23751 988
1 8783 22742 886
1 17323 22563 561
1 10397 17311 136
1 18124 31677 584
1 7101 26288 471
1 11704 26813 170
1 24272 27627 41
3 400 32655
1 21070 25302 775
1 2904 30349 30
1 9294 26771 589
1 2006 9301 21
1 24520 28569 963
1 1003 3931 516
1 2152 27760 971
1 4222 27497 865
1 14712 31674 60
3 8732 12764
3 1131 20710
3 21337 30008
1 1945 11108 281
1 11546 21649 353
1 13831 28977 218
1 8061 17114 271
1 8222 14049 934
1 10437 17250 542
1 13154 16279 558
1 14036 22713 14
1 24688 31410 722
1 6011 8279 212
1 7499 12420 33
1 3926 6850 671
1 1337 29047 796
1 6347 11149 579
1 1991 22018 747
1 14573 25465 305
1 20486 26227 199
3 15107 17382
1 24985 27984 484
1 4907 7830 162
1 1849 16153 905
1 5383 19077 638
1 1908 8111 988
1 9456 11702 477
3 13042 15657
1 11530 27157 331
1 7484 8999 16
3 17882 30708
1 8460 23799 461
1 21648 23596 81
1 1516 26261 615
1 20601 27464 200
1 21915 30411 181
1 10395 13459 96
1 890 21247 347
1 15785 26876 552
1 12385 18831 408
1 13022 13023 968
1 19112 21719 112
1 23869 31176 142
1 5075 14464 115
1 17937 29424 924
1 2263 7221 212
1 6365 9814 648
1 4448 16232 595
1 9510 16362 210
3 19729 28421
1 16183 17651 571
1 9778 19108 23
3 12604 21330
3 9728 13907
1 2682 26104 623
1 15105 28657 612
1 6665 23220 721
1 31062 32121 592
1 11518 11926 431
1 15732 31329 471
1 1271 15424 235
1 4579 30796 610
1 4936 26677 849
1 19053 30900 803
1 2013 26874 226
1 11996 18732 971
3 6984 13315
1 8261 19387 556
1 30755 31047 95
1 4953 11223 767
3 2735 13685
1 22433 30307 598
1 11245 21579 612
1 12878 15958 444
1 8660 15049 341
1 13104 13950 144
1 28730 32278 348
1 30827 31669 420
1 2016 25529 292
1 902 1480 64
1 3958 13607 710
1 4317 24331 196
1 2335 22835 117
1 12405 31357 160
1 708 17096 73
3 4448 14186
1 13311 27296 996
1 8436 11650 764
1 23610 29678 715
3 16918 19264
1 5676 12150 457
1 4454 21007 184
1 10200 25691 532
1 14963 32190 449
1 16994 20787 479
1 15033 27923 231
1 10857 20514 256
1 642 22453 26
1 687 3393 930
1 20042 24751 256
1 392 14386 702
1 23360 30962 386
3 19071 29045
1 17909 27593 944
3 10014 25784
1 5039 7202 165
3 838 24489
1 6846 18392 793
1 2021 27553 997
1 17926 30174 501
1 474 14256 574
1 1995 27284 483
1 12177 24667 979
1 9457 30088 118
1 11276 32659 785
3 6209 22561
1 17740 32137 455
1 1409 6083 875
3 12313 13665
3 226 15548
1 24217 27114 844
1 10634 11342 509
3 5356 13085
1 22856 27326 635
1 17046 22816 943
1 9240 31734 428
1 7709 12110 939
1 18485 20846 157
1 8707 24080 799
1 2426 19395 47
1 4343 10474 853
3 11519 22671
3 10859 24387
1 13229 16625 813
1 9994 22494 558
1 546 19672 285
3 250 20709
1 20094 27470 633
1 16757 31475 471
3 2817 14897
1 15666 26679 183
1 8996 20627 151
1 10905 16051 914
1 25902 26580 996
1 20075 22072 466
1 12059 18923 70
1 5353 19645 464
1 13833 31150 311
1 6903 30158 624
1 2508 30454 534
3 2135 23378
1 14216 19713 875
1 28061 29126 741
1 17152 20925 969
1 8668 30814 607
3 30262 31689
1 21775 30717 908
1 1908 4689 469
1 8614 19074 50
1 622 25246 107
1 16071 18745 430
3 4502 23309
3 13743 16486
1 7747 28771 816
1 1681 18157 59
1 13578 25017 961
1 16025 29513 874
1 4924 20623 667
3 17798 31364
1 2106 20170 724
1 13227 17665 475
1 9864 17325 975
3 6555 22532
1 648 3712 334
1 24977 29361 152
1 19214 22541 454
1 20868 24993 531
1 19021 19414 569
1 25501 32719 917
1 23694 28722 122
1 6302 7676 469
1 4977 22685 73
1 14737 19600 868
1 20128 20480 625
1 26288 32708 408
1 16871 30105 835
1 21257 26349 338
1 1596 12021 457
3 9517 32476
1 17579 18601 579
3 11951 13619
1 17868 32296 229
1 15326 29816 641
1 5707 14554 780
1 5984 20147 351
1 22073 24614 223
1 12760 32405 506
1 6869 11269 633
1 20453 26929 174
1 4816 6831 664
3 9690 19739
3 14549 32660
1 7694 9014 232
1 7109 22273 883
1 28587 32375 798
1 15931 32428 524
1 3257 6344 686
1 14234 20204 655
1 23390 25143 650
1 3064 9655 875
1 902 5507 555
1 2317 2397 800
1 11615 31905 372
1 28396 29386 893
1 1335 20443 597
1 4698 32304 683
1 3890 9508 906
1 8244 23198 16
3 3830 11101
1 14342 28462 10
1 23989 32412 937
1 10850 19952 280
1 3056 26546 487
1 22407 24044 934
1 7586 19405 802
1 12749 27949 189
1 13867 29626 396
1 3605 11922 805
1 649 12681 272
3 3253 32730
1 14261 31293 672
1 20866 26373 36
1 4627 28039 6
1 22002 27148 462
3 2586 11524
1 2631 24935 555
1 2869 20359 93
1 6949 19589 341
1 11140 27729 554
1 11774 12566 353
1 8599 31768 990
1 8527 23174 292
1 25504 30459 991
3 12534 24950
1 12548 30450 404
3 26392 29461
3 18580 25392
1 769 23270 503
1 1466 27952 436
1 828 31131 477
3 8107 28107
1 15617 23258 369
3 14025 27928
1 26171 26188 329
1 12498 29188 127
1 19336 28016 977
1 10527 13534 949
1 14039 30415 987
1 27292 29855 896
1 18136 28938 204
3 401 14057
1 13733 25317 956
1 18500 25686 778
1 3178 20425 866
1 8200 12083 48
1 4762 8326 868
1 788 10614 286
1 4823 16321 417
1 15592 28336 485
1 9550 32235 17
3 2385 26876
1 4271 16125 392
1 694 17239 277
1 10872 32021 733
3 1718 14447
1 25338 26277 52
1 19773 20597 100
1 4525 20546 485
3 11868 25961
3 2900 15861
3 454 3989
1 912 13965 716
1 7489 12103 31
1 13140 13275 649
1 1462 4117 893
3 5059 15725
1 1089 7010 172
1 1294 21627 686
3 16408 19319
1 5005 22615 355
1 18805 20020 712
1 7789 30369 404
1 6114 8678 734
1 7952 19808 494
1 5201 11779 178
1 6770 22112 299
3 1415 9385
3 2438 13622
1 14865 21326 545
1 1972 30478 874
1 24441 30674 663
1 3721 13601 414
3 16930 26888
1 8984 20247 741
1 2067 14865 834
1 561 5062 23
1 17801 27868 210
1 1251 5057 102
1 3027 22665 515
1 7571 27020 89
1 9359 29904 877
1 2089 28863 936
3 12698 15166
1 9015 16412 568
3 5362 11758
1 26641 32695 883
1 5003 22540 257
3 20350 28984
3 911 22128
1 9190 9924 190
1 4890 7871 810
1 3839 23060 846
1 1603 2856 324
1 8558 18952 670
3 12659 30286
1 16611 19103 654
1 18510 28533 662
1 1533 12495 378
1 13819 23649 96
1 1784 20554 850
1 1108 24029 613
1 2340 9981 108
1 22474 29268 222
1 6175 19587 331
3 6498 12560
1 29107 31496 656
1 22130 31077 288
1 778 17850 529
1 2672 9281 238
1 13128 16859 233
1 1689 14356 733
1 21013 30482 312
1 2424 8685 345
1 5667 18000 159
1 5316 26502 963
1 1344 20680 686
1 14394 23405 557
1 3481 3489 956
1 12413 23840 665
1 1337 22909 979
1 12757 19793 115
3 17487 19252
3 10090 14988
1 8930 29604 501
1 6104 22555 155
1 5163 9555 887
1 12535 25202 755
1 878 29063 793
1 21737 32103 41
1 566 7646 177
1 11934 15774 459
1 8342 9221 985
1 18897 22792 788
1 15724 22646 525
1 2689 22121 971
3 8798 9594
1 23772 29421 710
1 396 11019 529
1 10001 30559 400
1 3010 9181 900
1 7927 14917 663
1 2257 29496 530
3 11066 29069
1 13714 30437 47
1 28618 30936 771
1 6372 16949 596
3 19237 27123
3 1576 11640
3 7500 20465
1 9111 19483 685
1 8425 10056 494
1 6317 18475 979
1 11780 22872 657
1 2783 7810 84
3 13812 29023
3 3750 5946
1 22607 27112 863
1 15430 32735 227
1 24525 31011 16
3 126 25503
1 2651 24600 686
1 12429 22418 707
3 4582 14531
1 4975 14996 872
1 2037 13560 243
3 19976 26350
1 7982 29797 339
1 621 28296 941
1 6185 22420 794
1 19779 32589 360
1 591 17228 734
1 8313 11215 683
1 21001 28268 899
1 2472 9095 519
1 123 32365 741
1 1829 9225 320
1 19116 30524 265
3 440 24142
1 19402 24521 163
1 13404 28184 179
1 7951 26535 210
1 8073 26406 853
1 2639 23900 943
1 9158 9788 75
3 20383 25870
3 5815 12161
1 16316 26296 11
3 16799 20094
1 9692 10682 520
1 21694 32742 889
1 3217 10016 686
1 4011 21917 305
1 1685 11260 242
3 17436 23148
1 6222 21598 251
1 5874 18563 641
1 10665 17187 218
1 23994 30698 674
1 16153 27572 636
3 25173 30518
1 7939 12034 891
1 6616 11180 321
1 8004 22553 524
1 8554 9074 806
1 9109 19560 571
1 25295 26645 866
1 15772 32573 598
1 24836 29622 262
1 12747 28465 146
3 16132 17939
1 10403 14189 357
1 9864 22865 697
3 9637 32326
1 13193 18826 577
3 12057 26488
3 15607 31493
1 1693 18637 222
1 23783 32672 449
1 14783 28719 598
1 2872 16080 726
1 11646 25593 80
1 20688 28735 979
1 24711 27847 722
3 10812 20757
1 2024 32564 873
3 7265 11560
1 28211 30503 616
1 17040 25254 299
1 23586 23887 785
1 6823 21477 796
3 12429 19960
1 12702 12937 845
1 8744 32144 585
1 4531 22224 40
1 12902 25821 240
1 8838 26966 687
1 9572 23304 214
1 1318 20157 24
1 13959 28058 57
1 4733 32005 482
1 6226 23987 892
1 11679 25658 723
1 16892 32124 478
3 3185 16592
1 20501 24502 160
1 3010 6169 872
1 12760 30679 543
1 8590 22715 998
1 19655 31684 465
1 23714 29455 994
1 28154 31055 306
3 7018 14657
3 25062 26542
1 23797 26553 931
1 14247 15878 990
1 22808 28936 402
1 13260 14224 534
1 4159 4903 374
3 22332 29677
1 21328 29249 235
1 7518 28989 109
1 2253 9236 908
3 27459 28166
1 12887 27232 133
3 3986 14306
1 2674 27448 865
3 7151 26439
1 22379 29821 419
1 16798 29530 925
3 5906 9153
1 17617 25764 917
1 8698 19019 21
1 26470 29381 56
1 2949 28662 468
1 16115 30252 493
1 789 20001 148
1 22983 23908 122
1 20768 23085 941
1 4920 23213 738
1 2090 2472 76
1 2936 22306 539
1 14299 31281 73
3 9061 16873
1 700 31922 371
1 26838 28044 201
1 8457 32148 323
1 11217 28185 792
1 11847 27650 456
1 15218 20606 778
1 8696 31426 154
1 20347 27052 102
1 10522 28087 136
1 8464 25421 110
3 6901 7181
1 4222 26723 606
1 5717 26642 764
1 2655 9224 600
1 5839 7388 399
1 5219 19063 362
1 26894 27459 534
1 10554 25670 612
3 3420 14431
1 1262 11448 27
1 6455 23822 127
3 8596 16611
1 22790 31150 32
1 6783 14034 32
1 4720 16645 182
1 6775 30905 638
1 25800 32276 679
1 11807 11928 927
1 2837 26343 308
1 19499 25932 9
1 17497 22858 493
1 10369 16825 746
1 11239 19822 749
1 29305 32134 409
1 20509 27187 289
1 8376 13896 558
1 17669 32130 53
3 6232 16726
1 6882 8255 497
1 15563 28087 437
3 4094 25462
1 13714 15322 759
1 10727 30496 874
3 6779 21316
1 9874 31250 68
1 2126 16881 962
1 463 13809 318
1 18005 24158 986
1 11974 30613 723
1 2838 24915 637
1 7257 7899 558
1 10373 28392 366
1 13884 25892 213
1 10810 17255 382
1 7545 13268 66
1 5204 13161 464
3 2772 12524
1 25803 30784 824
1 15873 26055 481
3 25697 27177
1 15728 31272 687
1 11969 31054 135
1 15902 24370 133
1 18952 22138 39
1 22823 28560 831
1 15511 20298 536
1 3520 20363 676
3 25988 27665
3 6561 17272
1 6464 13011 206
3 2307 17174
1 22741 32389 49
1 5806 10177 452
3 15142 19374
1 26273 32438 363
1 3784 32096 648
1 3859 20072 441
1 24526 24599 624
1 30286 31531 583
1 5076 17522 439
1 14116 16680 920
1 6677 11486 442
1 16088 21807 884
3 1292 15136
3 12584 23943
1 9268 25085 434
3 8626 29261
3 15659 18906
1 10201 29279 684
3 11346 26250
1 189 28386 70
3 10593 29701
3 2050 21444
1 22276 30715 125
3 1712 32648
1 4013 6418 628
1 4971 27709 38
1 14338 21943 28
1 3565 15325 225
1 6183 26486 697
1 2374 18317 239
1 13993 19649 668
1 26735 27968 259
1 9286 27507 467
1 4376 31049 533
1 5365 20165 806
1 14338 24836 847
3 21905 26786
1 13409 23970 565
1 19593 20394 434
1 12088 21140 479
1 3590 19410 457
1 10469 11515 31
1 4379 20650 519
1 18046 28824 191
1 2134 29590 174
1 16668 17442 684
1 24280 30177 399
1 9454 17711 879
1 12442 20340 517
1 9369 10201 455
1 10674 12948 759
1 12606 29111 318
3 7694 14117
3 9096 22919
1 5080 19991 600
1 166 24622 321
1 14051 24319 891
3 549 23301
1 20221 22874 538
1 5079 29249 495
3 26983 28289
1 24161 25985 328
3 22443 32077
1 3397 27691 192
1 7697 9464 713
1 2397 10918 490
1 14734 16528 335
1 27865 30736 880
1 14100 30437 153
1 2925 18226 701
1 782 29716 356
1 2977 16340 306
1 6169 20827 314
3 4006 5360
1 2685 8435 757
3 996 32639
1 12956 25959 822
1 14492 23275 518
1 4468 25015 440
1 12793 27681 499
1 5742 17385 700
1 3369 23440 546
3 4250 19908
1 3027 22489 581
1 15119 20328 825
1 12337 28777 50
1 6917 22065 304
1 25415 26313 701
1 20716 21621 802
1 2591 23829 448
1 19047 31700 497
3 2595 28164
1 8880 18860 839
1 3487 27271 183
1 18508 25263 993
1 15107 26308 76
1 12579 18237 667
3 19028 24947
1 8653 14512 80
1 13761 26994 834
1 21241 28052 522
1 15864 27928 116
1 20685 30952 98
1 13501 27317 256
1 27752 29684 507
3 7698 17449
3 27544 31893
1 4228 11557 705
1 14152 22387 810
1 17926 29369 874
3 4336 6966
1 17266 30417 358
1 14087 17571 933
1 7363 11344 695
1 6759 27949 201
3 2161 4144
1 11605 18895 586
1 13416 16347 710
1 16748 24723 749
1 2680 11341 638
1 303 5462 151
1 2775 6388 300
1 584 26126 918
1 6561 21393 70
1 8303 31197 434
1 10870 19226 895
1 16421 22868 424
1 6053 9099 726
3 18061 20885
1 403 29087 665
1 19337 22275 66
1 146 19313 74
3 7440 27819
3 28480 30133
1 7038 21844 245
1 8697 9692 983
1 14683 19233 357
1 3397 16937 198
1 6129 8974 552
1 11235 21895 389
1 6250 7195 100
1 202 22067 377
1 24626 30428 927
1 9439 15832 757
1 8301 27912 198
1 987 15266 326
1 3301 22919 297
1 12185 12274 462
3 9641 28115
1 15030 17428 564
1 17020 26370 420
3 5799 8074
3 670 8292
1 15330 16547 199
1 11872 23440 523
1 21195 27295 412
3 10054 21141
3 7713 23779
1 2755 28968 827
1 629 30629 112
1 9943 30460 971
1 6642 31035 262
1 4531 10193 57
1 358 16172 175
3 25470 31107
1 10997 24193 787
1 21363 27317 412
3 10851 22995
3 5503 13390
1 1927 23349 21
1 5142 17694 856
1 15042 15211 447
1 3938 32203 759
3 31370 32275
1 2091 14013 18
1 6089 20213 872
1 13234 26550 191
3 11242 18785
1 381 14376 381
1 18923 24170 23
1 2622 18524 624
1 2745 7123 861
1 7897 29494 531
1 4073 23658 367
1 5963 15742 20
3 8020 8262
1 10175 22044 485
3 8202 9159
3 26651 29784
1 11019 22420 867
1 15931 23574 983
3 20531 25671
1 18355 27130 277
1 13270 29206 525
3 2201 24213
1 13127 27426 817
1 17183 19279 966
1 19022 22713 63
1 10394 13635 294
1 22886 25278 760
1 14143 29755 144
1 2646 30694 275
1 238 4722 461
1 7303 22849 49
1 11384 27305 142
3 20829 24793
1 29727 30594 626
3 4057 8734
1 10041 10194 938
3 20244 24789
1 13539 29365 44
1 17610 19003 335
1 9606 30337 662
1 6236 10183 177
1 536 3886 471
1 12118 28894 124
1 7784 13851 536
1 16164 18156 742
1 331 2740 874
3 13681 17335
1 3306 28366 590
1 29522 32314 1
1 23244 25150 925
1 7876 11110 723
1 5457 25961 828
1 6289 13975 674
1 24119 29873 144
1 8508 17156 167
1 5412 23173 322
1 22721 24035 268
3 15059 32572
1 9781 19113 794
1 12030 22333 903
1 6990 18446 551
3 19979 30439
3 15036 32693
1 427 13538 433
1 4441 32106 47
1 11413 28096 381
1 2922 15239 294
1 3475 7373 279
1 5267 28135 884
1 1156 11806 566
1 4618 25781 904
1 2607 31102 666
1 22382 30159 133
1 16821 26611 16
1 17078 18386 682
1 14091 19528 713
1 3200 18636 202
1 16195 31169 586
3 8718 31551
1 24749 25588 56
1 16597 18125 447
1 9523 19586 452
3 13306 15313
3 2783 16051
1 22827 32153 227
1 3825 15560 343
1 16799 31579 986
1 58 13301 103
1 2044 29593 578
3 9388 16235
1 11523 19148 884
3 16862 25091
1 9367 19898 383
1 3575 3758 651
1 5478 31993 874
1 23249 27115 648
1 4955 29748 778
1 19846 27415 380
1 1880 11034 707
3 16082 25575
1 20179 28295 393
3 5902 17422
3 765 17996
1 2374 29337 756
1 16340 32040 353
1 5041 29338 426
1 23793 27737 632
1 17973 23214 339
1 5485 9459 250
1 3312 32503 810
1 8197 28774 906
1 16999 32456 236
1 8938 25029 645
1 22825 29184 329
3 1477 2754
3 20823 24308
1 4062 18255 755
3 2146 28883
1 9790 24749 279
1 14664 23055 142
3 8844 24965
1 4798 16581 628
3 2705 21765
1 841 9738 478
3 11226 20352
3 20270 32593
1 10575 25497 535
3 19632 31061
1 13706 19730 124
1 10480 14088 325
1 15756 16861 316
1 30250 32345 775
3 4041 23103
3 23041 24255
3 19123 23155
1 2865 4053 731
3 8809 16976
1 8848 24852 217
3 12281 30552
1 646 15892 396
1 11765 24585 398
3 2313 27550
1 15537 31646 751
1 17184 24180 693
3 8400 13685
1 2823 22833 352
1 7254 23502 515
1 11186 15069 566
1 15286 21010 130
1 19568 29569 728
3 14509 21608
3 9169 22732
1 1598 23930 736
1 2262 8526 760
1 4364 19364 40
1 11935 21630 255
1 10540 20479 442
3 8002 26417
1 19702 25489 580
3 19661 26812
1 1444 10189 749
1 541 20348 22
1 19780 21773 284
1 29298 31119 505
1 1418 8487 463
1 15488 29865 99
1 4115 29550 970
1 17739 27635 120
1 10293 27317 510
1 3329 25126 812
1 8625 22940 144
1 556 2387 957
3 24967 26811
3 20168 20465
1 11287 13437 907
1 99 23989 360
1 12692 31823 439
3 29777 32140
3 4481 29122
3 2894 24196
1 18614 23799 855
1 17407 32037 5
1 17939 32676 660
1 7250 25775 174
1 6900 24409 693
1 3106 26095 395
1 5317 8734 297
1 9668 25136 910
1 6648 8973 507
1 278 27339 732
3 21166 28840
1 19449 28135 968
1 4067 5970 823
1 867 21093 190
1 23603 28676 722
1 7834 9149 580
1 7000 16184 122
1 19621 31244 727
1 30372 31136 287
1 483 14987 181
1 11917 21689 752
3 2941 18216
3 11842 18628
3 14345 16508
1 5784 22759 286
1 24645 29153 650
1 7528 30575 820
3 13297 32327
3 20982 24034
3 15776 29511
3 4921 31101
1 22297 22975 76
1 29061 30696 873
1 26567 30369 317
1 12575 18095 781
3 3506 9021
1 28330 30399 418
1 14355 15289 269
1 16046 29995 919
1 14771 24816 201
1 3063 12005 212
1 4431 19810 976
1 1873 11722 490
3 2377 8563
1 21408 31586 770
1 20127 27975 365
1 4771 18572 712
1 2817 15682 522
3 3826 23753
1 8312 32060 246
3 15118 23733
3 8644 12091
3 25393 28705
1 23537 27210 921
1 14781 26021 176
3 2386 20450
1 30374 30583 505
1 9889 21378 23
1 24627 25326 873
1 19209 21317 494
1 78 30047 249
1 8750 15733 599
1 6357 32062 798
1 12777 29451 799
1 19724 23384 845
1 2525 26732 670
3 8868 19645
3 23140 31344
3 25916 32553
3 2176 22194
1 16915 18215 370
1 20783 28897 249
1 1128 23447 763
3 28910 32501
1 16668 27136 692
1 23814 25267 123
1 13726 30772 475
1 25260 28125 474
1 7510 12724 792
1 7446 14955 571
1 21023 30069 894
1 10257 21067 663
1 4693 24964 377
3 16200 25253
1 7839 26104 511
1 14579 16300 95
1 9404 16934 586
1 18743 19096 997
3 20354 21992
1 31815 32003 164
1 2932 32340 102
1 13898 25653 753
1 10436 24496 983
1 22138 22808 742
1 19993 31814 643
1 16789 31140 931
3 1139 12951
1 10449 28668 918
1 10459 20149 578
1 10545 20569 706
1 31431 32164 936
3 7499 21261
3 15007 23669
1 6471 31676 737
1 28301 30390 658
1 30301 31512 637
1 17265 21207 621
3 7722 14212
3 4204 32241
1 20068 20796 346
1 12376 23189 233
1 16962 28424 832
1 5909 7918 299
3 29119 30371
1 12608 13883 885
1 14983 20475 882
1 1355 4530 892
1 9465 24966 110
1 30954 30986 755
1 6939 14976 835
1 12749 24748 871
1 26214 32498 63
3 14105 21538
1 1565 31824 229
1 1902 26439 908
3 14099 24702
1 79 14537 571
1 6663 20500 104
1 601 15164 747
1 8969 16649 227
1 3385 17014 440
3 3118 23578
1 1771 32590 591
1 10386 20247 495
1 15494 16685 311
1 10838 16916 144
1 4961 32269 950
1 22292 28781 793
1 18083 25342 169
1 17244 31299 303
1 13474 14741 692
1 5155 6281 676
1 4645 32689 907
1 24637 30347 923
1 6518 25444 244
1 13352 18724 430
1 26633 28752 51
1 1106 22393 944
1 11314 19691 237
1 9376 24172 971
1 2955 7971 342
1 15566 22337 491
1 1471 21640 603
1 4609 18701 632
1 2600 6068 752
1 24128 27706 424
1 19158 26693 435
3 8950 13060
3 2974 29777
1 4236 6967 931
1 5247 16590 75
1 27554 31489 427
1 8264 15656 682
3 18957 29096
1 3920 10596 215
1 3598 32549 219
1 7869 8985 250
1 10079 29168 451
1 26761 29292 578
1 5647 26730 105
1 1982 31081 902
1 3778 19921 245
1 2754 3095 912
1 6936 18749 884
1 3955 17248 334
1 9845 20444 350
1 4267 32390 530
1 3751 4938 974
1 8697 22128 739
1 6938 26974 189
1 15406 24603 258
1 3480 31335 104
1 11293 11481 414
1 7842 25557 629
1 21548 22468 544
1 319 13163 410
1 28264 29346 551
3 10662 32661
1 3279 19766 564
1 7784 28506 96
3 1044 17129
3 22105 29913
1 20065 23054 172
1 20219 29901 673
1 16036 21493 716
3 352 9883
1 3210 15296 767
1 3306 18908 674
3 6773 24632
1 5780 29165 732
1 19947 24337 336
1 14442 27392 554
1 9661 22927 423
3 18679 28234
1 10742 20713 433
1 19937 27577 661
1 9336 24377 251
1 2865 23177 25
1 20816 29467 323
1 26998 30111 855
3 11129 27680
3 5857 31148
1 3006 14276 296
1 18689 23051 554
1 22213 29929 63
1 11748 13017 102
1 9521 10387 173
1 344 3556 535
1 16702 29572 740
1 9108 28989 137
1 10925 32591 641
1 4748 32532 300
3 14048 27970
1 17339 17707 903
1 4333 20210 862
1 16757 27994 590
1 7831 19462 581
1 15884 17904 360
3 18355 26446
3 8065 28802
1 28726 30080 933
1 12030 18106 345
3 294 31431
1 2916 18189 761
1 12106 23182 493
1 9144 20448 673
1 6972 23179 734
1 4691 26552 730
1 334 17167 985
1 26786 31381 437
1 19258 26137 819
3 4525 20276
1 1831 5320 557
1 2225 14682 55
1 6913 29824 177
1 2598 13626 723
1 19462 22699 608
1 2020 14637 349
1 835 26504 449
1 922 22224 789
1 2182 28496 174
1 6048 10057 945
1 11220 26552 382
1 11716 12163 272
1 23092 26671 340
1 6966 16192 624
1 13518 31673 494
1 9986 17820 328
1 11122 20845 366
1 11591 26842 383
1 10000 15606 868
1 6970 9563 955
1 1810 17470 474
3 19539 27514
1 7606 10254 606
1 6900 12374 627
1 9940 15416 928
1 3182 29086 284
3 5660 25093
1 14323 20644 389
1 6947 15764 498
1 28558 29299 291
1 1884 19191 353
1 6681 16821 379
1 10932 14467 909
1 17682 25781 862
1 15941 19525 680
1 12549 12842 598
3 5272 11217
1 25439 30247 611
3 2829 8798
1 10868 16696 295
1 15361 28655 931
1 13979 23064 358
1 15432 24955 181
1 17221 30383 162
1 3835 11206 221
1 633 3304 461
1 27706 30498 815
1 9476 27555 814
1 6676 7977 220
3 27856 29533
3 13440 31582
1 1057 31853 425
3 18155 27426
1 16144 21438 696
3 13186 24573
3 4690 21000
1 11531 17400 481
1 21575 32017 509
1 9275 16155 568
3 10308 29295
1 10853 23608 653
1 3455 25650 430
1 21970 24141 985
1 6849 26624 638
1 10512 17877 974
1 17157 24090 34
1 1589 29035 243
3 2556 5656
1 6476 10348 178
1 24028 30543 186
1 13857 18960 484
1 4102 6501 710
1 10080 28770 132
1 3485 12926 662
3 8080 15617
1 1938 8254 454
1 5146 14881 162
1 12324 25399 390
1 11093 28484 907
1 15584 16189 438
1 7147 15221 759
1 21261 25145 575
1 4960 32344 673
1 9514 16271 723
1 9582 23955 356
1 2643 9153 208
1 18130 25859 634
1 16911 31643 401
1 23432 29566 134
1 6376 6817 61
1 24637 27740 290
1 5954 22324 702
1 24224 32306 610
1 621 13440 131
3 18391 25425
1 9478 17152 827
1 14712 20073 740
1 11149 24009 520
1 12182 31778 831
1 2451 22763 20
1 8368 30472 164
1 21925 24165 209
1 17448 24563 64
3 8183 29605
1 3927 27695 626
1 6158 9179 268
1 3054 29640 856
1 2681 20853 674
1 6526 31560 435
1 2213 11872 449
3 3475 3909
1 16465 24177 787
1 16833 20783 950
3 7240 7440
1 4752 6098 418
1 7592 9321 287
3 14548 23983
1 1816 27002 414
1 118 610 193
1 12002 15934 322
1 571 1201 209
1 24773 25080 47
1 13194 24696 205
3 6201 6747
1 2658 14814 954
1 17759 29196 11
1 2980 26485 715
1 4941 12132 162
1 15274 27950 848
1 11701 19862 102
1 5330 7522 340
3 318 460
1 24511 31239 814
3 10492 24160
1 9007 32730 364
1 13201 31240 435
3 9774 22639
1 22952 28763 920
1 43 25885 644
1 10908 28460 910
1 20663 21757 281
1 26109 31267 697
1 10598 19984 910
1 4313 9373 268
3 6730 26205
3 830 9497
1 5311 25205 717
1 24403 28147 374
1 1364 22053 980
3 13198 15944
1 91 304 68
1 14666 30993 302
3 3711 29082
1 13329 13631 750
3 3810 7548
3 25973 32556
1 14966 20316 867
1 4270 27359 420
1 9523 31803 205
1 20852 32003 627
1 1448 28068 372
1 10791 28618 639
3 10718 24867
1 17089 19154 894
1 6996 9593 409
1 29244 30972 166
1 22084 30548 610
1 18738 24341 41
3 22111 23925
1 7129 22125 357
1 5749 29959 120
1 1273 30854 533
1 3599 6853 944
1 2015 18837 398
1 11379 32203 889
1 4028 26171 166
3 9960 20178
1 8931 30023 866
1 3528 27098 406
1 14137 27799 387
1 11345 23241 293
1 3591 5326 177
1 9746 27657 659
1 13773 14938 618
1 17604 30057 201
1 6916 10667 463
1 293 23345 729
1 1415 9412 887
3 10467 19243
1 10592 11791 584
1 326 4717 811
1 7089 14882 5
1 19683 23839 173
1 16789 22400 152
1 23476 30859 94
1 4063 31339 766
1 6780 17359 869
1 5529 25159 659
1 1370 8071 358
1 14599 19350 363
1 6212 7244 586
1 7932 22433 898
3 24518 26877
1 11904 13296 296
1 18816 23532 894
1 17274 21328 594
3 12750 17571
1 378 7428 390
1 5165 12343 919
1 1540 13679 447
1 16392 16578 944
1 147 15291 466
1 13284 25542 901
1 20780 29074 63
1 7044 16923 848
1 15140 17639 484
1 16469 22026 440
1 2898 16578 937
1 3791 11493 378
1 17391 22627 749
1 10913 31202 692
1 26351 29669 655
1 1091 1924 384
3 2868 4622
3 576 30954
1 13607 27564 252
3 17722 31434
1 796 15187 552
1 8488 17352 969
1 12500 18216 817
1 1538 32450 402
1 25584 26485 976
1 20171 29109 804
1 9755 26676 95
1 13937 14033 301
1 3293 7993 916
3 4157 12074
1 6272 13114 223
3 971 30724
1 1540 2177 881
3 20578 24200
1 20817 21816 756
1 3950 21448 813
1 1811 13719 766
1 33 17086 258
1 2950 5730 950
1 15643 25478 536
3 3183 11393
1 7542 30281 245
1 11123 14001 160
1 16927 20473 400
1 16893 22020 724
1 20743 27404 391
1 11141 13920 188
1 129 12038 60
1 1788 25892 254
1 29279 31649 382
1 11604 17126 632
1 11149 31797 438
1 9847 18816 1
1 28362 30720 581
1 2382 18174 280
1 16900 22473 829
1 26499 27882 11
1 12620 19948 291
1 31393 32287 362
3 2816 25903
1 6164 13008 587
1 12804 32672 56
1 181 14701 446
1 27076 29876 515
1 1592 32006 987
3 17925 28534
3 8293 14821
1 12968 14662 305
1 7087 13250 332
1 5316 17678 238
1 29985 32027 165
1 8625 14654 693
3 25822 31519
1 2733 28223 598
1 5266 15039 348
1 5059 10768 707
1 3354 19710 641
3 25688 29725
1 1558 3124 249
1 8696 13876 760
1 2101 24779 564
1 5736 8777 910
1 6011 6055 814
1 3590 19860 844
1 5538 10275 687
1 6606 16985 732
1 7251 17347 553
1 13961 14502 154
1 2049 29268 923
1 23470 24180 871
1 16441 20648 921
1 14212 21125 234
1 137 11941 162
1 4616 22650 66
1 9 11965 417
1 17040 23093 269
1 10890 13251 148
3 13462 14860
1 2986 8829 113
1 15243 31629 197
1 12627 17474 869
1 7415 19326 804
1 13250 30044 575
3 13471 23486
3 3382 15272
1 1215 22860 174
3 11435 32279
1 8559 12410 498
3 11833 23230
1 8390 29271 28
1 3163 16729 556
1 1400 7225 653
1 10670 15313 949
1 4953 17582 737
3 19545 21553
1 29119 31901 537
1 441 14793 159
1 1155 27871 207
1 1406 15214 46
1 8833 12596 243
1 4671 9587 252
1 6226 23578 291
3 8074 8750
1 1601 17623 914
1 17459 26150 460
3 26108 31967
1 15483 19890 401
1 29673 32429 789
1 6770 32458 446
1 3773 26849 960
1 21303 29696 114
1 4376 26853 881
1 8473 14143 57
1 14170 17728 877
1 9964 15625 785
3 25549 26919
3 22159 32047
1 25949 28843 156
1 14356 20383 386
1 11260 25864 40
1 7853 22979 164
1 12357 24035 479
1 18767 26115 875
1 11293 24231 178
1 9251 15124 97
1 1652 9359 181
1 22173 28343 236
3 26205 29320
1 16176 16743 982
1 9656 30838 949
1 27470 29468 126
3 1056 30955
1 4921 20240 826
1 14902 16184 450
1 15560 32244 191
1 18710 23903 686
3 24040 29866
1 9308 28710 148
3 1872 29433
1 16763 23090 720
1 6292 18118 397
1 2702 22406 261
1 10520 29874 906
1 5553 28432 591
3 22942 31406
1 15435 32037 207
1 13246 20167 650
1 5148 23235 161
1 236 25548 776
3 217 22111
1 9060 19863 230
1 4878 14483 19
1 8128 23627 111
1 10058 21567 505
1 16946 25708 720
1 14926 31274 481
1 6227 27539 361
1 8257 21904 419
1 1458 1918 764
1 12113 23864 918
1 8960 9696 90
1 4819 22367 921
1 10325 10523 781
1 11136 12403 443
1 19760 28486 364
1 17659 23697 836
1 4586 20401 962
1 7874 17811 82
1 8423 24767 447
1 17996 18415 949
1 7181 12643 981
1 12828 20142 170
1 3403 16292 61
1 5142 6153 100
1 1352 8420 248
1 11786 22505 846
1 6781 10705 478
1 5438 19286 51
1 2321 21885 74
1 9571 31881 982
1 1932 22453 387
1 9762 13399 42
1 20063 23667 933
1 1358 14086 748
1 1227 16892 990
3 1841 27388
1 21037 21512 723
1 14147 14619 471
1 9857 22088 804
1 4318 24284 927
3 6437 24736
1 807 8450 402
3 12594 29360
1 3625 24521 392
1 3551 5193 790
3 29006 31350
1 2678 16988 589
1 3857 6689 970
3 17686 26926
1 15730 27977 334
1 27380 30784 238
1 14339 17324 953
1 14243 30262 309
1 17619 19451 332
1 11697 30272 878
3 21721 26732
1 5744 18930 764
1 9033 16286 449
3 19236 28882
1 13610 18105 180
3 2602 29323
3 1625 11640
1 17319 30316 758
1 7071 27901 279
1 31363 32154 502
1 25047 30550 542
1 1317 7628 348
1 9221 13299 578
1 5579 22723 286
1 24477 29947 690
1 4780 5182 932
1 21359 24752 689
1 3492 21840 318
1 10813 27100 647
1 17275 21527 532
1 3328 16520 600
1 8063 27429 395
1 3464 19038 27
3 17489 25007
3 1725 29941
1 10748 25707 293
1 9459 24461 432
1 8632 10595 510
1 153 4395 372
1 18837 26267 856
1 3688 15075 797
1 9484 16587 899
1 24284 32677 256
1 12928 15097 357
3 6125 10143
1 9047 13354 382
1 4130 10322 325
1 5764 11930 896
1 20376 26149 165
1 6521 32139 824
3 14172 28864
1 5120 7312 534
1 24884 30990 569
1 12083 20635 723
1 18860 30237 146
3 16636 22069
1 9476 14076 312
1 22804 29513 749
1 8520 18664 659
3 1286 3428
1 6659 19236 336
3 25617 26653
1 14336 25698 679
1 8762 25571 973
1 635 32337 377
3 19431 29854
3 5739 16134
1 22234 24898 44
1 26549 31192 70
1 2063 26172 310
1 8830 10937 559
1 6250 10347 983
1 3049 12065 463
1 27399 30534 206
1 5823 8616 464
1 5043 18159 702
1 23722 30431 13
1 1690 28544 499
3 17341 30404
1 9283 30571 399
3 21137 25892
1 13404 18602 253
1 30656 30805 996
1 5519 12445 583
1 19937 24130 657
3 12422 21302
3 945 17540
1 8313 26681 740
1 4843 31527 272
1 13183 32494 75
1 4276 17055 322
1 25187 32447 515
1 10717 19809 981
1 12066 22183 129
3 4528 29482
3 3619 14013
3 9267 28493
3 4612 18899
1 9026 18382 986
1 10316 18600 551
1 7555 17239 586
1 4221 10679 763
1 4601 17141 975
1 20992 28332 879
1 5067 20915 370
3 5010 19080
1 18601 29877 806
1 7911 18821 798
1 12683 21893 882
1 19071 32620 405
3 1694 8427
1 11415 14121 844
1 14850 23415 457
1 8974 12716 733
3 2817 9492
1 13492 30535 687
1 646 4985 973
1 11719 11903 355
1 5148 15355 790
1 1425 4913 703
1 1134 27016 49
1 16295 19954 376
1 11832 22250 601
3 26672 32319
1 7059 10233 737
1 8543 30030 94
1 22123 27784 893
3 682 10501
1 12638 21803 109
3 16390 18122
1 11517 19478 258
1 12697 24698 84
1 8975 31991 20
1 9624 20683 174
1 5464 10558 777
3 8576 11392
3 18805 25215
1 25141 29757 718
3 1397 11158
1 10771 13166 249
3 19710 20905
1 17606 30126 264
3 25684 30864
1 10510 15998 917
1 5968 31420 527
3 15918 30265
1 9920 25333 118
1 7855 12043 742
1 3819 18282 813
3 1816 29056
1 19667 21861 856
1 9179 16290 726
3 1385 13690
1 938 23307 844
1 5161 24065 945
1 4674 12159 589
1 13830 30928 98
1 20185 21054 577
1 1413 29303 978
1 14431 14685 559
1 7806 8524 235
1 14673 18298 616
1 6804 15735 746
1 3136 20024 422
1 2474 32625 272
1 16330 20805 987
3 17219 17841
1 18740 30956 398
3 8948 30511
1 12839 31023 442
1 4177 17393 495
3 8392 10967
1 17158 18813 994
1 10508 11391 282
1 9924 17962 676
1 9128 15991 711
1 5302 26390 267
1 16038 21456 483
3 21845 25909
1 4117 4457 507
1 25200 30931 385
1 13495 20245 247
1 10026 17891 157
1 5000 17016 176
1 12889 17225 200
1 4416 25130 872
1 9966 24144 533
1 13046 14332 986
1 176 32390 651
1 15454 22970 129
1 6681 18139 806
1 17118 19733 313
1 1062 25814 764
3 3971 31920
1 5067 17267 592
1 26387 28229 155
1 9581 11884 799
3 14584 18603
1 1410 3066 213
1 10343 22470 520
1 6619 17216 499
3 4672 10818
3 22051 25478
1 13192 26252 456
1 7707 23519 464
1 11947 26942 769
1 10628 19392 705
3 8236 31766
1 13162 14157 721
1 10855 27961 382
1 25496 32482 508
1 9936 12335 499
1 4843 18506 941
1 1353 14454 211
3 18545 30533
1 5664 29393 181
1 5645 16639 289
3 21257 29976
1 13531 24185 5
1 19720 23026 362
1 2507 23767 534
1 11104 17480 473
3 17750 19054
3 3540 17147
1 1992 5770 926
1 2861 12312 112
3 1764 11908
3 7102 30772
1 24074 24196 508
1 9863 22670 61
1 23144 23347 931
1 11063 20701 716
1 11750 22593 614
1 19247 21527 141
1 21114 24527 965
1 16060 29125 645
3 2310 10060
3 115 17388
1 4043 16081 352
1 361 25447 582
1 17668 20149 443
3 6502 19824
3 9927 26927
1 5451 26624 308
1 13414 21275 433
3 3576 4481
1 7299 26760 296
1 1232 3398 182
3 20403 26545
1 2963 27565 627
1 4570 16020 297
1 20432 21600 116
1 1193 8672 145
3 17583 18080
1 18774 19569 101
3 5887 14142
1 2132 5460 738
1 15878 19766 347
3 15382 28447
1 6242 7501 366
1 2051 15743 646
1 919 15399 334
1 8393 8476 524
3 1276 5807
1 2721 4049 268
1 8002 23906 896
1 9289 18285 573
1 1444 3603 459
1 3829 26350 150
1 8206 15587 6
1 2849 8659 592
3 13540 29126
1 8494 21375 309
1 10068 22582 92
1 14273 22588 257
1 17194 22147 951
1 10393 28932 201
3 23656 24319
1 11247 30728 217
3 11122 29238
1 25078 29771 336
1 2679 26875 514
3 12833 16820
3 7550 31353
1 7432 28443 57
1 4797 8923 379
1 13537 26387 18
3 7816 16865
3 5918 15467
1 13223 19001 278
3 17075 26842
1 569 29075 608
3 22789 27191
1 29841 31436 719
1 146 23682 964
3 3476 20620
1 6682 23297 20
1 7551 11884 785
1 17904 21656 541
3 23575 28050
3 7610 28205
1 16630 30862 805
3 5059 14898
1 271 5744 635
3 4218 19423
1 11270 19208 42
3 4826 6437
3 1284 2162
1 7797 30483 284
1 10500 26714 361
1 18092 22482 779
1 10918 11428 305
1 9080 16269 539
1 8838 13231 730
1 19626 25036 228
1 7801 25436 845
1 5835 25306 442
1 22291 22982 311
1 5817 30500 84
1 13462 31570 283
3 6947 27836
3 1623 10336
3 22686 31755
1 9222 27434 255
1 28625 32753 755
1 5180 26353 841
1 7036 24427 884
3 8520 11377
3 18390 19114
1 20426 23290 445
1 12326 16278 404
1 1914 8372 705
1 1326 18336 386
1 5820 15698 104
1 4570 9082 45
3 6461 21625
3 6821 20718
1 20023 22478 760
1 30848 31302 837
1 2670 6043 455
1 11054 31280 637
3 16533 25518
1 27061 28271 883
1 481 4217 660
1 4897 9221 144
1 15997 31196 856
1 28572 30729 673
1 21756 29191 173
3 2452 27367
3 10621 31324
3 30089 32287
1 1038 12351 331
1 8352 21722 509
1 15861 25492 221
1 1577 15536 531
1 9737 19919 797
1 6831 16193 242
1 9106 27255 997
3 12156 31486
1 6634 13968 321
1 15441 17523 302
1 2083 26473 766
1 7548 24793 379
3 8187 14356
1 20472 28230 990
1 25657 28394 775
1 6530 17803 60
1 1368 26181 184
1 8828 24560 553
1 4181 20840 694
1 13337 30368 80
1 13501 19565 766
1 7544 30515 157
1 16836 18851 303
1 6065 11933 396
1 30609 32573 375
1 2481 29785 931
1 4938 31303 357
1 9936 23242 171
1 7183 20650 845
1 24011 28491 819
1 26791 31360 64
3 3735 4948
1 9258 19249 959
1 13426 26183 991
1 7473 27135 896
3 8662 23112
1 5793 28004 534
3 10555 21610
3 9065 30857
3 8806 17775
1 5391 31793 856
1 15431 16236 613
1 2690 9170 974
3 1315 16999
1 16437 19993 764
1 6523 10674 83
1 5145 17168 219
1 15444 25077 206
1 14986 30279 649
1 4188 9432 59
1 2724 15595 514
1 6358 7627 187
1 8212 11821 192
1 5949 20510 343
1 11317 18730 112
3 4772 13985
3 7397 32084
1 12929 30907 265
1 10511 26326 733
1 15874 24831 978
3 4060 21362
1 22862 31171 578
1 11483 16335 110
1 17703 21630 971
1 12639 15842 668
1 4089 4502 529
3 759 14997
1 10728 11800 784
1 5108 10628 67
3 5059 12108
1 3948 6749 393
1 6227 21643 478
1 2520 30007 387
1 11552 16709 116
1 18967 30977 276
1 15539 18869 788
3 8052 19841
1 9704 23615 660
1 11750 24907 312
1 9624 24674 816
1 1325 31944 793
1 10798 23857 426
3 12108 19504
3 18831 24005
1 24233 30197 769
3 844 13162
1 10688 28362 104
1 7057 29413 686
1 6900 9199 290
1 19051 30032 595
1 23405 25552 182
1 7903 22650 547
1 12585 31583 552
3 5996 14518
1 14726 28363 388
1 31187 31780 383
1 6793 20149 319
1 6772 21055 435
1 13641 21985 600
1 23989 25163 358
1 791 21943 140
1 7806 16934 517
3 3516 32514
1 5889 32257 404
1 26444 29075 901
1 11410 16609 230
1 9525 22770 149
1 13787 19742 67
1 21922 28913 690
3 3831 17639
3 3680 12696
1 8405 27784 142
1 9800 21219 893
1 30774 31285 498
1 24803 27958 329
1 3435 25183 349
1 19081 26232 35
1 1003 4129 769
3 2840 20285
3 14176 24594
1 1533 6176 600
1 2458 19120 773
3 18495 21807
1 13481 26674 939
3 9355 16869
1 7605 14065 825
1 21327 24973 995
1 24679 32751 75
1 4367 13955 680
1 3052 28212 211
1 16927 29014 873
1 8782 18679 357
1 14039 19079 997
1 322 7098 203
1 25885 29316 463
1 7195 12119 18
3 515 6918
1 20474 26963 156
1 14760 22566 945
1 12639 21409 180
1 13897 27885 492
1 729 24878 308
1 20474 21519 108
1 270 27386 619
3 6329 24833
1 4488 29185 94
1 16280 26425 706
3 25159 29116
1 9937 27465 526
1 1041 1289 714
3 7104 22754
1 6987 22151 89
1 2173 13126 722
1 5326 26194 308
1 18069 20854 715
1 15671 22420 989
1 14172 23248 90
1 15022 29857 445
1 1021 22789 832
1 1081 14435 79
1 16589 24971 188
1 21610 32438 595
1 15926 22463 390
1 2364 10112 852
1 10369 16407 557
1 654 6972 353
3 8376 31299
1 3052 22322 266
3 313 21450
1 1094 10843 155
1 1661 20959 644
1 766 7305 163
1 5631 20335 600
1 738 5241 478
1 11968 22124 162
1 7168 11114 603
3 5249 30816
3 739 19232
1 13476 27348 115
1 18541 21351 676
1 3824 14600 391
1 5148 32676 18
3 1881 23624
1 6900 6925 627
1 20543 22278 39
1 3708 12126 580
1 19457 20979 894
1 20802 22635 360
1 968 3317 912
1 19546 32086 253
1 6684 21126 726
1 27813 31437 797
1 8270 25391 613
3 3735 9792
1 3527 22717 481
1 4310 5075 866
1 129 19194 154
1 8431 21197 902
3 2270 19852
1 10247 21365 303
1 15794 17497 970
1 3461 14953 142
1 18710 22372 979
1 2397 16965 130
1 11488 12550 186
1 13218 29231 185
1 19788 31141 550
1 18334 31404 109
1 837 8465 306
1 7534 29447 609
1 28114 29721 925
1 19444 20063 576
1 10601 11313 627
1 5093 26515 526
3 1651 24564
1 19716 25870 412
3 2343 12396
1 6398 30971 908
3 1812 4673
1 15901 32493 577
1 139 10228 552
3 6244 22363
1 5509 27406 275
1 3618 10557 559
1 4049 22020 656
1 12657 29139 181
1 12795 20331 374
3 4511 13239
1 6897 26069 99
1 17551 19130 88
3 7077 30318
1 9922 22515 600
1 8312 27647 812
3 10142 27733
1 24132 24480 452
1 3892 13184 633
1 15614 20687 991
1 11634 30910 449
1 20132 26499 614
1 18993 24752 118
1 48 13142 12
3 12566 18113
1 3462 24418 471
1 7608 12301 382
1 2917 17155 719
1 6536 18836 699
1 13887 15168 283
1 5951 6840 217
1 14454 20025 371
1 14405 18371 81
1 20149 30689 450
1 15926 25695 985
1 9374 13384 358
1 16228 22045 130
1 19874 19915 971
3 11089 18158
1 13293 26164 304
1 7990 27469 157
3 5789 6601
1 20600 32245 687
1 245 27442 4
1 17131 22418 36
3 14733 25961
1 15171 15766 10
1 3395 28089 809
1 23396 30991 706
1 6408 22501 135
1 5014 25459 270
1 1239 17679 222
1 14757 20634 842
3 1000 27422
1 6040 14850 978
1 31617 31912 557
1 6729 28418 727
1 9617 11733 524
3 3419 20725
1 3214 24052 5
1 12707 31538 24
1 10394 32609 474
3 2795 28177
1 25416 29377 101
3 12056 13201
1 3738 25266 106
1 4323 25315 440
1 9507 19496 918
1 5252 8559 734
3 3052 3332
1 11615 26270 526
1 23521 28988 400
3 13433 29097
1 7166 24252 244
1 14894 15725 241
1 12797 27389 271
3 19909 30759
3 10738 27381
1 1287 10760 836
1 24152 27519 163
3 3039 7461
1 9944 27554 417
3 24108 26968
1 15680 24325 406
3 7448 17000
1 7937 32515 483
1 26874 29069 373
1 14634 17039 805
3 8376 26530
1 8833 23101 429
1 16679 23716 32
1 14927 30812 694
1 22234 25632 924
1 28617 31544 89
3 1534 13135
1 503 7981 226
1 15249 24448 184
3 6764 21469
1 8481 9498 558
1 4629 23714 119
1 1622 31010 748
1 2827 7063 852
1 3558 7994 641
3 17521 26764
1 2975 25248 734
1 49 11294 761
3 1026 22736
1 12212 21804 632
1 10225 27961 80
1 12342 29534 113
1 19862 26187 479
1 149 24832 590
3 12674 13196
1 2927 7177 395
1 2748 3638 640
1 14792 32697 21
1 21 12910 990
1 13703 26509 998
3 9342 16258
1 1858 29629 354
1 11772 20873 284
1 23368 24908 78
1 31631 32676 914
1 11586 14806 704
3 16578 31278
1 9757 24509 761
3 3304 32013
1 9668 13789 887
1 26948 32080 548
1 2403 17154 168
3 10378 26201
1 23406 27586 3
3 19726 27562
3 198 13810
3 8059 22470
1 15479 29053 838
1 13373 25681 78
1 9983 24529 117
3 2351 4255
3 3938 18678
1 24316 31516 490
1 10615 15198 928
1 6059 14633 95
1 234 3819 733
3 21627 25295
1 17921 25665 887
1 16987 19008 665
1 11098 27371 990
1 2779 10875 901
3 14006 28046
1 9237 16520 297
3 27629 28836
1 1666 25439 976
1 15617 29716 753
1 1230 12552 713
1 14915 29610 250
1 9611 22831 283
1 7555 30634 771
1 23005 24934 489
1 15150 26571 323
1 2061 22198 493
1 7475 25176 429
1 17902 18995 837
1 20415 22137 320
1 5771 10834 249
1 236 11136 520
1 15511 26487 94
1 11724 15071 995
1 12010 22139 838
1 1672 29447 629
3 15702 17106
3 5890 32079
1 8557 22172 740
1 13055 24453 996
3 1268 10765
1 19902 31204 583
1 1935 12149 439
1 23684 26057 917
1 10152 29558 109
3 2 24795
1 7225 16226 22
3 18905 27105
3 701 5522
3 3487 8865
1 18634 21786 68
1 24059 26481 988
1 4334 20631 196
1 5152 16490 23
1 28456 31284 294
1 6034 31974 370
1 1299 1913 182
1 9222 28301 450
1 6009 10739 190
1 15866 32502 812
1 14080 24974 754
1 8138 11667 702
1 1703 4371 898
1 16497 21483 898
1 4981 24956 259
1 15891 26138 551
1 21690 23729 134
1 845 22644 439
1 18382 19659 15
3 22090 31614
1 661 10686 910
1 22974 27391 894
1 4923 9042 909
1 5713 5863 93
3 23050 25020
1 11627 15036 591
1 6732 12412 469
1 25733 26958 941
1 10811 23521 87
1 9711 11632 41
1 2473 5214 651
1 1111 25660 692
1 1113 18449 476
1 11152 20127 428
1 22419 32268 978
1 20798 29609 897
3 7846 11476
1 7564 26848 76
1 15326 25082 44
1 3681 8367 156
1 20070 29005 102
3 4359 25519
1 3019 19982 190
1 5719 7247 910
1 11990 14241 839
1 19628 26350 82
1 330 21099 108
3 14990 26071
1 3366 32449 696
1 18108 31137 130
1 18748 30960 781
1 14515 24867 398
3 30645 31322
1 2077 14589 592
1 9206 29413 783
3 6621 11342
1 11937 25265 947
1 21515 30012 883
3 7887 13321
1 16933 20912 26
1 3303 31894 725
3 24998 28334
1 13156 32669 585
3 9779 27755
1 7285 15550 711
1 14763 15291 433
1 12299 14851 16
3 11597 26611
3 10036 19024
3 14872 24172
1 14170 27644 316
1 6991 11930 889
3 1364 11596
1 2434 14939 983
1 1976 12673 486
3 1329 23891
1 23281 28930 367
1 19524 32464 390
1 17003 31179 594
3 18006 25977
3 13890 22038
3 21252 21304
3 20514 27064
1 11482 28691 499
1 13372 28340 686
3 216 17118
1 14886 30025 191
3 13005 21737
1 18018 25006 988
1 2058 27842 800
1 14433 22272 9
3 551 3185
1 4703 21210 889
1 12269 22065 548
3 19328 21808
3 1705 11345
1 12602 18696 414
1 28191 30733 189
3 22215 22659
3 15445 27563
1 10613 17688 555
1 7695 19640 742
1 3983 27922 60
3 9120 27648
1 21930 32389 715
1 10784 28890 86
1 1762 28462 551
1 3615 15523 401
1 25190 31270 309
1 10435 19084 466
1 7363 22089 258
3 11733 12097
3 19350 30287
1 4686 26044 757
1 3860 4218 555
1 12405 23913 235
1 22475 28574 890
1 6111 15904 734
1 9193 18641 140
1 24901 26688 515
1 9941 25905 35
1 15616 32032 130
1 13160 30336 408
1 4541 30557 369
1 22863 24772 851
1 18315 30404 608
3 951 25246
1 5532 31143 37
1 2096 24379 101
1 1403 24785 684
1 4582 26785 217
1 9333 28623 482
3 14257 16344
1 17758 30209 207
1 5321 26493 385
1 12443 25040 262
3 19745 27558
1 24482 29347 583
3 262 8949
1 19638 22862 541
3 19025 22324
1 619 24101 754
3 11097 27453
1 5584 7640 368
1 840 27001 591
1 4766 12674 500
1 2640 7685 66
3 25931 32240
1 13 17070 424
1 18510 23584 466
3 4378 32280
3 2016 17934
3 10813 27877
3 16706 18645
3 17859 21291
1 1117 11447 801
1 12526 13256 188
3 3250 26339
3 2180 30740
1 22062 29665 316
3 15793 18842
1 1083 21589 543
1 510 5491 275
1 1759 4497 89
1 8199 32665 370
1 7360 21863 820
1 5076 12417 917
1 7283 29387 729
1 19916 22535 280
1 28759 28959 308
1 6084 9812 857
1 6449 9367 757
1 12703 14903 482
1 26301 28839 434
1 8725 15209 779
1 7918 31686 787
1 3170 20431 517
1 6874 19836 692
1 11938 18476 856
1 14087 31007 119
1 5521 30551 198
1 5349 22350 351
1 17988 29578 853
1 12125 19561 918
1 11788 29047 321
3 813 23347
1 102 11904 413
1 1810 6258 344
1 20906 21646 317
3 21218 29537
1 2809 15244 239
1 16100 23824 774
1 11531 16526 837
1 17487 30635 280
1 28453 30912 30
3 16673 25143
1 10561 19387 54
1 6370 21196 943
1 273 14657 83
1 918 27887 845
1 18522 29761 249
1 20971 27241 739
1 10979 23603 666
3 2645 24400
1 667 8872 621
3 14185 31677
1 13752 22701 826
1 18885 30277 689
1 4683 18860 279
3 1380 23647
1 2554 5132 144
1 17692 27394 266
1 8545 15217 883
1 13669 21740 333
1 9523 10356 931
1 1713 24408 79
3 1755 15582
3 9876 30649
1 14173 19125 16
1 15981 20349 389
3 21016 28100
1 16178 20003 473
1 1816 24666 805
1 13420 26201 302
1 23324 29526 11
1 25265 29588 24
1 10621 30259 340
1 19196 24891 929
1 24975 28648 212
3 1367 28987
3 12358 17704
3 9287 29146
1 5704 27708 662
3 8845 15849
3 943 23207
1 10396 17236 168
1 22159 25393 439
1 2596 15282 733
1 247 18241 657
1 12751 28764 811
1 10407 29028 811
1 25273 26604 995
1 7264 16811 210
1 15306 28712 219
3 2075 19305
1 18673 29860 138
1 906 9851 917
1 2461 2817 152
1 14211 15360 775
3 1858 28124
1 13572 32617 74
1 21346 27054 706
1 22227 27659 721
1 1278 27156 146
3 3634 29377
1 2083 6712 712
1 4635 24230 491
3 12903 27606
1 10052 18375 58
3 11000 14589
1 18732 30124 496
1 27929 32007 453
1 25131 32542 664
1 2496 32491 634
1 11976 20138 910
1 4971 31982 950
1 15205 24188 651
1 11917 29048 663
1 22547 28007 357
3 4636 26693
1 2897 32433 574
1 5007 30926 112
1 6728 6922 281
1 6490 24996 794
3 4132 10287
1 24129 29480 858
1 697 22154 487
1 14258 19238 286
1 5103 20427 677
1 4044 6206 76
3 13829 25071
1 2185 19629 971
1 10556 20623 777
3 13989 14014
1 5719 17218 5
1 29784 30010 154
1 3994 7702 663
1 3496 20520 174
1 1083 2164 859
1 6831 10860 217
1 4597 14016 72
3 8981 17676
1 3673 23560 279
3 3014 22372
1 12281 30050 515
1 16488 29027 818
1 7460 28781 896
3 12317 24851
3 4327 16569
1 3104 10807 505
1 988 3652 662
1 12357 17865 940
1 7792 12435 259
1 3730 30654 76
1 7984 31931 258
1 10054 19169 710
1 2812 14323 576
1 969 12973 995
1 1243 3744 25
3 7510 25504
1 14402 27935 654
1 10346 10935 344
1 9713 17955 738
1 13514 24284 785
1 15151 20212 775
1 20196 31988 949
1 5406 21122 17
1 9091 16770 131
1 1335 3227 923
1 8061 28596 165
1 5011 25257 423
1 13361 14313 730
1 13433 18717 423
3 15884 23591
1 13919 27568 943
1 15593 20633 242
3 2931 23653
1 20871 24497 347
3 10399 31752
1 16407 16991 743
1 8131 25486 742
1 24829 29827 809
1 29039 29357 522
3 26525 30826
1 3150 9355 671
3 13364 13594
1 23998 30809 660
1 3479 31513 243
1 9641 10311 675
1 12680 29360 258
1 7036 30126 243
1 10345 13748 729
1 22750 24897 374
3 4697 26380
1 12241 24257 332
1 20522 31463 561
1 10260 14288 486
3 1534 20481
1 4826 18265 697
1 19969 23720 696
1 15362 21462 503
1 4842 23757 528
1 20011 31812 88
3 16962 24792
1 5015 8359 679
1 5285 6534 369
1 19421 20314 719
1 15809 30233 289
1 23294 30174 882
1 19674 20634 503
1 13664 15223 952
1 18965 23878 934
1 1175 20080 654
1 1213 5873 324
3 15476 27154
1 9759 24167 475
1 9087 15999 813
1 13397 15116 37
1 908 1498 984
1 20702 24395 936
1 6147 30106 319
1 9893 23268 629
3 6079 21309
1 1421 25608 830
1 24515 26322 240
1 14169 27361 227
1 16568 32673 975
1 774 7006 294
1 6666 13116 242
1 27366 29650 356
3 14140 18145
1 21236 22417 201
1 12891 24123 559
1 5540 23827 895
1 5504 7311 569
3 24047 27401
1 3096 22628 901
1 21746 32492 16
1 14229 31651 25
1 23570 28453 321
1 6700 25362 398
3 18251 20157
1 2140 31327 462
1 3715 3738 488
1 6977 25984 871
3 9529 24421
1 3250 4741 243
1 5310 14631 716
1 21171 30081 202
1 11521 16532 867
1 12911 21945 190
1 7775 23861 202
1 13485 25267 286
1 14177 28011 353
1 942 17527 203
1 8260 11612 131
1 6235 24920 26
1 8085 21846 639
1 2793 24666 293
1 2190 28274 74
1 10033 18387 314
1 22455 22770 260
3 12274 19752
1 16064 27779 542
1 15190 30057 606
3 4792 20882
1 14107 27218 771
1 1192 28785 84
3 5427 21060
1 21441 31900 283
1 2146 8606 330
3 16079 22594
1 3216 20642 536
1 19004 32132 608
1 786 21029 429
1 2361 3604 151
1 8706 13690 623
1 5619 18286 484
1 3484 8944 507
1 9587 18542 714
1 24735 26570 758
1 1368 18516 622
3 11144 23045
1 9506 15996 207
3 985 8597
1 4826 20197 61
1 3794 7493 869
1 367 24359 909
1 8201 29346 386
1 13342 32713 58
1 16934 21747 264
1 29010 31120 804
1 13415 20328 485
1 2081 17871 681
1 5851 10006 332
3 2422 4156
1 15106 17876 659
1 10713 24145 711
1 2576 7328 239
1 20272 32078 949
1 18315 25231 336
1 21730 30485 426
3 20326 31745
3 5641 13837
1 20719 27869 456
1 3310 27396 499
1 17250 24983 875
1 26252 31205 429
1 5675 22978 136
1 15005 25122 446
1 15334 23368 679
1 9973 13368 847
1 16271 20233 817
1 8968 11742 860
3 149 29646
1 19275 19404 743
1 15381 19044 945
1 2262 27670 199
1 564 6850 438
3 14991 19303
1 5231 6334 155
3 19394 24216
1 10121 28355 713
1 4310 31491 403
3 11020 20884
3 8759 24111
1 9603 30797 913
1 3554 11485 24
1 18701 22452 305
3 10002 24210
1 914 24532 564
3 16477 17120
1 9949 18007 70
1 7019 25372 14
1 8164 31966 912
1 17490 26447 583
1 3775 29572 478
3 2625 18112
3 121 28561
3 25429 26883
1 18908 26007 508
1 1834 15663 805
1 16589 18593 623
1 4397 16935 977
3 5872 17514
1 7281 30822 319
1 6839 25684 658
3 8681 31220
3 12539 24159
1 3258 17374 161
1 1241 11691 186
1 16339 30930 774
1 1297 14235 305
1 12525 23070 680
1 27191 28126 860
1 6379 13215 637
1 12632 20579 640
1 5017 12673 900
1 3524 28050 273
1 10804 20665 50
1 17394 29277 733
1 10864 25340 553
1 16923 23730 703
1 10454 18271 396
1 20617 30244 190
1 5361 28978 524
1 12870 15932 467
3 3373 3867
1 7446 12994 941
1 28010 32231 399
1 3949 21454 797
1 11242 13752 272
1 4388 15552 466
1 4377 23824 970
1 6081 26264 650
1 8818 21028 79
1 3654 7405 737
3 15454 27601
1 306 8598 582
1 9773 29410 912
3 6525 14772
3 10419 15138
1 15259 26348 197
1 16136 20904 702
1 8814 18050 236
1 2696 16737 397
3 13466 17253
3 1305 12341
1 12079 22345 593
1 1038 15134 366
1 1470 27889 819
1 5160 18190 417
1 7223 18134 88
1 5115 28663 353
1 2355 26803 555
1 4866 5771 690
1 14916 16319 501
3 8796 32724
1 6427 12792 542
1 11188 26858 995
1 18115 26129 169
1 16653 28353 595
1 3675 30790 121
1 954 10973 721
1 619 16256 846
1 4572 10268 296
1 8545 16796 380
1 5608 25438 38
1 2013 24602 204
1 14499 26765 420
1 4358 30413 129
1 11621 13652 562
3 6127 14710
1 18878 27128 553
1 5124 25504 713
1 13481 16683 890
3 2498 13272
1 10787 24535 647
1 872 9135 69
1 11174 27052 65
1 3703 19565 588
3 4942 32403
1 10313 20488 449
1 1619 12274 237
1 14913 23961 889
1 5063 29699 540
1 20212 21581 136
3 23258 31193
1 17868 28659 174
3 16711 20687
1 30731 31013 756
1 16714 19371 844
1 2511 21999 310
1 5881 22109 293
1 2797 6444 253
3 24484 25454
1 8707 22400 417
1 5726 30474 360
3 3471 13944
1 13621 25508 747
1 6852 8679 133
1 2912 25417 546
1 18557 21835 733
3 1208 14389
1 20121 20984 833
1 11699 16811 720
1 18662 30834 64
1 3276 28750 211
1 3210 12881 25
1 1072 19831 552
1 10232 25121 975
1 12077 19300 248
3 31022 32703
1 9531 22852 564
1 7003 31878 862
3 24151 28482
1 10061 17623 256
3 589 18929
3 19581 31566
3 14743 20351
1 15974 29434 555
1 13144 15208 82
1 25534 31976 160
1 2677 10740 440
1 15467 25391 494
1 3551 31287 521
1 3586 9623 488
3 5887 16350
1 21175 29321 425
1 3564 19149 350
1 5289 15236 529
1 17959 22839 101
3 3135 31787
1 7716 20270 528
1 5366 8496 169
1 3633 14993 924
1 14858 27263 83
1 528 28096 229
1 2605 28807 693
1 12443 29907 321
1 2136 14808 878
1 9101 26354 985
1 22583 26571 793
1 7677 29415 659
1 11144 11293 726
1 3446 16638 201
3 6708 13269
1 19626 22682 426
1 18550 30014 557
1 10185 28047 723
1 19923 26769 85
3 31460 32186
1 7873 18933 880
1 3273 15268 107
3 8998 22034
1 23072 29971 793
1 17526 19388 239
1 13014 27516 391
3 7122 27764
1 536 6767 327
1 11860 19860 569
3 10171 15985
1 1010 6424 956
1 8540 16971 101
1 6342 26311 713
1 12935 13309 508
1 7966 27485 757
3 6318 17550
1 2846 30031 138
3 18354 22375
1 10808 15514 444
1 894 19855 844
1 10776 13449 111
1 17020 27250 884
3 28455 31046
1 5124 19462 447
1 5618 29205 194
1 4983 10503 839
1 2712 5575 706
3 24848 30776
1 10293 25800 679
1 20549 30697 6
1 8686 20407 180
1 1352 3615 532
3 19626 29229
3 11755 13982
1 22088 31201 841
3 4262 26632
1 3676 28452 76
3 9000 28804
1 6081 25912 454
3 24150 31831
3 24382 29964
1 10192 22283 935
1 22534 32281 62
3 18584 28613
1 17759 24158 854
1 9201 28199 857
1 7163 16800 432
1 2225 23890 286
1 18859 19613 878
1 18593 30031 76
1 23353 31407 820
3 25565 25856
1 10632 24735 326
1 8898 31365 816
3 21680 32061
3 6509 9172
1 24647 25680 786
1 2808 26369 471
1 3830 8047 481
1 11788 19602 777
1 1159 22883 986
1 1142 25102 413
1 2448 17935 841
3 11650 22352
1 13377 29440 456
1 14464 25369 879
1 11331 17965 712
1 10067 11930 202
3 20288 29749
1 5870 32669 598
3 21342 26407
1 5032 13817 55
1 9364 21529 983
1 5790 22676 482
1 221 29105 962
3 8650 18338
1 14296 28372 784
1 10793 29970 660
1 1467 13391 428
1 10579 27597 588
1 1537 23662 503
1 16075 23037 385
3 30501 31539
1 11290 26106 540
1 345 21204 211
1 2745 15399 47
1 10662 12601 316
1 6807 30264 150
1 21628 30623 537
1 6225 28928 381
1 8048 28800 892
1 21662 25389 366
3 7703 15301
1 4641 23337 307
1 1525 12723 82
1 9926 18592 276
1 23894 31183 661
1 21636 27570 87
1 8694 14692 728
1 18690 31221 630
3 20994 25807
1 15799 20777 288
3 19952 26394
1 19163 24236 84
1 10900 11787 997
1 2624 2990 717
1 16964 22985 765
3 22869 31956
1 20428 29864 395
1 17295 30519 256
1 5377 20116 727
1 8774 14499 905
1 16048 22603 521
3 6659 21766
1 3683 18100 511
1 9682 14529 839
3 15349 26462
3 8237 30758
1 16443 24277 182
3 3965 5955
1 9175 15489 998
1 10151 13380 515
3 9816 29806
1 3668 28222 647
1 7597 8073 316
1 1748 30912 464
1 3882 15530 393
3 17468 20406
3 28654 28861
1 20394 30947 885
3 10238 23784
1 12544 27401 214
1 2108 19843 331
1 23704 26294 127
1 14174 21365 298
1 15417 20251 138
1 8745 23277 249
1 22143 22262 645
1 3458 24764 378
1 1860 18751 173
1 20706 29207 682
1 14773 29206 209
3 9766 28618
1 7368 27872 468
1 16475 25122 237
1 8770 28620 626
1 3626 15258 15
1 19169 26146 179
1 3467 11997 773
1 8272 9770 367
1 9083 32364 82
3 10312 13555
1 19869 26173 211
3 12474 22812
1 3617 31310 808
1 6721 23045 551
3 18799 30468
1 8256 22275 530
1 764 22702 926
1 539 17320 217
1 6608 14745 521
1 3523 20528 309
1 10097 17058 601
1 14613 21012 182
3 3471 17549
1 16886 29664 604
1 11122 22197 481
1 19056 31919 243
1 12282 17128 91
3 9989 21795
1 19403 26840 45
1 20733 27505 33
1 10928 24638 317
1 26486 29197 32
1 16562 21111 181
1 2017 25903 958
1 367 11586 211
1 2794 30338 636
1 1151 6941 723
1 5876 9271 309
1 5535 24086 650
1 13475 32625 266
1 5975 14379 539
1 6872 6992 489
1 7741 31490 693
1 22287 32656 466
1 7900 25860 427
1 14157 14749 568
1 1232 30020 259
3 16239 16964
1 13674 25004 268
1 16212 16757 838
1 25701 27228 543
1 2052 23680 271
3 16150 18685
1 2254 6501 314
1 15492 30912 461
3 14148 20569
1 6300 32035 730
1 12475 12731 609
3 3915 8098
1 12135 22832 531
1 7551 29606 38
3 4712 13988
3 21478 21530
1 25086 30126 15
1 1108 15931 718
1 3490 14004 914
1 962 14413 310
1 8655 20931 978
1 5711 16916 761
1 14965 15755 150
1 1916 20552 280
1 19849 29358 653
1 12347 25516 974
1 20867 30785 23
1 1087 7862 451
1 16463 29664 205
1 2396 20789 442
3 21589 24481
1 7519 15083 494
1 5067 18480 935
3 1054 23862
1 5504 26875 917
1 2995 7715 869
1 5314 13731 773
3 16468 23480
3 6429 29543
1 2782 7587 630
3 15316 24365
1 12592 19820 881
1 13646 22639 509
1 10396 24689 653
1 20065 30634 534
1 6546 26189 469
1 23574 30453 347
3 646 24610
3 11290 20250
1 6603 7412 906
3 612 17872
1 13067 15405 391
1 718 10604 356
1 2695 12656 701
1 6080 16377 679
1 20831 24084 377
1 5831 16206 967
1 5911 29267 202
1 4462 23545 30
1 4312 16949 100
1 22 8868 529
3 15833 17454
3 11359 23592
1 2010 15943 899
1 294 5663 626
1 1136 1727 436
1 15336 32192 862
1 15798 32560 955
3 9598 26018
1 6044 30269 895
1 5457 14756 67
3 4318 29206
1 10010 28442 999
1 13084 13090 456
1 19075 30202 110
1 3030 11982 447
3 9933 31260
1 13663 30307 965
1 12930 22117 40
3 23367 31410
1 11832 16705 354
1 782 2075 112
1 22764 32301 61
1 488 5922 21
1 6184 24193 372
1 2957 31642 82
1 7712 17966 353
1 5350 32313 108
1 672 6468 738
1 14298 29170 371
3 12474 22854
1 5731 11309 841
1 30937 32680 535
1 8233 16123 595
1 9633 28108 577
1 25924 31330 162
1 7527 16904 407
1 28267 29379 250
1 7394 8234 9
3 4787 18104
3 4572 24170
3 13322 24248
1 10703 18902 854
1 28424 30648 825
3 9557 31746
3 8346 10100
1 4524 11261 241
1 19066 31182 779
1 16091 16332 737
1 2728 25409 849
1 1397 22335 945
1 358 12330 450
1 4214 27716 249
1 1743 21170 895
1 5318 9814 140
1 2169 13446 103
1 11574 24960 705
1 15406 22287 444
1 9430 9986 590
1 19951 22651 826
3 2075 16180
1 3832 6534 456
1 17849 26382 29
1 8183 22150 667
1 3693 8774 799
1 5663 13219 278
1 12804 32505 215
1 10429 13619 976
3 9528 29659
1 29130 32546 483
1 5815 26693 172
1 3713 4834 310
1 5925 14928 680
1 7910 20472 743
1 22677 31003 150
1 10220 23578 671
1 7806 23700 697
1 21175 21765 867
1 16612 30163 736
1 6166 16387 883
1 680 25548 924
1 7957 9815 811
1 6217 14220 973
3 16599 27754
3 15876 31134
1 8146 12014 527
1 3241 13478 719
1 8132 8727 682
1 17213 30221 348
1 7931 14494 226
1 47 8964 87
1 22500 31721 890
1 6355 30694 782
1 13736 29976 579
3 5068 21939
1 3449 31129 719
1 8405 11304 701
1 6322 12764 793
3 26099 29787
1 744 24654 177
1 5892 31020 103
3 7652 14804
1 9089 20890 623
1 29140 32743 872
3 5605 31592
3 2586 11219
3 9128 19115
1 12713 28284 333
1 7913 31209 605
1 13935 20950 546
1 14801 24273 578
1 7114 24309 316
1 16142 22323 52
1 2094 14590 909
1 4005 18271 134
1 14579 20073 984
1 278 13024 71
1 5331 8581 919
1 8348 17475 153
1 20079 24818 829
1 2639 8428 250
1 5834 20518 781
1 2345 21524 303
3 24524 32745
1 2062 3355 335
1 2155 11968 232
3 17684 19551
1 8582 26074 470
3 3802 5380
3 2018 25986
1 9430 13218 403
3 2304 18963
1 7068 25264 91
1 6391 11907 396
1 670 28410 785
3 23678 24618
1 13981 24962 609
1 7625 31875 615
3 3342 5993
1 1496 30999 311
1 3872 5796 900
1 6693 10944 707
3 14197 29790
1 22926 29397 846
1 4865 14447 28
1 3026 23183 639
1 17812 23093 185
1 5619 15787 280
1 835 15118 49
1 7105 8104 461
1 289 4725 401
1 17869 27776 521
3 1556 5321
1 175 8793 787
3 5888 17684
1 6376 11578 250
1 11285 15286 943
1 16382 22636 102
1 2093 15646 713
3 22633 23190
1 26269 28726 600
3 3276 22636
1 762 6707 785
1 20421 26695 363
1 22919 29330 546
1 13742 29841 890
3 13475 29528
1 6188 24056 301
1 8609 23263 906
1 3292 10593 82
3 6630 24194
1 19860 30312 665
1 10605 19100 129
1 1872 22380 887
3 1474 29545
1 17841 31573 12
1 3879 21693 274
1 17707 28946 868
3 11607 31758
1 19868 26884 586
1 9305 15094 312
3 24821 31352
1 6018 27945 315
1 3399 8576 92
1 20556 30398 856
1 6489 29503 447
1 9521 32720 648
1 14625 22916 24
1 18313 26930 37
1 9820 18024 155
1 30857 31991 295
1 6002 32758 66
3 9568 22855
1 28775 29143 774
1 5398 32606 642
1 379 23213 865
1 4001 24484 311
1 3438 24300 437
1 3203 23160 574
3 146 20220
1 30747 31160 749
3 11299 22798
1 4520 28725 179
1 2069 20345 220
1 7116 10692 478
3 6686 31356
1 4867 28814 515
1 14335 29055 604
1 12771 28002 622
3 6018 26731
1 6585 20301 189
1 4728 20069 990
1 10874 13149 490
1 13142 32321 633
1 2519 13839 678
3 10788 22760
1 6853 22394 170
1 1453 16643 457
1 3821 28929 996
1 2396 30208 341
1 12313 23216 76
1 1338 24946 308
1 261 8404 982
1 17701 17812 857
1 21121 29568 490
1 11760 20734 1
1 18668 24590 613
1 3929 15289 841
1 2452 17088 894
1 20712 26970 403
1 8969 23922 475
1 13508 21808 806
1 18124 31972 346
1 13804 17162 819
3 11271 21766
3 2138 28963
3 3185 26296
1 7502 25413 183
1 12893 16553 152
3 4881 8422
1 2594 15083 58
1 5179 15488 434
1 24473 28064 238
3 24084 25988
1 6018 30830 815
1 5519 17855 391
1 22520 23809 60
3 3479 8893
3 29190 31256
1 4501 11606 531
1 6691 32712 210
1 12282 28084 155
1 10269 17247 131
3 5088 16029
1 6312 24551 592
1 7970 20910 947
1 23023 25266 184
3 2568 9877
1 5448 17886 394
1 7388 19295 199
1 119 16588 917
1 10721 31006 452
1 12179 23094 53
1 16495 27075 908
1 8549 30639 455
3 11548 19987
1 5504 6617 442
1 18269 29533 958
3 3910 30687
1 12361 28524 40
1 5174 16181 731
1 3421 9146 131
1 2034 18541 516
1 32163 32432 794
1 12931 26938 410
3 4253 9318
1 17040 21180 182
1 9785 32004 259
1 2669 24799 341
1 19044 30717 385
1 1161 28090 490
1 10409 20658 190
1 19017 27037 978
1 4847 21439 280
3 15069 26725
1 852 20909 269
1 10092 26465 683
1 6572 31635 759
1 2971 9278 322
1 17615 28125 91
1 14481 18775 501
1 1241 12323 867
1 13165 32187 871
3 5937 31850
1 7095 24915 8
1 5175 24614 328
1 14384 27280 251
1 18005 27537 903
1 16453 25670 602
1 3256 5299 812
3 15400 28564
1 4302 15039 761
1 12244 22501 87
3 2871 28520
1 27788 29710 801
1 1334 4406 313
1 14496 18136 436
1 11108 29245 103
1 6115 18097 279
1 14288 19509 595
1 15398 24896 829
1 13816 21798 437
1 9957 23644 583
1 449 3591 670
3 2762 29571
1 16087 16767 653
3 9520 14024
1 7656 11026 701
3 29578 32302
3 24975 29941
1 20770 29672 237
1 10971 17168 49
1 25288 28096 672
1 13444 15551 675
1 9211 11546 697
1 624 4565 13
1 18295 31528 858
1 2920 3525 148
3 27229 31503
1 10009 26552 315
1 14655 31074 466
1 14869 16635 748
1 4030 18687 694
1 6075 31110 606
3 10468 15590
1 11284 22507 453
1 3631 21635 515
1 4257 14928 770
3 6366 22106
1 14008 15365 809
1 13705 17483 749
1 4681 13135 752
1 16637 23633 573
1 7758 18141 393
1 5964 27100 303
1 14778 25001 544
1 28362 30500 925
1 7426 21287 407
1 20536 22375 786
1 16822 23204 548
1 9896 31249 236
1 24219 32306 665
1 1280 26669 369
1 13895 28426 60
3 13570 22629
1 4447 19646 782
1 18600 31349 372
1 13873 19834 606
1 4261 18584 286
3 5264 27457
1 1757 11494 483
3 15724 30523
1 15982 30464 453
1 3253 18149 473
1 7555 24995 824
3 13705 22182
3 25303 30276
1 17995 21223 747
1 5257 15734 269
1 2804 18629 862
1 16775 24594 60
1 6770 7254 657
1 21922 25331 469
1 5315 17769 239
1 2577 24507 336
1 6043 26601 712
1 7045 10723 181
1 22511 31067 905
1 14846 19956 491
3 12158 21076
1 31048 32715 3
1 11249 15959 763
3 6674 12525
3 28209 32744
1 14745 20501 930
1 2352 20846 942
1 12182 20399 251
1 10251 25726 969
1 2525 13614 823
1 20662 27586 837
1 19891 29362 650
1 5970 13655 560
1 2948 27051 733
1 10065 14340 163
1 7398 28629 650
3 3124 32115
1 13108 16558 503
1 10352 14157 156
3 6841 22029
1 18463 19365 578
1 17712 23568 138
1 21039 27738 895
3 5896 21836
1 4654 24210 198
1 636 10045 999
1 18540 28301 852
3 12139 28482
1 11910 21639 677
1 17196 24960 563
1 6056 17578 968
1 2609 2786 345
1 11050 13476 587
1 13474 25816 514
1 5406 30702 477
1 4397 6040 552
3 4680 19655
1 12595 24431 561
1 3232 8244 871
3 25587 31805
3 13833 22595
1 848 12805 25
3 7327 10090
3 12092 19361
1 21959 27378 58
1 123 8551 349
1 19972 27523 974
1 9958 25754 630
1 1128 22463 455
1 6611 30787 928
3 16739 24570
3 17978 30325
1 1533 12366 475
1 5321 31989 62
3 27666 30874
1 1738 20506 911
1 13825 15525 86
1 3601 25280 26
1 5947 18138 21
3 14395 19780
1 12693 24699 76
1 30612 32707 886
3 19666 29733
3 5462 26353
1 21389 29842 881
1 3525 23259 945
1 323 26023 931
1 4458 26640 25
1 7433 10854 555
3 16786 20847
1 5968 15897 650
1 14438 32071 215
1 10935 27087 31
1 6445 25720 976
1 22950 25028 321
3 8752 9101
3 4952 30937
1 19359 21518 102
1 816 2961 88
1 2562 28905 756
1 15693 16577 326
3 21234 22870
1 8115 11877 87
1 5619 14367 266
1 4641 7824 428
1 10929 18491 976
1 11155 21698 260
3 20332 27551
1 16009 20587 496
1 3658 23282 359
1 7386 20726 926
3 19604 21554
1 1234 20967 445
1 16877 21691 391
1 12096 14428 586
3 13307 21367
1 6710 13631 759
3 824 25013
1 3043 19554 779
1 14439 15719 159
1 9833 15430 328
3 14458 18843
3 14955 18526
3 19037 20829
3 17761 28480
1 11613 14485 189
1 10477 17642 712
1 12915 27655 814
1 20544 31640 367
3 4770 12352
3 9193 11828
1 6564 10453 537
1 15844 18104 806
3 3802 22803
1 2074 9892 429
3 4108 31319
1 23466 25846 427
3 3896 14346
1 4836 14370 830
1 703 28168 617
1 20495 29455 314
1 13051 13594 682
1 16165 24931 699
3 9941 23074
1 14768 25939 192
1 6842 12379 227
3 26841 31888
1 9394 30088 251
1 20966 25552 211
1 15431 23515 671
1 5016 17667 962
3 9586 21717
1 2519 30187 998
1 11822 31314 706
1 12388 31118 770
1 5798 31652 250
1 24475 29132 665
1 20620 25914 476
1 1633 28831 126
1 10753 23487 682
3 5203 17636
1 13129 13707 504
1 5720 11771 505
1 7219 11323 152
3 16527 18782
3 25353 26911
1 23184 31278 611
1 6679 32754 87
1 11695 26080 856
1 2355 28131 989
1 1761 9143 735
1 29372 31789 657
1 27486 28262 863
1 1049 29522 362
3 5366 22211
1 11513 17617 709
1 19632 27896 660
3 3902 14269
3 16182 20899
3 7543 31366
1 13661 15376 437
1 18121 23994 829
1 4643 28417 93
1 6333 10924 986
1 12838 22583 330
1 25833 30511 965
3 1903 27107
1 14436 31854 655
3 3539 13114
1 757 17049 359
1 673 8095 398
1 1263 12897 868
1 15984 17154 112
1 2097 9334 686
1 18593 27768 581
1 5720 13592 194
1 18234 19829 380
1 25901 30808 417
3 5548 17277
1 22919 27574 796
1 14338 23499 637
1 18550 27459 933
1 3266 20212 116
1 3143 27586 410
1 12996 28296 994
1 20530 23656 709
1 20460 32096 690
1 21790 27411 348
1 7702 23089 404
3 18972 31441
1 6174 29605 872
1 6482 23791 521
1 24811 29009 369
3 15374 18531
1 3587 12618 839
1 6369 8178 502
1 9840 12416 566
1 4688 31900 481
1 2413 3579 585
1 20932 30725 374
1 14499 16535 848
1 12210 18283 150
1 15962 16041 798
1 5649 7707 629
3 10118 27375
1 28182 28264 129
1 2434 28160 980
1 980 6042 734
1 6976 29467 573
1 22424 26146 999
1 10515 14487 148
1 13600 30389 40
1 12961 26398 677
1 11916 21532 689
1 13806 17137 844
1 13672 24880 117
1 9369 10672 861
1 2581 19562 932
3 4353 14389
1 5935 9274 254
3 4826 27916
3 12361 13401
1 18644 31812 561
1 14152 30292 164
1 14065 30371 439
1 6855 15912 696
1 7335 8811 397
1 12045 18888 73
1 5458 32423 376
1 14079 23843 581
1 3122 13593 129
1 9623 22059 815
1 24244 28394 598
1 9421 19691 511
1 6177 28674 983
1 76 12245 407
3 22885 26171
3 7356 31315
3 9254 13127
1 13088 28387 16
3 1099 6682
1 24752 26604 438
1 12690 19953 703
3 5823 19939
1 12386 20603 271
1 9269 18872 265
1 23499 30158 770
1 25144 30038 463
1 23639 27956 347
1 5329 14182 387
1 12670 28151 209
3 31862 32205
3 5267 19493
1 486 22063 109
1 6261 11630 338
1 26941 30390 253
1 13279 13891 226
1 25239 28419 167
3 14148 29992
3 17476 26009
1 1275 24788 828
1 23842 29498 865
1 10898 16369 139
3 2371 16047
1 4203 29193 839
1 14430 26320 815
3 4568 27666
1 4811 30945 972
1 5984 19402 315
1 10435 29646 665
1 11696 16437 9
3 1226 5477
1 16213 32296 274
1 6530 17159 520
1 12441 26043 548
1 5864 11756 358
1 12926 29950 562
3 9937 27883
1 4167 22231 19
3 5631 30070
3 28567 30023
1 7711 25514 810
1 8850 14703 951
3 14054 18907
1 31703 32459 258
1 4440 9735 43
1 7790 16651 130
1 3027 25322 915
1 16511 16803 855
1 4979 6473 287
1 1947 21155 145
3 7988 22452
1 7453 18647 696
1 2873 12416 985
1 3529 26435 282
1 18961 20627 541
3 8095 16034
1 8387 26053 381
1 6626 8642 515
1 12684 17568 901
1 26595 29209 632
1 8233 15581 376
3 17523 24979
1 2786 13301 200
1 5265 16597 410
1 2540 12864 810
1 7638 25450 329
1 11483 18318 188
1 21259 29740 135
1 2168 11307 414
1 8876 25969 640
1 26799 29566 125
1 11856 14897 649
1 17021 29970 993
1 7349 32497 174
1 15562 32447 823
1 12268 24221 820
1 11452 29530 689
1 10354 19053 495
1 5836 17561 449
1 869 9903 453
1 765 31202 618
1 17554 19389 729
1 7687 18973 767
3 10853 32005
1 4828 7217 858
1 20000 24796 468
1 6071 19737 174
1 4757 24539 277
1 23767 26328 356
3 9300 31467
3 17171 29955
1 9985 26959 160
3 4727 17054
3 2171 15170
1 7433 20141 464
1 18784 27544 354
1 13243 23746 497
1 7798 31688 841
1 10231 28389 111
1 1632 6064 664
1 10654 24836 423
1 2645 23953 621
1 950 4347 918
3 26194 28031
3 22267 25039
1 1864 28269 752
1 12586 19572 166
1 12923 16021 649
1 22241 26736 581
1 15471 18069 667
1 1251 17024 970
1 4454 23949 893
1 5795 7454 398
3 5532 9083
1 8696 23346 211
1 6473 17425 320
1 20773 24558 798
1 24856 25912 156
1 8738 13003 1
3 2887 8831
1 17697 21551 592
1 14510 28322 771
1 10033 32380 779
1 7759 26748 690
1 628 6896 251
1 22104 23089 576
1 9569 10156 151
3 12164 23815
3 24618 27648
1 10000 32090 992
1 1445 15742 946
1 2205 13410 376
1 1151 21249 990
1 12207 20324 113
1 18416 24269 653
1 11647 25564 529
1 13201 18632 854
1 9411 32546 387
1 12189 26897 412
1 904 23438 548
1 23385 29846 105
1 6018 6956 887
1 6838 28271 664
1 1678 32306 986
3 14908 25335
3 14145 16423
1 2399 15997 512
1 737 32658 680
3 1308 19442
3 13432 15073
1 5548 9007 515
1 29304 30567 177
1 19491 24945 219
1 17451 32719 429
1 6632 8564 965
1 926 6751 304
3 10686 16284
3 15770 25477
1 21779 28671 396
3 8476 29044
1 3080 3386 855
1 5882 25061 949
1 7545 22915 481
1 7180 22643 393
3 4738 13968
3 18452 20048
1 3366 8088 828
1 4131 28798 961
1 26077 29061 53
1 20936 27651 157
1 6013 19102 31
1 10224 31416 307
1 17710 26310 479
1 9792 22530 893
1 16318 29429 352
3 7127 15361
1 22031 26087 508
1 12659 16866 641
1 30288 31334 453
1 4403 14270 369
1 1670 2061 880
1 260 4172 981
1 5683 23756 783
1 21662 30068 894
1 9992 25216 811
1 1441 24780 947
1 3106 26285 885
1 11523 31024 244
1 9632 26098 350
1 1143 18516 878
1 1077 20335 103
1 21370 25787 42
3 5558 7993
3 16149 29034
1 10406 12246 298
1 4144 13526 421
1 12471 19954 444
1 2400 2885 415
3 10787 11788
1 4621 20056 970
1 13590 31621 903
1 2248 30715 319
1 25537 32723 676
1 9135 17554 462
1 1915 4499 709
1 12143 23037 957
3 2128 17215
1 6616 29087 992
1 5612 10984 414
1 27820 28755 791
1 10209 12968 830
3 14160 21234
1 2582 8201 493
1 18896 21610 479
1 18986 26460 111
1 4529 18757 766
1 649 6764 820
1 4177 25196 501
1 11125 15803 546
3 14928 16605
1 9144 26679 656
1 4077 21863 792
3 1868 29115
1 4155 9934 600
1 913 26169 455
1 15016 22605 688
1 21907 23935 26
1 20945 28281 599
1 7890 25264 662
3 3727 21095
1 17628 23673 796
1 17038 26913 428
1 10475 11192 838
1 19784 20831 555
1 3441 7638 72
1 8948 17823 399
1 7073 22658 211
1 9766 17757 995
3 988 24153
1 2741 20976 392
1 14268 17242 315
1 8041 30582 729
1 1633 30572 626
1 3397 4177 477
3 3722 17829
1 4416 32599 45
1 6347 10946 648
3 4057 28492
1 794 24037 10
3 12313 23001
1 8249 17542 251
1 11244 26352 35
1 7682 29284 639
1 9288 19074 22
3 3242 26180
1 8421 14742 582
3 12811 28848
1 25171 30317 430
1 20461 23959 496
1 9501 12578 129
1 10376 31075 701
1 20440 23490 458
1 260 22566 228
3 3976 25592
1 2101 15495 440
3 1770 7787
3 18476 22239
1 6043 27497 25
1 1871 23519 240
1 14559 16996 519
1 3212 9664 662
1 27902 29868 299
1 2003 24731 36
3 22448 29309
1 15395 17106 918
1 21566 28651 690
1 5520 24078 994
1 5458 22167 134
1 4733 9397 414
1 10076 14995 253
3 28410 31780
3 1829 5313
3 14271 31338
1 6939 20040 238
1 4014 16284 737
1 11491 27277 907
1 22818 23157 774
1 17378 17820 388
1 7382 28138 951
1 1854 14567 18
1 2397 22302 311
1 16920 18651 858
1 163 15438 205
1 641 6381 582
1 12589 30361 918
1 3517 27225 443
1 15335 20268 760
1 22159 30931 659
3 12885 17431
1 17385 25612 326
3 151 7465
1 29494 30981 168
1 17271 19808 529
1 26106 32554 734
1 9227 14107 264
1 2257 14368 87
1 18390 22256 303
1 162 31753 99
1 10256 16237 238
1 16719 19521 696
1 4291 14850 93
1 8492 23280 437
1 8406 20990 111
1 5855 18463 359
1 13157 22065 18
1 1194 12661 215
3 9391 24323
1 3677 13032 955
1 3420 25644 911
1 716 14442 639
1 15090 29739 395
1 11117 13333 903
3 5023 14974
1 6995 29782 209
1 1148 20981 640
1 8137 14659 941
3 12911 20849
1 1002 17280 90
1 11583 13586 621
1 3709 25066 671
1 26398 31698 983
1 3056 18943 766
3 20220 21596
3 5354 15999
1 14433 22159 331
1 27376 27609 862
1 21005 27710 783
1 11969 29534 795
1 10842 27014 40
1 5277 19330 481
1 30516 31392 75
1 5387 13905 127
3 4136 15553
1 4376 11702 195
1 3536 19901 540
1 3550 3855 700
1 7092 17045 562
1 6061 18371 527
3 13159 19469
3 10672 22848
1 22598 23338 343
1 25169 26255 961
1 17988 22550 292
3 14179 19943
1 6190 14009 874
1 21428 29704 85
1 10154 22828 353
1 11187 24532 666
1 5587 30254 154
1 12682 26182 187
1 928 5682 375
1 5487 24127 398
1 12551 25542 712
1 6293 9788 835
1 15745 29198 927
1 27237 32284 160
1 6401 13001 428
1 3889 14190 46
1 339 16376 770
1 15356 20644 385
1 15068 18968 120
1 11742 29880 300
1 3896 8332 416
1 88 23504 931
1 6794 19266 636
1 14948 21809 479
3 8469 31779
1 4766 17608 414
1 23162 27640 347
3 12036 26499
1 1031 22960 137
1 1510 1965 437
1 18083 24777 702
3 2295 29881
3 8951 29640
1 11964 22224 303
1 7978 10165 811
1 8224 29607 101
1 22697 29508 335
3 619 27131
1 7989 21274 168
1 10747 16094 782
1 21391 27197 664
3 12233 23716
1 8129 18753 642
1 3014 20697 116
1 2201 25122 542
3 2599 8913
1 13501 24252 979
3 5697 17029
1 22649 25617 430
1 12439 20524 821
1 1998 19285 67
1 18010 26320 480
3 6864 12304
1 3099 16636 358
1 1026 16772 883
1 16505 18980 836
1 6376 13228 538
1 13069 14668 244
1 16741 19332 905
1 9509 27399 1000
1 18539 20187 660
1 8441 32122 242
1 1861 17690 517
1 8380 27715 636
1 11131 25705 777
1 6887 10036 830
1 5498 17923 908
1 16475 22320 532
3 18581 26930
1 570 11301 183
1 9368 22070 649
1 3307 29130 892
1 17131 17956 798
1 5677 30360 585
1 851 3984 310
1 24743 32175 105
1 3878 10746 7
1 2986 22373 253
1 10579 28833 978
1 3630 9526 672
1 22168 26958 79
3 16229 28743
1 1305 23708 576
1 28896 31050 628
1 15100 26465 688
1 6826 9576 722
1 10683 22367 35
3 2859 15950
1 12882 26526 369
1 7467 24899 763
1 7032 10711 329
1 17965 32636 937
1 19956 20711 176
1 6485 11824 424
1 20367 31346 821
1 5232 20973 978
3 21238 32470
1 24002 29639 131
1 14912 28034 78
1 6852 22176 600
3 795 10560
1 16548 26251 776
3 1780 12466
3 6711 13707
3 2221 21851
1 17065 26629 307
3 14949 24596
1 10849 13019 585
1 8891 9454 192
3 2187 24103
1 19112 24248 255
1 2826 26830 217
1 5251 20669 445
1 8030 22126 923
3 27835 27897
3 10050 29068
1 6676 13747 12
3 3342 10206
1 15062 17331 831
1 21135 30045 285
3 26692 27889
1 18406 28810 260
1 21765 24028 541
1 3880 11784 807
1 3662 30367 180
3 8870 28020
1 4346 14441 700
1 21936 27150 540
1 14971 26439 115
3 7537 23302
1 2732 14043 278
1 18740 27406 264
1 9131 17487 269
1 20885 28931 966
1 22599 25233 230
1 11310 17644 252
1 9456 26320 829
3 681 27736
1 12314 28428 381
1 11880 25527 978
1 24120 28864 614
1 4595 10504 477
1 10937 25820 391
1 2855 21228 160
1 22512 25827 948
1 19063 19343 290
1 14721 22111 728
1 496 1122 912
1 918 2732 657
1 6650 24651 913
1 10137 12605 282
3 9864 15747
1 4963 5580 671
1 1340 26047 929
1 1189 31038 455
1 3320 26318 532
1 26255 31164 70
3 5969 26271
1 3905 4513 399
1 28202 31049 211
1 830 4762 421
1 13754 31835 891
1 14318 27636 71
1 2129 11867 659
1 21227 26140 601
1 6041 23057 410
1 13678 27768 725
1 25028 27608 946
1 16033 16918 287
3 5641 13340
1 11102 15460 957
1 23874 30737 664
1 10772 28336 570
1 21299 30750 911
1 9814 25373 426
3 22650 29622
1 20144 20937 390
1 10923 29019 790
1 702 1518 792
1 24809 28646 250
1 8830 16659 727
1 1440 25193 30
1 9488 19691 179
1 12758 32316 411
3 6979 28752
3 20039 21085
1 14127 14907 50
3 5082 28082
1 1156 3834 193
1 12008 21253 128
1 11921 22038 237
1 9407 27037 944
1 8896 15625 1000
3 22536 27788
3 29106 30083
1 4751 11672 753
3 16454 32015
1 15524 31983 43
1 6985 22636 205
3 12293 24840
1 19650 31499 755
1 9207 29811 692
1 4668 10276 585
1 734 15377 453
1 282 23064 114
1 31105 31212 715
1 3307 9481 378
1 19392 30130 652
1 22453 27420 337
1 7483 31049 272
1 7850 29378 266
1 20229 26143 246
1 4531 29229 317
3 7554 27204
1 5333 7809 331
1 9715 14403 64
1 23555 27124 867
3 17868 21415
3 28186 30020
1 9385 12383 687
1 28523 31576 509
1 1455 27222 924
1 886 32185 390
1 23798 27921 642
1 22778 30144 951
1 11486 21871 785
1 2664 22571 912
1 6626 14284 327
1 280 25572 986
3 5002 19984
1 9369 32273 161
1 7571 17356 990
1 6964 17646 107
3 1133 1472
1 1573 18317 355
3 13613 20158
3 3373 17783
1 5397 18115 97
1 24424 28886 422
3 4139 11048
3 13131 26951
1 17509 30702 884
3 19203 28887
1 1657 21160 85
3 6081 13563
1 5426 17011 225
1 12393 13531 818
1 4895 6595 147
1 12918 25003 949
3 684 12964
1 1407 26654 662
1 296 16742 327
1 16561 29820 157
1 10897 18389 285
1 19332 19484 366
1 22727 23000 885
3 17228 29058
3 3585 12353
3 19109 20524
1 420 1441 710
1 11728 15716 242
1 4204 10041 318
1 15517 29389 183
1 10843 21815 521
1 12445 15179 86
3 10072 14734
1 2961 17503 277
1 14134 19093 561
1 13204 32294 211
1 2985 18572 542
3 1087 20255
1 21715 32407 457
1 4224 20519 890
3 17107 20684
1 8894 21101 590
1 15631 17519 20
1 72 23004 284
1 3623 22194 251
3 15696 18450
1 9179 27808 32
1 7074 10178 391
1 9304 25042 388
1 8353 9087 917
1 1795 23875 447
1 7005 19162 504
1 14321 21692 595
3 6471 13356
1 5036 21416 442
3 3907 26976
1 7395 26177 502
1 7211 26207 57
1 8488 15084 240
1 4461 23436 181
3 15764 27202
1 17583 19553 914
1 16137 18828 615
1 12220 15262 957
1 1037 8178 672
1 2045 25078 545
1 25968 30245 711
1 7822 8501 983
1 1898 16273 373
1 737 8457 420
1 1734 19656 410
3 11068 16775
1 1537 3042 786
1 7591 24163 958
3 12648 13716
3 8314 30110
3 17981 24059
3 12351 25216
3 6684 7534
1 30297 32379 77
3 1582 16179
1 3200 23884 480
1 17290 28531 978
1 5429 18897 342
1 12090 14993 294
1 6081 27489 483
3 15370 18308
1 13835 25346 329
1 20426 23910 235
1 2229 4977 317
1 3701 5067 504
3 9624 27469
1 20693 28504 405
1 1532 22548 425
3 6288 28555
1 17666 20030 852
1 4459 27165 487
1 7576 27202 329
3 8328 9299
1 19191 28526 449
1 19511 23633 941
3 17204 17781
1 13606 18085 329
1 7553 15778 806
1 1512 18287 637
1 4492 18629 222
1 5166 31409 489
1 8122 31762 273
1 3760 7621 531
1 23980 28470 919
1 2056 12120 228
1 7065 17919 112
3 10935 30316
3 22160 27193
1 4196 23595 553
3 4775 24659
1 505 8070 705
1 17271 28092 657
1 17308 22540 398
3 12488 21023
3 22130 26046
3 13562 29139
1 2187 28454 718
3 2163 14980
3 2723 10097
1 1905 17942 846
3 9214 17167
1 16336 16477 711
3 12513 25758
1 21902 30158 401
1 4755 18265 431
3 19889 24106
1 10195 18982 636
1 4124 5966 41
1 13676 15967 650
1 12342 27730 131
3 4788 19349
1 22667 26919 5
1 4280 24019 383
1 15850 23416 974
1 20049 26305 3
1 12070 30004 795
3 9155 9520
1 938 1027 49
1 5381 20729 6
1 5598 17981 736
1 10547 26002 932
1 24215 25219 842
1 20494 30842 364
3 22717 25991
1 1576 9611 189
3 10037 14531
1 1620 1970 82
1 14672 21180 43
1 3176 7850 147
1 12103 14006 572
1 11541 24448 506
3 15838 17765
1 2618 28640 98
1 3160 4917 980
1 3009 21392 556
1 7305 8013 565
1 11281 14912 228
1 30925 31492 121
3 20796 22685
1 5513 13759 457
1 1403 27897 274
1 24387 24446 247
1 12959 31768 752
1 23662 26918 98
1 8890 22528 37
1 14981 17452 162
1 4578 31672 610
3 2577 32022
1 7393 22435 375
1 17871 27138 102
1 24375 24795 165
1 25890 26894 918
1 4950 10180 901
3 7960 23302
1 12080 30614 612
3 2025 6245
3 26212 28549
3 28330 32073
1 2232 20738 704
1 4062 17705 457
1 3047 10359 707
1 10334 31470 314
1 5281 23515 683
1 7882 16582 67
1 1598 2108 705
1 4447 29941 546
3 17518 19274
1 2326 32236 769
1 8287 9808 542
1 26921 26996 448
1 8749 20115 867
1 21429 25794 12
1 22531 25799 696
1 27875 31544 976
1 16464 16659 699
1 6463 14763 356
1 1883 25374 813
1 7216 20205 861
1 3516 23190 62
1 21882 27980 330
1 2214 30181 919
3 3104 32433
1 9737 13152 315
3 1393 28681
1 24944 29112 561
1 6521 32479 821
1 1085 13460 64
1 5161 15501 188
1 12206 14549 173
3 8652 10042
3 17776 17981
3 23860 26813
1 6901 23412 151
1 13297 23946 252
1 1470 10545 468
1 12584 13622 170
1 4309 24999 605
1 17669 31914 908
1 15328 31307 922
3 2452 25587
1 11456 26077 124
1 22521 29768 645
3 9845 25279
1 17869 20321 95
3 12187 23509
1 3323 5076 416
1 21185 23645 430
1 15289 24316 753
3 21743 31690
3 7382 23315
1 20207 32500 307
1 8330 8804 485
1 8110 17170 904
3 12557 29749
1 13353 22439 101
1 4419 27554 308
1 17219 31079 811
1 7521 27265 206
1 6297 16009 317
1 8241 18949 189
1 4853 19447 342
1 4042 23464 845
1 1115 20436 989
1 2022 11573 218
1 22167 24571 991
1 5312 12529 928
1 2238 24431 106
3 18289 31802
1 5255 22483 337
1 21213 23323 961
1 11952 20734 180
3 15926 21410
1 22525 23912 367
1 7783 16099 573
3 31461 31534
1 3966 19180 87
3 11346 16443
3 22126 32406
1 17227 27580 172
1 26063 30365 608
3 10553 12641
1 15118 25149 599
1 15629 17069 919
1 16261 28467 770
1 12353 26904 586
1 10777 19840 558
3 20001 24024
1 4106 16099 32
3 8353 18225
1 26520 28123 85
1 11960 14826 255
1 4927 12319 60
3 14208 24368
1 821 12982 224
3 2427 14168
1 8291 14560 638
3 7985 15939
1 15399 20893 35
1 2675 4203 356
1 10583 28396 275
1 28334 31229 233
1 23798 27924 436
3 23159 29965
1 1955 11323 993
1 5064 23777 26
1 23808 25528 165
3 4935 27912
1 8876 13188 444
1 5664 9696 923
3 7014 16418
1 8180 26014 12
1 4600 8745 945
1 19811 21070 894
1 25244 28278 779
3 21969 22456
1 10338 23528 883
1 17461 17578 45
3 1714 22687
1 31695 32740 644
3 12486 31811
1 5627 16459 713
3 8071 11004
1 5911 20761 580
1 4402 28582 63
3 13366 22146
1 188 24183 699
1 7827 16554 637
1 12396 21930 10
1 404 15503 985
1 25900 32395 916
1 4961 17058 423
1 4958 16951 802
1 11461 15238 17
1 5185 26248 538
1 3709 26878 967
1 17331 18255 12
1 3774 16245 771
1 14633 21600 238
3 28715 30201
3 2779 4594
1 19545 24851 775
1 8098 27736 363
1 19178 27331 233
1 22918 28091 827
1 14610 27682 986
1 15500 25849 960
1 7497 19870 681
1 6784 8953 409
1 4435 15279 535
1 3894 20847 498
1 6970 31970 51
1 6702 14400 476
1 3227 8586 263
1 13370 26321 706
1 10682 19365 481
1 20788 20826 644
1 3387 6702 355
1 5741 6517 224
3 13287 19540
1 4944 21538 431
1 1692 17482 51
3 375 20846
1 967 11006 282
1 13282 18365 418
3 6224 30860
1 15949 17005 456
1 3803 29180 106
3 16372 25465
3 3121 8332
1 6140 7186 811
1 12024 28211 487
1 13248 23953 707
1 9071 15233 583
1 21016 25113 496
1 18177 22534 274
1 13511 24577 408
1 5402 17452 803
1 13236 27059 490
1 13061 31285 737
1 7771 26426 293
3 2482 8054
1 13425 14364 753
1 5809 6173 790
1 2207 31417 205
1 14091 27921 809
1 3816 22748 270
3 3152 10075
1 7279 31432 239
1 2756 8168 305
1 24686 27060 522
1 9423 32675 140
1 14654 25313 753
1 17936 32154 91
1 14418 32025 483
3 6475 17823
1 26819 31714 405
1 26100 28421 157
1 16392 19730 679
1 8332 30855 490
1 17753 27001 780
1 3823 27752 608
1 12776 24457 668
1 5261 23909 680
1 4418 5162 684
1 7810 16614 106
1 15964 25790 756
1 8389 16597 966
1 17574 17658 783
1 5925 27030 109
1 3401 28859 39
3 21722 27008
3 1206 7759
1 10974 21425 772
1 16583 30489 824
1 23278 27287 41
1 10106 29208 643
1 25525 31409 548
1 12275 21937 975
1 5106 28850 559
1 31100 31990 78
1 6058 17305 422
1 18284 26115 360
3 4314 29452
1 13711 23977 561
3 7254 13178
1 6931 18204 837
3 15459 24813
1 25272 26973 244
3 7306 9454
3 13554 21265
1 11206 24467 668
1 19164 32262 447
1 7045 22972 744
1 7776 24224 793
1 11712 12977 432
1 15112 31852 191
3 28816 30800
3 31670 32330
1 17370 18980 442
1 16564 31722 249
1 10846 32456 139
3 16415 30537
3 10925 26183
3 6162 26565
1 15272 17767 924
3 10875 15596
1 14549 27511 493
3 2455 15707
1 22393 24569 668
1 16708 26287 93
1 26708 31319 598
1 30850 31273 264
1 8181 16715 426
1 15360 26232 637
1 1629 24752 324
1 11826 23987 384
1 4426 19901 963
1 11939 17263 467
1 1745 11110 874
1 6681 25498 859
1 9295 19060 823
1 16460 21456 234
1 22416 30550 63
1 5345 31058 683
1 18189 22759 432
1 4394 15948 528
1 6966 28194 102
1 2934 12682 607
1 18581 27395 262
1 16345 21670 593
1 22102 30966 62
1 16820 24967 314
1 1996 29791 91
1 4458 19369 804
1 13742 23121 905
3 25216 28928
1 17588 18381 968
1 5678 12208 307
1 29622 32630 361
1 13364 24544 55
3 22158 32143
1 22540 24270 774
1 18791 26164 590
1 28300 31493 501
3 7941 15922
1 24850 30488 488
1 10864 22152 640
3 5463 18432
1 24671 30943 319
1 10844 23513 499
1 13207 16668 256
3 20021 30055
3 1883 27552
3 13730 30232
1 12874 29439 163
1 10120 17971 41
1 6289 23922 20
1 7265 12637 356
1 10039 16811 782
3 16472 21506
1 22549 24670 523
1 8892 17625 575
1 7030 21343 949
1 790 16687 386
1 4793 10864 527
1 1787 15987 480
1 313 27499 657
3 14908 17973
1 18514 29091 277
1 824 5057 387
1 12747 29614 308
1 5621 29537 384
1 18042 28070 756
1 14617 19157 343
1 13912 20319 1
3 13826 15656
3 9317 22202
1 21140 21169 426
1 3470 9552 76
1 12239 28509 907
1 14809 23288 329
1 14435 27639 948
3 1723 12060
1 19029 21667 191
3 8775 9604
3 851 16781
1 979 19690 42
1 11817 20272 411
1 8883 9785 619
1 24115 30921 190
1 6128 21281 187
3 11796 29136
1 12627 14671 981
1 21453 28393 603
1 2421 16182 724
1 5684 26323 561
1 9480 18955 872
1 1393 27127 184
1 14797 22589 345
1 898 21633 47
1 24536 30876 65
3 7352 9343
1 1485 5800 288
1 11989 27750 343
1 8536 8882 648
1 21901 27842 746
3 43 3392
1 26046 26998 976
1 14551 19528 910
1 3691 15763 815
1 7 29434 445
1 7404 14928 845
1 11820 26073 90
1 25536 27401 338
1 21087 25604 871
1 8103 11856 761
3 18730 21023
3 21853 22801
1 6625 11299 347
1 12245 28076 883
1 26952 29554 398
3 5925 22916
1 10958 32618 868
1 19195 27461 420
1 2580 19699 192
1 954 31189 420
1 9269 26881 887
3 10581 26197
1 9175 13477 115
1 16594 31054 481
1 10777 16746 417
3 9303 15588
1 1481 10177 505
1 20905 23171 633
1 6972 8267 161
1 1541 26527 259
1 15287 24947 879
3 22267 32668
3 4407 17536
1 21900 31891 745
3 10501 11588
1 4857 20209 379
3 8203 24138
1 1963 23703 905
1 5289 25842 103
1 8832 25216 719
1 10309 26931 472
3 14112 15165
1 4319 8957 680
1 2157 3437 157
1 3978 21704 282
1 12401 18783 203
1 8036 14512 969
1 7553 25255 173
1 22900 30855 478
3 25091 26994
1 4221 20741 793
1 9888 18025 541
1 9287 20424 625
3 15676 30217
3 3493 25710
1 8190 13108 271
1 13570 32651 795
1 10323 28452 107
1 10347 25974 103
1 23941 29751 573
1 13953 18491 263
1 3998 17896 893
1 11705 21173 474
1 25663 28018 635
1 1355 28121 966
3 7438 25191
1 26351 31860 106
3 22276 22651
3 780 30451
3 20588 22432
3 21231 28517
1 18980 29423 716
3 3567 24449
3 4093 15160
1 17464 26215 703
1 9912 25515 328
1 17123 18771 472
1 11845 22418 131
1 25027 25988 776
1 20150 23156 184
1 15538 23017 685
1 11633 32019 713
1 8871 21968 781
3 17646 21526
1 9215 9341 54
1 11075 28831 162
1 12645 29563 66
1 5128 22716 300
1 4052 18926 835
1 13442 15546 647
1 4516 14792 877
1 4274 8176 561
1 7141 15385 385
1 6547 9744 300
3 14461 24054
1 12662 28511 358
1 531 29029 577
1 10598 19823 926
3 8323 28636
1 10846 18186 989
1 4795 17407 694
1 14427 20292 989
1 5459 24374 237
1 2275 22893 356
1 7836 9362 265
3 27619 29012
1 20791 29198 500
1 60 10618 730
1 1796 4995 144
1 1202 6080 157
1 4314 6091 883
1 8170 9641 865
1 13182 20946 497
1 9962 22650 860
1 7251 16858 853
1 14212 24614 755
1 1503 25596 107
1 14824 30900 246
1 22384 25475 479
1 15329 21006 543
3 29637 32572
1 7201 11108 965
1 5603 29833 836
1 7310 7362 429
1 5705 7274 852
1 3721 9304 144
3 25571 30797
1 3624 11223 32
1 8942 9023 924
1 8022 27211 270
1 10870 18298 772
1 3434 4631 345
1 2585 21245 73
3 5552 24900
1 20269 22052 299
1 23003 26639 327
3 6848 14942
1 14054 17893 781
1 6290 29832 511
1 15174 24882 368
3 5495 23621
1 22695 25386 745
1 2730 6323 177
1 76 21609 809
1 22312 26713 884
1 15298 31265 322
3 29100 30585
1 2941 29308 628
1 1263 15137 849
1 10667 23620 954
1 23653 25579 755
1 2607 19280 480
1 1303 29278 24
1 10539 14405 118
1 23734 30801 644
1 4427 7545 497
3 482 26718
3 27014 28922
1 13108 13690 250
1 2646 28700 300
1 17095 22446 216
1 1144 12380 153
1 1964 32286 816
1 10348 21277 710
1 2385 8770 700
3 8515 21072
1 15794 25536 216
1 16995 32472 690
1 19622 32379 989
1 8605 19093 285
1 16716 25060 485
1 15970 17130 298
1 19983 22093 522
3 9880 15355
1 16279 30794 612
1 10412 25886 268
1 10442 30353 945
1 24716 30262 650
1 6852 23789 237
1 14140 31029 678
1 3533 29877 927
1 185 23031 287
1 5284 7172 829
1 3149 31176 334
1 19787 20456 134
1 5419 10689 411
1 11452 15280 720
1 18587 28577 817
1 11608 17788 722
1 1655 28744 949
1 7074 23683 892
1 27197 29102 475
1 9347 26058 122
1 16426 20676 450
3 7941 19825
1 4955 16637 952
1 13643 30615 122
1 17317 28226 620
1 2379 24111 880
1 25147 32501 865
3 2292 2466
1 25471 31950 6
1 4404 8624 990
1 4266 29387 562
1 4891 18337 249
1 4580 25252 548
1 14874 21109 608
1 5114 6859 791
1 2838 6179 177
1 9841 26355 727
1 4628 17657 401
1 1633 30771 176
1 7307 17481 110
1 7275 31247 229
1 1237 30719 926
3 8300 25034
1 10188 19355 555
3 4559 26885
1 4661 29100 343
3 6340 27522
1 3372 10092 226
3 4498 17558
1 5168 20724 543
1 7191 23938 881
1 14247 22563 529
1 16019 17770 283
1 2351 22071 84
1 23457 24416 809
1 471 1042 822
1 3826 14397 90
1 1770 27726 673
1 13152 14635 889
1 6906 11577 697
3 29868 30947
1 11507 20377 63
1 24625 25117 665
1 13667 28168 900
3 8381 8888
1 17032 18349 675
1 4019 9638 715
3 2662 29206
1 2595 13816 210
1 258 4260 957
1 14208 32418 505
1 24421 27123 662
3 592 31709
1 4534 25761 777
1 9655 19107 733
1 4369 8877 585
1 27167 27173 240
1 6493 14376 75
1 1484 7291 231
1 25996 26063 725
1 3000 3640 897
1 2053 4457 549
1 11497 12256 879
1 1281 11869 264
1 27786 29890 94
1 6322 23190 612
1 6885 11022 424
1 9262 13455 878
1 2396 31441 731
1 15861 28115 941
1 1356 32275 273
1 1008 31741 748
3 9659 26158
1 18254 23617 439
1 7901 8414 44
3 1870 9815
1 3040 22414 460
1 8746 30500 1000
1 896 23375 2
1 12471 15643 409
1 11305 13614 417
1 18956 24209 157
3 2403 26706
3 1487 4386
1 12018 32402 971
1 9384 24948 706
1 1163 8315 573
1 19595 21821 237
1 10382 22024 268
1 10068 11597 477
1 4959 18579 169
1 28850 30221 316
1 10151 16546 263
1 16694 24058 71
1 7556 24005 622
1 8068 14199 216
1 2164 5022 256
1 1254 26423 508
1 7459 18206 142
1 2555 2709 373
1 5511 11615 340
3 4826 32357
3 21329 30493
1 8441 10691 406
1 5122 19722 898
3 17881 23704
1 1495 29077 657
1 18275 28624 739
1 17157 20563 625
1 13458 22593 8
1 10466 29470 401
1 9931 20552 969
1 26116 30733 397
1 17350 24708 74
1 5936 6175 979
1 16948 24886 236
3 30169 32700
1 9429 16783 242
1 17737 26062 249
1 9929 12826 770
1 457 21756 439
1 24696 26853 169
1 5461 6648 548
1 26430 29135 592
1 25543 28798 818
1 7937 17316 842
3 17904 20045
1 1389 4964 116
1 4554 18913 785
3 8123 28784
3 239 2209
1 3315 25399 646
3 26155 26378
1 573 29948 931
1 6453 19529 315
1 25230 30354 296
3 13520 22963
1 14181 18449 167
1 23934 32336 225
1 20554 29298 350
1 4493 4718 55
1 16439 26322 684
1 23129 30348 888
1 1985 27520 431
1 793 23078 534
1 2613 15214 283
1 6465 19792 244
1 23543 26317 892
3 5735 30168
1 5731 25210 630
1 8078 26219 829
1 2585 22992 354
1 2811 11952 625
1 5039 9407 212
3 12337 13179
1 2175 27558 596
1 1041 10532 979
1 1616 30480 338
3 7647 31200
1 19113 23494 886
1 1436 8060 613
1 2303 25226 97
1 10769 22775 212
1 1781 9038 83
1 5163 18813 899
1 6589 24959 358
3 11230 28178
1 8915 15412 480
3 7742 19800
1 22520 32648 524
1 9477 15348 389
1 10559 22519 464
1 6233 29748 103
1 6948 15023 466
1 21416 31042 161
1 16560 27701 657
1 6058 31213 989
1 5634 13999 623
1 7049 14028 399
1 728 4698 715
1 13745 29803 872
3 8863 26752
1 471 26414 375
1 13274 26758 850
1 11852 28962 976
1 19897 26143 44
1 8758 24231 276
1 3651 15629 50
1 77 10942 386
1 10143 20044 723
3 14933 24049
1 24486 31445 160
1 3482 4621 515
1 7877 24316 910
1 24436 29305 44
1 5662 30406 800
1 4542 5635 230
1 8875 31160 339
1 13675 17364 355
3 12664 30526
1 14926 25382 401
1 27831 30773 700
3 26391 30064
1 10608 18324 211
1 5485 6875 224
3 78 8028
1 14813 29585 798
1 23002 28572 86
3 13256 16192
1 4894 12014 552
1 210 16880 763
1 6286 24419 639
1 14772 20563 502
3 2428 2526
1 7756 32249 234
1 48 17718 633
1 11048 17379 355
1 539 8258 887
1 18623 31293 135
1 3578 32185 765
1 11047 22927 7
1 6252 21222 648
1 13484 20097 81
1 6866 11816 584
1 15590 16843 400
1 12756 22386 169
1 13862 25024 137
1 16587 19421 835
1 19790 20861 744
1 18127 26522 315
1 3716 13105 800
3 16684 25215
1 10641 24390 627
1 17291 25382 338
3 14415 26616
1 2791 28891 667
1 27158 30676 145
1 12664 23869 207
3 13108 20436
1 22012 30991 327
1 13151 29159 150
1 15326 24139 865
3 18013 20365
1 6573 23552 160
1 2777 19878 341
3 4855 7685
1 5728 25780 841
1 26317 27731 337
1 31139 32393 673
1 18702 25322 42
3 25912 27388
1 5718 8295 439
1 4932 15597 460
1 6455 31304 303
1 17 2247 72
1 12847 26440 924
3 8985 14208
1 752 13654 158
3 18793 19328
1 343 17447 842
1 20385 22189 332
1 7977 13309 744
3 1256 1679
3 208 26011
3 25039 26060
1 16397 16821 112
1 912 29373 256
1 16852 30872 621
1 18728 19200 770
1 1903 11583 710
1 2667 32693 37
3 16953 25272
3 8527 24420
1 8093 24157 107
1 11570 16418 983
3 22818 28937
1 11044 30856 841
1 11456 24206 841
1 14280 30725 849
1 9932 19969 318
1 7458 23969 239
1 9327 29696 750
1 4822 14076 233
1 3570 16051 986
3 18606 22950
1 4819 22630 330
1 12198 24673 280
1 30400 30504 112
1 17677 21495 270
1 1168 32158 296
1 17457 32518 556
1 19524 31362 146
1 8320 17205 53
1 15808 17955 80
1 6491 21812 774
1 22481 30303 363
1 15682 19593 793
3 3947 31332
1 9792 30324 79
1 17804 28708 862
3 3613 22252
1 32011 32112 726
3 14150 20710
3 1970 5163
1 22901 23430 984
1 9610 27249 749
1 5439 10334 424
1 8552 23812 158
3 7441 24632
1 27949 30457 592
1 2981 19465 697
3 2721 24999
1 20598 28364 17
3 17973 20000
1 3288 11537 491
1 19200 31615 116
1 8656 27946 230
3 9323 27483
1 10173 10971 986
1 8632 27893 487
1 12439 32062 829
1 2012 5373 339
1 6178 26419 541
1 11736 31408 363
1 7272 15182 521
1 23454 29784 399
1 28944 29311 801
1 16539 19000 145
1 12513 28048 523
1 23422 29135 226
3 7331 18748
1 20374 25672 215
3 9763 27496
1 5345 32039 779
1 4547 13329 139
3 4633 20228
1 10180 21980 792
1 8751 29469 237
1 16230 24251 739
1 2352 5973 390
3 1315 4683
1 18501 27726 403
1 26658 29741 739
3 6044 9222
3 15134 17431
1 2384 16015 608
1 23249 29106 684
1 8303 30064 795
1 3713 26324 506
3 7374 22680
1 16282 17056 608
1 84 18313 639
1 5413 27222 815
1 18108 24653 923
1 15882 17554 2
1 14079 18407 836
1 7526 15299 458
1 6648 10935 681
1 2182 15679 159
1 4861 26420 65
1 11213 23391 404
1 2971 22843 395
1 6585 9593 761
1 10259 31882 751
1 15338 32216 735
1 3031 8005 266
1 17979 19879 768
1 9332 28177 662
1 23634 26201 629
1 22146 32285 888
1 5133 26180 677
1 6154 18879 240
1 1526 28459 149
1 18717 20191 573
1 18153 21398 762
1 9294 30074 998
1 2016 32262 345
1 7818 26313 754
1 29554 31352 24
3 7920 27758
1 12227 28356 219
1 1602 29777 167
3 10528 21080
1 22744 27127 627
1 20841 24875 788
3 25273 26225
1 2384 23483 599
1 14305 21424 992
3 11656 20356
1 16455 21417 559
1 9436 25596 412
1 9098 23925 125
1 15483 21601 998
1 27523 32723 829
1 7294 16576 444
1 792 23343 854
1 4835 23707 894
3 7260 25315
1 917 8869 638
1 7220 8182 286
1 23374 26950 519
1 3715 28667 727
1 17047 18203 305
3 12191 19836
1 8946 12586 292
1 17867 28912 907
3 20743 29937
1 8173 19223 421
1 12199 17256 312
1 29866 30585 489
1 3049 5622 12
1 5969 22102 205
1 17183 22684 781
3 9121 17454
3 10104 11749
1 15122 20618 345
1 7180 15650 157
1 5747 13070 795
1 11352 15608 890
1 312 28263 635
1 8513 10960 928
1 3666 8815 458
1 12515 32439 26
3 11749 21830
1 2492 17181 427
1 462 7320 457
1 5713 24470 52
1 1347 13869 522
1 11986 27772 539
1 16975 19561 32
1 11179 29282 907
1 24102 30306 664
1 28132 28565 594
1 20904 29016 304
1 5716 12268 633
1 18866 32617 406
1 266 16478 400
1 2190 9501 194
1 2498 31116 976
1 3847 32594 584
1 16706 31078 87
1 209 15829 48
1 9729 31107 664
1 1857 32685 957
1 8230 16929 737
1 21331 28686 105
3 13056 18353
1 9389 24536 964
1 8099 30552 445
1 24412 27078 477
3 7076 14519
1 17017 32384 668
3 1996 9710
1 3434 18348 505
1 1955 17607 984
1 9903 21875 469
1 6580 26506 313
1 10302 18561 901
3 12871 32055
1 11392 14858 890
1 7014 32102 49
1 8589 17549 195
1 17170 28105 555
1 8795 10051 504
1 12728 24852 119
3 20158 32556
1 19646 25527 868
1 10304 12255 78
1 4829 5556 212
3 10458 16572
1 14829 19702 332
1 12950 20722 86
1 17178 25567 728
1 3825 16378 170
3 1610 25672
1 4195 7888 531
1 9409 12529 542
3 11230 13599
1 4350 10568 452
1 12252 21194 38
1 8352 11699 2
1 6583 9627 209
3 15367 31281
1 6394 28607 757
1 11877 16709 84
1 7858 22684 997
1 27640 27757 158
1 4114 15162 161
1 14976 17937 873
3 8221 10482
3 18791 30000
1 2860 31128 831
1 10410 18794 14
1 24567 26285 866
1 12557 12776 565
1 1206 4657 530
3 957 17362
1 8385 11155 617
1 17536 32663 940
3 15821 17779
3 10760 31076
1 15875 26214 279
1 1334 26485 284
1 9716 13765 343
1 9456 19791 896
1 5818 12878 279
1 18025 19076 946
1 17147 19799 299
1 5485 16556 915
1 1797 21277 372
1 2430 14783 813
3 14725 20766
1 15604 21651 667
1 5931 32183 260
1 16278 17952 202
1 11418 28592 659
1 22245 30526 825
1 1702 17207 140
1 16308 26321 643
1 10313 13862 272
1 18466 25962 373
1 27571 32661 705
1 31564 31888 295
3 24320 30253
1 26572 27012 988
3 2520 20789
1 13569 29542 581
1 611 16100 331
1 2355 17643 881
3 17876 30368
1 17774 28721 468
1 17760 31533 761
1 7004 26061 462
1 371 30634 773
1 5964 6397 435
1 8016 32626 656
1 3462 9920 824
1 23058 23328 953
1 4300 5172 493
1 8235 22029 626
1 674 13644 497
1 943 29959 828
1 12863 25825 227
1 1241 13009 289
3 273 5933
1 3232 12291 782
1 10868 22326 826
1 9798 24223 8
1 16647 26628 9
1 4204 16549 349
3 1409 18050
3 18318 25285
1 1045 20838 728
1 21609 21732 983
1 14140 14360 94
3 3085 19443
1 799 29374 157
1 83 31869 929
1 15072 27277 407
1 6046 24061 76
1 2782 31186 117
1 10404 15947 925
3 4811 7088
1 12112 27855 687
1 23444 30302 300
1 23188 31473 218
1 22892 27417 327
1 7450 25885 661
1 4427 15749 339
1 4542 6284 580
1 12677 26939 710
1 12303 15927 54
1 7223 29702 274
3 14686 20690
1 784 23332 687
1 13827 13978 638
1 15513 30888 889
1 1825 18285 713
1 14971 21547 858
1 5493 5798 554
1 8188 30756 582
1 8444 26960 21
1 16484 30051 177
1 1668 6530 67
1 1231 3126 462
1 11373 26770 839
1 17357 17365 771
1 18569 22595 978
1 6349 25071 786
1 13536 21747 375
1 15114 17085 242
1 10643 23239 968
1 11007 14996 716
1 292 28756 383
3 22985 23932
1 21738 28781 550
1 6654 26241 313
1 16795 26033 467
1 10979 24041 717
3 1047 1708
1 12653 17278 347
1 9132 12999 695
1 7401 21658 344
1 18363 27167 674
1 7737 29206 417
3 122 8788
3 651 23014
3 6068 10529
1 2968 23124 493
3 4410 28002
1 21968 23349 567
1 11007 24983 544
1 25728 28889 935
3 29136 30723
1 2865 26044 424
1 5755 32475 895
3 18522 24700
3 5040 29075
1 5260 21381 433
1 20097 32541 166
1 18446 27038 685
1 8610 32434 96
1 22569 29118 715
3 5745 21646
1 22311 25786 369
1 7575 12393 988
1 24231 32711 984
1 11083 21655 368
1 22318 30927 696
3 23097 32267
1 17377 19846 894
1 14714 23565 716
1 7504 14446 129
1 1231 17865 362
1 13893 25077 521
1 13289 20944 228
1 18387 30747 39
1 14570 18157 329
1 14563 29570 261
1 11491 25335 547
3 16352 30912
1 8273 24332 20
1 1040 7724 668
3 5819 6985
1 585 20397 33
1 11458 12659 471
1 598 17486 645
3 29872 31192
1 7353 28961 143
1 5208 24927 430
1 19085 19137 322
1 2435 29288 134
3 1135 29979
1 13859 18618 429
1 20360 30869 568
1 15539 23158 502
1 20273 31432 536
1 21470 22611 886
1 2323 2653 222
1 7933 14386 414
1 18351 29800 4
3 9145 18204
3 23805 31553
1 6313 32393 534
1 143 18210 506
1 526 21229 586
1 20035 31674 463
1 11368 20981 247
3 12624 30660
1 7490 28730 539
1 7745 23383 996
3 2545 21224
1 18373 26228 131
1 14319 26638 709
1 9407 26110 507
3 3792 27651
1 21537 29332 562
1 23169 29789 758
1 3257 31116 289
3 2874 22115
1 13309 28243 682
1 10286 22546 382
3 2154 14235
1 11079 19921 676
3 5148 25932
1 20194 31363 228
1 2242 22410 681
1 25 27890 389
1 15975 27742 344
1 4711 7341 68
1 15545 19115 778
3 6241 26981
1 15748 28981 686
1 902 28693 523
1 9330 23736 841
1 9479 29681 686
1 16316 30999 842
1 11668 30176 487
1 11424 30229 293
1 2063 29511 753
1 7646 27719 438
1 14159 19314 532
1 5525 12857 200
3 1648 20031
1 18087 21949 292
1 9360 27009 345
1 4816 6385 107
3 26093 31608
3 1186 10883
1 4582 8813 941
1 18625 23981 241
1 15041 19497 475
3 19497 31733
1 6086 22943 300
1 2184 16556 163
1 20248 30937 457
3 9666 23597
1 16156 23614 946
1 31021 32119 667
1 14233 26240 119
1 345 17198 375
1 17799 25269 440
3 4552 12893
1 8672 26538 856
1 23374 29154 192
1 11355 18867 170
1 3678 18083 686
3 7 16729
1 29023 29358 619
1 23077 31602 146
1 28821 32043 426
1 3562 17089 668
3 1535 24594
1 28589 29213 160
1 12781 32728 129
1 24135 25069 339
1 18276 19592 980
3 8282 31522
1 12808 31875 483
1 18032 19353 509
1 7964 18064 648
3 25395 27940
1 13529 29484 326
1 29246 31478 161
1 9477 25914 683
1 15051 15098 455
1 8287 18799 945
1 11006 16839 298
1 10456 32536 408
3 22096 27923
1 3024 32070 567
3 947 27734
3 2555 5117
1 17058 28598 958
3 54 2969
1 14419 22495 339
1 14786 31042 282
1 8418 19742 611
3 8250 29295
1 7554 17206 59
1 11510 23279 183
1 8769 13555 209
1 10554 23651 811
1 1084 25313 104
1 22918 32144 27
3 10305 13790
1 2884 14359 507
1 14804 24945 261
1 15094 17238 73
1 6363 29074 231
1 647 18471 812
1 1282 31694 842
1 8051 22807 514
1 8963 14652 207
1 9813 23782 621
3 21877 23535
1 2657 9031 474
1 21089 22189 526
1 7060 30374 891
3 14197 18860
1 12661 30189 152
1 9809 22727 694
1 31716 32058 180
1 18220 20496 858
1 12580 18781 929
1 11757 29776 16
1 2079 20573 288
3 4250 29532
1 9083 25264 722
1 9552 19007 356
1 24521 30241 515
1 18087 20048 408
1 20471 29215 980
1 6123 28862 570
1 5973 19091 20
1 2961 13482 469
1 22607 28098 919
3 15275 25745
1 4226 30650 221
1 21887 27880 778
1 12420 21314 527
1 15384 20384 398
3 1120 14604
1 15770 31348 491
1 14148 18022 723
1 7543 28925 132
1 462 5093 498
1 1250 6779 726
1 6527 20149 386
1 5669 7995 618
1 620 2325 486
1 11488 28782 837
1 23257 28366 556
1 3363 29709 720
1 6532 20966 456
1 14050 27750 22
1 12431 12985 376
1 4907 26082 810
1 2272 20372 630
1 17339 25204 759
1 1919 2653 689
1 1588 20837 469
1 1880 14797 557
3 263 32101
3 1927 10774
1 2758 29852 822
3 11199 21499
1 22289 29109 656
1 5155 10808 551
1 16811 23201 368
3 3442 31669
1 10802 20193 936
1 24531 25127 83
1 22927 24062 613
1 6799 28632 586
3 4315 28162
1 23082 32318 870
1 10534 30988 343
1 10924 30866 653
1 1274 23582 347
1 13783 18836 46
3 18478 22466
1 8125 12933 429
1 1541 8027 688
1 10540 30223 468
1 8313 32490 265
1 5493 15481 61
1 3312 25830 24
1 7629 10490 576
1 13597 16740 190
1 20922 28653 960
1 4833 12609 64
1 3169 17547 765
1 8224 24913 408
1 11961 25004 498
1 15684 23256 692
1 745 18806 679
1 8210 10167 350
1 12662 21286 704
1 109 6317 74
1 25569 27510 165
1 20041 25176 35
1 2640 4595 672
1 2289 30975 671
1 26205 28975 602
3 1718 23510
1 1626 19328 529
1 2982 19869 7
1 23414 29254 153
3 15303 19220
1 1738 10085 665
1 9631 26679 536
1 17799 18638 51
1 4495 18935 815
1 7724 10718 930
1 5640 28384 605
3 21605 25662
1 152 18505 413
1 17422 25558 991
3 28911 29047
1 3321 24069 365
1 11774 30557 336
1 20159 26749 6
1 20993 31156 640
1 3675 7617 469
1 10504 25301 758
1 6891 27883 445
1 4816 24152 128
3 7331 24309
1 12182 20243 281
1 1416 9365 643
1 8840 12335 478
1 22505 32755 211
1 8058 24197 152
1 23783 24049 696
1 22236 31806 483
3 19309 30279
3 6812 9142
1 16658 28912 750
1 20351 27228 554
1 7630 18442 895
3 2956 16547
1 8121 13247 174
1 4287 13006 991
1 3161 7001 21
1 13527 20364 117
3 2811 6420
1 24698 30844 651
3 6243 12207
1 1805 23980 952
1 12541 27219 427
1 1236 1640 554
1 113 10171 217
1 6492 24377 115
1 1125 1636 681
1 8328 24832 693
1 1807 2324 60
1 4877 11008 762
1 4132 14798 51
1 16114 17761 511
3 373 30762
3 14476 29614
1 14406 27547 272
1 11232 31661 976
1 25004 30504 912
1 17898 20721 753
1 5202 20079 206
1 7492 14908 385
1 18179 20028 30
1 22200 24949 653
1 11701 17702 75
1 6600 19015 971
1 7351 9063 48
1 4255 21799 319
3 1516 28824
1 6644 14129 310
1 8654 20072 137
3 1522 21337
1 9467 26548 177
1 26308 29995 879
1 5206 26065 629
1 24983 28225 669
1 1567 29642 436
3 16610 32730
1 1911 31872 208
1 24598 27105 753
1 4117 10465 420
1 97 7451 985
1 6338 14382 478
1 5108 8594 527
1 29884 31490 778
1 18797 19435 562
1 8509 26770 145
1 2289 14173 132
1 16876 22846 170
1 10444 30736 717
1 1980 14006 164
3 5594 14771
1 7716 23996 463
3 10123 17280
1 2205 12723 909
3 11870 18317
3 4204 21515
1 24985 27218 789
1 5578 5771 110
1 1813 17125 385
3 25347 29927
1 15356 27306 297
1 810 9239 83
3 19272 28619
1 12999 16406 343
1 3925 29294 171
1 23342 24156 211
3 1683 9510
1 13639 22301 129
1 3016 17652 493
1 17726 19256 192
1 4626 8916 852
1 9592 9976 96
1 5213 9288 41
1 7553 9817 226
3 10379 19891
1 20660 30254 736
1 7061 20430 559
1 21204 23345 700
1 11109 20691 107
3 1950 28809
1 1313 31286 792
3 16657 20722
3 87 12122
3 22576 28533
1 11613 19652 322
1 25490 27342 975
1 14402 30606 235
1 8710 19143 644
1 1722 2930 174
3 9396 17540
3 11710 19473
1 3624 8925 322
1 3374 21251 40
1 4860 7122 931
1 8806 20450 897
1 5170 15086 325
1 16406 26511 94
1 4025 5233 723
1 23105 29312 907
1 229 11147 881
1 10493 19696 351
3 13010 28415
1 10486 13992 853
1 30314 32247 822
1 6115 27627 498
1 11726 14953 353
1 14639 20720 678
1 8575 17482 47
3 21036 32297
1 1907 25304 56
3 28441 29822
1 24616 32011 576
1 26707 29884 749
3 7744 32304
3 2000 12095
1 5905 10432 969
3 1937 26927
1 22391 31410 547
1 13188 32451 68
1 6082 30407 411
1 4533 13893 837
3 11265 12456
1 9561 17021 676
1 14094 20743 301
1 7669 10448 308
1 13463 22064 157
3 7663 25150
1 4360 29404 877
1 5713 7586 46
3 5048 7967
1 8083 28718 364
3 13520 15736
1 8483 22861 376
1 15728 27760 6
1 195 3831 169
1 6470 22144 515
1 15709 22657 232
1 9736 11613 363
3 3157 9706
3 977 29952
1 13114 17873 248
1 19445 23869 637
1 13449 20893 618
1 22771 28196 965
3 6316 30513
1 5663 24847 260
1 493 12272 457
3 7687 13900
1 11846 20854 613
3 11210 17703
1 2029 16762 107
3 6556 19318
1 5982 11808 46
1 8258 29820 32
1 5045 28754 894
1 19301 32330 72
1 1972 9315 357
1 17379 31236 671
1 11419 16171 511
3 6949 14441
3 421 32008
1 5083 25609 283
3 1810 29812
3 12688 22857
1 15017 31947 227
1 15505 29868 835
1 11565 21897 672
1 19484 28209 667
1 7710 18766 819
1 10980 29762 621
3 32001 32116
1 1096 21267 425
1 23913 30441 245
1 10601 14447 153
1 12575 24833 365
1 4745 26884 284
1 10517 29996 596
1 16066 19069 956
1 6470 32178 935
1 2725 3782 489
3 3378 16521
3 23122 31501
1 10476 31202 909
1 6168 20799 588
1 22747 29666 647
1 31479 32364 376
1 11486 11587 319
1 5237 24879 7
1 4417 26107 976
1 12518 19029 478
1 1208 12817 475
1 5836 31859 873
1 6701 15055 907
1 6229 19817 916
3 4621 18544
3 3771 21703
1 12312 23952 290
1 362 31523 603
1 4450 22341 728
1 13967 21902 710
1 26466 31269 840
1 24471 32228 40
1 18430 24496 140
1 20348 23562 269
3 26221 29130
1 15899 19832 812
1 10525 25651 541
1 4378 18147 22
1 90 18543 409
1 5233 30941 485
3 6878 8617
1 735 30095 952
1 24662 27529 92
1 6904 8478 121
1 21722 31646 367
1 7295 17154 374
1 9324 31154 264
1 3334 28027 212
1 7418 15750 436
1 1999 19859 457
1 15458 17634 350
1 4153 23470 35
1 25263 29788 115
1 9830 10723 608
3 21518 26715
1 8748 26044 176
1 7510 15961 854
3 13159 19343
1 13302 31544 962
1 17987 23968 957
1 2018 21399 327
1 769 18358 592
1 10397 14105 212
1 14572 19214 695
1 3654 14276 562
1 7059 26363 213
1 740 25077 446
1 911 4994 632
1 6044 25119 416
1 17778 30055 460
1 15257 26856 341
1 539 30935 422
1 23326 26387 653
1 4164 13019 210
1 14672 28351 909
1 17460 17579 173
1 3376 12642 998
1 8268 13850 419
3 3752 28101
1 14700 16558 798
1 5818 18689 852
1 9034 9346 195
1 8717 32109 265
1 2283 17311 743
1 5503 15685 89
3 121 11902
1 30396 31162 646
1 26556 31461 865
1 2546 28408 725
1 2935 5239 526
1 9799 12094 942
1 4222 20886 473
3 3075 29032
1 9553 32092 160
1 20424 27046 860
3 4619 6232
1 6767 25723 183
1 11382 25091 182
1 13961 23587 759
1 2362 19857 168
3 12859 28078
1 22823 25459 937
1 14440 27729 215
3 18759 26943
3 3034 3721
1 19929 28841 913
3 5254 12975
1 7603 16569 630
3 10144 21608
3 5733 32062
3 18233 23749
1 4423 30115 522
1 4640 7321 970
3 5783 16848
1 11129 30167 623
3 9736 16474
1 28227 30952 394
3 3148 15778
1 615 18632 120
1 11457 20548 572
3 21970 28610
1 1934 32700 917
1 9366 16139 409
1 4273 29041 565
3 1197 9404
1 28157 31470 23
1 16551 27001 459
1 799 11827 692
1 10392 16339 729
1 18740 27870 250
1 5825 31102 452
3 11689 12463
1 18510 30802 674
1 21216 26196 392
1 14390 30943 628
1 13463 18421 26
1 15445 23576 756
1 4367 15359 12
3 5349 10710
3 14207 18225
1 17804 31769 393
1 3653 10162 565
1 3915 24448 241
1 493 9975 58
1 16516 17381 1
1 1136 17826 357
1 10286 10677 474
1 1814 31829 664
1 11574 14908 39
1 8445 8763 689
1 5437 8170 240
1 25471 26518 251
1 9559 25751 491
1 5925 18386 746
1 10017 19300 614
3 2885 18665
3 3526 4687
3 8476 11351
3 8281 30973
1 19393 30121 412
3 14666 20285
3 17726 31561
3 7942 13555
1 144 15247 934
3 7755 24165
1 5591 12693 598
1 3500 17067 9
1 417 23099 820
1 11509 22538 164
1 22187 28416 428
1 25988 28899 681
1 12299 18308 35
1 7512 32437 656
1 11923 16128 235
1 3257 5525 237
3 1618 5582
1 9753 10153 625
1 18220 28584 298
1 2515 17836 15
1 4042 23245 805
1 12142 28858 149
3 12610 22226
1 4055 24561 394
1 1108 25928 565
3 14040 15317
3 10777 19483
1 10448 24572 882
1 115 3566 721
3 6515 29355
1 5073 28527 526
1 4893 19884 437
1 2090 29717 874
1 15129 16725 397
3 3005 8129
3 23068 27406
3 20025 32517
1 21079 29167 99
3 3020 6704
3 2342 18239
1 5543 14594 945
1 2041 14151 255
1 20771 31017 922
1 28058 30641 713
1 10312 30348 455
1 11814 16492 769
1 6998 26466 135
1 23824 26091 180
1 19416 30001 33
1 22316 30549 343
1 7630 21151 948
1 29082 30366 479
3 14158 21208
1 18412 23382 832
3 5825 22032
3 4961 18866
1 14796 32708 558
3 1816 1819
1 13447 30248 467
1 16423 31618 866
3 5218 17005
1 1460 8615 286
3 20575 31833
3 834 11160
1 14029 15960 478
1 2649 8094 168
1 30785 31951 666
1 1090 6566 100
1 1173 10407 607
1 7919 19253 271
1 12812 15520 521
1 13014 30995 390
1 20410 26077 776
3 3466 8097
1 18021 27710 73
1 1498 27576 566
3 3470 18341
1 6455 17037 739
1 8872 12920 981
1 365 24724 929
1 20045 29504 614
1 6664 15720 298
1 7629 19934 898
1 3082 20961 727
1 6637 19070 293
1 1361 26862 908
1 20792 28671 268
1 29978 30232 469
1 2167 5757 165
1 198 5054 94
1 13742 20303 983
1 23602 32185 521
1 21124 21919 733
3 13882 22492
1 22198 31110 75
1 2076 10382 72
1 22164 28869 589
3 6889 8501
1 7304 16612 787
1 29810 32002 104
1 6295 30840 791
3 802 966
1 11522 17785 951
1 5362 20565 887
1 15326 32100 884
1 386 32081 381
1 3583 25123 28
1 6655 23444 853
1 14314 22479 274
1 4665 19609 726
3 9652 23046
1 17183 19310 6
1 4361 30771 688
1 9731 15424 632
1 11419 26144 885
1 4485 6544 86
3 13636 16684
1 6521 29684 697
1 22598 23224 27
1 601 23123 470
1 8549 18072 473
3 1986 18963
1 4391 10435 884
1 11601 18503 945
1 10230 32213 514
3 3340 23571
3 5929 26300
1 22844 32666 312
1 18722 19475 865
3 4119 30232
1 6626 6652 634
1 2730 27726 664
1 23696 23712 299
3 11503 19952
1 2698 22313 587
1 26230 28413 157
1 28214 28662 681
3 22159 28475
1 8819 30218 209
1 4088 21392 269
1 18105 18631 18
1 9285 12085 239
3 5597 32729
1 1838 22600 165
3 9010 22801
3 2559 3636
1 23232 27818 803
1 11048 23463 115
3 17170 22185
1 13665 24482 606
1 14919 22250 216
1 9995 31980 97
1 13738 27332 750
1 2988 28516 656
1 14642 30464 692
1 19183 25866 831
1 15733 19041 693
1 13746 19398 716
1 8890 19599 693
1 11463 12703 51
1 5501 20629 15
1 24388 28019 170
1 17136 30564 260
3 646 11762
1 23925 28988 782
1 2545 7819 844
1 2965 28965 91
3 16147 19615
3 4968 20984
1 27319 31268 233
1 2498 8650 639
3 28276 29522
1 7170 28682 580
1 11071 27699 569
1 3468 4456 125
1 6982 27920 646
1 32657 32761 154
1 2962 21148 182
1 7843 18911 847
1 12712 26163 154
3 15719 27968
3 2104 32063
1 7281 9499 982
1 3537 4591 611
1 6026 24356 408
1 16606 21399 895
1 6932 21201 411
3 9707 18774
1 12144 19887 526
1 5787 30664 342
1 17873 27345 307
3 4926 9563
3 3975 30361
1 22960 27614 307
1 996 9180 955
1 13535 27615 25
1 14899 32146 719
3 8379 19747
1 14454 16517 164
1 7073 8890 696
1 14644 28149 723
1 7252 20424 378
1 6916 27110 700
3 14567 22168
3 28331 31872
1 13978 32461 654
3 11232 25619
1 325 26940 991
1 6789 12300 250
1 13842 22112 176
1 23085 28553 422
1 23957 27685 248
1 14441 28560 397
1 13049 17133 72
1 12903 15835 688
3 25677 31658
1 3934 24134 47
1 12962 27744 709
1 13258 14761 202
1 18369 27265 106
3 8943 18819
1 20034 29519 490
1 2552 21520 623
1 14302 21420 822
3 13585 31609
1 9082 29713 893
1 19 19930 908
1 3849 25007 905
1 7330 21488 565
1 27072 29057 594
1 4140 24057 303
1 28584 32393 267
1 3289 28806 653
1 14168 28244 427
3 26216 27431
1 12710 24682 408
1 4529 21421 364
1 15413 25062 871
1 1560 7157 883
1 11147 28928 861
1 9897 27817 736
1 6715 25765 521
3 15379 16949
1 2650 11801 215
1 4686 15685 964
1 10149 25385 725
1 9317 10516 382
1 8938 20450 195
1 12899 19261 681
1 20008 25466 342
1 8446 27917 299
1 14069 27368 352
3 18156 27305
1 1814 23252 14
1 15094 22550 15
1 16098 30637 456
1 5694 11121 70
1 12835 26286 943
1 28841 29161 684
1 3939 17151 991
1 1728 15327 262
1 4840 25409 769
1 25070 30607 473
1 19098 20656 521
3 1419 28414
1 26908 29538 838
3 24072 27317
3 14444 14640
1 10373 29548 191
1 6845 24531 619
1 19303 24317 185
1 23699 28177 883
1 9393 17662 938
3 2710 28202
1 13790 19962 129
3 21446 21665
3 4751 30239
1 9429 11939 227
3 11639 26689
1 18779 20051 822
3 559 28056
1 4473 12979 967
1 5438 6317 675
1 7703 21797 927
1 10908 25047 371
1 366 17798 904
3 3395 26125
1 336 12734 115
1 422 30399 880
1 18916 25299 256
1 3738 22610 729
3 8235 22278
1 626 27926 753
1 10211 18190 492
1 2796 13509 439
3 8439 31813
1 3139 7360 90
1 3942 22625 166
1 7002 20605 98
1 25238 28733 312
3 25011 30715
1 16743 31832 685
1 5896 28475 17
1 5047 32662 326
3 18370 21349
1 17895 24017 451
1 6421 32664 586
1 22348 32351 760
1 3764 8325 279
1 6070 21994 709
1 10606 18420 730
3 6472 9195
1 13919 14332 385
1 4859 19866 637
1 1880 2693 522
3 2972 20906
1 11179 29244 557
1 19 28989 361
3 3761 7358
1 2836 6535 384
1 11771 28335 46
3 11341 15966
1 2376 21737 614
1 14440 20248 127
3 5094 20633
1 2133 12186 801
1 18502 26964 338
1 17903 25995 849
3 5891 12330
1 4741 29861 73
1 13157 20374 394
1 22972 25922 772
1 568 18604 567
3 19833 30210
1 24438 32571 525
1 19530 19996 824
1 18498 25400 830
1 13718 23375 808
1 1403 23914 119
3 2081 18416
1 15628 17316 240
1 7520 21897 636
1 481 29008 412
1 6702 22355 282
1 26834 29754 714
1 28260 28625 84
1 22043 22509 381
1 4502 12703 482
1 16305 19667 654
1 12598 16281 750
1 23061 29283 756
1 11111 30975 609
1 24186 26619 895
1 13442 23284 773
3 11260 25254
1 29921 32581 866
3 956 25410
1 23900 24899 534
1 21406 28441 133
1 12403 15260 838
1 19043 20828 766
1 13094 25659 461
1 5378 5582 217
1 2263 19075 215
1 4847 22925 327
1 22496 32311 168
1 6323 29560 324
1 14917 28104 341
1 23534 26419 616
1 16737 29100 505
1 931 5075 975
1 15968 29402 841
1 4468 27050 57
1 8527 23235 856
3 4499 14669
3 223 3086
1 4830 15003 619
1 12987 21746 214
1 8350 10862 928
1 13343 26934 421
1 2689 11878 843
1 5839 24684 644
3 1788 31197
1 9294 14615 150
1 7780 31137 706
3 5078 11016
1 9190 26652 213
3 15988 28585
1 6839 25644 68
1 362 29181 157
1 1221 12306 664
1 24465 25760 635
1 1285 14483 465
1 8923 18576 38
1 5399 15297 28
1 11581 22211 687
3 20246 24682
1 1217 1687 326
1 6971 23687 268
1 5183 20895 577
1 7837 13434 250
1 20170 26896 581
1 7817 20869 671
1 68 18630 341
1 12469 15450 330
1 10039 15624 577
1 10575 14794 755
1 13581 26971 234
1 953 22796 47
1 15101 17034 481
1 17434 26921 416
1 13464 19232 873
1 14946 27894 586
1 11114 22213 305
1 17846 28337 688
1 630 1475 67
1 7241 12062 621
3 27110 30800
3 9397 13233
3 408 5907
1 3073 16809 917
1 236 14944 740
1 4591 15402 735
1 6044 16344 391
3 25513 26532
1 186 14642 956
1 6156 21450 440
1 15672 25521 26
1 6494 31329 957
1 6751 9920 370
1 8780 27297 635
1 10636 19230 70
1 4775 29890 669
1 712 22652 235
1 3700 10725 129
1 14758 30614 83
1 3928 20895 356
1 4440 29987 801
1 15749 30740 988
3 22160 32494
1 10756 32204 397
1 17982 30596 731
3 10953 23892
3 10325 14971
1 7091 25966 688
3 9300 27064
1 9330 25504 677
1 19108 20586 324
3 10585 22193
1 5035 23396 123
1 10918 13523 756
3 15086 26997
1 11642 17923 897
1 4461 31116 89
1 20462 32151 679
3 7965 25173
1 21201 25143 483
3 2015 12752
3 18753 22760
1 25328 28895 361
1 20444 23313 354
3 3526 5287
3 29112 29695
1 13499 26346 990
1 14693 30203 485
1 2145 2996 762
3 9317 21425
1 13231 26266 973
1 2147 5956 906
1 1114 8595 403
1 6605 15508 691
1 6716 24447 496
1 2592 14717 413
1 16850 29110 277
1 24476 25534 802
1 15490 24254 861
1 9084 24501 558
1 25505 26181 141
1 9108 13757 282
1 18116 27089 803
3 31892 32494
1 19987 30962 656
3 10060 10437
1 20670 23669 703
1 22020 25084 381
1 3065 20162 854
1 5362 27646 130
1 1268 31226 450
1 12569 22121 282
1 9879 17560 123
1 727 5649 907
1 4271 18319 873
3 22278 24099
1 9359 10362 834
1 4712 22512 691
1 1953 26572 796
3 8920 11355
1 22395 32642 9
1 16894 29400 403
1 3830 8422 193
1 11961 27592 98
3 26160 30225
1 18982 31632 913
1 2427 21497 307
1 15163 31358 530
1 2089 15629 64
1 7069 17758 985
3 14060 23392
1 7469 30929 917
1 12369 25870 139
1 4076 28780 66
1 11749 23923 536
1 10547 12703 653
1 17372 31003 978
1 12065 15823 646
1 10415 12001 215
1 1671 21257 599
3 7920 20570
1 10614 14092 853
1 11001 11911 194
1 9044 25512 488
1 8609 10361 180
3 4904 13971
3 6484 10740
1 7822 13028 298
1 1550 19161 437
3 9911 26779
3 14988 27693
3 12616 24284
1 7744 32033 752
1 23991 30294 362
1 3747 14427 356
1 7087 14204 78
1 3898 22252 577
3 1610 32195
1 5089 15181 639
1 11040 18991 201
1 18985 20403 283
1 9356 26209 32
1 8577 19487 683
3 19261 32056
1 2722 6846 1
1 5477 32499 316
3 75 9539
1 12591 16272 426
3 4740 22125
1 6436 10258 176
1 24078 29372 968
1 5829 29629 194
3 2447 4511
1 18554 32238 65
1 17549 23596 937
1 16321 31568 268
3 17818 32671
1 6895 19512 612
1 8073 15423 349
1 1477 5705 214
1 4 11478 554
1 9178 27558 254
1 24251 32055 840
1 10737 25238 184
1 8911 20567 87
1 20896 32357 885
1 10742 22508 527
1 25206 25919 945
3 8276 27545
1 15592 29247 104
1 1427 15423 205
3 6863 20940
3 13175 31389
1 13194 25517 57
1 661 24159 939
1 957 7538 920
1 12834 22870 464
3 22664 24374
1 19110 32716 620
1 20338 24166 433
3 15873 28353
1 9409 21058 410
1 20741 27860 811
3 5761 28587
1 206 12247 75
1 318 7381 680
1 1224 17821 202
1 6057 22408 851
3 2670 5301
1 16537 31282 203
1 560 20120 618
1 14309 19036 78
1 2141 21016 920
3 10719 11854
1 15662 32667 692
1 8700 24505 755
1 22319 30295 719
1 10931 14092 83
1 782 4971 460
3 2187 6289
1 3962 30869 741
1 8630 30495 335
3 9568 12325
3 23 4225
1 7953 15153 930
1 846 9023 731
1 17069 26355 597
1 22688 32460 331
3 11295 29338
1 22894 31890 221
1 1036 30250 714
1 2432 27463 558
1 7146 17632 235
1 14506 17875 779
1 3509 31048 418
3 14331 29055
1 5958 7993 744
1 8426 15951 846
1 24911 32698 166
3 8788 26833
3 18258 28127
1 2893 32298 297
1 4869 7489 946
1 10950 18859 308
1 13983 23045 188
3 4228 17241
3 6249 30417
3 10773 11233
1 7508 17422 909
3 11796 28840
3 10181 28801
1 15276 18579 236
1 1278 29439 410
1 13906 30304 303
1 20302 23978 685
1 2301 22251 48
1 2904 8068 459
1 9065 31034 325
1 13987 25495 572
3 626 658
1 9961 23058 827
1 5782 24686 440
3 14101 25235
1 13992 26842 352
1 12314 17918 759
1 19133 30259 677
1 1096 13749 716
1 3501 19167 790
1 10866 19145 454
1 19163 24723 473
1 19417 25720 875
3 27279 27830
1 589 8890 121
3 6011 17637
1 84 26428 495
1 16980 24791 975
1 2066 22640 705
1 8321 30766 513
3 11446 19687
1 4063 29179 979
1 10076 30265 644
1 5401 14627 964
1 21003 28776 128
1 16320 32763 626
1 7074 17253 713
1 23144 24173 668
3 7204 15524
1 11279 26206 390
1 8273 24185 838
1 14359 20666 71
3 2096 28140
1 13494 32135 39
1 3999 24124 173
1 25629 28070 552
1 4505 12850 544
1 1500 23780 985
1 2863 8990 932
1 10406 31139 981
1 5051 18905 333
3 5045 22712
1 26306 27275 505
1 14326 32069 973
3 9491 32625
1 2465 22113 759
1 17549 32377 980
3 22897 30015
1 7079 17300 319
1 10980 11816 370
1 2820 8841 733
1 7404 14714 725
3 15154 28703
1 20409 30161 879
1 11839 12040 91
1 7356 20579 192
1 24183 25645 799
1 1045 21466 188
1 11904 26483 303
1 6551 14540 360
1 10619 30592 31
3 561 3631
3 15190 26242
1 11411 23211 647
1 2593 5278 719
1 12638 29575 508
1 10344 21845 604
1 6243 32148 315
1 19224 24664 154
1 8780 8967 850
1 15404 30595 545
1 7007 21294 684
1 13993 30177 262
3 10657 24400
1 9124 25550 646
1 1694 11996 47
1 7799 22218 899
1 22846 31111 766
1 3768 7189 598
1 9857 15202 188
1 4199 14432 591
1 11543 14680 302
1 8072 16365 676
1 997 12086 328
1 13167 21065 950
1 20975 24264 88
1 6830 13658 249
1 2584 31499 604
1 10351 32518 160
1 15979 23538 423
3 3447 29485
1 12714 22322 845
3 1103 12904
1 7503 16895 46
1 23832 31682 933
1 18285 29014 780
1 1515 17221 495
1 13778 22523 414
1 12896 17188 649
1 16790 21532 330
1 11728 14613 139
1 9519 21984 842
1 19300 23003 170
3 4176 31370
1 8875 22896 587
1 2242 16999 7
1 7212 21573 334
3 11440 11970
1 16228 18614 792
1 20906 23842 693
1 16996 31144 118
1 3552 28526 136
1 5237 27224 69
1 3570 4615 915
1 14491 21725 465
1 5059 17618 35
3 28924 29508
1 13790 16350 100
1 15700 25779 384
1 8683 27760 231
1 3148 32468 158
1 3993 14720 556
3 24169 28235
1 4497 11441 442
1 18924 31105 174
3 19643 29983
1 24679 30752 144
1 8521 25512 119
1 4131 28902 815
1 12412 30975 152
1 8453 11205 174
1 26343 28285 677
1 17572 22165 876
1 5168 8355 798
1 14848 26098 871
1 14969 24361 485
1 4059 28150 527
1 5578 28830 898
1 7431 9438 393
1 16427 22853 813
1 21332 27427 54
1 23734 31498 984
3 7339 10588
1 3935 25162 154
1 26924 28121 647
3 2927 14430
3 13868 27126
3 13157 29515
1 4131 25649 538
1 17323 28248 289
1 10419 12446 33
1 15241 30829 840
3 12771 22162
1 3351 3716 8
1 7893 9219 528
1 26006 31348 451
1 7482 21686 705
1 3617 13971 921
1 9935 29714 243
1 3545 5634 933
1 3051 27628 947
1 5904 14916 355
3 814 14566
1 7120 31119 953
1 27433 31890 238
3 12885 19026
1 4223 12773 242
1 8463 18854 830
1 5283 18567 26
1 396 2472 680
1 18542 28200 770
3 4411 13033
1 25977 30534 636
1 10395 26450 365
1 14631 19762 805
3 12328 29586
1 13536 28517 536
1 11629 16942 716
1 11086 18595 394
1 21564 22694 469
1 22633 24278 809
1 17891 25897 462
1 10579 27043 345
3 2435 12232
1 8534 15773 863
1 8071 9396 5
1 4160 7843 306
1 1070 30213 638
1 3761 14618 164
1 26687 27326 141
1 6446 13936 239
3 2733 25019
1 12421 31822 241
1 19412 19679 806
1 13058 16364 982
3 22892 25981
3 495 24769
1 2941 13102 105
1 3957 12450 296
1 5627 10501 311
1 25680 26429 160
1 7085 18383 25
1 11087 32466 955
1 9311 31096 348
1 13327 20202 266
1 5023 10433 529
1 1431 17337 214
3 12476 28738
1 10878 16512 339
1 10466 11749 112
1 5487 23763 776
1 10038 22486 398
1 10767 15731 71
1 25749 28165 334
1 8080 19366 953
1 11404 18040 108
1 1406 13134 404
1 12570 22842 238
1 22641 24889 377
1 2809 17172 890
3 2403 28366
1 19288 27281 842
1 5465 6624 742
1 6334 24879 863
3 13640 24911
1 8548 12739 581
3 23103 27736
1 437 14771 601
3 30880 32762
1 24404 29904 608
1 4782 21974 691
1 7991 30512 734
1 13673 24902 887
3 7699 21197
1 13087 13437 757
1 972 3089 718
3 4504 24487
3 15808 31366
1 2284 19626 215
1 1316 21480 269
1 20322 25786 918
1 26310 27618 261
1 837 32045 213
1 8490 13932 487
1 21301 24909 150
1 4291 22186 337
1 24441 31703 137
1 9381 17849 211
1 17530 21374 640
1 26729 32710 699
3 13638 22377
1 9983 28130 639
3 12536 31664
1 6733 27322 274
1 3476 25754 699
1 20324 26943 567
1 19449 29436 12
1 3293 29012 342
1 15150 17902 256
1 3422 6021 751
1 1108 3851 33
1 29856 31267 535
1 21134 21577 679
1 29751 31610 965
1 26096 27646 594
1 6470 13090 877
1 7390 25231 442
3 27520 28154
3 10307 16413
3 22393 26064
1 8074 32670 113
1 4794 13895 110
3 21387 28594
1 25171 27614 482
3 4379 14347
1 1177 11930 994
3 3695 11951
1 24249 32694 322
1 8667 20891 471
1 15847 30740 596
1 2964 3348 562
1 7276 18418 384
1 17092 24428 220
1 9201 32491 19
1 26505 29753 732
1 4104 16720 424
1 2884 15332 268
3 8355 19620
1 27502 29098 492
1 7375 19489 323
1 7878 10380 785
1 2612 32049 643
1 16005 32173 593
1 9206 26238 978
1 17107 18218 694
1 17085 20419 556
1 12111 23716 478
1 27329 28576 50
1 3978 28095 474
1 14026 17315 301
3 17292 26788
3 863 14909
1 680 3167 800
1 17040 30135 813
1 8402 26434 603
1 21304 22994 46
3 10319 30981
1 4032 23670 109
1 5345 27709 100
1 15995 24999 542
1 567 9863 874
1 12223 15106 748
1 2038 12235 292
1 6982 20176 169
1 17060 22192 681
3 17103 29038
1 4626 31248 774
3 13672 30685
1 16902 25922 698
1 10163 12831 349
1 344 29913 148
1 6803 28525 365
1 2403 28680 696
3 22935 27081
3 27121 31716
1 6651 20690 114
1 15989 22839 84
1 17322 30280 59
3 421 10401
1 15458 15468 987
1 18363 32019 394
1 2401 17269 130
1 20089 25943 133
1 1284 12526 410
1 6739 19643 955
1 8681 19078 546
1 546 18445 223
3 8645 14922
1 25241 27788 89
1 14500 15124 74
3 12010 29784
1 15580 20962 540
1 1035 14010 114
1 19816 20441 713
1 27559 31462 501
1 6313 32359 312
1 19456 20181 364
1 9716 24237 77
1 20288 29005 371
3 16027 22404
1 8315 17375 643
1 19047 26178 93
1 11386 31854 331
1 15508 30571 507
1 14793 31129 982
1 7205 10721 653
1 5508 25429 355
1 7600 32523 215
1 2967 28253 904
1 9886 29331 278
1 23376 32419 583
1 16196 20302 615
1 10547 11386 292
1 797 26119 673
3 17062 22508
3 14380 17465
1 3742 17666 123
1 16497 24986 624
1 7605 12031 240
1 8504 17875 474
1 21435 27110 466
1 7175 19282 471
1 14862 32282 96
3 15723 20440
3 24207 29600
3 1060 19016
1 3317 19384 5
1 4808 21753 902
1 15750 26537 522
1 6247 32347 397
1 17033 30593 379
1 8635 9838 615
1 12210 32130 328
1 5303 13904 481
1 8486 32375 416
1 2103 24241 914
1 22526 30763 21
1 9242 15027 677
1 9931 26608 827
1 7541 14014 251
1 11788 24857 437
1 14984 20354 567
1 13184 26809 697
1 14049 20703 305
1 2236 8705 263
1 16877 23112 659
3 9075 10492
1 12359 17238 113
1 9642 21719 824
1 8159 18910 710
1 487 10362 129
1 17452 27517 359
1 5074 18788 544
1 25616 31416 182
1 28454 31310 539
1 8740 15418 588
1 18789 32134 293
1 15009 26593 165
3 7950 24241
1 22136 28644 873
1 21463 29992 70
1 2428 23171 584
1 1089 15110 78
3 3762 20681
1 8712 20466 788
1 4470 24563 391
1 2918 25928 399
3 15897 30159
3 10936 30371
1 7686 9619 494
1 1046 21256 786
1 4757 24676 889
3 2985 18234
1 3539 7885 959
1 4569 6155 476
1 23251 25866 171
3 13936 22746
1 5106 20067 852
3 1802 22305
1 4745 7878 445
3 2166 27327
1 12547 32388 104
3 11209 20092
1 11998 12837 436
3 7210 12838
1 11439 17287 991
1 29776 29987 541
1 25498 28404 483
1 5652 16543 566
3 8420 18218
1 28637 32002 825
1 20678 31960 643
1 4327 9673 475
1 3863 13950 580
3 12930 15487
3 18572 32156
1 589 4263 733
1 5208 31925 725
1 4476 9993 587
1 7514 13294 988
1 21284 23685 666
3 19001 25544
1 22951 25410 484
1 6837 30207 570
1 30754 30755 207
3 7145 31542
1 7344 9724 74
1 16774 23615 99
1 5070 12927 755
1 26840 31430 959
1 21264 23775 896
1 3843 10027 53
1 10029 15404 357
1 7763 25859 327
1 6911 9802 110
1 17371 32661 679
1 11101 20250 629
1 19955 28253 535
1 23814 25994 207
1 2444 6837 71
1 6850 18554 376
1 3718 5758 219
1 19816 25010 267
3 19059 29794
1 452 5991 244
1 16730 31482 206
1 20106 31750 559
1 21131 22077 729
1 2475 26717 341
1 12971 26771 775
1 19125 30133 443
1 13796 23926 945
3 1212 24358
3 2901 16511
1 16985 25986 383
1 21152 29408 731
1 19466 27013 614
1 15285 27134 981
1 23376 32463 968
3 1091 11332
1 9351 18700 668
1 20111 32743 163
1 5486 9760 116
1 12596 32587 657
3 9016 18802
1 14478 19032 787
1 18341 22726 989
1 18795 27766 261
1 7515 11858 798
1 176 5903 43
1 3603 24875 80
1 7857 8983 378
1 8558 29886 586
1 804 32117 878
1 10142 25283 177
1 5691 27887 669
1 1300 11918 381
1 553 26524 735
3 9490 12660
1 23402 30070 952
1 5430 18848 105
1 8752 18075 84
1 7807 8023 242
1 3951 8259 669
1 12268 19944 323
1 4300 10042 489
1 6118 22678 50
1 6908 31346 464
1 20151 31610 794
1 17925 20936 846
1 219 19512 977
1 8201 17969 261
1 2526 18966 322
1 14951 16287 625
1 16101 32380 124
1 3319 27843 770
3 3917 10068
1 9354 17237 483
1 6182 21231 104
1 13740 26007 503
3 10841 15967
1 5381 8140 51
3 3392 27869
3 584 3371
1 21811 29633 37
1 10920 17323 656
1 11655 18773 831
1 2122 23184 321
1 6390 15491 238
3 17823 20039
1 16253 27102 989
1 10429 28199 839
3 8884 29163
1 14690 30743 41
1 17869 30573 749
3 28165 30197
1 9954 14488 453
1 12126 16703 273
3 11146 12105
1 13193 27273 901
1 11626 31800 303
1 1967 25923 409
1 11637 21200 889
1 2614 25182 102
1 14009 17639 644
1 1042 2943 245
1 4590 18457 970
3 19994 31903
3 16334 24015
1 2932 21058 794
3 4064 27433
1 557 9995 361
1 9179 21092 481
1 6886 28615 48
1 6617 13344 695
1 7701 13527 240
1 7881 30984 325
1 7157 15419 132
1 723 25912 226
3 16155 20848
3 18257 23330
1 8246 31592 742
1 10741 14231 35
1 4313 11923 374
1 18962 26514 572
1 2844 17136 849
1 6020 6113 418
1 7805 22486 376
1 8459 30406 630
3 721 11868
1 11188 15819 106
1 1867 15369 915
1 14063 32596 337
1 19573 30347 874
1 8833 12165 819
1 2043 29175 105
3 24200 25291
3 1958 12769
1 1432 13972 7
1 8556 10458 838
1 17892 30965 667
1 1028 29063 431
1 20425 29025 852
1 7395 9324 417
1 874 29691 117
1 3955 25569 825
1 8452 20099 739
1 22351 23876 776
1 11873 28130 746
1 14515 21384 394
3 19947 29212
1 4412 20998 620
3 12713 31971
1 1250 27152 428
1 11384 18610 544
1 3016 8465 608
3 19323 26056
1 8714 18131 827
1 3118 15687 487
1 152 10664 596
1 10018 11737 859
3 10305 27404
1 19427 27458 410
1 22540 23184 13
1 16955 17201 37
1 2616 32675 759
1 1289 18042 41
1 13342 21834 581
3 1352 23115
1 7720 30094 385
1 12716 14315 881
1 9551 26488 118
1 4632 4644 546
1 22130 30200 327
3 996 17370
1 18276 32323 381
1 21240 27294 532
1 9033 10626 64
1 7197 10312 624
1 1089 16978 884
1 5919 23626 11
1 14493 24736 94
1 5366 27526 509
1 29244 30917 417
1 2532 21773 665
1 21848 32693 521
1 2669 22564 440
1 12930 17414 976
1 18033 31793 748
1 2450 24062 157
1 4938 27026 101
1 7799 28102 616
1 8246 30780 343
1 2344 15988 415
1 24457 27016 482
1 11752 24782 157
1 5944 23200 617
1 28074 28126 877
1 13752 21166 892
1 11273 21504 667
1 1725 20750 990
1 24207 31385 684
3 463 8643
1 322 21934 714
1 19685 26761 950
1 13239 18251 201
3 5520 14887
1 10836 24370 521
1 3403 30113 200
3 1863 7444
1 21261 28711 972
1 1667 19761 175
3 27250 28645
1 8123 28489 412
1 9865 18588 917
1 26947 31352 552
3 5433 31963
3 16513 32008
1 8584 29291 256
1 7924 8095 803
1 5332 10262 692
1 14903 16586 323
3 48 13206
1 3358 5435 889
1 5614 21588 949
1 2318 14202 69
1 10074 30369 694
1 7422 18771 107
1 22339 28496 604
1 18482 20718 188
1 15474 19118 939
1 279 7780 945
1 12067 27695 365
3 777 1266
1 844 1542 854
1 26062 29995 955
1 8825 17662 261
1 8218 14565 515
1 14271 24877 857
1 28047 30343 591
1 22796 24993 922
1 6988 10311 553
1 748 14402 42
1 15423 18822 942
1 7465 24622 714
1 15243 22376 664
1 23506 32699 965
3 3983 4300
3 3514 5367
1 22915 24854 230
3 17768 25789
1 10824 25097 317
1 6543 32108 664
1 1378 4600 815
1 21026 26604 378
3 8934 19679
1 5878 6174 107
3 1174 4873
1 1159 21876 67
3 9037 11875
3 7164 15982
1 13206 15334 765
1 11533 21853 816
1 5153 26706 230
1 5196 8993 327
1 11333 32172 916
1 11187 12317 291
1 17440 31728 202
1 18992 25134 624
1 523 9211 313
3 16523 31719
3 20418 26111
1 7978 30718 361
1 14748 30408 867
1 13361 14045 405
3 6911 15705
3 8760 16493
1 9630 31727 776
1 18612 27606 2
1 2846 20293 239
3 2866 21707
3 22816 27620
1 2407 31114 344
1 3161 6968 740
1 13898 32523 480
1 19885 27148 287
3 24205 28444
1 26185 31711 91
1 19617 25348 701
1 19728 29177 417
1 9012 13293 191
1 16445 17020 715
1 309 26102 8
1 13500 30150 854
3 7955 8695
1 22575 24847 493
1 4104 32176 689
1 4167 21461 596
1 1528 8439 944
1 12648 25365 819
1 11177 14236 517
3 4868 14584
1 7668 18360 951
1 11521 12802 236
3 16558 28699
1 1364 28631 369
3 29511 31688
1 7663 14948 370
1 4784 21860 543
1 10948 19615 71
1 4271 11024 310
3 11036 25426
1 4759 6783 904
1 15000 26963 214
1 2001 24703 467
1 4923 19946 569
1 19029 23094 382
3 20462 25710
1 8298 21301 692
1 1434 16173 122
1 1423 24568 145
3 27132 29407
1 2167 29279 862
1 13870 28373 264
1 8855 29522 583
1 12069 20626 767
1 4693 32659 604
1 4966 17288 70
1 320 23096 620
1 9050 29633 15
1 7864 28639 913
3 4223 5896
3 19589 31860
1 2207 21120 416
1 10144 17935 461
1 19500 23441 44
1 7653 14961 962
3 6638 21052
1 11556 24852 155
1 3272 17189 143
1 11120 29592 615
1 5472 9040 650
1 22902 23794 734
3 3544 13190
1 12676 16429 134
1 9622 29184 927
3 5198 10363
1 11707 14877 678
1 557 8117 842
1 28640 31221 880
1 1424 18833 402
1 17849 26956 842
1 17446 23178 517
1 32228 32493 19
3 8465 24995
1 5882 18225 23
3 14682 23952
1 5316 10681 286
1 22469 31199 888
1 8497 11439 833
1 19451 23068 534
1 15783 26515 488
1 5598 12986 787
3 7459 14486
1 2546 17409 687
3 7463 19505
3 12296 16577
1 10314 20877 161
1 21734 25129 73
3 9707 10602
1 17669 28343 588
1 2203 21931 113
3 12497 17923
1 10340 29613 100
1 17138 30202 35
1 7664 32707 50
1 14230 27848 412
1 12465 25083 920
1 7924 24809 818
1 7909 25852 707
1 1604 8663 315
1 8900 28363 486
3 1876 21838
1 598 13567 982
3 2059 5545
1 12800 25628 588
1 3632 24608 45
1 12272 20414 195
1 14167 22807 208
1 2778 11907 996
1 13441 31070 157
1 118 232 883
3 14004 27539
1 3557 8043 981
1 9498 27577 145
1 19653 20711 360
1 15174 18262 15
1 20819 22597 103
3 17923 19235
1 1494 20568 605
1 3864 13027 815
1 3280 32233 743
1 25235 27576 452
1 22331 28697 599
1 205 32671 56
1 5451 29579 724
1 11117 30543 829
1 11094 14223 555
1 21609 25990 650
3 2470 21855
1 11982 27006 902
1 1249 30495 996
1 17418 28229 765
1 617 8641 121
3 17211 23993
1 8354 18093 32
1 9382 25756 173
3 7080 12460
1 13328 21615 748
3 11868 25933
1 8701 12386 120
1 15999 24687 558
1 3190 24397 415
1 7970 16381 730
1 16729 30731 280
1 5900 7991 661
3 20543 32579
3 4470 23106
1 4901 17643 652
3 2385 4616
1 522 4706 955
1 18426 23979 206
1 9836 20159 254
3 8521 29714
1 3022 7093 62
1 7680 16531 74
1 19262 26129 563
1 592 19259 123
1 14744 30322 554
1 9468 25670 851
3 1831 5222
3 5153 21148
1 9152 32470 942
1 14591 24398 856
3 13168 24755
3 4523 13564
1 15895 17070 496
3 3790 16346
1 25582 28395 900
1 286 13776 753
1 3097 22106 483
1 6840 12468 758
1 12720 31333 228
1 1906 26126 623
1 28248 29522 262
3 19755 22504
1 5002 29473 254
1 4922 27113 828
3 5841 8442
3 4284 19872
1 13987 22069 300
1 20745 32585 868
1 24002 32710 547
3 7018 20552
1 24523 25442 672
3 2457 24815
1 3926 4814 153
3 3047 5001
1 13850 21077 678
1 5746 14867 256
1 3905 9442 401
1 10430 11680 207
1 5388 27395 588
1 7419 10552 8
1 11432 32534 374
1 22681 32342 869
3 761 28472
1 7398 12595 191
1 30700 32696 945
1 8863 16696 502
1 3320 7817 898
1 3005 22888 296
3 2024 7627
1 2585 20079 730
3 10132 12215
3 156 22216
3 11012 14935
1 6513 9631 720
1 5083 28852 294
1 20579 25202 19
1 5678 16327 164
1 12541 17194 424
1 520 29191 488
1 30966 31606 60
1 15174 21005 48
1 6136 23279 959
3 4428 24643
1 11033 26079 249
1 7126 28459 543
1 600 20413 466
1 9967 24192 264
1 437 14497 601
1 1429 29215 161
1 23793 29759 467
1 9388 21782 830
1 16627 25820 148
3 13635 24446
1 6343 14716 339
1 19322 19571 702
1 10095 10382 172
1 14128 24856 517
1 15926 27628 981
1 391 26961 779
1 20342 21045 393
3 4114 31538
1 4891 24257 196
3 13589 17209
1 7468 15772 813
1 1883 22226 832
1 12129 25254 88
1 8234 10031 223
1 419 11535 914
1 7848 19250 83
1 19777 22992 170
1 7712 8097 204
1 5872 11727 610
3 568 6081
1 17401 22263 933
1 16370 16684 329
3 9454 28527
1 4608 4894 471
1 22386 31407 65
1 10232 22006 720
1 15937 32636 804
1 11076 14299 335
1 1258 18561 137
3 21545 23695
3 3389 19105
1 1447 9371 279
1 4448 21998 654
1 2958 13751 173
1 14980 20901 72
1 6824 12350 907
1 3901 32709 604
1 19655 29972 729
1 4380 15934 130
1 2164 8638 936
1 1128 7461 582
1 9703 23145 543
1 2720 25387 465
1 10398 24406 960
1 4971 7093 853
1 708 30832 688
1 24342 29523 948
1 11327 27965 818
1 30142 32679 265
3 12065 26482
1 9761 27655 449
1 15302 26491 728
3 20616 24144
3 20116 28552
1 16455 21686 692
3 3942 15186
3 16325 30923
1 14706 26013 282
1 11423 18597 759
1 13432 14192 550
1 12996 24405 973
3 919 24421
1 745 9140 170
1 6912 28916 275
3 20040 27446
1 16019 22801 235
1 13586 21294 237
3 5282 27325
1 12249 26068 772
1 14282 27782 893
1 19150 31819 709
1 20760 25725 497
1 818 5549 946
1 6434 9911 689
1 17806 24399 272
1 16691 31692 282
1 7211 27799 173
3 1774 22362
1 1094 30592 55
1 2876 7367 808
1 27813 28953 238
1 25224 29503 356
3 15316 25095
1 13732 19564 110
1 6765 11201 911
1 3315 15683 225
1 25469 26670 644
1 7855 29544 39
1 12734 22601 423
1 2370 17472 905
1 22366 31393 346
1 13661 16002 317
3 13707 25050
3 14518 30689
1 7485 13411 786
1 11769 23740 694
1 4256 23560 772
1 6551 18398 60
1 11693 21108 579
1 26622 28274 955
1 7300 8081 477
1 4064 6039 740
3 14915 16796
3 28110 30515
3 7830 18643
1 13324 14591 311
1 15696 28913 605
1 7208 20582 631
1 9774 27900 762
3 22370 32458
1 22762 27155 191
1 1522 29646 219
1 5394 18179 158
1 428 27797 816
1 27516 30048 644
3 2691 5758
3 8716 12565
1 18956 27878 175
3 6107 14378
1 6022 12669 355
1 8828 22863 306
1 8887 25776 32
1 14673 14820 657
1 6944 14672 605
3 11089 20014
1 3631 24767 771
1 12883 18258 422
1 9366 29694 466
1 16462 23006 689
3 13740 32522
3 5107 20621
1 580 28777 841
1 8485 23427 258
1 5704 16350 958
1 9342 23530 937
3 8349 10413
3 29298 31678
1 10665 17387 600
1 2825 26189 342
1 9588 30535 673
3 20194 25689
3 12292 26072
1 1913 19361 241
1 22562 29705 965
3 14935 27251
1 21302 22244 506
1 10236 17356 113
3 29175 30850
1 22275 22813 136
3 13436 26562
1 7805 14881 260
1 6935 18383 433
1 18830 20082 119
1 4945 27222 424
1 16885 32213 432
1 19148 28121 158
1 5179 27674 401
1 4308 19233 421
1 2393 23256 837
1 162 15041 507
1 18828 24988 22
1 1857 31285 124
1 16838 17267 120
3 25751 30161
1 22067 28486 378
1 7960 22291 599
1 13403 21587 468
1 4675 25089 991
1 10174 16157 399
3 3561 17433
1 20764 26189 381
1 7540 29345 185
1 9141 19742 969
1 8884 10872 518
1 2969 26474 325
1 118 7537 356
1 5812 32570 954
1 13329 15873 375
1 10594 27806 553
1 7651 26003 128
1 14453 24228 629
1 260 18379 783
1 11341 23368 597
1 3368 15278 659
1 10186 15228 831
1 25412 27125 859
1 2333 19804 408
1 8205 21905 376
1 23136 26254 357
1 3814 7104 769
1 14063 25074 829
3 3952 24949
1 12544 25776 773
1 25395 31539 522
3 10033 25074
1 12474 24090 979
1 14224 28834 415
3 18602 22639
1 12210 31245 819
3 17812 26134
1 18002 18036 645
1 10337 23417 459
1 17778 28011 398
1 24902 25228 808
3 16599 30773
1 13380 28521 315
1 5582 32170 84
1 1060 14474 669
3 17235 23451
3 7424 29783
1 14699 15736 460
1 4348 9312 114
1 19155 30064 910
1 26670 27201 414
1 8916 30762 150
1 12532 23390 315
1 24837 30591 254
1 7682 13663 212
1 13601 15548 803
1 10864 29856 911
3 12732 27886
1 25778 27435 537
1 10119 19983 273
3 1197 8486
1 1894 16192 349
1 26781 31566 143
3 21884 26846
1 17943 25598 832
1 26667 32138 570
1 8412 15666 23
1 10193 13610 210
1 16882 18689 740
3 19723 19747
1 2374 6230 558
1 13431 25482 465
1 586 4506 801
1 290 27924 411
1 2241 9020 82
1 3314 12642 707
1 17121 31997 783
1 9670 16890 594
1 13345 13814 154
1 12581 19663 809
3 3062 13530
1 5564 12148 18
1 6536 15053 313
1 19870 30427 258
3 16395 26389
1 703 25700 116
1 6954 21470 216
1 14105 20668 121
3 20357 31260
1 27953 32123 805
1 3087 31301 920
1 8361 22329 338
1 9066 14069 697
1 1591 16774 916
1 13741 25140 336
1 25218 29898 672
1 4848 14901 661
1 29769 29841 239
1 8178 20288 170
3 17115 31755
1 16531 22022 454
1 4400 23564 328
1 16080 21082 304
1 11547 31081 502
1 14064 24240 889
1 25505 28377 573
1 2829 28323 592
1 9658 21825 228
1 17124 17986 255
1 6723 27966 761
1 201 11292 254
1 12656 25261 238
3 11870 17291
1 1890 20076 465
1 8509 12343 233
3 1858 30595
1 11756 13932 115
3 5412 32063
1 6244 15750 654
1 10722 21150 172
3 3440 20037
1 23211 29428 444
3 14014 26443
1 13214 22775 374
1 8033 17952 334
1 12018 27666 197
1 20765 22931 51
1 6340 7763 181
1 12746 15832 938
1 8555 19069 951
1 5397 32116 685
3 17982 23877
1 17204 28242 67
1 22138 24999 462
1 11364 12208 755
1 16587 30432 54
3 919 28787
1 10524 28670 773
1 25623 30558 500
1 22614 27577 808
1 18250 23443 311
1 20107 20728 263
1 6615 8096 812
1 22765 30368 66
3 14905 19680
3 19376 19560
1 18110 28289 19
1 22286 28048 798
1 15291 29643 306
1 9376 18115 413
1 18686 20151 256
1 11718 19738 841
1 4705 28712 90
3 9051 15380
1 3444 6575 117
1 25569 28848 419
1 13044 17928 274
1 2376 7482 274
1 4040 30170 177
1 11863 24231 339
1 2838 6005 681
1 11048 29474 263
1 431 9428 827
1 3166 20766 355
1 5663 17042 437
1 11458 11462 13
3 17328 31714
1 2479 21402 842
1 11268 23217 208
1 21394 23339 435
1 18179 26807 967
1 20081 25855 984
3 17378 22725
1 2436 28131 609
3 19452 28767
3 14196 25857
3 15374 25749
1 8172 27404 584
3 10314 23863
1 21800 23778 516
1 3898 19227 47
1 17888 31483 884
1 16621 29851 877
3 14808 26952
1 827 25325 124
1 2100 21488 589
3 10838 22757
3 12652 19805
3 10533 29392
1 17467 23291 409
1 7709 20206 585
1 8738 28464 255
1 405 30952 955
1 5766 23813 492
3 11722 23487
3 16724 20544
1 12052 15693 498
1 19820 20800 566
1 7630 24176 303
1 18090 28184 763
1 23695 30274 436
1 5158 18946 676
1 19257 25642 423
1 7785 20170 721
1 20679 23119 720
3 9362 31998
1 64 13224 628
1 1564 7936 791
1 24469 25429 241
3 1889 3447
1 4800 29408 929
1 8054 23612 901
1 1276 31197 26
1 16132 24301 543
1 4743 13380 413
1 29642 30166 163
1 16181 29397 344
1 16658 19565 698
1 20369 26545 847
3 8371 24881
1 377 8642 310
3 3203 13549
3 21123 26245
1 20036 22734 633
1 7968 11243 976
1 13218 26195 947
1 4106 32582 183
1 5549 7227 34
1 21735 24195 60
3 12431 16113
1 2770 23184 393
1 25030 30609 203
1 22151 28896 223
3 6445 9175
3 10662 32657
3 17673 27355
1 16548 20771 785
1 5274 23325 530
1 22184 25727 445
1 22515 32352 942
1 7884 18961 841
3 19560 23817
1 27304 30926 398
1 576 25938 159
1 10422 11540 600
1 10206 19537 196
1 2639 11783 395
1 19384 19479 383
1 942 31338 961
1 2290 5929 775
1 4978 20912 553
1 12321 27954 828
1 22858 25687 550
1 8375 14488 315
1 14224 22857 376
1 13598 31071 630
1 1615 8662 433
3 3507 12596
1 14045 24610 78
1 2435 27447 423
1 11118 12427 97
3 5657 32244
1 16691 31520 696
1 22254 25332 935
1 20305 31392 731
1 5359 27493 70
3 705 24150
1 4098 22592 724
1 18183 18521 157
3 18923 25240
1 14064 22728 765
1 15064 19035 815
1 4792 16574 540
1 8764 32010 381
1 12484 19275 630
1 12227 18716 276
3 4645 10427
3 5533 23994
3 24148 30533
1 7376 26783 432
1 9961 29251 526
1 5684 24092 846
1 13145 23761 300
3 15287 32538
1 25796 26125 958
1 6260 30249 498
1 14777 16543 746
1 20493 29153 657
1 3741 20213 949
3 25535 29295
1 1856 31299 26
1 12428 30934 248
1 12273 31659 731
1 23416 24579 274
1 7137 12088 889
1 11495 22353 392
3 13525 20418
1 618 28386 776
1 22905 23443 181
3 19340 21020
3 7873 27880
3 6927 19537
1 2232 30251 494
1 9248 19640 451
1 19883 22652 983
1 465 27423 960
3 11937 19779
1 10723 16362 785
1 24055 27164 111
1 2176 30604 860
1 7519 14289 445
3 10820 25235
3 5031 27045
1 21779 29366 463
1 2491 30424 947
1 20241 22107 398
1 15685 32750 191
1 17819 24728 733
1 10443 13898 552
1 16720 23565 894
3 2812 24167
3 15349 28303
1 11888 22485 590
1 27191 30822 685
1 5291 12306 109
1 1546 5382 779
1 5651 15454 949
1 14904 22711 882
3 5150 25055
3 2529 28055
3 659 18366
3 14545 26980
1 1284 10616 151
1 23732 30490 892
1 2194 27120 745
3 26360 31757
1 29028 32509 34
1 3648 13270 20
1 15099 25596 111
3 12695 28003
1 24411 31350 738
1 11529 28347 247
1 16525 32725 71
3 6344 15279
1 21632 26187 663
1 2170 5657 378
3 29190 31150
1 17237 32006 352
1 10972 13804 636
1 8347 31587 388
1 6744 29941 592
1 10344 24089 915
1 6225 8912 583
1 10225 11560 787
3 13662 28579
1 5121 14256 692
1 26157 32597 393
1 13745 14326 284
1 26467 26813 422
3 3828 15847
1 10031 20949 580
1 9895 31534 438
1 10483 31921 155
1 21191 21787 748
1 16528 28795 223
1 5973 8774 474
1 16229 25379 673
1 4162 17144 673
1 886 12685 622
1 20041 30156 730
1 11015 17140 527
3 3280 26821
1 6737 10923 288
1 2259 22924 517
3 7670 28686
3 8705 28295
1 16479 31043 568
1 5694 27436 124
1 7358 13836 853
1 10922 19023 321
3 7832 17762
3 3247 30605
1 14146 32368 846
1 1298 16054 775
1 12230 13294 401
1 20364 23762 97
1 4344 5012 287
1 5038 32014 586
1 2049 3197 43
1 1325 14874 247
1 12107 28032 848
1 26623 30938 254
1 1187 16903 682
3 16120 31948
1 19287 29612 388
1 1474 18142 85
3 11108 14484
1 8911 21589 102
1 12520 17118 404
1 22413 23597 152
1 1915 22389 319
1 10607 16784 393
1 13881 17036 526
1 14333 14715 684
1 17769 30171 711
1 24592 32081 265
3 7678 19882
3 7090 13077
1 17456 25448 491
3 13413 26882
1 3228 28250 890
1 5682 28214 735
1 4361 13358 601
1 6966 10265 51
3 1147 32443
1 5571 31597 981
1 25281 29790 483
1 105 24471 558
3 15504 17493
1 21637 23975 132
1 14622 21064 13
1 7798 13293 286
3 1222 14275
3 8726 19703
1 14398 24572 649
1 6474 9041 283
3 1120 23016
1 21458 23266 323
3 6549 27143
1 5399 25408 346
1 8687 31999 330
1 401 24321 918
1 9085 29602 941
3 15547 15798
1 12137 21809 806
1 26835 32016 368
1 26538 28063 814
1 167 12053 36
1 15903 15940 804
1 10526 19668 372
1 14079 18572 901
1 13625 26573 109
1 10108 24415 144
1 9585 19453 442
1 14862 26074 608
1 2981 20209 199
1 973 23790 317
1 7493 20643 31
1 10811 16540 395
1 6947 18078 151
1 26201 26590 561
1 6643 18054 568
1 3488 16046 475
1 23545 24421 25
1 8995 22499 32
1 7515 24667 794
1 7305 11065 525
1 10635 13878 202
1 8689 14445 129
1 9374 29975 850
1 1715 20856 327
1 8106 30488 168
1 9677 24872 823
1 6686 28143 221
3 4622 15855
1 20503 22288 950
1 11884 24202 844
3 2807 30808
1 14818 28145 436
1 1604 26175 361
3 3966 15370
1 18771 19392 882
1 3625 17046 747
1 22848 32001 420
1 17463 32733 582
1 19470 29659 607
1 18451 26769 718
1 12882 25472 527
1 1737 11736 785
1 21277 32574 31
3 17868 28300
1 12121 29125 195
1 14402 22523 545
1 16843 24232 83
1 5000 31208 289
3 3775 6828
1 1011 5276 241
1 17500 32647 924
1 18466 25952 967
1 16005 22684 433
3 27952 31448
1 9491 18613 442
3 4759 31176
3 7092 20873
1 4144 27603 529
3 7182 30757
1 19562 20426 744
3 7708 18418
1 19979 21132 757
1 17591 26542 419
3 24490 25269
1 9035 31683 288
3 23810 32123
1 21031 22620 443
1 17475 32437 584
3 2727 22927
1 17319 19317 741
1 17020 19830 714
1 1415 22276 698
1 13192 17294 732
1 3548 4076 710
1 19906 30415 18
1 570 5664 127
1 13810 19906 419
3 20265 24053
3 1203 9354
3 23388 23628
1 5946 18382 52
1 3773 31904 311
1 6914 20083 131
1 770 18164 201
1 6606 24474 590
1 24139 28605 770
3 9224 25885
1 2427 21001 973
1 2841 27950 993
1 17325 26595 14
3 10299 20848
1 4195 8646 629
1 22581 31461 147
1 12850 21910 805
1 3465 28057 70
3 21786 24906
3 12948 32575
1 22467 26759 142
1 3292 9976 159
1 27920 29133 597
1 8946 29267 219
1 13111 29972 740
1 2084 25665 852
1 12034 25497 941
3 6105 21887
1 4559 7406 132
1 4181 15462 258
1 16577 28917 921
1 26867 31709 185
1 20675 21597 284
1 18264 22290 134
1 11032 27713 929
1 13824 23347 548
1 8715 12043 549
3 106 19009
1 20515 23919 782
1 27095 32681 460
3 4865 16209
1 14536 31890 788
1 5313 22727 530
1 17182 24829 295
1 13350 24158 552
1 5372 22901 472
1 19831 26840 619
3 11422 13978
1 8847 26736 602
1 18910 29602 811
1 4394 23253 700
1 14193 19619 697
3 19028 30894
1 4357 20269 836
1 1632 9745 578
1 12221 20866 562
1 4552 30040 421
1 5518 14403 752
1 1187 16470 367
1 4373 23890 825
1 948 15889 492
1 15922 31652 163
1 5189 28386 253
1 3244 14240 912
3 9442 21173
1 17151 32360 454
1 9533 27852 395
1 16676 26920 898
3 5513 12874
1 12305 16018 355
1 19153 21029 45
1 2481 24736 608
1 23879 28107 119
3 19704 30219
1 23159 25651 464
1 11066 16008 512
1 13252 25354 5
1 15924 30126 557
1 18997 29471 418
1 11788 23428 65
1 24264 27052 550
1 5100 14901 784
1 7819 8913 40
1 18103 32423 568
1 19280 27618 354
3 15021 23517
1 1115 20476 707
1 15855 18913 41
1 20774 23562 561
1 3492 31366 213
1 1346 15721 674
1 15487 22795 690
1 5089 5860 7
1 20780 24588 581
1 9423 29957 687
1 7418 22877 341
1 7287 21775 964
3 5005 17749
1 17983 27141 42
1 4124 15227 453
1 2597 11912 341
3 2961 17546
1 7363 26286 656
3 2659 25091
1 7294 31666 247
1 7057 13383 632
3 4480 26283
1 19257 24869 602
1 6070 20310 70
1 22188 29110 482
1 6605 21766 975
1 7979 31550 829
1 26489 31745 127
1 1344 1442 654
1 7049 16432 185
1 13560 24985 732
1 11149 12950 622
1 10807 29533 127
1 12142 12467 802
1 11402 26071 743
1 18047 24183 684
3 8 2240
3 1581 24019
3 21193 28562
1 10864 11431 997
3 3931 22187
1 2275 24934 554
3 9952 22736
3 12276 19621
1 10064 29064 319
3 12306 30628
1 6471 19822 222
1 7614 32613 740
1 2039 22000 986
1 1256 28155 165
1 13024 16746 988
1 14426 24859 44
1 24489 28052 26
3 13594 26808
1 18854 22411 127
3 1065 25324
1 673 12240 664
1 3589 23466 131
1 16738 31403 862
1 26585 29425 390
1 14504 28064 256
1 11589 21471 559
1 13320 26313 532
1 4506 30736 142
1 13646 22339 650
3 3186 16270
1 1066 29130 286
1 20046 24770 38
3 8369 14939
1 6536 29587 934
1 4519 25597 880
3 26211 27446
1 20445 28915 868
1 8337 28671 220
1 12693 22759 944
1 9124 9551 210
1 7933 27186 837
3 24176 27155
3 10935 13314
1 9544 25004 278
1 9996 17677 762
1 1604 31464 549
1 5658 11105 227
1 10 4708 591
3 29071 29167
1 9430 25210 946
3 1476 19400
3 9567 32739
1 11588 12222 517
1 3789 15149 368
1 14989 18517 172
1 13820 25837 89
3 6309 9998
1 21828 23497 426
1 4554 9748 595
1 1497 17176 406
1 9892 30411 509
1 8131 9585 396
1 21256 25407 594
1 19967 25549 587
1 16777 29947 635
1 5009 9521 549
1 7127 15369 325
1 3231 15518 75
1 331 12129 273
3 17589 22977
1 15371 20598 969
1 9868 29039 54
1 18871 30282 721
1 1179 30254 598
1 4413 28084 962
1 7355 7961 760
1 5021 22987 341
1 722 24767 997
1 10219 27920 157
1 6919 31339 91
1 6872 27870 579
1 14354 27337 491
3 1079 24291
1 10421 26582 716
1 522 30541 315
1 16938 17358 924
1 5790 9903 840
1 14993 20055 284
1 19744 30890 837
3 9660 26845
1 12569 28663 274
1 11454 25138 208
3 21873 31652
1 1714 5868 750
1 10762 19009 173
3 3648 15682
1 6477 8072 80
1 4790 17393 569
1 11330 29430 694
1 6746 16797 399
1 1583 11048 233
1 3741 22531 387
1 387 8136 698
3 16984 27007
1 6905 22805 706
1 25027 29380 522
3 9582 11851
1 11852 31411 827
1 15110 24079 547
1 4478 15850 730
1 7520 23523 294
3 12700 19646
3 25288 30686
1 8843 26337 597
3 5750 29806
1 4736 21340 768
1 8276 31375 844
1 4606 11197 338
1 7245 13540 89
3 2109 31895
1 10591 24013 300
1 11705 18086 263
1 10337 30133 656
1 4029 12826 288
3 110 2369
1 9090 9806 726
3 13769 17643
1 4243 21192 824
1 22484 22857 499
1 4386 16669 563
3 16564 19458
1 8512 9011 556
1 10094 12301 471
1 3755 23056 925
1 9666 30663 24
1 23578 32559 149
1 2633 31063 368
1 4787 28547 712
1 19786 22171 860
1 951 11198 982
1 19124 27937 255
1 19643 21269 979
1 4913 13333 486
1 25152 30631 624
1 17474 29476 845
1 11256 16701 696
1 17015 30532 721
3 14957 22175
1 4347 17628 599
3 12998 24734
1 9127 25851 12
1 21769 32468 366
3 4867 19798
1 16346 18364 481
1 9076 18002 984
3 11350 19817
1 21385 32542 990
3 26894 29891
1 7688 15684 490
1 4120 6392 563
1 19335 31863 642
1 16424 30496 777
1 23437 28029 255
3 17271 24688
3 12182 15853
3 8500 19756
1 20035 26128 926
3 6433 19919
1 10034 25828 118
1 17481 29207 835
1 27554 32493 320
1 30478 31341 695
1 1142 16076 671
3 6677 19014
1 2751 13040 49
1 235 21216 450
3 4610 31409
1 27847 31265 753
1 79 15686 666
1 12015 25175 555
1 24423 27795 367
3 6966 25238
1 10013 30421 230
3 18696 23942
1 13307 24485 738
1 16125 30903 270
1 14093 24876 925
1 28649 32362 229
1 12436 29121 292
1 19241 22058 622
3 2904 26339
1 16281 27226 922
1 452 24987 460
3 3198 9243
1 23234 24973 27
1 6255 29029 233
1 9273 22819 281
1 2634 32209 427
1 12556 20952 98
3 7312 19314
1 30797 32004 305
1 13717 16279 797
1 4877 9076 359
3 1920 20885
1 239 21169 664
1 11876 22698 140
1 24475 24959 307
1 4041 4963 419
1 5327 17870 945
3 30903 31773
1 6336 24333 118
1 22968 24494 665
1 6171 9081 837
3 4975 12383
1 35 14770 628
1 1967 20096 105
1 13222 21470 26
1 18819 31009 430
1 9900 26334 825
3 2696 10536
1 12230 22431 326
1 3530 30083 544
3 22894 29335
1 19130 20832 215
3 27045 32517
1 29251 32208 869
1 26484 28760 525
3 12982 26393
3 23263 31802
1 16318 28145 300
1 20197 24966 378
1 21517 29626 199
1 5583 28117 464
1 440 7509 548
1 4291 9651 122
1 30213 31080 948
1 13380 21906 742
1 22015 31911 482
1 2417 26273 382
3 16058 16536
1 18969 25015 681
1 21856 24281 315
1 1503 15048 765
1 9309 15632 449
1 11680 24552 1000
1 24529 28123 527
1 3686 20608 188
1 2348 7035 339
1 7322 9678 476
1 19888 26383 455
1 22158 27491 523
3 16567 22876
1 14069 17030 340
1 11265 27384 190
1 111 14182 770
1 8397 15058 209
1 11635 25309 762
3 3438 24020
1 12538 22384 777
1 11253 29120 637
1 6670 12156 359
1 6438 26635 807
1 7775 16551 829
1 5361 31969 643
1 10515 28314 248
3 8937 14687
1 8607 11652 547
1 14927 22898 887
1 17729 27762 849
3 3210 31368
3 9093 13368
1 18310 18779 454
3 17634 31652
1 15625 25838 596
1 16927 29656 7
1 13988 31649 608
1 23076 32659 634
1 10549 30804 329
1 1733 17141 722
1 11633 25454 481
1 3245 3789 138
1 17803 24908 106
1 20290 20513 438
1 22146 23548 20
1 7902 21759 825
1 4370 7493 282
1 9551 21239 511
1 3486 5565 517
1 8792 32158 331
1 2188 25458 664
1 11532 30767 675
1 23367 31715 258
1 2045 5214 679
3 3071 8004
1 2102 3359 161
1 21881 29573 534
1 13398 21814 269
1 9200 15066 860
1 5742 9865 639
1 19043 22299 631
3 11479 31834
1 10973 18566 940
1 4803 6104 890
1 3112 6191 471
1 5897 12411 694
1 12547 18359 785
3 9728 20951
1 691 11263 754
3 21623 32146
1 19339 20377 373
1 2190 19370 171
1 9484 22587 906
1 304 9251 829
1 7923 17758 41
1 11830 20422 634
3 11866 14807
1 20622 29623 795
1 3317 21699 955
1 697 31409 761
3 3781 14324
1 9285 24935 82
1 9567 15398 453
3 10373 18955
1 17620 18071 831
3 15269 28627
1 16795 18045 461
3 13583 22145
3 12664 14399
1 9283 21641 105
1 13695 23617 236
1 10093 13458 252
1 10065 32006 887
1 28968 29166 251
1 7974 19971 243
3 3427 28493
1 9682 16545 220
3 10354 32177
1 6592 12547 352
1 6160 21612 492
1 20954 29081 363
1 2946 5047 789
1 2884 26743 472
1 16273 20368 389
1 3672 5320 313
1 18089 29486 630
1 21414 23164 755
1 18943 30071 2
1 8526 14312 521
1 2057 7559 563
3 14248 19493
1 9094 29443 838
1 21025 28096 853
1 16233 30423 2
3 10954 19561
1 13968 24403 312
1 15277 27631 406
1 12879 29963 206
1 17066 31032 549
1 420 11057 900
1 21657 27309 261
1 11252 21983 627
1 27264 30142 477
1 2272 19879 636
1 123 6915 803
1 16623 23025 782
1 11442 27195 446
1 19200 32385 813
1 26875 29616 932
1 18345 19230 981
1 8096 22130 318
1 28929 30405 227
1 8228 18062 863
1 8138 17795 588
1 7978 26667 49
1 191 7713 195
3 22258 27145
1 1917 14298 957
1 11594 23091 377
3 15110 16349
1 8770 10500 40
1 4203 5567 810
1 13692 21526 13
1 11563 28941 49
1 18401 24303 1
3 11108 18935
1 4387 10234 456
3 5496 24090
3 17023 27227
1 19270 23721 903
3 14442 31820
1 4444 7247 656
1 8731 21680 439
1 1956 14554 349
1 4081 23475 940
1 12027 16135 451
1 18122 27602 402
1 12565 25722 738
1 9055 28682 258
1 18599 31572 301
3 19354 27936
1 11739 20567 593
1 9831 11264 375
1 18954 28931 340
3 24801 28184
1 7360 23004 462
1 8950 10625 405
1 5935 6309 351
1 4250 30151 467
1 8836 23712 272
1 10765 27918 1
1 750 2651 224
1 1052 6720 470
1 8967 15536 249
1 413 4215 952
1 2603 14702 235
1 14176 25102 750
1 16924 22203 823
1 18571 32576 966
3 8217 23795
3 9522 16873
1 21274 25088 22
1 15847 22664 709
1 753 26181 990
3 4660 21218
1 16210 21234 844
1 29077 30580 873
3 3427 23359
1 4565 14874 131
1 13864 18966 640
1 14410 28934 583
1 8833 17236 643
1 5623 26997 745
1 29432 31035 808
3 8662 11795
1 19006 22753 620
1 13798 21946 656
1 1938 25444 452
1 14424 27319 687
1 5221 23787 596
1 15754 16136 737
3 24570 24730
1 4915 28599 688
1 17022 25925 980
1 1771 4988 978
1 9579 11993 662
1 4833 21925 164
3 11625 14984
1 7005 32119 774
1 20361 20591 453
1 6824 19740 807
1 12503 32289 935
1 19252 29710 273
1 7089 28982 442
3 17827 31329
3 18733 21970
3 23248 26865
1 1653 10932 937
1 16027 19796 128
1 7586 26766 702
1 17520 19756 385
1 10309 30122 18
1 4793 17176 807
1 9958 14399 178
1 17574 29251 242
1 24437 24851 936
1 16979 24164 725
3 5710 25977
1 566 20775 598
3 102 12856
1 4292 12042 106
3 6702 30295
1 6985 18036 611
1 24890 32373 351
1 11780 12971 384
1 773 29227 976
1 5783 25581 947
3 19116 20139
1 9358 20493 130
1 19871 28667 77
1 3300 14772 544
3 264 20420
1 8651 21501 198
1 4848 10286 722
1 17398 29531 993
1 22768 29029 743
1 5616 10260 439
1 11600 26757 151
1 18587 32635 406
1 4272 18418 340
1 5286 14449 977
1 3262 26071 376
1 9995 17889 805
1 2611 32044 525
1 7629 8453 29
1 4063 28074 942
1 15327 17536 735
1 9569 14359 300
1 3297 6047 453
3 18031 18932
1 9603 21360 429
1 26905 31280 700
1 125 26180 718
3 14426 31004
1 2459 3148 500
1 12112 15922 588
1 10244 27135 864
3 14355 28048
1 20021 21806 397
1 23985 32009 362
1 13131 20256 899
1 746 28275 35
3 31287 31654
1 11786 17889 360
1 2537 10416 964
1 13874 30513 106
1 4641 21161 443
3 1702 30878
1 645 27363 410
3 2017 27348
3 21010 32035
1 8585 29282 419
1 4927 13998 645
1 7541 18029 541
1 17127 32594 323
3 6768 15739
1 17805 21963 857
3 12947 19679
1 29281 31781 542
1 25019 29904 887
1 9831 18584 417
1 22198 31192 236
1 300 17550 995
1 9357 20578 292
1 18878 26721 566
1 2030 18408 490
1 19281 31873 869
1 10097 27564 892
1 14128 21112 905
1 18378 22928 758
1 2230 23549 319
1 3877 27062 957
1 16896 18750 24
3 13770 18649
1 11532 12760 698
1 8924 28846 682
3 3646 19765
1 6465 8551 493
1 14345 15234 334
1 658 20779 21
1 5914 13553 327
1 16011 21971 482
1 16989 31549 50
1 4498 17757 109
3 841 15216
3 11930 31058
1 16908 26300 737
1 11372 12337 437
1 13921 17161 492
1 20368 25091 384
1 11777 19543 748
1 11243 23683 791
1 20340 27806 904
1 1225 20445 643
1 7901 9452 442
3 2762 27939
1 2440 20160 876
1 5201 20262 265
1 9230 12045 275
1 2355 3343 225
1 17150 26513 716
3 2201 6422
1 2493 10081 136
1 3702 6960 982
1 8432 9306 476
1 21413 25860 380
1 12991 16130 753
1 2294 21717 78
1 10701 22717 31
1 6807 26775 880
1 13893 29279 989
1 16883 17277 346
1 7194 12524 372
1 2756 27612 751
1 1289 16020 706
1 6064 10651 232
3 9962 14183
1 6028 25912 980
1 6751 7505 825
1 7030 20454 710
3 2365 26810
3 4477 26920
1 10479 29532 304
3 16584 29433
3 3342 28914
3 7965 13722
1 3988 5889 593
1 943 11003 118
1 28709 30877 769
1 1142 17095 838
1 13560 22896 465
1 17089 17234 97
1 2190 8732 50
1 1405 12367 349
1 7699 14418 235
1 9974 18765 715
1 22526 25393 944
1 10639 28663 438
1 3524 28814 350
3 20505 27335
1 8521 23867 276
1 6680 22577 15
1 10402 22051 475
1 16675 28255 901
1 1394 11862 280
1 12898 20663 410
1 12 26397 345
1 11289 30525 98
3 4115 24969
1 21183 25965 935
3 17809 29103
1 13210 25136 581
1 25597 29534 457
3 17373 22516
1 111 5150 429
1 3375 20016 62
1 14169 19897 321
1 19410 29943 201
1 18365 19289 317
3 18225 23269
1 11209 13055 647
1 1167 18776 155
1 2964 30636 720
1 14872 25927 785
1 3940 20631 614
1 17784 28528 769
1 3741 21499 482
1 9317 17830 656
1 3195 25044 824
1 2557 17778 99
1 18033 27777 643
1 2081 10669 38
3 12159 13415
1 18216 24793 803
1 13892 25503 533
1 19348 25180 448
1 140 23469 455
1 5242 13326 960
3 23277 27478
1 23433 27329 366
1 8184 11452 258
1 7485 26063 180
1 13715 22951 695
1 3160 20397 888
1 5285 17458 955
1 11639 30068 663
1 8219 28656 156
1 10615 26962 979
1 10260 18461 343
1 23183 25720 507
1 169 10194 684
1 6089 19098 25
1 2123 21160 328
1 14587 21751 346
1 6563 25046 562
1 17676 29462 354
1 625 3158 166
1 15553 28408 421
1 22957 28612 622
1 11010 11217 103
1 1193 2614 796
1 10152 21056 981
1 9381 11181 40
1 22485 24305 314
1 8443 10987 1000
1 3596 29060 75
1 18120 25795 971
1 568 25486 27
1 12805 20999 669
1 22598 28919 951
1 13734 32355 175
3 11213 15190
3 21855 30244
1 7196 14558 926
1 24084 25880 992
1 7509 14457 438
1 6535 8932 629
3 24574 29464
1 14532 17569 578
1 24398 32235 276
1 10766 25673 891
1 4916 10419 623
1 6286 15456 488
1 18914 20555 803
1 15279 17346 937
1 13676 17156 601
1 5074 13645 260
1 5917 23149 786
1 2081 17677 548
3 1331 30875
1 17735 26902 663
3 16433 32483
1 15088 16758 654
1 4179 7919 717
1 5524 13271 269
1 20132 26328 66
3 12347 14696
1 22337 32167 37
3 8445 19550
3 1570 22359
1 2870 14570 941
3 14400 29480
3 4892 23764
1 21012 28058 550
1 11881 18918 389
3 9932 16077
1 1546 23717 450
3 6275 9407
1 13915 30970 272
1 1306 19558 712
1 27989 29729 221
1 24400 28081 606
1 5584 6124 304
1 14447 31587 925
1 29589 30367 429
1 2204 17329 427
1 15772 26534 490
1 19460 25760 319
1 30249 32382 888
3 24298 28406
3 6640 30842
1 6289 10622 795
1 21022 30099 729
1 1176 25390 17
3 9727 28693
1 16644 26407 298
1 107 16925 642
3 2465 31331
3 12509 27443
1 8530 25742 410
1 6653 15809 719
1 15813 30414 632
1 20028 23789 948
3 26390 28022
1 24367 27830 422
1 11731 21703 757
1 6844 7815 119
3 10425 21872
1 15696 30934 707
1 7504 9929 726
3 5185 15357
1 24174 28852 200
1 5021 15989 410
1 6266 9873 391
1 254 24682 731
1 2483 11372 290
1 10256 31982 764
3 8837 30937
1 32462 32521 345
1 10327 24795 70
1 19874 24793 759
1 4754 32257 367
1 26749 27473 622
1 14471 29056 760
1 11575 30990 965
3 12869 32126
1 11427 13941 854
1 18256 27716 950
3 22324 27220
1 11916 24779 944
1 7877 26994 94
1 13833 18024 443
1 15165 27387 350
3 6849 15354
1 17402 30934 325
1 5321 7567 480
1 15842 21568 593
3 5218 26169
1 3268 10574 476
1 2279 21583 335
1 2751 5925 91
1 24428 31401 90
1 577 6977 314
1 7952 18722 112
1 14615 21379 191
1 3718 16045 721
1 11929 18167 84
1 24479 27482 449
3 12978 31183
1 14796 21570 205
1 6078 9442 689
3 19883 26324
1 14231 26899 408
1 5827 14920 4
1 11861 24865 255
1 5878 8963 921
1 8518 26988 274
1 16720 29527 296
1 1126 32694 316
3 2222 4545
3 9957 24528
3 18097 20463
1 19899 20472 449
1 902 32676 584
1 1179 4836 834
1 5575 7772 8
1 1851 28759 72
1 26409 26910 136
1 12521 17489 756
1 10247 23500 265
1 4091 27494 315
3 20070 32691
3 29685 31054
1 10374 18092 864
1 12479 25931 190
1 22040 22419 493
1 5075 30126 749
1 10346 29848 890
1 16168 30263 863
3 21301 27017
1 13950 18350 551
3 22792 25537
3 4073 6534
1 4827 14272 463
1 125 2140 625
1 5572 6953 651
1 10730 16461 670
3 2700 3859
1 11924 24452 222
1 3040 10126 313
1 3435 21824 801
1 7121 21025 991
1 13787 14880 474
1 5936 7072 493
3 4399 7882
1 3552 3630 140
3 11908 27187
1 1458 15022 652
1 16072 21473 987
1 10969 15799 267
1 13224 26009 17
3 3511 30001
1 14506 19518 361
1 4278 21421 950
3 4329 5640
1 11809 23935 770
1 18215 27654 228
1 12866 22314 343
1 3012 27733 57
1 7614 29511 500
1 8120 11542 207
1 6841 18528 809
1 14868 31282 243
1 17971 30331 565
3 4160 30995
1 8294 24272 256
3 22276 29607
1 21406 27855 62
3 20847 28529
1 30124 30177 484
1 6486 17788 277
3 3352 21639
1 5888 25473 483
1 12951 21926 688
1 754 9221 883
1 17961 18906 668
1 11827 22038 122
1 9927 15416 794
1 7591 15420 924
1 19139 23594 366
1 7351 18132 557
1 9192 11636 137
1 13264 27793 529
1 11926 30754 839
3 12002 21238
3 5459 27353
1 19106 32368 142
1 8229 31523 26
3 14116 24271
1 7282 26952 971
1 1502 18945 517
1 11409 12732 277
1 720 24402 96
1 13439 22718 81
1 4238 5506 788
1 7379 12844 239
1 7941 31283 870
1 6315 25178 15
1 20368 29208 29
3 17374 21204
3 12189 18231
1 7570 10053 976
3 12198 24234
1 16180 30861 210
1 14229 14678 159
1 2337 32009 235
1 3238 3648 14
1 14093 20057 13
1 16428 27282 814
1 13262 25727 821
1 18558 19000 478
3 22629 31211
1 19838 23210 72
1 20538 30753 909
1 1187 20333 296
1 17633 17887 703
1 15546 31997 495
1 10186 15643 375
1 17736 28148 547
1 21065 25658 764
3 21127 21550
1 16660 17074 555
1 3369 9492 272
1 6116 8820 733
1 3001 24473 542
1 18399 30058 421
1 23893 28951 439
1 10916 22295 930
1 4690 9447 508
1 7686 30626 384
1 210 23788 957
1 347 15749 928
3 438 9124
1 16528 24637 721
3 19 61
1 19588 29941 378
3 18519 22978
3 3052 27974
1 20748 29733 191
1 20545 22851 918
1 13293 25537 847
3 4993 29571
1 22192 23449 569
1 5169 28380 76
1 27408 28481 184
1 10876 18267 606
1 13297 28504 283
1 6656 24539 159
1 23146 26860 684
1 9955 20952 837
1 6092 16008 641
1 9336 22232 200
1 29643 29966 717
1 6131 8375 797
1 5448 19943 591
1 11409 16514 92
1 4152 17445 497
1 8038 30116 42
1 16480 23744 154
1 4016 30873 680
1 12166 19301 700
1 8271 21617 795
1 4306 25114 975
1 16028 31485 330
1 15540 24660 948
1 3468 5287 259
1 5723 14464 963
1 2209 30855 479
1 13243 29439 286
1 21267 22581 569
1 4665 25721 844
1 26247 27669 346
1 11745 24997 662
3 20578 28931
1 21639 25472 935
1 13249 24330 650
1 1026 5315 649
1 3587 20909 926
1 20180 29219 667
3 7867 23157
1 13636 19965 245
3 5903 17418
1 24888 29680 477
1 12864 24758 784
1 4813 15524 356
1 16050 23289 111
1 10811 22978 964
1 7779 17241 898
1 2364 17719 194
1 11110 19252 43
1 508 6100 240
3 4403 11613
1 11672 30063 43
1 7785 19460 515
1 14072 29298 408
1 29931 30501 701
1 4826 7584 140
3 3568 4587
1 14864 18121 607
1 840 25978 604
1 1425 10785 940
1 3099 4687 16
3 2539 29375
1 20694 32500 188
1 5579 22052 743
1 19797 30699 346
1 1682 3544 465
1 17143 32054 462
3 3282 3419
1 7297 13818 967
1 4798 23742 598
1 4398 9944 889
1 6523 7512 815
3 20986 31766
1 17442 26584 619
1 19612 30954 685
1 17634 21642 488
1 24716 29230 257
1 21958 24246 575
3 5776 6589
1 7374 22382 576
1 16450 22365 611
3 5382 11712
1 1285 8761 19
1 25153 28935 582
1 10981 30337 150
1 3639 27389 982
1 3100 5835 851
1 1270 18860 553
1 7212 19238 589
3 6451 12239
1 21246 29253 112
1 14925 21503 462
1 9558 12947 86
1 10114 21476 611
1 26457 26691 479
3 13484 26753
3 14871 21088
1 8777 23289 787
3 26020 31887
1 21035 29939 809
1 18246 22465 151
1 13073 31049 744
1 416 6090 997
1 24451 27426 30
3 8019 16019
1 16883 17448 150
1 14439 21578 448
1 5857 23962 762
1 10192 13979 41
1 24456 32010 130
1 3768 29853 701
1 9687 13901 495
1 18917 26580 525
1 13556 30934 533
3 21929 27287
1 15574 20841 348
1 18931 31947 996
1 11472 29839 64
1 28558 29710 371
1 5080 22740 451
1 4549 18002 670
1 8462 20165 221
1 19931 30716 531
1 20974 31563 479
1 22560 29341 191
1 14012 15933 808
1 8521 31385 380
1 12723 32311 284
1 10154 22763 78
3 8885 26593
1 3 14667 614
1 680 30165 864
3 2929 28824
3 16719 29985
3 4506 26705
1 5752 32516 299
1 163 5295 479
1 9536 10677 855
1 27281 27969 72
3 11141 30549
1 5982 8673 905
1 13201 27173 348
1 15271 20812 959
1 27525 32622 480
1 18097 23810 133
1 10107 31789 611
3 13976 16161
3 31874 32253
1 10248 26424 462
1 2557 29839 997
1 27026 28569 129
1 25412 26596 79
1 157 24841 818
1 13925 25389 665
3 8963 25822
1 14797 22692 902
1 10561 21266 615
1 12042 24763 834
1 9767 27478 315
3 1569 11486
1 6870 9094 931
1 9666 19254 871
1 975 21354 782
3 20811 26003
1 21187 26348 79
1 8737 26209 28
3 15245 23427
1 18986 23313 359
1 13326 30490 220
1 16154 29813 266
3 14739 30821
1 8316 21132 435
3 7864 17015
1 1108 4826 904
1 10647 27021 404
1 18163 26013 301
1 14511 17249 626
1 15320 25211 913
3 18 28401
1 13381 22372 12
1 23377 27562 199
1 8301 20556 139
1 3711 32609 164
1 2386 18775 502
1 21217 26871 580
3 7985 29802
3 16569 23416
1 4640 23491 816
1 20577 25308 711
1 15250 18939 432
3 7250 28250
3 1734 11817
1 6189 29877 300
1 13815 20958 217
1 19618 28918 748
3 16885 31358
1 14989 15593 706
1 8188 20783 518
1 20781 25536 783
3 2661 15802
3 24566 25093
1 6067 9733 69
1 97 22974 550
1 1801 5420 388
1 4155 15923 4
1 11433 21320 432
1 10287 20079 340
1 2576 13413 295
1 9246 27267 685
3 16750 31346
1 4721 20827 83
3 6694 11193
3 16177 16950
1 6633 23234 655
1 8589 28524 253
1 711 15910 790
1 624 29282 456
1 5361 9053 25
1 23063 31977 654
3 6053 22760
1 12417 28124 210
1 2412 24779 359
1 4089 16145 491
1 635 28435 133
1 9833 14772 816
3 12970 23820
1 6402 32160 835
1 25676 30040 669
3 10403 28286
1 14627 19206 150
1 8880 24987 186
3 26477 27573
1 12463 12603 486
1 20633 27996 50
1 18670 20036 770
1 5020 23961 567
1 1458 7019 758
1 2624 22251 693
1 12082 21676 236
1 374 7441 376
1 2855 30781 444
1 8583 16812 553
1 271 27970 432
3 24225 28333
1 10965 15223 470
1 13658 15449 625
1 10004 24018 670
1 836 11559 577
1 1403 25279 14
1 9295 27366 834
1 6647 32295 870
1 8380 21333 837
3 5920 28508
1 6398 12647 768
1 1120 16163 517
1 7552 24893 751
1 227 27780 876
1 13512 26070 254
3 16916 20359
1 8272 24504 537
3 12883 17883
3 11195 32074
1 14180 22921 999
1 14841 25939 723
1 735 6287 568
3 11661 22164
1 3140 22023 655
3 7736 19914
1 8562 14063 42
3 2731 27257
3 1109 25895
1 6949 24706 775
3 2119 32107
1 2430 10161 101
3 9599 10703
1 3269 16794 651
1 1022 20941 184
1 6485 31514 351
1 7477 24311 727
1 17244 30631 522
3 22463 25736
1 2608 7942 300
1 22194 25426 416
1 35 3065 27
3 20717 25279
1 7026 24858 432
1 17624 27378 104
1 2558 30290 961
1 20448 30245 842
1 24352 31600 261
1 8398 32006 423
1 9057 15493 80
3 8169 18585
3 8246 18925
1 8849 21207 406
3 1186 11666
1 21360 25491 66
3 5861 21045
1 19836 32622 580
1 8914 12441 184
1 8543 16942 41
1 12307 25383 510
1 6755 24663 640
1 2016 25427 426
1 14462 29213 428
1 2902 25050 529
1 4866 12658 341
1 20004 28029 571
1 23239 32475 757
1 6909 9616 493
1 2581 6274 988
1 8468 9087 618
1 1603 16285 637
1 4476 21615 317
1 647 31898 207
1 30520 30766 720
1 11681 30836 349
1 16614 20101 649
3 13249 25037
1 17879 20794 616
3 2738 9641
3 13760 26334
1 11434 12675 732
3 29196 31532
1 17748 23127 273
1 22752 27635 593
1 16421 30368 242
1 4379 9331 143
3 8857 17599
1 9668 19106 759
3 11597 16900
1 13763 16360 557
3 1210 11442
1 4614 10836 388
1 21153 28169 804
1 5703 29199 79
1 16221 30960 541
1 13945 25977 127
1 6816 9877 692
1 25543 30817 71
1 6970 11998 891
1 8357 27523 602
1 10710 26509 98
1 19721 23378 737
1 10794 17937 650
1 13143 28171 688
1 7633 26539 43
1 13319 17167 993
1 18156 31183 246
1 18412 27547 807
1 8751 11028 676
3 18512 32174
1 9994 14365 843
1 10208 17855 781
1 6971 15809 697
3 2482 12498
1 5609 31192 369
1 7207 20748 440
1 23706 29676 348
1 3068 19498 418
1 18281 25653 632
1 18208 26191 170
1 16860 32402 503
1 15769 31482 819
3 18177 18517
3 5740 24301
1 13710 16428 137
3 6935 21541
1 2040 13721 861
1 29533 31119 799
1 2513 28077 996
1 14863 31885 649
1 1838 30904 850
1 5596 24161 844
1 2199 29603 32
1 15510 28051 658
1 16567 30920 274
1 3893 21663 322
1 24138 25870 786
1 4537 26899 225
1 5145 18147 85
1 20644 27919 213
1 2809 17217 380
1 812 29722 448
1 13842 30824 132
3 9512 12335
1 3981 10955 599
1 15769 17496 242
1 7907 31805 322
1 15965 30741 247
1 19597 25471 378
1 4011 30551 281
1 509 7731 465
1 4365 23427 14
1 6825 28781 583
1 5198 27061 288
1 5651 30127 39
3 27328 30843
1 12612 31687 166
1 31221 31670 349
1 2761 12472 491
1 13831 27402 83
1 2367 32268 35
1 20376 30765 847
1 11999 29074 217
3 20250 31168
1 506 7419 36
1 24282 24569 920
1 17424 29811 874
1 25902 26952 880
1 1601 17270 325
3 9878 31727
1 1149 14023 486
3 1989 25616
1 387 11014 131
1 8012 8436 360
1 1974 27370 482
1 3449 5855 706
1 22144 24053 671
1 6725 15356 888
1 18117 29643 563
1 16713 25432 852
1 16438 16954 478
1 9014 32092 981
1 15912 21347 479
1 26116 31396 984
1 14599 28490 325
1 127 9068 108
1 26925 27642 578
1 26478 28017 844
3 1796 24681
1 16075 30137 700
1 27017 31740 44
1 13241 21899 499
1 375 11005 12
1 9147 9593 574
1 20257 25130 781
1 13475 30011 297
1 17674 27544 971
1 25563 32455 733
1 6921 24925 129
1 7810 19768 757
3 5019 22337
1 12461 27301 949
1 26181 30399 5
1 12793 13287 760
1 3257 9614 447
1 19550 29490 61
1 13704 15652 69
1 15175 21224 561
1 14478 22380 856
1 6716 13318 423
3 226 11090
1 16339 24238 407
1 8243 17190 35
3 12364 31910
1 19390 24329 753
3 13071 26901
1 27728 28062 127
1 19487 26033 64
1 2505 2712 869
3 7596 29406
1 12605 27037 709
1 23670 27659 824
1 7803 32331 1000
3 18498 30282
1 10240 12087 213
1 1911 22643 60
1 19946 24498 364
3 18429 22246
1 11943 26724 940
1 7782 27452 885
1 27635 28334 890
3 26114 27969
1 8139 28901 378
3 8311 30798
1 21327 26811 852
1 22086 27109 253
1 22228 30540 37
1 10752 29011 36
3 9564 29879
1 13002 13035 46
3 11635 29880
3 3817 6573
1 11826 31698 200
1 792 13071 249
1 11634 27908 395
1 971 32051 136
3 252 7342
3 4761 19324
3 854 2647
1 2565 12453 734
1 22538 31423 830
1 31711 32513 761
1 4494 11949 518
1 23085 23793 817
1 11548 21243 65
1 8414 22533 602
1 21782 23460 180
1 1486 12896 251
1 26760 31732 136
1 15969 24589 536
1 8238 13437 708
1 270 10370 1
3 12078 17759
1 21608 24415 376
1 24746 27705 953
1 7250 7733 746
1 12081 21102 423
1 5079 25214 757
1 6824 7327 224
1 21566 22019 104
1 14551 14751 757
1 2609 19973 985
1 16995 22465 404
1 8632 32315 102
1 13598 20863 176
3 8858 23420
1 24313 30719 858
3 8489 24169
1 6443 14745 649
1 8546 32039 73
1 221 2839 738
1 4183 6696 219
1 3601 21196 396
1 12058 30679 210
1 5331 18548 835
1 12096 19152 956
3 22082 27985
3 13906 30099
3 22054 27359
3 12043 17098
3 20398 29426
1 7629 27965 478
1 20390 29806 265
1 9839 22972 959
3 9725 10604
1 8542 18742 36
1 4116 7345 698
1 4410 23306 15
1 1279 13406 355
1 4299 32728 153
1 12708 14737 546
1 796 23887 541
1 23394 30131 229
1 253 4913 284
3 3666 3783
1 12294 32301 423
1 18413 26585 614
1 12607 26582 468
1 2285 14833 396
1 16799 21226 519
1 22588 22920 116
3 2218 24299
1 702 14191 836
3 12324 15080
1 19156 32033 226
3 1100 4907
1 21879 22789 922
1 14846 27648 912
3 18374 26403
1 22231 24811 311
3 24459 32685
1 4547 27767 263
1 20676 23135 942
1 36 26591 345
1 18612 20537 774
1 11985 31519 282
1 12323 21736 705
1 1030 24995 48
1 19297 30258 718
3 7563 25059
1 17084 29314 660
1 10303 15404 763
1 7203 17837 913
1 19821 27276 269
1 11258 26858 314
3 23018 23273
1 97 23784 360
1 15573 21388 748
1 9534 19107 149
1 118 25092 718
1 22269 27698 577
1 29837 32648 482
1 20111 31731 549
1 25067 27361 699
1 1478 13240 272
1 23175 30089 960
3 25022 29028
1 7587 16287 885
3 3836 8664
1 10295 24623 595
1 14968 24188 546
1 10972 31610 119
1 9102 26347 625
3 4020 4919
1 8033 15458 21
3 11945 23936
1 14252 24226 263
1 6612 13838 915
1 12723 26822 878
1 13583 28788 64
1 10228 20729 604
1 26920 27443 396
1 3996 16449 271
1 5800 8064 978
1 4349 32597 245
1 3252 20045 391
3 245 23608
1 12567 16526 428
1 1238 9439 547
1 7259 20796 895
3 10354 23433
1 8513 18001 173
3 23313 31499
1 11173 12697 106
3 11616 28371
3 26734 30305
1 347 15590 819
1 12384 15665 240
1 8025 12957 828
3 14789 22676
3 12443 16071
1 18805 30337 291
1 1123 28367 191
1 15289 15894 868
1 19827 21901 261
3 24866 29897
3 26054 28264
1 13843 24336 347
1 1092 4503 850
1 2008 27883 59
1 6748 25123 441
1 8393 13644 424
1 17202 23766 224
3 433 15163
1 7068 26155 287
1 4584 22905 630
1 15035 25195 134
1 11121 14248 660
1 4723 20893 662
1 3289 28243 48
1 3691 30817 519
1 26882 31752 653
1 7961 13978 580
1 10098 21065 229
1 19951 23115 59
1 24268 29203 396
1 9340 32625 248
1 22821 24200 765
1 4474 20981 210
1 9258 25548 491
1 53 32071 244
1 7835 16518 290
3 9774 17850
1 8909 27610 771
1 3069 17018 132
1 23964 27546 231
1 2026 4870 866
1 16982 24819 439
1 10286 21673 301
1 1720 14651 854
3 2991 7533
1 25660 32343 150
1 11237 19032 113
1 4883 20638 62
1 11473 26779 689
1 6755 14358 364
1 6016 19238 494
1 1872 31985 68
3 20977 22878
1 2497 32589 752
1 21889 22532 488
1 2037 11108 827
1 17009 22409 965
3 19345 19590
1 16773 30450 575
1 19231 28744 53
3 5960 8110
1 19996 28158 998
1 276 18602 841
3 1831 6999
1 3054 21536 397
3 6726 21177
3 372 8544
1 6238 24739 424
3 13707 17531
3 14971 28469
1 2872 21043 845
1 4180 9422 130
1 15722 19506 405
1 15598 15606 481
1 31147 31858 355
1 23112 29677 264
1 6645 16425 55
1 20153 25810 850
1 623 30388 849
1 6900 30790 791
1 5464 23730 513
1 23239 25253 829
1 12900 15271 415
1 5490 12975 362
1 18228 26748 621
1 22123 30665 795
3 1992 31257
1 4344 17586 854
1 9667 21866 658
1 5544 25335 612
1 4107 15190 232
1 6104 27450 928
3 214 2894
1 15462 32396 468
3 1367 31631
1 22818 25360 109
1 1798 11027 759
1 24359 29745 128
1 21526 25963 968
1 6654 18726 115
3 788 6295
1 2889 17099 300
1 13877 24139 725
1 832 10481 888
1 18087 29367 720
3 24864 32326
3 1976 9384
1 19866 25916 374
1 9672 16241 439
1 4482 27430 122
1 17717 28145 534
1 6525 15334 784
3 1017 2993
1 15034 19390 912
1 16726 32261 441
1 1460 14344 369
1 9306 17036 279
1 676 981 489
1 12220 29192 77
1 3792 18384 138
1 6614 17389 816
1 24900 26456 261
1 125 4653 546
1 3843 3917 574
1 1260 12363 585
1 3865 5375 891
3 15932 19428
1 5808 27968 828
1 1678 7098 709
1 2171 6910 879
1 1238 14128 577
1 463 11455 756
1 655 27255 132
1 8861 30932 749
1 2509 25162 594
1 1150 18622 716
1 6496 18172 32
3 5770 7254
1 15246 21153 895
3 16631 23724
3 22436 27541
1 7426 12580 409
1 13222 29329 787
1 10005 13017 961
3 6751 31381
1 8840 22015 471
3 11205 13719
1 18511 26670 74
1 7974 28909 972
1 12207 20961 442
3 7811 18609
1 3541 3930 18
1 21829 30721 399
1 1761 25720 766
3 3145 9994
3 6941 21451
3 19580 25408
3 12671 27813
1 12929 25437 416
1 15449 17866 433
1 18474 26712 451
1 7478 23122 857
3 17578 26175
1 509 15566 615
1 9037 17165 485
1 1605 19826 872
1 20792 29724 7
1 9895 15866 677
1 17687 18640 269
3 6101 29642
1 9232 10606 648
1 14234 24148 174
1 6726 25443 921
1 12583 26436 419
1 4128 31410 744
1 11698 23004 268
1 2323 25867 589
1 3204 30336 233
1 1491 13232 587
1 14168 20346 338
1 17401 29405 274
3 17743 29960
1 16337 30754 966
1 2920 8817 88
1 3491 28214 64
1 12925 28093 214
1 3759 21437 708
1 1821 16774 456
3 8972 10724
1 1063 32685 792
1 6404 7008 95
1 5405 20598 60
1 4284 7028 772
1 15041 25863 345
3 191 11221
3 14607 24601
1 26117 32729 515
3 1415 8166
1 18838 31640 437
1 12733 26533 410
1 11881 24280 885
3 3259 11192
1 13663 14184 120
1 21101 27164 699
3 12225 18020
1 14440 18412 205
3 2026 15174
1 16448 29543 850
1 6041 18155 314
1 2415 30140 665
1 2212 12713 350
1 21177 26084 110
1 16764 24337 613
1 16579 22721 977
3 21514 31884
1 8029 12977 368
1 3672 30585 616
1 594 15662 880
3 2055 31542
1 1765 30480 645
1 11697 11865 121
1 18726 23667 745
3 14669 29855
3 1142 29076
1 3058 24898 569
1 14632 27030 985
1 20589 30626 427
1 2115 12332 652
1 7156 18100 5
1 16073 23547 596
3 30196 32591
1 18645 27301 634
1 14392 28381 713
1 8587 32052 993
1 7670 16417 850
1 13148 14938 784
1 6614 10228 847
1 5509 23206 527
1 3340 16620 400
1 3476 16145 1000
1 7336 20983 474
1 14241 29630 10
1 18028 21647 351
1 19826 29659 183
3 20891 32481
1 4161 27927 974
1 4592 31164 512
1 7054 23099 768
1 1387 1898 712
1 10876 11663 557
3 2949 26282
1 11417 20762 306
1 14097 14836 364
1 22163 24937 844
1 11324 32244 462
3 20023 30687
3 12502 30490
1 16873 25544 697
1 17226 19089 158
1 10194 23571 897
3 3569 26156
1 15543 21628 68
1 4117 8218 849
1 8613 17310 224
3 16121 29276
1 14685 18487 419
3 10637 19296
1 11880 19823 1000
1 1359 11919 285
1 18269 27927 309
1 17929 23191 324
1 17644 20092 362
1 26333 28715 932
3 5304 18670
3 26551 29940
1 25029 27887 275
1 15276 28980 963
1 2479 25474 894
1 8191 14314 529
1 4664 12611 468
1 2408 29342 178
1 8696 24144 155
3 25558 26690
1 6298 15289 424
1 8335 21128 536
1 17774 27835 399
1 5128 13139 322
3 21368 32181
3 7949 19159
1 11559 16408 48
1 18872 20652 441
1 9148 22865 624
1 2202 7291 620
3 5433 20039
1 20281 20385 243
1 16290 19385 961
1 12257 18140 214
1 10267 16220 537
1 24447 29344 940
1 2958 28759 558
1 17001 24612 79
1 8759 32680 662
1 4900 15238 448
3 1620 14559
1 5752 27572 839
1 5938 21562 511
3 2414 18810
3 12366 21816
1 8695 20062 482
1 20046 20099 55
1 1397 1980 855
1 3596 26911 608
1 4964 16741 119
1 11056 11087 958
1 9564 22378 409
1 1899 10694 446
1 3862 10227 540
1 23646 28417 109
1 476 19150 734
1 17959 31669 22
1 75 6320 549
1 14045 15961 712
1 282 25450 570
1 3228 18455 917
1 3305 4892 57
1 547 1833 964
1 9842 22791 459
1 9042 23912 23
1 2787 27179 92
1 623 22008 302
1 3489 32398 77
1 17426 25701 330
3 57 9283
3 11462 27549
1 1076 30579 581
1 3816 16325 301
1 4784 18867 390
3 4049 18592
1 9009 28785 455
1 17552 17969 836
1 8470 10646 321
1 20533 32735 415
1 6319 23251 763
1 1885 20284 567
3 5932 23449
1 5709 27471 55
3 8207 21726
1 17451 19632 142
3 15722 30365
1 26465 31296 200
1 3319 3541 339
3 8219 11528
1 18632 26250 638
1 4306 15468 727
1 12460 12975 734
1 2841 27019 843
1 3957 8537 603
1 10258 31976 731
1 515 9194 520
3 5461 22132
3 11860 30076
1 19127 28419 494
1 15484 29199 963
1 445 30622 606
1 19913 27705 841
3 1965 25800
3 411 32210
1 7594 16178 193
1 12551 20742 653
3 6826 7749
3 4660 22521
3 15120 24974
1 4897 28836 371
3 13977 15481
1 18176 19894 327
1 16072 19025 894
1 8853 27769 95
1 9976 20313 285
1 6691 31888 413
1 14844 21718 853
1 12400 27619 708
1 10762 23437 483
1 15044 21040 131
3 1309 24658
1 18750 18823 379
1 3190 23699 171
1 5839 21880 751
1 5838 28292 551
1 8767 30672 851
1 17173 30843 816
1 16358 31682 577
1 3702 29585 24
3 12461 18468
3 4025 10995
1 5534 22752 254
1 2088 23332 775
1 4656 20029 716
1 1439 6894 189
3 9335 16170
1 4752 22433 211
1 854 24194 164
1 11800 32635 472
1 12450 22750 195
1 9079 13727 366
1 21289 22189 950
1 11417 25328 767
1 9450 11530 600
1 11817 13801 16
1 8937 31202 953
1 5124 5418 300
1 1152 11174 757
3 16241 24643
1 4076 29726 120
1 13350 30840 906
3 8061 28615
1 8843 11772 334
3 31152 31854
1 11073 12114 150
1 6937 23652 434
1 15637 29139 119
3 28605 30545
1 3317 10060 891
1 16637 32708 450
1 30799 32045 305
1 3776 26566 436
1 17048 24775 312
1 28513 29132 634
1 12881 25634 579
3 150 20404
1 10937 29180 917
3 9769 32488
1 25781 28317 347
3 13001 31899
1 19867 31683 447
3 19611 31218
1 16107 28549 277
1 19635 24647 871
1 18258 28625 257
1 6695 28023 593
1 4277 28077 946
1 16100 16258 492
1 6121 31978 29
1 25830 31966 816
1 15432 32300 541
3 13021 18979
1 9254 18910 340
3 18178 30926
1 19320 25015 853
1 6984 13422 350
1 2417 11519 594
1 10600 26915 605
1 7171 14670 157
1 21999 23083 812
1 15218 22104 396
3 26094 29655
3 1464 12164
1 232 11013 167
3 11116 15557
3 11870 16358
1 24100 25690 355
1 14890 32053 832
1 17234 24950 628
1 13642 22910 970
1 4459 13892 631
3 1632 22056
3 5077 5856
1 5411 21473 849
3 9192 28736
1 27593 30222 22
1 18944 25514 87
1 7812 25998 741
1 2562 14393 44
1 3697 30945 947
3 2286 25123
1 6178 20877 271
1 6015 24893 607
1 2032 3743 800
1 5910 20572 459
3 1161 31868
1 1694 9059 315
3 3525 11917
3 8068 22554
3 12134 25778
1 24863 30653 250
1 18 6907 82
1 16323 26315 102
1 6008 16351 963
1 3117 5191 652
1 22721 24757 810
1 13057 20083 961
1 21482 31631 504
1 11194 15566 825
3 8323 12933
3 10665 29819
1 12731 27936 520
1 5027 7522 455
1 6371 11345 646
1 16343 21771 564
1 19800 22399 156
1 8865 25277 712
3 3917 5299
3 10562 16959
1 18322 19605 406
1 1578 26973 671
1 14604 18581 658
1 25741 30164 286
3 24982 27421
3 7365 19735
1 18090 28765 511
1 20329 28274 971
1 15160 20305 151
1 29352 31966 542
1 19915 25767 488
3 20194 28903
1 8001 32097 744
3 17141 20386
1 2175 15238 539
1 8082 10824 924
1 16694 31018 367
3 13479 31103
1 947 13350 465
1 3256 24951 20
1 4906 20189 627
1 6500 8328 471
1 28573 30497 876
1 23283 23578 305
3 13100 17092
1 4379 30587 795
1 23466 30169 524
1 848 9050 894
1 7583 26239 295
1 3354 15471 768
1 16940 20147 484
1 8351 32257 861
1 27971 30271 672
1 5203 29539 281
1 11322 19293 82
1 12529 14584 336
1 9246 13163 575
1 4990 18735 72
1 11020 20621 903
1 5624 8922 689
1 8231 26808 430
1 248 1669 516
1 10599 18154 276
1 7216 13562 449
1 12796 15289 533
1 2678 16956 582
1 10590 15696 66
3 13901 14322
1 8210 27078 468
1 2667 25250 624
1 4252 11568 559
1 11285 29398 784
3 3170 32172
1 10218 25479 141
3 21900 28804
1 8487 20830 137
1 1294 13216 93
1 16349 31993 743
1 1428 17618 566
1 7453 16221 977
1 8313 16073 320
1 5237 18525 570
1 18783 25634 600
1 19512 30594 634
1 13279 30586 889
3 5115 16518
3 26964 27075
1 2383 23964 274
3 15735 25745
3 7180 23201
1 1844 24358 955
1 29198 32021 415
1 21163 27070 610
1 16224 25219 400
1 6949 28974 82
1 20970 23021 189
1 8631 14350 139
1 9734 11262 449
1 9934 12564 872
1 8018 16152 439
1 3241 16282 489
1 6555 22884 779
1 9080 11908 129
1 18688 29620 154
1 13943 17953 849
3 16537 17874
1 19772 25833 548
1 18193 27658 846
1 5722 23417 567
1 13397 17605 392
1 20225 27456 172
1 2246 17283 262
1 12586 15225 931
1 4082 10612 457
1 16942 23253 40
1 4829 20648 288
1 8541 20453 804
1 456 4429 14
1 11674 12928 362
1 20171 22034 119
1 6721 13787 899
1 9707 13069 150
1 7430 31148 795
1 7044 26201 954
3 23922 31147
3 13849 25526
1 4958 16629 157
1 7539 30117 605
1 23988 26795 329
3 15316 24928
1 5673 25035 202
1 6904 23740 601
3 20075 27470
1 8620 10027 143
3 5237 15846
1 2417 8357 638
1 7433 10398 792
1 12845 16121 859
1 62 28430 206
3 9007 11373
1 8883 9104 196
1 16348 30505 301
1 13029 29799 465
1 18614 18977 73
3 5325 15875
1 27409 29390 492
1 16574 30510 475
1 16595 21838 484
1 15037 15544 268
1 15434 29396 878
1 11435 25531 584
1 6170 13809 548
1 2371 7118 979
3 11628 15789
3 1782 10960
1 19899 23628 245
1 10000 12142 97
3 18050 26693
1 6235 15893 215
3 12785 24266
1 13376 16414 260
1 5372 5597 177
1 4352 7967 412
1 1304 16717 214
3 4682 17961
1 13882 17253 118
3 12508 22274
1 4302 25662 845
1 8420 25712 478
1 6667 21224 600
1 6769 30031 510
1 19001 32375 71
1 532 14421 530
1 23154 29934 74
3 2191 14555
1 4841 17207 143
1 10743 32304 522
3 26474 31000
1 29920 31040 970
3 5596 5749
1 14060 32240 742
1 5452 31598 968
1 27602 32303 742
1 725 30277 316
1 4538 23298 344
3 13792 25667
1 9444 31596 628
1 18827 23541 582
3 8943 32317
1 8672 30554 146
1 11412 21424 77
1 3139 14252 119
1 11494 22705 887
1 15704 22458 551
3 12236 16092
1 10197 31852 686
1 16199 22705 76
1 9087 22395 873
1 15869 24961 945
1 25542 29787 926
1 30333 31172 855
1 23080 26025 357
1 30775 31360 128
3 10203 29634
1 14141 30157 458
1 15148 16030 803
1 10585 29831 480
1 8730 20588 848
1 8535 28272 552
1 14166 28648 177
1 18752 28427 715
1 11951 26397 601
1 16481 29938 311
3 6110 10244
1 5401 29275 74
1 15071 24139 458
3 11202 32676
1 22504 25946 208
3 14313 16442
1 5278 13400 740
3 26772 30404
1 22809 32634 40
1 20522 23492 726
1 8151 31444 5
1 2794 20146 222
1 9210 22504 724
3 4084 5567
3 372 3236
1 6117 16175 815
1 5300 29472 407
1 2853 32062 56
1 13797 27127 404
3 26630 32679
1 30682 30947 67
1 12293 29557 441
1 7590 23564 388
1 22847 31099 129
1 8159 26575 628
1 3116 17821 356
3 15675 28418
1 17739 23862 735
1 20711 26060 118
3 19936 26775
1 588 6361 463
3 6803 13291
1 1993 10384 965
1 16245 20264 56
1 5903 15895 689
1 1790 16748 232
1 19936 23756 545
1 11959 22215 904
3 6412 20386
3 21200 25651
1 13683 24150 219
1 25379 31853 35
3 5387 18150
1 887 11457 964
1 18172 30378 154
1 6558 21667 648
1 1354 18797 92
1 11334 22890 26
1 333 2334 31
1 2366 24980 490
1 11316 19675 37
1 15826 31449 531
1 5026 20351 50
1 7963 15581 114
1 30083 30424 774
1 140 7587 635
1 8682 27843 447
1 17064 19923 645
1 6927 23089 149
1 25219 29759 905
1 14669 32297 373
1 2143 19009 470
3 879 28790
1 18927 21511 722
1 15438 25136 859
1 20227 23427 817
3 11731 16421
1 18244 29496 251
1 8941 17931 3
1 2452 8437 999
1 442 26155 620
1 7757 19380 189
1 7342 10555 921
1 15623 16147 176
1 28280 29919 955
1 12267 18200 773
1 3538 4903 92
1 8381 30246 988
3 1702 23660
1 19048 30118 224
1 7093 29503 287
1 14694 21027 604
1 6286 12310 391
3 12534 18520
1 17257 32085 233
1 19600 25823 132
1 178 1379 796
1 2419 11350 217
1 4778 16567 954
1 5227 15260 925
1 16974 19202 835
1 8727 29884 31
1 27201 28931 704
1 17908 30487 349
1 2259 18824 673
1 15129 29106 856
1 5172 27704 712
1 6336 27043 147
1 10113 12159 532
1 9573 16884 368
1 3031 27271 575
1 20314 32280 858
1 26868 28558 160
1 10307 24928 740
3 7592 15994
3 7468 18889
1 7696 23217 164
1 9442 10777 968
1 9353 18295 513
1 10436 15703 239
1 11200 22179 996
1 15022 29422 569
3 22509 24730
1 1020 12354 585
1 18782 28967 974
1 7109 17427 98
1 11373 25861 299
3 1055 20573
1 15023 24236 551
1 1738 9317 902
1 2800 16037 757
1 12036 16717 338
1 8187 9348 747
1 1048 4746 674
1 9849 26057 298
1 6952 11740 609
1 3756 24723 311
1 25669 27600 78
1 17221 24521 170
1 531 6937 34
1 5608 10649 807
1 14231 32187 421
1 2359 4202 793
1 276 31545 378
1 9435 22993 746
1 5542 18933 6
3 699 19555
3 10647 13794
1 4257 24093 731
3 24915 26146
1 20618 26141 993
1 3777 13743 827
1 17353 18365 545
1 15705 30465 457
1 14015 31165 462
1 76 19334 833
3 15339 25442
1 20567 22469 279
1 22737 32057 17
1 27318 31329 730
3 13997 30959
1 5766 14335 6
1 4256 11107 237
1 12615 18373 258
1 1394 9959 630
1 8398 30478 646
1 14471 23090 747
1 19015 22134 344
1 11438 12969 596
3 12368 20415
1 18473 23909 33
1 28395 32159 649
3 6388 10156
1 29621 30730 341
1 13216 28405 145
3 12009 30872
1 1433 6444 907
1 11650 27897 446
1 6924 8314 330
3 5952 23667
1 7397 8451 660
1 22997 29033 89
1 25950 26012 581
1 461 6472 820
1 8868 18196 789
1 21460 26197 291
1 31152 32151 141
1 21438 30662 139
1 4282 26018 386
1 4429 17918 273
1 2835 23348 13
1 7817 13103 202
1 7457 23759 971
1 7187 26126 523
3 4182 7808
1 24947 29176 749
1 25181 32093 14
1 9599 19880 257
1 11083 15612 121
1 17316 31738 844
1 3772 17340 270
3 29299 30413
3 5206 12457
1 7836 27364 356
1 355 29728 33
1 30815 32592 952
1 8223 18118 33
1 10452 21318 155
1 8057 28918 59
3 3644 13453
3 9994 10706
1 5035 10552 83
1 23020 28132 250
1 326 9710 453
1 13284 26079 357
3 30768 32283
1 13756 20868 724
1 6784 30250 773
1 17608 27642 554
1 12815 32487 76
1 17775 29862 561
1 11541 12028 491
1 13722 18836 413
1 148 13866 964
1 5951 22044 83
1 8920 16320 353
3 4353 24896
1 16398 22374 833
1 6817 18482 350
1 14359 15451 530
1 5300 9848 638
1 21169 23269 855
3 292 19317
1 6954 28099 993
3 5543 20502
3 8997 17000
1 5083 26786 64
1 25187 29945 26
1 19593 21937 666
3 14925 24103
3 19537 24462
1 6238 23870 541
1 2549 6651 981
1 12305 23640 601
1 12290 22464 78
3 48 19038
1 24135 31806 365
3 18688 30811
3 10427 31394
1 2590 29109 440
1 9910 24888 857
1 26518 32587 950
1 5000 31093 53
1 4453 31175 479
1 9524 29275 56
1 1212 16596 168
1 24376 26183 997
1 9742 23956 756
1 7141 25334 280
3 2819 9133
1 7704 23210 276
1 3583 16622 774
1 3861 30406 690
3 1687 5171
1 4023 24400 299
1 5385 27013 746
1 28171 32724 339
3 8598 25285
1 6649 14291 216
1 12949 15095 155
1 25942 31466 99
1 7222 8911 748
3 5281 18415
1 24331 29372 443
1 7415 20127 644
1 7363 17512 891
1 1333 13391 421
1 1346 4647 527
1 1125 31251 624
3 20011 24985
3 1297 14182
1 3651 13869 827
3 6079 21946
1 15080 25284 425
1 22625 23960 747
1 23231 25094 950
1 6040 32533 942
1 8581 11768 227
1 12798 24170 789
1 16221 18529 845
1 17378 30271 294
1 15254 31154 596
1 14043 25933 324
1 6507 27467 52
3 1236 6731
1 8880 13715 855
1 14352 19753 949
1 18117 30416 343
1 6255 21411 326
1 16561 30836 351
1 3063 24993 425
1 12804 29338 213
1 20296 22058 951
1 1168 14294 236
3 7720 19802
1 5059 21063 802
1 6905 15077 308
1 14593 19947 987
1 9011 12642 638
1 1137 23735 893
1 17552 29901 449
3 16901 19275
1 6639 11976 430
1 3426 29751 511
1 356 6926 511
1 10036 14613 41
1 5249 12471 18
1 15542 26392 717
1 5623 6629 601
1 972 21259 529
1 8094 31242 372
1 8142 23101 950
1 6598 31131 447
3 7214 23259
1 9964 14922 740
1 1260 8219 324
3 24592 27902
1 26231 28337 365
3 8019 10421
1 11850 23662 219
3 4880 23022
1 11941 19303 140
3 3134 8944
3 771 957
1 2659 18016 341
1 10950 18974 787
1 5064 14925 936
3 251 7328
1 1914 7931 30
1 9007 18581 594
3 606 16012
1 1818 4686 76
1 12726 23811 669
1 6028 23727 681
1 1124 6451 188
1 4640 14388 856
1 4857 8374 179
1 51 28100 701
1 14691 31744 301
3 4866 11108
1 7142 30275 83
1 21905 29114 542
1 3249 3655 386
1 24985 29846 85
3 1926 16279
1 9934 16138 601
1 12669 23456 305
1 1630 7673 95
1 4958 14147 318
1 16170 21373 658
3 18386 28914
1 17947 23223 75
1 7598 28886 883
1 5860 28019 939
1 9484 14221 332
1 19892 28074 917
3 18106 20168
1 23431 32084 448
1 16330 28182 833
1 29638 30777 393
1 3738 15417 583
1 4100 12779 685
3 4336 19780
1 16398 30632 203
1 8709 21947 925
1 3641 8052 629
1 15987 20602 699
1 9876 25305 68
1 1549 7364 761
1 14614 24595 674
1 21536 26891 569
3 13120 19113
1 5852 22758 705
3 8291 22273
1 21347 23218 699
3 1259 21331
1 4147 13156 202
1 6912 26084 137
3 10547 24682
1 654 28788 120
1 17457 20284 541
1 18480 21149 724
1 25004 31927 818
1 20002 22422 411
1 14911 24081 902
1 7250 22677 50
1 12559 22808 145
1 11380 15464 852
1 4515 13838 264
1 8638 28330 223
1 16509 19987 353
3 1145 13123
1 5982 11149 128
1 18118 23600 532
3 9673 32244
3 337 2900
3 24326 32101
1 18109 31592 184
1 7966 23093 793
1 7420 15246 41
1 8892 20143 896
1 9431 14397 786
1 7915 11373 1000
3 8214 13152
3 11377 28235
1 11405 17493 178
3 1895 26587
1 10153 17635 190
1 2817 31298 676
1 2413 23972 671
1 27263 32411 167
1 2848 6655 646
3 3767 4773
1 779 11211 769
1 26762 30420 605
1 3342 14787 339
1 7770 18760 393
3 5467 16430
1 5851 14701 605
1 8681 17431 91
1 27208 31361 903
1 18442 30051 992
1 2422 19021 654
3 5148 30249
1 3461 11195 485
1 4931 9025 823
1 8201 10130 569
1 8989 12980 432
3 10642 29314
1 4357 23400 925
1 3953 6336 14
1 9890 21210 704
1 27186 32392 460
1 9050 15185 389
3 14180 24666
1 6192 24081 748
1 534 20783 20
1 16391 23810 480
1 3267 26595 565
1 22009 24983 603
1 9346 28746 689
1 4916 12416 347
1 8913 12626 659
3 10910 26004
3 2606 7896
1 2989 17810 172
1 16860 27809 359
1 2094 7462 706
1 19513 28293 786
1 7775 11607 406
1 2341 31887 379
1 9024 24926 382
1 9579 10460 880
1 9896 15546 286
1 19820 20621 289
3 8701 29551
1 318 514 34
3 13808 18980
1 7438 27755 534
1 3800 25024 835
3 12177 22154
1 7116 23428 829
1 9830 22640 40
1 4297 14954 771
1 8152 31507 112
1 8053 8557 444
1 16035 23768 428
1 21703 28261 851
1 8329 10251 203
1 24973 30860 962
1 12556 30703 407
1 13033 13059 357
1 20444 23888 767
1 23247 24397 652
1 5332 9608 862
1 18569 20434 733
3 8756 29507
1 14942 15351 787
1 12 22328 799
1 6361 6815 111
1 8129 21713 748
1 9386 13202 610
1 20119 23696 322
3 10749 18295
1 18903 22072 367
1 15556 28709 224
1 14273 32382 15
1 121 17610 502
3 16205 31859
3 25020 25343
1 493 13735 847
1 7380 14541 104
1 3237 20155 57
1 9415 30943 948
1 2556 5454 282
3 8320 27072
1 480 14464 353
1 8006 14123 444
1 15829 27516 716
1 21619 22292 786
1 17157 32140 288
1 11027 29132 317
1 153 2224 498
3 18147 29992
1 21923 30101 646
1 12127 13508 228
1 19960 30225 784
1 5440 19789 252
1 14197 25335 47
1 9859 21072 163
1 26136 29213 62
1 531 23699 565
1 31130 32277 590
1 11739 13264 845
1 7377 18891 529
3 5196 17462
1 3498 28763 939
1 9180 20229 966
1 5165 5359 692
3 12545 22321
1 16928 28568 364
1 4369 17790 850
1 2715 26422 781
1 5567 23048 167
1 5836 24749 556
1 11552 12320 155
3 8889 16935
1 4590 18565 244
1 3476 24689 895
3 6728 7236
1 688 4645 623
1 18792 21702 699
1 20118 31796 292
1 2092 29839 119
1 10331 10852 667
1 1378 29117 182
1 12278 25099 601
1 4616 25916 937
3 10563 32403
1 1561 3996 18
1 23844 26497 859
1 5639 7213 433
1 9726 25810 54
1 8857 32648 72
1 5622 22608 83
1 7813 26119 952
3 11069 25704
1 1304 8937 872
3 5609 9995
3 4601 5968
1 2990 22462 402
3 7416 31625
1 23871 31967 1000
1 14377 29275 867
1 8775 21709 228
1 24276 31418 163
3 26772 29686
3 24820 28005
1 17574 32029 633
1 3062 24819 159
1 6448 25837 208
1 8267 12575 751
1 30339 31231 779
1 4973 14784 870
1 20591 28884 317
3 8348 27531
1 5709 28106 134
1 21457 26358 417
3 1426 5876
1 21341 28372 824
3 24002 32561
3 4679 25915
1 16206 17330 807
1 957 29496 227
3 11601 11800
1 5725 26465 424
1 20238 28639 99
3 11802 30593
1 20327 25025 168
1 4370 9970 112
1 17416 21857 683
1 20696 32608 622
3 9421 16033
1 1282 26922 314
1 10267 26833 633
1 5067 19413 534
1 26977 28108 602
3 1134 25682
1 1542 31757 351
1 29050 30496 294
1 3642 13568 239
1 12465 23079 312
1 705 1882 386
1 9644 15421 708
3 30713 31578
1 2381 13641 11
1 9375 16746 102
1 2805 18778 905
1 2691 10202 834
1 16628 17239 901
3 4061 28116
1 24045 28422 19
1 12295 26360 365
1 11315 28361 268
1 8814 17264 619
1 15686 18623 616
1 16437 30017 297
1 21324 25162 413
1 7671 13926 517
3 14586 23065
3 14887 24619
1 16487 20665 785
1 2668 7623 201
1 11746 26964 47
1 10875 31104 548
1 20685 28181 183
1 4204 14314 127
1 991 2021 672
3 19858 23168
1 14749 15246 100
1 10782 31871 642
1 30041 31389 320
1 16498 27577 640
1 17381 22237 751
1 17501 24653 407
1 4492 4867 757
3 21453 30442
1 7288 21150 108
3 1278 24431
1 13653 26759 596
3 906 26826
1 6596 8205 239
1 13036 26241 962
1 10463 24311 122
1 15955 32253 203
1 13866 16113 365
3 11180 29113
1 2644 29660 36
1 6344 32621 907
1 3796 14760 530
1 12612 25855 515
1 2622 4465 156
1 23361 27366 279
3 18252 27355
1 2452 21951 549
1 10381 23609 46
1 26365 30646 882
3 932 29265
1 15603 18710 544
1 9131 24493 468
1 11408 21031 908
1 4205 24388 35
1 6941 18756 581
3 12189 30711
1 10099 25074 952
1 234 7173 882
3 13320 16039
1 3926 28048 471
3 8441 28664
1 4831 13733 988
1 9964 17877 997
1 26862 29132 476
3 19294 23012
1 17880 27476 790
1 5365 14591 870
1 3663 30744 156
3 2265 20939
1 5500 32642 10
3 7922 8520
1 4319 26657 822
3 2455 31385
1 4045 24919 426
3 16556 26937
1 710 6512 963
1 2897 4859 691
1 9139 29807 696
3 16700 22400
1 4387 9461 777
3 9469 26272
3 6759 28615
1 8481 24638 237
1 2941 26662 646
1 13286 16830 994
3 22270 23509
1 20805 29483 317
3 4567 25650
1 15950 29769 654
1 7035 26539 173
1 6631 9508 249
3 15709 32650
1 4283 23275 395
1 11472 13283 519
1 10228 14756 424
1 4601 6699 734
1 11728 18452 640
1 18165 26885 384
1 4957 27424 757
1 14386 17174 50
1 11708 11930 245
1 14273 24024 379
1 14230 22205 674
1 2277 30985 559
1 19363 22705 152
1 13464 27948 725
3 7700 29722
1 18952 23673 780
1 7875 32319 392
1 1319 10838 187
1 4091 12428 683
1 11966 14424 888
1 5088 28623 257
1 1792 28717 579
3 2290 27126
1 16940 20480 686
1 4124 4488 901
1 18757 22196 444
1 2028 31360 765
1 6313 15583 975
3 15402 24719
1 2225 31984 244
1 2166 6698 626
1 2419 25490 234
1 6360 30535 101
1 8065 19106 616
1 8708 18584 236
1 7841 22471 403
1 14687 20431 461
3 2167 17377
1 2498 18271 931
1 9697 17862 603
1 4247 24520 673
3 22919 25903
1 4962 10827 554
1 29167 31218 53
1 11383 16710 348
1 12439 17113 871
1 8402 12256 854
3 1291 19450
1 28513 28889 787
3 18463 24780
1 5953 15949 986
1 270 29939 265
1 744 11399 593
1 1048 5566 245
3 26802 28101
1 16347 17594 131
3 4202 32535
3 11939 15742
1 4318 12863 127
3 5256 22700
3 17265 22637
1 9781 16921 289
1 5618 23186 893
1 19082 19938 111
1 11129 20855 226
1 9876 13459 584
1 3080 27433 476
1 4621 5249 33
1 13706 24681 42
1 27582 30440 188
1 14634 26156 513
3 25063 31368
3 27362 32245
1 17254 28224 791
1 28933 29754 226
1 4653 18466 357
1 9316 15844 606
1 13847 26686 334
1 14719 17895 239
3 6994 12928
1 19682 29080 892
3 10732 24345
1 26746 28381 664
1 16728 32328 48
1 24866 25415 941
3 11338 31829
3 8259 28344
1 6962 24529 378
1 22201 24136 949
1 13123 24085 578
1 264 7394 797
3 6090 15034
1 9736 24191 278
1 117 21600 768
1 1448 20310 119
3 9152 27157
1 6904 22190 60
1 8283 17880 768
3 19819 22653
1 18004 30207 514
1 1465 11803 48
1 2910 26249 485
1 9651 19908 755
1 3097 24439 603
3 7162 19236
1 14404 20058 400
1 3095 28892 949
1 329 31533 265
3 906 15583
3 12083 24292
1 11958 13611 949
1 2155 8981 910
3 14836 22099
1 16495 29877 345
1 12298 25652 499
1 4850 5699 721
1 9608 29283 725
1 4717 11599 394
3 16887 18629
1 2735 9010 353
1 6027 8025 260
3 29534 31382
1 247 18820 559
1 4340 28219 811
1 14318 14568 283
1 5818 17089 963
1 370 1762 803
3 31390 31769
3 16900 30805
1 1615 4626 60
1 10099 16655 907
1 19827 21934 515
1 1541 8941 647
1 11528 13028 78
1 12371 24755 316
1 16063 20651 291
1 19272 21992 19
3 191 8407
1 16487 29989 201
1 23992 27239 328
1 6425 22368 594
1 21131 25560 500
1 13174 28827 529
1 3943 4181 819
1 1023 16567 801
1 420 4710 498
1 1256 20384 560
1 2549 28786 816
1 7979 20270 954
3 11027 24848
1 11251 14161 77
3 2848 19516
1 12261 28017 177
1 16052 32529 118
1 3662 15304 43
1 12926 18576 81
1 12518 15822 302
1 4167 5084 796
1 13147 30604 780
3 15882 24523
1 7157 12377 742
1 2807 30512 727
1 21617 21938 390
3 21056 29312
3 300 32762
3 11220 28883
1 10391 24393 512
1 5442 9078 562
3 941 26358
3 15589 28012
1 1082 4358 516
1 21190 26114 216
3 6184 12370
3 7165 7912
1 28754 32695 540
1 13864 22624 58
3 10017 12729
1 26314 26742 147
1 23348 24759 512
3 12336 30361
1 2234 12055 281
1 1534 31768 379
1 21955 31995 808
1 9607 11750 466
3 971 26635
1 6238 6435 913
1 3396 17028 151
1 12182 20116 645
1 18891 23171 777
3 18490 24175
1 13162 20341 406
1 8837 16172 90
1 18478 21290 740
1 16740 16747 902
1 13895 21268 664
1 5416 30646 988
1 8879 32515 834
1 10420 18254 989
1 7049 8471 918
1 4318 9343 712
1 13740 25397 4
1 2795 18201 589
1 15395 25218 958
3 5433 17613
1 8840 24042 392
1 5498 19866 239
1 25702 29850 574
1 298 6045 881
3 18240 29830
1 18586 24318 566
1 19456 26844 565
1 10444 11220 798
1 783 26894 320
1 3450 20157 201
1 21853 27717 894
1 17110 31134 409
1 12098 26620 795
1 1016 8624 898
1 18249 27447 348
3 3420 18432
1 11864 29296 867
1 7719 16226 591
1 14569 28005 219
1 9660 20685 723
1 1306 24782 66
1 4421 25491 892
1 7186 8800 579
3 3112 15317
1 2687 15020 9
1 21677 24183 893
1 1315 31664 837
1 24055 30596 153
1 6561 27323 820
3 2246 7114
1 17971 29289 741
1 4201 7511 846
1 1197 17318 385
1 29128 30772 911
1 18847 23789 16
1 14112 28813 82
1 23104 24543 48
1 2006 29852 153
1 19364 23445 731
3 6940 19370
3 5154 8895
1 19531 25663 586
1 1933 6389 837
1 14269 19854 478
1 471 23553 118
1 16734 23871 767
3 3797 21300
1 5874 25278 123
1 13050 31133 117
1 27717 30719 38
3 3087 7624
1 4843 6732 664
1 6284 6617 122
1 20974 24308 819
1 3204 20813 88
1 897 5216 274
1 2563 3832 7
1 20033 25403 451
1 13140 20894 671
1 1822 14641 96
3 21216 28354
3 23007 28661
1 4664 26394 787
1 996 10750 795
3 660 941
3 16767 24949
1 12843 20801 683
3 7568 22333
1 19473 21739 305
1 8792 26850 280
1 3617 28595 765
1 13931 23956 247
3 8301 17625
1 15223 22121 501
1 24968 26352 582
1 1769 16165 690
1 17754 30545 459
3 10014 13129
1 9321 24952 213
1 3838 25711 149
3 1813 2375
1 8964 29953 547
1 3616 10785 796
3 3496 12951
3 2948 11236
1 10925 22962 947
1 2251 20433 307
1 189 26253 222
3 9506 29274
1 14875 29939 617
1 11604 12681 323
1 22747 25000 841
1 4300 23396 965
1 1947 9718 342
1 3448 26534 135
1 1319 18898 330
1 10497 20548 513
1 2312 21232 317
1 5832 23924 731
1 21092 30940 924
1 17865 19146 635
1 1210 27457 100
3 721 14334
1 14348 29196 752
1 15855 22931 69
1 15345 21546 974
1 3273 10251 904
1 15589 31613 567
1 18033 23547 737
1 7333 30623 563
1 3669 30928 513
1 13614 18105 791
1 10938 27005 766
1 8515 27659 204
1 1474 3692 730
1 4201 23275 684
3 6146 16880
1 29369 31979 120
1 1320 17187 710
1 10358 23549 801
3 16495 32268
1 1233 26261 823
1 14826 23444 258
1 12338 25533 440
3 5036 28257
3 3365 9667
1 12856 25930 370
1 8499 11255 184
1 3277 8586 441
1 5731 24937 573
1 5085 25985 281
1 20723 28975 769
1 11660 28836 526
1 26192 30593 828
1 25818 31078 400
1 8092 11324 440
1 2622 2969 555
3 8523 27201
1 10844 18905 859
1 9575 10757 77
1 24533 27779 216
1 588 2695 455
1 8073 27208 713
1 8173 17420 309
1 5347 20186 214
1 8041 24972 119
1 4853 14076 712
1 13573 19731 562
1 7693 12781 752
1 3688 17540 670
1 4074 26675 486
1 3270 23147 249
1 28336 28582 451
1 26609 28142 386
1 752 16490 584
1 23446 30865 135
1 11369 19244 564
1 8882 28098 215
1 18897 23644 114
1 13601 14402 48
1 233 32533 65
1 12601 27542 259
1 777 17301 690
1 18658 20966 827
1 22151 24785 821
1 4812 30156 786
3 24709 30124
1 22554 31177 149
3 8165 28154
3 11019 28079
1 15945 27188 622
1 12843 17583 423
3 177 3159
1 1605 13613 635
1 6688 7274 174
1 1801 31568 342
1 3268 29360 818
1 1863 10744 158
1 2520 11176 981
1 16380 23422 758
1 6069 23243 210
1 8367 18277 757
1 1557 18278 659
1 1884 21880 933
3 1306 4249
1 11439 15076 51
1 4421 11324 645
1 5723 24355 262
3 9832 17151
3 10084 11781
1 13 20812 612
3 9351 17778
1 4494 15942 828
1 2226 15099 578
3 7354 31814
1 11630 28115 107
3 16165 30618
1 10385 10909 592
1 10000 19682 746
1 5831 22001 642
1 13627 27682 733
1 968 18225 669
1 13572 15407 775
1 25166 27847 773
1 16298 31686 156
1 16844 27355 664
1 1434 27250 406
1 12023 32199 643
1 7378 11557 387
1 8780 11934 348
1 2438 22672 332
1 22434 32391 840
1 1350 7428 128
1 7981 30924 935
1 8404 30612 615
1 23624 30468 244
1 613 9945 223
1 2807 16021 398
3 17649 24228
1 12977 22141 331
1 10875 31577 222
3 20041 25321
3 5341 6150
3 12571 15575
1 4117 11772 686
1 8191 17379 992
1 6862 13764 555
1 3982 26829 743
1 499 12075 503
1 9989 26552 93
1 10697 28968 651
3 7478 25451
1 14084 24402 450
1 6718 10665 829
1 15645 29916 502
1 14029 20142 678
3 8129 13174
1 15242 29869 627
1 7841 9719 201
1 18254 31927 566
1 25376 31744 556
1 12678 29710 974
1 5749 14510 586
1 704 22917 624
1 8491 17682 90
1 30890 32263 60
1 19043 29792 941
1 6603 27614 662
1 11753 30937 291
1 5648 24867 432
1 8620 18770 542
1 8896 11987 247
1 6692 26576 742
3 20831 31971
3 11769 14838
3 16515 30970
1 3265 5294 558
3 422 18181
1 5642 16503 588
1 1480 19220 545
1 9124 25720 553
3 3829 26630
1 12817 30824 463
1 7585 7770 675
1 7941 23879 879
1 1854 16264 918
1 1288 11937 731
1 7388 31804 939
1 6703 16225 910
1 6721 7580 119
1 27432 32111 716
1 2627 3797 56
1 4465 4735 791
1 12219 31530 738
3 24849 27986
1 24560 30950 786
1 21470 29554 16
1 13987 31192 145
1 12957 16197 556
3 10012 25712
1 8126 17430 686
1 13970 15147 750
3 17708 28769
1 17881 30852 488
1 19537 24606 57
1 31159 32058 189
3 11080 15495
1 6777 7205 857
3 21013 27698
1 8263 15754 62
3 12663 22779
1 28673 32029 122
1 2467 25570 268
1 9437 31957 193
1 23502 27673 520
1 19017 28218 531
3 2090 16145
1 3480 17173 778
1 3315 20066 589
1 117 16698 627
1 522 13754 654
1 23129 24231 697
1 29600 31003 370
1 9865 21459 962
1 14231 27993 690
1 10635 23728 144
3 20664 28830
1 6167 12562 824
1 16687 24493 414
1 6464 14295 798
1 27046 27915 99
1 9953 25777 441
3 3263 10098
1 28654 32436 356
1 8 22218 196
3 22667 23078
1 18455 30125 426
1 13713 15855 187
1 22892 26452 322
1 1229 28186 814
1 7145 20690 855
3 7161 28572
1 8680 16722 123
3 15135 23870
1 25517 31949 506
3 17476 28953
1 8506 23265 950
1 3331 12339 683
1 10660 21112 286
1 2923 10898 87
1 11177 17250 939
1 19648 28046 769
1 20609 25726 919
1 169 3251 452
1 21290 23003 662
1 2192 5697 480
3 4222 14248
1 13861 23977 444
1 8195 21158 680
1 6616 30572 212
3 1689 18249
1 5684 24611 930
3 15877 18205
1 21885 24015 574
1 1074 12887 992
3 9492 9803
1 3111 31020 668
1 3438 18585 682
1 4003 6867 435
1 2908 17972 613
1 20565 25720 992
3 3243 28119
1 1072 17587 464
1 17117 29163 46
3 3226 32264
1 2342 17613 730
1 13745 25687 656
1 7424 11970 86
1 17291 26756 410
1 3170 27899 298
3 3380 11141
1 16866 17216 948
1 3270 9983 487
1 356 22399 747
3 21729 29974
3 2778 14832
1 18992 21640 397
1 6744 17114 16
1 11074 18176 824
1 11749 19849 897
1 299 32060 986
1 20293 23921 49
1 25658 27844 57
1 25321 31426 961
1 2193 3234 455
1 23411 26707 405
3 10482 22939
1 21275 21636 560
1 5972 26107 903
3 2924 31925
1 5657 18891 961
1 6073 21148 5
1 10562 10721 199
1 2755 11979 569
1 5172 7691 225
1 13257 15479 935
1 7571 7651 504
3 228 27571
1 18242 29162 415
1 7334 27316 928
3 4186 12422
1 1135 9643 824
1 3015 16850 910
1 10741 25779 232
1 1833 21896 94
1 9869 16378 272
1 1512 7217 200
1 4731 11056 935
1 10442 18888 258
1 3083 9562 46
1 8528 32360 986
1 24769 32406 236
1 2192 3691 302
3 15856 30353
1 3423 5505 318
3 19914 27645
1 11452 23663 876
1 522 7387 968
1 15281 22342 953
1 10080 20781 27
1 23435 28396 589
1 20378 30211 322
1 9248 25817 77
1 15182 30655 80
1 4159 9377 671
1 11386 26101 344
1 22719 28651 677
1 17721 19375 454
1 5657 9165 720
1 4286 15739 627
1 7638 8815 251
3 26191 28010
1 26294 27287 584
1 7934 31981 546
3 3649 25176
3 19166 20806
1 25499 29269 85
1 20612 32169 921
1 5916 16866 675
1 5205 21368 516
1 27441 32185 354
1 7474 18794 610
3 1809 22193
1 5555 26068 635
1 329 18264 25
3 3420 19734
1 21813 28769 710
3 6832 15743
1 10742 24996 356
1 1802 26958 626
1 23227 30224 346
3 11098 11373
3 22289 32491
3 2382 29840
1 6329 18528 245
1 5248 17526 338
1 18801 26683 772
1 28599 30013 783
3 2136 21936
1 6250 29765 557
3 23374 24882
1 21323 25423 701
1 8165 22855 647
1 7935 31818 194
3 3609 19946
1 5021 25259 336
3 12481 19781
1 13011 31676 98
1 29992 32126 832
1 20807 28671 529
1 1422 8262 989
1 19395 30353 574
3 3470 11186
1 24357 26421 324
1 6280 14013 826
1 3612 25603 920
1 26920 31092 211
1 20534 31100 439
1 1083 7963 53
1 8203 17833 506
1 11241 15869 848
1 6024 30367 785
1 14089 21131 464
1 3628 23347 75
1 2831 9333 622
3 8784 26810
1 12626 28721 765
1 7301 23424 88
3 11561 24031
1 2162 17943 23
1 1522 19961 710
1 2309 30463 885
1 9812 31973 977
3 446 27946
1 4899 26741 228
3 22140 30385
1 10462 25613 560
1 14426 14802 361
1 879 15450 657
1 23906 32530 585
1 11625 14096 606
1 15415 25653 910
1 7370 30879 273
1 13357 29343 838
1 19324 30181 24
1 833 1252 25
1 2600 28757 398
1 13286 22526 290
3 11736 30555
1 23042 27654 591
1 999 5062 874
1 21365 29312 734
1 14181 14630 214
1 15551 25530 301
1 21146 31263 913
1 1975 18074 667
1 3223 3926 812
1 1010 8449 19
1 18260 23750 668
1 275 16502 618
3 25027 31398
1 9834 22963 666
3 13948 28723
1 16382 22998 511
1 10552 15993 584
1 12263 28583 872
1 8849 31820 994
1 11823 24462 830
1 15140 21171 219
1 525 2725 440
1 6571 14304 939
1 4523 19719 534
1 20437 28295 247
1 3750 17495 944
1 9 17177 62
3 9783 29329
3 14447 25208
1 16451 30859 938
1 13913 24660 448
3 26482 31511
3 9566 22596
1 4941 20103 899
1 9324 30068 145
1 2463 11204 794
1 22885 31953 664
1 18954 22316 813
1 8427 26553 22
1 8430 12555 29
3 11219 17251
1 1012 27304 345
1 5775 9103 778
1 5305 28303 245
1 10241 31104 489
3 15960 17041
1 13847 29331 346
3 26584 29270
1 14758 30631 961
1 6239 29654 499
3 29264 29571
3 22888 25438
3 24255 31265
3 8165 17094
1 3825 19071 809
3 2027 29885
1 12885 24631 596
3 9189 12428
1 8046 15551 665
1 2557 31108 742
1 6015 24990 235
1 7204 13265 914
1 8905 29374 718
3 7963 13423
1 10199 15784 528
1 944 19534 796
1 5921 13947 568
1 7288 7950 189
1 12950 27953 514
1 4446 30477 489
1 16447 25041 16
1 24123 32705 799
1 14856 17846 358
1 7257 19938 561
3 16508 17367
1 14404 22454 618
1 11756 22644 83
1 7289 7354 851
3 1232 8805
3 3023 29504
3 4440 15606
3 13901 29309
1 23425 31651 771
1 16073 27542 761
1 4373 22086 596
1 1613 4542 599
1 21145 22859 770
1 3251 7072 663
1 16213 16228 271
1 17786 31333 512
1 8470 17369 866
3 29041 29821
1 2828 23949 110
3 13436 27147
1 12427 28478 956
1 20824 24203 639
3 6228 8763
3 14892 18389
3 27075 30678
1 4086 17784 366
3 16625 18232
1 10326 20338 184
1 17974 25520 129
1 13231 15904 941
1 12472 18238 648
3 26121 28681
1 12672 17085 213
1 11116 26936 995
1 8498 13128 113
1 15641 25972 979
3 2166 14394
3 14908 24677
1 9101 22863 80
1 24994 31120 832
1 15767 27621 983
3 16429 23528
1 16833 30677 488
1 20987 25039 771
1 27035 27462 296
3 18539 30998
3 15690 30644
1 8519 21420 602
1 16274 28625 358
1 3805 29691 105
1 5487 20317 171
3 1706 9071
3 23316 26035
1 11203 12646 292
3 2587 29837
1 1486 21027 327
1 16712 19938 829
1 5989 10171 504
3 19610 23462
1 2879 16660 989
3 4359 5004
3 20239 23496
1 9302 20525 830
1 11704 12518 982
1 13631 28475 505
1 12429 19247 563
1 110 10715 882
1 3604 17910 308
1 29 4602 984
3 8552 10769
1 925 20168 872
3 1471 25016
1 15573 31043 100
3 5639 8342
1 979 20693 235
1 8350 26455 269
3 27713 32571
1 4870 26921 812
1 9688 20506 636
1 24910 30944 520
3 3420 3935
1 4136 16518 448
3 6207 12438
1 7943 13665 970
1 9953 15084 689
1 13412 29451 498
3 21235 25319
1 7177 26158 92
1 4034 17656 466
1 9139 28343 328
1 905 4086 583
1 18441 30780 615
1 5716 23075 808
1 1465 4192 156
1 8833 10573 708
1 8199 16043 280
1 2416 25149 154
1 323 9999 213
1 11064 17401 146
1 20324 22608 795
1 1318 7243 964
3 5046 26452
1 20546 27163 611
1 12859 28411 853
1 27364 31686 436
1 12224 15667 789
1 6640 19572 908
1 14571 23342 807
1 13072 27432 973
1 3172 28991 422
1 13027 15435 756
1 27854 31634 459
1 11624 22586 789
1 12972 14160 434
1 16101 18789 14
1 4344 15615 882
1 10425 32379 807
3 8861 12816
1 11575 26295 231
1 9319 15423 751
3 8438 24698
1 11100 13933 536
1 8428 26402 458
1 13175 27055 999
1 19158 31843 848
1 11452 26216 800
1 6950 26821 792
1 6857 23788 818
1 8758 30732 916
1 10710 29456 543
1 27885 32524 449
3 8091 31295
3 25113 32482
3 8682 28608
1 6868 21791 397
3 7014 32036
1 23743 32340 530
1 4994 6631 877
1 20569 30143 495
1 3194 26157 368
3 1159 16344
1 12014 29106 492
1 18000 19138 932
1 1615 15686 931
1 2906 24986 745
1 16875 24327 352
1 24383 30816 128
1 13060 27443 77
3 6627 29070
3 12239 30941
1 10001 20947 530
1 28528 29999 85
1 24052 32361 852
1 27000 32709 830
3 6106 29178
1 12235 27313 5
3 3719 32134
1 7772 20793 569
1 1987 9511 129
1 16489 28729 528
1 19856 27664 542
1 3567 10105 94
1 19648 23858 894
3 17924 27912
1 5235 28788 809
3 15284 21548
1 14117 32316 323
1 3942 12972 791
1 1295 20253 151
1 4842 17918 380
1 10665 14903 41
1 2659 14654 317
1 9348 24890 864
1 3462 13550 708
1 16327 18418 830
3 20426 27658
1 6237 15176 112
3 68 18294
1 1642 29861 499
1 3791 22896 688
3 6046 27582
1 22629 29225 608
1 25418 31930 547
1 100 18115 904
1 9139 24787 406
1 18173 18484 129
1 26498 26727 324
1 27742 30081 948
1 8706 27366 951
1 11699 17287 918
3 5638 18070
1 8544 12843 132
3 1744 3279
1 5932 17210 303
1 1209 18848 703
1 4446 12240 594
1 9191 20509 119
1 1102 22336 461
3 18009 28460
1 10807 11050 367
1 5031 12268 281
1 4884 18397 814
1 16034 18122 984
3 10147 26542
1 23521 30254 171
1 9638 29126 937
1 3251 20160 195
1 1985 11078 604
1 1076 2720 59
1 1554 7551 782
1 12160 13356 38
1 3603 29821 508
3 15342 15711
3 10379 29474
1 1019 31826 513
1 4867 27847 608
1 110 31772 195
1 4626 12809 619
1 12536 26883 761
1 2850 32756 195
1 10126 12073 425
1 10443 31796 680
1 18365 31529 222
1 9194 30656 575
1 1846 8342 768
1 8495 26713 162
3 13060 23492
1 12629 30090 13
1 6776 22464 540
1 5918 13005 457
1 6326 12268 334
1 7655 20424 398
1 10703 16275 626
1 20331 30073 749
1 9484 22657 17
1 12944 31022 584
1 6746 13019 288
3 4603 14572
1 8120 11158 965
1 23721 32513 42
1 10984 30241 286
1 5171 7447 537
1 1953 32175 560
1 12278 29383 765
1 3156 17106 361
1 19740 30647 631
1 27847 29734 931
1 2294 14915 459
1 499 21859 653
1 6765 9473 17
1 18577 20448 928
3 12369 24444
1 15251 31564 265
3 11370 30734
1 7594 13215 302
3 17943 25732
1 4019 24757 991
1 24667 29219 427
1 5434 8770 888
1 5617 21083 71
1 117 9903 842
3 1223 26895
1 16490 21254 434
1 13283 31773 168
1 5504 28135 217
1 24209 26057 632
1 10179 12249 554
1 127 27572 412
1 3661 23259 907
1 4501 4894 39
1 11186 12620 411
1 10706 16515 470
1 16331 25371 789
1 12814 13796 237
1 2907 18730 924
3 7279 26949
1 15454 15484 294
1 10250 27893 439
1 6063 31271 728
3 4591 31943
1 17898 21177 175
1 7784 27389 203
1 2470 20769 172
1 8629 9730 922
1 19324 25499 607
1 19092 31898 97
3 27943 31105
1 6584 8932 338
1 474 9358 100
1 16097 25988 606
1 9892 22723 432
1 8382 8607 961
1 16883 30638 180
3 19373 29225
1 13331 20470 683
1 19648 20256 349
1 13641 27772 312
1 833 23815 632
1 1751 17784 735
1 14556 16111 569
3 6176 17877
1 201 19249 777
1 5473 5547 356
1 2317 19994 793
1 8216 24188 807
1 12811 18593 327
1 28039 28128 881
1 12707 24795 611
1 18445 19947 396
1 26250 27583 606
1 7944 9444 283
1 5391 31589 50
3 2564 27939
1 18540 25955 998
3 10513 20082
1 7824 14122 660
1 1550 23322 537
1 14238 26451 160
1 6053 18408 31
1 5012 19645 157
1 15637 27705 298
1 3631 12402 702
1 21364 27099 391
1 27 31620 406
1 21859 28553 988
3 4089 14602
1 5286 15880 977
1 21929 30326 285
1 19774 23894 836
3 10439 18152
1 4640 25125 355
1 12651 29497 263
3 19923 29458
1 4669 27414 877
3 1879 7751
3 6968 21520
1 3194 32498 111
1 218 27690 214
1 7748 15251 262
1 6907 23416 732
1 5606 23182 922
1 13864 22309 937
3 3603 17501
3 16504 20415
1 536 1761 328
3 24700 24821
1 4404 4933 473
1 19181 29300 709
1 7521 23763 182
1 24228 29609 107
1 21869 29422 192
3 4181 15721
1 5003 19097 636
1 6999 8932 806
3 924 19574
1 27880 30516 928
1 11232 30653 268
1 15174 31232 958
3 2734 8586
1 8472 24825 489
1 30072 32054 806
3 11418 15430
1 7923 18063 691
1 17216 17605 506
3 4800 19384
1 3903 32478 70
1 21612 24959 972
1 4375 10341 710
1 23682 28647 592
1 18352 32664 242
3 10464 17922
3 11429 27033
1 25259 31588 79
3 12806 17845
1 17102 18784 283
1 16109 19448 882
1 16328 23971 748
1 2014 21715 447
1 26556 30138 448
1 18238 28502 244
3 2352 31148
1 9121 15093 201
1 2667 29290 573
1 561 8848 588
1 4715 6874 136
1 5141 20473 432
3 4565 20856
1 5296 13055 219
1 20869 23205 868
1 11362 15726 3
1 10923 23205 438
1 21787 28769 642
1 6494 23811 344
3 2220 6965
1 3015 4214 146
1 11400 12846 435
1 404 8726 842
3 4809 22928
3 14336 17104
1 8378 30294 501
1 24697 28440 898
1 10965 26664 475
1 5135 27918 998
1 617 11083 849
1 7315 31530 691
1 7293 17830 678
1 3818 14088 643
1 1480 12366 654
1 4419 6989 755
3 14227 24986
1 620 16865 456
1 27543 32247 709
1 4992 29801 844
1 5837 11509 453
1 9310 22482 94
1 17729 30164 67
1 5509 5940 590
1 1092 29336 297
1 2370 15891 689
3 7125 22095
1 16452 29602 26
3 5807 20198
1 27341 31147 738
1 313 20838 239
3 17804 22552
3 1502 21512
1 25369 31535 240
1 3506 29390 954
3 3739 17112
1 21800 25627 944
1 20590 26589 528
1 7703 12952 457
1 5459 7580 603
1 10390 24832 940
1 7661 30276 555
1 1177 11054 291
1 15945 18054 411
3 8493 29053
1 2156 12288 347
1 573 27370 658
1 14516 26450 902
1 6597 27859 371
1 5381 9507 717
1 18568 29461 887
1 3275 7679 488
1 18921 32610 251
1 27756 29806 559
1 2248 7267 158
1 16010 27317 793
1 6028 26804 108
1 17378 24053 94
1 4192 6565 972
1 14839 21123 167
1 1857 19499 802
1 12598 20671 456
1 22335 23203 822
1 3877 30187 877
1 16020 17331 427
1 30211 32647 170
1 3474 24165 601
1 11319 14050 289
1 20083 30034 179
1 21617 27643 792
3 18218 26577
1 30621 31032 398
1 7820 14972 1000
1 23766 31675 4
1 9286 24333 534
3 1764 27281
1 5944 22039 798
1 14684 20961 470
1 5998 21060 966
3 11313 21111
1 21707 24604 196
1 11884 21424 155
1 17832 22695 424
3 12622 17558
1 8759 16308 514
1 11182 31276 222
3 16214 16605
1 16779 19354 77
1 11540 21585 942
1 3044 23911 838
3 2644 10605
1 3181 4441 727
1 6280 26518 757
1 7929 31097 411
1 5762 21476 493
1 2827 5487 364
1 21344 30020 33
3 2067 30795
1 20799 31057 414
1 8245 28615 916
1 12777 22544 911
1 14519 31547 883
1 559 2638 937
3 14013 21395
1 10492 28674 963
1 20569 23764 399
1 3715 26246 849
3 4347 15209
1 7507 13524 234
1 11144 14739 582
1 17290 31378 940
1 21306 30587 810
1 15410 27948 131
1 361 10829 959
1 7246 28138 203
1 2178 14579 858
1 13022 24044 340
1 16641 20893 207
1 5437 20692 795
1 1617 23527 154
3 8506 10657
3 5842 6132
1 4942 7063 281
3 7542 30000
1 8382 14587 749
1 3471 9464 332
1 16113 28321 612
1 2051 10733 986
3 766 8861
3 12493 25422
1 66 21646 127
1 2274 25895 790
1 2636 14255 40
1 22378 26888 959
3 20841 29607
3 7244 28815
1 5135 11441 603
1 17669 29365 712
1 5521 31391 493
1 13646 14959 86
1 7968 11395 715
1 9720 32555 288
3 2824 5708
1 9720 10862 296
1 11289 16007 151
1 15458 25798 759
3 7550 24106
1 11022 16116 848
1 12356 16442 784
3 14061 26952
1 13712 14481 274
3 6784 24359
1 1886 17659 433
1 20628 30640 48
1 1988 10121 66
1 824 10050 989
3 10653 16766
1 11238 13946 611
1 11752 24407 167
1 194 22197 891
1 9677 30173 957
1 13463 22365 994
1 2611 14070 557
1 7937 27783 146
1 9002 22991 752
1 17213 24960 838
1 7207 22664 509
3 19858 31331
1 20531 28148 447
1 8800 28323 227
1 11193 26414 564
1 14752 16589 222
3 1222 26017
1 1103 6496 918
1 21408 27007 784
1 1634 17629 113
1 3531 12811 319
1 6600 8274 317
1 9679 9823 142
1 8492 15080 471
1 9980 11052 944
1 9229 10507 228
1 15767 21957 538
1 3830 27446 402
3 3522 27703
3 9810 12627
1 10164 14445 977
1 3525 17715 379
1 20324 26548 684
1 25602 26504 224
1 3649 6580 213
1 15083 27372 313
1 2821 8245 948
1 25923 27052 439
3 21759 31041
1 3021 13086 488
1 6814 7259 237
3 9938 12594
3 14596 15144
3 10817 11228
3 13842 22159
1 5817 12597 512
1 11885 19950 611
1 4010 28537 520
1 13832 18220 452
1 2335 26876 388
1 10270 10361 426
1 4772 18448 814
1 14044 19076 782
1 9900 31960 758
1 3756 30193 483
3 22760 31214
1 6996 10370 671
1 18307 30439 629
1 10293 15381 311
1 17272 23133 593
1 13678 19653 904
1 29437 31567 400
1 19829 31692 12
1 14172 30476 29
1 14279 31989 240
1 8454 27351 561
1 17023 25606 588
1 3752 7122 765
1 261 23820 358
1 23312 28687 946
3 607 19730
1 2814 14113 379
1 19179 20612 506
1 1962 10483 722
1 14114 27267 308
3 14425 19773
1 11781 20650 786
3 27525 30708
1 5757 18381 831
1 1429 17945 904
1 19120 27919 189
3 2407 20471
1 25048 32651 858
1 10060 14612 682
1 4051 25408 958
1 14413 16346 724
1 17948 26414 883
1 10647 11785 126
1 11455 25861 820
1 6710 23806 78
1 2746 23194 784
3 7327 27970
1 4335 10424 16
1 1111 30669 648
1 1958 16285 765
1 28321 28646 209
1 7034 23275 867
1 1482 20815 29
1 4343 21000 671
1 16339 22676 453
1 15688 27053 333
1 15368 29801 299
1 20650 31868 336
3 6557 21014
3 5497 29936
1 18179 20557 799
1 21993 23814 191
1 5604 29003 128
1 21386 26150 500
1 26490 32554 47
3 3335 14163
1 10080 18309 902
1 17989 28981 769
1 14705 24934 972
3 10026 16344
3 14680 30371
1 16892 25779 877
1 2907 19368 39
3 14556 18085
1 25473 30394 664
1 1643 23852 264
3 4114 17310
1 2307 5590 279
1 3277 5499 929
1 9427 10242 392
1 8372 24122 508
3 21965 32388
1 1615 2819 987
1 7648 26318 813
1 10885 18357 702
1 558 24494 123
1 14283 19059 759
1 1038 6941 520
1 10216 27520 212
3 3335 16637
1 30034 30596 561
3 1290 27129
3 14257 15522
1 9518 31985 278
1 4986 22651 711
1 6307 18132 619
1 11412 13050 810
3 2536 20506
1 2023 15815 38
3 9969 21969
1 20675 27926 5
3 476 15118
3 2499 17387
1 18047 28271 173
1 25573 29530 204
1 18083 24525 320
1 17338 20540 66
3 4955 19060
1 4873 9359 345
1 14754 28111 694
1 22840 25466 220
3 9791 11926
1 9623 13431 649
1 1532 16489 480
3 458 14444
1 938 18182 654
1 4956 25944 866
1 11315 23887 134
1 15127 24310 545
1 23348 29804 233
1 14707 20604 103
1 4243 11297 894
1 24442 26950 125
1 1849 9572 315
1 27998 30527 171
1 22978 30899 680
1 7923 25958 715
1 13987 31977 83
1 23630 30260 187
1 8506 24882 682
1 5566 12958 807
1 3646 19350 356
1 11091 11665 725
1 6668 15795 280
1 4471 27225 439
3 11929 27074
3 1666 5720
1 2628 18364 852
1 5081 23832 552
1 12151 24744 371
1 17336 19981 185
1 17032 22335 617
1 9295 17845 88
3 15119 24358
3 22851 27525
1 116 4041 530
3 4280 23326
1 2034 17832 166
1 5736 12547 477
3 3957 31918
1 29037 29450 468
1 12357 22312 322
1 16215 31570 651
3 4179 15517
1 6684 10584 306
1 6631 16875 543
1 15975 29716 286
1 15191 19475 498
3 4158 11767
1 12772 16280 640
1 20182 30790 699
3 15175 31913
1 6702 9802 385
3 17953 25941
1 4383 18969 313
3 592 32352
3 14873 17599
1 216 10409 258
1 12508 28449 46
3 372 8111
1 23736 27441 580
1 938 19187 285
3 14736 15433
1 8259 27741 691
1 5403 7799 797
1 5692 24316 295
1 10341 20350 715
3 6306 10819
1 5498 17186 716
3 4164 30042
3 1710 5283
1 1304 17584 472
1 7802 16483 549
1 7337 30257 309
1 8201 16005 787
1 7828 28154 325
1 22478 26727 262
1 21652 21888 634
1 198 8488 434
1 10728 13385 633
1 5665 27340 101
1 2689 10184 354
3 15635 17259
1 2281 15937 414
1 4010 13769 346
1 5628 6596 819
1 14482 21392 977
1 17099 29285 2
3 17441 22593
1 203 6754 652
1 10582 28120 859
1 21975 24988 117
1 8341 30866 924
1 19772 32388 161
1 21756 27710 599
1 23017 30181 155
3 1851 13808
1 1591 22024 655
1 31009 32655 656
1 3717 24751 862
3 2834 18758
1 16813 28089 302
1 17312 31950 477
1 5823 15565 821
1 16763 27193 959
1 9910 31232 817
1 11568 28816 314
1 114 9437 341
1 7712 29833 962
1 3675 17022 481
1 16621 32307 17
3 8612 22861
3 10118 23442
1 2596 13315 125
1 22093 30784 376
1 16986 29708 569
3 2141 3917
1 6714 13675 971
1 9311 28799 966
1 3425 11695 181
1 19607 23781 277
1 8052 22451 466
1 10371 18286 853
3 17874 27481
3 3894 21465
1 822 24427 279
1 24805 28302 822
1 1694 24137 948
1 13625 28961 51
3 2093 19266
1 6066 19849 438
3 24001 31293
1 6223 19683 214
1 17015 19829 47
1 13000 23170 110
1 16622 29143 70
1 2573 15710 237
1 2521 4124 305
1 6994 25355 108
1 11390 24194 506
1 29444 31264 217
1 877 10677 328
1 18444 29161 387
1 11529 26442 334
3 396 28599
1 7145 30689 403
3 2036 15207
1 11559 23796 588
1 20999 27669 768
3 16580 23519
1 19811 20492 232
1 10600 19846 991
1 20369 24982 282
3 370 17142
1 21290 28579 783
1 14422 31606 180
3 3377 4205
1 22714 24475 946
1 30130 31518 20
3 13640 23119
1 1759 6572 516
1 17790 31961 398
3 2301 28064
1 1849 20620 702
1 1987 27631 695
1 16107 27687 701
1 9067 24349 149
1 16995 21617 899
3 24189 32652
1 19933 26565 854
3 26283 32013
1 18481 31417 954
1 9392 29181 925
1 4572 5198 903
1 27873 29963 347
3 14530 18191
3 7270 24965
1 6153 24035 739
3 9831 23688
1 15090 15493 16
3 7647 29739
3 4589 31763
1 9412 28248 827
1 25129 26118 517
1 2282 16412 750
1 17025 22007 675
3 2485 31530
3 4597 20715
1 17214 17258 249
1 21241 28833 259
1 17350 19337 951
1 11721 16832 567
3 468 20391
1 27917 31707 263
1 26017 31895 131
1 19755 22887 977
1 13976 18266 826
1 4891 5350 378
1 6857 8398 186
1 27051 29182 875
1 8233 22942 188
1 3595 20488 589
1 14028 30188 52
1 1193 7228 664
1 22673 23724 485
1 8514 20632 960
1 2105 3970 235
1 25628 32169 706
1 8915 28769 439
3 5290 30442
1 18554 24353 621
1 9887 12417 759
3 9066 26554
1 6187 11321 465
1 6841 7973 737
3 23290 29608
1 1023 29691 277
1 2001 2267 518
1 25489 28257 504
1 9114 32137 623
1 17501 28085 746
1 1175 8459 32
1 23008 24070 183
1 10851 11086 379
1 48 29059 301
1 6942 22002 220
1 13288 21391 808
1 3532 19693 12
1 2042 15852 971
1 13823 24030 559
1 8742 26438 110
1 1314 4545 950
1 5028 30091 810
3 17769 19717
1 16799 27607 684
1 547 13339 538
1 6229 30182 560
1 12423 13885 364
1 2536 3000 379
1 30726 30841 318
1 23869 24762 58
3 30198 32251
1 15395 18534 126
1 2040 31808 64
1 2191 9836 832
1 8726 23089 771
1 6979 29757 670
1 3817 15337 804
3 3006 14793
3 8783 26538
1 17277 20826 212
1 22045 26887 193
1 6833 16813 261
3 3563 4958
1 11488 20067 929
1 9568 15539 615
1 1763 29091 908
3 642 31878
1 26212 31298 410
1 6248 17365 476
1 16214 22538 376
1 12776 30141 653
3 25619 31910
1 71 26214 602
1 17551 19734 695
1 14729 25583 585
3 5257 19820
3 284 16460
1 4515 19596 425
1 2715 24926 372
1 5647 17049 614
1 2177 25535 569
1 1059 9752 355
1 405 23396 974
1 14143 32639 951
1 16458 32730 926
3 22008 30243
3 5573 27135
1 10200 31925 124
3 5531 18797
1 19273 31101 743
1 12895 25610 765
3 7618 9430
1 7105 15150 755
1 1931 4217 870
1 19490 19882 314
1 2834 30489 7
1 6056 32734 663
1 5659 19232 316
1 8312 19745 22
3 14474 15569
1 4582 5982 692
1 19204 26092 606
1 3857 26748 177
1 1814 9165 668
1 6045 22104 7
1 2029 19701 627
3 9741 28198
1 29510 31413 167
3 4489 19454
1 12899 14520 246
1 20453 28444 699
3 6650 31089
1 4972 30335 356
1 11457 20329 280
1 16178 17025 50
1 4595 6586 960
1 19539 19670 235
1 7162 11297 609
1 22527 23503 385
1 14720 16223 782
3 19887 26889
1 6177 28281 61
1 19529 21326 144
1 21827 26162 393
1 11896 31434 770
1 6449 23032 441
1 14031 31103 388
1 12494 14673 464
1 1364 10213 203
3 8577 15412
3 3102 27488
1 6726 23804 29
1 19235 30361 339
3 2055 6657
1 15047 17915 236
1 3108 25355 447
3 10624 30498
3 14249 18346
1 5626 22955 896
1 13295 20355 824
1 23262 28705 85
1 22167 23616 483
1 16368 20491 280
1 8475 23417 915
3 17369 27230
1 7487 10969 793
1 288 26766 153
1 6319 32357 306
1 8854 15456 311
1 22802 24733 722
1 16901 25811 458
1 5255 30181 685
1 8837 32465 998
1 28204 30559 784
1 20815 26712 36
1 5165 8145 511
1 11193 13699 752
1 8272 13860 520
1 942 26384 107
3 10213 18538
3 9470 29513
1 13946 29647 255
1 11677 25504 397
1 920 16660 247
3 24490 30927
1 1648 9040 179
1 4051 25242 53
1 11237 23511 237
1 2999 26634 303
1 14801 22878 264
3 15697 25544
1 2584 25760 107
1 15167 17463 210
1 8593 23291 160
1 27191 31821 995
1 8484 29774 209
1 12976 30544 126
1 9610 12418 315
3 23988 30479
1 9217 19054 970
3 23809 24944
1 16423 25743 603
1 13631 28754 888
3 12743 31903
3 3005 6871
3 20106 31651
1 4886 28268 582
1 10687 11691 326
1 8369 26214 380
3 18858 28518
1 11039 15999 922
1 12412 30502 528
1 156 22736 139
1 4862 26887 82
1 8087 24537 449
1 5925 29915 719
3 13556 15930
1 3776 31694 660
1 16169 31048 222
1 210 29933 295
3 13271 29629
1 5283 18421 846
1 14740 14993 914
1 3785 31346 856
1 16763 27839 583
1 5316 27104 867
1 14493 22937 566
1 213 26286 875
1 18324 22130 823
3 26404 28828
1 24877 26828 625
1 4042 24677 9
1 224 7568 548
1 19774 24516 665
1 9535 12278 644
3 4254 26929
1 6840 17633 517
1 3959 28269 830
1 30631 32268 688
1 14858 18771 532
1 13969 32565 104
1 4981 32713 974
3 21108 28510
1 1377 26440 567
3 2061 23613
1 24457 26860 488
1 713 24466 386
1 2592 10701 169
1 12598 18877 797
1 20759 26088 234
1 26085 27429 113
3 16232 25370
1 19566 20551 497
3 3760 4449
1 9711 10237 37
1 11895 27856 279
1 10941 32038 858
1 14857 28756 769
1 22174 25500 752
3 596 28140
1 19691 31888 856
3 8926 12664
1 174 21335 43
1 15355 17394 697
1 1648 8043 161
1 6557 7666 152
1 13489 29026 228
3 2940 13785
1 4382 9202 147
1 104 9906 921
3 13573 27851
1 4996 14156 121
3 7925 27483
1 22514 25267 194
1 9418 9591 36
1 6179 30762 351
3 23162 29805
1 14695 28914 737
1 5278 17583 718
3 13554 19777
1 5459 32624 270
3 2127 18665
1 6471 29188 955
1 1744 23881 290
3 2082 22712
1 5527 15053 540
1 216 18341 30
1 1361 18781 687
1 19977 28779 517
1 5867 12567 24
1 15163 26048 272
1 2535 25786 505
1 8260 16727 316
1 13761 17758 824
1 30244 32145 512
1 18299 29679 518
1 10116 25601 920
1 6202 27021 323
3 20609 27803
1 14384 31245 176
1 3204 30260 327
1 16447 28597 901
1 15918 23197 573
3 1936 29724
1 17087 17585 236
1 19270 23165 704
3 3577 30142
1 1215 2045 23
1 24345 30172 356
1 15207 21290 969
1 7129 7845 866
3 11028 30765
3 31687 32171
1 6841 12727 379
1 5960 29225 604
1 12767 19108 704
3 18207 31793
1 13325 22309 572
1 1390 8496 406
1 9369 14471 598
1 4414 11513 246
1 27987 31997 102
1 7637 14449 636
1 1878 7422 697
1 23638 28216 210
3 18662 30195
1 2017 12185 661
1 2857 23056 891
3 18100 26721
3 8211 8977
1 7525 19992 904
1 2549 10219 628
1 267 15780 833
1 2335 14955 225
1 599 25859 642
1 6390 27898 542
1 4950 15294 679
1 17531 22696 17
1 2383 20953 77
1 5019 16082 139
1 19943 27061 199
1 23026 30044 560
1 2120 31203 29
3 748 13714
1 8963 11320 873
1 8072 11036 406
1 3595 5185 913
1 29938 31903 102
1 2464 16592 59
1 2616 13769 43
3 4047 9889
1 5535 16544 864
3 15079 18736
1 8491 26229 553
1 18076 18329 860
1 21807 30269 971
1 4204 21358 521
1 27487 29728 325
1 4793 24905 571
1 5377 27491 539
1 2291 10573 422
1 5977 13603 710
1 10212 24480 661
1 1641 31896 993
3 22314 27112
1 6253 19337 394
1 19638 27326 818
1 4140 20432 815
1 13645 23038 240
3 14235 28287
1 14603 19890 527
1 3650 16112 415
1 16297 26296 3
1 19231 22256 25
1 1486 22665 122
1 10029 21626 22
1 20510 32280 407
1 13760 20285 949
1 9872 22430 702
1 7050 26020 944
1 8652 29756 729
1 17226 28450 87
1 7730 22001 292
1 13006 28214 61
1 18880 23221 867
1 2493 14493 457
1 1470 12754 918
1 13391 19353 934
1 13345 17785 996
1 13913 26602 643
1 2702 32455 469
3 7911 25904
1 6586 16055 661
3 2507 7584
1 5242 7822 660
1 10023 32098 776
1 20752 25207 649
3 812 8484
1 26700 27695 853
1 8942 14095 709
1 12289 18585 325
1 7510 31404 900
1 11490 31997 413
1 8129 16557 92
1 172 29675 858
1 26457 27695 855
3 16619 19163
3 10965 21211
1 11865 25737 779
3 8276 17200
1 21738 23562 62
1 9082 14750 593
1 20706 27688 721
3 19896 23428
1 4791 23642 59
1 7648 30421 65
3 14682 15138
1 1228 16930 253
1 18433 30384 281
1 17040 26375 41
1 13701 30120 190
1 3161 12444 857
1 4641 28597 120
1 1797 10262 155
1 6389 10740 655
1 2710 13728 210
1 14210 28862 768
1 7346 19672 878
1 9779 22040 749
1 26960 31521 761
1 25811 27709 379
3 13907 23310
1 20256 31768 449
3 19649 25356
1 22580 24928 115
3 19120 28441
3 12518 13693
1 2969 12639 751
3 18805 31958
3 27710 31904
1 9050 25643 152
1 17298 23613 767
1 9829 24459 197
1 16821 23853 702
1 9933 21738 584
1 24501 30873 519
1 17126 28836 980
3 10782 20206
1 1103 25011 317
3 2734 4585
3 3410 3700
1 5056 16331 699
1 2960 19263 180
3 5318 17056
1 1671 16923 288
1 75 22416 411
1 26418 28443 341
1 19761 23018 696
1 14155 26248 753
1 25765 29705 534
1 21497 30790 536
1 14800 16095 812
1 7995 8503 400
1 22885 32546 189
1 19913 31837 879
1 15975 16279 69
1 5736 12932 605
3 3854 25380
1 3503 11299 524
1 4859 17554 270
1 13081 13450 679
1 2166 27578 627
1 8962 24829 283
1 12362 30672 575
3 23380 28054
1 2621 14472 58
1 20193 20517 311
1 3202 15490 207
1 19991 22705 424
3 8202 25223
1 3307 19868 411
1 754 18510 433
3 16920 28040
1 802 21337 537
1 17386 24518 721
1 7387 27108 189
1 5154 27476 755
3 15805 21874
3 7989 26047
3 5936 28768
1 13723 23885 163
3 8111 12443
3 17147 28886
3 3449 15186
1 26086 29074 88
1 25846 25920 522
1 4134 23659 165
3 9094 28830
1 15742 25492 793
3 26417 28630
1 13312 30831 225
1 3673 19394 823
1 12579 30612 456
1 3565 15075 365
1 11545 18484 257
1 7757 18386 456
3 10491 29572
1 1409 24686 521
1 12794 32182 260
1 4343 27617 563
1 1320 29836 218
1 3018 20943 402
1 12176 18163 141
1 2745 18798 785
1 2145 25134 899
1 14839 19000 254
3 479 22945
1 11271 27188 913
3 1926 30140
1 3612 12108 260
3 10239 31617
1 12321 21884 44
1 9337 27912 525
3 5266 22348
1 15869 29882 79
1 5257 12165 749
1 16842 22429 538
1 9657 24906 434
1 4047 23014 223
1 9618 17625 449
1 10844 14074 217
3 17437 27736
1 14133 19879 208
1 15130 25940 278
1 7939 22906 520
1 6972 13230 831
1 27077 27489 97
1 14281 18916 212
1 8886 30788 832
1 3 12291 440
1 1818 12060 914
1 12725 21289 367
1 5853 20304 692
1 6841 23289 578
1 308 790 356
1 1896 12852 215
1 11972 31821 222
1 13727 27308 135
1 217 15430 911
1 1806 16890 389
1 7019 12475 454
1 15337 32200 509
1 25284 32047 494
1 25137 29581 243
1 2214 5314 822
1 15235 31165 800
1 23160 29451 233
1 8213 15304 713
1 23100 27164 558
1 4707 15732 39
1 12089 30935 873
3 8771 28353
1 19827 26440 457
1 4407 30855 220
1 15873 28517 37
1 14851 22835 636
3 21832 31240
1 3340 24127 914
1 25319 25418 584
1 3017 27739 75
3 22812 32589
1 318 32411 837
1 3075 11955 737
1 2315 4416 928
1 4353 25717 427
1 3023 16288 853
1 5115 25702 341
1 10527 12389 628
1 20587 26694 450
3 11085 11313
3 25448 28209
1 3823 18837 165
3 4497 22389
3 11815 24478
3 2184 18435
1 7374 23495 812
1 11713 17610 311
1 16385 29447 506
1 958 6230 784
1 6278 23077 297
1 5220 12379 422
1 13469 30729 349
1 1724 9058 288
1 7915 10702 777
1 3513 15908 809
1 190 6013 946
1 889 3913 465
1 21585 22732 848
1 964 21474 954
1 597 3728 904
1 1715 17355 612
1 27195 29049 925
1 6423 8255 74
1 4624 6449 706
1 18279 28651 580
1 650 30547 578
1 15218 26682 291
1 27101 27538 32
1 6633 30417 863
1 2606 27720 623
1 3418 32139 420
1 809 13283 92
1 4206 12101 8
1 7496 19605 223
3 11546 22437
1 5013 6885 159
3 5313 6141
1 11967 29864 74
1 7209 30921 947
1 2509 18855 122
1 23715 31446 918
1 5342 17982 743
1 928 2718 484
1 10477 29519 163
1 8793 22735 981
1 15389 16486 151
3 6249 32521
3 894 13969
1 7712 16009 9
1 25150 26987 855
1 10102 18405 41
1 29429 31448 211
1 23235 26478 165
1 22813 30916 794
1 160 3625 600
3 3828 20604
3 8650 18109
1 19816 30133 6
3 18881 27097
3 13285 18366
1 18091 24317 147
3 1790 22091
1 1022 9261 2
1 9195 17016 34
1 12772 18492 839
1 9143 17209 389
1 5034 24693 32
1 2990 9444 51
1 19650 23899 941
1 6234 22529 962
1 757 30740 574
3 11949 23850
1 20882 29967 962
1 6464 16496 496
3 354 25559
1 465 18874 413
1 2505 7017 426
1 11196 20134 747
1 18134 21497 767
1 17760 31913 93
3 6934 18685
1 4734 25597 272
3 12645 26855
1 4664 8745 293
1 11079 16516 813
1 7785 13539 590
1 16539 24858 401
1 23281 23690 311
1 4061 26795 65
1 15373 32136 322
1 3800 18989 233
1 17875 21862 339
3 3396 21796
1 5088 9184 853
1 6056 10454 167
1 22183 27222 16
1 5198 24632 820
1 9254 9824 499
1 10841 16368 977
1 8156 16468 474
1 10110 17643 373
1 334 27099 624
1 4838 15226 989
3 2694 5745
1 125 30225 820
1 21480 22920 399
1 1441 4016 890
1 4464 29413 234
1 26451 30925 973
3 3332 32609
1 24014 28069 873
1 8901 11904 345
1 14193 19331 25
1 8224 21508 455
3 10590 19436
1 444 788 579
1 4360 27094 192
3 9383 10714
3 8250 10930
1 299 23449 84
1 24789 29510 983
1 23827 25084 454
1 5516 10499 716
1 5927 6832 175
1 8273 9651 975
3 6538 19366
1 9081 28892 694
1 17106 26959 162
1 1605 20954 928
1 2473 29512 909
1 13221 24557 936
1 13182 18900 502
1 13496 24719 404
3 18583 28340
1 17835 27474 971
1 4051 31770 506
1 980 5524 401
1 6319 27480 549
3 19907 22683
1 5419 16199 455
1 29982 32541 899
3 14955 23040
1 25193 28937 118
1 9520 10374 160
3 33 15114
3 845 23961
1 20014 26507 479
1 1468 7456 314
1 7298 11668 772
1 3749 9834 233
1 10189 28893 997
1 22096 23189 901
1 26099 27191 700
1 22775 24889 529
1 12010 13150 671
1 13458 28843 270
1 18809 19759 360
1 7951 23229 686
1 14516 17717 779
1 7750 14291 537
1 1820 15751 579
1 951 11808 371
1 27111 31868 285
1 4772 28300 196
3 22739 26591
1 7528 17972 75
1 9905 13898 419
1 2274 26392 918
1 8786 16091 314
1 10764 32474 912
1 6002 16121 586
1 236 29638 378
1 1884 24888 957
1 18178 31111 104
3 8885 19240
1 14555 30886 872
1 2264 11342 900
3 3253 28695
1 23291 31554 176
1 18284 23130 505
1 2162 5789 473
1 16204 29343 797
1 11675 21729 752
1 934 18554 672
1 8823 14205 175
1 27009 32577 696
1 18047 24576 339
1 9398 25229 538
3 3113 7060
1 19398 30400 368
3 11228 22072
1 3873 8235 107
3 7599 32708
1 2386 13719 896
1 16632 23093 61
1 2027 21421 853
1 8179 11537 652
3 7727 15628
3 7701 27956
1 3823 9980 727
1 5255 17607 217
1 10138 24710 150
3 25289 31534
1 6732 17317 721
1 18160 28878 96
3 11902 24886
1 7289 9858 683
1 4333 10113 191
1 13234 30813 160
1 4299 30084 331
1 4695 31836 946
1 15458 32139 351
1 8573 15858 857
1 12594 32088 183
1 785 14322 466
3 3051 27965
1 502 31490 640
1 2917 29713 615
1 3793 10800 897
3 992 30774
1 108 11255 230
1 8341 20408 43
3 20046 26715
1 28237 30656 509
1 3946 19744 265
3 27933 28667
1 7311 27758 732
1 12839 31710 874
1 6366 16813 956
3 10224 11020
3 17002 31748
3 1903 23684
1 4196 29774 560
1 3123 23765 905
3 19265 25116
1 4072 5414 860
1 11497 18063 545
1 3373 13273 373
1 4844 24245 779
1 1735 24195 697
3 4663 18051
3 7715 21496
1 6201 19430 951
1 1577 7380 867
3 7519 14377
1 14082 19584 169
1 12777 24299 661
1 7652 17786 119
1 7021 10324 941
1 4135 18972 229
1 23977 27870 702
1 3326 27592 969
1 29387 32188 199
1 3912 21903 188
1 165 16728 725
1 20516 30871 166
1 17982 25788 975
1 18177 23309 600
1 5284 25026 506
1 7843 21029 224
1 1609 9916 902
1 5901 12073 688
1 2500 19116 207
1 17275 28803 296
1 4190 32186 893
1 13530 26178 143
1 2049 3654 788
1 2315 20957 358
1 4231 4760 397
1 5538 19053 286
1 13863 28019 787
1 14406 23377 453
1 8413 15789 567
1 12898 30586 557
1 4837 24242 268
3 680 20206
1 2851 14593 532
1 24396 26843 31
1 25262 29688 63
1 6991 28580 776
1 4062 32354 986
1 169 902 582
1 5027 21326 626
1 19126 24608 404
3 11980 21152
1 11738 19492 173
1 4573 6756 628
3 8446 11826
1 19801 29745 371
3 15160 20886
1 5679 15366 951
1 97 12264 192
1 5668 28731 541
1 54 15681 11
1 27265 29273 670
1 16103 30949 438
1 822 24979 752
1 31264 31770 79
1 6873 20947 500
1 3637 19543 100
1 15878 29523 177
1 16808 28347 468
1 4343 23556 841
1 30147 30325 451
1 1445 16503 554
1 20660 31145 218
1 8542 32056 519
1 5358 14608 597
1 23626 26198 244
1 11592 29394 868
1 6625 24040 109
1 24751 28125 339
1 29040 31365 792
1 11436 15961 10
1 15818 18073 110
1 14549 20795 965
1 12751 23256 791
3 1386 7332
3 5255 14558
1 2427 14236 493
1 5792 32653 369
3 9209 12813
1 1358 31319 91
1 15160 21075 580
1 11061 28492 699
3 16511 28792
1 16472 25430 646
3 2414 28085
1 19015 20308 631
1 7230 10783 37
1 16148 19414 164
1 15673 30102 569
1 27138 28320 14
3 16828 28641
1 1123 2153 780
1 17528 17673 119
1 16033 23122 900
1 10359 26040 928
1 14877 24522 32
3 14205 19811
1 16358 31558 687
1 7167 9659 597
1 12765 30010 510
1 6665 16057 680
3 593 4507
1 15854 29123 938
3 16251 31199
1 6933 17368 577
1 14303 21493 895
1 8204 30885 689
1 8622 13324 517
1 15796 18597 541
3 678 31020
1 9262 32662 699
3 25427 31373
1 14286 32304 135
1 15657 19073 595
1 675 24717 650
1 20619 27108 140
1 1970 30104 340
3 24662 28964
1 4926 7635 210
1 13106 15844 851
1 16531 26111 512
3 5984 16112
1 9651 26892 482
1 12663 16777 174
1 3839 4335 829
1 31901 31949 445
1 11796 26784 300
1 6587 19120 28
3 10866 17352
1 9549 19853 129
1 26102 28897 222
1 9354 18101 971
3 12062 16390
3 18900 20285
1 28716 30441 404
1 16756 28980 462
3 3177 22003
1 26267 28448 338
3 2113 10080
1 2644 30859 847
1 21084 28035 436
1 20707 28329 357
1 4729 22767 69
1 21046 21623 439
1 25590 27728 85
1 8470 16690 993
1 7187 19160 453
1 13877 17609 534
3 15387 22984
1 27114 27745 253
1 2605 21951 135
1 5843 7320 87
3 8559 20914
1 11198 21318 441
3 8757 19803
1 10087 26603 286
1 18252 28929 364
1 6383 25454 431
1 13517 22478 200
1 10585 11396 316
1 23208 26789 297
1 5782 14826 514
1 6286 10879 114
1 28337 29943 366
1 9760 26777 606
3 1628 28184
1 29494 31681 772
1 3811 32237 290
1 2168 17459 169
1 3039 21717 98
1 27328 28870 43
1 22349 29135 565
1 9467 28751 317
1 5434 25210 56
1 19810 20458 651
1 1356 16885 794
3 14919 23862
1 2821 19154 667
1 26577 30076 115
1 3732 7960 815
1 2321 32302 440
1 4643 26367 280
1 6340 16722 696
1 5284 28727 260
1 9044 19637 948
1 20234 27233 740
1 675 14892 735
1 23247 29588 591
1 1093 11338 672
1 26735 29913 206
1 16356 31497 76
1 1515 20143 414
1 18146 26403 985
1 21897 30023 82
1 862 32266 52
1 4876 7755 54
3 6391 23595
1 19655 27185 865
3 13161 18538
1 11836 27572 120
3 8499 9093
3 8311 12061
1 8786 22116 731
1 18843 26413 458
1 16966 24819 954
1 9047 30031 42
3 10477 22994
1 7122 22938 352
3 9506 21006
1 20996 31945 598
1 16420 32168 232
1 7176 16834 893
1 22481 26486 227
1 5827 18332 934
1 9324 14070 833
3 9553 15768
1 4363 26892 417
1 17330 27061 53
3 22058 26587
1 16347 31976 121
1 2889 13140 945
1 17957 30813 141
3 4500 20918
1 25363 27811 439
1 12 7473 693
3 9237 30448
3 1748 19240
3 4619 20665
1 3463 31429 950
1 13458 19424 274
1 10544 12314 84
1 464 26615 288
1 12404 15289 413
1 11333 12958 392
3 13939 29281
1 1116 13183 48
3 6305 8369
1 19800 21322 295
3 14260 31388
3 776 10098
3 6739 29605
1 15273 17955 958
1 7472 14241 891
1 2687 10388 213
3 8372 31667
1 3467 11046 115
3 11412 21253
1 1223 12030 636
1 4917 26355 393
1 3655 6800 498
1 12997 22914 199
1 11961 30520 101
1 14505 32424 155
1 18023 29689 118
1 9343 23300 722
1 620 9889 986
3 20075 28100
1 1382 4301 249
1 8810 19345 449
1 2456 22379 645
1 10061 28157 203
1 11542 25166 918
1 19478 19903 84
3 5894 24803
3 17836 21485
3 19043 29695
1 21701 23177 761
1 23148 32599 636
1 7566 30244 403
1 5327 17824 353
1 8507 30222 861
1 7946 13942 841
1 6325 15624 787
1 21431 25427 435
1 10772 17208 590
3 19155 29286
1 16178 17899 260
1 8286 27177 607
1 3378 28887 334
3 31224 32231
1 13602 23127 775
1 549 4175 99
1 2172 29613 492
3 9819 24848
3 2413 22121
1 6327 27977 685
1 1856 7954 814
1 8439 29113 952
1 637 1717 488
1 10952 13843 144
1 20071 31779 148
1 10587 13859 334
1 22769 23635 919
1 18117 26735 968
3 22675 27859
3 12960 15864
1 12718 24560 325
1 4657 19709 745
1 13733 32067 518
1 23231 27154 599
3 21321 26760
1 9986 11597 612
1 4980 6971 220
3 15048 28259
1 8371 13154 886
1 18389 21062 622
1 20204 21242 560
1 14312 28232 557
3 27007 29712
3 6127 23813
1 14923 15459 312
3 11526 30337
1 13544 27143 177
3 25507 27185
1 5400 24899 14
3 1000 14101
3 647 9254
1 5916 24941 117
1 19409 31985 471
1 19696 21323 439
1 16564 22203 304
1 965 32023 925
1 23079 27428 507
3 8433 28819
1 27829 30691 915
1 18476 29028 321
1 10479 20326 790
1 1854 18639 68
1 8290 22304 180
3 1028 9271
1 25951 31600 536
1 12075 31480 907
1 7099 15681 604
3 1300 21188
1 24276 31739 955
1 20454 29531 574
1 3729 8821 291
3 1291 26186
1 7058 15109 698
1 22128 29796 38
1 7503 17677 267
3 6385 7505
3 3257 12339
1 13082 26669 984
1 10717 18444 312
1 1610 25067 518
1 17343 21000 734
3 6181 24024
1 16589 23902 396
1 3479 14494 577
1 7278 24706 20
1 4902 28083 581
1 9418 10603 397
1 4379 14048 805
1 14915 27094 962
1 21032 24880 964
1 19929 20182 302
1 12646 29371 139
1 15741 22413 926
1 7660 18965 154
3 3968 11438
1 9587 29585 801
1 7998 22652 678
1 10945 31692 355
1 8765 15936 688
3 2754 3213
3 12845 21247
1 2406 7294 645
1 19107 28380 29
1 20827 26194 846
1 8478 15156 440
1 3323 22232 509
1 15639 28279 239
1 11388 19287 862
1 104 5874 424
1 13107 26891 774
1 399 24807 893
3 3547 3561
1 4866 13082 590
1 25338 26066 27
3 14611 30626
3 18348 22513
1 13629 29317 126
1 2966 14156 559
1 6167 21894 688
1 8675 30221 629
1 20470 21810 246
1 13462 22237 721
3 7214 14029
3 11934 27848
1 28487 30215 599
1 4046 24903 538
1 12439 31640 857
1 2777 18633 383
1 4999 6783 490
1 9507 15155 723
1 7187 10814 368
3 26254 32700
1 7564 9818 230
1 2342 29698 553
3 5338 25696
1 11126 32073 488
3 14132 24228
1 18441 30109 350
3 8461 14993
1 26394 27840 70
3 6572 19833
1 4428 20167 390
1 12723 23769 765
1 22348 23430 40
1 4879 28855 757
1 14221 21598 442
1 16473 17614 182
3 2803 21248
1 5969 9070 629
1 12951 32084 573
1 11591 26815 240
1 9624 29597 876
1 29522 32733 603
1 21568 28583 793
1 117 6433 861
1 13272 19586 814
1 14181 14824 624
1 12322 18683 502
1 13058 15138 938
1 15898 20449 195
1 23602 32364 30
3 16544 20053
1 7497 13666 32
1 24610 26913 193
1 4700 14973 723
1 8909 14002 606
1 15848 27793 280
1 5444 23664 981
3 843 24948
3 748 16776
3 276 30535
1 7251 30648 996
1 24631 29337 265
1 16818 23500 37
1 10239 23227 111
3 10204 20602
1 7208 10110 308
1 10578 17235 36
1 11297 20755 749
1 12832 18520 765
1 12675 25951 465
1 210 20558 998
1 16671 32639 124
1 22219 28845 119
1 28405 29438 81
3 23685 28399
1 14603 31672 706
1 22031 26894 264
1 20491 26069 891
3 1273 6739
3 9573 18361
1 4679 21399 78
3 3910 7969
1 20344 31762 466
1 21297 22507 205
1 22321 24668 341
1 30483 32712 962
1 10101 14424 757
1 17937 19164 319
1 3117 10446 477
1 2869 16824 638
3 372 5609
1 13543 19084 769
1 19265 26651 466
3 1686 28980
1 22157 25104 598
1 5265 8859 198
1 5486 14071 493
1 15837 24075 99
1 1917 26967 379
3 8831 10874
1 13640 27310 204
1 11528 18290 363
1 4825 30831 235
3 4322 11517
1 8807 31064 599
1 13593 26876 353
1 4423 26895 684
3 11618 31764
1 5537 18537 644
3 4453 27741
1 7916 12992 455
1 6504 28046 538
1 7410 29402 120
3 7978 16755
3 27583 29437
3 23061 29386
1 3773 20936 364
1 4132 22605 503
1 9924 18645 500
1 6216 23193 297
1 4969 13102 680
1 3888 12185 159
3 4333 25133
3 13956 30592
1 3994 25793 664
1 6304 31567 2
1 7151 30111 515
1 19662 23604 160
3 19907 27161
1 1096 21119 758
1 8863 10478 558
1 7498 17598 180
1 11621 26596 706
1 5278 29228 77
1 10821 19742 901
1 968 2563 353
3 18650 22955
3 1360 18210
1 12757 26785 422
1 7998 20769 23
1 30949 32651 894
1 5387 6582 128
1 9343 12386 202
1 6162 18043 588
1 5379 17124 309
1 5967 9694 279
1 23485 24633 404
3 4025 17963
1 18276 26708 497
3 982 22416
1 16679 24125 263
1 3603 20830 636
1 5277 15357 326
1 19019 25075 815
1 1337 9548 54
1 18809 20446 557
1 1571 6834 601
1 29632 31125 585
1 14183 16236 163
1 14255 26174 188
1 915 21194 871
1 8396 30239 111
1 3407 14748 848
3 8317 16565
1 25318 30004 930
1 3247 31027 427
1 741 5739 319
1 15836 25550 621
1 5507 32365 380
3 945 26749
1 763 13944 176
1 27443 28986 297
1 3186 9959 934
1 22434 23714 466
1 6188 26185 1
1 954 29171 808
1 9466 14813 1000
1 245 30035 335
1 11546 19024 952
1 16790 19569 788
1 15755 27492 65
1 3844 5943 666
1 10356 10380 847
1 11587 31557 46
1 447 26447 698
1 9835 10114 875
1 10184 23962 142
1 20285 32386 287
1 5415 7930 76
1 10366 17454 708
1 22035 26159 263
1 9797 17781 975
3 3510 12001
3 1033 5334
1 12564 30847 144
3 18235 25099
1 19263 26433 781
1 1883 25263 770
1 12727 26903 251
3 11343 28242
1 5168 29057 932
1 2699 6235 275
3 5128 15033
3 1208 24415
1 726 3559 469
1 7794 18862 155
1 22163 30124 886
1 22626 23955 112
1 10551 11025 618
1 10539 18484 670
1 12529 13319 306
3 24280 28047
1 18727 30958 432
1 8579 25170 521
1 12693 18159 573
1 18952 32032 294
1 6973 7574 536
1 20452 25359 166
3 6673 21276
1 5778 6987 640
3 8071 31361
3 15711 21371
3 2606 10218
1 15179 16317 61
1 10695 32368 231
1 574 20472 584
3 1068 1445
1 24126 28301 332
3 23946 28885
1 21846 27443 243
1 10483 26058 677
1 4379 14718 25
1 6695 9292 959
1 6555 10543 901
1 23667 26481 157
1 15335 19193 74
3 7898 26488
1 3642 13284 677
1 2480 22666 540
1 20575 29367 361
1 874 21028 423
1 20907 30337 193
1 1250 16835 367
3 11436 25124
1 1588 18263 399
3 7325 21955
1 9004 17611 306
1 18797 19054 909
1 11281 11335 969
3 23394 28805
1 12463 20839 399
1 32168 32390 389
3 2104 24843
1 5726 26564 129
1 11734 25346 83
1 12971 13827 576
1 20498 23176 267
1 9075 26463 57
1 8887 25599 704
1 16418 31797 303
3 12657 26096
1 16788 20484 953
1 8701 29299 416
1 6621 21954 282
3 21942 30100
1 8000 28495 925
1 24362 26929 805
1 2622 26355 562
1 6577 25635 239
1 6133 15746 313
3 20552 31653
1 22959 23529 627
1 696 24319 543
1 4028 22754 568
1 8693 14488 150
1 5556 23039 56
1 19001 20358 757
1 11407 26734 406
1 3639 17077 232
1 3267 31637 217
1 3969 20845 825
1 13587 13637 243
1 8473 13244 387
1 14364 32561 42
1 22045 26318 1000
1 6645 30786 809
3 10635 16420
1 3504 19804 827
1 5556 12488 35
3 17667 30255
3 26304 32248
3 13887 14405
1 18913 30429 80
1 21293 30775 348
3 1348 29650
1 17298 24930 441
1 2462 23537 921
1 26428 28252 266
1 3331 8609 47
1 27967 32001 73
1 1087 13230 881
1 23839 29557 357
1 27260 29956 813
1 7092 7456 942
1 17432 20847 126
3 15173 20883
1 19737 26869 869
1 10138 22486 472
1 13647 29595 807
1 7962 15142 249
1 16434 28579 298
1 1298 32627 849
1 25804 27179 713
1 1184 9696 475
1 14797 27042 433
3 326 23975
1 10218 18498 689
1 846 22982 217
1 4187 11584 22
1 19071 26684 81
1 862 21812 164
1 10345 20913 483
1 1714 26547 617
1 254 5715 854
1 3495 27676 903
1 1398 25062 78
1 14310 31180 380
1 8907 15424 76
1 5979 16693 466
1 59 2510 348
1 965 26445 256
1 3529 23565 910
1 19087 25782 631
3 4626 8891
1 21270 29135 602
1 10136 18690 293
1 2411 8773 116
1 3703 7322 453
1 1883 29304 533
1 14249 17561 453
3 328 26936
1 23496 26122 457
1 14398 22976 820
1 2423 26418 914
3 25896 31532
3 6751 20025
1 3224 24159 146
1 22082 24211 459
1 10324 12911 280
3 2806 3282
1 10157 32391 523
1 767 17918 320
1 7648 16635 797
1 11953 23416 713
1 9707 14179 315
1 12149 18144 222
3 20572 27046
1 29369 30907 509
3 13094 22392
3 10443 31941
1 22319 32001 38
1 6092 8331 548
1 3748 24989 768
3 9200 21239
1 3569 32293 102
1 3736 27404 202
3 2368 27003
1 20165 26948 767
1 667 25873 115
1 6620 8342 757
1 12429 14674 328
1 3327 13641 388
1 7946 23875 51
1 15911 19880 251
1 18634 21404 974
3 3338 26199
1 56 10239 228
1 503 1256 164
1 29075 32418 960
1 7647 15335 529
1 15513 18218 705
1 14282 28049 971
1 8619 21230 88
1 1331 7298 428
1 25713 31100 680
1 15997 18276 497
1 3347 31317 832
1 10427 29229 235
1 7975 18694 605
1 16002 28740 914
1 5345 29943 253
1 2483 24002 773
1 2972 16350 421
3 3253 26924
1 29363 30517 433
3 295 21746
1 2830 27590 372
1 24646 25746 777
1 319 32514 949
1 1783 2081 681
1 7602 28378 199
1 11694 20707 549
1 3956 15236 820
3 1387 16024
1 18184 22817 930
1 19677 22267 851
3 9310 23765
1 3023 17095 125
1 2401 18951 500
1 5365 18402 627
3 496 20904
1 2546 18074 745
1 8534 32189 677
1 20765 24226 78
1 14317 27064 174
1 3134 21418 34
1 15117 25315 390
1 4146 5360 961
1 9316 18356 98
3 1855 26654
1 18985 30450 626
1 28224 30845 426
1 2406 13792 424
1 9508 31801 265
1 7456 21978 42
1 15379 20336 335
3 20484 27995
1 21632 23130 208
1 7841 31818 380
3 640 10003
1 10635 23994 731
1 2524 26301 113
3 13722 25865
1 20443 23079 876
1 19851 23065 909
1 14136 29806 489
1 217 23120 605
1 1510 7438 135
1 10500 10789 534
1 6201 19528 98
1 5158 19165 878
1 23727 32140 197
1 9339 27255 403
3 10854 18433
1 14158 25514 97
1 10442 22222 101
1 2205 15735 541
3 24110 25500
1 11841 23495 641
1 3243 9663 582
1 15600 22767 176
1 219 21903 514
1 6567 17990 313
1 2379 27993 870
1 4232 14997 449
1 4631 14744 676
1 7195 20312 623
1 1021 4800 495
1 7435 28674 989
1 23341 32100 596
1 2057 4882 395
1 5279 21489 844
1 2619 23728 115
1 1249 26318 763
3 4818 15375
3 11974 21309
1 19191 21996 511
1 12438 23991 226
1 14714 15956 367
1 31807 32634 637
1 24736 32352 337
1 11341 11437 755
1 12435 22523 602
1 14047 21524 75
3 13275 30729
3 11922 32706
1 1177 5755 918
3 4051 14721
3 12521 21934
3 5670 15412
3 25551 30361
1 16635 30286 27
1 2186 17141 122
1 13712 19584 333
1 23941 25664 427
3 140 16578
1 11078 20588 704
3 6115 8554
1 6607 10470 698
1 17654 22288 31
3 13077 26198
1 6297 7958 431
3 6986 8370
1 18354 24022 591
1 3054 19158 130
1 16683 17862 378
1 30300 32335 248
3 19106 31991
1 1090 21191 857
3 18615 18672
1 2604 3557 165
1 2857 8767 968
1 1103 10797 843
1 10378 11988 658
3 8846 32000
1 5850 16584 260
1 7722 30194 552
1 7947 30586 463
3 9269 23462
3 1339 28004
1 21731 25472 2
1 23521 25964 797
1 22911 29977 60
1 4668 21379 777
1 8880 22363 221
1 16505 21750 803
1 24388 26007 524
1 8607 15995 34
1 21424 29041 152
1 206 7715 538
1 9197 11260 682
1 237 5810 818
1 11204 24695 33
1 4269 28316 815
1 28614 30287 603
1 27315 29396 624
3 28854 28857
1 2585 14750 747
3 24862 32126
3 7845 28150
1 13743 17805 313
3 21684 29417
3 15404 17317
3 2255 7880
1 13568 14629 315
1 17445 24980 560
3 11249 26438
3 15234 15831
3 4954 24536
1 9443 32198 492
1 5681 6236 284
1 5788 6420 732
1 4717 7918 346
1 11816 27901 986
1 22330 27120 494
1 6082 28161 163
1 15388 18595 654
1 3461 12951 791
1 24262 26483 853
1 8996 9844 329
1 3902 4816 455
1 5433 6722 411
1 16687 21723 728
1 3096 16326 343
3 14027 14728
1 12348 19032 746
3 7639 21647
1 19374 32026 468
1 2421 3860 93
1 19851 30078 492
1 7540 17207 318
3 19029 22444
1 7710 10589 755
3 14382 26593
1 13167 28269 90
1 1919 13322 405
3 1916 13086
3 426 3958
1 25664 31079 881
1 17792 20037 244
1 17955 22088 513
3 2687 19334
1 14687 20031 90
1 6119 26955 404
1 3286 8366 62
1 4320 18664 277
1 1610 5419 396
1 4271 11110 73
1 9038 13656 374
1 22016 30316 579
1 2400 30185 282
1 18087 26864 443
1 3695 16659 289
1 14463 21851 861
1 15668 25916 730
1 30816 32142 680
1 7365 8294 797
1 2389 5810 297
1 2181 31547 552
1 6432 30639 93
1 3142 32754 117
1 17588 22454 298
1 5707 31558 34
1 7352 11449 7
1 5302 12810 952
3 14828 23052
1 14712 22348 542
1 7757 21189 245
1 18018 31714 350
1 13082 13961 375
3 6193 14360
1 16892 25487 220
1 7117 14833 38
1 4246 8938 875
1 9391 27575 999
1 1054 15297 474
1 19971 30156 301
1 13263 13525 94
1 20852 22398 938
1 20640 24549 867
1 7602 14669 602
1 9609 17507 863
3 17864 22679
1 15423 16160 859
1 644 10918 413
1 657 13295 510
1 10841 28064 572
1 1526 17982 700
1 27993 29421 812
1 15880 29616 249
3 5584 29738
3 21256 26714
1 8942 17426 766
1 2540 11462 367
1 26376 32396 984
3 6170 31311
1 3670 25319 232
1 25832 32382 512
3 1650 5116
1 18756 31073 934
1 5977 19151 672
1 5053 12790 259
1 23996 32241 435
1 1948 23920 385
1 3161 11243 841
1 8458 20664 163
3 1355 17564
1 19708 32477 616
1 2440 30808 60
1 12517 12551 194
1 1236 2903 469
3 516 19631
1 19609 30642 864
1 11183 14479 60
1 17173 24282 981
1 9520 17434 657
1 10150 13576 244
1 11266 26020 550
1 7188 11025 271
3 3555 32598
3 10388 14274
1 3172 27317 782
1 8547 19032 533
3 17455 26013
1 3173 10864 660
1 10989 27619 891
1 1186 9749 916
1 27677 31314 662
1 8419 9312 137
1 9131 20121 781
1 9024 26836 418
3 832 6410
3 12516 17117
1 15627 31917 295
3 26376 30295
1 9242 27137 288
1 855 11698 945
1 16972 24590 798
3 23260 32087
1 14865 18041 89
1 5568 12966 744
3 622 20159
1 2058 9239 252
1 17345 21522 93
1 2288 12925 543
1 3199 3300 74
3 11131 27202
3 15084 23573
1 13110 25294 156
3 1267 27404
1 12852 18207 268
1 11565 22830 234
1 10125 10152 583
1 8101 29880 147
1 9149 10293 25
1 5280 10615 747
1 2922 29020 866
1 4163 16096 891
1 16172 26933 486
1 21794 27884 721
3 2854 26314
1 4759 22781 583
3 20295 23865
1 8171 16851 841
3 9124 12499
1 20573 22953 658
1 25683 29862 414
1 3064 27874 794
1 9910 32402 757
3 9711 22283
1 17089 27975 332
3 19778 26469
1 14000 27616 738
1 10302 20845 143
3 6478 17887
1 12457 21878 867
1 3782 21823 421
1 4049 7623 750
1 10468 25510 351
3 26889 32018
1 9739 11317 207
3 14810 22979
1 22950 30994 401
1 23733 25888 386
1 5357 10981 932
1 1103 22019 602
1 21689 27831 316
1 7295 18584 198
1 20112 28486 94
1 1537 21312 98
1 17508 32090 882
1 23020 32763 745
1 20284 29727 338
1 772 26133 945
1 23584 26935 535
1 8085 23367 914
1 7585 15412 813
1 28272 31168 323
1 12035 22125 802
1 3505 13401 837
1 16127 17212 386
3 15298 18585
1 9702 15039 577
3 2941 7985
1 5278 23607 857
3 5023 31736
1 11806 15158 855
1 1291 20072 294
3 1656 9453
1 194 8543 987
3 11961 27155
1 10292 32216 800
1 22265 25032 47
1 13090 14654 96
1 10776 26425 323
3 12986 15249
1 11902 31120 459
1 22369 30212 596
1 17957 23337 874
1 3770 30327 328
1 4859 5302 657
1 3737 11806 188
3 7612 8021
1 215 7539 647
3 9586 22635
3 8847 9002
1 1685 24855 950
1 18795 22324 765
1 8962 14308 138
1 19276 20930 772
1 11737 12714 936
1 25559 30191 443
3 14182 14784
3 10011 21911
3 5925 15445
1 22458 28964 819
1 4904 24800 495
1 11219 32109 557
1 5670 7539 219
1 2754 22665 223
1 11171 22126 767
3 4384 4571
3 18284 30087
1 1701 11951 365
1 5200 5237 582
3 770 17990
1 6938 28605 40
1 14934 26800 559
1 22988 25850 888
3 3285 8544
1 8762 27108 420
1 21050 30854 450
1 12086 14563 230
1 21839 28509 124
3 20065 31505
1 13169 14083 827
3 2138 26465
1 10366 24461 100
3 3684 4556
1 30341 31397 224
1 5242 28157 527
1 25581 30306 283
1 1819 12891 312
1 22241 26662 952
1 27077 29355 845
1 16501 18036 885
1 3259 20910 178
1 3910 29405 514
1 685 18382 124
1 14257 26829 389
1 18115 25625 42
1 3477 31430 439
1 22805 30400 55
3 8935 27336
1 4682 11059 354
1 16304 19831 780
1 18704 23711 854
1 9507 31658 847
1 8652 18254 325
1 24470 30795 599
3 19033 23594
1 7101 14265 169
1 2586 24165 371
1 14091 29651 250
1 6257 30655 593
3 8972 28995
3 19641 24896
1 7742 12228 311
3 17228 24284
1 9613 18189 907
1 9537 28119 534
1 6882 11695 383
1 6556 10017 440
1 13346 15461 811
3 4898 12731
1 23048 25056 957
3 14978 20986
1 1083 24163 957
1 109 27201 114
1 8609 10792 178
1 11833 22940 891
1 17556 28535 683
1 15112 24585 820
1 3305 31141 209
3 7676 27211
1 5859 21038 565
1 19846 26713 103
3 435 28761
3 2762 28269
1 23570 32631 810
1 10003 14911 857
1 10665 12915 862
1 7392 12539 2
1 22586 29108 717
1 9406 31391 771
1 2633 10816 525
1 13518 22432 930
3 1029 26955
3 11610 32058
1 4525 6209 46
1 19613 23066 823
1 2706 18798 831
3 9597 32540
1 18001 27963 698
1 10326 17502 432
1 15894 30427 947
3 18358 28857
1 26768 30497 194
1 17614 31830 697
1 1354 27740 309
1 1553 7968 967
1 10951 20507 136
3 1907 10563
3 1175 16287
3 6026 32485
1 689 6557 404
1 2045 30264 99
1 5819 24738 437
1 19095 24906 264
1 13254 13328 745
1 11945 17906 789
1 10297 29059 819
1 25117 32547 385
1 1641 12575 692
1 14734 17689 892
3 806 10763
1 2440 12611 412
1 1030 17855 201
3 9364 23710
1 10820 15219 119
1 4044 24516 39
1 9447 12128 904
1 5723 29858 532
1 5449 17269 585
1 6033 10890 213
1 1862 29947 971
1 1632 12079 230
1 6833 29437 798
1 16148 22043 897
1 20223 23962 507
1 7699 31992 305
1 19914 26245 523
3 1685 24537
1 5233 17743 773
1 13936 16229 104
3 15681 21231
1 9437 30121 958
1 8944 12001 178
1 9104 18089 989
1 9668 12190 575
1 17537 29495 578
1 7889 32757 701
1 13165 32672 868
1 2434 29664 693
1 23607 31621 302
3 18497 22869
3 5803 27761
1 454 5337 883
1 12695 19472 997
1 13872 32382 236
1 24561 25506 657
1 472 16850 741
1 8716 18886 501
1 4424 21188 311
1 6162 8324 276
1 1260 16279 335
1 29093 31274 908
1 13667 18327 452
1 17349 20060 560
1 2461 16372 52
1 15546 28973 942
3 15254 27146
1 19061 31455 659
1 13046 17154 59
3 20764 22374
1 1689 25764 535
1 7582 32163 684
1 3440 19478 520
1 9406 12470 344
1 6912 17113 278
1 10797 24341 759
1 7114 24072 815
1 9981 11681 236
3 5162 28760
3 2361 10813
1 21148 26603 914
1 29216 30766 660
1 12254 17252 322
1 4683 30867 864
1 6947 9196 212
1 4752 8780 200
1 12045 18282 23
1 11713 31506 550
3 993 31968
1 7088 8443 912
1 25637 30669 852
3 22924 26552
1 4591 11848 899
3 8169 25622
1 57 9994 599
1 11145 31900 479
1 18164 18185 642
3 8094 18795
3 11321 20473
3 14531 17348
1 9492 29704 491
1 6259 8055 539
1 557 28009 5
1 8436 16856 60
1 15272 15505 234
3 6244 23689
1 5764 10350 689
1 1731 22089 593
3 21932 27506
3 11903 27957
1 19310 28078 403
1 8155 11013 411
1 7546 8594 588
1 3583 12318 97
3 13795 19282
1 16381 25355 525
1 15072 18619 704
1 10832 13113 864
1 26436 29673 851
3 10256 31269
1 11776 20438 414
1 22137 29323 966
1 18768 31921 888
1 13426 30845 667
1 7333 20719 106
3 7126 12095
1 15910 20469 786
1 6477 8482 680
3 10376 19042
1 7329 15539 755
3 16085 25503
1 9950 20521 130
1 6134 17870 518
1 1947 13127 254
1 14278 25259 641
1 3452 10247 275
1 23714 32094 141
1 1495 16425 435
1 7680 28835 438
1 14148 29476 187
1 16560 30294 443
1 8585 28985 853
1 7905 17002 489
1 16233 21668 214
3 8582 27783
1 30631 32561 920
1 7893 32169 642
3 908 11170
1 2586 17444 633
1 31372 32063 956
1 24633 28276 168
1 18254 27884 417
1 3035 3177 453
1 207 5857 582
1 14794 28870 535
1 813 13962 949
1 4983 24671 688
1 15920 31711 634
3 6455 25306
1 6801 10285 671
1 6690 21723 974
3 16282 21831
1 13357 22147 384
1 10366 30493 862
1 988 14944 698
3 13238 29415
1 6523 26744 878
1 30551 30637 452
1 2416 4412 161
1 14467 17645 780
1 7219 27106 983
1 20419 30625 922
1 2840 25660 885
1 7899 24822 808
1 5598 11017 94
1 9186 16543 537
1 7177 14233 999
1 14069 26146 166
3 9457 22723
3 3123 8505
3 2801 32666
1 18586 28105 131
3 13758 31230
1 10529 13355 442
1 23071 28432 741
1 1174 29776 356
1 595 7480 680
1 20207 26382 274
3 10319 22605
1 3415 24864 770
1 6896 9933 127
3 1319 11162
3 4983 8260
1 6271 12754 252
1 23570 26049 604
1 7487 18339 581
1 24937 32563 249
1 18469 25152 600
1 708 27515 164
1 31685 31967 517
1 22933 23115 302
1 21719 31756 536
1 1516 11699 533
1 2829 12238 32
1 3592 28042 875
1 4747 30006 521
1 2382 20346 501
3 10320 19694
3 19777 27212
1 1397 16342 255
3 7864 30151
1 6561 9967 746
1 17650 21786 83
1 6628 17081 594
1 899 21327 420
1 461 19212 695
1 20923 24894 733
1 21633 22797 306
1 17230 19243 417
1 466 1614 51
3 2771 17166
1 3199 9824 852
1 1298 24475 142
1 10369 10752 346
1 11535 19481 647
1 24768 27842 940
1 797 5686 921
1 6151 17307 70
1 2904 14642 99
3 1331 24420
1 24726 25541 184
1 9263 14755 809
1 27816 32114 1000
3 2218 29160
3 13556 31218
3 6593 9016
1 3412 32462 752
1 11022 24129 99
1 1366 8346 869
3 2487 14526
1 4216 20613 453
1 12509 21739 916
3 12850 20263
1 7750 10515 751
1 26733 26898 947
3 13051 28468
1 16427 25137 56
1 7163 21033 423
3 28710 29097
3 22148 29827
3 6248 32162
1 17611 31708 287
1 20443 32482 524
1 12607 13127 333
3 2348 2938
1 2879 21520 842
1 7118 27162 105
1 20990 22374 185
1 17334 18902 401
1 20900 30048 293
1 14642 15889 85
1 694 17234 292
1 8169 12395 279
3 20123 30277
1 21108 28716 29
1 15312 18292 118
3 20093 27187
1 16237 21151 448
3 3188 6311
1 6402 18961 145
1 17186 19427 307
1 18971 31083 389
3 431 2454
1 2407 26943 402
3 605 32496
1 8868 25532 804
1 13149 16592 910
1 988 14378 226
1 3654 7440 651
1 12558 14398 279
3 10177 13035
1 14502 18825 132
1 16448 31128 913
1 12125 27658 40
3 25618 25998
3 638 18351
1 9902 16298 903
1 15506 24630 146
3 16395 25414
3 23063 25131
1 17959 24174 138
3 2323 12890
1 418 19526 207
1 9706 26366 266
1 11932 31731 806
1 8786 32762 296
1 2891 16997 836
1 9756 16750 566
1 6967 27460 166
1 12743 13640 171
1 11675 12222 603
1 23412 27278 665
3 3674 16528
1 13074 26318 404
1 21205 27048 172
1 72 31875 695
3 835 20381
1 11357 18809 723
1 296 20223 65
3 11721 27928
1 5687 6815 108
3 4644 27711
1 22994 27294 266
1 20043 25679 657
1 3445 8380 187
1 4610 25040 188
1 24002 26046 439
3 3488 31909
1 18 3249 401
1 1118 3890 766
1 8004 8826 945
3 27155 31021
1 471 11624 355
3 14115 21189
3 11050 12008
1 4823 8981 189
3 5408 16639
1 13311 28831 40
3 9661 22642
1 7702 22323 602
3 2102 13242
1 7676 31030 105
1 11190 11930 291
1 2964 7432 147
1 15972 25246 21
1 8162 26879 751
1 12191 22821 792
1 28727 29287 79
1 14137 25156 655
1 9014 24467 697
3 16337 31009
1 14234 16585 310
1 5805 6512 261
1 6507 22307 774
1 30110 32240 734
1 19877 21574 467
1 23282 31878 173
3 7795 20544
1 769 28850 517
1 22677 29820 115
1 14919 18295 57
1 24726 29302 212
3 8745 12735
1 11309 14067 366
1 13355 31279 259
1 8405 17353 793
1 2073 15931 377
1 9992 19764 839
1 4712 20576 506
1 5438 17327 58
1 6258 31251 229
1 11594 28882 675
1 5891 30542 787
1 15109 23462 741
1 18262 25751 442
1 18078 31063 392
1 13036 32290 858
1 16947 17049 199
1 6906 27496 194
1 28327 29141 387
1 3437 15652 980
1 8107 16923 374
1 19382 31109 252
3 5183 31145
1 24904 30944 701
1 2660 4294 445
1 2812 18972 784
1 8454 16375 247
1 10544 28373 851
1 6379 32337 864
1 3843 7615 146
1 4133 22115 585
1 20507 27236 617
1 1385 15090 133
3 2368 27520
1 18478 23598 663
1 26918 31051 318
1 1091 10525 408
1 23481 29783 759
1 625 7792 868
1 3571 8790 734
1 15201 19337 683
1 20641 31365 637
1 15309 27252 15
1 4100 12517 544
1 16556 28341 783
1 17495 24755 960
1 5824 12481 757
1 2532 28501 961
1 30392 31957 217
1 13943 20967 204
3 26634 31519
3 10275 26048
1 8015 21725 374
1 30982 31109 604
1 13070 29238 372
1 14232 26153 440
1 2982 27123 900
1 16132 30312 434
1 28020 29124 597
1 5301 8064 872
1 20926 31851 279
3 115 9166
1 26274 32459 465
3 14048 28997
1 1292 16049 644
1 3751 19604 907
1 26946 27221 790
3 2558 17608
1 8811 20450 773
1 16624 24324 412
3 7431 26341
1 26476 27130 216
1 8841 11366 534
1 14554 19510 296
1 14386 24431 218
1 17177 25153 629
3 11997 22221
3 21227 30168
1 24204 31193 8
1 1865 15942 371
1 6857 8241 572
1 18105 22608 190
3 5984 21160
3 3647 29240
3 18422 23785
1 15485 17256 492
1 14201 28806 446
1 9722 16508 827
1 17216 18428 212
1 3922 26882 293
1 2545 29719 116
1 15085 19887 31
1 8197 30596 972
1 5363 24905 895
1 14597 30010 664
1 14635 29140 603
1 9572 24986 620
1 7621 23747 442
1 11847 13740 531
3 27417 30262
3 7440 12638
1 12591 21931 703
1 2601 8014 393
1 13252 27886 250
1 9848 29892 948
3 18843 24497
1 14726 24007 576
1 15347 30422 488
1 2748 18276 39
3 1708 20174
1 4868 7827 746
1 10574 28727 218
1 22315 29673 540
1 1399 31333 465
3 8836 9279
3 13358 31178
1 3980 18632 905
1 19209 32394 732
3 17644 32121
1 6762 22766 879
1 2664 23459 438
1 4855 21735 794
1 8695 26186 302
1 27224 32549 707
1 10676 21079 284
3 18463 32075
1 10110 17758 306
1 8821 10831 814
1 2309 17680 801
1 12899 24839 263
3 17289 27114
1 11745 27092 24
1 13127 16724 866
1 11749 25160 395
3 8825 22188
1 23701 30657 107
1 545 30967 194
1 25901 31641 517
1 14325 25806 933
3 26947 30128
1 1963 9390 186
3 8688 24992
3 11347 23006
1 10718 16470 836
1 22319 31384 188
1 4612 26063 107
1 4803 22178 646
1 18193 19617 412
1 29245 29930 110
1 30588 31368 341
1 1266 17799 576
1 17734 23276 94
1 23696 28910 944
1 5756 10592 587
1 8849 28036 557
1 17835 23598 581
1 16809 24873 288
1 17798 31671 514
1 3702 25484 442
3 1035 6723
1 1148 10666 367
1 11915 17468 651
1 2085 2776 391
1 25466 31801 876
1 14446 17185 595
1 7182 17254 416
1 22344 27951 589
1 21424 22436 452
3 6068 8629
1 4452 11421 555
1 18881 20934 719
1 18531 31241 62
1 12346 28176 414
3 317 30933
1 30594 31268 235
1 3634 5065 870
1 11138 18739 617
3 15399 21517
1 19773 20852 40
1 7241 19738 179
1 775 22090 10
3 21416 25650
1 28053 31804 91
1 17884 20967 682
1 7695 15328 37
1 4946 22585 848
1 9890 17349 32
1 17739 22938 384
1 18396 31125 467
1 1931 28140 425
1 19634 25900 789
1 10076 10145 862
1 9555 19650 837
1 15030 21396 230
1 6330 6748 339
1 8780 15868 901
1 6383 32392 900
1 6954 18387 625
3 13126 22308
1 31059 32331 834
1 1230 3031 360
1 9135 26378 208
1 11861 19095 901
3 7338 32502
1 14394 22838 89
1 26870 28665 161
1 9619 32118 421
3 8590 32033
1 10126 12530 323
1 3323 13038 19
3 8060 27440
1 6654 25931 92
1 24925 26992 551
1 6161 26941 57
3 9781 11976
1 2851 3157 277
1 1199 15540 415
3 4424 24621
3 5401 26673
1 26134 31020 696
1 17044 19762 28
3 1179 19378
1 25552 32559 412
1 6609 25477 669
1 1487 17054 113
1 3134 24076 181
1 17589 22572 484
1 10914 13408 938
1 12402 17001 160
1 244 24820 975
1 5735 10251 393
3 3706 19463
1 13292 22887 231
1 11618 16970 398
1 21821 25251 253
1 7146 28307 389
1 1679 20597 624
1 15711 24552 406
1 11539 12590 772
1 22702 30651 24
1 9048 19513 599
3 13863 18962
1 15052 17239 500
1 2044 5824 634
1 21295 30906 647
1 4119 22519 713
3 7855 23616
1 1124 6469 738
1 9186 26265 975
3 12814 17105
1 12438 15860 150
3 22778 29735
1 14284 30048 19
3 13364 30925
1 10281 22129 719
1 3908 21147 190
1 6235 30446 44
1 16830 18697 357
1 26289 31458 837
1 22049 29121 901
1 5566 27232 849
1 1751 31947 198
1 10304 15530 146
3 27991 30202
3 17687 20387
1 1285 22806 965
3 11311 21770
1 26254 26937 570
1 12661 31252 3
1 7869 31314 459
1 7423 10059 228
1 5499 14082 943
1 3576 5912 56
1 19095 28502 94
1 29298 31971 582
1 6927 31273 360
1 6535 19591 890
1 18950 24358 275
1 5941 31086 43
1 27513 32535 578
1 22119 26514 550
3 29824 30371
1 7608 23812 661
1 28227 32014 172
1 2845 16416 795
1 21825 24144 357
1 7755 10556 379
1 12072 27549 12
1 4718 30361 994
1 11829 18734 296
1 12328 18132 129
1 16734 32732 697
1 11104 23074 522
1 533 32345 80
1 713 20927 454
3 8865 31197
1 26020 29639 742
1 9368 12681 965
1 36 2722 182
1 5013 18365 177
1 15688 16352 463
3 9144 23803
1 7498 19526 659
1 3789 17754 331
1 3025 16227 990
1 13733 23527 85
1 17037 21237 954
1 15797 17328 630
1 1718 27327 57
1 9925 24726 443
1 1578 3319 610
1 5621 29624 293
1 16070 16876 633
1 10602 16071 298
1 2208 12491 220
1 9637 11701 546
1 272 15256 103
3 4308 29273
1 7866 11315 577
1 31671 32051 139
1 12384 24727 559
3 4513 13444
3 28943 29781
3 1799 24389
1 24779 29457 633
1 15459 29909 96
1 1388 24093 623
1 21763 30638 763
1 17052 17491 349
3 31729 31965
3 19195 22460
1 14077 25627 557
1 5753 10861 278
3 10610 30978
3 19439 20197
1 27771 29414 689
1 9838 25122 533
1 4472 7955 419
3 21420 24480
1 7902 8602 228
1 13257 22039 701
1 8691 29428 750
3 2539 24181
3 22999 28150
1 986 6623 573
1 1140 27371 449
3 2239 20111
1 18664 28951 801
1 21671 26690 236
1 22028 25520 557
3 5769 14233
1 22201 26960 703
1 3745 8497 321
1 823 15308 410
1 8067 21792 977
1 21969 27838 554
1 22237 26474 285
1 13135 27134 885
1 4194 31895 28
1 10810 21401 669
3 10739 20601
1 2099 4365 260
1 1355 14555 398
3 28630 30018
1 12445 28084 737
1 4606 24077 51
1 9413 27604 589
1 11774 15829 788
1 15295 31039 884
1 23564 29783 767
1 23643 24588 875
3 4423 16599
1 18056 30770 389
3 2611 27427
1 6461 12049 934
1 9082 28476 247
3 9438 22956
1 2383 20332 644
1 4794 14553 304
1 11520 11674 133
3 13959 21103
3 2499 23654
3 2889 17293
3 9793 17692
1 12810 29379 955
1 5095 26279 751
1 25939 32105 44
1 5751 26240 775
1 3900 28878 831
1 18811 26286 859
3 6783 11298
1 13237 28151 793
1 197 23991 548
1 12916 24190 119
1 21238 31635 467
1 25107 27624 966
1 3312 22385 495
1 15124 24243 450
3 3018 8568
1 19840 27649 836
1 16966 21272 409
3 15836 17537
1 22546 30896 384
1 1611 24624 838
1 23558 31583 908
1 16192 16879 879
1 2841 13765 165
1 14257 23528 219
1 1742 29756 816
3 3465 12201
1 15295 23487 553
1 2891 29670 603
1 3368 31264 352
3 16669 17752
1 7099 22615 827
1 1521 20264 879
1 27306 28743 369
1 3380 12374 171
1 19926 23757 519
1 5769 6497 290
1 1065 18534 332
1 953 32422 111
1 7882 8078 662
1 9812 19056 408
3 1494 9983
1 2553 18785 143
1 9537 20913 902
1 6340 15079 832
1 10791 21872 144
1 17060 23812 794
1 7329 27016 14
1 1912 20290 264
3 4807 21754
1 3965 24421 537
1 16759 26594 227
1 24999 27516 938
3 19798 24310
3 7211 18903
3 22767 23137
1 5113 6277 438
1 5443 6741 512
1 13796 19476 583
1 21427 32001 7
1 16893 24283 191
1 4844 12921 313
1 2118 10877 19
1 3917 22641 350
1 18037 23941 845
1 17485 24479 7
1 8893 30615 145
1 20363 20391 302
1 1565 17956 864
1 5786 10323 452
1 23009 24041 56
1 4990 31761 920
3 20474 27028
3 17273 28979
1 10847 11975 251
3 7955 26961
1 16118 19117 132
1 5109 28004 500
3 5658 22458
3 8294 12279
1 25916 29123 887
3 4763 29425
3 16581 21718
1 7591 17014 498
1 6222 27741 104
1 11705 13741 214
1 7947 9451 401
1 9653 16572 580
1 19913 28454 937
3 20299 21847
1 8160 19163 161
1 10214 25890 77
1 9279 26972 658
1 9615 21416 965
3 17714 22121
1 107 749 484
1 29199 32227 829
1 11431 20815 422
1 15697 31939 267
1 15811 24904 302
1 2802 18318 110
3 11424 14519
1 2387 5760 413
3 10784 23937
1 1543 23595 166
1 9838 21476 375
1 20005 31198 830
3 8974 21780
3 25746 28334
3 3574 28710
1 2101 12206 183
1 12482 29882 48
1 3871 6308 379
1 14121 31255 481
1 7041 8233 295
1 17756 31568 113
1 1883 25784 878
1 11228 21424 12
1 8788 15747 270
1 6637 10644 163
1 2303 29217 609
1 522 18683 585
3 9028 11059
1 15402 25352 256
1 6410 7534 630
1 18434 23455 938
1 16074 26090 414
1 9228 22823 108
1 22982 27374 850
1 480 17175 588
1 16319 32706 424
1 11733 17627 246
1 3047 10867 759
1 4991 29789 992
1 10982 13010 495
3 18621 20977
1 4863 7034 933
1 1688 11387 272
1 11857 18444 125
1 9825 12811 662
1 9530 31929 755
1 11647 32435 946
1 6229 28190 219
3 23262 30247
1 13438 31872 784
1 9197 22370 650
3 19137 25269
1 3733 6958 993
1 7063 21221 932
1 16461 26980 620
1 22231 32104 765
1 5840 12869 370
3 17126 24844
1 12773 28095 974
3 13845 28958
1 14561 15571 218
1 20006 24507 794
1 18660 26034 599
1 14307 17927 254
3 5350 18075
1 5809 10837 346
1 15615 22768 749
1 1023 1834 141
1 415 19727 1
1 16858 29049 337
1 3800 32722 779
1 29984 29999 8
1 13160 27999 350
3 15408 16808
3 11460 19186
1 7066 17959 391
1 5553 18626 607
1 14035 22714 151
1 24218 27653 474
1 12878 18967 355
1 7704 25300 857
1 3459 30111 164
1 5206 10138 328
1 5405 21430 919
1 7992 12990 836
1 17655 29389 461
1 15307 17465 8
1 2246 29100 922
1 17209 20893 915
1 10388 11781 398
1 9762 21951 472
1 14290 20565 167
1 14708 28382 253
1 2776 12655 388
1 5479 19109 388
1 20145 32168 908
1 11973 14313 341
3 3521 19252
1 3818 11868 140
3 5460 19030
1 9022 9320 163
1 582 29418 533
1 7410 13253 632
1 11651 30391 277
3 6561 14116
3 326 10480
1 11640 27632 626
1 1895 10431 248
1 7590 16047 396
1 2729 15271 765
1 27774 29306 704
3 14729 26432
3 16524 27557
1 6691 30495 807
1 11388 26819 313
3 21355 27613
1 18613 30712 235
1 19690 23903 87
1 29412 30668 600
1 28837 31108 707
1 19425 21006 330
1 3448 15592 327
3 5224 25166
1 21103 22239 293
1 19156 22023 466
1 16243 26710 96
3 15243 15971
1 29408 32756 936
1 3880 4741 217
1 16206 19708 464
1 9897 30076 10
1 8914 24430 152
1 6871 28490 45
3 389 22721
1 60 3829 10
1 5283 26239 801
1 11977 20768 361
3 7538 7814
1 2012 30439 366
1 1782 16898 868
1 8786 20749 932
1 10920 16391 89
1 16611 24898 52
1 26859 27724 788
1 5602 15606 404
1 23753 27993 317
1 18237 18780 518
1 2560 20442 393
1 22942 32573 393
1 1773 15281 49
3 16030 27599
1 19686 30535 405
1 3206 17312 501
1 19017 26542 644
1 1457 9099 511
1 16765 18463 102
1 13450 25048 428
1 8484 23663 438
1 22859 28990 282
1 13989 29027 986
1 2810 16095 929
1 24518 30232 509
1 1189 8205 621
1 6184 6541 421
3 13761 23788
1 12743 25675 284
1 17574 26161 487
1 7332 9147 847
3 8463 9764
1 7399 20483 370
1 317 16551 883
1 4494 27088 834
1 18589 19086 302
1 6913 8802 232
1 10338 19407 224
1 15250 31649 687
1 9067 29406 541
3 17750 23204
1 8139 20559 123
1 5837 17304 83
1 18317 18870 581
1 2975 31288 131
3 13378 26132
1 8945 12907 691
1 20967 23967 759
1 25020 28648 542
3 10659 20139
1 1051 7863 543
1 30285 32596 297
1 1113 24838 254
1 8953 25868 504
1 25777 28181 453
3 21755 32521
1 7594 21334 940
3 10088 13129
1 17980 22387 400
1 11772 12318 989
3 18807 22211
1 7682 12693 199
1 10221 32312 444
1 14520 22122 647
3 14804 23854
1 20941 22731 217
1 12740 23451 972
1 22303 31009 179
1 5503 11778 341
1 25022 31986 550
1 3892 28779 865
1 111 22121 834
1 23429 24080 219
3 5918 31263
1 27746 31673 374
1 2613 5262 500
1 396 11384 420
1 12067 29853 104
1 5163 14252 682
1 287 26339 316
1 11449 11889 233
1 5906 18732 443
3 8907 16833
1 420 22788 160
1 21354 27032 284
1 2502 13137 171
1 11127 31057 809
1 10906 32553 678
1 25818 28897 998
1 5828 26977 988
1 25475 28129 536
1 22866 28221 710
1 6019 7452 41
1 3163 8657 367
3 10839 15435
1 15352 29744 268
3 14268 26378
1 5678 7989 81
1 3356 20118 829
3 13800 22319
3 8038 10464
1 12514 25277 963
1 18029 27892 610
3 1223 16373
3 5094 31769
3 27710 32756
1 8333 23369 115
1 1795 7366 395
1 7172 29959 17
1 9736 19822 726
3 13404 29275
1 2754 22886 379
1 11659 31736 920
1 5844 9284 224
1 144 12331 334
1 18790 20958 74
3 7263 28508
3 17145 22715
1 7193 12962 306
3 10591 14657
1 17911 31234 697
1 27931 29193 640
1 279 6572 8
1 2456 30063 440
1 9715 29178 635
1 14460 32531 215
1 4505 9832 369
1 2115 18530 207
1 975 4916 133
1 2390 14800 788
1 23712 29389 88
1 653 2396 1
1 5035 10631 901
1 8426 15828 187
1 12772 28376 739
1 20329 27136 253
1 20555 20899 39
1 26552 28404 562
1 1797 11294 991
1 3241 29843 22
1 25741 28576 360
3 18758 32131
1 23133 32069 355
1 22582 22649 926
3 4921 9321
3 10005 17029
1 1443 18762 800
1 11361 32677 278
1 12111 16776 965
3 15043 26509
1 2383 17169 918
1 25352 26239 609
1 22952 26197 281
1 16237 29361 248
3 9205 25363
1 18991 21123 183
1 15146 19957 944
1 5904 12025 479
1 12122 20702 526
3 2634 3542
1 18156 21983 813
1 9346 15143 529
1 15327 23209 450
1 3737 32209 831
1 16022 31185 249
1 2469 4631 796
1 2926 31747 253
1 425 8124 499
1 6935 26067 88
3 20261 27578
1 12486 27561 153
1 18496 22378 24
1 19866 20529 450
1 8667 19267 874
1 20923 31581 160
1 22811 25143 799
1 8060 13950 164
1 16347 17399 553
1 18308 21025 419
1 21816 24585 425
1 12840 21443 270
1 16652 31055 713
1 8765 10741 547
1 2336 22484 64
1 6993 23851 369
3 1329 7110
3 14654 23028
1 11065 30759 999
1 25712 28388 599
1 9332 26710 436
1 6081 26883 449
1 19778 24826 93
1 10607 19812 100
1 1445 10095 27
3 11025 26902
1 5308 7213 389
1 9705 20671 458
1 24568 31340 863
3 5314 12170
1 625 5847 350
1 12557 31415 163
1 22458 27419 863
3 8542 13349
3 19564 29353
1 6141 8241 472
1 17183 25359 748
1 2380 19473 122
1 13233 16548 815
1 17046 31885 104
1 1528 26125 925
1 7518 29760 436
1 14804 17623 353
1 5619 25935 516
1 7143 20383 980
3 22467 29724
1 1033 6810 623
1 24276 28488 221
3 12690 19470
1 24690 25115 544
1 13035 29113 766
1 2420 27569 734
1 13210 31968 465
1 15604 30799 70
3 9031 19214
1 23863 30291 606
1 6056 24127 545
1 25831 32654 758
1 2827 10714 602
1 24980 29309 570
1 9986 29520 902
1 4668 10526 547
1 849 9781 1
1 6026 27958 652
1 21154 23086 934
1 14477 22180 69
3 25522 25794
1 7289 12403 268
3 26119 26222
1 4381 31387 197
1 18235 29159 134
3 9854 30835
1 14044 25352 89
1 15678 18089 337
1 12535 30369 249
1 3119 25319 737
3 5698 10827
1 6564 20453 950
1 63 28101 577
1 19398 19868 256
1 3983 16180 332
1 18117 27618 386
1 6514 22352 436
1 23936 30684 94
1 21 21006 883
3 9398 25038
1 13420 21116 53
1 180 29534 20
1 5293 23841 890
1 21920 28116 313
1 4662 23251 301
1 17910 23423 344
1 1829 6940 145
3 5677 29341
1 7791 24815 131
1 8140 9452 989
1 10278 12224 383
1 25129 32146 366
1 21105 22134 90
1 16463 21055 973
3 84 27147
1 1779 26145 360
1 19517 20030 332
1 2795 29304 895
1 24894 27631 574
1 13364 19238 89
1 14225 29954 426
1 1725 31834 47
1 2651 29790 737
1 9946 30585 701
3 8639 11523
1 4417 26522 490
1 12610 28194 480
1 22027 29264 721
3 21202 22237
1 21692 28096 883
3 14029 30843
1 13446 32738 235
1 5362 16199 885
1 7258 15795 296
1 8408 20454 328
1 5958 9035 568
1 15911 31910 115
3 869 15218
1 896 25667 978
1 11473 20090 171
1 21664 32106 457
1 8952 20926 830
1 7783 18325 930
3 1245 13216
1 868 3980 478
1 14479 27987 560
1 2 4025 651
1 19579 28528 272
1 5302 25364 302
1 1831 23490 999
1 2850 28629 545
1 8602 14709 358
1 19176 31661 30
3 15642 23156
1 2713 26383 640
1 7105 29280 363
1 25912 30765 412
1 21904 27784 622
3 12032 22763
1 15778 25508 855
1 14203 14472 106
3 15311 20733
1 13333 13688 533
1 6794 11003 939
1 4895 32399 26
1 2635 21619 80
1 3052 29761 496
1 10182 14568 542
1 4327 11072 362
1 6361 24136 905
1 24754 27420 673
1 7379 26529 748
3 5809 25790
1 2360 31046 944
1 203 12146 930
1 1120 23812 439
1 16515 18975 441
1 1843 32763 589
1 2385 29134 826
1 10916 18081 127
3 1944 17637
1 26034 30497 627
1 11380 11836 781
1 7405 17166 792
1 9914 25367 864
1 1613 19774 104
1 7088 9800 55
1 6220 30666 643
1 9073 12755 548
1 1302 6126 420
1 1631 25035 646
3 11866 24895
1 2003 22903 885
3 1162 17472
1 8990 17960 386
1 7511 21970 351
1 6368 11406 902
3 14294 26332
3 21052 27210
1 17723 19912 182
1 1818 8441 273
1 11859 29831 573
1 8663 21106 994
1 7706 14380 193
3 22284 31066
1 1634 23829 226
3 23468 25774
1 2434 7146 120
1 15597 28237 554
1 27067 28326 61
1 2595 20670 369
3 5116 24102
1 2499 15464 13
1 7282 23691 757
3 8073 12818
1 11030 19393 407
1 4325 29098 516
1 749 24176 916
1 13242 20691 608
1 8600 26896 493
1 9141 30455 129
1 6497 10087 395
1 4366 13183 626
1 1965 26876 778
1 17631 32580 954
3 13371 20689
1 5947 32306 916
1 23362 25549 17
1 21061 29182 701
1 7035 18310 602
3 24638 29174
3 3825 29979
1 17092 20587 798
1 1826 31648 883
1 11471 23121 798
1 5919 12508 964
1 12513 21488 137
3 26149 29974
1 8736 10908 113
3 16821 16970
1 2971 29483 395
1 22267 23788 507
1 2265 10456 673
1 7479 26002 301
1 2106 20678 283
1 8839 16484 824
1 3201 21624 956
1 26427 27347 825
1 75 3918 380
1 5959 6628 217
1 1545 2442 451
1 22888 26122 916
1 6085 17295 82
3 12353 17675
1 9456 27181 638
1 26819 31984 168
1 5907 19342 888
1 4159 5956 357
3 18444 22507
1 8995 23521 448
1 13325 32236 560
1 18137 28206 7
1 22438 27705 752
1 7014 17665 157
1 1506 5682 299
1 23494 28927 301
1 18751 31702 616
1 17584 25482 183
1 4395 24623 391
1 1847 16166 774
1 2456 9400 752
1 3733 13472 722
1 8532 22027 299
3 10312 24063
1 7221 15411 249
3 4755 10682
1 21491 24485 625
3 8619 12375
1 3452 31582 948
1 14006 24012 466
1 11635 24103 414
1 27403 28138 983
1 10983 12494 87
1 1742 12138 708
1 24826 27042 655
1 606 6730 188
1 24166 29423 316
1 6251 27468 311
1 17918 24962 126
1 323 12206 969
1 19043 28660 68
1 7305 17011 199
1 12562 21142 197
1 124 17429 669
1 4713 11889 672
1 15648 15973 242
1 15417 19893 485
1 7848 10524 562
1 22007 29317 521
1 19155 29566 595
1 6858 29673 950
1 25427 26868 249
1 4172 15887 169
1 19342 21070 947
1 8149 20479 458
1 26335 32380 988
1 20833 30644 120
1 16532 16786 226
1 2819 27051 946
1 4331 30416 18
1 10719 24296 463
1 1741 7648 394
1 15427 29149 215
3 10331 16717
3 1209 5162
1 2570 24967 49
1 16539 17805 484
1 14257 20723 421
1 4955 10182 89
1 410 27027 757
1 5974 16687 417
1 12658 27096 500
1 4327 27350 56
3 6207 6963
1 16101 17608 774
1 1069 24155 375
1 4534 14619 699
1 19441 20484 349
1 13200 22316 753
3 1118 24964
1 17118 23363 871
1 8533 23966 488
3 6580 16988
1 1771 13455 772
1 8844 26034 90
1 11041 20381 523
1 4410 31657 805
1 463 12225 60
3 10553 20671
1 4811 26767 416
1 15860 19658 593
1 3543 4866 9
1 18285 32318 914
1 14409 20074 550
1 11879 14270 577
3 6862 28880
1 4708 28997 171
1 16096 32015 250
3 1068 26521
3 16828 20220
3 26003 27908
1 13040 15112 337
3 21885 22233
1 16253 21524 837
1 12386 27657 830
3 8841 10947
1 3496 9198 104
1 15617 26526 344
1 2727 10656 656
3 11518 26036
1 10466 11801 593
1 27128 31123 680
1 6725 6961 860
1 15023 24898 640
1 15794 24849 544
1 3586 29975 904
1 25095 29146 276
3 4825 29381
3 11755 27957
1 11039 27521 227
1 3180 24639 631
3 28634 31757
1 15501 24506 524
1 3425 24820 840
1 1748 12223 593
1 16564 31443 392
1 1171 2588 719
1 5597 23710 390
1 1968 5651 531
1 156 5159 631
3 9847 10520
1 19898 30157 226
3 5092 13503
3 4959 27144
1 21023 28645 706
3 26636 32501
1 23133 24170 136
1 1864 32094 924
1 1385 17823 770
1 14806 21976 408
1 9179 14350 608
3 30048 32437
1 6757 18684 280
1 4368 24316 781
1 550 4935 817
1 14839 32412 133
3 805 6090
1 13269 19219 633
1 809 16248 423
3 3368 18127
1 11085 32323 655
3 16771 25733
1 1189 6056 991
1 11625 23870 177
3 12969 30101
1 3325 31152 510
1 2706 12817 321
1 6526 31051 85
3 3301 16755
1 12054 23957 828
1 16999 29204 109
1 23869 25717 694
1 2812 11567 724
1 1023 2685 58
1 22646 26158 252
1 11510 25425 529
3 17167 20829
1 16670 17295 444
1 8494 18893 706
1 10482 12477 492
1 545 17381 583
1 6224 23409 970
1 13584 24875 392
3 22999 28459
1 4624 13698 700
1 4515 15901 272
1 13984 22345 925
1 8343 24831 529
1 23050 25522 343
1 31259 31267 363
1 8215 30406 496
1 895 16953 543
1 18217 31761 755
1 15820 26575 315
1 181 32031 919
1 1819 9468 935
3 15634 23734
1 4194 18470 639
1 10043 21645 912
1 17497 22168 314
1 2345 31837 122
1 2011 27476 775
1 27049 32365 943
1 9890 19995 15
1 10916 16046 238
3 5555 32475
1 6908 28869 634
1 2665 7846 622
1 3726 23651 742
1 16343 18882 80
1 11113 16234 813
1 19099 19992 592
3 1819 19132
1 9487 30767 544
1 10834 29779 30
3 14669 17586
1 2184 22248 747
1 7756 21061 757
1 13259 16341 895
1 16464 21004 320
3 5382 11762
1 1123 8473 635
1 18057 19556 202
3 22321 30234
1 693 10249 69
3 8305 24194
1 2115 18159 919
1 23084 29797 9
1 12250 32409 859
1 7682 8971 317
3 2445 5244
1 8218 30792 441
1 11811 21243 670
1 9219 21863 984
1 2961 8000 809
1 6582 29104 404
1 4820 11754 380
1 6252 22522 240
1 3673 10118 945
3 14071 16156
1 2783 17572 723
1 21439 24949 253
1 8579 23815 426
3 20284 29183
1 14751 16452 845
1 3910 12544 971
1 1180 23847 74
1 15802 22698 367
1 14500 24066 326
1 773 30002 192
1 16609 17224 802
1 13620 18807 217
1 5180 17415 93
1 17567 31715 827
3 15047 22392
3 17158 29670
1 10594 21202 402
1 11325 23505 472
1 25302 32138 178
1 20789 27075 817
1 16404 28506 565
1 1892 14006 463
1 9051 24883 517
1 10726 11687 558
1 5494 25871 198
3 16111 28055
1 18234 24030 613
3 18713 19089
1 22066 23206 717
1 551 23718 571
1 4388 25369 283
1 18828 23692 814
1 17362 30203 751
1 27036 31456 401
3 449 27126
1 1323 14723 970
1 16707 18537 476
1 3872 30122 726
1 3024 17541 233
1 9439 31633 926
1 10501 24097 452
1 7051 19070 746
1 6286 18101 786
3 19965 20537
1 12467 14814 895
3 4555 29242
1 9231 22204 724
1 6949 12496 259
1 3026 15855 786
1 9114 12133 867
1 4926 7073 218
1 8505 24973 993
1 10076 29774 573
1 15312 26395 729
1 10743 11435 378
1 2418 21526 964
3 21152 31646
3 20188 20917
1 4457 17124 890
1 5871 14956 551
1 331 24232 506
1 25135 29704 55
1 16327 16614 264
1 23667 23780 110
1 15604 31062 745
1 7639 18928 460
1 3981 11846 861
1 18761 25604 972
1 339 19254 881
3 26418 30772
1 6471 20275 509
1 3485 17579 207
1 21913 24403 548
1 6545 10273 214
1 11968 21584 591
1 16802 28667 200
1 6336 32199 104
1 17132 28838 192
3 4515 22246
1 541 25674 482
1 5222 12603 881
1 21648 27881 982
1 1053 8976 909
1 20735 24159 863
1 11400 14169 545
1 5834 16979 974
1 3056 18158 178
1 5607 22220 448
1 1602 22398 926
1 5994 22704 392
1 18189 31885 994
1 5318 24440 130
3 21806 26313
1 20700 28640 314
1 19764 23143 428
1 21059 26996 993
1 5836 31441 97
3 589 29774
3 16154 26909
1 1575 24480 736
1 2851 14324 808
3 6571 23872
3 20944 27834
1 6123 16546 702
3 4696 17949
1 13452 17766 50
1 20822 21125 141
3 15583 32296
1 7539 8455 661
1 20187 32161 734
1 24134 30261 108
1 3877 6852 117
1 8031 26083 696
1 14688 21921 58
1 343 22216 465
3 14741 15980
1 26063 29434 376
3 8309 32565
1 24417 29267 672
1 592 2832 860
1 19274 20744 110
1 24882 25338 304
1 25632 32316 819
1 9912 28064 587
3 7968 21039
3 3605 11761
1 6155 25657 37
3 12306 13647
1 11186 30424 434
3 1602 28179
1 12590 32471 687
1 25296 26405 55
1 1765 22129 515
1 6026 14745 895
1 5624 25370 652
1 260 17725 994
1 17044 28388 510
1 10827 11405 791
1 17707 30194 389
1 22210 23432 643
1 6677 17881 820
3 8647 9995
3 3167 5312
3 841 10665
1 685 13962 475
1 11499 14902 936
3 2701 23808
1 6130 14320 730
1 3982 14654 24
1 6228 25661 654
1 9712 13783 676
1 20277 29701 273
1 9043 24909 110
1 12372 30854 900
1 9585 15919 641
1 14464 30790 422
1 6027 31583 109
3 1269 26297
1 10333 11229 641
3 8081 24094
3 6356 13617
3 16728 32310
1 3538 27660 967
1 8282 22043 775
1 12100 18677 642
1 4850 23330 194
1 22004 26562 71
3 8022 31223
3 11844 20856
3 8962 14730
3 10442 15075
1 21030 25823 728
3 19957 20533
1 16581 30372 501
3 22987 24763
1 20286 21352 297
1 956 5669 410
1 2760 11434 112
3 8428 11793
1 12829 26771 786
1 20734 31100 771
3 12521 27783
1 4620 19070 864
1 15136 18990 430
1 12617 21243 596
1 10251 23848 19
1 13741 26984 945
3 3373 32677
1 2175 27333 493
1 20518 30808 37
3 9447 29056
1 13552 32090 410
1 1202 6356 832
1 13260 15181 647
3 12610 14495
3 9170 23096
1 958 30268 577
1 8494 23161 169
1 3953 25978 920
3 19850 25289
1 6417 31025 776
1 563 10304 941
3 591 1067
1 6565 10045 430
1 1987 4453 44
3 4059 29303
1 17778 25111 69
1 8158 21416 280
1 1603 8753 485
3 22176 29793
1 10318 19098 275
3 17137 27195
1 13889 26861 192
1 14928 17627 406
1 697 15829 574
1 5080 21211 62
1 5311 30744 30
1 31291 31482 706
1 22986 30159 798
1 12387 24347 666
3 3304 7350
1 29112 30711 26
3 10307 31527
1 27037 28371 27
1 6036 16485 124
1 2666 26520 354
1 11551 12880 688
1 4973 25766 909
1 23112 23364 5
1 7823 31492 996
1 15754 21074 424
1 27680 30536 671
1 8099 16318 405
1 17321 28616 259
1 535 12671 246
1 14853 20862 428
3 15787 16323
1 7801 8645 717
1 12522 20823 361
1 18038 21274 171
3 31036 32419
1 27980 30113 86
1 9860 19343 657
1 5728 16826 517
3 13073 19870
1 6773 10444 54
3 8146 10245
1 17208 25076 18
1 26440 27788 93
1 2371 14268 736
1 22729 25154 429
1 8254 11768 429
1 10188 18455 885
1 22949 23520 541
1 929 11082 795
1 380 31389 32
1 16702 30057 241
1 4628 13438 161
1 5418 9583 789
1 18001 30141 888
1 16291 30355 871
1 8334 10382 384
1 16256 24684 575
1 8513 8584 321
1 12580 19199 981
1 6358 20673 807
1 21658 31648 214
1 882 18703 633
3 9103 20985
3 2041 13042
1 3707 24824 896
3 9449 19672
3 2117 14240
1 20421 32564 152
1 4241 6952 594
1 6100 27853 642
3 19035 29923
1 29139 30374 37
1 420 16892 185
1 13266 30797 300
1 2114 14564 980
1 23684 28865 34
1 11314 25083 160
1 27764 31086 335
1 28106 32684 109
1 9539 15359 629
1 7114 17105 318
3 13117 14287
1 10971 30015 659
1 21854 22694 8
1 7162 19856 989
1 8215 11823 333
1 26967 29240 524
3 1536 20750
1 16877 26146 900
1 10940 17022 790
1 5641 21211 433
1 24962 25651 617
1 10581 13076 353
3 10921 26265
1 23009 24433 363
1 10857 16304 765
3 943 14060
1 17027 20138 903
1 10464 26233 380
1 5813 8853 492
1 6570 26378 371
1 21112 29493 514
1 5931 29872 178
3 9921 10870
1 20211 31226 104
3 26611 27268
1 19220 30419 817
3 15229 23435
3 23032 23145
3 17691 24057
3 19092 25478
1 1426 26741 942
1 13629 23889 992
1 5222 23110 242
1 787 18647 921
1 8497 32390 14
3 83 15381
1 14579 30642 813
3 171 15894
1 5296 7381 161
1 5868 11864 416
1 6259 14546 82
3 4694 6596
1 16662 29090 699
1 16561 28496 173
1 12984 20060 90
1 19686 28641 249
1 5652 31403 758
1 12900 18075 811
1 5965 16320 666
3 22147 27129
3 629 23652
1 13916 27901 429
1 18873 25571 450
3 8668 21192
1 16346 27686 534
1 3409 20684 136
3 9948 19723
1 22987 23724 722
3 8128 12612
1 4900 18712 720
1 11986 13178 218
1 24523 25911 1000
1 2891 6082 866
1 1236 1758 991
3 11410 30632
1 7944 18242 579
3 12965 28894
3 30364 31459
1 15080 30757 812
3 24554 29592
1 13385 27870 71
1 5949 11799 412
3 1068 20912
1 12491 23337 646
1 24124 28149 211
1 1676 13682 411
3 20673 28717
1 7501 18963 675
1 1064 29160 201
1 20140 23259 302
1 23283 32222 734
1 20722 25251 679
1 21150 22704 919
1 23069 25580 614
1 17496 22078 205
1 15810 22655 183
1 3169 24491 583
1 23943 24548 626
1 7107 12462 422
1 27047 32236 276
1 12517 19956 242
1 26920 29042 107
3 5494 22075
1 10862 17354 991
1 6496 16801 304
1 8103 14457 12
1 7573 12991 662
1 13460 18710 869
1 301 18400 545
1 5689 29488 949
3 9635 21656
1 5117 12266 694
1 1814 15931 172
1 861 19232 133
3 12534 24959
1 3606 17148 282
3 7383 16751
3 23787 25917
1 7328 32426 334
1 9016 25414 109
1 577 3510 517
3 26828 27854
1 11293 29333 897
1 6496 6672 776
3 7142 15639
1 15353 16830 630
1 13818 16501 213
1 9608 29036 49
1 25756 32652 473
1 25991 29418 155
1 8544 21686 472
3 16685 21481
1 9892 22372 548
1 17556 31098 172
3 8007 10601
3 16310 31674
1 6186 10275 698
1 2180 13495 889
1 7552 29622 219
3 6702 32649
1 9643 16479 669
1 9662 20398 440
1 11880 30272 939
1 26745 29908 577
1 5782 12081 75
1 7891 32217 132
1 17499 23360 831
1 16784 21509 472
1 13612 24483 840
1 15930 24022 677
1 1770 4252 305
1 995 25913 978
1 15904 20024 490
1 7623 20457 672
1 15535 20653 71
1 13965 20267 69
1 7162 28959 582
3 8555 27059
1 18009 23670 922
3 14593 27951
1 6163 10077 77
1 30881 31901 628
1 4824 20942 383
1 9086 16255 826
1 13772 15784 551
1 16390 29607 359
1 20170 26895 358
1 4459 7389 554
1 3058 5782 749
1 15414 31687 169
1 22164 23900 339
3 21187 23665
1 18810 28409 587
1 2192 30924 716
1 16174 22428 6
1 23790 27434 310
1 3306 28089 595
1 12483 20863 962
1 3409 4588 375
1 7567 15412 141
1 2416 27001 936
1 2847 6139 64
1 26793 30059 721
1 6396 15201 449
1 3483 23718 482
1 8447 15167 513
1 7836 10864 213
1 26581 28976 4
3 23347 24566
3 8946 31783
3 2536 28004
1 13748 26654 393
1 10940 27453 149
1 14138 20606 779
1 14818 16002 676
1 9903 17616 492
1 29133 30335 47
1 21883 26993 318
1 28374 30235 586
1 17891 31639 49
1 2256 14331 758
1 16204 18452 501
1 19668 20407 311
3 8948 16789
1 6259 19079 664
3 13306 16587
1 7302 26757 491
1 23192 25074 600
3 18305 19385
1 8896 11541 789
1 12018 19128 554
1 2810 8902 100
1 17335 18646 675
1 12543 26557 638
3 15893 25041
3 6471 8678
1 4094 22229 445
1 16280 23614 935
1 4446 30789 758
1 6790 24803 936
1 20324 26153 124
1 6050 13690 15
1 23566 30904 846
1 1478 4491 509
1 1908 4131 295
1 12513 23836 967
1 2112 4902 286
1 27669 32157 693
1 777 28326 862
1 18923 21675 310
1 17179 17385 166
3 9900 19647
3 21465 27807
1 4577 5572 226
3 20247 26755
1 9775 20422 838
1 4325 25939 839
3 12371 21326
1 17255 27526 218
1 7087 12029 91
1 412 24129 446
1 4108 17958 675
3 22522 30315
1 9641 24949 6
1 18474 32541 368
1 3264 28940 678
1 16129 29852 545
1 1442 32360 885
1 17874 27846 108
3 1043 4171
3 22873 23093
1 3845 31866 907
1 7439 28568 662
1 3645 18557 944
1 2467 26297 51
1 352 7637 882
1 19163 26159 91
1 9651 30367 966
3 26409 26919
3 16077 16652
1 11748 13217 211
1 12215 31890 936
3 16080 17624
1 16425 22386 495
3 9578 10204
1 1191 5614 952
3 20885 21692
1 21519 30659 128
1 3626 11046 240
1 19773 30561 743
1 8003 13235 120
1 26728 31960 518
3 18411 28585
1 5440 17049 584
3 12225 18690
1 1639 6523 322
1 3586 4397 375
1 2028 25877 682
1 506 2545 710
1 11206 28159 209
1 14965 21230 802
1 22109 26484 528
1 2979 8037 308
3 621 32185
1 16507 27178 706
3 8516 31274
1 5805 13819 134
1 1253 11706 54
1 3806 24372 570
1 17473 18732 349
3 4191 31330
1 4899 11531 633
1 7889 17886 416
3 8752 10780
1 22653 25152 168
1 22651 27996 135
1 12172 29506 608
1 8523 10434 575
1 11876 25938 943
1 23220 32170 462
3 23395 28626
1 17133 31078 126
1 5878 23441 833
3 12348 28702
3 2915 21667
1 16218 27541 619
1 27016 31253 94
1 27320 31902 565
1 11615 29446 473
3 5694 20900
3 3061 10101
1 17174 29423 850
1 11334 16454 895
1 11401 18001 711
3 5332 17381
3 7229 13042
1 3378 21036 349
3 8602 18538
1 2374 15176 960
1 25733 32062 474
3 2298 25958
3 32008 32450
3 6381 10686
1 16955 20556 633
3 3816 15729
1 1479 16503 132
1 14580 32009 666
1 6583 12024 703
1 16526 30653 601
1 20656 26862 420
1 15885 22775 467
1 9692 32448 788
3 8044 26263
1 9389 11656 101
1 10080 20438 557
1 19923 26710 267
3 62 430
3 6078 21193
1 8417 9963 691
1 3744 25241 437
1 16572 17255 464
3 31716 31820
1 22934 27965 28
1 5924 31177 576
1 8986 19180 270
1 20166 25830 577
1 24697 29005 450
1 19887 30613 647
3 28026 30440
1 4889 11953 936
1 9312 11404 151
1 7722 17307 546
1 11873 27456 820
1 8829 22107 592
1 28720 30259 390
1 11318 11970 757
1 4360 29337 515
1 3387 9878 217
1 13133 19383 27
1 23946 29761 926
1 6993 18204 130
1 1725 19009 930
3 967 19245
1 403 16333 391
1 9800 11300 899
1 30446 32376 986
1 6775 19919 299
1 29658 31886 261
1 10181 31035 358
1 17532 25239 164
1 3537 17697 986
1 15609 23090 597
1 6583 6995 15
1 1614 18493 892
1 9850 28504 219
3 2961 18070
1 4178 22239 49
1 9416 25028 838
1 9120 15565 472
1 21510 28784 378
3 13754 28261
1 24727 29330 943
3 12423 21130
3 1737 19383
1 6522 29892 104
3 11894 14754
1 10537 22368 365
1 120 22996 876
1 593 11548 133
1 19359 25314 315
1 9091 18569 540
1 7760 30474 268
3 14695 19822
1 11729 19286 305
1 22894 31957 538
1 13296 19432 137
1 951 25437 804
1 8835 20012 954
1 24724 26774 557
1 10745 24714 71
1 3218 7898 19
1 4913 7382 408
1 14756 23157 218
3 9639 16669
1 9899 12519 284
3 1305 20457
1 6034 23915 638
1 13404 13898 75
3 29410 30321
1 7247 32340 72
3 8937 15219
1 176 11280 246
3 5053 21635
3 6422 28385
1 24650 26191 833
1 18654 29227 689
1 12048 12333 176
1 8644 10867 903
1 14496 23609 42
1 2068 19531 355
1 7624 9359 275
1 3686 30131 371
1 10997 18631 130
1 1444 3823 879
1 28623 32083 441
3 11259 21148
1 15389 24967 345
1 4316 5447 804
3 8583 13722
3 8721 11928
1 11342 31491 538
1 9333 14850 257
3 3336 23735
1 10677 32400 382
1 20935 32155 255
1 3089 20622 387
3 7152 27808
1 12748 21912 653
3 14358 28567
1 1362 30303 46
1 11322 29618 679
1 18219 24250 850
1 1862 16717 102
1 22033 22614 199
1 22762 23828 604
1 23430 24785 670
1 10533 11119 69
3 8766 18154
1 11490 12441 583
1 6895 9561 833
1 3021 27171 352
1 19842 25280 646
1 17882 28298 934
1 3004 29623 734
1 8555 14634 375
1 16860 29881 370
1 14449 28294 893
1 22924 31497 31
1 4435 11875 232
3 13661 29763
1 7329 8148 855
3 7484 25923
1 1943 31241 842
1 4822 29768 810
3 27952 30231
1 31876 31983 6
3 8197 13388
1 5557 6735 340
1 2401 24732 36
1 17247 28673 139
1 22694 26779 619
1 8084 29353 65
1 10313 22993 691
1 536 31418 219
1 16404 26917 241
1 2095 23259 301
1 7587 16100 629
1 21754 27281 443
1 19688 22846 459
1 6185 10889 284
1 4265 32452 940
1 25206 31516 145
