893265353
893265353
893265353
966562168
893265353
893265353
966562168
956892677
956892677
956892677
966562168
956892677
893265353
956892677
956892677
684009892
830515904
830515904
830515904
893265353
550129080
811433174
830515904
811433174
830515904
706242203
830515904
795557291
795557291
830515904
795557291
795557291
795557291
706242203
830515904
737170660
728478990
782651335
782651335
782651335
811433174
811433174
932135000
876617855
728478990
794320628
794320628
876617855
728478990
728478990
706242203
706242203
728478990
706242203
706242203
706242203
686071655
706242203
686071655
658920233
876617855
686071655
727274894
658920233
657895844
684945722
686071655
658920233
616919659
658920233
658920233
658920233
657895844
657895844
658920233
658920233
892547302
684945722
892547302
892547302
892547302
971136287
971136287
971136287
971136287
971136287
971136287
971136287
897544583
657895844
892547302
892547302
657895844
929957784
728478990
876617855
728478990
684945722
894857954
900217058
900217058
900217058
900217058
900217058
986738994
986738994
900217058
894857954
929957784
900217058
929957784
929957784
728478990
932591803
929957784
853164140
900217058
900217058
684945722
853164140
853164140
661281900
805130157
822623387
822623387
853164140
897544583
897544583
897544583
853164140
986484831
822623387
897544583
897544583
853164140
822623387
822623387
822623387
923813152
822623387
876617855
892547302
892547302
772809100
805130157
772809100
832711890
805130157
821522061
832711890
951400676
821522061
832711890
822623387
832711890
822623387
805130157
772809100
821522061
821522061
951400676
946955290
946955290
946955290
835792368
946955290
913259265
946955290
913259265
946955290
946955290
821522061
913259265
835792368
913259265
946955290
865552559
913259265
946955290
946955290
844397430
762097588
844397430
946955290
844397430
822623387
844397430
946955290
844397430
835792368
940971480
940971480
940971480
940971480
940971480
865552559
940971480
959213151
991905391
991905391
865552559
844397430
844397430
940971480
822623387
844397430
844397430
844397430
821522061
806911624
805130157
806911624
822623387
805130157
820615637
805130157
970922568
970922568
970922568
970922568
970922568
820615637
966687940
907116337
966687940
950696146
844397430
950696146
738482150
850406202
950696146
820615637
950696146
996743229
805130157
805130157
889210667
817539406
817539406
817539406
805130157
817539406
889210667
817539406
817539406
950696146
907116337
907116337
945001733
950696146
996743229
844397430
817539406
896219014
896219014
896219014
907116337
896219014
945001733
844397430
907116337
945001733
738482150
907116337
833504289
820615637
817539406
812275064
817539406
817539406
833504289
896219014
833504289
896219014
817539406
833504289
817539406
896219014
817539406
817539406
879131897
938425439
879131897
930489669
930489669
833504289
879131897
855476932
855476932
848430070
812275064
954948085
938425439
833504289
833504289
930489669
938425439
817539406
938425439
938425439
805130157
805130157
822623387
812275064
812275064
805130157
812495846
817539406
817539406
938425439
817539406
806911624
855992988
880571265
812495846
812275064
805328564
799433077
805130157
806756851
798313939
938425439
805130157
762097588
805328564
806911624
806911624
806756851
799433077
805130157
806756851
938425439
805130157
938425439
799433077
812275064
805130157
806756851
806756851
812275064
772809100
799433077
764055316
798313939
787888922
806756851
772809100
798313939
805130157
772809100
802624510
791023858
802624510
822623387
938425439
813185234
813185234
791023858
813185234
813185234
950696146
808663864
802624510
802624510
806756851
772809100
772809100
938425439
772809100
787888922
787888922
805130157
768044119
782186153
822911376
822911376
902073187
977477960
977477960
977477960
977477960
902073187
977477960
902073187
786387631
902073187
860816849
902073187
805130157
902073187
902073187
902073187
861349909
768044119
861349909
861349909
787888922
787888922
938425439
950696146
938425439
822911376
861349909
798313939
849060412
938425439
787888922
822911376
822911376
860816849
768044119
938425439
849060412
822911376
802624510
786387631
857171846
857171846
860816849
927935784
927935784
927935784
927935784
983610025
983610025
925281745
771040516
927935784
925281745
938425439
938425439
927935784
922192774
857171846
931741499
771040516
857171846
922192774
845238806
927935784
922192774
866421106
845238806
866421106
845238806
914521899
845238806
914521899
860816849
914521899
881939982
881939982
881939982
881939982
881939982
881939982
881939982
881939982
845238806
866421106
914521899
828506473
840320481
845238806
828506473
845238806
892602399
892602399
892602399
892602399
845238806
840320481
828506473
828506473
818771327
840320481
822911376
840320481
840320481
818771327
840320481
818508316
818771327
818508316
867255231
968623348
818508316
818771327
818508316
818508316
818508316
818508316
818508316
818508316
818508316
818508316
818771327
818771327
782257705
976661268
976661268
976661268
976661268
846617060
787638900
846617060
976661268
976661268
976661268
938425439
846617060
818508316
787638900
846617060
788162139
788162139
777009566
788162139
976661268
988689203
988689203
871197216
988689203
787638900
988689203
988689203
846617060
988689203
884367021
884367021
988689203
976661268
938425439
884367021
976661268
884367021
994087308
994087308
884367021
884367021
871197216
884367021
884367021
938425439
884367021
854328252
846617060
854328252
767324232
997935013
997935013
956499390
820550896
820550896
820550896
820550896
767324232
777009566
961127247
820550896
818508316
854328252
818508316
818508316
818508316
818508316
818508316
777102380
788162139
874557455
874557455
874557455
810263467
874557455
791767411
874557455
808663864
791767411
802624510
810263467
791767411
810263467
777102380
810263467
810263467
810263467
810263467
788162139
848000986
848000986
802624510
848000986
848000986
848000986
848000986
848000986
848000986
848000986
848000986
791767411
978944646
848000986
848000986
848000986
848000986
787638900
853552322
788162139
988689203
788162139
848000986
787638900
848000986
877085969
877085969
877085969
877085969
901091718
901091718
877085969
840067770
777102380
848000986
877085969
877085969
887467770
848277773
887467770
848277773
842424108
848277773
848277773
840067770
840067770
840067770
840067770
840067770
786825239
818319577
840067770
818319577
787638900
798313939
787638900
786825239
798313939
786825239
786825239
963132234
923691872
791767411
813206378
821318467
811156752
813206378
786825239
923691872
923691872
988689203
787638900
846235161
846235161
846235161
846235161
846235161
978719542
846235161
978719542
978719542
978719542
978719542
815097256
978719542
978719542
846245499
846235161
846235161
815097256
846235161
798313939
843717347
787638900
978719542
798313939
978719542
813206378
802624510
786825239
945909119
787638900
798313939
945909119
787638900
957958267
787638900
815097256
863271754
945909119
945909119
786825239
782257705
786825239
943355530
988689203
798313939
885800870
786387631
787888922
863271754
991382106
991382106
991382106
786825239
991382106
991382106
798313939
863271754
863271754
980620392
980620392
980620392
980620392
980620392
786825239
843717347
980620392
848582407
815097256
980620392
840320481
872455757
872455757
872455757
957958267
872455757
791060265
887792211
887792211
813206378
977628268
802624510
777009566
811156752
786825239
791060265
887792211
782257705
791060265
941855377
791060265
881037842
881037842
791060265
787888922
798248094
791060265
798248094
777009566
881037842
782257705
881037842
994125780
782257705
881037842
994125780
881037842
881037842
881037842
881037842
920619598
881037842
782257705
920619598
782257705
777009566
912277559
912277559
912277559
912277559
912277559
920619598
912277559
849768268
946495090
786825239
950441993
887792211
813976819
912277559
777102380
912277559
912277559
811156752
887792211
912277559
782257705
912277559
849768268
811156752
813976819
778314311
840320481
811156752
991510713
991510713
991510713
786825239
768044119
991510713
778314311
782186153
787888922
986749755
811156752
986749755
777102380
768044119
986749755
894208422
894208422
949120834
949120834
795686691
949120834
949120834
992124518
992124518
942290863
777102380
942290863
782186153
933656498
869165543
933656498
786825239
840320481
869165543
795686691
787194942
770073796
786379342
778724190
786825239
778724190
786825239
840320481
767324232
786379342
786379342
767324232
778724190
786825239
778724190
764055316
782257705
778314311
952213775
778724190
777009566
764055316
821318467
785407583
792032430
786825239
792032430
792032430
767324232
792032430
785407583
802624510
785407583
777102380
888771919
888771919
785407583
785407583
888771919
888771919
888771919
860961031
894468761
764055316
860961031
860961031
888771919
820919134
888771919
820919134
894468761
820919134
820919134
821318467
820919134
888771919
820919134
820919134
785407583
894468761
785407583
820919134
771040516
767324232
820919134
894468761
820919134
853239257
764055316
853239257
767324232
764055316
888771919
802624510
785407583
892221163
776035645
785407583
764055316
776035645
785407583
888771919
888771919
888771919
782186153
785407583
776035645
782186153
782257705
764055316
776035645
776035645
906897185
906897185
906897185
906897185
906897185
906897185
764055316
906897185
906897185
767324232
764055316
906897185
906897185
764055316
906897185
906897185
783044824
783044824
777009566
790971801
887635232
790971801
842091245
790971801
842091245
777009566
778314311
767324232
777009566
842091245
869552006
777009566
869552006
842091245
869552006
869552006
842091245
776035645
874296334
874296334
778314311
764055316
762097588
947746224
770073796
777009566
884058993
884058993
884058993
772320186
869552006
763841356
770073796
772320186
770073796
772320186
770073796
802624510
790971801
770073796
770073796
767324232
790971801
869552006
791060265
869552006
879175136
768044119
802624510
768044119
983054800
869552006
768044119
767324232
803701319
798239935
798239935
822623387
798239935
777162511
803701319
777162511
869552006
869552006
798239935
798239935
777162511
798239935
869552006
777162511
764055316
798239935
791060265
762097588
768044119
762149652
798239935
764055316
798239935
880565934
880565934
880565934
880565934
761858967
762097588
798239935
769110457
762097588
763841356
798239935
872428805
992238889
968644714
968644714
968644714
992238889
968644714
968644714
968644714
968644714
968644714
968644714
954431480
968644714
968644714
954431480
968644714
954431480
954431480
909262941
921317363
900681122
900681122
909262941
900681122
921317363
767983860
909262941
872428805
769110457
990132963
921317363
990132963
767983860
872428805
921317363
909262941
761858967
764055316
764055316
909262941
872428805
909262941
800857183
800857183
938553970
800857183
909262941
800857183
865166141
800857183
791060265
759240901
762149652
865166141
865166141
762149652
800857183
800857183
800857183
762097588
800857183
800857183
833051954
762149652
763841356
822623387
759240901
768044119
762097588
791060265
762149652
761279596
762097588
798313939
759240901
759240901
759240901
762149652
762149652
762097588
822814423
822814423
822623387
822814423
881226018
881226018
950109975
950109975
950109975
950109975
911424307
950109975
891966349
891966349
891966349
891966349
911424307
891966349
911424307
911424307
940805900
869089848
869089848
940805900
936723260
936723260
936723260
936723260
940805900
936723260
911424307
936723260
936723260
936723260
869089848
936723260
869089848
891966349
869089848
840833491
869089848
869089848
934835412
934835412
960456640
960456640
980636169
980636169
869089848
980636169
869089848
960456640
891966349
925319751
859848123
925319751
925319751
925319751
942634842
886910629
886910629
886910629
911424307
886910629
911424307
960456640
886910629
886910629
960456640
886910629
886910629
886910629
960456640
886910629
859848123
886910629
859848123
960456640
960456640
869089848
869089848
960456640
886910629
886910629
911424307
869089848
911424307
859848123
869089848
859848123
858599753
854473822
854473822
854473822
886910629
854473822
854473822
854473822
854473822
840833491
854473822
836672992
840833491
840833491
886910629
836672992
762149652
872523213
886910629
836672992
827096201
827096201
827096201
827096201
827096201
822814423
822814423
829400379
827096201
875626792
822814423
875626792
875626792
822814423
829400379
875626792
875626792
886910629
805912642
805912642
822814423
829976619
886910629
955221973
955221973
829400379
955221973
955221973
829976619
955221973
947827014
829976619
762149652
947827014
947827014
947827014
942502795
927409401
927409401
927409401
829976619
927409401
805912642
927409401
853834529
927409401
761858967
759240901
997218951
997218951
997218951
997218951
997218951
997218951
774279889
911424307
997218951
997218951
774279889
911580806
911580806
911580806
800689259
911580806
911580806
911580806
911580806
911580806
911580806
911580806
911580806
774279889
911580806
806776701
872523213
800689259
800689259
984907431
984907431
984907431
984907431
984907431
800689259
800689259
795624040
774279889
800689259
774279889
795624040
800689259
795624040
912948741
912948741
800689259
912948741
912948741
800689259
817401231
817401231
817401231
774279889
842636653
817401231
817401231
817401231
774279889
774279889
800689259
978884315
774279889
944179260
944179260
817401231
944179260
800689259
761279596
817401231
774279889
793010994
793010994
911424307
793010994
793010994
793010994
836672992
774279889
793010994
817401231
836672992
765479642
793010994
793010994
792102660
792102660
793010994
967413569
967413569
967413569
967413569
967413569
967413569
758135138
967413569
765479642
774279889
944179260
765479642
792102660
956644467
956644467
956644467
956644467
792102660
765479642
762738456
817401231
993239494
792102660
817401231
944179260
944179260
939756829
939756829
762738456
758135138
762738456
759240901
852918497
817401231
762097588
762149652
758135138
762149652
762097588
762149652
836672992
761279596
795624040
762149652
761279596
817401231
761279596
761279596
836672992
872523213
792102660
761115661
758135138
774279889
761152643
761152643
761115661
958576067
958576067
958576067
958576067
958576067
958576067
958576067
882271511
944179260
958576067
882271511
958576067
761115661
914503373
914503373
786825239
944179260
808011322
808011322
808011322
808011322
838279693
804588012
792754638
792754638
792754638
792754638
944179260
817401231
792754638
786825239
792754638
792754638
786825239
850283997
809261561
944179260
764886391
809261561
809261561
764886391
761623471
764886391
764886391
764886391
860636147
762723607
839653036
761623471
839653036
839653036
839653036
839653036
839653036
839653036
891442084
761623471
911424307
843931073
764886391
891442084
839653036
839653036
983342877
839653036
911424307
807378012
836672992
761115661
839653036
762723607
762723607
764886391
774279889
791060265
761623471
836672992
791060265
761623471
761623471
761152643
990869297
990869297
990869297
990869297
792102660
990869297
759581391
977098867
872878089
872878089
759590081
977098867
761623471
977098867
759590081
977098867
977098867
977098867
901060445
840206369
840206369
840206369
840206369
840206369
761623471
840206369
840206369
759581391
840206369
836672992
894284384
835277942
759590081
759581391
925050036
925050036
835277942
835277942
835277942
759581391
835277942
835277942
759590081
759590081
835277942
759581391
761623471
761623471
759581391
761152643
784826363
786825239
784826363
758135138
758135138
961362727
784826363
784826363
761623471
761623471
784826363
907760126
758135138
824312547
824312547
994942933
757887270
761115661
759581391
795624040
907760126
786825239
792102660
832278363
832278363
832278363
832278363
832278363
757029592
758135138
907760126
955928186
955928186
833975010
955928186
955928186
955928186
955928186
955928186
833975010
955928186
955928186
955928186
833975010
955928186
955928186
955928186
955928186
955928186
833975010
996182258
797473693
797473693
753823544
904866018
912614620
904866018
904866018
755455916
996182258
839653036
757483893
761623471
757483893
757029592
753823544
757029592
755455916
922895796
839653036
922895796
880063690
839653036
880063690
755455916
753823544
996182258
915680125
880063690
880063690
996182258
880063690
861975320
880063690
924917341
924917341
818642913
924917341
818642913
818642913
836672992
924917341
924917341
757483893
818642913
818642913
822558797
822558797
755455916
822558797
836672992
818642913
755455916
755455916
755455916
791060265
911424307
873634831
795624040
757029592
757029592
753823544
753823544
757029592
758135138
757029592
745495519
979271196
979271196
979271196
788692521
979271196
895244478
788692521
911424307
757029592
788692521
788692521
758927509
755455916
966598933
966598933
966598933
761574125
784826363
966598933
753823544
966598933
753823544
753823544
935886467
935886467
966598933
935886467
860169953
935886467
935886467
935886467
966598933
761574125
966598933
935886467
924662654
924662654
935886467
826826505
826826505
753312247
753312247
784826363
753289747
761574125
749208232
935886467
749208232
964904361
964904361
964904361
765461624
934448101
765461624
758927509
765461624
761574125
753289747
852472492
898396905
898396905
753289747
749208232
753090036
792102660
753289747
798861549
798861549
798861549
798861549
738482150
798861549
898396905
934448101
753090036
898396905
753090036
934448101
898396905
748560610
753090036
753090036
798861549
753090036
898396905
898396905
898396905
898396905
911424307
753090036
753090036
827072138
827072138
898396905
828469985
965427061
828469985
749208232
938638387
898396905
892770339
938638387
938638387
892770339
938638387
828469985
892770339
892770339
749208232
749208232
892770339
892770339
792102660
817925512
750728863
914257404
914257404
750728863
798861549
749208232
758927509
914257404
914257404
886260120
886260120
886260120
750257641
758927509
788692521
749208232
750257641
807887853
807887853
807887853
807887853
807887853
750023472
758927509
749208232
758927509
750023472
749208232
748560610
749208232
872878089
792102660
748560610
877698374
761115661
748560610
784826363
972057546
972057546
972057546
972057546
972057546
886092548
886092548
828727319
749208232
886092548
877698374
828727319
877698374
877698374
748569639
972057546
987014088
927965368
987014088
987014088
987014088
749208232
927965368
753823544
927965368
927965368
927965368
927965368
927965368
927965368
749208232
748569639
927965368
748569639
927965368
748560610
786825239
758927509
788692521
748569639
749208232
786825239
748569639
749208232
749208232
748569639
748560610
748560610
784826363
749208232
758927509
755455916
748569639
758135138
755455916
748569639
749208232
749208232
748569639
748560610
761115661
748560610
747139033
747139033
755455916
747139033
747139033
759240901
747139033
747139033
747139033
795624040
980824998
824008757
980824998
980824998
747139033
747139033
747139033
761115661
747139033
747139033
745495519
842897510
995269143
995269143
995269143
774279889
995269143
842897510
747139033
745495519
747139033
749208232
952120284
952120284
842897510
745495519
745495519
842897510
788729034
788729034
748560610
784826363
745753823
747207993
745753823
745753823
951203623
818172077
774279889
951203623
761574125
827039195
750023472
745495519
818172077
745495519
888159121
774074227
888159121
774074227
888159121
747207993
745495519
888159121
888159121
774074227
888159121
765689420
765689420
774074227
765689420
774074227
876773269
765689420
792102660
869438118
743471704
765689420
765689420
869438118
745495519
750414357
936861392
936861392
765689420
936861392
936861392
774279889
750414357
828472481
750414357
743471704
828472481
772229477
750414357
745495519
869438118
745495519
887382068
750414357
872523213
743471704
882928013
758135138
994902596
822950487
755058999
822950487
994902596
994902596
822950487
822950487
754734980
747207993
754734980
754734980
930581535
750414357
884110923
930581535
761115661
884110923
745495519
745495519
745495519
747207993
745495519
745495519
743471704
743471704
893265353
741624179
742628650
742628650
822950487
822950487
822950487
861751995
743471704
822950487
822950487
741696659
741624179
742628650
741037020
828259182
741624179
740780078
741624179
861751995
741624179
739514196
740831409
774279889
747139033
740780078
750257641
750414357
736784855
740780078
750023472
773947371
750414357
861751995
747207993
761115661
740780078
736784855
870161294
870161294
870161294
970985765
778778771
792102660
792102660
810763700
786204718
786204718
984763308
984763308
786204718
984763308
984763308
874994519
874994519
792102660
984763308
984763308
878137586
878137586
786204718
944938035
944938035
944938035
787157597
796815756
787157597
938061127
796815756
774279889
913152885
750414357
753560573
796815756
796815756
913152885
808622727
787157597
740780078
970921755
912393638
970921755
912393638
912393638
970921755
808622727
798249036
734030100
949636118
949636118
913152885
949636118
949636118
949636118
949636118
786204718
798249036
753560573
798249036
897476908
897476908
897476908
979283925
979283925
979283925
890656355
890656355
798249036
753560573
793277146
819934814
779646705
908460062
908460062
908460062
908460062
879440342
819934814
766812166
779646705
879440342
908460062
908460062
861472236
861472236
922573234
784176414
922573234
745495519
922573234
920728324
861472236
807380776
784176414
908460062
861472236
908460062
793277146
784176414
798249036
842734733
861472236
861472236
908460062
842734733
962813274
861472236
962813274
861472236
861472236
861472236
842734733
847511749
784176414
847511749
847511749
842734733
842734733
842734733
842734733
798249036
808622727
842734733
842734733
779646705
798249036
753560573
798249036
784176414
758927509
784176414
784176414
784176414
779646705
784176414
784176414
784176414
784176414
775652811
775652811
753560573
753560573
753560573
750288499
988040139
775652811
988040139
749208232
988040139
988040139
988040139
749208232
988040139
766812166
744833298
744833298
766812166
750288499
750257641
774279889
888870921
758927509
888870921
750414357
792102660
774279889
981039301
981039301
997101920
774279889
811876278
997101920
997101920
997101920
773947371
768757495
839605323
768757495
971008240
935893787
971008240
971008240
935893787
971008240
935893787
935893787
752120004
935893787
935893787
918713102
918713102
918713102
918713102
935893787
752120004
791481143
752120004
752120004
752120004
752120004
814178359
839605323
752120004
744833298
792102660
766812166
752120004
752120004
752120004
768757495
768757495
893265353
744047413
744047413
839605323
744047413
734030100
810833387
810833387
839605323
744047413
810833387
810833387
752120004
810833387
962700579
962700579
962700579
941113970
768757495
873090961
871911617
871911617
740780078
735398036
766812166
735398036
735398036
791481143
744833298
768757495
735398036
757934800
736784855
758135138
735398036
773947371
736252834
846869237
846869237
773947371
745495519
746800704
736784855
770586729
773947371
773947371
752120004
734030100
758927509
735579450
852472492
980884447
734030100
749208232
746800704
750257641
761574125
734030100
893265353
774259184
886986975
792883468
943608418
792883468
792883468
792883468
943608418
886986975
792883468
943608418
739930765
886986975
943608418
739930765
761152643
999897318
999897318
915232423
846507174
883189605
883189605
883189605
846507174
844672603
844672603
886986975
844672603
761152643
836260894
836260894
836260894
836260894
734030100
732465803
822565632
898927564
881474342
881474342
822565632
881474342
881474342
739930765
881474342
734030100
792883468
733261090
822565632
739930765
732594644
898927564
792883468
792883468
792883468
759240901
820527982
820527982
964926742
964926742
964926742
964926742
964926742
820527982
759240901
881879768
770007782
770007782
770007782
733261090
734030100
740780078
786644341
821588771
786644341
821588771
786644341
821588771
786644341
821588771
821588771
821588771
786644341
786644341
987184731
838089342
904797497
904797497
904797497
904797497
904797497
770271035
904797497
770007782
733261090
732594644
732465803
770271035
770271035
734030100
735579450
744833298
761574125
741354753
744833298
752120004
740780078
758135138
770007782
731815661
736252834
744833298
904797497
732594644
761574125
744833298
745495519
744833298
734030100
745495519
750023472
744833298
741354753
757934800
773947371
744189168
732465803
931030651
779334394
779334394
735398036
744189168
779334394
736252834
730608203
749208232
732465803
780375147
998123843
744189168
733261090
792883468
759847400
759847400
998123843
759847400
780375147
759847400
734030100
759847400
755455916
744189168
738482150
757934800
744189168
735398036
730608203
735398036
730608203
757934800
759240901
740780078
744189168
759847400
759847400
732594644
759847400
733261090
759847400
742628650
759847400
734030100
733261090
740780078
759847400
741354753
759847400
733261090
746800704
735579450
740780078
735398036
736784855
730608203
742628650
742628650
741354753
742628650
747207993
747207993
733261090
747207993
733261090
729044439
741354753
738482150
729044439
746800704
738482150
730608203
774279889
750023472
746800704
733261090
741354753
738482150
733261090
730608203
750023472
729589651
734030100
736450899
742628650
738482150
742628650
742628650
742628650
989022862
904019177
904019177
904019177
904019177
904019177
914124920
914124920
914124920
914124920
914124920
914124920
728863393
729589651
904019177
743398531
914124920
914124920
914124920
914124920
734030100
963674349
963674349
750023472
963674349
907046550
963674349
907046550
963674349
907046550
834226804
834226804
958493579
802175640
958493579
958493579
802175640
958493579
874207727
958493579
874207727
958493579
854893166
874207727
904019177
874207727
874207727
907046550
834226804
834226804
907046550
854893166
818100950
818100950
955857779
955857779
802175640
854893166
818100950
818100950
834226804
854893166
802175640
834226804
802175640
854893166
818100950
818100950
750023472
802175640
783505151
854893166
802175640
802175640
867898964
951235456
951235456
951235456
951235456
951235456
951235456
867898964
867898964
837983119
854893166
837983119
771445102
837983119
974079306
974079306
974079306
974079306
974079306
802175640
898323103
818100950
974079306
821769813
837983119
837983119
807691832
974079306
974079306
974079306
807691832
974079306
821769813
821769813
898323103
974079306
898323103
837983119
821769813
821769813
917046575
917046575
917046575
917046575
917046575
952530126
917046575
952530126
821769813
788799797
952530126
952530126
837983119
854893166
837983119
854893166
854893166
821769813
837983119
854893166
854893166
807691832
807691832
807691832
781012799
802175640
821769813
929126822
929126822
886836495
854893166
802175640
773947371
783505151
783505151
831359820
821769813
771445102
750023982
771445102
831359820
821769813
750023982
783505151
783505151
771445102
771445102
771445102
771445102
971066854
971066854
820540483
820540483
750023982
831359820
750023982
996421643
996421643
750023982
750023982
765150251
820540483
831359820
831359820
750023982
783505151
751928350
820540483
960589907
820540483
820540483
750023982
893265353
831359820
831359820
738020435
746473948
732462786
771445102
746473948
728863393
820540483
738020435
738482150
765150251
800680481
733261090
801986887
801986887
733261090
801986887
871984494
733261090
871984494
871984494
957511971
871984494
957511971
871984494
871984494
871984494
871984494
842427291
842427291
842427291
842427291
938520291
732462786
938520291
842427291
842427291
842427291
938520291
842427291
842427291
842427291
812015021
812015021
812015021
841775068
916417612
812015021
916417612
812015021
916417612
812015021
812015021
916417612
938520291
801986887
827015964
827015964
801986887
902168585
801986887
812015021
902168585
887264448
812015021
931284267
887264448
931284267
931284267
887264448
879910545
796685816
796685816
801986887
757287673
817895160
817895160
817895160
801986887
817895160
874590317
796685816
874322776
751807589
874322776
874322776
812015021
812015021
874590317
796685816
812015021
894001184
894001184
894001184
894001184
797852326
894001184
801084241
801986887
774651095
894832927
774651095
774651095
732462786
879910545
797852326
829066698
829066698
955855735
750550201
955855735
829066698
955855735
955855735
955855735
774651095
829066698
751807589
797852326
829066698
764023936
938520291
774651095
764023936
797852326
751807589
764023936
839592560
839592560
805009049
805009049
915166720
805009049
805009049
805009049
805009049
751807589
805009049
764023936
743398531
879910545
805009049
743398531
879910545
805009049
751807589
751807589
855842442
879910545
757287673
764023936
757287673
805009049
728863393
812015021
743398531
728863393
764023936
757287673
730608203
757287673
743398531
743398531
743398531
774651095
738020435
743398531
764023936
757287673
731815661
757287673
732594644
757287673
879910545
730608203
728863393
750550201
729044439
969542102
845885952
728863393
750550201
879910545
732462786
769735377
855842442
769735377
734030100
767754481
729589651
769735377
767754481
767754481
791819915
767754481
855842442
781356816
781356816
781356816
791819915
781356816
781356816
781356816
842416132
842416132
781356816
730608203
729589651
865088449
781356816
769735377
732462786
767754481
857542854
938520291
728863393
766335605
734030100
767754481
729044439
734030100
728831673
767754481
757287673
729589651
766335605
728863393
766335605
766335605
855842442
766335605
766335605
729636017
729636017
855842442
729044439
845885952
767319588
729589651
732462786
757287673
767319588
767319588
729589651
937530359
732462786
767319588
767319588
818892850
960300462
801986887
767319588
818892850
818892850
903551267
903551267
973691926
767319588
767319588
903551267
903551267
737252449
900117567
767319588
900117567
900117567
738146282
900117567
793867402
767319588
834821546
951002119
966238423
834821546
966238423
901032565
901032565
834821546
834821546
901032565
834821546
834821546
901032565
901032565
901032565
901032565
901032565
961903063
961903063
970006821
961903063
961903063
901032565
884369249
884369249
884369249
866008168
728863393
998704303
834821546
998704303
998704303
729044439
834821546
831937622
884369249
961903063
901032565
997345049
997345049
997345049
934637669
997345049
934637669
997345049
997345049
867389990
972973574
972973574
972973574
997345049
972973574
934637669
972973574
972973574
999986360
999986360
972973574
972973574
972973574
974934318
974934318
934637669
867389990
934637669
934637669
901032565
867389990
951002119
856512015
862549569
862549569
862549569
966238423
867866045
966238423
934637669
856512015
934637669
907629676
930572821
930572821
905272863
934637669
966238423
905272863
934637669
856512015
905272863
930572821
905272863
905272863
905272863
930572821
905272863
856512015
863721652
951002119
960468685
862549569
960468685
834821546
894467443
960468685
856512015
894467443
862549569
867866045
905272863
856512015
852472034
930572821
960468685
856512015
834821546
966238423
856512015
960468685
930572821
955811552
867866045
955811552
854808886
960468685
854808886
847162835
847162835
847162835
847162835
831937622
934637669
834821546
920032179
813800634
824291679
764500977
920032179
920032179
960468685
893277403
975809389
975809389
893277403
893277403
893277403
966238423
893277403
901032565
901032565
901032565
893277403
824291679
824291679
824291679
824291679
824291679
847162835
813800634
834821546
867866045
901032565
847162835
960468685
960468685
831735671
813800634
820202814
847162835
831735671
820202814
814155418
960468685
866008168
866008168
831735671
866008168
865038828
865038828
866008168
869278453
869278453
869278453
869278453
955811552
847162835
814155418
780973243
813800634
793868635
793868635
847162835
847162835
764500977
847162835
831735671
780973243
767319588
917261752
991314434
991314434
991314434
991314434
991314434
991314434
917261752
991314434
991314434
917261752
950993666
917261752
991314434
764500977
764500977
922820635
922820635
917261752
922820635
922820635
922820635
917261752
991314434
917261752
991314434
991314434
847162835
901032565
991314434
991314434
911218018
780973243
847259886
755973201
780973243
847259886
847259886
831735671
780973243
755973201
847259886
843846533
846138704
981676096
981676096
981676096
905861388
816972571
951002119
834771910
981676096
981676096
901064340
816972571
901064340
843846533
981676096
843846533
901064340
981676096
901064340
901064340
793868635
777206581
816972571
901064340
780973243
847162835
901064340
901064340
742617124
847800634
993011222
927425032
927425032
910700914
834771910
976976386
910700914
976976386
910700914
910700914
910700914
910700914
976976386
873172399
985611298
985611298
873625718
976976386
873625718
941243708
910700914
910700914
910700914
910700914
976976386
790116888
907361603
907361603
834771910
873172399
747149386
946823557
873172399
873172399
873172399
873172399
847800634
790116888
847800634
847800634
847800634
847800634
892638136
812015021
976976386
976976386
780973243
976976386
755973201
968712394
968712394
892638136
847800634
790116888
762451642
951002119
790116888
847162835
777551598
762451642
742617124
944933733
944933733
944933733
799419937
944933733
799419937
793868635
780284472
755973201
800885959
800885959
800885959
958605289
958605289
958605289
847162835
958605289
974238081
962243729
954606845
954606845
958605289
954606845
962243729
878532960
793868635
878532960
878532960
962243729
878532960
962243729
962243729
878532960
793868635
780973243
790116888
867179148
793868635
742617124
777206581
793868635
962243729
804928149
788222969
877606088
877606088
877606088
877606088
877606088
877606088
877606088
877606088
829110228
829110228
829110228
804928149
847162835
804928149
943737475
834485284
943737475
846032796
846032796
777206581
846032796
977156640
775708889
977156640
977156640
977156640
846032796
977156640
775708889
777206581
846032796
750023472
773158198
788222969
951002119
829110228
846032796
775708889
846032796
846032796
837837891
780284472
939954588
777206581
939954588
773617802
773158198
773617802
939954588
837837891
846032796
846032796
843846533
780973243
843846533
865796128
980768533
865796128
980768533
980768533
943737475
865796128
865796128
865796128
865796128
973648022
973648022
973648022
973648022
973648022
973648022
973648022
959858056
927355790
777206581
865796128
780973243
977513688
977513688
977513688
802141075
973176281
973176281
843846533
802141075
973176281
973176281
943737475
843846533
940405046
940405046
943737475
795960360
795960360
985412928
802141075
855842442
795960360
802141075
961445143
961445143
829110228
961445143
957041407
957041407
940405046
935403143
935403143
940405046
940405046
795960360
940405046
795679214
794574406
795679214
876961647
837837891
943737475
894389593
894389593
795679214
935403143
894389593
894389593
894389593
794574406
894389593
894389593
993018943
894389593
914306243
914306243
914306243
883194744
883194744
943737475
914306243
914306243
895332098
895332098
941768638
941768638
976768829
976768829
935401868
935401868
976768829
943737475
935401868
894389593
941768638
941768638
881479208
935401868
941768638
881479208
893020299
941768638
941768638
941768638
941768638
941768638
941768638
941768638
881479208
935401868
894389593
894389593
914306243
941768638
935401868
894389593
935401868
990788595
990788595
954999575
954999575
893020299
990788595
930187438
935401868
935401868
881479208
883194744
941768638
881479208
883194744
881479208
914306243
893020299
881479208
935401868
883194744
852008123
880869897
914891773
914891773
879663360
941768638
879663360
852008123
941768638
881479208
930187438
872645803
852008123
873436348
873436348
950945759
845819861
950945759
852008123
873436348
941768638
935401868
930187438
850277648
880869897
851541846
880869897
880869897
873436348
930187438
913799017
834485284
913799017
834485284
950945759
872645803
950945759
993102692
993102692
852008123
930187438
930187438
845819861
890287068
890287068
890287068
890287068
890287068
890287068
994942310
994942310
890287068
994942310
994942310
994942310
924544760
872645803
872645803
859995461
845819861
883194744
924544760
937852592
929076655
937852592
929076655
852008123
937852592
937852592
937852592
937852592
872645803
841895495
872645803
872645803
914306243
872645803
837837891
958999317
958999317
958999317
958999317
958999317
958999317
958999317
843846533
841895495
958999317
958999317
958999317
958999317
958999317
958999317
883194744
928792401
958999317
955626083
928792401
919097866
919097866
919097866
880367825
919097866
997019808
880367825
919097866
883774031
907959622
907959622
919097866
883774031
944242909
944242909
880367825
944242909
919097866
944242909
919097866
919097866
919097866
919097866
928792401
880367825
928792401
880367825
859995461
919097866
859995461
880367825
928792401
880367825
880367825
855333920
855333920
872645803
880367825
924281183
845819861
850277648
855333920
852008123
850277648
928004287
850277648
841895495
855333920
855333920
837837891
919097866
852008123
850277648
852008123
852008123
852008123
852008123
845819861
852008123
829110228
845819861
845819861
913402640
913402640
845819861
913402640
913402640
822238242
913402640
845819861
872645803
837837891
845819861
872645803
841895495
872645803
880367825
883194744
883194744
948990828
948990828
948990828
841895495
880367825
948990828
948990828
948990828
845819861
912159530
912159530
912159530
845819861
841895495
862031399
862031399
935692321
862031399
912159530
862031399
891880803
837837891
862031399
883194744
935692321
837837891
935692321
899688025
961298158
961298158
961298158
956736936
847940508
961298158
956736936
956736936
956736936
956736936
956239882
956239882
956239882
956239882
956239882
847940508
935692321
956239882
956239882
935692321
899688025
956239882
935692321
956239882
956239882
880775723
880775723
956239882
922620850
922620850
847940508
862031399
961298158
880775723
862031399
862031399
862031399
880775723
880367825
862031399
880367825
880097242
880097242
847940508
880097242
880097242
880097242
880097242
961298158
847940508
847940508
961298158
961298158
862031399
847940508
847940508
847940508
839144987
847940508
970602383
841895495
831018659
841895495
837837891
839144987
831018659
837837891
839144987
831018659
922620850
876123048
835034994
961298158
876123048
876123048
871202723
831018659
922620850
903296487
903296487
903296487
903296487
903296487
903296487
903296487
876123048
855333920
831018659
876123048
839144987
835034994
839144987
839144987
822233790
831018659
831018659
829110228
831018659
837837891
831018659
831018659
839144987
933298449
837837891
831018659
828796007
822238242
994060303
822233790
831018659
828796007
834485284
825442251
901922840
901922840
901922840
901922840
869552480
971093002
971093002
869552480
971093002
901922840
869552480
847456550
869552480
869552480
998855467
998855467
998855467
885875462
869552480
847456550
941708843
825442251
950566624
950566624
847456550
847456550
847456550
950566624
822238242
948899972
948899972
822233790
822233790
941708843
818962965
811563378
822238242
822233790
811563378
811563378
941708843
811563378
941708843
941708843
941708843
811563378
811563378
822238242
832846313
811563378
829110228
811563378
832846313
811563378
829110228
828796007
887374919
898137620
898137620
801865455
898137620
801865455
898137620
943479291
943479291
943479291
943479291
943479291
943479291
913654458
913654458
913654458
943479291
913654458
832081146
898137620
952784744
913654458
913654458
896165682
898904673
898137620
952784744
896165682
913654458
887374919
913654458
853887130
898137620
987261817
987261817
987261817
853887130
987261817
880361866
987261817
887374919
832081146
880361866
853887130
987261817
987261817
881939431
881939431
801865455
998709719
832081146
794574406
837837891
853887130
801865455
980897299
980897299
980897299
896210733
896210733
980897299
980897299
980897299
980897299
980897299
896210733
980897299
980897299
845294891
896210733
952784744
885157319
885157319
896210733
896210733
896210733
896210733
952784744
952784744
885157319
885157319
868694230
868694230
885157319
868694230
868694230
885157319
868694230
885157319
885157319
868694230
885157319
885157319
849834257
868694230
885157319
868694230
846334183
845294891
846334183
794574406
948316213
948316213
868694230
948316213
794574406
948316213
948316213
948316213
789282225
877690421
794574406
877690421
811563378
801865455
845294891
837837891
853887130
845294891
811563378
794574406
969044644
969044644
845294891
785743618
794574406
853887130
794574406
794004952
794574406
845294891
811563378
855842442
811563378
794574406
831018659
794574406
831018659
811563378
915805489
915805489
915805489
915805489
915805489
915805489
915805489
930684392
848326442
874481959
914717694
848326442
876315990
874481959
876315990
848326442
848326442
848326442
848326442
837837891
848326442
855842442
848326442
843601057
843601057
791440043
811563378
843601057
843601057
843601057
843601057
848326442
829110228
855842442
843601057
843601057
785743618
811563378
843601057
843601057
843601057
879910545
794574406
811563378
811563378
794574406
855842442
794574406
794574406
831018659
794574406
794004952
785743618
828796007
897603645
897603645
855842442
811563378
791440043
794004952
791440043
791440043
829110228
791440043
789282225
828796007
831018659
855842442
958889882
958889882
801865455
958889882
958889882
958889882
801865455
791440043
785743618
831018659
796162611
789282225
789282225
968708428
789282225
968708428
811563378
968708428
968708428
801865455
968708428
801865455
829110228
801865455
968708428
968708428
916810891
968708428
829110228
789282225
789282225
785743618
789282225
916810891
789282225
811563378
785743618
977156109
791521665
785743618
791521665
824798676
787701442
785743618
930949591
930949591
930949591
930949591
930949591
930949591
930949591
848847105
848847105
848847105
848847105
785743618
930949591
848847105
821975778
785743618
848847105
972117699
821975778
821975778
947145593
947145593
947145593
947145593
947145593
972117699
972117699
850068529
947145593
995854527
821975778
995854527
995854527
995854527
995854527
995854527
907434001
995854527
995854527
907434001
907434001
930949591
853318524
791571710
853318524
938520291
879910545
850068529
848847105
848847105
864694742
930949591
864694742
797204335
864694742
836906821
850068529
880692703
880692703
936145123
880692703
880692703
850068529
936145123
936145123
936145123
864694742
936145123
936145123
880692703
845749124
850068529
839621976
850068529
916810891
936803855
839621976
936803855
864694742
936803855
936803855
845749124
880692703
845749124
845749124
916810891
845749124
904017560
904017560
904017560
904017560
904017560
844654809
845749124
839621976
904017560
841681721
845885952
831800142
821975778
810372572
844654809
845885952
821975778
850068529
888714395
844654809
888714395
864694742
956078844
956078844
956078844
879910545
845749124
844654809
813199342
840261226
840261226
845749124
905073866
844654809
813199342
840261226
840261226
973387261
813199342
973387261
789282225
840261226
840261226
831800142
840261226
864049622
864049622
863453912
864049622
904017560
863453912
813199342
839621976
810372572
813199342
813199342
791571710
845885952
810372572
791571710
788824580
813199342
781560238
813199342
788824580
810372572
813199342
821975778
922969487
810372572
825382811
825382811
791571710
845885952
825382811
825382811
821975778
797204335
821975778
813199342
797204335
813199342
791571710
789282225
810372572
797204335
785743618
785743618
813199342
785019024
785743618
798118835
781560238
810372572
785604650
785604650
821975778
781560238
957241664
957241664
957241664
798118835
957241664
957241664
785019024
785019024
798118835
785604650
810372572
779645892
779645892
810372572
785604650
778187850
831800142
810372572
810372572
781560238
791571710
797204335
941011820
785743618
834485284
910368285
910368285
910368285
797204335
797204335
779645892
837837891
815668874
797204335
785604650
785604650
785743618
854277122
830692593
785743618
780973243
779645892
791521665
780973243
791571710
777029342
834485284
761624036
780973243
815668874
773486045
779645892
773486045
780284472
841681721
779645892
777029342
791571710
955142413
780973243
797204335
955142413
770012150
780973243
773486045
773486045
954019784
785604650
788222969
791571710
834485284
780284472
950836978
950836978
793868635
778187850
773486045
845885952
777029342
788222969
762057169
773486045
815668874
785604650
833635985
956311754
956311754
956311754
956311754
956311754
956311754
833635985
833635985
956311754
833635985
956311754
956311754
833635985
956311754
833635985
833635985
833635985
956311754
956311754
777206581
956311754
956311754
762057169
833635985
833635985
773486045
799234763
810372572
788222969
799234763
925017921
807301790
925017921
925017921
925017921
925017921
925017921
925017921
773486045
964326792
964326792
778187850
964326792
964326792
964326792
842490645
805609906
925017921
925017921
799234763
804677270
805609906
841681721
777206581
785743618
815668874
777206581
925017921
773486045
831800142
785743618
791571710
791571710
793867402
773617802
925017921
793867402
801865455
777029342
925017921
902910812
925017921
902910812
888763200
888763200
888763200
888763200
780284472
780973243
888763200
775059496
775059496
925017921
775708889
793867402
925017921
894183295
770012150
791521665
955532708
955532708
955532708
955532708
777029342
816319193
842490645
816319193
792489933
777206581
761624036
775708889
780419133
837837891
770012150
793867402
896288549
896288549
896288549
896288549
799419937
780973243
775708889
896288549
780284472
823606519
823606519
810267312
810267312
810267312
896288549
810267312
810267312
810267312
810267312
883194744
858088269
775708889
858088269
769794527
762451642
770012150
777029342
799419937
762057169
785604650
777206581
788222969
856577496
964325558
964325558
964325558
762057169
856577496
964325558
853752760
853752760
853752760
853752760
761624036
853752760
853752760
780284472
778187850
775708889
775059496
773158198
777206581
775708889
778187850
785604650
955742594
761624036
788222969
785743618
930499787
930499787
930499787
955742594
775708889
785604650
777029342
769794527
775059496
955742594
785604650
955742594
785604650
773617802
777029342
770012150
791521665
778187850
777029342
801865455
780284472
801865455
773617802
750023472
835694476
780973243
780973243
835694476
923555845
775708889
923555845
923555845
923555845
925775784
925775784
767907431
923555845
925775784
925775784
762451642
923555845
914841172
923555845
914841172
923555845
914841172
914841172
914841172
761345698
761624036
914841172
885350751
835694476
778187850
761345698
775059496
780973243
778187850
761345698
835694476
778187850
770926401
792489933
831800142
770012150
767907431
777206581
773617802
777029342
770926401
788222969
770926401
770926401
766867801
963262298
963262298
963262298
963262298
963262298
770926401
788222969
770926401
800885959
872547454
762057169
777029342
770926401
773158198
797204335
797204335
793867402
775059496
778187850
766867801
766867801
791571710
920856279
920856279
938183001
938183001
920856279
920856279
920856279
766867801
920856279
920856279
769794527
821975778
752562410
773617802
778187850
775708889
770926401
770012150
930984058
773071555
785743618
973040802
973040802
804677270
773617802
752562410
782907854
815668874
782907854
785743618
834485284
782907854
782907854
975051400
785743618
815668874
782907854
782907854
785743618
834485284
791571710
837837891
782907854
815668874
770926401
773158198
762057169
762057169
799419937
794066537
828409373
828409373
794066537
828409373
828409373
828409373
773617802
797204335
799419937
773158198
766867801
765424812
765424812
886768614
886768614
773617802
760508638
767907431
800885959
780973243
831800142
769794527
959544720
800885959
773071555
788222969
788222969
775059496
769794527
780973243
831800142
777206581
834485284
770012150
770926401
777206581
793867402
785743618
765424812
778187850
765424812
773071555
778187850
769794527
834485284
765424812
780284472
831800142
773158198
810372572
778187850
765424812
767907431
797204335
841681721
777206581
773071555
780284472
770654737
773071555
804677270
777206581
773158198
974729086
974729086
769686657
770926401
766867801
766867801
993163194
993163194
993163194
993163194
868380356
868380356
974729086
868380356
868380356
868380356
868380356
868380356
868380356
868380356
974729086
868380356
783904932
974729086
973036197
995065341
841430832
973036197
995065341
995065341
976558344
999641627
976558344
973036197
976558344
976558344
976558344
999641627
961963655
995065341
976558344
976558344
976558344
999641627
973036197
976558344
961963655
976558344
973036197
961963655
973036197
961963655
879767404
879767404
877030978
873704778
873704778
873704778
873704778
974729086
989885853
841430832
989885853
989885853
873704778
877030978
873704778
873704778
877030978
873704778
873704778
877030978
873704778
877030978
891519720
973911468
973911468
973911468
950822025
950822025
973911468
973911468
973911468
919169668
950822025
950822025
901732806
901732806
891519720
891519720
891519720
891519720
891519720
891519720
961640276
961640276
891519720
891519720
868380356
841430832
868380356
873704778
821667951
813044505
877030978
868380356
813044505
960701875
841430832
873704778
841430832
841430832
793350868
877030978
873704778
824540067
873704778
919169668
793350868
841430832
841430832
873704778
831331607
831331607
793350868
868380356
817847737
868380356
868380356
817847737
958287590
958287590
873704778
958287590
793350868
868380356
793350868
793350868
809474560
868380356
989953669
793350868
891519720
891519720
859594892
859594892
859594892
793350868
793350868
891519720
777521052
809401634
891519720
809401634
777521052
859594892
777864710
777521052
996702575
996702575
777864710
996702575
996702575
800885959
868380356
777521052
800885959
809401634
777521052
777521052
793350868
859594892
773158198
777521052
777521052
868380356
777521052
777521052
777029342
777521052
770012150
891519720
777521052
974729086
891519720
785743618
766867801
806855817
806855817
806855817
806855817
974729086
773158198
891519720
777029342
891519720
797204335
766867801
785743618
777206581
951750893
951750893
857433585
974729086
793867402
865352748
974729086
851270463
865352748
865352748
851270463
865352748
994725596
994725596
775780667
788222969
810372572
994725596
775780667
819764186
777029342
793867402
785743618
775780667
775780667
947722812
771456893
947129357
984233655
866286575
947129357
947129357
894201023
947129357
971414441
965756666
866286575
971414441
866286575
894201023
947129357
766867801
801865455
894201023
971414441
894201023
775780667
868380356
947129357
766867801
804677270
793867402
773071555
773071555
762057169
947137353
992281673
801865455
971414441
904993938
938426065
904993938
904993938
904993938
904993938
932802826
775780667
777029342
932802826
773134103
780284472
961962097
996808814
996808814
904993938
996808814
841961119
898592102
972763807
961962097
961962097
961962097
904993938
846206410
841961119
841961119
926879603
881478112
898592102
971414441
846206410
846206410
904214798
872036112
872036112
872036112
872036112
971414441
971414441
841961119
872036112
872036112
971414441
872036112
841961119
872036112
777216544
872036112
808352413
872036112
872036112
808352413
872036112
808352413
872036112
947129357
872036112
872036112
775059496
793867402
872036112
791571710
777216544
841961119
872036112
773158198
791571710
872036112
791571710
872036112
810372572
777216544
773134103
837837891
773158198
810372572
884547222
884547222
884547222
841961119
801865455
831800142
771336021
777029342
852472492
773134103
771336021
771336021
779576218
806896107
806896107
806896107
806896107
938426065
773134103
917985470
938426065
806896107
917985470
938426065
917985470
773134103
917985470
773134103
775059496
780973243
994847569
994847569
775059496
841681721
777206581
775059496
771336021
810372572
779576218
785604650
771336021
782583368
775059496
882854988
780284472
806896107
852472492
810372572
810372572
780973243
999989122
771336021
773158198
806896107
806896107
780284472
775059496
780284472
771336021
841681721
889593506
777521052
771336021
889593506
762451642
889593506
889593506
889593506
777521052
777521052
777521052
831749666
785743618
841681721
837837891
806896107
771336021
785743618
773071555
779576218
898848700
898848700
898848700
898848700
898848700
777206581
960712166
960712166
779576218
779576218
771317321
771317321
779576218
762451642
773071555
777521052
831800142
771317321
771317321
922834833
831800142
773134103
762057169
777521052
764979917
777206581
806896107
785743618
771336021
883194744
767907431
785743618
777206581
960331568
897399981
960331568
897399981
897399981
960331568
897399981
897399981
897399981
770926401
852472492
777206581
831800142
943280025
923293514
865081233
937436590
923293514
923293514
870395603
762908774
773134103
849490509
849490509
795058180
849490509
849490509
881202823
969117372
969117372
867806532
969117372
795058180
881202823
770654737
867806532
931635183
777739201
900148042
777739201
762908774
777739201
881202823
777739201
771336021
900148042
765424812
881202823
968238691
773876881
765136032
968238691
968238691
968238691
792559818
792559818
771336021
765136032
947720321
931635183
931635183
931635183
992644981
992644981
992644981
992644981
992644981
992644981
992644981
992644981
992644981
992644981
992644981
943524922
943524922
943524922
943524922
943524922
838091122
838091122
838091122
765136032
955672722
955672722
800038291
955672722
800038291
800038291
838091122
838091122
837311195
955672722
837311195
955672722
900951950
900951950
900951950
900951950
837311195
765136032
769759162
765424812
838091122
900951950
931635183
900951950
792559818
770012150
931635183
931635183
953856711
847726657
867806532
847726657
953856711
993919321
867806532
953856711
953856711
953856711
847726657
847726657
953856711
847726657
847726657
792559818
867806532
837311195
931635183
979655680
991585226
941595420
941595420
941595420
842157215
842157215
842157215
979655680
867806532
821049229
788809239
788809239
923756565
923756565
979655680
848059158
788809239
848059158
901218824
901218824
901218824
901218824
788809239
788809239
842157215
770926401
867806532
788809239
867806532
788809239
842157215
821049229
985228336
792559818
821049229
788809239
788809239
788809239
950232361
932394530
792559818
788809239
788809239
831800142
788809239
788809239
788809239
933461542
933461542
783764826
765424812
785743618
933461542
778593736
820335775
778593736
783764826
765136032
765424812
783764826
773071555
770654737
771336021
765136032
765136032
765424812
820335775
775708889
765136032
773134103
785604650
769686657
773071555
770926401
784615109
820335775
770926401
783764826
777206581
769759162
770012150
765136032
771336021
939603738
765424812
771336021
771317321
771317321
777206581
771317321
770654737
777206581
765136032
770654737
771317321
970263027
970263027
931635183
820335775
770012150
771336021
760508638
777206581
777206581
841681721
791571710
770012150
773158198
773158198
784615109
973038425
921452427
957291154
771317321
921452427
770654737
921452427
922062969
980120619
922062969
957291154
773071555
957291154
767653900
771317321
767653900
775059496
922062969
767653900
767653900
769686657
922062969
850412357
767653900
852472492
850412357
771317321
760508638
820335775
850412357
771317321
850412357
990923440
990923440
990923440
990923440
990923440
990923440
990923440
970786496
850412357
839995859
839995859
928726013
767653900
762908774
765424812
850412357
932752492
932752492
771317321
767907431
771317321
762908774
859517497
859517497
762908774
773134103
764501137
777206581
765136032
764979917
859517497
771317321
918826348
767653900
764501137
918826348
918826348
765136032
918826348
918826348
918826348
918826348
918826348
918826348
918826348
830434519
830434519
830434519
788147647
859517497
788147647
764501137
986651352
764979917
986651352
788147647
986651352
830434519
793933793
861673254
913401216
913401216
861673254
764501137
861673254
800885959
805838544
805838544
805838544
805838544
805838544
805838544
805838544
793933793
770654737
771317321
771336021
771336021
770654737
771317321
764979917
945422991
945422991
945422991
945422991
765424812
769759162
883829098
764501137
764979917
883829098
883829098
974729086
764501137
773134103
841681721
837837891
944199693
944199693
944199693
762451642
761345698
765136032
820335775
785743618
767907431
783764826
765136032
781736681
771317321
773158198
762199474
804677270
783764826
773158198
771666160
771666160
885028373
762199474
767907431
761345698
784615109
765136032
785743618
760508638
784615109
820335775
773134103
781736681
820335775
785743618
771666160
773158198
781736681
771666160
764979917
771666160
764501137
767653900
764501137
760508638
770654737
841681721
771317321
762451642
771666160
770012150
771666160
773134103
801986887
770654737
779576218
775708889
777029342
801865455
752562410
777029342
810372572
910717551
910717551
910717551
910717551
910717551
910717551
910717551
910717551
910717551
896411341
896411341
979412381
979412381
979412381
979412381
979412381
979412381
979412381
896411341
842219849
784615109
841681721
761345698
842219849
842219849
842219849
915488747
915488747
775780667
974729086
770654737
797204335
770012150
759710217
792359895
792359895
792359895
762451642
761624036
771336021
769759162
771336021
769759162
764501137
769759162
765136032
764501137
774279889
760508638
777029342
771666160
770926401
773071555
761624036
777029342
767653900
759710217
771317321
801986887
769686657
775780667
761624036
780284472
777029342
765136032
777029342
777029342
859260445
859260445
859260445
859260445
859260445
859260445
771317321
771317321
882069603
769686657
852472492
770926401
835215324
762908774
770926401
806044860
835215324
770926401
835215324
806044860
762057169
797204335
773071555
780284472
808529365
806044860
755973201
808529365
771317321
806044860
760508638
880817745
880817745
785604650
880817745
880817745
880817745
880817745
880817745
913091070
913091070
913091070
880817745
913091070
880817745
880817745
880817745
824672515
824672515
780284472
913091070
771666160
775059496
824672515
775059496
775059496
880817745
880817745
771666160
824672515
880817745
824672515
797204335
770654737
765424812
999637100
880817745
952121694
824672515
952121694
952121694
999637100
775059496
779576218
952121694
952121694
999637100
999637100
785466607
761345698
770012150
824672515
952121694
824672515
770654737
880817745
775059496
890979735
890979735
890979735
787113143
806044860
764979917
765424812
778199781
778199781
769686657
778199781
789098036
773617802
769686657
770012150
806044860
771336021
771336021
981564951
926897728
981564951
926897728
926897728
981564951
981564951
767907431
806044860
806044860
968964257
770012150
770012150
806044860
762451642
835601234
771317321
764979917
806044860
835601234
761345698
762057169
835601234
770012150
762199474
806044860
769686657
982883851
769686657
982883851
982883851
771336021
770926401
771336021
773158198
797204335
773134103
762057169
799419937
771336021
773134103
852472492
828784924
828784924
759710217
820275550
770012150
796808473
796808473
884978254
884978254
861488992
773134103
767907431
771317321
773134103
765136032
767907431
797127637
768956900
767653900
789098036
886453909
766724467
762199474
771336021
771336021
818888669
818888669
818888669
818888669
818888669
818888669
770926401
818888669
818888669
770926401
764501137
760508638
915818670
767653900
770926401
905864889
765424812
925206479
956791205
818888669
898175181
925206479
898175181
925206479
767907431
762014493
865415116
803089848
865157486
865157486
865157486
760508638
865157486
762908774
755973201
803089848
770926401
803089848
765424812
922591371
766651122
865157486
769686657
865157486
865157486
767907431
865157486
767907431
770926401
767907431
803089848
803089848
770926401
767653900
768780457
803089848
759710217
770654737
770654737
925206479
796283865
774396073
796283865
796283865
962036158
968850423
774396073
962036158
803089848
962036158
862932443
962036158
962036158
796283865
796283865
962036158
962036158
851546308
851546308
962036158
789973198
789973198
789973198
919698858
919698858
774396073
789973198
829660027
757215544
829660027
765136032
762014493
766724467
769686657
803089848
769686657
768293834
766651122
803089848
762199474
767653900
769686657
768293834
831986716
821125609
831986716
821125609
821125609
821125609
779576218
757691402
803089848
803089848
975737394
769686657
841681721
975737394
773071555
764979917
975737394
769686657
975737394
757691402
769686657
769686657
766651122
765136032
773071555
761624036
803089848
769686657
765136032
766651122
764979917
769686657
761624036
761624036
762014493
767653900
874450286
803089848
830635179
830635179
755479318
768293834
757691402
767653900
757691402
764501137
837837891
761624036
887052460
812020350
887052460
887052460
887052460
887052460
773158198
768293834
767907431
850889565
850889565
850889565
850889565
766651122
764979917
767907431
764979917
765136032
850889565
761036000
788222969
768293834
761036000
779576218
768293834
932592177
932592177
932592177
797127637
788222969
932592177
797127637
766651122
761036000
773158198
797127637
760508638
779576218
761036000
762199474
761036000
998206516
998206516
762199474
761036000
773158198
762057169
767907431
771336021
762014493
762199474
764979917
797127637
797127637
762908774
784615109
768293834
869532503
768293834
762014493
869532503
761036000
771336021
961959953
961959953
761345698
961959953
961959953
961959953
762057169
762908774
761624036
762199474
761036000
761624036
768293834
997486810
997486810
791571710
997486810
997486810
757215544
767907431
812999020
812999020
812999020
988253805
761624036
988253805
988253805
761624036
759710217
988253805
763866081
822623387
988253805
761036000
762908774
759710217
761036000
838294817
761345698
838294817
838294817
760508638
761036000
838294817
762908774
761345698
788222969
785604650
877763201
877763201
877763201
856359345
856359345
846354659
856359345
856359345
856359345
761624036
894135819
761624036
887226577
788222969
887226577
887226577
887226577
887226577
940786031
940786031
887226577
799419937
785743618
851331554
851331554
887226577
887226577
887226577
851331554
851331554
887226577
851331554
886327804
851331554
851331554
887226577
851331554
851331554
887226577
978819742
851331554
978819742
978819742
978819742
928721170
862167435
851331554
911448827
851331554
851331554
851331554
935679326
851331554
923218786
923218786
923218786
923218786
935679326
935679326
935679326
851331554
923218786
889337434
800946415
889337434
800946415
797796838
889337434
889337434
889337434
889337434
907231912
907231912
907231912
851331554
800946415
800946415
813369244
760508638
759710217
813369244
760508638
797796838
760772357
807298847
766804725
813369244
766804725
766804725
793512989
813369244
766804725
907231912
797796838
813369244
951794507
951794507
818023770
818023770
759713208
760508638
818023770
818023770
818023770
818023770
818023770
793512989
818023770
913989718
818023770
951980905
951980905
793512989
951980905
951980905
802051653
951980905
797796838
802051653
807298847
797796838
793512989
802051653
760772357
802051653
818023770
807298847
954604454
759713208
954604454
954604454
954604454
954604454
863440104
802051653
807298847
807298847
807298847
797796838
807298847
863440104
794325074
863440104
794325074
807298847
802051653
794325074
839693664
885933339
794325074
812591204
831958017
797796838
797796838
797796838
964185150
812591204
831958017
831958017
831958017
913989718
820644185
831958017
831958017
831958017
839693664
820644185
820644185
831958017
820644185
839693664
894053370
894053370
894053370
894053370
894053370
894053370
802051653
969242948
969242948
797796838
969242948
797796838
797796838
812591204
807298847
797796838
812591204
872037727
794325074
794325074
830279523
901204858
901204858
846286680
901204858
901204858
901204858
901204858
830279523
830279523
794325074
951980905
901204858
901204858
951980905
872037727
873555600
873555600
794134891
794134891
873555600
797796838
812591204
797796838
807298847
794325074
866346033
866346033
872037727
872037727
866346033
866346033
941309015
794134891
941309015
794325074
794134891
794134891
941309015
941309015
797796838
794134891
941309015
797796838
793512989
794134891
941309015
863598029
771897189
793512989
804097753
793512989
827930537
872643176
804097753
999509469
872643176
941309015
835334681
872643176
941309015
793512989
925636737
941309015
925636737
854750817
925636737
925636737
925636737
854750817
854750817
854750817
925636737
925636737
872643176
854750817
854750817
941309015
854750817
941309015
807298847
872643176
792016506
915110958
961298483
871434171
915110958
915110958
915110958
793512989
794134891
794134891
794134891
835334681
793512989
804097753
915110958
941309015
794134891
794325074
975466463
975466463
851008558
983209333
983209333
941309015
805394390
983209333
983209333
805394390
983209333
793512989
983209333
804097753
941309015
983209333
983209333
941309015
791964376
804097753
811095521
983209333
941309015
851008558
851008558
941309015
941309015
811095521
941309015
793512989
791571710
791964376
788222969
941309015
791964376
887242877
887242877
804097753
887242877
887242877
915110958
802373459
802373459
795903924
887242877
795903924
802051653
915110958
794134891
887242877
941309015
794134891
795903924
966923963
966923963
966923963
799869493
966923963
966923963
966923963
872037727
957372701
957372701
892759389
957372701
892759389
892759389
892759389
892759389
795903924
965155156
965155156
965155156
892759389
965155156
965155156
965155156
965155156
904533620
904533620
904533620
950800173
950800173
904533620
904533620
848531030
904870794
904870794
950800173
904533620
795903924
875758208
875758208
904870794
799869493
799869493
799869493
795903924
793512989
795903924
848531030
910202274
910202274
910202274
910202274
910202274
910202274
910202274
910202274
910202274
910202274
910202274
910202274
791964376
966086755
966086755
966086755
851998196
851998196
966086755
851998196
915110958
892759389
892759389
791964376
910202274
848531030
795903924
941309015
910202274
795903924
793512989
892759389
830753853
793512989
791964376
851998196
910202274
848531030
787846517
793512989
913989718
793512989
961442811
961442811
961442811
961442811
791964376
851998196
907879288
791964376
907879288
792016506
851998196
911258377
792016506
910202274
911258377
885150368
911258377
792016506
911258377
910202274
791964376
885150368
907124555
825583551
791964376
857106617
857106617
825583551
825583551
825583551
787846517
910202274
794326830
787846517
793989976
793989976
913989718
931635183
830753853
787846517
795903924
793989976
793989976
793989976
791964376
904870794
792016506
795903924
892759389
910202274
787846517
848531030
830753853
910202274
787846517
892759389
797998599
948088777
797998599
797998599
799869493
921507690
797998599
910202274
791964376
785788183
797998599
787846517
797998599
769668237
797998599
792016506
892759389
785788183
910202274
785788183
907231912
892759389
769668237
848531030
791964376
913989718
791964376
791964376
892759389
769668237
785788183
950635856
769668237
872037727
950635856
793989976
771897189
950635856
914586033
797998599
914586033
914586033
796796899
796796899
796796899
796796899
913989718
771897189
797998599
892759389
766221544
792016506
785788183
771897189
996478428
771897189
785788183
771897189
785788183
905532404
905532404
848531030
825120200
905532404
905532404
825120200
905532404
825120200
848531030
774115186
848531030
910202274
771897189
856069002
907231912
864070860
864070860
812493482
766804725
812493482
864070860
830753853
812493482
872037727
910202274
771897189
774115186
902733941
902733941
774115186
838051392
851998196
856069002
838051392
766804725
766804725
982058659
805613566
805613566
805613566
830753853
805613566
892759389
856069002
805613566
805613566
818549519
818549519
818549519
818549519
774115186
856069002
851998196
910202274
905532404
938520291
797998599
790891273
856069002
818549519
886471272
880623981
887242877
978874556
978874556
790891273
990925929
880623981
936791098
936791098
990925929
936791098
936791098
936791098
936791098
936791098
774115186
936791098
936791098
821335046
790891273
790314081
821335046
805613566
790314081
790314081
790314081
790891273
805613566
790314081
805613566
790891273
761345698
983842619
912219381
809057003
848531030
766804725
905532404
956921454
851857012
851857012
766804725
766221544
851857012
766221544
983004349
983004349
983004349
983004349
974606723
974606723
983004349
983004349
983004349
904870794
983004349
983004349
983004349
931687677
952631976
952631976
907231912
952631976
915571520
915571520
915571520
915571520
983004349
986144514
986144514
986144514
986144514
986144514
986144514
991174999
947756932
947756932
947756932
947756932
947756932
947756932
947756932
947756932
947756932
912484706
797998599
828137450
947756932
769668237
947756932
851857012
905532404
912484706
864684478
830753853
907231912
864684478
912484706
864684478
864684478
910202274
864684478
864684478
766221544
864684478
910202274
848531030
805613566
848531030
848531030
851998196
766221544
758733017
769668237
797998599
797998599
769668237
907231912
763866081
766221544
766804725
830753853
799869493
848531030
765136032
774115186
760508638
761036000
851998196
759713208
757890372
800942226
760508638
910202274
757890372
760772357
797998599
760772357
905532404
997727587
802051653
997727587
933583612
997727587
933583612
760772357
861427792
793989976
762908774
793989976
861427792
872037727
954283268
762057169
954283268
954283268
954283268
954283268
872037727
758403900
758733017
774115186
761214136
905532404
762057169
795903924
797998599
759713208
861427792
760772357
759713208
905532404
799869493
781067189
793989976
781067189
757890372
795903924
884556860
884556860
935867663
770347350
861427792
884556860
770347350
884556860
884556860
884556860
884556860
884556860
884556860
852464140
884556860
852464140
785788183
770347350
795903924
852464140
770347350
797998599
990027257
892759389
990027257
835999879
835999879
835999879
835999879
760772357
835999879
759713208
916680595
904870794
835999879
916680595
916680595
916680595
770347350
835999879
770347350
770347350
835999879
856534096
770347350
856534096
856534096
856534096
863440104
835999879
878536074
878536074
878536074
892759389
835999879
856534096
856534096
905532404
856534096
856534096
861427792
835999879
770347350
793989976
780632437
863440104
797998599
780632437
770347350
770347350
770347350
770347350
763710499
793989976
829629096
829629096
835999879
763710499
829629096
829629096
830753853
863440104
829629096
829629096
758623692
763710499
893823315
764253291
802051653
764253291
892759389
851998196
759323950
764253291
797998599
797861909
757890372
764253291
829629096
830753853
829629096
793989976
797861909
830753853
759713208
858658612
830753853
858658612
774115186
858658612
797861909
797861909
797861909
961180570
961180570
995194933
818844561
859185272
961180570
818844561
961180570
961180570
818844561
995194933
961180570
859185272
818844561
818844561
957699141
957699141
818844561
818844561
837694637
837694637
837694637
933393947
933393947
933393947
957699141
837694637
957699141
957699141
904870794
859185272
922581723
949117294
957699141
949117294
904870794
859185272
957699141
859185272
997155306
997155306
997155306
997155306
997155306
818844561
818844561
997155306
818844561
818844561
887194542
887194542
997155306
899498760
818844561
899498760
818844561
818844561
899498760
830753853
899498760
904870794
863440104
818844561
859185272
853476477
904870794
864764200
864764200
889608044
889608044
889608044
864764200
897393148
863440104
864764200
864764200
864764200
853476477
995629691
995629691
995629691
853476477
853476477
995629691
864764200
864764200
853476477
966611604
966611604
973891770
966611604
973891770
934650569
922449838
934650569
922449838
980628250
980628250
980628250
911511507
980628250
980628250
911511507
980628250
980628250
934650569
973891770
934650569
922449838
911511507
973815316
922449838
910167892
911511507
973815316
911511507
965106090
965106090
973891770
911511507
911511507
911511507
853476477
911511507
905671707
911511507
922449838
922449838
818844561
853476477
911511507
909407141
911511507
911511507
922449838
911511507
853476477
905671707
899643181
922449838
899643181
973891770
855354962
973815316
973815316
905671707
905671707
905671707
909407141
909407141
899643181
909407141
938520291
909407141
832465746
909407141
863440104
909407141
832465746
889617120
899643181
899643181
868566122
899643181
899643181
868566122
884868791
926183753
926183753
868566122
962884751
962884751
962884751
897393148
962884751
897393148
962884751
868566122
962884751
884868791
962884751
853476477
962884751
855354962
868566122
962884751
889617120
868566122
832465746
853476477
884868791
884868791
859185272
853476477
851647441
859185272
851647441
851647441
904870794
832465746
853476477
851906541
851906541
855354962
851906541
868566122
853476477
868566122
904870794
954234861
853476477
954234861
851906541
954234861
853476477
868566122
851906541
851647441
853476477
851647441
954234861
954234861
868566122
962884751
868566122
962884751
832465746
962884751
857281883
868566122
954234861
999778977
851906541
857281883
973966409
973966409
962884751
973966409
832465746
973966409
851906541
973966409
954234861
954234861
973966409
851906541
859185272
851906541
962884751
817324982
832465746
832465746
954234861
864764200
954234861
962884751
954234861
853476477
851906541
817324982
962884751
857281883
864764200
962884751
984848676
984848676
984848676
846373836
853476477
846373836
853476477
857281883
853476477
846373836
922301866
830300105
922301866
853476477
887699810
851647441
864764200
864764200
830300105
851647441
851647441
820031817
851647441
974088333
926828198
926828198
974088333
926828198
926828198
817324982
851647441
851906541
851647441
851647441
955791756
830300105
926828198
814256741
832465746
820031817
899061126
899061126
899061126
899061126
853476477
820031817
846373836
832465746
817326392
820031817
817326392
817326392
846373836
853476477
852192702
818844561
804207225
832465746
846373836
846373836
814256741
832465746
830300105
830300105
832465746
818844561
848531030
810185925
830763681
851906541
818844561
892759389
863440104
830763681
830763681
816413102
931753831
814256741
816413102
814256741
931753831
851410782
851410782
931753831
817324982
830763681
889224167
816413102
817324982
889224167
830763681
861430408
858926599
861430408
858926599
851906541
861430408
858926599
843330538
858926599
904870794
846401499
843330538
817324982
846401499
846401499
817324982
829368322
892759389
837244269
829368322
830763681
861430408
815880099
815880099
804207225
804207225
830763681
830763681
832009678
829368322
829368322
830763681
817324982
830763681
810185925
816413102
810185925
817324982
814256741
816413102
816413102
830763681
816413102
817324982
830300105
816413102
938520291
816413102
892759389
848531030
814256741
830300105
817324982
854853885
854853885
854853885
854853885
899640323
899640323
899640323
938520291
996639079
970612489
899640323
896939530
896939530
896939530
996639079
996639079
899640323
996639079
854853885
808028831
808028831
804207225
810901103
830753853
808028831
810901103
830753853
884162710
830753853
804207225
818844561
830753853
803538219
918190003
918190003
982136631
996639079
805141334
805141334
803538219
803538219
804207225
918190003
803538219
803538219
812729188
803538219
803538219
918190003
803538219
830753853
830753853
831564062
831564062
996639079
831564062
804207225
996639079
831564062
831564062
803538219
803894159
845049128
845049128
845049128
845049128
918190003
803538219
812729188
804207225
918190003
804207225
803538219
804207225
803538219
818023770
802634793
804420923
804207225
918190003
932080810
932080810
965810846
965810846
965810846
981822461
965810846
804207225
792598297
803538219
798246793
899640323
803894159
798246793
881598750
881598750
967027996
967027996
798246793
967027996
835999879
881598750
964643490
964643490
964643490
904743542
881598750
892759389
962748370
962748370
962748370
962748370
962748370
932080810
932080810
932080810
881598750
881598750
842900960
798246793
881598750
892759389
923238007
819746970
798246793
881598750
829629096
833766621
815868562
829629096
845417873
845417873
845417873
842900960
792225150
792598297
997295975
997295975
991591465
997295975
997295975
797861909
997295975
997295975
796267316
792225150
792598297
815868562
792225150
792225150
815868562
881598750
792598297
802634793
881598750
881598750
874276067
874276067
874276067
881598750
796267316
874276067
865406920
865406920
865406920
865406920
865406920
792225150
792225150
865406920
904743542
815868562
815868562
815868562
797861909
865406920
865406920
792225150
835028887
792225150
835028887
791449122
835028887
966873194
796267316
802890000
792225150
792225150
803894159
802890000
791449122
900877281
900877281
900877281
803894159
790764701
802890000
892759389
817324982
792225150
790764701
830753853
790764701
910778280
807514297
833766621
830753853
892759389
807514297
807514297
807514297
790764701
947937111
792225150
792225150
908788698
802890000
848531030
971128066
971128066
868307008
796267316
980949085
791449122
791449122
833766621
791449122
844369923
803894159
790764701
807514297
817324982
790764701
802890000
835999879
833766621
797861909
802051653
796267316
830753853
797861909
790066845
790066845
790066845
817324982
792225150
835999879
801449109
791449122
801449109
792225150
790066845
892759389
792225150
802051653
790764701
794326830
790764701
874206838
835426665
793989976
874206838
790066845
874206838
835426665
790764701
790764701
835426665
795903924
835426665
783311115
957834097
957834097
957834097
957834097
817319403
874206838
817319403
817319403
817319403
835426665
797861909
940544675
940544675
817319403
833766621
817319403
784107057
874206838
817319403
817319403
817319403
817319403
784107057
817319403
817319403
790764701
792016506
791449122
791449122
791449122
784107057
833766621
981209671
784107057
790066845
892759389
784107057
790066845
790066845
784107057
966066909
966066909
966066909
966066909
790066845
990348893
966066909
971945467
971945467
971945467
971945467
929438611
971945467
971945467
971945467
971945467
971945467
792016506
966066909
966066909
909050277
966066909
929438611
909050277
966066909
892759389
929438611
909050277
797861909
790764701
790764701
790066845
784107057
919421623
806394375
955101968
806394375
806394375
806394375
870097272
955101968
870097272
955101968
870097272
955101968
870097272
806394375
870097272
870097272
870097272
806394375
955036753
870097272
955036753
955036753
806394375
859020597
806394375
870097272
870097272
870097272
787630810
974729086
806394375
787630810
806394375
790066845
792016506
859020597
791449122
783643995
799869493
787630810
787630810
794326830
803894159
820726771
797998599
820726771
943348370
943348370
943348370
943348370
820726771
820726771
908880237
943348370
908880237
792139033
908880237
943348370
943348370
820726771
943348370
843780203
787630810
843780203
843780203
787630810
783643995
843780203
783643995
806113175
806113175
781867627
996890403
996890403
996890403
996890403
996890403
996890403
996890403
907372138
907372138
907372138
907372138
907372138
907372138
790066845
862084709
907372138
907372138
862084709
862084709
862084709
791449122
862084709
790066845
889915543
781867627
862084709
889860478
907372138
889860478
795903924
791449122
784107057
784107057
784107057
781867627
848531030
904870794
793989976
793989976
907372138
869352698
869352698
781351558
848531030
783311115
879904388
963342248
783311115
802051653
988313414
988313414
988313414
988313414
988313414
848531030
963342248
953652173
953652173
787630810
953652173
953652173
811478770
993285196
953652173
993285196
993285196
781351558
782533769
784107057
857233892
857233892
857233892
857233892
857233892
857233892
857233892
857233892
857233892
790764701
996213234
996213234
996213234
953562720
835390186
877832723
835390186
877832723
784107057
781351558
781351558
781351558
835390186
835390186
835390186
835390186
781351558
799869493
784107057
784107057
996213234
802051653
907372138
996213234
781351558
784107057
781351558
819934276
819934276
996213234
996213234
819934276
781867627
781351558
819934276
907372138
887776975
891431744
784107057
781351558
783643995
791449122
783643995
790764701
974162266
987629345
974162266
987629345
987629345
781351558
781867627
967140349
781867627
781351558
848531030
778931574
781351558
791449122
781867627
781351558
781351558
778710540
861754489
778931574
848531030
788222969
778931574
778710540
778931574
781867627
788222969
781351558
781351558
785788183
799869493
785788183
887776975
813186095
860183309
813186095
860183309
907372138
860183309
907372138
781351558
791449122
790764701
778318040
773797960
778318040
778318040
778318040
773797960
862127898
776945866
862127898
862127898
778710540
901289411
901289411
901289411
901289411
901289411
791449122
901289411
901289411
785788183
901289411
781867627
901289411
781351558
776945866
862127898
785788183
781867627
860183309
781351558
918265834
791248507
791248507
918265834
918265834
773797960
778318040
799699122
799699122
987970582
987970582
987970582
987970582
994280895
994280895
987970582
994280895
994280895
987970582
987970582
987970582
987970582
918265834
799699122
860183309
799699122
781351558
918265834
778931574
887776975
926501745
987444891
987444891
957509576
929241366
860099187
957509576
957509576
918265834
860099187
799699122
864917485
888042950
888042950
888042950
860099187
860099187
860099187
778710540
860099187
799699122
864917485
864917485
799699122
957509576
860099187
781351558
776945866
860099187
860099187
778192849
776945866
776945866
776945866
807119017
807119017
781351558
778192849
890933855
773365704
773797960
778192849
957509576
773365704
778192849
773797960
799869493
799699122
773365704
773365704
797998599
797998599
885229810
774012658
773797960
905209667
773365704
905209667
905209667
885229810
794326830
774012658
773365704
773365704
794326830
773365704
780630804
769996816
799699122
764432809
927209164
773797960
769996816
769201101
774402310
911301714
911301714
911301714
911301714
911301714
764432809
765045345
851716572
785788183
910208958
910208958
851716572
851716572
826950521
764253291
840976483
895379371
762931846
895379371
933394821
840976483
895379371
840976483
767526839
765045345
840976483
765045345
840976483
769996816
840976483
785788183
895379371
840976483
799281566
794326830
799281566
799281566
885229810
799281566
799281566
799281566
762216869
972987036
972987036
972987036
762931846
972987036
972987036
773797960
769996816
762216869
946641077
766804725
764253291
762931846
885229810
857093052
857093052
857093052
813242643
857093052
857093052
885229810
857093052
789658436
929180474
789658436
813242643
957650435
957650435
957650435
957650435
957650435
857093052
789658436
789658436
789658436
789658436
789658436
789658436
789658436
789658436
943998639
799699122
931686756
931686756
840400442
840400442
943812666
780972167
785788183
943812666
931686756
931686756
807040574
840400442
840400442
848973282
848973282
848973282
807040574
848973282
848973282
848973282
807040574
807040574
807040574
789658436
799699122
807040574
789658436
780972167
789658436
780972167
780972167
848973282
785788183
850033323
850033323
848973282
978661805
789658436
978661805
978661805
850033323
978661805
978661805
850033323
978011949
794326830
850033323
978011949
850033323
850033323
850033323
850033323
850033323
850033323
850033323
850033323
789658436
850033323
850033323
952188979
771833660
885933339
789658436
788222969
790271219
794326830
790271219
763721049
773797960
790271219
767526839
765045345
790271219
762057169
765136032
785788183
794326830
762931846
765045345
765045345
771833660
800281608
780630804
765045345
848531030
762216869
785788183
762216869
785604650
762216869
788222969
774402310
765045345
881686427
781867627
881686427
881686427
762931846
970544660
761181267
762931846
819507334
765011604
762931846
781867627
765011604
762216869
765136032
780630804
788222969
788222969
784615109
763721049
794326830
764253291
791956279
791956279
791956279
791956279
765136032
764253291
781867627
810706970
810706970
810706970
765011604
810706970
952188979
810706970
886313819
810706970
810706970
769996816
886313819
886313819
810706970
912356040
912356040
912356040
912356040
886313819
803737869
810706970
765011604
803737869
803737869
797998599
763721049
761181267
810706970
762931846
765136032
810706970
773158198
810706970
765738005
765738005
761181267
783311115
761181267
762216869
773158198
840976483
781867627
764253291
763721049
765045345
783311115
770859443
765011604
799699122
989150491
989150491
989150491
870020026
840976483
800541598
942492887
800541598
800541598
784107057
840976483
762659755
982223459
765011604
794326830
773797960
764253291
762199474
774115186
770859443
765011604
784107057
763721049
799699122
774115186
770859443
856121709
762057169
762931846
785788183
762931846
762216869
765011604
765011604
831877693
831877693
831877693
770859443
762931846
794326830
781736681
762931846
764253291
761181267
761181267
762216869
949702395
844600766
844600766
844600766
891770152
891770152
891770152
974692758
891770152
844600766
967875817
967875817
891770152
844600766
770859443
844600766
844600766
844600766
762931846
773797960
763721049
761181267
862460700
762057169
762216869
794326830
762931846
762216869
762216869
763721049
839404013
844600766
931635183
794992209
909136407
794992209
762216869
781736681
952188979
762057169
773797960
781736681
781487920
770859443
804562308
761571159
761571159
773797960
774402310
937245187
901580837
963584486
987073794
903292937
987073794
963584486
937245187
901580837
960066359
848836314
960066359
937245187
848836314
901580837
960066359
960066359
901580837
960066359
974729086
773158198
786964635
960066359
770859443
768434547
960066359
786964635
786964635
781496913
786964635
984632346
984632346
984632346
971347648
860330154
860330154
960066359
781496913
904870794
786964635
922920801
922920801
922920801
871773187
922920801
960066359
983120516
983120516
983120516
922920801
960066359
983120516
960066359
870462250
922920801
983120516
983120516
960066359
960066359
922920801
922920801
983120516
922920801
870462250
903292937
903292937
903292937
870462250
975011355
983120516
975011355
860330154
975011355
975011355
903292937
860330154
860330154
870462250
839557740
839557740
860330154
922920801
922920801
870462250
860330154
896014491
922920801
860330154
870462250
952188979
930168208
930168208
930168208
836990400
930168208
839557740
839557740
836990400
870462250
860712513
839557740
839557740
860712513
836990400
839557740
812027841
779576218
773669436
822034908
811498451
811498451
811498451
793197030
793197030
867456095
867456095
773669436
781496913
974795525
974795525
807297049
793197030
773669436
807297049
781496913
793197030
775628226
793197030
763721049
774402310
807297049
781736681
807297049
768434547
781736681
768434547
768434547
768434547
839219111
807297049
839219111
839219111
839219111
761571159
768434547
807297049
768434547
774402310
780284472
768434547
768434547
762931846
805478879
783311115
763721049
805478879
805478879
805478879
923358677
805478879
805478879
978205610
978205610
978205610
883194744
923358677
923358677
762931846
805478879
759187068
805478879
805478879
761571159
805478879
981932079
999648961
905609512
999648961
999648961
762086847
999648961
762086847
999648961
869119394
762216869
869119394
869119394
931137658
937047739
759187068
762086847
937047739
759070791
981932079
762086847
931137658
931137658
931137658
974523290
931137658
762931846
931137658
762086847
931137658
759070791
931137658
768434547
981932079
762086847
940588688
768898653
762216869
957169808
957169808
957169808
957169808
957169808
957169808
964630848
964630848
957169808
905790886
964630848
964630848
964630848
964630848
905790886
981932079
957169808
905790886
905790886
847611190
932211994
847611190
847611190
910010931
910010931
910010931
847611190
910010931
910010931
910010931
758922264
910010931
910010931
910010931
910010931
962607348
962607348
962607348
910010931
962607348
962607348
910010931
906243729
909008881
906243729
962607348
909008881
909008881
906243729
906243729
909008881
909008881
909008881
878663646
773797960
896830790
759713208
781356816
936265945
770859443
799699122
759713208
936265945
761571159
781356816
936265945
761181267
762216869
762931846
781736681
759176885
781736681
856513942
856513942
761345698
952188979
980632973
980632973
980632973
980632973
781867627
930289621
936265945
759187068
936265945
917974469
930289621
917974469
980632973
761181267
980632973
936265945
762931846
773158198
773669436
917974469
978288869
930289621
762931846
761181267
948724280
783702951
948724280
783702951
952188979
783702951
779576218
783702951
829172362
930289621
917974469
930289621
760772357
930289621
829172362
761181267
762199474
829172362
879123137
917974469
917974469
779576218
871205619
773158198
871205619
765888528
781867627
791449122
774402310
759323950
762931846
765888528
773669436
759187068
759323950
762086847
774402310
765888528
799699122
765888528
759070791
781867627
765888528
779576218
885229810
885229810
768898653
761571159
759254472
766804725
794326830
781736681
762931846
781356816
762931846
779576218
759070791
762086847
794326830
762739759
782436385
782436385
782436385
765011604
781867627
892296277
892296277
782436385
782436385
759070791
782436385
782436385
765011604
782436385
794326830
759713208
759070791
781356816
797998599
950472748
758878306
759070791
759070791
784540626
950472748
950472748
841386651
764253291
784540626
916944122
916944122
916944122
952188979
916944122
766804725
916944122
784540626
904870794
852130912
763721049
852130912
896020221
896020221
896020221
818235026
896020221
896020221
896020221
818235026
818235026
849624741
818235026
849624741
849624741
818235026
759254472
818235026
765011604
849624741
831735120
831735120
965571717
986866142
986866142
831735120
986866142
986866142
818235026
759176885
818235026
986866142
762739759
763721049
952188979
759323950
986866142
818235026
759070791
818235026
759070791
952216433
759176885
986866142
818235026
904230026
818235026
759070791
759070791
759070791
904230026
801385693
986866142
801385693
986866142
801385693
917117227
917117227
904230026
952216433
917117227
986866142
801385693
952216433
761684268
801385693
758922264
849624741
849624741
801133386
801385693
801385693
759070791
801385693
952216433
801385693
761684268
952216433
768898653
990206186
990206186
990206186
758878306
762216869
952216433
762931846
894012901
952216433
759176885
894012901
758878306
967221109
765888528
784540626
967221109
967221109
873598878
873598878
873598878
768898653
873598878
873598878
758806534
759176885
873598878
932479742
791449122
761684268
759585814
932479742
759585814
784540626
791494451
803362734
803018009
933470017
933470017
933470017
893126918
933470017
933470017
893126918
929055211
929055211
933470017
849624741
929055211
933470017
763775467
775186424
791494451
775186424
791494451
794326830
803018009
763775467
763775467
885212996
885212996
885212996
885212996
865031087
865031087
815637550
815637550
765223481
765223481
815637550
865031087
950892572
926951143
950892572
950892572
859218134
865031087
926951143
926951143
765223481
765223481
859218134
765223481
859218134
765223481
791494451
859218134
859218134
763775467
815637550
799488116
799488116
803018009
815637550
799488116
799488116
803018009
768898653
775186424
775186424
763775467
784540626
775186424
797998599
791494451
797998599
775186424
794330907
794330907
797998599
775186424
775186424
775186424
794330907
794330907
930219403
759585814
758878306
933567130
933567130
849495375
762931846
902565008
902565008
779576218
902565008
902565008
775186424
902565008
849495375
955847046
955847046
955847046
902565008
849495375
762216869
759713208
779576218
849495375
779576218
758878306
902565008
762086847
763959230
763959230
848531030
765223481
759585814
904355633
904355633
904355633
904355633
765888528
775186424
758805194
758806534
775186424
759585814
779576218
763959230
904355633
791165660
791165660
904355633
791165660
904355633
791165660
779576218
902565008
763959230
758805194
774402310
902565008
990746006
990746006
765223481
758806534
758805194
902565008
758922264
758805194
779576218
763912331
762739759
805535927
805535927
805535927
882865100
902565008
768898653
758805194
902565008
902565008
765011604
765045345
758805194
763912331
758806534
758805194
765223481
771336021
766804725
854369084
854369084
758805194
854369084
759323950
794326830
761684268
779576218
768898653
775239226
788705703
775239226
775239226
768898653
897864238
759254472
897864238
758805194
914453364
952188979
914453364
906642631
790775669
906642631
974998223
906642631
901685481
901685481
901685481
783311115
827736027
827736027
827736027
827736027
827736027
897864238
914061241
827736027
827736027
827736027
790775669
790775669
790775669
771243770
799419937
771243770
759254472
765011604
773071555
987447134
758805194
987447134
987447134
987447134
987447134
759176885
758796550
758796550
758805194
758581993
761684268
758805194
765011604
762086847
993157097
805786016
993157097
805786016
805786016
909911566
974998223
961889302
909911566
961889302
909911566
883438931
865171132
765011604
883438931
883438931
783765969
805786016
883438931
797998599
765045345
883438931
887837011
783765969
758805194
883438931
783765969
913729848
799242974
913729848
913729848
799242974
913729848
799242974
799242974
799242974
799242974
865360384
783765969
865360384
799242974
913729848
865360384
865360384
799242974
865360384
773071555
842028512
761684268
883438931
799242974
762199474
913729848
775186424
799419937
758805194
775186424
762086847
952188979
783765969
758805194
791824368
791824368
913729848
791824368
762199474
771336021
928691709
938432186
938432186
758581993
773071555
783765969
901535263
797998599
765223481
764253291
764253291
765045345
766804725
766804725
758805194
763959230
761278994
761278994
758805194
758796550
758805194
901535263
761278994
758581993
762086847
762931846
758805194
932460501
952188979
762199474
761278994
773071555
901535263
758743645
762086847
768607701
773071555
935542763
935542763
801907660
935542763
801907660
791449122
761278994
761278994
922768002
758733017
762931846
761278994
759176885
794326830
955996421
955996421
955996421
758796550
955996421
768293834
758623692
758796550
758733017
955996421
762739759
796735929
955996421
796735929
793070024
761278994
922768002
784617140
784617140
761278994
761278994
981800985
955996421
851395685
796735929
955996421
765045345
784617140
955996421
925921170
985050656
861084743
861084743
791635107
925921170
925921170
861084743
955996421
791635107
861084743
802441397
802441397
925329989
925329989
925329989
925329989
925329989
925329989
925329989
955996421
925329989
925329989
925329989
837836803
837836803
837836803
837836803
925329989
925329989
925329989
827553870
802441397
802441397
905532828
827553870
803477975
952188979
803477975
802441397
936478805
936478805
791635107
802441397
803477975
802441397
837719267
802441397
913602428
936478805
802441397
937852121
832056184
936478805
862994748
827132890
827132890
862994748
827132890
827132890
827132890
827132890
777259054
913602428
802441397
777259054
791635107
777259054
777259054
777259054
893140391
893140391
777259054
777259054
777259054
777259054
777259054
777259054
992908491
928143184
928143184
928143184
928143184
762070633
987438086
762070633
758796550
890650835
758796550
771336021
765223481
797998599
890650835
971596475
765223481
762070633
759176885
762070633
759713208
764253291
762070633
773071555
758796550
945645445
954220815
758581993
945645445
844300783
945645445
945645445
945645445
945645445
954220815
945645445
945645445
945645445
758289572
765223481
899714604
814295304
814295304
945645445
814295304
945645445
766804725
834555336
954220815
899714604
899714604
899714604
945645445
834555336
966860404
966860404
954220815
899714604
814295304
950110608
954220815
834555336
814295304
834555336
834555336
834555336
899714604
758623692
814295304
758805194
758581993
899714604
799764393
758581993
814295304
763721049
762931846
924082583
924082583
924082583
924082583
945645445
924082583
814295304
924082583
924082583
924082583
999900604
999900604
999900604
999900604
999900604
780440084
999900604
799764393
780440084
999900604
814295304
780440084
780440084
916150290
916150290
916150290
814295304
780440084
780440084
994142139
905060853
994142139
994142139
994142139
994142139
905060853
905060853
945645445
905060853
905060853
905060853
758623692
945645445
780440084
780440084
799764393
839352047
839352047
839352047
780440084
964717843
758878306
964717843
889459061
780440084
780440084
758581993
762216869
758878306
797998599
758403900
950110608
760772357
870750052
870750052
950110608
954220815
863440104
814295304
794326830
950110608
758805194
780440084
780440084
758289572
758581993
763959230
861973494
861973494
861973494
861973494
861973494
758878306
814295304
762086847
814295304
758403900
758289572
758403900
758581993
765223481
945645445
762931846
784107057
758403900
758403900
758878306
945645445
758805194
758796550
810299731
810299731
810299731
810299731
796695325
810299731
762739759
768898653
758403900
985640789
985640789
765223481
765223481
932999258
766050813
932999258
766050813
857972918
967343979
967343979
967343979
985929635
967343979
985929635
967343979
894663975
818225299
832056184
818225299
954220815
832056184
766050813
769086079
789914251
769086079
760062769
769086079
895039110
895039110
769086079
895039110
895039110
879064988
895039110
879064988
879064988
879064988
879064988
864375968
864375968
797998599
852259552
890650835
766050813
760062769
782388739
782388739
890650835
765045345
766050813
766050813
874795144
759710958
774329776
774329776
874795144
774329776
874795144
774329776
760312791
774329776
760312791
760312791
874795144
764253291
935540830
935540830
870873871
862486774
990529029
771336021
870873871
870873871
874795144
862486774
862486774
760312791
862486774
862486774
870873871
862486774
760312791
771336021
862486774
862486774
874795144
881884223
759710958
874795144
810683376
862486774
862486774
874795144
810683376
810683376
760062769
810683376
810683376
760312791
874795144
810683376
791310433
810683376
791310433
791310433
791310433
791310433
791310433
761684268
784107057
763721049
791310433
863440104
791310433
799419937
888220036
888220036
888220036
998087789
998087789
888220036
812148493
791310433
844133657
759710958
791310433
789914251
758220052
758733017
791310433
760062769
762199474
764253291
759710958
949117205
949117205
758220052
949117205
758623692
765223481
758796550
765045345
949117205
758289572
949117205
915298077
949117205
915298077
949117205
915298077
967664666
930230102
967664666
967664666
967664666
967664666
988506001
930230102
930230102
988506001
915298077
770067525
770067525
770067525
915298077
770067525
915298077
758220052
949117205
759070791
989505904
758805194
758878306
765223481
763721049
989505904
989505904
989505904
863918886
989505904
989505904
863918886
989505904
989505904
989505904
820866856
915298077
915298077
989505904
886195192
886195192
863918886
771336021
820866856
807972775
807972775
761278994
763721049
758289572
758194760
762199474
915298077
758289572
922944986
922944986
922944986
922944986
784107057
866598391
915298077
783311115
758796550
866598391
949117205
915298077
966153371
966153371
966153371
798268950
866598391
963536494
758220052
936968408
936968408
758220052
936968408
798268950
783048435
915298077
763721049
759176885
783048435
798268950
758878306
958889904
762216869
758220052
764253291
762216869
758796550
762086847
915298077
758194760
758289572
783048435
846424693
846424693
846424693
949117205
915298077
866598391
889734438
793022186
949117205
793022186
865670079
865670079
953891002
865670079
953891002
865670079
865670079
954963043
915298077
865670079
915298077
865670079
865670079
865670079
865670079
865670079
865670079
865670079
865670079
846424693
865421901
865421901
865421901
764253291
865421901
865421901
915298077
758220052
758220052
902129269
853581634
853581634
865421901
865421901
863440104
835261682
835261682
865421901
835261682
853581634
865421901
865421901
849102301
865421901
835261682
835261682
865421901
849102301
835261682
835261682
853581634
853581634
853581634
853581634
890650835
845836358
845836358
835261682
835261682
835261682
845836358
830825576
758878306
830825576
974929284
835261682
835261682
835261682
835471353
974929284
835471353
835471353
988443364
988443364
896428639
940725261
988443364
988443364
988443364
988443364
940725261
940725261
830825576
940725261
835471353
940725261
896428639
835471353
988443364
835471353
988443364
976895455
766133317
976895455
976895455
976895455
976895455
835261682
835261682
863387070
863387070
863387070
984423918
984423918
863387070
863387070
860698089
835471353
860698089
860698089
860698089
860698089
984423918
860698089
860698089
849751781
849751781
849751781
849751781
808927388
835261682
835471353
843581076
843581076
839609727
843581076
808927388
843581076
888681688
843581076
888681688
843581076
808927388
839609727
835261682
819901929
808927388
819901929
808927388
835261682
835261682
808927388
808927388
819901929
926317982
819901929
819901929
835261682
808927388
835261682
835471353
808927388
808927388
888681688
808927388
835261682
808927388
926317982
808927388
793537654
793537654
793537654
888681688
793537654
793537654
793537654
793537654
793537654
793537654
782929080
793022186
774086030
793537654
793537654
808927388
793022186
793537654
787584955
808927388
793022186
782929080
774086030
774262634
774262634
783048435
774262634
791310433
791310433
774086030
888681688
791310433
766133317
766133317
774086030
774086030
774086030
766133317
774020270
774086030
863387070
766133317
921546611
890073162
890073162
921546611
890073162
890073162
890073162
890073162
890073162
890073162
888681688
766133317
890073162
766133317
890073162
890073162
844935035
890073162
844935035
766133317
765158982
765223481
765158982
765158982
765158982
863387070
765158982
765158982
890073162
765158982
768293834
988295341
988295341
988295341
890073162
765158982
765158982
890073162
890073162
849806090
849806090
979204824
758805194
765045345
903301580
903301580
791310433
890073162
849806090
903301580
903301580
903301580
903301580
903301580
903301580
890073162
903301580
849806090
759251273
816133667
759251273
890073162
947931042
947931042
816133667
816133667
867646514
759251273
816133667
835471353
758289572
762216869
805192505
835261682
910453292
910453292
910453292
816133667
758220052
816133667
758289572
893272240
893272240
893272240
890073162
758878306
773345568
762228615
758194760
782388739
782388739
758220052
793211239
773345568
758289572
793211239
759176885
890073162
890073162
760772357
758878306
793211239
761684268
758289572
758733017
890073162
758878306
793211239
758581993
758194760
793211239
805192505
765158982
757689020
793211239
793211239
758733017
758289572
764253291
835261682
804280905
758194760
949687036
949687036
764253291
949687036
790857291
790857291
865486891
790857291
758805194
763959230
758289572
790857291
927598993
790256168
927598993
927598993
790256168
758733017
927598993
927598993
758220052
782388739
758878306
758194760
774086030
762199474
758581993
758194760
761278994
789914251
805192505
757689020
991765793
757689020
870151919
870151919
870151919
870151919
870151919
804280905
758220052
804280905
759176885
805192505
990407273
835261682
990407273
774086030
757689020
761278994
763959230
841846235
841846235
841846235
841846235
916466047
942370410
916466047
805192505
779908345
779908345
779908345
757689020
757689020
757689020
758194760
779908345
759323950
758733017
757689020
762931846
783311115
757689020
759251273
775186424
758733017
784107057
782929080
774086030
782929080
773345568
782929080
758194760
805192505
757689020
942370410
974729086
759251273
782929080
762931846
981640323
774086030
757689020
826562604
758733017
826562604
783311115
763912331
762086847
762839132
757215544
757689020
757215544
757215544
866658513
781867627
765158982
920599034
762839132
762931846
758805194
775186424
763721049
763721049
759176885
991857709
991857709
991857709
991857709
991857709
991258831
991857709
918696162
934552266
991857709
991258831
991258831
934552266
918696162
918696162
918696162
991258831
934552266
991258831
991258831
918696162
918696162
918696162
761625996
758289572
761625996
934552266
799515578
799515578
966029727
966029727
966029727
966029727
760062769
966029727
966029727
966029727
758220052
966029727
762216869
758878306
761625996
763721049
773071555
986862909
966029727
804280905
757441908
759251273
757100719
864452246
974729086
864452246
758289572
757441908
758289572
966029727
864452246
864452246
757222012
953439874
864452246
757215544
864452246
758289572
913787721
757031348
913787721
913929227
913929227
913929227
913929227
913929227
768937444
768937444
913787721
875972416
875972416
966029727
768937444
771336021
758733017
934552266
888905906
888905906
888905906
888905906
888905906
888905906
760062769
760062769
757441908
766133317
966029727
757441908
758403900
888905906
757441908
757100719
875972416
773669436
755987606
813379057
813379057
813379057
813379057
875972416
764253291
965504674
757215544
875972416
965504674
965504674
884032051
937719757
988106004
988106004
988106004
988106004
763721049
759176885
762199474
767907431
884032051
937719757
767907431
884032051
760062769
937719757
884032051
855520432
758581993
758265139
758733017
758289572
758265139
758796550
855520432
758805194
855520432
757441908
937719757
795228742
875972416
755987606
875972416
758220052
761684268
826578627
795228742
819810818
819810818
951523953
937719757
819810818
826578627
819810818
875972416
819810818
875972416
819810818
937719757
757441908
951523953
819810818
755669882
916680559
916680559
990149445
990149445
916680559
990149445
916680559
816334441
923164355
916680559
916680559
923164355
916680559
866815868
916680559
902370191
902370191
868642877
868642877
868642877
902370191
916680559
937719757
902370191
902370191
868642877
819810818
849352240
868642877
868642877
916680559
868642877
868642877
868642877
868642877
819810818
868642877
868642877
866815868
866815868
866815868
866815868
866815868
819810818
866815868
819810818
937719757
819810818
819810818
819810818
816334441
802897109
802897109
816334441
937719757
795228742
777679495
901293330
795228742
802897109
758805194
901293330
802897109
901293330
833438411
808274390
875972416
795228742
757215544
906185892
906185892
906185892
906185892
795228742
814377783
761684268
937719757
814377783
777679495
795228742
777679495
972182402
972182402
795228742
808274390
816334441
777679495
757441908
821656404
821656404
838094066
777679495
757215544
981376218
981376218
981376218
981376218
981376218
967534834
967534834
967534834
808274390
802897109
821590359
761278994
916680559
827096147
821656404
827096147
827096147
808274390
785667132
785667132
885807957
885807957
761684268
821590359
937532114
916680559
818499472
818499472
818499472
916680559
814581770
814581770
916680559
814581770
814581770
821590359
755987606
821590359
814581770
808274390
765342743
866815868
821590359
814581770
765342743
758403900
757215544
814581770
758289572
755669882
814581770
757222012
761684268
777679495
940608021
757031348
956265142
956265142
956265142
940608021
757031348
940608021
940608021
758403900
940608021
757100719
760772357
759070791
883193022
883193022
883193022
758403900
893911958
893911958
755669882
893911958
893911958
759254472
790764701
893911958
893911958
893911958
758265139
861291509
893911958
789914251
761278994
760062769
767319588
893911958
777679495
861291509
760772357
948594138
948594138
948594138
948594138
948594138
948594138
948594138
948594138
838947486
866815868
861291509
879962769
879962769
838947486
838947486
808274390
797666874
777886777
797666874
802897109
797666874
777886777
777886777
797666874
797666874
761278994
863440104
808274390
803746551
803746551
803746551
803746551
803746551
777886777
803746551
777886777
777886777
771507371
816334441
797666874
755669882
762070633
757100719
771507371
802897109
797666874
755669882
758403900
999467135
808274390
771507371
774651095
755698105
757215544
797666874
782388739
797666874
771507371
771507371
755669882
759838379
771507371
776175277
759176885
771507371
835930091
787191179
940316851
940316851
940316851
940316851
940316851
905474929
940316851
905474929
905474929
905474929
797666874
787191179
757290879
782388739
771507371
837702485
837702485
861423800
948713896
948713896
948713896
834615332
925257935
976850521
976850521
976850521
976850521
976850521
861423800
976850521
976850521
861423800
925257935
925257935
925257935
900347615
900347615
834615332
834615332
757290879
834615332
834615332
925257935
860465882
925257935
900347615
834615332
834615332
834615332
925257935
834615332
810323699
855601036
810323699
855601036
855601036
837702485
837702485
837702485
837702485
792283007
792283007
792283007
792283007
983387750
983387750
761684268
983387750
989809426
989809426
989809426
989809426
757290879
767319588
831671024
953435349
767907431
831671024
831671024
831671024
773669436
792283007
953435349
773669436
759838379
761684268
757290879
810323699
758805194
765342743
758805194
758265139
792283007
765342743
765342743
767907431
758805194
897278963
762086847
948605575
897278963
850542570
850542570
850542570
767319588
850542570
850542570
850542570
850542570
850542570
767319588
850542570
804223902
850542570
804223902
823633377
850542570
823633377
804223902
823633377
758265139
871830590
986601608
966825572
966825572
999960106
999960106
850542570
999960106
999960106
999960106
804223902
966825572
804223902
804223902
757100719
755698105
850542570
758289572
758220052
755669882
933837977
933837977
933837977
933837977
933837977
933837977
933837977
758265139
933837977
933837977
804223902
757100719
773669436
917197876
972970909
972970909
917197876
972970909
972970909
972970909
917197876
917197876
808148995
808148995
808148995
808148995
808148995
808148995
972970909
758265139
766133317
757290879
808148995
757215544
791180852
791180852
761278994
762086847
776175277
791180852
792283007
789914251
856244837
856244837
755669882
755698105
792283007
758805194
792283007
993959357
792283007
758220052
792283007
905556345
773669436
905556345
792283007
792283007
864130897
757290879
763912331
765158982
805192505
765158982
792283007
799498114
757100719
896933110
791180852
896933110
896933110
799498114
755698105
849495099
915177144
755669882
757290879
757100719
915177144
799498114
915177144
915177144
755698105
920416957
920416957
762086847
849495099
969642958
755723641
767319588
889026107
920416957
957375371
957375371
984440763
761278994
985111875
985111875
985111875
944020470
908410529
889026107
984440763
944020470
944020470
949093915
949093915
928526352
949093915
949093915
938897416
949093915
949093915
949093915
938897416
920416957
938897416
928526352
949093915
949093915
949093915
849240056
889026107
949093915
928602941
949093915
949093915
889026107
928602941
928602941
889026107
863440104
889026107
928602941
928602941
928602941
949093915
928602941
949093915
928602941
869116993
928602941
949093915
933049712
933049712
933049712
949093915
928602941
949093915
869116993
889026107
869116993
849240056
849240056
849240056
849240056
849240056
849240056
849240056
949093915
761684268
849240056
833975830
816055598
816055598
799498114
816055598
816055598
919870246
919870246
919870246
919870246
919870246
812782256
919870246
816055598
812782256
812782256
799498114
812782256
812782256
812782256
773478840
768889372
768889372
768889372
755698105
757100719
799498114
765136032
764253291
767319588
765158982
758878306
799498114
782388739
755723641
755669882
767319588
758796550
949093915
996879197
884250697
884250697
941456447
949093915
884250697
941456447
941456447
884250697
910443594
941456447
941456447
884250697
884250697
884250697
949093915
949093915
854111395
884250697
759251273
757031348
765045345
884250697
755698105
758404848
883063079
884250697
883063079
884250697
761793931
883063079
883063079
912083908
940662465
784033506
963667171
912083908
963667171
928345689
963667171
928345689
963667171
963667171
928345689
927334502
928345689
912083908
927334502
949093915
928345689
927334502
927334502
927334502
863907412
927334502
912083908
942881035
912083908
942881035
863907412
863907412
863907412
863907412
863907412
758805194
758878306
758796550
942881035
759251273
766594894
896211674
986023340
819606201
986023340
986023340
986023340
986023340
986023340
896211674
840000381
840000381
840000381
840000381
840000381
946240864
840000381
946240864
840000381
840000381
949093915
808129090
808129090
828262301
808129090
772227411
808129090
808129090
828262301
929116676
886062314
929116676
857912421
886062314
942881035
962683902
857912421
929116676
929116676
929116676
962683902
857912421
808129090
789537254
789537254
972443393
972443393
972443393
972443393
972443393
755479318
938355415
808129090
929116676
808129090
941053469
998588292
941053469
929116676
789537254
985953096
929116676
934506329
763199267
929116676
772227411
766594894
808129090
929116676
934506329
991195191
934506329
985953096
991195191
991195191
772227411
985953096
932402380
985953096
890131248
932402380
819606201
890131248
890131248
890131248
942881035
809924296
828262301
829711987
789537254
963147349
809924296
980292021
980292021
980292021
901932845
963147349
963147349
980292021
809924296
841119461
809924296
928752354
928752354
928752354
963147349
928752354
755698105
928752354
755669882
766594894
808129090
772227411
894371256
789537254
829711987
789537254
970695332
970695332
901029096
763199267
940054745
763199267
766594894
763199267
763199267
829711987
755669882
763199267
894371256
766594894
763199267
766594894
755723641
840000381
766594894
829711987
766594894
766594894
755669882
763721049
763199267
781132059
762931846
789537254
828848400
828848400
828848400
828848400
884250697
828848400
828848400
828848400
828848400
980190790
802687475
781132059
781132059
886189963
840540547
840540547
781132059
781132059
781132059
840540547
802687475
781132059
754998602
949647038
789537254
781132059
781132059
781132059
818049655
949647038
755698105
949647038
802687475
804005053
948788013
802687475
755669882
771840160
771840160
771840160
773797960
757290879
772227411
805192505
949093915
791180852
791180852
771840160
884250697
757290879
757290879
761684268
860910243
860910243
773345568
853565212
880376616
773797960
899317805
758220052
899317805
805674670
853565212
899317805
789537254
885292564
885292564
885292564
885292564
885292564
789537254
885292564
757100719
885292564
789537254
805674670
758220052
805674670
755669882
805674670
937389007
937389007
832069618
832069618
832069618
832069618
832069618
832069618
798443804
798443804
865514897
802132178
798443804
945562900
802132178
798443804
828262301
802132178
828262301
798443804
865514897
865514897
865514897
828262301
865514897
773697243
773697243
865514897
887702257
887702257
968662606
968662606
968662606
887702257
968662606
968662606
968662606
969432383
887702257
887702257
969432383
969432383
887702257
865514897
801471943
969432383
969432383
962925693
865514897
887702257
853821371
853821371
853821371
798443804
887702257
887702257
853821371
779562951
853821371
853821371
853821371
886716167
853821371
801471943
801471943
789537254
801471943
977446871
789537254
977446871
977446871
977446871
789537254
789537254
779562951
789537254
760394691
813317700
813317700
813317700
758602088
779562951
870937748
870937748
779562951
870937748
847677381
870937748
870937748
847677381
870937748
870937748
870937748
870937748
870937748
779562951
847677381
847677381
779562951
850360999
850360999
850360999
779562951
850360999
801471943
760394691
850360999
779562951
757404589
828262301
800960909
908867175
908867175
852974263
852974263
852974263
852974263
852974263
758602088
852974263
779562951
760394691
825572558
825572558
758602088
758602088
760394691
773071555
758602088
774651095
800960909
782388739
760394691
758805194
758602088
766594894
829777329
774651095
755479318
829777329
766594894
772227411
758602088
892617787
892617787
763721049
765136032
805192505
773697243
755479318
771840160
895371538
895371538
757404589
798443804
757404589
758602088
761793931
764253291
798443804
961091893
961091893
961091893
961091893
961091893
766594894
771840160
961091893
778601804
961091893
778601804
761684268
756371821
878810719
960654296
960654296
960654296
778601804
878810719
758602088
778601804
761684268
778601804
960654296
778601804
762931846
791180852
758602088
756371821
756371821
778601804
757404589
784107057
781867627
758404848
758623692
781867627
757689020
756371821
762086847
756371821
778601804
758581993
765888528
771840160
756371821
862827867
862827867
786441631
923160665
923160665
923160665
951862088
888386232
888386232
814826466
814826466
814826466
871396147
884772831
859267891
884772831
762931846
757100719
902651459
826958439
826958439
826958439
826958439
778601804
756371821
758805194
952674215
952674215
952674215
758220052
952674215
952674215
952674215
952674215
952674215
781356816
778601804
952674215
952674215
789914251
765136032
756371821
952674215
778601804
778601804
762931846
967189414
900622415
967189414
900622415
900622415
900622415
900622415
789923104
761278994
771840160
789923104
789923104
921593567
757100719
758220052
824785844
921593567
950816322
950816322
800239756
980776957
980776957
980776957
919758054
919758054
789923104
980776957
950816322
796462208
919758054
919758054
800239756
974543603
800239756
974543603
974543603
796462208
800239756
800239756
757100719
800239756
800239756
757100719
757215544
796462208
796462208
889484408
796462208
800239756
796462208
871919795
950816322
871919795
774156105
785388675
950816322
800239756
785388675
871919795
839212656
871919795
785388675
785388675
785388675
950816322
789923104
838498985
766594894
853286910
972243881
972243881
756371821
972243881
972243881
972243881
789923104
972243881
972243881
757100719
774156105
789923104
889484408
789923104
774156105
889484408
889484408
779900894
757838270
779900894
754869920
907325854
779900894
755723641
779900894
779900894
762931846
774156105
757100719
969037126
969037126
930221571
969037126
774156105
879695737
774156105
755669882
774156105
756371821
852302274
879695737
852302274
879695737
852302274
852302274
852302274
852302274
828336203
828336203
754998602
912657975
828336203
828336203
828336203
828336203
758602088
758796550
771840160
912657975
771840160
835606132
771335299
771335299
758404848
774156105
846488618
774156105
835606132
771335299
846488618
771840160
779900894
755669882
757100719
852302274
772227411
912657975
912657975
757290879
754869920
968623530
754869920
757992223
757100719
762931846
778601804
759713208
755973201
761684268
758796550
778601804
755698105
780283816
780283816
789914251
755669882
755698105
780283816
761684268
780283816
758289572
871972980
754869920
871972980
871972980
780283816
780283816
780283816
766594894
757290879
757031348
789914251
778601804
755698105
831021342
762086847
762086847
755669882
755669882
904616336
831021342
831021342
831021342
831021342
828795001
828795001
755479318
758403900
830216311
831021342
826279956
828795001
826279956
826279956
826279956
828795001
826279956
902695343
902695343
902695343
902695343
902695343
902695343
902695343
828795001
758289572
822960406
828795001
826279956
826279956
775186424
967794288
789544291
972312658
972312658
972312658
982682778
972312658
972312658
972312658
972312658
972312658
972312658
972312658
972312658
954031222
832088151
832088151
954031222
954031222
955460017
967794288
955460017
955460017
955460017
955460017
955460017
970086125
965286656
832088151
970086125
965286656
965286656
918253412
965286656
965286656
955460017
965286656
965286656
918253412
954031222
955460017
954031222
954031222
918253412
988173986
988173986
832088151
988173986
988173986
918253412
954031222
918253412
918253412
885330753
918253412
918253412
918253412
911759004
918253412
918253412
885330753
886465775
911759004
885330753
918253412
909523986
918253412
918253412
909523986
909523986
989440227
822960406
909523986
882455062
885330753
882455062
889694062
889694062
882455062
889694062
882455062
882455062
897057273
919445585
897057273
889694062
789013833
832088151
839021121
839021121
822960406
832088151
789544291
832088151
785877041
789544291
754869920
789544291
789544291
758805194
755723641
789544291
871015520
789544291
871015520
871015520
885330753
871015520
871015520
789544291
871015520
871015520
818458980
775312597
789544291
775312597
775312597
775312597
789544291
775312597
789544291
789544291
759713208
775312597
754869920
789544291
789544291
789013833
762199061
775312597
775312597
771840160
775312597
772227411
757100719
781867627
763721049
762199061
773697243
762086847
762199061
762199061
804274763
887561151
887561151
887561151
887561151
774651095
887561151
887561151
822128465
759713208
887561151
887561151
804274763
804274763
804274763
804274763
762199061
856050189
762199061
757031348
757404589
756371821
762199474
754869920
778601804
773697243
760394691
757404589
773697243
762199061
755669882
762931846
758289572
765172199
783422907
783422907
778601804
773071555
755698105
755723641
760772357
754869920
990069806
762199061
762086847
767319588
779900894
885433712
885433712
755723641
885433712
758805194
885433712
885433712
885433712
778601804
885433712
885433712
758220052
754869920
933957199
885433712
933957199
842991778
765011604
842991778
842991778
761278994
758623692
755723641
782929080
781867627
754869920
756371821
760062769
766133317
778601804
832088151
759510999
771840160
870937748
760062769
778601804
771840160
754676806
869482038
869482038
869482038
869482038
869482038
832088151
771840160
869482038
754676806
920165858
755479318
767319588
762086847
757100719
773071555
762931846
754869920
755479318
760062769
755479318
757100719
781867627
757689020
757100719
938387001
938387001
933199016
781145681
755669882
933199016
754869920
933199016
775635430
918253412
775635430
775635430
771336021
762199061
771840160
761278994
762199061
762931846
778601804
757100719
764253291
758878306
758265139
831812228
762931846
759070791
758623692
762086847
761684268
758623692
999055462
999055462
999055462
999055462
909088214
909088214
761539488
764253291
761539488
773071555
764253291
761539488
761539488
758623692
758878306
775186424
761539488
761539488
754676806
771840160
755698105
759323950
756371821
762086847
766594894
761793931
755669882
754869920
754869920
773797960
785604650
754676806
765172199
755723641
755723641
764253291
755723641
762199474
771840160
753993240
762070633
761684268
757290879
782929080
755669882
765011604
773071555
785843714
756371821
988853356
988853356
988853356
758878306
775458983
754869920
988853356
988853356
775458983
775458983
773071555
981639768
981639768
757100719
848211427
821470109
758289572
759510999
991901200
992367649
781736681
766335605
948519628
949880168
948519628
949880168
949880168
758403900
944713027
856265676
944713027
863408369
944713027
785604650
944713027
773345568
944713027
944713027
981552442
981552442
838156254
981552442
856265676
755723641
759254472
856265676
856265676
757215544
985623939
898136809
856265676
898136809
898136809
898136809
985623939
889159587
889159587
889159587
759254472
898136809
898136809
889159587
898136809
856265676
889159587
766335605
846217550
889159587
846217550
846217550
889159587
889159587
755479318
959780327
846217550
856265676
856265676
856265676
959780327
898136809
898136809
856265676
855591760
791877199
992490153
856265676
992490153
992490153
791877199
992490153
992490153
846217550
815233643
992490153
937757309
992490153
937757309
992490153
937757309
937757309
846217550
846217550
846217550
856265676
856265676
937757309
937757309
937757309
846217550
855591760
937757309
815233643
855591760
898136809
846217550
815233643
856117311
846217550
898136809
856117311
858426114
858426114
846217550
858426114
858426114
858426114
866886433
866886433
924137144
858426114
858426114
866886433
866886433
924137144
866886433
837964925
856894233
951935852
951935852
856117311
866886433
856117311
866886433
872721927
872721927
872721927
872721927
823819347
856117311
815233643
846217550
846217550
846217550
846217550
856894233
815233643
796356971
823819347
846217550
796356971
791877199
838156254
838156254
758404848
759510999
761278994
755698105
759254472
758581993
771840160
761278994
771840160
823819347
837964925
856894233
755479318
807022580
757215544
967181210
967181210
758265139
761539488
942370975
755669882
807022580
754561997
762931846
755698105
807022580
938297161
759254472
758404848
757215544
758289572
757100719
766335605
757100719
938297161
754676806
773349868
773349868
761278994
773349868
885330753
807022580
832259996
832259996
856894233
837964925
832259996
832259996
964849695
964849695
773349868
773349868
781490351
823819347
773349868
781490351
757031348
823819347
964849695
818579965
818579965
758581993
892564987
892564987
892564987
807022580
892564987
892564987
892564987
994403754
994403754
823819347
994403754
952992119
892564987
952992119
952992119
755698105
759070791
754561997
757215544
757031348
892564987
754676806
995442659
759251273
995442659
995442659
892564987
807022580
783762868
892564987
783762868
754561997
823819347
783762868
783762868
761539488
790600420
790600420
892564987
840309699
753993240
790600420
757100719
783762868
783762868
754869920
840309699
762070633
758265139
868500356
938768807
783762868
754869920
755669882
761684268
758289572
759070791
892284750
758265139
902657856
783762868
761539488
902657856
902657856
757100719
753993240
876052193
902657856
902657856
876052193
762199061
985616641
985616641
837964925
985616641
762931846
756371821
820032682
822190953
822190953
822190953
822190953
820032682
820032682
820032682
829270455
829270455
829270455
829270455
829270455
985616641
901137769
901137769
901137769
829270455
829270455
829270455
878400338
758220052
805006608
758220052
878400338
805006608
805006608
805006608
892284750
754869920
754561997
892284750
754561997
754561997
921708080
758289572
948269427
819480601
819480601
819480601
819480601
819480601
829270455
819480601
990133973
819480601
819480601
829270455
990133973
990133973
990133973
819480601
819480601
816856766
816856766
753692734
829270455
816856766
892284750
829270455
816856766
892284750
829270455
820535673
816856766
816856766
754676806
756371821
820535673
829270455
829270455
754561997
756371821
754561997
816856766
816856766
755669882
762199061
829270455
758805194
776670165
776670165
829270455
756371821
829270455
829270455
761684268
762070633
757992223
761684268
757215544
761539488
908300811
945373385
753993240
829270455
912723035
912723035
802705289
912723035
802705289
802705289
802705289
802705289
802705289
885461918
885461918
885461918
885461918
885461918
885461918
885461918
802705289
791130789
802705289
912723035
761539488
802705289
947041466
947041466
947041466
947041466
947041466
755698105
802705289
778459846
778459846
918578786
947041466
892803176
947041466
892803176
982748975
982748975
982748975
982748975
776670165
754869920
755669882
802705289
982748975
977021584
776670165
977021584
755698105
977021584
977021584
753993240
802705289
972452801
972452801
972452801
972452801
972452801
972452801
754869920
755479318
755479318
763119536
754561997
754869920
758878306
754869920
802705289
785604650
783762868
768898653
758289572
755669882
904242302
765172199
840788732
785604650
802705289
754561997
758289572
754676806
763119536
783762868
823819347
783762868
754561997
757222012
754561997
758581993
783762868
763119536
923030490
757290879
923030490
785604650
771840160
763119536
761539488
763119536
755973201
983594253
983594253
983594253
983594253
983594253
983594253
951070752
764253291
951070752
951070752
951070752
951070752
766804725
763119536
759764808
759764808
867725739
867725739
867725739
759764808
759764808
763119536
867725739
759764808
961064620
961064620
785604650
783762868
766335605
961064620
883316891
883316891
809911330
961064620
961064620
961064620
829270455
883316891
759764808
883316891
931236176
759764808
931236176
931236176
988040391
962361816
931236176
962361816
883316891
842491200
962361816
883316891
883316891
962361816
962361816
962361816
962361816
809911330
888382984
888382984
888382984
882801066
978728281
842491200
882801066
881263027
759764808
881263027
759764808
881263027
881263027
881263027
978728281
978728281
787316451
882801066
756390854
879703330
787316451
882801066
879703330
879703330
879703330
912491543
912491543
759764808
787316451
879703330
842491200
756390854
765136032
763119536
955136271
762931846
955136271
955136271
761278994
761539488
955136271
955136271
955136271
842491200
952841938
952841938
759764808
952841938
952841938
856774352
856774352
856774352
911237428
819305603
911237428
792012001
759764808
765136032
757992223
756390854
758289572
756390854
911237428
904299849
762070633
904299849
911237428
940722224
940722224
940722224
940722224
940722224
940722224
940722224
940722224
766271073
891066663
940722224
891066663
891066663
884555657
891066663
911237428
891066663
891066663
891066663
878920176
860590969
860590969
860590969
878920176
860590969
766271073
842491200
766271073
819305603
766271073
771336021
766271073
819305603
766029786
766271073
881819614
881819614
881819614
881819614
881819614
819305603
819305603
766271073
766271073
762070633
766271073
759988819
759988819
766029786
956975621
758878306
796923090
796923090
796923090
796923090
796923090
796923090
796923090
956975621
783762868
766029786
796923090
766271073
783762868
842491200
771336021
783964685
759988819
759988819
760394691
760394691
759176885
783762868
766271073
759176885
771336021
755669882
771840160
766271073
766335605
761278994
755669882
948517706
758289572
761278994
771336021
758878306
795700372
761684268
761278994
829270455
790308260
843450125
843450125
843450125
980174231
888881255
790308260
761539488
995130199
995130199
995130199
995130199
995130199
754676806
995130199
756371821
995130199
995130199
995130199
995130199
755973201
995130199
897596218
980174231
995130199
843450125
995130199
754676806
761278994
980174231
790308260
759764808
754561997
758220052
790308260
843450125
948517706
761539488
948517706
757222012
843450125
790308260
790308260
755973201
790308260
790308260
755973201
756371821
755669882
905482409
905482409
905482409
995859031
995859031
970276107
995859031
905482409
995859031
970276107
959346980
995859031
995859031
995859031
905482409
970276107
970276107
970276107
970276107
970276107
959346980
959346980
959949052
914053360
929123314
975194530
975194530
959346980
929123314
929123314
959346980
929123314
959949052
959346980
959949052
959346980
929123314
905482409
770193206
930418871
930418871
959949052
930418871
930418871
930418871
929123314
892822982
930418871
930418871
768898653
929123314
905482409
891104220
930418871
891104220
874817031
874817031
874817031
930418871
910520451
910520451
910520451
896615807
910520451
868308468
896615807
896615807
896615807
869618297
896615807
868308468
790308260
868308468
868308468
874817031
868308468
869618297
869618297
957164795
868308468
914053360
868308468
766910296
760062769
974729086
869618297
758404848
758623692
838613603
838613603
756371821
838613603
838613603
869618297
869618297
869618297
817535456
756371821
753692734
838613603
753692734
838613603
756371821
838613603
838613603
758289572
838613603
753993240
768898653
770193206
758733017
768898653
914053360
753993240
753692734
753692734
770193206
758289572
790308260
771840160
857056021
753692734
760394691
766271073
754676806
893167787
893167787
801141645
801141645
801141645
801141645
801141645
893167787
755973201
893167787
900874454
900874454
900874454
893167787
893167787
893167787
893167787
893167787
801141645
893167787
801141645
893167787
782713382
801141645
801141645
801141645
893167787
915947385
782713382
915947385
852060462
915947385
915947385
782713382
915947385
782713382
950370134
915947385
915947385
790308260
946054931
782713382
946054931
946054931
848573086
848573086
978412879
984374590
984374590
984374590
984374590
984374590
984374590
984374590
984374590
984374590
848573086
984374590
984374590
848573086
978412879
978412879
978412879
880116370
978412879
938628967
938628967
848573086
848573086
759713208
772619388
880116370
759200889
759200889
880116370
808808061
759200889
772619388
759200889
848573086
880116370
807941638
782713382
759200889
939143150
939143150
939143150
939143150
759200889
753618827
759200889
801141645
905989406
905989406
772619388
782713382
760772357
929054754
765172199
810046810
757838270
765570034
853366259
760062769
974729086
853366259
758796550
853366259
772619388
929054754
886009417
929054754
801141645
762199474
959331800
959331800
754676806
848573086
759200889
771336021
759510999
753993240
770193206
772619388
869571018
869571018
869571018
869571018
869571018
869571018
926056308
773284935
926056308
869571018
926056308
926056308
926056308
926056308
816407516
773284935
816407516
926056308
926056308
926056308
869571018
773284935
859200899
882390328
794646179
794646179
794646179
782713382
816407516
782713382
773284935
816407516
794646179
816407516
757290879
773284935
759786619
965783868
965783868
965783868
770193206
774736865
863976315
830758590
766335605
774736865
816407516
759786619
774736865
816407516
774736865
908417637
774736865
830758590
759957367
765633664
774736865
774736865
816407516
774736865
759957367
759957367
759957367
774736865
978202677
978202677
962553631
978202677
978202677
774736865
978202677
976042052
976042052
976042052
976042052
962553631
962553631
962553631
944660140
944660140
947548683
962553631
944660140
889953377
944660140
962553631
947548683
944660140
939668163
939668163
944660140
944660140
973941355
973941355
939668163
944660140
982477880
939668163
939668163
982477880
982477880
982477880
936198360
982477880
982477880
982477880
982477880
982477880
982477880
889953377
982477880
982477880
982477880
889953377
889953377
889953377
935370188
935370188
935370188
982477880
973941355
973941355
939668163
973941355
973941355
944660140
944660140
889953377
939668163
935370188
939668163
935370188
935370188
891954567
891954567
891954567
891954567
889953377
877596625
928721588
928721588
928721588
928721588
928721588
928721588
891954567
887453819
877596625
830033685
891954567
889816689
944198364
830033685
830033685
768256266
944198364
877596625
768256266
926395311
889816689
877596625
908877416
828117949
978068991
978068991
978068991
978068991
944198364
908877416
978068991
908877416
889816689
889816689
877596625
830033685
889816689
889816689
877596625
877596625
889816689
847468759
828908791
877596625
828908791
830033685
877596625
812650129
839018319
839018319
877596625
839018319
839018319
944198364
877596625
839018319
790586658
839018319
783047755
830033685
816407516
816407516
828117949
790586658
828117949
828117949
828117949
793254987
877596625
839018319
812650129
828117949
812650129
793254987
793254987
839018319
793254987
793254987
791520725
828117949
768256266
793254987
783047755
934301239
791520725
828117949
791520725
828117949
765633664
793254987
807941638
791520725
807941638
790586658
783047755
791520725
791520725
790586658
790586658
783047755
773430206
790586658
783047755
810172008
810172008
810172008
810172008
790586658
790586658
790586658
768256266
790586658
792483038
807941638
784536608
784536608
773430206
773430206
773430206
773430206
773430206
768256266
774736865
759957367
759957367
830824858
765288004
830824858
830824858
765288004
897615071
830824858
759957367
830824858
830824858
771336021
830824858
904412214
904412214
904412214
904412214
984789844
984789844
767064644
984789844
755669882
984789844
984789844
984789844
897615071
944586078
944586078
863592622
863592622
863592622
863592622
850093660
793990874
793990874
793990874
793990874
793990874
793990874
793990874
793990874
793990874
793990874
793990874
920274775
793990874
767064644
759957367
793990874
759786619
767064644
793990874
765288004
816407516
828525163
828525163
772184993
765288004
772619388
772184993
801141645
790308260
772619388
816407516
759786619
991887979
991887979
765288004
757290879
759786619
766335605
760062769
756371821
769008600
765136032
759786619
772619388
767064644
765633664
878395177
801141645
766335605
878395177
878395177
878395177
878395177
878395177
878395177
759786619
878395177
766271073
766271073
759786619
930033835
930033835
930033835
801141645
801141645
769008600
757100719
757422701
759786619
759786619
758289572
772619388
757422701
759957367
767064644
757422701
757422701
757422701
762199474
757422701
757422701
754676806
757422701
757222012
754561997
802705289
822354828
986227676
986227676
986227676
986227676
822354828
822354828
814302713
814302713
768898653
757422701
755479318
789914251
759957367
757422701
766814935
924667721
781736681
924667721
924667721
924667721
906389836
757422701
766133317
785604650
906389836
786706160
786706160
786706160
758602088
825269848
825269848
825269848
825269848
825269848
786706160
766271073
786706160
886995890
886995890
988770411
886995890
886995890
759187815
786706160
759187815
759187815
759187815
886995890
886995890
766271073
765633664
765172199
761539488
774736865
760772357
765172199
886730283
964400795
964400795
964400795
991645018
886730283
991645018
991645018
991645018
759187815
991645018
908431717
777273051
863714245
886730283
964400795
863714245
964400795
966163130
966163130
787822778
848475515
787822778
855526264
787822778
787822778
787822778
848475515
848475515
869427444
832662447
848714059
855526264
977413715
848714059
832662447
848714059
832662447
832662447
787822778
787822778
787822778
832662447
815934261
832662447
832662447
832662447
787500305
815934261
787822778
787822778
777273051
777273051
813046663
813046663
813046663
759187815
813046663
815934261
759187815
815934261
977413715
972768262
972768262
972768262
972768262
885879685
934374746
934374746
934374746
934374746
885879685
885879685
934374746
885879685
885879685
934374746
885879685
759187815
885879685
933112127
957833892
933112127
933112127
885879685
759187815
957833892
957833892
992376723
886577513
957833892
992376723
930695664
934374746
787822778
886577513
777273051
777273051
992376723
992376723
777273051
787822778
785402177
777273051
785402177
785402177
838093463
838093463
777273051
813046663
905589073
905589073
760650498
759187815
905589073
935348100
905589073
759187815
813046663
992235098
992235098
992235098
992235098
787822778
785402177
760650498
815934261
992235098
880126231
880126231
880126231
758878306
880126231
880126231
813046663
858265571
755540022
755540022
755540022
787822778
811892500
811892500
942168581
818306734
818306734
818306734
942168581
818306734
818306734
942168581
940137329
940137329
940137329
818306734
818306734
818306734
818306734
814248247
940137329
940137329
813046663
813046663
814248247
818306734
785402177
787822778
992376723
755540022
908944052
896420639
896420639
765608831
896420639
896420639
765608831
765608831
755540022
811892500
765608831
765608831
934431745
934431745
861517060
861517060
765608831
854069637
854069637
854069637
765608831
755540022
765608831
915628584
915628584
799868263
755540022
992376723
915628584
755723641
977026973
977026973
759251273
761684268
977026973
755540022
977026973
765633664
977026973
765608831
762931846
915628584
753618827
760650498
759957367
915628584
992376723
753692734
765608831
758878306
760650498
760650498
766271073
754676806
757422701
765608831
765608831
753618827
755132652
753618827
759187815
765633664
759957367
766804725
858621611
774736865
858621611
765608831
761278994
758796550
759957367
757992223
766271073
761539488
754561997
799419937
765608831
787822778
761684268
759786619
774736865
753613044
757422701
765608831
759957367
809014011
809014011
761539488
809014011
894926169
894926169
953178179
992376723
809014011
889228633
889228633
889228633
765633664
889228633
889228633
809014011
754676806
757422701
755669882
756371821
754869920
809014011
778471353
902196193
809014011
809014011
778471353
902196193
778471353
778471353
778471353
889228633
778471353
778471353
762680155
762680155
754676806
762680155
902196193
816066546
882393286
816066546
816066546
765633664
762680155
765633664
762680155
759764808
762680155
787822778
753613044
758878306
762680155
878474350
782858355
896697417
878474350
782858355
878474350
782858355
782858355
958674978
965123813
965123813
965123813
880114559
965123813
965123813
958674978
782858355
958674978
840841012
834311331
834311331
965031438
834311331
754869920
757422701
918771609
918771609
781356816
965031438
766133317
755723641
759957367
965031438
754561997
753618827
770193206
754869920
758404848
907044742
907044742
907044742
918771609
799419937
907044742
963339125
974729086
779904757
834311331
983324167
983324167
983324167
782858355
983324167
809001989
856339673
856339673
856339673
809001989
809001989
787822778
809001989
779904757
794797215
794797215
809001989
809001989
922499566
794797215
770193206
794797215
809001989
983324167
870475437
870475437
870475437
870475437
870475437
870475437
757992223
755132652
779904757
779904757
779904757
779904757
779904757
779904757
779904757
762086847
762931846
765158982
774736865
765158982
775186424
936147977
770193206
759070791
756371821
755973201
829899183
829899183
965582066
965582066
965582066
905537681
905537681
905537681
965582066
965582066
965582066
965582066
884496073
965582066
965582066
905537681
900824116
900824116
900824116
829899183
829899183
900824116
829899183
773071555
962359173
962359173
979062190
979062190
979062190
884496073
884496073
753613044
962359173
884496073
757422701
757100719
754561997
884496073
781736681
770399447
884496073
770399447
770399447
770399447
775455389
758220052
761278994
770399447
770399447
757222012
900824116
765045345
754676806
753618827
774736865
765158982
781736681
852113448
770399447
781356816
956593593
956593593
762086847
956593593
956593593
956593593
956593593
755132652
956593593
811942772
956593593
956593593
956593593
759713208
761684268
765608831
761793931
762931846
761793931
759070791
765608831
761684268
766133317
758265139
758796550
761214136
774736865
854683279
854683279
994003775
994003775
994003775
781356816
982749747
753613044
854683279
758602088
753613044
854683279
854683279
758265139
854683279
799419937
847015838
854683279
799408946
799408946
799408946
854683279
999822663
999822663
999822663
999822663
916984076
999822663
799408946
999822663
794501378
794501378
759500885
806499471
779236867
759500885
999822663
755723641
912014038
759500885
912014038
756371821
753613044
851807389
851807389
794501378
854683279
854683279
759500885
985359037
985359037
985359037
985359037
985359037
985359037
904413712
985359037
904413712
756255534
753993240
755723641
754869920
799408946
814176557
781736681
863545274
814176557
863545274
759500885
863545274
779236867
761793931
759500885
762931846
761684268
753993240
779236867
779236867
765608831
753692734
773071555
761214136
761539488
759786619
761539488
758289572
758581993
761214136
754676806
916858586
759500885
759957367
753993240
753993240
781736681
859342357
859342357
758602088
859342357
755698105
859342357
753692734
773071555
759713208
758602088
765172199
765136032
854989048
854989048
854989048
758878306
773669436
854989048
854989048
859342357
773071555
765570034
765011604
759500885
765045345
759500885
753618827
756255534
759070791
753692734
765570034
799408946
759764808
951927104
754676806
951927104
897533578
951927104
761214136
978587552
978587552
978587552
978587552
951927104
765011604
978587552
763792108
762931846
753618827
949652013
951927104
760118000
760118000
760118000
951927104
949652013
949652013
779236867
949652013
951927104
760118000
757422701
753496255
951927104
826958678
949652013
826958678
826958678
764555968
951927104
949652013
951927104
826958678
826958678
949652013
826958678
757422701
826958678
911310838
911310838
826958678
911310838
826958678
764555968
765045345
765158982
911310838
753993240
760118000
916931732
897533578
916931732
753618827
916931732
897533578
758289572
756371821
758796550
801469396
931740288
753993240
897533578
757890372
755479318
758289572
801469396
931740288
758265139
931740288
801469396
759510999
757031348
931740288
931740288
898049910
757222012
898049910
916931732
916931732
916931732
916931732
827998236
827998236
916931732
826057370
826057370
785604650
765570034
810899423
760118000
810899423
765172199
753613044
779125042
758220052
757890372
779125042
781736681
753570714
779125042
779125042
765158982
760118000
786147428
786147428
786147428
786147428
786147428
786147428
786147428
759070791
786147428
756371821
759070791
759070791
802963713
802963713
753993240
753570714
765570034
802963713
762199474
762199474
757890372
784670312
759764808
784670312
770193206
781736681
759251273
757222012
998586529
759764808
755132652
759070791
870405028
870405028
870405028
870405028
870405028
759500885
753570714
753993240
758581993
757100719
755698105
757890372
792292885
759764808
759500885
757222012
792292885
753993240
759070791
792292885
753570714
965304088
913840205
880718405
764253291
880718405
880718405
965304088
880718405
965304088
773797960
880718405
880718405
761793931
762070633
852060165
882859899
852060165
880718405
880718405
965304088
965304088
783892160
880718405
965304088
965304088
852060165
852060165
783892160
965304088
789997856
753993240
753570714
868114109
818370067
818370067
965304088
965304088
965304088
818370067
799419937
765888528
752715041
765888528
758403900
762199474
756371821
784693143
753496255
784693143
818370067
755698105
784693143
922370533
784693143
922370533
755540022
753496255
755698105
922370533
813131748
813131748
922370533
922370533
922370533
922370533
813131748
758796550
765570034
813131748
922370533
765570034
922370533
813131748
922370533
804654766
922370533
804654766
821788800
818370067
765888528
821788800
818370067
821788800
863385720
837562493
837562493
837562493
837562493
854921260
837562493
755132652
804654766
818370067
833578102
837562493
818370067
882288242
882288242
882288242
755698105
781356816
818370067
813131748
758265139
756255534
882288242
756255534
922370533
882288242
818370067
813131748
813131748
758796550
811760955
811760955
811760955
811760955
753993240
837562493
758581993
753496255
837562493
977226257
762199474
977226257
753993240
811760955
756063222
804654766
758796550
756063222
804654766
881285560
788489008
903298681
903298681
957985604
957985604
957985604
957985604
957985604
957985604
957985604
950484747
788489008
950484747
950484747
763640334
788489008
788489008
957985604
852581871
852581871
788489008
788489008
837100827
756063222
881285560
788489008
752582701
826610737
826610737
826610737
752562410
970084859
970084859
970084859
853362224
970084859
970084859
763640334
753496255
753496255
970084859
756371821
970084859
752562410
758289572
759070791
819484660
819484660
819484660
752715041
759070791
756371821
757838270
759713208
900861369
900861369
765172199
759713208
900861369
950878613
759176885
950878613
950878613
950878613
970084859
970084859
900861369
900861369
903655359
903655359
857815151
861109340
857815151
857815151
861109340
857815151
857815151
857815151
754561997
861109340
861109340
922370533
857815151
857815151
843800533
857815151
857815151
941238189
843800533
843679976
843800533
885222583
885222583
885222583
885222583
970084859
843679976
770399447
943804328
943804328
943804328
849697827
963417755
963417755
963417755
963417755
963417755
868221362
963417755
963417755
963417755
868221362
759713208
963417755
943804328
943804328
843679976
910534765
943804328
788222858
943804328
831348976
868221362
868221362
843679976
831348976
832452144
832452144
831348976
831348976
805739537
788222858
805739537
805739537
788222858
788222858
788222858
788222858
788222858
761217814
788222858
955066415
955066415
955066415
771714172
955066415
771714172
955066415
784693143
955066415
955066415
955066415
955066415
955066415
955066415
955066415
955066415
955066415
858889629
955066415
856373012
955066415
856373012
856373012
857161659
858889629
858889629
955066415
955066415
857161659
955066415
954035614
874599244
857161659
954035614
955066415
955066415
955066415
874599244
955066415
831935595
874599244
874599244
920681848
920681848
771714172
861488617
874599244
874599244
861488617
992293918
857161659
856373012
878029490
878029490
878029490
920681848
878029490
878029490
856373012
878029490
857161659
771714172
990608518
990608518
990608518
990608518
765172199
990608518
861488617
990608518
990608518
990608518
990608518
861488617
990608518
877229641
961562106
961562106
831935595
858889629
961562106
961562106
961562106
961562106
961562106
857161659
877229641
877229641
877229641
856373012
961562106
961562106
902199771
961562106
902199771
902199771
961562106
831935595
831935595
961562106
902199771
971796163
841365331
785522148
785522148
785522148
785522148
768036171
971796163
971796163
971796163
971796163
989804578
768036171
768036171
768036171
768036171
761217814
987001607
987001607
768036171
785522148
761145182
987001607
785522148
785522148
987001607
785981238
865819553
881285560
865819553
865819553
785981238
987001607
785981238
878784116
865819553
785981238
785981238
785981238
785981238
785981238
865819553
865819553
865819553
971796163
860763002
785981238
980371395
785981238
785981238
785981238
785981238
773669436
965349939
965349939
965349939
965349939
965050793
965050793
757890372
765045345
761217814
761145182
755723641
762680155
758403900
754561997
752715041
758805194
773071555
765888528
819807236
819807236
753496255
773071555
758796550
761217814
755479318
758805194
956259628
946369755
956259628
946369755
771336021
873555857
873555857
753496255
757100719
755698105
873555857
873555857
753496255
867856403
761217814
867856403
761217814
753618827
867856403
826499647
849034654
826499647
907501252
907501252
907501252
907501252
907501252
907501252
907501252
826499647
826499647
873555857
907501252
826499647
826499647
826499647
826499647
758805194
761217814
974330239
826499647
886987011
974330239
886987011
974330239
886987011
974330239
886987011
886987011
886987011
886987011
974330239
886987011
886987011
862077056
885427515
885427515
862077056
862077056
862077056
862077056
752582701
795158122
862077056
862077056
849034654
849034654
849034654
922370533
826499647
795158122
762680155
826499647
849034654
795158122
753618827
849034654
795158122
849034654
756371821
752562410
982749747
876309417
826499647
761217814
775560132
764253291
775560132
755479318
795158122
939680899
775560132
980758236
795158122
784363517
775560132
753618827
795158122
974729086
795158122
758289572
795158122
784363517
784363517
784363517
755973201
775560132
775560132
928716070
775560132
833358284
833358284
782448039
833358284
775560132
833358284
833358284
754561997
885983381
766409614
775560132
867266486
867266486
862210607
867266486
862210607
862210607
885983381
753496255
867266486
862210607
867266486
867266486
867266486
862210607
862210607
885983381
833358284
922370533
760380489
770804216
760380489
859913175
859913175
859913175
859913175
984632494
760380489
859913175
941827542
984632494
752582701
984632494
846089409
984632494
984632494
878266972
878266972
878266972
840473835
757890372
756371821
864459562
840473835
864459562
877694790
877694790
819092325
819092325
877694790
784673760
784673760
784673760
784673760
876309417
782849737
782849737
812154823
812154823
812154823
812154823
806165629
989024265
989024265
989024265
989024265
932727099
807886669
807886669
807886669
807886669
988043646
782849737
988043646
759323950
896628155
988043646
896628155
988043646
932727099
988043646
896628155
835528730
952643369
896628155
952643369
896628155
952643369
835528730
835528730
835528730
952643369
952643369
835528730
835528730
940201803
835528730
952643369
999173912
865541977
940201803
999173912
999173912
990338072
896628155
896628155
819092325
865541977
865541977
999173912
999173912
896628155
865541977
835528730
999173912
868241127
868241127
835528730
868241127
896628155
868241127
868241127
868241127
835528730
807814237
868241127
883248977
835528730
855724292
936779795
868241127
855724292
855724292
846960983
936779795
807886669
835528730
846960983
846960983
846960983
936779795
936779795
835528730
936779795
835528730
862926040
862926040
862926040
807886669
807814237
862926040
862926040
862926040
835528730
807886669
835528730
862926040
807814237
807814237
835528730
807814237
876309417
835528730
807814237
990711848
990711848
990711848
856370061
856370061
792421754
959530611
959530611
782849737
959530611
792421754
773545063
967943839
967943839
967943839
967943839
967943839
882070525
773545063
792421754
914229575
773545063
967943839
792421754
967943839
782849737
792421754
819092325
782849737
782849737
994268387
994268387
782849737
773545063
773545063
762070633
883135667
980170284
883135667
808676760
808676760
945754918
980170284
945754918
980170284
815950004
819092325
883135667
808676760
869174345
815950004
869174345
808676760
808676760
808676760
808676760
980170284
757890372
808676760
808676760
808676760
980170284
808676760
883135667
780618020
895137026
758733017
883135667
975128105
761217814
980170284
921503578
921503578
921503578
980170284
914121857
980170284
917267915
883135667
850688278
917267915
883135667
883135667
914121857
805928413
914121857
805928413
761016118
752562410
761016118
916956357
916956357
916956357
916956357
916956357
971009541
916956357
971009541
916956357
916956357
971009541
883135667
916956357
926396342
926396342
926396342
926396342
926396342
869174345
955469089
955469089
971009541
955469089
926396342
955469089
926396342
955469089
955469089
955469089
926396342
955469089
955469089
955469089
926396342
926396342
955469089
869174345
955469089
926396342
926396342
808676760
930946812
930946812
869174345
873017084
958112504
873017084
930946812
930946812
930946812
930946812
930946812
930946812
926396342
930946812
930946812
926396342
926396342
926396342
926396342
926396342
926396342
846860658
926396342
926396342
916956357
855092064
986457938
986457938
982058188
916956357
876309417
846860658
916956357
926396342
876309417
855092064
846860658
852781098
855092064
873017084
855092064
852781098
855092064
855092064
966862701
966862701
808676760
817536252
855092064
846860658
852781098
852781098
852781098
846860658
852781098
873017084
885763554
817536252
810046469
813275055
885763554
813275055
873017084
866873187
782070717
810046469
813275055
802303193
813275055
813275055
782070717
801848623
817536252
782070717
776836995
773076748
846860658
802303193
808676760
776836995
802303193
802303193
802303193
885763554
843136559
885763554
776836995
843136559
782849737
844582857
780618020
844582857
817536252
844582857
951867526
951867526
951867526
803960078
951867526
951867526
803960078
803960078
951867526
808676760
951867526
780618020
773076748
993871764
993871764
761016118
808676760
781548289
781548289
843678915
843678915
843678915
994616795
994616795
781548289
994616795
994616795
781548289
819092325
843678915
843678915
802303193
781548289
781548289
781548289
781548289
876309417
802303193
781548289
781548289
772023516
781548289
781548289
868322922
781548289
808676760
868322922
781548289
808676760
773076748
781548289
759843736
772023516
782849737
761016118
761016118
772023516
773076748
808676760
876309417
761016118
780618020
773076748
782849737
952151754
952151754
952151754
952151754
952151754
952151754
916821228
952151754
952151754
952151754
916821228
916821228
916821228
916821228
916821228
761016118
761016118
916821228
773076748
952151754
952151754
916821228
761016118
997403597
781548289
761016118
761016118
752715041
890992484
952151754
782849737
808676760
890992484
762680155
776836995
756436584
782849737
773076748
757426007
757890372
761016118
901466125
901466125
952151754
922517422
901466125
901466125
757426007
952151754
820928374
820928374
901466125
906246045
859804035
906246045
906246045
906246045
874850028
874850028
906246045
874850028
874850028
906246045
874850028
989702293
989702293
989702293
874850028
906246045
859804035
874850028
874850028
874850028
874850028
820928374
820928374
753496255
820928374
811862442
971466200
971466200
920866095
914102754
914102754
914102754
971466200
914102754
920866095
920866095
914102754
914102754
914102754
914102754
873014331
914102754
920866095
843595652
843595652
843595652
875454049
843595652
920866095
875454049
843595652
875454049
753050715
875454049
843595652
820928374
820928374
873014331
820928374
873014331
873014331
877676323
843595652
820928374
835528730
801732511
810688661
797339021
801732511
810688661
797339021
752851497
767312819
757271781
807772700
813275055
953240273
801732511
820928374
797339021
797339021
757426007
974729086
813275055
757426007
756436584
757426007
756436584
776836995
776836995
779237053
890071326
890071326
890071326
909773553
756436584
761034094
779237053
890071326
779237053
909773553
761217814
859000967
859000967
757271781
810688661
859000967
959844990
965909954
965909954
965909954
965909954
890071326
965909954
965909954
965909954
965909954
965909954
965909954
965909954
965909954
753993240
757426007
773076748
959844990
759843736
997568169
997568169
997568169
753496255
757890372
759843736
808676760
768437116
768437116
768437116
768437116
768437116
776836995
768437116
768437116
768437116
757426007
759843736
857223125
776836995
991848773
857223125
991848773
753496255
857223125
928579737
948644260
753618827
948644260
857223125
857223125
948644260
850549732
857223125
879076664
916560661
879076664
879076664
879076664
857223125
879076664
831461596
879076664
753050715
857223125
879076664
857223125
831461596
850549732
959844990
857223125
760380489
800350195
831461596
752562410
764253291
800350195
758733017
782070717
813275055
874552180
753993240
773797960
834358044
982975898
982975898
834358044
773076748
834358044
753993240
890071326
760380489
782070717
811862442
811862442
773076748
767312819
811862442
835519103
767312819
835519103
791369584
754869920
813275055
761016118
835519103
767312819
835519103
782070717
752715041
835519103
835519103
767312819
835519103
791369584
813275055
759843736
826499647
890071326
822705116
773797960
993034615
761217814
993034615
782070717
757992223
758733017
764253291
753050715
882188593
881498691
754561997
755540022
767312819
757890372
755669882
753993240
752529510
881498691
881498691
753308007
762680155
782070717
811862442
997877647
776836995
898244249
898244249
757890372
881498691
881498691
783877671
849487281
813275055
849487281
752715041
776836995
757422701
828877480
828877480
755540022
757689020
817536252
752582701
789414997
757890372
789414997
767312819
773076748
783877671
813275055
789414997
811862442
755723641
973909866
813275055
973909866
915355937
915355937
753100053
758733017
915355937
915173528
915173528
768481104
753308007
804666807
973909866
804666807
789414997
768481104
755723641
973909866
752562410
973909866
973909866
808081329
973909866
804666807
878457284
804666807
768481104
752715041
758265139
865159929
865159929
768481104
755540022
813275055
753613044
758265139
758733017
998392327
998392327
787368816
998392327
872560068
872560068
872560068
757422701
766804725
872560068
787368816
787368816
787368816
752715041
787368816
787368816
787368816
787368816
753618827
787368816
787368816
787368816
753050715
787368816
787368816
787368816
883334525
883334525
883334525
787368816
883334525
787368816
787368816
787368816
883334525
883334525
883334525
764253291
813275055
808675368
755540022
758265139
813275055
758220052
808675368
753050715
937844837
813275055
758265139
758265139
768481104
758289572
758265139
937844837
758289572
874451059
758265139
768481104
753618827
874451059
811862442
874451059
758220052
914254505
914254505
914254505
914254505
893604920
860105618
848066256
848066256
768481104
866540819
937844837
758289572
866540819
866540819
768481104
768481104
768481104
866540819
874451059
970290263
970290263
970290263
925786470
866540819
925786470
925786470
907894579
925786470
907894579
925786470
866540819
864136442
864136442
830154772
907894579
907894579
907894579
866540819
937844837
864136442
837690400
864136442
837690400
837690400
830154772
866540819
782659280
782659280
782659280
837690400
831153917
831153917
837690400
952966856
952966856
952966856
930567419
934510045
934510045
930567419
934510045
934510045
934510045
930567419
891186499
891186499
818438793
792045339
837690400
818438793
837690400
774729281
758289572
892157063
817466601
817466601
845316885
817466601
937598721
817466601
846136735
845316885
845316885
846136735
782659280
846136735
817466601
974729086
805863314
845316885
937598721
845316885
937598721
846136735
817466601
792045339
805863314
832206164
846136735
792045339
792045339
792045339
845316885
832206164
845316885
845316885
845316885
817466601
817466601
817466601
820928455
820928455
820928455
837690400
820928455
820928455
839943751
862747985
782659280
895634931
895634931
758265139
895634931
782659280
813303918
757890372
980264649
993855693
993855693
810577135
782659280
980264649
993855693
868905527
757290879
980264649
980264649
980264649
813303918
826499647
813303918
813303918
837690400
980264649
813303918
758289572
813303918
868905527
959542083
782659280
868905527
959542083
782659280
959542083
959542083
868905527
868905527
782659280
782659280
959542083
974880283
974880283
974880283
974880283
974880283
868905527
782659280
883506331
883506331
889275118
959542083
770995216
770995216
959405017
959405017
959405017
883506331
757031348
879975865
879975865
879975865
879975865
879975865
879975865
879975865
879975865
863260102
959542083
758289572
879975865
879975865
849748541
879975865
849748541
770995216
770995216
936215191
936215191
847754085
816859178
981012024
878533504
868905527
847754085
754164120
770995216
754164120
959542083
979254605
979254605
951789670
814185877
868905527
816859178
979254605
862219246
814185877
862219246
814185877
963590341
814185877
979254605
816859178
963590341
963590341
907362692
963590341
868905527
868905527
963590341
959542083
853499886
959542083
862219246
814185877
853499886
908090471
862219246
908090471
860444839
862219246
908090471
862219246
862219246
860444839
860444839
860444839
965151065
965151065
965151065
965151065
965151065
902120069
902120069
902120069
862219246
965151065
902120069
929264153
902120069
965151065
965151065
902120069
912789839
947035788
947035788
912789839
965151065
947035788
912789839
902120069
864366719
912789839
912789839
870151961
912607213
864366719
947035788
902120069
902120069
912607213
902120069
912607213
870151961
870151961
870151961
912607213
879975865
912607213
864366719
864366719
870151961
862219246
870151961
864366719
853499886
853499886
892159228
892159228
892159228
864449035
864449035
912607213
864449035
879374712
912607213
864449035
864449035
864449035
864449035
864449035
839364554
864449035
864449035
864449035
864366719
845845257
851461977
839364554
860444839
851461977
851461977
849103552
864366719
839364554
845845257
904416062
904416062
904416062
904416062
839364554
839364554
847987726
904416062
839364554
839364554
904416062
839364554
833778777
904416062
839364554
839364554
904416062
833778777
904416062
833778777
853499886
852925054
853499886
833778777
852925054
852925054
852925054
852925054
833778777
845845257
837690400
852925054
839364554
845845257
833778777
839364554
833778777
839364554
839364554
833778777
833778777
845845257
817270797
845845257
833778777
817270797
839364554
817270797
817270797
837690400
817270797
976323768
814185877
976323768
997748413
997748413
997748413
831407637
814185877
814185877
861766114
793204084
814185877
793204084
793204084
997748413
997748413
789211568
789211568
789211568
831407637
761217814
831407637
831407637
789211568
833778777
831407637
845845257
831407637
770995216
774729281
757222012
839943751
757016113
800925609
800925609
755439904
770995216
833778777
845845257
851124685
831407637
978691373
851124685
932257604
932257604
851124685
982749747
932257604
851124685
851124685
833897111
833897111
833897111
786645419
786645419
755439904
845845257
833897111
833897111
833897111
789211568
755439904
817466601
845845257
789211568
765046084
755439904
757031348
770995216
757689020
931162697
757016113
931162697
931162697
757016113
757222012
801732511
845845257
845845257
757016113
781548289
773345568
758265139
756439609
757016113
781548289
773219213
758265139
782659280
783892160
758289572
781548289
801732511
774599435
782070717
854660101
761539488
757016113
755122258
855450305
774599435
855450305
855143204
855143204
854827042
988364769
916016295
855143204
770995216
855450305
854827042
855450305
855450305
855450305
855143204
855143204
855143204
854827042
854827042
855143204
988364769
988364769
843995522
782849737
807881472
755439904
817536252
817536252
755122258
988364769
761217814
950166634
778720460
778720460
755122258
988364769
757016113
988364769
757031348
778720460
754601500
988364769
988364769
956517798
752562410
778720460
778720460
757016113
762680155
758220052
826499647
755439904
757890372
781548289
778720460
754164120
826499647
995980843
995980843
796330054
796330054
765045345
796330054
988364769
889922318
889922318
889922318
849450253
796330054
889922318
889922318
849450253
796330054
849450253
796330054
755439904
796330054
796330054
757016113
755122258
999989815
999989815
999989815
999989815
988364769
973627588
973627588
973627588
973627588
782849737
973627588
755132652
781548289
755122258
889922318
787425963
787425963
889922318
796330054
889922318
889922318
787425963
787425963
782659280
782849737
889922318
796330054
889922318
889922318
770995216
755669882
782659280
988364769
757290879
948796373
781548289
755122258
755669882
787425963
759846100
969766435
969766435
969766435
988364769
912107486
841890536
841890536
841890536
912107486
969766435
887361209
841890536
787425963
887361209
902718043
902718043
902718043
902718043
902718043
776997669
782070717
776997669
776997669
755854635
937509030
752389669
841890536
776997669
787425963
787425963
782070717
757031348
996708748
996708748
996708748
996708748
939087253
939087253
939087253
939087253
939087253
782070717
939087253
815997758
939087253
755854635
815997758
752389669
815997758
755854635
815997758
815997758
939087253
815997758
757689020
815997758
815997758
815997758
815997758
808676760
757890372
781548289
815997758
770995216
757890372
841890536
773219213
993885214
899640382
770995216
758265139
993885214
781548289
993885214
781548289
753308007
798917510
798917510
993885214
798917510
757992223
802301849
802301849
802301849
993885214
802301849
802301849
802301849
993885214
758289572
807746342
941957116
807746342
802301849
802301849
807746342
807746342
783176405
807746342
783176405
757215544
756255534
815997758
802301849
783176405
802301849
802301849
802301849
783176405
830033023
830033023
830033023
826499647
942020223
783176405
798917510
798917510
755854635
783176405
783176405
753100053
755854635
752562410
783176405
857963023
943697396
757016113
814105988
989152763
943697396
990912667
990912667
990912667
990912667
752389669
990912667
989152763
989152763
989152763
870875627
756287459
870875627
870875627
870875627
989152763
870875627
756287459
756287459
761016118
783176405
761016118
761016118
992179588
842118493
842118493
842118493
842118493
842118493
969174474
842118493
842118493
842118493
842118493
869881798
969174474
869881798
955141766
982356439
955141766
969174474
969174474
989152763
869881798
869881798
955141766
924487343
869881798
939087253
869881798
924487343
856633696
842118493
856633696
856633696
856633696
849100537
856633696
882992899
842118493
882992899
842118493
882992899
842118493
882992899
882992899
842118493
849100537
905340287
842118493
856633696
803122637
787056408
849100537
889922318
849100537
825846537
787056408
842118493
842118493
842118493
939087253
825846537
787056408
825846537
825846537
803122637
775560132
969358837
815997758
895761224
938484681
938484681
789526894
789526894
938484681
789526894
895761224
895761224
789526894
895761224
789526894
938484681
762019887
787056408
787425963
762019887
815997758
776672221
755439904
758220052
758289572
758733017
906429481
906429481
755973201
990410526
932346597
906429481
932346597
789924092
789924092
755479318
756287459
789924092
752562410
930154407
930154407
883849304
867148389
867148389
757290879
757016113
930154407
815997758
757031348
761016118
758265139
761016118
761016118
771383808
771383808
758733017
758408019
758408019
761016118
789924092
930154407
867148389
756287459
756287459
758408019
756287459
756287459
756287459
758408019
759713208
755252249
758796550
756287459
880368847
880368847
758408019
758408019
789924092
756436584
771383808
758408019
759323950
759713208
756287459
789924092
757422701
759323950
756287459
924487343
758733017
758220052
756287459
881092187
756287459
761016118
783176405
881092187
787425963
924487343
787425963
783176405
928215521
928215521
773219213
763255031
763255031
814720189
756287459
763255031
787425963
771383808
758733017
758265139
787425963
846467202
924487343
758724888
839979699
839979699
839979699
839979699
758724888
758724888
758724888
783176405
783176405
970678549
758724888
958806164
868365864
868365864
868365864
753100053
868365864
868365864
758733017
758724888
868365864
868365864
909930072
758878306
909930072
771383808
849377491
868365864
868365864
785340072
785340072
785340072
785340072
834188361
785340072
834188361
834188361
834188361
785340072
939087253
758724888
785340072
783176405
861159518
973100033
861159518
973100033
973100033
758724888
861159518
758724888
758724888
935082158
935082158
756287459
935082158
935082158
935082158
935082158
935082158
935082158
935082158
935082158
935082158
785340072
861168992
861168992
785340072
785340072
785340072
837355973
837355973
837355973
790991275
896296115
790991275
790991275
896296115
790991275
939087253
912227049
771383808
807311501
790991275
785340072
790991275
790991275
762525517
920924198
790991275
872511970
920924198
920924198
785340072
752562410
785340072
778150088
755252249
757215544
778150088
778150088
920924198
872511970
755252249
770995216
770995216
758265139
807311501
755252249
785222570
785222570
785222570
770995216
755439904
759713208
758581993
758404848
757992223
765045345
759323950
783176405
775560132
783176405
755439904
765045345
757215544
792883480
792883480
758733017
792883480
755132652
756287459
753353637
758404848
762931846
792883480
758404848
762199474
761016118
762086847
814720189
758733017
753353637
753353637
753993240
761016118
765011604
758404848
792883480
785589622
753353637
792883480
792883480
921193189
753353637
921193189
762931846
921193189
921193189
761793931
921193189
792883480
921193189
792883480
761145182
758733017
753353637
753353637
961112013
961112013
961112013
961112013
961112013
961112013
961112013
859991900
757689020
793322486
793322486
793322486
850869012
753353637
757689020
758220052
765570034
755439904
754561997
828717901
828717901
761145182
828717901
753353637
828717901
804157636
804157636
812675925
804157636
812675925
812675925
934109512
934109512
934109512
934109512
934109512
879262336
812675925
761793931
956591679
804157636
934109512
934109512
811175055
934109512
811175055
811175055
812675925
811175055
902838055
902838055
902838055
902838055
902838055
902838055
902838055
883575321
902838055
902838055
902838055
902838055
902838055
904423133
904423133
904423133
904423133
904423133
883575321
904423133
883575321
904423133
902838055
902838055
804157636
902838055
812675925
811175055
811175055
804157636
920429493
920429493
920429493
920429493
920429493
920429493
811175055
811175055
754561997
811175055
811175055
804157636
956591679
902838055
757838270
804157636
804157636
811175055
949098599
949098599
755540022
956591679
753496255
758733017
753353637
808676760
949098599
758724888
762680155
826440058
826440058
872418768
872418768
872418768
872418768
872418768
762680155
755854635
761016118
782849737
753993240
765172199
754561997
761016118
753353637
758220052
757215544
954353047
806589551
806589551
806589551
806589551
758404848
806589551
954353047
753366496
954353047
753366496
765045345
759764808
753366496
943091138
755540022
943091138
943091138
761145182
943091138
758408019
753993240
758724888
758408019
757031348
755439904
761016118
762680155
758724888
822572329
822572329
762680155
753366496
822572329
822572329
999120938
755439904
753353637
999120938
758724888
752389669
754676806
783176405
759713208
755854635
764253291
758265139
755439904
762931846
755854635
766335605
753366496
777695343
758404848
777695343
753366496
777695343
762931846
808676760
777695343
983340794
765172199
753366496
798517571
760062769
758623692
775560132
808676760
753366496
758796550
753692734
758220052
757422701
759323950
757215544
761793931
757290879
765011604
755973201
783176405
752851497
762070633
762070633
758289572
757215544
753366496
760062769
760772357
757215544
759500885
892641954
892641954
892641954
979593907
979593907
988314088
988314088
988314088
988314088
988314088
988314088
766594894
979593907
988314088
979593907
988314088
988314088
988314088
979593907
988314088
761145182
889106411
759254472
758623692
943091138
959013271
959013271
959013271
936729836
755973201
959013271
936729836
959013271
959013271
766594894
762931846
936729836
889106411
941586915
941586915
941586915
811862442
775560132
941586915
753570714
941586915
889106411
793918519
793918519
793918519
811694135
889106411
889106411
793918519
889106411
812758324
889106411
889106411
957899673
957899673
889106411
811694135
889106411
957899673
957899673
828534885
889106411
828534885
889106411
828534885
828534885
881414253
881414253
956591679
881414253
994351989
828534885
832928017
862929978
862929978
862929978
862929978
832928017
862929978
862929978
862929978
832928017
862929978
862929978
862929978
862929978
862929978
832928017
828534885
828534885
828534885
862929978
793918519
828534885
968688164
968688164
862929978
840306614
811694135
828534885
862929978
903963475
903963475
903963475
903963475
811694135
811694135
811694135
804479808
793918519
903963475
903963475
755854635
804479808
762931846
804479808
804479808
804479808
804479808
793918519
761016118
981946010
981946010
981946010
981946010
981946010
899566298
981946010
899566298
903963475
899566298
899566298
899566298
899566298
762931846
804479808
903963475
757838270
812758324
811694135
804479808
811694135
811694135
793918519
903963475
793918519
766133317
759254472
758404848
804479808
793918519
811862442
804479808
804479808
911362707
782659280
793918519
846270318
770399447
846270318
981946010
846270318
793143145
765172199
846270318
812758324
758527698
987404072
987404072
987404072
987404072
987404072
987404072
758404848
793143145
793918519
793918519
755004363
811694135
972295177
972295177
903963475
972295177
980427521
980427521
972295177
980427521
986362914
759323950
980427521
986362914
758623692
980427521
870690763
980427521
981630491
981630491
981630491
953621311
832834194
953621311
953621311
953621311
953621311
953101530
953101530
832834194
832834194
758602088
953101530
832834194
953101530
953101530
760118000
953101530
980427521
953101530
953101530
850366412
978457010
870690763
870690763
832834194
832834194
903963475
850366412
943091138
832834194
775887965
988064273
794315807
794315807
850366412
794315807
775887965
922257192
850366412
850366412
922257192
775887965
793918519
946640077
946640077
981946010
874342932
874342932
997001075
990805154
941921875
997001075
990805154
990805154
990805154
990805154
946640077
941921875
903963475
874342932
874342932
902583100
902583100
874342932
793143145
793143145
991449171
775887965
793918519
999379063
856913342
999379063
999379063
999379063
999379063
998548077
991449171
998548077
991449171
856913342
947558010
859463044
947558010
791098061
942647031
850366412
942647031
980427521
942647031
942647031
785467459
942647031
942647031
942647031
785467459
942647031
942647031
793143145
850366412
791098061
789660424
942647031
755004363
824404501
850366412
775887965
789660424
902583100
824404501
824404501
824404501
775887965
883522435
902583100
961302563
961302563
961302563
775887965
883522435
883522435
961302563
876378087
876378087
775887965
980427521
876378087
979961604
876378087
824404501
775887965
876378087
961302563
961302563
876378087
785467459
883522435
978488117
978488117
978488117
981946010
978488117
978488117
789660424
961302563
869480430
789660424
833000784
851210738
961302563
851210738
851210738
961302563
833000784
793143145
833000784
758527698
833000784
791098061
833000784
765608831
833000784
942647031
902583100
833000784
988641222
824404501
811286224
811286224
811286224
811286224
811286224
811694135
791098061
794315807
990844651
791098061
789660424
775887965
990844651
870674065
990844651
911832468
942647031
790667308
911832468
942647031
911832468
793143145
790667308
758527698
942647031
790667308
980427521
834243220
834243220
834243220
863260242
834243220
811030898
979394410
834243220
979394410
979394410
811030898
811030898
883522435
775887965
811030898
811030898
979394410
811030898
811030898
761946772
775887965
942647031
811030898
811030898
761946772
811030898
805525198
811030898
979394410
811030898
761946772
811030898
953055521
953055521
953055521
794655479
953055521
804479808
811030898
761946772
811030898
842704959
790667308
790667308
883522435
805445480
790537794
805445480
755004363
811694135
805445480
790667308
805217770
790537794
793143145
805217770
955345682
955345682
755004363
955345682
791098061
955345682
790667308
776956979
761946772
813833289
775887965
911832468
846300896
887975944
887975944
887975944
944868682
846300896
813833289
828863026
828863026
813833289
846300896
828863026
813833289
828863026
828863026
887975944
813833289
813833289
828863026
828863026
813833289
813833289
951586157
854482000
887975944
951586157
755004363
981423506
981423506
981423506
981423506
981423506
981423506
854482000
854482000
981423506
951586157
921146892
996290899
951586157
996290899
854482000
951586157
854482000
854482000
854482000
854482000
992518980
854482000
808149394
828863026
854482000
813833289
808149394
939924972
939924972
911832468
883522435
854482000
854482000
833963106
810649114
944868682
854482000
854482000
765608831
854482000
808149394
854482000
810649114
854482000
911832468
808149394
808149394
765608831
813833289
790122226
811030898
790122226
790122226
790122226
790122226
790122226
811862442
796687766
863260242
771112915
908953575
790122226
794315807
773079181
790122226
796687766
773079181
808230516
794315807
908953575
808230516
808230516
808230516
823348865
823348865
823348865
823348865
808230516
808230516
823348865
993873475
993873475
823348865
771112915
953786310
993873475
978788131
978788131
993873475
980427521
990723454
836700922
836700922
836700922
978788131
836700922
953786310
953786310
953786310
836700922
953786310
863591460
836700922
863260242
836700922
836700922
863591460
905599852
905599852
823348865
944868682
905599852
836700922
908953575
818653271
836700922
944868682
818653271
818653271
911832468
823348865
794315807
761946772
944868682
836700922
836700922
761946772
761946772
813833289
761946772
762199474
791098061
755439904
761946772
761946772
794315807
863260242
762199474
883522435
761946772
811694135
790537794
755004363
762199474
890071326
793918519
761946772
757215544
813833289
790667308
813833289
755122258
790537794
980427521
761946772
978208748
791098061
875955820
875955820
875955820
875955820
875955820
875955820
875955820
875955820
875955820
790122226
813833289
883522435
790122226
811694135
776956979
761946772
790667308
776956979
944868682
805324035
813833289
875955820
944868682
883522435
875955820
875955820
805324035
813833289
897819350
897819350
813833289
897819350
897819350
897819350
897819350
757951494
897819350
897819350
759713208
911832468
761278994
765608831
820081876
760311635
758527698
764256482
811030898
762086847
811030898
793143145
887975944
759323950
758527698
793143145
760772357
761793931
892361869
892361869
892361869
892361869
892361869
965302981
965302981
811694135
965302981
965302981
790122226
790122226
892361869
773344416
833916643
833916643
890071326
798321187
798321187
761145182
811694135
798321187
756439609
760311635
773344416
790537794
770749399
773344416
770749399
796687766
756439609
790537794
782659280
770749399
758527698
770749399
790537794
753366496
965031025
965031025
965031025
965031025
965031025
882407203
791098061
790122226
908869471
944310584
971000085
971000085
971000085
944310584
908869471
908869471
796687766
882407203
882407203
882407203
865995434
796687766
865995434
813833289
828283500
870731453
870731453
870731453
870731453
819751491
790537794
870731453
996567868
996567868
882407203
790667308
843086919
882407203
843086919
870731453
870731453
927826114
927826114
823402488
753366496
819751491
870731453
870731453
775887965
870731453
890071326
843086919
790537794
870731453
790537794
843086919
870731453
870731453
790537794
793143145
819751491
753366496
823402488
823402488
757951494
870731453
870731453
843086919
758527698
773155465
770749399
843086919
785818125
819751491
790537794
966628928
830346864
966628928
966628928
966628928
870731453
870731453
966628928
811030898
830346864
830346864
937327537
940469662
937327537
937327537
937327537
937327537
966628928
844990198
940469662
901585360
927474018
927474018
940469662
844990198
844990198
927474018
844990198
940469662
790667308
821102565
940469662
791098061
966628928
821102565
901585360
821102565
925532124
925532124
925532124
925532124
791098061
790122226
966628928
925532124
925532124
821102565
850366412
821102565
785935788
838373992
993996157
838373992
993996157
850366412
993996157
927166797
993996157
838373992
927166797
845891185
893604579
838373992
838373992
893604579
893604579
838373992
838373992
893141775
926964754
926964754
845891185
832976566
838373992
838373992
893141775
893604579
775887965
893141775
804479808
785935788
863306519
933192576
817895629
863306519
933192576
752529510
893141775
832976566
979522667
979522667
817895629
933192576
753740512
863306519
933192576
844990198
811030898
759511008
892830981
892830981
933192576
793143145
832976566
845891185
954990600
804479808
933192576
935161493
791098061
845891185
954990600
785935788
790667308
844990198
785818125
850885847
791098061
790667308
850885847
850885847
850885847
798911352
838373992
845891185
881142899
881142899
845891185
844990198
881142899
801158282
845891185
773155465
838373992
798911352
933192576
798911352
838373992
845891185
933192576
845891185
813833289
785935788
801158282
832976566
845891185
793143145
801158282
845891185
757951494
759511008
819751491
819751491
804479808
766263126
800916261
800916261
813833289
798911352
827806183
798911352
827806183
827806183
798911352
770749399
785935788
844990198
827802673
963614347
766263126
963614347
844990198
963614347
763827635
775887965
827802673
963614347
793143145
963614347
763827635
775887965
763827635
793143145
963614347
810825953
933192576
785935788
810825953
810825953
785913703
810825953
827802673
827802673
790667308
836135198
785913703
804479808
785913703
793143145
912890437
785913703
841921596
785913703
836135198
841921596
785913703
785913703
841921596
841921596
785913703
785913703
785913703
836135198
864820297
753740512
932127009
932127009
932127009
932127009
932127009
867132950
785913703
785913703
770749399
796687766
867132950
766263126
843086919
960655416
960655416
960655416
960655416
960655416
763827635
785942809
793143145
796687766
951024972
951024972
951024972
804479808
951024972
836135198
766263126
862283788
763638960
843086919
785942809
845891185
862283788
862283788
802625699
862283788
802625699
802625699
802625699
921127879
921127879
802625699
802625699
836135198
864820297
753740512
921127879
921127879
845891185
921127879
766263126
785287379
753740512
763638960
770749399
862283788
881092503
881092503
785287379
785935788
763638960
763638960
763638960
958892083
958892083
862283788
813833289
862283788
958892083
763638960
876353062
876353062
753740512
876353062
790667308
876353062
843086919
763638960
862283788
862283788
770749399
845891185
763638960
785287379
770749399
793143145
862472287
862472287
818437792
862472287
862472287
818437792
818437792
770749399
790122226
773344416
843086919
836135198
785935788
818437792
780544312
790122226
843086919
759979090
793143145
770749399
766263126
864820297
760908307
776956979
845891185
780544312
836135198
876111241
876111241
876111241
931876578
931876578
836135198
910056826
924146210
856651672
856651672
883379683
836135198
856651672
883379683
986151770
986151770
836135198
986151770
845891185
770749399
763638960
755004363
813833289
785935788
819751491
819751491
773155465
813923608
819751491
760908307
785935788
790122226
819751491
776956979
793143145
759511008
760311635
819751491
813833289
975731478
975731478
801158282
753740512
933067233
759511008
933067233
933067233
945830736
891108156
891108156
780544312
773155465
945830736
945830736
945830736
891108156
945830736
945830736
945830736
940972685
940972685
945830736
940972685
940972685
818442002
940972685
891108156
940972685
891108156
940972685
839342023
891108156
819751491
839342023
839342023
839342023
839342023
839342023
797718362
845891185
818442002
977172149
977172149
977172149
977172149
977172149
886913224
977172149
977172149
977172149
977172149
977172149
886913224
886913224
886913224
839342023
882222979
805730244
857998515
886913224
857998515
956208739
773344416
863512217
857998515
857998515
857998515
857998515
857998515
857998515
859394761
819751491
859394761
813833289
992951362
791098061
824877679
992951362
793143145
992951362
773344416
992951362
992951362
824877679
797718362
793143145
792742977
797718362
797718362
757951494
801158282
773155465
819751491
835868517
773344416
835868517
835868517
797718362
797718362
760311635
797718362
864820297
797718362
797718362
791098061
804458249
804458249
797718362
885487577
811694135
819751491
797718362
790122226
836135198
941722867
836135198
950238173
950238173
941722867
941722867
941722867
966819676
845891185
941722867
941722867
941722867
966819676
941722867
981623614
897598556
897598556
981623614
897598556
981623614
981623614
941722867
981623614
981623614
981623614
941722867
941722867
941722867
941722867
941722867
941722867
897598556
845891185
941722867
897598556
931683765
941722867
941722867
941722867
931683765
819751491
780754628
931683765
931683765
941722867
897598556
897598556
859265095
859265095
791186097
859265095
794900074
804999004
804999004
941722867
941722867
804999004
804999004
804999004
814755581
941722867
814755581
794900074
845637075
941722867
845637075
814755581
814755581
798502684
780754628
791186097
825436550
845637075
794900074
780754628
792742977
825436550
825436550
798502684
780754628
941722867
825436550
778466592
804999004
845891185
769815958
798502684
804999004
785913703
769815958
785913703
798502684
819751491
890071326
769815958
794900074
853033496
769815958
825576643
941722867
785913703
835072748
835072748
890071326
769815958
941722867
898786689
898786689
979481091
898786689
898786689
994731312
994731312
878154201
898786689
898786689
994731312
994731312
994731312
878154201
853892481
878154201
878154201
941722867
956903502
980434984
980434984
956903502
963949024
814243674
963949024
963949024
853892481
853892481
814243674
853892481
956903502
900688012
878154201
900688012
905396754
905396754
848843427
996358006
996358006
996358006
902393169
996358006
798502684
902393169
886966048
996358006
814243674
886966048
811694135
886966048
812598207
886966048
853892481
853892481
814243674
878154201
967713288
967713288
967713288
967713288
967713288
878154201
853892481
822099383
853892481
812598207
864820297
812598207
853892481
848843427
924019145
848843427
848843427
924019145
924019145
994069750
994069750
844911141
994069750
994069750
812598207
994069750
844911141
811694135
798113793
812598207
812598207
812598207
994069750
822099383
994069750
844911141
844911141
957636636
812598207
957636636
833465472
804999004
848843427
792797829
844911141
822099383
891336137
844911141
844911141
844911141
891336137
812598207
792797829
891336137
792797829
804999004
798113793
789408780
800289337
804999004
843870674
792797829
843870674
907166415
794900074
786017645
792797829
892288827
792797829
892288827
798502684
796411989
789408780
792797829
792797829
794900074
786017645
789408780
798502684
786017645
798502684
789408780
796411989
800289337
786017645
789408780
769815958
796411989
796411989
786017645
789408780
990293075
792797829
798502684
769815958
786017645
798113793
950746286
950746286
950746286
960191233
950746286
950746286
950746286
881875842
950746286
879121045
950746286
950746286
879121045
881875842
881875842
881875842
879121045
808728116
965574629
881875842
879121045
808728116
879121045
879121045
879121045
879121045
808728116
808728116
789408780
808728116
808728116
808728116
786017645
796411989
768096673
792797829
798113793
794900074
984369156
989609017
989609017
989609017
784100978
960986946
792742977
786017645
768096673
784100978
798113793
784100978
808728116
794900074
786017645
786017645
856702872
856702872
856702872
856702872
856702872
995252648
995252648
995252648
995252648
786017645
856702872
856702872
856702872
856702872
856702872
856702872
856702872
856702872
856702872
856702872
856702872
966925441
784100978
804297554
850743110
763122550
786017645
798113793
800289337
792797829
792797829
798911352
798113793
808728116
798911352
794900074
784100978
792108412
992754287
956001040
784100978
956001040
884095565
884095565
884095565
798113793
784100978
780754628
786017645
780754628
786017645
778466592
768096673
784100978
786017645
846665310
846665310
846665310
798113793
760908307
846665310
786017645
786017645
875068628
778466592
846665310
846665310
772691117
798502684
784100978
784100978
780754628
804479808
798113793
798911352
772691117
772691117
792108412
772691117
792108412
798911352
772691117
819751491
772691117
772691117
772691117
987458221
768096673
798911352
906132244
759920097
906132244
804479808
785818125
792742977
930847059
930847059
760445367
979532535
905388344
979532535
792108412
760445367
760445367
760445367
758062881
759920097
918036367
772691117
792742977
808676760
798113793
760445367
773344416
772691117
778466592
772691117
773155465
804479808
791098061
773344416
778466592
811862442
773155465
874220565
769815958
791098061
792742977
770749399
900859355
758062881
869752897
900859355
778466592
757295548
798113793
778466592
798502684
769815958
785818125
798502684
760445367
798113793
778466592
772691117
760311635
769815958
785818125
758062881
757951494
794900074
785818125
794900074
790667308
778466592
793143145
793143145
794900074
762945404
763122550
772691117
756301677
793143145
878148309
959459883
778466592
955715115
955715115
772691117
762945404
762945404
763827635
773155465
755922433
770749399
816991698
790122226
759920097
785818125
769815958
759367455
782659280
889999279
794952636
794952636
893937459
893937459
893937459
790667308
791098061
790667308
790667308
759367455
759367455
791098061
772691117
770749399
895711660
773344416
878148309
895711660
792797829
895711660
757295548
878148309
895711660
895711660
839684096
839684096
839684096
839684096
839684096
769815958
894784432
894784432
756301677
763650058
760311635
785818125
769815958
778466592
773155465
791304762
759511008
759920097
759920097
760445367
927283348
755004363
974028375
762945404
997738956
974028375
927283348
760311635
769815958
927283348
974028375
885108525
997738956
787178420
787178420
760445367
854488598
885108525
787178420
854488598
776117396
785935788
776117396
777812698
776117396
968051132
968051132
968051132
968051132
968051132
968051132
968051132
893024876
968051132
968051132
776117396
968051132
937574874
854488598
893024876
776117396
783155750
964331957
760445367
964331957
778466592
790930461
790930461
790930461
759367455
790930461
790930461
792742977
790930461
790930461
759367455
854488598
760908307
878148309
756301677
790930461
782849737
811862442
907244304
861078246
877288311
877288311
877288311
907244304
861078246
907244304
861078246
861078246
861078246
861078246
852123045
852123045
852123045
945652930
759920097
759920097
758062881
783155750
885468215
885468215
769815958
885468215
763827635
756301677
753740512
763638960
790384478
790122226
760311635
890071326
783155750
874073585
874073585
874073585
874073585
874073585
874073585
792742977
772024859
790122226
790384478
755922433
773344416
773344416
772024859
790384478
772024859
763122550
772024859
764256482
878148309
772024859
985009335
985009335
985009335
985009335
985009335
985009335
798972230
985009335
805045239
798972230
798972230
776494851
798972230
756301677
798972230
883374509
769815958
883374509
760370778
759920097
753740512
759979090
756301677
760445367
888353955
759367455
781809947
760445367
766263126
798972230
770749399
890071326
760370778
769815958
765032965
765032965
811862442
765032965
798972230
759979090
781809947
780544312
781809947
790122226
769815958
811862442
761145182
785935788
765032965
759367455
767441108
765032965
762945404
765032965
902124872
902124872
759920097
766263126
765032965
902124872
902124872
762945404
792797829
902124872
971649038
971649038
971649038
753740512
765032965
902124872
902124872
765032965
878148309
862679298
966200081
966200081
966200081
966200081
758062881
902124872
753740512
966200081
759920097
760445367
766263126
753600709
760370778
762199474
760370778
902124872
902124872
780544312
756301677
902124872
902124872
759920097
760311635
766263126
758016797
902124872
773344416
906455105
906455105
906455105
906455105
902124872
902124872
763122550
766263126
760370778
963777585
963777585
963777585
963777585
906455105
759920097
906455105
760370778
852904861
906455105
852904861
961422568
852904861
852904861
880368041
880368041
880368041
880368041
880368041
756301677
880368041
878148309
960645239
854352747
852904861
854352747
940607049
854352747
852904861
940607049
960645239
792797829
960645239
845048081
845048081
883112361
883112361
906455105
883112361
883112361
906455105
883112361
883112361
883112361
842370596
943690055
842370596
765219421
822362624
822362624
883112361
842370596
883112361
883112361
794573313
902124872
783500517
765219421
822362624
854352747
822362624
794573313
776504301
776504301
902124872
902124872
943748621
776504301
841502800
757951494
760445367
894329304
780544312
756301677
766263126
760370778
841502800
841502800
759979090
766263126
760445367
760445367
883112361
756301677
760445367
812201425
812201425
812201425
902124872
812201425
812201425
812201425
902124872
794900074
780544312
761145182
758016797
761145182
761145182
760445367
760908307
862679298
760370778
759511008
760445367
788091433
788091433
810831129
810831129
780544312
788091433
894970798
894970798
894970798
894970798
894970798
810831129
990998931
755922433
759979090
860366175
760908307
759979090
755004363
780544312
759920097
860366175
860366175
862679298
780544312
755922433
933047059
936264792
990998931
933047059
755439904
758062881
933047059
933047059
933047059
753740512
754330350
843716672
758527698
757482656
843716672
762945404
758062881
997665953
825444658
757951494
825444658
755004363
786072467
825444658
786072467
966744798
810831129
843716672
966744798
794900074
761145182
760908307
757951494
753740512
755723641
963728094
760311635
758527698
992956381
992956381
992956381
992956381
992956381
792797829
786072467
754561997
753740512
753600709
769815958
760908307
759979090
766263126
963728094
780544312
780544312
760908307
759920097
760311635
766263126
781809947
760908307
769815958
758527698
759979090
766263126
883112361
755439904
773344416
790384478
753600709
883112361
755922433
761793931
790384478
769815958
753740512
761946772
821250497
932215220
932215220
786072467
998927458
760311635
998927458
998927458
755922433
769815958
916526170
916526170
998927458
998927458
922504979
998927458
998927458
811039002
922504979
996229028
996229028
996229028
916526170
922504979
916526170
868589826
996229028
916526170
916526170
868589826
811039002
844384146
996229028
844384146
844384146
804392233
773025800
773025800
811039002
862679298
922504979
759116534
811039002
786432383
809245694
773025800
809245694
773025800
786432383
786432383
759116534
786432383
759979090
828639806
760311635
828639806
897870291
897870291
897870291
897870291
759116534
864820297
897870291
897870291
897870291
897870291
759116534
773025800
762945404
773025800
821250497
863130770
863130770
863130770
863130770
897870291
863130770
863130770
863130770
848758435
759116534
952798411
759116534
952798411
952798411
848758435
759116534
848758435
952798411
952798411
843353105
794900074
791041823
773025800
788341297
952798411
976529606
923097496
952798411
927803635
790122226
788341297
760311635
773025800
773025800
786432383
923097496
881815132
881815132
759116534
881815132
759116534
753249041
881815132
881815132
762945404
786432383
759116534
753600709
760370778
811039002
761278994
759920097
759116534
811039002
762199474
765570034
760445367
759116534
761946772
786072467
821250497
756572364
759116534
769815958
802331399
937454077
817714617
802331399
814876617
814876617
759920097
814876617
762945404
759920097
759979090
761793931
759920097
786072467
760370778
756572364
769815958
760370778
759920097
760370778
759920097
759920097
765172199
764256482
759511008
760311635
757951494
794900074
785935788
753740512
881045863
881045863
881045863
753740512
765570034
893465482
893465482
753740512
917218251
808676760
753740512
759116534
753740512
760370778
960523617
761665942
762731624
960523617
960523617
755004363
960523617
759116534
759116534
827369307
759116534
759116534
881045863
765570034
762945404
759116534
794900074
757951494
756301677
913918984
913918984
913918984
913918984
789082977
984323405
913918984
861890718
778466592
861890718
861890718
861890718
789082977
861890718
757951494
753249041
755439904
931348209
759116534
876776608
901085575
901085575
901085575
872187793
753249041
901085575
759116534
901085575
872187793
876776608
901085575
765570034
941929477
901085575
901085575
756572364
901085575
757951494
876776608
761145182
872187793
872187793
903130425
903130425
760772357
756301677
904112455
904112455
761665942
755004363
793010482
918597901
918597901
848003040
827077089
904112455
761665942
867000322
827077089
867000322
867000322
904112455
757951494
766842639
934112388
827077089
758220052
766842639
931216142
931216142
847647411
931216142
931216142
931216142
933060049
933060049
847647411
847647411
847647411
929067734
905228885
905228885
971014033
971014033
971014033
971014033
935290481
935290481
935290481
935290481
808485283
935290481
989288466
989288466
989288466
935290481
935290481
935290481
971014033
905732434
904112455
905732434
971014033
935290481
877497820
877497820
877497820
904112455
905732434
904112455
904112455
904112455
904112455
877497820
877497820
877497820
813250226
787496739
877497820
904112455
995719736
813250226
933060049
874340391
874340391
905732434
844535686
905732434
905228885
905228885
904112455
933060049
880718588
859205828
909598580
905228885
909598580
874340391
808485283
874522468
814591636
874522468
905228885
874340391
914251446
914251446
993723014
914251446
993723014
914251446
914251446
914251446
993723014
814591636
814591636
993723014
993723014
851644477
814591636
859205828
814591636
870126118
870126118
814591636
870126118
877497820
814591636
864530551
864530551
864530551
864530551
864530551
864530551
864530551
864530551
864530551
859205828
859205828
859205828
859205828
859205828
851644477
851644477
881045863
843156785
847647411
981483067
981483067
843156785
981483067
800083738
855023453
855023453
981483067
981483067
981483067
981483067
859205828
800083738
981483067
843156785
851644477
981483067
974884096
800083738
966927089
966927089
814591636
966927089
966927089
966927089
981421360
981421360
981421360
842948851
981421360
966927089
814591636
981421360
981421360
981421360
825580233
800083738
967807242
981421360
890859113
890859113
914640305
997159133
914640305
927887771
890859113
890859113
890859113
890859113
890859113
890859113
890859113
881045863
927887771
874073264
927887771
890859113
874073264
875392317
927887771
875392317
890859113
890859113
875392317
978280466
978280466
875392317
978280466
978280466
820921257
914186834
901085575
914186834
875392317
825580233
820921257
820921257
800083738
793010482
820921257
825580233
793010482
978280466
825580233
820921257
793010482
820921257
864530551
864530551
901085575
793010482
825580233
820921257
814591636
847647411
864530551
814591636
864530551
847647411
787496739
777016236
787496739
787496739
805783206
805783206
782659280
787496739
780637603
941716619
941716619
766514861
941716619
805783206
780637603
787496739
847647411
967144335
967144335
777016236
892361960
836277429
787496739
854883595
854883595
854883595
985549545
985549545
854883595
854883595
917937815
836277429
854883595
854883595
992577185
992577185
992577185
917937815
992577185
823024037
992577185
992577185
992577185
992577185
823024037
836277429
985549545
862062485
862062485
862062485
836277429
922492209
922492209
862062485
922492209
922492209
823024037
854883595
823024037
823024037
854883595
813586903
826174734
826174734
854883595
805783206
823024037
888097454
813586903
869301846
800083738
800083738
869301846
787496739
869301846
869301846
787496739
787496739
825829508
923150005
923150005
923150005
923150005
853626899
890596668
853626899
890596668
853626899
890596668
869301846
973043985
853626899
853626899
853626899
853626899
853626899
840269067
840269067
840269067
840269067
825829508
943931820
840269067
778505618
840269067
825829508
840269067
825829508
840269067
825829508
832575601
825829508
992542970
840269067
962284413
823024037
840269067
778505618
840269067
985815434
985815434
985815434
985815434
831210793
985815434
825829508
832575601
985815434
787496739
778505618
780637603
776826851
778505618
778505618
780637603
840269067
985815434
778505618
778505618
985815434
840269067
777016236
776826851
777016236
777016236
780637603
778505618
777016236
813586903
776826851
776826851
815293868
890998839
890998839
766842639
766842639
890998839
841963623
841963623
778505618
777016236
778505618
777016236
841963623
813586903
777016236
777016236
766842639
794862495
777016236
794862495
794862495
794862495
794862495
777016236
794862495
794862495
806130772
810648685
810648685
831672918
887056115
765986408
887056115
887056115
887056115
900109087
810648685
887056115
887056115
887056115
810648685
887056115
794862495
810648685
794862495
794862495
887056115
778977620
766514861
810648685
760781027
887056115
810648685
778977620
810648685
996168548
996168548
996168548
949793093
996168548
996168548
996168548
996168548
916945182
996168548
765986408
996168548
996168548
996168548
949501582
949793093
916945182
916945182
916945182
901138406
934187000
938824880
938824880
938824880
949793093
949793093
938824880
938824880
938824880
938824880
938824880
901138406
934187000
938824880
934187000
934187000
799933945
799933945
949501582
922834870
934707698
934707698
900008307
934707698
934187000
799933945
900008307
901138406
900008307
900008307
799933945
922834870
922834870
799933945
900008307
900008307
799933945
900008307
900008307
900008307
799933945
900008307
867369728
901138406
901138406
799933945
810648685
784422837
781802349
803640825
900109087
810648685
992191150
781802349
764972366
781802349
858456664
992191150
781802349
858456664
992191150
858456664
858456664
781802349
764972366
970873327
970873327
970873327
942246839
931542505
931542505
858456664
764972366
784422837
805271525
805271525
810648685
813586903
766990407
812083173
812083173
766990407
784422837
778977620
778977620
778977620
760781027
778977620
778977620
766990407
778977620
756301677
766990407
766990407
776826851
766990407
766990407
807953648
956084069
792742977
766990407
807953648
778466592
766990407
792742977
811862442
766842639
766990407
766990407
933909131
933909131
760781027
975402320
975402320
887512628
975402320
764972366
975402320
887512628
754159392
975402320
779573028
933909131
779573028
784422837
779573028
794862495
935756193
755922433
889278527
935756193
933909131
965451153
757890372
759078936
779573028
889278527
889278527
759078936
933909131
779573028
779573028
759078936
759078936
779573028
889278527
812142051
763451013
783458961
812142051
755004363
763451013
779573028
763451013
763451013
779573028
779573028
779573028
779573028
979124872
757290879
979124872
812142051
979124872
979124872
979124872
979124872
979124872
979124872
960405671
754159392
960405671
960405671
960405671
960405671
766842639
879384891
887512628
879384891
879384891
879384891
879384891
975402320
883764565
779573028
883764565
883764565
879384891
879384891
779573028
766842639
879384891
879384891
883764565
879384891
879384891
887512628
877008548
879384891
879384891
883764565
975402320
760781027
879384891
975402320
766842639
844528263
844528263
803553202
994481620
844528263
877008548
877008548
844528263
865823762
865823762
883764565
865823762
883764565
879384891
883764565
865823762
865823762
883764565
865823762
865823762
865823762
865823762
922834870
865823762
863202007
975402320
865823762
865823762
865823762
865823762
863202007
865823762
975402320
865823762
865823762
863202007
814590198
863202007
814590198
865953280
865953280
865953280
993202886
887512628
905729111
905729111
865953280
814590198
814590198
814590198
783244412
905729111
814590198
803553202
905729111
803553202
838704044
838704044
844528263
887512628
960405671
869998771
869998771
838704044
844528263
803553202
783244412
803553202
803553202
788048257
838704044
838704044
803553202
788048257
790770428
838704044
838704044
838704044
960405671
838704044
803553202
790770428
971986228
803553202
846754547
814590198
960405671
783244412
783458961
803553202
803553202
860503746
860503746
960405671
860503746
812142051
812142051
783244412
839280045
783244412
783244412
839280045
839280045
783244412
847665517
847665517
774989355
847665517
839280045
780240982
839280045
862600798
862600798
887512628
919742398
919742398
919742398
919742398
919742398
919742398
919742398
926058750
926058750
926058750
822966008
919742398
919742398
774989355
919742398
822966008
940931595
940931595
940931595
940931595
940931595
884947816
822966008
783244412
884947816
822966008
862600798
808615582
884947816
884947816
846754547
774989355
975402320
808615582
960728755
884947816
808615582
884947816
862600798
808615582
820947768
820947768
928405450
992173951
992173951
773420406
808615582
928405450
887507681
928405450
820947768
784363853
820947768
876892411
774989355
780240982
774989355
780240982
887512628
780240982
773420406
774989355
847338436
784363853
808615582
794077780
992936289
773420406
844528263
847338436
773420406
956323417
773420406
773420406
956323417
773420406
918126530
918126530
918126530
918126530
918126530
773420406
847338436
808615582
769947082
783458961
763724871
847338436
780240982
779573028
784363853
773420406
769947082
783458961
773420406
773420406
773420406
808615582
784363853
773420406
783458961
773420406
773420406
783458961
779573028
794504570
784363853
794504570
780240982
769947082
783458961
754159392
812349158
812349158
783953695
812349158
808615582
783953695
783953695
784363853
766842639
783953695
779573028
784363853
783458961
783953695
783458961
784363853
784363853
783953695
763724871
783953695
949504950
949504950
812349158
970091169
970091169
970091169
780240982
970091169
781582875
872329145
929318468
872329145
872329145
919104826
847338436
919104826
919104826
919104826
865359460
919104826
865359460
872329145
865359460
995190786
995190786
995190786
995190786
995190786
995190786
872329145
848705549
872329145
995190786
995190786
872329145
995190786
995190786
848705549
794862495
995190786
995190786
848705549
872329145
995190786
995190786
954224888
865359460
954224888
954224888
865359460
848705549
872329145
810168965
872329145
848705549
822702517
848705549
848705549
848705549
865359460
825918911
822702517
848705549
865359460
848705549
905473926
822702517
905473926
822702517
810168965
822702517
825918911
905473926
824158708
824158708
905473926
824919850
848705549
822702517
945825978
945825978
825918911
825918911
824158708
824158708
824158708
824158708
824919850
822702517
822702517
822702517
940390522
940390522
940390522
940390522
940390522
873405941
873405941
873405941
873405941
936137791
989013198
873405941
989013198
989013198
873405941
936137791
989013198
989013198
989013198
936137791
936137791
936137791
936137791
873405941
822702517
839466910
828290295
822702517
942182348
858422105
858422105
810168965
858422105
824158708
765986408
858422105
781582875
781582875
781582875
781582875
824158708
889013822
889013822
769947082
773420406
769947082
765986408
772741608
889013822
783458961
807953648
853552789
853552789
889013822
853552789
807054797
807054797
807054797
807054797
847338436
807054797
807054797
797729579
797729579
847338436
763724871
763724871
847338436
774736561
772741608
799228381
799228381
799228381
807054797
965884565
799228381
799228381
799228381
783458961
799228381
799228381
763724871
867587376
807054797
774736561
754159392
765986408
773420406
847338436
772741608
772741608
763724871
844528263
765986408
765986408
754159392
847338436
957635189
772741608
926567608
926567608
926567608
926567608
926567608
759078936
926567608
926567608
765094155
755922433
926567608
772741608
980957228
980957228
980957228
926567608
944582279
944582279
944582279
783458961
944129643
944129643
944129643
944129643
937173949
937173949
926567608
875796957
919410652
919410652
875796957
919410652
985274382
985274382
919410652
919410652
875796957
889751358
875796957
875796957
817956285
817956285
889751358
889751358
889751358
875796957
875796957
817956285
875796957
875796957
762405541
772741608
762405541
819225001
754159392
755922433
779573028
754159392
755922433
873115219
772741608
762405541
772741608
779573028
875796957
763724871
875796957
817956285
779573028
753600709
817956285
817956285
779573028
769166018
757271781
936323642
875796957
769166018
875796957
973749157
897358735
973749157
897358735
897358735
897358735
897358735
891706889
977034786
996558272
996558272
996558272
943859734
989808785
943859734
763724871
977034786
757346947
810488231
891706889
989808785
763724871
817956285
897358735
891706889
757346947
757346947
891706889
943859734
943859734
875796957
943859734
943859734
780240982
943859734
943859734
922771497
757346947
754159392
922771497
897358735
781921917
922771497
922771497
856115359
922771497
842557740
897358735
897358735
796214207
796214207
941294179
946947754
941294179
947927218
941294179
947927218
947927218
781921917
796214207
796214207
796214207
842557740
777287312
946947754
946947754
781921917
853184715
853184715
796214207
796214207
796214207
842557740
829979548
853184715
853184715
936197715
936197715
842557740
792359414
792359414
936197715
792359414
985025878
910845217
936197715
781921917
985025878
775126026
910845217
910845217
910845217
812357702
936197715
910845217
812357702
777287312
812357702
812357702
775248916
853184715
790475513
934027419
934027419
934027419
934027419
934027419
934027419
853184715
790475513
934027419
853184715
792359414
781921917
777287312
777287312
775126026
775248916
882721667
882721667
882721667
945857659
882721667
777287312
945857659
921586956
945857659
945857659
853184715
921586956
945857659
921586956
921586956
921586956
862030314
921586956
882721667
921586956
921586956
915052685
915052685
887501401
915052685
915052685
887501401
882721667
882721667
882721667
871005725
882721667
882721667
871005725
871005725
862030314
862030314
825467263
792359414
915218098
812142051
993742987
993742987
891304269
993742987
883964629
883964629
993742987
993742987
883964629
891304269
883964629
883964629
883964629
891304269
891304269
895681746
883964629
891304269
891304269
781921917
781921917
833122427
792359414
833122427
833122427
792359414
833122427
833122427
775248916
825467263
825467263
775248916
775248916
980170131
980170131
781921917
775126026
775248916
807054797
832311044
780240982
775126026
775248916
775126026
815241179
775248916
775248916
775126026
775126026
827982678
827982678
775248916
755004363
757346947
779573028
807054797
817956285
856115359
837241021
837241021
853184715
837241021
856115359
837241021
753249041
837241021
808212263
887240702
887240702
780240982
837241021
754159392
808212263
808212263
757016113
779573028
755922433
754159392
766842639
766842639
753249041
980258270
757271781
753249041
807054797
980258270
937585740
937585740
781806167
980258270
781806167
781806167
754159392
765986408
803710664
803710664
781806167
807054797
803710664
908564621
908564621
908564621
781806167
755669882
772741608
757951494
753740512
753740512
757951494
868705846
772741608
753740512
868705846
868705846
763724871
807054797
868705846
755004363
755004363
899656283
772741608
899656283
757290879
758220052
899656283
794862495
757500547
918653822
907505550
907505550
907505550
907505550
864820297
907505550
764972366
818298535
818298535
795432683
817956285
753249041
757271781
817956285
759511008
854721476
850229833
850229833
780240982
754159392
758062881
765094155
853184715
755540022
772231498
817956285
812142051
754159392
855843088
755540022
851005335
757500547
762853887
772231498
816711161
816711161
816711161
783176405
762853887
765094155
757500547
757951494
765094155
767835746
753740512
767835746
765986408
754159392
763724871
853184715
809063452
809063452
753600709
760311635
772231498
756371821
763724871
757031348
754159392
777287312
753366496
817402253
763724871
755540022
777287312
759511008
772231498
769815958
994323273
994323273
763724871
959862259
757951494
783176405
753600709
755540022
757482656
758220052
812142051
777287312
763724871
763724871
772231498
755540022
932410982
932410982
932410982
932410982
932410982
932410982
846085837
772231498
932410982
757031348
891464313
891464313
821198066
757290879
793197348
796078390
760049289
760049289
760049289
754330350
760506046
753600709
793197348
793197348
760049289
760049289
755723641
762853887
758403900
764972366
764566044
762405541
757290879
764972366
758016797
916150056
757031348
762853887
753740512
941578300
941578300
941578300
941578300
941578300
941578300
941578300
941578300
941578300
892476700
941578300
892476700
892476700
892476700
892476700
762931846
892476700
892476700
916150056
889025805
914187515
914187515
892476700
807359922
892476700
892476700
889025805
760049289
807359922
889025805
770858614
770858614
770858614
761665942
753249041
802376314
807359922
807359922
807359922
802376314
761665942
844528263
897083747
897083747
897083747
897083747
997896810
897083747
997896810
997896810
804349462
997896810
997896810
997896810
990273107
967319871
990273107
804349462
803962327
967319871
997896810
769815958
757290879
897083747
764253291
757951494
997896810
897083747
753600709
760049289
803962327
964525730
964525730
850553711
964525730
964525730
967319871
964525730
959779221
964525730
973099320
964525730
932979468
932979468
932979468
959779221
944777259
850553711
850553711
959779221
872703392
932979468
932979468
999253413
999253413
850553711
753249041
999253413
803962327
932979468
932979468
755439904
850553711
755439904
872703392
872703392
872703392
850553711
755922433
844528263
755439904
825076446
753740512
803962327
803962327
795718072
795718072
757422701
757271781
869107366
762405541
850030068
850030068
869107366
850030068
850030068
850030068
892628730
892628730
892628730
892628730
850030068
970820012
757290879
753249041
850030068
760049289
755669882
753600709
755004363
753156305
758403900
824391696
824391696
824391696
824391696
978738548
950772615
854890349
950772615
861802795
861802795
861802795
861802795
861802795
861802795
824391696
861802795
861802795
824391696
861802795
861802795
978738548
861802795
824391696
824391696
824391696
861802795
861802795
824391696
824391696
824391696
824391696
861802795
824391696
861802795
762070633
824391696
753600709
844528263
796225935
758403900
794900074
764253291
796225935
765045345
796225935
757951494
753600709
783176405
761016118
783176405
761224150
756301677
987640638
991659896
991659896
876428942
991659896
918319464
987640638
918319464
918319464
918319464
918319464
991659896
824465857
776748118
844528263
987640638
761224150
796225935
754159392
920544502
920544502
920544502
761224150
920544502
830647497
987640638
920544502
918907366
797013012
966614861
918907366
966614861
948854232
948854232
948854232
948854232
948854232
948854232
948854232
948854232
948854232
948854232
948854232
948854232
890254688
890254688
918907366
890254688
890254688
901996211
948673194
830647497
801350720
830647497
854993025
830647497
890254688
854993025
854993025
854993025
830647497
854993025
830647497
798761722
854993025
830647497
798761722
798761722
830647497
798761722
798761722
801350720
801350720
904352585
797013012
890254688
765829475
801350720
798761722
890254688
947521561
947521561
947521561
947521561
947521561
947521561
947521561
824457853
883251921
824457853
824457853
824457853
883251921
817956285
879564711
879564711
883251921
761224150
765829475
767121703
796225935
798761722
883251921
761224150
798761722
801350720
765829475
798761722
765829475
761224150
765829475
914189104
816995016
816995016
816995016
816995016
761495376
798761722
765829475
765829475
952656146
952656146
952656146
801350720
952656146
759566552
952656146
813134562
952656146
813134562
765829475
759566552
798774565
762070633
798774565
759566552
761016118
798774565
759566552
765829475
759566552
891760822
757016113
921313342
921313342
760049289
801350720
804024101
921313342
921313342
830647497
759772745
958168300
832334079
832334079
769813727
832334079
759566552
952656146
759566552
753249041
832334079
759566552
832334079
911367240
832334079
911367240
758790349
911367240
911367240
911367240
911367240
911367240
832334079
944142544
832334079
772358564
772358564
832334079
952656146
772358564
753156305
876694313
876694313
810595584
772358564
759566552
772358564
753740512
929640346
929640346
772358564
929640346
772358564
796225935
929640346
753600709
772358564
772358564
772358564
761223996
754869920
830647497
759772745
753600709
772358564
929640346
952656146
760506046
970787278
970787278
970787278
971877455
790345068
759566552
759566552
765829475
753740512
760506046
757016113
904356525
904356525
904356525
754869920
790345068
801350720
886914187
762853887
886914187
762853887
762405541
762853887
753353637
761016118
759566552
760506046
753740512
758790349
752582701
759566552
801350720
759566552
903487729
753600709
752529510
903487729
755698105
757271781
760311635
755540022
765829475
754676806
759566552
759566552
817956285
756301677
757422701
817956285
817956285
762853887
760370778
940518569
817956285
777287312
759566552
753600709
843414617
879711593
879711593
879711593
753249041
753740512
879711593
765829475
762070633
817956285
759566552
828967767
764253291
811865558
828967767
975195699
975195699
975195699
975195699
975195699
975195699
975195699
960340550
975195699
960340550
975195699
753249041
752709621
975195699
753249041
828967767
752529510
975195699
755540022
975195699
755540022
811865558
811865558
755479318
811865558
811865558
758790349
752709621
755439904
975195699
975195699
975195699
757890372
762405541
759566552
753249041
975195699
975195699
949780184
759772745
762405541
759772745
754561997
916398188
916398188
975195699
757290879
759135101
916398188
916398188
975195699
825862046
975195699
916398188
975195699
960340550
916398188
887524914
755540022
887524914
887524914
975195699
825862046
759135101
921208042
760049289
887524914
887524914
761665942
754561997
921208042
753740512
755922433
825862046
761665942
825862046
755723641
765986408
952932605
825862046
757890372
952932605
755476422
825862046
755476422
997096560
997096560
997096560
997096560
950944196
817917301
997096560
997096560
950944196
997096560
997096560
997096560
832712907
832712907
832979276
832979276
991319924
840147710
832979276
975195699
832979276
832979276
825862046
825862046
858806669
761665942
762405541
817917301
757290879
817917301
754561997
817917301
817917301
832712907
817917301
759135101
896952623
896952623
921208042
896952623
855012959
855012959
896952623
896952623
896952623
896952623
755476422
928652433
975195699
928652433
928652433
928652433
816335446
843342922
967618408
967618408
975195699
925368869
967618408
816335446
816335446
830900284
928652433
885817089
817917301
928652433
885817089
885817089
896952623
896952623
885817089
885817089
817917301
830900284
830900284
860909933
830900284
816335446
928652433
832979276
832979276
830900284
830900284
928652433
816335446
928652433
759772745
777287312
830900284
797187587
952277595
952277595
830900284
797187587
952277595
952277595
952277595
952277595
759566552
928652433
818352081
939809319
939809319
939809319
939809319
975195699
928652433
830900284
980693036
928652433
752709621
762405541
753740512
759135101
999360595
999360595
999360595
999360595
999360595
921408002
999360595
999360595
999360595
999360595
764455718
999360595
921408002
999360595
819599664
819599664
896952623
788754757
765986408
752582701
752709621
752953341
865635035
865635035
757016113
757031348
896952623
788754757
759979090
837027734
837027734
837027734
837027734
837027734
896952623
759772745
752529510
837027734
837027734
818261270
788754757
753249041
919873887
753740512
976187025
976187025
821250497
761145182
976187025
793197348
788754757
752389669
788754757
753249041
755540022
753249041
755540022
759511008
842466511
832712907
753740512
759772745
758790349
759511008
757890372
761665942
753740512
791828041
791828041
832712907
755922433
842466511
759772745
757158127
757158127
848981685
762405541
848981685
933102315
755439904
880585484
880585484
912610495
912610495
817956285
753249041
761278994
832712907
762545336
761016118
758403900
753740512
752709621
761145182
958299123
755476422
761665942
755445953
821250497
753249041
805463926
805463926
753249041
988173386
805463926
846489171
846489171
846489171
846489171
846489171
846489171
846489171
753249041
755922433
758062881
815952591
815952591
815952591
815952591
815952591
815952591
975195699
815952591
764944911
793197348
975195699
752953341
755698105
753618827
815952591
913523790
941785076
913523790
913523790
756301677
815952591
815952591
964255972
752529510
759511008
964255972
762931846
757271781
753100053
752953341
753249041
941785076
777287312
757890372
758289572
777287312
758289572
758220052
758403900
832712907
753618827
754561997
753740512
760311635
761145182
752851497
943737615
943737615
943737615
943737615
762405541
777287312
757271781
755540022
753353637
753618827
845374698
753740512
759764808
757951494
832712907
777287312
776289676
776289676
832712907
758623692
757890372
776289676
759511008
757271781
759511008
902046001
970157345
970157345
970157345
759176885
753249041
832712907
793197348
793265981
793265981
793265981
793265981
793265981
978457664
978457664
978457664
978457664
978457664
978457664
978457664
761539488
923739517
954944588
954944588
954944588
923739517
954944588
923739517
864265127
923739517
954944588
776289676
923739517
864265127
864265127
776289676
864265127
864265127
923739517
833114846
914653183
833114846
793265981
864265127
905201982
905201982
864265127
833114846
833114846
864265127
864265127
864265127
833114846
833114846
833114846
884433976
833114846
833114846
832712907
811804517
811804517
833114846
833114846
833114846
811804517
811804517
811804517
811804517
833114846
776289676
833114846
764686583
765829475
832712907
753618827
752529510
757016113
753618827
753366496
760772357
752709621
758796550
756301677
757890372
757271781
757271781
761665942
757271781
754330350
994918413
994918413
758790349
752953341
958285295
958285295
958285295
757890372
958285295
958285295
753496255
753692734
958285295
820753287
922702593
752389669
753613044
922702593
889685028
828087322
830577427
972636268
972636268
972636268
830577427
828087322
828087322
756287459
806387712
806387712
806387712
866033574
758265139
806387712
806387712
866033574
752953341
866033574
828213361
828213361
866033574
947477300
947477300
947477300
769815958
831471221
831471221
986149197
986149197
986149197
986149197
986149197
806387712
986149197
986149197
986149197
828213361
755907613
828213361
755439904
866033574
986149197
828213361
986149197
986149197
828213361
828213361
986149197
986149197
986149197
758062881
764892728
764892728
755907613
769815958
986149197
758733017
764892728
764892728
760370778
764892728
764892728
769815958
762680155
762405541
885544357
885544357
768898653
756436584
791828041
761539488
757271781
758016797
946620132
758220052
903547628
903547628
903547628
950409709
950409709
950409709
760445367
770399447
903547628
757951494
819755651
819755651
821250497
752953341
847580517
847580517
765829475
758408019
753692734
877030388
877030388
847580517
877030388
973890382
761278994
973890382
973890382
973890382
973890382
960985577
960985577
960635987
960985577
958738014
958738014
877030388
960985577
938628307
938628307
938628307
938628307
877030388
938628307
960985577
871055114
900891794
836771249
871055114
900891794
836771249
871055114
960985577
900891794
960985577
960985577
960985577
836771249
850474234
826879608
960985577
826879608
826879608
877030388
871055114
938030821
938030821
826879608
826879608
960985577
938030821
938030821
938030821
850474234
960985577
850474234
826879608
831165743
850474234
848399511
831165743
836771249
877030388
870728382
870728382
960985577
848399511
974468495
848399511
974468495
836859380
836859380
836771249
903113808
850801710
903113808
903113808
850801710
885151533
885151533
850801710
885151533
885151533
885151533
819755651
974672697
974672697
850801710
836219318
831165743
819755651
831165743
851198406
851198406
851198406
836219318
974672697
776098301
831165743
831165743
836859380
850801710
836771249
836771249
850801710
850801710
831165743
831165743
850801710
954401618
954401618
954401618
850801710
954401618
954401618
851471956
836859380
836771249
836771249
836771249
832712907
836771249
836771249
836771249
826879608
826879608
831165743
826879608
831165743
816147204
826879608
816147204
832712907
831165743
785253365
785253365
826879608
785253365
790244046
826879608
790244046
781008034
819883852
819883852
826879608
785253365
980572635
828728010
828728010
828728010
781008034
785253365
828728010
785253365
781008034
781008034
785253365
781008034
969637188
969637188
969637188
832256612
969637188
785253365
781008034
785253365
785253365
969637188
819883852
881749750
785253365
781008034
856053426
856053426
781008034
832712907
781008034
856053426
856053426
781008034
856053426
781008034
781008034
781008034
879263837
879263837
881749750
781008034
879263837
781008034
781008034
781008034
781008034
882544769
882544769
768898653
882544769
759500885
879640014
901351225
887239527
901351225
887239527
887239527
901351225
887239527
901351225
887239527
785406082
818229165
863534748
863534748
863534748
879640014
887239527
863534748
879640014
818229165
894860295
967319871
863534748
818229165
863534748
895367099
895367099
894860295
818229165
894860295
818229165
818229165
777600374
894860295
772955992
757271781
753366496
813078272
813078272
813078272
863534748
761278994
813078272
813078272
813078272
813078272
774464830
776098301
813078272
776098301
752389669
914902459
914902459
813078272
781008034
950951171
950951171
753618827
840143424
854174761
840143424
830283318
781008034
927744039
927744039
927744039
840143424
752562410
863534748
840143424
756255534
927744039
774464830
752389669
927744039
772247121
927744039
755907613
774464830
774464830
927744039
990855727
757951494
762931846
762545336
762086847
990855727
754561997
879954960
879954960
755922433
833704681
879954960
833704681
889349166
833704681
889349166
833704681
755132652
889349166
833704681
833704681
794509197
765829475
794509197
879954960
879954960
811430126
841439329
813720091
813720091
811430126
990855727
811430126
794509197
879954960
794509197
794509197
794509197
945053378
811430126
811430126
796308368
796308368
945053378
990855727
825707017
863534748
794509197
825707017
918516425
918516425
945053378
918516425
918516425
825707017
918516425
825707017
918516425
774464830
825707017
791828041
796308368
990855727
796308368
796308368
918516425
796308368
796308368
796308368
811430126
796308368
752709621
796308368
957917840
957917840
990855727
758623692
794509197
794509197
794509197
813078272
752953341
924922028
918516425
918516425
895447068
863534748
755907613
757016113
895447068
811430126
838557581
838557581
769815958
758289572
918516425
761145182
812141309
846991369
846991369
990855727
752564299
812141309
926486420
812141309
846991369
953109486
846991369
846991369
812141309
812141309
953109486
812141309
926486420
990855727
812141309
926486420
812141309
793991586
846991369
846991369
926486420
846991369
827476387
990855727
827476387
983725098
973965182
973965182
973965182
973965182
827476387
827476387
827476387
827476387
827476387
827476387
827476387
863534748
940995255
940995255
760772357
808602770
808602770
982098202
982098202
982098202
808602770
808602770
827476387
808602770
972358837
808602770
827476387
827476387
962305744
962305744
827476387
990855727
962305744
988066248
793991586
962305744
827476387
972358837
954620386
863534748
823544639
972358837
823544639
827476387
754691065
793991586
758796550
758265139
764256482
956393773
771336021
956393773
981880600
956393773
835872148
835872148
956393773
956393773
941706904
956393773
835872148
941706904
753249041
755723641
905200765
905200765
752389669
793991586
823544639
800676292
800676292
800676292
793991586
941109663
941109663
941109663
755723641
941109663
941109663
941706904
941109663
823544639
752194019
793991586
840143424
823544639
941109663
941109663
939281448
805218487
912167271
939281448
941109663
941109663
912167271
912167271
912167271
941109663
941706904
890725403
883890636
883890636
939281448
883890636
890725403
939483924
939483924
939483924
870613755
939483924
982203525
840006778
982203525
840006778
870613755
939483924
990855727
885003549
990855727
885003549
885003549
939483924
885003549
926454188
939483924
926454188
926454188
926454188
926454188
926454188
939483924
926454188
904563249
904563249
904563249
919316090
919316090
919316090
904563249
919316090
962938124
904563249
885003549
885003549
870613755
840006778
870613755
870613755
973886872
973886872
973886872
920013604
804668040
920013604
870613755
836769624
870613755
939483924
870613755
840006778
870613755
939483924
870613755
939483924
870613755
851328885
836769624
926775496
952904984
952904984
952904984
952904984
952904984
994071755
885003549
926775496
812920038
895832307
962938124
812920038
939483924
895832307
895832307
812920038
939483924
937064930
895832307
895832307
895832307
895832307
939483924
895832307
845634214
812920038
845634214
840006778
844829697
850408302
850408302
850408302
851328885
953566483
845575763
953566483
953566483
844829697
850408302
851328885
850408302
850408302
850408302
914134163
914134163
914134163
953240609
958796868
958796868
850408302
845575763
845575763
871187580
871187580
871187580
871187580
871187580
871187580
958796868
871187580
949693709
961313902
844829697
961313902
961313902
961313902
844829697
806520747
791828041
805218487
961313902
806520747
961313902
845575763
806520747
961313902
908369330
806520747
908369330
972711620
962938124
877806902
908369330
877806902
877806902
912033833
923610971
912033833
892817426
912033833
912033833
809698724
892817426
914436694
962938124
809698724
840006778
877806902
918516425
845627927
845627927
845627927
845627927
877806902
912033833
845627927
926486420
809698724
845627927
877806902
851328885
912033833
892817426
845627927
877806902
877806902
962938124
997292120
880387127
880387127
880387127
877806902
851328885
877806902
918516425
849703760
849703760
912033833
864691194
864691194
914436694
850043708
850043708
845627927
850043708
840006778
950490941
943607226
955923057
950490941
955923057
962938124
955923057
955923057
950490941
935602539
950490941
839136745
864691194
863534748
935602539
935602539
864691194
935602539
935602539
935602539
849703760
955923057
935602539
853751487
853751487
853751487
926238586
955923057
845627927
955923057
853751487
955923057
926238586
926238586
850043708
853751487
839136745
839136745
963614512
845627927
839136745
853751487
955923057
839136745
839136745
836769624
812920038
850043708
845627927
853751487
836769624
845627927
809698724
812920038
812920038
809698724
823544639
809698724
809698724
806520747
806520747
926486420
840143424
805218487
805218487
805218487
809698724
805571510
800676292
805571510
805571510
805571510
811862442
805218487
805218487
805218487
863534748
805218487
805218487
962938124
805218487
805218487
804668040
805218487
805218487
885003549
805218487
805218487
807543120
807543120
805218487
918516425
807543120
962938124
799750766
807543120
805218487
882478269
882478269
882478269
882478269
807543120
882478269
882478269
882478269
942870159
892168854
947421298
906643482
942870159
906643482
906643482
906643482
885003549
892168854
948263756
948263756
892168854
789601265
789601265
804668040
789601265
789601265
800676292
799750766
881015026
788810858
789601265
789601265
789601265
875115725
875115725
875115725
879954960
793991586
783564851
793991586
879954960
791828041
787551941
788810858
799750766
855403943
855403943
787551941
893353684
991007928
775311362
855403943
875115725
979017383
855403943
875115725
855403943
855403943
855403943
855403943
855403943
855403943
775311362
855403943
879954960
855403943
787551941
788810858
783564851
799750766
771649995
783564851
978607214
978607214
978607214
840143424
978607214
771649995
771649995
892538465
892538465
807232089
998210194
938689649
938689649
998210194
938689649
938689649
998210194
938689649
998210194
998210194
938689649
998210194
938689649
998210194
998210194
893558400
893558400
998336712
893558400
847748207
847748207
893558400
886787505
938689649
886787505
938689649
893558400
893558400
807232089
978607214
935415276
886787505
838674937
873683096
886787505
873683096
892538465
886787505
886787505
935415276
873683096
873683096
807232089
938689649
863534748
815145708
807232089
815145708
938689649
873683096
859741287
873683096
859741287
807232089
938689649
938689649
873683096
815145708
852186463
807232089
815145708
849703760
863534748
881146692
881146692
881146692
881146692
795359097
815145708
881146692
795359097
881146692
799750766
815145708
830226558
830226558
829993244
790453017
829993244
790453017
795359097
793991586
795359097
795359097
795359097
790453017
790453017
886787505
790453017
788626060
879954960
795359097
788626060
807232089
788626060
938689649
938689649
771517763
783564851
767714844
859741287
894567473
894567473
894567473
894567473
767714844
894567473
894567473
888423905
894567473
894567473
888423905
929322718
929322718
944399574
788810858
932426399
944399574
944399574
932426399
932426399
886787505
788810858
771649995
995116546
995116546
995116546
879954960
995116546
995116546
932463812
827476387
932463812
932463812
932463812
932463812
932463812
932463812
932463812
929322718
848052924
888423905
775579507
848052924
848052924
848052924
848052924
848052924
886787505
859741287
870542870
870542870
775579507
775579507
863534748
815145708
773982021
773982021
775579507
775579507
771649995
775579507
799757970
807232089
775579507
775579507
938689649
815145708
767712406
863534748
771517763
773982021
783564851
767714844
773982021
771649995
773982021
783564851
775579507
775579507
775579507
863534748
947936529
947936529
799757970
775579507
767712406
775579507
814579471
814579471
771649995
851328885
878853419
771649995
999819025
999819025
981944651
999819025
999819025
981944651
999819025
981944651
771649995
901776713
901776713
814579471
764040395
768688971
811430126
814579471
768688971
938689649
859741287
767712406
840143424
768688971
768688971
799757970
999819025
970798747
771649995
999819025
970798747
788810858
766054840
970798747
766054840
768688971
766054840
970798747
788810858
771649995
764040395
770320931
970798747
768688971
768688971
770320931
970798747
776675278
788810858
776675278
763569758
970798747
776675278
939484136
823963330
793991586
783131648
776675278
970798747
776675278
776675278
764040395
799750766
764040395
799750766
858427549
775817857
858427549
775817857
970798747
858427549
823963330
793991586
775817857
775817857
899097946
863665113
863665113
970798747
863665113
863665113
839941132
839941132
863665113
863665113
839941132
782704114
782704114
858427549
782704114
775817857
775817857
782704114
764040395
782704114
763453226
782704114
796985121
796985121
796985121
823963330
796985121
788810858
766054840
950378673
950378673
811430126
950378673
763569758
796985121
796985121
839212338
763453226
805218487
764044415
839212338
766054840
771649995
929654772
929654772
929654772
929654772
929654772
929654772
929654772
954335681
954335681
954335681
939887521
813774210
939887521
929654772
764044415
863534748
763453226
813774210
764040395
763569758
763569758
793991586
849703760
941336745
976373939
976373939
965879982
965879982
941336745
941336745
763569758
811430126
770320931
770320931
770320931
885003549
879954960
956592573
956592573
956592573
956592573
956592573
766054840
956592573
956592573
923932858
923932858
983248229
965088678
923932858
965088678
965088678
763453226
923932858
983248229
763569758
923932858
923932858
766054840
895237581
923932858
858427549
907960866
815145708
907960866
804554048
788810858
804554048
804554048
759653681
793991586
858402830
907960866
963514482
963514482
963514482
963514482
765035126
963514482
787551941
804554048
765035126
949581327
765035126
765035126
804554048
907960866
793991586
766054840
815145708
765035126
793991586
765035126
759759878
766054840
807543120
807232089
766054840
759653681
759653681
763569758
812920038
759653681
815744975
767249666
782704114
776363142
807543120
807543120
823963330
799750766
849703760
767249666
776363142
776363142
776363142
764044415
849703760
949841054
776363142
776363142
776363142
799750766
767249666
822561968
776363142
822561968
949841054
822561968
776363142
776363142
803622962
776363142
803622962
763569028
776363142
822561968
822561968
962407420
763569028
962407420
767249666
803622962
962407420
842931106
842931106
842931106
910379366
842931106
803622962
974157816
974157816
995444621
988783846
988783846
820067523
974157816
820067523
988783846
974157816
988783846
910379366
820067523
988783846
920147119
924208928
940582116
924208928
924208928
940582116
974157816
850602225
920147119
855214280
855214280
850602225
850602225
852103873
850602225
849830182
849830182
849830182
926499302
945362512
945362512
822561968
850602225
818369290
885952297
850602225
827023810
939393643
939393643
939393643
939393643
875654362
875654362
822561968
924208928
760555243
827023810
818369290
818369290
827023810
827023810
827023810
822561968
827023810
827023810
827023810
827023810
827023810
863534748
849703760
856402828
856402828
827023810
818369290
827023810
823812979
924208928
840143424
823812979
823812979
917412204
849703760
917412204
917412204
917412204
823812979
917412204
823812979
917412204
850091220
760555243
849703760
813254333
818369290
849703760
823812979
818369290
813254333
879954960
760555243
818369290
818369290
845627927
879513093
976950230
976950230
976950230
810309168
982911442
890610963
890610963
818369290
879513093
763569028
818369290
879513093
781421237
879513093
818369290
879513093
827476387
879513093
810309168
879513093
818369290
879513093
810309168
818369290
827476387
781421237
818369290
818369290
874796614
810309168
874796614
810309168
810309168
810309168
810309168
801118199
818369290
781421237
958155983
958155983
781075464
958155983
859470529
958155983
859470529
859470529
958155983
958155983
958155983
958155983
958155983
859470529
859470529
859470529
859470529
859470529
859470529
859470529
859470529
776363142
839667149
839667149
859470529
851060014
859470529
852976601
977933263
851060014
977933263
851060014
851060014
851060014
859470529
839667149
776363142
982542973
839667149
851060014
851060014
851060014
767249666
859470529
767249666
839667149
763569758
839667149
829321052
979201816
979201816
979201816
763569028
763569028
979201816
851060014
979201816
851060014
851060014
859470529
851060014
839667149
763569028
839667149
931220160
803622962
931220160
839667149
763569028
839667149
823963330
827863202
803622962
970228643
970228643
937952703
937952703
970228643
763262829
883510383
970228643
883510383
883510383
970228643
883510383
763262829
803622962
781075464
763262829
937952703
781075464
937952703
937952703
803622962
823812979
773035961
773035961
818369290
818369290
760107115
773035961
765829475
763262829
803622962
763262829
818369290
776363142
783564851
776363142
818369290
862283467
862283467
765829475
882209561
820129801
916935890
916935890
916935890
820129801
945236300
945236300
945236300
945236300
945236300
857681301
916935890
869139907
916935890
916935890
760107115
857681301
940192649
940192649
988639914
988639914
940192649
940192649
800141542
818369290
800141542
818369290
813254333
800141542
813254333
813254333
826806755
826806755
940192649
826806755
868378054
949918212
857681301
864457859
826806755
976228313
857681301
904831994
868378054
826806755
940192649
762012530
762012530
826806755
857681301
928728133
928728133
848466168
800881916
813579091
848466168
924208928
928728133
864684163
928728133
928728133
864684163
864684163
864684163
919822298
919822298
800881916
813579091
813579091
916551358
813579091
924208928
864684163
813579091
848466168
813579091
797863901
800881916
848466168
813579091
848466168
813579091
813579091
848466168
848466168
813579091
848466168
797863901
797863901
826806755
797863901
797863901
797863901
810764996
762012530
797863901
800881916
797863901
800881916
813254333
780299038
967319871
797863901
826499647
800141542
797863901
815234201
803622962
839351245
780299038
762012530
800141542
784821153
797863901
763262829
762012530
787813433
787813433
967276854
839281840
839281840
839281840
787813433
813254333
799629509
799629509
799629509
976187310
976187310
976187310
976187310
976187310
799629509
864684163
860585797
932054068
887377112
932054068
860585797
879984180
829700370
932054068
932054068
879984180
898831520
921651259
921651259
921651259
921651259
921651259
921651259
926770350
913872532
913872532
913872532
913872532
879984180
968331037
879984180
860585797
913872532
860585797
913872532
860585797
844907175
799629509
829700370
829715382
829700370
829700370
765606790
844907175
799629509
829700370
830033331
981705441
955066834
981705441
981705441
829715382
981705441
981705441
781348619
955066834
783564851
814330773
813254333
955066834
784821153
829700370
829700370
814330773
829700370
781348619
814330773
781348619
781348619
781348619
781348619
814330773
879954960
781348619
871850596
844907175
899759779
899759779
844907175
899759779
844907175
844907175
829700370
806247895
813254333
806247895
844907175
982144470
813254333
806247895
829700370
920002424
781348619
781348619
778010631
778010631
993491272
887108800
887108800
887108800
887108800
993491272
845769321
778010631
832663438
832663438
832663438
781348619
781348619
812920038
864684163
783564851
807232089
783564851
900736529
778010631
900736529
778010631
844907175
800141542
778010631
829700370
778010631
778010631
813078272
922572611
800141542
783564851
778010631
784821153
807543120
775588060
775588060
787813433
829700370
787813433
993610942
993610942
993610942
993610942
993610942
993610942
862878198
817502406
803033933
862878198
778010631
876087571
876087571
876087571
876087571
817502406
817502406
876087571
876087571
876087571
876087571
862878198
775588060
817502406
817502406
812920038
817502406
829700370
817502406
817502406
817502406
817502406
807543120
886787505
776252984
775588060
778010631
776252984
776252984
775588060
765606790
765606790
807232089
919232899
775588060
807543120
775588060
774077150
919232899
863534748
919232899
775588060
919232899
775588060
775588060
774077150
800141542
774077150
765606790
799750766
775588060
774077150
807543120
807543120
765606790
863534748
774077150
775588060
962551149
962551149
931996243
931996243
783564851
949954855
949954855
949954855
949954855
931996243
931996243
931996243
897950704
931996243
897950704
897950704
981235551
981235551
981235551
981235551
981235551
972238338
972238338
897950704
914045565
842822534
897950704
914045565
914045565
914045565
981235551
807543120
897950704
897950704
897950704
974548723
974548723
897950704
897950704
897950704
897950704
893911059
893911059
797863901
897950704
807543120
893911059
922464840
922464840
922464840
922464840
897950704
897950704
969030464
969030464
807087767
969030464
769595546
778010631
969030464
969030464
969030464
969030464
969030464
765606790
954105444
927219461
962425848
954105444
962425848
927219461
927219461
912542498
954105444
954105444
954105444
912542498
815545045
954105444
912542498
912542498
912542498
864489359
909980626
909980626
954105444
854497974
954105444
880502389
854497974
888815157
854497974
864489359
864489359
854497974
854497974
814233338
954105444
814233338
854497974
854497974
814233338
815545045
815545045
807087767
815545045
814233338
815545045
814233338
815545045
896995497
815545045
815545045
896995497
815545045
896995497
987525039
896995497
987525039
896995497
987525039
896995497
822216102
822216102
808530877
880502389
814233338
808530877
801642398
807087767
801642398
794494392
794494392
794494392
981050353
981050353
981050353
807087767
981050353
807087767
981050353
981050353
819804047
977405606
977405606
977405606
819804047
786054298
794494392
801642398
822216102
957500453
957500453
800881916
774077150
765606790
930236769
857948717
930236769
769595546
769022700
769022700
930236769
800141542
954105444
773035961
762012530
867776656
867776656
814233338
857948717
778010631
762012530
774077150
765606790
787551941
774077150
867776656
769022700
867776656
765606790
774077150
800881916
765606790
857948717
982934309
982934309
982934309
982934309
982934309
762012530
778010631
778010631
774077150
778010631
831884627
769595546
831884627
867776656
800141542
974279114
974279114
974279114
778010631
974279114
974279114
974279114
974279114
974279114
956668230
956668230
956668230
956668230
956668230
956668230
903631060
775588060
839198356
974279114
873670659
839198356
839198356
895318626
930639120
930639120
930639120
930639120
930639120
930639120
954105444
928219452
831884627
895318626
895318626
895318626
928219452
873670659
895318626
873670659
839198356
839198356
930639120
908818911
908818911
839198356
995061774
995061774
782516349
886922038
930639120
930639120
873670659
928219452
873670659
952270748
952270748
928219452
952270748
835069276
952270748
952270748
839198356
835069276
833836033
886922038
951347025
951347025
970407387
835069276
970407387
970407387
839198356
873099437
873099437
803365409
957379493
957379493
957379493
957379493
951347025
957379493
839198356
803365409
835069276
835069276
833836033
803365409
835069276
833836033
835069276
833836033
803365409
804403147
833836033
921410328
893983240
900436454
896603952
896603952
900436454
886855994
886855994
900436454
973762169
973762169
833836033
886922038
973762169
804403147
973762169
833836033
853250527
973762169
853250527
973762169
853250527
912816779
853250527
912816779
886922038
853250527
896603952
853250527
886922038
924078351
924078351
924078351
831884627
924078351
924078351
886922038
994663997
969716144
924078351
853250527
969716144
924078351
969716144
932403512
924078351
932403512
932403512
803365409
932403512
886794106
932403512
886794106
804403147
886794106
886794106
886794106
896603952
896603952
938125277
938125277
938125277
938125277
938125277
938125277
896603952
893983240
896603952
893983240
930125136
878917949
896603952
886922038
893983240
888545172
888545172
896603952
971795046
886794106
863788932
853250527
853250527
998248717
998248717
998248717
998248717
824860738
824860738
998248717
824860738
886794106
998248717
893983240
998248717
889606485
998248717
824860738
886794106
777277873
998248717
824860738
953831553
953831553
953831553
953831553
953831553
953831553
924157671
911637844
953831553
911637844
831884627
911637844
953831553
878917949
777277873
777277873
878917949
889606485
831884627
857438695
790201997
790201997
878917949
878917949
777277873
886922038
857948717
777277873
886922038
857438695
889606485
857438695
857438695
900436454
857438695
893983240
896603952
783564851
801642398
863788932
774077150
896603952
893983240
831884627
893983240
896603952
857438695
886794106
824922995
867776656
857438695
760676759
977681099
814233338
804403147
777277873
824922995
878917949
893983240
863788932
861237578
886787505
863788932
861237578
863788932
932462219
853250527
932462219
863788932
814233338
932462219
760676759
857438695
764234227
932462219
853250527
863788932
777277873
863788932
814233338
831884627
878917949
863788932
824922995
863788932
809347583
764234227
863788932
857438695
831884627
857438695
760676759
824922995
814370530
814370530
853250527
809347583
824860738
853250527
783564851
831884627
797863901
981231107
981231107
940352992
805218487
940352992
940352992
940352992
940352992
940352992
940352992
940352992
768903071
940352992
769595546
777277873
760107115
993938294
993938294
893983240
969368660
969368660
814370530
969368660
760676759
970803687
893983240
836571733
814370530
760107115
759581307
782516349
836571733
974484261
974484261
974484261
974484261
836571733
814487606
814487606
970803687
814487606
759581307
893983240
970803687
970803687
769595546
762012530
762487051
970803687
970803687
769595546
762487051
773035961
970803687
870274802
797863901
768903071
870274802
890596546
768903071
890596546
890596546
870274802
870274802
870274802
870274802
870274802
870274802
870274802
919682357
995312952
919682357
919682357
870274802
919682357
870274802
826817386
847526489
983974034
983974034
847526489
826817386
847526489
983974034
983974034
847526489
826817386
835069276
835069276
826817386
798692826
826817386
798692826
793027180
807232089
822309908
798692826
798692826
798692826
762487051
814370530
807232089
831884627
793027180
803365409
803365409
768903071
807232089
803365409
793027180
814370530
793027180
793027180
799750766
793027180
793027180
793027180
803365409
803365409
768903071
792570141
792570141
764234227
764234227
807232089
760555243
793991586
814370530
897712322
904956625
904956625
897712322
897712322
814370530
897712322
897712322
783564851
803365409
970423925
970423925
777277873
948072172
948072172
948072172
925854183
768903071
760107115
768688971
781219564
777277873
925854183
788810858
923099656
803365409
995123414
995123414
923099656
793991586
801642398
923099656
923099656
923099656
940980627
923099656
940980627
810508653
810508653
760676759
760676759
777277873
793991586
759581307
777277873
800213228
781219564
781219564
810508653
788810858
763569758
966658729
810508653
768903071
810508653
760676759
801642398
886787505
788810858
905074834
905074834
905074834
905074834
763453226
768903071
760555243
810508653
781219564
801642398
876296737
813254333
807232089
768903071
760676759
781219564
801642398
783564851
792570141
781219564
801642398
787551941
762529350
763453226
781219564
768903071
847526489
766975534
766975534
807232089
788810858
824226504
824226504
824226504
824226504
766975534
824226504
786080081
781219564
766975534
766975534
858277063
858277063
858277063
974193685
858277063
847526489
974193685
766975534
776359430
766975534
946293517
946293517
818369290
778010631
946293517
831884627
776359430
946293517
929373797
929373797
946293517
816487654
816487654
816487654
905264015
772824304
882081720
882081720
882081720
853975515
853975515
853975515
847804298
847804298
847804298
847804298
882081720
847804298
847804298
847804298
847804298
847804298
830617883
830617883
830617883
776359430
881814535
772824304
816487654
766975534
786080081
776359430
969959658
881814535
969959658
969959658
762973614
969959658
772824304
762973614
762973614
797863901
763453226
763262829
763262829
762594103
787551941
793991586
965364996
965364996
965364996
965364996
965364996
778010631
762973614
762594103
965364996
786080081
772824304
778010631
768688971
762973614
768903071
768688971
762973614
776359430
763262829
776359430
989884783
989884783
969959658
946579327
762973614
917210349
762973614
935866290
969959658
825446277
825446277
762529350
786080081
772824304
762529350
935866290
762594103
776359430
801642398
867776656
801642398
847526489
818369290
768903071
937379099
937379099
937379099
937379099
937379099
937379099
762446850
982280326
982280326
982280326
778010631
777600374
788810858
801527304
847526489
994159905
994159905
994159905
994159905
762529350
801527304
762529350
773035961
762973614
867776656
777664560
772824304
777664560
776359430
762973614
788810858
839864154
763569758
777664560
839864154
839864154
839864154
839864154
969883648
917002125
969883648
969883648
969883648
969883648
969883648
918963262
969883648
969883648
777600374
969883648
921261690
921261690
918963262
917002125
917002125
917002125
917002125
847526489
917002125
932347666
917002125
917002125
917002125
824226504
777664560
808744745
762529350
950224569
950224569
762529350
777664560
777664560
762875588
781219564
777664560
762529350
772824304
827605894
950224569
950224569
791303202
791303202
763569758
978484712
791303202
791303202
791303202
791303202
942751634
949097827
942751634
949097827
776359430
783564851
762973614
867776656
763453226
768903071
772824304
762012530
762973614
867776656
768903071
783564851
801642398
768688971
762446850
762529350
843323224
843323224
762529350
824226504
776359430
946236865
768903071
946236865
946236865
946236865
867776656
768688971
946236865
946236865
809861338
809861338
867776656
809861338
776359430
809861338
888555855
888555855
888555855
888555855
813343939
809861338
809861338
813343939
809861338
809861338
762012530
813343939
777600374
760676759
768688971
817956285
762973614
783564851
768903071
768688971
788810858
773035961
760676759
762875588
762529350
762446850
777600374
818696943
777600374
776359430
766054840
801642398
980693503
766975534
980693503
768903071
764234227
841166060
841166060
762012530
841166060
762446850
773035961
776359430
762446850
762012530
762446850
768903071
773035961
773035961
763453226
801642398
762446850
886787505
763453226
821694535
821694535
821694535
762446850
763569758
773035961
763453226
763453226
778010631
783564851
772824304
762446850
772824304
768903071
886787505
762446850
762012530
781356816
760555243
760676759
762973614
772824304
773035961
844199175
762973614
991896343
991896343
991896343
991896343
762973614
768903071
997304932
762973614
762529350
991896343
997304932
997304932
997304932
762012530
762973614
991896343
979195876
979195876
945781831
762012530
763453226
771688599
771688599
963578563
963578563
963578563
810718406
810718406
810718406
769597798
810718406
801642398
762446850
810718406
810718406
773035961
773035961
762446850
760107115
769597798
801642398
766131250
766131250
864684163
766131250
762529350
783564851
763453226
769597798
762012530
762875588
766975534
769597798
766131250
769597798
760676759
760676759
943160210
759759878
943160210
844199175
943160210
943160210
943160210
762529350
766975534
863534748
760555243
766975534
863534748
763453226
766131250
760107115
766975534
807032986
769597798
936279644
759653681
936279644
766975534
762012530
776359430
863570660
840402385
840402385
840402385
840402385
946706156
840402385
760555243
760555243
762529350
799214448
799214448
844199175
799214448
864684163
994523550
762529350
799214448
994523550
762529350
994523550
799214448
994523550
994523550
781008034
760676759
760107115
764044415
760555243
994523550
766054840
766054840
763569758
801642398
760107115
764234227
762487051
764234227
764234227
979284665
979284665
962493363
946747788
962493363
946747788
946747788
946747788
846414602
769597798
925917077
846414602
846414602
875406243
783564851
846414602
759653681
846414602
760676759
783564851
765570034
835019984
835019984
835019984
835019984
835019984
759991877
939895800
939895800
939895800
939895800
939895800
939895800
939895800
760676759
939895800
939895800
939895800
764040395
763569758
759581307
762487051
764044415
990197728
759511343
990197728
905416416
851548194
851548194
851548194
851548194
759759878
764040395
759759878
764044415
760107115
845776712
762487051
759511343
825494027
764044415
781356816
763569758
763569758
762012530
962048468
766212637
759991877
759653681
763453226
759991877
762012530
763569758
763569758
759511343
762529350
765829475
763569758
763569758
763569758
842165067
764040395
759991877
962048468
759653681
962048468
763569758
760676759
759511343
759373028
760676759
757618236
759511343
760107115
759759878
762973614
758539840
961768628
961768628
962048468
961768628
762487051
762973614
920152658
762973614
920152658
920152658
837488450
762487051
762487051
934700381
934700381
934700381
760769934
762973614
897015708
897015708
932725216
932725216
932725216
932725216
911496989
911496989
997348185
932725216
997348185
919304911
919304911
919304911
912765969
919304911
912765969
912765969
912765969
885954556
885954556
885954556
885954556
885954556
885954556
885954556
885954556
885954556
882641925
882641925
882641925
882641925
882641925
882641925
882641925
882641925
882641925
882641925
861102543
861102543
861102543
861102543
861102543
861102543
853519924
861102543
861102543
861102543
911496989
861102543
861102543
842226658
845979612
893592134
893592134
911496989
781728338
845979612
893592134
893592134
781728338
893592134
893592134
893592134
845979612
911496989
842226658
781728338
885954556
845979612
791828041
845979612
845979612
781208735
842226658
845979612
828791015
781208735
825841522
865943317
797930294
825841522
828791015
828791015
797930294
797930294
797930294
865943317
863248310
797930294
863248310
865943317
888780014
888780014
888780014
888780014
888780014
911496989
888780014
797930294
888780014
888780014
888780014
797930294
979463376
888780014
828791015
973347987
797930294
957770968
797930294
924590229
797930294
888780014
781208735
957770968
957770968
797930294
797930294
957770968
780746478
797930294
888780014
957770968
781208735
780746478
780746478
759511343
781208735
780746478
797930294
865943317
797930294
797930294
760769934
781208735
780891962
888780014
888780014
760769934
759511343
797930294
780746478
758539840
760769934
780746478
956119938
911496989
956119938
794369926
794369926
881289147
868118543
865943317
781208735
760769934
794369926
759511343
868118543
797930294
780891962
781208735
759511343
760769934
868118543
760769934
759511343
759511343
797930294
797930294
797930294
794369926
775831003
838226803
853716631
911496989
838226803
775831003
868118543
838226803
911496989
775831003
848838415
848838415
759511343
760769934
848838415
759653681
759759878
848838415
848838415
890780352
838226803
911496989
797930294
775831003
758059809
911496989
762487051
775831003
781208735
838226803
838226803
762138487
762138487
762138487
766212637
762973614
758539840
760676759
760107115
762487051
770193206
759653681
762138487
758059809
933192954
933192954
933192954
885548056
933192954
933192954
775831003
775831003
758539840
781356816
775831003
762487051
830647654
760676759
762973614
762012530
830647654
758539840
830647654
758539840
775831003
831612888
830647654
831612888
831612888
831612888
812547982
812547982
831612888
831612888
812547982
872773606
812547982
766054840
872773606
921676050
812547982
812547982
812547982
758059809
921676050
758059809
807232089
762012530
759581307
775831003
759653681
762875588
762487051
760676759
759653681
762529350
762012530
841380509
841380509
758059809
841380509
841380509
841380509
841380509
757728062
823107239
759653681
762487051
775831003
785070282
775831003
785070282
785070282
785070282
762487051
759581307
788810858
760107115
760676759
762529350
967319871
762875588
760107115
775831003
762012530
763569758
762138487
801642398
770399447
762138487
823107239
759653681
757728062
801642398
762012530
762012530
757618236
825448222
825448222
871670529
825448222
825448222
825448222
882145477
882145477
825448222
757613999
825448222
825448222
768040234
757613999
760107115
870516085
861164132
870516085
932280126
932280126
932280126
870516085
932280126
932280126
765986408
932280126
932280126
932280126
762012530
870516085
870516085
861164132
861164132
791828041
861164132
861164132
846099739
849448163
846099739
846099739
886533907
886533907
886533907
757613999
938610816
757613999
825448222
864684163
938610816
938610816
886533907
827153657
886533907
827153657
759759878
977121195
977121195
977121195
977121195
825448222
977121195
938610816
762199474
760394691
757613999
756565707
760107115
759581307
757613999
785420130
759653681
756434437
760107115
863534748
759653681
757613999
825448222
760107115
756565707
775831003
759759878
756565707
762199474
760370778
760107115
788810858
765829475
765829475
756953632
760676759
854878952
761145182
761145182
762931846
836872021
836872021
836872021
775831003
760107115
760107115
762973614
801642398
760107115
757728062
807232089
791828041
854878952
760107115
773071555
775831003
760107115
762931846
760107115
762973614
807294448
759581307
989087688
765570034
760190936
760190936
989087688
760190936
760190936
765570034
771036975
757613999
760190936
989087688
771036975
757728062
756565707
760107115
762973614
758220052
762973614
760370778
829910553
764040395
762012530
757728062
759581307
757500547
760107115
756434437
764040395
757728062
950481579
950481579
950481579
769675862
757728062
769675862
781008034
769675862
769675862
769675862
754782876
847526489
862856912
862856912
862856912
862856912
769675862
769675862
764893538
764893538
862856912
764893538
754782876
756434437
862856912
766133317
764893538
923755235
756434437
862856912
756953632
760029474
862856912
913406325
862856912
978204219
760029474
760029474
978204219
978204219
756953632
756953632
862856912
756434437
980711426
761145182
980711426
980711426
757500547
762973614
980711426
771036975
894975827
894975827
756434437
756434437
761016118
862856912
873336076
761016118
832261491
756245059
832261491
832261491
765829475
830188703
763569758
764256482
759176885
766054840
982425577
982425577
781356816
982425577
773537058
982425577
982425577
773537058
982425577
982425577
982425577
773537058
773537058
756565707
982425577
759581307
755717758
756583859
862856912
982425577
760029474
755717758
761145182
835757131
759581307
759772745
758796550
758539840
758265139
760029474
756245059
755717758
759653681
775579742
775579742
775579742
775579742
755717758
775579742
775579742
826125638
826125638
775579742
756245059
826125638
826125638
755717758
775579742
944537265
944537265
775579742
933458336
933458336
933458336
827996223
827996223
778010631
827996223
759581307
760394691
758539840
972966841
972966841
962955121
962955121
758539840
758796550
772872046
756245059
826125638
765829475
757951494
759581307
855879955
781356816
903899419
903899419
903899419
973275153
775579742
903899419
855879955
903899419
758265139
855879955
903899419
755717758
855879955
903899419
903899419
855879955
855879955
913935229
913935229
913935229
855879955
891162986
891162986
891162986
891162986
891162986
891162986
855879955
891162986
760107115
855879955
778010631
862856912
756583859
836583019
805193444
805193444
800145446
756245059
847526489
759581307
790532760
987302614
930944879
836590645
930944879
836590645
797930294
836590645
754782876
836590645
820792997
756583859
759581307
987979180
847526489
816557625
955804879
955804879
758539840
955804879
991245981
991245981
991245981
754534133
870594713
754782876
757728062
925805822
925805822
925805822
790532760
756434437
757838270
824226504
971794722
971794722
971794722
971794722
795832954
795832954
795832954
971794722
795832954
971794722
754691065
784301059
758539840
795832954
847526489
757728062
795832954
795832954
760107115
756434437
758539840
795832954
754691065
757728062
953187283
754691065
938281557
938281557
760107115
938281557
938281557
938281557
938281557
760676759
938281557
938281557
938281557
870594713
948120669
948120669
758539840
758539840
756255534
757728062
756436584
760118000
870594713
758602088
758220052
974679286
974679286
974679286
974679286
974679286
889742335
754473089
974679286
889742335
974679286
764040395
757016113
943937577
943937577
943937577
943937577
762199474
754691065
756953632
756434437
758733017
911740242
911740242
756245059
759759878
756953632
778466592
756245059
756245059
754473089
830617883
758220052
783564851
830617883
757890372
760118000
778466592
854878952
754473089
758265139
754782876
762199474
847526489
758403900
758404848
775579742
758602088
754782876
756565707
755723641
813254333
754782876
762012530
778466592
756245059
755476422
829710083
829710083
829710083
829710083
756434437
754534133
758289572
829710083
829710083
760118000
755854635
772278034
756245059
756953632
781356816
758220052
756245059
784301059
756287459
783564851
756434437
762973614
754650765
762529350
764040395
765433858
867776656
788701364
765433858
866995313
866995313
765433858
765433858
866995313
866995313
756245059
762529350
788701364
866995313
788701364
762529350
765433858
756245059
788701364
757482656
758408019
866995313
759653681
904076989
755723641
759713208
755183991
754691065
765433858
904076989
904076989
765433858
904076989
758265139
756245059
788701364
762973614
935872308
935872308
935872308
866995313
755723641
753734313
754534133
764044415
845818250
760029474
757497054
866995313
758265139
845818250
845818250
845818250
756436584
845818250
758016797
845818250
758408019
758733017
756245059
854878952
754473089
760370778
765829475
759176885
775579742
765433858
754473089
764040395
756245059
967139766
756245059
967139766
754650765
967139766
764820764
756434437
764820764
757016113
764820764
758220052
759759878
903745833
829992744
829992744
829992744
830759625
829992744
903745833
830759625
764820764
757482656
967139766
829992744
829992744
946082500
829992744
783066076
829992744
755183991
755723641
936342295
946082500
946082500
758220052
886458761
946082500
886458761
886458761
886458761
886458761
886458761
886458761
788701364
886458761
886458761
886458761
864493217
754650765
756436584
788701364
783066076
783066076
758782331
898133905
783066076
754473089
764820764
788701364
759759878
830759625
756287459
757890372
756439609
758220052
757271781
757689020
788701364
788701364
784038985
867312076
867312076
758408019
784038985
753745580
754473089
759653681
783066076
758796550
753745580
788701364
822837986
758062881
897871549
753745580
768315819
897871549
815557659
815557659
815557659
760107115
758289572
755476422
758220052
815557659
756565707
756245059
848056380
971003855
971003855
971003855
805203762
848056380
878263327
808471596
753734313
971003855
878263327
808471596
753745580
955466834
955466834
848056380
955466834
988046584
988046584
988046584
955466834
971003855
971003855
955466834
988046584
988046584
878263327
935353207
971003855
808471596
805203762
990856526
808471596
805203762
878263327
753734313
787102351
765035448
758220052
759759878
808471596
753218645
787102351
756953632
758220052
808471596
878263327
956404247
808471596
966222823
956404247
956404247
966222823
966222823
808471596
753218645
808471596
753218645
755476422
753745580
808471596
753745580
753246136
759759878
756953632
757482656
757890372
922314741
788701364
922314741
922314741
922314741
757271781
829364138
758289572
768315819
758408019
798267037
888543843
798267037
798267037
798267037
798267037
798267037
788701364
941649570
798267037
941649570
941649570
753353637
791350118
941649570
757031348
771262342
920983626
938105790
920983626
938105790
871565245
768315819
871565245
769341759
756953632
757271781
769341759
791350118
771262342
863534748
753613044
798267037
771262342
788701364
847092926
771262342
847092926
771262342
847092926
908802487
908802487
944349703
982800116
982800116
982800116
982800116
944349703
982800116
944349703
982800116
944349703
944349703
769341759
982800116
769341759
944349703
929903459
769341759
929903459
753218645
944349703
941121176
784039998
775579742
784039998
753164543
941121176
941121176
784039998
754473089
869338279
784039998
929903459
769341759
929903459
869338279
784039998
784039998
929903459
929903459
941121176
929903459
771262342
753164543
869338279
771262342
869338279
771262342
790603010
790603010
929903459
771262342
847092926
941121176
975639318
975639318
975639318
893347658
973624789
893347658
893347658
893347658
769341759
893347658
893347658
893347658
769341759
753993240
847092926
769341759
753740512
869338279
869338279
769341759
846728465
846728465
869338279
753164543
847092926
769341759
869338279
769341759
753734313
869338279
757689020
869338279
847092926
752909215
752909215
752909215
761145182
757951494
753246136
756118814
902522710
759759878
880218700
902522710
880218700
887840036
880218700
880218700
880218700
868255348
868255348
791573253
757497054
791573253
791573253
827293658
756565707
762973614
791573253
882143106
827293658
882143106
930454594
930454594
930454594
889083621
889083621
840596580
889083621
882143106
840596580
840596580
840596580
889083621
791573253
761016118
840596580
840596580
840596580
824150230
824150230
878200403
834168154
847526489
824150230
817847048
834168154
824150230
840596580
817847048
824150230
824150230
771530290
854878952
840596580
817847048
771530290
771530290
791573253
791573253
919253965
919253965
931079948
919253965
791573253
960987617
960987617
960987617
953525050
953525050
953525050
760107115
754650765
800274910
771530290
866995313
822109494
800274910
798182276
822109494
953525050
919047194
800274910
919047194
892972972
822109494
840596580
798182276
790526116
962489784
962489784
920918048
920918048
962489784
962489784
787380859
962489784
962489784
962489784
920918048
847526489
855648720
920918048
920918048
787380859
855648720
855648720
920918048
855648720
920918048
974073092
974073092
949691579
949691579
949691579
795155458
855648720
920918048
855648720
790526116
855648720
787380859
757031348
758265139
795155458
787380859
790526116
790526116
790526116
790526116
757728062
795155458
795155458
883571558
883571558
883571558
787380859
929653068
790526116
929653068
790526116
787380859
790526116
790526116
973235351
973235351
754350455
973235351
863534748
787380859
973235351
973235351
973235351
973235351
796216610
973235351
973235351
787380859
758220052
787380859
796216610
796216610
796216610
771530290
796216610
771530290
754650765
798267037
754350455
806641017
806641017
754350455
806641017
765433858
806641017
757290879
806641017
772694183
806641017
769541417
787380859
772694183
772694183
806641017
794391737
772694183
795155458
769541417
755735097
794391737
769541417
794391737
910644156
910644156
755735097
794391737
779903070
757728062
769541417
925503240
755735097
840596580
925503240
925503240
759500885
758408019
866995313
787380859
925503240
925503240
758220052
817907197
862756407
874221466
929649353
758220052
862756407
775831003
874221466
929649353
757031348
874221466
929649353
874221466
874221466
874221466
862756407
929649353
898870869
898870869
874221466
874221466
874221466
754350455
787380859
874221466
913474168
755735097
913474168
913474168
754350455
874221466
893794897
929649353
862756407
862756407
755735097
866940516
793393728
890598544
789929503
890598544
817907197
866940516
866940516
789929503
866940516
866940516
789929503
789929503
898041041
898041041
755735097
971915803
898041041
757951494
776904468
981880272
981880272
981880272
981880272
981880272
981880272
981880272
981880272
981880272
960010117
789929503
981880272
981880272
960010117
981880272
981880272
981880272
981880272
981880272
960010117
981880272
971915803
971915803
971915803
960010117
903895874
960010117
945702807
960010117
903895874
903895874
945702807
903895874
903895874
903895874
945702807
903895874
903895874
903895874
903895874
903895874
919429786
789929503
845155480
898041041
903895874
859322300
859322300
956302178
789929503
926381399
841484225
840395958
840395958
789929503
841484225
841484225
845155480
840395958
993017641
993017641
993017641
956505422
845155480
841484225
841484225
840395958
841484225
845155480
841484225
841484225
841484225
840714010
840714010
840714010
903895874
840714010
842684148
889683232
928529641
975662288
928529641
975662288
975662288
975662288
928529641
928529641
928529641
928529641
903895874
891961244
776904468
840395958
945563514
840395958
890858437
776904468
786962444
945563514
816455851
945563514
890858437
816455851
816455851
816455851
890858437
845769321
816455851
885880476
927048482
906274501
927048482
927048482
927048482
927048482
927048482
927048482
927048482
927048482
927048482
906274501
816455851
906274501
906274501
906274501
906274501
890858437
890858437
827607815
887575602
866300484
827607815
890858437
890858437
820475718
820475718
887575602
887575602
820475718
887575602
887575602
866300484
816455851
820475718
885880476
885880476
820475718
820475718
820475718
873836319
873836319
827607815
873836319
776904468
827607815
827607815
863534748
816455851
803999418
816455851
873836319
816455851
840714010
777459917
845155480
821114625
777459917
821114625
821114625
873836319
821114625
845155480
873836319
803999418
803999418
873836319
803999418
845155480
803999418
761825738
816343852
816343852
816343852
816343852
840479157
840479157
816343852
760029474
908757375
823200482
908757375
908757375
908757375
908757375
850678082
967020265
823200482
982094107
974866637
982094107
840714010
982094107
823200482
976645821
976645821
976645821
976645821
976645821
976645821
812798816
823200482
976645821
874789326
874789326
823200482
823200482
874789326
874789326
976645821
976645821
874789326
874789326
823200482
823200482
970369950
970369950
808073669
982094107
823200482
823200482
823200482
823200482
923304841
923304841
816343852
923304841
823200482
808073669
857300380
778917843
857300380
816343852
808073669
816343852
808073669
808073669
812798816
816343852
816343852
808073669
808073669
942683038
881289458
881289458
881289458
812798816
869692067
812798816
812798816
853285405
853285405
967020265
959399505
808073669
959399505
959399505
778917843
935405568
778917843
808073669
808073669
845155480
967020265
912202268
931686745
931686745
982094107
808073669
803999418
782248823
777298001
912202268
777298001
778917843
803999418
803999418
967020265
803999418
785671170
816734297
982094107
816734297
816734297
816734297
845155480
803999418
982094107
789929503
840714010
803999418
803999418
803999418
845155480
816734297
782248823
784301059
778917843
816734297
785671170
782248823
785671170
807232089
778917843
778917843
777298001
782248823
777298001
777459917
785671170
777459917
777459917
777459917
777459917
785671170
777298001
777459917
777298001
777298001
777298001
777298001
777298001
777298001
777298001
845155480
777298001
776904468
777298001
845155480
873836319
796409776
796409776
796409776
769541417
761825738
771258093
768495965
761825738
916425912
768495965
796467481
761825738
910907011
992510230
910907011
903389697
903389697
974324705
903389697
992510230
764684998
992510230
974324705
974324705
845155480
903389697
903389697
903389697
758016797
903389697
764684998
903895874
903389697
903389697
967077591
967077591
761825738
967077591
967077591
967077591
967077591
903389697
776966991
764684998
853360962
764684998
764684998
903389697
903389697
764684998
764684998
845155480
773007648
903895874
773007648
998342295
998342295
773007648
998342295
848445245
924020160
924020160
848445245
838171882
840714010
764684998
759653681
755735097
903895874
845155480
825768477
798586361
777298001
777298001
760966001
760966001
761825738
761825738
755735097
760966001
773007648
760966001
759772745
760966001
773007648
760107115
788162084
982094107
773007648
760966001
755735097
773007648
760966001
760966001
773007648
773007648
760966001
757348004
762199474
982094107
755735097
760394691
758408019
760966001
760966001
762012530
773007648
758733017
757348004
825768477
761825738
757348004
928142055
757348004
760772357
944975985
755735097
994925187
994925187
944975985
828207604
828207604
944975985
944975985
982094107
944975985
906199771
944975985
755735097
757348004
944975985
885826109
782914503
782914503
782914503
991650266
782914503
863534748
841772088
841772088
841772088
841772088
841772088
841772088
765754445
765754445
765754445
810912433
756583590
755735097
755735097
765754445
782914503
777298001
760772357
762857782
755476422
765754445
765754445
755735097
755735097
762857782
765754445
754350455
755735097
762857782
762857782
777298001
756583590
762857782
762857782
762857782
777298001
783564851
988127426
988127426
988127426
988127426
988127426
754350455
988127426
959721668
946815935
988127426
754350455
946815935
755735097
946815935
959721668
959721668
946815935
959721668
959721668
959721668
959721668
959721668
959721668
769000439
939462069
758404848
946815935
939462069
946815935
755735097
769000439
755735097
939462069
769000439
897887494
897887494
958084783
958084783
958084783
980399553
897887494
958084783
897887494
939462069
958084783
958084783
958084783
832507664
958084783
832507664
897887494
939462069
832507664
832507664
832507664
897887494
897887494
832507664
764185076
832507664
764185076
764185076
764185076
885672500
900150949
885672500
900150949
900150949
925462214
925462214
925462214
925462214
925462214
925462214
925462214
925462214
885672500
885672500
754350455
885672500
755735097
897887494
764185076
764185076
761825738
764185076
754350455
755735097
830617883
754350455
758289572
755698105
897887494
754350455
885672500
885672500
754691065
768891589
756565707
764185076
756287459
818917331
755698105
754350455
969830582
924277278
924277278
757016113
924277278
924277278
755183991
756953632
897887494
758741374
759122489
764185076
754350455
759122489
758265139
846479174
846479174
759122489
762199474
815182145
799910539
799910539
759122489
965445887
965445887
989624403
758404848
799910539
919170314
756118814
755669882
799910539
799910539
753164543
815182145
846479174
756255534
846479174
762086847
757500547
755183991
935634115
756436584
815182145
758265139
815182145
935634115
935634115
935634115
889534711
761825738
754350455
940251446
997882679
889534711
757482656
889534711
889534711
889534711
897887494
758220052
759500885
760445367
758404848
759122489
760107115
784301059
754350455
762086847
759122489
753164543
982219173
897887494
841590547
841590547
841590547
841590547
759122489
841590547
841590547
841590547
762529350
841590547
841590547
806378744
806378744
776222941
885672500
806378744
776222941
806378744
757031348
885672500
776222941
994014214
794391209
768891589
906267274
926594288
926594288
942676560
942676560
752909215
906267274
906267274
906267274
776222941
794391209
859448250
783705623
870859697
870859697
967920743
967920743
859448250
906267274
870859697
920155154
920155154
920155154
967920743
920155154
906267274
870859697
870859697
870859697
859448250
906267274
912615493
912615493
859448250
912615493
912615493
859448250
778334824
794391209
885672500
870859697
794391209
870859697
870859697
776222941
967920743
783705623
992236401
992236401
992236401
859448250
776222941
776222941
778334824
755735097
776222941
859448250
754473089
776222941
752837630
757624723
757624723
776222941
967920743
755069086
913459467
845949565
913459467
845949565
755723641
996560710
996560710
996560710
996560710
755669882
996560710
755183991
996560710
965504370
965504370
900955609
965504370
965504370
965504370
900955609
900955609
965504370
992236401
900955609
806656425
806656425
965504370
965504370
992236401
975011184
975011184
975011184
975011184
975011184
753027991
975011184
965504370
975011184
760118000
845949565
806656425
860686686
860686686
860686686
860686686
757482656
806656425
806656425
806656425
806656425
760118000
806656425
806656425
841590547
757169696
753218645
758403900
761016118
757624723
757271781
880562269
880562269
757169696
758796550
756245059
776222941
754350455
992236401
755698105
753027991
796163527
758265139
852272199
900955609
900955609
800332315
890915164
890915164
800332315
867241010
800332315
852272199
900955609
800332315
964408305
964408305
964408305
964408305
964408305
964408305
964408305
852272199
900955609
946317163
785726055
946317163
946317163
992236401
946317163
946317163
800332315
946317163
901147480
870859697
800332315
852272199
900955609
870859697
900955609
800332315
789330104
789330104
870859697
812737896
785726055
800332315
870859697
992236401
812737896
812674854
785726055
812674854
812737896
800332315
781548470
755669882
759248422
908095671
908095671
800332315
992236401
992236401
909155367
908095671
908095671
752837630
872576572
753027991
796163527
872576572
872576572
955199559
955199559
755069086
955199559
753313047
936072586
936072586
867305935
867305935
867305935
933170892
993088875
993088875
933170892
933170892
993088875
933170892
993088875
800484985
762878968
933170892
930496274
933170892
930496274
870859697
930496274
800484985
762878968
800484985
762878968
800484985
779436224
812737896
867305935
866605655
867305935
863438522
867305935
987516786
987516786
987516786
800484985
812737896
812737896
779436224
762878968
987516786
987516786
987516786
771583084
776886253
776886253
870859697
800484985
800484985
779436224
860686686
762878968
755069086
776886253
942641237
753313047
942641237
942641237
796163527
785726055
759248422
879376319
794699754
956045456
753313047
942641237
755669882
942641237
794699754
753613044
828638140
753313047
942641237
840782149
988129226
988129226
988129226
988129226
988129226
988129226
791451785
755735097
791451785
785726055
785726055
971279118
971279118
853051912
755183991
752909215
756245059
860686686
785726055
759248422
759248422
860686686
783705623
791451785
783705623
755669882
758220052
799884801
773007648
781548470
759248422
753745580
860686686
757500547
755476422
784301059
815767517
815767517
849253873
815767517
962559695
962559695
962559695
962559695
962559695
962559695
871390596
962559695
871390596
962559695
933170892
815767517
815767517
939992493
939992493
780486084
939992493
781548470
939992493
939992493
939992493
780486084
780486084
815767517
780486084
760676759
760107115
755122258
780486084
788701364
781548470
752633027
803836786
961513234
803836786
961513234
889732609
889732609
759122489
752837630
753246136
757689020
753027991
762012530
754473089
759500885
846479174
800602920
800602920
800602920
757169696
800602920
800602920
800602920
903895874
800602920
762529350
759759878
753353637
757689020
753353637
760062769
755183991
913154349
763971351
756301677
760062769
755445953
863523200
753745580
863523200
863523200
863523200
863523200
759122489
863523200
753745580
863523200
913154349
766534114
766534114
766534114
913154349
766534114
766534114
766534114
753027991
766534114
766534114
781548470
766534114
755723641
766534114
781548470
759122489
753027991
830617883
762973614
766534114
825768477
914043206
914043206
996423279
914043206
996423279
914043206
914043206
996423279
914043206
996423279
914043206
914043206
766534114
911187705
911187705
766534114
825768477
808861700
877621656
775831003
808861700
757890372
783564851
755183991
877621656
877621656
760062769
815688956
757689020
815688956
757169696
759500885
754350455
752837630
753164543
757271781
815688956
756583590
884710812
757951494
854155429
854155429
854155429
884710812
854155429
884710812
854155429
884710812
983394651
783762537
783762537
884710812
783762537
884710812
783762537
757620429
783762537
783762537
958560806
783762537
758790349
783762537
951805995
886011725
886011725
951805995
886011725
783762537
783762537
797770112
783762537
797770112
830277491
759759878
805926832
957044648
957044648
957044648
957044648
957044648
764291780
757169696
756583590
758220052
957044648
957044648
764291780
764291780
830277491
957044648
830277491
764291780
754350455
764291780
830277491
754350455
760676759
799410435
799410435
799410435
851841523
868418710
868418710
766534114
868418710
851841523
830277491
868418710
851841523
868418710
851841523
763457953
819150362
766534114
830277491
763457953
752837630
764040395
760445367
957044648
753249041
840716974
840716974
840716974
840716974
957044648
752953341
840716974
913835156
913835156
913835156
913835156
913835156
913835156
824474133
913835156
770195575
913835156
824474133
770195575
824916237
861052468
824474133
861052468
861052468
861052468
824474133
824916237
824916237
830617883
824916237
824916237
824916237
824916237
824474133
824916237
824474133
824916237
824916237
770195575
783564851
753249041
756119395
756119395
770195575
756119395
824474133
775831003
831856891
831856891
783564851
757497054
831856891
925670188
925670188
925670188
925670188
925670188
925670188
756119395
754269574
760107115
758220052
925670188
770195575
957242610
783942508
783942508
783942508
783942508
800752988
756953632
825768477
770195575
752837630
944813485
752194019
898716328
898716328
898716328
783942508
898716328
756119395
765536514
783942508
963531448
880035779
757169696
963531448
963531448
880035779
783942508
781728014
783942508
781728014
952068612
952068612
847224729
754417393
756119395
756119395
757169696
878006438
878006438
976836608
755476422
754417393
759713208
976836608
812754915
756119395
976836608
976836608
919493120
802654470
919493120
802654470
802654470
802654470
756119395
802654470
802654470
758062881
754417393
758220052
754417393
756119395
766343157
760107115
757890372
766343157
769597798
786518236
754417393
786518236
786518236
786518236
752194019
786518236
757031348
985346445
985346445
752909215
781548470
756287459
757689020
754269574
761825738
976836608
976836608
754417393
758741374
757728062
756119395
758289572
764040395
781548470
976836608
754417393
752909215
754417393
756953632
758408019
773007648
752194019
888639365
888639365
776222941
757271781
755445953
759511008
758289572
758724888
754650765
757497054
776222941
757951494
760445367
760107115
754417393
757031348
757890372
753027991
754561997
776298157
760062769
776298157
776298157
758016797
757838270
754269574
757689020
754350455
760445367
757016113
760062769
756953632
758265139
757890372
859182744
804272499
804272499
753249041
830617883
762012530
752953341
752194019
762012530
755907613
756565707
759653681
825905862
825905862
752953341
757215544
766534114
757422701
901733348
952389783
952389783
952389783
952389783
952389783
901733348
753218645
765745521
765745521
752633027
753027991
755854635
765745521
753353637
752633027
754417393
758220052
765745521
755907613
985428409
985428409
985428409
985428409
899220786
899220786
985428409
798846448
798846448
752109097
754269574
985428409
825905862
752633027
901733348
759657212
765745521
825905862
983270888
983270888
983270888
983270888
752633027
754473089
983270888
983270888
759657212
983270888
983270888
765745521
755439904
951214254
825905862
863705839
964971561
985428409
964971561
964971561
964971561
929804732
929804732
929804732
929804732
757016113
756245059
863705839
880622592
880622592
880622592
880622592
813654805
863705839
869822059
799374052
863705839
777062478
799374052
799374052
899486570
899486570
899486570
798846448
863705839
899486570
915036364
901733348
899486570
973672734
777062478
777062478
777062478
973672734
777062478
825905862
777062478
798846448
798846448
798846448
973672734
752953341
759657212
863705839
776298157
841426600
841426600
863705839
863705839
823107239
841426600
755907613
776298157
756565707
755907613
754350455
765745521
777062478
757500547
898644934
758265139
898644934
753249041
863705839
863705839
777062478
757500547
755122258
752633027
753249041
760445367
776090685
777062478
757890372
863705839
776090685
863705839
759657212
759657212
757728062
758289572
758220052
759500885
863705839
757728062
758724888
852968999
852968999
852968999
852968999
852968999
852968999
754676806
757031348
758733017
980822124
754269574
980822124
980822124
864772647
980822124
760445367
757500547
757500547
757158127
863705839
762529350
825768477
776298157
777062478
755122258
777062478
758733017
760029474
756245059
757728062
773007648
758220052
759500885
759500885
752633027
753353637
781356816
754350455
755476422
882080719
882080719
882080719
882080719
882080719
754650765
757951494
882080719
753218645
882080719
764044415
753353637
752300897
752300897
882080719
882080719
985428409
752837630
755069086
882080719
897222443
897222443
882080719
820791656
820791656
760676759
882080719
985156197
985156197
985156197
985156197
912746551
753164543
753618827
989933158
989933158
989933158
912746551
989933158
829310225
985156197
829310225
829310225
760704162
760704162
760704162
757158127
760704162
760704162
957897183
957897183
957897183
957897183
957897183
957897183
880685017
880685017
761278994
880685017
760704162
760704162
757728062
809541021
797275730
809541021
809541021
809541021
758220052
764044415
809541021
809541021
984095055
969045636
997288572
997288572
849941332
969045636
969045636
969045636
849941332
849941332
849941332
969045636
969045636
849941332
849941332
806195092
797275730
849941332
849941332
797275730
849941332
797275730
806195092
797275730
758733017
797275730
797275730
797275730
849941332
849941332
755476422
797275730
753618827
753692734
757951494
833160208
926629879
759653681
833160208
833160208
833160208
833160208
800752988
871398689
756245059
871398689
871398689
871398689
761016118
753353637
777062478
755439904
890519821
890519821
890519821
890519821
758403900
778010631
929721448
890519821
890519821
752633027
940664641
754269574
757689020
871398689
753218645
777062478
755922433
761793931
756583590
757215544
759772745
830301262
833160208
757951494
757031348
752837630
990273410
757951494
753249041
990273410
758403900
752300897
758602088
755122258
757951494
858874687
757031348
858874687
752389669
858874687
752837630
756245059
754350455
753496255
752529510
806062198
806062198
753218645
806062198
753353637
771262535
848378426
829917510
771262535
957107468
957107468
957107468
848378426
808391647
806062198
809252332
824226504
809979615
809979615
808391647
809979615
808391647
771262535
809979615
771262535
771262535
771262535
809979615
771262535
753249041
824226504
771262535
771262535
809252332
752633027
760394691
755476422
757271781
864240049
757500547
752837630
809252332
758623692
973743716
973743716
756301677
753218645
757215544
864240049
754269574
864240049
752837630
753249041
755476422
760370778
755445953
803883316
755122258
753313047
803883316
762086847
760394691
973743716
972726503
755445953
756118814
758265139
760772357
760107115
823812979
752109097
756301677
968323905
759511008
759653681
753218645
757031348
761665942
755854635
770336265
755069086
968323905
824226504
752529510
803883316
762086847
860373861
860373861
754417393
755476422
809252332
754561997
860373861
754676806
860373861
757500547
802708774
860373861
860373861
860373861
860373861
803883316
831404360
998722526
998722526
998722526
998722526
806062198
998722526
831404360
831404360
968323905
757271781
993148285
802708774
993148285
802708774
993148285
831856891
993148285
847132530
847132530
847132530
847132530
847132530
980951104
752109097
757100719
980951104
980951104
993148285
847132530
757689020
760062769
752709621
760062769
753221448
752709621
758408019
806062198
757422701
757271781
758602088
752300897
758265139
758790349
982333313
982333313
982333313
982333313
756439609
757500547
760394691
758790349
803883316
834385367
834385367
846364582
846364582
846364582
846364582
846364582
833315562
846364582
846364582
833315562
846364582
833315562
846364582
834385367
910695106
833315562
833315562
834385367
910695106
833315562
921939066
921939066
833315562
846364582
926918731
986668248
986668248
986668248
981227715
986668248
833315562
986668248
986668248
872285100
981227715
880432964
880432964
917571451
917571451
917571451
872285100
833315562
872285100
880432964
833315562
827801486
872285100
834385367
872285100
799360138
831413432
799360138
996381205
853496176
827801486
799360138
795640995
799360138
795640995
795640995
799360138
795640995
795640995
795640995
795640995
996381205
926037928
785188363
926037928
926037928
785188363
926037928
996381205
926037928
789732032
934741787
934741787
934741787
934741787
889429218
996381205
889429218
934741787
799304934
785188363
770924671
844973681
785188363
869151445
869151445
996381205
770924671
827801486
799304934
790129386
806043200
908360727
806043200
908360727
908360727
790129386
770924671
996381205
863137086
968393683
863137086
908360727
908360727
770924671
802832331
802832331
802832331
770924671
771979148
827801486
968393683
770924671
823107239
802832331
968393683
910106665
802832331
770924671
770924671
809252332
766093619
930628793
930628793
968393683
757271781
910106665
766093619
910106665
799304934
869022913
869022913
869022913
766093619
766093619
869022913
869022913
869022913
869022913
847930785
847930785
847930785
766093619
968323905
977471948
977471948
977471948
948648913
977471948
947408440
977471948
947408440
786340265
977471948
977471948
976171028
977471948
976171028
976171028
948648913
789732032
976171028
948648913
853938926
799304934
767232907
767232907
770924671
827801486
767232907
786340265
770924671
767232907
766093619
766093619
771979148
770924671
862591230
827801486
853496176
771979148
770924671
763918805
763918805
969428052
857937978
857937978
969428052
969428052
878463566
878463566
878463566
857937978
766093619
770924671
857937978
766093619
766093619
770924671
770924671
766093619
763918805
786340265
799304934
891657657
891657657
891657657
891657657
891657657
758602088
763918805
891657657
967798311
891657657
764040395
930378000
763918805
891657657
891657657
752109097
930378000
930378000
766093619
884410817
786340265
759772745
853496176
766606899
766093619
754691065
754473089
757500547
755735097
754534133
758016797
755476422
753496255
758016797
760062769
757271781
757951494
757031348
793722724
752116575
758733017
816938076
985353975
758741374
985353975
757031348
752837630
889987986
889987986
985353975
889987986
889987986
754350455
985428409
756439609
889987986
757100719
889987986
889987986
889987986
889987986
753249041
752091826
757482656
816938076
752091826
816938076
816938076
914625230
914625230
816938076
761793931
786340265
757031348
757422701
963737060
957693359
963737060
957693359
957693359
957693359
764040395
957693359
839521614
992555106
764040395
992555106
992555106
836465406
992555106
992555106
839521614
836465406
992555106
992555106
755735097
839521614
839521614
839521614
755476422
992555106
753618827
836465406
757728062
809252332
853496176
761016118
805719356
822916015
839521614
947932933
947932933
947932933
822916015
836465406
822916015
822916015
817852719
805719356
817852719
975853612
975853612
947932933
805719356
805719356
768121689
853496176
947932933
805719356
752837630
768121689
758408019
756953632
754350455
758408019
757271781
827801486
758265139
813318468
813318468
813318468
813318468
813318468
813318468
805719356
753600709
754691065
758408019
753218645
757031348
758733017
904886214
904886214
904886214
904886214
757890372
764040395
755069086
755476422
758265139
883194744
805719356
757500547
754534133
974476862
974476862
754561997
752709621
902386342
902386342
805719356
859669785
859669785
859669785
968638261
859669785
753221448
755698105
859669785
752049004
752633027
859669785
859669785
832522893
881801789
832522893
832522893
832522893
832522893
832522893
959408360
832522893
832522893
832522893
755854635
758062881
752049004
981483273
806062198
981483273
981483273
754269574
755004363
903901306
903901306
903901306
981483273
981483273
903901306
903901306
753221448
754269574
758408019
758265139
755854635
752300897
757951494
759713208
756953632
757890372
853496176
898513079
898513079
758403900
898513079
868130574
898513079
898513079
868130574
868130574
812998774
812998774
806062198
756439609
754534133
868130574
758016797
895440969
895440969
895440969
812998774
895440969
895440969
972916981
972916981
897815705
895440969
895440969
895440969
757031348
895440969
895440969
895440969
895440969
757016113
758220052
895440969
757728062
759653681
758724888
917000317
917000317
917000317
971986106
971986106
971986106
971986106
917000317
917000317
917000317
917000317
752837630
917000317
917000317
803844076
917000317
912095446
912095446
803844076
759786619
752091826
759957367
970274772
970274772
970274772
805719356
847540660
782530150
820860197
820860197
757169696
756245059
752837630
754350455
753618827
784276574
784276574
753692734
758265139
929700760
753246136
758598869
758598869
820860197
753027991
810261777
810261777
810261777
784276574
787432226
787432226
787432226
787432226
761145182
845442097
759713208
787432226
784276574
845442097
775453666
775453666
775453666
834083672
834083672
805719356
752091826
844207161
844207161
844207161
985232720
758598869
760445367
786340265
755476422
756434437
755698105
998465960
752633027
752135261
752953341
998465960
986863847
806062198
935548353
935548353
935548353
935548353
935548353
935548353
760676759
805264982
805264982
786340265
935548353
851998869
935548353
935548353
805264982
825570536
851998869
805264982
896414839
825570536
935548353
825570536
851998869
759594901
851998869
851998869
977880284
977880284
977880284
851998869
851998869
986863847
851998869
851998869
851998869
851998869
935548353
851998869
759594901
786340265
805264982
759594901
756439609
949296283
949296283
770924671
805264982
949296283
850879239
850879239
806062198
850879239
903756216
935548353
850879239
981887372
981887372
770924671
981887372
787944918
929762791
759594901
929762791
757500547
929762791
981887372
759594901
929762791
752633027
752049004
758602088
777062478
759594901
777062478
760445367
933757468
973356924
973356924
973356924
755004363
933757468
973356924
850879239
752049004
973356924
759594901
973356924
981887372
759772745
752091826
758403900
973356924
986863847
929762791
929762791
755922433
760445367
960790456
929762791
929762791
787944918
756439609
929762791
786340265
850879239
805264982
805264982
786340265
759594901
756255534
770924671
787944918
850879239
768415608
773881418
787944918
941185061
941185061
941185061
806062198
792678965
917408158
850288106
941185061
917408158
882723526
999579675
792678965
882723526
935548353
792678965
850288106
850288106
850288106
850288106
850288106
813971027
792678965
917408158
792678965
917408158
792678965
792678965
758677129
758677129
768415608
768415608
917408158
795579383
758677129
795579383
795579383
753613044
758677129
935548353
795579383
755735097
842959296
753164543
768415608
842959296
842959296
842959296
753600709
980369678
752837630
755132652
980369678
753249041
754417393
752049004
753692734
752837630
754269574
850879239
842959296
753027991
795579383
752135261
752529510
986863847
931407035
931407035
931407035
931407035
931407035
931407035
769409081
842959296
754691065
769409081
752004871
753692734
769409081
931407035
917408158
768415608
753366496
901856589
901856589
769409081
901856589
931407035
769409081
913202328
952598320
769409081
870544619
870544619
913202328
913202328
870544619
913202328
802778942
828272884
987795901
987795901
913202328
986863847
913202328
828272884
913202328
909674486
802778942
909674486
802778942
909674486
769093526
828272884
828272884
824406690
792678965
769409081
769093526
769093526
769093526
769409081
769093526
769093526
769409081
892047352
900558346
769093526
769093526
769093526
978796243
761793931
758265139
978796243
753353637
978796243
770924671
761145182
769409081
806062198
782530150
769409081
839950507
753221448
757890372
769409081
769409081
769409081
878008247
782530150
769409081
769409081
782530150
754269574
757482656
776222941
769409081
757482656
776222941
759657212
753600709
782530150
929762791
757169696
753313047
758289572
765433858
776222941
770924671
929762791
757422701
756439609
752709621
929762791
757422701
757482656
757016113
753218645
757158127
753027991
754534133
782530150
753249041
929762791
792678965
852993405
852993405
852993405
758265139
757689020
979598611
979598611
923997825
923997825
923997825
923997825
780023673
979598611
923997825
793672917
793672917
793672917
853031269
793672917
793672917
793672917
793672917
753618827
793672917
793672917
777285812
793672917
780023673
780023673
804883920
793672917
780023673
793672917
804883920
758265139
752529510
781804647
793672917
781804647
785489000
777285812
755735097
793672917
793672917
782530150
926898079
926898079
926898079
926898079
872101409
872101409
872101409
872101409
872101409
872101409
786516512
786516512
786516512
786516512
859774428
793672917
786516512
786516512
786516512
822312954
793672917
822312954
912306183
912306183
965764903
965764903
965764903
965764903
965764903
965764903
960401293
960401293
965764903
960401293
960401293
965764903
965764903
965764903
960401293
965764903
965764903
996498801
996498801
965764903
965764903
965764903
960401293
921729260
921729260
912306183
912306183
965764903
929214322
785126560
965764903
960401293
929214322
929214322
912306183
921729260
912306183
780023673
921729260
753249041
780023673
783785876
786516512
793672917
783785876
971050466
777285812
777285812
783785876
783785876
783785876
774587836
756309798
756309798
774587836
756309798
763713040
777285812
774587836
778010631
777285812
761665942
859774428
992818110
992818110
966921472
781804647
992818110
966921472
759653681
763713040
758403900
858530091
907573297
907573297
858530091
858530091
763713040
752109097
907573297
907573297
763713040
756309798
851185621
763713040
851185621
851185621
822312954
859774428
810888414
810888414
841641810
810888414
841641810
955476731
955476731
955476731
955476731
870597124
829636717
829636717
829636717
841641810
829636717
832277963
829636717
759511008
829636717
829636717
829636717
829636717
926898079
829636717
765219161
810888414
955269812
955269812
955269812
760062769
955269812
955269812
810888414
986863847
807473300
955269812
765219161
758403900
758265139
759772745
781804647
752109097
758864562
752529510
758864562
763713040
758864562
765139900
827221317
786516512
756309798
753618827
752004871
759511008
822312954
759772745
753308007
761793931
756309798
752109097
756309798
786516512
759772745
761665942
756309798
926898079
786340265
926898079
756309798
757482656
758265139
753366496
754350455
926898079
786516512
752109097
757290879
756583590
761793931
754350455
859774428
756953632
753249041
755069086
759713208
757290879
756309798
752109097
856574045
757031348
756953632
755476422
756309798
777363171
777363171
777363171
777363171
777363171
800752988
880619098
807232089
880619098
752633027
753366496
761793931
763713040
986863847
786340265
880619098
756309798
880619098
765139900
880619098
880619098
755735097
758403900
755735097
754561997
757689020
751968089
759323950
758677129
757728062
754561997
752709621
752049004
752091826
814178000
814178000
814178000
814178000
814178000
752109097
944655793
944655793
989618763
944655793
944655793
944655793
944655793
811092746
760107115
814178000
761793931
814178000
938101381
938101381
938101381
756309798
814178000
938101381
938101381
938101381
992544410
992544410
992544410
762199474
992544410
992544410
938101381
755069086
857374535
857374535
857374535
938101381
857374535
753228246
757016113
753570714
755735097
757016113
753249041
781804647
977827167
997676123
997676123
997676123
758289572
997676123
763713040
997676123
755439904
977827167
977827167
977827167
752529510
977827167
977827167
862481254
973312887
973312887
977827167
967944225
973312887
967944225
973312887
973312887
967944225
973312887
979016407
979016407
973312887
973312887
979016407
979016407
967944225
972644866
972644866
979016407
979016407
948278234
972644866
972644866
972644866
979016407
972644866
972644866
979016407
948278234
972644866
972644866
967944225
972644866
992487368
992487368
992487368
967944225
992487368
807232089
990656031
967944225
950832917
967082681
967082681
950832917
936205757
936205757
948278234
948278234
936205757
948278234
948278234
948278234
936205757
948278234
948278234
936205757
898043855
944266961
948278234
898043855
898043855
957762527
957762527
886457380
865703428
957762527
886457380
903435948
886457380
957762527
957762527
865703428
957762527
903435948
992878764
903435948
992878764
903435948
769892133
956080988
956080988
956080988
903435948
910654201
910654201
910654201
910654201
913507246
956080988
910654201
956080988
940216330
910654201
913507246
910654201
913507246
913507246
913507246
913507246
907966540
907966540
769892133
907966540
840322971
907966540
898043855
862481254
921154345
921154345
921154345
921154345
921154345
921154345
921154345
921154345
921154345
921154345
921154345
921154345
824594978
824594978
824594978
771247085
863850194
863850194
863850194
806817657
806817657
824594978
995658262
824594978
806817657
863850194
806817657
805191559
806817657
806817657
806817657
806817657
806817657
766059877
805191559
806817657
852589872
766059877
863850194
805191559
806817657
806817657
805191559
767902470
805191559
756118814
805191559
773944888
779894072
779894072
767902470
779894072
779894072
766059877
779894072
887565403
887565403
766059877
767902470
887565403
805191559
766059877
845814146
837128981
845814146
837128981
767902470
766059877
766059877
914458172
771247085
914458172
771247085
766059877
914458172
767902470
771247085
908866813
766059877
761109836
767902470
849560551
849560551
949818101
861631704
849560551
838824310
781804647
775454174
775454174
761109836
805191559
775454174
761109836
767902470
761109836
971021337
971021337
971021337
971021337
971021337
761109836
805191559
894045002
908866813
761109836
767902470
879929243
767902470
879929243
953565085
767902470
953565085
804525564
953565085
953565085
761109836
879929243
879929243
761109836
761109836
756309798
845814146
804525564
868836407
868836407
868836407
868836407
868836407
868836407
754350455
868836407
994134689
755735097
766059877
994134689
756309798
805191559
847269514
756309798
756565707
932201990
932201990
932201990
752004871
752049004
755735097
805191559
804525564
761109836
766059877
765139900
772249160
772249160
927469225
927469225
772249160
939870020
939870020
772249160
852589872
752685391
772249160
772249160
767902470
925979717
804525564
810629410
846215046
846215046
846215046
810629410
810629410
810629410
753249041
781804647
803162340
752709621
761556319
761556319
807232089
803162340
752715041
766059877
761556319
766059877
852589872
761556319
949504150
949504150
949504150
949504150
949504150
949504150
856377109
870860923
856377109
870860923
912474353
856377109
856377109
753618827
870860923
856377109
792678965
772885094
870860923
870860923
870860923
870860923
870860923
856377109
856377109
761556319
856377109
766059877
761556319
761556319
761556319
761556319
752049004
761556319
772885094
767902470
755907613
753249041
761556319
772885094
800752988
786340265
761556319
986863847
761556319
761556319
761556319
765139900
761556319
765139900
761556319
765433858
778654254
778654254
973869163
778654254
965805290
965805290
965805290
778654254
778654254
965293579
965293579
965293579
954272975
852995322
852995322
852995322
852995322
826114073
852995322
831536022
831536022
852995322
881360032
857421633
857421633
852995322
852995322
826114073
852995322
852995322
831536022
764052905
764052905
831536022
831536022
831536022
831536022
764052905
764052905
881360032
764052905
756436584
807232089
753313047
778654254
877823152
877823152
785341558
756309798
757689020
877823152
874814101
752194019
756565707
753308007
757689020
920688374
920688374
957896876
920688374
920688374
953549340
883444778
932145807
887108212
887108212
883444778
883444778
962893761
883444778
827950870
827950870
883444778
827950870
827950870
883444778
883444778
883444778
827950870
827950870
887504977
887504977
774923984
827950870
883444778
827950870
827950870
827950870
812935242
827950870
790445706
947068639
947068639
843272576
947068639
812935242
812935242
812935242
812935242
790445706
774923984
790445706
757500547
752194019
790445706
761793931
774923984
968009536
968009536
968009536
968009536
959529391
959529391
848781941
968009536
968009536
968009536
968009536
959529391
968009536
968009536
848781941
820469476
820469476
820469476
778654254
752529510
774923984
755479318
785341558
752004871
769477142
769477142
753740512
962893761
759511008
816542866
888164432
888164432
888164432
888164432
888164432
816542866
888164432
816542866
816542866
769477142
758220052
816542866
761109836
752049004
761109836
826176113
757482656
873676700
979068334
979068334
979068334
873039352
826176113
879197513
801603455
879197513
879197513
873039352
769477142
826176113
873039352
826176113
801603455
784496949
784496949
784496949
784496949
854460143
854460143
784496949
784496949
800752988
785341558
753366496
773326476
773326476
947217196
947217196
785341558
752529510
784496949
773326476
755735097
819358845
819358845
819358845
757951494
782530150
757838270
754561997
753164543
751968089
785341558
761793931
837376560
758289572
785341558
758265139
761278994
761109836
782530150
952203474
952203474
759323950
756301677
755479318
756309798
761109836
755479318
759323950
761665942
757497054
752135261
757158127
761665942
755854635
761793931
784301059
753496255
751968089
859916087
761109836
785341558
859916087
859916087
753618827
756565707
800752988
782530150
987916451
807232089
761665942
754691065
785341558
761665942
868949409
868949409
868949409
868949409
752049004
757169696
753246136
868949409
868949409
761109836
902320598
758265139
762086847
997096055
997096055
757951494
792678965
758677129
753366496
977538759
977538759
758062881
772885094
754159392
753353637
774923984
757031348
760107115
757500547
849305002
849305002
899647656
849305002
849305002
894845561
761278994
757482656
758878306
757624723
761109836
849305002
782530150
777782519
777782519
761793931
925174130
755735097
925174130
758220052
753313047
925174130
758220052
963097230
963097230
757689020
757497054
925174130
777782519
756902678
761665942
756902678
756902678
757422701
759254472
756902678
757497054
762199474
809252332
757271781
911961436
756586543
911961436
756586543
756902678
911961436
876700132
752300897
803997998
876700132
876700132
876700132
774848833
758403900
759323950
774848833
769477142
897669306
777782519
761109836
761109836
774848833
774848833
782530150
782530150
756583590
774848833
774848833
758677129
861375012
756586543
861375012
758796550
761278994
756586543
756586543
761109836
807232089
785341558
758062881
756586543
757482656
790235243
790235243
790235243
790235243
840054447
840054447
757158127
938148785
912135656
912135656
757890372
912135656
790235243
912135656
912135656
825902136
910304467
910304467
776304375
790235243
776304375
776304375
776304375
903125605
762347303
776304375
765557239
903125605
800752988
753218645
800752988
765557239
755479318
762347303
762347303
757016113
765557239
762347303
757890372
765557239
903125605
903125605
757271781
759323950
980979535
891822324
903125605
903125605
752441082
757500547
756586543
755735097
903125605
753496255
753164543
903125605
752441082
800752988
753366496
754473089
756586543
757890372
758062881
754164120
878860010
878860010
878860010
828202645
903125605
800752988
992769493
878860010
878860010
992769493
992769493
967138934
967138934
920488260
920488260
967138934
923249646
967138934
967138934
869536441
923249646
869536441
869536441
920488260
967138934
920488260
920488260
828202645
869536441
869536441
898845717
869536441
895180571
895180571
828202645
857567515
898845717
828202645
898845717
848840185
848840185
828202645
848840185
815036864
936531195
848840185
848840185
898845717
828202645
828202645
925529381
845440590
778123869
755445953
845440590
880954629
973187424
973187424
973187424
973187424
973187424
973187424
815036864
925529381
979207175
979207175
979207175
979207175
880954629
815036864
880954629
815036864
855859301
815036864
855859301
855859301
845440590
815036864
794204854
794204854
895180571
925529381
925529381
845440590
785126608
845440590
794204854
794204854
845440590
816938076
785126608
925529381
785126608
785126608
790235243
785126608
925529381
778123869
817991669
855859301
785126608
925529381
907120234
785079806
816938076
907120234
778123869
855859301
907120234
883651184
883651184
855859301
859060351
883651184
754650765
777782519
785079806
756583590
855859301
817991669
898845717
801350720
776225858
753353637
898845717
771649468
771649468
851468199
851468199
817991669
851468199
821853236
821853236
848840185
771649468
774923984
771649468
817991669
848840185
756434437
762792998
762792998
848840185
774923984
898845717
754808793
754869920
848840185
801350720
754808793
892742572
892742572
787971363
892742572
956209599
956209599
956209599
914137480
914137480
773601430
956209599
956209599
956209599
892742572
821451956
956209599
773601430
773601430
773601430
774923984
818824879
758220052
790235243
773601430
773601430
817991669
773601430
773601430
773601430
787971363
773601430
773601430
773601430
882136021
773601430
817991669
787971363
987440216
839802761
987440216
966488097
966488097
966488097
966488097
925072836
855407522
855407522
754808793
839802761
839802761
902533734
758998760
839802761
902533734
925072836
902533734
902533734
758998760
902533734
839802761
925072836
925072836
754808793
754869920
837438569
765139900
758998760
758998760
809076340
758998760
787971363
774550088
809076340
754650765
809076340
919101987
809076340
809076340
809076340
809076340
809076340
774550088
765139900
756565707
809076340
842626559
781804647
918362923
918362923
842626559
918362923
858728287
858728287
858728287
858728287
757271781
787971363
774550088
762792998
753366496
793672917
757728062
754808793
753164543
757890372
754808793
753353637
952593285
774550088
774550088
754808793
774550088
787971363
774550088
789931726
789931726
937535954
937535954
937535954
789931726
937535954
937535954
937535954
937535954
927827488
927827488
789931726
937535954
937535954
927827488
927827488
927827488
815234725
927827488
815234725
927827488
927827488
927827488
927827488
756583590
815234725
808134927
815234725
789931726
757271781
757271781
943172384
786722793
786722793
786722793
801350720
786722793
946351892
925310726
883113734
935964306
935964306
935964306
925310726
925310726
925310726
883113734
883113734
756565707
753313047
883122715
808134927
883122715
883113734
808134927
883122715
789931726
883122715
883113734
883122715
883122715
926168189
789931726
926168189
789931726
789931726
808134927
808134927
926168189
926168189
973366476
973366476
786722793
786722793
808134927
973366476
774550088
752049004
890986733
890986733
890986733
947662927
890986733
883122715
755476422
890986733
940402952
883122715
786722793
790582849
808134927
786722793
973366476
786722793
890986733
756118814
753228246
774550088
773601430
890986733
771649468
762792998
890986733
753249041
754159392
757271781
771649468
756953632
773601430
771649468
890986733
756565707
771828505
771828505
883122715
890986733
969044703
969044703
890986733
924258752
969044703
969044703
969044703
924258752
969044703
969044703
785010979
924258752
808134927
816085200
924258752
753221448
922002999
913133371
973819153
973819153
994206633
994206633
973819153
913133371
913133371
863844612
913133371
903510388
913133371
913133371
913133371
913133371
913133371
903510388
863844612
863844612
903510388
903510388
903510388
839192368
839192368
994206633
863844612
974341453
974341453
934294700
934294700
974341453
893676982
974341453
863844612
893676982
893676982
863844612
974341453
974341453
974341453
808594910
839192368
863844612
893676982
808594910
752049004
839192368
808594910
903510388
801198944
883122715
893676982
893676982
839192368
863844612
808594910
839192368
893676982
893676982
893676982
893676982
863844612
808594910
839192368
808594910
839192368
773601430
883122715
839192368
883122715
755476422
785010979
771649468
828531029
863844612
773601430
983203626
983203626
983203626
983203626
983203626
983203626
771649468
771649468
762792998
983203626
754561997
808134927
805979091
805979091
983203626
771649468
755476422
805979091
756434437
983203626
753228246
752049004
768953476
757422701
958079582
883122715
839192368
863844612
758016797
756902678
755735097
842794528
757838270
768953476
754417393
756434437
757290879
768953476
757728062
768953476
757624723
774257738
774257738
774257738
774257738
774257738
817991669
758016797
774257738
752837630
757422701
863844612
863844612
757728062
752116575
842794528
884544038
888632804
842794528
752109097
884544038
884544038
758265139
884544038
884544038
888632804
888632804
884544038
754808793
884544038
884544038
842794528
884544038
884544038
884544038
916748881
916748881
756586543
956318957
956318957
817991669
821208830
821208830
756586543
830835727
842794528
754473089
842794528
762347303
753353637
756953632
789665402
755122258
753027991
789665402
947662927
755445953
776146055
947662927
795821943
883122715
964901669
795821943
783380581
783380581
925646371
947662927
783380581
783380581
776146055
776146055
776146055
758265139
776146055
832457761
776146055
776146055
776146055
776146055
776146055
757484231
757484231
955600577
753027991
955600577
955600577
955600577
955600577
756245059
762529350
756434437
762347303
751968089
839192368
776827116
752715041
757484231
762347303
839192368
757422701
808134927
762347303
752529510
755476422
759772745
761278994
760107115
752715041
757624723
754473089
758265139
839496019
839496019
839496019
839496019
839496019
839192368
992976816
925646371
839192368
817836230
817836230
839192368
752715041
817836230
845438723
845438723
845438723
756586543
776827116
817836230
761278994
787971363
759176885
817836230
817836230
752109097
751968089
753353637
785270706
785270706
785270706
787971363
883122715
756434437
836399094
785270706
774257738
836399094
947662927
836399094
754534133
836399094
751968089
753218645
776827116
836399094
787971363
776827116
836399094
757500547
776827116
836399094
808134927
898458211
898458211
752135261
882861209
843072817
856402158
856402158
776827116
981228150
898458211
913377818
752300897
925646371
752709621
913377818
981228150
981228150
882861209
856402158
752529510
978738676
856402158
898458211
776561801
776561801
882861209
843072817
882861209
776827116
856402158
947662927
856402158
856402158
782768829
776561801
776561801
913377818
767645565
776561801
776561801
832061295
751968089
984240638
984240638
850140105
984240638
850140105
984240638
850140105
769678327
984240638
886588325
984240638
767645565
767645565
774257738
756565707
755540022
762529350
925646371
755735097
757484231
856402158
753353637
751968089
761145182
753164543
753618827
913377818
756583590
752441082
836318863
836318863
880844513
880844513
880844513
880844513
836318863
880844513
880844513
836318863
836915455
835885132
836318863
836318863
758265139
835885132
820255405
929984488
929984488
929984488
820255405
897909772
757890372
947662927
835885132
820255405
913377818
820255405
781804647
820255405
760029474
916886374
751968089
757728062
835885132
835885132
771992367
752049004
835885132
771992367
771992367
928990887
771992367
757484231
771992367
800240185
758408019
752562410
878262591
878262591
878262591
878262591
878262591
878262591
931949054
756953632
758016797
768953476
754473089
774257738
855463822
855463822
855463822
753556972
855463822
753164543
913377818
762529350
771992367
757689020
771992367
778076704
915634325
915634325
935097287
915634325
935097287
915634325
935097287
935097287
935097287
935097287
756583590
935097287
915634325
915634325
757422701
776632068
783834016
776632068
944270244
783834016
783834016
944270244
776632068
776632068
776632068
913377818
776632068
925646371
915634325
915634325
753050715
755439904
757890372
904741479
753948099
904741479
904741479
826307600
756459459
826307600
913377818
826307600
826307600
753353637
798190283
753353637
752715041
757951494
783834016
757482656
854475477
854475477
757500547
756371821
756459459
753618827
913377818
753613044
760311635
760029474
756245059
783834016
934033572
753353637
771992367
783834016
934033572
783834016
934033572
757500547
934033572
759176885
934033572
752300897
771992367
753027991
934033572
893845854
893845854
998263872
893845854
757838270
893845854
768953476
752049004
893845854
935293869
935293869
990853321
990853321
990853321
990853321
935293869
935293869
893845854
752389669
904033491
751917227
897214753
897214753
897214753
752443860
897214753
897214753
753313047
753633347
754330350
752300897
893845854
752004871
982602526
753633347
990853321
755439904
832460240
882317161
882317161
990853321
935293869
990853321
855218401
855218401
952263274
752300897
952263274
861423292
756953632
861423292
762529350
897214753
935293869
771992367
771992367
757689020
761153310
753164543
752562410
897081441
752715041
757422701
950732256
950732256
752004871
950732256
950732256
950732256
775363466
775363466
775363466
760029474
755540022
843670456
843670456
843670456
829766525
843670456
989947048
752049004
756434437
811816831
753218645
897214753
753613044
829766525
829766525
755735097
757500547
765139900
775363466
752300897
752685391
775363466
752300897
895708136
895708136
759176885
757035752
795553420
753100053
775363466
773801229
773801229
753027991
758016797
751968089
755476422
757271781
759176885
765139900
757728062
952263274
758408019
757890372
751917227
896894657
829766525
829766525
758289572
829766525
861423292
769422142
847223739
847223739
996829005
847223739
779499263
847223739
833833479
847223739
779499263
847223739
779499263
752837630
779499263
829766525
758265139
755669882
996829005
752562410
752443860
757422701
861423292
755540022
756309798
760311635
756436584
758016797
757951494
756371821
757689020
762529350
754330350
775320368
775320368
775320368
752194019
993240973
775320368
993240973
993240973
802194333
755122258
993240973
993240973
993240973
802194333
993240973
756371821
753353637
775320368
758289572
775320368
932997970
990622305
990622305
990622305
990622305
829766525
932997970
932997970
775320368
932997970
757290879
775320368
757484231
756309798
841626416
757422701
841626416
841626416
841626416
841626416
841626416
841626416
756371821
841626416
881621751
881621751
841626416
757103707
788166248
788166248
788166248
757689020
788166248
757103707
788166248
788166248
836474017
864247159
864247159
788166248
832539037
829766525
775320368
753249041
994271758
946216953
994271758
994271758
994271758
994271758
994271758
788166248
861423292
946216953
946216953
946216953
946216953
865746006
946216953
946216953
946216953
865746006
865746006
865746006
919435826
865746006
919435826
919435826
865746006
853701270
788166248
768953476
774068209
751917227
850142113
850142113
850142113
754473089
764246609
850142113
764246609
850142113
764246609
850142113
753613044
850142113
757103707
850142113
850142113
751917227
872580920
774257738
774257738
871333848
871333848
871333848
925646371
871333848
953301976
871333848
953301976
761153310
753353637
946551484
946551484
812005988
946551484
890139904
890139904
752004871
757689020
871333848
757100719
812005988
758878306
850142113
776363142
752194019
774257738
979583881
979583881
965586460
761153310
755698105
965586460
965586460
900222016
900222016
965586460
965586460
900222016
965586460
932527216
965586460
900222016
835997286
996829005
813213542
942977291
850142113
821789368
765433858
850142113
797472934
813213542
813213542
797472934
813213542
797472934
813213542
797472934
797472934
898647333
898647333
898647333
901551778
901551778
898647333
898647333
813213542
758795286
757689020
757838270
757482656
755122258
757689020
759653681
758878306
758795286
758795286
756371821
762529350
757689020
765139900
755735097
755854635
762529350
761223996
753164543
876832350
761793931
876832350
876832350
755540022
808626681
876832350
755439904
808626681
808626681
759713208
759176885
808626681
757169696
756436584
876832350
754269574
757422701
818620618
818620618
818620618
818620618
755735097
818620618
816672565
818620618
816672565
816672565
818620618
818620618
752953341
757728062
757290879
755735097
761016118
752300897
757422701
757689020
757422701
996829005
752529510
759254472
759772745
830425709
781403164
781403164
818620618
756878357
757422701
761278994
861423292
808626681
760107115
861423292
761278994
757689020
830425709
951472174
951472174
756878357
756245059
830425709
915701674
933694789
933694789
933694789
933694789
933694789
933694789
943745543
915701674
935609661
909145988
909145988
759653681
808626681
754808793
758289572
759653681
761539488
757422701
861819176
754269574
755439904
887129142
754691065
759713208
887129142
887129142
887129142
887129142
887129142
756878357
780674352
975264108
780674352
752004871
952389988
975264108
975264108
975264108
782522849
782522849
939924265
835077659
755698105
780674352
908752647
757728062
952389988
761016118
929451569
761145182
929451569
929451569
759653681
845364855
845364855
756878357
753570714
845364855
808736338
808736338
808736338
808736338
808736338
808736338
885230437
948439763
808736338
948439763
808736338
948439763
771036975
885230437
753366496
885230437
834276468
834276468
834276468
834276468
759653681
834276468
752300897
834276468
834276468
834276468
758403900
834276468
885230437
756878357
834276468
834276468
808626681
753249041
752004871
808626681
808736338
808736338
780674352
885230437
808626681
753613044
762347303
808626681
757624723
780674352
885230437
885230437
756353077
757951494
754330350
819604144
774257738
751968089
819604144
776363142
755122258
885230437
751968089
759772745
784276574
861423292
752194019
753613044
756953632
849697422
849697422
985096275
757624723
761278994
949706962
949706962
949706962
949706962
998772225
911442331
949706962
858798033
949706962
751968089
949706962
949706962
949706962
949706962
949706962
949706962
765433858
949706962
751913182
753556972
818620618
758677129
758796550
756953632
919884468
774257738
755735097
756309798
754164120
861423292
755723641
753353637
952921007
951788105
952921007
951788105
952921007
951788105
754330350
789983478
789983478
757728062
758016797
768315819
861423292
757624723
916233267
916233267
756854121
761145182
753228246
758796550
761278994
916233267
753164543
756854121
752194019
759653681
752300897
761109836
757035752
758677129
764044415
755439904
753633347
756854121
761539488
773007648
776363142
751913182
752004871
751913182
771036975
758016797
757838270
919884468
802331144
752715041
790235243
759713208
757215544
802331144
756854121
772885094
959470928
959470928
852117245
959470928
767894530
852117245
767894530
767894530
767402012
997148657
753366496
997671601
997671601
997671601
997671601
997671601
997671601
997671601
775599046
752194019
775599046
848653389
848653389
810899904
810899904
848653389
822501317
997671601
850042274
997671601
903510388
850042274
822501317
753100053
899243632
899243632
912164342
899243632
757624723
899243632
764246609
753633347
764246609
753249041
756287459
804742776
997671601
753228246
982851343
982851343
822501317
822501317
808134927
997671601
982851343
982851343
775599046
982851343
997671601
819921143
964662059
997671601
964662059
822501317
964662059
964662059
819921143
964662059
964662059
982851343
837053184
847340518
997671601
964662059
847340518
761278994
964662059
859155887
859155887
859155887
964442391
859155887
859155887
859155887
982851343
859155887
830697769
830697769
912164342
830697769
830697769
830697769
837053184
836716226
810899904
819921143
830697769
830697769
836716226
837057213
836716226
912164342
830697769
836716226
856569527
836639213
836716226
837057213
836639213
856569527
836639213
874817956
905728511
905728511
905728511
905728511
905728511
819921143
819921143
777277201
819921143
777277201
830697769
830697769
830697769
819921143
905728511
818946547
853696421
818946547
818946547
836639213
922113651
856569527
922113651
777277201
836639213
853696421
777277201
922113651
830697769
777277201
768621251
777277201
761567190
777277201
777277201
777277201
777277201
775599046
818946547
818946547
768621251
815154793
815154793
815154793
960325374
960325374
960325374
965818004
815154793
965818004
960325374
965818004
960325374
815154793
954044564
815154793
761567190
803505012
954044564
912625544
912625544
912625544
761567190
843409056
904811206
973099194
815154793
843409056
843409056
815154793
775599046
803505012
843409056
775599046
803505012
904811206
768621251
775599046
904811206
761567190
803505012
986545049
986545049
986545049
965048332
965048332
774587621
777277201
774587621
803505012
815154793
774587621
944476561
944476561
774587621
944476561
775599046
775599046
761567190
802395633
802395633
759455430
767402012
761567190
767402012
802395633
777277201
761567190
802395633
775599046
761567190
938571962
759455430
774587621
775599046
777277201
802395633
761567190
777277201
869235162
775599046
869235162
869235162
761567190
775599046
818620618
803505012
761567190
761567190
775599046
774587621
777277201
787245614
927415298
927415298
927415298
770873659
787245614
927415298
761567190
963995053
759455430
927415298
927415298
927415298
770873659
927415298
787245614
759772745
770873659
758677129
927415298
770873659
759455430
770873659
927415298
759455430
770873659
759455430
767402012
903510388
818620618
759455430
769369885
770873659
770873659
903572056
903572056
925646371
903572056
781804647
903572056
823307742
823307742
770873659
991843468
991843468
991843468
769369885
769369885
802395633
948530214
948530214
903510388
934497510
934497510
934497510
934497510
884621625
769369885
769477142
983188302
983188302
983188302
767902470
983188302
784276574
930754277
758470540
759455430
769369885
759455430
884252566
845509031
845509031
890072469
890072469
759455430
905728511
991496340
991496340
890072469
890072469
890072469
794980657
890072469
904037453
904037453
904037453
904037453
904037453
904037453
904037453
904037453
904037453
770873659
904037453
767402012
758470540
884252566
884252566
769153808
767402012
758470540
758470540
786573065
884252566
884252566
786573065
758470540
786573065
786573065
756110294
884252566
790235243
786573065
890924759
890924759
986270392
755723641
855269825
855269825
986270392
757422701
855269825
767402012
890924759
761278994
754942835
886539427
757484231
785341558
758403900
890924759
767402012
759254472
778466592
755122258
903654956
996256940
903654956
754942835
903654956
977289047
977289047
977289047
977289047
977289047
977289047
977289047
940332325
940332325
977289047
972624793
972624793
972624793
972624793
972624793
972624793
972624793
968270831
972624793
972624793
972624793
940332325
940332325
972624793
972624793
940332325
972624793
940332325
940332325
940332325
890924759
903654956
929245863
903654956
898916939
939811130
939811130
898916939
898916939
870023413
782175787
939811130
929245863
870023413
903654956
890924759
890924759
768704849
903654956
870023413
903654956
898916939
848444914
942628962
942628962
848444914
937910098
782175787
970763721
870023413
753633347
890924759
848444914
854683136
870023413
848444914
848444914
854683136
855269825
990725005
990725005
870023413
768704849
769153808
890924759
870023413
870023413
870023413
759455430
870023413
983528649
854683136
983528649
854683136
861877820
861877820
751917227
767402012
854683136
758016797
854683136
953027303
953027303
953027303
953027303
953027303
801010829
953027303
953027303
914598938
914598938
946776863
946776863
854683136
914598938
946776863
946776863
946776863
946776863
946776863
888437304
888437304
888437304
946776863
888437304
888437304
757215544
914598938
946776863
946776863
907291528
914598938
907291528
914598938
759455430
757689020
907291528
759455430
907291528
914598938
758470540
888437304
752135261
858530123
858530123
888437304
759323950
858530123
759511008
888437304
756287459
752135261
994292074
994292074
994292074
994292074
914598938
912132830
795164354
795164354
795164354
795164354
955602248
955602248
994292074
955602248
955602248
854683136
756854121
759801813
907291528
986187982
755069086
967538815
986187982
754942835
766771880
788361022
788361022
759801813
788361022
788361022
990096759
788361022
990096759
990096759
990096759
788361022
788361022
990096759
990096759
990096759
990096759
990096759
782186161
990096759
990096759
782186161
782186161
990096759
905728511
782186161
772437757
782186161
782186161
782186161
819961271
819961271
987985075
772437757
793003837
782186161
788361022
902205763
772437757
902205763
782186161
793003837
788361022
772437757
977247389
772437757
977247389
977247389
752443860
890924759
752837630
754942835
793003837
772437757
752529510
956014102
819961271
956014102
752953341
890924759
788361022
890924759
757422701
753249041
890924759
782186161
852472148
757100719
759801813
782186161
852472148
890924759
756854121
756854121
998514862
998514862
979189839
756878610
756878610
778218608
945787100
786329904
945787100
815179358
819961271
778218608
793003837
815179358
822520156
822520156
822520156
786329904
786329904
786329904
813516258
786329904
822520156
813516258
788361022
966012558
756878610
822520156
829766525
753027991
955993409
966012558
966012558
934490227
934490227
934490227
955993409
934490227
786329904
934490227
908222034
908222034
908222034
908222034
796889850
752004871
996817989
774091169
823687970
823687970
832536822
908222034
832536822
823687970
954229143
832536822
954229143
954229143
774091169
778218608
788361022
829766525
921471811
921471811
966012558
778218608
778218608
921471811
752837630
786329904
753228246
756878610
899758159
899758159
993152798
958892683
958892683
958892683
958892683
958892683
839741057
958892683
958892683
943273670
839019498
943273670
839741057
943273670
839019498
958892683
943273670
943273670
839741057
943273670
894710471
875448262
894710471
875448262
875448262
839019498
839741057
839019498
954229143
839741057
839741057
839741057
826500833
989811579
826500833
989811579
839741057
910708051
839019498
910708051
910708051
910708051
966012558
910708051
839741057
999762477
826500833
774091169
966012558
826500833
826500833
804875972
820335780
954229143
813516258
804875972
813516258
819961271
771243216
839019498
954229143
954229143
771243216
809181950
819961271
771243216
756878610
758414277
774091169
771243216
813385023
758733017
758414277
804875972
774091169
809181950
809181950
809181950
761109836
804875972
804875972
771243216
954229143
758414277
758602088
760107115
878183371
758414277
758623692
878183371
760107115
756245059
804875972
772885094
804875972
771243216
758623692
771243216
770924671
837923334
760107115
761109836
923472820
758414277
771051003
759772745
956652110
758414277
837923334
956652110
787507723
980116397
872437021
771051003
761109836
980116397
837923334
771051003
757689020
774272379
980116397
758623692
756287459
837923334
758414277
774091169
786329904
752685391
774257738
771243216
759176885
837923334
842676625
842676625
786329904
774091169
786329904
786329904
771243216
936590527
771036975
758414277
936590527
771243216
936590527
936590527
767902470
936590527
751968089
761278994
786329904
752562410
936590527
819961271
752850028
936590527
767902470
771243216
831852616
771243216
761278994
890924759
756854121
758414277
755439904
758414277
833450614
822368492
822368492
778466592
822368492
822368492
758414277
774091169
766771880
758414277
758414277
758414277
792155322
756854121
792155322
792155322
788882232
792155322
792155322
792155322
759463161
792155322
792155322
752194019
890924759
792155322
755723641
758414277
754942835
758414277
757422701
752194019
752850028
885851052
761223996
792155322
756245059
753165524
756301677
760676759
753353637
753218645
866932287
756255534
930580789
752837630
922967964
922967964
855269825
756854121
930580789
894703015
752837630
866932287
819961271
846281761
754561997
869346690
756854121
756854121
755439904
894703015
869346690
752194019
869346690
866932287
858201098
869346690
753353637
858201098
858201098
858201098
858201098
866932287
858201098
894703015
858201098
866932287
858201098
852267920
866932287
824081875
852267920
858201098
858201098
858201098
852267920
893914147
893914147
893914147
852267920
852267920
852267920
852267920
852267920
852267920
824081875
843787986
824081875
783717051
824081875
858201098
824081875
998390912
824081875
823695858
843787986
823695858
843787986
843787986
823695858
843787986
896640856
823695858
783717051
783717051
915684013
823695858
915684013
915684013
753353637
753249041
927049176
927049176
927049176
927049176
752529510
754159392
893914147
755698105
761278994
754942835
758623692
761109836
757169696
758265139
905728511
763169367
756301677
756854121
763169367
757624723
983971712
757215544
755439904
752135261
885799348
893914147
844513773
885799348
885799348
938192597
844513773
754942835
983971712
753366496
754942835
983971712
983971712
754942835
753353637
885799348
770835745
983971712
885799348
890924759
826762740
754330350
885799348
904746919
770835745
904746919
904746919
904746919
904746919
770835745
904746919
752837630
858201098
885799348
890924759
832329259
832329259
832329259
756057880
763840256
760109470
763840256
820335835
820335835
820335835
820335835
820335835
763840256
820335835
754164120
820335835
820335835
820335835
820335835
763840256
763169367
870556997
820335835
763840256
765340387
792155322
820335835
758796550
756057880
820335835
758128020
820335835
820335835
820335835
896169090
896169090
896169090
896169090
896169090
757215544
896169090
756057880
896169090
896169090
763840256
752562410
751968089
767902470
896169090
751778885
756854121
776363142
754159392
758878306
773071555
758677129
770924671
792678965
755922433
763169367
954302964
954302964
792678965
968265330
968265330
968265330
968265330
800752988
968265330
968265330
968265330
763169367
954302964
954302964
954302964
869477783
758265139
794593086
794593086
794593086
752837630
954302964
954302964
757215544
792678965
794576281
767902470
794576281
754942835
820335835
761665942
757624723
758265139
757422701
755698105
754159392
758878306
754350455
769477142
764221656
792155322
855269825
757689020
756245059
756245059
753308007
752300897
763585628
758878306
764221656
758414277
769477142
756245059
756245059
772885094
916166650
916166650
916166650
830962185
753246136
830962185
760029474
753165524
753249041
758265139
799748307
756309798
758623692
760029474
766771880
753613044
756854121
752709621
951414378
752091826
757484231
761217814
757169696
988944005
799748307
799748307
754808793
756245059
754330350
753164543
910602349
910602349
755004363
754942835
799748307
782186161
784276574
754942835
751917227
752709621
756854121
757838270
761217814
756245059
999122432
999122432
757890372
756287459
758414277
757951494
759653681
757484231
757271781
757838270
757951494
754942835
752194019
756854121
757271781
799748307
832521510
799748307
757689020
766534114
756902678
758878306
956780934
756245059
761109836
760445367
908960879
758414277
908960879
908960879
756854121
752851497
756353077
753633347
821451842
790235243
821451842
757169696
849235919
821451842
754269574
821451842
821451842
752837630
766771880
757838270
753164543
820724267
937120894
937120894
937120894
937120894
937120894
969430063
937120894
937120894
969430063
757838270
753165524
753249041
969430063
969430063
853095971
853095971
853095971
853095971
853095971
853095971
758623692
753249041
894909933
894909933
894909933
894909933
894909933
853095971
853095971
762086847
761539488
956780934
755669882
853095971
817062473
894909933
993267226
758414277
975527548
975527548
956780934
759713208
845167436
853095971
956780934
796329207
796329207
796329207
796329207
753249041
796329207
802976925
921833201
953811769
953811769
953811769
802976925
953811769
953811769
953811769
953811769
802976925
861179799
953811769
861179799
953811769
886807965
861179799
861179799
861179799
802976925
802976925
802976925
817062473
921833201
777008059
802976925
802976925
802976925
861179799
755132652
861179799
861179799
861179799
763974237
943934905
943934905
757624723
802976925
802976925
752441082
754350455
802255754
752194019
777008059
802255754
752715041
759801813
802976925
755698105
777008059
752715041
833446427
833446427
833446427
808676760
833446427
833446427
754164120
754942835
753165524
769153808
802976925
790235243
758796550
755445953
752049004
752529510
755004363
756119395
792155322
758878306
833975678
757031348
759511008
758403900
765340387
955266343
752529510
757035752
753570714
910063012
910063012
888289286
754164120
948808175
888289286
888289286
777008059
888289286
774786400
786980978
786980978
888289286
888289286
774786400
786980978
774786400
774786400
751778885
774786400
785341558
774786400
761793931
774786400
774786400
755669882
757271781
756245059
758414277
757484231
768315819
757290879
759511008
888289286
758602088
777008059
755004363
763169367
826377250
826377250
826377250
826377250
826377250
785341558
826377250
888289286
757035752
755476422
757100719
888289286
766534114
763569758
754159392
777008059
754159392
760772357
751917227
901033265
759713208
758733017
756583590
753165524
842633250
974338997
764246609
962551735
962551735
777008059
946362896
957834667
957834667
957834667
957834667
851601441
946362896
851601441
851601441
968774835
968774835
767902470
953643856
953643856
766534114
953643856
860064328
953643856
860064328
860064328
860064328
851601441
851601441
860064328
860064328
851601441
860064328
788601760
888289286
851601441
845132629
851601441
851601441
851601441
785341558
851601441
851601441
777008059
841770695
946774284
946774284
946774284
963776297
963776297
963776297
937047838
963776297
946774284
963776297
963776297
937047838
963776297
963776297
916217199
963776297
963776297
963776297
963776297
963776297
963776297
845132629
845132629
937047838
806898131
963776297
806898131
963776297
756287459
845132629
946774284
946774284
788601760
845132629
845132629
845132629
929387937
929387937
925133959
844768119
977086004
977086004
977086004
977086004
977086004
845132629
806898131
844768119
802259579
806898131
780302018
806898131
927569696
927569696
804801134
927569696
927569696
804801134
927569696
927569696
804801134
927569696
927569696
780302018
788601760
804801134
804801134
788601760
794386936
802259579
882216399
882216399
882216399
882216399
837509005
882216399
882216399
837509005
794386936
837509005
837509005
837509005
802259579
757169755
788601760
788601760
802259579
777083496
953377246
811364240
811364240
811364240
811364240
975770738
975770738
811364240
799415320
777083496
811364240
799415320
811364240
844776096
829432757
829432757
844776096
799415320
844776096
799415320
799415320
829432757
802259579
777083496
777083496
777083496
802259579
777083496
757484231
955817057
955817057
893482224
952658885
952658885
952658885
952658885
952658885
893482224
893482224
893482224
763072900
794386936
757169755
757169755
945567586
945567586
945567586
968320346
968320346
945567586
794386936
821311734
862940682
794386936
757169755
757169755
820999354
820999354
821311734
820999354
821311734
809134775
809134775
809134775
937466200
937466200
937466200
809134775
821311734
998530682
757169755
998530682
809134775
809134775
809134775
809134775
820999354
820999354
782131030
782131030
761539488
782131030
820999354
782131030
944070094
944070094
820999354
757169755
754159392
753218645
931569999
825978367
825978367
931569999
825978367
758265139
825978367
924653930
829300193
940857905
761109836
812083035
812083035
812083035
755439904
942482806
942482806
942482806
752194019
782131030
812083035
757169755
782186161
757169755
812083035
757728062
821311734
769153808
812083035
757271781
821577688
761539488
951015096
821577688
951015096
902312063
951015096
902312063
752091826
910959618
982260570
902312063
951015096
902312063
983776360
757271781
983776360
756118814
947809205
983776360
983776360
761539488
933325445
947809205
933325445
889404389
969293158
933325445
947809205
795043066
947809205
795043066
933325445
795043066
913859087
795043066
850096101
795043066
795043066
889404389
821577688
821577688
795043066
821577688
889744308
821577688
889744308
889744308
821577688
879498961
889404389
758555405
802529984
879498961
809134775
795043066
758555405
753156305
879498961
756434437
756854121
761016118
758555405
889404389
863663049
863663049
770325989
756245059
863663049
863663049
756309798
786705897
756902678
752564299
756902678
753246136
889404389
812083035
786705897
758555405
786705897
755723641
770325989
885870409
885870409
786705897
885870409
885870409
798463935
885870409
821577688
752953341
756878357
757484231
754869920
798463935
758602088
934882356
934882356
934882356
793672917
934882356
934882356
889404389
758555405
821704706
821704706
821704706
888609253
888609253
756902678
757215544
965522819
965522819
763840256
971274445
971274445
971274445
971274445
943688643
904114932
904114932
965522819
951930843
971274445
943688643
943688643
951930843
943688643
943688643
943688643
943688643
943688643
943688643
943688643
943688643
853173371
965522819
965522819
943688643
943688643
928978247
943688643
942037866
942037866
904114932
965522819
942037866
895682053
895682053
904114932
928978247
904114932
895682053
895682053
928978247
911692191
911692191
974286902
911692191
911692191
974286902
895682053
895682053
898829580
904114932
898829580
928978247
974286902
904114932
853173371
895682053
904114932
898829580
898829580
996355383
996355383
895682053
895682053
928978247
888609253
895682053
928978247
756583590
895682053
839338348
853173371
839338348
888609253
969702483
969702483
974286902
974286902
969702483
839338348
969702483
877611361
853173371
888609253
974286902
888609253
877611361
877611361
853173371
895682053
839338348
881357579
939592736
939592736
939592736
939592736
939592736
881357579
881357579
881357579
846496492
846496492
846496492
846496492
998139407
998139407
998139407
998139407
998139407
928978247
839338348
846496492
881357579
834691257
853173371
846496492
846496492
853173371
846496492
889404389
834691257
834691257
846496492
846496492
846496492
834691257
830173015
797055194
830173015
797055194
830173015
830173015
830173015
830173015
830173015
830173015
809801269
797055194
797055194
909356155
909356155
909356155
909356155
909356155
809801269
826299109
909356155
909356155
808362043
909356155
909356155
809801269
809801269
909356155
909356155
909356155
909356155
803346536
792241213
795517374
795517374
785338627
785338627
909356155
792241213
792241213
762941773
762941773
792241213
762941773
792241213
792241213
909356155
926359028
926359028
926359028
926359028
846496492
926359028
814495751
926359028
926359028
926359028
814495751
926359028
812083035
830516343
814495751
803346536
792241213
912665570
752633027
761109836
810774401
760029474
757951494
803346536
792241213
772760053
792241213
755476422
752685391
787237990
787237990
787237990
787237990
795517374
795517374
812083035
803346536
792241213
752049004
753165524
800277207
885137942
800277207
800277207
800277207
800277207
800277207
800277207
795517374
800277207
763123747
763123747
800277207
800277207
800277207
806062198
782912637
782912637
862091748
782912637
762941773
782912637
862091748
862091748
795517374
795517374
862091748
763123747
862091748
763123747
975504288
774200753
774200753
774200753
774200753
862091748
862091748
774200753
860386304
774200753
802070441
873811843
763123747
860386304
873811843
862091748
873811843
802070441
802070441
802070441
873811843
774200753
953187767
774200753
953187767
802070441
774200753
953187767
969043264
909385858
909385858
909385858
909385858
893095317
953187767
893095317
774200753
982731564
960213129
763123747
774200753
893095317
763123747
802070441
785804170
785804170
902121316
802070441
785804170
785804170
785804170
763123747
943213986
943213986
943213986
785804170
880495823
906451831
785804170
975142930
880495823
785804170
846625573
880495823
880495823
827865127
827865127
880495823
906451831
846625573
846625573
785804170
785804170
780834552
997099653
997099653
785804170
785804170
780834552
780834552
785804170
778782173
778782173
778782173
778782173
763123747
778782173
778782173
778782173
802070441
802070441
778782173
913988934
913988934
913988934
913988934
872769675
763123747
872769675
872769675
872769675
872769675
872769675
869822589
869822589
869822589
869822589
828905949
869822589
828905949
763123747
778782173
806638408
806638408
828905949
806638408
911488796
859308128
859308128
911681535
806638408
869822589
942036280
942036280
942036280
806638408
786705897
859308128
929471814
778782173
778782173
780834552
778782173
751778885
778782173
859308128
756353077
859308128
929471814
778782173
778782173
929471814
778782173
929471814
778782173
828471492
828471492
869822589
869822589
997932181
828471492
828471492
869822589
828471492
920601875
920601875
778782173
763123747
763123747
763123747
752837630
763123747
802070441
763123747
787237990
802070441
763123747
763123747
762941773
802070441
752194019
802070441
786705897
785804170
778782173
757484231
846625573
755847351
757689020
785804170
756953632
756353077
808011449
785804170
785804170
763123747
802070441
785804170
900952426
900952426
900952426
780834552
785804170
780834552
780834552
757838270
753218645
778782173
778782173
755847351
785804170
997800586
889553608
889553608
751936885
780834552
889553608
756586543
757624723
858291315
790235243
858291315
762941773
802991771
755847351
802991771
780834552
782186161
802991771
802991771
752194019
785804170
763123747
752715041
752194019
770325989
759657212
757035752
756902678
756309798
870541711
870541711
753740512
778782173
752633027
984319046
761109836
984319046
863869122
897297958
897297958
942177274
863869122
863869122
863869122
863869122
942177274
897297958
863869122
863869122
863869122
863869122
897297958
857494327
755847351
753353637
857494327
857494327
857494327
897297958
857494327
780834552
879201981
784301059
955476696
751917227
800875949
800875949
800875949
800875949
800875949
812142051
753246136
756583590
753249041
758403900
756583590
780834552
958232922
757728062
755907613
753249041
816406870
816406870
816406870
816406870
912300283
912300283
810177549
844502593
844502593
777823689
780834552
844502593
832999953
832999953
832999953
777823689
940250595
910623280
940250595
754534133
940250595
780834552
983144061
983144061
983144061
983144061
955491329
983144061
982613419
983144061
983144061
757624723
983144061
983144061
982613419
865023403
867911538
780834552
972851855
849367990
972851855
867911538
867911538
865023403
849367990
865023403
865023403
849367990
865023403
935482044
972851855
935482044
865023403
972851855
865023403
752049004
755847351
757100719
756245059
757100719
762941773
865023403
972851855
829634605
829634605
829634605
754869920
867911538
756245059
780834552
770924671
752004871
935482044
946892319
822560977
822560977
758878306
946892319
753353637
753164543
753246136
777823689
763072900
755847351
753164543
753613044
863007966
863007966
753600709
871964016
760676759
757624723
751862413
758403900
752091826
896620711
752685391
970027813
902780533
902780533
865023403
753618827
757951494
896620711
896620711
777823689
752562410
757482656
757624723
753156305
751720784
756434437
756878357
758289572
998860732
755540022
998860732
755476422
758414277
755847351
839197792
953097647
953097647
953097647
953097647
839197792
839197792
898911471
898911471
839197792
767376729
898911471
767376729
839197792
898911471
898911471
898911471
835208726
839197792
839197792
839197792
839197792
934428266
934428266
839197792
934428266
923888589
923888589
923888589
923888589
754473089
923888589
865112854
835208726
839197792
819416040
755540022
819416040
756586543
819416040
753611857
819416040
751968089
819416040
758403900
751917227
785804170
780425043
753611857
907566883
780425043
753611857
754561997
907566883
752709621
753611857
756953632
841496368
755723997
755922433
758733017
757890372
763072900
757422701
756586543
763169367
986997369
986997369
986997369
986997369
986997369
986997369
925369089
986997369
925369089
986997369
986997369
986997369
983268543
986997369
983268543
983268543
986997369
987441137
983268543
983268543
987441137
986997369
983268543
763123747
983268543
925369089
879245569
870016386
879245569
879245569
752709621
757890372
870016386
758555405
794499808
773481967
794499808
773481967
763123747
781008034
756119395
753611857
770325989
755922433
756371821
752564299
751917227
757838270
896539618
896539618
896539618
918072817
918072817
918072817
918072817
918072817
918072817
918072817
849575036
896539618
849575036
896539618
842641091
896539618
896539618
982333036
982333036
753611857
982333036
752564299
752300897
759323950
751917227
896539618
896539618
896539618
752194019
761217814
764044415
873414895
755847351
760676759
761217814
757728062
757695371
757695371
761539488
751720784
965286685
766771880
760772357
757031348
982090583
938185038
938185038
938185038
819992523
938185038
984617245
938185038
938185038
819992523
819992523
819992523
802911704
819992523
938185038
781008034
918896278
802911704
938185038
802911704
918896278
802911704
819992523
761016118
918896278
819992523
802911704
918896278
978365242
803560328
819992523
959411986
983967436
959411986
879367697
754869920
879367697
803560328
757728062
753611857
757695371
778321015
778321015
783564851
759786619
752004871
869298147
869298147
869298147
869298147
869298147
754473089
758403900
755847351
984114565
984114565
984114565
752564299
752953341
984114565
761109836
832469746
832469746
832469746
832469746
832469746
832469746
832469746
832469746
817262150
752004871
984114565
817262150
832469746
759764808
756245059
817262150
817262150
754676806
758289572
783564851
756878357
756245059
760107115
755540022
752633027
752953341
827100672
862478835
862478835
862478835
862478835
785804170
753611857
905920139
862478835
817450968
755847351
785804170
757728062
756309798
757695371
758414277
865898832
865898832
777008059
754164120
865898832
785804170
760676759
760676759
757624723
756309798
865898832
752685391
756118814
992243389
758289572
992243389
992243389
992243389
992243389
919892672
765143539
992243389
919892672
757482656
754164120
752441082
752091826
919892672
778466592
949652255
949652255
949652255
949652255
949652255
949652255
949652255
949652255
949652255
987847634
987847634
987847634
987847634
987847634
987847634
987847634
987847634
953359707
831665888
949652255
753948099
919892672
831665888
868291857
768687627
768687627
919892672
919892672
870924337
849843450
919892672
870924337
870924337
849843450
870924337
924215629
924215629
757215544
849843450
756439609
768687627
768687627
849843450
919892672
757695371
849843450
878706836
806452458
756119395
831665888
927877507
849843450
968913871
968913871
968913871
968913871
968913871
968913871
968913871
968913871
831665888
831665888
831665888
773289705
865898832
865898832
768687627
849843450
758623692
783564851
765497060
778245248
819040738
972230761
972230761
972230761
819040738
972230761
972230761
765497060
819040738
972230761
765497060
972230761
972230761
765497060
819040738
776488165
776488165
778245248
778245248
763072900
819040738
753611857
752194019
757482656
755847351
758623692
757484231
758602088
755847351
857895886
913703513
947061259
913703513
913703513
857895886
913703513
857895886
763650362
759438724
763650362
857895886
913703513
954289252
954289252
954289252
954289252
954289252
954289252
946823888
946823888
763650362
912212970
857895886
857895886
763650362
810489110
810489110
765497060
759438724
810489110
759438724
759438724
985563571
810489110
985563571
985563571
985563571
985563571
755847351
759438724
759438724
759438724
759438724
810489110
765497060
759438724
949044938
765497060
759438724
949044938
949044938
759438724
759438724
940083508
882725845
891715139
882725845
882725845
752562410
754561997
882725845
891715139
940083508
842876832
891715139
882725845
891715139
882725845
882725845
891715139
882725845
842876832
882725845
842876832
882725845
940083508
891715139
842876832
842876832
856832397
855932849
930828141
930828141
765227202
856832397
765227202
975459687
975459687
930828141
855932849
930828141
930828141
942111288
779106632
942111288
942111288
755847351
942111288
942111288
765227202
754561997
996427439
996427439
996427439
765227202
784971092
753692734
842876832
757482656
757169696
751968089
753948099
754159392
792820116
869300513
765497060
894144767
792820116
752109097
761016118
894144767
753165524
976945930
891715139
857293969
976945930
921909364
857293969
891715139
921909364
857293969
919865881
919865881
779185219
919865881
891715139
857293969
857293969
779185219
857293969
842876832
842821248
843866958
896674816
843866958
843866958
842821248
843866958
859964455
843866958
755439904
784971092
842821248
756245059
842821248
829720308
891715139
779185219
836866162
779185219
937498246
937498246
779185219
937498246
909185667
909185667
909185667
790235243
925394366
831737145
831737145
836866162
831737145
925394366
831737145
831737145
831737145
831737145
831737145
831737145
829720308
867400989
994544945
994544945
756434437
784209478
831737145
831737145
829720308
891715139
993235941
993235941
993235941
821728758
993235941
993235941
993235941
849907331
849907331
945965020
945965020
945965020
945965020
849907331
821728758
894474218
849907331
883905855
849907331
849907331
849907331
821961304
883905855
880258407
821728758
880258407
883905855
880258407
821728758
883905855
784209478
815811834
815811834
784209478
768553313
810489110
810489110
784209478
784209478
779185219
779185219
779185219
775435975
768553313
768553313
782530150
778188895
775435975
775435975
984093061
984093061
984093061
984093061
984093061
810489110
883905855
774462386
779185219
768553313
924533231
756854121
757728062
924533231
924533231
756245059
761539488
924533231
756693242
756255534
775435975
810489110
810489110
756693242
753549162
753549162
810489110
779185219
793672917
756693242
936390646
936390646
792474226
775435975
792474226
757035752
757422701
757691402
753549162
757691402
753549162
756118814
861086209
861086209
861086209
861086209
861086209
861086209
861086209
792474226
792474226
777340932
861086209
777340932
777340932
754561997
861086209
861086209
777340932
861086209
925303312
925303312
753549162
757728062
752300897
760772357
781356816
861086209
759438724
772885094
752633027
771336021
766534114
999758476
760445367
999758476
999758476
760311635
755439904
753549162
762205210
755476422
753549162
761109836
993139742
993139742
993139742
993139742
981611496
993139742
993139742
754691065
993139742
755907613
890202126
890202126
890202126
890202126
890202126
760107115
890202126
752562410
890202126
965563624
965563624
965563624
762529350
758677129
757100719
754473089
757422701
755847351
778466592
895490958
755445953
758289572
778608578
759438724
758602088
756309798
767902470
859927580
859927580
859927580
799491643
753948099
809542129
807490285
807490285
861086209
898981004
752529510
752529510
807490285
916352210
916352210
916352210
916352210
916352210
916352210
916352210
916352210
761109836
753633347
758289572
760676759
773660662
755847351
773660662
773660662
769153808
773669436
996043989
996043989
996043989
996043989
956306063
773660662
756245059
773660662
979539440
996043989
911975854
911975854
911975854
911975854
956306063
953252716
828091906
911043492
911043492
911043492
828091906
874529284
874529284
874529284
911043492
911975854
893728881
893728881
841506917
911043492
841506917
845682764
911975854
845682764
911975854
893728881
911975854
893728881
925402463
911975854
845682764
874529284
974325617
899105795
899105795
974325617
911043492
845682764
841506917
845682764
911043492
841506917
911975854
835389561
835389561
911975854
835389561
994978152
994978152
998661672
998661672
998661672
998661672
998661672
903756752
994978152
903756752
903756752
994978152
911043492
994978152
975134231
845840580
842695008
845840580
842695008
975134231
842695008
828091906
994978152
994978152
887386263
887386263
845840580
869810563
869810563
975134231
869810563
869810563
975134231
842695008
978085169
823278240
994978152
976187013
976187013
853846403
842695008
853846403
869810563
978085169
893728881
975134231
853846403
853846403
845840580
823278240
978085169
869810563
869810563
822950185
994978152
893728881
842695008
893728881
823278240
971206108
971206108
845840580
823278240
971206108
994880919
881594791
828091906
893728881
881594791
823278240
925402463
893728881
881594791
828091906
881594791
881594791
981094649
981094649
981094649
981094649
842695008
834479777
834479777
869810563
995765842
869810563
893728881
893728881
887386263
869810563
869810563
975134231
822950185
802634272
893728881
871253316
871253316
871253316
887386263
871253316
893728881
839488519
839488519
871253316
890249021
823278240
871253316
887386263
871253316
871253316
871253316
890249021
915099013
915099013
812399768
984633014
914247849
871253316
871253316
812399768
812399768
887386263
822950185
812399768
898521858
898521858
812399768
871253316
871253316
828923586
822950185
871253316
842695008
871253316
812399768
984633014
812399768
925402463
822950185
812399768
984633014
823278240
871253316
822950185
871253316
828923586
871253316
828923586
812399768
828923586
886979493
886979493
893728881
886979493
886979493
842695008
975134231
886979493
886979493
886979493
886979493
812399768
887386263
828923586
886979493
984633014
803091356
812399768
828923586
842695008
876544442
876544442
936141196
936141196
936141196
850670479
915099013
850670479
850670479
808416915
850670479
850670479
808416915
922989898
922989898
899118714
899118714
899118714
899118714
899118714
899118714
899118714
850670479
899118714
850670479
812399768
850670479
980836489
980836489
803091356
980836489
980836489
856598030
856598030
856598030
842695008
812399768
899118714
842695008
849943943
849943943
849943943
942963006
856598030
942963006
849943943
849943943
856598030
849943943
899118714
849943943
899118714
849943943
899118714
915099013
808416915
963510447
963510447
808416915
842695008
975134231
955191772
955191772
963510447
963510447
963510447
955191772
828091906
955191772
953190353
849943943
856598030
953190353
849943943
846271560
849943943
846271560
846271560
807293711
841506917
956052236
956052236
956052236
964710532
964710532
964710532
856598030
964710532
964710532
937329966
937329966
840131025
849943943
856598030
803091356
856598030
817977099
895508620
956052236
817977099
895508620
895508620
868627893
802374477
909283740
856598030
895508620
817977099
818239408
818239408
908868781
908868781
818239408
908868781
802374477
940397952
807170519
975134231
956795720
956795720
956795720
956795720
956795720
802374477
956795720
856598030
956795720
956795720
956795720
956795720
807170519
956795720
956795720
956795720
956795720
940397952
880027114
880027114
823698920
880027114
880027114
880027114
880027114
849102118
880027114
956795720
845244377
843402059
940397952
923055075
849102118
994880919
845244377
908868781
845244377
845244377
880027114
845244377
845244377
845244377
823698920
845244377
899118714
843402059
843402059
845244377
845244377
823698920
823698920
803091356
823698920
849943943
845244377
803091356
802374477
845244377
802374477
845244377
802374477
818239408
845244377
845244377
823698920
818239408
991700870
991700870
823698920
992553500
823698920
991700870
802374477
802374477
905738409
991700870
803091356
823698920
818239408
991700870
802374477
905738409
840958795
840958795
997894093
845429003
845429003
845429003
802374477
845429003
803091356
845429003
805529223
840958795
845429003
818415077
818415077
919442859
919442859
919442859
818415077
919442859
803091356
818415077
919442859
818415077
919442859
802374477
803091356
956457426
956457426
802374477
803091356
803091356
956457426
956457426
956457426
960520201
956457426
960520201
960520201
960520201
960520201
818415077
960520201
960520201
960520201
804203126
818415077
804203126
960520201
960520201
818415077
805144832
804203126
801144969
919442859
802634272
805144832
802374477
801261998
805144832
805144832
885435291
801794913
801144969
792685478
801794913
801261998
801261998
801261998
792685478
801261998
799382563
799382563
791558497
792282621
801261998
801144969
979478445
946179828
946179828
946179828
903415746
946179828
903415746
946179828
903415746
903415746
903415746
903415746
903415746
903415746
946179828
903415746
790513489
799382563
792282621
790513489
790513489
790513489
946179828
788607497
792282621
799382563
799382563
788607497
792282621
792282621
792685478
946179828
946179828
792685478
977419329
977419329
791558497
792685478
788352419
756309798
790513489
801794913
916489868
916489868
792685478
863259660
920920897
920920897
920920897
920920897
788352419
824510745
863259660
824510745
869671883
869671883
936447805
935666136
935666136
935666136
951794024
936447805
935666136
935666136
936447805
935666136
935666136
931237930
931237930
791558497
931237930
931237930
931237930
931237930
790513489
931237930
931237930
863259660
824510745
792685478
824510745
867539663
799382563
899482736
899482736
899482736
899482736
899482736
899482736
899482736
957438162
957438162
957438162
957438162
791558497
788215660
849563907
957438162
849563907
788352419
792685478
799382563
790513489
957438162
788352419
899482736
788215660
792282621
899482736
788215660
792282621
782330711
792282621
792282621
792282621
892179338
892179338
892179338
892179338
863259660
782180918
788215660
792282621
892179338
863259660
792282621
863259660
792685478
782330711
788215660
792685478
792685478
790513489
994579679
833889580
833889580
788215660
779438045
788215660
833889580
782330711
782330711
790513489
790513489
782330711
782330711
790513489
993339963
823741213
779438045
994579679
823741213
993339963
993339963
943942915
993339963
993339963
991250789
991250789
991250789
991250789
991250789
779438045
993339963
993339963
833889580
993339963
775580053
946554964
961555021
946554964
946554964
993339963
961555021
961555021
961555021
993339963
943942915
946554964
993339963
937734695
993339963
946554964
937734695
946554964
780300229
993339963
993339963
937734695
937734695
780300229
937734695
823741213
779438045
937734695
937734695
780300229
780300229
782180918
780300229
937734695
780300229
953116365
953116365
953116365
811551067
823741213
760676759
953116365
823741213
953116365
780300229
937734695
937734695
780300229
782180918
945173808
945173808
945173808
945173808
945173808
945173808
936799883
936799883
833889580
937734695
833889580
782180918
779001936
779001936
779438045
779438045
779001936
902304177
902304177
902304177
902304177
780300229
937734695
860916934
775580053
779001936
779001936
860916934
788352419
813974061
779001936
813974061
813974061
789536450
833889580
903315357
789536450
903315357
779001936
903315357
775580053
788352419
775580053
792282621
779001936
779001936
788352419
775580053
775580053
772044295
774545028
829068305
829068305
801794913
774545028
774545028
782180918
774545028
801794913
792282621
775580053
774545028
783223834
820925186
781356816
938783309
938783309
820925186
938783309
938783309
938783309
938783309
938783309
938783309
820925186
792282621
781008034
779361861
857756664
783223834
824125321
984832435
824125321
857756664
824125321
984832435
824125321
824125321
890658868
984832435
774545028
984832435
984832435
772044295
960851410
960851410
984976292
772044295
984976292
984976292
984976292
935865614
984976292
771242542
772044295
984976292
953055077
953055077
953055077
953055077
953055077
905214076
812008181
812008181
905214076
773286145
774545028
872567220
758414277
757672941
770402254
857756664
769624752
759786619
997425274
857756664
997425274
857756664
997425274
997425274
997425274
997425274
997425274
997425274
997425274
997425274
757672941
969779861
969779861
906759941
906759941
797121911
797121911
797121911
972130382
769624752
982674418
862366968
972130382
862366968
972130382
862366968
972130382
972130382
972130382
972130382
862366968
862366968
797121911
984417191
984417191
797121911
758289572
807100422
807100422
807100422
807100422
758414277
807100422
807100422
807100422
807100422
758602088
807100422
788352419
783223834
792282621
783223834
771199437
959095287
766882662
782180918
774545028
771242542
774545028
769624752
888830655
788352419
771199437
774545028
771242542
769624752
865506221
883311934
865506221
865506221
865506221
771242542
788352419
788352419
771242542
883311934
883577158
795542897
761016118
795542897
936410590
936410590
883311934
809832776
809832776
775580053
775580053
771199437
766882662
773286145
769887465
757672941
832856059
769887465
773286145
775580053
908736177
769624752
766983439
766983439
772044295
908736177
771242542
758878306
766983439
772044295
772044295
766983439
769624752
766983439
771336021
771199437
769887465
775580053
757672941
757672941
915761852
769887465
915761852
771199437
809832776
773286145
761097270
769477142
768315819
775580053
757672941
793672917
769887465
757372311
759438724
775580053
784276574
769624752
769887465
803223990
803223990
766983439
757372311
803223990
803223990
766882662
929710074
835927729
835927729
835927729
835927729
835927729
835927729
835927729
783247576
835927729
967078586
966929569
835927729
788015271
922591279
788015271
922591279
912556978
788015271
788015271
788015271
788015271
788015271
788015271
957508780
957508780
957508780
957508780
957508780
957508780
957508780
957508780
957508780
957508780
886858863
784276574
957508780
957508780
957508780
902391552
886858863
816130113
816130113
902391552
816130113
835927729
991670316
991670316
788015271
890453029
890453029
788015271
890453029
890453029
890453029
788015271
890453029
890453029
890453029
890453029
816130113
810644689
994880919
810644689
810644689
816130113
835927729
783247576
810644689
859784940
859784940
810644689
859784940
859784940
859784940
859784940
788015271
835927729
859784940
859784940
788015271
766983439
881752126
881752126
766882662
942709884
884367747
884367747
983868920
884367747
783247576
765872852
983868920
756439609
774545028
770943536
875270141
875270141
875270141
787457648
884367747
769887465
761097270
783247576
773286145
943348879
755122258
983868920
769624752
765872852
943348879
765872852
943348879
766983439
766983439
765872852
761097270
861421190
943348879
765872852
769153808
765606578
942709884
766882662
769887465
929406670
793672917
766983439
929406670
848247445
848247445
848247445
797004073
848247445
848247445
797004073
797004073
797004073
797004073
797004073
797004073
788706612
769624752
766882662
939095669
939095669
939095669
827470392
792598233
827470392
856908111
937055836
757672941
792598233
757228694
783564851
855848483
855848483
758289572
765606578
827470392
755982452
765606578
757372311
765606578
756309798
888842529
888842529
888842529
888842529
888842529
888842529
888842529
888842529
868826163
868826163
888842529
888842529
888842529
868826163
868826163
970802418
970802418
868826163
788806586
868826163
788806586
788806586
788806586
868826163
757372311
773854202
761016118
784934069
757672941
784934069
757372311
784934069
968068681
968068681
758414277
757228694
968068681
775327496
775327496
765143539
757228694
775327496
775327496
760062769
757482656
790235243
784934069
775327496
796791503
796791503
968068681
796791503
903770074
903770074
796791503
775327496
796791503
903770074
903770074
786435941
796791503
796791503
811046459
811046459
835927729
811046459
974342169
835927729
974342169
796791503
796791503
786435941
796791503
796791503
786435941
786435941
773854202
786435941
796791503
805521289
786435941
785821035
785821035
785821035
909814775
785821035
909814775
776627375
773854202
773854202
771168409
841195158
771168409
771168409
765606578
782186161
766983439
852262455
757372311
757372311
934887696
934887696
934887696
850097696
850097696
934887696
934887696
766882662
775422727
758062881
775422727
775422727
759511008
926176165
775422727
775422727
775422727
852262455
810132893
766983439
766983439
841195158
810132893
810132893
883388229
883388229
805118799
805118799
810132893
810132893
841195158
810132893
805118799
805118799
852262455
834878474
766882662
861945830
906663591
861945830
861945830
861945830
861945830
861945830
861945830
852262455
859246166
859246166
861945830
859246166
790279101
861945830
859246166
859246166
859246166
858528119
982262388
775920493
982262388
841195158
967667863
967667863
810132893
812333740
967667863
967667863
967667863
841195158
790279101
967667863
757228694
812333740
757228694
803496309
812333740
841195158
803496309
951612344
757689020
849389986
951612344
812333740
812333740
812333740
812333740
755982452
812333740
812333740
775422727
775422727
828928121
775422727
908619225
908619225
758878306
757672941
790279101
951996552
951996552
799171305
799171305
814298657
799171305
765872852
799171305
799171305
765872852
895968934
895968934
841195158
932055945
932055945
932055945
932055945
855986632
855986632
799171305
975443412
759438724
799171305
799171305
975443412
975443412
799171305
779320396
779320396
779320396
906976658
975443412
779320396
757372311
810132893
779320396
779320396
756439609
867019175
867019175
867019175
906976658
799868796
867019175
755982452
755982452
906976658
805334236
867019175
805334236
977907675
977907675
977907675
805334236
805334236
805334236
805334236
977907675
977907675
799868796
795549762
799868796
795549762
906976658
809187248
809187248
809187248
824335926
824335926
906976658
799868796
906976658
799868796
795549762
799868796
835927729
799868796
794234584
794234584
799868796
835927729
799868796
809187248
799868796
795549762
799868796
810132893
794234584
795549762
794234584
799868796
809187248
755130213
824335926
794234584
758062881
755130213
795549762
810132893
794234584
779320396
779320396
795549762
779320396
795549762
757372311
795549762
795549762
762460026
813073736
762460026
795549762
779320396
779320396
805521289
824335926
827470392
796791503
835927729
765606578
763661248
765872852
757372311
795549762
899982131
940405824
899982131
899982131
899982131
765872852
757372311
757372311
899982131
899982131
795549762
757372311
899982131
899982131
899982131
755982452
795549762
899982131
899982131
755130213
793672917
773348433
763190763
763190763
796791503
899124047
763190763
790279101
979021888
759438724
873169911
919405149
919405149
919405149
758414277
919405149
919405149
899124047
801546153
763190763
763190763
799228186
880608822
763190763
755982452
880608822
953122030
755130213
894057642
757372311
758602088
755130213
880608822
880608822
786189012
786189012
786189012
786189012
849741165
849741165
880608822
849741165
799228186
849741165
928464098
928464098
928464098
849741165
908628066
854461236
854461236
849741165
758265139
786189012
849741165
849741165
880608822
786189012
993162769
936226322
936226322
936226322
835814487
829591238
904497227
835814487
786189012
880608822
843403440
873169911
967342884
967342884
873169911
843403440
873169911
873169911
757228694
911244968
911244968
868488486
868488486
868488486
837174714
868488486
868488486
873169911
868488486
942886571
837174714
873169911
873169911
837174714
868488486
837174714
868488486
837174714
868488486
837174714
837174714
873169911
873169911
873169911
827470392
827470392
873169911
837174714
755982452
883177059
883177059
837174714
759254472
837174714
837174714
837174714
812416433
793647785
812416433
963330090
963330090
755982452
963330090
812416433
757372311
812416433
858483845
858483845
858483845
829591238
763246613
757672941
758796550
799228186
775500600
760676759
793647785
775500600
775500600
793647785
810779753
810779753
984639480
810779753
775500600
984639480
984639480
984639480
984639480
984639480
984639480
997875548
984639480
984639480
997875548
775500600
758677129
997875548
966736446
966736446
775500600
775500600
844800314
997875548
844800314
997875548
844800314
998734584
998734584
998734584
998734584
998005938
801482081
998734584
998734584
757689020
998734584
775500600
998734584
998734584
775500600
998734584
850674172
850674172
850674172
760676759
844800314
871471884
998734584
871471884
871471884
915821370
915821370
915821370
915821370
871471884
989599475
871471884
850674172
850674172
850674172
846481721
846481721
774744715
846481721
812142051
846481721
844800314
844800314
774744715
846481721
774744715
765941417
774744715
770518389
760676759
951715764
951715764
786189012
775500600
765941417
844846055
844846055
775500600
757749491
844846055
812602194
812602194
989599475
812602194
812602194
774744715
757749491
774744715
756759906
765941417
786189012
844846055
786189012
967553864
967553864
757372311
823473184
812602194
757749491
823473184
844846055
812602194
812602194
775500600
757749491
757749491
757144814
812602194
756759906
757672941
756759906
757749491
758623692
756759906
863460770
863460770
863460770
826041028
826041028
863460770
863460770
863460770
826041028
863460770
756759906
826041028
826041028
757372311
756902678
826041028
757144814
757672941
757372311
874791762
874791762
785730431
844846055
810394878
757372311
758408019
761807428
757144814
990079265
990079265
757144814
807628810
874419187
874419187
755982452
761807428
807628810
763591907
807628810
807628810
757372311
977169901
977169901
977169901
977169901
796076983
794196197
794196197
977169901
918829798
756759906
757144814
756759906
757372311
754672934
761807428
761807428
813070479
813070479
813070479
813070479
813070479
757144814
757372311
807628810
757144814
989437778
757749491
756759906
902777681
977289722
983060719
977289722
983060719
756759906
977289722
983060719
958816196
756759906
906855105
906855105
983060719
756759906
958816196
906855105
906855105
958816196
951929997
951929997
906855105
951929997
906855105
906855105
890674425
951929997
951929997
906855105
758289572
906855105
756759906
890674425
941788931
906855105
941788931
941788931
941788931
941788931
906855105
961810790
826432994
826432994
826432994
826432994
890674425
906855105
826432994
826432994
826432994
817442944
817442944
930576733
817442944
817442944
817442944
817442944
755982452
930576733
824277193
824277193
824277193
824277193
824277193
824277193
824277193
890674425
824277193
780632987
890674425
890674425
897197145
897197145
897197145
777161159
988564265
988564265
890674425
988564265
780632987
988564265
881949436
756759906
881949436
817442944
777161159
756759906
756759906
760029474
840594856
817442944
840594856
840594856
840594856
780632987
757749491
817442944
756759906
890674425
793647785
756759906
817442944
756759906
756759906
997630134
756759906
760445367
756759906
958742117
890674425
757228694
890674425
817442944
756759906
890674425
890674425
756759906
817442944
817442944
756759906
756759906
756759906
933176525
817442944
756759906
755987434
756301677
759323950
757422701
756185783
758265139
757372311
758265139
757749491
756185783
757228694
757749491
756371821
754414542
755987434
793647785
754417393
945176709
755987434
793647785
793647785
855065279
855065279
928018834
855065279
776627375
755987434
816253064
810132893
755982452
816253064
776627375
922254155
940666906
922254155
856458503
890674425
856458503
756371821
786202436
856458503
786202436
786202436
755578418
890674425
817442944
776627375
776627375
781470696
781470696
757228694
781470696
767634856
781470696
754414542
890674425
756301677
756255534
758602088
755847351
890674425
757749491
761016118
754672934
755578418
951866277
755578418
754672934
755578418
757372311
767634856
758265139
757372311
940717407
759323950
756854121
759653681
817442944
755132652
758016797
759254472
755578418
757372311
759653681
757372311
755922433
909919659
754672934
757482656
755130213
751968089
755723641
866877418
754672934
866877418
866877418
866877418
866877418
866877418
866877418
755922433
773348433
758724888
756434437
767634856
752953341
757749491
766882662
769153808
756118814
763591907
902589606
753050715
902589606
753249041
754672934
909919659
755922433
754414542
751862413
753156305
755439904
812716610
755735097
758623692
758414277
812716610
793444526
922632470
756459459
817442944
767902470
751778885
812716610
758414277
952376791
952376791
957316951
957316951
957316951
952376791
957316951
952376791
952376791
952376791
952376791
855065409
855065409
855065409
952376791
952376791
855065409
855065409
952376791
952376791
855065409
952376791
952376791
857716004
857716004
857716004
857716004
855065409
825907506
857716004
855065409
855065409
857716004
857716004
855065409
997433864
857716004
857716004
857716004
855065409
752529510
817442944
757728062
759764808
923754138
817918537
817918537
817918537
817918537
817918537
817918537
817918537
817918537
817918537
817918537
887311656
778547522
778547522
778547522
778547522
778547522
777416779
778547522
778547522
777416779
990252298
799414808
990252298
810132893
751968089
756434437
778547522
757422701
925844281
754414542
756949365
753249041
754942835
847656643
821579119
904302230
904302230
904302230
992763851
904302230
821579119
904302230
847656643
821579119
847656643
904302230
904302230
898342035
898342035
904302230
904302230
904302230
904302230
794188100
904302230
828221504
847656643
794188100
993267587
794188100
993267587
794188100
972189222
972189222
972189222
972189222
972189222
972189222
754082529
972189222
972189222
972189222
972189222
897600034
972189222
972189222
972189222
972189222
897600034
897600034
897600034
904302230
888046460
897600034
888046460
904302230
874539028
796872566
860622974
868850377
874539028
817442944
860622974
860622974
821579119
796872566
760445367
824708659
817918537
796872566
784152219
775426697
916654529
862592165
862592165
862592165
756583590
775426697
862592165
757422701
947038931
916654529
862592165
756038354
933913569
933913569
759176885
933913569
804289449
928555343
916654529
928555343
928555343
754414542
804289449
804289449
804289449
775426697
804289449
916654529
928555343
860625374
916654529
804289449
928555343
928555343
884300014
884300014
777362937
836989170
773728628
884300014
959202627
773728628
775426697
928555343
928555343
775426697
777362937
757422701
756949365
756038354
775426697
766659704
756038354
775426697
851210902
804289449
916654529
773728628
766659704
766659704
836989170
766659704
752562410
755656945
773728628
766659704
766659704
916654529
758016797
757484231
757228694
766659704
756038354
804289449
815683955
755656945
962502468
757100719
905081746
888412158
983999932
905081746
888412158
756038354
815683955
888412158
756038354
756038354
860625374
753247366
753247366
804289449
888412158
888412158
759254472
757695371
755656945
766659704
758796550
756949365
766659704
888412158
804289449
757100719
752443860
755723641
868381800
763103460
757672941
763103460
889783097
953835619
766659704
766659704
763103460
815683955
804289449
752049004
804289449
763103460
958226751
756949365
815683955
836989170
918332778
756353077
763103460
755656945
757749491
756038354
755656945
752109097
756038354
756371821
756038354
759653681
756038354
756949365
753247366
763103460
800345650
882267064
800345650
946443029
800345650
759176885
756949365
759438724
756949365
836989170
757215544
833298701
882267064
833298701
763103460
833298701
757372311
882267064
753247366
753249041
753247366
753246136
962554330
962554330
778192903
778192903
833298701
882267064
778192903
849900824
751917227
778192903
833298701
778192903
753247366
753249041
753556972
755656945
888293166
888293166
888293166
888293166
888293166
888293166
830232535
830232535
830232535
830232535
753027991
778192903
829970014
829970014
829970014
829970014
829970014
829970014
783110802
918663308
836439111
918663308
836439111
918663308
753228246
756439609
958007888
958007888
753549162
751778885
958007888
958007888
754082529
833298701
786579665
958007888
902722539
817206802
817206802
833298701
817206802
912479637
796085384
912479637
912479637
912479637
912479637
912479637
912479637
912479637
762918746
833298701
796085384
933321640
933321640
933321640
933321640
870735003
933321640
933321640
796085384
891063543
971985252
796085384
971985252
796085384
796085384
796085384
796085384
852256574
852256574
796085384
852256574
832264680
796085384
796085384
832264680
832264680
914656585
832264680
832264680
832264680
832264680
796085384
752109097
796085384
786579665
796085384
796085384
786579665
815683955
786579665
788143179
796085384
786579665
788143179
992108810
992108810
992108810
992108810
992108810
804289449
786579665
804289449
796934398
786579665
917271998
804289449
794104700
814897070
814897070
814897070
814897070
796934398
814897070
805659347
814897070
886254671
976987160
805659347
794104700
805659347
805659347
814897070
814897070
814897070
794104700
985890763
786579665
805659347
794104700
794104700
788143179
786579665
784211774
794104700
855575416
855575416
855575416
855575416
855575416
855575416
855575416
784276574
784211774
794104700
855575416
855575416
786579665
786579665
892218385
784211774
892218385
892218385
892218385
784211774
770006184
784211774
891103208
784211774
855575416
776697442
980296304
980296304
980296304
980296304
936340596
980296304
980296304
925142137
855575416
925142137
784211774
794104700
762918746
955025409
955025409
784211774
963330720
963330720
963330720
963330720
963330720
955025409
963330720
776697442
951936341
963330720
955025409
963330720
951936341
963330720
951936341
763129606
934821779
951936341
912925690
970680119
934821779
934821779
934821779
804289449
912925690
912925690
912925690
786122100
786122100
922788209
763129606
922788209
922788209
898448601
898448601
912925690
928003165
941271602
898448601
898448601
778070205
814697384
786122100
785716660
856975225
784211774
762918746
763129606
856975225
850545707
850545707
856975225
794104700
850545707
794104700
850545707
790579852
790579852
790579852
815683955
834103578
776697442
834103578
834103578
834103578
776697442
784211774
790579852
790579852
784211774
770006184
784211774
763129606
863787264
863787264
762918746
863787264
762918746
863787264
762918746
851655186
756839070
762918746
776697442
762918746
763129606
776697442
800865059
800865059
851655186
800865059
800865059
776697442
772825986
815683955
851655186
851655186
936709907
919762936
763129606
772825986
919762936
757100719
851655186
977420014
757749491
756436584
769477142
759176885
755069086
919762936
919762936
902304213
902304213
919762936
902304213
902304213
902304213
919762936
902304213
902304213
902304213
990682613
990682613
902304213
990682613
990682613
990682613
990682613
990682613
990682613
990682613
990682613
833639751
833639751
801085665
833639751
801085665
801085665
779230191
784276574
779230191
784211774
801085665
941171843
779230191
801085665
932841289
932841289
957125931
832932490
957125931
932841289
932841289
932841289
932841289
832932490
832932490
832932490
832932490
832932490
832932490
863317955
863317955
863317955
832932490
863317955
863317955
832932490
871853896
871853896
863317955
776551963
863317955
863317955
881357473
881357473
804289449
767184506
832932490
832932490
801085665
783562138
832932490
767184506
804289449
754082529
801085665
905683092
801085665
801085665
905683092
960187720
960187720
960187720
772825986
960187720
779230191
905683092
905683092
779230191
779230191
779230191
772825986
783562138
779230191
783562138
779230191
773105355
770006184
920459869
891659795
891659795
934325546
934325546
934325546
934325546
934325546
920459869
783562138
930363126
891659795
804289449
891659795
891659795
776551963
776551963
936056724
936056724
936056724
936056724
859257611
936056724
936056724
891659795
936056724
776551963
984242338
859257611
984242338
984242338
984242338
767184506
773105355
984242338
894993474
984242338
938935917
894993474
894993474
894993474
894993474
894993474
780881737
796005707
796005707
773546022
875395853
875395853
773546022
928887525
802381077
773546022
802381077
804289449
802381077
802381077
800144093
800144093
922757774
802381077
922757774
773546022
802381077
971512037
971512037
844012138
971512037
844012138
805738922
805738922
844012138
802456123
805738922
923410195
923410195
802456123
915226357
802456123
802456123
802456123
902432535
802456123
802456123
971512037
805738922
802456123
800144093
805738922
763129606
767184506
805738922
805738922
971512037
971512037
773546022
937641326
902432535
937641326
773105355
937641326
937641326
834560578
834560578
971512037
967212442
967212442
967212442
967212442
967212442
967212442
967212442
967212442
967212442
967212442
834560578
967212442
834560578
834560578
890250483
890250483
834560578
924606190
854925040
890250483
937641326
890250483
834560578
854925040
805738922
834560578
854925040
834560578
842879362
842879362
924606190
854925040
834560578
834560578
834560578
834560578
834560578
854925040
900743518
929071362
929071362
900743518
854925040
924606190
900743518
929071362
854925040
830504893
805738922
924606190
805738922
805738922
834560578
805738922
929071362
929071362
830504893
789596439
800144093
784428608
830504893
791220126
789596439
861631694
924606190
830504893
924606190
937641326
791220126
805738922
805738922
937641326
900743518
789596439
773546022
918966570
789596439
789596439
918966570
784428608
789596439
827535071
827535071
830504893
910471819
910471819
937641326
910471819
877543169
937641326
910471819
910471819
877543169
910471819
877543169
877543169
854925040
937641326
877543169
910471819
773105355
877543169
827535071
970162012
970162012
970162012
970162012
789596439
925244381
854925040
925252383
773546022
925252383
830504893
784428608
854925040
770006184
830504893
770006184
910471819
762918746
929071362
756839070
756839070
772825986
767184506
929071362
839935891
772825986
763592626
764294779
756839070
764294779
910471819
770006184
905098706
910471819
905098706
804262183
920677839
920677839
920677839
920677839
804262183
920677839
804262183
804262183
804262183
804262183
804262183
804262183
804262183
920677839
804262183
804262183
940535930
940535930
940535930
940535930
940535930
804262183
779714126
920677839
804262183
920677839
920677839
905098706
920677839
920677839
756839070
764294779
905098706
763592626
779714126
804262183
752109097
752389669
804262183
752053674
804262183
804262183
751862413
779714126
804262183
779714126
920677839
753100053
875848677
875848677
920677839
875848677
924217529
804262183
756839070
770006184
924217529
877333881
875848677
924217529
852847592
875848677
910471819
999450645
875848677
877333881
877333881
877333881
920677839
877333881
877333881
877333881
877333881
875848677
897928368
877333881
912229770
924606190
910471819
877333881
966015151
910906284
875848677
966015151
820475434
924606190
788629588
770006184
852847592
897928368
897928368
883838170
883838170
910471819
820475434
877333881
877333881
905098706
852847592
875848677
792599937
875848677
792599937
804262183
875848677
875848677
875848677
953382971
820475434
875848677
830491229
875848677
882450029
820475434
816165557
910471819
792599937
805738922
944938453
820475434
882450029
896997426
996816788
996816788
996816788
877333881
792599937
896997426
820475434
928285542
792599937
928285542
996885710
996885710
928285542
928285542
896997426
928285542
928285542
820475434
840669556
840669556
820475434
859197543
859197543
840669556
859197543
840669556
840669556
924606190
877333881
840669556
840669556
840669556
820475434
816165557
813781601
813781601
877333881
816165557
800807291
877333881
813781601
788629588
813781601
788629588
910756261
939285056
967327854
967327854
939285056
967327854
967327854
770006184
752091826
967327854
967327854
932099291
910756261
973637907
973637907
877333881
959270561
959270561
959270561
932099291
752091826
959270561
910756261
959270561
829508476
793743903
829508476
770006184
900743518
762918746
875848677
816165557
969431789
754473089
969431789
770006184
770006184
816872599
792163141
792163141
752633027
959270561
813781601
957836904
792599937
792599937
961191810
959270561
961191810
816165557
788629588
858723766
816872599
816872599
858723766
858723766
858723766
858723766
858723766
805738922
796549850
858723766
858723766
770006184
816165557
816872599
816165557
815734434
815734434
816165557
966297657
947328973
816872599
947328973
947328973
813463664
830504893
816165557
788629588
800807291
875848677
788629588
815734434
821653559
788629588
813463664
813463664
813463664
813463664
815734434
788629588
813463664
813463664
752091826
788629588
804262183
762918746
762918746
816165557
875848677
816165557
800807291
813463664
816165557
803290556
940409947
792163141
788629588
767456563
767456563
816165557
792599937
930637738
770006184
816165557
816165557
803290556
764563353
816165557
751917227
815734434
767456563
815734434
767456563
804262183
767456563
815734434
767456563
767456563
875848677
924606190
957640656
971470443
958897599
988376522
958897599
971470443
971470443
957640656
957640656
943023265
943023265
971470443
957640656
971470443
866534222
971470443
971470443
957640656
957640656
957640656
971470443
800807291
997095395
913017172
997095395
997095395
866534222
908282189
908282189
908282189
866534222
899710751
892375062
899710751
866534222
899710751
892375062
892375062
792163141
821124508
815734434
902785545
813463664
767456563
786991104
786991104
821124508
792163141
792163141
792163141
767456563
767456563
902785545
987860543
764563353
764563353
831888678
831888678
792163141
953687304
831888678
858799830
892375062
858799830
845415941
757029387
990733953
990733953
990733953
990733953
990733953
831888678
990733953
864441012
951196645
951196645
892375062
892375062
858799830
864441012
864441012
864441012
867374275
867374275
864441012
892375062
831888678
864441012
892375062
864441012
831888678
845415941
892375062
892375062
990605064
907566530
907566530
845829822
845829822
864441012
831888678
831888678
786991104
792163141
785152463
821124508
821124508
942628707
785152463
942628707
792163141
764563353
942628707
942628707
942628707
942628707
764563353
942628707
786991104
942628707
821124508
942628707
942628707
764294779
794126714
757029387
892375062
776551963
785152463
785152463
821124508
794126714
821124508
927423834
794126714
757422701
757029387
794126714
757029387
928067610
928067610
928067610
759176885
911100093
753249041
928473832
928473832
928473832
928473832
886991558
911100093
794126714
911100093
911100093
761989499
911100093
757029387
776551963
940053812
906391290
906391290
865427081
906391290
821124508
759254472
786991104
764563353
762918746
761989499
761989499
821124508
761989499
762918746
821124508
899442837
996564709
996564709
996564709
996564709
996564709
980295734
980295734
980295734
851666392
851666392
767184506
980295734
915058247
915058247
915058247
915058247
915058247
915058247
915058247
904557458
904557458
904557458
899442837
757029387
851666392
851666392
767184506
851666392
851666392
777614549
851666392
851666392
801390599
851666392
851666392
851666392
801390599
801390599
851666392
801390599
855869423
951260448
837766727
851666392
801390599
837766727
821124508
798901525
777614549
821124508
851666392
801390599
757029387
801390599
757215544
798901525
754159392
804289449
759638108
760394691
798901525
755656945
801548024
759638108
804289449
761989499
753218645
994739306
994739306
994739306
855187772
994739306
994739306
861967514
855187772
784694094
861967514
784694094
861967514
784694094
994064419
983131357
983131357
798901525
983131357
983131357
762918746
784694094
784694094
784694094
753353637
887570518
887570518
887570518
887570518
892375062
887570518
776171426
887570518
887570518
776171426
812222271
906532160
812222271
987672531
776171426
798901525
987672531
776171426
773107832
987672531
987672531
987672531
776171426
776171426
760772357
798901525
798901525
773107832
773107832
800807291
798901525
839601919
773107832
885926199
776171426
892375062
773107832
773107832
773107832
983131357
773107832
773107832
888759155
890865446
773107832
773107832
810655002
888759155
888759155
773107832
810655002
888759155
890865446
773107832
890865446
773107832
753246136
890865446
755656945
810655002
810655002
810655002
888759155
888759155
773107832
759638108
860114826
860114826
775176684
775176684
810655002
810655002
773107832
773107832
773107832
752091826
892375062
753740512
810655002
753667674
803290556
810655002
754691065
842241841
842241841
842241841
754164120
798901525
828463796
828463796
773107832
762918746
759638108
828463796
761989499
967921194
828463796
828463796
828463796
934653266
927428410
934653266
927428410
927428410
806515247
927428410
767184506
806515247
803290556
806515247
762918746
757029387
806515247
803290556
753667674
892375062
753667674
762918746
772561260
859666522
879661019
879661019
971865743
772561260
859666522
762918746
960982086
960982086
859666522
850470174
762918746
850470174
773107832
850470174
960982086
850470174
850470174
850470174
757029387
859666522
859666522
757029387
859666522
773107832
859666522
798901525
772561260
850470174
751720784
850470174
759638108
850470174
757029387
803290556
773107832
994449881
994449881
994449881
771968454
771968454
806771427
771968454
759638108
771968454
806771427
771968454
856321686
936085699
936085699
856321686
856321686
936085699
936085699
936085699
936085699
994449881
936085699
936085699
806771427
856321686
798901525
771968454
771968454
856321686
771968454
960914369
960914369
960914369
960914369
960914369
771968454
798901525
757029387
798901525
753100053
752004871
960914369
754164120
757029387
771696965
772561260
769998925
758602088
770006184
769998925
769998925
754082529
781356816
757624723
767634856
756436584
754561997
758289572
757372311
772825986
754082529
767184506
784276574
751917227
765143539
772885094
753667674
991437036
760394691
991437036
991437036
962618125
962618125
867274797
772825986
757372311
751778885
767184506
756301677
756353077
753667674
758796550
751968089
867274797
783770462
876513282
843000183
876513282
876513282
876513282
876513282
843000183
876513282
876513282
843000183
843000183
785986375
785986375
752562410
976973799
756245059
783770462
828213707
759323950
754650765
783770462
828213707
753667674
755669882
760772357
785986375
753667674
751968089
757422701
755698105
753667674
756287459
755698105
976973799
757169696
755854635
867274797
877616649
894452002
753667674
877616649
754650765
757074344
876062626
894452002
894452002
817865925
876062626
894452002
767184506
757372311
757074344
772825986
753050715
751778885
752135261
757074344
752004871
783564851
983057019
983057019
983057019
983057019
983057019
983057019
966566205
953828870
966566205
776371149
776371149
894452002
776371149
953828870
941237918
840318595
840318595
840318595
760445367
776371149
762119194
757074344
795764990
894452002
795764990
778899658
930721098
778899658
778899658
894452002
778899658
751720784
751778885
767184506
757029387
877616649
759511008
756434437
815627120
807810405
758878306
756353077
754350455
752194019
770006184
760062769
770006184
770006184
913326109
913326109
755439904
913326109
913326109
762918746
982586908
982586908
754082529
754350455
808408796
972842079
755439904
972842079
877616649
972842079
757624723
877616649
751917227
751862413
992503227
992503227
992503227
835821754
992503227
992503227
877616649
972842079
868366819
756287459
756436584
759653681
835821754
752091826
868366819
868366819
755669882
835821754
972842079
757029387
820994873
755656945
756839070
876196984
876196984
876196984
806660663
754473089
971720161
867274797
806660663
806660663
757484231
894856806
806660663
972842079
894856806
894856806
764585566
894856806
764585566
894856806
752194019
764585566
862365864
752194019
972842079
784100626
972842079
784100626
866129938
866129938
866129938
866129938
876196984
866129938
866129938
866129938
972842079
761141630
866129938
894856806
784100626
894856806
816069317
784100626
894856806
866129938
866129938
876196984
816069317
876196984
811241614
811241614
811241614
877306767
877306767
877306767
877306767
877306767
877306767
877306767
811241614
877306767
876196984
816456567
811241614
811241614
782450848
828213707
782450848
762918746
828213707
767386102
761141630
946095935
764585566
767386102
767902470
764585566
762918746
862365864
761141630
954608487
954608487
767902470
761141630
761141630
761141630
954608487
761141630
952607363
906053895
948010169
948010169
948010169
761141630
751917227
758062881
828213707
761141630
761141630
881020512
881020512
759511008
828703991
756565707
828703991
761141630
754022587
754022587
768315819
752953341
761141630
762918746
817898213
759323950
761793931
817898213
757100719
817898213
755132652
754672934
828213707
756309798
755656945
751720784
754561997
754022587
753952481
756119395
753952481
759511008
801198984
928411493
811550621
811550621
811550621
828213707
811550621
811550621
811550621
753952481
801198984
801198984
770006184
784211774
801198984
801198984
801198984
756371821
801198984
801198984
801198984
801198984
796964264
796964264
828213707
756287459
796964264
800863547
824511179
800863547
824511179
800863547
800863547
800863547
800863547
801198984
800863547
800863547
800863547
773348433
754672934
868905423
921704483
796964264
755847351
797970735
797970735
796964264
877242910
801198984
797970735
781804647
797591513
754672934
797591513
885749535
797591513
754022587
797970735
843449983
801198984
843449983
828213707
843449983
843449983
753952481
763103460
843449983
801198984
751917227
755540022
843449983
797591513
788668522
754022587
754672934
857427971
857427971
857427971
934504613
857427971
857427971
857427971
857427971
857427971
857427971
854023902
854023902
854023902
754022587
797455550
854023902
854023902
854023902
854023902
854023902
754022587
756759906
797455550
754022587
756309798
797970735
854023902
797455550
823282792
856587328
856587328
856587328
797591513
754022587
797970735
755922433
755723641
760101582
943795989
751720784
797970735
774274137
823282792
797591513
774004814
774004814
823282792
755847351
753952481
823282792
797591513
755698105
788668522
760101582
788668522
753952481
760101582
756255534
788363182
788363182
753952481
767184506
788363182
788363182
757484231
759511008
788363182
846489316
846489316
895891067
895891067
895891067
846489316
895891067
895891067
846489316
830636410
894537226
894537226
894537226
846489316
894537226
894537226
818878540
830636410
818878540
818878540
830636410
894537226
894537226
767184506
830636410
767184506
894537226
830636410
767184506
854023902
775192326
757422701
755922433
788363182
775192326
778245248
775192326
775192326
755922433
758796550
788363182
761278994
757035752
753952481
753952481
755656945
769153808
760101582
776446896
776446896
776446896
788363182
815560310
815560310
776446896
815560310
788363182
815560310
754022587
757672941
756119395
776446896
753952481
755066744
756565707
751720784
759511008
755656945
760445367
784211774
756854121
753952481
757422701
776446896
968711398
968711398
751719756
757500547
751720784
756245059
757035752
754414542
839611989
770924671
778245248
753952481
801721510
801721510
751720784
788363182
801721510
757228694
755847351
801721510
756245059
801721510
801721510
763649913
763649913
753952481
940129325
760394691
940129325
788363182
771388042
752953341
771388042
771388042
753952481
972448334
979985623
979985623
961833998
961833998
961833998
961833998
911901109
875714845
756119395
972448334
961833998
961833998
961833998
825594781
922201311
792767263
951530472
951530472
951530472
951530472
951530472
951530472
881883213
951530472
881883213
881883213
951530472
951530472
951530472
792767263
951530472
951530472
951530472
825594781
880939652
944197694
875714845
825594781
875714845
944197694
825594781
790579373
893798293
893798293
944197694
944197694
893798293
825594781
868711383
883005901
868711383
883005901
963686389
963686389
963686389
978547100
952864531
978547100
952864531
978547100
963686389
952864531
883005901
978547100
883005901
972520583
952864531
972520583
972520583
972520583
868711383
868711383
868711383
815355210
868711383
815355210
972520583
972520583
959344133
972520583
868711383
972520583
965576738
952864531
959344133
825594781
965576738
825594781
825594781
825594781
825594781
963686389
935504819
959344133
935504819
952864531
815355210
980246373
952864531
952864531
935504819
935504819
935504819
935504819
952864531
952864531
935504819
836901059
836901059
952864531
935504819
917205837
901876484
901876484
983675332
983675332
983675332
887767864
896024817
983675332
836901059
901876484
901876484
983675332
983675332
836901059
983675332
836901059
901876484
901876484
836901059
890974235
836901059
890974235
829909963
836901059
983675332
836901059
836901059
835024482
983675332
903195397
903195397
903195397
826021214
903195397
903195397
903195397
826021214
903195397
792767263
826021214
826021214
836901059
800756532
815355210
963192093
963192093
952864531
952864531
963192093
894723107
952864531
894723107
995496397
995496397
959988075
959988075
959988075
983479211
983479211
983479211
983479211
983479211
959988075
983479211
959988075
904417603
894723107
894723107
894723107
894723107
894723107
876167331
983479211
894723107
901876484
876167331
876167331
844853985
876167331
889147031
942888085
969768118
844853985
938293116
983479211
938293116
985941014
938293116
889147031
985941014
889147031
985941014
889147031
960772795
985941014
844853985
844853985
876092403
876092403
889147031
876092403
887767864
876092403
844853985
983479211
894723107
884188519
861882885
844853985
844853985
887767864
861882885
844853985
844853985
887767864
844853985
844853985
887767864
835024482
822220417
822220417
822220417
822220417
822220417
822220417
821402775
821402775
821402775
821402775
821402775
812210557
990719337
975853580
975853580
887767864
911948711
822220417
790579373
911948711
887767864
821402775
821402775
812210557
836901059
821402775
836901059
836901059
821402775
790579373
859780060
859780060
790579373
859780060
887767864
859780060
792767263
859780060
821402775
822220417
792767263
821402775
859780060
786386698
977832572
977832572
836901059
977832572
977832572
812210557
790579373
859780060
859780060
821402775
786386698
989276248
790579373
989276248
790579373
790579373
989276248
989276248
989276248
781141094
989276248
989276248
786386698
781141094
836901059
786386698
812210557
812210557
887767864
812210557
781141094
781141094
944200907
944200907
812210557
774390509
843526686
843526686
843526686
843526686
800756532
843526686
843526686
800756532
800756532
799045170
799045170
781141094
885761661
799045170
885761661
852142875
774390509
843526686
961125908
849757000
961125908
843526686
843526686
843526686
938876227
821197005
843526686
938876227
843526686
834241736
938876227
843526686
843526686
834241736
961125908
834241736
843526686
834241736
821197005
821197005
843526686
843526686
961125908
834241736
821197005
821197005
821197005
799045170
961125908
797945808
799045170
781141094
909331270
909331270
818749506
909331270
909331270
909331270
961125908
909331270
797945808
909331270
818749506
781141094
818749506
781141094
942826080
942826080
942826080
942826080
942826080
942826080
821197005
781141094
781141094
786386698
909331270
832246871
781141094
781141094
832246871
832246871
821197005
821197005
832246871
818749506
786386698
774390509
821197005
776427316
773226247
850238595
909331270
781141094
909331270
781141094
781141094
776427316
909604155
909604155
815420391
755463210
874907603
863855256
815420391
863526999
773226247
863855256
863526999
863526999
863526999
863855256
874907603
815420391
773226247
774390509
776427316
776427316
764108054
764108054
763103460
797945808
773226247
755907613
797945808
797945808
764108054
909331270
887767864
769136105
769136105
828276637
828276637
769136105
797945808
874907603
818749506
769136105
769136105
769136105
769136105
903623087
842087665
938285228
903839389
938285228
842087665
938285228
842087665
903623087
842087665
873482348
769136105
890140814
890140814
769136105
781804647
874907603
931617089
931617089
908423015
931617089
769136105
931617089
755463210
755463210
908423015
931617089
769136105
755463210
890045165
824728351
931617089
890045165
890045165
824728351
987432084
987432084
987432084
980434582
769136105
980434582
987432084
943465818
769136105
980434582
755463210
987432084
931617089
755463210
943465818
980434582
941506096
941506096
980434582
941506096
890731762
931617089
987432084
890731762
909539249
890731762
890731762
908423015
755463210
890731762
769136105
890045165
824728351
761219154
890045165
918711920
754035068
921719076
890045165
761219154
918711920
868308616
868308616
918711920
890731762
890731762
754035068
890731762
890731762
921719076
890731762
754400660
868308616
761219154
921719076
941506096
921719076
761219154
754400660
921719076
868308616
890045165
847676037
754035068
754808793
941506096
890731762
847676037
890045165
941506096
847676037
847676037
890731762
847676037
890731762
890731762
890045165
824728351
824728351
790138951
868354058
775754531
790138951
824728351
758411927
890731762
758411927
790138951
921460695
921460695
824728351
868354058
890731762
758411927
758411927
764108054
890731762
764108054
752300897
754473089
871644613
871644613
972948884
871644613
871644613
921460695
824728351
871644613
878209538
878209538
824728351
871644613
753249041
778150440
751936885
878209538
927681034
927681034
846809075
781954700
846809075
878209538
846809075
761219154
846809075
878209538
772892044
868354058
772892044
846809075
824728351
984175321
984175321
846809075
878209538
846809075
753086767
758342804
778150440
778150440
778150440
754035068
775754531
887767864
994331175
778150440
758342804
874907603
775754531
846809075
846809075
778150440
891117654
891117654
771912388
775754531
842087665
771912388
775754531
779175964
779175964
779175964
751719756
779175964
779175964
846809075
779175964
779175964
778245248
752091826
751862413
786136051
758411927
786136051
779175964
779175964
786136051
786136051
779175964
786136051
802129329
802129329
802129329
758342804
802129329
818749506
758342804
849767442
754035068
802129329
802129329
849767442
849767442
754035068
802129329
972244753
972244753
972244753
972244753
972244753
972244753
972244753
972244753
972244753
972244753
979873185
972244753
979873185
979873185
979873185
979873185
823224388
823224388
823224388
823224388
823224388
972244753
784276574
972244753
979873185
823224388
823224388
913859713
895839314
895839314
895839314
754035068
895839314
895839314
895839314
895839314
895839314
895839314
895839314
823224388
823224388
829295948
829295948
823224388
807082606
807082606
842087665
820660194
786136051
987784862
987784862
820660194
820660194
872419613
820660194
786136051
820660194
820660194
786136051
820660194
820660194
820660194
892827445
892827445
892827445
838628184
838628184
838628184
838628184
772042593
838628184
838628184
838628184
820660194
772042593
772042593
838628184
772042593
806315119
772042593
772042593
772042593
792767263
786386698
967066271
779175964
779175964
781804647
754035068
893346516
893346516
912868915
893346516
893346516
893346516
821460269
821460269
912868915
821460269
821460269
893346516
821460269
821460269
754035068
893346516
821460269
920257228
893346516
754035068
754082529
893346516
754035068
752004871
836472509
836472509
779175964
778922620
751719756
771912388
983346919
788363182
752109097
771912388
771912388
983346919
977494288
989022297
989022297
788363182
977494288
989022297
989022297
977494288
977494288
778922620
774212271
754269574
977494288
778922620
771912388
778922620
778150440
772892044
754082529
772042593
766469531
771912388
752953341
977494288
839743963
870921801
837498714
837498714
772892044
839743963
839743963
754035068
839743963
823829150
837498714
754350455
837498714
754672934
837498714
837498714
752051935
856752456
837498714
856752456
823829150
752091826
823829150
823829150
916935100
916935100
916935100
916935100
860330433
823829150
959000852
959000852
778922620
959000852
959000852
959000852
959000852
959000852
959000852
778150440
916232272
927509524
916232272
844517160
906208612
844517160
844517160
844517160
844517160
778245248
823829150
756565707
903360211
960532344
960532344
757484231
756565707
960532344
960532344
756309798
903360211
757422701
754035068
778150440
942558891
942558891
942558891
942558891
983479211
773297366
853506986
853506986
853506986
853506986
853506986
853506986
853506986
853506986
752051935
773297366
853506986
837498714
771912388
771912388
853506986
981232432
981232432
981232432
752953341
920060513
967386750
853506986
967386750
967386750
959192559
967386750
983479211
753249041
754672934
804211465
837498714
804211465
804211465
804211465
752633027
758411927
753086767
837498714
757728062
753086767
752194019
789205706
789205706
789205706
967141617
789205706
864496845
857495072
857495072
789205706
857495072
967141617
967141617
857495072
857495072
864496845
967141617
753952481
753952481
754650765
857495072
857495072
967141617
857495072
921449479
967141617
766469531
914841463
752378055
914841463
754942835
764108054
914841463
914841463
914841463
914841463
752378055
752378055
764108054
764108054
995210623
789205706
752378055
789205706
789205706
995210623
995210623
754650765
771912388
773297366
995210623
995210623
752685391
773297366
754350455
771388042
757372311
871508166
753952481
753952481
752443860
778466592
756854121
766469531
794507542
794507542
794507542
794507542
761219154
794507542
967916473
967916473
967916473
967916473
967916473
828600708
887767864
828600708
853506986
828600708
794507542
794507542
828600708
828600708
828600708
828600708
772892044
828600708
794507542
794507542
794507542
794507542
817533247
817533247
817533247
890770709
890770709
890770709
890770709
890770709
817533247
890770709
890770709
817533247
817533247
935804300
890770709
817533247
817533247
794507542
794507542
766469531
766469531
755066744
764108054
771388042
752051935
766469531
908802680
908802680
908802680
930498855
930498855
773297366
930498855
856372896
778466592
930498855
755907613
754672934
895037833
864496845
870660680
935885793
752953341
796555561
796555561
935885793
796555561
951012653
796555561
783824634
935885793
773732064
783824634
773732064
783824634
783824634
837632284
837632284
837632284
754350455
837632284
837632284
837632284
837632284
773732064
837632284
804137876
961497009
752953341
966629157
966629157
804137876
961497009
942554335
942554335
752709621
963142470
846423873
846423873
753086767
804137876
961497009
753667674
942554335
752953341
804137876
804137876
763829151
772892044
772892044
756854121
773297366
753952481
763829151
773297366
896101950
766469531
780090140
896101950
896101950
793078174
752562410
923689485
793078174
763829151
752685391
974068010
793078174
974068010
780090140
751719756
974068010
780090140
766469531
853506986
773297366
766469531
766469531
853506986
773297366
752443860
758342804
766469531
766660046
761219154
773297366
755066744
761219154
772892044
853506986
752378055
754269574
771388042
772892044
896101950
758342804
757728062
758411927
755439904
758411927
755476422
753952481
754269574
758332504
788375898
788375898
753313047
973670743
932425065
973670743
973670743
758878306
980884590
752529510
826494256
980884590
754400660
756759906
753952481
758411927
753952481
996609649
754035068
899918013
758677129
899918013
754561997
785804170
758411927
899918013
753952481
899918013
773297366
899918013
754561997
947790869
974618453
974618453
974618453
974618453
974618453
947790869
947790869
820789381
820789381
947790869
772042593
820789381
820789381
752953341
820789381
776446896
820789381
760248792
772892044
758332504
754400660
771388042
865417812
865417812
865417812
865417812
865417812
783942508
760248792
826494256
752389669
983479211
776446896
752378055
760248792
760248792
819943908
819943908
806459245
912095565
819943908
912095565
757728062
866866563
757372311
819943908
819943908
819943908
819943908
819943908
772892044
881223869
881223869
881223869
881223869
760248792
881223869
758332504
819943908
881223869
753086767
760248792
753740512
758332504
754035068
760248792
751913182
757728062
889217984
889217984
754650765
772042593
752051935
753086767
758342804
866866563
760248792
754035068
757728062
758342804
758332504
932463822
932463822
932463822
932463822
932463822
932463822
932463822
932463822
929394992
965766549
784211774
965766549
965766549
965766549
965766549
965766549
858887390
965766549
965766549
965766549
872379944
872379944
965766549
858887390
806692303
866866563
866866563
866866563
806500230
860622062
806500230
806500230
860622062
866866563
806500230
806692303
806500230
795890077
806500230
806500230
806500230
806692303
866866563
806500230
806692303
806500230
795890077
806692303
806692303
858887390
795890077
866866563
806692303
806692303
806500230
806692303
806692303
819943908
806692303
806692303
795890077
753249041
753249041
806500230
754035068
785277857
940116761
940116761
940116761
940116761
940116761
940116761
940116761
940116761
754691065
940116761
940116761
862811746
862811746
862811746
862811746
862811746
940116761
862811746
754672934
753246136
772892044
940116761
782186161
758332504
862811746
940116761
925930827
925930827
968557505
968557505
968557505
968557505
867651831
968557505
968557505
968557505
968557505
975130712
968557505
968557505
922588506
972712289
876098337
972712289
925930827
933654890
922588506
922588506
818179065
876098337
954550418
922588506
876098337
922588506
874793176
926169371
926169371
926169371
828480058
874793176
941726788
876098337
941726788
874793176
922588506
922588506
862933017
818179065
876098337
876098337
862933017
867651831
983479211
862811746
867651831
853617265
862933017
867651831
862933017
867651831
867651831
862933017
862933017
828480058
828480058
886136697
886136697
886136697
828480058
904032336
904032336
818179065
818179065
813994770
816919896
813994770
813994770
813994770
757895531
813704235
813994770
813994770
941503742
821259426
813704235
781062617
813704235
781062617
813704235
813704235
933803495
933803495
807823818
752135261
807823818
766932655
801126814
806500230
801126814
806500230
806500230
801126814
806500230
806500230
801126814
801126814
757895531
768682445
828480058
806500230
801126814
751742371
756245059
757895531
754808793
754035068
859599755
859599755
757895531
768682445
754159392
806500230
757895531
768682445
768682445
804745619
806500230
766932655
768682445
804745619
752767914
766932655
785277857
753952481
968979504
766932655
971655878
971655878
971655878
971655878
971655878
804745619
924361446
758342804
766932655
752767914
760248792
828480058
758342804
760248792
757353245
754035068
758878306
766932655
992640026
754400660
992640026
761440757
754082529
761440757
766932655
757951494
758332504
757895531
766660046
758332504
950696754
950696754
927825516
854937531
854937531
856590250
856590250
951931931
951931931
758602088
854937531
854937531
907498481
898787193
898787193
898787193
751936885
828542989
758411927
828542989
854937531
828542989
854937531
758332504
772548783
825069260
854937531
932524946
854937531
854937531
975781261
904470820
975781261
975781261
772548783
975781261
772892044
825069260
772548783
858239882
904470820
772548783
858239882
825069260
772548783
772548783
768388008
772548783
753353637
755656945
781804647
758411927
815508631
815508631
815508631
815508631
753100053
815508631
815508631
815508631
815508631
815508631
799430397
815508631
799430397
815508631
812142051
758414277
772892044
815508631
754330350
753246136
815508631
755130213
753165524
753165524
755476422
765433858
763829151
757813246
758878306
757813246
752109097
757813246
751917227
752837630
757895531
753164543
757895531
752850028
752109097
772548783
752953341
752135261
763829151
772892044
778466592
752685391
757895531
753993240
760248792
753667674
752564299
758623692
752529510
767902470
759438724
757895531
902914969
756759906
942100742
942100742
760445367
942100742
756949365
895594560
895594560
887634915
951268068
951268068
951268068
776446896
776446896
758360628
887634915
887634915
887634915
850343836
850343836
850343836
887634915
850343836
850343836
887634915
850343836
850343836
850343836
887634915
850343836
887634915
763335647
763335647
763335647
887634915
758360628
833694607
758360628
752953341
833694607
754650765
772548783
754942835
887634915
753740512
895319581
895319581
928596007
928596007
763335647
895319581
895319581
895319581
752051935
895319581
962542763
962542763
896429595
896429595
896429595
896429595
896429595
896429595
896429595
896429595
856297746
896429595
772548783
896429595
856297746
856297746
896429595
896429595
896429595
896429595
896429595
896429595
856297746
877360149
818426923
758360628
818426923
752850028
758414277
771839996
784211774
751637608
818426923
988326056
988326056
984289490
984289490
907958205
988326056
988326056
988326056
984289490
984289490
984289490
984289490
988326056
907958205
907958205
984289490
984289490
872942295
907958205
907958205
856297746
854279097
838297953
907958205
896429595
896429595
856297746
838297953
838297953
838297953
953761374
953761374
953761374
953761374
953761374
880585537
764872040
880585537
764872040
880585537
880585537
866525035
825515224
838297953
825515224
880585537
838297953
826108360
825515224
880585537
825515224
826108360
826108360
764872040
825515224
833694607
833694607
826108360
833694607
825515224
833694607
764872040
825515224
983479211
818426923
826108360
818426923
826108360
764872040
818426923
882484156
818426923
882484156
882484156
882484156
794514529
771839996
764872040
761281020
771912388
933369113
933369113
896101950
933369113
933369113
933369113
762199474
933369113
933369113
761281020
761281020
899501566
933369113
771839996
933369113
899501566
899501566
761281020
761281020
899501566
778466592
761281020
771912388
828784793
828784793
828784793
794514529
828784793
828784793
794514529
899501566
794514529
934769294
774518863
894453151
774518863
774518863
894453151
894453151
754035068
774518863
778245248
994684620
994684620
994684620
894453151
965018277
852968359
852968359
852968359
852968359
852968359
898017621
898017621
898017621
753952481
838145184
774518863
935938556
761281020
935938556
761281020
761281020
935938556
753824686
764872040
752053674
764872040
764872040
935938556
761281020
884488523
884488523
935938556
761281020
894453151
935938556
894647457
894647457
761281020
894647457
846209906
846209906
756119395
751917227
894647457
871972924
879846979
879846979
756287459
820410071
879846979
820410071
820410071
820410071
890742686
890742686
755445953
954425717
846209906
894453151
820395292
763906474
820410071
846209906
763906474
914335858
914335858
914335858
914335858
846209906
955985318
926064438
926064438
926064438
955985318
926064438
926064438
926064438
753952481
926064438
926064438
926064438
751720784
885136197
894453151
885136197
774518863
774518863
827071714
905669815
951072772
827071714
905669815
951072772
905669815
827071714
827071714
800290561
827071714
827071714
820410071
774518863
774518863
772650453
774518863
772650453
761281020
752685391
774518863
751917227
828784793
820395292
763906474
774518863
817275412
774518863
771839996
817275412
820395292
752194019
793672917
774518863
844336286
844336286
844336286
795558741
795558741
845438273
754561997
774518863
751720784
755445953
883058263
879846979
755847351
757813246
774518863
774518863
771839996
763906474
774518863
774518863
976046875
976046875
989549416
894453151
992832270
989549416
989549416
989549416
989549416
989549416
989549416
989549416
989549416
820395292
768419120
768419120
758623692
768419120
989549416
768419120
828784793
768419120
976046875
757672941
818381338
818381338
894453151
845438273
989549416
828784793
845438273
774518863
763906474
753824686
771839996
772650453
763906474
989549416
772650453
763906474
841303341
841303341
758259603
942701108
942701108
942701108
894453151
828784793
863573970
863573970
758259603
772650453
758259603
921914215
992832270
921914215
840265578
772650453
921914215
940904282
940904282
940904282
970985579
970985579
772650453
840265578
806311527
763906474
921914215
772650453
921914215
909836357
768419120
921914215
806311527
909836357
909836357
921914215
810420394
909836357
810420394
921914215
771839996
810420394
772650453
863573970
763906474
921914215
863573970
863573970
843673286
761281020
921914215
843673286
752091826
921914215
768419120
752135261
994210894
994210894
994210894
994210894
974586780
758259603
806311527
921914215
771839996
758259603
843673286
771839996
806311527
761281020
806311527
921914215
921914215
921914215
768419120
752135261
806311527
794979433
794979433
921914215
921914215
794979433
921914215
761281020
794979433
753246136
921914215
768419120
794979433
768419120
921914215
843673286
843673286
768419120
794979433
761293591
955953540
955953540
752837630
955953540
955953540
857370186
955953540
955953540
793414835
840045948
793414835
840045948
928055351
793414835
752135261
793414835
753164543
955953540
862207691
955953540
862207691
955953540
862207691
840045948
915946440
915946440
793414835
793414835
840045948
752135261
915946440
840045948
826845585
943995518
949503390
943995518
943995518
949503390
943995518
772892044
943995518
949503390
943995518
793414835
949503390
915946440
806976832
994535704
994535704
840045948
915946440
858085739
943995518
806976832
858085739
840045948
826845585
840045948
806976832
806976832
943995518
806976832
857370186
875516849
875516849
793414835
793414835
875516849
840045948
875516849
935015129
792032790
792032790
935015129
935015129
935015129
840045948
758726457
917927122
883068376
935015129
806497406
850270169
758726457
883068376
935015129
806497406
940927670
940927670
878144293
910333210
940927670
850270169
883068376
940927670
878144293
898175630
940927670
898175630
940927670
940927670
898175630
883068376
992291092
858031789
992291092
883068376
878144293
784276574
940927670
878144293
940927670
851410527
851410527
851410527
808605443
808605443
851410527
808605443
850270169
875516849
940927670
808605443
851410527
850270169
773014713
773014713
806497406
850270169
773014713
806497406
857370186
802563838
857370186
806497406
958426191
764872040
961879026
961879026
961879026
961879026
806497406
958426191
850270169
850270169
802563838
802563838
838275394
802563838
802563838
808605443
838275394
850270169
773014713
838275394
840045948
773014713
975467600
773014713
940927670
798112347
773014713
806497406
783564851
806497406
773014713
894453151
806497406
806497406
894453151
828194324
913915934
934444852
751778885
913915934
751742371
934444852
829701697
934444852
934444852
952580362
847024485
913915934
889823506
751917227
938620391
938620391
828194324
773014713
889823506
889823506
938620391
828194324
773014713
840045948
938620391
828194324
843673286
843673286
938620391
828194324
773014713
847024485
938620391
974586780
889823506
938620391
889823506
889823506
829701697
997686579
997686579
997686579
997686579
997686579
920194735
803487039
773014713
829701697
803487039
751543317
997686579
803487039
816146057
829701697
828194324
997686579
828784793
997686579
946829325
946829325
751862413
843232422
781103447
829701697
816146057
803487039
752135261
828194324
828194324
803487039
773014713
997686579
806497406
758726457
761293591
938828627
761293591
806311527
761293591
761281020
806311527
773014713
938620391
802563838
938620391
802563838
768419120
938620391
938620391
802563838
877990166
877990166
802563838
752091826
846953026
846953026
761281020
794979433
846953026
806311527
773014713
806311527
773014713
765681976
765681976
828784793
987119756
987119756
987119756
783564851
987119756
987119756
765681976
768419120
765681976
987119756
933131865
933131865
933131865
765681976
933131865
765681976
765681976
768419120
751742371
794979433
794979433
781804647
765681976
828194324
752529510
802563838
751543317
761293591
752004871
794972655
764872040
794972655
794972655
794972655
761293591
766932655
772042593
794972655
765681976
773014713
784276574
772042593
761293591
765681976
763906474
751917227
751543317
765681976
839877841
758726457
839877841
839877841
794972655
779485585
779485585
765681976
773014713
761281020
828194324
781952449
763906474
820395292
781952449
781952449
763906474
758726457
763906474
781952449
928488916
928488916
928488916
928488916
928488916
928488916
928488916
984650932
833756356
751968089
833756356
984650932
905143590
990730400
820395292
990730400
802563838
928488916
820395292
928488916
754280307
852268704
928488916
950749197
925127221
925127221
950749197
950749197
928488916
925127221
852268704
852268704
925127221
925127221
852268704
925127221
852268704
852268704
779422007
925127221
754280307
794972655
852268704
852268704
781952449
764703331
751917227
764703331
764703331
794972655
764703331
828784793
903168519
903168519
925127221
925127221
764703331
752051935
925127221
765681976
773014713
903168519
903168519
764703331
925127221
903168519
899513965
764703331
899513965
833756356
833756356
793796774
794979433
833756356
773014713
756831439
793796774
836841258
756831439
836841258
912426590
969176312
756831439
864488025
864488025
773014713
794979433
764703331
756831439
864488025
836841258
761281020
793796774
754280307
764703331
758726457
752004871
836841258
751720784
751720784
764703331
794972655
981744091
764703331
981744091
756831439
773014713
932586323
758259603
932586323
981744091
981744091
819107461
751637608
751862413
819107461
754280307
763373450
763373450
932586323
765681976
763373450
764703331
764703331
758726457
925127221
981744091
763373450
961636862
961636862
981744091
752091826
961636862
765681976
925127221
968598997
968598997
961636862
867764856
764703331
826965477
925127221
826965477
867764856
826965477
756831439
754280307
867764856
761281020
867764856
761281020
867764856
838087929
838087929
838087929
751913182
867764856
967197023
967197023
761293591
967197023
940856165
940856165
866280281
866280281
975778580
899762728
964569681
924357288
964590922
964590922
964590922
964590922
899762728
889065331
866280281
866280281
964569681
811152578
866280281
964590922
912926650
912926650
761293591
912926650
866280281
838816237
912926650
866280281
866280281
866280281
866280281
866280281
925127221
805114094
908087525
756831439
805114094
805114094
805114094
764703331
925127221
777105441
925127221
908087525
794972655
820707844
908087525
883770817
820707844
908087525
827347775
824405185
905143590
824405185
824405185
820707844
908087525
887849160
820707844
887849160
887849160
849130397
884253493
884253493
900033717
884253493
777105441
884253493
905143590
884253493
883770817
841500764
815616403
841500764
841500764
841500764
841500764
841500764
841500764
944918674
755476422
820707844
819107461
867764856
828717618
828717618
941405490
758726457
794979433
820395292
777105441
867764856
827348638
934090136
756551628
764703331
794972655
764703331
754280307
836841258
992832270
813735110
813735110
919443912
758726457
919443912
919443912
919443912
919443912
919443912
919443912
911163122
911163122
911163122
911163122
911163122
911163122
861361729
911163122
911163122
861361729
813735110
861361729
813735110
861361729
845907320
797483392
861361729
861361729
845907320
820395292
845907320
861361729
845907320
845907320
757215544
974743363
974743363
850218863
850218863
784049691
876294811
876294811
876294811
784049691
784049691
784049691
784049691
845907320
794979433
780161881
997153043
997153043
780161881
997153043
780161881
997153043
965034317
994870162
994870162
965034317
994870162
994870162
994870162
965034317
994870162
994870162
994870162
943608963
943608963
994870162
943608963
994870162
943608963
943608963
918559923
918559923
918559923
918559923
918559923
965034317
918559923
994870162
965034317
990972552
918559923
918559923
918559923
918559923
918559923
918559923
849220942
849220942
849220942
845907320
954350242
758259603
845907320
910497045
845907320
910497045
780161881
910497045
910497045
965034317
965034317
910497045
822189922
954568444
954568444
780161881
773143368
845907320
822189922
845907320
806490860
798009095
773143368
806490860
845907320
965034317
822189922
752135261
806490860
773143368
798009095
845907320
773143368
837437322
753086767
798009095
845907320
752564299
755122258
752837630
845907320
866674234
866674234
866674234
768041060
752529510
754280307
756551628
768041060
768041060
758726457
794972655
877073515
768041060
940869166
940869166
927173946
940869166
812727867
794972655
822189922
812727867
837437322
752441082
991120421
758930312
991120421
991120421
751968089
752135261
903110649
903110649
903110649
903110649
991120421
962470222
903110649
903110649
962470222
962470222
875663816
962470222
962470222
965034317
962470222
875663816
875663816
962470222
962470222
962470222
815026017
815026017
962470222
962470222
815026017
837437322
815026017
815026017
978387233
978387233
963228094
978387233
978387233
978387233
978387233
978387233
963228094
978387233
978387233
978387233
978387233
912688397
963228094
963228094
912688397
815026017
949512731
963228094
949512731
949512731
785857156
912688397
815026017
912688397
815026017
815026017
912688397
815026017
981380515
981380515
981380515
837437322
978387233
935955106
899450822
981380515
802771195
869088096
869088096
820213521
899450822
820213521
912688397
837437322
820213521
820213521
802771195
820213521
820213521
820213521
802771195
802771195
820213521
785857156
785857156
899450822
785857156
785857156
864488025
785857156
785857156
991130542
793796774
754280307
991130542
757215544
991130542
991130542
820213521
991130542
915493134
899450822
991130542
991130542
915493134
949431112
949431112
949431112
899450822
837437322
764703331
820213521
899450822
790061552
755669882
790061552
758726457
790061552
790061552
899450822
752091826
845907320
756551628
752441082
992832270
758726457
758259603
753228246
758259603
768041060
758930312
768041060
768041060
756551628
899450822
837437322
768041060
929315615
756551628
757482656
758259603
899450822
753824686
751742371
920750266
920750266
920750266
920750266
887846205
936642133
883294780
920750266
920750266
752850028
883294780
751862413
883294780
883294780
852205023
852205023
756551628
758726457
752767914
833756356
751862413
765462814
768041060
768041060
768041060
753824686
765462814
899450822
756245059
758259603
895432688
895432688
895432688
895432688
895432688
895432688
895432688
977550777
977550777
977550777
977550777
895432688
895432688
895432688
875840273
879040521
879040521
875840273
875840273
996416688
954539528
996416688
996416688
875840273
875840273
954539528
954539528
830232325
875840273
875840273
755439904
884367904
884367904
884367904
884367904
835059891
951148299
758726457
835059891
754561997
753824686
884367904
765462814
875840273
765462814
752049004
884367904
835059891
884367904
980492726
765462814
835059891
755130213
751742371
835059891
938365627
875840273
758259603
875840273
845654538
756551628
875840273
845654538
753165524
758259603
845654538
875840273
752953341
845654538
835059891
793796774
756949365
835059891
752767914
758726457
754561997
756551628
765462814
756551628
752049004
835059891
793796774
835059891
756551628
835059891
752850028
791702772
752837630
755698105
753993240
822687683
754534133
755445953
899982592
755723641
758259603
752767914
934769294
913457835
755004363
913457835
756551628
766932655
758259603
758259603
916935552
763642209
761293591
763829151
768041060
753218645
755122258
758726457
760248792
758259603
752767914
758259603
760676759
784049691
916935552
754400660
982909975
754068311
760248792
763373450
758602088
820395292
763642209
763906474
752109097
758411927
934522566
841394669
841394669
841394669
841394669
754068311
754400660
755922433
923022440
923022440
983401784
824531121
754400660
758796550
756949365
923022440
772042593
758411927
761293591
759438724
840252631
752767914
760676759
752049004
756287459
755922433
754417393
951607003
925131826
925131826
925131826
925131826
777929822
761794246
777929822
761794246
751862413
925131826
923022440
756245059
777929822
759176885
758726457
922047396
922047396
925131826
777929822
925131826
777929822
842704598
769699753
769699753
842704598
923022440
923022440
769699753
849115801
769699753
849115801
842704598
923022440
756245059
923022440
769699753
970072157
970072157
970072157
970072157
836277280
931376269
931376269
931376269
836277280
921257315
758259603
836277280
833645880
836277280
836277280
793796774
836277280
836277280
836277280
784303336
784303336
769699753
784303336
772548783
784303336
784303336
755439904
784303336
754721240
756551628
754721240
836277280
754721240
841704209
754721240
754949713
784303336
772042593
752443860
758411927
753246136
757695371
770924671
752767914
753824686
752850028
973691693
973691693
969192239
969192239
973691693
973691693
817251662
969192239
758297719
969192239
817251662
969192239
969192239
943544270
943544270
969192239
776363142
969192239
943544270
974344069
974344069
974344069
759254472
943544270
941897281
941897281
941897281
941897281
793615326
757689020
941897281
760326892
757689020
760326892
764636355
760445367
760326892
760326892
770325989
768315819
760326892
760326892
760326892
770924671
760326892
760772357
763373450
808588132
994600437
849906243
849906243
756958875
849906243
758297719
994600437
758297719
756958875
758297719
849906243
994600437
994600437
756958875
934769294
756551628
756958875
849906243
756958875
849906243
760326892
758623692
756958875
849906243
943433678
943433678
943433678
943433678
994600437
872641715
872641715
872641715
839207911
839207911
757838270
757672941
758461245
760248792
976388971
976388971
752775925
921019049
758461245
756958875
989820014
855874877
761278994
757100719
839207911
758461245
921019049
855874877
855874877
755476422
774402538
760394691
855874877
805214013
752049004
751543317
757951494
752837630
757228694
757689020
752300897
805214013
755439904
754721240
754721240
756958875
757100719
754417393
772892044
855874877
756551628
753824686
757695371
760326892
760183307
772892044
759176885
954836878
760326892
954836878
756245059
855874877
756551628
808588132
855874877
822687683
760772357
754068311
754068311
751465363
980043479
980043479
753164543
855874877
760445367
756958875
755132652
760248792
800232516
760326892
771294772
994540987
994540987
994540987
994540987
758360628
802318625
802318625
802318625
802318625
802318625
756958875
760238790
753164543
756958875
758726457
798259862
771051900
798259862
798259862
771051900
798259862
853028877
771051900
798259862
853028877
756953632
798259862
828400918
771051900
798259862
770597427
828400918
758726457
828400918
771051900
913390072
913390072
913390072
757228694
808588132
754949713
913390072
817903911
817903911
913390072
817903911
817903911
766932655
817903911
889219590
817903911
756958875
817903911
800232516
889219590
848523014
889219590
936969201
936969201
817903911
936969201
752049004
889219590
848523014
846009727
754082529
751720784
772892044
822687683
967716897
967716897
967716897
812611652
967716897
967716897
812611652
846009727
817903911
755439904
848523014
866532945
848523014
752767914
934769294
754473089
756759906
822687683
754068311
752953341
790898890
790898890
758726457
944799417
971465922
790898890
971465922
971465922
927294518
927294518
861223058
982981754
982981754
982981754
982981754
771912388
754068311
758265139
757689020
757951494
752049004
972384625
753249041
972384625
759438724
753667674
757169696
822687683
771051900
751637608
754159392
751465363
891968596
753740512
755439904
966686366
966686366
966686366
756551628
966686366
891968596
966686366
758342804
758602088
758411927
751862413
752633027
758265139
891968596
765340387
891968596
752775925
800232516
765143539
758796550
753247366
752767914
753246136
752953341
755476422
756854121
771649995
752300897
767902470
751968089
929703269
785661696
993230613
929703269
929703269
929703269
929703269
777088350
777088350
929703269
929703269
777088350
929703269
948341954
819739955
948341954
819739955
929703269
849754421
849754421
929703269
819739955
777088350
903895137
849754421
819739955
819739955
819739955
777088350
777088350
819739955
830167469
771470683
771470683
754022587
826508939
760445367
777008059
826508939
826508939
985440333
754068311
985440333
815040624
751862413
985440333
756245059
752564299
934769294
815040624
754949713
815040624
756245059
815040624
758342804
929578632
929578632
757422701
867928312
815040624
753228246
754414542
753246136
777008059
757500547
752300897
752562410
815040624
815040624
815040624
757838270
753164543
933928163
933928163
933928163
933928163
902057525
902057525
902057525
859256944
859256944
859256944
859256944
859256944
859256944
859256944
859256944
859256944
859256944
922372353
859256944
859256944
859256944
859256944
859256944
801682246
859256944
815040624
801682246
801682246
801682246
848134287
815040624
791040441
859256944
791040441
859256944
859256944
830304946
791040441
830304946
970748860
970748860
867212395
867212395
791040441
791040441
791040441
968231343
791040441
859256944
791040441
791040441
791040441
791040441
791040441
829627693
859256944
829627693
829627693
788544421
933785000
829627693
933785000
934769294
791040441
933785000
989416525
989416525
791040441
933785000
933785000
989416525
989416525
989416525
989416525
989416525
812215615
829627693
812215615
992312304
992312304
769621379
812215615
769621379
788544421
891255152
992312304
891255152
788544421
891255152
992312304
891255152
788544421
891255152
992312304
898979667
898979667
898979667
898979667
960525898
960525898
898979667
992312304
790724077
898979667
992312304
898979667
898979667
992312304
788544421
786146325
836931668
872415312
946686169
946686169
769621379
992312304
788544421
769621379
786146325
872415312
814102237
891255152
891255152
788544421
814102237
814102237
836931668
790724077
872415312
908032122
908032122
908032122
829627693
844987413
891255152
786146325
786146325
934769294
873405674
761965683
768315819
873405674
872415312
754350455
829627693
759323950
790724077
761965683
829627693
755132652
761965683
790724077
829627693
829627693
872415312
786146325
851416048
851416048
851416048
836931668
753165524
753228246
796610419
796610419
761965683
869087258
869087258
869087258
869087258
869087258
759786619
821960810
829627693
821960810
984316608
984316608
769621379
984316608
984316608
829627693
846942672
774067041
821960810
774067041
846942672
846942672
821960810
752564299
984316608
928481052
846942672
989879274
989879274
989879274
962555934
989879274
984316608
780052085
780052085
886244380
780052085
846942672
780052085
780052085
829627693
891982540
977118752
829627693
977118752
821960810
934362185
934362185
821960810
821960810
753308007
757100719
891982540
786146325
786146325
780052085
780052085
758016797
825166787
825166787
825166787
825166787
757215544
909550996
909550996
825166787
909550996
909550996
909550996
825166787
891982540
780052085
752109097
780052085
780052085
755847351
780052085
756119395
752049004
846942672
753228246
780052085
846942672
751862413
786146325
831138920
752004871
780052085
752441082
831138920
846942672
757422701
754808793
831138920
761965683
751637608
831138920
758796550
857627529
857627529
831138920
857627529
844917054
844917054
844917054
948133081
948133081
948133081
948133081
948133081
855929419
855929419
948133081
948133081
948133081
935947979
972251704
972251704
972251704
855929419
948133081
948133081
935947979
935947979
972251704
935947979
972251704
756119395
935947979
935947979
935947979
935947979
935947979
972251704
855929419
972251704
855929419
832440582
832440582
832440582
808873410
808873410
832440582
832440582
832440582
832440582
832440582
981747463
994397159
784225030
994397159
994397159
994397159
994397159
994397159
994397159
832244173
901648556
901648556
901648556
901648556
803955286
930843763
930843763
930843763
983976257
983976257
983976257
977931753
760308281
977931753
780052085
930843763
831138920
903481476
903481476
903481476
903481476
903481476
903481476
903481476
903481476
903481476
815701310
855929419
799166270
855929419
815701310
799166270
831412501
831412501
831412501
831412501
831412501
831412501
825166787
831412501
855929419
831412501
799166270
838864932
838864932
847533551
834104359
855929419
847533551
847533551
799166270
847533551
847533551
847533551
847533551
847533551
834104359
799166270
847533551
847533551
847533551
847533551
929412000
929412000
929412000
929412000
929412000
929412000
929412000
929412000
929412000
929412000
929412000
896101950
756902678
792229178
866677078
790911414
843475418
792229178
792229178
792229178
811476711
843475418
792229178
792229178
811476711
811476711
792229178
792229178
811476711
836990984
790911414
792229178
792229178
792229178
967725260
790911414
792229178
817842043
843475418
843475418
755704904
755704904
817842043
847533551
771470683
786146325
786146325
831138920
983479211
786146325
760308281
760308281
847533551
758602088
833705443
833705443
833705443
833705443
780052085
833705443
847533551
780052085
755704904
786146325
761965683
780052085
753667674
755704904
760308281
771470683
843475418
755704904
756119395
772042593
808873410
753164543
757500547
753824686
771470683
761965683
761965683
754068311
949581638
866361398
949247820
949247820
949247820
751913182
757838270
866361398
938698507
866361398
755982452
949247820
949247820
756255534
979537524
979537524
757482656
979537524
979537524
754949713
759176885
979537524
965756350
775701873
808873410
775701873
756436584
775701873
775701873
757624723
949247820
775701873
938698507
938698507
753667674
991119823
833372858
882814381
885602204
797534726
885602204
885602204
882814381
882814381
866361398
833372858
885602204
797534726
885602204
885602204
885602204
799838290
799838290
862630329
797534726
946341245
946341245
775701873
775701873
946341245
821960810
775701873
874593988
909770943
874593988
797534726
775701873
891093044
891093044
889808631
891093044
891093044
889808631
889808631
797534726
889808631
885602204
912632729
912632729
911503326
911503326
911503326
911503326
775701873
991652406
862630329
862630329
856324475
856324475
856324475
885602204
885602204
856324475
833372858
862630329
862630329
856324475
885602204
889808631
809662051
809662051
775701873
862630329
872853926
872853926
775701873
775701873
983211589
951401321
951401321
951401321
951401321
862630329
951401321
853114669
856324475
853114669
889808631
838692879
838692879
946733801
838692879
833372858
862630329
862630329
929661044
929661044
838692879
838692879
775832572
856324475
774112505
838692879
856324475
940667981
940667981
838692879
838692879
871829011
871829011
838692879
775832572
892382207
892382207
814378372
857031277
814378372
857031277
857031277
784614414
857031277
784614414
833372858
833372858
856324475
784614414
996352999
996352999
996352999
996352999
996352999
996352999
784614414
949296657
949296657
888539459
949296657
929385859
929385859
949296657
929385859
929385859
929385859
929385859
838692879
921640891
921640891
888539459
976521657
784614414
784614414
871656691
976521657
871656691
976521657
976521657
784614414
871656691
976521657
976521657
987234683
918650017
918650017
981745147
981745147
853754716
784614414
853754716
853754716
784614414
853754716
889808631
853754716
889808631
918650017
822834692
822834692
822834692
918650017
918650017
918650017
853754716
872853926
822834692
781617403
853754716
853754716
822834692
784614414
784614414
889808631
889808631
853754716
781617403
797736649
853754716
784614414
853754716
753891123
797534726
797534726
804354991
797534726
838692879
781617403
781617403
774112505
797534726
775701873
774112505
775701873
774112505
889808631
781617403
774112505
797534726
831138920
933670028
933670028
781617403
781617403
775832572
753891123
781617403
933670028
775832572
933670028
817842043
933670028
933670028
933670028
902669703
902669703
854962547
775832572
777481972
771470683
760308281
797534726
775832572
751719756
843475418
754068311
775832572
752049004
774112505
775832572
933670028
754068311
754330350
767772632
752767914
822650568
822650568
822650568
844208277
844208277
844208277
844208277
846546480
967189938
957187525
967189938
967189938
957187525
822650568
957187525
957187525
822650568
844208277
822650568
828457696
828457696
774112505
844208277
844208277
787053241
828457696
789793003
855679550
889808631
855679550
844208277
844208277
828457696
828457696
828457696
828457696
828457696
828457696
855679550
828457696
757749491
944388018
855679550
783509902
783509902
870478846
862412283
870478846
870478846
870478846
862412283
783509902
862412283
862412283
783509902
828196430
828196430
886581362
886581362
886581362
903943207
886581362
772692403
886581362
757353245
774112505
787053241
847533551
851065767
851065767
886581362
927882326
851065767
851065767
927882326
927882326
858342246
858342246
787053241
858342246
877233579
877233579
858342246
851065767
851065767
877233579
858342246
851065767
858342246
858342246
858342246
944076468
757009586
797534726
858342246
772692403
757009586
772692403
772692403
757009586
757009586
757009586
757009586
772692403
758733017
759254472
757422701
853478738
767772632
839347752
772692403
839347752
839347752
767772632
839347752
753952481
839347752
766125537
971588160
971588160
971588160
756119395
766125537
757902944
839347752
772042593
934374145
926107249
926107249
839347752
752135261
766125537
926107249
926107249
926107249
932271095
926107249
752953341
903769818
903769818
903769818
821587914
979645716
979645716
979645716
903769818
979645716
979645716
928815734
821587914
903769818
903769818
947103787
903769818
923672224
923672224
923672224
923672224
937448388
923672224
771325575
923672224
923672224
923672224
843217749
843217749
827408739
839347752
821315486
903769818
948896438
827408739
853478738
903769818
903769818
903769818
772548783
827408739
855663465
821315486
855663465
980034547
980034547
827408739
933959926
796284023
796284023
935823726
935823726
935823726
918383236
787963542
953245410
855663465
918383236
855663465
855663465
855663465
918383236
855663465
796284023
904219296
796561982
796561982
787963542
853478738
801913391
801913391
801913391
821587914
888951071
796284023
801913391
801913391
853478738
796284023
796284023
796284023
866158400
866158400
866158400
866158400
866158400
866158400
929777172
929777172
887627007
922720558
922720558
887627007
887627007
887627007
887627007
922720558
887627007
801913391
887627007
771325575
796284023
887627007
887627007
936444891
936444891
936444891
968266092
864252490
864252490
922720558
922720558
889491188
936444891
889491188
970872434
970872434
889491188
970872434
889491188
970872434
936444891
889491188
889491188
968266092
889491188
936444891
883515293
883515293
889491188
889491188
883515293
889491188
883515293
899357354
899357354
899357354
889491188
912679620
883515293
912679620
864252490
883515293
889491188
883515293
883515293
883515293
899114750
899357354
899114750
899114750
899114750
899114750
899114750
864252490
899114750
995768910
864252490
995768910
883515293
883515293
883515293
889491188
908146891
864252490
889491188
802591370
889491188
889491188
883515293
864252490
802591370
825918922
802591370
858789459
796284023
858789459
858789459
858789459
853478738
787963542
827408739
825918922
821587914
787963542
905081972
905081972
899357354
905081972
905081972
825918922
801249894
787963542
796284023
796284023
827408739
796284023
767317919
827408739
787963542
977776875
772897977
827408739
771325575
899357354
977776875
977776875
796284023
977776875
977776875
977776875
977776875
977776875
821587914
827408739
771325575
775589918
771325575
916805722
916805722
916805722
899357354
916805722
914790141
914790141
802591370
914790141
864320404
803382222
803382222
914790141
803382222
803382222
803382222
787963542
914790141
803382222
767317919
803382222
803382222
877768877
771325575
803382222
767317919
767317919
803382222
771246949
803382222
767317919
767317919
827408739
775589918
827408739
800543474
771325575
899357354
775589918
775589918
771325575
970604229
767317919
899357354
970604229
775589918
899357354
899357354
767317919
767317919
767317919
899357354
767317919
775589918
787963542
821587914
771246949
767317919
796284023
899357354
767317919
972236534
972236534
767317919
907572439
972236534
972236534
907572439
907572439
972236534
771325575
787053241
972236534
907572439
787053241
907572439
798195230
907572439
907572439
907572439
847818509
847818509
847818509
847818509
847818509
919442146
919442146
919442146
919442146
959120926
847818509
798195230
798195230
908789068
919442146
919442146
908789068
908789068
908789068
902193626
908789068
908789068
919442146
908789068
908789068
882414315
902193626
908789068
882414315
902193626
894895353
882414315
835616106
894895353
944922805
894895353
847818509
882414315
944922805
894895353
894895353
847818509
847818509
877862900
835616106
847818509
847818509
847818509
824980430
847818509
798195230
819097451
877862900
824980430
819097451
824980430
824980430
972108504
972108504
972108504
824980430
819097451
877862900
819097451
819097451
819097451
819097451
800069265
798195230
798195230
798659566
798659566
798195230
791779643
798195230
798195230
783300292
783300292
798195230
877862900
783300292
787963542
798195230
798195230
791779643
791779643
798195230
791779643
791779643
791779643
783300292
777147545
777147545
777147545
779092539
779092539
779092539
777147545
779092539
779092539
779092539
779092539
791779643
783300292
783300292
970659637
779092539
970659637
970659637
970659637
853478738
777147545
815682138
791779643
779092539
777147545
787053241
777147545
812611652
791779643
771978532
876967497
876967497
876967497
771325575
775589918
876967497
876967497
771978532
775589918
771325575
771978532
771978532
875666515
767317919
817404909
900551904
980517281
980517281
980517281
980517281
980517281
980517281
980517281
980517281
980517281
817404909
980517281
980517281
980517281
999921045
944154645
992635467
992635467
992635467
992635467
944154645
944154645
932646446
932646446
932646446
932646446
983590322
848181468
784815035
784815035
784815035
784815035
809254142
791779643
767317919
767317919
771978532
829662583
829662583
954140766
809254142
773157989
829662583
871467894
871467894
871467894
767317919
766125537
767317919
767317919
812611652
770197927
871467894
784815035
828525227
771978532
828525227
770197927
791779643
770197927
801912675
874985901
770197927
874985901
861287041
989356014
861287041
967130733
967130733
861287041
989356014
989356014
967130733
770197927
782469588
861287041
782469588
852454863
825178646
861287041
852454863
782469588
861287041
825178646
770197927
770197927
770197927
825178646
770197927
852454863
801912675
925264669
841116755
770197927
856557993
770197927
852454863
989356014
852454863
801912675
767317919
989356014
989356014
945502413
856557993
980784366
980784366
980784366
952988827
952988827
801912675
770197927
825178646
945502413
980784366
945502413
980784366
945502413
945502413
945502413
801912675
773157989
773157989
852454863
770197927
841116755
987634597
987634597
987634597
987634597
927484944
773157989
927484944
882022968
882022968
882022968
882022968
882022968
884311762
884311762
882022968
882022968
882022968
882022968
868232409
980784366
868232409
882022968
882022968
868232409
868854827
868854827
794649259
815670761
868232409
794649259
868232409
815670761
931481071
868232409
868854827
980784366
907894844
815670761
815670761
868232409
868232409
868232409
882022968
868232409
794649259
868232409
815670761
815670761
815670761
868232409
794649259
794649259
989356014
794649259
809254142
794649259
794649259
794649259
868232409
773157989
841116755
989356014
809254142
879765208
984633573
984633573
984633573
770197927
984633573
984633573
984633573
984633573
984633573
938971676
938971676
984633573
984633573
984633573
868232409
938971676
873744440
873744440
873744440
873744440
873744440
858877309
771325575
858877309
858877309
898252634
898252634
898252634
898252634
898252634
898252634
842442886
858877309
842442886
898252634
842442886
898252634
842442886
842442886
858877309
842442886
842442886
801912675
898252634
898252634
898252634
767317919
842442886
842442886
868232409
764303443
868854827
868232409
825178646
858877309
886284832
886284832
886284832
846806060
886284832
791779643
858877309
858877309
771325575
771325575
941517545
941517545
842442886
767317919
842442886
842442886
941517545
767317919
767317919
967750957
967750957
941517545
941517545
767317919
771325575
825264878
842442886
997204600
868854827
767317919
767317919
947606243
947606243
831235661
849489909
831235661
831235661
852454863
868854827
825264878
831235661
822243442
822243442
825264878
825264878
765462669
953445718
822243442
953445718
822243442
953445718
882022968
767317919
825264878
825178646
960121714
825264878
791287931
791287931
960121714
767317919
960121714
960121714
791287931
960121714
960121714
960121714
949502399
949502399
949502399
934107516
934107516
934107516
792553978
792553978
980784366
792553978
815670761
792553978
852454863
770197927
770197927
815670761
980784366
765462669
764303443
804932667
791287931
754068311
980784366
764303443
900043380
900043380
764303443
753952481
936851392
936851392
936851392
936851392
936851392
900043380
900043380
900043380
846821282
846821282
846821282
846821282
764303443
781785562
980784366
762350339
769098174
762350339
755922433
784815035
862759482
862759482
862759482
862759482
862759482
862759482
980784366
804932667
758152000
980784366
804932667
759176885
758602088
911362232
754068311
756255534
911362232
758152000
756902678
911362232
847129520
847129520
911362232
847129520
911362232
781801817
762350339
804932667
769098174
781801817
755130213
769098174
755004363
804932667
759183508
911362232
762882445
762882445
781785562
804932667
766125537
911362232
781785562
763391489
763391489
763391489
910850407
763391489
781785562
763391489
781785562
763391489
763391489
763391489
775139250
763391489
781785562
763391489
762882445
781785562
763391489
762882445
781785562
762882445
762882445
766534114
899944701
899944701
899944701
762882445
791779643
758733017
755982452
758152000
761278994
754561355
797534726
771978532
758152000
791779643
911362232
754561355
803813368
757672941
762350339
766125537
781785562
779566389
779566389
926918723
926918723
867842011
867842011
926918723
867842011
926918723
926918723
867842011
867842011
947033951
854936337
867842011
867842011
888169750
888169750
888169750
779566389
868047453
854936337
787053241
852454863
769098174
911607437
911607437
752564299
779566389
812214209
779566389
762350339
779566389
812214209
980784366
766125537
759438724
766125537
760676759
868854827
980784366
848195377
757951494
756255534
758152000
797534726
766125537
815937650
753086767
865147266
919515474
865147266
751637608
865147266
959792088
760308281
865147266
865147266
980371195
980371195
753952481
865147266
812813080
865147266
812813080
812813080
812813080
766933705
911362232
756255534
752300060
755735097
971006197
971006197
971006197
971006197
898897357
769098174
753813129
752837630
898897357
758152000
762350339
898897357
898897357
762882445
898897357
766125537
971526051
762350339
751778885
756255534
807234759
991129208
752300060
924986756
991129208
769098174
753556972
755982452
751719756
753086767
807234759
869810329
869810329
983721672
869810329
983721672
869810329
869810329
869810329
812214209
869810329
869810329
755922433
768167733
768167733
756902678
756878357
751719756
752767914
778806508
759438724
758152000
767317919
971526051
767317919
951948229
981210132
767317919
861564754
951948229
951948229
951948229
971526051
861564754
852454863
861564754
861564754
861564754
770924671
951948229
752767914
767317919
849377848
849377848
763642209
753165524
759183508
758265139
994541460
759183508
753740512
752837630
758152000
765143539
760308281
759183508
849377848
755066744
849377848
752049004
751720784
760308281
982990019
758152000
898498713
898498713
752051935
753891123
760394691
898498713
754204273
911362232
757353245
770197927
755723641
898498713
760308281
751719756
767317919
767317919
756255534
755130213
849377848
849377848
787053241
951015077
803956516
951015077
803956516
753156305
951015077
755922433
806452745
806452745
951015077
803956516
806452745
849377848
951015077
803956516
982990019
755922433
803956516
760308281
787053241
803956516
803956516
781617124
781617124
753952481
779435770
787053241
779435770
951015077
758062881
779435770
753948902
758677129
754473089
849377848
753228246
868854827
812214209
756119395
761016118
803956516
803956516
757695371
868854827
767317919
803956516
760445367
755476422
771649995
760107115
754942835
984954498
984954498
984954498
854212890
984954498
984954498
755130213
984954498
772164070
984954498
782461250
782461250
932333781
800752988
984954498
906038946
932333781
755476422
932333781
854212890
983005659
983005659
983005659
983005659
983005659
844787895
932333781
772164070
868844208
758265139
772164070
905871013
755922433
903308019
903308019
903308019
754159281
844787895
903308019
752091826
903308019
903308019
758342804
751913182
854212890
756245059
854212890
980784366
751543317
759772745
782461250
972901333
972901333
972901333
760107115
972901333
758220052
972901333
804799356
860054341
860054341
860054341
860054341
852454863
813005332
813005332
813005332
813005332
813005332
810176540
922842071
922842071
922842071
922842071
922842071
835327154
782461250
758623692
922441044
800197043
922842071
782461250
922842071
931892970
931892970
755130213
983479211
931892970
800197043
755132652
800752988
779382650
922441044
922441044
800197043
759709682
990339903
990339903
787296572
800197043
800197043
754803856
754803856
787296572
800197043
759709682
754803856
787296572
800197043
776363142
911362232
759709682
876235100
787296572
800232516
757169696
773071555
800197043
754803856
779382650
754803856
816054966
816054966
816054966
885021723
885021723
772361565
817893918
816054966
970353617
772361565
817893918
772361565
817893918
817893918
759709682
757215544
766534114
980784366
760062769
756255534
816054966
800197043
762882445
787296572
754803856
980784366
754803856
839282345
816054966
754803856
839282345
755735097
751637608
755130213
756119395
752715144
757689020
752953341
757951494
946284432
754721240
752091826
817445338
817445338
816054966
757689020
946284432
758602088
853452301
868429174
857684828
857684828
925477351
925477351
925477351
925477351
925477351
925477351
925477351
925477351
925477351
925477351
925477351
857684828
857684828
857684828
925477351
857684828
925477351
857684828
857684828
790583036
857684828
751936885
790583036
853452301
752767914
790583036
800197043
816054966
946284432
754204273
754473089
753164543
800197043
946284432
786647686
800197043
759709682
752562410
786647686
758016797
786647686
755922433
758677129
758289572
751543317
800197043
751393397
800197043
946284432
778856681
751719756
760308281
778856681
778806508
778856681
760308281
761278994
757215544
752300897
778806508
756902678
892281523
892281523
880385584
892281523
892281523
755735097
754803856
754803856
763129606
868854827
847013948
893030248
893030248
893030248
838219408
838219408
838219408
838219408
838219408
838219408
838219408
838219408
838219408
758152000
754803856
767317919
758411927
756309798
761278994
868844208
757624723
886662561
886662561
886662561
886662561
886662561
766534114
886662561
886662561
753611857
752049004
886662561
754159281
886662561
752004871
886662561
758342804
842954767
767634856
756119395
759772745
889431773
970745084
753740512
754803856
777008059
771649995
761141630
889431773
754350455
889431773
755540022
758289572
758602088
889431773
757482656
755134057
755922433
755922433
755134057
755134057
767317919
755134057
755134057
895786882
753813129
755134057
756245059
753100053
754650765
755476422
767317919
849182394
760676759
974150229
968646967
873298799
851029057
945117831
998513245
851029057
851029057
972835994
986646460
972835994
760676759
972835994
972835994
972835994
972835994
849182394
849182394
998513245
871513266
925406932
925406932
925406932
849182394
932207384
849182394
932207384
932207384
932207384
925406932
925406932
925406932
925406932
825078261
793465986
849182394
871513266
871513266
813130659
825078261
866806687
813130659
849182394
849182394
813130659
813130659
813130659
794011021
825078261
793465986
794011021
835034300
835034300
835034300
793465986
793465986
793465986
862222775
868854827
793465986
786731391
793465986
891357614
813575525
793465986
813575525
794011021
794011021
771435114
769198357
771435114
786731391
814835616
786731391
814835616
814835616
814835616
814835616
769198357
771435114
793465986
827682394
827682394
814835616
868844208
814835616
769198357
814835616
814835616
769198357
769198357
769198357
813575525
793465986
813575525
793465986
891235753
769198357
891235753
891235753
769198357
760308281
769198357
786731391
786731391
769198357
786731391
855597039
786731391
762211298
758602088
762211298
786731391
786731391
873298799
760574077
786731391
786731391
855597039
855597039
756902678
752300897
872890024
872890024
872890024
872890024
872890024
753086767
978609379
978609379
978609379
757215544
971067182
971067182
971067182
755445953
855597039
767634856
757029387
774806342
839625094
774806342
774806342
867978223
774806342
774806342
772285753
774806342
959607425
959607425
754473089
959607425
959607425
959607425
868854827
894539265
894539265
759786619
967265975
967265975
967265975
967265975
967265975
943357756
772285753
771246949
894539265
762662128
756255534
758152000
943357756
754721240
767317919
752300060
943357756
760308281
758411927
756459459
943357756
915749825
915749825
915749825
915749825
915749825
915749825
915749825
915749825
753891123
758152000
755854635
758152000
752715144
905802467
758152000
894539265
915749825
752004871
915749825
804285113
804285113
804285113
753027991
754159281
795434624
756309798
789275138
756245059
789275138
943357756
789275138
972568303
972568303
789275138
898394469
887530104
887530104
901137766
751637608
901137766
929655909
929655909
929655909
789275138
789275138
991343700
751465363
929655909
929655909
896147526
929655909
753740512
991343700
929655909
842079685
991343700
819769452
896147526
968710468
968710468
968710468
968710468
968710468
968710468
968710468
991343700
896147526
968710468
929655909
968710468
968710468
968710468
968710468
968710468
968710468
910449375
968710468
968710468
910449375
910449375
968710468
910449375
910449375
910449375
861224484
943357756
910449375
869017760
767317919
887530104
887530104
879179595
842079685
842079685
948455551
948455551
861224484
948455551
948455551
948455551
940221933
980784366
819769452
879179595
943357756
842079685
940221933
861814096
930185364
930185364
930185364
930185364
861814096
861814096
861224484
842079685
806167733
842079685
842079685
819769452
842079685
834748516
834748516
834748516
842079685
889039610
889039610
889039610
806167733
889039610
889039610
889039610
842079685
998591140
998591140
959650153
806167733
806167733
819769452
855597039
806167733
819769452
842079685
819769452
868854827
842079685
842079685
785723360
801599006
819769452
784242019
790335833
789275138
978606865
839346861
991178685
823868515
823868515
978606865
789275138
806171962
978606865
823868515
823868515
978606865
978606865
806171962
757029387
806171962
806171962
806171962
784242019
915749825
757484231
806171962
798519140
798519140
787652435
787652435
787652435
812214209
900560128
900560128
787652435
900560128
757951494
755565270
752715144
768168472
755565270
939743050
983916757
983916757
983916757
983916757
939743050
939743050
939743050
939743050
983916757
983916757
939743050
760308281
856701765
856701765
856701765
770193206
821263726
803771444
996772175
996772175
996772175
996772175
996772175
996772175
900540496
900540496
900540496
996772175
900540496
761278994
996772175
996772175
900540496
900540496
821263726
900540496
821263726
900540496
768168472
755565270
900540496
856892050
996900095
758623692
755565270
789275138
856892050
759772745
929652436
929652436
929652436
929652436
929652436
956734139
956734139
956734139
956734139
751968089
751465363
868854827
755565270
755565270
879124797
751968089
879124797
879124797
879124797
858071153
752564299
757215544
757029387
889623747
889623747
755565270
752049004
752953341
752300060
889623747
889623747
889623747
752562410
889623747
889623747
756855040
889623747
769086741
889623747
769086741
769086741
769086741
757169696
828447626
769086741
828447626
769086741
889623747
828447626
769086741
757749491
756902678
850935767
760248792
824288610
889623747
889623747
850935767
850935767
828447626
913862744
913862744
913862744
913862744
957697704
957697704
913862744
887005281
887005281
946577733
824288610
887005281
824288610
887005281
887005281
954698434
887005281
954698434
954698434
879124797
954698434
954698434
950429229
950429229
756855040
944078500
858071153
828447626
864838310
959530125
959530125
959530125
959530125
959530125
864838310
944078500
944078500
864838310
824288610
756855040
824288610
864838310
864838310
868854827
944078500
864838310
944078500
945233337
945233337
864838310
853641535
853641535
944078500
920287817
853641535
828994056
838076417
920287817
853641535
853641535
828994056
838076417
824288610
828994056
828994056
777269123
838076417
767767023
915749825
842088897
893342716
777269123
893342716
819102753
893342716
893342716
893342716
777609466
893342716
842088897
842088897
777609466
893342716
777609466
893342716
893342716
893342716
893342716
824288610
806772641
868854827
909749752
806772641
806772641
806772641
819102753
900290956
838076417
842088897
812214209
838076417
819102753
806772641
838076417
806772641
838076417
806772641
806772641
842088897
819102753
819102753
868854827
838076417
806772641
812214209
806772641
838076417
761340283
889283646
889283646
839673049
839673049
839673049
839673049
806772641
806772641
783947506
838076417
792599297
819102753
806167733
792599297
852454863
932196761
761340283
778785820
806167733
761340283
778785820
778785820
777269123
824288610
819102753
819102753
819102753
806167733
847266126
824288610
847266126
819102753
819102753
824288610
847266126
792599297
792599297
819102753
819102753
778785820
778785820
819102753
806167733
761340283
806772641
778785820
777269123
806772641
769086741
761340283
761340283
864055759
864055759
864055759
864055759
952641268
952641268
864055759
864055759
864055759
864055759
871131139
871131139
864055759
769297159
949176841
949176841
949176841
949176841
864055759
864055759
769297159
864055759
864055759
769297159
777609466
857428476
864055759
857428476
769297159
769297159
757205845
886664713
886664713
886664713
886664713
777609466
806772641
756967389
806772641
777609466
769297159
769297159
769297159
952132619
769086741
756967389
756967389
756855040
757205845
769086741
942690162
942690162
886664713
794864991
757205845
756855040
981098772
761340283
886664713
760248792
759176885
867791868
811117207
811117207
811117207
867791868
756855040
756855040
761340283
753547652
760445367
766534114
756855040
906824554
759323950
906824554
906824554
906824554
921807870
921807870
828551055
921807870
828551055
943501682
943501682
859413617
943501682
859413617
859413617
859413617
985569963
921807870
921807870
906824554
800589165
800589165
756855040
757482656
906824554
778502458
778502458
859413617
800589165
777008059
800589165
855204742
855204742
855204742
906824554
778502458
800589165
855204742
760107115
852496671
852496671
855204742
777008059
753547652
852496671
778502458
778466592
800589165
753547652
771036975
762662128
761340283
752056506
761340283
761340283
756855040
752056506
759772745
756902678
756855040
765143539
767902470
761278994
755565270
756855040
761340283
758342804
902345946
760248792
902345946
760248792
886664713
753891123
837638181
837638181
837638181
837638181
760445367
837638181
837638181
755565270
755847351
986471979
986471979
773071555
868844208
806167733
778785820
762882445
758152000
757695371
761141630
753547652
755079933
754400660
757951494
756902678
767317919
759786619
755735097
805195984
883835545
883835545
883835545
755565270
883835545
883835545
851530102
883835545
755079933
930222418
795434624
930222418
753891123
991120617
878867412
759238060
795434624
755565270
760062452
752300897
759238060
760062452
878867412
755735097
760062452
760062452
878867412
801637300
878867412
756855040
981422241
981422241
763169367
754561997
806167733
752126257
759238060
763335647
755922433
792089270
792089270
792089270
792089270
758152000
792089270
944193856
944193856
944193856
755565270
857570221
857570221
823501437
823501437
797663067
797663067
944193856
797663067
792089270
759238060
778458692
797663067
778458692
918782912
797663067
919410031
919410031
759238060
919410031
919410031
778458692
778458692
964900281
964900281
919410031
919410031
919410031
757482656
919410031
755854635
919410031
919410031
752056506
755079933
752389669
778458692
889541958
889541958
918782912
889541958
918782912
889541958
756902678
752056506
759238060
889541958
759254472
889541958
797663067
757215544
797663067
782400179
800752988
778458692
797663067
806167733
932884246
806167733
778458692
753824686
774661415
756855040
915961852
915961852
785211990
949514100
755847351
755565270
785211990
785211990
795434624
832983127
832983127
832983127
832983127
974928508
774661415
883770974
883770974
785211990
883770974
753547652
752126257
879386796
879386796
995791750
879386796
879386796
911889972
911889972
911889972
911889972
832983127
879386796
820680603
759238060
820680603
774661415
854301988
854301988
774661415
752953341
774661415
757795362
758342804
754400660
758062881
755079933
765433858
752056506
763129606
778458692
785211990
988036163
988036163
939475386
939475386
939475386
939475386
939475386
939475386
939475386
758265139
774661415
939475386
939475386
959276006
939475386
939475386
939475386
758062881
939475386
822510179
973291567
973291567
822510179
939475386
939475386
822510179
974367606
974367606
974367606
974367606
974367606
974367606
973291567
973291567
822510179
774661415
935158189
757795362
822510179
821327018
821327018
821327018
822510179
943804253
943804253
821327018
943804253
821327018
782135675
782135675
943804253
782135675
782135675
821327018
782135675
782135675
821327018
821327018
752056506
755656945
752126257
760045433
774661415
821327018
755723641
774661415
822510179
754400660
756255534
821327018
821327018
752056506
822510179
757838270
753993240
754068311
754204273
785211990
821327018
752837630
920265101
752300897
920265101
920265101
920265101
774661415
755854635
816718271
753740512
787573307
756459459
757100719
822510179
755907613
754159392
753556972
895710503
895710503
924686208
822510179
924686208
822510179
857890137
857890137
779559891
857890137
888361689
857890137
752564299
754068311
753308007
888361689
757029387
754808793
950289386
950289386
950289386
915944889
798579085
816718271
758414277
752056506
955127397
798579085
816718271
888361689
798579085
755565270
824290160
754330350
888361689
798579085
888361689
834492817
752715144
752056506
870088151
751936885
954102116
954102116
824290160
798579085
754204273
760248792
874210656
779559891
874210656
753618827
798579085
798579085
779559891
874210656
865099801
989681020
865099801
970882705
970882705
970882705
940731645
970882705
755565270
940731645
928542474
834687744
756583590
834687744
834687744
834687744
754561997
834687744
755847351
754350455
834687744
752318653
834687744
753813129
888361689
756353077
760248792
760248792
753824686
752441082
773071555
753618827
759772745
751637608
758289572
752633027
761141630
909597711
756434437
909597711
753667674
760248792
760676759
800400847
800400847
912673624
800400847
760248792
753824686
752715144
756287459
962769051
962769051
962769051
962769051
962769051
962769051
962769051
962769051
962769051
962769051
962769051
962769051
768227384
962769051
768227384
858422965
858422965
858422965
858422965
962769051
962769051
768227384
962769051
800400847
800400847
921338215
921338215
760248792
962769051
921338215
921338215
921338215
755565270
959679550
962769051
921338215
921338215
962769051
788246300
788246300
959679550
788246300
962769051
962769051
998022932
788246300
788246300
755079933
788246300
962769051
962769051
927154857
927154857
766416662
927154857
959679550
996646926
766416662
962769051
997553896
997553896
997553896
997553896
942888592
997553896
997553896
997553896
942888592
942888592
942888592
751390546
959679550
832712667
751393397
832712667
832712667
983479211
937387522
937387522
932270680
932270680
932270680
933587858
959679550
933587858
932270680
832530591
932270680
932270680
932270680
933587858
886785969
832530591
933587858
932270680
832530591
886785969
832530591
832530591
832530591
832530591
933587858
832530591
855274503
832530591
910165046
832530591
832530591
832530591
801964300
832530591
832530591
832530591
832530591
832530591
832530591
752109097
832530591
832530591
751637608
814485623
814485623
855274503
814485623
966751729
855274503
820211401
788246300
820211401
754350455
937387522
934631230
934631230
934631230
968115493
968115493
820211401
751637608
855274503
752633027
752318653
953837598
953837598
752318653
953837598
953837598
999651047
753100053
999651047
999651047
999651047
999651047
999651047
861215984
953837598
999651047
835003994
835003994
953837598
835003994
862142507
835003994
835003994
835003994
835003994
835003994
835003994
862142507
835003994
835003994
835003994
773035244
835003994
910165046
766416662
835003994
813213975
855870727
855870727
855870727
753692734
766416662
755854635
766416662
754414542
832530591
753086767
909597711
855870727
771902328
855870727
771902328
855870727
814485623
753618827
835003994
751393397
855870727
800400847
815623265
815623265
771902328
909597711
755847351
800400847
752056506
956785232
771902328
835003994
751637608
855870727
755004363
763195214
855870727
771902328
855870727
752056506
813213975
813213975
797748082
797748082
771902328
835003994
797748082
766416662
763195214
772885094
763195214
766416662
862142507
763195214
763195214
770193206
763195214
752562410
814155678
862142507
752715144
763195214
888361689
766416662
755698105
766416662
755079933
862142507
772885094
751637608
767634856
752004871
888361689
772885094
888361689
752715144
752562410
752056506
888361689
753692734
888361689
832530591
835003994
799895984
752049004
754330350
754803856
888361689
835003994
757482656
752056506
947300394
799895984
779559891
759238060
751936885
837120996
872646863
919751690
872646863
919751690
919751690
768168789
872646863
872646863
872646863
872646863
958946431
958946431
958946431
958946431
958946431
958946431
900639117
975069211
975069211
958946431
900639117
958946431
958946431
958946431
885210293
885210293
885210293
885210293
885210293
935136203
872646863
964128073
837120996
935136203
812429379
935136203
798115805
798115805
798115805
935136203
798115805
798173479
798173479
798173479
798173479
798173479
954808570
965229966
965229966
965229966
965229966
965229966
965229966
954808570
798173479
965229966
958424557
965229966
965229966
781286693
798115805
798115805
798115805
798115805
798115805
965229966
798115805
798115805
798115805
872646863
798115805
919751690
872646863
954808570
757100719
965229966
813856583
813856583
965229966
813856583
836589454
872646863
958424557
836589454
947493228
947493228
958424557
947493228
947493228
947493228
836589454
836589454
942681830
947493228
942681830
813856583
947493228
947493228
942681830
946779035
942681830
942681830
942681830
942681830
946779035
849587196
946779035
849587196
920083219
920083219
920083219
920083219
849442913
920083219
920083219
942681830
926370741
926370741
926370741
919751690
849587196
919751690
849587196
849442913
781286693
849587196
780632090
811163658
811163658
914969357
836589454
914969357
849587196
811163658
849587196
836589454
836589454
781286693
836589454
849587196
835003994
811163658
835003994
829779239
849442913
829779239
829779239
914969357
849442913
849442913
914969357
829779239
832530591
824050002
780311545
811163658
824050002
832530591
798115805
876234028
900639117
768175017
780311545
781286693
832530591
780311545
888361689
888361689
781286693
849442913
817920323
849442913
900639117
849442913
824050002
872646863
756432473
900639117
824050002
849442913
888361689
781286693
849442913
835003994
835003994
824050002
760697906
900639117
760697906
817920323
760697906
776121861
849442913
817920323
849442913
758220052
849442913
756432473
817920323
760697906
849442913
888361689
813856583
960568878
760697906
960568878
952454482
952454482
781286693
952454482
952454482
952454482
850560243
850560243
967979383
967979383
967979383
967979383
760697906
889881965
889881965
850560243
848955510
848955510
835003994
848955510
809086716
849442913
848955510
809086716
848955510
809086716
849442913
848955510
800400847
813856583
809086716
835003994
813856583
752056506
751465363
809086716
809086716
760697906
968188753
968188753
968188753
968188753
856243415
805847959
856243415
760235204
888361689
757228694
760235204
856243415
760697906
754159392
754068311
760235204
776121861
757029387
959754721
858931769
959754721
943617182
776121861
805847959
871255746
950251769
950251769
854798242
943617182
943617182
943617182
943617182
893664298
893664298
837704228
893664298
893664298
894469866
967547228
894469866
871255746
854798242
854798242
894469866
894469866
854798242
858931769
871255746
871255746
854798242
871255746
854798242
858931769
858931769
854798242
854798242
837704228
837704228
837704228
837704228
837704228
837704228
837704228
837704228
835926460
837704228
823603968
823603968
812284902
812284902
802848251
812284902
804338537
802848251
804338537
812284902
804338537
812284902
858931769
812284902
802848251
802848251
858931769
852651018
805847959
852651018
802848251
802848251
990159727
990159727
802848251
802848251
802848251
852651018
852651018
776121861
805847959
776121861
852651018
852651018
852651018
980878917
802848251
980878917
776121861
758220052
802848251
802848251
757695371
757500547
802848251
752091826
800400847
800400847
760235204
760235204
754803856
757353245
799895984
751862413
760235204
760235204
776121861
955801306
835003994
800400847
760235204
955801306
760697906
760878533
756878357
799895984
753617237
760697906
805847959
768175017
758289572
799895984
986806942
753617237
756432473
756759906
761608413
986806942
761608413
822510179
753617237
798115805
768175017
756878357
753948099
781123874
781123874
781123874
800400847
887232492
803956516
781123874
784250111
887232492
781123874
887232492
768175017
753617237
757838270
756878357
756902678
918560377
918560377
758403900
760878533
918560377
977631676
977631676
977631676
965231613
965231613
965231613
965231613
965231613
846595485
846595485
846595485
846595485
918560377
810838939
887232492
918560377
810838939
810838939
846595485
846595485
846595485
846595485
826165416
826165416
846595485
784250111
846595485
810838939
846595485
799895984
810838939
810838939
784250111
846595485
765091556
846595485
810838939
768175017
753667674
979278931
846595485
753617237
810838939
810838939
765091556
784250111
907621411
907621411
871911687
871911687
871911687
907621411
784250111
871911687
871911687
907621411
872446416
872446416
872446416
872446416
871911687
872446416
751637608
872446416
872446416
871911687
834628151
834628151
834628151
810838939
752529510
810838939
898121494
898121494
898121494
788568851
956912036
810838939
997306314
753617237
788568851
997306314
997306314
898121494
770974595
752441082
753617237
765091556
765091556
753617237
940064278
765091556
990537987
990537987
898121494
843671350
898121494
898121494
898121494
898121494
843671350
898121494
843671350
752049004
843671350
918523278
918523278
918523278
985416804
843671350
768315819
918523278
927177915
927177915
927177915
927177915
840511050
927177915
927177915
918523278
918523278
918523278
840511050
840511050
918523278
918523278
918523278
841238536
918523278
918523278
918523278
841238536
841238536
918523278
927177915
841238536
843671350
841238536
843671350
754808793
753087217
831612503
831612503
831612503
753617237
809514870
753617237
841744816
841744816
841744816
852116414
852116414
852116414
841744816
789185256
754330350
789185256
789185256
753617237
789185256
799895984
789185256
799895984
799895984
799895984
756967389
758414277
758289572
755922433
799895984
760878533
753617237
756967389
753087217
768175017
761608413
758414277
927177915
810882242
756855040
810882242
755847351
773753697
799895984
931878873
972582480
931878873
931878873
784250111
969167221
893287000
773753697
893287000
755847351
982615537
982615537
982615537
982615537
982615537
982615537
982615537
982615537
886343799
886343799
982615537
890217881
890217881
890217881
890217881
886343799
890217881
967935601
967935601
886343799
886343799
753993240
886343799
774409204
934363541
934363541
981556687
886343799
934363541
934363541
864120520
758411927
886343799
969167221
926856142
926856142
926856142
926856142
997665113
926856142
755854635
926856142
926856142
926856142
890217881
753740512
774409204
755079933
757624723
890217881
774409204
757500547
795434624
754068311
753087217
753667674
857278600
857278600
857278600
857278600
752633027
795434624
857278600
774409204
857278600
883953243
883953243
857278600
773753697
773753697
753087217
857278600
857278600
857278600
751637608
857278600
857278600
818243004
818243004
881750837
851925626
851925626
851925626
851925626
818243004
784250111
844655183
883953243
774409204
782964387
782964387
782964387
782964387
752837630
779559891
773753697
753087217
751637608
765433858
795434624
969167221
756902678
757500547
779559891
753740512
922113770
969167221
922113770
922113770
922113770
774409204
773753697
797663067
898777127
898777127
756902678
757500547
758289572
773753697
797663067
754803856
756967389
751543317
806906573
753165524
768175017
753087217
773753697
774409204
886204841
976749465
763129606
754473089
773753697
757695371
774409204
758220052
773753697
754022587
755565270
754650765
757838270
773753697
795434624
752529510
758220052
753617237
795434624
905219001
905219001
754721240
755565270
753813129
826174067
826174067
826174067
760445367
774409204
826174067
784250111
771649995
779559891
771649995
797597215
797597215
797597215
779559891
773753697
752767914
754650765
806262018
757422701
757100719
797597215
806262018
761608413
761608413
753667674
874622816
874622816
751393397
874622816
751393397
756586543
797597215
757100719
755982452
865819906
779559891
839285257
795434624
839285257
953249864
933644374
933644374
930953217
930953217
930953217
898662658
898662658
930953217
865819906
839285257
865819906
969167221
920741778
920741778
920741778
920741778
920741778
850811448
920741778
920741778
850811448
920741778
920741778
859335563
920741778
920741778
859335563
859335563
850811448
859335563
859335563
850811448
859335563
853551981
853551981
853551981
850811448
910251585
910251585
841846483
910251585
850811448
910251585
910251585
905282335
850811448
905282335
850811448
905282335
850811448
928336798
969167221
832521880
853551981
990446796
853551981
832521880
990446796
850811448
990446796
943273944
850811448
850811448
879983465
879983465
879983465
928336798
840910774
769939538
840910774
840910774
850811448
769939538
850811448
890017270
957705388
868035122
868035122
890017270
890017270
833774769
840910774
840910774
840910774
769939538
941601161
941601161
832521880
850811448
985924857
985924857
879983465
965372348
840910774
965372348
951006602
951006602
951006602
966293303
951006602
769939538
966293303
951006602
978454292
966293303
897995213
957705388
897995213
951006602
769939538
951006602
897995213
957705388
957705388
951006602
897995213
951006602
769939538
910249906
929762441
833774769
969167221
951006602
951006602
951006602
758409780
951006602
951006602
876762251
769939538
876762251
929762441
929762441
833774769
929762441
832521880
769939538
833774769
990139689
809790322
990139689
969167221
930444824
990139689
990139689
990139689
890017270
950538195
930444824
990139689
930444824
930444824
930444824
876762251
990139689
990139689
930444824
990139689
868035122
990139689
927693050
927693050
990139689
990139689
957106784
957106784
982349815
809784706
876762251
809790322
907692914
976723620
789190218
907692914
839285257
930444824
990139689
930444824
930444824
930444824
930444824
927693050
769939538
832521880
809790322
928336798
832521880
809790322
930444824
809790322
927693050
769939538
927693050
809790322
809790322
969167221
938949453
990139689
833774769
830098066
963275948
963275948
938949453
963275948
938949453
769939538
871608552
938949453
981560286
927693050
927693050
777014661
871608552
871608552
871608552
833774769
777014661
832521880
832521880
888159732
832521880
832521880
930362889
930362889
820794314
820794314
820794314
820794314
830098066
930362889
930362889
930362889
820794314
830098066
820794314
933472281
933472281
888159732
908465852
947525049
947525049
947525049
947525049
947525049
933472281
933472281
809790322
809790322
908465852
908465852
933472281
820794314
933472281
933472281
933472281
930362889
930362889
933472281
809254470
809784706
769939538
933472281
930362889
809784706
887232492
820794314
933472281
830098066
809254470
933472281
830484242
832521880
760837480
933472281
933472281
830484242
809254470
830484242
809254470
933472281
827205201
809254470
839858379
839858379
839858379
839858379
839858379
839858379
839858379
839858379
923664526
923664526
827205201
830098066
827205201
827205201
830098066
830098066
830098066
830098066
830098066
830098066
771911905
868854827
830484242
796742202
830098066
820794314
823870923
777014661
830098066
830098066
830098066
927888051
778803118
927888051
809254470
830098066
820794314
771911905
849693971
849693971
786450055
786450055
798309366
830098066
809254470
809254470
798309366
823870923
809254470
820794314
820794314
809254470
944705411
796742202
809254470
830098066
809254470
771911905
766538298
809254470
809254470
798309366
836986575
798309366
820794314
820794314
786450055
809254470
808652206
862545420
766538298
969167221
788488549
771442061
796742202
788488549
808652206
788488549
887232492
771911905
778803118
769939538
809254470
788337604
778803118
769939538
991322410
991322410
769939538
923153937
923153937
923153937
923153937
923153937
911480956
911480956
911480956
911480956
882551699
911480956
911480956
911480956
882551699
882551699
911480956
882551699
797663067
766538298
774409204
760837480
779559891
766538298
795434624
778803118
868854827
803830203
778803118
920807678
920807678
867393091
870938911
870938911
870938911
867393091
867393091
867393091
867393091
933264424
933264424
928336798
867393091
794137062
867393091
803830203
925256191
923153937
925256191
925256191
925256191
920807678
925256191
925256191
925256191
923153937
794582665
874474503
874474503
794582665
794582665
845972750
792069325
794582665
792069325
794582665
792069325
792069325
794582665
785399042
794582665
785399042
792069325
794582665
991714947
927804635
860525032
911480956
795434624
792069325
785399042
792069325
797663067
792069325
795434624
778410672
852454863
911480956
812611652
792069325
778410672
785399042
881398895
923153937
778803118
778410672
779559891
795434624
779559891
771044249
778716028
771044249
766538298
771044249
771843528
778716028
771505210
999097392
771843528
792069325
792069325
778716028
866009955
771843528
866009955
779559891
866009955
865546861
866009955
866009955
866009955
901667123
901667123
928336798
800604957
800604957
901667123
898530792
898530792
898530792
898530792
898530792
778716028
855066626
898530792
855066626
846301351
866009955
866009955
918992051
918992051
918992051
915234080
866009955
866009955
866009955
855066626
855066626
766538298
855066626
855066626
855066626
866009955
866009955
846301351
846301351
800604957
814947551
766538298
800604957
918335101
918335101
918335101
918335101
918335101
918335101
918335101
894084252
918335101
918335101
918335101
800604957
973886584
973886584
918335101
918335101
894084252
894084252
886149695
886149695
797356299
886149695
814947551
912526800
773004257
981612663
981612663
998485561
998485561
998485561
981612663
773004257
981612663
981612663
766538298
814947551
773004257
976889833
976889833
976889833
806246333
974850187
806246333
814947551
880680080
880680080
880680080
868854827
819084765
819084765
819084765
819084765
819084765
970941792
877547910
970941792
834627010
970941792
834627010
831555272
831555272
970941792
806571833
806571833
831555272
806571833
831555272
806571833
806571833
831555272
806571833
831555272
831555272
868302692
774925276
819084765
813125719
970941792
804676820
970941792
831555272
804676820
943143668
943143668
895093779
992627753
895093779
895093779
813125719
895093779
895093779
992627753
970941792
895093779
992627753
895093779
813125719
805993626
992627753
813125719
774925276
895093779
895093779
862657907
895093779
819084765
862657907
927692673
992627753
992627753
943143668
905985038
927692673
927692673
927692673
927692673
927692673
813125719
927692673
927692673
905985038
813125719
905985038
958808813
958808813
958808813
958808813
970941792
919039568
905985038
919039568
943143668
828063378
905985038
905985038
947726197
760837480
947726197
905985038
905985038
828063378
905985038
890786071
943143668
951361438
919039568
951361438
970941792
919039568
806571833
906717514
951361438
951361438
855074254
771044249
855074254
905985038
828063378
855074254
804676820
805993626
823955894
819084765
771505210
905740034
905740034
805993626
943143668
771505210
905740034
905740034
771505210
873220934
970941792
905740034
905740034
905740034
779559891
905740034
779559891
905740034
804676820
943143668
868559291
905740034
868559291
905740034
766538298
823955894
804676820
805993626
805993626
806571833
771044249
806571833
774925276
806571833
855074254
769593982
769593982
779559891
819084765
769593982
774925276
805993626
805993626
800604957
804676820
928336798
804676820
943957563
943957563
872876106
804676820
769593982
845436850
845436850
845436850
845436850
845436850
845436850
952900560
845436850
779559891
845436850
845436850
845436850
952900560
800850119
769593982
771044249
767400784
980371720
997435665
980371720
771505210
767400784
834627010
769593982
920094762
947668582
980371720
920094762
920094762
768900524
920094762
920094762
920094762
834627010
834627010
795559384
920094762
768900524
767400784
920094762
920094762
920094762
864584719
795559384
920094762
795559384
937121867
920094762
937121867
920094762
920094762
773004257
767400784
767400784
771911905
834627010
920094762
771993493
771993493
920094762
920094762
771993493
771993493
771993493
826690812
771993493
834627010
773004257
853817648
771993493
771993493
826690812
800604957
766538298
948708990
948708990
948708990
948708990
948708990
948708990
948708990
980002736
773004257
955864798
955864798
948708990
948708990
800604957
948708990
980002736
856506621
980002736
856506621
797877607
856506621
948708990
856506621
856506621
797877607
982780358
982780358
982780358
982780358
982780358
982780358
780556126
856506621
982780358
853817648
797877607
850354722
948708990
979073828
780556126
979073828
979073828
850354722
797877607
979073828
872715104
979073828
979073828
850354722
979073828
780556126
874336554
874336554
874336554
979073828
874336554
780556126
766538298
780556126
980002736
797877607
767400784
767400784
970423430
922699748
980002736
980002736
853817648
767400784
766538298
766538298
970423430
766538298
853817648
766538298
979073828
761404139
979073828
780556126
780556126
979073828
979073828
992035537
992035537
992035537
992035537
992035537
992035537
992035537
992035537
980002736
936280584
936280584
936280584
936280584
936280584
936280584
936280584
963536374
936280584
980002736
979073828
991078688
991078688
991078688
991078688
991078688
991078688
857831277
991078688
991078688
940638864
940638864
940638864
948708990
940638864
936280584
948708990
940638864
940638864
940638864
936280584
948708990
940638864
936280584
900427181
821181089
936280584
900427181
850860766
900427181
923352934
923352934
923352934
923352934
850860766
850860766
826629676
826629676
923352934
829855582
821181089
955524190
826629676
829855582
850860766
928336798
850860766
886599409
886599409
886599409
886599409
876494759
850860766
850860766
826629676
934708058
934708058
934708058
934708058
934708058
826629676
821181089
850860766
850860766
826629676
821181089
826629676
868895027
868895027
868895027
857831277
774981965
793999542
809254470
919966256
919966256
919966256
919966256
919966256
919966256
793999542
945955753
964388735
945955753
945955753
945955753
945955753
945955753
945955753
793999542
945955753
793999542
792536478
793999542
857831277
793999542
793999542
780556126
780556126
857831277
792536478
775826028
797350980
792536478
792536478
834627010
775256426
771044249
780556126
775826028
780556126
983479211
834627010
775256426
792536478
775826028
827362593
827362593
834627010
780556126
780556126
771044249
797877607
768870608
773004257
819084765
773004257
792536478
768870608
771044249
792536478
771044249
834627010
780556126
976975345
976975345
919707688
919707688
919707688
919707688
919707688
919707688
919707688
919707688
919707688
774661415
919707688
771044249
760417823
793002769
793002769
760436271
834627010
973581519
785211990
973581519
973581519
793002769
834627010
771044249
793002769
771044249
771843528
887232492
762747512
834627010
857831277
834627010
793002769
792536478
882216995
882216995
882216995
796171480
839009097
796171480
796171480
797877607
922458023
796171480
760417823
857831277
796171480
796171480
857831277
796171480
805993626
977173899
977173899
977173899
977173899
977173899
977173899
977173899
929059013
929059013
929059013
929059013
875119200
929059013
929059013
929059013
929059013
796171480
760417823
929059013
903500702
903500702
929059013
903500702
903500702
797877607
868961698
949239533
949239533
857831277
949239533
946515342
857831277
989933773
989933773
894055586
989933773
989933773
894055586
989933773
894055586
894055586
894055586
894055586
894055586
894055586
989933773
868961698
796171480
894055586
894055586
991015891
991015891
989933773
991015891
991015891
991015891
894055586
991015891
874136135
991015891
991015891
991015891
921662519
991015891
874136135
874136135
874136135
874136135
874136135
874136135
874136135
874136135
874136135
969167221
805915434
781814146
805915434
805915434
787177712
996493038
796171480
787177712
874136135
787177712
874136135
781814146
787177712
787177712
787177712
787177712
793002769
758409780
787177712
805993626
781814146
781814146
762747512
793002769
823955894
760417823
760417823
963487078
963487078
760417823
963487078
963487078
787177712
963487078
963487078
963487078
760417823
761404139
775256426
780344052
780344052
929375190
929375190
929375190
929375190
897348488
897348488
897348488
897348488
777584840
777584840
805993626
777584840
755107161
777584840
793002769
777584840
777584840
973173684
973173684
958876463
792536478
777584840
777584840
780556126
761404139
809254470
778458692
764386269
955077532
987980251
987980251
987980251
955077532
955077532
936668724
936668724
936668724
987980251
936668724
987980251
794137062
956969874
787177712
936668724
903835327
987980251
936668724
936668724
902172394
903835327
771505210
923477751
923477751
923477751
923477751
923477751
923477751
902172394
862267900
903835327
890089016
890089016
935989085
780556126
862267900
862267900
935989085
890089016
890089016
903835327
863071058
862267900
862267900
774925276
862267900
790869487
758409780
947686458
904619389
904619389
904619389
904619389
955094080
792536478
797877607
792536478
773004257
762747512
771843528
792536478
760417823
762747512
762747512
766538298
758409780
771044249
773004257
766538298
764386269
872618428
778458692
795434624
760417823
983841872
983841872
754096968
832330011
779559891
832330011
832330011
904619389
773004257
832330011
832330011
832330011
832330011
832330011
886660897
942157918
898711596
898711596
904619389
898711596
963341280
897123953
886660897
904619389
898711596
886660897
956239085
886660897
956239085
886660897
886660897
886660897
886660897
886660897
982670758
982670758
886660897
982670758
881293011
855661430
886660897
982670758
998188357
818710321
982670758
818710321
886660897
886660897
818710321
818710321
818710321
881293011
886660897
881293011
840911768
818710321
840911768
876578496
881293011
982670758
818710321
881293011
895746525
833590366
833590366
881293011
833590366
833590366
833590366
833590366
960903592
960903592
982670758
960903592
825113971
833590366
960903592
840911768
833590366
840911768
886938886
982670758
886938886
886938886
886938886
886938886
886938886
886938886
960903592
833590366
859198558
886938886
886938886
833590366
859198558
840911768
886938886
825113971
960903592
825113971
840911768
960903592
911819191
833590366
911819191
911819191
911819191
818710321
911819191
893276992
893276992
833590366
818710321
982670758
971414185
971414185
811549722
919770829
960903592
919770829
818710321
818710321
919770829
919770829
960903592
815083224
909404202
909404202
821456435
821456435
954693930
821456435
848518917
848518917
960903592
909404202
909404202
987188986
909404202
987188986
833507026
909404202
848518917
848518917
839145757
848518917
909404202
848518917
833507026
903835327
903835327
886660897
848518917
844043294
903835327
844043294
886660897
848518917
848518917
848518917
844043294
844043294
844043294
909404202
844043294
844043294
909404202
819363526
819363526
819363526
821456435
819363526
819363526
819363526
815083224
844043294
818710321
844043294
964784423
964784423
844043294
964784423
964784423
815083224
815083224
818710321
815083224
815083224
964784423
964784423
964784423
815083224
811811648
814957764
811811648
811811648
818710321
833507026
811811648
811811648
839145757
811549722
811549722
811811648
818710321
811811648
818710321
811549722
960903592
849883660
818710321
795116496
818710321
886660897
814957764
854138684
854138684
854138684
962462530
962462530
854138684
854138684
811549722
811811648
795116496
854138684
795116496
795116496
795116496
818710321
811549722
923153937
815083224
795116496
811549722
789752024
795116496
930700006
839145757
796171480
795116496
795116496
788493000
849883660
795116496
796171480
815083224
849883660
815083224
788493000
893155270
811549722
886660897
788493000
849883660
794762926
909473334
909473334
909473334
794762926
839145757
839145757
817718761
817718761
811811648
817718761
839145757
818497842
909473334
788493000
789752024
778046873
788493000
815083224
833590366
811811648
778046873
811811648
811811648
992322853
992322853
894408912
842890640
842890640
992322853
842890640
842890640
992322853
909473334
992322853
842890640
842890640
842890640
953177441
842890640
842890640
842890640
789752024
819862598
811811648
811811648
846858741
811811648
851596454
795116496
811811648
811811648
842890640
851596454
851596454
789937638
811549722
851596454
869032798
851596454
789752024
788493000
851596454
886660897
846858741
851596454
851596454
846858741
956384300
956384300
788493000
811811648
821973768
821973768
788493000
811549722
788493000
846858741
795116496
811549722
795116496
956384300
781979914
790869487
811549722
842890640
781814146
795116496
778046873
781979914
811549722
778046873
789937638
789752024
809070661
809070661
795116496
778046873
781979914
778046873
790869487
923153937
795116496
803771882
923153937
842890640
824224851
789937638
874848914
824224851
879367512
960903592
879367512
879367512
879367512
879367512
879367512
886660897
879367512
879367512
879367512
771442719
879367512
771442719
771442719
874848914
874848914
867457439
990017535
798387914
842890640
771442719
902259895
811090642
771442719
811090642
815083224
874848914
798387914
779129810
795116496
795116496
779129810
779129810
779129810
886660897
779129810
824141272
779129810
824141272
824141272
779129810
779129810
779129810
824141272
966472712
966472712
869032798
856704049
856704049
815471915
779129810
869032798
869032798
781979914
987450208
987450208
856704049
779626449
987450208
923153937
869032798
824224851
815471915
795116496
781979914
846858741
798387914
781979914
869032798
798387914
779626449
779626449
833590366
779129810
781979914
795116496
960082045
781979914
779626449
824141272
779129810
781979914
779626449
869032798
815471915
779626449
846750989
846750989
851596454
779129810
781979914
995976104
991706444
779129810
846750989
782855819
851596454
942226592
771442719
779129810
851596454
854280678
854280678
854280678
824141272
824141272
846858741
778046873
771442719
810069085
810069085
771442719
789937638
770004414
767450012
775826028
851525811
851525811
851525811
851525811
919548834
851525811
851525811
919548834
770004414
775180990
771442719
890191004
890191004
770605712
890191004
890191004
802557728
779129810
775180990
779129810
779129810
887232492
789937638
770004414
942362381
942362381
942362381
780154059
942362381
837120157
844266915
770004414
942362381
844266915
770004414
844266915
844266915
844266915
844266915
843282036
942362381
843282036
843282036
942362381
942362381
942362381
775826028
899683087
899683087
899683087
780154059
771442719
781979914
833590366
767450012
946815872
833590366
788761172
824141272
881671168
881671168
833590366
788761172
837120157
767450012
788761172
774843499
878542331
878542331
878542331
786982452
907365431
786982452
833590366
786982452
775826028
780154059
775826028
942885218
780154059
957893281
957893281
957893281
957893281
957893281
957893281
824141272
771442719
781979914
824141272
824141272
780154059
824141272
767519652
780154059
770605712
767519652
780154059
780154059
822054423
789937638
953517136
953517136
767519652
953517136
838380313
838380313
838380313
838380313
838380313
838380313
838380313
767450012
969583154
767519652
969583154
969583154
838380313
780154059
767450012
767519652
807033754
771442719
851596454
861079328
861079328
780154059
837959412
824141272
775575194
855393527
770004414
807033754
767519652
788090442
767450012
767519652
973283012
780154059
780154059
789937638
789937638
778046873
770004414
780154059
767450012
843606152
843606152
843606152
843606152
973283012
767450012
798188591
798188591
869684292
869684292
913467512
869684292
869684292
798188591
869684292
869684292
869684292
973283012
869684292
932487367
932487367
932487367
973283012
947342163
947342163
932487367
932487367
932487367
932487367
984095881
984095881
876760544
932487367
876233232
798188591
766356908
932487367
876233232
932487367
876233232
843281125
972564043
817508644
914557573
858677735
914557573
914557573
972564043
876233232
876233232
853456366
876233232
972564043
853456366
869684292
853456366
876233232
973283012
876233232
973283012
973283012
972564043
999561181
999561181
999561181
999561181
869684292
817119637
956009746
817119637
859072601
859072601
904073261
859072601
956009746
914564792
914564792
956009746
914564792
914564792
914564792
956009746
859072601
876760544
817508644
859072601
876760544
830030787
881350710
830030787
858677735
881350710
881350710
881350710
817119637
881350710
858677735
876760544
934569033
934569033
859072601
843281125
830366116
861489153
817119637
843606152
869684292
941718543
853456366
853456366
973283012
830366116
853456366
869684292
869684292
869684292
817508644
799827891
853456366
799827891
869684292
817119637
869684292
817119637
799827891
799827891
817508644
973283012
859072601
853456366
838105851
853456366
853456366
789145127
890076068
792627435
890076068
890076068
890076068
792627435
853456366
846858741
875725625
817119637
817119637
773104608
875725625
817119637
789145127
817119637
803616216
789145127
875725625
789145127
792627435
834891544
773104608
798188591
798188591
803616216
792627435
797129593
846858741
767450012
792627435
773104608
778046873
777927890
775575194
767450012
803616216
798188591
846858741
846858741
806385120
806385120
806385120
777927890
798188591
756916384
777927890
775575194
756916384
777927890
773104608
779129810
788090442
856708490
856708490
856708490
756916384
756916384
856708490
803616216
919166872
919166872
766356908
919166872
856708490
773406273
789937638
919166872
773104608
766356908
766356908
766356908
773104608
766356908
775256426
861431186
861431186
832723079
817909472
861431186
861431186
817909472
817909472
876760544
908815914
817909472
817909472
817909472
838105851
817909472
817909472
778046873
830366116
817909472
766356908
817909472
817909472
794835581
778046873
794835581
756972423
794835581
773104608
999387276
773104608
773104608
771442719
771442719
766356908
817188766
775826028
999387276
817188766
778046873
920812926
999387276
949568781
999387276
766407414
920812926
920812926
766356908
766356908
817188766
756916384
760417823
754266653
908815914
879660141
843726462
843726462
843726462
843726462
843726462
922645533
775256426
817188766
922645533
755107161
789525635
773104608
770600362
789525635
778046873
769593982
758409780
789525635
789525635
789937638
760299387
789525635
778046873
865550029
835870763
865550029
844082188
844082188
855778435
835870763
778046873
835870763
807223119
835870763
819743620
835870763
908815914
819743620
819743620
807223119
807223119
961233583
961233583
961233583
961233583
961233583
961233583
819490181
754266653
837959412
807223119
819490181
851596454
812745746
855778435
812745746
807223119
851596454
807223119
807223119
808732110
807223119
808732110
919089071
761404139
761404139
754266653
808732110
882538925
789525635
758409780
758409780
762747512
755319170
920825227
851596454
924079749
924079749
967207871
967207871
967207871
967207871
967207871
920825227
967207871
830366116
861040815
967207871
924079749
864960201
861040815
807223119
807223119
802782655
821847172
802782655
807223119
766356908
960779128
960779128
758409780
802782655
923153937
802782655
802782655
807223119
795434624
807223119
807223119
877883803
877883803
877883803
877883803
798534245
877883803
795434624
877883803
914499367
798534245
755319170
830366116
837959412
912233546
798534245
912233546
909854787
855778435
907413823
798534245
798534245
798534245
938584075
938584075
938584075
798534245
798534245
798534245
912233546
912233546
798534245
755107161
759197659
759197659
766356908
792730878
837959412
798534245
792306559
792306559
758409780
771779467
798534245
837959412
778046873
888811945
888811945
872694064
872694064
788090442
831682538
855778435
831682538
833576439
831682538
837959412
831682538
831682538
792730878
837120157
833576439
794835581
754266653
792730878
756972423
794835581
771779467
792730878
879639985
879639985
879639985
778046873
766356908
766356908
766356908
766538298
769593982
932016585
773104608
796171480
794835581
989015026
989015026
989015026
989015026
989015026
989015026
989015026
989015026
989015026
775575194
754096968
879639985
806261400
895857937
806261400
895857937
895857937
932016585
895857937
766356908
806261400
766356908
879639985
756916384
792627435
806261400
756916384
756972423
775256426
851596454
771044249
762747512
754937432
833576439
778716028
846858741
754266653
832978592
806261400
775826028
775256426
781814146
972232366
792730878
766538298
756972423
972857752
754096968
758409780
885673117
972857752
972857752
885673117
758409780
885673117
766407414
756972423
755107161
758409780
769593982
815471915
792627435
775826028
885673117
792951653
885673117
758409780
792951653
792951653
764386269
792951653
792951653
781814146
761230464
760299387
774864646
815471915
796171480
761230464
774864646
774864646
761230464
774864646
764386269
758409780
790869487
792951653
761230464
761230464
773104608
881620371
848012183
848012183
848012183
848012183
848012183
886535882
774864646
885673117
775826028
761230464
789920029
789920029
775256426
836465824
789920029
761404139
811337079
761230464
792951653
836465824
766356908
811337079
774864646
761500998
754096968
762747512
836465824
836465824
789920029
773406273
786175766
885673117
946472072
946472072
946472072
956534571
946472072
815471915
815471915
786175766
956534571
769593982
773406273
792627435
754937432
756916384
766356908
806261400
806261400
792627435
905340583
956534571
905340583
903655007
905340583
905340583
905340583
903655007
903655007
903655007
956534571
873812339
873812339
873812339
873812339
989862402
989862402
989862402
989862402
873812339
983267807
873812339
927414403
850281666
927414403
873812339
850281666
873812339
988446007
988446007
850950152
927414403
927414403
956534571
873812339
885673117
850281666
897554680
897554680
873812339
850950152
897554680
797006259
850950152
873812339
850950152
873812339
897554680
771442719
897554680
885673117
873812339
850281666
850281666
797927247
797927247
797006259
797927247
797006259
797927247
797006259
873812339
837459794
773104608
862462608
894266705
897554680
993885547
993885547
993885547
862462608
993885547
993885547
862462608
897554680
993885547
993885547
993885547
946812781
862462608
946812781
946812781
946812781
946812781
894444783
894444783
837459794
946812781
946812781
929640259
780863518
780863518
993885547
929640259
923153937
862462608
862462608
993885547
862462608
862462608
862462608
993885547
929640259
804732587
754937432
946812781
946812781
946812781
804732587
761230464
928136837
928136837
928136837
928136837
755319170
894266705
837459794
862462608
804732587
789534583
928136837
894266705
789534583
754266653
838759641
894266705
754096968
862462608
789534583
862462608
894266705
819078866
921584452
921584452
819078866
894266705
862462608
862462608
862462608
862462608
766356908
787769275
862462608
754096968
779129810
766407414
862462608
792951653
754937432
815471915
949817703
949817703
819078866
949817703
803306898
949817703
804732587
949817703
949817703
949817703
859382817
859382817
923153937
754937432
761230464
862462608
862462608
754096968
778716028
862462608
862462608
773104608
804732587
761404139
761230464
862462608
775575194
754266653
851596454
972361613
972361613
861489845
972361613
837459794
972361613
861489845
984056165
984056165
851596454
984056165
861489845
984056165
861489845
770605712
984056165
771442719
894999040
972361613
837433603
778716028
837433603
837433603
837433603
775256426
778716028
837433603
780863518
837433603
813047378
819078866
813047378
813047378
813047378
887639943
977754674
977754674
977754674
977754674
977754674
977754674
977754674
887639943
967789029
967789029
965830960
887639943
967789029
838105851
754937432
887639943
887639943
887639943
880821028
844241549
887639943
804732587
887639943
887639943
880821028
803306898
880821028
803306898
887639943
752236601
969167221
794893624
844241549
880821028
923153937
794893624
797006259
844241549
797006259
754266653
752236601
755107161
780863518
809650823
792627435
797006259
754266653
809650823
797006259
815471915
972128880
787053343
787053343
789534583
972128880
787053343
787053343
787053343
789534583
789534583
789534583
778716028
754266653
787053343
794835581
787053343
754096968
863175725
863175725
863175725
759329769
787053343
787053343
900556577
900556577
761230464
900556577
780863518
755319170
900556577
900556577
892632686
892632686
892632686
892632686
892632686
781015342
892632686
892632686
787053343
787053343
787053343
779551490
779551490
779551490
792951653
779551490
779551490
779551490
779551490
779551490
779551490
780863518
955335160
955335160
779551490
833576439
759197659
759197659
792730878
833576439
780863518
794835581
771442719
776027921
776027921
776027921
776027921
883505672
883505672
883505672
780863518
780863518
779551490
770004414
883505672
779551490
800877353
800877353
800877353
982523977
800877353
982523977
754937432
755107161
982523977
770004414
982523977
779559891
756972423
982523977
770004414
756916384
762747512
837959412
770605712
861698933
861698933
761230464
755107161
770004414
861698933
861698933
861698933
861698933
873823590
778716028
754266653
861698933
996280805
996280805
787524434
771911905
787524434
912685497
838285745
754266653
838285745
766407414
772216588
756972423
772216588
752236601
972322075
759329769
972322075
966147464
966147464
773104608
754937432
774409204
760633322
762747512
764386269
795954554
795954554
795954554
755107161
846858741
815894335
815894335
815894335
754266653
766356908
766356908
751859247
773104608
794835581
762747512
772216588
758409780
930178900
754266653
930178900
778458692
795954554
778458692
833576439
754266653
877768492
915277831
877768492
875387707
875387707
877768492
754096968
877768492
877768492
798163743
877768492
800604957
875387707
875387707
877768492
754937432
877768492
875387707
851075336
875387707
851075336
851075336
755319170
798163743
798163743
760837480
772216588
777927890
846858741
752236601
815894335
798163743
800604957
772216588
756972423
787177712
772216588
810718739
971583205
971583205
810718739
810718739
762747512
971583205
754937432
766356908
758409780
815894335
766538298
794835581
759329769
838105851
754096968
752236601
762747512
794137062
787177712
777927890
754266653
754937432
993479776
754266653
787769275
769939538
756916384
778716028
754096968
971019180
971019180
971019180
932668640
932668640
971019180
971019180
934764850
971019180
751859247
971019180
934764850
934764850
836974577
802242757
932668640
971019180
836974577
809462084
932668640
884037504
932668640
932668640
884037504
971019180
884037504
884037504
884037504
836974577
836974577
971019180
790869487
836974577
836974577
836974577
796171480
971019180
796794309
838105851
763785912
789017005
789017005
755107161
996965653
996965653
881009805
881009805
996232340
996232340
881009805
790869487
996232340
996232340
996232340
881009805
881009805
766356908
881009805
766538298
928065679
939491395
939491395
939491395
921844557
921844557
939491395
913647953
921844557
921844557
921844557
920540449
921844557
921844557
921844557
920540449
921844557
920540449
921844557
921844557
920540449
920540449
920540449
920540449
913647953
929867967
913647953
754266653
913647953
920540449
920540449
913647953
929867967
920540449
913647953
913647953
921844557
881009805
881009805
881009805
763785912
770004414
773104608
809462084
766356908
775256426
767799148
929867967
929867967
767799148
988115301
771911905
838105851
767799148
881009805
771911905
778046873
881009805
785536371
921844557
819245615
936723491
936723491
936723491
846486629
766538298
846486629
754266653
929867967
785536371
841896681
881009805
841896681
841896681
841896681
929867967
841896681
841896681
881009805
841896681
773037497
841896681
877880036
773037497
841896681
752236601
877880036
754266653
942970440
942970440
942970440
942970440
783117016
881009805
807033754
752236601
790869487
785536371
789017005
792951653
773037497
881009805
755107161
766538298
759329769
773037497
773037497
759329769
754266653
837959412
763785912
763785912
766356908
785536371
752236601
789017005
881009805
769939538
754096968
951325506
951325506
951325506
755107161
951325506
766538298
879864136
766187192
879864136
881009805
809462084
837959412
898521057
898521057
898521057
757357102
898521057
898521057
792730878
898521057
860239882
878921253
878921253
878921253
806261400
860239882
810498227
837959412
794835581
810498227
798468716
774925276
807033754
897210396
752236601
766356908
800604957
917382227
917382227
917382227
917382227
917382227
897210396
897210396
859927325
846959745
859927325
986946334
986946334
986946334
806261400
986946334
986946334
986946334
841642103
841642103
986946334
841642103
802641797
986946334
846866168
846959745
846959745
846866168
846959745
846866168
846959745
822900448
822900448
841642103
846959745
846959745
841642103
841642103
896475525
846959745
896475525
846959745
802641797
896475525
802641797
896475525
846959745
802641797
802641797
846959745
802641797
802641797
814481914
846959745
771764859
802641797
814481914
802641797
927093462
814481914
799446422
799446422
901915289
901915289
799446422
799446422
771764859
901915289
814481914
802641797
799446422
814481914
799446422
757357102
771764859
756593085
756593085
771764859
802641797
802641797
846959745
846959745
771764859
756593085
802641797
802641797
814481914
756593085
814481914
846959745
881009805
766776710
756593085
756593085
881009805
773104608
769939538
766538298
766187192
773546288
802641797
817056347
771911905
806261400
758409780
766538298
796171480
777604191
771911905
767400784
839582569
839582569
773406273
839582569
839582569
779129810
839582569
766776710
863387438
862605566
863387438
756593085
794137062
756593085
774925276
790869487
766356908
863387438
794137062
768241857
814481914
778046873
752236601
756593085
752236601
773406273
771911905
777604191
756593085
768241857
862606562
862606562
862606562
985949042
756916384
771911905
780863518
985949042
985949042
780863518
751859247
985949042
985949042
755107161
838105851
768241857
774925276
777604191
778716028
759197659
755107161
775575194
773406273
758409780
754096968
825402929
752056506
768241857
779129810
794137062
752562410
870663870
870663870
870663870
870663870
864767287
870663870
870663870
870663870
870663870
870663870
870663870
864767287
870663870
766356908
768241857
775575194
901354241
775575194
901354241
870663870
870663870
754937432
756916384
774661415
754096968
766407414
901354241
870663870
766187192
768241857
766187192
788239124
788239124
788239124
788239124
788239124
766356908
781814146
754096968
800604957
762747512
752049004
800604957
768241857
779129810
813656986
760837480
758409780
754096968
867116340
930047775
930047775
930047775
867116340
930047775
867116340
930047775
930047775
867116340
930047775
984769162
930047775
930047775
867116340
867116340
984769162
875589926
875589926
875589926
888163762
875589926
875589926
875589926
984769162
984769162
833116804
762747512
902995734
902995734
902995734
908170531
902995734
908170531
902995734
927860535
771764859
751637608
781159811
833116804
833116804
781159811
781159811
781159811
859998067
752767914
919152621
758409780
867116340
781159811
762747512
754096968
919152621
831300643
831300643
919152621
751393397
781159811
766407414
781159811
868432674
766407414
868432674
868432674
919152621
755107161
781159811
781159811
868432674
868432674
868432674
754937432
868432674
754096968
868432674
787052621
792627435
787052621
868432674
787052621
963294298
867116340
963294298
963294298
814947882
841570833
841570833
792627435
841570833
868432674
841570833
985284887
841570833
841570833
985284887
841570833
954837208
868432674
954837208
781159811
841570833
841570833
841570833
841570833
754096968
814947882
778046873
814947882
762747512
751637608
775575194
867116340
756593085
752049004
751917227
756593085
778716028
751390546
766538298
813656986
811892733
759269877
774661415
766356908
804533209
773406273
756593085
896114211
896114211
773406273
773406273
773406273
927735082
761230464
927735082
927735082
927735082
927735082
896765369
927735082
761500998
927735082
774661415
927735082
756593085
896765369
896765369
816934435
896114211
816934435
896765369
783163255
816934435
783163255
852061407
885920738
885920738
852061407
852061407
783163255
783163255
896837474
751543317
885866145
885866145
885866145
851125525
852061407
910841130
787769275
783163255
910841130
867116340
783163255
910841130
920468993
920468993
910841130
920468993
920468993
920468993
920468993
920468993
910841130
920468993
910841130
920468993
910841130
899156252
783163255
910841130
899156252
751390546
751859247
783163255
783163255
920468993
783163255
778250374
783163255
852459090
852459090
842151565
852459090
852459090
852459090
852459090
852459090
797877607
957451670
957451670
957451670
957451670
851125525
797877607
830366116
790869487
783163255
962288129
962288129
783163255
778250374
766356908
752236601
761500998
766538298
792627435
985236592
919567341
985236592
842824851
850616579
985236592
825454280
825454280
825454280
756593085
754937432
850616579
985236592
985236592
882793729
825454280
882793729
829443332
985236592
962465388
962465388
882793729
962288129
761500998
882793729
962288129
962288129
882793729
882793729
778250374
882793729
863912419
761230464
863912419
842824851
863912419
842824851
829443332
829443332
842824851
792398714
792398714
829443332
829443332
813863863
813863863
813863863
813863863
845042039
845042039
792398714
845042039
954287992
845042039
954287992
833165297
792398714
792398714
792398714
768086102
915095420
915095420
915095420
833576439
967412336
967412336
915095420
915095420
915095420
915095420
765816620
787769275
915095420
765816620
915095420
756703625
790869487
772155496
765816620
772155496
756703625
797877607
910841130
829443332
765816620
756703625
942359508
878261884
878261884
794521517
878261884
878261884
878261884
765816620
772155496
794521517
772155496
829443332
878261884
772155496
910841130
773004257
794521517
765816620
794521517
756703625
899047973
756703625
910841130
899047973
899047973
768086102
899047973
756703625
761484757
899047973
899047973
899047973
774661415
756703625
953710776
953710776
756703625
765816620
899047973
953710776
756703625
899047973
787053343
766187192
899047973
756703625
756703625
899047973
759461677
755107161
773004257
768086102
754937432
772155496
899047973
761484757
829443332
933727619
933727619
933727619
933727619
933727619
857157648
857157648
933727619
933727619
857157648
827866443
939695741
939695741
939695741
827866443
847149978
939695741
827866443
939695741
847149978
827866443
847149978
847149978
831099119
831099119
858128678
847149978
858128678
858128678
902265464
902265464
902265464
902265464
902265464
902265464
947067898
947067898
947067898
947067898
947067898
920034627
947067898
920034627
920034627
858128678
902265464
836593820
836593820
836593820
836593820
827866443
946754141
946754141
946754141
946754141
879369542
857157648
879369542
879369542
857157648
857157648
827866443
857157648
865350750
879369542
865350750
865350750
865350750
879369542
865350750
865350750
857157648
857157648
836593820
831099119
836593820
836593820
836593820
752685391
879369542
831099119
867833810
831099119
836593820
879369542
867833810
847149978
867833810
836593820
836593820
847149978
836593820
831099119
950105851
835732914
912340806
847149978
912340806
912340806
827866443
827866443
912340806
912340806
827866443
815894335
790869487
831099119
831099119
798108186
847149978
831099119
831099119
831099119
831099119
827866443
916328225
916328225
916328225
996507705
996507705
808521905
891580367
831099119
891580367
847149978
847149978
891580367
884412157
884412157
982935218
982935218
831099119
991852341
982935218
982935218
982935218
780359390
891580367
918317330
918317330
827866443
884412157
884412157
827866443
808521905
808521905
793184202
827866443
965820643
816946932
827866443
940402033
940402033
957565812
847149978
777157860
858678714
780359390
849038165
849038165
858678714
808521905
904033674
858678714
884412157
828027032
828027032
884412157
858678714
808521905
828027032
828027032
828027032
944458495
944458495
944458495
793604699
858678714
793604699
828027032
780359390
777157860
784744350
828027032
893284258
893284258
893284258
827280114
827280114
827280114
827280114
828027032
803418032
784744350
849038165
827280114
849038165
827280114
849038165
849038165
849038165
803418032
827280114
827280114
803418032
803418032
803418032
827280114
803418032
845247874
845247874
784744350
845247874
999632624
784744350
999632624
999632624
999632624
999632624
999632624
999632624
999632624
859091029
803418032
803418032
859091029
803418032
803418032
803418032
776943991
845837597
885864339
885864339
885864339
885864339
885864339
829511887
793184202
954797617
847874336
847874336
946226777
885864339
946226777
885864339
885864339
816730912
816730912
829511887
829511887
852523108
829511887
829511887
852523108
852523108
829511887
946342653
761414623
816730912
973832989
973832989
852523108
901071792
901071792
973832989
901071792
973832989
975454908
845575158
852523108
822259289
822259289
973832989
816730912
827280114
784744350
816730912
771392034
852523108
768086102
816730912
793184202
784744350
829443332
997022145
997022145
997022145
997022145
798515079
997022145
997022145
997022145
997022145
997022145
960837027
774661415
988235821
798515079
768086102
798515079
776943991
784883330
960837027
974036364
781979914
974036364
784883330
784883330
788291805
974036364
974036364
989483453
784883330
989483453
989483453
771392034
989483453
772437529
778843847
777157860
771392034
771392034
778843847
768086102
778843847
771392034
771392034
973832989
772437529
771392034
841840633
772437529
841840633
772155496
874988643
874988643
874988643
772155496
874988643
936791698
840800618
772155496
840800618
840800618
787053343
755921226
840800618
840800618
936791698
840800618
840800618
840800618
962962831
962962831
768086102
962962831
840800618
840800618
840800618
840800618
840800618
840800618
788291805
755921226
839161583
771392034
773004257
771392034
814947882
761626280
800261801
761626280
761626280
771392034
761414623
771392034
830366116
755921226
774788233
761626280
807033754
771392034
800261801
755921226
779129810
773406273
761626280
815471915
761626280
973832989
800261801
764386269
772155496
761414623
908305793
908305793
908305793
908305793
928468712
908305793
908305793
908305793
764386269
908305793
761414623
773004257
806261400
761414623
755921226
755921226
772155496
761230464
755921226
756593085
787052621
755921226
755921226
759461677
800261801
899974539
899974539
764386269
899974539
769024115
779129810
930690218
996717378
996717378
930690218
996717378
930690218
996717378
769024115
759971585
950031260
950031260
950031260
930690218
950031260
940143389
940143389
882006644
940143389
882006644
940143389
893473202
893473202
893473202
893473202
893473202
893473202
893473202
882006644
882006644
764552486
764552486
853556231
882006644
853556231
787769275
821266189
853556231
759971585
764552486
769024115
759971585
821266189
755921226
769024115
872581009
872581009
890139900
872581009
890139900
872581009
872581009
953950391
872581009
872581009
872581009
953950391
872581009
953950391
953950391
833245677
967246892
967246892
967246892
967246892
967246892
967246892
812669595
759327835
754937432
758494026
759971585
813863863
872581009
961131916
872581009
758494026
833245677
792951653
770004414
833245677
897225665
758494026
760837480
917083565
917083565
917083565
759971585
917083565
917083565
917083565
925768806
778908167
755921226
845258131
845258131
845258131
754937432
985472723
985472723
845258131
925768806
845258131
753232339
778908167
845258131
773406273
845258131
960451348
845258131
845258131
758494026
845258131
771843528
827286216
853556231
768241857
770004414
773406273
754266653
758494026
755128993
787769275
759461677
790869487
758494026
772155496
867785998
759461677
867785998
867785998
771843528
867785998
925320871
925320871
755921226
925320871
925320871
925320871
755128993
837959412
772437529
755128993
755723641
756593085
937928455
937928455
937928455
869036200
937928455
937928455
761230464
756916384
771505210
755128993
755128993
761608413
814052864
760837480
756916384
767830088
754266653
778908167
906720711
906720711
906720711
906720711
885404081
906720711
885404081
885404081
766356908
754067090
759461677
773864761
814052864
773864761
756916384
885404081
767830088
755128993
761608413
759327835
779129810
885404081
755128993
754096968
755921226
759461677
770004414
772155496
754096968
755319170
885404081
778250374
773004257
807033754
768241857
906720711
755128993
755128993
755128993
772155496
773406273
756972423
770004414
818947294
818947294
885404081
906720711
818947294
755723641
755723641
906720711
771392034
766407414
888877290
885404081
888877290
888877290
888877290
906720711
937968777
937968777
937968777
937968777
937968777
937968777
977368511
948904957
948904957
976386298
976386298
977368511
976386298
948904957
977368511
976386298
948904957
938194217
938194217
938194217
932592773
937968777
932592773
976386298
976386298
906720711
932592773
985366253
985366253
985366253
948904957
948904957
948904957
932592773
932592773
904691059
904691059
818947294
755055259
904691059
906720711
872433037
872433037
818947294
872433037
818947294
774614145
904691059
753232339
759116370
849824465
774614145
774614145
752753426
755055259
774614145
755055259
849824465
774614145
754096968
885404081
904997898
904997898
904997898
904997898
904997898
840313214
760697906
755055259
849824465
759329769
755055259
849824465
849824465
774614145
849824465
761608413
752753426
774614145
759116370
752753426
773004257
992101283
992101283
992101283
992101283
992101283
992101283
992101283
992101283
992101283
932513536
849824465
759116370
759327835
774614145
759329769
756593085
985366253
786042907
849824465
786042907
786042907
755055259
807033754
752367826
943616828
943616828
943616828
943616828
786042907
946704060
752367826
761608413
946704060
847865270
760417823
760154679
884176116
755656945
773406273
772155496
999449895
999449895
853556231
999449895
999449895
999449895
788291805
999449895
999449895
915436189
915436189
772216588
788291805
772155496
915436189
884176116
772155496
760154679
755711116
755711116
755723641
853556231
766187192
760417823
884176116
769939538
884176116
784242019
853556231
755711116
884176116
840001221
769939538
884176116
755711116
774788233
781979914
755711116
997139880
769939538
997139880
992818906
997139880
992818906
936682320
760837480
821050745
973015049
973015049
973015049
821050745
973015049
973015049
973015049
806261400
785778438
884176116
769939538
785778438
849824465
926165180
926165180
926165180
925982488
925982488
925982488
760837480
849824465
771911905
999642589
999642589
999053262
991187225
999642589
766776710
785778438
755711116
991187225
991187225
991187225
991187225
910406156
910406156
817186183
910406156
910406156
817186183
997664709
817186183
817186183
997664709
769939538
817186183
817186183
807382790
941714395
941714395
941714395
807382790
803831204
788291805
803831204
756593085
949502440
803831204
785778438
783174178
783174178
997664709
781814146
783174178
755711116
759327835
755723641
755711116
764386269
769939538
760417823
772155496
929005974
929005974
772437529
867710295
929005974
754480354
756593085
929005974
766407414
849824465
754329022
766416662
774385287
773406273
772155496
794137062
869345443
869345443
943426089
943426089
943426089
754351347
869345443
869345443
869345443
869345443
794137062
869345443
756703625
913599430
943426089
869345443
913599430
787052621
823330972
858535637
858535637
858535637
858535637
858535637
767579339
835930695
936130197
835930695
904433226
904433226
904433226
752367826
755711116
754329022
754351347
823330972
767579339
767579339
767579339
835930695
756593085
823330972
754351347
755711116
835930695
755711116
829710283
823330972
884176116
829710283
823330972
760154679
769939538
849824465
754351347
753232339
756593085
835026182
835026182
884176116
769939538
752367826
771505210
752367826
842107393
842107393
842107393
884176116
842107393
842107393
842107393
842107393
842107393
806261400
803438262
842107393
884176116
787052621
754351347
754351347
849824465
752180976
999642589
775455660
775455660
756703625
757357102
824575089
895049767
788291805
892667493
824575089
892667493
755319170
849633442
780863518
892667493
849633442
874342961
832405919
874342961
892667493
804668340
849633442
849633442
973371488
909133647
884872192
934833301
934833301
909133647
977688909
977688909
977688909
977688909
977688909
840789243
977688909
864507989
849633442
909133647
864507989
864507989
840789243
804668340
874342961
884872192
864507989
884872192
884872192
804668340
884872192
804668340
804668340
840789243
832405919
840789243
988115352
988115352
903851987
874342961
903851987
874513024
888751629
953619442
953619442
930153561
755921226
930153561
903851987
930153561
930153561
903851987
903851987
751742371
888751629
888751629
767579339
888751629
763144028
888751629
888751629
763144028
888751629
828794735
767579339
840789243
761500998
840789243
803240447
766356908
828794735
796224523
796224523
828794735
828794735
981559348
981559348
981559348
796224523
828794735
981559348
828794735
907192563
907192563
907192563
907192563
907192563
907192563
907192563
907192563
907192563
915046531
915046531
907192563
907192563
907192563
907192563
907192563
796224523
796224523
828794735
796224523
907192563
796224523
796224523
847401692
810107583
972122782
972122782
994928019
972122782
958493813
994928019
994928019
796224523
994928019
864182546
773356763
810107583
958493813
796224523
864182546
864182546
958493813
864182546
958493813
773356763
810107583
956672685
956672685
956672685
956672685
956672685
956672685
956672685
793528618
810107583
810107583
810107583
810107583
956672685
793528618
956672685
796224523
793528618
796224523
972122782
793528618
862023068
796224523
862023068
862023068
796224523
862023068
988656657
988656657
826829001
826829001
862023068
907192563
848998048
862023068
848998048
848998048
867669511
867669511
907192563
765028212
867669511
753229724
867669511
867669511
765028212
765028212
867669511
951410045
756916384
867669511
802591370
937778968
788291805
937778968
937778968
937778968
773349915
773349915
937778968
756916384
937778968
972122782
972122782
757357102
788291805
773349915
867669511
867669511
867669511
781979914
848998048
769939538
979325891
979325891
867669511
979325891
848998048
823668014
848998048
765028212
823668014
881106632
830558907
830558907
830558907
808026868
830558907
844867871
830558907
808026868
844867871
808026868
844867871
808026868
972122782
816405007
816405007
907192563
906659207
906659207
793528618
816405007
808026868
906659207
906659207
793528618
915370290
919413849
919413849
773349915
773349915
915370290
773349915
808026868
919413849
915370290
848998048
954956075
788419424
915370290
788419424
867669511
906659207
788419424
906659207
808026868
816405007
915370290
788419424
816405007
816405007
788419424
848998048
788419424
848998048
848998048
816405007
816405007
774788233
892098425
892098425
860040427
892098425
860040427
892098425
860040427
860040427
892098425
892098425
890151133
753229724
890151133
860040427
756438246
793528618
773406273
867669511
753229724
773349915
844867871
869345443
844867871
773349915
772437529
929187729
929187729
998121189
998121189
998121189
929187729
929187729
869708672
869708672
869708672
929187729
929187729
869708672
848185356
869708672
869708672
869708672
773349915
766416662
869708672
773356763
848185356
753229724
765028212
869708672
977288123
977288123
876420400
977288123
977288123
977288123
977288123
977288123
773356763
876420400
867669511
876420400
876420400
876420400
889867712
876420400
876420400
793528618
828665951
861689421
870206462
861689421
874553323
861689421
861689421
827554258
773349915
861689421
773349915
824575089
827554258
774385287
824575089
753229724
808549141
773349915
869708672
956633919
953362031
953362031
953362031
953362031
953362031
862785665
808039114
900866308
900866308
900866308
834237391
827554258
862785665
874553323
834237391
834237391
808039114
808039114
773349915
808039114
765028212
827554258
808039114
811742573
929187729
827554258
827554258
953898860
808039114
869708672
844867871
827554258
886786775
886786775
886786775
771573005
771573005
756916384
753229724
753229724
808039114
753229724
811742573
936288520
936288520
771573005
936288520
763144028
767579339
827554258
767579339
856686768
827554258
769593982
753229724
763144028
752180976
755319170
808039114
753229724
761484757
834237391
811742573
752180976
766407414
763144028
917796903
756593085
869708672
773356763
772216588
929187729
782472227
811742573
929187729
824575089
755711116
977681264
977681264
774925276
977681264
756593085
752115019
753229724
915370290
865629801
865629801
865629801
865629801
865629801
865629801
753229724
754067090
760417823
865357115
865357115
865357115
865357115
844867871
752115019
929187729
793528618
772216588
767579339
773356763
761484757
753232339
929187729
793528618
793528618
766356908
860896663
758686450
865629801
835629214
860896663
835629214
835629214
869708672
937588760
835629214
937588760
877744970
937588760
888700834
888700834
888700834
888700834
888700834
888700834
888700834
997751772
997751772
925254105
910194618
997751772
997751772
925254105
925254105
925254105
888700834
925254105
925254105
925254105
925254105
877744970
888700834
786651461
877744970
837959412
910194618
877744970
910194618
824575089
824575089
910194618
786651461
876695981
888700834
877744970
876695981
910194618
888700834
888700834
888700834
888700834
855076061
876695981
855076061
855076061
855076061
786651461
835629214
786651461
786651461
926639182
926639182
926639182
926639182
926639182
926639182
926639182
835629214
786651461
835629214
835629214
835629214
786651461
786651461
786651461
786651461
786651461
788419424
786651461
775444410
786651461
786651461
786651461
786651461
786651461
776225332
776225332
776225332
775444410
775444410
786651461
752180976
752180976
951477854
756593085
757357102
854489423
824575089
762465105
762465105
769939538
756593085
773406273
891576473
765028212
771505210
757357102
756593085
891576473
891576473
761484757
766356908
752180976
756916384
811742573
756593085
992192970
992192970
752180976
854489423
776225332
755921226
773004257
753232339
756972423
821078671
821078671
821078671
821078671
821078671
821078671
769946799
821078671
772761343
772761343
935140921
781159811
859480849
859480849
813863863
778545943
778545943
778545943
821078671
860374142
860374142
860374142
988564689
887892883
988564689
988564689
988564689
988564689
988564689
988564689
976906461
887892883
976906461
887892883
883397040
883397040
893846339
966538085
883397040
887892883
883397040
855849454
893846339
879597801
879597801
879597801
883397040
879597801
879597801
883397040
879597801
926639182
879597801
879597801
855849454
869208254
879597801
879597801
879597801
879597801
869208254
950816185
950816185
855849454
883397040
950816185
855849454
879597801
855849454
869208254
861226963
855849454
855849454
855849454
855849454
855849454
949700829
949700829
949700829
949700829
949700829
949700829
855849454
855849454
949700829
949700829
847490441
949700829
949700829
949700829
855849454
847490441
847490441
778545943
847490441
855849454
847490441
847490441
855849454
847490441
847490441
840898432
855849454
827817632
840898432
840898432
783968074
827817632
827817632
796171480
778545943
809462084
778545943
772761343
806261400
837959412
772761343
905977241
980054601
905977241
980054601
810900273
810900273
898910640
926639182
889137465
790965707
827817632
854489423
778545943
821078671
779129810
947929437
983330805
770588213
770588213
821078671
814902594
769946799
769946799
769946799
821078671
821078671
767971841
821078671
821078671
915370290
807033754
827817632
767971841
763433895
778545943
767971841
889137465
781159811
827817632
762514538
792627435
795496744
755711116
754937432
763433895
767971841
821078671
810569771
810569771
769946799
769946799
810569771
754480354
856462419
856462419
856462419
856462419
992155977
992155977
992155977
992155977
798717082
992155977
992155977
781159811
933589228
933589228
933589228
933589228
798717082
870342201
992155977
992155977
763433895
992155977
941518838
941518838
856462419
941518838
995302898
995302898
784298167
995302898
774385287
761484757
995302898
867082577
995302898
995302898
997413876
997413876
997413876
898523386
997413876
911561756
898523386
898523386
938373685
995302898
898523386
938373685
995302898
767519440
867082577
821078671
752180976
917504116
810700653
767519440
768053946
917504116
767519440
917504116
763433895
752115019
821078671
763433895
759327835
898523386
810700653
754330350
770004414
898523386
810700653
898523386
991080047
825466532
991080047
825466532
811742573
997413876
759116370
753232339
810700653
935748408
864847495
825796731
753100053
864847495
804745499
889798717
953157383
953157383
953157383
763433895
953157383
953157383
953157383
804745499
953157383
810700653
953157383
759327835
758686450
810700653
892049641
898523386
892049641
892049641
861057061
892049641
898523386
892049641
861057061
861057061
942026736
975993067
861057061
975993067
945907457
898523386
768053946
945907457
945907457
942026736
945907457
945907457
798717082
898523386
889798717
754561997
810700653
753229724
861150633
861150633
898523386
942026736
861150633
864847495
875999967
875999967
769946799
752389669
905818597
905818597
883926073
883926073
883926073
883926073
989741951
883926073
883926073
977885171
977885171
898523386
977885171
977885171
977885171
977885171
977885171
883926073
977885171
883926073
905818597
883926073
820420031
890857301
875999967
875999967
820420031
883926073
883926073
810700653
883926073
971207835
971207835
971207835
971207835
971207835
971207835
971207835
949261614
944789037
971207835
944789037
861150633
971207835
881038555
944789037
944789037
944789037
971207835
861150633
811742573
971207835
971207835
971207835
944789037
808206769
861150633
861150633
782060702
771580343
782060702
808206769
782060702
810700653
782060702
782060702
782060702
998419779
818965489
810700653
818965489
810700653
818965489
782060702
818965489
825796731
810700653
818965489
825466532
811742573
818965489
818965489
861150633
771580343
825796731
945184261
774810228
798717082
782060702
782060702
942751587
774810228
956648111
825796731
956648111
956648111
956648111
771580343
774810228
774810228
825796731
774810228
825796731
795496744
861150633
771580343
752236601
942751587
774810228
825796731
825796731
942751587
768053946
782060702
942751587
913141475
942751587
769946799
769946799
982415658
982415658
755711116
782060702
884123627
759116370
884123627
811742573
752115019
997413876
913141475
771580343
808206769
768567424
757946886
767519440
753633347
861150633
757946886
825796731
782060702
852174129
759327835
782060702
754096968
824463007
757946886
782060702
825796731
818037931
767519440
755055259
825796731
825796731
962486577
777011199
777011199
825796731
777011199
962486577
752300060
795496744
767519440
763433895
754096968
767519440
757072182
825796731
825796731
999432869
999432869
782060702
782060702
825796731
966737278
966737278
966737278
966737278
958100931
966737278
966737278
958100931
958100931
958100931
781159811
958100931
958100931
752180976
766187192
764450445
764450445
764450445
783681528
825796731
952178171
767519440
951585188
825796731
962486577
951585188
752180976
969353396
962486577
885414625
753165524
771580343
766187192
871844829
871844829
871844829
920082046
920082046
871844829
871844829
871844829
871844829
871844829
978872542
978872542
978872542
871844829
978872542
764450445
764450445
871844829
871844829
775112231
871844829
775112231
871844829
775112231
871844829
769946799
825796731
752562410
775112231
818037931
775112231
775112231
775112231
775112231
752115019
818037931
984038262
984038262
984038262
755698105
754204595
825796731
915630922
764450445
754480354
997413876
778716028
915630922
825796731
879265942
764450445
825796731
774385287
957188709
957188709
763433895
957188709
957188709
957188709
768509817
768509817
768509817
767400784
797877607
872701179
806261400
770348969
872701179
915630922
958100931
806261400
912146547
912146547
912146547
912146547
912146547
784167988
912146547
784167988
792951653
806261400
784167988
898523386
770779260
770348969
770348969
770348969
770348969
753229724
790869487
752115019
824649130
778250374
771392034
752180976
755669882
752180976
753692734
752245343
899486574
899486574
763433895
769946799
870843336
753229724
753229724
916814188
761230464
942026736
755669882
771580343
942026736
792951653
769593982
752562410
770348969
795496744
806923331
806923331
806923331
806923331
753246136
784100308
762514538
973647450
973647450
785132036
757946886
778250374
766776710
768053946
752180976
767519440
790869487
752753426
763433895
867258902
867258902
767400784
769939538
752389669
753617237
761484757
767400784
772216588
961560343
961560343
773689476
773689476
757946886
764450445
784167988
754721240
992889961
903096724
992889961
992889961
903096724
903096724
903096724
903096724
992104288
992104288
992104288
820269403
862866979
862866979
859510201
859510201
886657790
862866979
886657790
859510201
859510201
859510201
859510201
820269403
849223448
820269403
820269403
820269403
849223448
913865434
820269403
913865434
820269403
820269403
820269403
804087809
752115019
851544576
851544576
851544576
849223448
854615755
807088525
874382706
874382706
874382706
874382706
854615755
807088525
820269403
754067090
807088525
807088525
807088525
807088525
804087809
807088525
780731083
773689476
993468504
768053946
752180976
751577450
764450445
774614145
768053946
767400784
785778438
785778438
838905568
838905568
838905568
838905568
838905568
838905568
753086767
792951653
771580343
943421639
754329022
752529510
943421639
948072410
768637913
764552486
943208661
768637913
752115019
752056506
783095408
753229724
943421639
754937432
943421639
771392034
910207754
910207754
910207754
910207754
759116370
755439904
770931662
943208661
943421639
997413876
752180976
910207754
818759991
754204595
818759991
818759991
770931662
755698105
901477113
943208661
943421639
845968667
766776710
943421639
845968667
897948123
982791142
845968667
845968667
802950689
845968667
953224307
953224307
953224307
953224307
943208661
860397851
943421639
796291278
796291278
897948123
766776710
796291278
853647440
796291278
796291278
796291278
796291278
829570990
829570990
796291278
796291278
796291278
815353645
815353645
815353645
768637913
815353645
815353645
943208661
988195967
988195967
988195967
988195967
870742777
870742777
873209696
988195967
988195967
997413876
988195967
903517852
988195967
988195967
894722601
988195967
894722601
894722601
894722601
943208661
870742777
819331906
815353645
815353645
768637913
815353645
853647440
801661529
815353645
801661529
815353645
801661529
801661529
801661529
783681528
943421639
801661529
753229724
796291278
752245343
757946886
768637913
799112832
796291278
943208661
796291278
795496744
853647440
768637913
796291278
777604191
762514538
794693714
773004257
913081103
794693714
913081103
796291278
755319170
774385287
755066744
768637913
779129810
769593982
756593085
755669882
934326627
947157936
934326627
934326627
947157936
947157936
934326627
881881102
775256426
934326627
754721240
754096968
757072182
769939538
772437529
769939538
753617237
806261400
781979914
877425607
877425607
877425607
877425607
877425607
877425607
776951435
877425607
776951435
953761851
953761851
953761851
953761851
776951435
953761851
953761851
776951435
893154712
776951435
767967872
782060702
767967872
992498443
992498443
767967872
787769275
767519440
906247555
767967872
776951435
751968089
989954666
783681528
781814146
769939538
752441082
752180976
761625122
770004414
766356908
761625122
806966477
979177206
979177206
979177206
979177206
979177206
979177206
993427622
993427622
993427622
979177206
979177206
862140688
979177206
862140688
862140688
862140688
757946886
862140688
756438246
761625122
806966477
945255320
979177206
996828948
996828948
996828948
777604191
996828948
979177206
936777154
927511082
927511082
927511082
754204595
936777154
927511082
936777154
761625122
936777154
936777154
752529510
752180976
927511082
865614097
865614097
906247555
894447209
894447209
817136938
761625122
997413876
855401686
855401686
954353838
855401686
855401686
894447209
894447209
979177206
778863774
894447209
778863774
752441082
778863774
778863774
772430703
772430703
772430703
772430703
761625122
772430703
772430703
806966477
758686450
781159811
755069086
753232339
752367826
778908167
983472889
983472889
755723641
769939538
771580343
771392034
776951435
755723641
752180976
817658399
753229724
871315637
754067090
753740512
766776710
752562410
991327495
991327495
894447209
871315637
788021458
811628117
755723641
817658399
811628117
753246136
817658399
906247555
892100025
979177206
788021458
766354249
811628117
871315637
753617237
811628117
766354249
766354249
766354249
788021458
765028212
757072182
753618827
797903878
797903878
906247555
754159392
921276787
921276787
810700653
752115019
797903878
797903878
766354249
751577450
797903878
797903878
797903878
753165524
757072182
751577450
943421639
754329022
757072182
797903878
764450445
810700653
769939538
857781444
857781444
857781444
857781444
857781444
857781444
906247555
942632204
942632204
871315637
977828182
943421639
942632204
756438246
772216588
756438246
759327835
771914087
771914087
771914087
771914087
771914087
771914087
771914087
797903878
771914087
997561281
768053946
778908167
785778438
754159281
754164120
755922433
772216588
751577450
775256426
787053343
763433895
871315637
770933076
780315793
817658399
770933076
756438246
781159811
783681528
806378554
752115019
874924531
874924531
874924531
880307652
880307652
880307652
954353838
772216588
806966477
943421639
758686450
753165524
754949713
754067090
954353838
754096968
754937432
943421639
766187192
762514538
781814146
783681528
949635243
931491709
971117783
971117783
949635243
971117783
778250374
949635243
971117783
971117783
949635243
759327835
949635243
753087217
931491709
785940096
753087217
767519440
931491709
949635243
931491709
931491709
898856334
758686450
780863518
949635243
834107519
753633347
780863518
949635243
949635243
862542619
755004363
862542619
755982452
754159281
754329022
909280102
755669882
909280102
909280102
766356908
920337170
909280102
909280102
759327835
920337170
943421639
909280102
979990805
979990805
920337170
979990805
753009290
932477345
973824245
973824245
973824245
781159811
932477345
753824686
753009290
858477434
754329022
898856334
858477434
858477434
898856334
898856334
858477434
821235809
858477434
909148796
755669882
898856334
920337170
776955413
821428837
858477434
834107519
858477434
858477434
858477434
920337170
834107519
834107519
776955413
868485414
868485414
868485414
776955413
868485414
868485414
868485414
868485414
834107519
920337170
864620746
864620746
864620746
834107519
839868491
864620746
864620746
878087034
878087034
878087034
878087034
878087034
878087034
878087034
834107519
973824245
812401705
898856334
812401705
812401705
821428837
821428837
795895476
821428837
821428837
991794994
991794994
991794994
991794994
991794994
991794994
821428837
991794994
962993870
962993870
863655342
863655342
766538298
863655342
764495083
762514538
755711116
821428837
808864160
753229724
821428837
973824245
779326352
777402628
795895476
838023716
838023716
942744851
942744851
942744851
838023716
942744851
942744851
753547652
832994842
942744851
838023716
942744851
942744851
832994842
838023716
756703625
942293376
761625122
838023716
973824245
803362781
803362781
755723641
803362781
753165524
753009290
803362781
898856334
803362781
754067090
753229724
803362781
973618818
755656945
751637608
762514538
803362781
751577450
803362781
803362781
803362781
753009290
756878357
898856334
756438246
810700653
756438246
854273874
854273874
803362781
818037931
803362781
954353838
751577450
821209622
997413876
803362781
754733635
803362781
780863518
803362781
842703401
842703401
755711116
902983058
754733635
902983058
759327835
755982452
902983058
756438246
755656945
977757658
902983058
902983058
755656945
902983058
756703625
757072182
754329022
753009290
803362781
753009290
844383744
775256426
923442423
772881897
775560604
753692734
817976667
923442423
817976667
827285425
827285425
761953018
923442423
759397357
783681528
865946843
865946843
775560604
827285425
755445953
783681528
903096724
827285425
752441082
823854431
823854431
764552486
759397357
754691065
871315637
827285425
775560604
753009290
827285425
777877673
753009290
840197383
840197383
764450445
840197383
777877673
777877673
777877673
823854431
777877673
777877673
768053946
753229724
823854431
823854431
756972423
777877673
778202355
752389669
761953018
755711116
777877673
754022587
778202355
783681528
851271674
851271674
851271674
751637608
753617237
778202355
766407414
840197383
756916384
778202355
861150633
778202355
761953018
755004363
842703401
790869487
768637913
756916384
827285425
751470877
778716028
768053946
756438246
788419424
756916384
759327835
756438246
768053946
766407414
823854431
988241756
988241756
988241756
988241756
988241756
988241756
911758163
911758163
911758163
754937432
761953018
778202355
755319170
823854431
753009290
759329769
768053946
823854431
755055259
755656945
761953018
823854431
764432069
823854431
780863518
970815070
970815070
970815070
970815070
970815070
970815070
970815070
970815070
970815070
764432069
778202355
970815070
768053946
916487856
922199155
922199155
777604191
922199155
922199155
876500555
760904849
994931645
994931645
922199155
922199155
908041891
981797936
984762376
894195438
922199155
908041891
916487856
922199155
775560604
894195438
895372449
889154108
889154108
784242019
876500555
876500555
876500555
876500555
775560604
876500555
876500555
790869487
876500555
876500555
852259339
852259339
852259339
852259339
751577450
852259339
852259339
852259339
778202355
852259339
852259339
842703401
780556126
760904849
979538625
778202355
979538625
979538625
845499975
845499975
979538625
760904849
845499975
979538625
761557871
752389669
764552486
766776710
751393397
783681528
979538625
790869487
760904849
760904849
902785942
979538625
760197423
780243749
902785942
783302547
783302547
783302547
754022587
784242019
780243749
943421639
902785942
902785942
971396017
971396017
971396017
971396017
971396017
971396017
971396017
971396017
954691980
971396017
806261400
786926210
954691980
971396017
851528378
971396017
971396017
851528378
971396017
971396017
851528378
954691980
954691980
851528378
760904849
949904857
949904857
949904857
949904857
786926210
949904857
786926210
786926210
786926210
786926210
786926210
753952481
823372020
786926210
760197423
823372020
761557871
914924610
914924610
914924610
780243749
768053946
810700653
753549162
871315637
823372020
764552486
751917227
753547652
761953018
756916384
756972423
753948099
823372020
780556126
764450445
772155496
754330350
778202355
751577450
778202355
752004871
790102770
752389669
786926210
769939538
823372020
753165524
761557871
768637913
818037931
760904849
778202355
823372020
754561997
829570990
777604191
768637913
778908167
782579955
763433895
756916384
788419424
753667674
753229724
754204595
986192586
986192586
986192586
986192586
986192586
766356908
986192586
986192586
986192586
986086979
986192586
986192586
986086979
986086979
986086979
946686199
986086979
980757127
986086979
980757127
980757127
980757127
980757127
980757127
953922884
946686199
953922884
946686199
946686199
776560398
857384371
857384371
826343874
980056723
826343874
826343874
855200048
855200048
826343874
857384371
826343874
826343874
826343874
815831457
781751704
815831457
815831457
893855375
893855375
893855375
815831457
826343874
826343874
826343874
838091955
904477038
815831457
815831457
779113763
822631445
903096724
779113763
815831457
781751704
815831457
781751704
781751704
814459343
815831457
814459343
755565270
779113763
779113763
857384371
942026736
781751704
781751704
857384371
782579955
999779700
804865319
999779700
999779700
802961916
999779700
802961916
771580343
857384371
994732853
779113763
994732853
994732853
894912700
779113763
894912700
776560398
894912700
779113763
779113763
823372020
776575500
963794934
815831457
779113763
823372020
782579955
776575500
857384371
761557871
777877673
755723641
859717670
967859627
954763731
859717670
954763731
817969186
817969186
817969186
817969186
817969186
954763731
817969186
817969186
752049004
768053946
868449381
751859247
817969186
954763731
757072182
966225270
809720823
809720823
757946886
954763731
752245343
809720823
809720823
809720823
954763731
809720823
954763731
799768721
806698855
848850423
848850423
848850423
848850423
799768721
815831457
799768721
799768721
943421639
752180976
799768721
756916384
799768721
760197423
754204595
753229724
932934949
801381099
907829674
778135287
778135287
784242019
778135287
802648846
809720823
802648846
755107161
762514538
764450445
763433895
802648846
795496744
753165524
755445953
768053946
959722483
959722483
959722483
968956720
968956720
968956720
968956720
968956720
959722483
752389669
752053674
752389669
968956720
755055259
755711116
814299315
814299315
857384371
755055259
818037931
985510972
985510972
814299315
830872109
814299315
831025201
795496744
795496744
784242019
755055259
799768721
814299315
769939538
891063679
891063679
754204595
755565270
760197423
780556126
772155496
892180427
754330350
892180427
892180427
755669882
892180427
751859247
753232339
755130213
815831457
756972423
768053946
799365714
809720823
754942835
753009290
765028212
971927556
894830954
894830954
894830954
823372020
867258902
894830954
894830954
755921226
771764287
755921226
771764287
781814146
754803856
784620113
755565270
784620113
784620113
751862413
753617237
776575500
894830954
755069086
934875847
874669584
874669584
874669584
752245343
764552486
934875847
934875847
934875847
934875847
754164120
934875847
934875847
752004871
752053674
780556126
758686450
753165524
766356908
766356908
793534131
793534131
802648846
776575500
903096724
779554534
888219740
793534131
793534131
888219740
776575500
802648846
793534131
815831457
793534131
888219740
793534131
793534131
793534131
797456201
888219740
793534131
815831457
793534131
888219740
856241700
856241700
856241700
993151519
964318453
964318453
856241700
993151519
793534131
793534131
856241700
790391342
993151519
761500998
964318453
964318453
856241700
964318453
790391342
964318453
964318453
964318453
753165524
888219740
888219740
888219740
854111075
936272583
790391342
753667674
854111075
938739425
938739425
878982220
878982220
878982220
753009290
854111075
854111075
765760949
751637608
880442956
765760949
861150633
753308007
781865455
765760949
853216596
781865455
754949713
781865455
781865455
802648846
909461603
766356908
909461603
909461603
781865455
848853878
908604059
908604059
848853878
765759544
786651461
918125408
754204595
897863116
766250524
900492900
766250524
942165337
942165337
946305769
946305769
781865455
946305769
946305769
962862785
942165337
912524311
942165337
912524311
962862785
912524311
907718369
912524311
953054291
907718369
836111192
836111192
836111192
891917158
891917158
846178659
891917158
846178659
846178659
766250524
825341286
846178659
834609969
891917158
825341286
891917158
834609969
891917158
838692233
781865455
834609969
834609969
834609969
795894247
981445602
981445602
846178659
766407414
981445602
910378581
910378581
910378581
924459115
765759544
910378581
981445602
910378581
838692233
784860664
825341286
825341286
911967643
911967643
981445602
838692233
834609969
973566675
973566675
991561078
991561078
973566675
898383650
986275877
986275877
846178659
898383650
898205237
898205237
991561078
853372026
902067885
898205237
902067885
902067885
902067885
896822095
902067885
896822095
902067885
835479819
896822095
896822095
896822095
838692233
896822095
846178659
834609969
835479819
835479819
835479819
896822095
896822095
896822095
829570990
835479819
835479819
853372026
765759544
853372026
853372026
829570990
805985082
853372026
853372026
825341286
818122043
818122043
928723235
928723235
928723235
846178659
805985082
829570990
804804875
818122043
846178659
805985082
782790430
846178659
805985082
804804875
782790430
804804875
927621620
902061228
785211990
927621620
795894247
927621620
805985082
804804875
846178659
782790430
782790430
782790430
962685848
962685848
846178659
962685848
903096724
962685848
962685848
962685848
962685848
962685848
962685848
962685848
804804875
804804875
962685848
819353363
955717772
955717772
782790430
784860664
955717772
782790430
784860664
782790430
784860664
784860664
784860664
829570990
782790430
782790430
782790430
782790430
772085149
766250524
780612784
765759544
781865455
781865455
795496744
865562795
767452900
782790430
767452900
765759544
767452900
780612784
765759544
807967943
771764287
807967943
765617895
780612784
780612784
765617895
765759544
781865455
952055497
829570990
779751307
779751307
795496744
846178659
781865455
780612784
779751307
765759544
765759544
765759544
933851013
933851013
933851013
933851013
933851013
933851013
933851013
933851013
807798591
933851013
765617895
780612784
807798591
779751307
933851013
782790430
761274725
766356908
811742573
765617895
771764287
765617895
765617895
933851013
766250524
772085149
763836347
754481535
818037931
766250524
775371058
846178659
763836347
754481535
810488671
776575500
810488671
899821112
763836347
970407326
970407326
832727386
795496744
899821112
832727386
899821112
832727386
899821112
899821112
968512218
899821112
832727386
782790430
832727386
832727386
832727386
810488671
832727386
810488671
810488671
832727386
861150633
777997069
777997069
903096724
775371058
811742573
777997069
995778894
949245822
995778894
763836347
795496744
776575500
821244458
821244458
763836347
821244458
821244458
821244458
821244458
942043815
942043815
942043815
991333058
821244458
889416270
889416270
995778894
905556646
787769275
905556646
995778894
889416270
889416270
995778894
883509508
775371058
995778894
866135072
866135072
883509508
866135072
870165827
811742573
765617895
763836347
807044256
763836347
763836347
995778894
865027313
865027313
995778894
785778438
865027313
870165827
865027313
865027313
865027313
754481535
761274725
761274725
761274725
765617895
754481535
781865455
818037931
755656945
780612784
758686450
766250524
766356908
755656945
753740512
766776710
993680708
818037931
765617895
755476422
912352964
995778894
952470774
952470774
753549162
754481535
766356908
912352964
751936885
911812228
814947882
755921226
911812228
751637608
753618827
756703625
756916384
996435380
755476422
766356908
996435380
755565270
814947882
996435380
887987438
887987438
908884844
908884844
908884844
752049004
908884844
908884844
908884844
797122935
959321418
959321418
908884844
942035577
942035577
797122935
908884844
908884844
911812228
766250524
765028212
911812228
763836347
866523387
866523387
995778894
866523387
872851210
769593982
756703625
765760949
872851210
995778894
756878357
765760949
755669882
886281706
780612784
886281706
886281706
754280307
764761348
770004414
866523387
780612784
995778894
872851210
769939538
758686450
759327835
754025347
752562410
858548496
939686213
939686213
939686213
780612784
753229724
939686213
754025347
755723641
766250524
780612784
872851210
858548496
771911905
795496744
754025347
780863518
780612784
768232688
768232688
768232688
768232688
782790430
838438551
920458015
858548496
920458015
758686450
776951435
912663347
755656945
912663347
769593982
811742573
811742573
780556126
763836347
763836347
920458015
912283405
912283405
912283405
912283405
912283405
774614145
760197423
752115019
772216588
858548496
811742573
768232688
760154679
928858632
928858632
920458015
928858632
928858632
928858632
872221897
872221897
766250524
753229724
804141860
768232688
754025347
804141860
912663347
811742573
763836347
772437529
771580343
768232688
835226757
755069086
760197423
835226757
751968089
764552486
753232339
835226757
762514538
755107161
795496744
853053629
751917227
853053629
973118838
896089010
896089010
896089010
896089010
896089010
759116370
752441082
761500998
896089010
751917227
853053629
889993785
953780322
889993785
889993785
896089010
889993785
896089010
889993785
853053629
826377336
826377336
853053629
853053629
889993785
826377336
946294665
853053629
946294665
826377336
826377336
760568084
853053629
752180976
889993785
760568084
760568084
773658914
853053629
853053629
933918730
920458015
933918730
933918730
933918730
933918730
933918730
896089010
896089010
884369537
884369537
823888707
920458015
823888707
823888707
889993785
889993785
823888707
889993785
976040661
773658914
773658914
773658914
773658914
773658914
773658914
857701931
773658914
773658914
857701931
773658914
889993785
773658914
762811890
823888707
823888707
762811890
896089010
757072182
760568084
896089010
760568084
752180976
823888707
752562410
923049338
923049338
823888707
755055259
762279740
762279740
896089010
898909204
760568084
773658914
760568084
760568084
760568084
779554534
760568084
760568084
777412927
993203224
993203224
760568084
920670648
920670648
976040661
974549610
928276586
753157220
928276586
978796491
920670648
928276586
753157220
978796491
869682450
978796491
978796491
860139021
808170159
869682450
978796491
928276586
978796491
869682450
869682450
860139021
944466536
947009345
944466536
944466536
944466536
944466536
895757582
944466536
753157220
753157220
895757582
895757582
869682450
928276586
757357102
895757582
755055259
757072182
753157220
895757582
895757582
925201488
860139021
925201488
895757582
895757582
776951435
777412927
891974275
896089010
891974275
823888707
947009345
947009345
768232688
863924231
863924231
863924231
863924231
863924231
863924231
863924231
832064324
863924231
863924231
832064324
768232688
825855566
823888707
923049338
825855566
755055259
811546923
825855566
825855566
825855566
754025347
863976412
863976412
771843528
768232688
863976412
968003228
784285085
968003228
766250524
968003228
766869777
753229724
862297414
784285085
862297414
766869777
773658914
766869777
977668136
933312727
764761348
933312727
754683090
865882094
772437529
908955651
757357102
947009345
772216588
762811890
752056506
825964586
825964586
825964586
825964586
865882094
865882094
825964586
825964586
825964586
865882094
865882094
896089010
825964586
751862413
825964586
825964586
825964586
865882094
825964586
825964586
825964586
865882094
751968089
802375646
802375646
942610956
942610956
912297734
942610956
919101369
912297734
912297734
912297734
919101369
777946562
825964586
777946562
912297734
886615152
923049338
886615152
850345041
850345041
850345041
825964586
825964586
889993785
791234128
825964586
825964586
791234128
802375646
791234128
920458015
860306336
860306336
860306336
860306336
777946562
865882094
889993785
825964586
777946562
802375646
825964586
825964586
777946562
889993785
889993785
878079825
878079825
825964586
774532394
825964586
860306336
802375646
920458015
860306336
774532394
777946562
774532394
762811890
802375646
791234128
774532394
754683090
860306336
774532394
774532394
754683090
774532394
791234128
774532394
777946562
752300897
791234128
791234128
774532394
774532394
814299978
814299978
814299978
814299978
814299978
814299978
814299978
777946562
774532394
811546923
866523387
814299978
814299978
814299978
887306984
887306984
887306984
814299978
887306984
887306984
887306984
811742573
755921226
752367826
814299978
860306336
754481535
774532394
777946562
804040079
924350293
924350293
924350293
924350293
924350293
860306336
877296454
924350293
754025347
753157220
924350293
924350293
924350293
924350293
777946562
752300060
924350293
924350293
804040079
767250142
777946562
755445953
754683090
754683090
755656945
971901845
971901845
971901845
971901845
767250142
971901845
755055259
954545742
780556126
954545742
777946562
954545742
787053343
954545742
954545742
954545742
954545742
754683090
954545742
954545742
753232339
755711116
988120100
755066744
751522256
791234128
806164927
821789350
821789350
821789350
821789350
920458015
895850865
895850865
946427005
946427005
895850865
967987215
895850865
753229724
967987215
967987215
774532394
753157220
895850865
903957768
903957768
903957768
903957768
777946562
895850865
903957768
898585109
898585109
967987215
860306336
777946562
777946562
898585109
967987215
967987215
861368141
970400770
861368141
898585109
877296454
898585109
877296454
768809844
984553132
861368141
984553132
984553132
917192710
861368141
984553132
917192710
917192710
861368141
817324685
861368141
796425290
782192864
796425290
952128462
998411639
998411639
998411639
952128462
998411639
952128462
952128462
952128462
783163804
998411639
998411639
782192864
903636227
957433781
957433781
796425290
903636227
903636227
957433781
903636227
783163804
796425290
903636227
957433781
957433781
957433781
783163804
974415390
796425290
783163804
783163804
775633630
796425290
783163804
957433781
782192864
783163804
847212182
782192864
796425290
783163804
782192864
957433781
847212182
775633630
847212182
775633630
921209026
921209026
782192864
775633630
847212182
781737807
782192864
782192864
783163804
782192864
775633630
782192864
775633630
781737807
782192864
782192864
782192864
781737807
774532394
861368141
920458015
775633630
781737807
928933815
928933815
781737807
768809844
781737807
774532394
928933815
928933815
781737807
756563857
825964586
775633630
775202447
979590990
979590990
781737807
979590990
836605235
836605235
993534963
993534963
993534963
993534963
775633630
836605235
870165827
836605235
777946562
775633630
777946562
756563857
775202447
767250142
781737807
825964586
775202447
775202447
930898949
930898949
830827531
946495636
830827531
830827531
946495636
757314150
757314150
830827531
830827531
830827531
830827531
999373365
769593982
974956710
781737807
974956710
789794859
927155361
927155361
864885293
974956710
927155361
864885293
864885293
864885293
864885293
825974724
825974724
864885293
825974724
860306336
864885293
864885293
864885293
957900211
957900211
957900211
870165827
911192441
911192441
825974724
863321429
825964586
950364574
950364574
804691996
777946562
847212182
808392520
825964586
988384817
988694555
825974724
988694555
988694555
825974724
988694555
974420166
896700156
858548496
896700156
768232688
974420166
896700156
896700156
896700156
974420166
974420166
808392520
808392520
974420166
808392520
808392520
808392520
999373365
768637913
808392520
847212182
804691996
792949782
847126869
751968089
858548496
789794859
774532394
781737807
756563857
756563857
760904849
862731276
862731276
862731276
862731276
865027313
766776438
775202447
777946562
868031368
919778602
919778602
919778602
919778602
880893239
753157220
780556126
756624518
756624518
757357102
777946562
775202447
777946562
756624518
777946562
878476281
779434659
807572078
823400163
807572078
804691996
779434659
779434659
779434659
807572078
807572078
765617895
779434659
751577450
779434659
779434659
985469550
804691996
779434659
946621749
779434659
779434659
887300046
777946562
918179126
918179126
918179126
918179126
989801539
989801539
865027313
989801539
918179126
847126869
785988467
918179126
887300046
918179126
887300046
860306336
804691996
792936940
894531668
894531668
785988467
894531668
894531668
785988467
785988467
894531668
785988467
936279286
972318474
972318474
972318474
925806423
862077912
862077912
862077912
925806423
894531668
862077912
862077912
862077912
862077912
925806423
792936940
862077912
792936940
862077912
921149872
921149872
921149872
921149872
909344328
982086853
921149872
982086853
999373365
982086853
982086853
982086853
792936940
862077912
894998330
894998330
894998330
963801397
766247749
963801397
785988467
795695987
895186075
963801397
999373365
963801397
794864557
880961946
894998330
812218850
963801397
792936940
812218850
812218850
812218850
894998330
921149872
792936940
785988467
782965055
894531668
999373365
887300046
996970571
825964586
996239169
996239169
804691996
996239169
989899401
792936940
861368141
996239169
792936940
781737807
782965055
805770069
792936940
782965055
792936940
893606389
766247749
766207740
880694884
880694884
913260212
782965055
759869810
766207740
766207740
766207740
782965055
843274694
999373365
792936940
843274694
766247749
843274694
843274694
805900251
805900251
843668204
843668204
843668204
843668204
984386931
923081495
923081495
998485933
998485933
998485933
998485933
998485933
792936940
998485933
923081495
923081495
923081495
923081495
923081495
877012698
877012698
877012698
839213904
839213904
877012698
920458015
839213904
812624183
812624183
839213904
843274694
830675342
766247749
839213904
805900251
792936940
862340593
862340593
862340593
862340593
862340593
805900251
830675342
843274694
932800472
801483919
830675342
880678890
932800472
843274694
847126869
801483919
801483919
835075820
850227411
850227411
932800472
850227411
850227411
801483919
801483919
830675342
932800472
796282256
932800472
830675342
847126869
801483919
885529903
885529903
885529903
885529903
888101628
932800472
885529903
885529903
885529903
885529903
847126869
796282256
801483919
801483919
932800472
801483919
801483919
818516169
818516169
805900251
818516169
800391798
805900251
820988478
820988478
800391798
830675342
820988478
796282256
796282256
818516169
796282256
820988478
820988478
773080104
932800472
773080104
932800472
773080104
820988478
820988478
791775070
759869810
820988478
759869810
790757655
888745058
759869810
773080104
825964586
796282256
790757655
820988478
754673407
790757655
766247749
766247749
791699862
932800472
825964586
825964586
780556126
763058061
763058061
763058061
860306336
947875741
947875741
947875741
870494391
870494391
763058061
766247749
818978623
818978623
825964586
818978623
790757655
818978623
763058061
766247749
763058061
766247749
860306336
968784925
766247749
760574271
968784925
790757655
968784925
990527243
990527243
990527243
990527243
990527243
990527243
754673407
794448934
820988478
940269920
794448934
940269920
885871371
940269920
940269920
940269920
830033969
940269920
856440860
865288104
865288104
865288104
830033969
865288104
940269920
940269920
940269920
842231688
842231688
865288104
865288104
766247749
777946562
932800472
865288104
794448934
865288104
842231688
790757655
794448934
794448934
865288104
860306336
865288104
766247749
763058061
865288104
973107203
754673407
865288104
993244180
998388526
993244180
974063309
974063309
962692170
962692170
896621226
962692170
896621226
945095075
945095075
896621226
945095075
896621226
896621226
818106415
932800472
818106415
856440860
896621226
818106415
818106415
818106415
794448934
856440860
785947847
760574271
946104590
785947847
896621226
759869810
759869810
785947847
856440860
763058061
984116216
984116216
876544491
984116216
766247749
876544491
896621226
785822440
856440860
785947847
794448934
763058061
756624518
785822440
920458015
785822440
754673407
785947847
788236738
815831457
788236738
788236738
788236738
788236738
788236738
757807232
785947847
932800472
768751736
759869810
756563857
759869810
768751736
768751736
785822440
967285719
754673407
955538525
896621226
804691996
931864456
995689773
756624518
931864456
931864456
871779891
871779891
754673407
955025895
777946562
759869810
931864456
931864456
837041764
837041764
871779891
837041764
871779891
896621226
873410015
873410015
873410015
873410015
873410015
895577806
889137465
873410015
895577806
873410015
837041764
889137465
921010408
921010408
837041764
776697527
764031388
873410015
776697527
803054770
785822440
920695892
764031388
920695892
803054770
873410015
754673407
920695892
885090162
885090162
785822440
885090162
885090162
983116408
940680383
879058731
949771773
879058731
879058731
877595171
885090162
788352741
877595171
879058731
873410015
776697527
879058731
879058731
785822440
877595171
774581684
785822440
837041764
989677431
989677431
785822440
803054770
754673407
932149890
932149890
932149890
837041764
865288104
788352741
776697527
837041764
785822440
774581684
803054770
785822440
774581684
949761997
949761997
949761997
871779891
756563857
774581684
774581684
837041764
903259741
774581684
903259741
774581684
903259741
774581684
903259741
780556126
764031388
774581684
764031388
764031388
923632838
754673407
754673407
772490584
774581684
855221190
774581684
774581684
855221190
779129810
774581684
855221190
855221190
903259741
772490584
756563857
774788233
968243261
769593982
759869810
968243261
754673407
754673407
903259741
855221190
855221190
955208675
855221190
988877073
988877073
759869810
988877073
988877073
871779891
764761348
988877073
872119661
986550042
986550042
872119661
855221190
853635408
787771725
853635408
853635408
843215738
853635408
787771725
843215738
787771725
853635408
802100381
853635408
853635408
853635408
787771725
768751736
803054770
767914604
767914604
973827372
973827372
973827372
761875808
767914604
761875808
846373993
767914604
767914604
803054770
846373993
767914604
767914604
761875808
968337816
968337816
786834875
786834875
786834875
786834875
803054770
786834875
786834875
786834875
786834875
786834875
761875808
757206929
998792341
998792341
998792341
901148387
998792341
998792341
998792341
998792341
848794008
998792341
998792341
901148387
998792341
998792341
848794008
848794008
809844974
797536739
786834875
848794008
761875808
898783449
786834875
761875808
786834875
848794008
786834875
848794008
898783449
809844974
786834875
809844974
786834875
963220144
963220144
963220144
963220144
963220144
963220144
963220144
963220144
963220144
938183802
963220144
913529030
938183802
913529030
913529030
913529030
913529030
913529030
913529030
913529030
876548227
913529030
913529030
876548227
925191916
925191916
925191916
925191916
913529030
810836960
876548227
896017403
896017403
882653224
882653224
882653224
876548227
876548227
876548227
882653224
992627647
992627647
876548227
882653224
882653224
810836960
774931885
876548227
913786650
786834875
876548227
876548227
992027619
761875808
774931885
974621744
992027619
882653224
774931885
974621744
876548227
992027619
761875808
992027619
888648943
754673407
992027619
974621744
992027619
992027619
974621744
774788233
772437529
786834875
757206929
974621744
757206929
761875808
757206929
754673407
762811890
992027619
761875808
759869810
777946562
757206929
759869810
765028212
768637913
757206929
765028212
757206929
785778438
783163804
751390546
757206929
808676760
752236601
754683090
936855400
785778438
759869810
751577450
754673407
936855400
754673407
974621744
974621744
936855400
916021949
761875808
936855400
916021949
762811890
802393222
967275317
967275317
886053438
886053438
761875808
886053438
886053438
886053438
754673407
886053438
886053438
754673407
886053438
886053438
886053438
754673407
886053438
765028212
751522256
765028212
802393222
786834875
761875808
783221340
802393222
783221340
752755995
835953281
835953281
835953281
835953281
886053438
802393222
874397641
783221340
897999424
802393222
897999424
897999424
897999424
897999424
759869810
897999424
897999424
783221340
959793621
959793621
886053438
959793621
959793621
751999556
831948553
829896256
831948553
838767051
831948553
831948553
838767051
754673407
755711116
886922431
752389669
753157220
829896256
783221340
877215745
849699654
759869810
849699654
849699654
849699654
838767051
849699654
779129810
849699654
781865455
849699654
956339527
886053438
755711116
919042515
919042515
891643522
891643522
849699654
759869810
919042515
972775330
797198918
919042515
919042515
797198918
797198918
886053438
919042515
877012177
797198918
877012177
751470877
838767051
838767051
783221340
783221340
751936885
838767051
850735000
756593085
797198918
754673407
838767051
753157220
756563857
756563857
752115019
752004871
925266465
925266465
925266465
756563857
858202419
760574271
754683090
782790430
773004257
797198918
759869810
752004871
752562410
780243749
797198918
907712415
907712415
763433895
802393222
755711116
812142051
759869810
762279740
752115019
751862413
856493590
871965683
856493590
871965683
754025347
754937432
802393222
761875808
755711116
754673407
797198918
756593085
772692769
856493590
753547652
856493590
772692769
797198918
802393222
779450062
786651461
779450062
754280307
779450062
838767051
877012177
772692769
754414542
772692769
752300897
751719756
762279740
802393222
756624518
797198918
900356611
779450062
975988235
975988235
900356611
900356611
900356611
975988235
900356611
755711116
899134016
752180976
975988235
900356611
894188673
894188673
814383030
894188673
751859247
812753581
802393222
863652208
786651461
774064164
774064164
751968089
814383030
960900255
960900255
960900255
960900255
960900255
960900255
960900255
960900255
814383030
920653230
808588132
911492053
920653230
973306426
973306426
973306426
922974179
814383030
922974179
922974179
814383030
922974179
922974179
922974179
922974179
898661392
922974179
922974179
922974179
920653230
920653230
898661392
898661392
849571001
846270631
814383030
774064164
791638831
814383030
791638831
884025402
909850228
884025402
884025402
909850228
884025402
811100199
909850228
865955108
949502362
791638831
791638831
858627894
949502362
811100199
802393222
791638831
811100199
878910871
878910871
878910871
878910871
878910871
878910871
863402320
863402320
919042515
858627894
818451420
836726005
867464098
852244724
867464098
867464098
867464098
867464098
852244724
852244724
811100199
867464098
867464098
867464098
811100199
939031739
836726005
802393222
811100199
818451420
858627894
939031739
939031739
818451420
818451420
939031739
806056702
791638831
832919741
832919741
791638831
939031739
939031739
832919741
887039589
832919741
975340728
814251224
975340728
814251224
975340728
832919741
975340728
887039589
849312855
849312855
849312855
849312855
908222460
849312855
849312855
849312855
954739308
954739308
954739308
849312855
849312855
887039589
954739308
814251224
814251224
849312855
814251224
814251224
814251224
806056702
949366306
832919741
818129543
867464098
818129543
818129543
818129543
791638831
949314896
889137465
818129543
806056702
818129543
818129543
877012177
797198918
811100199
889300391
986663169
986663169
986663169
922057180
922057180
922057180
922057180
922057180
795181135
922057180
922057180
922057180
818129543
795181135
870812958
806056702
955091089
955091089
955091089
955091089
795181135
889300391
882929424
762811890
802393222
870812958
809720823
818129543
791638831
806056702
806056702
818129543
889300391
818129543
791638831
810890461
889300391
960203081
960203081
818129543
933298655
960203081
791638831
960203081
863790500
810890461
791638831
791638831
791638831
810890461
791638831
889300391
802393222
861434718
777946562
861434718
934907307
757604092
861434718
861434718
861434718
861434718
901427530
861434718
861434718
861434718
797536739
877012177
810890461
833246089
771647204
786834875
877012177
818779115
833246089
791638831
802393222
897808693
833246089
833246089
833246089
818779115
897808693
883593924
883593924
818779115
818779115
811100199
897808693
810890461
810890461
810890461
791127080
791127080
992895485
992895485
992895485
992895485
992895485
886596653
886596653
992895485
886596653
791127080
791127080
901427530
889996557
889996557
889996557
889996557
806056702
897808693
806056702
806056702
784881163
821781685
821781685
821781685
806056702
806056702
848984380
848984380
791127080
775501543
848984380
806056702
791127080
940207751
940207751
940207751
777946562
940207751
940207751
775501543
806056702
777946562
929245371
848984380
848984380
848984380
784771539
800685157
969755295
969755295
969755295
969755295
969755295
969755295
969755295
969755295
969755295
848984380
848984380
913199815
816058841
913199815
896610127
856992343
791127080
856992343
816058841
856992343
816058841
792870879
802393222
775501543
861434718
775501543
775501543
889300391
775501543
927221233
775501543
927221233
927221233
764171856
927221233
877012177
927221233
927221233
775501543
775501543
775501543
757604092
855848925
855848925
855848925
855848925
855848925
855848925
855848925
839477713
839477713
872822577
757604092
872822577
764171856
923102971
923102971
923102971
861434718
756325288
804691996
771647204
802393222
757604092
961236094
961236094
961236094
961236094
961236094
961236094
961236094
961236094
771647204
886596653
961236094
822098954
821119824
821119824
822098954
771647204
977832467
764450445
977832467
821119824
977832467
977832467
876391809
757604092
821119824
886596653
977832467
977832467
771647204
831021822
985888185
985888185
985888185
985888185
956869003
956869003
985888185
985888185
956869003
956869003
956869003
873575098
873575098
956869003
956869003
956869003
815294789
815294789
777946562
815294789
818967811
831022079
815294789
773658914
961247202
961247202
818967811
764761348
757604092
831022079
797198918
811957680
861434718
872768435
901427530
943918057
861434718
943918057
811957680
755507830
831022079
771647204
751917227
764171856
769593982
802393222
831022079
831022079
755507830
755534549
936741191
954832664
954832664
954832664
954832664
781737807
936741191
755507830
792870879
755507830
768751736
755507830
936741191
797198918
753157220
871779891
759985928
954832664
752180976
831228657
831228657
936741191
831228657
755534549
752180976
954832664
899547627
753952481
765617895
899547627
954832664
954832664
936741191
765617895
754067090
899547627
753952481
899547627
759985928
756563857
954832664
759985928
989486960
936741191
903681751
861434718
903681751
903681751
989486960
903681751
885887484
762279740
755188753
761875808
903681751
759985928
989486960
757604092
755188753
989486960
785988467
989486960
767250142
989486960
769593982
831022079
773658914
751862413
861434718
767250142
772490584
757604092
943960207
943960207
943960207
807056194
807056194
991337605
991337605
861434718
769160219
772490584
751470877
751470877
792096134
752367826
775501543
797198918
815831457
755188753
792870879
792870879
886596653
769160219
763144028
753157220
861434718
764307386
751470877
861434718
772490584
755188753
765617895
797198918
898842603
898842603
764307386
898842603
898842603
898842603
898842603
898842603
898842603
880090128
765617895
898842603
779554534
880090128
983314824
983314824
769160219
779554534
880090128
861434718
771505210
861434718
831022079
786834875
764761348
780556126
928076782
954795100
954795100
928076782
954795100
928076782
958938285
954795100
928076782
954795100
928076782
928076782
785988467
928076782
785988467
899176893
804742194
804742194
804742194
829185741
909668528
886596653
774925276
861434718
963341734
860306336
753050945
764386269
779554534
831022079
771843528
751393397
771505210
766250524
757604092
751862413
791638831
895567424
895567424
895567424
895567424
809966773
895567424
809966773
809966773
791187903
791187903
956720111
956720111
956720111
956720111
809966773
914048995
914048995
914048995
773406273
822881248
914048995
831022079
822881248
914048995
822881248
822881248
822881248
787311740
822881248
766776438
969371249
822881248
900015880
906183859
900015880
906183859
900015880
787311740
906183859
900015880
900015880
953459452
900015880
787311740
900015880
900015880
856904387
900015880
856904387
913008797
913008797
787311740
913008797
927098401
953049744
900015880
900015880
953049744
953049744
953049744
927098401
913008797
913008797
856904387
913008797
913008797
900015880
900015880
858942097
787311740
877475638
877475638
852238475
856904387
773789630
856904387
810890461
833377225
773789630
895567424
773789630
822881248
773789630
852238475
895567424
814251224
822881248
773789630
753667674
775529862
878222639
878222639
878222639
852238475
983059004
983059004
983059004
983059004
983059004
983059004
983059004
838039215
843659035
878222639
822881248
833898701
833898701
773789630
833898701
970490611
833898701
983059004
822881248
833898701
983059004
754673407
983059004
895567424
775529862
822881248
775529862
822881248
983059004
895567424
775529862
785137154
775529862
852238475
773789630
785137154
878222639
754808793
775529862
785137154
822881248
785137154
852238475
895567424
766247749
755188753
810890461
809966773
853299001
853299001
853299001
853299001
853299001
852238475
900769556
900769556
864773601
864773601
815547477
864773601
864773601
967785297
864773601
815547477
815547477
967785297
864773601
815547477
852238475
967785297
815547477
799626641
864773601
799626641
853299001
853299001
799626641
853299001
864773601
895567424
947677836
799626641
852238475
983917430
983917430
983917430
815547477
983917430
930846578
930846578
930846578
930846578
983917430
983917430
837906496
837906496
982920246
927098450
927098450
927098450
896690801
927098450
855155742
896690801
855155742
927098450
927098450
870488701
927098450
757604092
759985928
772304334
895567424
855155742
772304334
855155742
855155742
855155742
822881248
799626641
984703762
964111087
964111087
815819808
964111087
964111087
799626641
756178298
772677529
815819808
753050945
755567003
799626641
815819808
751543317
815547477
752004871
770994566
929858612
929858612
799626641
892747451
799626641
929858612
929858612
770994566
861091614
772304334
799626641
799626641
772681205
796872617
770994566
799626641
927098450
815819808
799626641
856892080
856892080
856892080
856892080
774215197
871779891
856892080
774215197
856892080
999970626
815819808
999970626
799626641
856892080
999970626
882876639
882876639
822881248
923309215
923309215
923309215
882876639
923309215
882876639
882876639
856892080
927098450
856892080
856892080
856892080
927098450
856892080
856892080
809966773
856892080
856892080
841310687
841310687
831429088
882876639
861091614
831429088
856892080
831429088
831429088
841310687
831429088
861091614
815819808
831429088
942101835
942101835
942101835
942101835
795846292
861091614
938635780
942101835
942101835
942101835
938635780
938635780
938635780
938635780
847933970
795846292
901427530
854294120
854294120
847933970
847933970
847933970
847933970
803517523
796872617
831429088
803517523
790402416
790402416
803517523
809066479
809066479
815819808
809066479
809066479
841310687
809966773
809966773
822881248
841310687
911119981
911119981
809066479
900734501
922648768
922648768
922648768
922648768
922648768
922648768
809066479
809066479
809066479
795846292
809066479
972594162
972594162
972594162
770994566
899964223
841310687
809966773
822881248
809966773
784181178
841310687
784181178
861091614
809066479
882876639
793139413
841310687
774215197
770994566
774215197
774215197
803517523
799626641
841310687
799626641
841310687
919558389
919558389
793139413
803517523
772304334
815819808
841310687
795485103
841310687
861175106
841310687
774215197
795485103
795485103
841310687
841310687
795485103
892624358
798126337
892624358
855739816
855739816
855739816
855739816
855739816
855739816
821904192
821904192
855739816
841310687
831429088
831429088
841310687
882876639
841310687
798126337
831429088
798126337
821904192
822236052
799626641
798126337
798126337
799626641
795485103
841310687
795485103
795485103
795485103
795485103
837687998
837687998
795485103
795485103
795485103
861428650
861428650
774215197
861428650
861428650
861428650
861428650
861428650
861428650
861428650
858077907
858077907
858077907
858077907
858077907
858077907
858806299
858806299
858806299
847330101
847330101
847330101
846211324
834999768
847330101
847330101
834999768
847330101
834999768
834999768
834999768
860306336
838041128
838041128
834999768
834999768
841310687
824616824
834999768
824616824
795485103
809409920
772304334
795485103
778836563
784181178
847330101
795485103
767442139
795485103
770994566
993155411
993155411
784181178
770994566
774215197
993155411
863770160
770994566
772677529
784181178
795485103
756303472
774215197
951342977
951342977
819537872
939887625
939887625
939887625
939887625
939887625
939887625
819537872
939887625
865747807
963972163
963972163
963972163
963972163
963972163
905920538
884295046
892082797
884295046
865747807
884295046
865747807
884295046
865747807
884295046
928408550
928408550
928408550
873013806
928408550
819537872
810114206
819537872
819537872
884295046
810114206
891499664
891499664
891499664
814239443
891499664
891499664
891499664
819537872
955189777
814239443
955189777
955189777
810114206
863573904
877815035
814239443
810114206
819537872
819537872
814239443
810114206
793139413
810114206
810114206
810114206
810114206
810114206
810114206
902576348
810114206
884295046
884295046
966983877
966983877
966983877
966983877
966983877
966983877
966983877
966983877
966983877
966983877
861165496
966983877
966983877
861165496
955189777
863770160
810114206
966542342
814239443
809897654
940911479
793139413
863770160
845061974
845061974
810114206
801609266
810114206
966542342
810114206
793139413
810114206
810114206
810114206
953104037
810114206
810114206
810114206
953104037
801609266
801609266
966542342
801609266
801609266
785598068
774215197
774215197
774215197
774215197
780628889
795556766
770994566
795556766
784181178
995774086
929594376
929594376
929594376
914638739
914638739
790047689
880313049
880313049
914638739
966542342
914638739
966542342
966542342
975342683
975342683
914638739
975342683
914638739
975342683
975342683
973606066
975342683
973606066
973606066
914638739
973606066
973606066
914638739
973606066
973606066
973606066
973606066
921217142
894976587
894976587
894976587
954155847
780556126
785778438
790047689
790047689
880313049
878090472
878090472
781604137
790047689
878090472
878090472
878090472
876251436
804789985
929334390
781604137
876251436
876251436
876251436
810890461
781604137
882876639
790047689
876251436
790047689
790047689
975086506
975086506
846746161
846746161
846746161
790047689
781665899
882550536
795485103
784181178
781665899
882550536
784181178
810114206
781604137
781665899
882550536
784181178
971189394
971189394
971189394
795485103
971189394
971189394
971189394
971189394
876251436
971189394
986663935
986663935
986663935
986663935
986663935
986663935
986663935
986663935
986663935
986663935
966355208
966355208
966355208
966355208
942416485
966355208
966355208
920720921
966355208
966355208
966355208
966355208
920720921
959346499
920720921
920720921
994080298
942416485
920720921
920720921
964525024
964525024
964525024
964525024
964525024
859837167
928592211
920720921
891051241
920720921
891051241
859837167
891051241
891051241
891051241
891051241
859837167
891051241
845708840
845708840
958944110
964892781
964892781
964892781
958944110
964892781
964892781
964892781
845708840
802134147
784181178
845708840
845708840
920595480
891051241
827460011
784881163
784181178
891051241
891051241
836198334
772677529
781604137
929929780
929929780
975545553
975545553
975545553
928080741
975545553
975545553
975545553
802134147
788289474
788289474
876251436
811210826
811210826
811210826
783509198
783509198
876251436
811210826
811210826
818368416
783319190
783509198
818368416
811210826
774260899
795485103
873399684
783319190
969387857
969387857
832706957
969387857
876251436
969387857
969387857
969387857
847330101
860306336
793537822
930708321
930708321
930708321
930708321
930708321
930043632
930708321
793537822
810112655
930708321
810112655
810112655
969387857
810112655
810112655
810112655
969387857
775064922
810112655
930708321
832264945
781604137
790717155
781604137
832264945
832264945
783319190
783319190
832782168
832782168
832782168
832782168
832782168
832782168
838682193
832782168
969387857
823263353
832782168
832782168
832782168
832782168
969387857
879132089
879132089
969387857
988181519
930708321
899173079
899173079
899173079
879132089
930043632
930708321
879132089
832782168
930043632
879132089
879132089
823263353
838682193
830473837
930708321
930043632
830473837
823263353
823263353
830473837
780486772
781604137
781604137
774260899
930043632
774260899
781604137
780486772
930708321
823263353
823263353
781604137
823263353
779121065
930043632
934588225
934588225
933437132
934588225
933437132
933437132
933437132
934588225
775064922
933437132
933437132
780486772
832264945
865689496
781604137
779121065
823263353
774260899
774260899
774260899
774260899
772304334
783319190
775064922
783319190
783319190
775064922
791638831
792870879
791638831
774260899
777604191
783319190
774472410
774472410
774472410
815819808
815819808
784181178
774472410
815819808
784181178
773368328
784181178
773368328
786651461
889612986
889612986
889612986
889612986
780486772
780486772
781604137
809860878
791638831
817191736
772677529
773368328
774472410
773368328
774260899
774260899
778525866
803961188
803961188
803961188
788536703
822308989
822308989
773368328
822308989
788536703
822308989
781604137
788536703
788536703
808588132
774260899
786651461
778525866
774260899
774260899
795496744
774260899
822308989
765072214
774260899
870165827
765072214
869944291
778525866
772304334
818312111
773368328
774215197
774215197
869944291
774260899
869944291
869944291
882723664
882723664
765072214
772681205
778525866
791638831
781604137
778525866
778525866
771575786
883229455
883229455
771575786
765072214
772677529
772677529
803517523
767442139
821904192
772304334
889210049
889210049
889210049
889210049
889210049
889210049
993371709
941402473
993371709
889210049
889210049
889210049
765617895
771575786
783623950
765636828
871779891
771575786
783623950
784181178
941402473
772304334
783623950
993142201
771575786
775560604
767442139
772304334
789943343
951274088
951274088
789943343
789943343
951274088
789943343
837440497
789943343
965677677
965677677
765072214
837440497
837440497
870165827
789943343
951274088
816973820
837440497
837440497
837440497
816973820
854675484
951274088
816973820
816973820
816973820
854675484
876243381
876243381
816973820
789943343
789943343
827421858
816973820
816973820
789943343
789943343
816973820
865095134
789943343
789943343
822508002
865095134
865095134
770994566
865095134
854675484
854675484
777234190
816973820
786834875
837440497
901427530
939933517
939933517
789584696
816973820
837440497
789584696
822508002
789584696
871779891
987656813
987656813
789584696
833522047
871779891
924204170
837440497
854675484
924204170
833522047
833522047
833522047
924204170
833522047
902915156
902915156
902915156
811899890
833522047
811899890
854675484
833522047
833522047
833522047
924204170
852852763
904022580
924204170
852852763
976711841
852852763
976711841
976711841
852852763
976711841
976711841
884579328
976711841
976711841
875239251
875239251
852852763
875239251
875239251
852852763
833522047
852852763
833522047
994070181
833522047
994070181
994070181
852852763
852852763
994070181
851464790
994070181
851464790
851464790
994070181
994070181
990467117
990467117
851464790
811899890
809999748
833522047
959096829
959096829
959096829
959096829
959096829
959096829
893344637
811899890
851464790
851464790
959096829
809999748
809999748
809999748
857846672
833522047
890910681
870165827
887375956
890910681
890910681
890910681
887375956
936465356
936465356
936465356
936465356
883708728
936465356
809999748
883708728
806520078
833522047
883708728
809999748
833522047
812736069
812736069
917140074
917140074
917140074
917140074
917140074
812736069
812736069
820541651
820541651
812736069
812736069
823372020
812736069
812736069
812736069
917140074
917140074
816973820
984093277
984093277
984093277
984093277
984093277
812736069
984093277
812736069
812736069
816973820
816973820
854675484
812736069
812736069
812736069
815819808
812736069
812736069
812736069
827221389
827221389
854675484
827221389
833522047
827221389
811899890
809999748
812736069
804811286
811899890
811899890
862677595
804811286
809999748
862677595
809999748
811899890
804811286
815819808
806520078
809999748
991387131
804811286
804811286
806520078
847069803
991387131
862677595
809999748
806520078
806520078
809999748
806520078
806520078
847069803
809999748
847069803
847069803
806520078
799512369
806520078
847069803
799512369
804811286
804138409
805809487
903190789
903190789
847069803
789584696
804138409
799512369
867464098
804138409
804138409
799512369
895451595
805809487
811899890
804811286
789584696
799512369
918136275
884954153
789584696
806520078
804811286
789584696
786776512
789943343
799512369
895451595
804811286
789584696
895451595
789584696
799512369
789584696
815819808
789584696
806520078
789584696
773264710
789584696
786776512
806520078
763923260
864459739
864459739
864459739
864459739
864459739
905733698
905733698
905733698
905733698
905733698
905733698
905733698
905733698
905733698
905733698
864459739
905733698
905733698
864459739
864459739
905733698
864459739
864459739
881302739
881302739
777105738
987195147
906329825
987195147
906329825
773264710
773264710
987195147
987195147
919763337
771575786
777105738
987195147
987195147
763923260
987195147
986680732
987195147
987195147
786776512
999597757
987195147
999597757
917282399
987195147
999597757
996293353
987195147
996293353
994866803
994866803
961888532
994866803
987195147
917282399
917282399
917282399
994866803
917282399
889217891
917282399
987195147
964446947
964446947
889217891
964446947
964446947
889631104
964446947
987195147
970084974
964446947
889217891
919763337
987195147
935353333
975131354
975131354
975131354
889217891
970084974
935353333
935353333
935353333
935353333
987195147
889217891
964446947
889217891
975131354
987195147
964446947
842826737
889631104
889631104
877689395
901427530
964446947
842826737
877689395
987195147
842826737
872231866
842826737
842826737
964446947
832025851
889217891
964446947
842826737
964446947
877689395
832025851
877689395
877689395
877689395
877689395
832025851
872231866
856822651
856822651
856822651
856822651
856822651
987195147
987195147
856822651
856822651
856822651
795626663
856822651
856822651
832025851
975131354
832025851
987195147
842826737
826053871
826053871
842826737
832025851
826053871
975131354
832025851
842826737
826053871
832025851
915886673
832025851
842826737
896893148
896893148
896893148
896893148
896893148
896893148
975131354
896893148
867572895
867572895
896893148
826053871
842826737
867572895
896893148
877079974
877079974
877079974
877079974
795348039
795245611
877689395
872647603
882442769
882442769
882442769
987195147
905473769
882442769
872647603
810711230
795348039
877079974
795954876
795245611
795626663
795245611
795245611
773264710
877079974
795245611
850029045
850029045
850029045
850029045
850029045
850029045
777105738
850029045
763923260
850029045
850029045
850029045
877079974
877079974
850029045
850029045
850029045
850029045
766356908
773264710
850029045
850029045
842826737
778456922
773264710
823213864
795245611
823213864
765636828
823213864
805809487
842826737
800096999
800096999
823213864
765072214
823213864
810711230
823213864
795245611
823213864
815831457
772677529
810711230
920297459
920297459
843003459
843003459
968990399
968990399
867449294
867723028
867723028
797449661
839660274
867723028
797449661
867723028
867449294
797449661
867723028
839660274
867449294
867449294
810711230
867449294
871779891
797449661
795245611
795245611
795245611
772677529
772677529
867723028
867723028
821178128
871779891
867464098
829118189
829118189
829118189
821178128
867723028
990277924
990277924
771575786
906515471
990277924
990277924
926527224
926527224
926527224
906515471
765072214
887433393
926527224
821178128
821178128
780556126
777234190
867723028
777234190
838438070
795626663
763923260
772677529
763923260
786776512
800096999
777234190
763923260
765072214
799512369
777105738
763923260
821178128
763923260
777105738
777105738
763384689
767442139
777105738
763923260
926944087
926944087
926944087
926944087
953643491
953643491
953643491
953643491
926944087
926944087
953643491
926944087
926944087
779295515
914372559
914372559
953643491
997539051
997539051
997539051
914372559
997539051
953643491
926944087
914372559
997539051
914372559
997539051
926944087
900821715
914372559
914372559
960913590
914372559
779295515
960913590
960913590
779295515
914372559
914372559
914372559
914372559
997539051
997539051
997539051
779295515
763923260
914372559
997539051
779295515
874013832
926944087
926944087
926944087
997539051
874013832
777604191
960913590
926944087
853696529
901483031
936481544
936481544
936481544
936481544
901483031
997539051
772677529
960913590
770994566
959187237
763072292
772677529
777234190
997539051
959187237
777234190
926944087
763384689
763923260
959187237
848785828
834881405
763923260
763103135
812398461
926944087
812398461
926944087
770994566
772304334
770994566
768037430
848785828
763103135
763923260
772677529
867464098
772677529
848785828
770994566
762205674
863872276
767442139
993138231
993138231
993138231
844184753
797990706
848785828
863872276
863872276
844184753
844184753
993138231
863872276
797990706
993138231
993138231
991188666
991188666
991188666
786871788
991188666
797990706
993138231
786871788
797990706
797990706
797990706
797990706
763384689
768375793
768375793
797990706
797990706
782060702
772304334
763103135
956384519
763103135
772304334
771505210
991188666
991188666
783623950
772681205
786776512
763103135
960913590
768375793
903485351
763103135
774337157
774337157
785778438
787177712
903485351
903485351
774337157
768375793
765636828
762205674
903485351
772216588
903485351
795434624
787053343
763923260
783623950
771843528
763072292
783623950
763923260
763384689
768637913
785778438
763384689
762205674
783623950
768637913
991188666
837036853
765636828
763103135
783623950
768375793
763923260
891252347
891252347
960913590
891252347
763384689
891252347
763923260
891252347
891252347
891252347
762205674
852588914
891252347
762205674
899636737
763384689
765072214
899636737
899636737
899636737
762205674
762205674
763923260
762205674
772677529
772437529
763384689
768637913
797990706
821178128
763103135
762205674
852588914
763923260
765072214
783163804
787053343
768232688
936812627
936812627
960913590
936812627
785778438
929788528
936812627
769939538
929788528
929788528
929788528
870677463
929788528
929788528
929788528
929788528
870677463
929788528
929788528
929788528
870677463
867259793
929788528
867259793
867259793
991188666
867259793
867259793
867259793
856820303
856820303
856820303
929788528
825694160
929788528
856820303
825694160
825694160
848002946
848002946
825694160
763072292
818976958
818976958
763103135
768232688
825694160
818976958
797525574
825694160
774472410
774472410
768771697
768771697
768771697
825694160
937334795
937334795
929788528
937334795
937334795
937334795
768771697
937334795
937334795
937334795
937334795
937334795
937334795
929788528
825694160
929788528
867723028
929788528
762205674
761408636
768771697
856820303
761408636
825694160
761408636
759658714
768771697
774472410
761408636
762205674
761408636
867723028
902238677
770994566
902238677
765760949
785211990
774925276
757677208
774260899
759658714
763072292
765617895
763072292
848002946
771505210
773004257
761408636
757677208
759510158
785211990
759510158
772677529
902238677
758933012
765760949
768037430
763904152
825694160
759510158
769160219
781979914
761408636
759510158
902238677
758933012
763072292
782060702
772677529
758933012
902238677
762205674
759510158
760626971
760626971
825694160
758933012
861707482
777591314
777591314
759510158
856820303
820950257
779975762
820950257
856820303
768771697
779975762
757677208
797990706
820950257
757677208
856820303
825694160
786776512
760626971
983838705
983838705
983838705
759510158
758933012
758933012
862951224
789790648
789790648
789790648
789790648
789790648
862951224
768771697
857801050
857801050
857801050
857801050
857801050
857801050
786776512
759658714
762205674
775501543
786776512
778908167
765760949
772677529
787177712
987908928
862951224
759658714
758933012
759510158
774472410
856178200
856178200
856178200
758933012
856178200
799512369
969057840
758933012
757677208
759510158
758933012
862951224
809572146
770383566
770383566
784181178
757677208
809572146
770383566
897786877
759510158
897786877
762205674
897290232
897290232
758933012
987541234
987541234
987541234
987541234
925305556
993138231
987541234
925305556
758933012
925305556
925305556
925305556
925305556
867723028
784242019
787053343
886252539
886252539
886252539
886252539
886252539
971903218
971903218
786651461
886252539
963609635
963609635
886252539
963609635
963609635
774472410
758593404
963609635
759510158
886252539
886252539
862951224
781979914
797990706
901987534
770383566
856820303
901987534
768771697
825694160
862951224
757677208
772304334
772304334
772681205
758933012
772304334
770383566
770383566
758593404
758933012
862951224
775501543
785778438
779129810
758933012
770994566
783319190
792936940
761408636
758933012
757677208
821178128
787053343
787177712
871779891
761408636
759510158
761408636
783319190
772304334
759658714
862951224
852588914
763103135
765760949
783319190
825694160
758933012
761408636
821178128
756303472
949136327
783319190
949136327
768037430
759658714
783163804
774788233
832328821
832328821
832328821
832328821
761408636
832328821
862951224
772304334
771843528
756303472
756553741
757677208
806520078
759658714
756247394
758933012
758933012
763103135
925528119
758933012
925528119
852136512
852136512
852136512
852136512
787177712
852136512
950087264
950087264
950087264
756553741
950087264
950087264
950087264
950087264
756247394
950087264
950087264
950087264
950087264
767255971
950087264
950087264
921261247
921261247
921261247
921261247
950087264
834566411
834566411
834566411
852136512
861150633
852136512
856820303
825694160
756247394
863048064
878946605
863048064
861945568
863048064
863048064
861945568
767255971
758387479
760625620
861945568
760625620
875593360
943215682
943215682
991043923
943215682
991043923
943215682
769282113
943215682
990147435
990147435
943215682
756247394
801576711
861945568
852136512
761408636
801576711
801576711
861945568
758387479
982093068
982093068
878946605
861945568
852136512
982093068
977602046
768037430
977602046
768037430
760626971
977602046
768037430
977602046
943215682
834566411
978692265
978692265
978692265
978692265
758933012
978692265
978692265
977602046
978692265
977602046
978692265
977602046
978692265
977602046
977602046
977602046
977602046
865341818
774260899
977602046
977602046
926229226
977602046
834566411
852730977
852730977
977602046
926229226
974362957
852730977
974362957
865341818
865341818
888882329
852730977
769213322
888882329
974362957
926229226
888882329
878202262
878202262
865341818
878202262
865341818
769213322
878202262
878202262
769213322
994599073
945462271
945462271
945462271
945462271
852730977
836517187
836517187
836517187
836462626
836517187
784018160
997072996
784018160
836517187
875593360
836462626
836462626
836462626
836462626
784018160
836462626
768232688
820672124
836462626
836462626
836462626
836462626
878946605
854618588
834566411
852588914
820672124
834566411
834566411
852588914
767661096
820672124
784018160
784018160
820672124
863048064
834566411
784018160
852588914
767661096
766542041
834566411
767661096
770985922
863048064
770985922
766542041
766542041
766542041
767661096
770985922
770985922
783319190
766542041
863048064
769282113
786834875
766542041
766542041
863048064
777604191
916084329
916084329
916084329
916084329
916084329
766542041
970541722
774472410
970541722
970541722
970541722
970541722
877425872
877425872
870484104
870484104
767661096
946674249
852588914
877425872
946674249
946674249
946674249
946674249
877425872
771647204
943215682
877425872
758387479
946674249
774472410
756303472
756247394
870484104
978652224
758387479
770985922
978652224
972755953
972755953
972755953
937655130
972755953
972755953
972755953
946674249
937655130
863048064
937655130
937655130
946674249
803277461
946674249
768232688
943215682
759510158
772437529
946674249
766542041
758387479
758387479
770985922
772681205
766542041
927039913
804811286
927039913
787177712
760626971
804811286
768037430
756701972
768037430
792675947
792675947
792675947
951929579
792675947
803277461
792675947
804811286
951929579
804811286
765487089
756247394
848785828
774472410
786189435
782790430
772677529
760626971
770985922
804811286
765487089
765487089
775560604
756247394
756247394
803277461
755582160
756247394
774472410
765487089
804811286
756247394
765487089
756563857
804811286
977894734
977894734
756247394
977894734
797663067
756247394
977894734
769282113
792730878
756247394
765617895
756303472
755582160
763103135
756247394
848785828
767255971
767255971
951080738
771843528
767661096
834566411
756247394
804811286
770994566
767255971
804811286
774472410
765487089
765487089
769593982
792675947
764965152
777946562
854410534
867723028
854410534
921203120
921203120
921203120
764965152
784533308
921203120
921203120
804811286
921203120
755448432
768771697
760625620
919550119
764965152
985967291
985967291
985967291
985967291
985967291
985967291
985967291
985967291
900418157
900418157
985967291
985967291
943471280
919550119
868856791
880034065
985967291
868856791
868856791
900418157
866298213
985967291
866298213
985967291
866298213
880034065
985967291
801664062
866298213
769862524
764965152
801664062
866298213
907358441
801664062
793163192
866298213
764965152
793163192
782721321
792730878
793163192
764965152
938840860
938840860
938840860
938840860
938840860
854039617
769862524
804811286
763103135
764965152
763103135
843726041
764965152
843726041
843726041
938840860
843726041
938840860
979648668
979648668
979648668
847725086
847725086
847725086
793163192
767661096
755582160
764374279
854039617
938840860
938840860
834566411
764374279
821178128
793464243
793464243
793464243
918330650
995426539
918330650
918330650
793464243
782060702
755582160
760625620
919550119
910651379
918330650
918330650
918330650
910651379
764374279
821904192
793163192
764374279
768053946
807674728
881101879
881101879
881101879
881101879
881101879
810658003
800631157
810658003
810658003
810658003
800631157
810658003
810658003
810658003
810658003
800631157
810658003
800631157
807674728
800631157
807674728
800631157
807674728
800631157
807674728
800631157
764374279
800631157
764374279
800631157
800631157
921199382
921199382
756553741
764374279
800631157
881101879
895950806
800631157
800631157
755448432
895950806
810658003
764374279
810658003
755582160
807674728
881101879
755448432
753293964
830226486
830226486
830226486
830226486
928673864
830226486
830226486
760625620
769939538
807674728
937452747
937452747
937452747
793153893
937452747
937452747
937452747
937452747
793153893
793153893
793153893
937452747
760626971
937452747
800631157
830226486
758986451
937452747
951537959
951537959
950678855
951537959
950678855
950678855
950678855
828395552
828395552
830226486
974022868
974022868
880390068
880390068
880390068
880390068
828395552
937452747
828395552
828395552
937452747
828395552
881101879
937452747
845052955
937452747
755448432
755448432
770079520
845052955
755582160
937452747
828395552
770079520
760625620
918255375
918255375
918255375
758933012
841645295
793153893
935761776
991536340
935761776
935761776
935761776
841645295
946360662
935761776
852272772
946360662
918255375
918255375
918255375
793153893
841645295
841645295
841645295
841645295
841645295
966217656
894201048
966217656
966217656
798702588
894201048
894201048
841645295
894201048
894201048
987659140
983959815
841645295
963992377
963992377
793153893
963992377
793153893
761408636
983959815
760625620
881101879
880390068
901427530
778871460
841645295
857154402
857154402
857154402
857154402
793153893
945962034
945962034
793153893
780316230
881101879
778908167
761408636
780316230
777201515
777201515
807044256
793153893
777105738
777201515
918255375
772677529
777201515
777201515
841645295
995666907
927812392
927812392
995666907
918255375
918255375
783628380
841645295
976575905
948652995
948652995
895950806
842929739
842929739
842929739
848325253
842929739
783628380
783628380
904621933
783628380
778871460
759694073
777201515
777201515
841645295
969165322
777201515
969165322
969165322
760625620
783628380
828381752
895950806
828381752
759694073
828381752
828381752
783628380
764171856
759694073
755448432
759694073
828381752
881101879
828381752
759694073
783628380
760625620
777201515
807674728
774788233
769745988
769745988
760625620
759694073
807674728
782790430
755448432
895950806
769745988
769745988
777105738
764965152
759694073
928914168
928914168
928914168
819484092
928914168
928914168
928914168
928914168
763904152
765028212
752690640
769593982
928914168
757935678
755448432
928914168
752690640
928914168
764965152
973430799
758933012
764965152
767255971
777201515
793153893
757935678
769593982
777105738
759510158
928914168
773004257
764965152
754747499
769593982
765028212
928914168
855133725
855133725
928914168
934896304
976503572
976503572
976503572
934896304
964780642
964780642
759510158
928914168
752690640
928914168
763904152
934896304
934896304
934896304
755448432
931863980
931863980
807693855
934896304
931863980
931863980
931863980
931863980
931863980
857753842
826877288
758387479
931863980
987387149
987387149
987387149
987387149
931863980
987387149
931863980
857753842
755582160
987387149
807693855
931863980
987387149
849353591
849353591
849353591
849353591
849353591
849353591
758387479
987387149
849353591
807693855
753293964
849353591
807693855
849353591
849353591
752690640
849353591
766416662
849353591
766247749
845037048
757008942
849353591
849353591
913654914
849353591
849353591
849353591
799124694
754272258
913654914
801857516
913654914
849353591
950941704
960603447
913654914
845037048
845037048
761690312
819099917
981092568
981092568
981092568
981092568
981092568
981092568
867723028
981092568
819099917
981092568
981092568
981092568
774197386
819099917
975009082
975009082
799124694
819099917
975009082
913654914
922304203
975009082
922304203
799124694
975009082
819099917
799124694
819099917
819099917
909744034
909744034
975009082
909744034
909744034
799124694
975009082
975009082
799124694
799124694
799124694
849353591
841645295
898981026
898981026
898981026
898981026
921729532
921729532
913654914
921729532
921729532
898981026
841747881
841747881
799124694
799124694
838551966
838551966
807693855
799124694
757008942
772827602
772827602
857753842
753345578
752690640
774197386
807693855
891118448
891118448
895439680
891118448
838551966
891118448
949792306
949792306
949792306
949792306
963867554
949792306
841777514
949792306
857753842
949792306
841777514
949792306
891118448
752374763
891118448
891118448
772827602
841777514
824533880
841777514
861937508
891118448
891118448
891118448
814489778
861937508
841777514
871018386
841777514
861937508
857753842
841777514
841777514
839543227
814489778
814489778
933847874
772827602
839543227
839543227
766783731
814489778
814489778
839543227
766783731
766783731
929252844
929252844
929252844
929252844
838551966
881481221
929252844
929252844
929252844
766783731
881481221
881481221
766783731
929252844
793907795
929252844
766783731
838551966
881481221
814489778
929053739
929252844
929053739
793907795
929252844
814489778
766783731
814489778
929252844
929252844
778996499
778996499
933847874
853830633
853830633
853830633
933847874
782388504
929252844
782388504
929252844
814489778
778996499
778996499
863180952
760154679
778996499
929252844
814489778
814489778
772827602
814489778
812717236
787641681
814489778
814489778
787641681
915551559
766783731
812717236
915551559
766783731
766783731
841615031
766783731
841615031
841615031
787641681
774197386
841645295
841615031
841615031
787641681
814489778
787641681
841615031
841615031
778722464
841615031
778722464
787641681
841615031
787641681
778722464
967002973
794273460
967002973
830220957
967002973
830220957
967002973
828067158
830220957
828067158
830226486
849353591
849353591
794273460
971989007
971989007
971989007
971989007
971989007
971989007
884503317
828067158
884503317
821636594
804413038
821636594
828067158
841645295
828067158
752753426
884169531
990480688
756553741
884169531
804413038
804413038
884169531
884169531
755567003
804413038
757569760
814489778
814489778
910585968
910585968
945464842
945464842
910585968
953359357
953359357
830226486
804211797
757569760
794273460
814489778
804211797
889760091
752374763
889760091
778722464
757569760
814489778
757569760
778722464
778722464
766783731
752690640
778722464
753345578
865429168
794273460
755582160
841645295
824682538
778722464
824682538
760154679
794273460
752690640
897208961
897208961
824682538
824682538
824682538
951262030
951262030
951262030
824682538
824682538
824682538
824682538
808607160
824682538
865429168
824682538
824682538
808607160
808607160
808607160
783645862
953359357
930953202
783645862
783645862
899647901
783645862
783645862
783645862
772827602
799124694
783645862
988939229
988939229
899647901
778722464
757569760
899647901
799124694
799124694
905739603
905739603
778722464
905739603
841645295
753345578
756553741
953359357
841645295
790539363
790539363
778722464
790539363
790539363
790539363
810658003
838551966
807693855
953359357
778722464
790539363
790539363
854039617
790539363
799124694
790539363
807693855
790539363
809583287
919809042
919809042
919809042
830226486
790539363
919809042
778722464
757819884
794273460
757819884
757819884
794273460
757819884
794273460
778722464
790539363
778722464
794273460
830226486
761690312
814489778
778722464
790539363
757876835
790539363
757819884
881351229
881351229
766783731
881351229
881351229
881351229
757876835
778722464
794273460
757819884
770316801
830226486
794273460
800797002
800797002
800797002
807693855
800797002
800797002
796935017
796935017
893861834
893861834
770316801
778722464
810658003
774197386
907306578
752690640
770316801
854478528
854478528
854478528
854478528
854478528
854478528
854478528
854478528
854478528
854478528
854478528
849162928
849162928
849162928
849162928
849162928
774197386
770316801
849162928
790539363
814373968
814373968
814373968
770316801
838551966
790539363
763923260
790539363
799512369
758933012
792675947
752753426
761690312
792675947
766591757
799512369
838551966
781203921
781203921
799512369
752690640
790539363
780558370
780558370
756553741
830226486
799512369
790539363
924074512
924074512
924074512
924074512
756553741
780558370
757819884
830226486
924074512
924074512
752690640
906933081
891362776
755567003
943197687
891362776
891362776
863715708
862024633
825710316
763072292
862003634
862003634
752690640
772827602
862003634
862003634
765072214
753229724
862003634
825710316
825710316
943197687
825710316
891362776
891362776
876572346
876572346
943197687
835419205
835419205
943197687
943197687
854039617
835419205
835419205
758387479
818418738
924074512
761690312
783628380
830226486
761690312
757876835
797971556
790539363
784533308
774197386
777946562
838551966
773004257
759310793
752690640
770316801
909530345
909530345
909530345
766783731
759310793
768053946
774197386
934910406
848785828
934910406
934910406
934910406
934910406
934910406
915098200
753604301
863206730
915098200
863206730
915098200
761690312
753604301
752690640
859843670
998394185
765028212
998394185
998394185
951981075
967145727
967145727
967145727
967145727
859843670
831418888
859843670
850535097
933901313
752374763
859843670
848973069
933901313
933901313
915098200
915098200
879708411
930036178
930036178
859843670
859843670
800475600
800475600
915098200
859843670
848973069
848973069
779129810
848973069
848973069
922486431
922486431
922486431
800475600
922486431
831418888
831418888
926368672
926368672
805733693
800475600
800475600
922486431
800475600
780230900
800475600
780230900
800475600
780230900
800475600
780230900
780230900
780230900
771510014
859843670
948265946
878148131
948265946
800475600
761690312
878148131
780230900
784533308
800475600
800475600
757819884
869609992
760684807
844916622
752690640
800475600
810658003
757819884
810658003
948265946
810658003
753604301
780230900
780230900
757819884
800475600
779378466
810658003
784533308
780230900
785988467
810658003
862221336
933323920
862221336
862221336
948265946
782318084
859009335
784533308
859009335
862221336
862221336
859009335
757819884
859009335
859009335
859009335
859009335
774197386
933323920
774197386
782318084
933323920
785988467
923822494
751728974
923822494
923822494
974154574
894313806
894313806
923822494
894313806
771510014
757819884
893607964
779378466
893607964
976199047
976199047
976199047
976199047
976199047
976199047
976199047
976199047
976199047
974425595
974425595
974425595
974425595
974425595
944255209
974425595
974425595
974425595
761690312
944255209
893607964
946843771
946843771
946843771
946843771
946843771
935737117
923822494
785988467
875589076
893607964
784533308
875589076
815819808
893607964
893607964
875589076
875589076
875589076
757819884
893607964
875589076
824597758
875589076
875589076
824597758
824597758
824597758
824597758
956463720
824597758
753889498
956463720
956463720
753889498
956463720
956463720
956463720
753889498
757569760
810658003
810658003
807674728
830226486
753889498
766783731
757569760
956463720
766783731
973756292
844656139
973756292
973756292
799565891
807044256
844656139
991127184
925908260
991127184
925908260
807044256
925908260
799565891
799565891
807044256
799565891
752250074
854039617
780471498
753889498
811899890
776749282
776749282
781865455
780230900
826751713
771510014
799565891
778078414
850471498
838965488
753889498
838965488
838965488
826751713
910034240
766591757
753889498
759310793
910034240
761690312
760684807
754272258
910034240
990949541
990949541
990949541
760684807
910034240
910034240
826751713
761690312
771510014
771510014
910034240
807674728
760684807
753604301
760684807
807674728
954745345
910034240
761690312
780230900
846178659
766929134
910034240
752374763
752690640
766929134
758933012
903249376
910034240
912176525
912176525
903249376
912176525
751728974
853578918
785988467
903249376
766591757
903249376
774197386
783628380
903249376
826751713
777201515
766591757
777201515
756883457
754481535
753889498
956910067
956910067
956910067
910034240
910034240
956910067
771510014
956910067
847360626
755582160
847360626
910034240
756883457
942254675
771510014
942254675
774197386
910034240
752374763
807674728
771510014
868902102
868902102
910034240
989397529
989397529
868902102
989397529
758933012
771510014
868902102
868902102
837050745
753604301
837050745
837050745
837050745
837050745
779559891
837050745
761690312
784533308
761690312
761690312
766591757
772827602
752753426
752250074
751728974
779378466
772827602
783628380
753604301
779378466
753157220
753345578
766591757
763144028
768373573
807674728
790539363
786776512
777105738
760684807
915644056
915644056
915644056
768373573
915644056
933713643
800475600
921341817
933713643
915644056
777536487
933713643
961641508
800475600
777536487
777536487
961641508
784533308
933713643
909860760
921341817
961641508
909860760
774197386
909860760
961641508
961641508
909860760
771510014
769356804
766776438
807507485
769356804
921341817
769356804
807507485
839987069
807507485
807507485
807507485
754272258
793153893
769356804
792496395
786776512
769356804
792496395
792496395
867723028
807044256
774197386
763144028
792496395
839021013
839021013
954553455
954553455
954553455
792496395
839021013
754272258
792496395
792496395
792496395
768373573
753345578
768373573
761690312
761690312
753345578
856375274
949947203
854039617
881215944
881215944
949947203
844907963
949947203
881215944
949947203
949947203
847161162
881215944
847161162
949947203
847161162
847161162
949947203
847161162
847161162
881215944
758387479
881215944
847161162
856375274
844907963
795496744
856375274
786528494
955946700
955946700
807044256
757008942
786528494
795496744
847161162
844907963
786528494
844907963
844907963
786528494
758387479
786528494
786528494
786528494
757819884
760684807
786528494
756247394
771510014
751859247
768053946
800604957
761690312
771510014
979198945
979198945
979198945
759985928
979198945
766929134
773004257
753345578
752250074
753345578
752004871
782060702
979198945
979198945
777105738
979198945
839596179
930232541
930232541
930232541
930232541
979198945
941783283
839596179
979198945
980642094
980642094
941783283
979198945
979198945
979198945
979198945
941783283
941783283
839596179
935352856
935352856
935352856
839596179
839596179
839596179
839596179
839596179
954235181
979198945
839596179
839596179
954235181
979198945
899365095
792550276
979198945
839596179
839596179
839596179
844907963
792550276
899365095
792550276
776513882
776513882
792550276
925853312
776513882
782477504
782477504
899365095
917938614
899365095
776513882
781995415
829177630
914444395
914444395
909053115
909053115
909053115
781995415
899365095
833639106
774197386
782318084
760625620
756247394
950369837
950369837
899365095
899365095
757569760
764450445
758986451
772498583
899365095
782060702
762205674
902776497
902776497
753157220
757819884
756883457
782060702
774197386
839286764
854039617
767255971
756883457
764965152
753345578
806261400
784881163
752056506
756883457
756883457
829177630
772241700
772241700
772241700
829177630
756883457
783628380
811899890
784533308
772241700
772241700
757677208
807674728
764450445
806261400
763072292
758986451
783628380
757008942
760684807
755582160
983833410
983833410
983833410
827542762
827542762
827542762
827542762
827542762
867723028
827542762
836723829
951289712
951289712
827542762
827542762
827542762
809805688
827542762
809805688
763181498
843130775
843130775
843130775
964974229
964974229
964974229
843130775
964974229
942891116
964974229
964974229
753345578
942891116
783628380
942891116
809805688
770994566
763181498
815819808
799565891
774472410
827542762
763181498
784881163
833336243
833336243
833336243
833336243
833336243
833336243
759131279
938691052
766416662
764761348
767661096
815819808
763181498
778078414
767255971
758986451
781995415
781995415
772498583
759131279
770316801
765072214
754747499
752690640
766416662
790539363
766929134
899972287
899972287
899972287
899972287
768232688
752690640
752180976
751728974
765617895
979256114
899972287
979256114
979256114
759131279
989300927
989300927
989300927
755448432
989300927
979256114
758986451
800873011
989300927
865223861
865223861
865223861
865223861
865223861
865223861
865223861
948464592
948464592
948464592
948464592
948464592
984061108
948464592
752690640
948464592
948464592
891124192
881165000
881165000
766783731
865223861
831331639
831331639
865223861
865223861
865223861
752374763
957001425
957001425
774197386
756883457
941252769
982484554
969823378
941252769
969823378
969823378
941252769
831331639
831331639
951927724
760684807
951927724
951927724
836457972
907415041
907415041
751471081
829918302
753293964
909267154
810114206
758986451
942891116
754747499
758986451
867723028
755582160
829918302
753889498
760684807
778078414
851005612
851005612
851005612
851005612
753345578
753489655
829918302
851005612
752690640
829918302
851005612
756883457
878281215
878281215
878281215
851005612
751728974
829918302
878281215
851005612
753293964
851005612
753293964
829918302
991668022
978401516
978401516
783628380
991668022
978401516
978401516
991668022
940252034
991668022
940252034
920728488
940252034
920728488
988771467
988771467
991668022
868559087
766932459
868559087
753345578
868559087
868559087
810114206
753293964
767250142
766932459
766932459
766932459
827436990
751728974
753293964
755448432
752753426
766783731
928724769
928724769
757569760
928724769
827436990
753293964
770316801
807674728
827436990
753293964
909215766
909215766
909215766
978401516
827436990
757569760
760684807
827436990
909215766
909215766
904406179
909215766
904406179
904406179
867723028
809324991
776637383
766932459
776637383
776637383
766932459
810114206
990789562
776637383
752115019
759131279
776637383
965632544
790539363
790778834
752109097
776637383
766932459
985079309
843590901
985079309
985079309
843590901
985079309
843590901
985079309
752690640
857705495
843590901
776637383
985079309
751471081
985079309
969106031
969106031
878281215
969106031
843590901
774472410
782318084
766929134
969106031
843590901
843590901
843590901
766932459
752690640
960698904
992614915
960698904
992614915
752250074
751728974
960698904
992614915
992614915
864160999
760684807
763181498
762742764
923957760
763181498
923957760
923957760
753050945
752250074
762742764
923957760
796219437
821909494
821909494
762742764
782318084
923957760
969106031
751522256
752180976
762742764
782318084
821909494
763181498
856051655
901920962
901920962
901920962
821909494
756593085
762742764
843590901
856051655
856051655
856051655
752690640
752443860
878281215
752690640
753293964
821909494
755582160
856051655
766932459
773004257
768637913
753293964
758387479
829918302
766932459
821909494
771647204
766932459
767255971
753293964
751471081
856051655
757819884
760684807
767255971
942845194
942845194
753293964
777201515
758387479
829918302
856051655
760417823
755582160
840205589
840205589
856051655
853838369
853838369
853838369
853838369
840205589
853838369
853838369
860104873
991401232
991401232
853838369
853838369
913546277
991401232
913546277
913546277
928154123
802959862
913546277
829918302
781825332
766932459
930696120
781825332
781825332
752243298
781825332
781825332
781825332
856051655
757569760
757569760
781825332
781825332
760684807
781825332
781825332
757819884
821909494
835874046
802959862
857742216
857742216
760258801
857742216
783578329
783578329
857742216
783578329
857742216
881351059
783578329
759869810
923613614
923613614
752243298
783578329
783578329
857742216
857742216
754272258
857742216
779378466
772681205
940535974
940535974
940535974
958085983
940535974
829709025
829709025
958085983
829918302
755582160
803019371
768637913
752374763
803019371
803019371
989234376
989234376
989234376
771510014
989234376
755582160
989234376
766546446
760258801
764171856
753759545
763181498
760258801
785452296
768637913
785452296
785452296
785452296
755448432
785452296
785452296
777604191
764171856
763181498
760684807
763181498
760684807
752374763
821909494
821909494
753293964
766929134
760684807
762205674
766591757
760258801
763923260
821909494
753009290
860104873
843590901
765072214
801871682
801871682
754272258
757569760
801871682
801871682
769160219
829918302
801871682
754272258
763181498
751471081
754747499
801871682
772498583
755582160
971126174
755582160
754272258
883008432
883008432
827896038
827896038
827896038
827896038
883008432
827896038
801871682
827896038
910844654
827896038
827896038
990121399
878010576
950643503
950643503
950643503
990121399
950643503
950643503
910844654
910844654
910844654
910844654
827896038
801871682
763115553
827896038
763115553
832475735
832475735
832475735
827896038
827896038
799620884
778897104
801871682
778897104
827896038
778897104
817140696
832475735
772498583
817140696
775501543
817140696
763115553
866889762
866889762
866889762
828679753
763115553
828679753
821909494
771510014
828679753
817140696
817140696
763115553
817140696
775325505
763115553
766932459
778897104
806261400
764171856
801871682
778897104
777946562
763115553
801871682
775325505
775325505
765072214
772498583
797001226
843590901
886063060
886063060
797001226
797001226
797001226
797001226
751522256
797001226
832475735
797001226
937470721
937470721
937470721
937470721
925399005
925399005
925399005
925399005
925399005
797001226
768053946
752374763
757819884
843590901
752709621
757569760
832475735
957690534
780441640
957690534
780441640
848785828
780441640
780441640
765028212
957690534
780441640
853634565
851599747
851599747
853634565
780441640
934176503
934176503
842086000
842086000
842086000
957690534
934176503
934176503
853634565
853634565
757819884
874884797
874884797
757569760
938839159
797595700
938839159
814297559
938839159
938839159
773960075
938839159
938839159
860861850
751543317
860861850
875315631
965369131
965369131
875315631
965369131
965369131
875315631
875315631
755528929
814297559
843590901
755582160
773960075
773960075
773960075
773960075
933171025
933171025
933171025
933171025
826019546
933171025
933171025
826019546
826019546
772827602
933171025
826019546
933171025
933171025
826019546
901862106
826019546
826019546
901862106
826019546
826019546
826019546
826019546
772681205
901862106
965369131
769593982
767723277
878214416
937980149
937980149
826019546
878214416
826019546
783319190
878214416
826019546
773960075
832475735
754747499
977876714
977876714
977876714
977876714
778336188
977876714
931567983
949915402
949915402
949915402
949915402
977876714
977876714
977876714
949915402
860104873
949915402
949915402
949915402
949915402
884323422
931567983
897015862
897015862
897015862
874736547
778336188
874736547
775841046
778336188
802591370
778336188
800261801
775841046
778336188
778336188
770994566
778336188
778336188
793163192
778336188
767723277
775841046
802591370
767498850
778336188
778336188
779378466
767723277
775841046
767723277
776951435
775841046
775841046
767723277
775501543
769593982
772827602
807674728
755582160
755528929
767723277
757819884
767723277
782060702
767723277
803019371
781737807
921137666
772108150
921137666
767723277
977237603
977237603
977237603
977237603
977237603
767723277
977237603
767723277
786834875
977237603
767723277
803019371
803019371
763904152
767723277
777201515
783319190
848785828
773035293
773035293
773035293
773035293
760904849
773035293
773035293
790539363
808676760
780548969
887163724
887163724
887163724
777105738
767498850
815831457
767498850
760684807
767723277
774925276
757819884
989831811
772108150
783319190
760684807
817574510
817574510
817574510
767723277
817574510
853895756
799512369
758993808
781604137
967732218
967732218
967732218
753549162
806253425
967732218
967732218
967732218
768053946
967732218
967732218
967732218
776214507
776214507
967732218
967732218
776214507
967732218
967732218
776214507
967732218
967732218
967732218
967732218
903038301
956003935
956003935
800261801
903038301
967732218
903038301
903038301
774587613
967732218
903038301
956003935
986731103
986731103
967732218
909087985
967732218
774587613
967732218
909087985
909087985
967732218
832330003
909087985
909087985
909087985
909087985
832330003
967732218
909087985
909087985
909087985
775262500
778895432
774587613
802591370
778895432
805269700
778895432
967732218
780556126
795434624
770316801
778895432
774587613
778895432
776214507
775262500
774587613
778895432
778895432
781737807
797208741
775262500
775262500
815831457
876576817
876576817
876576817
757224655
766542041
763181498
768053946
766932459
797990706
755528929
757819884
802591370
781737807
761415507
781604137
755528929
810114206
995627894
995627894
995627894
761690312
798116497
798337712
798337712
995627894
751728974
798337712
799565891
995627894
758933012
995627894
767661096
798337712
798337712
803019371
995627894
798116497
766783731
767723277
757224655
754272258
800261801
794433951
794433951
794433951
985294326
758933012
794433951
794433951
800261801
751859247
890770513
832853664
794433951
852127566
852127566
774788233
794433951
881417714
955125549
955125549
913472747
917342032
955125549
913472747
987925267
987925267
894057266
894057266
894057266
894057266
894057266
894057266
881417714
894057266
894057266
894057266
894057266
938305525
894057266
982874727
894057266
982874727
894057266
982874727
982874727
982874727
961061995
894057266
982874727
961061995
961061995
894057266
894057266
894057266
894057266
894057266
894057266
894057266
894057266
956669459
956669459
956669459
961061995
956669459
956669459
951257602
956669459
951257602
894057266
894057266
956528316
956528316
881417714
881417714
956528316
956528316
876302712
956528316
876302712
881417714
845225040
860453227
860453227
845225040
845225040
845225040
845225040
830369817
827883143
811555543
811555543
827883143
797990706
827883143
827883143
827883143
827883143
848378693
848378693
827883143
794835581
811555543
827883143
924605875
811555543
805393995
805110670
958871368
958871368
958871368
958871368
805393995
924605875
924605875
958871368
958871368
958871368
924605875
958871368
924605875
985294326
958871368
811555543
805393995
948252984
958871368
810169789
810169789
810169789
810169789
810169789
810169789
814579999
814579999
848719404
814579999
810169789
814579999
814579999
814579999
810169789
814579999
810169789
810169789
814579999
810169789
814579999
814579999
805110670
762455100
810169789
805110670
985294326
989268421
989268421
989268421
762455100
989268421
989268421
942488868
942488868
996688523
942488868
786399919
942488868
989268421
942488868
880691634
880691634
805110670
786776512
829125143
964118203
829125143
964118203
964118203
964118203
763103135
751471081
880691634
926359672
794433951
752374763
926359672
810169789
812024872
899509404
880691634
899509404
812024872
899509404
899509404
899509404
939534322
840968819
939534322
939534322
840968819
880691634
840968819
840968819
840968819
840968819
968693784
968693784
778897104
968693784
797208741
860903518
860903518
840981095
840968819
840968819
880691634
840968819
985294326
763181498
840981095
840981095
840968819
840981095
840968819
840981095
880691634
880691634
840981095
794433951
840968819
840968819
883522061
840968819
840968819
812024872
763181498
821508741
758880908
768751736
763904152
757224655
965894791
810169789
755470480
758933012
774925276
965894791
810169789
761415507
758880908
755470480
774260899
755470480
814579999
764450445
755528929
755528929
944508461
751720784
821904192
772155496
757224655
753809436
755470480
781604137
755528929
828785022
766416662
828785022
768751736
757008942
772108150
780243749
781865455
753809436
826374269
762455100
753809436
757008942
985294326
761690312
762455100
751728974
760684807
761690312
914630000
914630000
914630000
914630000
914630000
914630000
914630000
914630000
914630000
765028212
824339917
824339917
757224655
763103135
786776512
786834875
910367590
758993808
910367590
763103135
764386269
761637342
761690312
761637342
779378466
759510158
960910023
753050945
756178298
787053343
784686037
784686037
960910023
784686037
876556105
876556105
876556105
800261801
876556105
784686037
876556105
876556105
876556105
772155496
766932459
755470480
955793427
955793427
768232688
777604191
754272258
941443008
795434624
941443008
842612888
800756315
755470480
941443008
842612888
756303472
960910023
751728974
780243749
829517605
935763566
758993808
812937136
812937136
812937136
812937136
942170981
942170981
942170981
812937136
942170981
942170981
812937136
876556105
812937136
855335066
855335066
876556105
836322590
855335066
855335066
855335066
855335066
855335066
975195731
975195731
975195731
861951306
969179434
969179434
980923581
980923581
975195731
975195731
969179434
980923581
901266267
967266961
980923581
967266961
901266267
967266961
901266267
836322590
967266961
855001360
855001360
921264767
901266267
855001360
999665735
999665735
855001360
855001360
921264767
855001360
855001360
901266267
861951306
855001360
999665735
855335066
855001360
861951306
855001360
861951306
836322590
836322590
855335066
812937136
812937136
812937136
812937136
855335066
800756315
855335066
771244779
836322590
836322590
836322590
967266961
812937136
836322590
855335066
831939635
800756315
831939635
765734610
765734610
855335066
967266961
960971348
852385263
852385263
855335066
960910023
852385263
852385263
765734610
753050945
751471081
752367826
916461993
916461993
916461993
916461993
765734610
916461993
985293381
916461993
916461993
985293381
916461993
916461993
916461993
904346375
916461993
904346375
855778627
784013761
855778627
916461993
855778627
855778627
956064225
956064225
956064225
956064225
956064225
956064225
956064225
934372138
765734610
934372138
855778627
855778627
825240970
800756315
825240970
784013761
861734277
800756315
861734277
784013761
784013761
784013761
831939635
784013761
760378302
784013761
793200256
793200256
784013761
784013761
767661096
784013761
793200256
760378302
784013761
793200256
793200256
784013761
760378302
962757431
797208741
962757431
819535590
878332438
818904314
818904314
818904314
798635623
818904314
818904314
960910023
795635955
923296809
795635955
849892435
849892435
818904314
764171856
966369491
966369491
966369491
781979914
966369491
966369491
966369491
966369491
966369491
966369491
798635623
795635955
923296809
818904314
793200256
755528929
798635623
795635955
923296809
802591370
802788471
802788471
788092384
939873434
939873434
795635955
939873434
788092384
939873434
788092384
939873434
788092384
788092384
939873434
795635955
788092384
939873434
915348786
939873434
865766365
915348786
915348786
915348786
915348786
915348786
915348786
915348786
915348786
915348786
899878309
939873434
865766365
795635955
972192021
788092384
865766365
865766365
769829710
920607358
802788471
920607358
865766365
802788471
802788471
769829710
920607358
788092384
968563721
769829710
788092384
922643694
922643694
887973408
887973408
909740556
887973408
939873434
922643694
887973408
939873434
887973408
922643694
892894396
922643694
922643694
922643694
922643694
887973408
892894396
887973408
887973408
892894396
887973408
887973408
994603139
754872660
754872660
994603139
994603139
920607358
892894396
892894396
994603139
850083792
856588601
754673407
856588601
856588601
892894396
975218803
975218803
975218803
892894396
771245313
769829710
769829710
769829710
920607358
772490584
920651936
769829710
752056506
920651936
920651936
769829710
769829710
753086767
769829710
856588601
939873434
754872660
751728974
769829710
769829710
939873434
939873434
752056506
756883457
892894396
802788471
753824686
752374763
939873434
980696911
769829710
980696911
980696911
758993808
856588601
899878309
870267667
870267667
870267667
870267667
870267667
858758947
752374763
752374763
751778885
856588601
969754868
816533227
858758947
969754868
899878309
969754868
774197386
816533227
769829710
760378302
758993808
856588601
763072292
752374763
802788471
892894396
855589387
973949845
984181228
973949845
855589387
973949845
973949845
900608516
751543317
758993808
939873434
758685701
959516148
959516148
959516148
959516148
825313127
848107637
848107637
751917227
825313127
825313127
825313127
848577463
758685701
817316782
817316782
817316782
817316782
962166535
962166535
962166535
962166535
962166535
769829710
868645735
781604137
962166535
868645735
962166535
962166535
962166535
962166535
868645735
962166535
758685701
829579444
962166535
871654912
777470513
829579444
962166535
962166535
829579444
817316782
871654912
962166535
871654912
893277702
962166535
817316782
871654912
939873434
958248065
899878309
793200256
867977054
952842052
867977054
827460974
850347237
952842052
997213628
827460974
950741960
950741960
827460974
950741960
827460974
961690060
827460974
871654912
827460974
827460974
827460974
961690060
827460974
827460974
961690060
763072292
827460974
811821107
811821107
769829710
758685701
758685701
966677223
829839004
966677223
758685701
829839004
966677223
829839004
752051935
900826722
836376839
759869810
769829710
822166484
895970848
895970848
895970848
895970848
939873434
829839004
836376839
751728974
829839004
786790419
769829710
761172465
829839004
752300060
829839004
761172465
758685701
761172465
978931075
978931075
978931075
853625476
893672178
893672178
818296810
818296810
818296810
758685701
753086767
758685701
984897106
924278526
900826722
900826722
753809436
800857185
954574934
848384873
848384873
900826722
848384873
848384873
954574934
753157220
939873434
954574934
954574934
758685701
848384873
812024872
848384873
939873434
848384873
848384873
848384873
800857185
800857185
800857185
797342133
800857185
822166484
840320100
840320100
800857185
797342133
797342133
822166484
797342133
797342133
797342133
797342133
840320100
840320100
759510158
751543317
759510158
758685701
777201515
779554534
758993808
771244779
840320100
822166484
769829710
924278526
753100053
803517523
771244779
995516121
995516121
822166484
755582637
772490584
822166484
751393397
808542576
759510158
753009290
815821216
752562410
793200256
939873434
815821216
959589206
815821216
854221570
854221570
815821216
815821216
766416662
815821216
769593982
924278526
793200256
752243298
822166484
772108150
870921777
870921777
779554534
772490584
793200256
755582160
755507830
874663774
926173584
926173584
895722789
895722789
883661768
883661768
874663774
883661768
855799640
883661768
883661768
819288601
939873434
859714139
874663774
874663774
874663774
859714139
883661768
855799640
874663774
884170716
924278526
826703712
884170716
883661768
874663774
884170716
884170716
874663774
884170716
874663774
924278526
939873434
874663774
855799640
874663774
859714139
860400126
860400126
859714139
826703712
819288601
874663774
819288601
826703712
819288601
826703712
819288601
855799640
801198369
801198369
801198369
751522256
751728974
755582160
924278526
769829710
761690312
753759545
774197386
924278526
765734610
769829710
784881163
983514629
983514629
751393397
753617237
752053674
760626971
818709641
768232688
766416662
753809436
753009290
753809436
753086767
900826722
818709641
818709641
818709641
763103135
862957851
862957851
756916384
862957851
764386269
900826722
751719756
766591757
971853524
995371322
971853524
971853524
971853524
971853524
971853524
971853524
761172465
850420627
850420627
971853524
971853524
850420627
753009290
818709641
995371322
751471081
752367826
751522256
758993808
929387979
929387979
929387979
929387979
782580437
818709641
818709641
782580437
751778885
782580437
753759545
935029123
935029123
935029123
912828636
912828636
782580437
912828636
912828636
940396711
935029123
935029123
782580437
753100053
842703401
761690312
761690312
935029123
782580437
782580437
782580437
782580437
759510158
818709641
818709641
760626971
782580437
766932459
782580437
782580437
818709641
751728974
872496183
865427398
865427398
865427398
865427398
865427398
934821131
934821131
934821131
934821131
934821131
934821131
920280084
934821131
934821131
920280084
920280084
920280084
920280084
920280084
920280084
920280084
795179471
920280084
872496183
920280084
795179471
865427398
865427398
795179471
920280084
865427398
861234216
861234216
861234216
861234216
861234216
861234216
844845547
939099277
766013814
766013814
774197386
818709641
795179471
862803151
862803151
774197386
818709641
795179471
766013814
779378466
766013814
795179471
951924804
951924804
901519656
951924804
954802891
951924804
954802891
951924804
818709641
979655720
979655720
990147206
979655720
951924804
951924804
951924804
951924804
820250419
876046201
951924804
901519656
930356727
930356727
930356727
951924804
930356727
951924804
876046201
930356727
930356727
887713390
887713390
837959412
795179471
875193105
820250419
901519656
820250419
875193105
766013814
766013814
795179471
766013814
875193105
875193105
875193105
839857064
766013814
766013814
875193105
875193105
875193105
836406591
866295003
836406591
866295003
866295003
866295003
866295003
836406591
836406591
866295003
839857064
836406591
845354468
904795290
904795290
845354468
884703149
884703149
884703149
884703149
845354468
884703149
884703149
836406591
884703149
836406591
975385624
855799640
845354468
827943753
845354468
866295003
836406591
845354468
866295003
878212082
845354468
878212082
813584366
845354468
845354468
839857064
839857064
998747364
836406591
998747364
813584366
836406591
836406591
836406591
998747364
886744407
886744407
813584366
813584366
839526583
866295003
820250419
792564121
813584366
942318516
813584366
795179471
795179471
866295003
839857064
866295003
795179471
866295003
839857064
839857064
822166484
839857064
768957997
768957997
822166484
836406591
866295003
916993894
916993894
916993894
916993894
752004871
836406591
768957997
813584366
766013814
813584366
813584366
751346057
818709641
752562410
811048339
902515663
902515663
902515663
877346045
764575331
895822300
764575331
855860918
764575331
813584366
764575331
764575331
813584366
880220596
813584366
764575331
813584366
813584366
813584366
866295003
813584366
813584366
792564121
764575331
895822300
797208741
768957997
792564121
754682662
841907979
895822300
773668147
773668147
792564121
773668147
773668147
773668147
955424348
955424348
895822300
955424348
766013814
964309195
955424348
895822300
773668147
773668147
773668147
773668147
754682662
768684024
764761398
935108757
935108757
935108757
935108757
935108757
935108757
841252244
935108757
965493701
931223852
779178638
907747525
907747525
965493701
935108757
935108757
907747525
907747525
907747525
895822300
841252244
935108757
895822300
885092151
885092151
895822300
872783328
872783328
827305840
872783328
827305840
935108757
827305840
798775607
779178638
798775607
798775607
841252244
967203512
845300712
845300712
841252244
845300712
803019371
779178638
990582635
766013814
990582635
779178638
779178638
779178638
779178638
792564121
779178638
796044952
796044952
796044952
796044952
796044952
796044952
795496744
768232688
851590230
851590230
779178638
803610001
803610001
803610001
779178638
803610001
803610001
803610001
787053343
792564121
790571143
796044952
796044952
790571143
792564121
792564121
810114206
790571143
790571143
790571143
790571143
779178638
779178638
779178638
779178638
964320429
790571143
779178638
866295003
790233499
779178638
800756315
779178638
799113365
999051060
999051060
999051060
999051060
999051060
999051060
999051060
887400846
887400846
866295003
795840155
799113365
799113365
799113365
799113365
866295003
960760732
960760732
799113365
799113365
960320200
799113365
799113365
799113365
960320200
799113365
799113365
799113365
799113365
806506112
795840155
795840155
806506112
806520078
806506112
806506112
806506112
800888335
806506112
800888335
770185271
806506112
806506112
806506112
894005533
894005533
894005533
779178638
806506112
790233499
799113365
799113365
795840155
790233499
779178638
795840155
808676760
800261801
795840155
802591370
795496744
790233499
777946562
773668147
787053343
781814146
770185271
773668147
854567092
854567092
854567092
854567092
816069229
773668147
803019371
773668147
770185271
773668147
777201515
773668147
793163192
764761398
773668147
837959412
766863957
908664433
768957997
908664433
779378466
799565891
768957997
768957997
764175693
768957997
761528928
782060702
781979914
788084272
766013814
781604137
752383003
785778438
765734610
754682662
781604137
768684024
766863957
924208906
801485147
801485147
761528928
801485147
884363988
921674588
884363988
884363988
884363988
884363988
907571350
907571350
873347317
754673407
761528928
907571350
764175693
884363988
884363988
846035308
846035308
817699919
846035308
846035308
873347317
846035308
846035308
846035308
846035308
846035308
846035308
846035308
846035308
801485147
791434132
982722545
982722545
761528928
982722545
982722545
982722545
817699919
817699919
768677949
799764241
799764241
806520078
801485147
766013814
968440901
968440901
924012377
968440901
968440901
968440901
968440901
799764241
801485147
785996909
900753700
785996909
792756673
792756673
793163192
785996909
792756673
788928159
792756673
761528928
801485147
860104873
877808508
768677949
766013814
809720823
801485147
792756673
764575331
768677949
806520078
792564121
840054293
840054293
764175693
838023716
864880471
917334173
917334173
792756673
917334173
917334173
917334173
864880471
917334173
864880471
840054293
917334173
761528928
952805672
785996909
880179314
912479259
761528928
851209747
912479259
768677949
880179314
777946562
785996909
796161123
768677949
768677949
790233499
785996909
774454418
764575331
772490584
809720823
839932761
761528928
839932761
839932761
839932761
768677949
761528928
861943274
774454418
861943274
861943274
880179314
861943274
774454418
806520078
757238373
781604137
766013814
764575331
757238373
790233499
774925276
768677949
764175693
764761398
830226486
815819808
766542041
765734610
780613387
762264745
762718898
772677529
762718898
762718898
762718898
762718898
772681205
889732506
889732506
889732506
889732506
790233499
771244779
779559891
771244779
762718898
762718898
757238373
815831457
809720823
762718898
771244779
764761398
797663067
808676760
762718898
762718898
762264745
800261801
779129810
793163192
762264745
762264745
793163192
790233499
781604137
860104873
772108150
781604137
781814146
762264745
769160219
768677949
757238373
787053343
762264745
754682662
766783731
762264745
773658914
766247749
891048247
775051556
775051556
865431791
891048247
891048247
775051556
751390546
775051556
754682662
761528928
761528928
764761398
752383003
797776792
797776792
754682662
918226992
797776792
812142051
773658914
771244779
772677529
766013814
910391109
768677949
774925276
786651461
761528928
756247394
767255971
752850028
756178298
761528928
772677529
764175693
752690640
758880908
757569760
797198918
758685701
784881163
753156305
779554534
771244779
795496744
763923260
803019371
841903763
779554534
756883457
771244779
757073790
752690640
772490584
803019371
842703401
779554534
752383003
757819884
930653191
930653191
930653191
930653191
772490584
913523573
913523573
913523573
913523573
913523573
784242019
894452878
755507830
786776512
824787988
752056506
824787988
792564121
833784471
824787988
780863518
779554534
824787988
770185271
824787988
824787988
824130834
824787988
776306564
824787988
824787988
824787988
824130834
754481535
824787988
824130834
779378466
812024872
824130834
815831457
751393397
771244779
753027991
769160219
797198918
763103135
795434624
800261801
795434624
753293964
758993808
752243298
752443860
774197386
764386269
779554534
771244779
765209218
852249755
765209218
852249755
852249755
814880772
814880772
814880772
814880772
861240407
787053343
950180026
863634775
838165406
861240407
861240407
880491726
861240407
997747911
780243749
838165406
838165406
863634775
853033733
814880772
861240407
814880772
814880772
765209218
765209218
998318731
998318731
998318731
977167802
998318731
998318731
998318731
752383003
998318731
977167802
977167802
772490584
998318731
906776815
766929134
814506912
771647204
998318731
751742371
808676760
751719756
764386269
753809436
866204616
829907971
963990436
829907971
963990436
752056506
829907971
914449384
868323658
803019371
772677529
868323658
821904192
868323658
868323658
755567003
751862413
764761398
807960020
807960020
807960020
781865455
751728974
947733983
784881163
947733983
753100053
977375957
977375957
970484950
970484950
932716584
970484950
932716584
807960020
752441082
932716584
932716584
754673407
987574522
987574522
764761398
987574522
987574522
882186788
988508166
882186788
938707418
938707418
938707418
938707418
931613735
777933724
882186788
882186788
932716584
793153893
885815811
885815811
885788669
885788669
810915883
938898865
752056506
777933724
885815811
777933724
807960020
777933724
777933724
885815811
777933724
794835581
777933724
885815811
777933724
777933724
884020720
884020720
884020720
884020720
884020720
808676760
909933999
753960653
927082668
927082668
777933724
793796028
777933724
794835581
780243749
770185271
777933724
770185271
752051935
766546446
762665015
762665015
753960653
787053343
848329001
848329001
848329001
885815811
882186788
781865455
793153893
804629270
804629270
828534269
828534269
787053343
804629270
848329001
780841726
774383711
762665015
774383711
825185446
993612209
885815811
848329001
851465208
909933999
825185446
772108150
851465208
825719735
764386269
825719735
885788669
774383711
774383711
766247749
762665015
793796774
764171856
885079399
766247749
966303170
966303170
966303170
966303170
966303170
966303170
773195667
855398905
966303170
966303170
855398905
966303170
773195667
966303170
966303170
762718898
774383711
765614420
848329001
753050945
773195667
773195667
779559891
763923260
773195667
773195667
753960653
773195667
773195667
848329001
763923260
790233499
779378466
968901056
920487120
968901056
968901056
968901056
968901056
968901056
920487120
968901056
751673837
920487120
768771697
773195667
777105738
779378466
753960653
999244473
881875413
770985922
751778885
875246591
847199548
881875413
954931780
846731543
881875413
846731543
846731543
846731543
792548431
881875413
875246591
846731543
846731543
954931780
883711272
883711272
883711272
947473393
947473393
883711272
954931780
751673837
753960653
881875413
891815489
751859247
755055259
875246591
769296142
772648637
875246591
772648637
875246591
772648637
753164543
860104873
772648637
753960653
772648637
757073790
754673407
875246591
769296142
853740890
808497366
853740890
808497366
808497366
772648637
808497366
808497366
808497366
762665015
776306564
808497366
875246591
885398229
885398229
885398229
808497366
956972645
805805343
782060702
751968089
772648637
776306564
832464289
875246591
752443860
758993808
754682662
768677949
998132338
779559891
801134304
801134304
751471081
755055259
801134304
755582160
897471322
852241644
867068912
852241644
852241644
988386766
852241644
852241644
852241644
754683090
754326323
754326323
754326323
754326323
852241644
852241644
754326323
757569760
860104873
756303472
875246591
904888067
751393397
904888067
999189640
965313319
904888067
898647286
869951787
869951787
904888067
869951787
800265047
904888067
869951787
869951787
904888067
869951787
904888067
904888067
904888067
869951787
904888067
869951787
904888067
869951787
869951787
812532752
812532752
865964773
904888067
812532752
812532752
812532752
869951787
865964773
812532752
812532752
812532752
800265047
865964773
800265047
812532752
801134304
812532752
754326323
800265047
766710688
800265047
812532752
852241644
800265047
754326323
812532752
852241644
838023716
766710688
754326323
772108150
801134304
779378466
880363985
880363985
784881163
772437529
763923260
763433895
779378466
760574271
776951435
805805343
943659839
785738555
781604137
781604137
806520078
777946562
754326323
852241644
772677529
852241644
760574271
754326323
754326323
769296142
763923260
806520078
756883457
991705010
909522585
991705010
979321943
979321943
825768140
979321943
991705010
979321943
856133374
979321943
991705010
979321943
909522585
937376091
991705010
937376091
937376091
937376091
937376091
937376091
937376091
937376091
846088787
846088787
846421054
846421054
778132422
964253607
825768140
964253607
964253607
825768140
964253607
778132422
964253607
779129810
825768140
964253607
845122718
900576160
828592328
964253607
964253607
788558542
845122718
845122718
900576160
759597717
900576160
852241644
900576160
759597717
752250074
763923260
762718898
759597717
757677208
754326323
757677208
762718898
900576160
754326323
852241644
753050945
757073790
766932459
757677208
833959163
900576160
900576160
904888067
754326323
788112144
788112144
788112144
788558542
788558542
788112144
751720784
788112144
885868417
966023667
885868417
788112144
885868417
904888067
788112144
751968089
885868417
966283010
966283010
966283010
850420690
966283010
946362205
946362205
966283010
946362205
946362205
850420690
853751679
804416787
966283010
904888067
759597717
966283010
754326323
946362205
949380601
949380601
949380601
949380601
949380601
879910400
904888067
975059462
879910400
879910400
879910400
859664444
879910400
879910400
879910400
879910400
937536245
859664444
788558542
937536245
937536245
937536245
957825653
957825653
911628697
794527698
879910400
911628697
859664444
911628697
889415725
879910400
960723111
794527698
960723111
960723111
859664444
879910400
794527698
776306564
754272258
830226486
904888067
771244779
757073790
752715041
802444383
755055259
802444383
802444383
766542041
768053946
802444383
787053343
984635256
821904192
803019371
802444383
