3123071
6262430
3602658
5333109
1155073
2745094
3602658
1779675
2483762
1478423
3123071
2359426
4811398
3602658
4852951
2483762
465874
6262430
2586487
5333109
372919
3123071
3602658
3602658
3123071
2187285
3602658
3602658
3018981
2620376
2586487
5333109
5333109
5333109
6262430
2483762
5333109
3123071
6527395
3602658
6262430
3602658
3602658
3602658
3602658
2312745
2745094
3602658
847486
3123071
1478423
2650772
1852081
1593549
3123071
3123071
4749433
2563603
3602658
3602658
1779675
3602658
3353623
3123071
6262430
3602658
3602658
2483762
6866409
268715
3123071
3602658
3123071
3602658
2483762
1779675
3998132
7456716
6262430
3602658
3602658
5333109
2483762
3602658
2483762
3018981
3602658
5333109
3602658
5544633
1715754
2279265
3123071
6262430
3593703
6262430
1837951
2321094
2483762
3123071
1219558
3602658
3602658
6262430
1715152
8636545
2483762
3602658
3123071
2745094
3123071
3018981
3123071
2620520
2279265
2745094
2586487
6262430
3602658
5441781
1847406
5333109
3602658
1689591
3602658
2212039
3602658
2483762
2745094
4018894
1206810
1294305
2483762
2249614
592528
3602658
3602658
2574925
3602658
2978054
1366648
2483762
6262430
6262430
1445839
2745094
3602658
1703697
3602658
5333109
3602658
3602658
1779675
2989058
3216454
7651018
1219558
1082464
3602658
3602658
5544633
3123071
604443
3602658
3602658
3602658
2279265
7536789
3123071
1779675
4852951
1206810
3602658
3602658
3602658
6413281
5333109
34762
3602658
1551700
3602658
592528
2483762
3602658
2620376
7456716
2249614
1478423
1478423
3593703
2888532
3602658
3059433
29714
4797682
1779675
3602658
6262430
6220877
3602658
2574925
3602658
3602658
3602658
3602658
2745094
3123071
3602658
3123071
3123071
4852951
3216454
462171
2483762
3123071
3602658
1004657
3602658
3289367
1518053
3123071
3602658
1779675
2745094
6262430
3123071
5608388
3593703
6262430
3602658
3602658
3602658
8636545
3123071
1592943
6262430
5333109
3602658
1206810
3602658
3123071
2563603
7456716
1165662
3602658
8423492
1011598
3602658
3602658
1155073
4977965
3123071
3123071
3602658
2483762
2483762
472706
3123071
3602658
4811398
3311961
7625828
3602658
1703697
3602658
5333109
3123071
1703697
3602658
1219558
2745094
1779675
2249614
1551700
3602658
2070896
1155073
2483762
7227066
3123071
5333109
1547432
7707224
3602658
2745094
8046169
2745094
3123071
2483762
1221283
2212039
5333109
3018981
2483762
2212039
2745094
2352056
2483762
2212039
2574925
3602658
1566731
1551700
2586487
808004
3602658
1703697
3602658
6262430
2745094
3123071
3123071
2563603
3602658
2620376
3602658
3602658
3018981
3602658
2745094
3602658
1644200
5974382
6262430
5333109
1206810
3123071
1689591
2574925
3602658
3123071
3123071
5333109
2745094
2483762
2563603
2483762
6262430
3123071
3123071
4811398
3602658
3602658
3123071
3602658
3123071
3602658
1219558
557418
1990695
2745094
3123071
4487817
6262430
3722009
6262430
3602658
3602658
5333109
1645520
3602658
6262430
3602658
1592943
3593703
3602658
2483762
3602658
1083048
2483762
764402
1219558
3602658
2574925
3123071
1234426
3123071
6262430
2641817
3602658
2483762
1715754
1478423
3602658
3602658
1689591
8636545
1703697
1715754
6262430
2483762
3602658
3602658
6397602
4282944
5516179
1715754
3602658
3123071
1165662
3602658
4852951
1790224
3602658
5333109
7123548
3602658
3602658
613679
3602658
3123071
3602658
2745094
3123071
1165662
2620376
4749433
3602658
3602658
3602658
471997
3602658
2745094
1225471
3123071
3602658
3000866
5333109
3593703
3602658
3602658
6371102
850609
548098
4852951
5273673
3602658
2745094
1703697
6262430
3602658
1715754
3602658
1779675
2483762
268842
3123071
1221283
3123071
6262430
1478423
2574925
1779675
3123071
2483762
3018981
6371102
2745094
2483762
1192307
3602658
3123071
3123071
3018981
3602658
1219558
2650772
2574925
2574925
3602658
4852951
2574925
5333109
2745094
1116037
2212039
5135000
2745094
3602658
3216454
3593703
3123071
2086680
3602658
1011598
4852951
2483762
2633716
1847406
6262430
1219558
3602658
3602658
6262430
3602658
6262430
1314845
2765669
3602658
7227066
6262430
3602658
3593703
887308
3602658
6262430
3602658
6711218
1165662
2574925
420903
582200
3149517
2483762
4852951
592528
3123071
3602658
7203293
3602658
3602658
1736040
8370845
3602658
4568152
1551700
1087615
3602658
8220393
3602658
3602658
3602658
1779675
2483762
3602658
8555149
2574925
6262430
6743160
1090876
3602658
3602658
2483762
2279265
3602658
3602658
3602658
5333109
8636545
1201791
3602658
5333109
3123071
536603
3123071
2249614
3602658
5333109
4565376
8636545
6262430
3602658
3456473
3000866
4132940
3602658
3602658
3602658
3075073
1187622
2483762
3602658
3602658
6194378
3123071
2745094
1715754
3602658
3602658
3602658
3602658
1187622
3602658
3602658
2487207
2483762
3123071
3123071
2563603
3602658
4852951
6262430
2483762
762643
5333109
3123071
3602658
1478423
3602658
3602658
3602658
8636545
6262430
3123071
4454380
5333109
6262430
1706847
2483762
2279265
1703697
2483762
2483762
2586487
3602658
143144
3123071
3602658
3123071
2869759
3602658
1551700
8636545
3602658
3602658
5333109
4298011
2745094
421805
1383534
1551700
3602658
403525
1479756
1171590
3602658
3602658
3602658
3123071
6262430
413329
2745094
4282944
1027129
2483762
3602658
3602658
2745094
1715754
3602658
3602658
3251207
3602658
6743160
1165662
2483762
3123071
2483762
2586487
3123071
3602658
4852951
3602658
3123071
1011598
3602658
3602658
2279265
3123071
3123071
2279265
3018981
8636545
6616026
2574925
4852951
3602658
2483762
2574925
2287339
6371102
2483762
8636545
6047237
4147754
8636545
2563603
3602658
3123071
2641817
3602658
3123071
4852951
1478423
5428396
6262430
3602658
3123071
2483762
1703697
473190
2869759
3593703
3123071
3602658
5420892
2483762
1603803
3123071
3602658
3602658
3602658
5333109
2249614
2483762
1111000
4852951
3123071
1219558
2620376
5333109
3602658
6262430
4852951
3211753
2121142
3602658
1779675
3602658
671934
3018981
3602658
3000866
3602658
3123071
3602658
5291556
3602658
3602658
3602658
2563603
3602658
3602658
3593703
3602658
3602658
3123071
3602658
3602658
1703697
2574925
2792688
4852951
3602658
3123071
3602658
1675353
3602658
3602658
3602658
3602658
6262430
4948238
2745094
1206810
3602658
3602658
4852951
3070509
2745094
3602658
3602658
3602658
3602658
3602658
6262430
8636545
3602658
1837951
3602658
6262430
3123071
1062328
3602658
2833385
1715754
3602658
2212039
1592943
6262430
3123071
6262430
3602658
4154865
1295705
4852951
1703697
2574925
3602658
1219558
3123071
762131
3602658
6262430
6357717
3018981
2586487
720387
1779675
7456716
2207700
3602658
2483762
2745094
4749433
3602658
2483762
3602658
3123071
3602658
2483762
3602658
2177399
3123071
3123071
8555149
1219558
6262430
3461779
3274551
3211753
5839912
7456716
3123071
1983511
3602658
970714
3602658
3602658
7227066
3602658
2279265
3602658
3602658
2483762
3593703
186313
4852951
3602658
1703697
3123071
2483762
3602658
4852951
2586487
3602658
3602658
6262430
4852951
3602658
1779675
3602658
7698487
3602658
3602658
1011598
3123071
6262430
3602658
379909
1344864
3602658
6262430
3602658
1171590
1779675
1728880
3123071
326400
2483762
3602658
6262430
3123071
3602658
2483762
6262430
7775987
3602658
3602658
2869759
3602658
2620376
3602658
2745094
3123071
3602658
3602658
5333109
3602658
3000866
3602658
3602658
2318348
3602658
3602658
3602658
5420892
3123071
3602658
3602658
6262430
3123071
2483762
4852951
3602658
2863365
6220877
2802919
3593703
1356507
197981
6586708
3018981
6262430
3602658
8555149
2574925
1295705
3602658
2321094
2483762
837955
1994002
7822760
2745094
3602658
6262430
5707648
1779675
3602658
3593703
3602658
6262430
3123071
2574925
3123071
3123071
4014595
3602658
3602658
6262430
671934
4852951
5273673
601299
2483762
1551700
2483762
2888532
3123071
3602658
3602658
2745094
2833385
6262430
6262430
5333109
3602658
1567386
3123071
3602658
3602658
4282944
3602658
2279265
6262430
7426093
3602658
3123071
1779675
6262430
3602658
2279265
3123071
3123071
3602658
3123071
2483762
3018981
2586487
7346567
1059073
3000866
3602658
3123071
3602658
789193
3602658
1219558
3123071
6262430
3602658
3602658
7441524
3602658
3123071
3123071
2249614
1165662
4778327
3123071
3123071
3593703
6262430
4852951
3602658
1300663
8636545
7227066
3602658
1187622
3123071
3123071
3602658
3602658
2574925
3602658
6650953
3602658
3602658
2321094
2483762
2209498
4344352
4811398
2745094
2745094
1478423
1654661
3123071
3602658
5333109
2574925
3602658
7707224
3602658
3602658
3123071
3602658
2574925
3123071
3602658
3602658
3123071
613679
3123071
4829178
3602658
3602658
3123071
4852951
2574925
3123071
4615312
3123071
2483762
6262430
1211583
5333109
4936027
1219558
6397602
2086680
6961757
3123071
3602658
2483762
6357717
3123071
7672481
3602658
3602658
6262430
2745094
3602658
2563603
2483762
3602658
7536789
2745094
1880440
956004
3602658
2483762
3602658
3602658
2745094
3602658
3123071
2249614
1140119
3602658
3602658
5613652
3123071
1779675
239328
813335
3602658
7651018
2745094
2299844
2249614
2483762
670559
3602658
1219558
1122405
3602658
3602658
2249614
3123071
6262430
3000866
8636545
3123071
3602658
3602658
3602658
3602658
3000866
3006160
1225467
2359426
5428396
3000866
4147754
3391204
2745094
7672481
1715754
1219558
2279265
2279265
2745094
6342056
3602658
1165662
1219558
2483762
3602658
3602658
3602658
3602658
3602658
3123071
1219558
3602658
3602658
4778327
2279265
6262430
3123071
3018981
3602658
6262430
2483762
3602658
1143035
3602658
6262430
3602658
2161372
1715754
3123071
3602658
5428396
3123071
3123071
6262430
3602658
1964596
3602658
3602658
3602658
2255697
3602658
2483762
2249614
2745094
5333109
2556957
6262430
2745094
3602658
551669
2483762
3602658
6262430
6262430
2882602
3602658
3123071
3602658
3673133
3000866
4852951
3602658
4615312
2483762
3602658
3123071
2279265
1478423
3602658
1478423
3602658
5420892
3602658
2483762
3123071
6262430
5544633
2483762
3602658
1715754
3602658
3602658
6262430
3602658
3602658
3123071
3627585
2650772
3602658
6262430
6262430
1715754
3000866
3918379
8636545
1703697
2745094
3593703
1715754
4147754
3289367
3602658
6262430
5291556
3602658
1219558
3602658
6262430
2249614
3602658
6527395
3123071
5333109
2913759
1703697
3918379
3123071
3123071
2483762
6262430
8636545
762131
3602658
3602658
3602658
3602658
1323393
2483762
3602658
3123071
5333109
3602658
6371102
4749433
3602658
3602658
4852951
8555149
3123071
3211753
6262430
854848
3216454
2483762
1689591
3123071
2249614
5100208
2745094
6074282
1715754
2483762
3602658
8467930
3602658
3123071
5428396
8370845
7123548
3593703
3602658
3602658
6300114
4852951
3123071
1383534
3602658
3602658
2483762
3602658
7672481
2483762
5333109
3018981
3602658
3602658
6262430
613679
3123071
3602658
1201791
2483762
3602658
6262430
3602658
3602658
2483762
3602658
3602658
8555149
6262430
3602658
3602658
2483762
6262430
2650772
970714
3602658
2483762
4353293
792528
6262430
3602658
3018981
7707224
3602658
1165662
7707224
2574925
3602658
6262430
7456716
3602658
1779675
2483762
3018981
3602658
2563603
3602658
3123071
6262430
5420892
3602658
3000866
2586487
3864194
3211753
4147754
8555149
3602658
3602658
2289150
3602658
2508900
6348667
539642
3123071
3602658
6262430
3602658
3602658
2483762
6262430
3123071
3123071
3602658
1072964
5333109
2483762
2586487
3123071
3123071
2745094
6743160
2761120
2483762
3123071
3018981
2426638
3123071
4852951
1284013
4852951
1317493
3602658
3602658
2483762
6743160
3123071
577223
122946
1715754
3602658
2279265
3602658
5333109
2483762
5707648
1090876
3602658
3602658
3123071
6262430
3602658
3602658
3602658
3602658
1715754
3602658
1715754
2209498
4948238
2745094
3602658
2279265
1219558
3602658
1703697
3602658
3602658
3602658
3602658
4147754
3602658
3972331
2483762
2833385
6262430
2058398
3000866
3602658
3602658
3602658
3602658
3001893
2483762
1478423
3602658
3602658
553962
6262430
2159891
3593703
3602658
1837951
2745094
2483762
2745094
3602658
5544633
3216454
3602658
3123071
3123071
3123071
1703697
3602658
2827047
6607468
3123071
378465
4749433
3602658
3602658
3602658
783620
3018981
3602658
2574925
3602658
3602658
6262430
3123071
3123071
3602658
3602658
1022963
3123071
2483762
3602658
3602658
2650772
3123071
4829178
4852951
3602658
1817214
1703697
1478423
3123071
3123071
3123071
3602658
5333109
1964596
3123071
7707224
1749366
2574925
3602658
3602658
2483762
3602658
1221283
1206810
2483762
6262430
2483762
3123071
5333109
3602658
2279265
2483762
1715754
2483762
2745094
2312745
3602658
3123071
3602658
3602658
2483762
3018981
377273
2745094
521827
2483762
3123071
4852951
3123071
6239229
3602658
3602658
1675353
3000866
2574925
2620376
1779675
2483762
3602658
3602658
2035680
2988403
6262430
964775
1964596
1715754
4066591
813335
2646525
2312745
3602658
1779675
763104
1295705
3602658
3593703
6262430
3602658
1478423
6615178
2745094
5333109
2563603
3602658
3018981
3123071
2483762
2483762
364640
3602658
4132940
3602658
2279265
7456716
3058869
6262430
5954194
3602658
1715754
2574925
2574925
3602658
7229435
785155
1165662
1295705
3602658
6262430
2249614
3602658
1219558
4749433
3602658
3602658
4084210
3123071
3602658
3353623
2692613
801440
2574925
6263002
1779675
304710
7456716
3123071
2574925
2745094
3918379
6262430
3602658
4446703
5333109
3602658
2483762
5333109
6262430
3602658
3461779
3602658
3123071
6262430
3602658
2745094
3602658
3602658
6262430
5333109
3602658
1715754
3602658
3602658
3123071
3602658
2483762
2249614
2745094
3123071
3602658
1206810
3123071
3602658
3602658
3602658
2574925
2574925
4749433
1206810
5412735
3123071
3123071
6262430
3602658
3602658
1295705
3123071
7707224
3602658
3490316
3182974
5333109
7456716
2483762
1240029
3602658
2483762
3602658
1171590
3602658
2650772
2574925
5333109
3602658
2279265
800753
3864194
895157
3602658
3602658
3123071
2483762
776988
2483762
3602658
2279265
3123071
3586433
4852951
1620479
1715754
2483762
3123071
3602658
1861681
2483762
7672481
6262430
3602658
3602658
1221283
6262430
4811398
187172
3123071
3602658
3918379
5845034
3602658
2483762
1089121
3602658
212823
5876226
1926541
3602658
2520774
3602658
5333109
2745094
2869759
3123071
3123071
5333109
5428396
3123071
3123071
3786939
1779675
2321094
3602658
3602658
1478423
3018981
3602658
720395
2279265
2745094
3602658
3602658
3602658
3602658
1165662
671934
3593703
4852951
5333109
6262430
3602658
7707224
3602658
319796
3602658
4852951
1165662
1478423
3123071
3602658
6357717
4454380
6357717
1669293
4852951
3602658
465874
3304328
6262430
1008084
1837951
3461779
2483762
2483762
3593703
2249614
1211583
2483404
3602658
783620
1817214
783620
1171590
3602658
5333109
3123071
2574925
776988
2088209
3123071
3000866
3602658
4844720
1478423
2989058
3055155
3602658
1143035
6262430
4852951
4414944
6262430
3602658
2833385
3602658
3602658
8636545
1111000
4852951
2483762
2574925
3602658
3602658
1689591
5333109
4852951
3602658
3602658
5333109
4298011
2483762
3602658
3602658
1011598
3602658
1703697
2483762
762131
3602658
3602658
6262430
3602658
2745094
2483762
3123071
2483762
739440
2295677
3602658
3602658
3000866
2483762
3225544
604443
6262430
3602658
3602658
3123071
2260151
2650772
2745386
1478423
3602658
1206810
6357717
3602658
3602658
2483762
7707224
2574925
863182
3602658
3602658
3123071
1155073
5333109
6047237
3602658
6262430
3602658
2745094
1715754
2212039
3602658
3018981
3602658
2745094
1478423
1779675
3123071
3123071
3602658
2483762
3602658
3123071
4615312
2827047
3123071
3602658
2563603
1661535
1116037
6262430
5441781
3593703
3602658
1208510
1478423
2745094
3602658
1001390
742387
2483762
1116037
5333109
3123071
1155073
2745094
3602658
6262430
3602658
3602658
3602658
3602658
3602658
2483762
1155073
6208334
2557281
1171590
3602658
6262430
4615312
3602658
655884
3602658
5333109
2483762
3602658
2483762
2745094
5544633
3123071
2212039
1143035
24601
3602658
3123071
2563603
2483762
3602658
2577532
4014595
2745094
4147754
427396
2059724
2586487
3602658
2586487
3840421
3602658
4147754
3602658
6262430
6262430
3602658
483355
3602658
3123071
4749433
4446703
3123071
3602658
2279265
1139438
3123071
4749433
2574925
4749433
4852951
2745094
1165662
3602658
882584
3602658
3602658
491128
3123071
8250341
6262430
4205679
2483762
6527395
6262430
2212039
2650772
1689591
4852951
3216454
2483762
3123071
1335885
3123071
6262430
3602658
3602658
2211842
3602658
2586487
2483762
2620376
4924465
3602658
1779675
2483762
3602658
2657836
3602658
3602658
3602658
3123071
3602658
2483762
4479988
6357717
2483762
8555149
3602658
3123071
655932
1551700
692907
3602658
3123071
2761120
3602658
3602658
2279265
4749433
1208510
2483762
3602658
894316
3602658
5333109
2483762
6262430
3602658
6262430
3602658
3018981
2563603
3602658
7044442
3123071
2004370
2483762
3602658
2745386
2483762
4852951
1478423
303643
6262430
1478423
3593703
1478423
2279265
3602658
3000866
3368690
3123071
6262430
1219558
1165662
3123071
3123071
3123071
6235574
2574925
4066591
2483762
2574925
3602658
3123071
3123071
6019793
3602658
1478423
3602658
1011598
2483762
3602658
3602658
2279265
4852951
2372622
2745386
6262430
692907
6303019
2483762
5333109
1165662
3602658
3490316
3602658
1206810
3602658
3602658
3123071
3602658
1651410
463548
6413281
2279265
3602658
3123071
1107118
8636545
2557281
3602658
3602658
3602658
7795007
1219558
3123071
592528
4852951
3123071
3123071
3602658
1219558
3602658
3602658
6262430
3602658
2563603
3602658
5333109
3602658
3593703
3602658
3602658
2483762
2620376
3602658
2574925
3123071
3602658
3602658
5154803
4749433
3602658
3123071
3123071
2483762
3123071
3602658
3602658
3602658
3602658
2483762
5876226
1703697
8636545
3602658
3602658
6262430
2557281
2717508
5333109
1165662
1206810
3602658
3602658
3602658
3123071
4924465
2745094
2833385
3602658
3602658
3006160
1715754
6262430
1551700
3602658
1275993
3602658
2745094
3123071
6262430
3602658
3602658
2279265
935152
1062328
1990695
6262430
2249614
2745094
2483762
3123071
3602658
6262430
3602658
5333109
813335
3123071
2483762
2745094
3602658
7672481
6371102
2574925
3602658
3602658
4852951
4749433
1779675
2650772
7817657
5333109
2574925
6487175
3602658
6262430
3602658
737367
2483762
2745094
3602658
338027
3602658
3602658
3602658
4568152
2483762
1143035
3602658
1143035
3123071
5333109
3602658
7123548
2574925
4852951
1620479
2295677
1011598
1978935
1155073
5340413
2574925
3602658
1011598
671934
3123071
3602658
3000866
3602658
7078904
3602658
8636545
2483762
2483762
4995912
3000866
3602658
4749433
6262430
1090876
2745094
3602658
3602658
5333109
3602658
2586487
3602658
3602658
2745094
3123071
2249614
3123071
5333109
2483762
3602658
3602658
3602658
1779675
2823680
7441524
3602658
236263
720387
2563603
3593703
1206810
3602658
2483762
2586487
3602658
3602658
2483762
2650772
3602658
3602658
4978961
7863919
2483762
3602658
6220877
3123071
3602658
1215328
7227066
4852951
3602658
2563603
2745094
3602658
4852951
3123071
1715754
3602658
3602658
6262430
5135000
8636545
3602658
3123071
3602658
3602658
1744787
2650772
385085
2869759
7227066
3018981
3602658
2586487
3602658
4147754
2249614
3602658
1715152
1201791
3123071
1062328
2787595
2650772
6262430
3602658
3123071
6262430
5333109
4568152
3602658
3602658
2650772
6262430
3123071
377481
7707224
776988
3602658
3123071
3602658
5333109
3602658
6262430
6262430
3123071
2483762
3602658
6262430
1165662
762131
3602658
6357717
6423913
1715754
3602658
6138021
2745386
4995912
2249614
762643
3602658
3602658
1689591
3602658
3123071
2650772
4852951
7291072
2212039
3602658
3602658
3123071
2792688
2745094
3602658
3602658
3602658
2483762
2279265
3602658
3123071
1779675
3216454
2483762
1187622
4852951
5333109
7456716
3602658
3602658
6262430
3602658
1234426
1478423
3123071
4147754
1165662
3602658
2483762
4852951
801440
2650772
3123071
2563603
785155
3602658
6262430
3602658
2318348
2006578
2978589
4298169
3123071
3602658
3602658
3602658
5845034
7227066
5333109
3602658
3602658
2483762
3602658
4568152
3123071
3018981
1206810
3123071
3746892
3123071
7456716
1165662
2155409
6262430
7590457
3602658
8636545
2483762
3602658
2483762
2483762
2745094
2483762
2633716
6262430
3602658
6262430
1165662
3602658
6721697
3123071
2574925
2745094
3602658
3602658
2650772
2745094
4811398
2574925
5333109
3602658
3602658
1675353
5333109
3251207
7568482
2483762
3602658
3602658
3123071
3602658
2066065
6262430
3602658
3602658
2249614
3602658
3602658
3602658
3123071
4008103
3123071
3602658
3123071
3602658
3123071
3602658
2745094
3972331
6220877
2563603
1837951
672291
2212039
3602658
2745094
3602658
3602658
7227066
1863844
3602658
2483762
1165662
3602658
3602658
1171590
3602658
8636545
6047237
2162833
3602658
3602658
2563603
2483762
2483762
6262430
5793894
2586487
5333109
3602658
3123071
1295705
728087
117823
3123071
3602658
3602658
3602658
3602658
2978054
3602658
1052462
2483762
2574925
3602658
2249614
2483762
3123071
3123071
3602658
2745094
6262430
3602658
3602658
3602658
327172
3602658
3602658
3602658
3602658
3018981
3602658
3602658
3602658
3602658
6262430
2586487
1880440
2264652
4852951
5333109
3602658
1861681
2755055
1779675
6239229
6262430
3123071
3602658
3123071
4852951
1018174
1383534
1061719
3123071
3602658
769132
3602658
3461779
3123071
3018981
3593703
3602658
1964596
3602658
3602658
6262430
1405367
6220877
3602658
1219558
3602658
3000866
2574925
2483762
3602658
3123071
3123071
2483762
3123071
3602658
1593549
3602658
3602658
2264652
3123071
1527100
3602658
4852951
3602658
2483762
6220877
3602658
2483762
3602658
3602658
801440
3602658
3602658
6262430
4995912
6262430
3602658
6262430
2574925
3593703
4749433
1206810
2483762
1221283
3030129
3602658
3123071
3602658
5333109
3602658
1171590
6262430
821196
491128
3602658
3123071
6262430
3602658
2840639
7822760
1155073
3123071
5689941
1715754
3602658
3602658
8200463
1825638
3123071
2212039
3123071
3602658
3602658
1317493
2372622
7651018
3602658
3602658
1689591
7249391
3216454
2483762
2586487
3602658
3602658
3602658
4995912
2873465
1715754
412924
2249614
3602658
1779675
2745094
3602658
3602658
1295705
3602658
1219558
595964
6262430
2620019
3602658
2574925
6262430
3602658
2586487
3123071
3602658
3018981
5177229
3602658
3602658
2483762
3602658
8636545
3602658
3602658
5333109
2574925
2745094
2563603
2279265
2483762
3602658
6262430
3602658
3123071
2483762
7227066
3602658
3602658
2650772
4961623
2650772
3123071
3123071
3123071
3602658
2483762
3602658
3602658
1317493
3602658
1593549
2447181
3602658
3123071
3602658
3602658
6047237
6220877
2121142
3123071
4852951
2483762
3123071
6357717
3602658
3602658
3602658
6262430
3602658
3123071
3722009
6047237
3602658
4372984
2563603
3602658
3602658
5333109
3602658
3602658
3602658
1611292
3602658
2574925
2586487
3602658
3602658
1219558
3602658
2483762
2745094
4454380
2650772
2650772
6262430
3123071
2483762
3602658
3018981
3602658
1219558
3602658
1155073
2574925
3602658
4852951
2745094
2279265
3602658
3018482
7672481
1219558
3006160
4852951
3602658
6366508
6262430
3123071
5507063
3602658
3602658
3602658
2483762
3123071
4215334
3602658
6220877
3602658
4154865
1165662
1852081
2745094
7227066
739440
3123071
2483762
3602658
3123071
2483762
2745094
1611664
2483762
6527395
3123071
3123071
3018981
2574925
872369
3602658
3123071
3602658
2563603
1689591
3602658
4852951
4852951
4852951
1478423
3602658
1165662
3602658
1171590
1187622
3123071
5333109
6262430
3602658
1165662
2279265
5420892
2483762
3123071
6262430
3602658
4218230
1847406
3602658
6397602
2212039
3602658
538445
3602658
2086680
7625828
3123071
3602658
3123071
3602658
3602658
3123071
3123071
3602658
3602658
6974306
479784
5819956
3368690
3602658
2279265
2761120
3602658
3602658
2483762
3602658
3602658
3972331
6262430
3123071
4852951
2483762
372919
3602658
4852951
1611664
5333109
1478423
3602658
3602658
2047181
3602658
3602658
1964596
6371102
2745094
2138202
536603
5333109
3602658
3123071
3123071
3602658
1171590
1611664
2833385
3123071
3602658
3602658
3602658
6262430
7227066
3123071
3123071
3602658
3123071
4274396
3602658
1478423
3123071
4852951
3602658
3123071
1219558
3123071
3123071
2483762
4852951
4749433
6357717
3602658
3123071
3602658
3602658
1969463
7456716
3602658
7456716
3602658
6262430
2745094
3123071
3123071
7306891
3602658
6262430
4298169
1023796
3123071
4852951
3123071
1206810
7707224
3123071
2249614
3602658
2563603
2483762
3602658
2574925
5177229
2279265
6262430
2574925
6262430
4154865
6220877
5291556
6377570
3602658
3760676
1552035
3602658
3602658
2574925
3461779
6262430
3602658
1171590
3602658
3602658
1779675
2483762
8467930
3602658
2483762
3602658
1715754
1113301
7625828
3602658
3602658
485587
3602658
4372984
4298011
7123548
3602658
3123071
3602658
2249614
2483762
1206810
3602658
2483762
3123071
6262430
3602658
2483762
3602658
3602658
2211842
3602658
5420892
6262430
2574925
4749433
6262430
7227066
3602658
6262430
3123071
3602658
5333109
3602658
1206810
3123071
3602658
3602658
3602658
3602658
3602658
2745094
2573262
3593703
6262430
3602658
3123071
693824
3123071
3123071
3123071
3602658
692907
2279265
3602658
3602658
3123071
3602658
3602658
8636545
3593703
3602658
1779675
3602658
3602658
2483762
6262430
3123071
3602658
6262430
2483762
3123071
801440
2483762
1689591
1478423
2745094
1219558
3602658
3602658
3602658
6262430
1206810
2121142
6262430
6262430
3602658
505598
6357717
3602658
3602658
3593703
3602658
3225544
3602658
6262430
6262430
2249614
6262430
3602658
3123071
3602658
2586487
5544633
3123071
1171590
3602658
5333109
3575802
2483762
3123071
3123071
1023796
2586487
1219558
4749433
3602658
2212039
607034
3602658
2212039
5333109
3602658
5333109
3123071
3602658
1165662
3602658
3602658
3123071
3602658
2745094
3123071
3018981
3602658
3602658
4852951
3602658
3123071
3602658
1795848
3123071
3602658
8636545
1208510
2483762
2574925
3602658
2279265
3651562
6220877
2500270
6262430
2745094
3602658
613679
3602658
2491895
2574925
786726
5428396
4852951
3602658
3602658
3123071
3602658
3123071
2483762
2485127
372919
6262430
1478423
3602658
1171590
2027963
3602658
2574925
6262430
3123071
3602658
2279265
8636545
2833385
3602658
3593703
2641868
6413281
2483762
3018981
2249614
3123071
3602658
2249614
3602658
1219558
5333109
4852951
2745094
2650772
1206810
3602658
3004572
3123071
3602658
3602658
700758
2292720
3602658
2745094
1477401
3602658
2833385
6262430
1801112
4852951
6262430
6262430
2745094
6262430
653583
3602658
3123071
1392402
2212039
3602658
2483762
3602658
3123071
116834
2563603
1155073
2574925
3123071
4363569
3602658
3602658
2279265
2833385
6262430
3123071
2483762
1715754
3123071
2745094
3602658
1576027
5333109
6586708
1114766
3602658
7227066
2483762
3602658
2483762
3123071
1143035
3461779
2121142
1703697
1689591
2620376
1611664
3602658
3602658
2574925
5333109
4852951
3123071
3602658
2745094
3602658
1155073
1715754
1715754
3602658
3123071
3602658
3602658
2359731
3602658
7707224
3602658
2211842
2483762
1008084
2483762
6262430
3602658
2483762
6262430
2745094
3722009
3216454
2586487
2249614
3602658
2562852
3602658
2513197
720387
4298011
3602658
6220877
7536789
1206810
947186
5333109
3602658
8636545
2833385
1107118
3602658
1969463
8636545
3602658
1165662
1478423
3602658
2483762
2483762
3602658
1325658
6047237
2483762
6262430
1029773
3602658
688562
3602658
3602658
3602658
3216454
2574925
3123071
5333109
3602658
3602658
1161627
1688405
3602658
82643
3602658
3602658
3602658
6262430
1572706
5333109
2574925
7672481
2574925
3123071
3602658
1165662
1551700
3602658
5544633
1187622
3602658
3123071
3602658
2745094
856933
3602658
3602658
3602658
1171590
3602658
2586487
2483762
1703697
3602658
5333109
6262430
3602658
1779675
3602658
762131
1206810
6262430
2279265
3602658
4749433
4852951
2212039
3211753
5333109
3457348
3593703
1062328
3602658
3602658
1219558
2650772
1206810
1964596
3123071
3602658
3123071
2483762
3602658
3602658
6262430
1219558
2563603
3602658
5417539
3123071
3602658
3602658
3602658
3602658
3602658
4852951
763104
7150585
3602658
2745094
4852951
2745094
382808
2650772
2483762
6262430
3602658
2586487
8636545
3602658
863182
3123071
1295705
3602658
3602658
3602658
2483762
3203619
4568152
3602658
5333109
3123071
3602658
3602658
2483762
3602658
1258739
3602658
3216454
3216454
5333109
4154865
3602658
2483762
6707396
4749433
3602658
3602658
3602658
1201791
2483762
3602658
2745094
7707224
3602658
2483762
2279265
4852951
2574925
1715754
6262430
5544633
2279265
3602658
3123071
1055213
3123071
2574925
6262430
1295705
2483762
1171590
6220877
8555149
3602658
1251790
3602658
3602658
3602658
3602658
1675353
2249614
1715754
3123071
8636545
2321094
2563603
3602658
3000866
127435
1779675
3602658
2745094
3602658
2483762
3602658
763104
2279265
490790
3602658
4852951
3602658
1715754
3000866
3018981
3123071
1383534
840109
2483762
2483762
2745094
3602658
4852951
3602658
3602658
680195
1206810
3602658
2745094
6262430
2483762
3602658
6262430
3602658
3593703
5333109
4937556
3602658
3602658
3602658
2483762
3602658
1847406
2483762
2745094
440189
1219558
3602658
2868679
4852951
1206810
3123071
6262430
1219558
1853096
3018981
3602658
3602658
3123071
3602658
473223
3123071
2212039
5135000
2279265
6262430
3018981
1122405
2563603
5333109
2574925
2745094
7707224
1219558
3602658
2483762
2212039
3602658
5333109
5333109
6262430
6262430
2745094
3123071
3123071
6527395
6047237
6262430
5333109
7822760
2833385
7227066
3602658
3602658
3018981
2279265
3000866
3602658
3602658
3602658
629191
2745094
3602658
3602658
5428396
1562887
3123071
823943
3602658
3602658
2377974
1165662
3123071
3000866
5876226
7568482
762131
3602658
3602658
1478423
3602658
5333109
5051747
3602658
3602658
6262430
2586487
2483762
6262430
2563603
3602658
1979229
1289130
3602658
3602658
3602658
1715754
3602658
6262430
3602658
7227066
762643
3593703
2745094
2273828
3593703
1860861
3602658
3602658
3123071
1703697
3602658
2745094
3602658
3602658
2161778
3123071
3602658
3123071
6262430
2483762
3602658
2175552
6262430
8636545
7229435
3602658
2574925
665169
2745094
1703697
286915
4454380
3602658
3602658
4749433
2978054
3602658
147380
1221283
6262430
3123071
472706
3018981
3602658
6262430
3602658
4852951
4995912
3123071
1165662
3602658
3123071
3602658
3602658
4852951
6263002
739440
449406
2359426
2279265
3602658
3602658
930253
5333109
3216454
2745094
7249391
1219558
3123071
3040225
3602658
1478423
449695
2745094
3602658
4480686
3602658
671934
6262430
2483762
4749433
3123071
3123071
6262430
3602658
3123071
3602658
1206810
3593703
754305
3602658
3602658
2745094
1083048
2620520
1779675
2212039
3602658
2574925
3602658
3602658
3602658
3602658
3602658
3602658
3602658
3123071
3602658
634964
3602658
3123071
3123071
3602658
8636545
3602658
3602658
3602658
6005470
2563603
3602658
2249614
1703697
7663676
3602658
3123071
3602658
3602658
3593703
6262430
2249614
3000866
3018981
2745094
2650772
837955
1478423
2217895
3123071
3123071
4852951
3123071
3602658
3602658
3602658
2270310
1478423
3602658
2745094
3602658
3602658
3602658
2761120
6262430
3602658
6262430
3602658
3018981
2650772
4111381
6262430
489006
3123071
3602658
2350858
3602658
8636545
2321094
1819805
2483762
3602658
2212039
7483761
2483762
2745094
3602658
3123071
2249614
2483762
3018981
6262430
2372622
3602658
8351594
1703697
3602658
4749433
3602658
3602658
3602658
801440
2483762
3123071
2563603
3602658
2586487
6262430
2563603
4282944
6262430
3602658
3123071
6262430
4282944
2483762
3593703
5333109
2309027
3602658
2212039
3123071
3602658
2483762
3602658
4936027
3602658
3602658
3602658
2620376
3602658
3123071
1234426
3602658
2650772
1703697
1060346
2169253
3602658
3123071
3123071
3602658
6262430
3123071
3018981
3123071
3602658
6961366
3602658
3602658
7672481
2745094
3123071
3918379
3602658
3123071
2279265
4852951
7536789
6262430
2249614
3602658
884868
3123071
3449489
3602658
2483762
592528
3123071
1062328
3602658
604443
6262430
690165
2745094
327172
2483762
3123071
1478423
2483762
3602658
4852951
4852951
6527395
232580
2574925
2745094
3602658
3602658
2745094
3602658
3602658
1478423
6127310
3602658
2563603
3602658
3602658
6262430
1715754
5333109
3602658
1171590
3602658
6262430
2212039
6607468
3602658
4852951
3602658
4852951
3593703
2483762
6262430
1703697
1801112
3602658
3123071
2483762
3602658
3602658
3602658
553962
3602658
3602658
3461779
787569
2312745
6262430
1715754
3602658
3123071
3602658
3123071
2745094
3602658
2650772
3602658
4961623
700069
4937556
2483762
2212039
3602658
1219558
3123071
3123071
1219558
3602658
3602658
3602658
3602658
1620479
6262430
338027
3123071
3602658
5333109
3602658
3602658
3602658
4852951
3602658
316332
3602658
3602658
3123071
3123071
3602658
5333109
5333109
2483762
2745094
2483762
3000866
2483762
3602658
3602658
1206810
2619123
2483762
2249614
3602658
3602658
3602658
1715754
6262430
3602658
3602658
3593703
2483762
3602658
3602658
3602658
3602658
3018981
2620376
3602658
3602658
3602658
6262430
3602658
3216454
7672481
2483762
3123071
3602658
3602658
920693
3602658
5333109
3602658
4282944
1478423
3123071
4852951
3123071
1868642
1011598
1165662
3602658
2249614
1219558
3602658
3123071
524470
3018981
1620479
3602658
7651018
6262430
3602658
5544633
6262430
3602658
3123071
3216454
6262430
2162833
3602658
3018981
3602658
3123071
6262430
1014682
3602658
4852951
1779675
2745094
2574925
1317493
819134
2918972
5177229
3602658
3602658
3602658
3593703
6262430
3018981
6357717
742387
4852951
1165662
3602658
5333109
3602658
3602658
2483762
2608269
2359426
1715754
3461779
4372984
3123071
3602658
3123071
1219558
1779675
3123071
3602658
3602658
1219558
2483762
1715754
3602658
3602658
3602658
6262430
3602658
3018981
3602658
5544633
4535227
7707224
4749433
1219558
1779675
2201827
3602658
6262430
3123071
5333109
2745094
2574925
2574925
3123071
3602658
3602658
2745094
3602658
6357717
3602658
2563603
1779675
3602658
8636545
3602658
1187622
8555149
3602658
3602658
3602658
732056
5544633
5428396
2249614
3602658
3602658
513672
2546314
3602658
1478423
2745094
3602658
3602658
604443
208208
6262430
4318425
3602658
3602658
3602658
3602658
3602658
3602658
3123071
2745094
3602658
3602658
3602658
3602658
3602658
1779675
3123071
3602658
4298011
3602658
3602658
3593703
2483762
6262430
3123071
792456
3602658
3123071
3602658
3602658
1221283
7651018
6262430
3123071
4852951
3123071
3602658
2563603
328682
6262430
3602658
3602658
2745094
2220800
3602658
3602658
6262430
6262430
1295705
3602658
3602658
3602658
4852951
2745094
3602658
2312745
1219558
3602658
1155073
4454380
2483762
5333109
3602658
3203619
3602658
4282944
1729879
4811398
2761120
4852951
1715754
3602658
3627585
6262430
7371475
3602658
3018981
6371102
3602658
3602658
3123071
3602658
3602658
3602658
3602658
3593703
1703697
4615312
7672481
3602658
2785014
2745094
3602658
4154865
3602658
3602658
3123071
3123071
2761120
3593703
3602658
6262430
3123071
3009833
2650772
3602658
3593703
3602658
3602658
3018981
2483762
3602658
6262430
1165662
3123071
3602658
2483762
3216454
2745094
1076269
3602658
3602658
3602658
3593703
2279265
1165662
3123071
2745094
3602658
1689591
1567386
1300663
723594
3123071
4749433
3602658
3602658
3602658
3602658
3123071
3602658
2483762
2483762
4749433
3123071
2574925
2279265
6262430
592528
3602658
3602658
3722009
3602658
3602658
3602658
2745094
863182
757435
610666
3602658
3602658
2620376
6262430
3602658
7568482
3593703
3602658
4454380
6262430
8636545
2745094
3018981
3602658
1478423
21788
3123071
2483762
3602658
7456716
2745094
1703697
2745094
3602658
3123071
3602658
304615
3123071
1562887
4154865
586587
1585501
3602658
1478423
2586487
983641
3018981
5333109
3593703
3602658
3602658
3602658
8636545
6262430
6743160
3602658
2745094
1703697
6262430
7711941
8636545
4852951
4811398
1143035
3182974
6262430
7822760
1847406
6262430
1131405
2483762
8636545
3602658
3602658
795106
2574925
1171590
7640539
3602658
2574925
3602658
1715754
3602658
4852951
6357717
442177
720387
3216454
3602658
3602658
3602658
7707224
3123071
3123071
2483762
4135154
3046736
3602658
693109
3123071
4852951
3602658
3602658
2483762
5707648
2745386
3602658
2086680
3602658
1011598
4852951
1515848
2483762
1666824
3602658
3602658
3602658
5333109
3123071
3123071
3602658
6262430
2483762
5333109
6262430
1219558
3602658
4844720
3602658
3602658
3593703
2483762
5707648
3123071
2563603
6149151
3602658
3602658
3602658
2483762
3602658
3602658
3602658
3602658
6262430
2205995
3123071
3000866
6262430
2869759
2745094
3602658
5333109
2483762
2483762
5441781
2483762
3602658
1779675
6262430
5135000
2212039
3602658
3123071
3602658
3602658
3602658
1295705
2745094
3602658
3123071
3602658
3602658
3602658
2372622
4852951
3602658
1023796
3602658
3123071
1861681
3123071
4454380
1964596
1586838
6262430
2574925
2810206
1603349
7227066
6220877
4948238
6262430
3123071
3602658
2586487
3123071
3602658
4852951
3593703
5333109
3123071
5333109
3602658
3602658
3602658
1295705
6262430
3602658
8636545
2586487
3602658
3123071
1165662
6639161
4948238
5333109
3602658
3602658
3602658
2620376
3602658
592528
3123071
1171590
3602658
6262430
3602658
2279265
538445
3602658
3602658
3602658
3602658
2650772
3602658
3602658
1206810
1703697
2483762
1779675
3602658
3602658
2249614
3602658
3602658
4852951
495206
1615519
3602658
2483762
946324
3602658
3602658
3602658
2483762
3602658
3602658
5031314
6263002
3602658
692907
3602658
6262430
2745094
3602658
1551700
3602658
4852951
3123071
6262430
3018981
6262430
3602658
395567
2745094
1206739
3123071
1171590
762643
3602658
1689591
3602658
1779675
3602658
1478423
6262430
3602658
2483762
3123071
7123548
3123071
3124726
2745094
2483762
3602658
3602658
2483762
3429957
3123071
6262430
3602658
7227066
6262430
3602658
5428396
3602658
3602658
7456716
2882602
3602658
3602658
3602658
3602658
1383534
2563603
598873
6262430
3123071
3602658
6262430
2312745
2563603
3123071
2745094
5333109
6262430
2483762
3602658
6857848
3602658
3602658
2745094
4852951
2745094
3602658
5333109
3123071
3602658
2574925
8555149
3123071
6262430
1715754
856933
3602658
3602658
3602658
3568486
2574925
2745094
1715754
2574925
3123071
3602658
2483762
6262430
6554440
3000866
3602658
2483762
2188937
578662
3602658
4852951
3602658
3602658
5333109
3602658
3722009
1317493
1620479
3602658
6262430
420523
2249614
6262430
3602658
6262430
3123071
3123071
1082464
1715754
3602658
3602658
5333109
2483762
3602658
1837951
3602658
3602658
2745094
2574925
3123071
3602658
3216454
2745094
3123071
4852951
2574925
3123071
3602658
2641817
5468281
1165662
6220877
7651018
6262430
3602658
2359731
6262430
3000866
6262430
6743160
6262430
1383534
5333109
3225544
3602658
3602658
6262430
3123071
373654
1779675
3602658
3602658
3602658
3602658
2574925
3602658
3602658
3602658
4852951
2745094
4298011
3602658
1143035
3123071
3588825
3123071
2312530
1187622
3000866
3569482
2249614
2483762
6262430
4707880
1120216
2483762
3722009
3602658
2745094
6262430
3123071
2483762
4852951
2483762
8636545
5333109
3602658
5544633
1669293
7536789
3602658
3602658
7672481
4936027
863182
3123071
2352056
3602658
3368690
3602658
3602658
6262430
737704
7651018
7707224
2620376
3602658
1562887
3123071
3123071
8636545
4298011
8636545
2212039
3602658
3602658
2745094
3602658
3602658
3602658
4147754
7707224
2586487
3527945
1234426
2650772
3602658
1779675
3602658
4749433
2249614
2745094
2483762
3602658
963232
3123071
6262430
3602658
3123071
5333109
3602658
6262430
3123071
2574925
3602658
2483762
5420892
6262430
2483762
3602658
6220877
4852951
2212039
3602658
2745094
1165662
3602658
3123071
3018981
3602658
3123071
3123071
1779675
2483762
2249614
579127
2483762
3602658
2574925
1478423
1219558
3602658
3602658
3602658
3602658
5428396
3602658
3602658
6262430
8636545
3602658
3388203
3602658
3602658
3123071
2249614
1295705
3123071
783620
8370845
6262430
3602658
6810146
3123071
3602658
6262430
3602658
2483762
3602658
3602658
3602658
3602658
2745094
3602658
1143035
4154865
3123071
3602658
3123071
2745094
3602658
3123071
3602658
3018981
3593703
3602658
1562887
4852951
2563603
3602658
4995912
671934
1847406
553868
3018981
3123071
3602658
2650772
3123071
2483762
4749433
3123071
6262430
2520774
2483762
613679
3602658
6743160
6262430
3123071
2318348
5333109
3602658
8636545
2279265
2745094
1011598
2279265
2359426
3602658
5333109
682517
5544633
8487303
3602658
6685424
7536789
3602658
628536
3602658
3602658
3602658
2745094
3593703
2745094
1654661
46792
2483762
3602658
2321094
2249614
3123071
1880264
3490316
6262430
1621532
3123071
3602658
3602658
1779675
1295705
2745094
2483762
1478423
3602658
8555149
3593703
2483762
6262430
1062328
3602658
3602658
3602658
3602658
3018981
3602658
1847406
3602658
1540963
2745094
5333109
5839912
3018981
3602658
3602658
3602658
3123071
3602658
3602658
3123071
3602658
904314
3913944
6262430
4852951
3000866
8636545
1585501
2249614
6262430
2279265
1295705
514976
8636545
8636545
2745094
105519
3602658
2769947
6262430
3602658
1779675
6262430
6743160
3602658
3123071
1219558
2563603
3123071
3918379
6262430
1779675
547888
3602658
3123071
1478423
3602658
2467499
1779675
3018981
1171590
3602658
2249614
1779675
1689591
6262430
2483762
3123071
3602658
1295705
3602658
3593703
6262430
3593703
3018981
1234426
3602658
2212039
3123071
3602658
3602658
1383534
3602658
2483762
1219558
6743160
2745094
4852951
3602658
3203619
2574925
2212039
3602658
6357717
1478423
1219558
3602658
2359426
2359426
8636545
2279265
6262430
1155073
3123071
3018981
3018981
3123071
5428396
1703697
8423492
3602658
2279265
3602658
3602658
3123071
3602658
5273673
6220877
3602658
3602658
3602658
3602658
1551700
3602658
5333109
5333109
3123071
3602658
2483762
4749433
1478423
739440
3602658
1551700
2745094
2563603
2574925
7625828
3123071
3602658
3602658
3000866
6262430
3602658
2483762
6262430
6262430
2483762
3602658
2212039
6371102
3123071
8636545
3602658
3602658
4749433
3602658
3602658
3602658
1295705
1338906
1165662
2745094
3602658
4852951
2086680
6357717
2574925
3602658
2745094
3602658
1675353
2745094
3602658
6262430
799038
3123071
2745094
3602658
3602658
3602658
3602658
3602658
2483762
1004716
2483762
970714
4749433
3602658
3602658
3602658
2270310
4829178
5686705
2745094
2956779
2483762
2483762
572747
1089121
8636545
813335
3123071
3123071
2563603
3123071
3602658
1592943
4615312
3602658
1779675
3602658
703308
3602658
2212039
6262430
1219558
2650772
3123071
3593703
2574925
4470911
3602658
3123071
1801112
2249614
3602658
6262430
6262430
6262430
3123071
3123071
3602658
6357717
3602658
3602658
3602658
6262430
5333109
3123071
5333109
1108956
2745094
2586487
3602658
1171590
3602658
2574925
3123071
3000866
762131
3123071
1143035
2377974
3602658
3602658
3207499
7494171
2956779
6262430
1777358
3602658
2882602
3602658
3602658
3602658
2591976
2761120
3123071
3602658
3602658
3123071
2447181
3602658
3602658
3602658
3602658
6262430
2745094
762643
3602658
1779675
2483762
3602658
3602658
2745094
3602658
3602658
4154865
538445
3123071
2574925
2483762
3123071
2586487
6220877
1478423
3602658
4610314
6262430
3123071
3602658
3602658
3123071
3602658
1206810
4084210
3602658
4852951
6055209
3602658
3602658
2264652
3602658
2745094
2483762
3123071
6371102
1295705
3018981
3123071
1675353
3602658
3602658
3123071
6357717
3602658
3602658
2282991
6262430
2249614
8555149
3123071
5333109
1219558
3123071
3304328
3602658
3602658
856933
1779675
2359426
5333109
3602658
2249614
3602658
3593703
1206810
613679
2574925
4852951
840109
3602658
3602658
5333109
3602658
2483762
3602658
3602658
5291556
3602658
3602658
6265210
3602658
1206810
3602658
2745094
6262430
2586487
2249614
1182903
1500961
1592943
6262430
1478423
2745094
2483762
3602658
3602658
5333109
3602658
3602658
1478423
2372622
2483762
3918379
2483762
2249614
2483762
3602658
1620479
1221283
1062328
4948238
1847406
3602658
2745094
3123071
7194531
3602658
2483762
3602658
6371102
813335
3123071
1478423
1295705
1478423
2279265
1715754
4454380
3018981
6377570
3602658
1715754
3602658
3602658
3602658
3602658
2212039
4454380
2528764
8636545
1165662
7707224
2279265
3602658
6220877
2574925
2745094
1779675
3602658
6262430
3602658
3602658
5333109
6220877
2574925
1295705
1165662
3059433
3602658
3602658
2212039
2574925
4852951
692907
4749433
6262430
1089121
3602658
3602658
7227066
2483762
7707224
6262430
3602658
3602658
1165662
3602658
4716260
3123071
4977965
3602658
2745094
3602658
3123071
2483762
1165662
3602658
3602658
1779675
3602658
6397602
7568482
1083048
2745094
3602658
3602658
6262430
2574925
977296
3602658
1755902
3602658
6787799
2312745
1847406
3602658
4135154
2483762
2086680
2312745
762643
2574925
3123071
1171590
3123071
4852951
5273673
3602658
783620
4615312
2282991
3602658
2483762
671934
3602658
6262430
2359426
1023796
6262430
1779675
3602658
3602658
3018981
2745094
1715754
3602658
3602658
1059073
2745094
2888532
3602658
6262430
1478423
3123071
3123071
2483762
5441781
6262430
3627585
4255189
3602658
3602658
4132940
6262430
3602658
3602658
3602658
2483762
403858
3640863
935152
7456716
1779675
3602658
5333109
5333109
1779675
3602658
6262430
613679
3289367
3602658
3602658
3123071
1338682
2574925
3602658
3602658
3018981
2563603
3602658
5333109
1715754
6357717
615225
2483762
6262430
3123071
3602658
3602658
5333109
3602658
6371102
1295705
7042152
3000866
3602658
2483762
2631149
2574925
5333109
3602658
3123071
2620376
3216454
1675353
1779675
2586487
2574925
6262430
3602658
3123071
1383534
2483762
3123071
7672481
7707224
2483762
7456716
3593703
1576027
3602658
2574925
4852951
3602658
3602658
3602658
4084210
3123071
2279265
3123071
4852951
2586487
1779675
3602658
3018981
3602658
3602658
3602658
4995912
1206810
8200463
3602658
5100208
3602658
3602658
7483761
3602658
1779675
3123071
3602658
2586487
3602658
2745094
4749433
319895
3602658
8555149
3602658
5333109
3593703
3123071
3602658
3123071
2563603
3602658
4154865
3602658
2619557
970714
3123071
1295705
2586487
3864194
3602658
3602658
2745386
3602658
3602658
4995912
3602658
2563603
2745094
7203739
3602658
414031
3602658
1779675
3602658
1206810
3602658
2745094
3602658
2563603
6262430
3042718
3123071
1978935
8370845
4282944
485587
2483762
1854061
3602658
6262430
3123071
3123071
3602658
3602658
3123071
4218230
3602658
3602658
2259880
2249614
2279265
3602658
3123071
6527395
3018981
3123071
2279265
1675353
3602658
3123071
2279265
3123071
592528
3602658
3123071
1551700
2745094
3602658
3123071
3018981
1206810
3602658
3602658
2650772
5736394
3018981
3368690
6521869
1221283
3602658
3602658
3602658
3602658
3622003
551517
5845034
5273673
3602658
6262430
3602658
2745094
3123071
3000866
3123071
6357717
3602658
3602658
1586838
3602658
6241539
4298011
2483762
2873465
1206810
5333109
2279265
3602658
8636545
3602658
5417539
3123071
3123071
3123071
7227066
1171590
3602658
4749433
5707648
3602658
2745094
1158127
762131
3602658
2279265
3123071
3602658
5333109
1715754
2745094
1620479
3123071
3602658
3602658
5428396
3602658
4154865
8220393
6262430
3602658
1593549
2377974
5544633
1295705
3602658
3602658
1478423
3602658
2483762
5273673
3123071
3123071
3602658
898954
3602658
3602658
542629
3211753
1165662
3123071
3602658
1206810
3123071
2620376
3602658
1062328
3059433
3123071
2674731
2279265
2483762
3123071
3602658
1062328
3602658
3602658
3602658
1478423
3602658
5333109
3123071
2574925
1206810
2745094
3123071
3602658
2586487
3602658
3123071
3216454
3602658
3602658
6262430
2483762
2212039
783620
2483762
3602658
1165662
3123071
8636545
7306891
2483762
6357717
1295705
2882602
5333109
5333109
3123071
1779675
1206810
3602658
3602658
3123071
3602658
3602658
3602658
3602658
3602658
742387
3602658
6262430
1478423
3602658
3602658
6262430
3602658
3123071
3123071
3602658
3602658
1837951
8555149
2745094
3602658
3123071
3602658
3602658
3602658
4852951
1219558
3123071
3602658
3602658
5417539
2407657
1221283
4170887
3602658
1847406
787569
5066728
2745094
2409478
3602658
3602658
3602658
8636545
3602658
3123071
3602658
3602658
1165662
3602658
78332
3158673
3602658
2483762
3602658
3602658
3602658
2483762
183683
3018981
3602658
7227066
7536789
3123071
979542
3602658
6300114
3602658
6527395
3018981
3602658
6320070
3123071
2574925
3123071
3123071
5333109
2483762
6256169
1165662
557418
3602658
2483762
1978935
3602658
3602658
3602658
1478423
785155
3602658
1715754
3593703
3602658
2755055
3602658
2483762
3602658
3593703
3602658
7707224
2574925
2483762
2483762
1547432
3602658
2279265
3602658
2503259
1478423
3602658
3602658
1715754
3123071
3123071
3123071
5428396
3602658
3289367
3602658
2483762
2483762
6262430
3602658
6262430
6262430
1847406
300448
1779675
6303019
3593703
3018981
1333567
3602658
2761120
7672481
648033
2483762
5333109
3602658
3123071
2086680
1551700
3602658
6262430
6262430
917715
2483762
3602658
3602658
3602658
4852951
6262430
2486848
7456716
2483762
4852951
3602658
2359426
3602658
3123071
3602658
6262430
3602658
3123071
2279265
3602658
3602658
3602658
3602658
2483762
8636545
2279265
3490316
1171590
2745094
4948238
3602658
6262430
2563603
2483762
8636545
4749433
3602658
3602658
3123071
5333109
1206810
3602658
2745094
6262430
3602658
5333109
3602658
3602658
488976
1611717
3602658
1779675
3123071
1206810
4852951
2745094
3123071
6262430
2745094
2388064
2745094
3602658
3602658
3602658
1077325
1779675
3602658
7707224
3602658
1715754
3174339
2279265
5333109
3602658
1478423
2745094
2650772
46744
3602658
1171590
2249614
3602658
6262430
2574925
3602658
2483762
3602658
3602658
3602658
3602658
3602658
7456716
3602658
3602658
3123071
2188937
3602658
3602658
2483762
2745094
3602658
3602658
3018981
3602658
4135154
3602658
3123071
3602658
1383534
1779675
3602658
2312745
3602658
3602658
2574925
3602658
5333109
1682767
6527395
3918379
1143035
2574925
3602658
2483762
3602658
6371102
2363667
1779675
4852951
6262430
3602658
3602658
1165662
3602658
1269370
3602658
3602658
2745094
2086680
2483762
4852951
1206810
1611664
8636545
3602658
616622
3123071
3602658
1478423
3123071
2563603
3602658
3123071
1056777
2153558
2745094
824130
3602658
3602658
3018981
3593703
1715754
1478423
2577678
6262430
3602658
2162833
1062328
1799703
1669293
3602658
3123071
6047237
2483762
3123071
3602658
8636545
3123071
3602658
2287339
2650772
3602658
5333109
2483762
3602658
1077325
3602658
6262430
7227066
3123071
6262430
3602658
3602658
3470737
3602658
3602658
3602658
3593703
3123071
3602658
3018981
3602658
3123071
3000866
2574925
3602658
1689591
2483762
5333109
3123071
3602658
1219558
3602658
3602658
2027963
899797
3602658
2321094
2761120
3602658
6262430
3602658
3018981
3602658
2212039
6262430
557418
3602658
2231629
757435
5333109
8636545
5707648
2745094
3602658
3123071
6357717
3123071
2650772
3123071
3602658
1011598
3602658
1300663
5333109
3123071
4298011
2828202
3602658
5333109
42053
3602658
2483762
3123071
3602658
2212039
3602658
6262430
403578
3602658
1219558
3602658
6357717
2049788
4936027
3602658
3602658
2483762
2220800
2279265
3123071
2978054
1219558
1715754
3998132
2574925
426308
3470737
3602658
3602658
2745094
2483762
3602658
3602658
3602658
3602658
2745094
3602658
2745094
7123548
3602658
3123071
3602658
2249614
3602658
3602658
4875720
3602658
3602658
3123071
3602658
1206810
3123071
7145670
2761120
3602658
3602658
3123071
2574925
1478423
3123071
3602658
1478423
3602658
3593703
4852951
3602658
4852951
3602658
3018981
3123071
3602658
3602658
1620479
3602658
2483762
2611185
3602658
4852951
2086680
3602658
6262430
352143
274969
1478423
2279265
1116037
5291556
3602658
3602658
5333109
3602658
3602658
3123071
5135000
3225544
4219685
783620
4970489
6262430
534258
6262430
2279265
2483762
6262430
2035680
1165662
3602658
8636545
3602658
3602658
740470
6262430
3602658
2586487
4852951
3593703
3602658
2249614
3602658
3602658
3602658
3602658
2483762
3123071
193102
4749433
3602658
3602658
3229027
3602658
1715754
7707224
2483762
3602658
8487303
3602658
2745094
3602658
3123071
629156
3602658
3593703
3602658
3602658
3602658
2483762
2211842
2574925
3000866
5544633
4852951
3602658
3602658
2188937
5291556
3602658
3123071
2586487
3602658
2574925
6262430
3123071
3018981
3602658
6262430
3602658
1703697
8370845
5468281
2745094
3602658
5420892
6023464
3602658
5657387
3602658
2483762
3918379
2357385
6262430
2869759
3602658
6262430
1779675
2483762
3123071
1192307
8636545
1676936
3602658
7672481
3602658
1478423
3602658
3602658
6262430
438664
3602658
1478423
3602658
5333109
3602658
3123071
7227066
2761120
3123071
7456716
786726
3123071
6262430
3602658
1268668
4852951
4154865
3123071
2745094
3018981
3602658
3123071
5333109
1968202
1258739
2745094
3602658
2483404
5333109
6966279
2483762
3602658
3602658
3602658
7227066
3461779
6262430
2586487
2483762
4948238
3602658
3602658
3602658
4852951
5333109
1779675
3602658
3123071
3602658
178270
2745094
762643
2483762
3000866
3602658
2586487
6527395
8219625
1585501
3602658
1703697
2833385
1201791
3602658
3602658
3602658
763019
1219558
776988
3354624
6320070
1201791
5971513
2745094
2483762
1295705
3602658
6262430
1478423
1133505
3123071
3602658
1779675
7137959
6371102
5333109
3123071
6262430
4852951
1206810
3602658
3123071
1143035
3602658
1715754
3630279
1715754
3018981
8275888
3602658
5273673
2483762
2483762
2249614
2483762
5333109
2279265
7707224
5333109
1593549
5172710
2563603
3602658
3602658
7227066
1703697
4932577
776988
3602658
3018981
1206810
2620520
3602658
3094290
3123071
3602658
1356281
3018981
1171590
3123071
3602658
3602658
6262430
6047237
2249614
3602658
3123071
3602658
3123071
3602658
3602658
3602658
3602658
3059433
5333109
3602658
2563603
6262430
582247
3123071
3368690
3602658
7672481
3602658
613679
3602658
3000866
1703697
2586487
3602658
3123071
3602658
3602658
1008084
1715754
6262430
4852951
4749433
5859936
3602658
1211583
6225796
3123071
8636545
4995912
1478423
4147754
2745094
2745386
2483762
3123071
2650772
3123071
1133505
2882602
3602658
6262430
6743160
2483762
3602658
3123071
1715754
2483762
3783183
3225544
325627
3602658
5333109
3602658
8555149
3602658
3123071
6262430
3602658
6743160
4749433
5756103
3602658
5441781
3123071
2483762
2586487
3123071
6262430
2745094
3602658
3305624
2574925
3602658
3004733
1219558
2279265
3123071
1703697
3602658
3602658
6262430
2289150
3602658
3602658
3123071
3123071
3602658
3602658
3602658
5333109
3123071
3602658
3602658
3602658
3602658
3602658
4852951
2483762
6357717
1011598
3602658
1155073
2745094
3602658
6262430
1143035
3123071
3602658
3602658
3602658
3123071
5943719
1779675
2336614
6262430
3602658
3123071
443010
2761120
1567386
3602658
5333109
3602658
856933
3602658
3123071
3602658
3602658
3602658
2483762
3593703
3602658
1153789
3602658
6262430
1478423
3602658
2212039
3123071
3123071
3602658
1143035
3602658
2745094
5333109
3602658
2249614
3690729
2574925
4852951
3602658
3602658
3602658
82591
3602658
6262430
3593703
822286
4852951
6357717
3918379
2279265
3123071
3602658
3602658
3602658
441289
1779675
2483762
8636545
2270310
586587
3000866
2249614
1983511
3602658
2086680
3602658
2755055
7042152
2483762
3602658
4749433
3602658
2483762
2574925
2586487
5428396
3602658
4749433
2745094
2745094
8636545
2745094
3602658
2563603
2574925
3602658
3602658
3123071
5575345
3602658
3602658
3602658
6262430
3602658
6810914
3123071
1644200
5333109
5716438
3123071
1111000
2483762
3123071
5135000
1571263
3602658
5333109
6262430
4132940
4516383
3123071
6262430
4852951
3602658
3602658
3123071
2279265
2563603
6262430
3123071
6262430
3602658
3602658
6262430
1206810
3059433
3123071
1478423
3602658
3123071
2279265
1779675
3123071
1779675
6830943
8636545
3123071
2249614
2650772
4852951
3602658
3602658
2745094
2312745
1837951
2745094
6262430
3602658
2700958
2483762
3123071
3602658
4977965
3602658
3018981
2563603
3123071
3602658
3602658
3059433
1715754
3602658
1295705
3123071
6262430
3602658
3123071
3602658
5135000
2620376
3602658
3602658
3123071
2574925
3123071
2483762
3602658
3593703
5333109
4749433
3123071
7456716
3602658
2279265
6357717
2483762
2162833
3602658
1219558
783620
3602658
6127310
5333109
6262430
6262430
6262430
1779675
1008084
2359426
3602658
3602658
1155073
3123071
3602658
3602658
3018981
3602658
3602658
3602658
3602658
6262430
6262430
3123071
6262430
4852951
3602658
3123071
5542374
6262430
5839912
3123071
1478423
2745094
3602658
2574925
3602658
6262430
1551700
2483762
6262430
3018981
2563603
2175552
6262430
3602658
3602658
3602658
2745094
7530483
3018981
2322548
2483762
2745094
3736525
2745094
3602658
3123071
3602658
6262430
1155073
3602658
2574925
7483761
3602658
6262430
6527395
4571866
3602658
3602658
6262430
3123071
3602658
5333109
7672481
3602658
3602658
1450162
3123071
2745094
3123071
2483762
1206810
3602658
4298011
3602658
2359426
3602658
2586487
4577742
3602658
3602658
3123071
3593703
3602658
3123071
301461
3593703
2483762
762131
3602658
3602658
6743160
3602658
8250341
849345
1317493
3602658
3123071
3602658
3602658
2279265
720395
2577532
3602658
5897412
6527395
7483761
6262430
2563603
793260
2279265
3602658
4852951
2483762
3602658
3602658
3602658
3602658
3602658
3123071
3602658
7456716
7145670
6262430
3602658
762131
1780454
3602658
3602658
3602658
6262430
4829178
4132940
1611717
7145670
3123071
5333109
4995912
3123071
3602658
1158975
5135000
3123071
1478423
1547432
3602658
6262430
2212039
6262430
2377974
3602658
3602658
4852951
3602658
3123071
3602658
3123071
3500968
2249614
3602658
3602658
3602658
4749433
3123071
1165662
2633716
3593703
4829178
1689591
3123071
3602658
3602658
1219558
3602658
4188680
491128
2352056
3602658
2745094
3124726
3602658
3123071
1206810
3602658
3602658
3602658
2483762
2574925
6262430
7672481
2745094
4829178
3602658
2483762
219015
3602658
2483762
6262430
650629
2745094
1478423
3123071
5333109
3602658
3602658
2483762
3123071
3602658
6546191
3602658
2574925
3602658
3602658
1478423
3123071
3602658
1592943
5135000
3602658
4852951
8555149
5876226
1838490
2027846
2279265
5876226
3602658
3602658
3123071
817474
3602658
3602658
6262430
2586487
5333109
3602658
1779675
3123071
604443
2212039
2745094
3602658
2745094
3602658
671934
1779675
3602658
1206739
3602658
5333109
6262430
1250519
3602658
3602658
2745094
3006160
2745094
3123071
3602658
94294
5333109
1837951
2574925
3602658
5860392
4852951
3602658
6262430
2785014
1990695
785155
3602658
6262430
465874
1115837
3602658
2888532
3123071
4749433
3602658
3602658
7227066
3602658
2249614
1171590
1566731
4852951
2723461
3602658
1715754
3123071
2586487
3593703
2107872
3602658
1689591
6262430
1212397
2483762
3602658
3602658
3602658
1133505
2359426
3622003
6262430
3602658
3602658
3123071
3602658
505598
3602658
2282991
5943719
1165662
3602658
3602658
2745094
3123071
3602658
3602658
3602658
4852951
2745094
4852951
3123071
3123071
4948238
1297333
1206810
4749433
2483762
3602658
4084210
3123071
2650772
3123071
3602658
3602658
1611664
2483762
3123071
2162833
535619
2483762
3602658
3602658
7672481
4298011
1424032
3602658
6262430
2483762
1703697
5529564
2483762
1219558
1757102
1165662
2483762
6220877
3593490
2619943
3123071
2574925
8636545
3602658
7819666
3602658
2745094
3602658
1779675
8636545
6262430
3602658
3602658
4852951
7227066
3602658
3630279
2483762
6262430
3289367
2574925
1779675
1171590
1551700
3602658
2574925
3602658
1208510
2483762
1478423
4154865
3123071
4995912
1551700
3602658
7456716
3602658
5333109
1478423
3602658
3602658
3602658
7672481
5333109
3602658
3602658
2641817
3602658
3602658
2574925
2483762
3602658
4170887
3602658
3123071
3123071
3602658
6262430
1171590
1116037
6262430
5420892
3602658
2249614
3602658
3602658
3123071
3123071
6265210
6357717
3123071
3602658
3602658
1969463
2574925
1219558
3602658
7483761
3602658
3602658
3602658
3602658
3123071
3602658
2574925
1478423
1779675
7707224
2745094
6262430
3602658
3602658
3123071
964199
3602658
2483762
3602658
1362978
222998
3602658
6263002
3123071
4852951
4749433
3123071
2620376
6262430
2586487
3593703
1089121
664250
3602658
3602658
2574925
2483762
2162833
3216454
3602658
3602658
3593703
582200
3602658
3602658
2620376
3602658
3602658
6262430
2755055
4486395
5542374
3123071
783620
6262430
3602658
3602658
2745094
2483762
2359426
3123071
6263002
2249614
2483762
5333109
1779675
3123071
8636545
6262430
3602658
1219558
6262430
3602658
4829178
6262430
5839912
756286
1551700
3602658
2249614
3018981
1980566
1779675
3602658
3602658
3602658
3123071
6262430
3123071
2212039
3602658
2281496
3602658
3123071
3602658
3602658
3602658
3602658
4147754
6262430
6357717
3602658
3123071
3602658
3602658
3602658
1715754
3602658
3602658
6262430
2574925
762643
6262430
3602658
3602658
2086680
4961623
3602658
5333109
2620376
3602658
3602658
1478423
3550667
1715754
3123071
3123071
3289367
6262430
3602658
1165662
2212039
2483762
3123071
2483762
1187622
3602658
254442
5333109
3123071
8521303
2586487
3123071
7672481
3123071
2483762
2650772
4852951
3602658
3602658
2483762
1703697
326721
2483762
3593703
3602658
6262430
1478423
2212039
3123071
2483762
1219558
6262430
3123071
3593703
1463432
4961623
5333109
3602658
1219558
5559110
4147754
3602658
6220877
3602658
4948238
2745094
3602658
2586487
3602658
3602658
3602658
1206810
2483762
3123071
4852951
3602658
7707224
2948610
3123071
1990695
3216454
6262430
1165662
4995912
2483762
3602658
2483762
3602658
1779675
3602658
3602658
3602658
762131
3602658
2483762
3602658
3602658
3602658
3864194
837955
1219558
3602658
3602658
6047237
3602658
3602658
8636545
5333109
3123071
157517
553962
720387
3602658
6262430
3602658
1111000
3602658
1715754
2249614
3602658
891665
3602658
3602658
6262430
6262430
3602658
3602658
3602658
3123071
3368690
4615312
3602658
6262430
3602658
2483762
3602658
3123071
1852532
4852951
4852951
2745094
3602658
2249614
6527395
8636545
1907684
6262430
3602658
3602658
3602658
2483762
3123071
6019793
3602658
3602658
3602658
6262430
4749433
3593703
1116037
702157
3123071
3602658
1219558
7456716
3123071
3602658
5333109
7306891
3602658
3602658
2574925
3602658
3123071
608441
1715754
7625828
3602658
4219685
2483762
3123071
3602658
3123071
6262430
3602658
1779675
3602658
2574925
3602658
2249614
3602658
6220877
2483762
3602658
2483762
1165662
4852951
816850
3018981
3602658
3602658
1703697
785155
6262430
5333109
2556957
5333109
1219558
3602658
2745094
2279265
2708783
3602658
6130509
3602658
3000866
6262430
6262430
3602658
3123071
1155073
3123071
2745094
1715754
3602658
3602658
3123071
2483762
3593703
2574925
4749433
3602658
3602658
1715754
1566731
3602658
2745094
2483762
2574925
1779675
3602658
3602658
2745094
3602658
1206810
6262430
4583613
3722009
2563603
6262430
3602658
2586487
3602658
7672481
3602658
2097520
3602658
3123071
3602658
3602658
5333109
3602658
6262430
3602658
3602658
6220877
1383534
6262430
2745094
3602658
244533
3602658
3602658
3123071
4852951
3251207
1703697
3123071
6262430
3123071
3602658
3602658
2212039
3123071
3602658
2483762
1008084
2574925
3602658
3602658
3602658
2249614
3602658
2745094
7672481
3602658
3602658
6262430
553548
6262430
3602658
3602658
1551700
2249614
3602658
5333109
3123071
6262430
5544633
2483762
6527395
3602658
3123071
3602658
3602658
8636545
6262430
3602658
5333109
3669359
1165662
3602658
3602658
1703697
1206810
3602658
2574925
5333109
2279265
3602658
2483762
8636545
2483404
2745094
3368690
2035680
1165662
2483762
604403
3593703
3602658
3602658
2650772
3602658
2483762
7707224
783620
3602658
2574925
5333109
3602658
6262430
3602658
5333109
1171590
3602658
7625828
1295705
3602658
4852951
3123071
3593703
2745094
3602658
2279265
6262430
1847406
2483762
1171590
3602658
2035581
1603803
4852951
3602658
1990695
3123071
757435
3602658
3123071
3602658
1165662
3602658
3602658
3602658
3123071
3123071
2086680
6527395
3602658
3602658
2483762
4852951
2500270
2483762
2563603
4852951
1779675
2745094
2745094
1023796
2483762
4568152
3998132
6262430
947186
7590457
3123071
3602658
2574925
3602658
443373
3602658
3123071
8250341
3602658
3602658
6262430
2574925
2700958
2574925
3602658
3602658
3123071
5703197
1728880
421805
3123071
8636545
1837951
3602658
5333109
1478423
2745094
3018981
2483762
3602658
2249614
3602658
2359426
2212039
2483762
3018981
2745094
5333109
3602658
2745094
3602658
3123071
3602658
8636545
2563603
3602658
3602658
5420892
3123071
3461779
3602658
3602658
1837951
8407838
6047237
2620376
2456725
3602658
2650772
3602658
3602658
6189137
6262430
2483762
1478423
2372622
2483762
6262430
6262430
3123071
4749433
1081807
1219558
2620376
5333109
3602658
3602658
1703697
3602658
3602658
2483988
2086680
7707224
4852951
4749433
2483762
3000866
1165662
3602658
4852951
1165662
2162833
3602658
2574925
3602658
3123071
4363569
2483762
3602658
3602658
384610
3602658
1165662
1165662
3123071
6262430
3123071
3602658
2574925
2279265
5291556
1165662
3123071
3123071
3918379
6262430
2483762
1779675
2563603
2483762
3602658
2483762
2620376
6262430
3602658
3602658
3123071
2745094
2359426
2156362
6262430
2483762
1143035
2396827
8636545
3123071
3602658
755447
2761120
6262430
3602658
613679
5333109
3602658
473036
553868
6262430
3123071
2586487
786726
1004875
2745094
377273
553868
4470911
3602658
3593703
3602658
1219558
3123071
3602658
3018981
3602658
2483762
7707224
1303953
3602658
3602658
3602658
3123071
4852951
2483762
1004875
3123071
1990695
1478423
8636545
3602658
1478423
3602658
3602658
1111000
5441781
3018981
813335
3602658
3602658
3602658
2483762
3602658
2574925
760342
3602658
2745094
3123071
2745094
3602658
2483762
4470911
2264652
3602658
2745094
3602658
3123071
1703697
2483762
3593703
538445
2761120
3043010
2574925
3602658
2359426
3602658
2483762
3602658
3602658
951471
5135000
3602658
2745094
2483762
3123071
6743160
3602658
3602658
2483762
1478423
7625828
3602658
1187622
6262430
592528
3602658
2563603
4852951
3602658
3602658
3602658
8636545
6262430
1847406
6262430
2483762
3602658
2745094
2563603
5544633
2249614
3602658
3123071
489006
5333109
4852951
4978961
3123071
5333109
2620376
2483762
657884
4852951
3602658
1206810
5419346
2249614
2483762
920693
2058398
7123548
2761120
2571392
6262430
2212039
1101193
3602658
6262430
1478423
3602658
1689591
3602658
2563603
4852951
2503259
3602658
6262430
2745094
3602658
4978961
2483762
3602658
3602658
3602658
3602658
2574925
2574925
3123071
5273673
1049463
3602658
7456716
3602658
3123071
3123071
2574925
3602658
1478423
3123071
3602658
2279265
3602658
4852951
4749433
2377451
2177399
1715754
4154865
3602658
3602658
3602658
2483762
930253
3602658
3602658
1143035
2279265
556782
6262430
2563603
3602658
1593549
2483762
3602658
3602658
3123071
3602658
3602658
6262430
2926090
3368690
8636545
6262430
1187622
3123071
970714
3602658
3602658
3602658
5333109
783620
3602658
4852951
3602658
2279265
7441524
3602658
3123071
6220877
5681534
3123071
3746096
3602658
5291556
4154865
3602658
2150734
3602658
5333109
318685
2483762
3602658
2745094
3602658
3602658
3602658
6262430
3602658
3123071
2563603
2745094
4884605
3602658
3602658
2586487
3602658
2483762
2745094
1675353
1201791
4568152
3602658
3602658
6607468
2212039
3602658
3602658
3602658
3274551
4852951
3602658
1219558
4852951
6262430
1171590
917715
6320070
5333109
2483762
2058398
2483762
671934
3602658
2483762
7672481
5845034
2312530
8636545
3602658
2650772
2207700
3602658
2212039
3602658
2745094
2483762
3602658
3715120
2404543
2745094
4205679
2321094
3602658
3602658
3602658
3602658
3123071
2249614
1593549
3123071
3602658
3602658
3602658
557418
3123071
1165662
3602658
3123071
3000866
3123071
3602658
2520774
732215
3123071
3602658
3018981
2483762
1552035
1721354
637525
2574925
3000866
3602658
2745094
3602658
556782
2212039
3602658
3123071
2483762
1008084
3602658
2483762
6220877
3602658
4132940
2279265
2574925
292556
5333109
8636545
3602658
3304328
2483762
3356525
1689591
553548
4852951
783620
3602658
8555149
1779675
2745094
3602658
3602658
6262430
4936027
2483762
3602658
1155073
1958727
6262430
3602658
7625828
6262430
3602658
1478423
3602658
3602658
1171590
2483762
6262430
2574925
5333109
3602658
2312745
695227
3602658
879680
4852951
3602658
2249614
3123071
7711941
1779675
4568152
5465557
3593703
2833385
6262430
3602658
539642
3602658
1165662
1165662
3602658
2745094
2249614
3593703
2483762
920693
6262430
2483762
5441781
8636545
3123071
2574925
3602658
3000866
3602658
2745094
3602658
3018981
2279265
5333109
3602658
2483762
1206810
5333109
2650772
1611664
2574925
3123071
3602658
3123071
3602658
3602658
3602658
6262430
2483762
3018981
3602658
3602658
3123071
2613977
5333109
3123071
2212039
344240
3123071
2745094
1969463
787392
2483762
2574925
7249391
2745094
3602658
1219558
3602658
2761120
4615312
3602658
4749433
1116037
6262430
1689591
2279265
1165662
3602658
2483762
450002
3602658
3602658
8370845
3602658
3593703
3602658
3018981
3602658
3602658
4852951
3602658
3118655
2483762
3602658
8636545
3602658
2212039
2483762
1611664
3602658
2279265
3602658
3602658
4852951
3602658
2483762
3123071
3000866
1779675
5333109
124328
3602658
3602658
3602658
7672481
3602658
2483762
3602658
3602658
3602658
1779675
4852951
6262430
3123071
3602658
2113771
1219558
4852951
3602658
1715754
3602658
2574925
2745094
2745094
3018981
2650772
3602658
3123071
1008084
2650772
3602658
2483762
3602658
1715754
3602658
7707224
2279265
1139438
2761120
3602658
3602658
2574925
3602658
7672481
3593703
2483762
1089121
6371102
762643
3602658
3593703
2249614
3602658
2483762
2483762
3602658
6262430
898954
4852951
2620520
3602658
3602658
3602658
6262430
3602658
3602658
3602658
2483762
1620479
3123071
2927949
3602658
3018981
2574925
3602658
6397602
1779675
377481
3602658
2586487
2212039
3602658
3602658
3602658
6220877
2483762
1689591
3602658
3602658
553548
3602658
3123071
2483762
3123071
3602658
3602658
3123071
3602658
3602658
7227066
608646
2483762
4852951
3602658
1757102
6357717
2483762
2279265
4852951
8423492
2249614
2483762
2483762
3602658
3123071
3123071
3602658
3602658
3602658
3123071
3602658
3602658
6262430
6262430
6262430
3602658
4852951
2086680
6262430
1689591
2574925
2745094
3602658
1206810
3593703
1111000
1165662
6527395
4852951
3123071
2483762
3602658
3602658
3602658
7775987
205557
4852951
1728880
7254335
6262430
5333109
3123071
3123071
2097520
1165662
2745094
4852951
1478423
3018981
3602658
7494171
1302497
3602658
3123071
3602658
4995912
3602658
1478423
5834673
1779675
2483762
3123071
4852951
1703697
3123071
2279265
6262430
2620376
2483762
3123071
3602658
7227066
6262430
3602658
2745094
3602658
3602658
2574925
8423492
6262430
785155
3602658
2745094
2650772
3602658
2745094
592528
4852951
3602658
6262430
3123071
3251207
3602658
1837951
3602658
1478423
803257
3123071
1219558
3602658
278461
2483762
1715754
3602658
6220877
4749433
3123071
3602658
3123071
3123071
6262430
1861681
1978935
2745094
4995912
2212039
6554440
1478423
2483762
2483762
3602658
1547432
1171590
4852951
3602658
2483762
899353
3602658
2563603
3602658
2483762
2249614
1122405
2574925
3602658
3602658
7227066
3123071
2483762
2520774
3123071
3304328
3602658
3602658
6262430
541146
3602658
3602658
3602658
3602658
6262430
7456716
3602658
1645502
3123071
3602658
5661665
244533
5333109
1165662
3602658
1478423
3602658
2574925
2563603
6262430
2586487
2483762
6262430
3602658
2249614
3602658
3602658
3123071
4062303
7568482
3602658
918825
3602658
3602658
3602658
1165662
6262430
3602658
1253912
1715754
1165662
6262430
3123071
4106201
8275888
2650772
2483762
3123071
3602658
1383534
3602658
304122
8487303
1964596
3018981
3602658
6263002
2483762
2483762
6262430
1669293
3602658
1206810
2483762
3602658
5333109
1234426
6789257
3158673
3602658
3602658
2282991
1779675
5333109
3602658
2574925
6357717
7707224
3602658
2574925
2586487
1165662
3602658
2249614
6262430
3602658
3602658
3018981
2483762
8636545
3602658
2279265
4852951
2586487
3123071
1062328
2574925
3602658
4811398
3123071
2483762
3123071
1206810
2483762
473666
2745094
3602658
5333109
7227066
3602658
3602658
3602658
862159
3123071
2483762
3602658
3602658
2264652
2249614
3123071
7456716
1171590
3602658
3602658
3602658
3602658
3602658
2483762
3602658
121907
707079
3602658
3123071
6047237
1735716
4852951
3018981
6262430
3602658
6262430
6262430
1165662
5876226
1553206
3602658
2483762
1127862
899353
6262430
3602658
3602658
1171590
8219625
3123071
5418960
3602658
551517
3602658
4852951
5333109
1715754
2212039
3123071
3602658
3123071
3602658
3602658
2483762
4852951
2483762
3123071
3602658
5333109
51647
5544633
1460533
2483762
6961366
3602658
2574925
3602658
3602658
3602658
3602658
6262430
2483762
2574925
3158027
2279265
6262430
3000866
2586487
5333109
3602658
3602658
8636545
6262430
1478423
3602658
3602658
2483762
3602658
2483762
1127862
4852951
2086680
2264652
2586487
3602658
2586487
3602658
3602658
3123071
3593703
5333109
2520774
3602658
3123071
3602658
3123071
3602658
3602658
3602658
4852951
2574925
6262430
6262430
2755055
3602658
2745094
1111000
3602658
3925208
837955
3602658
1037376
3602658
3000866
3602658
2483762
1011598
2745094
3602658
2483762
3602658
3602658
6743160
3123071
7672481
3602658
1165662
3602658
2483762
1525047
4999820
3602658
3602658
5291556
2563603
3123071
2483762
548098
6262430
8636545
3123071
3602658
3602658
6262430
3602658
920693
1165662
6262430
4852951
4852951
3123071
5428396
44578
3123071
2483762
4852951
8636545
3602658
2745094
1779675
4852951
4205679
6262430
6342056
3602658
1964596
4866110
2483762
6262430
6262430
3602658
3602658
2483762
3123071
7707224
1206810
557418
3602658
1068514
6262430
4852951
4852951
3482915
3602658
2745094
3123071
1715754
2745094
1478423
3123071
3602658
8636545
3602658
3304328
1219558
6357717
3602658
2162833
2483762
3123071
3602658
3123071
3602658
1023796
4852951
3602658
1089121
2574925
3602658
5333109
4066591
3602658
3602658
3602658
3593703
3602658
2483762
6262430
3123071
2086680
1994002
3123071
3123071
3602658
2745094
2745094
2483762
3602658
6262430
2483762
2745094
1206810
1478423
2249614
2483762
1219558
6262430
3602658
8636545
3602658
1158975
3602658
2650772
2209498
1171590
3602658
3602658
3602658
3602658
4363569
3602658
1593549
4219685
3602658
2483762
2574925
1116037
4852951
3602658
6262430
3602658
2745386
3123071
3123071
3602658
3602658
6262430
3018981
3216454
3602658
2215437
613679
3602658
3602658
4372984
3602658
899353
2745094
7116794
4852951
1478423
1219558
3602658
671934
1083048
3602658
5135000
3602658
2483762
3602658
1715754
2483762
3602658
3602658
3602658
3602658
3602658
7672481
3602658
2483762
3123071
3251207
8636545
7712498
6262430
3123071
3123071
3602658
3216454
2249614
3602658
1165662
1847406
3602658
4031636
3602658
3123071
3123071
2483762
3602658
3123071
2833385
1206810
3602658
3602658
3123071
2483762
3602658
3123071
3602658
2279265
4852951
1165662
2105009
2483762
2833385
2377451
3602658
613679
6220877
5135000
1779675
3123071
1972639
4964350
2372622
3602658
6262430
2574925
3602658
3602658
757435
3602658
3602658
3602658
8275888
3602658
4852951
5333109
1165662
8275888
1779675
1165662
2027963
2212039
1853096
488976
3602658
6262430
5785052
3602658
3602658
2483762
3602658
1023796
4852951
3123071
3602658
3602658
6262430
2212039
6262430
2359426
2483762
2745094
1779675
3602658
2483762
2483762
6910495
5575345
3602658
1562887
3602658
5177229
3602658
564481
5333109
3123071
2745094
7568482
3602658
3123071
2574925
3602658
3123071
3602658
3018981
3602658
7456716
3602658
3602658
3602658
4995912
2745094
1715754
3602658
4961623
1455510
3602658
6047237
2574925
3123071
683962
3123071
2574925
6371102
3602658
6262430
3602658
4205679
3602658
3602658
3602658
8636545
1551700
7123548
3123071
608646
3602658
3602658
1779675
3602658
4188680
3602658
3602658
2745094
4154865
3602658
3602658
3602658
3602658
1779675
608646
6262430
3602658
6263002
3602658
3000866
3602658
4749433
7651018
6262430
3018981
3602658
2563603
2483762
6262430
491128
3123071
3602658
3602658
2483762
4858105
3602658
3274551
613679
7625828
3602658
2563603
3123071
3123071
3289367
6262430
2483762
1206810
3123071
1946400
3602658
5333109
3123071
3123071
3123071
2483762
2249614
2483762
4135154
5333109
3602658
3602658
3602658
2745094
1715754
1295705
2650772
2483762
3602658
3602658
6262430
6262430
3586433
4749433
2745094
1715754
2745094
6262430
1703697
2249614
5333109
3602658
3602658
3602658
3602658
2483762
3602658
1779675
1611664
3602658
783620
2745094
3123071
3602658
3602658
4749433
3602658
6262430
3602658
1165662
6262430
1779675
6527395
6262430
3602658
3602658
6262430
3602658
3602658
2745094
3602658
2010470
3602658
4852951
2574925
3123071
6262430
3040225
4852951
3602658
6357717
3602658
604443
8636545
3602658
3123071
1131405
3602658
3123071
3602658
3602658
4852951
2249614
3602658
4579583
2586487
3123071
6262430
1295705
3123071
2359426
3602658
2882602
3602658
2574925
2270310
3289367
5420892
1703697
3602658
3158673
2745094
3123071
3593703
3123071
2483762
3602658
2483762
2574925
3602658
3602658
1586838
8636545
3593703
6262430
3123071
4568152
820333
3123071
2745094
3602658
2249614
3602658
3602658
3602658
3602658
6262430
5441781
2873979
3123071
3602658
7672481
3602658
3602658
1234426
671934
2483762
3461779
7229435
6262430
1703697
7227066
6262430
6262430
6721697
3602658
1715754
6262430
3602658
3123071
3602658
3602658
3602658
3602658
2745094
3602658
6262430
672880
2563603
2745094
3602658
3602658
2212039
2279265
1715754
6262430
6262430
3602658
2620376
2321094
3123071
3602658
5333109
5544633
3211753
7249391
1969463
1611664
2483762
3602658
2745094
1621379
3602658
2483762
1755902
3602658
3593703
1165662
3602658
2787595
3216454
2989058
1586838
3602658
2483762
2586487
4454380
3602658
6262430
3593703
3602658
947349
3602658
3602658
3123071
3602658
2483762
3602658
3602658
3123071
1165662
3216454
2761120
3602658
3289367
3602658
6357717
4298169
1011598
2745094
3602658
3123071
2249614
2745094
3602658
3602658
1206810
3602658
2483762
5333109
2850572
3602658
1715754
3602658
6262430
3602658
4978961
3602658
3602658
3602658
3018981
762131
1211583
3602658
3602658
3602658
3602658
3602658
5135000
2279265
3602658
6262430
2745094
2483762
1206810
1757102
3602658
3225544
2574925
3123071
4937556
3602658
2574925
1585501
2745094
3123071
1715754
2010470
3602658
3602658
6263002
118237
3602658
3602658
3602658
3602658
3602658
1082464
6262430
3123071
3602658
7123548
6262430
3123071
1562887
3602658
3602658
2483762
4749433
2745094
3602658
3123071
1620479
3602658
592528
8636545
2745094
2279265
2249614
3602658
1206810
3123071
8219625
1219558
1566731
3123071
1155073
6377570
1715754
3216454
1165662
1206810
3602658
7116794
1715754
1779675
5333109
1295705
3602658
2745094
2321094
6262430
2483762
3602658
3602658
3123071
6262430
4749433
3602658
2745094
2745094
3274551
3602658
3593703
3123071
2279265
2869759
786726
3602658
2483762
1703697
4372984
3602658
2483762
3123071
3602658
319003
3593703
3593703
3123071
2372622
3602658
1219558
3602658
2745094
5333109
3059433
6262430
3123071
3123071
1703697
2833385
3602658
3602658
855899
1219558
3602658
3602658
2745094
3123071
2212039
3602658
3123071
2650772
3593703
3123071
3602658
3123071
3602658
3123071
3123071
5291556
3602658
6262430
6262430
3602658
2745094
3602658
2483762
6262430
3602658
2483762
2279265
3123071
3602658
6984892
1478423
2279265
3602658
6721697
6262430
2483762
3602658
3602658
1689591
3602658
3602658
2279265
3602658
2483762
3602658
3602658
2483762
2563603
3602658
2869759
3602658
894316
2752626
2508900
6220877
2745094
6262430
2745386
1779675
3602658
3602658
3602658
3602658
2483762
7456716
3602658
3602658
3123071
8636545
2745094
3123071
3602658
283573
3602658
4749433
2483762
3602658
3602658
3602658
1478423
3602658
3123071
3602658
1206810
1661535
3602658
6262430
4852951
3602658
5333109
3602658
3649166
5984898
2415594
3602658
2574925
3602658
762131
8636545
2483762
783620
3123071
2646525
3602658
3602658
3602658
1715754
3602658
3602658
2249614
3602658
4188680
2641868
3602658
572601
2483762
2574925
4852951
3826826
5897412
2745094
3602658
3593703
3602658
2483762
2279265
3602658
3602658
3123071
3123071
4135154
3018981
6262430
1715754
2745094
2212039
1567514
1703697
2745094
1206810
2745094
3000866
4298169
3123071
3602658
3602658
2350858
3602658
4852951
3602658
3602658
3602658
3602658
2882602
2377974
3602658
1962639
8636545
3602658
2806863
4852951
3602658
3123071
3123071
3123071
51083
3602658
3602658
3123071
3602658
3602658
3593703
646725
4852951
2279265
1031559
2483762
3602658
3602658
3602658
319796
3123071
3602658
3602658
6262430
6262430
3602658
970714
3602658
5544633
3602658
2700958
3123071
3602658
2278815
4154865
5333109
3602658
2483404
2249614
3602658
7493450
3123071
3123071
3602658
1562887
2279265
2574925
6262430
2586487
3602658
6470835
5428396
3602658
5333109
3602658
6262430
7121897
8636545
3123071
4749433
2483762
8555149
1165662
3602658
2483762
1069446
2279265
1779675
3602658
3602658
4961623
3388203
5333109
3602658
6047237
6262430
3602658
6743160
3123071
3602658
6397602
3123071
1779675
3602658
917715
6262430
3602658
2761120
1219558
2312745
3123071
2586487
935152
1703697
3602658
4615312
3593703
7145670
3602658
1165662
3123071
2700958
1219558
1715754
3602658
6262430
2483762
2833385
2745094
3123071
6371102
2586487
3123071
3593703
1206810
6262430
505598
2833385
1143035
1221283
3602658
3123071
1551700
4568152
7707224
3602658
3123071
3123071
4852951
3602658
5544633
6262430
3602658
3602658
3602658
5333109
3602658
6262430
3602658
6262430
3123071
3123071
2279265
5513111
1478423
3602658
723594
5333109
3593703
6527395
1206810
2249614
5420892
3123071
3123071
4995912
3602658
3593703
3123071
1302497
2745094
3602658
8636545
3602658
3602658
6371102
3602658
3602658
3602658
7536789
1715754
2279265
2745094
473190
3602658
3602658
3602658
3602658
3602658
3602658
795975
3123071
1165662
3123071
1817214
3602658
3602658
1062328
2483762
4106201
3602658
3550667
6262430
1703697
3123071
680195
3669359
3602658
3602658
2745094
1715754
3006160
5441781
1779675
298621
1206810
1478423
3602658
3602658
2483762
4749433
3018981
6262430
2279265
2574925
3123071
4852951
8636545
2745094
3123071
6262430
2563603
4749433
1111000
3602658
1165662
3602658
1254256
2745094
3602658
2212039
3602658
2483762
6262430
1171590
3602658
3289367
4852951
3602658
3602658
1743172
3602658
5333109
2226270
6262430
3602658
2249614
2650772
3353623
3602658
3602658
4147754
7536789
3123071
3602658
801440
2249614
3602658
3602658
2641817
3000866
3006160
7116794
2650772
1165662
731069
2483762
3602658
3123071
1143035
764686
1715754
1143035
2745094
4833451
3018981
1585501
3123071
3602658
3123071
1478423
2745094
3602658
3123071
3602658
3123071
3123071
3123071
3602658
3602658
3602658
2483762
1195671
6262430
2483762
3602658
2415350
2483762
381821
762131
5151447
3602658
3602658
5333109
3602658
6262430
6262430
3602658
3123071
3602658
1689591
2483762
3602658
5333109
2586487
7822760
2520774
2279265
3123071
6262430
3602658
3123071
1011598
1593549
4852951
3602658
2359426
2212039
3602658
2483762
2745094
3123071
3602658
3593703
3123071
3602658
3123071
7456716
3123071
3602658
2745094
6721697
3593703
504251
3602658
3602658
1219558
1603349
6262430
3000866
3602658
2483762
3123071
3602658
1211583
6262430
2745094
608646
3602658
2681968
1206810
1219558
2483762
2563603
8636545
8636545
3602658
2483762
3602658
1830084
3602658
4852951
3301596
3602658
3593703
6262430
1779675
3602658
3216454
6262430
2279265
6357717
551517
3602658
3602658
3602658
3602658
1703697
7707224
3470737
3602658
6262430
3602658
3602658
4852951
3123071
2745094
3602658
4844720
3602658
3602658
1783426
3602658
3123071
3602658
1715754
3602658
3602658
3602658
3602658
762643
2483762
4852951
3123071
2212039
3434248
3602658
3059433
2483762
3602658
2650772
3461779
3602658
2483762
7456716
1669293
2483762
1779675
2787595
3602658
3602658
2745094
4852951
592528
1478423
2574925
6262430
3461779
5333109
3602658
3123071
3602658
1504812
6782620
4154865
3602658
3123071
3602658
2359426
5028435
280131
2745094
3602658
3602658
2483762
3602658
3602658
3123071
3123071
3602658
3864194
2279265
2745094
3123071
3123071
2745094
3602658
3602658
3602658
3602658
3602658
3602658
1219558
2574925
3602658
3602658
5333109
3505691
3602658
1847406
3602658
3593703
4852951
3602658
1219558
4852951
3602658
3602658
8636545
2761120
6262430
3602658
7672481
1703697
4154865
2745094
1339877
6262430
1779675
3602658
3602658
3602658
3602658
3602658
4852951
3602658
3602658
1689591
3123071
3602658
3123071
1295705
3602658
2745094
3602658
3602658
2279265
3602658
6262430
4936027
6262430
2483762
7441524
436478
3602658
2577532
3602658
1219558
3123071
1383534
3123071
3123071
2312745
5420892
2745094
2563603
2255697
7456716
3998132
4154865
1219558
4852951
4568152
3602658
1478423
3123071
1206810
3123071
1280620
3602658
3123071
3602658
5333109
7227066
3602658
1478423
2574925
2483762
7203293
2483762
3123071
3602658
4995912
3602658
3602658
2650772
3018981
858049
3602658
557418
2282991
1728880
3602658
3602658
2279265
2745094
6357717
2249614
3602658
2027963
6262430
2563603
2483762
3602658
3602658
6262430
1689591
3123071
2483762
5333109
1219558
6047237
2586487
6262430
2483762
3602658
3602658
3602658
690165
2574925
4852951
7979443
3602658
6258722
6262430
2483762
7227066
3602658
6262430
7306891
1206810
3602658
3593703
899797
2483762
3602658
3602658
3602658
3602658
2574925
5273673
3123071
2318348
6220877
3123071
1165662
6262430
2620376
7536789
634964
3602658
2318348
3602658
1715754
8370845
3123071
2035680
3602658
2359426
3602658
3123071
3602658
3123071
4852951
3602658
3602658
3602658
3602658
6357717
3123071
3602658
1620479
7707224
3018981
3602658
5333109
3602658
8636545
1478423
2645238
3123071
3123071
3123071
6262430
3602658
3602658
3602658
3123071
762643
3123071
3602658
920693
3304328
6220877
1221463
3602658
762643
785155
3602658
3602658
7795007
3602658
6220877
3123071
7672481
5513111
6262430
4344352
2761120
5333109
2483762
3602658
2761120
3018981
3602658
2483762
1171590
3602658
3123071
3602658
3602658
2745094
3602658
3602658
3123071
2745094
3602658
3123071
3123071
3602658
3123071
3398651
491128
3123071
2249614
4132940
2212039
3602658
3018981
7456716
3412998
3602658
3602658
3602658
1206810
3018981
3602658
1630813
3864194
5333109
5333109
3602658
4852951
3123071
2212039
6262430
3602658
3602658
3123071
5333109
2650772
3123071
1779675
3123071
680195
1219558
3602658
4988123
3602658
6262430
6262430
3602658
5707648
3123071
3602658
3602658
2745094
1478423
8636545
2761120
3602658
1779675
582200
3602658
2563603
6220877
3123071
2745094
2745094
5333109
6308816
5333109
3602658
6262430
3602658
5273673
3022230
3123071
2483762
3602658
3602658
6397602
2882602
1779675
1206810
236336
3602658
3602658
3123071
6262430
6262430
2483762
8636545
4852951
2483762
3602658
2483762
3123071
3602658
1206810
2483762
1008084
5333109
4852951
3602658
3602658
7672481
3123071
801440
3602658
3602658
3602658
3123071
2212039
1011598
6262430
2059852
6220877
2745094
3602658
8467930
3602658
2359426
2520774
3602658
3018981
2650772
1478423
4154865
3123071
2483762
1478423
3602658
5333109
3123071
3602658
2086680
3593703
6262430
784816
6078373
3602658
1779675
1547432
3123071
3602658
5762772
1755902
1779675
3602658
4014595
3602658
7672481
6262430
4852951
2574925
3123071
2483762
671934
2574925
4852951
2745094
621203
3602658
2745094
1611664
2483762
3602658
2745094
3602658
6521869
2483762
4454380
2574925
3123071
3602658
3602658
1206810
2745094
2359426
6262430
1478423
2563603
3123071
3602658
6262430
3602658
2745094
6262430
5333109
3602658
3602658
2483762
2745094
2574925
3602658
3602658
1518465
3602658
3123071
6262430
8636545
5333109
3123071
5333109
2483762
3123071
8397499
3602658
1478423
3123071
2483762
3602658
2483762
2745094
2608269
2483762
5333109
2620376
3123071
760342
3360614
3602658
3123071
1854061
3123071
2483762
3602658
2745094
2745094
3602658
3602658
3602658
2709274
2175552
4852951
3216454
5333109
6262430
5333109
6262430
3123071
2574925
2483762
3123071
3123071
3602658
2138386
7672481
5333109
488976
6262430
3602658
4852951
3602658
6262430
3602658
3123071
7672481
8555149
3123071
5333109
3602658
7707224
3602658
3602658
1165662
6262430
3602658
2745094
3602658
1011598
1852532
6262430
1703697
3602658
3602658
1206810
6527395
3602658
157593
3602658
6262430
3123071
3602658
2650772
3593703
1131405
1171590
4961623
3602658
3123071
4852951
3000866
2745094
1023585
4852951
5333109
3602658
1424032
2574925
3602658
3602658
3602658
6262430
3602658
2574925
3602658
6262430
1675353
2483762
3123071
3602658
7310142
2574925
3602658
3602658
3602658
586587
3602658
2159891
2483762
3602658
2650772
2745094
671934
4135154
3602658
3602658
3602658
2086680
2577678
2321094
3602658
3602658
3602658
6262430
3593703
3602658
3602658
3123071
1779675
3602658
3123071
3000866
3602658
2574925
5333109
2745094
554745
5333109
3602658
2761120
5333109
1201791
4479988
592528
2483762
3602658
6263002
6262430
1165662
3602658
3123071
2249614
553573
4778327
2483404
3602658
3123071
5333109
3602658
3123071
3582812
2918972
7456716
2483762
1143035
2035411
1201791
6527395
2650772
1478423
4995912
3602658
1715754
3602658
2574925
3123071
2574925
6262430
820333
1703697
2212039
2620376
5441781
3602658
3602658
7707224
3602658
3602658
3602658
6262430
3602658
3602658
786726
3602658
6262430
3586433
2745094
3602658
6047237
1618432
188065
6262430
2483762
3602658
1779675
5333109
3908507
3225544
3602658
4344352
3123071
3123071
1165662
3602658
3123071
705687
4344352
1592943
2574925
2483762
2483762
3602658
4852951
4852951
1478423
3602658
7707224
7707224
3123071
5333109
1478423
3602658
3602658
3602658
3602658
2312530
3602658
2833385
6262430
7456716
3602658
3602658
2574925
3602658
3000866
3602658
2483762
3602658
3602658
3602658
3602658
3602658
613679
2563603
2745094
3123071
3602658
2745094
2524232
2586487
3602658
6262430
3123071
2586487
3602658
6262430
3602658
2574925
2574925
3602658
3602658
5333109
3602658
2279265
1703697
3602658
3602658
7203293
1779675
3602658
3602658
3586433
536603
3602658
6413281
7227066
3602658
7707224
2869759
3123071
1603803
3602658
6262430
2745094
2483762
2483762
1675353
5707648
3123071
6743160
3602658
2563603
3602658
2483762
3602658
3602658
2483762
3018981
3123071
4852951
2745094
5333109
5333109
3602658
4298011
2483762
2279265
463548
3123071
3602658
6262430
3602658
1978935
692907
1165662
3602658
3602658
1715754
2574925
3123071
6262430
3725521
2745094
2745094
6262430
1715754
3602658
1165662
3602658
2377974
6346078
1206810
3602658
3123071
2884775
7672481
3602658
6220877
3602658
3602658
1384241
3602658
3124726
6262430
1171590
4188680
3123071
5897412
3602658
5969697
3211753
3602658
1478423
6262430
783620
3018981
4852951
1165662
6262430
4749433
1703697
3602658
1155073
3602658
1383534
2574925
3602658
3123071
3602658
1715754
1715754
2745094
3602658
3602658
2321094
2279265
3602658
2650772
2761120
2745094
8219625
1206810
757435
2235036
4749433
3602658
762131
4852951
3602658
3602658
3602658
2765669
7625828
3602658
3602658
1715754
4615312
1779675
3602658
2745094
3602658
3602658
3602658
755638
3602658
3123071
1779675
3018981
3123071
4852951
1206810
2483762
2745094
4852951
3123071
3123071
3000866
3602658
3602658
3602658
3602658
3602658
1165662
3602658
4852951
3602658
3602658
2745094
3602658
3602658
7672481
3602658
2483762
6262430
3602658
3123071
6371102
1534565
3602658
776988
7290304
3602658
3602658
1221283
2359426
3123071
3602658
3602658
3602658
1593549
4852951
6262430
3123071
2010470
3123071
189355
6262430
5333109
6262430
2745094
7707224
6262430
2483762
8636545
3000866
3216454
7123548
670559
8636545
3602658
6262430
3123071
1655493
3602658
3123071
2650772
6220877
830060
3602658
7822760
3602658
1165662
1703697
2483762
2563603
4829178
2745094
2249614
3602658
1165662
2483762
3123071
6554440
2481127
3602658
3602658
2249614
5333109
7227066
803257
3123071
3123071
2577678
3123071
2745094
813335
1837951
2483762
3602658
3602658
2833385
820333
3593703
3602658
3602658
763104
3602658
3123071
2509893
783620
2745094
3602658
8636545
1000900
4978961
3602658
1478423
2483762
787569
6262430
3602658
5552278
3630279
2761120
2574925
2620376
3602658
2483762
3602658
8636545
2212039
3602658
3602658
2483762
3018981
3602658
3123071
3123071
3602658
1611664
3602658
1131405
2745094
3602658
5420892
6262430
4852951
3602658
6262430
3123071
3602658
3602658
3602658
2483762
3602658
390228
3018981
3000866
1478423
8636545
3123071
3602658
2483762
1598869
3602658
6262430
6262430
863182
1779675
2574925
3123071
2483762
3602658
2359426
1509992
3123071
4852951
3018981
4852951
1478423
3602658
3216454
3602658
7456716
3602658
5342040
3602658
2745094
1206810
3123071
3602658
3123071
3602658
3602658
2574925
3602658
3123071
3602658
3602658
4852951
3602658
4978961
2483762
1689591
2745094
5333109
1206810
488976
3602658
4852951
3123071
323369
3602658
2483762
6357717
171155
3602658
3216454
5333109
2483762
2483762
3602658
2483762
4852951
556782
3123071
4852951
3602658
3602658
4852951
2483762
3602658
4978961
5333109
3602658
1192307
2745094
2212039
3602658
2745386
3602658
5333109
3602658
3602658
3602658
2574925
7456716
2483762
3602658
3602658
3602658
2574925
2249614
3602658
3602658
2833385
371915
4298011
5333109
3123071
5876226
1011598
7707224
4852951
1779675
604443
3602658
3000866
2574925
3602658
3123071
3123071
3602658
6262430
1294305
3602658
3569482
3602658
5876226
3593703
2483762
3602658
3602658
3602658
3602658
1779675
692907
1551700
3721551
1478423
3602658
3602658
1715754
3123071
3602658
1219558
3602658
5333109
3602658
4852951
1219558
3123071
63252
2483762
6130509
3602658
1779675
3602658
1206810
6262430
3602658
3602658
3602658
3006186
5707648
2586487
3602658
3602658
2574925
6262430
7672481
4978961
2259715
3602658
3602658
612109
801440
5333109
6262430
2495802
3123071
4749433
3602658
2586487
2483762
3123071
3602658
6262430
6262430
879680
2212039
6262430
3123071
1143035
3602658
3123071
3602658
1478423
3602658
2483762
3602658
1585501
1779675
5978134
2563603
2586487
6262430
1779675
882584
3602658
538445
3602658
1585501
5333109
3123071
2745094
2745094
3602658
3602658
3602658
4031636
3602658
6262430
1969463
7625828
2035581
2882602
2882602
3602658
5135000
8636545
3123071
3593703
2249614
1510518
879680
1715754
6262430
6262430
2574925
2212039
6262430
2483762
3602658
2483404
6263002
5333109
3602658
3602658
3123071
2483762
3123071
1171590
2279265
3602658
2483762
5377308
3529365
8636545
5333109
3123071
2620376
2745094
6262430
1206810
762131
3123071
7227066
3123071
3602658
3593703
1337120
3602658
3602658
3593703
3602658
2279265
4928277
8636545
1551700
3602658
3602658
2650772
3602658
3602658
6262430
3602658
6262430
3602658
3602658
1165662
6262430
3207499
5333109
59632
3123071
592528
2574925
2483762
3123071
3123071
5420892
820333
8636545
3123071
3602658
3593703
3123071
2620376
3602658
1219558
3602658
3602658
2212039
3602658
1715754
3602658
3864004
3602658
1715754
3602658
6262430
2483762
5333109
2745094
762131
3602658
3123071
2483762
3123071
1295705
4154865
1644200
5333109
2574925
3602658
3123071
3602658
2231111
2620376
3602658
3123071
2359426
1206810
3602658
3602658
1593549
1219558
2745094
1206810
3602658
3123071
3018981
3602658
5475781
1383534
6262430
1294305
3602658
3602658
2483762
5707648
2483762
316277
6262430
2574925
6262430
1360859
4797682
3602658
3123071
2279265
3000866
3602658
4479988
2745094
7672481
3123071
3123071
2650772
4852951
3593703
3602658
1665665
2574925
3602658
2088209
3123071
3602658
3123071
3602658
3602658
1715754
1779675
4454380
3123071
2745094
6262430
2563603
6262430
1295705
3602658
4749433
3602658
604443
1551700
3602658
6262430
2745094
5603797
6262430
3602658
3602658
666605
2745094
3918379
3289367
3602658
4852951
1715754
7290304
3602658
3602658
3123071
3602658
3602658
7712498
2745094
3018981
608646
6262430
3123071
3602658
2650772
843985
3602658
3602658
3602658
3602658
3602658
6262430
2483762
3123071
1165662
762131
1219558
3602658
4615312
2249614
3602658
7483761
354334
3123071
899797
1383534
5333109
4948238
4615312
1165662
3123071
5028435
1715754
3602658
3593703
3602658
1547432
7249391
2483762
1779675
776703
2483988
6357717
6262430
2574925
4852951
3602658
3602658
1779675
3602658
6262430
3602658
3602658
3602658
4152265
6262430
6262430
3602658
3602658
3123071
3602658
1990695
6262430
4852951
2745094
1206810
1801112
2483762
3602658
2745094
3602658
432029
6262430
2574925
3602658
4154865
7707224
6262430
3602658
1964596
2574925
3123071
3602658
3602658
3602658
3602658
2483762
7795007
2359426
3602658
3123071
3602658
3602658
2483762
1847406
592528
3123071
3602658
1689591
608646
8423492
3123071
8555149
3602658
2483762
3602658
4707880
3123071
3123071
2483762
2586487
3602658
3602658
2483762
3123071
5333109
3123071
2483762
5681534
2586487
6262430
2483762
2586487
2212039
7707224
3211753
1546436
3018981
3123071
3123071
2574925
3123071
1478423
3602658
3602658
3602658
3123071
3602658
5333109
2650772
2745094
2212039
6262430
5756103
3123071
1715754
3000866
2574925
1165662
2869759
3602658
3123071
3123071
3123071
893139
2574925
2574925
6262430
2650772
2369912
3602658
3602658
2483762
5333109
1422243
3602658
393502
3602658
6721697
6072772
2745094
2650772
3602658
3602658
3602658
3602658
1225471
3602658
3602658
2388127
1847406
2483762
3123071
6262430
3602658
2833385
7707224
3076420
3602658
6262430
1478423
6252177
2574925
3602658
3602658
3602658
3123071
2745094
899353
2483762
6262430
3602658
4852951
3123071
1779675
3602658
2745094
3602658
5333109
3602658
2483762
3602658
3602658
3123071
3602658
2852939
3602658
3602658
564481
3602658
3602658
3123071
3018981
1143035
2745094
432209
2574925
3602658
4852951
3602658
795975
3123071
2058398
3123071
6262430
5603797
3602658
6262430
3602658
3602658
3123071
2483762
5333109
3635492
758944
896870
557418
3018981
3602658
6527395
3602658
2483762
3602658
6262430
3018981
3602658
1115776
3602658
3602658
1779675
463548
2745094
2249614
2483762
3602658
3602658
1165662
2882602
3602658
2574925
3602658
3602658
3602658
4135154
3602658
3602658
3602658
4749433
7456716
3018981
2650772
3602658
643092
2020720
2483762
6262430
3123071
3602658
3883730
2745094
4183022
3123071
7123548
1219558
2212039
2249614
1969463
5333109
3602658
3602658
2745094
3123071
3211753
3123071
2212039
3602658
4852951
604443
3602658
3602658
2802919
3123071
3602658
1551700
4787625
1206810
3602658
7227066
2483762
3602658
4948238
2574925
3602658
3123071
3602658
3602658
1295705
2483762
3602658
935152
5333109
4410832
1000123
3123071
2745094
3602658
8636545
3602658
2559708
3602658
1171590
1779675
2483762
3123071
3018981
2027963
3602658
3602658
7707224
2359426
2761120
3602658
2802919
3602658
2745094
3602658
3602658
2620520
2483762
6262430
3000866
3602658
3602658
3123071
489006
5333109
3602658
3602658
3602658
7707224
3602658
3602658
6262430
1219558
2563603
3602658
2586487
2483762
4852951
3602658
898954
3123071
6262430
6262430
1715754
3123071
6262430
3602658
3018981
2650772
3602658
2483762
3602658
8636545
2483762
6262430
3602658
2483762
7712498
3602658
2574925
4216068
3602658
3602658
6262430
2359426
3602658
8220393
2346547
3123071
3602658
1478423
3123071
5333109
3602658
3123071
3207499
1964596
3602658
3304328
2745094
3745324
3602658
2574925
3602658
3602658
1585501
3602658
1206810
3602658
3602658
1107118
2483762
5333109
5333109
3602658
7822760
3602658
1165662
6220877
1295705
3602658
3602658
3123071
3368690
1143035
8636545
5417539
3602658
2745094
2483762
2745094
3602658
3602658
1011598
3602658
3602658
4852951
3000866
3602658
5333109
1478423
1759195
3123071
3602658
592528
1531850
3602658
3602658
2279265
6262430
1089121
1206810
2483762
1703697
3123071
3602658
4852951
2586487
3602658
3602658
3602658
7536789
4014595
3123071
3123071
2279265
783620
2483762
6639161
3602658
3123071
3123071
762131
3123071
3123071
3018981
2483762
2212039
3602658
3018981
3602658
3602658
5897412
3123071
3123071
3123071
3602658
2279265
5002118
5135000
3602658
1165662
6262430
2574925
541352
3602658
2745094
3602658
5333109
2882602
3602658
2745094
6262430
3602658
3018981
2377974
2483762
2483762
3602658
2483762
3123071
1478423
3602658
3602658
7227066
3602658
6262430
6262430
2279265
3602658
1165662
7707224
8636545
6607468
6262430
3123071
863182
3602658
2761120
535619
2279265
1551700
3123071
6262430
4298011
899353
4852951
3123071
3602658
3602658
2882602
1295705
1847406
2586487
3018981
3602658
3602658
2745094
1611664
2483762
6721697
3123071
2745094
1779675
2483762
3304328
3123071
3123071
2483762
7456716
3602658
4988123
3123071
7227066
6285199
2745094
6262430
3123071
3602658
2586487
2574925
8487303
4852951
3602658
3123071
7123548
1059280
2574925
2279265
1155073
2279265
3602658
3123071
2088209
2483762
2249614
7227066
2483762
6397602
3018981
2483762
2097520
2574925
3602658
6262430
2797741
3602658
3602658
3123071
3000866
5428396
3602658
3602658
3602658
3000866
3123071
539642
2483762
3000866
2745094
3593703
1779675
254442
6262430
8351594
3602658
5333109
4852951
3123071
3602658
6342056
2888532
3123071
3602658
1295705
3123071
6262430
3602658
2212039
3602658
2956779
2105051
2761120
3602658
3602658
820333
2483762
2574925
1715754
6262430
6127310
6263002
3602658
3412998
3000866
3602658
6262430
1478423
3018981
3123071
6262430
1111000
2745094
3123071
3602658
1715754
2574925
2279265
3602658
3123071
1675353
3602658
6262430
6262430
3602658
3602658
2574925
2574925
1837951
3602658
1165662
3602658
2312745
3602658
3602658
6262430
1703697
3602658
2574925
3602658
4852951
3602658
1620479
3602658
2650772
4852951
5333109
3123071
4829178
2483762
3602658
556782
2745094
3602658
7194531
3123071
6262430
5333109
3123071
1219558
3602658
2043262
3123071
2563603
4829178
2586487
4852951
3123071
2586487
3602658
3000866
4852951
1551700
5333109
3490316
1817214
1534077
1187622
3602658
3602658
4479988
2086680
3123071
3602658
468235
2483762
3123071
3602658
1755902
3602658
3602658
8219625
2483762
5333109
4707880
1206810
1551700
1715754
2574925
2745094
6262430
3018981
1715754
930253
3602658
3602658
2483762
2483762
8398233
3123071
1219558
2483762
3602658
671934
8636545
3123071
2483762
55591
5333109
3602658
3602658
4852951
3998132
2574925
3998132
1620479
2483762
7227066
3123071
3602658
5333109
6584419
5177229
2483762
3602658
1219558
3123071
8636545
2027963
7116794
3602658
3602658
3602658
8636545
3602658
7707224
2237818
1779675
3602658
3602658
1861681
3602658
3602658
3123071
2212039
1551700
1219558
3602658
2249614
3602658
3602658
3602658
592528
3602658
3123071
454743
3602658
3602658
3602658
3123071
3602658
3602658
2483762
3123071
3602658
5333109
1703697
7707224
3602658
1837951
4703007
3602658
613679
3602658
331858
2563603
3123071
4568152
3602658
2745094
3602658
3602658
7441524
707645
2982045
3602658
7672481
1598869
3123071
3602658
6262430
3602658
2982045
6262430
3123071
3602658
2483762
2483762
3602658
3602658
8636545
2745094
2483762
1211583
6262430
2586487
6262430
1219558
1478423
2745094
6357717
1155073
6262430
5291556
6262430
1703697
2453476
2483762
4995912
6023464
5333109
670559
3627585
5897412
3602658
6371102
7712498
3602658
3123071
1295705
3602658
2745094
3602658
1478423
1779675
3602658
720387
3602658
3602658
3225544
2483762
4454380
2279265
3602658
2650772
1703697
3602658
5273673
2086680
4454380
6262430
3123071
3602658
3123071
3123071
2745094
3602658
3602658
3006160
2483762
3602658
3602658
1478423
3602658
6187473
3123071
3593703
2761120
1171590
3123071
2483762
3123071
3602658
2563603
3602658
3602658
3602658
3289367
3602658
3602658
6262430
2483762
2574925
8636545
5154803
2483762
6262430
3123071
1847406
3123071
3602658
4852951
3602658
2279265
4749433
2483762
5333109
5333109
5333109
2483762
1703697
1383534
3602658
2279265
3630279
8636545
4282944
3593703
4282944
2574925
1445839
2745094
3123071
5333109
3602658
3000866
3602658
3123071
3602658
1747577
1187622
3602658
3123071
6262430
2483762
429739
3602658
6262430
3602658
2574925
3123071
1779675
3602658
4961623
4049640
3602658
1611664
3602658
3602658
3602658
1779675
2483762
2483762
2483762
3123071
2282991
3123071
2483762
2483762
1715754
3602658
101593
3602658
6262430
3123071
2409302
3123071
3593703
4995912
3123071
3602658
2566876
1219558
3602658
6262430
6262430
2586487
3123071
1206810
7227066
6357717
3123071
3602658
2745094
3602658
2745094
3602658
2483762
1969463
2620376
3602658
5333109
4852951
4852951
4852951
3602658
2483762
2888532
3669359
3602658
3602658
7672481
3123071
1779675
3602658
5333109
2595328
240601
1747577
3602658
3602658
6263002
2745386
1062328
3593703
2483762
3998132
3602658
3602658
3602658
1206810
1675353
1779675
3602658
2745094
5716438
2586487
3602658
3123071
1757102
2483762
2483762
1295705
3602658
3602658
3602658
6262430
1715754
2483762
3018981
3602658
3602658
3123071
2212039
2483762
3602658
4615312
526989
3123071
1990695
3602658
3602658
3602658
3602658
3602658
5664668
5333109
2483762
4852951
3602658
3602658
3602658
6262430
3000866
1206810
3392387
3602658
1206810
4778327
1715754
3018981
646774
2761120
6262430
3602658
7707224
3602658
1187622
6262430
3123071
3602658
6262430
1234426
1424032
2249614
2574925
1779675
6262430
3602658
2586487
3602658
3602658
3602658
5762772
2574925
3602658
3602658
1295705
3602658
2574925
7116794
6262430
2483762
1478423
3123071
3123071
3602658
6262430
4852951
3018981
1295705
2483762
2745094
3123071
3602658
3123071
3602658
3123071
3602658
2745094
3123071
3602658
3602658
1478423
2559708
3123071
1206810
3998132
3123071
3123071
3630279
4372984
3602658
3123071
1779675
3602658
648033
8636545
3602658
2249614
3602658
2483762
2574925
3602658
2279265
1801112
1779675
2483762
3000866
4154865
8636545
3602658
3602658
654161
3602658
3602658
1206810
5441781
2483762
1547432
7456716
2563603
2086680
2745094
1547432
2483762
3404901
3602658
2574925
1779675
3123071
2483762
2483762
3602658
3123071
2483762
3602658
4568152
3602658
3602658
3602658
3123071
3602658
3123071
127117
3602658
3602658
3602658
3602658
3123071
5333109
3123071
5468281
1219558
3123071
5615382
2483762
2483762
3602658
2745094
3602658
3602658
3602658
6262430
1478423
3123071
6262430
7672481
3602658
2483762
4858105
2483762
1715754
2745094
3602658
3123071
1779675
1779675
3123071
604443
3602658
3123071
3602658
4852951
3602658
2033742
2745094
3602658
3602658
2745094
700758
2249614
3602658
6527395
778238
3221338
2175552
3123071
1779675
2761120
5839912
8467930
3602658
6262430
3123071
723594
3602658
2745094
3602658
6262430
3602658
1165662
3602658
3123071
5321444
2650772
3602658
6262430
1155073
3602658
2563603
2761120
3123071
3602658
3602658
5333109
7456716
2483762
2483762
2483762
3182974
6636690
3602658
2563603
3602658
837955
2279265
2483762
2483762
1206810
3602658
3602658
6262430
2483762
1675353
3123071
3123071
3123071
2745094
3602658
3123071
4479988
5333109
538445
5839912
7227066
3123071
6262430
1219558
8636545
2279265
3602658
6262430
2650772
5333109
3602658
3602658
2620376
2162833
2483762
3602658
1211583
6262430
3602658
3593703
1206810
6262430
3602658
3602658
2650772
2359426
3602658
3602658
2745094
2483762
4852951
1062328
8636545
6262430
3123071
5707648
1165662
6262430
1192307
2483762
571661
1196840
3602658
2287384
8636545
3123071
6371102
3602658
3602658
3059433
3123071
2586487
3602658
2483762
3123071
3123071
3602658
3602658
987808
3602658
3602658
6357717
1779675
3593703
3070509
3602658
3602658
4844720
4852951
3602658
2212039
6262430
3602658
2483762
2483762
3602658
1171590
2745094
3602658
3602658
3602658
3602658
3602658
4852951
3602658
3018981
3602658
4852951
1478423
6262430
7640539
3123071
3602658
2574925
1562887
2321094
3602658
6239229
3602658
3602658
3602658
5441781
3123071
6990955
3602658
3602658
6262430
4479988
3123071
1852532
3602658
3602658
6721697
3602658
4852951
5333109
3368690
2113771
4506796
5420892
3000866
3602658
3395437
1703697
1143035
3123071
2359426
6262430
3602658
3602658
5333109
2574925
8636545
3602658
3602658
3602658
1206810
3123071
2483762
3123071
3602658
5333109
3602658
3602658
1234426
2745094
5428396
6262430
6262430
2574925
3602658
3602658
401606
6262430
3123071
2833385
3123071
3602658
3123071
6262430
592528
3123071
1715754
3602658
2563603
3216454
3123071
403525
1219558
3602658
7306891
6262430
3602658
2483762
3602658
6262430
3602658
1551700
3123071
6262430
3602658
1847406
784816
3602658
3123071
2483762
2483762
1979229
3292961
3602658
1689591
1219558
2212039
3018981
5333109
3602658
2483762
3123071
3123071
1715754
3602658
6262430
2483762
3602658
2989058
6262430
3602658
3602658
3602658
3602658
4565588
2574925
3602658
1258739
2745094
964775
3602658
6262430
3602658
2586487
3602658
3602658
3602658
6262430
2650772
3123071
1302497
3602658
5135000
3000866
6527395
6262430
2483762
6262430
5333109
3123071
1295705
6262430
1333567
3123071
1206810
1779675
2279265
3602658
6262430
4132940
2650772
8250341
2574925
7306891
3602658
3602658
2483762
5544633
1155073
3602658
1661535
3123071
2978054
2761120
3602658
3123071
3602658
1689591
3602658
2279265
4749433
6187473
786726
3602658
6397602
3602658
3123071
715197
1206810
1165662
1206810
3602658
1689591
2745094
2279265
1201791
6262430
2745094
3602658
3123071
5333109
4852951
3123071
2483762
4749433
2483762
5468281
4147754
2882602
3602658
8636545
6262430
5333109
3602658
3059433
3602658
2761120
2249614
2483762
2574925
5333109
4811398
3353623
1206810
6262430
3602658
3602658
4154865
5441781
3602658
3602658
6262430
3123071
3368690
3123071
3602658
3158027
5333109
3602658
5333109
3602658
436478
1219558
2212039
3602658
3602658
2745094
6262430
2787595
3123071
4852951
1593549
3602658
3018981
3123071
3602658
8636545
946084
3123071
2088209
3602658
6262430
2483762
3123071
3602658
7234813
3018981
8487303
7795007
3602658
785155
3602658
2279265
3602658
5544633
2563603
4852951
3018981
4852951
3602658
3602658
3602658
2372622
2483762
3593703
3602658
4749433
2483762
3602658
3602658
1083048
3123071
6220877
3602658
3602658
6262430
3602658
3123071
2574925
3602658
4749433
3602658
3602658
3602658
3123071
3123071
3123071
3602658
6262430
3000866
1779675
2745094
6262430
3123071
4154865
3602658
3602658
3602658
3602658
2574925
2574925
3123071
3602658
3000866
3602658
2223916
2211842
3602658
3602658
3602658
1551700
3018981
2483762
2212039
3602658
3338108
2802919
3602658
3450326
3593703
2761120
3123071
3123071
4852951
2974803
3123071
3602658
6262430
1471207
6423913
3602658
3123071
2483762
5893018
2745094
5468281
3123071
1969463
3123071
3123071
3123071
4154865
3123071
8636545
3602658
3123071
3018981
4852951
1715754
2745094
2483762
1779675
2483762
4961623
6527395
3123071
2483762
1295705
3602658
8636545
6262430
918825
236336
4852951
3602658
2483762
5333109
7672481
3123071
2175552
3602658
1116037
6262430
3602658
2483762
345034
3602658
2287339
1427455
3123071
3602658
2745094
2279265
3123071
3602658
8636545
3602658
3602658
2745094
3602658
2745094
3602658
5468281
3123071
3602658
2086680
8636545
2483762
2761120
1689591
3123071
776988
2312745
6265210
6262430
1478423
6262430
2745094
8636545
2586487
8220393
6262430
2888532
3602658
3602658
3602658
2483762
1547432
217814
3449489
2483762
3123071
2483762
2483762
1689591
3602658
1052462
3602658
3602658
3123071
1165662
2279265
2574925
3123071
1715754
3602658
1295705
2483762
3602658
3602658
3602658
3602658
3602658
7123548
4749433
3602658
7538609
3602658
3602658
3602658
3602658
7707224
3602658
2417522
7123548
1234426
2483762
6262430
2650772
98051
1547432
4948238
3602658
3602658
3000866
3123071
3602658
1004657
2279265
3602658
1949300
1703697
2745094
3602658
4852951
6262430
3602658
2745094
3602658
1171590
8636545
2586487
1478423
1715754
3123071
3602658
2279265
3602658
6262430
3602658
6262430
3593703
3602658
3123071
6300114
2483762
3602658
3602658
2745094
6866409
3602658
3602658
2745094
4852951
3123071
3602658
7123548
2745094
1779675
3123071
3123071
4003852
3018981
2745094
7306891
6357717
1023796
4749433
3602658
2282991
3602658
3602658
8592997
1964596
3602658
4852951
1478423
2745094
2745094
653583
1234426
1165662
2483762
2483762
2279265
1715754
3018981
5333109
3123071
3602658
3602658
1478423
3602658
3602658
1403119
5333109
3123071
3593703
2650772
3602658
2483762
786726
4852951
2279265
2279265
742387
2212039
2483762
6262430
3123071
3602658
3602658
3123071
1813123
5333109
5544633
6397602
1023796
6262430
3000866
3602658
604443
3602658
1089121
6262430
1958727
3123071
3123071
1715754
3602658
3123071
6743160
548098
3602658
3602658
3602658
1478423
2745094
3602658
3123071
3602658
5333109
6371102
553962
3602658
1237198
2483762
2483762
3602658
1295705
2483762
7249391
1478423
2483762
6262430
6262430
2483762
3602658
3602658
970714
6262430
2745094
3123071
3602658
3602658
3602658
2483762
2563603
6262430
3602658
983641
2249614
3123071
3602658
553548
3602658
3602658
2483762
3602658
3602658
3602658
3602658
5333109
6262430
3602658
1171590
4936027
3602658
7014013
3602658
3602658
6262430
3602658
2483762
6262430
6262430
4454380
2574925
2563603
3602658
1165662
1562887
3602658
1715754
2563603
3602658
1478423
3602658
4084210
1969463
3602658
245732
3602658
3602658
3602658
6262430
3123071
2359426
3602658
3602658
3602658
3602658
6262430
2745094
3602658
646725
3602658
3123071
2483762
3602658
244533
3602658
1447184
3123071
3602658
3602658
2833385
8636545
3123071
3018981
3602658
208693
4852951
2745094
3602658
1062328
2483762
3602658
1779675
2620376
688562
2483762
3602658
1852532
2474251
3602658
1983511
3123071
6262430
3602658
2745094
5544633
3602658
3602658
2483762
1689591
6342056
3602658
2650772
2483762
3123071
6357717
2745094
6262430
3602658
3602658
7483761
2483762
3602658
1779675
1478423
2483762
7707224
3602658
3602658
1221283
3602658
1443250
2889942
3123071
3602658
1478423
1424032
1715754
3123071
762131
3018981
1779675
3602658
3602658
4066591
2745094
2483762
3602658
2279265
3602658
1990695
7234813
4852951
6262430
3602658
2483762
3593703
2279265
6262430
8636545
7672481
3593703
3602658
3602658
3602658
4852951
3123071
3182974
3602658
6262430
3123071
2483762
3602658
3123071
3123071
2483762
5333109
3602658
6262430
4852951
3123071
2483762
1970778
5428396
3123071
4282944
3602658
653583
3602658
3123071
1219558
5333109
3123071
3602658
3123071
3123071
5333109
5333109
4282944
970714
2745094
3461779
3602658
1715754
1206810
3593703
6262430
6262430
1089121
1703697
4749433
1779675
3123071
3461779
8636545
495206
2359426
3602658
1551700
5333109
4829178
3123071
1090876
3602658
2279265
3602658
1779675
3000866
1779675
2574925
6262430
3602658
680195
2650772
3602658
2745094
3602658
3018981
3602658
7227066
8636545
6262430
1779675
3602658
2833385
1424032
970714
3412998
2279265
3602658
7227066
2574925
3602658
2740038
6047237
5943719
3602658
3602658
3123071
2359426
3602658
1969463
3602658
7145670
3018981
2574925
1478423
2483762
2483762
3602658
4154865
3602658
8370845
2279265
377495
2745094
2620376
6220877
3602658
3602658
3602658
3602658
3123071
2797741
3602658
2483762
3123071
5333109
2483762
3602658
2483762
3602658
5333109
2563603
3746096
3602658
1171590
3123071
2483762
3123071
2483762
4829178
1361854
2086680
6262430
2745094
3123071
3602658
3123071
3602658
3602658
2483762
2745094
3123071
3123071
3602658
3602658
2785014
554745
3602658
3602658
6743160
1847406
3602658
6303019
3018981
4749433
3602658
3602658
2620376
3123071
4147754
3602658
3602658
7227066
3602658
2483762
2650772
3602658
5273673
3602658
3602658
3602658
3123071
801440
2745094
7072107
690165
3602658
3225544
2650772
2483762
2483762
3602658
577223
3722009
3602658
895216
1171590
2249614
3602658
6262430
6262430
2574925
5273673
1703697
2745094
5333109
3123071
473666
5333109
5333109
2483762
2574925
3602658
3602658
3602658
3602658
6262430
2586487
2563603
2745094
7672481
3602658
3602658
750009
3602658
3602658
895157
3602658
5428396
235477
2249614
1219558
6262430
1755902
3602658
535619
4852951
1083048
2483762
6220877
1620479
2586487
3602658
3602658
1052462
3602658
3123071
3123071
2745094
1847406
2483762
3123071
3602658
3123071
2745386
6262430
3000866
1107118
5333109
2745094
5333109
3602658
6262430
2745094
4298011
1206810
1206810
6127310
2483762
3602658
2483762
2483762
3123071
2557281
6743160
2745094
3602658
3602658
5420892
6262430
3602658
1206810
3018981
5333109
3123071
3602658
3602658
3602658
3216454
527752
2483762
1478423
1640129
8017670
3123071
1478423
1478423
1219558
7227066
3602658
370505
6262430
3043425
3123071
3602658
1847406
3602658
3123071
4749433
2483762
3123071
3602658
3602658
1165662
4995912
6262430
3602658
4858105
488976
3602658
2249614
2586487
3602658
2745094
2212039
3602658
1219558
8636545
6262430
3602658
1171590
2321094
4829178
3602658
3602658
3602658
1593549
2249614
3123071
3602658
8636545
3602658
3123071
5333109
330653
3602658
2574925
3602658
3602658
3593703
3000866
2745094
3602658
1383534
1143035
2745094
6371102
2483762
5333109
3602658
3602658
5333109
3602658
3602658
2745094
6371102
4829178
2574925
3602658
3602658
5943719
1165662
1116037
3602658
1547432
3602658
3602658
1611664
3229027
2563603
3123071
2315014
1206810
2745094
1529081
3602658
538445
2483762
6320070
2483762
8636545
3602658
2745094
4749433
3123071
3602658
8636545
2483762
5845034
3602658
1206810
3602658
564481
3602658
3123071
3602658
3602658
1703697
8636545
3602658
3123071
3123071
3251207
7227066
3602658
1122405
6262430
2745094
2483762
3602658
3602658
2745094
3123071
2586487
3602658
3123071
1715754
3602658
3602658
3602658
3123071
3602658
2563603
3602658
3602658
3602658
2745094
7227066
2483762
1143035
2483762
3602658
2483762
3947224
5333109
3602658
3602658
6262430
3602658
1143035
2321094
3602658
3602658
3602658
3123071
3602658
3602658
3593703
3602658
3602658
3602658
6262430
5333109
3602658
3602658
3123071
3602658
3602658
3602658
3123071
3602658
1219558
1779675
3602658
8636545
1779675
1208510
6371102
1478423
3602658
2483762
3602658
3123071
3602658
3602658
2359426
2483762
3602658
3602658
1221283
3602658
3593703
2483762
2483762
3602658
2586487
3602658
2483762
6357717
206568
3123071
8636545
3602658
3593703
2574925
2574925
740725
2212039
2483762
3602658
1562887
920693
464131
8636545
3123071
2359426
3123071
1062328
1779675
2620376
546392
3602658
1715754
2483762
1715754
3602658
1206810
6527395
2745094
3602658
6262430
3602658
2430686
2745094
1143035
3602658
2483762
5494224
1969463
2745094
3602658
1171590
2563603
3602658
2483762
1689591
6262430
6262430
2574925
2483762
3602658
1655493
1715754
3602658
2574925
2359426
2483762
8636545
4298169
8636545
2620376
6262430
3602658
3602658
5333109
3602658
2359426
3602658
3123071
7707224
1221283
3602658
2249614
3602658
3123071
3602658
3602658
1689591
2483762
4852951
2483762
2483762
2483762
6262430
934043
3018981
4852951
2745094
2483762
6262430
586587
907049
3602658
2563603
3602658
3123071
613679
3602658
2745094
3602658
2574925
2745094
4018894
1219558
6262430
3683093
1689591
2321094
4852951
3123071
2563603
3602658
2483762
1689591
3602658
2574925
3602658
2483762
2483762
2574925
3602658
3490316
3602658
5333109
4749433
3602658
3482915
692907
3602658
6262430
3123071
732215
3123071
3602658
8636545
3602658
6262430
3602658
5943719
1571263
3602658
3602658
3602658
1737809
3602658
7456716
3123071
4749433
1165662
2483762
3602658
3018981
3123071
5333109
801440
1551700
7183518
6262430
3602658
3602658
3602658
670559
1978935
4852951
3123071
3602658
5333109
3602658
3123071
4454380
1592943
3602658
6262430
6262430
3602658
2359426
8636545
3602658
6262430
3602658
3602658
6262430
3123071
1165662
3602658
3123071
3602658
3216454
4852951
3602658
1011598
1779675
1478423
2212039
465874
1689591
5876226
2586487
3602658
3602658
1861681
2483762
2745094
3018981
6262430
3123071
2563603
3602658
2574925
3602658
3593703
3602658
2978054
2802919
3123071
3123071
4852951
3123071
3602658
3123071
2833385
1165662
3593703
2574925
5333109
3123071
3602658
3602658
3123071
1215589
3602658
2989058
3602658
2650772
2279265
2483762
899797
2483762
1219558
3602658
1759195
3602658
3602658
513770
465874
3123071
2483762
3123071
4066591
1219558
3123071
2483762
3602658
2745094
3602658
1620479
2586487
3602658
1165662
3123071
2633716
4615312
3123071
3602658
2483762
3602658
4132940
3602658
1715754
3602658
2745094
5333109
2745094
3602658
1779675
6262430
3593703
3602658
2574925
3602658
3123071
2650772
3602658
3602658
3211753
3602658
4852951
7306891
1206810
3123071
3602658
3602658
2650772
3602658
4749433
3602658
5333109
490790
1675353
286305
5291556
3123071
1250519
3216454
325122
3123071
3602658
2745094
2279265
3602658
1909521
3602658
2279265
4852951
6262430
5876226
2574925
7456716
6262430
3353623
2574925
6262430
505598
5333109
5662628
5428396
2249614
6371102
3602658
3225544
6389865
3602658
3602658
6262430
1143035
3602658
3123071
2745094
2586487
3123071
7353234
3588825
3207499
5333109
3602658
2745094
2745094
3123071
2563603
2586487
2483762
999404
1206810
3123071
2483762
1165662
3602658
4852951
3602658
1221283
564481
2483762
1779675
6220877
2745094
3602658
1779675
3123071
6262430
3602658
2833385
3602658
4282944
5412735
4852951
3602658
6262430
5333109
2563603
3602658
3602658
2761120
3602658
3593703
3593703
1171590
3602658
2483762
1295705
2249614
2563603
3602658
3602658
6262430
1219558
2745094
4372984
3123071
3602658
6262430
3123071
3602658
8636545
2279265
2483762
5333109
3602658
2745094
372919
295645
3123071
2586487
2978054
6371102
3602658
2563603
3468451
1187622
1715754
3602658
3602658
1219558
3123071
2212039
3602658
4852951
3123071
3602658
3123071
2211842
3602658
3602658
3123071
7707224
2483762
3602658
2563603
4852951
8636545
3602658
4995912
5333109
6047237
6262430
3602658
2059852
7306891
930253
2745094
2321094
3593703
2745094
3602658
3602658
2563603
2745094
5135000
3602658
1585501
2745094
1171590
2833385
3602658
1206810
3602658
4978961
8555149
3000866
1165662
6262430
3602658
2745094
2483762
3602658
3123071
3602658
1206810
6262430
3602658
3602658
3018981
3602658
3304328
2483762
7707224
2745094
2483762
3602658
1143035
1779675
3602658
3602658
2483762
3123071
3602658
5428396
6262430
1689591
2279265
2574925
3602658
3602658
3289367
4852951
3123071
3602658
8636545
3602658
1974816
3602658
1165662
6262430
3602658
2321094
3123071
3602658
8636545
2279265
2483762
3602658
3602658
3123071
2745094
3593703
1011598
3602658
2097520
3602658
3123071
5333109
3602658
3602658
3070509
3602658
2483762
3602658
2574925
6721697
6262430
2212039
298701
3602658
52064
6262430
3602658
2321094
6262430
2279265
605503
3123071
2745386
3602658
7672481
3123071
4749433
3602658
1755902
6220877
2745094
3593703
2745094
1219558
3593703
7672481
6262430
4085248
4852951
5707648
1703697
3602658
5831422
2279265
2745094
1171590
3602658
6262430
2745094
5468281
4852951
2881236
3602658
1779675
3602658
3602658
2620376
1111000
2483762
1294305
1551700
1858793
3602658
2586487
1206810
3602658
3602658
6262430
2745094
1747577
3602658
5707648
3602658
3602658
3216454
3123071
2483762
3602658
7194531
1206810
168223
3602658
3602658
2586487
1553148
2483762
2745094
3602658
538445
7311406
2279265
3602658
3593703
3123071
1171590
2483762
3123071
1958727
3602658
3123071
5439291
2563603
3602658
2483762
1131405
5367792
326996
3018981
3123071
3602658
3602658
3602658
2212039
5333109
2574925
564481
3018981
3602658
3018981
1221283
3602658
6262430
3000866
3123071
3123071
5333109
3602658
3123071
3123071
4852951
3602658
2745094
3602658
2650772
2620376
3123071
3602658
3602658
1779675
3602658
3602658
2212039
2483762
587965
4276014
3602658
2745094
5707648
742387
3602658
3602658
3602658
3123071
6303019
2586487
2483762
2745094
1206810
2745094
3018981
3602658
2745094
3059433
3602658
3123071
3123071
3602658
720689
3602658
3123071
3602658
5333109
3123071
6262430
4454380
1703697
3602658
3602658
3123071
3602658
2212039
3602658
2483762
3602658
3602658
3602658
1143415
3602658
1165662
5333109
564481
3602658
6309763
3251207
4852951
6442432
3123071
2474471
3018981
6262430
1852081
2745094
1620479
3602658
2586487
7625828
3000866
8370845
3602658
6262430
670559
3602658
7590457
1201791
3602658
3602658
3602658
3602658
3593703
1478423
3602658
2563603
1640129
5273673
3602658
2745094
2483762
3602658
3602658
4852951
3602658
3289367
3602658
3602658
5420892
3123071
3602658
3018981
389862
6262430
2212039
1478423
2249614
1963860
690165
3123071
7227066
2745094
3602658
3602658
1478423
3602658
8555149
3602658
3602658
3123071
5333109
3602658
2483762
2745094
2926090
2745094
1219558
801440
2833385
5542374
1206810
8636545
6262430
3123071
2574925
3602658
3006160
3602658
5673172
6220877
2483762
3602658
2577678
2483762
3602658
2483762
3123071
1747577
3602658
3602658
2264652
3602658
8636545
2785014
6527395
3602658
3123071
3602658
3602658
3602658
2650772
6262430
3123071
2121142
4749433
2483762
6262430
723594
3602658
5785052
2086680
1703697
1478423
2745094
7227066
2483762
3602658
3602658
6241539
6262430
5428396
3602658
3123071
3602658
4852951
3602658
3123071
3602658
6961757
3123071
4282944
3289367
1206810
920693
1703697
3602658
2097520
3602658
3123071
4852951
3602658
3602658
3602658
6743160
3123071
6262430
3602658
3602658
3602658
1551700
3602658
6262430
762131
5333109
1703697
4154865
3211753
3602658
3602658
3567910
2483762
2483762
6262430
3216454
2620376
1779675
3602658
2312745
4154865
3602658
1478423
3602658
2359426
2483762
3123071
3602658
3602658
2745094
3602658
4205679
3602658
3123071
6262430
3602658
3123071
5333109
2483762
3602658
6262430
3602658
3602658
3123071
477421
1611664
2745094
3602658
2574925
4961623
3593703
6262430
1779675
2673229
3602658
2483762
3602658
3593703
2483762
2321094
2574925
6473555
2215437
3602658
3602658
3602658
1478423
3602658
7707224
3602658
2745386
8636545
3602658
6262430
2802919
1219558
1703697
3251207
1703697
2483762
2574925
3602658
7822760
1689591
2212039
2745094
3602658
2745094
3602658
2483762
6262430
3211753
3602658
3602658
3123071
8300796
1779675
5333109
3123071
2745094
2483762
6557137
5839912
3602658
1337755
5333109
1675353
3018981
2279265
2650772
6554440
3123071
1593549
2483762
3602658
3602658
470987
6262430
3602658
3602658
3602658
3602658
3602658
4147754
3602658
3123071
3602658
6262430
2483762
3602658
3602658
3602658
6262430
3568486
6262430
3602658
6371102
4852951
2483762
1689591
2574925
2249614
2574925
3123071
3602658
1478423
3602658
1969463
1703697
577223
2483762
3602658
3123071
3123071
2483762
3602658
1703697
2948610
3123071
3602658
3602658
4902101
4829178
2586487
3602658
3123071
3123071
3123071
1478423
2745094
3123071
8220393
3602658
3123071
3602658
3602658
6262430
3602658
2745094
5333109
2212039
1295705
4241327
553868
1165662
389862
3602658
3602658
1206810
3602658
3006186
1477401
3123071
3602658
3602658
8636545
7227066
2483762
3602658
3018981
3602658
2264652
3602658
3602658
1779675
3602658
4852951
3123071
3602658
762643
556782
3602658
5544633
2212039
1206810
3602658
3602658
3602658
3602658
3018981
7042152
3602658
6262430
6262430
4884605
4852951
3602658
3602658
3602658
3123071
3602658
4852951
911031
3123071
3602658
3123071
2515426
3602658
3123071
3602658
3602658
1779675
690165
6810146
3123071
465952
8636545
2279265
4829178
6442432
2745094
2483762
2265273
3123071
3602658
2249614
4852951
3998132
3602658
2745094
3602658
3593703
6262430
7456716
6262430
6262430
1592943
3123071
3602658
3123071
3602658
3602658
3123071
3602658
3030129
3602658
1478423
1478423
1165662
2483762
1715754
3602658
4739672
4363569
3018981
7707224
6262430
3602658
2483762
3602658
8636545
3602658
6262430
2586487
5333109
1779675
3602658
7590457
3602658
3123071
4852951
3123071
3602658
3550667
3602658
1219558
3602658
3602658
1703697
3602658
2882602
3602658
1206810
6262430
2212039
7707224
2483762
2650772
3602658
3602658
6262430
3602658
2563603
2620376
4852951
6262430
5333109
2574925
3602658
7707224
2745094
3602658
3123071
3602658
3123071
2483762
3593703
3123071
2483762
3602658
3602658
3602658
1165662
7456716
3123071
6263002
4749433
854399
3000866
1593549
3602658
1478423
762643
6262430
2574925
5420892
6262430
3123071
6262430
4936027
3602658
3602658
3018981
3000866
3602658
3602658
594102
3602658
6262430
3018981
1383534
1703697
7227066
4749433
3602658
3602658
2483762
1069446
3123071
3123071
6262430
4568152
1206810
1715754
469038
3602658
3593703
1165662
762131
6262430
3602658
3602658
762643
3006186
2483762
6262430
5544633
7456716
3602658
4049640
6262430
3602658
6397602
6527395
3602658
3602658
3602658
2483762
3602658
2483762
6262430
1219558
2563603
7194531
1219558
1111000
1779675
1779675
3602658
2312530
5420892
3602658
5333109
3602658
3123071
6262430
6262430
3602658
3602658
2745094
3602658
1314845
1366648
3490316
2563603
3602658
2745094
1675353
7194531
2215437
1747577
2483762
3123071
5542374
2483404
3593703
1978935
3602658
2385183
2483762
3602658
2633716
5655098
604443
947186
837955
2483762
3602658
2574925
3602658
3602658
3602658
1001390
6262430
3602658
2745094
3602658
3602658
3602658
3123071
2279265
2745094
3602658
1721354
3602658
5333109
1171590
1221283
2483762
7227066
3602658
2483762
2483762
1201791
4749433
8636545
2620376
2132498
3018981
592528
5333109
3602658
3018981
3602658
3602658
3602658
3602658
6262430
3602658
2483762
2483762
3123071
3602658
6262430
3602658
3602658
3211753
3602658
2249614
2483762
3602658
3123071
3602658
3602658
3018981
3602658
2745094
7249391
6262430
2650772
3602658
7456716
3602658
2162833
3602658
3602658
3602658
1208510
3123071
801440
5333109
3123071
3602658
3602658
2745094
3123071
6262430
1206810
3123071
3602658
6262430
2483762
2882602
2574925
3123071
3602658
1990695
2745094
2212039
3602658
2243135
3602658
3602658
6262430
3602658
801440
3289367
3602658
5192215
3602658
2650772
553962
1165662
3602658
158774
1966861
3602658
3018981
2745094
5964100
3123071
2745094
1847406
3602658
2745094
3602658
2847310
1219558
2483762
3602658
1551700
2761120
3018981
2483762
1779675
3918379
3602658
3602658
3018981
2483762
3602658
3602658
1689591
3602658
3602658
3602658
2249614
6262430
3550667
1689591
3123071
2483762
3123071
2745094
3123071
3602658
3123071
1478423
2279265
3602658
1477401
3602658
2745094
3123071
2574925
920693
3602658
3602658
2745094
3602658
6220877
8636545
4852951
1206810
3602658
3602658
2563603
1779675
3602658
3123071
3216454
2483762
3602658
2175552
2483762
3123071
3602658
3018981
3602658
372919
2745094
3602658
3602658
3602658
3602658
3602658
3602658
2745094
1171590
3602658
3602658
156287
6262430
3602658
2574925
3602658
7456716
2745094
3602658
3593703
2372622
8636545
5333109
5333109
6262430
3123071
3123071
742387
7651018
1852532
6262430
2249614
3123071
2483762
2483762
2483762
2483762
5333109
3123071
2745094
3602658
3602658
3602658
3602658
3602658
243833
3602658
4749433
3123071
3602658
1779675
3602658
2574925
6262430
3123071
3602658
3602658
2483762
4298011
6262430
739440
760342
3123071
3602658
3602658
3602658
2574925
3000866
4852951
3123071
4948238
3602658
1219558
3602658
3602658
2212039
8636545
3123071
6357717
1206810
3602658
3602658
1219558
2212039
3593703
762643
5333109
1219558
863182
2483762
3602658
2483762
6262430
3123071
2483762
3602658
6262430
3602658
4852951
3602658
489262
3158673
3602658
302531
762131
2212039
3602658
2483762
2483762
2745094
2086680
1566731
3602658
5291556
3602658
2563603
3602658
3602658
6262430
2279265
3602658
3602658
2745094
4421096
3602658
3602658
3602658
3602658
3602658
3006186
3602658
2620376
1703697
3123071
5681534
3368690
2745094
3602658
2271113
2745094
1206810
2745094
2745094
6262430
6262430
2483762
3123071
4852951
6262430
5333109
5794260
2483762
2574925
6262430
6262430
920693
2279265
3593703
3602658
2574925
4749433
3123071
1008084
3530333
3602658
720387
3602658
2650772
4225482
1715754
2483762
2483762
6262430
3602658
1547432
3602658
3602658
2745094
3602658
5275945
2574925
3602658
2483762
3602658
486964
3593703
1689591
7227066
3602658
1004716
6262430
2483762
1478423
3289367
3602658
3123071
326400
3123071
2483404
5333109
1295705
1779675
3123071
3123071
4977965
2745094
3602658
6845026
3602658
5333109
3602658
3006186
720689
2483762
220184
2483762
2249614
4852951
3602658
6220877
3602658
3602658
3274551
4568152
8555149
2086680
2586487
3602658
4995912
3602658
7625828
742387
2620376
5333109
3123071
3602658
5135000
3602658
5018854
762131
2279265
3123071
564481
3123071
3602658
3602658
3602658
1219558
3602658
1478423
3123071
3602658
6320070
1736963
3602658
3602658
326400
3602658
3602658
6262430
3602658
3285581
2312745
6262430
3602658
1206810
4154865
3368690
1779675
3602658
3602658
1206810
1715754
3018981
557418
2483762
3602658
2745094
3602658
557418
8636545
3123071
3289367
1611664
776988
3602658
1478423
3123071
5428396
3123071
4749433
6262430
3602658
1715754
3602658
6357717
3593703
6262430
1703697
613679
3602658
1206810
2574925
4282944
3602658
3602658
3602658
1155073
3602658
2574925
3602658
3602658
5333109
3602658
3059433
3225544
3602658
3602658
1715754
3602658
2359426
2586487
7456716
6262430
1478423
6262430
2150734
1779675
1779675
373654
3602658
1153789
2745094
1165662
2483762
2483762
4852951
6262430
3123071
3602658
1219558
2483762
762643
5441781
613679
2279265
1155073
2620376
6262430
4852951
3123071
3602658
2086680
2212039
5333109
2650772
491128
2869759
2745094
3602658
2248321
3216454
3602658
2483762
6262430
3602658
1074548
1593549
3000866
3490316
6262430
6262430
2279265
4749433
3123071
6262430
3602658
3602658
6262430
541146
3602658
3123071
6262430
5333109
1111000
2279265
3602658
2483762
6131842
3449489
6262430
3006160
5333109
6262430
6263002
3123071
2483762
3059433
4066591
6262430
6262430
1837951
3602658
3602658
3602658
4844720
2802919
3602658
920693
3602658
3602658
3460881
640833
3602658
2936687
3602658
3000866
3593703
2279265
2650772
1715754
2184986
6377570
3602658
3602658
6262430
3123071
6262430
3123071
3602658
3602658
6262430
4852951
3602658
2745094
7456716
1171590
1279936
1478423
2359426
3602658
6262430
3602658
1478423
5333109
2483762
2763219
3123071
1689591
2745094
4749433
8250341
3123071
3602658
8636545
2563603
2745094
4852951
3123071
331958
2027963
3602658
3602658
6262430
4479988
3602658
4154865
7203293
1107118
1676590
6262430
3000866
1779675
3602658
1219558
691261
1593549
4135154
3602658
3602658
3602658
2483762
1155073
3018981
1779675
3602658
1219558
8636545
3602658
2745094
2249614
1715754
4995912
1603803
3602658
2483762
1779675
3123071
7707224
1375993
5333109
1645502
3602658
5333109
3602658
6262430
3602658
3602658
2745094
3123071
2279265
1171590
2483762
6262430
3602658
5420892
2761120
3602658
2279265
1219558
6262430
1219558
4978961
2483762
3123071
1143035
2745094
3602658
2745094
3602658
3123071
3602658
6262430
1295705
3123071
776988
437740
3602658
4147754
3602658
3000866
3602658
2745094
8636545
3602658
2483762
1689591
2212039
3602658
3602658
764686
1206810
1234426
6262430
3602658
3602658
3123071
3602658
6262430
3602658
1162643
3602658
2761120
2483762
3602658
6262430
2586487
3602658
2745094
6397602
3602658
1206810
3593703
2483762
3602658
5333109
7227066
2483762
2177399
8636545
3123071
3602658
2483762
4635674
3602658
1669293
3602658
2649944
3123071
3602658
3593703
2745094
2483762
3602658
3602658
6262430
8555149
5333109
3123071
6262430
2483762
3123071
2650772
3123071
3998132
2483762
6262430
3602658
3602658
5428396
3602658
3123071
4852951
2633716
2483762
3123071
2483762
3602658
3018981
3018981
3602658
3123071
3602658
6262430
3602658
3018981
6988754
3602658
3602658
3602658
6262430
7456716
3602658
3602658
3123071
2279265
1295705
2745094
5544633
3123071
3123071
3602658
3203619
6602493
2978054
2279265
1478423
3602658
3602658
3123071
6397602
1008084
8423492
1640129
3602658
3602658
2745094
1288312
6262430
3602658
1077325
1003499
3123071
1715754
5333109
3123071
3602658
6262430
2745094
3123071
3602658
3602658
1206810
2483762
6262430
6262430
6262430
2745094
3123071
2483762
3602658
3602658
1843547
3586433
1295705
3602658
3602658
3602658
6262430
2212039
2563603
4154865
3123071
2013484
3123071
3602658
2483762
1478423
3593703
6262430
2279265
3602658
1250519
6262430
5333109
3470737
1171590
2086680
3216454
4363569
1641759
1715754
3602658
2249614
3602658
6262430
3602658
7625828
3602658
783620
2483762
3602658
3123071
4852951
2745094
3123071
1206810
3602658
6262430
1478423
3602658
2483762
3123071
1721354
3018981
6262430
3602658
658185
3602658
8636545
3602658
3123071
4829178
1645520
3123071
2563603
1779675
6262430
3602658
3018981
8636545
3602658
3602658
3602658
4852951
3602658
1153789
3602658
3216454
3602658
3602658
6262430
3602658
3602658
3602658
6262430
3602658
5333109
2321094
7441524
2483762
2483762
3602658
8636545
7707224
2086680
2483762
3123071
5333109
8212903
2745094
3295373
3225544
3123071
1023631
3602658
7194531
739688
2483762
1745823
2483762
3602658
2745094
3123071
3602658
3602658
1023796
3602658
4749433
2577678
3123071
3123071
3602658
4147754
2650772
3602658
3602658
2745094
3602658
3593703
2483762
3602658
2483762
3602658
4413203
3602658
785155
644113
3602658
3602658
1160626
6262430
2483762
3123071
2359426
3602658
3602658
1478423
2279265
3602658
557418
2483762
2359426
3123071
3602658
3602658
3123071
4852951
2586487
6743160
3602658
3602658
3593703
6262430
3602658
2574925
1715754
2483762
3602658
1478423
3602658
1703697
3602658
2483762
3602658
48496
3602658
3123071
4852951
6262430
2745094
2483762
3602658
5333109
3602658
3289367
3602658
4937556
4852951
2650772
3602658
215543
3123071
6262430
3602658
6262430
970714
3602658
3602658
3602658
3602658
3123071
3602658
2212039
2586487
695227
3602658
6262430
1899120
2650772
2259880
5333109
79147
3602658
3123071
3593703
6262430
2483762
3602658
3123071
2483762
3602658
2483762
1715754
4852951
4852951
6262430
3123071
3602658
3018981
4852951
233943
3602658
3602658
3602658
3602658
8636545
3602658
1620479
3602658
286849
3602658
3602658
7456716
3602658
3123071
3602658
3725521
2483762
339162
3602658
2833385
3602658
2574925
4778327
7557982
3602658
3123071
3123071
4147754
3018981
2279265
3602658
579127
79710
2483762
3602658
1715754
3602658
3669359
899797
5291556
1728880
1715754
6262430
1165662
3000866
3123071
2483762
6262430
3602658
8467930
3123071
3602658
3123071
2483762
1478423
1206810
7123548
1849341
6407853
3602658
1703697
760342
1219558
2787595
3123071
2162833
3123071
1715754
2483762
6262430
1689591
4852951
3602658
6442432
4961623
3602658
3225544
3602658
6262430
3593703
2483762
2745094
3123071
4852951
2745094
3602658
3602658
2745094
8636545
1295705
3593703
1206810
3602658
1206810
1689591
3123071
6357717
3602658
762643
6262430
6262430
6262430
3602658
3602658
680195
3123071
3123071
3018981
592528
3602658
2483762
3123071
2882602
1133505
2483762
3123071
3602658
3602658
3123071
1427455
3123071
3602658
541352
3602658
3123071
3602658
6262430
2212039
5333109
2483762
2505444
4066591
2483762
5333109
3602658
1620479
7249391
3602658
3018981
3602658
1852081
4852951
3040225
1779675
1208510
3123071
2563603
1603803
785155
3602658
3123071
3602658
4282944
3602658
2574925
1171590
3123071
4852951
5366443
3602658
2745386
2869759
3602658
3602658
8636545
2483762
4852951
3602658
3345557
7711941
1779675
3123071
3602658
3602658
6262430
2563603
2745094
3602658
7145670
1703697
2279265
3602658
4852951
6262430
6262430
1644200
5333109
2745094
2483762
3123071
3602658
2574925
1171590
3602658
3602658
3018981
1295705
2212039
3123071
3602658
3602658
863182
2483762
2574925
3602658
2839065
3602658
3602658
3602658
783620
2745094
2989058
843985
1703697
3602658
3602658
3018981
1206810
1165662
3123071
3123071
2164622
1206810
2745094
3000866
3602658
3602658
3602658
2483762
3602658
837955
3602658
2574925
3123071
2745094
2745094
2833385
693045
2107872
3602658
2237818
3602658
3602658
3602658
3602658
1478423
2745094
2198478
1206810
3602658
2483762
3602658
6262430
7468178
1413830
2574925
3018482
2745094
3289367
6586708
6262430
2483762
2745094
3602658
3602658
5541514
2249614
4852951
2483762
3602658
5333109
1779675
3602658
3602658
3602658
3602658
6262430
3722009
1757102
4749433
3602658
5333109
6357717
3602658
8275888
3123071
3123071
3602658
3602658
2745094
3602658
3602658
1715754
3602658
3602658
3123071
1715754
3461779
3602658
863182
1337755
3123071
3602658
5333109
389614
477954
3000866
3602658
7707224
3602658
1478423
1478423
3602658
6262430
2745094
5333109
3123071
538445
3630279
3018981
3123071
3123071
3602658
2483762
3782594
3602658
1000830
2483762
2563603
5333109
6554440
2483762
3602658
4852951
3602658
3123071
2212039
3123071
2745094
7625828
3602658
3123071
7123699
1715754
1143035
3593703
1620479
3602658
3602658
1779675
3018981
3123071
3602658
2574925
781905
1171590
6262430
3602658
5333109
3602658
3602658
3602658
5544633
3602658
3123071
3602658
2745094
2483762
2249614
1219558
3593703
3000866
3602658
6262430
3123071
1165662
6262430
3123071
2937769
3602658
2483762
3123071
3593703
3602658
2377974
1450162
3123071
3602658
3602658
7229435
5333109
3602658
3602658
1779675
4685136
5333109
6262430
1438806
3602658
2745094
3602658
2537745
920693
6262430
3602658
2483762
4703095
2745094
6262430
2132498
3602658
2483762
1640129
3593703
762131
2607011
2563603
3602658
2574925
3602658
6846666
2863365
3123071
691261
2483762
3602658
3602658
2888532
1187622
1715754
406963
3602658
3602658
3602658
3602658
1715754
5333109
6262430
3401774
3602658
3123071
3123071
2483762
3602658
3602658
553962
1284441
1303198
3602658
3602658
3602658
1011598
3593703
1219558
2833385
3602658
3602658
2483762
1171590
1171590
690165
785155
3602658
3602658
1620479
8636545
2483762
2745094
3602658
3602658
8636545
4852951
3602658
3602658
3123071
2650772
5657387
2937769
7536789
3602658
1478423
2563603
244533
3602658
2279265
3602658
3602658
6554440
3593703
8636545
2650772
3602658
1952333
2745094
1620479
4852951
2483762
3123071
3602658
1478423
4154865
2483762
4948238
5468281
4219685
6262430
3602658
1644200
3602658
3602658
2483762
4154865
3602658
1171590
7306891
3602658
3602658
3602658
2483762
580923
3602658
2633716
6262430
6372247
2352056
5333109
3123071
2745094
2027963
1478423
6262430
2249614
1715754
8636545
2483762
3123071
2483762
2249614
3602658
3602658
4852951
3602658
3593703
618173
1155073
3602658
5333109
3602658
1779675
3602658
3602658
266901
3123071
3018981
2483762
1779675
7456716
742387
2483762
3602658
2212039
8636545
2359426
134879
2745094
3602658
2761120
3602658
3123071
3123071
2650772
3602658
2483762
3602658
1023796
1779675
3602658
1593549
3123071
3602658
2483762
2483762
4852951
1383534
899797
3602658
3602658
4298011
6527395
2563603
3602658
3602658
3000866
3602658
1219558
3602658
3123071
3123071
4749433
3123071
3123071
5291556
2745094
1715754
1477401
2971608
1562887
5135000
6262430
2745094
6262430
5441781
6262430
3602658
3602658
2483762
362585
2212039
1187622
3602658
1779675
3593703
3602658
3602658
4829178
6885236
6300114
2113771
2483762
3602658
3018981
8636545
3602658
6312057
1562887
5333109
2249614
2483762
4749433
3602658
5333109
5333109
2745094
4147754
2745094
920693
3602658
1703697
2249614
3602658
1715754
3123071
1090876
3067226
2483762
3018981
3602658
2049443
1206810
2483762
1675353
5333109
1644200
3602658
2574925
4852951
3602658
3602658
1143035
2574925
5333109
2745094
1964596
4852951
3602658
2745094
3602658
3602658
2873465
2249614
3602658
6262430
5333109
447922
2212039
3602658
3602658
3602658
3602658
3602658
1171590
4154865
3018981
1572706
2620376
3602658
3602658
2574925
2211842
1424032
2745094
7707224
6262430
3602658
8636545
3018981
2563603
3602658
3602658
3123071
2483762
2574925
3602658
2574925
3123071
1779675
3602658
2483762
4749433
2483762
3123071
3602658
5333109
3602658
2745094
6527395
1171590
3018981
3602658
3602658
3602658
4615312
2359426
3602658
3018981
3602658
3602658
6262430
3602658
3018981
3123071
895157
2745094
3123071
4372984
2563603
1715754
4219685
3123071
3602658
2483762
691261
3602658
3602658
4344352
1219558
4852951
3602658
2150734
3123071
3123071
753912
2745094
3154889
2483762
2249614
2745094
2745094
6262430
1880440
1165662
3602658
413329
3123071
2745094
2745094
3211753
4882794
6262430
7672481
3216454
6357717
6262430
2483762
3123071
2574925
2483762
2162833
2359426
900767
3593703
2563603
2359426
1219558
6685424
762643
3602658
1219558
6187473
3602658
3123071
3602658
3602658
1258888
3602658
863182
364640
3123071
2483762
3593703
1689591
3602658
238115
2249614
2650772
3593703
1478423
3123071
2483762
3602658
1478423
3602658
4852951
3602658
2586487
3070509
3602658
8636545
3602658
3602658
3602658
353507
4615312
3123071
6262430
514588
4978961
2483762
3602658
3602658
1622859
3602658
6263002
7625828
3123071
5333109
3123071
3602658
3602658
4084210
2212039
5333109
3602658
4978961
2483762
1383534
3602658
2483762
3602658
2574925
3602658
2574925
3602658
3602658
3602658
3602658
762643
2483762
8636545
3602658
2745094
1011598
3602658
1964596
495206
6262430
3602658
3602658
3602658
3602658
6371102
3123071
2563603
3602658
3602658
3123071
7672481
1312288
3602658
2745094
3602658
3602658
2745094
3602658
2650772
2745094
4397772
743843
3602658
3047270
3602658
3123071
6258722
4852951
3602658
3602658
3000866
2097520
3602658
899353
1023796
6262430
5333109
3602658
3123071
3602658
1206810
4852951
1779675
1206810
3602658
3602658
3602658
3602658
3123071
2483762
3602658
3602658
3602658
7123548
2745094
3602658
3602658
362146
2483762
2162833
3602658
845724
3602658
889964
3123071
3602658
2650772
5544633
3123071
8636545
3602658
1206810
5987424
3602658
3602658
813335
6262430
3602658
2574925
1779675
3602658
3602658
3123071
834979
3602658
3602658
3602658
3123071
3602658
3123071
3602658
1551700
1165662
4852951
3123071
3602658
2745094
3602658
2279265
6262430
1008084
3123071
3602658
3602658
3602658
1206810
2574925
3602658
2483762
8467930
2882602
3123071
2978054
6262430
3123071
3602658
6262430
3602658
2745094
8636545
4282944
3602658
1779675
2483762
485901
7672481
3602658
7116848
2483762
3123071
1219558
2483762
3602658
3018981
3082679
3123071
6262430
3123071
821196
3602658
1008084
5333109
3123071
2212039
5333109
3123071
1689591
3602658
2563603
3602658
3918379
7711941
5100208
4852951
2761120
4961623
3602658
3593703
3123071
3018981
3602658
3602658
3602658
3602658
3602658
3602658
1165662
6262430
3602658
3602658
3602658
3123071
7229435
1219558
3593703
3602658
4852951
6262430
1715754
3593703
1755902
5135000
1611664
4421096
405590
3602658
5707648
3602658
6220877
4154865
6262430
1069446
3602658
837955
2249614
582200
1592943
3602658
862159
3018981
3123071
670559
6262430
6262430
6262430
3593703
3123071
3602658
2483762
3602658
3123071
1715754
6348667
3602658
3602658
3602658
3602658
1206810
2474471
1703697
1852770
6262430
3123071
3602658
3602658
2212039
837955
3602658
2483762
3602658
3602658
3602658
1011598
2249614
1478423
2483762
2563603
5657387
3123071
3602658
3602658
4829178
3006186
604403
3602658
3602658
3602658
2483762
4048644
3602658
940635
762131
2620376
3018981
3368690
3602658
2359426
3602658
3602658
3123071
2745094
3602658
899353
1703697
3000866
2483762
3602658
1779675
4298011
2483762
1551700
3602658
4936027
3602658
3602658
6262430
4936027
2574925
2574925
6262430
3018981
3602658
1317493
2586487
3225544
3602658
3123071
3602658
3602658
1317493
2745094
3123071
6262430
3018981
3602658
4852951
3602658
3123071
6262430
7707224
783620
2483762
1837951
5333109
1703697
3602658
3602658
6262430
3602658
979542
3602658
5544633
2483762
6263002
3602658
3602658
3602658
3602658
1234426
3123071
3602658
2577532
7672481
3018981
3123071
540298
1001390
3602658
3602658
3602658
7707224
7456716
3123071
3602658
2741180
6262430
3602658
8555149
3602658
2212039
2321094
4470911
3602658
6262430
3602658
1383534
539642
605941
3602658
4402636
3018981
3602658
2869759
3123071
5943719
5575345
801440
2745094
3602658
2321094
3602658
3602658
3225544
4852951
3602658
5083203
7227066
3602658
3602658
8555149
3123071
6262430
1166342
911031
8636545
1234426
3602658
5333109
3602658
6262430
6262430
3602658
2574925
3123071
2563603
3602658
1703697
1171590
557418
1155073
4852951
3602658
3123071
2574925
970714
2424709
2574925
6220877
3123071
3000866
3602658
2574925
5544633
3602658
2761120
1155073
6262430
3602658
3602658
3593703
6262430
2212039
5333109
970714
3602658
3602658
4852951
8555149
1779675
1155073
3123071
2745094
1383534
5468281
2745094
3602658
3956964
2745094
3602658
2574925
3123071
6371102
6262430
3018981
2574925
2745094
2745094
5408183
3602658
2279265
3123071
3602658
6371102
3000866
4773491
2574925
3216454
3602658
7651018
2212039
634964
2563603
2483762
1478423
6262430
3602658
3018981
2574925
3123071
6262430
5333109
3602658
3602658
8636545
2835295
3602658
3211753
1165662
3123071
3123071
7822760
1165662
3602658
3602658
7456716
3602658
762131
3123071
2745094
1219558
3602658
1478423
2177399
3602658
3123071
920693
3602658
3123071
2650772
653583
3602658
3123071
2483762
1206810
6262430
3926294
3123071
6262430
3602658
1219558
3602658
2483762
3602658
5333109
3602658
2745094
1062328
6262430
2483762
3123071
2483762
6521869
3123071
3602658
3123071
3602658
7456716
2359426
2483762
2574925
6783177
2563603
2650772
4454380
3602658
3602658
1187622
3602658
2249614
3602658
6262430
1234426
2574925
2153558
3123071
2209498
3602658
5291556
2745094
3602658
3123071
3602658
1611664
1069446
4749433
3602658
3602658
3461779
5857598
3602658
2483762
1059998
2483762
3602658
7707224
2745094
3602658
3602658
2745094
8636545
3602658
2212039
2650772
1715754
2483762
2769947
3123071
3602658
2745094
3123071
3602658
3123071
3123071
1969463
3602658
2212039
3602658
3602658
3123071
2574925
6262430
2745094
4852951
2586487
899353
3123071
2359426
5333109
3123071
3304328
3009833
3602658
2483762
2586487
2646525
425254
3602658
2833385
3602658
3602658
2978054
6262430
1234426
3000866
3123071
3602658
3018981
4978961
3602658
1187622
5333109
3602658
3602658
3123071
3602658
3123071
3602658
3123071
3123071
1478423
6357717
1069446
1620479
3602658
2404543
762643
3602658
2483762
2852939
1478423
3123071
6262430
2650772
3602658
3602658
2563603
3123071
2563603
6961366
5100208
3602658
2745094
2745386
1703697
2833385
2279265
6262430
3018981
3602658
7203293
873872
6262430
6262430
3602658
2574925
5333109
3602658
3602658
3123071
2745094
3602658
4961623
3593703
837955
8636545
1143035
2483762
3602658
3602658
1234426
3602658
3123071
3602658
3602658
1295705
3602658
3123071
3123071
2483762
3602658
688562
5333109
3602658
3000866
2483762
2483404
2563603
3602658
3000866
2745094
2483762
3602658
3018981
3602658
5333109
6262430
2978054
1837951
1779675
6262430
7227066
1779675
5333109
5333109
3123071
503390
3602658
3602658
1478423
3602658
2745094
2563603
3123071
3602658
4852951
2745094
4852951
3602658
3602658
3602658
2377974
670559
2279265
7203293
1779675
7229435
3602658
3602658
3123071
2483762
4298011
3725521
7707224
3602658
4852951
2745094
3602658
682136
3602658
5333109
3123071
6262430
3602658
3602658
3602658
3123071
2483762
3602658
6357717
4852951
403388
3602658
2745094
3602658
3602658
3602658
2132498
3602658
3123071
3123071
1251528
229798
3602658
2745094
2483762
6743160
252944
7651018
2315014
3602658
3602658
1219558
4936027
8555149
5428396
4749433
3602658
6262430
3018981
3602658
2745094
2312745
3123071
2802919
2483762
8555149
3059433
2745094
821196
4852951
3602658
3602658
2745094
3602658
4852951
4568152
3602658
3211753
3602658
3602658
2745094
6262430
3123071
3602658
3602658
491128
6262430
3216454
4298169
1206810
6262430
3123071
3602658
3602658
3602658
3123071
2321094
2483762
3602658
2483762
3123071
2745094
3602658
4615312
3602658
6262430
3123071
2563603
8636545
4282944
2249614
671934
2249614
3602658
3602658
1478423
2577532
2650772
3123071
2563603
8636545
3602658
6602493
7227066
4135154
2563603
3586433
488976
1165662
7707224
3602658
6262430
6262430
6342056
2574925
1014682
3123071
2279265
3602658
3602658
5333109
2483762
3602658
2650772
3602658
3018981
6262430
1484181
3602658
2483762
3602658
715791
4852951
3602658
5333109
3640595
2162833
3602658
2483762
3123071
6783177
8636545
3602658
3602658
2563603
2483762
3602658
3123071
2586487
6159484
1221283
5333109
917715
3123071
6262430
1779675
3216454
3602658
3602658
3602658
8636545
3602658
6371102
2483762
1478423
8636545
2027963
3123071
5333109
5333109
1614671
2574925
2586487
6357717
2483762
6262430
8636545
3602658
3602658
3123071
7456716
3602658
5544633
6262430
3602658
7536789
86735
3123071
1295705
6262430
3602658
5333109
3602658
3602658
3602658
3602658
3602658
1201791
6262430
6262430
787569
7651018
3602658
3602658
3018981
3602658
1949300
2574925
2483762
121618
5428396
787569
3602658
5333109
1964596
3602658
3123071
3602658
3602658
6262430
3602658
3602658
3123071
3123071
1219558
2483762
2787595
4852951
1562887
3602658
3602658
3123071
3593703
7116794
3391204
3602658
3602658
2483762
3123071
185498
3602658
1801112
3123071
6262430
3602658
3602658
3602658
1689591
3587211
3602658
3602658
2833385
2745094
882584
2483762
2483762
3602658
2279265
3602658
1478423
2249614
4852951
3602658
7042152
1478423
2483762
3602658
6262430
3123071
3602658
6262430
6262430
3602658
4205679
3602658
3602658
3602658
4852951
6262430
3602658
8555149
7227066
3123071
2483762
3602658
3602658
3602658
2358830
6262430
3123071
3602658
1478423
5135000
2574925
3602658
3593703
3125748
3918379
3289367
3018981
3123071
2483762
3211753
3602658
3602658
1889501
152956
5333109
7145670
3602658
4852951
2483762
115042
3602658
3602658
5333109
738332
3602658
6149151
3602658
7707224
3602658
3602658
3602658
2745094
6262430
7290304
6262430
3602658
3602658
3602658
5100208
3602658
762643
3602658
3123071
3602658
1779675
3602658
3602658
3602658
3602658
6262430
1206810
903958
3602658
2483762
6357717
3602658
1206810
3123071
3602658
3123071
2249614
2212039
3602658
2483762
3602658
3082679
1715754
501647
3602658
6262430
3289367
3602658
2745094
7456716
3602658
3123071
784816
3602658
4154865
6262430
3602658
2761120
3602658
3602658
3602658
3123071
3000866
1620479
2483762
2745094
6342056
3602658
3602658
771376
3602658
3602658
7707224
6262430
6397602
2745094
7456716
3593703
4778327
2220800
3602658
3000866
3123071
4876868
2212039
3012366
3123071
2483762
1219558
5333109
5428396
2761120
5333109
3602658
3123071
3602658
508647
6262430
4749433
3602658
4852951
3602658
2483762
1438806
2745094
2745094
5544633
2745094
3123071
6262430
3123071
2873465
3123071
2745094
3602658
3602658
8370845
3602658
3602658
3602658
5333109
6262430
3602658
2833385
2086680
3602658
2279265
1478423
8423492
7042152
3602658
6262430
3602658
2586487
2249614
3602658
3602658
3018981
1620479
2483762
3602658
3602658
2483762
692907
4852951
3018981
3602658
2279265
4852951
3602658
3123071
3602658
586587
2279265
3602658
3602658
1551700
3602658
300258
3602658
6220877
3602658
6019793
3123071
3530333
1551700
2745094
4995912
3602658
3602658
3602658
2574925
3123071
8636545
3123071
7672481
1165662
3602658
3593703
3602658
6357717
2359426
3602658
3602658
3602658
3602658
3602658
2483762
1165662
3602658
3123071
3072658
3602658
3123071
6357717
3602658
1206810
1585501
3593703
5428396
3602658
3018981
1949300
2249614
3602658
3602658
3602658
3123071
3123071
2483762
2574925
2279265
4852951
1171590
1008084
2249614
1295705
2574925
329657
3602658
2483762
2574925
2483762
3593703
2249614
2249614
3602658
3602658
2574925
3602658
3602658
3602658
1478423
1171590
2745094
3602658
4852951
5333109
3602658
3602658
5876226
3123071
3602658
2563603
1008084
1478423
7116848
6262430
3602658
4154865
2483762
2483762
2574925
3602658
587965
452558
3602658
3123071
2483762
1566731
3602658
6262430
3602658
4749433
3602658
3602658
6262430
3602658
6262430
1131405
3602658
3602658
2483762
3602658
1715754
1779675
2312745
3602658
6743160
3123071
1062328
1295705
2466016
1478423
3123071
3602658
720387
3123071
1171590
3602658
2483762
4852951
6262430
7672481
3602658
2574925
5333109
3602658
1478423
7625828
4811398
6262430
3602658
3602658
6262430
2483762
1171590
3602658
3123071
3602658
3123071
2989058
1008084
2483762
1219558
3602658
3123071
2483762
7625828
3602658
2119272
3216454
3602658
2483762
3602658
3602658
6262430
2162833
1722065
3602658
3123071
3602658
2745094
2483762
2745094
2797741
3602658
2650772
2989058
1551700
5158429
1219558
3602658
3602658
1715754
1990695
6262430
1620479
3123071
3602658
6262430
2212039
3101975
1689591
3602658
5333109
2321094
3602658
3602658
4749433
3602658
1069446
2483762
3353623
3123071
3123071
609822
3123071
3123071
3602658
1611664
3602658
1779675
6262430
6442432
2574925
3602658
3123071
2483762
6262430
2650772
740470
2483762
3602658
3602658
2650772
2745094
2249614
3602658
2483762
1234426
3602658
3602658
2745094
2882602
3602658
1689591
225281
3123071
3602658
2650772
4852951
3602658
2745094
3123071
3602658
3123071
2249614
3602658
1779675
3123071
3602658
2352056
3018981
3602658
3602658
2249614
3123071
3123071
3602658
1984842
2650772
4154865
7123548
3602658
3602658
2483762
3602658
3602658
1206810
2745094
3602658
1206810
3123071
5333109
6262430
2483762
6262430
2483762
3123071
8636545
6262430
3602658
579127
4749433
2563603
2279265
3602658
6262430
3602658
3602658
1872231
3067226
3602658
3602658
3602658
3593703
3123071
3290364
2827047
3602658
3602658
1206810
6262430
3602658
3602658
2825549
875986
613679
5333109
3602658
4778327
2278815
5333109
3602658
3602658
2563603
3123071
4988123
2483762
2483762
2745094
3018981
4154865
873872
8636545
1230692
3123071
3602658
3602658
3602658
8467930
1689591
3602658
2483762
2563603
3602658
3602658
2279265
3602658
6262430
823943
6262430
3912927
1715754
2745094
3123071
3123071
3602658
3602658
1675353
3602658
3602658
3602658
6262430
6262430
1478423
3123071
2279265
3123071
3602658
7229435
8636545
2574925
2629446
3123071
3123071
2745094
6263002
1478423
863182
3602658
7707224
6262430
1295705
3602658
5468281
1155073
3602658
3602658
3018981
3602658
3123071
3602658
3216454
6220877
1011598
3602658
1478423
7672481
5021172
7536789
3216454
2586487
3123071
2212039
5333109
2483762
3000866
3602658
3602658
2745094
2574925
3602658
2483762
3602658
4829178
3602658
553962
3602658
1206810
3602658
3602658
3602658
3602658
2574925
1062328
6262430
2574925
2880471
2574925
1219558
5333109
4301710
3602658
4852951
2483762
3602658
6262430
5333109
8423492
2745094
3602658
7707224
2650772
830060
3123071
1122405
7672481
1023796
3123071
2745094
2483762
3602658
2483762
3123071
783620
3123071
3602658
981806
3593703
1315169
5333109
2620376
5707648
3123071
2745094
3602658
3289367
5333109
1768713
3123071
3602658
6262430
7672481
3602658
2372622
6371102
3602658
3602658
3268453
3602658
2538376
1689591
2483762
6527395
3602658
3602658
2483762
5333109
8636545
3602658
2279265
3602658
3602658
4150659
3602658
2483762
7707224
2279265
6262430
2279265
1337755
3123071
3123071
4844720
5333109
672291
3123071
3602658
6262430
3602658
2574925
3602658
1171590
3602658
613679
4749433
3602658
2620376
1219558
2745094
3602658
3602658
5428396
1083048
1219558
2982045
1611664
2745094
2888532
3602658
6961757
5333109
6262430
3304328
762643
6262430
1965974
3602658
3602658
5716438
3602658
1801112
6074282
2620376
2483762
3602658
3225544
2745094
3602658
2574925
4978961
3602658
2574925
2563603
3602658
3123071
4749433
8636545
3602658
3123071
1779675
4980386
3602658
3602658
3602658
3602658
783620
1015017
3602658
6616026
3602658
2474145
783620
1958727
3123071
8636545
3602658
3602658
2563603
1715754
4147754
3203619
2483762
5842746
2745094
1219558
3602658
3225544
1715754
3602658
3123071
3000866
4372984
2483762
3602658
489006
5333109
3602658
3602658
1206810
3123071
3018981
2483762
2279265
6262430
3602658
2483762
3602658
2745094
3203619
2483762
3602658
3602658
3123071
5333109
3602658
3593703
2869759
3602658
4008060
1779675
2359426
3602658
1703697
6262430
3602658
1206810
6262430
2745094
1295705
2574925
3000866
1219558
5544633
3602658
3123071
6357717
395559
2483762
2745094
3602658
3602658
3123071
1165662
4154865
7707224
672291
3602658
171211
5333109
2650772
3602658
3123071
3000866
3602658
2619943
2574925
5333109
3123071
6371102
5544633
2249614
6262430
3123071
971044
8111165
3602658
3602658
1085714
3018981
7227066
3602658
6397602
2249614
3876669
3000866
1206810
4852951
1779675
6220877
5333109
3602658
1779675
586587
1640129
2745094
3602658
2358670
2279265
3602658
6220877
653583
3602658
2483762
2483762
959451
1551700
2279265
3602658
6357717
2745094
3602658
3123071
1478423
2745094
2483762
553962
3602658
1219558
2483762
3602658
2359426
899353
5333109
582200
3593703
3602658
4811398
3638831
4852951
3123071
3602658
3602658
3602658
2574925
5333109
7707224
2882602
3123071
2483762
2279265
6262430
3123071
2650772
1779675
2249614
3602658
1206810
1295705
2483762
3123071
2162833
3602658
8300796
3602658
3602658
2237818
3602658
1221283
3123071
4749433
3602658
4568152
3123071
1715754
762131
892960
2574925
2249614
3602658
1779675
3602658
2483762
6527395
899797
3602658
3602658
3123071
1206810
3602658
3602658
3602658
3123071
3602658
3602658
2212039
6470835
1234426
3602658
776988
2483762
3123071
1689591
3593703
3602658
2563603
6262430
2279265
3602658
6263002
1586838
3602658
3602658
2745094
3602658
3018981
3602658
3123071
4852951
3602658
3602658
2574925
1219558
1779675
3602658
3868361
1219558
947349
3602658
2483762
3602658
3602658
2483762
3602658
1226377
3216454
1552035
1715754
2574925
2483762
3123071
2483762
3059433
2745094
3123071
2563603
2483762
2563603
3123071
1165662
2483762
3602658
3123071
2483762
3123071
1755902
1478423
3602658
6262430
3123071
2377974
6262430
1206810
1620479
3602658
4928277
2483762
2574925
1011598
3602658
5291556
1553603
1944276
3123071
2483762
3216454
2745094
3602658
1219558
3602658
2249614
8636545
4852951
3602658
3602658
672291
1964596
3123071
1206810
3602658
3602658
6262430
3602658
2279265
3123071
1675353
2483762
372919
3602658
3602658
6357717
3006160
1023796
3602658
3225544
2483762
5333109
3602658
966972
5333109
8636545
3602658
1219558
2483762
5333109
3123071
2483762
2097520
2745094
3602658
3602658
3602658
6263002
2483762
3602658
3123071
6262430
3602658
3593703
3123071
6262430
3602658
2745094
3123071
1399268
3602658
6220877
3602658
3602658
1527100
3602658
3602658
8254443
3602658
3123071
244533
3123071
6527395
881634
3123071
6527395
2574925
3602658
7227066
1295705
4852951
6262430
6397602
4154865
3602658
3602658
1219558
3602658
3602658
3602658
6262430
2483762
5137956
3123071
1768713
3602658
3158673
3000866
1689591
3602658
8636545
672291
3602658
3602658
2483762
3602658
3602658
4852951
3602658
6220877
4852951
3593703
2586487
6262430
1206810
2574925
3602658
3123071
2745094
3602658
5333109
3602658
1022325
1165662
6685424
3602658
2483762
1211583
2483762
2650772
5165294
2279265
2574925
3602658
1703697
3289367
3602658
5707648
2869759
3602658
3602658
3123071
2745094
3593703
783620
3602658
3602658
2745094
3602658
2495107
6262430
1779675
7116794
3602658
3602658
2097520
7625828
6262430
3602658
2483762
3123071
2833385
3602658
2745094
3602658
3602658
3602658
2483762
8555149
397575
2745094
6262430
5333109
3602658
1206810
691261
3593703
3602658
2810206
3602658
3602658
2620376
2483404
3602658
3602658
3638831
3602658
3602658
371245
1165662
3123071
2574925
7707224
1143035
1852532
3123071
3602658
6262430
3602658
2483762
1011598
2833385
3123071
2563603
2483762
7672481
2745094
2279265
2574925
4749433
2483762
3602658
3602658
3602658
3602658
5333109
3602658
3602658
5333109
4049640
2483762
3602658
2483762
3018482
1715754
3602658
1534530
3118655
3602658
6220877
3602658
3602658
1703697
3602658
1478423
2483762
4811398
592528
2745094
3505691
3123071
3602658
3602658
3123071
3602658
3123071
1171590
6263002
3602658
3602658
6262430
3602658
3602658
3669359
6130509
4995912
3602658
1008084
5544633
3602658
3123071
1219558
3123071
1478423
2483762
3602658
5333109
3123071
1187622
2650772
1715754
2027963
3602658
3602658
2574925
3602658
3602658
3602658
2745094
3602658
3602658
3602658
3602658
3602658
3602658
6262430
8636545
2745094
3216454
4225482
5037010
2209498
2483762
3602658
650235
5428396
1143035
3123071
1165662
3602658
2483762
3602658
3216454
2483762
3602658
7229435
5333109
1779675
5333109
3602658
2154164
4852951
3123071
4205679
3602658
6263002
3602658
2483762
6371102
785155
2586487
3123071
7707224
3602658
4372984
3602658
7123548
2563603
3602658
3602658
3602658
5876226
582200
6262430
3602658
3123071
3602658
1206810
3602658
3123071
2586487
3123071
3602658
7712498
3602658
3602658
2574925
1295705
3602658
3602658
4852951
6262430
385085
2574925
2279265
604443
3602658
3602658
6262430
2483762
3725521
197150
389862
1715754
2745094
2574925
762131
5333109
3123071
1008084
1208510
4852951
3602658
3602658
1675353
3602658
6262430
2745094
3123071
4154865
3123071
3123071
3602658
6220877
2483762
3602658
282007
3602658
3602658
3602658
2574925
2483762
6263002
3123071
6262430
6262430
4852951
3006160
1295705
3123071
3602658
3602658
3602658
1478423
3602658
3602658
7227066
1145253
3059433
3602658
3602658
3123071
2352056
1333567
1478423
6554440
4147754
2574925
2745094
3602658
1779675
2574925
3602658
3602658
2745094
3602658
3602658
1206810
3123071
2616061
3602658
6357717
2745094
3602658
3602658
2745094
3593703
2745094
5333109
3123071
3602658
1703697
7227066
4454380
3602658
4568152
3602658
3602658
2483762
3602658
2086680
2574925
2212039
3602658
4205679
2586487
3602658
728087
6262430
6262430
2745094
3602658
1755902
3602658
5333109
6262430
3602658
2745094
3123071
1949300
2212039
3602658
4282944
3602658
3602658
3602658
2483762
5333109
1715754
3602658
3123071
3602658
4852951
3123071
3593703
2212039
2574925
5333109
4852951
3602658
6262430
3602658
783620
6262430
2761120
6685707
4749433
2745094
3602658
4066591
3123071
6262430
2483762
4454380
3123071
2279265
292074
1048404
2483762
4995912
1779675
3602658
5876226
3602658
2483762
6262430
2249614
3368690
613679
3602658
3602658
3602658
671934
1187622
3602658
3602658
608646
6262430
3602658
2483762
3602658
3123071
2483762
1171590
2574925
2633716
2483762
4749433
6262430
3602658
6262430
3123071
863182
3602658
553962
6262430
3602658
2212039
4852951
627465
5575345
3123071
6262430
3470737
3602658
6262430
3123071
3018981
3602658
3602658
3602658
3602658
2483762
3602658
3602658
3602658
6262430
5544633
2483762
4749433
3602658
535619
2483762
2745094
3593703
143265
3602658
7123548
3602658
1219558
2873465
3123071
3123071
3602658
3602658
3602658
5154803
2563603
2483762
5753842
3602658
3602658
3123071
3602658
4363569
3602658
3602658
4852951
2483762
720387
7483761
3602658
2563603
3602658
2279265
3602658
4811398
1163149
2279265
3602658
3602658
3602658
2745094
3602658
3602658
3602658
6262430
6262430
3602658
5333109
6371102
3602658
3123071
4615312
3123071
6262430
4978961
3602658
3602658
3602658
3602658
2745094
3602658
8636545
3602658
3602658
3602658
837955
3602658
3602658
3602658
1478423
3602658
1958727
4852951
1779675
6357717
3123071
2745094
1295705
1208510
2745094
6262430
2745094
886220
3602658
3602658
2377974
6262430
1715754
1689591
3602658
2745094
7123548
2483762
6262430
3602658
1219558
3602658
5273673
3602658
3602658
1187622
1478423
2577678
1689591
2563603
3123071
3602658
3602658
6262430
6357717
2833385
6371102
1611664
3602658
3602658
3602658
3123071
7456716
1478423
2888532
3602658
1779675
3123071
3602658
553962
8636545
3593703
2088209
1779675
3123071
3602658
6047237
3602658
3123071
820333
3602658
5845034
2483762
4852951
2483762
2882602
5333109
4852951
3018981
1715754
2761120
2574925
2249614
6262430
3602658
3123071
3602658
6413281
3602658
3000866
4583613
3123071
3602658
2483762
3216454
3000866
608646
3602658
3602658
3602658
1165662
1551700
6089235
3602658
6721697
3602658
3602658
3602658
6262430
3602658
1478423
6262430
2650772
2586487
6262430
2574925
3602658
2650772
3602658
3123071
3123071
3123071
3602658
2864759
3123071
2249614
3123071
3602658
2745094
3018981
2483762
3018981
1779675
2745094
6262430
1689591
3123071
3602658
3602658
2745094
7863919
6262430
3602658
3123071
2483762
3602658
2641868
6262430
7707224
2279265
2249614
2212039
3602658
2086680
3593703
1011598
1478423
6262430
2483762
3602658
3602658
2833385
8555149
3602658
3602658
2249614
3123071
2483762
6743160
3593703
3602658
3602658
3602658
6262430
3602658
2483762
6371102
6262430
2650772
5333109
1755902
3602658
2563603
3602658
3602658
1478423
6732335
3123071
1779675
3123071
3123071
2483762
1779675
2557281
2483762
2745094
1219558
3123071
2483762
1621532
3602658
3602658
2483762
3602658
2249614
6149151
6262430
4797682
3602658
6262430
2483762
3602658
3123071
3018981
1165662
2833385
6357717
6262430
3602658
2745094
5333109
2211842
3602658
2372622
6262430
2574925
3602658
3602658
2211842
2483762
3602658
1715754
1083048
1852081
2483762
3602658
3602658
2282991
3123071
2574925
3018981
1779675
1165662
7672481
3602658
2372622
1165662
1171590
3602658
3602658
7672481
3602658
3123071
2483762
3602658
899353
2483762
553962
5333109
2212039
3018981
3602658
3403784
4852951
1165662
2650772
6342056
8636545
1206810
1551700
3123071
6262430
3123071
2650772
1206810
2745094
452558
2483762
1206810
3602658
1219558
1295705
3123071
3593703
3602658
2792688
2745094
2483762
3000866
3018981
6203098
1219558
3602658
6262430
1036078
3000866
3123071
3006186
5333109
3593703
3123071
1478423
5333109
3602658
2483762
4811398
3602658
4084210
1165662
3207499
3211753
1011598
6262430
3123071
3602658
3602658
5333109
3593703
5333109
3123071
6262430
3602658
1219558
3602658
3602658
3602658
2086680
3123071
3123071
2574925
3602658
3602658
2620376
3123071
3602658
3593703
3602658
3602658
6262430
2745386
3732393
2279265
5333109
2888532
3123071
2483762
2088209
7227066
6262430
1759031
3602658
3602658
1155073
6047237
3602658
1219558
8370845
8636545
2211842
3602658
1567386
3123071
2745094
2745094
2483762
1779675
1211583
3602658
3123071
3123071
3602658
2563603
3602658
3123071
3602658
3602658
6263002
3602658
3602658
2483762
2483762
3602658
1703697
7227066
6262430
311547
3123071
3602658
3602658
2802919
2212039
2745094
6262430
3123071
3123071
6320070
1969463
2212039
3602658
6371102
2483762
3602658
3602658
3123071
276690
720387
3059433
491128
2745094
2279265
2745094
2212039
3602658
3602658
2882602
3602658
2474471
3918379
392891
2279265
6262430
3602658
2833385
3123071
3602658
2483762
3216454
3123071
3602658
6262430
6262430
2574925
3123071
8636545
3602658
3602658
1779675
2483762
3602658
3602658
3123071
4615312
3602658
5291556
2483762
2483762
3123071
3602658
1023796
2745094
2201827
3602658
1008084
1847406
2483762
3602658
6262430
3123071
2650772
2249614
1155073
1715754
1703697
3602658
2745094
2745094
2745094
4852951
2574925
3602658
2312530
6262430
3602658
2586487
3602658
3602658
3602658
3123071
2755055
4978961
3602658
855899
3602658
3602658
1165662
2483762
3602658
3602658
3602658
2745094
3602658
3602658
2650772
5333109
321257
3602658
6357717
3602658
3602658
3123071
1023631
3602658
3123071
3123071
3123071
3602658
3602658
3602658
4749433
2574925
3593703
1763949
2761120
519368
1852532
3602658
377495
2586487
1366648
3602658
1192587
6262430
2483762
3123071
7883034
3602658
1165662
4852951
3000866
3602658
3602658
3602658
3602658
2745094
4852951
6262430
6262430
3602658
2321094
3123071
6262430
3602658
3602658
8636545
6397602
1171590
3018981
3602658
2745094
3000866
3123071
1779675
4797682
460311
3602658
1131405
3123071
5333109
3602658
1155073
3000866
3602658
3602658
2520774
2563603
2849795
1478423
3449489
3602658
2745094
6047237
3602658
2359426
3602658
8555149
1295705
5333109
2483762
2209498
5333109
1715754
3602658
6263002
2483762
3602658
2745094
930253
3602658
3123071
2937769
5544633
3602658
3593703
2483762
2483762
3602658
3602658
256551
2483762
3123071
3602658
2483762
3602658
3602658
3123071
1155073
3602658
2162833
2483762
2574925
1192307
2761120
465874
2745094
3018981
3123071
3123071
1478423
1008084
3602658
2650772
3289367
8636545
8636545
3123071
578662
3602658
3123071
6262430
3602658
3123071
3602658
586587
2620376
3602658
2279265
4852951
5333109
1478423
4852951
3602658
2586487
6262430
2483762
3602658
2586487
8636545
3593703
7707224
1155073
3602658
3602658
3602658
6023464
3602658
7672481
1942008
3602658
2745094
3123071
6866409
3602658
6262430
2483762
2574925
1478423
5333109
3018981
904363
4084210
7126506
3602658
3602658
3602658
2483762
2231629
3123071
2483762
3602658
3602658
3602658
3274551
2586487
3123071
2279265
3009833
7227066
7707224
6262430
6262430
2249614
1171590
3602658
3602658
3602658
6262430
2483762
3123071
5333109
5333109
3123071
3602658
3602658
3602658
6262430
3602658
8636545
373654
1155073
2563603
6262430
3602658
2153558
454743
3602658
3602658
4298011
2483762
3593703
3123071
3123071
3123071
3602658
3602658
3602658
6023792
3602658
5333109
3602658
3602658
2003670
1206810
1111000
2260151
3602658
2745094
3602658
3123071
4852951
3602658
6262430
3602658
3123071
3123071
5333109
3602658
7493450
3602658
2249614
3123071
6263002
3123071
3211753
5333109
1206810
3602658
1165662
3602658
3602658
3602658
2162833
3602658
1478423
3602658
2483762
2574925
3669359
3562660
3018981
3123071
801440
3602658
6262430
3123071
3602658
2483762
2483762
6262430
2574925
3123071
3602658
6262430
1211583
3602658
3123071
2563603
3602658
2745094
3602658
2249614
609822
8636545
2650772
2483762
3123071
3602658
1711980
3216454
3602658
1715754
3018981
3602658
1219558
1622859
1001390
3602658
2888532
8636545
3018981
3123071
2483762
1964596
2270310
3602658
2483762
3123071
3602658
3602658
1107118
7227066
5333109
3602658
3602658
3018981
3602658
4852951
3602658
3602658
1779675
3602658
3602658
183933
301437
3602658
3123071
2483762
5333109
1715754
1206810
5333109
3602658
1295705
3602658
3602658
3123071
2175154
3602658
2745094
3700869
3018981
3123071
3018981
3602658
2279265
3123071
1001390
1206810
3018981
3602658
298085
1620479
3602658
3602658
2483762
4749433
2586487
3602658
1478423
3123071
4852951
5333109
3602658
3123071
4852951
3123071
3123071
1715754
2745094
8636545
3602658
1206810
3602658
3602658
3602658
1478423
3000866
2483762
3602658
1211608
1779675
3018981
2483762
3162047
4852951
2745094
2954090
4852951
3602658
3602658
3602658
2745094
1206810
3602658
1155073
3602658
2279265
3123071
2321094
3602658
5333109
3123071
1143035
2787595
5333109
3123071
1011598
6262430
3602658
8370845
2249614
1847406
2483762
2586487
4852951
1219558
2162833
3602658
8555149
4852951
5333109
3602658
2483762
3602658
3602658
2279265
4852951
5333109
3123071
3602658
2279265
3602658
6262430
4298011
2212039
3123071
3602658
1478423
2483762
3602658
2483762
2279265
6262430
3602658
3602658
2483762
1295705
3602658
2745094
1206810
1165662
3602658
3602658
2483762
2483762
6750246
1206810
3593703
2586487
2745094
1478423
4852951
2249614
1703697
6262430
1715754
3602658
3490316
2620376
3602658
3602658
3123071
4454380
3123071
1295705
7194531
2483762
3602658
2717508
2785014
6262430
3602658
5087165
3602658
3602658
2574925
4298169
3602658
3602658
6262430
1566731
3602658
6377570
6397602
3602658
3602658
2586487
494108
1206810
2483762
3602658
2483762
1689591
8555149
3602658
4298011
6262430
3602658
2745094
3018981
6262430
8636545
3593703
3602658
7441524
3602658
2802756
4425718
3123071
3602658
1779675
1219558
3602658
3602658
5333109
3602658
292493
6262430
3602658
3000866
608441
3602658
3602658
3602658
3123071
4852951
6262430
2483762
3602658
2586487
3864194
3123071
5333109
5959916
2574925
8636545
3602658
2745094
970714
3602658
2650772
2745094
7506778
6262430
1703697
1155073
3123071
3602658
3602658
6357717
3602658
4797682
3123071
3602658
3602658
3602658
2312745
4852951
3123071
6262430
3602658
2641868
3602658
3602658
1715754
2483762
2086680
2483762
1715754
2745094
3602658
3602658
714868
3602658
2483762
1155073
3274551
8636545
762131
3123071
6357717
2574925
3602658
2586487
3602658
5333109
680195
3602658
3123071
1478423
3602658
3602658
1206810
7306891
3123071
2483762
1171590
3602658
3123071
5333109
6262430
3602658
7456716
75847
2212039
1958727
3602658
793260
2483762
2745094
447922
4852951
3123071
1171590
3602658
2745094
3602658
3602658
6262430
2761120
3123071
2586487
3602658
3123071
3602658
1383534
3602658
4219685
1171590
2483762
3602658
4852951
3602658
2873465
7672481
2483762
1171590
2483762
3602658
3602658
3602658
463548
3602658
1969463
3602658
6047237
5273673
3123071
2483762
1689591
6262430
2377974
6685424
2745094
2483762
4852951
3602658
3602658
3602658
1703697
8555149
5030595
3602658
2483762
5333109
5657387
2745094
3602658
2574925
3018482
5333109
6357717
3602658
3602658
670559
773393
5291556
3602658
2483762
3602658
3123071
1116037
3123071
3123071
6357717
3602658
3602658
3602658
4915742
6262430
2574925
3668451
6262430
3602658
3123071
3123071
3009833
3602658
1219558
6262430
3123071
3998132
3602658
4454380
3602658
3123071
3123071
3602658
3123071
2483762
2483762
3602658
2948610
3602658
4852951
1755902
3602658
3602658
2483762
3602658
2483762
314406
3123071
6262430
1755902
5513111
742387
3602658
3602658
3123071
489006
1740066
2765669
1344864
3602658
3602658
3602658
3602658
3562660
3123071
5333109
2574925
3000866
1165662
1779675
3123071
1611664
3123071
1715754
1547432
3602658
7441524
2574925
1562887
813335
3593703
3123071
3123071
3602658
8370845
2249614
2745094
1219558
3602658
3602658
4749433
2745094
100973
6527395
3602658
1861681
3123071
1478423
3225544
3000866
2483762
3123071
1171590
3602658
3602658
3602658
3602658
1089121
1979053
3123071
3602658
762131
1015017
2586487
3602658
3602658
3602658
2745094
1155073
3123071
6262430
3602658
1219558
2574925
3123071
4995912
3123071
3602658
3018981
3602658
2212039
2483762
3602658
483355
2483762
6409299
3602658
5333109
3123071
3602658
2745094
2483762
3593703
3602658
3602658
3123071
2212039
3602658
1206810
2483762
4852951
3602658
3602658
7711941
3602658
3123071
4852951
6262430
3123071
2745094
1165662
2563603
3000866
2483762
2483762
3123071
5333109
3602658
7672481
2279265
3602658
3123071
3602658
2483762
6262430
8636545
6262430
3602658
3602658
3602658
473666
2279265
2483762
8467930
3602658
8636545
3602658
1015017
8046169
2483762
3123071
3123071
5420892
3123071
6262430
579127
3602658
3602658
3602658
3602658
2279265
6262430
3602658
5273673
2279265
3602658
6262430
7483761
3602658
3602658
1611664
930253
3123071
1715754
3602658
6262430
1383534
2279265
3602658
3602658
2869759
1551700
2483762
3602658
4479988
3123071
3123071
2745094
3602658
2745094
6262430
3602658
2483762
917148
5333109
3602658
2483762
1779675
762131
7707224
3602658
1206810
2745094
1143035
183714
3602658
1165662
4154865
463548
3593703
3602658
5333109
3602658
2586487
752843
5428396
3123071
5333109
6262430
3602658
357968
4749433
3602658
4811398
3123071
3602658
3602658
6262430
3123071
3123071
3602658
739440
3602658
3593703
3602658
3602658
2483404
7456716
6262430
3602658
2574925
1206810
6262430
3602658
2483762
3123071
2377974
3602658
3602658
1703697
1478423
2279265
3123071
1171590
3602658
5333109
2761120
1478423
2483762
3602658
1219558
1779675
1926541
3602658
3602658
3602658
2745094
3593703
3602658
6371102
2483762
2483762
3602658
2483762
3602658
2483762
3123071
3123071
2483762
2745094
3602658
3602658
2563603
2745094
3864194
3602658
3602658
3602658
3123071
3602658
3602658
3602658
2483762
2483762
2574925
1056777
2279265
2212039
3602658
2574925
3602658
3602658
3602658
2483762
3602658
3602658
3123071
8636545
2745094
1219558
3602658
3602658
5333109
3225544
1715754
6639161
3602658
5333109
3602658
5333109
1076269
2745094
5333109
1622859
2483762
2745094
3123071
6262430
7707224
2483762
4978961
3123071
3602658
1703697
1478423
1206810
2359426
2761120
4716260
6262430
3602658
8636545
2483762
3123071
613679
3602658
1122405
3018981
2027963
1978935
2483762
3602658
4970489
3216454
5707315
3602658
2745094
1755902
3602658
3602658
1715754
5420892
2162833
3123071
7590457
2574925
3602658
2049788
4298011
1990695
3602658
2574925
8636545
2546314
3602658
3123071
1779675
2483762
3123071
4707880
3602658
3602658
2745094
5333109
3123071
350739
2650772
3602658
3602658
3123071
6262430
1033004
3123071
2520774
3602658
3602658
6262430
5901561
2265273
2483762
298085
3000866
6094615
1165662
1295705
3602658
1703697
6262430
1011598
4188680
3123071
1478423
3123071
3602658
2483762
1813123
2650772
3602658
5100208
1779675
3602658
3602658
6262430
2249614
3018981
4852951
2483762
4288152
2745094
2483762
3123071
3602658
3123071
3602658
3602658
8636545
3602658
3123071
2483762
3318362
3602658
2745094
813335
1171590
3123071
6262430
3602658
3018981
4749433
3602658
8636545
3602658
8636545
8423492
3602658
6377570
6262430
5333109
2483762
3602658
1969463
3602658
4031636
2745094
3602658
3602658
4132940
2657836
3123071
2483762
3602658
2650772
1219558
3602658
4327972
5333109
5333109
3602658
8555149
2162560
3602658
1165662
6262430
7672481
3602658
6262430
3602658
5333109
3602658
3602658
3123071
3602658
3602658
2620376
1715754
5417539
4852951
6262430
3251207
3602658
3602658
3602658
6262430
6262430
3602658
3593703
7707224
3602658
2279265
4852951
3602658
1689591
6262430
2745094
757435
3602658
1062328
3602658
3602658
3602658
1083048
6262430
3602658
6262430
1111000
6159003
3000866
3602658
3123071
2745094
3602658
2483762
2745094
3602658
5333109
1715754
3602658
1116037
2483762
762643
7672481
3000866
6262430
2574925
801440
5333109
2483762
3123071
3602658
3602658
873872
3602658
3602658
3123071
4988123
2209012
5333109
3602658
2869759
2359426
553548
3602658
1121353
1187622
2483762
548098
2483762
6357717
3123071
1478423
3602658
1116037
2574925
2483762
5762772
3059433
7672481
2483762
1206810
3602658
3602658
1219558
3602658
1715754
3018981
4749433
3602658
3602658
3602658
3602658
3541092
2586487
3602658
3602658
7227066
3602658
1551700
2321094
6262430
6371102
3602658
3602658
1969463
2586487
3123071
3602658
3602658
6262430
2745094
785155
1689591
4852951
3602658
3123071
762131
3123071
3123071
3602658
3123071
1206810
2372622
6262430
2483762
3602658
1023796
2650772
1219558
4282944
2650772
3602658
3602658
6262430
3602658
3602658
7707224
3602658
4852951
3602658
319003
1143035
3123071
3602658
3123071
3640595
6262430
3602658
5333109
3602658
3602658
3602658
2483762
3338108
3602658
3123071
2745094
3602658
6262430
762643
6262430
3123071
3123071
2934629
5273673
3602658
6220877
6262430
3602658
3602658
6262430
2483762
4298169
6262430
1219558
3602658
3602658
2483762
7468912
2264652
2249614
3602658
6262430
4852951
3123071
3602658
8636545
3602658
1219558
3602658
5428396
3123071
3018981
1023796
2650772
1219558
3123071
3602658
1206810
1219558
2745094
1478423
3602658
2483762
3123071
6262430
1715754
3602658
3602658
2574925
4852951
2279265
3123071
3602658
1703697
1011792
3602658
1023796
3602658
742387
3602658
3602658
3123071
3602658
3602658
3602658
3602658
6262430
2279265
3602658
7672481
2745094
1478423
6262430
2740038
4936027
2212039
2745094
5420892
3123071
4749433
3123071
5333109
3602658
3602658
2745094
3602658
8636545
3602658
6262430
3602658
586587
1755902
5333109
3602658
1001390
882584
3602658
6527395
3602658
3123071
3602658
3602658
8636545
783620
6262430
8636545
1219558
3593703
3123071
579127
3602658
1295705
3602658
1593549
3123071
1689591
3602658
8636545
5333109
3602658
6262430
740470
3602658
8636545
2249614
3918379
3123071
3602658
1813123
1478423
3602658
3602658
3018981
2574925
2745094
3710824
1779675
3602658
3602658
1715754
3602658
3018981
3602658
6357717
3018981
3602658
2483762
2689753
2745094
3602658
3602658
3602658
5708084
2586487
6262430
1206810
3602658
5834673
3602658
1703697
2745094
1219558
5333109
3602658
2249614
3602658
3602658
4852951
5707648
4298011
782138
3602658
1221283
6262430
3602658
3602658
3602658
2058398
3602658
3602658
3602658
3602658
5333109
2650772
1721427
2483762
8636545
3602658
592528
3602658
785155
1317493
3602658
3602658
5333109
1171590
2483762
1611664
3602658
1779675
3602658
1011598
3602658
3602658
5333109
2249614
4852951
2249614
3602658
2745094
3123071
3602658
6262430
6357717
3123071
6357717
3602658
126196
5333109
3602658
3602658
2574925
3000866
3123071
3602658
3602658
3602658
3602658
2483762
1110592
3593703
2212039
3602658
2483762
1478423
4778327
5333109
1424032
3602658
1336210
6262430
1155073
7672481
1219558
1116037
3602658
1165662
3123071
2279265
3018981
2483762
2954090
3602658
2613497
1171590
3602658
5333109
3602658
3123071
4615312
3123071
1011792
2745094
3602658
3602658
3602658
3602658
6262430
3602658
3602658
6377570
3602658
3602658
3602658
3602658
2483762
7672481
3602658
1593549
3602658
762131
3602658
1155073
4778327
3602658
3123071
2563603
6262430
6262430
1551700
1611664
4852951
3123071
5544633
6357717
3602658
3602658
2483762
3123071
3602658
3123071
372919
1153789
4298169
3602658
7625828
3602658
3123071
2586487
2745094
3018981
3123071
4852951
3602658
3602658
3602658
2745094
3602658
2650772
3602658
3602658
2483762
2745094
1249725
4829178
2650772
6262430
3123071
2249614
2745094
3602658
2557281
3602658
2264652
3602658
1165662
4749433
6262430
6262430
2745094
3018981
1143035
6127310
2574925
2745094
3290364
1165662
1478423
2352056
3055940
1017626
1586838
5333109
2700958
3602658
2574925
3123071
3602658
3602658
5333109
7672481
3602658
6357717
1779675
3123071
7456716
6262430
2574925
3123071
582200
3123071
3602658
3602658
2483762
3602658
3602658
1143035
3123071
7979443
6371102
3123071
112604
2249614
6262430
3602658
2745094
2270310
3602658
6810914
4852951
5557805
1478423
3216454
3602658
2574925
2483762
7707224
2209498
6262430
2483762
5333109
3043010
2405382
1143035
3602658
3602658
265788
3602658
3123071
2359426
2279265
459609
3602658
7227066
3602658
4852951
2483762
2483762
3602658
6357717
1221831
2745094
3602658
3428042
2483762
3123071
2483762
2745386
7058451
6262430
3602658
3602658
2761120
813335
2212039
2212039
4829178
3123071
2574925
3586433
3602658
3602658
6262430
2279265
3602658
5333109
5333109
5333109
7672481
3123071
2745386
3602658
2745094
2574925
3018981
3018981
2483762
4135154
3602658
3602658
2574925
1715754
3602658
460653
3602658
8636545
3602658
3018981
4852951
3123071
3123071
3602658
3602658
608646
762131
3602658
1206810
3123071
2279265
8220393
3602658
3593703
3602658
3602658
3123071
7536789
3295373
3602658
1478423
4749433
1219558
3602658
2483762
3123071
2745094
3123071
1478423
3123071
3602658
3602658
3602658
7672481
604443
6262430
3602658
2483762
2483762
6262430
1219558
3669359
3123071
3018981
3602658
3123071
3602658
3123071
3602658
3602658
2483762
3602658
3602658
2279265
3123071
2873465
1295705
658185
3123071
3602658
3251207
5333109
1367164
3123071
6262430
8555149
820333
6262430
2088209
3602658
3123071
2483762
3602658
4852951
3602658
4454380
3123071
3593703
2279265
2833385
6262430
3602658
1779675
6397602
5135000
3602658
3602658
4298169
3690729
3123071
3602658
2833385
3123071
6782620
1779675
5177229
2745094
3602658
1206810
3602658
4749433
896396
3602658
3123071
2175552
970714
3602658
3602658
2761120
3602658
2745094
3602658
3449489
3123071
6262430
3602658
1478423
4488218
2249614
2483762
3602658
3602658
6262430
2745094
2574925
5333109
1206810
3602658
2483762
6262430
2745094
3602658
4988123
3602658
3123071
5943719
2113771
3593703
3602658
3602658
5333109
6262430
3602658
3602658
2483762
3602658
1715754
1715754
3602658
1077325
3602658
2574925
3602658
688562
3123071
3602658
6262430
1689591
3602658
4961623
6262430
1109315
1165662
3602658
2483762
1488573
3123071
7711941
6262430
7707224
3018981
3602658
3722009
6262430
2483762
4852951
3602658
2574925
3123071
785155
6262430
2745094
6262430
3602658
3602658
3018981
4894889
762131
5333109
3123071
3123071
2745094
4852951
2650772
3602658
6262430
1478423
3123071
5135000
3602658
6262430
6743160
1703697
3602658
6262430
3123071
7456716
3602658
1295705
2574925
3018981
3123071
4183022
2574925
7123699
4852951
3602658
1478423
6934791
3602658
3123071
3602658
2978054
3602658
3602658
6262430
3123071
1141490
3123071
3602658
3602658
1926541
3123071
564481
3602658
3602658
3602658
3602658
3602658
5259093
1779675
7707224
1703697
3123071
3602658
1187622
2574925
8397499
3602658
3602658
3602658
6262430
6262430
2483762
2745094
8078982
3123071
3602658
4852951
3123071
2483762
762643
2021301
1171590
5707648
3123071
2212039
2212039
3602658
2270310
3602658
2282991
2483762
301437
3602658
3602658
3602658
3602658
3602658
1478423
7672481
3602658
3123071
1703697
3602658
3602658
3123071
899353
3123071
4749433
3602658
6262430
6262430
3123071
3602658
3602658
3602658
3602658
2586487
2574925
2483762
6262430
1703697
3602658
3602658
6397602
5333109
3602658
3216454
2483762
5145024
5441781
2650772
3123071
3602658
1478423
2586487
3602658
2483762
3722009
5333109
3602658
2483762
2483762
3602658
546392
3569482
2483762
6262430
4749433
6262430
1219558
2483762
6262430
1547432
2483762
5441781
2483762
2650772
3059433
3123071
3123071
3602658
2312745
2212039
2312745
1206810
762131
3602658
3123071
4749433
2745094
2483762
2483762
3602658
2745094
3123071
3602658
4852951
1779675
1155073
3602658
1478423
3123071
1165662
3602658
2574925
3602658
6047237
4852951
3602658
2483762
3000866
1747577
3602658
3123071
2792688
2483762
8636545
3123071
3602658
1143035
3018981
3602658
2620241
3602658
3602658
3000866
2249614
3602658
3602658
3417885
1553148
3368690
421805
3602658
3602658
6262430
3602658
3018981
3602658
2652824
6093483
3602658
3123071
1837951
3602658
3216454
1478423
3059433
1801112
4852951
3602658
3602658
4852951
3123071
6527395
6721697
2272772
6262430
3602658
442177
273861
3602658
2745094
2577678
1958727
3602658
6262430
1171590
3602658
6262430
3669359
3602658
3602658
3123071
1478423
2279265
3123071
5333109
2483762
2674731
629191
3602658
3602658
2249614
2217554
3123071
3602658
3602658
3602658
3602658
1779675
3123071
3602658
7227066
3602658
2745094
3602658
7493450
1837951
5333109
2563603
2138386
4298011
1143035
1165662
6262430
3602658
3602658
3123071
3602658
3602658
4749433
7707224
3123071
5333109
1779675
4852951
6262430
3123071
4852951
2745094
3123071
3123071
3602658
3602658
3602658
3602658
2483762
456817
1234426
3602658
6262430
2574925
1187622
2249614
2360874
3602658
6262430
2745094
3602658
3602658
3602658
1478423
3602658
3602658
3602658
3602658
3602658
3602658
3123071
2574925
3123071
462627
8636545
3602658
3602658
813335
2249614
582200
3602658
8636545
7707224
1119642
1295705
3602658
7286277
2745094
4852951
6262430
3602658
6262430
4844720
1295705
3602658
3123071
1551700
1478423
3593703
3602658
6262430
1206810
6262430
3123071
2483762
3602658
3602658
1219558
5707648
2574925
5441781
1478423
3354624
8636545
8636545
3602658
1703697
2207700
3123071
3602658
3602658
1054297
1165662
1206810
6527395
5333109
3602658
3123071
3123071
3602658
2483762
2212039
3602658
3123071
3602658
771125
3123071
2875799
3602658
3602658
2483762
2888532
2212039
2745094
3602658
3602658
2745094
3602658
1008084
3000866
3123071
6262430
2483762
8636545
7123548
2745094
4205679
3602658
3123071
2483762
1592943
3602658
2483762
3602658
1206810
3602658
7374151
3602658
3602658
2483762
1165662
1732557
3602658
3602658
3602658
2745094
2745094
3602658
3211753
3062661
3602658
3602658
3593703
785155
2761120
3602658
3602658
3123071
813335
3602658
4852951
360001
6262430
1715754
7707224
2483762
3602658
2620376
7227066
2086680
6348667
3602658
1715754
4852951
2888532
3602658
3849147
3123071
3602658
556782
2745094
920693
3602658
6262430
7227066
5428396
3602658
5707648
2563603
6357717
3602658
3602658
3123071
3602658
3123071
1551700
3602658
3602658
1133505
3602658
3602658
8636545
2761120
1715754
2279265
2249614
3602658
4948238
1715754
4282944
3602658
1206810
3602658
3123071
7116794
3602658
680195
3602658
1171590
4852951
690165
3123071
6262430
2483762
3602658
3000866
3123071
1219558
452558
2483762
2574925
5333109
2279265
3123071
3123071
2586487
3123071
3918379
1165662
1779675
3123071
3059433
3602658
1221283
5333109
4852951
1295705
3211753
3602658
5707648
4811398
3602658
5333109
3123071
3602658
1453631
2989058
2646525
8636545
1255460
1715754
3125748
3123071
3018981
2586487
1062328
2586487
1478423
3602658
2926090
3602658
3333031
2745094
5333109
1551700
3602658
6262430
298085
3593703
2833385
3602658
7707224
3123071
3602658
4852951
6262430
672291
1165662
1534077
3067226
8636545
3461779
1478423
4852951
7141515
3602658
2312745
3602658
3602658
3123071
8636545
3602658
3602658
5333109
5333109
3602658
6262430
5544633
2574925
2483762
2249614
3602658
2483762
4852951
2483762
4154865
3085786
3602658
3602658
2483762
1703697
3123071
3123071
1206810
1571263
3602658
1585501
4852951
618041
3602658
3602658
3602658
3602658
2483762
6262430
3602658
3602658
437554
3638831
3602658
3602658
6262430
2279265
6262430
671934
2279265
3602658
1219558
3602658
7227066
3123071
7227066
1620479
8555149
3593703
8636545
655932
2483762
2483404
6357717
2483762
2483762
3602658
2745094
3602658
3123071
3602658
2745094
3602658
3602658
4852951
964199
3602658
6584418
3602658
2869759
2033412
6262430
5031314
2312745
3593703
1234426
7590457
3123071
5333109
2745094
4852951
6262430
3123071
8555149
3602658
3602658
4948238
3602658
832255
1715754
2483762
6371102
2574925
3388203
1779675
2833385
2088209
6262430
2483762
3602658
3123071
5333109
762131
2745094
2483762
2745094
3602658
2574925
2765669
2869759
3602658
3602658
3602658
2282991
3602658
3602658
252513
3602658
3602658
3602658
3602658
3602658
3602658
5135000
7227066
3602658
3602658
3602658
3602658
4852951
2574925
2650772
3602658
2483762
6262430
7188043
3593703
2745094
3123071
1295705
1779675
6262430
3123071
1001390
2483762
6262430
3123071
2483762
3018981
2175552
5306612
3602658
2249614
3593703
3602658
7672481
6262430
5333109
6159484
3602658
6984892
3602658
3602658
6262430
4936027
4852951
3602658
3123071
2577532
3602658
3602658
1143035
3602658
2577678
3602658
565578
3602658
1221283
3602658
2574925
3602658
1682767
3602658
2150734
3123071
2761120
5333109
3602658
6262430
3602658
856933
3602658
3123071
3602658
1234426
1553206
5333109
6262430
3123071
6262430
1478423
6262430
3602658
5333109
3602658
8636545
2249614
3602658
2745094
5544633
1219558
1779675
3602658
3602658
3123071
4454380
3602658
2574925
6262430
2270310
3602658
3602658
2745094
8636545
5333109
3602658
3123071
3602658
3123071
6262430
3602658
4852951
3602658
4852951
4852951
3602658
7625828
2888532
6387624
3602658
4581682
3602658
2745094
6262430
837955
3123071
1206810
2359426
3234342
8636545
2483762
2211842
762643
3602658
2650772
3602658
7979443
3602658
3602658
4852951
1478423
6047237
8636545
3602658
2372622
1219558
3602658
3602658
2574925
3602658
3602658
3123071
3123071
3602658
4948238
3602658
4852951
3123071
7536789
2483762
2563603
1715754
5291556
3602658
3602658
2483762
3593703
2212039
3602658
3602658
6262430
2177399
3602658
3123071
3602658
2745094
3602658
2270310
3602658
3602658
2483762
5544633
3602658
2483762
2650772
4852951
6262430
3602658
3123071
3602658
2279265
6410187
3602658
2483762
2752165
6342056
6262430
3602658
3602658
5707648
2745094
2483762
1779675
3123071
2249614
3602658
2745094
5333109
3602658
768601
1206810
2483762
2563603
3602658
3602658
3123071
8046169
6262430
3289367
2978054
2971608
2650772
3123071
3602658
1165662
1534077
3123071
3123071
3602658
3000866
5333109
2745094
6262430
3602658
4948238
463548
2574925
3593703
3593703
2745094
6302462
2483762
3602658
3602658
3123071
1165662
5333109
3602658
3602658
1011598
3602658
3123071
1478423
3602658
5333109
3602658
5753842
4829178
958485
2483762
1302691
3602658
3602658
3602658
2483762
6262430
648033
1219558
3211753
3602658
6262430
6262430
3602658
3602658
3123071
3602658
3602658
3123071
3602658
2483762
3602658
3602658
3602658
8078982
2828462
4852951
3123071
762131
4147754
3602658
1188772
3123071
4707880
2483762
3602658
3602658
2483762
3602658
3018981
2745094
2139344
1201791
7229435
3602658
3123071
3123071
2279265
5544633
6262430
2745094
3602658
4852951
1478423
2620376
1171590
3123071
2483762
2989058
3123071
2279265
3602658
3602658
3123071
2586487
3123071
3602658
6262430
3602658
1478423
3602658
5333109
2761120
4684331
5333109
3602658
1165662
3602658
1585501
2483762
3123071
2833385
3602658
5333109
3602658
4852951
3602658
3602658
3602658
3602658
3602658
3760676
1165662
3602658
2574925
6262430
1844023
2483762
3216454
2483762
3602658
3602658
3602658
2295677
6262430
3602658
2483762
3602658
2483762
1703697
4852951
3018981
2586487
1553148
1206810
2745094
3602658
2563603
3602658
1779675
2249614
2249614
1703697
6262430
6262430
3602658
3602658
2745094
3123071
7707224
1949300
3602658
3602658
3602658
3798000
6706628
3602658
5707648
3123071
3602658
1171590
3602658
2483762
496339
3602658
2483762
4852951
3602658
1219558
3602658
3123071
3602658
8636545
2745094
2483762
5333109
3602658
46277
1715754
1837951
2761120
3225544
4852951
2483762
3602658
3602658
3123071
2873465
2483762
2745094
783620
4008103
196136
1779675
3602658
3602658
2574925
1201791
3602658
5333109
1206810
3123071
2483762
4188680
3602658
3123071
514116
3593703
2483762
6262430
3593703
3602658
2483762
4852951
3602658
3602658
1234426
3602658
712096
3123071
6262430
3602658
1715754
3174339
3602658
1779675
3602658
1165662
3602658
8636545
3602658
3602658
2745094
2650772
2650772
1219558
3602658
6262430
2745094
1295705
3602658
1689591
7707224
1620479
3602658
582200
8636545
4852951
2586487
3123071
2745094
3018981
1206810
3018981
3602658
33601
1478423
4749433
3602658
6262430
1219558
5333109
3602658
3059433
1689591
3602658
2483762
580923
3123071
3602658
3602658
2483762
8636545
3602658
3018981
3602658
6262430
3602658
3602658
2321094
6262430
6262430
3123071
1478423
5420892
3123071
6262430
4154865
1703697
3602658
3602658
1990695
3602658
3457348
3602658
1715754
2483762
1165662
1715754
1077325
1715754
3602658
3602658
3602658
3602658
2765669
4852951
3602658
1234426
6262430
2279265
2483762
3602658
369994
2483762
2249614
5333109
5462691
752456
8636545
2249614
3123071
3602658
5333109
1171590
8636545
1165662
3602658
3602658
3602658
6262430
3602658
4936027
2483762
1165662
7227066
2483762
2483762
3593703
3602658
3602658
6262430
4205679
3602658
3602658
3602658
3602658
3602658
3602658
1689591
1457711
4014595
3602658
1155073
3123071
4132940
3602658
2483762
6934791
2745094
3602658
5333109
2483762
3972331
3602658
3602658
6262430
1531850
6262430
3602658
2574925
360894
3602658
1155073
3602658
914771
3602658
3722009
4298011
3593703
6262430
3018981
3602658
1675353
4852951
3602658
5842746
3602658
2483762
3602658
3123071
5333109
7227066
6262430
5707648
3123071
3602658
2483762
3602658
3602658
4749433
5333109
1703697
3602658
3602658
2745094
3602658
2377974
3602658
2483762
2483762
6262430
5141582
2745094
3216454
3123071
3602658
1746294
1478423
2177399
2483762
3123071
3602658
3123071
6342685
3602658
3123071
1089121
2745094
3123071
3602658
3602658
1478423
1155073
3602658
3602658
5333109
2745094
4852951
3353623
413287
3602658
2563603
1219558
2574925
6262430
658185
3123071
2745094
3018981
6262430
7707224
2563603
3602658
2377974
3602658
3602658
3602658
1171590
3216454
2483762
2483762
7123548
2745094
5333109
2329061
2954090
3602658
3602658
6262430
4066591
3602658
3602658
6220877
3593703
3216454
3123071
3602658
3602658
3602658
3123071
3123071
2483762
6262430
3602658
3602658
3602658
1201791
3602658
3602658
2483762
3602658
2745094
6262430
1715754
6262430
5333109
1969463
3123071
2563603
6262430
2574925
6262430
3602658
2279265
2745094
837955
3602658
3602658
5544633
2212039
849345
1143035
3602658
3123071
3602658
3602658
3602658
3602658
1165662
3123071
6262430
1779675
2273196
6262430
3602658
4852951
1703697
3602658
2745094
1383534
3123071
2483762
5428396
3602658
4852951
3602658
3123071
3018981
2211842
3602658
1206810
3602658
2574925
2745094
2574925
3602658
3123071
3602658
4852951
4852951
3602658
2483762
2318348
3602658
6262430
3602658
765724
3725521
3602658
1978935
1206810
3602658
1669293
3602658
3602658
3602658
3123071
3602658
3602658
2483762
1715754
6220877
4852951
6357717
3123071
3602658
4852951
917418
3602658
1779675
1023796
3602658
3602658
2574925
3602658
3602658
2574925
2745094
1165662
6262430
2761120
3123071
3602658
3123071
5333109
2350858
3602658
3602658
5333109
1165662
5333109
2483762
3602658
1779675
3216454
3602658
3602658
2745094
1611664
1219558
3602658
3123071
2301455
1779675
2097520
3602658
6262430
2483762
1206810
3602658
1715754
6262430
613679
7306891
2279265
2483762
1143035
3602658
3602658
1664120
5291556
3123071
6262430
1715754
2574925
1593549
2745094
1689591
5428396
3602658
5333109
3123071
6262430
899353
3251207
3602658
3593703
3602658
4749433
7663676
4778327
2483762
3602658
4707880
2761120
3602658
6262430
1715754
2574925
3602658
3602658
3018981
4852951
6442432
2483762
2212039
2745386
3602658
3602658
5333109
2270310
3602658
3123071
1478423
3602658
3602658
4852951
3123071
3602658
5468281
3602658
3602658
1165662
3123071
1478423
3123071
3593703
3602658
2792688
2745094
2650772
3602658
2574925
840109
4829178
6371102
4852951
2027963
3602658
2483762
3123071
6262430
3602658
5333109
8636545
1011598
3123071
3602658
3602658
3602658
3602658
3602658
3602658
2359426
2483762
3602658
3123071
6262430
2483762
3123071
3602658
6262430
2483762
2483762
7707224
3123071
1478423
742387
3602658
5333109
604443
3123071
3602658
3123071
2745094
1086558
3602658
1165662
2483762
3368690
2574925
3602658
304122
6262430
3216454
1206810
3602658
3602658
3602658
6262430
3602658
2483762
3602658
3602658
8636545
6262430
5839912
2563603
3602658
2574925
3602658
3123071
8055827
8636545
8405496
3211450
3602658
3602658
3602658
1362978
6262430
3461779
1478423
3602658
1478423
1295705
7707224
1478423
4154865
2483762
8636545
3602658
5876226
3005878
3602658
7371475
1779675
6262430
1703697
2483762
3602658
1011598
3602658
2745094
941492
3602658
3602658
3602658
3602658
3602658
2483762
3602658
3123071
3602658
376184
5544633
3602658
4749433
2483762
2372622
6262430
2483762
3602658
2745094
3602658
3123071
3602658
1011598
3123071
1611664
3602658
1143035
6159484
1715754
1478423
3602658
3602658
3602658
3602658
1450162
3123071
7456716
1206810
3602658
3602658
6262430
3123071
3123071
2586487
2279265
3123071
2483762
1295705
1675353
2483762
4479988
944013
3602658
6262430
3602658
3123071
3123071
2483762
3602658
3602658
6586708
3602658
3602658
1478423
6262430
1367164
1155073
3602658
3602658
4205679
3123071
3864194
3602658
3602658
6262430
3602658
3123071
2574925
146497
2312745
3602658
8636545
3602658
5333109
3602658
5333109
3602658
3602658
3123071
3602658
6262430
2212039
6357717
2882602
3602658
3602658
3602658
1689591
909560
3123071
6262430
3602658
6262430
3602658
6262430
6521869
3602658
3602658
3602658
1219558
3123071
1295705
3602658
1219558
2586487
6262430
3602658
5135000
3602658
947349
3602658
5333109
6262430
3638831
3602658
3602658
1779675
1571263
2745094
5333109
6903703
2209498
6937593
3602658
3123071
3602658
4978961
3602658
3602658
3602658
2249614
3602658
6262430
6262430
1779675
3018981
2745094
3602658
3602658
3602658
3018981
2745094
2650772
2264652
3602658
1983511
3602658
3602658
3602658
2586487
1165662
4852951
3602658
3602658
2249614
3000866
3602658
1779675
3602658
3602658
3602658
595964
6262430
3602658
2745094
1551700
4205679
3602658
1206810
5333109
4978961
4852951
2483762
2483762
3602658
2483762
1062328
1721354
3602658
3602658
2483762
2483762
7456716
2483762
3123071
3602658
3602658
5135000
1302497
2249614
1551700
5468281
863182
605941
737704
1779675
879680
3123071
6262430
2282991
3602658
3602658
3602658
3000866
6262430
3602658
3602658
3602658
3602658
2574925
3602658
3602658
2546314
3602658
3123071
3602658
1844023
1212845
4852951
2574925
742387
2483762
3602658
3602658
5333109
2745094
3602658
2574925
5412735
3018981
1478423
2574925
8636545
6262430
1712888
1383534
3123071
3602658
3602658
2483762
3602658
3602658
2483762
2483762
3602658
3602658
3602658
2212039
3386317
231987
1295705
3123071
3602658
1206810
5557805
1715754
4852951
3602658
1715754
5073711
4298011
3602658
6262430
3123071
3602658
2279265
3602658
3602658
3123071
3602658
3123071
3602658
6262430
2900533
3602658
6262430
1011598
2162833
3602658
2745094
1206810
6357717
3123071
553868
3602658
3602658
1294305
2745094
3123071
3123071
6262430
1779675
3602658
329657
3602658
2761120
1023796
8555149
436478
5333109
3602658
3123071
3368690
3123071
1779675
3602658
1478423
2745094
3123071
7707224
2279265
7188043
2483762
4852951
6262430
3123071
3123071
1153789
1206810
3602658
2563603
4479988
1755902
1219558
3602658
4852951
3123071
2745094
3602658
3602658
2574925
3602658
3123071
3602658
6262430
3123071
3123071
4852951
2586487
3123071
6265210
6262430
3602658
7707224
3602658
3602658
3345557
7077824
3602658
3602658
3593703
6262430
1064435
6262430
3123071
3018981
3602658
2574925
3602658
7707224
7456716
1143035
2650772
3602658
3018981
3602658
3123071
2483762
5542374
6357717
3602658
762643
3602658
3602658
3602658
2483762
6262430
1669293
6743160
2249614
3602658
2483762
1478423
3602658
3000866
1219558
3123071
2249614
2483762
2279265
6262430
3018981
3211753
8636545
3602658
2745094
3123071
671934
1779675
3602658
3368690
1143035
4852951
3602658
1478423
3006186
6262430
3602658
2978054
2483762
3602658
2035680
3602658
3123071
408166
3602658
6476252
5333109
3018981
3602658
3123071
3602658
6262430
3602658
1611664
3602658
2745094
1206810
6262430
6262430
2835295
801440
1165662
2279265
3602658
3602658
239644
2650772
3602658
3602658
3602658
837955
2882602
3602658
1779675
2563603
3123071
3602658
3602658
2761120
5273673
372919
3123071
6262430
1592943
2563603
3602658
3602658
2989058
3798000
2616061
2586487
3602658
3602658
3602658
694121
3123071
2745094
2483762
3602658
3123071
2483762
2650772
785155
6262430
3602658
6262430
3602658
1715754
3602658
3123071
6262430
2574925
2574925
3123071
3605906
3602658
2483762
3602658
5876226
3018981
3602658
3602658
2574925
3530333
3602658
5100208
2211842
5333109
3602658
3123071
1219558
1199935
4852951
3123071
3018981
3602658
6262430
5333109
3602658
2586487
3123071
2059852
2050040
1715754
3602658
4852951
7145670
3225544
2279265
1703697
1852081
372919
2321094
3602658
3018981
2574925
3602658
3251207
4936027
3602658
7672481
8636545
2650772
1478423
6262430
6262430
2483762
1114766
3000866
3123071
3602658
6357717
546390
3602658
4852951
3123071
4147754
1801112
1089121
4852951
3602658
6262430
3123071
3211753
3593703
494276
3602658
2873465
4978961
3123071
3602658
4852951
1234426
6262430
7227066
2249614
3602658
2586487
1779675
2586487
3123071
3602658
1478423
1611664
1689591
2745094
3123071
3123071
3602658
2745094
2483762
2563603
3602658
3602658
2483762
1813123
3602658
6220877
4852951
2745094
3602658
3593703
1062328
2586487
3602658
4852951
3602658
1593549
2212039
2574925
3602658
3602658
3602658
3602658
2483762
2483762
3602658
3123071
6220877
2745094
3123071
3602658
5333109
618757
3123071
1478423
3602658
720689
6371102
6262430
3123071
8636545
3602658
3123071
3602658
222799
3018981
4936027
3602658
1847406
3602658
3123071
3211753
2745094
3602658
1703697
3602658
165214
3602658
2483762
2574925
5333109
648033
3123071
6047237
3602658
5333109
2745094
3602658
3602658
6711218
3602658
1206810
1611664
3602658
4961623
3602658
3602658
2641817
2483762
3602658
3602658
3123071
6262430
3602658
6262430
8555149
3602658
2574925
3602658
4852951
1478423
2745094
2249614
1779675
124982
3602658
2869759
6377570
2483762
5291556
3602658
742387
2483762
1263081
6371102
1295705
1155073
6357717
4749433
2574925
3123071
3918379
1478423
2483762
3602658
3602658
3602658
3602658
1478423
6262430
3602658
3216454
3353623
3593703
2745094
4852951
3123071
3602658
3602658
695227
1941907
1715754
3602658
3602658
1715754
3018981
1165662
1165662
879680
1367361
6262430
3602658
2655946
1715754
3593703
3602658
1547432
3602658
1385390
3602658
3930825
2483762
3918379
4948238
4749433
3602658
3602658
1715754
3123071
3123071
1779675
3082679
1478423
1206810
3602658
3123071
2563603
3602658
3123071
2574925
671934
5333109
592528
3123071
1165662
3602658
2745094
2586487
2620376
1131405
3123071
1171590
2212039
3123071
3602658
720387
1114766
3602658
5333109
3000866
1478423
2483762
3123071
2249614
5333109
2745094
3123071
3123071
2574925
2483762
5135000
3602658
3602658
1219558
6262430
763104
2574925
5441781
6262430
298726
6262430
3123071
1544241
3602658
3602658
3602658
3602658
3602658
3123071
3602658
3602658
1715754
1187622
2785014
3602658
3602658
3123071
1011598
6262430
5333109
5876226
2088477
2740038
2833385
2483762
2574925
3123071
2279265
3602658
2745094
1478423
358891
3602658
3602658
7494171
3123071
3018981
3274551
3593703
3602658
781905
3602658
6262430
3602658
2586487
702157
1755902
6262430
3602658
3602658
3602658
5897412
3602658
3602658
2483762
2249614
3602658
3006160
8555149
3123071
2483762
3602658
4852951
3123071
1675353
3602658
2279265
3602658
5333109
3123071
6262430
3593703
2279265
3602658
1964596
3602658
2574925
3123071
3602658
6262430
6263002
3602658
3602658
3602658
6262430
1295705
2282991
3123071
582200
3602658
5333109
6586708
3602658
3000866
628721
3123071
2745094
8636545
3602658
595964
2483762
3602658
3602658
6262430
4256426
3602658
3123071
3602658
7640539
7227066
1111000
3602658
2745094
2175552
784816
3602658
3602658
4852951
1143415
3602658
3602658
6262430
5333109
2483762
3602658
2563603
3123071
3123071
3602658
3602658
2483762
3602658
326400
3123071
1011598
1551700
3602658
3123071
3602658
2483762
1779675
3123071
3123071
1837951
6220877
3123071
1593549
3123071
2359426
3602658
3602658
5333109
5876226
3602658
6262430
3602658
3602658
3602658
3123071
2359731
3602658
813335
6554440
2888532
1109660
3602658
5333109
3602658
3123071
6413281
2563603
4995912
3602658
3602658
3602658
1171590
3602658
1023796
2888532
2279265
2586487
6262430
2745094
5333109
2620376
1206810
4852951
3123071
3602658
3461779
935152
1689591
771974
2483762
1430987
5333109
5845034
3602658
3602658
1978935
2483762
6262430
2645238
1779675
3602658
8636545
3602658
6047237
1789554
3216454
2387735
8219625
5333109
3593703
3123071
3602658
3602658
2745094
3123071
2586487
2745094
2483762
3602658
2321094
2586487
3602658
7227066
2650772
6262430
3602658
1206810
2212039
3602658
3602658
3123071
3602658
3602658
2483762
3018981
3593703
6262430
3593703
3289367
3123071
7145670
2574925
7538609
2483762
3602658
760342
784816
2483762
4948238
3602658
3602658
3602658
1259956
3123071
3123071
3123071
6127310
4454380
6262430
3123071
2483762
3123071
6262430
3123071
3602658
3216454
2483762
3123071
876873
1155073
7468178
5333109
6262430
3602658
6262430
3602658
1978935
2745094
3602658
2745094
3602658
3123071
3602658
2483762
5333109
3602658
5333109
1779675
6377570
6262430
3505691
3123071
2483762
3602658
762643
2483762
3123071
1478423
2483762
3123071
1703697
2483762
6262430
3602658
1171590
3505691
3602658
6961757
4852951
3602658
6262430
2574925
3602658
6262430
3602658
3602658
3123071
3123071
3602658
3123071
547888
3602658
4749433
2745094
1620479
3602658
3602658
3602658
3602658
5428396
457467
3216454
3123071
3123071
3602658
3602658
582200
3018981
1165662
6262430
3216454
4852951
3123071
2523044
3602658
2745094
2586487
3123071
2586487
1689591
3602658
3602658
3602658
3602658
1478423
3602658
3602658
3602658
2483762
3018981
3123071
8636545
3018981
4749433
6397602
3123071
6262430
3602658
2483762
3602658
6262430
3602658
2249614
1847406
757435
2483762
8423492
2926090
2574925
1219558
3602658
3602658
3602658
3602658
3602658
2574925
8636545
2745094
3602658
2483762
3602658
3602658
5333109
3602658
2745094
2745094
3123071
3602658
5333109
3602658
3123071
2586487
3602658
3602658
1715754
3602658
6442432
1424032
3602658
3123071
3602658
1011598
3602658
3602658
1551700
3602658
3593703
6262430
3602658
3123071
1165662
2723461
979542
700758
524264
2810206
3602658
1250519
3602658
4147754
3602658
5544633
2483762
3602658
2483762
899353
2586487
6262430
3123071
2650772
6262430
1958727
266370
1295705
1779675
2483762
4995912
3123071
3602658
2033412
3602658
2574925
3602658
7249391
3602658
1715754
2483762
3602658
1715754
3602658
2483762
6262430
2574925
4852951
3602658
2745094
3123071
691261
3602658
6263002
3123071
4615312
3602658
6262430
3602658
3123071
2483762
3123071
1023796
2483762
5943719
2586487
3123071
711251
3000866
3602658
2279265
1779675
3602658
2483762
4961623
5333109
3602658
3602658
3602658
6262430
2279265
223729
3602658
1206810
6262430
837955
3123071
3602658
2574925
3602658
6262430
2279265
1757102
7227066
3602658
2745094
2249614
2483762
3602658
2574925
5333109
6262430
2483762
2700958
4852951
6891353
2483762
3602658
3602658
3602658
3602658
3602658
2574925
3602658
1219558
6961366
1365143
1779675
2563603
5333109
3602658
226362
2574925
3602658
3602658
3602658
1747577
2483762
6357717
2745094
1689591
3461779
1592943
3602658
3593703
1062328
276690
3602658
3602658
3123071
2650772
3123071
3602658
6262430
1779675
3123071
582200
7456716
3123071
3123071
1644200
6262430
3461779
4298011
3593703
3123071
1715754
3725521
3630279
3602658
6262430
5971513
1551700
3602658
1779675
3602658
5964100
2574925
3123071
556782
3602658
2359426
2586487
6262430
3602658
2359426
3602658
1978935
6262430
3123071
3602658
2483762
3123071
3593703
1779675
3602658
1011598
6262430
4995912
3602658
1534077
3123071
1779675
2212039
1165662
3274551
3602658
2650772
3602658
3602658
3059433
3602658
3602658
6616026
2586487
1703697
1478423
2574925
1611717
2483762
3123071
3123071
3461779
5941518
1219558
3602658
3123071
6262430
4852951
613679
3602658
1675353
3602658
3602658
2483762
2483762
2212039
2483762
2483762
6262430
1598869
1219558
2483762
3368690
1155073
6262430
505598
1219558
3602658
1219558
762131
3000866
6262430
373654
3602658
6262430
1221283
3602658
3602658
3123071
326400
6262430
7707224
3123071
3602658
1219558
1779675
3630279
3420699
3602658
3602658
3000866
3000866
4749433
3602658
3123071
1779675
2745386
4852951
3602658
3602658
2574925
2586487
3602658
2563603
1779675
3123071
3602658
3602658
3602658
5333109
2483762
3123071
3602658
3602658
3123071
2279265
695227
2483762
4154865
6262430
3602658
1964596
5333109
2745094
3602658
1779675
326400
3123071
3602658
2483762
3593703
2249614
6262430
3602658
3123071
3123071
6262430
1715754
4154865
6743160
3602658
2483762
3602658
4154865
5333109
3602658
1478423
2745094
3602658
3602658
1478423
3123071
3602658
4852951
3602658
3602658
3174339
6743160
2249614
5333109
1478423
3602658
3602658
4852951
3602658
5707648
3998132
2745094
3018981
6262430
1206810
3602658
2483762
2563603
3593703
5333109
8017670
2483762
3602658
3602658
4852951
3602658
6262430
6533172
3018981
2215437
3602658
572601
2745094
5135000
1155073
900620
3602658
5544633
8555149
3602658
3593703
3123071
5333109
6262430
3602658
3593703
1478423
8555149
1318785
6262430
8555149
6262430
3602658
4568152
442177
3602658
3602658
3602658
3123071
3602658
2355866
6262430
3602658
6320070
1478423
2586487
3123071
4165866
3602658
3602658
3602658
2124342
7042152
3602658
3123071
3225544
3123071
1837951
3602658
6262430
5333109
2249614
2586487
4852951
2249614
3602658
3602658
3123071
1062328
3602658
3123071
2650772
1779675
6348667
3602658
3123071
3602658
2745094
2483762
3123071
3602658
8555149
1703697
564481
3602658
3602658
3602658
3602658
3602658
3602658
2288757
3602658
6262430
3602658
1478423
2483762
3602658
3139005
3123071
3000866
4852951
3018981
3602658
2483762
4778327
3602658
2574925
3602658
3602658
3602658
3602658
8636545
8636545
3602658
2483762
3123071
3602658
3602658
3123071
1165662
2212039
3123071
8370845
2650772
6262430
6357717
2520774
2574925
3602658
5333109
1543564
3123071
3602658
6262430
1715754
947349
1888360
3216454
5081586
6262430
3670743
1779675
1478423
3602658
3602658
3602658
4852951
6262430
592528
3602658
3602658
1155073
4654897
3602658
2483762
3602658
5753842
769132
4852951
2689753
482397
3123071
2483762
3602658
3602658
3123071
657884
2745094
3602658
3123071
3602658
2270310
2279265
801440
6262430
3006160
2321094
3602658
2650772
2483762
3602658
4978961
5333109
3602658
4852951
1964596
3602658
2563603
3602658
3018981
2650772
2211805
436495
1171590
3123071
1295705
3602658
2745094
6263002
2483762
4749433
3602658
6262430
3602658
2689753
3602658
887308
3602658
4852951
2249614
3290364
6262430
2745094
6262430
3123071
934043
604443
1715754
762643
1478423
6903703
2745094
3602658
557418
3602658
3602658
3123071
2483762
2483762
3602658
6262430
1090876
6262430
756102
3602658
3602658
1779675
2745094
5544633
6442432
1165662
3602658
3602658
3123071
2761120
1715754
3602658
3602658
2483762
4749433
3602658
3123071
1333567
2574925
3000866
3123071
3123071
742387
3602658
7672481
3123071
6262430
2318348
6220877
3123071
3602658
3123071
3602658
3602658
4852951
3602658
3602658
7145670
1478423
3602658
2745094
3602658
1567386
6564129
2650772
3018981
1478423
403578
3059433
3123071
4852951
2483762
2563603
42138
4852951
3602658
2483762
1703697
870100
6357717
8636545
2483762
3123071
3602658
2483762
2483762
1295705
830060
2507270
582200
3602658
3602658
3602658
7123548
3123071
2483762
2586487
1295705
3602658
2745094
1116549
1689591
5333109
1757102
2279265
3602658
3602658
3602658
2279265
895157
3602658
6262430
810237
3602658
3602658
3123071
2586487
837955
5333109
4852951
821196
2745094
3602658
3602658
3123071
3602658
4749433
3602658
3602658
329846
3602658
3602658
3602658
2563603
1165662
2745094
3123071
3602658
762131
3018981
2650772
3602658
3602658
3123071
2574925
934074
7227066
3602658
3602658
1779675
7456716
3123071
3123071
3602658
3123071
3602658
3602658
3602658
3602658
3602658
4995912
3602658
771974
1779675
5333109
3602658
3123071
3123071
762643
4085248
3602658
6262430
1715754
3602658
1206810
3602658
2574925
3602658
383723
403525
2483762
2745094
2574925
1779675
3602658
6371102
3602658
2574925
5441781
2745094
1023796
3593703
2563603
2359426
4852951
4749433
2650772
3602658
4749433
6262430
6262430
592528
3602658
1221283
6220877
466100
6262430
3123071
439557
2483762
3123071
3602658
3602658
720395
2027963
1990695
2483762
3602658
1478423
3602658
6262430
1703697
691383
8555149
3602658
1779675
3602658
3123071
3123071
1187622
8555149
2574925
2745094
1069446
3602658
3602658
7306891
2279265
5333109
1412442
1011598
2116710
4852951
3602658
2586487
3123071
3320473
3602658
1366648
3602658
3123071
3602658
2745094
6357717
8555149
2359426
3602658
2574925
7672481
3602658
1008084
2745094
2447338
2745094
3602658
4084210
6262430
1171590
2279265
3602658
1779675
3123071
3123071
1143035
3602658
3602658
3123071
2483762
2563603
4928277
3602658
762131
3602658
3602658
1295705
1852081
3123071
3123071
1478423
3123071
5291556
5333109
3602658
4749433
3602658
2745094
2563603
2483762
1990695
6262430
1779675
4852951
2212039
6262430
4961623
7227066
2483762
3602658
2745094
6262430
3602658
3602658
3602658
3602658
2574925
7483761
3123071
3602658
2483762
5333109
3602658
3602658
1219558
3602658
2483762
2574925
2574925
3602658
3602658
3123071
1182903
215857
3602658
3602658
1562323
1620479
3602658
2745094
1779675
3602658
1155073
1171590
1847406
2745094
2352056
3602658
3602658
3602658
2483762
1715754
6306669
3211753
4852951
3123071
2745094
2586487
2745094
1611664
3602658
3602658
3602658
2121142
1551700
3158027
3123071
3593703
3123071
3123071
2483762
6262430
3602658
3602658
3602658
3602658
3602658
2745094
2574925
1424032
6220877
3123071
2574925
4421096
3018981
1206810
3602658
3602658
3602658
4936027
539642
2483762
3602658
2745094
1206810
6262430
634964
2642061
3602658
1056777
2212039
8609689
3123071
3602658
3602658
3602658
3602658
3000866
3018981
3123071
3602658
3602658
3123071
2574925
5291556
1893378
3123071
1721427
3602658
3602658
4852951
6262430
8636545
3602658
2483762
1478423
463548
1551700
3602658
3602658
3602658
4448119
3602658
1221283
3018981
1165662
3018981
2033412
3123071
5333109
3602658
8555149
3602658
2483762
3569482
3602658
2563603
6262430
3216454
3602658
3123071
1853096
3602658
3593703
3602658
3602658
1211583
3593703
3123071
3123071
1562887
3602658
964199
2483762
2352056
3602658
3123071
2641868
3602658
2249614
3602658
5333109
3602658
3000866
1592943
4778327
2574925
3602658
3656334
3602658
250361
2483762
3123071
3602658
2483762
3602658
1990695
2047181
3123071
1361909
3602658
3123071
3602658
3123071
6262430
2483762
3602658
2212039
3602658
2483762
5333109
3123071
2745094
7123548
3602658
2312745
3449489
2833385
3123071
3602658
6262430
3602658
3602658
3602658
4147754
3602658
1155073
3123071
3602658
3602658
2483762
2097520
3602658
5291556
3602658
813335
2745094
3123071
1551700
1234426
3602658
3593703
3602658
3602658
2447181
3123071
3123071
1478423
3123071
4031636
3602658
3602658
1779675
3018981
3216454
5333109
3123071
573811
3602658
6961366
3602658
3602658
3602658
3123071
2745094
7058451
786726
3123071
2586487
3602658
3602658
4093723
3123071
3123071
2483762
820333
2512741
2586487
1779675
3602658
2086680
2645238
3018981
6262430
3602658
2483762
3602658
3602658
2745094
2321094
1779675
3602658
1722065
7672481
3602658
4852951
5333109
2574925
3602658
2483762
7672481
2574925
3602658
2086680
650629
5333109
3602658
3602658
1219558
3602658
2574925
3602658
3123071
2574925
3018981
4852951
3123071
7042152
3123071
3602658
3602658
776925
7291072
2483762
3123071
3123071
2483762
3602658
4066591
553868
3602658
3000866
2153558
3602658
3602658
2483762
1219558
1471207
6262430
3602658
3602658
3123071
3000866
306063
4852951
3593703
3123071
3593703
3602658
2279265
3123071
2359426
1187622
4852951
3602658
940223
3602658
2650772
3602658
3602658
452558
3123071
3123071
2483762
3123071
1798555
1155073
2249614
6961366
3602658
3123071
8636545
3602658
4749433
1569948
3602658
3018981
1143035
3602658
5876226
6639161
6262430
3602658
6357717
1122405
3123071
2483762
2483762
2483762
3602658
2279265
3602658
762131
3123071
3123071
1383534
3602658
1983511
3602658
2700958
3602658
5333109
3593703
4877895
3602658
3602658
3602658
2950831
6262430
2279265
6262430
7456716
2295677
3602658
3602658
3593703
653583
3123071
3602658
3593703
6262430
3602658
6262430
3602658
6262430
5333109
3602658
3602658
6262430
7123548
1969463
5333109
297811
3602658
2745094
1689591
2483762
3602658
2483762
2620376
1703697
3602658
1779675
3602658
2483762
5333109
3123071
2483762
6262430
1779675
3602658
4454380
3123071
6262430
227165
3602658
3602658
4936027
4995912
3602658
3602658
3602658
1861681
2833385
3593703
728087
3123071
2483762
2574925
3602658
3602658
4479988
3602658
3602658
3593703
3304328
2372622
3602658
2745094
1219558
3972331
3602658
3602658
1759125
2574925
4852951
3602658
2869759
3602658
1715754
6410187
6262430
3602658
2483762
3123071
4978961
2574925
3602658
2574925
3123071
3602658
3602658
3602658
6262430
6047237
1171590
2745386
2212039
3602658
672291
1383534
3602658
776988
3602658
6397602
2273196
3123071
6231060
3602658
3602658
1969463
2745094
3602658
3602658
1715754
1551700
6262430
1553603
6262430
3602658
1990695
3602658
2483762
2483762
3123071
4829178
2483762
3602658
3602658
2483762
3602658
2483762
5333109
3123071
3602658
539642
3602658
6262430
3602658
3602658
3602658
2483762
3602658
2483762
3123071
3602658
2212039
2483762
3602658
5428396
2956541
1689591
3602658
2249614
3602658
2563603
5333109
3602658
3602658
3602658
1362978
3602658
2745094
7707224
3018981
3602658
7227066
8636545
3602658
3588825
3602658
527225
2978054
604443
8636545
1219558
3602658
3602658
3602658
3602658
2388127
2740038
3602658
608646
3059433
2483762
4298011
3602658
4829178
3602658
3602658
3602658
1779675
2745094
3602658
5333109
3251207
3123071
3602658
3602658
6263002
3602658
3123071
2745094
4948238
3602658
3602658
3000866
3123071
3123071
3602658
3602658
3602658
3123071
5420892
3602658
3602658
2483762
2745094
8636545
2483762
3602658
2574925
3602658
536603
3602658
3602658
2483762
6262430
3602658
3018981
6262430
3602658
2483762
3123071
2745094
3602658
1219558
1504218
2097520
6262430
1295705
3602658
3602658
3602658
3602658
2447829
2745094
3602658
3602658
3602658
6262430
3602658
2359426
3602658
2574925
3602658
1715754
3602658
2619956
4154865
2745094
4749433
3602658
1206810
3602658
3602658
3602658
6357717
3602658
8636545
3602658
3593703
6262430
3602658
3602658
4987592
276497
7707224
3602658
3602658
3123071
3602658
6357717
8636545
3602658
6262430
5333109
3123071
7014013
7227066
3123071
738085
3123071
3602658
691261
3722009
1206810
1165662
2745094
3602658
231987
3602658
6262430
3602658
2483762
2574925
3602658
6262430
3602658
3602658
3605906
2249614
3123071
6262430
1779675
2574925
3123071
7042152
3602658
3602658
3602658
5333109
2745094
2212039
2249614
6262430
6262430
7707224
2745094
6262430
3602658
3123071
1083048
6262430
1219558
691261
6357717
3602658
3602658
3602658
3602658
3593703
2745094
2279265
253946
3216454
3211753
3602658
3123071
1295705
2483762
3123071
3602658
3602658
1715754
3602658
3123071
1675353
3602658
3602658
2483762
3123071
3602658
1478423
1206810
3225544
2483762
3123071
7707224
3602658
2745094
3602658
882584
4924465
3602658
3059433
3123071
1779675
1703697
3602658
2745094
2882602
2745094
3602658
3602658
3123071
4852951
3602658
3123071
4749433
2483762
2745094
3602658
3123071
3602658
5333109
2006578
3602658
3602658
3602658
2483762
4937424
4135154
2270310
3602658
3602658
3123071
3602658
3602658
917715
6527395
3602658
3602658
3602658
3602658
2745094
3602658
2761120
1779675
1478423
1171590
3602658
3602658
3602658
3355126
2650772
3602658
5333109
2761120
3123071
1715754
1165662
6262430
3602658
3602658
2483762
2483762
3602658
3018981
592528
2483762
3602658
1990695
2574925
5333109
3602658
1478423
6636690
2745094
3123071
5333109
4205679
6262430
3602658
3602658
3602658
7145670
2745094
1779675
3602658
1208510
2574925
3123071
2650772
3602658
6262430
2483762
1234426
2650772
6262430
4066591
3274551
2483762
1852532
2279265
3123071
3602658
762131
3602658
6371102
2574925
2372622
1478423
3123071
6262430
3602658
3602658
3602658
2474471
2745094
2574925
2873465
671934
3602658
3602658
2359426
1759031
4852951
6262430
3602658
3123071
3602658
3602658
2586487
2483762
1715754
3602658
2761120
2006578
3602658
3593703
4852951
3123071
3580079
4932577
1675353
3602658
3000866
5333109
3602658
3123071
3602658
2466016
3123071
3602658
3602658
8555149
3123071
3123071
2212039
1221283
3602658
2882602
3123071
4479988
6262430
1722065
5333109
548098
1779675
5333109
2574925
2745094
3018981
3602658
5031441
3968758
2745094
3593703
3602658
3123071
3593703
3602658
2220800
3123071
2745094
8636545
3602658
3602658
6262430
1001390
3000866
4995912
3123071
3602658
7712498
4852951
3602658
3602658
2586487
2359426
1837951
3059433
3602658
4852951
2483762
3602658
2755055
3602658
1547432
6262430
3602658
373654
3123071
3602658
3602658
3602658
2279265
5333109
5333109
4372984
3602658
5333109
2483762
4571866
2574925
3602658
4852951
2483762
2620376
495206
1295705
3602658
3602658
3602658
3602658
6262430
2745094
1703697
1779675
2483762
3602658
3602658
3123071
4852951
2483762
6262430
3123071
7405573
1969463
2270310
605503
6357717
5291556
1171590
2483762
720689
6262430
3123071
3602658
7707224
3602658
3602658
3593703
3602658
1478423
3602658
2359426
7227066
6262430
3123071
6262430
3602658
4852951
3123071
3602658
3602658
5333109
1439647
3602658
3602658
1738985
4703007
1171590
613679
3602658
6262430
3602658
3018981
1779675
2321094
3602658
1568130
3602658
1779675
3602658
6262430
1478423
1689591
6262430
3123071
3602658
2745094
1547432
3123071
4344352
3123071
2574925
2641817
2249614
3602658
7229435
3001893
3123071
3602658
3593703
2828202
2162833
1779675
2483762
7698487
3123071
3123071
2833385
3602658
3602658
8636545
1847406
6262430
486964
2483762
3602658
3602658
2249614
2745094
2745094
4372984
3123071
3602658
628641
3289367
3602658
282481
3602658
1478423
3602658
2989058
2574925
3602658
1843547
3602658
1188772
7707224
3602658
3018981
2586487
2574925
1759195
3602658
1779675
3123071
2279265
1689591
2483762
1219558
374616
3602658
3602658
5333109
3602658
3602658
3602658
3602658
3602658
5707648
3602658
383583
3470737
2586487
3602658
2483762
3602658
899353
3602658
2563603
3602658
658185
2745094
3602658
6262430
1492154
3123071
6262430
4749433
4749433
2483762
3602658
3602658
3123071
3602658
3123071
8636545
3602658
2279265
3602658
3602658
3000866
3602658
3000866
2745094
5428396
3000866
1779675
6371102
2745094
6262430
3602658
2279265
3602658
3602658
3123071
6262430
6262430
3602658
3602658
3602658
2483762
3602658
5333109
3018981
3602658
2264652
1964596
2483762
7123548
3602658
762131
6342056
3123071
4298011
3602658
3018981
4749433
2483762
5552278
515096
5333109
3123071
2023720
4154865
3018981
2650772
3602658
1253912
6303019
2483762
899353
4479988
5333109
4852951
3602658
3602658
6262430
3018981
1171590
2745094
3203619
3123071
3602658
1295705
6047237
3602658
2563603
3602658
3602658
3602658
6357717
3602658
3602658
3593703
2563603
2577532
4852951
2249614
3123071
1206810
645045
4948238
3602658
3158027
3211450
3602658
3602658
3602658
8370845
3602658
3602658
3602658
2483762
1986049
2483762
3602658
3602658
3018981
6262430
3602658
3602658
2483762
3289367
1757102
6262430
6262430
3123071
2359426
6377570
3602658
3602658
5420892
2745094
4037460
2483762
2650772
3123071
2574925
4852951
3602658
3602658
4749433
977296
3602658
3123071
4852951
2474471
2586487
3602658
3602658
539642
3602658
2745094
2483762
3602658
3593703
4086985
1206810
3216454
6262430
2212039
2745094
3000866
3602658
2641817
1221283
2650772
3602658
2483762
671934
1585501
1295705
3000866
3123071
3123071
6262430
2745094
4970489
3602658
3602658
3123071
2279265
6262430
7672481
1062328
3602658
1779675
2483762
6262430
2102995
3602658
5135000
3602658
3602658
4450766
2483762
553962
389862
3602658
3602658
8555149
3602658
3602658
1206810
1116037
3602658
1551700
1478423
2745094
6262430
4470911
1689591
6300114
3602658
3000866
2563603
3602658
3602658
5071199
4298011
579127
3123071
2650772
7672481
3602658
3602658
3602658
2745094
840109
118400
301437
6397602
2650772
3602658
3602658
3593703
6357717
6262430
2483762
6262430
3602658
4852951
3602658
3602658
436478
3226195
6262430
3602658
2978054
3602658
3602658
3602658
1592943
3602658
3602658
850609
2544898
8636545
3602658
3602658
3059433
6685424
3123071
3123071
3602658
2359426
3123071
5333109
3018981
3602658
5273673
3602658
1478423
3602658
3602658
3018981
2563603
2483762
2745094
3602658
3602658
7227066
7145670
3602658
3123071
4995912
776988
1165662
3602658
3602658
3602658
2806863
3602658
3602658
1478423
3669509
4454380
4163663
3602658
3123071
5333109
2279265
3602658
3123071
3602658
6262430
2312745
3602658
3602658
3602658
1288312
813335
3602658
1562887
8555149
1317493
2249614
2212039
6743160
2745094
2483762
3602658
5333109
5333109
6262430
3602658
1206810
5333109
3593703
3125748
3602658
3602658
3602658
3602658
3123071
6262430
3602658
538545
3123071
2483762
3225544
1165662
4852951
3602658
1551700
3602658
2620376
2483762
4852951
1206810
3123071
2575782
3602658
3602658
3602658
3602658
2483762
5333109
2483762
762131
406963
3602658
3123071
5792000
3593703
3602658
3602658
3602658
3602658
3602658
1478423
6954933
3722009
3602658
2483762
1611664
2212039
1478423
3602658
3602658
2249614
3630279
3123071
3602658
3602658
2483762
3602658
6262430
2563603
3602658
3602658
3602658
2483762
3602658
2563603
3305624
3602658
3602658
3602658
1779675
7707224
2745094
8046169
2563603
2483762
3123071
2563603
4811398
3602658
3602658
3602658
4778327
2483762
3123071
1219558
3725521
1779675
3602658
3602658
3123071
3274551
3123071
6262430
2483762
3123071
4749433
3123071
1944276
3602658
2377974
2641817
2483762
2483404
2483762
1011598
1779675
6262430
2650772
2574925
3304328
1165662
7707224
2372622
2483762
3602658
328682
5860392
3602658
3602658
3123071
4852951
3123071
2563603
5333109
2574925
3602658
2520774
670112
3018981
3550667
3593703
2321094
3123071
6262430
2279265
1779675
4684873
2483762
6262430
3225544
3000866
3602658
2097520
3123071
6743160
2350858
3722009
2359426
3602658
3602658
3602658
3123071
1219558
6262430
2483762
1722065
2483762
3602658
6262430
3602658
3602658
1492243
3602658
3602658
3602658
3123071
2520774
1779675
3123071
3602658
6262430
793260
4282926
2086680
3123071
1225471
5333109
2745094
3602658
3602658
5333109
3602658
3123071
3602658
3593703
3602658
3216454
6094615
2574925
1779675
6262430
4852951
3123071
3602658
1219558
3602658
3602658
89962
3602658
2574925
539642
3593703
1219558
3602658
6262430
3602658
6262430
2574925
3602658
1585501
3123071
3123071
3602658
6262430
2745094
1023796
3602658
6262430
8636545
830060
3602658
3123071
1383534
2785014
2650772
3602658
3602658
3123071
3602658
3353623
3602658
2249614
4135154
3123071
7672481
3234342
3225544
3602658
1779675
3123071
3602658
3602658
3602658
3593703
2620376
3602658
3602658
3602658
2321094
7441524
3602658
3602658
1155073
3602658
2027963
3602658
1211608
2483762
6262430
4932577
3602658
3000866
1611717
3123071
1703697
2745094
3602658
2117282
378222
3123071
3602658
3602658
1114766
1983511
3602658
3602658
2483404
2483762
3602658
3602658
3602658
3602658
1478423
3602658
3602658
3602658
3602658
3602658
4852951
8636545
2745094
3593703
6820818
921961
3123071
3123071
1779675
3018981
3378523
1219558
3602658
3602658
5333109
3602658
3123071
3602658
5428396
3602658
3602658
4852951
2574925
1779675
4852951
2483762
3000866
1478423
1008084
3018981
3123071
3123071
2483762
3602658
3123071
3602658
3602658
7123548
2650772
2745094
3216454
6262430
6262430
2574925
6721697
5333109
3123071
3602658
2942153
3602658
2483762
3602658
3602658
2279265
3602658
3602658
2279265
5420892
3602658
3205109
1551700
3123071
1715754
2483762
3123071
3123071
2563603
3602658
813335
3602658
3593703
1703697
3602658
3602658
3602658
438081
346337
3602658
5137956
4852951
2574925
5333109
1757102
1703697
1779675
3602658
2650772
2264652
783620
3602658
1585501
2279265
2882602
4282944
3602658
3123071
5333109
3602658
1478423
3602658
3602658
3602658
4749433
3602658
3602658
6357717
3123071
3018981
2761120
612418
917715
1655493
5333109
3602658
3602658
3123071
3602658
6262430
5333109
2483762
3018981
1837951
3602658
2563603
3998132
2745094
548098
6262430
4372984
3602658
2586487
856933
3602658
3602658
1593549
6262430
5333109
3602658
5544633
3602658
3123071
3602658
6262430
3602658
3123071
1143035
3602658
1964596
6262430
3602658
2563603
989417
1478423
1155697
1206810
557418
3602658
3602658
3602658
3602658
2483762
2388064
3602658
3602658
4749433
5333109
557418
2483762
1165662
7817657
3602658
3602658
3602658
6262430
2745094
6262430
3018981
2483762
720387
1206810
3602658
6262430
757435
3123071
2650772
3602658
3602658
3216454
3490316
3123071
2745094
3018981
3602658
3123071
4225482
3000866
3018981
2802919
6262430
6357717
2761120
3602658
3602658
3602658
3602658
2483762
8370845
3602658
3602658
6262430
2483762
664808
3602658
391728
3602658
1219558
3412998
3602658
1295705
3602658
3123071
1165662
3602658
3602658
3123071
3602658
2483762
3602658
3123071
1478423
1585501
3602658
3123071
3018981
3602658
3602658
3018981
2279265
3158027
6262430
3123071
5333109
3602658
3123071
3018981
2745094
8636545
2483762
3602658
3602658
4957838
1008084
3602658
1011598
4948238
3602658
2167945
3602658
2650772
3216454
3602658
2745094
1949300
3602658
3602658
8636545
5333109
5291556
3123071
3123071
5468281
3602658
2483762
3123071
3602658
3123071
3602658
6262430
1715754
2833385
3602658
2745094
6262430
7229435
4749433
3123071
3123071
2483762
8487303
278461
7227066
1779675
4978961
3123071
2483762
1253912
5707315
2359426
2156362
7672481
3602658
1621379
3602658
3123071
1715754
1478423
6262430
2483762
3602658
3602658
3602658
2745094
3602658
3018981
5333109
2483762
3602658
3123071
1978935
1165662
2574925
557418
7483761
3602658
2483762
3018981
2882602
6262430
1131405
3602658
3602658
3602658
2483762
7004943
6262430
2483762
3123071
6262430
3123071
436478
3123071
1742804
2745094
3123071
6262430
1206810
6262430
2483762
3602658
3123071
3602658
3602658
1551700
845107
672291
3602658
3602658
6262430
3602658
6869422
3123071
2483762
3123071
2483762
3602658
3602658
3602658
3602658
1689591
3602658
3602658
2483762
3602658
1478423
3000866
3123071
3123071
3602658
2249614
6262430
7538609
3602658
3123071
3602658
2483762
742387
2483762
2249614
3304328
3602658
2483762
3602658
3386317
7249391
1206810
3602658
3123071
3602658
3123071
3602658
3602658
3602658
3123071
3602658
6371102
3602658
720387
3123071
8555149
1715754
2574925
3602658
3123071
2607092
2586487
3123071
6639161
2586487
5333109
3602658
6262430
3602658
3123071
4852951
3602658
3000866
3602658
1062328
7707224
1295705
1779675
3123071
3602658
3018981
2318348
3229027
5333109
3602658
6262430
771974
1478423
3123071
1715754
1206810
3000866
3123071
6262430
3123071
873599
7672481
4084210
1219558
3123071
3353623
4344352
3000866
3123071
2650772
1062328
3123071
2483762
2483762
1165662
3182974
3123071
3602658
5333109
3602658
1509992
5333109
3532175
3602658
3602658
7707224
7568482
3602658
723594
3602658
3123071
899797
7672481
4066591
2483762
2483762
1715754
4829178
6241539
2249614
3123071
1295705
3602658
3123071
2563603
4829178
6262430
2483762
2483762
3968758
2586487
3602658
3602658
3745324
3602658
3602658
3602658
2483762
7456716
2483762
3602658
3602658
4298011
3602658
3602658
3123071
1165662
2483762
252676
3602658
384730
4852951
720689
2321094
2483762
3602658
4852951
384184
6262430
3123071
3602658
3602658
3602658
4852951
2574925
3602658
2574925
3602658
8555149
3055155
1219558
350739
3602658
5135000
3602658
3602658
2483762
390228
6371102
2650772
6263002
3602658
2483762
3602658
7707224
3602658
3602658
5417539
6262430
2483762
2483762
3602658
3602658
2745094
720395
3602658
2279265
3602658
863182
1083048
6262430
3602658
2652824
2264652
3602658
2574925
2279265
3602658
6262430
1219558
3602658
8219625
2761120
3918379
3123071
3123071
2761120
3602658
2574925
3018981
6262430
2745094
4852951
3123071
3123071
3602658
3602658
6262430
2563603
3602658
3216454
1509992
3461779
2574925
3602658
3602658
3602658
164747
2483762
2745094
2483762
5333109
6309763
3602658
1295705
951471
3602658
2483762
7123548
6371102
7194531
3123071
5291556
3018981
7707224
102423
518487
3602658
4610314
2483762
5333109
694073
3123071
3602658
6262430
2483762
1715754
3123071
2483762
3123071
7249391
3602658
3602658
3123071
6262430
6262430
3602658
2650772
3602658
2483762
8636545
1360859
3602658
1611664
1165662
3602658
2745094
3602658
3602658
3602658
8555149
6262430
3123071
6262430
4852951
3602658
6262430
3123071
3123071
1165662
6262430
2563603
3018981
1478423
1682767
6262430
3602658
5333109
7456716
2295677
2500270
3602658
3123071
1165662
1689591
1219558
3000866
3602658
3602658
3602658
2483762
2287339
2483762
3123071
3602658
1837951
6262430
3123071
3602658
2745094
3602658
2212039
6262430
2761120
3602658
3602658
2483762
1837951
1722065
1779675
2249614
1689591
3602658
3123071
2483762
7707224
3123071
3602658
443761
2745094
3602658
3602658
3602658
3602658
1715754
3602658
3123071
3602658
586587
3602658
4852951
3602658
6262430
2483762
3602658
3059433
2806863
3602658
1779675
2745094
911031
3602658
602991
3602658
3123071
4852951
7707224
4852951
3602658
3123071
2483762
6262430
1779675
3602658
1155073
3602658
4829178
3123071
6262430
3602658
3602658
3602658
2430686
3123071
6262430
1165662
5441781
5333109
3602658
1478423
3123071
7672481
2574925
3123071
7672481
3602658
3123071
3602658
3602658
1547198
1206810
4298011
3569482
3602658
3602658
4852951
1551700
2745094
2279265
2926090
3602658
2574925
2745094
3602658
3593703
3602658
3602658
3602658
3602658
3602658
7456716
3123071
3602658
3602658
3602658
3602658
3602658
2270310
3602658
3123071
3602658
2483762
3602658
2761120
3602658
762131
1779675
4995912
3602658
6262430
2882602
3602658
3602658
2359426
3602658
354074
3602658
3602658
1990695
1551700
3006160
862159
6262430
3123071
1219558
6262430
3123071
3123071
2650772
3123071
2745094
3602658
3216454
4852951
2745094
3602658
3602658
3602658
6220877
1689591
2086680
3602658
3602658
2249614
2249614
8636545
6262430
6262430
3018981
3602658
3123071
4749433
3602658
3018981
3602658
3018981
6890345
2574925
6262430
1295705
5333109
3593703
3289367
6262430
2483762
3602658
760342
2632850
2212039
8555149
2483762
6357717
3602658
3123071
3602658
3602658
3602658
3602658
3602658
3602658
3602658
2483762
3225544
2563603
4031636
5333109
2747554
2483762
2312745
2212039
1779675
6262430
3123071
6262430
1592893
3602658
3602658
5542374
3123071
3602658
2279265
2574925
3602658
357968
6262430
2249614
3602658
3123071
8636545
1221283
1592943
4995912
4298011
1003841
3593703
4008060
3018981
3602658
1171590
3602658
4948238
3123071
6262430
3105417
3123071
1779675
6357717
3602658
3745324
3602658
2107872
3123071
801440
1509992
3123071
6262430
3602658
3123071
5291556
6262430
3602658
5333109
3602658
4852951
3123071
5333109
3602658
1478423
3006186
3000866
648033
6262430
3602658
1008084
3602658
3602658
3602658
5333109
2745094
1219558
3123071
1171590
3602658
2745094
3602658
608646
3123071
1964596
3123071
3123071
2574925
1165662
6320070
3602658
3602658
3602658
1143035
3602658
3593703
3602658
2483762
6262430
4936027
3123071
4995912
3602658
2745094
3123071
3602658
2650772
3602658
2745094
2745094
2483762
1165662
1008084
3602658
4615312
1165662
1171590
3123071
1640129
3123071
1143035
3602658
4277971
5333109
3123071
1443250
1779675
8555149
3602658
2279265
1187622
2483762
1551700
2483762
3602658
4978961
1187622
2483762
1969463
3602658
3602658
2574925
4988123
541352
2483762
3602658
3602658
3123071
2483762
2745094
2249614
3602658
3602658
1171590
3123071
3018981
3602658
6262430
4852951
2483762
2745094
1715754
2279265
3586433
6262430
1715754
4978961
2483762
6262430
3123071
5333109
5707648
6262430
3602658
3602658
2745094
3602658
3602658
579127
234349
6454440
2483762
4852951
3602658
3123071
2586487
6262430
3602658
3602658
3722009
3602658
1008084
4852951
3602658
2483762
6262430
3018981
1675353
5333109
4978961
449299
6262430
3602658
2641817
3123071
6303019
6262430
3123071
3602658
3123071
3593703
2745094
925747
4852951
2359426
8046169
3602658
3918379
3123071
650629
130367
3123071
3602658
3593703
2483762
2152668
2761120
3602658
8467930
2745094
5333109
1715754
1001390
917715
3602658
301320
4852951
6262430
3602658
2483762
2249614
244533
2574925
2212039
3123071
3602658
3602658
3602658
5333109
2483762
3602658
2745094
6262430
3602658
1779675
3892210
3602658
1611664
2574925
6262430
3602658
983641
6262430
6262430
3602658
1205824
3123071
3018981
3602658
1779675
6262430
207930
6220877
4948238
6220877
3602658
3602658
442627
2745094
2745094
3602658
2745094
6262430
5333109
2745094
3602658
2586487
6262430
3602658
6220877
3123071
3602658
1768459
2483762
2574925
2088209
3123071
582200
3918379
701076
3123071
3602658
3602658
3123071
3123071
8636545
3602658
3602658
3602658
3123071
2586487
2483762
3602658
3602658
3602658
3602658
6262430
3602658
3123071
4154865
2483762
1165662
6262430
1187622
2279265
3602658
3602658
1089121
3602658
1715754
688562
2745094
5333109
3602658
6262430
3602658
3211753
3123071
7441524
4749433
5333109
3602658
3622003
2574925
1155073
3602658
3123071
3602658
3602658
1219558
2483762
1165662
178270
4852951
3602658
6357717
3602658
7227066
6262430
2745094
3123071
3602658
5333109
6262430
3123071
2483762
6262430
2264652
3602658
3602658
3000866
3123071
5333109
319796
2483762
3593703
2574925
1478423
2745094
3602658
7456716
1779675
2745094
671934
2483762
3602658
4749433
4132940
6262430
3123071
6262430
3602658
2188937
1715754
3018981
8636545
1908831
1715754
5291556
3602658
