6977220
10185704
13387658
15618537
17454578
19197454
20868695
22494439
24025831
25529693
26984341
28231714
29403092
30500842
31548098
32575983
33595549
34495861
35384699
36261756
37114964
37933308
38743997
39552360
40349255
41137017
41924080
42683486
43440807
44182290
44901715
45619363
46328956
47018983
47699030
48378792
49046966
49710572
50372879
51029660
51683723
52330927
52958418
53578461
54191890
54799610
55399387
55997710
56591062
57179069
57757866
58335039
58898250
59452707
60001493
60549885
61096575
61631598
62162353
62684806
63204995
63723438
64233734
64736366
65238587
65739209
66236155
66730628
67220240
67708910
68196386
68682781
69169002
69653161
70134101
70611914
71089396
71566543
72038454
72508868
72978077
73443622
73902049
74360223
74815228
75268487
75721066
76168516
76615373
77061946
77507816
77949665
78387815
78818904
79244872
79667036
80088187
80508893
80929525
81349879
81766625
82178635
82589463
82998829
83407213
83814723
84218725
84621855
85017780
85411674
85802928
86192395
86581631
86969817
87356848
87740522
88123773
88504019
88878485
89252884
89624561
89994703
90363758
90732800
91100455
91467534
91833029
92197528
92553314
92908951
93264053
93618469
93969942
94320599
94669731
95016088
95361418
95704280
96046439
96388070
96728153
97066890
97403634
97736210
98067343
98398299
98727734
99055426
99380724
99705985
100030198
100352405
100674253
100994364
101313780
101629348
101944298
102257769
102569340
102879485
103189374
103499236
103807132
104111388
104415554
104717795
105019582
105320663
105620904
105919921
106218116
106515063
106811378
107103730
107395628
107687088
107978495
108269775
108560487
108851173
109141591
109431556
109720381
110008797
110296084
110582113
110867519
111151953
111435799
111719500
112002763
112285778
112567134
112847961
113126969
113403393
113679396
113953792
114224105
114493429
114762663
115031032
115299101
115566840
115831698
116095521
116358967
116619433
116879721
117139331
117398756
117656577
117913375
118169938
118426274
118682028
118936601
119188187
119438845
119686492
119934073
120181343
120428584
120674268
120919803
121164907
121409614
121654163
121898124
122141700
122385198
122628219
122870783
123113232
123355538
123597484
123839053
124080544
124320817
124560941
124801016
125039997
125278659
125516781
125754230
125991656
126229065
126465942
126701894
126936406
127168014
127399481
127630081
127859832
128089433
128318636
128547377
128775545
129003664
129231293
129458780
129686190
129912947
130139684
130365584
130591338
130816010
131040643
131264966
131489194
131711992
131934074
132155924
132377493
132597862
132818156
133037919
133256984
133475736
133694106
133912306
134130485
134348149
134564525
134780380
134996087
135211646
135426523
135640370
135854177
136067840
136280985
136494079
136706828
136919544
137130940
137342279
137553473
137764482
137975113
138185604
138396017
138606148
138815312
139024249
139232890
139441178
139649393
139857211
140064519
140270308
140475635
140680627
140885327
141089891
141294217
141498142
141701622
141905002
142108277
142311072
142513857
142716591
142919307
143121776
143324142
143526261
143728330
143929820
144130924
144332011
144532864
144733370
144933401
145132992
145332125
145530016
145727871
145925536
146123108
146320368
146517588
146714774
146911599
147108137
147304460
147500433
147696041
147891564
148086653
148281662
148476184
148670301
148864219
149058113
149251938
149445294
149638390
149831460
150024408
150216973
150409046
150601004
150792522
150983819
151175062
151366020
151555188
151743203
151931105
152118860
152306136
152493155
152679309
152865442
153051338
153235866
153420193
153604513
153788390
153972033
154155473
154338730
154521970
154705129
154887800
155070151
155250757
155431356
155611499
155791250
155970150
156148331
156326475
156504525
156682445
156860329
157038099
157215764
157393071
157570274
157747188
157923837
158100372
158276758
158452980
158629167
158804557
158979937
159154812
159329148
159503475
159677685
159851795
160025529
160199056
160372396
160545678
160718880
160891920
161064302
161235899
161407485
161578076
161748660
161917537
162086342
162255041
162422931
162590812
162758641
162926396
163094040
163261504
163428729
163595646
163761549
163927442
164093135
164258613
164423896
164589112
164754254
164919211
165083834
165248354
165412323
165576205
165740034
165903853
166067539
166231217
166394440
166557640
166720693
166883728
167046759
167209746
167372118
167534275
167696211
167857366
168018490
168179511
168340341
168500906
168660972
168821024
168980975
169140886
169300562
169460226
169619208
169778152
169937055
170095888
170254284
170412398
170570447
170727793
170885062
171042193
171198801
171355389
171511624
171667829
171823951
171980017
172136059
172291845
172447573
172603229
172758774
172914289
173069801
173225227
173380151
173534963
173689616
173844255
173998846
174153318
174307787
174461860
174615645
174769309
174922839
175076230
175229546
175382701
175535697
175688523
175841102
175993606
176145502
176297345
176448760
176599732
176750541
176901019
177051457
177201656
177351764
177501642
177651487
177801048
177950422
178099745
178248950
178397972
178546834
178695680
178844493
178993153
179141684
179290111
179438427
179586618
179734759
179882519
180030228
180177731
180325214
180472651
180620073
180767437
180914653
181061558
181208335
181354616
181500803
181646956
181792888
181938813
182084709
182229977
182375195
182520329
182665358
182810336
182954941
183099423
183243838
183388139
183532438
183676600
183820676
183964604
184108341
184251237
184393618
184535992
184678180
184820319
184962345
185104353
185246288
185387991
185529686
185671336
185812984
185954387
186095303
186236096
186376706
186517219
186657692
186797979
186938255
187078495
187218375
187358159
187497811
187637460
187776960
187916429
188055856
188195248
188334559
188473746
188612864
188751757
188890378
189028953
189167508
189306046
189444302
189582493
189720643
189858759
189996871
190134945
190272963
190410955
190548547
190686059
190823559
190960662
191097735
191234598
191371458
191508273
191644914
191781500
191917744
192053948
192190105
192326136
192461943
192597543
192733017
192868445
193003861
193138861
193273609
193408190
193542765
193676857
193810394
193943655
194076576
194209293
194341878
194474436
194606815
194739123
194871329
195003094
195134853
195266370
195397734
195528892
195659847
195790689
195921494
196052172
196182708
196313150
196443437
196573577
196703535
196833484
196963218
197092539
197221807
197350906
197479999
197608773
197737346
197865584
197993765
198121739
198249397
198376920
198504300
198631636
198758775
198885761
199012671
199139301
199265721
199392022
199518311
199644599
199770780
199896956
200023128
200149197
200274735
200400270
200525577
200650797
200775839
200900871
201025878
201150659
201275414
201400136
201524807
201649447
201774082
201898610
202023079
202147528
202271734
202395586
202519366
202643026
202766617
202890113
203013545
203136932
203260287
203383346
203506178
203628908
203751517
203874042
203996407
204118744
204240705
204362620
204484534
204606425
204728298
204850118
204971935
205093687
205215274
205336736
205457869
205578800
205699717
205820604
205941362
206062112
206182706
206303281
206423809
206544062
206664246
206784353
206904090
207023738
207143294
207262806
207382252
207501562
207620766
207739934
207859078
207978212
208097252
208216210
208335132
208453696
208572252
208690694
208808872
208927046
209045028
209162983
209280889
209398669
209516366
209633821
209751259
209868668
209985980
210103122
210220081
210336915
210453611
210570296
210686891
210803471
210920018
211036547
211153028
211269425
211385792
211502121
211618447
211734738
211850941
211967124
212083301
212199468
212315520
212431514
212547448
212663298
212779118
212894914
213010686
213126410
213242034
213357573
213472981
213588270
213703518
213818650
213933757
214048692
214163617
214278468
214393181
214507784
214622262
214736356
214850391
214964404
215078414
215192340
215306167
215419823
215533355
215646881
215760308
215873694
215986978
216100250
216213476
216326618
216439635
216552574
216665511
216778375
216891197
217004008
217116489
217228954
217341374
217453751
217566052
217678283
217790462
217902550
218014489
218126409
218238216
218350008
218461762
218573489
218685047
218796428
218907738
219019004
219130191
219241318
219352410
219463457
219574503
219685498
219796441
219907156
220017848
220128494
220239040
220349564
220459963
220570085
220680197
220790183
220900154
221010100
221120028
221229894
221339687
221449457
221559195
221668777
221778268
221887730
221996929
222106120
222215301
222324294
222433237
222542051
222650738
222759397
222867765
222976118
223084460
223192718
223300872
223408964
223517048
223625111
223733100
223841028
223948881
224056712
224164543
224272276
224379967
224487637
224595262
224702866
224810428
224917900
225025316
225132693
225240044
225347345
225454644
225561903
225669150
225776373
225883422
225990471
226097469
226204461
226311425
226418354
226525257
226632094
226738905
226845503
226951743
227057941
227164107
227270251
227376327
227482359
227588374
227694152
227799891
227905618
228011314
228116968
228222614
228328187
228433727
228539070
228644357
228749623
228854859
228960052
229065216
229170375
229275509
229380641
229485761
229590846
229695775
229800535
229905282
230010022
230114743
230219427
230324057
230428644
230533106
230637459
230741762
230846000
230950217
231054297
231158341
231262224
231366102
231469973
231573773
231677487
231781105
231884657
231988117
232091483
232194838
232298183
232401488
232504751
232608002
232711216
232814101
232916782
233019382
233121977
233224401
233326820
233429165
233531476
233633709
233735919
233838037
233940122
234042199
234144223
234246200
234348122
234450036
234551848
234653456
234755059
234856551
234958017
235059451
235160812
235262170
235363372
235464544
235565650
235666270
235766860
235867431
235967668
236067896
236168025
236268136
236368243
236468320
236568373
236668424
236768285
236868103
236967917
237067716
237167446
237267131
237366743
237466172
237565512
237664758
237764001
237862980
237961958
238060885
238159774
238258641
238357352
238455909
238554385
238652783
238751040
238848692
238946296
239043790
239141279
239238763
239336219
239433649
239531031
239628366
239725608
239822694
239919775
240016832
240113883
240210881
240307873
240404829
240501721
240598568
240695405
240792180
240888840
240985316
241081774
241178152
241274492
241370724
241466916
241562897
241658833
241754765
241850677
241946412
242042143
242137856
242233564
242329145
242424630
242520090
242615548
242711004
242806404
242901798
242997064
243092299
243187480
243282613
243377450
243472285
243567091
243661885
243756664
243851433
243946165
244040836
244135426
244229964
244324479
244418934
244513332
244607560
244701738
244795900
244890049
244984131
245078178
245172151
245266106
245359965
245453779
245547571
245641280
245734976
245828541
245922100
246015507
246108905
246202208
246295361
246388458
246481315
246574131
246666927
246759697
246852454
246945190
247037922
247130626
247223311
247315850
247408362
247500860
247593347
247685810
247778212
247870551
247962889
248055188
248147327
248239466
248331595
248423686
248515680
248607531
248699378
248791112
248882791
248974455
249066061
249157650
249249238
249340790
249432164
249523433
249614692
249705858
249796822
249887712
249978503
250069187
250159810
250250347
250340817
250431220
250521610
250611929
250702198
250792460
250882610
250972680
251062743
251152720
251242697
251332598
251422494
251512328
251601997
251691581
251781128
251870633
251960113
252049524
252138895
252228229
252317557
252406882
252496099
252585283
252674333
252763332
252852243
252940896
253029492
253118046
253206584
253295045
253383445
253471763
253560045
253648183
253736285
253824354
253912337
254000204
254088039
254175865
254263674
254351448
254439215
254526940
254614618
254702247
254789670
254877051
254964324
255051491
255138613
255225717
255312784
255399832
255486877
255573852
255660827
255747744
255834497
255921170
256007815
256094445
256180927
256267341
256353727
256440019
256526297
256612533
256698738
256784854
256870924
256956960
257042994
257128792
257214573
257300310
257385790
257471238
257556612
257641932
257727246
257812518
257897755
257982890
258067801
258152642
258237482
258322285
258407080
258491823
258576504
258661169
258745719
258830171
258914407
258998617
259082827
259167015
259251132
259335115
259419086
259503034
259586876
259670660
259754328
259837984
259921591
260005176
260088677
260172165
260255640
260339102
260422438
260505716
260588969
260672207
260755406
260838534
260921617
261004675
261087641
261170580
261253484
261336354
261419182
261501837
261584251
261666592
261748857
261831113
261913344
261995561
262077775
262159946
262242105
262324257
262406314
262488364
262570359
262652352
262734324
262816285
262898229
262980149
263061984
263143769
263225528
263307246
263388913
263470549
263552141
263633718
263715142
263796545
263877761
263958932
264040097
264121232
264202350
264283464
264364259
264445011
264525725
264606344
264686958
264767524
264848084
264928625
265009144
265089632
265170011
265250347
265330680
265410977
265491188
265571334
265651441
265731547
265811649
265891681
265971695
266051590
266131453
266211262
266291065
266370864
266450647
266530353
266609999
266689604
266769195
266848770
266928283
267007795
267087233
267166612
267245942
267325225
267404437
267483625
267562750
267641815
267720759
267799677
267878560
267957440
268036269
268115038
268193726
268272369
268350931
268429441
268507790
268586106
268664335
268742512
268820632
268898744
268976828
269054861
269132810
269210730
269288640
269366540
269444359
269522117
269599858
269677585
269755301
269832981
269910627
269988272
270065888
270143497
270221054
270298517
270375963
270453399
270530769
270607957
270685112
270762226
270839154
270916032
270992901
271069586
271146251
271222882
271299454
271375979
271452482
271528709
271604894
271681075
271757243
271833297
271909291
271985195
272061086
272136971
272212834
272288669
272364417
272440161
272515820
272591460
272667037
272742507
272817968
272893419
272968810
273044165
273119515
273194848
273270170
273345345
273420500
273495418
273570311
273645088
273719861
273794609
273869203
273943788
274018355
274092919
274167466
274242008
274316518
274390994
274465398
274539789
274614152
274688478
274762650
274836822
274910986
274985100
275059194
275133279
275207351
275281387
275355414
275429426
275503438
275577353
275651241
275725009
275798727
275872320
275945911
276019441
276092967
276166426
276239848
276313227
276386596
276459955
276533258
276606523
276679780
276753017
276826217
276899408
276972443
277045457
277118458
277191406
277264337
277337249
277410158
277483061
277555925
277628773
277701607
277774385
277847148
277919841
277992460
278064941
278137362
278209776
278282177
278354549
278426889
278499228
278571546
278643859
278716123
278788366
278860595
278932786
279004966
279077145
279149309
279221470
279293606
279365612
279437611
279509590
279581494
279653310
279725107
279796830
279868458
279940029
280011587
280083116
280154623
280226117
280297595
280369059
280440516
280511964
280583390
280654805
280726205
280797570
280868865
280940085
281011298
281082492
281153652
281224772
281295823
281366841
281437856
281508786
281579695
281650587
281721359
281792101
281862830
281933555
282004274
282074973
282145496
282215993
282286443
282356885
282427312
282497724
282568130
282638530
282708841
282779152
282849446
282919740
282989979
283060211
283130414
283200557
283270678
283340776
283410872
283480853
283550779
283620621
283690380
283760025
283829668
283899305
283968917
284038523
284108119
284177700
284247278
284316767
284386251
284455733
284525122
284594476
284663783
284733084
284802339
284871590
284940799
285009808
285078807
285147787
285216723
285285656
285354584
285423488
285492386
285561277
285630159
285699033
285767775
285836463
285905138
285973794
286042421
286111017
286179608
286248158
286316692
286385197
286453654
286522079
286590499
286658909
286727271
286795624
286863960
286932287
287000469
287068621
287136745
287204823
287272823
287340781
287408714
287476599
287544482
287612346
287680147
287747897
287815635
287883350
287951048
288018711
288086209
288153670
288221087
288288334
288355543
288422664
288489775
288556864
288623860
288690849
288757715
288824563
288891408
288958239
289024966
289091633
289158201
289224747
289291284
289357766
289424236
289490647
289557032
289623386
289689699
289755989
289822243
289888453
289954641
290020817
290086982
290153142
290219297
290285437
290351497
290417489
290483340
290549153
290614954
290680719
290746474
290812200
290877861
290943490
291009074
291074651
291140194
291205724
291271197
291336659
291401993
291467313
291532623
291597925
291663194
291728420
291793630
291858794
291923926
291988986
292054038
292119087
292184104
292249091
292314072
292379052
292444019
292508983
292573904
292638817
292703654
292768369
292833081
292897791
292962495
293027140
293091783
293156413
293220979
293285544
293350088
293414629
293479160
293543686
293608200
293672712
293737201
293801681
293866119
293930525
293994924
294059323
294123699
294188063
294252361
294316654
294380933
294445204
294509442
294573613
294637725
294701801
294765868
294829899
294893929
294957817
295021601
295085374
295149146
295212916
295276644
295340339
295404023
295467706
295531323
295594849
295658304
295721749
295785180
295848593
295911932
295975253
296038549
296101807
296165051
296228262
296291466
296354607
296417706
296480796
296543865
296606893
296669874
296732842
296795792
296858707
296921574
296984437
297047292
297110118
297172887
297235550
297298164
297360768
297423354
297485907
297548443
297610962
297673468
297735942
297798382
297860799
297923196
297985559
298047902
298110209
298172494
298234779
298297052
298359275
298421446
298483602
298545719
298607830
298669935
298731999
298794053
298856077
298918072
298979977
299041741
299103486
299165214
299226925
299288629
299350328
299412021
299473673
299535274
299596858
299658435
299719987
299781498
299842978
299904398
299965817
300027216
300088560
300149871
300211172
300272452
300333677
300394873
300456065
300517240
300578365
300639478
300700570
300761662
300822749
300883823
300944792
301005749
301066645
301127517
301188315
301249067
301309809
301370549
301431253
301491916
301552576
301613158
301673719
301734268
301794754
301855224
301915608
301975970
302036209
302096447
302156675
302216884
302277076
302337262
302397444
302457615
302517785
302577955
302638097
302698238
302758372
302818481
302878579
302938651
302998651
303058647
303118621
303178525
303238427
303298312
303358183
303418047
303477890
303537718
303597522
303657321
303717100
303776871
303836626
303896380
303956106
304015821
304075516
304135161
304194804
304254427
304314049
304373665
304433274
304492862
304552445
304611999
304671543
304731086
304790607
304850121
304909608
304969005
305028352
305087687
305147006
305206319
305265631
305324924
305384213
305443482
305502720
305561956
305621190
305680418
305739630
305798827
305857977
305917126
305976262
306035384
306094498
306153611
306212688
306271746
306330804
306389855
306448896
306507894
306566890
306625868
306684795
306743715
306802634
306861552
306920463
306979365
307038240
307097099
307155954
307214781
307273597
307332405
307391210
307449994
307508773
307567530
307626262
307684978
307743690
307802387
307861078
307919752
307978411
308037068
308095698
308154325
308212941
308271517
308330089
308388609
308447115
308505617
308564090
308622561
308680995
308739414
308797833
308856235
308914637
308973010
309031357
309089698
309148034
309206337
309264629
309322913
309381174
309439435
309497691
309555945
309614175
309672404
309730610
309788790
309846947
309905073
309963177
310021267
310079336
310137388
310195407
310253383
310311294
310369195
310427093
310484971
310542843
310600678
310658506
310716333
310774120
310831902
310889667
310947430
311005193
311062939
311120675
311178391
311236102
311293780
311351364
311408939
311466501
311524055
311581586
311639104
311696617
311754117
311811584
311869050
311926510
311983956
312041396
312098834
312156271
312213701
312271113
312328494
312385873
312443249
312500616
312557980
312615250
312672508
312729753
312786972
312844189
312901393
312958574
313015743
313072909
313130042
313187162
313244281
313301399
313358501
313415599
313472681
313529761
313586840
313643874
313700846
313757816
313814774
313871710
313928638
313985562
314042460
314099316
314156162
314212998
314269817
314326590
314383362
314440134
314496888
314553619
314610339
314667038
314723721
314780385
314837042
314893695
314950345
315006982
315063610
315120220
315176806
315233389
315289950
315346494
315403027
315459560
315516080
315572594
315629091
315685578
315742034
315798467
315854885
315911298
315967703
316024104
316080471
316136829
316193183
316249452
316305671
316361890
316418099
316474306
316530495
316586683
316642868
316699002
316755136
316811251
316867355
316923452
316979530
317035605
317091609
317147611
317203604
317259589
317315542
317371492
317427440
317483382
317539274
317595163
317651029
317706884
317762728
317818559
317874383
317930195
317985992
318041786
318097553
318153308
318209044
318264779
318320503
318376182
318431855
318487520
318543179
318598831
318654466
318710091
318765712
318821283
318876825
318932365
318987890
319043362
319098832
319154291
319209743
319265177
319320591
319375983
319431348
319486653
319541944
319597230
319652499
319707748
319762976
319818203
319873414
319928622
319983818
320039008
320094198
320149354
320204483
320259571
320314658
320369743
320424809
320479829
320534832
320589831
320644792
320699730
320754648
320809564
320864465
320919362
320974250
321029114
321083959
321138800
321193631
321248444
321303243
321358041
321412829
321467598
321522354
321577094
321631823
321686551
321741273
321795913
321850553
321905168
321959769
322014326
322068875
322123415
322177947
322232415
322286866
322341312
322395735
322450154
322504545
322558920
322613293
322667661
322722026
322776384
322830737
322885069
322939389
322993682
323047963
323102228
323156482
323210730
323264976
323319215
323373444
323427669
323481893
323536109
323590311
323644511
323698709
323752898
323807079
323861251
323915420
323969581
324023725
324077848
324131944
324186035
324240087
324294125
324348150
324402154
324456150
324510145
324564138
324618128
324672101
324726072
324780043
324834011
324887969
324941919
324995838
325049751
325103639
325157491
325211342
325265186
325319024
325372844
325426659
325480473
325534279
325587979
325641671
325695348
325748989
325802629
325856265
325909896
325963523
326017149
326070766
326124365
326177925
326231485
326285037
326338587
326392124
326445639
326499146
326552649
326606151
326659644
326713122
326766565
326819999
326873413
326926818
326980204
327033569
327086902
327140217
327193530
327246816
327300097
327353373
327406642
327459900
327513145
327566380
327619584
327672780
327725964
327779145
327832322
327885492
327938662
327991822
328044966
328098108
328151231
328204352
328257455
328310545
328363634
328416690
328469743
328522770
328575796
328628807
328681813
328734803
328787774
328840735
328893653
328946565
328999475
329052345
329105210
329158073
329210930
329263781
329316627
329369468
329422297
329475109
329527915
329580710
329633499
329686274
329739043
329791811
329844576
329897339
329950096
330002842
330055571
330108297
330161017
330213729
330266398
330319059
330371687
330424314
330476940
330529550
330582159
330634767
330687361
330739954
330792546
330845133
330897717
330950292
331002865
331055397
331107927
331160445
331212951
331265436
331317910
331370371
331422818
331475251
331527676
331580088
331632471
331684822
331737163
331789471
331841763
331894050
331946329
331998604
332050872
332103131
332155349
332207552
332259748
332311915
332364072
332416208
332468321
332520418
332572511
332624596
332676679
332728736
332780790
332832831
332884870
332936892
332988893
333040892
333092882
333144870
333196840
333248799
333300746
333352683
333404563
333456434
333508301
333560163
333612020
333663863
333715701
333767538
333819367
333871189
333922999
333974807
334026602
334078383
334130164
334181944
334233720
334285494
334337262
334389004
334440729
334492416
334544102
334595768
334647415
334699059
334750703
334802332
334853957
334905574
334957183
335008787
335060376
335111929
335163479
335214986
335266493
335317994
335369491
335420964
335472430
335523891
335575341
335626789
335678236
335729681
335781124
335832535
335883928
335935312
335986686
336038035
336089362
336140687
336192006
336243304
336294587
336345869
336397120
336448368
336499611
336550843
336602061
336653261
336704428
336755592
336806739
336857877
336908986
336960084
337011152
337062216
337113265
337164280
337215287
337266289
337317283
337368252
337419209
337470147
337521084
337572020
337622950
337673871
337724750
337775612
337826467
337877300
337928104
337978903
338029688
338080449
338131208
338181959
338232696
338283423
338334149
338384873
338435564
338486252
338536933
338587599
338638265
338688927
338739583
338790230
338840868
338891500
338942109
338992706
339043294
339093874
339144451
339194998
339245536
339296056
339346574
339397079
339447573
339498030
339548480
339598928
339649374
339699806
339750208
339800595
339850973
339901348
339951697
340002042
340052380
340102699
340152993
340203270
340253509
340303734
340353955
340404159
340454363
340504554
340554735
340604916
340655096
340705271
340755443
340805610
340855768
340905924
340956045
341006158
341056248
341106334
341156405
341206474
341256532
341306563
341356593
341406602
341456599
341506569
341556534
341606496
341656455
341706398
341756329
341806254
341856134
341906005
341955861
342005697
342055508
342105318
342155126
342204924
342254721
342304510
342354293
342404060
342453802
342503542
342553272
342603001
342652714
342702423
342752131
342801829
342851521
342901210
342950893
343000568
343050240
343099911
343149556
343199185
343248803
343298418
343348015
343397612
343447179
343496743
343546272
343595794
343645292
343694773
343744242
343793709
343843160
343892594
343942018
343991426
344040828
344090230
344139614
344188992
344238327
344287649
344336965
344386271
344435569
344484859
344534116
344583370
344632622
344681831
344731035
344780236
344829433
344878614
344927782
344976946
345026096
345075239
345124356
345173466
345222572
345271597
345320617
345369635
345418653
345467667
345516659
345565651
345614635
345663588
345712541
345761482
345810422
345859343
345908261
345957176
346006086
346054995
346103892
346152777
346201650
346250463
346299275
346348080
346396879
346445676
346494466
346543255
346592041
346640826
346689597
346738364
346787116
346835865
346884587
346933307
346982021
347030730
347079431
347128131
347176786
347225432
347274078
347322723
347371354
347419974
347468577
347517176
347565767
347614353
347662923
347711479
347760033
347808585
347857131
347905670
347954179
348002683
348051173
348099647
348148107
348196566
348245022
348293446
348341869
348390270
348438659
348487032
348535401
348583761
348632098
348680426
348728750
348777052
348825342
348873602
348921859
348970115
349018365
349066606
349114846
349163082
349211317
349259538
349307758
349355962
349404162
349452361
349500531
349548688
349596838
349644972
349693083
349741184
349789259
349837324
349885389
349933449
349981487
350029479
350077439
350125394
350173346
350221294
350269235
350317176
350365110
350413042
350460912
350508745
350556549
350604340
350652123
350699868
350747606
350795335
350843045
350890754
350938449
350986142
351033824
351081505
351129185
351176863
351224523
351272179
351319816
351367448
351415063
351462658
351510252
351557843
351605411
351652977
351700531
351748085
351795623
351843154
351890683
351938137
351985575
352032996
352080416
352127832
352175242
352222635
352270027
352317407
352364781
352412145
352459509
352506852
352554181
352601506
352648768
352696005
352743220
352790424
352837616
352884798
352931977
352979156
353026330
353073491
353120642
353167791
353214922
353262024
353309074
353356110
353403145
353450173
353497185
353544176
353591157
353638130
353685086
353732021
353778951
353825856
353872760
353919659
353966557
354013453
354060337
354107202
354154067
354200930
354247792
354294648
354341501
354388348
354435195
354482029
354528860
354575687
354622512
354669333
354716136
354762928
354809688
354856415
354903138
354949835
354996531
355043201
355089850
355136467
355183081
355229680
355276278
355322843
355369404
355415948
355462479
355508981
355555476
355601965
355648453
355694935
355741414
355787879
355834340
355880800
355927247
355973690
356020118
356066517
356112908
356159287
356205631
356251962
356298283
356344591
356390894
356437162
356483407
356529644
356575876
356622075
356668273
356714465
356760613
356806759
356852903
356899029
356945145
356991246
357037341
357083428
357129499
357175560
357221607
357267647
357313622
357359594
357405563
357451525
357497480
357543422
357589362
357635293
357681201
357727100
357772995
357818879
357864754
357910619
357956481
358002323
358048131
358093939
358139723
358185498
358231264
358277017
358322763
358368508
358414234
358459951
358505657
358551350
358597037
358642719
358688389
358734051
358779695
358825323
358870950
358916545
358962101
359007654
359053203
359098737
359144256
359189738
359235178
359280612
359326044
359371469
359416885
359462266
359507640
359553001
359598346
359643677
359688961
359734238
359779497
359824735
359869965
359915182
359960397
360005600
360050800
360095991
360141181
360186354
360231518
360276677
360321807
360366928
360412019
360457108
360502175
360547212
360592242
360637222
360682176
360727130
360772074
360817001
360861920
360906834
360951745
360996645
361041518
361086387
361131228
361176059
361220884
361265700
361310512
361355322
361400122
361444895
361489657
361534391
361579109
361623779
361668433
361713061
361757684
361802302
361846914
361891508
361936087
361980648
362025194
362069728
362114240
362158729
362203203
362247665
362292110
362336552
362380994
362425435
362469872
362514275
362558677
362603077
362647474
362691856
362736218
362780574
362824922
362869263
362913574
362957870
363002153
363046433
363090711
363134962
363179190
363223395
363267591
363311783
363355972
363400159
363444329
363488490
363532644
363576782
363620885
363664986
363709070
363753115
363797144
363841171
363885198
363929218
363973215
364017208
364061200
364105188
364149176
364193162
364237146
364281126
364325105
364369060
364413003
364456939
364500870
364544721
364588568
364632387
364676197
364719997
364763768
364807533
364851293
364895046
364938794
364982535
365026257
365069978
365113685
365157386
365201085
365244770
365288453
365332134
365375806
365419445
365463083
365506718
365550350
365593967
365637574
365681165
365724746
365768326
365811903
365855418
365898913
365942397
365985878
366029346
366072804
366116239
366159664
366203051
366246430
366289775
366333102
366376424
366419734
366463035
366506327
366549616
366592902
366636178
366679451
366722718
366765973
366809226
366852476
366895724
366938964
366982177
367025360
367068538
367111716
367154885
367198048
367241195
367284317
367327434
367370551
367413666
367456756
367499838
367542920
367585997
367629069
367672138
367715203
367758261
367801317
367844362
367887406
367930434
367973455
368016472
368059433
368102385
368145310
368188217
368231099
368273977
368316851
368359709
368402551
368445392
368488216
368531035
368573851
368616666
368659476
368702253
368744968
368787673
368830372
368873040
368915642
368958228
369000811
369043391
369085967
369128541
369171115
369213647
369256160
369298661
369341155
369383648
369426137
369468611
369511078
369553534
369595979
369638417
369680839
369723261
369765678
369808092
369850495
369892894
369935263
369977605
370019941
370062253
370104560
370146800
370189033
370231255
370273472
370315686
370357896
370400100
370442300
370484497
370526687
370568863
370611036
370653199
370695326
370737437
370779538
370821637
370863731
370905822
370947891
370989956
371032015
371074038
371116057
371158071
371200025
371241977
371283896
371325792
371367684
371409572
371451458
371493316
371535172
371576975
371618749
371660507
371702254
371743994
371785732
371827467
371869202
371910920
371952615
371994291
372035937
372077563
372119169
372160739
372202305
372243862
372285403
372326934
372368449
372409949
372451433
372492895
372534352
372575807
372617251
372658688
372700105
372741518
372782907
372824292
372865624
372906955
372948273
372989586
373030889
373072185
373113451
373154708
373195932
373237152
373278356
373319533
373360679
373401814
373442947
373484055
373525157
373566258
373607323
373648385
373689411
373730410
373771388
373812366
373853339
373894300
373935261
373976214
374017159
374058078
374098973
374139836
374180694
374221542
374262386
374303215
374344037
374384856
374425668
374466440
374507200
374547954
374588703
374629452
374670186
374710909
374751608
374792284
374832937
374873582
374914218
374954853
374995482
375036109
375076725
375117340
375157942
375198537
375239121
375279689
375320251
375360802
375401349
375441893
375482423
375522938
375563445
375603938
375644431
375684919
375725364
375765794
375806210
375846620
375887019
375927408
375967788
376008155
376048497
376088834
376129169
376169494
376209804
376250092
376290350
376330597
376370843
376411088
376451321
376491529
376531718
376571869
376612018
376652153
376692282
376732401
376772516
376812607
376852696
376892750
376932799
376972846
377012865
377052882
377092899
377132907
377172913
377212898
377252811
377292711
377332594
377372471
377412343
377452211
377492071
377531909
377571744
377611579
377651412
377691235
377731057
377770878
377810692
377850505
377890316
377930117
377969907
378009675
378049439
378089193
378128942
378168687
378208334
378247967
378287584
378327185
378366783
378406372
378445960
378485543
378525119
378564692
378604263
378643823
378683374
378722912
378762448
378801964
378841476
378880979
378920474
378959966
378999447
379038902
379078356
379117804
379157237
379196663
379236085
379275500
379314912
379354322
379393729
379433132
379472513
379511883
379551237
379590571
379629902
379669217
379708531
379747833
379787094
379826352
379865598
379904837
379944072
379983307
380022510
380061701
380100875
380140039
380179188
380218334
380257389
380296409
380335418
380374409
380413392
380452370
380491347
380530320
380569289
380608252
380647214
380686150
380725033
380763914
380802791
380841631
380880431
380919229
380958025
380996815
381035537
381074251
381112960
381151664
381190362
381229048
381267729
381306399
381345050
381383699
381422346
381460991
381499633
381538275
381576887
381615488
381654082
381692668
381731249
381769826
381808403
381846953
381885492
381924026
381962529
382001015
382039475
382077933
382116384
382154824
382193256
382231627
382269985
382308336
382346685
382385033
382423377
382461703
382500023
382538335
382576636
382614932
382653199
382691451
382729699
382767921
382806106
382844284
382882448
382920611
382958769
382996895
383035009
383073094
383111164
383149190
383187203
383225210
383263201
383301180
383339151
383377122
383415080
383453031
383490962
383528883
383566802
383604706
383642607
383680484
383718360
383756235
383794110
383831979
383869809
383907631
383945436
383983228
384021015
384058789
384096561
384134329
384172081
384209814
384247525
384285208
384322888
384360556
384398224
384435881
384473529
384511170
384548810
384586441
384624062
384661677
384699283
384736866
384774446
384812012
384849556
384887050
384924534
384962015
384999487
385036903
385074282
385111653
385149017
385186376
385223726
385261055
385298374
385335677
385372975
385410267
385447558
385484839
385522117
385559394
385596663
385633926
385671180
385708432
385745637
385782833
385820001
385857166
385894329
385931484
385968619
386005742
386042837
386079929
386117021
386154104
386191160
386228203
386265241
386302270
386339277
386376267
386413251
386450228
386487192
386524117
386561024
386597924
386634812
386671688
386708551
386745411
386782268
386819111
386855948
386892770
386929586
386966398
387003200
387039991
387076779
387113567
387150345
387187105
387223861
387260601
387297332
387334060
387370772
387407479
387444159
387480835
387517501
387554164
387590804
387627431
387664050
387700663
387737276
387773887
387810496
387847091
387883684
387920268
387956843
387993407
388029970
388066533
388103090
388139642
388176188
388212709
388249224
388285708
388322188
388358647
388395087
388431526
388467963
388504381
388540797
388577210
388613621
388650013
388686404
388722780
388759117
388795452
388831785
388868047
388904300
388940543
388976733
389012903
389049066
389085205
389121316
389157415
389193514
389229595
389265671
389301729
389337778
389373806
389409834
389445850
389481855
389517859
389553859
389589839
389625811
389661737
389697663
389733588
389769500
389805411
389841317
389877195
389913057
389948900
389984722
390020537
390056305
390092071
390127827
390163573
390199316
390235036
390270752
390306465
390342165
390377860
390413550
390449238
390484908
390520571
390556230
390591884
390627529
390663167
390698789
390734407
390770018
390805567
390841083
390876576
390912064
390947544
390983010
391018451
391053879
391089305
391124715
391160123
391195529
391230924
391266313
391301691
391337037
391372374
391407682
391442930
391478165
391513377
391548585
391583793
391618993
391654174
391689337
391724493
391759644
391794783
391829893
391865002
391900104
391935194
391970259
392005301
392040339
392075372
392110388
392145397
392180384
392215320
392250245
392285152
392320051
392354915
392389773
392424618
392459445
392494269
392529071
392563864
392598640
392633415
392668188
392702960
392737728
392772492
392807234
392841939
392876642
392911334
392946017
392980687
393015344
393049998
393084642
393119233
393153797
393188347
393222893
393257414
393291915
393326405
393360893
393395363
393429830
393464291
393498740
393533131
393567511
393601885
393636247
393670601
393704952
393739270
393773585
393807896
393842194
393876491
393910786
393945080
393979348
394013595
394047819
394082041
394116243
394150425
394184606
394218764
394252920
394287067
394321213
394355341
394389443
394423544
394457612
394491668
394525713
394559738
394593747
394627746
394661731
394695715
394729692
394763646
394797588
394831513
394865411
394899298
394933167
394967023
395000869
395034697
395068523
395102342
395136129
395169915
395203683
395237435
395271171
395304895
395338598
395372287
395405976
395439637
395473297
395506922
395540547
395574155
395607748
395641334
395674904
395708470
395742017
395775545
395809060
395842548
395876035
395909516
395942995
395976462
396009906
396043343
396076761
396110171
396143573
396176963
396210325
396243680
396277032
396310383
396343728
396377070
396410409
396443744
396477078
396510404
396543712
396577015
396610317
396643611
396676902
396710171
396743411
396776643
396809849
396843040
396876227
396909408
396942572
396975729
397008879
397042024
397075156
397108287
397141403
397174486
397207553
397240596
397273626
397306656
397339672
397372687
397405695
397438698
397471698
397504692
397537671
397570645
397603591
397636531
397669458
397702365
397735258
397768147
397801024
397833895
397866754
397899606
397932452
397965296
397998127
398030942
398063752
398096541
398129294
398162037
398194750
398227461
398260129
398292776
398325414
398358039
398390658
398423276
398455885
398488491
398521079
398553657
398586225
398618785
398651314
398683820
398716317
398748809
398781296
398813781
398846262
398878734
398911206
398943662
398976115
399008545
399040965
399073362
399105759
399138154
399170541
399202926
399235309
399267692
399300062
399332415
399364724
399396998
399429228
399461424
399493596
399525746
399557885
399590010
399622126
399654238
399686341
399718442
399750543
399782638
399814726
399846775
399878818
399910847
399942872
399974878
400006874
400038863
400070816
400102766
400134712
400166655
400198594
400230533
400262464
400294382
400326288
400358174
400390049
400421914
400453767
400485620
400517463
400549298
400581130
400612956
400644779
400676565
400708340
400740099
400771854
400803595
400835317
400867039
400898752
400930458
400962150
400993825
401025500
401057172
401088837
401120494
401152145
401183791
401215434
401247071
401278693
401310310
401341924
401373533
401405140
401436741
401468331
401499919
401531500
401563032
401594556
401626076
401657567
401689040
401720503
401751952
401783400
401814846
401846285
401877713
401909130
401940532
401971922
402003305
402034684
402066038
402097382
402128712
402160001
402191288
402222567
402253839
402285108
402316370
402347621
402378860
402410097
402441330
402472551
402503771
402534986
402566191
402597395
402628588
402659772
402690948
402722115
402753281
402784446
402815599
402846746
402877887
402909015
402940135
402971255
403002359
403033442
403064525
403095598
403126648
403157676
403188698
403219718
403250729
403281733
403312719
403343700
403374679
403405645
403436605
403467557
403498506
403529439
403560370
403591294
403622207
403653107
403683996
403714856
403745702
403776525
403807335
403838142
403868935
403899718
403930498
403961247
403991990
404022687
404053354
404084015
404114670
404145325
404175978
404206623
404237227
404267819
404298400
404328961
404359520
404390065
404420605
404451142
404481669
404512183
404542662
404573139
404603609
404634078
404664544
404695000
404725453
404755895
404786319
404816737
404847152
404877532
404907886
404938233
404968577
404998913
405029237
405059551
405089850
405120146
405150429
405180709
405210987
405241253
405271495
405301727
405331944
405362152
405392322
405422477
405452627
405482770
405512907
405543021
405573122
405603223
405633321
405663418
405693506
405723582
405753650
405783713
405813750
405843776
405873774
405903763
405933744
405963720
405993668
406023613
406053553
406083491
406113423
406143329
406173224
406203108
406232988
406262840
406292664
406322451
406352238
406382012
406411770
406441506
406471240
406500971
406530699
406560382
406590059
406619718
406649372
406679001
406708614
406738226
406767825
406797407
406826980
406856532
406886074
406915612
406945146
406974674
407004195
407033703
407063205
407092687
407122168
407151643
407181095
407210547
407239971
407269380
407298779
407328156
407357522
407386869
407416216
407445559
407474868
407504174
407533472
407562760
407592038
407621311
407650579
407679841
407709085
407738313
407767510
407796695
407825872
407855019
407884153
407913284
407942412
407971536
408000660
408029761
408058844
408087919
408116992
408146057
408175099
408204132
408233153
408262157
408291130
408320094
408349044
408377985
408406920
408435834
408464746
408493644
408522534
408551400
408580239
408609055
408637870
408666672
408695465
408724251
408753011
408781755
408810489
408839203
408867908
408896610
408925311
408954001
408982687
409011360
409040020
409068671
409097305
409125932
409154554
409183162
409211769
409240372
409268958
409297542
409326089
409354608
409383124
409411622
409440115
409468594
409497067
409525523
409553939
409582354
409610765
409639162
409667555
409695946
409724314
409752666
409781014
409809349
409837674
409865993
409894303
409922610
409950909
409979185
410007458
410035728
410063974
410092209
410120390
410148555
410176697
410204834
410232963
410261048
410289121
410317193
410345257
410373316
410401338
410429358
410457374
410485364
410513344
410541321
410569265
410597207
410625146
410653074
410681001
410708921
410736837
410764751
410792657
410820562
410848467
410876357
410904222
410932076
410959917
410987757
411015594
411043430
411071263
411099094
411126921
411154746
411182565
411210381
411238180
411265953
411293688
411321418
411349148
411376867
411404566
411432239
411459905
411487547
411515189
411542826
411570457
411598084
411625707
411653324
411680938
411708537
411736133
411763728
411791322
411818908
411846493
411874066
411901617
411929136
411956648
411984155
412011646
412039134
412066617
412094099
412121581
412149054
412176509
412203944
412231377
412258805
412286229
412313652
412341067
412368475
412395867
412423258
412450640
412478016
412505390
412532749
412560097
412587444
412614781
412642110
412669430
412696737
412724041
412751340
412778621
412805899
412833161
412860410
412887647
412914879
412942079
412969268
412996452
413023632
413050800
413077968
413105134
413132298
413159459
413186608
413213741
413240873
413268002
413295126
413322247
413349367
413376473
413403572
413430657
413457734
413484799
413511855
413538902
413565944
413592969
413619975
413646966
413673956
413700944
413727930
413754912
413781889
413808866
413835799
413862728
413889624
413916506
413943383
413970256
413997127
414023991
414050847
414077687
414104518
414131348
414158162
414184966
414211764
414238538
414265303
414292065
414318821
414345577
414372325
414399063
414425798
414452494
414479181
414505864
414532536
414559197
414585844
414612453
414639043
414665625
414692205
414718779
414745349
414771915
414798447
414824963
414851476
414877980
414904464
414930925
414957361
414983792
415010217
415036633
415063043
415089425
415115803
415142180
415168529
415194869
415221185
415247485
415273784
415300077
415326367
415352648
415378923
415405171
415431411
415457627
415483842
415510044
415536241
415562438
415588620
415614801
415640979
415667145
415693306
415719466
415745596
415771720
415797836
415823950
415850017
415876073
415902086
415928073
415954060
415979999
416005938
416031876
416057813
416083742
416109667
416135589
416161497
416187386
416213267
416239148
416265009
416290861
416316709
416342555
416368389
416394215
416420037
416445857
416471676
416497480
416523273
416549041
416574799
416600556
416626302
416652044
416677778
416703510
416729239
416754939
416780635
416806326
416831985
416857642
416883292
416908930
416934563
416960189
416985801
417011413
417037011
417062608
417088181
417113727
417139270
417164811
417190292
417215754
417241207
417266651
417292094
417317529
417342946
417368357
417393750
417419124
417444498
417469857
417495207
417520557
417545900
417571240
417596534
417621822
417647103
417672374
417697620
417722839
417748041
417773239
417798412
417823577
417848732
417873887
417899029
417924167
417949294
417974415
417999510
418024604
418049687
418074769
418099844
418124916
418149982
418175033
418200081
418225122
418250159
418275184
418300205
418325208
418350203
418375196
418400187
418425170
418450149
418475116
418500062
418524990
418549901
418574797
418599692
418624583
418649455
418674322
418699169
418724012
418748855
418773696
418798534
418823361
418848139
418872917
418897675
418922412
418947145
418971863
418996573
419021282
419045982
419070668
419095346
419120011
419144656
419169293
419193926
419218552
419243165
419267767
419292368
419316957
419341527
419366082
419390627
419415171
419439707
419464200
419488691
419513177
419537649
419562110
419586553
419610972
419635376
419659778
419684158
419708532
419732905
419757272
419781627
419805980
419830329
419854673
419879010
419903344
419927656
419951961
419976261
420000555
420024846
420049126
420073402
420097667
420121918
420146163
420170402
420194635
420218864
420243093
420267316
420291537
420315754
420339968
420364166
420388362
420412554
420436745
420460924
420485064
420509197
420533329
420557443
420581555
420605657
420629753
420653843
420677922
420701993
420726039
420750070
420774083
420798081
420822070
420846054
420870031
420893991
420917945
420941899
420965849
420989799
421013724
421037622
421061501
421085377
421109245
421133110
421156952
421180794
421204630
421228460
421252275
421276085
421299881
421323677
421347468
421371257
421395038
421418799
421442548
421466297
421490037
421513754
421537467
421561180
421584892
421608593
421632278
421655936
421679592
421703237
421726879
421750519
421774148
421797746
421821341
421844931
421868493
421892045
421915583
421939119
421962652
421986183
422009693
422033188
422056665
422080138
422103600
422127054
422150503
422173928
422197343
422220727
422244106
422267479
422290850
422314214
422337569
422360919
422384266
422407598
422430925
422454251
422477574
422500886
422524197
422547507
422570806
422594101
422617392
422640675
422663954
422687227
422710494
422733750
422757003
422780248
422803490
422826723
422849908
422873087
422896263
422919433
422942594
422965755
422988913
423012067
423035218
423058343
423081465
423104570
423127671
423150767
423173850
423196927
423219994
423243060
423266122
423289178
423312233
423335288
423358340
423381386
423404425
423427461
423450476
423473490
423496491
423519481
423542460
423565438
423588413
423611378
423634337
423657295
423680251
423703202
423726121
423749027
423771932
423794824
423817703
423840572
423863437
423886274
423909105
423931934
423954744
423977552
424000358
424023151
424045943
424068733
424091519
424114305
424137083
424159861
424182607
424205342
424228076
424250807
424273532
424296253
424318967
424341674
424364373
424387062
424409747
424432431
424455111
424477791
424500457
424523123
424545783
424568410
424591023
424613636
424636240
424658838
424681432
424704024
424726613
424749200
424771785
424794360
424816933
424839492
424862047
424884599
424907143
424929672
424952198
424974692
424997178
425019662
425042129
425064587
425087038
425109483
425131928
425154372
425176801
425199224
425221625
425244004
425266372
425288736
425311095
425333449
425355797
425378138
425400479
425422819
425445155
425467477
425489796
425512097
425534374
425556646
425578914
425601178
425623441
425645692
425667943
425690178
425712393
425734603
425756792
425778968
425801139
425823309
425845471
425867615
425889747
425911878
425934006
425956127
425978247
426000359
426022470
426044558
426066642
426088699
426110744
426132776
426154796
426176811
426198820
426220808
426242794
426264779
426286745
426308689
426330617
426352545
426374458
426396370
426418281
426440180
426462043
426483857
426505671
426527483
426549288
426571080
426592870
426614656
426636435
426658211
426679974
426701728
426723480
426745232
426766976
426788716
426810454
426832191
426853916
426875639
426897357
426919061
426940764
426962461
426984150
427005823
427027459
427049078
427070667
427092245
427113814
427135373
427156922
427178459
427199978
427221491
427243001
427264506
427286010
427307505
427328994
427350480
427371964
427393444
427414920
427436390
427457858
427479325
427500789
427522221
427543633
427565036
427586437
427607829
427629211
427650588
427671958
427693314
427714665
427735980
427757277
427778557
427799828
427821090
427842346
427863601
427884854
427906102
427927348
427948589
427969821
427991049
428012270
428033488
428054703
428075899
428097079
428118258
428139435
428160611
428181753
428202875
428223985
428245084
428266181
428287265
428308341
428329410
428350460
428371455
428392438
428413401
428434354
428455299
428476242
428497182
428518115
428539010
428559896
428580769
428601626
428622478
428643329
428664180
428685031
428705871
428726709
428747529
428768327
428789125
428809916
428830691
428851454
428872199
428892938
428913673
428934394
428955105
428975815
428996508
429017165
429037820
429058472
429079111
429099748
429120374
429140995
429161606
429182206
429202793
429223375
429243954
429264533
429285106
429305676
429326240
429346800
429367308
429387814
429408320
429428820
429449308
429469794
429490271
429510748
429531208
429551668
429572126
429592577
429613020
429633460
429653897
429674302
429694701
429715100
429735491
429755878
429776215
429796538
429816851
429837156
429857451
429877736
429897999
429918219
429938436
429958645
429978842
429999035
430019203
430039332
430059449
430079561
430099671
430119764
430139854
430159943
430180031
430200116
430220194
430240271
430260344
430280412
430300467
430320516
430340559
430360570
430380581
430400557
430420527
430440480
430460429
430480369
430500305
430520235
430540154
430560058
430579956
430599851
430619743
430639632
430659464
430679293
430699095
430718882
430738666
430758446
430778208
430797951
430817681
430837394
430857107
430876819
430896504
430916181
430935853
430955457
430975057
430994648
431014220
431033791
431053359
431072910
431092453
431111990
431131505
431151012
431170518
431190023
431209507
431228974
431248410
431267815
431287219
431306622
431326017
431345411
431364801
431384191
431403576
431422958
431442310
431461652
431480984
431500308
431519629
431538949
431558256
431577550
431596842
431616129
431635400
431654647
431673885
431693095
431712291
431731481
431750652
431769819
431788979
431808126
431827257
431846367
431865465
431884550
431903633
431922715
431941791
431960865
431979929
431998989
432018049
432037104
432056154
432075202
432094249
432113281
432132301
432151315
432170324
432189317
432208309
432227300
432246284
432265268
432284248
432303213
432322178
432341132
432360079
432379023
432397941
432416846
432435749
432454641
432473533
432492424
432511302
432530165
432549001
432567834
432586651
432605464
432624265
432643057
432661849
432680637
432699422
432718207
432736990
432755771
432774545
432793316
432812083
432830834
432849576
432868317
432887055
432905788
432924515
432943217
432961911
432980594
432999269
433017930
433036581
433055223
433073834
433092403
433110962
433129515
433148067
433166613
433185120
433203618
433222112
433240601
433259066
433277530
433295989
433314447
433332898
433351349
433369783
433388213
433406640
433425033
433443397
433461758
433480106
433498433
433516754
433535075
433553393
433571704
433590013
433608305
433626597
433644884
433663168
433681434
433699692
433717948
433736200
433754446
433772677
433790895
433809107
433827307
433845503
433863685
433881834
433899963
433918090
433936215
433954339
433972460
433990580
434008697
434026812
434044916
434063014
434081110
434099201
434117280
434135354
434153417
434171471
434189504
434207526
434225539
434243545
434261548
434279547
434297545
434315535
434333523
434351504
434369464
434387414
434405355
434423291
434441215
434459134
434477040
434494942
434512839
434530732
434548622
434566508
434584393
434602277
434620142
434637993
434655839
434673681
434691513
434709340
434727156
434744965
434762773
434780577
434798370
434816155
434833935
434851695
434869434
434887157
434904874
434922581
434940286
434957988
434975679
434993367
435011050
435028732
435046412
435064089
435081759
435099418
435117070
435134715
435152334
435169933
435187529
435205120
435222683
435240239
435257791
435275339
435292885
435310426
435327963
435345492
435363016
435380530
435398036
435415538
435433039
435450535
435468023
435485486
435502938
435520371
435537796
435555201
435572605
435590008
435607407
435624798
435642186
435659566
435676944
435694308
435711666
435729011
435746352
435763688
435781004
435798305
435815603
435832888
435850156
435867423
435884681
435901935
435919185
435936433
435953658
435970876
435988039
436005180
436022310
436039438
436056557
436073662
436090766
436107859
436124949
436142009
436159062
436176109
436193148
436210163
436227139
436244107
436261066
436278024
436294977
436311922
436328855
436345769
436362683
436379589
436396478
436413361
436430238
436447113
436463984
436480852
436497709
436514563
436531412
436548259
436565096
436581909
436598720
436615514
436632293
436649046
436665796
436682540
436699282
436716024
436732765
436749490
436766201
436782906
436799598
436816276
436832953
436849594
436866234
436882871
436899493
436916111
436932695
436949262
436965825
436982387
436998947
437015501
437032048
437048591
437065130
437081663
437098175
437114680
437131169
437147649
437164103
437180555
437196996
437213435
437229850
437246229
437262604
437278965
437295296
437311624
437327944
437344235
437360523
437376808
437393083
437409343
437425596
437441849
437458092
437474327
437490545
437506761
437522949
437539136
437555300
437571450
437587592
437603727
437619859
437635982
437652073
437668159
437684226
437700253
437716266
437732266
437748264
437764240
437780213
437796186
437812152
437828114
437844072
437860029
437875974
437891900
437907823
437923740
437939646
437955549
437971445
437987341
438003223
438019105
438034981
438050847
438066711
438082573
438098432
438114282
438130126
438145969
438161811
438177644
438193473
438209289
438225092
438240887
438256678
438272466
438288251
438304035
438319796
438335543
438351290
438367035
438382763
438398490
438414197
438429884
438445564
438461239
438476889
438492539
438508180
438523790
438539399
438555005
438570607
438586207
438601782
438617331
438632874
438648410
438663945
438679441
438694929
438710405
438725879
438741343
438756805
438772229
438787641
438803050
438818452
438833848
438849238
438864612
438879976
438895329
438910659
438925960
438941250
438956539
438971826
438987111
439002366
439017599
439032822
439048030
439063237
439078438
439093631
439108817
439123976
439139127
439154274
439169415
439184539
439199662
439214779
439229892
439244965
439260032
439275091
439290148
439305204
439320249
439335291
439350333
439365372
439380403
439395424
439410443
439425455
439440446
439455402
439470358
439485305
439500247
439515185
439530120
439545054
439559984
439574896
439589789
439604668
439619533
439634391
439649220
439664047
439678869
439693685
439708486
439723281
439738065
439752842
439767614
439782384
439797150
439811909
439826665
439841419
439856167
439870910
439885635
439900359
439915073
439929784
439944476
439959159
439973842
439988510
440003175
440017828
440032479
440047117
440061750
440076374
440090997
440105617
440120233
440134809
440149361
440163911
440178449
440192984
440207509
440222028
440236542
440251052
440265559
440280062
440294556
440309046
440323531
440338012
440352485
440366957
440381408
440395851
440410283
440424710
440439131
440453551
440467970
440482389
440496791
440511158
440525518
440539860
440554201
440568521
440582838
440597145
440611418
440625679
440639913
440654141
440668369
440682555
440696739
440710911
440725071
440739222
440753371
440767513
440781641
440795765
440809859
440823939
440838002
440852062
440866118
440880171
440894219
440908263
440922301
440936336
440950349
440964361
440978371
440992369
441006366
441020359
441034346
441048323
441062299
441076271
441090241
441104208
441118159
441132108
441146045
441159971
441173889
441187799
441201700
441215600
441229496
441243371
441257245
441271116
441284971
441298800
441312625
441326438
441340231
441354002
441367763
441381521
441395266
441409007
441422746
441436477
441450193
441463894
441477594
441491294
441504991
441518672
441532326
441545964
441559601
441573230
441586845
441600450
441614054
441627648
441641235
441654817
441668375
441681928
441695468
441709007
441722544
441736078
441749612
441763141
441776662
441790178
441803686
441817189
441830688
441844173
441857652
441871119
441884572
441898000
441911425
441924843
441938251
441951659
441965064
441978469
441991865
442005243
442018612
442031975
442045320
442058658
442071994
442085322
442098647
442111949
442125235
442138520
442151798
442165066
442178322
442191578
442204830
442218066
442231297
442244520
442257731
442270936
442284123
442297305
442310463
442323621
442336734
442349829
442362919
442375997
442389075
442402152
442415199
442428245
442441272
442454296
442467317
442480334
442493350
442506353
442519355
442532353
442545344
442558298
442571233
442584167
442597071
442609955
442622821
442635672
442648520
442661368
442674215
442687062
442699908
442712753
442725590
442738423
442751252
442764067
442776882
442789696
442802497
442815295
442828069
442840809
442853539
442866245
442878950
442891654
442904354
442917053
442929741
442942419
442955091
442967754
442980402
442993044
443005676
443018302
443030923
443043536
443056142
443068742
443081317
443093886
443106442
443118977
443131512
443144015
443156505
443168993
443181474
443193940
443206395
443218845
443231291
443243734
443256174
443268609
443281029
443293434
443305836
443318231
443330613
443342985
443355347
443367675
443380003
443392314
443404623
443416927
443429230
443441525
443453817
443466106
443478394
443490677
443502946
443515213
443527470
443539722
443551967
443564211
443576449
443588665
443600878
443613087
443625281
443637462
443649637
443661797
443673942
443686054
443698157
443710252
443722340
443734424
443746503
443758579
443770651
443782711
443794768
443806820
443818869
443830909
443842939
443854968
443866986
443878998
443890981
443902956
443914917
443926854
443938775
443950692
443962604
443974511
443986412
443998312
444010209
444022093
444033975
444045857
444057731
444069590
444081433
444093264
444105093
444116915
444128737
444140557
444152375
444164192
444176002
444187800
444199591
444211361
444223123
444234885
444246632
444258366
444270082
444281797
444293506
444305209
444316897
444328579
444340237
444351893
444363544
444375191
444386834
444398466
444410098
444421717
444433314
444444906
444456496
444468086
444479662
444491237
444502795
444514349
444525902
444537444
444548981
444560518
444572044
444583568
444595090
444606612
444618133
444629644
444641145
444652639
444664118
444675595
444687056
444698490
444709922
444721348
444732770
444744156
444755533
444766901
444778249
444789584
444800912
444812239
444823564
444834885
444846201
444857507
444868798
444880066
444891321
444902555
444913784
444925012
444936236
444947454
444958662
444969864
444981066
444992265
445003463
445014658
445025831
445037003
445048162
445059315
445070461
445081567
445092671
445103770
445114862
445125952
445136986
445148008
445159028
445170038
445181035
445192031
445203023
445214006
445224976
445235924
445246869
445257805
445268699
445279587
445290461
445301327
445312172
445323006
445333830
445344639
445355442
445366242
445377039
445387826
445398605
445409365
445420124
445430883
445441638
445452382
445463122
445473823
445484523
445495219
445505898
445516572
445527238
445537897
445548497
445559081
445569664
445580238
445590807
445601375
445611928
445622469
445633009
445643544
445654070
445664581
445675087
445685590
445696093
445706591
445717082
445727566
445738044
445748516
445758986
445769450
445779913
445790373
445800814
445811232
445821643
445832053
445842460
445852853
445863223
445873582
445883930
445894267
445904582
445914897
445925205
445935508
445945799
445956075
445966345
445976611
445986833
445997023
446007203
446017375
446027543
446037706
446047867
446058004
446068123
446078240
446088346
446098431
446108515
446118590
446128660
446138716
446148768
446158803
446168834
446178861
446188881
446198897
446208894
446218882
446228866
446238845
446248821
446258797
446268743
446278687
446288629
446298561
446308488
446318402
446328314
446338225
446348132
446358037
446367931
446377816
446387693
446397567
446407426
446417281
446427125
446436954
446446777
446456591
446466401
446476203
446486004
446495795
446505574
446515346
446525104
446534860
446544610
446554359
446564101
446573838
446583555
446593268
446602979
446612689
446622391
446632087
446641781
446651472
446661160
446670836
446680507
446690175
446699840
446709501
446719154
446728796
446738421
446748023
446757618
446767199
446776778
446786351
446795887
446805418
446814944
446824469
446833993
446843514
446853011
446862467
446871873
446881275
446890668
446900022
446909373
446918693
446927966
446937230
446946492
446955752
446964984
446974195
446983392
446992587
447001776
447010963
447020140
447029313
447038477
447047636
447056789
447065935
447075081
447084223
447093343
447102447
447111548
447120614
447129663
447138708
447147739
447156766
447165778
447174789
447183760
447192726
447201688
447210643
447219596
447228547
447237485
447246415
447255333
447264240
447273145
447282048
447290936
447299817
447308696
447317572
447326446
447335306
447344164
447353011
447361846
447370673
447379482
447388285
447397079
447405865
447414650
447423435
447432218
447440989
447449739
447458483
447467218
447475923
447484601
447493276
447501931
447510572
447519200
447527819
447536431
447545041
447553648
447562254
447570853
447579451
447588045
447596629
447605207
447613773
447622326
447630876
447639418
447647959
447656499
447665027
447673555
447682079
447690592
447699096
447707588
447716073
447724551
447733027
447741497
447749964
447758406
447766827
447775238
447783647
447792052
447800440
447808818
447817188
447825558
447833927
447842291
447850650
447859007
447867349
447875690
447884025
447892348
447900668
447908984
447917297
447925606
447933908
447942210
447950488
447958744
447966987
447975230
447983467
447991702
447999933
448008161
448016380
448024587
448032793
448040968
448049137
448057305
448065462
448073590
448081716
448089836
448097953
448106068
448114181
448122287
448130373
448138455
448146536
448154608
448162674
448170739
448178802
448186850
448194896
448202926
448210950
448218970
448226985
448234997
448242997
448250988
448258969
448266924
448274873
448282814
448290739
448298653
448306561
448314438
448322315
448330189
448338052
448345901
448353747
448361583
448369410
448377235
448385045
448392853
448400656
448408453
448416235
448424009
448431776
448439535
448447291
448455033
448462774
448470503
448478214
448485918
448493605
448501289
448508963
448516619
448524267
448531901
448539534
448547141
448554743
448562340
448569916
448577479
448585017
448592555
448600091
448607621
448615130
448622639
448630108
448637557
448645004
448652446
448659887
448667327
448674760
448682184
448689587
448696984
448704380
448711776
448719166
448726554
448733929
448741290
448748646
448755981
448763307
448770632
448777945
448785257
448792553
448799844
448807133
448814415
448821672
448828917
448836146
448843369
448850587
448857798
448864991
448872181
448879368
448886553
448893722
448900889
448908055
448915202
448922344
448929484
448936623
448943757
448950890
448958011
448965131
448972249
448979355
448986451
448993533
449000614
449007684
449014752
449021819
449028881
449035927
449042973
449050018
449057055
449064086
449071116
449078137
449085139
449092132
449099124
449106085
449113031
449119975
449126919
449133857
449140786
449147705
449154622
449161528
449168429
449175306
449182180
449189041
449195899
449202751
449209600
449216438
449223270
449230094
449236912
449243721
449250521
449257319
449264111
449270899
449277686
449284471
449291252
449298007
449304759
449311500
449318238
449324968
449331667
449338357
449345016
449351674
449358324
449364973
449371602
449378229
449384855
449391473
449398091
449404708
449411309
449417908
449424507
449431098
449437668
449444229
449450790
449457318
449463842
449470361
449476858
449483321
449489757
449496189
449502612
449509024
449515425
449521816
449528191
449534560
449540899
449547233
449553563
449559886
449566195
449572501
449578806
449585103
449591393
449597680
449603967
449610253
449616538
449622809
449629068
449635326
449641557
449647785
449654012
449660234
449666450
449672664
449678876
449685087
449691292
449697496
449703693
449709877
449716061
449722243
449728416
449734587
449740747
449746903
449753058
449759207
449765355
449771488
449777613
449783724
449789821
449795901
449801973
449808031
449814085
449820137
449826184
449832219
449838254
449844283
449850311
449856324
449862325
449868313
449874298
449880263
449886227
449892189
449898144
449904095
449910038
449915981
449921919
449927810
449933697
449939579
449945453
449951320
449957177
449963028
449968875
449974716
449980554
449986388
449992212
449998035
450003823
450009609
450015393
450021165
450026936
450032689
450038441
450044190
450049934
450055649
450061358
450067056
450072751
450078445
450084138
450089826
450095508
450101181
450106849
450112515
450118177
450123837
450129492
450135145
450140798
450146435
450152062
450157684
450163300
450168914
450174520
450180117
450185684
450191240
450196787
450202327
450207858
450213387
450218914
450224434
450229950
450235451
450240952
450246445
450251934
450257423
450262911
450268392
450273870
450279345
450284814
450290279
450295720
450301160
450306599
450312033
450317434
450322828
450328218
450333595
450338960
450344321
450349681
450355033
450360371
450365693
450371009
450376314
450381617
450386919
450392220
450397517
450402806
450408080
450413348
450418608
450423861
450429108
450434350
450439576
450444794
450450010
450455221
450460427
450465590
450470753
450475915
450481076
450486223
450491365
450496502
450501632
450506754
450511869
450516980
450522087
450527152
450532203
450537250
450542294
450547337
450552379
450557404
450562411
450567417
450572422
450577415
450582404
450587388
450592349
450597298
450602240
450607182
450612121
450617038
450621954
450626865
450631752
450636636
450641519
450646393
450651266
450656134
450660990
450665813
450670634
450675453
450680269
450685079
450689886
450694684
450699466
450704242
450709017
450713786
450718554
450723317
450728071
450732825
450737574
450742305
450747035
450751761
450756482
450761194
450765898
450770590
450775278
450779964
450784650
450789316
450793969
450798579
450803176
450807763
450812324
450816876
450821423
450825942
450830453
450834956
450839451
450843939
450848426
450852894
450857356
450861815
450866274
450870732
450875183
450879614
450884045
450888473
450892897
450897313
450901711
450906106
450910496
450914880
450919262
450923637
450928012
450932384
450936740
450941085
450945420
450949743
450954034
450958325
450962606
450966884
450971161
450975426
450979689
450983940
450988181
450992401
450996609
451000805
451004998
451009177
451013355
451017532
451021704
451025866
451030010
451034145
451038274
451042396
451046511
451050619
451054720
451058814
451062901
451066984
451071051
451075118
451079177
451083209
451087233
451091257
451095264
451099255
451103221
451107162
451111085
451114990
451118895
451122787
451126676
451130562
451134447
451138327
451142200
451146066
451149903
451153740
451157577
451161413
451165244
451169070
451172891
451176712
451180531
451184347
451188162
451191973
451195775
451199577
451203360
451207126
451210881
451214631
451218353
451222063
451225766
451229464
451233159
451236851
451240537
451244217
451247877
451251535
451255191
451258845
451262493
451266137
451269769
451273400
451277027
451280649
451284268
451287884
451291496
451295102
451298705
451302303
451305897
451309490
451313075
451316649
451320216
451323778
451327338
451330898
451334455
451338010
451341560
451345108
451348653
451352196
451355735
451359254
451362767
451366276
451369775
451373270
451376760
451380247
451383726
451387201
451390642
451394082
451397510
451400935
451404357
451407778
451411168
451414534
451417893
451421227
451424544
451427855
451431161
451434465
451437752
451441039
451444316
451447583
451450846
451454096
451457336
451460573
451463806
451467026
451470233
451473433
451476631
451479825
451483005
451486165
451489325
451492478
451495624
451498746
451501847
451504945
451508040
451511121
451514201
451517237
451520264
451523286
451526306
451529323
451532332
451535334
451538331
451541325
451544310
451547275
451550237
451553192
451556129
451559052
451561969
451564882
451567789
451570692
451573592
451576489
451579360
451582227
451585080
451587924
451590761
451593590
451596418
451599245
451602071
451604885
451607693
451610495
451613289
451616080
451618866
451621651
451624430
451627207
451629973
451632735
451635481
451638225
451640966
451643702
451646418
451649131
451651828
451654524
451657220
451659910
451662597
451665279
451667951
451670615
451673270
451675923
451678571
451681210
451683838
451686444
451689050
451691648
451694244
451696829
451699413
451701990
451704565
451707138
451709685
451712210
451714724
451717233
451719737
451722235
451724726
451727204
451729673
451732117
451734557
451736993
451739412
451741814
451744214
451746611
451749001
451751372
451753739
451756099
451758457
451760804
451763149
451765485
451767818
451770150
451772447
451774739
451777029
451779306
451781578
451783840
451786093
451788324
451790544
451792764
451794974
451797175
451799370
451801557
451803720
451805882
451808036
451810167
451812293
451814405
451816514
451818621
451820718
451822812
451824888
451826955
451829014
451831067
451833117
451835155
451837183
451839204
451841206
451843203
451845198
451847165
451849127
451851074
451852994
451854913
451856832
451858741
451860642
451862539
451864423
451866304
451868179
451870031
451871877
451873705
451875528
451877350
451879163
451880974
451882784
451884572
451886337
451888091
451889843
451891593
451893333
451895071
451896793
451898512
451900227
451901941
451903654
451905350
451907042
451908720
451910370
451912012
451913648
451915263
451916870
451918476
451920070
451921642
451923199
451924752
451926297
451927835
451929372
451930883
451932386
451933887
451935385
451936851
451938315
451939770
451941215
451942655
451944081
451945491
451946887
451948281
451949664
451951043
451952407
451953755
451955097
451956435
451957754
451959072
451960383
451961684
451962971
451964216
451965455
451966690
451967917
451969142
451970362
451971561
451972753
451973940
451975125
451976305
451977468
451978622
451979770
451980916
451982058
451983195
451984318
451985434
451986544
451987651
451988748
451989837
451990925
451991996
451993050
451994098
451995134
451996156
451997174
451998189
451999194
452000197
452001189
452002180
452003170
452004159
452005140
452006116
452007085
452008054
452009013
452009967
452010903
452011835
452012753
452013664
452014571
452015470
452016366
452017261
452018153
452019032
452019897
452020747
452021592
452022435
452023264
452024089
452024913
452025710
452026499
452027288
452028059
452028821
452029582
452030335
452031086
452031829
452032572
452033309
452034045
452034759
452035466
452036170
452036846
452037493
452038138
452038772
452039404
452040023
452040642
452041261
452041872
452042477
452043062
452043644
452044213
452044781
452045332
452045869
452046404
452046938
452047457
452047961
452048456
452048944
452049431
452049898
452050363
452050827
452051277
452051721
452052161
452052585
452053005
452053419
452053830
452054229
452054617
452054988
452055357
452055723
452056081
452056430
452056774
452057114
452057453
452057787
452058096
452058393
452058675
452058945
452059214
452059482
452059749
452060016
452060280
452060543
452060805
452061060
452061284
452061507
452061729
452061942
452062154
452062365
452062569
452062756
452062940
452063119
452063286
452063452
452063609
452063763
452063911
452064058
452064195
452064320
452064432
452064527
452064617
452064699
452064767
452064832
452064893
452064925
452064930
452064934
452064934
452064934
452064934
452064934
452064934
452064934
452064934
452064934
452064934
452064934
452064934
452064934
452064934
452064934
452064934
452064934
452064934
452064934
452064934
452064934
452064934
452064934
452064934
452064934
452064934
452064934
452064934
452064934
452064934
452064934
452064934
452064934
452064934
452064934
452064934
452064934
452064934
452064934
452064934
452064934
452064934
452064934
452064934
452064934
452064934
452064934
452064934
452064934
452064934
452064934
452064934
452064934
452064934
452064934
452064934
452064934
452064934
452064934
452064934
452064934
452064934
452064934
452064934
452064934
452064934
452064934
452064934
452064934
452064934
452064934
452064934
452064934
452064934
452064934
452064934
452064934
452064934
452064934
452064934
452064934
452064934
452064934
452064934
452064934
452064934
452064934
452064934
452064934
452064934
452064934
452064934
452064934
452064934
452064934
452064934
452064934
452064934
452064934
452064934
452064934
452064934
452064934
452064934
452064934
452064934
452064934
452064934
452064934
452064934
452064934
452064934
452064934
452064934
452064934
452064934
452064934
452064934
452064934
452064934
452064934
452064934
452064934
452064934
452064934
452064934
452064934
452064934
452064934
452064934
452064934
452064934
452064934
452064934
452064934
452064934
452064934
452064934
452064934
452064934
452064934
452064934
452064934
452064934
452064934
452064934
452064934
452064934
452064934
452064934
452064934
452064934
452064934
452064934
452064934
452064934
452064934
452064934
452064934
452064934
452064934
452064934
452064934
452064934
452064934
452064934
452064934
452064934
452064934
452064934
452064934
452064934
452064934
452064934
452064934
452064934
452064934
452064934
452064934
452064934
452064934
452064934
452064934
452064934
452064934
452064934
452064934
452064934
452064934
452064934
452064934
452064934
452064934
452064934
452064934
452064934
452064934
452064934
452064934
452064934
452064934
452064934
452064934
452064934
452064934
452064934
452064934
452064934
452064934
452064934
452064934
452064934
452064934
452064934
452064934
452064934
452064934
452064934
452064934
452064934
452064934
452064934
452064934
452064934
452064934
452064934
452064934
452064934
452064934
452064934
452064934
452064934
452064934
452064934
452064934
452064934
452064934
452064934
452064934
452064934
452064934
452064934
452064934
452064934
452064934
452064934
452064934
452064934
452064934
452064934
452064934
452064934
452064934
452064934
452064934
452064934
452064934
452064934
452064934
452064934
452064934
452064934
452064934
452064934
452064934
452064934
452064934
452064934
452064934
452064934
452064934
452064934
452064934
452064934
452064934
452064934
452064934
452064934
452064934
452064934
452064934
452064934
452064934
452064934
452064934
452064934
452064934
452064934
452064934
452064934
452064934
452064934
452064934
452064934
452064934
452064934
452064934
452064934
452064934
452064934
452064934
452064934
452064934
452064934
452064934
452064934
452064934
452064934
452064934
452064934
452064934
452064934
452064934
452064934
452064934
452064934
452064934
452064934
452064934
452064934
452064934
452064934
452064934
452064934
452064934
452064934
452064934
452064934
452064934
452064934
452064934
452064934
452064934
452064934
452064934
452064934
452064934
452064934
452064934
452064934
452064934
452064934
452064934
452064934
452064934
452064934
452064934
452064934
452064934
452064934
452064934
452064934
452064934
452064934
452064934
452064934
452064934
452064934
452064934
452064934
452064934
452064934
452064934
452064934
452064934
452064934
452064934
452064934
452064934
452064934
452064934
452064934
452064934
452064934
452064934
452064934
452064934
452064934
452064934
452064934
452064934
452064934
452064934
452064934
452064934
452064934
452064934
452064934
452064934
452064934
452064934
452064934
452064934
452064934
452064934
452064934
452064934
452064934
452064934
452064934
452064934
452064934
452064934
452064934
452064934
452064934
452064934
452064934
452064934
452064934
452064934
452064934
452064934
452064934
452064934
452064934
452064934
452064934
452064934
452064934
452064934
452064934
452064934
452064934
452064934
452064934
452064934
452064934
452064934
452064934
452064934
452064934
452064934
452064934
452064934
452064934
452064934
452064934
452064934
452064934
452064934
452064934
452064934
452064934
452064934
452064934
452064934
452064934
452064934
452064934
452064934
452064934
452064934
452064934
452064934
452064934
452064934
452064934
452064934
452064934
452064934
452064934
452064934
452064934
452064934
452064934
452064934
452064934
452064934
452064934
452064934
452064934
452064934
452064934
452064934
452064934
452064934
452064934
452064934
452064934
452064934
452064934
452064934
452064934
452064934
452064934
452064934
452064934
452064934
452064934
452064934
452064934
452064934
452064934
452064934
452064934
452064934
452064934
452064934
452064934
452064934
452064934
452064934
452064934
452064934
452064934
452064934
452064934
452064934
452064934
452064934
452064934
452064934
452064934
452064934
452064934
452064934
452064934
452064934
452064934
452064934
452064934
452064934
452064934
452064934
452064934
452064934
452064934
452064934
452064934
452064934
452064934
452064934
452064934
452064934
452064934
452064934
452064934
452064934
452064934
452064934
452064934
452064934
452064934
452064934
452064934
452064934
452064934
452064934
452064934
452064934
452064934
452064934
452064934
452064934
452064934
452064934
452064934
452064934
452064934
452064934
452064934
452064934
452064934
452064934
452064934
452064934
452064934
452064934
452064934
452064934
452064934
452064934
452064934
452064934
452064934
452064934
452064934
452064934
452064934
452064934
452064934
452064934
452064934
452064934
452064934
452064934
452064934
452064934
452064934
452064934
452064934
452064934
452064934
452064934
452064934
452064934
452064934
452064934
452064934
452064934
452064934
452064934
452064934
452064934
452064934
452064934
452064934
452064934
452064934
452064934
452064934
452064934
452064934
452064934
452064934
452064934
452064934
452064934
452064934
452064934
452064934
452064934
452064934
452064934
452064934
452064934
452064934
452064934
452064934
452064934
452064934
452064934
452064934
452064934
452064934
452064934
452064934
452064934
452064934
452064934
452064934
452064934
452064934
452064934
452064934
452064934
452064934
452064934
452064934
452064934
452064934
452064934
452064934
452064934
452064934
452064934
452064934
452064934
452064934
452064934
452064934
452064934
452064934
452064934
452064934
452064934
452064934
452064934
452064934
452064934
452064934
452064934
452064934
452064934
452064934
452064934
452064934
452064934
452064934
452064934
452064934
452064934
452064934
452064934
452064934
452064934
452064934
452064934
452064934
452064934
452064934
452064934
452064934
452064934
452064934
452064934
452064934
452064934
452064934
452064934
452064934
452064934
452064934
452064934
452064934
452064934
452064934
452064934
452064934
452064934
452064934
452064934
452064934
452064934
452064934
452064934
452064934
452064934
452064934
452064934
452064934
452064934
452064934
452064934
452064934
452064934
452064934
452064934
452064934
452064934
452064934
452064934
452064934
452064934
452064934
452064934
452064934
452064934
452064934
452064934
452064934
452064934
452064934
452064934
452064934
452064934
452064934
452064934
452064934
452064934
452064934
452064934
452064934
452064934
452064934
452064934
452064934
452064934
452064934
452064934
452064934
452064934
452064934
452064934
452064934
452064934
452064934
452064934
452064934
452064934
452064934
452064934
452064934
452064934
452064934
452064934
452064934
452064934
452064934
452064934
452064934
452064934
452064934
452064934
452064934
452064934
452064934
452064934
452064934
452064934
452064934
452064934
452064934
452064934
452064934
452064934
452064934
452064934
452064934
452064934
452064934
452064934
452064934
452064934
452064934
452064934
452064934
452064934
452064934
452064934
452064934
452064934
452064934
452064934
452064934
452064934
452064934
452064934
452064934
452064934
452064934
452064934
452064934
452064934
452064934
452064934
452064934
452064934
452064934
452064934
452064934
452064934
452064934
452064934
452064934
452064934
452064934
452064934
452064934
452064934
452064934
452064934
452064934
452064934
452064934
452064934
452064934
452064934
452064934
452064934
452064934
452064934
452064934
452064934
452064934
452064934
452064934
452064934
452064934
452064934
452064934
452064934
452064934
452064934
452064934
452064934
452064934
452064934
452064934
452064934
452064934
452064934
452064934
452064934
452064934
452064934
452064934
452064934
452064934
452064934
452064934
452064934
452064934
452064934
452064934
452064934
452064934
452064934
452064934
452064934
452064934
452064934
452064934
452064934
452064934
452064934
452064934
452064934
452064934
452064934
452064934
452064934
452064934
452064934
452064934
452064934
452064934
452064934
452064934
452064934
452064934
452064934
452064934
452064934
452064934
452064934
452064934
452064934
452064934
452064934
452064934
452064934
452064934
452064934
452064934
452064934
452064934
452064934
452064934
452064934
452064934
452064934
452064934
452064934
452064934
452064934
452064934
452064934
452064934
452064934
452064934
452064934
452064934
452064934
452064934
452064934
452064934
452064934
452064934
452064934
452064934
452064934
452064934
452064934
452064934
452064934
452064934
452064934
452064934
452064934
452064934
452064934
452064934
452064934
452064934
452064934
452064934
452064934
452064934
452064934
452064934
452064934
452064934
452064934
452064934
452064934
452064934
452064934
452064934
452064934
452064934
452064934
452064934
452064934
452064934
452064934
452064934
452064934
452064934
452064934
452064934
452064934
452064934
452064934
452064934
452064934
452064934
452064934
452064934
452064934
452064934
452064934
452064934
452064934
452064934
452064934
452064934
452064934
452064934
452064934
452064934
452064934
452064934
452064934
452064934
452064934
452064934
452064934
452064934
452064934
452064934
452064934
452064934
452064934
452064934
452064934
452064934
452064934
452064934
452064934
452064934
452064934
452064934
452064934
452064934
452064934
452064934
452064934
452064934
452064934
452064934
452064934
452064934
452064934
452064934
452064934
452064934
452064934
452064934
452064934
452064934
452064934
452064934
452064934
452064934
452064934
452064934
452064934
452064934
452064934
452064934
452064934
452064934
452064934
452064934
452064934
452064934
452064934
452064934
452064934
452064934
452064934
452064934
452064934
452064934
452064934
452064934
452064934
452064934
452064934
452064934
452064934
452064934
452064934
452064934
452064934
452064934
452064934
452064934
452064934
452064934
452064934
452064934
452064934
452064934
452064934
452064934
452064934
452064934
452064934
452064934
452064934
452064934
452064934
452064934
452064934
452064934
452064934
452064934
452064934
452064934
452064934
452064934
452064934
452064934
452064934
452064934
452064934
452064934
452064934
452064934
452064934
452064934
452064934
452064934
452064934
452064934
452064934
452064934
452064934
452064934
452064934
452064934
452064934
452064934
452064934
452064934
452064934
452064934
452064934
452064934
452064934
452064934
452064934
452064934
452064934
452064934
452064934
452064934
452064934
452064934
452064934
452064934
452064934
452064934
452064934
452064934
452064934
452064934
452064934
452064934
452064934
452064934
452064934
452064934
452064934
452064934
452064934
452064934
452064934
452064934
452064934
452064934
452064934
452064934
452064934
452064934
452064934
452064934
452064934
452064934
452064934
452064934
452064934
452064934
452064934
452064934
452064934
452064934
452064934
452064934
452064934
452064934
452064934
452064934
452064934
452064934
452064934
452064934
452064934
452064934
452064934
452064934
452064934
452064934
452064934
452064934
452064934
452064934
452064934
452064934
452064934
452064934
452064934
452064934
452064934
452064934
452064934
452064934
452064934
452064934
452064934
452064934
452064934
452064934
452064934
452064934
452064934
452064934
452064934
452064934
452064934
452064934
452064934
452064934
452064934
452064934
452064934
452064934
452064934
452064934
452064934
452064934
452064934
452064934
452064934
452064934
452064934
452064934
452064934
452064934
452064934
452064934
452064934
452064934
452064934
452064934
452064934
452064934
452064934
452064934
452064934
452064934
452064934
452064934
452064934
452064934
452064934
452064934
452064934
452064934
452064934
452064934
452064934
452064934
452064934
452064934
452064934
452064934
452064934
452064934
452064934
452064934
452064934
452064934
452064934
452064934
452064934
452064934
452064934
452064934
452064934
452064934
452064934
452064934
452064934
452064934
452064934
452064934
452064934
452064934
452064934
452064934
452064934
452064934
452064934
452064934
452064934
452064934
452064934
452064934
452064934
452064934
452064934
452064934
452064934
452064934
452064934
452064934
452064934
452064934
452064934
452064934
452064934
452064934
452064934
452064934
452064934
452064934
452064934
452064934
452064934
452064934
452064934
452064934
452064934
452064934
452064934
452064934
452064934
452064934
452064934
452064934
452064934
452064934
452064934
452064934
452064934
452064934
452064934
452064934
452064934
452064934
452064934
452064934
452064934
452064934
452064934
452064934
452064934
452064934
452064934
452064934
452064934
452064934
452064934
452064934
452064934
452064934
452064934
452064934
452064934
452064934
452064934
452064934
452064934
452064934
452064934
452064934
452064934
452064934
452064934
452064934
452064934
452064934
452064934
452064934
452064934
452064934
452064934
452064934
452064934
452064934
452064934
452064934
452064934
452064934
452064934
452064934
452064934
452064934
452064934
452064934
452064934
452064934
452064934
452064934
452064934
452064934
452064934
452064934
452064934
452064934
452064934
452064934
452064934
452064934
452064934
452064934
452064934
452064934
452064934
452064934
452064934
452064934
452064934
452064934
452064934
452064934
452064934
452064934
452064934
452064934
452064934
452064934
452064934
452064934
452064934
452064934
452064934
452064934
452064934
452064934
452064934
452064934
452064934
452064934
452064934
452064934
452064934
452064934
452064934
452064934
452064934
452064934
452064934
452064934
452064934
452064934
452064934
452064934
452064934
452064934
452064934
452064934
452064934
452064934
452064934
452064934
452064934
452064934
452064934
452064934
452064934
452064934
452064934
452064934
452064934
452064934
452064934
452064934
452064934
452064934
452064934
452064934
452064934
452064934
452064934
452064934
452064934
452064934
452064934
452064934
452064934
452064934
452064934
452064934
452064934
452064934
452064934
452064934
452064934
452064934
452064934
452064934
452064934
452064934
452064934
452064934
452064934
452064934
452064934
452064934
452064934
452064934
452064934
452064934
452064934
452064934
452064934
452064934
452064934
452064934
452064934
452064934
452064934
452064934
452064934
452064934
452064934
452064934
452064934
452064934
452064934
452064934
452064934
452064934
452064934
452064934
452064934
452064934
452064934
452064934
452064934
452064934
452064934
452064934
452064934
452064934
452064934
452064934
452064934
452064934
452064934
452064934
452064934
452064934
452064934
452064934
452064934
452064934
452064934
452064934
452064934
452064934
452064934
452064934
452064934
452064934
452064934
452064934
452064934
452064934
452064934
452064934
452064934
452064934
452064934
452064934
452064934
452064934
452064934
452064934
452064934
452064934
452064934
452064934
452064934
452064934
452064934
452064934
452064934
452064934
452064934
452064934
452064934
452064934
452064934
452064934
452064934
452064934
452064934
452064934
452064934
452064934
452064934
452064934
452064934
452064934
452064934
452064934
452064934
452064934
452064934
452064934
452064934
452064934
452064934
452064934
452064934
452064934
452064934
452064934
452064934
452064934
452064934
452064934
452064934
452064934
452064934
452064934
452064934
452064934
452064934
452064934
452064934
452064934
452064934
452064934
452064934
452064934
452064934
452064934
452064934
452064934
452064934
452064934
452064934
452064934
452064934
452064934
452064934
452064934
452064934
452064934
452064934
452064934
452064934
452064934
452064934
452064934
452064934
452064934
452064934
452064934
452064934
452064934
452064934
452064934
452064934
452064934
452064934
452064934
452064934
452064934
452064934
452064934
452064934
452064934
452064934
452064934
452064934
452064934
452064934
452064934
452064934
452064934
452064934
452064934
452064934
452064934
452064934
452064934
452064934
452064934
452064934
452064934
452064934
452064934
452064934
452064934
452064934
452064934
452064934
452064934
452064934
452064934
452064934
452064934
452064934
452064934
452064934
452064934
452064934
452064934
452064934
452064934
452064934
452064934
452064934
452064934
452064934
452064934
452064934
452064934
452064934
452064934
452064934
452064934
452064934
452064934
452064934
452064934
452064934
452064934
452064934
452064934
452064934
452064934
452064934
452064934
452064934
452064934
452064934
452064934
452064934
452064934
452064934
452064934
452064934
452064934
452064934
452064934
452064934
452064934
452064934
452064934
452064934
452064934
452064934
452064934
452064934
452064934
452064934
452064934
452064934
452064934
452064934
452064934
452064934
452064934
452064934
452064934
452064934
452064934
452064934
452064934
452064934
452064934
452064934
452064934
452064934
452064934
452064934
452064934
452064934
452064934
452064934
452064934
452064934
452064934
452064934
452064934
452064934
452064934
452064934
452064934
452064934
452064934
452064934
452064934
452064934
452064934
452064934
452064934
452064934
452064934
452064934
452064934
452064934
452064934
452064934
452064934
452064934
452064934
452064934
452064934
452064934
452064934
452064934
452064934
452064934
452064934
452064934
452064934
452064934
452064934
452064934
452064934
452064934
452064934
452064934
452064934
452064934
452064934
452064934
452064934
452064934
452064934
452064934
452064934
452064934
452064934
452064934
452064934
452064934
452064934
452064934
452064934
452064934
452064934
452064934
452064934
452064934
452064934
452064934
452064934
452064934
452064934
452064934
452064934
452064934
452064934
452064934
452064934
452064934
452064934
452064934
452064934
452064934
452064934
452064934
452064934
452064934
452064934
452064934
452064934
452064934
452064934
452064934
452064934
452064934
452064934
452064934
452064934
452064934
452064934
452064934
452064934
452064934
452064934
452064934
452064934
452064934
452064934
452064934
452064934
452064934
452064934
452064934
452064934
452064934
452064934
452064934
452064934
452064934
452064934
452064934
452064934
452064934
452064934
452064934
452064934
452064934
452064934
452064934
452064934
452064934
452064934
452064934
452064934
452064934
452064934
452064934
452064934
452064934
452064934
452064934
452064934
452064934
452064934
452064934
452064934
452064934
452064934
452064934
452064934
452064934
452064934
452064934
452064934
452064934
452064934
452064934
452064934
452064934
452064934
452064934
452064934
452064934
452064934
452064934
452064934
452064934
452064934
452064934
452064934
452064934
452064934
452064934
452064934
452064934
452064934
452064934
452064934
452064934
452064934
452064934
452064934
452064934
452064934
452064934
452064934
452064934
452064934
452064934
452064934
452064934
452064934
452064934
452064934
452064934
452064934
452064934
452064934
452064934
452064934
452064934
452064934
452064934
452064934
452064934
452064934
452064934
452064934
452064934
452064934
452064934
452064934
452064934
452064934
452064934
452064934
452064934
452064934
452064934
452064934
452064934
452064934
452064934
452064934
452064934
452064934
452064934
452064934
452064934
452064934
452064934
452064934
452064934
452064934
452064934
452064934
452064934
452064934
452064934
452064934
452064934
452064934
452064934
452064934
452064934
452064934
452064934
452064934
452064934
452064934
452064934
452064934
452064934
452064934
452064934
452064934
452064934
452064934
452064934
452064934
452064934
452064934
452064934
452064934
452064934
452064934
452064934
452064934
452064934
452064934
452064934
452064934
452064934
452064934
452064934
452064934
452064934
452064934
452064934
452064934
452064934
452064934
452064934
452064934
452064934
452064934
452064934
452064934
452064934
452064934
452064934
452064934
452064934
452064934
452064934
452064934
452064934
452064934
452064934
452064934
452064934
452064934
452064934
452064934
452064934
452064934
452064934
452064934
452064934
452064934
452064934
452064934
452064934
452064934
452064934
452064934
452064934
452064934
452064934
452064934
452064934
452064934
452064934
452064934
452064934
452064934
452064934
452064934
452064934
452064934
452064934
452064934
452064934
452064934
452064934
452064934
452064934
452064934
452064934
452064934
452064934
452064934
452064934
452064934
452064934
452064934
452064934
452064934
452064934
452064934
452064934
452064934
452064934
452064934
452064934
452064934
452064934
452064934
452064934
452064934
452064934
452064934
452064934
452064934
452064934
452064934
452064934
452064934
452064934
452064934
452064934
452064934
452064934
452064934
452064934
452064934
452064934
452064934
452064934
452064934
452064934
452064934
452064934
452064934
452064934
452064934
452064934
452064934
452064934
452064934
452064934
452064934
452064934
452064934
452064934
452064934
452064934
452064934
452064934
452064934
452064934
452064934
452064934
452064934
452064934
452064934
452064934
452064934
452064934
452064934
452064934
452064934
452064934
452064934
452064934
452064934
452064934
452064934
452064934
452064934
452064934
452064934
452064934
452064934
452064934
452064934
452064934
452064934
452064934
452064934
452064934
452064934
452064934
452064934
452064934
452064934
452064934
452064934
452064934
452064934
452064934
452064934
452064934
452064934
452064934
452064934
452064934
452064934
452064934
452064934
452064934
452064934
452064934
452064934
452064934
452064934
452064934
452064934
452064934
452064934
452064934
452064934
452064934
452064934
452064934
452064934
452064934
452064934
452064934
452064934
452064934
452064934
452064934
452064934
452064934
452064934
452064934
452064934
452064934
452064934
452064934
452064934
452064934
452064934
452064934
452064934
452064934
452064934
452064934
452064934
452064934
452064934
452064934
452064934
452064934
452064934
452064934
452064934
452064934
452064934
452064934
452064934
452064934
452064934
452064934
452064934
452064934
452064934
452064934
452064934
452064934
452064934
452064934
452064934
452064934
452064934
452064934
452064934
452064934
452064934
452064934
452064934
452064934
452064934
452064934
452064934
452064934
452064934
452064934
452064934
452064934
452064934
452064934
452064934
452064934
452064934
452064934
452064934
452064934
452064934
452064934
452064934
452064934
452064934
452064934
452064934
452064934
452064934
452064934
452064934
452064934
452064934
452064934
452064934
452064934
452064934
452064934
452064934
452064934
452064934
452064934
452064934
452064934
452064934
452064934
452064934
452064934
452064934
452064934
452064934
452064934
452064934
452064934
452064934
452064934
452064934
452064934
452064934
452064934
452064934
452064934
452064934
452064934
452064934
452064934
452064934
452064934
452064934
452064934
452064934
452064934
452064934
452064934
452064934
452064934
452064934
452064934
452064934
452064934
452064934
452064934
452064934
452064934
452064934
452064934
452064934
452064934
452064934
452064934
452064934
452064934
452064934
452064934
452064934
452064934
452064934
452064934
452064934
452064934
452064934
452064934
452064934
452064934
452064934
452064934
452064934
452064934
452064934
452064934
452064934
452064934
452064934
452064934
452064934
452064934
452064934
452064934
452064934
452064934
452064934
452064934
452064934
452064934
452064934
452064934
452064934
452064934
452064934
452064934
452064934
452064934
452064934
452064934
452064934
452064934
452064934
452064934
452064934
452064934
452064934
452064934
452064934
452064934
452064934
452064934
452064934
452064934
452064934
452064934
452064934
452064934
452064934
452064934
452064934
452064934
452064934
452064934
452064934
452064934
452064934
452064934
452064934
452064934
452064934
452064934
452064934
452064934
452064934
452064934
452064934
452064934
452064934
452064934
452064934
452064934
452064934
452064934
452064934
452064934
452064934
452064934
452064934
452064934
452064934
452064934
452064934
452064934
452064934
452064934
452064934
452064934
452064934
452064934
452064934
452064934
452064934
452064934
452064934
452064934
452064934
452064934
452064934
452064934
452064934
452064934
452064934
452064934
452064934
452064934
452064934
452064934
452064934
452064934
452064934
452064934
452064934
452064934
452064934
452064934
452064934
452064934
452064934
452064934
452064934
452064934
452064934
452064934
452064934
452064934
452064934
452064934
452064934
452064934
452064934
452064934
452064934
452064934
452064934
452064934
452064934
452064934
452064934
452064934
452064934
452064934
452064934
452064934
452064934
452064934
452064934
452064934
452064934
452064934
452064934
452064934
452064934
452064934
452064934
452064934
452064934
452064934
452064934
452064934
452064934
452064934
452064934
452064934
452064934
452064934
452064934
452064934
452064934
452064934
452064934
452064934
452064934
452064934
452064934
452064934
452064934
452064934
452064934
452064934
452064934
452064934
452064934
452064934
452064934
452064934
452064934
452064934
452064934
452064934
452064934
452064934
452064934
452064934
452064934
452064934
452064934
452064934
452064934
452064934
452064934
452064934
452064934
452064934
452064934
452064934
452064934
452064934
452064934
452064934
452064934
452064934
452064934
452064934
452064934
452064934
452064934
452064934
452064934
452064934
452064934
452064934
452064934
452064934
452064934
452064934
452064934
452064934
452064934
452064934
452064934
452064934
452064934
452064934
452064934
452064934
452064934
452064934
452064934
452064934
452064934
452064934
452064934
452064934
452064934
452064934
452064934
452064934
452064934
452064934
452064934
452064934
452064934
452064934
452064934
452064934
452064934
452064934
452064934
452064934
452064934
452064934
452064934
452064934
452064934
452064934
452064934
452064934
452064934
452064934
452064934
452064934
452064934
452064934
452064934
452064934
452064934
452064934
452064934
452064934
452064934
452064934
452064934
452064934
452064934
452064934
452064934
452064934
452064934
452064934
452064934
452064934
452064934
452064934
452064934
452064934
452064934
452064934
452064934
452064934
452064934
452064934
452064934
452064934
452064934
452064934
452064934
452064934
452064934
452064934
452064934
452064934
452064934
452064934
452064934
452064934
452064934
452064934
452064934
452064934
452064934
452064934
452064934
452064934
452064934
452064934
452064934
452064934
452064934
452064934
452064934
452064934
452064934
452064934
452064934
452064934
452064934
452064934
452064934
452064934
452064934
452064934
452064934
452064934
452064934
452064934
452064934
452064934
452064934
452064934
452064934
452064934
452064934
452064934
452064934
452064934
452064934
452064934
452064934
452064934
452064934
452064934
452064934
452064934
452064934
452064934
452064934
452064934
452064934
452064934
452064934
452064934
452064934
452064934
452064934
452064934
452064934
452064934
452064934
452064934
452064934
452064934
452064934
452064934
452064934
452064934
452064934
452064934
452064934
452064934
452064934
452064934
452064934
452064934
452064934
452064934
452064934
452064934
452064934
452064934
452064934
452064934
452064934
452064934
452064934
452064934
452064934
452064934
452064934
452064934
452064934
452064934
452064934
452064934
452064934
452064934
452064934
452064934
452064934
452064934
452064934
452064934
452064934
452064934
452064934
452064934
452064934
452064934
452064934
452064934
452064934
452064934
452064934
452064934
452064934
452064934
452064934
452064934
452064934
452064934
452064934
452064934
452064934
452064934
452064934
452064934
452064934
452064934
452064934
452064934
452064934
452064934
452064934
452064934
452064934
452064934
452064934
452064934
452064934
452064934
452064934
452064934
452064934
452064934
452064934
452064934
452064934
452064934
452064934
452064934
452064934
452064934
452064934
452064934
452064934
452064934
452064934
452064934
452064934
452064934
452064934
452064934
452064934
452064934
452064934
452064934
452064934
452064934
452064934
452064934
452064934
452064934
452064934
452064934
452064934
452064934
452064934
452064934
452064934
452064934
452064934
452064934
452064934
452064934
452064934
452064934
452064934
452064934
452064934
452064934
452064934
452064934
452064934
452064934
452064934
452064934
452064934
452064934
452064934
452064934
452064934
452064934
452064934
452064934
452064934
452064934
452064934
452064934
452064934
452064934
452064934
452064934
452064934
452064934
452064934
452064934
452064934
452064934
452064934
452064934
452064934
452064934
452064934
452064934
452064934
452064934
452064934
452064934
452064934
452064934
452064934
452064934
452064934
452064934
452064934
452064934
452064934
452064934
452064934
452064934
452064934
452064934
452064934
452064934
452064934
452064934
452064934
452064934
452064934
452064934
452064934
452064934
452064934
452064934
452064934
452064934
452064934
452064934
452064934
452064934
452064934
452064934
452064934
452064934
452064934
452064934
452064934
452064934
452064934
452064934
452064934
452064934
452064934
452064934
452064934
452064934
452064934
452064934
452064934
452064934
452064934
452064934
452064934
452064934
452064934
452064934
452064934
452064934
452064934
452064934
452064934
452064934
452064934
452064934
452064934
452064934
452064934
452064934
452064934
452064934
452064934
452064934
452064934
452064934
452064934
452064934
452064934
452064934
452064934
452064934
452064934
452064934
452064934
452064934
452064934
452064934
452064934
452064934
452064934
452064934
452064934
452064934
452064934
452064934
452064934
452064934
452064934
452064934
452064934
452064934
452064934
452064934
452064934
452064934
452064934
452064934
452064934
452064934
452064934
452064934
452064934
452064934
452064934
452064934
452064934
452064934
452064934
452064934
452064934
452064934
452064934
452064934
452064934
452064934
452064934
452064934
452064934
452064934
452064934
452064934
452064934
452064934
452064934
452064934
452064934
452064934
452064934
452064934
452064934
452064934
452064934
452064934
452064934
452064934
452064934
452064934
452064934
452064934
452064934
452064934
452064934
452064934
452064934
452064934
452064934
452064934
452064934
452064934
452064934
452064934
452064934
452064934
452064934
452064934
452064934
452064934
452064934
452064934
452064934
452064934
452064934
452064934
452064934
452064934
452064934
452064934
452064934
452064934
452064934
452064934
452064934
452064934
452064934
452064934
452064934
452064934
452064934
452064934
452064934
452064934
452064934
452064934
452064934
452064934
452064934
452064934
452064934
452064934
452064934
452064934
452064934
452064934
452064934
452064934
452064934
452064934
452064934
452064934
452064934
452064934
452064934
452064934
452064934
452064934
452064934
452064934
452064934
452064934
452064934
452064934
452064934
452064934
452064934
452064934
452064934
452064934
452064934
452064934
452064934
452064934
452064934
452064934
452064934
452064934
452064934
452064934
452064934
452064934
452064934
452064934
452064934
452064934
452064934
452064934
452064934
452064934
452064934
452064934
452064934
452064934
452064934
452064934
452064934
452064934
452064934
452064934
452064934
452064934
452064934
452064934
452064934
452064934
452064934
452064934
452064934
452064934
452064934
452064934
452064934
452064934
452064934
452064934
452064934
452064934
452064934
452064934
452064934
452064934
452064934
452064934
452064934
452064934
452064934
452064934
452064934
452064934
452064934
452064934
452064934
452064934
452064934
452064934
452064934
452064934
452064934
452064934
452064934
452064934
452064934
452064934
452064934
452064934
452064934
452064934
452064934
452064934
452064934
452064934
452064934
452064934
452064934
452064934
452064934
452064934
452064934
452064934
452064934
452064934
452064934
452064934
452064934
452064934
452064934
452064934
452064934
452064934
452064934
452064934
452064934
452064934
452064934
452064934
452064934
452064934
452064934
452064934
452064934
452064934
452064934
452064934
452064934
452064934
452064934
452064934
452064934
452064934
452064934
452064934
452064934
452064934
452064934
452064934
452064934
452064934
452064934
452064934
452064934
452064934
452064934
452064934
452064934
452064934
452064934
452064934
452064934
452064934
452064934
452064934
452064934
452064934
452064934
452064934
452064934
452064934
452064934
452064934
452064934
452064934
452064934
452064934
452064934
452064934
452064934
452064934
452064934
452064934
452064934
452064934
452064934
452064934
452064934
452064934
452064934
452064934
452064934
452064934
452064934
452064934
452064934
452064934
452064934
452064934
452064934
452064934
452064934
452064934
452064934
452064934
452064934
452064934
452064934
452064934
452064934
452064934
452064934
452064934
452064934
452064934
452064934
452064934
452064934
452064934
452064934
452064934
452064934
452064934
452064934
452064934
452064934
452064934
452064934
452064934
452064934
452064934
452064934
452064934
452064934
452064934
452064934
452064934
452064934
452064934
452064934
452064934
452064934
452064934
452064934
452064934
452064934
452064934
452064934
452064934
452064934
452064934
452064934
452064934
452064934
452064934
452064934
452064934
452064934
452064934
452064934
452064934
452064934
452064934
452064934
452064934
452064934
452064934
452064934
452064934
452064934
452064934
452064934
452064934
452064934
452064934
452064934
452064934
452064934
452064934
452064934
452064934
452064934
452064934
452064934
452064934
452064934
452064934
452064934
452064934
452064934
452064934
452064934
452064934
452064934
452064934
452064934
452064934
452064934
452064934
452064934
452064934
452064934
452064934
452064934
452064934
452064934
452064934
452064934
452064934
452064934
452064934
452064934
452064934
452064934
452064934
452064934
452064934
452064934
452064934
452064934
452064934
452064934
452064934
452064934
452064934
452064934
452064934
452064934
452064934
452064934
452064934
452064934
452064934
452064934
452064934
452064934
452064934
452064934
452064934
452064934
452064934
452064934
452064934
452064934
452064934
452064934
452064934
452064934
452064934
452064934
452064934
452064934
452064934
452064934
452064934
452064934
452064934
452064934
452064934
452064934
452064934
452064934
452064934
452064934
452064934
452064934
452064934
452064934
452064934
452064934
452064934
452064934
452064934
452064934
452064934
452064934
452064934
452064934
452064934
452064934
452064934
452064934
452064934
452064934
452064934
452064934
452064934
452064934
452064934
452064934
452064934
452064934
452064934
452064934
452064934
452064934
452064934
452064934
452064934
452064934
452064934
452064934
452064934
452064934
452064934
452064934
452064934
452064934
452064934
452064934
452064934
452064934
452064934
452064934
452064934
452064934
452064934
452064934
452064934
452064934
452064934
452064934
452064934
452064934
452064934
452064934
452064934
452064934
452064934
452064934
452064934
452064934
452064934
452064934
452064934
452064934
452064934
452064934
452064934
452064934
452064934
452064934
452064934
452064934
452064934
452064934
452064934
452064934
452064934
452064934
452064934
452064934
452064934
452064934
452064934
452064934
452064934
452064934
452064934
452064934
452064934
452064934
452064934
452064934
452064934
452064934
452064934
452064934
452064934
452064934
452064934
452064934
452064934
452064934
452064934
452064934
452064934
452064934
452064934
452064934
452064934
452064934
452064934
452064934
452064934
452064934
452064934
452064934
452064934
452064934
452064934
452064934
452064934
452064934
452064934
452064934
452064934
452064934
452064934
452064934
452064934
452064934
452064934
452064934
452064934
452064934
452064934
452064934
452064934
452064934
452064934
452064934
452064934
452064934
452064934
452064934
452064934
452064934
452064934
452064934
452064934
452064934
452064934
452064934
452064934
452064934
452064934
452064934
452064934
452064934
452064934
452064934
452064934
452064934
452064934
452064934
452064934
452064934
452064934
452064934
452064934
452064934
452064934
452064934
452064934
452064934
452064934
452064934
452064934
452064934
452064934
452064934
452064934
452064934
452064934
452064934
452064934
452064934
452064934
452064934
452064934
452064934
452064934
452064934
452064934
452064934
452064934
452064934
452064934
452064934
452064934
452064934
452064934
452064934
452064934
452064934
452064934
452064934
452064934
452064934
452064934
452064934
452064934
452064934
452064934
452064934
452064934
452064934
452064934
452064934
452064934
452064934
452064934
452064934
452064934
452064934
452064934
452064934
452064934
452064934
452064934
452064934
452064934
452064934
452064934
452064934
452064934
452064934
452064934
452064934
452064934
452064934
452064934
452064934
452064934
452064934
452064934
452064934
452064934
452064934
452064934
452064934
452064934
452064934
452064934
452064934
452064934
452064934
452064934
452064934
452064934
452064934
452064934
452064934
452064934
452064934
452064934
452064934
452064934
452064934
452064934
452064934
452064934
452064934
452064934
452064934
452064934
452064934
452064934
452064934
452064934
452064934
452064934
452064934
452064934
452064934
452064934
452064934
452064934
452064934
452064934
452064934
452064934
452064934
452064934
452064934
452064934
452064934
452064934
452064934
452064934
452064934
452064934
452064934
452064934
452064934
452064934
452064934
452064934
452064934
452064934
452064934
452064934
452064934
452064934
452064934
452064934
452064934
452064934
452064934
452064934
452064934
452064934
452064934
452064934
452064934
452064934
452064934
452064934
452064934
452064934
452064934
452064934
452064934
452064934
452064934
452064934
452064934
452064934
452064934
452064934
452064934
452064934
452064934
452064934
452064934
452064934
452064934
452064934
452064934
452064934
452064934
452064934
452064934
452064934
452064934
452064934
452064934
452064934
452064934
452064934
452064934
452064934
452064934
452064934
452064934
452064934
452064934
452064934
452064934
452064934
452064934
452064934
452064934
452064934
452064934
452064934
452064934
452064934
452064934
452064934
452064934
452064934
452064934
452064934
452064934
452064934
452064934
452064934
452064934
452064934
452064934
452064934
452064934
452064934
452064934
452064934
452064934
452064934
452064934
452064934
452064934
452064934
452064934
452064934
452064934
452064934
452064934
452064934
452064934
452064934
452064934
452064934
452064934
452064934
452064934
452064934
452064934
452064934
452064934
452064934
452064934
452064934
452064934
452064934
452064934
452064934
452064934
452064934
452064934
452064934
452064934
452064934
452064934
452064934
452064934
452064934
452064934
452064934
452064934
452064934
452064934
452064934
452064934
452064934
452064934
452064934
452064934
452064934
452064934
452064934
452064934
452064934
452064934
452064934
452064934
452064934
452064934
452064934
452064934
452064934
452064934
452064934
452064934
452064934
452064934
452064934
452064934
452064934
452064934
452064934
452064934
452064934
452064934
452064934
452064934
452064934
452064934
452064934
452064934
452064934
452064934
452064934
452064934
452064934
452064934
452064934
452064934
452064934
452064934
452064934
452064934
452064934
452064934
452064934
452064934
452064934
452064934
452064934
452064934
452064934
452064934
452064934
452064934
452064934
452064934
452064934
452064934
452064934
452064934
452064934
452064934
452064934
452064934
452064934
452064934
452064934
452064934
452064934
452064934
452064934
452064934
452064934
452064934
452064934
452064934
452064934
452064934
452064934
452064934
452064934
452064934
452064934
452064934
452064934
452064934
452064934
452064934
452064934
452064934
452064934
452064934
452064934
452064934
452064934
452064934
452064934
452064934
452064934
452064934
452064934
452064934
452064934
452064934
452064934
452064934
452064934
452064934
452064934
452064934
452064934
452064934
452064934
452064934
452064934
452064934
452064934
452064934
452064934
452064934
452064934
452064934
452064934
452064934
452064934
452064934
452064934
452064934
452064934
452064934
452064934
452064934
452064934
452064934
452064934
452064934
452064934
452064934
452064934
452064934
452064934
452064934
452064934
452064934
452064934
452064934
452064934
452064934
452064934
452064934
452064934
452064934
452064934
452064934
452064934
452064934
452064934
452064934
452064934
452064934
452064934
452064934
452064934
452064934
452064934
452064934
452064934
452064934
452064934
452064934
452064934
452064934
452064934
452064934
452064934
452064934
452064934
452064934
452064934
452064934
452064934
452064934
452064934
452064934
452064934
452064934
452064934
452064934
452064934
452064934
452064934
452064934
452064934
452064934
452064934
452064934
452064934
452064934
452064934
452064934
452064934
452064934
452064934
452064934
452064934
452064934
452064934
452064934
452064934
452064934
452064934
452064934
452064934
452064934
452064934
452064934
452064934
452064934
452064934
452064934
452064934
452064934
452064934
452064934
452064934
452064934
452064934
452064934
452064934
452064934
452064934
452064934
452064934
452064934
452064934
452064934
452064934
452064934
452064934
452064934
452064934
452064934
452064934
452064934
452064934
452064934
452064934
452064934
452064934
452064934
452064934
452064934
452064934
452064934
452064934
452064934
452064934
452064934
452064934
452064934
452064934
452064934
452064934
452064934
452064934
452064934
452064934
452064934
452064934
452064934
452064934
452064934
452064934
452064934
452064934
452064934
452064934
452064934
452064934
452064934
452064934
452064934
452064934
452064934
452064934
452064934
452064934
452064934
452064934
452064934
452064934
452064934
452064934
452064934
452064934
452064934
452064934
452064934
452064934
452064934
452064934
452064934
452064934
452064934
452064934
452064934
452064934
452064934
452064934
452064934
452064934
452064934
452064934
452064934
452064934
452064934
452064934
452064934
452064934
452064934
452064934
452064934
452064934
452064934
452064934
452064934
452064934
452064934
452064934
452064934
452064934
452064934
452064934
452064934
452064934
452064934
452064934
452064934
452064934
452064934
452064934
452064934
452064934
452064934
452064934
452064934
452064934
452064934
452064934
452064934
452064934
452064934
452064934
452064934
452064934
452064934
452064934
452064934
452064934
452064934
452064934
452064934
452064934
452064934
452064934
452064934
452064934
452064934
452064934
452064934
452064934
452064934
452064934
452064934
452064934
452064934
452064934
452064934
452064934
452064934
452064934
452064934
452064934
452064934
452064934
452064934
452064934
452064934
452064934
452064934
452064934
452064934
452064934
452064934
452064934
452064934
452064934
452064934
452064934
452064934
452064934
452064934
452064934
452064934
452064934
452064934
452064934
452064934
452064934
452064934
452064934
452064934
452064934
452064934
452064934
452064934
452064934
452064934
452064934
452064934
452064934
452064934
452064934
452064934
452064934
452064934
452064934
452064934
452064934
452064934
452064934
452064934
452064934
452064934
452064934
452064934
452064934
452064934
452064934
452064934
452064934
452064934
452064934
452064934
452064934
452064934
452064934
452064934
452064934
452064934
452064934
452064934
452064934
452064934
452064934
452064934
452064934
452064934
452064934
452064934
452064934
452064934
452064934
452064934
452064934
452064934
452064934
452064934
452064934
452064934
452064934
452064934
452064934
452064934
452064934
452064934
452064934
452064934
452064934
452064934
452064934
452064934
452064934
452064934
452064934
452064934
452064934
452064934
452064934
452064934
452064934
452064934
452064934
452064934
452064934
452064934
452064934
452064934
452064934
452064934
452064934
452064934
452064934
452064934
452064934
452064934
452064934
452064934
452064934
452064934
452064934
452064934
452064934
452064934
452064934
452064934
452064934
452064934
452064934
452064934
452064934
452064934
452064934
452064934
452064934
452064934
452064934
452064934
452064934
452064934
452064934
452064934
452064934
452064934
452064934
452064934
452064934
452064934
452064934
452064934
452064934
452064934
452064934
452064934
452064934
452064934
452064934
452064934
452064934
452064934
452064934
452064934
452064934
452064934
452064934
452064934
452064934
452064934
452064934
452064934
452064934
452064934
452064934
452064934
452064934
452064934
452064934
452064934
452064934
452064934
452064934
452064934
452064934
452064934
452064934
452064934
452064934
452064934
452064934
452064934
452064934
452064934
452064934
452064934
452064934
452064934
452064934
452064934
452064934
452064934
452064934
452064934
452064934
452064934
452064934
452064934
452064934
452064934
452064934
452064934
452064934
452064934
452064934
452064934
452064934
452064934
452064934
452064934
452064934
452064934
452064934
452064934
452064934
452064934
452064934
452064934
452064934
452064934
452064934
452064934
452064934
452064934
452064934
452064934
452064934
452064934
452064934
452064934
452064934
452064934
452064934
452064934
452064934
452064934
452064934
452064934
452064934
452064934
452064934
452064934
452064934
452064934
452064934
452064934
452064934
452064934
452064934
452064934
452064934
452064934
452064934
452064934
452064934
452064934
452064934
452064934
452064934
452064934
452064934
452064934
452064934
452064934
452064934
452064934
452064934
452064934
452064934
452064934
452064934
452064934
452064934
452064934
452064934
452064934
452064934
452064934
452064934
452064934
452064934
452064934
452064934
452064934
452064934
452064934
452064934
452064934
452064934
452064934
452064934
452064934
452064934
452064934
452064934
452064934
452064934
452064934
452064934
452064934
452064934
452064934
452064934
452064934
452064934
452064934
452064934
452064934
452064934
452064934
452064934
452064934
452064934
452064934
452064934
452064934
452064934
452064934
452064934
452064934
452064934
452064934
452064934
452064934
452064934
452064934
452064934
452064934
452064934
452064934
452064934
452064934
452064934
452064934
452064934
452064934
452064934
452064934
452064934
452064934
452064934
452064934
452064934
452064934
452064934
452064934
452064934
452064934
452064934
452064934
452064934
452064934
452064934
452064934
452064934
452064934
452064934
452064934
452064934
452064934
452064934
452064934
452064934
452064934
452064934
452064934
452064934
452064934
452064934
452064934
452064934
452064934
452064934
452064934
452064934
452064934
452064934
452064934
452064934
452064934
452064934
452064934
452064934
452064934
452064934
452064934
452064934
452064934
452064934
452064934
452064934
452064934
452064934
452064934
452064934
452064934
452064934
452064934
452064934
452064934
452064934
452064934
452064934
452064934
452064934
452064934
452064934
452064934
452064934
452064934
452064934
452064934
452064934
452064934
452064934
452064934
452064934
452064934
452064934
452064934
452064934
452064934
452064934
452064934
452064934
452064934
452064934
452064934
452064934
452064934
452064934
452064934
452064934
452064934
452064934
452064934
452064934
452064934
452064934
452064934
452064934
452064934
452064934
452064934
452064934
452064934
452064934
452064934
452064934
452064934
452064934
452064934
452064934
452064934
452064934
452064934
452064934
452064934
452064934
452064934
452064934
452064934
452064934
452064934
452064934
452064934
452064934
452064934
452064934
452064934
452064934
452064934
452064934
452064934
452064934
452064934
452064934
452064934
452064934
452064934
452064934
452064934
452064934
452064934
452064934
452064934
452064934
452064934
452064934
452064934
452064934
452064934
452064934
452064934
452064934
452064934
452064934
452064934
452064934
452064934
452064934
452064934
452064934
452064934
452064934
452064934
452064934
452064934
452064934
452064934
452064934
452064934
452064934
452064934
452064934
452064934
452064934
452064934
452064934
452064934
452064934
452064934
452064934
452064934
452064934
452064934
452064934
452064934
452064934
452064934
452064934
452064934
452064934
452064934
452064934
452064934
452064934
452064934
452064934
452064934
452064934
452064934
452064934
452064934
452064934
452064934
452064934
452064934
452064934
452064934
452064934
452064934
452064934
452064934
452064934
452064934
452064934
452064934
452064934
452064934
452064934
452064934
452064934
452064934
452064934
452064934
452064934
452064934
452064934
452064934
452064934
452064934
452064934
452064934
452064934
452064934
452064934
452064934
452064934
452064934
452064934
452064934
452064934
452064934
452064934
452064934
452064934
452064934
452064934
452064934
452064934
452064934
452064934
452064934
452064934
452064934
452064934
452064934
452064934
452064934
452064934
452064934
452064934
452064934
452064934
452064934
452064934
452064934
452064934
452064934
452064934
452064934
452064934
452064934
452064934
452064934
452064934
452064934
452064934
452064934
452064934
452064934
452064934
452064934
452064934
452064934
452064934
452064934
452064934
452064934
452064934
452064934
452064934
452064934
452064934
452064934
452064934
452064934
452064934
452064934
452064934
452064934
452064934
452064934
452064934
452064934
452064934
452064934
452064934
452064934
452064934
452064934
452064934
452064934
452064934
452064934
452064934
452064934
452064934
452064934
452064934
452064934
452064934
452064934
452064934
452064934
452064934
452064934
452064934
452064934
452064934
452064934
452064934
452064934
452064934
452064934
452064934
452064934
452064934
452064934
452064934
452064934
452064934
452064934
452064934
452064934
452064934
452064934
452064934
452064934
452064934
452064934
452064934
452064934
452064934
452064934
452064934
452064934
452064934
452064934
452064934
452064934
452064934
452064934
452064934
452064934
452064934
452064934
452064934
452064934
452064934
452064934
452064934
452064934
452064934
452064934
452064934
452064934
452064934
452064934
452064934
452064934
452064934
452064934
452064934
452064934
452064934
452064934
452064934
452064934
452064934
452064934
452064934
452064934
452064934
452064934
452064934
452064934
452064934
452064934
452064934
452064934
452064934
452064934
452064934
452064934
452064934
452064934
452064934
452064934
452064934
452064934
452064934
452064934
452064934
452064934
452064934
452064934
452064934
452064934
452064934
452064934
452064934
452064934
452064934
452064934
452064934
452064934
452064934
452064934
452064934
452064934
452064934
452064934
452064934
452064934
452064934
452064934
452064934
452064934
452064934
452064934
452064934
452064934
452064934
452064934
452064934
452064934
452064934
452064934
452064934
452064934
452064934
452064934
452064934
452064934
452064934
452064934
452064934
452064934
452064934
452064934
452064934
452064934
452064934
452064934
452064934
452064934
452064934
452064934
452064934
452064934
452064934
452064934
452064934
452064934
452064934
452064934
452064934
452064934
452064934
452064934
452064934
452064934
452064934
452064934
452064934
452064934
452064934
452064934
452064934
452064934
452064934
452064934
452064934
452064934
452064934
452064934
452064934
452064934
452064934
452064934
452064934
452064934
452064934
452064934
452064934
452064934
452064934
452064934
452064934
452064934
452064934
452064934
452064934
452064934
452064934
452064934
452064934
452064934
452064934
452064934
452064934
452064934
452064934
452064934
452064934
452064934
452064934
452064934
452064934
452064934
452064934
452064934
452064934
452064934
452064934
452064934
452064934
452064934
452064934
452064934
452064934
452064934
452064934
452064934
452064934
452064934
452064934
452064934
452064934
452064934
452064934
452064934
452064934
452064934
452064934
452064934
452064934
452064934
452064934
452064934
452064934
452064934
452064934
452064934
452064934
452064934
452064934
452064934
452064934
452064934
452064934
452064934
452064934
452064934
452064934
452064934
452064934
452064934
452064934
452064934
452064934
452064934
452064934
452064934
452064934
452064934
452064934
452064934
452064934
452064934
452064934
452064934
452064934
452064934
452064934
452064934
452064934
452064934
452064934
452064934
452064934
452064934
452064934
452064934
452064934
452064934
452064934
452064934
452064934
452064934
452064934
452064934
452064934
452064934
452064934
452064934
452064934
452064934
452064934
452064934
452064934
452064934
452064934
452064934
452064934
452064934
452064934
452064934
452064934
452064934
452064934
452064934
452064934
452064934
452064934
452064934
452064934
452064934
452064934
452064934
452064934
452064934
452064934
452064934
452064934
452064934
452064934
452064934
452064934
452064934
452064934
452064934
452064934
452064934
452064934
452064934
452064934
452064934
452064934
452064934
452064934
452064934
452064934
452064934
452064934
452064934
452064934
452064934
452064934
452064934
452064934
452064934
452064934
452064934
452064934
452064934
452064934
452064934
452064934
452064934
452064934
452064934
452064934
452064934
452064934
452064934
452064934
452064934
452064934
452064934
452064934
452064934
452064934
452064934
452064934
452064934
452064934
452064934
452064934
452064934
452064934
452064934
452064934
452064934
452064934
452064934
452064934
452064934
452064934
452064934
452064934
452064934
452064934
452064934
452064934
452064934
452064934
452064934
452064934
452064934
452064934
452064934
452064934
452064934
452064934
452064934
452064934
452064934
452064934
452064934
452064934
452064934
452064934
452064934
452064934
452064934
452064934
452064934
452064934
452064934
452064934
452064934
452064934
452064934
452064934
452064934
452064934
452064934
452064934
452064934
452064934
452064934
452064934
452064934
452064934
452064934
452064934
452064934
452064934
452064934
452064934
452064934
452064934
452064934
452064934
452064934
452064934
452064934
452064934
452064934
452064934
452064934
452064934
452064934
452064934
452064934
452064934
452064934
452064934
452064934
452064934
452064934
452064934
452064934
452064934
452064934
452064934
452064934
452064934
452064934
452064934
452064934
452064934
452064934
452064934
452064934
452064934
452064934
452064934
452064934
452064934
452064934
452064934
452064934
452064934
452064934
452064934
452064934
452064934
452064934
452064934
452064934
452064934
452064934
452064934
452064934
452064934
452064934
452064934
452064934
452064934
452064934
452064934
452064934
452064934
452064934
452064934
452064934
452064934
452064934
452064934
452064934
452064934
452064934
452064934
452064934
452064934
452064934
452064934
452064934
452064934
452064934
452064934
452064934
452064934
452064934
452064934
452064934
452064934
452064934
452064934
452064934
452064934
452064934
452064934
452064934
452064934
452064934
452064934
452064934
452064934
452064934
452064934
452064934
452064934
452064934
452064934
452064934
452064934
452064934
452064934
452064934
452064934
452064934
452064934
452064934
452064934
452064934
452064934
452064934
452064934
452064934
452064934
452064934
452064934
452064934
452064934
452064934
452064934
452064934
452064934
452064934
452064934
452064934
452064934
452064934
452064934
452064934
452064934
452064934
452064934
452064934
452064934
452064934
452064934
452064934
452064934
452064934
452064934
452064934
452064934
452064934
452064934
452064934
452064934
452064934
452064934
452064934
452064934
452064934
452064934
452064934
452064934
452064934
452064934
452064934
452064934
452064934
452064934
452064934
452064934
452064934
452064934
452064934
452064934
452064934
452064934
452064934
452064934
452064934
452064934
452064934
452064934
452064934
452064934
452064934
452064934
452064934
452064934
452064934
452064934
452064934
452064934
452064934
452064934
452064934
452064934
452064934
452064934
452064934
452064934
452064934
452064934
452064934
452064934
452064934
452064934
452064934
452064934
452064934
452064934
452064934
452064934
452064934
452064934
452064934
452064934
452064934
452064934
452064934
452064934
452064934
452064934
452064934
452064934
452064934
452064934
452064934
452064934
452064934
452064934
452064934
452064934
452064934
452064934
452064934
452064934
452064934
452064934
452064934
452064934
452064934
452064934
452064934
452064934
452064934
452064934
452064934
452064934
452064934
452064934
452064934
452064934
452064934
452064934
452064934
452064934
452064934
452064934
452064934
452064934
452064934
452064934
452064934
452064934
452064934
452064934
452064934
452064934
452064934
452064934
452064934
452064934
452064934
452064934
452064934
452064934
452064934
452064934
452064934
452064934
452064934
452064934
452064934
452064934
452064934
452064934
452064934
452064934
452064934
452064934
452064934
452064934
452064934
452064934
452064934
452064934
452064934
452064934
452064934
452064934
452064934
452064934
452064934
452064934
452064934
452064934
452064934
452064934
452064934
452064934
452064934
452064934
452064934
452064934
452064934
452064934
452064934
452064934
452064934
452064934
452064934
452064934
452064934
452064934
452064934
452064934
452064934
452064934
452064934
452064934
452064934
452064934
452064934
452064934
452064934
452064934
452064934
452064934
452064934
452064934
452064934
452064934
452064934
452064934
452064934
452064934
452064934
452064934
452064934
452064934
452064934
452064934
452064934
452064934
452064934
452064934
452064934
452064934
452064934
452064934
452064934
452064934
452064934
452064934
452064934
452064934
452064934
452064934
452064934
452064934
452064934
452064934
452064934
452064934
452064934
452064934
452064934
452064934
452064934
452064934
452064934
452064934
452064934
452064934
452064934
452064934
452064934
452064934
452064934
452064934
452064934
452064934
452064934
452064934
452064934
452064934
452064934
452064934
452064934
452064934
452064934
452064934
452064934
452064934
452064934
452064934
452064934
452064934
452064934
452064934
452064934
452064934
452064934
452064934
452064934
452064934
452064934
452064934
452064934
452064934
452064934
452064934
452064934
452064934
452064934
452064934
452064934
452064934
452064934
452064934
452064934
452064934
452064934
452064934
452064934
452064934
452064934
452064934
452064934
452064934
452064934
452064934
452064934
452064934
452064934
452064934
452064934
452064934
452064934
452064934
452064934
452064934
452064934
452064934
452064934
452064934
452064934
452064934
452064934
452064934
452064934
452064934
452064934
452064934
452064934
452064934
452064934
452064934
452064934
452064934
452064934
452064934
452064934
452064934
452064934
452064934
452064934
452064934
452064934
452064934
452064934
452064934
452064934
452064934
452064934
452064934
452064934
452064934
452064934
452064934
452064934
452064934
452064934
452064934
452064934
452064934
452064934
452064934
452064934
452064934
452064934
452064934
452064934
452064934
452064934
452064934
452064934
452064934
452064934
452064934
452064934
452064934
452064934
452064934
452064934
452064934
452064934
452064934
452064934
452064934
452064934
452064934
452064934
452064934
452064934
452064934
452064934
452064934
452064934
452064934
452064934
452064934
452064934
452064934
452064934
452064934
452064934
452064934
452064934
452064934
452064934
452064934
452064934
452064934
452064934
452064934
452064934
452064934
452064934
452064934
452064934
452064934
452064934
452064934
452064934
452064934
452064934
452064934
452064934
452064934
452064934
452064934
452064934
452064934
452064934
452064934
452064934
452064934
452064934
452064934
452064934
452064934
452064934
452064934
452064934
452064934
452064934
452064934
452064934
452064934
452064934
452064934
452064934
452064934
452064934
452064934
452064934
452064934
452064934
452064934
452064934
452064934
452064934
452064934
452064934
452064934
452064934
452064934
452064934
452064934
452064934
452064934
452064934
452064934
452064934
452064934
452064934
452064934
452064934
452064934
452064934
452064934
452064934
452064934
452064934
452064934
452064934
452064934
452064934
452064934
452064934
452064934
452064934
452064934
452064934
452064934
452064934
452064934
452064934
452064934
452064934
452064934
452064934
452064934
452064934
452064934
452064934
452064934
452064934
452064934
452064934
452064934
452064934
452064934
452064934
452064934
452064934
452064934
452064934
452064934
452064934
452064934
452064934
452064934
452064934
452064934
452064934
452064934
452064934
452064934
452064934
452064934
452064934
452064934
452064934
452064934
452064934
452064934
452064934
452064934
452064934
452064934
452064934
452064934
452064934
452064934
452064934
452064934
452064934
452064934
452064934
452064934
452064934
452064934
452064934
452064934
452064934
452064934
452064934
452064934
452064934
452064934
452064934
452064934
452064934
452064934
452064934
452064934
452064934
452064934
452064934
452064934
452064934
452064934
452064934
452064934
452064934
452064934
452064934
452064934
452064934
452064934
452064934
452064934
452064934
452064934
452064934
452064934
452064934
452064934
452064934
452064934
452064934
452064934
452064934
452064934
452064934
452064934
452064934
452064934
452064934
452064934
452064934
452064934
452064934
452064934
452064934
452064934
452064934
452064934
452064934
452064934
452064934
452064934
452064934
452064934
452064934
452064934
452064934
452064934
452064934
452064934
452064934
452064934
452064934
452064934
452064934
452064934
452064934
452064934
452064934
452064934
452064934
452064934
452064934
452064934
452064934
452064934
452064934
452064934
452064934
452064934
452064934
452064934
452064934
452064934
452064934
452064934
452064934
452064934
452064934
452064934
452064934
452064934
452064934
452064934
452064934
452064934
452064934
452064934
452064934
452064934
452064934
452064934
452064934
452064934
452064934
452064934
452064934
452064934
452064934
452064934
452064934
452064934
452064934
452064934
452064934
452064934
452064934
452064934
452064934
452064934
452064934
452064934
452064934
452064934
452064934
452064934
452064934
452064934
452064934
452064934
452064934
452064934
452064934
452064934
452064934
452064934
452064934
452064934
452064934
452064934
452064934
452064934
452064934
452064934
452064934
452064934
452064934
452064934
452064934
452064934
452064934
452064934
452064934
452064934
452064934
452064934
452064934
452064934
452064934
452064934
452064934
452064934
452064934
452064934
452064934
452064934
452064934
452064934
452064934
452064934
452064934
452064934
452064934
452064934
452064934
452064934
452064934
452064934
452064934
452064934
452064934
452064934
452064934
452064934
452064934
452064934
452064934
452064934
452064934
452064934
452064934
452064934
452064934
452064934
452064934
452064934
452064934
452064934
452064934
452064934
452064934
452064934
452064934
452064934
452064934
452064934
452064934
452064934
452064934
452064934
452064934
452064934
452064934
452064934
452064934
452064934
452064934
452064934
452064934
452064934
452064934
452064934
452064934
452064934
452064934
452064934
452064934
452064934
452064934
452064934
452064934
452064934
452064934
452064934
452064934
452064934
452064934
452064934
452064934
452064934
452064934
452064934
452064934
452064934
452064934
452064934
452064934
452064934
452064934
452064934
452064934
452064934
452064934
452064934
452064934
452064934
452064934
452064934
452064934
452064934
452064934
452064934
452064934
452064934
452064934
452064934
452064934
452064934
452064934
452064934
452064934
452064934
452064934
452064934
452064934
452064934
452064934
452064934
452064934
452064934
452064934
452064934
452064934
452064934
452064934
452064934
452064934
452064934
452064934
452064934
452064934
452064934
452064934
452064934
452064934
452064934
452064934
452064934
452064934
452064934
452064934
452064934
452064934
452064934
452064934
452064934
452064934
452064934
452064934
452064934
452064934
452064934
452064934
452064934
452064934
452064934
452064934
452064934
452064934
452064934
452064934
452064934
452064934
452064934
452064934
452064934
452064934
452064934
452064934
452064934
452064934
452064934
452064934
452064934
452064934
452064934
452064934
452064934
452064934
452064934
452064934
452064934
452064934
452064934
452064934
452064934
452064934
452064934
452064934
452064934
452064934
452064934
452064934
452064934
452064934
452064934
452064934
452064934
452064934
452064934
452064934
452064934
452064934
452064934
452064934
452064934
452064934
452064934
452064934
452064934
452064934
452064934
452064934
452064934
452064934
452064934
452064934
452064934
452064934
452064934
452064934
452064934
452064934
452064934
452064934
452064934
452064934
452064934
452064934
452064934
452064934
452064934
452064934
452064934
452064934
452064934
452064934
452064934
452064934
452064934
452064934
452064934
452064934
452064934
452064934
452064934
452064934
452064934
452064934
452064934
452064934
452064934
452064934
452064934
452064934
452064934
452064934
452064934
452064934
452064934
452064934
452064934
452064934
452064934
452064934
452064934
452064934
452064934
452064934
452064934
452064934
452064934
452064934
452064934
452064934
452064934
452064934
452064934
452064934
452064934
452064934
452064934
452064934
452064934
452064934
452064934
452064934
452064934
452064934
452064934
452064934
452064934
452064934
452064934
452064934
452064934
452064934
452064934
452064934
452064934
452064934
452064934
452064934
452064934
452064934
452064934
452064934
452064934
452064934
452064934
452064934
452064934
452064934
452064934
452064934
452064934
452064934
452064934
452064934
452064934
452064934
452064934
452064934
452064934
452064934
452064934
452064934
452064934
452064934
452064934
452064934
452064934
452064934
452064934
452064934
452064934
452064934
452064934
452064934
452064934
452064934
452064934
452064934
452064934
452064934
452064934
452064934
452064934
452064934
452064934
452064934
452064934
452064934
452064934
452064934
452064934
452064934
452064934
452064934
452064934
452064934
452064934
452064934
452064934
452064934
452064934
452064934
452064934
452064934
452064934
452064934
452064934
452064934
452064934
452064934
452064934
452064934
452064934
452064934
452064934
452064934
452064934
452064934
452064934
452064934
452064934
452064934
452064934
452064934
452064934
452064934
452064934
452064934
452064934
452064934
452064934
452064934
452064934
452064934
452064934
452064934
452064934
452064934
452064934
452064934
452064934
452064934
452064934
452064934
452064934
452064934
452064934
452064934
452064934
452064934
452064934
452064934
452064934
452064934
452064934
452064934
452064934
452064934
452064934
452064934
452064934
452064934
452064934
452064934
452064934
452064934
452064934
452064934
452064934
452064934
452064934
452064934
452064934
452064934
452064934
452064934
452064934
452064934
452064934
452064934
452064934
452064934
452064934
452064934
452064934
452064934
452064934
452064934
452064934
452064934
452064934
452064934
452064934
452064934
452064934
452064934
452064934
452064934
452064934
452064934
452064934
452064934
452064934
452064934
452064934
452064934
452064934
452064934
452064934
452064934
452064934
452064934
452064934
452064934
452064934
452064934
452064934
452064934
452064934
452064934
452064934
452064934
452064934
452064934
452064934
452064934
452064934
452064934
452064934
452064934
452064934
452064934
452064934
452064934
452064934
452064934
452064934
452064934
452064934
452064934
452064934
452064934
452064934
452064934
452064934
452064934
452064934
452064934
452064934
452064934
452064934
452064934
452064934
452064934
452064934
452064934
452064934
452064934
452064934
452064934
452064934
452064934
452064934
452064934
452064934
452064934
452064934
452064934
452064934
452064934
452064934
452064934
452064934
452064934
452064934
452064934
452064934
452064934
452064934
452064934
452064934
452064934
452064934
452064934
452064934
452064934
452064934
452064934
452064934
452064934
452064934
452064934
452064934
452064934
452064934
452064934
452064934
452064934
452064934
452064934
452064934
452064934
452064934
452064934
452064934
452064934
452064934
452064934
452064934
452064934
452064934
452064934
452064934
452064934
452064934
452064934
452064934
452064934
452064934
452064934
452064934
452064934
452064934
452064934
452064934
452064934
452064934
452064934
452064934
452064934
452064934
452064934
452064934
452064934
452064934
452064934
452064934
452064934
452064934
452064934
452064934
452064934
452064934
452064934
452064934
452064934
452064934
452064934
452064934
452064934
452064934
452064934
452064934
452064934
452064934
452064934
452064934
452064934
452064934
452064934
452064934
452064934
452064934
452064934
452064934
452064934
452064934
452064934
452064934
452064934
452064934
452064934
452064934
452064934
452064934
452064934
452064934
452064934
452064934
452064934
452064934
452064934
452064934
452064934
452064934
452064934
452064934
452064934
452064934
452064934
452064934
452064934
452064934
452064934
452064934
452064934
452064934
452064934
452064934
452064934
452064934
452064934
452064934
452064934
452064934
452064934
452064934
452064934
452064934
452064934
452064934
452064934
452064934
452064934
452064934
452064934
452064934
452064934
452064934
452064934
452064934
452064934
452064934
452064934
452064934
452064934
452064934
452064934
452064934
452064934
452064934
452064934
452064934
452064934
452064934
452064934
452064934
452064934
452064934
452064934
452064934
452064934
452064934
452064934
452064934
452064934
452064934
452064934
452064934
452064934
452064934
452064934
452064934
452064934
452064934
452064934
452064934
452064934
452064934
452064934
452064934
452064934
452064934
452064934
452064934
452064934
452064934
452064934
452064934
452064934
452064934
452064934
452064934
452064934
452064934
452064934
452064934
452064934
452064934
452064934
452064934
452064934
452064934
452064934
452064934
452064934
452064934
452064934
452064934
452064934
452064934
452064934
452064934
452064934
452064934
452064934
452064934
452064934
452064934
452064934
452064934
452064934
452064934
452064934
452064934
452064934
452064934
452064934
452064934
452064934
452064934
452064934
452064934
452064934
452064934
452064934
452064934
452064934
452064934
452064934
452064934
452064934
452064934
452064934
452064934
452064934
452064934
452064934
452064934
452064934
452064934
452064934
452064934
452064934
452064934
452064934
452064934
452064934
452064934
452064934
452064934
452064934
452064934
452064934
452064934
452064934
452064934
452064934
452064934
452064934
452064934
452064934
452064934
452064934
452064934
452064934
452064934
452064934
452064934
452064934
452064934
452064934
452064934
452064934
452064934
452064934
452064934
452064934
452064934
452064934
452064934
452064934
452064934
452064934
452064934
452064934
452064934
452064934
452064934
452064934
452064934
452064934
452064934
452064934
452064934
452064934
452064934
452064934
452064934
452064934
452064934
452064934
452064934
452064934
452064934
452064934
452064934
452064934
452064934
452064934
452064934
452064934
452064934
452064934
452064934
452064934
452064934
452064934
452064934
452064934
452064934
452064934
452064934
452064934
452064934
452064934
452064934
452064934
452064934
452064934
452064934
452064934
452064934
452064934
452064934
452064934
452064934
452064934
452064934
452064934
452064934
452064934
452064934
452064934
452064934
452064934
452064934
452064934
452064934
452064934
452064934
452064934
452064934
452064934
452064934
452064934
452064934
452064934
452064934
452064934
452064934
452064934
452064934
452064934
452064934
452064934
452064934
452064934
452064934
452064934
452064934
452064934
452064934
452064934
452064934
452064934
452064934
452064934
452064934
452064934
452064934
452064934
452064934
452064934
452064934
452064934
452064934
452064934
452064934
452064934
452064934
452064934
452064934
452064934
452064934
452064934
452064934
452064934
452064934
452064934
452064934
452064934
452064934
452064934
452064934
452064934
452064934
452064934
452064934
452064934
452064934
452064934
452064934
452064934
452064934
452064934
452064934
452064934
452064934
452064934
452064934
452064934
452064934
452064934
452064934
452064934
452064934
452064934
452064934
452064934
452064934
452064934
452064934
452064934
452064934
452064934
452064934
452064934
452064934
452064934
452064934
452064934
452064934
452064934
452064934
452064934
452064934
452064934
452064934
452064934
452064934
452064934
452064934
452064934
452064934
452064934
452064934
452064934
452064934
452064934
452064934
452064934
452064934
452064934
452064934
452064934
452064934
452064934
452064934
452064934
452064934
452064934
452064934
452064934
452064934
452064934
452064934
452064934
452064934
452064934
452064934
452064934
452064934
452064934
452064934
452064934
452064934
452064934
452064934
452064934
452064934
452064934
452064934
452064934
452064934
452064934
452064934
452064934
452064934
452064934
452064934
452064934
452064934
452064934
452064934
452064934
452064934
452064934
452064934
452064934
452064934
452064934
452064934
452064934
452064934
452064934
452064934
452064934
452064934
452064934
452064934
452064934
452064934
452064934
452064934
452064934
452064934
452064934
452064934
452064934
452064934
452064934
452064934
452064934
452064934
452064934
452064934
452064934
452064934
452064934
452064934
452064934
452064934
452064934
452064934
452064934
452064934
452064934
452064934
452064934
452064934
452064934
452064934
452064934
452064934
452064934
452064934
452064934
452064934
452064934
452064934
452064934
452064934
452064934
452064934
452064934
452064934
452064934
452064934
452064934
452064934
452064934
452064934
452064934
452064934
452064934
452064934
452064934
452064934
452064934
452064934
452064934
452064934
452064934
452064934
452064934
452064934
452064934
452064934
452064934
452064934
452064934
452064934
452064934
452064934
452064934
452064934
452064934
452064934
452064934
452064934
452064934
452064934
452064934
452064934
452064934
452064934
452064934
452064934
452064934
452064934
452064934
452064934
452064934
452064934
452064934
452064934
452064934
452064934
452064934
452064934
452064934
452064934
452064934
452064934
452064934
452064934
452064934
452064934
452064934
452064934
452064934
452064934
452064934
452064934
452064934
452064934
452064934
452064934
452064934
452064934
452064934
452064934
452064934
452064934
452064934
452064934
452064934
452064934
452064934
452064934
452064934
452064934
452064934
452064934
452064934
452064934
452064934
452064934
452064934
452064934
452064934
452064934
452064934
452064934
452064934
452064934
452064934
452064934
452064934
452064934
452064934
452064934
452064930
452064921
452064902
452064875
452064843
452064810
452064773
452064726
452064675
452064618
452064556
452064491
452064423
452064344
452064256
452064155
452064045
452063933
452063812
452063687
452063562
452063433
452063301
452063168
452063033
452062897
452062760
452062619
452062478
452062335
452062188
452062040
452061892
452061736
452061579
452061422
452061263
452061104
452060925
452060739
452060547
452060346
452060143
452059939
452059734
452059527
452059309
452059086
452058862
452058637
452058397
452058152
452057897
452057639
452057377
452057114
452056850
452056585
452056318
452056050
452055781
452055504
452055222
452054939
452054656
452054372
452054086
452053798
452053502
452053205
452052908
452052602
452052290
452051977
452051661
452051324
452050985
452050645
452050297
452049948
452049596
452049238
452048880
452048514
452048148
452047779
452047406
452047030
452046653
452046273
452045885
452045495
452045103
452044711
452044314
452043912
452043504
452043096
452042688
452042279
452041868
452041457
452041045
452040631
452040211
452039787
452039352
452038916
452038474
452038027
452037577
452037123
452036659
452036194
452035726
452035252
452034774
452034296
452033814
452033325
452032828
452032328
452031827
452031324
452030820
452030313
452029802
452029287
452028768
452028247
452027725
452027198
452026669
452026137
452025604
452025070
452024535
452023995
452023452
452022904
452022342
452021774
452021202
452020617
452020032
452019445
452018854
452018261
452017663
452017058
452016447
452015829
452015210
452014587
452013955
452013321
452012683
452012044
452011399
452010742
452010081
452009413
452008743
452008071
452007398
452006724
452006034
452005342
452004642
452003938
452003223
452002504
452001783
452001062
452000338
451999613
451998887
451998155
451997421
451996685
451995948
451995205
451994462
451993716
451992963
451992209
451991453
451990697
451989940
451989179
451988418
451987656
451986894
451986129
451985351
451984571
451983788
451983004
451982215
451981425
451980633
451979839
451979043
451978234
451977420
451976605
451975789
451974969
451974146
451973322
451972493
451971661
451970818
451969969
451969119
451968268
451967409
451966544
451965679
451964813
451963944
451963074
451962202
451961330
451960451
451959567
451958680
451957790
451956898
451955991
451955080
451954163
451953234
451952301
451951365
451950423
451949477
451948527
451947572
451946607
451945638
451944669
451943700
451942728
451941752
451940771
451939790
451938808
451937824
451936835
451935844
451934852
451933858
451932850
451931841
451930832
451929817
451928793
451927767
451926736
451925703
451924655
451923606
451922545
451921477
451920389
451919299
451918206
451917109
451916010
451914903
451913793
451912681
451911565
451910445
451909322
451908183
451907043
451905903
451904761
451903619
451902473
451901325
451900173
451899013
451897846
451896672
451895492
451894308
451893121
451891922
451890718
451889508
451888297
451887085
451885870
451884651
451883431
451882210
451880987
451879763
451878538
451877307
451876065
451874823
451873581
451872336
451871066
451869796
451868515
451867230
451865937
451864626
451863313
451861995
451860676
451859354
451858031
451856705
451855368
451854021
451852673
451851323
451849965
451848604
451847242
451845864
451844485
451843093
451841696
451840297
451838891
451837483
451836073
451834661
451833249
451831836
451830421
451828995
451827569
451826138
451824687
451823235
451821780
451820325
451818866
451817402
451815936
451814468
451812998
451811524
451810041
451808558
451807061
451805563
451804062
451802560
451801049
451799522
451797994
451796465
451794933
451793396
451791858
451790319
451788779
451787237
451785692
451784139
451782584
451781028
451779471
451777909
451776341
451774767
451773190
451771609
451770023
451768429
451766823
451765216
451763608
451761993
451760371
451758747
451757110
451755461
451753811
451752156
451750501
451748846
451747184
451745519
451743850
451742172
451740491
451738807
451737122
451735436
451733744
451732052
451730356
451728660
451726962
451725255
451723548
451721839
451720129
451718416
451716701
451714985
451713267
451711548
451709826
451708103
451706378
451704651
451702919
451701186
451699448
451697708
451695964
451694214
451692462
451690704
451688943
451687181
451685417
451683651
451681882
451680105
451678328
451676546
451674758
451672965
451671164
451669354
451667543
451665730
451663908
451662085
451660262
451658438
451656610
451654779
451652941
451651101
451649255
451647403
451645549
451643691
451641823
451639952
451638073
451636192
451634308
451632416
451630522
451628626
451626728
451624823
451622914
451621005
451619087
451617169
451615250
451613331
451611411
451609488
451607560
451605631
451603697
451601762
451599826
451597878
451595929
451593974
451592017
451590055
451588090
451586125
451584158
451582171
451580176
451578181
451576184
451574187
451572185
451570181
451568172
451566153
451564132
451562111
451560087
451558059
451556030
451553999
451551968
451549909
451547845
451545778
451543710
451541640
451539568
451537494
451535409
451533324
451531236
451529139
451527042
451524943
451522840
451520731
451518622
451516512
451514402
451512290
451510175
451508058
451505937
451503800
451501662
451499523
451497379
451495234
451493078
451490916
451488753
451486582
451484404
451482215
451479998
451477778
451475550
451473317
451471084
451468851
451466612
451464371
451462122
451459870
451457613
451455353
451453091
451450828
451448552
451446275
451443990
451441699
451439407
451437114
451434819
451432520
451430221
451427907
451425589
451423262
451420934
451418604
451416271
451413935
451411594
451409249
451406898
451404546
451402193
451399837
451397476
451395109
451392740
451390370
451387999
451385621
451383235
451380848
451378458
451376067
451373675
451371283
451368886
451366486
451364084
451361681
451359277
451356870
451354462
451352053
451349642
451347223
451344794
451342358
451339920
451337480
451335037
451332586
451330133
451327679
451325225
451322770
451320312
451317847
451315382
451312913
451310442
451307959
451305474
451302988
451300500
451298012
451295518
451293024
451290526
451288027
451285521
451283012
451280498
451277981
451275464
451272944
451270419
451267891
451265362
451262831
451260287
451257743
451255196
451252647
451250092
451247534
451244974
451242412
451239847
451237278
451234705
451232130
451229553
451226975
451224394
451221810
451219226
451216641
451214042
451211437
451208829
451206217
451203600
451200980
451198360
451195735
451193109
451190481
451187845
451185206
451182557
451179904
451177250
451174595
451171931
451169260
451166588
451163915
451161242
451158560
451155873
451153184
451150494
451147798
451145101
451142403
451139698
451136987
451134271
451131555
451128838
451126118
451123380
451120639
451117898
451115154
451112409
451109663
451106909
451104153
451101394
451098635
451095873
451093110
451090345
451087569
451084792
451082015
451079236
451076451
451073665
451070874
451068080
451065278
451062472
451059664
451056854
451054042
451051226
451048405
451045579
451042752
451039923
451037094
451034257
451031416
451028572
451025719
451022865
451020007
451017140
451014273
451011391
451008508
451005617
451002720
450999820
450996918
450994015
450991112
450988208
450985303
450982391
450979478
450976563
450973646
450970727
450967806
450964875
450961938
450959000
450956060
450953111
450950150
450947175
450944194
450941209
450938209
450935208
450932204
450929197
450926180
450923160
450920138
450917114
450914085
450911054
450908022
450904988
450901954
450898918
450895871
450892813
450889747
450886668
450883588
450880506
450877422
450874332
450871237
450868141
450865040
450861911
450858780
450855642
450852489
450849334
450846177
450843018
450839858
450836696
450833534
450830365
450827195
450824014
450820830
450817640
450814446
450811249
450808051
450804851
450801639
450798427
450795206
450791985
450788764
450785531
450782297
450779060
450775823
450772585
450769345
450766099
450762852
450759602
450756335
450753067
450749782
450746495
450743204
450739909
450736609
450733307
450730003
450726697
450723391
450720080
450716763
450713442
450710119
450706791
450703463
450700129
450696794
450693452
450690107
450686759
450683403
450680046
450676680
450673298
450669912
450666526
450663139
450659743
450656342
450652940
450649535
450646127
450642716
450639304
450635879
450632454
450629026
450625591
450622151
450618710
450615269
450611820
450608366
450604905
450601443
450597976
450594505
450591026
450587546
450584065
450580578
450577088
450573593
450570094
450566592
450563084
450559574
450556058
450552539
450549017
450545488
450541957
450538424
450534879
450531333
450527785
450524235
450520684
450517130
450513575
450510020
450506463
450502905
450499346
450495786
450492224
450488661
450485093
450481519
450477940
450474361
450470781
450467196
450463611
450460023
450456433
450452842
450449248
450445654
450442060
450438464
450434861
450431256
450427648
450424034
450420418
450416802
450413183
450409561
450405939
450402317
450398694
450395070
450391443
450387815
450384185
450380553
450376916
450373271
450369626
450365979
450362331
450358680
450355026
450351369
450347709
450344042
450340370
450336696
450333019
450329341
450325661
450321978
450318286
450314593
450310890
450307183
450303475
450299756
450296036
450292314
450288591
450284866
450281140
450277412
450273675
450269934
450266185
450262435
450258680
450254921
450251155
450247372
450243589
450239805
450236019
450232231
450228433
450224635
450220826
450217009
450213188
450209366
450205540
450201712
450197883
450194047
450190210
450186373
450182526
450178679
450174830
450170979
450167121
450163261
450159392
450155519
450151641
450147761
450143877
450139988
450136095
450132191
450128286
450124381
450120472
450116561
450112644
450108724
450104794
450100864
450096924
450092984
450089043
450085100
450081152
450077202
450073247
450069286
450065323
450061359
450057385
450053410
450049427
450045444
450041453
450037454
450033452
450029450
450025448
450021441
450017433
450013421
450009403
450005379
450001354
449997328
449993302
449989275
449985241
449981204
449977162
449973116
449969068
449965016
449960963
449956899
449952832
449948765
449944678
449940589
449936497
449932403
449928308
449924209
449920109
449916008
449911900
449907789
449903677
449899564
449895447
449891328
449887208
449883083
449878954
449874814
449870670
449866512
449862350
449858186
449854019
449849844
449845668
449841491
449837308
449833124
449828924
449824717
449820509
449816295
449812076
449807851
449803626
449799400
449795173
449790943
449786702
449782458
449778207
449773946
449769683
449765418
449761149
449756877
449752600
449748322
449744036
449739743
449735447
449731149
449726850
449722551
449718251
449713950
449709646
449705340
449701032
449696716
449692399
449688071
449683742
449679411
449675079
449670744
449666409
449662067
449657711
449653353
449648992
449644631
449640268
449635896
449631524
449627149
449622772
449618390
449614006
449609616
449605225
449600833
449596440
449592047
449587654
449583259
449578864
449574467
449570070
449565671
449561262
449556849
449552426
449547998
449543570
449539138
449534703
449530268
449525833
449521386
449516938
449512487
449508028
449503566
449499101
449494626
449490145
449485659
449481172
449476685
449472198
449467710
449463216
449458714
449454211
449449700
449445186
449440672
449436153
449431625
449427097
449422568
449418031
449413492
449408943
449404394
449399842
449395282
449390721
449386157
449381592
449377015
449372438
449367859
449363278
449358692
449354096
449349500
449344892
449340277
449335661
449331041
449326413
449321783
449317151
449312509
449307866
449303223
449298579
449293934
449289285
449284631
449279975
449275311
449270647
449265972
449261296
449256617
449251933
449247241
449242541
449237837
449233124
449228409
449223689
449218967
449214244
449209518
449204787
449200055
449195313
449190567
449185820
449181068
449176315
449171561
449166807
449162051
449157290
449152527
449147759
449142987
449138211
449133435
449128653
449123864
449119071
449114278
449109478
449104671
449099862
449095046
449090227
449085404
449080570
449075729
449070887
449066043
449061196
449056347
449051497
449046641
449041784
449036909
449032029
449027147
449022254
449017359
449012456
449007539
449002620
448997700
448992777
448987852
448982922
448977990
448973057
448968117
448963177
448958230
448953281
448948329
448943375
448938420
448933463
448928502
448923540
448918566
448913590
448908607
448903620
448898631
448893640
448888647
448883650
448878652
448873647
448868639
448863630
448858619
448853604
448848581
448843548
448838512
448833472
448828430
448823388
448818345
448813301
448808250
448803195
448798139
448793080
448788017
448782953
448777887
448772819
448767737
448762654
448757561
448752464
448747362
448742258
448737151
448732042
448726926
448721808
448716690
448711568
448706444
448701314
448696177
448691035
448685878
448680716
448675554
448670391
448665222
448660052
448654874
448649696
448644515
448639333
448634149
448628943
448623729
448618515
448613299
448608083
448602865
448597639
448592410
448587180
448581942
448576701
448571459
448566212
448560964
448555711
448550453
448545195
448539936
448534675
448529414
448524150
448518884
448513612
448508339
448503060
448497777
448492485
448487188
448481890
448476586
448471282
448465977
448460669
448455353
448450037
448444717
448439397
448434072
448428743
448423408
448418070
448412722
448407371
448402019
448396667
448391315
448385957
448380599
448375239
448369878
448364514
448359138
448353761
448348382
448342996
448337606
448332206
448326805
448321399
448315991
448310581
448305165
448299746
448294321
448288895
448283461
448278021
448272580
448267136
448261675
448256210
448250745
448245276
448239805
448234326
448228842
448223354
448217866
448212377
448206887
448201394
448195899
448190400
448184899
448179395
448173891
448168387
448162871
448157353
448151833
448146306
448140777
448135246
448129711
448124171
448118631
448113089
448107547
448102004
448096457
448090901
448085341
448079780
448074218
448068651
448063084
448057505
448051917
448046327
448040734
448035137
448029532
448023926
448018312
448012696
448007079
448001459
447995838
447990211
447984584
447978950
447973305
447967657
447962008
447956357
447950704
447945049
447939388
447933726
447928058
447922390
447916718
447911045
447905369
447899687
447894005
447888317
447882625
447876932
447871239
447865546
447859851
447854156
447848460
447842759
447837058
447831356
447825652
447819947
447814238
447808524
447802806
447797087
447791364
447785641
447779913
447774184
447768436
447762686
447756934
447751181
447745426
447739671
447733916
447728153
447722384
447716613
447710840
447705056
447699270
447693483
447687695
447681905
447676114
447670321
447664527
447658733
447652937
447647140
447641342
447635539
447629736
447623923
447618108
447612290
447606470
447600650
447594829
447589008
447583187
447577365
447571543
447565716
447559877
447554036
447548193
447542345
447536494
447530642
447524788
447518926
447513060
447507190
447501315
447495438
447489561
447483682
447477803
447471924
447466042
447460160
447454273
447448379
447442484
447436588
447430691
447424788
447418879
447412962
447407043
447401115
447395185
447389252
447383313
447377370
447371427
447365481
447359530
447353575
447347619
447341661
447335697
447329732
447323766
447317798
447311828
447305858
447299888
447293916
447287935
447281950
447275958
447269962
447263966
447257965
447251963
447245959
447239949
447233936
447227908
447221865
447215819
447209772
447203725
447197677
447191628
447185576
447179524
447173470
447167413
447161355
447155292
447149228
447143158
447137086
447131000
447124903
447118798
447112690
447106579
447100463
447094340
447088215
447082083
447075947
447069806
447063658
447057509
447051357
447045202
447039046
447032886
447026722
447020558
447014385
447008210
447002033
446995851
446989667
446983476
446977282
446971086
446964889
446958685
446952480
446946269
446940057
446933841
446927625
446921403
446915176
446908948
446902717
446896484
446890246
446884004
446877753
446871486
446865218
446858949
446852662
446846374
446840084
446833792
446827496
446821191
446814885
446808579
446802272
446795964
446789655
446783344
446777028
446770711
446764393
446758072
446751750
446745427
446739102
446732772
446726440
446720107
446713773
446707434
446701088
446694739
446688382
446682017
446675652
446669278
446662904
446656528
446650150
446643764
446637374
446630983
446624591
446618190
446611778
446605364
446598949
446592526
446586094
446579639
446573177
446566712
446560244
446553776
446547307
446540837
446534362
446527881
446521397
446514907
446508410
446501913
446495414
446488911
446482408
446475900
446469386
446462862
446456334
446449805
446443270
446436733
446430190
446423645
446417083
446410521
446403951
446397380
446390790
446384195
446377596
446370997
446364396
446357785
446351174
446344556
446337930
446331298
446324662
446318012
446311362
446304710
446298056
446291402
446284745
446278087
446271428
446264765
446258102
446251435
446244755
446238074
446231375
446224675
446217970
446211262
446204547
446197831
446191107
446184381
446177651
446170913
446164168
446157423
446150676
446143925
446137173
446130418
446123662
446116905
446110147
446103389
446096624
446089857
446083086
446076314
446069535
446062754
446055967
446049177
446042385
446035585
446028776
446021966
446015154
446008330
446001499
445994667
445987834
445980996
445974158
445967318
445960471
445953623
445946774
445939912
445933046
445926178
445919307
445912433
445905557
445898680
445891803
445884919
445878031
445871141
445864249
445857353
445850449
445843543
445836635
445829725
445822810
445815892
445808963
445802031
445795094
445788150
445781204
445774258
445767309
445760353
445753392
445746426
445739460
445732491
445725520
445718546
445711568
445704573
445697571
445690560
445683539
445676517
445669488
445662458
445655427
445648390
445641345
445634294
445627238
445620175
445613110
445606044
445598977
445591907
445584830
445577752
445570670
445563585
445556500
445549414
445542321
445535217
445528112
445521006
445513899
445506785
445499669
445492552
445485434
445478314
445471193
445464072
445456944
445449814
445442680
445435546
445428409
445421267
445414120
445406973
445399818
445392661
445385501
445378340
445371174
445364007
445356828
445349646
445342461
445335274
445328084
445320892
445313681
445306470
445299246
445292017
445284781
445277538
445270295
445263050
445255804
445248557
445241310
445234056
445226800
445219540
445212274
445205006
445197737
445190463
445183188
445175906
445168617
445161326
445154030
445146734
445139434
445132133
445124823
445117512
445110200
445102886
445095560
445088234
445080906
445073577
445066246
445058911
445051575
445044234
445036891
445029546
445022200
445014853
445007503
445000142
444992780
444985413
444978046
444970674
444963301
444955924
444948544
444941164
444933782
444926394
444919004
444911609
444904213
444896816
444889416
444882013
444874610
444867207
444859790
444852372
444844952
444837525
444830096
444822666
444815222
444807776
444800324
444792869
444785400
444777930
444770459
444762969
444755477
444747985
444740491
444732997
444725498
444717997
444710492
444702984
444695475
444687945
444680414
444672878
444665332
444657780
444650223
444642656
444635089
444627519
444619945
444612369
444604793
444597211
444589625
444582038
444574449
444566855
444559260
444551661
444544062
444536458
444528853
444521248
444513641
444506023
444498397
444490770
444483136
444475495
444467854
444460210
444452562
444444911
444437254
444429591
444421921
444414249
444406575
444398899
444391222
444383540
444375856
444368170
444360483
444352790
444345097
444337402
444329705
444322007
444314307
444306592
444298875
444291150
444283423
444275692
444267957
444260221
444252482
444244741
444236997
444229252
444221503
444213748
444205992
444198234
444190476
444182717
444174942
444167165
444159385
444151596
444143805
444136009
444128212
444120411
444112608
444104805
444097000
444089192
444081382
444073572
444065762
444057951
444050126
444042277
444034428
444026578
444018724
444010869
444003000
443995130
443987260
443979385
443971491
443963597
443955700
443947801
443939902
443931994
443924082
443916166
443908248
443900330
443892401
443884468
443876519
443868566
443860596
443852618
443844629
443836630
443828618
443820606
443812594
443804578
443796556
443788533
443780508
443772470
443764424
443756377
443748329
443740270
443732209
443724128
443716046
443707960
443699871
443691775
443683670
443675563
443667455
443659342
443651229
443643115
443634999
443626879
443618759
443610639
443602518
443594396
443586270
443578140
443570009
443561877
443553744
443545594
443537437
443529277
443521115
443512946
443504773
443496599
443488424
443480245
443472055
443463863
443455665
443447466
443439267
443431065
443422859
443414653
443406444
443398222
443389998
443381772
443373545
443365317
443357088
443348858
443340627
443332392
443324155
443315916
443307673
443299430
443291187
443282936
443274684
443266429
443258168
443249906
443241644
443233377
443225109
443216841
443208571
443200296
443192018
443183733
443175442
443167143
443158844
443150542
443142234
443133917
443125597
443117272
443108946
443100619
443092287
443083952
443075615
443067277
443058938
443050597
443042252
443033907
443025557
443017207
443008850
443000493
442992129
442983760
442975390
442967020
442958645
442950268
442941891
442933513
442925132
442916745
442908357
442899968
442891576
442883173
442874767
442866358
442857944
442849523
442841097
442832668
442824232
442815790
442807325
442798858
442790388
442781887
442773378
442764867
442756354
442747840
442739325
442730807
442722279
442713749
442705217
442696675
442688133
442679588
442671035
442662477
442653913
442645348
442636775
442628197
442619617
442611036
442602453
442593869
442585281
442576687
442568088
442559470
442550842
442542214
442533583
442524946
442516308
442507669
442499029
442490384
442481738
442473088
442464433
442455770
442447106
442438439
442429768
442421097
442412422
442403747
442395068
442386387
442377704
442369020
442360336
442351647
442342950
442334251
442325546
442316840
442308133
442299418
442290697
442281969
442273239
442264509
442255777
442247043
442238303
442229559
442220814
442212064
442203310
442194553
442185793
442177033
442168269
442159505
442150740
442141962
442133180
442124397
442115614
442106829
442098026
442089219
442080398
442071576
442062747
442053915
442045080
442036235
442027390
442018543
442009696
442000840
441991983
441983125
441974265
441965401
441956535
441947666
441938789
441929911
441921032
441912151
441903268
441894380
441885492
441876596
441867698
441858798
441849896
441840993
441832086
441823168
441814245
441805319
441796389
441787459
441778514
441769561
441760605
441751646
441742687
441733725
441724763
441715800
441706834
441697860
441688883
441679883
441670879
441661867
441652854
441643829
441634803
441625769
441616727
441607685
441598642
441589594
441580546
441571497
441562441
441553384
441544318
441535251
441526184
441517113
441508037
441498958
441489871
441480784
441471696
441462601
441453501
441444395
441435280
441426156
441417021
441407879
441398735
441389590
441380444
441371298
441362144
441352990
441343834
441334673
441325511
441316336
441307159
441297981
441288794
441279605
441270403
441261197
441251988
441242777
441233561
441224339
441215116
441205884
441196643
441187391
441178134
441168874
441159613
441150351
441141078
441131803
441122528
441113248
441103967
441094673
441085375
441076074
441066766
441057455
441048138
441038818
441029494
441020158
441010816
441001469
440992109
440982747
440973379
440964010
440954637
440945264
440935889
440926509
440917124
440907734
440898341
440888935
440879524
440870106
440860686
440851256
440841825
440832392
440822959
440813523
440804077
440794629
440785179
440775729
440766273
440756817
440747357
440737897
440728436
440718971
440709504
440700037
440690569
440681101
440671625
440662149
440652672
440643193
440633712
440624221
440614722
440605207
440595691
440586172
440576651
440567129
440557607
440548083
440538558
440529032
440519502
440509970
440500433
440490881
440481328
440471773
440462217
440452659
440443100
440433527
440423948
440414368
440404781
440395191
440385598
440375998
440366397
440356794
440347184
440337569
440327952
440318333
440308712
440299085
440289454
440279823
440270185
440260545
440250891
440241237
440231576
440221913
440212250
440202575
440192899
440183221
440173540
440163846
440154150
440144450
440134747
440125041
440115332
440105622
440095906
440086182
440076454
440066711
440056967
440047222
440037473
440027723
440017973
440008217
439998457
439988693
439978928
439969161
439959378
439949589
439939798
439930004
439920204
439910403
439900601
439890798
439880994
439871187
439861373
439851557
439841737
439831914
439822088
439812252
439802416
439792572
439782721
439772868
439763012
439753156
439743298
439733437
439723574
439713700
439703824
439693947
439684066
439674176
439664286
439654395
439644501
439634605
439624701
439614796
439604891
439594984
439585073
439575161
439565247
439555320
439545388
439535454
439525510
439515561
439505609
439495655
439485698
439475737
439465772
439455806
439445840
439435870
439425898
439415922
439405945
439395966
439385985
439375999
439366011
439356020
439346024
439336028
439326030
439316028
439306025
439296015
439285999
439275981
439265961
439255936
439245909
439235881
439225852
439215821
439205786
439195749
439185705
439175658
439165604
439155548
439145485
439135422
439125354
439115284
439105206
439095127
439085043
439074958
439064872
439054779
439044677
439034574
439024464
439014343
439004219
438994091
438983960
438973823
438963685
438953541
438943380
438933217
438923049
438912881
438902700
438892512
438882304
438872088
438861866
438851636
438841399
438831162
438820924
438810678
438800428
438790171
438779907
438769642
438759376
438749108
438738839
438728570
438718300
438708024
438697741
438687455
438677162
438666867
438656564
438646259
438635951
438625638
438615323
438605004
438594685
438584357
438574028
438563691
438553350
438542992
438532623
438522252
438511875
438501496
438491115
438480733
438470348
438459963
438449576
438439189
438428782
438418372
438407954
438397536
438387109
438376681
438366244
438355803
438345359
438334915
438324462
438314008
438303545
438293078
438282606
438272133
438261658
438251176
438240692
438230201
438219703
438209204
438198703
438188200
438177694
438167178
438156646
438146114
438135574
438125032
438114488
438103932
438093362
438082791
438072217
438061643
438051068
438040489
438029910
438019329
438008739
437998141
437987538
437976932
437966314
437955696
437945075
437934450
437923822
437913191
437902556
437891920
437881283
437870637
437859988
437849339
437838689
437828039
437817376
437806711
437796044
437785373
437774694
437764015
437753335
437742643
437731944
437721245
437710542
437699828
437689088
437678346
437667598
437656843
437646087
437635330
437624573
437613814
437603051
437592284
437581510
437570735
437559956
437549177
437538394
437527608
437516820
437506030
437495236
437484439
437473639
437462830
437452019
437441207
437430383
437419552
437408720
437397881
437387041
437376198
437365346
437354488
437343619
437332740
437321859
437310977
437300092
437289206
437278314
437267419
437256523
437245624
437234719
437223812
437212900
437201978
437191053
437180124
437169191
437158257
437147322
437136386
437125448
437114506
437103559
437092612
437081664
437070710
437059754
437048795
437037835
437026867
437015898
437004928
436993956
436982982
436972008
436961030
436950043
436939056
436928064
436917071
436906075
436895077
436884077
436873074
436862067
436851045
436840011
436828976
436817933
436806890
436795844
436784793
436773721
436762640
436751557
436740473
436729383
436718290
436707186
436696082
436684976
436673869
436662754
436651634
436640507
436629376
436618241
436607106
436595970
436584829
436573687
436562542
436551393
436540240
436529080
436517915
436506746
436495573
436484397
436473218
436462039
436450857
436439674
436428485
436417296
436406100
436394902
436383697
436372490
436361274
436350057
436338839
436327619
436316399
436305173
436293944
436282711
436271475
436260237
436248998
436237759
436226514
436215268
436204014
436192760
436181505
436170248
436158987
436147716
436136441
436125165
436113889
436102610
436091328
436080033
436068730
436057421
436046103
436034782
436023455
436012126
436000795
435989460
435978124
435966782
435955440
435944095
435932741
435921373
435910001
435898615
435887228
435875841
435864453
435853060
435841649
435830227
435818798
435807361
435795922
435784480
435773034
435761585
435750136
435738683
435727230
435715775
435704307
435692838
435681369
435669896
435658413
435646929
435635435
435623939
435612440
435600941
435589441
435577941
435566441
435554930
435543412
435531890
435520366
435508840
435497314
435485781
435474247
435462713
435451177
435439640
435428100
435416554
435405003
435393450
435381897
435370343
435358776
435347200
435335617
435324031
435312441
435300849
435289251
435277650
435266025
435254399
435242771
435231139
435219507
435207871
435196230
435184587
435172936
435161284
435149628
435137970
435126310
435114644
435102962
435091265
435079566
435067867
435056158
435044446
435032734
435021020
435009304
434997588
434985863
434974136
434962399
434950661
434938914
434927162
434915405
434903643
434891881
434880114
434868345
434856575
434844801
434833026
434821248
434809467
434797676
434785882
434774085
434762287
434750487
434738682
434726872
434715061
434703249
434691435
434679619
434667802
434655984
434644162
434632339
434620507
434608671
434596831
434584988
434573137
434561285
434549431
434537572
434525710
434513842
434501970
434490088
434478196
434466300
434454403
434442503
434430602
434418697
434406791
434394883
434382969
434371049
434359128
434347204
434335280
434323350
434311414
434299469
434287522
434275562
434263601
434251629
434239650
434227655
434215655
434203654
434191652
434179648
434167643
434155631
434143616
434131597
434119576
434107554
434095525
434083495
434071464
434059432
434047394
434035354
434023314
434011268
433999216
433987159
433975099
433963037
433950975
433938909
433926840
433914769
433902697
433890621
433878543
433866465
433854383
433842297
433830209
433818114
433806018
433793917
433781814
433769709
433757597
433745483
433733363
433721243
433709112
433696967
433684822
433672673
433660522
433648362
433636197
433624029
433611859
433599688
433587508
433575327
433563144
433550958
433538764
433526565
433514362
433502153
433489944
433477734
433465522
433453309
433441079
433428843
433416605
433404362
433392118
433379866
433367612
433355347
433343080
433330812
433318543
433306274
433293999
433281716
433269428
433257139
433244849
433232557
433220263
433207968
433195669
433183366
433171062
433158753
433146442
433134131
433121820
433109496
433097168
433084840
433072509
433060174
433047837
433035492
433023140
433010777
432998405
432986028
432973638
432961243
432948848
432936450
432924049
432911646
432899241
432886833
432874413
432861986
432849558
432837123
432824687
432812245
432799802
432787359
432774914
432762468
432750018
432737565
432725111
432712656
432700201
432687742
432675277
432662808
432650339
432637868
432625395
432612917
432600436
432587950
432575460
432562970
432550476
432537980
432525483
432512980
432500474
432487962
432475449
432462930
432450405
432437879
432425347
432412815
432400282
432387747
432375206
432362662
432350113
432337561
432325003
432312437
432299862
432287282
432274700
432262106
432249507
432236907
432224306
432211690
432199072
432186453
432173833
432161208
432148582
432135956
432123325
432110691
432098053
432085411
432072769
432060121
432047465
432034806
432022146
432009486
431996820
431984151
431971480
431958809
431946137
431933463
431920788
431908111
431895433
431882753
431870058
431857361
431844663
431831964
431819264
431806563
431793862
431781158
431768452
431755745
431743024
431730295
431717563
431704815
431692065
431679314
431666562
431653800
431641031
431628262
431615485
431602699
431589901
431577100
431564298
431551484
431538670
431525855
431513033
431500206
431487373
431474536
431461689
431448841
431435990
431423138
431410281
431397416
431384544
431371669
431358793
431345916
431333026
431320131
431307233
431294325
431281410
431268491
431255569
431242645
431229718
431216788
431203855
431190920
431177978
431165026
431152072
431139105
431126121
431113137
431100153
431087167
431074176
431061174
431048171
431035167
431022156
431009141
430996125
430983104
430970072
430957040
430944002
430930960
430917910
430904859
430891802
430878743
430865682
430852611
430839534
430826456
430813373
430800285
430787195
430774100
430761003
430747903
430734800
430721697
430708577
430695455
430682327
430669192
430656050
430642892
430629729
430616564
430603393
430590218
430577039
430563856
430550673
430537485
430524296
430511106
430497912
430484708
430471501
430458294
430445086
430431878
430418667
430405456
430392245
430379032
430365813
430352591
430339367
430326138
430312907
430299676
430286445
430273210
430259973
430246734
430233488
430220237
430206985
430193729
430180472
430167214
430153955
430140693
430127426
430114158
430100890
430087622
430074347
430061069
430047783
430034494
430021202
430007909
429994613
429981313
429968012
429954710
429941399
429928084
429914762
429901434
429888099
429874763
429861426
429848081
429834735
429821388
429808036
429794682
429781328
429767972
429754609
429741245
429727876
429714497
429701112
429687726
429674330
429660933
429647528
429634123
429620715
429607307
429593893
429580478
429567062
429553642
429540222
429526797
429513370
429499942
429486514
429473084
429459654
429446218
429432779
429419332
429405879
429392420
429378960
429365492
429352017
429338539
429325060
429311565
429298070
429284567
429271059
429257546
429244030
429230514
429216993
429203464
429189934
429176400
429162864
429149325
429135785
429122243
429108690
429095119
429081544
429067969
429054386
429040800
429027213
429013625
429000031
428986435
428972836
428959237
428945635
428932030
428918424
428904815
428891204
428877584
428863958
428850329
428836697
428823060
428809422
428795783
428782142
428768488
428754834
428741171
428727506
428713821
428700133
428686441
428672744
428659036
428645327
428631613
428617895
428604170
428590439
428576707
428562973
428549238
428535499
428521758
428508015
428494266
428480517
428466764
428453008
428439250
428425489
428411721
428397951
428384181
428370410
428356639
428342867
428329093
428315300
428301501
428287672
428273843
428260009
428246174
428232336
428218497
428204656
428190813
428176969
428163118
428149266
428135406
428121542
428107668
428093793
428079915
428066037
428052157
428038276
428024386
428010494
427996599
427982700
427968800
427954899
427940989
427927077
427913161
427899245
427885328
427871410
427857490
427843566
427829640
427815712
427801780
427787847
427773913
427759979
427746045
427732103
427718160
427704211
427690242
427676272
427662302
427648330
427634356
427620378
427606390
427592401
427578410
427564415
427550418
427536420
427522416
427508412
427494407
427480398
427466388
427452372
427438350
427424327
427410295
427396257
427382213
427368165
427354113
427340057
427325997
427311937
427297876
427283813
427269750
427255686
427241621
427227544
427213463
427199369
427185270
427171165
427157057
427142933
427128799
427114663
427100523
427086374
427072223
427058063
427043899
427029727
427015541
427001353
426987154
426972943
426958725
426944506
426930279
426916051
426901821
426887590
426873356
426859118
426844874
426830629
426816381
426802127
426787870
426773613
426759352
426745080
426730807
426716531
426702246
426687949
426673649
426659344
426645032
426630719
426616403
426602086
426587762
426573438
426559111
426544783
426530455
426516125
426501795
426487453
426473109
426458757
426444394
426430029
426415663
426401291
426386917
426372538
426358151
426343759
426329363
426314960
426300556
426286151
426271743
426257329
426242911
426228492
426214071
426199650
426185223
426170793
426156354
426141914
426127468
426113017
426098562
426084101
426069637
426055172
426040704
426026235
426011766
425997293
425982817
425968336
425953851
425939357
425924862
425910356
425895847
425881325
425866802
425852278
425837753
425823215
425808676
425794134
425779584
425765023
425750456
425735888
425721320
425706744
425692167
425677583
425662999
425648413
425633819
425619215
425604607
425589993
425575377
425560756
425546135
425531510
425516882
425502249
425487616
425472977
425458335
425443691
425429040
425414388
425399731
425385070
425370408
425355745
425341080
425326412
425311732
425297041
425282349
425267657
425252964
425238265
425223564
425208861
425194151
425179440
425164725
425150008
425135290
425120567
425105843
425091103
425076360
425061615
425046865
425032114
425017353
425002591
424987827
424973063
424958297
424943528
424928758
424913981
424899199
424884415
424869630
424854842
424840051
424825259
424810465
424795664
424780854
424766043
424751225
424736403
424721570
424706737
424691902
424677064
424662224
424647383
424632541
424617696
424602839
424587981
424573122
424558262
424543401
424528537
424513660
424498782
424483893
424469002
424454110
424439217
424424324
424409430
424394536
424379640
424364737
424349834
424334930
424320024
424305117
424290204
424275291
424260361
424245431
424230498
424215562
424200624
424185682
424170735
424155784
424140828
424125871
424110912
424095953
424080994
424066034
424051056
424036069
424021080
424006090
423991096
423976102
423961097
423946092
423931085
423916073
423901060
423886041
423871022
423856001
423840980
423825956
423810926
423795887
423780845
423765803
423750761
423735718
423720673
423705618
423690559
423675494
423660427
423645360
423630287
423615210
423600132
423585039
423569935
423554822
423539708
423524594
423509477
423494358
423479239
423464118
423448994
423433869
423418738
423403606
423388465
423373319
423358170
423343017
423327862
423312705
423297547
423282388
423267227
423252064
423236899
423221732
423206559
423191366
423176172
423160975
423145764
423130544
423115321
423100093
423084860
423069620
423054379
423039132
423023884
423008634
422993383
422978128
422962864
422947593
422932309
422917024
422901734
422886441
422871137
422855832
422840518
422825201
422809875
422794545
422779211
422763876
422748530
422733183
422717829
422702474
422687094
422671711
422656323
422640933
422625540
422610144
422594747
422579348
422563949
422548547
422533145
422517736
422502321
422486905
422471482
422456052
422440619
422425185
422409736
422394276
422378815
422363354
422347890
422332419
422316945
422301468
422285989
422270503
422255015
422239524
422224032
422208528
422193022
422177507
422161990
422146472
422130951
422115429
422099897
422084362
422068819
422053275
422037715
422022145
422006573
421990998
421975412
421959822
421944231
421928635
421913034
421897432
421881830
421866225
421850619
421835010
421819400
421803789
421788177
421772562
421756934
421741304
421725673
421710041
421694409
421678768
421663125
421647481
421631834
421616184
421600533
421584874
421569215
421553553
421537888
421522213
421506534
421490847
421475160
421459471
421443778
421428084
421412389
421396674
421380956
421365237
421349510
421333766
421318021
421302275
421286528
421270781
421255029
421239271
421223510
421207742
421191970
421176186
421160395
421144592
421128789
421112973
421097143
421081310
421065476
421049634
421033791
421017942
421002091
420986238
420970383
420954526
420938664
420922798
420906922
420891045
420875168
420859289
420843409
420827527
420811643
420795755
420779865
420763973
420748080
420732177
420716271
420700355
420684399
420668441
420652482
420636522
420620558
420604586
420588610
420572634
420556644
420540650
420524653
420508653
420492651
420476637
420460616
420444584
420428548
420412499
420396425
420380339
420364253
420348164
420332070
420315971
420299863
420283753
420267641
420251520
420235399
420219275
420203143
420187008
420170871
420154733
420138591
420122445
420106295
420090145
420073987
420057828
420041668
420025497
420009325
419993148
419976966
419960779
419944592
419928402
419912210
419896016
419879822
419863626
419847430
419831233
419815034
419798827
419782619
419766403
419750187
419733969
419717748
419701523
419685298
419669072
419652832
419636577
419620311
419604036
419587754
419571469
419555183
419538896
419522608
419506315
419490015
419473711
419457395
419441077
419424758
419408431
419392103
419375772
419359441
419343105
419326766
419310416
419294062
419277707
419261346
419244984
419228612
419212239
419195864
419179479
419163091
419146701
419130309
419113915
419097520
419081122
419064723
419048322
419031915
419015503
418999077
418982650
418966220
418949789
418933357
418916920
418900481
418884041
418867600
418851151
418834692
418818229
418801765
418785297
418768820
418752343
418735861
418719379
418702896
418686408
418669918
418653413
418636900
418620385
418603862
418587337
418570805
418554273
418537733
418521186
418504631
418488075
418471515
418454952
418438386
418421814
418405242
418388666
418372087
418355493
418338889
418322279
418305660
418289040
418272419
418255796
418239165
418222532
418205895
418189254
418172609
418155964
418139315
418122656
418105996
418089335
418072669
418055998
418039321
418022643
418005961
417989269
417972574
417955878
417939181
417922482
417905777
417889072
417872365
417855655
417838939
417822219
417805499
417788774
417772047
417755308
417738566
417721823
417705079
417688331
417671578
417654812
417638046
417621278
417604509
417587732
417570947
417554162
417537373
417520583
417503792
417486998
417470199
417453400
417436589
417419773
417402956
417386127
417369297
417352462
417335619
417318774
417301925
417285075
417268221
417251366
417234510
417217653
417200776
417183895
417167003
417150109
417133206
417116300
417099388
417082475
417065558
417048625
417031685
417014739
416997792
416980841
416963885
416946927
416929964
416912994
416896018
416879026
416862030
416845027
416828021
416811012
416793999
416776984
416759963
416742940
416725915
416708868
416691819
416674770
416657706
416640634
416623562
416606471
416589378
416572275
416555156
416538030
416520900
416503770
416486622
416469471
416452319
416435166
416418010
416400852
416383686
416366519
416349349
416332178
416314992
416297806
416280610
416263411
416246211
416229003
416211789
416194574
416177357
416160139
416142917
416125694
416108469
416091241
416074011
416056781
416039544
416022297
416005045
415987786
415970524
415953260
415935986
415918705
415901420
415884135
415866847
415849558
415832268
415814977
415797682
415780385
415763087
415745776
415728463
415711147
415693825
415676498
415659166
415641830
415624487
415607144
415589799
415572450
415555092
415537732
415520352
415502967
415485579
415468191
415450799
415433405
415416009
415398605
415381197
415363786
415346374
415328962
415311547
415294132
415276714
415259292
415241870
415224437
415207003
415189559
415172108
415154647
415137184
415119718
415102251
415084783
415067312
415049841
415032369
415014887
414997404
414979918
414962431
414944940
414927444
414909947
414892443
414874939
414857429
414839919
414822407
414804893
414787374
414769855
414752326
414734795
414717258
414699717
414682176
414664635
414647089
414629541
414611993
414594442
414576890
414559331
414541770
414524209
414506640
414489060
414471480
414453899
414436311
414418720
414401128
414383536
414365933
414348328
414330723
414313104
414295482
414277859
414260230
414242589
414224939
414207288
414189636
414171983
414154328
414136670
414119010
414101350
414083686
414066017
414048340
414030660
414012979
413995297
413977614
413959926
413942215
413924501
413906785
413889068
413871347
413853624
413835890
413818151
413800406
413782652
413764891
413747126
413729354
413711581
413693806
413676030
413658252
413640472
413622679
413604886
413587093
413569295
413551497
413533695
413515891
413498086
413480281
413462475
413444667
413426858
413409046
413391232
413373416
413355590
413337764
413319937
413302109
413284271
413266430
413248588
413230745
413212901
413195055
413177205
413159354
413141502
413123649
413105784
413087912
413070037
413052160
413034279
413016395
412998510
412980623
412962736
412944848
412926960
412909060
412891158
412873252
412855344
412837433
412819518
412801599
412783678
412765756
412747829
412729901
412711967
412694032
412676093
412658153
412640213
412622272
412604331
412586384
412568436
412550486
412532520
412514539
412496556
412478564
412460572
412442580
412424587
412406588
412388588
412370585
412352582
412334575
412316562
412298544
412280525
412262504
412244479
412226451
412208419
412190386
412172347
412154293
412136237
412118178
412100118
412082057
412063995
412045932
412027865
412009791
411991715
411973636
411955557
411937474
411919383
411901285
411883187
411865084
411846981
411828873
411810758
411792638
411774517
411756394
411738270
411720145
411702016
411683887
411665751
411647608
411629459
411611310
411593152
411574992
411556828
411538655
411520474
411502293
411484111
411465927
411447727
411429526
411411323
411393120
411374913
411356704
411338492
411320275
411302058
411283840
411265620
411247389
411229138
411210886
411192630
411174372
411156112
411137851
411119582
411101312
411083036
411064750
411046463
411028176
411009884
410991592
410973295
410954993
410936687
410918381
410900073
410881765
410863456
410845147
410826835
410808514
410790189
410771860
410753530
410735200
410716859
410698511
410680162
410661804
410643444
410625082
410606713
410588333
410569952
410551565
410533173
410514780
410496382
410477983
410459578
410441172
410422764
410404356
410385947
410367531
410349115
410330696
410312276
410293855
410275429
410257002
410238572
410220138
410201703
410183263
410164823
410146382
410127935
410109487
410091035
410072581
410054123
410035665
410017207
409998743
409980278
409961809
409943335
409924860
409906382
409887894
409869403
409850911
409832417
409813923
409795424
409776918
409758410
409739896
409721379
409702858
409684331
409665801
409647270
409628739
409610207
409591665
409573123
409554580
409536034
409517486
409498937
409480384
409461828
409443270
409424711
409406148
409387583
409369017
409350449
409331880
409313307
409294734
409276156
409257570
409238984
409220396
409201806
409183215
409164620
409146022
409127419
409108808
409090190
409071561
409052923
409034285
409015641
408996995
408978336
408959675
408941012
408922344
408903674
408885004
408866323
408847635
408828946
408810252
408791553
408772847
408754139
408735430
408716716
408697989
408679261
408660532
408641799
408623061
408604318
408585574
408566826
408548075
408529315
408510553
408491790
408473024
408454256
408435486
408416712
408397937
408379160
408360382
408341601
408322820
408304037
408285252
408266465
408247677
408228886
408210094
408191294
408172488
408153675
408134861
408116045
408097229
408078412
408059594
408040774
408021951
408003127
407984303
407965476
407946647
407927810
407908973
407890135
407871296
407852455
407833610
407814765
407795913
407777057
407758194
407739323
407720445
407701567
407682689
407663808
407644919
407626027
407607134
407588235
407569332
407550426
407531515
407512602
407493686
407474768
407455839
407436908
407417961
407399014
407380059
407361100
407342136
407323170
407304188
407285198
407266207
407247215
407228223
407209230
407190236
407171241
407152244
407133247
407114249
407095251
407076249
407057244
407038230
407019214
407000194
406981163
406962125
406943078
406924028
406904977
406885926
406866872
406847812
406828752
406809689
406790625
406771560
406752487
406733413
406714338
406695261
406676183
406657100
406638017
406618926
406599834
406580738
406561629
406542506
406523374
406504239
406485102
406465963
406446815
406427665
406408509
406389351
406370192
406351032
406331871
406312700
406293518
406274332
406255145
406235955
406216758
406197555
406178345
406159126
406139902
406120666
406101424
406082179
406062932
406043678
406024404
406005126
405985834
405966542
405947248
405927943
405908625
405889288
405869951
405850603
405831251
405811896
405792539
405773179
405753810
405734440
405715068
405695695
405676320
405656943
405637561
405618171
405598781
405579379
405559976
405540569
405521158
405501746
405482324
405462902
405443477
405424052
405404626
405385195
405365762
405346329
405326896
405307462
405288028
405268593
405249157
405229709
405210260
405190805
405171340
405151873
405132406
405112938
405093469
405074000
405054519
405035033
405015534
404996031
404976526
404957013
404937498
404917981
404898455
404878927
404859397
404839864
404820325
404800786
404781246
404761704
404742162
404722614
404703063
404683499
404663933
404644365
404624794
404605214
404585629
404566043
404546452
404526861
404507263
404487657
404468041
404448424
404428805
404409183
404389556
404369929
404350295
404330657
404311007
404291352
404271696
404252015
404232332
404212647
404192958
404173268
404153575
404133881
404114178
404094472
404074765
404055057
404035344
404015625
403995892
403976156
403956413
403936666
403916904
403897137
403877359
403857572
403837785
403817985
403798179
403778365
403758551
403738731
403718908
403699085
403679257
403659427
403639595
403619762
403599912
403580053
403560186
403540317
403520444
403500568
403480691
403460806
403440914
403421021
403401116
403381203
403361289
403341374
403321457
403301540
403281621
403261696
403241771
403221843
403201912
403181977
403162042
403142106
403122168
403102218
403082267
403062314
403042351
403022388
403002423
402982458
402962488
402942515
402922536
402902552
402882567
402862573
402842577
402822580
402802582
402782583
402762578
402742567
402722555
402702512
402682453
402662392
402642330
402622266
402602193
402582115
402562036
402541953
402521868
402501779
402481689
402461596
402441494
402421391
402401281
402381169
402361055
402340938
402320814
402300689
402280563
402260434
402240301
402220166
402200016
402179865
402159712
402139546
402119377
402099201
402079023
402058837
402038643
402018445
401998243
401978034
401957825
401937616
401917405
401897190
401876971
401856746
401836520
401816292
401796038
401775779
401755517
401735249
401714977
401694704
401674429
401654148
401633866
401613579
401593289
401572996
401552697
401532395
401512090
401491781
401471464
401451143
401430820
401410496
401390170
401369842
401349512
401329175
401308838
401288486
401268133
401247778
401227422
401207066
401186708
401166350
401145991
401125632
401105271
401084901
401064528
401044149
401023767
401003380
400982993
400962603
400942213
400921818
400901419
400881020
400860618
400840215
400819810
400799387
400778961
400758527
400738090
400717647
400697201
400676755
400656308
400635857
400615401
400594941
400574480
400554015
400533549
400513082
400492614
400472141
400451668
400431191
400410705
400390219
400369731
400349227
400328721
400308213
400287704
400267195
400246684
400226168
400205647
400185120
400164592
400144063
400123532
400102980
400082425
400061867
400041302
400020728
400000152
399979576
399958997
399938417
399917835
399897238
399876638
399856037
399835435
399814833
399794230
399773624
399753016
399732407
399711797
399691186
399670571
399649951
399629330
399608707
399588083
399567457
399546830
399526196
399505558
399484919
399464275
399443627
399422976
399402319
399381661
399360991
399340320
399319648
399298974
399278297
399257610
399236918
399216223
399195524
399174815
399154095
399133374
399112652
399091926
399071195
399050454
399029711
399008963
398988210
398967452
398946693
398925931
398905166
398884382
398863595
398842805
398822014
398801223
398780428
398759630
398738832
398718033
398697232
398676431
398655628
398634821
398614013
398593203
398572393
398551574
398530754
398509919
398489083
398468247
398447410
398426572
398405732
398384891
398364048
398343203
398322351
398301488
398280615
398259739
398238863
398217984
398197104
398176222
398155339
398134448
398113554
398092660
398071765
398050868
398029946
398009013
397988077
397967137
397946196
397925252
397904307
397883359
397862408
397841455
397820502
397799549
397778596
397757635
397736674
397715711
397694740
397673759
397652775
397631788
397610796
397589788
397568776
397547752
397526723
397505694
397484661
397463621
397442579
397421536
397400493
397379443
397358389
397337309
397316227
397295140
397274044
397252946
397231844
397210738
397189616
397168491
397147365
397126229
397105085
397083940
397062795
397041645
397020492
396999338
396978178
396957014
396935837
396914659
396893481
396872302
396851122
396829937
396808745
396787553
396766359
396745163
396723967
396702745
396681513
396660268
396639017
396617764
396596508
396575251
396553993
396532731
396511467
396490193
396468916
396447638
396426330
396405019
396383704
396362380
396341056
396319730
396298403
396277067
396255723
396234378
396213027
396191671
396170311
396148941
396127561
396106178
396084795
396063404
396042012
396020613
395999213
395977810
395956400
395934988
395913567
395892141
395870700
395849258
395827808
395806356
395784897
395763437
395741973
395720505
395699035
395677559
395656081
395634601
395613120
395591638
395570156
395548669
395527181
395505692
395484202
395462703
395441201
395419697
395398193
395376677
395355158
395333632
395312105
395290577
395269043
395247502
395225959
395204414
395182867
395161316
395139757
395118179
395096597
395075012
395053423
395031827
395010223
394988616
394966998
394945373
394923746
394902106
394880464
394858814
394837158
394815499
394793839
394772175
394750508
394728840
394707158
394685473
394663788
394642102
394620414
394598725
394577030
394555333
394533636
394511932
394490225
394468517
394446806
394425094
394403376
394381656
394359935
394338208
394316479
394294749
394273017
394251281
394229544
394207804
394186060
394164310
394142558
394120804
394099046
394077283
394055520
394033741
394011961
393990179
393968396
393946606
393924812
393903018
393881216
393859414
393837611
393815793
393793969
393772142
393750298
393728453
393706606
393684757
393662905
393641036
393619165
393597292
393575416
393553532
393531648
393509760
393487871
393465975
393444079
393422179
393400279
393378377
393356467
393334556
393312644
393290731
393268815
393246896
393224975
393203051
393181126
393159185
393137242
393115298
393093348
393071396
393049434
393027470
393005505
392983540
392961574
392939608
392917634
392895648
392873660
392851671
392829679
392807685
392785690
392763688
392741684
392719676
392697663
392675645
392653627
392631607
392609579
392587549
392565516
392543483
392521449
392499399
392477342
392455285
392433217
392411145
392389065
392366954
392344833
392322709
392300585
392278459
392256327
392234195
392212062
392189928
392167792
392145648
392123500
392101348
392079190
392057025
392034857
392012687
391990511
391968330
391946147
391923960
391901767
391879573
391857378
391835183
391812981
391790771
391768561
391746347
391724128
391701908
391679686
391657458
391635227
391612992
391590754
391568510
391546260
391524009
391501753
391479492
391457230
391434968
391412705
391390441
391368175
391345907
391323637
391301365
391279084
391256800
391234515
391212229
391189943
391167648
391145337
391123023
391100705
391078386
391056050
391033709
391011368
390989020
390966671
390944319
390921965
390899608
390877249
390854885
390832521
390810153
390787779
390765404
390743025
390720643
390698259
390675868
390653472
390631060
390608648
390586229
390563801
390541372
390518942
390496511
390474078
390451636
390429192
390406747
390384302
390361857
390339412
390316966
390294516
390272065
390249612
390227157
390204699
390182235
390159767
390137292
390114810
390092326
390069842
390047357
390024861
390002363
389979862
389957358
389934850
389912340
389889822
389867296
389844766
389822235
389799703
389777163
389754619
389732073
389709524
389686974
389664422
389641870
389619315
389596756
389574190
389551620
389529047
389506472
389483892
389461311
389438729
389416144
389393557
389370963
389348367
389325770
389303172
389280574
389257976
389235375
389212771
389190167
389167560
389144947
389122330
389099712
389077093
389054470
389031845
389009220
388986593
388963950
388941293
388918635
388895975
388873315
388850654
388827991
388805325
388782657
388759979
388737300
388714620
388691935
388669246
388646556
388623865
388601170
388578452
388555733
388533012
388510288
388487563
388464836
388442109
388419378
388396644
388373909
388351174
388328437
388305700
388282960
388260219
388237473
388214723
388191970
388169212
388146451
388123688
388100922
388078150
388055376
388032601
388009826
387987048
387964269
387941490
387918709
387895922
387873132
387850339
387827540
387804741
387781941
387759135
387736313
387713485
387690654
387667810
387644962
387622113
387599256
387576391
387553522
387530643
387507764
387484880
387461984
387439083
387416178
387393268
387370340
387347409
387324477
387301513
387278545
387255576
387232605
387209631
387186657
387163679
387140699
387117711
387094721
387071705
387048685
387025664
387002638
386979611
386956583
386933550
386910515
386887480
386864444
386841403
386818361
386795317
386772272
386749226
386726177
386703127
386680075
386657020
386633963
386610903
386587842
386564780
386541717
386518651
386495584
386472510
386449433
386426356
386403278
386380199
386357119
386334036
386310952
386287864
386264774
386241669
386218564
386195457
386172346
386149235
386126122
386102990
386079856
386056721
386033585
386010442
385987293
385964141
385940988
385917833
385894672
385871504
385848325
385825146
385801952
385778755
385755553
385732343
385709130
385685912
385662686
385639460
385616227
385592993
385569753
385546512
385523271
385500027
385476783
385453538
385430291
385407043
385383793
385360541
385337288
385314034
385290776
385267511
385244238
385220965
385197689
385174398
385151103
385127800
385104496
385081185
385057869
385034547
385011225
384987896
384964564
384941229
384917889
384894549
384871200
384847851
384824499
384801146
384777793
384754433
384731065
384707692
384684313
384660927
384637541
384614154
384590764
384567366
384543962
384520545
384497124
384473698
384450249
384426800
384403347
384379893
384356433
384332965
384309496
384286008
384262508
384239005
384215502
384191998
384168488
384144976
384121461
384097939
384074415
384050884
384027352
384003818
383980277
383956734
383933181
383909623
383886060
383862475
383838885
383815287
383791687
383768079
383744470
383720839
383697207
383673573
383649936
383626296
383602655
383579009
383555360
383531709
383508055
383484401
383460743
383437081
383413418
383389749
383366072
383342395
383318716
383295037
383271356
383247671
383223985
383200294
383176598
383152901
383129200
383105493
383081781
383058069
383034352
383010620
382986885
382963147
382939404
382915661
382891914
382868165
382844414
382820662
382796899
382773129
382749349
382725568
382701786
382678001
382654208
382630402
382606592
382582782
382558950
382535117
382511275
382487425
382463572
382439715
382415851
382391986
382368118
382344234
382320339
382296432
382272521
382248601
382224680
382200756
382176831
382152888
382128935
382104979
382081022
382057061
382033086
382009109
381985132
381961153
381937166
381913177
381889188
381865194
381841197
381817198
381793198
381769197
381745196
381721190
381697180
381673168
381649155
381625140
381601119
381577097
381553067
381529035
381504995
381480949
381456902
381432848
381408791
381384731
381360667
381336600
381312530
381288459
381264384
381240299
381216214
381192126
381168033
381143938
381119842
381095740
381071628
381047515
381023401
380999278
380975154
380951020
380926873
380902722
380878556
380854389
380830221
380806051
380781881
380757709
380733529
380709348
380685164
380660980
380636792
380612603
380588413
380564222
380540031
380515824
380491615
380467404
380443190
380418976
380394759
380370538
380346310
380322081
380297844
380273605
380249363
380225117
380200866
380176609
380152344
380128074
380103794
380079514
380055230
380030944
380006658
379982370
379958081
379933782
379909482
379885177
379860870
379836561
379812249
379787937
379763624
379739304
379714979
379690645
379666306
379641965
379617622
379593278
379568932
379544579
379520224
379495864
379471502
379447139
379422772
379398401
379374030
379349657
379325283
379300908
379276533
379252155
379227767
379203374
379178976
379154574
379130168
379105749
379081326
379056902
379032476
379008046
378983615
378959181
378934742
378910303
378885862
378861421
378836978
378812530
378788077
378763623
378739169
378714714
378690259
378665800
378641336
378616870
378592398
378567925
378543451
378518973
378494491
378469998
378445492
378420969
378396441
378371913
378347384
378322853
378298321
378273786
378249249
378224708
378200164
378175620
378151073
378126526
378101978
378077425
378052870
378028313
378003747
377979181
377954613
377930043
377905471
377880895
377856308
377831719
377807129
377782536
377757941
377733344
377708743
377684135
377659525
377634915
377610303
377585690
377561074
377536457
377511840
377487221
377462599
377437973
377413342
377388702
377364059
377339412
377314759
377290103
377265444
377240780
377216113
377191443
377166764
377142084
377117390
377092696
377067992
377043287
377018578
376993865
376969147
376944424
376919700
376894970
376870240
376845510
376820778
376796037
376771294
376746544
376721792
376697034
376672273
376647510
376622745
376597973
376573201
376548428
376523653
376498874
376474088
376449297
376424505
376399711
376374916
376350119
376325318
376300511
376275701
376250886
376226060
376201233
376176400
376151567
376126730
376101892
376077052
376052211
376027366
376002511
375977644
375952776
375927904
375903031
375878155
375853279
375828397
375803512
375778627
375753737
375728846
375703955
375679063
375654170
375629277
375604376
375579474
375554566
375529655
375504733
375479805
375454869
375429924
375404973
375380021
375355069
375330117
375305164
375280203
375255239
375230269
375205295
375180313
375155326
375130331
375105336
375080334
375055321
375030308
375005289
374980269
374955248
374930225
374905200
374880172
374855141
374830106
374805070
374780029
374754975
374729919
374704862
374679796
374654727
374629657
374604585
374579507
374554429
374529347
374504259
374479170
374454077
374428983
374403888
374378790
374353691
374328592
374303490
374278385
374253280
374228162
374203043
374177922
374152801
374127679
374102546
374077413
374052278
374027136
374001991
373976846
373951698
373926549
373901394
373876239
373851078
373825915
373800750
373775582
373750412
373725241
373700068
373674892
373649694
373624495
373599296
373574096
373548894
373523676
373498457
373473227
373447991
373422746
373397496
373372240
373346983
373321726
373296465
373271199
373245928
373220656
373195383
373170106
373144826
373119545
373094257
373068967
373043676
373018383
372993089
372967787
372942480
372917171
372891858
372866535
372841203
372815870
372790533
372765193
372739845
372714496
372689141
372663782
372638408
372613034
372587659
372562276
372536890
372511500
372486108
372460715
372435317
372409918
372384516
372359105
372333694
372308280
372282864
372257445
372232024
372206600
372181164
372155724
372130281
372104838
372079389
372053940
372028483
372003022
371977551
371952078
371926601
371901123
371875641
371850158
371824674
371799183
371773675
371748164
371722651
371697136
371671621
371646096
371620560
371595023
371569482
371543939
371518396
371492851
371467305
371441748
371416190
371390624
371365051
371339477
371313890
371288300
371262703
371237102
371211498
371185886
371160266
371134640
371109007
371083369
371057718
371032066
371006409
370980750
370955090
370929422
370903753
370878066
370852376
370826685
370800994
370775299
370749604
370723908
370698210
370672508
370646803
370621098
370595385
370569671
370543956
370518241
370492519
370466795
370441069
370415339
370389609
370363877
370338140
370312400
370286658
370260914
370235164
370209411
370183653
370157886
370132118
370106348
370080578
370054802
370029011
370003212
369977413
369951613
369925809
369900000
369874190
369848373
369822554
369796734
369770914
369745082
369719250
369693416
369667580
369641741
369615894
369590037
369564177
369538316
369512452
369486588
369460714
369434838
369408957
369383075
369357190
369331303
369305408
369279511
369253612
369227704
369201792
369175872
369149950
369124026
369098099
369072172
369046243
369020308
368994371
368968433
368942494
368916553
368890604
368864652
368838696
368812740
368786781
368760817
368734850
368708879
368682900
368656921
368630940
368604956
368578972
368552985
368526988
368500979
368474965
368448948
368422931
368396905
368370878
368344843
368318796
368292749
368266697
368240642
368214586
368188530
368162472
368136413
368110353
368084272
368058182
368032071
368005959
367979845
367953731
367927614
367901491
367875367
367849242
367823112
367796979
367770846
367744687
367718519
367692344
367666163
367639981
367613795
367587608
367561417
367535222
367509024
367482825
367456623
367430415
367404206
367377992
367351777
367325555
367299333
367273089
367246844
367220597
367194349
367168093
367141828
367115562
367089295
367063027
367036746
367010459
366984169
366957876
366931565
366905254
366878941
366852627
366826308
366799983
366773655
366747324
366720986
366694648
366668308
366641963
366615611
366589247
366562874
366536500
366510124
366483743
366457350
366430954
366404556
366378152
366351741
366325330
366298917
366272504
366246084
366219662
366193233
366166803
366140372
366113940
366087506
366061070
366034628
366008185
365981742
365955291
365928840
365902382
365875919
365849453
365822971
365796486
365770000
365743510
365717017
365690524
365664030
365637533
365611035
365584529
365558021
365531512
365505001
365478488
365451972
365425452
365398929
365372396
365345863
365319330
365292791
365266249
365239705
365213159
365186609
365160053
365133483
365106911
365080337
365053760
365027177
365000585
364973989
364947384
364920775
364894165
364867553
364840939
364814317
364787682
364761045
364734404
364707759
364681114
364654466
364627809
364601138
364574462
364547784
364521104
364494421
364467734
364441042
364414350
364387656
364360961
364334262
364307562
364280861
364254158
364227453
364200740
364174027
364147310
364120593
364093858
364067123
364040385
364013640
363986894
363960146
363933398
363906643
363879887
363853126
363826364
363799595
363772825
363746049
363719271
363692490
363665707
363638912
363612115
363585317
363558517
363531713
363504909
363478104
363451299
363424486
363397672
363370858
363344037
363317214
363290391
363263567
363236743
363209913
363183080
363156241
363129397
363102549
363075698
363048846
363021990
362995131
362968258
362941374
362914487
362887598
362860704
362833808
362806910
362780009
362753108
362726198
362699280
362672359
362645438
362618511
362591582
362564651
362537713
362510767
362483816
362456865
362429912
362402955
362375996
362349035
362322069
362295102
362268128
362241154
362214177
362187194
362160208
362133220
362106229
362079233
362052227
362025221
361998209
361971189
361944164
361917135
361890104
361863066
361836026
361808986
361781945
361754900
361727853
361700793
361673733
361646660
361619586
361592506
361565419
361538332
361511245
361484151
361457052
361429952
361402846
361375733
361348617
361321499
361294380
361267260
361240139
361213015
361185886
361158757
361131625
361104487
361077344
361050200
361023056
360995902
360968745
360941586
360914425
360887261
360860095
360832927
360805759
360778591
360751416
360724236
360697051
360669864
360642675
360615477
360588276
360561069
360533858
360506645
360479423
360452198
360424968
360397732
360370493
360343254
360316011
360288756
360261500
360234244
360206984
360179717
360152447
360125175
360097899
360070621
360043340
360016058
359988774
359961480
359934185
359906884
359879580
359852273
359824958
359797633
359770305
359742972
359715638
359688304
359660970
359633633
359606296
359578957
359551618
359524277
359496934
359469587
359442232
359414873
359387514
359360148
359332776
359305403
359278022
359250636
359223243
359195844
359168436
359141028
359113606
359086178
359058750
359031322
359003893
358976463
358949029
358921594
358894157
358866719
358839279
358811838
358784395
358756945
358729491
358702030
358674562
358647093
358619624
358592151
358564678
358537196
358509705
358482210
358454711
358427204
358399682
358372157
358344627
358317087
358289544
358261996
358234445
358206894
358179336
358151777
358124216
358096652
358069087
358041518
358013949
357986376
357958803
357931228
357903643
357876057
357848468
357820876
357793279
357765680
357738074
357710461
357682847
357655230
357627612
357599991
357572370
357544744
357517117
357489488
357461857
357434226
357406587
357378945
357351296
357323636
357295974
357268310
357240646
357212980
357185308
357157635
357129947
357102257
357074558
357046850
357019133
356991409
356963681
356935951
356908216
356880479
356852740
356824996
356797245
356769493
356741736
356713979
356686219
356658446
356630663
356602876
356575077
356547272
356519464
356491654
356463843
356436027
356408210
356380388
356352564
356324737
356296904
356269071
356241238
356213404
356185569
356157729
356129887
356102044
356074199
356046352
356018499
355990645
355962789
355934931
355907069
355879204
355851334
355823461
355795585
355767697
355739809
355711917
355684020
355656122
355628218
355600313
355572407
355544493
355516569
355488642
355460715
355432787
355404855
355376914
355348972
355321014
355293056
355265096
355237134
355209167
355181197
355153223
355125248
355097272
355069296
355041314
355013320
354985326
354957330
354929319
354901305
354873280
354845252
354817223
354789188
354761150
354733109
354705067
354677021
354648972
354620917
354592858
354564798
354536737
354508673
354480609
354452540
354424460
354396377
354368293
354340208
354312122
354284034
354255944
354227840
354199736
354171627
354143517
354115406
354087295
354059179
354031062
354002937
353974811
353946685
353918554
353890422
353862280
353834137
353805990
353777841
353749691
353721537
353693380
353665220
353637058
353608894
353580729
353552564
353524384
353496203
353468019
353439823
353411622
353383421
353355215
353327003
353298786
353270569
353242352
353214130
353185895
353157653
353129404
353101154
353072903
353044647
353016382
352988112
352959839
352931562
352903284
352875006
352846727
352818446
352790164
352761878
352733585
352705292
352676990
352648683
352620367
352592048
352563727
352535402
352507075
352478748
352450420
352422092
352393755
352365413
352337071
352308724
352280371
352252012
352223648
352195280
352166904
352138528
352110138
352081748
352053357
352024960
351996549
351968134
351939715
351911294
351882859
351854421
351825980
351797537
351769093
351740645
351712180
351683712
351655242
351626772
351598299
351569824
351541346
351512864
351484381
351455894
351427404
351398911
351370414
351341916
351313418
351284919
351256393
351227864
351199334
351170798
351142251
351113693
351085135
351056566
351027994
350999421
350970841
350942259
350913674
350885087
350856500
350827907
350799313
350770706
350742099
350713491
350684871
350656251
350627631
350599009
350570382
350541750
350513116
350484478
350455834
350427189
350398544
350369895
350341244
350312593
350283939
350255284
350226623
350197959
350169294
350140629
350111963
350083293
350054617
350025940
349997260
349968576
349939888
349911198
349882506
349853808
349825107
349796405
349767701
349738995
349710283
349681570
349652856
349624142
349595418
349566692
349537963
349509228
349480482
349451736
349422987
349394237
349365477
349336714
349307949
349279177
349250401
349221622
349192836
349164049
349135248
349106435
349077619
349048786
349019950
348991102
348962254
348933404
348904546
348875680
348846813
348817936
348789048
348760160
348731271
348702375
348673478
348644581
348615683
348586785
348557882
348528975
348500063
348471149
348442231
348413311
348384387
348355457
348326527
348297594
348268660
348239725
348210789
348181851
348152910
348123965
348095018
348066066
348037102
348008118
347979114
347950100
347921083
347892064
347863042
347834017
347804991
347775964
347746929
347717894
347688855
347659815
347630775
347601735
347572689
347543641
347514592
347485540
347456486
347427430
347398373
347369308
347340239
347311166
347282086
347253003
347223920
347194830
347165737
347136642
347107545
347078444
347049340
347020233
346991124
346962005
346932886
346903766
346874645
346845515
346816382
346787248
346758103
346728956
346699805
346670652
346641495
346612331
346583163
346553993
346524811
346495628
346466438
346437247
346408055
346378860
346349663
346320461
346291256
346262040
346232821
346203591
346174360
346145126
346115883
346086636
346057387
346028137
345998886
345969633
345940378
345911112
345881845
345852578
345823310
345794042
345764771
345735498
345706224
345676947
345647669
345618391
345589111
345559824
345530536
345501247
345471957
345442661
345413363
345384062
345354751
345325436
345296119
345266801
345237483
345208159
345178830
345149493
345120155
345090808
345061460
345032105
345002746
344973384
344944011
344914627
344885242
344855850
344826457
344797060
344767661
344738257
344708851
344679436
344650012
344620585
344591154
344561721
344532287
344502853
344473418
344443981
344414539
344385091
344355640
344326189
344296731
344267273
344237813
344208350
344178885
344149410
344119931
344090451
344060970
344031471
344001969
343972465
343942957
343913448
343883938
343854425
343824911
343795396
343765879
343736361
343706843
343677323
343647799
343618274
343588741
343559205
343529667
343500125
343470577
343441028
343411477
343381917
343352357
343322792
343293226
343263653
343234078
343204500
343174921
343145339
343115746
343086151
343056552
343026947
342997335
342967719
342938100
342908480
342878859
342849238
342819615
342789978
342760341
342730696
342701049
342671397
342641738
342612071
342582403
342552733
342523062
342493387
342463710
342434032
342404350
342374664
342344973
342315282
342285590
342255896
342226197
342196492
342166786
342137066
342107345
342077617
342047884
342018150
341988413
341958673
341928932
341899189
341869418
341839647
341809869
341780088
341750303
341720516
341690721
341660923
341631120
341601314
341571506
341541685
341511856
341482025
341452178
341422331
341392479
341362617
341332753
341302888
341273018
341243139
341213259
341183375
341153490
341123605
341093718
341063830
341033940
341004047
340974151
340944245
340914339
340884426
340854511
340824596
340794670
340764743
340734812
340704877
340674935
340644993
340615045
340585097
340555147
340525197
340495243
340465289
340435326
340405359
340375389
340345410
340315429
340285441
340255452
340225454
340195456
340165447
340135437
340105421
340075402
340045383
340015357
339985329
339955290
339925249
339895205
339865158
339835107
339805055
339775002
339744943
339714883
339684820
339654750
339624668
339594578
339564478
339534377
339504276
339474170
339444064
339413957
339383845
339353723
339323597
339293469
339263337
339233205
339203068
339172931
339142792
339112652
339082508
339052361
339022213
338992060
338961907
338931750
338901583
338871416
338841246
338811076
338780900
338750720
338720532
338690341
338660150
338629955
338599752
338569544
338539334
338509124
338478910
338448693
338418476
338388247
338358015
338327783
338297541
338267294
338237040
338206784
338176527
338146260
338115988
338085708
338055425
338025139
337994850
337964553
337934246
337903932
337873615
337843282
337812946
337782610
337752273
337721935
337691592
337661248
337630902
337600555
337570207
337539859
337509507
337479154
337448801
337418446
337388089
337357729
337327367
337297005
337266637
337236249
337205859
337175443
337145018
337114588
337084150
337053704
337023253
336992799
336962343
336931884
336901418
336870949
336840479
336810004
336779518
336749028
336718535
336688036
336657533
336627022
336596509
336565995
336535480
336504965
336474448
336443927
336413403
336382873
336352339
336321804
336291269
336260731
336230191
336199647
336169096
336138544
336107991
336077438
336046883
336016323
335985762
335955184
335924603
335894019
335863429
335832828
335802224
335771618
335741005
335710392
335679776
335649150
335618523
335587894
335557255
335526615
335495972
335465327
335434682
335404029
335373374
335342719
335312058
335281391
335250720
335220039
335189338
335158626
335127914
335097200
335066481
335035760
335005039
334974313
334943584
334912847
334882106
334851361
334820616
334789863
334759104
334728340
334697574
334666804
334636032
334605253
334574473
334543691
334512908
334482125
334451338
334420550
334389762
334358969
334328172
334297365
334266552
334235729
334204898
334174060
334143221
334112375
334081526
334050676
334019825
333988970
333958114
333927254
333896384
333865512
333834636
333803751
333772866
333741981
333711092
333680203
333649288
333618367
333587443
333556512
333525578
333494644
333463700
333432753
333401803
333370851
333339899
333308947
333277990
333247033
333216064
333185089
333154112
333123134
333092155
333061174
333030190
332999202
332968212
332937220
332906226
332875232
332844236
332813237
332782234
332751231
332720228
332689208
332658187
332627163
332596138
332565108
332534077
332503045
332472006
332440965
332409923
332378880
332347833
332316780
332285726
332254671
332223614
332192551
332161487
332130404
332099321
332068237
332037151
332006060
331974968
331943875
331912781
331881680
331850572
331819458
331788340
331757220
331726099
331694976
331663850
331632713
331601572
331570431
331539290
331508148
331477004
331445847
331414689
331383525
331352360
331321195
331290030
331258864
331227697
331196509
331165319
331134115
331102910
331071695
331040480
331009262
330978043
330946819
330915591
330884361
330853122
330821864
330790605
330759342
330728077
330696812
330665543
330634267
330602989
330571700
330540402
330509102
330477778
330446451
330415123
330383793
330352460
330321124
330289786
330258445
330227103
330195759
330164415
330133061
330101701
330070338
330038968
330007596
329976216
329944834
329913451
329882064
329850674
329819272
329787869
329756463
329725055
329693647
329662233
329630810
329599362
329567913
329536463
329505013
329473560
329442103
329410642
329379179
329347701
329316222
329284735
329253247
329221755
329190262
329158757
329127248
329095736
329064222
329032701
329001164
328969626
328938074
328906518
328874949
328843377
328811800
328780223
328748642
328717053
328685463
328653873
328622282
328590690
328559094
328527490
328495881
328464269
328432650
328401028
328369387
328337744
328306100
328274449
328242796
328211142
328179487
328147832
328116176
328084519
328052857
328021193
327989528
327957858
327926186
327894511
327862836
327831159
327799481
327767792
327736100
327704408
327672699
327640990
327609279
327577567
327545854
327514132
327482407
327450678
327418945
327387211
327355473
327323731
327291988
327260242
327228487
327196732
327164976
327133210
327101439
327069655
327037869
327006082
326974290
326942498
326910697
326878896
326847094
326815288
326783468
326751644
326719812
326687977
326656137
326624294
326592431
326560561
326528690
326496807
326464921
326433028
326401105
326369179
326337252
326305324
326273391
326241457
326209520
326177581
326145640
326113698
326081747
326049769
326017790
325985794
325953798
325921799
325889796
325857793
325825787
325793780
325761771
325729760
325697748
325665732
325633715
325601690
325569656
325537621
325505583
325473544
325441503
325409460
325377416
325345368
325313316
325281264
325249204
325217133
325185060
325152987
325120913
325088835
325056756
325024668
324992575
324960478
324928379
324896278
324864177
324832074
324799971
324767867
324735763
324703657
324671550
324639423
324607284
324575133
324542968
324510797
324478625
324446453
324414278
324382102
324349924
324317744
324285564
324253382
324221199
324189016
324156832
324124646
324092458
324060269
324028074
323995877
323963658
323931438
323899216
323866993
323834767
323802541
323770314
323738085
323705855
323673621
323641381
323609139
323576896
323544652
323512408
323480164
323447910
323415649
323383386
323351116
323318843
323286569
323254290
323222007
323189716
323157420
323125121
323092814
323060505
323028194
322995877
322963557
322931235
322898910
322866582
322834246
322801905
322769560
322737207
322704853
322672498
322640135
322607763
322575388
322543008
322510625
322478241
322445856
322413468
322381078
322348686
322316292
322283897
322251501
322219104
322186707
322154307
322121907
322089502
322057096
322024681
321992266
321959851
321927432
321895012
321862591
321830160
321797727
321765291
321732855
321700418
321667972
321635519
321603063
321570598
321538126
321505650
321473172
321440687
321408183
321375679
321343166
321310639
321278110
321245576
321213033
321180486
321147935
321115376
321082808
321050236
321017659
320985079
320952499
320919914
320887324
320854733
320822139
320789540
320756939
320724336
320691731
320659117
320626503
320593885
320561266
320528646
320496021
320463395
320430769
320398142
320365514
320332881
320300243
320267604
320234963
320202304
320169642
320136980
320104317
320071645
320038969
320006291
319973609
319940926
319908239
319875549
319842853
319810157
319777460
319744760
319712060
319679352
319646641
319613925
319581198
319548459
319515718
319482972
319450223
319417472
319384721
319351963
319319200
319286435
319253667
319220896
319188122
319155333
319122538
319089739
319056937
319024131
318991325
318958517
318925706
318892892
318860077
318827251
318794423
318761591
318728756
318695918
318663076
318630232
318597388
318564543
318531697
318498851
318466002
318433150
318400295
318367436
318334571
318301694
318268817
318235936
318203050
318170161
318137271
318104376
318071478
318038571
318005659
317972743
317939827
317906904
317873977
317841045
317808110
317775170
317742221
317709264
317676302
317643330
317610356
317577379
317544401
317511421
317478436
317445447
317412454
317379460
317346460
317313460
317280457
317247449
317214440
317181427
317148411
317115394
317082370
317049340
317016310
316983267
316950223
316917167
316884110
316851052
316817991
316784929
316751862
316718794
316685724
316652646
316619568
316586489
316553401
316520294
316487187
316454073
316420957
316387840
316354718
316321590
316288458
316255325
316222191
316189054
316155909
316122764
316089617
316056467
316023317
315990160
315956997
315923833
315890664
315857488
315824311
315791132
315757953
315724772
315691588
315658400
315625209
315592016
315558819
315525621
315492410
315459193
315425968
315392741
315359514
315326285
315293049
315259812
315226573
315193332
315160083
315126834
315093585
315060331
315027074
314993812
314960544
314927271
314893997
314860717
314827433
314794147
314760854
314727560
314694254
314660946
314627634
314594317
314560997
314527671
314494342
314461007
314427672
314394328
314360982
314327635
314294284
314260932
314227570
314194205
314160840
314127471
314094096
314060720
314027343
313993950
313960557
313927159
313893761
313860359
313826956
313793538
313760118
313726696
313693273
313659848
313626421
313592993
313559565
313526135
313492705
313459270
313425826
313392381
313358926
313325469
313292012
313258549
313225084
313191617
313158141
313124663
313091184
313057703
313024217
312990730
312957238
312923746
312890252
312856743
312823231
312789710
312756180
312722649
312689116
312655583
312622046
312588508
312554968
312521426
312487879
312454329
312420778
312387226
312353670
312320104
312286537
312252969
312219399
312185823
312152246
312118668
312085086
312051500
312017912
311984312
311950699
311917074
311883448
311849821
311816194
311782555
311748909
311715262
311681604
311647943
311614282
311580618
311546951
311513282
311479611
311445939
311412259
311378577
311344894
311311207
311277514
311243813
311210110
311176406
311142690
311108974
311075249
311041523
311007792
310974056
310940318
310906576
310872831
310839085
310805334
310771582
310737830
310704076
310670314
310636551
310602783
310569005
310535225
310501445
310467660
310433874
310400087
310366297
310332504
310298711
310264911
310231106
310197300
310163494
310129684
310095873
310062059
310028243
309994425
309960605
309926779
309892924
309859066
309825197
309791322
309757440
309723555
309689665
309655775
309621881
309587984
309554086
309520186
309486284
309452381
309418468
309384552
309350627
309316699
309282755
309248805
309214853
309180896
309146917
309112936
309078949
309044961
309010967
308976973
308942978
308908982
308874983
308840982
308806980
308772978
308738975
308704966
308670953
308636931
308602902
308568857
308534809
308500760
308466709
308432657
308398593
308364527
308330459
308296391
308262319
308228246
308194166
308160081
308125994
308091905
308057814
308023723
307989626
307955529
307921432
307887331
307853229
307819126
307785011
307750894
307716766
307682636
307648505
307614368
307580226
307546080
307511931
307477776
307443620
307409464
307375308
307341147
307306969
307272790
307238609
307204427
307170244
307136057
307101868
307067679
307033489
306999287
306965084
306930877
306896662
306862442
306828222
306794001
306759779
306725554
306691325
306657096
306622855
306588613
306554366
306520116
306485862
306451602
306417338
306383074
306348806
306314536
306280263
306245990
306211701
306177410
306143119
306108825
306074528
306040231
306005929
305971625
305937314
305903002
305868689
305834375
305800055
305765732
305731407
305697077
305662745
305628412
305594077
305559742
305525407
305491066
305456718
305422359
305388000
305353641
305319279
305284916
305250550
305216176
305181801
305147425
305113041
305078626
305044206
305009779
304975345
304940909
304906465
304872018
304837564
304803103
304768640
304734174
304699707
304665240
304630770
304596296
304561821
304527344
304492866
304458382
304423896
304389408
304354909
304320410
304285909
304251405
304216896
304182384
304147867
304113339
304078809
304044277
304009744
303975195
303940645
303906092
303871534
303836974
303802410
303767832
303733239
303698642
303664043
303629439
303594829
303560217
303525605
303490992
303456378
303421752
303387125
303352483
303317839
303283195
303248550
303213902
303179246
303144589
303109928
303075262
303040594
303005924
302971252
302936578
302901904
302867229
302832549
302797865
302763177
302728488
302693796
302659098
302624393
302589686
302554967
302520246
302485523
302450797
302416069
302381339
302346603
302311866
302277127
302242378
302207614
302172842
302138068
302103294
302068519
302033739
301998959
301964170
301929381
301894591
301859798
301824998
301790196
301755388
301720579
301685759
301650935
301616111
301581284
301546457
301511628
301476799
301441968
301407133
301372293
301337448
301302592
301267735
301232877
301198019
301163158
301128297
301093436
301058575
301023713
300988847
300953979
300919109
300884238
300849366
300814494
300779622
300744749
300709868
300674975
300640082
300605189
300570294
300535395
300500493
300465586
300430671
300395750
300360825
300325893
300290960
300256021
300221082
300186133
300151183
300116229
300081267
300046292
300011313
299976333
299941346
299906358
299871366
299836374
299801379
299766381
299731378
299696373
299661363
299626347
299591329
299556305
299521277
299486246
299451215
299416180
299381142
299346103
299311062
299276018
299240973
299205924
299170868
299135805
299100740
299065673
299030596
298995518
298960439
298925344
298890248
298855146
298820041
298784936
298749828
298714716
298679588
298644457
298609321
298574185
298539048
298503909
298468761
298433610
298398454
298363297
298328139
298292981
298257814
298222639
298187463
298152279
298117092
298081904
298046708
298011511
297976311
297941103
297905884
297870665
297835444
297800218
297764991
297729756
297694516
297659274
297624027
297588778
297553529
297518279
297483025
297447767
297412507
297377245
297341978
297306699
297271413
297236124
297200830
297165533
297130231
297094924
297059616
297024304
296988987
296953663
296918330
296882991
296847652
296812311
296776968
296741624
296706278
296670931
296635578
296600224
296564865
296529506
296494147
296458775
296423399
296388021
296352640
296317256
296281865
296246472
296211077
296175679
296140277
296104874
296069471
296034061
295998645
295963226
295927803
295892378
295856949
295821517
295786084
295750649
295715212
295679773
295644333
295608878
295573419
295537951
295502480
295467008
295431534
295396058
295360578
295325095
295289609
295254121
295218629
295183136
295147635
295112132
295076626
295041120
295005613
294970102
294934586
294899064
294863531
294827998
294792461
294756924
294721385
294685846
294650297
294614747
294579195
294543643
294508090
294472533
294436963
294401391
294365818
294330244
294294668
294259091
294223512
294187932
294152350
294116764
294081177
294045575
294009962
293974347
293938730
293903112
293867490
293831854
293796217
293760570
293724921
293689271
293653619
293617965
293582311
293546657
293511002
293475339
293439673
293404005
293368335
293332661
293296986
293261311
293225632
293189952
293154272
293118589
293082906
293047206
293011505
292975799
292940091
292904380
292868667
292832953
292797239
292761524
292725809
292690093
292654374
292618643
292582909
292547174
292511436
292475692
292439947
292404198
292368443
292332687
292296931
292261163
292225386
292189603
292153819
292118026
292082231
292046432
292010632
291974831
291939028
291903223
291867404
291831584
291795764
291759942
291724119
291688296
291652465
291616631
291580795
291544958
291509120
291473281
291437441
291401600
291365759
291329910
291294049
291258184
291222319
291186449
291150572
291114688
291078803
291042913
291007021
290971126
290935225
290899317
290863406
290827494
290791571
290755645
290719719
290683788
290647856
290611923
290575981
290540034
290504078
290468117
290432156
290396193
290360221
290324249
290288272
290252291
290216309
290180323
290144334
290108341
290072346
290036350
290000346
289964341
289928334
289892325
289856315
289820299
289784279
289748256
289712233
289676207
289640179
289604148
289568116
289532079
289496042
289460001
289423956
289387909
289351861
289315812
289279756
289243699
289207635
289171564
289135492
289099416
289063333
289027247
288991148
288955049
288918944
288882833
288846721
288810608
288774490
288738369
288702248
288666123
288629990
288593854
288557718
288521579
288485434
288449277
288413114
288376950
288340774
288304596
288268417
288232235
288196045
288159847
288123642
288087430
288051209
288014986
287978757
287942520
287906282
287870044
287833801
287797555
287761309
287725055
287688795
287652530
287616263
287579995
287543723
287507447
287471160
287434866
287398571
287362276
287325975
287289666
287253354
287217038
287180721
287144403
287108083
287071756
287035413
286999057
286962687
286926314
286889935
286853543
286817140
286780734
286744325
286707912
286671490
286635060
286598626
286562188
286525747
286489290
286452821
286416348
286379868
286343378
286306888
286270397
286233903
286197394
286160885
286124374
286087862
286051324
286014785
285978240
285941692
285905133
285868571
285832008
285795438
285758858
285722274
285685685
285649090
285612494
285575896
285539292
285502682
285466070
285429458
285392845
285356231
285319615
285282996
285246376
285209752
285173127
285136494
285099858
285063218
285026561
284989897
284953226
284916555
284879882
284843202
284806518
284769833
284733146
284696458
284659768
284623073
284586378
284549681
284512984
284476286
284439580
284402873
284366165
284329453
284292741
284256029
284219309
284182582
284145855
284109127
284072399
284035670
283998928
283962174
283925414
283888646
283851867
283815088
283778305
283741521
283704729
283667935
283631140
283594336
283557531
283520724
283483909
283447093
283410274
283373454
283336631
283299802
283262971
283226134
283189297
283152458
283115617
283078774
283041930
283005074
282968214
282931351
282894487
282857621
282820745
282783863
282746974
282710076
282673172
282636266
282599350
282562419
282525480
282488533
282451586
282414630
282377673
282340714
282303748
282266779
282229808
282192831
282155850
282118869
282081888
282044904
282007915
281970926
281933935
281896936
281859931
281822925
281785897
281748869
281711832
281674794
281637756
281600716
281563673
281526629
281489583
281452536
281415488
281378436
281341380
281304319
281267249
281230171
281193092
281156011
281118930
281081848
281044765
281007673
280970570
280933464
280896357
280859247
280822128
280785005
280747878
280710749
280673618
280636486
280599352
280562217
280525076
280487932
280450786
280413637
280376482
280339327
280302162
280264994
280227819
280190626
280153430
280116230
280079025
280041819
280004611
279967400
279930187
279892971
279855752
279818530
279781303
279744066
279706825
279669583
279632341
279595094
279557846
279520594
279483334
279446071
279408806
279371537
279334265
279296991
279259714
279222434
279185153
279147866
279110578
279073289
279035995
278998699
278961386
278924073
278886759
278849442
278812117
278774788
278737457
278700118
278662777
278625434
278588084
278550734
278513383
278476030
278438674
278401315
278363951
278326587
278289214
278251835
278214450
278177048
278139645
278102234
278064806
278027376
277989944
277952511
277915075
277877639
277840199
277802756
277765309
277727851
277690389
277652918
277615446
277577972
277540492
277503009
277465525
277428041
277390542
277353038
277315526
277278013
277240498
277202976
277165454
277127925
277090392
277052852
277015302
276977751
276940191
276902627
276865062
276827496
276789929
276752359
276714785
276677205
276639624
276602042
276564449
276526856
276489257
276451656
276414055
276376445
276338834
276301219
276263600
276225980
276188359
276150737
276113115
276075484
276037844
276000202
275962546
275924888
275887214
275849534
275811852
275774168
275736480
275698792
275661097
275623401
275585705
275548007
275510309
275472606
275434896
275397185
275359472
275321757
275284041
275246323
275208604
275170878
275133152
275095421
275057689
275019945
274982200
274944452
274906696
274868939
274831171
274793402
274755630
274717856
274680078
274642294
274604509
274566721
274528931
274491140
274453347
274415546
274377745
274339944
274302143
274264336
274226528
274188717
274150900
274113083
274075265
274037447
273999628
273961803
273923976
273886147
273848317
273810477
273772633
273734788
273696940
273659083
273621219
273583354
273545485
273507610
273469735
273431852
273393966
273356079
273318190
273280301
273242410
273204515
273166618
273128719
273090816
273052913
273015003
272977084
272939158
272901232
272863306
272825368
272787424
272749479
272711533
272673582
272635630
272597676
272559718
272521755
272483790
272445819
272407846
272369865
272331882
272293898
272255913
272217922
272179929
272141936
272103928
272065914
272027899
271989881
271951855
271913823
271875790
271837755
271799704
271761652
271723599
271685542
271647478
271609411
271571340
271533267
271495192
271457115
271419037
271380959
271342874
271304786
271266694
271228589
271190484
271152378
271114267
271076155
271038024
270999891
270961758
270923625
270885486
270847345
270809203
270771048
270732887
270694724
270656561
270618397
270580232
270542067
270503901
270465733
270427565
270389396
270351210
270313015
270274818
270236598
270198376
270160149
270121917
270083669
270045419
270007167
269968912
269930649
269892384
269854117
269815846
269777573
269739300
269701026
269662741
269624452
269586161
269547862
269509563
269471262
269432957
269394649
269356338
269318026
269279707
269241383
269203056
269164728
269126392
269088056
269049714
269011370
268973026
268934677
268896320
268857962
268819590
268781209
268742825
268704438
268666050
268627660
268589265
268550869
268512471
268474064
268435645
268397224
268358800
268320372
268281942
268243510
268205074
268166635
268128182
268089725
268051268
268012810
267974350
267935888
267897425
267858955
267820483
267782000
267743503
267705005
267666501
267627991
267589477
267550954
267512428
267473901
267435367
267396815
267358250
267319684
267281116
267242543
267203968
267165390
267126811
267088222
267049632
267011039
266972445
266933851
266895254
266856656
266818055
266779454
266740853
266702241
266663628
266625009
266586389
266547763
266509131
266470498
266431856
266393211
266354562
266315913
266277262
266238608
266199951
266161285
266122618
266083951
266045282
266006612
265967939
265929263
265890586
265851904
265813220
265774533
265735845
265697156
265658455
265619751
265581040
265542329
265503617
265464895
265426172
265387445
265348715
265309985
265271255
265232519
265193782
265155045
265116307
265077561
265038814
265000054
264961293
264922508
264883716
264844924
264806128
264767312
264728494
264689675
264650853
264612028
264573201
264534365
264495525
264456680
264417832
264378975
264340113
264301246
264262374
264223498
264184618
264145737
264106856
264067973
264029088
263990202
263951315
263912428
263873540
263834651
263795762
263756870
263717974
263679073
263640162
263601247
263562329
263523410
263484485
263445557
263406624
263367691
263328755
263289814
263250870
263211923
263172975
263134027
263095076
263056119
263017156
262978187
262939218
262900246
262861273
262822298
262783322
262744345
262705366
262666386
262627403
262588418
262549430
262510431
262471430
262432427
262393423
262354413
262315397
262276379
262237361
262198336
262159309
262120281
262081247
262042202
262003149
261964092
261925030
261885967
261846897
261807826
261768753
261729680
261690601
261651505
261612406
261573304
261534201
261495098
261455989
261416880
261377771
261338660
261299543
261260415
261221281
261182147
261143011
261103874
261064737
261025591
260986445
260947291
260908115
260868932
260829748
260790561
260751371
260712178
260672985
260633789
260594589
260555384
260516178
260476971
260437763
260398555
260359346
260320134
260280921
260241705
260202481
260163256
260124031
260084797
260045562
260006318
259967072
259927821
259888566
259849308
259810047
259770777
259731506
259692234
259652960
259613681
259574400
259535118
259495826
259456532
259417233
259377929
259338622
259299311
259260000
259220686
259181354
259142020
259102685
259063348
259024008
258984658
258945302
258905941
258866573
258827202
258787823
258748438
258709043
258669647
258630244
258590839
258551433
258512026
258472619
258433210
258393800
258354385
258314969
258275534
258236090
258196644
258157193
258117742
258078287
258038829
257999365
257959900
257920424
257880934
257841439
257801938
257762436
257722929
257683413
257643897
257604377
257564850
257525323
257485788
257446253
257406717
257367177
257327636
257288091
257248541
257208987
257169427
257129861
257090290
257050715
257011134
256971546
256931956
256892355
256852754
256813152
256773546
256733939
256694327
256654712
256615092
256575469
256535836
256496202
256456558
256416914
256377269
256337612
256297943
256258274
256218601
256178911
256139219
256099527
256059821
256020115
255980403
255940664
255900925
255861185
255821440
255781692
255741942
255702190
255662436
255622681
255582921
255543155
255503383
255463609
255423834
255384056
255344274
255304492
255264710
255224924
255185137
255145336
255105523
255065709
255025890
254986069
254946247
254906424
254866600
254826767
254786932
254747090
254707245
254667398
254627549
254587700
254547846
254507991
254468135
254428266
254388394
254348522
254308648
254268770
254228891
254189002
254149112
254109219
254069326
254029432
253989538
253949638
253909728
253869816
253829894
253789969
253750040
253710099
253670146
253630192
253590237
253550273
253510306
253470337
253430365
253390392
253350415
253310435
253270453
253230464
253190467
253150463
253110458
253070452
253030445
252990438
252950428
252910418
252870398
252830377
252790350
252750316
252710282
252670235
252630188
252590139
252550086
252510015
252469942
252429869
252389794
252349712
252309629
252269543
252229452
252189351
252149248
252109130
252069012
252028892
251988767
251948638
251908509
251868375
251828240
251788098
251747953
251707807
251667660
251627511
251587360
251547203
251507040
251466875
251426708
251386540
251346369
251306195
251266020
251225831
251185638
251145443
251105241
251065037
251024832
250984621
250944402
250904175
250863938
250823691
250783436
250743180
250702909
250662633
250622355
250582076
250541793
250501508
250461219
250420925
250380619
250340313
250300003
250259690
250219376
250179060
250138735
250098405
250058070
250017733
249977384
249937033
249896680
249856325
249815964
249775601
249735234
249694859
249654480
249614091
249573693
249533292
249492884
249452460
249412026
249371588
249331146
249290694
249250219
249209730
249169236
249128741
249088241
249047740
249007238
248966731
248926211
248885690
248845161
248804631
248764099
248723562
248683020
248642476
248601929
248561371
248520811
248480250
248439685
248399119
248358552
248317976
248277396
248236816
248196234
248155650
248115065
248074477
248033889
247993286
247952682
247912058
247871431
247830802
247790167
247749532
247708896
247668259
247627621
247586982
247546337
247505691
247465044
247424394
247383736
247343077
247302414
247261750
247221074
247180393
247139707
247099015
247058322
247017625
246976927
246936229
246895530
246854830
246814128
246773425
246732715
246692002
246651289
246610570
246569839
246529099
246488356
246447606
246406854
246366100
246325343
246284586
246243827
246203067
246162298
246121526
246080748
246039965
245999179
245958390
245917595
245876796
245835986
245795165
245754344
245713509
245672672
245631831
245590979
245550127
245509271
245468414
245427554
245386693
245345830
245304963
245264094
245223224
245182351
245141466
245100573
245059671
245018766
244977858
244936948
244896031
244855110
244814185
244773243
244732298
244691342
244650382
244609422
244568461
244527500
244486536
244445563
244404585
244363601
244322603
244281597
244240588
244199578
244158553
244117527
244076500
244035472
243994442
243953410
243912375
243871335
243830293
243789250
243748204
243707157
243666110
243625061
243584007
243542944
243501879
243460800
243419715
243378627
243337538
243296447
243255355
243214261
243173159
243132057
243090949
243049839
243008728
242967603
242926475
242885343
242844202
242803056
242761908
242720756
242679603
242638450
242597293
242556136
242514978
242473813
242432646
242391478
242350306
242309126
242267937
242226745
242185552
242144353
242103152
242061951
242020746
241979531
241938313
241897094
241855874
241814651
241773427
241732203
241690977
241649742
241608507
241567269
241526024
241484778
241443527
241402275
241361021
241319765
241278506
241237247
241195981
241154714
241113444
241072174
241030890
240989605
240948307
240907008
240865709
240824408
240783105
240741801
240700495
240659189
240617877
240576564
240535250
240493934
240452618
240411286
240369945
240328601
240287251
240245896
240204537
240163173
240121805
240080432
240039058
239997679
239956281
239914880
239873478
239832072
239790663
239749250
239707833
239666414
239624992
239583567
239542132
239500697
239459260
239417823
239376379
239334934
239293481
239252021
239210555
239169089
239127614
239086139
239044661
239003181
238961697
238920210
238878722
238837232
238795732
238754232
238712731
238671225
238629716
238588207
238546697
238505184
238463670
238422156
238380640
238339119
238297587
238256051
238214513
238172973
238131429
238089875
238048318
238006760
237965201
237923637
237882061
237840477
237798883
237757288
237715692
237674090
237632487
237590876
237549253
237507629
237466005
237424375
237382739
237341099
237299451
237257802
237216152
237174488
237132822
237091152
237049476
237007790
236966095
236924400
236882704
236841006
236799307
236757605
236715902
236674188
236632471
236590745
236549017
236507288
236465553
236423816
236382076
236340329
236298580
236256824
236215068
236173310
236131552
236089792
236048030
236006264
235964491
235922711
235880928
235839137
235797338
235755535
235713731
235671924
235630116
235588306
235546496
235504684
235462870
235421055
235379240
235337425
235295609
235253785
235211959
235170131
235128299
235086465
235044629
235002792
234960953
234919113
234877269
234835418
234793567
234751712
234709851
234667976
234626100
234584217
234542326
234500434
234458541
234416646
234374749
234332850
234290949
234249041
234207126
234165211
234123293
234081371
234039437
233997502
233955565
233913619
233871668
233829714
233787759
233745797
233703833
233661869
233619904
233577934
233535960
233493985
233452009
233410026
233368040
233326047
233284051
233242052
233200049
233158038
233116026
233074007
233031986
232989952
232947918
232905883
232863846
232821803
232779756
232737699
232695641
232653580
232611502
232569422
232527340
232485257
232443170
232401082
232358992
232316901
232274810
232232714
232190615
232148501
232106379
232064251
232022117
231979983
231937844
231895705
231853565
231811420
231769267
231727106
231684943
231642778
231600608
231558437
231516266
231474078
231431883
231389687
231347490
231305289
231263088
231220884
231178676
231136466
231094251
231052035
231009815
230967594
230925373
230883151
230840929
230798705
230756478
230714246
230672013
230629774
230587534
230545292
230503038
230460777
230418497
230376209
230333920
230291631
230249338
230207031
230164716
230122398
230080070
230037733
229995395
229953054
229910712
229868370
229826025
229783679
229741328
229698973
229656610
229614236
229571860
229529482
229487100
229444711
229402313
229359913
229317510
229275101
229232683
229190263
229147842
229105420
229062996
229020567
228978138
228935708
228893269
228850824
228808374
228765923
228723465
228681004
228638538
228596072
228553605
228511131
228468656
228426177
228383689
228341198
228298704
228256203
228213690
228171177
228128656
228086132
228043604
228001049
227958490
227915930
227873367
227830797
227788221
227745641
227703060
227660477
227617889
227575299
227532698
227490095
227447489
227404882
227362273
227319655
227277032
227234407
227191782
227149157
227106531
227063904
227021252
226978594
226935929
226893262
226850592
226807922
226765236
226722542
226679846
226637147
226594445
226551740
226509031
226466316
226423600
226380863
226338125
226295383
226252640
226209892
226167140
226124386
226081625
226038844
225996043
225953240
225910426
225867607
225824787
225781963
225739129
225696292
225653454
225610606
225567753
225524900
225482043
225439185
225396327
225353466
225310601
225267732
225224862
225181985
225139103
225096216
225053327
225010435
224967535
224924635
224881732
224838819
224795902
224752983
224710063
224667142
224624211
224581280
224538349
224495417
224452477
224409537
224366589
224323637
224280677
224237716
224194750
224151783
224108813
224065834
224022854
223979873
223936892
223893897
223850890
223807876
223764862
223721842
223678818
223635793
223592765
223549736
223506704
223463656
223420604
223377548
223334485
223291413
223248338
223205263
223162187
223119110
223076028
223032941
222989852
222946762
222903666
222860569
222817466
222774357
222731246
222688134
222645018
222601900
222558770
222515633
222472492
222429350
222386204
222343049
222299890
222256727
222213558
222170388
222127214
222084033
222040850
221997664
221954468
221911262
221868052
221824842
221781629
221738406
221695171
221651934
221608695
221565455
221522214
221478972
221435729
221392485
221349238
221305990
221262740
221219478
221176215
221132949
221089679
221046406
221003131
220959851
220916556
220873261
220829962
220786661
220743358
220700053
220656741
220613424
220570104
220526769
220483419
220440068
220396716
220353358
220309997
220266632
220223262
220179880
220136497
220093110
220049715
220006315
219962910
219919503
219876094
219832684
219789270
219745854
219702438
219659022
219615604
219572185
219528762
219485337
219441903
219398466
219355028
219311574
219268116
219224656
219181193
219137726
219094258
219050790
219007317
218963843
218920362
218876878
218833389
218789899
218746408
218702911
218659414
218615913
218572408
218528902
218485387
218441872
218398352
218354832
218311299
218267766
218224214
218180659
218137096
218093532
218049962
218006391
217962815
217919235
217875642
217832040
217788435
217744828
217701218
217657604
217613987
217570369
217526748
217483123
217439496
217395867
217352236
217308601
217264963
217221314
217177658
217133994
217090321
217046644
217002964
216959281
216915596
216871911
216828220
216784529
216740837
216697145
216653451
216609755
216566059
216522363
216478664
216434963
216391259
216347549
216303834
216260118
216216400
216172682
216128963
216085242
216041513
215997772
215954014
215910249
215866482
215822710
215778936
215735156
215691375
215647588
215603795
215559998
215516198
215472398
215428594
215384789
215340984
215297173
215253359
215209540
215165719
215121898
215078075
215034252
214990424
214946592
214902758
214858915
214815068
214771220
214727369
214683518
214639661
214595802
214551942
214508076
214464209
214420336
214376453
214332569
214288682
214244785
214200888
214156987
214113085
214069181
214025275
213981365
213937453
213893537
213849613
213805687
213761760
213717824
213673888
213629945
213585995
213542034
213498071
213454102
213410130
213366158
213322180
213278201
213234220
213190238
213146254
213102269
213058277
213014284
212970287
212926281
212882272
212838261
212794245
212750219
212706192
212662163
212618134
212574100
212530065
212486029
212441991
212397950
212353909
212309868
212265826
212221783
212177736
212133688
212089637
212045580
212001522
211957461
211913400
211869338
211825276
211781212
211737147
211693074
211648999
211604916
211560829
211516736
211472639
211428542
211384434
211340325
211296214
211252096
211207977
211163857
211119730
211075596
211031452
210987305
210943151
210898996
210854840
210810679
210766509
210722336
210678160
210633983
210589801
210545618
210501428
210457237
210413045
210368850
210324645
210280435
210236222
210192008
210147781
210103540
210059296
210015047
209970793
209926537
209882278
209838012
209793744
209749473
209705201
209660923
209616643
209572360
209528072
209483780
209439488
209395195
209350900
209306603
209262302
209217991
209173679
209129359
209085035
209040711
208996383
208952054
208907716
208863375
208819025
208774672
208730318
208685963
208641602
208597228
208552847
208508462
208464076
208419688
208375295
208330901
208286504
208242100
208197694
208153287
208108870
208064450
208020029
207975607
207931184
207886758
207842319
207797875
207753430
207708969
207664494
207620017
207575538
207531053
207486565
207442072
207397578
207353083
207308584
207264082
207219574
207175062
207130549
207086035
207041520
206996997
206952472
206907940
206863407
206818872
206774336
206729797
206685256
206640710
206596149
206551577
206507003
206462424
206417839
206373253
206328664
206284066
206239460
206194852
206150243
206105627
206061009
206016384
205971756
205927128
205882499
205837868
205793235
205748591
205703946
205659297
205614646
205569995
205525341
205480684
205436022
205391355
205346679
205302002
205257324
205212639
205167950
205123260
205078566
205033868
204989166
204944461
204899755
204855037
204810317
204765592
204720858
204676122
204631383
204586640
204541889
204497138
204452385
204407626
204362862
204318098
204273332
204228564
204183783
204138988
204094191
204049386
204004576
203959762
203914934
203870101
203825263
203780422
203735580
203690719
203645857
203600993
203556129
203511262
203466391
203421516
203376640
203331763
203286884
203242004
203197120
203152233
203107346
203062455
203017558
202972660
202927760
202882860
202837956
202793050
202748136
202703222
202658303
202613380
202568452
202523523
202478594
202433663
202388731
202343794
202298856
202253914
202208971
202164024
202119070
202074116
202029148
201984177
201939205
201894228
201849248
201804263
201759276
201714287
201669290
201624286
201579279
201534270
201489255
201444236
201399210
201354180
201309144
201264105
201219065
201174021
201128968
201083915
201038857
200993798
200948739
200903675
200858611
200813546
200768474
200723399
200678324
200633246
200588168
200543088
200497997
200452901
200407805
200362707
200317605
200272492
200227377
200182261
200137142
200092022
200046901
200001777
199956647
199911516
199866384
199821249
199776113
199730974
199685828
199640676
199595517
199550353
199505189
199460024
199414849
199369671
199324492
199279301
199234108
199188914
199143707
199098497
199053286
199008070
198962852
198917632
198872403
198827170
198781936
198736700
198691457
198646214
198600970
198555723
198510470
198465212
198419945
198374671
198329395
198284112
198238821
198193526
198148217
198102907
198057597
198012286
197966959
197921627
197876291
197830954
197785615
197740271
197694927
197649582
197604235
197558885
197513530
197468171
197422810
197377439
197332065
197286687
197241308
197195927
197150543
197105156
197059767
197014378
196968983
196923586
196878188
196832782
196787374
196741956
196696534
196651110
196605681
196560250
196514816
196469381
196423945
196378507
196333067
196287618
196242169
196196714
196151256
196105798
196060333
196014867
195969401
195923934
195878463
195832990
195787514
195742033
195696551
195651061
195605569
195560063
195514553
195469040
195423526
195378010
195332493
195286974
195241455
195195929
195150402
195104871
195059338
195013804
194968270
194922733
194877184
194831629
194786065
194740498
194694923
194649346
194603768
194558186
194512603
194467014
194421416
194375813
194330199
194284583
194238966
194193344
194147720
194102095
194056470
194010845
193965218
193919588
193873958
193828328
193782697
193737059
193691420
193645778
193600130
193554481
193508822
193463159
193417494
193371813
193326119
193280424
193234727
193189027
193143310
193097590
193051868
193006146
192960423
192914692
192868957
192823220
192777483
192731742
192685998
192640253
192594507
192548758
192503008
192457252
192411495
192365736
192319975
192274205
192228430
192182653
192136874
192091095
192045314
191999533
191953746
191907956
191862165
191816372
191770577
191724775
191678967
191633159
191587349
191541538
191495717
191449893
191404066
191358237
191312407
191266572
191220730
191174888
191129046
191083193
191037333
190991472
190945610
190899744
190853875
190808005
190762135
190716264
190670384
190624500
190578615
190532723
190486828
190440930
190395029
190349128
190303219
190257310
190211398
190165484
190119569
190073652
190027726
189981792
189935850
189889908
189843953
189797998
189752041
189706072
189660102
189614130
189568156
189522181
189476206
189430230
189384241
189338251
189292257
189246254
189200240
189154222
189108203
189062184
189016160
188970108
188924053
188877982
188831910
188785835
188739760
188693683
188647604
188601523
188555440
188509357
188463274
188417184
188371089
188324990
188278890
188232785
188186672
188140557
188094441
188048323
188002199
187956071
187909940
187863806
187817662
187771512
187725362
187679205
187633048
187586881
187540712
187494542
187448370
187402190
187356000
187309808
187263614
187217415
187171215
187125013
187078798
187032583
186986364
186940145
186893915
186847683
186801451
186755216
186708980
186662744
186616507
186570251
186523981
186477708
186431430
186385152
186338870
186292585
186246287
186199989
186153688
186107385
186061082
186014774
185968466
185922157
185875843
185829526
185783203
185736879
185690553
185644226
185597896
185551565
185505234
185458901
185412561
185366221
185319881
185273531
185227179
185180822
185134456
185088078
185041699
184995320
184948939
184902551
184856152
184809752
184763340
184716926
184670502
184624076
184577647
184531218
184484784
184438348
184391907
184345456
184299002
184252547
184206088
184159628
184113157
184066684
184020209
183973731
183927251
183880764
183834276
183787782
183741287
183694785
183648283
183601779
183555272
183508763
183462245
183415722
183369194
183322665
183276135
183229604
183183068
183136531
183089989
183043440
182996885
182950313
182903741
182857167
182810591
182764015
182717437
182670858
182624277
182577694
182531105
182484514
182437916
182391317
182344713
182298104
182251488
182204872
182158251
182111627
182064996
182018364
181971730
181925095
181878457
181831813
181785168
181738506
181691836
181645164
181598475
181551784
181505092
181458381
181411659
181364937
181318210
181271482
181224752
181178022
181131284
181084545
181037801
180991047
180944287
180897522
180850755
180803983
180757209
180710435
180663653
180616866
180570074
180523273
180476470
180429667
180382860
180336047
180289229
180242409
180195584
180148753
180101917
180055075
180008228
179961381
179914531
179867680
179820827
179773974
179727120
179680265
179633406
179586545
179539683
179492821
179445958
179399094
179352230
179305365
179258497
179211628
179164758
179117882
179071006
179024129
178977244
178930357
178883466
178836575
178789681
178742783
178695883
178648979
178602075
178555170
178508255
178461338
178414419
178367490
178320560
178273623
178226683
178179740
178132789
178085835
178038868
177991895
177944922
177897949
177850972
177803991
177757007
177710022
177663035
177616047
177569056
177522065
177475060
177428053
177381044
177334025
177287003
177239979
177192954
177145926
177098889
177051843
177004795
176957736
176910672
176863606
176816539
176769462
176722382
176675296
176628206
176581113
176534017
176486919
176439817
176392714
176345599
176298468
176251330
176204187
176157042
176109888
176062729
176015570
175968409
175921241
175874072
175826901
175779730
175732558
175685376
175638185
175590994
175543796
175496594
175449382
175402167
175354944
175307715
175260485
175213247
175166000
175118748
175071487
175024225
174976960
174929686
174882410
174835126
174787841
174740556
174693261
174645963
174598663
174551355
174504045
174456735
174409424
174362112
174314796
174267474
174220150
174172825
174125488
174078141
174030793
173983441
173936087
173888721
173841352
173793982
173746610
173699236
173651860
173604480
173557099
173509713
173462324
173414934
173367544
173320153
173272761
173225363
173177960
173130537
173083111
173035681
172988251
172940810
172893351
172845889
172798421
172750953
172703482
172656010
172608534
172561055
172513562
172466061
172418560
172371047
172323527
172276003
172228479
172180955
172133423
172085888
172038350
171990811
171943266
171895721
171848167
171800609
171753048
171705487
171657925
171610356
171562786
171515215
171467643
171420065
171372487
171324909
171277322
171229734
171182143
171134549
171086954
171039353
170991750
170944144
170896537
170848929
170801316
170753701
170706082
170658459
170610832
170563204
170515575
170467942
170420306
170372659
170325006
170277352
170229697
170182041
170134381
170086721
170039060
169991397
169943727
169896053
169848378
169800697
169753014
169705331
169657647
169609959
169562268
169514573
169466874
169419173
169371456
169323738
169276019
169228300
169180577
169132852
169085123
169037392
168989658
168941922
168894184
168846438
168798691
168750942
168703184
168655411
168607637
168559862
168512085
168464303
168416519
168368733
168320946
168273155
168225360
168177559
168129748
168081929
168034109
167986273
167938429
167890581
167842716
167794849
167746974
167699099
167651220
167603341
167555461
167507578
167459689
167411800
167363900
167315998
167268088
167220170
167172251
167124330
167076396
167028458
166980517
166932572
166884619
166836664
166788707
166740750
166692790
166644830
166596868
166548902
166500931
166452950
166404966
166356981
166308993
166261004
166212989
166164974
166116952
166068927
166020899
165972869
165924836
165876801
165828766
165780727
165732687
165684647
165636606
165588556
165540504
165492452
165444398
165396335
165348270
165300199
165252124
165204045
165155956
165107865
165059772
165011674
164963574
164915468
164867353
164819237
164771120
164723001
164674880
164626757
164578632
164530505
164482376
164434246
164386112
164337974
164289836
164241693
164193543
164145393
164097229
164049064
164000883
163952702
163904517
163856324
163808127
163759929
163711723
163663512
163615300
163567087
163518870
163470651
163422431
163374210
163325980
163277749
163229517
163181284
163133050
163084811
163036571
162988329
162940082
162891833
162843572
162795310
162747044
162698776
162650507
162602235
162553963
162505687
162457406
162409122
162360834
162312545
162264252
162215956
162167660
162119362
162071064
162022765
161974459
161926149
161877825
161829500
161781172
161732841
161684505
161636160
161587814
161539467
161491114
161442754
161394394
161346028
161297660
161249291
161200922
161152553
161104182
161055800
161007415
160959029
160910635
160862225
160813807
160765387
160716966
160668545
160620123
160571698
160523271
160474842
160426401
160377951
160329496
160281040
160232566
160184091
160135616
160087131
160038642
159990152
159941659
159893162
159844664
159796153
159747640
159699124
159650608
159602085
159553559
159505026
159456488
159407946
159359402
159310854
159262295
159213733
159165163
159116582
159067997
159019398
158970797
158922194
158873589
158824978
158776367
158727754
158679136
158630516
158581895
158533273
158484650
158436022
158387385
158338739
158290091
158241437
158192782
158144127
158095463
158046794
157998125
157949449
157900769
157852084
157803388
157754688
157705985
157657274
157608559
157559843
157511126
157462406
157413685
157364962
157316237
157267512
157218785
157170055
157121324
157072593
157023859
156975123
156926387
156877648
156828906
156780161
156731413
156682662
156633905
156585147
156536380
156487613
156438844
156390070
156341296
156292514
156243729
156194944
156146157
156097361
156048561
155999760
155950954
155902137
155853319
155804497
155755674
155706848
155658021
155609185
155560343
155511498
155462652
155413800
155364947
155316083
155267213
155218341
155169469
155120589
155071700
155022809
154973916
154925021
154876124
154827227
154778329
154729428
154680523
154631616
154582707
154533797
154484882
154435956
154387028
154338099
154289169
154240239
154191299
154142358
154093414
154044468
153995519
153946567
153897614
153848659
153799703
153750747
153701790
153652833
153603871
153554886
153505898
153456904
153407905
153358901
153309891
153260872
153211852
153162830
153113803
153064768
153015731
152966694
152917654
152868612
152819568
152770522
152721475
152672424
152623369
152574310
152525248
152476186
152427122
152378045
152328959
152279869
152230778
152181676
152132561
152083441
152034320
151985199
151936074
151886938
151837796
151788654
151739510
151690360
151641210
151592058
151542897
151493734
151444571
151395404
151346236
151297064
151247887
151198709
151149530
151100349
151051166
151001980
150952782
150903578
150854374
150805168
150755953
150706730
150657505
150608274
150559040
150509804
150460552
150411299
150362045
150312788
150263529
150214254
150164966
150115678
150066384
150017090
149967792
149918490
149869187
149819882
149770576
149721270
149671959
149622648
149573336
149524020
149474704
149425382
149376052
149326718
149277384
149228049
149178711
149129366
149080019
149030671
148981317
148931961
148882602
148833238
148783872
148734501
148685123
148635737
148586344
148536951
148487556
148438159
148388757
148339352
148289945
148240537
148191129
148141714
148092298
148042880
147993459
147944035
147894611
147845182
147795750
147746316
147696879
147647442
147598004
147548559
147499114
147449666
147400213
147350760
147301305
147251849
147202389
147152928
147103465
147054000
147004533
146955061
146905580
146856098
146806602
146757105
146707605
146658089
146608571
146559052
146509530
146460006
146410479
146360951
146311421
146261882
146212343
146162802
146113254
146063706
146014154
145964601
145915047
145865492
145815935
145766376
145716817
145667256
145617691
145568124
145518557
145468981
145419401
145369819
145320233
145270644
145221052
145171455
145121851
145072245
145022637
144973022
144923406
144873777
144824141
144774496
144724838
144675175
144625509
144575840
144526171
144476501
144426825
144377148
144327468
144277787
144228104
144178419
144128733
144079047
144029360
143979672
143929976
143880278
143830576
143780862
143731141
143681418
143631691
143581962
143532232
143482501
143432768
143383029
143333289
143283547
143233802
143184055
143134307
143084558
143034803
142985040
142935272
142885499
142835723
142785940
142736155
142686366
142636572
142586777
142536972
142487163
142437352
142387526
142337699
142287871
142238042
142188211
142138380
142088534
142038685
141988823
141938958
141889084
141839208
141789330
141739448
141689559
141639670
141589780
141539882
141489982
141440076
141390170
141340257
141290344
141240429
141190514
141140596
141090678
141040760
140990838
140940912
140890985
140841053
140791113
140741158
140691203
140641246
140591289
140541327
140491359
140441389
140391416
140341440
140291464
140241485
140191500
140141514
140091526
140041537
139991543
139941548
139891548
139841543
139791534
139741515
139691489
139641459
139591429
139541394
139491356
139441312
139391253
139341193
139291130
139241064
139190996
139140925
139090852
139040775
138990694
138940612
138890524
138840434
138790337
138740238
138690135
138640031
138589925
138539816
138489706
138439593
138389480
138339337
138289193
138239038
138188878
138138717
138088556
138038392
137988228
137938061
137887890
137837717
137787542
137737367
137687189
137637010
137586830
137536649
137486468
137436283
137386092
137335893
137285693
137235489
137185277
137135062
137084846
137034629
136984409
136934187
136883962
136833735
136783507
136733274
136683039
136632803
136582566
136532329
136482086
136431837
136381584
136331325
136281066
136230806
136180545
136130282
136080014
136029745
135979475
135929199
135878922
135828643
135778352
135728057
135677755
135627450
135577145
135526839
135476520
135426200
135375873
135325546
135275209
135224864
135174517
135124169
135073812
135023455
134973097
134922729
134872361
134821992
134771622
134721248
134670873
134620492
134570110
134519728
134469326
134418923
134368519
134318113
134267704
134217293
134166878
134116462
134066045
134015626
133965199
133914767
133864334
133813895
133763451
133713002
133662540
133612075
133561607
133511135
133460656
133410177
133359698
133309214
133258729
133208238
133157745
133107250
133056742
133006230
132955703
132905155
132854596
132804034
132753471
132702905
132652338
132601767
132551194
132500620
132450045
132399469
132348893
132298316
132247737
132197148
132146554
132095959
132045357
131994755
131944145
131893531
131842917
131792302
131741684
131691064
131640441
131589815
131539183
131488544
131437896
131387243
131336569
131285890
131235209
131184521
131133828
131083129
131032428
130981714
130930999
130880280
130829554
130778827
130728100
130677372
130626639
130575901
130525159
130474416
130423672
130372927
130322176
130271424
130220665
130169903
130119130
130068357
130017582
129966807
129916031
129865254
129814476
129763697
129712910
129662121
129611330
129560533
129509734
129458932
129408128
129357322
129306510
129255691
129204872
129154042
129103204
129052366
129001527
128950686
128899844
128849002
128798157
128747309
128696460
128645608
128594755
128543900
128493045
128442188
128391329
128340467
128289597
128238726
128187852
128136977
128086100
128035218
127984334
127933449
127882551
127831650
127780743
127729821
127678891
127627959
127577027
127526094
127475161
127424228
127373294
127322359
127271422
127220484
127169544
127118587
127067619
127016649
126965670
126914690
126863705
126812718
126761730
126710729
126659716
126608703
126557685
126506659
126455621
126404582
126353542
126302500
126251455
126200395
126149335
126098274
126047211
125996143
125945074
125893994
125842913
125791825
125740735
125689637
125638534
125587429
125536323
125485217
125434107
125382989
125331860
125280725
125229588
125178451
125127313
125076168
125025022
124973869
124922716
124871549
124820382
124769204
124718025
124666845
124615661
124564475
124513287
124462092
124410894
124359694
124308490
124257285
124206069
124154852
124103625
124052395
124001158
123949915
123898665
123847409
123796151
123744886
123693615
123642340
123591063
123539784
123488501
123437206
123385908
123334600
123283281
123231956
123180629
123129301
123077966
123026624
122975281
122923934
122872580
122821220
122769860
122718499
122667138
122615771
122564402
122513031
122461659
122410285
122358911
122307534
122256152
122204768
122153384
122102000
122050607
121999214
121947821
121896423
121845025
121793624
121742214
121690803
121639392
121587981
121536570
121485148
121433725
121382295
121330861
121279425
121227987
121176545
121125100
121073655
121022209
120970762
120919304
120867838
120816364
120764887
120713393
120661897
120610401
120558902
120507401
120455895
120404388
120352881
120301373
120249863
120198348
120146822
120095282
120043742
119992200
119940649
119889093
119837523
119785948
119734373
119682797
119631220
119579643
119528065
119476485
119424897
119373307
119321710
119270112
119218505
119166881
119115256
119063627
119011989
118960350
118908707
118857063
118805418
118753769
118702118
118650464
118598796
118547120
118495440
118443749
118392055
118340360
118288656
118236948
118185238
118133524
118081797
118030067
117978328
117926585
117874832
117823079
117771326
117719565
117667799
117616031
117564255
117512475
117460694
117408905
117357113
117305318
117253512
117201702
117149891
117098073
117046251
116994424
116942596
116890767
116838938
116787106
116735270
116683428
116631585
116579742
116527883
116476022
116424160
116372288
116320413
116268537
116216659
116164778
116112886
116060994
116009096
115957197
115905298
115853385
115801468
115749548
115697626
115645692
115593754
115541812
115489869
115437922
115385973
115334024
115282073
115230121
115178162
115126199
115074230
115022251
114970264
114918275
114866283
114814277
114762270
114710260
114658250
114606233
114554212
114502191
114450164
114398123
114346079
114294025
114241969
114189898
114137827
114085753
114033679
113981604
113929524
113877442
113825356
113773269
113721181
113669093
113617000
113564902
113512803
113460704
113408603
113356500
113304394
113252286
113200176
113148066
113095954
113043842
112991724
112939598
112887459
112835310
112783158
112731001
112678839
112626677
112574509
112522340
112470171
112417997
112365822
112313643
112261460
112209262
112157062
112104858
112052647
112000436
111948222
111896004
111843780
111791550
111739312
111687074
111634835
111582595
111530352
111478105
111425844
111373578
111321306
111269032
111216757
111164478
111112198
111059918
111007634
110955348
110903060
110850768
110798476
110746183
110693890
110641596
110589296
110536994
110484690
110432382
110380072
110327758
110275438
110223115
110170790
110118460
110066129
110013794
109961455
109909115
109856774
109804433
109752088
109699737
109647383
109595023
109542660
109490286
109437911
109385534
109333155
109280773
109228389
109176004
109123614
109071215
109018815
108966413
108914007
108861589
108809158
108756725
108704289
108651852
108599409
108546959
108494502
108442043
108389583
108337123
108284659
108232195
108179726
108127253
108074779
108022299
107969818
107917336
107864852
107812364
107759875
107707385
107654893
107602399
107549902
107497400
107444898
107392392
107339886
107287370
107234854
107182335
107129814
107077292
107024766
106972240
106919710
106867179
106814644
106762097
106709546
106656994
106604441
106551884
106499326
106446766
106394206
106341641
106289076
106236510
106183932
106131339
106078746
106026151
105973554
105920956
105868356
105815756
105763154
105710550
105657940
105605326
105552711
105500092
105447472
105394846
105342217
105289586
105236954
105184322
105131683
105079043
105026400
104973755
104921107
104868454
104815793
104763128
104710459
104657787
104605112
104552437
104499757
104447075
104394393
104341708
104289013
104236296
104183578
104130856
104078134
104025405
103972675
103919943
103867207
103814470
103761728
103708985
103656241
103603496
103550750
103497999
103445247
103392494
103339738
103286981
103234219
103181451
103128681
103075906
103023130
102970353
102917570
102864785
102811996
102759207
102706413
102653612
102600806
102547998
102495185
102442369
102389551
102336725
102283897
102231066
102178232
102125391
102072544
102019696
101966848
101913991
101861134
101808277
101755415
101702553
101649690
101596818
101543943
101491067
101438186
101385303
101332418
101279529
101226627
101173718
101120805
101067887
101014967
100962038
100909105
100856172
100803239
100750297
100697355
100644399
100591436
100538468
100485499
100432527
100379555
100326581
100273606
100220626
100167643
100114653
100061652
100008649
99955645
99902640
99849635
99796623
99743611
99690582
99637547
99584511
99531473
99478434
99425383
99372327
99319263
99266193
99213123
99160045
99106964
99053881
99000798
98947713
98894626
98841537
98788447
98735352
98682256
98629156
98576053
98522945
98469824
98416699
98363557
98310413
98257262
98204108
98150953
98097795
98044635
97991475
97938307
97885135
97831954
97778773
97725590
97672403
97619214
97566015
97512816
97459612
97406402
97353183
97299962
97246736
97193496
97140256
97087011
97033756
96980500
96927240
96873978
96820712
96767437
96714156
96660868
96607569
96554266
96500956
96447645
96394327
96341006
96287678
96234348
96181017
96127685
96074351
96021017
95967681
95914343
95860991
95807635
95754277
95700915
95647550
95594165
95540779
95487391
95434000
95380600
95327200
95273799
95220397
95166992
95113586
95060176
95006754
94953330
94899905
94846475
94793043
94739609
94686166
94632703
94579234
94525764
94472289
94418805
94365318
94311826
94258333
94204837
94151337
94097836
94044328
93990817
93937305
93883793
93830280
93776765
93723249
93669727
93616202
93562673
93509140
93455607
93402066
93348522
93294975
93241425
93187871
93134311
93080750
93027180
92973609
92920037
92866462
92812861
92759259
92705655
92652045
92598429
92544812
92491187
92437561
92383933
92330302
92276665
92223024
92169372
92115714
92062055
92008395
91954732
91901067
91847398
91793726
91740048
91686369
91632689
91579008
91525326
91471624
91417919
91364202
91310482
91256754
91203021
91149286
91095551
91041800
90988045
90934289
90880530
90826769
90773001
90719229
90665455
90611680
90557904
90504125
90450345
90396561
90342774
90288983
90235191
90181398
90127603
90073805
90020005
89966205
89912401
89858587
89804772
89750957
89697140
89643323
89589499
89535675
89481850
89428014
89374174
89320332
89266485
89212633
89158779
89104906
89051032
88997153
88943274
88889390
88835505
88781617
88727713
88673807
88619895
88565978
88512059
88458120
88404178
88350231
88296283
88242329
88188372
88134414
88080455
88026488
87972517
87918545
87864571
87810595
87756614
87702630
87648643
87594654
87540664
87486673
87432680
87378680
87324677
87270672
87216666
87162656
87108645
87054632
87000609
86946584
86892557
86838527
86784496
86730460
86676424
86622387
86568347
86514306
86460262
86406205
86352147
86298084
86244018
86189942
86135862
86081780
86027688
85973592
85919494
85865388
85811278
85757165
85703050
85648932
85594809
85540678
85486539
85432399
85378258
85324117
85269975
85215828
85161681
85107533
85053373
84999212
84945047
84890878
84836707
84782534
84728357
84674167
84619968
84565768
84511566
84457364
84403156
84348947
84294733
84240512
84186289
84132064
84077836
84023607
83969377
83915142
83860907
83806671
83752435
83698198
83643944
83589689
83535426
83481153
83426874
83372593
83318311
83264026
83209739
83155451
83101163
83046868
82992564
82938259
82883950
82829630
82775309
82720988
82666659
82612326
82557990
82503651
82449307
82394961
82340614
82286262
82231910
82177551
82123185
82068817
82014442
81960065
81905685
81851304
81796921
81742537
81688148
81633758
81579363
81524967
81470565
81416161
81361751
81307332
81252911
81198489
81144061
81089631
81035187
80980736
80926284
80871832
80817377
80762919
80708456
80653974
80599488
80544998
80490508
80436018
80381523
80327025
80272522
80218016
80163506
80108995
80054469
79999936
79945396
79890854
79836302
79781748
79727189
79672623
79618053
79563482
79508904
79454325
79399741
79345153
79290553
79235946
79181330
79126705
79072078
79017451
78962820
78908188
78853551
78798912
78744269
78689621
78634972
78580318
78525661
78470995
78416324
78361651
78306974
78252295
78197591
78142886
78088181
78033468
77978755
77924033
77869307
77814581
77759853
77705121
77650384
77595642
77540900
77486157
77431407
77376647
77321886
77267120
77212343
77157565
77102787
77048007
76993222
76938428
76883630
76828832
76774033
76719224
76664412
76609596
76554779
76499962
76445136
76390308
76335479
76280646
76225812
76170976
76116139
76061294
76006449
75951590
75896730
75841866
75787002
75732128
75677242
75622356
75567468
75512579
75457682
75402782
75347878
75292961
75238044
75183121
75128191
75073261
75018323
74963385
74908447
74853502
74798554
74743605
74688654
74633702
74578746
74523787
74468822
74413850
74358871
74303890
74248908
74193926
74138930
74083927
74028924
73973917
73918909
73863894
73808868
73753837
73698805
73643770
73588734
73533694
73478653
73423608
73368561
73313513
73258462
73203410
73148342
73093270
73038190
72983105
72928018
72872929
72817839
72762748
72707651
72652548
72597442
72542336
72487230
72432122
72376992
72321858
72266717
72211575
72156432
72101284
72046127
71990964
71935801
71880633
71825461
71770288
71715113
71659937
71604757
71549570
71494382
71439190
71383997
71328801
71273602
71218399
71163192
71107976
71052756
70997534
70942312
70887081
70831850
70776614
70721376
70666126
70610871
70555613
70500353
70445088
70389819
70334545
70279270
70223984
70168697
70113406
70058114
70002814
69947512
69892208
69836897
69781585
69726272
69670959
69615642
69560317
69504981
69449636
69394273
69338903
69283529
69228152
69172766
69117379
69061991
69006600
68951207
68895813
68840419
68785024
68729626
68674228
68618828
68563415
68508002
68452588
68397174
68341759
68286341
68230915
68175463
68119998
68064529
68009059
67953586
67898110
67842627
67787142
67731657
67676161
67620664
67565167
67509670
67454172
67398671
67343170
67287668
67232166
67176659
67121147
67065635
67010120
66954597
66899068
66843538
66788007
66732465
66676919
66621369
66565818
66510263
66454708
66399136
66343559
66287981
66232390
66176796
66121195
66065590
66009981
65954366
65898742
65843117
65787487
65731856
65676224
65620586
65564947
65509305
65453658
65398010
65342360
65286708
65231047
65175385
65119722
65064058
65008385
64952706
64897024
64841340
64785654
64729962
64674269
64618574
64562878
64507177
64451469
64395756
64340037
64284315
64228591
64172861
64117131
64061400
64005645
63949885
63894115
63838342
63782567
63726788
63671007
63615223
63559435
63503646
63447857
63392061
63336263
63280464
63224653
63168833
63113005
63057176
63001337
62945496
62889652
62833806
62777959
62722105
62666250
62610395
62554538
62498676
62442814
62386951
62331087
62275222
62219354
62163484
62107612
62051739
61995854
61939965
61884074
61828168
61772259
61716346
61660431
61604515
61548599
61492681
61436760
61380830
61324894
61268955
61213013
61157070
61101125
61045177
60989222
60933261
60877296
60821325
60765354
60709380
60653403
60597424
60541445
60485464
60429475
60373481
60317479
60261476
60205457
60149425
60093392
60037358
59981322
59925271
59869219
59813167
59757110
59701045
59644980
59588913
59532844
59476771
59420694
59364617
59308540
59252457
59196371
59140280
59084183
59028084
58971983
58915880
58859775
58803667
58747553
58691438
58635322
58579205
58523086
58466960
58410823
58354686
58298537
58242387
58186229
58130069
58073906
58017743
57961575
57905407
57849227
57793045
57736862
57680679
57624495
57568310
57512124
57455937
57399742
57343546
57287346
57231144
57174936
57118727
57062503
57006276
56950043
56893807
56837569
56781329
56725088
56668840
56612590
56556338
56500086
56443831
56387570
56331305
56275039
56218771
56162502
56106232
56049961
55993678
55937394
55881106
55824812
55768510
55712177
55655843
55599507
55543171
55486831
55430490
55374147
55317798
55261443
55205087
55148730
55092372
55036005
54979637
54923267
54866893
54810517
54754140
54697762
54641380
54584997
54528610
54472222
54415831
54359436
54303041
54246640
54190235
54133830
54077422
54021011
53964598
53908181
53851762
53795342
53738908
53682471
53626030
53569582
53513134
53456684
53400229
53343770
53287310
53230849
53174386
53117917
53061448
53004979
52948505
52892031
52835555
52779078
52722595
52666104
52609613
52553122
52496631
52440137
52383640
52327141
52270640
52214122
52157603
52101084
52044564
51988043
51931517
51874989
51818459
51761926
51705389
51648851
51592313
51535769
51479224
51422678
51366124
51309566
51253007
51196446
51139884
51083322
51026739
50970152
50913558
50856963
50800367
50743770
50687172
50630559
50573931
50517300
50460668
50404033
50347396
50290757
50234114
50177470
50120824
50064174
50007522
49950870
49894213
49837555
49780896
49724237
49667573
49610902
49554230
49497557
49440878
49384198
49327509
49270819
49214127
49157434
49100737
49044037
48987335
48930621
48873899
48817176
48760448
48703712
48646973
48590232
48533479
48476718
48419957
48363194
48306422
48249649
48192874
48136097
48079320
48022541
47965761
47908980
47852197
47795408
47738614
47681819
47625021
47568222
47511421
47454617
47397808
47340998
47284185
47227368
47170551
47113723
47056888
47000052
46943216
46886380
46829541
46772699
46715855
46659009
46602163
46545315
46488466
46431614
46374759
46317903
46261046
46204186
46147324
46090454
46033584
45976713
45919837
45862959
45806080
45749198
45692307
45635414
45578515
45521611
45464701
45407789
45350868
45293944
45237016
45180088
45123160
45066231
45009300
44952368
44895432
44838496
44781552
44724601
44667648
44610690
44553730
44496766
44439796
44382808
44325820
44268831
44211825
44154819
44097810
44040800
43983781
43926754
43869725
43812690
43755654
43698617
43641573
43584529
43527483
43470432
43413374
43356315
43299246
43242177
43185102
43128024
43070942
43013857
42956765
42899666
42842563
42785459
42728350
42671239
42614122
42557004
42499882
42442758
42385627
42328493
42271359
42214221
42157074
42099927
42042779
41985630
41928480
41871330
41814179
41757025
41699869
41642712
41585550
41528372
41471188
41414002
41356813
41299619
41242422
41185224
41128024
41070820
41013614
40956396
40899171
40841946
40784712
40727478
40670244
40613007
40555767
40498526
40441276
40384024
40326772
40269508
40212239
40154970
40097698
40040423
39983147
39925858
39868568
39811277
39753983
39696689
39639386
39582081
39524773
39467459
39410143
39352825
39295504
39238182
39180858
39123534
39066209
39008884
38951553
38894207
38836860
38779508
38722152
38664787
38607422
38550055
38492678
38435299
38377912
38320519
38263126
38205732
38148326
38090919
38033505
37976089
37918669
37861246
37803821
37746394
37688965
37631528
37574084
37516639
37459185
37401725
37344258
37286786
37229305
37171820
37114328
37056834
36999339
36941841
36884339
36826836
36769331
36711825
36654319
36596809
36539298
36481785
36424272
36366756
36309239
36251720
36194200
36136673
36079135
36021595
35964054
35906512
35848964
35791414
35733861
35676307
35618752
35561188
35503616
35446041
35388458
35330874
35273289
35215697
35158105
35100509
35042911
34985310
34927700
34870082
34812455
34754823
34697187
34639549
34581909
34524260
34466604
34408947
34351289
34293630
34235970
34178304
34120634
34062957
34005279
33947594
33889907
33832214
33774517
33716814
33659111
33601405
33543692
33485977
33428261
33370543
33312822
33255096
33197363
33139623
33081883
33024134
32966379
32908621
32850855
32793082
32735305
32677526
32619745
32561957
32504169
32446377
32388583
32330789
32272985
32215180
32157370
32099556
32041733
31983907
31926080
31868252
31810421
31752573
31694723
31636870
31579015
31521159
31463293
31405426
31347557
31289673
31231785
31173879
31115968
31058051
31000130
30942209
30884277
30826341
30768403
30710465
30652525
30594578
30536624
30478664
30420700
30362732
30304756
30246778
30188796
30130811
30072824
30014836
29956848
29898859
29840866
29782868
29724870
29666867
29608864
29550861
29492852
29434837
29376815
29318790
29260749
29202707
29144665
29086621
29028555
28970489
28912414
28854338
28796261
28738182
28680102
28622016
28563930
28505825
28447719
28389608
28331487
28273363
28215236
28157097
28098945
28040790
27982618
27924444
27866263
27808077
27749885
27691691
27633492
27575291
27517086
27458877
27400661
27342435
27284201
27225965
27167727
27109486
27051235
26992982
26934728
26876472
26818211
26759948
26701684
26643419
26585153
26526881
26468593
26410302
26352010
26293716
26235421
26177121
26118819
26060507
26002194
25943871
25885534
25827194
25768851
25710505
25652158
25593810
25535457
25477103
25418747
25360391
25302025
25243658
25185289
25126913
25068536
25010158
24951776
24893391
24834999
24776604
24718207
24659808
24601404
24542996
24484582
24426167
24367751
24309333
24250914
24192495
24134072
24075644
24017213
23958779
23900345
23841906
23783462
23725009
23666551
23608085
23549602
23491119
23432627
23374135
23315643
23257149
23198649
23140148
23081642
23023135
22964628
22906120
22847608
22789095
22730577
22672054
22613529
22555003
22496473
22437941
22379407
22320870
22262331
22203791
22145247
22086703
22028156
21969608
21911045
21852480
21793912
21735340
21676767
21618192
21559612
21501025
21442435
21383838
21325238
21266636
21208030
21149419
21090802
21032178
20973551
20914922
20856292
20797660
20739026
20680384
20621740
20563089
20504435
20445779
20387120
20328446
20269772
20211093
20152411
20093728
20035042
19976353
19917661
19858966
19800268
19741570
19682863
19624155
19565443
19506728
19448012
19389289
19330565
19271837
19213106
19154374
19095633
19036891
18978144
18919384
18860621
18801857
18743089
18684321
18625544
18566763
18507980
18449192
18390398
18331603
18272802
18213999
18155193
18096386
18037568
17978748
17919925
17861098
17802268
17743431
17684588
17625745
17566899
17508052
17449204
17390354
17331503
17272650
17213785
17154918
17096050
17037182
16978311
16919432
16860553
16801667
16742773
16683873
16624972
16566070
16507168
16448266
16389355
16330440
16271519
16212589
16153643
16094694
16035738
15976780
15917822
15858852
15799877
15740901
15681919
15622930
15563940
15504944
15445944
15386938
15327929
15268918
15209907
15150889
15091866
15032837
14973805
14914770
14855726
14796680
14737632
14678584
14619533
14560480
14501425
14442367
14383309
14324245
14265179
14206095
14147006
14087913
14028820
13969724
13910626
13851527
13792426
13733323
13674217
13615104
13555989
13496871
13437751
13378628
13319504
13260374
13201241
13142107
13082973
13023838
12964702
12905565
12846428
12787289
12728142
12668993
12609838
12550674
12491505
12432334
12373157
12313977
12254790
12195602
12136405
12077207
12018000
11958785
11899569
11840352
11781118
11721881
11662642
11603402
11544150
11484889
11425626
11366351
11307073
11247795
11188506
11129211
11069913
11010615
10951316
10892006
10832694
10773376
10714058
10654739
10595419
10536090
10476755
10417415
10358066
10298714
10239361
10179998
10120632
10061262
10001886
9942508
9883129
9823750
9764364
9704976
9645587
9586195
9526802
9467408
9408013
9348613
9289210
9229801
9170377
9110952
9051524
8992080
8932635
8873189
8813739
8754286
8694832
8635377
8575920
8516462
8456995
8397519
8338042
8278561
8219070
8159577
8100080
8040581
7981077
7921573
7862065
7802557
7743048
7683535
7624021
7564502
7504981
7445453
7385921
7326380
7266836
7207292
7147747
7088201
7028648
6969094
6909537
6849979
6790414
6730847
6671267
6611686
6552103
6492517
6432931
6373344
6313756
6254167
6194578
6134985
6075389
6015788
5956187
5896579
5836966
5777350
5717732
5658107
5598480
5538849
5479217
5419581
5359945
5300304
5240662
5181018
5121373
5061728
5002082
4942433
4882784
4823130
4763472
4703813
4644144
4584472
4524797
4465121
4405437
4345752
4286067
4226372
4166671
4106969
4047257
3987542
3927816
3868087
3808354
3748615
3688872
3629129
3569384
3509639
3449887
3390130
3330361
3270590
3210819
3151045
3091271
3031492
2971713
2911928
2852142
2792355
2732568
2672777
2612973
2553166
2493354
2433526
2373694
2313861
2254025
2194184
2134343
2074501
2014658
1954812
1894953
1835093
1775230
1715359
1655471
1595574
1535676
1475775
1415869
1355958
1296046
1236131
1176215
1116296
1056372
996444
936513
876580
816645
756708
696769
636822
576871
516917
456961
396998
337034
277066
217092
157114
97135
37147
-22846
-82840
-142839
