482596055
151508010
115084769
531036032
80607824
90991747
37092617
70274318
285405655
185247659
269272862
674184613
598981197
223868820
672108538
130174891
5235303
126055943
13266896
148800778
210801242
90838787
93541998
148734105
181199956
668362001
244397564
138366049
370916175
320227680
308347939
474911198
141838669
249881799
107569925
129593121
82599628
455460759
576828669
430006568
201168987
48126702
55223152
6203335
214692890
98195810
97321659
80564430
510153883
335075017
11123270
49704222
142461067
49686810
595268639
627109566
244539999
22496680
187217958
451550685
150263199
219161856
201742314
45631337
60474025
438801368
129057910
218516211
501162758
245268691
192298711
99141506
565291788
649113511
99368738
15653276
574973282
529480359
8471248
264691165
398710477
224680147
12079270
559745681
53316429
208135384
58036268
12505668
97034127
495956553
337495948
147595503
165979681
367465253
396747363
257326237
401120616
218942582
70464711
303001194
97574399
115599897
73593548
439454488
187065557
200122909
466346583
190849777
16617857
270660554
174685330
121532205
292430832
150080764
51902098
493920817
167589010
75312556
161479420
172702731
15338668
174281348
184113883
652439626
254128728
419744455
479157533
135198863
332859773
113494934
25640225
72988350
131242581
104621817
82037631
87989849
170966635
40413706
37873361
560427096
114556543
242900437
62406808
139648273
507154
298489681
554734349
333171401
42002914
11448500
232451116
74807921
72431790
19681946
98366681
56634905
81157556
70153531
209970336
30449527
155036562
105126468
27871315
372490968
50684688
109957670
32325625
270021433
155001710
97953236
157676940
213525936
738083722
129555177
174248333
124948103
63087801
323410559
499959302
417350144
68644280
368843
24956511
34802223
489898238
312334460
50343084
642299019
714056572
65723343
186878814
28619372
17619541
121374414
363062701
559754976
47055804
337045177
325867957
242858826
487553522
771598610
281244767
273676110
341905597
740375691
72870875
37849181
5654481
678382600
702241796
265912462
220611325
120561149
634005899
375780799
11580770
559071304
298988309
7405251
530404066
537057165
122976686
33129923
154035548
448833277
330603813
87042003
162750479
181814777
93452305
287227974
458164081
451085741
9632856
97800584
330587624
596906974
382625389
2004529
407778019
13308367
4213357
723419732
211208275
278024393
384384369
165232997
196105025
350507020
567753762
341049611
727411612
336600446
31340539
355092249
17036302
527978790
3933743
410455606
102932875
30436650
264873072
525001638
39850557
820619642
743113678
355698703
116919985
1495373
149659060
331541533
355313563
631288491
390234086
722815448
308897856
398287264
254703138
249427350
513152988
190016999
102086848
351706750
559309088
213975076
98305237
16909281
213422070
35505362
31715112
783677573
106551817
29244489
633471498
298027218
457759978
86764876
240207734
131729660
507660793
485268587
293868357
472978083
6934919
56029465
330179963
196270887
634789925
610752137
701539455
395138187
331237690
82181339
116223324
216063674
555033998
138520636
53442947
26876387
255690371
467020130
280958837
829216671
204599520
183290633
61242030
670568955
994566
9859371
410802671
239003296
408600858
145808892
5071193
580732245
36744849
4297213
143744851
2043724
66297548
66567109
290371904
285920618
67009810
243110897
70916157
323741517
500037911
400050326
690176240
204585868
187557638
483587973
95057544
66029184
330010227
43773759
120994725
241129231
147903188
252370070
448015910
37009759
304429703
21154857
538663738
76167229
424632120
596415972
432846736
702079182
102345234
197916307
31968230
256266576
459808249
360781900
57039676
101285231
568263705
95719014
315430823
319623142
66233790
236680428
8629453
252572069
7605679
534698296
320171023
120562099
542307583
187771744
91364127
165562709
48783779
54726216
79548191
607210900
4759228
561228049
575972026
327879418
31295210
14172366
1722702
316105467
332174072
46161706
70612141
193684148
492321327
8879675
109189211
314858878
590272539
193739232
185012102
396990214
361706232
66209686
118235333
285649492
218234715
265815937
124845229
29487507
9374853
71508757
573882651
85408465
10140946
181133141
436351303
421125129
225358757
302941358
131797989
695728712
573831583
519117475
288253329
24901964
89607782
222977503
83464541
49096719
5580748
1119109
279179409
263045366
241001805
269387589
100790700
45251564
7310451
80403001
237644354
232530441
205494782
320876137
131099914
164406532
760065981
5079629
51624675
155197773
579865145
222842875
610513685
324327066
193767323
327597250
405366512
457653298
43808955
550899641
17376287
138874700
278979387
416790750
265579905
583044171
230517968
96360305
237206305
99495274
342681493
277288895
39642426
10174187
265203718
37726204
64951144
50437612
10216210
303808621
491774544
226511296
11237511
18873587
404495698
595571840
209509059
192806699
81773901
109304240
8371199
391057332
175646862
544403522
444061864
554552928
118525
133770231
179496204
231985505
297041114
130477960
14535012
77032949
290167702
334510758
35080173
7827615
112260998
160619818
321139082
32505453
65706581
63287213
244586745
51993714
34206171
412765590
157045077
695289764
10520187
57126943
159588304
403090711
51513846
110086269
241751748
684330256
358842062
375309336
50061525
199069940
415488661
256037401
77107433
377032246
7074741
195271586
174062343
33393849
499064006
4746831
398277041
38261142
93788530
82035095
163709506
187365872
156106193
327507779
604080116
153278039
471519049
231538621
280689781
21824654
643561075
1054635
521659482
77325680
164655754
54637222
99559404
305145064
320146463
18599454
378120168
694887928
346885154
381126454
39781641
204677921
255664633
426402237
353259064
207520922
43512525
233303764
3337718
200301994
65899710
89862031
311674350
159223532
467698349
46903209
87298142
599098383
132169750
101883921
293370236
94071449
122276832
565934334
376553126
87081069
230249079
282529785
130029027
581461128
65016142
124373427
59303569
13135827
233622811
80109167
356811393
617764714
650567
34937827
339994038
166331088
72727464
48421835
456915916
8138833
296155575
485963519
21809181
49351362
459499476
66157948
122684755
151481769
185163091
192186482
579353336
128007076
197858748
361251212
23266982
361879084
445226773
88202695
770726885
21287014
36221378
448610065
3998400
120400450
158318754
434944736
627239921
659058325
637634119
76355459
110635909
172829791
26459646
114050248
421374532
34729097
124353200
175592261
101557421
408051199
546736749
116603080
286244552
456497877
92487501
42092914
289654998
119473794
507373484
140754173
87015650
49978961
10447008
443593317
14941910
16747275
332520983
-1096685
272351414
206934611
59029383
257876565
446123912
46176948
290971468
93974621
93181738
408867642
47776477
68266779
780686492
10439535
527505287
157198665
259842474
50396402
81280014
258175291
123966921
4012024
345986833
777986984
225588
377081278
265022340
168089415
40075740
517043639
92325920
18931981
175201879
40644466
303856129
45586941
168595066
15096779
325958960
97172624
414481181
205847364
639365028
418590771
332881400
118865636
84774659
17898071
111406799
94469581
116050321
279538501
392305022
19186535
194031076
143035869
218945742
205053766
295003849
743134208
84243426
267066345
183129751
587239017
107959125
378878048
117791852
106807676
220800395
54175630
554774419
128102624
682973754
495621256
312272301
626012205
96875255
707923766
386988752
310158728
149963752
200020652
121802383
27549582
89210740
682842782
89462690
628916016
133542177
25615718
202028328
291265499
173200085
500954503
149442868
333325922
130578496
669673728
680015021
52547699
266642743
380667596
42654972
499315752
1113843
311708869
70575835
20478110
152078330
497899964
602061197
158540495
504576241
354360771
440203904
50056034
4417069
281663358
216420971
533470139
457056666
485069667
522047
268803249
40883730
772222439
83719074
424755006
146629669
560869825
196828140
445057435
218639078
502531187
398573968
515616672
84479481
13872939
228905237
185124100
603562861
2268401
327174536
602952368
489809176
337256616
8303711
6549678
146671514
865042
328882415
148035991
84255508
78012733
471234634
164626435
35385626
335268069
36884853
257183107
131835487
517421145
323933534
231730573
431482304
121213409
226503342
22148078
35095061
66516887
142410369
156312680
132024658
164352304
211658627
346223108
553070710
303037731
204044330
346923747
71924056
463182205
140658484
290500065
211830380
41397877
13511437
177871271
568627104
156863057
28830902
68008912
404525221
454247076
133114576
560439854
2845954
284028569
279602066
127748631
20449029
263365908
71770883
88852583
565554285
4296589
167758853
854047497
4580096
189690008
101252115
237751166
162515367
345700523
679588917
224796142
100289765
461801570
57818454
456766645
70142011
140198068
18403424
112786419
25303106
353201970
90042743
9445449
778387183
372001869
584239803
196326757
29836900
44066231
256284800
128689393
443703376
89751408
467463010
29727022
85639956
619214754
269288729
1476595
98581614
84137521
29028751
663110494
374490491
561975173
125878178
286394892
52636512
272483075
298397878
757262264
597347829
27893122
624173565
96580141
133099330
164023836
249366418
96103435
596906161
1736485
116867631
690765497
4341251
235719655
191542567
610995619
67568910
184212701
99461674
204906455
543725034
511039382
421091170
420210957
149906849
90998275
547995562
11378255
17727077
17828761
402594008
74434343
424804
647658703
136762486
616439848
279539762
277618501
353000383
491895800
366836546
503236702
6677753
47910855
575723330
113277927
119611467
415368260
130377490
33595129
78731406
77624023
60665049
323852914
173650094
8267714
49814706
410544578
242486230
518779907
76689312
105001942
79612296
89673990
5645096
659792825
316111517
431492020
523652703
252010020
46413151
560293670
125202722
156323649
480690136
20131961
474459860
101739311
305643084
403920863
144036762
306195200
579046090
392837516
63477115
21986715
54588167
130013473
392070346
452379771
528124431
115717752
73117288
443227794
549182153
20116971
364400239
178429980
177302529
37131437
585126366
330253794
492300836
39991762
445512835
28684026
79273001
513158464
649842074
226863454
27489444
73144587
435485220
170884982
148675378
236239867
628297895
178711891
594406311
13272965
202718313
871497499
296970089
674383551
53669687
299838782
414278233
290374318
84671891
254912360
233575957
133708085
202576
1702708
148664112
420261407
48729699
362565404
61392823
5475282
102414526
50948241
94533975
4585781
714256391
236770735
193384564
45531089
84922220
445010079
64512840
68117936
32772049
322106950
77609411
403658519
203805204
276259249
52671904
204812281
177614022
643176707
66192097
198939362
676248042
311776012
284191812
317496727
295645769
272264498
506429917
659481440
8017845
514453620
358697527
116414675
492014917
308130942
274282728
54488178
9206533
299342360
702860966
644152599
136443484
35172836
260270334
30772039
282116747
23103306
28561019
227851232
620244340
159573049
127157641
129308806
321559334
51305720
178558023
185184338
203477962
311509545
162793862
27510156
29545327
179911740
247427552
613762878
13691814
57165868
19696632
12269273
452565471
447030668
131131779
94549600
169238975
49771770
332594434
62607731
108814730
24775289
255404740
194263478
88421030
70805156
314125313
4973630
116322327
157717789
218943726
24305269
342523207
135430229
300942979
365642976
95407808
172461209
91695724
509242950
233866076
103136776
264232605
72901337
324861079
44267910
150688109
182320961
335614763
237686461
247704340
361223931
153182405
10567983
4188254
6938858
617982990
356540844
87835081
52707865
666026821
626076367
773740150
380322970
118595881
7733890
97729734
354924578
338535708
30376615
607903332
39420067
505840469
32856024
791322534
18700184
78496713
189604107
640457862
344245215
633010682
507719803
102542770
89977489
85984155
694707589
84000120
46700322
37783365
126023611
357256293
239721605
112603583
382466990
42776157
238488861
462071211
118691508
406225123
332530517
53135994
617013025
101072459
9500677
52979812
48203103
387794294
59011871
76435921
167275590
424378764
28721955
9855776
584070138
26552027
34811929
230648814
375909584
171410166
146933028
47827769
363936434
279437630
52832957
7277730
44015756
237239498
110765280
112217522
329953154
78075968
355796114
113338181
173922242
144158818
188834819
56952025
39919438
362142
37107126
75520786
6522672
48430930
45097764
54502463
246980448
136032810
42370157
326274823
332989413
78999181
16723179
251538087
590063199
432075512
290501533
14766711
410651892
403600462
137826379
83597931
156650596
395663273
3682615
213121301
437998631
263500151
146294646
32298195
110954908
378103890
63394697
308227392
7723622
766189536
217774172
64087462
450921046
407932638
249738235
109952963
275442703
59412309
478926092
87290117
692618652
34684576
401507998
291117956
215385809
136587419
34361379
65583397
243185162
223882261
11313991
294133231
38996483
96717909
237946454
204117643
488984150
65869470
35934644
84482274
593470565
488671085
58132698
96256016
96044225
66860342
303815953
445208121
143636234
138390341
15279881
358812187
8774323
24110141
275940776
216319722
30865271
270598220
21641970
143499045
64686129
191324300
131042527
36433446
374249323
25753447
291522141
459875960
555102421
262128983
523372515
576243027
294672342
1868082
8342223
35681896
11056074
394243853
252418994
229883517
167076529
95052279
80814629
210440946
49852843
339493289
708009700
559337087
30588371
31842406
162321067
229362329
504584584
630071170
90342143
75663705
79866975
111500429
125080595
528815071
189286466
377529866
42115698
165823335
102840372
565304669
107658747
160398218
550934123
262481881
12480963
395248824
81696334
501677556
258588085
294191083
189323982
187218121
180235890
522074083
47505620
169914919
41206673
692639542
585408722
59533884
134605169
351474314
468069214
344795082
653190483
57265195
11820377
599310087
46242070
570148851
150092853
512960144
470834159
358075740
353452685
5303848
642537465
226196674
91396016
123536506
105381995
149210476
798137497
250840274
190741621
248035910
582472522
130949011
392615664
84466780
166393029
174317643
212213852
1469301
193856402
54799012
106395489
555067117
33893500
270902115
45804060
12076878
33215497
166944810
29279071
11974412
450120499
415744856
1653339
43592200
146264964
375457881
574699004
284804840
693312081
720056145
23461530
7017591
196399943
82700927
219657978
56762036
38795666
821003584
214268209
69851700
57266092
409931115
506588920
534238874
187645452
717910149
42469401
291520219
383528514
99489530
557157434
359197789
425339812
66262496
244140237
43712392
145976484
166857640
288308085
112302020
143919848
20623596
171723114
85265290
21798749
588602566
448305120
444565713
324383171
274809728
179369974
110968426
81733394
526437303
165232673
361422533
508978644
389858831
260996622
436849993
507102020
271576348
80057324
146653834
344735914
59726281
68949960
71949539
169625670
427977508
61186132
421858387
104880104
109035864
405061351
250657670
529947996
157811613
206624773
419481658
57580512
50788081
23503384
462797914
415693248
110787879
135450604
493311250
68916617
299437708
81895478
129447549
701614325
472238808
118844207
650018868
442935704
558684
544002016
207351967
498226341
98128005
157630045
25542585
150490533
361096810
307692193
153790194
170584170
41420961
42936531
22710052
155104688
618458560
22298422
18214889
92857252
631019632
175517633
390433783
25129295
29620116
2038804
102627717
45503764
284353593
12040981
66621658
310323871
148026089
9160912
158679274
32478704
125947571
90411233
138488670
76204419
420765818
319239787
144505725
304400392
506758593
342168591
206265753
160199311
106255891
92768654
16515282
214964211
425343410
460162122
333804592
261026633
198624541
99191715
49529362
336739193
84922699
247735249
21809277
63658815
603359411
338309856
321407937
87344051
316891853
870891970
101318960
557155616
250976740
402077409
763952465
167055801
415789584
122311942
9705783
779125695
228482588
279106164
284863138
22034768
357450321
75658670
613549918
306124572
617233332
442702196
27496232
191219972
59616161
373274095
453308508
11726710
54275718
479010757
183548521
556188
419186650
50074876
104482642
273341774
170362918
355566811
131365725
56320729
582502174
112621056
316054769
379081897
140192767
189908391
346322635
647104091
313174147
365815810
289160190
3491485
26036033
315116421
288419373
278716762
3244818
88106046
436734904
314758419
260591658
128041257
559041417
574939923
196464979
646117336
191750790
240522840
23291162
27213798
4552708
39203105
52457681
183765579
229489411
278324989
613570386
451709728
46392021
25080634
172564542
237013432
568157908
19673718
111687410
578860407
327907618
278777996
831606085
203752371
144730176
31351885
426068162
290689539
17175277
393620864
65508025
307768748
57168602
264796245
-221943
14281960
427331429
14130116
228003364
68649523
52229146
37086500
582974532
693096057
321621302
288484950
710802572
5239274
660948433
14658839
47499074
712872348
101518060
70288159
425123845
150932752
104782552
408265972
10528475
34153269
71856401
616477856
86655767
668230262
83162474
351682766
38686293
482009282
443007803
579992700
379341999
150058718
165454714
133234531
154866270
25723194
125029996
378446619
88251639
738286469
70770341
407065621
152053428
102174894
327523865
587391509
484758546
364108977
85989293
309523333
265789548
105925195
20645271
195680192
283257579
544393580
283916352
43417675
199409181
38735973
70226332
397648887
78709091
133185571
96249475
465922796
503139939
342900956
293578682
208598133
374056648
180585367
46599768
226421043
41559186
27968896
113542014
278190957
10534586
321641521
79434489
473555360
366348020
491188574
436141453
102075148
39970107
474503856
865691964
154113559
280322385
211213726
46583224
6428217
710153515
28903669
13294967
79529182
177543741
56909692
537688491
365960112
282601022
273239083
175281371
344717072
270814176
43846105
400077102
484700816
697160124
354303950
98318248
10280408
85075369
14501308
294493116
491453497
37227600
40712210
121645966
428204325
135299711
539820035
30725291
325381357
2526802
88156411
31301446
368893652
506023694
234537152
57172536
664476634
129408289
393950688
22756655
78317916
183975175
357315900
703232980
291767402
279682767
779274387
213206611
29947312
33260261
318130302
215524146
357637413
33503428
633004707
167632882
40820275
112905475
227914596
16498879
28996979
83983875
64982582
553617360
45885890
576958989
162139330
356887253
141522517
102088569
28244262
367114565
51624168
301782379
93863682
562519611
384572020
29055198
330937062
9977084
245311713
299995844
674090137
773191205
424856120
187163164
40458853
330052214
405040980
223894566
443231896
379112680
22143045
306675482
418410942
338664966
286186992
113548486
105221452
43748230
157338440
791852337
103708505
43865320
146648057
102321113
152523815
673261191
2913202
20306399
149988595
6854592
73062789
186397112
168401102
716889870
161533096
8490384
329136637
85580682
93074408
23819396
54092420
601125169
625451709
64297066
234386955
371911035
77918632
164373871
503415885
109860739
24394322
218464847
374700813
636464897
169521319
162343735
525918615
2605933
365460577
116895475
131250812
38238940
255389162
373030882
589719914
191695810
187211600
45989569
429588623
428707723
289320257
261423988
186367948
303376539
486731851
181776145
65836260
658473199
100751425
111782438
209796386
114981744
60149508
85132223
74140600
157058034
162628923
113778524
6459658
110526219
93405977
18724513
4139568
17257581
225641344
183173415
534031250
328277861
165950406
-1041072
124689569
68308341
25150510
128639669
66103847
2863513
46617206
483632562
402935805
59941421
17646403
26304228
569910550
239957282
178353867
43377252
309302762
4747043
299140317
42983698
14891147
467056428
467926270
7148379
184602491
79666273
319328620
252656004
75465344
124147105
628882424
267557795
80554446
362102571
5144727
217818866
485273312
78844431
121305195
725338034
155159905
150494707
540391073
296795104
42966680
214140568
91581967
34360167
496681592
49254246
50893592
495914735
33542450
239435739
661478573
102749225
41426289
114605466
4294370
35243580
51941006
294883558
626475313
292732012
212024026
83021659
78346009
425652990
115836146
73759589
153932192
751700522
202247120
13228897
114443340
632333290
83532049
624190387
76387723
216450031
352189885
89001063
119926009
876445
29605987
288906821
250585884
51533564
402032783
33204851
51058375
83198765
189331112
56150470
226334434
213878595
9696632
127424766
347518726
168245934
7755141
285777287
79551277
132243367
137583001
62387540
188716335
226671463
81694910
644808850
56109782
186895268
455364706
108588790
201895782
33661558
174142944
110522441
127977629
642309264
166253808
101794282
188463390
27989746
314819078
77031099
99922300
62482982
286381847
55894506
404611995
276008309
194050547
391931908
653748544
359091788
309669966
521958717
566035965
446877452
377369659
466507345
366534711
73438998
145931252
706509230
80678740
196103533
623086513
164326830
56967660
119779867
18721564
16655952
338084739
113931894
348748043
30805442
189405622
611727037
556181493
230024929
440551497
285978317
356433832
256226340
89854092
259665191
125438912
266979970
267513807
60692753
141577394
680786194
162352800
157058244
141641331
129425765
88521909
408548905
280312236
425731481
7564476
58822775
572341379
575153421
112551150
10766423
233036865
353061507
172085992
8256023
46654804
13183285
268715658
328596438
170782781
407582142
6736075
110095639
125037166
610311135
227107253
262095231
153817701
301066432
3117386
110437521
749534276
313315514
224378306
126117663
111284157
747223489
94815971
41234064
227631638
220219723
573789815
98323984
161381219
1254259
36071915
374577281
466358116
309267049
99861634
289832567
217597311
82698274
49908701
377307750
111718317
136611765
280580920
71270371
206457357
167993437
87669166
192967734
161321684
620800884
27883832
223250083
515135450
462400609
193966498
163167602
531205158
15231677
151513042
86255745
486117344
489776855
258759454
360192726
23736673
2520146
457452866
95537141
82618548
191181984
38443608
276066301
511708504
219946536
194560630
6186351
15603819
517457829
821604864
7043568
124804950
309346842
65276133
11093209
328370368
149312271
510775191
375604272
15396449
1364652
607299783
112578286
30843810
48819430
174846489
74269933
36798894
177186639
236019190
366520763
78897770
81491246
200443667
5152813
359166284
50848822
682538666
628286587
272922004
6769032
657265548
513309504
17354027
296200130
12051340
82647033
131187098
136433783
372599046
103817517
105590725
292220586
33836700
46895689
271038399
527445251
116100109
165958218
688533546
272525066
283533187
25842491
316676199
457965309
117361400
72746184
93747402
137707034
613239250
182235488
54308561
37187198
568712203
243568433
426815919
225813535
492873781
174749716
8506523
74092619
39424237
513250133
688102941
38671504
19774497
429399302
200175419
112983351
111468839
289482343
64611208
661478
162377252
23793418
54132484
119854450
278705525
231540048
111000235
201993632
104618304
726048784
627409973
74699543
378268994
16490884
59249435
125602456
238384750
153045216
594171488
56480377
21246564
31516328
523088078
102775631
193201451
211799617
593537773
243336497
371364716
697790067
267560300
182816352
542441777
156292110
19296671
89460264
268833167
442022671
475947467
28943276
564793334
485830567
108499404
652205291
22678788
82151699
110361898
76480468
100661945
340978807
357973398
127801988
356737495
126747956
362559445
32357773
112692819
248450359
4117518
48999159
110470645
504729754
9138343
1013118
15258618
451858294
392966001
774496221
387345869
78252073
369935310
571144194
599754287
206632511
130447426
158396823
606962340
526222539
447355680
206303808
148346660
138893388
57533636
16157443
467846122
23155536
277041910
612828656
279531081
180569506
39892737
15364218
363522574
443388743
225573224
12280748
7725600
424559009
10788973
246578521
717337335
224797278
15577634
232290957
282929100
424842637
161700107
34200170
28129810
346868134
417558910
62090251
20453089
215753652
30116875
708839242
570291118
47144014
108974312
115025136
111522439
9038010
463851973
193960531
344422866
22251240
262402753
45425739
276014394
347892730
125498174
71897362
133047772
332691977
255369075
364196210
119187244
217094409
592775221
74411410
670634021
74854348
20000036
30555078
15961696
154546933
202942695
7421514
69475127
306644278
27403047
197943576
211413351
471598904
25770650
26282377
194626904
220680865
500246736
40153881
287659749
285060114
196719550
126185965
93208174
332198935
127820515
419958765
25850480
215807279
8414029
322878418
257374285
478989025
248188208
496515497
699868552
2765524
492139803
579965771
277387191
93545719
83765293
310001197
248501196
509343824
145125009
88332702
195966874
22853522
283719257
127026270
393124465
292366060
445792651
893747238
508531685
771198
2847220
267974442
164234965
245863855
243300610
108278089
253168115
153088579
274324848
12787220
413710556
725195024
54806629
143863851
120318492
625611114
531415202
91188341
283777925
81032032
634036155
38761026
143110372
72747480
480247
270797888
430408086
33613048
128311980
29334948
313768697
47848926
94125806
214634710
279906118
17566567
155736539
543406733
649072551
109538368
327283992
160002754
73314865
7541509
101850679
202318883
3645908
161221303
179424190
183310708
120140723
70347039
368446730
252852994
344026794
111438849
385990661
202191074
165585086
135574188
635484215
250084125
256707457
457312727
111891087
339098265
82147824
15232571
64946657
9236330
492971684
154743429
2393640
84723694
91982449
364996376
305443412
607690254
16819767
387258649
18228820
273809601
73074028
453456751
671623987
30737976
342034335
28935018
108534366
202750632
271556169
75471502
48264612
227673563
256988296
110963750
427344072
10422561
561963908
132976512
179299771
47037725
15102934
367141336
876289804
154462218
235976098
220793844
595460206
766058793
132272277
3581443
347697196
462474856
102193646
208843178
60430283
46077112
112435331
83115259
495091050
305639622
655410236
45032248
386147346
556922430
294834281
62321053
182839302
78939839
156977689
345002648
509843086
557401103
482392604
19935783
708259280
112501704
55893056
37349055
248261497
252312252
1720675
54607983
356804553
208518077
24498415
786259626
36206755
143148432
147116439
13413963
168843928
210691695
385124494
29762549
221493057
241800543
166246847
610215184
67990582
439591096
193548367
303007723
137745540
102292757
214260647
28555506
414757057
515038644
8967109
54295079
49638666
111855802
35828989
667208577
188756217
12138077
83955928
563299279
165313789
362258494
8697653
608991359
372114591
27477084
183326870
473204260
42298016
75911137
574602666
379001504
550734543
122480502
143841474
344719487
5421809
231032033
142782269
693957652
269384364
521898090
494606299
400948950
137441325
209544016
56820893
397756085
1373204
448919552
425552539
437606802
16166640
102695186
264251217
702219903
14374435
156923150
401056972
456393215
404463928
327226759
134987582
215538395
64980886
114128481
415867859
395557251
9826109
85611163
183395613
464015614
92017664
818488543
83427087
122667422
87698139
30996005
296133417
173121003
607081833
185702264
665114723
225629744
32975556
14814191
266840627
10571671
233603595
716762723
101012852
74405027
16333466
351351500
33459004
107643415
4470912
10976737
61680150
183363031
151517479
312465753
841638377
177612060
73780340
57749781
271697965
20645809
249967403
155861460
49738587
604454089
463710333
25174453
65136550
127502708
2883935
544698925
162249484
4823443
51955821
595155031
155718400
101446110
66932250
661809482
41223687
47871861
106315181
547513661
249083419
325891046
206270644
20574650
166454032
149839911
255047081
67398955
5988069
430951943
118171457
75881832
34459765
282512558
130820443
279060685
38048696
236614563
162615809
247553948
37722413
124921485
195863113
143538589
335050164
54308107
642229155
3055787
220369569
148064812
64031562
112357359
216617090
294280356
64351379
135697991
22972239
295120311
163125103
166017178
251727938
100913373
226684837
190191587
341185812
459712332
201599027
264645103
392045748
216850005
30666684
12552197
211119237
110555379
412813877
96130516
666568787
474320899
293698376
199121331
7449865
364974657
61153882
578844320
165169358
413952339
29582588
594435885
122175983
742999140
77651413
91040260
148618518
110033480
363143740
179497185
488304000
34556163
315271128
321320230
143459852
11319046
186733281
170772698
48568486
314101012
86903119
103016174
742268291
63942147
15948498
95153133
16262613
230380493
352252989
249097447
177446517
358963506
293343866
166528864
342733945
345355464
217026910
49222050
580793361
18454128
250089187
421027948
168334686
330295757
29130524
50344760
145784614
14983393
208531756
545139758
174306040
147180923
151010835
272090442
442926052
7898434
75389659
42922925
153490227
217154591
119806030
149892442
38808096
180968889
195470488
36684130
255995390
127246771
109092684
134999115
30933557
357974476
193958398
30794636
323177323
51097008
409828846
60326441
130408522
467377171
560409890
236591999
83641890
79556371
234983530
588923059
219753038
442551192
134938349
157490321
881384354
57420612
657324792
5093337
72387832
36020181
59958761
140127131
146458858
46903774
355441236
24190113
708080024
211235018
31058382
54294944
161546822
624839500
406287475
488345514
751856847
7803420
92317512
802453323
432765471
409900605
37028029
670689775
469010338
304307503
178848136
35128574
372339613
814873732
389357673
229991044
348553720
225405359
241314413
418545565
189161925
442773074
105216350
646818720
46413070
228874169
302530509
112616277
104707746
493337458
8681499
142345026
715863731
243398237
187301692
300836840
69573669
76207995
135442714
640591449
204195024
359742486
623153765
443004951
354086202
2751311
286223164
190475188
48049800
279306037
102277712
296689602
69173831
225547075
133360295
42492972
29864560
160608521
28591995
34138523
20031241
47060500
61072969
59017512
253452273
63251356
80088690
481071786
273482343
254815202
27686786
52451534
189039085
334590830
239141588
8727486
209046024
265299468
206494889
116559187
751263244
53035695
559466939
28521249
590674684
664601436
682501446
402021908
281631126
19474991
411407410
338620417
388196440
251856519
16747969
597934849
86189846
196314870
408030553
721047973
354516016
492635242
427523904
132564135
60352544
209721789
112589944
267601264
252644599
172586970
49798706
455440681
50651053
225559554
651604441
378954024
288819568
52875058
185580525
9071801
112463084
574702144
12650789
195907585
319445297
195476230
430627304
178675613
149631437
263441544
328862066
574204569
151122671
309006300
64300466
126214056
322326382
129908221
144897696
271113075
1191082
15927641
81442749
122839751
22983491
254329608
291674646
262212592
18802646
77662094
8009050
127194132
472575816
442306531
371354988
87742185
259696445
187948276
13575539
6393063
81685385
39642350
412762459
277130942
181571189
250885227
507248133
73390548
20065180
160889697
50458166
294916873
526640522
42831126
323890918
34183582
407206360
331415354
415481002
151430530
373374740
574006529
303766896
262252598
56631027
398289750
292642166
345827927
465521281
258494224
212203845
310539470
497858164
644246499
493593146
182620686
176614041
206402172
3398590
469214546
135847088
574153435
88113512
525879002
377421028
125502356
106590745
32536898
397043054
71903126
145741969
2918277
68537815
166640094
60498195
127353376
359578828
110264956
240935082
7471445
81842506
12000695
80896324
96860032
31272794
60973729
276318797
263583842
7506536
34936726
1927141
221794194
288186220
398470134
544890208
235488751
168498983
12151838
216745279
210314984
154913686
99734725
214083728
535904489
137670417
537176156
344658533
42493432
36408317
761493631
96376450
443017996
407333902
97425439
515224373
44314227
18637328
69265538
298786197
69537269
310362810
147879019
84906942
251978050
476549285
24490122
97930700
134871002
80065887
148164386
405013788
561546290
33100697
110853074
49980854
174300183
263464974
138790633
421801102
18393417
282689397
39482433
130871460
363521209
623444471
51137457
169689994
42957828
559074645
433732891
28610794
71956449
7056997
485138513
324570180
423110339
397195173
53094737
144879466
275343878
142943556
102599131
7552524
18094303
166932710
335790239
8003676
80187384
113375519
189053901
656397646
610019414
226939742
34009323
24406229
158694351
37045567
156928606
182708503
517678762
192969810
143623817
241341135
72333534
525932962
13573567
221832222
225259722
436870335
397108573
380560691
428113706
31705408
265336575
65132634
368176769
317395695
58023675
16069345
82159028
123080834
225826845
412717230
474516384
52385649
370957183
587347011
178232674
34737372
20595478
290376424
94113190
150512586
92433639
240157813
151176425
459096940
388461330
166657556
111727273
242147655
124555400
107499368
27183948
424898864
475379117
449268814
140274090
100295127
75749461
648348503
337293623
69609473
260250526
100626314
149648550
64867101
279549023
314341250
231329193
98219950
142631583
519285605
467748049
192310197
461102745
12552558
39930580
515463818
105381413
36002121
65310903
97514587
77058988
316093152
142757603
160475749
11700324
33574715
522048270
329547067
513512722
318871108
41246587
26576887
115941631
292917768
251155876
332615669
207791987
237058490
136320379
5219208
153747113
62244321
24267122
190153589
144252220
25281943
316052404
230692901
297401555
58558227
169023874
642907654
230096215
2399431
609640479
94766594
173955808
361749729
185959669
540080535
78517282
22662411
214979299
94832760
59048182
255752585
85169252
69814580
578377919
35964445
69786882
130148820
69416509
91873300
60808554
6095090
492185214
114827676
127793161
181575916
39874689
183083132
190343365
221106803
406953817
231056640
211433761
292097239
53789710
739926965
464732459
269135779
241457840
39064417
275621674
31426577
51706878
10595331
71080005
755087956
678774557
82679626
625593
836467073
72720608
228412957
383913831
285772026
207696528
316350474
241746852
378138590
360020325
588367050
128964646
339103620
229830008
217497828
388972175
180119040
208553239
65961548
27133834
298381447
298487560
49018904
53324006
395806241
794544069
99721443
67081691
197984908
188241407
26571129
220974812
615830739
118496160
265882695
5221961
73764797
726957823
136638215
497941953
41025454
67147020
450815593
403522934
231889317
8719423
576732315
29796372
94111814
23016155
624758530
525001566
297649161
133416132
115425969
418236874
486004518
600853963
239615363
810453225
277719815
395541468
1070614
2025131
478886133
657756170
115062892
139675284
67882131
366048957
168179747
149867949
344427152
402764349
262191407
400509847
233612899
266159133
167164037
119694432
61387708
107873028
143352166
136228859
167202913
145728666
717765155
214641020
17405256
276259660
332828014
49446024
279623689
83330950
586167614
644858922
98802023
123684107
126297589
105256154
683882919
258865415
569962
706337317
22782382
246874273
197145785
534348915
525727549
62197096
68292008
357394139
214422822
245216773
31642730
152054435
46707731
18953111
167384010
228005376
312144974
61650261
116508618
20117287
603717362
394918662
125610183
82649343
54407261
91199948
7653298
32233575
178777999
89315071
23536604
521647600
1886241
230919452
87248582
390883415
782566370
278041372
210741617
1471903
435294662
143776751
107231973
382971727
73066981
117558649
278013169
-671547
699344424
413641238
508847358
152138907
111307837
184005112
86181451
162939350
52530537
156941207
164891809
225323506
114371943
653936857
356977567
154361711
239307657
93518377
109744393
432859593
183998576
321065049
50369739
262913916
153703681
2416386
232329885
113773755
680296050
265344953
354281996
57461297
341549582
65336572
2203146
157003213
456302738
182669183
12150638
655064724
686768854
85164399
145689080
707490174
680617177
440431973
265405275
50498659
168625273
373223459
390206628
402335996
352551282
126570889
247755125
38597598
33468838
33083413
63767506
95456205
199987817
31533309
510884784
63292165
400199407
609054262
461456364
135666236
544096600
158920913
635890881
1273709
18111280
114902237
47815795
155415986
54409189
460824586
344526943
126624650
273501069
55679084
42014947
204893962
369973593
776720692
562577155
562089422
155989237
16312055
268481789
108910350
360034519
70330979
337286911
16779024
168140153
372794546
12778253
60924424
382205194
338907712
4119480
216471260
580765484
283624062
246243312
269195495
185112956
14933125
462385031
760404073
126809430
39878319
102138297
21959252
308442866
291356283
123484138
87858811
55337517
411127457
48801171
125039862
102160624
785539457
154315771
57965357
1425312
156731454
567066402
322979719
304639734
80109100
724754043
62225840
112082468
39843565
142422454
17794847
194299064
530244766
467070837
38639235
15107424
484706832
131106470
97845872
27110552
57790349
159154923
140372426
182031176
542594155
4740245
129224942
227571937
47785973
125901898
538452325
302936572
114987709
318750768
760892626
132008496
33898104
209142444
405101645
595941959
471716813
199595987
5773097
615501525
429758282
244053688
216127577
101598361
80068064
870837168
224258996
149812440
334876022
29892295
71272142
115374358
343109585
85736219
66491211
44067009
258545485
410681008
394683028
170631098
15192014
19215510
47943853
71684991
153902548
305873667
54429487
507520958
374051459
309620716
91199128
238722123
71606849
365075834
168157361
15451911
53245621
715758126
229881890
89949665
183951003
23988734
158713591
198735915
33393558
125213442
327673124
293092797
22082290
240626339
802472742
290199629
242092959
100227333
73503315
40663571
228407304
287541322
6685327
238897758
692189053
248206314
277162022
243699656
333990874
54477094
360251686
192312914
666200079
170664101
473006995
589258519
6064900
505012776
355736615
351685406
540548576
97872114
133784317
85249918
557889551
340411013
4527110
84881143
464252911
29893440
135777234
50464004
507315888
408776700
360547034
73054110
451314422
182721056
125860382
589717714
44467770
7131540
21560090
285075052
503531799
205854841
257569895
130241003
129833102
12032159
67071984
129497766
588482112
165337486
221482817
170043252
567973523
61641320
363769158
74675191
47097368
179039762
342696374
151579839
469734310
796685013
13332711
299644696
74160543
41965947
8976792
64460738
275275431
242186673
295684826
594116553
335768245
131762178
33829677
32175460
149222006
338379802
395781908
614050253
105767279
439102713
296351434
147948051
110046793
210637665
354643907
228133815
320136420
37392864
179312794
16067072
439648962
567608269
438607580
283453745
76817548
95644354
375076815
102173579
425978093
457692390
91247007
160292732
33193187
376948449
43808176
457429105
84495651
466759708
633449186
328191025
14279894
509287072
376473307
324672340
89950704
292763569
21409993
405752200
244132750
174189466
228771442
493582150
261309275
607132726
179012343
382328517
251687762
356014302
25473547
12279205
164001258
54686777
230078248
542057081
74853732
26919594
207250592
86516014
71825503
183229347
244063490
62558329
642209308
29422528
309102646
278141978
186858166
62024440
208601284
480480852
140663815
117406568
332286601
652325208
447635394
664758771
53092984
651451952
36327931
93024647
39534073
43167587
194663569
463335226
400113002
17403447
645575935
132567451
38783974
326108510
225666059
25582679
615265317
89317673
5879215
390128792
180568602
565603766
16925176
484403086
39794499
126647194
536135271
644196747
247950845
312203661
350054397
644806556
285190248
127822789
394417071
128075320
220400771
85808754
66161347
75464048
190139396
112178556
29266771
167870081
14447819
707706647
231914327
127715640
140888987
66195472
132057686
136938426
502072859
15531820
301966650
206176516
358491332
332221919
342327624
173408038
136647799
20138285
18865343
81703797
568861159
160203441
133720355
108853220
2101065
278500272
9892845
23444294
537715947
112534711
468029736
83776890
306114625
16830009
114218244
370392331
377110767
240278903
161254873
217423622
556693757
73946381
862339
219599607
40557128
295285953
593942260
41892810
130846255
365782234
1219124
456038029
27418686
139177015
18196080
156485122
246670315
12776281
63525918
209767239
126819897
302027983
31412976
466043452
5611006
558720264
1919278
81086087
102265885
33208644
105681865
435867676
56880810
19687373
469870021
420952568
281241912
62037686
138151019
72272558
717415808
355335530
191925545
119968483
229564105
16693837
96296273
360759940
688069110
249471138
153449689
102263252
39009699
40184917
12773468
358572600
530053205
705238384
41128586
405795034
255707526
477265691
86934479
248401840
244336590
122220861
39946789
122565563
17112487
268764585
258627923
483688865
27744148
258378405
344678885
30443260
377850525
134654065
118079011
174539939
158697786
707960040
49438496
193606063
162371826
146900922
684859437
58779839
32514079
71712723
575316544
26895194
35293223
43364103
340004859
637289141
95708624
13301164
43562419
523626693
714761121
82216622
549523569
300767186
169665550
416245078
622166937
179977344
734764480
552302311
171852038
110260966
217491687
42100044
154021542
56141560
183711899
550136592
777740461
142313579
218829656
107323193
8763020
256495714
552044080
46787577
588429910
132486596
53624435
27203305
719904999
147464835
626677910
139328511
255227707
617236415
280707267
309381758
414459576
280783437
404880691
431847217
84670840
366873928
841247755
24003218
228767138
251775972
498101784
355158398
7276468
277946117
830824019
6774740
359869188
134275829
184645406
148144382
457521993
203851168
21306326
299602009
33885211
44423972
543450396
3339141
97673703
458195733
573164655
56490771
176838757
789592600
207450120
41637298
5443572
57713103
186840438
300947307
191078710
161154995
407362461
656566987
466289931
251808384
182105690
528951176
346477052
323612018
55479830
252092622
19138416
29766283
57680112
49134976
74257784
210890504
191448790
69047375
150216156
230571285
90659985
480058523
117423611
19075374
681113398
510060358
317083964
48671238
261052477
71325119
31892126
84531586
119071858
82759589
165030442
391175077
147040948
170324152
571001593
516252143
53933442
495675291
22525194
13979439
356446323
470858844
297715287
211573066
293942474
100410334
97747453
121323956
244485581
26339302
301158302
141556494
147390697
553804835
259342720
22582119
163955353
165129070
79156501
495594425
546367585
511216175
24949723
323016655
438567871
428314459
42746866
208504544
351662067
12126066
261935504
388418095
96278943
385225634
207675193
204665372
589609343
253875492
113836173
234367317
229957691
390948165
30676683
89020614
55909478
49846297
489932648
69382607
75237124
297836195
140517335
550900753
79043819
237969807
338670877
135216872
547029779
341985800
59043571
70083271
461551969
168121998
684292784
194923049
148138193
721016341
248438588
437616764
342651833
74443359
509013624
69212910
59196487
136720163
119323767
70182112
433157005
208169437
73483817
470534474
93125050
212223784
159613934
209712357
380223892
48151696
415642000
322718933
450726611
110147873
107703847
71165796
735894594
202090520
95730998
44685359
81658780
160244386
165846867
268489367
386539839
27100357
64505054
77452565
13799805
80535407
59422616
208090023
214418537
350981761
52648631
26296894
361124482
801393345
208845613
297564640
370085579
41552404
143077124
359058705
102038726
149074675
133087479
202817093
397999040
237941915
223502014
85833185
87314125
206687472
259608350
147288004
233975241
94184501
334585450
18284304
13613631
664257251
48260434
368967053
686475422
741408893
46075370
142436571
620327394
273284363
26693533
404533370
97759124
89543769
727715297
232604082
164406108
538654782
155421224
236212715
24922029
661703500
111109874
262438335
189978569
11385288
167971884
39849289
80464177
40011153
138944654
73349067
225783321
408121709
158918758
50824070
17535291
289847475
30030229
155524089
69175596
321068452
305363068
5980704
44243110
50482997
85651711
318016042
566028835
222094787
15215401
62916196
194490370
208116647
45397967
80860954
25093704
196620278
94736774
150282304
637376000
454626358
129281007
46215410
97813717
285631872
259289799
123439968
174453539
417992545
67128782
315811972
632410651
130901322
29976582
206054189
468078284
464950895
261765387
248456024
105478276
231636266
131755707
367701079
111862949
136905958
55318427
463564831
8508279
13632802
6862910
114650001
10219856
185686645
62176334
136924151
497656670
43282886
314488084
7588409
267573713
509588457
35635898
559196836
630228057
397058739
184359970
288034186
97461343
291387898
67722696
398078254
498217530
81932498
469572100
44977813
539611831
683095078
118832586
35892302
61828438
231028268
161427376
37673154
339277285
179985825
730166811
130788004
483406683
326485991
277362822
430721416
196341790
202427200
147108003
342784944
194029302
562956768
11043193
135524363
141013825
414123463
232602653
36588108
403673623
3824803
300322269
153740391
148423209
195226647
418502228
240138724
151788670
224103485
11048198
418842874
59620749
48627393
51200275
271738093
97794885
528426966
59043649
383849693
53224240
144295505
35622744
143967494
36010251
52626637
318803673
220080585
110118437
18416280
77230241
163380089
370153894
220917883
42560952
203116278
10747575
150911081
78333481
295743567
183943460
75433260
635606854
438878793
119741044
50102180
296577881
128585614
214426679
100490641
299885027
719723987
141284590
299605942
280371866
586873821
132680524
493227725
330511305
122927210
127840747
130179130
84789026
11990596
51650327
50446022
21321192
2525376
147731523
10291832
509119589
88922938
65746320
750053784
7025050
399740270
75798870
739060637
569515498
374556723
147050427
144348956
44984353
53020757
418089179
5902485
344524433
534723600
98118307
31321677
413706658
215486934
174500072
307230054
386249542
405145600
4972409
93236187
690313992
469066505
107488988
40786071
69072006
137959897
32237412
15107845
256397889
32522569
165988186
197473606
13500523
51525161
94905498
308187145
50710570
179335483
248940070
81261596
259614965
85235248
35849787
249328707
255388871
751534624
346985
6537463
149358185
395020421
730239807
11974072
405083601
100386372
34589773
404064365
344054186
54252554
61196229
225078750
54228223
98863481
659339267
20490126
61664797
61747138
95753429
149184654
577128735
110802350
47548573
319545912
90193570
465962173
278878424
10923626
328580617
23346456
262150337
182043360
44978068
48436732
485783792
73275020
207812689
119852924
58761971
169684082
152813313
155384099
654442610
133142588
50657712
95895067
24103506
272007114
46346938
454963908
347888723
326491279
174631761
475465330
68209195
360097372
124323665
189797680
528522024
13390828
323382621
72905069
588130652
197236124
161950109
51444544
54044655
111254089
351683319
176662540
292662341
5960147
323428441
17579424
392709698
41741005
144091088
283841568
247333263
106012242
240319398
384782082
21535508
14946234
365445291
104425531
182126593
497186076
652380946
701547068
87632639
414559485
234070053
16355876
257661682
453425883
31182886
458283575
28549584
165251671
408871065
211131003
196810548
34220638
289528856
141588944
113458930
102064137
64766740
92891110
195193170
12732774
135174369
396133010
281657687
785470037
211229130
38827202
417947090
94709524
611957375
7219123
293055503
128756311
178194017
164605740
528644339
318899650
221159259
7041466
206206340
113480955
118759282
457582185
176889947
52909518
520396386
871935719
508316446
402921784
229803208
108936875
509865007
179079463
2747894
344726805
323601637
81254105
3017876
630017770
30792334
258439423
145472943
33720427
340037853
44830146
149676322
42918469
264778346
241820323
213726854
251870848
264817641
37542118
39512175
141827650
236059987
250142104
232060124
320013902
70596587
129734463
3614333
92616878
108039516
88829443
284761510
70272889
119851627
60338318
492979848
251184422
58851677
533037173
66175792
404075392
179549538
339926
3059101
23034394
220150658
288049203
54426518
354726904
60824693
84081840
157749107
367876332
689734194
343359475
101434173
13037236
325383778
149735563
145717464
25702751
16219155
356677729
62335266
86678452
386486920
392801173
360795425
36860082
509475290
200168211
245074307
266819979
238855166
660330427
331519385
672056217
8182023
149079387
13400654
218501928
153800581
148188837
67795878
50253736
141382120
135304545
570040141
502172024
139667762
7503368
374293203
101296907
374939450
148275330
573626849
273157312
292619398
150686864
92241722
260776107
24922206
512034462
219384524
142554712
472635502
47424604
92015269
254302397
249242046
15496844
97370111
14958680
338809069
162629956
153256208
358321390
45067675
27323485
338228023
302922322
94233485
86526885
193178367
160147843
386511169
394680835
96106690
42846868
133118907
268767299
446420795
77889146
226684113
12333337
190616962
40363399
233106395
46595173
236923317
479982075
491399962
416190802
303821774
103980612
13553752
453352546
90629409
97669973
315044564
251979690
8976203
12625124
154958315
814541717
468775642
196723846
544347525
150715806
132223254
1044000
49286584
239235592
182494951
157335165
131288268
417147269
95130944
137583494
24891915
78780648
446502605
161683705
10615113
64741102
437160824
510887333
204509995
23669793
418795548
4358460
328657207
394579394
193236218
75992465
139326396
546014841
302426370
231134891
164496922
193814476
189284567
4707513
228598680
25626464
320280155
446023217
301383131
61282044
807517221
206878193
1525520
108090493
20453577
712728370
53149723
42934835
228390460
67856100
96914131
253148267
42904033
481492627
114705584
60646138
128360890
233536398
166536322
70199193
62724323
202593888
118478491
214229461
323422100
480728981
181158048
308277763
292685341
540846305
145326998
115520442
140815885
499970404
172104922
264316346
6112734
104350785
78565560
269600881
332498448
459680820
306495227
22574522
96918547
303803577
95459043
213993511
124658135
312032575
19166519
169984896
286941352
76969316
130606143
595423957
834828785
723886349
355446825
422915062
614043030
88350273
608768209
426957806
705512643
20369079
199489546
165312452
42470495
690684817
268740642
231358040
84464997
140832954
2284648
273154874
627266746
12643192
5667981
235523523
459390715
307137829
378768488
523510468
103211570
169977281
8402266
285055140
111458891
268810270
134979865
153774743
87367917
693110544
124527118
416242703
19212393
461425159
8951125
169082690
96299200
444758357
45048784
435531437
111520686
266777608
212699172
13902853
64818914
620757470
125687212
300801930
44609091
203119279
731201512
579043827
512036879
372928809
377432669
225738359
4405020
31257283
230297304
51201030
223040635
231271701
540741153
23503263
231902583
261023370
105226778
435031808
56085932
7132181
21464235
62794669
61594163
187184646
69067975
335488134
278384969
233526976
3413156
63746315
344668793
685177091
16334385
389640232
41836527
347304048
252906698
139946423
80009255
21459245
700319765
81823021
160733694
70507476
817579669
34107089
32727165
445674639
48530267
498762030
58051725
71886995
16604637
61463311
191436996
115211576
68132752
665858307
182310019
139552819
332435788
480536751
129272395
23858136
583519898
22159910
82940862
340164452
342089249
347360502
182509096
345538784
16686539
192407224
15277735
323739502
271658435
193739576
180744358
526890823
55945339
236288077
352511456
33359638
166533589
150678499
274363143
27350138
433996847
265909492
116091553
422035980
328778161
40631761
227533412
91108498
189288724
178704738
744451033
168187079
304805134
405070718
11564596
172107765
153992498
620255024
186983995
722097648
121485115
128733594
114412425
179636701
67255334
138908974
92998366
32245390
656439908
133578693
277194536
66640828
242883360
15374774
401885627
90934744
24425188
17526623
599658860
480065207
107412978
347780536
12075264
76973606
194233690
508421942
76655463
8850647
406246395
31772702
190051733
737587408
216772187
645653099
286080919
434270161
275765892
45908963
64053192
204787933
345903990
54606607
2212972
19809209
101373652
306355508
86641148
246218073
74342348
63271824
109281283
162608522
186805011
538021152
327843691
67195583
188032923
324165878
440156015
393280145
323699752
90977574
231378558
16069178
35283494
170362950
339961358
488667107
48493391
8134710
350072409
48776494
256038424
341381976
852211
295924355
195862325
88640251
535767683
150469057
210990394
440257399
53479808
666780231
262922656
417851679
445467470
74149994
7428602
12699703
13790341
780160945
125446426
614017502
81057607
819087303
71968036
242270423
360833179
143119653
220810315
600963325
237036744
29025859
10639402
610745989
140227549
97659417
86775020
43010247
245312450
668644867
665601075
231811057
340463871
527326049
124180755
20733783
441957421
42895765
32113718
26394123
24575036
179576709
97767779
276760944
454312968
107531262
205875921
214450209
566506418
426499557
5834756
388487468
242555560
474834126
12125744
104527879
234787289
651387524
268935074
71669090
41815005
53267246
321031843
112822117
528470715
312093912
56830113
226069369
179981426
199284672
252113015
29711454
176757254
750313407
56754663
125931946
693216001
247783240
5413003
392057391
133446846
152870661
88522452
83366239
21574302
286828685
111955640
320844177
10722790
18686232
145219888
101200220
154471276
51070503
73507480
368582801
857362256
334982500
217899457
262417265
155307886
265629328
97712008
2264712
218248458
175202727
202114258
176127974
360437250
137948331
203301947
71085216
649251157
593278928
218404877
40904743
147765109
32432051
140305303
482421929
630211079
382972456
137502943
117604486
60176495
22134705
27906197
192165650
196126939
64891960
673265249
102471181
338453194
101725724
242659936
55648781
170284924
209771944
128367242
82062801
94784879
69152184
104291332
212147920
275627411
327359084
412458348
318244616
694783555
212527287
84830841
17174428
31677774
436961222
640626794
349013894
98900436
481317654
199096710
47331102
109131348
26347493
98456699
25561955
311123502
189698070
180745474
65019524
311835656
623323326
12473245
17897920
468798114
45166450
196063668
384960363
539425620
309064724
385266754
82739272
106780364
516052973
129394840
473910469
102448199
47786502
312631887
245291019
433024866
512501327
234723580
210182199
163035847
504472220
324340933
184622333
130923731
60647761
410244789
419211843
105706260
57866337
197418420
562682795
206235665
283811356
253013694
25770735
106863632
477591000
9853568
200462030
470874073
178744770
50706350
40855041
301929312
184278644
19836579
147544307
374397221
39328384
659483120
267498494
40085858
512617466
326529232
640173991
53322644
858038
75440059
536455030
137760536
228270853
104245171
115062777
60872691
120430415
314134612
183698713
606877498
283384319
162154877
180393786
536413473
67688631
-143197
77899827
474584705
250565858
17338117
143296819
43069737
186096898
313094722
90603044
163055459
287293998
414677083
121301029
197311268
119366075
236170502
37823535
94584504
87674710
740857044
5032709
288046939
319008222
435608442
651832674
61288616
8912259
384636687
120672316
241440080
231110299
33176303
185971070
153824686
244825309
10787942
639873858
119123836
93363906
609301214
225561492
271990778
418101646
329430433
220778966
440699074
514055433
143093166
343200483
135511854
118178691
43381992
121977551
11750626
48853015
128874767
308211696
187180240
48662800
25574485
126415451
448344445
98768448
246760652
772656291
113587302
8277333
491475671
214826713
94203804
610014834
559728662
299763618
479102991
290165758
12037480
62656734
665907556
88975912
733483239
144494491
137619540
101928305
58221367
230263514
191487252
184623767
337780263
75657867
435432252
35196927
399711558
262418020
105602360
60813801
275639548
171513146
14520034
731399584
404023539
43308088
164464839
121899009
165912948
26315804
324768193
741102807
103864353
128856143
145342137
126271436
269456402
103153264
268384473
213357859
79570764
276481762
14303010
281059036
444678514
173905046
7257325
381272429
715963519
636200681
52228497
60736647
115055756
475400577
1078475
2275937
47066469
187132962
314713471
220364052
15336569
50753824
23407759
144800867
146132147
813117016
153712954
624111471
175036765
508658599
47273239
226358388
105000709
429396565
261688266
1003606
95232362
42134913
400841272
488701071
9335799
427985747
288102873
131666977
635776305
353056478
496813994
527456190
99175272
364355169
142093521
222292831
229159275
555628073
512666248
97662869
566578956
663966973
86262790
179961172
236607185
785163035
250857914
397490882
102866339
100418902
326206846
184043862
156803566
136629143
207033606
463333201
122432239
47343862
26735456
110692470
522662086
101214306
144527921
280410289
36173031
1031386
211067061
381586749
376842618
17331532
518405122
104326069
176002611
512589825
44786695
500713143
151139374
18563813
454933000
153310127
65641669
7801281
111516966
262689450
40362750
263584960
406790773
702011311
158755973
91894565
136877784
214101653
127705338
258158290
306697776
50375713
29128071
420839047
224703450
678936789
113098563
264877553
27003681
65388302
270502731
170739095
270225429
275111842
66948404
124266649
75203633
75011655
8496078
239278125
20180148
651058006
318063872
108834542
285738716
300267785
66587237
258138752
132306772
220601661
19317353
314239657
481861641
112438754
51014453
210485534
169452964
129239567
290325511
561439449
429547095
222894009
166182956
213540810
743977100
3264860
132344949
326454266
22362940
310797480
45517920
9255112
496716361
181151208
22318913
246137461
452038675
332332112
555790794
737269081
109500470
26275855
444212465
16966356
35942329
19122100
-499943
114323763
275126466
72327188
284379523
561088976
30787063
359131419
201933055
77127322
132642573
73456472
10447290
72692412
203099293
22975837
37022747
448410771
433882931
86841716
341047605
365274550
283677487
94347007
33163928
307603176
24831571
85300390
245402068
262721100
113587705
254816596
274854028
510915863
29376719
362171770
345989400
121588242
137146739
31832375
71172059
61691139
167936612
149012490
251453682
400872404
92259210
433302259
261451408
98410324
37039819
165165873
130348910
457487223
455490840
272171384
628091080
17763645
340406566
136329531
195147542
111054473
580523384
103710129
49099460
231180507
729626156
86440694
206913195
75743631
331081215
116205845
336989207
91598341
353258061
495560478
317256054
690471778
246108620
542960832
152203108
528458708
288576244
508840733
402409663
309085088
359788918
31470844
261088014
75973520
44544516
4726959
263679252
677985639
56285784
406487018
355738967
58744123
356914965
347577050
45781585
138447989
172816435
28818544
180172628
478895983
118590965
466542211
36796812
178371807
22357485
90398920
816337779
239789669
327652840
481614729
685402319
84746841
171717930
297038565
512682980
40362189
264694060
10385512
38825467
230703875
138136930
186278631
544861202
154163268
66297615
263494722
192047544
571379415
12412721
350057802
55391060
368595987
326345160
193784848
41438817
88714500
140336260
431209440
482219556
137795397
53308405
694601825
146127801
23186216
821085082
18997416
150253209
85825073
637915342
101147350
28118696
214171120
16198040
67811541
67921637
54022366
473040319
809911339
86641664
190670400
89273864
121786368
192464708
311471396
81608927
160713390
223999741
340399726
93835123
42789366
41368390
345319204
325961793
182490476
526714265
107835480
523047959
288463180
36220857
145019364
485319847
32784947
383030974
701106417
271657824
279540626
40312974
23092536
171586400
44630752
261926187
30219038
344202301
41142579
469393421
146379062
13697668
643981173
25122198
277521837
31216289
192270053
184552314
429399201
197830490
140194057
231573310
773910224
532733454
244381849
41729627
139395189
524979313
16507590
305032798
82460679
98391801
494103964
12864930
512574628
121621662
492125279
113160979
427588507
71930119
119722776
768128737
352388028
64203881
236730874
30568412
324437642
355575044
46974826
17809255
598154307
202131278
19176412
29469736
258056936
155262676
362536261
85177800
241906699
150859625
642664615
147369830
378779643
51700144
240756401
561019805
109888191
170568057
140607638
172000980
372793926
8873414
71143455
136557089
677209427
42342037
101146314
46525278
230184427
765970822
50067363
148000832
494336543
327166023
16425255
167120674
7878137
160501743
357372109
4930652
149351661
61835898
745276389
343874738
353042452
152497949
17322665
282028798
747891746
145066618
124739623
253029273
175968738
184866605
76004045
202342106
383110735
70715801
15552558
327794012
42666210
305173548
48346034
145003373
250551151
192100566
79514109
353082914
86674828
114217657
621440724
69647295
275090516
448590625
769753048
127268547
347025930
13434109
37791680
143057025
62613321
209582472
117965468
512265782
179778408
62579583
138230850
42288286
179015124
72193717
141801475
397744771
24239932
231682122
347280288
313527660
471879475
44461836
77778231
11095344
116457670
127326533
534996485
59049402
134391456
37186143
3769299
108982214
609670906
122840208
274357278
23001676
12726405
176745327
378193405
17997835
758266747
156908086
294928184
55947799
102400256
116317854
633791622
125856715
182356018
35953624
347547299
193533044
60065675
530920829
311638170
132742955
3204014
86569293
359469738
537445775
643183335
91960893
124618862
469438726
261900417
292089503
39780394
292197210
160809066
7231912
58318169
144204770
374867594
16408884
94811011
282984542
54996359
123998941
666685849
145090436
657606099
230774806
511100826
338043112
401074446
112581032
232251158
192358222
115003458
274531041
105481444
11104208
661776650
56343007
478765437
323467867
282512914
743110336
24293357
50328656
695157250
297759652
63542051
187904887
48367663
273926359
111516282
454760985
31422628
248299363
130588297
59490173
16924455
233855080
143972795
75954169
87840925
97257816
131979316
287820652
187220513
816860602
30082446
227984636
61816108
45747211
679050382
222719313
328778553
20841058
319147229
193997159
204102516
852112097
350074017
300243150
102226060
76200218
39344111
627391197
97022294
138023153
663245254
211779684
306707047
115615778
5064100
90164757
2414039
162081540
268830428
52145537
185584153
273026197
339837257
3678487
330593711
302595072
551226032
390978848
369510250
463963655
414252052
516161462
159129169
170517958
77459598
418283288
518759241
584373
579886315
183886174
201302310
274453762
372481504
165675924
214211883
240225506
7723779
38017693
85398428
207672555
67125857
91847960
234323290
261008049
141698905
396223625
426312086
623393762
514314608
130134910
155088186
462501536
348402269
600952714
486167821
396410936
151094856
21903618
225788830
130403364
5575809
182401049
294636225
43227142
24774433
13653692
111667266
394387763
326656529
179964605
49188674
133081209
482834147
351970458
43843250
507153279
73839679
179208689
297963753
344310789
91269259
182565961
224833669
363622370
15664632
15302836
197865535
200986239
153731088
618094683
108679458
4449423
8896843
156440616
314339772
351088567
263314375
191985218
74184098
607050146
250041001
253779297
605170091
404179476
13833641
31367537
743091485
56817998
10664857
117705935
294262900
708543875
453305880
230276591
152357599
61830523
616530295
275382726
112861691
2927624
66151444
201650493
145186759
242767652
189938148
490105053
193324076
12953487
15545881
144711218
282232303
162876876
57780169
121777138
10144956
7594401
103765842
34863530
37376112
55759863
620923631
22973605
609943801
192076029
120104588
311013201
178222957
527741820
4227527
19443900
32715863
756316340
169904037
546075283
274564056
118638699
19686165
239351954
19015251
5015059
272492988
10036193
10771577
542808417
276832224
457887146
50187156
416766117
241593410
67308707
108838387
568670777
144022486
90232574
284483643
118889414
530868167
45916159
367527739
49385712
183164769
419126922
588563597
30550595
424453398
347617477
50250745
156086511
13326767
235103076
90867731
311330168
253106029
384870902
453863263
204827733
253085384
303115618
219896606
62664937
2664473
340583448
15617458
269649024
5523445
754643909
310570043
404501000
294390458
369001056
693131445
90243933
155537600
68885762
91378019
383469405
33667651
109050047
65230443
355880867
36379350
519200439
397839360
442163840
308628855
238917657
678151721
16048504
425695979
592831604
54528752
467755398
21680699
80410349
326813139
470476282
57601854
372181270
303121433
18588484
419628841
273039677
403557753
179435185
54310623
58144826
71196669
1707949
8318260
152140012
54622655
79213537
154824580
4065706
122911537
241597382
76406726
823270394
314546154
187587714
179691719
62001441
35715013
108932778
141429243
33494375
481326757
65645091
18376272
3134332
127872028
509393149
248716808
284229682
345552899
1829395
109207166
123576243
3509791
26965330
449207238
307924084
598854319
47474801
97194771
10262256
73307756
171256015
439458521
135654579
461271028
285453550
673792960
164649257
12982371
218743391
5032519
145926661
362780427
764780662
66383269
413924285
65649777
645185656
193561780
41137738
529707817
738003922
100212918
271368380
496009572
357081502
312336526
5514691
119408315
138542331
460282083
537316635
717563302
59608171
44168120
207455756
687014907
36421706
375412968
12620696
77408972
411735772
232694250
347335270
16531257
325605266
335131937
222879857
291024065
160749433
190980867
427400220
132282926
151424324
390386003
130694562
270123890
636856278
243978231
242829311
11296978
379466124
471133558
329205368
237801145
106255623
229398597
96957238
170553290
414497959
58103055
102268300
199789147
25480589
288272171
493329991
19090162
2690456
29590965
199267589
67835016
75500624
500053741
233095488
556723634
745801688
31422832
135449113
202904292
104383760
281643436
292451386
185700731
586406576
187090026
108263942
300230851
18582967
640639915
28519927
730296868
387749146
559822870
311620963
501792827
372776692
256858888
21354900
44637941
500483476
213666256
190851698
354787231
8796905
450931806
471305175
82954963
367709893
128170426
331489997
79542219
129323781
6786590
540653228
31887782
388021384
480974363
611940733
96883442
63181314
43618282
49305963
123356759
454755859
241989897
93785397
423345069
143940223
166894036
4643629
573917325
79789905
297603595
478971980
113181871
21080246
16946079
207449519
14906983
131180080
9120875
155544942
503092552
150345540
67156234
272410017
24384939
264536380
733406891
164550475
224241480
113392018
357091580
449313514
96512621
488595568
162750388
332967964
219323978
672898923
378179986
266633952
271507148
137642979
243476099
190496835
78142408
82783547
2678906
52200462
377390710
185079808
388140235
238544917
227120191
83323056
6510618
511268892
90960595
60224648
358584457
85055314
112015413
351743051
307895613
618402554
246430926
14379621
85534168
58845918
129986214
745792369
677009070
46431090
146140710
418913439
138786660
182480693
387319535
344192689
345142298
22807609
200770247
8601181
232776930
10641935
33712733
124545750
33277847
261507625
4261733
34277078
61319372
410302152
40517417
316817164
443518617
693042207
36357306
115226944
412891466
140570148
171476761
83734470
38577180
208932945
189412616
34864674
30861059
655474914
114482343
109174156
573841760
35838573
274562339
159502612
537843341
20063116
454330709
165997472
115276806
45989312
72483063
200730717
390959510
40283075
507832654
122366522
230615327
185926805
150787045
392141429
90204850
253208063
49112865
650072412
116573536
13765345
453005156
112303145
43745131
301411837
456108009
2830914
103007554
471744940
105302900
6681992
102244386
344677390
223634771
452621079
25466
158856637
27395062
197038113
202187155
523484535
204476881
11112510
763107111
136310461
782519050
102054937
514493325
591316472
161442462
119822007
220804356
101963158
8213072
394253558
25522170
138713707
47431434
597951929
11554319
100828806
245331906
69662986
12368648
453626863
430503981
12120409
246172371
443807892
206557413
6811451
326456549
8098980
250932996
27549657
75589158
288512533
37520018
74055037
756110433
22932255
228454615
10366505
44789543
66253898
10266768
275800580
579255828
218557936
61856394
618552422
265796428
106394595
85476037
121837140
102272768
183685848
54591550
75738647
310315554
502755259
180515518
820574611
278623220
382291254
236457536
320215800
203443345
417090948
60216314
142992560
66278648
10002670
260932806
105145062
619105285
325554359
281517476
505242859
45210056
7767168
196540374
269411358
384204203
92688051
243733033
459230921
246748361
283077829
105283468
60388919
322246975
11813993
473149917
830174727
447412361
43646110
146137722
481977589
183557568
215326442
652936925
62201859
337294783
86073382
368320950
340049752
65910184
752215260
732012685
86698304
92691290
761523693
55716112
456957028
325967579
629657082
5563741
358103752
180770510
303028
70110158
243997565
182413280
370370772
39505261
103869635
416844613
303533845
361861470
4552389
379402704
40395615
82598215
6203505
108568827
63010796
248993285
45616113
91978963
247293739
304985979
167278931
295049530
250950290
65509864
286167079
59608474
300737395
424733732
594092345
82192274
340709064
33534484
346320025
201273562
204402941
92615685
165054121
4927728
82701066
685093072
529027796
336131145
14087831
29097153
506719670
144515228
60853228
3483507
170690202
186972078
100772726
240144281
71278032
107945113
21024798
179158179
193486117
19350074
99509941
604297139
318845961
23128614
637226726
390333648
59570879
230432035
114140685
35600342
40801693
209483712
35669861
187242613
319201144
28393937
20176692
87872884
279494564
68415456
121180965
4563731
98004538
25236867
166927015
95144617
647290957
446454393
269620169
80283001
245202119
100325253
152136841
96607212
100630558
210236
129337935
85738571
455067522
797445280
63512325
79549100
42978694
185939169
227366158
521656246
516519724
85607573
348903020
661060554
201758408
141730615
34619069
532962687
507890958
479776831
481577907
221482816
255044975
257611572
637976950
79241978
74252014
25205199
280349015
60981246
373250983
344640588
52846162
33531876
16821339
460860636
38231763
191416976
526112752
158337279
53377183
281642312
368235420
681557646
250329969
346510097
626619168
278257955
115445280
285223443
477566960
46970756
106757936
46113282
7688712
70773197
304605239
375888724
230037530
59401672
474828440
295453301
344324378
139203216
396203789
447827327
586106981
440943423
592322644
12142596
285148575
95543870
265400642
355240417
400083053
5460572
225497521
33794554
329718169
23238751
99875957
471282483
111607026
24268800
213458391
176065074
65616211
109103593
197470854
261144093
142580520
70456158
155057810
633162753
7308879
30208827
722564496
498129323
730285503
360582141
65534954
14601725
820410227
652204425
16695550
28954972
160348775
400131630
48660727
394997468
82213463
160891936
144719749
539294846
573479311
51072854
44717888
336348048
355366199
473611166
159132399
241047557
169020785
359831220
100126293
296272212
75540815
106801176
66678903
108430614
577818022
62552752
132408573
48976377
339616957
282677197
411644553
319155894
48218205
47332747
50920218
238246948
164343626
88358468
153595008
227577952
541113497
8289226
707557894
128123959
149679872
164487621
577601474
451224615
8186457
70639503
177373143
164878041
317978913
27895066
365524237
275271940
62913001
508877623
80789762
637552511
748548071
86548338
54991450
261344554
603302084
95543208
95688446
466726097
673222958
525557051
169622332
225150906
42534230
35709628
101514579
80008695
223582652
171900908
40496171
297623815
494921240
20461619
75457294
237267893
55539850
148698703
570600930
33155641
2549277
402202236
156237676
153038354
445194703
122347255
628021735
184586193
198692403
67560745
407905740
112151585
33224683
106698060
165272213
476864817
140439149
282615713
111362065
273775101
140774872
449487854
285231606
19338870
134781233
32783037
94531331
776972640
159033264
1744259
276160885
399460284
419686165
92446548
469674179
197861043
328469046
70950743
57643880
504959011
159321928
10284812
28455592
728563389
156407583
50353117
281846632
23387133
476113399
2611487
190864028
371967276
202980323
76714543
43545576
83832353
249309829
145123738
38211769
14607987
97300062
270528780
420691446
2195118
106993825
17658452
90922557
460537974
198873362
23654047
163350169
47171408
75777591
292848236
80539592
130538244
98548947
416490419
257216391
282238629
43110228
28083807
6408560
391632071
8257969
103944346
355944702
177428679
241992849
141838382
515306054
127617447
8368842
328250351
26787120
418995038
311221174
54832517
314924365
23190725
11826961
138828646
24768065
105368248
42176038
16702740
112980233
14478294
58235646
604944949
315761904
639341875
161198950
347509584
613017643
307937676
321758096
56940286
201262016
92747874
2519256
263837877
49164894
398195563
38964022
7150730
664482757
85369678
426757022
163060049
205488840
363345258
150731902
128496071
264565396
348309760
107001503
477182185
128924381
20227847
150396660
191758326
41369983
543941291
78896751
8322711
260917744
222542943
417352330
298707331
472645461
295499196
607059858
364956198
30574951
512852625
32830666
206818876
370833375
73326933
724094051
218464935
141823280
432304552
755332139
581586681
92423083
215552602
566933474
111351345
90335214
375685538
678250164
214505643
112985220
68365673
17494151
358566745
278996985
615598625
204728344
554413684
545482362
564729382
112313456
14762495
238171796
440451652
184784762
379585921
14136712
105552365
468346217
112974271
654858206
351404350
12170205
140656647
328696661
651085814
133634533
221326990
496356269
23024453
17909962
578569813
29908635
42851768
30591095
398509995
413610504
457862406
30697680
11439991
214690810
11308070
444398575
335115988
150616769
256345041
574503263
109895501
26508634
793779883
222970053
94126381
31050748
75207308
229287556
208522564
288646438
89283362
21317883
190583519
99417729
58945253
28817479
118305897
128585447
32204775
248994361
138723606
6691527
529898209
25168795
334602099
476488355
155948438
79340978
36126625
135218821
17109382
71033597
208109286
82541187
264242
144156297
41719939
251379355
116042326
25947180
684611078
8726624
149570106
614501428
572274311
498058682
171780952
8039864
300799462
587368923
209771752
4936388
479556056
485811989
117011174
84718333
421380183
46674206
195268884
196565298
155702578
304571543
424401955
82809002
370183293
599523930
216907132
217506662
60419603
441491911
529886812
83956522
236751227
334076545
227292152
528743017
204311423
94768231
65662821
266513111
286286179
466942125
764701898
217415105
72850124
394613614
508518125
660665029
49726422
213234226
63479395
11517279
5307239
165347036
107568605
121050863
468303429
234994697
45990738
152760834
366776425
242716881
130018534
270179468
114120085
47913690
625954540
50343127
65761124
293051053
16949869
236608631
124723094
445207380
388318044
199160603
283756890
326576780
151726940
196610855
325227518
580171553
235270592
207345821
477936517
114957984
44546625
119955934
2062279
293486897
128249832
328707576
147923783
139364902
396039292
108706856
100102663
140751247
238807541
57228377
108326598
330862908
37867934
29776736
51562625
2290875
403880986
222874581
506596923
275805693
295835969
108189361
137664845
105197509
49050374
800001898
70265480
298997553
68919320
55629728
164104973
594173206
74567455
4867416
260128662
564037652
389341491
270835556
108444592
709127120
439598850
514800016
204403867
203908746
95108015
385686097
141367504
142620773
698885678
4903741
18341640
425931045
214520854
59469273
71280393
31395322
78880306
351323896
241238948
78030687
57050539
230978437
443945805
368541224
115298122
38480565
326603589
71414303
3474802
92523032
438715915
711231091
209470965
2860546
378411080
422958837
394893609
102662257
43988160
316849357
104416515
20912192
134083225
162371676
271675175
392902927
113061878
94384870
110437748
288668747
360029139
122397295
10808103
41092674
215725305
315639995
99198907
48594652
13389521
476851010
184380568
398610417
432940260
401018102
148291169
617963842
80722229
750455657
213395143
30169931
405439153
73770112
498895930
41847177
214455234
102188687
391534560
525844281
45669585
432298498
272074346
242933486
559251008
425196782
88031127
150781319
159363093
13099964
67036358
4451544
30396871
565911499
121178541
226139791
368642884
422372878
314281263
360266424
338393751
103937887
551650539
465680505
487149636
788690147
376597917
428440443
355307909
13300667
227432977
50424513
25992194
362237768
411760022
713139028
34777907
103602721
460478911
220592953
2757089
134463254
191036906
542980937
220036498
250184141
37138447
515242243
276520508
205319012
152308217
404189742
33913991
538018684
116183882
59908568
318455875
9179512
885279295
183638269
118405580
55406635
16030017
169902769
86533219
488984172
511895183
639251268
578142904
128454387
115660454
67357598
93467868
382703586
92593856
213435206
147215938
232204444
6985697
595669368
331903613
65744038
349939660
7488655
102104272
439927395
207890062
45231292
388086280
271763281
165598339
682521573
418622094
9003170
199451058
284313869
15045491
35521382
88023402
356089013
847852446
239919325
508772687
235828403
79120123
423113930
519844518
649275893
427888209
24603055
2885354
184580735
198737660
147617883
100598190
113025806
487187289
623383878
78002935
61717776
20684975
457507178
56321886
309528396
554506625
690858215
160313110
73332564
445006866
232148765
346456534
13894225
47952354
111214676
321424591
173706228
49473703
76504146
358484138
706609843
641141015
121705028
432171076
477672159
49895916
707646668
128547608
217382401
71346242
839843557
16080827
19195183
223076208
161070375
75827549
681092478
81077680
574770627
27264906
300398212
69836939
69812065
300395169
745143658
60772594
65956041
557634619
226056278
132437526
697486772
63616724
390283473
80983247
266983662
585876299
52286796
65264069
76075700
375331934
375180822
480052076
195992296
31167515
312623922
111246550
471700796
186322317
490616269
685354307
212405624
179405781
342118513
103250630
196395591
350303372
20674477
160391953
36685720
319720629
159728202
458637258
257861367
794628509
134687059
33839441
311095247
148777178
149446172
121741640
393599096
564484840
66273552
177002406
280804141
415557072
237633842
418333002
464796561
408079025
342295050
309612178
118133440
327861686
157584495
880188489
258179844
183372014
174062391
18993338
45119203
85669253
252800869
667375885
102686961
41878229
314162419
226562960
353922004
310061537
59873701
536317215
191289864
117917568
101528285
9549200
76092899
186689564
561877294
155408557
83142189
71405409
770773831
825233321
573226335
113981947
14556369
474323163
224752530
12991226
445418080
181336911
32112765
206523960
327589931
65611198
207890166
207174043
365606675
37365722
336907749
46687827
285981468
7390905
529340940
63237030
160184012
524840430
330543105
19364579
190739655
319286430
115051380
33114787
72181608
17278709
118893945
11959744
74132585
637859415
70785100
437384239
378616588
105082522
127209157
84745642
26686986
711573619
253283
11453778
601065103
377044406
103762607
349636912
59368281
374329926
476533219
170999603
9542563
8202206
271961848
64943267
635165595
154156249
86334812
159926272
78977966
190200834
136069655
93580231
260819186
80694389
71064637
306770511
189708784
84944781
154284393
152873800
38141305
301032658
344433587
317360413
166735616
238570943
421122878
32101810
180501885
174647380
68638993
558282859
27321735
60142285
84528942
393450459
94241426
39841285
211932162
73702420
638615255
8352311
204788464
173216878
273360963
114297543
11906875
472460361
266317376
51552131
282086164
20964569
579854087
18623089
73394521
154190050
105336718
353943328
16695058
342779363
289856833
-79945
483061424
127738091
112905898
192125303
620889993
388330380
278809320
21033233
356136875
105839366
22483413
37750195
643630907
1685785
563387893
397480531
169838958
419084394
427666602
280557286
67268062
101890207
600781786
581829902
102816960
56762756
418849569
180503019
15975613
332868737
77460436
17541209
6993603
52367707
143017718
71583195
346488500
11320026
647161735
23167109
229527038
62556804
478052447
437629237
289751316
218262931
83437608
28087945
202131473
29342180
473322271
378999365
343174974
1869458
202164059
11421957
354226804
143047257
632190495
63512443
16807604
71118501
705522830
495431553
298565954
443301257
140465330
52415685
826482836
174858487
133080224
256157346
310084213
668897902
107491207
6591370
14654631
397940315
463590942
606529241
222258245
293812185
485283122
431251328
267534903
556629736
82164602
395826135
755635437
293245455
336318378
192516937
580487164
109598918
87079657
54702828
384515171
610869717
688046876
382205029
556205155
15419913
425173807
127381897
12448456
656486461
326083924
652771311
152369034
133773333
373398432
356635749
55301777
581653309
10071863
581515784
164915894
123633990
291079867
498105485
353058422
739483279
183241623
408478681
180949954
89811248
140813802
548858367
407145651
721321124
66151534
498986640
351054224
522161947
144971170
290406690
52858949
624503097
461627631
278645163
2790315
72775504
550437262
46514655
187637959
24097638
445258079
378980052
286881132
491534204
329424143
312755927
255820484
525713707
213402172
62398419
243206446
112674773
270913801
190349344
356019981
156248299
295708054
26876336
87479649
493705823
375286124
601856868
89080160
175261554
194551215
181906766
395853834
16358976
30697776
78543271
328475831
260004510
85206623
35779291
399645475
114204066
76363278
301192007
71007497
631938273
400189420
52307531
171003686
436553983
146079847
329206534
386035557
288311618
220310254
511433542
307189526
27131424
431159542
276868010
403608750
4762002
560081410
138179299
125227534
48742210
276493277
130222943
431435134
545600176
304804109
57193929
41834466
17628483
12994994
214542630
33694471
19093932
551762283
17328725
91565536
540924539
338487002
135715809
190889973
205166391
211310445
132458385
214103464
759364717
111551884
28970010
108933061
142064198
12996200
30615725
33611873
44013510
228130953
12796792
114043152
366689514
220037289
258373747
35193746
100091650
213937715
79622204
34039397
174998075
279896349
232090594
12099352
6832526
54776588
225934176
149896364
44169278
299616090
583468427
219520936
172795350
377895719
203820463
102033254
490459571
236431143
348639609
566378805
22262329
508327805
308118953
426957673
353703277
67182971
20925013
7791738
661249423
40658324
165296779
120952290
302361778
448799382
426258889
172552117
297500730
147079319
64502738
19493668
16737810
178467975
591626326
62551434
72112107
194944391
166033871
444392916
254834599
364244685
517789222
31583466
271886032
33872600
272483346
540147001
359925409
68375320
358574375
176371013
17108260
283417655
51575436
533613186
370266093
300643775
194630534
18969381
533878
2833698
727530583
569844055
102600119
139771446
32612783
31232838
315232457
132410826
10573629
574388437
218383493
632365
59871840
128852847
47693933
242798039
65509672
6962620
189283415
-185294
21569393
302792557
184076844
196895020
41727327
383182734
216420668
12746079
68877930
66540743
427410949
77574318
220644271
361914942
177629434
300536096
138486306
452917824
127458385
116877675
178662110
175857918
706075744
114678081
65577357
260875840
502894111
161908461
466816958
490085216
419154603
223493829
607526342
195669790
294139553
28264547
181974685
310558345
110678197
210711109
247002624
284892415
310741921
81723661
132671673
319864452
117612912
12300155
434907453
520329175
84121361
72634977
60124227
158838015
228657355
98215719
355124480
258783161
260106844
130121483
597370372
127699962
602170750
60103845
545672816
57235694
448130071
10716624
108023683
690309851
36910604
271860065
293763306
102358677
275235796
423265928
211638345
444850696
216060530
237869924
-35814
630003709
626289478
58252198
6018576
354095242
693112485
132236299
148939795
726451741
8578790
441116088
124129158
27257601
385002422
305860342
167396969
264452151
99355278
499762660
115932097
7597701
276657492
329505686
268882006
775257858
149395138
148691195
256934677
32614992
219767578
366869703
497036189
28757973
221004079
112755952
191045234
361974599
208658176
74008420
79972865
92996640
557194757
509128920
240965900
1804755
393884934
54626016
364721556
310841211
532176098
120938142
254578395
190489618
119693242
71404850
417962524
300908772
383724758
512755639
186366142
63839002
284447259
3031255
331377144
263790971
20730533
459321389
241629340
583993646
143139001
123698428
154124912
48083891
166970398
142267319
249650726
308139925
67576185
72973812
42932466
238959436
590160596
356291434
283424925
152270396
217323505
306025647
382587336
484717678
20009891
213560806
32137708
453739688
102558192
533969229
58529762
33410199
517418882
96306290
483195947
41095316
45438813
51185491
244786607
281918492
745392890
244432014
148280113
205150990
21739934
525830713
56988390
22253086
262851702
194132926
162412829
372367010
40806899
336995820
74492286
34361753
200231847
241996837
107820305
87530759
18008324
7650665
106812381
112520752
366815564
621878533
370027860
326840456
98597729
130475014
668521329
182725040
672940822
270519164
223186263
99250606
398259433
92715111
160636890
6492309
310262814
477374980
271507085
398164935
131352980
255987180
442552414
254955361
527899474
242539307
119270419
245093355
156311647
237977429
656084632
18826137
39231501
483049388
163739552
81141639
562095631
40645146
434665544
111848298
149896702
551319768
9153255
292389295
211886619
44037627
112388114
5311265
97020541
527220786
83605651
320428489
241883991
180845801
4387184
131549404
307673897
62386922
10861328
71735276
555969989
787863677
69954380
16014222
209274759
135093554
169185658
169810109
410184030
139380914
3128744
333898766
585403116
222626637
29758392
118719197
156977147
348762452
344963400
266932416
93188373
191394848
23087191
489791898
330820825
5745511
446485805
179838435
489624041
26973450
208764158
234965815
323185059
248857547
484471911
762870746
32653050
511323687
555631178
544960237
47958496
316178145
74948440
13056601
228298655
118536821
97287988
446614737
19246168
249542385
543167930
102471688
162462634
427380106
423717005
10238100
302487283
275083649
147093951
188095611
72131761
3874660
436416019
79691730
493156258
230985106
86999153
327969626
182279732
351635183
17797977
348767544
187666729
485765619
68005797
621594508
180000477
403679074
38922038
93906451
11339730
198848150
394060489
146027321
541794036
143590026
226134335
23243175
307744235
314936426
45894466
24843703
331438224
142335021
258208206
325155292
524522363
318612495
217709091
28055299
406687209
125706863
248132140
501267774
3167600
11941933
167535034
267966731
812835667
265436055
46977509
182879738
96446000
29687679
409659879
71570382
442132212
553778408
721337073
307747939
195218979
380774928
509534549
280839879
122919990
159915549
520098427
52357825
18990496
661593596
862647
74895044
265064485
68613489
304385317
497598189
295231618
108993097
202225931
92586844
78852580
150281935
364690719
409938829
43740473
406344788
129276441
46547935
118140158
827484301
739417900
154047543
631028451
36818205
147731609
105937390
184395877
202449743
8199865
796059464
13161724
293573364
112333859
161975140
635116878
105144851
417200408
146166173
199967448
119630607
560890768
208320534
27860191
29176446
314333059
87740908
63643632
8837026
459377691
450488712
138265332
211343052
126244867
250050781
162330660
86537835
31272152
100699014
245314097
455362569
190510210
368629970
62598150
69809811
319939438
315253726
687513419
413304161
65401765
25053372
360304328
158921516
61486942
148434132
714942821
14534490
287016107
353449740
9199997
658090277
254497728
654449420
144815288
394090261
803551707
657656807
361152024
221669276
74719611
395792123
373360100
168154439
3611829
373301591
280520464
139213232
30552354
162030326
132755668
619191543
21870114
10922572
125415313
369386473
60528938
51855881
122604231
378326674
249083796
30189277
268117138
31237211
44423641
623182280
34278530
313949144
409850016
418289194
119555810
156255698
739005757
287146175
539015590
73168072
169199103
14179122
12995864
220170861
94407443
459057273
192939802
657035133
709880489
25104902
102573648
152710346
148977180
507446749
41911976
647995586
593741033
121132843
143171194
40255311
286579152
244572102
411280455
636311659
22241878
201521024
507767595
217118249
196803277
107842372
27633441
303972131
341675767
364070528
554740431
187266532
71316022
54290278
55137269
349055787
91237736
274917025
240421342
72578264
375485008
358486573
374864403
85211907
223529009
62988067
4391692
206866194
209151269
22719152
22454753
258463688
562810644
237581352
109884573
47294714
127266253
370769016
439797143
497364751
346192649
118536872
383715604
145824191
30062556
598326113
2682458
199607539
205451207
73856729
64306545
154447673
54719744
63756855
2398638
14879223
57123837
495097332
634758305
410596340
287497601
551548750
17202557
208591079
147309851
406757505
318928972
264755773
98569349
253189759
21996301
391685282
194249766
395767429
41699605
42471773
179380950
134233396
38946587
25229780
57086286
424829946
667270838
203358186
236612266
71845689
127136452
117863886
308683859
23889612
385277117
216796594
139925182
266422605
550038147
688127172
43743416
318728473
512704112
70894963
50078375
101078593
96116
155596422
84894543
169145283
300195388
17213341
299208533
110261220
477199066
403545197
451825666
323621229
254868149
143587435
52830843
412010842
24460558
94763122
399635340
485406503
50007373
18928530
31228865
490249345
68507634
570772636
539495543
166700476
441281849
154217320
91081610
205496111
116094168
7649890
19486554
406620834
379957825
227529985
372877782
496015560
463001287
182859510
73112924
347099081
9859866
4081866
263229943
597032024
87348600
301457665
221230832
642567038
467059510
127588623
299521531
316540291
175171784
246872686
43466704
7547733
10331770
155255705
8488663
252690417
10700969
509085654
52233725
272034926
34209064
80889752
33756061
58615362
312413851
253543182
25130719
364663510
314584090
427823915
6396715
408075241
205587410
225238440
204025275
320920019
312066034
444484364
332614408
5583016
236223307
347234720
381325803
477034979
11968309
422575369
535225755
678922685
512957621
1997724
127299906
280535145
399169557
301806905
72295508
291971061
87170980
119288183
199828978
222163575
52558608
39573576
445729656
225017026
534427876
188969914
757118417
7316221
584252192
42338845
641132562
123609804
185570144
564409782
6429905
551113310
44621458
601196375
332988439
195218438
114761039
22160272
653047139
24010510
564103121
31384110
77376057
108413928
168549804
186279888
219720432
4434909
57660073
56129010
30333807
7597864
19815869
277011504
31797547
322525789
388491903
281138417
30626217
416152497
4044667
197853417
309535333
210520031
221100350
31321353
555007909
460711577
80997901
8840887
113211006
103967538
256549031
135071819
215559646
239237871
251466500
201697592
277623220
248274273
21804139
241314695
272460283
68192519
139684267
207431947
232294009
2656066
48445502
122770172
44625248
107925376
134689449
36596004
205825603
157181501
584671580
339529435
10258958
594355401
6144972
251825181
9062433
19502929
42539316
138395900
2445085
274435187
327098676
50378051
320297259
837990297
142750227
490151296
72639272
93729964
14729703
188495951
456008218
201048419
354110903
244442999
371819048
422676971
98922450
20340222
168829362
425693281
459115354
222494850
225627316
353700654
167437009
190168862
272375876
40141793
257073776
563754422
406480756
148143477
296729141
272685383
385057643
163109676
165250521
13960666
445689302
146520991
55950191
722752069
110728295
100871698
447849475
479152987
106547473
668735364
45211802
338201171
178387747
235436952
240767094
32356919
14784420
335999211
470189492
40012245
754436101
696016586
720673675
47287443
221913429
179939410
33307356
166142963
443936401
164722203
15837884
260314968
211937147
45504406
425687888
19397910
353000406
207038140
238003007
233271895
2999642
228702592
795322632
136901719
148595209
827994358
40430593
74565455
316268821
160758447
95609385
256790107
548751574
203624643
69277302
234120314
187568541
140921627
65237634
213547513
100332133
57463201
64064782
291314912
124985532
150406235
105893928
185261385
67755152
117870396
56973855
400505786
376150671
73156211
167836315
75648099
23366452
334180794
528899716
137461288
113429231
507201549
426342321
199316822
215338358
341260976
423362316
63138055
378714241
419785182
104155465
35245702
86952915
55249770
184833846
335047114
293356366
15274544
143056972
89256534
26462308
395401034
107493467
210819090
410331393
28986404
201661550
371003384
397234489
198904494
115502736
766760671
27317916
147589656
656310613
19290464
43652623
20119913
124583489
245706354
382517264
153711353
4777497
14027088
435826087
256336162
190117357
235152095
507513577
138900226
178629432
234165889
259973356
195495987
506240264
721395274
561344536
408205625
394163575
721434612
140512339
146613478
300360277
23395587
213314664
718651565
212271643
198881877
197332079
112637939
183426599
816409320
676062806
10042881
32784972
127633048
237906079
198711129
205817575
40633892
13094974
342040213
512269467
354638346
12814629
682137071
369367962
734515153
432688182
634040946
474183182
125501234
13682136
468196803
254951933
135345891
95273259
351130991
459623753
17373355
89885824
404059767
34287253
508171507
146968236
161814754
87416457
216832832
25922530
216871117
9863898
123402223
332860126
633448086
110149400
132321327
549922633
838750299
134088623
816436722
64337957
352016488
476337569
115082546
81316369
672572313
588257918
173603611
11017696
40609141
287095099
264283139
38852433
151035881
42728513
14190353
204644125
50479235
183316328
66538768
442128896
198508903
102502416
436941219
81096612
74456034
127117060
224112625
175887312
51317223
540784799
64363653
513538778
31795912
258684283
214056950
146282145
103775894
93973154
14882938
414855424
269475088
199613079
223049405
481058458
45842793
107845
85491285
46761925
36869155
211519529
829352546
679908308
56888198
166086561
16189213
16035764
548667630
14835454
532860337
321494497
46343104
577637420
305930936
97347953
170920996
157338018
42701300
101026151
220739242
83105102
181436001
225576102
711895346
616175263
20638313
81140220
429104772
338940768
271598493
189583222
307552528
31906104
249167994
205886279
139631311
104467888
72932651
403662352
35595468
68767150
390521019
166634373
141405468
392183541
273738198
150949876
85975526
112147480
231761450
91605916
64382827
176174150
301650149
402085653
81549201
379083173
302229489
199466094
10042497
528160861
165410335
774924951
54382978
404456137
38804344
235798959
218103561
276119278
189150777
232840095
189323381
211370056
449988524
652138570
181676650
76600792
228304264
109933275
113871929
317283568
38750188
11139196
31461594
312737559
273097193
491101334
381932126
417428260
467552694
384510260
278190246
164449242
263657982
296774974
36897248
93314949
98740740
17717256
61541742
38194555
222304419
18781206
104244111
7140680
251997907
244308450
440344126
396012343
577876202
8806883
8897117
18361546
181835765
364502963
483393759
18280339
5523009
11441374
324704503
241985619
259696328
405699241
186680306
135320307
421458450
55914658
1791479
101481692
65265226
154807181
167993394
276982809
378921479
119985041
79761981
598067825
469480392
226942668
271021659
562474355
175379833
396650294
70357477
215550512
429055338
309428047
526398436
42603721
37614905
368858637
84044661
302577931
182301997
221558308
240108469
381452659
473079753
463783352
204542755
203815517
84242924
414909985
447718263
250213471
255149743
459886699
621044842
264334915
86215680
7937607
57323266
769128
415945737
524738457
50763395
539515354
170218431
510825875
277848502
455480294
307191195
136509591
2986037
409959991
427562338
153596045
189646852
120692216
10823378
89658126
151673794
399571548
511308820
173539829
554825612
276165036
177461327
222864682
73890021
189131408
36466703
53899021
52714870
35414472
29809352
553182457
88103752
81682702
241878381
471138468
25419256
639682517
482050991
21746370
208829923
607278147
434939804
276768712
28171233
52260675
271878862
101942684
380603948
115308238
321591883
281089888
252940234
231671918
148265530
327471660
532383360
35530335
40409574
348496525
3029362
461877626
20509462
34078963
148815611
98434211
586513508
33057086
191423020
449754324
96177100
213915640
145420205
118472534
465618574
66147427
203554709
430238084
260576682
441005407
99413711
337624201
214163332
111373682
120778762
712139525
636315399
681187483
331021226
203828408
151089409
46039851
14493611
24821380
651740187
497755188
270364995
110900404
54275251
233947258
81534369
113375530
405435875
323497169
79373687
42223449
85673715
611275683
308244009
178864725
391916924
276651648
50749956
448610938
160509534
348297811
458820406
19159947
387713330
252625121
6176263
335174570
234311613
411066539
5863087
105948
282425872
243933623
144224645
58256154
474744848
84683281
261375542
93546831
55641627
196169825
86455068
680134823
102731972
423064411
221341555
274319373
166370013
122998550
439893920
208461361
215756591
37138764
16102502
243882224
165298209
1379450
206340806
40429045
133498366
182859410
51459184
14897508
595537064
136520317
318753408
218525541
277199876
628106487
28336706
437810073
201505614
484005144
417661851
213820423
571232076
414787458
295586334
80648038
46698828
602530838
203326199
212189260
52189060
19072616
29482811
80899152
5564622
197322867
183903959
651545859
8510662
155835962
54669102
139174342
158809682
58301752
105744873
302317856
155041181
61802808
215827600
22277240
83360810
457409877
59387500
67687276
36524814
383851612
75925988
296430997
125081971
160546909
139481081
120449328
36427153
112006316
76148050
127220422
78367361
243365887
466041291
92826953
207276035
17527686
792408643
134516189
256579649
241561691
99769638
778473845
701214682
729272370
74387534
505379249
138002319
42598405
533650921
90255275
30543968
25651494
219603327
390918177
167664111
97387943
99046041
2391403
172512731
237765107
432617344
676568389
343571317
177494017
204829120
117706348
34461287
66231435
201121345
300901612
119622188
66433606
129542511
99620163
113974522
353715853
181463931
113693925
393565416
24613034
337657746
40091020
136581077
129665154
16233932
237067555
47216736
8061060
515983237
472517394
122530763
284730683
73334654
130555123
1758665
260083215
537737746
22939306
565273736
126259907
169639741
197332427
46368493
8616127
149281474
644671439
8756316
19942542
52205995
92661824
562339217
367403333
314345221
528013274
45220238
102670391
121874444
38223375
179836568
252089389
215036732
381371200
187537869
223332055
85552034
128483813
359475071
341700205
314693705
796188117
52626514
289157200
179068706
37225671
157294016
540696437
200891335
43436069
350798571
35642799
357155200
336741773
841696519
300527647
524956317
585936839
79368024
327584776
154872824
241976518
18536756
138278293
148240259
113864369
230219774
66369690
84147573
105379621
32585177
99477994
115093137
83652822
75956585
223964061
76816698
454955577
481000285
93837458
260200433
43529105
313611768
513799294
184052068
204233583
402273659
20788760
375004206
162442005
484481268
332706247
21096792
234868011
745175817
65890008
106146166
130720117
217315822
355549984
709225423
350843032
105749385
20820362
255884102
63798093
192654892
435101978
86927665
207291550
85729946
87247977
131758014
112199083
432053331
110338215
301452247
54939412
375206626
647052393
191837770
226142479
471286947
26552918
139232342
46500563
532223195
836374313
376441978
168335857
32505871
107447589
171747596
312900360
379410728
127753493
21621197
414602629
542510914
29065800
55244236
645899753
306275127
748617366
52720505
112372645
617052254
308944555
287673978
666501540
51201068
15394645
73621106
20598823
635532784
352550734
346370734
452754856
389744180
451147626
435186365
256916319
108521610
307219166
321781598
399888052
27854902
13908645
65933796
282419919
328309627
679252281
303627370
12871589
50445420
300645372
321589183
14408865
602269501
248458070
861250348
456151382
505506483
678873135
32276552
201549193
15293758
421296338
807917406
92100037
109615201
207485829
77561414
129955754
3951356
91562878
3706644
795219539
482945109
504077184
82337114
84098424
658961805
307362466
617779731
229819265
305997026
810213591
409198704
130495943
118091626
343561876
165625426
357668914
316613967
13626218
816328032
702116473
187453703
200723982
476237501
236676947
194445985
126864620
48867398
319793599
86483169
149990451
9773319
360643735
35645548
96023705
400250245
79043447
628402082
155202859
97217782
214341315
788303707
39684367
597748766
324740207
200828562
88368358
654334678
161894383
166179920
127238548
115919767
12247592
1421062
792485075
77643832
269116999
316594272
512355847
25241221
199436282
146286754
218107399
407628988
384423045
132456851
66389339
239967650
13739742
69566885
667145975
195315170
12592364
124660049
169487533
4526208
50935153
216572974
51536286
481626438
157722720
52070583
375794995
547388647
210606427
447514676
48266196
51957890
134519122
188800628
319885323
709006272
81766044
402194722
242650882
117342508
12444390
413061853
421051191
83670354
30909516
220662621
23136823
261495414
205746703
447176222
316638017
325832711
309040618
197514435
62392957
231461661
26866748
519572229
326897991
90593682
228074476
672807256
166492786
340647352
138998136
492709881
76439443
54592054
376857477
344354484
95327620
49250123
279869487
10175374
234770493
94070045
15353763
114915659
102519993
517943487
228503346
56172097
625078127
155420750
91189449
46890997
98334109
553018256
744985826
354569782
53258860
5487800
623380300
616322551
164691056
2286162
220417336
359278413
27960899
36491458
285194671
78446076
311603502
561983923
127075604
470336100
9241135
41909098
739304232
654145680
25659810
33603750
150998130
14673092
370496586
45548500
100687329
661664619
81179079
64203763
430004132
12548792
202253443
61271902
122667591
85426132
4495241
186353
439533620
209121993
164671371
346552485
469975134
536608675
702266172
231201102
306919023
22385219
273335174
169676771
108008192
13908150
237716015
150712473
61365422
291947783
66728827
281404203
135881642
462941832
2357221
2242465
16120829
67591800
355279334
58114683
426455900
40924732
65674454
287234974
532488705
584340475
194732790
241049996
201849860
34855242
34122364
71740167
296141157
388566184
33009297
80622797
16584160
22539187
82505096
314066030
394002004
476322427
300553099
263872778
48128577
208212289
240020875
21712516
128736814
97364314
493138326
449427122
47951536
756601496
208498767
274939304
189083242
97944340
6788641
56081226
694841674
206411504
128643376
121578846
198618730
15357297
6212011
105124383
380034747
666416571
23703221
253574244
146356996
12918204
3763870
138343761
116817700
115820328
205608807
258939280
38741202
261944819
142082356
264795647
6137060
20134363
183530076
81752005
199750957
268179044
459832667
168661195
241344356
277234968
675543392
644957513
121990444
51543816
21786673
499952620
145481072
344168770
133603854
359055864
93087379
60271441
172067672
363962525
416708985
78074907
433215734
62187765
505803907
555063642
235720743
41826760
66366014
240312565
27960120
386068608
394097923
98110713
186041593
145664383
814314664
134760729
791794841
315928460
27157727
524443896
309244018
125421196
466008857
425967970
239124328
10817849
-968388
311861019
94232293
53042388
221234281
536660250
333687463
362955615
639249683
76246848
77691297
75989513
893081219
362919040
10271858
209345200
113829870
163580724
4083824
140060652
372668169
234103602
34478839
449437099
115628133
111175228
277305834
98643992
233473900
60704391
491474184
176916838
85600099
107943687
208856541
25190097
79917167
231666816
76020652
37642701
114388034
19528212
115539681
98450427
58526641
26444646
85708016
32110254
42147687
149463812
253981695
46906923
263848954
631367760
40830226
310097135
12240465
700208322
429717006
228193400
47063185
267568709
308005355
202367530
56986861
1838222
250012560
482246417
84476846
32202498
617120716
47705451
459582053
12826620
320335597
211490677
529015938
728818486
147093728
103471904
212065650
263344170
37453201
253838961
316391285
82789279
92325834
132701471
173534145
138678298
305085985
388279266
487166258
235951113
10093080
228813385
252978913
73817207
165068812
819456996
91837759
160977114
148082376
187048698
42227613
26307545
5312746
607320448
471966953
116466196
282801981
308234696
368710019
158421693
581839258
748485631
283833125
134700782
103017986
358737370
510400261
234998038
512675537
474872730
255632590
403452410
474350739
474815332
94422127
608087368
11948334
48530860
37641986
51546744
150409383
157197409
63608847
210696140
121759166
67213550
99536975
538909678
189765145
267188580
425164995
290310584
510295198
471156473
18784582
25928323
40871525
160867217
57056402
36459039
115478964
4732451
6278308
751321
114176171
534469816
163091
296518424
254645463
103543271
10232142
85399306
227286065
485666148
340284034
205459954
709313093
11562995
348945622
11176222
140192358
22490403
170867743
595648168
462927598
13727227
9740994
285130229
360460667
95640487
157489601
93495332
15442084
675158307
382172591
73245201
313737480
397031542
124532242
145200219
435610950
623779289
320420401
232840371
576262786
346050032
676772493
69575407
213832222
353170954
255237189
11329
770940764
15812673
180138582
232829147
144919279
499076284
19548362
178165793
144027785
120519787
269514270
13278788
376617423
10982390
278704780
294698545
160050411
294564109
314972295
154145008
379156032
487870425
742436129
415478841
587133485
419340964
537072
112504329
473881382
323184678
329763180
30379899
162091343
19482212
523771689
37925062
233018741
96633210
291836739
332749939
444417066
264413048
541956348
520418187
68199855
125638615
45901391
57195506
133325710
670149955
343727181
466192972
415582809
640779872
42685374
501817814
150828141
320277870
168742254
536544600
220681018
148162763
679334639
410049640
35266968
603953123
2147755
500936381
331420702
90762638
21751976
574107800
722225361
258700156
251224009
43096986
232106652
476466177
11830922
23009695
131920687
360342565
44690566
319827699
10527011
3781541
349160370
31662438
57316759
62982075
164545287
24704130
405709054
188544716
83719702
111883338
47032844
153032044
87873287
335471006
38800090
43840236
808035047
149945379
13159286
55042981
55008801
136199922
392827337
141460521
39115464
217881834
321279790
115067494
275513173
105476531
195516968
132042923
80884658
97556749
102265046
16925148
183169678
12951106
300372471
37120222
20529792
83957451
13112095
349496115
37684047
213436520
339139898
86320975
352146653
607740988
151567403
293090101
854099843
169439506
351062383
220920074
115540040
47372518
377796127
426264880
234104909
34097871
308066635
291397781
298070154
242810693
52433696
598612461
12814599
601490589
496811724
398045813
14384201
19075879
185759230
211449610
460081861
89644591
464075873
587364420
369505075
97087343
336780587
372407371
456460518
319535111
174626968
30308085
765017497
108081932
304672473
309137033
236515927
310725751
160009704
409148905
230131676
149853781
35896386
372552576
33066667
85708256
412078342
103188624
491445454
313760864
248330128
106199244
141468209
7869630
271762021
338094473
46276520
456112635
760513030
261977291
176694168
10601279
480845057
50128766
59602724
28593813
182572965
220968122
28123848
189149570
207116732
165280251
71209600
413581233
57658636
409238340
56967253
395267420
108874645
488032059
439790440
150942228
189242112
496252540
59705926
93309576
13268364
113768812
433919980
752134100
188126399
307770343
19278193
95478440
67102571
505002574
159468893
412088275
202684645
102760971
595355404
72988183
67434395
79701087
45047037
273857623
165458566
37281492
29107252
78629250
707849846
471503245
39726244
458481259
792844384
410908975
769495694
287182698
481038193
244007897
18546656
558200788
374964781
294007283
82615895
251573126
192647676
85082859
70766193
627565156
245192663
123982109
143980088
104967958
52878809
145510561
348852226
468122529
111094002
32557128
249487577
321704397
79246278
248433474
109929658
47887297
186339810
117442174
51771368
79443493
218768643
349117216
112892798
160982784
200574010
136826238
234662275
14123241
726284160
172242076
566681155
160611186
206225834
261014157
72455393
67047076
127612275
366003512
467416927
50023637
202824495
50648430
478373234
333918538
557456376
717956663
467533795
293402197
104528743
170362716
18928191
583303121
59886971
137307700
292422446
690841440
302332143
368364353
320204957
274671859
120038361
84347775
132333499
305276737
60005681
71347280
278161455
340657937
215902306
265713317
362405969
128399411
190359602
411661391
239015145
348463404
209862623
103584212
290375808
486392907
340843240
1316708
366060135
581397604
56250077
25972012
419113509
276077530
157404971
193411217
632877911
122692533
111145694
435995205
13219367
186072973
157171127
37298039
252499728
89131802
17033719
102720588
261081467
211388879
151696098
541739258
7424603
14650340
438983219
716221843
106917443
90070104
340330151
376520735
3669074
327247623
27683017
506101005
273508896
54786659
79345781
233807207
228938786
247972278
13534039
49727712
19521811
454776174
45660102
562534971
195799478
34821921
724634
118623757
141356976
277776663
554952940
275013805
71784539
296758148
161283442
484331230
42706057
72631820
108536705
118116489
46143584
94387092
602617353
353106309
428613090
13979476
105853973
264571009
175835452
202062477
5862866
90798215
585445188
89832616
99415134
645086296
99335651
9768881
5469211
220682213
85340491
325974951
454298019
89845388
427922409
229343330
51521531
237024015
254418786
193191313
249895446
179947802
284259593
211931568
160476665
232414615
204127669
390082098
418884663
41094608
2181419
239693757
98927788
395306160
565555319
309399807
378855413
107319878
172438795
4596458
67325117
573428483
117029789
220250336
356575715
197254352
106879622
52080018
99746070
6122150
358762318
346061305
743896181
247298571
421435494
243580276
703115768
57831620
356675703
35011877
229571280
342412249
181242855
440854916
174966744
3601700
328863055
32251645
448661314
467576198
44876997
285884918
15378652
59856927
574790481
463562357
126166730
592791199
15373193
3529510
40160134
407880808
2871002
452569895
341679556
106389062
157006016
852200
20617374
705305236
221142909
208032195
68258849
270540218
206518156
207074688
76010944
236216853
367276111
203923944
388771051
173919009
3366106
163912582
41333424
101719722
19394816
448600777
321923667
430484576
23588978
407703316
88346732
110418914
122361270
597512385
94160516
374171836
343886447
745892324
702919420
62148305
18110338
316374344
67525990
794823967
251126632
45494336
478350586
14350886
131167545
329060535
16192385
407389091
118854546
345218455
44995055
103431942
456974042
245158803
701713993
12035116
95762052
287587793
243988697
206894603
68621302
72864775
370902289
79913304
435766328
44562099
38911661
554853462
29901698
103160710
42524457
184781334
47776037
305401098
434957631
105879636
128823660
237427272
72750656
43564929
103846414
544732682
139803569
455038427
301397012
142855560
631080611
101989113
82164241
99078953
25030641
176044863
399104635
109987030
284692923
27679667
60179081
44479009
225622182
51053159
220153583
345712894
77102355
220895250
63100807
257615597
103337484
186862404
460843910
375152683
412014130
427697440
310947453
657292249
46271945
103870994
340015905
35424136
603756765
414398705
390776703
595526156
231743760
153945897
341306964
13514094
483885862
164677181
726484933
295680535
250471839
262780242
56239449
55406392
73034389
251339455
442385154
370233858
99560079
436916511
205662039
430601500
169082262
303253203
11180626
118827603
200931387
47426105
77041785
388636011
46130562
54869124
193558525
20785765
160156054
86874354
92622026
230559168
231210138
299736921
11926109
576070194
182156585
24128493
519399060
398135012
166458915
220764036
215846956
566096221
97114510
393940195
330913582
468556228
527511099
63085916
191106705
588489470
107546258
466624509
153464423
396188059
43903410
8276726
252275727
279422997
118783622
160189007
354265591
375511524
579626814
240398185
9499153
320093896
659926728
72431495
237152564
334769279
78950954
54958523
141687123
86217390
547693816
294084224
252304207
10799576
198575756
207547920
644935409
320193794
339236555
218040098
11638044
225018455
253486922
228150091
23009703
609227385
379019828
467344165
22913963
60879501
42981652
632108990
252505945
134721812
681847997
266476263
964851
666793675
15285352
62344737
58790497
61419280
205761912
182489974
31398637
63416738
431979840
739308723
15059947
209922001
195044763
6853396
228596821
383814050
382508791
110683570
178736000
10483027
75185807
431716226
116392318
197418053
29720721
149993657
8182515
432348310
4436362
504275913
280327779
211698700
431312430
36761063
311378754
307456215
53707678
99752216
7629911
597105732
82110317
297916326
192742999
190422574
406496520
83639322
620489505
139257210
13762974
279580609
68170417
215142899
18303175
295535272
107399664
109179606
115920308
179562802
222117884
361932013
142460566
95957960
50520746
377708774
93533234
124121375
234169827
165919515
291902682
206450736
171575085
409566641
178470513
59609942
10612441
32166772
308525763
316819417
432529264
126306275
149367996
23070218
10032441
224994917
84673334
57229444
265931461
65785861
33963115
116461587
432419087
423554201
145695812
284084766
417518289
13762809
443414079
261397036
507422102
451560942
257868610
24556402
424705374
120106474
258110478
166228834
192592204
387722882
18527707
67537905
117027692
422570160
425672058
705021065
135533072
45258997
480821241
48435954
389208913
398133751
13640335
554034672
218902603
275708190
111435642
324347335
329606884
729737985
231000561
47882841
34962281
426270900
150477519
135229293
516911247
12220184
144173610
79010603
666616917
193003490
474422563
291828291
308997960
543002829
213291658
354943204
225093990
218860580
584483941
55718916
106695171
361458498
1510825
335389386
136177808
393885938
37037954
276830830
118604703
354023796
154685760
124610407
86857815
372661500
469236391
166023136
187662517
138443661
108217818
466753317
86941671
26519076
63583464
42211734
857053850
451289319
460819693
83319082
101079730
150779448
29559115
280494555
133412965
53837961
207377956
86132508
261092689
137236211
199016015
379707074
184976598
389101956
186401769
2646073
103342193
380452089
447238387
12827173
195128198
85906008
30922728
152280881
182379744
235943080
144415285
178648331
43678409
40946177
120781545
34972114
66813111
69685942
135824668
297558490
277437593
18996473
161065857
-33418
682110793
614097104
115751002
184449417
600719199
338272547
32500113
141538880
155421442
582629819
850695786
330158622
157979053
75811044
640270549
746992009
707538456
204963593
191360931
716218296
102387100
3059185
208340913
309119276
187252664
88351328
56214436
533761242
432502132
3804767
30658066
350788237
49079500
264719372
170244250
584919032
532446607
24613684
8399278
414743783
315538170
327263678
3301447
282844830
90958362
186396267
216545867
112563851
270955123
359977620
544796510
180783047
13045510
101240385
37677104
174917861
68131580
255692165
30653823
141085553
182381847
268823437
243328893
581530535
248780366
82566360
225489247
325846057
169695564
481855281
160065938
469130481
172890198
115650480
16961551
147167358
147394389
406363393
342123621
294337180
15449825
117049425
121101771
24729479
28961721
681204218
56394590
94392795
172786806
252950429
237028423
523533863
214588174
289650088
35053742
270137787
414210488
324164898
145381039
801171082
26202278
196244262
8228901
24503474
17045850
497501997
94386877
89868373
223816116
554481998
103991544
534568968
304171110
99845478
642002013
189585154
692092514
141831226
153840199
540025245
212015551
54499407
90527084
157420815
191429690
154614406
340177729
150322035
161385157
38866375
66033972
51971334
220719862
143775575
82325801
402316805
20067033
148791892
75281124
104749124
56303370
18490798
181078477
18074277
467692322
63488795
114237761
85216104
112520338
452859118
71869291
281480860
73491996
425707435
78136137
312715289
607397715
423590853
413659054
171433609
30786329
1458842
412523842
107961513
95321503
391528821
232594381
403569305
55436883
88820930
438198675
148166827
557710284
231949307
503457081
509533103
356122322
887358607
368467243
82555815
647468687
42243260
413409685
60362005
125251821
16469677
11413745
81955423
474199403
86916997
78024072
187685490
40228970
143000510
515400954
88454091
802069301
107355952
180255263
51886429
375546563
355663993
73978667
411502015
213127112
775538440
187010049
14592298
6956880
35162732
32739777
288261052
238116532
663163873
69167582
20752425
73237384
144961723
224220982
79797014
339921236
18257300
342558203
86908724
317483631
137520382
259964867
520155070
767742911
296275208
478972283
44734799
72223571
91533180
273051060
386186122
178490706
321254913
300345307
233104036
139401921
196616353
230836171
240787844
248136505
96917517
146435438
231554706
19526828
453868989
147465024
154129089
85618850
166051573
662525971
24808800
28892503
129124705
177416910
322344744
570213175
135952739
141578526
556934014
190611196
405085237
40752334
756183606
23978972
134483978
441458969
370860574
32967619
39474135
140378834
101898707
232207813
233829949
421121506
426957304
20494103
392704178
142374993
102042088
101911059
35061575
178680307
46316242
209073478
332344885
278214275
99428435
150471638
624198121
480206156
235284879
149991383
52624315
2201271
72803586
68560917
80021397
208648155
48142830
229446949
651673452
554170829
607427173
268141937
261129263
11142377
397730773
28849916
324502254
618139696
568372851
21861682
533384501
198923756
434206169
162551459
90016183
281122997
8586128
33602416
562070906
857717710
179888294
33068392
102468530
26378800
339313069
273689519
27120946
441863997
109115900
65633120
368248966
52000286
578975282
21773181
65982168
269816724
1953022
48096459
101380464
125023082
31394869
602901501
573822014
400741218
37018188
367608709
23093873
26626621
477450626
718340403
461631508
22686469
270527802
239533066
354049679
84979640
75421087
220117397
244985353
236138068
25853734
167907508
636571282
238399852
290322016
8547236
146775451
150819805
146896391
192980351
306962157
144745088
96458664
555572533
239036768
412587106
404755787
42941041
115686094
193371079
439865156
533521511
587886693
447217852
58419179
265221266
718944740
605714828
138388208
61374703
597562062
238943257
126824322
301039684
83173822
461366525
454796291
418481244
36404385
53335409
487091612
101600363
280633435
68821608
5389054
247407616
527115625
149630771
113868724
668314577
44974446
148543246
119654279
708288573
84358794
200784790
95434149
33177881
215777495
73489886
112448379
192053975
440079870
249872387
610121448
51382522
4008374
98024213
139066686
221393957
184443333
101317517
213959283
15446623
217756433
245382598
445153565
298088829
43988398
245999279
161700183
127204469
12927322
442136131
9754838
618993823
234399753
73829859
17357644
759808302
261492573
473938716
619182208
179648526
343553407
100629991
9026245
258556384
4765480
222305297
309907293
228079991
140683751
8656154
33989516
522051733
7923054
352427385
881032112
12254038
267642682
19733357
406291045
88760884
7936632
574941726
757153945
742224670
366827002
49491069
445953822
375651108
359510034
630640442
178603416
297946637
93287720
381374202
78191830
614557753
295235499
176495395
21723445
233526635
155871272
336933780
51668896
297105948
120908513
2515047
214559510
170634092
207756761
220962283
543457382
2048765
426472643
12608095
544053729
202047446
21696592
258053146
8709848
85656761
286708529
558602115
153663663
146776911
751023534
54119428
778733979
23656900
40898932
136010273
59208809
180062227
277039379
541939303
70696869
152476288
46121794
361822939
307643958
153487101
52883283
695985792
27847718
1565510
668393046
295738759
325221928
276370350
298347120
24044004
221557628
111182188
41400299
291949571
69776016
92178237
442995719
121975255
746234008
18622872
131997912
40234662
38207449
727700328
302100005
31703741
56839709
366505261
7016681
128329336
135094057
283157481
497141239
331372935
33778569
623240783
526448435
50058077
384133700
230642540
44612471
143951745
495827669
270172961
113863249
455063893
22080076
69416948
28566979
40994217
291222115
365760137
313447865
556317158
98281347
160597582
9998186
8447431
437912437
250154647
468086230
167194160
88606262
133120444
166453914
81119457
582114751
123426962
111435960
492328687
14948205
80555756
690056193
148729528
475816450
307047684
363931084
46343670
356730711
316995549
50768350
153216882
439522682
62165043
51303775
472999031
345261388
272069219
708633862
221655981
65610795
131053337
155225303
384171584
296948486
434058727
93549860
392659415
465286537
2310085
192585658
220199760
259724331
85478940
181704113
124099665
29405806
340483622
103674066
486605179
454804542
67482481
418042303
16219876
530667695
10303314
70579554
71350629
19374454
3153118
428084648
44520301
92363036
306646714
74725480
197932987
258968448
559273378
194251374
11966932
402917997
120002147
6816213
107745552
400007506
348306685
238099912
417182957
418935285
35338748
195708527
6449308
352432070
201009405
20679758
257784412
276467058
836761742
19408186
287560820
378802874
30404475
56446666
276445274
300132373
449850159
257645976
53731651
20484334
316399185
54957377
291170150
349523343
542839331
56398495
61232952
138882768
161075490
423394277
186200893
189367264
79769705
112693144
240314317
111000169
142069507
174253810
561942513
167999450
6814129
218879009
185464797
299303424
35757967
221635195
765154399
506211680
391586457
74269423
204035416
84147443
134964182
179927965
660865962
137831034
881825798
79174523
64941425
396605896
84818653
290283753
326017565
553345638
216328966
288277445
254956511
128072281
111516789
479381123
227356352
195873450
374260192
247135744
206410514
27987826
209010908
10344693
22343858
472327818
165981893
104244776
469070754
335789389
31718875
512702890
620703692
149315852
56170994
289720588
139734351
181073977
112391213
42076386
194378077
126235670
121355660
429106017
8984759
147387260
160896050
23939347
117004441
116791889
353189413
279124457
199651809
274185976
159627008
216334240
24281618
181902093
766434233
488508535
450682805
267045272
237100471
78768353
463765518
212854748
510644819
395073079
76060467
182629193
126279692
573253307
51368544
128873246
7616706
144458705
632084423
571344745
135890077
94069170
257044054
53627268
79598842
190887750
61861342
225703570
166257997
130080958
267311281
645607632
689312877
126475409
175415962
295185299
234983163
34799823
221805767
330783784
309209343
314876698
46725784
75487575
90728994
216425864
88772950
83250816
226999719
160748416
86512261
124459182
75558758
353593948
188675851
261025080
164396943
195824113
86578112
297004111
382940354
61600540
442855061
148995000
216213457
324936692
77584415
31949092
87721016
249553576
143050617
325817916
15233756
111163999
73367513
27904708
59300280
460182962
218498817
183095528
241374723
155854453
43328041
673546706
107084311
434234850
480410369
128756378
322403461
282161597
386505287
411598590
50126680
202455171
8446584
144813991
259314810
421140438
4819387
689331232
120625295
515570154
18363381
46340798
311086088
95044858
448900864
276492027
103256918
37870856
2907567
739977605
277021390
49109571
67645594
613850501
414328122
461420117
270904971
11897309
540871668
156654383
288309283
223837501
506483108
2989388
89801895
16605450
133833711
439328033
284292139
20966745
271104500
250041560
27659006
158530155
13716022
101848016
426630495
5461964
592287578
318125718
75121990
8681872
192891582
3679621
101750460
342032662
271722766
8701651
242783475
119825084
351223068
359310060
147087947
184342415
164923566
221685418
32042311
113273713
164505436
63069520
236922108
14327438
717322824
70522665
356086410
306043314
167482960
91591359
70436264
314644789
686115413
583135251
347349351
206174967
165100102
67965094
71727273
759846772
448694072
196795928
295195540
301431667
63460848
367381741
29906792
394234424
8665115
270639942
140398519
220067270
138044801
202079770
286809290
26053208
304410492
376607858
88655876
36845414
23183034
698376923
136259077
52068617
112544577
205169998
67987445
50537723
348752296
11054120
22415391
158973218
586626651
101157538
87053225
4683467
128353256
176286851
325889345
376049594
79967933
142416747
88785485
113564970
174314069
714324161
590931822
37766826
119302227
88127016
20187124
15078722
75235339
256707055
397651866
72079242
698666228
579058590
15380084
95352185
577966163
60813083
124708660
218930102
304227
393359989
72329420
522398327
424903055
300155520
388895549
97750123
133322080
368655632
239586366
1001718
357152131
586701819
293325770
478895119
101783059
9772924
372714642
36061064
161085591
369275009
170521150
23769696
522524965
596452162
529471131
396899590
214902873
76276242
452241977
132045635
87663381
633444505
536378125
167982550
259072810
193921023
68743962
462502356
22154360
64297793
114350442
78176314
84875137
404866097
535107077
179062927
189734107
96386275
39303227
81478047
35560376
317767911
35560644
70935746
81330494
218292601
41780474
347858546
74158524
43151040
24135114
247395308
216371589
776311070
121998756
23734523
4699426
421139435
42193583
14350622
29926042
559657795
401854793
351376354
60822026
579008350
15443030
338892324
557074709
311022246
104545060
114454160
138281179
457575404
384095168
516478494
251097314
90667216
110852844
233569841
411338700
5956544
27339077
768815
434502345
140394498
21745360
310407407
162758739
791222075
200799463
619140208
535707148
23272492
91788712
75086749
67564192
323192082
79825647
48668687
139514129
105947609
258101133
25873023
99698347
124338546
761430775
179969679
98911898
170836816
23830284
341153055
12620031
348073791
170718726
96673291
61782227
268533611
258752032
83286515
197619032
330794010
152373237
416873653
183096087
425684640
250310144
10473737
52129142
74173350
595270690
206517550
399051279
161192874
80572029
89829101
67045628
450836794
278460143
110539011
32410516
211635263
357047577
290971623
130281632
27730358
278717788
531356525
82520154
101214539
173475772
88788963
563384916
309100143
81732460
60851268
304279301
604448554
350044813
188886722
428745574
11868112
18948875
239908158
272253306
406523190
167075230
178463743
268170022
460061289
194890056
546157833
371094590
159481359
291126128
346156690
196253365
169051680
214245969
202514913
586731873
111324630
258702844
263622505
168105217
104297111
458055078
716816449
164702858
298672072
78844230
88275254
353472636
687402363
676872690
92033463
220158859
550072980
140321903
170947741
160068034
295392967
407460812
557260487
10252419
475291283
30478137
33012245
89872550
190307458
171148772
17134700
497412597
58282884
601416825
643510089
194984486
53296312
78039687
249360576
27798695
44093116
164191214
489984802
290101808
778277366
251147465
313407060
353658517
88123480
499190942
14281395
176694595
128603894
122123431
511267694
88997412
95653222
86750323
421417612
91436647
78977182
215902232
70034846
39432058
101193164
189519168
303038679
756453317
21870209
78473221
181652017
126167078
62835433
524471413
168064748
86875881
119577898
407109879
356635423
28187287
632821623
17378008
217951607
227325071
142979013
35373401
57668885
52706
578895694
14081231
31647493
60655199
185074044
241903741
306798313
18344439
154211688
572687543
349542189
324884207
33477485
234152996
211663619
121600242
143643343
126839065
241518383
329488824
11897543
333483872
239876516
92489050
10841836
682196248
134399378
591622915
70966617
12265358
361219057
723840431
320666442
250069083
237195380
56125126
149346231
245388098
601179813
361536166
144598929
97191005
665737849
198232483
201795304
198524406
30435876
2524827
370442816
99826543
627583892
519489679
426683702
538100954
174165231
574682433
313371013
9127923
148284264
338887811
99853875
85797904
892991863
100982314
201332513
326773892
116194607
130546623
187933326
79143066
26308163
139414834
384400912
14237890
8546583
302125
47287274
617037507
163621779
187250565
48089764
253499332
112998655
170541800
589509806
252951631
99747232
43695065
290829005
35526429
584330488
18034117
2423043
6079851
34819129
12774355
104255643
58540875
87231041
608653872
29192421
390306835
128628623
521880248
11347616
202270794
96970510
468086117
380530361
207683057
39666584
156585946
81729011
344240233
205076101
153278220
301146316
3492106
303397084
52407051
73996003
338964771
385659847
606181978
289399425
212600516
21491491
272831996
531403999
46727439
14189707
336994238
230482264
23027821
17913713
3922518
174341872
181747508
361956327
181815423
615805437
137910098
152924949
232233220
658973268
89543507
283866189
626448555
562535673
397325607
215893657
474873844
18052600
123079834
302861622
433772137
166673792
255221558
25114983
42393048
352039252
362681348
102495306
755231596
52974056
10987367
304346523
251709441
302932246
524166700
70415248
743475010
609185538
32874764
278977238
53745256
35340626
10865746
555129064
282384041
453824787
421484472
348645239
292097592
12208014
26047738
63150720
74409873
270431459
56247924
453334848
23465071
5989792
147797564
9478006
570837319
656987380
45078116
4459233
111507752
569023336
62004595
132352459
64168326
52945764
1562880
27642900
508646658
21770179
502399869
34992601
90489170
1397911
257747305
555035165
277943104
97557389
717046097
17464274
36005170
15286762
279260010
91676207
85948731
360385876
1648956
189319766
41576917
6640384
483024650
13977587
36862255
274072794
460250698
147211393
132109532
28357556
144424535
378416616
5637422
296031845
268471187
398476233
368099410
102720437
712760462
223860461
202700211
23788672
12407081
704147204
526111949
327083816
101508258
45673179
346999008
92351387
198141924
105692153
77349899
326588134
6697764
12513582
45527805
193633833
257870446
3215454
228727770
278644269
312095823
448530008
757653034
36469465
72743619
106068527
126828515
6611596
452878420
38120994
455192409
207113593
28394723
236408703
119927583
601313907
321198808
95071359
443785441
57195127
93768870
126149731
358616836
120135385
768930376
279787024
661312302
313712882
181581973
110279602
119250024
68336937
158253744
370636135
676957930
223364272
177460001
299236768
450466649
57407549
68925954
281690363
46535985
412005554
183308996
78754163
274645208
148016621
254307566
46640545
19555358
630959001
512641002
553894854
138772151
132703313
65970857
157078329
39893253
92258206
687770643
310301762
621011065
345082411
63233658
503107566
236451191
23032182
224679394
469735741
138250264
72148003
134785298
130133933
46913041
108238232
591226064
583452750
499375818
94932413
315503528
177028923
107958274
8659414
277646192
388133939
340683886
658900664
53496820
165664849
189602551
223904728
292387761
29331730
70962624
625672686
503305674
49176648
381401775
144214405
86997399
306768154
92804745
33363811
283425947
786010586
596360207
113823972
379765090
319526291
149617538
94661690
13644499
302177049
519690987
46027533
47186495
114491488
38089781
693966471
26468907
261444095
401895688
241970244
365377198
125270752
148536829
13368105
215112259
530383209
638970077
6935097
452429089
60282976
67690732
622084270
508492239
39742586
136804643
43062090
460857704
10541213
405954193
277911980
284547182
1845789
728578257
564827827
55289044
371870053
115463761
525666005
29630375
84259642
300411132
299076125
255758481
587659923
136630450
580303957
783861819
298484735
56402779
1171158
124663419
589645266
501677502
229445178
190741209
163461001
15511892
373711560
266982037
202748605
729794888
266706902
105235316
735868194
211747269
16627474
471702008
258683905
142330348
349243622
225388414
213084335
503161681
28187537
780358050
448977762
261311581
730701992
100450576
760339208
95748775
3219675
128227987
427962981
464730321
19256567
93422872
492055223
164695951
308607584
362168959
229358376
20788369
37380043
199135749
171448245
144366346
203966245
58952866
271292254
461504968
110878974
562524341
679976654
193925594
306808973
195237590
181702879
329061168
238034868
43223637
33852964
75686238
2924293
120469660
348811332
4114930
294262337
298671402
79036958
142591617
77023163
41105509
169282029
210654965
117609434
106917014
283057545
346390763
39987560
193647975
90745670
121277280
295928193
73037315
22283622
176729390
12683502
108448241
375718808
817959443
345681980
357196198
356070823
435294292
416110149
463538466
227397993
266954928
112765788
401882646
561595790
222216520
522485474
131210975
193601908
96736313
420801466
399665825
265515466
76059188
91650966
94981490
250917559
131589526
102883177
137823724
29129891
22192758
267540863
125328960
32025160
206617421
646673115
141994168
42411611
447739810
181962076
163561808
223260994
498327705
13304281
431623633
127361800
571867105
213091684
455762871
55806302
241818355
140349808
98647550
82100665
48386889
24914238
303576426
336333194
97934331
720927956
390161950
64506569
24977645
36636127
334794482
228361195
132579037
216243634
369673978
264685785
380401665
189497958
129897251
338366475
716383040
171522730
158582856
295278921
19141227
296736561
142191616
215856603
552680616
68145797
76307305
67032671
471758571
548840434
46626261
113266693
169633828
527036978
60877335
93633252
98311018
465306022
7490250
226347106
320602512
212075769
86072932
26794560
108642858
39803668
25078859
86772449
118115245
280847061
370980905
597357199
162635339
266006304
380214263
503290135
310292868
28695693
389293855
124116978
128545316
234902756
203831003
328154771
19017156
102509788
700014684
232082490
184108993
6602521
444716495
406341597
28172506
219636956
562181539
512203114
70891964
336410690
146235893
200220618
620207760
109060808
310112300
132159034
253942812
102064933
298918302
18408611
256716980
32852005
267864623
35039260
479010240
363974306
163794212
83730969
96507925
84936226
481554155
261590994
26700897
100494479
284300165
724961999
482022500
220279198
205158697
547899349
60955927
632760503
514007358
142992244
432172414
671383376
59648716
44071239
25172968
415342528
132603314
14334944
488181033
41348116
131584415
197160138
93688238
104349391
112745124
470633979
521056247
86277249
95514734
294577007
8104611
143399687
80534987
397073098
234680077
232443691
301118125
156561824
531142183
135298998
40021955
27495321
354807831
213925372
56090784
225233055
173797452
13495735
197934201
385581143
155200800
455203884
133018127
335721919
1190475
270975111
241086848
435206394
40697288
166958736
749512050
617094866
45540521
81834031
636547115
94626696
532636605
309583809
69737647
439619572
51283399
806238658
608875110
176471983
586274626
345218613
653603150
67181599
95493268
296922270
103398706
33769988
43727079
331322903
579691733
168631082
394521717
11466734
43927461
29319614
388250104
122920443
2947791
230585162
25355894
1553347
174744225
348406758
674398734
361076118
517147160
52065085
58363819
444255890
205735294
106937736
51408650
326173590
166369328
37133063
221307300
25573369
158584879
53795279
2035411
162059054
84932108
600674076
24718228
16810691
42379374
488022789
129874113
63840267
462149556
10169149
186658473
60161203
14800092
52442961
160825685
489197538
58286142
276896085
138036211
280770962
420098
67941943
449396944
133751031
170042952
90333529
591479177
342360665
51377185
318510674
59923514
184051151
123820087
454361918
70055588
16826271
284974138
157533798
555105418
101269392
296734658
229223101
400013480
12314764
65713775
383508661
345828829
369279533
53304037
421840153
88338815
255277875
81357368
171859407
301518955
386307061
456895829
56387527
202870397
35323905
163223188
636920600
114222954
10871697
703715709
282961716
211585699
13091218
252214959
17060141
301387082
243495224
214192141
120553086
7701168
837049782
205365153
345936891
314123268
304712862
472088433
797053034
685849243
75616536
431509425
-18928
207176658
5206452
152383693
158652961
211504920
417266896
1963489
326858600
727498716
492088088
363510569
55153771
295661871
83136704
60511231
108481654
380782877
8353370
121746304
257143589
152835014
184512967
684086551
584739628
354744725
874233098
250474844
20016708
521579016
191812574
257664721
456254258
111381312
580929531
355250824
11245522
347984862
31338948
4278006
214804280
186931097
143925415
388926017
336763936
161792156
428342526
130309687
432305775
564431079
437621859
17565848
144527791
101096327
382480709
267894297
9111768
2558744
456901748
31193905
471798055
21058795
126551281
132073296
19723952
75238071
601769218
82183762
447328942
70618834
412355104
28280625
89183373
60903218
663457277
3499808
309224328
26780218
43153005
429855814
330812743
152370877
511156483
105063365
22479151
446144659
25414555
57258214
409217698
613613120
382798877
557564875
69385101
199587922
116996969
212390152
121473950
21772057
614864801
201683888
235072765
472409657
13046256
147370253
125452389
173504576
783715088
523537696
183018070
99494023
478418179
329520358
16467337
71476282
91812009
140395338
448364512
294760226
307879052
494705141
594330784
15581479
226966930
701995781
378245260
382413335
542776261
387400687
439551279
14928687
34158395
804013740
152605875
228578187
286086897
193622135
120488542
8177854
213560264
225593448
22106550
19543500
355013478
286983918
23247591
365998800
61383133
404117955
99411814
290516261
20596985
49212289
4337112
842779313
1293032
7631431
434371360
331648588
154281514
186978743
235142381
257571072
272226603
692152281
593859996
203233872
166819470
18920069
625256536
392199102
490756770
49169293
76858719
93355216
293683604
694397511
17036861
214878378
718111200
127630523
83528456
313178526
43199017
7331537
321836408
182377355
808477542
110086627
572076293
286461058
61945938
10631427
63354862
233575271
182722729
793460418
421903479
325287498
675295634
291042846
43160272
279044277
253464909
38314094
263991593
540696438
54672609
91210527
63637037
137629022
337465358
228614819
339346783
250462159
43807689
234289328
2666691
321345942
135336176
186091655
595606714
252833780
54973161
11700878
250796881
137136825
88777825
112152158
123053156
180682071
88743143
215918065
686203467
81526603
450983639
223273083
202193053
12704121
587611269
168157898
36720138
60354658
42531048
23885293
74241265
22352763
23558165
772533901
124347074
166489773
427909726
662054722
254482001
340003995
157992548
9716542
6707744
271903866
447117603
139837037
224425798
102701831
38146535
18683360
449860530
595903147
65632752
304108577
486821246
70727555
195237742
92463447
73803679
76826990
35886233
40946074
352055651
278531738
33045289
120306785
69482624
179167928
311019486
131069148
471168392
625580845
89653623
102226201
46852309
29636304
402266756
195228691
83409005
49474539
490139751
72938259
70319148
56004315
635027282
71347592
71616401
355526
228132312
683620186
529535995
49405344
257170867
55858406
78362082
86797254
38022283
459738465
145479696
17109329
87392803
225969969
343429115
185923811
223859931
183440426
354990072
16240571
176402108
643584849
786895674
200584623
277372161
277404548
57178452
250094013
702390725
82437557
137293126
433302082
125402986
338401709
317972811
48566832
85204253
481259464
376975847
318628267
2704184
359850286
38390566
311856993
152804328
347536545
20612698
86156592
309983528
444845460
382499858
26614921
34688061
94215716
335539867
47442193
71110049
132160465
625398544
455435351
191676031
203426688
149334579
108745031
432343887
118919146
12498152
12191842
478076735
69218107
476355871
342122167
55893678
324746593
295575657
236921950
362284905
40423408
262550773
125998800
315211407
130438946
114907804
392262231
313633121
24423800
261452502
77083284
155217127
588508280
419009147
365351962
117141306
36129082
684037006
552963251
123371107
64527076
79791819
66411800
248636849
121834928
16035972
14368289
563042494
140015356
504867714
52013962
63349864
145208709
57416222
699164848
367712198
29030639
131154656
76571846
56579938
185797851
92650340
78155619
454956245
434145559
611832709
148685017
717879977
38451804
42997132
484034360
146221859
155982646
5828858
574987865
81949420
11455102
377855464
259256273
98848551
42262162
193615845
453330833
267993966
486230446
124141257
150926468
858226729
120160223
286429650
79745226
106600888
5323874
187718949
302548643
30832412
30422168
13392641
462212373
14985544
278248601
163919395
59306487
184336355
9843695
154665759
195496343
254774671
462820395
175628834
213476587
56394857
648747807
446855368
14049177
166922862
144308905
260452245
346464031
68804872
25551635
242678807
526354430
273019974
390926487
208777181
22746284
901784
268964154
37772661
200255121
666102857
93082602
504698917
112260274
519034590
492315847
408361785
50849388
543487092
22556644
454418233
30329706
73580964
517458208
5852612
2171574
111043956
98827201
163807773
98959636
266900699
2914409
14434158
85359471
211663242
243543907
174423412
220771022
159663600
483547530
388594029
440560984
343335108
79717180
544690344
246483840
670331693
323507037
512324150
66340021
556067587
205424144
53340643
215603820
246650181
337303718
36153634
128710929
277747215
156344889
808078338
194612656
422888067
154214409
17614303
103139391
214692703
140515552
76180650
298555913
262896928
829006942
325611787
132282277
627203250
724484379
119827582
329044647
20341132
482921385
423957174
52991492
177877946
3644333
302185534
812651600
61887410
56693305
449438235
138815172
452571194
199477190
28853869
56379275
204506106
659213144
74404500
559174456
169125147
205742055
34001808
309629115
16139343
75913614
98863769
215961975
475020300
285070213
115407784
206569894
278193474
265317270
178749866
374992447
5938002
330035187
293149584
354716439
182678454
381871492
109129308
486812553
4756552
251447853
489878321
19764627
160257039
679751851
25578620
87270162
607685189
17157930
76901173
252634231
265228918
74257677
100546879
169940479
187936852
-163680
21991272
125051301
209739727
21172567
329584132
471612912
627933170
423939815
207908658
257901446
408025400
48550639
43210870
362792916
148029334
317673021
43161650
266245307
49493374
49089543
18974202
287007120
297451315
600151638
464025500
123199304
347312493
280850066
554584392
369447972
326564487
462560941
175250416
69592381
89404957
476917063
459222146
49103384
399427201
29846107
180100541
10053937
311025457
11241075
178078834
147658493
209780676
10401763
31128631
348434531
522192368
132317678
350763424
79825959
502330170
260844262
130851728
78022773
29381474
647132525
67770073
74407605
23841517
290095492
800923143
178982713
176438722
238609889
229679595
75819284
161037111
528701630
449874106
124305916
88488756
319390463
95148057
301455354
39713045
64583616
681824591
111595686
342169106
172565523
28165370
330506909
804173973
475067432
54090247
374124834
813977119
18649049
148967824
41796501
5697619
103170229
299003151
235020717
341050707
629074098
33369383
57877824
115740874
236597197
302106419
477490151
413211761
296225904
55928905
1891166
322225025
103459589
26883789
341526021
39090755
37342461
253075278
101171138
2959480
13005023
625645700
247398694
373582929
139348163
108294338
171664368
74127107
487970389
20339730
365504687
441523085
273445578
298490737
561491108
103759395
20097485
7130676
281734179
579638285
293264054
207786198
413617162
648584221
233415663
554067281
383583140
34998721
249148995
219870791
80035451
2468832
426951509
42366069
136749157
22676264
206044875
306005950
307885278
519103511
709602089
189338017
518643755
47656728
233002866
414751578
175431619
138525018
25880451
481516954
156421191
437022708
521845756
125173536
374936173
221626321
214203152
255501736
581884981
60893574
45785213
73238269
711964628
564667766
80282874
77141541
199392149
385492145
113117151
260348913
304520706
153604711
16035869
17777688
170708039
82102313
146530399
680637877
174861874
209022948
317138861
112254002
700103546
189249661
287301953
112442619
193948777
108469989
239651208
517658379
749581555
151224278
590550969
238206858
515990180
70912320
88286794
340876903
68396146
262919212
179631948
52758910
118689455
805937621
60816501
469114252
44153796
417929680
23184380
77058995
123804071
465198895
109751785
148653347
35467008
3990341
24077289
316572502
24568185
35035746
237557574
38078973
13839210
24955991
35196360
445811628
116960305
619005663
77788428
42144450
158554043
102469509
55102518
90688705
588936508
79654118
2974096
106535433
8104959
113969811
133798268
148719153
131594395
464320574
4126116
291547537
142914463
40113401
398292225
90095554
72998068
286387052
243485173
115014551
311937049
110015577
228571033
615512679
43157378
805827099
543535997
583919508
337571332
126301960
34441151
178308146
15598444
270272283
49766734
111901262
30153506
58891545
277937724
30037467
702028131
230915637
95097761
22106475
225058193
123139828
52493916
406404085
146600825
263497992
35523465
28768852
196837481
57422850
427522568
58350871
39567715
140435793
245163632
864373728
110879042
45144341
16526250
86183512
437776454
716483491
151907229
139347764
74784330
573646179
8145449
162672761
102931707
272381545
105787780
256700216
48192062
119637922
374962418
208928934
521139382
219798595
454281914
648959815
131792415
187634625
137959090
26827082
376530195
349356196
263516901
242462388
252553414
401238627
56407705
584404390
491535502
118503217
183112813
305961633
77986329
219146047
103334380
290049803
12587659
181896669
283628371
288140893
30785581
199390648
51620933
85074517
42701877
348931386
420391513
81765196
230523949
573753096
129145660
53565941
246368942
12538666
131660945
26711415
13231396
381191315
95692649
115060551
3394305
240216241
348539870
397573826
642445555
221947910
520350666
533080235
278054157
20166271
276198332
78494005
317611996
32670474
60672517
112401770
60980125
436944197
505901171
49429883
232266011
268391550
179299525
368824079
132517172
11323373
102041981
98001183
30675551
16454149
117020332
23885584
82085717
426522680
671949624
61289054
720845520
21580488
103946574
43934256
61137728
81615837
421441760
185999271
493014656
362249613
142040872
171964223
42996081
101664446
26956799
49291933
68009656
41431283
317362751
229796658
54025801
420864741
330916221
659538617
270416177
353112363
64864715
67315484
129368256
345576071
359605570
150472335
179344137
144578946
126561541
442444117
464367661
288829094
212224850
864986678
416494530
37270574
840190227
349407884
372329676
499820017
123076190
713272719
73083230
7175783
481724018
185603658
322437884
33922786
470305807
619907269
73840062
322502810
180544900
120917172
223157422
86167576
523541653
28867214
97153454
68247544
253166131
365994939
233353320
335455874
363726822
218952843
614840768
178512040
302959650
300997218
762357449
685942990
189582916
69462647
17009091
131909103
60274396
335400004
701358142
61971078
401746725
976621
13832905
368639989
484191330
192775201
325695122
235259983
156854737
115115059
50922931
547587154
169539145
270278234
37263018
695921190
73989936
279456504
552023553
97506171
48773
327112505
361156017
317279556
375646317
574376371
121716019
61024897
86356212
251023523
785373052
291757674
116441154
108028985
136184551
31891770
418134818
2902238
174261664
19924751
413755054
264461009
288382008
4805739
91649966
256362406
190149748
116924909
536060893
32671379
44129530
418976166
427909473
469168595
190647806
25502499
107598949
315836004
185185629
504415605
182239347
202971502
422805272
626370232
574946743
339108532
209181973
694684442
370196280
23771338
85780321
22668555
311217399
363011672
85126357
142579148
185381278
174633791
171790995
70027924
212170065
62833731
276634870
291763317
164040547
351015285
423916457
297408708
49133962
226645708
75617125
301328777
40450745
433990535
35871033
2758964
155013594
199357971
177009055
647830719
407830691
131353822
8024283
55191906
205204616
83798766
356150217
57630654
127642718
499081408
100717623
87984567
235583761
14014596
633415694
21198444
248315537
661973008
353631331
12303709
396474050
294971078
202790108
147587911
129374039
19673478
245988228
5309959
393668615
57013566
645858387
490162
107663190
81687804
509338512
125033024
135930283
627447515
319727990
604659512
584625012
29947899
66143884
161500724
137118157
41107365
180097710
131109362
281345115
387397393
436158610
216569560
145568510
298237746
242218911
12405687
44536341
222904355
100612609
262233890
184083172
210358607
1519165
207901114
503870253
206859854
172618897
131516976
173914200
328819535
158645549
369083697
359056200
240001774
363675664
231939310
20853827
353200904
141858107
358277485
101535012
618796113
118538644
144098548
143165189
28571653
445833027
87124219
11131601
50021618
246829303
469275300
829770602
33390764
27291800
291625624
53160723
250774921
43713895
360815594
88236735
106637011
589735170
303946285
481564908
449324552
311561117
36984424
306557784
28608894
564879516
42750710
639831974
55723302
431932609
16397945
22453001
288800605
51514707
327095614
90425763
60721313
624022781
15427169
147812792
32220280
59212366
22405811
552929395
579963259
351118040
716419573
55554635
667570335
111058798
53007298
346076349
352634674
311245811
99482667
593872094
1307056
215308949
30214692
558287711
492333110
723861337
535252506
60768245
348980154
224644673
27639073
100615002
442246557
203359944
388137628
496984900
199256414
26733026
217108397
193374061
22652050
158792444
89842127
582505262
297740953
301269757
218121930
41667414
358093135
87051808
324030296
600654938
660682973
605244447
513115528
425414699
688561607
350861930
392268902
28430729
70127663
45826013
65415202
27041455
594366893
237126674
170127195
540256079
567896089
4173150
365920344
31612902
611342262
318043390
787941844
713232345
27105759
443806970
209099857
57924226
293979624
218079485
192108631
110443976
97150184
6284646
42110795
118987100
226262362
172682590
676775691
308987592
541967664
185896474
418433354
578078085
426200779
348634729
76395814
49512917
395700960
152762707
31333509
394958797
465031346
682274668
141565669
65417567
305670065
301284179
116101015
140998957
574613553
178562785
83915585
256909107
130350319
306327723
97422503
476390641
278052510
60363475
636064538
30843398
182015801
682990867
573289120
271875776
238582546
284927742
194541425
90811859
106847647
120302567
-38167
93163358
117517890
328158465
187281302
122121826
61416175
152553519
528682068
475585517
272576686
173420541
92579629
335867288
60492534
102918357
544888436
293117558
28848136
81976824
5726668
362210763
404445699
409302934
1811073
2820542
46239077
374621256
182061951
112946369
337390271
53270436
591895051
358360190
154593248
230068104
335364160
345858028
57772755
103564186
5330794
194077438
244454377
7096720
138027480
8164514
602358223
656318902
3310976
90518776
333512685
74478562
20453214
269739764
172483081
219755850
572049656
144009710
31205717
387670961
397376852
552243837
131817058
43520720
214544327
119432060
17020098
218354993
119047167
605989595
4762759
307606650
27933529
168424318
7631091
89876885
368169405
6869864
256143393
615216605
32296949
128163650
17494011
432790566
99693134
210188803
201649534
107956231
295390168
6990885
67168614
537630898
445265700
369749912
72776524
200029856
57491651
111106758
41376877
91520236
132471053
11395870
45230352
21534430
10710363
180243502
116645437
213573674
445087084
732693616
252864718
618508996
3275971
126294666
111330758
494214768
470625914
118722621
75186604
364143019
253522395
173111275
76458619
35114790
109645242
375683021
167261066
210984130
86984283
244209076
259374529
462941683
412169327
309230971
52154216
133046357
1709483
633923621
217685362
8979830
56885218
564491131
326815099
485865885
62138629
473328703
11029686
60113215
28190077
311044080
185417980
66118159
201554345
4007408
124598469
17046502
23260543
224564804
7445201
56140466
281885221
7195342
111548419
156655563
20528900
354013075
48037686
354664543
210252414
413409292
179262971
557266479
47073412
264985615
506776162
672608319
15042160
79768144
797236920
81999166
11902494
25498120
16516351
114418243
706389664
70129914
517438659
599185455
464608374
193748519
600413563
9152195
70830806
296345578
654834998
183954259
298301855
21673692
528307775
2680440
79627843
362294055
145905914
308120724
582253255
22869073
64728659
117342657
199371691
95978420
6582096
399254221
186122146
180216996
513811383
225408280
221774745
288045807
367137400
317061515
392169526
222516227
867221697
492193725
393828819
210276743
226202688
54216536
166280163
740970351
37355600
664440521
407857542
358687723
25313891
529952004
675001367
10926292
28151608
705809004
232422062
534439086
599605214
86474155
110494120
42798976
158823540
377595003
3328847
499452986
319736924
463679380
144597549
342283442
768783
857731629
72186719
116736247
41045038
144724058
63482813
113677882
67323425
45673404
31494015
96360951
9430786
72927872
153196382
3090441
147047833
121288558
299587045
51814972
73386676
182719086
343924040
751687516
379972570
516867707
111327532
735537710
277058751
71400169
328902119
151958019
146598233
276483229
139357858
349746937
145194936
5254503
364047859
542867113
513519141
9150255
441764233
4465812
249861717
740309841
24214279
295540127
89592314
306303413
419865560
223116507
12420035
487168257
48415579
139239791
217364701
125992923
60617670
100122602
101405604
264079855
4918522
239199675
132573086
156328790
375767098
558917128
41532247
151576058
81183554
196853624
172091917
97983060
71394486
507355534
267116874
46426248
22741457
139936280
169613308
219557114
246584842
283936558
408373945
17167047
395534095
34512399
430975483
18765350
392659164
17544296
237680203
604431596
572592595
552258419
25862092
4379381
506855855
85664502
126104100
231550969
444062544
48046108
556939163
121853877
647138425
667973985
124188314
85675885
26256529
39757025
130897461
675054284
223022853
66128424
316820058
166051578
34387760
322993586
510460653
170005904
4024756
322652181
3464292
14613554
20761991
83843234
343817557
501624938
599594934
27804550
689268618
893376420
49465470
83629435
553471700
682132759
169409515
614070950
46821707
648630849
49377227
12617788
212351687
827144053
134804028
395954953
54603802
112679731
544224524
126386139
7894832
135648833
45618769
7600542
49506633
309111468
487226519
108158605
526462969
322782314
287763746
122657485
214315399
153568638
440293757
789542226
45109989
63084483
186747898
413285169
75160827
328122116
27699959
73295577
261151239
362832211
192843578
300383969
441492064
242953607
124363539
336145644
42591730
152917836
20838476
87239580
60369750
210983628
567470656
26222887
102796366
43019608
384392507
72367999
112239123
621870353
421776994
38589015
118257981
42121820
462701774
103722659
35961541
27122748
319597239
59644625
227340675
12299533
421647576
706239879
134583706
37284052
242381142
387056337
293890641
70838024
126721130
488301951
14122110
90146690
369954615
155314677
200731381
669410160
254100815
360064441
43400329
21154570
222611265
110554552
25410936
152808392
392389200
7635293
18874171
148665662
35862430
33942645
5197941
65326318
410003874
136715617
553003915
289799557
230373288
97766185
163508551
100920108
55576957
251739227
325372847
609557176
56125381
287183635
491767223
318680245
63606108
501496402
17192756
678221732
15515603
310763540
295563105
261474350
53911932
23696502
141219436
522974843
153243958
38149417
113302589
622207791
280877675
193494774
364079210
385397240
437627651
280621708
388832185
256053802
263623136
43975398
11874813
412097326
172116527
311267099
11483375
598971664
31513727
15531870
235549735
161675530
140818314
148950784
110134974
177087603
127239620
11229903
27299915
551894894
380469803
148019953
136101746
87429076
284123617
212723883
258165737
162164132
86590699
932796
86848498
281621759
162518063
274797398
267742576
189670772
301254331
239938028
582514405
564304886
211768981
8680981
396179369
86673505
275619716
61243664
416808490
489023524
56494357
145964645
103145422
13664192
55064810
148397393
233720712
48306026
248279492
159951125
631174901
177766436
319906230
145432582
470632915
54328154
618382723
629278642
413612519
62313167
29883946
69422574
16611741
657565375
36878773
239070308
39478623
254467032
33019827
-797127
647868343
35196223
380333377
78054998
288916487
134984316
269330546
154017283
272581354
13346489
1461575
32451148
398020175
314921675
581831339
343551973
117281821
219932252
476285982
13466211
321335100
423371155
215915310
30714928
337214771
42195299
356132272
706865775
725253072
102971023
174639183
241728159
808290833
64429266
150191086
144363965
171769623
617886259
508329514
524736141
126742586
760950626
298379621
68533722
492372967
28984875
8816194
430339008
419129356
626188764
1013851
36294924
391862778
337324531
360402452
565341513
180124872
817298707
134105986
103718900
288480099
61497673
69923232
396680741
742101532
201906500
28021188
133010054
42353557
334767360
391038483
434643099
178112038
78069914
200464614
440104256
617280644
412914027
770935921
346607871
77804620
87356938
662329755
662666401
265378968
495215252
117599065
48087868
38090433
743202930
527717159
154691741
278664823
40279741
182403108
325501412
251235684
239318980
496184549
420661404
172891015
41679468
445998048
72723758
60082230
498566609
320739340
133072082
32103622
391465194
111383443
372920537
216951687
52899865
399400077
113822878
381852858
549839774
128041067
747570255
15126498
77609811
154012032
410539962
217293025
242062016
150260541
269672229
100330717
168279059
39020103
42102934
287164561
300812718
92742555
269796894
10813900
185335719
430196213
557453250
141003851
261896755
50939409
122106074
268913413
259979293
169572177
656079161
242234159
173238993
117367256
214407660
221936331
51177517
432493922
9706357
137711687
244969854
32433199
6318623
104412778
170055529
650990887
104571170
184485384
41734628
127763411
487631776
544513485
395896538
115424931
321056812
24966152
363121043
3494218
131739736
497233292
532554111
170163981
38686056
362714142
525198318
73328076
78308994
155360688
92096529
554588473
9963549
24112870
28481553
408050305
628000700
237487164
192464448
434300045
46609500
170742446
201388868
72482099
149679584
100961132
208265184
87555556
276634509
286306976
143226057
398844195
653171370
114174233
361635898
169881903
146998394
425098201
34579637
106240657
24021305
149282267
91759198
401067576
34872658
141032999
166954699
259831140
93520697
513642411
307918059
266258436
116039475
322373931
254679392
138502493
151259596
178433621
143757792
350462574
273057943
367697493
98964317
425388449
87356348
238978219
136271840
126941602
295472458
508705944
238233618
145579934
149888398
125223785
207824056
148112189
793651002
63326833
390874870
179263749
414837344
43998836
32098535
333248595
134636372
434004390
242430704
313856792
43067306
110644894
360935597
383138796
118325808
689037447
60855125
124512194
86112051
52918182
26116527
51294917
616354477
643947437
420734614
249650211
547848527
309431796
375736931
382178116
23866979
93247453
17216922
263525799
234477185
17549801
239264101
256878576
454654891
137220155
17394378
113193329
160559193
169191214
27860702
534036111
303827933
67079872
51291674
6090511
101543493
207695416
499668785
134823032
135914184
61102736
216101851
166843801
631610286
271611724
592797209
620853956
53374868
9330360
23156039
60599235
82813916
34811946
8794012
144910056
541634857
256438172
636934470
555217160
71854642
320061824
354176548
174499165
236444739
147780609
94224266
140702777
217375843
71124506
88189727
26104012
99620226
174253080
158613505
95162583
94376786
53071458
283080717
252692599
659737634
133062872
783588913
152246239
168870825
12273676
102730821
400330835
509156455
11996098
340896635
217775545
87933058
126728631
69882202
394817024
83762880
653753823
68604429
438413681
473177586
592638270
44581917
307532386
662824013
1914583
10708869
214482453
77605984
418119891
71916425
187902309
5997270
229941607
117799
482322566
221482531
93331985
80449045
5567519
208227314
6280370
42602104
200244501
61431175
112378379
703277033
65493779
180705158
165877304
189473217
189261811
192557970
94803497
487474735
79683517
116582940
37011206
183397902
662288716
208643160
163326532
190693126
143779266
303189543
572369957
81516252
198157373
49588840
139528466
31157698
47635016
240505873
582653904
176596195
158149831
602146556
53121539
296078022
59199035
183578632
115730505
306355841
241513073
57283358
27485982
162818704
274004690
438698329
300791077
320651393
14094913
643497061
393765165
302040464
37659155
36470724
181144830
310299602
122228105
73050386
1163514
167818909
37789314
13590377
244828790
99016934
59634455
591186858
200937474
152153800
28482482
121907264
90060331
160426657
70175194
462982697
251004399
67557973
295781472
34960710
231697553
175401624
24997128
420493296
25104595
148327835
739343595
343556009
125257521
6312555
323093128
434119289
209772740
473936869
280602479
60438545
429983498
27805533
147834228
261277963
238628341
287202264
853162325
491965645
419360959
548615876
489759984
540968120
180366766
233970062
553298
248985300
65271197
91770005
191713201
90810974
43154692
82814029
264544865
333968430
13857413
328786846
52679439
20786404
613642765
742547848
386225270
601486139
555242978
671860807
97896511
679957053
79718503
11055111
72524569
239934148
346300395
336990735
563393192
621331162
328286664
407970985
242994571
260108383
821369300
13721762
90017039
383784025
39017077
523552907
182886110
220565922
730183689
203256868
427343470
165097174
293461323
451974781
144180091
59064272
410313041
7498374
113593519
264598623
79965876
395111357
15344100
63987590
594172095
286666307
417266386
153158110
208131382
137925136
76288046
543791180
635311259
1397453
243105844
82806036
346155073
173747968
26518500
135528926
402971704
97091230
576925798
32019513
451959833
35281177
533816028
175338242
41076788
4640390
363990228
690089991
51539245
38085628
56615258
349408982
38786033
597196370
584395490
77372851
367905898
181154444
102708497
1199985
94231851
103825966
198724759
214431912
48709202
18530590
251283747
48002394
365132713
150165544
380737242
683955277
24097211
431205002
87302526
45301652
324383866
273970724
446397848
143991538
212626807
208390590
686625320
371728720
644861529
94915295
433876216
318197739
397563775
287684114
370622350
134306621
23049261
169536845
346591934
16878691
126219443
3117024
104486525
66107646
66311158
110437064
371227241
121697954
352079645
25669678
519380323
206223227
392999260
300338653
412691611
6365004
174045139
3476455
533306970
636736079
6946536
188254648
36266884
175228
284105162
141032444
293721297
120617812
67814297
50112639
127858819
170081671
279868050
161416073
103505980
8420834
276171678
289319316
219183503
128860137
172517790
314246860
407588220
540126654
4026594
29964341
164216884
251605360
333353885
48127183
84313896
6743822
148425492
258977918
348822288
615824552
111982794
553526761
303998908
271035458
132596437
9263079
17216732
41006323
6931251
284134490
625651
217410855
318738806
248332333
209551583
154973933
115579023
151728964
11943784
86948818
146711974
744330278
104751745
29051910
83587277
167608377
515905703
90227658
437372765
600671979
186832254
248453939
145570109
279772501
293031274
175329531
367537292
45911040
349714023
608062163
146425481
355949373
282023377
56470847
60012371
104735291
271153931
228061889
152203138
157411663
148841623
214274828
85187495
9579759
302946295
151654226
565197540
91938917
127734534
70905300
206731484
699460212
110753854
29181462
552330959
236225303
168946374
222327328
191693094
44652507
227625445
178047933
113001779
461633115
77645487
10341573
270558162
64730664
19819838
554399449
31971609
180586899
513409589
51712512
535291494
549481535
38400866
279100087
54541872
109841203
64228235
75679141
225579315
287106680
58352330
304331111
450949021
241400354
398910670
108491227
128187812
104613566
126564113
394758492
189255201
35432200
80421871
346905518
53690050
3495001
286695577
311695870
132976673
504590391
201320462
516150004
109149053
779549121
241520324
543341621
129132985
693070351
691484309
640359889
749910
174290462
397319849
340319953
49259117
834124971
356332564
100830938
172390686
187377878
576101696
254454219
121674405
316561214
72722305
323826212
13103781
391173381
219620923
398110852
302611524
20860082
229935036
172725385
369137921
714010206
492597205
575949202
52844492
243530281
96846659
127584057
506455
335618795
635146387
242248754
161766719
248409803
176629049
419537714
95714315
92512258
105374215
1438460
379934284
16116002
175427178
311847382
135991736
277000494
40216071
437312297
12084921
230299301
507844876
18585593
88942251
59250380
13993065
183088611
220366641
257509660
399020629
94388027
138758676
102425042
80706231
109257881
131914359
144000395
157991133
605876528
117883988
71789152
227990354
92355921
489344050
142112986
143077615
35187474
168655843
376817673
559798049
61722913
5911671
196978268
280017675
277547171
499839732
73056230
252172959
91274532
183685388
756555015
77220829
29187933
144628694
212814391
383929963
10287372
86762738
288822163
303639624
201794121
166647424
12270469
120191159
295691844
597130143
128188431
73846003
155797735
291592692
558604135
600656525
731762446
3249774
84666039
131819521
737623235
417250304
9285195
263330603
56661456
186562989
101300962
186297954
427697781
16419276
266211272
770217731
56154412
214719854
18818140
349991781
1555216
164696461
251412715
128563253
180313072
260805055
910021
82440859
8778427
435654540
147120820
163117849
296875732
536091338
60383691
15963613
79989458
3902204
254958159
180953381
162942758
142906141
186563392
601676784
10640265
120998466
256254497
137122153
415972326
794000187
175690130
214517996
214750302
259204963
272414375
8127518
110081270
85310859
383182752
543255578
1527085
15218164
67076956
275261895
329412519
164135941
386506125
102600211
668465612
341473617
78662218
546610197
240521217
204515839
47445522
140818286
40489460
150260547
18751427
353256194
334904488
645601720
15208302
182515012
306068263
168681013
582166437
581376368
5147293
230595435
64503016
744998474
44585509
13633081
411589548
604536748
87084232
81530664
1548287
521467479
738559339
354591540
218234517
212620017
623912651
385360908
300367933
357213148
276003654
233274998
120488971
188298957
157194484
124726238
89034843
185220177
390295816
200615063
300201443
162292311
270866721
47158465
56673980
326298648
82798831
218521287
234800075
472929359
89341096
71134086
26206984
281623653
348750398
154408399
140201031
52447498
22370792
9370357
322098869
420764549
7437616
634088083
35558946
128762928
36730918
473849048
729103570
300482076
446237028
1016020
117351261
9790877
38862000
53121264
625261304
57042591
152513689
49735943
78106715
241473247
131187001
494687030
216971297
58178301
451404840
479316049
5290550
400020073
521610619
235268410
435887728
783680956
132819460
171528537
353489321
471961732
112542138
154562401
382822996
482683452
160392950
168686579
218106922
80295700
651883969
234270147
374860218
187839473
521252317
105180640
394798569
241610269
145580974
508067802
18261887
577966251
165661103
821891957
118315007
51852973
34473171
33896334
113468096
610919713
69795644
87697600
138520910
465768
245903442
273712924
582175693
177978197
563782185
52489596
448181419
54244784
652762025
16338896
376423587
41902478
417714409
4545652
124509881
529811769
11759463
64750143
15991749
240876078
209304868
11703429
340117527
322423652
193457143
423561695
100880043
223106227
262099032
553765976
310563294
105281202
189752728
293863052
2563017
491739986
74511519
425765331
12302274
5488271
176072384
21878690
233728593
521938074
15838117
215392038
87515551
236505330
47080809
65265363
396544834
67374691
281410453
50571668
7122193
261104562
146567879
202280984
181175363
331899614
303360175
113035142
272822861
138337938
711995215
304337512
206578724
130141014
359065640
783293146
174482401
272126338
148853046
31548262
226429501
55059880
744041417
65641934
11430410
222433817
407443519
123458822
-47050
95959851
55134516
403399940
354457602
127578741
264898158
18431015
243870356
31657477
92797736
74006303
236647222
222290403
7747529
13329654
243258119
302232910
295524495
299580555
561502634
192428838
688128911
292857121
409155195
50766651
151616260
314568435
282626519
74794002
606518649
297972643
191530317
236423375
326097768
419086695
35178904
150760279
252135369
45653066
5587544
164521892
272081111
414046032
139363041
13790641
58978189
17644127
312993958
74434167
49565166
34267665
151400182
427974010
4831328
70706902
201895249
-551950
134182550
357730751
493410640
74331592
208979215
553186873
31852771
30619938
7603226
412784423
156621804
670096378
615054105
221188180
128034937
2616325
287016834
15330651
402386096
52326358
240764741
344059133
334824818
56907632
93446755
125900673
375066072
151996994
284268583
80090266
586251038
691671941
319406053
108604475
39815944
178198046
720386682
148006707
180533558
361338640
208921484
457230318
55088460
130896852
475686664
86393698
35128825
199037743
41516971
160453463
543770783
202909431
120496309
59073822
178402753
586882711
623003819
45567165
117637926
10389351
301365232
422920171
2205242
825776688
72685551
16754443
603364777
624695179
105798444
4926724
552846609
63674795
7532976
22225952
36017518
98142799
5166406
176497788
70239596
137617341
145956304
357452836
119797868
173181216
74392481
222868917
28163676
409676364
120262899
427973109
171838389
542398629
260340667
281567660
371968018
254473046
132041056
6411829
20278615
215249005
362414806
321260633
476536882
543042542
255256156
138046349
489716377
475715679
258671975
540389759
200866746
258759239
178428722
283836152
236377733
11957401
75877174
214606345
434007412
700330852
362752127
193140945
387773318
6975846
144487644
109412746
173090870
218299612
298390919
191684463
526112936
64226299
68877581
135047447
80176739
496783575
131156211
146901941
153117303
327146275
262877659
300790857
567052699
56424371
483975441
55717022
160103761
58189645
157127290
157319502
86725714
27840008
84615928
380701858
302188106
201091699
20317377
198985367
28137605
338510247
693922021
83398617
29101828
18442319
292254616
632614410
300217632
64874889
193144768
90309724
212093184
38163192
407879484
711317207
231185903
91569085
275672915
140665755
51484422
628690899
223271964
414526919
351568338
123434250
657398714
42614253
302749659
159290818
146323552
267356786
31483138
12812792
3186086
115259517
1125254
242110625
20320473
456796386
271800878
124394291
118461890
21697758
275582240
89324918
273356154
200341965
74630948
15544286
10317669
16374566
197260310
52963971
167488939
378097541
64579138
467474256
148963819
271226261
151601606
14747413
34825189
322701012
492437808
148372972
444811119
413823037
285605128
283355532
25409418
526781882
83945446
74647798
203974618
2414356
-768710
212134117
197278278
59524652
13032957
614959433
368720603
176633762
30270329
317404203
34065602
29249521
150411782
15600125
109833859
401940714
180977072
68820270
318060147
134237631
472373947
327699917
253135003
91722200
41505606
379416203
406416111
405905377
173664830
651004257
52462914
352573622
138016537
405630762
34938006
319086413
782049651
739878767
133955702
426209060
83978512
433464064
208814524
413023118
62236073
16096428
343052538
660629204
75992648
195498147
299320684
46233763
387416454
252686303
106334072
308989414
273863654
112807026
451878090
476001341
68118153
49734190
652955118
261514052
25042530
344413589
74268618
155997909
35541139
670814188
219218818
172342878
347816372
21034384
326276750
55616040
339924765
422348659
275410344
69992074
192807652
306860719
529966486
12940862
179583480
271156334
277559969
48233719
665482077
368761543
438051152
338894747
215041978
33264521
583203621
48338275
676073250
834303538
298997906
37950830
184717388
544023842
307600252
54116526
332227475
362384051
8748492
52001165
700125319
30230222
163208436
70607044
282207988
91623898
331002240
67791543
93483690
222919251
41873918
113519473
120724672
75806533
35870511
211322453
360102939
50019906
9086277
444569581
324804472
316222100
484947671
464504755
9583664
685597066
20985102
72835141
1389882
178021624
13076273
174346351
16302875
555850876
689387055
347779734
138684019
79553212
1499875
783360275
87383925
718810869
444564519
756691765
113751882
663920697
130643627
171747234
527416259
9791517
80975557
30189137
149673728
25681823
39585373
5886118
232686013
303326915
1722076
97078090
234612262
275787831
25027284
47788333
321287424
317534045
146197343
368992157
388800765
125478271
355119774
498900440
273939099
37699858
252010494
689277781
793135143
120678382
273543919
292231949
133029630
417504198
56773093
97761231
175647323
166299419
304429774
579308397
119821939
14075789
125021159
140457054
757426718
352552155
66032914
164127269
885844409
177671206
458378756
217580176
3250165
10275271
407204251
173846569
28565377
234901741
3941980
218595982
102543588
292904098
133440516
7268973
110793395
5103036
76222688
62578873
5294574
178797776
455741874
40832392
48351437
137097074
13669377
24522094
93645036
510745201
497914893
260951276
56111653
366875677
165075658
326976473
4855543
211727355
224751104
511128690
95183550
101377179
721469922
15405227
356685589
103403248
868213837
1051693
818622953
561262290
235679519
52723167
64531390
59327170
566245367
50472708
523176660
231623112
84743051
410524611
89713901
169555944
57648526
121103225
456088732
635832809
5637470
367810705
44325985
114561419
507633040
313765317
87229513
475543784
117776192
301519967
135750619
555920984
504232129
131066706
442662480
330075728
53508883
607982898
274861651
11870112
173370033
582212185
236536117
850836918
72781752
151852385
12349790
200959233
420394030
344357176
185662982
222809926
118466400
27543439
148907744
116955869
184842542
66944418
47756781
336966228
378874044
870182225
211587561
98257342
138536334
96711343
466258657
74162634
104719644
143187523
479077217
131441229
54821163
3105095
911372
676429701
161423213
69189388
48590144
198526807
276485692
498757584
631096462
354480207
404259938
227690720
266633555
243106604
378942600
49669998
317970663
437409123
536491927
331182437
203487403
231940003
266715312
59777190
523311618
337081981
196647368
518470647
641296726
85578419
334700681
551552911
8531104
166869876
589069968
40409098
437572255
183499880
368929509
361362890
276647408
22463867
90874913
300979211
38498113
11561620
63288122
43039947
53768428
321258870
34844544
553830719
181126687
541647224
97155460
391338091
372525596
65128795
133839057
236698398
58999326
250565827
199890494
301272900
216831215
195835651
315072244
529986152
178275795
16395193
18969830
188515144
51417955
89545898
468610699
269928776
40100268
163807495
159755436
385739039
71576172
5466329
491533277
296529832
147755758
203331760
603133094
245573579
318714412
718115813
206698546
204197617
67565808
271596485
441090024
85335593
25107008
514268257
56940165
484240653
84523324
41154981
134993795
70476403
8665035
15736371
132944460
529473206
367170449
81495932
449483797
165286513
116501790
555526102
208582865
196997409
45985433
241528492
168359451
63989904
75699366
14048099
280543743
168921809
601657906
346787881
253059933
281167050
42188739
4950242
143086233
512047156
268967497
367280680
136784043
480333635
173528411
306627475
379747113
307660195
235222934
252644706
427090417
466389097
6400740
5828572
489956807
331835632
257973313
65954404
509014439
21698271
41538381
59264872
284375767
14161485
5674019
355046837
689684806
18642086
340634731
262685937
233535719
202398435
76893834
26216333
105274439
404403960
616769618
429630557
604926792
52175032
115130474
115681511
485076629
227018245
273207510
107558403
28168396
559210116
190099233
589762782
391251723
456283566
35455282
92580030
94350136
343500975
367418633
49651269
479964309
335660279
352822760
370289294
81440008
169180288
103547876
369212611
31070588
15327874
82340757
613826786
702054449
41622748
307336343
137267629
138823370
102409406
17302666
260507997
61860788
81952080
433751021
36670714
331901821
5301063
26220099
332971388
248782705
184911763
83842698
478256631
7486994
46548476
125012304
13111824
297250502
320734186
369221849
63258750
315200976
295049992
694945268
61597829
109383970
76752470
3406040
62633579
43771035
14252260
338752481
226997347
580614509
405023317
597049163
127940523
168921560
201312684
8952617
599782485
42245836
54729086
54504957
69224767
504986965
85126165
42034059
172129358
346543672
141538126
661555710
270421261
224004728
155922925
31307920
329233036
133399207
385312938
544972625
212761347
45282910
46176219
256142399
242921214
104747178
70546947
166464626
275395764
18916028
4675454
311451687
299690295
251912351
603474361
108618545
181856132
78221383
771261663
90055735
98547422
371779089
59004533
1905080
285270370
373475282
63819938
460051418
179313703
715159784
86479303
124276221
11807081
461142723
98910384
132200804
327064403
6352571
74719774
766524077
176883301
760316318
384374948
115839249
650322735
7518965
79413341
537780231
441456686
8143452
213393447
140386037
487316896
140667280
620356240
472367545
21956894
61220
746148630
315919715
52862459
117601962
179444467
216268706
515984842
215982199
362902396
21861649
230342212
130063501
153993031
485516616
299715804
57636203
58897281
312095363
316445407
190490581
720534695
22370524
123386360
71264697
28765475
638320489
146466758
34204967
56806551
271715619
529993839
78235276
323530352
237618704
43357037
145646479
493002503
39672651
64489563
277477825
608095957
268980597
358757716
25454373
218960671
38666284
118053340
208887218
264144357
242543987
56474928
49456049
296593152
91033702
758278634
21790806
26128050
48676096
433485151
822248911
38509349
255476841
569458223
157021341
778982871
81234755
622900189
27611142
554019916
62451217
263224665
196238207
259013646
103723958
239770214
420802318
178747265
443735602
39093038
146905016
273255693
580301716
44221049
349246553
71206227
242285639
307088084
88250700
302771563
94222121
20370765
511928608
83835263
486162910
187588225
131453761
78374759
209054101
99166273
39497125
339563118
88868594
607910827
694856031
188003368
869519735
710025624
335976157
109860363
70938479
4134475
110931225
286288163
276455775
194082238
81493288
151496318
144276476
498991737
71233920
139464047
20305570
94374135
152443709
146735884
759163931
219014252
264696236
157076223
771459862
165726613
476010324
234301139
92628954
697557128
43636767
232730809
92917862
228251923
49280471
107029973
304217040
237994029
403219626
71490415
243349830
126281139
609531113
500700263
470579685
162470902
5221734
56339698
153851492
523299771
734364134
559685426
50633573
41427341
28592611
371318849
487348875
16489464
219434309
307564631
267715341
442632410
215726572
64458669
17411820
669475301
3362920
271703441
545110967
333159506
164140915
322848615
442228615
1654919
328470610
222683950
177303652
19160685
374919823
151486286
102164588
478201488
294797732
711234970
18676728
171311477
392128458
293869212
259467643
117295292
227398295
214008762
817093634
44383095
129074746
80355086
46749978
179933604
28661381
400205903
45280583
15474588
559027736
299901179
86918880
8589706
252334780
5993004
212156355
225128202
352892880
102682631
67556930
185291653
284110793
106494189
72571639
271362055
627110846
268446758
187648360
340350536
410013071
77909938
80324392
201987680
234264741
53850955
3099330
416727999
407771987
418806648
541440886
429471828
390818281
23527258
251658596
790229032
155592157
90585461
144956886
269707522
294899933
318930645
38216812
125947037
333574473
24512042
322232891
291545579
197727021
281575867
384379875
643923504
47375640
351540818
431812440
152452768
109321610
35367733
427575764
172914712
641938046
54171664
290171263
24291399
484115708
250921168
320499572
316478687
13511996
501915926
122904410
289005962
187689816
367019439
9911381
155451397
380866359
54706489
683453578
27813317
612009672
67409901
148501376
399669603
40508845
350511869
766505491
340887160
524015353
385265540
17694453
386083004
61296243
305794493
192181254
449075364
307692203
606803540
101901795
48336439
212135898
438422962
298172097
91530270
329241605
129197433
186968377
461019578
68205221
149140804
511862417
185700569
482321614
319220464
307098600
133425593
234414962
425235923
174100581
207422265
573738239
274764281
283868545
426855245
19999708
433515111
141877640
174579454
85490928
74419039
8929807
149904146
408203698
300231802
18945559
223634760
52945984
579747024
25670374
360317718
230606202
101538614
61468171
134917122
116411362
46694609
201915854
196684841
622642
317984192
59631836
662873912
260621558
113138216
190639178
28605555
393061139
75478140
88401091
15091881
745277435
505599025
531123426
67161771
18259272
44510457
232852757
166407562
74396520
385432025
215292164
77066797
187348899
99808927
619733752
92624350
366887359
171794788
101653603
416603978
341006913
283351894
20475657
219666376
193882095
146595239
208580493
130080053
470340713
21889267
96354557
528320099
205456886
28722236
25099894
85034500
276487666
77561193
203543311
95476665
173047861
61727373
6168918
6318384
335441901
2334903
325600329
508745663
171654213
36766806
81019773
425267223
41385046
159780128
131026561
431363229
238596084
261738436
169379756
28687427
134743187
177405073
84158408
129482871
545393360
1493667
195973978
135845346
507854278
626286592
493526229
268151101
96024828
252722377
157610414
37157058
85056703
494205069
138148656
330632648
180199265
247940324
99485370
44020194
62275733
392665575
50201375
20421346
101943080
466872493
219414223
241683612
444781919
31500053
294216092
253925939
128891212
197273726
36597837
255026145
176418408
60545847
225802581
123549709
315495246
397735602
301813715
50869482
389472209
337265339
5695250
12908673
437903417
163571501
90629236
570814456
122409907
287668654
46992637
111865621
453922106
42333365
281892735
51996121
297681220
314246627
284116577
256147658
148300751
63584616
182041063
72934043
582045832
71006338
702824620
9453842
425676055
168852501
467621004
24403069
75200709
91157388
143370086
25040416
223477275
149551211
473112124
188481968
355454728
506045345
35039541
291438629
125667018
417875478
772668418
580260109
643444211
370303804
43735086
37189593
691577878
1187491
21729168
670691001
286916854
375816492
47259187
182459670
127550691
615121726
95106077
142111864
267134906
291541099
86241332
448405288
407777323
17653749
76878916
298474250
12938392
718648767
88457801
312620088
195748361
125053710
86134725
174669366
32925216
168747984
12492830
411170520
125220757
566867589
38704733
100604003
69346734
288420842
549499127
429984683
2503946
281206760
49288365
142811257
6188270
582311159
368690470
147841598
58341430
282535074
580025049
637693694
394803927
623705055
146308960
6309134
362029794
78938705
883913197
126337323
102509972
742411123
141112701
274098352
362051391
709374486
24213782
258910628
260923317
72061752
49772837
601545149
448245008
34793164
76405673
46594712
159801519
250390458
58360514
239403863
439713436
68467655
100207327
525730127
259835372
85996022
274311847
236305835
480208850
578301831
196862728
180080681
258519723
563492584
163040288
265420480
73040493
130853271
616863056
425871499
50577250
322033495
289720337
104829719
778784889
200622110
232231783
720638475
82279593
528608028
46277952
334159535
229900623
495622178
186807760
319789950
153938504
334619183
318106482
360412027
171709402
505192624
6033269
517456315
133014395
188327772
606364447
79915909
236329288
104532540
170128728
442020708
87633286
172007766
153556024
4677976
-62976
38857586
59892779
164226656
46919564
37616968
178616951
227429469
304930377
5697569
193566659
30869134
274862204
166843650
733271806
65425792
717281457
20075289
95618088
176554947
341284087
334731798
79535302
178500109
403643028
1123984
222052
239867674
215433094
168977672
105897739
400909489
138886139
237582204
269817488
547606601
296584037
46782927
295468396
31600771
152206966
259976628
286729215
313843838
176851179
493846375
202033427
76415298
61762401
193752710
50745611
163419896
548178696
48034942
46016925
4747273
342218439
364854160
48617604
149463392
695702502
65640947
242075915
261460116
642602425
36277441
206945147
160572330
60742685
204827035
193709798
246126358
151715132
425516748
263643708
14756626
81175873
209709129
10331040
254802636
149780038
220650700
837253992
148390305
16147186
332613385
320372568
35620867
10782645
407670577
76896195
212024458
275025908
125158837
245131903
152522950
685012788
132238202
326646695
193655468
64415316
73492270
576291184
44045663
572999266
406181725
234231343
418420876
412266545
591915556
322140342
286736521
340580640
465428677
182681017
136793441
410295658
638000045
425476901
50243074
129016923
210833584
47954278
246239199
320703837
194009991
93863118
8083622
231746872
20392565
4998296
629376919
581732589
67314655
420789994
11882291
17807798
336763845
206597046
29427540
272489556
249707644
311610735
60039452
99804596
135927658
291634639
189973719
64329372
69051270
84987934
35203907
581252682
217922702
303873930
273955211
444191847
373616361
707488881
195620612
535059373
424223530
489151408
125146439
70887189
603952371
228274783
196712286
290349012
128076168
328900045
51925125
352470220
209030142
361066234
276968832
65619502
202614117
259919693
22753502
86854301
180782279
399235425
13489589
44422491
11568052
374852507
130868560
41289490
190775917
10273780
38295081
169801838
6124881
1423663
67020803
60043189
154983036
63747047
168971382
133056183
214077752
337841650
564114199
133308033
349288687
297479079
303837910
742571810
237903817
264581488
132277808
57363665
172648276
318068937
56235710
105069979
16485468
524364760
268160637
304342670
314450238
394282829
514992783
728182649
11157624
67280491
122885743
35509147
452600084
422559737
24766579
696478731
147142342
555550752
212969411
70299555
233636453
792976
524016566
406645839
102150804
278388526
97174100
84109372
43359950
9780375
686197862
25935258
14171401
89903360
393531976
697332603
70172297
209116270
434738037
654128367
59987193
5029743
543435066
334645206
292818296
351789491
23341212
177210720
38157644
351967893
326049117
673508241
546269147
442369511
452112333
136694063
94342613
435037670
183987558
71750078
203952262
38197557
106826899
54798219
4276105
46650320
1037165
131065943
168880596
202983448
580300058
154463638
104606304
119637394
168991933
5672179
233417919
132551684
34905637
19488772
55086859
81488424
169139355
570018272
34440867
256398716
36695787
17391647
177304452
243301294
6209592
114719003
112800210
8201314
312017246
256468970
71989623
151115672
32464295
52146880
175614965
395102846
519269488
55217317
444931447
98352762
653660437
145734433
51948616
119812538
31454836
460595599
320910677
285071782
343028692
88530832
700585460
402778733
317441865
27260037
285899119
540390952
185590890
717183399
716062873
98673997
247766551
548896864
111156065
100018130
324856516
67918598
300126366
311117154
60225633
53522636
511882656
30978639
420539814
430272389
66549968
255556169
248913649
152673016
418053031
526875132
82569863
69281612
176846386
94419108
87141266
503664853
69374020
495726385
208604192
147124019
152789505
22068129
46729897
438300452
28110749
298608182
529161084
33536358
52717648
272962352
2673574
113661767
63691006
641997753
148715041
360145463
33486349
118710711
855285268
542087420
464258067
136980454
281078100
68818444
179930203
59916387
111371983
19375304
167487970
168242209
72331419
45504532
44392742
256319362
163032211
466999610
84117427
25210149
235374589
15673230
242300226
570036922
389080604
122315597
244527367
179348488
99161577
184786340
165345741
1736828
20089033
51800679
50464407
273060025
8405946
515646650
161784490
189365306
777419184
81633147
519707633
97256432
360647587
390748132
241162519
389199852
187617351
76150881
516248983
298729712
73989357
466485182
59841644
81897654
637648472
123085065
29536544
207211267
138995513
267143881
178527605
111217037
1566032
380954948
253630238
137888707
268757558
154721844
512015920
91041844
573439248
309024286
151833642
25936415
213113593
251373319
410669460
266941926
11775874
155211762
624931220
112134297
214465361
124657265
223223035
11961116
659283066
48458742
598349177
112643200
82572539
213269348
24710875
83091671
367316623
644194202
494366374
437311377
171735553
208168985
137674551
750221438
92108464
205750793
422831067
17107575
62321273
155741631
219172108
27340680
407136697
64338449
330407314
166372838
31498853
66699298
34693122
130100537
47908093
33815813
71260262
271558590
57839903
8507020
481156438
325718479
15266739
459234498
502844909
221587851
55906693
316388050
178000742
10167858
135265588
319160183
36406955
43883841
145508606
224282204
422357949
91238755
47613645
78344263
168463174
207415525
476019349
45517770
18673724
10103698
491934561
56630539
602837291
292753155
81465743
555504126
238386741
46711522
115267033
147428579
272682720
163145140
385098296
57300763
114485454
188568225
116884403
128919826
19372447
37534829
384217166
92313467
57496553
521364500
440316491
475798775
124544661
365507089
31635713
7932832
345075147
145018216
361482417
128357454
78496453
267558211
193311842
697232202
369803587
165940257
757970624
149671276
83082991
265620435
213740748
145346259
512142940
102996638
133719985
326922788
142904678
54781343
24326307
204481698
347896945
311985569
194042610
62604271
126782580
81813074
29465561
235312395
158804076
3982273
83259571
67125246
103902892
644727485
179592079
97478619
270812135
451464890
297925383
774232010
142250695
264120839
167155906
543539947
268775982
70735909
182379958
81613276
594849065
140642382
147657619
78806029
527014062
55781879
259176073
42263112
53266353
175258796
7800530
58066752
8485339
527110933
102496907
21257689
245052635
313700418
147291231
119783991
383573534
6595826
13574302
134264725
390866336
106968704
242798853
701763912
136413011
104724531
87018517
145737018
128792522
412290358
350082135
325867791
159461252
222766453
102350023
17283390
182279678
281978207
10152053
450450855
17252868
525420543
180543018
481261879
76729938
563741000
8591108
386279349
623431738
197069753
469076942
193567644
454765561
69116551
509738332
26897919
15991900
98212590
239883502
178737540
288436986
334608106
262296083
159518585
99223102
310797653
82530216
465306388
321472853
220449516
545376668
587274500
587288515
120125485
69306362
42614605
302949586
822709215
351208112
436341320
153749526
474158577
38360419
195250857
532475281
6347997
388191538
206036787
532733641
70918632
190893181
21860182
57399787
10721031
91747186
65763998
90398620
162510950
313496853
168638816
138306554
264067609
162965554
228170930
145485820
6996767
144426480
500910079
218338997
90391826
204990522
248622520
183028190
567774853
232741317
219345870
149536093
281742949
414191947
143398464
164292240
184048656
199642340
320640624
246587400
310336205
305392686
353380218
49600748
45152345
36407155
196298502
220373754
126230475
348536852
96785842
493914726
395030179
696534215
9558532
228790887
286817530
233041701
49153153
672783776
261214192
90160335
184257991
64207337
109099066
275604435
126451761
89539238
142285452
222411008
461325809
116374198
99273261
162038536
132230532
136909988
209446476
359139429
86846099
92304671
4815198
186715622
240787622
92633129
23428395
165988807
215581857
31328546
11485129
29835092
619642329
197164061
73393811
302755476
24733470
206408444
484059644
246231418
180806301
151456387
356288108
6021348
218394958
44823274
236550304
244232795
279265213
341683637
451541875
295982433
323524305
301227935
257117914
107930714
174694520
25601471
468454704
427979695
452682758
164987658
274526027
147434534
433020818
237831162
341194646
153107349
86072981
422420535
228984432
473086089
116694611
204968596
191861092
116436544
408975422
235410511
127248969
262234386
112077252
143812858
477055970
23252156
814192188
373413259
238898028
306070485
103902849
111195136
173556659
345421852
756287857
485485936
108028261
41851626
112458028
365269698
123049324
178000474
57723126
381884923
710622095
355650188
108242555
142954584
531681749
245164481
42639932
7785138
73251706
151895107
64644635
631367789
78579292
718725104
490502224
317473560
63218384
38634305
66740714
70197105
419416340
127167332
438845036
110385940
522433726
637401612
412946496
28115372
21273568
282131906
9017274
41382865
104703479
274176282
641269675
554019080
117002614
395943718
424795400
140899022
355991907
300092316
42608363
12619934
218445577
190009243
114566170
603186839
688788773
803146280
129264079
546761774
35005741
51737445
170454178
301091025
59666153
141102584
501275402
160394452
979015
114007291
158116494
506651529
13240388
175895561
23288431
210491333
62158107
266046093
62335851
43795824
17080668
67749108
27492306
87377179
16515637
41884066
19637984
194846176
530624821
184247664
119635696
268249299
368534766
23272146
115924534
34337012
460864538
91607015
560043224
400546474
372558795
42401036
102449148
331348690
109232811
737021906
14350194
75435721
371692922
125792028
217016326
29248787
205326269
45722783
214219001
248896260
295818465
437045225
703523740
252143401
10010741
80161675
633795853
171115592
438772102
6398508
594509312
124475959
649376908
311236334
350286336
686229103
437410888
153515805
114978913
60985554
65635214
19377193
36790996
5368192
328434038
55583819
66991912
19534197
54534178
192905311
343814856
862465149
22450776
117142177
343476054
169947556
141119053
425455926
102268772
81310871
399983521
198938483
190621356
139820146
94785169
109358262
144970119
115959404
92392779
525422811
12086152
170890913
309873015
722094820
679992589
149096111
394144468
235124348
301501933
186315559
618919631
124497310
17469953
116604536
28611872
34283448
209906167
121281772
9684808
143951252
378778323
229085205
9275873
45432408
203192413
184192318
9735680
493663316
19182644
611185929
56638883
386766641
513779082
340825944
11213568
56845640
198103709
207440427
24582572
204812750
227866468
487328264
40457814
475889363
187560581
101860931
261204730
164348338
62989151
315175292
381078936
625449373
65191821
628812186
152860297
269280926
122442529
142715015
164748095
383591986
21721843
184521123
409337203
469901395
22251690
251962179
447913061
452814749
156538847
201147889
88882371
505112755
182603100
46161169
592104946
45712005
266995319
454983130
92662035
15663895
48147655
459420895
58679346
21545374
17777971
9505330
491719524
55601522
336883116
496344641
246828710
5275871
646390135
572246833
267174095
789031864
384964405
123698260
163741805
58513666
591120593
421648623
17646573
388421829
24461394
122613069
93943880
346746171
315984669
165600758
220224124
536131555
11045075
112162464
110141009
206488438
137174450
288545819
122102348
503537215
104654920
245058384
42155
420259779
143616829
506422856
56306028
403434132
25067157
193650749
9380420
21467700
105541558
794372892
34648674
63536969
133827805
417614959
145454129
148156666
126285585
43176446
93180656
22862316
124163214
507665654
545072882
62880622
108981778
24865011
59460152
165237045
29474638
646955153
520774124
215947284
258178711
142543674
456567956
180708215
130760853
284532675
156123259
417562449
155099154
558921637
311066344
460988454
69218255
269005089
230798792
148637023
537876032
380023979
250057231
868179277
2671436
179955701
128514422
276259623
112222453
136734145
1588429
30906436
12592499
466819100
76764524
234960983
799520925
154827914
225067927
124204512
203839547
136470477
146962352
680207944
106827961
115563906
329403607
406833740
194405057
386651116
45288450
223976515
212153631
498264067
28052448
109006379
172159547
98041590
280803911
568775272
21543069
321331851
213514388
45247978
186972035
444482761
140700346
62178950
85437133
92572470
375782797
239790216
60106368
99533755
418267456
88435062
338241257
83793880
744907793
179532698
491032992
8322353
632603751
166975765
192931438
49325922
340971597
230357264
332336897
450146608
375896952
325343847
363382607
36206333
473534638
26488260
466631921
350909758
532419021
52733163
27655780
579841232
550053854
301712711
237984272
364399775
58856184
50176872
225886645
223888913
50220250
159337715
230113126
276415096
374217435
126109593
13935185
250142649
15565397
192155613
154052971
203011459
29121906
127587456
544822403
779322866
189331549
304608835
74536902
77469507
27138038
111685885
15504054
486913287
271195248
789301502
469242544
199711301
363150048
74744162
191573068
198635204
151189918
213746366
145028418
78049490
110860250
624662568
76656967
111350149
21190664
543080027
331851183
35415845
269629866
721844626
174375539
135884438
402883174
283729739
39421910
207344977
104767418
58551039
2773780
654982394
148444838
3307377
62645012
414156801
132820153
281334071
191925152
127850161
487980739
227426975
47612055
131502519
181226762
123432212
354903290
36038895
709575326
394749892
57648732
15810950
65879520
14502146
540310066
226975963
224926911
85407630
721139734
228380092
393485144
218684648
20223467
724433812
50688748
308201274
600878965
243319548
37750118
43032089
561774547
1124557
424465372
121196656
110876052
639258928
692774474
230423090
160330553
582124510
23616364
144097727
432797817
166477899
329749559
240286058
201529451
210051733
50287254
117929607
118114216
248822272
26442821
201413039
18749067
375889338
25082788
297029580
181622844
630960145
233886320
489777777
480394870
75809077
358867932
5060105
4482727
481187351
24310332
526935962
527752807
254624501
177769596
125312238
149030258
63949582
856001121
613502961
310338325
668153653
9534954
277467743
581628231
65610399
248705004
648177359
13183867
110846144
54841906
120767033
600751433
332978015
85495217
137802209
37297176
84748039
4661278
219520176
15501604
87228732
2156954
673366411
301954915
63041551
138457559
37960758
64126323
94586055
265212936
51097167
291838204
572765711
231383976
294816215
618867661
413449115
322677094
70826577
319863790
135377837
346443624
125518147
526151079
4978265
823321879
89298468
437969046
85377164
452210440
3338001
203410793
257714386
183116231
114688611
836576068
221062172
375533684
631535811
529915704
61017495
60045583
232107849
480246848
128763942
129214854
249797634
295151818
228834287
738733771
341191026
579636849
74521051
768092902
205294944
145063353
37027540
22663985
51665192
500390543
734876386
67006670
270945120
740936839
325290098
27731886
202858073
634479743
5247067
257312505
537962011
59625377
84316421
11686716
517234588
304664193
387894224
164406269
44405795
494152742
286043076
362902630
102064405
74502319
45594040
115440754
439913966
61819774
168855415
29379950
679089757
199704709
427772141
674452282
399450626
139222728
202033948
295152958
362078987
74643892
348118584
29734336
121051763
393528384
244228215
248799159
258681782
188196028
201002024
98166571
12168356
548120353
279344304
150272862
843116493
2127170
93253550
220451744
762989108
13804655
1591153
317219447
17543719
74497156
163275041
77381172
1007312
173845236
125307275
79789937
299060993
474792412
190403002
76340400
32353238
446463889
78891291
753096416
291554043
214345597
637707180
13425199
242562822
285308888
535447710
424283068
166778231
472216949
132565107
10202592
96732605
532750147
57850118
185816476
13304953
513588645
142393265
186158284
196097802
4182372
636712442
67931601
3564317
189182235
86798161
310948231
80794692
396504720
140050433
43217780
122305532
155882381
108935680
61222740
84912895
328705278
148545142
28161220
335164477
259235283
172366732
224474652
444398889
116693102
528959902
254467014
522751872
168550598
377118297
134709979
250515944
450149
189793480
148366189
34906279
188062578
200760271
18846383
327373519
25852288
487485998
73565300
147714799
54968819
120032663
465658823
82973719
343612987
15635807
138019414
111968393
241801796
362970885
196160014
311915832
162404447
234168608
113664776
172265405
220121740
377217532
20258507
141585484
449238632
571754686
309811974
4191013
71803515
540651898
183113325
142553239
428060128
379789738
112134571
225583946
215763859
60359562
201123652
46044417
438882884
225182476
354515156
185014103
166070428
547400168
194179511
164883785
561731724
533518749
283264579
133034774
264691544
125524675
566299073
462140310
406386078
522190707
246222150
274778936
145953214
292189318
408695282
368498201
137034523
569028105
675729956
487140175
249866771
67160924
18369805
94518566
565298185
601788917
402305691
356755065
442854998
143429036
694351014
234416445
440512167
262843966
422990954
392032190
22361405
20770487
364665480
7453319
773555846
95167924
63007088
20457052
675283484
6840096
39259759
91277369
65854891
36797447
16881315
561206592
18531626
209755341
111208305
44264689
132613451
84378119
115310452
183499833
457537942
352999940
23451081
304552525
295358531
14143545
475956304
43099198
30811928
715336590
258563407
90859743
204769407
699555378
119762160
40594642
660836742
7609495
637826101
277969387
228815877
101439981
472823630
9129881
38089939
565209280
188909688
540390821
46680795
600933205
349050240
73879588
300572628
171131839
59825961
494657954
24410628
473675031
454242569
179340239
27463981
407710337
510813337
216702577
664174172
224237464
381314735
473263731
224897572
457325966
479130621
22666769
111534982
362735733
556699402
707196326
195368254
663156126
462170161
56879128
148621559
40887422
312026116
172562285
26575181
12715377
85051864
638164626
238247145
647332998
342036079
26095174
3905731
805285589
408112760
33174428
152194789
449302493
579324237
400063597
386025449
33401997
321705890
155836210
756663126
210727713
154830244
30890822
210003791
723851384
234364962
79981206
35559739
80899449
406956955
660778866
61194421
114983837
127721732
250652011
34359971
309797405
596007730
22775391
11323378
266247165
91694984
242587814
261559581
107569300
9206404
333085328
715840449
50246265
523884500
38916578
27184995
672385899
679713982
43414245
642064719
302129601
542556396
219796051
60461215
262949961
11591761
228659911
136796724
346512383
187478741
106319402
232555069
508049601
9537220
303825768
584419026
51582660
355908732
240235545
161209012
323251849
216785042
131671782
129646648
803126663
33121930
250082366
143342487
455020577
311487107
107158497
78133708
475505969
461624520
459832001
82174348
612733850
468387315
372182401
39210892
21814856
406207633
239390559
408908559
272645322
123524327
105408785
367251002
492027445
102576381
408190828
275561229
555292247
116417897
21519739
18611729
313283537
137773805
91643222
47721822
44465568
123934857
489220269
31640510
116639272
172933610
128884844
37652569
207019490
124122152
12244764
216469229
319585202
45149377
83919794
30953261
104472131
196732472
182263409
102381812
52578584
127085938
299375687
64357775
89564255
74201713
711116710
11643539
628731100
179096233
486063539
413637772
266953626
338024657
92922881
47265732
462044719
58379595
218027242
36166708
509372199
297298302
22457588
53064057
375208414
120518008
243974461
294249990
565860415
244550817
151101391
575976464
124737497
19461001
217912531
538007761
343710808
479930302
9356929
488455599
115171388
59442181
445160089
756662946
179464620
126991603
-112327
11467112
64762868
440316282
290266834
589854288
291264377
95689660
232897691
13751057
144704571
83218317
20546358
302354423
265487835
217861218
455362945
11193347
203794424
34696763
174776149
8909126
110804700
581068439
99959845
96176049
480914560
212684936
281354433
38008045
126816933
160589622
160213845
8972115
233508983
14901728
347168727
430129961
139040380
166066076
104934876
451464318
288059350
214360155
331159943
55281917
25161582
255555089
262178158
480670207
239849247
403027767
248093317
71787354
103760532
154307920
43194893
24462744
220818321
227157464
225990846
218886179
223325931
652133644
135464658
250714138
74323750
32756758
589044741
187831929
74957815
153419736
194707896
283699064
83140728
141178108
13918175
70200693
424368949
92179886
606555930
214805708
19422115
164288122
462068564
310903233
469242765
120197585
247165745
71168421
290106857
227567779
68082232
74613418
227327303
53160590
165754971
68030181
40484678
227041427
81736150
336078619
192926239
153742054
72537850
34928244
36590665
79545036
51328986
620846987
120082182
198640461
63176529
188676875
305506696
230068865
142574905
499965901
10802865
53762173
508844646
40592962
667804905
142989897
112987799
140575480
49813613
502903579
345126321
154007463
536369420
235452433
189104594
14885150
169104184
237316208
105513725
484496861
252739622
98890974
215023811
264815740
105010657
22230164
127464960
68800374
483100966
8948619
23078100
33603020
669755409
605255343
9249585
699736936
316746702
16328527
249161615
142029701
192265512
225068839
642966271
260217045
95917763
154557287
452141881
330558258
124467110
280134871
368390290
109013516
243166248
182030176
108436402
285260941
441463192
146548535
294124281
72967117
290995795
194456184
151065087
546393818
344484219
319688952
47169314
455446117
73945350
28777730
118866876
325155999
147420778
4587833
274789877
9910752
441071681
25410359
626614380
66688552
588283827
551571916
223723049
115298444
7981381
555042106
789971474
166695236
91535972
237905185
765359499
49048921
175938558
702775308
297917290
9149491
34669536
263087775
465008447
50534430
396021535
51942527
19117049
341227306
64384476
84277870
78525888
197087377
246064397
116443930
60239300
119986522
306381273
86293144
176816583
314909385
112446296
24281627
31427634
418955243
156301093
175977352
785313200
100021749
307663512
271479944
35136273
312847080
260688564
2740671
109068465
157913489
77164012
2931805
549790642
346541075
351836945
449608231
550746977
24227085
671536991
530157684
220136802
16782262
403734195
43018177
577762257
459117591
115155359
51387901
198397397
117539160
231253020
474809059
51960967
284457108
749754912
403894079
131666780
232519823
9188643
552356455
40205284
13403384
559439850
97510453
64574406
107525652
56102651
470497771
408336368
575021061
2993808
34514762
104014674
17278648
186732065
318669512
39895679
436356615
152698478
266849482
81752189
179800723
274132070
674582393
445837759
32599420
244811788
265570675
166824742
439435799
38648376
297730130
581446296
356653846
44085546
495957286
99988415
165346856
25248193
436841
16975266
497446106
47222977
46385556
34841072
352669881
38024099
754711953
11790388
450725871
132728988
309304840
118267061
110517199
234770333
217074166
399419012
73370739
114723846
403417904
375138726
568191973
29097472
141044294
470043889
14317269
18162783
580175129
116695748
414523385
108830954
70590456
17010542
343511853
67332243
241761401
17195046
214229720
573118792
725570071
151711658
180633194
381735209
560545594
31804915
105273284
20096797
17984257
58759547
205864931
235429989
254074726
207519287
101174378
155343939
290440401
146817767
173792221
364971570
22662604
25854420
491961363
724725653
70062752
170676969
68378813
436949350
313893817
271021270
512214522
248916896
512014483
181350923
380963584
19322092
23898064
128119115
41294388
68553513
257594499
105788012
39838707
153307105
77783795
353781487
17402575
59095243
364891706
293488522
196738336
630234749
208667809
10369499
174967498
617195902
447972564
5279964
296035139
17148484
15571764
132705892
446779533
699591515
255441385
128886385
291088993
515633195
283827519
143040509
428363909
107299147
19423646
486429674
451898979
74008175
328838359
257321794
112809729
155156571
809967994
645962341
339544555
45899213
421431389
220079553
203820893
525629890
175934370
118508168
495971156
79687399
318437483
406946515
23902020
161484260
4048989
339235301
58922454
12358011
45373896
277674793
320287582
38198549
136988449
510521669
382872022
87695944
19141219
6692627
29700603
337383969
234994643
6369238
109671508
332407182
44964455
616359169
483703464
412950677
129796264
761749331
642922691
99914274
20739924
374988650
33363918
52645018
91150118
369899466
237669401
521231492
134755763
290581777
88470528
264475651
90900572
96663790
619966780
86247714
251187312
68344448
95517411
29811485
519692281
225275868
234062349
419045934
312906199
405858575
468497444
167902574
566010864
65786791
52780864
105643397
151187628
188379967
32528175
109172990
257682222
2925374
89737665
15407244
164875239
237274044
239097271
359373003
83460646
314551897
216313235
213781888
138045550
53597416
490617923
241867659
53149836
31508819
572371429
59276500
644679395
40726720
491163950
101480171
8060266
124224600
549859
150507370
451660423
51596598
369208124
52313694
205700218
362114633
306442361
440644521
98195529
40061788
105738964
543204490
450941166
15020153
284647942
341556047
732109843
255292437
21487196
168920771
227767863
94009895
340708078
479735151
482245508
22566080
12734525
457560511
74421404
675466853
84867008
481986535
551098814
491201170
383451524
106953791
172541984
745585596
494271883
34305796
106147724
38964473
735426325
456165634
67747555
742324434
15180928
543283797
174592646
21180246
322901399
277836988
50502344
629478840
460062438
411423114
214098452
38424056
102061037
267713107
45319352
317010322
41768460
159565752
34823887
8712680
396930545
213856354
69704221
395777938
192882942
128376070
329052230
258896698
267215594
137876036
300463918
8909771
170911891
1263227
55149947
228198056
140801553
325326753
342672995
286040836
372715583
126428184
122717719
7492244
3171227
46582074
79792929
21397381
352847264
7107846
184895682
98937027
536049424
461865996
430129352
21388309
33951222
576237410
48592066
396206203
339029938
18189741
12079042
25886091
29545571
257658177
622835925
45665833
204775963
320274810
132173588
202193880
770552024
366624277
134569507
478624343
232846281
375899765
161074902
384715028
80699804
596138719
481576555
158103876
231715813
486819107
274755917
288749209
40371349
273594066
25374379
2298437
39051447
163966397
7696771
18275007
585843974
202612592
514258811
202222583
111698492
178014602
156997845
46652401
235881607
81163480
819816513
530684781
75647801
219438231
443277792
165055166
138369014
458007848
88052109
205594454
491878437
288998735
163026451
312195023
16441854
235414221
357655598
35868701
73366746
70158185
114939813
157530655
161611382
340219800
244486905
820091100
845277920
422144699
423180361
738113690
73074543
234381336
311793990
111556952
35545296
215919923
113218997
335545939
55188489
506428696
88338697
131589162
123917586
165645826
256432027
247418911
326368939
606672063
262006774
825417226
694366910
139713888
347860543
538049834
636524354
54203638
540900966
88455325
337062951
222268652
31364066
353408293
359684105
766872959
40366003
217334238
704808746
151064991
160601525
423927599
140793871
155428649
250801298
606631915
26734768
223824717
72864729
43639530
28954107
43677498
212372224
3676721
75743798
166424756
246696146
14077779
359742163
364473080
377000657
73583264
123140428
762007647
26486582
133015145
203769689
471349442
387090839
481516037
231535091
13422932
302689119
656831490
244311021
49161911
149884615
361219486
62597538
147858386
389226304
367158632
2702827
198582889
154780623
57559311
106639491
164761601
748383952
251442140
254035240
625708957
389839826
542954074
333400688
61744744
249315428
497876832
128130398
476736108
165405085
494208821
486309700
80183429
102396511
13309618
315206255
410052425
428900036
126540987
184735771
227527891
227993847
281973281
410064321
709991612
218711449
113234766
24003956
169507220
7478280
269329640
64581891
431891334
63538324
125677483
184828036
140253899
251874354
81614796
446423149
401408273
342518008
382527893
12517170
570560096
183778950
22096269
109175479
370375721
272069189
439073317
299425331
338739491
239400298
190157596
426618238
424018823
110449384
421824524
804875211
386464726
249073922
261125851
303828518
185997617
67738997
806674274
367926547
109554078
363524049
302303624
167108467
324414906
394285458
710688944
67702362
62409100
597328114
124046748
17107666
12336715
39518748
138549696
73044635
87338230
231574200
37761421
325652093
395044438
39404897
308301443
35522644
63045837
63250644
588145414
188321939
292136968
332571101
26280413
141953482
658683641
323767571
236437471
254834043
469708393
264630372
222533079
183974069
72559002
458203626
57427102
312191268
95836422
145230485
653856260
5604301
55633821
734563881
148187620
461415734
330813023
282236256
131964547
284960519
123146204
263868251
360612906
310844172
429403859
444899170
31911628
98915586
321291501
699232821
588735993
178311200
106290294
24979977
40814636
38723362
161455622
95247555
216716350
97760543
323444127
95151651
385375502
4657339
349175707
245410338
293653148
225203753
205687102
318550923
374183110
34493563
301746267
235315251
253436613
71568684
95835465
276194525
102281402
448817261
105210830
477123079
384324009
341768000
76242558
145045212
1747551
206162844
296211363
144616396
47812508
194259322
25540808
63478686
307495499
154340766
392492720
31733223
510934552
290198341
484839326
593328672
13430612
130336101
535562004
340329503
566091862
125466560
111931622
448189197
103968269
720358351
49569555
718146057
26149846
352308105
359473385
824250917
65250366
71683902
94024357
605507688
10015951
262866265
212002024
124310170
219667311
237762101
114656618
589751265
33987375
35325006
33144354
83896374
245044994
136318823
73549107
245479606
157212089
188164196
614418018
516272587
456616132
267523932
362231076
194861735
98794522
166582023
10944217
350771948
228778110
10846200
89530474
428330392
59784906
807716556
81684960
115986960
271416823
111583898
279403482
10459766
126433328
70229071
394546405
408015674
291181419
59415814
49391841
44220859
73185438
24891574
62386011
397653585
62450176
252397687
586355881
300805166
256372080
267348193
398917288
84078892
681203398
32657941
497307539
24245986
80601642
277204462
182559360
103532848
256713849
532550555
378194711
69084448
268405320
154315442
236732920
442620994
65175808
68270950
135772399
700154073
13735943
329614420
24516137
583612701
370307545
96064549
376195984
212168704
131153674
472863427
210502697
7674735
516573193
59443081
550253099
306017425
32848761
549257201
507296494
247911565
163906105
141779640
157189197
394926223
13898288
410083560
537488497
319208007
42362128
519998597
207152665
151115546
569385958
92963192
354695383
432224916
672511481
185905626
253701629
498509308
196691124
418354228
328035514
86274537
387871357
162437137
19456255
51563101
198561453
31612246
148091460
489469716
240393953
350196507
243215823
234345598
12313498
22029604
66734655
430474895
20385121
423172884
803879828
528267932
2610833
521270829
676476552
285063513
133722078
166053682
451481531
119840637
141777154
189470090
235678321
658013869
502944087
317711590
149369070
479775959
243287929
408939500
791033956
24274120
48814082
68163028
166503676
238744432
49791639
491084426
184050092
460413866
8573215
223687552
15824373
309310543
48748223
564834600
9017332
547298525
85149620
48380408
34212722
81654726
201263251
55744206
648548737
173295342
126396867
298007970
110738745
286480259
70338642
193334518
143284333
518097317
401780976
535496919
114493174
237416719
100010556
494729244
7129835
491874821
217361824
480319736
140746431
252845666
200953286
62875093
26136499
594696114
442840749
32987572
240678993
520565255
654624166
170677442
168102966
123672545
675925274
36797551
116100143
661828236
193722058
57931741
17208830
182979069
266145210
10579796
679180116
7978972
116552977
141909451
209338966
205936458
92887408
237110611
505029899
32204042
76359768
173636102
407492728
277039847
29864184
102136900
184382771
57188352
382577880
19062765
62265271
102373610
157730561
354543014
122676501
746973042
80389394
438252062
507654802
342375575
59959693
776571837
488912645
62203430
66417771
472440291
328378174
1639767
538430089
145105034
454324512
204617337
77175940
381915070
213961896
180506474
360367768
7412079
117522146
841108432
370761809
412829693
63239854
769277
134494638
34732313
146243939
34199552
436476706
89547053
555668221
136049826
97747398
141466145
113026142
50141071
31482932
121123427
110324084
109570134
153870276
144669521
236637527
420237085
250320627
31949591
465591815
46933719
166784280
638891786
31601653
40015808
19433065
41396304
437672907
265445357
722313008
150544214
492778502
127408509
240175381
25685060
55032323
579414519
598801285
275212864
244598699
119099678
75107607
218264094
314980730
252137128
404960182
59040293
418377921
262350118
264052633
81511643
370308631
3167551
420920793
45229718
297602887
355235490
247258643
91353009
732941903
545562012
493328496
404107596
561114887
750526102
554260962
486340826
177972495
122578825
237316439
129733819
420107130
206930806
520693450
499669179
188914073
319323640
101865347
232872444
483001456
6899916
375939394
10093211
288460531
375978923
403514070
138056533
69923436
5996159
260105153
395269499
308010523
150905427
29988798
214391096
142919129
736532059
615798831
516113562
136986397
626380640
11307815
237371214
431411693
368314966
389028220
242034183
586426976
61993576
171235319
110984397
160287103
170511902
282365887
424780356
36744846
594509468
32209279
201544159
131691398
46951823
226437659
537837077
472235775
358843603
15809877
461292982
294517371
238188299
383838656
40974219
211463248
726622678
93432184
304695573
145909913
544479552
331673219
141515315
544276153
642286796
25335165
252618399
110873510
134067990
106161347
410521041
417339474
722721136
408821516
168023682
6990111
344368610
52061912
29696445
17804273
203000728
116057689
110912836
287680114
124494543
238067885
143204379
217693391
191843579
140670616
575715934
82547241
12844902
334868068
408874811
513144095
127838311
385938731
87587655
7995986
115926674
697842122
51528290
217121632
590250655
672167602
13376459
559084201
30990292
138123619
590203844
97321495
284985243
71250864
73142235
15268534
524093834
495191221
93249394
17976900
221243353
50673844
384854283
645092789
135272257
247295296
130462087
716097028
203618862
341200147
423237317
662072013
356161359
523571710
332898988
12933882
639717569
400709185
300208974
323295397
34055394
521395112
65237242
130769403
175650595
37830163
43309762
548928985
14780928
105451014
76166363
6003693
356217724
208143450
119067948
6704233
302420164
217946829
573280850
95240844
432510656
3648622
434287695
106427017
723107321
376014961
25682385
2652710
183730453
18512565
92253208
323227236
75829739
178732177
230090006
99635806
208621401
349002423
460208001
128868300
309901455
30440563
27078737
9070062
332137020
110775992
101126450
524945297
96511490
102337959
198439009
22822646
265420204
19482839
183290000
343487339
164251550
712778537
216141071
92510327
109750647
145720357
115798661
11712573
230828097
411385144
487708002
342946112
110936417
589206555
213902097
347937131
21317825
78747428
663886797
175470601
516568738
280061312
157554812
235509721
142667493
148179476
5294554
379874329
134688144
339747341
752284890
445403230
459776782
147038458
744464907
29492732
135494760
213511161
64021159
94490983
329014042
46842875
260555396
200331561
207141390
126135090
513959217
641814916
383616689
31366539
107916141
59202639
697176769
83334510
58782786
63133396
635074025
755921133
9472956
432445477
175621625
599876810
340364221
208573003
175643286
182635614
204765805
174276115
215139814
504274768
29462864
131647044
205975862
482340232
355827596
390827760
6195690
142528777
123773530
422767995
207255276
55104484
20647214
206767807
12648391
369992662
99528181
35315781
218604518
191001099
509468333
286940320
231378622
113813135
75053621
506342990
629022964
225766503
760170998
225332784
296032399
232670359
25096780
39713531
130127354
108979171
37103691
224916709
7721579
393603944
190468933
539207482
304290292
220255996
41454511
105662611
747646163
126798150
221302688
288923093
298009376
409213878
69714436
249265728
464048
549157746
380948990
16605889
38166161
199745410
127575210
71888276
564861053
80382422
443231996
154108604
6522852
50865780
347883276
138362646
30486937
175966990
347221292
257283667
314664644
230917702
315131759
222466715
187485932
60599630
143096193
680571261
431108982
303023845
327201712
17091380
525702511
166424219
302847068
132120771
28429581
40991517
274337403
52932568
53145566
49043512
11528560
301580435
42746704
247392609
88877775
787938936
408962483
170263291
577283719
360080737
7778051
169178150
47182990
811653836
307818917
419528588
263936671
437530899
281413928
269563288
656976039
537760089
401451934
285185563
396792160
187335231
264014082
221928479
342020494
258099706
62519991
277076335
1034444
26977009
39021220
345443293
98520059
55188564
441568721
332536140
264923344
202718053
109007934
314801192
99869969
144021525
380099166
549947492
49135086
69934512
78659984
413208903
772180963
492933580
148296850
161401603
95220694
757003520
494085393
145292188
139027591
128342551
110136062
390126316
610699908
682273804
181888090
686845465
444187724
480374013
33220859
49438551
490810831
141466537
432511056
290555912
28757547
124771509
98194090
429322292
387607822
463144246
80510580
85368674
408112556
23864596
22276710
432795124
101603912
297922043
454310355
427020008
465706110
229848607
39676191
177814018
16037806
314168211
207580833
80807004
848399934
434760366
34960900
607161980
225806874
24174457
93788753
393839991
56364719
73900722
30316753
320522607
2242942
124240699
776103360
38260798
477397091
302712986
515770369
312941636
36202091
514282871
107629954
530776304
146686046
202312744
21237907
289293221
304908814
114066406
83487751
110750117
8790758
102845063
667564
706822830
101782384
126311850
14265561
210851466
51473134
59514036
37837213
396255180
68202043
217048437
371503408
118314477
129968509
335360931
155437239
262823514
214376979
89527520
241820263
218880082
121112932
84087498
159067437
335426281
126036296
556014311
171043876
417959512
431418819
9657663
321302969
323478220
141971330
74826961
167342004
79341287
262187820
198388469
54442027
180546616
39949954
29839561
108641794
83229098
560057547
152625239
67255297
14238896
159180311
643286014
44047613
282555615
326180607
651069366
186919203
627568580
529098034
465844789
39759695
351297759
20043527
59487576
485931516
172107651
423741040
519544912
220082405
652211633
96072989
264351407
43081762
429602051
46587527
99407271
81880466
335069058
773360896
301347743
493181524
743837990
20827371
408223149
63747937
59152035
356091826
66941744
9455056
25359783
136914615
508187349
340855776
54949404
475964573
123363790
291155626
250605703
47429300
382787647
416622239
131046634
185360635
41361579
19408658
454057863
116575696
386805609
70364258
86787471
483002359
35473374
47115853
1902004
486608214
190973157
690925177
122752270
255838659
74580851
99690590
374081789
82915109
123089844
138539967
14145605
150349390
148275101
313642688
337279721
466027192
64482943
54095103
500715105
307763499
521578180
138750253
128688299
228729093
534782132
389968022
178797682
9702570
193881210
364654210
530314827
238992949
102247138
35228681
135177055
458106074
85826250
137826760
24232803
413356482
378084585
32250188
116684786
71562402
16774402
412133754
641042138
96436445
100957929
148556855
100270385
81517298
364173098
181561766
28491675
164347284
324175893
594609655
90487907
210884360
21411104
238808125
23590028
330390229
591817449
62827756
109364291
35109188
147986684
10420520
2347526
504188177
252396410
12029435
20213104
53927332
785985888
242299789
443092540
182679831
35385598
53847617
20253685
106471798
198247922
175607473
452225065
96012656
135212791
197679632
309456448
417431285
679095319
120290268
97100509
106330557
24775437
93432345
46436754
7046806
31981648
189632677
531304875
190643884
580783444
73883804
134126562
212680168
152055304
396877365
57522427
179554749
123430795
485121409
616730048
149079769
774486588
73465357
225831581
263713392
31137397
127553719
284286893
2836234
340900098
388627080
268388075
262416896
14041465
17356652
103876411
463252685
292015675
13384807
23188366
128826616
123596622
201019123
52210502
537120320
463485873
462868033
69579502
237884583
785069974
26845286
129686807
721305824
283887330
680228911
92734631
174501989
663987989
407811565
361538929
230630303
328049269
380945822
23150949
314252660
413339027
184363746
524904593
25006371
15430921
105096403
188329600
10106776
76842206
28014045
420795201
97302158
129609439
113529179
61905743
7093414
215280452
203101814
630176698
83899114
73001077
2298666
137444744
38174337
125766236
195000347
675563968
723460783
30613414
368825037
403772317
59963889
79906883
93381422
597654412
223811091
673511834
517860941
68814785
576020142
73828915
156447449
313722708
325903786
255916687
176853633
58425968
137229261
239750719
237686351
384689278
26121371
168449608
288590959
5113214
361204596
504809975
583933654
66663125
475806683
190137225
128114282
551278411
47164021
79736645
175523014
278533
210832794
81889690
197020298
501282452
72596483
663451416
139092808
69146061
293204819
60883023
174583523
32045343
651368029
179763096
245691530
538625591
31560071
106503291
550448637
27055700
125259100
186041327
642527038
138160794
739580567
406915475
713869867
673316051
393670275
169743591
521108190
40244914
43900184
92004768
140265467
365195033
124720538
239798340
39241968
126547634
561530996
188850220
196072909
53844729
495000510
694813389
791220985
16386027
78098341
35652268
389884831
487517294
284372489
203686069
520002680
113037821
271121471
519064722
630190581
34572714
656039531
262538645
353567321
46222599
182435362
64552134
239431361
469472225
160011487
179920187
109495496
386448364
738353833
513394699
370736845
162243542
8997291
119889194
226038880
200280998
115074594
382414793
183629017
2717732
160876484
31579507
129863757
592825668
125705981
88370641
487146517
300197315
219472460
165138325
469762341
267972754
47084478
453806806
418613874
17754859
653825952
128851546
49863175
63450322
156735669
8006082
108103222
302099160
20649439
31197641
33293381
312476172
181092817
330722302
327825953
796999753
41868676
216819897
225011796
175279163
486864763
34920983
131114092
412073143
474654579
197450201
192252927
86480483
120867692
30067861
114806411
28635671
20549736
371724301
57891705
142711642
580906895
184487537
45056648
24215603
819869916
491019401
100092712
30244496
214095504
264874824
532734642
459431958
8009114
21234080
109960500
46915476
83427994
685410992
578959135
99008610
355352865
480128057
64055645
19888558
96179302
41697786
34564798
479415582
358937309
326231458
374120284
109738158
491746937
578287507
10805164
680003269
346242337
78627915
73904284
632623879
86646770
647781068
19058851
3447347
1918980
414480148
650344134
10437553
248593151
602542869
218189546
15081222
198260613
671361705
30163494
136869572
246813602
11101246
173961188
264093020
270643790
420300476
87469280
398098077
368302701
246092235
12756030
115707069
11126871
325957712
444018889
683117197
565511361
290070120
505734042
345621400
4220601
70043699
163864210
228590035
410656259
4044994
616515726
112310599
481403747
234342032
108556880
253935368
185886164
94700594
97185630
284142309
542378501
49835394
260356416
320006473
295267213
66128106
569157008
95105517
3755039
166697840
18023428
22068782
205007978
430552820
221136500
41911808
418820163
648480308
222249256
21256739
59953760
201077962
587666698
136392142
189088146
261368365
68645055
307395023
302029407
183044512
413184242
169409896
422408350
351676437
23063147
173295649
176480739
246490864
48569934
5002057
233907220
81520234
162720172
374150768
660449996
277336925
33454702
723531442
89671378
613661009
17671875
267707184
175042315
762563979
261776065
738107735
156920357
14625465
190693187
3399440
214772188
2885352
488556543
283600843
81491707
251814580
395524640
485780791
83492515
53979714
65947423
167358190
9526091
514857207
585135767
283757372
106576488
103922827
49927719
193695498
174793439
44035610
126650822
79163472
47592828
167203928
80871361
467205880
328657471
789584062
278426677
304003968
48282862
554487639
1067247
139349369
68802055
159482930
307331475
199408594
270378290
799448524
377380864
706404761
295694674
348201211
8390693
256477543
44976879
32045455
249614260
218535530
122705833
422991822
12605083
346237438
141293028
255478867
135477336
148947624
987741
537119787
24429641
362750895
95395335
633364183
280191949
93560484
209216426
342344609
46790509
162327082
227524645
486043338
153033978
360486347
31441036
238788541
238099569
37782300
145007245
457799545
86069341
54524496
70917288
345025669
7282946
188976668
127486327
308965985
25478003
662221833
138091936
336950257
20620004
396322307
48321534
703804133
185029316
266970867
41296803
28699865
82993959
724191476
98924928
185288942
146726004
21076391
463989424
117244441
244508517
155723721
53768156
264766483
123329848
478897419
274855829
86330473
613356751
455969913
259586196
116387003
137991665
304933705
139383238
469221352
188279484
82168794
20880203
517415589
313256430
216073313
424324908
120213134
135558116
298113163
265871335
582467469
119765810
347356406
297810241
595188081
126976338
65683309
646926173
230694918
110478610
461433247
818207132
208086908
90189886
43800660
48102088
12380732
51573902
88734825
175021463
163666716
47435993
206720522
208125051
517115789
63339006
173185753
203192096
34186641
224909753
10885261
226356958
570343372
13555661
329772978
222326460
357270437
206695334
44923861
53914494
539551674
486753682
598402530
19362409
508473483
261706835
180116968
544482713
34100719
239347310
526933063
840668113
550254342
356671256
195311469
73651187
320255981
244308275
39676333
447236181
725488175
93646915
119810066
403640962
104820501
62733538
17727276
375786818
79184071
67638597
423508168
83957747
126225892
313132944
346814186
333920658
156615652
735798935
171312578
103062576
696888336
182596669
156005932
172458613
115841662
486988798
33122256
14009940
198019034
54815690
241113276
609411944
256420856
198160365
104381423
359290
591710773
345968075
628219762
364523811
247566327
632006866
67729197
637026859
197109588
449108016
68258148
160015446
38786341
139412886
78302760
51635162
208118166
285599934
10212897
64770508
295639272
330079326
213204293
109412539
6935545
231345003
354313472
661128060
341985655
372292599
68098674
198687044
114352714
340187566
636323012
68970432
318601407
291386349
149746974
135388918
383603831
434001809
320901718
652377527
372497031
137774730
673972048
617306163
23832970
100635945
189436425
151824884
82702803
22280106
3589171
169580120
81551370
378516951
377021395
16634158
12253235
353598354
245319108
152419635
241328911
36689415
417335193
288923991
387515926
125680654
202175817
21344791
132444247
321962667
129760510
150957376
28478552
664919997
461532285
17008387
382279610
1073598
132334680
86897841
143352943
203884188
436875389
98764570
655913970
189755362
292326698
160416387
297427607
251886303
222984405
263037958
210496082
45746125
17006362
143140292
425050234
53976152
178549062
372531601
186496184
510383087
401399206
101345172
350552544
300684612
99899973
75895115
111225357
239945951
98793695
72056477
146711397
435750599
17302822
630847929
34583455
201887626
560114655
439598517
470840242
207551096
408692330
258125148
589082818
499884519
303761454
22851170
333678770
125174334
82167111
93453431
178116977
244522903
64614788
160674479
408205422
639929160
122173316
129859511
266476363
349141973
2203960
302138397
824418784
517594989
55411932
371791614
440068209
495295313
14912728
79760283
305554194
85344205
328507842
76717184
76343233
157890154
195884014
21573261
356549052
25501798
33973916
44861155
85299671
420003547
66619506
494309276
199567998
58166882
134447086
13138406
209104861
62479098
35424171
55077273
290456241
167257562
534129501
7604416
58056678
224425857
226093350
59397696
48501675
97740
65936200
498565328
55000515
740949967
261655857
611317830
268195481
142000213
44227138
190956756
461876469
625806514
13558387
476954225
305296440
111740534
233052766
402247904
79101367
280565806
530324286
124204609
75677828
101708842
160330507
2461855
83135203
18682867
153995517
286795517
118375972
50871592
112415413
30762215
242893358
170775493
28959676
109447265
8473837
262433695
424848389
278746877
162877954
441622627
88569634
206338138
50577783
347833483
125470941
2727342
533385550
54811924
79488057
515038306
112745792
334029578
68077141
451194316
251623698
46807101
104181496
681265296
237105623
173399718
321711410
187514058
72375565
146334525
200298435
67903564
714101222
245159786
66958189
714173464
14465042
426918
23127283
358380278
143274503
386088977
81421704
426029404
641516559
118084527
389021072
314693878
395701648
563632032
126781635
415685709
198826072
498515490
4930226
287327232
119286073
84529138
272059945
13095205
513748648
70511955
184663253
718565434
201961687
390766599
466954455
314035260
519300347
460125556
352815144
23365438
306456141
282176464
451803243
118176684
22081525
99020119
50837464
512849556
161112446
324601807
108241973
329980275
57652948
33982227
369633323
60905527
116778962
304787023
362501789
224551005
531960384
431861828
62651018
20172457
202617354
275624870
293867079
239146088
145660326
94869284
139047147
747274254
185401112
181286302
406537274
78796236
25116871
98093438
377115443
307281862
132609629
216054197
38037938
105354175
373939058
185158999
52943192
450243213
284965232
66323195
403958993
130191474
111952186
443833233
430964759
10491128
91031010
113116793
136567250
274481949
67710096
743309213
116895895
43840321
213153347
81202013
91033731
87171896
228849956
7450956
272591339
880983856
305067728
75818421
323599110
25918538
263811336
152741120
103627976
117897889
142474117
33103840
94282850
138665174
196902011
38075905
316815505
159390641
497698049
236523234
40580428
262098407
110154422
32853995
15405262
199462305
438434393
263988556
365689099
96442679
199237069
422053198
277861002
735615874
304894549
123958367
90456046
113581153
138944516
160491073
181510400
61118311
593138813
5739234
257275079
203147104
136850278
610322789
459609575
9068615
155836355
223779248
386933790
656674348
155446624
312543352
184870252
170289755
583764937
67310310
337951136
358604380
91747572
42834490
195089334
35263948
7779613
433810876
451057682
307846
542863160
272968065
265285997
573557494
136244951
10024001
258007656
81044552
325348025
56911067
419357073
44797995
512439842
737957415
181504318
255516386
590998438
331123853
323579388
152487625
582466040
20196844
162020615
120896330
575731261
169348225
329705920
78119848
554665852
297189876
724082347
187579644
297969783
154944117
656049431
383807082
141564584
102593823
55803690
173702019
85977145
81656804
485675690
155913784
469214901
60439422
233638937
34404127
276967610
569768882
248832596
190391621
50867140
271355602
546000747
3663614
371411423
208149850
425916307
70299700
284533856
63534593
477030215
70224517
20590774
343493773
6128012
39614791
515532534
344207376
45194333
466896843
148160749
228532696
386257122
136203965
83484441
64034125
172800116
232458757
80093083
33819613
91697832
262858270
83275360
397145490
74069376
67569525
919774
717008705
41464892
83662188
43608858
27380239
118387993
78213695
259748384
61749563
266427606
54371949
181144907
634457241
289583142
36949356
57834780
149289986
230831646
43456243
39872136
219418323
61257923
97904517
343716478
289703910
54876398
222188343
121319002
256956489
151603099
121888016
162401256
663821896
307313447
41693762
87950447
283567024
124438995
295476206
39930397
250122081
2216511
209692728
720109507
68602672
80106270
123324671
250517589
101906511
313981865
112823475
137461564
50016974
138614749
96226692
194396077
484079737
464472384
145348256
248830512
395229293
105389917
157675380
278411810
5060006
40720625
260041372
133444780
59196526
572067970
76510523
283639181
233458758
19341959
313006616
122539609
103793249
259109348
39857961
629495000
181989119
93735022
173441904
27139555
109029948
70711663
169968186
49280558
109034800
7592396
491980975
229386740
3149837
312386198
536793162
178540311
463485769
120423243
333557422
52068519
60470944
155855665
522188839
152307540
343278215
97706801
4038202
72006665
257421630
112640897
398170299
218569066
544373752
868768131
148438405
620327196
1846308
34788973
166434577
298814801
148902482
56734426
114452257
445698963
65080475
133914921
122227517
76505205
352265361
388999567
76179507
135391719
27748966
118987326
101744030
33401626
40140299
365306446
739310973
214860499
169477730
43493691
322896770
6415184
444521872
10353718
553701028
354988484
234627811
98694031
16988235
636477729
140421879
260752049
156368359
543270103
59327467
499957692
476557831
222554135
33388867
93089574
123849013
108358284
97454413
222148216
452800738
79645914
417715224
685509701
47543754
105713330
103524044
44586415
283172085
88636222
220865388
126920126
56263666
264316156
309502311
42913481
29150372
548390447
57299095
138412715
54024686
5530227
40419318
17268628
176100266
136792911
32265053
612331045
349387987
132402575
79926863
239946930
510381591
50711827
327250225
208878195
258698229
325533635
360033563
3705163
542275923
297388715
11352528
491543949
63122458
149931714
324257737
216810694
12512289
80921387
472001404
96056658
303500160
74918538
6187249
19034349
9776154
179692322
79877139
224436509
8242229
32150372
645117768
227138628
54392931
489581528
30409682
481329558
436895065
9079920
249408181
36439131
68252559
200603669
126574429
311808681
56501665
300518366
266097690
34619532
155675240
395756485
233737898
69825298
618848415
299097269
11072868
82688908
273797177
421282387
459366373
31330355
91923769
130412630
133398872
512989705
465148599
332333363
237153592
468267162
30271491
218134710
268321548
262698003
310186863
88584280
236885111
71922885
186213883
92388511
592488845
52889552
362463684
13738383
228770754
294767503
608571098
274579722
206878303
575311483
182838688
10254479
289213656
482059638
243769890
50415599
210045400
181082332
340113175
219126197
44340456
86711821
409081979
64061029
558528892
193212864
547648422
278332407
108809606
210473338
115380111
54367101
116472459
507655955
8484464
339150605
507982520
91769887
301093491
48054438
301081010
88543052
197254674
214110657
154229088
28201646
172680495
230296075
275428950
141308168
132139903
395901138
114973727
772594836
102333721
364127443
788098003
49383961
167800189
128965836
542106144
231470090
153278161
110177355
79517705
369128998
508920542
54919741
5777260
150878007
173081493
300845763
464487144
238462183
332084449
63323822
361331125
444597135
55341693
109481088
1622277
629361561
455862086
121965616
324154318
200650050
148605722
79903968
414583283
35237179
148620926
138396569
3889029
520597240
77518464
271364674
168130865
229054740
429538140
82057549
41611534
134722108
669059050
339220956
190041157
64837148
69880305
750075260
77161210
16595549
286831124
464361322
34232689
108620894
169028993
97089200
140114543
397783488
163443924
305810639
86098326
113519434
286674978
325376797
45781366
29558236
404715662
191502360
235738503
485272709
441375580
46528998
211724074
114661005
22004310
192598919
308135383
223245955
113880453
568661915
546328849
280112125
154891098
471022050
599348197
193238582
122092127
79516059
685336461
234080714
36752318
198737660
95596947
336963072
88418985
161127308
709429718
409454907
34439280
170957284
320129935
2143010
849684
74828341
49663891
112152800
40546173
192882517
587996219
450676644
332460208
347161668
227313214
30128582
79846155
148783879
82499363
209057809
85803747
120357124
15842933
288568538
544884649
396017677
112931285
106393573
19871006
210495458
483343975
511260952
134230704
278246840
50451222
267215935
374842727
32520804
33122025
341574617
2645021
113380504
135154697
284371073
69654718
20308444
4566843
194328272
1833484
405924555
295875562
329836092
550399858
133243550
50297739
163517378
315504139
193568727
170339886
587272321
146168620
539563176
33888588
15345365
62957479
166848000
27016693
360091775
79476999
423423323
80899956
238865138
751213791
519720926
65465780
543949882
210939214
48988400
150883691
645738450
122542522
653726658
148214480
59594072
443086280
84608396
54672225
139614050
511705334
126527176
291020725
549163684
564423883
860384107
212950560
12650437
212585669
649223609
24852014
14950844
103955888
223977209
124355703
19947720
75069859
61416869
357631620
344317372
245529775
282302096
47517498
44252033
205607993
228101322
212072953
153802100
91064848
89009305
2991607
333282659
421030664
154797062
14018723
89993909
149653909
781648948
183760918
406704379
525739716
211507620
398628260
304307813
413526672
40284674
202949270
324241544
8946102
249751074
323789609
107131146
382206001
622817401
351151820
19283104
409035305
418760542
39830960
341226687
199572156
7697521
49653013
6265487
129651448
22996565
221342589
200867100
289644410
719262976
3932715
39329280
213552573
780676185
43702474
80052949
313899155
35819819
347309336
556342062
226375459
130627615
117811931
9228353
103680221
105756878
572224631
25432787
5281046
666218796
290238576
321504624
177399963
639452266
78942058
185215628
41633662
147394982
2118077
456692364
422232128
216781012
101565393
172863625
572832280
514496632
43422566
684498553
183944199
672419649
19757303
303360902
666779686
117846513
108341621
16298438
72907394
561655423
160169254
234055543
88018981
182792569
279008737
79280854
335178523
92878665
134814773
617413443
121113429
27193810
35870574
141238910
25479523
74854831
84211517
216995127
323074133
221022205
15152581
130834013
217617592
485875921
411947739
304022560
126928167
68846216
199636481
8401589
167405869
18929919
188756328
637738125
110025002
275557330
146909600
413112810
137551854
53025588
228131860
454569126
100621603
40029793
618564736
212480707
195273491
2317288
72125040
473359359
49409000
35151389
386807767
65279092
528500849
288092053
168806352
142590661
29973702
158479589
316189391
310985493
277644449
79021233
21242758
191720012
591465157
112378205
374387703
114917918
273027272
209651843
281484354
627208269
249548891
251346829
150426197
354965721
49571869
379287162
258425
216437496
445846483
26921588
255576404
10575998
45872271
296390930
581023813
614944503
161371900
117524879
296868991
581858858
170647579
228530401
44934559
43891848
2750798
186510574
286421546
153867721
208306916
12520115
40146600
406728813
35827289
390072564
167674091
86794331
404994296
98153416
153476289
380546419
498861998
153106940
261334416
377773305
369081480
83191755
97660011
202371183
132288766
411281645
228499018
497358612
155757081
541244884
238791896
616572453
545884644
76366706
334950933
125303192
576347231
95382865
124023426
109771723
50789778
411579359
224692389
185268022
58389385
258049751
193613153
320376045
2040553
234843251
347070616
52519750
519194253
154948832
455483669
94090961
373375941
195276975
377041238
262561577
13995359
94976721
452467632
12520894
12566182
347711569
544034758
541345360
16784136
111126959
516684927
252020985
389192030
293843119
367225283
346952923
285267539
123314460
120704900
679846896
1686598
561489505
287019824
542707660
58634232
161707755
558069164
588409415
101813160
235042515
171102984
527141475
264874403
65509288
44114523
155250636
757929
391216135
504759260
9287154
17328787
267286948
69606100
178562341
60521649
522455851
341052808
128140530
153199296
201631157
550030412
222898907
179594099
539750950
108260947
773464786
49894529
251146977
600331473
447799593
62169834
308556607
54955377
208141328
180401813
244396721
119967011
331664351
14153437
494961530
37786983
28042417
338355040
30700449
57906062
623983446
481690190
149537332
513559017
300295957
57354087
377451977
126219275
163477912
165964985
129863395
684834247
382852931
127609418
506118390
144812947
22690522
695884433
11098203
56453590
21221540
81154626
375781665
146533267
31516073
352041462
111725280
170344344
252083671
333060601
295985825
143985606
15569527
322725901
73237772
63203966
3253961
590699219
482566292
26320345
585402048
339588648
535137447
350449911
183731862
148080387
60090886
674063874
548133870
312147595
430024127
31187711
59291267
251833266
398411278
204674544
119284196
18764245
190679431
530755319
27513197
335120048
549954075
272931729
505054268
107978296
43430633
420680312
333805703
426708427
52193945
77825140
180634360
644456624
355197384
288985137
41777929
264238774
4111892
33058671
607329687
437012874
175528901
429988342
178684468
224920135
320123897
407662608
666494918
451991829
74989411
506361429
352559121
105121592
319706700
21427086
440120023
621179503
81492270
364014281
575574288
38611106
55261121
644061940
142575140
165785790
232739077
249214206
11939997
520050403
161985032
157871303
100194410
120459586
62126503
644518011
215257377
59570970
202686367
300666904
613043865
234594669
165604406
63460396
34379454
209045857
204676423
103413841
67326291
178734045
6599025
440425004
27606180
248627451
262773168
408948366
50600738
247909426
70062826
279266959
254914120
21859934
199457145
48422197
60355959
333664031
213563040
203433905
330966779
202888608
681486
461361482
46638787
194150324
548913441
30327410
47470899
328681406
151808284
28654105
500389517
126426171
554326165
84991978
255132192
24779501
121155491
129167426
198428269
23491317
376077889
116492072
298061132
81006129
787304818
225515836
39116193
114933923
312447671
297801424
95040777
396816950
159239341
430968576
95220024
36514597
101214391
139570136
215761943
173284497
224302227
263450333
155931736
101966641
29391820
284311268
309497294
298340901
22825247
415859714
69698718
365142391
541854139
256248439
225951956
661251092
90726120
84199730
176833810
598905305
38574741
52122871
116813687
242556793
311428538
145508298
-19391
454406790
153505829
84864333
130544073
152544612
38307147
556444478
75977602
322034654
5589777
133290148
52881344
13016613
79542033
365209420
358636161
37001549
53715733
145179268
82541745
258346181
75094289
49541797
203058786
592384108
116296645
62212581
177196117
550380288
798365799
82256357
39941831
7124503
301538977
57726888
765141370
38763792
656012378
473164514
222878056
267165759
115533619
491676365
70002883
246840265
181288534
624752
55260099
263255838
31076225
101184140
242306273
476588362
732174404
527197550
283024910
319789771
183776224
112471724
57168695
110002213
335730932
125374112
665270215
544979537
98490755
258558264
1375193
70203953
30120769
54852317
373704175
313245551
444885281
10528420
86083703
279796461
98410638
350561425
204130345
311595071
5234843
247439544
60336510
248116688
261488323
273269256
52353769
195665653
5244334
42099224
73363240
136479007
22545431
174830194
243935768
1528144
238323591
47224505
512147424
217581261
214035096
167838537
221954242
51184738
62096458
389331456
8796334
60856619
36885872
283962771
63950046
21177801
206738751
120574355
203198946
14326087
125957747
424575774
206374773
502340111
618839162
224913868
578274589
59241520
167324354
536233804
98359684
439983116
55720308
429889266
277520107
433316047
542309711
609645771
10857261
18468752
223506651
139274103
169966303
208229882
225631234
227988475
149889591
206411748
470267538
554240068
129161028
728043138
260962708
429624226
51611036
33285375
46385381
188614211
65234969
117425086
184896373
265521218
93724298
38998745
712690234
374131137
318322798
18986067
341265356
262333904
235811136
154749036
26630376
637989615
89716066
542538836
86384913
120213571
66480841
551913053
429930270
489129566
530147055
111371559
563036483
75791346
540915209
319441226
36737585
8624498
35343567
78749630
118535621
590037566
182750333
91515860
16109399
323384009
285952998
115903251
266472831
128408297
127863985
497494934
682831311
794978002
379872866
3971378
75804912
325466164
77022319
292957710
224558044
59591738
216008507
729617296
514628570
276534210
18902400
36145983
301206159
301940957
177799989
159579849
774627134
172443483
453212967
26757934
233669667
98511970
464216479
40842717
637486219
247586642
17384885
60446720
590942489
316396238
313913610
124780472
47170578
88157069
9816643
268098092
40408529
292817086
164890738
218579188
125196693
169092031
545822646
62477375
22758816
57738621
282572159
196471275
161272767
22478400
28317841
560353777
260216387
24385022
402152149
35631889
39007167
248726505
9358466
453449867
240523754
296758182
2985791
24574429
124970942
422707873
485884696
10085757
413625171
12942868
159918897
3659119
137967486
326643189
680657758
50147498
175897402
58873897
310071098
160763312
206473404
39999852
24854530
325157939
237553244
429741122
99209266
67422792
3178834
53145682
7208845
276650373
534051075
161056219
35588574
180857618
11668071
323000862
206219815
93339375
340381469
220717055
220199250
361560672
119895923
365327621
308053076
260030282
271431649
578013749
15624528
151483551
156432348
325135326
381066805
1459613
85329438
296127237
324574113
575044026
273736977
120851547
1750952
143313589
380192538
83955479
1079313
431841298
2813955
50384369
498327026
78141392
249775667
201047645
386686604
365610169
5563526
385513179
257305391
32508269
107609540
161876601
300664889
218990833
205916746
18618983
232422391
414930762
36726618
392594711
181339786
2223180
143104740
542264817
134777240
536215078
103970516
117375379
88410885
124192681
198994046
462830735
128938869
285829715
77949506
419337053
111321121
232179076
362691332
155406925
192486320
76619440
3167068
184515558
5144201
79870022
220082816
38534371
116116563
432522549
425523773
133338527
125831823
126422498
59046099
52562905
156823516
105914985
102410323
168919833
21292216
103534610
46238048
637625744
91841025
54864747
76647744
421518826
91146518
212364049
464653369
188440049
9747794
438679088
21465192
1105236
146171259
519576003
81787969
469957467
395516982
80898778
346758097
352727500
113172961
216743757
77721763
186970508
442404975
624304675
315086310
735718884
271327675
672093610
23150847
152856697
13108150
90224089
19955647
41305392
199470400
191773541
313148341
407916882
98617371
187845205
485787687
62193911
211451113
578805425
530948786
400576840
297173053
672702719
4634200
47726161
45161500
511831378
383532170
351202341
43463959
134057291
205609681
558066169
35317436
238872800
10039699
223338608
2117898
329391241
552569044
592185704
343840781
24784554
127552389
778902030
710309782
494228414
1754145
227978669
39862224
106726064
856617264
589139717
187775341
412596803
353578860
388372512
529255133
421704114
469804777
69929962
66343234
340951869
336260383
376776675
183852038
82580077
11595689
474959095
127223695
455810287
103992592
95114407
308156840
157009808
91587366
100108689
507093840
64585844
357870578
3100955
22907047
392404362
55029596
406452528
195407464
118394033
228868793
682979601
308182914
256071236
225424770
149716732
18618465
382095293
226062449
573413696
161486805
753443818
120532832
28476579
183346083
452316382
318092510
190412393
499464315
127620911
67769777
802265360
242167243
38775181
367954112
520021900
28467554
443448448
4498961
524948625
110501266
133665672
55071706
151390625
302652892
435596767
57590683
54280588
184902128
26154207
719518217
349129976
115843476
100999906
99839434
539220256
474929726
166570210
97831543
607541895
29640657
40698132
736698218
195026410
130584308
787005946
106353129
285724174
48318682
243416889
46282414
601058835
225391132
396454386
86700551
259839115
10981560
42685541
316903644
414394093
109744569
268199397
162961625
170908504
727550709
407776478
18249504
348190255
17900977
119383399
254593656
374694726
84237116
380720491
35898962
93795323
503864221
102070731
346741358
336047531
260116387
2689123
553145045
44041907
194593598
276612045
500494822
53083496
394416261
201202316
259676411
411537312
147326953
18768281
157751489
153109459
487482359
479369493
605006289
89759830
68077202
182045650
413934066
340080030
47026888
56282015
162709028
402532896
513077696
39292527
403432505
30130825
380398568
98068879
245481186
557154840
14282395
373626857
15813968
73982867
696838246
160470187
770597788
195619683
257656223
300601199
84544418
58029890
7351795
577996490
298358127
267430476
8546687
352601418
483628328
310185509
442743176
109980144
105906917
25555311
218369518
53320640
48348868
579137655
35950757
20953656
459935591
1639621
60197543
18334328
483319284
397715818
91282001
20620048
70759562
76266887
379760049
7331306
203147885
466841856
40480037
93219159
34456126
12763646
122839058
124524002
762844216
226742586
18081147
4629364
246191771
155079650
337552133
133222659
253115794
268723713
627635676
136718484
154745441
406788345
62300298
54949042
199153185
280076816
471838971
225516210
43144975
83895325
440013840
12195374
140352385
67745540
826645467
103043941
419224751
149294880
31359216
15212415
347134956
289091547
114446691
626452369
253021639
187185584
480697183
25587489
19525429
75829508
14985310
88231480
675995677
703344085
22911705
124449767
352152664
30203710
618985617
497522006
292061308
765345438
311357728
489866580
30137232
121553512
37117295
136007658
240589785
278165878
288412746
116074502
65620590
65055666
61396050
294912998
473026294
12277914
141690476
79162168
376418690
70136327
31603673
23935489
89512386
261839118
106620126
253014760
288936088
648065760
551577758
79586641
90944868
99065996
24517619
45615496
169868677
8079525
49908074
249018753
120721819
114455925
23455934
170205991
493246439
177743910
222678133
310034461
167846369
162361172
130966532
105935694
612385761
224060970
73733799
546183640
425615334
388354774
397077444
116092328
109163553
103578909
351441122
27439218
101745616
98763993
23159653
61497694
630732904
38842112
61512478
59881913
73921860
414033978
471669687
231492446
711336992
439494249
628201802
368064540
229516384
46989015
187998586
108932334
912227
56182775
200794859
69493129
167443158
633441704
190828253
21812911
220331744
52913300
83613389
10081791
190535527
40976076
442476637
479816806
856508624
214445252
292798043
312352952
57307770
158378051
441025812
140107237
439032591
633900321
210917513
185321843
373941411
178491150
63028148
213649196
196920138
166614566
17387326
76291686
319959412
358380693
340618538
202911830
16571055
579208670
58053843
185369995
80507583
355662062
540798636
96456893
320566291
643068902
455995536
108996866
330815324
244920555
565420972
15720897
255520323
230617652
305716135
96586300
417663473
117256066
104278690
439809821
168878221
29193999
315243
157298121
435821704
37796306
317414362
22328828
111263684
221767138
703966056
55426458
92169548
40416498
318347457
120845132
107396388
683663141
216652637
143865074
259637604
727875741
142531845
135088199
158284745
386893701
590820688
469686336
674053781
9090947
692019284
155120246
133725275
95766867
324903751
254976558
222598410
470864952
581832934
256156412
226056103
95172133
299003726
65837938
73141427
111825344
206034024
12285515
364990933
127996100
497482194
14541782
114664443
158082788
525287737
210907021
67860792
447394405
706267946
192919368
204529230
16233457
330239971
541219660
529192787
84360260
126208863
189036753
15164116
298077955
150912671
22646331
273886885
627194786
288922943
15918396
331272075
144410911
259203344
220486349
278124980
173695049
408529622
361799878
88094439
6720344
75618608
130483302
293048275
13988314
210693850
72290021
784699912
157461081
257971877
96615686
246618967
219115677
19002489
260865770
44717690
5942905
102639056
30987979
66062760
421105694
6095839
732502401
27141576
626256446
407062103
79528916
148183955
309467527
1781946
27736738
145759068
349338314
609178275
52020899
1278001
512009838
141771974
104143166
231940591
488618737
157403521
193784389
399840877
320576860
549261675
3741442
231753177
116865225
121603124
776642981
64029924
15802880
195599830
679474619
138106134
79051699
147269681
157417063
270315429
119645087
41000679
458559983
124641748
142923651
11634685
224247285
97013986
179844993
185274457
158705315
435394864
102387148
132308653
321588997
372503802
163930049
177265055
291333206
61489381
497579626
650255084
67167504
167479309
25931139
192065572
188858834
425671415
17676964
5543201
56586890
17651126
150924962
368366538
156501990
814147566
221396550
205924664
115440122
201140256
206942343
429560792
874920210
2197854
344301234
176997072
126098616
69471996
20278768
19137312
569745915
274452924
621364203
335806452
22911368
677150204
416359823
256614472
307421335
347786344
480968826
336591180
414041826
42824312
7828822
309488912
13148680
11718020
7485775
52796531
14858298
45344109
90432390
31683150
359865648
109149872
8141321
235056018
537897815
75264354
47487988
201066533
85338922
725130920
530767474
181572738
607368838
21711928
11242363
379656614
245496182
780505951
113041321
4773847
84982914
77456042
137708367
308502977
144579013
51426972
22357509
204093030
4311403
510774293
220419850
91700202
125077526
21123892
255105373
32477414
67426417
32117487
113271269
364174844
225219767
719596376
799150285
523590905
303232144
559076125
285509672
1553452
372273290
215259810
753399963
100424012
81710074
767613719
55391031
204690167
456423191
109340601
87569501
144359617
378217505
214910492
110772683
450695967
254156535
340859843
72986964
125565499
158464435
148834909
24498092
207132495
435186130
431079122
38252351
588617085
220913295
628874866
129253134
166544860
174640546
713901570
146555749
16696186
223755175
331761620
27027213
207104710
425925728
371072010
417803311
270280581
334232516
67181920
112167504
279754700
58907570
323007918
394008224
74244028
30853529
458899680
108092030
404259053
728756527
1502487
620872110
323737819
175490841
33316020
12155788
94838272
246872824
104682102
236623935
302945202
527440080
332535696
611565444
193160232
2901044
459846118
726803974
275591305
366964946
101628601
7693257
184907282
393363140
238619862
32210266
542972470
52954488
245340433
114944987
303805640
263730631
154851883
62173506
7209806
808879159
524722272
45490662
266685614
14815599
38150050
257628177
293149916
424384263
547716775
149664064
726896283
23883263
90762738
57565287
109213744
2639011
437339953
377192099
161432219
299011263
198958363
66196713
380965719
141968207
240444814
267897954
682481502
57713271
110876573
192532507
79032544
147418881
229296
339465683
33926524
697303295
35038100
134158678
120410763
224229535
92198285
152673360
92664311
89082313
236589384
195857030
42331600
220475808
18944975
294574746
442301745
12413150
267535454
175166363
373070943
18942939
167227322
503238424
397556764
211047166
442374109
263474446
163616026
52754002
241098991
147873015
332727827
116422696
71064876
86224509
194435763
323183846
238464377
186540375
169042931
453154399
449948651
15640413
515245514
551192236
367483766
140950500
131263447
329982680
375988836
227010720
684812549
297552087
183980274
126321150
515419035
558018178
103612029
50819831
85207129
151083240
436670142
43012587
612228456
252383189
144354986
114592174
653572591
320889698
391721142
552254282
172984566
621176281
127054068
243414955
383157886
631220413
302682364
727190159
4519017
189675705
405720849
81932258
14477460
331425640
414300498
289660537
156676695
246131271
3208578
456535988
385065681
643096526
61684359
270547375
83168731
15841040
305241986
434531657
248070174
177606983
346791690
504064811
77837448
172479794
260424432
147794742
67098669
347828272
92553784
152598753
85591652
74659778
3679660
13848725
384666537
27542218
623266657
76773928
14916721
308184691
409042147
547441542
605038115
53742664
186476033
236059831
490528143
85490760
70435911
494261031
178743953
561805437
456534755
133073662
424171680
676148767
299782272
234808608
143462764
40304467
33982093
481376582
309442705
338610811
163029112
230957917
47627125
130239803
146289669
133784595
701145644
42748064
449352192
141542859
586195509
409012226
221424964
323625246
110621663
30396138
14872392
119577849
299384016
19932347
234871714
137018638
275735504
262373656
69065014
298223488
65520287
251961316
22351531
15476450
448458781
193148976
87692773
218371296
472259369
28323544
262869014
232865695
135646970
441306878
334540765
51968200
50067395
575070665
620041827
53883576
43823992
387121692
431048974
90132914
369508657
152646281
289729381
19424578
420547002
18219828
28251591
594822001
250402506
437764636
61098035
92690156
109644214
140967142
12314208
149352623
106353011
68990132
504093000
186969768
370931652
187961998
205621176
38084148
322975086
10792879
365572844
25596444
32498866
468225533
49535928
410374681
28537708
60364833
4553773
657406403
556219995
21082836
151731205
17069224
72417570
237142805
247502314
156621575
493773761
519184
196116825
45009575
656013932
126552915
668634836
299762751
133410149
166004936
88698784
212737048
248784558
884005947
398411690
50612229
374291010
42046868
268004783
203572273
330442073
46597635
101541935
426205927
115701609
64217471
590402235
2888388
582931975
129182556
16671863
228638317
124654316
11442574
14597857
45106449
496571143
54120322
175833962
56079652
56805474
232613070
281524750
186803835
449556399
514061789
562541958
366286045
25484272
223868024
171417355
438341938
123143636
209451871
149803043
450095671
114332599
79417784
345293664
170969859
80848231
17496233
593550652
117195226
115154591
22296572
189615928
100574864
231670230
255339248
154160618
260909687
4064332
152861182
172377944
43154343
58085300
103148560
360358954
486669593
271506862
97422399
197610511
481702879
168779335
182685667
74159725
554978608
46493720
204531844
118680516
68612493
251914883
62177365
87823348
447475053
147018781
196500811
3572949
602140105
158011258
276677498
436624860
81310682
507296588
12410539
15759647
94652924
241281079
115683782
182151823
166427099
59246658
131814812
231103567
72259058
190210696
86605344
179241958
224974172
433039352
362734841
135852142
183495478
28194046
34285488
304913338
230213556
381793570
398271834
115421394
72003668
228696908
18920363
419875755
167537959
91326231
215677552
498917978
329607489
518513986
120632300
26849299
170771496
234130754
111148890
39652240
326032322
318223816
68151469
230622929
591053629
240808447
204637219
124744587
72578153
17303480
85700091
20396717
697096226
345479625
22255397
219154838
479173376
95727103
138000214
46489740
313500004
199257727
36074176
254883957
105305886
7491584
267197119
279687880
181541634
107696076
102956388
378230840
380981884
131889379
170969377
119615700
170287922
59054764
200876926
499790388
46761986
60027251
222286361
521038313
658891574
142202246
132800769
36735207
232940198
53870456
711665404
88123135
204394218
48121578
168268918
199934554
142510289
192168236
44655156
94390074
76209961
623434007
196845081
342684435
6899260
77687693
242005786
503688115
141360886
144722988
384778341
3243999
462133284
377329016
818542063
89319521
82749996
919255
290744792
369766135
488031319
17220366
105857146
607889306
110084315
40610778
305118824
36916302
9240221
32533664
282880846
36575177
265893244
1093546
123470081
82450769
554740411
420729180
3413372
327671944
351463680
245479284
651483492
188367095
73876170
34823804
313449356
138749647
682072223
58020798
401507291
149201525
649003075
20083107
81896579
12637547
83766537
147493683
134655183
625406462
23708291
43329761
681214786
249073168
186601134
2698090
58722604
140145901
526223004
167692383
260265201
282564107
25612533
1683320
139163872
46017314
69011818
77067803
47521090
213502311
410354360
149484929
285061497
36440410
1548944
135156395
192157664
553793296
58640625
93455560
852369751
6150136
45720263
138965021
16710985
306000164
67601533
411109761
218163824
550691852
468155800
694678074
108166986
210886514
335874574
577352505
238060306
6663875
211990995
29597303
385956988
90520353
61589719
112057309
630377906
180152644
259333446
460074232
607171666
18598914
202019101
48995680
168072000
369220486
45801578
258280177
22086717
171914857
58353138
217065895
52103107
218683019
671008413
213189651
56240305
51664694
413667137
361481725
633487036
275595427
388594730
444482545
276034728
106785785
68989577
556842609
320561722
26067964
33633597
59555801
183588213
152343794
96534664
132018066
277986093
51887073
249671667
34247784
570569821
387903127
602742671
31240862
189810608
666370508
138764090
42677533
206551074
1534866
305414463
103322137
51927583
643487594
230363495
405684537
86905717
29394461
338038457
47535648
109844276
168059195
124392822
688041383
286388130
713704665
302029312
168239305
253335735
238101155
51131267
357031393
287672019
136889256
446367005
88564459
540740798
287516821
649845280
22736740
16755183
463792856
102225458
47720640
82635385
408217414
26547835
249830274
99724398
114976840
349582596
267735519
142325334
41491493
481638736
95461939
460050930
418500910
199357437
547728789
406215446
8520574
598248936
123266925
357822223
235661215
126610413
378707439
102144585
178432893
75011525
369556168
10499034
183159357
521335618
196332197
313443210
209273937
561866062
167748683
67027167
222701877
132942553
412663072
304669349
372081102
404980730
29861128
378876179
51538241
195104857
282160275
325551897
295280657
370493619
179787901
823536653
165750625
8574058
92221899
69335790
154758460
139480088
39260704
538277202
237250734
191721426
68508506
193940548
73364993
44865670
86178559
81089128
65902031
727042785
421441755
410857992
172547552
90124376
749633740
233166656
624522172
150216581
499253941
620922808
443299250
332433974
309039579
9668993
262058990
539439311
313418096
21419438
455120509
189306711
61418005
51204097
158971776
60622718
587296492
37307699
167508568
363861298
247281038
46658548
136430554
354755379
341676053
795766038
43162999
234583186
216558664
13322456
167962547
176856512
19368717
255220409
191108841
452235216
54802949
38576382
64721962
28185160
327035712
481624862
295057596
358949577
108109063
120260191
49728165
562124133
235010377
476089233
269308552
185572653
151787989
7972999
151705752
373959261
508550817
298268634
101148994
90721944
67294138
618650357
233596684
34629926
818396110
283599664
855285249
108882319
140191657
83872053
113708462
182014024
36543967
651846737
270971536
13221143
33714068
197578389
113759947
266958753
194732374
78434077
452523295
218524707
4872737
376947393
372136382
53036309
263650057
307767880
476831311
425699949
54957012
315992268
75069524
194952820
351721148
36473229
391632524
2195468
96385676
180942276
640920951
253975230
59121784
433778169
49773920
180507067
180807794
108405819
8302598
159852097
278147269
176806312
826427308
484572681
281689644
175441910
513826809
82368237
432519128
222096437
318196698
214977584
162944002
162178729
206841230
212832619
683371076
15342654
165999101
125239258
325205604
224196857
502699571
326237342
140081589
429409155
1556894
103899902
352017168
636829965
640935285
302348
43849003
288570222
149421689
319311210
430405814
207960042
123726146
298629732
34820919
468059116
597673997
718141973
285736941
21710415
120034669
612478482
30299709
100321292
387719627
492129786
432979075
216712661
344152730
552418644
110253307
97060731
246558484
552110210
353746481
354316680
274511911
431907958
244408965
93357365
714847246
728604268
182180632
231598360
294996860
518259
136597537
582019745
371388427
22587563
765663
152371862
670816887
679822040
59065122
605427459
16943460
473440689
463673672
150346579
567426067
356286864
16546481
545502899
35119142
189097926
87155660
299703169
214540999
267201724
14640348
62799532
436689151
650711969
109474602
520808785
95489153
74663508
590613148
603032346
91489563
258880206
60492184
82703289
898164364
195452143
78255065
19908656
423441981
3307465
26735409
497493992
86415642
159532689
435361762
59089750
192763682
19060393
18821771
26765867
10453522
176952176
305361548
238805542
853961825
40125235
520468892
12667584
947949
86035024
196220077
191910947
586334665
220947164
678259755
309709306
86230641
153261483
267470606
503033652
200784188
94373106
222766743
105785007
34436181
85323311
289052509
265939330
54386099
503040192
338170370
494363195
194543745
249509106
163262773
20000643
141293104
36355131
753768539
9045857
198560729
312923630
56253451
25890229
27102529
3131715
20337136
532776842
12767916
246866461
503973672
72306646
206042472
395124296
2710921
114018573
101858376
780494990
104254286
4442861
334048444
27298100
518295706
414153828
47923791
167378741
595015607
364956755
78415173
183037248
77378787
480072504
376939261
329020165
308995701
498482639
446912231
227453890
53288703
178908757
326033592
185509618
96445092
297821131
1041789
721719712
95959122
168165643
277993047
482526775
314669473
245647975
140244939
575896204
248414021
369937143
876152223
368026840
130736690
155460842
60622365
409530526
94060188
198870204
453036511
118670441
616591383
207598907
5879604
56460267
103532793
15466383
177649784
8015926
10887355
64341136
44087433
491520368
796044889
172865526
605808033
148241811
160205762
303456369
18527900
19885363
201941349
419992830
662891898
102465810
448134713
222336057
60755847
95869776
47704167
204720872
124888959
604377679
131261728
370446457
299984158
229363396
195561659
392241945
209495436
638082395
13448307
45580186
247829831
152740359
358850037
47685200
74659831
222263387
90816845
317642819
609817637
272681519
5201265
725185925
439247336
373380886
231657153
22021204
156364601
141229418
55990008
366068703
463625952
107251210
36429172
468670838
392591781
88793794
245605623
127826930
75732761
196986596
75037093
147461833
223047208
224110636
241858416
478250197
216104864
242778669
37633750
266707833
53335145
138489765
41992784
74071960
333007926
19137210
466907578
7603119
5618144
592496547
70789023
315870831
104584411
2743904
94478740
248379094
310590932
54888198
189654491
268578570
481234717
31468096
399293662
735050166
384502530
23914648
553741116
234170636
341877208
297220204
108129570
199868934
189390332
218093487
56387715
13098090
703474510
442994434
32961595
12650040
10406326
356175600
218653597
282032354
117192332
267841394
122498693
182512369
216223807
210590923
241988837
73918034
14092079
55466421
263984237
411338602
108750970
530583589
308766976
295577304
654308322
16372490
117487664
42555570
118111132
134624606
137166006
299110468
260921170
310991081
78470805
186713821
57437282
479446292
3019374
309708196
221525774
5298886
291699258
531462317
466729690
261324979
80395998
18932090
78808466
104032641
570661501
135682745
263959488
97491847
99350170
797167106
202740793
40172636
56458746
145812224
4917651
444783206
207842085
160110023
308205083
144996301
106684977
34966610
88016410
101177067
202110087
49346194
56719039
193610972
94071804
731262887
392900439
175447682
338977457
566794592
222885443
102336297
8559739
105466824
518220846
757912784
5700650
313785611
129207581
89473874
406780620
121434503
71544694
198048700
521647761
193273771
410019231
155702622
228204290
276392890
58121352
307409704
25298095
198096899
495084578
487743123
461301756
91117620
151217908
87382319
461164884
120088361
7628587
547553698
117673754
87407077
90565676
655925753
81320667
396324535
787903917
89997444
26713725
26591896
451268127
538565530
211392396
22596954
403954280
211973219
256555565
402793349
227490837
94305507
53098241
532439973
326081018
256837922
28147456
208468845
78409983
68543609
162980036
21145911
129455463
271413786
144419338
24863724
153362020
211660621
770022816
68654604
166754177
565724788
87156124
524332215
106882549
120399993
240343883
203342375
32097579
733031171
221712169
77447104
288986232
447173358
387880947
196080572
224834949
352898559
32948123
165816797
258489805
183023863
423380524
10065722
210739783
377297762
550863486
205137818
89379265
580089115
272368510
72795511
243189114
462086986
211959883
23479688
68211511
691404869
350053873
106251196
103755207
206418786
2682521
25440386
384491986
207433430
727492778
13752546
652095676
454996846
217149380
376446245
609893577
625890701
786693677
207144459
280603507
138957021
651871352
580661547
247334938
2920150
346990664
148548173
758853869
208210539
321437755
29541567
332989584
51670806
619130312
155295327
65582077
534660515
20261052
257435694
278376713
711798919
107277165
35642200
106209492
108800597
170785713
641623240
365141583
18237222
12802483
225862645
187750170
113525737
3623284
376692764
350953111
305339233
596792981
42490316
131788493
208891486
25626171
364271846
54377444
308685430
389782110
8739227
505136290
602402800
69306051
235537938
341505468
19279934
35650626
290915012
91487796
65909333
543749354
697004436
184404012
144015999
475157
315419707
136842891
516091007
39036646
26199719
634030727
49904708
382362404
89072752
817358510
516782806
493937276
96487004
118405367
177119274
500225320
111275338
59614014
273806562
324774312
194188853
138365464
92126840
50005377
153361952
477172014
31351700
268308912
222882278
232414739
153848171
83096381
86915644
79594113
204998171
63303578
201119294
558740499
388368408
299183788
108976083
306023652
8536437
271157054
316941925
15237190
257762931
286695254
172752921
96248031
57878804
113595037
663228688
524340779
364785043
80564587
420588901
174175876
132134938
85840072
9579986
389061890
73778395
10401322
12039174
48816167
51016862
175126046
457165803
64067201
224064282
67519455
191397929
65679311
41598110
91459247
111579495
120860692
424034705
504784878
123287395
105641315
120830397
63391119
114256609
16442648
66699336
226095027
250184017
435811709
80461272
425602482
5559009
61825312
88231153
165775532
81197091
87255188
30607456
290948345
55857382
139191100
223013580
549834787
451938106
37006769
361476456
94143644
113969275
590203827
158755606
9180981
689011109
582928842
336503644
37062745
329119313
482289421
698434271
311828397
556407075
157982329
535364717
11504406
83590155
149249981
15243729
78341286
602409719
60454694
169355630
29529960
85395234
520520393
43383475
227460558
42207875
277568287
713199979
563076142
5239043
159025800
386009989
318457450
85903199
126101977
134883759
287399149
38474106
197717287
283243028
115064034
31762864
100511289
463878497
434067011
474268761
326117328
8301341
179597862
222377985
51093671
258310459
524196541
60380399
17584967
91012494
466464507
355249982
382083117
380523304
176506993
534634281
240758479
165650713
194702014
19556429
364791592
585561487
248536962
132729235
113498472
72480371
139059972
813051633
197060384
135640300
764639020
455015896
88533580
2453205
59301344
117644396
168738589
525679778
141055293
693751273
180062722
192034838
43300211
17907590
12439183
366496748
15705444
212527758
163558713
129003516
469951507
263240446
78175476
490759876
685503764
252580750
585899252
19580310
242758778
42004922
645428121
365927472
234707191
143080242
391508787
222619721
452069835
136989554
66354355
85149254
104637389
226755804
106986621
370642047
147649199
39992552
142129438
495728482
209843110
107440432
35988403
317493918
764710640
575371067
107688287
140371666
498138645
54288914
357102662
20770813
186362281
38774681
455703513
183995338
648936288
595733776
57875693
736862535
135758168
2495997
3377693
98083522
502702056
810481528
76329444
580552544
135986082
456270281
178416297
428040942
787550261
827602676
670539283
57478121
177446366
480791743
5318334
69734987
728276174
18333525
21525105
58365462
101889047
39523932
7377588
4901506
464774315
313133706
201257367
359335293
171848235
333114398
91786171
77793260
117661393
253848651
295730081
11886546
62220828
175886554
274519279
799315424
3154810
172014421
216605848
241631968
284098489
281002053
84648882
384257266
10157102
349148110
91067844
367709895
198395911
56396675
454593898
219455488
121286176
285156495
349335748
127638290
422910381
70900940
276041335
7820548
621115584
168423455
41478332
152536137
22292751
163896872
208840156
193316832
635967578
295835396
12336387
58109043
419759678
38106134
98005377
513146531
783855340
44687362
51923949
97769683
264277712
63276281
506609076
219249542
101377540
376974809
31288219
252433452
229035390
539612005
224545635
78543703
17055428
778798251
136747982
191644601
46309358
252764836
16971304
420023821
189765730
17467531
512038959
157860828
36877527
7751919
63768029
411316534
13298343
577431499
565297666
362493310
146741292
202953050
42864090
271954344
87413107
405298833
111905411
38312213
95454355
126567874
108496215
215596523
217807692
61366125
41963151
709678860
157344364
421091514
23840728
176136825
26400857
425218996
147089515
33067721
377682351
37082986
247647006
97031076
48617346
142362963
43527176
309890331
78982163
61250007
262737740
753451263
29427654
558629814
41276956
349361466
344091779
242152583
476841732
453847898
319556876
89748074
534239220
166486932
375714029
432811619
113881176
109215574
52435678
72714050
242128076
629207988
78139143
167300996
15302361
306587050
205004045
137935744
127106964
573070508
163443163
176763814
24716612
559243660
258506167
89042690
621640158
334047033
127285715
212274719
53511721
753775974
78693946
278086568
163156537
1351529
107197070
44343881
97285346
311008631
271806771
11177566
41049978
98300166
362148365
13164653
62166490
79134467
537316530
637619016
150608391
143275153
403264918
13451380
59947454
33564777
18780763
217308631
34480034
46767409
22826162
59685730
198667737
17671123
345044733
371821714
246588289
113996381
384334459
394687713
481015015
219271127
198489442
309209996
79384008
76980158
180413189
67433366
32893747
155783540
402562099
258634611
57622221
197834399
62391291
150878858
384065233
278730549
496270492
106188571
74535520
254448084
250015914
229026233
38215150
431472679
76115152
13548972
24459234
80393119
93034561
666526929
48614293
701767246
381437311
413383859
217122730
97349071
413006084
138057914
181490872
745998729
786194273
192576240
110261748
157757956
209948956
323469350
99385570
15881044
153819534
85086337
311618403
274931746
167050125
547459829
415545060
400399205
180800514
427181113
268936652
209849856
140102078
105730153
86284977
568669689
240000478
93570822
272937332
677279369
370161959
81517383
80541324
89736628
112774790
462670071
254869782
168743010
472345075
159660059
234239473
35826006
396734581
127241266
177729504
260988429
145911850
136687057
4622046
154605360
301807925
144980851
207336182
44010566
578720763
274221393
249256760
417965025
377516017
78145592
127896121
208814720
482216890
248363584
520099998
38627073
117459984
448457702
6301123
95945298
308005425
219302604
630932237
588647147
672512498
294707837
660213597
430882084
423184319
231491824
370945568
561204524
73986019
20473473
9657336
442919180
99042629
115327689
401082024
111239635
627241106
201606564
338515927
207125253
336236337
82153904
101478313
704195083
258273666
155117265
137495535
825736334
140926505
491209002
147556455
693780667
48503445
91918569
406549220
278302669
35594424
267451125
134715883
234514862
414261733
69728736
57554030
55619767
17211097
123141656
512728622
602206990
69678328
202068164
9619100
765970299
3615564
117326166
353216533
34210382
77040455
291499618
56036263
689990681
93664283
148386042
243093645
197875662
36748543
134654996
403894866
213103768
522854568
582497642
256175510
168090646
118359285
341911370
70712994
270203489
40001645
181420731
164660759
223575500
565972942
107991393
328222889
392966955
610892578
25894457
446344800
208353232
252454854
295099938
138604012
202783935
202302554
388938717
210900479
276761177
112046220
22349274
79275539
306246644
475372077
171385617
5299229
359843627
315450721
134464739
88212161
376985101
312054929
784454932
793063673
664338581
49843860
218575840
410436807
636312400
396739600
358490484
320280205
331443612
31378803
491144950
169244433
40142209
563410833
6537982
278252709
230938765
334110186
182653248
218483923
179192908
393145370
354157556
475536854
147367589
706763920
376050185
159393908
2153456
97091267
57353461
591623301
367368708
70244927
374450461
152275452
31449539
313928277
21668775
681263095
67906120
25470842
393794083
414972717
68810704
177925029
74223912
270322534
137684901
352605796
325562458
201754333
216230067
31141857
727865091
184032755
22434766
353803248
33221637
345681063
358595194
373789398
332974782
53755308
399318930
54263122
306135355
1126878
631348001
325425432
75296836
90024319
511247269
80574972
194997385
162495228
184579046
164894616
399599597
266528735
424006446
519030735
32230893
20204294
96740392
303622302
112618430
246404236
568548279
327266538
91896816
55434535
93256411
163639713
715614007
83432507
149936456
244906770
828390819
520714783
287245376
25529047
257650932
76793399
101106776
230925413
274587771
56889019
60148476
174941805
123753802
80567150
5432865
201204346
79565204
402525816
125337809
122705032
247318390
198337303
90003252
306396125
621342204
28711978
245895796
8240802
68465660
117337599
15280889
654204592
257086059
561861711
30500221
762696888
254061544
161137996
93130391
24038465
46389365
225369661
30613411
352445268
37098981
13989430
340139721
471002326
279307428
389703273
176183373
17407091
244670844
239756824
190623023
246283695
51802507
29661549
216958766
427940103
63484886
72806665
19653435
300824564
152997327
222622070
147277346
99407859
47628474
285051929
622511005
2995517
410504715
295269706
304857991
88370769
639462062
452451469
53240605
516218841
26513041
20922824
458083780
281470874
301171586
146315991
473144349
131438043
473603862
155447687
108925840
27978059
408944723
31794479
81421736
70271744
466289629
162514606
38851558
274482601
127740825
747602747
369180846
441263723
101138063
376179737
49017382
121313367
458506432
217601513
344230371
42280821
796666321
183584524
128593676
264045462
313802089
346726189
123783071
137618057
244763364
363965127
37864238
546025136
403701567
419909583
86354307
1549441
65908895
269125030
326033791
359554595
59866848
23983724
578464876
273874892
64843384
741932451
323740605
381603820
261160757
85407491
136298925
669340845
431439381
16372879
333472529
67926816
153287654
37239794
188936248
481507533
13113041
547602604
184540955
77876598
95191613
165872240
174959870
14095291
255765816
319232418
6399721
402400405
65635306
34267025
319089940
53864950
519210244
274472669
120234884
452475987
247065266
319137534
92877270
148453559
20450322
31657407
229276094
219930432
631101456
735096069
270235839
460961906
348745236
132742883
214975206
52459194
541896101
88116078
494784227
44282484
3345752
73177352
330116485
57793127
32050496
50925311
323047789
300201678
40174832
331058385
42457214
474012578
158925800
192301422
244151696
379675355
125763481
328742905
403281648
612457539
65199489
392908187
359575600
244173877
432408345
125223312
22566822
22270515
76209947
298576215
316310812
5466890
185629941
547643345
36822532
30978862
81409116
26894184
-506488
435327562
56233830
284593089
140714047
224033906
136553712
15477972
111728278
82862560
10770981
374469422
110685348
177222002
177401156
47078070
168526712
46265674
395357878
136624448
287112609
156448991
97559504
113793861
130886421
110211439
527490252
279450995
161570811
283135329
318072897
158123790
367983951
8744302
187057622
322636863
235171264
268156580
139233563
87529062
301146133
17059673
467104138
460940664
144769505
92520862
22915091
229965599
482091024
296254141
37666661
74458012
139576126
35497007
15549552
378729176
145028179
36368126
110336924
286477583
217677343
563298082
263528733
91464625
106946228
93482713
9450880
153230186
100075201
282219424
154903301
76844294
108000250
202743146
71991836
409934275
59445591
362189787
343436923
605238547
134128719
170000488
401783506
174059577
103354754
320121409
69744288
187276843
260359620
131501853
363716525
473698708
150904576
197967106
35443787
65794583
16268319
12455646
95910544
644040
282416501
118313110
292856684
66165548
301090294
18922857
877341826
16180467
706130357
88067131
559867326
114552903
93691599
161677185
119346748
241696258
11407807
260227754
572977352
576740069
3941366
101307275
68000445
29354378
93134433
608246497
451202683
100730253
40574057
759998298
95463105
400259731
295311294
90838372
69265403
5119416
116203601
322344840
223865216
327047858
248911955
195422741
17727218
67591905
119254452
394879059
172264807
163071547
85965192
345705481
487959897
24264624
464758462
561299391
505086769
417428322
232550053
677775028
71528259
185363584
66230290
75058358
486070020
100796189
331289711
319022073
51925598
195821950
268210577
31998446
544817727
407108323
550853941
165316649
48605767
352486250
1571348
469402860
102348200
44818937
94851951
39612051
222220861
264676609
166177
327384165
174108966
79267382
112560100
163584621
336627450
295549365
312672711
113992113
156086617
226671298
546427239
173320580
581160636
199095503
246994057
369298799
131817918
351985669
434873071
417496322
89839340
47278693
248603919
187982196
483151070
185119022
456722530
98627242
60384859
273546428
101238811
335788148
436555595
622119435
24421592
264829069
489487597
282746309
93681118
218310465
35192944
102062852
69278592
87778117
204778714
45027046
86234194
221591361
381634399
28284557
659199094
272179630
7159536
60218175
236430780
203645584
562225838
5448787
172933702
101228741
243651652
337898902
356499669
361245384
323434593
37821957
182481681
199865277
433360668
60700179
153769
728379079
97682069
32922108
310183727
31441225
351286499
386478119
10122683
352778553
115123299
260901137
608028211
47810112
21315622
361163767
30149644
101465705
145005508
362986354
235452349
149277421
881202964
684678420
148702105
243560429
117202530
179337252
371915544
173630543
9638232
178377463
73475099
416379514
306744388
94150410
105960704
407563482
23726583
350422697
154798931
434504028
35991202
311084221
59250029
166592065
410373028
67302659
468838884
660821786
354526119
17197779
264899111
232063301
293194595
701489410
268210278
112986843
160692976
353713906
486483742
226168843
72399182
140413529
174948208
150634433
406340864
214442858
294336881
520801302
42691084
103134962
279155235
170150472
395518311
400018417
339403498
50207546
387377268
101857815
46780498
590664966
117235762
124720382
199544464
712859229
393321989
139966335
744528227
302311599
125919654
320281026
202748045
468873859
717455046
231680744
86073794
147875743
18009819
13963282
38525577
511159861
705861338
26288703
432943516
255166382
415079408
12597427
51038574
247490575
473286251
703697563
408129296
7677487
10219738
34321425
636662769
658139537
119755822
623664391
213129470
205992138
137572376
166543266
741908064
168806329
228783038
402571886
104067502
160677393
14184674
309416122
192930978
105410673
448557847
258734285
269888466
284788479
204936191
335484750
21383432
156953526
789695344
582449895
303586206
132176186
376274330
246663619
114838314
134780744
772548568
52105645
693379990
20195976
204609524
173105439
385828032
183511537
332219688
36647595
764678046
115035213
764531762
217536746
1340414
21837683
78711590
727471755
560249565
11795970
338448515
73257117
331772966
197112989
85764621
53009188
104726246
59369471
39740748
265420356
349271746
114345606
173574358
339808834
426397494
825049056
543949696
270377910
226741967
408296793
8291926
234092203
12010524
165286015
425432854
152015315
66860422
216713796
48202382
77506269
165332736
283185992
265187439
127506807
455096955
346578832
65489268
177202857
277920621
509627177
330123104
101281566
115100840
315486038
150637796
443429418
226514679
8699589
178676060
126363575
191584615
460781401
311122463
250064190
116117620
292034554
431528591
162803570
226201293
615342791
16064755
83748693
25185568
271110221
441195218
180273443
13376949
444230428
189648586
6658570
526891766
37256408
10913699
671885774
108155445
213779098
413864659
106844016
175420073
620181012
44955048
188565637
266990598
51207289
345682972
808105
174789016
26511377
40029638
144993846
338478153
628296119
136795129
38286477
564307925
98543699
380169371
93127490
444576199
133236281
50453304
405501820
68821206
326830573
32136041
387204384
243060197
54037174
31421306
217190900
6910937
688412183
212936664
52956528
422206879
46984827
546432022
32797750
45309061
312017630
17949161
626436841
209248021
594480863
183040048
731189522
330940490
516146964
673425324
81070100
16417077
32018517
90461850
138994598
486460458
119419325
216420478
120125796
721368191
554697793
291458997
153406361
592134044
111864780
301209259
674180887
37946055
160141905
267893160
391450066
181476737
439392874
283701406
228184463
8154216
360369
44867486
840795702
200410441
152991329
258161630
350307827
376762271
84471003
421662660
290462240
399508969
82648804
406932631
350731128
448456947
460043492
2365063
432660549
104046530
608051396
396975940
515817891
243001213
148319374
264170061
247095541
110298677
554388541
90373541
165761932
311043730
7510394
28172589
89060087
164300031
51783364
192421369
560228795
393620235
345892422
47233179
455916764
431540731
320028171
372122992
502638282
155197578
167307202
92120159
715380179
45081250
22704788
1172475
13336936
272158530
7218760
279319032
601533532
517652288
87086563
368701771
220761178
62612657
456093724
89048037
280823465
186353516
311130306
173932691
21888019
295287890
270477871
202338577
100584423
11369754
587198304
485269430
506268275
112241333
531831163
47445729
182128319
536944600
189961497
61345867
684127083
10953121
214072484
185751464
300330927
91362534
368005120
617167267
79094500
84850426
317377145
40098443
60001397
138277885
212847222
252388181
156682820
306345241
506559019
128255852
15114229
269591048
610517415
53639810
371300950
35460774
629353904
447462487
237289762
338437069
259496344
504210694
485360469
121191528
273898932
140111512
259123296
392014906
534974173
309222904
423651803
82713783
652049302
219980218
452733495
3720854
708363204
528542576
111719608
300051632
409424771
45586322
443728460
544915152
59500061
37112733
104458836
78276156
151568794
301121954
97125294
871167222
544839785
36935911
324944123
114860894
363637195
28620767
39308130
453003802
175064056
273900723
452536746
332760555
55320454
87131852
94196575
120046442
121931782
582271589
363103945
96500533
321806342
36577968
280648561
2310647
220949114
570483852
323303943
23495848
142747184
348317806
100004374
575984433
84288000
89191116
243480681
23766292
42842830
615586123
862084462
91662492
249072851
47320070
65478011
103835284
50601423
247130840
373865084
170125066
13202012
245384214
775557776
138104391
46206418
282079474
247105856
72679705
53424278
831389096
571969636
272333971
4645072
36739575
413202798
401413985
118193834
1463666
168930402
189333205
48121232
114609807
427616864
23756421
1775630
79525366
5455695
469556951
344412859
316929695
35647166
35090415
37267648
25366316
216532673
115968337
184063415
637993087
59596998
189262388
120155812
404196799
454014448
20736803
621592306
45345379
67360454
744174354
322885981
12935091
60118640
626972988
542279338
267401830
43191993
71629289
519983236
447899401
586560402
379697570
43781270
11074116
145022854
116540651
86994627
42136803
45184121
82413269
39342183
314729610
580791085
438123996
309779677
350462856
252413499
79553620
489351327
62130855
676036696
114671657
337187832
697398693
-389466
353701404
657830140
332027479
754706864
280365264
43478703
146242359
521194138
567738357
23369151
587569303
702460642
341163698
326184552
187074906
14242700
351141455
182687916
116549002
283709121
130949273
189943364
32669828
113018060
20147801
324310789
364176338
364254074
78252315
424116895
49709920
1576599
422741115
198456773
191043937
227362425
718072754
453955244
88851519
60820044
80991248
3945986
297691581
860878494
2280552
124483888
63537211
83879916
678817898
81483404
57411789
136811891
83798232
452025693
340445967
23552587
299585204
390635886
484072746
186888507
80712215
569067042
606641878
229414511
93723692
104113656
128594808
245864228
55517795
818930654
163437652
180080620
301197068
267826218
63917701
180562219
585951345
390022740
128921663
305396562
126840259
246426601
68430001
337426784
201917776
169612836
79186916
284347756
292570905
510634264
87106802
559461778
67533862
633924076
181619906
87095246
199199267
115730050
222527493
278807402
158040202
659235619
216595078
91742963
1175415
23219052
25733849
91034204
186852907
99421160
43260139
48505346
236759621
226648833
260326708
148980736
410161427
193822111
232539782
195390987
39272335
93189839
493262147
33306716
48470810
401888711
174205289
86486079
258773920
304011997
246651723
114492573
404882684
436428014
231719061
149388261
768388533
210754803
138576095
190484045
621053430
332298668
17516009
127312227
534558650
46613352
17739827
471484658
168044942
57839192
81085531
88402605
28713077
172068538
58087254
94904762
94221997
42837653
467310686
221070300
36767211
69742929
196539825
127159490
473109174
188216633
81833592
119845983
73081132
245548103
249396396
111005268
172644734
64518046
26931238
9239301
723412478
524821717
55585918
309956107
17113336
492789147
492146978
61804768
340298325
440820145
509036760
210906104
613305903
10668083
163789727
457946861
110138649
76964688
10243696
371302842
246182397
535615812
273607931
76081205
405057320
275272394
702357532
141369055
306628853
11041337
71812658
343051800
15471020
108669616
63716402
126034404
137131364
271360119
333997752
102303601
80768008
111600863
337417256
219390869
571225435
408942547
365414493
822258509
419262385
23475474
474770241
233751432
195684582
378427066
126663447
657263710
46095286
313536894
502364174
139467739
97364314
190338913
120554728
89363604
91163337
284254954
146217643
711209308
3886990
214275940
284866665
92655868
91858042
14925250
131131043
270844387
64447668
76900851
151028576
145208527
406282578
452859002
121344293
182209621
409422001
409584724
153022237
723025909
83255228
228763734
466135807
130817343
161517393
141201843
20608909
494986301
163443055
214982790
397502318
592400201
344609021
571671869
671072974
18085162
790734773
775642984
125818845
54039796
506783412
242264783
456411504
95669245
466146991
47044239
315638102
30810785
155897046
182063778
82350378
116019182
363080789
76098392
20802271
73393279
208888579
884539975
104724024
80944975
397550283
328779610
143349141
53517611
30303765
148248245
380346333
74297425
346609043
21364172
409249541
66384789
415585822
224900723
429774901
141022769
497821695
87796756
626507710
262875150
102311987
5301923
132115321
38916767
220259883
405132031
186718354
200673448
228178568
863177511
493148066
51437179
36562703
194282143
555071099
424280439
704801675
27729745
187902190
479262829
273837725
435172586
556202123
310450612
181868191
48120080
268447841
225760435
39815033
564571688
16738917
217741284
204053162
16557514
206064257
185450799
855334359
144513201
31299523
365773625
47415481
307173925
485531356
142960899
87574386
520555997
348395843
239264731
453813769
113139986
246849081
13554477
176506992
558654475
184645678
163321444
9099768
66535557
306575861
237037055
275732589
156304152
633313655
88514125
7316285
135583130
275122145
89932836
187144149
28196195
251657589
270938604
9509587
395541799
206940290
720866411
197416369
203925314
20377064
156782248
250715685
240455343
126052272
102392383
179122201
110961303
366335203
65342885
636693138
51780743
38824205
403858538
261700438
28699350
56332587
61225306
359013136
55734045
295334391
226406711
606266873
257627993
528509609
87793733
82303080
609954403
225063989
10083281
6745538
110917959
125566922
166277152
309971697
397439856
359453067
57967971
74539468
778084350
458292652
317167974
390734148
606076210
103376593
398585553
442742831
5310529
15096446
131862876
21275168
299427611
583816749
63334778
571747748
119780493
22739867
297377422
184139572
52815368
420951170
97105075
498454077
62009748
116114386
500827046
713615539
10536255
762529113
388726571
165171731
77384137
735107979
235225519
705031708
243272579
251888434
101547411
272500372
37072879
193904885
20120163
148141892
18565159
6312170
396319796
87329685
7168731
90329699
611405571
242966614
210798800
192951493
160411021
579144740
75958671
400191154
160847917
273244400
16806612
703668854
371193659
399215114
399504015
440572409
18830001
130688253
619309158
606724443
6251196
596540437
171909106
70549863
472945489
2494484
306892758
362595591
284984081
63470410
23812469
583661046
13717070
128157388
125536023
435976581
50730270
8063760
627925850
405379321
149339202
389018288
614159945
410049909
86790354
314030032
151007957
88384928
7043087
429657378
619727736
463101427
14850365
519171781
384668424
28776922
457737549
371019576
135142898
249583614
416078245
248325404
32803296
183786418
620470036
191862177
523417535
429385826
30865813
265124314
158806451
74012944
173860538
814785175
287262407
189444765
46742883
325224620
233947650
570035675
11810168
206993500
284300476
282725842
135873734
776586083
253766611
32006368
419772602
436561072
164177645
440217523
252460438
71956087
49591502
56986237
37349370
151125028
561642495
358305149
4537707
273059516
321009694
254442418
152140177
651676131
142162642
548886722
36595545
135745423
441958737
8389401
2973348
439103418
780368618
156043665
320263479
223953510
194440163
198581985
207684045
235456580
12151793
213266799
32900976
42749895
10570889
87062204
532904518
84802123
347366694
174729937
79262259
253201183
256965451
456314715
10202394
422546700
659187554
143339858
281553678
748854096
662767631
458989763
483549605
92126248
295780484
249750887
478077221
774045224
9240031
530644508
783627060
320535876
580961243
4861674
111610637
475993504
50662531
420437281
54588801
23356213
22548978
676680507
62675074
231306348
181901891
62883003
103657605
521966528
365537618
419140264
29336204
464148416
39036781
226018547
142592648
64876053
446485715
655464778
16816418
187446417
362339255
139773106
66082963
102165475
43549317
347126973
63697514
98421998
214011894
95187890
161839259
258465334
78418607
220647599
432198170
277670578
80304425
6654227
446687706
225163505
200217609
546348269
131094290
16408745
62488721
100818344
131653741
39830441
701207105
406283768
574957169
243645579
315129485
524332482
19474292
601548993
298674584
140008650
38415063
288559809
388991112
81749662
11172682
239927742
204679813
53401591
27456656
238894744
619525377
60569820
239424920
2325416
551528219
168841558
62749221
407073751
398334072
324991675
48515563
158680777
465307784
29345438
451654234
361926218
20712503
29341903
548018059
412139030
475546135
145460741
87065593
465659570
15391801
53991516
17045530
56067455
123019790
181410874
637089259
115036729
123022230
58947073
78723897
868122771
65772904
41699588
9661011
350995051
99149736
250492853
208365795
130146834
41544849
201117579
206218263
28244822
10389418
231479946
529390686
208882868
384026262
356923718
45954752
99879258
85070578
402597298
7289269
713021415
170444704
136997352
270521465
37926908
24561786
111022441
794591504
97221688
405250022
62049730
512603851
42409496
72963178
68142947
273661006
221923586
284081129
470613529
144805962
166447928
106964708
200605398
301370053
3767370
166759409
421297103
46543007
560111408
174364385
48780199
149792463
290883674
499925315
291981408
297111949
320176161
161072465
364372565
27635881
387656860
24770214
58491919
271920506
415063742
427316018
51735427
30965958
773699
14525754
239849480
10395164
94375734
216117355
258396534
252152434
509448494
69337406
70238450
91441411
91867605
519155823
40090318
336659616
671221883
23730003
335496020
264831396
213340041
509762289
98583704
450628650
285758012
542356003
161794947
293664156
285199535
4665232
354578279
187387133
4612573
162107436
306723681
457563593
91701714
241098735
33394343
505376864
185704014
345651730
178812786
20483038
15784042
190421593
862018533
16612766
352420346
695237240
209274060
192767401
426441519
183033303
80206051
236915411
197027095
174436528
146790727
233711736
9522294
50470943
5403845
9032068
30614036
346748639
37494618
25098991
218517167
348574520
13952153
60583462
60394072
110772417
63012861
365854879
357722093
186560131
305331910
81153969
22683337
47459470
219741007
202888716
616565380
39756714
569032787
420300422
234674336
519067161
9861883
36823306
105338203
417253068
36903774
207903329
180792296
201872953
211856772
203076947
221197170
370274782
43683819
419759060
101046603
239576172
59428353
311585409
658680576
273122763
724480433
161276576
255344161
99123929
180036302
49459614
465997998
8808266
50941694
62499808
601306990
406680799
96222070
26255841
35530688
320920970
295670899
130139289
750124748
50515710
53219134
28197401
323351344
27169662
226405660
121688991
121467373
38147997
59189103
18460922
109698652
232762366
23040339
207295105
32343016
242387481
131239232
218772462
581588450
359562227
354167727
76945843
308964320
182902924
437102966
294275002
2553571
284322195
63114739
270051468
266209635
92909211
525388091
202915841
165781709
276994345
566282984
234210669
234183886
125630701
463810723
63228920
241034756
341512632
153111703
506103467
541017621
21202593
58614615
100340567
356208236
704185593
685968802
15554792
68431808
238948506
59504024
45412769
121379384
407051755
181345351
257010450
111427107
88050380
130209003
86515197
115417122
188709476
181717198
390370868
330872558
38815562
557816995
75912700
410030277
332292354
182208947
176310406
65960298
204819383
14368653
244980965
221526599
289611964
1670660
53893230
519867734
367319571
304076494
246706662
60202372
69645741
346185724
495659853
629618289
18030170
119401446
183942052
372009907
251289675
480736157
26029358
49429388
405003278
278969007
20495442
761046525
257851680
555537122
549983977
19058780
149547588
263082833
15976126
28834440
189878958
455272704
134358457
466370985
27613134
337162330
19707486
275861063
213618286
373225844
737216597
45743168
36535879
161594478
388488474
212153111
338969186
101060702
383917852
551780802
733843978
437569310
434773208
240026734
461355790
105581850
277139777
160143636
190254161
323138308
55566812
23484137
625685588
630603011
133972838
184873905
205886960
17793789
85006738
71982490
48413087
231736311
440843855
196459881
637732171
199260092
567207424
34966383
20247608
93789502
26510709
137183197
629448540
680167461
190902812
18894487
60101185
165273416
190949631
283920381
674319723
271476622
365762744
51131893
165052094
211074196
77965687
61494718
182207736
45873355
33185292
70656826
271767567
164583398
434914977
103842571
38525115
708053432
213831703
30195329
10079796
95036542
404486150
164660947
353497789
55250216
45362370
546231157
385177708
613826103
7337838
225632907
31152066
401927752
1044245
445681982
50543308
471109228
86240338
18546421
268453425
403972359
47181499
499071657
736786136
218008547
206448105
16613626
396938010
521540252
349324812
44177454
139592980
9544622
214613849
107748022
225453609
244238553
274106678
256033480
34549636
526343914
562006857
143132037
752097091
368959236
324201989
5174815
290579876
113321214
350133536
105187734
92325334
111962264
637135854
143674211
176972569
284563414
406732897
379888807
89119277
8432328
1980975
424581524
381354778
294700431
124517316
46419478
674518290
170282690
346143899
289388868
150344192
61655879
117628919
116803530
155986622
36527074
371150951
488380218
264446229
398434638
183464231
285703522
307334178
111637027
12359541
85946180
218479812
363736835
519681371
11590716
607275805
253465616
105491437
111157710
193225528
230765691
591084707
10172726
220086601
703718579
23433580
188961490
469063365
479455560
161514174
367929924
77731843
57504746
26753726
272928686
329417691
445452845
244204518
146435681
357410970
192097782
725157675
542435928
366898473
499286761
149012283
146163779
9599231
347297249
88836753
4523382
-163354
3837398
74710441
467523613
570185056
273066460
665151727
12893905
536694135
192728326
664972550
340442236
10123121
381122949
394977003
606456899
371005759
103977865
566129636
147492171
216222546
357693473
357590943
49564193
183905635
22605674
352172954
390329515
220415143
52035276
326215401
275750375
320489739
400552641
251993619
166056495
66206022
396711698
446095441
39787039
360434078
58513376
522283317
673070187
436003462
8277850
330858129
470997072
291021239
78110066
345317304
417166
683913035
153561403
682918154
650800525
455389583
419464345
421835844
5337485
64777390
385065071
9644894
260279271
99163138
857237522
251297493
198167304
64124689
65284564
83016460
56998791
394500246
187491278
460752295
161788815
2801734
3013536
756167323
366351406
294923253
734865782
6015844
117040953
658380777
228666360
247730076
168712566
453721121
50094762
13130915
80443440
170726674
300523445
194736441
104104550
76333345
439777195
350377302
1699469
582791
11685101
569951663
50369982
21636450
54945462
480043581
360861533
161874354
122364349
500223095
142846664
192111377
307225340
281213876
480161241
494181789
185229424
326133488
198504484
233426700
350753806
240701675
37289657
132519696
532223982
571148438
3110934
67840925
103023965
194174773
236894039
3496101
689871068
613893366
235531042
92348251
68538712
40738868
161764324
22737721
71776230
16071580
3320342
736175262
302227799
231987634
16926962
144093093
19809216
74900293
15682671
61309851
34622985
505418312
60610738
79372313
152891252
337882377
152427320
484822904
255447340
36722797
122539064
276586467
651187429
612906331
632494168
553524935
136195168
153510999
177915934
132049417
282204649
48201074
52695358
35316429
56015411
207745351
513383765
497072942
33722954
38517338
336722462
604575807
331090051
63458241
87751872
64298487
228940165
149144133
1855067
638331
629157281
388233912
37065044
707038835
139632915
40204362
200371004
31118
2878016
466658627
167162320
152932442
449974719
199962981
226915436
817509071
185845822
364910011
16266805
218661803
156745907
478362505
385556687
40442169
6448225
224676717
253014837
98789909
11448945
787649627
359124665
513432329
12734361
345573853
294981902
15175098
322806695
99499622
387096776
301985908
11843844
418906251
75184473
32191018
427619174
306740656
191351518
93692414
144911829
369501575
339945657
231038370
236922597
33467782
18137202
557970558
557063471
159332872
263367399
377898524
57807100
318140121
317675017
46776894
12518642
215771868
284514771
113531475
419153850
23706803
43436778
105620099
335685336
138348365
45114861
802393968
806993529
401616043
494240543
272275920
243682351
32547290
26765690
2174036
442908661
169049657
143090902
493917631
64389980
217122342
378952201
465972494
236671864
57800708
427855171
4053399
756607627
7580461
559976104
90092157
179358892
320969071
225562822
30503421
78465798
403884720
252460339
146011480
143877881
102411981
91520248
663745963
289317576
40350681
57461477
78047938
286523355
67833081
572853639
751127099
116388578
433540063
544425664
205231942
243519849
38719094
574477247
249730919
180243094
190444064
42432694
226461679
7561225
24873447
486301497
469818607
102127778
197023730
284631505
287728281
220011339
439451810
537582939
19573369
136762730
311512070
510543095
289612295
27164062
309388025
68325381
10960010
90288516
183599434
90237522
381119883
319606262
35322000
269715801
11780665
285441690
495509697
147312806
127046852
236103400
46154406
53150362
56998883
454487425
168435697
432042885
78228360
364849032
464393037
606609860
32589552
199917755
92604598
14458164
225629635
151656205
535453226
321531944
143215541
560060005
162176955
107489400
350809585
407044239
421966965
262855592
162651270
108730640
86419577
32524571
68216366
73413112
3863886
315448443
1542534
570656287
182982684
241168537
96423807
52340245
210551999
532123092
644471
372094739
195397776
692991508
103493751
61424132
65043037
74356085
398232602
142941236
127833565
533460788
539095302
175348580
78631135
215451814
264601434
171128118
177241499
172661447
201100018
21257043
68391633
13530947
348775203
60898033
328498749
260705778
532497255
13388657
56446529
273160760
243564231
78793333
537135359
130765936
57187695
433519869
418619809
6585694
277426891
42141773
82202380
349621047
17038928
64808707
124208328
736052287
143304832
520627299
431009325
219464090
598730502
45921886
34657238
320008801
602139763
664380252
158174273
214814753
255221428
139551782
83422119
251867105
118243561
74922713
254017999
89064824
234175738
552182655
258072281
129093991
151683230
200379610
6494231
59123125
178447320
305860382
259150823
483620208
195641239
90415916
6918637
236945528
380185672
78556287
39740000
259610518
169040551
151510030
171177325
369582502
165931859
722307544
307998425
174661636
312026688
676660414
74402467
154032178
19176562
154888663
552549174
68794501
85977842
647828078
306858767
11800566
118886065
128393201
738600070
81685408
208389572
11353998
211558029
107720715
463122304
223448800
42201701
64690431
20616815
29583188
176611515
27492768
521304015
237552940
466418242
61895325
189413298
85808069
155686941
345312056
261749748
477462522
159998808
449159017
6976324
7775671
162417302
2697423
148931403
224281696
83761098
62040597
68281879
5809897
333066719
56553001
134253299
159375417
86258202
140208936
336831156
116946434
89525163
102028247
38046556
313361586
279235518
179850517
349057092
474966452
32033572
656895946
106668313
12846435
111938706
216698462
147667401
85904096
504885839
792010784
478880035
3445021
386573171
109616787
39104041
291936149
44984256
246499674
118580212
638011187
61310661
377360437
447328836
176079296
438712829
39708559
5899216
197219516
273637341
97591948
291208206
171403298
113772290
307677544
477809091
688398713
1745931
285421180
112478400
311962153
184199482
101203290
68773383
356864078
17875803
18658844
16106972
562204020
227242752
159683568
143291883
362120231
220089887
119347331
68966991
87021990
214470231
83944397
20186813
21303601
5310481
256442181
8160321
87196663
60498265
17085711
41954925
582750787
258501158
226785934
119832245
197054291
15105120
99454279
88670981
17967577
313675413
119575791
274817028
148977718
378507764
161694069
168149419
483224444
54492444
87437980
243261821
13847374
354269980
199844357
250259196
128865567
228863801
147276033
41777678
512037380
41943043
450842838
197632896
462289875
215106266
562863015
115167034
113708551
107797198
48312997
580139118
273389238
164362292
286682443
540176290
403072177
321351306
203953057
440960630
421679945
307395094
121482982
121333370
226964420
72139906
477756068
200955831
148085576
142634216
118556239
76525903
11261378
289266469
178321116
166985434
146309561
649634266
77146462
393062532
127491382
97467595
134111787
281748766
315843127
534637123
225080553
208866715
106041947
42720374
311949735
503377500
35265462
395504621
107721995
74199418
327108865
564966297
199512950
786089223
192348922
776125577
150613507
403178241
556254
156704519
335518784
317479909
189356815
261495240
183691075
294508523
246596813
32061361
3608072
203068520
351478574
110564435
58242853
252441065
203193477
738410225
359146234
6918404
179141874
178537121
56585406
750713765
328245703
186882957
141821101
149313053
374410371
73838177
153310192
198283359
19264517
114791138
451044721
274000328
308143159
28130760
303939130
311768277
187397708
105790665
312594264
29883004
511191053
76928332
380611754
45949909
427485281
229182609
368042178
243093206
13592882
126062214
117402017
634063240
117065765
452369958
147752180
700243929
570877272
57371802
252869330
323826952
207990586
38443942
499410407
3650037
211290852
121618517
163244319
324674567
229915195
262047945
280808283
31090966
123270182
44096709
246735598
126926091
68945671
207469398
183586996
78467454
393339405
56272333
210256713
102426769
485300067
265020701
495646831
302668149
5909932
79558440
62701063
241517376
533673098
238852595
29089394
65986030
417011616
428038575
132645414
191118486
275607095
44560352
383294922
172777630
74611223
413115341
26909087
130702923
163461151
67799246
86034647
411151761
173098505
292187770
20479148
11227955
20068470
172708848
191798067
406497963
447458297
144020788
312318825
73837351
160857636
90847086
212113101
370727517
313877504
36425458
51186502
270658230
213634648
240880416
41655381
207682118
49459272
202500313
648665548
74869115
179348970
42191698
3889332
587579820
15143191
80044988
422428569
133435693
75495822
143917236
618983095
115443815
5459515
103080391
130843315
248238135
134632654
387118612
98458178
449637062
12714140
135282826
29289968
137802766
465653495
83412767
79052833
253667305
1904676
6616520
329663773
10175046
196931166
443740911
542790187
82755567
80442340
23187072
83232830
352891752
100655578
564194911
17437696
547678495
244631334
207361457
263334613
60561020
66354360
633350564
242428324
290261883
55856468
13199584
479999675
42395712
21499380
69149750
56354973
172783066
226977496
363477438
32883458
351992529
471009124
709593862
9081597
273745420
381180658
45031084
237783221
475999303
462615608
520805849
319558843
255695089
121182824
18638949
50482679
380833057
536235420
30673634
178063791
417616683
590649596
11750400
24030702
169604467
199005685
50211040
198385233
330131398
80502790
609366940
1461628
559481371
198977788
111847383
57243233
147581418
379380529
10614409
342832162
126076539
140023243
171803620
60861478
62171859
285500500
190181012
519447770
43291442
99338204
70642742
604667639
267971672
152511340
358811229
358877576
384074178
225768814
160178808
-488169
83162261
56841832
436912457
419163980
162211540
211283799
49717580
701220192
262456705
503125030
394644913
649507250
313454307
7952248
379806322
31249088
2667864
204929129
28670975
15646523
422375027
350291534
3925832
253913219
335566807
16890667
305982803
120269796
281053743
350461834
87025443
225285130
727323082
11909943
2727805
82485440
59760922
113302346
358342270
314263657
142366647
11684091
17935208
128586765
380462471
184615120
177984349
428390670
270692478
462727951
15450279
72337544
13781975
334394903
46947580
159421287
594223651
289711976
387958568
586402118
45322692
285147631
6706512
263508689
343535807
150801593
177099719
314021213
159409854
14370599
182448804
89788640
694014336
65700745
430511211
7782260
641193778
372742970
74146654
5863634
45822247
673411960
378042828
118472305
135245458
230723628
402555947
151771714
359305676
240468941
44857295
24967999
8010737
380950157
13311979
434497010
193503534
100709910
252834296
789533878
53024551
349909555
35124837
516202678
157018658
320095493
183094732
127902364
96556035
313585831
126461539
5741033
298280901
194271199
2312246
154131527
29498850
20933350
970002
79338060
580669455
813614771
149614510
11776748
479295546
16335474
371331517
23847166
212037370
135471496
89135098
373510678
16502416
153312378
28241906
2822980
476278322
103647975
224083312
139272886
433431139
263782769
449708625
557103394
16646681
114941667
8143488
330185320
97947794
16843486
39961176
152903277
497226110
275778614
716046373
1836398
202829221
36645091
625622758
550294673
278299589
131172166
154155953
75401938
320724030
467767690
323937774
312701931
668893869
415069709
127484735
468188234
227129358
320564390
14525442
660936429
124136724
79845498
50954967
286467351
12216101
173807070
576030429
186810064
93443275
3224293
370151681
506316194
71763120
291169984
374169542
406461744
120980154
120185703
362212293
542729666
526252023
48353438
224968848
205681732
529199858
80947260
98428192
82639990
529273010
131304664
225044547
476664454
2396757
686423
452204841
716546171
174409787
123248499
378681137
155267763
597534073
413906003
730261482
485447573
256003746
258853469
534753652
26221573
109989223
540214082
469377705
96754003
387921603
531558700
92312703
204149528
598194306
331429001
239082627
157157425
358779899
377378299
227374352
29429674
66502198
159084389
127755354
638528302
309880136
640234683
1721783
2456186
660000517
329793993
1295676
486901606
295747968
296295263
741056861
70130950
159217557
258133592
431346471
197616103
129946493
16819601
52985942
671636043
433000535
28040256
318902491
407235666
372524772
469598866
613694591
621841583
305895621
171781458
166242906
122685233
219424363
402529575
346005754
356469812
252071746
580441210
311983110
693157170
304405899
684582252
274323529
68573377
101472975
134982459
592659648
241807764
118672858
16186107
256360977
44579414
510580759
624204
185454845
11450826
23330266
167721176
13085866
389924671
612830898
1526192
252173361
343552533
553616798
258759428
38305072
51359517
821800809
400350914
289297868
131586294
716379063
354422988
273314773
613132423
688220256
154277578
70998237
119582549
147474905
403541365
228719566
126526685
141523661
40334792
157483925
7605544
397936901
143927847
88771555
213143291
310366038
354643041
56420991
77128903
241905798
370777147
68946905
247108632
416658820
30051316
151929828
274676682
12284246
59182414
470874775
287546476
49333018
203614249
5738137
40333331
394042400
146240967
11400498
920120
365138774
382758602
16392247
412375538
144594340
179279285
94356625
356069200
83527679
624683450
457663813
175861948
183418022
183038859
57092351
150222944
308184331
253854827
118900614
363955066
228135679
44076820
238672870
434067392
472100651
76133395
204994985
6538040
11997779
142325726
309488084
109307617
254893479
120712649
356627032
278915993
107773130
176389282
35658178
664826811
541162497
172381848
50510399
62033904
67903103
425188351
191026736
6000033
83611943
65668906
69393164
439197427
24049951
309450403
320250220
8034880
616090610
50781712
176339073
359189717
282417981
387414745
273873297
153923494
439256572
443022040
618288618
530440560
428789881
328484385
216286553
229390724
266959551
134428135
264720522
252786219
728243675
11981826
140281019
139532926
537747648
261082529
186519519
74074149
260827874
236191335
194963902
471805394
455536277
649775066
374070922
8920605
348756168
397389908
4715954
26310864
107571372
4990902
93338691
25751011
195610522
376648124
783366758
83611040
19977528
113561639
534291880
579755030
38157704
84958243
247401052
212482934
144105359
290770083
33052495
666579657
332228730
154577959
211438134
324822072
289618460
119381174
259288199
660067402
229027335
77179603
316868313
63281826
4368839
85072112
196072564
184823620
981607
2870460
657147918
658251519
273641115
241269486
94716003
184035607
288616144
95759106
84730606
17394418
422203151
64431284
317297199
254129003
7900432
323775012
215201087
43504403
220665202
45345980
73069637
231621490
318857600
148687399
617737382
201688807
14050739
406204506
116519898
283467028
601562692
24993285
49296625
153245942
185306635
442285763
7775829
547948824
17604451
846013174
302218423
21250999
202079937
282196764
141546049
237203133
363724835
362405079
397044998
153410944
48538371
561560200
157559548
300656614
9113843
332083039
36283837
508683296
258164905
29397668
71277883
279814765
356473630
7878935
319995882
401692730
223624618
527993185
314541458
215779855
22628998
708949490
272089737
201155657
72639109
367447421
717048605
438657184
7037227
132113000
88161698
720412065
177202416
79749419
163592091
660091120
413909715
248226229
10085636
221958610
391104920
274714140
129041284
224741614
387257148
98680053
283043921
424368059
249690084
13811316
238097257
687396759
56445799
533624560
30257491
164786170
35635997
171540285
287356334
183615657
234974296
191099043
15254373
274001456
120955009
208611364
456425804
212534916
698037022
34557396
593792609
60651959
349189485
324312281
596741856
54327077
117608111
183598269
178374609
571337131
720829241
68765541
441282613
151778665
80462257
263822962
573750902
441283838
9670178
292442873
595529841
74982513
403435186
646490981
689263335
825754051
101943245
44833289
498860990
763935206
247687782
190489563
121489108
108340003
21193923
21499923
66593521
483370123
100360577
455030276
68209849
93986253
159712571
59390375
528083370
15879002
74905076
276640010
105276332
448530449
670056263
2979925
240663938
56666615
369116779
566731832
341509928
98604501
35538176
423838658
36709253
186949883
207504358
159172304
202829645
180308630
472013914
233753180
265186625
23207452
285468141
140418042
148255070
80437051
309063145
9962033
80942879
437474750
428505731
10498730
10445722
225340530
6178890
235656893
236251049
184979727
545000956
178200707
57362250
6380873
291451541
78146981
14946934
146827528
319819364
6460893
165945552
232030224
68882455
443215303
337958772
100686279
60769170
200544673
742751852
460598624
352155544
722255101
35653377
137186813
190652981
176246790
54968142
310673922
638844573
115571516
379667072
217245196
192440906
359053544
370637692
159340068
181845547
345710021
89036467
819547
21721029
67719427
658122705
48556550
345407318
292222229
499170789
3377661
31185312
390504482
51377717
170396297
736586563
246204069
115319773
20838316
469398
36649437
24351096
95449010
127035549
111243920
297506037
301640367
85217204
300560759
231900069
220338760
140117250
163438965
319128644
105344958
49296761
42742948
78436299
224016181
381235503
612096994
511788469
20975714
24939835
18516701
36780658
479034917
332917567
48772918
238859306
204491908
423963882
438024535
193866635
134769031
202348637
363634951
37334848
534760746
266111660
58062792
709851706
54057529
88658891
272261008
142083053
79951019
258582188
602265752
157375529
521078585
82337540
91887487
240740401
164401830
303347437
273541450
178124859
604844360
532356807
339540017
174628897
102862499
604243704
353841072
642628957
49355838
431857453
655143704
42849342
338805395
38115723
320370105
124635689
1912782
374361571
496872604
308739690
420832511
145690893
153939615
108675422
431567505
627454568
580375836
217354144
88597473
83227770
433696634
67511746
24020641
664091633
69202764
402399660
87661008
675938811
419459983
670730510
579671557
194256011
80443162
183028574
123269957
270161505
559884600
272039358
337511944
564368756
545207043
73241312
530320244
535074953
164911619
87490394
664039853
11342890
123958524
126276796
231665847
207039892
390599537
73746690
88151634
678214863
494621338
445880930
139590701
248891373
35807553
134132698
733543684
115044341
508393929
224732049
215806573
222512567
28923320
435480493
116218907
475233150
683473417
334210069
678350188
298428749
320001551
440627
11031490
551911177
44658428
393580790
116069414
119484437
80587622
118124709
24636165
247662090
186467170
22741108
102734888
216158853
424549045
66207629
143699436
12795841
152166943
198928267
215544128
90106973
65538000
22780079
189945133
23445714
72006697
221546576
223923545
20068448
228701041
131484176
192728354
288454271
59365014
251503083
188173020
72855205
195577897
138921791
166685021
257062099
255289432
127589181
356755775
17562642
330562205
25668894
384834263
39903698
162493969
41144271
83119699
204090191
719332314
215284755
181235463
48587850
316394082
21913503
574297214
378705022
231780041
240627416
210924991
69037945
299369660
485645518
54547846
249716338
217903140
80805987
38646413
310163526
104756910
204979673
645615743
274768675
373542954
8938668
358050802
189630220
270022876
16509704
118540843
211598510
3940975
24457561
112544922
353749747
5470036
548572760
49286047
80227040
224533463
112879906
79328608
82686478
211529458
524109498
127633811
242400826
531291068
361356857
550593243
510965851
48264449
92854300
270816486
286331427
214009284
355790535
33806097
89045377
38794474
188619970
123820208
220074471
15875388
594822138
71610754
722927822
74737604
173151454
123197196
223485584
112952066
58498524
163518591
106214229
114279333
31874939
371654636
58916292
63337703
526885560
14869754
149516660
42824051
387396290
45965251
835214
555513644
27638417
130264404
40692056
753053162
437480802
47980545
40789185
10938828
289762886
305774960
84998139
127121724
316691932
243736466
770740115
16724950
104933974
276296944
1452440
276323588
109091171
72723765
25984684
69006732
133026149
29212845
733455460
456252782
79213806
294098860
13730756
252881391
89026719
40361731
119945717
500487218
15121164
50296555
49883076
93731073
218284977
170152815
1943391
80248562
341980747
93816369
32547028
411671560
155421351
459642895
245079016
4431444
304093095
30433422
67608993
159940951
430385150
144820857
60599929
87104851
91616208
176625949
430741306
194337717
516741783
16034361
41973737
251459331
100668623
159062671
520913797
265471140
165966099
243251672
3884619
25824758
618490049
266771112
721625626
236321911
156968667
43127436
207340720
368578645
608236939
239348502
553380753
378454819
66725357
255370879
12352603
8673416
478127474
61036776
15247965
886703838
321799983
230310234
146881956
97998812
131752205
264838544
97055328
337088488
17613529
239415468
6816720
456285534
253459839
172229326
47574139
212691915
128770785
325415026
769765116
581248834
348661977
333988819
356193240
37017392
20075495
635192460
68504727
63453135
45309100
8377020
108359983
387467673
4487486
225693820
6604701
673019582
192636670
429258689
317140457
47660785
40052383
80966690
5655988
14005690
24891718
148152912
366085679
290291610
20103543
286073394
332819606
35252148
70749274
63337275
21975370
264297078
489326273
403395894
212793282
769801173
132019915
106633473
629761858
73444340
57318782
640250811
63317133
28812715
25478189
157747517
19377797
7540845
208587174
139351488
225020629
55794162
26905415
270475008
243220516
268757493
245330840
684538308
179797820
200651293
67475225
187046338
477127910
67498790
293820620
121004919
445553945
746231248
17788614
97390842
57637883
247539019
229017212
149396520
294402522
388703932
601009043
183202213
83205978
44861832
222486719
93127798
126022284
10268898
37252323
585916209
3975928
381804597
664615326
58566999
297275446
51823464
598533137
24348879
151764948
11089196
505856128
27945025
545842845
184124386
614560313
271640973
251279057
120561783
22658564
691984713
157372191
145870611
610371825
205447904
109909957
139837563
317966226
120481271
13594581
124628801
458643851
377080941
324115817
52807418
226970403
513356366
65124964
57051151
52380286
256991352
136157509
91367046
241459659
226028429
789084629
273644650
18368343
130322164
417708655
357679097
145345058
383636875
44657083
697071827
198937628
129433662
235927397
116242282
37861173
51293099
274837385
154260666
164472629
367606797
289696323
221078919
333906729
511048292
65263705
311564732
165077788
255850442
39684664
610018859
43337519
89368864
124477337
316368936
142319233
155455173
70572922
326228629
31904061
559808506
76631821
383644604
461206787
252971441
741202770
453288619
205039803
573919257
155079606
233028089
98308432
320329921
535974543
321252351
40305510
199872168
12146460
255507481
262373003
245466805
10178381
509594808
293871267
85268331
13997126
55387879
202619949
72914170
283608647
7107727
14889807
88746717
51010203
715438481
20083491
418464313
75798257
49329671
257624531
126324712
345476359
652285747
444470545
27543786
83341606
1249999
226826981
706508397
872766434
11483632
534667138
514974454
6908173
137711640
26166586
74470722
497118772
381624015
100677907
379442374
73897103
50969610
105107541
234242666
450984157
98710785
130401600
115927710
282822631
275362720
72073824
69632837
55366399
662621918
462524848
94334102
26654265
79411488
64437678
431563748
432698721
511042338
154574399
185483447
22187683
178097384
500930112
215128316
324429534
126812721
2283112
680155209
54116757
86486756
191090619
723275205
193322022
173219759
97468416
704707201
64013622
392042
59382775
206470118
53088147
212791695
108956365
738679967
284713916
133080484
39991954
7725341
505005599
482760345
5049052
21693341
73107220
508174825
103904815
191802108
79676813
298440882
213055708
324709190
58688592
439686573
298896030
144482951
156133020
104401125
532373502
568017868
4210019
43162051
52476231
335580850
138732233
234502396
248199315
155325458
359099082
70036376
381967605
470448002
534830088
16395283
168837151
681870469
274266944
89798167
267497590
39159188
68841351
156486754
116602466
513921546
88966115
135246188
21164574
125686341
56252701
292814492
15183426
130801250
372160614
372794940
89788085
178690742
22099021
288470686
150917380
414028206
20595646
291333955
337744113
113711427
361788798
225238450
32788826
36627274
451694241
299859022
259385040
71681008
169000260
258746171
316809034
608486862
14579388
10800307
59227423
12723170
202277540
98838646
85169238
888069407
363529572
304329637
75082063
37758669
279395189
194834540
314794414
478434551
6183752
371352044
179162029
443241253
230884284
78444165
767585143
363197339
109557187
347185094
36910035
121669982
460232552
349437824
8241454
655600948
409563262
89505654
121088765
623393004
110435401
171412523
412366630
252880126
175517911
159487991
413112703
365168397
196407337
33452829
51834678
368275571
32938140
702907305
362256166
554338830
4719376
57895233
241850084
648276331
623431405
126864701
190126855
254968499
248537955
386923921
140579323
208824008
225918349
32165531
113232782
221143734
348012905
138546987
484255230
301826167
81776792
521141297
666983285
506716078
283218881
62085727
782863931
50224478
324019692
233865764
67450357
652906581
66100944
46566388
94949330
337424482
424976262
356163169
650578625
229217282
121841831
112599446
120420496
93480041
483651612
354863318
173024512
63924813
364459175
580551992
526354064
691817260
80586434
60126979
319911546
52502378
329891695
281311
221690373
44320762
207042164
742669182
78297969
157478394
106842532
306986502
174192145
39291547
26671980
198815719
146169229
107733052
192396241
77113012
99069730
303992083
84048
182800002
492443131
93988892
433281681
68131368
728938997
307545325
117347932
576357654
231287963
88036969
680186014
81008163
140043602
48563503
386731328
543796071
432268178
16229526
237432721
48981400
199806773
84505618
438086715
151030058
376711210
109601898
141151116
572343668
728722715
501440749
29748172
162499647
50705637
145867849
22923888
54864018
10961451
177509678
172234647
103879474
209997881
558691944
182162231
142704104
276420653
543145113
104565032
161764938
5614056
405733115
219580141
182983245
456618259
212914742
9847985
169048047
154993046
263069811
42156996
207491091
271864760
33090817
285163535
215402009
95439622
446606537
1961052
472599046
590257029
71447239
32786877
127063667
147401269
249234357
195947113
32012791
387758279
347622961
383313125
129003380
561587445
245628071
405833198
121532392
154102393
170200798
455861871
45467310
49407692
284085924
89645860
22600323
449339506
6957507
283003708
487186292
114115604
568906938
665214640
38593927
272089
341534815
620945330
141488536
347404134
217742373
80297821
144601306
816470713
9585754
1002858
37824909
485562867
14002367
95045240
281369354
33803423
461804008
97284685
418271827
14277044
711750649
764489494
15809356
2943554
107589125
528223031
5809209
12431161
225412
742725916
376737968
257361458
258718967
92211533
1464586
17681907
43341073
157468513
367133686
36724353
355168789
15439767
342637202
173215380
179632213
488045148
44195636
544291
297886267
182851375
245616977
18863516
76868285
405554678
10946785
357938194
387544329
18193207
169954565
67252728
157864225
714216985
486583119
302165830
576421354
123417762
162998741
80265583
153601439
125707823
86016131
166032927
325151584
25757205
226860884
4885010
190764561
11854121
68783254
171115952
144207610
348885806
400154964
630391
292326658
24733798
421423676
264904075
274396744
132005386
528792908
109733363
317451957
235456577
181153522
10851600
200767181
64966190
31568405
175801460
243047680
221756520
438453212
306717483
47503806
434212363
607612898
82385267
479493987
248710970
164582718
332767459
27093753
35987360
315431247
60421341
23881783
163376900
149807868
575832734
242633024
319724871
573793165
326199253
5905579
177832381
420028218
190831878
344209824
691376697
338364570
645967313
230365058
225557454
177627863
109661633
352418194
170839132
495855170
168471367
56937527
54979996
377639508
146216602
75995752
28140198
492602883
714802714
48262948
120260933
91940820
552685572
193916992
94665992
494226186
356360279
419042656
180183591
3127422
540513074
11013046
42424094
761605316
257754305
186549774
73712268
109029532
342588865
389013722
616014663
114877031
140854222
218771645
87179020
172600839
44304707
800059615
569733697
388564723
763883557
78015676
158192924
107408466
206735616
133639506
17984432
336714783
81562827
75662186
312089797
366901040
142038751
181680810
163939926
32071075
72748544
200475365
544000646
348181479
98006647
593257454
391120939
695096766
153079907
183017659
505694202
204510270
236925374
400911244
12839458
456056063
161696539
193496933
47824595
30648876
273056280
148902569
29337128
285875422
53096905
419448531
511698454
60620927
757471030
136786474
92860640
4032080
36153223
22866444
180274637
290973272
4378178
15840866
183014520
93730871
134003833
75444913
23207109
46902961
218544804
17333246
200448602
102622687
272757623
170568002
328408041
35722223
160762126
48145036
313719723
569867775
182624256
334690036
585071520
215323245
51578507
101484967
150658670
118410222
459473189
438946700
227566881
237355638
55903683
452497386
628771456
349901039
160986950
104312069
75506728
46053127
75188254
179212890
48745238
137978131
65661888
161518963
232599533
729134997
246767053
839849672
238011604
239858456
43342490
138643808
114642665
290579019
59500250
153053287
66393229
345918052
233366914
535604685
12658151
121584265
144283541
78260995
5677840
127858420
618112124
37959943
229974023
147391880
290635979
234181235
158289720
134615321
195981253
353190649
607784871
360444385
166177997
265164707
178999838
535756865
162112008
5332309
173453127
73061122
609932613
176999669
89239844
357378969
74778461
236409634
557399961
130537968
518845021
211126109
60036294
328672530
149560378
513861749
295512129
149649293
8567721
424515228
405864104
129045966
194269275
200448543
131779905
21987451
211584771
75966765
123925266
16161974
237719215
38890517
308225473
134709002
84149313
358658471
58265704
222735773
438381079
160563065
377875945
1922632
159005992
40717002
305264986
63302958
367096975
46434061
379090780
97265769
638562729
204832372
103652394
538125874
347366513
82016645
245448104
20806130
371399213
171325412
7498994
122858753
290653204
240329968
187167087
321240864
10004602
82397534
34403834
236849066
25118492
70573165
503544521
393329382
80594839
265174940
4517648
51918891
16619256
105555358
412955931
445478514
55066849
12828399
297027898
327526824
89692002
218330289
225048279
133375638
24151921
430778706
301117262
341688228
582026644
583884553
233543616
5073801
674393415
391698401
275583184
410534778
173400664
104684190
854373422
274109598
191283057
320008006
105498600
88982806
331655894
410216925
698852983
53897380
39880780
496578062
5746673
215959433
123132658
202213678
15950396
91298656
30107154
266268619
163728037
106438397
379910734
66690851
141503916
266102207
96384058
128470090
119336443
490113191
26841832
410489341
237150335
100027266
242589667
73913125
294121484
579271262
493444442
55219862
198199975
199991340
101760353
160795992
82471695
297468492
561416511
246302776
189515040
226237362
275819311
51424493
498036541
285443117
309525411
79954854
42056281
365289577
320927855
35312114
24438299
159922300
312936254
383990587
452921955
627226002
451684757
443244137
221391139
338465125
84827465
137373520
11197043
47607754
136352336
611703265
8556072
173533816
143136916
26631331
355133220
142644591
591290978
412948657
579106709
189655641
164136405
24345601
55935483
66918701
6893232
210865760
58841787
414828449
575669585
379918633
184361180
70256417
78369537
338066567
77375248
91739599
29596918
215110261
5835810
209046436
360173
282035784
110661825
56263702
379564284
415223734
464883026
217739110
85358055
42152522
379669863
146099150
254716729
10183767
23168050
4428177
240285120
4378250
360446643
88732792
59362742
205237911
578298845
57184134
21505780
308632193
75203002
54810718
117235462
709475799
383478771
79196013
81731111
7366421
161866693
21708990
49771123
120561042
425137111
40148384
127492346
178926761
322566954
162125322
304675050
642348971
224232752
164899378
371284433
509971573
127019725
32182868
131200098
150432766
140582980
27837285
67172244
605894406
135952441
538365781
37348828
449889409
223550407
229519561
466773190
15841342
551349746
17751587
621642219
366636015
77971304
578173683
102153384
239684107
32698027
134998919
85928613
71620327
45253546
367334229
309942224
8403400
329216213
106553007
228074475
184266191
275174775
235387992
395418
323400627
206164853
93842883
258548899
553812121
335268188
161339289
116211603
645686721
293677192
26923494
77635850
435386050
540486452
291738644
47642043
49818679
791650203
829397552
356317165
40923
733129183
351099572
198298073
12037154
463755083
783262947
168870718
142480052
144490481
168272105
790843580
660085302
46621990
246477922
43327617
134461741
368423343
502833469
308493816
486698895
294797521
264853065
51528497
141785758
525520930
53738106
118500410
62375860
47763668
327802371
17989157
250263499
549705923
177500316
208884980
457488079
45050385
87843583
253008844
10736815
76262038
138012991
200895060
140635972
171736931
538615476
471906536
62896757
93696421
3858129
16317746
36372341
638749503
25322492
405727879
149628730
87868675
526586691
19710734
210969686
133967952
368275728
160572693
44601000
511075009
14575451
180082415
488453743
256096974
123878493
712475
540149704
194944118
122229436
202285128
233209882
360033101
402965011
203698895
4183860
117187962
185071038
140107082
370404307
72452940
137640045
280224293
166588621
277932537
33336840
85141369
189769152
743741152
389552882
213708573
193481159
101535274
84227013
123912313
199005961
212432336
582858167
114085890
133712759
683301757
54046360
486379272
-341239
199368742
551030800
283337419
79720829
27942465
191029035
537544260
47159912
5207825
197038518
383309972
26030263
190638
141330224
171523809
42677500
13305203
243461945
233931614
232179016
495848085
124381314
163522477
82739217
466776252
641477887
196256992
651673039
291185231
181248571
16872352
138419809
169099742
18530880
176266186
159775112
32757328
92819941
2164825
37860454
175635317
194900736
225600873
287802950
34418096
113830662
110618758
152614741
266288791
7597252
22821414
268509274
586257856
329161059
72122377
431096979
556429185
219715176
498017889
823046547
46174790
327821922
9009667
366755216
4314023
231815866
254735694
58176268
696051114
98126563
252251877
46523729
273338145
294896233
525099735
101355313
197091021
512055773
7757199
119273654
430169685
146572948
371113715
127643385
118045390
29623590
399759919
622403511
1449415
196747913
301522304
231971250
534823838
219732662
778652561
219610757
22999815
256264644
162951102
193341366
31371851
296687243
108665746
292524610
734114399
216534940
67410444
502358764
197249855
243389423
311455618
590936527
112654636
424614677
510887009
15263950
528225941
68890833
94186201
489853065
48495052
369003839
2340051
283530280
159685863
3667721
26127562
45695075
553861758
93107064
183556805
113805230
350053121
619464268
765066839
125687041
106295080
182295143
323188020
425528300
106671460
63547872
31174238
354399679
42874968
241932226
279264268
11472434
365427075
14796777
552895197
302661009
676069518
25666841
983879
505931195
471800359
401838494
784046181
370316654
291226956
465997133
194589391
311362131
98428512
14117075
8932765
139588158
23705421
55575364
225379267
57133280
39294037
536051524
640741419
462518677
127343703
346606866
475511365
486635496
369093880
227101838
312987217
317472836
22865519
533603961
627298958
161625127
574545978
216240361
17887992
320894944
151903214
585069226
259832161
314435520
366018066
321425631
271641354
219702104
361335614
438140
482841353
75870778
185644189
356946004
189559764
21586983
213493458
252654226
415074150
618313182
208450264
10154442
637342714
207713932
139166177
365956775
250641145
33335114
469961713
363648049
505100323
325099711
215458018
106238437
471554227
26949617
127334080
334180528
89435029
340033155
265248601
234763954
15691057
452682953
337517339
59265512
68009531
691516988
333150127
204630417
723673602
286668610
251289418
481551674
124683792
212266853
91205814
185823156
165841773
139640815
159203880
8017844
283172811
228798451
451733871
225790349
163340452
263065672
264142826
269552982
102231291
150170893
210556067
27969489
5949302
164450025
325304773
118009158
160933440
109223100
508992719
184957365
30133438
357347749
268701829
443607230
127088780
137563944
85124970
118659939
47881936
211348579
206240400
117663515
248122705
239194638
37937222
77935437
8617899
44866876
335391644
601337222
112370737
21282347
86879974
236198228
24904729
163551344
72551393
112449986
142480474
635898808
585341
297210173
162431620
108717367
161241447
618318389
470324202
122074794
42562996
339969086
168387273
15633342
94182838
462075493
99818662
3860506
3006091
160651190
259854511
162409508
524713970
279882564
151795260
127692641
176582619
185008028
38866084
122171709
71760119
72410583
587357716
112199072
30096889
45005746
200038571
206698234
17976522
190608244
490321919
203234573
200072166
352246198
207409275
466180392
43153224
18312513
281209521
210085832
122479295
247558130
626103585
468746978
307043649
64861640
132206870
523351315
227633670
493362336
217038066
9251618
490242762
18668007
153027941
292693030
152559228
166087559
207336195
66973114
249395396
185147744
210693551
39011826
245707251
643906397
160254278
248238322
231840746
39498084
129361
160464538
231255866
674630784
430668672
71774202
42757995
94708327
57129009
664185251
538040873
228917346
525596378
208017943
468431860
236034963
282802844
675654247
117051786
38539454
219052923
71134808
161063136
83955387
265507627
124544048
151741899
54664877
842739786
95222640
65404381
173258454
499005815
534504987
471672271
383434005
168788504
138659184
226930130
397532470
133018507
132151820
165320877
235744507
310180265
574818834
88450247
238342132
535330234
10398849
536939519
44509721
345837454
104251528
1575004
152511784
21317755
454377713
147689671
2699840
353351147
92142369
136398496
511317327
465127481
828522425
497542920
233665840
65581476
446340297
589550489
334160430
533310945
630909489
311649743
523931821
251078402
9119425
327361319
70466169
141062380
496065225
85658317
87961841
115969694
41404934
32873973
12397423
763174234
43116883
583411296
172761739
88153727
97951430
549685681
43890941
9637416
216555810
199879054
56763237
207093876
501365481
42300200
164540299
361699389
171067114
326739733
19952358
397548648
386901625
43278180
674601818
158671688
61091728
170002452
598436311
278597500
405280571
309265727
471627281
525932898
31393496
424385901
51114345
204802788
289480613
240814511
324292228
300343887
403568052
39132082
565563325
18244488
201412587
39560476
166461751
106634539
115831405
89790067
457667097
16631450
138382317
10051999
20906509
-742058
181472647
57363588
403798633
241469294
145018863
11214961
219564072
81741588
25513378
213048343
466389059
10352853
284030935
73025424
5813635
164237502
217574124
65703959
495093176
146855236
37766196
144049647
147386269
516070161
39132496
318911812
404547727
613915463
149700522
8993445
311001739
507516701
9778298
22576035
23517578
28152644
419314695
609913528
70529680
152977175
150278538
115490091
14181735
378162073
416069700
534409083
361301718
254260186
10846207
12809440
87963913
407503670
403465769
203752495
66991720
933053
36688873
453123262
103053214
354258967
731245484
101464658
302323452
334222874
318058935
54650298
555253119
725977075
85899708
40836650
707738970
127451385
415266370
31823445
9882644
102527109
397390865
253365851
45980951
398436744
45181264
467650409
318540908
256813566
63470389
245268188
21957652
7097083
372812822
53506012
209216881
8380784
386448420
314596356
91500113
586566155
38899687
261937657
708888318
286092484
10770136
112413657
183893885
295365160
390935167
101513047
541997095
311841257
349434361
124583935
382817210
497786707
75349040
147193557
143092980
50625418
230637377
62701112
152208359
221886345
246552354
47717447
483277333
370986
81784523
274825708
556486432
521846240
4823178
342689409
276334370
269112270
71622873
194824677
11039484
221382732
208524990
27775929
333237025
174521282
273406111
335489934
11432601
362348330
1132747
186776218
179070634
269628751
232947043
342579618
495739045
326438110
804846895
15334458
484164862
602836272
229655708
71150750
679218047
678903436
289559142
162383593
483226946
813616
23065789
57386199
54520553
57750252
272099949
44467040
23227184
101178533
23386228
338957416
76656176
651132569
451887561
707919735
593574147
83273620
266576423
594907665
338475548
93435920
27143849
6495179
743889669
253496401
86750723
53236089
273411078
475424315
40489813
13269465
135158569
597077312
366186314
4123131
677531470
44090253
88107871
346597683
74612043
60677481
492530615
291686071
512317706
112399494
42629915
210549473
317453277
12056853
170147818
42376954
249279337
48601409
20198558
718211068
167526443
16468492
295040066
436354552
29448671
366004670
507179976
246350055
16667369
68128944
81300795
25598613
52276359
58690152
267878317
18855366
490064320
122632390
795285390
254056618
145282906
287038362
521566659
81622099
167948347
832330933
551518955
132821777
235252467
8588326
426518794
672874176
41249626
56769484
227273319
79407853
136453150
571488678
45005080
92472425
350673198
106398081
387730501
34235438
61559911
102991782
282681290
604790320
34029818
250612993
284642865
434485229
314712170
71432956
12334779
625180582
544965598
226680843
178120660
390309371
220003244
274715897
271625735
409231723
134230452
155332981
430840730
57222874
55253546
39629770
139621959
108784982
503691304
226295179
578726414
69496900
500286942
294983984
519432949
166738976
308701117
889645930
94723500
7719355
86482624
565441542
141454369
237362698
11389948
88583522
47278169
76479861
19820119
649148971
24794565
358292784
297570163
669666315
308744859
296234912
801991480
61257972
55097428
263300911
300859827
239295515
260737511
68736846
79612816
133520669
226814015
309835256
581951210
124904402
422377082
396637041
719556050
88606429
705501843
11948616
31050727
437230435
185368070
261197104
57210270
640031345
195121132
346891004
126074627
13281496
106705186
446555717
267166670
107910032
465498313
173344835
242781179
2895078
155231106
210496771
92738818
2028008
71709333
66947766
610049647
83209325
142405325
135707197
682220617
319501917
80596893
54773454
520454578
57479336
517538018
591684457
45940143
263404024
29229665
339517773
704855620
253740859
54881151
23165100
280987592
523446882
489543135
9597068
316082779
39809523
443863590
111874227
112330803
134084369
103046669
277464962
55778900
499861440
182583099
444278032
501689146
45195452
603821412
668304064
431143430
517274057
344316471
4981078
258198030
456834815
143709433
350950749
12700694
791561706
243630145
427994579
321904558
17995889
70041802
99876932
385509050
487727142
79976382
180029925
15244267
550415180
57676032
167073473
461716169
200313573
142871867
299927120
34649424
12900847
32916681
136868116
2336342
31399342
227932483
297598662
527348976
481398017
287877148
87497321
204258376
267593856
453842604
311360517
39986187
58633261
509925659
731985636
269542345
38680457
170472378
37449408
61912994
220901247
298730815
9109015
1625522
531434220
564726489
72483864
403370812
92449057
241056191
218032490
213339447
100932751
34427820
6796066
476885565
122991886
60120277
72768633
704229995
94487751
4360930
441269192
677675518
56615903
369986452
200886458
843253581
245062280
39571889
291748201
229432371
177614478
306757892
241655457
179695242
680787369
731941473
76526902
1628439
301937893
231904279
272214651
65854873
49421534
265998681
48832309
17137622
248075996
663174101
658660198
348172510
196175330
2293430
321564480
46458034
130590513
332811466
8521535
74961887
403566934
4969629
247709998
519756390
787121248
475933545
211919790
58509393
797948938
512853014
201245790
245684080
29812557
172371481
65363151
205375800
16531215
79747747
26344719
384321441
25317219
10472841
77871127
331922571
36272140
203410784
374778354
19392020
345128787
254977529
198843900
15176351
79156708
26699653
321022840
97060724
219273596
161979456
577664192
813809160
141885008
170577275
191752512
189549222
308852673
315161882
537026386
106724978
151838668
444861252
403990215
202259616
280507670
371396374
333764215
349624524
7736434
237485571
145749488
529254267
16204315
64601081
99268583
81107111
53873371
271859932
265405959
5892489
276015269
176548329
261848364
662243365
10775431
431454562
562732261
16630703
193623373
144027546
207886008
166765712
181501624
625974202
476884102
564609321
7116421
379650890
48452392
247314300
84154944
369877984
385143485
17490943
45348776
137539480
707682254
559238935
440899233
418089073
683777689
199451940
425728002
177174378
167441299
442791887
110711717
411661555
137324494
8359079
36489317
839605340
50670612
43098403
633665623
35109578
68032531
255083993
423345297
170394670
133135468
505723805
619915863
263936673
218653602
27083880
89258342
291844932
86048606
7566570
79457709
499070882
322508148
46184562
364276682
115741674
35397313
163070972
410872796
216983676
323497651
163043951
739312879
15118684
507351420
390733469
675387534
454448100
304021152
98410215
365356763
264620026
121177589
83702736
466040630
57233349
247892834
179299888
277018282
85567395
51503811
286280367
265354129
194353519
357149633
14501904
8938332
316556221
53695003
401988477
97573681
84931704
228573504
201135459
96942096
6631564
24420490
137038788
147774704
260259631
157373092
453171201
18252055
199306660
161986390
266654743
387997364
619267385
549205684
41018426
114304766
10851330
12148364
638329453
3845990
23852977
263726547
283554921
369070609
17204541
129003723
706897561
307440135
26598628
602287501
1419344
346225635
460222198
238434089
149530540
77254998
452550445
61168733
93311742
656587196
367968714
354594444
303717337
118815525
30356138
36301016
363067124
329242364
677006098
215996306
8802794
766930855
9929397
102912790
104406023
106900386
81259668
171509583
25755045
64462504
92670412
348839275
312551128
7127791
343553620
477708198
219514250
125359349
173602559
295955677
26546997
246393684
356459049
164196353
357907384
259257759
100973422
265971188
539627289
14578248
191860351
8320340
607885147
69632028
171385894
120326118
334066226
778228815
6835809
1099003
279284302
382612269
39911950
22481397
109216751
390934338
775075219
71742730
141424815
151238191
563651542
115883000
636797010
674409624
237911055
678673226
188722610
56076361
7167320
732101160
76434278
11258066
97643985
171534899
254304482
65103123
408310179
159744697
576032223
555950934
189524886
27323403
422875085
56694484
100148472
136620953
147626631
526025590
85415074
509038454
522244514
630512103
295945320
111304586
42582750
191934025
211157051
110379702
668474669
143982357
102662754
43554324
728132935
35364292
738690127
35930043
319331626
22565292
60853151
32511519
145914120
23352159
221819567
645664576
70449715
9828608
138306840
164849432
186433236
181300373
118459077
22311360
22016009
448615537
490643240
98494118
341513247
129870204
333929782
252592609
10951477
24202906
552488480
78295239
525876904
134818983
473295266
106621947
10535267
122196885
508853635
60045712
605281581
146125546
36826768
299786349
71243248
481594189
390325910
748485225
32385757
403561994
153325480
459039608
55515443
43084498
22848075
254898110
190810781
70850452
533566090
82471307
184106474
86237245
491675833
351408416
252071412
503427164
195963757
600437791
136417402
148415965
68842965
395951505
450121188
695930504
207739717
160099651
703523954
108924358
52985054
370458185
341217037
557149936
313695011
128927761
149082884
68616703
428096978
509941835
105831636
66275549
245837982
122549894
162149958
134035066
799703421
87286550
658900125
345075214
56897420
68279020
162195491
42711578
194541780
292044999
210826445
424845833
246196829
18926120
67454439
454489482
100198669
17845034
65776857
483099908
516797948
495984207
182069570
7408556
28256956
630493609
451267329
340325270
205845417
10100604
115280876
316161694
176851415
233286772
111714596
159327279
10964064
14659148
488386624
22692185
21746377
441926394
8852649
219806204
281867333
80356828
31753376
92371309
37370552
201281787
55256376
141863378
70291692
54992649
356531067
331959303
59984814
59187339
224114291
695812801
166839981
214167391
99207570
117148920
173683054
602291750
282828510
533979957
269385746
25326396
331265869
51444549
40970972
140757135
142678217
500271879
151835231
422141278
123648832
257327415
17704378
52187057
290202283
90274984
96788955
30203578
270494595
583531021
831519314
123110512
107554499
403533432
36696171
21127265
55154423
290765294
98730964
33509879
220873762
429177325
45691703
188096452
188182284
149371690
245782223
26715491
227986060
89246820
32329523
384683748
85662555
53035025
396768143
299312045
441973146
15452922
278842119
466405038
210452990
611441316
111789352
680802602
435401032
140839511
8289695
292855085
81912852
153268077
116535574
272118154
124736438
24156139
49922755
361640603
184442566
3577984
171552674
156560874
329104089
349736621
88447462
284445549
35503672
185813623
89903174
418998522
265343997
104139727
204842692
290384657
42602686
229368112
321579701
445291645
488980710
54084270
337088942
476186892
644515030
116425075
241462766
103026583
136461379
775868150
19776746
124477405
36092029
304589998
122164473
341352334
578037655
320600147
422387858
182254014
154146424
167240054
95077202
394349500
443745041
506635126
63205843
152775500
81109302
10132254
285226628
62360061
52783489
70653753
9339857
615510484
29945096
104498558
239814318
1054579
29200470
378993850
458244153
251914267
372879951
866808994
379334263
104217429
350647004
56082286
76864919
286488584
103669875
758350846
168031877
5013086
170797543
487682133
209536659
12417553
647789668
465573937
229736731
83544767
444223
464355698
302776067
72639984
61761280
211968806
175824354
776177982
272483273
37252483
330555658
66968029
542705210
150484473
72165553
199735494
82657111
84943812
75369347
269904260
272011366
88113501
44019857
19397294
41596217
68011606
111529458
34470833
265781825
100568683
339350259
620489444
101942098
181568694
576254551
342320877
191128172
6606488
179745648
645584528
137098453
19743753
245673882
259860499
90480708
90162260
26078125
319407634
291088035
431387377
56185231
290599297
382991153
30354308
1511583
209822743
207755219
90903904
10015070
478394946
274339543
483620935
59988201
203782320
132864988
51618651
549136245
451013554
229612027
745439269
77992785
221269977
318035126
276520105
26048460
462725030
205438195
97888121
230225285
115600528
47124161
100044553
67534002
56452520
114540144
208238316
79189319
17937397
43832918
591086295
15289415
127924875
3393141
19811133
461647109
36869915
248329095
659561499
291126973
471739747
352424797
44797381
350149266
135181164
128432940
66346346
51590296
11348195
71575948
91215578
387474291
191608523
69275237
406902523
173686717
25270153
319563895
55574952
152510725
412319552
10685292
32417232
464330344
592379970
481099868
33516378
112823121
301380088
39095603
326953964
773675087
289075058
254706407
351418414
331169816
91329639
556728078
166971056
284271523
203803552
152693985
209517948
526347414
221304412
5757156
137600057
268515279
153082987
163441040
279378524
551481407
38162034
3652134
115003381
661481196
99441206
394644440
39632170
120738631
579107213
88639598
48654487
490546177
215091355
802960076
238216762
51433664
220548454
696531407
286324693
191006580
229981117
55727509
269033530
145481101
11677484
274396352
724385280
204119157
155321539
96487112
325716305
33483292
304036070
18125751
120216801
16252000
380037837
14454470
318354123
202221182
756260627
150558749
296001447
232977748
530884923
304664462
101920601
126806911
218474083
152631466
8069616
49911437
59282128
449609392
16112851
45792490
103050509
591915967
12766682
4416183
413494407
133942691
20664129
408777561
587666237
551594377
8655647
107046060
693602020
83427447
253032515
12261718
425074712
350340696
26084971
144750136
393018973
492811912
432634262
420244918
79560642
489294719
425753125
281532505
3597890
593078876
305138977
175583839
265171252
559185812
232398947
220119564
450698444
685342388
540009238
277189702
164420846
101103433
41932321
515453285
338038888
96040956
213159671
251502203
31259620
332804711
15038649
381863611
234327539
158245315
322534401
557799312
80458516
104093595
114731541
474415435
68795040
5681558
490483427
347092588
53353345
250057647
85252243
8214710
151170421
320185325
419183250
128491686
140374666
247929681
5851282
185527471
100993162
363774776
2140848
28933696
88004694
366721950
3337302
312019935
64178571
434292
202248631
362457542
363504706
115910584
105486552
502414207
538377506
85894939
165398467
197735985
19622243
166594178
334429490
542216224
162615820
28397150
127911214
109447728
38869275
552630524
574906511
478227336
317051125
51233564
476006524
84572142
64814121
210467836
250018042
37415202
341186332
365170749
397335024
104751036
138285
83580448
369118087
13395611
713624434
780296373
599103519
123712261
44027844
181901402
255422717
127633281
77268225
73097978
132132097
85318048
2098640
228004086
12454630
133829729
494479890
216956067
472752304
204215633
-296288
443993454
86610369
103584699
622432930
371063502
193172215
273999060
387374851
105833237
258291718
57613404
168412485
194314716
76849960
251903740
169424235
787681307
138166170
57228857
241191450
297398398
392239244
194262729
12592309
617070185
37863901
228844004
12391527
67369465
172454217
205957227
324938941
514277171
598176938
39221375
106578899
38077452
700069140
481183902
104438975
566100353
342021850
84980740
462814158
212452694
256690638
241701244
276063739
65428709
94321037
391210
149523788
6462456
246671807
253812374
539810156
73829631
125065733
619514429
460267462
269346412
261525132
424792734
138490020
45246689
208586578
392492972
128755866
671414786
166412685
156405006
25205201
535673366
128828798
229767497
157711241
666917707
375656881
415247013
948586
28150708
430120839
177528002
353415323
287584215
360368524
677947344
486354764
459480442
41808980
583623309
611364476
47398942
162342137
45683919
11310279
145152541
81200126
283169002
679510739
52483409
305763711
550532711
48581752
91949626
131704135
159707938
229395786
386696622
721798327
449538766
106977573
48688250
213203894
14532136
146541501
522425780
484188622
517619082
33725511
54483362
669284932
57453042
237102485
57583094
307268119
363796227
833496237
311247045
115668341
157038109
32509590
294428370
166637744
419571212
304294072
345842751
20979674
247520731
667004739
25411827
39882200
61556245
98145039
18286370
56753907
268752580
89309569
73122355
187200755
164021131
439330948
466941268
115339565
98496064
38606793
38289291
437988346
403811227
489937339
224516382
99341569
103712836
321366752
246102807
26862472
108015413
152872080
694001867
538779836
388184122
27909860
126641254
319660652
153516405
774253799
32005631
137913383
253853879
125315626
294590962
263586174
56419065
219961188
95450237
13579396
6180310
236606113
36715800
6272690
216223105
265407156
150953028
187849321
620740473
352398969
283588885
7497111
236949661
162458558
418400263
558824916
113187384
602859826
183031007
146666421
324180243
818351499
370947529
192230744
629993670
245716728
318709990
46699358
93358849
77941847
441005458
157872312
65431776
252155000
93968624
189122269
224961874
426443189
6612600
610836279
4644502
577950547
27805437
326088485
150176102
190018851
156926819
429265451
33752426
99380637
443133079
7262680
124294783
3891455
83538206
279513453
169137760
284571490
464118077
109433352
250569964
213358359
248077975
90490857
21990239
168779165
50915275
8081741
47970175
361588163
113057763
47953816
51776160
355363716
3341763
350943289
728439723
190384677
158180098
47192620
395708041
107625755
354347721
108650939
377503739
7838375
80540248
419316112
39311797
90798012
207753849
43243103
56624897
796833706
563749270
8040028
172995097
174675954
82960504
42776626
94002997
98834955
49619734
867572290
37701338
80823720
152245129
183587002
31563386
210080765
91154064
22320219
105048483
21747636
423452059
860366333
607810480
57508301
117829364
399337434
131020302
14881118
230754393
60035146
31194098
155829650
56231024
85212257
512763491
143792725
78380690
476887426
162482943
117015821
64070098
1108761
159502957
36697854
21416676
120443644
609803287
671526559
520807803
436024273
69785681
9525290
131758568
318016329
240741290
108638264
294587484
76450310
220969431
271769055
80901723
274954224
222962955
10968007
515489740
238320812
266898259
11258304
6604236
57627982
248058549
270167544
21600092
446114896
49601803
152043341
2975250
196915644
235011673
87298114
236390295
181291033
14954205
93581185
54688109
252940179
205434746
87648557
45843016
150115961
137491474
15912344
596880665
56852633
202637327
426006888
268271927
12106679
176424908
281437788
15021112
442970210
365251433
40712387
8430565
547203746
5558193
585305680
139708214
582179989
5068875
344847942
18702901
391081791
79648382
372228935
310629932
331243269
17419050
162238744
20159704
137251775
461250497
82182412
262916777
478568383
123347974
352581073
309711291
375923295
4012049
724357902
77521286
81054810
2344619
273585012
485561249
265774881
1949229
472798814
22661907
671884875
343416122
311441991
390420507
82939363
682581030
20935592
93103471
426419848
158043360
238310090
130014989
323429273
194556918
278781951
32980136
167729692
320868366
338424464
72879818
612933731
42681274
113985914
56655507
88073796
135721821
372683656
280226464
637117086
223225465
329300183
189525280
381762567
393289569
6534330
377793306
15373503
423785053
382913
490020404
86960013
368660533
187904877
102116526
112262223
581903364
10609587
173726433
90086222
621742184
567083728
491683714
207856079
91141158
285771275
522541473
761062218
214499866
17810056
392625249
633198952
69252246
34758940
122896534
148230563
99201477
448021758
109591145
145115523
69312693
170941156
138278922
374645258
307362837
28897513
196444789
22278426
150843501
230727196
363874320
16760063
774893787
236907070
91800027
307120765
213911261
403185992
32329865
401695236
103408711
48672237
380901626
211611517
66972108
141752602
27807374
3986770
14932948
375948523
22810706
146658167
330980553
293957045
355799194
296798441
16859301
447608334
22786936
499199735
110007955
48308235
220916023
532355607
322806700
117895952
275099637
461260594
20032772
397356547
173462775
3956775
632301031
407995173
148547072
307907495
57826936
77032962
44050724
373240888
96953692
182562646
28534613
185505120
24864382
77553929
96867259
238670536
256602788
129007393
243737853
198293920
302881045
199077674
160162649
199520053
74272513
529988646
231158885
195009442
382282916
155903666
712906411
24001977
44939580
472562422
33808372
238400467
19341544
349839207
1327507
271111688
63319076
141146942
20111407
529844875
118406237
30094978
54271311
374027318
9920980
258630753
137518335
36998930
44805261
581562174
464536863
5055303
479155453
331165066
59983011
344801667
45540135
4491829
89229972
13722119
40407737
61848972
156235150
184804271
531155417
100217559
37012170
642978690
329612265
63094467
88347964
181159461
727656018
160889922
457380584
234718483
19623481
401319536
245832583
116969350
10704340
515616454
9234892
159232771
102701302
681792742
178201248
134775465
444135555
130394506
41544513
518896215
31020915
89479517
99059074
34402770
359959594
8918337
34611493
278208119
39226355
30210442
136061434
272904758
64557894
63069822
256949495
6112185
93602433
439299939
279691781
138099975
720614873
272069231
212092067
46953328
1711003
765022402
562558597
112009495
423783390
2610922
194613409
480224922
197614176
182080984
252537154
270172780
120310373
244883684
200056601
218114357
331756339
385686399
54785815
234529053
215861758
33628915
575437094
84305962
354414261
158612879
475266475
367167325
6910935
52762251
497810736
978938
789909162
97441109
146042219
424854416
353029635
156786717
116230285
297134596
623497960
2229201
328645594
203345701
257359491
14548018
24893295
495090981
251767218
7548534
260048148
16153401
85622902
268903886
757960748
506475260
9294673
344680626
675555987
1905152
180919353
230448832
257011415
455923
437431877
219914406
78867564
355042131
415828155
618241923
126784705
70377558
332936894
516690297
11284169
39015596
228877304
60595287
257783812
442055340
63233384
218804026
260085755
4195807
334204074
204355119
22261209
19978148
209992701
157476695
119241069
399123284
485678869
16709686
233660708
12795133
463231228
164067150
31739944
149109863
84821754
232810538
43785253
305677782
258107656
302819255
197583375
652157710
160611770
29949192
486743812
29052155
20145290
377259975
193053608
54494854
164323905
472025199
137411560
173861784
678914990
386665409
30035370
83717154
574511615
15441538
467698943
210649665
401933807
367778884
2613622
339287978
386113633
126005782
374205800
172200268
144327102
63115131
77659258
375415955
99307515
804168989
16695793
535374446
180674226
723467113
407852910
145048432
187247329
60704617
225017855
311032900
648478281
194267036
264083795
454065895
110432168
229954206
104942260
526438144
588614256
151452066
461099987
702254908
74960033
256191006
4781767
403007368
491000681
4528796
556607934
526322241
56587461
218115543
323274645
393987732
119878056
65507880
237095604
102555194
260349343
534344744
52575796
75752778
6700618
217955532
50501191
2874480
258082162
448534776
78683934
578225737
277874691
99460182
78151339
436809118
156433077
159892041
8693349
71444643
407083871
14020952
215853587
135239
239626502
295734731
419639093
214918356
465100383
599062935
610503557
396180247
173672188
252280156
55275137
22172737
147976636
368481302
44637229
7839689
188393896
754843641
409605618
123235752
9918497
78719837
15094171
42484282
233216978
455493452
622466380
188029673
368318012
222986104
128361623
233920341
24689209
143989641
29309465
54353812
264064284
191470317
208370118
632369157
419401852
399622461
476396589
331112820
46611510
338877723
442580467
67942462
338912026
208839725
303493
343714192
228647719
357050186
108844549
538547011
471297190
395797675
82489703
214214495
178061778
326757632
721710454
239322770
71501029
35228556
100169976
473078383
15033187
15825849
662426110
397215317
72706233
165909369
559616134
459620278
72709672
88781930
375928533
546600923
220422964
293213579
60958060
238914601
117173965
13870702
108894664
239501815
90907721
13523702
587617
205604161
214033851
306240981
248578850
266420220
397591146
8394861
108571297
57284372
363828679
320068748
565248528
117385406
317943339
337439399
212881374
144558670
88258257
194771765
140490200
350238149
60551304
198546919
121044257
11542453
84622254
267063067
359609382
478591507
98449256
326746554
181384791
203054359
602441824
128423988
7515319
56697844
408060321
27397230
529817451
477628899
21445910
302572894
12786165
41977362
65178046
149649669
73753026
516116355
184793721
347031724
1156165
359349953
129600502
13218732
358535777
303286294
36606772
24059613
103925805
654269353
127595600
262199324
26237815
564158450
158156501
347891034
240998833
328347265
93747917
198392900
314417189
238102771
7768353
92344077
23569409
189086219
131450005
250375476
137536930
148868045
62355136
145327429
212805276
83583623
692232880
221686955
463867031
188629060
398485418
66626015
439498656
282515895
504330969
425503936
133401479
430110830
501759546
108093151
16225292
258164659
68334850
47558580
313251088
109873153
219714480
3342288
3579363
231227205
214582856
185367611
86259829
30195368
199712825
446701905
182484034
241326126
296092311
385852883
138700144
329093279
216410463
566047010
295826798
274065916
534661255
291120727
204318274
20182540
75262058
659808861
46971560
69990438
101136463
137333308
765295469
119368600
180477270
196538609
100668992
553534373
123439198
18672374
384523771
197896447
512367291
477222102
151685273
21080032
299870197
146293314
191660165
644253945
61564274
77002193
70306030
351792385
472317737
92852424
348766852
320438335
202325122
218919117
11381239
488046285
480512878
82328883
106903562
11076607
312602169
337786296
79649803
153442787
520859585
190157462
557260539
222267390
114564337
16651173
802010740
57388088
104185289
323460942
225682357
364391434
228477535
569794001
772922439
19139708
22164228
387384600
428556447
441377756
247942119
2854198
45196600
272028705
286165630
123458285
61368019
140646916
612719255
177755948
133292866
129286700
245929408
272564819
429982416
90174648
126204584
102785700
45641634
219153575
104502045
97269263
15502556
787109766
271609847
271464807
132171862
270970524
46020739
236858725
352130317
220329660
368515286
250124772
365402554
193517458
838046050
78021100
345892486
91977965
101262043
197076264
165883630
40640497
396647316
56648045
156162165
97022650
27883065
291777627
168581534
88651052
68136125
162483462
668619429
545903
30017833
60612618
352159597
237692741
220674050
284346310
420089793
180371282
131729552
60860481
82744343
444614288
670362037
398134869
146118785
105006844
190613819
86203700
410550819
330990814
48271541
1647576
300828455
933602
7722549
583853152
8198152
156966610
69709490
4457311
193136496
47234560
262160046
476990304
320311831
310089176
402113442
514238899
676874873
191668887
29934927
418083386
599865508
526159297
270687616
200178326
414712745
216121837
154212934
782586708
397175388
83637006
176074197
473999881
520867030
470192777
385808217
23496971
298220392
130185729
101783046
12669783
745004353
45601774
123383955
627316715
115951628
341380851
75119174
141718462
44631160
231583432
99793712
394046184
91049937
63549467
293107297
32849376
421999238
20258001
22170656
441193579
7060022
62465849
63302360
30637805
315746961
639331727
323544892
627770398
591499070
31083850
206875052
21045160
557834845
106112730
212765355
173308762
138389757
38811976
485370703
254107572
645261
137226869
301957001
38487712
414443081
75902907
57078880
107314845
465919232
142690277
404434697
15131309
422995958
17066746
908664
250233058
718063850
72983197
287130518
145438337
102803406
749751700
273504973
38397455
132513809
687496165
314944808
116640473
9763986
270986574
239566141
51941645
26458253
267871982
112597266
359243909
434638324
45017055
28137364
75863320
413703409
604541979
254845454
12390704
579513273
287580985
560543002
151747201
66636485
104398882
264322533
173892217
191616608
444422874
431051273
46464567
277644551
102374578
138884486
76044222
583332
748649876
11226184
101553577
338739871
353607224
249736775
94254361
444279223
435931558
261195517
15491168
322274343
116665379
230045584
676281791
50061080
112050284
94558128
14325883
198242294
107782962
29306551
402736439
59870716
158067960
283849838
199637399
131262696
6031670
296014409
36837266
421725188
18658367
263199415
33868764
91294551
419143529
601258553
472680783
208322604
482988390
48983759
17709294
424914713
87036497
366319071
11673115
699912294
330475332
28695902
309540967
16199661
446433720
432998053
36866363
678121831
281092228
429774708
390641267
39321842
112792834
249691316
395983881
114771043
82473275
92680098
141136013
596395559
460482497
225637339
138713035
34262952
178673632
90738649
108655844
4484986
218424515
167375461
29844839
124937968
555097821
97942191
789055988
20679995
47288402
9362097
84967181
10532479
77619911
20722887
173463165
368553307
6105821
144739582
2962477
64310948
356584274
123299858
95271158
17789528
31206347
370789460
27887715
37164853
326368059
155009344
180573585
166554063
5232876
461898416
243300460
332728458
381647585
263037991
137386517
42838970
187129056
411610739
17141796
10385071
304922885
847636565
27036847
612879655
119638450
222213623
199858552
189119000
165065341
350497137
144900122
24711983
447940155
159974639
322084582
341138931
352373578
342527259
11374188
118491259
182081745
109031959
48731902
46755514
418505310
193112438
111776767
295938071
25388041
36776548
414223024
308423956
371800839
554872745
320800388
162621349
31508358
263000297
23241451
171916478
55599665
136303308
613540669
217334987
389831037
49844498
341194925
75337722
608065300
476676999
385468681
9263177
330549027
65928862
452469257
588061695
152807246
133685452
346253086
165027296
78898141
83595582
319737845
233154289
54848981
343022024
312281618
48332607
694360635
163794434
194702035
118528720
513302656
3443242
151320128
598948398
266731471
257875037
141709191
557657548
182286261
95842237
3854629
200353392
6018419
173885797
244875794
147735452
192112920
50681663
53896727
282690486
25846527
190288887
66450524
234422
211574416
51277544
473914585
18664077
17471285
514198418
67161347
425226575
424819602
256130053
35759758
44443140
42133635
285599163
535948539
598133578
99205639
299528789
213648834
126365328
92160738
303419888
164786679
394384577
80082374
319507712
235935875
339172226
671235880
132118301
666171505
205609200
8780461
42309190
34058501
318413662
51262493
266837295
294263723
287090978
403459957
225351583
791700647
91612834
75987564
482927420
423298334
234712094
722709280
45302306
416398078
107136372
329392093
179200981
685638391
324567913
169609618
50880702
25441494
128288605
319464772
206242724
65747462
504769952
7060523
625162348
22970204
208065225
87431669
109409947
477967855
252772605
203724569
107081023
399682721
300388201
198450411
17313183
50347459
148545283
190372080
67538149
105852957
220623144
88203680
553211606
607182423
216094866
324982960
197378418
215445563
198195823
13377214
54091031
114399474
454329044
67828545
79238996
429276286
11446756
29537538
50120527
140189573
47906282
131147399
37331860
240168023
191758066
326518428
327771691
729105952
374471212
89451484
420041055
201731312
576699604
28876659
484742913
8461369
218020496
276041779
61700322
207188412
212269854
99209594
238028394
176261894
329706223
1564786
161050249
121593366
249349430
169852861
600107085
239057411
280373198
248330271
44686507
254800193
302926630
23897208
386334756
184266683
516095547
138950724
515630717
161917795
767973
7747621
668127795
412171072
247718049
212635984
45278273
128130673
131117585
202387266
177615335
271954559
71499910
213434596
183659285
2255973
43642248
750140800
189714128
281077608
196423522
456159680
184680053
153495958
344067178
35842093
285019067
89141592
32672768
368419674
14711247
671320649
58365732
82797450
97122002
339406116
564060989
723174068
71397018
131793171
140306269
189966305
282014253
324635587
192348139
292050141
78993976
62178740
468316999
54953722
314020661
323153257
76856355
250246121
629008925
43849950
87725830
62903163
75499948
58465835
575172457
391912795
262601492
10681211
187146416
466991069
155454575
118050760
622726591
488179167
371541729
114490646
135706718
52111707
208795959
615880007
163959512
481404542
315953455
255008053
5121773
175997644
181578111
179918531
455438621
24048605
349577949
313821928
89030608
195006181
648161472
233309071
56217480
166827540
61206081
740322539
61462259
286132965
419084821
7862780
164761266
87319554
407437671
210563390
465973342
76970948
180883682
115612074
56332255
713371733
405528282
53563473
10504214
230201974
63940806
144080750
69019877
211201727
52925703
159115550
367137974
20072440
370782154
291588944
2072923
317079456
150435447
372208727
389118621
16507293
32788791
593485987
263810328
493704604
560912298
437554638
330649740
327742311
67392271
231955731
576011008
340208340
250447009
533048537
83535405
14980178
168546892
53283604
281962771
133610649
52880727
625309520
39131093
147594694
393502987
312837161
110597838
325941561
624219206
539550380
26286551
484155470
29898067
525500481
142930352
42194471
133309974
63061545
36085151
220383008
6702997
71134416
50758346
305562215
300408963
58431951
182411102
345947342
193363570
219896589
68223541
63228506
231350497
32118735
39572020
103456416
266491682
69367663
160851684
135868556
216161137
41454246
116350867
183182902
101086156
70912152
29492314
46095269
369202682
24696927
484043342
164146873
58167113
29545641
71691749
44096214
627552744
281158875
424419232
269930124
119540485
313626578
218506062
3359550
151779
391528222
470918989
324469506
127349129
186537417
14794458
123004831
402568896
233400739
74263474
255866886
185938522
75185563
343476932
646237466
490529669
196729922
232347982
15087249
334108086
123850350
105822292
545505835
320935089
414462576
654445245
455027414
684920137
63483122
88448178
66130141
97381765
72362817
336507268
139100949
10299207
66779210
223395562
17165556
548273651
516955798
165686629
19923783
98775294
219203257
495649419
383636747
138284832
580252439
28987169
187736810
606160223
222423976
21771920
41881276
28438360
43683466
106010104
76813305
62239662
95204240
568998709
30017678
475450287
347967640
53213267
543114635
356227050
402146584
15118904
101270530
318220757
262568042
439913645
31813615
9025853
343827325
4254629
77298477
19266525
451613590
120856460
654731196
133965594
779005358
572749076
199288347
748103690
145015493
4493751
206910801
522500264
79495450
165507018
335402845
131231201
22411418
78569463
68476729
10497419
7708912
323890713
257649542
275754000
582713316
501832973
345609073
263252508
443907907
137352971
4773125
101038121
152200644
509023509
578301445
81498160
302116395
260058590
37351483
97162910
66315625
480273118
31303976
31998056
267114525
89370048
367257664
123880765
68433224
118353061
243984105
83620093
122606910
185679257
253061250
68899343
103916052
413489199
261204329
11803197
77259148
32286594
37857823
7996244
256258046
178776276
421035264
112943128
64311514
567866215
95946491
153785346
135663951
7297338
428471702
357758737
100819548
181622135
223539430
44031299
2403126
168410664
338803563
226701977
207542564
8980363
56189081
343428769
217207624
122789857
622538550
232029549
201731676
32706547
37720330
47789064
56509893
296128615
213809687
266207475
220043903
373874561
594184051
425075811
73513530
41995666
516168883
109273935
231218471
47119089
180941029
171758352
53430712
162158341
62739733
12376677
824781560
128253265
262698300
210368142
345305668
302797098
743992174
366931238
536057139
203905149
536696711
333515696
26599536
46871142
224832819
55685961
147433758
394936254
642986659
27063373
109853597
364147422
858143118
130455251
90400266
239173459
168323992
37021998
835947424
395478153
188373533
278826897
222393267
219646564
755861030
295373666
104536495
301811266
173927661
175866177
8855855
473747825
568287147
99422359
162765459
259526827
24499271
688733619
618428082
41630972
700409746
61645084
99568583
611019684
188894493
106575115
61903963
3497946
464135072
4043000
139658834
402189240
804260326
55383995
270413207
215265539
341430164
268631452
278701075
99273155
27980728
11359355
68011261
3164056
360178782
66080908
408370233
195742129
235532487
188391066
189493186
322313893
330847188
325279921
380134420
132358348
307965852
322546808
680482010
54396835
267713948
159533488
73199512
729279505
170529453
207485324
196289048
165331713
246956479
297174316
27987171
125852346
202360170
739790995
573762935
91955103
535282434
673355440
189288009
588611957
32180010
537757451
6467460
157175087
390608399
43282315
213663863
442916678
580066979
8131021
60385027
360987999
157083523
701887229
292550787
189543818
102687079
61169988
32424914
259975937
212285410
375257289
161987605
381807631
741406520
213732405
27729137
223651534
56251798
85902087
481369197
171308147
308210912
31300712
277593720
9134533
129486541
215446399
368118125
329150418
103052575
115006353
397262020
241820724
662696341
123942764
292364411
170783503
543784568
90107991
190007365
81999459
146482643
270030368
175362682
64758236
326420445
430148270
403863535
681443022
586637474
443645865
27405860
130979142
208475593
328908017
176305480
281088338
431568962
111589017
296652985
237221170
350006864
66845110
442103954
518048298
87475225
146804152
154142408
490238838
32209210
465065866
117835551
450474667
156136127
170039433
174459429
564551694
625462651
167756631
17895926
26923654
247868423
148117624
58817409
81469418
89937478
25771348
4480897
93961566
527163138
242332128
65767086
146464347
163857066
556152668
350187884
210234628
488407332
153061071
364001616
131304953
287971383
236782253
370157769
53243628
389787324
303378465
41572689
193072785
665673303
96355915
37359980
132986750
14582715
34239389
91307302
152157568
282563564
438836382
44587392
6488166
181906961
310472088
580174678
534228200
81453194
292110853
165943895
524751840
187016534
104913591
352299860
119660254
243526957
386728746
122951768
784674779
229366115
43327542
335734991
536929070
119619574
662867129
265516258
84411024
57938316
427130135
54609092
182248256
208443639
572824698
678832356
144176353
13217714
362835262
153564702
45568086
41395360
545922883
313075300
496056094
379109567
19228224
187224202
141357692
250145293
12837541
126866031
95703460
497370368
344807375
126748025
425487000
183568208
110230834
295458816
496309103
78502602
255565229
158457456
164138911
190589149
199435583
19311154
456173595
371088357
90703417
270234187
13305809
199801558
60422565
286104721
63212221
49436610
291164075
499471674
707936488
9015942
29207082
206824132
219325661
144871379
147689905
68686981
792488632
567650247
143500946
170180885
10729605
435028898
87460248
32034392
31360833
85740128
274366
34780596
72732690
85200285
17162439
447189999
664127641
137900851
432790344
71527015
396277075
353576232
71352815
637005744
178221368
45247448
418201545
11480557
649784868
175543672
685029749
363714985
366088033
474101370
44994777
366228407
151728188
498174096
477524676
62083445
130670313
380315940
220543267
196821140
22508516
337418338
120949930
91127797
39523339
12334694
305481979
414129659
52207124
449411929
552836660
37277796
416003005
45715360
50367543
122039270
374435976
603759054
83243554
115305659
526379536
654348862
151763217
304150321
245935999
361495668
211735680
228667110
144555440
234148771
52801748
351165561
10158952
782250640
56921878
67140952
449371665
50917890
248788362
299389726
12045012
145399111
291959494
54835059
34287618
238820043
197505330
114860323
467920825
315404140
135195614
47063644
330275469
103143150
542656551
385221028
54306340
363742020
329531579
28395878
225280549
239785754
195241798
20326810
292358722
366525484
380663758
16400348
319062369
127295008
310479636
15575025
391072524
119184390
978044
17601050
448019159
509462957
398987072
34527512
722648426
390092155
269186575
26177408
175242464
36869915
527450835
54707740
434294695
38033922
390470415
134570489
27022286
27241111
152562848
42905588
443748430
14206543
229063258
69534767
393034760
483755849
62152031
61819976
243385039
598635992
50134299
169938623
255266810
177544310
564540992
6619302
242640635
131934805
462194880
137542363
185455385
246942998
589637655
234115164
176779238
17299200
453165436
204956182
395703426
158346091
95383582
260480
150279541
660354789
48923099
97846275
579972542
55424837
70704880
199644073
605627515
572365162
66312748
192129441
127197180
781847224
317091743
28214774
361721149
557349218
342932930
144943901
307491971
262765315
109423566
709661737
394090540
10595008
292484940
140597237
113181070
41897040
252607984
355353897
207854823
211373258
134335241
8734170
187873903
334357529
333977229
303519640
361239451
133227708
137271983
700162818
548793588
182616245
122908231
177936299
56518446
190568220
151189031
67383515
122615362
731756229
185432363
234260922
18697850
359856453
258936902
88830139
65532923
810534451
329643003
270372801
47040043
241857335
94823144
11998442
19861447
126126182
257291125
19865781
290505630
111240874
551643519
173336525
503317048
22783229
563739411
347168370
309035970
250290362
689048549
361223223
413250201
9087547
17082635
271319823
43032695
161124781
124663155
47478978
9601149
60162404
507590631
115039101
443988992
376295381
91470445
376509443
401965522
53684851
196959200
417058487
21935589
119816452
144503166
176698517
17882048
48965820
270810493
136434223
48737677
183159050
345877626
90995405
371379021
90722464
284155172
392826636
261288357
388269263
205542698
2574305
628844513
63915243
449751267
89668305
485979716
158716044
509288981
94099360
529338406
810872918
322291639
155705738
7279106
24673654
34909090
193702951
174753266
158261549
349607905
334060495
385398002
241599559
259351633
716197147
123394062
606170760
345482441
144459906
38507458
439639158
50131308
282788781
42277866
494631963
139296816
18640676
123882103
3624284
39006253
84913322
604775382
128814532
524499833
262417810
582983251
188482783
46017028
134039149
329872666
471525281
156326863
52602613
171860568
274233101
69550468
178737119
334794297
15413919
82128629
171711601
290683536
18608806
97029741
303785302
143496129
213603026
456159374
13261938
126002351
45016283
335421810
125176645
41102898
644049119
390957746
665796022
287657440
17725755
56112107
326836932
222779239
425682009
42079009
293644987
13048402
183042651
15128408
174013210
54218826
128208922
321192679
91581074
79081257
82434
316925709
415413399
603121366
440215298
481901929
180626610
443318353
69122981
197177497
781560536
299228020
569780955
536052143
131698223
62290446
147472275
108200174
149427981
131516442
791724471
135247789
161570400
121915068
436589125
353537080
38814172
309659742
163939196
167917119
48745259
295376426
285388840
627841000
532731045
137995725
274714837
248398464
485384449
175168441
241726368
718996291
580589619
386474551
13493804
362125738
31646075
98455965
187301527
4052881
27932521
456929001
362971114
292323197
575264061
40097074
627922084
208747762
8383657
218423270
2133044
132512396
280120452
108082539
17127049
2196870
63785188
134370499
28272930
1837456
83995076
20705450
475565668
90324395
344582876
39547844
446850892
137818387
227703187
2933995
289292619
475304009
197365973
58542303
70958658
107723707
9214772
202394819
74338824
133137894
47916132
247246087
491549531
369240213
717594261
26177875
382369666
99787863
257143174
122377965
628070052
123382015
210798834
46456604
346022
28080432
75458618
74171819
200336572
433811468
585631621
105022424
423493204
81417341
142312458
94174730
328948866
55789219
65993226
405356406
652744186
89672991
214843215
390269053
89706803
48917134
500865589
52320405
237949971
334819096
493664228
107412332
550342085
87245729
695082436
345638474
621119899
514462017
141625568
376932596
220570277
29835326
127155207
304308565
180057833
148614980
661959644
627162377
248853344
314872606
709035748
243513115
97290148
33396249
51642371
78876207
282820953
347345051
169116091
291004555
97366229
197753394
13303984
128115112
485122863
311042131
361328996
369625307
236087008
78170950
13617354
326282936
294552965
11442209
289663508
114631558
394002026
194715192
564313752
604962463
346728605
169618754
290246405
300908253
197700668
688108961
541218918
241923650
63188072
290184677
245808026
210832740
456454419
203417395
171913876
282033648
46665412
611644607
452670712
156151999
414219554
184300515
31879067
75893308
572377340
410221387
354178349
118170622
645286093
38076117
32273310
150774597
159237218
447481033
298062158
19917984
83162275
10886383
28807158
12547130
190272256
4167797
407078600
150911299
179763999
517938301
63521160
331817731
15030552
92361047
33994877
72163352
34429086
294721836
35754421
34162544
298721214
45498682
597437423
181356865
5205885
503660412
575442202
133155984
5039944
828256948
318364828
68676908
454817660
164217805
22815928
122707147
332273236
236980119
131415604
132153675
61858237
692713004
85323253
561394539
447462129
50604913
90477261
389907209
194902053
52471444
340534211
411509173
204720726
182705012
110530605
340539283
459034899
293272814
92840447
64722890
126170400
70456120
302591375
14622028
403017807
175608724
639875954
369219497
51413893
55811041
175372694
189131021
136777199
226459120
7880274
159816411
156480972
212398689
402598109
304337806
182926232
17643638
41813167
670214108
179026686
248217694
215335527
21046588
341372993
98283856
14563948
67978043
8782164
113921799
449751379
613812252
31662923
116125293
481584135
815752847
292479778
289914921
665865723
108790861
191943593
360654148
21228152
150194247
253756607
275848976
117389503
252130633
299710811
163966402
480814332
235459049
141608329
21492684
386092748
10186953
213618381
195630332
202504990
3501778
594252694
618885875
499650778
136192647
207495461
68996
344633128
370876807
108792453
468664710
454050284
3189255
402558022
414494289
23770089
195127782
79883758
6936392
61641900
616672423
116043246
545675173
316655317
228002877
158820716
117230505
272800363
211643974
501779418
437628296
588235434
643027562
588998425
459477684
228909547
194899231
416985121
54029350
74326012
63138455
141683317
174141105
166151487
518195319
462759590
121787879
124300583
236520065
592564620
76133955
297416674
155208903
49007289
10352398
546413034
597158711
179927444
149298082
225904793
309965340
78223969
266022001
72951042
161458913
8558388
817111612
32676035
45698717
556263514
221854947
570537245
103041262
348262198
88300838
21404236
769825124
224013327
323293419
38894777
203547355
35373625
-837990
484455600
171150862
413582946
268655671
500442410
204065406
71795394
722284333
10300306
271622849
10086214
24470380
162677520
93186908
496582180
494872148
652472003
693828754
6220212
516229729
267409789
70218526
266397315
293111681
30878271
63645350
5034542
42832203
55864692
85644639
88200192
7854665
35182194
135285645
51145673
305968746
341508528
33940938
189298579
608989542
256228732
156030340
381745425
170417127
46609060
22324339
84330225
192473757
154169736
104524113
282414591
145488210
117505445
113206986
357202778
94632299
353904599
280765811
8991972
350852399
73654256
36761937
401549464
224747282
116209184
193940752
199595976
169113356
85496447
35984085
513172530
317490698
507204506
247813826
614559158
52558461
418476942
105486250
346817224
623279
556405219
26033429
60059551
85738853
504310832
109086762
546252128
174470315
408291104
449089608
613217081
64634491
39265721
63545862
167833817
2168214
249290686
67019612
8287405
415465888
31768168
218041459
186758786
129123291
4641352
644603604
37026126
89516521
117148504
381843755
15447820
71621740
569456213
44102646
92065803
60243801
542405436
305037180
43512478
176842061
10750149
28942173
64957285
396503510
43658097
276584639
235784598
43456206
4229264
198790496
599378298
110974020
416888282
221514894
90936005
414860075
26169473
468681844
96353515
148076727
127117316
400965263
51327696
185769254
439854293
49641476
261442060
486968838
78909168
66855289
228100505
488129440
15751416
46447430
254476776
183276275
655665636
153001473
343045160
63533090
25608055
255910012
59274261
473568955
29346468
264689241
40900787
503674209
-593053
125246705
543085046
7134350
48699248
323407674
543857832
141619324
434294571
654152230
5747899
296612215
258170642
89238198
342819255
33349875
27443207
242681839
303059267
129343982
32496281
619799233
122387859
535139042
217964167
58053811
297099211
18360280
127027085
453172690
472060374
220914333
6564758
210427334
314505972
37705620
119808094
534566228
468099433
336293242
539788459
539477767
426290422
403493675
29094281
388475957
364839559
141962737
129474665
84356263
94570800
190119827
12750352
66326022
402582366
103493414
175946143
516348623
117945367
336124671
648002
6021212
2383203
34128106
105003638
247738976
342091270
356733741
97321569
144161144
132146664
587658025
42482837
120582554
139421489
152365140
307285904
187372855
194884605
188732087
99786515
487094851
216898192
59148145
167225574
610517394
81685272
120732510
35677744
54975012
1710071
206349018
152030532
164056926
657521552
141328716
228483180
106532805
249597000
578546216
28072846
249348638
75878863
241940274
134833064
63332118
249191017
421821646
111068539
356442494
148316133
194428728
418304955
78364478
492339436
133063224
525335384
662076564
27844628
31514944
213565184
515334794
598498828
282159931
36122307
212079683
58022508
542223312
33454825
602928103
27279533
274951843
108919068
99382725
61860855
59740206
311658253
22579110
22314638
68504987
270114321
221520853
445281859
427229008
85426665
209800395
446215518
120583401
41824427
325782795
498165383
6869411
87665711
60675857
75969775
484194368
31796277
201915294
219192461
367839697
514273580
647868983
19740795
16498200
566988030
64131743
243601433
55850271
75042066
165325080
34526620
314056673
703509886
139059773
81805316
286234448
445445383
312039638
10345860
379978206
605643077
91184950
82889042
21266555
252912421
656975319
1714410
254630261
90289352
284336101
134865435
153811085
132638496
398231087
280082756
66859254
20633023
103399670
406946728
165518790
111933877
300313575
471884630
239882958
677773755
1487182
441928733
248793284
564125769
457438062
429257942
102945890
222710066
625124476
527749020
287760434
21682937
315244716
238487227
517015527
666631903
158590049
314508824
392394426
134821239
49227537
463016373
34659041
413045663
1950025
21370821
387526594
12953575
754889007
86216321
536667982
230115773
603054487
309020685
91404679
59436333
87938481
6553992
135441233
185057214
321821255
208534573
36715477
633414530
365063599
132560535
161735458
60423781
241013171
23056527
127000911
87827340
193045950
116346259
111589024
103930334
1015032
164103216
187705799
2750680
330484417
653006494
85088905
11150689
2420799
138326086
3096033
25816098
43143963
170482291
87046556
316283319
189654089
429045552
263550693
305531427
729816973
98043058
260822248
463717471
560497105
99132666
119229869
4310181
125966065
492062821
830762307
340899796
38344358
47350257
157098338
390199341
253179666
123163355
104004697
139174394
27969507
164680550
89545888
4958655
94658437
14430094
53864539
329947774
177096920
562927951
172678096
56619709
497288363
41166421
533903972
188266780
372310785
2835167
82939072
416949503
272569531
114051270
177471306
87410699
247186672
340773272
3313308
30951749
608304435
215689318
137714409
164820989
56440864
437843609
96991931
210024779
104474443
105001765
5577922
508880132
325152159
367229320
555447170
68313852
110883817
362607589
379573372
31103285
65077408
67031363
521226915
496833035
153249039
199619353
6712662
185729765
328237680
200354335
88297114
595783462
237159031
122711560
557971323
187990223
15631254
7434699
358507558
507678967
81147824
304948958
198502556
42945718
368623586
452665042
636628462
89443927
403963894
526850404
16408335
332961995
150081152
52462552
380733511
401904808
37123492
14490088
47446165
169491045
645800226
146310016
566301209
168751499
10237651
428682837
339142822
180267334
282014778
20348520
232761776
67959082
280109241
309456567
31029996
613736347
340715688
3399698
58220176
135632557
209709623
262269361
110561111
234154951
709172634
106314623
18844109
266465961
893634193
94465287
204789698
849430185
25530173
24544765
57687775
143187405
42526884
168583691
498949125
36690680
533478156
33480728
35622420
25076748
264592806
323302764
28952384
224858758
145232267
433071438
72361498
202953111
41324301
497944645
466779374
808784211
18303115
72912163
330762398
497350985
201642576
132771238
158374992
435057083
606739726
152152790
286030799
387784127
381770424
45847271
115741767
256635839
46142375
108563172
112135630
83801646
268509231
614112195
323092937
135189455
3770836
218676535
27969946
259874742
565583350
23360272
344608039
71361839
126630036
56699541
80131770
384370749
152406984
348885176
149406632
295465256
249505707
342001857
306539594
20789072
321513673
387929750
110144083
124274393
169921363
164964978
110940062
345765163
130633117
191873922
72950597
485635750
122546171
141042730
19519718
77746109
10680287
67978703
341526414
216395794
44436341
653894747
490322072
667568351
32805151
38199199
94415506
228225484
286011333
346239341
386086047
30735353
235128155
543117483
194911297
277264165
361480700
356138732
594059775
297648616
41133714
136551313
564182604
447255722
13742966
70802697
146171606
101400029
692236231
357009488
54896913
649387209
70287539
771402580
412572888
139763897
577613939
772715026
331984087
2497081
295705508
464859278
279322565
679055649
351221297
174732374
511548677
274075108
34805232
705578745
125910955
39518576
135259739
3517605
278064386
729766596
519589174
62636078
239063708
229004150
63533805
3362583
140898602
333859621
251339507
32998423
9098709
503500489
195503327
95046795
293618784
457666697
243535732
227304369
233163923
167989056
220276274
349806621
574501988
594629477
42051748
62643890
28787001
203588047
160183325
206805486
203114416
608359697
213253716
395172626
97627664
522195735
158972344
126634195
77781080
215630826
232635242
16253440
175174226
293990528
209437784
522251293
398290354
69529899
375253727
570455294
60049939
1082815
860914652
52177989
637285261
81601986
396702564
121640256
398996927
371217042
25072032
669910524
132022451
37759154
381374089
37918290
189730413
223313741
330704753
285686784
76920939
209345791
290678766
107313337
13075328
10196574
32814248
169928402
16567262
556118796
222438111
269607489
344037362
117538459
157201368
565190219
91902134
565709374
150819631
725084699
138560388
329020712
597429954
135392011
33163408
501620494
116382219
301237392
150680567
256626846
445737682
214160356
21189966
216436840
287848614
264874267
560218873
21976389
69118223
21706689
179708229
218605301
123906547
294242275
87503211
155995734
32607735
74309639
143734871
188765354
146131552
356355796
163832907
12051063
173766908
349883323
115722602
117416136
142540604
151144560
417410583
480027203
309218851
58220606
117645431
130293464
202633251
236260566
7113428
540603742
454464177
107339358
531302009
256495132
336749763
13473303
17455501
21971616
327148094
65219973
26107795
34567166
126135053
50188766
580920224
67401822
261722944
369176973
534685738
292818514
341951815
230235234
13857086
18457363
381903228
242132683
62092455
100009830
175545526
26060204
234153402
358877038
829916899
283359483
57838663
337849150
19738741
336731054
311856307
522286021
8197942
244764966
231089080
315247459
60177876
586022767
755272064
420107054
102800638
184730438
47597501
92893894
16198278
189444259
501384208
293620106
71345884
315105824
210483239
100858372
14209557
402860612
179846197
255695778
56955792
175603363
66413410
1752673
202680632
187050843
218456559
27970698
74867014
68329810
96657722
283315526
14539658
398315272
464577610
326364711
116369836
184828964
146507613
37186289
29088844
166390295
34712485
757468646
673717787
4305152
234016440
83565963
658922613
116868660
57711995
883846
318922765
24494062
220206377
7429882
876659669
92485805
518833624
618483432
151593614
315590900
371791672
140816786
613482134
654768482
374330173
238364012
108714944
250044821
155001286
3534444
222523460
30577788
320995560
594456026
462528996
630217949
242354538
50050781
350121369
461506557
246980125
19937573
411778620
418904179
209334413
20241552
547861385
557657009
438327731
111682949
87335514
147609142
394840028
12369674
130220677
10877871
13373734
93443903
14007988
55288502
60008206
474875809
86832776
72437899
55707608
173063105
240753399
54210083
68001172
405738638
47911914
114234048
151587939
353660933
51685027
129861977
12530680
236749259
379894477
174832646
139222532
150007633
208653734
435428580
195161737
539490731
249198771
26917619
578031735
69256774
122509847
51032644
30790950
204356627
2340670
395554479
61456793
14935173
54347904
278305413
289714694
268687528
387738090
201853032
352826436
39824676
297647069
152012934
21462904
455910507
464201495
373306424
159411667
452672671
232200963
301938115
159549286
375234386
159885684
143725905
784880372
261917104
143970804
515415117
11474445
202097313
82790783
496834706
316916628
92595329
51728384
546412979
12955932
696644059
233009717
204880511
328356977
106548095
108066353
194969269
398104710
12194021
220724341
115367226
25130041
139223815
43262677
258450577
44878988
153266229
344334377
4583002
16434781
475085296
191350162
130339365
593681287
423393150
101025071
7518900
202355811
256301777
431257256
142787355
18139506
185231818
262242760
93638346
324944224
54976102
403721251
173503322
5894982
166075962
233981215
439045810
265721610
256676313
73925603
316228645
268495615
215699891
310279465
348391333
17625137
135639168
98730773
332301285
265113151
477825799
195294769
40610079
339592155
174736158
334979117
468192717
11528386
31852471
180135621
131940739
23
58401815
270102104
540610869
705667924
368658427
351442087
662525559
378762273
121745966
731082043
8486732
28659619
681105540
46567884
94042357
319953141
284573811
128593541
307231245
331020464
3660043
322469384
112573283
49611813
513755883
15576100
281034885
31358892
46392752
311996419
102730993
346294832
32448175
257240450
68538483
130163993
197707566
284371997
392676000
204255152
65114069
341513076
16290879
235129697
60029514
370147934
51120747
246716694
339392276
827396011
108308700
522807526
308936792
303979830
3087906
357394282
125861850
154883642
247745767
235980784
341384716
124076981
352503818
324508653
7189603
47931807
252459353
128619543
91057321
404550780
408627184
569251123
85437791
178171946
97630041
47376364
106891595
63669915
158213980
83108200
22154006
369131510
138540347
204036444
214661150
382014642
453902488
87439720
190302042
59121666
2585612
474131841
235552006
352387943
815904866
392412371
159227977
239143259
24451970
8028345
113043557
71913331
618870636
174934172
38002787
371941890
164665348
317568791
202294265
199909318
74494535
13353542
316892133
73712919
48566013
160203138
154737995
50711408
166959672
539020035
450428896
308716119
122749672
101625335
104761636
149973279
244012906
744589456
111776978
17446176
73993214
402546918
797346044
33448056
1230629
276040475
721335493
32777029
105294538
518252234
23254878
688320404
102184613
66023003
238142833
440082996
208794525
185704716
213304089
33350032
604980893
405807255
510676719
587027192
124108855
343676341
74734234
153421653
87910959
610641595
65539839
55859570
68763576
220486189
224702308
119922940
549701772
596690836
40523402
709512735
287446243
25776494
55713507
33889246
522277204
581518901
159941774
172548522
442644636
158275216
526073498
504367243
268716768
149389658
18922906
252948923
195507565
260729925
60687363
427159745
591335670
149225695
615373887
169608324
4592911
305972431
392089939
78918424
242372966
18554756
129643996
321503872
184444312
238553578
57067660
570322819
555772178
486234474
464992753
25035512
746692680
25936511
19498372
275632081
373874485
602209975
198000961
189966040
51879037
115623018
131872962
57447139
24112521
316925011
279676631
99331621
123863272
115192208
208362408
299006474
21031087
171754173
88220180
244622345
444497154
292540714
633957377
314393437
164355194
370628
40580305
48556301
211039064
209134817
610252163
6439129
33230655
439505851
278487670
899356
485760334
116994795
351574567
100893939
124262862
590791054
491967832
197374050
268786526
204737057
381135387
382586097
3190878
446867765
681530583
426517479
243418384
157513477
321966779
515943987
443677986
1896581
405036877
426105935
718983869
255145931
26822923
6888598
251655562
13048639
-333036
40710065
593964828
289735182
625317664
596392295
331917504
76397303
247013511
310930442
118184557
465733841
283834279
360827657
141498892
52065792
289561974
20164893
580666149
241939799
135653054
334976728
285654955
88357337
599243843
275804730
14217289
779369777
438350580
430754415
402197365
400901298
130439467
76515201
331213612
55510252
276409913
113844173
370206003
503838069
95337520
444946887
193758470
452428814
69382842
17155993
194907340
119649324
1393469
80230008
4534609
121306705
48605047
6695922
263252116
167142102
50398413
2060284
1314253
185525666
309427692
49179036
432910405
481794025
149211946
253698758
349539940
62242007
212197384
151268956
689011363
32817854
10307191
116910530
591612730
173152728
570859171
11559809
407768130
572800
101652313
255259377
20798127
23121933
471493832
33837571
112092814
258052191
337668803
75031018
191657694
388847014
113855940
206655714
47084822
297871554
61699227
83164917
-325350
397305656
55701732
104059573
29030633
303048482
308159370
612175419
117984635
87168522
65169389
454239706
782030569
85168221
302291300
346602712
465279842
508947569
326408863
519259260
100333384
335845726
311923245
147536989
242315859
168105094
200463222
707406547
656667119
36187758
248566489
168710594
266046505
228351900
437517720
784870329
40329443
84134010
47128924
141683906
198048405
475355785
83773300
77859812
102478177
173138466
510529132
702426769
546144902
444077330
163962965
362971205
39155531
561347282
57276577
109468743
111414470
3357053
215706358
409435131
245107977
7453498
42581696
241343123
15126473
100339624
579378229
32838562
189960069
335664553
287885843
649401976
313054754
692519653
320008669
249584831
67799411
71021799
368567418
56522106
310251463
217715274
200652571
99554327
355633693
48550368
41039503
225612532
137429661
189566548
115091312
258974031
666382498
464823303
63574014
320624770
161709458
185338869
607878336
296310905
781627144
292964814
47308690
106734221
54715047
273774905
320349587
194955864
36343394
5471779
350725340
256012537
214464710
130514232
187569519
24395978
531273554
127600924
61089066
65376568
288784748
524837375
421284327
299024630
51013746
594661368
72775863
273333457
112168205
153626507
227743
181697870
50802704
108989616
686379118
475076064
17460135
42528205
349515206
254824383
165664722
171763606
26201592
198915116
6270932
118361180
264334240
189687731
476253711
264537068
345970178
441735022
365081863
163957069
11883501
120384051
56295878
45961542
88735438
22304284
568629436
539785152
685937476
789579384
477968782
20360947
377285367
500145225
137689783
347986282
16289664
427329250
30379798
58983839
552426171
473135030
216535843
436951548
71473252
313843815
723601783
30032908
239418321
532578352
418623925
368475573
385458391
11654953
95320427
88830939
399027829
54927989
-616723
244285065
100464703
755681301
325113408
5191058
2622588
430887099
35063333
31016190
101145341
579191197
513097656
214363324
105516519
438855009
153950719
351467231
294248073
209073700
135083618
202237663
562547770
90444226
568597044
153865774
19612812
294881407
138093438
332596308
150815318
429842989
47102919
83591711
178477257
526327584
473189946
238455664
96829456
20208307
22611949
22379477
137594861
406154350
418369174
139989192
341434086
343871287
157059369
650082580
98129488
86117437
383614676
601538423
503723228
74411191
469998754
234688789
673786531
150283830
525712988
19771684
197970471
200517728
570638082
12921473
714875023
164775229
19716029
10728753
477338545
338203613
14606412
562416214
58892731
275102713
85325204
435135777
110603998
309772435
255513200
292076702
154168056
221395982
230470299
442184075
50645732
28144664
174924905
391178777
81808498
167067928
411048888
481120937
585308986
21582835
57819794
-300651
465630789
104720188
200894700
273387192
29851582
283173041
231499152
2833678
549640182
238606138
100775993
35650828
13041035
549028637
106162308
359455503
113520532
607114404
929856
328756980
323955453
36510373
168183652
142660287
349558484
251704042
42322003
241612584
4841101
544045651
185929848
85692479
270401348
33050979
122176160
71877004
84069608
178876950
428484800
131587454
198024123
688667377
455125134
457697222
69985588
666320737
324170928
401266485
379864290
216944117
424850908
744629898
36636392
300988576
144288680
78287044
29489826
150300540
326572039
289357482
112522824
306901155
188138130
175534059
517930593
6739414
549787884
439026424
616174392
148539242
180721688
23497885
319972416
194908660
49839085
164243585
25498825
121945126
366174819
221634504
201406347
204575865
174166046
435134666
72652874
157596321
90054980
262094133
496405912
22273458
150178844
19870912
307383331
221358827
34322601
472772217
264423061
73295981
208825578
138909408
252297948
26300770
170369851
306648482
353115558
254190771
131409822
90610891
14237077
31563267
119589944
621793403
511006787
376684215
369111444
88503303
170139722
27048616
777695803
172717059
131644894
135662772
16315303
534051793
176639871
370795067
23093583
386540671
57585303
483620042
91258057
517204803
77968506
176327797
194840926
75144386
536570626
388767580
7237521
186515507
268339128
283845247
289430731
33317003
630808098
592857704
199948392
117528112
262100860
92200259
84324509
31592283
63952616
39627657
126046402
204756703
283873838
32980070
7852964
-225430
118510260
353912301
250842681
222195194
659879
813212501
186159896
120866445
147970432
508041494
501264145
70762053
10041387
154544128
162918399
80031429
28889626
114414602
292387097
218506504
82155256
167766287
322395175
194852267
10840276
289606741
417027993
144509879
67867703
43111758
244198484
572162443
206575957
475986596
18817244
117256583
729622908
44298500
386555033
87716435
20946123
391082747
323395494
228467799
8999757
64484306
14425177
22239848
294319099
416959758
77013700
314220477
182141555
142741356
101695881
693407587
162570300
53859737
252461420
45002858
61124994
270659082
141940539
89452992
173709552
229220094
207157447
679764707
342407591
274106792
389009418
151584441
235624994
222948638
150379022
247676407
191489924
123535368
70547646
228654944
15355261
344523517
338430006
90800800
71697416
302038585
376972016
264473173
591749883
397161372
42498304
211213567
190898609
144262857
287958183
300953202
211625498
341580141
46411435
814770134
255410731
1519109
44887961
264681275
429445808
355889920
541389248
278995769
54415207
380753874
75298996
1602937
101142524
249189810
28494126
21657763
477300287
10043578
173968772
667647225
512247350
94651153
31718634
130204729
76815668
239125738
24139650
767636664
96601684
642452775
291128518
413143526
36825313
80593856
524024075
14627349
59234615
293264598
123373166
5637054
79040335
545044612
1829789
465487157
104228016
347442470
340008106
383204348
26935935
375878095
351466176
138753898
513437127
238218241
48772662
8397273
218928244
54729693
259275295
226449308
118854671
496827029
305815039
8426829
197237353
191317795
191669720
301283517
408846687
757455560
182400514
258124810
440404246
61621386
509761273
1494396
205368796
235569129
357130785
284138922
345386615
601485052
260923649
111617460
404262360
149455397
43078807
674475622
463745543
74889549
674772947
527462079
1691969
73673345
20776395
165920670
570771666
156010247
3773159
24612533
557278531
88155912
244720405
95660607
396605139
51295536
386641142
3547390
17694340
12864512
243654035
225627950
121182674
22414499
179719967
93651839
331868573
658813423
112646486
142055670
157900157
322730220
309330357
152101703
170906253
260316303
265857655
226223026
181379903
103407335
359661833
352279745
621642310
93565282
76609135
96576151
331117791
667314916
151210909
432559720
214752176
527989530
62236560
391093853
573106443
522313476
171139908
13749261
30071577
8809160
126430604
271082705
284949668
137745837
32044266
637370920
132060720
113747684
240168282
44225831
103045866
39989873
30286362
391817412
435072610
201063295
333497866
64642191
213949102
156753532
185286080
147757867
248374041
188681482
196161456
146452580
279009802
84438133
218484888
263867504
441096414
14043907
321760004
201075482
722459985
172840139
428479371
218048184
247495659
220778623
233026329
152485760
202701991
78922605
669494964
64480717
365087989
82165277
496405871
39961077
307212141
88638107
446283006
23678920
153362448
322909225
224641397
394325368
206547790
249377844
676770068
315564553
13364952
535491842
231753409
687467024
107330769
263401265
161954420
214017963
152001242
16389815
231506776
195598576
294896560
214936624
383150267
63105527
593463441
53042070
252748796
72034346
33442306
431068728
407219456
144733459
356411214
241230169
64221438
557721327
251895688
145725708
259605589
9324014
103559667
675401229
787214517
22833882
85624480
218460380
146113760
28918247
606521012
42108372
294002248
75294906
20468657
159272361
369676703
9865756
18365943
99855457
59193144
559903582
39885768
521048368
250436419
120758794
21606616
132181634
14910579
71750725
224201877
98586837
10259963
69900713
122457158
87679950
640988520
132164821
148075716
467204305
173243584
518725270
50305215
610642750
132566345
368467788
59995071
175947185
376998769
4418438
218322500
150517515
117121435
467530646
16687429
30644099
137560135
16991387
163496038
46623402
62511776
38687611
5395437
285346057
77411332
21947282
295659629
212832266
167011167
487255417
272126133
521693942
788693
522453674
40089517
269193552
13760521
137418267
134458944
116802275
341347630
28447143
24523058
887059
180408709
250359651
267658977
6793901
42869050
94937309
33182752
314133806
290401857
119819326
146070638
319674770
351820805
155010608
71547706
88530015
69039180
92150044
29924389
238081002
18799225
233606959
114352200
267198804
426811936
60539591
182165530
186920133
134910135
459703065
187296712
53690057
388631409
45685566
32038981
376701230
539711271
94122571
236063008
251949560
211871758
327602572
382427176
29239921
81170049
185821544
256204370
170944393
9726734
18165897
139699039
417334179
7228471
53685527
315829956
50627944
213280672
261574483
295337294
87237945
298393345
87159534
128488305
576989104
94926422
136909456
12578605
417495728
288035564
384390920
71411134
1882027
251268841
370693498
307481869
11162454
123148001
34041036
377894448
139976064
3146448
286991243
295007814
12241085
169538188
505211380
129765466
209084000
168147781
15673907
83940196
157242164
321754754
101573649
222818799
235437564
493572642
115932507
35775284
113110510
141562560
11120293
88997982
9455119
453340904
493976018
296416767
18354131
231568395
263035932
2737083
360869008
134391922
404377107
194744060
126266290
386572637
548570879
283175174
62820024
351123191
17649481
313671907
95168704
518826165
39943794
161948013
426369757
388511132
156619251
25469707
31029846
44904754
279191034
27678156
224060415
289731287
277833003
122807939
5363825
534314332
393778698
108822862
258160122
103113384
628088847
14032465
117736829
286167509
271870267
42559738
190490994
255467986
141392817
591082418
351736577
323561144
121556998
238384633
430011180
253020108
648103413
645708670
40619678
641206730
724121911
438084990
309781639
229059037
235195086
193240656
625379267
43029216
572372388
728699265
261475858
108243383
120518712
247237154
275372638
180820239
109676797
641057384
13486231
90250496
389598415
179928306
621352882
203614364
77513248
294221528
379185887
103874041
365430805
544324922
250161419
518666369
2301087
280149726
237462663
281826659
684762898
371809509
191291062
407466341
168691635
262329750
434686949
153364579
106012574
46806420
10072226
396027485
167746391
618943640
81264162
371773557
11365105
158801424
708326813
291245241
17489850
60853387
86374287
2550618
450762612
146643707
20803212
156569982
448635544
6479991
249943863
539660999
481666849
80668814
86127094
138962228
225169547
215824462
157375031
354643458
53867504
216603686
631471429
6463055
158975345
11962148
141805809
222410
248394377
18029004
310180945
73970448
28498711
538096855
73172974
634611971
235006809
722034878
63283063
259140591
259112376
217546843
521847952
183648525
300989774
624154103
141980457
441357924
181354915
529085724
215988140
403876372
298869028
109710934
177628224
467683209
632851159
164733643
571201540
326186902
266653097
439507591
232487675
375241384
127951671
311260966
59346117
106578732
282843844
361372540
357554507
172747898
94791316
593792345
347114580
145659272
134849564
269375878
98586311
531669524
114187075
58480058
17614912
168793179
227982009
4716099
121921657
5379302
82878092
63270791
371994307
492867372
602804121
464847480
294172710
425409963
228014497
119445758
75253019
468941091
156979384
160184471
39946198
130343133
77838420
284646649
75381208
85398839
798169563
329318318
344075832
299325815
324156717
473183639
440977104
237023981
41106237
470839659
7825691
76278041
546700599
648906251
493998103
172742894
313400887
408752893
587543975
608313817
857869815
247835041
334317333
25696550
163468271
1016610
371561895
697165447
58204522
8486529
186328896
345387809
158645992
633193927
627552158
390562290
25514507
155581212
416060622
69611998
625271894
86151882
219960159
388115781
210225779
165645861
58846469
81442303
75334624
278842732
325231279
622955798
72311757
61351562
344746812
31435485
129053901
589455613
74770174
393605280
482563631
2082176
333813194
478475852
451859743
247584847
9857770
212823806
66058187
424510603
436984672
107495877
488879566
324981944
26072131
215663420
207411918
51837755
437781373
65249048
71864055
23333122
16402213
396725737
62205600
290710119
499851021
115600283
307882939
263652996
279240288
208367257
513939793
221206583
53374282
323421407
221734886
354794641
262678617
296886218
62170864
159471352
504517967
185575349
43777132
208737541
551012108
251941819
479979699
11175319
20542498
3880037
599716380
485357321
419711042
122300433
326822495
655175397
369752895
576012628
107708950
416788018
30846407
403619480
22434503
280770445
106399630
17855368
622443173
43996679
205704623
260564841
30125729
302056555
84490864
8828897
84938315
680724884
108406797
367065391
58477789
627286274
401399248
3391732
130532750
41726189
766324966
442058131
128090922
174073280
720435520
109503780
176941077
16382910
323384371
176174907
566642398
370597283
128300428
126749282
315320425
412885005
360142477
207043972
556047893
149327865
300714049
32108026
8816102
151247892
24261127
40559045
237638304
838981
99854503
120006583
110432417
5438081
4815753
240949120
252562466
480787286
92238801
4547876
669070342
370118250
255455313
459526794
85275027
120096525
82310721
241184162
35234902
437870410
220865759
107333237
38289881
655014437
50656340
318006120
296413326
41460222
289709212
118657549
5370467
429690827
255213644
195959808
265172283
68882272
42564674
272014810
97110358
684447037
193916096
10363830
116799140
267229686
311823513
416093759
303965491
26099295
161225740
574352473
72821277
31760448
20421069
73720581
133826759
710667187
256407391
704889972
64258324
210988621
407044746
293917240
101624790
151847733
206344386
693724037
58863544
445080043
70722840
786020852
159246956
339960215
743639014
593856095
261799827
246776239
207987790
99776371
228341849
643572330
89026609
135565229
220307521
103289550
317415497
165323998
110381722
249748848
186489143
55097062
102879238
270046864
459153919
530592988
412173491
27363636
31061649
463853052
342487265
136216408
163995923
466290312
810051037
192420673
748296453
22286451
90656621
49509507
665100162
628049320
32273108
538080356
104267968
387170291
388070272
615653647
91673174
752501457
76132791
285773070
576362068
221188289
514710771
58661823
125825881
6991281
495636648
159780338
761837366
243614918
307692463
95284565
11448642
247461487
47714730
505426542
673952605
577984667
86175479
350471754
282505306
539629512
315636304
29550668
225745884
2397179
157273412
340527472
401872032
147106236
308941284
229463358
474663914
93431717
320700169
339670203
349764425
56619494
174845361
9830672
160432884
150010518
335056998
211919558
49406993
58719053
347756558
137709393
106309723
290940769
500778602
712017623
293846776
4346151
573900987
105217105
409715362
543803339
246985273
354473694
96351817
71435297
269909828
41754582
665322917
213156275
264558474
25828006
618501265
459718336
440588430
36878995
61777435
25951856
127989457
59600381
684107989
51315735
132392231
580308857
300279656
129755057
262435140
139473651
137399655
85459894
358578433
41012336
14413467
2810293
85656541
559934
60744483
20780256
8910206
268701370
302653496
194133617
46064805
162987356
294546381
462936111
119345889
89856501
167780003
249230766
232465389
70278883
80381937
63843755
393994708
223365820
207621226
426902100
164712048
404007250
54480979
417395323
8760579
230317579
669454297
160455140
135978752
53558835
102970017
425858444
325683772
605200796
112528314
3881869
63081635
387177218
19875148
560315213
137718374
222873311
127202673
93083895
45442110
195373625
423116208
252520343
55955686
861273465
146512413
199349574
111796729
375599626
14508702
173025886
58960227
16302554
124573598
320049575
491405110
131742677
721084788
83628957
52221048
53001796
598890286
600409563
416414728
158939691
393832626
362535385
45544875
357759200
375702773
7190506
63541378
85630120
914777
160713931
269406786
584599275
587152376
67498235
424341505
133203183
133814540
683101494
104192531
331837473
618019590
61341628
300410080
409686222
103827097
653558621
379866747
28623451
13050131
122328114
69133806
127367011
111253144
154325548
509911068
40637838
72185687
641961121
119126972
187176411
23147149
284023210
327087916
220997757
175770247
90062437
203001965
108761826
270369046
202318303
72532236
633075672
18582971
160558417
176511432
35377187
573609017
397155733
519365914
358206448
332843101
5153763
26524337
134464911
259313581
54476973
297874912
386320993
605129635
5130867
470881658
522464477
200876644
169184840
68628150
136897672
58181715
3448708
539431030
691088204
142188883
512638411
264991142
403012542
186370026
373060405
26800066
306419217
94566628
233996090
119223971
348387821
482681411
34819521
109941859
452265696
56351685
66445114
105360831
408371628
160802395
702089215
25455698
238402009
291746428
132489153
124566247
264685950
393588511
154090971
403574049
174861299
469137442
302462518
562662834
55075387
33786442
56226833
101124848
16709855
-1075016
2723904
196720060
3464238
398018793
427746623
578313904
211245735
197333040
358221169
658107099
378294212
112410722
158229182
144189939
8910379
537925111
297071661
79276456
186333834
331051642
209659717
214915879
55536830
378830709
216071208
81027492
172260874
812910181
127375336
738967498
514075971
15852176
143664070
2735195
284326478
158599056
76303844
86733892
103548924
562185559
5770828
119757665
535541438
321867146
14782007
82778670
161281821
612341016
310484710
368797745
661798177
2326361
208250355
309660507
623779869
277844763
373014228
339227842
493634212
227282998
355994038
395370843
49989865
124338653
305450793
30774317
229385369
469372072
106912888
192250892
27615481
181886914
270554471
214438760
63293647
189297731
45176280
18424946
360576210
332603083
245487910
513154873
414583123
144768917
16879595
809486945
609681282
265730733
244292346
177601577
139467989
480031293
686473216
28934349
103891674
329615923
715798182
39182163
82103981
1241698
781670547
57409204
228363627
439099753
102135240
2351335
85283401
182958882
130404633
18000014
344832500
518846
12767007
162525899
85778250
305657885
140779698
555260500
402025677
20934431
119915881
28107408
20920515
392959085
77634784
406797992
131994381
13026397
146247998
3680645
317438030
28414859
24311722
4606451
435383589
476404553
230733525
245159825
427431854
224892034
457832802
78512577
59269821
471670701
45128059
487715291
58304266
487593818
730682539
52243188
36769767
20003301
355768653
492778487
133344304
297216805
165668998
464283457
704287513
565552440
301031485
364839329
512954982
317158922
797211756
511111545
730275062
314920747
280751742
276388718
445551072
114455705
1986869
50326888
421846783
196464996
6177122
173885810
192295079
313130382
339146810
346546849
24598108
242001911
718176526
475495638
377113378
276297210
368584674
242208765
172938883
156821562
178994517
5584907
38113133
151110796
3646092
49777729
116379001
606021149
269572964
154070010
55193312
204126333
233661108
688865444
15726778
2971703
153995594
409623166
12210595
3773055
518577127
26140099
243263781
85183691
333120857
222173806
144518152
22246080
3280002
28005903
106174659
37384886
91716793
47199266
331059948
305944565
4059864
65286769
281815187
162947140
168808157
231151024
194670431
441807308
435697981
257587818
252420536
201593144
270513371
272544163
545824852
169861749
304925460
335318202
142131054
222929856
28482013
133630765
393788531
79860461
475892900
15590397
467332941
159517244
277545512
50190107
26089101
7550442
215541132
461599341
371979769
227200822
217131335
318553030
50249429
26143825
23191274
193235338
461023893
234558003
701745243
180601935
315465852
272560966
192774497
486796300
55983972
329244346
364166223
83660897
26450904
592644370
523026178
243556298
46479941
593068677
31789540
705658561
526106545
165794742
234349465
274526236
311983874
378195971
599225350
88183627
160806313
339492000
38682989
116744473
179148
260530173
3360121
509976219
629811314
99077647
181299424
246122766
82049914
1293333
286138867
219802840
301780452
257628140
188950029
163722496
276337137
40929225
51352839
6405945
827301953
342914723
7466417
731107184
712330749
191388674
17832060
143449226
270080751
270403236
41976189
27010790
5608049
510493314
163419307
333293225
22897435
223426092
192253680
49680918
86833436
184381874
144093926
426721956
135692409
120895701
317035630
15126558
520733726
117534463
419515303
60741701
105809124
66862230
24510886
378598984
200861378
672841463
169808399
219928203
547509622
232635013
65253650
451395404
204043144
29074116
103737722
482818415
2285574
194433310
596325791
113248833
525356379
4751717
70513262
11773694
126319585
424404584
5347945
353842964
326748341
275065611
492926458
129154037
177015295
47894601
88210900
127147632
534761344
30573731
147107128
387450419
68401864
280397313
346795284
564891767
467617505
150457220
35765344
11958011
63327059
26873179
15459965
397250058
257698924
668639524
186339413
409781837
69101778
237121669
276758610
297845642
834868360
169941100
27350305
424156953
57767116
77444200
182634382
413111074
149571705
533559408
382680401
309879611
313260629
21534814
219217856
333606325
247163816
321222584
180131661
63256871
711255755
331211024
700100559
72149627
346116530
18227680
303500876
717648369
601827570
391841257
301640754
746989603
189937438
60874887
258776410
292884171
407146553
386931562
39293767
61921176
697120284
420291459
39809290
89111600
17640867
45935380
36076886
615982739
162128615
387392487
110685328
161594379
8130742
192334028
155419546
214244345
42944284
390055928
141870983
17723553
45129207
227889788
125031500
563336344
39397459
369595417
356885149
187705651
229520659
126526777
579278240
143996178
483316213
467502114
177791820
201537490
69953185
527487728
231450804
89037811
52662496
536331117
291601050
180585980
342333533
387022019
20719143
182963991
85209900
407996521
142483016
705138747
62967541
154661376
306173518
272491378
492784085
141222421
363106738
120910073
159795190
47149833
98325044
100995009
101485428
235170279
126202137
11430225
637216610
56265998
231488487
545377122
342378453
17313265
360866507
7130475
782215250
98402656
113765273
397474569
65433850
62282602
420169645
47948925
66641147
165327195
161427632
120204507
60847426
651697946
384010658
244795126
5951401
176933698
89151331
458182699
53605115
11231559
365665469
42139050
286634873
10447077
273823826
488970084
185759806
15615830
130757707
54960588
175682441
23868709
155698150
273016703
341996164
540560261
175866778
225273537
188546396
336193574
125121879
367637424
734017929
185019249
63300017
279751580
61211238
305214892
397864982
203071257
244395164
106624935
127966371
7196150
253021535
156077230
719702479
50907588
13346014
211297216
207499076
77132342
304920696
6687203
634436141
409859640
347987739
281355077
293263070
131659457
74954119
517360127
353400285
7929414
608662459
479689223
683905445
86412016
389799211
56911971
133766139
468687930
124057285
611054962
220633125
455479609
784039059
72392324
430484068
9034157
59521499
86104340
112214220
93180244
181954685
85344944
243539220
178510895
672617772
213451136
130581558
503911446
62342042
772160461
22890676
55442383
378772794
343304753
589868603
311142068
628969673
653025560
187628860
118027815
264198602
780656579
77851932
216161220
110804414
229346677
35253095
450328611
675872610
595114962
445581592
121733903
237457206
3166315
274702229
227990463
122082402
41768366
60584748
345493045
151320165
290145445
128993325
133524589
17165319
198152893
10903353
668129391
265275691
296981837
98716652
108332246
480353424
305180621
618922113
110973583
133238080
627404259
440410676
20140514
220694124
17400089
335240246
290335218
281947284
134080713
602246232
384072172
494180316
161220683
390122622
161609165
584261572
509223403
658384189
274923434
304398669
129160145
30356484
56728959
181797967
24136544
252672366
874879951
86526783
232768165
685500877
227890292
276643619
269502502
86006392
57857630
89340279
298503059
325162701
57623515
281228464
62634653
180375780
27147206
634177088
277405170
67442584
148742167
50683688
312289668
168211950
135219304
372172394
514430960
416158523
371119029
338134640
531972221
457975823
169731131
23732723
181882406
230287567
17533365
297791757
591306701
205119780
330247508
697820063
617633504
2653676
129794200
368517768
59750178
264628715
308113078
139884581
303433773
685739595
469877148
171482711
233641496
6988894
483263395
33349312
49688708
218587305
2964682
312993041
458714957
48112990
513340424
192467386
231448659
122457360
421860910
182231692
218466841
692226168
222552966
130258740
50879029
303509672
68487361
9421110
308189225
294759840
290041271
14053405
115683393
429304954
110748108
58397312
39487335
46363062
212133699
33452422
618387579
35312911
447787154
33079870
599545574
372307690
147979360
58781654
27457929
246361860
234284571
469495090
652984143
3396536
113240179
378169103
379957141
504661018
11594472
614090773
213496762
65812711
380579080
484166889
316450009
142458888
143645983
20388489
5072839
715616815
631478918
355463465
769574507
13704903
42650765
126086636
218068638
234927176
273808534
673620506
10428318
182559254
38368039
427754992
33814806
29829940
264488044
20131339
196547243
49431699
429481909
482419569
66353091
265024098
538333516
344136105
441175571
67671345
775206
205983274
102381663
174753599
161840778
133021913
24863890
382423963
138499902
167343617
135452864
168772854
106365280
156218820
236544498
15833370
574469472
221525954
212385322
406466996
273803355
101050059
466591502
222530152
110504659
225551596
22490996
6937799
393300677
55128148
719144707
54171396
560745041
718233420
133323538
242173773
344437628
304182995
168818658
341768816
17837956
261559202
430342433
194311482
11455292
262755417
474291462
11895801
72449783
364901409
210234801
406287511
164329840
256027137
31047543
231927242
379930838
155496981
193158799
33992297
817848887
761463745
795331743
136426900
151353351
10938777
192666988
639965924
26130379
517080746
66211125
523511449
38227281
180500189
352854355
50336749
1542918
280465969
181341394
31907792
54152115
329752560
204185410
293974128
96380490
62332215
22716645
167894350
501922395
89977599
74147304
45529550
10993832
136161255
263456234
279375192
105146040
38307885
29605862
237198827
26548531
134504466
463755314
39014876
79388648
7886292
494111804
6004475
46697416
165754139
43872925
521986129
69483398
216039715
16979994
496961766
363576008
188056190
316463395
218734615
301124500
21368816
214894942
242170949
365059214
22490786
99866540
273006468
284969887
6070686
141586726
38770354
481300422
141550049
186597166
67030371
261783924
-255040
628026786
150360516
136484463
196208570
243899756
254677391
538761146
33861545
39644452
707315450
669040411
106799013
477313717
699311914
11191490
406482680
25406362
646030210
3195687
148906964
209012927
55826394
382041943
216657522
303168187
47092040
20231059
8246214
697747927
59932025
172549860
312509581
381070241
265849892
280951691
33551792
259293031
268542439
161776503
480634868
15113993
695356294
348890487
200068773
225728008
484731616
738059362
147150339
279554655
291157167
384930159
73617030
31823913
340340254
170627040
274365599
9211522
412464793
46569664
15108438
286901796
163243130
159611070
34306904
343938455
217882142
303638121
618437470
267221357
159363773
6069552
353694913
440669423
256290283
712446543
334177300
139622281
334093808
663242236
53750569
143247047
155886632
38580891
145150424
262175356
509074631
175883485
403483629
449594847
250577296
544237581
191066143
22858488
181327412
547688274
723985771
469741831
154073570
101670455
513149191
203380792
621421291
182338659
282859912
427870867
61408352
230806914
10146503
243104859
112348238
460842370
4019852
196068384
755214335
610130401
314769345
601082906
363725418
366362383
461074842
429664214
321666292
143797674
133561456
13520273
628795907
345044723
153948828
42013673
594471471
213704134
27559322
155087507
429518554
522947375
32387160
475168477
105222653
125314202
230809527
69454485
129298976
268544570
9146229
331741503
84587986
68733108
547139947
379695761
18834636
528786694
193850806
22760607
179670556
179448134
295356533
23143496
29709022
336464593
54120982
266290611
232400835
565360342
75286885
47036209
394690690
282426077
258611258
438469404
153345288
136898944
14758295
300438048
112283719
297572548
562877452
51273242
253694186
39354361
375867734
765212678
272664794
52695035
317300558
276949959
21117694
328890451
44948876
257095206
496306632
138148970
497552546
126543229
348129026
162494116
266096663
176886689
577032738
649132848
46333154
13433658
390682032
31124708
3444000
189698755
14245975
363825992
704050768
378715395
7147424
80948521
320458900
114230074
526180534
218003358
276155017
329052853
113434132
74377726
805199137
645127420
216324100
409969050
694733649
546155123
406991348
8733234
336754028
181860807
295544398
199556018
332681622
128606785
30454844
49949668
317943210
596094273
795043835
235458494
85195131
61010516
628616535
236754273
431269651
45769929
508935571
450646649
395490694
66448918
299712843
125486566
143176585
82767879
159899486
296829954
666364951
60055615
521133684
356991339
587962476
111273576
49414961
544596951
20565576
41085418
162854037
546297914
188154162
350400073
224218282
509886732
843035039
122813925
101176840
27019381
364429835
431793982
558634206
47535341
14385980
42512918
436188893
148785943
332897839
155234516
6869017
16029097
360950944
228373035
349105153
55723970
288293066
778525909
236693554
31010595
37025771
64741273
181666428
65044214
795566115
365194063
1152019
207250938
128019100
15184450
160664409
657588827
17264425
200043935
525062666
285658362
116716736
62867842
45441940
629190930
48750418
286399443
295102450
10846713
257853273
414475286
86492654
315085432
134342736
72100121
158802248
231082236
316445981
318293253
263913829
637601760
242304829
162562172
88990559
50016320
711781715
194811472
501895546
167598809
54980948
132608257
168945225
93093718
440587709
33204083
405279308
870422
12223348
383290792
232111214
65258359
87466381
226863577
154185732
96193893
191690871
427542264
9034405
392858707
173068296
273376288
26033024
39162470
136760035
131060346
267285968
32573611
20170714
83136006
184473064
3526397
321647979
269956116
32364958
27778763
338547202
44026694
108145742
661681698
7119384
20800487
497742542
489581720
321846339
87633863
134247516
112193735
240815994
3131775
204114831
644520640
389346157
300375457
98159019
387684198
130896247
205576649
27767945
578934266
5335028
203303092
15912499
354500248
110266263
219421722
68632658
27411271
485843085
57268444
4286928
593772859
258386775
201950486
36981070
273477544
267654900
11401356
330041977
267419395
441458841
234153342
23708744
401621618
299116793
116480984
246238696
122181459
12372628
283896016
666218669
193168383
222792049
440599241
836394878
15789450
38437812
19382566
678838714
33440952
387861117
76867320
58441873
54240868
357501459
1078270
23751961
507168317
221561276
109827369
572547667
287888323
167150670
105212235
33655549
36585469
111304829
380649062
52075172
430427879
150405659
181656131
76344880
594670838
531040920
126397994
21361398
45440101
24954494
15336132
42889697
305021898
664029543
196915609
151167810
358474906
35663298
131906538
33803874
333651003
84533982
415768989
74031307
83720038
336906339
94077971
278211373
252343969
172424825
552911521
345367643
819343989
58342724
297219539
137239164
27175
75746703
412713452
303501557
58785848
21737047
542844400
85471336
93374703
356177087
449280503
268097849
428841420
224762900
152704093
112532619
2785310
1717519
11731281
198973156
341612972
74427456
52069401
4128042
407008457
40867195
79882242
385162340
429994947
468990778
494630230
128448968
187956884
8046661
183602594
496926578
294320719
271464293
107481173
288668983
60020362
190149820
220272519
147721660
94174927
17516788
236706233
19306902
387853762
86167684
347448106
167658936
407080203
305902173
62746122
530598373
193276058
483084051
418371448
4186038
224711369
158719724
24799647
79669197
451411837
87102828
542689428
90953477
419404069
209049324
145324060
362540706
75611843
254607998
55294704
308368238
164556997
791676894
59668053
103905155
477896535
513494132
271455673
624737058
512095779
60970358
491662434
11220917
9483585
61672864
136666012
203425249
91304464
1462726
378320596
166954887
112919990
117103992
312177027
39086237
740578826
201797871
113350987
703749936
140422096
365163895
20445907
592283121
317995556
4621987
287782161
361013348
103336738
251085600
169530776
92984168
59935856
305069367
76414185
456550162
310225264
402756674
546396411
583374992
709985810
173190101
273592541
172650588
69411869
808089717
380426751
135831138
105648811
375388997
18655995
401858661
73086783
122038912
134037392
427566082
340663305
32521650
35554397
391196109
61154366
142512450
425567535
180347111
79602803
297267183
210696450
114937885
127236234
613492933
23764324
104153483
109589027
173110907
140154507
64665164
68491346
36333690
245549394
383886506
279452929
1154452
128290343
231384877
644940774
10924186
506328102
663169972
546947739
327747650
58587024
103185970
93781582
84935345
355996915
702562848
18344459
463122109
274771025
344427699
355917803
67446400
468680822
48476881
58835004
138389040
4316727
149143840
70047152
84725
341079518
92904437
86487200
135044983
187521414
91267385
-859282
131539
448422491
51484917
25932827
623348314
281247389
141528793
343561215
167631837
465206903
499530607
123072438
206231603
226030836
292773490
84505971
144899911
33506053
399435328
329937603
18649922
179573628
26802749
20359568
82393221
640845139
208301032
371913554
366678957
60518412
147293435
9986450
478214678
167926382
110361762
570183509
443800034
35522124
60065922
128400341
276185958
86654810
27587586
71008247
117960788
120132193
346574382
474535315
217048019
40973762
311608489
112277178
22858699
273107438
556712969
36940681
79503319
237433466
151186758
82843544
77764754
140370060
217953865
459747614
324920606
9336772
169638975
419868734
105855019
602985033
187193974
424848119
82000064
108781170
144888393
582002104
83692432
106863455
145027505
31390653
664235071
470394585
473344664
378784959
22902619
306993880
86876414
582157857
46456503
202409508
33254232
8935205
96952399
552128674
397014218
562323045
270587786
220170973
114625138
70945738
697900853
107241820
50393694
66666905
8877177
233739327
10043170
334021140
118732129
126424875
121599640
387371076
332322704
88772462
303108602
251859732
3100003
368686677
493856303
106614061
21788401
54988066
391513343
377739464
341083742
72188505
621852008
417614150
11979497
467581834
169907181
209151069
231344612
301079561
130588015
268965940
55606015
173358063
5916758
190380600
395097054
242483990
88524736
16913035
681771677
14141872
288918703
5188618
192675027
469110661
444378326
105247747
587935833
448143143
499244611
472900020
147990538
6987836
54466757
53919566
155368529
176400613
50850810
436913525
183929798
132257045
206323467
198241012
78287267
210260312
442733755
220524037
489368450
374717704
154000779
12142368
2779613
100253870
207376053
110328190
46655542
84041067
4701005
421482331
249450630
584804473
139274822
228582977
258409796
68042295
4251608
360098993
534377888
18015163
11362252
85098313
341118311
13599839
115099749
385245895
47681815
14237284
33217270
94550311
172610054
107208269
25153518
71740581
97880465
370191927
302844760
260962828
200307495
645300350
190732327
455647517
407499684
622394063
130845139
214994031
719742697
454976207
34319488
89520094
120359756
392383778
68335855
375399396
124636496
70603197
631431402
132281432
93923476
255062492
484397186
94499835
240580230
222485933
93630368
582071433
424532139
69829139
380155970
496828699
335132668
56230252
169326013
60914373
127827977
94965606
174067292
206177512
377336996
94516796
40298337
7473282
49427603
233883854
176647473
75949809
543778190
131849047
51194192
70510244
297155406
593247702
12847327
451493672
203572751
613066225
156225079
438938622
364392179
230327202
496468935
11322009
426009817
151122677
238927739
188231314
204515290
335022952
62023291
14469401
8602970
610786204
97895147
53830689
84531121
347549940
704921568
396766179
99330429
204398514
178841053
12457800
85513069
556418865
38367549
61466630
72450431
64724146
104261801
21068626
34820894
482935727
216341781
62493962
414675424
195602104
349502273
132318420
216628934
196358816
80171994
249184463
298622902
137224346
240316841
567704371
189417206
664600306
23863264
155962699
24282737
65135673
804448666
4163241
41135861
84361247
156928664
63620256
394506809
145892203
683671087
567200068
25191639
177989140
96332730
264035973
102827864
198851624
238935817
52416640
63415792
100951757
5569441
35264343
384879423
63261302
161440766
91773346
22694293
425576076
441794866
485488107
496968454
17722255
14912834
36690914
23822618
476204365
3009979
89287875
164692651
160034732
154687611
164816564
98147986
93604325
262780393
53795093
370072498
119599426
594408211
118208305
197284490
651999506
484350715
467579182
448107555
131838491
195308385
196714628
663103401
276277610
348663325
304643952
573316425
589601924
302483236
219057689
165030157
595193340
720337914
238792162
484950237
158268178
664162342
107702065
547183028
157950655
47298934
63438409
432320258
115186089
362200610
269942856
43542258
197158139
260999612
82865669
166799836
798791949
480070190
509494413
707562700
364640507
564628301
120605523
315936530
494590105
213312883
770751755
141054985
572321422
19929508
103858015
38162259
204077727
15618969
166692939
44775569
41579347
51569211
251794105
652960142
384868830
590592268
148797030
336362500
28331735
422439629
185284165
17920051
206186657
624949967
56076178
370966309
20799284
207930994
111511671
188030218
87166396
68652908
57448449
93000030
256581525
227919303
68765940
61331017
65090924
199651041
676231988
1007949
172699616
439384736
32041888
502902551
23598030
316408473
275226452
237078976
395067857
192056127
383930465
504761233
162359236
249570508
214690569
255779438
324816587
295452301
30389072
17301674
57996757
164967451
57183167
250062576
650336917
91033189
126972894
275003008
112523420
195469138
386426416
234253132
380578426
520673881
144631225
49348007
26152034
77341221
67524128
373734503
31845667
531026431
113322854
48394968
35215607
76638873
297220342
319393305
355594981
335245765
116195266
39262433
311057875
102280843
190956216
478119299
62844436
307504586
131244406
72382326
107923514
254031722
336767442
436437080
181853356
171384026
225502230
213703614
158590194
492823145
348157232
311731214
481439879
64994197
523073603
775684943
205184352
48465516
310569359
459832595
312457315
277313555
10911196
495303158
135272922
94763741
135160000
603278663
359209224
186365679
550214488
546273768
54601545
741353539
451342137
25677965
267212153
12813324
640333767
539131243
216221377
843594505
86612959
115746779
299213073
15241984
522016616
159623517
128241434
303198782
812288119
2433846
581025939
230488786
294874158
328051942
138866248
470858479
85881917
20482148
41368136
286673372
132133180
323079057
385521433
29012866
66686120
37789422
1950680
638717511
48537436
70196230
19346694
29371836
292235769
115470876
54768968
534323795
283799567
61322997
336180122
53646258
634954104
212857689
448244
59887564
46415662
38593257
514185845
126729184
195059217
770168212
196767165
220255188
136112881
434970774
227503266
222935487
135977485
224331909
62283434
738408261
52742837
223523718
111393406
474716961
145987454
448207163
125077297
359409751
230111988
55634519
105599657
381205073
387086123
320493975
80967004
219350926
116896849
62593523
192716697
328460395
8489650
283696936
77408874
96042617
246797025
730335125
170532615
30902024
38127283
580649052
34752975
478498091
90733235
257404841
552970776
143030084
204799988
402800050
618174421
777992380
393457603
92265452
689585251
656147741
150403167
661348768
586669408
257405544
137554882
134674443
62168438
350558657
354209508
25705462
196218772
161458105
229228309
112073180
208047506
235682151
60301964
257334400
240581351
554866556
88403187
640992375
80801091
67925311
123443641
89162184
89629155
410704994
336017012
84670328
22827490
225942202
199504500
271685127
287570176
329248207
95279588
513937896
534113537
664495883
69168774
800675964
83316615
25002428
493191855
28598225
614277949
176737
219477718
39060620
487703884
132285808
399126032
11403103
44802828
633399114
473675281
464479188
135900545
494180639
230585921
254430536
32492237
63237812
91127487
160254703
147713196
319385533
315719825
115231644
245485625
304201567
311132915
403084539
62212281
88263797
90701147
194992869
407236626
90347533
351567830
140820234
203787910
649945656
123720001
241634798
110056395
488233091
107735862
413820276
369876438
318671376
39799911
14397179
255961372
38672801
25532001
135803225
228249664
13318732
73848698
95827424
116571582
189608372
316262503
196202261
233777259
235841992
272058384
176973559
584819098
192399250
4055371
36235584
101514661
145269482
33770873
271431987
69698149
239559470
164463401
638056041
79677013
158965730
104045175
79872857
132064667
10979921
70341725
20921777
35937855
241441325
804841188
51909932
234810285
140388807
7803299
635971775
617749772
197092698
201208084
94121985
129786969
487279754
449186225
268769264
183816571
226094431
366534075
352990531
65791400
117453577
299419544
67045717
68774992
360385555
98824541
86692365
68912532
32766542
219728894
729025798
155552793
78793316
223140178
447299441
166081274
796798176
610558336
285123265
192142252
485069851
54298569
181076345
94028463
135007548
193032710
764044544
228258674
51088764
42853296
4075019
241513521
108596203
37348894
700218178
91013146
33526341
14679002
222614262
18091122
13620600
706015734
436544824
681767045
191203971
696597165
69795326
2271559
598546935
48951288
672866919
457959199
132085941
317661566
250169046
109236147
115430078
5386699
103618503
82474144
737462412
204781430
573498179
38770562
188408926
11552641
154304293
130500658
172804577
290910083
3549265
304342681
3263599
4473428
5763157
261702714
46124572
489386298
576871989
39006587
26858309
441364848
87749955
219695686
73299372
134461797
75212658
64731132
477271541
179562331
79047521
297814855
741470862
12390184
212440632
185938347
499313866
181092501
501834038
104782778
203686949
321054090
336113170
91903728
157481767
53290489
88325870
367688698
397420926
470489883
429275607
156563512
233417262
537924851
57820691
606028917
488521670
808643729
780781
355742549
37942506
99847302
112660013
195372934
441005167
387101402
172777555
102730157
282238812
29725400
313050793
207731344
64375646
56365129
148605906
42641048
185606933
182900609
22978968
145985390
123490575
392975531
70648216
99688952
321135729
38782703
852907107
50619541
43575388
341863076
298935215
237799
225790920
210131292
383939765
89297928
11006157
140339298
172040736
188150213
139703112
120781543
110444420
6038820
242026177
654490625
166089271
154560712
329940885
446247050
569816208
314163346
558193348
497902403
128913250
530205918
349333095
148792745
473279698
449524888
203065706
25594472
100959653
104729651
13199044
398255870
143427359
282989650
138577711
55271394
141050857
52317093
353646322
494950305
91461625
136715916
68311940
4680359
92434982
736212472
255607239
168524063
111264590
41505790
111590619
13263434
247818691
3666952
158662826
34751063
12668924
677699089
444621962
231269303
8579594
111973956
605736057
31644625
238720650
438241870
366627486
365927516
314850733
474987973
141542985
362694534
7343678
330850540
104148364
238004635
131571624
512838911
338160088
152155652
74933116
176506481
127971969
232725957
868421504
373771760
501856549
42894067
158387249
150092504
296051586
330219093
75674825
28835674
135482035
64031748
774642620
70157376
68450810
501062643
241396586
328700940
423320456
459346934
111483718
501609080
42572564
474753709
852699390
236072281
44284117
22003029
182625446
340814260
69670711
143952932
29334754
235474167
269047008
285187174
85227441
44969959
199089015
169470687
622353508
69126855
29407730
27509979
401367197
329470342
287598112
391475443
184142529
312003135
670975056
10440066
116172721
417589473
173333643
405060945
428694734
559537311
464018128
59854445
536459446
153024628
121476381
471019603
224840376
364028516
22164422
266001154
33414593
312771412
16001601
787621953
189294636
219174730
572042295
190695971
207621976
45240678
723612860
131673649
26460436
160775177
13433673
435662689
305748940
510680389
158605453
254643765
456600679
649537074
111749353
23253941
785238704
585078423
182469018
68806294
6625997
472527683
121245677
692603848
109494184
654914278
50471275
172020134
267217473
211196557
375390602
347084162
35373034
634453289
20255698
9257118
45445948
79717322
324399548
336694750
477112345
103766458
6367046
192327364
247805976
382328861
422339750
153278727
315449542
2344276
319622789
108050472
252535338
124361349
295729555
317035882
481561671
73071762
222848148
163476976
285819438
58558043
139809094
19846510
504216148
23374253
464278016
63225162
333917499
78076980
359722588
28463229
22470270
16961775
283697355
173832410
88521250
161617120
459688806
18340509
191318027
436534978
524603564
335826434
327207
274649095
411244680
20146252
197013728
445571857
22110709
165131045
245455443
20182577
52251311
216835280
17634641
58865010
71721779
168479017
758580418
68640976
31427170
141744738
114254582
8387186
223452885
372779132
288926702
2488672
399108339
277541297
36635993
124632636
96594202
98252521
74112122
424236353
394163526
135941792
279734865
147751015
171053834
135067462
181009827
551384174
98788972
550075433
35754839
71657558
549966303
66789963
37495005
50952574
53370069
51385229
280935690
219686266
34555977
35973825
298498801
228357873
448431775
400799109
530975535
324124299
440194351
248328799
359975117
112078392
132545879
146186774
511064639
169622790
139415898
34501034
388416287
111621719
6410443
58790846
272790065
329686143
275546305
213667893
648473442
433507155
35553011
34743942
161429876
456564389
79930761
64946383
352261840
113284837
260627889
302867061
207080764
101792678
222788367
829795924
191666760
390360486
201924760
237791456
220661979
53824183
8808611
201352502
140224466
38723830
119706491
387955089
183376852
453204661
118779049
682841691
153957583
575774389
133699147
136487699
201850578
541271248
734302235
654643953
383788625
579738448
224698758
444550899
456104050
132769860
164652560
166281443
127508587
229274768
354524313
145413105
279207768
5353627
135498116
48063892
61745218
645407811
347861513
133191128
590988258
248737493
407496342
296254781
62979977
215400248
655239972
296547931
317276390
678065481
4378024
352484334
473287258
574702559
194189435
8498615
443443612
309451697
353835872
181165442
323247346
469793280
117236095
9714703
31516703
73258082
431993248
30568989
615081936
207221384
164158164
155443640
281665294
5625175
143186826
150101464
289410697
93870346
220316790
218019406
572347125
444734188
123814380
289767932
674958767
603578398
222795769
85192671
179733331
75980595
701296311
58907777
547634725
9681799
109960039
152619339
149332821
157608906
220185706
79482448
559806630
198116718
303357498
389367757
475561503
397615549
258940806
288475921
333712467
99915789
338575514
168643123
331527225
25434040
192995186
339256705
476755556
3775963
38737893
314608441
217697765
551858211
41113965
284207496
385498660
143328542
277058426
274413349
422649857
117984382
431537040
257584819
199921174
123470868
122824039
245312394
459913988
271523950
175795572
195075150
191178097
183253825
610821376
482061429
21290409
216893696
112313463
470552194
183766123
130381278
434703219
482822089
612157514
369499330
183571646
516278008
244337518
429043472
161621786
233975669
315924134
169199327
210352548
49750237
91658945
298366354
344570046
562537578
-466783
177722567
54164175
297403970
20053364
580720482
23305517
12738128
472486375
65042132
163755700
108093638
592421128
697951635
255557044
618703461
321896207
191819425
53055460
455255378
157812188
155731679
133374027
438231199
98621971
39226467
269201703
10063611
244604466
268945003
310540541
27593377
321804805
266637117
483957203
191535875
120196561
317310651
100680506
243030003
35150342
509962449
165632858
44768961
329086902
207366570
157816139
283603676
586649819
252282437
458290133
9567927
95133884
64777989
415200554
380917993
33594215
6589606
126786756
284536172
254031068
175618706
749772173
83901047
61098465
130397380
112957579
233348753
225283281
100866559
282007683
468265945
378916681
625943456
110276162
367160711
400515661
40468040
337975364
123003675
503372154
745569794
90893601
89640622
21971275
336930592
95745623
26239575
108732969
289028881
373076106
310401018
20993951
467579354
72033359
261610467
225810958
128629882
29696868
370977431
478905353
676990218
19800480
659654267
140564662
748634071
52440529
57979876
7715906
25188295
325985114
519353256
5444321
239427850
296459358
190108388
376021803
323814234
348544479
121825586
260737708
432845621
82655403
380367382
42167588
84071379
519659393
1782515
162618223
99151841
592523391
92620207
47107863
151396299
331405708
87549226
129629675
113628870
62475511
37908214
43931500
93009233
112474292
286226136
87203120
340608583
211580391
287625306
34970488
260322660
104873807
249642613
537206090
466953301
33775409
6367284
130091610
332587245
179359233
45242740
743718787
265163959
238920696
199775675
164682038
313791503
139171138
499228842
203825426
579329524
251556490
328092723
105185012
500022658
198004349
41280725
535838615
2239754
339516648
27055204
129987999
79200185
106531565
706298702
632538150
5546740
310675779
10138520
247165539
129022829
80436669
251006217
14295085
624054604
57070942
286475857
302295345
257413419
146926064
125175007
130828845
201007120
7910562
242432494
31536168
464828373
210860002
701803532
5516896
186641245
315771563
128479886
69928771
380668109
132320018
27827350
318312252
317187749
122597510
203001400
437238091
166751114
134931678
142250273
97501619
250692051
39440736
305478125
245198228
521421040
248242388
35941935
296186298
316843192
157930492
182078518
130061783
48211101
350126749
52671576
506900157
108149893
114194423
74491549
247315305
344180778
182935440
462535683
319697701
789364303
220840648
32091993
142232786
802956876
391714799
176130131
111324843
117628733
569521608
6162547
61841246
64132892
8052117
769297153
2486836
249709273
213042172
618079772
86828595
263284004
61575923
545711972
584447115
362658909
165975640
357084034
213865985
12741213
497769557
39002472
171045961
231945254
222447081
621314812
157470456
50274936
54138235
352134112
131603601
65836010
98901376
622564737
108469258
8580046
256435976
396112653
35403633
88203109
486476985
1063883
196654215
371873665
17072482
57574629
579112826
198975795
752892275
206559369
25357341
226140022
986521
285811588
36097210
20811922
213196999
46781814
63873348
476485544
189594259
16883014
42055473
156750404
169754152
703424276
51484522
285005441
184542766
97649889
368884165
38547907
297878140
44626621
619760414
237831058
6356409
27853
576580911
188532468
426966904
483491533
322103702
203596126
260169859
165301519
260986239
208735565
518965410
5307150
302181644
504698650
562366926
114177625
64223410
212669633
573106244
317808055
22066267
46613328
288892326
110987353
490548580
611624831
145887623
74910817
5376926
97759675
474230946
142904700
224264365
49363946
6381670
7392091
472388386
100829479
421020435
187466665
475292773
11213832
53067840
471514830
91306143
129305806
203159471
347992633
113269907
148740605
371856496
168501363
369463586
211444630
82204381
49589050
90094120
9955000
20916648
24001672
191884616
35909172
553078528
19323601
14800067
40500579
45236298
27786853
584768132
13272734
437095126
309677844
42496515
110388039
6501337
206849015
312841373
360452454
520367141
64169682
235016992
7489213
34987826
254271974
650870502
493527261
591778259
26072087
443743282
54263725
645608626
231093172
130181681
493214764
71680170
411660887
215751684
223161737
364265616
171814512
173662244
81118502
-1448678
618682522
467011462
211761423
297603505
121348260
246414443
267654826
19928885
148976732
191437312
5842346
151722079
489334606
46975422
125887593
189429240
266423572
163326289
212065031
365751859
242425348
581421830
98797943
32369882
100527411
180844782
95325603
196748615
28712033
3666626
266176211
124293176
227498731
26614504
25017322
114722950
88822501
35149237
844724777
14170991
361728264
365134200
34039765
132756894
136713205
458337950
559892158
373412719
176161819
769544600
408229040
201380857
191201142
274570087
123524429
158931193
281968200
273711515
46326308
187525279
137804415
414590784
25753503
282616345
215350334
137631835
486888851
632138
742490194
301831123
349634242
261039119
280598323
317127263
48954067
257366284
93469195
201672423
340062945
80378524
184080902
200510763
150346560
5233674
118863327
147337398
740985661
236403389
9606076
637547176
61846335
44640811
544751479
199442586
119002703
1246369
77551691
311497545
560931725
148618691
581601919
600377907
162887704
430736295
25804068
101493830
353580793
45315168
163120352
146622221
247930588
200871144
203345559
68144921
512439702
724775545
163789498
469728996
58012922
424132352
29078999
264697140
154439874
17137201
144727877
229197431
162009835
237885516
123016249
756129617
209750205
191885234
321255588
61064774
220137351
130791102
36974511
37523656
113187372
17184136
126591403
467220907
323916032
109176788
56568821
343219355
2367272
66835377
346481093
21183968
389100261
133050793
32281806
472248790
409186668
539386187
306895828
28199042
108953454
127978563
103008257
134403628
88307126
244637915
755632894
93178586
818602835
396170390
60430869
175003926
231533927
27715666
97856612
119011564
129395675
206606007
151724970
503909578
513146955
265555040
17757308
320736045
203444823
212334034
320993638
133782694
755419582
16217618
656860388
258267470
366519323
136866173
165623794
148194492
108196119
696835371
140274940
25020825
343146516
459978282
377327043
187019889
165878864
363730847
274822071
22955231
133516009
125505324
211895275
390464806
416086328
31380931
99390626
62123039
96993220
146548853
382774166
297191476
227427664
86130780
22440192
294091356
125365960
140316196
510640421
70152386
650912400
68883243
143155006
67621353
265671236
17755786
743488322
67454874
127443497
84910796
119251438
572119188
141557561
97194742
619033594
340849941
101785746
157279742
209356270
204032830
149965222
9451682
350323755
389293224
175375166
293093604
234821858
205968207
279929363
449008296
162416886
67382779
80215331
26884218
711694485
387902643
7824963
135379442
115532546
277411429
124377308
34101573
187685326
145131487
491833091
320289721
654653094
458929729
243534012
265581652
314310253
81164934
211770039
432995682
153584432
362154983
296061406
461156227
24820873
8424181
58337373
110657052
270367213
209185020
379249310
529943050
133335578
133567240
225693271
116335805
481958658
102578095
203526309
436891457
445916248
14552242
358018435
234457215
495448279
37532585
339166873
332253961
200306697
420292305
397716469
335868120
129757236
97175594
168677409
92009181
621442901
550968318
220472489
413428836
48451827
283590820
281393220
288541216
217101139
302070119
171783678
327474961
638884698
215426873
224339735
152279644
849366460
429483676
263587576
483473
581446379
97784333
400100
106625478
92065874
5900764
133719489
370798575
204238883
213653261
412401528
258820923
523705376
449207011
46726751
94702491
21314435
639399651
158791442
138968808
793809864
279783587
580858830
412410991
143309689
13976623
5749477
171824467
17102475
187052449
323729192
106186152
195155219
770870608
18874034
749020676
10569719
39256373
343965298
198087156
205686052
470394411
495302120
129235288
431399060
182122718
60777156
112761063
541993487
32683505
123843033
118723913
14666474
695147965
319584643
170744970
252635390
239212217
123031100
211124176
84619687
390941274
476834970
13501783
300116527
339527033
65572987
81200482
375776211
536575415
124994251
564709807
127709980
586467589
258674448
263150414
86593431
1681337
61796128
59640466
544176117
263058112
520483273
25489833
78647892
164337791
141293519
540327041
352188844
589572010
157703767
229044682
178763562
6161161
115899697
-92146
213980622
115006228
463490048
71495706
476455879
365256180
110952846
46599008
24356255
358999538
85954467
233021056
282491916
71258428
272791029
424279652
35835114
72656157
119451942
130245502
148507312
264883141
162396604
73634977
15029615
704429737
316140319
436538361
206267604
13413111
510938730
313022004
640910674
261915311
285621252
82373284
69632075
732180808
349016179
37909253
136744683
268198450
278331003
386362592
284941236
86254738
446498895
457012351
54413333
142839451
622889618
364910855
76730537
55363877
579057524
70657954
114662018
218063011
193174605
751497327
295539034
135419243
297350185
135054454
409976772
28614873
678887567
444937343
241707535
140540317
173569602
396029695
605537785
649453915
46353911
47757598
699565194
32914549
659310
252700615
94446845
63284134
374315367
409389438
506135861
584285425
185264076
55142595
74656767
143971519
37450089
179262311
71857194
155919005
95631242
218281228
505491755
2548075
83516781
580103740
301688034
133659514
234732348
356981349
259761026
262488274
436327975
13632853
150453822
69482076
473334899
244247979
26984480
9108588
135809381
105173888
230571962
373836293
233733063
185470852
249425645
324527317
454351839
184422857
426024289
588003766
421632706
142223294
22948024
556175689
108181762
263712843
22661730
148805604
495200091
256738611
48801182
123655295
75797625
168431752
305430320
358471352
798085366
123838048
349675064
104978224
301497012
208444543
28865430
22004265
108527286
288005206
335764589
368780446
5593600
175605300
320482205
14916889
48912666
111012191
107133269
445512
37817145
269952665
501466989
177496823
654963553
26197552
32119383
26764491
40903736
23871706
350696238
597344484
38308693
71042292
281701994
82900438
713606744
105183164
316234905
584188263
13411399
71507863
178942558
332224334
60575418
116718681
153587775
682043723
625811977
35806800
192146486
199857040
120332128
64687283
65791
297620856
45952435
347125879
158050553
103158722
592452
180103865
488295155
374797974
34789638
48497626
99338983
27616384
397766496
533669215
137678059
7955091
145960632
204851071
344025663
200604439
280678755
57854491
244745299
185577265
460829894
29086692
150959754
13370054
276321436
724541228
557197615
481601457
233170759
285338096
216795272
483378077
11552351
419608699
564278171
190072932
106389727
177194652
323094773
116909118
242569871
158262408
111903509
313460702
26603036
157402510
124612915
504236572
113256996
72629300
63977412
567964099
64072966
25918352
608678418
468516150
461018946
378995754
20803884
234693082
325689800
173254683
221727560
162697433
103311141
703879377
102330183
217605400
273892166
122210083
164009190
82288063
439024380
280204330
634213100
397418875
22176527
66082533
119248098
184096796
300105189
76857596
433739560
17952557
193859385
192102939
245207306
519983050
499885552
253699318
162197657
407338380
4622905
402250658
155010145
426326872
641060909
87062102
323900839
61524361
216380793
58871961
254781203
455952556
32343476
19862364
249041218
190234322
9704316
56832663
40191200
58001458
47438838
5384565
39916946
147101721
111090538
238782620
217649027
498023861
224857520
318799767
142621468
496676317
138747733
383930536
53378271
70062293
504652314
22960852
279931656
601315831
87613830
466671174
79030471
236321773
550541606
47865642
65347332
725634945
589387168
57927160
1342501
409121105
551798827
326999251
168556381
6830327
128418358
404083057
163281021
88760045
287991736
44659012
462830264
293333530
756480898
224386025
55885915
324523956
57400832
630832414
472277867
462308478
745548710
341890544
26555393
307904636
251748318
481346340
12949357
270521920
641096118
609842839
142411306
62400710
557200643
7796247
65191407
53868579
250610956
206769816
146966270
94709451
320783601
20990321
131649544
315417475
111584683
154899666
277116604
809198666
544666882
385350247
4287335
466523160
408960398
280840307
60472091
258458919
292321435
169637411
77452616
115301974
20512748
47179387
297045060
112530845
88224324
123553055
378461072
28412111
262198427
342050957
5872068
505995737
706004020
307996063
355251
294018584
287683146
264485803
570012795
664059745
46886416
9014212
189457548
66235198
85618785
109496618
355899978
304306184
111587060
273582141
187606717
656957213
56725073
305151175
93604904
6084735
341806379
234985328
32336231
354394691
47876564
790581540
393298110
48961636
469181148
40760630
20975013
114072545
64686663
1680448
573747623
749770
456113350
308651191
375691276
650792078
46594722
206426295
170946717
174226956
51238058
243352533
196897361
307207117
257557563
59915866
19408654
295515130
110686029
600998532
116286705
77219886
306879979
13150194
436330345
226984428
639782958
131149338
445341377
57465353
190937514
261898162
456708566
9928812
186897176
384830695
370341288
670771050
453917612
91770075
160039005
464014590
111413042
328427745
69528976
209296899
249965502
45285949
76670082
265053775
140459614
66330680
420986055
657349632
501619285
486999122
84038736
449618149
17428901
388874437
457377603
5611537
22519919
3911891
7912883
127104927
205510194
34171250
94498063
207047016
509432311
24539432
37918469
141723146
37333888
420110272
274161573
658815441
54841768
235538735
508544768
16222567
315644219
253405213
34892349
623369575
91351554
87528345
95253540
238899870
253209611
12014025
30949008
312496364
413099422
97907518
144931300
1425154
268384623
244663621
96585507
332732664
504469882
136011423
547161002
341495080
323947842
367648415
294649124
438344971
13852094
158123451
596866620
395052796
169794751
95069045
59263428
22730522
649429359
396251272
145640726
460987810
103600527
454940346
384367935
767852987
270558260
474077984
85035001
129746834
272116231
62972347
63914777
194778878
370355327
224229042
576791107
341658288
428209944
374864870
413266197
43652276
184207715
298980800
204367160
24672342
507099631
37823482
1711340
71015837
16522059
57832067
273785530
414650070
459021011
341540748
616493467
1952050
209323945
72893590
410715562
679178735
224988324
741926015
16715281
404769819
272640620
31644292
301280639
189933762
559765846
69668610
38515788
36202562
138811678
140517201
15509109
49900970
262689006
60137841
469828958
206553025
125775841
204657857
245312440
183701601
96260296
182162619
66480408
489163866
174221981
331971716
182733929
105141584
342588280
474172922
383259781
334447565
436280536
302385933
65389139
138053346
407729640
577859702
89778836
303855938
141540379
27551432
116108735
521133347
23767003
294450050
586954144
273962830
299961874
85537156
670941311
597756361
482739827
506162323
182355476
160416039
624585322
330824650
74164152
486594879
653703010
550096154
263924805
125242347
215298256
430170529
563200537
357153890
156360541
284985061
177153093
69402017
96885829
269927827
40533627
216503846
96236415
165062415
525630309
19474029
122247131
113248224
87752011
16100442
155466255
14274811
246358861
21495801
260767231
74996525
52033477
393742020
16475260
22525846
77886088
710423489
25945458
448573515
33908328
589401886
665254268
751687210
272820285
411850210
127471097
254343798
524737782
21695806
104950289
706923113
404930498
812664
110120931
159417125
37540177
125196027
41929091
205284103
155912068
165886321
49468531
344844549
442517924
115909179
153479200
112012230
132349804
102733685
58836174
53898241
66710160
66875911
113313688
452170339
252472099
28138898
27556810
486498391
40555940
408980427
111928416
48056826
268480043
645120259
60050957
54311408
18655784
60812260
542507717
253106874
113191213
125168248
32406654
416561024
39558318
143092723
229854871
634449452
31692258
385790420
737896769
186923458
564617263
143704037
53058518
629818844
163601324
75980028
45816649
33638255
78893061
151210584
411015485
247869146
277603544
9525683
503781691
27686817
743190783
333869926
7142048
19020109
389884863
54495934
2149330
509386436
92661561
353719590
1920333
544624668
387895909
539061377
121154701
22308555
327499926
83802614
308562321
426838415
251117670
24909798
331008092
40714789
508798074
551805673
65789219
291016337
157314021
644738110
228101663
167654093
548644312
184257276
203280248
411854093
302046923
318335233
5554980
104959891
9766780
45010281
741249116
318597850
42990900
257339518
328592430
69642668
241529913
12623061
105596400
2199912
266047980
136766763
396644653
15969150
243700352
400068996
451004502
170331619
14613948
529140408
210040984
715923717
231506613
291961880
123273013
300578928
174678251
145793477
121020666
209968263
462785565
48413791
158439865
405552944
192739011
1515792
65912881
131778941
245655164
391825109
202844810
346323981
578523782
372664532
375649112
541374174
147173958
284524516
698054440
146532187
273390784
67011102
124247458
667838867
100777683
228008233
318881868
19666240
78379043
250245999
95447039
69437073
231706884
62467541
129637168
298918109
30681111
472356544
365938190
50858642
20175760
399662477
389180370
863466307
3719974
109873409
301696724
166465793
363683960
292580044
825705974
84424543
4195657
3354815
305461724
33910696
6936394
66048143
29088367
254151103
810637172
89297683
83079722
67464740
621875245
258947738
467584107
39724888
136697130
344992125
422466030
516514622
393520486
422543209
311002456
435648637
93958975
12231147
69007744
249364719
541665544
38372587
5889930
197161591
68669117
202694435
404783954
14910265
195593685
90330821
542963979
446279268
434752462
329706818
223422364
297788041
355889580
150564649
5426482
267098013
34001252
64311493
536637432
35231094
366723496
38856228
509614092
400182014
93354401
7852141
1739826
358780378
206802092
27311763
34477137
50020765
166592102
231616466
92638719
655915624
640303739
145569060
150730363
45973147
146522077
127734632
291517724
1054967
24416719
357673685
2595011
13387077
36534352
388796677
20873236
70687731
316200618
92651586
177329116
402253243
269329280
190936927
145413770
36081595
44317564
447153163
513842073
36094741
156901606
62510786
-780004
504685971
444914973
745801674
77313449
184918829
389820738
82125150
205295102
300723906
422205123
212101609
291173851
567439744
93279066
358890434
236071003
370891797
13181009
108187847
47124165
375637431
13705145
159231688
2968885
321694170
379216928
116056752
472866712
103211401
383951454
127616286
240508643
709974688
437332177
44240854
64212697
278501612
461638709
66633569
61323520
61011478
164122506
16099740
587325251
43213898
142220163
31559049
340054872
199028137
587816196
39880867
52527714
172181949
103086298
559984659
112439760
18059537
6510134
184621921
429734644
45683201
641884846
80642262
400349494
520418970
378483855
167988090
247401618
247225992
74771685
563663410
2405279
54059646
595813996
124869703
93990924
36670384
97715306
53499063
289550163
36815426
111240883
68299578
184434701
46006935
86554238
100302961
114217032
100129033
289884449
89769722
613384680
294871417
4592005
249735450
365670081
140303489
73222249
204229625
514284716
756579273
467009845
15242142
127755765
44863662
131743311
324919351
690163530
426109460
146780270
253141194
58016402
80835739
157098352
74649728
33416703
130922864
702398198
371503950
134575474
462304355
157231950
104911736
614858806
297663474
395468518
480281981
90006589
227246171
83351881
413247511
813970683
323242845
92373559
170464268
46316079
745409889
230652718
526326894
405458430
128632720
230150700
355170315
43677850
461365250
83409855
137374122
78882777
136711874
289992743
379050790
277140555
471975296
141695127
179648693
279855647
306943371
242942763
367358772
30792098
100879415
98458502
511191773
26308670
8969141
64618817
25576060
91647776
405409984
499851051
61164620
78629486
29266428
539202379
11676874
78300606
359793799
366188597
37868015
129564785
5416429
75632156
94327487
426397329
198329632
301763179
35058848
447554988
369170709
224757660
49263915
226615230
119861415
310935815
249918925
126473638
239358324
169862509
32787489
37436708
238596920
64018581
362137842
330267047
31242140
130611010
43872256
232472001
161609842
50475771
168123828
117011851
70071039
714342867
539072514
736529205
114824770
31917128
479172534
402021931
298490022
13985107
378033600
304459540
287429482
150845546
82127241
233472797
91072033
148303909
420032187
223565919
26435853
424606577
472534114
286202674
71837846
881276797
19345036
66910790
132097994
222145603
78336096
439578997
142645749
334353291
503433727
66234563
4704906
2196736
342768494
148884695
144116705
683475737
271205710
139640891
612364096
47670728
144435896
569989705
345532037
285349189
298194056
108054170
112534364
131240265
530696663
19964737
142032091
154843073
221216199
90607280
350999674
412860432
376111049
36498395
130923798
488142705
176956697
603085194
560064255
50060221
330662997
523719762
125439830
49945605
445574691
7376120
31410606
263142612
628518921
11926259
692018974
91729500
195472532
594541293
330427128
305186949
29757064
713588402
180944173
141671347
326575258
29518249
94845338
78509716
44176538
724286
46516375
622938148
16329500
239829170
288406156
212047801
515070221
116918
293853617
299410252
34141304
9203832
107822336
624217909
261982146
87350706
219670488
417711688
350479244
753385400
331145239
134425260
234205426
427720468
139056134
297376775
364872163
135577808
312389853
267213955
189700832
207983254
132699426
36545328
442146815
321460922
3473574
707211708
85998936
105248291
52389351
230540979
205133942
196951624
70662406
41162821
366250470
247233459
404301388
234552572
93072977
708641660
225137515
100668627
19989663
252792523
913169
107041477
296905171
481305440
83008911
78030349
433678025
12183562
58221746
54157415
78486812
459021152
618639118
218428780
6485862
289091988
114373403
451233948
54295527
184166468
315314557
187694099
25821174
153662457
234884392
250969177
435194218
366023793
554879828
99080269
100389497
51875752
446854958
166626318
315246244
291110968
32089584
25665714
94800401
48575450
191775774
244829811
77484122
47742155
46981184
18399343
345802565
99433435
65969731
242236369
242259219
197178615
571900478
44877626
455132026
23279907
18645757
732767397
276544887
12991711
29531826
389938376
16323636
321122752
249502576
68000998
81611456
486279094
559564285
253628505
568540154
3100182
149152821
90308428
389680051
295020597
36975758
400962900
192377244
250460944
528218648
480618682
242812606
270896030
363074288
477809795
72396504
192459354
6984720
35915571
246597249
165506249
618334675
330203980
273232690
621638028
259002169
474083013
433152365
135568871
385936109
81775806
500553553
34076220
209987292
147248772
210114501
115792135
214386169
498439920
56725480
99021353
85949140
82831096
95568701
27712575
538841522
195452549
179759832
120584978
168245176
205609079
371580678
274301975
333919436
77094701
83228924
59974070
777472876
266139812
395547131
318301221
262337512
652484218
109982377
273858550
135366736
197671722
29835792
542773589
325189298
109487477
713285185
197910446
132885894
196509564
61101809
317385680
384743977
346268100
11425613
357563264
3372336
49939247
4206977
311665857
42337899
256975021
505686578
440234805
38090525
42995181
197166541
64619073
123631988
306377758
151637758
254412679
49223766
508877
259136839
184887642
463632986
338030393
385856354
316403034
102998310
149965932
18357583
127229461
143908436
149648044
130922441
410160248
112310806
17094544
163421295
32729226
358852191
315739403
610491151
201339844
360358032
8446840
353838485
610168731
63339985
18247097
16937664
409591454
75181266
192988341
39170685
55046251
302089336
161308547
89945800
61697666
202571555
162671611
45414823
399251055
6746074
137683853
9804251
257785468
17530146
424917351
606004
420622674
70368941
237241816
479731835
263264186
88482776
44888609
18057054
144015410
558332767
362459611
449458278
23661549
159095495
197563128
462948883
119276013
459626244
5045336
478855787
44266292
96406935
122153183
88493949
189164357
40374448
243600756
198798633
454410955
158019087
190504801
14221516
443318936
846290
100928292
22262267
148970778
145753836
347380363
82188710
86449093
68216156
131292476
128145240
427829246
478132976
141387162
122075014
33401835
297352243
154477947
63137955
113371191
127147342
172118251
120654812
467930480
72620647
14015586
10934293
43471660
252451323
399582057
205698177
195579149
431622601
260477798
119916759
515752571
482809562
51264647
276856245
116019210
83549422
204070198
102560348
668969884
360617047
240506988
246664416
590744136
53246663
34775294
249675297
478113250
473431608
135885679
87237980
216952696
115793275
451083293
65830500
460531278
645045844
361031165
78160136
112805421
272911867
116656044
262821213
489804685
1795530
190843947
90323679
643947287
132472902
64316878
42913030
675121836
220673151
107588318
122792100
475912092
90248996
100801568
496480729
307343239
432010591
374525210
507139409
286641465
31517806
36185801
272503404
794274748
131198051
77114233
650626264
29011041
16697922
621969805
471193921
288354907
9943272
111355095
211924234
123453108
336143363
176122020
127914612
575082365
91214439
213093048
47624209
428340687
237433998
560807951
29722510
328649204
12483682
65795052
274293113
452494590
10638914
118423492
94447742
343660923
558323788
113102978
46746715
92899384
353082868
24088162
231674317
584733582
178173308
705033603
104845805
106991075
83174059
70415420
413168314
225161986
49000502
133030384
188668068
11176746
33900007
290764047
610341446
526095939
33198895
117257346
357700507
250327051
306623776
367491448
142280383
157185136
693815428
179190807
1356975
236041545
290325499
5608514
68256135
59818512
46077155
416475342
77670352
239312250
369183756
241424894
398785396
432712813
92617206
351013710
76318482
494609223
84533574
316824
386983144
16722902
371262825
713831043
352250883
291517155
516904569
134404233
319901392
41816124
418406858
245065525
187717538
156403546
34171709
68176913
121598830
24555767
352829066
297523167
338256747
166713905
288497031
242417206
581806821
114066242
10862403
497703972
27100703
399963983
354517310
269813478
676225777
429753688
73435697
506513342
27079464
542646571
523910548
179220309
149197511
59606079
12657310
25442366
46265174
60548448
66818727
23864477
221444969
-1163371
27281486
432012237
560675820
151901690
80772451
64730056
205151623
363060017
396075278
234536251
123276680
17327768
166777027
367320447
169568744
491530813
3271661
24368226
330566615
91191530
142500274
71623046
77966955
296561545
57814089
521903919
152323291
107364298
70263845
86381179
128941366
52957921
277213573
668496134
112206091
178948095
122668052
493853669
70672838
463083935
45106372
43467313
29507126
58041022
107946468
49344627
177265238
85452236
283778109
8774219
110881740
197310163
745272891
45179925
16217006
15351865
236920139
209829888
128670233
321068347
227796491
48707410
170929889
646876563
100940647
457410947
27069756
9301235
238583588
278632435
330239181
467424740
27274057
668841422
705313395
75955539
699460983
416244890
126055577
554176305
258057261
73416144
138039769
20277228
52458158
419300902
603812
32037811
181474286
304144397
26037645
226792092
46563772
17799415
325409690
201256061
379494864
187679040
30849921
29413106
114982646
296237615
245968130
626404581
3536687
483292121
49126418
8804968
407897707
141738740
366185699
349741912
384899157
421293426
11163157
240536144
657734317
575958282
646200675
74868202
804743984
20708998
25302064
99212751
41249609
576050503
204944532
252512630
33721059
494160397
258017079
23118608
193857397
51630581
97528947
374286442
189557523
217728110
387881539
416652666
37107868
669943736
440416871
240815962
128912779
56197876
649955973
160728034
170606769
28980436
22686485
297169789
550275106
53879262
472424438
353660607
127122668
6680222
71408681
21776608
627329646
30072324
358994970
177969887
12429862
32619630
230027757
286356811
7901051
256002784
531468954
564325952
233245285
410539008
94048522
89878476
380658467
389895764
101106124
171533256
450149590
192090625
28446973
174859246
314503792
108168522
255277817
133822821
78108027
36329074
408327202
75428997
44380249
464345339
129467405
3173309
224449787
338717490
191849704
20450052
104330460
205125308
149398911
596233594
258929236
222086824
431470179
271783790
320357331
130066532
105044878
210189611
14082170
25327639
6864308
576501389
262161333
98327764
537286338
134430903
473764545
170470846
195105909
260142058
93554811
173479898
163254387
92953454
279365857
257149902
9288675
182587038
272262825
549202497
44653367
46129392
105595388
354093901
4994975
129027283
284602862
274011496
1850353
89935518
41690778
55349648
14369521
10421210
29829826
801117005
702644694
39793112
559433177
750620698
128162575
597165097
267460628
583426110
451024452
132586790
55206865
689519251
552377291
89160006
510061636
84687147
34281125
102751307
104152511
15735206
182330344
136550993
6740114
101266168
25954471
7262394
151602442
44276024
225122807
80790637
71358484
531624706
610526861
671499933
141902534
507476804
206843447
377183911
308400428
221164246
123544276
475148894
238608478
111539085
114083256
349827899
381441347
26466844
15098755
184215744
340835657
23441697
57511765
207946880
338923611
189108102
131927055
229503709
205409725
284042349
112404105
53073267
1977280
400518147
670071359
527361513
650123
252858713
691752478
217556033
482855535
481678378
351382364
6294718
564330023
331020157
203200926
53684142
16547926
196933425
58508759
32653180
185795223
16532338
243409372
624358068
443842184
292126023
72533047
313036593
689709826
544629526
185523297
596331974
378333057
887873
6145327
80498616
3441434
250430727
196147116
200755661
64560603
5176464
125768412
147960819
209363268
180613490
337667331
89948837
196934446
366919284
206388737
82163545
420629438
65935583
196751867
96453842
503100165
336406705
50088078
24686814
175550075
412901055
11968426
268611638
258331341
202458842
37217602
160619947
173957824
379423975
75958246
97579627
184491598
79369892
696023393
183280382
516313290
466342706
71165957
271200051
230805506
117256362
53979917
23849093
547681886
512597098
339903820
57846051
760966722
156510923
471558163
121990621
232127954
319251778
272458782
38553916
512883941
55910074
381536220
455143755
271271306
97396949
640408253
274864840
100314550
23118700
481778356
573159749
2295208
646147106
221931638
477558320
11847285
228244797
414793364
694006594
186542667
98784753
597420942
652159552
462245994
377280391
44160116
102284145
182420958
106252061
15201048
207820819
11494435
192431294
15382319
102167113
979192
757422340
165689449
207200921
17007260
62190500
149850744
282470289
293982135
612683358
188250471
677261131
708189134
28152026
337128441
421583806
72341508
303277496
108320488
183486761
361825937
46023905
15438582
211503977
22751038
136951479
105097975
66146749
184010663
409558885
136027117
34739744
514719415
8145471
617787231
69670779
341784148
192184984
48001515
107637515
50161704
173363409
28578068
695341672
151060474
848902923
76097046
776031179
507887072
679873821
87205681
216183450
744541465
10083981
92428851
585637768
51491091
802064210
121646610
102166518
523819162
407744584
3175777
38680885
60826991
208697302
206309340
649574994
191895617
691673604
423097575
415108860
413692357
18886526
26802343
178028950
458699151
640795690
406499220
784604435
134458462
49190878
72301247
524359413
10481727
537646054
170584005
237425594
198782162
697562194
356932225
78277568
408694079
156436395
148072095
618932239
70832175
427991648
412690223
392841912
188406715
58146348
34452786
143189763
476444724
360272319
338664479
121762391
123559851
64384666
505077027
19698207
239566351
476759979
167646085
194979252
51593830
199809109
118172341
3415744
241248461
94802198
7983111
213917133
566967854
725834487
535756394
21682071
75010877
15747703
121623797
114851411
477478630
3509244
279914856
16488486
447772233
454931818
271573417
164641157
199784814
488720441
818970311
193129134
127179049
83950066
111436090
182160844
50723285
32554255
351576188
283463056
380023890
966893
265405038
138294562
536098040
132789174
383610644
284867431
672560375
20052643
314835537
412861318
315829038
226575440
219964063
226666843
728688
140029076
629442020
351360241
580042027
6755392
346144218
422972678
168543149
145433851
191510
263579873
339648944
232604052
20035633
380042236
594980205
75077237
184749622
1020077
18008056
50656589
73145681
70155558
438900178
30899738
356395273
3018258
454286062
435948219
183056534
269923257
812460549
248870088
37437200
25447964
418709783
56829948
181949979
543829396
96334822
154370380
131265145
827528955
357890696
75757886
636305005
51419650
39529113
396835732
68873454
400067833
163372843
115298621
29828786
229191125
223224264
245255207
380849908
101731969
106377297
449845333
74240031
880328198
36220145
113207654
22948487
127690893
320049476
45194909
124144305
304948910
420661071
248368847
177591372
3258455
251636199
245300975
311690310
9006132
106518695
150868487
350870387
1047024
226338625
758362142
67543555
147912259
472250722
175211102
83462861
405354539
35395342
136264118
635866847
663386231
128712646
48256513
79350337
598930245
646671724
172675810
256618547
507400564
201686790
45632222
510660823
255076463
399256072
177120298
9857872
72912419
257417705
254616489
305720095
441786903
1299057
6761179
27938300
239360127
49723815
99802672
137856941
6559374
424919044
568209677
1589349
514653192
671385089
530254715
129759826
271494584
47133720
158672087
353683308
362382404
110390150
2617431
171077212
232309187
656493874
94888336
96644045
10535262
450245795
470654759
98719465
25965514
136276457
371865838
192182425
238629381
120385209
238073930
273157424
461657909
127941728
234896288
238149203
211565695
272703503
21325346
262802069
387317725
93152656
781354823
364487976
289242852
37184184
521651358
82964857
65092188
219847829
226639637
481838123
114653196
188466751
542237132
252618539
31286085
207417668
10770855
253093325
168011680
101957973
192991859
211834127
576985368
461652884
54348198
92823635
437812994
171600748
410438988
389617313
272356333
289912672
357348110
91045553
223879610
281119508
635364702
53442169
42151006
115037791
88975842
259697766
79881458
377201958
204999336
107615999
103915308
35525708
296254834
675138588
271826566
262405602
255555176
271650437
60052107
323147432
107656090
189871791
406285544
160287098
161492454
493670239
190371
356481931
150705318
71985460
330983763
379468665
401053698
51029671
49662238
154276722
282552766
743786910
377374533
300117667
130745786
639796643
447957139
57508931
35513161
139792563
74900388
402938825
13700212
101010580
206677155
248321517
377279426
293651326
325752196
411333019
40659012
2816516
72708686
318179541
95699785
8082300
474188698
17068095
52221060
44722160
271593587
107740094
88236608
117887982
388488119
42682545
16511652
66685244
80070754
190973674
267772973
12439540
94424547
329338229
228370054
246382241
75403011
358869782
442951819
342429703
101441568
525814012
26514853
163780670
78185880
154351696
50359931
168658218
183379011
140401490
286196124
29884873
236158630
418824442
406866334
118959693
601102809
205372247
599063980
504665573
584471824
245461642
187634804
395423147
156866174
145518530
32115859
209406548
51718600
24592862
328867902
434813106
497129380
87141635
50683856
372025145
46880567
361339833
56516382
24637370
67492099
179013226
355397084
436695162
52011749
53767736
52761596
312697793
24153860
45693807
445714429
405128057
226361204
391346210
14036065
645929753
21225542
21832697
214472554
290225395
583125078
15782034
120485712
214182108
403502071
446840156
637009625
140527056
615309231
555292704
364560779
91628376
490716453
40229403
540609182
139304954
222140419
228423984
42667683
55776813
263216186
275536806
658964607
506089162
72127885
126092976
414793502
186246539
765438160
9959262
155979054
700636547
34709754
109591224
79935330
529479329
329352917
744569
9444563
335197147
109837620
404557084
1402733
175703224
47608951
116340468
164014113
323229137
81088067
215328513
89587003
84580506
152248807
13704987
110227583
24544987
570915286
410649721
12293106
5602064
536670495
29648991
1176097
25477085
369541982
458765073
610659150
8288420
410616602
182741416
314252225
49924423
62635674
291716754
44017534
315305308
674006784
414282647
338883397
357712881
48605866
4343069
546158976
432414327
146049050
276670139
194105823
113065384
52349706
50291372
412934088
118755643
5609026
81019859
174461523
420612668
342047259
54330191
132512693
382221128
436914865
294532013
406489436
2422655
95242293
156136843
732848742
236354705
122785158
44907
24978900
48237556
394889694
234134463
154348269
215928832
72724925
87227021
103696502
151027642
141254644
252754622
141258354
290294947
509030922
5505681
29527768
324605146
101312340
204898181
270382950
164533519
231854370
675679302
105549392
392365315
117981003
241156
451678261
61793052
93692272
24493018
35436605
30594712
595677990
165211259
125465041
432790146
215401654
17472235
212447779
576994287
264207419
647718886
4426895
103056596
561623203
148962416
235318823
758612310
14064049
48261978
218518602
490077768
27740539
91785245
804665578
109052694
622100084
111408531
3030637
129318031
322053024
412152980
533089615
345298634
448945105
90710132
370467717
279768179
524848049
233435901
356145928
236313462
122231563
5490178
554646517
410546337
230499440
12700202
235808457
14023595
549504265
185287119
39975984
17974557
150685329
26504661
160344157
259415940
23834654
505299868
81665993
123354846
25714859
62249689
254106039
236748417
524932937
161290904
643741633
400936882
114249386
578466325
518695479
705582241
646835472
830454322
10621870
36060325
8875856
276251871
79803028
434827241
43643991
74998294
280982726
86005552
566601153
78667951
15811146
28808916
57408379
126241498
708141607
435738615
111013749
99438539
450383082
19375770
331350078
618917410
16572252
412481956
106310820
51953922
269591895
126969482
7483192
221133677
164710636
770129457
153481910
26127221
26968998
290632045
623307650
14531005
59599213
52826590
205149699
338364611
153693177
57833255
37659550
186057117
339389489
737823951
389775252
20324122
132589107
39414327
150480023
228841196
34475146
15424449
32443937
295166155
208771582
315605199
408135882
372072575
118157804
939521
5079322
240244959
58315635
457935296
431789
96546068
200829532
659657888
97839848
107738510
305462787
174384445
7092787
23143281
462616726
28318144
37447467
28171457
21551188
323605185
53592411
203188044
518936317
129167599
97123629
358373071
524650614
10945772
539167535
768869666
151669745
169539334
379552597
46548999
82378846
365160472
99439288
465266357
162097903
296434371
2919078
15969668
152838219
292211248
118924819
487625215
102764107
339293069
309154957
129961602
401768573
158714516
471785889
353287962
555508904
38068819
354088534
373096639
91052154
136610255
457064197
47803830
550394114
17880851
359263162
65685278
16121805
369594782
48098930
298595621
115935215
349255527
173895738
426890941
37010002
359320805
173487372
218734757
478993752
6931780
161676715
2870241
95552695
6359933
198369142
352274715
546475013
548404877
118291173
230876878
556492004
298877539
51593308
1548632
236488709
290493416
218552624
1168712
16751710
42415880
143141302
603510679
115017958
257529397
591611262
412801175
399886811
206210505
22710852
213522245
21357482
92847231
69282596
261462819
153342574
204310598
102667064
76421188
17095868
99356128
3949081
165265239
716023893
371609690
437274499
264900583
32562048
103088294
91661179
398787263
251076878
468933327
333017328
217697971
381273367
78623868
344369037
10614293
271474440
23836153
592017871
366412042
84221972
417133511
435429248
25499398
402814557
750578494
27920051
129654032
198726101
146290792
421078239
36732539
593237276
385761636
608356289
165552852
194291503
41955318
260345299
298170493
726458690
498357828
22571924
337113568
229418629
84906436
391997868
476832707
239895913
302139533
61130805
475946764
79429165
21087310
125763558
140293938
51344375
176002270
625732528
398088396
563178663
332793603
65105730
699111779
38413265
121662114
357670887
29925282
726182667
274876687
773948283
5270686
376148388
167837182
89151288
31261058
295252020
18790334
41367369
201081280
485876821
104167792
652036632
331555128
376017682
237605820
432895600
247431691
495724344
117779718
-82937
145180422
527282524
582393573
579321927
131343106
29952412
274754822
699055869
187140
378058736
606794138
7204349
147328332
80922356
527495816
184979812
399961108
222987826
20824673
68479160
146678079
178837528
230494115
17705222
268061112
232710292
708580380
327972816
13141373
54873728
583685600
96050049
297029432
417796672
280529152
190398952
85987066
276325689
125862791
568262724
384365207
50940246
58058928
260771331
262355559
728950896
27230537
5184473
125387312
319286649
289792606
395808535
149885334
357789755
309523185
339030198
262733620
177432507
559068546
335504707
261003537
32421366
98312169
84900058
510079586
227746924
197811550
80060246
271383020
67594546
73790423
95507555
175892654
428653684
9628465
20220438
88459397
335321668
225809844
358985827
95557481
317075101
67506851
225820301
20589026
18997285
130506979
104838921
244467798
210289580
311898848
282187721
548008665
15755543
136209590
366974949
213742922
23114649
539247175
562705024
478999369
218650324
41191871
250718092
81868849
2302504
4590008
142781549
26129048
342078122
2722173
53011153
106539190
86871824
10693159
427876393
675207500
688357649
99484142
581486080
393594912
319619229
29421764
440054800
91356412
29074133
195630727
255192097
121259602
318503059
662544276
344686581
478624014
164456790
72742168
14317447
345013044
397587844
1973357
62873731
6833637
234616064
36839167
513587646
31471329
29356244
510200864
91051365
81094795
575625889
38216715
600590474
160804495
138155758
246952903
186781142
109757685
231959675
38268318
57634542
352295689
662846920
617372164
60393102
119858692
288999206
395954478
598689467
467227340
273275176
248526662
152204719
742094548
616742204
135629526
140950525
186953279
211161953
101377871
31235271
9532977
154505035
531631250
596662222
564988119
276389071
29174299
66804423
277344347
54925498
127788698
55354850
245005234
124270611
356957769
331122611
121866514
9148768
63271675
88969034
65117571
263890148
24469188
162982665
154262596
741007432
537543194
307381432
339442503
179008549
269852721
78748794
93942675
70438588
217056175
143845846
14908249
578417010
734884282
505530864
63919168
26509895
513672415
41863118
168013069
233245463
322605066
134051408
240182569
83087965
200898472
213622834
110092110
311073880
569460512
816347627
8621299
138931861
56487793
286212781
619723166
451306538
727243277
786409
577237195
51048517
498699945
285981566
185578727
224051558
6305636
129446750
29352894
77160572
19522500
188024173
214669803
553242081
216955836
589962419
383629748
66052225
370087461
152452596
347329093
169395499
19180430
86231722
181290143
20333433
477646093
28185878
412654998
54643089
119948040
457039671
243471742
433028087
571691453
86742310
420331147
797032982
15874052
171541463
268451548
2223148
778562200
7246587
171315200
3984884
53467401
268645405
30279878
622015639
33076296
107241081
27861821
750905716
143729369
140910801
315752459
5169687
158055912
383994811
73084100
394580650
8636238
421521104
264554071
297748795
79347715
29965361
320380607
170149511
185820891
423640312
661813151
425600754
40635784
415171595
317901044
291383961
593194559
174953513
140400336
241411160
378062063
117343629
114471912
20448731
40077532
121384902
130402715
320206050
441927754
308596441
180047385
34397281
239015965
1899621
47832721
303431530
96335828
152505432
650517843
161031792
316447561
128449979
569438712
121050109
200428442
411331415
250188363
69614775
219136696
6651860
376576069
3788753
242147358
167538602
35369652
28322067
308331069
236676041
8866545
362085435
317226029
532657219
139561783
380197692
556289424
34450354
99009217
619610102
570906668
182954763
67429995
389889471
1684383
273877808
81253282
122143701
207550872
386467859
164176539
116097171
161665470
244034102
108308789
423184637
368306622
187401703
112312651
13756253
373076649
641117650
168017331
284367117
509275588
206519105
447827115
12537762
606167642
183588334
9215301
12835406
359299531
420229930
180500118
366588489
232940976
437466923
94275462
474153851
181452346
192923606
635191498
117120780
46356035
183481020
367297592
240951537
159349179
37211257
33875468
314656582
419563144
237884871
751552310
389852627
131829730
176438378
177550389
353586071
184710173
13463605
438047868
54869984
169021334
357231163
30054554
201489601
154306507
78211554
248068941
439373690
143786001
368509320
390932816
382517418
32267520
23261005
338563328
124115182
589071218
743983289
336866224
105679557
35060700
306043392
121004418
104023758
41638055
136623258
305699006
251647704
401128886
59940496
33244834
210182659
265904259
54929489
199410701
479884041
162437239
359111925
543636994
686809951
616976442
91563422
29547919
371571696
61741754
18025285
121160626
73082124
301097108
65615828
35640822
437957631
305649801
677155751
57501813
113123556
334885043
118064193
520255149
226163220
263556622
15126869
101197809
74640024
165001234
132377559
66099411
82704876
44753823
746965092
495985334
155970646
230413200
400228274
237642143
220882240
224261101
316289536
229901409
113232594
42945104
37970706
530234945
363592391
130022912
136986150
45584021
113989326
91312333
350484561
381649533
447397695
182738550
673278430
276869701
320500434
573733571
34630720
103058801
175722705
116859136
36290517
152532006
132435131
35592351
141340502
238402828
79446204
276066264
739320329
35644610
717723986
559186495
127434929
18736213
-79007
111580080
212880925
25885740
57852927
140840131
232987665
27924949
42833296
77752393
70425011
395014745
491191757
645220639
197053410
254878326
377628367
31877299
84285849
196187096
609814
296371909
94160395
130147991
520699171
646591431
207407158
434034327
354001504
101681062
454252876
120764724
203691930
708096917
194522433
265712534
9054421
161711749
78271920
654055293
342962546
735911063
171794034
173173586
373105274
64735073
186820551
594373655
137063239
269289683
361929480
139913269
275796642
404612244
586503188
66102232
81025374
63597631
3215474
733595486
114730339
230792157
41398866
395774244
854261
106274909
187517508
90646338
548271321
149740912
141682082
48541411
347690012
47636918
220312306
565220611
464852663
101189662
179490159
534041062
451075767
11191794
105338265
368266521
18603266
278558454
63891271
54488429
38885525
3467734
138886061
99688277
185437990
3637417
454579509
151974912
195889934
233776711
58466227
109586860
559324410
603740646
37950767
466785444
150494280
724040123
153283247
120089901
605603760
176785564
442211734
299745452
116142307
304257868
35448377
299847989
252825329
150636845
205804345
265206125
19300218
431852245
155769460
109207244
201019611
238745125
224194942
262261230
73390130
337076100
352320209
112367244
51513714
168340005
291054690
422785964
355962290
185097119
126979690
142000203
254135569
26436356
69985347
358128069
443504932
103475220
579828110
46766391
76787749
88460502
632325061
4762377
12124534
313456653
249171952
82634826
451549926
42351503
755768706
112248259
315007291
37775829
119194033
189183190
586126793
189854098
163438639
125507646
608777929
360409810
157162468
381960082
367204736
108638870
95074496
151576178
521815562
147211400
783744971
328923883
353675936
20568289
81251001
379635023
51051263
345225674
144985466
82729130
4680556
205812006
472306248
699873301
332568472
228659616
241299729
69793070
50100671
134541432
168421109
626882304
175462749
201056486
59481552
78134714
95041851
105507613
352490553
83980456
91956108
378893355
111895619
114097702
291823922
582454902
176367931
213038656
132718071
132183926
76471427
139661099
111339541
85957432
179256504
317800659
411573753
278393824
94085255
43661616
16105587
250699096
24033603
21758442
460931769
126548690
110368223
191808107
41059492
733673015
73164449
618028179
69667571
340592694
163084879
464353369
190227077
10561318
15494173
406629181
30118200
7357165
118117121
2879839
173302651
70188706
16936405
247476270
113897702
18622748
293765031
206645287
174763687
539212255
88144081
59425989
428741997
148331116
86470098
4755172
309961447
88826855
112390558
124733181
276165594
152946172
66404980
410395515
370056313
369546703
216308292
98901965
45703244
197917513
149325082
254354895
84639970
177855903
110955737
114256746
221364880
176182042
335346744
665087796
461658677
181197266
743534937
58695647
164724293
119956184
508364201
525966166
507969420
157391215
122676203
207403267
529292184
591140166
226336010
242976627
505304696
829896270
78489007
100266716
269171919
52067873
212583079
79340404
319800041
102652430
624884414
594287678
745916971
638820649
489574682
337574489
447539626
113117227
153850487
56155596
121679796
202538907
532868606
201350172
171624123
234003080
52033012
77464373
69550051
45370178
647082429
382277520
54658609
23910433
589310254
29410920
24982033
234056104
87946860
7914010
237278977
460782751
35657169
60294234
106219904
706549522
402697404
2162452
58744459
101623005
216298967
118814868
476289013
127934500
15100392
18578148
543494249
201532207
41262550
139052679
31443670
400512395
72129920
36099404
71442905
88530483
442426157
513513897
441713919
242050963
85194338
341376567
219192760
720896189
62432258
272786027
610950171
341942255
231011540
726905888
289239307
254291477
89383175
524500836
258406945
365724428
354329861
42228424
88935637
189298417
390543686
15968235
260922983
315439291
395864160
2857824
202379796
361515274
520028304
302523051
85911285
66466747
497456817
8517768
51542608
186332956
27868086
296812906
31758819
187758695
166789654
604925858
160271175
625949594
201425877
338967454
180701663
633022047
560381680
497054221
9146105
60198031
319946599
709370220
3047957
599298062
49009411
590976917
119088431
74682820
341093232
394796045
480078445
350236323
645058869
25687435
559033580
168975477
201882023
373788579
60234585
139072134
21559463
23807300
606285046
18524338
210789898
39722479
436087613
543987415
114676
6440698
38932287
63987333
158708270
164781802
74647369
274762297
91565301
258668910
228007664
236237102
32858324
583425681
203652783
20082020
428878289
300028007
347281780
662763990
117304752
565202338
241190336
120552197
333451129
418479162
677097285
322479119
388779280
247978467
184539541
27234842
46529096
56327113
661399897
122919888
469440345
132736759
167090378
627802622
107499931
575654986
364822325
228686363
35918972
106403053
237738849
90404192
33183253
632851739
173661818
132463951
13422963
48402920
241198169
201215225
199751366
343053986
252621189
153972363
135685164
87693001
339575098
217734787
563917270
28553397
382278578
287771071
92007132
254323513
258191058
88917394
20220582
44353364
28794850
597773531
32985748
432508361
85752769
388714684
296195401
139742179
32899167
22666050
2892644
496098194
292358346
80747048
295603815
515974590
218672077
88658747
492367110
210670412
72797174
801744279
51210192
282032852
445951791
538879030
59373512
223842307
249312681
232310381
37256077
574534782
593603859
62849528
502644044
184655840
395206891
120558088
32047485
412016005
24810286
35230296
406078649
64919886
201397745
33152534
36228118
43420415
17423074
191947613
208275560
51669072
194854358
371897067
179178757
622715480
61758712
39232761
55864010
52390402
11385040
148553431
26720160
259078125
41372224
420407361
370798999
107545017
52131847
389888580
266747554
34564512
330177243
62683055
245695085
55898933
38579134
534414610
333238183
662560854
135527994
244908844
607488627
772733048
32833864
311517186
84943855
129465765
164218984
60380203
16668418
212514398
318002622
84801808
464681534
353738721
171974629
216832381
420045721
485141536
383532345
18961862
101825746
153550095
394084459
641615510
423986736
59933333
49050990
6488966
103186331
72113375
319435680
6725254
61802950
149398425
490538789
6779726
91220359
96634778
376751143
455176782
156978686
12103349
376533764
456511559
233502968
514563874
38417289
261774368
120698510
78461291
101352309
96378086
632342806
48572729
50100633
61822336
50975670
575203354
31953129
613295218
140596104
403961169
214182072
393364750
258781287
238119361
474325337
408488121
20699375
54151247
102084002
612824385
490216340
972816
185185353
63309623
6679268
644775297
96484860
273244423
324497674
204792592
53249204
277619754
266337743
69183601
423124773
52644697
252583418
200507004
541442433
180460859
132418507
596041425
125906461
54877057
243668194
291864529
80852141
30876703
564708860
606629263
243598828
310274405
188866048
144066493
24030415
566973991
570694893
294615059
149082224
424974214
209706621
192262854
213549079
144873856
482427855
16727072
36807941
205119583
215184823
368954165
85936429
15182948
507310243
501425913
85561305
422887219
342029323
113180923
110897389
329466055
34800307
483867318
249276145
94740894
221864009
272418954
742442549
51078183
213505181
139545843
126839669
389178038
571073962
20341289
460243068
291499026
275372276
721642460
280268094
155876587
2064913
119319373
148250657
27302425
428751059
452903462
431841147
346063101
69089303
317363334
409231675
357522366
211922016
360798845
185867202
214509410
226433356
399376414
486185374
697467786
114395303
620221946
483662181
193689994
168302902
77819733
63245344
624865345
346954445
236186044
60392209
317281026
26663378
43580101
744257
292426423
56620332
816755238
184174090
194363281
333842631
48559084
301254766
80862852
510131715
14339946
50206260
17033445
262818153
174519593
323055
155996831
111387762
131990144
132741372
206767401
160145948
177303105
136946500
65542810
193891950
260059721
1409103
28086691
134540143
159616027
199932754
101794629
120407777
297781260
75016866
246229108
265926249
42832602
593441885
177261581
159345878
34674071
291772930
38466790
433415988
107758200
628753959
408887006
523265110
70845760
57161440
16059061
137559954
361861496
409770006
31447752
126366700
501654834
176859276
184498538
386255935
125658271
160645619
169657792
101098616
164878574
51666873
140811274
130411997
243053142
103264125
372566941
56321614
233248512
60163553
129129077
12982768
555355381
213093738
111462262
65052797
129151301
132930427
91725307
142861367
495901218
12043718
572394732
48317995
422760970
336579019
141666958
333677732
142569671
236239517
69078052
387250069
332683774
153569513
130743299
37239928
158644551
74766206
591206985
373885031
241531458
612212782
376162451
79761651
185620778
324641862
91795262
139835948
51966074
208386953
326978043
261779554
12218641
624776309
245900638
432119323
182285125
263438691
185165768
386596936
286209688
704967238
141955316
54106916
9737028
334289228
209355613
195304543
229166637
117087311
27172059
347226022
166847066
85925806
119081335
184759146
75812493
56626419
240023894
122961786
180612037
31029932
448082279
83833362
119967470
66458337
137742477
224874938
8859660
679891583
343093660
424202832
417077305
98105771
194768372
307852961
188505935
20393476
319550507
310574825
488954227
677222349
85236591
238985271
146233671
88138908
450936056
5219812
98642323
61693823
11260938
19863161
523896296
768080088
36420753
607236516
212404271
670423222
610107936
136283890
460704625
53212852
532874133
191054429
368419133
263177831
426437089
42514598
71220774
334439993
266208706
207610023
230504406
701009976
73435218
650921217
344384579
110123522
238551315
121392464
11571123
348524081
226425889
149556285
333150759
102778548
16400650
220022194
92987320
103304944
136122104
263807036
41279241
240878953
62874778
203802110
73586150
78595609
131532545
413532866
413099048
147669946
157368341
395005908
395565592
282241861
264543391
72012201
61753505
22533144
18086668
180487813
194533031
116553495
287951400
560369481
280420359
38937983
31226150
560724471
259984568
46372323
101212076
230779820
541862235
502798439
41120324
58539207
15113722
443843528
508174044
118073026
171322331
348168216
104272693
481616873
367454071
446612871
90906035
350266323
171832793
177386024
125812142
116780070
25885299
630738822
422813113
3379593
353949312
26193754
145980754
26703855
32626747
13812184
557333708
232426449
31725145
648909147
770897216
470412857
178713531
188891884
161093155
498409618
48411516
250721638
796251669
112544278
20238171
91570975
332490781
211502149
134669417
17533891
161433379
107339933
36355020
498919852
141376705
87643655
5213467
276936023
83371379
230369682
582792017
195440918
105734069
789698144
280330126
103642204
59054022
239226161
588426737
61290001
524622236
570640171
214757200
415707481
102544568
182610821
95948623
46245889
279851306
581001067
277450815
58042927
375071255
690627038
686793648
254813381
87121880
26801582
348163125
128840655
60727827
483552314
254472230
22198006
186681942
618368404
369462
7524341
304991894
557750533
258712767
596552429
39819136
311120008
165518254
4302605
346859578
167185342
58456252
99801754
240862252
512693194
20727648
168870415
145474537
141825315
95300585
129535211
140911685
205472826
193573383
341283764
276774028
57595931
85389652
548273057
538593282
84083162
539826704
358082985
92150125
207353907
8570586
597465538
96814631
152045925
228907520
27361374
599492510
301520660
21374365
9741611
28623584
272957155
11076917
22958880
439937322
68065250
387856684
683894193
569200557
154064285
15991253
23269353
497086419
113954452
647757814
16512145
261739758
177403032
94062721
152855755
67799125
176215613
25142094
200463527
272671913
380227224
172922366
112020246
601787733
19680768
475579409
340293116
191277079
126720800
8183767
70324705
33603753
126791942
21424125
474316377
345371907
408856792
346736771
25803089
688059230
50377185
330238009
67081661
232685899
21163177
328234763
15315374
42946276
2960429
320526536
362564347
44304471
842742546
150317489
446884333
119743031
50243715
240149941
256415148
46754282
9485668
65884206
62752545
533677473
121573862
501550475
80508598
265486703
335984
548026923
41430320
557718386
21664993
464177333
203366206
489424176
179494418
16868037
584040114
118348494
597488759
432818929
183936549
4204739
154592427
14142929
172057418
6628596
13126102
85795057
380670866
11075311
298653198
347074984
45770081
1923324
20018537
37076953
621599511
20955062
188829791
789309802
783991607
14528456
179901219
11599417
293456954
248534267
123922985
352525362
329462848
38062124
169598711
436101087
3460566
502691615
400670723
443306887
94364875
644916382
328093519
79500089
29360121
207093632
40029356
673479175
616856998
6366679
361814369
6015399
853871202
436805741
7560927
100708751
238148222
230916501
128477323
149835357
166124583
135305960
377342260
139396668
362173760
92690733
295932000
599961942
2838675
619573199
523284117
191953441
89492964
145834751
163035001
579602398
108865100
28688351
359030136
687340256
442110580
104269751
270229071
245727439
240855421
153133915
248089358
154591251
335400879
282123434
664312528
12810817
454309167
527823099
173460401
201552806
154311633
687193815
136531208
237569877
450450691
109200734
285557765
425669312
653514391
47334291
528957748
165001982
185227224
467474316
17778499
223367719
563911204
593698514
75768247
105150068
138904671
270920403
630279189
27721452
496593757
470779454
311389689
108087843
144841650
540101862
270513685
156051696
326463336
27438801
386699666
411529557
79220819
124509362
407277213
12593481
12531300
200461880
210959482
586008166
576186640
154815137
92046338
111907816
141161707
28188622
589955678
238665278
333553607
568331546
76753099
73521983
721402458
411817436
148186823
45186990
259116410
133665739
9717062
717555746
139392176
61992957
198951806
3899796
811019517
269112862
465379505
374909946
714263688
455514913
19841598
211689771
125225259
105228621
27685751
242232582
98745567
334419202
31994080
74029591
14783073
173483814
43428462
349717270
208739069
35176142
82528531
96108252
126186217
120076592
15187777
42732082
678169840
267992981
215150412
69322461
399749437
302836543
112125915
204684965
175855764
33334218
625333999
584917506
151857204
73416214
311485842
16262615
100427329
504670181
130092497
43636058
114866529
623870594
139525490
93341563
102379382
520609480
15515827
645367913
253929927
301150909
102721297
346058076
588530904
520380211
93439484
706343719
460065935
85631994
28988306
843609187
177724493
243122289
65478229
84907228
325085134
529963796
378357126
536179321
144513553
229341237
241650995
89866831
554948833
123032714
345178153
592460566
5186076
91888499
490257139
167453450
50346083
677273274
774318427
447865899
79991650
410551473
252854
5929331
699007047
208287422
328844541
29049481
429766888
468774585
145130910
138398409
514750907
135589901
522146314
142486188
40624913
122551408
361582971
160113169
466562730
307468926
84409914
57969119
15435524
224670778
193268363
752608837
132379490
759880085
324420015
216457706
59528215
50652773
659346230
188202650
117234078
116458536
28273635
276139990
96749095
177392144
13440719
164215536
416626991
236280888
830119515
478929994
224509315
441626293
41728752
215122047
89380050
420593513
56862949
333119483
629355312
363316058
69626983
15834297
217788420
135054406
438266202
329278921
78521861
117838733
628665823
119904655
135564941
153262803
409161797
228080799
189129740
313139491
64553651
409326091
253602254
210892940
76363712
95891598
332476338
410191929
877576604
438413224
718332157
414573723
298252649
118193703
348176718
221725002
467713956
108949355
50278735
84672982
460922278
531737746
149848701
583520372
69185667
170075902
466215275
103336549
560741225
213480505
99193754
229670865
360825863
38591807
11061673
240758677
402942264
308030253
404029708
456964827
14131256
284584861
56197352
153724115
6349381
92818261
206975907
112393426
44620169
461475
29891455
624028427
444500328
50336342
52146269
196188879
259862980
262447477
328795302
248540024
221498839
273242243
58119537
53934684
441333302
357854220
584995167
22980654
70024841
222222176
629039604
635678053
91368461
66165079
2670830
331941335
15374345
22436063
303918276
573189595
264040322
91858816
243710011
659537244
398024426
106347471
246351205
109610403
192665822
337701886
125094170
80044045
556505972
254685954
8550284
100037354
26758
208074983
31719122
45543276
180053572
352409454
62001878
470263385
348682251
227148494
212630166
56893519
704458479
4737824
488821563
232691959
271153835
184832231
283205144
245450913
200216250
27454035
6323592
73912914
198154667
47035614
405601461
35773186
374554073
80642603
30587239
57509605
479412646
173057561
266950387
42558792
197676324
606130691
374976499
46569628
322847341
438074202
245293024
229226420
282952435
75119748
135678053
544392653
421120742
231024338
506466433
726244186
52236822
257095699
185470497
42661773
79533782
122978926
461961345
208907641
64408073
53297030
196913901
167243948
221116375
89279233
191046596
149404270
29416886
689691482
14037869
9097989
119060829
515548461
610262069
737944546
786278504
146256981
20857405
81464387
3914971
102656518
192741293
74767449
3423458
82830908
283313687
79856205
240286408
34644311
99548639
519514164
50496828
619494368
431438384
32053914
102416422
158881994
156168770
116158272
200748580
709296370
195542461
39877914
157278386
90540212
552767268
177872674
153493813
152115353
172041165
123204859
138456426
621705011
361359413
232798696
156103958
203480912
14020935
511024019
683523782
70824028
52135816
171028818
285371097
85164907
164354007
264920675
5767161
9493456
141997182
212992783
49058917
666014950
250608992
803920819
129506817
118218952
96659605
695503477
124195991
147152781
547802745
520404493
391361092
38072439
283787765
215304010
97166826
501542748
211866647
180884939
114462573
227080410
155054939
24748257
42057397
1470553
183549353
325954920
116010520
69929952
182683360
342431794
609498464
64929674
99784726
57173449
467384789
482308473
24837440
435918477
38103785
72491361
560486619
166686756
167684013
78215311
67767039
132589241
157459925
25682652
244773582
537030483
324495924
225762209
81743548
263856235
502971498
236447679
87345287
66756656
160469421
495939212
236106143
162550519
641417065
433331296
-606221
123583280
590728477
306101019
759757800
344489061
11891246
200339943
172252586
246718542
255407735
181280249
609194344
319987531
432981411
115974598
204720651
117778677
228616884
326357285
281033423
102190391
406389479
68568346
107289463
255917567
154955672
303312429
32227376
172849695
465938383
64581079
38576543
679907779
270579022
400722532
113606651
143405341
88279894
320926530
92684647
307428942
188569711
15592776
23851405
170783829
45472361
580917237
343035570
522520129
171871920
58220660
142785506
120649686
20500640
259051086
97167939
741498714
170775771
21373355
214809980
313880364
290639882
123635637
134066970
162666967
527128344
44610485
98171504
225066637
219458520
109834514
100347303
105702601
102390057
312028057
184407746
122845221
142586832
49950130
20796530
652065036
43923832
107574220
201710680
330832572
8510925
2796718
335580677
715111647
155868028
570915287
65461951
161607008
389429847
286118254
387067290
125573918
165899249
18966517
124329394
225121391
466445814
650510152
77232176
240354395
446775395
78559720
118877361
5162466
243648324
68693334
16587373
592942102
348812379
143851487
441834920
337219410
587178511
41632861
144240501
14594601
309955994
336240313
49964031
220775107
1316315
496415957
357978679
339708593
409540727
55306206
236205229
147176330
233765366
508830904
70193903
12212858
111822750
565835565
96918684
19895666
150239531
80741563
194845753
46934864
370314245
6483632
138272751
401852645
678745621
169024260
52796148
520840744
418051509
479864563
28208890
164243513
66581688
544395463
376016805
502934826
127173319
367555892
50538582
33857605
107005532
33587695
41713282
285862395
657491994
77712619
180153131
158379586
574572280
282566555
105790822
811284868
264700280
101035181
594783448
59234668
341945825
99250573
233962055
338422568
587122568
55971836
47913743
100360272
144975483
207324864
249574909
152935309
69370522
17657581
54682048
328700754
478853414
91913857
207670300
143163580
55893152
12749690
127083336
162522856
83899131
165832234
473654789
689012422
87595134
7428457
55674414
472695840
54960970
706787977
38169743
129887260
311743074
80608864
89050737
102036969
193583552
124617581
369459073
231794551
285901912
423227150
287275349
23247421
149408940
372509680
11268969
404762450
62931882
540701301
76776213
69041123
554718912
168757924
115773703
45609713
772305064
578295191
39466456
306420101
262883250
389302023
334766172
50688463
108290579
-99112
143251183
42610022
145042296
371789450
41562752
5121220
623577924
349632016
198761328
239262901
121705580
151361328
434387534
45994942
95475459
313597681
701833412
494075475
72457275
304947423
342852571
121323858
240264624
421836985
113722285
171528662
485703720
101031324
156318821
439042590
425469454
46872911
108562822
17001844
107825192
186944239
332998241
172409600
212514708
11109780
57546368
26195535
391220740
50896951
89145387
83074796
3834174
101476999
437519224
179774529
173964772
112985608
358184422
210811247
549929728
339521968
636942834
296375109
1953058
256594627
255300480
471781649
99651789
650371882
84404519
62127206
330535948
218210790
151164890
86352805
6550140
300416594
4701743
299928960
792476310
75570868
115128183
169668189
168530779
169689579
215890251
2837969
201197411
120729843
50001484
111273215
77858898
110308222
431510019
353514522
589236054
91186723
109778573
119837856
135657108
36768737
101433917
96457342
193198580
2240817
161772712
162503194
278734170
81534058
184382515
246922898
278384843
351859535
329191956
591260432
13641329
537876
65780086
419530577
411280742
160291632
149579186
559240244
614722736
449438404
1787154
45802130
221854427
702467445
143270733
158996915
106131654
500571190
66437296
37299129
416120027
157724818
308811714
486559544
70666305
142131532
377317859
606297831
233795536
571454539
392410599
231217489
639043531
403171307
41043971
587391520
668079551
402302140
36487270
95958774
24342188
135962920
412221525
342367928
78932781
293356636
161606175
366903387
203349631
37725419
33816598
334803866
657705820
35744682
74716230
623038082
284790025
80544278
311488933
304548744
190923336
87597119
219776689
226808110
417992394
49431001
274207258
15445343
44946583
337528157
202579435
218768261
61834419
317690591
75875661
331579024
630180233
221061963
18729481
504949650
519515580
265130356
338796874
27622542
179706551
260973348
207554958
445252365
193162201
157401636
42546859
730739090
25065916
158088307
235487189
368193753
173959693
230048399
64701277
568912071
253847620
14297010
10956733
465792075
78983666
320530264
127067467
393858669
41772758
253062081
394001435
55303144
256778516
315566105
405901981
405490436
135821387
338770949
399077518
396433173
79427854
172077318
10120879
438796947
219178192
152736169
16594937
451224156
264056990
279868890
363078974
371274975
354868312
106034282
30294994
128742368
119678032
88261189
321711369
193402623
80910375
388978152
11780
66481307
571220593
65747719
85239917
275360662
260021419
159376782
308779471
156551053
15458603
69933137
101917650
114327219
549576397
241857516
335629888
138807063
333739052
102165606
454100059
506558992
29435663
45001693
32363123
420584867
307695119
29843544
181405067
91076426
679528512
18669126
224238694
459738465
219549016
301151107
47212484
51814995
45199439
296435755
33983044
142639623
391357132
547126194
252007692
61108752
348754589
641173866
68889203
43307087
10312629
110956911
215098747
104839617
685779002
90734792
614489950
121118784
140773121
90570111
28367238
358587319
89269319
348704949
69411415
36459313
140674792
398010104
752258693
37092590
90981398
836199311
134394331
577310508
258167688
33236094
98364428
563796795
91505751
128933642
696276300
146700956
77860232
162605566
439929520
555790146
202516042
525237562
121186928
509406520
231163478
832966593
218477152
15067472
171120054
285348931
395877157
45267814
193131931
254874583
469333841
124445240
151287006
127625325
497470829
270889462
441425351
24483396
238692871
254045655
261866587
248437850
570702368
167662801
187019176
310489088
531921129
4484714
311430505
56739856
20633086
167276365
38096495
138217001
391849348
311933349
342714991
53993070
188651087
594058559
56020994
476393838
585721291
27532838
54629733
126094426
198748914
300691688
14723324
123440773
78613215
44540777
9130132
79306854
609396540
293512606
41093457
335698398
163506449
80397101
276342889
520950131
754944472
100016210
16759951
30845730
457344264
363852086
315035439
162975905
226469503
22264691
121015680
31695189
720540763
507845775
399455472
510024029
189354773
81197624
13356479
498224565
17108109
276340334
100948264
161595781
68841391
135550352
151493074
71077406
5137738
194098902
133688111
26387406
142109966
434467206
2731355
650138075
181457518
378241215
226741431
134239371
44477456
49154090
9626548
335170691
302464721
13898822
130710262
69155862
268753735
402306015
272481661
321756817
100966162
61465431
247465607
714494406
14807868
368264606
348489012
4381853
197356516
171081271
19851689
47280656
297114728
83203227
570028565
154061931
7168839
91852192
7139213
208599640
52549279
57184673
359774384
16203804
240594
41947875
196088169
156100133
321055396
104475476
46365021
353425745
537672591
685535985
12923192
25396235
526327952
289593333
74477470
22979627
98258266
2276785
59364866
349839293
208151664
157350643
614621765
1277602
182758550
150180617
70590472
99346810
238025428
11757910
229168864
686659785
210129000
624798800
395409758
37510152
356479725
108766524
166370177
532714938
23866522
71205564
46881194
259949705
541828030
43190981
98138675
34659471
114241956
83847444
188513660
303573520
439214390
65814194
64209443
687090624
60010608
19336520
316601369
149999419
56232382
91218890
32735596
370763276
620146525
6738812
92053796
274723061
276016926
72920363
71377058
591547249
540072852
575970584
179121680
396427133
83841755
87181017
12492049
140376204
215293809
400811055
280260608
177823743
352932353
318358364
116555443
10479955
82081319
144732555
142120483
269510184
300965225
531496756
314092358
9523261
373876847
28551945
365340520
168530282
54656837
323052630
463630518
292906517
768575150
93418216
321412357
332301555
201142146
436869888
123037202
563363198
503841533
90912573
42028862
578635890
83393529
397191973
442006659
79755544
121162174
25087729
560348273
133338661
237700999
61581689
668853412
566397991
427160675
493744303
95302663
63698630
8008456
160651642
409832639
572203071
88707692
67717995
843591752
49741154
252677084
531622271
641975922
395865455
417685762
17569322
117835244
30418448
467620428
350049412
46590322
78217989
240195685
66466624
734187915
135049318
294374707
64078205
43426054
7196430
552863090
182629125
355787617
525599296
181973268
289533716
247582226
544616037
253588473
45217412
356693318
613191872
37443715
172272319
379664152
77463987
14377602
125914482
435268746
97766946
166729527
427044077
34810624
231270326
303529770
28501976
49926500
256965233
91946542
635340343
228733347
91507457
533787232
70545442
178542238
19547941
115339303
346043772
219984894
29118222
441907562
31500660
756492954
155727555
528731204
229720936
115636985
114435078
20390193
53989691
587615428
797810881
104004365
13829027
31632087
649755894
69076551
30080931
584977898
161630939
257041470
87119803
36286443
175726510
16962197
137591253
272222760
91719769
72038015
223690865
89701885
598613832
55311481
330701065
133023699
45143631
95374988
501574030
160641193
9922724
75967265
21961491
121667238
380376339
21463788
368774734
17587888
582060158
682280808
524527169
18412083
235142770
105105712
242219685
166464501
326079601
193200604
242807657
53305624
470220780
72185850
142434350
443523159
215649332
100877371
284485398
54691878
329990141
386463335
39051122
191299713
560069640
152506263
415707204
134403955
20542237
75031204
58993279
193928647
851972291
540981924
273312300
118946131
140170624
67343622
123424068
454552662
555939790
323533038
618495806
202966985
17351219
1231763
226757175
104492535
138674753
80009038
165386953
460115578
3412215
394901232
13479027
10961929
513382192
387983598
8742644
1176724
14026098
481650130
81409792
9246426
814073927
88229560
189831709
374854137
18785328
187655427
658498829
40393930
459880696
24304151
44729102
377017159
696544159
9953420
12986663
156894411
257429663
357768952
22605733
170725067
227593649
421371740
59942361
11359154
410833141
185378254
179715543
34007742
114841584
590929457
409793760
281633127
181106366
372974833
307593364
39032465
919581
271074907
187050632
67381964
238261430
368550025
338177643
218673541
35877151
212243538
107066457
268416135
214580421
106381328
13035656
176354064
229664032
487282066
426560580
46843588
544035353
96152270
84915330
712355838
130534777
2200001
481841712
88499836
31257307
83789058
239733502
360288173
261751718
380570410
211773736
501244266
124483902
14085053
685346702
310364185
12949495
113158818
304187543
106112946
158978505
238141744
20885656
41973474
698432850
173640704
287245011
333192162
205854482
29569771
6550655
253365484
458315756
413672517
164813638
232173115
221608090
163548533
268705391
109790655
-90795
432931430
509375188
174315057
531635904
1766430
54056463
384947539
15440656
92854982
265370057
41131907
13527719
224181163
585853216
211278680
298844349
466177975
332300130
32344634
24188057
66961967
550756665
328361093
8831847
84005708
98964610
25762250
3987083
252668409
463218814
82093106
485735521
123416330
58486846
99276182
123726278
183048526
580907000
45444671
426716018
15918371
86048140
133882390
118756294
16300597
115915628
3447090
147830012
15483838
147999536
382453426
133718757
164107646
68665151
69907043
165747109
80365635
475008602
134004723
36615679
343857127
88451056
646492881
322245376
835108697
39426887
45961471
31712877
112340360
168743449
60901603
602501845
79599660
259148467
63546931
41847073
260066176
188063985
228734307
406638559
35794425
610328523
364756153
289151660
453671168
452152960
159647954
96493908
54878635
140009029
61118012
92264699
566240331
29494445
278345944
160722406
56550456
256934424
183403542
111880384
279015865
4643648
207852427
145730677
329638852
124002386
131275921
77318847
145648456
31602314
417625243
446143085
205104063
724670357
79465833
178208982
188068342
270356509
481102858
65629203
66567997
584849799
7302772
422881239
441650149
79865114
547381978
233989426
19896438
248438053
628812301
191612581
172301631
72672071
216983680
324151973
358231475
93948342
790648035
318287850
150402932
209259061
573370455
46901516
702549130
253887884
40251941
161212736
91194962
70423333
680504538
13376338
108294748
46989039
95468903
197355905
3083117
89327219
43585680
558129428
631641914
48931477
319279523
133611584
200844810
27397852
602053416
385497988
12263925
618712441
456787518
73471352
343361001
17808992
234765760
312634295
230251007
103404888
10192759
303812347
146191440
142250321
434193237
354339095
220366912
39427427
208007142
42437955
216205094
236418899
231154458
13852141
296093416
23687875
581742716
617892836
152337926
143851193
108750679
23755309
310515519
375903968
170757694
426624994
294944411
47069415
3158768
71018627
61669191
461513728
54053822
248850031
303410069
232917277
304763932
522675187
100391672
168258328
259304717
51935249
333766902
20138480
359809353
36043888
457752314
69333359
394205230
366933933
27020952
93104710
223113273
103140474
578505601
362518120
202336389
2887900
487554638
111881786
319394275
135574008
417336691
220267403
104018500
118150910
610034256
345489294
488086858
127228386
218813019
74896076
183959474
126634031
166341828
127730833
766094732
310010410
36784461
146304777
323174596
224249174
54779562
625174412
309831083
60692633
181863745
22133430
534258655
472691767
483863589
42540273
70708632
608129442
51708669
590239
351714060
48115437
239472509
68070400
674310446
461938581
88950819
429118121
536439372
542294027
118638259
143648226
214732926
11771958
1281619
541024658
2405050
282797179
469519864
302680533
177814437
474901052
22106129
244283848
93677130
18552424
563205601
21191927
146882513
97398005
630702707
183634393
312121466
145157990
375454283
28273563
106193697
222028106
62738632
494697586
56797698
255893163
85673015
500943486
109619014
215412731
156868230
153908625
972014
757729724
201483470
228773301
5022620
209934891
201119738
261448253
167590178
498060978
319282105
194685590
191929068
253479367
267206058
456850215
139150311
76777433
434560223
251079488
118828333
599536660
25565828
15252759
66526785
23871230
51509045
241949867
109486367
50170996
196079111
161748655
260874213
195753723
479198729
307596072
519981350
12392556
34346308
417508155
483918336
686766795
113928588
347777286
381745707
61892192
64131992
62567477
17672013
10578564
103783179
5403493
821792432
93460093
621051638
280458971
424578721
734219008
57198755
10319630
154734938
130913655
49947039
559144167
244240673
254064931
311225706
109801651
193957565
208654512
129982507
124613637
104040166
32686497
364957382
181307361
503474287
209906723
390841601
18895530
144242703
187255394
681178460
70565183
309603533
125884242
70482943
435739875
19909328
10308170
408021959
209843091
285048068
90567330
66334474
36374672
513658696
91317226
316875147
234010565
200346869
89668536
297753798
390291289
102923680
196539644
3128349
96046688
79682547
202668467
114306997
197597077
587749626
433097675
112662962
253994186
64668568
444180127
403898467
25518424
17041537
226517476
29223137
306173061
58466547
718237948
489675361
139139607
24815377
277347216
128467001
257437561
141394522
413122942
490348543
4712887
365170173
202625283
42153113
258699955
311517630
5464528
45715194
66992294
42824441
94340020
36398703
359834880
201624274
361847941
448682342
31890357
14493528
116160547
430257546
153081807
455796165
65797410
779039
383510635
142157699
27250325
725258820
435104198
245564556
407035380
659720856
46812911
420015961
17722452
2620243
186115922
317559970
487173469
34697381
61816964
144755837
102505483
534142670
13784766
24914934
74012968
250708144
664445536
54367319
149583583
506980172
217158905
561324174
6331779
444821677
216006743
611403657
308850834
47263759
324423277
31979513
41490711
126169843
226432030
495387342
317677973
400043836
234002678
262120536
434892697
187075756
209988040
1864349
9172280
491205489
281996760
424132151
113428122
591230694
246893868
547083176
29501447
148206717
203953808
375984725
138535451
519550784
354064183
245806826
51645362
40600941
78692113
54262908
234647254
259463983
57489408
18414521
233053231
214885751
176267155
8940157
153410564
204784147
359317135
160526676
39377524
448554720
117945364
57490200
185019012
542381751
122801435
259284707
12597564
232661892
13456807
343550524
595940579
107684064
110486860
273443621
147748484
823056122
196646762
545814220
295835927
13613808
54420568
143690662
277531684
135191759
55554697
546562645
13492523
255795138
169432
33275844
80140507
9689007
472946022
799866554
291072174
279089441
17360611
360785602
307918356
190186901
174023988
103855592
374042414
59559103
20628326
96649574
601619070
337045695
118988416
352997527
138500158
12136293
215712687
681772858
408746283
347483704
363367709
315561572
878947911
44208282
279901184
280997264
103135407
349708448
185583918
193169672
112970337
65100703
70836548
987482
15534414
559376459
23175458
562981294
609042853
29020601
23320015
224714900
74532250
312639393
338944318
371640462
68043328
162128766
509534117
23584782
684384277
540604479
22716532
465188226
198978871
283593270
530025961
6744156
91796595
408036945
142188949
116522639
161698326
407596602
9591694
353716166
469253417
119864286
1834778
518604471
5052192
621435927
48448927
331838851
240697434
198883244
65305970
118842070
168911127
298413425
248383110
51304920
10280044
412166285
665731770
567389949
404742446
276442396
304572725
514242976
709426445
23534733
303375178
47131131
449522417
312087057
140474261
3992285
505673562
567626145
215257642
7816664
766522587
514433066
1646291
208611879
441601392
258018902
224868562
3153170
25559431
99936328
323828268
274262849
219789706
420826165
78826349
142820918
97994946
380857426
126794095
104150068
134323881
7049304
409014732
349372786
390660409
266735846
335376600
337003641
328733709
187778408
111502012
263972084
476739884
19685337
311394967
75237050
193089419
399880047
347868122
275424078
286842117
114316828
166503025
134647298
686899147
9512755
312989701
159579210
610114019
37357582
17208390
507696698
693645105
607008316
445433505
20900132
33630264
83429692
172241915
310000064
6754642
61680505
389019240
195213846
713103904
353146757
225857907
10010586
670384926
303254934
11193500
253927091
59344320
73022840
302710720
206679580
161069168
228859366
585050445
407668925
25027168
419510045
188278627
229500523
107654002
378077652
14447747
18050966
517597076
308235669
492917114
339777497
85348660
353499865
151412255
351241940
155688839
58105797
726481419
268878011
69833275
421441483
219341536
546048974
664649764
713193806
399913171
63529146
610784606
30337053
146019443
22198664
305812226
536805405
80784083
111575835
181838083
647013185
267359976
331580678
111828675
171645465
637157420
163050116
386243324
171965850
259424657
111393
500524051
125859797
69480445
415093278
43104614
589325016
151667921
216098032
103811318
90231225
322511733
265780818
202620547
268557247
169369024
128891811
326736303
207003430
497118858
430242349
157317796
244303219
269013108
51555960
294276684
7550704
396930999
102198544
10926522
138483453
301032791
248240278
221969350
755905008
359783506
108176458
252702913
183594394
502971961
10985178
106823514
50996689
709729430
174048220
637958391
185823861
177140682
68233045
311003936
139926037
591951360
38206540
16127064
43740766
538565384
196488920
610264375
18226623
299294874
76695908
440420232
37806912
155574857
109661
137833005
93796574
265533446
52268878
38819304
4820074
39995089
261038051
113891074
68318153
13927032
76345835
186006210
194516709
425768784
33707003
143797351
441402603
445199665
166267889
531801877
170226991
509054677
131249764
213233249
190540839
93080307
197524481
180267873
48117671
78207167
661022053
125200403
691712702
140786516
286540741
6847271
164202038
216452320
80146001
325095587
119066533
240279184
57107572
326862021
233853907
218940385
484273103
317531079
675001095
155378910
106471629
244229466
514959445
39305560
78412867
679665637
168840825
204610430
317963985
163432861
71061444
133170129
245832230
224421563
433271664
152728636
10612541
386884961
510552804
104486047
63986879
165710411
444903840
207075495
309772775
69877494
427610059
245347036
492269752
41031481
344653629
22300195
135998501
41030185
73581773
351239422
204448831
513495112
644746616
359250819
429966347
73559942
125601219
568617840
77214587
192276975
747495626
105661808
7615421
193712227
258527545
37030514
194074672
178500815
109999749
412616079
29035284
168275226
15621832
100580926
93892493
199298745
306065825
46030674
413509597
72049650
628478110
181140128
249992964
50589689
370973
273287152
222674357
422569293
141531588
260264503
113115200
70636039
73396860
62139886
285946332
441473997
366695429
159574070
24754468
267452349
23590399
512036481
510619886
139932066
290667802
370921215
15264066
19523375
159221880
271529292
65647338
125816582
535791590
301878219
179173861
412417840
495170071
128636400
280224767
337357050
71085323
40823935
669836713
145749225
139553087
419115961
4023597
82842316
49296791
350217320
133675111
11944719
310577501
235438492
102914881
534214102
94260765
24411177
112228101
124346387
299545739
124425787
15242965
180997413
139026022
429906874
197387044
55994994
276623277
138914107
392320841
40790659
190993748
459176233
372544769
137486417
50532270
55608682
26672707
40321824
182218914
205527904
360570303
524143743
219705765
127327643
32240266
112612467
211304586
253244158
229513156
147664670
21029218
54419319
352453825
267144300
361759143
630368928
88928222
668146
22664140
50588114
688560139
294925171
25878440
651017729
29531754
278482887
217425258
483452775
211353586
133749403
183512251
370104261
107021053
41339773
259712662
157281705
581395416
44348234
204950350
72921441
45946584
52557044
111208937
187613165
42861845
498288155
4458469
12772993
147957293
22022414
46183272
401006817
455428548
240682978
122775369
226788442
83401618
609308417
464631465
17900660
8093455
338685844
52728676
36570697
197494841
52743637
42948162
92214938
76906120
21045733
516972698
21004466
399251351
316577739
434843986
206654356
291437280
616640945
92093175
16192953
309201903
633171925
355314120
4643425
460697912
287175315
71932470
58105130
395072055
123256958
57527593
181652119
13969003
411668358
25828479
6079109
79497011
322082575
20596017
109051616
294433564
51907897
238681562
371175559
52202861
61471829
289674781
100165112
223693845
597151662
58177706
124563857
167943927
176626007
16520274
292434491
338282688
309145034
601559631
129256020
326787111
33191415
263757440
648797858
112702539
271735459
89560454
108319547
335115442
85265109
86733369
127591488
467249811
10911773
315843608
149148943
69605375
248063118
302277236
371190770
380116459
165213193
232963060
70973369
503427077
109912570
34955872
39660043
489206778
516971654
343725924
127430489
307414165
121577175
250876651
128850683
388295553
304679909
215495073
115221172
678356108
303731497
171404870
386791599
432532674
322836246
315855314
88046867
510569516
582887230
533238380
282742975
47029749
93980913
25966759
289963147
269382709
397931845
223023669
440694896
356207112
496507840
320680608
461101955
342612741
252697706
354785806
133107050
167460703
32537309
560083161
178353119
293480700
297582947
534010094
343987289
65241641
134604762
76754062
127817535
114732354
479566968
26797644
101510995
15249136
81897098
383873028
177079606
84938528
145313142
424843955
515309031
254796251
454159671
112070546
309985948
334205532
46568997
205562189
247208107
473991055
503249424
74124423
379605585
80426561
568457753
151192336
371594519
445332801
150447014
240730726
156556837
345950813
592779556
290851513
553931133
466542405
319337135
662160615
9573528
738064006
223554119
567617854
46150836
328673396
9622276
14470237
625286490
407673140
739603604
298792599
129922281
45691229
158284724
326607177
46033225
15253803
426285636
167136690
80268398
402688097
111525188
98302628
149118581
170167469
355803283
703016158
51001300
528893235
545990061
332548233
16937222
119255579
91540339
144147448
162498357
11284500
3302666
600301757
526177205
141273258
9163962
117749411
99717811
347505676
145998200
202378799
74239646
34451657
608598133
12703982
71538664
404896151
295964490
9372666
179346418
232531535
15977149
228442671
228996296
254756225
255481298
81467843
155023463
292028926
203185372
386057296
159831151
352327402
154660624
253867353
179270315
54713267
208545970
143572412
624368011
57541813
41734111
82710348
531619505
220811310
156367515
105115820
99526943
128925821
515775325
313980217
691152756
566528678
481784615
362997651
153098896
117683779
472448902
191319766
1544340
117801964
66526168
33473862
285384792
54034821
123426545
25924247
257084486
169201172
397421620
49220901
734020349
27165737
453717107
395982507
355685064
249102189
196933673
130242483
138088729
147330746
271573667
84615711
285022047
711015951
390726783
487855021
63771050
82435468
571478091
78832617
30231494
184442134
208426907
201113961
194285062
183679985
51747710
16561708
11553827
306773342
110947410
31938054
72441146
8725878
339960006
252208148
279955863
53408682
253118154
148862493
390805612
204575430
15212306
824503454
536130629
433554670
327820873
546936995
56226321
427025043
78101549
16605208
526596362
293045064
273447208
217216295
32353955
379337463
265727961
46616794
293019611
528095736
191549498
357879126
42776675
79086208
205718466
122941506
181826331
464811047
7844892
6250177
60221663
50292050
838385570
150310016
2040437
121867821
36608193
57629328
528608808
100542182
46245895
201877849
563100201
296722562
71103014
356084247
99655951
62956997
25060276
412046303
46314049
20138116
150764406
20768815
247264809
568761770
306700475
73026102
242426600
701814972
91397432
7961239
22688384
23338825
129113688
399704092
316024340
110418058
417709038
304795419
212056844
218838497
152420336
676480590
91106504
120440857
582965712
478897438
46939412
192812790
151208134
363047193
27848092
582148644
168058522
225028356
287046343
357319592
46989294
187858986
5666835
36836348
28969613
271115087
390550401
277639384
492092935
90242831
221540099
73048903
198213453
350863543
61010368
204592878
276518804
29288524
237720392
208010709
50529963
301595992
227000024
33938463
826207903
234752583
187876024
132795477
200315771
44698200
606755339
445564993
360023906
37366493
4207273
10639071
232863641
14757800
257951486
304639243
144504077
81143851
193887976
35100474
40949877
114397307
499021783
436160090
11870048
267000815
757296975
90998747
176312913
184216802
240831354
463565279
40801804
39859773
182204442
63531775
60690463
461678607
219869626
293172843
476802198
409883585
187052094
582310
158208453
132571355
448602961
16598455
657348684
310914357
80549208
287265574
208583311
594816933
115738083
46747887
307122459
75843967
74415119
376087541
499234518
589118196
368423294
74043284
133725629
501931679
403130470
18696716
419431301
178020208
190861084
241743801
58868044
142793115
287224295
152108644
209793443
126027905
200654277
36583216
139813365
149241576
26307430
305351462
370249548
19647955
655849585
113461127
319391251
161383221
623513963
130591827
90669365
120739473
217639937
210715209
233646925
536234391
142380268
508702504
367533587
276169516
354676432
11892988
289667969
8518170
441203389
105197375
388391567
520283881
64697793
436135476
235909016
87629976
108780348
241392909
517107138
717110817
493127424
494143886
792089861
80251054
63177777
291815041
425322606
65291010
47064293
251194964
161108756
272531123
196198031
63869427
435242181
59493013
61740307
24434486
56324171
109802417
96604180
55325604
122195385
27391094
288449690
336146658
225168962
368529026
97174065
24798424
233687154
130321014
220838480
134968044
320127997
79393982
345780099
247014686
7282288
144725799
254178270
436342413
208762369
211590550
24579321
503121589
118601206
177935615
431978649
77192285
659017184
42268021
324204155
310004948
398410111
677576671
38108555
256734044
482881091
360514010
97389555
49979003
63408534
184239946
488867037
90721478
394801727
129232407
397048207
136887779
164877062
418698852
46656235
313122124
57055066
29268295
1888318
139535621
25971004
113165275
301492
511929492
21297817
242243854
48051510
821911091
4587124
123358321
255782763
4257075
106848106
291108251
462577478
226228224
393744693
54094343
30163575
156375650
42487789
47730577
446650710
597621843
249218679
22699184
613283369
242130116
362530070
149915558
75068074
89561675
70403156
422873217
396759454
665222291
313431634
421007599
611959919
99675850
373726490
25824625
259037744
302842975
418819522
196126442
30877207
27958984
205760459
266845901
314827536
517671317
243498475
357275166
179526297
168724460
338972376
48481339
388569097
109167151
292255046
41781009
188566401
601382444
159725465
29371573
562837859
30879457
352572704
347069621
711253061
368727679
189608873
436877950
205372096
607943883
26425782
121665640
853164519
12731036
16983484
16147582
418073911
214615432
27192935
5790619
68578610
65699128
435530213
204773696
317777809
623885105
340525473
66595107
413897133
473595478
105743833
145185898
269222713
243323827
221494227
597066101
32843761
227397700
323888002
295716074
568685021
188323496
435942877
12377521
425130052
405575760
404581236
446025656
455768263
5429974
629471311
155838082
551816266
185727311
105958216
175972334
37993772
350620063
61139726
91001248
110372690
270249609
387600350
140525791
78930130
239092065
74043196
86089261
356186467
54894837
36785278
438502291
544043659
65768151
250646722
222012957
138943262
241398664
848966499
481507640
66079839
651798317
592701079
291141655
399091023
194321071
383693456
550180436
44844655
169772310
410997466
222897783
625289731
285227871
542339920
52990839
64319971
386087097
455376872
383631826
26112460
32493107
185034578
233940827
113545182
71687822
522702105
470555835
122224367
461115764
400596444
304240145
406370587
26958449
195989010
25869097
426583733
447167113
57674526
419783392
82480584
203653268
65904583
603485581
369454187
13260642
737487683
13552866
410482139
50927413
139561582
86689436
161096007
85193715
42215762
61718391
25094295
426318032
514564409
701945579
535243495
226504273
862144247
102575903
5241013
362746540
88833928
618045748
300374134
51932978
173622557
80603030
55902929
333523234
109309422
136261378
48886121
65454395
46154929
171597799
232984419
21212600
424365333
99444419
112910056
14386372
314218751
685589372
99430055
122532733
53561478
45771047
478077757
478172836
432147435
629124415
414231913
80779743
255155900
66095418
106355041
46814061
231761244
141502949
280006037
197162843
279474980
285303512
285776994
154578403
247844644
71921918
104693602
235056833
26108022
37193786
347653675
200058217
302197977
190631807
28435476
444425224
11775156
160108322
16622349
70843250
563283857
145063039
571282352
674526105
391016723
211542502
13753181
71397453
467118836
108884182
118654638
97888223
131359479
137183942
354758441
232093884
766311748
409486568
162962577
462163207
419367612
255190949
209348359
11663342
80813285
173202032
359173537
122260279
18345750
507901809
229890318
230446702
27163763
431496129
304276522
61371572
153710631
55964286
168945954
45589702
470717119
54208631
248238342
84494008
215162686
357066833
278853126
446226695
82892733
33593403
211250982
251130141
379651828
558130779
218258396
91061201
253637038
8288925
193639533
116454144
393433215
492832001
724917226
417002263
217574726
428863
104364487
71869419
83613076
82157190
823838035
356963066
560178944
41048906
68371944
43742450
606255129
956679
152682232
413388805
1080877
173372008
159784249
316543459
142611910
802006894
533403618
282377977
473296396
67304627
70944154
572742110
210843421
278639489
113378108
191671804
262828972
274212426
563486530
373268194
46561780
128386579
183061311
378102018
305117633
62034074
667363418
422860152
21607226
35480023
713345202
261184106
546423056
138604855
356480057
274219701
93119865
18621569
272000282
211481507
283308129
363502021
85113029
600833447
306636657
56773213
366826899
700681289
520713776
177592046
50069855
109397729
361074779
121710875
154000746
28892157
86159279
199254304
347977800
255014061
200972498
179777663
147711352
710356595
705639779
532618119
126526073
56842123
19483216
200067649
298076234
138330505
506905677
125069471
780627103
179907405
72814672
361866543
247574908
314585856
23103711
28613006
151543856
172232445
287907553
608639640
112886256
136655794
186317264
7696345
130041292
183240073
107185970
44090483
22040470
161037926
275141582
303951196
12177801
109722997
1877798
117111309
196966377
226279724
113703538
84994501
81635118
605877160
838802190
243155184
20515431
331158600
41342595
290434881
31083507
67668302
247987621
75370508
50803390
254710180
344517500
418034476
274693884
84354558
25219730
50391941
326177786
764208379
764454293
255899161
470630920
204311319
119355650
154112549
479344180
212720408
2637050
252830194
133438184
68315147
742538191
275753702
1027732
216724555
142159657
331288578
574036538
116171114
349473859
116504431
14343853
130569140
78587014
282606022
222658485
267594798
252381420
832638983
692069007
221103900
99358913
347403982
64326458
360434787
419111999
694048176
252935132
411886320
121367410
77271067
33828414
145215740
446407699
181180197
117467926
25076645
292714809
346345218
696776896
699532590
249745433
166813642
15176050
228036970
68638221
353399300
287569596
83960841
243482023
52070109
196611770
49375113
25531854
271979962
19841753
281776192
195330803
18648560
461789099
204923800
6945746
16797857
120022272
147631498
55054962
540355287
50751118
553913210
471559591
182872363
530058455
389658164
219857263
311299323
424809892
97877264
428026467
6777051
383634931
648927746
11475066
484610714
33502397
621238326
353579946
120670375
47343799
111347933
87961610
277599041
365541369
414167137
159118588
651897212
388966156
9370710
18282564
91370600
281949537
123293156
380568501
266260449
862049249
445546318
89285766
37390909
41088951
663852024
143966320
50439500
266682548
164477332
121928640
82382422
556217823
71886481
51953862
64894303
254286156
158885045
37675057
158477433
93260910
118456952
90695110
544697405
330453111
356954650
374113493
84122869
124988238
106124235
311398080
209812168
325259579
87103777
65360441
151170139
422107511
212020400
366719680
26667330
372753372
37119391
729276397
364086606
2934450
133082716
507202394
5414823
95586851
470982016
505157834
233754169
197503230
173637388
95771222
10805807
529467065
32758841
313205835
486621534
57534138
151804906
766967580
75776346
18460474
1718459
87844650
58989865
412486345
430569515
144822854
445588781
7918602
220404275
220595629
37124739
71664573
423221814
110948266
317172914
90219497
312546693
205710029
46674260
476697243
270918666
165189387
187285241
2292383
651078
95465492
367520149
245267225
211915583
36920262
69479989
57168223
381841589
269841640
708863660
351195311
280154850
25161071
201591692
188826310
198667962
9818913
599500612
292080102
23975528
196842472
22210624
223646300
247874701
502372104
69847164
138762796
43650372
290960675
152114508
570730221
197471519
23365632
144382702
254923886
253468548
483883386
49379316
172905410
219914260
564626903
416795642
18673328
208629926
1858485
39615206
209858981
265717710
313705766
-173153
152658891
32466642
266416310
207903773
30033530
788975457
52566348
416474662
196516105
21241205
398236
95367620
42809688
216599863
117780843
584906047
133738834
437982104
61560144
318033689
659565156
256012717
4611153
105312011
14572895
68142021
665110620
169292311
138674905
114201946
311842378
488242951
164032172
493394482
69759447
191865627
220001778
495625233
152686354
68390704
286390134
176540466
126100939
78361385
541657880
110806071
259262401
35390989
65496667
412294837
9113061
144033163
235365544
108210696
234310118
290542466
83086691
287239230
17550781
75241336
367975188
42318941
321206288
455281387
114580739
6800495
284906719
133210130
114146732
321009425
359210223
6811998
430910015
47876816
37892682
100268832
378074004
146162206
56614848
252952740
183801636
188585494
204414500
640774353
243498477
475449540
263884017
3088905
182989721
144124068
192784412
32655826
580234524
87796697
25495211
527973782
236310030
380390560
88432251
199502327
440293519
133827205
260011824
241046939
237069902
102272843
45568617
513530943
96531249
123026016
424447557
196155333
319367656
209763847
168392248
227287565
262826248
210066133
2684751
171863152
684590719
127634555
158766562
365389667
28425059
186297508
89795406
88582102
145550389
258016912
698777976
236032791
11024532
475673540
390963383
201267014
142019675
42019492
43119718
63335840
2525088
182778627
291150926
190578527
25676051
392717165
11866228
799617120
129634791
38353452
331037267
34439290
95734892
358112527
5578553
42755202
709316417
16159108
210963534
294340860
220748187
517964262
585923968
422977195
48871363
12005751
257555576
479887439
30909382
495911278
388901062
217256881
155273685
11074080
29489693
67281005
20497228
88444844
163985326
616146310
169104013
257677278
422606952
129516345
82560323
56241766
545638375
10417983
269352102
60409308
94142669
333921180
158510792
196001842
147736
325947414
119840305
444603806
456832988
207275625
2370503
385630553
140346426
285098352
232809014
70434251
606056
259105902
86157864
7387388
100138169
78251934
131680811
18468001
327147578
305142269
69341434
159055109
196886034
23742916
480692860
618619821
299829531
63729307
87084639
151102668
28225526
449549659
368510238
191475665
115404528
665307450
25252615
618594209
154103490
418764896
229249867
51571797
125901348
576474869
26214279
87615839
157642223
87763076
379536358
559235095
576942351
303636548
530109536
269592893
411214406
143119931
740438040
281734071
77127760
205355561
382514210
62705698
110078786
162042633
708409404
273530971
108477214
268614244
462780223
273886615
167527904
444048073
659092262
474395271
176826521
201832954
1402215
51651833
316494172
107188036
165495266
275222019
178088021
204754119
94432771
49138086
388902807
81514685
266649034
42366430
61683252
88335287
500856658
459487503
822264373
15752219
73864976
45741610
19698025
195151308
14379802
165341358
411497840
3849491
428188368
214623669
738471295
359624954
48311704
335469648
222601094
115305870
166137937
34702758
387014117
407056748
146688667
200242302
312825060
121590054
206808512
280919042
149405517
297825408
35337485
125304383
9606263
90841986
31274193
315788906
5595233
155421558
3619898
48237943
101054463
96509907
432235931
107840025
473359728
427173241
150501754
6036431
380711872
248361924
352163971
16969297
562369543
110722898
180263433
492030200
566782856
238095397
380292072
36485607
129414248
7116399
78120713
51217321
607017550
247175664
734377920
62922373
553540
250856088
492133814
397727963
135249423
197927261
83787310
193457438
355040236
23912022
304688613
17921228
126890247
214402547
205389989
494655629
29714626
202934300
491737165
343995880
217694636
283543272
53403937
11567316
414554008
451024627
87095806
151496989
353532150
45689967
239291630
8909096
167844400
19276621
143331201
346078136
35206720
116444854
188772792
185985775
170860749
741358625
115658918
48704121
94204283
578163180
51596655
875583007
24420985
13438219
228793351
99776605
112160923
105789303
130494010
80312456
158575598
163631240
11837834
157561403
368381483
148507894
273741097
27314057
250387675
133962881
98720262
67124570
354185381
60699682
721824736
774171173
569113924
662405902
349520378
217596068
147338
877361935
456115797
230366271
181774990
198078562
102339104
245342303
11231890
330016031
107764566
34175548
45427505
123591698
86535763
92753737
2949247
374265463
46405837
359182440
69655392
71653844
462761538
218611254
101404560
372402052
180840577
181948872
72520749
72549064
1995699
559968312
314686200
151240057
80555633
13672943
391078194
453964054
387131250
106136349
54760763
79716271
152938499
23071911
83666101
20441823
19644848
230422416
741287390
181927594
19624147
635574558
303388657
158535221
34547153
80567856
228118862
42636437
32616189
9682966
140294548
416294836
303300752
122611760
320034404
42305745
33648169
818795366
210215726
195470395
192447932
377030406
195766035
173958569
146741700
135457195
236267257
493932686
327873113
233640208
256889333
326441378
566206561
268546644
487004094
233361984
500273535
129983853
316164364
135560123
153936158
548099407
504220679
800097954
51587534
314342425
38237166
9480342
102600289
344597704
98960822
428500856
10280898
88106466
310413765
257177377
123672218
700824355
42264535
277960729
384436179
143516022
50132208
437179784
179960232
834548602
35697022
166513073
99501736
227169079
552411902
257349077
406995875
308528667
75222941
296559749
42507187
40370306
325521860
451573422
486381427
127629562
320724495
6168653
738519633
389750782
265362365
106887774
606936694
79241015
94048419
265893939
559948146
341234340
109775206
170498194
685197202
430172898
60723994
303097626
860760292
66290821
133928929
249570903
768940303
165919405
423446438
97181418
422374115
514799689
138756830
136774705
153557582
87801190
164802946
90338941
381493722
27789348
67922210
157339036
60156146
397585655
316912938
28484219
67323358
283030156
146498631
117104105
730492480
51808152
149598720
102335555
680082213
46976579
351495019
367664642
79979142
89544910
16656643
54919392
34420523
182191524
78989305
452254865
23779057
305057028
1561426
74556529
380866066
106442225
541366479
163354768
147883327
28791879
15799468
215328739
69467174
407435817
441990412
46458653
26181547
185382937
648404883
401422157
7526436
420561685
14377179
74804821
119114734
535429070
97908505
39491399
25295699
22552613
582142275
140310797
68401577
2414168
173090969
90063185
634810348
352209646
104124567
388433931
460604794
360860285
387212330
327548170
161246660
12737740
99813281
51396850
71801749
215059795
233177022
29894098
103308462
204628660
262811816
44789055
262828774
226099277
117537214
524862831
397521739
245941674
695245934
345908917
277868984
93781710
145414312
742600626
489480860
4407628
29741670
49539019
54588963
2702364
353281877
155674821
104092387
15395311
359468755
54420276
43108356
143472920
396421361
79546138
279100697
400895609
215624810
558732551
238628701
100515282
115337633
90494464
190004065
487543570
15965772
13436819
156759111
365451985
534571190
195827669
443705391
81251423
615720927
235700589
270711753
385445583
110442519
691202128
346151939
32504956
182496817
273492292
6314036
131865189
14382522
120673247
586362858
95205973
147657087
207724080
53563248
121061222
461275300
280540911
405913852
267582918
619004632
5496964
445252845
68635111
19437368
21172568
83824503
158568929
234456272
197263180
265579005
448357885
572705522
281275234
227293100
61025192
209880399
453425115
452821027
173155534
130165268
542562082
325515424
240418791
34680343
391453391
255858141
76960391
24840726
215240156
832431710
465745523
278747011
188163415
26947152
41070829
85413509
232828659
98874542
391880657
349327396
118568744
475467330
169535266
261237210
245145922
90175610
358290644
678721946
234736937
102915822
126826032
119874505
401440883
465399476
270043109
277928308
11364717
98183920
358305374
157597688
272385102
235448161
407649660
297011666
26765316
197262201
180749368
197254557
308798933
2989879
38704418
455866614
46740711
153422796
646703878
148033515
52157671
58736456
109532733
681016489
155398928
466709084
319835598
7256688
205744209
4014710
252293791
116405010
218891816
215863229
498053533
50600426
62091618
879872042
135605695
141544718
300188583
60598804
304716431
193703026
555518780
302165647
23597025
44889251
442387533
39930739
259632762
18858985
168629222
676221571
224308332
158628231
118617228
386024877
117782573
88704483
3024799
1813319
102824686
197193847
136912450
28263214
653751996
410898366
556173434
300640460
490465387
94489207
328828178
477078129
159606030
323003235
6649589
161337401
90891507
33876274
146546775
166015422
57582860
217961198
175968033
538452402
27962717
285003328
7812897
202586941
30435009
304722187
380341701
81527014
236825741
211156847
114341710
672625719
134666373
328514027
6149602
451801989
369590289
659515153
421855687
522835648
111750265
1781346
165785034
563439442
97261492
550847956
273845711
181485504
281952855
289558209
263128632
549299917
72276018
262143915
264858735
119114427
25655561
160961373
40315744
67891806
43828051
613089709
207671677
149751029
118737512
327397769
133362749
236502747
82526494
84807334
149298567
279597429
70556926
-504147
149124394
46004541
105077159
249994442
248257990
48833325
845667319
163166793
556378006
55556126
341691711
92446713
204708099
47302894
388701707
480617970
494471029
-1614908
1933305
119169965
393526037
317256742
174037236
274727208
67111314
597275617
52051612
373440583
5569339
224483124
106750023
13433438
102841396
202712652
261954021
252465484
222788440
514580057
661467635
32102806
782449880
74851871
81298854
52619991
88573365
449267948
247176924
191800938
509798782
417370515
79463247
482902150
67267339
131185058
406933699
453718355
174547673
558239345
418929711
159562062
698844086
424616614
145346329
23740247
30167220
301709624
9145314
441053094
463810001
143918187
16757127
5056849
1442525
6545519
678490699
229708297
296591756
432352624
641240748
523552669
61583813
180505235
363607014
401985952
16049869
85380096
51888048
1825567
36865781
201388854
208467660
590854263
68834455
42600499
324949527
282118945
110266757
6574082
646684151
231977760
766473824
22747716
166035020
310079659
271808144
53852266
54249398
318913850
233071440
268798213
469875875
104626971
131789769
191162518
17958210
144898111
198234906
215961274
8034629
605932276
226129513
67240576
24896071
269300689
339676165
6734830
43345676
494131487
336512316
423096722
127315031
75660625
116565828
47105938
541660134
11930765
588692367
135605447
409984035
167546684
257289428
413149818
308616822
430230783
603643557
99568814
24798175
254887200
60578647
412401469
409915043
198933099
24149097
183663200
441175517
2836799
657883323
125944263
711307174
536452994
528447737
479167337
109391688
146882633
303300532
324697434
336064001
140185862
98992734
70589436
1105119
154845185
247050140
625111218
181440629
150437995
148712780
295938105
90162951
169409810
-986266
2310445
45504805
230206858
261297369
48828958
81783676
16148917
41822225
160999320
7533982
15745480
169103304
136077413
300550081
63137967
82698112
11253519
258171291
567721349
126050042
19128898
231163070
15787509
11675719
289553505
230733178
73716880
106308332
202213308
441035271
726911831
30785580
249937412
12312978
416408749
450257652
713993938
94551706
281335139
850768
171613666
681312475
179709150
91867279
469755636
742731418
127782295
274533615
623488964
12381409
190100243
149708596
2478309
200852884
544933134
219754401
114322340
49039741
882134529
92417165
595316400
185646519
52792799
505393468
126122453
125858819
176239909
70846488
193297738
133067382
213178446
294166422
271454253
215569147
448953635
13901166
111187850
61407648
210330607
258868295
25756371
623272417
732437192
128746556
521742604
286156279
545324501
507179857
90954747
250084797
361164109
555026239
80901253
149154849
593934222
134448827
383857004
139977605
97768551
24768646
11880323
535523011
495058138
96494347
8267481
675399748
203253064
36053663
53130457
105729456
87161205
195271302
35238301
534854386
70729713
119586102
297999738
254106806
287882882
334312180
255490434
356145535
467062026
34603668
278513788
148196380
179141834
155728632
246514208
299463300
49909159
70107090
801438908
83313518
849150341
193081488
1733340
306901842
208762737
472131795
3963990
268074751
448692050
366317924
346298830
7559259
41042644
199570524
365955735
71764798
154753133
73027432
619540349
14392312
249345215
259035866
89850916
261513538
17588565
212445976
360249626
59965146
601228339
385864174
122849599
289516543
80811751
9143164
71707606
364158082
626341736
157940291
207022684
102936397
65083782
181736128
151921618
115732925
19942678
130624558
478012845
169996291
96326663
220665712
45717398
526618513
96092492
40048217
551783630
18492179
68625683
178903236
186018362
130748848
79492422
134249641
573145100
307382596
35859418
129214838
183887696
59618451
13576527
120141921
46687074
41083546
51839097
480660164
501438121
106745950
477812450
290653022
357677420
109202238
80796224
223447534
7031138
28957978
220966542
96040081
404835771
1331840
6719903
410743645
665841823
93428376
670125706
175233684
588119968
542233145
147752734
129053860
9649735
97635072
3456924
331615567
157465861
573198242
31803552
201481605
644764714
281115725
112625872
42367456
286732989
320719567
439917805
282955440
301838406
374057922
253124735
78878977
78776867
279711111
61801177
20369915
305650830
429825386
256962415
40675787
433369321
158325209
112698789
83537942
216221955
655929858
53860582
36273832
38062250
268567753
415239245
54649914
11693935
597528076
284215513
57179768
278718803
54576769
303502124
746861726
529043291
5441773
326410342
127383808
178164838
129050377
48894353
349351416
246906079
55964849
691860683
517813463
813292146
446075671
152714400
418032803
29338271
708175140
207119589
22875557
191616543
151639756
109654080
360537489
360150409
271673266
454299491
304699312
409566065
71782309
84679798
93975849
11937914
712674967
399754864
403951599
486264375
19046598
76699108
331272493
91127958
362831119
138821751
396609544
1640018
518349735
61207093
413293225
167032668
107932608
161110168
420808776
68059567
665281086
264846540
740799873
237185528
20298684
477416259
150177886
389123558
386887337
71496397
220956793
234472537
165817410
64979305
267374193
60665832
529650042
122072283
58567831
414367284
611952004
8889351
31155845
599474048
333654615
91809184
96243592
133481524
130509115
589058396
182009318
266735379
133956507
373914672
163239550
13454308
188988544
29164879
46831601
283081738
439472862
9408903
47523639
54517960
212044786
177458987
400924099
65611545
23201555
82159946
339719361
408287026
442470906
137387173
2347107
258303349
12367190
199096341
232353
119158375
75403576
61715556
371409726
103620851
79140504
276138693
30269709
-812712
2113401
585914613
569369708
107037497
23620496
394745669
32062684
333525478
212179603
347597268
109650976
110349202
29234531
591804366
223993616
12659842
166934140
291106462
262068549
222366922
713473046
649351920
115038817
138879820
201408588
154482057
108384163
676822029
299134739
9120172
700589977
106924722
647893044
477283081
149042561
538258945
698353189
27065764
1195962
105479777
10061770
255038849
73978841
116004838
287535791
426258205
29492365
387092938
22537993
61343611
267366375
70514101
561354831
45549968
330116599
5095626
172668973
9910599
525762822
113971649
415067419
141841974
1377592
427422514
30210844
30410655
573102920
26377081
144804074
685653865
146008960
200856043
613315052
142358058
232621651
101537129
320302697
235835497
256508844
266864193
253745317
347072739
726668380
491189492
70675012
620242223
655748256
318483231
294263187
51301534
319358965
459062692
167239725
676877614
118200607
465923014
64001738
265430132
574347862
130177744
200160894
35462500
43016890
43864682
126245220
49726751
53731218
334957815
616458671
30788100
266439063
447466609
53519901
525881208
24734233
40705539
131121610
466132780
318050104
119395557
354431325
57586983
81986061
27296430
35255969
32039572
159774013
376113009
452375723
7390381
475222652
288222657
234509503
134191702
700707781
4711119
297372392
56824118
465180956
689196174
837165861
99767189
75443912
774547061
418926804
145070269
469452392
15348179
59715213
184935659
426955140
444534427
217687119
175082467
73844369
303720682
159061650
359709126
755548
156150979
5801797
352009116
97526888
354679532
194509910
21918684
131438053
164461195
455905187
372249895
84142771
184350883
556932863
97181675
22926827
113449405
589971256
312041610
78161928
230370271
82584723
44987785
12262046
368668832
95117016
107763702
143736063
140986321
78426139
91218266
206131516
513797435
88530168
153590074
703484547
145551293
72408297
13280158
20206171
293175669
522619890
81313092
409979177
13163776
335216719
75930580
221926478
168698784
340802997
455484806
26711081
186637189
738198477
68800062
5471052
52672485
555619593
24878713
665932307
605219544
97898271
51316228
9158185
4418686
32120796
109922387
289732088
202564573
159024874
59284795
296522814
91741204
154813790
13864366
87428207
168873479
61514891
35633261
512051194
295133891
66244321
357141810
116600779
383986042
84287833
134078484
390061396
45095915
487159941
275010263
203876717
8311186
319983546
185151594
99005453
401336609
37286937
201223228
104960736
272043298
157001103
41378182
33764316
384124052
16854276
417870064
3310083
192399782
644823789
137161867
96142920
218774676
38994326
72154622
366773089
421580758
204044438
49800876
169066451
384796934
251525807
375303195
318892465
15852965
76467941
283858609
9866565
286633943
45544596
53961550
211290348
332908401
255610922
7644579
112445975
168595889
9196519
62321561
83001778
655439962
69047559
93636685
37489449
286644005
81771655
408854564
577280845
280110727
413608611
139041375
5739579
81482527
63258920
601780954
156347201
151778396
100341478
595445782
139181281
346293425
364689650
217626563
241421396
367355052
42093260
12214545
3880664
216299538
215047794
61739345
8798661
449220754
409889510
80321006
251709271
34023932
451889260
129149077
72877193
165621330
33300850
131997770
399632919
30564718
370319559
290615622
113684630
99431535
140084010
187360517
24030928
150365470
58673299
725553141
48653615
166057913
511272867
284212756
226012595
231561803
717193
94463868
15910577
66890878
405601979
45935802
458622963
99635160
57115298
477174478
398766268
19214022
68319790
142321225
306436903
230594518
154367625
508668918
155601932
459697272
555483129
147284869
289460691
29145402
579438022
93115041
601995896
704108
60344687
555768513
413146665
550792918
306697241
166322356
562687089
130333746
327204404
151586659
229437184
331026224
397679795
149810688
147468979
151552255
260393098
22564962
32072094
26740406
410324320
53211119
163685370
76623306
677638020
9024060
249570043
120282395
170741374
353510052
742353563
361026761
671441735
397693869
156121132
293222902
169893823
651619907
180180899
6124973
52596289
676401665
94598975
224497915
586326411
611518635
591842952
322722712
538853810
228883524
119145248
303718375
144506241
59678949
346647813
555975968
10919715
378806244
463110612
442964323
182991470
169016218
547378780
740658039
2129756
606116791
147803473
442807697
114902993
82836724
609775704
417404326
280874495
-526602
655723820
487747988
44558043
373813871
413159616
394399802
294808126
6593328
1333660
508883612
100118213
163500224
28137576
79846071
188399368
104943361
531226056
329014546
86462537
33289784
289602353
143512603
385349168
98378743
7981887
366731276
237146841
139913878
485599354
38242222
33060639
275818986
183776421
173397002
117914099
341835635
363128418
324889806
202833673
173598477
365739739
63085795
358452015
170148388
134601295
282879920
45608865
369572374
55969334
254170001
583565857
36830780
257300772
133823219
73757718
79419190
192422582
3026851
302477624
425395105
411435125
38896088
112231895
350715749
451672869
126769830
149587622
160251996
211677626
32350438
139995202
489921922
9236587
65063627
76443247
633395375
111474630
119531862
57283565
367593951
86664816
342376314
35162025
10660636
94789793
207693575
384309274
83370496
333273965
24601189
676633931
180389109
29382222
592594560
148148168
13936597
232716162
521130016
54353819
642220546
28972642
53150968
148760613
45234660
135257092
56077254
34827485
181474886
373821032
23029428
62158480
160223006
110852910
27287146
107013527
376783110
246872222
10740576
70887011
37910275
629221027
224618401
554360602
286821678
14425783
82847067
25272022
179483295
28891313
473698011
32911819
617227601
220390716
635426952
4581120
74566486
169665385
118440932
386489094
21039958
61750021
335109089
547270784
8125064
210648600
226771947
215939860
7307857
527816860
369124054
611474014
9885922
571176816
174895634
235586012
458141307
285362270
393474909
571562820
108175755
124064810
40425440
48510021
26250338
438659001
14402743
138727793
160724178
365693287
6196206
131319993
508227709
301378728
293846420
410452023
192512703
107470947
306440218
230890254
73451259
61064422
523588597
76320103
507124937
636664995
282984697
142873941
80695138
83351010
201789082
53076230
401265148
119333183
564982188
187300423
123066712
307640406
488402308
124765920
551927953
820899
54385565
111997709
310922142
26407443
77656929
342983365
76730375
680587063
584050391
252464658
49547499
659315848
296219975
22788676
277655067
335037485
448230490
90139273
43234080
131418565
56752405
663695204
2513449
77665074
56048002
149824168
149644338
552720473
8717612
817954250
164215550
2902063
312696316
395151013
292181275
18390347
583407369
613390182
10007684
400335214
3929756
24663252
578905393
43151616
335275262
27512808
37170754
700317101
251080526
67399363
554385576
2770098
674555193
36981450
85725531
211979288
88153664
437332060
148576784
214019663
752313622
96671487
247949571
657252515
18930983
496034984
263557916
46587535
269876217
168865589
59208294
69167360
467688866
150716839
296042473
148707520
315826403
144531706
129776668
68379615
282250089
135510520
426475704
263432447
32365403
220415488
53848639
462523414
277691131
127573987
75631347
172591318
532543023
162603685
383713516
443760072
4297396
145573920
12032731
314917929
6725670
271611898
51472281
475185964
435708874
33270935
343642534
81426421
95496919
811690043
209429025
147094872
437409658
43760548
54128700
201612229
224387620
172711717
706960453
46238927
437985363
27501618
452488759
39122349
78812605
133662785
93395457
342672112
384015645
425075297
613200804
235549778
413271399
747526043
32365635
213705791
529410522
217295825
10292976
92702368
215696924
230692192
258103614
30786184
222252698
69663093
14425381
204625161
12933054
25100729
362117433
139895833
115329481
371365988
101049457
258418266
242655623
294891769
327831039
5102929
577479816
392526920
46084203
497095780
167260940
238400241
320800001
191485202
31175219
94673878
143368320
426066866
476470095
236434184
566292399
339874851
315098114
203618962
42018739
434731599
364171711
686122591
166616124
488037112
891995391
521707240
72964994
189990639
791209236
293063920
11698796
455633713
451529352
213436670
43270879
573083132
246384303
66285140
327674494
25794571
37974483
316419202
60461761
292995526
128795614
490326444
149489202
9803662
143870935
193657056
51915921
113032132
31567986
224827981
151035938
5559234
370222119
12081237
438196872
147495219
104562
131884198
130368335
2151427
284891179
180031498
123623007
274766615
213451048
153842337
39599808
2428232
3346209
51162392
43976063
57198317
668831299
190960149
105752013
30751471
452301162
432266694
13007440
31802723
299313537
52493635
23334272
164166058
47056650
722381502
272759164
194874665
108643520
491504883
300491609
156038817
372084748
405855528
158780912
67327860
112701434
228671837
24357475
46226015
119507841
148717822
39480970
82231394
463820107
84703570
588777264
584467219
338774813
409851466
292052932
13303680
41721383
119927814
330292788
393610710
217743957
606426827
58078355
228103705
3341569
8378453
18582355
56501597
23211366
152126606
10375039
294562786
380194783
7930601
402035855
43062833
261029521
280743965
392718082
481293029
13117495
14893849
316965065
5559154
53129943
490680634
624205050
344368936
237246701
211026957
20809752
97535923
344173608
136791327
416312616
329125032
2150880
324367415
240291752
273625718
188179285
174536750
502832891
322673414
44671029
278803686
340043563
45535028
195923019
248261821
176593959
52430338
275168930
425874597
226959800
78128152
221800508
120648145
62600265
176401188
96128602
465060403
402620164
7253016
47882842
325924974
441198947
22533958
285994108
342132162
14820087
528737423
64968897
218580462
18987653
579482767
87779191
79334231
43435797
381635379
445920510
278678969
329960397
747472287
685552779
196058600
10048934
107472999
250378116
170542608
12808216
353133048
366545600
99610330
5397143
147574653
179625912
165533774
615701930
35280594
589764663
146115359
49969810
527780498
95846339
501013347
611990839
2042059
249056540
329095806
217456214
227041245
684384995
308868991
9929254
306176737
244729405
321943352
61388637
44295065
327471114
15693501
582605252
51221564
399283878
250690480
541868012
470099218
171811450
471058086
108732202
83566171
144344030
99064181
94400762
113441207
291146545
165205735
135087927
20867858
199514205
288028286
70942488
552273518
98403064
175505165
569423181
443743620
406425659
172697745
36887368
64256129
294000077
357878791
354143137
66035896
427518509
104555771
94174490
388989181
18032605
128446150
349612431
671540870
11073827
316059499
696731700
339768909
140884981
164456895
109879703
110342965
319905275
12746650
249530286
434435428
205976590
89035497
161951865
65770068
142469030
313833342
226019906
8231429
10744778
191379058
332320795
32722814
20429109
409931544
172795865
2329675
66313116
78308687
85383592
323083537
153824762
35650970
146209994
328165505
16716940
9279001
117838325
375220433
212285058
240529037
131354593
129813944
100893259
491423294
502331204
25348843
158964068
294388099
160419747
150676314
67027661
9781409
639089872
124707983
61778386
152773692
67051896
388581868
381645607
9345326
6998589
9830823
379918853
78614314
102093298
67667123
156109333
93257923
180820848
104437332
157327319
377721759
298988826
333734091
111880467
28022245
291611477
271178934
98024304
302110507
223543983
648235768
221559416
265815387
402654330
793083525
105065712
492922614
54922447
87524678
307295356
567982238
97014941
684083936
93529184
258322175
121867893
26503603
52040407
325459543
150166601
47863784
27899193
411917617
140673675
204154003
22918136
34474938
601494470
166830825
137415574
44106316
109192317
428704436
174762511
144285233
101632316
338466147
71418595
274129015
539743477
100963625
376904057
341572407
420482181
675264212
135228696
55937611
88195282
265611390
26855923
745348862
167268572
557457133
202346312
6518996
131686208
137933319
343808786
495909446
197168959
163514110
862149860
458469113
228538806
37878758
392887129
134624750
117335711
330217431
139447509
37015912
288858897
380561135
140865988
125761290
632508000
214194818
1417909
138753812
48787304
82010008
166981615
43010901
53655905
93897337
58985850
82042259
129831818
374109355
473493539
254285312
352122036
781489526
265059543
162354458
370094209
103052843
88464742
347932549
229595313
1599753
50647309
164323062
154816510
215075485
175527634
59027355
220528294
104788360
345406437
510372074
245561547
424478913
514095759
154871271
195445253
314819547
328557941
431441432
138671151
356117238
41873130
320252208
569382470
32807571
380328352
35344946
17330757
60777849
8419041
239094823
40867128
175405145
93502068
3452307
139900438
510284591
168772428
197457697
375988568
257757054
123740030
42709809
299806300
259606340
8229968
230552766
91613476
569942955
55876710
482521224
212282792
54479761
302619189
9620000
7620235
115818831
17059493
227165777
766444155
113329096
213707500
115618574
284248954
62548701
448109260
23792847
121971531
436845402
165466612
388632049
182518778
659250900
120327193
418856621
1516118
127548529
11771452
203096475
597444922
33254463
391365080
21339427
36099369
416753166
716675216
6194785
4625824
73477963
328834704
249557149
378084250
319581135
53161793
181475326
68724991
270278210
339629548
162716764
318563348
527299277
105593846
68049139
241865578
160340165
219093869
91849454
51217949
505714527
36202691
44675856
222153744
240096168
412647269
156798151
462498097
455034683
746650706
516353364
1616817
47593209
427177823
242162958
7321536
261440130
197474478
439078395
259053835
14652402
540320613
204200240
553742034
52416324
418032658
108264769
663847094
58456629
303295052
4360902
769204206
645080557
51345401
59139674
123694161
136486317
144269380
9871169
423626824
291458677
18600215
97687135
223529828
36175106
425054843
132623037
270574136
229480
480219712
78753871
225367214
544970779
27923920
73251860
320666871
130036524
183729928
109627912
853791835
90633530
23619345
50512838
69655886
376597428
26966883
234867431
73690222
160873564
159073799
19335731
99337078
150376404
97600922
147332462
680963826
500802052
609117253
140226861
218528730
7135210
162643810
466868774
185795989
221555491
143340442
286193999
15212524
559638689
505572171
414307083
681580421
288914401
169001747
94556960
619464243
6663914
191984339
290693464
643606818
107912035
50677882
2845144
103504053
190580025
480513
394251054
710514714
209819407
610694428
265019516
116029669
717017709
91156737
621191114
340590098
228847603
94347213
317650687
369577542
405005728
14947731
148464793
108178309
251312405
447592131
216288731
56543229
28725427
158422057
110917260
214526691
325599120
165043110
118876210
428472892
500641285
220178846
2856494
162784049
38082038
235568468
346999130
247272228
218814293
102391178
233116776
329656281
92084444
45721030
143432554
155407537
98203699
135195488
233312101
97419244
90784622
879239947
102968922
63528494
71242157
371979304
215731636
258701409
130509889
114312242
23511444
222338918
65536118
444500850
341075353
353018190
110390242
488154724
259904190
35655309
374898140
454145109
586676610
