9669834
2150981
1488798
9847819
8403010
5355709
2985959
8403010
1370764
3336984
2334607
9847819
6358908
1488798
9847819
1365536
3336984
1077568
7987383
6771140
2991235
1405692
3836701
1488798
1076807
8992674
2753698
7987383
1519796
8933087
8933087
9847819
9847819
8077942
2701055
6407910
1558326
4592469
6872493
6407910
1370764
9847819
9847819
9847819
8992674
6156128
978950
8933087
3129276
8077942
8933087
2589670
6888985
8933087
5277484
8077942
3336984
1182545
1076807
2318608
9847819
5552765
8077942
9847819
6888985
3546989
7706589
8933087
8992674
2318608
8933087
9847819
1284858
1756075
2589670
3257050
8933087
5852811
894937
2991235
3546989
3496802
8933087
8992674
6223188
7987383
3546989
9847819
2397261
6276304
5288674
8933087
6767543
9317742
3165400
1347689
8933087
9847819
8933087
9847819
9847819
2589670
9847819
1678824
1906255
4806653
2589670
3546989
9847819
6888985
1370764
1370764
5346554
2589670
1046367
1488798
3808709
6888985
9847819
3546989
9847819
6767543
3087827
6888985
6888985
9847819
1405692
1273877
1641256
2991235
3336984
3546989
3087827
8933087
8992674
8933087
5274510
8933087
9847819
3951508
3546989
8077942
2589670
2391280
4623527
1405692
5288674
6771140
3546989
6771140
6888985
1377148
9317742
976099
9847819
3546989
2856253
1370764
8077942
2589670
4276576
1370764
9847819
8077942
7828509
2143023
8933087
926028
1182545
9847819
2589670
9847819
8403010
1076807
4695809
976099
4089501
8933087
8077942
3546989
9847819
8933087
6033840
8933087
2491505
1906255
4312928
282853
2607985
1488798
1488798
495958
8933087
1731676
7342642
8933087
791955
1906255
3342241
5504188
8933087
8933087
9847819
1347689
3336984
8403010
1210827
4312928
4251716
6771140
4419365
7660963
8992674
8933087
6407910
1284858
5227660
1020824
3546989
4981830
2551733
4937773
8077942
8933087
8933087
8933087
8933087
1488798
2031722
9847819
3959906
8933087
2804208
3546989
2397261
2991235
1405692
9096190
4230643
1202867
8933087
1370764
7987383
1655524
8403010
8992674
3087827
9847819
1347689
3087827
860115
1273877
5852811
183322
3808709
1938099
8933087
5915995
8933087
1598993
8933087
3336984
1370764
4806653
3768382
7390473
5504188
8933087
1718963
8077942
8403010
4251716
9847819
2566847
6008590
3336984
4251716
9847819
5245096
6824721
2397261
3983373
7706589
2334607
6767543
8933087
4419365
7099787
6033840
2589670
1926810
1405692
8933087
981546
9847819
5504359
889214
6315069
9847819
8293167
3776197
8933087
3342241
8933087
1405692
7987383
8933087
3546989
190130
5852811
3087827
1370764
4623527
5551631
3477111
3336984
3454610
3659353
1488798
5671734
9847819
2589670
2589670
7987383
1792599
8933087
3336984
8403010
1329598
8403010
6033840
4806653
9317742
1370764
569361
4202754
8933087
9626267
5625349
9847819
8992674
1841507
8933087
2589670
3546989
3173753
7777991
8451767
8933087
2589670
2589670
4237044
8933087
8933087
9847819
1370764
8077942
8933087
6888985
8933087
8933087
1699030
1405692
7857637
2589670
8403010
9847819
6771140
8933087
6888985
731909
2402264
6407910
3058964
1076807
2068428
6767543
3477111
2589670
9847819
6771140
4623527
2607985
9847819
2589670
1370764
6771140
4251716
7132238
4312928
6844207
1990271
9847819
6448129
2268574
1906255
8933087
4217778
9847819
1534815
1347689
9847819
1076807
8077942
8933087
8933087
8933087
1320266
2589670
2991235
981546
8933087
8933087
1605412
8575695
9847819
873921
9847819
9847819
8933087
1157138
8933087
3546989
8992674
3058964
9847819
636510
9847819
6888985
1405692
8771122
1370764
1274427
8933087
4276576
8992674
8933087
4251716
7457306
8933087
1076807
3294235
7987383
2860076
1076807
2059593
8933087
3087827
2397261
3342241
1054051
1020824
1906255
1370764
3336984
3546989
1076807
8933087
3336984
5616861
8933087
1295936
1388419
1405692
4623527
4237044
8933087
8933087
8933087
1977804
873921
5552765
4251716
3546989
4806653
4825632
6888985
8933087
3094515
7192004
5662487
5552765
1598993
8933087
1370764
8933087
4806653
5288674
3546989
9847819
1405692
3546989
8933087
1370764
5507201
672923
9847819
3058964
8992674
8992674
8933087
8933087
8933087
2589670
1050057
7987383
3087827
3546989
4623527
5288674
8403010
6771140
2143023
2589670
1405692
6358908
7987383
9847819
9847819
5288674
8933087
3460086
7660963
2589670
1020824
8933087
1405692
2479503
9847819
976099
4640363
1841507
6771140
6888985
8933087
2064869
9847819
5069652
8077942
2804208
2753698
2985959
8933087
2753698
4806653
2791463
5132510
4806653
8992674
1248031
9847819
1405692
6341282
1219362
1938099
7987383
8933087
3336984
8933087
2985959
8077942
7987383
926028
8992674
1020824
9847819
6888985
8933087
3087827
2589670
4089501
3546989
894937
9847819
2589670
1370764
7132238
8933087
8933087
8077942
873921
6008590
1906255
9847819
6241063
2991235
2422060
1543251
4623527
9847819
8933087
9847819
2522611
437523
7987383
8933087
1796385
4251716
1370764
3325437
9847819
1756075
8933087
2985959
8933087
3336984
1906255
8403010
3336984
9847819
567202
8933087
9847819
8103939
8933087
1405692
7987383
9847819
8933087
9847819
6628585
5552765
1020824
9847819
3690864
6923322
3776197
2589670
3546989
4237044
681455
8077942
1076807
3348271
2391280
3336984
396003
1370764
2564611
2589670
8077942
1396637
9847819
6888985
6315069
5885268
1938099
1613796
926028
1020824
3546989
5274510
1405692
2397261
6888985
1370764
590217
1787751
4806653
8933087
9847819
4169090
3336984
8933087
1405692
9847819
1906255
1266308
8077942
5552765
3546989
3546989
635054
7660963
1906255
9847819
926028
1370764
9806180
3336984
8077942
1718963
3583083
7457306
1906255
2607985
6923322
7433822
8403010
9847819
1488798
3546989
4089501
2397261
1076807
2589670
3336984
3524876
8933087
2589670
505263
1906255
3808709
1370764
6780276
7660963
2698662
3476291
8933087
1157138
284982
2589670
3087827
3529811
2589670
8933087
3336984
2589670
9847819
9847819
8933087
1107146
4251716
7586724
1405692
8933087
2589670
1076807
5616861
8933087
8992674
1487069
2936305
8403010
2589670
2391280
8933087
8933087
4558484
8188052
3336984
553920
1076807
8933087
6888985
1370764
2985959
4806653
8077942
9317742
2318608
9317742
4089501
8077942
3336984
3087827
3336984
8403010
9847819
3546989
2397261
5877833
781838
8403010
9847819
6475741
1273877
1405692
1370764
2059593
6888985
4422732
3546989
6888985
2589670
8933087
3546989
1405692
8933087
3281990
8077942
2589670
4237044
1906255
1020824
2589670
1370764
3087827
9847819
2766886
3336984
3546989
5504188
9211897
9317742
9847819
6771140
8077942
3336984
9847819
2402264
3483413
9847819
1614250
8933087
6760885
3546989
3546989
3336984
7987383
8933087
4500564
3336984
5346554
464774
358683
3546989
762465
2397261
2589670
3336984
8933087
8648030
9847819
8077942
2059593
2589670
8933087
2589670
9847819
8933087
9847819
9847819
3336984
3546989
3546989
3659353
6888985
1906255
2589670
2729019
3546989
3546989
6033840
1488798
8933087
6425366
1295936
8992674
801026
6771140
2589670
1974423
1370764
4089501
4237044
495958
3836701
8933087
8933087
8403010
2205688
3336984
1347689
2589670
7987383
3336984
7998367
9847819
1990271
8933087
1020824
8077942
3583083
3546989
736277
6771140
2473712
9806180
7310353
8933087
1076807
6008590
1906255
5551631
6767543
8077942
8403010
8933087
4636899
3381899
8128701
736277
8933087
2589670
6131283
8933087
2701055
1271991
7987383
1488798
523925
671862
1370764
9847819
6771140
2991235
1076807
8992674
9847819
4806653
3327634
345113
7998367
8077942
8621321
8244993
7660963
5227660
8933087
6008590
8933087
9847819
1845611
8314540
8077942
5616861
6003136
3336984
6260429
637352
3546989
8451767
9847819
8933087
3336984
9847819
1796385
731909
2208733
3336984
8933087
8933087
889214
6650982
4312928
8077942
4558484
6117108
1370764
8273176
984248
4806653
9626267
9847819
1370764
5504188
8933087
2589670
1347689
3476291
9847819
1284858
2589670
1370764
7203927
3336984
4030164
7987383
6771140
1606029
2507836
6888985
3546989
1294873
9847819
1906255
2678840
3087827
1076807
3546989
3546989
5043170
2952137
6888985
6131283
651307
9847819
8933087
9847819
3546989
4089501
8992674
3053028
8933087
8933087
3336984
1020824
4251716
3546989
1841507
5852811
3546989
6771140
1787751
8933087
672320
3087827
6888985
1370764
8077942
2985959
2015503
1295936
6407910
1488798
66560
8403010
8933087
1377754
3094515
8992674
8077942
7987383
8933087
1405692
3477111
8933087
2589670
8077942
1718963
8933087
8933087
8992674
9847819
2589670
2397261
8933087
6888985
3336984
7987383
8933087
8933087
5915995
3336984
7998367
5355709
3583083
282430
1092644
6888985
8077942
4558484
2589670
5288674
8933087
8933087
6923322
9847819
8933087
8933087
8992674
8933087
1036901
926028
8933087
3583083
1960087
9847819
7998367
9317742
8992674
3659353
9847819
5504188
4251716
8933087
2589670
2589670
497580
6141666
7987383
8077942
8933087
9847819
2571925
4433529
8933087
495958
5551631
9847819
2589670
8933087
2991235
8403010
8933087
3357550
3546989
1050057
2551733
1796385
8077942
1347689
2701055
2589670
1796385
3087827
6358908
556683
8403010
8933087
210375
3058964
5915995
1347689
1718963
3257050
6767543
9847819
894937
2589670
7987383
8077942
3058964
2589670
7132238
1598993
1020824
911232
8933087
1756075
3546989
9847819
2589670
7987383
6008590
6418920
2286421
4758597
3087827
2059593
9847819
1020824
4690929
8992674
2397261
2589670
8933087
1488798
1076807
6771140
8992674
8933087
8933087
1370764
1906255
1488798
1906255
8933087
9847819
8933087
2964920
7987383
8933087
9847819
1405692
3336984
3546989
2589670
9847819
976099
1020824
9847819
5062886
9847819
1370764
3973671
3087827
2059593
358683
675342
4093140
2589670
2589670
9847819
1488798
2589670
5673808
4297180
9847819
2276917
6418920
9847819
4179086
2622144
3659353
1938099
6771140
8933087
9847819
8403010
9847819
1347689
2753698
8077942
3851933
893037
1990271
3546989
8933087
2701055
2753698
3938686
2821539
6407910
2589670
6223188
6033840
9317742
1906255
7471519
3058964
5504188
8077942
1320266
3659353
8933087
2268826
1370764
6888985
3367224
8933087
3087827
8933087
8933087
8933087
6888985
8992674
6888985
7987383
9847819
6771140
1370764
1365536
2551733
596201
8077942
2551733
8992674
1020824
3087827
5504188
1405692
9317742
8933087
1906255
3087827
8933087
1426189
9847819
656615
9626267
9847819
7457306
8992674
9847819
2589670
9847819
1370764
6407910
9847819
3546989
6771140
5504188
8992674
1906255
2149007
1076807
1347689
6771140
8077942
9847819
8933087
1347689
5125002
8077942
3087827
664273
2952137
8933087
1370764
8933087
5773440
3336984
8403010
6771140
1370764
5852811
4251716
3546989
9847819
1426189
3087827
1884220
1156768
8992674
8933087
2257017
9847819
6448129
1718963
9847819
7987383
7835730
8933087
9847819
8933087
6872493
2830493
1906255
2991235
1370764
7987383
5542622
8992674
4806653
8077942
1157138
6888985
8933087
6322197
2589670
2334607
8933087
8992674
6715259
8933087
7706589
3454610
2616016
2257017
3336984
497580
2143023
9847819
3546989
4251716
8865268
9317742
2589670
979399
8933087
3058964
1347689
1709190
7987383
1405692
6561121
2589670
932333
409136
8077942
8933087
9847819
9847819
3336984
3336984
2753698
8933087
6888985
1488798
2985959
2589670
8621321
7987383
8933087
4251716
2589670
4251716
6033840
2566847
3546989
1076807
2150981
2357087
5288674
816938
8933087
8992674
8933087
3546989
9847819
2589670
3546989
8077942
8933087
3336984
3546989
1284858
2589670
1926810
2589670
6767543
1076807
1906255
8933087
5387341
2143023
2215589
8933087
3851933
2149870
8933087
6131283
9847819
5288674
1806467
8933087
1370764
5574506
3546989
6241063
4806653
2589670
4419365
9847819
2589670
5181412
6425366
1347689
2239627
894937
6888985
8933087
2985959
1405692
9847819
3336984
3546989
8933087
9847819
3504530
8763621
1405692
1859775
8933087
7137920
2566847
2589670
4806653
4322714
4312928
1045720
3568396
8933087
2059593
731909
8992674
7402570
4312928
3094515
1488798
8933087
2699394
5852811
2402264
7998367
2603681
1347689
2589670
9317742
1405692
2589670
5266534
1370764
8077942
1312547
9317742
1370764
939797
9847819
7660963
976099
2589670
681602
3053006
8933087
9847819
2589670
8933087
8403010
2391280
2589670
7987383
7538707
8621321
1405692
4251716
1370764
9847819
8992674
1938099
8933087
5502425
8403010
8933087
5504188
1092644
1598993
8403010
6767543
3546989
2589670
8933087
3546989
8403010
2204987
4312928
3546989
5288674
9847819
9847819
1405692
8933087
2701055
4788418
2589670
7987383
3381899
1426189
4431822
8933087
7660963
1070524
4806653
9847819
6223188
1488798
2952137
5504188
8933087
1734670
8933087
2589670
1488798
2589670
4251716
2607985
2701055
7706589
4623527
2538761
4870722
3546989
8077942
7987383
3776197
1370764
2589670
8933087
6767543
6358908
7987383
1076807
9847819
9847819
6960743
3087827
3087827
7987383
1347689
871838
1279099
1974423
1157138
8403010
9847819
1906255
8933087
1370764
1845611
1756075
4623527
6407910
8933087
3087827
8933087
1295936
8403010
1488798
1347689
4251716
7402570
2753698
9847819
8933087
392779
8933087
1076807
1906255
2059593
9847819
4907107
1906255
8933087
8933087
2621966
734856
1796385
8992674
553920
632926
1405692
925425
6771140
8933087
1370764
8992674
1128623
3053028
2397261
8933087
1076807
3087827
8933087
2621966
2040807
8933087
9847819
2589670
276392
9847819
2592797
4312928
8403010
2701055
4623527
3546989
8933087
3477111
6771140
4805979
4274251
1370764
4500564
2701055
3058964
2397261
6475741
2589670
1370764
8933087
3451247
3546989
885520
8992674
8403010
3547901
1906255
8933087
2268574
3546989
4623527
7660963
3336984
874097
6407910
5852811
6008590
8933087
7402570
7706589
3058964
2566847
9847819
2397261
8933087
8898201
9847819
4251716
1076807
4419365
8933087
3087827
7987383
1906255
3685060
9847819
9847819
8933087
8403010
6888985
6767543
9847819
4312928
8933087
1405692
8933087
1370764
3336984
9847819
3546989
9847819
1488798
1370764
2952137
1906255
8933087
1025982
9847819
2952137
3087827
8992674
1370764
9847819
2952137
6888985
2589670
9847819
8077942
8403010
3659353
2589670
3546989
6771140
1104478
5288674
2674034
7132238
3546989
2979011
9847819
8933087
6358908
5773440
3336984
5274510
3129276
1664696
2096992
6407910
2397261
1906255
6923322
2621146
8933087
9847819
1405692
8933087
8933087
8077942
9395345
9847819
1884220
1488798
2589670
2589670
3336984
2143023
9847819
1370764
2397091
5486902
949507
1128623
9806180
993822
6276304
7536401
3546989
8077942
1370764
1370764
2589670
8933087
318350
4775186
1174330
9847819
9847819
1488798
7987383
8403010
4114357
7987383
2059593
4623527
3524876
1405692
7706589
9847819
8933087
1370764
1488798
8933087
6033840
9847819
6888985
8077942
8403010
984248
1938099
4251716
1938099
3546989
8933087
7402570
1405692
5288674
3659353
8933087
6888985
8992674
5504188
8077942
4439767
8933087
8077942
8933087
3546989
9847819
2589670
4825632
4251716
3336984
1370764
5504188
2551733
8933087
1020824
2074396
1157138
8992674
7689984
9120979
8933087
2589670
658903
2093881
1284858
8307906
557905
1295936
8933087
8706136
3336984
2589670
9847819
4251716
8992674
9847819
9317742
2589670
6033840
1845611
1405692
6407910
6771140
4312928
731909
8933087
8933087
4907107
8933087
3659353
505263
2985959
4806653
3087827
8933087
8706136
1488798
8771122
3583083
9847819
4806653
9847819
8933087
8933087
8933087
8933087
4806653
1906255
9847819
1284858
1488798
3477111
2551733
1906255
8077942
5062886
1020824
656615
3087827
4112026
3336984
8933087
1076807
6771140
6008590
1076807
3546989
4251716
7796683
2753698
1365536
7132238
3087827
782963
913841
3165400
3546989
8933087
2979011
1020824
9847819
6809813
8933087
5266534
2589670
8933087
2991235
4623527
6771140
1347689
9395345
8933087
9847819
1370764
9847819
8403010
1370764
3336984
2621966
7660963
1405692
3546989
6771140
2589670
8077942
2589670
1405692
5227660
9847819
7835730
8403010
3061541
8933087
3808709
4806653
6628585
5288674
4251716
7998367
4911233
6407910
7987383
8933087
4623527
568963
6628585
8933087
7987383
8933087
2286421
8077942
8933087
2589670
3336984
5852811
731909
1370764
9847819
8077942
1370764
8933087
1273877
8992674
8933087
5552765
2055831
7987383
3087827
4806653
1370764
6888985
4312928
7835730
4623527
8933087
1405692
9395345
9847819
3336984
3221345
8933087
1906255
7143222
4179335
4811554
7660963
5274510
9753346
2531063
6888985
1370764
1405692
1906255
3546989
8933087
3336984
6260429
1076807
4251716
2589670
6888985
8933087
5915995
7143222
1370764
3659353
9847819
1370764
1370764
2589670
991999
3336984
2397261
1027305
2607985
8933087
9847819
2701055
2589670
6407910
8992674
6276304
1906255
9847819
8933087
4251716
2952137
8103939
2391280
640033
2952137
973715
7987383
1906255
3546989
3583083
1370764
3546989
1488798
8933087
7987383
3476291
8933087
8128701
8933087
8992674
731909
980745
3460086
9847819
5272798
1370764
6771140
2059593
9847819
2991235
830384
1108864
8077942
6767543
4806653
3397029
4251716
8933087
9847819
9830074
8933087
3546989
8077942
3039998
9395345
2991235
8403010
9847819
221120
8933087
1938099
5852811
731909
4251716
9847819
6771140
1284858
8933087
8933087
9847819
1279099
8933087
2194234
3690864
5504188
8933087
8403010
6418920
3336984
894937
4312928
1370764
4251716
5504188
3173753
9847819
8933087
6888985
8077942
648762
1370764
8992674
6767543
5852811
9317742
1108864
1405692
9626267
8992674
8933087
9847819
1906255
5227660
1405692
8933087
6407910
670204
8451767
8933087
8933087
1076807
3583083
8077942
2991235
6809813
6888985
8077942
7031840
9847819
952654
7987383
1370764
3583083
2589670
9317742
8077942
1488798
5066965
1370764
3546989
8077942
3261427
9847819
8077942
8403010
8992674
3336984
1273877
8933087
8933087
8077942
6276304
976099
4312928
3367224
6418920
8933087
3058964
2143023
7457306
2350013
9847819
1076807
9847819
4251716
1488798
1488798
7132238
4623527
2991235
9847819
3768382
862015
3873686
8933087
3460086
9847819
7706589
9847819
9847819
2391280
8933087
3546989
1938099
8933087
6771140
8933087
1370764
175288
409231
9847819
4433529
8933087
1906255
1488798
9847819
9847819
557905
3546989
7998367
4251716
5750297
9847819
1370764
731909
3087827
3336984
302625
840602
8933087
8933087
3546989
4217778
7310353
6760885
1172472
3336984
2397261
9847819
1347689
1756075
4089501
6888985
8992674
7987383
1877904
4623527
1320266
6923322
3546989
7293344
663622
9847819
3087827
1906255
1488798
7506063
2081017
9847819
2364319
9847819
8933087
7706589
8933087
1076807
3546989
3184600
9847819
8403010
6008590
4312928
9847819
636510
3336984
3087827
1284858
3546989
6407910
3058964
7402570
7987383
6844207
9847819
7724545
2753698
2985959
6547425
2143023
1405692
1841507
3336984
3058964
8933087
8077942
3087827
2804208
1761140
3367224
7987383
3873686
6418920
3546989
3583083
8933087
8933087
3691195
8403010
6418920
6771140
8127871
6771140
6888985
4217778
7660963
9847819
8077942
6888985
3381899
7987383
9626267
8933087
8132348
7132238
976099
3951508
4217778
976099
8293897
9847819
2684247
3173753
2077127
8933087
7254522
4251716
913751
3336984
1273877
3546989
1405692
2589670
6925887
8933087
1906255
3546989
5852811
2334607
3336984
9847819
3476291
6888985
3058964
984248
3836701
1020824
323877
981546
4251716
63419
2657040
9847819
1370764
8077942
981546
2589670
7987383
3477111
1370764
3477111
8992674
404675
5288674
1906255
3336984
2215589
5227660
6246201
1488798
976099
2589670
3087827
3336984
8933087
8992674
8077942
1347689
2589670
8933087
6771140
6241063
281106
8933087
984248
2202551
1806467
6888985
7987383
5288674
6888985
5355709
9847819
2059593
3477111
3367224
7132238
3336984
1488798
1050057
4089501
7132238
1347689
8933087
8933087
4251716
3546989
6771140
3477111
976099
9847819
7987383
1370764
3106382
6418920
5552765
3336984
1405692
8403010
873921
1370764
9626267
1488798
2589670
3546989
1284858
9847819
7998367
6771140
3546989
3659353
8992674
1370764
8933087
6407910
1076807
8933087
7987383
8077942
8933087
3546989
9120979
1370764
3087827
873921
1553916
8933087
7132238
8933087
8077942
4251716
5852811
5390247
6888985
1157138
2286421
1906255
1761119
3087827
7987383
8293167
4251716
8933087
7660963
8933087
1906255
9043433
8933087
8933087
1226392
1726377
3546989
1370764
7402570
3690864
8933087
6771140
2589670
1370764
1012225
1841507
3325437
3336984
2589670
1906255
2766886
1635513
2936305
1488798
464774
1370764
890781
1377148
2952137
2257642
8933087
8403010
6407910
2391280
125194
6358908
8188052
1370764
443215
8769732
2701055
7987383
1405692
5274510
9847819
9847819
1911741
8992674
8403010
1273877
8933087
1938099
2589670
6033840
7987383
7402570
1076807
5852811
9847819
8933087
2236809
1938099
6771140
6888985
8933087
8077942
1405692
1718963
1786577
7987383
1906255
1370764
2589670
3294235
6628585
8933087
9847819
2357087
6888985
7987383
1370764
8077942
7987383
551693
5227660
2589670
7660963
9847819
5915995
9847819
2621146
8933087
6888985
1906255
1405692
7015181
3546989
6008590
2589670
4251716
6223188
3336984
9317742
2313162
8077942
9847819
9847819
7402570
3336984
6767543
8077942
3477111
1370764
8933087
5915995
881893
3336984
2576101
6715259
1157138
9395345
9317742
6117108
5288674
1405692
8933087
6888985
8933087
181745
2865408
2753698
7402570
8933087
7402570
2589670
4918091
423119
2672237
6335173
3460086
8077942
3546989
1347689
3659353
8403010
1938099
6809813
1076807
2589670
3698011
3546989
2978988
7987383
8992674
8933087
5274510
6407910
8077942
9847819
8933087
4251716
8992674
9847819
229404
8933087
9847819
736277
8933087
4806653
9847819
6117108
8933087
793651
1370764
6888985
9847819
8933087
1353837
3546989
9847819
2952137
8933087
1370764
5504188
2551733
9847819
1488798
3336984
5883827
5117486
8933087
8992674
4312928
1488798
3058964
8077942
6551493
6771140
9847819
9100633
6033840
8077942
3336984
4251716
9120979
8933087
869400
2952137
8933087
7137920
6260429
1906255
6771140
2589670
2143023
8933087
436812
8933087
3546989
7660963
9395345
8933087
1370764
1598993
8933087
9847819
2589670
4623527
1405692
8077942
6767543
4623527
862158
4687492
8933087
7998367
3087827
8933087
9847819
8933087
9847819
5117486
5852811
1273877
6008590
1614271
2589670
8933087
3087827
2397261
5148280
3546989
936206
1906255
2835373
6407910
2589670
6888985
2474952
2589670
9847819
3087827
2589670
7987383
392779
3336984
8077942
2286421
1598993
1370764
4237044
2059593
8933087
3087827
3087827
8933087
9847819
2059593
6888985
8933087
1108864
1370764
8924283
1488798
3546989
2589670
1841507
464774
1543251
1488798
9847819
3325437
4179086
8992674
9317742
3087827
3336984
8992674
8933087
9847819
6888985
8933087
8933087
1488798
2589670
414948
5915995
9847819
8933087
8933087
8933087
8933087
8451767
8933087
8933087
3336984
4312928
1054051
9626267
760435
7031840
7987383
7987383
8933087
4274251
7987383
926028
6771140
8933087
3087827
3173753
4636899
3546989
8077942
5504188
7378435
7998367
3336984
1370764
1488798
5852811
9847819
6923322
6771140
8403010
1370764
6888985
8933087
1045720
1598993
3336984
3546989
7987383
1108864
283756
8933087
8992674
9847819
5385218
9317742
1370764
4251716
1906255
8933087
2391280
8933087
8933087
4592469
1405692
5504188
2397261
2391280
8933087
8403010
8865268
1929519
8933087
3476291
8933087
1405692
1062028
1104778
2304942
8992674
8933087
6888985
1220759
8933087
8933087
1178194
4208967
8933087
7706589
6888985
6418920
3477111
2059593
3336984
6888985
3572807
5552765
9847819
9847819
2551733
8992674
8933087
2589670
1076807
2991235
3336984
1405692
4251716
8992674
8077942
7402570
6008590
656615
5852811
2684247
1405692
8992674
1405692
1405692
6033840
1347689
8933087
4202754
2589670
6888985
9847819
976099
8933087
1785284
3336984
3058964
8933087
8933087
1157138
4530073
4623527
3546989
8992674
4673780
1370764
8933087
4860609
3452516
4623527
2589670
8933087
7796683
5288674
8933087
6033840
8933087
497580
8933087
7137920
3336984
8933087
1146778
1076807
9847819
8933087
2391280
5274510
5288674
1488798
6888985
5915995
1906255
3598598
3327634
2589670
1108864
2059593
8992674
8992674
4089501
1347689
3245518
8933087
9847819
1076807
8077942
1273877
1906255
636510
3336984
8933087
2391280
3583083
8933087
4274251
5274510
7777991
8933087
3342241
2589670
1370764
5390247
8933087
2589670
6771140
9847819
4237044
1370764
6475741
8933087
8933087
6888985
1906255
2589670
2952137
731909
9847819
8933087
8933087
6767543
9847819
1284858
8933087
8388255
3546989
3058964
3477111
1906255
1020824
1405692
4907107
9847819
1020824
6407910
1020824
5355709
8933087
1284858
6407910
5502425
8992674
2589670
7987383
1441823
8933087
8933087
6407910
8047238
3087827
8933087
2753698
9847819
8077942
1405692
2589670
978322
2589670
6315069
3336984
3336984
2391280
4093450
1906255
9847819
8077942
1370764
5915995
1906255
6771140
2397261
2952137
3546989
4251716
3546989
4806653
4089501
2753698
3546989
492704
1405692
3546989
2952137
7987383
1020824
2990168
1405692
5852828
9847819
2690194
9395345
3546989
9847819
5852811
6771140
1076807
6888985
2539764
8933087
951207
2769683
3659353
2143023
1938099
7987383
6888985
1020824
4907107
2996526
1488798
1906255
4623527
9847819
6771140
409231
7003360
3546989
5499016
8933087
8540200
2566847
8933087
8933087
2589670
1370764
1092644
8933087
2635353
1370764
2566847
6033840
8933087
2936305
6888985
8933087
8933087
8933087
3087827
3294235
8933087
2589670
3683927
8933087
4623527
8933087
1370764
8077942
9847819
8933087
1273877
8077942
3406092
4683747
8992674
8933087
2769683
2589670
8933087
6888985
1906255
8933087
1405692
4623527
9626267
3087827
3546989
1370764
3094515
7987383
981546
2334607
3620685
2589670
6872493
2551733
1938099
8933087
6455208
1841507
8621321
9450163
3378208
644758
9395345
8992674
9847819
862158
8077942
6767543
3087827
2701055
1907749
8933087
3559424
1712371
9847819
3337259
8403010
8077942
3087827
9317742
6888985
301971
8992674
5227660
2364319
6008590
6888985
8933087
4312928
1488798
3272074
596267
3546989
2391280
7987383
2397261
4907107
8077942
8933087
2059593
6760885
4419365
4251716
867085
8769732
1347689
8933087
8403010
1938099
2589670
3768382
5995445
2215589
8077942
6418920
8933087
3973671
9847819
1020824
3776197
1370764
6771140
1906255
3340432
6888985
6888985
7402570
7987383
4237044
8056701
5852811
6407910
8251166
9847819
8933087
734856
1370764
6407910
898551
1598993
1405692
2589670
8933087
1076807
2589670
2589670
2683379
3087827
6197368
1966227
8077942
1157138
1488798
8933087
8933087
3015991
8621321
835778
1076807
8992674
6767543
3477111
8933087
3336984
1488798
9847819
8403010
8933087
8077942
4433529
2391280
9317742
3546989
3336984
4806653
8933087
7031840
926028
1666749
3336984
9847819
4636899
3546989
5852811
3546989
1488798
8933087
2397261
8933087
6358908
8933087
3336984
6358908
2059593
9317742
7987383
7998367
8933087
8933087
3336984
2589670
4751433
1543251
8933087
8933087
9847819
9847819
1157138
5043170
6771140
2397261
3546989
2551733
5504188
4251716
9847819
2397261
6767543
1076807
8933087
9847819
7777991
4623527
8077942
4636899
4623527
2753698
3546989
6341282
3546989
6925887
2589670
8403010
1284858
336021
1906255
2589670
8077942
6276304
3454610
2059593
9847819
4697715
7201556
8077942
3590209
9847819
3336984
7457306
3851933
8933087
2589670
553920
1370764
6771140
1370764
1960087
3087827
9317742
9847819
7987383
2215589
1796385
3546989
1488798
1157138
3476291
9847819
4558484
6888985
9847819
656615
500648
9847819
3336984
3582084
1752086
3546989
1488798
1756427
9847819
5603524
759438
2589670
9847819
1405692
7987383
2360987
9847819
7987383
2589670
1621143
3087827
1405692
2589670
588174
8771122
6628585
8933087
1370764
6771140
8933087
588174
5538892
8127871
2991235
1273877
1370764
9847819
2684247
1906255
5504188
298069
949507
608253
4089501
9847819
8933087
811968
8933087
6888985
390174
9847819
6418920
8933087
6771140
9847819
8933087
2996788
8933087
2991235
6888985
7987383
7402570
8077942
2753698
4330364
4623527
2666638
6641020
1405692
4690929
5062886
5390247
8992674
5288674
7132238
6033840
3546989
1405692
1906255
7132238
4330364
8933087
3771046
5852811
3659353
7256014
2589670
1370764
2684247
8992674
5852811
8933087
2589670
8933087
3546989
8933087
3336984
8933087
6418920
9847819
2753698
6358908
6033840
3546989
3959906
9847819
3087827
976099
8403010
2624528
1751280
1370764
1370764
731909
3336984
2059593
8933087
3336984
8933087
6407910
6033840
6117108
7998367
2772324
9847819
7031840
8540200
8933087
5288674
2947034
1488798
2589670
8077942
1370764
7706589
8933087
1271991
5227660
9847819
1405692
8933087
8933087
3369004
8933087
2589670
9847819
1370764
3546989
4089501
6888985
6033840
2952137
1906255
8933087
2589670
6771140
6418920
5773440
7660963
7310353
1827010
6771140
9395345
3768382
8077942
7070860
8933087
3336984
7242251
1906255
696287
8933087
1938099
3546989
7987383
6771140
3087827
1370764
7777991
3620685
8933087
6888985
9847819
1598993
9847819
3546989
8056102
1108864
3546989
3546989
9847819
1938099
4251716
2589670
2589670
6033840
4558484
8992674
9847819
3397029
7987383
8403010
1318130
9847819
2589670
1405692
8933087
8077942
758944
1405692
9847819
1906255
7132238
8933087
6888985
2391280
348364
3336984
9847819
8933087
7306548
8077942
8077942
2589670
1938099
1370764
1370764
1488798
656615
8933087
4217778
8077942
8933087
1347689
4592469
2589670
6888985
9847819
3546989
6771140
5852811
8933087
9847819
418343
1370764
8933087
8128701
3546989
4251716
8077942
2500253
4806653
566344
1405692
8933087
164386
2589670
7987383
9847819
159150
8933087
8714978
8077942
8403010
8933087
2589670
1906255
4744433
8933087
2991235
9102784
8403010
1370764
8933087
3336984
2210392
3058964
8933087
8933087
2391280
8933087
9847819
6033840
1405692
6888985
8575695
6888985
9317742
9847819
3659353
8933087
8992674
3546989
7987383
2589670
1284858
8933087
4500564
2589670
4251716
8933087
1718963
1405692
9847819
9847819
8992674
9847819
5277484
1370764
1488798
5504188
2143023
8933087
3336984
1726377
691002
1370764
2589670
9847819
6771140
6809813
6923322
1157138
9847819
4623527
2551733
505615
3477111
8933087
2952137
2589670
362798
8933087
1089994
2589670
7987383
3336984
2143023
8933087
8933087
8540200
2298288
175434
8933087
2589670
9847819
2589670
8933087
5552765
4251716
2551733
663935
302625
3336984
6888985
894937
3546989
1405692
1347689
5227660
9847819
5915995
1370764
8933087
716367
3546989
7987383
3477111
3336984
3087827
6844207
4312928
6771140
6418920
1883840
1076807
8077942
8933087
1488798
2589670
9847819
8933087
1284858
9626267
2589670
3087827
6888985
9847819
731909
8403010
1405692
5817317
1284858
8933087
3546989
1370764
3460086
8077942
9317742
731909
7402570
5387341
3336984
7987383
9317742
2589670
2397261
6715259
976099
5227660
9847819
2589670
3659353
2397261
9847819
8933087
4251716
8933087
8933087
5852811
8933087
6067582
5989062
8933087
3336984
4758597
9847819
6767543
1076807
1157138
2589670
1273877
1370764
1405692
3326368
1273877
3546989
8933087
8933087
9317742
7987383
8403010
8077942
3951508
8933087
9847819
3546989
5616861
9847819
1273877
4592469
1284858
741415
5852811
8992674
8933087
8933087
6888985
4251716
6888985
2143023
1370764
1595685
2890997
8933087
596451
3087827
6888985
2589670
3546989
4907107
4690929
1558326
1405692
1054051
8077942
6888985
8627006
7987383
1020824
7987383
3336984
2589670
8933087
4193950
2589670
8933087
8933087
9157083
9847819
2589670
6407910
8933087
4251716
1906255
1488798
4558484
7470801
1426020
6888985
9847819
3058964
7987383
9847819
9847819
1532682
6767543
5274510
8933087
8933087
8992674
1370764
1347689
5852811
502959
310767
413093
3546989
1298757
3546989
3776197
2095962
1488798
6888985
2589670
8933087
1405692
8933087
8933087
9847819
3476291
6888985
8933087
1248031
1488798
6134380
9847819
656615
1405692
8933087
9847819
2991235
1020824
2004113
8933087
3477111
9847819
384158
7390473
2589670
9317742
949507
3336984
1405692
6888985
731909
3336984
3546989
2391280
9847819
4252835
1841507
3546989
1370764
7987383
1696722
8077942
4237044
7987383
6771140
1405692
8933087
1157138
3546989
1370764
8933087
9395345
8933087
9847819
2701055
3546989
3659353
7724545
1108864
8933087
8933087
4623527
6033840
8933087
3087827
3336984
2592797
8933087
1635513
6888985
9847819
7987383
5551631
4243335
6771140
1020824
7987383
4089501
6888985
8933087
8077942
3477111
817953
8933087
1370764
8933087
1128623
8933087
8933087
8933087
2947034
4251716
1665458
4715470
1284858
1405692
2589670
4251716
3846643
6407910
1405692
1906255
9847819
3546989
3044334
6767543
6771140
731909
4251716
1370764
3087827
1841507
5288674
5915995
6448129
8933087
9847819
5355709
3058964
492704
8933087
2607985
9847819
6628585
2551733
3087827
8933087
894937
949507
2143023
2589670
6980585
1370764
8128701
2589670
9847819
9847819
9847819
1488798
3546989
8933087
7660963
2701055
6241063
1906255
9120979
8933087
2621966
8933087
7987383
3583083
5912661
1370764
4469377
590104
3808709
6888985
3873686
2589670
3546989
8933087
9847819
2397261
1906255
6008590
6407910
8933087
7706589
2551733
1104478
3659353
9847819
9847819
1295936
8863796
862158
8933087
6888985
3873686
1370764
8933087
9847819
1405692
8992674
1370764
3808709
8933087
7987383
9847819
2589670
3087827
3336984
9847819
8933087
9847819
8077942
8403010
6489238
8077942
1488798
9847819
6241063
8992674
833889
4251716
1787751
8077942
1273877
2589670
8077942
926028
9847819
9847819
2589670
840106
1347689
4251716
2589670
1974215
1906255
2766886
8403010
8933087
8933087
984248
1756427
8933087
1370764
8293167
3087827
8933087
3087827
1008679
2096992
1108864
5066965
2589670
7998367
2357087
8933087
3336984
5288674
4089501
9847819
1370764
1859775
2589670
8933087
4623527
1370764
2856253
1347689
1104478
1906255
9847819
3336984
6276304
6923322
2568779
7457306
2391280
6771140
141159
6888985
3178668
8933087
2589670
6888985
1405692
8992674
8933087
8992674
9847819
8933087
6628585
3546989
4251716
9847819
8992674
731909
8933087
8077942
2589670
553920
9847819
2589670
6407910
8933087
6407910
4312928
2589670
3546989
9847819
6888985
2589670
7132238
2090618
894937
5852811
2589670
8077942
8077942
7987383
9847819
8933087
3721880
8933087
6767543
6888985
2753698
1558326
3659353
223076
8933087
1370764
8933087
6771140
9847819
8933087
1488798
2589670
8933087
2589670
1284858
3336984
8933087
8933087
6771140
5852811
495958
5132510
3058964
9847819
6771140
5288674
2059593
8077942
8128701
8077942
8933087
8933087
2286421
6033840
2589670
8933087
2991235
7777991
1906255
4251716
9847819
4274251
5551631
4312928
2589670
3058964
3336984
9847819
567202
5277929
1718963
9847819
2397261
8933087
6285793
9847819
7987383
2391280
9847819
8933087
8077942
9847819
603693
8933087
6888985
8933087
7609445
6771140
1284858
4806653
2092482
1488798
4251716
3477111
4089501
2589670
9847819
3546989
3546989
5080713
8933087
1488798
3173753
9317742
1488798
1488798
6767543
4251716
2086582
1370764
8570556
5852811
8077942
5504188
2589670
854444
1488798
9847819
2059593
8933087
2589670
6223188
7724545
5288674
8933087
9847819
8933087
8933087
7998367
3546989
9317742
1906255
4623527
8992674
1347689
8933087
8403010
3336984
5170339
5852811
8933087
3781077
9317742
1377148
1370764
9847819
4251716
1906255
640033
5852811
1598993
8933087
8933087
2083236
3336984
6888985
6925701
6771140
9157083
1020824
8933087
1370764
3336984
8933087
2589670
5852811
1488798
2589670
8933087
8933087
9847819
794629
3336984
8933087
9847819
2391280
8933087
775166
3546989
597574
7132238
8933087
3336984
4547645
8933087
2059593
2150981
1471053
8077942
1370764
5504188
3546989
4089501
3336984
1266308
2589670
3799242
4676914
8992674
2397261
6888985
1906255
4806653
2589670
3087827
4251716
6547425
6888985
9847819
9847819
970535
6033840
6888985
2587364
8077942
6888985
2059593
3546989
1859775
7987383
8933087
5482206
301971
8706136
3951508
1906255
6925701
5961133
7457306
8933087
2991235
8933087
390174
6117108
7132238
1076807
2391280
7660963
3460086
8933087
3336984
1197319
2592797
3336984
911057
351137
1906255
3336984
5227660
2589670
8933087
8933087
6314130
2059593
3336984
8933087
6008590
9847819
9847819
9847819
9847819
1104478
8933087
2589670
2391280
9847819
1128623
5616861
6888985
8933087
636463
1420353
9317742
2498680
2589670
8077942
1370764
9847819
2727938
8265834
8933087
2589670
8403010
3851933
8933087
1370764
3336984
8933087
1370764
1343437
8403010
2589670
8933087
6418920
9847819
7310353
6628585
6888985
9847819
9847819
6888985
4251716
8933087
8077942
4419365
8933087
4089501
9847819
8403010
2701055
6407910
9847819
8933087
5227660
3766942
2397261
9847819
8933087
2334607
8933087
2059593
6771140
8077942
2397261
8077942
1284858
3336984
7987383
9847819
3087827
8933087
1320266
8992674
8898201
6407910
3477111
8992674
3182265
3336984
4623527
8933087
2589670
8933087
9250790
1219362
6070556
8933087
3058964
3706967
1420353
6767543
7630823
7031840
9847819
9847819
2397261
8933087
1938099
3087827
2952137
8933087
8933087
1347689
4251716
9847819
4558484
1370764
5538892
5385218
1938099
8933087
1370764
7706589
1377148
1284858
1370764
2391280
981546
4825632
7987383
7987383
4623527
3336984
6888985
1906255
4907107
2589670
8933087
2621146
2391280
3546989
8933087
8933087
8933087
9847819
5288674
1405692
6888985
8933087
1370764
5288674
1020824
8933087
7132238
8933087
1076807
1488798
1726377
3546989
8077942
5288674
7987383
5355709
6888985
763554
1841507
275264
1405692
1938099
8933087
4732047
2996526
8933087
9847819
3476291
7987383
3851933
8933087
3294235
3087827
8933087
7987383
588174
3336984
2551733
2589670
2268826
6888985
8992674
1938099
3336984
2397261
2589670
2589670
8933087
7402570
3336984
2589670
8933087
4001437
1347689
3768382
4806653
7402570
7402570
7402570
9847819
1405692
852502
1405692
2596261
4290418
8388255
8403010
9847819
3381899
8933087
5227660
2364177
1370764
3336984
8077942
5227660
3546989
2589670
9847819
201634
7457306
9626267
2143023
8403010
8933087
7468290
9847819
3546989
2701055
5915995
4089501
8933087
6358908
2096992
1488798
6771140
4685637
3058964
9847819
2589670
1405692
7309114
6418920
3087827
4237044
6888985
8933087
4312928
8933087
8933087
1525070
8992674
1553916
931658
9847819
8933087
1157138
9847819
4251716
9847819
3476291
8992674
1279099
5852811
3336984
6888985
6888985
6348782
3058964
5288674
1076807
5852811
8933087
1076807
4312928
2589670
3087827
2059593
8933087
8933087
2246304
2979011
8992674
3336984
4636899
9847819
8933087
7502993
6771140
2150981
1246364
5274510
8621321
1405692
2621966
5552765
6888985
6358908
8933087
5482206
8933087
3546989
9847819
8077942
1370764
6241063
796266
4806653
9847819
3087827
3477111
1756075
8933087
8933087
1837752
8933087
8933087
8933087
8403010
4806653
4447936
6771140
7987383
9847819
3087827
3477111
9847819
8933087
8077942
1471053
5504188
3058964
2253882
3546989
8933087
8933087
4251716
6888985
8933087
8403010
2397261
1370764
7393174
3087827
1202796
6033840
1108864
1108864
8933087
8933087
8933087
2397261
1488798
2391280
8933087
5662487
2589670
8403010
8992674
8992674
6008590
1794720
8933087
6223188
4806653
8933087
8933087
7070860
8933087
8933087
1311462
6771140
5931803
4433529
2589670
8933087
5355709
3659353
1108864
3546989
2268826
3546989
845882
2589670
1157138
8933087
3546989
8924283
2701055
1020824
3336984
5288674
1621143
7987383
2566847
8992674
2095962
4251716
7987383
8992674
2589670
3546989
5852811
3336984
5274510
9847819
3546989
4623527
8933087
3325437
1906255
981546
8924283
2589670
4145364
2257017
8992674
4312928
1370764
926028
3087827
2782411
8933087
1906255
2589670
8933087
1370764
2589670
2589670
6407910
3058964
8992674
4251716
4089501
4870722
8933087
8992674
9395345
8077942
1990271
1405692
4251716
7660963
6920537
3087827
9847819
6407910
6888985
751474
9847819
6888985
1045720
3087827
1370764
9317742
3087827
892831
8933087
6407910
2952137
8403010
656615
2551733
1405692
355743
541239
1488798
1488798
1906255
6771140
2391280
5355709
1387300
4251716
6771140
873921
8933087
3087827
1273877
9847819
5504188
2589670
1370764
7137920
6809813
2775903
9847819
1405692
2589670
1405692
1405692
8933087
1370764
8575695
7432910
8992674
4202754
2589670
8933087
7468290
9042603
6131283
8077942
7457306
8933087
3336984
5504188
1347689
1938099
7362861
7457306
2397261
8933087
1718963
6418920
8933087
2397261
1347689
8077942
9847819
9317742
4322294
8933087
3546989
936206
1845611
1284858
9847819
2589670
1906255
4312928
5915995
1687821
8933087
425035
8933087
3951508
8077942
1370764
1786577
3094515
6076807
8933087
7132238
7710241
9847819
3546989
5066965
9847819
731909
8077942
1108864
3336984
3546989
6418920
3336984
2397261
3336984
8933087
6407910
8933087
9314704
2143023
5552765
1284858
1370764
8933087
8933087
1756075
5852811
8933087
8933087
8933087
5504188
1841507
3221345
8992674
2551733
8933087
8933087
6418920
8933087
186405
5043170
4806653
2589670
1420353
8933087
2701055
3336984
8933087
9847819
2607985
6341282
3087827
8077942
8933087
2551733
1370764
4202754
6033840
6407910
9847819
5274510
8403010
2357087
4478073
1906255
3546989
5227660
9847819
9847819
2589670
2589670
3087827
2286421
3477111
8933087
3904900
5852811
8933087
6888985
1370764
1347689
4237044
8933087
3058964
973715
5852811
2589670
8933087
1901629
3087827
5227660
4251716
8933087
8933087
1906255
2143023
6888985
4251716
7987383
7402570
8933087
9847819
5288674
1076807
731909
835778
9847819
3336984
1370764
3546989
8933087
8933087
8575695
500977
1045720
3690864
2589670
8933087
981546
3336984
3546989
9847819
7987383
587951
1488798
2391280
9090544
3768382
1405692
8933087
9847819
3336984
6771140
5227660
6824721
1347689
1906255
1054051
1420353
344658
1370764
6888985
4806653
1266308
3583083
8933087
7096670
3336984
4431822
2589670
8933087
4237044
8933087
8933087
3058964
1284858
9317742
3768382
6805765
9847819
6888985
3336984
1076807
1906255
7987383
3087827
7987383
4089501
1488798
2589670
4089501
8077942
8933087
1405692
8077942
9317742
2152269
3583083
543624
7987383
8933087
1370764
1598993
9847819
3650966
1405692
6771140
9847819
4998552
8933087
3336984
8077942
1558326
4623527
6771140
2589670
2589670
8077942
1405692
7987383
8933087
2589670
4781423
4251716
8933087
4251716
8077942
5355709
9847819
9847819
7987383
7137920
3546989
2589670
8403010
5288674
551693
8077942
2936305
8933087
2551733
8863796
8933087
581287
2555124
1906255
1092644
1347689
9847819
9847819
782620
1370764
8933087
1284858
1806467
6033840
8992674
9847819
3546989
959487
1076807
1405692
5502379
3546989
3087827
1488798
1347689
5355709
1405692
3336984
3336984
3808709
2607985
2589670
4558484
5288674
1370764
6888985
2589670
9847819
8403010
6008590
9847819
6888985
3477111
3659353
731909
9847819
6407910
8933087
4251716
1039790
4623527
8933087
9847819
1347689
1833213
8992674
4685637
1906255
4312928
4758597
1108864
165610
6888985
8933087
5043170
6888985
8403010
8077942
1284858
9317742
3546989
1076807
8077942
1488798
769269
8403010
6771140
7987383
569749
6888985
7003360
8933087
5915995
3768382
6771140
1488798
2589670
6767543
6084599
8933087
2589670
6377281
1128623
8077942
7987383
8103939
4093450
9847819
9847819
1370764
2224048
8933087
4806653
1405692
1488798
3951508
3546989
6888985
8933087
6033840
3294235
8933087
8077942
3546989
5117486
8933087
5852811
722367
1157138
3546989
9847819
1405692
6685446
6888985
8403010
8933087
8933087
8077942
4093450
9847819
8933087
8933087
1060760
1488798
2548367
9847819
1906255
1370764
9847819
3336984
8933087
1020824
4202754
1906255
2056793
8933087
9043433
8403010
2985959
4251716
266553
1479597
3261494
8933087
3336984
8933087
2621966
9317742
1990271
1370764
9847819
8540200
1370764
8933087
981546
4788418
926028
9120979
3546989
6888985
2286421
4623527
2143023
8933087
2701055
8077942
2143023
7987383
2589670
3546989
8933087
3873686
3087827
5502379
4623527
8992674
8933087
8933087
9847819
9847819
8933087
1664696
9847819
4089501
8933087
8403010
3994181
8077942
9847819
681602
6888985
9847819
7132238
2489453
2507836
4907107
1020824
2589670
6888985
4433529
1906255
553188
1370764
4251716
1370764
1906255
1370764
3058964
8933087
8933087
1370764
8403010
8933087
2952137
6888985
5227660
4870722
7987383
8933087
9847819
2589670
2952137
2753698
1347689
1370764
1370764
5288674
5852811
8933087
4202754
5726286
347121
8933087
8077942
2143023
2766886
8933087
3336984
8077942
3336984
9847819
9830074
8933087
4089501
3336984
1370764
9847819
6888985
8077942
2990168
1936933
5877833
9395345
5334333
4806653
3583083
3546989
2635353
789351
3546989
1076807
9847819
1488798
1279099
2059593
5355709
5504188
9626267
8077942
8951035
9847819
3546989
1405692
2589670
1370764
8589644
1834242
4312928
5288674
6888985
9847819
1488798
2607985
8933087
7506127
8933087
4312928
1990271
3336984
4874638
7660963
8933087
2397261
7835730
8933087
3546989
2701055
8933087
5910258
8933087
8127871
1348493
5852811
8933087
9847819
8933087
1906255
8933087
894937
4312928
8933087
1076807
8933087
6771140
1020824
1459809
6033840
2589670
1370764
6888985
2952137
8933087
4251716
9847819
2589670
6888985
3477111
8992674
8933087
8933087
376079
6033840
3454610
1347689
1906255
8933087
9847819
8933087
8865268
3465223
2334607
1405692
6888985
1488798
8933087
3808709
3336984
2622144
613409
7724545
4623527
1076807
3452516
2985959
491935
9847819
6767543
949011
6888985
6276304
7362861
8077942
1370764
8933087
5288674
8933087
976099
8077942
3476291
3659353
2674034
3336984
3336984
8128701
3620685
1906255
6771140
1906255
8077942
425164
1906255
1370764
9847819
2062921
8933087
8933087
8933087
9847819
8933087
9317742
7182997
1892117
8933087
5915995
8992674
2589670
3546989
1157138
1370764
7998367
9120979
441308
1076807
8933087
4202754
9847819
9847819
8933087
1370764
6320899
2589670
4297180
9847819
446527
6771140
3228312
8933087
6276304
9366499
1370764
9847819
4251716
4623527
6767543
8933087
6771140
5227660
3546989
2589670
3546989
6418920
7987383
2391280
8933087
8933087
9847819
4251716
8403010
3336984
8933087
9830074
439474
1405692
3336984
8933087
7987383
1370764
2589670
7987383
3477111
1318130
3486118
2589670
1426189
1370764
3546989
6223188
3546989
2059593
3659353
8077942
6407910
9317742
9847819
1245655
8933087
9847819
9317742
1938099
6844207
8933087
3659353
1036296
3546989
8933087
3559424
2044464
644758
8933087
2701055
1284858
8933087
8077942
9847819
8933087
8077942
3546989
8933087
2397261
8077942
6888985
1347689
8933087
4312928
5552765
8077942
8933087
1938099
4848876
976099
8933087
7141370
6888985
8933087
1370764
8992674
2589670
7706589
3087827
731909
5504188
3336984
6358908
1370764
6443719
1844635
3546989
8933087
8933087
5355709
1020824
9317742
8933087
1347689
569350
7706589
1347689
2952137
3546989
8933087
6962256
6888985
1906255
4306392
4089501
3477111
2753698
3659353
5616861
1284858
1370764
7242348
5570615
2766886
8933087
6358908
4806653
239855
1756075
2952137
9847819
7987383
3053028
8933087
1132135
2589670
2589670
1488798
4835565
658586
8077942
8077942
6805765
8933087
3087827
7242251
8933087
2589670
8933087
1076807
6425366
1077568
9847819
3454610
4431822
2555124
5551631
6489238
3087827
2991235
5080713
3546989
8992674
1273877
6888985
8403010
1906255
731909
9847819
1347689
8933087
9120979
8933087
3087827
8933087
8933087
9847819
2589670
1718963
2181888
2397261
8933087
5288674
249458
7132238
6771140
2391280
6418920
1598993
8077942
9847819
8992674
1107146
1157138
2589670
1405692
7132238
434248
9847819
9847819
7132238
2334607
6008738
9847819
3087827
9847819
1598993
7132238
3781077
2150981
8933087
5852811
8933087
9847819
1273877
2991235
3546989
5274510
7660963
1092644
1884220
3583083
5852811
1076807
3336984
976099
1488798
8933087
2459819
9847819
6407910
3546989
1906255
9395345
845882
9145064
1405692
5227660
1076807
9847819
2589670
9096190
1076807
1906255
9847819
6008590
1405692
6407910
9847819
7706589
1347689
8933087
1488798
8077942
1255900
6771140
3336984
8933087
9847819
2096992
5504188
6771140
4558484
4419365
8933087
3776197
5504188
2621966
3281990
1488798
2158652
8933087
2059593
1405692
8077942
1405692
9847819
1488798
6771140
3336984
1906255
4251716
6888985
9847819
4543227
1076807
1488798
3595063
3454610
7987383
3336984
2318608
5288674
502342
9847819
5852811
2589670
6771140
1370764
2589670
2589670
5288674
8953301
9847819
8933087
2397261
3546989
6767543
3336984
8128701
2015503
1076807
2391280
7987383
2589670
8077942
2589670
8933087
8933087
2589670
2991235
8933087
3336984
2551733
2397261
8933087
3776197
1370764
3546989
1488798
4093450
1347689
7402570
8933087
3808709
7116409
1157138
3336984
386363
4251716
6008590
8403010
6407910
2215589
1619130
7835730
2589670
927842
7660963
8933087
6767543
8188052
3546989
2158652
1906255
7987383
9157083
8992674
4623527
8933087
6888985
8933087
8933087
8933087
4089501
4251716
8933087
1370764
8127871
8933087
3087827
6241063
2701055
3546989
1906255
8077942
9847819
8933087
8933087
9847819
6407910
9847819
2397261
1405692
3336984
889214
8933087
7987383
1906255
1906255
8933087
9738980
3275060
1370764
952654
3336984
5915995
7987383
1370764
6475741
2952137
1157138
3546989
2551733
4136077
1370764
3087827
3583083
5852811
5852811
1370764
3546989
9847819
3546989
3477111
8933087
6407910
3087827
298069
6771140
1157138
9847819
2208398
1370764
3336984
8933087
9317742
8265834
7706589
1999370
7143222
1370764
1488798
1405692
6418920
2711005
8992674
1405692
2589670
8933087
7998367
9626267
9847819
1104478
9847819
8403010
3546989
3883538
5552765
4251716
2496042
8639429
1172472
928999
9847819
1405692
8933087
6358908
2979011
6888985
1370764
3546989
1405692
2589670
6888985
8933087
3234356
5227660
2566847
835778
1841696
8933087
9847819
7506063
8933087
3336984
4636899
5852811
1370764
8933087
1370764
3336984
9100633
9847819
8933087
8933087
1370764
4030164
8933087
3087827
2589670
8933087
2397261
2334607
1347689
6454104
883546
2397261
3546989
3336984
2504996
1405692
2589670
3342241
8077942
8933087
8077942
8933087
8933087
7987383
8933087
6923322
3546989
9847819
4251716
3546989
8933087
1076807
8128701
6276304
8077942
8933087
1488798
8933087
6771140
1172472
1906255
9847819
2143023
7132238
8933087
2985959
9847819
8933087
5504188
1019765
3336984
9043433
8933087
8077942
2589670
2334607
3087827
3583083
6888985
9847819
1076807
393262
3808709
7987383
8933087
8077942
7987383
5504188
8077942
926028
1901629
6767543
3336984
8865268
3546989
3336984
5915995
3567745
3336984
2173676
1370764
8933087
8933087
1370764
4640363
8403010
8933087
5915995
1076807
8933087
2090618
8933087
1370764
4623527
9847819
7987383
6888985
1273877
5504188
3546989
1405692
2589670
1906255
8992674
2055448
9847819
6260429
2589670
5286827
3336984
8933087
9043433
6888985
8933087
9395345
6809813
9847819
2589670
4093450
1405692
8933087
6547425
4623527
1370764
2589670
8933087
793651
7987383
1906255
9847819
8933087
596160
1906255
536751
2589670
3336984
4623527
3546989
2621966
5504188
3336984
6767543
2493643
1370764
8933087
1076807
1020824
3087827
3546989
1347689
3546989
7835730
3546989
6771140
9847819
5288674
8933087
1405692
9847819
8933087
1266308
9847819
4251716
3546989
5227660
2749311
1832395
9395345
9847819
1157138
3336984
1370764
1796385
7987383
8933087
8933087
8077942
8933087
9847819
8403010
1035209
2566847
9038156
8933087
3477111
1405692
9626267
9847819
3546989
1248031
3336984
228951
984248
9847819
8933087
8801652
8933087
3336984
1906255
8933087
1405692
2589670
6888985
9847819
8933087
8933087
1405692
1020824
9847819
6628585
2985959
1405692
3535328
8933087
1284858
4623527
1370764
1370764
5504188
2391280
5288674
5852811
1906255
1841507
1405692
3781077
3546989
8933087
9847819
3039998
736277
2096992
9847819
8077942
8077942
3336984
6767543
6407910
8933087
8933087
5852811
952654
4806653
2589670
1076807
5396267
7987383
636510
9317742
3768382
3546989
464774
1370764
9847819
1488798
1405692
6767543
1076807
3336984
3768382
1718963
6771140
567202
3147662
8077942
2589670
672320
4274251
8933087
8077942
3087827
7191036
893037
9847819
7399808
3058964
1841507
8077942
4251716
251194
821355
3336984
735464
6407910
3690864
1859775
1906255
6888985
2589670
5504188
4623527
8077942
4806653
9317742
1736975
7402570
1347689
5852811
9847819
2589670
8933087
8933087
2498680
8933087
4433529
9847819
4312928
7987383
1906255
2059593
6771140
1906255
7402570
8933087
169756
903196
6407910
6888985
7137920
668557
8933087
8933087
3336984
8933087
1151439
8933087
1273877
3951508
1911741
1488798
6771140
5574506
8933087
4251716
5852811
981546
9317742
6008590
3336984
2397261
1543251
6241063
1370764
9847819
1025982
3583083
8933087
9847819
4251716
9102784
2589670
6771140
6407910
1906255
1488798
8933087
8403010
8933087
2765540
8933087
2015503
9847819
6888985
4623527
6888985
9847819
4806653
2397261
585147
2589670
9847819
9847819
2589670
8933087
1235833
6888985
2589670
6888985
8933087
7660963
3546989
6547425
5227660
7777991
5504188
5385218
7402570
8933087
4623527
4251716
8933087
2391280
7987383
6888985
736277
3546989
3336984
3546989
3768382
583657
5277484
7660963
8933087
1488798
1008679
8933087
8933087
9847819
8077942
8933087
8933087
2589670
1906255
9847819
6771140
9847819
8933087
2727938
2952137
8933087
5915995
1906255
3336984
4123651
4251716
9847819
6418920
1906255
1405692
8933087
8933087
2589670
6767543
8933087
4251716
1020824
833889
1488798
2701055
2589670
6628585
392779
8316265
8933087
7987383
6888985
1906255
1405692
9847819
8992674
2397261
3546989
9847819
4581206
6923322
1859775
7132238
3058964
6771140
9847819
2804208
9847819
1906255
9847819
2589670
2059593
3659353
8933087
7987383
9847819
1370764
9847819
1045720
1990271
8933087
1837396
329931
8077942
2589670
3620685
6771140
9847819
8933087
1488798
4251716
2589670
6888985
4089501
3546989
9847819
1479597
4251716
3336984
1020824
1284858
1370764
9847819
5288674
3546989
2701055
1990271
9847819
5551631
1906255
8933087
3546989
8621321
5274510
1990271
5390247
6771140
3477111
9847819
2924533
5662487
8933087
3173753
2589670
2589670
9847819
8933087
981546
8403010
1718963
3281990
1370764
2397261
9847819
1906255
2856253
9847819
6438199
4806653
8933087
1370764
4592469
9145064
2766886
2096992
1370764
3454610
3130183
9395345
2701055
1370764
8933087
2077127
8933087
6033840
3460086
1906255
9847819
2589670
9847819
301971
731909
3336984
1316714
1906255
2589670
3546989
7987383
5915995
6888985
1370764
1906255
9847819
1488798
327619
7402570
1370764
464774
6771140
8933087
8933087
1370764
8933087
2397261
9847819
5852811
1488798
990466
6033840
3546989
3546989
6809813
1405692
8933087
8933087
889214
698889
2701055
2268574
3336984
8933087
5346554
490130
8933087
9847819
1047950
3087827
1076807
3336984
2589670
2391280
8933087
9847819
1370764
3546989
4433529
8933087
6923322
8056701
8933087
7987383
1680013
7506127
1020824
8403010
8933087
2589670
2607985
9847819
2397261
3460086
3087827
8077942
1488798
3799242
2397261
1050479
2589670
4251716
1076807
665210
8077942
8464590
8933087
2946214
2589670
8933087
9847819
6084599
9847819
5227660
9317742
8933087
9626267
2701055
3546989
6888985
9847819
9847819
3336984
7987383
2952137
6771140
6888985
9847819
2589670
2589670
4628802
1020824
1095960
2261534
2701055
8933087
2589670
1370764
3336984
8077942
8403010
9157083
8933087
4312928
1076807
1076807
8933087
6888985
9847819
9678123
1370764
2753698
8933087
3546989
2397261
9847819
3546989
3336984
8933087
7987383
6888985
8992674
8933087
1248031
6888985
1020824
9847819
9847819
2952137
8933087
6888985
8933087
7660963
8077942
3546989
8077942
9847819
3094515
3873686
8933087
2589670
8933087
6888985
1370764
3546989
3032030
8575695
1906255
1906255
981546
5227660
1370764
1598993
8933087
7987383
976099
5181412
3053028
1938099
8933087
9847819
6417111
8933087
3094515
4806653
48551
3951508
4251716
1370764
9847819
1906255
1347689
6033840
3546989
9120979
6888985
5915995
2268197
6771140
1190955
7310353
8103939
2551733
8933087
4251716
1488798
1453277
439474
9847819
1756075
3087827
1365536
8077942
9847819
4254032
2397261
2985959
3546989
3546989
3336984
2551733
1108864
656615
8933087
8621321
7998367
3336984
2985959
936206
8992674
1405692
1488798
8933087
2194234
3058964
1370764
9847819
8077942
8933087
8933087
1104478
5288674
5852811
4312928
8933087
8128701
3087827
1428036
3546989
1370764
7998367
6888985
6771140
2589670
2589670
9847819
9847819
4500820
3058964
1405692
7132238
3087827
7987383
580709
2804208
9847819
8933087
8077942
9165898
3087827
7987383
2589670
8077942
3381899
4825632
1786591
1178194
8933087
3530404
8293167
5288674
894148
9847819
9847819
1405692
6771140
1488798
8933087
7132238
9317742
7132238
2589670
8403010
1617013
3058964
4089501
5662487
7969638
3336984
8077942
949507
4806653
9847819
2589670
8403010
3477111
6771140
7987383
2589670
1990271
2248581
8933087
1488798
8933087
1370764
2059593
3546989
6322197
2334607
8621321
2589670
1370764
1370764
7457306
2589670
8933087
981546
2059593
8933087
4061241
2589670
1405692
3496802
8933087
6809813
2397261
6033840
4623527
4835565
8933087
3336984
8077942
8933087
4558484
9847819
8933087
1756075
3336984
7132238
1347689
1370764
1488798
2589670
3477111
7987383
8992674
1756075
8915342
8933087
8933087
1405692
1370764
1484584
8933087
9847819
2753698
3781077
3776197
9847819
3546989
5274510
6418920
3336984
3546989
1613796
6033840
8933087
8933087
656615
8933087
7538707
6771140
4251716
3234356
8933087
9847819
3087827
1906255
376079
1990271
1938099
8933087
3546989
9847819
2589670
9847819
4093450
8933087
9847819
6008590
7987383
1756075
1370764
1284858
8933087
6407910
8933087
3336984
9830074
1806467
862158
9847819
2589670
2334607
1488798
3546989
9847819
5915995
1752840
8933087
1557877
8933087
6872493
1370764
1488798
1906255
8933087
1405692
2391280
8077942
1370764
7987383
4636899
7987383
8077942
2589670
2701055
1347689
3272074
3336984
3799242
4217778
3336984
8933087
9847819
8403010
8933087
2701055
8933087
4089501
2589670
8933087
9847819
1394992
3546989
2589670
8077942
8077942
8933087
9395345
8933087
5852811
9847819
3546989
8933087
3546989
8933087
1054051
6844207
8077942
8077942
1370764
1488798
7132238
1938099
8992674
6040703
1796385
8933087
3546989
2589670
5615417
8933087
5852811
4237044
3546989
1377148
2952137
9847819
3691195
1347689
7660963
6881951
6418920
2753698
6033840
8933087
8077942
3058964
2589670
1025982
2589670
6888985
2589670
9847819
3336984
1488798
1370764
2589670
8933087
1537197
1488798
8933087
1488798
1488798
8992674
1405692
1906255
4312928
5504188
7987383
7987383
8992674
2589670
3058964
6782506
4419365
3546989
8933087
8992674
6771140
1405692
5504188
9847819
5551631
9120979
1938099
1488798
8933087
1370764
8403010
6888985
2589670
3336984
3336984
8933087
7706589
1318130
6888985
2839140
1076807
5406562
1906255
7998367
3546989
731909
8077942
3336984
6008590
2844234
6771140
419541
8992674
9847819
8933087
1488798
8933087
8933087
6888985
5852811
3342241
2364319
3620685
981546
6628585
8933087
9847819
8933087
956721
1347689
2257017
1906255
1370764
8933087
8933087
1020824
8933087
1488798
894937
3087827
9847819
6033840
9847819
8077942
1370764
2607985
7660963
4251716
1370764
1076807
1076807
2286421
1598993
8933087
9847819
7315560
4433529
7457306
8933087
3336984
1804530
1756075
8992674
4089501
2589670
6055909
6033840
2357087
2853413
7132238
9847819
9847819
4251716
7987383
5864109
2042795
8933087
736397
1370764
1020824
1370764
4312928
8933087
7987383
6407910
3532775
8933087
3659353
4695809
2589670
2599465
9847819
1459809
1488798
3873686
8933087
731909
2239627
8933087
949507
3336984
4963262
3546989
118821
4870722
8992674
6888985
8077942
3336984
4673780
8933087
8933087
3546989
4806653
869400
1370764
1284858
1370764
1370764
8077942
8933087
2701055
1420353
8933087
3336984
2596261
622504
6725456
8933087
8933087
6407910
9847819
3583083
8933087
3546989
675765
1157138
8933087
1370764
8077942
3087827
4806653
3659353
1405692
1405692
2985959
782620
8933087
3620685
9847819
7402570
9847819
8933087
3477111
1488798
3546989
3053006
5852811
163277
9847819
9847819
6448129
3546989
8933087
8933087
2391280
7254546
8933087
2753698
8077942
3336984
9317742
8933087
2589670
4623527
8992674
9847819
828863
8933087
1906255
2589670
9847819
2292193
9847819
1347689
5504188
9847819
3476291
8403010
3690864
1273877
2387850
3336984
2952137
9847819
8933087
1558326
3381899
1906255
2589670
6888985
6448129
1699030
8933087
1906255
4217778
2589670
6771140
3336984
8933087
8403010
3261427
1347689
8992674
555294
1273877
6888985
9847819
1405692
9100633
8992674
1488798
2589670
9847819
4155545
7987383
6407910
4623527
8933087
3087827
2589670
8403010
3945227
6888985
3336984
8933087
2589670
432844
3776197
540416
9847819
2397261
9847819
2341034
6771140
4719953
1076807
9847819
4251716
6276304
8933087
2589670
9847819
7132238
8933087
7987383
7987383
731909
8933087
4806653
3559424
1405692
3546989
8077942
3336984
7132238
7987383
577018
1076807
7987383
9847819
3477111
6771140
4251716
1370764
1906255
6358908
3325437
8933087
8933087
5499016
6809813
3546989
8933087
4085964
2766886
1859775
873921
9120979
8301938
8933087
3546989
4623527
976099
8933087
1377148
8933087
6771140
2397261
8933087
4755454
3546989
1370764
3336984
8403010
1347689
6771140
2095962
6241063
9847819
8933087
8992674
1370764
8403010
8933087
8933087
3546989
6888985
9847819
8933087
3546989
9847819
8933087
3336984
5227660
7998367
8933087
7526045
672320
8933087
8933087
2150981
6407910
2701055
1370764
1488798
862158
8933087
5011224
7987383
4251716
8933087
7987383
1157138
8933087
2589670
9317742
4251716
2589670
2589670
4775186
8933087
9847819
3234356
3477111
3367224
3477111
2589670
8992674
1938099
3053028
7987383
9847819
7987383
6448129
3546989
2589670
8933087
1906255
6980585
2701055
2589670
8992674
2013078
1370764
2310312
351137
1906255
2589670
8933087
1488798
6771140
4251716
8933087
2391280
8924283
8933087
2589670
2753698
2952137
4237044
8933087
1107146
9847819
4251716
6407910
1107146
9145064
8933087
8077942
6033840
499067
873921
2589670
3336984
3546989
8077942
2701055
5288674
4806653
2397261
1405692
4251716
2565039
3546989
2253882
7987383
1370764
668466
6407910
1405692
7987383
8933087
8933087
1437908
8933087
8933087
6767543
3325437
4558484
7706589
9847819
9847819
2804208
3087827
8403010
8933087
1405692
9847819
6737735
2589670
183958
2589670
1484584
8933087
6358908
4623527
1076807
8933087
7987383
2991235
5504188
2607985
222504
6623975
6407910
2589670
8933087
3698011
4251716
3781077
8933087
8933087
5989062
4041818
9043433
7987383
8933087
6033840
502959
6407910
2607985
9847819
9847819
2397261
2589670
9847819
2753698
1142182
1347689
6131283
2268826
8077942
1420353
6888985
2991235
6358908
1076807
1284858
8933087
8651345
8933087
5727006
1347689
6407910
3087827
8933087
6771140
2753698
9626267
3336984
9847819
981546
1405692
3336984
5043170
1906255
9847819
5288674
4237044
8128701
1906255
8403010
1370764
8933087
8403010
894937
8933087
3866252
8933087
1906255
5219648
1841507
1370764
1488798
4312928
4211820
3546989
2589670
1370764
658586
6322197
8933087
3546989
3548961
6358908
1076807
736277
8077942
8933087
9847819
1076807
6771140
4237044
6033840
4636899
3546989
543624
1370764
1405692
5227660
8933087
1906255
2589670
3087827
1405692
6851233
6563606
8403010
6888985
1347689
1370764
2991235
8403010
7402570
3336984
9847819
8933087
8933087
6771140
1370764
1906255
6767543
2589670
8933087
381873
7987383
2952137
4251716
2551733
9847819
8933087
9847819
2589670
5227660
3336984
2533558
1029138
1370764
2589670
2990168
8933087
4237044
8077942
8992674
1696722
7987383
4806653
2589670
8933087
3546989
9847819
7987383
3768382
1370764
3546989
1642800
1347689
3546989
2589670
1405692
3659353
3336984
4251716
5595535
4623527
8933087
1347689
1718963
2589670
1475770
5712456
6888985
2391280
2551733
7402570
6888985
4623527
5852811
1682446
9847819
8933087
2589670
8127871
9145064
3087827
6888985
9847819
8077942
8403010
2096992
5227660
8933087
4251716
6925701
8077942
8992674
2589670
8933087
4623527
4765711
1938099
1598993
1347689
1076807
8403010
5274510
8933087
7998367
4806653
2589670
9847819
6973605
9847819
1370764
4806653
8933087
2589670
3336984
2364319
3768382
1370764
8933087
8933087
8933087
1370764
9847819
2589670
5504188
8933087
1680013
8933087
2555124
4558484
835778
8077942
9847819
1370764
1488798
3546989
1405692
8933087
7987383
1906255
8933087
6395624
2589670
6033840
1906255
8933087
6888985
1295936
4116572
894937
8933087
4636899
949507
1796385
6888985
1092644
1273877
959487
9847819
1405692
9847819
7132238
1804530
6767543
1284858
4251716
3546989
6767543
8933087
3476291
5288674
981546
1906255
2589670
9191992
4116572
8933087
1318130
6767543
6418920
6851233
5552765
8933087
9317742
3546989
3546989
2310662
3546989
8933087
2635353
1076807
1020824
4251716
9847819
8505877
8933087
7987383
626245
6358908
1859775
7911444
3768382
3336984
736277
885520
3546989
8933087
1076807
1092644
2701055
9317742
8933087
2924533
1488798
1488798
9847819
1479597
7987383
5066965
7660963
9847819
894937
1217023
1405692
8077942
6767543
6767543
3336984
8933087
8077942
2397261
8933087
724825
8933087
1329598
3659353
8403010
9483095
1108864
8077942
2055831
8933087
8077942
3546989
8077942
1906255
3336984
8933087
1388419
9317742
3058964
2391280
9847819
4276576
8933087
1874698
8933087
5355709
9847819
8992674
7402570
1347689
567202
2059593
2952137
9847819
1370764
9847819
1370764
6033840
9847819
8077942
7987383
981546
1938099
5276138
3336984
2607985
4251716
9847819
4251716
2766886
1347689
3087827
5852811
1370764
469717
3087827
9395345
9847819
1284858
3659353
7272071
3546989
3904900
3336984
1370764
9847819
4788418
8009859
1370764
2059593
2589670
2059593
9847819
8077942
3546989
232762
8992674
3460086
1092644
8933087
6628585
9847819
892645
8933087
1076807
2753698
6555308
2397261
3336984
6358908
7998367
6276304
3768382
2589670
6223188
9847819
9847819
3694659
9847819
6888985
6771140
3087827
4202754
8933087
2607985
1020824
3336984
1906255
4157243
5852811
1077568
3336984
3546989
1273877
2985959
8933087
894937
4806653
5346554
8933087
8933087
1347689
8933087
2936305
5346554
8077942
1785284
6771140
1699030
4500564
3087827
8933087
9847819
8933087
6771140
8933087
4312928
8933087
2753698
2589670
6008590
1405692
5852811
3087827
4312928
8933087
9362371
1347689
9317742
9847819
3058964
5227660
6888985
8077942
9847819
9847819
3546989
8077942
8933087
1273877
981546
2059593
3546989
8077942
1177201
9847819
9847819
2013078
1756427
8933087
1076807
1405692
5504188
976099
1599839
2589670
2589670
1598993
1377148
3546989
2589670
8933087
2268826
8933087
2589670
8933087
6771140
8933087
2589670
5043170
4206098
1906255
8933087
730708
8351867
3460086
8933087
2059593
4251716
8933087
9317742
3342241
4840510
3546989
8403010
8933087
6771140
5066965
3058964
2589670
5852811
6771140
1107146
9847819
7143222
7457306
9847819
9847819
1370764
9847819
8933087
1906255
6771140
5552765
1370764
8933087
8403010
358951
949011
1911741
3819141
5877833
1405692
8933087
3087827
1405692
5504188
2866275
2589670
8933087
2589670
9847819
5504188
8933087
5915995
2143023
1284858
8933087
8933087
2701055
6407910
8992674
4312928
6407910
7362861
8575695
1630788
2059593
5915995
1405692
3336984
3477111
7602387
1454484
2589670
1370764
9626267
3546989
8992674
4806653
1785284
9847819
8593367
3659353
8992674
4217778
2397261
8077942
925509
1841507
984248
1370764
5877833
1284858
4312928
8933087
1320266
1732095
8933087
4093450
6251412
1405692
1388419
4431822
5852811
1796385
2603681
1001704
3336984
731909
1347689
8933087
3659353
5504188
7137920
2589670
8127871
8933087
7987383
6407910
2589670
1370764
6665693
889214
8933087
9847819
9847819
2589670
2589670
3336984
8933087
2753698
6771140
3336984
2059593
3659353
458882
8933087
9847819
731909
8933087
8077942
8933087
1488798
9847819
1906670
3546989
6888985
6771140
9847819
8621321
2059593
2391280
1370764
5504188
7987383
6923322
1405692
3087827
1906255
8933087
9847819
894937
1370764
9847819
8933087
4623527
1347689
1906255
1405692
3583083
892831
9847819
1488798
9847819
8077942
8933087
5062886
8933087
3173753
5288674
1906255
6203594
4623527
4419365
981546
8933087
685380
1020824
7987383
3336984
2589670
8933087
9847819
8933087
9847819
9847819
8933087
6888985
8077942
1370764
1020824
2391280
2701055
5504188
8933087
8933087
5355709
1284858
9847819
8933087
8992674
9847819
8933087
8933087
8933087
9847819
1938099
8933087
2701055
3659353
1246834
4251716
2589670
6033840
3336984
8933087
8933087
6888985
6407910
2589670
3808709
7987383
718243
2589670
9847819
3336984
7987383
6407910
1395305
976099
8933087
2397261
1405692
2589670
9317742
4824791
3866691
8933087
2589670
1906255
2607985
6223188
8933087
4907107
2621966
3087827
3583083
8933087
3808709
9847819
3846643
8933087
3087827
2952137
3336984
8933087
2589670
7835730
9847819
9847819
926028
3058964
3053028
9847819
8933087
8992674
9460700
8933087
8933087
8933087
8933087
651307
2422060
801894
5010522
1441823
894937
8933087
9847819
1906255
1370764
3058964
852502
8933087
8077942
2589670
6067582
8933087
2589670
5288674
2589670
7724545
7998367
7987383
8933087
9847819
8933087
3002698
8933087
2589670
8992674
8992674
5712456
1347689
9847819
8403010
2589670
9847819
8403010
2723103
425164
7987383
8933087
8933087
3336984
2753698
49142
3904900
1845611
9626267
8077942
7402570
1347689
3546989
9847819
7536401
8933087
4093450
1906255
3546989
6033840
9626267
8933087
9847819
6923322
2766886
1806467
2589670
9847819
845882
6767543
4897515
9847819
415793
3336984
2589670
3452516
5852811
1157138
1906255
3336984
2286421
3546989
4806653
5504188
3336984
7998367
6872493
6767543
7987383
2589670
8933087
6888985
2701055
1370764
1488798
7139559
8933087
7724545
4623527
1370764
8933087
2589670
7987383
8933087
6771140
1370764
2991235
8403010
976099
6033840
1370764
3477111
1906255
1699030
4251716
8077942
8933087
2589670
8128701
9847819
8077942
1370764
6980585
3336984
3087827
2551733
9317742
3546989
8933087
6767543
3336984
2059593
8933087
1076807
9847819
2589670
3477111
1377148
9317742
1370764
3546989
3058964
8933087
8933087
2589670
1347689
6008590
2081017
2334607
8933087
1370764
1377148
3336984
2589670
8698233
3173753
6888985
9847819
711443
6767543
3336984
4312928
9120979
9847819
5775341
1370764
7457306
3336984
9847819
2589670
5355709
4251716
1858300
8933087
8933087
8403010
6059716
1906255
8992674
3336984
1488798
2589670
1488798
7987383
1370764
9120979
2578775
1108864
1370764
1405692
1906255
4237044
8575695
9519364
8933087
8933087
7835730
6888985
8933087
9847819
2391280
6888985
3964488
8933087
9847819
7724545
3336984
8933087
8077942
2589670
708203
1104478
9847819
4592589
8933087
3768382
5504188
8933087
8403010
6771140
3058964
8933087
1273877
383387
9847819
1906255
2985959
2015503
8706136
1894594
6809813
9847819
3659353
1347689
2214670
6033840
3087827
1370764
7987383
8077942
3546989
422764
8933087
1347689
3087827
7998367
7987383
5504188
1543251
242203
3087827
458969
8933087
1076807
1911741
8077942
3058964
9626267
2391280
8837065
1370764
373703
9847819
7402570
3546989
9847819
1405692
8077942
2952137
9847819
2589670
2978988
8992674
4897515
7987383
4758597
5877833
1488798
8933087
1076807
3851933
8698233
1938099
6771140
1320266
5504188
5504188
8933087
8933087
4237044
9847819
4251716
1108864
3087827
1488798
8077942
9847819
1370764
3659353
1806467
8933087
1347689
1906255
1157138
2589670
2589670
2391280
6771140
8933087
8933087
1108864
1107146
9847819
8403010
1284858
2589670
2589670
8933087
6888985
1613796
9317742
1076807
2360987
6822659
7900187
3336984
9847819
3336984
1405692
2391280
8403010
8933087
3367224
8933087
7706589
1284858
3559424
2589670
9847819
931575
1020824
1370764
5775341
2391280
9847819
9043433
7310353
1517721
7987383
4251716
976099
1906255
1405692
8933087
8103939
9847819
3546989
3546989
5117486
8933087
3087827
9847819
5227660
2624528
2589670
2589670
1718963
1405692
1370764
3546989
8933087
8933087
8933087
1420353
4569468
8077942
8933087
8077942
5355709
2391280
7998367
2856253
6418920
7182997
8933087
3094515
8933087
3546989
9847819
1906255
697508
6771140
3546989
2589670
1488798
3336984
1906255
301971
3087827
497580
8403010
8992674
2108350
2589670
9847819
976099
1370764
3325437
8933087
6888985
1488798
9847819
7987383
7987383
3951508
8077942
8992674
2589670
1882156
4251716
8933087
1370764
7132238
2129178
3272074
5504188
8077942
2589670
1370764
8077942
2589670
9847819
3336984
2996526
8933087
8863796
6407910
7987383
7987383
8933087
1883840
8077942
3768382
3336984
4623527
8933087
3058964
2589670
7998367
3476291
3546989
4860609
4806653
9317742
4089501
6771140
8992674
1906255
894937
2589670
6358908
3342241
1756075
5274510
3087827
8933087
6033840
2589670
8933087
1405692
9847819
3336984
4290487
2656187
8992674
8933087
4251716
5616861
9847819
2215589
2589670
1108864
6251412
1405692
5355709
4623527
5362668
2991235
8765835
1405692
9847819
2589670
2397261
1938099
8933087
3546989
8933087
8933087
8933087
6418920
8464590
1974423
9096190
2059593
1370764
7987383
976099
1714250
6276304
1488798
9847819
5852811
4623527
6771140
3546989
8933087
1906255
2360987
8575695
1347689
3336984
8077942
3087827
611004
1329598
1370764
3659353
8451767
2589670
3546989
7132238
3546989
4806653
6771140
3951508
6888985
4251716
3546989
5662487
1488798
2559644
8933087
3087827
8933087
5852811
9847819
3173753
2391280
3546989
3336984
2589670
4695809
2589670
8933087
8933087
3546989
9317742
1488798
1906255
2701055
1405692
1581019
6358908
6418920
9847819
3546989
3873686
3546989
4500820
497580
2936305
8933087
3873686
5574506
1841507
5852811
9626267
4623527
952654
855589
3659353
3546989
8933087
7378435
8933087
9847819
3336984
5852811
5502379
1370764
8403010
6771140
8933087
8933087
8933087
2765540
1370764
5227660
1405692
8077942
2059593
735550
7987383
2589670
8077942
4251716
9847819
4331455
4251716
8992674
2589670
9847819
3476291
4558484
3546989
3546989
8933087
1405692
8706136
2589670
6767543
4806653
1370764
2551733
8933087
8933087
8933087
787913
5773440
1405692
9847819
3336984
5915995
8368542
9847819
618973
3808709
692205
223190
8933087
731909
3087827
1370764
9847819
8933087
1370764
3690864
3039998
2143023
3546989
6407910
5168764
1370764
1347689
1906255
1405692
8957017
4089501
3336984
2589670
1315443
1157138
3241952
8933087
981546
8933087
6888985
8933087
1488798
6418920
8403010
7835730
8992674
1370764
9847819
9847819
8933087
1347689
4254711
9847819
8933087
3476291
8077942
1921697
8933087
6851233
9847819
1405692
6771140
3336984
9847819
8933087
4902035
8933087
8933087
438353
6771140
8933087
2985959
1906255
8933087
3546989
1279099
8933087
8933087
1747271
8992674
497580
4513093
7998367
5852811
7987383
9317742
5385218
8933087
1841507
3546989
8933087
8403010
8388255
3058964
3546989
2483121
892831
8933087
3572807
6628585
8933087
2985959
8933087
3694659
8933087
3336984
5276138
2589670
6545991
8077942
8077942
9847819
1756427
7777991
8933087
5852811
6888985
8933087
8403010
2555124
8933087
7987383
1405692
2589670
9847819
5274510
9847819
6033840
3477111
1065032
2268826
6033840
6888985
1284858
4251716
3951508
4083585
4251716
6418920
1076807
2856253
9847819
1370764
1347689
9847819
597574
2551733
7506127
8933087
6407910
8822978
7248794
8933087
1405692
6771140
8992674
4835565
8933087
718583
6033840
8933087
4312928
9847819
8933087
1906255
8077942
1488798
2589670
2318608
4682675
3532775
1347689
3768382
6771140
8933087
2566847
3367224
672320
4274251
8933087
3546989
8128701
2727938
3477111
8933087
1076807
2589670
8933087
9847819
1284858
2589670
8992674
9847819
1405692
1370764
1370764
835778
8933087
3546989
9847819
1405692
4089501
6888985
3087827
1938099
4651278
736897
1370764
6033840
636463
8933087
4116572
6888985
8933087
3477111
2804208
4274251
679494
5227660
9847819
1598993
2589670
1347689
8933087
2589670
4874638
7191036
9847819
8933087
4312928
8933087
1370764
8933087
775166
3087827
8621321
9847819
4312928
8933087
4868205
566276
852502
9847819
5570221
1347689
5385218
6771140
6418920
3336984
4202754
3454610
2589670
8933087
4623527
1370764
8992674
2391280
3087827
8933087
5355709
4306392
8933087
2059593
1306219
9317742
3546989
1157138
8933087
2589670
5504188
3336984
1076807
8403010
3546989
1906255
5043170
1906255
4089501
6033840
3546989
2249679
1092644
1906255
1370764
6888985
8933087
2059593
1370764
2603681
8933087
6033840
2248581
3546989
4251716
9847819
1488798
484466
7468290
1906255
8933087
6888985
6407910
1108864
8933087
4251716
3336984
6407910
2952137
1347689
1370764
9847819
6628585
3546989
8933087
8933087
7432910
2150981
3936169
9847819
9317742
9847819
3546989
3336984
2391280
2589670
6771140
1598993
3477111
3546989
4806653
3336984
2059593
8077942
6888985
9847819
3691195
381311
3336984
8933087
8077942
9847819
7660963
4251716
541905
418208
2589670
3768382
6407910
3336984
1405692
2397261
9847819
9847819
2658075
1405692
867699
6771140
8992674
1395305
4251716
8933087
1370764
9120979
8933087
3336984
8933087
1347689
2589670
1906255
9847819
1889312
2286421
7457306
1906255
3546989
2391280
5212437
8933087
4217778
8865268
3816105
6008590
1370764
984248
1284858
3336984
835778
3546989
2589670
2991235
8933087
7706589
6767543
1405692
3087827
1460194
6417111
1938099
7987383
6888985
5702579
6809813
3546989
8077942
5390247
1960087
3173753
3477111
8933087
9847819
8933087
784315
4524905
7987383
807693
7987383
4089501
4558484
1347689
5915995
9847819
3546989
2701055
981546
3336984
8933087
8933087
7706589
2459819
3768382
3546989
8933087
2589670
6008590
7987383
8301938
8933087
8933087
5355709
2589670
8077942
2215589
8933087
3336984
1561277
6888985
2859517
5288674
3336984
3087827
4623527
8077942
1906255
2991235
4623527
8933087
1405692
9847819
1253169
9626267
4274251
3087827
2952137
3087827
6767543
7987383
6033840
949454
3336984
8933087
7660963
1370764
4907107
2681987
4251716
1370764
8992674
8933087
8933087
5288674
8077942
9120979
2364177
4623527
8924283
9847819
8933087
9847819
3336984
6033840
3476291
1907749
3789662
5181412
8992674
2391280
1370764
8933087
4758597
8933087
6771140
1388419
8077942
9847819
1405692
8933087
1370764
7987383
8992674
6407910
9847819
4569468
1405692
3336984
2701055
8933087
8077942
3477111
4806653
2589670
9847819
29122
619524
3546989
8933087
6888985
8933087
9847819
1488798
5673808
3546989
1906255
7457306
8933087
9847819
3087827
1906255
3087827
8103939
3659353
1488798
8933087
9847819
3951508
6223188
9847819
2589670
4061241
1405692
7987383
1020824
8077942
6771140
7987383
2397261
2059593
1926390
6888985
3336984
8077942
1514115
8933087
8933087
2391280
2364319
1370764
6628585
1699030
7706589
8077942
2364319
2589670
1370764
1906255
1874698
5407465
8403010
9317742
6771140
3465223
5288674
4806653
1157138
3087827
6276304
4500564
5852811
8077942
8933087
1796385
2397261
1841507
5852811
6407910
8933087
1157138
1732095
4475515
2589670
8933087
6033840
3439347
1906255
2589670
4251716
845882
1906255
8933087
6418920
894937
1008299
1370764
9317742
567202
7137920
3620685
9847819
6771140
3336984
9317742
1157138
1405692
5504188
2397261
8933087
3087827
1370764
6888985
8933087
1370764
767212
5117486
2589670
3805221
8933087
1882156
1365536
4825632
1906255
9847819
7987383
8077942
2607985
5915995
2313830
5085142
3659353
9799731
3904900
3476291
3477111
182283
8403010
8077942
976099
1699357
4806653
1284858
1370764
6809813
6771140
2397261
9847819
2364319
5407465
3336984
1370764
2753698
8933087
7457306
8933087
2090618
8933087
952654
1076807
1370764
4623527
4312928
3477111
2391280
2589670
3087827
1845611
7137920
9847819
9847819
1785284
1405692
1974423
8933087
3336984
9847819
1108864
7031840
3546989
7987383
9847819
8540200
2108350
3546989
8403010
9847819
6033840
8933087
6888985
8933087
8933087
1347689
2334607
4636899
9847819
8403010
9847819
2215589
2589670
7987383
2985959
6925701
5504188
731909
2985959
125766
8933087
842014
8933087
2555124
1617013
5856085
2150981
6407910
772623
3690864
8077942
2589670
8077942
7901647
2589670
6771140
2589670
843374
8924283
1558326
1718963
1405692
4806653
6888985
1370764
2621966
9043433
8933087
1054051
4806653
2607985
9626267
6980585
3546989
2551733
9847819
1284858
2206168
5852811
9847819
3546989
381311
3635252
8403010
2589670
1370764
8933087
9847819
2749567
9100633
2310312
8933087
1756075
2589670
6888985
6888985
3087827
1875416
1405692
2589670
731909
4251716
4251716
2059593
1089994
6407910
1488798
1405692
3294235
1906255
1370764
8077942
2589670
4089501
2589670
981546
4251716
3477111
6008590
949011
8403010
1405692
1906255
6888985
3546989
6771140
7132238
6008590
1906255
1906255
6771140
1284858
8933087
3336984
2589670
8933087
3336984
6888985
2936305
6418920
2589670
6033840
7987383
1405692
6033840
6771140
8933087
4623527
9847819
4806653
981546
2551733
8933087
8915342
2753698
8128701
1157138
9847819
1488798
3546989
4870722
4217778
6888985
3546989
3691195
1906255
2364319
5915995
1377148
6771140
1069350
1370764
8933087
9847819
1347689
8403010
2589670
2364177
9847819
4312928
419541
5407465
9847819
1405692
3336984
4918091
9847819
2397261
8933087
8933087
3546989
8077942
8933087
3336984
2397261
8933087
4251716
6033840
464774
4251716
2589670
9847819
1191167
731909
1182545
8301938
1718963
8077942
1320285
1370764
8933087
2589670
8992674
9847819
1054051
6418920
9847819
1785284
9847819
1014511
1712371
8933087
394821
8933087
8992674
8933087
3087827
4251716
1405692
8933087
8933087
2533558
3505350
6033840
1370764
1253169
3094515
1405692
4569468
6771140
1370764
9847819
6223188
8933087
495958
5552765
8933087
8077942
2589670
8992674
4155545
1370764
2621966
7987383
1370764
1320266
4089501
8933087
8077942
9847819
2991235
3336984
1370764
8933087
2364319
8933087
6322197
8933087
8933087
8403010
6809813
8077942
4251716
8077942
8403010
1107146
3087827
7835730
1347689
1488798
8403010
8077942
1796385
8933087
4623527
1370764
5227660
5852811
8933087
2607985
7987383
8077942
3058964
5817317
9007541
4623527
1020824
6888985
9847819
1313615
8009859
6809813
2589670
4169950
4251716
1405692
803289
6888985
8933087
3808709
9847819
2334607
7987383
4251716
1841507
1405692
900535
3546989
3955161
9043433
6407910
7660963
2334607
3336984
2360987
3336984
8933087
8992674
8933087
1752840
3336984
8128701
6844207
1718963
1756427
8933087
1906255
8933087
9317742
4089501
926028
835778
1488798
2991235
5915995
7132238
8933087
2727938
893037
9847819
3087827
8077942
1734670
1108864
3336984
9317742
6925701
2987221
1370764
5385218
1488798
1906255
8077942
2397261
1235833
1076807
8933087
6407910
9145064
5888705
9847819
3058964
2150981
1370764
7987383
8933087
1488798
5288674
7573862
7987383
3546989
1020824
981546
1370764
8933087
8933087
9395345
3951508
396003
2059593
8933087
1370764
3087827
9847819
3336984
1426189
5673808
1347689
3620685
8933087
4806653
4806653
6809813
2268826
7777991
9317742
7777991
8077942
8933087
976099
8933087
6888985
567202
1906255
845882
6070556
1583412
7987383
2589670
6715259
2985959
2391280
1405692
9847819
1370764
2985959
1488798
1405692
2391280
2589670
5504188
1718963
8933087
8403010
1370764
466229
8077942
1370764
2589670
1906255
1347689
6798559
1874698
8403010
3546989
6358908
3336984
1370764
6767543
7987383
9847819
3087827
4312928
976099
5552765
9847819
8933087
2589670
1370764
4251716
9120979
8933087
8403010
8933087
7987383
6888985
7132238
2215589
8933087
9847819
8933087
8933087
6888985
3951508
9847819
1370764
8933087
7998367
3336984
5288674
3546989
2589670
903196
6771140
3583083
3728566
8933087
8933087
1108864
1370764
8933087
557905
1260128
3964488
4251716
2589670
1906255
1906255
4251716
2701055
885520
1370764
1370764
8933087
7627932
8933087
9847819
2589670
2589670
9847819
8933087
731909
6407910
3546989
2589670
1370764
6888985
8933087
3087827
8077942
2310312
8077942
8403010
7987383
1279099
2391280
7182997
976099
7777991
8933087
9847819
4251716
1488798
2985959
2589670
8933087
4251716
9847819
8933087
8403010
8933087
7660963
4312928
6427910
7457306
1718963
9317742
8933087
6407910
3546989
8992674
4116572
4251716
8403010
1938099
5504188
2589670
3336984
766377
9847819
8933087
8933087
8933087
1843554
2357087
6809813
4623527
4312928
3546989
1370764
6888985
9847819
1613796
3058964
3546989
9847819
3336984
1347689
6033840
5132510
1324225
9483095
2551733
8933087
5574506
6888985
3336984
1675711
2866275
9317742
2589670
1804530
9847819
3336984
1405692
3454610
2360987
1906255
1906255
6767543
8575695
2990168
8403010
1370764
4251716
8933087
8933087
2050728
9847819
4404027
1906255
1129270
1488798
3546989
3336984
55595
1050057
8933087
6888985
6888985
8077942
6888985
1428036
6407910
3546989
7154714
6358908
1370764
1370764
1142182
1273877
2589670
9317742
7987383
1284858
8077942
1906255
1370764
2059593
8933087
2589670
1370764
1370764
3460086
9847819
2589670
7987383
3546989
8077942
8933087
3546989
3546989
1313615
2533558
8992674
4312928
2991235
2589670
7835730
4806653
1405692
7987383
1488798
1479597
8933087
2701055
4251716
8992674
6771140
5551631
9649953
8933087
852502
9847819
1347689
1906255
2364319
8933087
1370764
8933087
2753698
3087827
8933087
6767543
7998367
1092644
7987383
3659353
7660963
3234356
8924283
2804208
8933087
8933087
2866275
1906255
3087827
9847819
1370764
1711739
5288674
1370764
1370764
8933087
8933087
3336984
1906255
9847819
8933087
7987383
9847819
8933087
1370764
390039
3336984
1405692
8992674
8933087
3583083
5552765
3336984
2589670
731909
1405692
4089501
3094515
5117486
3053006
407577
3546989
8540200
2991235
3336984
981546
5372469
8933087
6407910
9317742
1405692
8933087
6980585
852502
2952137
264454
6628585
8933087
6590697
6407910
1752840
4758597
6923322
8933087
1906255
7457306
1273877
8403010
3546989
2589670
6358908
1938099
7987383
5288674
2048297
3087827
5274510
1076807
2589670
9847819
5274510
8077942
8077942
3336984
8933087
3546989
3087827
3846643
8933087
5442802
6008590
1370764
2589670
8933087
2589670
5043170
656615
8933087
4312928
2952137
5288674
8403010
2991235
9317742
7987383
3336984
9847819
7987383
5385218
8077942
1370764
3234356
2589670
1370764
835778
8933087
7402570
425164
7132238
2549322
6223188
3546989
6771140
3955161
3087827
8992674
3058964
5864109
8933087
8933087
976099
1906255
8933087
9847819
3546989
9847819
1172472
9847819
2478416
892831
9847819
358683
2551733
1104478
9317742
3058964
6767543
8992674
6888985
8933087
1388419
3546989
2753698
8933087
2589670
8933087
8933087
5915995
4322294
9145064
3659353
5852811
3336984
555294
5066965
4089501
1076807
2589670
1405692
1787751
2804208
1906255
8933087
2589670
5227660
6767543
2589670
1370764
8933087
2701055
8933087
7132238
3546989
3087827
2059593
1606029
6448129
6241063
2690194
6407910
2589670
590217
7987383
5504188
6418920
3951508
8077942
4806653
1377148
3087827
3546989
5227660
3336984
6888985
4765711
2985959
8077942
8933087
2589670
8933087
1938099
9847819
8933087
3970951
4251716
2422060
8933087
3234356
2397261
9847819
2150981
6628585
8403010
4623527
2397261
4806653
3659353
4558484
8933087
7987383
2397261
5288674
8933087
4758597
4089501
1370764
2397261
1405692
574534
3087827
7987383
5372469
6223188
7031840
3336984
1076807
3336984
6771140
3546989
3173753
6771140
9847819
206153
1347689
9847819
1347689
2194234
3873686
6241063
3336984
4089501
2766886
8933087
8933087
830384
6223188
1906255
1347689
4558484
1488798
981546
2397261
6771140
3336984
7310353
6771140
7987383
6771140
9847819
8933087
3336984
3546989
3336984
7987383
4860609
1999370
2279244
9847819
6407910
2991235
9317742
2391280
7998367
1543251
7987383
3546989
8933087
7987383
3336984
8933087
1488798
3336984
2589670
2701055
3546989
4089501
976099
1076807
1370764
2589670
6771140
7835730
1005559
3964488
9847819
8451767
4623527
6888985
1008679
3659353
3087827
6888985
3087827
2991235
7835730
8933087
840856
2589670
1906255
3546989
1405692
4636899
8933087
8933087
3546989
6771140
1076807
6033840
9847819
6033840
2589670
4623527
9847819
1039790
3336984
8077942
1906255
8933087
1370764
2397261
6888985
8933087
8933087
8933087
3799242
2985959
6771140
2799803
8933087
1906255
2391280
1076807
2991235
9157083
2753698
8403010
9847819
8933087
1273877
6628585
1076807
1020824
6767543
8933087
2391280
1370764
8933087
8077942
3336984
5603524
7987383
3546989
6888985
931658
1076807
5288674
2341034
1488798
7987383
5385218
8933087
3087827
2391280
7987383
8933087
8933087
963149
9317742
3546989
1488798
8933087
3336984
1428036
6771140
553920
2589670
642659
5355709
8992674
1150625
4806653
8933087
3367224
6888985
1273877
7378435
2589670
8403010
8103939
1714250
1543251
1488798
3336984
3546989
952654
4251716
1488798
8933087
1906255
8933087
1370764
8933087
8933087
2621966
3336984
7987383
1598993
8933087
9847819
1284858
3336984
1273522
8933087
2589670
801894
5915995
4569468
5407465
6407910
2059593
9847819
8077942
9847819
2275433
9847819
3768382
1388419
8933087
3546989
4907107
1426189
2589670
3336984
2589670
6888985
4806653
6888985
2589670
8933087
6407910
8933087
6771140
9847819
3342241
915264
7987383
2658075
3336984
8992674
9847819
7457306
5504188
7987383
8933087
784315
5829302
8933087
3336984
2985959
1370764
3476291
1027927
8933087
4251716
5314725
3768382
1488798
8077942
9847819
3546989
8289919
8933087
3336984
3546989
7987383
1796385
2701055
1107146
2782411
3336984
1347689
3087827
1405692
3546989
3546989
2397261
9847819
4251716
3087827
8077942
2334607
8933087
4251716
2397261
1726377
8992674
3546989
155639
7034462
1284858
3336984
2589670
5062886
8103939
7987383
9317742
1990271
3336984
6418920
2589670
9120979
845882
4623527
2803716
3546989
8077942
8933087
1709190
6767543
6980585
4806653
2334607
6771140
9120979
9847819
1370764
3336984
1284858
1370764
6888985
1405692
3477111
1756075
1906255
5288674
8575695
1320266
9043433
1796385
5966754
2589670
5915995
8933087
1370764
8933087
2901305
731909
6407910
1347689
4251716
8077942
7724545
6358908
8933087
3781077
8933087
9847819
4251716
3583083
1806467
9847819
8933087
6407910
8933087
6923322
2589670
8933087
5274510
2397261
1040800
894937
8933087
7987383
1284858
492591
1405692
8077942
2589670
1405692
8933087
8933087
3951508
5852811
8933087
6844207
8077942
8077942
1906255
5551631
8933087
9847819
9626267
2607985
1642800
497580
5279296
3546989
1906255
6888985
6888985
1906255
1598993
2589670
8933087
7987383
3336984
1906255
8933087
2589670
3546989
2357087
4251716
3659353
8077942
8933087
8933087
9847819
8992674
1906255
3873686
9847819
3336984
3477111
4806653
2991235
9120979
5171404
3546989
1347689
7660963
1370764
5504188
8933087
9847819
2589670
8933087
2334607
2607985
9847819
8933087
9847819
1756075
2589670
4251716
5043170
9847819
6888985
2143023
8077942
8077942
9847819
5274510
1370764
2684247
8933087
9847819
2589670
2334607
4806653
5288674
2589670
1370764
1488798
5504188
4251716
3281990
3546989
6407910
6767543
9847819
8933087
8933087
3367224
5551631
6241063
3546989
9847819
8077942
9847819
3336984
3336984
2589670
3087827
8933087
1020824
8933087
2589670
8077942
274594
9847819
1295936
6888985
4419365
3873686
1135727
8933087
6888985
1938099
7266603
7475853
2589670
9847819
6033840
6888985
1488798
1488798
6275212
9847819
9157083
5824199
2397261
9120979
4251716
7987383
2607985
2952137
1054051
6888985
9847819
8933087
6888985
3336984
672923
8403010
2194234
6888985
1076807
8077942
1370764
236896
3336984
3336984
8992674
3546989
8933087
4312928
8933087
2589670
1488798
9847819
4312928
1370764
6771140
8933087
8403010
1906255
4623527
3454610
8570556
7987383
6407910
8077942
7987383
2952137
8933087
5288674
1405692
8933087
6076807
1938099
9847819
4569468
3546989
3808709
1076807
1054051
6407910
169057
1108864
7660963
8933087
1906255
7987383
5504188
8933087
9847819
1076807
8077942
270168
3477111
4330364
8992674
3546989
1969828
3546989
1906255
8933087
4806653
7402570
8933087
3690864
3336984
8077942
2551733
7143222
7987383
3087827
5912661
6276304
3546989
2701055
1405692
3546989
2286421
7586724
2150981
1108864
2391280
1906255
8933087
6008590
9317742
936206
2566847
8403010
1370764
4679645
1370764
9847819
9847819
2701055
5288674
8933087
6888985
8933087
1295936
5266534
3058964
5062886
3583083
2589670
2364319
3546989
1718963
8933087
7987383
5132316
1405692
8933087
6033840
9847819
6771140
8077942
2143023
1076807
3087827
1197319
1370764
8933087
8933087
4251716
2589670
4312928
8992674
4433529
217894
8077942
446960
9847819
8933087
9847819
1405692
8301938
186045
2753698
1841507
9847819
8403010
4251716
2589670
8933087
2985959
9847819
3546989
8933087
8933087
4251716
8933087
2397261
6771140
9847819
8403010
6223188
6771140
9847819
8933087
8933087
9847819
1488798
2985959
252999
2589670
8933087
2753698
409530
4276576
3087827
9096190
3099250
2059593
3336984
3546989
2589670
8933087
8933087
3546989
2589670
497949
8933087
3477111
8933087
6888985
590217
1606029
4237044
7706589
2589670
4623527
1370764
1405692
8077942
1718963
4312928
6623975
1273877
1906255
9847819
3087827
9847819
3546989
1370764
4251716
6888985
2257017
6033840
8077942
4251716
2589670
8077942
1284858
2589670
3058964
8933087
3546989
399545
8077942
3087827
8077942
1164565
1405692
6888985
8933087
1488798
8933087
8933087
8933087
6888985
894937
3546989
9847819
5852811
6892663
6888985
2589670
8933087
3336984
6033840
1508646
1347689
835778
5080713
3058964
1370764
2589670
8077942
390398
2337656
2589670
3053028
582880
8933087
6888985
1076807
1569349
8403010
8933087
6888985
8933087
8933087
8127871
4907107
8933087
6407910
8933087
2589670
2305542
3336984
9847819
3546989
2391280
8933087
4550311
8933087
3781077
3768382
1370764
3477111
3546989
2952137
1488798
2152269
1405692
8933087
8933087
6888985
8933087
8933087
4089501
3336984
1488798
1007455
1020824
1153981
8621321
9847819
4249465
9626267
2589670
8933087
3715221
6008590
9847819
7132238
8933087
5227660
8933087
2589670
1906255
8933087
359184
8933087
6407910
8992674
7987383
8933087
4276576
3546989
3259534
1938099
2589670
2143023
5288674
1488798
7457306
3087827
1841507
9847819
8403010
8077942
2059593
8077942
6771140
1370764
1906255
6358908
3336984
8301938
4695809
5552765
922803
3546989
8933087
892831
3336984
9145064
1370764
2143023
3336984
1370764
2701055
1377754
8933087
6771140
508482
4251716
632926
1938099
2589670
8933087
7987383
976099
4202754
8933087
9847819
8403010
1405692
873921
5288674
952654
4433529
1388419
3620685
7987383
9847819
6038229
1906255
8933087
2413756
3477111
981546
8933087
2589670
1355493
6888985
3336984
8933087
1906255
3336984
2952137
8933087
3873686
1943570
2589670
5552765
731909
1999370
6888985
9847819
2015503
6033840
4251716
9317742
6771140
3690864
9847819
1284858
3546989
3620685
2991235
4217778
6973605
9847819
7193981
2985959
2589670
637352
2589670
2589670
3546989
1370764
9847819
2589670
2143023
8933087
8933087
6276304
7132238
1806467
1370764
4623527
9317742
3546989
1076807
3659353
8077942
2357087
2589670
8933087
3546989
6033840
5105333
3477111
6888985
3546989
6767543
1108864
8933087
6241063
2589670
1405692
1284858
8403010
1906255
8933087
2701055
5864109
8933087
2985959
7987383
1613796
2246304
4623527
6771140
8077942
6418920
3546989
2985959
3799242
976099
2397261
6888985
2985959
1990271
8933087
4806653
5288674
1405692
1107146
1906255
4636899
2589670
2621966
8933087
9847819
8933087
8933087
636463
1377148
1020824
3260394
3546989
8933087
2985959
8933087
3546989
1370764
7402570
2059593
1906255
3546989
3546989
8077942
7132238
1841507
9847819
6771140
9847819
1906255
6888985
1906255
1347689
9317742
3546989
9847819
7987383
1076807
6888985
1370764
8933087
2589670
2589670
2059593
1347689
4475515
8933087
8316265
3336984
613438
2947034
3336984
2431413
8077942
5504188
8933087
5915995
424451
5260026
889602
1906255
3690864
2684247
1613796
2059593
2952137
8933087
1335861
5555095
8933087
9847819
809782
6771140
1454376
2589670
8992674
2391280
1370764
8933087
8933087
4251716
250629
9847819
6809813
4312928
9847819
8077942
8933087
2143023
6407910
216416
8933087
3698011
8933087
4089501
4685637
1076807
1488798
4940467
1405692
3087827
2607985
1370764
4543227
153332
3087827
2257017
8933087
8403010
3546989
9317742
3336984
3548961
6033840
4312928
6260429
9847819
1273877
2589670
8077942
3087827
2589670
5852811
3546989
3568396
8933087
3546989
9847819
2589670
7791404
4623527
6888985
5104610
9847819
9847819
3546989
3546989
2589670
2589670
7987383
1076807
9120979
2589670
7987383
9145064
2589670
1906255
8933087
1377148
8933087
3690864
9847819
1405692
3336984
1370764
8933087
6888985
8265834
8933087
8933087
4806653
8992674
1405692
3336984
8933087
1906255
5288674
1974423
9847819
8933087
981546
4312928
8933087
1405692
5504188
1370764
9847819
8933087
4640363
3087827
6276304
2589670
2589670
361413
9847819
3058964
4251716
1906255
6888985
5552765
4237044
1096402
8403010
9847819
8403010
4322294
1938099
9847819
8933087
3028393
2143023
6223188
1990271
1405692
7998367
3546989
2589670
1076807
3559424
929681
8077942
8933087
5852811
553920
3546989
6771140
771477
6067582
1370764
8933087
7390473
8992674
9847819
9847819
7987383
7987383
6767543
1974423
936206
1906255
4313576
3546989
3476291
1411549
6008590
9847819
3053028
9847819
2589670
8933087
2589670
9157083
3476291
2727938
6407910
2589670
1405692
8403010
3546989
2391280
6888985
2040807
4272282
8933087
873201
3951508
6925701
9847819
8077942
1279099
441308
8403010
423609
1558326
3336984
4142207
9847819
6771140
7987383
8933087
5504188
3546989
3058964
2589670
1405692
1370764
4806653
637352
8933087
4806653
7835730
9847819
2208398
8403010
1938099
8933087
7987383
8992674
9847819
7987383
7987383
1900460
8865268
5966754
8933087
3336984
8933087
6008590
2194234
1128623
8933087
5852811
1370764
4788418
5524221
1488798
3690864
8077942
1906255
9847819
1405692
9847819
1405692
6888985
1906255
9847819
4251716
9847819
6771140
1405692
9847819
7660963
8933087
7402570
8933087
5504188
4433529
1405692
9847819
6767543
4251716
1020824
1718963
4251716
2402264
3336984
8403010
4251716
3822630
3546989
731909
2589670
9847819
1405692
8933087
1076807
3087827
5288674
3781077
2589670
6888985
3336984
5507201
3659353
3087827
1938099
2268826
7660963
3983373
8933087
6771140
2621146
8933087
6888985
8933087
1405692
4089501
1420353
9847819
3094515
1756075
9847819
6753395
5875093
1370764
8933087
4806653
4870722
1370764
2589670
2990168
7402570
8933087
2132262
8933087
6760885
2059593
1370764
1756075
9847819
4217778
8933087
1938099
2589670
9847819
8933087
9317742
8933087
841767
3087827
9847819
3882751
8933087
8933087
2391280
1370764
8403010
551693
9847819
4500564
7987383
1488798
1353759
2985959
5552765
2621966
3546989
1284858
6767543
9847819
2589670
3546989
8933087
3481844
8933087
9847819
8933087
3173753
7949064
2701055
3058964
6888985
5346554
1906255
2555124
979399
458204
9847819
8933087
1906255
9317742
4623527
189977
6418920
3336984
1488798
6407910
8077942
6771140
8992674
3336984
3173753
8933087
3087827
1370764
6767543
2301952
3546989
8933087
9847819
3781077
6628585
8933087
6407910
526660
1377148
1488798
4907107
2607985
7987383
1370764
1906255
2589670
656615
4502585
1718963
3087827
344733
2804208
6771140
3546989
8933087
9847819
2589670
1347689
8077942
8933087
9847819
7998367
8933087
8933087
9847819
4870722
3336984
2607985
3546989
8933087
5852811
1202796
8103939
9847819
8933087
8621321
8540200
2589670
3477111
1405692
7987383
8077942
2855791
8933087
3336984
1076807
2143023
443971
8933087
3336984
5852811
6888985
8933087
8933087
3087827
6771140
1347689
2589670
7706589
3336984
2589670
1284858
2391280
7191036
1234186
2397261
1370764
4251716
3546989
1718963
9847819
3058964
1370764
217651
3336984
6771140
4251716
2589670
2036591
8933087
2397261
9847819
3546989
954295
5574506
3546989
2589670
7457306
8403010
9847819
8077942
1841507
6888985
7724545
3087827
5852811
6223188
6131283
5407465
3173753
8933087
6547425
3087827
8933087
9847819
2701055
3532775
8711909
9847819
8403010
3336984
5274510
8933087
2589670
2589670
3336984
9847819
1370764
8933087
3768382
976099
425164
5227660
2040807
9317742
1370764
1718963
8403010
1076807
6888985
1906255
7998367
1734670
9847819
4788418
1938099
6888985
9847819
7137920
6771140
3741231
9626267
9847819
8933087
358683
9847819
9847819
2589670
8933087
8933087
1405692
4237044
3336984
8933087
3165400
8933087
3583083
1405692
3336984
8933087
7987383
8933087
4619360
3053028
3546989
7660963
7987383
8077942
4623527
7132238
6008590
5852811
9847819
1974215
8403010
8933087
1906255
8077942
8933087
5288674
6888985
2186397
9847819
567202
4623527
1796385
495958
2413756
1938099
9847819
3173753
1642800
2753698
8933087
8077942
5227660
6825953
4312928
6888985
1370764
8077942
1370764
8933087
6223188
8077942
3546989
2985959
9847819
8933087
8992674
9847819
5504188
1370764
2589670
1796385
664834
4806653
9847819
2621146
9847819
3918686
9847819
7402570
2391280
377234
1906255
3546989
3336984
5877833
8933087
3964089
1279099
3336984
6527489
3559424
5504188
1370764
6888985
8933087
9847819
8933087
8293167
1370764
8933087
3058964
4558484
2952137
2397261
3808709
6888985
1405692
2397261
7724545
4806653
7342642
1077568
2589670
1370764
8077942
1273877
1488798
1677577
3583083
1405692
9847819
8077942
9626267
6888985
1405692
2766886
6923322
6287872
1370764
8933087
567202
2555124
6888985
1370764
7402570
3336984
4623527
981546
8933087
9847819
4015577
4116572
9847819
6771140
1370764
5502379
2551733
4061241
1439933
1718963
8933087
1488798
8933087
9847819
3087827
5288674
3808709
1370764
1405692
7987383
2391280
1370764
3583083
8933087
1906255
8403010
4251716
3808709
8077942
5066965
4089501
8077942
9483095
2753698
6407910
3336984
8933087
8933087
7998367
5926590
9847819
6888985
7987383
3058964
3381899
894937
6767543
1370764
6888985
4089501
2538761
6033840
2589670
5288674
7987383
9847819
3058964
5552765
8992674
3951508
3546989
7987383
1284858
2804208
5355709
2952137
1405692
1370764
254200
4404027
8933087
2397261
2059593
3546989
1076807
2589670
3336984
8077942
5915995
2257017
1370764
9847819
3336984
4312928
8933087
1370764
9847819
1405692
4089501
2701055
8403010
7987383
1347689
9847819
981546
1442265
6407910
3336984
3546989
8933087
4251716
2589670
3546989
8933087
2589670
869400
9847819
8077942
6771140
5511510
1718963
2589670
219481
1906255
6771140
5877833
4431822
3281990
1405692
7987383
1076807
1370764
8933087
2589670
8933087
8631958
7378435
2589670
8077942
9847819
8933087
8077942
3477111
2589670
2397261
8077942
8933087
8933087
7402570
716367
4636899
6767543
543624
2589670
2703880
3336984
976099
3808709
3087827
8933087
8933087
8933087
8128701
1370764
8077942
6888985
6771140
911057
9847819
2952137
1157138
3546989
2589670
7378435
4500564
2246304
5530037
7402570
3087827
3058964
648762
5852811
8077942
6425366
3336984
1938099
1543251
3058964
9847819
6117108
1370764
1370764
926028
8933087
8933087
1300915
904729
1370764
9847819
8933087
6418920
4251716
8933087
5915995
8933087
2275433
4251716
6888985
9847819
8077942
5852811
3336984
6888985
2589670
8933087
9847819
5552765
8933087
1370764
2059593
8575695
8933087
4251716
2257017
4217778
9847819
3336984
1347689
4251716
2589670
2555124
8933087
9847819
1906255
8077942
7987383
1906255
2607985
4636899
2268852
3053028
6432731
8992674
574534
8403010
2589670
4835565
3583083
3808709
8933087
5274510
7457306
3058964
7402570
9847819
2397261
6418920
8933087
6888985
1370764
8933087
6432731
1370764
8933087
8992674
3546989
7987383
7987383
5504188
7987383
2804208
2422060
7724545
2701055
1806467
8077942
4093450
3087827
3336984
7987383
8301938
8188052
7614768
6888985
9847819
6767543
7987383
9120979
8933087
1718963
4253975
9847819
1370764
3690864
6888985
8933087
3234356
1250191
198506
8933087
8933087
7468290
8077942
7242251
801894
1370764
1284858
8933087
3336984
1370764
2194234
8403010
1076807
1906255
976099
6033840
3546989
2397857
1906255
8077942
4623527
8077942
2753698
926028
1906255
2589670
8933087
3087827
7506127
3546989
7191036
9847819
1370764
9847819
8992674
1488798
6241063
6771140
8077942
8933087
8933087
4251716
2391280
8933087
2851908
3546989
6872493
302505
2804208
6407910
8933087
2607985
8933087
4089501
4765711
3546989
7987383
3336984
8933087
9847819
2096992
7724545
8403010
8933087
346144
8933087
4623527
3546989
2589670
2215589
6888985
1841507
8933087
787913
3546989
9847819
5407465
8933087
8933087
3546989
8933087
9847819
2397261
1405692
8933087
3583083
1488798
3546989
9847819
1718963
4623527
8933087
3546989
3336984
5504188
8403010
2589670
1906255
1347689
9847819
656615
5288674
1370764
3583083
1405692
6771140
1370764
477606
1370764
1370764
9847819
4636899
8933087
8403010
6407910
8077942
4312928
9847819
5504188
1906255
3776197
8077942
7835730
5852811
8933087
7201556
2589670
1841507
1925818
7987383
8077942
1370764
9317742
6888985
5504188
8933087
4312928
2753698
8933087
75410
3087827
2589670
99581
8992674
6888985
8933087
1370764
9847819
1076807
8933087
9847819
9847819
1405692
9847819
3546989
2381280
9847819
5117486
9847819
3087827
2589670
8933087
6008590
1787751
1370764
1841507
8933087
4251716
8933087
6407910
5810898
4276576
8933087
2589670
8933087
6407910
1219362
2589670
8077942
1020824
1796385
2985959
2952137
7987383
9847819
3690864
8403010
3659353
6407910
6888985
5355709
9847819
6407910
598670
6844207
9847819
1756075
8933087
9847819
8924283
8933087
8933087
9847819
1370764
1756427
6888985
1405692
5288674
8706136
3477111
936206
5551631
9847819
3336984
9847819
6888985
2589670
6033840
5864109
4313794
1370764
4312928
7457306
6443719
6771140
8933087
9847819
9847819
2658075
2391280
8933087
2696869
5043170
1906255
7987383
3087827
9847819
3546989
3546989
3546989
8933087
1405692
8992674
894937
5288674
2397261
420710
8933087
2059593
2589670
8933087
9847819
8933087
1718963
8933087
8992674
6771140
8933087
8933087
9847819
5274510
1946284
1558326
1178194
2474952
6771140
8992674
5504188
4030164
3058964
4870722
5537505
5852811
8933087
1938099
1906255
8933087
1841507
2152269
7470801
8933087
5288674
1020824
4433529
2701055
2261534
3336984
1388419
8077942
4251716
1787774
1388419
9145064
4834901
8933087
2889961
8933087
2286421
8077942
1841507
6033840
8933087
3087827
424451
1841507
8933087
926028
9317742
9847819
8933087
7987383
8933087
3546989
2589670
3336984
1405692
8933087
8933087
3546989
7987383
5915995
8403010
8077942
2589670
3087827
2701055
5574506
6888985
6888985
9847819
2589670
1405692
1405692
6771140
2589670
5514249
3477111
3454610
3871136
6923322
8403010
4093450
7987383
1488798
2607985
2607985
8933087
8403010
6888985
4089501
1020824
3336984
9847819
2194234
1370764
2397261
769828
8933087
2985959
2985959
9847819
7660963
2357087
9847819
2701055
1370764
8933087
1076807
5043170
3911296
3583083
8403010
7987383
1076807
2936305
4623527
6033840
2589670
4623527
4312928
6771140
1488798
6923322
6241063
6418920
2607985
8575695
3452516
2391280
7402570
3546989
8222290
2782411
8403010
8933087
2985959
3704088
6358908
1076807
1329598
7143222
672320
2991235
4251716
8077942
5504188
8077942
6888985
8933087
1076807
2791463
8933087
4500564
1488798
1157138
2991235
3546989
9847819
2040807
9847819
1906255
3336984
8077942
1370764
6771140
7402570
4251716
2143023
1405692
9847819
2700006
6407910
1938099
8933087
8933087
3460086
3058964
3546989
9847819
3546989
8933087
7457306
9847819
8077942
2991235
1906255
1841507
6418920
8933087
2397261
9847819
1347689
8933087
1633632
2589670
2589670
1405692
8992674
3336984
1273877
5504188
8077942
8077942
4089501
1488798
8933087
8992674
1405692
2589670
8077942
7402570
8933087
9317742
7987383
9847819
8933087
2753698
8933087
5355709
9847819
2127320
2589670
2531063
8933087
4623527
7987383
6888985
3087827
1370764
3336984
6771140
1370764
5852811
3058964
2348177
1076807
8077942
684371
2621966
9847819
1488798
6771140
2952137
8933087
517156
4623527
8933087
3336984
7857637
6033840
5852811
2753698
1405692
2952137
2882288
6407910
1370764
1370764
3546989
1426189
2059593
6888985
5288674
2589670
8933087
3087827
1370764
2991235
6767543
8992674
6418920
8933087
4623527
1906255
9317742
2621146
8077942
2589670
1906255
6888985
1370764
1979660
8933087
3336984
8933087
8933087
8077942
4089501
9847819
9847819
8933087
1938099
9847819
3546989
8933087
243279
3546989
7987383
3336984
7706589
7987383
2589670
7987383
1488798
7998367
3546989
1906255
2589670
8933087
378094
4312928
783627
1370764
1829584
2589670
3336984
2397261
2044464
2727938
3583083
6809813
7987383
485633
2991235
5227660
353736
8403010
4835565
3173753
1488798
7998367
6923322
7717226
8933087
3058964
8933087
8077942
6547425
2589670
4806653
5852811
2007572
9847819
2589670
8765835
1377148
8933087
1370764
8933087
1370764
8933087
3546989
9847819
9847819
8540200
2551733
1806467
8933087
9847819
9847819
8933087
7706589
8933087
9847819
5288674
1295936
7987383
6888985
3336984
8933087
2857019
5132510
8933087
6888985
8863796
4870722
2334607
6767543
4251716
3340272
572017
8403010
2592797
2397261
736277
2952137
3546989
8933087
1405692
4142207
2551733
8992674
3886992
3087827
7987383
6322197
5877833
460872
1488798
9317742
3477111
3460086
9847819
3546989
1906255
840106
1966227
6771140
8077942
8933087
8933087
4806653
8403010
1370764
9317742
4237044
6771140
6407910
7987383
8933087
1756427
3087827
8933087
2711005
5227660
4251716
6888985
6407910
3546989
1405692
9847819
2589670
981546
6407910
4868205
1370764
6771140
2991235
3546989
8077942
5552765
5877833
4907107
7457306
7987383
5274510
2533558
4806653
1405692
2753698
3087827
4251716
7987383
5274510
3546989
2551733
1370764
4000193
6767543
3659353
8933087
9847819
8933087
1370764
8077942
4312928
8933087
8933087
4251716
1405692
8992674
8933087
2589670
735550
3546989
1906255
6880854
1796385
8992674
1347689
9120979
8933087
2391280
4202754
6771140
1488798
6358908
3486118
2589670
6760885
9847819
9847819
8933087
2391280
6251412
6771140
4530073
3336984
8933087
9847819
2589670
159071
5966754
8933087
6251603
4806653
6888985
7987383
1076807
8403010
1370764
9847819
6888985
1484584
4093450
3058964
1906255
3336984
8077942
9847819
1157138
1370764
2991235
9847819
8933087
7402570
2589670
6407910
2095962
8933087
1335861
2589670
976099
8077942
9847819
3970857
8933087
8933087
2589670
3336984
4251716
4623527
9847819
8933087
2592835
656615
2589670
3460086
8933087
3559424
1279099
1488798
2589670
1104478
1377148
3336984
6888985
8403010
9847819
8933087
2391280
7402570
1370764
8077942
8077942
7987383
1347689
1020824
1796385
2589670
1999370
1718963
6771140
6033840
7987383
6223188
6767543
3546989
5852811
1488798
8933087
636463
590104
5274510
6771140
6888985
5504188
7310353
2589670
1405692
636510
2589670
8933087
2607985
6341282
8933087
2589670
4690929
4312928
760435
3546989
3336984
1347689
4431822
5062886
4251716
8077942
6033840
9847819
6407910
1718963
9847819
4143627
4623527
2589670
9847819
8933087
5852811
6033840
8933087
1906255
6923322
8933087
6771140
8933087
9847819
3087827
2055831
6771140
808521
1906255
7143222
3058964
567202
9847819
7987383
1906255
495958
2589670
4623527
926028
2150981
803289
5288674
1266308
8933087
3846643
2312838
3058964
5552765
1405692
3546989
4788418
3336984
929681
7468290
6771140
8933087
4806653
8933087
2589670
2952137
1613796
949507
9847819
1156768
6341282
6407910
7835730
2991235
8933087
9847819
1347689
6888985
1219362
8933087
6888985
3003878
9120979
9847819
6767543
1020824
6008590
3336984
3336984
8992674
1488798
3087827
5504188
8933087
2589670
2589670
7987383
3336984
4907107
3087827
8933087
8933087
3546989
9317742
8077942
9847819
4907107
5288674
1347689
2364319
1311313
4775186
8933087
4157277
8621321
8077942
2589670
1906255
3336984
8933087
8933087
7998367
1178194
3087827
3342241
3342241
8933087
4312928
8933087
1906255
2589670
1405692
650329
8077942
9847819
8077942
4251716
5504188
1370764
424451
8933087
8077942
3546989
8933087
1598993
3460086
2990168
3087827
2589670
8933087
1756075
1050057
4251716
8933087
7132238
8077942
1934622
9847819
3336984
6888985
7987383
3336984
1598993
9847819
9847819
6033840
1990271
3336984
6888985
1370764
981546
2493982
2701055
8933087
1104478
1370764
8077942
1913628
1370764
1370764
8933087
9847819
7987383
2589670
6771140
8933087
2059593
6888985
9317742
4089501
2589670
871838
2551733
3583083
8933087
5817317
3087827
5551631
8933087
8077942
1598993
2844234
6888985
6547425
9847819
2952137
1370764
8933087
7223983
9847819
2422060
3768382
8077942
3460086
3336984
2589670
9847819
8933087
2701055
8933087
3546989
8933087
4558484
3336984
4312928
4251716
8933087
2555124
8933087
8933087
9395345
7791404
1405692
7987383
1488798
8933087
8077942
1370764
6407910
8933087
3336984
2589670
2334607
1786577
3087827
8933087
1370764
9847819
8077942
8077942
1157138
8992674
4806653
1718963
8077942
6033840
2421534
3087827
8403010
8933087
4251716
1022544
1405692
1405692
1157138
6888985
8077942
3583083
6418920
1284858
6888985
6888985
1405692
4080147
1405692
1405692
3336984
3087827
7402570
3546989
2059593
9847819
1488798
6070556
731909
2991235
5573376
4312928
2589670
8992674
9847819
8933087
3546989
1488798
8933087
8933087
1953869
8933087
1172472
2589670
7310353
1057981
9847819
7987383
6241063
1128623
894937
6715259
8933087
2985959
3087827
8103939
7987383
9847819
8125247
3336984
3768382
8933087
4758597
2397261
7987383
6888985
1092644
7724545
7724545
2397261
9757664
1488798
2701055
7987383
9847819
2991235
8933087
1787751
8933087
3336984
3336984
5747302
4806653
4202754
1488798
2059593
2589670
5915995
716367
614979
2589670
1906255
249458
3706967
2551733
1370764
8924283
5062886
8933087
8077942
6771140
984248
4251716
1405692
9847819
8575695
3546989
8933087
9847819
3336984
7987383
7457306
9847819
8933087
8933087
750953
3546989
8933087
2246304
6767543
606249
2985959
7987383
3058964
9847819
8621321
3087827
8077942
1718963
3483413
8992674
2215589
8933087
8992674
6809813
1641256
1906255
5915995
6241063
1906255
2589670
3366944
8933087
6965250
8992674
6138329
3087827
2397261
8933087
5504188
663930
2397261
1320266
8992674
8933087
1488798
845882
2589670
3546989
2397261
3964488
1284858
5288674
8933087
1906255
3659353
8077942
2589670
3087827
3477111
6771140
2589670
8933087
3546989
1906255
2268826
1284858
2589670
5407465
3087827
3087827
2589670
894937
6407910
8933087
7987383
6888985
8933087
2621966
6358908
2589670
2589670
8933087
3983373
2985959
2589670
3476291
7777991
2991235
4435126
8128701
1370764
8933087
776019
9847819
3336984
8933087
8933087
7987383
2268826
1347689
3367224
3336984
3546989
2631891
3336984
9847819
1076807
2397261
4251716
6767543
3336984
9847819
7998367
7402570
4237044
9317742
2589670
731909
1370764
2589670
1405692
6888985
9847819
6771140
9317742
9847819
2105389
3951508
1488798
8933087
9847819
1329598
2589670
9395345
1104478
9145064
6771140
9847819
6771140
2621966
2364319
1488798
3336984
981546
2589670
3336984
8933087
8933087
5504188
2334607
775166
684371
5552765
553920
2991235
6888985
2474952
1906255
8403010
8933087
495958
8933087
2059593
5066965
2589670
8769732
8933087
8933087
2589670
6767543
3546989
2589670
8077942
1796385
4089501
9847819
1370764
9847819
6888985
5852811
1990271
7987383
736277
651307
553188
8933087
9847819
1370764
1405692
8933087
8933087
8245488
5043170
8077942
8933087
8933087
672320
8933087
1488798
458988
8933087
8933087
2589670
9847819
8933087
1104478
1488798
8933087
8933087
2143023
7987383
2589670
6888985
4806653
3546989
8933087
2589670
7987383
8933087
3546989
9679410
2397261
8992674
439474
8933087
1347689
4860609
7074028
5504188
2555124
8992674
1076807
1906255
8933087
6888985
8933087
8992674
4251716
3486118
2589670
9847819
1273877
1906255
4806653
1370764
2985959
4586591
8933087
3920169
4251716
8933087
3477111
2589670
2096992
5616861
2589670
4251716
2533558
1488798
8590902
1487041
3465223
9847819
4623527
8265834
1405692
731909
1370764
8933087
8933087
1295936
8403010
3336984
3367224
9847819
1884220
4251716
871838
2150981
6267686
5864109
1906255
8933087
9847819
4312928
5227660
4859159
3768382
8933087
8933087
1347689
8933087
8933087
2621966
8933087
5915995
3546989
1405692
1906255
556924
1347689
9847819
8933087
5288674
5852811
1906255
4806653
2397261
2701055
3336984
2596261
1405692
8933087
4748214
5864109
8992674
2701055
7987383
9847819
1370764
1906255
9847819
2589670
8933087
4805979
8077942
4251716
8077942
5274510
1405692
5062886
3336984
8077942
8933087
4055816
2551733
2589670
3546989
1020824
1906255
2701055
1488798
8933087
6771140
2589670
6809813
6888985
5915995
2589670
4251716
8933087
3457362
2275433
8077942
1405692
8403010
8933087
9847819
3336984
9317742
3546989
4030164
638093
1370764
5504188
4251716
9395345
9847819
8077942
8933087
3094515
1108864
970535
3546989
1370764
1020824
1370764
5852811
4623527
8933087
6771140
6888985
1370764
3087827
5552765
3546989
4251716
8933087
2589670
9847819
1906255
6771140
3336984
8077942
9626267
8933087
1370764
1370764
7673457
3546989
9847819
5915995
7457306
4237044
6771140
8933087
1370764
1045720
2589670
2589670
3546989
3106382
9847819
8933087
3336984
5852811
8933087
4860609
6888985
3546989
4062176
3690864
3336984
6888985
1562344
5552765
4419365
3336984
5504188
9120979
4806653
3173753
6417111
6771140
8933087
6888985
976099
3336984
3087827
1076807
7660963
1718963
8933087
7132238
5852811
3546989
852502
4623527
8933087
8933087
5852811
8933087
8933087
9847819
8933087
8765835
8077942
2769683
4251716
1108864
1405692
6888985
3087827
8933087
3546989
3477111
9847819
1804530
2589670
7987383
5363547
3546989
3336984
3583083
8933087
3546989
4237044
3546989
8933087
6888985
2979011
1370764
8077942
8933087
8933087
2143023
9317742
1076807
2589670
2589670
8933087
1076807
8933087
5883827
9847819
6418920
2589670
1990271
2701055
4623527
2589670
4251716
1370764
9847819
2391280
1370764
8933087
6888985
6033840
3336984
5288674
6771140
8933087
3776197
8077942
9847819
7137920
6771140
8077942
9847819
500458
7084291
9317742
6120485
3819141
3336984
2589670
832886
8933087
3546989
2589670
5852811
8933087
8077942
2952137
7987383
1405692
3808709
8077942
9847819
1370764
1488798
8933087
1076807
8933087
2991235
2591116
3546989
9847819
7987383
4251716
3851933
7987383
1370764
6276304
6771140
8933087
4431822
1405692
2268826
8933087
5574506
3851933
8933087
2836417
9847819
1405692
8933087
6131283
3583083
3546989
578850
1284858
5272798
9847819
7987383
5504188
1756075
5671734
4174266
8933087
4237044
8077942
1692382
2589670
1405692
2589670
2666786
8933087
4695809
3336984
3546989
1104478
8077942
2866275
845882
1388419
5989062
8077942
6771140
9847819
8933087
8933087
860115
5551631
4475515
8621321
6111301
3546989
9847819
131454
2188110
8933087
9847819
6771140
6033840
7724545
8933087
9847819
1884220
3336984
1756075
2952137
3336984
5288674
668466
9847819
3889861
1642800
7987383
7457306
1177201
2257017
775166
2727938
1752840
3087827
6923322
6407910
4089501
9847819
3087827
2589670
731909
8933087
8992674
8933087
4089501
9847819
1370764
5227660
3799242
9847819
9847819
1370764
9847819
7987383
8933087
1076807
8933087
2138569
2658075
6923322
8077942
9847819
3546989
8077942
9847819
8933087
7987383
6888985
835778
8077942
1488798
6376327
497580
9847819
2381280
5775341
8933087
1370764
1906255
9847819
1387300
1906255
8933087
8575695
1347689
2820149
7132238
1076807
7987383
4251716
7251533
8077942
1347689
2952137
1405692
3546989
8077942
1405692
1370764
7987383
7402570
6407910
5552765
2589670
6033840
1718963
902551
6888985
3546989
1284858
6888985
8933087
9043433
8077942
4251716
1284858
3620685
8933087
1305019
3546989
5227660
8077942
6418920
1077568
2298557
8933087
8933087
8933087
4089501
6314130
1370764
1347689
8933087
1108864
1318130
9847819
1370764
2589670
3058964
5287240
8933087
1347689
1370764
9847819
8933087
9847819
8403010
2589670
3546989
5274510
5355709
1370764
1787751
8992674
5407465
8933087
1284858
1906255
8865268
8992674
6767543
1810835
2589670
8933087
4251716
1906255
5499016
731909
1488798
3336984
9847819
8933087
4089501
1370764
1488798
735464
6888985
9317742
2208398
2589670
9847819
6888985
1906255
7987383
8933087
8933087
1370764
3165400
4697715
4695809
6888985
3583083
8933087
6888985
8933087
2286421
3336984
5877833
3336984
731909
9847819
8933087
3659353
9847819
3336984
1598993
408717
1076807
5716575
6771140
8933087
1906255
4089501
8933087
1370764
7402570
1806467
8933087
1370764
1295936
2402264
4744433
3336984
4202754
6923322
3546989
4623527
4623527
7987383
2357087
3336984
7987383
3546989
949507
1642800
2589670
1841507
1377754
6888985
3546989
2621966
668466
4636899
610796
1273877
8077942
4251716
3583083
6888985
8933087
6888985
3087827
2607985
1804530
8933087
3659353
4251716
3546989
3336984
6923322
8933087
8933087
8403010
99081
8933087
1370764
3690864
8933087
6098508
5288674
1377148
2701055
2985959
8933087
7987383
8077942
9847819
1906255
9847819
3336984
2059593
1906255
2701055
4623527
7987383
2701055
8933087
5852811
1370764
8933087
4251716
8933087
2589670
1405692
8933087
7987383
3583083
1157138
3336984
1613796
8933087
4860609
5288674
2059593
2589670
8077942
8933087
9847819
3336984
5182388
8077942
9847819
6888985
3336984
4806653
5852811
1938099
6767543
8933087
8933087
6771140
8933087
8933087
3546989
8933087
4623527
2476544
9847819
8128701
1441823
6888985
5457959
1906255
2391280
5132316
8575695
2589670
6771140
2095962
7987383
3546989
4251716
8933087
1938099
5852811
828116
7660963
4251716
5852811
1370764
1787881
6771140
3336984
4623527
1197319
3873686
2059593
2589670
8992674
9847819
2991235
1488798
3336984
9847819
3294235
6358908
922707
9847819
9847819
5574506
8933087
6888985
8933087
3336984
8077942
2589670
6888985
4907107
4251716
1405692
8992674
3336984
8933087
1740427
6872493
8077942
1752840
6767543
8992674
8933087
9847819
8933087
2589670
1906255
3336984
1796385
1128623
7987383
3087827
3058964
3087827
8933087
1405692
9847819
8992674
1370764
8933087
8933087
1906255
8403010
6407910
8933087
8933087
1405692
8992674
9847819
3336984
2817377
1076807
1108864
2478416
8933087
2589670
3583083
2215589
8933087
6888985
1806467
1405692
555294
8933087
5852811
3087827
1906255
8933087
1388419
8933087
2753698
2589670
3336984
8403010
6033840
8933087
495958
3087827
1076807
6771140
3583083
6033840
8403010
8933087
4355802
1796385
9847819
4623527
9847819
4251716
9847819
8464590
782620
9317742
6888985
1377754
1370764
8933087
9847819
6771140
8265834
4093450
8077942
5288674
9847819
7660963
7191036
3546989
3336984
5355709
2397261
9847819
9847819
8933087
9847819
1756075
5132510
8933087
9145064
6888985
1370764
8933087
3058964
2021851
1718963
580709
9847819
6418920
7191036
5552765
4211820
731909
7660963
8077942
8933087
8933087
2334607
9847819
6407910
9847819
5227660
8933087
8933087
8077942
8933087
5504188
2636333
2589670
8933087
6888985
1157138
2589670
5288674
8077942
2589670
7987383
784243
6008590
7132238
4431822
9847819
4623527
8933087
52829
3336984
3367224
393976
6888985
4530073
2589670
8403010
3808709
8933087
2701055
3964488
1284858
8933087
9847819
873921
6771140
8933087
1796385
6888985
1906255
6809813
3087827
5062886
6771140
5227660
251365
684371
8933087
2589670
7987383
8933087
9847819
1405692
8933087
1370764
4249465
8933087
8403010
8933087
8403010
3951508
6771140
5066965
1370764
1906255
9317742
8077942
6771140
6888985
8933087
5227660
8992674
1906255
8933087
2351356
8933087
4870722
8077942
801894
3546989
5852811
5852811
8992674
1370764
2397261
3182265
981546
417624
2589670
8992674
8992674
949011
1370764
8451767
9847819
5915995
3546989
8933087
3336984
5504188
2397261
1370764
7987383
2589670
2391280
6771140
7791404
6888985
9317742
6923322
7987383
9847819
926300
2753698
3546989
2589670
3336984
1347689
9847819
8933087
1906255
9317742
7289387
7724545
3768382
4251716
6407910
1365536
7987383
8403010
1488798
7393174
6767543
6418920
48559
3336984
8992674
3367224
3546989
8933087
9395345
8933087
926028
445662
4202754
1370764
3325437
8403010
2551733
9847819
2589670
3546989
8933087
8933087
2059593
5181412
9847819
2952137
6241063
6425366
7987383
1076807
4623527
2804208
6888985
1530221
464774
8933087
9847819
6418920
3336984
9847819
8933087
9847819
4251716
6888985
9830074
4202754
3546989
8933087
8933087
1370764
8933087
8070521
8933087
6771140
3336984
8933087
1250191
1347689
6341282
3546989
3087827
8933087
1210827
1405692
8933087
8933087
9847819
4806653
8403010
8992674
2589670
3336984
1488798
2059593
9847819
2589670
9317742
5504188
4322714
4623527
9847819
1370764
5355709
3087827
2589670
1397485
4251716
1347689
1906255
2397261
2727938
8933087
8077942
1906255
4030164
8992674
3546989
8933087
2589670
2589670
7987383
6771140
3546989
8077942
8933087
8933087
1370764
1076807
1756075
8933087
1266308
3087827
1845611
2589670
6888985
9317742
8933087
2236809
1370764
2334607
1405692
1488798
2397261
2589670
1370764
3336984
6888985
8933087
9847819
1370764
3336984
1020824
1370764
9847819
1370764
5504188
9847819
2095962
1370764
8933087
9847819
5390247
6771140
3691195
6033840
9847819
4251716
3477111
6888985
7987383
1284858
7835730
1488798
8403010
1906255
9847819
3327634
8077942
6615656
7402570
8077942
1488798
3087827
2059593
2364319
8933087
3336984
9847819
6223188
4179086
1175490
1370764
1906255
976099
1841507
4636899
3546989
5915995
1020824
2391280
2701055
2701055
1405692
3367224
9847819
4806653
9847819
9317742
8933087
1370764
8992674
5274510
8077942
5989062
3058964
3546989
8933087
8403010
8540200
3261427
7132238
4093450
1370764
9317742
2059593
8933087
9847819
1076807
1405692
3087827
9847819
5852811
8933087
1488798
2300499
8933087
2589670
3336984
8933087
6771140
2589670
1370764
1405692
3477111
1906255
3546989
8077942
4892605
6418920
8077942
2474952
7526045
8077942
6117108
6771140
4251716
9847819
1906255
835778
2589670
6888985
8933087
106061
5504188
2059593
1405692
8933087
8933087
8933087
7987383
3336984
8933087
1370764
5390247
824830
7110727
4806653
4251716
9847819
8077942
476884
495974
6407910
8933087
8933087
8933087
1153981
2589670
8933087
1273877
5117486
8933087
6715259
2589670
3087827
1370764
1606029
1370764
2024334
6872493
7987383
1613796
424966
8077942
6923322
7660963
2985959
8077942
8933087
3546989
5904962
889214
8933087
4251716
8933087
1076807
3336984
5852811
4806653
9847819
1370764
1076807
8992674
8077942
1488798
3546989
1405692
9847819
8933087
4089501
6844207
494277
1796385
1405692
5551631
5852811
9847819
3546989
8403010
7987383
9483095
4251716
1405692
2589670
8933087
1488798
6771140
3873686
1250277
8933087
807693
9847819
1108864
1613796
3053028
8933087
663594
3702179
9847819
3477111
3345090
219296
8933087
3583083
1841507
4251716
6771140
6888985
6771140
8077942
8933087
3546989
6407910
8933087
2422060
3090248
7987383
2589670
2589670
4251716
8077942
579643
6888985
1157138
4312928
3951508
1606864
2589670
8077942
3087827
885520
2952137
7660963
3336984
840106
3460086
5504188
3583083
926028
3546989
3583083
1347689
1076807
1370764
4433529
4860609
6771140
9847819
1906255
3659353
8077942
9847819
8933087
3476291
6767543
2143023
8933087
2589670
7835730
3477111
4089501
8933087
8992674
6407910
2952137
9847819
8077942
6008590
8933087
8933087
8077942
8077942
1405692
3336984
9847819
8933087
2985959
8143725
9847819
735464
1488798
1284858
4433529
2321695
5171404
2059593
2551733
2062272
8403010
1642800
1370764
2952137
2589670
2589670
1405692
8933087
1076807
1370764
7998367
9847819
9847819
4868205
8077942
4089501
8077942
8933087
7652159
8077942
4312928
8403010
4312928
3087827
2364177
7457306
3342241
4623527
2143023
1370764
2589670
4251716
5852811
1488798
8933087
8933087
8933087
1906255
4251716
5274510
1284858
9847819
3546989
5395578
8315118
1405692
9847819
8933087
1906255
3546989
949507
5274510
8933087
1906255
2991235
8933087
7987383
3476291
2589670
5504188
3336984
976099
1488798
2589670
1405692
6888985
3058964
225313
8933087
8992674
1336353
4251716
6098508
8077942
5132510
6888985
4720004
1950869
1370764
9847819
7987383
4806653
3381899
6888985
8933087
8933087
5852811
8933087
5915995
6888985
6547425
1347689
1370764
731909
9847819
1370764
4312928
7536401
8933087
2059593
5775341
8933087
6771140
2592797
1370764
2143023
5634787
2991235
8933087
464774
2589670
3336984
9847819
3768382
3546989
7987383
6925701
8933087
8933087
8933087
5852811
7796683
4558484
8077942
8933087
8933087
2589670
1020824
3546989
1108864
8933087
6923322
1310630
1488798
8933087
752986
3546989
9847819
8933087
8992674
2364319
9317742
2589670
5274510
2753698
7987383
8403010
9847819
3546989
8933087
2472451
8933087
7987383
1405692
2589670
8992674
5852811
8992674
1488798
7998367
8933087
6628585
9847819
6341282
8933087
495958
4202754
6888985
3336984
7182167
4940467
2357087
8933087
1846798
3087827
2589670
8077942
1488798
1077568
6771140
2059593
8077942
6888985
8933087
4312928
5852811
3257050
1388419
5852811
9847819
6771140
6771140
2589670
1893869
1977799
4806653
2589670
1370764
9753346
2991235
8933087
5852811
2589670
1405692
2701055
6767543
2589670
8077942
8933087
3087827
6008590
2059593
9847819
5274510
6888985
2364177
8933087
2952137
7987383
3477111
7987383
1488798
1859596
3336984
5747302
8933087
8933087
1295936
8933087
1906255
8403010
9847819
8077942
9847819
7987383
399545
3087827
9847819
464774
1076807
9847819
7987383
3087827
6642761
8933087
4251716
5852811
7987383
2387229
3165400
3546989
1488798
8933087
7402570
8403010
1488798
4623527
984248
1370764
2621146
2936305
9847819
9847819
4623527
6888985
8077942
8933087
3336984
3546989
8992674
8933087
8621321
1370764
2589670
2589670
4623527
1347689
2947034
1488798
6888985
2589670
6888985
1938099
8077942
3336984
1157138
1906255
6033840
5552765
1370764
2559031
274345
8589644
4500564
8204119
1488798
3546989
8933087
9847819
6767543
464774
1370764
8933087
9042603
2268826
8933087
1784454
1884220
4251716
1938099
8933087
466229
9847819
8933087
2387720
5288674
1906255
8933087
3336984
8933087
6888985
2820149
9847819
1906255
2268826
8933087
871838
1906255
425164
3327634
8933087
4093450
3336984
2589670
8933087
3336984
8992674
1347689
8933087
9317742
6888985
3559424
1370764
9317742
8933087
1306432
7362861
697004
1906255
7987383
1906255
8933087
2093881
2551733
7987383
5355709
2059593
2589670
1157138
1405692
3215571
1284858
4439767
2357087
2589670
7987383
8933087
2391280
1756075
8933087
6767543
6771140
3098620
8933087
2059593
1108864
4806653
6760885
1906255
7132238
8933087
5288674
3546989
8824265
6888985
8933087
7132238
9847819
4001204
9847819
6888985
5504188
1906255
9847819
3336984
8077942
2551733
2589670
8933087
8933087
9847819
8933087
5385218
441308
9847819
1488798
4251716
9317742
820798
1076807
566276
6844207
3546989
8933087
1405692
6407910
4251716
1405692
1488798
5673808
439474
8933087
4419365
8933087
6771140
8933087
6241063
1157138
9847819
2268826
7987383
3546989
4433529
4237044
2589670
6888985
2952137
2589670
1752103
1405692
7706589
3087827
8933087
9847819
1388419
2589670
9847819
477680
2701055
4251716
1370764
3546989
8933087
8077942
8933087
6771140
2607985
8933087
5852811
9847819
3477111
9847819
1749496
7614768
2589670
1806467
6888985
9847819
4251716
8933087
6771140
7987383
5504188
4500564
3336984
1370764
8077942
3234356
441308
8933087
8933087
4251716
1370764
7998367
6407910
8933087
3336984
8403010
1370764
5227660
2589670
2589670
8992674
1370764
7256014
497580
6033840
4806653
7191036
2555124
8933087
1284858
9847819
5288674
8933087
8933087
8933087
7987383
7987383
3257050
6407910
3546989
7987383
1295936
6953484
1859775
3768382
2589670
4647866
9847819
9847819
9317742
892831
4623527
573079
3087827
8933087
5504188
1405692
7987383
7835730
3546989
2753698
526660
3583083
2701055
1859775
3690864
1906255
2215589
8933087
5588574
469717
1370764
2753698
3087827
1405692
1906255
4806653
8933087
1284858
8403010
2589670
8933087
8933087
7987383
5852811
5227660
1718963
4251716
9847819
4907107
885488
952654
4312928
8933087
8933087
8403010
6888985
1906255
8933087
4312928
8933087
4251716
8262889
1841507
9626267
9317742
7987383
8933087
1076807
1347689
1370764
1284858
2589670
7305653
9626267
2059593
6418920
3087827
423119
5288674
8933087
2589670
3087827
8933087
669233
911232
873921
1488798
6923322
1405692
8933087
9847819
1370764
3087827
8403010
2589670
2589670
1320266
8933087
3559424
6008590
1488798
981546
7835730
3951508
8077942
3583083
2589670
4623527
4217778
9317742
1488798
9847819
9317742
4569468
6407910
2589670
1488798
8933087
8933087
4623527
6771140
9847819
1806467
3476291
9157083
1906255
9847819
6767543
5216488
1796385
1906255
8933087
8128701
8933087
1405692
1906255
8933087
1990271
9847819
443215
2589670
9847819
6888985
1930012
9847819
2589670
2397261
1076807
9847819
329592
3454610
1370764
2936305
8933087
7399808
3546989
9847819
6888985
5852811
3336984
7987383
9847819
1855029
6767543
4806653
1488798
8933087
2589670
8933087
1370764
3294594
6888985
9847819
9847819
1252188
6407910
5011019
731909
1405692
2589670
8403010
8403010
2589670
2589670
1906255
8933087
7987383
853408
9847819
4623527
6809813
7987383
8933087
3808709
4202754
9317742
1810835
6033840
1370764
3546989
4276576
8933087
2589670
6888985
2081017
8933087
8933087
7132238
5288674
8933087
7132238
7660963
838026
2589670
1405692
1320266
2589670
2985959
8933087
8403010
758944
7132238
