0
0
1141061037
69997
0
0
419980
17435495
279988
0
0
0
7973500
0
70179
0
7694762
70276
0
0
0
0
0
559960
0
2659276
0
69925
0
217273336
0
0
0
0
839916
69996
699940
140005
839839
2868360
0
1679688
139996
139996
139992
0
0
70000
1671612030
0
0
1049703
2869077
0
0
419980
2659240
1119845
0
1539768
0
279990
559960
91664836
0
1399672
8
139986
0
419976
0
416
0
1329601
839916
979908
0
0
979888
2239456
21233488
360568
0
33640020
0
0
559955
0
559947
5038042
979888
69990
1065690781
839916
0
629925
139996
0
349999
11049796
559960
35291476
0
0
71029684
11187040
188180716
0
139996
1889388
11051122
419976
0
279988
559960
0
279988
0
0
2799160
0
0
11326716
0
0
1678635
0
0
69991
0
69872
165392778
139996
0
279988
0
66
5321040
0
2
0
349937
139996
0
0
0
69994
43623436
0
0
0
769857
489971
279990
139996
17763810
0
2729157
139096
419962
0
0
909873
559960
0
419952
0
1539450
0
140056
42235776
4757620
0
0
69997
9231156
0
0
0
0
0
0
0
489961
0
419908
69997
0
0
8533372
0
0
2657606
1
134326540
20675658
0
0
540618988
69999
0
0
489937
0
0
0
0
139996
139996
909766
1048406
348083
2
0
419980
0
0
0
419976
489916
0
17886976
0
0
2
0
0
1539736
140038
2799374
209985
3
0
139996
0
0
2370663360
209994
70151
559487182
10348900
139994
0
69996
0
0
139996
11802927
0
6855100
4
0
0
12
0
0
63
0
69999
0
0
0
69995
6435400
139996
139986
0
139996
559960
417943
0
0
0
559922
0
0
2238945
32470510
0
0
0
921318056
0
0
279985
139996
0
839916
139996
209726
0
69997
69967
69997
1119856
2519482
0
419976
3918376
3778540
0
0
69990
0
0
0
69999
0
1259322
69997
1679688
279988
1259820
0
0
20895600
12024864
0
1819615
1606891
0
419976
0
6989800
15654688
1119856
1
0
0
68228141
0
2099520
139996
0
699490
0
279988
209983
0
1749419
1819708
279988
1259820
0
0
69575
0
0
0
0
839916
0
0
279985
139996
139996
0
20434368
17367501
1819636
0
0
0
0
69993
979762
209889
0
139992
349971
0
1539756
2309172
559960
139996
0
0
139996
2
3638163
31366591
279972
932104
94687008
139996
209989
0
1049802
0
1189720
139992
4754652
0
0
1539450
909872
1959580
17521283
139964
349965
69964
69997
0
839916
839932
279990
0
69999
0
0
2379445
279988
489939
839884
0
8951680
141536704
2379388
4894960
140076
279988
279972
279988
0
18132094
71507
279984
0
0
1819636
909889
1959602
279968
3
139996
0
2519316
140022
0
0
279988
5802943
0
489969
349965
3778488
0
279988
0
0
3778828
1
0
489902
0
0
0
22557652
13840396
0
0
6780300
0
699940
8253036
210011
559966
0
279976
0
0
1959130
1119520
69999
2
0
209565
0
419980
0
699911
69996
0
559801
69996
69997
1959580
0
0
11327884
139996
0
769802
139992
0
0
0
139988
1088203284
0
24716988
0
0
139994
9710123
769122
139996
0
0
0
0
0
34
0
0
979900
419980
3147705
0
0
699940
419976
0
0
0
6645507
0
0
0
0
279988
169289
0
699872
0
0
279988
20540448
0
489954
7
0
83
139996
0
139990
0
0
1259856
0
31259200
0
279988
1119880
419976
0
0
139986
349960
0
139996
0
69985
0
0
2
7
210850
349965
0
0
139996
2298793040
349982
0
0
0
35
4617756
0
139996
279990
9293347
769910
489937
0
22983840
0
279990
3
0
0
139996
1049814
0
279969
139992
139992
209985
0
0
209949
0
0
699940
0
0
3
1119856
36
0
4611099
3078988
909876
3
0
559960
4717813
2659162
279988
0
8252802
0
2519316
0
3568693
349965
0
139996
2099520
419898
0
0
699860
0
3078988
3847451
0
419976
279990
0
7
4827481
279990
279976
139996
140005
108011811
3637845
279988
0
14048482
139992
1399780
699880
489522
0
279988
979762
70017
0
36162237
139996
69691
139996
0
0
0
281146
1539736
135415276
139996
0
0
62894470
1119880
0
4198140
0
279972
139996
0
69997
0
139996
0
4475584
979888
209955
0
279990
0
0
1458653976
209928
69994
0
0
629932
411850703
69996
260210
0
699948
0
559904
2089710360
77772798
0
70001
0
0
139996
1119684
0
0
0
540264586
0
6
0
209985
0
349625
419976
2487
0
279990
0
0
419980
0
3778488
419946
0
43713
0
139996
1259823
2938195
419976
0
139714
139990
139996
349965
0
0
0
0
139994
69996
0
0
11247873
0
0
0
0
559960
0
51663977
279988
139996
69416
139996
139996
979786
0
0
139996
279900
69997
0
0
0
2239543
69987
69997
0
0
0
0
2169354
279988
350037
350009
139996
0
559960
16
419976
0
0
209987
1539736
839808
0
139996
0
14258172
0
279990
139990
0
10
25558245
1259820
139988
5317092
349952
0
0
699838
0
279988
0
139988
104
0
1049813
1049743
0
0
0
0
0
0
419970
0
4757723
16631676
419929
0
1189643
12164688
1679700
419952
0
17049988
2239456
699940
63210
98116056
559961
0
0
0
2099520
35726281
112222936
139996
0
0
7
0
22766536
0
0
69997
2
629946
2868237
69996
0
69987
251505
559960
279968
0
14
0
0
0
139994
0
3778488
0
839932
2588829
0
0
546
0
69994
839934
1259820
0
0
0
139996
0
0
10209196
0
0
0
0
0
0
870408
279982
0
2099520
1119856
0
349952
69997
0
419980
139996
0
0
0
139996
419976
559960
629863
0
0
0
0
57485075
2
0
1679684
686214868
419946
0
2519317
0
979900
69990
4
25900872
279986
0
0
559927
4
83095904
209985
0
419982
0
0
72594
209985
0
0
1047804
419976
1259820
0
2518281
769925
70010
1119880
0
0
0
0
0
49080202
0
0
0
629917
839916
0
699930
0
0
0
139996
839920
139994
0
0
0
0
839916
0
3078988
0
0
0
0
0
139996
0
0
5542234
1679546
3335
0
0
0
15654688
560980
139996
0
279988
0
1119880
0
0
771769
0
18307243
0
0
0
419874
69990
0
0
5
139996
2378776
1888971
2799288
69996
139996
0
0
69996
1399788
0
37645152
0
0
1399780
1
705045
4478430
559960
139996
0
0
419980
0
106435886
0
0
0
139950
0
699940
1021455362
0
0
279988
0
3218896
69734
139996
0
0
0
279988
4894820
0
0
2448838
0
419976
140020
0
0
4611615
816582988
69996
11187720
0
13281760
699850
0
1
0
139996
0
30053374
839916
0
3427071
0
279964
0
629883
699952
0
3778661
60
0
0
139996
372045974
0
0
3078988
139996
0
279976
139996
279988
0
0
2099488
88009998
139996
1819636
0
0
209982
139992
0
139992
839916
0
0
0
69996
69932
0
139996
0
139996
31261398
299299921
699948
10
1181432834
298582390
0
9
940320997
1959369
2589108
0
0
0
419976
419980
69996
8664252
5378190
139996
0
0
0
0
139996
0
139998
0
69984
769877
419976
909872
0
25306036
0
209978
279988
0
0
839918
0
0
1609402
209985
1948470150
67982730
279988
279988
0
0
139996
1119870
14028799
0
139988
0
559910
209992
0
0
559960
0
0
0
2798928
0
3498700
0
20412431
0
5597182
37097956
139998
3542
349968
4
2939296
69984
1259640
1819596
209992
1679682
6296812
0
0
349977
0
0
70023
419976
419967
2134610976
25134840
3778627
0
349965
760824
5177188
0
0
279988
839921
0
0
1377245
0
0
20955970
349053
0
4058260
1819636
139996
0
14749988
279988
0
209989
139996
139996
0
0
139996
500490760
0
69989
279988
0
69875
0
489670
69997
69997
629901
0
139996
2099572
69995
0
559960
0
0
0
0
279988
69997
0
69997
489939
419952
279988
0
139997
0
622
0
0
0
0
349924
12164689
699894
279988
0
0
69997
0
1959582
419972
139996
0
419950
279988
769940
69996
979888
0
489682
559960
0
5
0
0
1959580
10
279965
0
0
0
0
1679688
0
279988
0
70041
1819664
1192088072
0
0
0
279988
0
139996
0
0
0
279988
839926
0
837926
0
69986
0
0
209964
0
64575773
419976
0
0
69996
0
419976
0
0
0
0
909792
0
0
69640
0
0
801792
209988
0
276
69
7414287
0
69999
0
1399800
0
139996
559960
0
419884
0
69997
279988
0
0
6155823
0
419940
139996
279988
15911944
139992
0
419976
279988
0
0
1399650
3358888
0
0
4897484
0
0
0
1399780
279988
69997
0
0
139988
140008
0
839916
257479040
12587556
909740
0
0
0
139996
0
0
0
839926
0
419976
2933510
0
279988
0
0
629768
0
69998
0
2099520
0
0
0
0
419976
419976
279986
279988
69979
139994
4757620
69997
1125349799
0
3777376
0
0
139984
279988
0
559960
4475626
279990
26256526
279986
14795
0
0
0
0
419952
0
72409284
8113156
3358890
279988
1119764
176736
0
419976
1119840
139996
0
0
0
0
559960
279988
0
0
0
0
279988
279984
6431211
0
0
3288199
139992
0
769913
1679710
699860
0
0
769007
0
3603360
0
0
0
52
0
1
209983
337759990
0
209985
54295798
23753037
489987
0
69997
6012346
0
1679688
71359
139996
559997
0
2239543
699864
839825
798
139996
1606987
5596720
2659240
81
15706
349875
0
3078988
559953
0
0
0
0
629861
0
279988
769819
419976
6155024
0
566918602
0
1341
69993
419787
279984
2939076
0
2452871
699940
0
139996
0
16741440
2449311
0
712936500
2298428176
7
0
349965
279988
3
0
69996
0
139996
8
0
139996
279984
16283382
0
0
69995
0
209985
0
0
2382359688
349977
0
0
69997
0
2099520
0
0
0
489717
4126283
1432
979888
349969
70003
699916
839916
279946
0
0
69990
0
279928
7382556
559958
0
0
139994
0
0
0
0
909668
0
2798423
139996
279988
769881
1679752
139996
0
0
0
0
489528
0
139996
139966
2532
559952
2518692
139996
8113270
0
139996
69997
839916
0
0
139996
8594502
0
0
30192504
139996
8
16627540
0
10209340
0
0
0
139996
139996
139996
69997
0
0
139992
209987
139996
1987825974
0
2379388
699940
419980
0
0
139996
0
0
0
769918
187774416
0
3358460
45830435
0
279988
0
0
0
1469985
980622160
0
419976
3
0
419976
1679640
69989
69997
3498700
0
349950
209575
0
925547388
139994
559968
5173266
279986
1049747
1819716
0
699940
2
1819636
0
419976
0
0
14677948
0
3218804
0
0
0
69906
0
1320368
0
2799160
419913
5177188
0
699952
0
0
1049897
279972
0
0
0
0
0
0
0
0
419976
279988
69999
0
349979
0
1417
279972
69991
139992
3079040
1
0
0
0
97567360
0
979748
139996
139992
909759
139996
0
140598
279990
1214262280
0
629217
0
0
0
11745529
0
0
769857
0
69898
0
0
69997
2519332
139996
559872
0
279990
0
0
0
0
0
419952
0
1539784
629811
279983
0
156998540
337301949
559912
0
69996
5386197
69997
0
419976
1469713
2
2
139996
0
139996
0
139996
0
0
0
279988
349965
0
0
0
699952
139996
0
699952
1679710
629914
6045
1189677
0
839916
0
0
0
0
2518830
279981
0
0
0
0
2798240
419980
0
0
7414171
139996
125413674
419976
188344782
0
0
0
0
3916696
0
0
0
139996
0
70019
0
699733
0
0
0
1399486
139982
0
279976
140102
419966
0
419980
0
104617
0
209987
0
3218940
2729265
0
979912
0
2169073
2
559960
0
0
4896980
419971
279988
0
11
1098397746
901130882
279988
0
69996
0
279988
3497400
24370527
47796264
285677
0
0
0
0
0
1189836
0
0
0
559962
139994
102
139996
4897480
22209120
0
0
0
0
419980
0
0
139996
0
0
349905
139996
419976
39
139996
559960
0
0
0
0
0
139996
0
4058414
0
0
139996
139990
0
0
0
0
43900920
0
0
0
420244
0
2659203
139996
4
0
0
0
0
13058881
23462903
0
0
0
0
769930
0
0
4054664
2939076
0
0
1119696
419977
279984
279981
419980
1539718
1959580
0
0
419976
10497665
0
0
0
139996
139996
0
342307572
0
0
279939
123082980
139996
0
15
17049988
0
69945
7268872
0
3077914
0
0
70016
0
41
8
2099520
139988
0
69999
1259820
0
0
0
0
0
0
279990
8
0
0
0
0
0
0
0
0
138558
559960
0
0
0
4
69991
0
69997
279988
0
209985
0
0
6576172
0
0
0
4549564
0
1119864
1259514
0
2382322482
139992
0
5037264
9287006
209982
3078988
0
21
839834
0
0
0
0
1329531
0
30
0
2
0
0
0
279988
0
1000
9295024
3007030
0
1749633
0
0
0
69996
2169192
979918
7
209977
2659420
0
21791940
0
0
20187975
349967
10209340
0
839916
0
0
69844
139996
115468290
1399710
0
139996
0
2417472416
979766
0
139996
0
0
0
139992
281896
9
264
279976
35495871
839856
2799160
0
22975720
1
2659202
0
139996
69356
585746445
0
9
8532556
13
1539714
979888
0
703259401
606765104
0
349835
139992
13002878
6855100
0
0
8392912
0
69997
0
0
0
0
37645152
559934
489734
0
0
1329773
1189692
2
0
21
0
0
23753037
139996
69990
279988
0
0
26734464
419958
279988
0
0
349977
0
559960
0
419976
0
629901
0
10
580085296
138
139999
9
70019
0
139996
2392385796
0
139996
0
0
0
0
1053304776
0
0
69995
2799328
58328
30191922
419976
0
419950
0
0
0
0
58745156
629819
726172560
489954
38954157
0
0
4336576
0
489937
69997
841408
349936
0
0
0
38921704
0
1399520
139996
0
839916
559920
0
847277
0
139996
699932
1259729
0
8674008
0
0
0
0
0
0
3637249
0
0
0
1119758
0
0
69997
0
0
699894
69997
0
62779117
419976
0
0
559966
0
4617756
69999
0
337365000
0
909900
0
0
209976
559960
8943360
0
3358888
2
24298752
116852753
0
276870
0
139996
699937
110297528
1260784
0
139996
0
279988
0
9916996
116460388
839910
1679688
0
2379391
0
0
349965
139996
22074016
0
0
979920
0
69916
1259836
0
839854
279988
0
419976
4335970
7553952
419863
0
81
5663593
59
1889217
839920
58
139996
0
0
0
209855
69995
139996
0
0
419976
279988
69997
0
2939076
0
2589257
139996
4685586
0
10
0
419976
139996
769857
0
0
5877032
1679376
5707988
69959
0
1959589
0
0
0
0
3916584
7338979
0
69947
0
139992
139996
0
0
0
0
0
0
489929
139996
209856
139996
2588656
0
2411805352
139996
349960
279988
0
0
69987
0
69974
689160934
3
979912
559960
349978
1
2239517
0
0
0
24577696
769900
69999
109
28337176
0
0
0
0
14
489965
2379262
0
0
0
2519482
699948
139996
0
0
0
0
0
2169099
0
2
419976
11383739
0
0
3358800
699952
279988
209992
1959580
974471
0
139993
0
0
69997
69992
1119856
279988
3078988
767987
0
5596792
0
0
2176734081
349953
0
279988
2239123
69995
139996
0
0
0
35430460
14398576
139996
840510
0
12
139996
1
1
70079
0
0
139984
139996
69997
0
0
209986
50568808
0
279988
0
139996
139996
559934
0
0
280036
1119886
140541
979888
44
0
0
419940
0
1679712
139996
0
3357216
0
8043122
0
0
699944
4198506
0
279988
0
139996
0
0
559960
0
0
0
0
0
0
419976
3
0
139996
0
620325
0
1819602
1259820
0
0
69997
1
0
979868
0
81685744
1539736
559960
0
559960
0
2239456
0
2
0
5
1819636
2239462
49
419976
0
0
6501072
0
0
0
69997
0
5596720
0
559850
5
55836333
0
699940
0
139996
139996
0
0
559960
1049835
839916
0
0
2519316
0
419976
0
139918
0
0
4478170
3638596
0
6016300
1
11186706
279988
139996
0
0
2168946
69986
139964
769905
0
0
2588536
279988
629901
1259678
11940777
5592118
139984
0
279988
559960
102
279988
69992
27218271
209992
2239456
27152975
0
0
0
0
559960
140092
979888
0
1679688
0
69995
0
4198140
2379388
419976
0
139992
32928136
57339688
139996
10614193
0
559968
6715296
279990
0
349977
0
0
1539274
0
154
0
0
99
0
559960
0
0
0
209982
0
0
699940
1399780
2
69997
5942532
0
139996
3638597
0
559960
0
60
0
699948
0
0
0
25484214
0
0
3778488
140056
0
559960
489961
1119502
0
0
0
1207691498
4266157
0
0
0
139992
0
279988
279988
0
0
0
0
138463
0
25131564
11885548
7956
367462
139996
69997
70200
1
744
769887
0
107508172
0
6
279988
69996
279988
0
1539472
0
1679688
139996
629930
1896309
0
559968
0
0
139996
2519316
0
2729081
140003
559960
69997
0
0
0
769816
0
0
419980
127814873
0
0
0
10349328
0
13142661
3918376
349965
0
0
0
139990
419976
254674436
419976
31135
0
979888
1
839934
0
69997
2308845
0
0
69997
419976
279988
209989
139996
418544
69996
70001
0
0
9231156
419955
1679742
489937
0
0
279988
629951
0
0
1819656
139992
139995
839818
9
0
0
0
5935885
349908
0
0
0
0
979893
0
18
279988
0
0
0
0
279988
349965
69992
69997
489970
16461711
0
1195832006
0
48892896
0
0
12290032
0
139996
3638646
0
0
419980
975290
279988
279981
0
15281599
279974
419952
0
69996
1609685
0
0
72396076
0
279990
0
0
0
0
0
209991
6155772
909785
0
0
0
0
0
0
0
0
0
419976
44960649
279976
0
0
0
0
28
67433521
0
1119856
0
0
0
1259424
0
3358375
0
70104
279963
6
0
0
0
1189660
0
0
139996
0
69989
3708278
0
140096
1193742320
0
0
69997
279988
209969
1469560
2799232
209989
4092063
0
41264469
139996
69997
0
139996
0
0
0
2519316
699940
0
142491988
0
2
0
699990
139996
139996
699940
279986
225
0
139996
139996
0
4
139996
419976
11955876
1479720
0
0
0
5946390
1908583002
979914
0
65357260
0
279988
559958
0
69981
0
0
139996
1119888
559951
0
139976
4198140
27223560
0
2939320
0
0
198201
0
0
280537
139994
0
139996
69997
3782
2
0
139988
0
0
0
66528614
1189738
0
69998
139996
0
69995
1744067
699940
0
209987
69992
0
0
0
287358
0
0
3079012
0
139996
1539736
1190596836
0
629956
139996
4685176
560012
559966
2210584680
0
279988
0
279990
0
0
0
699940
139996
69991
7
559960
559960
8393118
2394710460
139996
0
279988
0
139996
0
279828
0
0
0
490183
0
11326552
69481
0
0
489853
279980
0
0
0
139996
0
419976
139996
139996
0
13630888
0
0
0
106
0
139996
10348900
5876388
0
139996
0
0
139996
279988
0
0
0
0
2099668
0
0
1119870
0
0
139976
0
0
279988
0
0
139976
8534076
629954
69995
279988
3638772
0
212308632
10
139996
0
0
0
139988
7338240
0
419976
140396
0
1889614
279982
209661
2168977
0
2391257032
19
0
139996
2417745736
3778588
419934
0
489937
0
0
2448600
0
0
0
0
140049
2099613
4477888
42929076
0
0
140038
69996
419976
629947
0
0
0
0
0
0
0
1679688
0
0
0
42
419928
559558
139998
0
0
0
490145
0
0
12587158
17256920
0
2
489955
489946
0
2519326
47646660
4338017
140012
0
0
0
14
78943077
0
0
0
0
139954
0
6
1
139996
279942
0
240419
209997
419986
23820658
0
0
1539736
0
0
1068061308
419952
700012
279988
1258904
0
19560580
0
0
139996
0
0
279988
0
140110
0
0
139992
0
139996
559966
139996
1819636
0
0
0
2103497
139996
69997
2437
2019756118
0
3523431
419980
139996
0
0
489967
489761
0
0
0
839916
0
0
139996
0
58
0
0
139996
209987
0
0
699952
0
69997
0
139996
0
69997
279978
419964
0
2308140
0
0
0
0
0
769930
17468500
839916
140068
69995
979888
349983
629933
0
0
2239456
69995
0
0
139996
0
0
0
7479138
0
0
2939076
3428805
0
0
4685767
139996
0
629911
489967
0
0
7693840
0
0
1914925240
0
0
139996
0
46863991
139996
0
0
1399820
559966
0
139996
0
0
0
559966
4338076
63146860
69997
419980
0
0
2239456
0
69999
0
0
419962
0
0
0
209981
3
0
489897
0
17889368
2659240
279974
0
0
0
690827975
0
139996
334062941
1959580
0
880
0
0
0
839916
0
419995
0
1679688
0
2239456
15907104
0
0
0
0
599
279984
5037336
279986
0
210000
209985
18964666
0
139996
0
0
139996
384
0
69995
1259747
11606056
0
0
2
0
349979
0
0
559960
22
0
4128505
0
0
50278672
699954
2099572
0
0
0
6016535
139996
0
0
1540474
3148983
370
54
411
0
10828300
139988
0
0
0
979893
0
0
1119402
0
139994
0
5
0
979910
758164
839916
0
1189623
0
279988
0
279986
69994
699940
559952
279988
139996
139986
0
139996
29728836
31607611
81384706
0
0
0
0
0
1819502
419980
0
631018
1119848
0
0
0
1204983708
0
5177114
559912
8532436
0
84244308
3498770
11
0
69991
0
0
0
0
0
1119856
6572066
10405847
0
139986
0
139996
279972
0
0
0
2939078
699948
2029101
2519316
2
0
0
0
139994
0
139996
139992
0
0
769982
139996
1119739
1119742
0
0
0
0
70139
70682111
69997
139987
3568670
6920197
0
3426629
0
3846370
0
139996
139988
0
139996
279990
0
279988
40
279988
0
0
139996
419976
69994
139996
279988
0
139996
0
1959580
382440
0
3918376
0
1119878
0
0
1259836
0
0
0
0
279988
0
13680994
39881946
1819636
279988
4673260
699954
0
69996
0
139996
0
0
0
0
0
5035949
0
31120540
0
209982
10
0
1399780
0
92076880
279988
0
139992
0
40950720
0
0
279988
0
0
629941
0
139996
8113526
0
559960
1469557
349968
2239426
419976
70010
66462076
70105
0
2
0
0
769834
209991
909771
4757620
0
0
0
349978
0
0
0
1819660
0
1963310
2169468
559924
0
280417
69997
139996
279988
0
0
12579820
29936062
419460
0
0
1856011888
235145988
0
139996
27788800
3
139990
279988
139996
0
2799410
0
139952
139994
0
69999
0
0
139996
0
90428488
4
0
0
0
139996
979888
9790258
2588637
139996
139996
0
0
16260200
139905
0
0
559960
0
0
0
279988
0
3778488
2361896820
9997321
0
69875
908827
3
0
0
139991
69997
0
0
498371765
699940
1539736
2659240
2169171
3638596
0
979888
0
0
8394238
139997
0
0
699940
139994
0
0
52919238
139996
0
0
44597184
279990
12513621
0
279988
419976
685947345
8931074
139996
1259817
279990
2519372
1399780
139996
0
244
0
0
0
0
0
0
10628592
979821
0
9
0
0
279988
0
2588598
0
0
0
0
0
6
1189844
0
0
0
699940
0
4757910
1679688
750
0
0
0
0
419976
0
0
1155025
0
43632376
0
0
127254472
0
279976
0
235
209985
1539498
279984
69995
0
4897758
69999
139994
0
0
0
64
1119780
3
0
4
209977
139992
0
1
0
4058288
0
699942
279988
909841
0
139993
7414354
31400330
0
189461448
69995
400952976
0
0
0
139996
0
0
0
0
279988
69686
0
139996
70062
209949
139996
69997
279965
0
139996
139992
1609747
1819636
0
419976
699870
0
279989
1959580
0
140082
139996
209989
279988
279984
0
0
69997
0
699940
209968
0
209965
209973
0
0
0
1119840
0
4
0
229445296
69995
2239534
0
2122292061
139996
0
3
559965
0
349452
18305416
0
0
4897480
69997
419980
0
9405
12
0
69996
0
0
419934
139996
419974
0
139990
69968
559962
139996
0
0
70006
0
69997
0
0
139996
3638596
279984
0
0
22017778
0
139988
559966
0
0
0
0
0
70035
279990
6357349
0
484221
0
18758174
0
0
209916
0
419953
279988
0
0
10640
0
0
0
139996
139996
699948
0
69989
139968
349974
1399581
489979
69996
559960
489867
0
139996
279976
140001
664992
1679422
0
839868
5037370
69912976
2
349160
139992
139992
0
0
0
139996
559960
0
2729224
0
0
69897
0
0
2659240
0
4967073
0
8457036
839909
2
34
0
0
36470706
73233
419934
2239456
44455840
419952
139996
0
0
0
0
5736556
0
0
0
0
0
0
0
69970
13821386
699943
839926
9
0
2099071
2169161
0
0
0
0
0
8813896
279988
0
139996
69974
3
0
0
41125057
0
279990
2090732222
0
139996
0
0
901190488
0
0
0
0
139996
0
0
0
26256282
0
3287781
140034
69995
0
3778488
699940
0
139994
0
1539474
69997
0
6715566
279988
139996
209985
559966
4198245
559960
419923
769909
0
419976
0
0
769846
69989
0
139996
0
0
559924
139999
139996
0
139996
116439565
559920
42096988
0
34540
0
69790
279974
0
69972
3078988
279985
3
139996
1819636
72393
139996
13
839916
0
0
0
839848
17784973
0
559952
279982
1119867
139996
559960
0
3498700
139996
11174563
2
0
0
6016366
105890607
0
0
11606510
349840
0
839926
6575488
1049702
0
16910476
4
1
0
0
0
29
11034720
410929528
279988
87164085
0
450642213
0
2099572
0
25274116
0
95369
19278
0
279988
419976
4477888
419976
0
0
1539736
1679756
0
139991
0
279990
279976
139990
116
0
0
69997
0
349906
0
11730600
1
0
4789566
0
139996
0
279992
279990
0
559960
279988
419976
3498700
0
0
69991
2379388
0
139996
0
0
3912737
108452010
0
0
0
15933822
1958992
0
1
434860
1119540
699940
0
0
419962
0
0
13560988
4338016
699788
0
0
4757870
0
0
26666656
0
70093
5174381
7969110
139994
559966
1609738
174574198
0
1119857
0
0
0
0
2448735
139996
45695060
69996
0
6156040
349831
140004
0
349965
69997
0
0
139996
139996
0
279988
0
419976
292684
0
1679661
3916752
629837
6855100
139996
0
0
78
3918766
23048028
0
0
35778
0
69992
1679669
72
8670160
349983
279988
0
80252968
54433456
0
236
1819636
3428773
0
839929
0
0
0
42345193
0
0
0
0
12
0
0
979792
0
1119873
839916
0
139996
0
69985
139992
1819636
139996
0
979874
0
279988
60
1819716
699870
22907152
0
0
0
0
489961
698346
139990
0
419980
0
1747249916
139996
69989
3079218
0
349952
11130
139996
0
0
0
6575248
139996
0
839916
2729118
1959218
839917
0
279988
0
1259820
699932
0
209703
3357646
0
0
0
629931
839916
0
12
0
0
0
4338016
139996
1119856
279984
1819274
19590193
559960
0
59414488
0
0
1119856
70740820
0
139996
0
1119862
0
279988
0
12360072
0
0
0
0
2659080
0
1819654
699930
3498124
0
0
0
0
69992
0
0
59565
4897512
139996
0
2
0
499998748
210003
0
2099592
2659276
0
279964
560080
139997
139996
13959000
0
139996
0
0
69997
209976
279994
0
279988
642687271
0
2
0
0
14538160
3114440
2449485
0
0
0
2029254
0
349965
419980
988
12
0
419952
279988
3636988
280082
139966
279988
3498700
0
559960
0
0
0
3148635
139996
349965
1399760
2
69978
0
1539495
0
139990
1609713
0
0
2728401
1259820
37964
0
0
50
0
0
209532
41541796
0
0
0
0
839904
139996
0
6780855
0
0
209916
0
419976
1899772380
0
0
280021
11885434
979912
20397076
279988
0
279976
279988
0
839916
3
0
1
0
209987
209985
0
0
139996
0
422859
0
0
0
0
0
0
1189690
139996
699940
139996
489978
3778892
4
1399780
0
209989
559952
0
69997
0
1259856
0
0
0
139988
0
3918376
0
0
6431352
0
139996
139996
0
1959580
3218896
979890
0
0
0
0
147016
2378928
0
0
0
769637
0
0
139996
0
1259976
839926
0
279872
0
0
699830
0
29038846
0
0
0
279988
279988
0
0
69992
1240254
0
0
420532
2239424
0
209967
139996
0
70013
279988
419962
2239456
0
0
0
10
0
0
0
139658
0
0
138066
0
139996
2074
489996
69996
0
0
5247033
1959812
69997
0
600
139996
0
0
126
72263784
4895727
0
0
139996
0
0
839916
0
1259820
0
69995
3218940
0
0
16471724
0
279990
0
0
1679688
3007813
0
0
979776
199521515
0
0
0
0
0
0
0
0
0
69996
0
279988
0
0
7693840
4
11928844
0
139996
9013101
0
0
0
69996
0
69993
0
0
0
629913
559960
40447578
0
69999
69997
0
6436745
6852860
4198140
0
69997
70007
0
0
559968
5313723
139996
139996
0
0
0
279988
139996
0
0
139988
3638596
576
10
0
2658922
351869
2378708
70006
559960
14
0
419976
0
0
0
0
4198140
0
279974
0
19843198
1189541
419946
0
0
19
4
0
909805
2519316
139996
979874
95233316
0
0
70026
139996
419928
139996
0
0
0
69992
0
0
69996
139996
279988
1
2656479
6
4964693
0
264
0
2239474
0
1
0
771
0
0
0
419980
419980
579991
0
69994
0
0
12
978684
3079228
0
559960
0
139996
0
0
0
69996
1819593
0
139996
6
489146
559958
0
0
0
280528
279948
49724388
0
69996
0
2381975549
0
2799165
0
1259848
0
3
0
0
0
979888
0
0
0
0
0
20
279100
139984
1749403
22348480
0
14111129
1049715
14
139996
0
0
0
1539736
0
1
0
0
0
0
0
0
489970
3
4617820
70009
0
69997
699940
0
1539736
699940
0
1
0
11
0
2169533
0
139996
12164691
1539772
139996
0
63765404
629883
139996
0
1959580
279988
995358765
0
2099620
279988
70002
0
69997
69996
419959
139996
0
139996
0
0
139996
419976
0
139996
1607268
139990
0
3431748
279990
69996
1259820
0
419954
139996
139994
0
0
69923
69976
0
0
489919
0
559960
0
0
209884
0
769659
69995
349977
280018
979810
2658705
0
0
69997
139996
0
0
0
139995
33762776
0
139996
0
34
139994
14868299
0
139996
209989
23741860
0
139996
0
559904
0
0
29028856
0
139996
3078882
0
22913278
0
32609660
139996
1609783
79
279990
0
1539736
699940
139990
279988
0
0
69997
559960
0
1
0
5
1119664
0
0
279988
139996
71154688
98
559952
0
139860
0
1819696
0
209984
209976
909903
0
839916
0
0
0
0
3
0
559916
979370
2
6575395
0
0
0
0
0
217
0
0
0
209982
419980
16959789
711318672
52309721
139996
40243631
0
209970
0
139996
0
1609623
2099548
0
560036
559960
0
0
839258
1119856
0
2
349925
559960
16
0
0
279988
0
23892
69985
279988
139996
0
279608
69967
2449343
1119712
139996
0
0
0
140007
0
0
349945
1856045280
0
4198277
699863
0
559894
909766
0
839926
20355302
279988
0
8113157
209985
4616450
0
69997
699940
0
13751533
70213
349685
0
419954
4
0
2798248
0
6086260
209985
0
0
0
2099572
0
52408
114
419976
0
699940
0
0
101543956
0
0
0
209980
629934
1189661
38083733
0
0
14048488
139996
22921100
6
60796314
1469517
3428785
20
0
0
0
0
2
12863070
0
139994
66970686
139996
699952
0
839926
69996
0
839926
0
0
0
0
139996
69995
706227096
139996
9790060
0
69846
70003
209979
69994
0
0
419976
1
0
4
1539736
1259622
0
144
29
0
279988
120
629983
0
139996
0
0
4546378
0
209982
279988
139996
139995
0
0
0
2379414
10682365
0
0
3493264
0
5456880
0
699940
139996
0
0
0
139996
559842
0
0
0
0
0
0
0
69995
0
349955
2
0
0
0
2239490
70057
0
0
0
838698
0
0
2799160
2694336
0
69996
0
2799344
348173
209987
2799120
209993
0
0
2413819950
16212856
0
0
0
0
139996
419976
275408
349964
2308875
0
92900860
0
0
2659240
7616779
979888
0
1116479
0
210072
1
291944
0
279979962
9012456
979888
139996
0
69964
139996
3358800
0
69997
0
0
0
279969
1049779
0
1819636
0
2239352
0
0
26
139996
69996
279988
0
0
0
0
2659205
0
1
0
32646
139996
0
69997
0
0
0
917509840
0
0
839940
279988
1889521
0
768688
0
77905478
849585
10411
209892
769869
0
0
69996
1119856
559961
0
279976
0
69997
0
0
139996
699940
279956
0
349955
139996
279990
839916
40402754
27
139996
0
0
1762
0
0
0
4146261
0
1115320
69996
0
69864
560359
139996
69995
0
209991
114273796
0
0
0
2519316
279988
559944
0
0
78187171
139986
0
279988
1049745
1259848
1819716
139996
7875
36322685
0
0
2869125
0
0
0
0
0
139996
0
559962
279920
116306385
0
0
139996
349963
67
979872
1188742
0
40154110
22
0
0
2309133
69997
1372039582
419976
0
4477917
64942888
69997
3
812569750
139996
629820
0
1119856
0
0
11036964
1469656
139996
2232494
979888
69997
13002516
139974
0
0
0
64666734
91736047
70154
1454680888
2165867
0
0
559960
0
0
0
139992
142886
139996
0
1679688
0
0
3917262
0
0
0
139996
0
0
0
0
139996
839916
0
0
0
0
0
0
0
0
139996
69997
0
6152339
54261774
279988
0
0
0
0
6784980
4539279
419952
139996
0
0
0
559968
0
0
559920
2519320
0
7065906
279990
909841
0
0
139996
139998
2239227
139996
0
209975
0
349983
0
0
0
69997
3497638
0
5454691
3287745
279988
279988
0
839926
279988
0
0
69994
0
0
0
7414170
1119712
979885
139996
36
0
0
279997
0
69997
1119856
1240
4897410
139992
0
0
139996
139992
69977
139996
0
37548197
279990
702457216
419952
183071536
93270442
559966
1399782
0
139996
419982
0
6360625
1329753
0
0
139996
69223960
139996
0
0
0
69990
209958
0
0
279748
279988
1959606
11594632
13075371
0
0
0
139992
0
1399780
69997
0
15909568
69997
4128147
0
1679695
1119650
0
139996
0
0
0
0
3
279752
139996
0
279988
419976
2868299
0
0
0
4266157
0
174
0
0
47204185
419916
4338094
69997
139996
1679688
559920
139996
0
0
0
140034
8106218
0
279988
349977
139996
419971
559960
207235610
139996
70033
0
1959556
0
0
0
33
16910476
0
0
70002
36003124
0
0
1399780
0
0
13281948
279988
51575745
139996
0
0
1259860
69047
0
0
279954
979888
0
0
139993
0
36264280
69995
699953
12
4617698
629901
0
0
50565640
0
139996
0
839916
0
1800
209986
1119856
0
46267206
629901
839932
5593728
3218850
0
349985
139996
3
0
419976
69999
2659240
0
1539736
1119856
139996
107164926
1221
419962
1259836
125603802
1259810
0
139996
559960
419976
489953
1119856
0
5177188
629926
209979
1679710
1889217
21792710
69997
0
979888
140000
349977
0
2308485
0
278581
139990
0
1431079513
0
69995
0
1539472
0
0
979900
9720525
0
20
0
0
979854
0
17049988
279990
0
0
10209876
699930
279990
0
2
0
279814
0
0
699880
2205702900
0
279990
0
419976
0
68125500
1190143597
139996
0
0
349980
69997
90
0
140006
69995
139988
38396
0
9
0
4897480
0
4615577
139996
349979
212049
279984
559960
0
14862501
489961
279988
0
0
210005
0
0
0
279988
139996
3497400
559968
279988
699940
279988
140043
0
0
2099520
43
0
279988
419980
0
0
0
489649
140
139989
769917
0
0
2169185
0
0
0
0
0
139996
139996
0
0
979842
699934
139972
1539736
0
0
1119768
0
16741680
209982
0
699940
70013
0
139992
0
4
0
0
139996
8533088
0
0
0
69997
6994998
0
2238086
3849869
8319921
0
979888
139996
4684372
5037875
489893
139996
839926
0
70399
0
139996
0
0
7446036
0
139996
0
0
769892
279988
349965
140044
494923
31145655
5596720
559919
2
0
22
69997
0
139996
419980
0
3
699901
489916
13281760
0
63886061
71556
67980780
0
141324
139996
0
0
0
0
279972
279988
4338188
279956
1259820
0
0
209989
0
69978
139994
0
0
0
279988
0
0
3708016
139996
0
5439631
0
0
139996
699940
559959
0
1665791980
1738550
0
559960
0
18
3637626
839916
1819680
559960
394228
0
0
279988
139996
279976
0
0
567711988
559960
0
44332476
11326874
0
139996
0
0
0
0
0
0
0
3358800
0
139980
69950
279984
139996
419976
139996
0
12
0
0
0
0
139994
839848
0
141396700
0
6
138774
0
699900
0
0
0
0
33
0
139996
0
139996
0
71209
0
0
2352580
139996
419976
0
2519401
0
279982
1329448
139996
38617600
0
839916
520
0
139996
419970
559962
3707279
139996
0
0
2147490
2239488
0
0
0
28212049
3008115
0
139996
419976
0
0
0
909852
69989
139996
7966776
0
69995
0
69978
139996
0
0
0
139996
0
0
139996
1819673
909851
0
0
139946
0
559960
2449387
209956
0
0
0
0
0
0
67735
0
0
216966651
34
72061
139996
0
0
979888
0
0
0
0
0
70029
0
139996
0
0
70775
0
139983
0
139996
69997
0
0
7554366
559966
2098770
2658642
1
209983
209981
4512
2939034
60344379
0
0
0
69972
3158
7060375
139996
559960
5
69997
699940
40
0
209984
2
187639888
139952
1119856
6
0
279990
0
0
0
2939034
0
4338016
1679688
559952
69996
2519300
3358960
839916
564776402
0
0
0
0
115240657
0
0
139438
419956
0
0
1
0
3708457
0
69997
94509265
69997
20675896
0
0
2099520
0
4058299
0
139992
18
1259820
0
284035724
0
4
0
2799160
1119856
0
139988
15
26
0
139996
0
0
139922
209989
1119876
1960134
0
0
0
2939076
0
1819660
0
0
0
0
69990
2239538
139996
0
139996
0
0
2371141101
0
419976
2799160
139996
0
1119811
390
979888
69997
1679688
0
3218896
69996
0
0
139996
279988
139996
349933
209979
0
0
0
349971
1679376
6855002
0
0
0
0
1259826
31067456
69983
69999
419976
4897480
279988
139670
419976
419976
0
139970
4617819
0
0
0
70059
0
69997
349272
69993
699850
139996
139996
40638885
839832
0
0
0
0
0
279956
349975
0
0
1748881
559960
139996
0
0
0
0
979810
1221
0
1959583
0
0
0
0
0
0
0
0
69997
277776
0
0
19938206
279987
139996
0
12985032
139996
0
771047
2728602
3077976
279970
0
0
139994
1
0
584
0
279988
0
23
419980
13
2240576
4
0
0
0
279990
629227
699940
489692
699777
11111199
0
0
0
0
279988
0
3357600
0
279988
0
69997
3529428
11886188
460
30564076
0
349954
6082425
0
0
12583440
0
0
979888
0
0
0
699952
0
349765
0
559960
0
0
139996
70125
0
0
0
0
0
0
279990
69994
0
139996
0
1604795
0
69997
1189471
349965
139996
8
349977
139996
0
38070396
0
0
70000
3359070
0
0
0
0
121544
69118
139996
79192139
0
139990
19490202
0
0
139995
279990
0
839916
295898647
0
839136
26
0
0
0
69997
0
279984
3218853
629953
0
0
0
76
0
139996
0
0
0
0
0
0
0
2169553
0
0
0
0
11885380
3288816
139992
209989
2099513
0
0
2169508
0
0
0
979890
69874
629950
132213
0
0
69979
1107992869
1399760
139996
0
30
0
1329809
1259838
209985
139996
349965
0
419814
4897513
419976
419976
0
0
699943
0
0
13702432
349978
0
0
5946927
0
69980
699880
0
0
0
279988
69991
0
0
979888
4058260
3219024
139996
139990
8811936
14
0
140003
0
49866494
0
3639643
0
0
839902
279988
0
0
0
3986992
139996
1119683
0
69997
279972
0
343
3498792
1088039789
0
712587841
420151
4198252
0
559966
0
15771423
16
21
69995
0
139988
7833832
279988
0
0
0
0
2275071519
139996
0
279988
1399760
0
0
139994
139996
699940
0
139996
559942
58023562
419980
139980
0
0
0
139996
0
0
419976
699940
0
6156126
139992
0
0
0
0
140037
0
2029101
139996
69997
279984
489874
139996
0
279976
3916696
139996
8
64
279990
0
0
1215921807
0
2099632
69997
0
2239503
0
0
3498792
0
0
1044683075
0
0
1539736
139996
1189826
4755240
0
0
0
0
4198140
117
139980
4897672
0
0
0
69997
289671
30765346
2448773
139996
979888
279988
0
0
139996
139996
0
279980
2448565
0
699940
0
0
0
0
0
2799198
697524
0
0
4
10071386
0
0
0
419966
0
0
0
0
419968
0
139996
6295860
419976
279988
0
0
69997
139996
392
11885497
2659240
0
768186
0
0
0
279982
0
0
699940
9651284
699958
699891
0
839916
6016216
0
0
1329729
18273878
0
0
139996
0
0
0
559966
0
0
4198161
419696
0
1399566
0
0
279988
6295896
0
0
0
0
0
0
139996
699940
0
139996
0
0
0
0
139996
1943514688
0
279988
0
0
419980
69972
0
1
0
419976
0
139996
279988
0
139991
1049853
1189716
0
0
0
250
139996
909907
110
419976
489937
9930184
0
2379388
64
0
0
513
0
69961
0
419976
209954
0
0
0
419980
0
0
3079102
2362002940
419976
0
0
0
0
0
0
139996
0
38626263
139996
279988
0
279980
41264766
0
139996
0
0
349955
139996
1399798
0
699940
0
69997
139990
0
0
0
0
69989
139996
0
87385
0
0
270547756
0
139996
0
139996
6501165
2028521
0
0
279300
254
419980
0
0
0
22641450
0
0
7199185
140092
0
2239516
0
1049812
0
69995
0
279988
12025374
0
1399780
209985
1959132
0
0
1
0
0
489536
0
279988
909717
0
0
1992000
279988
279990
0
0
279988
0
0
2798320
559960
139994
0
0
209997
2308132
69980
839927
139996
559970
0
0
279986
0
0
0
279996
69121
0
0
1399520
279988
8113270
0
20476240
0
10488600
0
139996
139988
140000
0
209979
0
1127803301
0
12774725
0
66
0
0
7
0
1119886
419962
909610
0
839916
349940
0
0
0
7
0
419983
0
1259820
0
979724
419976
0
139996
69999
0
0
769893
419982
0
279988
0
0
0
0
139992
3078988
2379274
349972
559966
909714
69993
0
0
26317114
419976
0
279988
349972
0
279988
0
0
30
0
139996
1
69999
0
5
0
0
0
69997
9650340
0
0
0
2379388
0
209865
0
9
1189780
209981
209989
3915504
0
0
419970
139915
139992
43082496
769857
209984
2377682
349950
0
0
839904
0
0
0
559960
34603527
8
5037214
0
139996
279986
139996
349965
0
279984
1119856
252151300
0
209982
0
62594998
2238912
0
8113156
0
279988
419976
139996
0
69992
349955
1959580
0
1081814260
0
0
0
2588343
79423913
1119856
0
0
0
0
1259820
69996
0
1539702
4477888
139996
0
559966
0
0
0
0
489958
0
69997
0
4825438
279977
0
34457488
839732
0
0
139996
68809948
0
699774
0
3778672
6016219
1679688
699940
0
0
0
559832
1119856
0
0
139994
26654489
0
0
0
279988
0
0
2938978
70164
139996
9302640
58861305
419960
3918400
139996
0
0
0
0
69997
7200750
559970
0
559962
69951
0
0
1049776
0
0
69996
69998
62
0
5736576
0
0
0
0
489970
1959104
4963102
0
349981
699940
0
629941
0
109728
0
559928
2799160
209958
0
3358800
0
0
139994
139984
0
0
2308617
349920
0
0
419968
0
0
0
0
419976
3778488
139995
32
419976
0
769774
0
1213125041
0
0
0
279988
69998
2392315010
0
0
279988
0
559960
1
0
1015089684
699940
11949471
46121832
0
1539792
419976
139996
3148900
1119834
139996
0
139996
69997
0
0
559968
139996
0
839916
0
0
69994
69995
0
1259820
16770960
0
18165940
349967
69996
0
0
2
69997
1469496
0
209989
0
0
279988
139996
839916
0
0
0
0
0
1959580
419934
0
0
909623
0
3638884
1118701600
419976
25145473
559896
7
0
0
0
839916
0
69997
279988
0
209981
139996
1189677
69981
839926
139996
3
2799004
139996
64
0
279580
0
0
0
349965
11104878
0
139996
139990
419976
0
0
69996
0
0
0
0
419933
209987
1889242
1959580
0
0
139996
1200369
970085
0
0
0
1082
490162
1073032248
140018
70155
0
0
279988
227720266
2
0
18313110
209938
209966
139992
419976
705120192
0
65446003
0
139996
0
489940
0
10616583
69996
0
0
559968
0
279979
279988
490583
15418954
0
139996
349977
0
0
0
0
69994
209996
139996
419981
0
69996
38330328
19516840
0
141926
139996
419977
210026
559960
69996
0
1679688
0
139992
1609512
559968
139992
0
0
3358846
70077
2099520
889112
139996
2239584
5037336
140004
0
209971
0
0
2417791658
279984
769436
18584356
209989
0
0
3498748
0
24653622
279988
139996
139996
0
7484212
279988
0
279988
65977801
69997
14794632
0
5177114
139996
1259247
979888
113042642
1539692
279986
0
0
419976
0
0
1259803
0
0
0
5037264
16635074
279988
0
0
279988
0
279990
1
559960
0
0
0
69992
559960
3708658
1679616
279988
363
0
8392680
0
699956
35
0
176055516
16073320
0
0
2238272
0
419980
0
139996
1259836
769976
11885380
699795
0
0
349983
0
0
80412131
209989
0
3778537
559960
0
0
1399560
2431067590
2416634686
769932
0
0
0
0
139996
165
839916
10
279990
0
4897676
139996
209964
279940
0
1609675
0
699840
279988
2099572
279988
0
0
1959132
0
4824687
0
419976
349960
629892
1959160
0
1119856
209979
0
138269988
349965
0
0
0
0
49862240
1959580
209967
0
279988
0
419980
699940
489950
0
70052
279988
4897480
0
139996
0
0
0
769935
4338222
139996
0
0
559960
0
0
0
2099520
209982
0
2379540
3098800
2239486
0
2029610
0
0
0
0
2379388
2868114
1749381
0
489678
0
69996
0
89710446
0
0
559907
69913
0
0
209998
1469517
1
139996
0
30
0
420899
0
0
0
769762
139992
769892
699941
0
0
69997
559960
133371756
0
69995
0
69997
1259773
0
559960
139996
5177188
0
0
0
69997
209985
0
0
11187198
139996
1539723
0
139996
489925
0
139996
145064519
1679328
0
559960
0
0
139996
279988
0
139990
2003
31722
559960
0
0
419916
279988
70444
559960
40776825
0
11661777
8114894
1086735778
0
0
0
5596252
0
280068
139996
0
0
139990
10350173
33519360
139993
0
7694340
3
0
139996
69997
534329632
139996
349950
0
69997
0
0
1539736
0
209992
0
139996
132282556
0
1399814
7623629
37097956
0
208317
139996
140018
559922
0
75718906
0
69996
139996
0
209966
279988
979888
0
0
209987
72411
0
139992
1
209931
0
211747
69996
0
6
1259820
139996
69997
0
559960
0
0
0
0
139996
349960
0
0
122889192
0
0
139998
0
1081605016
419976
349865
70116
1
349955
0
0
3653455
0
1
1049762
0
0
2382417504
0
69987
0
839871
0
2659240
0
0
209981
208239
0
839544
105323028
139996
1819636
0
139994
0
0
66878650
0
5386821
699940
77755415
139996
0
4478066
1259820
139996
349960
0
139996
904267
67163142
279972
0
140458
10488672
419980
699948
139996
0
0
0
0
0
419952
0
769857
0
0
570
0
6630
279988
0
1819660
279990
3219008
0
21791016
279988
0
559904
4198140
139996
0
139996
0
1539736
0
1679422
3916640
0
35
139996
15794896
209970
279950
0
89530817
699259
0
139996
0
0
2588418
139982
0
0
0
0
279988
0
0
559964
0
139990
0
139992
699940
0
0
0
69996
419976
437
0
1131842
69997
139996
0
45900432
0
559968
0
0
489755
0
0
419980
349991
45900432
70002
0
0
139996
0
26312884
7554270
0
0
1539781
0
0
974521228
419940
0
1
70039
0
0
4268003
69997
262221046
0
0
139978
0
0
0
0
49239368
1
559912
839916
1119780
2379382
0
139996
19421080
559960
559920
3358800
279978
572
139996
0
0
489937
0
0
0
2276251980
0
139996
69983
0
8253091
47370808
0
1399780
0
0
0
1539734
139996
0
0
0
839916
139996
1427822316
69996
0
83800893
67367320
139992
0
0
140004
1329818
12304336
0
139994
3707528
0
2659240
27501988
3497900
69988
0
302511888
0
0
139996
0
279988
0
0
0
629892
0
0
419976
0
559960
0
0
3918376
14399176
28
419946
0
1213173535
839932
4897480
419952
2378708
139996
0
69995
280002
0
0
0
139996
0
70030
2099040
279988
0
69998
0
1
4897253
279988
0
699834
0
0
106066486
0
69996
419980
839926
0
0
3078988
979776
147988500
0
0
629933
0
139996
282048
0
279973
0
1469653
69997
0
0
1119664
101000017
769929
559960
139988
0
0
142484
3287832
0
2099492
0
279988
139996
0
0
2939076
0
312954
0
15376828
979888
209992
0
0
0
979872
0
139996
0
419960
909805
489921
139996
629778
279986
0
419956
0
0
0
0
349803
0
0
0
139992
10070398
139996
0
0
0
209979
1819636
69994
279988
279988
419976
0
2939090
0
0
0
0
209982
0
1670585836
139990
0
0
139976
31377961
0
0
489937
139996
0
0
0
349916
0
1189662
2
979920
2659240
17397415
279988
0
1
0
419970
11
139996
0
0
0
10069488
0
0
16
7134696
0
559960
4058260
0
1609469
0
699940
0
0
0
239
0
909856
1329601
0
139996
139996
0
135628
0
172817388
0
1205026721
0
321567
0
1119792
0
0
0
0
139996
0
0
0
1469454
0
0
0
0
0
139996
0
70464900
139992
0
0
0
139978
0
1679716
699940
0
2798317
0
0
0
0
0
1679688
44
342201
0
279988
209989
2380156516
0
0
0
2
0
627326802
0
139996
1195353382
0
559960
629927
489937
3638734
1181711
69972
1959606
69990
1679688
1189490
0
139996
2169447
2
279992
419976
0
0
0
40470109
0
0
139996
139996
279988
839918
21
0
0
586817097
2385598176
69997
6
0
0
279988
139996
559960
419976
419976
0
489934
279988
279990
2939116
699845
69987
139996
0
0
0
0
489937
0
7617512
44455840
0
12
0
0
0
139996
3218896
0
139996
0
0
0
1604112
0
0
74
0
10209611
139999
210300
3778672
0
69980
8812532
0
350002
0
489957
0
2659266
76271
8741748
3988797
1889495
559960
139996
839916
18121220
0
8736407
71556
488234
69982
279990
2
0
1819636
0
209985
69989
559920
0
419976
0
1679688
419963
12984660
0
139996
69997
139996
0
0
139996
0
0
1539736
139990
0
0
36
25622736
0
0
279988
0
0
9651078
0
2027991
0
280214
0
279988
0
0
0
6785109
0
279988
0
349983
139996
0
0
0
1329729
0
279976
0
559960
0
0
6988500
2799160
0
279995
0
69996
1119856
0
209985
2244
0
0
209985
0
419976
0
0
0
70119
419976
0
15384
0
0
0
0
279988
559929
7414276
140214
139996
23052220
0
0
0
0
0
0
699954
16741680
0
139996
71296
0
0
5737084
0
10768065
139996
0
0
0
69995
70032
349982
0
909768
0
69997
0
629917
0
279990
1
3078988
0
11117554
0
15515136
15235140
419976
0
3428353
629920
7833616
0
8
6887890
140026
0
0
1259856
0
4
279988
0
0
279988
143434720
70004
6
0
419976
5453682
3533823
0
120287
420008
1666443888
349965
209979
63713796
0
0
0
28755880
2938754
0
489937
489940
139992
0
0
279988
0
69999
0
139996
1048755
0
0
145128
419974
0
0
254966
0
0
0
0
0
0
0
0
1259820
0
0
139996
0
1259640
87407443
1208065465
0
0
0
210046
0
8
0
0
0
5177058
699948
139994
140052
0
0
0
3
69996
1119886
69997
209989
0
139992
0
279988
0
1957314
0
3918372
2659038
0
0
0
0
0
0
0
0
4128001
4
0
1680306
0
70413
139996
0
629901
12848077
4198140
69720
280008
0
40907
0
0
0
0
139972
7683390
0
0
0
0
139976
4897548
0
5736556
7384517
9650476
0
0
139962
22088863
8803999
14104
0
69997
0
0
279990
0
419980
0
1539736
559902
0
0
279988
0
0
0
0
419976
70014
0
0
16212856
839904
1214159550
0
0
979888
0
0
139996
0
839916
0
107269920
0
419940
279988
2379388
139996
209861
0
559912
279976
0
139996
0
139992
0
0
209860
545198
0
0
0
559950
0
42
21512260
1819636
0
349975
57207273
69928
559970
0
0
1119856
0
0
0
1003026650
0
0
699948
1539736
0
1149361752
0
1120818
419977
0
115367220
69997
0
0
0
1399598
6
139996
0
1200239040
0
0
769888
5805148
0
139994
0
0
15699373
559960
76736169
24
0
139996
279990
0
1679588
0
0
139978
2156
839854
11885380
0
15236020
489954
84
41
3
0
69996
0
4757620
6293534
139996
0
1329601
139992
69522
0
769877
3498748
0
69997
0
70205
0
419980
0
699948
0
4326236
1329669
0
279988
1827559
0
3707198
0
0
0
1749425
0
699940
19421080
419976
139996
419980
209973
839919
8
12025036
2
3219054
979888
5663092
0
279988
139996
2379388
139996
0
3009078
1932
142003051
139984
1679728
4058260
279972
139994
1679351
139957
0
139996
139996
0
0
139996
139990
43799
1695
10768432
69996
1679590
0
10758825
69995
699943
0
11800594
209979
979888
0
139996
279988
0
0
341
350025
41958196
295
70425
0
2405
0
1329803
0
83068723
0
419952
209995
0
29421362
3846865
0
139986
2913666
0
18838176
0
839920
0
0
0
0
7554718
0
53325856
139996
0
139996
0
279984
1119841
0
909830
11815633
0
207073
0
139996
1259820
0
0
5736556
139996
0
1819636
279988
0
7652536
139998
1257083
0
139996
910307
139996
0
0
979912
209992
279988
0
139992
0
559942
0
139996
0
349983
0
139996
979890
0
139992
279988
5103065
0
0
139996
0
0
0
0
0
4477284
0
1959580
172
0
139996
0
69997
1539340
0
139996
140028
139996
4
0
2799163
11870760
0
0
0
0
69997
0
0
0
139996
0
0
279988
979900
0
0
0
0
0
1189774
0
1469784
419976
1119857
139996
115232220
262939518
0
0
6
0
0
0
12723256
0
348182
0
1119856
279988
279988
0
3217700
0
69995
69995
14817316
839808
0
0
559961
629816
0
0
0
0
209844
139994
0
0
559966
559960
140042
0
14
2
0
139990
10978596
0
0
0
44
279988
0
0
0
629901
0
279988
69990
44
419962
139326
0
21050222
0
4887
873189768
0
90
0
15236236
0
0
1083
0
15096456
69996
2588780
12443980
0
0
500365876
278086
1259820
1329601
0
1
69997
419967
419976
1679688
69997
0
8
0
69981
489975
0
0
159841836
139996
2
559960
699940
140006
0
559968
32405372
979888
0
0
6016216
1259820
0
0
419976
94
139996
0
13
280001
0
0
1119856
222664418
69981
0
0
0
70654
419980
83029528
3218516
0
0
0
0
0
279988
0
349953
139996
559960
69996
24716634
0
0
0
0
1396895902
0
0
1102008432
139996
0
0
0
0
6011228
349979
2
0
0
139996
1749394
979900
279988
0
139996
69996
69996
78
279988
69995
139996
0
3
0
7274278
0
14
0
0
139992
349690
0
209998
0
0
6223484
419984664
2239182
2519697
0
839650
139996
0
0
0
0
0
139996
0
0
0
63009580
30564076
69997
139996
1
0
1958946
4
69995
0
584
0
0
13
25552656
0
0
69916
139996
0
699940
0
419980
1031
0
14
0
139996
0
979888
0
0
349929
44319006
0
1219344713
139986
93587400
0
0
69996
1
29799850
0
139996
139996
839932
1259832
0
139996
0
0
0
0
0
0
209990
349945
0
139996
0
209982
24856276
1119856
279972
0
69333
0
0
3
0
279990
0
0
0
139988
70255
139996
0
0
5177396
0
2169284
0
139996
0
629802
209990
41646963
0
839832
0
1119870
69893
0
8384880
0
0
419976
3498700
2169497
0
559960
0
0
0
0
0
0
0
349946
0
279988
139996
0
139996
585598776
69997
0
10
1119870
6078951
3078772
73842885
839838
2799160
0
2251387336
0
1050557
0
0
37583377
69984
419976
419980
244635
88848205
0
279988
139994
0
0
1539604
1119856
139996
12583620
2519280
3498700
0
279988
12175391
1469769
2729161
12506
139996
139996
0
6
0
0
20145612
6295860
559966
979910
0
2519316
0
279988
0
1642753981
139993
0
209992
0
1679698
0
69994
69997
209909
2239456
53187386
0
2799160
559968
140006
0
209964
0
0
0
0
699940
0
0
0
0
0
0
0
0
139996
69997
69997
1119870
0
0
349973
69997
0
139996
2099586
69996
0
0
139996
0
0
559960
0
0
839926
0
0
350433
1539472
209973
0
4617880
279988
139996
139996
21
72399
27507896
980157
69997
280010
6
5943259
0
0
0
0
0
3778590
15
0
6
14676084
0
139996
5244306
0
139996
1049795
489797
923976897
0
0
0
139996
489957
139996
278859
0
0
0
1189802
209973
0
0
0
2176734556
209994
0
0
280173
8386669
0
210017
139996
0
279972
0
69997
1819585
1119856
69671
0
96052986
139996
0
1259640
489937
0
139996
209592
0
0
1959518
139996
209989
0
0
0
20078768
0
0
0
12859662
0
1819636
0
139996
0
909892
0
139996
139996
0
2168977
0
0
0
489949
419976
69997
0
0
0
0
279988
0
0
8
699952
279988
4405905
0
349965
139990
69999
0
1469539
8532436
279990
3778632
349977
0
279988
279982
0
51046098
279976
489907
0
62247117
0
559960
0
0
139996
0
0
333946606
0
0
0
0
209982
69793
70012
69997
0
0
209985
45068
3918376
0
25274476
1399446
210004
139996
6082172
5525739
0
489832
279990
0
112
210017
1119856
33623773
0
130920696
839916
1399781
0
0
8036531
69996
0
0
3079158
1119856
699860
75154636
139970
139990
15508832
0
0
979888
0
839823
34316262
139981
4198198
279988
69998
559970
0
139996
3499008
0
702366
139996
0
0
69997
0
139996
0
489930
1259820
5737351
279973
979888
139996
30812865
0
69997
85339858
8252743
0
4058364
0
21030230
0
7414276
769925
279990
209979
0
559782
0
1049842
0
0
349965
16671406
139996
0
0
0
0
1819106
0
979888
14119396
139996
699940
443
419976
0
0
839916
0
629892
0
0
0
0
0
2
0
81
84517020
419940
37246
0
0
0
0
209992
209988
134
0
0
0
0
0
69913
1049745
11243435
69996
0
2239456
139996
0
1399780
0
76655649
0
489885
0
0
71614
0
279964
69997
209983
20
9720061
210013
1259820
699948
0
0
0
0
0
839832
2099548
629901
209985
2029101
279988
1959628
2098734
0
0
0
0
139968
0
139996
0
279988
0
839784
0
419943
69988
419962
139996
18061106
0
0
0
0
139996
839926
139996
839918
2728488
0
51389860
69998
1259820
139986
0
50140080
3
0
7554060
0
0
0
0
143
219
0
0
1
0
0
0
96
140019
0
0
6710782
0
1119864
699948
419976
139996
0
1539743
419946
0
139996
0
559934
2298394048
0
0
69997
0
53529696
0
1399540
0
1
0
0
3
139988
14677740
629883
139996
0
0
8811936
69997
279988
139990
139996
140046
0
279976
279978
419976
139996
0
0
0
0
1119856
8006382
0
1399798
0
0
1469680
0
349976
0
0
140040
0
139996
105411988
0
0
0
40
419922
0
0
0
0
0
0
3359086
0
0
0
139996
0
139996
0
419900
136748
0
139996
489888
0
2939236
0
0
279990
1679710
2589238
92627550
0
0
0
6995107
0
279972
4545883
0
69986
0
140021
839916
139996
72
2135525920
0
0
5
468542374
139996
419976
0
419970
0
0
2379388
139996
349970
0
0
6575980
0
139996
2589001
0
0
0
0
69994
0
69996
0
69997
139992
279988
0
0
3077550
0
0
139996
839838
0
0
839926
0
139996
0
673
139996
1119856
279964
0
0
139996
559960
139996
979888
0
0
0
139984
0
14078456
0
559888
2298358540
0
279981
0
0
139996
419980
2799160
0
279988
629901
0
2519316
0
1976
0
4618120
0
0
87419472
0
1679688
140066
4
0
69995
0
11606056
69997
0
139996
0
74799
0
419976
1539736
0
2379388
0
839916
27567114
0
559960
69997
9371071
0
1679688
0
279966
139996
10628296
0
0
2309356
0
0
0
0
0
419976
209982
1399780
0
0
13142230
2379391
0
31676488
1259820
279988
2420971252
2820
1259820
1539736
0
802148176
0
1259674
1679688
0
1819610
0
0
13423328
0
0
4338076
279988
839892
1
559960
69997
256937730
0
0
65
0
0
0
349940
0
0
0
139996
210296
0
1259850
1259820
0
0
3
69997
0
0
0
0
0
559960
69997
0
0
3916752
0
97
0
71982316
139996
0
0
1539792
0
489898
1119856
139996
139996
0
769824
279988
0
0
139992
0
0
98380
8252920
70761316
0
1259820
0
139996
0
0
0
15
559929
0
0
69996
0
69994
0
0
1399828
0
37653660
69997
1259848
0
279990
0
1259820
0
1539714
0
0
0
699962
139996
1609473
419976
3
0
2029128
0
18
139996
839916
0
1119856
0
139996
0
139985
0
279988
1259820
0
0
358980
0
0
139996
70007
0
41
0
279988
139996
559962
6920351
2169439
0
21860834
0
0
139996
1399798
8872601
357458
139996
203
167662644
69999
0
279988
0
0
0
139996
1469454
1
0
0
1539798
0
0
0
419940
1259820
1539622
139996
0
0
0
279988
139996
0
0
139996
11187040
139994
0
59967616
1539748
0
0
0
349957
0
0
0
0
2519350
139996
69999
1819636
0
4897480
0
0
349775
1535394625
0
0
909891
0
0
1843539688
2939184
0
70011
69997
0
0
0
559922
1844452860
0
0
0
69997
2379570
279990
3
4338442
309
0
279988
0
38622811
0
1259837
0
0
5317036
0
0
1
0
45787784
1539472
22569965
0
0
3288926
4477888
69997
0
0
3358800
0
0
559966
0
139996
839916
4897480
0
0
139996
769931
0
139984
1442392819
69997
210204
69995
839916
9720404
1119856
0
979893
0
0
0
30
489900
139998
0
0
139996
349907
1819636
115
699790
1819660
7554060
210440
0
349960
209985
139996
0
12218675
0
715118760
0
0
0
0
0
279988
420069
909443
699940
14398780
0
1119740
0
0
1259754
0
279988
1462250988
8
38764876
0
0
3
0
0
279988
0
0
1399780
0
2379039
419976
0
769897
279968
5596720
8
139996
979824
209952
0
279990
419404
419980
209524
139996
839916
0
979570
56
559962
0
1539594
419954
0
419980
4474088
0
0
0
139996
769909
0
139976
0
0
209551
279991
350002
2417097726
0
0
0
139996
0
16
1539736
909885
0
349965
1679688
69989
1102008432
139996
0
0
559966
489937
0
0
559968
69997
0
139996
699864
0
45833081
0
0
0
140174
699940
209990
139996
419962
1049845
58
2386722628
139996
1539788
2169242
139968
22783390
69993
0
69995
209970
0
0
1329655
210563
1539472
209925
139996
562698
419976
0
559952
4757781
979888
0
11047670
74636029
419961
0
979888
279988
0
1679710
139994
15768076
279979
0
1259820
0
0
15236020
0
3358800
139996
1399743
2519622
2659276
0
0
0
3637704
0
0
139996
419954
139996
0
0
0
139996
0
559950
0
1259861
0
69996
0
7555126
65498184
279988
699961
0
139996
139996
139996
0
24716988
0
10
415490
47617343
769917
979908
0
0
69996
279984
489940
0
0
1119680
0
0
629919
6640690
13337312
0
279988
8876538
1959520
0
1977390
0
0
419978
0
0
0
279968
0
43690198
10351588
0
699908
0
6
839916
139996
139996
419976
1679688
139996
2379388
0
559961
279988
0
69997
472
139992
69997
419980
219277576
0
139996
0
0
0
1
0
209982
559966
0
0
139995
4058260
8386833
1399846
7360
2518631
279990
0
39
2099456
0
0
279964
139996
279976
0
0
209967
139996
979888
0
139996
209993
559961
979888
28186591
209901
3218982
0
6574186
419976
0
0
69997
6156936
0
11318325
0
0
12
0
62254542
0
279988
0
699897
139996
0
0
188048512
139996
0
9932032
0
0
0
0
0
2239456
0
839916
2398841596
0
2
419976
69996
349960
84693053
0
0
0
1119840
419952
0
2939106
1
5
81338150
139996
0
349865
349965
0
992400023
6435676
1016
19519197
0
0
139996
909805
0
1819602
0
349955
1259800
0
0
0
139992
0
5317036
559960
1539513
699940
107635673
69994
0
419976
0
0
6
559966
0
0
7833616
0
0
0
909790
139992
69995
70000
70011
6780589
0
279988
5454082
794944310
15
699952
9
0
629947
0
0
979888
15071834
0
559966
419976
0
0
0
3
0
0
0
1114944
0
15351602
0
559960
0
4407826
0
699940
69997
0
0
279988
0
0
49957297
2199475420
279832
0
75295524
0
0
349940
0
22505025
349932
25413388
1259804
1119856
142022677
839916
279988
629917
0
139996
0
0
139992
0
1259820
1469517
3778629
559922
6156040
2
0
0
0
10906888
419970
773392166
699838
349918
279988
14577536
0
1
209982
699948
0
0
2589239
0
139996
69996
3
0
219228
0
279988
419976
0
839876
0
0
0
3778488
0
209985
0
0
69996
0
0
0
0
70882
139996
69703
0
0
139996
173089836
37715674
0
8113193
489866
0
4897480
0
279988
32412422
839916
70001
0
1539736
559904
0
30146256
0
6863628
6989700
69997
37
139996
0
0
23233741
2239456
0
0
279988
6642576
0
29291917
69997
2239110
839904
0
0
69994
2169289
69990
0
0
44663976
559960
0
0
419934
0
139980
139996
0
139996
0
69782
0
139986
0
279990
7274488
1119856
0
0
0
0
0
279988
699948
0
0
69997
69997
0
0
559950
0
2133526536
3916696
0
69997
0
0
279988
279984
139996
1005185487
15284758
139996
503112400
139996
977158
0
4126401
139992
52368
122
0
0
349955
96913425
69513
1991167538
69996
0
0
489940
349955
139996
3634575
69997
279988
0
0
0
0
0
69612
0
279990
66323988
279975
3498700
0
210009
0
0
26735919
0
0
0
0
79786292
419980
0
699928
2659380
419976
0
0
839932
1
699940
2239456
2518632
209979
2445501
1119880
0
69995
235033466
139996
209989
3357795
0
0
29873395
559960
1679376
24020830
7918395
139996
0
559960
0
979899
1
0
0
699940
0
0
0
979761
44389120
489930
139996
0
0
139996
0
139996
139918
559316
0
0
2294061
2519448
489953
0
0
0
148657199
0
0
139996
0
909819
0
115913836
0
0
75022128
0
139996
0
0
7337505
7757349
0
559966
139996
559920
6
559966
0
279978
0
489930
0
0
0
139986
0
266
0
349960
0
0
69996
0
1259820
140026
0
2297172280
0
0
0
0
69996
0
0
0
140016
0
139992
279990
52490546
0
61141482
0
209925
9997
0
699885
69964
279988
279992
158515665
0
0
279990
0
0
0
0
91669279
2799160
279988
0
0
139992
0
1679728
3218896
32816272
24160140
349973
1
0
559963
0
139996
0
0
979890
104832388
0
4
0
0
0
139996
0
0
419976
69996
0
0
0
0
419976
0
209993
0
8252923
699876
3846921
18
0
979888
139992
1819482
2519334
0
0
0
140000
349972
349771
0
69994
0
279988
36
2799160
69997
139996
839926
69982
139996
139976
0
208293
2799160
699940
0
139996
279988
0
0
0
1259820
2099491
69994
139996
0
0
0
559966
9929776
0
125716882
139996
5
0
0
0
0
0
0
0
0
15567750
0
9511117
0
839806
55
0
2379354
5662953
0
0
140142
10955303
0
0
0
0
96
0
1
3
69996
0
0
0
139992
7548544
419956
0
0
0
6156990
2169381
0
559960
69759
139996
344515
279988
209993
139992
0
11467158
490824
0
0
280008
0
0
139996
979912
0
69960
0
423355
56300235
0
1
1119910
0
0
139994
629901
44178388
22348480
1329280
0
0
12025372
1399798
0
419968
559960
0
279988
140908
1179953
70487
0
139996
6780307
559960
909847
0
0
489937
3
69999
559768
22
2449117
0
2308682
699938
0
26388556
909805
0
419952
2939076
503713267
69962
69998
139996
3149122
769819
349794
139996
979804
7547936
0
9510616
132957976
839932
69996
139898
0
559960
0
0
0
15421157
6365818
139996
0
19699956
349965
0
223817188
2029034
0
0
69976
15933795
279988
0
0
0
279988
0
279988
3008380
2239456
2939076
139996
0
142600
909889
2379388
279988
0
0
2
839954
1842283303
0
419976
35231937
10069488
8
0
909448
0
0
139968
0
25413388
1539772
0
419980
279940
0
0
279990
699733
69997
2
0
11
419946
0
349973
10767988
1667646215
24445395
0
0
139996
279988
0
20252918
1958880
839904
69989
0
0
0
1399812
0
139996
0
0
0
279982
139992
0
139996
55
0
0
279988
0
0
0
9292045
0
139974
1119890
43551241
839930
699940
0
139996
69996
139996
0
12549420
0
6991476
279988
0
1049715
1051077
139992
0
3218896
0
12
279964
0
0
0
0
1454653876
142488
69997
1189660
0
139996
0
0
0
0
69996
140170
0
2028762
419934
0
0
69997
0
139996
0
207506520
140115
4477888
0
0
0
139997
279988
3637042
38334192
69990
349975
0
765070188
4058260
0
302371892
139996
279988
3218896
139996
69997
0
30052512
0
0
34179460
69995
0
0
6780300
69997
279968
0
28754716
0
139996
69999
1049457
349965
279988
4477890
0
0
0
279980
0
2305461
0
0
1119880
70001
0
0
0
5876304
3218896
4616806
0
139996
3986373
978122
279988
0
6
839916
0
0
0
139996
3287454
3288870
0
0
839916
560415
0
279976
0
0
139994
2
33616512
16202764
0
139988
0
0
139989
0
2868857
0
235
4338016
0
11188216
419980
14794420
0
1399838
0
909807
0
5666677
69995
69994
699948
769769
0
0
419976
277908
279984
0
0
0
0
139986
69993
139994
699952
279988
0
0
419956
4058260
0
29867980
6016323
279969
1119680
979900
139996
21930388
0
0
0
0
0
0
1
8316098
270281671
27664508
629921
1049886
0
0
6435676
0
0
0
0
0
139996
69997
419976
3218805
0
769767
667
769736
139996
69992
0
140002
979918
0
0
1119870
0
0
0
1049684
27285942
979874
139996
46400188
0
1959667
279984
1049820
1446417
0
7688157
69997
559960
0
6640785
0
0
0
279990
0
1
4338016
0
139996
1643186100
559896
0
0
0
489937
0
10348756
535001649
279976
4827205
0
71034
66
0
69461
0
139996
0
2939076
139996
0
0
839916
15
3916696
279976
139992
0
2035345536
0
1206441688
0
1539472
0
139996
2099520
140027
839916
0
140008
0
3009050
0
0
0
140006
0
15212040
0
8392560
419976
41680600
2659042
69579
419976
909766
12164688
279956
0
0
0
2659082
0
279988
979900
12636696
0
3
209990
0
0
0
0
0
148998
489552
0
1539736
0
139996
279948
0
23545080
0
0
1329762
0
69994
0
2797598
0
6
1247977124
0
0
0
39041522
279988
0
0
2658962
0
139992
0
2659240
0
0
0
0
0
909780
1539756
0
1609511
6571162
2378572
2368936097
0
139996
51001972
0
1119239
0
0
0
0
139996
0
279988
0
0
1045665
6360536
0
0
0
0
70006
0
0
0
0
4405399
16774632
139988
0
0
139996
0
0
769835
1043329
4477887
1189803
909867
0
70064
139996
0
0
279976
0
0
0
0
1959104
909921
0
0
0
0
0
1399780
0
0
279988
7554268
14956456
349955
0
5456880
419976
139996
15933780
0
0
139974
0
279978
0
0
139994
69997
279971
17468500
139992
0
2432236017
489957
0
1399780
0
139996
0
4198438
0
2659202
1399540
419976
629883
4478008
0
0
0
2796488
0
0
0
280012
139996
209982
69995
2520019
279988
0
6294587
0
0
0
139992
979912
0
0
0
0
279976
0
6575488
279978
0
279988
209985
2519364
139996
8812060
0
0
0
139996
1119880
349962
69989
209992
0
2427713868
0
360
839916
2939139
0
2099548
5456880
0
839916
0
559968
4545255
0
0
0
0
279984
47784016
0
2799160
0
139996
0
69997
0
7494
0
0
139996
1679728
0
6921307
0
1598275
139996
2
0
0
17468500
1119856
979811
13142140
419976
279988
1844341538
139996
0
276932
0
0
0
62
0
69995
0
0
0
1
0
769887
0
0
0
0
1888893
699940
0
2099590
2939076
139996
1119870
0
0
0
0
489987
0
2099520
2239456
69995
3751
1119861
4757620
0
279988
1679446
0
14399556
0
2250639486
31279132
0
0
419976
0
0
7412
1119856
0
132
1195687997
3428763
1539736
139996
489966
2519316
0
209990
979888
0
0
0
699940
209984
904585
0
74799
0
629922
69994
1
0
0
0
0
0
15882041
79149060
0
69997
2799160
979888
0
0
0
139994
0
909792
0
0
699940
0
209985
0
3
139994
11
39460936
0
70039
0
139996
22435672
139996
349964
0
0
0
0
2379388
559962
0
22
0
0
454046
6221100
0
0
28
0
0
209983
279990
0
69959
0
0
139990
0
0
0
349920
0
0
279988
0
769843
0
559960
0
2799160
0
2029131
279963
1958775
139996
4964249
2939076
139996
69997
0
0
279956
0
0
0
0
0
0
139996
0
1049835
0
0
139996
3358800
0
0
139996
979888
0
0
0
0
0
0
559960
1959646
0
279822
0
0
3219020
419886
108
2799294
3356340
0
69996
0
139994
139996
0
0
0
209982
4338016
1819300
0
349972
0
0
419976
65771596
0
2368981854
0
139996
0
0
139988
699930
559966
0
0
139996
0
1
0
0
278668
0
91115388
139992
0
139996
0
0
1049849
0
1609195
69995
0
139996
139996
0
0
279990
139996
70019
566747428
139996
0
14398576
0
2939076
279988
139996
626157
209992
139996
0
0
419976
139996
630266
139996
0
0
33854189
0
0
629865
0
839916
280003
0
0
0
69992
0
707594976
419977
419915
0
0
2239337
1679280
5103503
4617820
0
140004
419980
1819636
6221901
350033
25411300
0
1181
0
139996
0
0
0
0
1679752
0
0
0
0
559961
0
0
42
0
1119856
1539736
0
0
0
0
0
1181016574
909779
0
2
17183986
0
0
6645105
0
139996
69997
3078103
139994
8392680
349973
0
155125
69991
0
1049845
0
2939076
1609425
139996
629892
2390236802
1679688
0
139984
0
0
0
0
979888
27001090
69997
279988
209559
1539736
0
279988
209970
0
4617756
139994
559960
0
0
0
0
0
3358041
141170
15429737
0
0
0
0
629908
69996
45022888
279978
279990
9091420
69997
0
0
0
65219140
209979
1819636
2133140380
0
0
210864
0
0
0
139996
0
2799198
0
139994
139996
209990
194818
0
1049730
0
0
139996
279964
419980
0
139978
0
0
0
0
7833656
139996
93588748
4126631
1
279990
559958
116702127
0
0
69992
10680
1259820
0
0
279200
0
1119856
0
5876495
279976
0
0
100
5597518
0
979912
0
104
489923
0
0
1191058727
11889620
0
0
1819636
80
2239456
0
9292045
0
979836
0
699948
580
0
209989
2519316
5868576
6014897
139996
139996
16631202
0
559928
559962
0
30951085
0
1174047412
139996
18445017
0
0
279990
0
0
5037336
0
279988
0
139996
419976
189
0
0
0
0
0
22766697
5736474
1959668
3079063
279988
419980
30632805
279990
4966255
0
7833616
11885380
139996
0
349949
559900
1679688
1539736
13983648
0
699843
0
0
139996
139958
0
279988
559962
8803494
3498748
606652956
0
140007
158643940
209970
279974
0
0
73882266
0
1
419954
14119195
139996
209985
489915
0
559960
0
7414276
0
0
209963
21930388
6500715
139996
139994
0
0
2939076
0
559966
0
139996
559968
279988
197755489
18866452
139996
0
1119870
279985
6
69159
28756726
2799181
1434
139996
279988
0
0
0
979900
1259836
0
139996
69991
279978
2448705
349020
0
66
0
349960
0
0
0
139986
0
5800123
0
0
0
70119
2308777
979863
139996
209982
1234176849
0
0
0
54
0
108
139996
279972
979888
0
139996
81627336
139996
1322352
209987
0
979888
279988
0
279988
139984
139976
979837
3916752
9849779
349977
0
279970
140003
2
0
252587558
0
0
0
0
13700596
0
0
0
0
0
0
60891196
0
699946
7756458
0
279988
0
0
139996
0
0
69801
0
419976
139996
1819714
1259820
9932228
0
0
69996
139996
2379388
139970
3
0
0
0
53167104
0
3498930
139996
139995
559488
0
2
0
0
209949
2
139996
1848441934
349955
41
699940
74
69999
979888
0
69996
0
2239424
3358800
6435676
279975
699952
0
0
0
1959580
0
0
10617696
0
0
279990
0
0
0
6428696
279984
209985
2659240
614511
5736636
5596720
9791082
139996
0
0
6
0
0
3358800
419976
7898662
629918
1609737
419976
0
629917
0
0
0
1
0
0
0
139996
0
0
39
0
1539736
15488286
0
451723
0
0
1609425
0
699940
0
3358752
1469517
1
139996
0
0
3217998
0
0
0
2133174146
0
0
0
5873329
69997
69999
699948
0
0
0
979888
2588809
0
139996
8252920
69997
0
1259496
0
28538325
12150847
0
1329659
0
0
0
0
34593735
139996
139996
279988
279988
839892
0
0
0
0
69995
0
699940
0
279988
909807
0
0
0
139988
0
2
4338232
69996
0
0
0
839932
29599678
0
0
279988
699837
699940
279988
279988
0
0
349977
0
0
1
0
0
0
909805
0
0
0
0
0
0
925416213
279944
0
0
969449616
1189851
349830
489970
0
979888
0
1539772
279988
1469666
5663196
209986
139980
7967677
0
11745886
0
0
0
69990
3918376
1959580
769927
0
139996
0
19071559
700414
1819660
1119120
0
0
769882
1034446342
279988
0
0
139994
5664598
139996
0
139996
0
839846
139996
70131
1259820
0
979781
139958
0
0
907946
139996
559960
1259820
0
279988
0
7829605
122333324
139996
0
0
20118240
279988
279988
12
6502136
24995916
24567482
0
0
349950
348605
0
419976
0
3638730
279988
761949
0
0
0
419940
26564017
5876388
2659270
0
279988
839918
967332901
0
0
70095
14
279988
909909
24577696
0
1186674794
2
69999
139996
629937
8
419946
26700
0
559504
139757
0
2168949
0
69997
139996
0
6
0
70198
279990
139996
0
139996
550832
139996
699930
0
70000
0
559960
1
0
0
0
0
139144
419980
0
209979
0
1259847
490565
108433020
0
0
278788
0
1049842
0
0
0
419980
0
0
0
0
559960
69996
0
0
0
0
0
279960
0
69990
139854
1
0
0
1399812
279988
88030469
139984
699940
0
0
209992
0
0
210855
209986
419888
0
0
6
14236346
139992
0
2099520
139992
225418300
34596001
0
489873
0
139996
0
0
0
139996
1049739
979762
0
559960
0
0
139988
279976
0
0
0
0
0
0
0
279988
139988
70001
42
279988
69999
1259820
4
59137900
0
0
70044
0
3075792
279988
139996
0
629908
1637925300
0
0
69997
0
0
3498725
1
139996
13959798
7554060
1539768
349945
0
8
419976
0
12
210203
419976
3918244
140000
0
1119880
279988
0
0
2099520
0
1399780
979762
2029148
979874
3918376
139996
139996
1679688
139996
0
0
0
0
0
4
0
699940
70087
55
559966
1539690
4406785
279990
1259572
69997
1187376
0
839916
346229
419976
279990
0
0
139996
9790060
0
8
0
139996
69996
3
32951058
699894
0
0
0
0
0
991627898
699930
0
559960
20
237429076
279969
1539736
2308909
0
0
2099097
140005
1259820
139996
0
0
0
0
1399828
0
14538160
113517470
5383840
1539796
95015155
0
139994
0
139996
0
839916
17468992
10411459
0
0
2
0
0
0
0
69975
0
139996
0
0
0
139988
139996
2799160
0
1020795902
57
419980
6
0
0
66
139996
69992
0
1329654
419976
18
2589198
979888
419980
560369391
0
0
35
0
70215
0
0
139996
69996
0
139996
0
0
0
139996
0
0
0
0
69996
0
43345936
350625
0
0
1119869
2728401
699940
139992
0
0
69999
979864
350003
139996
279990
2245423314
0
0
279988
19828
0
0
0
559960
629912
0
0
0
0
0
0
419980
349880
559960
209987
0
4
0
0
0
1190059
18514749
25691920
69995
1049821
139920
0
699940
699924
1679688
0
1399766
279972
0
0
279950
1539740
0
419980
0
0
12375576
1889242
419970
0
139997
0
0
1819636
0
419976
0
139996
0
0
11606220
7388
0
0
50776
0
6128098
419976
139988
0
69987
0
3638596
0
1609645
349965
139988
0
0
1259688
1049406
209747
0
139996
1679688
0
17607490
71565
133502148
419980
839944
0
1889290
139996
0
0
139996
0
1119865
1350480
50694280
0
0
2378902
349971
139996
69996
0
66
0
69996
279988
0
349965
3147090
2
0
0
0
211296
1119880
0
0
2185958736
0
279990
0
0
699940
2379388
209987
69997
4897480
0
139988
0
0
0
3078988
1539754
70029
0
69964
70074
7134892
0
1819645
3778488
1679376
139996
0
3638596
0
0
17254287
699940
0
0
0
30841876
350025
0
279988
0
419952
3007985
5
209983
69935
2169536
419511
1204596360
3358780
0
0
139996
419952
0
1959104
133371756
139996
1539796
3
0
0
140008
1189839
279988
0
0
4897727
0
0
559962
69999
279988
0
0
5456146
0
0
14245520
719
139996
11745720
0
0
3496900
0
0
10211556
769998
937374
0
11955471
151
0
979874
0
3358888
0
0
139992
0
2869137
1189857
69182
2519316
12025036
0
419980
1819700
0
0
139996
0
0
0
0
0
0
419953
0
0
279984
70004
5
139996
0
279988
0
2130511356
209995
419976
419976
0
279990
0
0
1259659
0
0
139996
139996
37356816
0
0
139996
139996
0
1679736
9371020
1539340
0
0
10907676
0
139996
1259756
0
57751105
0
0
0
0
979888
0
0
2379478
139996
146477
3428836
419970
0
0
0
0
96744316
0
967328
0
69153
839932
0
0
0
1049735
0
0
279988
0
0
2099520
279990
27
279988
0
139996
1399792
1142650489
69997
0
0
1609505
0
979888
0
8881681
279988
0
419424
0
1679705
0
1119856
209989
0
839916
0
0
3427551
839926
0
279988
139996
209973
1049773
3778488
0
70017
279988
69993
629941
0
69997
0
69986
139996
9371148
0
1539772
279988
69997
69999
0
770056
279988
0
1949416840
0
69996
279988
6365802
0
280031
629929
139994
419976
69997
420284
56
0
0
1609425
0
7618012
1959606
279976
839907
559960
0
419976
139996
1609689
0
69997
279988
139997
88
2379012
0
69996
0
909376
139992
559960
0
0
0
0
419970
279988
839858
1539736
4058260
23058144
69995
419976
1958992
139996
0
0
349968
125269219
3497502
96
0
1119740
139996
3779578
0
2
0
0
0
1258960
1
6785204
0
0
979872
0
0
69996
0
0
6
699904
0
839544
69935
978634
139995
0
1119862
0
0
0
0
279984
35
0
14815444
0
0
629941
6222456
0
15769139
699666
0
0
0
3079144
0
2
349965
0
0
0
699942
0
0
0
0
0
53048916
699952
139994
0
559966
0
279988
1399149
0
349814
139996
240866020
0
5952561
0
419976
0
139996
0
0
0
6
204
90184
279988
279988
2146823458
979896
4266157
69997
0
0
419880
0
3078988
0
139996
1189859
0
3211650
139996
139992
12446740
139996
210090
0
0
279988
0
489662
69994
209985
139996
559944
44
0
0
0
0
69996
0
139996
69986
839832
209984
139996
139996
0
279956
0
349399
37097959
2155437820
0
1246158
0
2239456
0
0
10407199
139993
0
0
69996
559960
0
7268463
70004
69997
0
0
1119856
0
279978
0
0
559960
140034
4
0
0
7833616
0
419976
0
559960
69999
0
0
0
69997
0
69978
0
2239053
4198039
2562
0
0
0
279990
4088
279988
139996
419976
2099592
139996
139996
139996
559966
1329727
69992
0
0
209925
0
0
0
839812
12583798
0
1329688
0
0
0
125332888
3638596
0
1259832
0
3148312
0
25347138
3427403
648789820
0
0
139996
69997
1
209985
1819716
493499
73086646
6
0
0
0
0
0
0
1119856
209976
0
2099520
12775548
139992
1119862
139996
0
139996
2169008
139992
0
0
0
139996
1889205
0
0
0
1259836
0
1855529283
13
0
1
0
0
0
2449325
139996
2202932686
133235620
139990
69995
1539736
0
0
279988
139990
0
0
26388180
2728401
139996
0
0
623955
0
279988
0
979776
2098985
0
10484
1259836
0
419998
139996
3148961
0
139992
0
209989
0
0
1679710
139991
279944
1189850
0
14956888
0
62113174
0
419980
699940
69997
698596
0
1
0
279939
2728401
0
139996
0
273315780
0
0
0
629883
8
0
4198140
5457420
139996
92555550
0
0
0
559960
2099522
26
0
699940
0
0
140001
69997
700008
1679632
0
139996
279988
104285902
70054
0
0
0
139996
9651779
559968
0
69997
0
0
0
5876470
0
0
0
139996
32602112
839916
16880236
139992
9999845
0
139996
69982
0
69995
69992
0
0
0
139990
139996
139994
0
0
0
279988
139978
0
0
0
139996
209877
0
0
0
0
0
139996
0
280148
139996
0
279980
0
209989
13421376
1
69997
0
1119856
94275198
2171094
0
209985
1679688
620542
0
1889331
0
209997
139990
0
0
139996
0
52
0
63283677
1889515
1399780
279988
1259802
69999
210001
0
559880
0
2
0
0
6001
699952
0
3217194
0
699948
209992
7
0
0
839916
91531426
69997
349973
139983
0
0
0
6156040
0
0
0
8455117
0
2159
524
0
75387
139996
0
0
0
0
0
0
0
24
699948
559960
279990
0
279990
1259640
2427833378
69997
0
559968
1329777
0
419976
699940
559960
979896
0
3008725
2378776
0
139956
6780986
0
349979
0
0
209985
559929
1679688
0
0
0
979912
979888
0
2378808
0
1819064
979888
0
0
139996
0
0
0
0
0
0
139996
0
1539412
7
0
0
0
0
0
8594749
139990
2169351
0
419976
0
699940
419976
0
139996
559952
932027714
31
489909
0
0
0
3776234
769869
0
0
139996
0
559960
1430016218
0
209979
28
0
0
0
0
33
2029101
139996
839916
1679376
0
0
0
0
0
148
140657
0
0
69997
0
0
0
69160241
0
0
0
2
279988
0
70027
0
0
139996
139997
0
0
2939083
1539756
0
1959580
0
0
0
10281461
559960
979902
0
69997
0
0
839916
69997
349965
0
15560269
18
44733276
69936
0
713446593
0
559925
699898
209989
2
66323988
0
139996
1399780
0
174301816
69997
419977
839916
706134931
69997
0
0
139996
18
0
0
139996
0
0
0
14677740
2442
0
1
139996
4
349940
1189677
0
10
0
279990
559960
559963
33254
1
139996
0
0
37514740
0
559960
0
139996
0
1
139996
17382867
19699956
6086450
0
3358855
419978
1609245
699950
0
419991
139996
1259820
0
0
139992
1119870
69550
0
3918318
1
0
0
139991
0
0
0
0
34109947
629928
0
0
5732247
12358678
0
0
1119856
0
5526836
69950
0
0
0
909883
0
0
1049829
0
0
0
0
0
6
0
0
0
0
0
55977938
139996
839925
0
0
732114
419976
419976
0
218696
10209340
69997
0
559942
1821736
210059
8114788
72
2308957
2658498
0
3147885
139996
0
6016216
0
1033035
4477888
1469725
139992
0
209994
0
0
0
0
0
0
420013
9233122
2129454756
139996
69970
0
559960
139990
0
0
55287878
0
0
139996
0
533
279988
0
139996
0
85
69960
76394998
10628151
10209340
139996
139996
139996
69997
0
0
3567723
0
0
37
0
279978
2799352
0
0
0
139992
0
70027
979894
0
0
2
0
0
116
0
209985
69997
279988
0
559960
0
279990
699940
0
0
0
0
209989
209982
4615514
0
0
139996
839916
559960
139996
0
10908705
419976
139996
1259809
279988
0
139996
42091002
1679731
4478350
0
3
699860
419910
0
419978
0
0
0
69987
0
77
5037336
0
489907
19421628
279942
4545878
48
839905
139996
0
5736636
0
419980
559960
69992
0
69997
3778488
48197160
69997
1119646
0
69997
0
0
209992
138716
979738
0
0
0
0
69884
0
0
213
69991
0
12164860
0
979888
139996
0
0
0
279988
139996
0
127819023
216504
139987
139996
1539766
0
0
24716988
419940
5876388
0
139992
209986
294684988
69996
0
279988
979888
279988
0
0
1819720
0
126287380
0
209901
0
0
8742470
0
69997
0
0
0
0
209989
0
0
0
0
909889
699912
0
1119711
279990
1679710
0
0
0
419962
70364
0
349975
139996
0
0
0
60930095
0
140039
140191
8462779
139996
349965
0
0
13002516
68946976
559960
279988
139996
0
209997
0
139996
139996
140030
0
0
0
0
0
0
419916
209992
11745720
0
0
2099520
349959
0
349962
1259820
12164688
0
279988
139996
6785831
1679728
406398149
139996
139996
70001
0
0
6729642
0
12
69995
15
335083572
4904809
16491388
699940
2029276
0
9
1
39520453
0
209985
40338956
140266
559960
139996
0
419962
0
279988
0
279988
839874
1188893
139996
419976
69934
53326620
13002516
0
69981
279990
1399812
0
0
3078922
0
0
279988
0
0
0
1679688
8113156
69997
1671432552
349975
209988
0
0
70014
0
69996
559920
0
2309332
70054
1136
559912
0
139953
0
279940
19002462
0
1119916
137181940
139996
629766
3
0
0
839932
0
69996
0
1609
279940
0
0
419977
0
2196
0
58931093
139988
139992
5456880
1399780
0
0
1539736
3918376
199999720
0
0
0
70001
0
69995
139996
349855
2519316
69995
16880468
68235
0
349646
559917
0
0
139996
0
0
69997
0
0
699810
0
0
686375422
5317036
2029072
0
0
0
0
0
139996
209985
419976
2239381
0
69996
278652
629962
2
139996
0
0
0
139996
1122470482
559960
0
420066
210046
78808382
419976
0
0
139996
0
0
419952
0
0
0
0
139996
71642565
0
3778682
0
2939076
419980
3638596
419984
139996
139984
0
0
139996
2099520
139996
0
139996
0
699940
1259664
139996
0
46536220
0
0
139995
792
0
0
419976
13263330
139996
769795
5456402
3079028
0
69997
0
699900
699940
6995094
0
419976
0
0
0
0
559945
0
0
0
209975
0
139992
0
6296258
4335800
139986
1119856
59
0
133239472
16595412
4
0
4
0
0
0
209979
0
0
139996
3
0
139996
3288606
0
209922
90
139995
0
7618317
8671341
8
0
139992
60
23545080
3358846
0
349977
0
3079178
0
0
0
25135208
0
404621896
1
139996
1679688
0
0
0
69977
419682
139992
69997
139992
559922
1607674
14
0
139996
0
699940
419980
0
0
18201096
0
1
909861
0
0
1819636
349974
0
139990
139996
0
21
0
0
1191475345
0
80324610
0
349965
69997
0
69991
0
209992
5177188
0
0
140231
16997654
0
6016004
139989
69995
209979
139996
0
0
7269081
0
2029101
209987
0
139996
0
69995
0
0
139996
8038673
279988
139996
139996
979896
0
0
0
279428
2168727
139984
0
0
2799198
1101009672
167820760
1959628
10
629901
139990
220
0
0
4616026
277944
1
0
279988
1539756
0
699870
0
559960
139988
139996
0
0
0
139990
69993
349965
7897005
0
839919
0
0
0
139996
1259820
0
40
0
349965
0
349984
22
0
69990
1
58267871
48477096
139996
1889973
0
209989
0
279988
0
2239582
279988
0
0
1259848
279840
69997
139996
0
0
0
3079140
2519316
70034
76465544
139996
21442872
0
0
0
1469217
489938
0
0
139970
139996
139996
0
0
419982
0
1328024
0
0
1679670
279958
0
79721
139991
64810276
4195190
0
1889207
279988
0
8316847
0
0
0
0
0
0
0
3
139996
4336545
138856
0
279988
0
0
5
1329599
1841571
0
69997
769866
0
0
139996
0
70003
384
0
279976
101397253
0
629895
349970
29187448
2659202
0
6156524
139996
2
559924
2268
0
0
1260819
699876
20675897
0
0
2518632
1399812
21
0
6016382
0
1469767
279990
0
70007
0
280639
0
699790
0
699880
69093450
279988
419976
0
8
0
1819680
0
0
488451
0
139997
0
0
0
1
139968
0
0
0
0
0
16255944
979908
0
0
419976
0
69996
139996
0
0
559920
2379388
135
3358800
0
18
0
1049697
0
4269107
1049773
559908
69996
0
140748
10
139996
58640049
209982
0
0
0
139990
1539736
69991
138176
46586400
0
20009727
210050
279988
349979
0
1329468
139996
0
419971
209985
0
0
0
279990
349960
279988
139996
0
0
279988
0
209981
0
2099520
0
17298000
279988
0
5
898686
69997
279998
69991
4058416
5663196
2245112154
559958
0
0
69997
69995
0
559912
0
0
0
0
2379388
7337932
7973490
139996
139996
0
0
44940
0
10209340
0
209992
0
0
1539756
0
0
0
139992
2169425
4545773
0
0
209955
37025394
0
139978
139984
2169009
0
0
2
274
3498792
280017
0
0
0
0
0
0
0
0
0
0
0
0
0
0
0
0
1390486
0
0
0
7134696
630017
0
839916
0
56590440
279988
0
0
139984
4544930
0
12285856
70011
0
0
0
6596
139992
0
0
0
0
69987
2379388
0
700068
0
139996
0
0
139996
0
31729
0
1259820
0
419976
139994
2519402
139996
0
559952
116802736
0
770782846
214893
69918
0
0
209982
279988
115530367
0
7795
0
0
769799
0
559968
0
69985
2
209985
2659340
0
629909
279988
11592112
139994
279990
6715296
7833616
5173012
629917
0
15
2099520
30842318
19142188
559952
0
0
1119856
139996
1
0
0
0
2798280
0
1539638
926263036
286526
419966
69970
0
140002
0
86312390
139996
0
419958
90703916
11789736
1119870
0
0
0
80959
3078988
1539736
0
0
139996
0
559818
139996
0
139938
0
69911
0
0
139996
0
1959646
139996
139996
139996
279938
0
0
0
0
559946
139996
139996
0
419976
139996
1399780
419976
69450
0
9790060
69996
0
0
0
5177560
0
0
1259820
1259868
0
0
0
16708337
0
139996
0
139992
0
1399807
0
349910
139996
139995
279916
139930
0
0
0
1259824
1819636
2
1191348391
2309389
209985
0
0
1149361752
279988
0
139996
0
629892
280044
0
979888
0
0
0
1959580
1260096
0
0
19
139996
769905
0
0
0
23471734
1959580
279990
0
69994
0
0
489972
1329603
139996
0
279990
69943
1819636
559960
69986
0
0
0
69997
0
4281
0
2
0
141508
139996
0
0
1539514
0
349983
419980
699952
0
0
139996
0
0
2239456
0
1119696
0
306
629953
69996
0
699941
0
0
0
1469741
139996
139990
0
0
147
0
0
0
419976
0
0
0
0
0
230401980
0
0
0
0
6505884
0
3358800
0
702401920
69984
43761238
0
0
979888
1121190
0
140010
0
629759
0
2519052
0
0
5736556
419976
30423642
139996
1259820
0
0
0
0
0
419962
0
70003
69997
691981488
0
977386
0
0
139996
139996
419973
139996
0
139996
419977
73361376
55263988
139996
979734
139996
9510616
35
419970
0
14118627
139996
1959580
0
0
1679688
0
0
29311380
30286606
1539756
1539642
0
279988
349979
0
0
139996
0
0
0
559960
0
0
0
0
0
2239201
0
0
0
30995262
139996
0
0
0
279988
32610506
0
699940
69996
139996
0
630616
0
209871
0
139992
209992
0
2029431
0
4058260
0
0
0
1399780
3078988
0
0
0
0
139427
6715390
0
0
0
1855909548
1679402
0
1399542
0
1959580
4617756
0
0
0
139996
279915
1119712
139996
0
0
106
69998
0
0
0
420084
0
0
0
0
209985
0
0
139996
19711
1329319
279988
5177328
2239456
0
839916
139992
0
69995
207834
0
0
1190759789
69971
139992
139990
0
0
3638544
69996
0
140020
69997
935944636
0
69996
139996
1329566
0
0
0
349975
0
139982
279988
15166692
0
7408571
0
1539472
0
0
9161284
69997
0
0
0
839904
1060
2
0
0
0
0
0
0
209877
139996
6575488
0
139996
139994
3079222
279988
4617756
0
559920
3777028
139996
139992
2427798796
1259822
279988
279988
0
0
21759041
0
0
17645485
69995
0
0
0
2025003
0
0
419980
1259604
322
0
839916
279988
0
0
139989
0
20
3498832
60521548
139122
0
139996
419976
385
8374414
279984
139990
0
0
3218940
139996
0
2939116
0
0
214
279972
0
1189754
279988
3918376
0
0
0
69992
0
0
2379388
0
0
16396338
0
0
139996
42671206
0
279968
0
1189631
34944246
209988
0
279985
70086
139996
9790060
0
139954
69990
699940
139996
0
0
4477888
1959580
0
139996
2658258
0
0
699833
0
279988
0
769846
419976
0
139995
19
0
139994
139996
419976
139996
36125320
0
0
14
140216
0
0
0
0
978787846
349915
139992
0
0
0
0
0
0
139865
0
0
0
0
0
0
0
0
0
46278
126969040
0
71862
0
0
349121
0
0
279988
0
1914859816
629901
419976
0
0
0
0
31344295
0
2381940540
1102370
0
2239592
0
0
97
34
419944
419742
979874
0
0
139996
0
69997
9
0
0
2939076
839916
0
0
23
0
0
489908
0
139996
139990
0
1049848
0
0
979806
571023700
1119856
0
0
139996
0
63146860
0
1329430
1
0
0
2
1081338660
0
0
0
69999
984970029
0
0
113
0
287392
139996
21793398
0
729816730
0
0
0
139992
0
25592563
699860
1189843
909701
140021
1259820
69995
139992
419976
279988
0
699940
1469475
839832
559966
699948
209982
0
4196514
69988
0
69974
349960
139996
0
0
6780588
0
1259820
0
139996
0
139990
69996
0
0
3358800
139996
0
209989
5871852
138776
839820
629917
139996
6
8244888
0
10699644
0
60806046
0
1399766
0
209981
771653
0
419974
139996
419952
0
279988
6640310
0
0
139992
979888
839932
629958
1959585
279988
0
70011
139945
14957712
0
0
69994
0
209978
559960
5595320
0
0
139996
2
139996
75037
26594749
1399540
38951913
70011
179
279972
0
0
0
0
0
0
0
0
0
0
0
0
2659340
139996
0
1119856
69974
26248937
0
0
0
44964
95430913
139996
419976
0
449838496
70027
66690703
0
139996
0
139996
139996
839919
839917
0
0
0
527363975
69999
38910168
0
0
139996
0
140006
69657
5104306
557770
139992
0
139996
279988
0
0
559962
839926
0
839916
139942
279624
1046640
0
209985
0
139996
0
0
209866
0
139990
4618276
419976
0
208710
0
0
0
1399769
69999
0
70067
0
559765
0
12497243
0
139996
279990
0
839932
0
0
699938
126
279970
139996
209977
139996
0
419980
0
489900
0
0
65
0
69783
0
1259820
1861225567
139996
839916
0
9222711
139996
139996
0
629902
0
0
5456956
0
0
139996
0
0
69997
139988
0
0
434459
3358800
2374959988
0
4477888
0
139996
0
8949552
12
139996
419976
3778434
139996
139996
0
1469614
979776
0
23043724
960480962
0
51387676
769857
839916
36965775
0
52494235
629352
1329618
419976
69991
419976
0
209982
15794236
419976
1679710
1679688
2308909
0
69989
909779
0
279988
0
279972
909805
1959606
5736556
0
139996
0
139994
139994
0
0
0
0
2029203
0
0
16179912
0
0
0
0
0
2379401
839918
69995
0
1399780
139730
1749342
140003
70000
0
0
979888
69997
0
0
349984
559884
0
0
69995
59691060
0
24309124
6012682
139996
0
209985
0
0
839854
28921644
279972
5177188
0
0
419976
769824
2169037
15097015
848685
0
2089270198
1716280
0
69997
12653861
0
699940
0
139996
9161141
932
0
0
1203404844
130384245
3
0
139996
3218896
559960
559836
0
979888
0
1539472
839916
26316726
552
3846744
1592443
5317378
979888
279981
478
210061
0
0
200
979828
139996
1259754
139990
139996
0
559966
279988
0
139996
0
699866
0
349969
1259780
0
0
279988
0
0
0
3778794
69997
139996
0
0
0
0
0
0
154695496
979537780
28900580
0
0
139992
279988
280087
0
419976
0
979874
12723945
0
0
0
279988
0
0
0
0
0
1679688
139996
279988
279968
16777822
0
0
0
0
2379388
559960
72809800
0
139996
1469536
209982
0
0
0
279940
0
11356
139996
279987
3358800
264525
0
0
4618098
702520156
139992
0
1679368
0
10
0
93999276
0
559960
0
0
279988
1119866
0
14548193
0
1679466
0
0
0
0
0
2939076
5596720
0
0
0
1889202
24310006
559961
0
209979
769977
1189688
1259824
0
0
699940
139996
0
0
1399812
69997
279988
0
419976
16636140
139996
139996
0
4338574
979888
209979
489937
0
0
0
0
0
1329601
0
0
0
0
0
0
0
0
0
699850
164958
139996
0
0
0
0
4
0
54569928
0
699940
0
39875836
0
0
0
2519316
419980
0
2659240
69996
559970
208831
0
139996
0
279988
30981868
9
0
139996
0
140308
0
0
0
1119866
0
349965
139996
180692647
69997
279988
22069756
0
0
2799198
4338044
0
6
0
69997
140080
4
139996
0
0
29
419940
559960
0
209927
23881176
0
0
0
0
1959582
279978
279988
0
0
0
0
0
0
0
2099518
139972
69997
0
14
559929
1
0
559960
2201045748
699940
419980
2029563
4757660
0
139996
70002
0
69965
139996
1749133
0
69954
279990
139996
279990
139992
0
0
0
419976
0
4128219
0
0
0
139994
0
139996
69998
139996
38
0
0
0
0
559960
1119856
0
0
19091
839916
22022913
0
3778488
3079030
419953
1194537759
498401473
2238720
0
0
64804756
2378776
0
0
0
419934
139978
0
0
1259820
5901
0
0
0
0
139996
0
0
69986
11047360
0
2519470
419986
419980
0
0
0
153204688
0
63838636
1259848
139996
37231
0
419976
0
0
0
559966
279988
69997
0
0
419976
419976
0
0
139992
2098800
1049730
139998
0
0
2379440
139990
0
4477888
0
2799288
140008
0
0
53150395
0
279988
1329657
0
2938110
406079856
0
0
839832
139992
0
559960
349963
1819646
559966
0
279988
139996
80121624
139996
0
279988
0
22487836
0
0
419976
0
1119886
0
0
0
2248644149
0
6994950
51
0
0
559960
0
279976
146033762
0
210
0
489654
279949
0
0
139996
209989
0
140022
6989874
279988
1119898
559796
1
69997
139996
345534
211838726
12
69992
2588551
0
102
0
0
33763393
0
1119858
1259852
139982
2021439
139992
0
0
5
0
0
0
279990
2458282
104288949
0
0
0
0
769615
0
6435492
0
279988
419949
11466388
279984
419976
9998547
69852
4897548
139996
3988345
96185604
0
0
0
0
0
0
0
489663
69997
222
0
46674880
629993
4894890
4196274
139996
1539750
69997
1
0
349965
2939284
139982
279988
139996
139996
279968
0
0
3218896
0
0
0
0
139996
0
0
9372084
0
139996
0
139996
1118
0
279986
202231
0
419976
1387463296
0
1539736
0
0
0
140004
0
0
1119856
0
0
0
0
419970
139996
0
559960
0
0
0
0
931116120
0
979900
139996
69740
139996
139996
0
0
419976
139996
0
14398980
5264
559978
979678
68320830
0
139990
279988
5177188
0
2819131
1119884
0
0
699864
0
139996
139996
139996
0
69997
0
419982
0
279988
839904
49180890
1539736
0
139994
139996
769857
139996
0
279988
424586
0
1469607
419976
559370
2035757020
0
279988
110469
279988
0
0
978964
699940
37097956
2863753
0
1
139996
0
0
0
202059
534714460
140016
0
0
139996
559920
209990
0
139996
0
0
29870070
0
0
69997
139996
13195530
0
0
0
139994
0
71483
839916
3638596
139996
139996
0
839862
349975
0
8392680
559960
30
0
0
139996
0
69996
12164688
0
69995
0
0
279988
0
139988
0
0
0
139984
0
4
0
0
0
0
69984
0
139996
0
699940
0
0
69996
139996
32440293
0
0
769905
0
0
139996
209989
699940
139992
139996
1539756
0
0
0
209989
139992
839848
69995
419976
1119856
0
0
0
0
209991
0
139922
0
0
279990
699940
3218896
210006
0
0
69994
153
41819400
15281601
209970
1119279
139996
139996
979888
139994
0
559940
0
705558108
69995
349974
0
0
419976
64584785
0
69999
0
1259640
7204735
0
0
121895589
559960
69979
979692
279871
0
0
3
419980
419976
0
840386416
5876388
0
0
699940
0
69995
69994
279988
1679010
839934
2099520
139996
139996
0
3357552
0
3498702
420072
349965
139996
769895
139996
279986
279990
0
209979
0
139997
279988
0
0
0
0
0
210249
139996
839736
0
0
0
419980
69996
0
279988
139995
349949
0
0
279990
139986
139996
0
6
0
0
69996
0
2659240
11469508
769891
419976
37792576
2939034
209979
0
2378742
279988
0
1259860
11171840
0
419976
0
1119782
4617780
279985
139996
46519765
139996
0
40018078
279988
0
27375776
0
979908
0
5876388
5
0
12
139968
419926
139986
0
1819272
0
139996
0
0
419976
69862
33
6715390
0
1412052076
0
0
139992
42806226
0
349965
4260933
419970
0
0
0
0
141260800
69995
139996
0
0
559960
69997
0
4687863
139996
0
0
0
70005
0
139996
0
1399780
72906094
979874
14
209982
0
139996
0
0
139996
209976
0
0
0
0
209992
0
0
0
1259820
0
279988
349972
839932
707595889
0
1819660
0
3287604
923976897
979878
0
279986
279976
69997
139996
0
0
349965
1679693
1399800
0
69997
69997
0
0
70004
0
0
4126403
979888
0
0
34679502
0
139996
69995
1889402
0
2239456
279990
0
0
1399780
0
0
140416
0
0
2379472
1259802
0
0
0
0
95646420
7
0
139992
0
1119856
25831180
2
1188164
0
0
0
4477824
629950
0
129151548
0
279988
69996
0
0
0
0
0
839926
559960
559960
69997
4897480
0
0
0
0
0
84104316
139996
0
139996
0
53
279852
0
2379388
0
39368509
0
699668
839916
1959610
909748
69997
0
0
0
45007503
0
419934
122889192
559752
7694153
279988
1399788
0
0
0
0
69991
139996
0
0
0
559943
2099668
0
839919
1539696
839904
1190178197
17022471
209965
5314294
0
2308812
139990
140043
0
0
69
3918430
0
0
139996
419976
41643510
1539756
139996
139996
69994
99
0
0
0
0
419946
979888
10628296
0
35096
30
0
349979
0
139994
0
4
419976
24020830
0
1399822
0
139996
2727806
0
4892647
1329761
70643
139996
44594560
2308851
0
0
349902
139996
0
839916
0
4615248
1
6855100
69996
70002
0
139996
139996
69999
0
139926
0
0
0
279990
419976
0
0
769824
0
139996
2042863956
0
0
0
0
209985
1469559
0
4058260
0
279981
0
489588
0
0
0
0
0
69997
0
0
0
0
0
0
0
4336703
0
0
0
0
979888
419980
0
0
57203270
419880
0
0
699948
51187537
0
6436242
0
23602540
699940
139996
69332
0
7687576
3778792
69997
2936864
0
2371567
0
1119712
0
559960
629919
0
5737160
1119696
69997
0
10767678
1119856
0
15654688
14959492
69992
3918376
209985
139996
0
139996
0
0
0
15525211
1889217
0
0
0
3483
279988
139998
1819636
139996
0
349951
139996
0
4475648
139996
0
0
4179239
4
0
0
0
1243998149
0
139996
279984
3918216
0
419970
21373780
0
0
0
140131
419972
559953
1259836
10349040
139783
120
279988
139996
0
0
0
69997
139996
0
0
0
18131620
10908004
699855
0
0
0
0
0
0
4617756
0
0
139996
699940
209985
279988
0
0
2659308
0
139996
1259688
559920
0
0
2379388
1259836
0
0
5177260
139996
3702546
629901
139996
1609422
557918
44039656
0
0
1259844
0
559961
0
0
839934
0
139996
279988
0
0
3707869
559960
0
0
0
839860
0
0
0
2478
83770
0
559966
0
69997
0
0
0
27811538
139989
0
349969
0
0
0
15236072
1959676
0
106714898
559938
19798492
0
16352388
2
139996
1799296
139992
0
1539796
1679688
69999
3079030
5037166
349977
53990040
5595581
419980
559960
0
0
0
0
839916
0
135051
0
699970
0
0
0
8602165
2
280141
0
0
419976
489933
0
0
0
0
69997
0
839922
2099520
0
18305416
0
0
0
69994
0
5736747
1259848
0
279990
10547789
139992
13562248
0
1539704
3562860
209985
0
139996
1749350
0
0
0
279976
0
0
1539717
0
139996
209991
0
279967
69997
14539518
139996
0
0
0
0
3288514
139994
139988
19421080
349844
0
0
0
60
0
70003
0
6220032
489931
87954820
0
69997
3913853
0
5876946
1259856
0
0
0
0
1819636
1
279988
0
3498650
42791196
0
123695
0
3778536
6854798
419980
3918376
139994
1
1208526037
979874
139990
559960
246445888
0
0
6
68872
0
1119584
670202019
0
69996
0
349982
0
629915
0
2379388
0
0
4405779
2939076
2939034
1259820
0
0
979888
69987
0
884722
0
69995
4
0
139996
419980
1
699940
56109043
4338016
419976
0
0
69814
139996
167
212025
0
699940
0
0
70001
70014
0
115
0
0
0
4967080
528275
559960
279976
0
0
1749075
209985
0
0
24168897
0
17645231
0
0
699952
0
699940
419952
0
139996
3219136
63482682
279988
12862888
144
0
559966
699940
559968
73498202
0
419976
0
833695
419958
139996
69993
0
6995428
139990
139990
279988
14011599
139996
0
419976
0
419976
279988
0
139996
3498700
91668745
1
0
0
9920656
139736
559944
69997
0
0
0
2659240
0
8036545
6850422
0
0
9625211
192275995
209989
0
139996
209982
0
2589214
2099554
0
0
0
1
0
5106982
559960
69992
4757346
0
189926320
699948
224443
0
279988
279968
139930
279994
0
0
290
0
139999
0
0
139996
0
0
279920
3498700
4056346
0
349967
69997
0
0
69996
560847866
69988
72723
1819716
139996
3778542
0
209823
0
0
0
0
139996
0
0
0
0
4058260
0
1119856
0
0
13888807
419976
0
0
0
139996
0
839916
3218896
0
1539748
0
1399780
0
349900
0
0
0
0
0
18444888
0
2659246
769833
6
0
4058260
0
139996
4058203
69997
2799310
0
12863770
0
699940
951504
69996
5386842
0
0
0
1259596
209985
279988
839916
70016
139996
5315975
979762
0
122401
1609425
3115026
419980
1399602
2379486
0
0
124596
279988
0
0
0
0
623317686
0
279988
139990
0
45288100
839916
608716756
699940
0
0
65528514
139996
0
0
240
0
2029583
0
139996
139996
4338016
0
6
209991
1959162
0
5037336
0
48
0
279988
0
0
0
44
489418
349980
0
139990
1119856
0
0
209653
0
1
0
0
0
1819660
419976
54193779
699702
0
139996
0
0
69997
6476890
209937
2519316
0
28
2799160
0
90
0
63
0
0
559960
0
0
0
0
0
0
0
0
70005
69993
0
7
0
2
0
9292559
209988
139996
69968
0
139996
0
490687
1819716
0
139996
77028
7973388
349979
0
839932
7
0
0
0
139996
0
0
0
139993
0
12
0
0
349945
4965231
139996
2939076
19209259
139996
2406
70034
16
0
0
0
0
1819685
2
16
1329817
0
279984
139996
0
349965
0
699940
23198439
0
419954
13700596
86719992
0
194767198
139996
21
69996
839916
73487
839916
0
0
13421558
69996
139990
0
139992
69936
769895
0
1539736
0
0
70008
45974373
0
139996
0
139996
0
0
489790
0
0
139996
419980
139996
559960
140001
0
139996
0
699940
349949
0
0
0
139992
70042
0
979912
1609446
0
0
1399560
13
279988
0
11715224
0
0
1399798
0
0
0
0
279970
69989
419980
0
0
0
0
0
0
11466388
0
0
0
139996
1208835208
69996
0
0
0
1819636
0
15794236
18
139996
6435586
0
69997
0
0
279976
839917
0
209989
139996
4
3357504
0
699940
52079500
1259829
279988
1399780
699940
0
57129523
93861988
0
279964
0
2019482860
0
0
0
0
0
419981
419976
1819636
6086181
0
419976
209985
0
0
12497258
0
139996
0
2798000
769865
0
139994
3567636
1185462883
0
0
139996
0
0
0
0
139992
0
3
0
559960
2
12079383
979912
145833
0
0
0
0
0
419976
3778506
1609425
8394478
139990
489930
0
1115520
139908
139996
0
70287
279989
6645505
4478042
4338478
279976
3
699876
4058260
6435676
279990
0
555471
69981
0
0
0
4266096
0
0
769934
0
2
699942
1539530
419976
0
419976
0
3497450
64805686
0
0
139992
0
0
69973
29507
0
0
419952
279988
1251704140
0
70005
0
0
0
1189692
1
9930360
0
209989
69980
69993
0
139996
209982
0
2799160
0
41264516
0
1609718
559966
0
0
69991
139996
0
209985
139996
0
0
0
6
1399822
349802
0
3638334
0
0
33789708
0
0
0
0
2939116
139996
0
699940
69997
139992
0
0
1
0
8164143
0
315
0
0
0
0
0
139994
0
139996
139996
864934341
69997
69991
69994
0
0
0
559960
42115481
139996
0
33506232
139992
0
0
139996
0
279990
0
0
839926
0
4475839
139996
419980
185893366
419976
419980
699941
139988
1119857
139996
0
979888
0
0
279988
979888
0
559960
2
839916
0
0
139992
0
279988
0
139994
0
0
1959580
139996
139992
2867615
139990
0
0
0
0
0
1819716
70003
0
3298665
629929
2
0
0
0
1609425
0
0
0
608116891
2939052
0
0
349934
9510616
0
8462204
1
3007936
0
0
69996
839916
51780444
0
5
4478001
285736531
699880
69770
629943
769857
0
0
0
979946
279975
31
0
0
2
2939076
0
419971
0
279988
629917
0
0
0
139996
69995
0
0
279988
279990
69996
139982
139996
139996
31598595
200801690
0
0
699940
0
0
11324772
0
279981
0
0
70003
139996
0
0
69985
559948
13282021
230467308
0
2379388
559960
209619
1679688
0
623402006
0
0
69989
70009
0
2588587
699940
1302
0
0
0
0
209986
10907830
139996
0
93725748
1259860
0
0
6151740
0
0
0
3638544
0
2518632
4617820
2308896
139994
1
0
0
0
139994
0
2355826
0
279988
69996
279960
113736780
7344328
0
5736556
0
419976
0
0
0
959246
11326193
0
0
69981
0
0
1749300
0
0
93038178
2
0
0
69997
0
4618133
69996
3077666
0
2939076
0
69997
0
979888
417300
281924
1049750
0
1
0
69997
62940856
13002516
0
140766910
139992
209982
699952
10548182
0
1259820
0
489946
0
0
7833616
139996
0
210018
559966
0
0
0
629911
559960
139994
629661
0
44318874
69995
1119712
0
139996
2939076
0
4
0
419976
0
0
349963
93
279990
279988
0
0
0
279988
209983
349957
15960842
209985
0
2239456
250657682
139996
139996
0
4477888
139996
0
0
0
559925
0
4338016
139994
0
0
0
0
13684
0
0
54775502
0
6575488
0
349935
10767988
0
0
349970
0
0
12080292
0
139996
839916
139996
139992
7693840
1
0
419980
3078988
139996
0
21
839919
69961
3067565
5876692
70002
139994
0
209992
0
279988
17189488
27919998
139996
0
69997
69995
0
629892
8036664
139996
1189848
140106
1609689
0
0
2728712
69996
209982
0
909662
0
0
7833726
69972
0
279988
0
0
2659274
832587
420
1259820
0
279988
0
3427515
140011
139996
0
2729205
2519316
101962458
139996
2379388
139996
0
23886154
5317036
0
139996
172
559960
490056
0
0
3218896
0
0
0
0
0
279988
0
1399780
24099923
0
0
994
0
1207220771
0
1
0
139996
0
559920
0
1191539259
68550928
0
0
0
209985
0
0
0
0
0
30426228
1539736
1119856
0
0
0
0
1539772
0
0
2939212
69997
559960
839712
0
756657
0
0
0
69833
0
69996
0
0
210007
587017536
279988
0
2938163
0
9370908
0
0
2239456
0
70076
0
0
139996
559949
70
60852321
6570976
3778488
0
0
1119856
215
0
139992
559966
1399780
20
0
800398693
0
0
0
559968
5597358
0
0
0
698
0
0
1
140020
2308783
1119680
14178797
279993
0
279982
0
4338111
0
0
559960
0
0
1399780
0
115768500
563
0
0
0
489909
0
0
0
0
4126832
30424516
699892
419976
0
0
0
0
0
0
0
0
69999
0
1259837
0
279988
979888
1399760
349905
644
629892
139996
0
139852
209985
0
0
279988
950108320
0
0
8
139996
0
6
0
69997
559960
979891
0
139996
0
139994
140032
0
0
0
139996
0
839926
209973
419970
2251667440
419962
33
0
2379476
0
139977
0
3077976
0
419940
0
69997
0
0
839916
69995
139996
1049700
0
699948
419982
0
699922
1119822
0
0
209989
139992
209989
279988
0
0
419976
0
0
139992
139996
0
1959048
559960
0
0
10767988
0
0
0
209985
251568
909643
0
909805
0
1399642
350070
0
1959628
1679746
0
279988
3330
14248731
69997
1259838
1679532
0
69965
349983
580
139996
3778488
0
419980
419898
2308812
0
699952
0
139996
0
419976
0
1049880
372
0
16849339
139996
419976
0
509441
0
132215
0
4198140
0
209985
0
0
699948
0
70002
0
0
139996
629919
1959680
6575488
279539
246047560
0
0
0
0
2
604460982
1609122
2432453018
209974
0
139996
69990
909805
349965
70027
1959638
559960
0
839918
3636164
4
1
0
0
69932
0
0
0
0
6994900
0
36264280
5037406
69960
139994
139992
4
0
7414288
139992
139396
0
0
209949
559960
0
0
0
69995
0
0
0
0
139994
0
3078944
489930
139996
0
139996
139996
139996
139990
839932
0
139996
229103952
0
0
0
139996
279988
489882
0
24577696
210002
0
139992
209971
0
9790062
279988
979900
0
1679746
139996
0
0
0
140090
59551920
0
0
0
909909
0
699940
349395
1206642147
111128776
3218896
139996
0
0
0
0
139996
139992
0
139996
209979
769857
0
0
1819420
0
0
0
8393037
512
279980
139992
559960
69797
3079180
0
0
69996
0
279988
18445408
0
33
0
0
0
1819377
0
0
419832
0
0
0
699940
0
139996
0
0
0
1115518
11799421
0
2099554
139996
0
0
0
0
8740583
1200318739
0
0
92351556
4102835
1189715
279988
349969
1539497
0
0
0
69997
0
0
0
0
0
419976
139996
20
0
15096759
0
0
0
3218896
0
0
2652
34
0
0
0
0
0
0
0
69907
0
0
0
559966
0
0
0
209927
3218896
2729243
0
1119856
0
279976
559970
0
419980
0
18300486
14263902
139996
139996
0
0
10070032
0
0
419976
270807856
0
279988
0
559960
769835
419976
0
279988
419982
559960
69982
209555
0
0
349975
0
0
139982
0
1679736
22209120
279988
0
0
1399796
0
839924
0
69996
0
699940
0
1259525
2798398
0
0
419980
69997
0
0
699940
699952
209973
279988
0
0
0
69996
0
0
0
1180933312
0
0
0
69912
0
10209340
839904
2239428
979918
489949
0
139996
3916696
4617756
3918640
0
209973
0
1539570
0
139996
139996
1119856
0
0
17681433
0
139992
0
0
139980
0
13979800
70207
0
0
79784401
0
140328
139992
0
101713344
0
0
839926
699790
1399780
1259866
139530
0
1119856
419980
6575488
13840200
0
24673325
69984
769935
6855290
0
699940
0
0
0
419976
0
70041
139996
0
0
139996
0
0
349965
419976
12026296
29451710
44872630
69997
559960
0
69999
279988
8
15794236
7975306
0
8
30909
0
2395399330
0
0
139996
1959580
2099520
0
1399780
0
139947
0
3778488
0
11925195
0
0
1259868
1122319695
279986
0
0
0
0
0
0
0
839808
0
210775
0
139996
22348798
140008
46995570
1679688
128740888
419976
139992
0
6575908
139996
0
10656
0
139996
0
0
0
1679357
0
0
139996
2
0
0
60993
629908
2029534
699948
0
279962
69994
0
279988
0
5244801
70087
0
0
839926
0
0
559960
4478270
4338076
1539792
0
0
15376012
0
0
1847919700
0
839777
0
3706608
209997
140000
0
139996
0
139996
0
629944
57681944
3638596
699941
279978
0
0
5456116
0
0
1609405
2519342
279976
69999
424680
32790239
0
1049745
0
419976
0
6
279988
419862
909862
0
69995
27641216
0
69990
0
839928
0
6
0
0
140024
69997
69997
1119624
69996
279999
139996
0
227
0
0
0
1399836
8663136
699876
279964
1819636
0
2
0
69996
0
69997
0
0
0
0
349950
419980
0
419982
40334693
0
419976
559960
1259820
102
0
489961
69996
0
699940
489967
0
559960
0
2035699456
1679378
13262950
0
116870260
0
0
139994
69999
1399632
489657
139996
0
1
69997
22875
17621471
2099178
0
209986
629776
0
0
139990
0
279988
3
0
0
0
139991
0
0
66
7268951
559960
0
0
0
0
2729191
646316350
139994
419958
0
1748872
4472192
0
8
0
0
2379388
133097552
0
6
0
40638
279986
0
139996
139992
419976
0
0
0
0
419976
1609402
0
139996
0
0
15698700
1399822
0
279985
70150
67262154
69995
22
69997
0
839922
0
489943
0
559962
0
0
279984
0
0
0
7973388
0
27713748
24
139930
0
419966
139996
4405905
0
0
0
0
25772453
0
839876
139996
1679760
69997
0
1399780
1189643
1329725
0
0
0
4545450
69993
69992
27672211
69997
139950
0
350004
0
0
419903
131
139996
629829
419976
0
69993
7833616
0
0
6016216
979888
0
209985
0
279978
0
15998
769791
1889217
139996
419976
0
0
559960
139996
0
419972
139996
1119856
70007
419976
0
419976
0
0
59829340
3218896
2448769
839932
19284886
979762
0
0
279976
0
0
559954
279976
69997
139996
83413390
0
419976
139996
3358833
0
559960
0
65526552
1119856
0
4534
0
208659
8392680
69999
139996
1119880
979868
0
8
140024
270675820
0
839916
209991
1119856
559960
2
1959580
139972
0
1259860
139996
0
0
279988
279988
10069488
69999
279988
699940
0
0
0
1539736
139996
0
72810846
0
1119786
69997
0
839926
0
10767988
0
0
0
139996
979908
0
979880
1
0
69997
0
4757686
0
69996
419911
979888
0
1119696
559910
0
3358800
699952
0
0
279990
559960
0
12
0
0
1679688
0
628252
70033
0
0
0
0
16073320
0
0
30007268
0
0
0
7129392
0
70035
419980
171280938
139996
139704
4897938
0
0
139996
0
17050230
0
75429216
0
0
0
0
0
559960
0
0
0
0
70017
0
139996
204
0
0
209745
0
0
0
0
0
139988
139996
699940
0
0
0
139996
2939076
0
209995
45900432
2361830461
69997
1
349965
0
0
0
559966
559960
1119856
0
0
139996
139996
40
559960
8660284
839796
0
0
349965
70017
209975
139996
1539736
0
0
6435852
6361446
559960
139996
0
69997
916875837
139996
67368392
0
0
0
0
0
0
249440740
2
699903
279988
0
16136974
139996
162105
3778716
1
128
419976
769906
11
279988
699952
0
70053
139994
0
13979818
2239486
489957
139996
279988
2239534
0
0
0
0
420
0
0
139996
2939119
0
69960
909671
157812212
0
0
1679688
0
0
1049782
0
279988
0
0
0
0
0
24
139996
0
279993
0
1049670
0
0
1404280
0
559920
699948
58235532
35152721
0
0
69996
0
0
0
489909
0
139996
0
419976
1819636
69997
15628704
0
69981
209986
0
279988
0
69997
0
0
209985
23045220
0
3011783
0
9791932
0
0
0
210234
4
1539784
0
0
5037406
2
0
419969
769781
139992
44178388
0
2967036
0
348715
559960
1119856
0
488593
18
139996
4477888
0
69085980
0
0
0
0
0
6575488
769882
4615966
10488600
2465183
839916
0
0
0
1539488
0
0
0
0
6573346
0
139996
139996
78
0
0
0
0
70392
6365765
2
44637939
6016216
8951582
14119396
0
0
30733586
629943
1259836
69996
1679758
0
0
16
0
139996
1819272
0
13980758
0
0
0
1259820
0
0
69996
559934
0
979872
0
1259604
69997
2868161
279972
839926
1819636
139996
0
0
279988
0
139996
0
0
1399780
0
1328439
0
25570100
0
419958
349967
139996
279988
3401388
0
3846865
231284117
559896
0
139992
12979638
14
139974
3357600
10907676
0
15
69997
323784660
0
4
1329487
0
559968
36264280
33763348
0
69966
0
69997
0
69996
0
42652726
20553
139996
0
139996
0
0
0
2868437
9093504
330
349971
0
0
209837
559960
46930985
139996
8
69997
0
3079068
0
0
0
139988
0
419980
1679688
0
419980
0
69989
279988
1870
279988
0
140006
0
0
139996
0
0
9662
0
27
0
0
279988
0
0
279988
0
0
685854477
0
139996
0
0
839316
0
140005
1469771
139995
69999
419974
0
1819636
0
0
139996
699943
29173048
12636877
165898
0
69995
0
69962
0
0
0
69999
0
140000
139996
209986
0
162280
0
1748959
139996
139996
28400056
2659240
0
0
1399780
139996
139988
0
209992
279988
0
0
1749616
0
979888
139996
289
69483
3988444
40
0
0
0
138
629939
0
0
1189705
0
2729161
0
0
1
627266
0
69995
0
0
0
279988
30285810
69997
2169376
279988
1609469
279976
0
0
0
0
0
2519331
139996
839870
139996
0
140022
0
419976
0
2169249
2426275293
419976
0
0
1539646
139996
0
279988
2029565
0
139996
0
0
0
839850
1049730
0
64942888
3427191
0
0
0
0
0
54760030
0
0
139996
139996
69920
0
0
0
4757620
140006
0
139990
209973
0
909795
0
209703
0
768197
69986
0
0
0
0
0
1
0
489965
139996
979888
0
63752533
19034652
279990
3638697
139996
0
0
279984
139996
69202828
1399776
139996
0
50
209973
0
0
839916
0
419976
3
419900
69996
2239356
0
0
839916
69995
0
139992
139996
102917382
5596720
279988
0
3358800
36
0
139996
139996
0
21094096
279988
4685042
0
0
139996
0
140032
0
14119396
0
559960
10070638
139996
5736556
279976
0
12025036
6291720
139996
3217826
1399812
1
0
3287639
0
0
0
0
0
139996
231054772
69996
16
0
1
350041
559896
2869305
1259646
4
0
157161
5736556
0
0
70714
0
279988
0
139996
1195829399
1679404
0
0
0
0
69996
0
77358932
1189677
13979800
70095
0
909865
9
419952
209993
0
486
0
21047588
0
2939076
70899
0
3218027
1469722
4123707
979893
769586
4196100
699940
0
0
1399798
0
34128426
14956888
2238912
139996
3218896
69996
0
0
1539690
0
0
139988
0
0
297
0
419980
839906
279978
69997
139996
2939116
0
419976
0
0
139989
69995
279972
0
0
0
69994
0
396966
13002516
0
0
9231024
0
139994
38917397
4897480
0
3847470
0
139992
0
0
60797188
4477950
0
0
139996
559944
0
139992
699657
0
0
0
559966
2099548
398024140
0
489923
0
2416451070
0
0
1259820
0
699930
0
0
0
0
0
0
0
139994
209989
279988
0
629932
0
289169
69996
69996
1748064593
1255811
0
139996
559926
0
839916
0
279978
0
0
0
0
0
4338016
0
139996
0
0
629653
10645339
0
0
0
139996
0
0
0
0
839916
0
0
0
13400
139996
25652
140012
0
5034605
279988
0
1614545
539695516
0
3267291
1
0
103970448
279988
139996
489706
0
139996
839926
839919
0
1399540
25
207272
0
0
3
0
0
979888
0
5876388
139996
0
1
0
0
16
370
0
559960
1053406
0
559941
139996
0
10069488
139996
1329655
139986
0
0
0
0
1749326
279996
279988
0
0
0
0
139996
419980
211490
0
210007
559920
2099050
0
1539772
279988
56384961
0
0
0
139986
0
302792
279982
699943
280006
13698918
0
0
0
0
139984
51868919
0
0
69997
4475776
70152
41125360
0
1819262
185505600
139996
0
699589
69997
69996
0
0
69985
979773
6295635
0
0
0
0
69992
69997
0
139992
0
6016380
0
0
139964
349525
0
0
0
5037662
139996
139996
139990
139994
0
4
0
0
0
0
419974
0
8
0
0
839916
0
419792
3077644
3
9371392
279988
279982
0
13
0
0
139996
0
139996
1049880
559926
0
0
139996
139996
1190335
0
484125193
209990
6994900
6715296
34894872
0
699952
139982
0
69995
0
23199269
0
54804024
13979800
0
0
209989
0
839842
9431638
0
0
0
3149124
0
139994
0
209919
979900
0
69991
18231163
0
0
0
14102
69997
13281948
419976
585
699870
1399780
6575159
0
140031
0
559884
0
0
0
0
0
0
3638646
139996
0
139996
559929
0
2447906
209805
0
0
0
0
0
279990
4477888
209982
0
5400429
0
139990
0
349968
0
139995
70223
839916
0
139996
69997
0
69996
0
0
0
210298
0
0
139996
0
4266963
0
0
69997
157431
0
769846
139996
0
0
0
139996
629925
559960
139972
0
0
349982
279988
0
699940
0
9231220
0
0
559936
0
104482168
139996
279948
6994388
0
0
0
0
209973
0
139996
706190472
12115931
16909756
279988
11186880
40670766
15
419952
0
2939144
839916
1679766
69983
366
1819688
0
0
0
69852
0
489946
139996
0
0
0
1959628
0
0
279988
30
559961
0
139996
677
73710
0
3778822
349972
139996
419976
0
979888
0
909703
0
769895
6924901
1539650
0
2280337060
1329740
6501072
1329663
0
9510616
559960
139996
69996
1539774
6296742
139996
0
0
12164512
2099193
139996
699942
69995
2
0
0
0
279988
69997
139996
0
139996
0
0
139996
0
279988
2098770
279988
5177260
0
839916
0
559960
979888
0
769857
419976
279988
0
0
0
0
139956
0
0
1259696
489937
2099520
0
8
1
0
0
0
279988
0
0
0
69997
18
5037618
139996
0
0
4897443
139996
0
0
419976
0
180
279988
139980
559960
0
139992
0
69996
0
0
9919410
0
419976
419976
5107367
0
1259848
26387861
0
2346618
0
1036318
69997
0
2099472
0
69997
279988
0
769907
0
0
7833616
0
0
419976
559960
4
279988
0
0
0
139996
0
0
0
0
0
139996
839760
4
3078988
0
0
0
278729276
209992
349977
0
349955
235453
769827
139996
0
140008
0
0
224884660
139996
279988
0
1259832
1609527
0
629892
0
0
0
12446797
279988
349977
279990
0
2940
1985965706
0
419976
3357532
419980
256793548
69997
0
279988
0
3
419980
210938
1259820
19699956
0
0
4966157
1119870
0
53810847
0
55885353
8253036
0
4617880
698664
1
0
1609720
0
0
559960
69997
979888
419976
1189841
18026460
0
3778488
0
0
1539472
11801411
2448399
0
139996
139996
0
839796
0
0
0
0
2186188978
1196308583
3637264
419962
0
0
69997
4617994
0
2939076
0
0
1329582
69996
277
139996
2379388
629916
0
0
139996
0
0
3008967
29728836
10907676
0
0
0
419970
0
0
2099530
0
69941
47199449
0
0
559947
139996
3918376
0
1189510
1259835
0
1259820
0
0
1119856
139990
69997
839916
0
0
559960
279988
979888
16
0
209985
419949
419982
139996
69997
840381
1189654
139996
3217746
18864072
0
0
1455149096
0
0
0
0
139996
3
1399798
0
0
6715201
2099548
127259
2797987
1161601796
139996
489937
2519316
0
0
209961
69995
0
2379420
139986
349978
0
279988
0
469072450
279988
139996
1819636
0
139994
0
0
902
0
209782888
905273
13002516
490800
139996
1679688
0
0
0
0
419976
5104799
28337176
0
419962
0
0
419694
9790060
0
909805
1539736
139996
3990
1
0
9567069
209989
0
0
0
0
0
139996
0
839916
839932
0
69993
209985
158645
0
629917
2379418
559960
0
0
12723256
210031
70129
0
0
139996
279988
0
1959580
0
139996
69997
6
0
139992
0
909818
0
209985
0
25691920
0
0
1959236
69950
0
0
971859168
22511181
37781888
0
3286515
279924
0
0
209644
139996
4824407
2
69999
0
4478006
1329695
139996
0
69997
0
0
0
699940
139996
116
5876982
180572846
979888
139996
0
279974
0
0
0
349930
3079102
0
209982
0
220077409
1855942956
141628
0
20118240
0
1889493
279976
0
0
139996
0
64780158
0
139996
0
69997
0
0
0
2799160
426
279990
0
0
5034672
279988
0
279988
6222601
489937
9650340
3358800
209985
0
979832
419952
0
418743
279988
349972
139996
1539530
559938
0
209988
839916
1467023
0
1119112
419976
0
140017
139996
112086180
1259848
139996
1819142
419976
0
3
0
419976
487210104
0
1679688
699940
69997
0
139996
0
139996
0
279972
0
8666646
69997
0
139996
0
0
0
69990
0
0
67851525
2308515
1049745
419766
139996
1
0
0
145
69934
1119664
629943
0
64
279972
0
69996
0
833877
0
0
69987
393
0
8245250
0
159706480
0
1
140040
0
0
0
0
12025336
0
0
0
839916
1958544
69997
349955
139992
839932
0
1539805
0
139996
0
69997
51266613
0
0
1259458
0
0
0
0
1841727934
0
0
139996
0
0
559960
0
0
139996
0
0
279988
0
0
0
139996
0
0
0
18
0
0
0
33345756
279674
8672188
209992
0
209982
0
69986
6156040
106201888
139994
0
209880
279988
1119654
0
139996
1329814
10129288
350352
1379035190
69997
139996
17049744
0
0
0
1119856
2519380
69997
0
419976
3918722
279980
0
0
559960
13608871
0
5
0
4757860
140178
0
52148137
0
0
279988
0
0
1259820
13
559960
0
0
698948
0
839902
0
10
0
0
0
139996
139996
559944
0
839892
68420
0
0
2939152
0
0
20
0
769912
139996
0
0
0
0
0
0
1959607
279972
0
3918376
0
139990
0
0
979892
0
52837336
0
0
0
0
419980
279988
4
0
2099520
0
0
0
0
1259820
0
7133508
0
559960
139990
419976
69972
0
0
69981
5736636
0
397
0
0
0
1679688
489938
50417188
0
139996
18
21233790
69967
0
2099499
2519316
0
0
279993
0
0
0
279964
0
139996
1819636
0
0
139996
209973
139996
0
0
279988
0
139995
1399780
419971
699918
280041
1679688
559960
0
279988
9780120
0
0
3358888
139988
0
0
209766
349971
0
139996
139996
1259860
351
0
1119856
139996
327995
0
1887677
839916
0
419976
490002
0
139996
0
2239456
0
1679710
0
629929
0
209968
0
2029273
1049878
70000
4617756
4477888
139996
33484320
139992
69995
839905
0
70008
5876541
0
279940
0
0
139992
0
0
46
629881
279988
44871988
0
3498716
0
0
6575488
699940
0
69996
0
279914
0
279988
3149213
69988
0
14404004
0
103695348
0
0
0
12396
42
279964
69996
0
139974
0
839932
139994
0
139996
559968
69996
0
202014646
0
0
0
279988
0
1749144
768617
0
0
0
699940
0
13979800
0
0
0
0
2587667
839932
979810
699899
279988
1259640
450
128
1
0
3
0
489603
559960
0
14377768
0
125196516
2428589956
139996
839916
2114169334
1317321
139996
0
139994
0
0
69997
0
0
559959
0
419977
0
0
0
0
0
0
7203484
0
1259822
349825
0
0
0
1539761
0
0
0
0
279988
0
70328
0
139996
0
1119840
0
3638772
2099520
0
0
209970
0
0
349965
0
0
839892
0
1469658
0
20
0
69958
279974
0
0
139996
0
69972
139996
0
279988
0
0
10628296
419976
419978
139994
45149400
559960
769811
15096412
419980
139992
1819636
139996
1259820
0
2238912
60
139996
0
69997
0
0
0
0
114145179
0
6156042
210309
1103
16490867
0
3358800
139990
3218896
0
419976
69993
0
5456956
279990
139994
0
2185753394
2099574
979735
69995
31954660
629667
0
139900
3219136
0
1189433
0
0
0
419977
2
139996
0
260743
0
0
0
6
0
1259848
139996
88092902
490
26050146
0
0
139996
3218944
279819
256918464
5
0
41402988
0
0
0
0
559960
0
419932
0
139992
279986
139996
126832716
0
6156488
47646070
0
0
104
0
0
411616074
0
0
279987
699948
7554060
24856980
0
0
6155616
80460656
0
1469763
2939076
240720
209958
139996
0
0
0
0
69940
279988
200673400
139994
0
18305416
0
5876424
0
3
0
0
4334182
419980
16
699940
0
0
139988
1819646
839926
0
0
32791380
139992
0
0
560879410
31259200
0
0
30
2239459
0
419978
0
419962
0
0
0
0
0
39704808
0
0
908426
419976
0
0
0
0
0
2169311
0
0
0
0
0
0
0
0
69987
1119712
0
139996
22209120
0
279990
0
979888
0
1959548
139996
0
9434188
0
419976
0
0
209899
0
0
0
0
2378156
0
0
419976
69996
2659308
0
7129392
0
0
0
139996
559968
1539736
3
0
769857
138728
12862888
279948
0
139996
0
0
0
2939191
699932
839926
0
69989
2379388
0
0
0
1469516
0
0
979900
0
1119856
2
5317036
699940
0
306313588
139996
0
0
0
0
279988
979762
0
0
139996
350093
8384400
629874
139996
0
419976
2
9
1679728
0
0
1182112
839916
3497300
37509444
0
31229751
0
419982
139996
1119856
0
1259850
139996
0
419976
419962
0
279988
69993
769870
629856
0
1259556
69995
839916
0
21
139996
69996
0
0
139992
139996
0
0
420010
139996
839907
839832
1679263
70112
2099548
419949
0
217
3358800
3009082
0
2519316
1469586
140013
1
209985
1856705368
139996
827908338
0
0
0
1679710
6477
0
0
139996
979811
0
1728311
0
0
37657828
559967
0
909765
0
0
0
24029255
1119856
0
139996
139987
0
279988
4
5
0
12021495
0
0
0
0
139996
9440617
70002
279988
139996
0
0
0
20
139996
2
139996
278265
139996
839920
699935
139996
489947
5597488
0
0
2
0
0
0
24368229
0
1539726
0
0
139996
69943
4618336
209989
0
4058368
0
0
699870
0
0
0
10059116
1819636
139996
0
209985
2
0
0
0
0
6
69997
2098980
279956
0
0
96811411
0
3498700
1910992720
0
139996
6435676
139996
2659420
0
0
8742130
839916
1049763
2
0
0
1119856
0
23198112
1
0
12027212
1959698
0
606176460
839796
0
139996
0
1609630
139996
40530
0
0
102535518
4058316
139997
559966
1539772
0
0
0
209988
139996
489890
0
0
0
0
1189690
839916
5593440
77
0
0
0
909907
7973388
69995
0
0
419878
0
349968
419976
0
559960
0
0
69991
69995
139996
0
0
0
0
139996
0
349974
139988
11745720
2
69996
69992
139996
699880
122
0
69993
139958
0
8253360
0
0
98666110
2658480
70013
0
0
139994
139996
139978
280649
16492150
839728
0
0
0
70001
909805
10770928
0
0
349925
279990
0
0
70050
139996
1198384219
279988
0
0
11115487
0
0
629949
0
0
0
0
139996
349885
0
419976
0
979888
2
279988
0
0
419976
419976
69991
279988
139996
1539756
1191965753
0
487461
0
559966
3779108
6016216
0
0
0
209976
279976
0
69997
1
211926
0
0
489930
139992
2309356
0
0
3846712
70029
69995
0
5177188
1200288945
0
69972
139738
1539495
1
0
0
0
0
0
0
0
0
36395482
0
0
489700
209985
0
139996
0
979888
139992
909848
0
139996
1329781
0
0
0
559960
1679742
0
908016
1259640
2099560
338240
1539569
139990
419976
0
0
279990
839916
0
0
0
0
0
69973
0
0
0
0
0
209981
0
420052
69997
629901
839926
419976
489918
1119740
69995
0
1539736
1889344
0
0
0
0
0
2
139996
0
139985
220
1539756
0
1679710
800
0
0
5317782
0
139996
419962
2519316
0
0
1119856
419979
139996
279976
15793787
346175
0
0
6
14817316
0
30563640
3918480
0
0
0
1933536616
283589
0
0
0
0
0
139996
128
1049739
0
5037336
0
2371115988
0
279972
28197988
979776
0
0
139996
79699900
139996
0
45627042
0
23981233
0
0
0
0
0
0
285682
0
4198140
0
4
65
0
452466
9789841
0
839878
78
979762
0
279988
5037406
0
0
909871
699880
839466
0
419976
0
1119845
69984
3498700
349960
419928
0
139996
7972992
9370888
1
0
1
8734516
82576328
0
139996
1049745
0
909700
0
7694512
69995
419980
29
699952
1399766
2098830
1819660
942101388
0
139996
0
2169540
3777534
0
0
419940
0
349429
0
139996
279988
0
489916
209997
2239456
1119244
139990
69988
0
0
559953
0
12304680
69913
279988
139992
139996
0
0
0
16
139988
0
559960
8
0
139899
0
139996
0
0
0
139996
139990
0
29798537
0
74
0
350395
1119856
279988
0
419976
139990
209985
1
0
279968
559961
69997
0
149614
209983
0
69985
279972
0
699898
468672507
35507340
668024252
0
0
70001
14
0
316658110
1259666
69999
6082119
279988
0
0
489376
139996
909705
419980
0
139996
0
209980
699940
349955
0
139922
0
13200588
0
0
699948
279976
0
69994
0
52
349981
5456880
290436520
279988
0
169573651
2
139996
0
279988
0
559966
0
0
0
0
559952
699940
139996
0
979888
1679688
69977
139996
14
0
69997
0
252386350
20
8
0
699940
3078988
0
1399560
278575
0
0
0
0
419970
0
139996
139992
420018
3218896
0
279988
139986
0
35708920
0
0
140258
979908
0
0
0
419976
0
1259832
1259820
419982
139996
0
769863
14
0
2939212
0
0
0
0
0
16003886
29472112
0
74
0
699940
16491916
1439691264
0
139996
139996
0
0
219815100
21999920
7833725
0
2449246
3918376
1
419976
139996
92006881
209985
629667
0
0
70009
0
909966
979900
0
0
139996
8873363
0
139996
0
69997
388482
917318
0
70283
419976
0
158515665
139996
0
0
489965
0
139996
490745772
349901
0
183442563
65081016
12
1536940
0
559960
909854
0
938884
139990
69956
69997
0
1679688
69997
0
10767988
0
0
3428703
0
139996
908388
349960
0
279784
839926
0
139996
0
69997
1
0
139996
349959
0
209986
0
404
0
419976
2798483
70479
69973
303261120
0
69996
0
839832
1539848
279973
0
0
139996
139996
0
0
559920
1119064
0
1119712
9510616
3778488
0
0
0
24
0
0
0
559962
0
629766
139996
49
559920
0
559964
0
0
1819708
1399780
0
0
0
0
0
699954
0
0
0
699940
419976
419980
0
1380
0
1
60196
0
0
0
69996
0
0
221958206
0
139987
10198392
0
209977
8953160
70429593
0
0
979888
0
0
1119870
140090
419976
489937
0
0
69997
139996
0
0
139996
0
0
0
0
0
139992
139996
489937
22662
69997
60265416
139996
279932
0
139996
0
0
559960
0
0
279988
279988
419958
853142
139996
0
0
0
7694231
11047360
0
18449872
69997
0
629937
69121968
0
419976
0
0
0
2249349580
559955
0
0
6156040
11593402
0
8
441
419976
139996
282638
9
0
0
140087
69997
699794
0
1208358275
699958
1259827
141321
139996
349981
17887261
9159148
0
0
559912
0
0
2659214
0
7761357
3918754
0
139996
139996
1119696
0
69996
0
419976
1904
0
0
8526575
489930
279988
0
139996
0
699940
0
0
0
0
419976
8104256
0
69999
210357
279988
6715330
0
5317036
3498695
0
48756633
279988
0
139996
210027
0
0
909874
558136
979908
0
42
2359965167
0
139999
0
3499004
5736310
14794632
0
1259820
0
0
0
0
2099122
839902
279988
0
26527798
139996
3988465
69745
0
0
24020488
489908
139988
3567357
0
139996
0
0
0
0
0
0
139994
139996
419976
699940
0
0
1101102013
0
276164
69986
104214
0
419977
139996
8
0
0
139996
0
69995
1539736
0
69997
0
0
0
0
139992
559944
0
31860024
0
1185306489
0
0
139962
979666
0
349979
7134700
139996
419912
105800192
0
139989
0
0
2588501
209985
0
769893
0
68728529
0
979888
2938026
2519316
4198140
0
209925
120
0
1119724
0
0
26076
139996
8811936
0
0
139974
0
699628
69997
0
0
139984
1959479
4617596
0
7693856
33
0
1959580
419980
23902
0
0
0
0
2445778
6855988
0
1003
4477888
139123
69983
279988
0
69986
0
0
1049849
419976
0
419980
0
1679376
98940406
0
769842
349979
0
1206906753
0
69913
349960
419976
139996
909833
2099548
139996
0
139998
419976
0
0
0
139996
139996
3567544
0
0
0
0
1799
0
3218850
0
69988
349958
0
1819636
1119856
1819654
0
0
0
2659360
0
0
419952
14677740
0
0
70011
139996
1856932967
2587712
0
0
5317036
0
69319
197986840
0
0
0
2379393
1397300
19347985
0
1889217
139990
420008
0
69996
0
265655488
0
139996
1192348737
0
0
66047800
139996
0
0
687
279988
0
0
19147736
419954
0
0
14956888
4687647
124338441
0
0
1049742
0
139996
0
0
132418720
1049700
0
69981
4338018
0
419934
7956
0
0
69990
0
1539794
0
0
140296
1469772
0
34596496
279986
0
0
0
839916
0
559966
839926
0
0
0
0
8811936
279990
5317470
0
147
0
0
0
139996
127486
0
699952
14310709
144
2381672168
30286672
0
349971
4
279988
279988
0
0
2029494
0
0
69997
40
0
0
0
20
108
19318603
559960
0
960
0
0
0
2939076
11885380
699948
699940
0
139988
419980
0
70000
0
279988
0
279990
0
9091420
139996
69968
3638780
0
0
0
70068
140010
139996
0
59414488
0
0
0
0
4
209973
0
699943
0
5387068
0
769905
0
0
839916
0
0
69680
0
839916
0
1679688
0
419980
12449036
0
0
279988
139996
279990
8459538
839916
279984
0
0
559891
0
0
0
559960
489875
0
699943
279984
0
2251708668
0
0
0
0
139994
12
1
0
1609665
0
0
279988
0
0
46120876
0
0
355
1539736
279988
349965
0
139996
0
69996
979762
0
279990
1119832
140678
0
139996
1188227472
0
28128508
279975
0
5317036
139996
419976
0
7624881
279992
2
209989
139992
0
139996
279990
16772554
1119856
69992
0
139990
0
29905784
0
279990
0
0
0
2
0
139996
69987
0
69991
3078472
839920
2
0
4405779
228775438
1889196
279990
0
0
0
0
69999
349960
279988
0
0
0
69997
0
139996
5246962
0
0
0
0
1119856
0
2379451
0
1959594
0
279988
3477
209976
69995
2308887
1119730
279990
295471613
0
551980726
0
8780814
0
0
0
0
139982
0
0
0
279974
0
0
12514168
279988
909805
0
13421376
0
0
70012
1179940846
0
6016216
0
629922
419976
15096456
0
0
4232
0
0
0
279976
419960
139996
0
279990
139996
3358846
44
139996
2445310
279988
7547797
0
4198578
139966
0
30
23892357
69996
0
0
1399540
64642032
139996
0
69996
0
0
79792542
0
915312360
0
139996
0
0
65
279988
0
0
140016
0
139996
559968
209982
559968
71439
629876
0
0
209984
139994
0
1399787
0
0
0
559960
0
0
0
0
559920
0
139996
209964
489739
69997
0
0
0
279988
8
0
139996
278388
30
699940
0
279972
349971
1679758
4826297
0
1117578833
0
559961
0
0
979897
70007
0
0
0
279988
1119860
7129594
139996
629917
39183722
139996
0
0
1119809
2729198
0
139996
0
279988
0
0
2616
0
979888
0
6850465
209986
69287
1329601
0
0
899
699952
6714538
0
0
419976
139994
1679664
0
1119856
0
3078988
60759103
699940
279988
0
69995
0
279988
0
69997
0
0
64642032
0
209992
0
0
0
209979
279972
0
279988
419976
1399798
0
419976
139996
0
139996
139996
971852814
0
0
0
69995
1399780
21
0
0
419963
69950
0
6156040
279988
2939116
419976
0
69895
139992
699520
0
139996
0
699906
0
0
0
0
139860
69999
9
139996
0
0
6851316
419976
305
0
419976
3
0
699940
0
0
1
0
210072026
139996
0
3988338
139996
0
0
0
0
139996
0
210926
0
419966
2239398
3708489
139996
139992
0
0
0
140003
69997
0
0
3637439
0
0
279986
209983
8252920
419976
0
139990
559960
0
0
139987
14
0
839892
0
0
0
349951
2238981
2379448
0
139996
1208
69996
0
45844168
1259820
699940
2937919
629951
0
629892
0
0
69997
0
1
1187678902
559960
0
0
0
0
139996
0
349914
209526
0
909805
0
69997
979762
45982451
139996
279988
1749464
419976
69996
0
139996
0
139992
139996
139996
414260
0
0
0
0
0
349971
1259836
0
0
0
1959582
139991
0
0
0
21
0
0
0
559960
69992
279976
279976
0
0
0
0
0
5596720
699934
0
0
0
4058260
0
0
0
0
210061
0
0
209964
419980
45147219
0
0
0
25416408
0
0
139996
279990
349965
131
0
45706418
91056
139996
0
419976
0
139992
0
2
3288172
0
0
139992
0
0
0
0
0
0
559920
31259200
0
139996
0
419976
279987
419980
4
0
3778740
139996
419964
419980
48830619
0
419976
0
0
1119856
0
0
419970
699940
69997
0
139996
0
279988
7763071
0
540495396
0
3287274
0
210184526
279988
769873
0
124
0
279474
0
279988
94418374
0
139996
0
69997
419980
559967
139996
699954
139996
0
0
279990
0
0
1119047
625148
16
11
4058568
2911398
209985
139996
0
0
69997
0
70127
0
2798320
4757138
18132656
489943
0
0
699818
279988
279483
0
3978
279980
69994
30308266
839784
139996
0
279988
131193
139962
0
1399828
1302
0
0
0
139996
140020
2099520
0
839760
2659240
0
4268090
55473186
1119870
139992
2939116
0
69994
221
1399780
1845570669
4757686
0
0
0
0
979888
139992
0
0
0
69994
279990
419976
1259944
0
699948
0
45288098
0
0
69856
139996
0
699830
0
2378776
0
279990
69996
3
140592
1609057
2519316
979891
30006260
279988
699940
1959580
0
209949
69997
419976
0
279988
1539772
279988
69997
4897771
0
0
0
10348900
1119746
139996
0
14794632
0
0
949882220
0
33
0
286990240
53602780
156185820
419978
16352269
63285040
419980
279988
69992
0
0
0
8113486
1336
0
0
699931
139980
0
5666221
139986
35798
50832820
559960
0
0
0
0
0
210082
19
139996
0
0
0
0
0
27367708
1259673
0
1206935437
0
979888
559960
349965
79155828
3078988
4755240
0
65081022
0
139996
231
139996
0
69997
0
0
69969
279988
0
0
0
0
1539736
419976
47347895
0
0
0
11928966
69997
139996
4318936
0
0
0
1678573
1259820
0
0
0
69995
0
69997
4126229
0
0
0
1746647
209985
419934
0
0
0
0
2379448
96
0
0
0
349967
502987600
0
3
9570683
140296
279988
0
559912
0
139996
69995
1259820
53652
27
699952
0
0
139992
0
0
479910048
139996
0
27495866
839760
139986
0
0
419976
0
5
0
279988
3
0
0
139996
0
0
0
139996
0
0
419980
0
489961
279988
209985
21463600
1819672
0
0
12025036
1329582
0
559960
0
279982
0
419976
70039
69997
69995
8253036
0
0
8532436
839916
0
0
0
419976
139996
22628136
0
209976
1399780
559966
0
629930
0
0
0
0
3148935
0
4127783
139988
6922410
69985
1889463
0
0
0
0
0
2239469
0
0
69999
209208
0
0
0
0
559960
0
0
139996
0
0
0
559960
0
159
0
69997
0
3358677
3568798
139996
2235936
1749325
892607760
1819660
979888
0
0
0
349981
7198670
179
139996
24159796
1119856
804
9790060
139996
489956
1119856
620679
0
0
0
699940
839907
0
0
0
1399822
0
9231952
979042
349977
279988
0
0
69997
0
279968
839918
629892
699940
0
71165019
0
139996
69870
139994
0
14817318
0
9230958
139996
69997
822591534
97716525
139994
3638596
36609648
0
209982
0
13980192
0
0
769776
69996
139996
0
419976
279988
0
279988
0
0
0
0
0
69997
0
699948
69997
0
0
0
0
139996
279988
209915
0
283053896
0
0
1679451
69949
140012
70412
0
0
139996
233520199
0
1749225
839918
1399332
0
839926
139996
3183525
0
1
384
979888
2518694
70033
139990
0
559912
70010
559966
21535739
979826
489927
17747488
0
0
0
69941
139996
0
699908
839916
0
56051179
0
419976
450413932
699940
2
6855100
139996
559960
139996
0
0
0
0
0
839916
762491568
0
9160532
139996
1819716
2
279988
70075
0
7974100
139996
279934
708662916
69996
839930
0
699880
2280025776
0
0
0
0
16491916
69912
699911
0
0
1
0
349965
139991
0
0
360461
419976
559870
0
63699556
0
3010093
2799160
0
0
0
279988
2099052
1119816
0
0
222
139988
139996
1819636
0
1539736
139994
279988
0
979776
0
129798156
0
1254
419976
1259802
0
1049852
0
139996
5736556
140266
1399316
0
0
3916928
38126952
0
279988
209985
699940
0
0
0
139996
699940
0
0
0
0
139992
0
2
0
0
0
2239456
5034598
489956
139996
559961
0
489909
209985
0
2799228
279982
0
139996
0
0
69977
0
0
489880
139994
0
0
350009
0
0
0
279988
349961
0
279988
0
139996
9091908
0
419980
4
559960
139996
0
139996
0
279988
349851
74
0
0
0
0
559960
0
3918376
715660512
0
419962
127
0
4058620
1819708
139996
139996
0
139992
0
139996
139996
279976
279990
69995
69999
0
839832
0
489923
1399472
839916
0
559968
32
489965
279988
0
0
0
0
6016456
209916
0
0
490092
54
0
0
1679688
0
0
0
118335096
0
0
349946
0
279988
279988
0
1329050
279988
0
699940
419977
0
559960
699940
2519100
22766536
419976
0
909415
25552656
0
0
0
0
2379420
69995
0
0
1329706
0
1206401929
5
0
0
26730
0
0
139988
628713
139996
94136560
0
699940
0
770703
757
1399707
279988
0
2395000926
5595528
140008
294501002
6780963
0
139996
69999
58
12079544
1539784
559960
0
72258160
0
0
0
0
0
209987
0
0
419946
11047360
0
139996
2
419970
0
0
209967
559940
0
279990
0
1049853
0
1539736
0
0
0
839926
0
832754847
70053
0
0
0
0
46536220
979888
0
0
2659018
279988
0
139996
0
209979
0
839916
0
979776
2029393
7624545
11745037
209979
209979
419976
91116700
0
2729479
139996
349963
4967124
0
730306197
0
0
69996
139996
139990
139996
64651
14538160
0
17745239
0
0
0
0
2519316
139996
4897480
9425209
0
18863280
419976
0
559970
0
7415071
419928
0
349919
1819278
209979
0
139992
0
559963
0
3358104
0
0
139994
0
0
0
139974
0
2238945
7
3638743
419976
0
69996
0
139996
70013
1534566316
839916
47231496
2379420
279988
0
0
0
3638908
699940
0
3
2519316
1119886
139996
0
0
279988
0
1679688
139992
27780400
0
0
0
139996
0
1539736
280002
0
117280096
69997
0
120316798
0
1119913
60716054
28
629901
69943
6149454
419976
139996
0
139962
559920
0
0
73775016
0
0
32789086
0
0
31120540
0
0
0
9370754
0
0
1947
559962
0
114561918
0
279988
70171
0
1959236
940783140
279970
138079
699906
419976
3079198
66114
0
225818488
6
1259836
699880
0
979760
72122308
0
0
0
559960
0
69988
0
6989300
0
1399780
3576
0
0
0
1119886
4198140
0
629884
0
0
0
15654688
18
279988
0
209989
9650340
0
7965572
140039
0
0
69997
139996
0
16
36
279990
69997
0
279990
3
0
0
699810
0
279990
11047360
0
139996
4196629
4
139996
0
839926
0
69989
174571660
112647384
65874243
69988
139996
2
197858
139996
1119856
0
139996
50565640
0
0
0
1469754
0
139993
349917
6221901
0
139996
0
419976
0
0
0
2099520
0
0
489938
979878
0
0
33180
0
0
69996
0
69994
139996
769931
349965
904124
5457030
0
139996
0
0
0
489896
0
7763781
0
0
0
209987
0
139990
909883
0
629881
0
0
139992
0
207381
0
3
6693578
0
840183
0
139996
0
44
0
839926
0
419976
0
0
5661518
0
60
0
0
0
1212739555
0
0
0
0
279988
0
6994894
0
0
0
31815576
139982
3402119
839854
1189660
559960
69994
139996
699948
0
0
0
0
0
139996
1119718
0
0
139996
0
0
0
0
139994
0
0
419976
0
0
1609505
0
4617882
0
29034290
74741270
769932
629848
559960
699958
0
0
139996
1259829
979857
769803
0
0
1119684
0
2099472
0
349754
559905
69996
0
839926
0
0
139992
4
769890
559936
139996
1119852
2099039
1959606
699940
0
0
979802
139996
97047773
0
0
0
0
139996
487785685
29568100
559970
279988
489961
0
2391749494
0
419976
0
559938
770448
279988
140156
0
0
0
42162769
69996
979808
209985
6257744
0
139996
139798
0
0
0
3486650
139996
0
0
69997
139986
419980
839926
0
1259640
76
0
69996
69997
0
0
69999
69995
139996
0
279988
2
0
349965
139996
0
53187388
290305080
0
0
0
0
979908
69736
559960
0
419976
2309366
11452448
0
0
19950
0
0
0
0
1119886
69997
0
279988
279982
9511334
0
2133090036
0
0
139996
559960
4897480
1
0
0
4477950
0
40
139996
0
279928
722
0
70699
489944
15515136
6151376
0
559960
0
9651208
1539736
0
0
0
279988
0
3219093
0
139971
0
0
699940
0
0
69992
0
0
69931
349830
1119886
0
1819646
34040440
139992
0
979821
0
1679286
419976
1889585
69987
0
0
1466884
0
0
872
419922
0
699898
559960
0
0
419976
139996
0
0
0
0
125
1959628
19421080
0
139996
0
0
0
139996
66004150
3
4475816
5177114
14097580
0
5383971
0
0
209989
0
0
69997
65635368
139996
1959580
139996
0
559952
0
0
1329763
0
3498832
210081
0
0
94341105
1049892
0
100037430
0
5037394
0
0
0
59829340
1053
0
2589134
0
419976
209985
10547583
419946
3147885
139996
0
8
1819660
699940
1679710
139996
12723256
0
0
19796788
0
2799184
0
139991
70036
69896
419976
0
0
839916
0
70002
0
5104669
0
0
2
139962
539753760
1609652
0
55332679
839836
0
0
559834
0
0
0
0
22362144
0
0
0
979888
0
0
0
0
139986
139992
17121033
0
4338016
0
0
139996
20145323
559949
279988
699954
0
0
4965033
2239598
0
0
69995
0
139996
699950
0
971878263
0
0
69897
7973388
0
6
699954
140908
2021255
220880321
0
0
839916
0
979888
139956
0
40847716
0
20734
0
0
5596720
0
1399621
1399656
6
134875766
284308
0
2519350
419976
209982
209989
0
419980
0
0
1265208
1200
0
1399560
0
64232
279988
209993
0
8672428
0
139996
0
209989
7833616
19560520
71707486
1305806
139996
0
0
699940
0
0
69996
279988
559960
0
69997
0
0
279988
2
0
279981
31
0
55134792
6362295
279972
139990
0
560048
0
0
0
0
69996
0
419976
69999
0
0
0
559960
699994
489937
139991
0
0
0
139996
419958
3877225
489913
6436396
0
699940
0
0
0
0
0
69997
1049139
0
139996
279988
280064
0
1819660
279988
0
0
139986
8392680
279988
0
0
419976
1259820
69992
0
699948
0
0
279988
0
39496920
0
279960
0
419976
0
0
0
1399560
0
0
5876388
0
419976
1959580
0
559467
7548750
0
419976
0
0
1329353
699940
17575992
70009
0
0
0
0
419980
139996
69993
279988
76326796
69990
1469643
559970
139996
349977
209985
0
0
0
0
26
0
0
0
0
559952
0
139992
0
139996
0
7274488
0
0
0
139996
0
0
0
699954
0
69996
69997
139996
0
7274690
0
979890
979820
0
0
139988
139996
0
69994
0
559910
0
559920
0
3358800
2799408
4
0
0
559960
0
979888
0
139996
12
0
3428774
21095272
69994
0
0
139996
769756
419976
1748731
0
4127121
0
3918376
0
419976
0
139996
0
349820
0
769857
419980
0
1749300
0
0
0
0
139992
0
139996
0
69996
48
0
0
279988
1
0
0
840174
248827474
3217746
0
1003629575
0
279988
0
0
699940
1609717
0
3
0
0
0
42306348
0
279988
0
70001
3
0
0
0
139996
0
640
40804848
0
0
4058521
0
0
69997
350016
1329601
0
1119840
69084988
0
0
279997
559936
139996
0
0
0
1
69992
0
139996
0
131810691
0
139996
3077184
0
559952
0
1819682
18863548
139996
0
1048695
979776
279988
0
0
114733591
0
279988
979913
139996
279988
0
979900
139996
0
0
0
0
0
12028732
3918560
1443996
0
0
1399780
139990
1119856
279988
0
0
9989122
5
139996
0
4
139996
0
1539186
629906
1259820
0
2371047821
139996
0
489937
0
23
69993
0
0
349982
682028
38
13701124
1679710
0
16255478
2658328
1679688
69996
0
1189660
0
0
6627770
4
69774
139996
209883
0
2799160
139996
69969
2448705
3219008
0
2099440
0
699924
139996
0
0
70014
139996
2239536
25
419976
0
139996
209982
0
0
5876388
839853
0
139996
0
0
209983
7414276
419976
208607
1171014688
0
699940
69997
0
18863280
0
699940
0
25693
123
3358846
0
0
0
139996
0
0
699940
139990
139991
43762180
0
699940
0
0
0
92007404
279988
279988
0
0
1119880
839916
559960
925310064
279988
2
1399780
69997
0
209964
0
34320420
0
139996
839938
0
0
1454447800
64
0
0
0
0
1539736
0
2659240
139996
0
559920
139996
559960
0
699940
209917
0
419976
0
419850
88623012
0
839832
209973
69995
140000
419964
0
0
0
139996
0
209985
882087
1399796
0
0
699938
14446737
0
909815
979786
0
6296272
3498935
5177188
279981
629
4
24024394
0
279984
69997
139996
139996
0
280044
354384976
2
1119856
0
15629152
4058676
0
4757682
0
0
0
139996
139994
7271946
1329758
210060
0
139996
16046640
559960
0
69997
279976
0
38
0
70057
1539472
491681
0
0
2939076
0
0
0
139996
0
0
69997
139996
2799354
7199080
279945
1399798
0
4685243
0
0
3637193
69985
670915988
0
0
0
419976
139996
0
0
0
0
0
69997
279990
139994
0
3078988
1959606
0
15716578
5
69965
0
3498698
279988
419954
0
139984
0
2385400134
0
0
70039
0
0
2519316
139996
0
63140948
25413388
0
0
1399822
559920
0
0
0
279988
0
0
0
58310117
0
559960
24165345
0
0
0
585218620
0
139994
0
0
1539756
559920
0
70326916
279988
489937
0
349979
699940
9929776
0
559966
0
0
3358846
209973
0
0
1114870
279990
0
43288756
20
69996
0
139996
0
0
2
2099520
279988
629829
3358800
0
0
0
69997
419976
0
0
1819636
0
0
0
0
2659202
0
0
12
59124987
0
50279356
15794460
9510616
5177396
3778488
3358800
139980
118099451
3638596
69997
139996
209989
349965
139996
0
54
139996
3
559966
699940
0
279988
209968
139996
0
419980
0
0
0
0
0
1399827
0
5942937
0
0
839916
2162829
1189703
0
1049745
160
0
139986
1259820
419976
0
0
1469376
3498748
209991
279984
0
69999
139996
3778720
0
35152488
0
0
0
0
0
0
2
2518560
0
7
0
0
0
629952
0
1189541
139996
2659162
0
1119622
0
0
6112
2369778
699913
839916
3427875
0
0
0
419950
0
69997
69995
0
0
139996
0
7693948
0
0
0
69961
0
70
419962
1119856
0
0
230813400
0
1749235
0
0
3778488
5527101
0
0
139996
279990
0
0
139999
279988
0
0
0
7973388
6855100
909858
0
0
0
69975
9091548
0
0
6296172
139996
419976
139996
0
0
0
0
279988
0
0
0
0
0
3638754
0
0
0
0
0
0
489959
279988
22905880
144
0
0
0
1399629
0
419976
0
419976
117963076
2247462436
0
0
1049805
0
0
6994900
139996
86677362
0
69997
0
16602880
0
279988
54913195
0
1539736
4617693
0
1
221
0
0
109487056
279988
367417816
1119854
64437645
0
699940
1819199
0
699948
0
4126517
0
0
3217901
0
415280016
0
559960
0
139996
2799169
139996
279988
0
236077660
699954
839832
139996
0
209992
1399822
1119856
35570452
139996
629871
5521451
0
3078998
139996
839887
0
209985
0
13560988
0
139996
139974
4198142
0
0
699916
16073320
209943
622129297
208121
3217792
0
0
3918376
419970
2797900
69999
4736812
0
94342465
0
0
0
0
36
69996
24868728
419976
70567
6014964
2379388
135069
279972
2281899748
139996
139996
139996
70019
0
419952
419940
279988
10
54
0
279981
1
699940
0
139996
0
489909
767530
69941
0
0
279988
139996
69998
0
0
0
349923
2169065
1193754571
2519280
0
10
559964
0
0
1449540
11129024
0
69988
0
0
12
1590
2046
233633684
69963
279930
0
0
409
2076
1119856
0
0
0
1120663
139996
0
280100
0
0
2379420
312207
139992
280171
69904
349924
3
11187040
70057
69997
0
0
0
3
140976
0
0
0
69967
5596720
419976
0
15515136
0
26039376
0
0
0
279988
0
279972
0
139992
1469761
2379303
139996
0
0
64
139992
0
0
839926
0
0
978801
0
0
0
0
0
69740
0
139870
24019972
0
64536
0
0
0
0
5317314
0
139996
69995
0
208488
26806998
0
2099520
257455605
139996
0
71374635
35699988
0
139996
0
422220893
1
0
0
11104401
2449293
69991
2308845
419980
7134696
69997
0
0
699948
279924
420520
0
139996
19797640
139996
0
0
769549
34596496
0
139995
139996
0
1840260344
0
0
279936
0
0
514825740
3
507
559966
1189280
0
69959
0
1778195
19002736
419977
18165940
0
36683686
0
279988
279988
839914
0
349930
139996
209982
2799160
69912
279972
0
0
209981
0
279972
118183300
0
0
0
0
3
1055669
0
0
0
6361537
0
139996
419955
1119552
0
559958
139996
0
349976
0
69995
0
559960
0
279986
279988
0
0
0
0
699952
69997
4
209955
0
2448635
0
0
0
0
0
8252920
0
5177188
140001
279984
209991
0
139992
0
2925738
279988
0
139996
1959104
0
69997
0
6
279988
909292
209989
0
0
0
139996
1819636
69997
0
2728399
2392051960
52362848
0
559960
0
0
0
699938
349977
0
139996
0
0
0
0
0
0
103051440
0
0
1819561
139996
0
139996
10907700
0
1259460
419976
139996
419991
2519223
699940
139996
279988
139996
0
559964
139988
0
139996
0
139996
69951
45981540
87
0
69999
0
0
1413029740
5317036
5596946
1399780
0
69995
139996
69992
0
1679742
69997
559921
3217746
38816401
1539802
0
0
0
0
1399780
0
0
419980
909831
0
0
0
73186457
0
0
0
18172468
0
559960
0
2795548
0
0
1259836
0
0
0
6994900
0
349720
0
771713950
6
0
559960
489639
0
2797230
337610272
209985
349978
23184556
4824756
0
0
419980
52
2391188026
0
139996
69995
1119817
1188934
1118391992
1399780
0
0
1819639
769872
69987
0
1
839926
0
0
139990
29568100
0
0
0
69694
559920
62
979896
0
1399798
279988
48477150
0
15974582
20541270
1049715
699942
0
1259848
0
139996
0
0
0
0
0
279988
839839
139996
4405587
629911
27137363
0
279985
69996
0
3218992
0
419976
4
0
1933472340
494
69995
0
0
0
0
0
1
2379388
3
1818471
0
139996
139996
38633876
209970
0
139996
139962
0
0
10198246
0
139996
139996
0
0
139968
0
0
0
0
1
0
2519316
69995
0
559960
0
839938
0
0
139992
3147706
3708627
0
0
1540330
0
0
0
0
0
1119856
0
71
3
0
1539772
69997
69993
0
139992
699492
419976
559960
699948
0
50145637
0
3848487
0
0
2027696
139992
139972
0
559960
0
4477888
419988
0
0
0
0
1049730
1119870
0
8
419976
0
0
139996
139996
0
0
2308746
0
0
1119856
0
0
0
0
29459559
93739326
279990
209739
139006
139996
279978
839922
489916
279988
0
0
559984
0
0
140066
0
1399784
279976
279988
81489688
279988
2099632
139996
0
0
0
0
0
5457160
69999
10628296
3008589
1959660
209912
7274488
0
0
839824
0
0
0
46
629944
699931
0
0
489933
139996
139996
279988
99
0
1119840
4
0
559960
1003301740
0
2
279988
0
69824
0
22628146
0
0
559960
0
279988
0
69999
0
139996
0
839916
0
0
0
13979619
0
0
30353205
0
139995
0
0
4
4058420
349960
4058260
0
139996
0
0
279988
1469496
0
19255546
0
0
0
209986
419976
139996
139996
993138473
139996
138128
0
0
0
139986
254
10
0
69997
209985
279988
699907
0
0
0
69996
0
8673822
839870
419977
0
0
559960
0
629943
0
0
0
559960
1119874
137470
0
419976
0
525193085
0
0
107
0
419976
0
10628296
559920
69994
0
0
559960
0
0
0
139996
279988
699896
0
279988
419964
0
3778590
139996
1329781
92831526
139996
419980
53990040
139996
0
0
0
0
35430460
0
941002888
419976
1147
0
342452598
0
0
2355989076
0
0
0
489937
0
139996
73305
979888
1609542
139996
139996
12165194
559960
0
9091477
1959580
0
65494435
0
0
839916
0
139996
0
0
0
0
70021
0
419980
2428603020
0
21085725
0
0
69995
699894
839916
0
140000
0
1749325
0
139986
139992
3078228
139992
0
0
1259870
0
0
629910
1399780
419976
0
0
0
0
0
24167515
0
1539548
0
279988
0
0
0
0
0
0
139996
629811
139996
139996
0
0
979805
0
0
0
0
0
0
97725240
0
2939094
0
909889
559966
69084988
0
559968
115931
279988
1819660
0
19142193
279990
210010
209989
1959580
1047124912
0
817820836
6295860
0
38190
0
1399707
0
0
629943
0
0
0
0
11871432
167897370
0
0
0
0
0
24
0
209985
139996
0
979888
6354167
0
0
139996
130776912
559960
279990
0
349955
0
1259820
0
2239564
0
0
1539772
0
209734
8873986
0
139996
979888
699926
77497270
302380816
2239456
0
0
139986
0
0
209996
3357504
266
36125320
6570838
0
419899
139986
0
551472
139996
209943
349980
0
0
419976
419964
629909
139992
0
279986
69708
0
280693
28211026
0
33
0
0
70489
0
0
2408
0
69996
0
139990
139996
0
0
7897005
0
139996
140004
1049850
0
623492946
349965
0
0
6855100
139382
0
0
139996
279988
0
559960
0
69986
0
0
3219001
139953
0
139994
0
0
7693840
26
279988
139996
279988
0
13281760
8532819
0
113
816265727
0
0
0
0
0
0
3358800
349920
0
629890
0
139996
349890
0
0
839898
0
489964
0
0
0
139996
70617
1189764
0
139996
139992
0
0
279986
0
0
0
0
0
0
3147885
0
209988
0
0
0
69995
0
4268300
0
6641606
1539740
0
0
9225891
139996
0
14
139576
139996
0
279988
0
2236660
0
279988
0
139996
349953
0
559976
7134697
71987976
559968
131
13
2239456
208642
629953
1889581
19560794
0
0
1
55537428
12
0
559960
140092
279988
1259586
0
0
1959596
0
0
279990
0
0
0
139996
2
279988
0
0
979874
0
139992
0
0
279990
64
0
0
2658404
0
0
0
139996
0
2
0
0
0
0
0
28947357
24864310
69995
6435676
0
279988
0
1258704
140541
107178644
0
0
0
9930052
349974
559966
0
4477888
51673109
183262883
0
0
979755
629901
0
139996
0
0
0
419976
2
419976
0
979957
279988
1119860
0
0
139996
70159
2939076
279964
14817319
5
419976
0
909369
4
0
139996
0
139996
22487836
0
699820
839792
11326716
489968
69995
69991
0
0
0
0
0
0
0
280022
419980
0
1469594
69995
839916
5037336
419976
69163
2099458
139996
699948
3086
21607945
0
0
0
6083613
139992
0
3
209943
489937
0
0
699880
279988
0
1
279990
2379388
0
1469752
279988
0
139996
4547879
0
2868328
0
139996
11745886
279988
0
0
699811
0
0
0
0
769835
209985
139992
0
1259820
139996
69993
0
209959
0
279968
0
540735238
0
559962
0
139994
0
1959660
0
7973388
349975
0
0
2029525
419976
419970
0
1119870
11326716
100727280
279988
0
559966
0
348711
0
1889184
4
839916
0
5876388
0
0
69997
69994
69997
30329902
2417068276
0
0
3
10337655
1609423
419980
209985
0
0
7973500
0
139996
0
139970
0
3289098
0
0
489964
139996
0
15003562
489923
0
0
279171
69997
0
69997
3638052
559872
0
279988
0
0
279988
2868073
0
5037614
30
0
641239170
2190765228
2
0
0
0
1259959
0
2
0
0
0
1399780
0
0
0
0
0
0
0
0
1259674
0
0
70216
0
0
0
0
419950
139996
70039
0
2239392
839904
17423750
0
0
139987
0
0
70000
2384710380
0
0
120458860
69981
559960
139996
699940
7134796
0
2659240
699948
1218385
7624346
310
139997
0
0
699940
69999
0
0
1959580
2220532
909377
559960
1819732
0
0
419976
3079044
0
11467901
0
65908277
1329723
0
0
699913
0
0
0
957444270
0
279968
489888
0
3777568
0
0
419978
3568141
214654
1399780
806164230
0
355102655
0
0
139996
0
1
6
0
140019
139996
0
760176921
14677840
0
211869
35432952
0
0
0
69969
69995
0
0
0
3217746
12
0
0
0
139990
139996
0
0
139962
629919
0
139996
279912
699816
209976
139996
279988
0
69987
0
15098238
0
139993
0
335694498
699952
1855736136
0
0
0
839926
0
279988
0
839896
0
0
0
0
279988
0
419976
0
0
11
559912
419976
559960
0
0
139986
0
0
139996
0
0
0
0
24995560
0
279988
0
0
0
0
449332488
993768390
0
43207180
0
0
3499096
2238826
4617756
139996
1959606
279990
139994
0
0
419977
0
0
52488226
139996
0
909808
2659240
0
0
419980
0
139990
0
1119865
559960
209977
2799160
73772024
139996
0
685947345
559960
419952
839916
279982
0
0
0
0
0
0
0
419976
0
139996
34698895
10
279988
0
0
0
0
0
489930
139986
2519316
69736
139996
0
0
0
139996
0
0
139996
1399780
0
6016380
139994
0
15654688
0
77772797
139996
0
2133537516
0
0
3136500
27919998
2099664
18
489985
210026
0
209985
69997
94
0
0
69996
209913
1
0
0
0
349974
95104246
0
1259856
11
0
65682
0
419980
0
0
0
0
69996
0
0
0
0
2378807
1861907209
839917
5317036
0
139992
0
559904
279988
0
0
25
0
0
489825
16632360
0
0
7134696
419980
349960
20
0
0
1
839916
4645
1819636
139996
5316961
69102
979888
139996
139996
0
165
0
0
69977
0
839916
69569
139992
2799262
0
3359016
24762189
0
0
209983
139996
0
140302
139998
18165940
0
1161598792
139996
0
0
699948
0
0
139996
97832030
0
349974
279988
1399780
1119856
0
0
0
0
0
419976
1609662
0
205800
4
279988
489955
0
69997
279988
419966
2384588790
0
0
1749595
0
0
69997
0
70026
0
1049781
0
279988
0
7828636
1117872
0
139992
0
0
769857
1497
0
0
4197090
209982
70014
979896
0
139990
0
0
11243757
2378572
0
4338076
0
349963
0
0
0
279988
979888
279988
0
8672188
0
69993
69997
0
349968
279990
139996
0
0
699941
139995
121
979888
139996
979777
419982
489969
349967
629925
31008
0
0
3218896
1609697
1119456
0
139996
559875
0
0
140001
839916
979760
0
1539736
0
139996
279992
42574105
0
209987
139996
139996
279988
208875
0
139996
2799168
279988
0
3009029
419926
1119856
0
2
0
26
0
91520958
3497350
173976
0
419976
0
4757684
559966
70033
1399828
0
0
0
69994
2379448
279988
0
70006
419976
0
0
0
0
0
0
139996
0
1819714
0
69987
0
0
0
3498700
0
559960
0
0
0
0
139950
69990
98
0
2519446
279888
35646057
0
596700
0
498983158
279990
0
0
0
0
0
0
419976
0
0
2939076
0
0
0
69997
0
0
419976
279988
0
0
0
4545450
0
0
1049785
0
279984
279988
3008312
839906
4
0
0
279988
0
0
209986
0
279988
0
1259758
139996
279990
0
139996
909905
279976
0
279988
8113156
979745
139996
419980
70001
70023
12284114
419976
0
139996
14817316
0
0
0
559966
2799162
139996
279982
69997
699840
0
0
69982
2659240
2939076
0
279988
209957
279988
0
279988
0
1119856
139974
0
0
1959665
139990
0
279990
5316960
0
279988
139992
0
0
279976
1119888
0
139996
0
0
69997
0
420134
3499048
139996
669071892
0
3078988
279988
139996
4896680
279958
1819246
279976
839926
139994
279988
139990
4198140
279988
349965
139996
0
0
34596496
0
0
49378297
489939
69995
684391017
0
419976
0
337998728
139996
0
699918
0
140078
69997
979790
139994
0
0
0
279964
0
0
0
209979
0
1384141
0
139996
4
0
69997
2309230
140206
0
0
87764890
139986
139996
0
279988
139991
209981
108701901
0
1679664
2868894
699870
839926
419970
13701352
8392798
51805040
419980
0
279988
142
1119870
139994
0
0
3218896
2798120
419980
769918
19103280
0
0
14956928
839932
3219110
209981
139996
2099152
1259820
559968
6575490
0
139996
909918
0
1539710
6436572
1020598740
0
11
0
0
384
6
1259672
349943
2106
139996
350115
0
209995
279822
0
69995
0
0
3217608
0
489937
3778488
139992
0
0
0
609823
279988
30
699952
0
0
0
139988
0
0
0
209977
18026710
69996
209979
0
3
0
139987
8
2799205
0
0
0
156
0
69978
139996
0
279988
0
0
839796
699895
419976
139992
21791934
559960
0
0
1819636
720322
0
279986
17257017
0
279972
279998
2239534
10616288
279988
0
0
139996
1677240
0
279988
0
0
139996
69995
139996
0
69996
139993
0
70233
0
0
0
0
1259820
0
0
0
0
0
139996
0
69996
1819636
0
0
279993
1889190
1259856
1900973326
0
699810
0
209983
0
0
979888
125364
0
1399598
0
209985
0
3
559960
758750278
699940
139996
66136488
139996
0
0
70005
0
139996
0
5873026
69995
139996
0
0
0
0
0
0
0
0
2169307
0
0
839916
402186
17054620
0
0
289940
2
0
0
70422454
0
0
210020
139996
767497062
279978
139996
0
46522374
0
139938
0
139996
3077844
0
0
0
1259622
0
139992
0
60382420
0
139996
0
0
2029564
713232267
210509
0
8392560
11
2379388
279990
7064740
7
0
20675897
0
10
0
1413120816
7623990
1259836
2029101
839888
0
839926
0
69974
279990
0
139986
0
0
0
1049857
0
69985
3638646
0
139996
0
1259640
69997
0
758
419976
0
0
0
0
699880
0
0
0
139996
0
1819636
559960
0
699989
0
209985
69997
0
0
0
209985
69996
4477888
0
209985
70038
82829194
349966
839850
1848405388
1959637
0
209987
7973908
13054657
69999
419980
419976
4198140
0
69900
0
0
0
69994
0
0
0
419977
24117
419950
0
0
279988
3077976
0
279988
0
1819636
7129086
979842
0
0
1462162096
0
0
279988
0
1
839709
839912
0
0
419976
279988
0
2870458
0
839906
0
0
0
0
419958
1119626
209979
139996
279988
139996
279988
2
0
0
279984
629900
0
139996
0
4
0
2379493
9780400
279988
279988
0
16
139996
6435962
419976
279988
0
0
0
0
2378240
139885
40
3078924
21602670
209973
9092409
0
1259820
2729218
350575
0
0
0
0
1819636
1819636
419976
0
419980
419962
0
173
70143
31
2519380
0
6
0
839916
0
0
0
0
0
139996
0
5457096
140001
0
0
111539116
979888
23991
7274489
0
0
349981
0
0
279976
1679638
0
0
0
0
0
0
69997
1539714
279988
0
0
1329717
279988
979888
1959706
14
0
840319
0
279988
0
0
0
15141826
559960
0
69994
139996
0
0
0
0
2379388
139992
0
15074590
0
0
0
0
0
419956
559960
0
0
0
839920
0
0
0
0
0
0
0
69995
699954
2029101
0
807575148
139996
0
4056587
0
396358216
84
0
1959580
0
419944
0
7274488
139996
1259573
279990
0
139996
0
0
35986358
0
8
0
629927
0
1539514
31746435
139996
77
0
0
279988
0
69986
0
0
0
139996
0
0
13840636
0
0
699940
0
139996
2099474
0
279990
139996
0
209997
4
0
0
349975
4547279
139995
4757340
0
3357552
0
5456880
69993
9644703
0
70000
209117
0
0
699944
0
279988
0
0
979207
489986
0
0
0
419976
0
1119856
0
9500960
0
699948
0
6296756
9231156
0
279988
3218850
1959580
0
2099520
69996
0
419976
419980
139976
139996
0
839916
909850
0
412034781
0
0
1259820
279988
69996
1049813
0
0
70938
139996
257152354
0
0
139996
0
0
19703756
0
279988
419976
699820
0
0
0
0
86812296
0
2239456
0
2799160
7620229
0
139996
0
0
419976
0
0
0
419976
1819636
769698
0
69996
3778530
0
0
25
0
0
4478393
0
0
1832344488
559978
349975
139996
0
3638648
699828
0
0
1399770
0
0
139996
0
69997
0
1539738
69992
4824756
4127303
28
0
0
0
0
730013744
699946
471
979900
15212040
24166018
0
419978
24650460
279988
1399780
0
4
0
279988
1119880
23213054
139996
279988
0
10483692
349957
839808
0
0
0
0
0
0
0
139994
769769
0
1259820
1819636
0
1118495196
4477950
1679664
139994
16770830
0
0
179436
0
0
237541320
349978
0
7
7
0
0
0
0
0
839869
0
69999
8
139994
177
139994
2
139996
419976
139996
135914009
35580896
209985
279990
0
279988
419980
0
2798160
139992
4338016
1959076
139996
0
978539004
0
69687
0
8385000
0
139996
0
76
0
139996
0
0
1889505
60
57240604
0
0
48
0
0
699940
1985
209985
209959
979888
69996
0
21935944
139986
209961
839916
2379388
0
0
839916
139996
0
49308660
0
419976
69997
0
419976
349970
909889
0
0
0
0
139996
0
2379388
0
979890
0
0
839942
0
0
139996
0
1539736
279988
0
0
3498832
1427
0
0
0
139996
17
10128973
13421376
0
69995
69997
3
0
558838
279988
0
69797
3009029
3567248
279976
1087946385
0
5043
1259820
771
22906206
0
489949
0
2799160
0
2379530
139993
909688
0
46
349982
0
0
0
94
769781
139994
979900
0
0
6
6
279988
0
349668
0
0
0
2282423632
6
4058260
89255469
279988
0
139988
979900
0
0
6994900
1259836
139996
1119856
279990
349965
5876390
5734550
0
88
0
0
0
140042
0
279990
629950
419976
139996
0
139996
559960
139988
69936
8
349965
389
350042
5177328
769857
559960
559960
87
56509516
0
419917
0
0
3078988
69996
139990
139996
0
0
0
10125450
139996
3078988
279948
36682180
3079230
0
0
70587
139996
0
88
14258988
139996
139996
839916
0
1119870
0
2239424
139991
0
5317308
0
0
0
2938674
1189709
2868665
0
2099520
139996
5247529
2239456
139996
489952
20536780
1
0
419976
139996
0
0
0
0
0
0
1119856
279990
0
0
86443015
279988
4757620
349968
279990
69996
139996
1259821
1749300
0
2
0
209955
4058260
139996
0
559960
69893
1399780
0
15455900
349971
699850
69997
139996
0
0
0
0
0
839916
419906
0
699870
137926
69995
0
139980
35847900
0
0
0
559968
419980
0
0
0
0
349957
139032
6670
0
0
0
0
0
699940
1819246
3079123
145613935
0
0
0
139996
0
909875
0
839832
0
0
139996
1795
204
301011
139996
769907
139996
2799232
0
139996
69988
279988
15654688
36
0
2519350
2239456
0
0
924700365
1119858
126764354
0
0
3499000
0
0
8918
279932
0
0
139996
0
349965
0
4338016
0
0
88983
839934
419976
12
32
0
0
0
0
0
0
0
33345280
70011
4617820
0
0
419976
0
139992
0
559960
419976
0
0
209982
1
1819409
150589
1959048
0
0
1329589
0
0
5457376
0
0
0
909805
559960
0
8404956
1119870
0
3148799
0
0
0
0
0
419976
1963450
3344
139648
0
4618080
1
0
139980
1119834
0
69997
699189
627330458
0
419976
1539736
0
1539736
70005
139992
139996
0
2198406
2239486
0
46
0
0
559966
69996
1959580
0
699940
0
6924113
2659336
209985
0
0
0
349955
1679742
419968
419980
0
0
0
279988
0
0
419982
0
5037336
0
139992
2938990
559955
559938
139992
0
0
0
225018078
0
0
419976
279986
0
0
0
0
0
0
0
0
6435676
979888
0
4
0
0
839784
0
797
0
0
13
0
48
29172220
559919
0
0
769586
1539736
139996
139989
1982392423
699930
5177328
139996
0
979888
2385604783
69965
279980
0
1119856
0
839768
2379388
0
0
69996
0
1539800
699940
0
0
0
1208957810
559962
419968
0
0
0
139996
0
419976
279988
28668608
0
51
349960
0
102230710
839934
0
0
0
0
349947
1959580
419976
1749625
0
24577869
63243956
0
139996
1
111
0
18724086
0
69997
0
0
0
0
0
0
0
0
0
1399848
0
0
7973388
209988
0
139996
139962
6780397
0
280600
1959580
0
209973
16
0
0
3218896
0
0
50283592
209983
0
21721005
71495
2239456
139996
0
0
0
0
0
139978
2939076
209977
0
139996
0
0
0
0
69997
0
979896
419976
0
0
13316529
0
559960
699891
279988
0
0
46260192
559960
2169502
699885
0
700151
0
421873
0
0
0
209989
0
0
349965
729962736
139996
0
0
0
1259706
69995
11659272
0
139996
0
139996
2729122
0
139994
0
139990
2
0
402
1
139996
0
139996
279988
9232920
0
0
559872
70007
0
839916
2169009
0
0
0
419966
1259820
279988
4897480
0
139994
0
139996
69995
279993
0
0
0
0
0
210000
565
0
1679688
0
32650486
0
139996
0
0
559960
11047360
139996
0
0
0
143371
18
1399750
4406029
0
629936
0
0
0
0
139996
699940
0
0
139996
15765534
1959132
279982
560
839836
559968
0
0
0
0
0
0
0
66
139996
17748950
182524860
0
839934
279985
0
1817198272
139996
139996
0
0
490140550
0
0
279988
0
14237772
0
139992
279988
1959646
0
279988
279990
52218747
7833726
69997
979762
301482
16910476
139996
559960
0
0
279988
0
0
139996
139996
0
0
0
1
68424
0
0
209982
209972
419952
139994
0
1819636
279988
1399792
5454064
139996
0
0
69997
0
1
6296728
0
0
0
69897
0
0
139996
12637237
2519331
0
139996
69996
772265114
77909436
769845
139990
0
0
0
7338506
31694790
0
0
2379126
1399631
279988
0
3078056
0
3848429
0
419976
0
0
0
0
0
38764876
839934
139996
0
0
0
0
0
559960
3148899
0
0
0
0
1119872
139988
699953
0
2659240
0
249359715
0
0
0
0
1329662
941909496
1
0
139996
4478156
0
559960
559966
3358800
139996
209982
3
0
0
0
675090966
139996
0
0
0
980265
139996
0
0
0
9439296
0
69997
25134840
95904
0
979900
139996
3918332
0
0
1329601
1399780
0
279989
0
0
0
2729210
725861102
1
1119824
6296188
0
0
499741396
0
6994900
0
68533732
279990
0
139996
279988
13003056
69997
222742944
0
0
0
0
0
0
5803231
15375584
3359110
24
0
0
0
0
0
139996
0
0
0
34
0
419976
419976
3357598
1119878
979900
0
0
0
0
629905
908947
0
0
0
209985
0
139996
34604028
0
979918
69997
107844760
139996
0
0
139996
1674101
69997
0
0
0
2
0
0
279988
0
2799160
279988
0
0
139992
0
0
0
699778
12
1399786
0
0
139996
0
559952
0
0
0
0
0
559946
489952
1819272
0
0
0
0
1119834
979888
70464888
279988
139994
1399760
139990
3
70008
1049745
699940
0
279988
2379388
0
0
0
0
69991
419976
0
0
0
37657852
700011
139996
0
0
0
0
69988
139994
69983
1
0
0
0
5107281
0
699940
0
4617756
0
2019397117
0
0
0
0
0
0
839832
0
139996
279972
0
0
0
0
0
559968
0
0
0
0
0
1679678
0
0
558830
1259640
0
0
1399780
2098850
0
4126401
349960
1679662
0
0
0
0
699870
15515356
0
1329601
69987
559912
0
0
3499884
279988
0
349961
0
0
0
139996
0
1469553
17357043
0
0
629964
139889
1259820
0
0
2372272360
0
0
11591456
0
139996
139996
0
139996
0
419976
4
0
0
8393128
5037856
209573
7691730
559961
0
0
140015
0
25201918
3638772
69997
540741
5597512
69929
0
0
1679688
979782
0
0
1119856
0
0
140
3357099
0
139996
25134840
0
0
349955
69997
6435765
0
140988988
20296615
141668488
0
1119820
489965
2239456
2448818
0
139992
0
89
0
92679
4266289
0
0
69997
0
2029101
279980
12
0
0
140010
279988
0
0
0
350496
0
52
419972
139996
0
559962
7199488
139994
138370
1959646
0
2
6
0
279988
419970
15280
489960
0
4897480
3918376
0
0
40983598
0
0
0
3847926
7414276
5242844
0
0
279988
4478286
3729
98980
139996
0
0
139844
0
0
69995
0
0
1539756
0
0
0
5246477
0
1189524
2
6995020
0
0
139996
979888
280576
559960
0
1679664
349961
0
139964
0
15794524
0
3358803
139992
0
419970
2
0
139996
1049894
2309520
0
629943
209937
7199189
279988
35
0
69997
4
559960
0
0
0
279988
0
0
629941
139992
0
559872
2379520
15
1
0
769937
0
0
69960
699952
0
0
964108
0
139688
97430176
0
0
139996
69997
265
0
139996
70188940
839910
69994
0
0
0
419976
136780
69988
0
979888
1119874
839881
0
0
419976
69995
209985
139992
5596720
139996
7478437
0
489956
0
56115148
69987
139996
69994
2518898
419976
1679571
0
279976
139996
139996
0
0
0
139994
0
139996
0
0
0
0
419980
139988
0
0
350931
139996
1
279972
30
489925
69995
0
0
1119880
559966
0
0
5317180
139996
0
139996
2659240
0
0
0
32371888
279990
1399756
69996
1400387
20852302
280353
559968
839832
0
279988
169356430
3498794
5456880
20
0
3218832
42
209990
559952
699940
139996
0
8952548
489937
0
0
70003
559960
38836107
0
699940
55817596
279988
0
979888
0
0
0
0
0
1049745
0
1117049920
0
70021
209985
0
139996
69990
0
3568555
979888
419976
839769
2098389
139850
0
4897480
69987
21
69997
139996
0
133626601
0
0
5587454
6220656
0
2869157
1
3078988
0
3219016
279990
0
70023
0
0
0
1
139996
279990
139992
2416383760
0
36205242
69996
0
1808824
209989
2799160
0
0
0
419976
108701901
769813
69997
0
246
0
139996
0
0
139994
0
559960
139994
3497200
0
0
0
279988
77697420
0
1119856
0
0
0
5035281
7272657
139996
0
4757686
279988
0
139996
0
139996
18704
2207123
0
0
0
559496383
69995
14030867
0
139996
979888
126016510
0
0
1749561
0
69964
0
979867
0
70000
139994
699940
0
0
0
279990
2659308
5037994
4336496
909805
0
2379388
973690876
699948
0
69996
69996
279988
0
279981
0
43
0
559966
69992
559960
909816
0
139990
0
0
0
419976
1259519
19713
209839
0
70141
0
139996
0
0
0
0
2
77358388
279988
39103102
419976
6156040
2519454
209952
0
1539756
0
0
20815300
0
0
7693840
139996
279988
0
0
5174376
0
6226738
1259820
349982
139996
104482866
0
69997
279984
0
1189609
0
559960
140108
69997
1119856
36269586
0
419976
22
139994
41611505
139996
0
0
2239456
0
0
979888
2
69997
1399798
5
2029536
1679667
139996
0
0
0
0
0
139996
0
699878
4407769
0
28198177
5596720
419980
0
0
139996
0
1119840
1539736
839942
559920
0
0
279988
139996
0
209991
0
69991
69997
69992
419982
0
0
1259836
62857650
0
0
0
0
0
190545882
2
0
0
139996
0
559960
0
0
139994
22169543
69997
141910
0
36059082
32881544
979892
0
279968
419976
909792
0
1049875
12583809
0
1959494
0
144249676
2939114
139996
0
0
0
0
839916
0
0
139988
0
139996
419802
0
0
279980
17119858
0
0
1
0
0
419490
699882
0
139988
139996
0
0
0
8811936
2659240
5177188
559876
0
419976
0
48892896
1539736
4618408
0
0
1189476
65365
216701094
1819636
1118924
140383
558570
139996
13700790
7
28
559968
0
3987276
349965
559946
0
0
69997
349390
0
419976
139996
69994
279988
0
5107382
69997
2448295
69996
139992
0
0
0
349955
419952
1259820
1119860
0
1469476
0
0
0
0
0
0
699572
2446185
0
0
349946
0
139990
0
120
1119858
349973
0
559960
839787
0
0
491669225
0
349972
8811871
0
629914
14241600
0
0
0
0
152201
140108
0
5456880
2
33901416
0
0
629892
2200861120
1259820
0
2239456
0
139992
26945880
8392798
0
140630
0
629921
139996
0
0
0
0
2379420
96364726
139968
7554460
139996
209969
70418
0
5346
121724236
25134840
0
766
0
139997
4897612
0
139982
0
1259652
139996
0
0
19560798
0
700272988
0
5317036
280002
50
69995
139996
65866068
3079006
10558514
0
5037365
69994
0
0
139996
279988
139982
0
0
0
2659240
0
3358800
0
699880
0
2728213
0
0
279996
70098
0
139995
0
0
0
559960
8246744
769964
69996
0
419869
10769591
502238716
0
139996
0
139996
0
0
22211563
0
139988
0
0
0
0
0
0
0
699946
0
419976
0
0
839916
69997
361372
0
279988
0
419977
139996
0
1081384695
559960
3498650
0
559960
22226644
419976
0
279988
10297250
2394222076
0
909805
70000
0
1819636
0
0
0
0
209844
349899
51530755
0
3778488
1959580
279988
559960
2869137
11047360
0
2029311
139996
699940
349923
2163340588
69996
0
348967
0
419976
1539736
0
9231024
0
4477360
3498748
0
0
0
0
0
419939
0
0
0
0
1539792
0
140056
0
139238
0
489923
0
0
419976
0
555168
69997
0
0
0
0
0
0
0
279988
0
1187654
3426815
21
0
0
139990
0
0
3638692
279972
139996
0
209981
0
0
279984
279988
349975
0
71430580
0
69972
0
1819652
0
209988
0
419976
0
0
11033647
209987
139996
209985
489944
0
0
419976
2099520
0
0
139996
279976
0
19839670
209985
0
96
0
279990
139985
419976
139996
629917
77496156
3498700
0
559960
3288845
69997
349942
2519316
0
1539736
0
0
559904
0
0
0
623198632
2659380
0
973489168
29568525
522456
0
69995
0
0
139996
0
21117585
489958
2169485
139992
0
0
0
209979
139996
0
979912
6435854
0
0
0
139996
0
0
419982
9
0
0
279936
0
280024
0
279982
209976
279988
0
0
0
4897480
69996
0
139996
559960
0
560346
2659420
1
979738
2239456
0
10
4338235
139996
349950
183737988
0
0
0
139996
102700681
1189677
139996
69972
2204262826
0
0
0
69996
0
0
139998
2444899
9365451
209988
0
24
489948
559960
0
0
0
0
279988
0
0
0
1456732120
0
69996
648
349960
0
0
0
1119888
0
58266877
0
0
0
12862888
1539736
0
1259820
5177188
0
0
11047790
58447202
0
139996
15381733
139996
1
0
18
0
74955
499124
69997
1539788
0
559888
0
0
6435802
0
0
221256
0
139996
419970
0
139988
2519316
0
0
0
0
2282100480
0
20528837
0
139996
139996
139996
0
8
139995
0
209974
0
0
22771240
0
139996
139986
0
20607417
350025
139996
139996
0
0
0
0
839916
0
139996
0
0
349978
0
0
1259752
0
2
1049797
0
69997
0
419976
37305366
13840200
139996
0
279988
5736556
279984
3
0
0
1329749
15794236
0
419980
69997
139996
69997
699948
279990
0
0
0
210265
60937180
69995
1329601
0
139994
0
5666270
6855100
419976
0
0
839892
0
279984
209985
0
2016
0
69997
979888
0
0
0
559960
0
144833
0
4338016
1119617
777288
0
1259820
0
0
629541
0
139996
0
3
139922
69993
821497519
279986
410964
0
74877880
0
0
69997
1194865134
2799235
0
1259674
0
2728401
0
0
0
7
0
0
139996
0
1539736
0
72886504
839926
10768578
0
69977
0
0
0
0
419976
2658410
0
139996
99630
0
279988
140064
1329618
139996
0
0
0
839916
9919552
279988
0
148
69996
69997
0
0
0
0
0
0
839918
0
2029554
0
69991
2449257
2659322
0
559960
65280
0
139996
489933
419975
979900
0
419976
0
0
69996
1119856
139996
0
1399780
0
0
2
1959580
69978
209982
0
0
349945
2448705
414402
0
10767988
1959432
0
0
0
139996
559966
0
0
0
0
909905
5386131
31986580
979856
140053
139996
0
0
47065567
0
139992
119855
20048947
279957
1920
3217102
2938991
19142188
209982
0
2118482
0
1386
0
0
0
74129
0
419976
0
0
0
6
0
0
139997
209992
69996
0
139992
839926
1329582
279100
0
0
140309
0
0
1819255
699860
1
0
0
2938678
1679560
0
0
140032
69997
279988
0
0
139992
839796
419948
0
0
3778588
3358820
979888
419952
0
0
769857
0
0
1462454316
0
139996
139996
0
263557965
0
0
139996
139996
139996
7693948
1119856
967583200
0
9
0
0
0
3
0
209989
0
0
1609309
69997
0
8254586
0
0
89268811
279988
69994
419976
5107189
0
279988
839916
6505916
0
0
33
0
279984
420074
0
263166192
559920
559760
2447435
0
0
0
0
2659205
0
18
0
14259388
0
279988
0
0
0
139996
0
839916
0
279976
139996
139996
839931
0
0
2245364254
0
139996
279988
139996
0
1189787
139996
419976
0
0
0
2150
0
1189812
279988
11
0
1119856
14655060
0
0
0
280011
2379532
0
0
699940
1861650700
0
209984
280055
2250559680
0
209985
0
0
0
349955
0
44993230
1329563
0
0
2379420
0
0
769872
1
347829
0
139996
0
0
419976
1539736
559960
139996
1819847
0
0
139996
559922
139994
0
0
3218896
6
260
0
0
70246
0
0
0
0
0
1959579
0
0
0
0
69996
0
139996
769865
69214
0
0
559960
0
8175742
139956
0
0
419976
0
139740
0
0
0
1539472
979912
0
7589391
0
334942
2518276
11047360
139994
2099308
0
139996
69963
3
69997
70024
0
0
209983
0
0
34
0
279988
1119856
1119712
0
209992
0
0
0
1119856
0
8672188
0
0
979888
139996
0
699940
279988
0
1889037
0
104
0
0
0
0
0
0
171
349993
31398300
3078988
0
1259823
0
18026661
31154368
1192312171
209985
6
9
769843
0
4
0
209983
10768716
0
559966
69993
6994900
209987
0
18585254
0
0
139996
1679488
0
22
0
0
0
7833616
139996
979912
279988
279976
0
0
0
70005
139996
0
139996
0
419976
0
279988
0
559960
0
139992
2939076
279986
4778306
69997
3638596
489948
0
0
139996
0
139996
15431075
0
0
0
14
0
279988
279988
0
69997
14932704
0
419974
0
0
31409834
0
0
0
0
53048916
0
0
69993
0
0
0
0
0
0
69994
209974
5876548
0
0
979888
139996
559968
0
0
839916
3428755
0
209993
0
0
6715296
0
419976
279988
0
139990
559960
0
3218896
0
279988
0
0
169171740
0
12863392
0
0
69994
0
1330601
2029041
0
2239576
45098726
559960
3638596
6017116
1119712
0
139996
0
139996
0
279988
1119856
0
0
979900
139996
5526721
145018957
2099520
1539472
10198542
979888
0
2
2764016
69997
75560833
0
349965
0
1185454750
139996
0
0
0
139904
1119842
628164
2211646576
6849906
12724432
0
69997
69994
279988
209976
0
699890
0
0
209991
279988
2799160
0
559952
0
0
699944
62322128
0
0
11608096
2728061
0
139996
139996
75015720
24718032
1469697
0
0
0
0
0
0
0
12164688
559960
0
139994
0
2239576
0
139994
69996
1399780
0
110
73637140
10
61242010
139984
0
419976
839832
0
0
0
349968
71292636
419976
489921
139994
0
140000
279988
419940
139996
0
0
0
1749485
0
0
7478124
0
0
0
139996
0
4
69857
0
1
349943
419980
0
0
139994
139996
139989
279988
139996
349977
139944
4547807
0
18160210
0
699948
699940
279988
3149011
95236054
280806
0
0
128176
0
2448670
279988
559960
0
0
1399794
279988
0
0
0
230617936
279988
6780397
3737
0
279988
1259850
0
0
279963
0
139996
139990
55955583
3567249
0
240
139996
0
0
0
139996
139996
0
0
0
0
1609366
3501242
70736
0
139804
0
0
5177258
0
0
0
19
0
0
88
0
0
9
0
699954
139996
0
4198140
0
0
0
69997
0
1399816
0
0
0
0
1119870
0
0
0
0
7065208
0
139996
349953
0
209973
69999
4
0
2379388
0
0
839832
839832
0
419980
629890
1119856
489933
559966
0
0
0
139994
909817
0
0
0
0
559896
419980
0
139996
699928
0
0
279988
349990
0
139948
559932
73224013
0
69993
6575488
0
0
279988
0
1
0
0
79011340
0
0
69536
0
0
0
419946
0
0
0
0
69994
51802488
4058260
8
0
0
0
0
0
0
0
279891
0
699940
0
2029072
69997
12
279988
559920
0
1
0
279988
17575992
279988
91252756
699949
0
0
0
0
139962
5317110
0
979874
0
0
0
0
279990
559960
209982
5876388
0
4753836
0
139996
69995
0
6
559911
139996
0
162689130
0
0
979720
0
1851327
279988
0
1959580
33570041
1609689
280134
0
0
0
279984
0
0
0
559960
0
0
139992
139996
0
0
139992
279982
0
139996
2
0
2659240
209983
0
279988
1944087376
1819636
0
4
419976
1119780
9512874
69998
0
69997
0
279990
139992
15
699888
4967500
0
6226281
139996
0
0
0
279988
0
979856
0
409026
279988
0
0
839904
1
419977
0
0
419980
11396791
279988
9231156
0
0
0
419976
419977
0
1206094401
0
2588634
0
116
909864
0
0
139996
0
0
279988
0
279982
0
5177188
139996
0
0
279988
139996
209994
279976
2385643540
647568588
1679401
0
0
419419
0
1259836
1196840814
3781136
39643389
0
4198140
0
12443980
142236
2
349977
0
0
209989
979888
0
11
0
0
139996
0
0
0
40987126
0
139996
0
4058416
69948
0
14311311
0
0
22211536
559968
0
0
1469441
563780
0
5317036
139996
279976
1259792
2239456
139990
559960
0
0
0
1119888
139996
1666515
279988
1119856
0
5196
419976
0
0
0
52
0
15933780
0
0
208228
3778488
1119856
2308713
69992
0
0
0
10
0
40
0
139990
31170714
0
839932
0
521828
769761
920933218
559960
0
0
0
0
0
0
91252756
3077888
0
2239456
0
279988
3427597
1
559958
0
419976
139996
1122
0
1539736
0
0
0
0
139996
0
279988
139996
0
489928
69994
3708566
559966
0
0
3287697
101543956
0
0
0
0
559960
0
35
69996
4
4964604
0
279990
0
0
0
0
139996
139990
0
0
17329246
69977
69997
0
3637914
559960
419976
0
7693840
0
69987
199
0
0
139996
0
419976
0
1399780
0
6779715
139996
702863953
730013745
0
0
0
3219047
69996
0
209997
0
279941
69995
95
139996
139986
1119840
0
2239456
5
279978
1539736
279988
419980
139988
139996
0
559938
1119880
0
0
0
0
275060
629941
139996
1959133
0
0
0
69997
1329803
1399780
139996
139996
0
0
0
279976
633138278
2135287743
1743259
84330
542980118
1045117576
0
72738
699940
0
0
0
0
12
1119870
559927
63
0
0
1259856
1819708
0
2
0
0
0
3
0
6715296
5456956
87691822
0
0
279988
0
570102768
0
1898571
6
59829340
0
489953
1609628
0
69960
1049841
139996
139996
0
699880
139994
2379459
0
0
0
0
279988
839926
0
0
39
0
1959580
139996
0
4058316
0
559966
0
0
139996
0
0
0
2
0
0
139996
43553437
280236
8
0
0
0
69997
0
139996
0
0
2099614
139996
979888
0
489965
29817798
0
769927
289830
279990
909792
699920
0
0
0
1119870
2099040
0
0
0
559966
1957222
0
69991
0
209985
139996
0
0
761900835
0
5592081
5736585
0
0
0
69997
419976
139984
419976
0
69982
0
699940
0
0
0
4826054
0
0
0
279984
139996
209988
0
0
0
0
1214460159
11466388
0
0
3632
3988237
0
0
1
0
0
0
219710280
0
0
0
5876470
0
139996
0
0
839916
52
1
0
0
69968
2915
279780
0
0
279988
0
9702687
139996
139996
0
0
279978
0
2275113464
0
0
699894
2379388
419976
279990
139971
8
0
0
0
3358800
69995
559966
139996
0
97841716
279988
209985
0
0
7
0
5736860
7134696
0
0
139996
676714762
2519329
0
279990
0
1819636
0
0
139996
139996
52
140010
0
1259820
0
0
1049815
0
279988
6855196
0
209983
0
0
10
0
0
43902738
0
0
629901
0
0
0
209989
1399804
1679688
3
0
139996
69997
42236071
425880
0
0
0
503237196
0
839932
0
2239456
139976
0
0
1119856
0
13900
0
349955
0
28058796
69315
0
0
0
1399794
699948
69997
1889401
560
0
0
0
699940
7
139996
0
139992
0
0
0
0
0
69996
0
1259612
0
0
0
0
0
0
699873
3638646
2
1189513
0
15073326
0
69997
0
0
16770960
7763771
0
0
0
0
0
139994
215134572
0
0
699948
839920
0
16
0
2098983
0
139988
0
139996
0
1119870
0
139988
0
139996
0
2519316
139992
279988
0
0
0
0
87414196
0
1539745
0
0
0
559960
279988
139432
419976
0
2
0
0
1577925
85
32816272
279948
279988
626016715
94273840
0
0
0
0
4
699948
0
0
0
279988
0
3776490
979888
0
0
0
1
139992
279988
0
139992
0
0
419478
69987
69995
0
0
8733750
73225061
88668036
0
0
0
6
279990
0
0
0
3287650
0
0
0
979888
0
0
16
0
0
0
979720
0
0
279982
0
0
0
0
699936
1259830
36679632
0
279990
139996
0
0
139996
93
419976
139924
0
22
2098904
0
7408336
139996
0
1
0
1609522
279988
0
0
120557488
839916
0
69995
5383763
11326876
0
0
71459033
942081994
0
139996
0
1679706
839897
0
0
0
0
0
24995910
0
0
0
0
0
0
0
1399780
769857
139996
0
279988
139996
3358704
0
0
0
3358661
279988
279988
139994
0
908406
14400782
0
69994
0
1959580
69997
0
0
0
65149141
70020
0
0
559960
0
1119856
0
0
279980
0
0
0
699940
69995
0
3218896
0
2169009
139996
0
0
0
560414
0
0
139996
0
1
0
0
139480
46397885
419980
0
699944
0
0
209979
559960
7318494
0
0
0
175928302
0
1819636
139996
0
1518547708
1259804
3000
70008
0
292452
0
69846
0
489937
17468500
70387
699940
1679728
2392073476
0
9
839916
0
5371550
139996
2379016
0
139994
70044
0
0
0
70040
139996
699913
139996
840468
159619382
2379388
0
0
0
9919970
31497996
0
0
0
419976
0
139996
0
2239486
0
0
279986
0
0
0
139992
139996
0
0
139996
139997
22
139997
69997
0
349965
1958800
0
279977
0
0
3077242
279988
209986
0
11662111
140010
0
4617988
139996
0
419976
0
0
559960
40
2659308
0
0
97649374
0
0
0
0
0
0
1679688
0
5802617
2168053
11
9371732
0
2
0
7
839916
139996
279988
419754
0
419962
0
0
140003
279988
0
0
69995
69996
279988
12
139996
0
0
30636856
10341918
209973
279988
839916
0
54
0
0
4
0
660
281226
139996
0
0
1119856
839640
419879
279988
3242311
0
0
699940
69987
0
5317750
0
0
0
279988
139978
69530
3638544
629883
0
419966
0
0
0
139978
0
18018077
0
0
279972
139996
139996
0
279976
1749349
0
4
0
349935
0
0
0
0
0
699940
2519502
419976
0
0
0
0
1848682836
0
0
0
33058888
215292
69684
279990
139984
0
1329721
0
0
0
280135
0
0
0
28615130
1749523
138
10491408
979888
69558
210001
1679060
2423571300
279988
70026
0
3637088
0
559968
139994
0
0
4757829
7834234
1119856
0
974056080
0
12443980
139992
0
17607996
559960
13268660
0
10628296
139990
69994
279988
69994
419964
139994
13421376
25274116
139996
0
0
139957
1993577740
3358800
0
0
0
349959
0
0
0
188326170
0
559920
2379388
0
139992
279988
559966
1
0
559864
699940
3218896
69997
123
0
209984
0
139996
0
7
0
48027667
349875
0
0
69997
0
0
69996
0
0
0
39133071
699940
4812
0
0
2378878
24995560
0
194538
15236020
0
0
0
0
0
426
32
41866611
279982
279968
2
0
419976
209982
349965
279988
17362721
4478197
0
839712
69998
979777
0
0
0
0
0
1399707
1259820
0
69995
1189763
624189901
0
104578
3918376
0
1679381
5317145
0
209987
139996
57509
0
0
0
0
139996
0
0
0
419992
0
0
0
979822
1119728
139975
349975
4617756
139996
0
349955
1119806
7063371
0
349947
0
0
77488344
979888
0
0
0
139998
0
0
139996
16352388
10275398
0
979888
24577696
419980
839727
59
0
139996
1119856
13476209
139996
139996
349979
0
349973
64535580
139996
0
0
979912
0
0
126154664
489932
0
279988
7
559912
2099040
979888
139996
349849
279979
279988
0
40708888
489929
419976
28
4897612
0
0
6016216
559949
0
139996
3218896
0
139996
699940
0
3357636
209985
0
349906
69939
0
139996
0
209985
209976
69940
279988
0
31120096
279988
0
0
0
0
0
0
0
0
279988
139996
0
0
0
225031
0
0
139996
0
0
139996
0
0
140022
785411
0
0
0
5873074
139996
349745
0
0
0
4477193
0
0
139996
1539752
7134696
0
414809
1098384
350006
0
0
0
0
0
139996
559960
0
0
0
1469061
279988
0
349965
279984
3076122
0
0
0
0
69993
0
769919
3428605
70013
0
0
889840
1329752
139996
139990
0
0
0
139996
70268
5664256
84
3638596
0
0
0
57616380
1
209898
0
0
53308637
489993
0
279990
279988
279988
69997
1539736
25691920
0
2251676464
49
4266157
0
4058680
1539756
0
139996
0
139994
279988
559960
69994
139996
8524872
79149060
3498700
95
419978
209985
0
3078824
0
139996
489951
139996
419972
69993
279976
979888
0
0
0
0
419976
0
2295
70109
279969
69997
0
0
139905
139992
559960
419964
941112756
139996
0
0
279988
139996
0
0
139632
1119476
0
0
0
139994
123072090
0
11605384
139996
0
699948
279986
0
139996
0
4897612
2799120
2939095
0
1539736
0
0
142238484
0
0
2939141
14817316
0
0
0
69996
419976
0
20980911
14
0
139992
0
0
139992
1469646
0
419928
489741
0
559966
419976
139996
0
14677740
0
0
0
699943
2939116
0
279928
279990
3706665
0
0
0
139992
1679688
6017008
1259820
5459094
158
0
0
279988
209980
0
0
0
139996
629892
1119862
0
559908
419976
69997
0
0
0
0
0
279944
0
0
0
0
0
2239456
1049851
74594927
0
60962073
23742198
2939076
1539736
839904
0
1247812456
139996
0
7059202
0
0
139900
699940
0
139998
6
5037336
10
110640459
0
0
0
0
4
139996
0
46674880
0
1609333
0
0
0
279975
12780
209982
3918376
419976
69995
0
46952188
0
183356792
0
0
10622779
19520482
0
139990
1539472
4406654
1259604
18
0
2659240
0
0
0
0
0
70878780
1959581
0
839916
0
1539472
69996
0
139996
419976
5
44
0
279964
0
139996
0
2799160
0
0
0
0
279990
19699956
979912
1399785
5806511
139996
0
279988
139996
1119856
0
0
0
0
0
0
36
0
419976
139996
69997
0
0
0
35231937
915823268
18270044
139857
0
0
489923
0
559806
0
0
27084726
0
0
47
0
0
23324548
1198165278
0
699934
279988
0
279985
279989
489949
0
0
0
0
0
0
0
0
140058
279966
2099520
6431352
0
0
139986
139996
139996
1819700
0
559960
70971
699948
0
279988
0
0
0
1679178
1539714
419970
12985032
489937
279988
139996
209983
0
0
0
98879022
0
0
2199982020
349982
0
0
0
1189660
0
489921
699940
0
69997
111555292
0
838292
0
1959580
0
0
0
69988
139998
0
279988
0
2099592
0
216
139996
0
209982
0
6
0
0
279972
139996
139996
139996
2417892967
0
909805
69995
209983
26805888
279990
0
139598
4335908
4477915
0
139945
1119880
139996
0
0
419980
69996
839926
0
0
10069630
0
69996
0
979900
0
0
559960
7272403
0
279988
32788385
0
0
349960
279988
0
0
0
0
0
1
0
1259820
560540
2375515722
0
0
279988
231017656
2099620
910165
183615508
699940
2
69997
0
0
15515784
0
0
0
0
279988
979892
138471961
69996
21025558
349968
0
66692622
0
0
1539736
6575488
0
0
49195892
16212871
0
0
839916
1046178210
0
139996
0
3358800
209985
0
0
1679688
699790
0
0
0
0
139996
595941097
69993
0
513352
139996
1
977562
26592933
769931
979888
979726
4
70730
419976
1679688
69904
0
0
61212798
5313996
420336
42409220
400
0
0
0
0
3
0
0
140914516
0
69997
0
0
0
0
10
0
1119856
0
0
0
0
0
6
0
0
0
5
0
0
0
0
1259820
279988
0
0
1819660
0
0
419976
209982
0
139972
6
1259856
6781933
2798566
8602372
349935
0
0
0
0
0
0
0
139996
9371020
839508
69995
699952
0
0
279988
699940
0
139992
139996
0
0
139996
69997
139996
3218040
0
0
419982
9503616
489956
1539736
0
0
139422
1959607
0
69996
92
559966
0
69997
69995
0
21428
0
4
0
139992
3287697
839916
0
0
1259542
69993
0
0
139996
279932
0
0
0
69954
0
139996
69996
0
4477888
139996
0
0
0
0
139996
0
419952
2282425470
0
419891
4585
279964
139996
0
97577118
559966
209983
0
0
0
0
769769
6995082
4897480
0
0
8385232
6715200
139996
0
27782348
139995
0
0
209989
2239584
0
0
1673848800
209988
69989
6994900
0
139996
139996
69990
0
0
0
139996
489930
139996
839914
139784
489894
69992
0
0
349955
0
15629601
279982
0
0
0
0
0
0
0
0
209989
1049861
0
2658213
139992
349711
69997
0
0
139996
11329912
0
0
0
0
0
0
0
630533
139996
559932
0
979898
559962
3987147
139996
9642360
0
0
1819611
839916
52
2029072
60
0
559960
21234000
0
629871
0
69995
69997
0
209957
839934
2519350
1344406
931694092
0
23463552
0
70186922
419980
0
0
2
279988
5876388
69979
0
51248416
9502270
419952
0
0
6436098
0
769846
0
708470964
0
0
175505
0
139996
0
0
0
0
209984
2192533056
1119856
0
0
4
63
0
139996
10768140
0
5037336
2251427188
1280103
1399780
139996
139990
5457028
0
839916
70001
279988
2448333
139967
0
0
0
0
32
0
18
839916
69994
0
0
1539721
40292380
2
351321
0
0
2379320
419971
0
0
139996
139996
139996
0
0
279988
0
69997
0
0
279988
0
69993
349980
1259804
502877034
419967
0
279988
6
209973
69980
0
13282316
0
24438400
115293667
0
2238912
0
769813
69997
69996
559966
2379388
0
629767
0
0
209982
209982
349350
25691920
0
1990873477
0
1119859
0
699597
5736928
0
0
0
0
6780687
0
0
0
1189538
2519316
2099572
0
0
139996
0
979888
0
69996
147234944
699820
0
0
0
0
139996
139992
0
0
69997
279988
69997
40432933
0
23697415
1
279990
9651208
0
0
909811
0
140010
0
699715
909895
0
559948
699914
138139988
559944
419976
279990
0
209973
629953
139996
0
979908
0
240337756
279988
6576438
69995
1189758
0
0
3219048
0
979736
972322570
1329567
769824
0
139996
419976
66674281
559966
349950
1
0
0
0
139996
39642246
0
139986
279972
0
139996
0
139996
839916
489881
0
0
1049841
0
279988
0
18584356
0
0
0
0
12862982
0
2239077
3147345
699940
559966
0
1259820
419976
139996
4338070
0
0
0
0
990460015
1259820
105523250
209989
0
0
0
0
0
0
17189496
349963
139996
139996
7973388
182
0
0
0
139996
489923
0
0
0
209985
0
81281
69954
0
3709321
2659240
489928
419946
22855170
0
0
0
1679723
419940
69999
1049806
0
279988
69992
1259622
139996
0
0
0
419980
53
72948748
5523365
1259641
5
3498700
1679746
0
1259640
69997
1399780
22352302
839905
0
729765750
139996
279982
0
0
0
3078211
69987
98801836
0
69997
11
6
0
0
0
1539714
27922190
0
0
349975
69996
0
0
279982
43976776
0
0
0
0
489695
22210500
2797485
0
0
419974
0
0
1329487
28
0
27
0
5664343
0
4896439
69997
139996
6994652
0
139999
1609684
0
0
106886489
559960
18
0
1399798
69978
0
0
279988
0
3008402
839916
0
3638544
347216
0
16060
0
2449026
279988
0
0
139996
140000
1259820
0
462665730
0
559920
1819383
69651
139996
139996
19002736
0
0
0
0
48
0
279988
0
14
0
139996
279988
0
0
2445145900
0
8532436
139996
489440
279988
279988
139996
0
700391
0
69997
6295948
0
19564358
0
0
0
279988
0
559966
139996
209986
0
3707549
8532436
1189623
139996
0
0
209973
70363
0
139996
2659242
559966
0
0
640
0
0
13562572
0
0
0
69996
419976
0
279988
0
0
0
0
79020326
0
51037261
279976
349960
0
0
0
1
0
10801443
4338076
2379388
489913
209766
0
1119856
139986
279988
0
0
890696968
279972
0
209718
0
279988
2519316
419980
12583798
0
839926
139996
0
5317110
699948
0
69996
139996
0
5876388
0
1469412
0
178216861
419980
0
69995
0
0
60345103
0
769824
221414440
0
0
769719
2296699801
279981
8532436
559966
0
0
209981
97704540
839724
11953364
1259820
27563572
279984
0
1119851206
0
0
0
559960
1469517
629838
302249740
0
69997
909779
1431
279988
0
69996
1819708
1469559
0
1399780
2099630
0
0
70054
559951
1609676
0
559960
0
3357649
0
489940
0
279988
139996
139996
1119880
279988
139996
489986
2205747100
0
0
0
0
2356209023
0
139994
9370888
349983
0
333333016
0
279988
685007143
0
419976
0
31025050
1259820
419966
139992
209511
69995
1959552
139991
0
0
489930
2938026
559963
0
0
0
0
1049817
839916
139988
0
0
979888
77771680
3219016
979818
279988
1889022
139996
0
0
3
699940
0
0
0
0
0
0
349960
72801696
0
0
0
165
279990
0
279988
419952
419940
35013496
0
0
832
699940
938
1679752
0
139977
0
0
0
9510616
0
139996
0
0
559934
262621758
46813870
0
0
1469087
279988
0
0
0
0
140037520
209985
0
11870250
139999
0
139996
839963
0
0
0
16
0
0
209985
0
1259820
0
2018811
910
0
699940
0
0
84
0
0
0
69997
69997
119024
22466
2379354
1119856
22417837
139994
0
0
2379354
15976185
0
419976
69996
12444820
0
0
139996
209985
139996
1399780
0
0
3217746
0
139996
13281760
0
419976
16464720
139996
16352712
419976
2099520
1539756
101407672
0
0
0
0
0
0
2379433
2519475
50835708
0
1670853228
54
0
279982
4687891
139996
5457028
0
1819660
1119856
0
419946
1
0
967692096
349949
1329817
139996
34744846
279988
3918376
419976
12637237
279988
0
5733030
0
0
0
0
0
419976
139996
1539736
0
139996
139996
0
559912
18
139992
140087
69996
0
0
9929776
699940
6079220
0
0
0
0
489932
349972
139993
35152488
279988
0
0
0
139994
292
349960
2939082
139996
608291681
4897592
0
767074620
699940
0
0
0
199895274
0
0
1819696
0
0
839916
1539786
2
5034726
70615
16
2519316
0
559912
279990
0
2799087
0
139996
0
139984
4542753
279978
69960
279988
0
0
0
69997
279988
419976
0
0
3917112
3358800
3498890
0
0
279990
0
141737986
0
2519350
9
0
115787160
0
69994
0
139996
1819610
2250942804
139996
69982
75
139986
0
7269285
0
0
0
1513923651
139996
1461361888
0
279988
11044038
0
0
0
0
0
140018
0
627867
979897
0
0
0
0
0
2799198
0
0
0
279988
21094096
1119826
0
540
279990
0
0
0
0
70011
839874
0
0
69997
469639612
699930
839916
10210756
0
0
0
0
0
0
0
699928
139994
140081
279988
0
11187040
33901416
0
69993
419976
1959580
0
7691530
0
70016
0
0
52220
0
0
0
2448425
419976
0
0
559961
0
629911
0
0
0
1119856
0
0
0
10209196
0
0
0
12
0
0
139984
0
209985
0
0
0
112567509
700560
629920
1259848
1819636
69983
0
0
0
0
279988
0
139996
699940
2029527
769888
139896
1189261
128882700
0
0
559966
1189839
0
0
0
0
0
0
279976
0
559960
839905
3156
0
0
1259830
0
0
0
0
0
15208
139996
419970
2422839
70096
69996
2659240
419976
279964
0
0
3498700
0
2247301418
81
345
629917
1889547
0
69995
0
0
0
349910
0
279542
1
0
629901
1945016142
70125
2518932
0
0
279976
0
1119789
1819636
139996
12304336
5037336
139992
2239456
699940
0
0
1119840
77
1
349977
1399798
0
0
0
0
0
0
0
209781
139996
629892
12
0
139984
0
139996
1959606
489926
3078988
559912
0
0
0
139996
0
0
559960
360
29775960
0
349967
0
349748
0
0
0
0
0
0
0
280534
1119856
0
209982
139996
139996
139996
139996
0
139998
0
0
3079048
24856276
0
0
279988
1121692660
349977
559966
559960
279990
1214280924
7408536
0
3778252
0
0
0
839854
0
0
2716796
0
0
139996
69997
0
1105833
0
0
839938
0
0
10069935
139990
0
0
0
1679688
69997
69997
69963
0
22348798
279988
0
0
839832
0
0
419952
419952
17538330
15096456
42099966
3778488
1539734
69999
0
0
0
0
0
0
10348754
1399780
0
279990
0
1469791
279988
0
139996
0
0
839916
0
0
0
0
0
0
0
139995
0
1959580
279988
2673
0
139992
0
2099520
0
489953
0
4058416
6083216
2
279931
0
6
489970
0
2379584
1609737
139996
0
0
0
0
54156580
0
0
489903
489901
13002516
16073320
15
0
139996
419968
0
279988
857947733
6994900
36338545
1049635
0
1959580
0
0
0
3
561108
0
1119856
279990
559966
0
9650340
0
0
0
23
0
0
0
26388928
1
279984
50708902
0
1469661
0
139996
349745
279968
419976
279988
139996
0
0
139992
0
139996
2185866820
111842
139996
419967
139996
279988
0
0
70006
0
139996
1679296
0
139996
0
263557965
839916
279988
0
1019319448
36146330
139996
420044
0
2
0
0
69996
1539784
0
0
139992
419976
419976
53049279
0
0
139996
12089069
139996
0
419976
419980
0
979826
3498868
10908164
12863188
0
0
0
0
69996
1259820
3
0
9
0
629898
0
69996
69997
0
0
0
133924374
0
1259820
1119856
0
0
0
139996
140031
0
139996
769919
349925
3638596
1
349976
489970
0
0
0
699948
0
7135884
31815590
0
62
279988
0
0
279988
2033312
8420690
0
0
279988
0
0
8
559960
139980
0
23881176
559950
2298462597
5037984
1329601
0
0
279988
0
0
0
69997
0
139996
0
7833616
45033
69996
0
0
0
909817
979888
54
0
279988
69989
5
0
6
0
279988
209989
69999
30843184
0
0
279990
3706979
0
1329544
0
137863996
419766
279976
0
8175843
70024
0
69997
139996
279944
559918
13983380
0
839854
3986580
0
419980
0
2869014
139996
70009
0
56371140
4967406
0
280001
53367
2
139930
23327066
139985
70005
139996
0
11813
0
0
139996
0
0
559960
279988
0
0
0
0
559960
1399798
0
139996
2239486
839924
3916863
8392734
0
559960
0
1399588
0
139994
1259802
0
2028898
279972
0
0
139992
1609452
349953
3358632
0
0
3918292
43623436
629958
0
1447616
0
279990
0
419660
559966
1679737
139754
0
5177112
279990
53741239
0
21
139996
12
139996
0
0
0
0
0
0
12583620
69993
279988
559920
69999
2238848
279988
3218896
279990
699880
209967
0
909853
0
139996
0
139992
279988
769494
909792
279988
349968
69994
0
489949
0
0
1819272
0
139996
979895
4757686
419976
0
0
209951
0
2088361307
419976
13682872
0
139996
4478183
0
69996
0
0
0
0
1959580
0
139996
3638822
0
0
0
559960
0
279988
8
0
1
0
16212856
0
0
69998
1609448
0
0
10069488
0
419919
4198140
0
279988
209979
279988
8883191
279976
9
419980
0
0
0
419970
979900
0
699730
0
0
419976
0
25274116
0
839916
0
12027276
0
0
2448495
0
0
0
69993
0
139996
0
22766536
0
0
139996
419976
16910476
12
0
139996
0
0
0
0
69995
0
2519316
59990228
0
0
559966
279988
0
0
0
69542
0
0
0
1848648798
69997
0
0
7414276
0
0
0
0
24307504
417570
0
0
0
1959580
209989
1399560
4
0
69996
559933
0
139996
139990
0
559960
5594048
1609698
140005
0
699120
4338184
139996
1679733
0
278233
0
279988
14956888
70120
699945
839916
1819708
9628746
0
2239456
16940061
349902
0
139996
0
3567781
1119856
69996
7274488
3107
0
1609514
3078988
279522
128
0
0
0
28
0
0
0
22928155
0
0
2799272
0
0
6920001
140012
139996
0
139996
1959601
489938
0
419976
489895
0
3077414
0
0
0
139996
0
419976
408
0
0
69963
0
69997
69988
0
69770
0
0
0
27303630
34874500
0
0
4198444
0
2
0
1049761
139996
70166
0
139996
47437777
0
70004
1819259
0
8
69996
419980
0
209976
84835133
0
0
0
0
139996
69991
90
2519336
0
0
139996
419976
839916
1909694
3638596
69997
279984
137843160
2381426488
0
0
419976
0
210054
209985
559980
0
0
139996
0
13292536
2099548
419970
0
0
2099316
0
0
0
559960
69995
3778488
1067
0
0
209985
0
1190459
0
489899
4611804
4755104
139996
2939076
0
0
374019830
0
1049758
139992
14679112
10907676
0
139976
139998
0
69994
0
7
0
419885
44610966
349849
699952
74634942
419976
0
839932
419897
0
315188
0
559960
18451678
209989
69992
0
27937316
122881317
0
139996
0
0
0
7897348
419976
0
0
209941
0
69997
0
0
279988
979912
0
0
139988
0
69996
8252920
0
0
139996
0
0
206467
139996
2
0
279968
5737514
16911644
0
0
559960
104024150
0
69997
349965
419976
25427989
0
1819636
0
139994
0
0
0
0
279988
1819270
0
1399798
139996
139968
69994
0
69997
419976
685854477
69996
419981
0
15768946
559880
559960
0
0
139996
0
139996
0
3079030
0
397118267
0
44
559932
459
0
0
0
10
0
489832
0
139992
419980
0
279988
0
767625388
0
0
139996
419976
0
139996
419980
1539736
0
69996
0
0
0
139996
1750
0
30
0
839916
0
0
0
139994
0
279988
0
0
0
10348900
0
0
69999
0
209986
0
0
0
3009130
0
4058260
0
279988
0
0
0
979888
419980
279988
489747
559960
62
69995
0
209985
139992
0
0
69993
839896
1
139996
0
419028
0
139996
139988
139997
69996
139994
139994
979776
69999
0
4
559960
139996
93999276
0
279981
699940
0
139994
139996
69983
909710
699940
0
279988
1959628
139996
0
0
0
0
0
45481697
139996
139996
0
0
0
0
0
1539736
0
113863696
0
0
0
7414679
0
0
1749325
209973
50063878
0
699948
0
0
15557846
279986
0
69964
15351381
0
1189290
10907830
0
0
0
0
0
0
279988
349964
0
3218896
279990
0
246180340
3
0
0
1679688
0
0
0
0
489901
209984
489867
629901
6220404
0
279978
139984
0
2729252
349962
1679688
419976
0
279988
69914
0
0
0
489949
1539756
0
600
0
0
0
0
0
349965
0
0
1049871
139996
699940
209997
0
0
7058970
14049093
823361
1119890
279990
0
139996
143305092
192598
0
0
0
0
279984
979796
0
69993
139996
0
69942
139934
0
139992
0
139996
198
0
0
0
20
2727621
0
0
279952
0
0
139988
0
0
0
139996
0
0
279988
0
0
0
8817425
0
139996
419955
69986
0
0
0
1609468
0
699942
2
47784016
0
0
0
0
0
139996
4198355
209886
209989
2132737516
979898
279988
629901
0
70018
0
13456228
139996
0
0
2099542
209986
279968
246
349982
139996
699948
279985
1819636
0
71427
139996
0
0
12358486
1609574
559960
139992
419976
0
0
0
69996
0
127377988
0
699940
7687570
0
0
0
979916
18
0
349977
1259622
349953
419976
419976
0
0
692754
0
0
0
0
0
0
769893
57311
0
69997
0
979874
1119856
354668
419976
1119856
559986
1819272
769902
0
349746
1679782
0
100611033
979908
2029101
4058202
0
0
0
0
69996
209984
702627504
419940
792
2164359
0
489953
0
0
0
0
61488388
419982
0
1959642
559960
3008466
9718399
0
0
0
559960
3108840
0
1119528
1819636
0
419976
699940
35921677
1
349965
979879
0
69997
17329516
0
0
279990
3918396
489954
0
69997
0
139996
209991
839916
139994
139991
2309136
419974
559952
0
70037
0
139996
0
0
839938
279988
3078846
139926
2271
0
279976
140028
769834
5106507
139996
0
110
629919
0
139996
350008
0
0
0
0
139996
7129914
0
0
139996
0
1399732
0
0
0
0
3217700
0
0
1399798
279988
0
0
0
144792900
979856
279972
559966
419980
279966
0
0
0
184000
69997
0
0
419916
0
349971
1119856
0
0
4052425
37574614
0
139993
0
18
20675896
0
139992
0
1119832
0
699952
215937
3496999
0
419976
139996
69768
0
5
0
69996
0
72
0
15
0
2659240
139992
279984
279988
0
70029
139996
419980
32332380
0
175524647
35
139996
21930388
139995
139996
21325750
0
69995
139996
337718995
0
69997
0
0
36
489915
279988
135141158
0
0
0
0
69987
209992
0
279984
909817
0
279990
0
0
699940
0
2183979016
2376
0
0
279988
0
0
1190120001
0
139996
5317036
2
0
0
4407885
629941
69982
69996
0
0
1119834
3079120
1119715
10256354
0
0
0
8672188
1223
0
442
0
69986
0
0
1259848
419976
16910476
5457049
0
1959592
559960
0
1259861
209982
35013496
0
23957880
69997
69997
0
139996
15794236
10628296
699948
0
489942
979798
6
0
279988
33484320
1399780
0
36959020
0
279988
139994
280103
7135082
0
698634
69996
1287
0
0
0
10946
0
70012
0
0
0
70005
0
11189272
32
0
0
498028812
979900
139996
3
0
419950
11733216
0
419977
419976
0
0
152255250
69996
139992
139996
0
0
11746019
139996
0
0
349973
139996
49
139996
0
492309762
0
279978
0
209983
16
0
0
10838893
47506756
2939076
1329661
11871268
419946
1259820
0
1846808820
2939212
139996
0
0
0
0
0
22
2
1539736
20352108
0
349974
0
0
699948
0
0
279990
13840003
1399760
0
559966
279988
1259674
107398
0
139996
2210759680
0
1539760
68452
5317180
0
699940
4338016
0
153
69997
139996
0
414778
0
0
0
0
11607120
139996
84445807
0
1259836
0
0
139996
0
69997
37164510
419976
1259407
839916
279990
3520
9012714
0
699829
0
0
279978
1099891422
699840
3287697
0
139996
1972
18
0
194358554
139995
2519316
0
559960
69997
489972
0
0
699940
0
8036664
0
0
249359715
70551
0
279988
0
0
261564511
34189213
419976
279990
4337608
0
0
559920
279956
139996
0
18
0
419976
0
0
3
0
349995
0
0
139996
139990
279988
279988
419976
0
4477888
7
1959072
0
419976
419980
139996
0
0
0
139996
489961
2727657
1119880
0
0
0
0
0
1518925600
0
0
139996
76119390
1180986360
279988
139990
6080670
1889200
2129505388
489930
3008340
2799198
7546620
1049874
0
1119918
139994
9919834
231
3918606
139996
11326716
0
209989
279988
90
1749303
0
0
279988
279988
207486
139996
139996
559960
98135192
0
139990
0
0
0
0
139996
0
0
139996
875878631
0
126
0
3148507
139992
2135635227
94822920
0
2799160
0
0
0
0
6424159
0
69997
0
0
0
11606210
769043
0
0
0
0
279988
559960
8114326
139996
210082
3358800
107361963
0
1123094270
0
979888
0
699940
69730
3847033
0
0
279988
0
1
489908
3218940
139996
0
69996
6
1259803
348677
1259848
139990
209985
2798373
0
12
0
839916
68288828
17329726
69992
139996
0
559960
4198140
1539756
14538160
0
1259622
0
139996
139996
279988
24
0
4056518
139996
2519316
69995
4058262
0
629935
419976
0
1609425
70801656
0
0
139988
0
0
3078111
0
139996
139988
0
139996
0
0
0
279988
279922
279990
0
3567500
0
839975973
0
18723820
0
3357868
279978
0
1399780
0
0
279988
0
0
5453760
0
91652520
0
839916
1119880
4546528
0
280024
1119870
0
139996
0
279988
70009
23477097
139996
0
0
7134696
209976
69997
0
769941
419976
0
0
69995
69996
69997
0
17608246
0
839916
279989
279972
699940
0
279981
0
0
0
69994
0
139996
979899
1259836
279988
0
0
0
0
0
0
0
0
3427163
0
4338016
0
0
769224
69996
0
81159
69991
0
0
0
839916
282247
279988
1539743
559960
0
0
0
0
0
420454
0
0
8252698
3218850
209984
69997
691744300
0
1889567
0
0
0
139996
102
0
2798546
0
0
1844583988
1819661
349980
9
139996
139996
0
7689946
283944
419979
0
139996
139996
419980
9650476
0
139992
0
979888
69996
0
0
0
699948
0
559960
699940
0
10628296
0
0
0
139872
69995
0
0
5034454
75582018
0
0
139998
139996
2939217
0
1119856
0
69990
0
485139
139996
1819272
38953596
1119870
139996
0
9
0
139996
0
0
629903
0
69999
139996
0
6435934
3497350
0
1609425
279980
279976
0
0
0
0
0
0
70092
69890
0
0
0
699948
0
0
139998
279988
0
0
139988
0
300048437
0
69957
3
0
489930
2239040
11745721
209986
0
0
419967
0
139990
7694320
559967
139996
0
0
0
0
0
0
1666193951
6361547
25274476
0
4757974
0
979888
419980
699940
69997
1119856
139996
279988
2519280
3147066
279988
7409640
279988
1049685
0
279991
353456
0
69997
139986
0
69996
25844214
0
57
0
0
139996
0
1679688
1
19805978
2868237
559919
699940
0
0
0
7553953
0
0
909792
279988
69997
0
1749079
0
0
0
0
0
2168667
4
2394235246
209757
139996
0
0
839916
909771
1259866
559960
69997
105759890
139996
139996
139996
0
0
19849
0
13281760
699952
279989
69754
69995
2021709117
3218896
489811
0
559960
0
559914
0
6082257
839916
839916
0
279970
0
5457028
69746
0
0
1
139996
139996
0
968
0
114820540
979844
1179261308
0
699948
279988
0
3078944
0
0
0
5037336
0
0
0
1819611
8
0
3638338
0
0
0
0
6361541
419398
0
0
139986
2099010
0
0
209787
2239538
139996
2
0
0
419938
349977
419980
139996
0
139996
0
69996
139852
349950
70011
279988
0
419980
3918376
0
139996
0
209989
279984
0
0
1539692
2938234
0
0
0
7408022
69996
279990
139992
560237715
0
0
419976
279988
7274488
1119760
75
0
1206094401
0
0
0
0
5317036
209985
0
3916696
839934
0
0
139938
16602880
32928372
699932
20954700
0
0
0
0
0
908544
2163104800
139996
0
0
0
0
0
0
0
0
140222
559960
0
559960
279988
89742780
699948
0
0
0
17018268
0
30
0
70020
279988
0
0
0
0
0
559960
0
29
0
69959
0
14956888
69993
1119856
0
0
46731074
0
45285212
0
419980
3358846
209989
419980
2379388
69073
0
272
0
1959580
29868416
0
0
419977
7408552
0
140020
0
839904
23045220
0
769879
0
0
629933
559960
139996
21186672
985
0
139996
139996
419952
0
70036
54088359
70005
279972
0
11749086
0
0
0
0
0
349922
2099520
69996
2099544
1959580
69995
0
139996
0
0
2658252
0
0
139998
559994
13144290
69995
559960
559960
0
69996
279988
2762016
629950
7134537
349977
0
0
419976
69985
21
279908
0
0
0
0
279990
0
0
279988
0
0
839916
0
0
2239456
139987
769919
69986
3638694
15560273
279988
0
5456880
0
0
350175
0
0
0
0
139992
699940
3357651
0
209811
0
0
349977
139972
31672763
139996
0
0
0
0
0
0
0
0
0
2169505
140050
0
0
0
0
0
0
839832
139996
41680002
0
0
1399780
0
24438400
139996
6996136
0
0
0
139996
2659240
559960
279988
559966
0
0
0
0
0
0
8113156
210031
69996
0
374
419976
3778121
0
139996
979888
0
0
139994
0
0
139983
0
0
279880
279990
1469576
69997
699940
2279
209999
1049852
1399784
139996
0
140007
5177188
0
0
292
10418839
0
0
629918
419976
4198080
1469151
699896
4617756
209987
0
0
0
839934
0
139990
115968900
0
0
19
139996
1259820
419959
0
559960
139996
0
0
941222620
1119856
0
279988
1259820
1956808
22
0
0
0
0
4338016
2416665203
0
0
559960
0
140
3700513
0
629900
139996
0
69997
0
3078988
0
0
15604848
0
349965
0
0
69992
209985
139996
699940
5034603
0
0
979842
0
0
559960
6
139994
0
0
69994
279990
0
1959348
123
0
631498
139996
0
0
2658703
2659336
0
559961
0
0
1
699910
419068
0
2379504
349936
69995
87292684
0
0
0
0
0
279990
20773597
0
0
69997
139972
4477924
0
0
0
973390
0
0
139996
69995
559960
139995
8
419976
19385720
839920
0
3148897
139996
0
1679688
419976
0
0
559960
419976
0
699930
0
839920
1609195
279986
0
489930
0
0
0
979658
4931680
0
3147885
0
0
1539736
0
279988
0
0
0
0
0
0
0
209989
139996
0
2099665
629875
559960
1119886
69997
0
0
0
41681196
0
279997
0
1189848
0
0
280004
0
699913
839916
209981
42
279867
0
0
139996
0
0
0
419980
1119856
279988
0
0
7694052
0
139990
6
4338026
0
0
419976
22505025
0
895937560
139996
209979
979878
0
0
979888
0
0
1119861
6575488
139996
279990
0
70375
0
1259820
44
0
2
559952
139996
0
0
0
3497302
0
979888
69997
69996
1748975
349680
4198354
0
139996
0
0
559896
0
559960
0
0
279988
0
0
840358
0
559960
4058260
0
139996
2449250
769911
47
699946
0
0
39784003
0
2
699860
69997
0
419979
2
0
0
279975
0
17677866
0
140008
1889517
139986
0
69667
0
86029960
0
0
12556259
139996
2935422
0
559960
921787080
139996
139997
69792
139996
139989
0
0
979678
139992
839916
0
1749637
0
69995
0
10767283
699870
16
139996
7268772
0
69997
0
559960
69774
5177188
1329808
0
0
2239460
279648
419980
1105530
0
0
139996
139996
139996
139996
2099528
979888
1119873
0
139996
0
0
559960
1539736
979646236
0
0
280760
0
699880
1399780
559968
121
0
186708926
0
0
6
0
0
0
1399592
5386179
4617756
139996
279990
0
0
1048239
419976
0
69997
0
279988
6
0
1119712
0
0
139996
3
0
0
0
139894
209989
0
0
69954
0
1208567655
0
139996
6296560
0
279990
0
0
3778488
0
0
979888
0
2391728740
0
0
0
69990
973661652
0
0
148
69993
139996
0
0
69989
419899
489913
0
69909
0
0
699870
139996
0
210060
16548723
1259820
559960
139996
139996
1
1959590
0
0
565845722
0
0
559960
0
0
979874
0
0
839922
0
5736852
8528840
279988
92900860
2519346
0
6435766
3778540
0
0
209970
839918
489961
0
0
139988
6155880
69897
0
839807
0
699680
0
0
0
419980
0
0
279988
1680345
0
4687621
0
559920
0
69997
139996
70005
699940
0
3498700
139994
489959
979725
0
0
0
1959580
0
139996
11382297
839916
1856632096
0
1119856
0
419976
139996
0
98
1382
0
3
839916
588
0
0
0
0
489974
3148963
0
0
0
0
279988
0
0
0
1119856
12706873
279990
0
279988
0
92146213
1819643
1959580
1399782
0
878128
25831180
0
0
0
0
0
419980
0
0
3218896
0
0
4757998
0
0
0
0
0
69997
1259820
1119870
25304972
139988
139996
3498748
0
0
69997
69997
20604856
0
0
139997
0
1
211903
20815300
0
0
139996
0
2589170
147498
108969165
0
839926
69997
0
349978
0
0
70127
0
0
7974088
209919
0
0
0
992795954
0
0
0
69992
139996
0
699946
559966
69997
11326716
0
279990
209973
0
0
7
3502
1259848
0
14677740
19455206
0
4
419954
25207146
140067
0
0
0
419976
1959606
279990
279988
0
279976
0
0
279988
0
2
1191917
0
0
139996
140194
0
0
6295698
139996
0
0
139996
59828049
0
0
0
3078786
0
7886638
209979
0
0
41682376
2
420068
1819636
0
0
8315604
349902
0
139996
0
349973
349977
0
0
699940
10350196
0
0
139996
279988
14885492
279988
69997
0
839934
979828
0
0
909862
1
139994
0
0
139992
98460910
1119870
0
0
22766210
69986
0
0
0
3498700
0
5596720
0
629953
0
279990
0
2169417
69997
0
0
769846
1819636
0
979888
0
699940
139994
0
139992
553136
36820080
3498700
44594560
0
1469701
0
2099521
839926
1399805
0
559932
0
0
0
489801
0
0
6016216
489969
47148340
0
629901
3986800
0
133507888
279990
139996
5177188
216
139996
0
0
0
0
0
0
37
0
279988
0
0
0
1
139996
0
279988
0
0
419976
0
0
5456880
0
0
0
0
0
0
79011340
0
128344920
0
0
279988
0
108529120
139992
69985
0
279968
0
0
6293492
0
0
5107295
489935
1749373
0
7675340
0
139996
419976
1819634
0
1119880
139996
116
0
2169158
69997
0
0
0
139992
629901
55263988
0
9930000
5177188
349977
0
0
0
0
0
7624510
419976
1
2097878
0
559960
0
979776
0
0
839916
279981
2239566
0
0
11794715
0
2658747
0
979888
25838632
139996
139996
0
0
69997
2099520
489930
0
139996
6
139996
139992
70061
0
559942
0
0
5314073
0
0
2129556016
935834580
0
35569440
279860
25
0
3358704
139996
209973
1679742
8890
13560988
712936506
560022
0
0
209985
139996
20
0
139992
6017122
0
0
3638596
0
0
139996
419980
69995
139990
0
559966
0
4897480
0
3078988
559924
1119856
0
0
139984
2
0
0
1889262
24
209985
279988
559960
275476854
69986
0
699930
8664252
53061292
0
139996
909847
279988
69997
279988
4478502
139996
0
372
699940
0
139996
13979800
139996
0
2184946780
0
279988
0
0
17
71559
0
419976
279988
0
280388
0
423
0
279988
2308779
0
0
0
279525
139996
0
0
0
0
129532996
0
0
272146
349965
31
0
0
69997
0
2168855862
139996
0
209985
69997
1259820
0
69997
0
0
419976
419978
0
0
0
0
0
0
0
423
0
1399784
279165
0
534135824
139991
0
1819246
5177452
0
279988
0
3567931
0
0
0
419976
0
0
2098110
0
4477950
279976
0
559960
9
0
0
0
559952
0
419977
12147810
279984
0
839932
0
0
11101084
0
92045432
9245
280023
1198888656
27
11
13
1049797
139997
139996
769869
0
140158
0
5
0
139988
0
15769654
1203666138
69992
11848480
0
419976
0
1602267
209979
0
70019
0
8246674
0
0
0
839935
70021
0
139996
2187547758
10491286
47368120
0
107846316
139996
676692353
0
139996
279988
139996
0
9032215
3916752
419968
69994
11606056
139996
0
664
0
0
139996
489954
0
0
0
0
0
139994
0
315
0
209986
0
3498700
4617756
209985
0
0
0
2238958
0
8672188
209964
6296344
0
279932
0
0
769879
0
0
139996
0
97
0
0
1259662
0
0
0
0
0
0
0
69993
0
0
0
6639455
279990
106411823
0
0
1
0
30209371
3638596
2939076
0
0
0
139996
841226
0
1958852
279988
0
279966
0
0
628750
839919
0
0
0
139996
4618188
4897343
6
0
419980
909910
209986
0
420904
2309292
0
839916
0
0
209952
837
0
16352280
22766214
0
13
0
279960
0
139996
419910
419970
139996
279988
5593860
2308276
279988
0
54295020
2
139996
139988
0
139996
419976
0
419976
279988
0
0
7677890
0
44871988
140001
839916
139996
0
0
1049723
979888
279988
4477940
139984
279988
2517732
0
8
139992
139990
295
0
0
279988
279988
1539516
1124539091
0
279978
0
0
0
4757620
972266285
419980
0
0
419962
70011
36125320
9651616
0
139996
559960
3350840
139996
0
1119838
1399798
139996
0
0
0
0
139980
0
53325090
23
0
0
0
11885891
3078988
0
3486
1
9220992
699948
0
0
0
0
3
1195737592
69958
2426090488
0
1469778
2799160
0
69995
0
29451784
0
0
0
31930906
69989
139996
7688326
0
0
0
2449088
0
349972
0
0
279988
0
0
699948
141115
4757714
69997
0
629903
0
69751
839916
559762
139996
1
0
0
4
0
559960
0
0
0
0
699956
209788
279988
69996
0
139996
0
209973
0
559960
0
0
7275105
0
11424
18
839916
0
0
0
0
79007656
0
489937
0
279988
69982
139992
979888
1067630862
139996
209985
839845
0
1195617724
419977
0
699948
69997
0
419970
0
0
139996
0
0
0
279988
15515136
2379389
0
140140
0
0
699880
0
0
6
0
0
0
0
559960
0
0
0
11466228
279988
0
0
0
1899506980
0
0
136614
139996
0
0
1259836
0
69997
139992
0
3
839784
0
0
0
0
699940
1189630
0
1959580
559944
2379492
2
209925
0
0
209992
0
3278384
0
0
0
1
0
909632
0
560457828
0
0
2104
489906
1861946437
349798
279989
13
0
69995
489942
425148
1119856
51109888
139996
3638596
0
0
1819636
0
139996
839966
69996
139996
0
139996
84175507
279990
1
6
0
69994
0
0
0
0
139996
0
0
0
0
54710316
69996
0
0
0
0
0
419980
279979
279986
699940
559960
349960
0
0
0
0
0
0
0
0
489958
0
16
979879
0
0
1049730
279988
279988
0
0
0
0
559966
0
139996
0
0
139994
139996
2939076
139996
0
3918376
236210740
349989
69989
31120096
316466
209973
302136470
0
0
0
839938
3568193
0
0
0
0
2203578297
2239552
69996
0
139984
2
1119829
0
5037336
78911
0
0
0
2658505
349980
69999
0
69995
441
1399780
1609579
419952
30387
2298323716
0
0
0
140072
0
0
0
0
0
0
0
0
0
0
0
4478008
0
0
279990
69995
8113264
8672685
0
245257980
0
139991
0
139992
419976
0
0
0
139996
0
419976
139648
2029101
139996
839748
0
0
70155
626924180
0
69997
139996
0
0
0
0
1049846
0
139996
0
0
77771680
0
139970
0
0
0
2239356
10738
15000
279988
1334
4198252
0
700227
0
8
489957
0
0
349955
0
0
2418
11
2448320
559904
0
81
0
0
822801672
769877
139991
10069488
559960
35431966
0
0
279988
139970
1889217
0
419976
629931
139996
69999
2659240
0
2939076
280005
3
1093900068
1437647451
419976
1819680
10895352
209982
0
8183063
279975
0
0
0
1097895433
0
0
0
2099532
0
0
279988
0
0
419778
79
0
699940
279981
0
629901
0
130
279990
0
69995
279988
0
0
70007
139996
0
0
699940
0
139996
0
0
349955
0
1469597
524890800
69997
139996
0
69997
48908150
0
139996
6
5
0
0
909600
839916
0
66
0
0
0
1049715
0
0
0
6716190
48559506
839883
0
139914
349960
330298
349954
0
0
0
1218666123
699948
699940
0
29292348
699940
699950
0
185
0
139978
0
0
209982
0
0
0
209980
21953869
60780
0
419928
139996
0
699940
699800
0
8252920
0
0
1539514
69975
0
0
69997
0
279930
0
0
72809816
0
0
2799160
109
6
489496
36
279970
0
0
139996
0
4338016
1119856
3079246
0
2726541
279988
69995
139994
0
139996
0
2099523
839916
559966
139996
1259686
840156
0
0
0
419976
0
0
209982
2299654996
8672310
139996
4052610
1749304
419976
139996
0
1539764
139996
18
0
0
209985
0
0
69996
0
559917
126429
0
0
0
0
0
69750
209956
419976
69477
5
0
0
0
1259836
279988
209983
0
8392680
28963680
210186
0
149543380
139996
2308909
699940
210002
839926
279988
0
0
0
0
559960
9020895
419956
0
0
15769798
44178388
0
0
0
0
209490
5737364
0
0
0
350404
0
26
6428988
0
0
0
209985
0
0
0
0
0
1119856
7835422
69981
9929916
279988
0
14
0
559960
0
0
0
139996
0
72069
0
0
419980
1119850
0
69997
69997
7274488
0
139996
0
419760
4547933
0
0
0
2519316
979888
0
0
69999
0
1259820
629413
6944
139914
559920
9231156
0
279988
0
3780
0
306215
40190706
0
139996
140386
46397556
139994
6435676
279988
0
349935
0
37239487
139992
139996
139996
6
139996
0
195
0
3438
909766
0
139996
0
1119870
0
139996
0
0
0
419968
5387027
69993
1943521072
3077710
69997
139996
0
0
0
0
280012
0
0
0
0
139994
119
0
0
0
139996
0
95985083
0
90840640
0
0
0
6016288
1077620543
210046
0
0
0
0
0
0
419980
2099520
0
629892
17468500
0
0
0
0
20954706
0
279988
0
559966
0
419976
279984
21
279979
13002700
489873
0
139996
7414276
699940
139996
0
0
0
0
2308814
0
69997
2
69997
4617756
114773296
69997
0
0
0
4
139992
0
0
0
110503696
559968
9650340
0
139920
559942
559966
559960
0
0
12
0
279464
0
1119880
0
0
0
0
0
419962
3358800
0
1399560
0
4198170
0
0
279988
0
0
0
0
4617756
70006
1679688
279988
25831180
1259690
1399822
1189709
0
0
69997
3079290
54234
0
1399780
0
6575488
139996
13211930
0
139188
419952
0
0
0
1399780
209772
7408572
4056908
835374516
279990
1119856
410529
699910
139996
43088244
139996
3218896
419956
0
72261776
559960
16
0
0
97
1104
0
909913
69910
699870
139996
1804
817383060
0
0
1959494
4
0
0
69991
419970
58
279981
0
559960
0
139996
0
0
0
12
979897
839917
140155
139996
0
1679688
0
0
839916
69958
0
9
0
0
6435676
136786
377
29
0
38
55
0
2412481230
0
559960
0
1
3078988
44321757
209984
139996
8245944
559960
18
699940
69996
699840
0
0
69997
25844332
0
0
1119856
419976
0
0
0
839840
0
8252920
69997
139992
839924
279973
2
139996
1
139046
0
71987976
279988
1119870
11885380
0
0
69996
699940
0
0
8526998
0
0
0
0
0
839916
489974
209989
0
279988
769549
139992
9091548
3776906
699940
419904
629943
629904
0
0
139996
0
42
5
0
69996
0
723
1049044
96704
0
715168432
69999
0
0
0
1119868
0
2379388
817333006
0
0
0
4897548
0
2094830
190
559887
0
1246738078
69988
279988
979888
0
139996
139996
0
139996
350001
0
0
419952
139996
839916
135168
0
0
139964
0
42790888
69997
31088850
0
699940
23
0
0
0
1666523056
0
1188403
69997
0
1749603
1259836
0
0
0
0
1259856
419696
0
0
13
35993736
1539736
135601967
139996
0
139996
0
279988
3638596
419979
0
1679710
2099098
139992
69997
0
12721318
0
139996
139996
76669488
279988
419980
0
0
559960
0
0
699940
140367
0
0
279988
699940
0
0
11
0
559960
0
979888
10139368
0
349250
0
0
139996
280266
10069488
419976
4338166
0
0
0
139992
0
11047360
0
1117550556
0
769928
0
16143369
0
0
0
0
139996
2799160
69987
12373768
94149384
38076786
0
1259802
139996
0
0
0
699956
0
0
214
69996
419976
139996
279988
0
0
139996
559960
0
0
279988
139950
0
1399360
0
139996
209970
0
0
0
909779
419980
419980
7477067
11606056
489957
209980
139996
0
0
0
139990
279988
0
0
1049746
0
0
699948
25
279996
1399798
0
187908940
139996
1959606
0
3498538
839926
420458
0
559960
0
1959628
0
139996
19769662
1838696013
0
349960
209973
0
0
0
0
69995
139996
0
0
1399780
0
46953528
118896
2379140
139996
279990
0
139996
139996
0
7693948
0
0
1819636
0
24826596
7
2239486
69979
419976
1259820
0
139996
1679710
1119763
0
0
0
0
1889329
0
0
139980
1329704
209989
139996
419980
279988
11047966
10418823
0
769811
349960
0
2518720
0
0
0
0
69996
5033953
629911
839042
0
139994
36266472
4
699807
0
0
1749673
979908
0
0
419962
0
0
279979
0
140018
489973
0
0
699950
448
139996
0
207387
139996
279988
0
209916
3218896
0
349885
3
0
209985
2799354
0
0
279972
0
133516
1262232
279990
419967
0
11035187
0
346353
0
279988
0
700771
629803
14328880
0
0
0
10349188
0
0
0
0
0
489905
0
0
1119854
0
69996
419982
0
139996
0
0
0
0
69997
419976
0
139996
0
0
3498718
279988
16
559838
2939350
279988
139996
174167
4058260
27
2
0
1119856
0
8
0
3078944
279988
9
1469545
0
139996
0
279988
0
0
0
209989
210022
0
0
699940
0
544
209976
0
419980
0
0
7341349
279988
0
0
0
26592934
559966
0
9792272
0
2659336
0
15933552
0
279991
839784
139996
8
69997
0
1119870
43224142
0
836124
70790
0
1119870
419684
0
0
0
279988
139996
69996
0
15305569
419976
2239456
0
419976
0
0
15794460
1469765
57
419976
211282828
0
2203535596
0
209985
0
0
0
0
0
8
0
0
106601461
279978
139996
0
3428771
279981
209985
60
0
9091420
0
0
0
9013383
0
139996
0
2239487
0
139996
1389416
139990
2371974983
0
0
8944590
169
0
140021
139996
7973388
419976
69997
1749557
0
699942
279984
0
2379110
0
139996
0
139996
139996
0
279988
349915
0
0
209991
0
0
209891
93142
1816542
3007499
0
69997
0
0
0
1
22493994
139996
0
0
840586
69997
0
419958
18559617
1570
1679688
0
0
0
139992
559960
190752
839886
0
5737434
69997
1399780
139997
0
139996
139996
209966
0
139996
0
0
349941
139996
0
7
4965477
419976
0
1399828
69978
14259190
69950
559960
33158178
1539736
559960
0
11870420
2868237
0
0
0
0
279988
406091941
69933
979773
69997
2
0
1
2435805388
839932
0
69997
0
6435676
69996
139996
20
4
0
15375580
0
0
139996
1679770
0
0
0
279993
0
0
0
0
139991
0
19561608
0
0
69997
70167
0
2448578
349935
0
0
1399834
69971
7274488
31792078
1819498
0
419976
29171802
279978
6435766
0
0
69997
0
19560520
69994
4756718
278635
0
1679688
2309149
349955
194210616
4542585
6850040
69997
0
839870
1451
7338660
1468992
139944
419976
839916
0
1959646
36
0
5596653
419976
0
69971
0
2308841
279978
0
0
70327
504099118
0
1
839932
7
0
0
69996
4198140
2659340
17296512
699912
419934
0
69985
0
209979
0
6436012
0
0
0
1049685
0
1
4964393
0
1959595
96371762
0
139996
0
699940
0
0
0
0
0
0
0
0
139954
699956
0
0
9641509
17181622
209985
1399798
1818056
0
0
209923
0
0
139996
0
699944
0
1469557
0
0
0
0
426388
209985
7
279988
17049988
120420976
0
0
139996
209976
419972
2798320
0
279972
0
839932
979900
0
419976
0
699870
349973
0
967909876
0
69997
0
4925534
0
5037336
0
19833618
25
1958824
699942
0
668751656
0
0
279988
208244637
419976
769489
0
0
0
559960
0
1120246
0
24105900
0
0
0
2310
69994
0
279980
419977
139996
1399800
1749375
0
3359070
139996
1190143597
279988
0
0
24
11885380
279960
0
69995
70001
0
92214220
3638596
5
15
1679632
0
0
1119856
42
0
979888
3288801
4
279984
0
0
0
1049789
839926
209985
2099520
6070482
769835
24
0
559970
0
420817
419976
209964
30
3
1519881541
0
4
0
1189681
139996
0
419976
279988
69997
70020
70075
0
0
0
279984
1679688
279988
0
139996
0
209978
0
489954
0
0
139996
1539750
22
769905
1399114
0
2169470
2378835
19490521
139994
0
139996
0
1679730
38
0
46
5318176
69919
69997
0
0
12304336
6576772
1
0
13
0
0
0
6435914
279988
0
139990
46723702
0
1189643
1819682
995696190
0
0
0
11047360
6855100
0
0
0
0
4897542
0
0
909909
279988
0
0
559952
0
0
279931
0
0
419992
699948
0
0
139996
0
979888
0
0
0
0
0
69877
0
0
139986
979888
0
0
0
0
0
0
0
0
0
209976
0
699940
1118000
0
1119857
69992
699928
139996
0
1399760
0
699940
11173600
1399767
116597016
1177938976
139992
0
279952
0
209963
9
0
839914
0
349551
0
140007
0
0
2379388
0
1259848
0
2099548
3
0
0
1119726
0
140003
0
209985
1208659379
0
47546660
279990
0
4338076
139996
18270832
0
69974
0
10
29568525
0
0
0
69995
0
69996
0
419976
979761
0
280950
559950
419976
0
46954192
1679352
0
2729113
14
69996
1818815
419976
0
0
0
979900
0
402
0
82
0
839932
36
419976
139992
279964
0
0
0
0
0
61
279988
0
3358800
0
559960
1049884
18792059
979762
0
419976
0
3218974
559968
769896
0
279988
2
419976
294
7757788
139996
0
80
419976
629892
0
4266817
0
2449494
2508073
4546093
0
420024
69957
978696
0
35152488
9361776
0
0
0
0
0
0
0
1049648
0
0
139988
1819284
7408552
0
0
0
70029
279988
53465085
139996
0
0
0
69996
69999
0
0
139994
0
0
2939116
7274488
419980
0
139996
2379388
279988
139996
0
419967
37287859
0
188
419976
0
0
0
808253088
279988
0
0
4405905
7554370
1119698
139996
139988
0
0
7134697
0
0
0
466
0
69997
69996
2356016488
139996
0
0
279988
279988
0
209985
2
93175488
0
139996
9650340
139996
419976
139949
2
0
0
279900
0
0
1119859
0
0
2129448540
0
209979
792
839924
419976
0
0
0
0
6
0
1679728
0
11
0
0
139996
0
0
69996
0
349962
1959580
52218748
0
0
1259790
0
139996
0
419970
69997
2239486
927458620
140049
0
0
0
6156126
0
0
139992
0
7897005
209985
1399780
69973
279990
279984
279988
209985
419751
69992
0
699928
0
15639175
120420976
629917
839926
0
139996
7
139986
699940
0
69997
0
0
0
2099520
12443980
0
279988
0
0
0
0
0
0
0
0
343485940
69983
2099040
349985
2029280
139996
0
419976
0
0
5
303261120
280
279988
70014
37931488
139996
31631
279991
0
0
0
139992
1716
0
0
179
0
0
0
1259640
69998
139996
0
0
0
0
0
979888
139996
0
419970
419980
197995490
0
0
7
0
0
1816960
2518669
979888
445347760
0
139996
139996
0
60
839932
1399798
1205139391
209976
0
1329671
139996
3379038
2
0
1913129086
0
0
1119712
279972
63675
139996
1214776729
69999
0
0
839926
0
279988
0
70037
0
0
69997
13281570
72816016
0
0
2099520
559960
839926
1367235179
0
3
68234
2939076
139996
0
349955
14
0
0
279988
139996
0
1749354
0
0
0
349936
139996
566237623
0
4757621
2239457
0
2799138
0
0
0
0
0
349960
0
0
279988
0
279972
0
19282182
1
2099520
0
0
1737
0
1049730
2949121
12862888
0
0
1399815
6
1189608
367554513
0
139996
151842
0
139986
69997
0
69997
6016300
0
8741301
5876541
1959352
0
139996
0
0
0
25
0
66390721
139928
13004171
699940
20005028
140167
0
132957976
139999
0
70000
419976
559960
0
0
209985
0
3218940
489909
69997
279988
0
0
0
32371888
139996
106942338
0
93312796
0
0
0
0
139996
0
0
209997
1609402
0
0
139996
0
0
0
1888891
0
0
4897480
140002
0
69996
209982
0
1399831
0
1
1259820
0
419980
0
139996
139996
0
69997
559925
0
0
0
0
1749708
20540387
0
585146
279988
699948
0
0
139996
69997
699940
0
2
0
5207
0
1
0
419980
0
559912
0
0
0
209989
0
1399829
279990
13750600
979888
0
0
0
0
0
279988
4124730
629914
22209120
139996
0
0
0
0
419977
69994
0
0
0
0
279988
0
77082840
0
349929
7694085
1119856
0
0
139996
0
0
279988
0
839904
69997
0
0
559960
139996
95236060
419946
69996
0
559960
69997
0
0
3427232
0
3286005
3778488
1399632
0
139992
3358800
139996
20353860
0
279988
0
139996
139996
559968
149407720
699944
0
1609264
279976
69990
3918431
210039
0
0
279990
5665296
0
0
1
9929916
1679710
139996
0
0
699952
0
209982
0
93861988
0
210015
0
4
0
0
0
5177284
265533011
16754520
839916
4
0
699948
0
0
1819636
69995
279988
139996
0
6
3778319
0
0
0
1119856
0
279968
3079262
839916
0
123566860
0
279990
0
0
0
0
0
0
0
0
0
0
0
0
3148320
3429113
0
0
279988
249176070
559960
139996
4338074
0
139990
0
419946
209991
0
12080428
0
3078328
0
0
81352036
139995
0
0
0
0
2238426
0
0
419976
0
18863280
0
139996
69996
0
7340956
279990
419976
0
20
1469469
139992
4758260
0
0
0
69997
2394772813
1021245098
279988
77913874
51729132
0
1128822130
0
279916
139996
0
279927
69993
0
2799172
0
1119856
0
2518272
909805
699940
1189643
0
0
13
93312796
0
342787
3638596
279993
139996
419952
69995
0
0
7693840
1399763
69997
699948
0
2519316
1259820
0
419954
209985
0
139996
699910
17922081
0
50417188
69999
139996
979890
0
0
705
1259820
0
0
139996
0
622129297
0
0
139996
0
1119870
0
0
0
0
0
979888
0
0
0
69997
0
0
0
419976
0
419982
9929776
419982
419976
419976
0
0
0
279988
0
0
1249167451
139996
769853
0
139996
0
209992
0
0
3218896
2046
1259820
0
0
0
139996
0
279976
139996
1329806
52702446
0
139996
2799080
279988
979918
31120096
1
0
1959660
1259820
699940
0
139996
279988
0
279980
279988
0
1679702
17366838
57759508
0
2939212
0
3219178
0
0
69997
699942
69996
0
139992
0
279972
279988
0
209986
419976
0
0
36473325
281040
559960
979888
70004
559960
185
0
139992
139996
0
2099520
0
139996
139996
0
1400832
0
1
0
1259860
139996
0
139996
69996
1259836
2
0
279988
0
0
559952
0
0
0
0
1679688
0
3008242
139996
31934662
47781614
69997
139996
349965
0
3147742
0
10825355
699879
0
0
0
419964
0
72
69997
1679688
559960
0
0
0
419976
5177188
559956
0
0
489949
0
279988
1049625
0
419976
3498742
139996
258
0
2239471
769927
0
0
279988
139996
1399780
559670
279988
36403756
13840649
0
0
3918376
57751105
279990
0
1
1200338594
0
139996
0
1119856
0
0
0
209991
0
419976
259
69964
0
139996
0
0
0
139992
3078988
1119856
279990
559961
559960
0
2939076
10488600
139994
0
0
699940
1119856
280062
0
0
0
0
0
139996
0
2168884
0
0
2395552746
0
139996
139996
489952
0
0
4338016
1
0
0
1259836
0
139996
279988
0
0
699940
0
5384379
0
2309442
0
2518984
0
2519316
699949
1
5596720
139996
489949
97983112
0
6156040
62449778
139996
0
139996
139994
37144962
489923
139992
139984
2938971
0
0
139988
0
0
0
1399780
139996
349960
0
69996
0
69978
0
0
0
0
1119822
209973
559968
699948
0
139996
2588633
349971
3638544
2939083
0
0
839916
5
69996
139978
2239490
0
419980
3427596
2519380
0
559912
19115464
0
0
839934
15768246
0
279800
0
69773982
0
4827758
1819636
0
629820
0
0
139996
0
33768244
0
31030163
1539736
1259848
0
6435676
70005
0
52
699940
279988
559968
139996
279988
0
0
1119888
139996
5736712
279988
280014
0
0
566662115
0
0
2379524
0
837744
0
0
0
0
0
2659449
15375358
279988
0
0
70017
0
0
0
759562522
279988
770198
0
0
9
69996
0
209961
559948
1399500
402249988
0
279976
11674639
419980
0
0
139996
0
209925
279988
0
0
0
0
166
490173
3614848
69993
0
4338016
4124935
349970
139996
139996
0
69997
279988
0
13700594
559950
0
139996
0
2239512
0
69997
13281760
559966
0
0
69997
139996
0
0
69993
0
279988
15026349
0
0
0
0
139996
0
0
279988
0
279988
0
139996
140001
0
979896
0
139996
0
2239558
2098562
139930
559966
1049773
0
209943
69996
139996
0
111675892
69923
0
279988
70035
66
0
0
1119856
909847
0
140005
69996
69997
1259820
0
2448600
0
0
140008
1959692
2659240
0
0
139992
0
69997
559954
0
0
0
0
559961
48615700
70114
5942944
40297918
69992
2379405
6431352
0
0
5037336
1679724
0
209986
279988
0
0
489949
0
139994
0
139996
139994
5104525
9091162
279988
69999
2239456
279990
0
139996
9650340
0
93104146
2379388
0
0
0
139996
0
0
0
0
24856630
139992
279988
0
16255245
0
0
1959386
0
0
0
419976
0
3
0
559968
2169073
2309406
15
0
0
2379528
827808
1959580
0
0
0
0
419960
12648
279964
0
296478436
0
139996
0
0
0
0
3
69983
279988
0
0
0
0
0
2239486
0
69997
2939057
0
0
0
254404888
0
209982
1609593
0
0
0
69994
0
0
0
139996
0
279990
0
489351
139996
0
0
139992
839916
0
0
0
0
2029381
1119766
0
0
4478200
979888
69977
0
1119856
0
139996
839932
349978
0
0
163961
0
0
0
42
419976
4685704
168
769472
3288657
0
69997
0
0
419980
0
139996
0
0
0
0
0
5876470
0
419946
0
139996
0
0
0
279988
0
72201
71324
0
0
0
0
0
0
0
0
0
215336628
279985
699870
0
2799160
209986
279988
72
53744986
0
0
279988
627625
3498700
9790060
0
279988
559894
979888
0
419980
446876044
0
0
7275448
210524
0
0
0
0
139996
0
1959660
0
629877
0
1189702
7408237
0
0
209982
0
559960
0
3358800
0
0
279990
113
26110060
1259820
44050384
419974
0
0
0
0
0
0
839916
139995
419976
279972
34536397
0
0
4897480
0
209987
0
0
0
139992
559920
69997
279982
2099520
0
1119729
0
0
139996
0
0
0
0
0
0
139976
139992
1196084949
0
279972
1749665
559918
1119822
0
0
35960316
139996
7
979888
139996
38903203
0
139996
559960
140004
0
419976
11383749
0
350055
0
0
8394192
139996
0
559909
419976
16367251
0
279978
140007
49
0
0
0
0
0
0
139981
1
0
979900
50559316
1399812
0
126151036
139994
0
0
3218048
629932
139996
279988
0
0
0
3498700
0
3078988
56
1259836
0
0
1049857
0
4
36334528
139996
139996
139990
0
69997
2658964
0
0
1819656
839922
839938
0
6082173
0
0
69995
139996
69997
0
839917
419976
0
155777154
69990
0
279916
70034
0
139996
0
0
0
0
3843676
4338016
5247093
140000
0
4
69996
0
1
419978
1
2519185
0
1119890
559960
0
0
0
0
2519349
979888
419971
11870760
279988
8594242
15
25
839922
0
0
0
0
9091420
139996
69357501
769230
0
19003006
0
0
0
1200228880
559960
0
0
0
0
0
1679728
139391
8392680
24236112
279977
209973
6570976
4545583
209989
0
0
139992
10
0
34
0
4932771
99
0
139996
139996
0
0
0
279984
55
69950
0
0
0
0
115264177
0
0
2238936
0
1049773
139996
209982
559957
699870
279964
14794632
0
0
139932
0
0
0
0
76671688
559960
279980
1399780
0
139996
0
0
20213290
699944
0
0
0
209987
139996
769779
0
0
1819636
32741013
279976
559962
3567683
575667
0
1959606
0
2276037400
629865
0
0
69995
69997
923911
0
0
30
70003
3358800
209985
0
0
0
0
279988
0
140024
139994
0
139996
10241
209982
0
0
0
69977
139992
0
0
279988
70259
69997
769846
18
0
139992
25553380
10837908
139996
2
0
699942
0
629586
1208721330
139996
0
0
4338047
3708644
210003
850
0
69993
0
8812145
0
979888
69996
2379375
69999
11466222
1539756
0
4
30425086
69997
0
139991
839926
839820
69992
0
71057
139992
0
0
279948
69994
139996
0
0
189
0
2939256
0
490045
209985
699891
209992
699952
69997
1189821
65673
349983
2192796278
0
4268316
15911012
9933477
0
279963
69997
1539520
1
7467744
73797
148
0
0
0
0
0
0
419959
0
0
0
0
41
1119856
0
0
0
69803
0
839916
0
279988
0
0
0
1105290157
139996
69997
0
1259486
279941
0
139996
0
0
419968
209980
559948
299162024
139994
2
0
0
0
1399780
0
16910476
699940
0
121651198
0
0
279996
54866877
129933138
3216964
0
29311380
69997
699940
0
0
0
0
0
63271445
0
0
139996
139996
0
2448808
0
209982
5596832
0
209985
419970
0
0
5
0
33626851
69997
69995
0
0
0
0
909030
0
419954
240068320
0
2379508
0
280292
0
69996
559804
69950
139994
69996
1
0
69976
11951382
419962
8664252
0
1959580
0
0
0
769766
0
2519380
0
279988
0
4335908
139996
0
0
0
0
221462648
0
0
0
0
489937
699948
559933
139996
0
4
0
139996
559960
0
759535672
0
139996
0
139996
298124
2728284
139996
16771666
0
0
6016300
2029107
0
0
0
23045220
0
0
0
0
3693439
69990
0
699940
712960875
699948
145084
42828900
0
0
0
139996
0
140148
419976
0
7274488
2099592
279956
150
0
0
489937
2
0
0
1889107
0
139996
2618
0
885144
0
0
108
279988
69997
2239508
0
139996
0
0
69828
70003
69997
0
0
139996
0
979888
306049320
139996
0
6156040
0
0
909834
0
0
0
8
559960
0
1889217
37784066
7970160
139996
1119518
559953
2729064
559968
139996
0
139996
3007764
279988
0
699907
0
139992
1049803
0
629920
419790
1469787
0
0
139996
0
0
0
0
0
0
69997
4
0
0
0
0
139996
0
3428781
5666553
0
0
2183932888
26805892
0
3358800
0
0
489936
2096163
139996
69997
0
0
10069200
839916
0
0
10907676
0
0
0
0
0
0
699948
3218896
0
0
0
0
0
0
69995
279990
0
0
1539736
419976
1119856
0
139996
0
279990
0
419970
49
139987
0
0
0
9826
44008
839881
69995
4476184
0
0
139997
2519494
3358800
3
125469256
5317036
11047360
769872
0
139996
0
1643000542
13421376
559962
0
0
0
139996
139984
2379401
0
0
69994
0
36
0
0
0
559970
0
26037505
6575935
139994
1119870
0
1249968940
139996
140021
16
0
0
1119856
139994
139996
0
59042205
70258
6995798
0
21102216
139996
0
419976
279988
139996
0
1679686
559960
0
0
0
1679376
0
139996
0
1120104
0
2
839916
1469714
70499
0
2658442
5384154
692
139992
0
209976
1259814
0
0
209982
1258650
699754
139996
0
279973
279988
69997
136546216
0
0
0
279988
71169829
279988
699948
245250796
0
0
0
0
349971
0
1679723
419964
0
0
0
0
71016736
0
139996
0
0
13421754
2394962388
2519316
699918
0
0
7547907
0
1959678
39
2012
559969
0
1679352
139996
559960
0
0
0
139994
0
559960
3918376
0
209982
0
11745720
21931898
209987
0
10976156
139996
1959132
1748250
0
279988
279988
108390690
0
1183547
0
139990
419928
2519344
0
279984
69997
279988
0
139996
20675896
349977
279988
279988
0
279988
139996
139996
2239456
139958
7411092
139994
0
209985
209973
139996
0
0
0
0
0
141378
489962
139992
0
25072918
209982
139996
1399805
0
1119794
6435676
0
26735117
0
279988
69997
0
139996
0
1539744
29
70118
13281948
281381
0
0
0
419956
0
1819636
209989
0
69989
0
0
0
0
0
0
4
559960
0
0
279988
0
0
70006
0
0
0
0
0
0
0
139996
0
0
839880
139996
1469737
0
140007
699948
0
139986
489845
0
0
0
764970700
0
69995
2417052060
0
0
0
0
209989
69497
8252920
5318552
0
0
6785719
0
279988
0
139996
2375448988
0
0
2659240
1889164
4758020
0
559912
0
0
139996
699940
0
0
2246949489
0
1119856
0
13542748
570144
979888
71
43623436
70203
0
629847
3844280
139996
279988
0
26387803
139968
419954
0
0
0
0
69994
140000
559970
139996
69997
0
0
8942553
0
0
0
0
0
8595458
0
0
699940
0
96374572
15570911
0
139854
0
0
699940
0
0
0
0
5802779
209982
0
0
0
1189631
40467779
139990
279988
0
73704469
139996
3810
209447
0
579912823
979912
0
0
179384
1833222004
0
95489808
1259850
18
0
29361718
0
2099541
0
0
0
0
210552
209992
419976
2356303030
1329624
239137488
2
0
69997
1329709
0
139996
32510027
5736593
14029362
0
0
3568275
419976
32
419952
0
979888
0
0
0
139985
0
0
629883
699940
2659240
6855429
139992
2519392
656
139996
338395102
0
3498748
0
629901
0
139992
6012346
0
0
8110486
0
28
70091
139992
5317036
0
22
0
0
6
2238814
0
0
0
419976
0
139996
419976
0
356173
0
0
69995
30467300
6
139996
0
419976
559966
1889367
1819636
3359180
2519316
5596720
0
139996
0
0
279988
3848331
559936
419940
0
6716224
0
0
0
69972
0
0
0
0
1
0
0
0
0
559962
209907
0
20
139996
2381572427
69993
1539736
69996
0
11047360
0
0
0
699940
0
0
0
139996
1957228
0
3218816
8102556
279990
139908
769824
6505960
0
0
0
0
0
0
0
0
209855
0
1
139996
0
699898
7480497
15842389
279988
0
0
0
0
559960
347788
0
139994
11187040
0
0
0
839881
139978
349965
0
0
0
0
0
1679688
0
979888
58023562
1049869
139996
0
0
69997
0
279988
1679710
429
0
0
1119859
839916
90
0
839866
0
559960
139996
139978
3287650
0
699891
17329246
0
0
12164081
139996
70024
140003
139988
69995
279984
0
489953
279988
69997
69997
228888
139974
2396441092
0
2448927
0
0
0
0
0
0
1259794
0
699952
0
0
0
11866170
209880
0
20
9510616
46536220
0
0
69995
0
0
255538
69999
419952
9850258
69997
52597
9790332
3778488
2186096580
8
2308953
0
0
492277022
9231156
5174530
0
769807
74
0
6151728
0
0
0
0
0
139992
15940630
0
0
0
139996
25970436
279988
909820
0
139996
0
0
0
0
0
0
0
0
69997
0
0
27
0
699940
0
979888
19421896
139990
0
0
139996
279976
0
0
279990
69997
139996
610677
0
3778540
0
279988
0
1259820
139996
629936
139996
139996
0
0
0
139996
0
0
69979
0
0
0
419896
0
69997
419976
139990
139996
0
3218896
0
0
0
0
139992
30007548
279988
24586436
1259808
1539736
2029475
9711874
979895
2237888
0
0
0
2029080
1049745
0
0
0
0
979888
0
419980
0
0
0
0
0
0
0
0
419962
69997
0
5034882
349878
209145
0
2417488488
139996
0
0
111
140503
69978
0
0
1119856
137773
2379479
1259790
0
559851
0
280004
0
0
13266381
0
0
2589295
0
0
419946
699940
0
0
2519368
2378902
0
1189880
0
8532436
0
0
0
0
139982
0
209985
139996
0
279993
559960
0
0
1679758
0
0
209989
1679688
1539736
0
0
0
0
69995
419980
979900
0
3358800
139996
69997
0
9012
0
0
0
139988
69997
69997
0
0
7
0
17468748
320
559960
0
0
0
0
699940
0
486120
69960
419979
419928
559950
139996
0
0
279988
0
699941
0
1539690
1679688
15933550
1329601
0
139996
0
0
1119817
2
489950
0
139996
951464540
0
559960
0
699940
139990
42381682
0
559960
69997
139990
0
22920444
0
979900
1
0
0
0
10
0
1046653828
139996
0
0
0
0
0
0
0
0
0
839916
349965
1120600
0
1539781
0
0
419976
0
279988
6
1049791
0
0
0
0
70010
0
559960
0
279990
0
0
419976
12
490689375
925102350
0
0
279990
909915
0
0
69997
0
349337
0
69995
0
0
0
0
5174376
0
0
4058478
419976
0
0
139996
139996
15
0
0
0
979821
419146
102
0
69989
6431168
28
1399812
0
4757670
279984
0
1189812
0
0
349982
1959552
0
909792
0
279996
2168547
769860
279988
0
0
909849
0
0
15794236
1679728
2659243
10209215
279976
559960
139994
0
769898
69989
71995334
2799160
0
0
0
4758310
0
0
0
0
69985
0
19628952
279970
279988
628688
1638336766
10907182
566660
822255
279964
0
0
139994
279990
0
3568553
0
20954990
139996
0
279988
0
279988
1
1749327
419980
699952
0
0
839916
0
0
10628296
419976
279963
0
0
4058260
0
0
699940
0
0
0
1399798
0
0
22488156
1889109
0
3778488
56457394
0
69997
419964
139992
0
63
0
1469639
0
279988
69997
1750872
5037093
0
2308812
0
139996
0
137259372
1259704
2239456
139996
0
0
0
699944
0
0
0
18
839916
0
4
0
3708280
139972
0
279988
0
0
5456880
0
6
7694152
1119856
279975
0
3
1119856
0
559888
0
1819644
280821
0
139992
0
559949
2588071
139992
559960
0
0
0
101664
0
69996
139990
0
629925
0
0
9370953
0
0
489877
139992
139996
139992
4757620
139996
0
560003
69995
0
419976
4617756
0
71236713
489930
0
279990
0
0
0
139996
419976
13
139996
69996
419976
0
0
1679769
0
139996
2019541540
0
524622
8672188
0
7134696
0
2378966
6
70076779
559911
0
0
0
128587904
279990
12304336
12443830
139994
0
0
279976
0
139992
139942
0
24
419976
77
349965
282
0
279990
0
419946
0
139996
139996
1959552
9091420
7408660
69930
0
279972
139992
139996
0
209970
419976
699952
0
418967
0
13472365
769879
0
0
0
994980
0
139996
139992
0
0
0
979888
0
0
10069488
0
0
11466388
0
139992
0
0
139996
58446360
0
70648
139991
69997
0
3567287
629892
2799160
0
139996
0
0
0
139996
30
769879
0
14816895
69997
0
587258521
0
0
2029476
699952
16073320
1679694
839916
0
0
0
0
2938884
139996
0
349967
279990
2239456
0
0
0
0
139996
1539736
349822
279988
0
559966
12025036
2163056897
0
209976
69995
12583620
0
209986
7
349961
0
0
1259608
15934005
0
909740
63561388
139998
0
323784660
279988
5037154
12025039
0
0
0
3636828
419976
279988
0
209970
979888
0
349982
69986
1539756
0
699940
5177188
0
0
0
0
69996
0
0
0
139996
279988
1119856
1539757
139996
0
0
419982
419944
139992
0
0
0
18415272
69997
0
0
0
0
170236
0
419976
699898
0
0
559960
279988
1119856
1248901432
69997
973
69974
0
2282894
279682
0
52
2939328
209973
857
139996
0
139994
10209196
139996
19322521
139996
0
699954
1049720
0
139996
559877
699940
1819636
139996
0
279972
80804814
0
0
5
629892
2199161988
139990
0
699946
0
19
699940
0
419976
2378926
0
69997
0
1119870
43830921
0
0
0
209965
0
279988
210303
0
0
2587871
0
139996
139996
0
0
3219136
349969
0
0
0
0
0
0
0
0
139996
1320120
1399798
419980
338428475
69997
0
0
979910
0
0
139996
97154394
0
0
0
0
139996
0
349960
489923
0
1609450
69997
0
0
0
139996
0
0
174
0
699952
69990
0
769835
69999
209835
979888
0
70004
139996
0
0
69997
0
1539690
62545164
3987004
979888
139996
2552
559960
489937
0
70263
1399780
0
139996
0
5386783
0
0
4
559964
0
0
0
69850
2308789
279982
2142
2019995199
0
209989
1214741923
0
1119712
0
139996
1819636
139996
0
2028963
0
140212
2378776
0
0
349960
139994
69985
0
69996
0
0
12308041
979900
0
0
0
0
23878304
0
0
10
139996
0
0
0
0
0
2099520
0
69973
839796
279988
1959600
9292309
0
629938
1108625078
841332
0
15375793
0
0
334
699898
0
0
139982
0
69997
37654198
279988
139996
51
0
559960
139996
34541982
279988
1959616
0
0
0
0
139902
139988
769890
559960
0
0
3918264
0
0
139994
0
69988
3
12218685
0
0
14168385
0
2099520
69982
139996
5314076
839916
559960
69883
0
63837720
0
139996
0
0
69994
2169397
139996
0
0
419980
279990
139996
0
699930
0
139788
139996
0
0
4198140
0
0
129766310
139992
0
0
8113156
978712
0
0
0
1259821
1259820
0
69984
0
69656
139996
142713366
0
0
107574088
419968
1119726
0
0
699940
209640
0
69987
0
0
139996
139996
0
37231108
5037336
1049853
2799078
0
279988
0
0
1469761
0
1749325
69994
2379458
139996
0
279977
1043296655
0
0
0
1329601
1539736
3008106
0
0
279990
0
69943
8672186
70019
0
141668488
1259860
18723820
0
0
0
139996
209985
419976
0
2939076
0
139996
0
13425966
0
139996
0
0
139996
139996
69997
0
419976
279988
489911
279988
0
0
0
0
0
0
18
0
69995
0
69996
2236
139936
1539743
0
279976
3568830
0
4406037
0
7554060
0
0
0
0
1469391
0
0
3987594
279988
0
15
139996
69997
209986
0
0
3638596
0
0
0
279988
0
629998
699940
2024
0
1259820
69997
0
3217654
139996
0
70004
0
279988
0
3705
0
0
0
139996
139996
69997
976180811
979888
0
28477926
16
0
69985
0
69996
0
0
979734
0
0
0
0
0
0
139997
0
1959580
69920
349800
0
419980
139996
2239486
279988
69995
0
699940
0
0
139996
769891
69996
4
0
559951
419980
349962
209983
0
38907571
0
69997
0
30980988
139996
0
279988
8
279976
139994
1399780
0
139992
0
139996
0
349970
0
1189764
2099572
94328622
0
140008
139996
25970436
139996
419519
0
91397868
279988
0
0
0
69996
139996
0
0
0
139992
139996
559960
0
0
559960
89166111
139996
419976
0
0
354384976
0
0
0
0
69973
0
1679632
699930
1259836
0
349910
139996
559960
0
0
0
140016
0
419776
2799160
0
0
6855100
0
559920
699880
0
139996
139996
0
141534644
0
18307152
139996
0
212613
0
139996
839916
203241957
0
0
25767789
0
0
0
3846818
1399780
18584356
4338334
18
979888
0
629898
1959580
0
0
0
7763335
0
0
0
0
3079046
1119874
0
769915
139996
0
699940
0
2099520
0
0
0
732
24577696
1959590
1609502
0
8
69913
0
975017266
0
209694
0
139996
2798320
0
0
419982
419958
979748
69997
4478120
457084111
699940
419976
279988
18370
7414276
564028
0
279968
0
489961
0
699940
2099574
139996
419976
629892
0
69997
139996
8034475
1119856
3358969
70012
137593968
139992
209976
0
139972
0
0
0
0
139929
0
0
0
0
0
699940
70047
1119870
349964
81921019
0
8038568
0
279988
5666392
1329649
0
0
419980
1399741
0
5
0
69997
413
3918376
139992
0
0
1749407
6
349940
979762
140334
279988
1259820
8803496
0
0
69989
0
0
0
699940
0
0
5596942
0
0
0
0
2799196
0
0
209982
139996
0
1539740
419976
7
0
139996
0
0
139996
0
279988
979746
139996
0
140012
139998
279976
0
699720
279988
0
559960
0
629911
209979
559920
0
0
419976
0
0
209985
839932
139996
0
2519350
0
5523672
559960
2659078
279988
5915
0
279988
1749637
15
0
0
0
3498700
0
2427965394
0
70041
0
10491268
0
2518596
5596720
1119712
70023
0
4617756
12775
0
0
0
0
0
69996
0
0
0
0
5037336
0
139996
139996
139996
0
139996
1
0
0
3696
629901
0
2232915
1329765
419930
10966039
0
1671235280
9509031
0
5945096
419976
0
279976
349963
209788
139668
3636880
0
419784
139994
4617756
839916
0
3918778
279988
0
419976
349920
0
69988
139996
0
0
1539784
839916
16
0
78735888
2939076
189
0
0
279988
0
0
8532436
139996
5596720
4757454
39552862
140170
0
2378514
8601697
5596873
6295860
0
0
1609817
4338132
0
176703
0
0
1
139996
0
419976
0
0
1259820
139994
77499486
699898
2168946
0
139976
0
139992
139996
0
0
8314777
0
1399780
1259820
0
0
1539736
699840
139996
0
0
279988
0
0
279990
0
0
0
0
0
0
0
7834120
69695
69997
69997
0
0
1259820
0
139992
139996
0
419976
139990
1119856
279968
0
0
0
10069770
0
6085797
0
0
69992
0
6155340
279988
1
279988
1
0
0
0
69994
0
8
1119856
69997
0
0
279988
66
298593
0
1189693
209982
0
0
139996
279982
51
1539736
1
0
0
0
0
0
0
0
139996
0
20215320
6156040
69991
139996
0
69983
1959678
0
209982
1539450
279988
15
0
0
7687680
0
5177188
90150462
0
0
0
0
979888
839932
0
276322
156
0
1119856
0
0
0
0
139992
0
0
699945
489879
139996
419976
69997
1666949238
0
0
0
0
28760
0
139994
0
0
0
139990
69984
0
19
559928
349955
209987
699925
139996
1259820
0
699940
139996
0
0
139996
3638932
1049779
0
69997
979874
0
0
69997
0
69994
419977
0
839933
34318497
69995
1468910
139996
139764
489930
0
140058
0
0
53548884
12845592
43345936
139992
559966
46
69988
12
0
0
0
14518040
20482137
139996
0
0
0
0
2028907
280076
0
6855002
3078988
0
0
0
1101693016
139934
0
26109864
139996
726971362
0
154968748
1889567
0
0
0
35569440
0
139996
69992
0
419916
0
559920
170350294
2449305
0
0
975516
6435676
19658761
21372876
139996
0
0
279950
139992
0
69995
1747507370
5734252
279990
0
279972
419976
279972
0
0
0
1119835
2766318
48065992
0
1539736
0
0
0
0
0
69984
0
0
139996
0
349955
839833
0
0
489193
0
489825
0
1119842
0
143
139966
0
279988
139996
0
419976
839916
6570976
0
69999
5876388
0
839916
0
139996
0
0
1
9
0
0
69997
0
69996
0
839916
0
139992
0
279986
15707588
0
0
419976
279988
8943360
139996
21930388
1469475
419970
979898
0
69997
0
0
139996
559968
0
140218
0
10348074
0
279988
139996
419976
559960
0
1044667
1125219877
13472365
279992
0
15212038
0
139996
0
0
22069756
0
209976
0
0
1819636
839916
219158315
1819461
9929889
0
0
139996
279648
0
432
69997
1259820
209959
7617773
1539756
11954960
0
139996
84
0
70010
139996
0
699940
452
1539736
0
1539433
419980
270939888
0
0
279988
69995
279988
0
4755228
1259841
1119882
17467478
139996
5
17329000
699940
2
0
692
0
0
419976
0
2169498
2956
139996
0
3498624
0
0
228095
0
0
0
139996
0
209979
0
0
0
0
419976
139990
139994
0
0
69996
0
139996
699940
559960
139996
0
0
0
0
20397303
69996
0
0
1214555040
0
0
139996
3
0
0
0
139994
349978
0
0
84
0
209980
0
0
139982
349983
139996
210003
0
559782
69995
0
0
0
0
12
0
1119856
0
0
0
1749250
0
0
1819660
0
36
279988
979908
69995
1
139992
0
139992
0
69997
1
0
4475652
0
0
0
839916
4755376
0
3778540
0
1140610071
0
0
1200239040
559960
139996
0
89277
0
37873
1959580
0
279988
0
0
489937
0
0
0
1049580
1189749
279988
839916
0
209949
0
0
559960
0
0
4338016
139996
139996
559960
40950720
139996
1119890
0
752576
979889
2939076
279948
839919
979900
139992
0
0
0
0
1189839
1959606
69996
0
0
0
573130
0
0
0
5596720
279978
279988
629275
1259820
0
139996
0
0
139996
769835
209925
6156104
559960
139996
419976
0
69995
0
69999
2246988748
0
559960
3567797
0
60763120
69997
419976
139992
139995
16
0
279988
176732007
1259836
5876338
3217746
0
0
0
0
15
5317036
0
0
0
137186
1
44587531
759923520
0
0
139996
209985
0
0
0
0
0
0
10631134
0
0
419976
0
9
0
279988
0
0
0
3078988
69994
0
0
0
2168994
0
1399780
1124765429
139996
209985
0
839832
5104671
6505367
419962
0
1119808
0
0
0
0
139992
139996
209970
0
139996
0
0
699940
209987
0
0
0
69948
2604
0
0
559966
16255015
1679376
169036660
0
0
699892
139992
139992
69995
0
489967
0
769864
0
0
769917
0
1189817
419976
69995
2379449
0
0
1
139996
10063070
0
0
0
979888
140018
0
1679710
5
0
699940
0
9231286
1189660
69996
0
699940
6431621
284172159
15795322
0
69997
0
0
0
6
2
0
699940
12
39605843
69995
629935
0
769882
16255012
69929
419924
0
0
0
0
279988
139996
0
0
839886
0
2099071
0
0
0
8532436
209981
0
0
1648
836581
0
139996
699660
3
1679551
0
2938110
6361715
0
279988
839932
63667300
1119726
69997
0
139994
0
69997
116931825
279990
0
0
0
349965
0
9650340
1888323
839916
350030
0
0
33223395
70023
279982
0
0
0
759453
279990
0
0
0
104707416
279988
69996
0
0
0
0
0
139996
0
0
0
0
501
0
139996
4
0
0
0
3359060
139982
0
139996
2659240
70003
8951680
0
0
69992
248
0
139996
0
489968
279988
69997
139992
12723256
273183820
0
139994
3
139976
279912
420
8385360
0
137843160
139996
0
3846546
0
0
0
0
0
70277
0
69994
1259824
0
18165102
452107
0
1959580
0
1539736
0
0
0
0
0
9720016
0
0
279990
54947185
0
1329634
0
279988
560003
1749386
0
139996
0
559960
0
4897480
3358846
0
0
0
0
0
0
10348900
139996
139992
139996
0
0
0
139994
6994900
0
1244202166
69999
139990
0
0
909876
0
3428770
11466388
0
0
279988
0
279988
0
69997
139996
77358388
70005
0
0
69994
0
139994
0
0
0
1259841
0
21233488
839855
0
69996
139988
979888
54716476
70099
629901
0
839918
71091
4266061
279988
2659240
5
0
8113156
18863280
1259836
3638959
558548
209951
1399568
0
139996
1900700776
0
209983
1
1399780
0
0
139996
0
0
0
279988
0
843449
139996
1259836
2238816
0
349965
349965
0
2449477
2155340736
0
0
4337630
0
29357014
209989
0
0
0
0
0
0
0
279988
0
0
0
419980
0
0
0
0
0
0
69967
2939296
0
1749273
0
0
0
0
559966
699954
419976
3498700
0
839256
325065
559966
279988
1539716
139996
0
0
0
0
0
839916
0
0
419976
0
0
69994
139996
0
0
0
0
36167
0
139996
0
0
0
0
559970
279988
0
2378776
0
699464
1259820
209991
0
629901
0
2239457
139996
69991
69997
0
0
0
3638596
0
113416826
0
0
0
3413676
0
279988
0
0
0
699942
139998
629913
279988
1259696
0
0
0
0
139994
979888
0
0
0
279977
559920
0
0
139996
0
2939184
0
0
139996
0
0
139996
279984
0
139996
6
69996
139996
699842
0
0
0
2239582
349939
69997
3705615
0
209979
0
139996
0
0
419976
0
279988
0
139992
0
979900
209989
0
209979
236858
69997
58505968
2799163
0
0
4338016
0
2201975820
0
0
139996
69992
0
0
9092520
0
0
140022
559960
279988
0
0
2296901211
0
0
629915
0
8392680
349955
69995
139994
69996
279962
0
54
279988
0
69991
1119856
139991
139996
139996
0
139996
839934
139996
0
0
0
0
82179070
0
0
0
0
0
0
0
0
0
0
0
127671856
0
279988
0
13142140
349972
69997
7693840
0
0
2
69997
909924
0
209874
1539594
0
0
769849
0
69997
839916
0
2099460
0
0
61350156
76502518
10
139984
7135900
0
279988
279990
979888
0
0
139996
0
0
0
0
139992
0
139807
0
25692071
15204
279982
279976
59829340
279988
0
0
1819634
0
489073140
0
1819636
0
0
1679696
222498
419954
139996
140023
0
0
559920
0
0
0
419952
209985
839872
139996
24995560
0
0
1119864
0
4
4
24578046
77974341
0
0
209976
115407556
0
210004
0
279990
0
6
0
839916
0
139996
17092023
0
0
0
139991
104
0
8113156
7268872
0
0
184
69979
3358846
0
0
139996
0
0
36129597
0
979888
559966
0
0
1049786
0
69997
279966
0
629952
0
9650738
0
839934
0
0
139996
3846865
0
3498650
69999
0
559960
0
5
0
70023
2519380
2519316
0
1213856483
2379388
6289614
279988
0
280026
139996
1679421
0
0
559934
0
0
139570
767415
279948
70018
0
1521275
140002
4058611
0
69997
0
2
0
0
139990
0
2
0
69956
0
0
419970
559966
139992
0
1119680
0
839904
0
0
0
2168884
0
0
1437794955
0
0
0
0
139996
279990
0
3158789
0
1259358
4
208896
0
3358800
5456797
2939236
559932
279990
0
0
839886
0
29
0
6156040
559964
0
1189836
907994
0
279976
139994
139994
0
3
0
0
349925
163134576
2799232
0
1188929
0
69995
0
419976
1821094
0
40294361
769739
279988
0
69997
3778695
0
0
0
1
279988
0
419980
209976
0
0
3499018
0
69996
0
0
0
139996
489949
0
139996
0
699934
0
139996
69996
0
559960
349890
0
69997
0
0
349971
545145
0
69995
699922
139996
0
7973046
0
0
0
2
0
209928
0
1399742
21372264
0
1259820
1539657
419976
0
43360615
279981
139996
252208169
0
139992
0
0
0
209873
2389531000
70008
419976
559966
349971
0
446540300
0
0
139996
0
279976
1539742
0
69993
139996
5317110
0
0
13142140
0
0
0
0
0
1399760
0
1539924
699948
0
0
0
349957
0
5102116
551539
0
0
419980
1
0
0
139996
0
640858600
79016981
6700049
1119880
0
4897480
0
0
0
699940
69997
559960
8393230
0
69944
0
279988
1387278898
0
0
0
139996
139996
0
279988
139996
1959679
0
14
139994
0
0
8113156
0
0
1819660
139996
0
21307944
559960
220338080
0
0
279976
349949
0
69911
419976
0
0
699952
0
0
419976
0
0
0
0
0
185661626
69997
139996
139992
0
0
0
0
0
21
0
0
0
139996
0
139996
69997
0
0
26110060
69995
51564
769921
0
0
489921
1609691
0
7966776
279988
79149060
629499
0
0
0
4338016
14168791
69997
83165900
279988
0
0
559962
116306385
0
16
139996
1959580
139994
419976
0
0
4198140
279628
0
139990
419976
1539552
0
139996
1189594
1959580
1259820
0
1259820
0
0
0
3918387
839916
3218896
698201
0
0
0
0
0
279988
12569992
139996
209977
2239486
1
69997
0
69997
0
116323756
0
0
139996
909221
3638596
3776976
699940
419952
279988
0
4406377
0
41986268
1252515016
139996
4894260
139996
0
0
0
4758190
0
0
0
3638642
8951928
139981
0
263301923
1
0
139996
979888
0
0
0
69997
279988
17329246
139996
1679710
139996
0
69991
145715
0
0
3918640
0
0
139976
46397556
139996
1119698
0
0
140106
419977
0
2099520
139996
0
1819636
0
139996
0
139986
57893886
279988
0
0
17
4757748
279648
40153536
0
0
0
207
419904
209985
29
77409
0
69995
0
0
0
0
69992
559600
699888
0
0
0
31850193
0
0
139996
24716280
0
419946
0
0
0
0
0
419962
0
3638596
0
279984
560754
0
6
839856
559840
0
699940
58718346
1
839926
0
0
279988
0
69997
0
279988
0
0
0
17643346
279988
349840
0
0
0
0
0
0
15933780
6360
0
0
2029073
0
0
0
209961
559960
279988
839916
0
279980
2799198
0
0
0
0
0
1679688
489965
0
0
0
2
7342821
1539736
0
139996
69995
0
1399814
0
12583620
69327
0
419976
897671850
139996
140004
839916
0
349925
2
69997
3078988
559960
13701166
0
279988
0
139996
0
0
0
0
70001
1330081
7274488
489937
69985
0
4126401
2078
279988
0
209989
0
980030
0
419976
139982
839916
0
0
0
0
419980
0
699940
0
0
139996
0
629949
0
0
0
0
909012
349975
5733504
699940
15073347
0
69996
0
3217724
0
6
1259568
0
0
4337704
139996
0
69997
0
209982
139996
0
139998
1539740
139996
0
0
0
0
0
8
0
18931643
419960
0
0
279988
0
0
979888
139996
0
0
839919
0
69999
16
559928
0
0
12025036
419958
0
279988
0
0
3638596
84285775
279988
419975
9
0
1539455
209964
1189852
0
28
139996
69997
279988
0
419976
80188115
279988
139996
0
22069756
209989
419976
26042008
979910
559946
0
235279096
1679688
57958588
979776
0
0
0
3498700
769921
95
0
0
0
69995
0
0
139990
0
0
0
0
0
0
0
1259820
2519350
0
0
0
0
63008676
0
979897
489934
0
0
2
0
5
70007
1
67868496
0
22069756
279981
69996
0
629944
0
1259794
0
0
0
0
0
1372220406
1539766
69996
559952
979888
0
279990
559960
69992
489951
279990
699952
1819636
0
139996
0
675676268
0
0
70261
139986
209978
0
6
2
0
0
0
94437793
0
0
1819636
0
279990
279990
909893
419980
0
0
0
0
0
0
1259856
0
0
4477888
419962
2099520
0
1399796
16212856
0
489940
2868632
4405905
0
0
0
0
69830
0
0
0
1
419976
559920
21
0
1399795
0
0
0
0
419976
0
0
279990
139996
417864
0
1819636
0
22087629
769932
45958332
977074
0
0
279988
194227056
0
209989
10349046
6364429
139996
0
69997
69996
0
139996
0
715389672
0
0
95939898
304
139996
32677220
70001
0
0
2519355
69989
2
0
0
139996
139996
1819648
279988
0
418572
69994
69987
2659095
699880
0
0
139994
0
0
209970
559960
0
0
0
0
0
699943
132230865
2308811
139996
769846
349969
0
280124
419976
0
0
559917
978530
0
839904
11
279988
559888
2238912
419976
2728551
489949
769857
419970
483363663
279988
0
0
419976
252
139993
0
770082
0
0
839926
419970
0
279975
209989
0
0
0
0
0
0
0
0
0
69997
0
0
1119858
0
117700928
69994
10628299
139996
0
0
1959580
0
139996
279988
699948
279930
0
0
10
279976
0
0
139988
0
0
0
139996
0
0
839604
2
139996
419976
0
0
769928
304
0
139996
139996
139996
1119856
139996
0
139996
0
0
0
279988
279988
0
839916
279988
139992
209989
139996
0
1329391
2
0
0
112222936
139997
0
279988
769445
1539736
2799160
0
0
699948
0
0
559968
139996
69995
419980
69997
209967
0
0
0
0
0
480648
24
291343564
0
839886
0
0
0
0
0
3
0
0
279957
69991
0
209989
0
0
0
279988
0
0
419968
0
0
0
139994
839916
2308123
76596218
419977
139996
13701356
0
0
0
41680600
0
0
3561959
0
68198
1679688
2099520
0
139997
0
0
1049842
419968
2169525
0
419976
0
34381056
0
1399560
0
0
559952
4617756
69997
0
0
0
0
0
0
0
769877
0
0
0
0
0
139994
979776
0
139988
139996
6085661
350205
0
0
0
16
0
0
139996
279982
419977
0
69997
210009
0
279990
139996
72
5037336
0
1819636
349969
94960180
0
0
279988
4477888
139996
1681380
0
56315774
139996
419976
349985
140000
139996
5
0
69997
0
769920
279986
0
0
0
0
909774
0
839808
349987
139996
699930
0
0
1260990
0
559948
4477888
139990
349925
279988
6
839916
0
0
0
1259820
0
14883833
1082408068
69997
0
1399636
279982
0
0
0
69993
0
69359
2729114
904542
0
209979
349960
0
839916
0
839900
0
419922
0
8811936
279990
7693840
1539796
279856
139996
17258742
0
139996
69979
0
0
4338022
69997
18207340
62
0
0
69996
0
559896
0
0
0
210035
14
4475960
0
0
69995
0
1049833
69996
0
10907676
0
139996
0
0
0
9371624
0
350115
0
139996
1119870
0
0
559960
0
4754850
769498
0
279988
349959
48
69984
0
0
839916
209985
0
0
139988
0
8524506
6
0
1819636
69994
139996
1259820
37161635
0
559960
0
69994
0
171213480
10907980
0
0
5317308
139996
0
69995
5106109
629929
839916
139986
559960
0
139996
0
699940
0
4198252
139990
69992
35986356
0
209982
139996
6782553
139996
28
0
0
0
0
1119856
0
139994
559960
209989
0
0
0
139996
139996
0
0
4
21609280
0
70000
0
0
0
0
0
0
979888
0
139996
0
0
9929776
139996
0
0
79418182
19866780
0
419980
0
69996
139992
0
0
419976
139994
0
86
1959580
10
0
68319924
629901
1853622777
13422286
0
0
320480
139996
0
0
279960
0
139996
17773500
0
70001
419976
9580808
139978
3499616
699950
909792
2099474
69997
0
1818634
4058260
0
4897384
0
839372
1189625
769836
289274953
0
0
139996
12
0
2659240
0
0
139996
0
82711237
0
0
0
1539736
139996
210813
139996
210023
0
60
0
0
1399780
139996
699940
0
0
0
44455202
0
0
0
419961
0
70045
209950
0
20675745
559960
1539756
0
976677
3077932
419976
0
699940
70657
139996
0
839916
17590255
138529
0
839916
0
0
699886
0
0
0
139998
0
979888
139996
21233488
50001520
139996
1819636
0
0
0
2378381728
139996
279988
4475712
279988
69997
699930
0
0
11476644
0
0
0
4
0
0
772508880
279988
0
7
0
0
133235620
69996
0
0
139988
2169400
0
0
113043388
209979
0
126696388
0
0
216
0
139996
1679688
2099520
1749291
139996
0
0
0
0
1119856
139996
0
2029476
0
1189855
0
69997
489937
0
3
0
0
100721488
0
8811996
0
139996
0
279988
0
0
139996
17120057
1119850
0
0
0
569152
0
0
0
15445269
0
69997
1
0
0
15
69999
139996
0
0
13211863
139996
139996
1329315
0
8
2
489951
139994
70119
0
10
209946
10825510
0
0
0
419976
699870
279988
839935
1819660
0
699940
139730
0
69995
69997
0
419980
12306264
0
139996
280160
0
69982
0
139996
279988
139996
246742685
1119856
69996
47822522
909808
0
139944
0
489951
3218896
349975
0
699948
419980
0
0
0
419952
139996
559968
0
35162830
0
0
0
69997
489952
699940
0
139996
0
0
580748304
2099548
4198020
0
0
139996
0
139996
0
69996
0
71169816
0
139996
699940
139996
909842
0
0
139996
0
209710
139996
139986
0
279984
57206690
139992
0
139996
0
0
139996
279988
0
69988
0
839712
0
349956
0
0
0
139996
0
139996
0
0
0
0
8175963
839904
0
0
52964349
26109790
279988
1
69990
0
139988
139992
270
1679537
0
0
2
0
209988
0
69996
1329725
0
9
139996
0
0
279978
0
349989
2305086
0
0
69993
0
25691920
0
0
139992
0
839952
69995
2175799130
139992
40468945
699880
0
1
0
0
139996
0
0
0
0
1
349961
980054
489938
69993
70470904
0
0
0
0
38
1399782
139994
139996
419980
1469161
13
12164688
69993
69998
559966
0
839904
0
0
139996
0
0
2029456
20
0
2519428
20
12304336
2519316
0
279968
209989
3287039
0
0
139996
979888
699940
0
0
139996
0
420002
69994
139984
0
69983
70029
279982
1609664
6221815
559966
4057896
51110620
0
3218896
90243921
139996
0
0
279988
139996
24438400
279990
139996
131
419816
139996
0
0
0
3219060
279988
139997
6
0
4056664
0
0
152254633
139996
0
139958
559952
3110024
0
139996
0
0
0
139994
1679688
0
0
0
0
209980
0
0
0
0
139996
559960
279990
0
17709896
0
0
0
0
279988
419976
1539736
559918
419937
0
841155
0
0
0
0
559938
0
139996
7624079
699952
73380
0
3428539
209970
0
0
0
0
0
489937
769909
699941
139998
419980
629646
69997
139996
0
419938
69995
4056896
0
419916
0
0
1539796
14677740
279973
0
699940
321251
13004500
0
0
139993
349935
349960
0
279988
0
209968
208979596
6
139996
419977
1119838
3079262
69987
209982
0
0
0
0
979892
629953
769824
0
0
1
6575488
559960
0
152526888
0
80801388
15699372
979888
104284476
0
979890
0
0
0
0
0
69997
69997
139996
22766536
209977
0
0
0
139996
69997
1819636
28
0
0
5246773
909984
769864
0
0
139996
0
139996
0
349972
0
0
0
0
7414107
0
210058
0
139980
0
12164688
209979
139996
139996
279988
1105290157
139996
127458386
5663437
0
0
0
0
0
139996
139996
139992
1119856
139996
0
559968
0
209989
0
1119715
489959
0
0
0
0
0
139996
0
139990
140542
699940
1680306
0
70073
1539736
0
0
979805
69999
1679688
0
1049745
0
0
139996
0
139996
279988
60
0
94
140087
0
209970
0
47717641
2
28807776
0
0
26676
3496
0
699954
0
139988
1679376
0
279988
139996
0
0
0
419980
109242
70007
0
1259594
0
2239456
1889581
2099548
5177188
419980
0
0
0
0
0
0
1105116057
559840
70980
279976
0
0
769352
0
1819636
2
0
0
7973388
0
0
3218953
0
0
0
139996
0
1119870
69985
2939076
279974
419980
0
279988
0
139996
210027
139996
483
0
139996
419976
69996
209983
0
9371392
0
139990
19197
0
279988
0
419976
0
0
0
0
139946
0
0
139996
0
139990
1002652945
18
0
139988
7554060
1
0
419976
559960
139996
559960
419926
349960
0
70115
1119840
15933780
0
419952
2518576
114682202
0
699902
139996
0
279988
0
0
0
279988
139996
419980
489937
0
139959
0
0
0
69996
0
3
0
2519368
3045
0
69996
139996
139996
2939076
0
110382736
0
69997
769846
0
139989
69996
7
139996
0
0
279988
0
0
70015
68
209976
137986
0
0
559960
0
0
0
0
0
30465971
0
0
3079180
0
4897480
69998
1119856
1329667
69996
0
1610127
1259732
0
0
0
0
0
0
349971
139996
139996
0
0
139996
1119787
0
279988
27916000
2238299
557910
7476197
0
3
9370888
839932
4058500
909803
1048939
916243574
139993
0
279985
1
1259836
0
38738680
419980
0
69995
699940
489942
139996
2099520
280050
1539736
489962
0
139997
0
2379354
2519490
209981
0
499499110
0
209909
0
139996
0
11379927
0
0
1609425
0
69996
1539736
7
139996
839932
0
139996
419980
139996
139996
1959212
18585140
139998
139996
30424516
1679623
279988
139996
69994
139996
104486744
0
0
0
0
0
419960
0
13840396
0
0
70118
9371020
6435676
69978
139996
279988
139572
0
139996
0
139996
839904
7205074
0
4478112
2
559960
210853720
0
10348900
69979
1679688
0
3918376
0
28478301
140190
0
69986
979888
139996
139996
139996
534797730
0
279988
0
909805
27
278440
0
279990
3218896
699848
0
209987
0
139996
0
0
2939015
1119856
279962
489847
0
139988
60504
1119846
839892
0
0
0
139996
5177194
0
0
139996
0
0
69995
139996
1
0
209982
839295
0
0
279988
2239485
0
29145586
0
0
279988
139996
0
0
69995
839902
0
0
0
839934
0
699952
0
1399780
1259820
0
279990
1348
1819636
139996
69998
69997
0
14677215
139996
45027
0
979764
0
0
1206174275
0
139996
0
699882
0
139996
0
0
0
1259820
5
30980988
69999
0
145
0
70001
0
0
0
51
5174154
0
1819692
5317036
0
3219031
0
520
0
69861
1911058380
139996
0
0
279988
209955
4406031
629943
139996
0
0
0
419980
0
0
0
0
0
839916
0
279988
419976
0
139990
69989
1259820
0
14
1469671
0
74547743
0
139992
0
0
3778488
0
419976
1
419962
139996
419976
279976
117
6296392
349965
1959580
2379192
0
0
0
8944
0
0
1119752
139992
0
0
0
2799121
0
0
0
279990
0
1399575
559966
139996
0
279990
0
2428559141
0
0
69996
1679914
0
0
560380
0
0
0
139572
1
0
839890
0
1679688
26532022
489949
0
0
0
1119858
0
909707
69997
489946
25381272
0
349911
419976
15
0
921839488
699870
139984
0
489947
629811
2866361
1259848
139992
3008022
139996
0
69997
0
69998
209985
349960
0
419976
0
419976
0
419980
70003
0
279972
26385223
139996
0
489782
0
0
0
0
139996
979888
4755187
279990
1959625
0
419952
23463216
0
10488600
0
559960
0
0
0
18
279988
0
209983
2187449477
419974
0
0
0
699940
0
9
209979
0
1539714
1189785
139988
10348900
0
280234
139996
22767182
0
731233260
0
0
559960
11467075
0
0
209985
139996
0
2239456
0
279976
419976
20050385
419970
139996
1399780
0
0
0
0
0
279988
279968
699840
139996
489923
419976
630321
0
97430176
8673816
0
351380
0
1259856
1178726616
0
4
0
0
1119856
279988
0
0
17886976
139996
140037
0
0
1329588
3
0
139996
5802697
139996
4198140
839896
559968
349953
0
0
139992
628596
8252920
69996
209979
0
0
0
139996
419980
11
769594
279988
0
11521290
839916
279988
69904
0
0
139996
0
4338016
419970
0
70003
0
0
4824894
7134696
0
0
69999
0
69997
279984
279988
139996
559960
279988
0
1889265
279860
0
0
0
139996
30812865
349934
0
0
0
139996
1194
3498792
139996
1819722
209355
0
1399780
2
139996
0
0
69997
0
1119856
139996
4
0
1329875
69999
40
12
1959207
3358502
1679770
0
699944
69875
139996
1399780
0
0
30526743
0
6850004
0
53784717
69995
0
0
419844
0
139996
0
0
979816
7134796
0
0
264366599
1959492
2449342
139996
0
139996
0
489958
209991
0
0
16602880
0
0
0
209989
139996
1189643
1189720
139996
11187040
0
280882
0
119
489942
6435676
1445
1259836
0
0
0
0
2519350
0
0
1959670
0
382
12
0
559968
0
6295860
839916
19450497
0
248988642
1679736
0
1959676
0
0
0
139996
419976
0
3217792
69997
10833720
1539772
139996
979866
139996
1
419976
9500960
0
419976
0
5247140
0
0
139887
0
0
23
0
210034
1203567
18
0
1399798
1119858
839932
69996
69996
15142260
0
209991
0
419952
0
5457160
0
771590294
0
0
1399802
1119856
113153643
139996
69996
1
279990
139992
209985
419976
0
0
0
139996
0
69996
0
0
320
139996
139992
139996
0
4704871
0
0
0
139996
0
69558
0
139996
2967381
0
0
0
8036430
1539032
0
18
0
209983
69997
1749613
279988
0
0
74326480
0
0
0
139996
209432
2099520
41819400
0
0
0
69997
979890
909792
69996
0
641688
1119832
419970
6715297
3049270
139996
1119886
1399780
0
11
209983
0
12
0
139990
2379388
279990
36960072
0
1609379
0
699952
0
5
0
17160551
836568
24
0
0
2
0
139996
2298759164
699940
0
139992
10689072
279984
3848822
1543432
839888
0
0
0
1679664
0
838952
2099572
909839
69999
0
0
0
6570976
0
69997
0
0
0
69999
21662220
209985
0
209418
2099220
209989
0
699940
0
0
0
0
699940
0
0
699940
139966
0
0
559960
2400773842
839916
839916
0
0
0
0
0
0
0
1561594
0
0
35
5664921
0
0
0
0
139996
279983
908105
1679752
1399780
559880
0
0
0
0
0
153
559888
2799196
48
209989
139996
104625192
0
419968
0
1119742
70
15839261
15
0
699940
139996
0
139996
0
0
69996
4
0
279988
0
0
0
139996
209943
0
0
69992
1819660
0
3638596
0
0
699940
348035
139996
349972
25987108
45004236
0
0
0
3
69997
0
279978
2799360
0
70014
0
0
36
0
0
0
419976
0
7483998
0
0
0
0
76733
0
279988
0
0
279988
0
1190449604
0
0
0
1
72699867
279988
2658366
1679376
0
0
8951686
0
0
0
0
103381956
0
1679746
90
419934
5313312
0
279988
0
0
560296
0
489942
139996
0
559924
839932
839934
69611
0
419976
0
0
0
2798320
279972
0
1679256
1844510619
4897122
139996
419982
0
0
2169501
4895511
419966
279990
35917633
0
0
1049745
3497248
0
0
139992
0
69994
0
0
0
769892
0
139996
69997
139996
489727
0
419247
56776787
139986
139996
0
279964
0
0
0
0
419976
0
11187040
0
279984
0
0
2
69997
979900
7827674
81207600
139996
30586000
69996
139992
139988
629898
579513151
0
0
0
0
839924
188344786
419976
0
559960
11314300
0
1994139158
579468010
0
2308410
0
419976
2589171
0
73507045
3498748
139982
0
0
559962
70000
0
0
139992
7623501
0
0
0
0
0
2379400
8524872
0
0
639207353
0
1524
10753205
2798398
2658364
2588488
419889
69991
1259820
2745782
139996
0
839916
3638596
209896
75417386
1119856
699940
0
0
69995
0
279990
0
0
419976
1679688
139996
699940
2
0
0
9510616
0
0
0
0
0
279990
209946
835374516
0
0
0
0
1539736
1119886
279988
24
559960
209989
0
69993
0
0
2239456
0
0
699859
0
489808
0
70081
139996
0
699948
69997
0
419958
0
2728478
14013190
279988
0
279988
0
0
629913
1049758
139996
44067773
30
0
53739304
0
5107555
8812180
209989
0
699944
559966
629941
0
0
1259756
139996
139996
979762
69997
19701832
0
0
0
0
139996
1047585
70004
559960
0
419976
22
12
1399780
1259852
0
10628296
312495
139996
699880
139996
0
1049026
14237790
139986
0
766259548
139992
0
139996
1959606
0
6994900
139996
139996
35988388
0
559808
1174121560
0
0
3
69763
3149877
136
139704
0
0
0
0
839916
629904
69996
0
0
0
419976
209946
0
69994
0
0
0
69997
0
0
279988
6710659
0
229838464
699952
419976
0
1749626
0
979776
0
47889773
349965
0
0
0
0
139996
0
0
139830
0
0
1959670
178
8
20561205
0
69951
630891
0
1048269
0
0
0
139996
0
2
0
1121228
0
69993
0
2239535
6855689
0
279986
419976
0
0
95
139996
158097870
909910
0
279976
1119692
209989
139996
0
0
139996
0
209993
0
348410
139981
559952
4198168
0
0
0
280002
349982
0
0
0
0
0
0
0
2090354256
7755
0
839848
0
232
0
6
0
69997
0
0
0
16880468
0
3498308
4478170
69997
209925
9082580
139996
0
419976
0
0
0
0
0
0
0
0
1259820
0
0
839919
0
70327926
4338364
209985
139996
10
0
139996
1259820
298709176
1119856
979888
419976
0
6505210
0
2232664
699940
16
0
349975
0
629953
1050784
139996
20745003
6295860
0
139996
279988
139988
839926
0
0
0
0
2308711
139996
0
0
140074
6502555
349965
0
279988
279988
0
105560675
0
139995
7834672
0
279990
69996
0
0
30007120
1679688
0
0
0
1179837
0
629901
139996
349965
7
139996
0
0
139996
0
69961
1399780
839926
0
0
8
0
209977
279988
419976
69997
0
0
2939076
139996
279988
0
559960
0
0
102
0
0
69994
0
5037564
279988
0
0
5
0
1329672
0
0
209973
139996
279987
0
0
64806614
0
24169589
70440
1399810
0
6009938
0
0
0
1469517
2659360
279990
1119856
69996
0
3
10
6855100
0
0
5736483
699940
0
419980
0
0
0
0
0
1259820
0
2029594
0
64
1
0
349969
139996
310
139996
0
560106
0
0
279912
279988
1399797
0
2799198
1399812
559910
0
279988
0
0
279978
0
7973500
769917
0
0
0
419977
12
2868875
0
5174376
6
10077883
0
0
139996
0
4126346
139994
0
139996
769769
0
279963
1
419976
0
419980
139990
3
0
139996
0
139996
1609425
0
0
279988
559934
0
9715359
0
0
23199109
139996
0
419976
69997
349982
0
6490
1259828
209991
8
52633476
139996
559962
8035278
279960
139986
0
70434
979888
0
0
419972
0
139996
11522280
0
699948
69995
0
209992
0
0
0
6435697
1049775
0
0
139814
839916
0
0
0
279988
0
0
139963
5457580
0
1
280116
559960
9
69996
0
0
1
0
699940
69984
0
0
139996
69997
139996
279985
4964940
68
0
0
0
419898
209976
559960
419976
1679688
1943489206
419940
0
279988
1959580
4197398
0
0
69991
0
0
488418
559960
25
419908
69973
1399826
4
1021172776
0
0
0
4336034
0
13560984
69984
0
139990
0
349940
480
279988
0
23836415
700050
0
279988
11326716
209979
839916
0
0
0
0
69996
0
0
139994
69851
435
4617537
0
0
139996
0
559960
1
1049761
279988
0
0
279988
279988
67240
139992
0
0
0
0
559920
279990
0
0
0
0
0
0
0
152
699952
0
0
21930388
128669077
0
1469768
139996
489961
629920
139996
0
559960
419976
0
279988
0
1399780
566069752
3
0
0
0
2099520
839820
0
277804126
559960
0
0
0
0
0
0
0
1959580
1539749
70003
3918376
1189677
0
0
0
0
69997
0
715735086
3148588
0
3078942
0
629944
0
699882
0
0
139996
0
16117557
3778768
0
0
69993
114479657
3918376
0
559960
139934
0
139996
979894
209991
489968
0
139996
0
0
0
64942888
0
0
0
559959
3918320
0
69919
0
12846142
0
0
139996
0
699952
0
0
139996
1125
69997
0
0
7902715
6173
699920
0
126990
139990
3564292
10546595
0
0
69115
0
0
559960
139992
139996
0
139996
559960
2099490
209989
139992
0
139996
0
1399780
489923
10
0
0
279988
0
0
1609615
3218956
1749250
559960
209975
559960
0
0
139996
139996
9021227
3848350
139996
209793
1328917
0
0
419980
139996
209985
0
69996
69997
0
769791
419980
699941
29
559960
559960
0
263011729
0
0
62161674
0
8811936
58023562
0
0
699940
0
0
0
0
0
69997
209117
0
559865
209981
172
0
349975
0
13002516
0
0
2519316
0
4756782
1119847
139996
13978487
0
0
45844170
419974
349977
171797697
209976
279988
42793996
139996
0
69971
699940
0
69997
0
0
70001
5
979874
156050356
139996
69996
0
3638728
139996
139996
10767988
0
839916
279990
2
0
0
0
1119856
0
839376
22627188
0
0
436989
0
0
209982
30564076
139996
0
139996
70251
20953796
13350849
17437992
139996
0
209985
1189860
489923
349965
559954
699940
1049493
419980
2169465
0
0
350775
0
0
0
7924
70037
139996
0
0
1749135
3
139996
1399798
770202674
196
0
0
139988
3077624
0
0
79837600
0
0
559960
0
0
70065
0
139996
699880
0
629875
0
69995
0
699780
0
69994
0
70005
0
559960
1329411
209973
2099520
559960
559960
3
0
69999
0
138135996
0
4330266
489937
0
0
0
0
0
139996
9650340
0
2
0
5875462
0
0
0
1049833
69997
0
0
289609
69997
834193
0
292666035
0
69996
0
279985
0
69997
275294700
0
0
415
10
0
699940
489944
209982
0
349978
139996
489895
139996
349976
139996
10
139992
203093190
419976
0
279985
6
1329846
0
0
979912
909900
0
0
279988
0
2355343220
139996
69997
0
0
839926
559960
0
0
139996
3288525
81122
0
279990
0
979888
0
0
279988
0
0
2412068332
0
209985
139988
5174376
139996
0
559966
349980
279988
9850101
12762
0
279988
1
0
0
0
0
419430
8392799
3638791
1259860
54988340
0
209979
0
0
792
279988
3778488
5316991
0
0
0
0
0
279988
0
279976
0
0
139996
149481
209989
0
139996
82838785
69996
279990
139950
769899
0
0
0
2099520
65
69991
28755528
139996
69995
1049745
0
0
0
139996
52296950
979900
0
0
69996
0
0
0
77
279990
4824967
0
69994
28
139996
0
139996
2869211
0
0
139996
0
349965
0
139996
139996
0
69997
1679768
2
0
1082
0
0
0
559968
1259820
1188691
279888
839412
139995
419976
0
0
0
0
209985
0
0
0
0
69986
139996
0
82177888
69993
0
699940
0
11592112
279990
279990
2169451
0
0
279992
559960
0
0
139996
3218897
0
6855196
279990
0
2939188
3638862
1749631
279986
0
18
139996
1
0
5103729
1679742
0
0
0
139996
0
139992
419976
6296116
0
0
0
2
0
139996
0
139996
0
69996
489888
0
0
699948
0
0
769934
209976
5
139990
0
139996
0
0
279988
0
279988
4617756
9570683
629887
419976
64776404
139882
2380425552
0
1259820
0
0
0
0
1260080
350034
0
350
139996
139996
0
3358567
0
0
0
0
69995
839916
1889255
279988
15350500
559960
0
0
979912
125602892
41278768
0
279988
0
2379520
1099891422
0
0
0
19560520
0
209985
279988
0
0
1998
0
0
0
139996
559918
0
6431260
2
489919
139996
139996
209986
699940
0
0
209952
279988
0
0
0
209989
979900
0
139996
2
559960
0
0
69994
279988
0
0
419976
0
69997
139996
0
0
0
139984
0
0
0
279988
0
0
0
139992
489953
139996
139992
0
69993
0
0
0
699872
559960
279938
0
0
419976
0
2519316
0
20536488
0
209989
699940
0
0
139992
6359990
0
0
419976
5174287
7129392
139996
139996
116
0
1258942
0
0
0
0
0
279988
139990
0
0
279988
0
0
0
209985
349950
699930
0
0
15375580
1189777
0
69997
69989
419976
650
489940
0
1120764760
0
1415637436
0
3358800
19634684
0
0
4198140
0
4617789
1259532
139996
0
2385332250
2
629893
0
0
419976
0
1049819
1119856
69997
69955
0
69982
63
504360180
0
559960
559920
419976
0
0
0
0
69997
4
210170
0
0
139996
0
0
2659240
0
0
9431226
139996
0
909906
1259820
2588520
0
1259820
0
0
1679766
979888
2239456
1119880
419980
2
13561678
559960
0
0
139996
70008
0
2099520
559920
0
5104707
1140145824
0
0
419980
139996
0
0
0
0
0
1469713
2239456
1329563
279988
0
69997
208
0
419976
1959580
140507
2185513130
279988
0
0
0
6716014
139995
0
2378572
839916
0
139986
4128071
0
69996
279982
257
0
0
139996
0
845322
1119770
35848398
1889728
279990
699952
208989
1539736
6
5317180
0
419980
0
0
1819470
74448305
0
69996
349965
559960
209925
0
1399780
139994
629923
39367377
0
247956460
0
0
1915725238
0
984311060
139992
0
0
17
191353
3638596
385
0
279988
0
0
3498700
0
0
0
139996
2659337
699940
0
0
3218896
111906933
0
0
419976
0
0
0
1539748
420023
0
0
0
0
0
0
0
0
5313996
0
0
0
0
0
839970
2
3638918
0
1
699940
19699956
0
279988
3218896
279974
0
2394895996
69822
0
264
69997
0
1122490
0
560915
0
139996
0
1399598
15096030
419976
0
0
0
209985
0
1329840
16634560
0
35723307
419980
1679710
0
0
0
419952
23463801
0
279988
17228497
279978
0
93587400
279990
1539736
0
139992
0
0
0
559966
0
0
0
0
0
139996
0
0
0
0
9930784
139996
11187040
279988
1049655
82514023
279988
139996
835823
0
17
279990
0
209985
0
0
69997
559896
0
0
1679688
0
279988
0
0
0
139996
3916530
1119712
559950
0
342474927
0
0
1065205117
0
8252920
979908
2134275558
8672188
0
1119856
3490786
0
0
0
0
0
0
0
139985
69997
0
0
769866
0
0
0
0
279990
33
0
699940
3567195
12
0
0
0
0
139996
419976
1679688
139996
69997
0
8175843
0
0
0
4
12
0
70016
0
30
20273388
15
0
839934
279988
0
139988
69997
3918376
419977
0
139996
139996
2379466
0
0
0
0
0
0
0
839757
4
0
139996
279972
0
0
0
0
0
139996
8951680
139990
70449
209973
1189695
0
1958752
0
0
0
139996
0
0
0
0
0
69996
141129971
0
419980
139996
70015
279988
0
0
139996
0
209983
0
1119882
0
0
0
356583
0
0
139996
263856011
69995
559968
0
139996
0
128589792
279988
0
279988
0
10
863
139996
139996
8600260
139996
3498700
0
0
7973500
0
0
279988
139996
5
69998
0
1
0
0
1539736
629901
139996
0
4
0
139996
0
489949
0
9
4198254
0
0
0
979912
299
0
0
1399780
139996
1609712
0
5
22223958
279988
43
139996
420184
6716440
139996
979776
69994
699948
0
10
69997
139996
0
0
0
280061
0
139996
0
0
139996
139996
3637245
27009421
979910
0
0
279988
70849
1539736
0
139996
0
0
0
1259860
839916
0
2659240
559934
4755373
1749272
2244521
1160007214
0
3358800
0
0
279988
1679694
18
279990
0
839934
70080
0
699940
0
0
279988
1679688
22
102875577
0
209961
0
69984
0
1049745
1045502401
0
69996
139996
559903
63495
0
139996
349965
0
0
5873104
209988
0
66123
0
0
0
0
139996
0
0
139996
140002
0
559919
1192416532
1259824
139996
0
0
0
89240002
0
2448644
0
139996
0
209964
839926
52
0
1959614
0
0
139996
419944
0
5105745
0
839916
0
0
2099490
209985
419976
4756916
139996
0
1021447573
768689
1469697
0
8813260
69993
489909
9
419976
1819720
139992
0
0
419976
0
839832
18026465
279988
139996
139994
559944
279988
81762624
139996
0
0
0
72579586
0
1949066
0
209966
0
139996
0
279988
0
139996
0
279988
629903
0
0
36
0
0
0
1749671
5876546
0
140136
0
839916
942
279976
139996
0
0
0
13560988
139996
139990
699940
0
0
139978
279988
69996
0
0
139996
0
3359060
139992
7274400
0
419976
0
69996
139996
1119860
2
419976
0
69993
0
0
0
559944
559968
0
511921
63
699940
13980750
0
0
139992
0
3778590
36193738
17
209973
70004
0
139992
0
29750
2
0
0
32127343
139990
0
139996
0
0
559880
559966
209985
69997
7274064
138020860
1218796760
0
2309389
0
0
69996
14
0
13421184
0
1665509032
69994
33651977
1259704
0
0
139996
0
0
0
12
0
1539736
5871885
279988
139996
349950
0
0
419976
0
0
10907676
979791
35294920
0
7134796
139992
0
14654640
626
0
1399780
0
0
0
0
0
0
0
0
69998
0
14
279990
0
5037336
69997
139996
559966
0
0
0
0
839842
0
0
0
0
2939076
839916
2307921
349785
139996
8245722
0
11732096
0
0
139992
0
4757861
1959580
0
5523655
0
0
139990
0
0
21672038
0
2238688
0
4058260
0
10488748
139996
279989
26937909
1702950
4126400
279988
0
0
0
0
69996
0
69996
8672860
699940
0
839916
279989
699940
0
839916
0
69994
0
419976
559922
0
489957
279994
559966
0
0
0
139996
9
0
0
0
0
1469517
0
1259820
608358
0
139974
699280
0
279988
0
419976
2379388
0
3
1539736
6156040
2041607536
139996
5384361
0
279988
909748
0
0
0
419940
0
3638596
0
139996
1189728
0
2698959
0
0
3358846
0
3568329
0
9
0
769912
2658597
559952
2
69997
559960
0
0
13840005
2099578
69996
17673516
2799160
0
139996
279990
0
209964
0
0
0
0
0
0
7338869
139968
0
0
0
54
0
46952188
0
0
1679478
139996
979888
0
0
69816
419976
0
8389942
0
139996
559959
69997
4
18200574
279988
69997
0
1119856
4
139992
77099
0
0
979888
139554
0
0
4338076
0
0
0
419976
139996
1119888
139920
0
69988
909805
0
139996
0
628498
5737388
0
419976
0
16
139996
146
139996
139996
0
0
0
1119369
419980
12443980
1889217
245446401
70310
139996
22
2379388
0
0
1469549
1391718768
0
419980
8315482
1049840
2378742
419976
139996
559960
419976
6924913
139990
93504
1399780
0
69991
139996
419976
0
279968
209985
69999
560122
794
1081598
279990
0
892510326
279968
69984
0
279991
0
0
0
0
3148479
419970
0
139996
1819700
419980
839790
1679500
279971
419982
6
1399780
6715297
0
209954
139996
0
139993
139992
2519406
0
8392680
0
139970
0
3078988
2
0
0
0
0
0
0
0
0
279988
209943
559960
0
0
0
0
0
140246
1259836
1119856
0
0
0
123
139996
699940
69999
3147892
0
0
0
69995
136
209985
0
0
559566
4
279991
0
4964557
33905190
0
419958
0
3217839
1119856
0
69995
73651
140055
699952
0
279960
0
0
0
0
1049783
489916
139996
0
69997
0
350006
0
7833616
139994
0
0
909482
0
1819608
1563
0
6715106
2938196
0
0
279988
0
1189337
139964
139996
139996
0
139996
0
489909
489970
0
139996
979888
0
10070158
69977
1933600888
0
1399768
0
0
279988
0
0
0
139988
419976
69983
63975880
979908
0
5317740
139970
909868
0
139992
49866486
0
7275360
0
0
0
0
0
0
0
0
1609549
0
139996
0
26178610
978268324
0
69994
7415665
279990
139996
139996
839916
0
279988
419976
279988
349971
559888
0
0
139996
839926
0
0
0
139996
140211
16840696
0
0
279988
0
0
139992
1189818
419976
0
75314268
1119872
419414
419992
279864
210027
139994
20815000
1679664
0
0
12706874
349964
0
0
1259860
0
0
11606220
0
1049730
0
61350156
699940
5593416
0
15
24
839932
419934
0
839934
0
0
0
139996
139996
0
0
2518596
93726710
554952
419976
0
0
0
559960
70003
0
0
139990
0
0
0
0
22488166
2
0
22637875
22418261
419976
0
937
10698356
0
0
1259820
0
140010
279990
0
279988
0
0
0
1679710
0
0
0
65355372
979904
0
9
279980
10330844
50694280
209985
0
1679684
70033
0
0
3777038
139992
0
279988
1197848385
139778
279984
304
0
0
0
2125
0
836974
139971
0
70011
0
139996
0
0
0
139996
139988
2588644
21164225
419976
0
0
349990
279988
1679652
0
139992
0
0
139996
0
0
0
0
0
0
1849610200
0
0
139996
699940
139990
69996
419976
279988
0
629901
15794236
1093617516
0
3427950
419950
0
0
1189841
209985
24104797
139996
2939076
17678294
0
3
0
0
139998
0
2099520
0
0
699908
0
1399780
1819681
0
839916
0
979891
4
559960
0
979900
70481
0
0
0
0
4949102
4
69998
0
0
1889163
0
3218896
303820993
1399570
8455117
209985
69997
93861988
139996
0
419980
0
0
263755988
35397
0
0
6920108
9
0
139996
0
0
279988
0
1863569988
419925
0
0
0
0
1469534
16768650
0
34
0
30424516
69996
0
139996
139992
0
0
0
279896
1119995
0
1399780
257218446
629892
0
6151992
69987
139986
9249445
979888
0
139996
2
0
3
69997
0
69996
0
559008
0
0
0
0
6640785
0
0
10488600
0
139996
0
1100338887
4336095
0
0
69997
0
6
349955
839916
2659336
419182
0
139996
349982
69997
8114830
210009
1539736
69996
699948
559966
0
0
0
69996
139996
0
139989
0
979888
0
139996
0
0
979762
209982
70447
279988
0
0
0
0
0
489839
559968
1679688
419976
0
23
1259820
0
0
69997
139996
0
279988
0
0
139996
139996
95713633
0
0
0
0
0
0
0
0
279988
0
69997
1888902
0
0
419976
140018
0
279988
0
0
0
0
0
1049861
45078792
0
0
0
139996
140132
139996
279990
419976
839916
1959628
0
139996
0
7826790
0
0
0
279988
0
1819636
629892
0
0
0
139996
699940
25
2169457
69996
0
2
0
0
0
0
1959580
0
139996
419934
0
0
1959552
0
0
0
0
349977
2
209980
0
13281758
95509180
0
0
0
1119880
279976
0
0
0
279988
2298124260
559964
0
0
979888
1259811
0
0
1189650
0
0
1119856
0
419956
8253036
0
489891
0
420274
1259622
2239552
15559825
13003720
279988
489930
11888152
419976
69995
0
139996
559952
0
1
0
0
2519316
0
3359062
0
0
0
0
2448741
0
19560520
0
1247714389
5596796
699350
5876388
139996
21261960
2868155
419942
7414480
0
0
139996
279976
17784465
2041018119
1539756
0
0
4897480
26808121
0
279990
0
209981
489961
139996
8
279988
489916
0
0
0
0
1198
419976
0
2
8454999
0
1819140
139992
279990
5317540
0
0
0
1819717
0
0
0
69997
139996
1819368
909792
419976
69997
0
1223253360
0
69997
839916
4058370
69927
3522584
0
279988
10
0
629901
139996
104832388
2098979
0
419976
139996
1749707
5037336
6365583
50347642
44178388
70070
0
0
0
0
489961
769847
0
3778148
4894960
559696
1539736
489236
81340512
0
1539596
0
419957
279984
0
139992
0
6994990
23882837
139996
559962
0
0
69997
2309389
0
0
2029101
0
0
279953
699712
279988
3638814
42
1258348
419976
279988
279988
2029197
139994
209989
419976
127377988
2659204
139992
629950
7617901
279990
69997
11047360
0
0
0
1609402
279988
19767252
0
0
349959
31
139992
0
0
0
53784717
756
139996
140826
0
209936
0
0
0
2237376
629901
0
1399581
1843887888
139984
931297125
139996
0
0
2
6854947
489760
0
1259820
0
279988
0
0
5593280
0
0
279960
0
6365748
279856
26670142
280194
279990
979636
0
279988
209985
0
0
0
0
0
0
279984
0
489949
559961
0
70001
349965
1
0
839916
204025756
139994
1399780
279748
699940
979900
489956
0
699940
489942
139996
0
769857
139996
0
139996
1119870
69992
139996
69996
0
72259600
559966
69997
0
1900767060
0
0
26385601
0
769873
279978
139986
0
3358800
2939100
2169360
839995
0
1
0
14538568
0
0
0
0
559964
0
4967482
0
0
0
70010
1399710
699930
163560141
1399812
69996
13128155
69997
17329246
139978
139996
0
839910
14586317
10895352
0
69994
419976
349583
0
0
419980
1889455
3
3078988
0
2
629943
0
43624060
0
279576
0
40634437
140006
625621864
489636
26
979888
14
0
1399780
1259856
0
139996
6431260
31855217
11870420
2
0
0
332
0
0
209991
69997
0
1
10488600
0
40014688
46814211
0
0
0
0
279988
3519045
0
9
6503178
979888
139996
0
0
979888
839916
0
1539736
41429944
69997
0
0
139996
0
1749352
11466463
349977
3218896
2939218
7554068
0
69997
139996
69997
559960
0
629833
0
0
0
0
3079320
0
0
0
0
69995
1399812
0
1259813
1749032
0
419978
0
0
0
17449906
1399844
0
2
0
1
2308812
279988
3358800
419754
0
0
699940
9510616
992937563
839916
16774960
419976
2099042
0
280005
2939116
279990
0
0
0
0
11730600
0
0
139996
2099520
0
1017
139996
0
419729
2380883
1259836
12025538
69995
2799160
2799160
69902
979672
0
69996
0
6
0
0
489937
9501096
559960
4897480
0
0
0
139990
52910440
0
0
139996
1551
0
979193
347085
0
489506
0
69995
0
139996
0
0
279976
0
139996
0
0
419949
0
2659240
279990
77684232
0
69999
489937
19
1191347483
0
139990
0
279990
2029506
279988
0
0
1259848
380
69996
0
0
0
0
0
69987
0
1119856
0
0
6715596
0
0
139994
0
0
0
209985
1068371826
0
69992
769846
139999
209888
3358846
0
0
979888
3
0
1959580
0
0
4615182
559966
0
69894
30
0
0
0
489923
1679376
0
139996
0
0
419980
419976
0
979900
874452528
0
0
0
0
0
1049793
559925
4100567
8252802
0
1679664
419960
69999
139996
0
0
0
0
6151112
1049747
0
279984
2938690
0
279988
0
559994
629886
0
0
0
0
629883
2239566
139996
139982
139996
0
0
0
0
1189793
2659276
139996
0
0
69997
139996
13403326
279968
17049988
839916
0
0
1259820
0
0
3079016
0
8
139996
419979
0
3358800
0
0
0
490105
0
0
0
769857
2019952188
210171
0
0
0
69738
140006
0
0
9161703
100721488
0
139996
0
4116
1609756
6989909
0
139995
0
0
0
2939076
987558862
0
1189374
0
979824
0
0
6855100
0
279976
30
419976
1189726
69997
219636243
0
0
1119856
70055
979908
69993
139996
203489548
0
69995
0
6639455
32373262
0
699948
0
559920
70023
699956
12304336
0
0
0
419982
0
0
0
139996
139982
139973
0
2099538
839916
0
0
0
10698862
1
0
4198348
0
4197496
0
0
0
0
0
0
1539736
0
0
327288
2099120
0
0
279981
839916
6995092
3778488
559960
0
0
0
0
0
0
61
0
0
70001
8532556
0
69997
0
139995
1679688
0
559960
69997
0
139996
1259836
139996
0
0
16
0
0
0
839843
769879
139996
0
0
0
48615700
0
0
140007
419980
0
979908
2099567
139996
489923
279976
1679599
0
4477158
0
0
3700479
1959580
419967
419976
979888
0
139996
3147840
0
559966
279988
560013
139986
0
139996
209982
2043055610
0
0
0
559912
4547787
2
0
139996
0
139996
1329281
0
1469543
133124022
699940
139996
559954
5596948
0
0
0
1399780
979888
0
0
69990
210089
274
0
1049580
13491036
74059
2519316
0
0
1980
69995
139996
0
0
625486
0
139996
69997
0
0
7833549
1
34458956
73169
209985
0
0
0
279990
0
0
0
22276318
0
108
979762
4653418
0
3584
0
559960
349954
0
1119888
0
699940
69996
839916
0
0
209988
0
1119856
0
1
0
8
490
699940
0
6715296
1
0
139996
69699
0
4897511
0
0
0
0
979734
2519518
674863056
0
0
139992
292743
0
0
23
244212497
0
139996
279976
0
0
0
0
0
209960
0
139996
0
979916
2238880
979692
69997
139996
0
769897
315
979883
0
0
419960
0
559960
349880
0
2659270
5177188
1259806
8113156
3
0
7833616
139996
279988
686422615
0
0
139996
0
69995
139400
0
979888
26870619
0
0
489961
209961
0
13002516
0
559966
69999
209983
0
139996
140007
209985
0
0
3427452
979888
839820
139996
279988
0
0
139996
0
209982
6
0
1259586
5174376
0
0
0
1539736
0
349968
0
2280
0
139996
4896696
139996
0
0
139944
2369230147
139996
0
0
50
0
2659240
0
16950465
3
0
699948
0
3218896
0
1679373
279988
5596720
0
139996
0
0
0
0
0
0
419976
0
0
629887
0
0
139996
4618204
0
1119870
69976
0
69952
0
2869262
76118296
0
0
139996
279988
139996
0
0
979888
0
210153
0
0
0
0
0
17
0
0
559960
0
1216202842
279988
0
139996
3217676
139996
0
69994
0
0
769787
69997
0
0
0
0
0
0
0
1679718
0
559960
69997
0
3357554
1049841
0
0
3218896
0
349837
139996
139994
0
0
0
2099520
70068456
0
279978
69966
3078068
3778488
0
2659240
699948
16770960
0
0
139999
0
0
1189799
0
559818
419976
1819660
0
979900
418500
0
69993
0
821387346
0
139300
0
279990
0
4478119
909895
0
69997
0
70039
0
139996
69995
0
25900872
0
1819660
3638596
0
0
139996
0
23185214
69996
0
8392680
139996
1959580
419976
55
559920
1399633
0
0
489958
139996
139996
262485630
0
0
0
0
0
0
12
0
69991
4967325
0
0
0
839835
293
449725492
0
0
1399780
0
1776714
209989
3079212
0
1539472
1119464
0
299320833
0
6575488
139898
1959646
139996
279990
0
0
0
0
84
139988
0
0
69997
0
0
0
70127
0
1679754
279990
139996
139992
419980
0
0
139996
279988
0
0
1119704
559947
139996
0
0
139988
21
349988
0
0
0
349965
69997
46588428
629949
0
28903350
0
4826062
11047516
2125209
3986637
0
3
0
1119856
279968
1539736
70051
69994
1679669
624210877
2379550
69997
69997
26
139990
279988
0
279988
0
0
139996
699950
0
209943
69980
1539720
699940
0
69958
139996
3778646
139996
279986
979888
0
2397818160
0
69997
57585
769809
0
0
0
0
0
0
2029244
0
69994
4407891
0
0
0
4126553
349608
0
0
559960
126
139990
0
0
0
0
69995
1
0
1180986360
0
0
979920
139996
0
139996
0
279988
139918
0
0
139996
0
138816
0
0
3217378
1259848
17
2868816
279988
1119888
0
0
55
3638596
0
0
0
419980
5247380
0
0
1
0
0
0
0
0
0
15933787
209985
140311420
209989
139996
139996
0
279988
0
0
139996
1819335
139996
2169488
349977
1539736
0
16910838
0
139996
0
1595475
1
0
0
0
209992
0
0
0
209989
0
0
0
559968
69996
1119616
0
0
0
0
0
0
489955
139996
139996
0
0
0
0
0
13909968
69997
35571200
0
489949
419980
0
419976
139994
6
699940
0
6
0
0
2239538
139996
279990
4757956
2308845
2
0
139993
69951
0
172682416
0
774014488
0
0
139996
0
35214840
139996
139996
0
0
0
0
139996
3218896
0
559960
1329621
0
139996
140148
0
0
0
0
0
0
0
0
5037982
209989
0
1679710
139996
0
0
0
0
419970
139996
209985
490465806
0
0
29912519
279988
0
3
139996
0
0
0
0
0
0
279982
21933039
139996
0
10548289
0
139996
139918
1469921
0
0
209878
386757504
0
0
419976
0
0
2868073
15142698
139996
0
0
0
2
559963
0
0
0
738232
279988
839868
0
0
0
0
0
0
139992
7
279976
12586102
979846
0
0
0
559920
0
0
117869068
139996
139996
0
0
0
69996
139998
559968
1889470
0
108253824
0
0
0
769893
1
139996
139996
1516939628
0
0
0
139996
279988
279980
1399798
69994
0
4757682
699952
177581
139992
419980
139996
279988
0
139996
279980
139902
139996
419962
0
0
139996
909850
2659360
12164656
25000497
1539756
209985
0
0
0
193152256
0
489974
0
629953
0
9999556
0
3498700
0
0
279976
0
1399780
0
139996
139996
0
279988
12027484
209817
0
0
839916
10978054
0
0
0
3483
839924
0
139996
0
97978888
2099548
559960
0
0
85617388
22205221
0
0
8253150
979580
6436284
0
0
0
0
606550072
1650
139996
279988
139996
0
839916
349960
139996
4124867
0
139996
0
139996
489923
315860220
43701502
0
13700980
0
3918376
139996
279988
0
279988
0
0
2
0
26179123
3078192
39043192
139996
0
419980
0
210000
0
0
279988
0
0
0
279988
0
142581
2379388
0
1214653997
0
0
46863697
70887
0
5311800
0
0
0
0
119334714
2518596
0
0
0
21530215
0
139970
0
0
0
139992
3079967
559966
8672188
0
3482755
0
0
69975
209989
559958
0
577253
139980
0
0
0
0
839916
1259814
419976
0
0
0
4757620
30716614
279988
279988
0
279959
0
0
139996
0
24856276
279990
0
0
0
0
0
0
0
45454218
69996
0
2728284
0
69997
69708
0
1748041965
209987
676401434
139996
559968
0
0
41819400
629885
209986
6994998
0
0
0
2799160
0
17645485
419956
2099520
0
119925
0
0
70023
6780300
0
419976
48
0
6012520
209985
1
0
0
559960
139996
1399780
9370888
0
5593201
8454775
0
139996
69994
701060
1831
0
0
0
279988
0
1469625
0
0
1119856
0
69992
0
0
0
0
0
0
0
279990
1049745
0
69997
4815
139996
0
139996
0
0
1119896
69997
279976
0
6715296
352985
0
8241892
4757844
1609427
279988
0
0
0
0
0
16
1679698
39
12234912
419962
0
69970
66
0
0
0
139980
2
0
0
684284750
0
769835
11312946
0
36542710
279990
0
0
0
0
699940
139994
0
139996
8
0
22627188
0
0
16281219
69967
139992
0
0
839916
139974
0
3777
14085
0
92763540
0
0
0
0
0
0
0
208556
0
0
559968
0
0
69997
0
69995
5317491
209986
0
0
279964
139996
0
559979
0
279988
69997
909871
139996
279986
1187433
1545588
349883
0
0
0
0
0
79170600
0
14119396
0
0
139854
419976
139996
0
349977
0
0
0
0
0
0
69996
0
0
209951
419979
1889670
0
0
69995
7897005
0
0
1259836
4192740
419970
209142
0
279988
0
3148500
5383917
349960
3
279978
70017
210480
559936
0
559960
0
70032
0
0
1119862
0
0
0
164579166
0
0
993439648
489965
0
279990
0
1819636
139996
140094
0
69994
425621
279988
76465
69989
59069187
69991
139982
3358800
139996
209980
0
0
0
0
1539736
139996
0
0
349961
69997
226221
146
0
0
209843
279988
839916
279988
0
769903
0
0
14
0
349977
1
0
7547580
139996
139994
0
1819714
0
139988
139999
980103
0
69997
0
30
32
0
0
2308457
0
17747488
0
279988
1119886
0
0
19
0
0
279988
139996
699940
1119840
419976
0
419740
2583210
0
352181084
139996
559910
489943
0
0
349977
489951
209976
979918
0
2099632
37792034
0
69996
2
0
0
0
3638646
139994
0
0
139996
349907
1259820
279964
139996
1959580
0
1119788
0
0
69995
209997
68199
0
1679688
0
139994
0
4338016
38816401
139996
1959090
0
279978
0
489909
419980
559968
0
139996
48
4363652
11041932
2099520
0
0
0
559960
1
5177042
0
1539736
0
0
699940
14259934
0
139996
1049725
279988
0
91539198
629947
5244150
0
0
0
2099520
70169
3846755
0
1119712
0
0
0
1259820
2939076
7833616
139996
0
5456880
0
349978
1819674
0
7872165
2239612
0
0
9990282
0
1457483160
0
559960
139996
0
0
559960
209982
2385620860
349973
419980
0
126
2432538460
0
0
0
139996
8
839916
279988
0
0
1119664
2197869850
0
0
0
489938
69993
0
139996
0
10767988
0
559960
5
1329573
0
0
279972
11383105
489937
0
0
9161469
1889190
0
0
0
839916
0
419976
1468269
0
0
0
139996
0
0
0
279988
1679688
0
139996
0
0
140420
559966
0
2447970
0
0
209991
0
0
0
0
209001
0
139992
0
0
2027738
9091548
6994900
0
349975
139996
28197988
70041
6779899
3288575
0
279988
279972
26526334
0
0
11
0
139996
139996
0
1539757
0
1959160
139996
0
0
69997
23
951007355
699880
16353928
0
0
0
60678
0
0
8811938
294944
0
0
0
0
419940
1084336656
0
139993
16080078
139996
0
210027
629901
9152577
0
0
1329610
1959670
54941644
909246
0
559960
0
0
3288363
139996
0
0
0
489945
0
1119856
0
69996
139996
419976
0
139882
19002736
12862888
206
8247520
0
0
0
419976
0
0
839916
0
0
1399812
0
0
0
419976
139996
0
279699
419980
0
139996
0
0
0
699948
419976
419976
557272
279988
0
139996
1539736
0
0
7
143856
0
0
1679688
0
0
0
0
9231538
0
979910
0
1041120
0
559968
0
139996
0
0
0
139996
209982
139996
1399780
0
0
0
0
0
0
3
0
0
23
0
419980
0
139992
0
0
24831440
3918430
979874
979888
0
0
0
0
0
0
1469731
139996
7973764
6
0
69997
279968
1259856
331
0
999589
106573432
0
69997
0
0
70006
6016216
0
2379066
0
3829870
0
0
0
0
5662710
4111364
11326716
28
349963
0
2728901
349968
139996
111128777
139994
0
2309339
279988
699930
0
0
3498700
0
113
279988
543382326
131220
0
3218896
0
699948
699944
2099548
279984
9231161
8182980
1259820
0
699952
279968
209983
0
69997
0
0
48892896
69997
139948
0
1119648
0
139996
6431352
629760
955155032
139996
16662451
0
0
979888
839917
0
0
1889274
69997
1
0
0
69999
0
5876388
69997
8
0
279984
0
699940
563520
0
0
69988
0
559960
45210984
0
0
0
73085596
0
139887
0
0
699860
0
3497642
0
1329741
0
139996
0
0
6
0
0
0
69995
69997
0
0
0
139996
3848569
0
279990
209979
0
419976
0
0
0
69990
0
0
69974
1399758
489767
419976
419976
629955
10
139996
489930
0
139996
0
0
279972
0
0
0
0
0
699940
473
139996
139996
0
43078545
0
0
979776
0
6850584
0
209982
7129392
139996
2
139996
1259848
1119868
0
69991
0
0
279954
0
0
0
1
293
0
794052
419980
629883
139996
0
139996
0
0
0
419976
0
786
0
139994
0
0
0
0
279976
559575
139996
3847735
0
0
0
69994
69997
1469454
0
0
69987
0
1469571
15724653
1259820
279862
5244150
0
0
349982
559966
1119856
22089192
419970
1259836
768889
0
0
629883
209992
210137
139996
0
349943
0
27
2449247
839916
1259820
6780397
0
0
68344211
69997
0
69997
0
419976
0
0
139994
279988
0
139996
0
69993
0
0
0
0
0
279990
0
0
0
15655128
0
69991
10559959
139984
769893
0
40154110
1398960
0
10547493
0
0
0
0
139996
0
0
0
0
279988
0
0
1399798
0
0
3077716
140006
419973
419976
6364165
0
402241310
0
489968
139988
279986
0
0
139995
69994
0
1329697
0
2168667
0
139994
0
419976
568840
0
139996
0
1679688
0
0
103869328
34949685
64878486
139996
18584356
0
0
0
2799165
0
419976
0
769780
284587091
0
2658282
139992
9924304
6295860
279988
0
17526038
0
279988
419976
874751010
0
139998
0
8532556
1399780
1539736
0
0
279988
0
1679665
0
0
1185462882
0
0
3427893
349965
0
1119870
0
349710
0
0
0
0
0
0
0
139996
979888
0
839916
0
279968
0
0
0
0
1902
58378008
0
2450030
0
0
0
0
139996
1259820
8943360
139996
0
0
139996
0
0
349882
279988
0
0
0
559962
0
69996
44317116
0
0
280180
419976
60722366
0
279988
0
46466883
2099557
248804952
69997
279988
979903
0
69992
69997
0
0
0
139990
1819720
139996
209982
31954660
8811936
139996
0
1119864
0
22905880
0
909906
1049845
0
139224
24856630
6994026
559920
26869846
699940
139996
419952
139996
0
0
489959
1539734
909571
6226207
1189829
4268017
0
69990
279988
0
0
279988
0
1399560
419976
0
0
0
0
0
139996
0
932
0
699940
2099520
26
0
0
1850692420
209982
139996
0
0
1539736
69989
436
8
0
279988
18
139996
774130276
0
139996
1399798
0
0
139984
0
0
139996
279976
629875
839844
1399581
419976
0
6855196
839926
0
139996
0
0
0
22488156
0
0
4
0
139996
0
0
139996
139996
349951
355
0
419976
0
419976
1206935437
0
0
3218850
0
70002
0
559960
0
67152456
140044
139996
139992
361
279988
0
0
8951680
629892
0
0
0
69993
905
0
14677942
6
0
0
1
0
1679688
139996
7134696
0
7904908
1259640
0
0
0
909657
11
558
0
209969
979776
0
7623621
419976
0
0
0
0
6295860
6
4406877
0
0
559968
279990
2936748
0
419976
0
3288359
0
69997
699890
139996
0
0
209857
4196760
0
139996
0
839916
0
139980
139974
909872
419980
0
0
0
419976
0
0
0
699940
0
4128222
0
0
139996
0
139996
0
699952
0
69972
1119801
0
419910
979888
289396
0
0
1741425
0
18724086
0
139996
908800
46570
2168977
209985
0
0
1259820
631525
559840
139996
1329758
0
69939
45
0
419955
139996
89
139996
979908
0
37658358
36959020
0
0
3918376
979888
0
0
0
0
139996
0
1305
42
0
0
699870
0
139996
0
0
2939116
0
140002
0
139990
139994
0
0
140130
0
1819646
69997
0
419962
0
7554166
7693995
979678
0
0
139995
5942520
0
279993
0
139996
69997
3564243
69988
0
0
19312986
8
1
0
0
279972
4198140
0
0
0
0
0
0
1259850
12723256
69994
0
0
69993
0
489923
0
9371020
279976
0
419980
0
209989
0
7544820
0
279988
71502
1329563
0
0
0
489968
419976
559922
139996
1679688
14788517
0
979888
0
0
209979
279970
0
979888
139996
769846
0
1189751
69997
0
0
0
139996
419976
1959180
5526838
0
0
158217300
69996
0
0
209985
11812175
0
4477888
0
123051699
0
17329480
2099520
139996
139996
0
0
0
559960
699880
0
139996
139996
839916
279956
252024240
0
279964
1
0
0
4
0
419974
18
839926
139996
279988
0
279990
24
0
0
139996
63285040
349995
279956
0
1539736
349977
0
0
699954
279988
0
139996
699940
0
0
0
699898
139996
0
0
0
1959605
0
0
0
139960
10
139996
0
139992
769859
0
0
0
279978
2156051880
69996
0
69996
0
2518632
839916
0
9511128
0
0
0
7
1259604
419952
419980
1748319
2658366
0
0
8392680
0
4547966
139984
0
1399101
46097
0
0
0
419976
279988
0
139996
1259848
21
139996
419976
0
0
0
139996
979900
0
4198140
0
69985
0
33952482
24
1119712
141336
0
0
1749250
0
279988
6436124
2379318
0
1
0
209985
0
2379190
0
0
139996
0
1049730
0
995437888
7554060
10558590
0
0
7
0
979888
52621665
1119856
1539642
279988
1329789
0
1328423
0
0
20977290
209977
139992
9510750
279988
0
0
699930
1399780
279990
0
1609605
139996
0
0
6295860
0
40591793
1189691
209985
0
121056625
3218896
69994
0
41
699940
1539
69997
419976
1469475
1539772
13198912
7619
0
70911
279988
0
9091548
69955
139996
0
139984
0
629901
0
23181415
419903
139996
70160
979776
559922
0
139996
0
349965
0
9092848
1889190
1469561
1189732
0
0
0
4617860
69994
0
0
69997
0
69995
699948
0
96399082
1959580
0
4897410
0
70003
0
0
0
0
3216264
349977
279988
1119870
209983
7973608
0
39
2133190720
839916
0
0
559904
279976
284136
70001
5736556
419952
0
0
279988
279972
0
699940
209989
0
0
0
1
2199741024
0
1679688
0
0
559970
70111
427466
0
11382461
23058453
279990
0
699884
0
0
58379258
30980988
0
2658739
20327455
0
16488551
139990
69996
699940
0
0
839916
2099656
279988
0
560692
0
0
0
89745355
419946
0
0
279988
1049550
0
0
0
1049730
209981
0
630021
1119880
0
0
1408413018
0
1451734120
839926
980025621
69969
0
7414170
279988
0
139996
0
0
0
200593
69979
2306644
63
2099572
52841
0
139996
0
139994
0
0
0
91943472
489935
13421376
0
139996
45
19281910
0
49724388
0
979900
2135179872
1040
45006203
446983366
2099656
0
0
0
0
0
0
419962
139990
4897480
0
0
0
0
279990
3147927
139982
419976
69997
139996
0
419976
349915
69995
0
30146686
0
699940
699941
279990
0
0
0
0
490045
0
55541596
0
139996
0
629923
0
419952
699940
0
10768140
2337672603
139993
0
139996
0
0
84
2239456
0
488
279763
419980
2449446
0
139996
0
104763
0
559966
0
0
139996
0
0
0
0
0
419940
139996
2519316
279990
256
0
209989
2029517
139996
0
139996
279992
1679688
72
699942
256
0
10907520
12725478
25093508
0
0
0
2379388
839820
57278
70027
7
0
419976
0
0
209989
559936
0
0
0
0
699940
15515136
0
279988
150
0
979888
0
0
0
2155874500
139996
0
69666
2
0
0
0
629865
0
0
0
0
505856988
11010870
0
984739156
447531
0
1399764
1049789
0
0
1
6
0
279978
0
0
0
279988
0
69979
0
2099592
0
69997
1860209176
0
0
0
0
0
279988
0
0
115
0
139996
7134696
139996
2
139992
69995
69991
0
139996
69997
0
0
0
0
2168286
0
0
699500
349977
0
559896
139996
0
139985
839932
0
0
199131275
0
69996
0
55440252
839934
699944
839916
0
69999
69996
279988
0
0
0
69997
139996
1469494
0
139996
0
209896
0
419952
86
650
769875
0
0
0
419980
209979
0
0
2379536
5876470
40716
0
139944
349968
0
11047360
603245
2
139996
69999
0
489937
898347681
699928
0
0
2238978
0
139996
419976
1959580
0
0
2
0
699894
6501165
7891920
0
0
0
0
0
0
629952
69940
0
0
279988
279968
139996
1749373
0
1
279984
0
81
0
0
0
116460388
0
0
0
419962
69997
139996
0
1399761
0
0
2375120
0
0
69997
839938
0
65495376
0
559966
419952
2099474
69996
5034600
280046
0
0
0
0
2798098
279988
49315358
5177330
0
0
0
139996
8
0
0
1119680
209963
209994
0
0
699940
909882
11885380
209979
93667957
139996
69997
139996
12862888
419980
3147885
489945
0
139996
139996
0
0
1276
2379420
34874001
139996
0
559961
3219072
1679692
0
0
979900
10907676
0
0
139995
349965
0
6156040
0
0
768849
0
279988
979816
0
139996
0
209982
0
69997
0
139996
0
0
419980
139996
839808
769846
69943
69979
0
13738094
0
139996
0
1119856
0
0
0
1
0
699863
2448961
0
0
139992
0
102718
1819636
419964
279976
139996
39
1259820
0
139996
1119886
139996
139996
0
0
0
279988
0
0
139986
0
40714
0
0
0
20
0
21651948
6295948
0
0
1259835
279750
0
279988
139996
419976
139996
0
0
0
349860
139996
7902935
2389160308
139996
0
0
0
0
0
629901
489957
139996
0
1049866
0
2659340
0
140001
139992
979888
0
0
0
0
0
22139433
0
559948
139992
279990
0
7
0
0
139993
0
1959580
0
0
839920
4894890
0
1250759758
139998
248
6152262
139996
209982
0
0
4
139996
69780
0
0
1
139996
5596720
0
69997
72
0
4895980
0
419976
0
0
69961
0
3
0
0
0
0
559960
0
279972
6715658
296078106
139989
70005
279990
0
0
0
0
25
489790
1259820
0
0
34310654
0
0
8389198
0
0
3637948
279988
139996
1
346
0
0
3498792
139996
139996
11745886
0
47506756
0
44319765
0
140005
0
3708435
0
1679728
0
3497840
0
139996
0
0
0
419976
209989
0
139996
70045
0
139992
3777834
279990
139992
0
0
0
2155383628
2379388
1119856
0
0
95509180
139996
699890
139996
1959580
0
0
139996
139996
419976
699940
0
419976
3287697
139998
699948
0
4338080
2099572
69992
139996
979908
0
0
132
0
30
0
0
23476437
0
979908
0
2922
139996
139996
0
559920
0
69996
0
0
0
140008
3918376
0
0
139996
279978
0
0
335233468
209988
70056
24094402
0
0
2247245817
0
0
0
0
1
0
2309167
0
139996
4338016
139996
0
0
69996
0
1855667188
279982
69996
559920
0
28201092
0
0
0
839926
1
0
2029101
0
139996
0
0
1679730
1827
1959580
210060
0
0
0
0
0
0
0
279988
0
1049745
0
419980
629892
139998
0
0
699940
909866
69991
5177116
0
0
0
419964
419976
141881
0
0
279988
139996
69997
7414276
279984
839916
279988
419964
69997
0
279997
349967
0
139996
699870
69997
69995
0
6855100
0
69997
139996
0
909749
0
0
988
140013
0
0
0
139996
0
70017
979908
699930
489957
153218752
1259820
0
769885
32950808
279981
0
60499
0
0
139996
0
69985
0
70349
0
0
146768
495894255
24580061
0
0
8322681
863
4757620
0
139996
139996
0
2
0
139996
0
69995
139996
1819660
69992
279991
9371025
0
0
139996
12583620
419973
0
2238942
4617756
94703
1679712
0
6152080
839832
0
1189761
279988
0
0
1679688
6295860
0
0
12723697
0
0
1399780
279960
0
489923
0
139996
15651642
1087901114
2168946
284794038
0
0
0
0
139994
279988
13141952
33067188
699940
101957762
0
0
419976
419976
24855918
0
139996
0
139996
0
2939076
0
0
0
0
0
0
629904
50
979888
769839
0
0
0
1679705
139154
0
0
0
139996
0
0
1399698
0
10476001
2799406
0
1679752
94908339
2799198
0
0
68014
0
0
1
0
559960
28
86046942
1
0
629447
0
0
69
559915
0
0
1469496
2379126
699940
10209196
279988
69997
2239456
0
485
699940
3008445
0
0
0
0
0
419976
559960
139996
69997
0
349969
0
0
839919
7
839904
0
0
1679688
69995
419976
0
10405862
699848
0
81
139996
2519238
0
0
139996
2939076
0
95
0
0
1959580
139996
349977
1
1819636
10
4477946
279016
0
69995
419976
419961
69994
0
140001
15096456
0
3357532
0
419980
1539784
139996
1959132
16861854
1
629952
0
139996
8
0
5736556
559966
52
559960
139997
4405275
1049873
0
2449410
139992
25413388
0
419988
1679664
139996
139996
0
69942
17785477
139996
78
279987
0
0
0
419976
0
0
69996
0
909873
3776713
279988
225083116
0
209976
0
419976
7693840
0
0
35
0
280036
0
0
0
279981
0
350096
7
2029571
698216
1
0
29966068
139996
69995
0
209982
0
0
0
139996
0
0
0
7268872
69721
0
6221901
0
16770960
0
0
784496
839829
1959580
35
1749325
0
0
419976
14
489930
0
0
54295020
139996
0
1679664
0
0
139996
0
0
699940
4894960
0
279981
780
0
0
0
0
0
139996
629892
69997
69997
69996
0
0
279988
419976
209986
699810
0
839934
349867
279988
3009050
140101
15915842
0
5596720
0
6716248
0
139992
0
0
0
209990
8393065
1049788
1259820
0
132
0
5457021
699948
0
911780
0
0
349977
168552492
0
0
0
69997
419952
0
69965
349710
139996
349964
3078988
0
0
279990
0
9
279988
19839948
139996
279988
0
0
69998
699916
979838
559960
0
0
5736636
0
55679978
0
0
29775960
6365445
0
7693840
559960
139996
193286620
140233
0
0
4477950
279984
209922
0
3918376
0
0
0
0
139992
0
0
69996
0
139987
140001
25343930
0
0
139996
0
120437928
0
139996
28540256
699878
0
0
1329468
0
69997
349955
0
559960
10
419964
0
699938
69997
419982
279988
3078988
419976
979888
909874
14817316
0
0
0
0
839916
0
349918
9929916
139996
0
69996
1119856
1749325
0
46929639
0
4477918
699941
0
0
0
0
0
7119
0
0
0
139988
139996
3358846
0
0
18
0
0
0
0
279988
3
559960
0
1189665
0
139996
0
0
0
349977
139997
209973
0
3707032
0
0
1189852
0
69996
0
69993
279972
2239506
0
0
302102
9091420
28682645
139996
1398660
69997
54
0
0
0
0
979888
1389340
0
2799168
698292872
0
419976
0
699946
0
979888
19589634
139996
0
4058202
769824
69997
559960
2379388
139996
1609469
0
0
2185085836
209820
0
0
0
0
0
5317756
559966
559960
69992
69993
139996
0
0
69985
139992
559962
0
2308845
4687559
0
419976
139996
839916
0
0
0
0
0
0
0
2099644
279988
2099497
0
69969
0
0
137236
279988
0
74769520
0
279988
171195
140392
279988
0
69967
979900
0
40570056
209973
559960
0
136818229
0
20118240
139996
139990
0
139996
0
0
0
0
560524
0
69996
4338132
70038
2
3918376
0
0
0
139996
38
0
0
2239578
0
2374926720
0
0
0
69993
979905
0
2309235
419976
20288834
349955
559960
5736556
0
0
0
0
209971
1081709640
69997
157859
0
69997
69995
0
1259820
139992
279988
1609655
349977
69999
117893798
0
486
0
839832
3218896
69997
0
909843
0
209992
3358798
419970
4124937
48304216
279988
139996
0
279974
352418320
839916
69994
699948
0
0
699940
0
0
0
0
139996
0
3498700
1329601
13281760
419976
1959552
0
1119856
209976
0
0
69910
419976
0
0
139992
0
1119886
0
559958
64942888
139996
139994
0
2938394
0
50886347
559672
0
0
0
1119693
0
0
979889
2379074
279988
209991
699940
0
0
699940
0
139996
69990
0
699897
0
349827
7
0
0
0
90468583
139996
41402988
29312209
139996
69995
0
1119870
69995
69985
0
0
0
0
0
1329582
0
0
0
139894
489937
1889645
3940
139996
0
0
0
0
559934
559960
0
0
0
546
0
3510751
15654688
0
4058460
0
0
1173188484
3078988
0
0
0
2448565
70002
0
139996
6156040
419976
12
70451
0
0
0
0
0
0
0
0
839916
419982
1539736
699940
139990
419976
1260
0
0
0
0
0
0
979194
140808
0
0
139996
0
0
35736184
16
0
4
0
5384787
0
0
4338016
76809482
0
1329886
28602252
769205
769846
0
0
69985
278862
419976
629905
839916
0
419952
0
0
0
0
139996
1686
0
0
0
139996
1210182542
139996
209897
0
419978
0
0
0
0
139996
0
0
3475702
839820
0
0
8394534
559960
0
769992
2519316
349986
8
0
69997
0
703114
0
69999
2379388
0
209964
0
3775576
3
0
46677488
979888
70034
147068
139996
0
0
22487836
8951680
1119880
489961
9201
315468216
0
0
0
489937
0
2378602
58638352
11104401
0
0
419886
0
139996
139996
0
419550
69996
419976
3
1049628
279976
0
1196760028
0
139996
0
2379388
69904
350359
103084971
0
69884
1049874
0
559960
419976
36680146
0
0
0
0
0
1679376
0
1679776
0
160
0
0
139992
0
0
0
195310126
0
909833
43
4338016
5177188
4477888
0
0
209894
0
58978169
979908
450413932
0
279990
0
5597240
70946
4338016
0
0
13281760
0
419980
0
140003
0
139996
1119870
0
1188765
1119856
0
559960
0
139996
559920
419976
0
139992
6
209982
909872
38903760
979888
3
0
559966
0
1469737
139996
0
0
139990
0
419976
0
1
139996
629901
0
0
7269910
15
629945
5177188
279976
139996
0
0
0
0
0
1185763737
0
0
0
68477
139992
139996
0
31976920
559960
979888
69988
0
279988
5457028
419976
139996
0
0
139996
78
839832
0
0
2238624
1119951
0
0
0
139996
629811
0
1
0
0
0
0
0
0
0
17367501
69500992
0
0
1820088
139988
0
419976
979888
0
1609734
0
0
0
139990
0
0
0
0
1119856
139996
279992
16
8
0
21
0
71103
0
0
70034
2239432
419916
279962
2
139996
9374228
6083
349969
31716318
0
1250268926
0
2099572
0
0
0
0
17886976
0
0
6995654
0
209985
0
0
2
0
979746
0
0
0
7697341
0
0
419922
26338699
1329794
0
0
69995
139996
0
0
489933
139929
0
139996
447218136
910420
279988
139996
1119856
139996
0
47546660
139996
106201888
0
0
0
7
0
3916640
0
139980
48789225
116658577
0
699870
699948
699940
0
139996
0
0
7554060
1539754
559960
7762883
139996
0
0
3498700
1049842
665914356
0
0
0
218879976
0
0
0
349969
0
0
839916
0
30951085
419976
279988
63484518
139996
349875
559926
0
0
139937
279970
1259820
279990
0
0
9157197
69518
139996
209956
139998
0
0
1959668
0
0
0
209967
0
212
209987
0
766972000
0
4198248
1819636
139996
0
139994
125
0
76945060
699952
25645913
419980
279988
0
0
0
279968
0
52277671
0
0
0
139996
279988
10209196
139996
139996
139992
0
0
0
0
0
0
139988
69997
0
209970
0
279988
11
0
69987
419976
0
0
70852
35914680
71567490
629917
974456
0
0
139987
681
979888
2168946
0
0
90578
699948
521
0
419970
0
17468500
87562002
0
3078962
0
0
0
866
279986
419954
14
0
979804
0
0
0
0
4338010
1
559915
0
0
139996
209973
0
0
0
3708257
559952
0
0
0
69995
0
0
246847798
2418
11885392
0
0
3
4475144
3440
839934
7833504
40
0
0
0
0
0
629957
419939
0
0
139990
419976
280062
6226538
3
0
0
979901
0
0
0
0
699940
3498928
0
0
0
0
0
0
0
0
0
699940
0
0
560538
69982
0
0
0
4827400
0
139992
2869028
0
139980
979888
559920
0
61350156
10069768
2939121
0
0
0
139996
140005
69996
489937
0
0
0
699862
69997
0
140038
0
0
5734162
0
5037608
209985
909847
0
0
139996
4198140
0
140058
0
0
29173050
0
0
2029459
139996
0
0
0
0
175533
139996
0
629922
21
0
8
419976
0
2676
0
0
1049850
3778488
0
0
0
1772364
279976
202372
0
0
0
13840200
1539649
0
18273260
0
109359628
0
839926
0
0
0
0
2099548
0
0
419980
0
279988
9640318
419980
70095
979890
419968
2379430
0
1049715
5037574
222856
140031
279988
139996
7834866
139986
2029425
0
0
8252957
8252920
699940
4618036
69988
559944
136909888
0
279990
139992
0
684741697
0
0
0
1119664
211248
279986
139996
139994
0
0
0
139996
772521
0
0
0
279954
559966
139996
139996
0
69996
69997
0
0
839856
0
0
23478748
0
0
0
0
99210676
2168665
0
16185242
0
73368
1399780
0
0
69990
0
0
0
0
0
0
0
628750
0
419954
0
0
139996
0
0
0
16213966
18305676
0
3778488
0
0
0
1399540
0
6295860
2448495
104352870
2799118
139994
209987
0
140010
0
0
419954
63
0
0
419968
92076880
399433240
0
139996
139996
139996
419976
2379405
0
559966
0
23550036
0
12
839916
0
839925
0
419852
9370888
8811645
0
0
60812177
559966
12164688
6
139996
0
69997
419968
69996
111539116
1399780
0
2379516
1189603
16493676
0
279976
419976
0
0
5456880
92985
0
0
1399440
1399807
0
139999
839916
13124463
0
139996
0
210000
0
3
279888
0
1
0
0
0
0
69943
1399560
0
279986
349966
0
419976
699948
69996
0
0
279988
0
0
139996
139994
0
0
0
839904
0
0
0
0
0
0
489921
629949
2141142
4198252
0
0
699954
0
559960
139995
49948717
0
699940
279973
0
8392680
0
0
7
0
210774
0
9510691
699940
419980
1819660
0
4897828
0
0
139990
1259848
559934
0
139996
559960
139996
0
0
4338017
0
0
1399780
0
139996
0
0
0
1399780
0
559964
2799263
0
139996
139996
58
0
559968
0
559960
139996
69898
769230
1679710
629869
1119856
0
225686744
1
2868441
419976
1259836
0
38327
0
4897480
139993
279988
69997
559960
8598469
0
139989
0
31566
0
6435676
0
419980
0
1399780
70003
0
6
64
139996
1259640
0
0
1469649
139996
139996
0
0
124105396
209986
684694102
1848474756
0
0
0
1749573
0
349965
1889463
559960
0
0
279988
1679352
0
2
3778708
0
699940
699952
139988
0
139996
1679688
559960
0
0
1679688
0
0
69994
0
1315
0
419976
0
0
0
1602211
139994
4
52084610
139996
139996
0
839938
0
279984
0
279988
0
0
0
0
0
143471
13073778
1259820
1469766
0
8316178
0
4444
5736556
72
14607741
139996
17437000
24
279988
0
699940
1259820
19423055
0
0
1259835
279948
0
3
0
839916
69951
0
17158008
0
139996
2099608
140062
139996
0
979918
0
559960
0
0
69513
0
5177458
279988
0
0
139996
139996
0
139996
139990
193877063
0
0
0
979888
0
1118355
0
69999
3217654
139996
979888
349971
0
279988
279988
0
72439
0
699940
0
2239445
0
4
0
0
0
7338660
0
139996
279988
2099521
0
0
7973388
0
139984
69997
2379354
4
69995
26946256
0
279988
0
189756811
139996
1324775
0
0
139996
139992
279972
0
559920
3497400
0
1674204
0
69995
0
4964821
209967
0
559880
0
0
2799127
708049436
1
68419
4
0
0
0
139996
279988
0
1119870
209970
699940
3706926
0
0
69997
0
15096671
0
139996
139996
7274582
0
0
13959000
0
0
0
0
0
0
0
0
139996
979888
559960
0
6646414
699940
0
909827
0
0
209991
70012
2659240
69995
139996
0
24
0
30718684
0
279976
0
279990
0
279982
0
0
629928
0
139996
0
279988
0
0
2308713
56039040
4
69997
139996
69996
8672310
0
69903
0
559960
69997
0
0
16843087
349973
1048455
139980
279984
0
0
0
139996
139998
0
0
2448670
139996
9362920
0
1081625160
139996
0
1052919578
139984
109099595
2099572
0
279988
0
0
279988
197476975
0
139996
0
0
419976
0
139996
0
28615948
0
0
85
6435778
40708888
0
0
759791668
0
70017
0
43980562
0
1539788
10351060
139996
139996
0
0
69997
0
812172888
69997
279988
699940
419976
69965
1
0
0
403623673
69995
838075
419980
70359
279988
909771
209985
2247727958
419976
699940
80833518
0
0
0
0
139996
0
0
0
140024
0
0
279943
139992
0
18723820
0
0
0
0
0
3496890
1049833
2
69997
70011
139994
2099620
0
559966
401701056
0
139996
769860
0
0
1609571
36
1119840
0
0
559960
559372
279990
0
69984
9231156
627559
69997
489956
351659
139987
0
0
979894
699922
0
0
0
0
139993
0
0
139996
559966
1049874
0
12164714
2939076
561005591
0
280520
1399780
0
0
909866
0
0
0
13889828
279958
100509319
279988
72669064
1399812
0
0
2099122
559960
0
69982
0
769959388
559966
419976
0
0
2518702
0
0
0
0
69997
0
403591732
2659240
209985
0
0
0
0
0
0
1119824
0
139996
0
105
559960
0
2194423840
0
699940
209977
47217440
1119726
0
419976
3078944
0
559960
0
0
19002736
0
0
0
0
139996
139996
139996
419980
1749331
0
1819660
0
0
5107082
0
139996
7554820
279970
0
3079030
44
279988
0
0
139996
9013656
71154688
0
1259696
0
0
0
279988
0
0
386769598
8254516
0
0
648911225
0
0
1398500
0
88518974
69995
0
0
69992
0
4966671
765086800
0
2938923
45010696
139996
0
0
1119686
419952
322
35434438
3916191
0
979908
279988
0
51986274
0
0
419980
10
1993862772
0
0
1103127735
489949
69992
139996
15933780
0
13843996
0
8811936
279988
280108
2021825131
0
0
6
0
279988
419980
0
0
629883
279990
126
69994
112
0
16
0
0
1679664
209982
0
0
699280
139992
69907
34486368
3637305
279988
0
0
69995
4477840
559968
0
559942
559961
139996
559759
0
139992
0
3
139996
0
3638772
3078984
139996
349960
419950
4338184
0
1959220
2519316
678777
0
26666656
279988
559960
419832
209986
36264798
0
0
0
0
0
0
139992
0
0
1092170417
1328647
0
0
0
419976
69996
0
0
0
1469710
139990
419976
349978
0
209989
0
349085
270
0
419976
279968
490380
0
69997
69994
209989
0
0
44
0
229748389
0
1539774
79215065
0
0
33
1049853
0
0
0
279988
0
209985
3219010
0
10767988
0
759621960
419949
0
2588252
69996
559953
139972
279988
0
349952
155
979888
559960
0
0
69994
139996
699940
209985
1119856
320
0
0
559960
0
279990
1
279990
139996
0
0
36332810
3918376
68994
69997
0
0
209988
0
69866
0
139992
0
34476288
0
0
209976
419980
0
0
349972
0
0
699933
0
0
0
0
2032
69995
0
6296032
559962
1
139996
0
2029579
20617654
979776
0
2519109
0
0
0
0
0
70063
5390
419980
142080248
0
302364682
8315852
0
1819636
770964
0
41958196
2381730539
0
368439
0
0
3498911
0
419952
0
7117356
0
0
489949
1399718
0
2378674
0
28
2379388
1250066916
279986
209937
9510616
0
209742
0
0
0
279988
2939076
123
0
14172643
1889190
2939076
1469739
139996
909867
7134796
0
139996
105517188
0
0
0
0
279992
0
2
909889
0
2239456
0
0
279990
0
2659126
139996
1189860
3309840
139988
0
3778588
8034553
279988
139996
0
559970
139988
2728367
910
2379388
699944
4058316
7833834
20
839916
0
0
0
699940
38146048
349976
0
0
0
489804
0
0
279988
0
0
0
0
14119596
0
69996
139996
70002
559964
139996
0
27
0
0
0
279988
0
769905
69997
139996
0
1819636
0
3638934
279990
14938081
0
0
70017
2099520
298315600
139996
0
489928
2519350
0
1679671
0
0
0
0
0
69993
699937
979888
139998
0
0
0
7903667
0
2239392
139992
0
0
139996
0
280005
2659405
102557949
209985
0
349971
10
0
0
279988
559960
139996
0
0
0
0
0
1539379
0
419976
699940
1
0
0
211038
1819708
907580
0
69996
2379388
2394537136
41
667863
139996
58099305
559967
69996
0
0
909875
0
139975
0
419964
3986124
0
419906
76994436
139996
979776
225151488
419976
0
0
0
0
0
0
0
0
1119876
139992
139998
139996
0
279991
0
0
3147525
0
419976
0
1819408
0
139994
139996
279988
2939076
1119664
279988
419974
279990
0
0
0
0
559888
1819406
699940
1122299487
0
140001
279988
0
0
139988
278492
0
972317277
0
0
559940
1
5
0
839856
0
0
979888
0
1167
139996
0
0
140000
419976
0
279968
139992
0
0
139990
559966
0
882
0
0
699940
979810
0
839880
279981
0
1399798
46
0
13700596
108392333
279988
139996
0
209970
0
0
1399595
0
3217487
2939123
0
139996
2029610
0
35774
0
2659256
139990
139996
49864
0
0
0
699940
69994
699948
559936
0
0
0
0
0
699940
139996
0
974056080
0
1539736
91539190
0
769882
559968
45
0
139996
2309305
0
2659240
0
0
0
0
2379041
0
0
0
0
0
1119768
4756404
0
0
5666824
139994
0
0
0
0
349709
0
0
0
15350940
0
3
1119886
279984
0
419976
22364409
0
0
0
0
559966
699940
349958
143152
5457028
0
0
0
139994
279976
839916
0
9371324
0
1679688
2
0
699940
0
1539793
0
585598776
0
0
0
0
20256
139996
3078988
276862
0
3854884
0
0
0
279980
546496
0
139996
16048680
419980
209978
69995
209974
0
0
280000
0
139996
0
1679328
0
0
489961
0
0
979888
0
2449402
0
139996
0
559966
0
419974
139992
0
0
279988
0
0
69997
839916
139996
0
18
0
10628296
419976
139966
215573
4545450
0
0
489937
762883
45076200
0
412375496
279990
0
1679688
13630938
139996
11885548
0
2939296
0
209985
0
36402721
209979
69969
0
3778488
0
1259836
839914
139992
2519316
0
0
0
0
279976
13979600
0
0
559960
1
769905
699880
0
0
69997
354752184
0
0
0
315729556
1819636
349905
2029381
0
0
0
0
291370
419976
0
3
0
0
279976
279976
24
3078988
1844670753
279990
0
0
69996
0
419976
0
280016
0
0
11885380
13700596
69993
0
0
0
0
0
140004
559960
489961
70029
69996
0
139996
0
279988
139990
1119816
630072
139996
2799232
559968
61489225
139996
1119856
0
839820
0
139996
0
4126517
419976
15
69997
33
559854
419980
139988
69997
139996
279988
0
11466388
769875
279988
0
0
56
489903
168
280061
139880
2
0
3219174
139996
0
419974
3009145
139996
279988
0
1
279988
0
489808
139996
3988258
0
0
139992
4058500
279988
69994
979888
0
139992
18408192
2659240
1259642
209874
0
112367748
0
0
14
0
349610
0
0
489937
489901
839922
279948
10977277
0
279988
559960
4475793
699844
0
0
187
769816
0
139996
1988245116
419976
0
0
0
0
489874
0
209985
0
139996
17528114
0
0
0
0
0
559916
0
0
0
5177188
0
0
3847597
0
70000
2935086
536622
699940
279988
0
139996
209986
0
70020
2028898
0
19
208227
139996
419980
4897544
1049899
0
50
0
5666311
0
279612
1861376260
0
20928000
0
69996
139996
909761
139996
67152456
839926
301551
0
1989722369
279979
909766
0
699954
139996
0
419976
419976
0
0
69991
139996
979872
489921
0
0
1399780
0
1539740
699650
4897480
0
0
0
0
279977
0
139992
0
279984
0
0
10491444
139996
1679688
3338637
69985
2798240
4616878
16532220
0
337495000
1539772
0
1259836
13284868
0
1819636
0
0
139999
419976
31087509
324
69982
1399780
0
0
0
351178
0
14677740
0
0
0
18444888
3918430
0
7058800
4
0
209914
73
505981696
139996
139996
0
0
139996
489895
139991
349983
0
9231446
139996
69994
349972
0
629913
263581909
39
12025036
38764041
4915783
0
279988
0
1119856
279988
4687697
0
0
0
76256649
139996
839832
26178117
349930
0
559960
0
2239469
699940
1399780
139996
279988
0
0
559960
349968
419976
0
2099548
0
0
0
0
0
1959189
139996
0
2
0
209983
0
699898
0
209967
0
0
0
0
0
21
1609278
0
0
139996
0
2
69996
419888
839922
5
209973
279988
5177578
0
559120
6
0
0
0
0
279992
0
4058260
69997
0
209986
2239308
0
12025036
279988
2379448
0
1
0
0
11732584
489949
0
699940
0
0
6575503
1269
0
0
98181725
7134742
139980
8
209983
139996
24305405
1679770
0
5246273
559960
699948
0
139994
0
0
0
0
94907423
139996
0
0
0
69997
7274488
139996
1259820
559908
139996
2
2379532
210219
0
0
139996
909905
279984
279988
0
0
0
0
0
0
209973
279990
209985
0
0
70011
0
769937
0
139996
0
0
5734592
0
0
0
0
559960
629944
18619502
839938
139992
0
562096
0
1679565
0
0
0
279972
0
8731877
209982
0
0
0
1119880
909907
79011340
0
1119856
0
69996
4337979
279988
0
2099068
0
139996
0
559970
1539472
1679688
1889148
25
700139
419952
0
0
1259820
7973386
20815300
259
350235
5523048
66136488
839784
2
699940
0
209984
0
13
0
37232700
0
0
0
69995
7311
139996
0
0
559968
0
9091434
0
0
4338016
180
5665079
0
46
12862888
629947
0
139988
11575336
24159796
629917
0
12
0
141486
0
2
0
0
21324222
0
279952
0
0
0
70007
0
279984
280932
0
56
0
0
0
70054
0
0
69999
139996
0
979855
0
0
0
419980
0
0
1399798
69975
280168
0
0
12077993
10629536
29732107
979791
0
1119856
1399760
0
0
0
0
419976
139996
139996
139996
0
14
2015265
0
979900
0
139996
1679373
0
31954666
0
279988
23184550
0
0
40
0
5549
2239456
6575488
4
0
1539752
0
3
1609613
279990
0
0
1539760
0
0
349972
25971834
559960
1399780
69997
0
2379464
0
839918
1259851
0
0
279972
69996
0
279976
0
0
0
0
13421376
10059616
139986
559943
1679664
0
988817582
0
0
279988
0
279988
0
673
4334572
0
300945
2308812
279988
139990
2099548
10132509
0
419980
699940
0
0
139996
0
0
4198252
66185896
981213
0
419952
31820854
0
69999
20816460
279988
69968
419976
3
2239456
69997
0
0
0
1
0
0
0
419976
2308586
0
0
559966
1399798
6085827
4
69990
699898
30609850
139996
0
349228
0
3005
0
0
2249185276
69997
9650340
699940
559952
0
1259836
0
0
0
0
139966
0
419976
699940
419724
3
0
69997
0
559960
1679688
0
0
0
209910
21742654
0
1399780
349965
69996
139996
0
139996
0
0
2799186
0
0
0
0
0
0
0
909823
419980
0
139992
0
0
279988
1959580
0
139996
349930
699952
352155
2239456
0
0
139992
0
0
70008
769875
0
0
0
0
0
3918644
279988
69989
0
0
419976
0
139996
0
2238976
0
0
139996
10349063
5802836
0
0
228885400
0
0
71034980
559960
3846480
8038203
1189488
0
419976
0
0
419982
2868552
209985
699880
0
69086932
70038
0
419980
979636
33206236
209985
140226
279852
839916
6431352
6156183
1191539256
0
839916
419980
4617757
0
262863769
0
0
0
139991
0
279970
0
0
10408936
0
1189635
0
0
0
0
0
0
0
0
211389044
0
0
559948
419976
0
4757860
279988
24995560
1399781
0
279988
608614008
559960
0
0
2589341
0
35
1609561
3218166
139980
0
1987333058
0
0
0
979888
3218940
699940
280656
419976
0
69997
0
0
139996
0
20154643
0
0
0
139996
0
8
699978
1819680
444
3
139996
279813
0
0
0
0
2867046
139996
0
209763
6641337
0
0
24935984
69997
610
3918246
0
0
0
41402988
0
3217716
279986
279988
464792961
909854
4
0
0
8532449
139988
139996
1452359556
0
0
349940
1259820
139996
139996
1119880
139990
69986
54015000
139996
4826844
0
104695416
19007414
0
419946
937
1539736
0
35446010
0
280002
0
139996
0
36266472
0
0
0
0
139996
5176434
0
419977
0
2869099
0
699940
139996
69990
0
139996
0
2091800916
0
0
69996
279985
4195590
419976
769884
72
0
0
0
769871
1119880
0
0
839916
0
0
0
140019
139996
0
139996
279989
559920
1912460436
461277300
139996
0
0
559960
0
69939
30
0
139996
349948
2
2099534
2659256
0
279988
700414
699940
5245944
279975
0
139992
0
0
0
52597
210025
419976
2308845
279990
6
0
139996
187370820
419982
139988
0
280470
0
0
349960
0
0
1399812
0
419976
1399780
0
139996
279990
33281917
467982422
2
0
2449414
0
4757678
419980
139996
0
0
0
0
0
0
419980
0
279984
0
279988
69997
950269230
419964
0
0
141668486
0
0
139996
0
0
0
489954
1469723
0
71658752
0
419969
209979
7274488
139996
0
139996
0
0
0
0
0
115549466
139990
49586686
1259820
209979
0
139984
49550625
279988
139996
839904
93471
0
0
975436
5736474
56663321
699935
0
0
279984
839904
19
0
181
559961
0
0
0
7693610
0
15933780
69994
139994
279988
4058260
691625700
18478715
0
0
419900
0
559960
69993
0
6435676
61
139996
488885592
0
0
69988
81495522
69997
0
95097436
139996
0
0
279988
0
0
1539752
909909
1119864
0
839916
70032
0
3918430
0
0
2588600
0
0
1259748
117767475
0
0
69992
139994
69995
0
2659240
0
139996
0
0
0
68931993
279988
0
0
5375420
979916
0
0
8812107
279988
15649763
2099570
996076165
0
0
279963
140321
139962
139992
0
419976
69996
0
209970
0
139996
0
0
14378898
139992
0
139996
139996
69997
0
0
0
2099572
0
139996
0
0
0
12862888
5876470
3847523
139996
209967
209924
0
0
0
0
1
2799160
11
0
0
209976
0
139996
1609691
0
26248936
419976
20
279978
10492
0
0
1679688
69996
140074
279990
0
0
0
0
0
279988
0
0
0
69997
14385801
0
559912
0
0
70019
0
1819636
0
0
0
19
39530936
0
0
0
0
0
0
139994
201886416
279990
139996
419970
139996
0
0
139996
1399780
0
69992
0
0
45010696
93485
0
419953
209986
0
1819636
0
34486815
559960
69997
0
0
3008462
419928
39682492
1399752
4199106
0
69966
0
0
769846
22069756
139996
736205806
4928
0
0
156998520
559960
279990
419980
1119707
0
0
419980
0
0
0
0
1
0
0
419980
5596031
1469611
209985
0
0
0
69987
12304160
69995
139996
1119712
279988
0
0
0
0
967800988
1216214702
769898
38209300
69997
0
0
69997
0
70153677
279988
0
0
20746028
109777940
839916
839832
0
0
15205217
0
0
6855292
279998
3498700
349966
13749867
139996
0
2155825996
0
0
699940
0
0
2099013
13680987
3218580
0
279988
69995
139996
69994
0
0
0
279988
0
69994
0
0
1
0
69994
0
699940
139996
279988
190072
139996
0
419910
12444154
0
90704556
0
0
0
12351972
0
699940
0
559960
0
0
0
559960
1605
6435676
0
1432319
139996
3
0
0
1961194
0
139996
349985
279988
0
0
0
4058289
28492811
0
0
0
0
2939076
0
0
139986
0
0
0
69997
139992
6
1329595
0
979776
570713
979888
0
0
3638596
0
1399798
279988
139990
69997
139996
0
0
0
34040440
69997
3147885
2239486
3
139996
419971
279984
0
349977
559960
8113156
139996
2026282
139996
2413511818
0
0
629901
139996
0
5456956
0
0
1679710
0
70025
436766
0
1609722
1843609336
419976
0
139996
0
559960
979797
139994
559962
139990
0
279988
209978
139980
0
0
0
2169361
0
0
0
0
0
139996
279990
0
139996
139996
3
1539736
0
139996
0
0
1259820
349855
2391712377
0
699952
279988
6575488
139996
1609672
0
0
0
349935
0
139983
839890
3427612
0
139996
70011
3
69996
629941
279960
0
0
2382569412
8173920
139996
209976
0
86039049
7554166
630328
279989
139992
3498790
419976
0
139994
0
629950
0
1889421
0
349977
0
30703198
24995560
0
279988
9931096
0
139996
0
48163479
3078988
769891
12304336
0
419976
0
70003
419976
139996
559960
0
349928
0
0
70000
69997
559960
3
2589337
559960
419976
5
0
699940
0
12304336
0
0
0
349675
0
279988
139996
139996
209970
699940
0
6435676
769877
419976
0
0
0
0
25901054
22626864
699940
1819721
23399040
140015
14166516
0
79980460
15515788
2
0
209989
769822
139996
0
1469475
139994
139996
279988
2868196
0
699940
1117377
15420717
0
1021105102
1679778
2397858988
0
69997
279988
0
139996
0
0
0
279990
839916
139996
0
0
1959660
0
0
559928
419976
0
0
839900
0
209985
979888
279972
0
0
69995
1259820
0
69997
69954
0
69993
0
839938
0
70033
1843540372
3568409
279990
419976
0
419976
769824
0
1399780
95234688
139996
0
553918
0
139996
0
0
122468236
0
0
489945
2658240
8532436
0
419976
0
0
0
0
7274590
0
0
374184
69995
1186007469
104055719
13560988
5
0
0
420058
712603774
3358454
13979800
0
699922
0
0
6082257
769529
139996
0
0
73223488
139996
1119894
0
0
0
559966
0
0
349965
769889
2510439
0
0
33
69999
20897478
139996
279988
0
3986709
3218799
0
0
0
0
769917
979900
419976
0
139952
0
8672458
3148911
0
699964
559960
3215532
2
0
3078988
139994
0
256
62
279988
0
18973486
69985
349960
0
50558
0
0
85
0
139996
8392798
0
0
46675548
0
139994
1049730
139996
0
279988
559856
279990
139964
1131
349959
0
139912
629883
139996
0
979900
0
699940
54
40709470
279988
0
0
0
0
559948
0
0
207062490
839919
0
139996
10907676
559960
41402988
0
0
0
0
139996
0
21950072
8811572
3638874
3498700
6084663
0
0
2238707
341425
3498836
0
0
0
16701305
139996
2098530
3778488
0
349983
7275552
0
349771
69997
4058558
3638646
0
305780221
0
6850200
70024
279988
1959650
0
279976
3427458
0
0
2099479
0
559450
0
0
0
139994
419970
0
0
0
0
0
0
164
0
4338412
0
0
0
139996
279960
0
139996
1189677
140022
0
2169267
139980
8456777
139996
489929
0
70005
69994
6855194
0
139996
2239093
139996
0
0
0
559966
0
0
0
0
0
0
0
4
0
40154110
139996
139996
1132285678
419976
279978
0
28
209640
1119870
37575696
7548012
0
279990
0
1057
0
396
0
0
1
2433514716
1259496
98090772
0
0
0
69997
0
13282488
0
0
0
419976
139988
8951364
0
139996
0
0
0
419976
279988
0
139994
0
0
3988257
69996
139996
104
0
279988
8951390
1539736
3498602
0
0
0
279988
10
0
0
279978
0
0
279990
0
0
279988
1
0
4
1461799053
139996
0
420378
279988
139998
419976
0
0
0
69990
0
979888
0
0
36473331
419976
0
839818
0
0
419961
0
0
0
699868
69995
769846
2799232
839782
0
13002516
0
0
69997
43484688
0
349965
0
5037336
0
0
699940
139994
0
51
19
0
0
0
629891
0
0
139996
0
139976
139996
699940
0
139996
12
0
0
3
0
7129285
44916
0
0
0
3636371
0
0
0
0
0
0
0
6156910
13840396
2099490
0
0
0
699918
279972
0
139996
0
2939104
5876388
131754870
139996
1329601
38747392
52464
0
116439565
0
0
279984
139996
14
0
0
0
279972
0
139996
0
0
0
0
699930
0
349965
559960
139996
2659240
279988
0
0
139996
2379257
19078923
0
489954
0
6
0
0
6
0
0
0
43900920
0
0
0
0
0
69990
0
1539513
20564141
349945
69994
0
1539750
139996
0
0
0
139996
419931
0
7
139996
14118788
0
0
53167104
69997
26
0
1750905
139992
271289
0
279988
0
279988
139996
839918
419976
17751940
0
139996
44595832
0
6016216
1
629904
769917
54124566
310
0
279973
0
279986
1001764962
69997
69997
419892
0
0
0
0
0
139996
0
23261754
0
21748032
560186
0
0
19
0
139996
0
0
0
139996
139996
139993
70002
0
0
0
16
0
0
4196878
0
69996
98323910
0
0
139996
7134696
0
3358800
0
0
0
0
209761
0
0
0
12723436
209989
0
1189679
69986
4477600
279988
285844478
69997
69997
69995
0
0
8
25831180
0
2394857488
489950
5876548
12265088
144939156
139996
69875
139983
1
1959646
0
69997
0
0
1399780
0
139990
139996
419910
139994
0
61353703
0
0
69997
0
2
1749027
0
279991
0
769857
0
0
0
489984
559960
559960
31276618
0
0
0
1539754
279978
0
4617914
0
0
0
0
139996
0
0
69993
0
0
0
0
139996
279988
0
12164688
69997
0
0
2379420
420764
0
10
0
0
69997
0
699948
419974
0
0
11326348
0
1609379
139996
69994
0
4058260
0
0
0
0
0
1125116
419976
349914
839932
0
139996
0
0
489961
139996
0
2
1959538
0
252
139996
0
209715
0
0
244982
40823668
0
5596720
0
559864
4
0
0
16618982
139996
0
279988
0
0
14538160
63285040
0
629883
349920
5
0
0
840680
0
349974
0
0
1679688
0
0
419970
139996
0
0
139992
69997
31296602
96469776
6
64251268
0
0
0
72671896
139994
4
1539527
0
1959677
5177287
0
0
0
2
279988
10
0
139996
69997
139996
139996
0
629874
0
0
0
17049988
60276897
0
419976
279988
0
139994
279988
1119870
0
10907676
0
0
0
7414572
139996
279988
0
156
0
839917
8
0
349980
69997
139996
19839388
1889191
70009
0
279988
1
0
0
0
1082282662
0
769889
5736714
1539736
69961
1959580
0
909843
2448790
215336620
0
13142142
419976
33907396
979916
0
139996
419774
0
139990
0
0
0
0
69994
1399798
0
419966
0
0
0
69994
0
54
3498748
0
0
0
0
0
1679752
0
204430816
2168946
1539736
0
0
0
0
279984
0
1119856
279988
0
0
0
0
0
1959580
279988
0
69997
0
1
0
18464
139996
0
8869360
0
2519316
209985
0
0
0
1
0
0
279988
2659240
0
0
279988
1399830
0
0
69999
419976
972062788
0
0
628821
139040
2239566
0
139990
40710622
1539775
489951
3078988
279988
0
0
39833257
0
0
6855100
0
419976
769906
0
0
419976
17465001
0
0
0
41125360
0
23208054
769814
94599068
1119856
52486180
1539736
0
3358888
210290
2238874
4897480
69994
0
489958
0
839897
3079158
279988
18444888
0
980208
0
279990
0
0
559966
0
139996
0
0
140105
979874
1533149
979752
279988
0
0
139996
979888
0
279982
0
0
139992
0
0
559960
0
419980
489961
0
0
139988
0
2379388
2659242
0
0
0
279976
70886
0
79291348
3358686
145383
666023552
4755626
0
0
1679688
0
5105823
139996
629928
1539736
979899
69996
139996
0
0
0
85674674
0
0
279972
0
497867356
0
0
2020367422
0
0
1111201
419976
0
0
139994
0
279988
0
139996
139996
279988
0
0
0
209980
139992
0
0
0
13561368
0
0
559966
0
1119858
19141914
0
699940
69995
0
0
1
0
0
139996
139996
3638596
0
3148961
0
3288797
0
6405
3498088
0
1049844
139992
69996
0
0
0
0
35986870
0
8455819
0
0
6856458
0
0
3638596
0
0
0
419976
0
128
0
279988
726549248
0
0
0
0
209982
0
0
559962
0
0
349978
28279
0
419976
279968
0
1819636
769957
0
0
419974
11047768
2519406
0
1469737
0
0
279968
0
3360
7763871
279988
0
488623
0
16
0
1399798
4862187
70050960
699940
139996
139996
139996
0
0
1539736
139996
209985
5942969
0
1819660
0
3078988
69996
0
841222
21791016
1539792
1608655
0
360
20815300
0
1539772
0
19978816
1
394334
2519169
70001
139996
0
0
0
0
0
1749325
0
0
840537
0
157946488
139982
210013
559920
0
69989
0
0
0
0
699940
0
0
60
2799160
3288633
0
6287220
0
0
4757620
7554166
69997
69997
0
0
0
1
0
139994
139996
0
699940
0
992876643
0
2657302
69996
0
139996
0
139898
0
279988
11661777
9779510
0
1200
419976
0
1679710
7
0
0
0
1399828
0
0
0
839884
0
9573181
1539796
0
2659240
3918376
0
0
349948
209988
2169522
15
0
419977
0
3918526
0
0
9790198
979903
1102028862
139996
139996
0
139990
3147885
0
0
0
1045728548
0
0
0
699940
139996
0
0
1678124
139917676
0
2589181
0
0
0
0
629901
139996
0
560112
0
1088110099
0
0
419980
2
139996
0
0
0
139996
0
8742248
82250801
0
629941
0
0
629923
0
0
0
0
139996
0
0
0
12723952
69988
69997
139996
0
2869005
139996
139996
279988
69993
419978
139986
1399814
419980
21194
0
0
139996
139996
0
4058260
4477888
419976
0
69997
279990
9231534
0
0
0
0
0
0
0
0
839820
4338074
210017
225284896
0
139996
0
0
0
699940
0
0
69995
420641
19591593
0
419976
279988
0
1329522
279988
0
0
3078262
1131346050
0
279972
0
0
419976
0
3986695
139996
139996
0
13
0
0
2448705
0
4895006
1399780
69997
139996
69835
279988
989526346
207995
419980
139996
0
0
139996
45900432
8247711
139996
139996
419976
139996
419952
13002516
279988
0
489935
489957
279988
0
0
0
489961
0
69992
4058680
799
0
0
0
69996
1949251920
699932
69998
0
699940
0
979888
69997
0
29242403
0
0
139996
419959
0
0
1819636
0
1049745
68316378
1539750
0
3777192
6570036
699886
769632
209916
3921582
0
0
0
0
139996
0
15375798
0
0
140012
0
0
0
1259822
561434
0
0
0
0
139996
0
44738550
0
0
0
3358800
2099040
349971
909894
139996
279952
0
0
559920
0
22908078
0
0
3498700
139996
0
0
279988
69997
1189826
421
629847
0
9370889
0
0
26527420
139994
0
2376316
489933
7694988
0
139994
0
139996
139996
1539736
0
2143008651
0
699952
909764
0
34457488
0
0
0
139996
3778827
209986
0
559960
0
279984
69996
0
1119840
0
0
979858
139996
0
699940
16391786
0
559961
0
18
0
0
280006
1819700
0
139996
699870
0
139996
0
0
69996
0
0
0
0
9650719
0
0
11048368
0
0
280266
0
699940
139994
5104482
6292090
1259588
261
0
0
0
27019169
419982
139982
279988
469734497
140003
0
0
0
42929656
0
0
69994
0
0
69999
0
139996
69997
279988
0
0
0
279988
209976
419970
0
0
6155166
0
0
0
0
10546897
4197832
0
0
3
139996
69997
0
11177124
559960
909852
0
5037336
419975
0
139996
0
349978
699870
0
0
0
0
1399780
19979100
2239471
0
2
0
279988
0
93719959
0
5593360
6359199
770689836
279988
0
0
279046
209982
349900
4435068
69996
20912101
1329582
2239456
93009812
419980
279988
419976
0
0
0
0
559960
0
0
139996
69996
0
0
699948
8672188
57618846
4338017
5524703
0
0
2
1399440
0
0
140089
209961
0
0
0
0
0
0
0
1539736
279960
0
0
0
1
69994
0
4
0
0
0
69997
3078988
309930
1119870
0
279988
0
0
0
0
0
0
4198518
559966
0
0
1329778
2330
3706718
139980
1259455
1609157
279976
0
0
0
489913
0
0
0
0
0
0
2
0
279990
0
0
0
839878
0
210009
0
1959384
139996
0
0
0
139996
0
0
69997
0
0
0
0
0
349890
0
2418124938
139996
36125836
0
589
0
0
0
0
0
2099520
0
2029527
44872630
0
52361661
140012
0
12497601
1539450
0
0
0
3497401
209989
979888
419976
139996
139986
10488600
0
69996
0
0
0
0
2519317
69996
2448438
6
0
0
0
69994
69996
0
204891
0
12304510
279988
1119856
839926
209985
0
139996
140078
139995
0
0
0
0
174
139996
0
280134
1138177355
1518610312
1819636
0
0
2799160
1679665
33067188
0
0
0
69995
0
3778488
0
3778488
2099595
349705
1259832
0
279972
139996
279988
559918
113180116
139996
0
0
0
70080
1189422
0
0
0
0
0
0
4894890
1189609
69998
0
0
0
1399780
0
0
69972
2659308
1049821
58510224
699879
130
69916
6
139996
209940
462665730
0
70
0
69999
1259820
0
0
139996
279988
139994
69993
0
139996
0
20
69997
279988
0
69995
280002
21
0
391
0
0
0
0
69993
128798756
0
0
0
0
0
0
2379391
0
0
0
699880
0
3358290
9231876
139989
139993
629892
0
0
0
2
0
279988
840294
69399898
9
4
6435676
979908
419181
419968
0
21792826
0
1819636
0
419976
0
25908332
0
0
69978
0
69985
139692
0
78
629861
0
0
3707118
13440239
139996
69997
0
0
1399520
0
0
10349188
44320870
69990
769824
979912
11
419980
279988
0
0
1819680
1259842
69992
279990
70053
979728
0
3077932
0
0
0
979802
419976
979766
350017
0
2448993
0
851
0
0
559900
69995
2379298
0
0
0
0
1109488325
139996
6575580
70000
0
279988
1746695
0
0
69997
2
69993
489935
0
0
3498748
0
0
0
0
979874
0
0
0
1959650
50534242
264986700
0
0
0
279972
0
559948
0
6295595
279990
1259868
0
0
16
139876
3986857
11
0
279956
839920
0
139996
0
4338016
279916
0
139996
0
3198853
139851
0
0
0
279988
139992
0
0
0
0
1459417360
1679688
419977
0
0
279976
0
11799641
2519316
0
2938110
209985
0
0
23820642
979900
210007
0
5
69995
0
139996
0
69960
279988
26385222
139996
139996
139996
0
25
0
0
0
699932
279990
139995
70009
6102
0
0
0
94273840
0
0
0
69999
0
0
0
9
0
69997
0
139996
1259532
0
16533595
0
0
0
0
8252920
0
139996
349781
1259622
417744
0
5
139990
0
0
1959054
38
0
514
139996
9
699930
70006
419980
0
2099520
0
559968
0
0
702550
0
0
0
69999
0
0
699850
419988
349965
139996
0
0
139996
1899411070
139996
0
0
2169064
139996
15
139996
0
139996
0
275497
279988
139996
139996
0
3219076
5037406
699875
210043
489956
0
0
349977
0
1959580
559960
419976
0
1959264
134060112
2799288
419924
0
69993
839922
0
0
0
0
0
0
0
1819636
629944
4267766
0
699930
0
0
0
2658746
2169499
0
2169383
0
699763
139996
0
979300
4478022
0
489939
1399776
0
0
0
0
629874
1539734
13
9013101
0
279988
0
0
139996
0
350000
1463196
0
1259820
2381963860
69991
209985
1539714
2169008
979762
0
0
699940
279988
3079212
279990
0
108665980
0
2379448
0
0
0
0
9372296
0
17436510
419976
419976
18
3
139996
560088
279988
0
0
2519322
2099578
1119856
0
0
0
69991
0
0
559960
36269806
69997
279984
0
0
279988
2939256
0
0
3
279956
0
1399788
0
12
139996
3
0
0
2028375
349973
45141642
1119800
1819680
9650406
769928
0
2200
209987
0
0
1888972
0
0
0
0
66
0
0
0
0
979818
1
0
0
0
209925
0
209985
2799160
419976
0
2
814128
139998
69314
0
1189870
279990
3007867
559968
4198084
0
3218850
3147885
139996
419976
0
279988
699864
0
436
36
139996
69996
0
0
20675896
0
0
139989
0
0
1679688
0
9370888
2658687
909908
279965
72
21106981
0
0
0
139996
0
1259804
1815
0
69977
1189606
0
0
0
1191592197
279984
0
559960
0
434
0
559960
0
69993
1119880
5034096
77
0
279972
4966325
0
629916
12570804
839916
0
0
0
979776
0
0
209955
139996
139996
0
0
3
209985
699940
0
279982
0
0
0
0
0
71
279988
209986
559960
979888
349899
0
0
209985
419976
139996
279988
279988
0
279988
559966
0
279988
839916
1049755
3848197
0
0
108279
1889516
1819660
5225
0
0
979888
139996
1539749
0
139956
979888
0
0
0
64
0
0
9849779
0
3
0
0
20536488
7
3079004
0
11
0
0
12
1539472
0
0
0
69999
419976
69996
0
139996
6221427
559960
130872209
139996
69996
0
0
5105205
139962
699940
559960
139996
2203398988
4
0
139996
0
0
279988
279986
0
4964604
0
69997
0
0
48754300
139993
139988
0
0
0
0
2
419976
139996
0
1329563
139996
559966
0
69996
2
2659185
139992
0
0
0
139997
139996
0
0
0
44874538
69997
0
139996
11119638
5316956
139996
0
209989
10
139963
0
0
0
142073
109350220
0
69997
3078132
419977
0
139996
1131668331
0
559960
0
0
516
1539736
699908
0
0
0
4058500
0
0
0
0
3149101
0
419976
0
209955
139996
139972
0
0
0
0
4
34543480
18
31777952
419950
0
0
210048
0
22627202
139996
0
69997
70067
74050756
69996
0
0
0
0
0
3778806
0
139996
139996
0
61212798
0
279916
0
10348900
0
139992
279988
5105116
0
0
139996
699940
419976
349835
4477888
559960
8532436
419974
1
279984
4198140
69996
0
209985
0
0
139984
349940
0
0
559966
979888
0
419976
45
0
3778488
4058260
3357652
0
0
0
559968
0
0
0
70004
138788
69996
0
69996
9620
0
489388
705613307
0
0
8
0
139996
0
0
0
0
0
0
0
4
839916
0
0
0
0
0
435
0
0
559922
0
979900
0
629997
0
279988
36891339
139996
279988
349975
0
0
0
419976
139996
0
419976
419946
0
139992
139996
6294552
0
69999
0
0
0
2799160
0
0
69996
0
0
139992
1119856
0
69997
39092411
0
139990
0
0
0
0
0
0
0
139996
0
0
0
0
210051
1819322
7688551
1259820
0
209987
0
0
209716
12654014
0
0
0
279988
0
0
0
0
0
0
139996
1749637
0
0
279990
279940
979765
139996
3936
279988
0
0
0
139992
69996
0
1819629
0
1119856
0
0
7129695
6
1539562
140000
139988
105492237
419968
0
0
0
139992
47368120
11956011
0
280014
1848
0
16
0
0
0
839892
69995
24229790
0
69997
0
0
0
0
15847959
139996
0
0
0
0
2168946
349960
0
0
419980
0
5384268
0
139996
419976
179276636
0
20825388
2379388
419959
209981
3358846
559970
1819636
419976
0
0
45983866
0
0
209964
0
70105
11885712
1202917958
0
139996
279988
564399690
419976
139996
139996
0
0
0
139996
0
0
1191911
0
0
0
0
6855098
139996
279982
1399798
979908
0
0
2239456
89646112
210760
0
209979
6435709
22139120
69997
139996
559966
3
279990
13193887
0
209985
72385155
0
0
3778525
769931
279985
0
3778488
1119888
349951
0
0
0
2384687536
839916
279988
0
2658692
139996
11885712
209986
349961
489909
53604568
629876
279984
14677740
139996
0
1259784
0
78184936
0
0
209661
3986637
0
69997
349907
0
349977
139996
1189490
0
168
2511398
349930
15073342
139996
0
0
139992
0
979886
139996
0
0
279988
349981
3079068
4
279988
0
140709
139996
22921101
1534764670
0
2659276
699948
0
559960
0
3568672
69703
1819366
489959
209985
139980
2239574
0
139994
139996
209989
388
0
0
37515810
279990
139992
139996
0
559960
0
699948
4128335
0
9790588
0
559961
70002
0
0
629712
909927
0
0
280019
6155862
0
770538988
139996
32928136
0
139985
2939296
279988
839916
0
0
1119856
559960
0
279990
0
0
349978
140001
0
45693742
0
1539736
139996
139990
0
419976
2379450
559960
0
0
349965
0
13338
1399780
1189771
0
0
69997
139992
2659240
40
699940
1679758
0
1259802
769904
0
0
419976
9933170
10350180
349980
2519350
0
279987
0
139996
0
1119868
9859230
0
139996
0
139996
419976
1819636
0
1539428
0
2799198
559960
0
489970
143049
1
209866
67019158
1539745
0
111384
0
1102799844
0
140019
139996
0
1259836
0
0
0
0
3498715
699948
0
139992
0
20215320
0
0
0
769852
559920
0
0
279988
4058260
0
28
0
0
0
620661
279976
0
16818597
1959580
0
0
5246855
13192969
279976
139996
979908
139996
2239024
0
559968
5104525
0
699940
279988
333350
209994
0
69882
139996
140001
0
279988
0
1539736
139996
0
4198198
0
47922640
0
3357552
69996
0
419980
0
72671896
0
4618291
1399780
6016216
6014582
0
0
139996
1536260
0
139992
0
699948
0
0
0
0
0
0
1959678
1119662
69997
1
69997
0
909852
0
0
0
0
279988
279976
0
0
0
279988
0
0
0
0
0
139996
489916
6920101
1959580
489976
0
140006
33714288
139996
0
69994
0
0
0
979538
279976
1819700
0
0
1119856
0
559960
59691060
279988
139990
139996
279978
2799173
2239456
11098200
4198140
10630462
4
0
2361187
139996
559920
0
0
0
0
139996
139996
9780120
139991
0
70003
12846142
2099572
2379492
139996
699940
419980
0
4198140
0
979908
0
69984
0
9370888
0
909792
209992
979890
699950
419962
0
0
0
0
139996
223930
0
279988
5591609
2029562
0
0
22069898
0
979842
1259817
139996
3
3986231
279990
0
1
139996
559960
1189618
0
17303694
0
37092646
279978
0
3551586
2799213
182
6
839916
0
69987
1189238
0
0
279976
0
0
1679728
139994
0
0
559961
279988
0
4755240
0
0
349973
0
0
0
979907
699940
0
419976
0
0
0
419980
0
3
0
3078106
124
0
0
139980
139996
27853526
2659415
503190
279990
979888
56565
0
139992
1819636
0
0
70025
13705048
0
4
139954
139992
0
699956
0
0
0
349978
38
279988
120976832
69997
279990
419976
0
210104
139996
419976
52
0
1679742
69994
489935
140830
0
0
559966
7833616
139996
0
0
139996
2041550380
3778586
5733274
713072250
0
419980
419970
0
419976
0
421016
0
0
0
279984
209979
0
139988
76462361
699948
5
1657787
421005
0
58
13281760
0
280002
69995
0
0
1399838
42463620
2309142
139996
559966
0
0
419946
209961
0
69927
0
0
69997
979900
0
0
7782320
419976
0
419980
5736475
0
93861988
0
13332716
349985
2308845
209983
69523
1259820
699888
6
209983
15375360
139996
69996
0
0
419976
52633482
0
0
10
3358800
139996
139996
0
139996
0
0
69995
0
139992
16
279988
0
0
34596496
489908
0
1
209985
419858
46336073
139996
14168385
0
139996
0
139996
0
489956
0
0
0
6365642
0
0
0
139990
1399507
0
69837
839916
139996
1119733
979888
0
69988
69997
0
33
39875836
139996
349902
1
0
0
0
0
0
1
0
839770
0
0
279964
0
0
559960
16881
0
0
1437584856
839916
139995
0
69999
0
0
1679688
7833616
0
69996
0
0
53187388
419976
16602880
0
4475776
0
0
559966
0
839920
0
0
0
5526581
489954
1679758
0
419976
3568
0
0
0
139996
0
0
0
0
0
139996
0
0
0
1679688
139996
279986
0
0
0
5244546
3917774
0
0
419976
139995
0
0
0
1119856
4
0
3358464
69997
0
139996
18304630
0
0
0
0
279990
699940
0
0
979888
140108
0
0
3358800
69921
69996
5
1679688
0
4
349960
0
0
0
0
1819636
139996
69311
62
0
0
979874
1679376
0
0
140689
839916
0
4898159
19420718
1259602
0
4338016
0
139992
0
4964675
16394070
76855
11461632
979888
139996
0
3918376
0
279988
0
0
841874
0
0
4198140
139996
0
0
5314072
0
8106551
0
69997
0
839928
0
279988
0
1
262120881
7973388
69467658
1856943198
139996
0
0
0
1045645
0
7967452
0
0
0
699948
0
139996
26
0
18546318
139996
0
0
0
139988
1677783
0
279990
0
0
0
12443980
0
419976
0
2379388
0
4335970
129193484
0
17258833
7833616
0
6
0
2099490
0
279988
0
0
0
676407738
139976
118
559961
909833
0
4196105
699948
0
139996
979888
0
5453760
490089
453887579
45426796
5519167
0
4056519
139996
0
129662
0
419980
0
2519316
139990
279988
0
279988
0
2939078
139992
1049825
279988
279988
0
0
559960
2975
69997
419676
0
419980
139996
0
4755504
419976
69828
16492788
1119886
0
0
279988
54780
70029
0
979765
290127905
71262
419976
349960
699891
0
0
0
0
454544080
0
0
139996
1679622
0
4897480
139996
279976
1399780
0
420222
0
0
139998
0
0
0
559960
8
1819246
279988
139996
0
0
0
0
139996
139996
0
209740
69997
0
2798322
0
139996
0
3218896
69997
0
4
839926
839916
3438082
0
1459
0
0
0
979908
0
0
0
69993
0
0
1195988250
0
0
0
0
0
139996
6575532
0
69977
279988
209985
139996
1959670
0
559967
0
279976
0
0
139994
0
0
2099620
1119856
2239456
69997
69993
0
0
0
16671926
0
0
0
0
0
0
1171399824
0
10755822
979765
69997
2013
49671
559968
839860
0
0
0
0
0
0
279988
0
0
139996
280592
139996
0
0
139996
43762180
0
5174080
69994
0
139996
69993
699940
6
209987
0
0
0
699940
0
0
419952
139992
0
1679698
0
279988
1
0
0
280055
0
69963
0
279988
0
0
1399560
139996
139996
16212856
2519321
69991
70056
0
489924
1119804
0
3774870
279572
0
202559874
279972
0
0
141514
2
139996
139996
0
0
0
0
559960
0
0
0
0
0
139992
839916
0
139996
629811
0
1399784
0
0
839898
559960
0
1329771
0
0
139996
0
0
139996
979894
0
1119684
0
279964
489949
2588318
139996
25691661
69998
139996
2400049344
0
0
26388180
0
0
0
742
139974
0
0
139996
0
0
39305650
559920
69993
0
209989
699940
28893888
144172867
0
699940
139996
559960
140013
979594
489916
0
279290
7552
0
0
12723256
0
139996
279988
0
1679392
0
0
0
0
139996
839918
0
0
0
5
0
139996
629941
462
0
0
699947
0
979817
70243
0
139994
676173640
0
559904
489969
1539736
0
0
0
1189798
0
4894960
0
0
0
0
0
139991
0
51734961
0
0
0
279972
139996
0
59424
1399780
209990
0
349967
839916
1399480
0
349999
0
6015
209979
0
0
6152140
1
139996
559960
10
559944
0
0
559962
7692196
419976
699913
132414
2519316
0
279988
279988
489937
2448579
69995
489835
9
139996
0
1959678
139996
0
0
139994
839832
0
0
139996
139996
3077976
0
0
70017
489961
0
349967
5799210
279988
3498700
0
69997
139996
0
0
0
699940
0
139996
139996
0
349983
70278
2519316
0
0
419970
419976
0
0
0
419980
2155512136
1609689
28081
908544
0
419974
1259848
0
0
0
139996
1749325
0
2659240
559568
209983
0
0
139996
0
0
70024
7
139996
3567489
1119856
0
0
139996
839902
1679606
139996
139988
139996
0
139996
0
0
0
0
89742749
139996
139992
0
769851
139996
0
0
0
139996
139994
139996
0
419976
0
52494988
0
0
139996
279988
559960
1771403
0
9092244
1819407
0
0
69996
139996
0
209985
349950
1
69997
0
559970
0
1959104
20954700
699942
0
139996
0
69885
0
2799160
858977
0
0
0
279988
0
139988
139996
0
1643796
73430796
139998
979888
1258548
0
489931
0
0
349925
0
0
121172617
20009937
559966
0
20296125
5806504
0
21791016
0
1389760552
0
0
0
483
0
419976
349960
0
969831
0
139996
46
3
11950338
1259820
9510616
139990
2658794
349975
629920
0
9238
0
55
0
1329563
419958
139996
69996
12
84
2
0
0
0
280001
0
139996
0
1
0
0
0
0
209958
69997
32816272
1207194557
0
699954
0
0
0
139992
139992
33
139996
0
0
2099040
0
26807400
699924
279986
3498748
0
0
0
139994
699940
0
69997
139995
0
0
0
140164
0
419980
32235952
0
1
1300
979900
139996
419959
139996
0
979888
139996
1259822
13421382
0
25552469
419922
1
0
0
70012
139996
139980
0
0
1399826
0
349977
1959626
0
8034924
59039560
139992
279988
0
139996
1119870
0
14
40154110
0
0
349968
139992
3498700
0
2939042
0
3078988
19422160
0
839844
0
0
0
2
2518917
0
0
2519350
0
0
2392234960
139996
0
210132
3218896
0
139994
839925
489949
0
0
0
0
489949
0
909856
0
0
139986
64941990
1119805
94960182
139996
69997
139988
7548847
559960
139996
69983
0
1
1119894
349955
2099214
559960
69996
6575488
281130
0
139996
0
3218696
0
419982
0
283572
0
839932
139996
279988
0
0
0
0
349991
140193
0
69997
279988
2939076
139996
1959580
69995
139996
69997
0
0
69997
559872
0
0
3498700
979799
0
0
839916
0
0
0
0
11955292
0
0
1860890430
0
0
489897
0
86960
0
1679760
123765262
69995
0
139996
0
725905774
6994998
0
0
0
279956
0
69996
559960
559960
0
559970
0
279968
0
0
0
279984
419854
0
16775450
7274488
0
839915
0
69923
0
0
419980
69996
0
139996
0
769877
0
25071846
0
0
139996
0
0
0
1044224
0
0
0
244080
0
69996
0
359
5384195
1889572
0
70084
11466388
139996
0
0
0
139992
0
0
0
58227668
7973388
0
770568364
2
0
466
419958
0
279988
209989
4895106
0
136398
3498700
0
139996
0
0
0
629919
0
0
0
0
139996
2659416
0
69997
279988
1119824
279988
2448705
489930
349971
0
0
0
0
14
839916
139996
0
108975531
1452563550
419833
24857644
0
139996
0
117
2239456
139996
1679710
3638862
139996
139996
0
0
0
0
35988137
139998
629901
70547
839916
279988
0
419980
2519306
839932
4
139996
117
58502592
559966
18478979
1
1
0
0
1329534
489937
0
69997
0
2099548
419944
2519316
139996
0
3358750
839916
0
0
1119822
139992
0
0
0
0
0
559960
0
209987
979882
0
1819680
0
13055761
349945
139996
0
5523522
69996
0
0
279988
559960
2133542988
559962
34
0
0
0
0
1539703
0
14
139996
0
0
0
909878
0
0
0
0
46105113
3916640
0
0
0
139996
279986
14956991
558216
0
0
559966
3844555
0
0
0
979888
694908
0
0
69973
559970
0
139994
0
0
139990
352547856
703584557
69984
0
0
9720266
0
3638596
559960
139996
1049813
349560
5
419980
139996
0
0
139996
0
0
0
46657063
1
69997
559960
0
0
3077888
279968
979534
139996
4687908
0
25970436
419976
559796
1399780
699870
0
3704658
419946
419954
6820875
55402396
72284244
209990
0
209989
419976
0
7064905
0
0
4
0
0
0
279988
2519413
0
839919
139996
139996
0
0
4
489956
70500
419976
419976
0
0
279990
0
4338016
0
279988
0
0
1749474
69997
279988
0
489945
0
1259820
0
69984
30
69629
0
279988
0
699952
0
45372
0
139995
0
0
279988
17675629
0
0
0
0
279976
419392
209982
5383917
0
4757686
0
0
3499012
419944
0
0
769913
0
4336095
2659240
0
1988305888
349975
167281437
629937
0
0
1329601
0
0
419976
139994
34179948
10
139996
139996
139996
0
0
0
3
0
279416
0
0
28209186
419976
139996
2939076
0
1387094488
0
0
1
0
139877
0
726456150
349973
0
0
0
0
22
0
699590
0
1539736
139996
577939
0
0
0
70000
0
33
1189775
0
0
0
0
279988
140162
69995
1
349960
500661114
0
0
6016216
32928136
419976
0
166477171
838204
139996
0
112358065
33785706
1399780
0
979888
279932
70093
0
4
0
629892
7693924
139996
139996
4477702
7554060
0
139994
0
3918376
839925
839916
279988
419952
209922
0
2798334
839916
0
139996
279988
139994
0
3
0
69992
0
107500973
0
1049877
279988
70049
2588298
0
0
0
0
629829
279990
0
559962
279988
1259816
0
2
0
139996
6
0
1993673145
77509098
0
0
0
32239696
0
0
0
0
0
419976
12991275
279988
0
419974
139996
0
162947505
699942
139996
419952
3287650
0
0
0
279988
1100887666
139704
0
699940
0
9510616
0
0
4757748
0
2659276
12025036
69999
3358090
0
69652
0
376571988
0
419980
279988
0
0
139996
139996
0
699940
139996
130
0
0
209963
0
69955
0
979790
0
13770
26248936
1126166227
4058316
209432
396630844
4266393
1399780
0
1539531
279972
85590213
0
1539362
0
0
0
0
0
0
0
1
139996
22494977
0
0
0
65451828
419976
0
139992
0
1679328
839916
279987
1259830
0
69997
209070
12304680
0
7483953
0
166
145035977
139996
0
0
1195737592
0
0
0
0
209992
0
489966
139996
279982
0
0
139988
0
0
280366
0
70119
279990
489930
139996
209945
279988
139996
2869168
564588913
139996
0
0
0
0
979888
69997
139999
0
139996
349973
5876388
419976
0
6575488
63423216
0
0
419946
0
0
39320942
139990
1119856
0
0
279988
0
0
3218896
0
1819636
139996
1190
0
143748
1399790
839925
139996
0
559962
0
139996
0
419976
0
5317036
279990
0
839916
8113156
95646420
559960
139996
0
3428591
2375880076
209989
22150500
0
0
419956
2
0
1749325
0
0
0
839448
0
70003
0
0
139996
6855756
0
0
0
0
69995
3358800
5105291
4477888
0
0
8941600
69996
2239456
0
0
349652
0
699940
139996
70071
14677948
0
293521
1259820
10
94160364
279988
0
0
279988
3918376
0
1049610
69995
0
2939116
0
0
0
0
69999
0
0
0
909876
0
6
3498900
69996
0
69996
69996
0
0
69997
139996
0
46653706
0
2378166957
110858392
699948
1539736
42
419982
699930
0
0
0
46085601
0
209955
3986637
489937
140000
0
0
209973
0
0
25
839932
419970
140011
0
279988
0
44
279988
0
0
139997
0
0
839832
139996
279984
0
0
69948
629934
0
8113156
0
167955876
279992
0
139996
0
0
0
0
909766
7693840
1539736
0
0
1259820
279840
0
3
2729161
1329615
0
1195555734
279988
419976
0
1679688
139996
0
839938
559920
69991
0
2239456
1749397
0
0
2
0
0
279988
839917
0
699952
0
0
210092
140491
349953
7130941
23
4897480
0
0
0
0
0
15
559960
0
69997
699940
350013
0
18863548
769857
491510
36266472
1539736
0
209992
349965
0
209976
0
968
4
0
0
279988
2799120
279990
769925
0
5317180
0
0
69980
140046
0
839926
0
23085828
279988
559960
0
0
139996
0
0
20190202
0
1
7554370
139996
7693840
1469769
24
0
0
129
419940
121010
349969
0
769901
34526485
279988
0
1259860
0
0
139996
0
0
210082
839916
0
279988
69994
559960
69997
139996
38
699940
839917
0
0
0
979794
0
0
137799015
3913014
1819702
0
2169342
1259820
4197460
0
0
0
0
279990
76736034
209982
0
1399812
5873028
0
139990
0
1119440
209994
46860560
2
69989
0
0
2447725
931455765
0
0
2239486
69997
0
0
3
0
839916
32517114
0
0
2448726
0
0
399
139996
839916
0
2728438
559960
0
0
0
279928
0
0
0
182
1539615
349977
0
0
768
0
349965
209982
503405368
0
1119870
279990
0
0
279988
839932
0
0
0
0
0
420329
0
139996
0
0
15281163
0
0
2379420
156587650
2099578
0
0
6431354
0
1819636
0
0
33297206
0
8813823
0
0
14956460
0
139996
279984
279988
419976
0
12304336
0
0
1539450
0
0
0
84379492
0
2168856
419980
559780
69997
0
0
69997
699940
0
139996
0
0
209985
279988
139990
139990
139996
209981
142
1049879
0
0
0
0
30288328
0
0
0
1259836
139996
0
0
839916
0
4000
0
0
0
0
2185912780
559960
0
0
0
709145980
0
210001
139996
1679752
0
0
0
0
139996
0
139946
0
5737230
0
1679688
0
279988
699948
74332094
0
0
2658554
909805
0
1959580
1539450
20
0
0
69998
1399792
279988
0
15421361
807520
0
0
0
69989
0
0
5317180
979845
0
279988
33950
0
0
3915906
0
203218456
0
69997
0
0
8315748
0
213405
1399780
73112
279988
559920
769857
0
0
0
0
139996
0
0
139996
0
0
24855922
699954
209991
1819660
0
69997
2188204314
0
349982
5177218
1137734100
0
0
0
279976
0
0
139996
0
0
0
1889334
19491162
0
0
279988
559952
489945
3918642
349967
840546
139994
0
2391203830
5876304
28
0
68694701
0
192
69999
3498700
139996
559960
1259820
0
0
279988
139996
219066
75
279988
0
13003008
979888
67498083
69994
0
3498748
0
69997
139996
0
210
5736556
1539755
279988
209985
2588520
0
279976
0
139996
28946942
0
419980
0
559944
1959580
629920
30145827
0
1044597246
139996
0
559960
1190214
0
139996
0
0
0
0
0
279968
139992
0
0
139996
139996
69951
890
0
89077984
5873014
0
0
1399270
0
0
0
69997
1119880
419976
559960
140000
0
0
492090960
152
0
279980
279988
0
0
0
0
139630
74079
139994
0
489918
0
74224
0
139996
0
2
93999276
0
762515388
0
209442
15238298
2519316
0
0
0
0
1259820
1819682
0
0
69997
0
979895
715389672
0
48
0
0
0
839904
0
0
559960
4827641
0
2099632
2169403
419949
139996
0
139996
139990
0
0
0
419976
419980
0
0
349930
1049821
0
0
0
139996
0
1679616
0
0
69996
416633
420739
279988
191206026
0
69800
139994
0
0
0
629892
0
138
0
349972
0
0
559966
0
489960
0
979888
0
0
69999
0
0
559965
0
139998
2727855
0
90680
13421932
0
419976
0
11879318
0
1840366942
0
69995
52
1399780
0
0
0
209989
0
279988
21651640
139996
0
0
489939
489809
21
559944
419976
0
0
139996
0
1679688
279988
0
909911
139986
139994
0
0
81354372
559960
979802
7835022
2799288
0
703895954
1679710
279976
0
0
0
3
1679664
0
0
139996
0
139992
979888
249104140
139996
2099520
50690
2379388
839902
139996
279988
11466710
69988
133371756
0
0
2939034
5456880
229565248
0
279990
0
69994
209982
213767
0
69997
42
139996
69995
0
2
69996
279988
0
0
2519190
0
0
0
0
139996
139996
10488600
139992
209958
0
0
0
0
0
0
0
0
0
139988
0
69992
0
0
559960
3918376
1679710
209989
69995
699940
699938
0
0
0
0
419976
209999
1609645
139996
699940
29559
18
69995
0
69997
0
559960
559966
31120096
0
2757868
978334
0
1
1206889740
1049745
47823902
0
0
69995
3079150
0
0
0
279950
139996
0
0
1819194
0
0
0
484547
0
10
0
145129224
0
0
0
0
0
0
0
0
0
0
0
0
69997
349951
0
0
18165940
0
0
17436936
0
16322202
0
0
5
0
70036
0
139996
419952
0
139996
699880
43485310
0
5
16
279976
419976
2379492
139996
0
139990
559960
2099620
139996
0
1259730
0
0
0
0
52
7687788
0
7547796
139996
4127584
0
139992
699940
540
209973
0
139998
0
0
69997
139996
0
1097621349
5317036
1259470
0
0
0
0
419976
0
559824
1119856
2658826
0
0
419980
139996
279988
19286096
1119866
139996
9370755
2308350
0
0
0
341968
0
0
2448771
0
0
419976
209982
0
8001266
0
69991
139996
1399798
0
0
69997
0
209980
781729350
0
3217888
0
279979
139996
0
0
3218896
139996
0
0
213978
5736556
1539530
209978
2210715936
139996
0
1259818
0
69959
0
0
785
0
0
0
839920
0
0
419976
0
1119856
629859
0
0
349965
0
139994
419949
0
0
139996
139996
69996
0
78
699943
25692280
1959694
1192348737
2239456
36403236
3147459
0
139996
0
419358
140019
3853586
1469399
0
0
0
909807
0
69993
139996
279988
209887
0
139992
139996
0
0
0
69997
66594
489681
74289
0
0
0
0
2868504
277254
139996
0
1819636
0
0
839916
56
8252920
349599
1329691
1259860
0
25552656
1399798
0
0
70005
6
0
0
0
7833504
27436277
0
279990
0
0
0
1119856
2584345
1468950
0
559960
0
0
0
0
7414380
279988
0
0
3918376
0
139996
0
559969
140001
667059383
0
139990
10
419974
3345312
0
0
209976
349982
69993
279990
0
419976
69997
0
0
174096637
279988
0
4196024
2033009
0
18065381
0
1141061037
0
69724
0
139996
0
0
19929910
7710288
139996
139996
696246
0
14121376
0
979900
0
0
0
69997
1399780
0
0
0
279980
0
0
0
5
0
6016216
26109704
500108544
139996
4897480
0
0
0
0
0
559956
0
61970375
139996
139996
0
0
0
2099142
0
0
349973
70002
139996
0
25831548
0
48061260
9650340
18755547
0
0
5
559952
0
2238635
139996
3358800
0
839938
1259848
69989
559961
0
1889621
69945
1119870
1498574
3
129285936
10548818
0
2435859637
11187040
349955
9231412
2588622
4685017
2169457
8113270
5384069
4405907
0
279988
34388716
0
419977
0
0
0
0
2
0
0
0
769747
0
2799160
0
70492451
0
209979
21943290
0
839926
769857
69997
0
139994
0
489
69933
0
1819597
279984
0
0
0
0
560112
0
837
1
139980
419976
4338016
0
7967446
1539472
139996
279990
0
0
0
139996
0
279988
208854
4966755
0
69997
1609672
0
69996
6995398
621897175
1119856
0
629969
0
0
139994
0
5317308
1959580
209949
36
0
4198456
419970
559960
209985
39641675
279990
2
132234749
0
0
1399798
0
74674477
0
1100432061
0
2379388
1912042800
38334192
2013730
2
699940
0
94616258
4196092
0
350038
0
0
0
2099520
210407
0
0
69995
0
63982222
0
0
139996
629908
0
0
139996
0
3
0
0
0
0
139996
0
0
0
699952
2027767
1399780
0
210058
0
0
419976
419976
1259856
0
1399609
13
0
139996
45145668
839934
0
0
2729266
0
69997
0
279988
0
0
139996
70013
2379420
0
69974
1
699940
0
69987
0
0
0
0
0
0
2239486
0
279976
349945
139996
139996
0
0
0
0
0
0
0
419971
0
279982
110322
20285608
70389
0
412
3151994
0
168538843
15934006
0
139996
489929
69999
0
11
699940
951680226
140042
0
2939076
0
0
24438400
0
699850
559968
2029277
0
0
209976
0
769927
1259688
0
139996
979776
0
0
139996
0
0
489961
69997
279988
0
139992
0
0
139996
0
140466
139996
139996
1119856
139996
4827918
0
279988
7693840
0
69997
0
139996
1189686
629901
0
69990
0
0
909843
14
190194
69996
0
699930
0
0
0
279988
0
139996
139991
374218
0
769905
0
489963
0
489968
3
489937
9710262
139996
279988
4266713
1819610
69997
3148960
0
0
979578
48828
699948
140004
69991
69997
0
0
139996
139996
0
0
0
1
0
35847388
0
0
349960
0
279988
0
139996
2868561
0
0
139996
0
4617699
0
279988
186832636
279988
419973
139996
1539724
3638596
0
13842748
21
2099520
1819646
419934
0
140012
1189643
699948
0
45
279976
0
139996
7835314
0
57345481
0
139996
464232820
6855194
283965730
0
4
350227
0
0
0
70061
0
70075
140026
1195374
139996
0
139996
0
70026
73775016
139996
25274116
0
139996
139996
559955
419088
0
0
0
0
69997
559734
909714
4198140
0
139996
559939
0
0
0
419976
0
0
0
699830
420005
69994
0
419976
0
3218850
3359089
3427598
699862
0
0
0
239942380
164
0
4686004
139996
0
2
0
0
51
139996
0
0
0
16073320
0
909910
139998
0
0
0
0
129422188
0
3567244
8182720
0
139996
6575954
18342633
419976
2239456
3778488
2246858536
1679688
559966
69995
0
62937772
285960
0
0
65
2239456
419976
0
139989
629901
279988
0
0
2
0
0
979776
209947
2798120
0
0
0
559912
139996
0
209978
0
0
139996
0
0
0
20326786
839671
2659240
0
559961
979776
419968
0
0
0
0
279988
0
0
279988
0
0
0
279982
139996
0
4756432
0
143984284
40360936
209982
0
0
3009127
419976
0
279988
0
279986
139996
699700
236476888
0
0
7274488
0
69996
1539628
0
139996
0
69996
1119856
0
69997
0
0
139996
70061
69995
7554060
0
2
139996
0
139994
139996
63146860
139996
0
1119870
27
0
0
209982
489937
559960
139996
0
16255245
0
209987
139996
0
0
2799198
0
512
3636934
0
559920
0
0
51109888
56
0
5456878
0
279988
1259803
139996
69983
0
10
0
419976
0
279976
0
0
