0
0
559966
0
0
0
0
1259820
769916
0
279988
0
0
69954
0
0
279978
839920
139996
0
139982
139972
0
0
0
139916
139992
769903
139996
193
70134
1049708
0
0
0
839934
0
0
0
0
0
0
139996
839926
699956
0
0
0
419980
840675
139996
0
69995
0
0
0
0
11812190
0
279980
8
0
0
0
139996
0
0
0
0
0
0
0
945265
0
0
0
139996
0
2869177
1119856
139996
2
0
419976
139996
66693
0
842405
0
209989
279830
4477841
0
12
279988
0
0
0
0
1399814
139996
69993
0
398
139996
0
0
1382573
0
279988
699686
6
0
0
139992
0
0
0
209882
0
139996
0
0
0
139996
487281
0
139996
139996
0
979899
0
629914
560433
0
279952
139996
279988
0
139996
0
279988
0
66
0
4689250
0
0
419976
0
0
15800191
180
17681594
0
139996
0
1
0
0
0
0
419961
0
0
0
279988
0
15802940
0
559960
0
69997
139996
0
0
0
139994
0
0
279990
0
17
69997
0
0
0
0
139996
139996
1177
0
0
1
209707
1819636
279988
489964
0
0
0
1399860
1259818
139996
0
139981
2728410
0
139996
279992
1259860
69996
0
0
0
0
0
0
419970
349957
0
70033
37505659
0
279988
840677
0
139996
0
0
559960
8624013
139996
0
0
419974
0
11468302
69996
0
0
19013293
0
18
0
501162
0
140008
0
0
279988
5496466
0
0
0
69993
0
209937
209982
1119856
0
279988
0
279990
209992
0
1305
69823
139996
139996
279963
419954
139922
0
139996
0
139996
69999
69997
0
0
559966
419971
0
0
139988
139996
0
30709
139994
69954
419313
0
0
0
139994
550280
2659264
0
0
0
0
0
0
0
419976
0
0
139996
629937
0
1399740
7973922
0
0
0
419971
0
70113
139996
419976
70001
209986
69988
0
0
0
559970
0
139996
0
69978
139996
0
3012362
0
0
0
0
0
0
69980
490180
209574
0
0
1430
0
0
0
0
0
1119870
0
0
0
0
0
0
419976
0
0
0
0
0
0
14
6296112
0
139996
0
0
0
0
0
167660
0
10
209986
0
419982
2028097
0
2379388
19
279988
0
69794
0
0
51809607
0
0
1119894
61
1120072
2729161
1539967
279968
559968
4
0
0
139996
6
0
0
0
0
0
279988
0
0
0
1049885
0
0
0
210059
0
140039
0
0
122
0
69996
0
0
139996
0
0
139996
139996
0
0
0
146
0
1679765
0
6016462
264
69997
0
139972
139996
0
0
139996
0
0
0
0
1149608
699956
7135872
0
139996
699940
0
69965
0
0
0
0
559966
0
1258418
0
70105
6279282
0
1
0
0
0
209980
0
139996
0
279988
0
419970
0
0
839916
139996
419980
0
69997
839941
0
630246
139996
0
0
349967
0
0
139996
139996
0
3411446
69979
0
0
490545
279988
0
0
350001
0
70261
0
1189808
106
0
0
139996
0
0
279968
419980
69996
349976
6
0
0
0
70270
279988
0
0
0
0
1329691
0
0
0
1
0
139996
0
139994
0
139986
0
0
5160
0
0
0
3
0
0
0
0
10791
139996
0
8882751
0
139996
559967
2518739
419976
69736
0
0
279990
0
419958
0
1
0
1049624
0
139996
419917
0
0
0
4128510
183
0
0
0
0
0
0
1
3
139960
0
349977
0
839881
979888
0
139996
0
0
0
559960
0
419976
0
69989
0
0
209976
0
329
0
139993
0
279988
419976
139996
0
69989
0
419585
209987
0
0
0
71197
3219211
0
69997
2169512
0
0
0
0
139996
0
0
0
139996
0
0
69978
0
629616
139994
3
0
349849
0
419974
0
699940
0
139996
0
699715
2
279988
3
0
0
0
0
139996
0
0
0
8
0
0
0
0
0
0
0
0
884
279988
139996
0
1119893
0
139996
279990
0
1119851
349845
0
0
139996
2
0
0
70023
1679706
0
509371
0
69994
139996
0
0
0
0
0
0
279579
279990
559958
0
489965
415803
0
0
69995
139996
0
4058212
139996
489940
0
279934
0
944100
0
0
0
279976
37
0
0
0
0
0
559960
184
0
0
0
1143309
139996
0
0
0
0
0
0
0
349933
559960
139994
139996
281293
1187968
0
0
0
0
0
1679710
0
139996
139996
0
0
1259843
0
0
0
139996
209984
0
0
0
0
52084959
152
209974
0
0
139994
0
0
559960
0
0
489846
0
0
0
69995
139996
4
982227
0
0
139996
0
0
139996
279988
0
0
139996
1259842
0
0
0
559970
0
139996
4687669
0
0
139996
139996
279984
0
139996
0
0
0
0
0
69996
0
0
0
0
0
0
0
0
0
139996
0
0
69997
0
139996
0
0
0
280128
69996
69997
0
0
279988
0
0
139996
18446758
0
0
0
0
0
279988
9
419976
688202
69997
0
0
130
139996
139996
279988
0
0
419976
0
2378494
69971
0
0
140014
0
0
5
0
0
0
0
0
0
279984
279990
1042858
0
0
0
139992
1
140000
139996
0
0
0
0
0
979888
0
139989
2
4334872
30
139996
0
0
0
769843
2975992
1749666
279988
0
0
0
0
0
415727
0
0
209726
0
0
0
0
1959858
0
0
0
0
69979
139996
69996
699954
279976
0
769877
0
279988
0
69942
280012
62968
0
0
139996
139996
0
139937
0
0
0
0
0
1
0
16
14
139994
0
0
0
0
69997
0
139996
0
546669
0
279976
0
280033
559960
0
0
0
0
0
419976
0
0
0
1
139994
979912
0
0
0
69997
139996
0
4
0
0
69967
0
0
0
139996
839916
979411
0
2029680
1819611
629907
139988
0
0
0
209604
0
0
139996
85878
209989
0
559880
0
279988
349967
2239450
279990
0
0
0
1
0
4477888
8
0
0
770539
0
0
559968
0
0
28274135
0
0
0
210025
209865
1259763
699952
279984
209967
0
69997
489900
0
699940
0
0
0
0
139996
0
279991
419971
139996
0
0
349964
0
279581
279990
69863
979900
64
0
139992
8
0
279956
0
139996
0
22892725
139996
0
139980
0
139996
0
139996
0
19899798
69987
1260959
0
0
139996
139978
0
139996
279988
279988
0
0
0
5
0
0
57906
0
0
209970
2239456
0
909969
3
0
0
0
0
1416
5
0
0
0
69997
0
0
0
0
3638120
6
0
0
0
0
0
279988
0
0
69996
0
0
0
419962
17528407
0
0
0
0
839926
0
69994
139998
1119602
139996
139960
0
0
0
279988
0
0
0
0
0
0
279974
139996
0
45032478
0
0
0
0
0
0
0
0
0
0
0
3289011
0
0
0
0
57210
0
0
69943
139996
0
0
0
279988
0
0
0
3499034
0
0
0
0
349981
0
0
559936
0
0
0
0
349956
139996
69999
0
0
279988
0
0
0
0
0
0
0
209930
139996
0
279990
0
0
0
69992
0
0
4
210203
0
0
699677
0
5
0
559966
279988
0
0
279988
139996
0
140305
419980
0
0
84
0
0
0
0
0
0
0
350055
139612
10603775
329
139996
139992
0
2
139996
0
0
0
419976
281338
0
0
0
0
0
0
0
139950
139996
51662430
14094443
13
139994
279940
209949
0
3
0
139996
2519274
279990
69997
0
0
0
0
0
139996
0
127
0
139964
139996
0
1399784
559925
279990
769844
419962
0
0
0
0
0
0
0
0
0
140046
139996
5
0
139996
279990
0
0
69854
362278
139996
70062
0
0
140006
0
69997
979889
0
0
0
629604
11
0
209987
139996
0
1259748
0
0
0
0
4
0
139996
139988
419980
139996
0
69997
0
0
349865
139994
419997
2029399
718
139994
140006
0
0
0
279988
0
0
0
0
139996
139994
0
0
0
0
0
385
0
3638866
139996
279961
139996
1399822
0
0
8
0
139996
0
7
69997
0
8
0
69997
0
490353
139996
139996
0
0
0
0
0
0
0
279980
16
0
25
139992
19798
0
0
139996
0
0
4
0
1539793
0
0
0
0
139996
0
0
0
209989
2589005
0
559966
25
559952
279750
489930
0
0
0
979876
0
0
0
0
5317073
8016390
1620178
1414223
279984
14264512
1
0
139932
306
1749776
5035875
0
0
0
839833
5807036
0
89
0
0
0
0
1119863
0
139996
1119856
0
0
8
0
0
419988
0
139996
0
182378
0
0
0
629925
0
0
419975
0
0
1259747
0
0
349977
139996
0
0
279972
69996
0
839938
0
69992
0
139996
209853
1455131
279990
0
0
0
0
1851
0
0
140018
279988
279440
0
0
0
139996
0
0
74843934
0
0
139996
559960
0
0
0
139970
69997
0
0
0
0
0
978609
21
0
0
279985
0
0
0
0
0
139992
0
70009
0
139994
0
0
0
56101
1259874
839927
7164418
279988
70041
0
1399774
0
0
0
42136375
56
1609761
0
349970
0
1329814
769904
0
21
0
349965
0
0
0
0
4558
0
0
136714
0
9
1819636
209989
8253368
0
0
0
0
9300786
279984
209992
3708514
419981
56
139996
0
682609
209952
0
0
0
0
0
69534
0
14482857
419976
139996
0
0
0
4476040
0
0
769907
0
0
139996
279988
0
0
0
35687076
139996
0
139996
0
139996
0
0
139994
0
0
839925
2099003
18
0
0
0
663
0
19291023
139996
139854
139996
1189937
0
699940
0
0
24
0
139812
0
2239462
139994
15240903
0
279900
4058732
0
0
69986
1539800
0
209957
0
209974
0
0
0
3848516
2447504
0
139996
0
770544
69992
279990
0
559970
0
279984
0
559967
349977
279988
140012
4338506
0
22
0
419970
0
0
0
629772
0
139996
0
209988
0
0
0
0
349898
0
139995
139996
6575742
1293988
0
0
0
0
0
3
1
349653
0
0
0
0
559902
0
419976
349950
419976
280020
0
0
0
0
28
0
0
0
0
1399846
839916
0
0
0
0
279988
0
1
0
0
0
0
0
279990
5876388
140012
538
279988
139992
0
139996
0
0
0
0
0
139996
0
0
419980
0
0
0
0
4
1259824
139992
0
0
6
0
0
1119856
0
0
69985
0
0
699940
0
0
209951
0
0
139996
70001
0
69997
140012
0
349992
0
0
0
139996
0
209925
76
69997
349947
0
0
1181530
69429
1119894
0
0
139996
0
0
0
0
139954
0
0
0
0
0
0
420007
8
2
559938
0
0
0
0
6996022
0
209972
69997
0
0
0
209999
0
0
0
0
7
298
349704
3149456
139996
8533392
0
96
0
139996
279988
0
0
0
0
0
0
0
0
0
0
0
1
0
0
139996
0
0
14
0
10
139996
69972
599593
0
139996
280000
0
0
0
139996
699940
71328
419968
0
0
139996
0
139994
69994
0
350058
0
0
24
0
69295
419976
688507
979877
0
69995
1539792
279986
0
0
2379414
0
0
70753
0
0
0
140010
0
419980
0
5330344
0
139996
1802495
62
350132
139858
0
0
0
279972
0
699940
0
139996
839932
0
0
139996
528166
69233
139870
0
0
0
419970
828801
0
3778195
139996
0
419980
0
0
990431209
139996
0
0
0
2655589
3218677
139994
139996
69979
0
979900
0
55524
0
139996
209975
139996
0
0
139994
0
1539800
0
839926
559960
0
69997
139996
0
0
1259820
39
0
0
0
559968
0
0
6714384
419980
0
69997
0
0
0
840796
27
802
0
139996
209965
0
349983
1959606
0
139996
0
0
0
0
559966
0
0
0
279988
0
139993
419980
32
1818649
0
139996
0
1
0
0
139996
0
0
139994
419890
0
0
0
1
0
0
139996
0
0
5802884
2
70001
140006
0
0
279988
629937
0
0
4
979889
0
0
0
0
1329693
0
0
559972
0
0
0
0
0
0
349958
139996
0
13
0
0
35
0
139996
0
0
0
0
0
210042
3846513
0
0
909889
140004
630491
0
0
0
139996
279988
69989
69408
559960
559960
0
0
0
139996
1175536
57
0
0
139996
1119722
70013
888367
0
139996
7998
0
699940
0
0
7482964
769839
139724
0
0
0
0
419860
0
0
0
0
0
0
1328899
139996
0
139996
139994
0
0
431268
69996
680
0
0
0
280014
0
209766
699940
0
0
0
1323
0
0
0
0
699940
0
139996
0
139230
0
0
0
559960
979800
699861
0
0
139992
0
349975
0
0
0
0
3358896
0
0
0
377
1259848
2938259
69996
0
4268050
0
139996
31
560250
0
0
0
8
0
0
0
139996
0
69995
8392971
0
0
0
0
0
1399817
419980
0
4768074
419976
559960
0
139990
0
0
0
0
139996
0
139996
0
141715
11013
0
0
69996
139996
4898141
139996
559968
0
3009113
0
15
0
0
0
0
3679761
1679717
489872
0
0
279988
0
139994
0
0
3552052
69974
280690
0
1468806
0
0
0
0
139996
0
8
2029444
0
0
139996
839932
139996
139996
0
5632
489967
139996
0
66061
139994
139997
0
0
559936
0
139994
0
559960
0
3291158
0
0
0
1
0
279990
0
0
279988
0
0
279988
0
0
0
279990
559961
559966
279988
153401
12
0
6
979890
0
0
139996
0
139996
0
4618066
139986
0
139993
629935
0
0
139996
0
0
839908
0
0
419976
1
139996
0
559960
0
0
0
0
0
69989
0
0
0
0
0
0
139996
0
207885
821339
209989
6367746
139996
139996
279988
0
0
0
0
0
699940
0
0
419980
349972
279990
0
69997
0
1329588
0
0
0
139996
209550
0
1469779
0
0
0
69896
0
0
0
1
209987
0
1119856
0
1539736
0
699952
0
0
7447160
0
0
0
0
139996
139992
139989
139992
69983
3
0
0
209985
559962
0
0
0
0
33
0
565184
0
12223633
1329868
279984
2589144
139996
559960
0
2657879
0
69989
139992
0
3
0
69999
841119
139996
699956
0
8183803
140002
0
279988
0
699940
279989
349983
0
489730
0
0
139996
0
0
813
0
0
349989
0
25
0
69996
0
0
699952
69924
0
0
0
0
44196394
1819650
0
559960
0
0
0
419976
0
0
0
139996
0
0
8
0
0
0
0
0
0
0
0
139996
0
546
0
0
559330
210018
0
0
489931
139996
0
0
0
279946
0
0
0
489937
1119874
0
489954
0
1259712
0
0
0
0
0
139996
139996
806
0
0
0
0
419970
9
0
72
69996
0
419974
0
0
5597466
0
139996
0
0
139994
419980
0
1119870
0
139996
699952
0
0
0
0
0
3778774
279978
0
139996
0
69992
0
0
0
0
0
139996
0
279990
139994
0
0
139996
139996
0
661
0
0
0
419976
139996
419886
420565
0
6984699
2939392
0
69997
0
0
0
0
0
0
0
0
0
0
139996
0
0
139996
0
0
0
699941
138320
0
21512698
0
559930
0
70399
0
839938
0
0
4258471
0
0
0
44
0
0
108756
0
0
139996
0
0
1679738
279988
0
420000
1
7554918
279982
139996
40
979912
139996
0
0
280651
0
419922
0
0
349531
0
349967
0
0
349974
0
0
1819635
0
0
839930
909869
0
1118425
1464451
0
0
0
979888
0
0
0
279988
0
1679503
69986
0
419740
0
1608571
909834
0
0
296782
0
0
0
209980
139996
3943
139996
29183
0
0
139994
139996
0
0
0
0
0
0
0
0
139996
0
0
0
0
69994
0
0
0
139936
0
0
0
0
124526
0
0
559968
0
139996
0
979900
139996
1399540
69968
2589223
139996
0
0
0
0
0
69996
0
209985
769911
0
0
67538
0
140012
139996
3498784
0
139988
209977
0
69996
0
139996
0
0
279990
0
0
139996
0
0
139996
0
0
0
0
0
209992
279994
139994
36
0
0
139996
0
0
0
0
1643626
0
699920
0
0
279990
419884
0
69999
1539808
699917
0
139996
280339
0
3
279990
279988
0
400
0
0
1129848
0
2
0
0
0
0
0
0
0
0
0
0
0
0
0
0
0
279942
0
2939296
0
0
139996
0
0
1
279968
139996
0
12283797
0
0
0
0
279993
139996
0
0
489895
0
555
0
699948
149
0
3009106
349960
69989
559966
69997
0
0
0
0
5457028
1533856
0
69996
0
280024
0
489931
0
0
139100
0
139996
22484625
0
0
0
279988
279920
0
141707
699940
0
420413
0
0
0
0
0
0
0
349962
70024
0
4198505
0
45346
7
839938
69993
70047
139988
139996
139996
0
0
0
560129
0
0
0
0
0
311566
909879
1329640
0
139990
69939
0
0
0
139996
139996
0
0
70016
0
0
139996
279984
0
0
0
0
140831
629856
419977
0
0
12
419976
909896
0
0
279988
0
0
139996
139996
0
139996
0
4177641
839916
69996
0
0
70209
210257
14
69992
0
1249
0
2799054
0
558212
0
69997
0
350368
0
0
0
8107686
1959557
69997
0
489952
4125938
69967
0
0
0
29510705
135494
69994
43
139996
3918880
0
0
0
139997
10
139996
0
0
0
0
66
0
979916
0
0
0
0
69772
0
2309506
6016678
559960
279990
279988
0
1539736
6085090
279988
0
0
139996
0
0
0
0
279988
0
0
0
1521182
209986
0
0
139996
1
139996
559920
2519252
1
0
69937
3012280
0
419974
139996
559961
0
0
0
69710
279988
839916
0
0
0
69998
0
0
70379
0
139996
350023
69995
209989
0
0
279988
0
0
0
0
147254
839938
0
349971
0
1053543
30
0
0
0
392982
416007
0
69997
279988
1539776
349954
0
140413
0
279969
139996
139996
4
155
139996
0
0
699940
0
139590
0
139996
139984
69997
0
0
139996
209986
0
0
0
139994
139996
0
0
139980
0
2
279988
69997
7
559980
0
0
0
0
0
139996
0
1469404
0
0
980114
0
0
0
0
0
279688
0
559960
139996
10
420414
8
0
0
1
0
0
0
0
0
419968
9118849
0
0
0
65527
559956
0
139965
0
0
69987
0
0
0
0
139996
0
0
279987
280063
489945
0
139996
7204628
100
0
699948
489857
0
69964
0
69997
209909
0
69189
0
0
0
0
139996
0
69995
0
0
0
1
0
629922
0
69988
0
0
419238
139994
0
419976
0
764981
0
69997
489812
0
22
0
6856443
2
0
699940
97
0
69997
279988
419980
209929
139996
0
227798
2519008
0
0
0
0
112
0
139996
280939
0
139996
0
0
0
139996
0
209940
425998
489348
209991
0
0
0
279988
139996
140325
0
139996
139996
0
279988
0
139996
139996
419980
0
0
419976
1119882
0
0
139996
0
209987
0
0
0
0
0
69996
69997
0
0
0
0
208
4618139
1679688
0
1259839
419974
205383
0
13288576
0
139996
0
349955
0
0
0
210149
69995
419980
0
699948
139996
139996
0
0
0
699940
419976
139991
0
7
4
0
139996
349700
554
0
279988
2799208
0
69994
0
0
139996
5
0
0
0
2239560
0
0
3078812
209981
69996
0
839916
0
279917
1399801
139996
0
69762
0
0
279988
489959
629959
139996
69961
279948
0
205956
340031
70006
0
0
139996
419980
69953
0
69997
0
139994
0
2
0
0
0
0
0
0
0
0
0
0
279988
0
3149108
0
139952
0
0
0
0
139996
139980
139996
21110
0
0
69989
6016789
0
223830418
0
69997
0
69927
14
0
2
9
139996
0
2799216
0
0
161961
139998
279988
0
139992
0
0
1119885
0
9
419980
0
69998
699952
0
279988
69996
0
0
0
0
0
279988
0
0
0
22918926
0
0
1
0
0
18
0
349955
0
0
699918
1399844
29126901
1959648
0
0
0
0
979900
0
27368840
0
139996
279988
209987
0
69957
0
0
0
0
0
0
0
0
5737110
0
0
0
0
139996
559968
559960
0
0
350017
0
0
69992
139996
0
0
374
279988
839890
489959
0
559960
69997
699940
70086
979910
839905
0
279750
0
0
560019
141604
5877368
0
0
211933
139996
139996
419839
979900
0
0
0
0
0
0
0
70737
1184069
29946409
0
0
139996
486616
0
139194
139997
247
69986
0
139992
4058427
419970
0
12742149
139996
0
0
0
839886
0
0
559728
69984
0
0
139996
3778740
139984
69995
274645
420861
0
5247080
0
0
0
0
489935
139996
1959550
0
0
279984
0
6
0
0
0
26
839926
0
0
0
0
69996
0
209982
0
279984
69647
279988
139996
419976
419980
0
0
8464292
0
0
0
279988
69997
70573
0
0
0
0
0
139996
139987
0
0
0
139996
6053538
279990
0
0
2938557
0
0
4478166
0
8251233
0
279998
11
394364
0
139996
139996
0
0
139996
979908
0
489963
699940
0
0
139994
0
0
349965
139996
5
7
839927
0
699940
0
0
0
3287761
0
139996
139996
0
0
0
0
139996
0
0
318687
7
0
279990
139976
0
2165331
0
0
0
0
2239136
0
0
0
0
0
419982
139996
0
0
139996
0
0
0
0
139996
69997
0
419976
0
0
139996
0
699940
0
0
0
69997
0
139992
0
1679734
0
559966
69394
0
139996
559859
7832714
53
1259874
0
0
559960
6
0
0
80468263
279988
0
139994
280299
0
0
0
139996
0
69946
419980
839918
0
0
279984
559964
3778876
0
0
139810
7701630
52
69997
0
0
279988
69633
0
0
0
0
0
0
0
3148990
0
0
790515
0
2659131
0
48
0
0
139994
349935
0
0
0
0
139988
0
69995
0
0
0
0
0
0
0
69941
0
0
0
0
0
0
0
0
0
1
0
909882
0
0
0
0
0
69869
139996
0
0
0
0
139996
0
1
279988
139999
164436
0
139993
3219176
370046
69269
1
0
0
0
419980
0
69995
0
139996
19670952
139992
0
0
350025
0
0
0
0
0
0
0
0
0
139996
0
958338
0
0
699940
0
0
0
0
0
0
419971
0
629941
559962
24
0
139996
3
69997
0
279988
0
0
0
0
279986
0
279988
70255
1049896
0
0
69993
0
1
279990
0
139996
559946
139996
559966
139996
6
0
559961
0
0
156
0
0
1819698
70114
0
0
0
0
0
0
699952
0
699953
139996
419974
0
139996
139994
0
4186155
0
0
0
139996
0
0
279935
0
0
1049786
139996
0
0
0
0
0
0
0
410854
839926
0
0
0
70005
0
139996
419880
0
0
840123
4822661
139996
139996
0
0
419980
5317122
139997
0
1470133
0
0
0
0
139996
0
0
139996
0
0
0
209985
699944
0
0
279988
0
0
0
4058260
0
0
0
139996
0
2280
69997
0
0
4
0
0
0
839934
0
699948
0
0
0
419980
1119880
0
380881
0
0
0
0
0
0
0
559960
0
1749718
20
839874
0
0
67291
0
0
489992
139996
0
139996
349882
139996
0
0
399422
139997
0
0
1259780
0
16071864
0
0
0
0
209952
2
139996
0
139994
0
1119890
0
138780
839968
139996
2239558
0
979889
0
0
139996
279990
699940
279988
209986
0
139990
0
0
559960
0
2939116
0
139996
69999
279990
173908
0
279984
6
0
279988
0
0
69966
0
0
139997
1889969
0
81
699948
0
699910
0
0
139996
0
139996
139996
5
0
0
2099503
0
69990
0
279988
0
0
0
279988
0
69986
0
69864
0
0
209979
0
0
139996
279984
0
140177
279988
0
0
69998
0
139994
0
0
0
0
699952
0
419976
1167174
419976
210002
0
73689
0
2519446
0
139993
139992
69996
0
0
0
419980
349981
1049857
0
0
0
280448
0
699930
139882
0
0
0
0
69986
139996
0
0
0
139996
0
1259855
0
139996
139996
0
139996
0
0
0
11919
0
0
8393994
0
0
1119838
0
279988
0
0
0
279988
839842
0
0
139996
139996
0
279990
64
0
0
6
0
349925
0
209967
0
0
0
0
559970
139996
610596
0
629676
0
279988
0
0
0
1
7974770
0
0
2099566
0
0
0
0
12
279944
315516
21
279986
0
139996
0
30
0
0
0
0
69945
2
419976
280135
139996
699931
0
0
0
139996
0
0
0
98
0
0
139996
0
1539807
979916
1451
0
0
559966
349441
0
139996
0
41
139996
0
0
0
559960
0
24442064
0
559960
0
0
0
0
0
0
0
0
4
1959638
420407
1891369
0
0
0
699740
0
0
0
0
0
139996
90
69993
0
139996
0
139996
209992
5805836
0
0
0
0
1399790
279990
0
964
0
0
419980
1959628
0
0
0
0
0
7902
0
0
0
0
19300401
13
0
0
0
0
1399830
0
0
0
0
349962
0
349973
279990
559960
0
0
0
0
279988
139996
0
0
0
2
0
139996
69993
279978
0
0
0
69997
0
4408038
69997
154
70024
0
0
0
0
0
279988
211364
0
0
209992
0
18
0
0
0
0
122412
22072392
0
0
839926
0
0
1168
116110
1601307
0
139996
3746492
0
0
489928
0
161720
0
0
0
1889675
139996
0
1189771
7135684
0
0
0
0
0
0
2445541
0
349966
0
0
0
0
559966
0
14260993
838908
36
0
419969
0
69997
2
38
279989
0
0
0
0
0
0
0
139996
139996
2939146
139966
139996
0
0
0
0
280014
279988
0
3
140002
0
0
0
419980
0
490455
0
559966
0
0
139996
489915
279988
69962
1679770
69997
307493
69989
0
1889451
4
140002
0
0
0
139976
139996
699936
0
0
0
559970
0
279992
0
699956
0
0
0
425647
629957
139996
0
0
769933
0
0
10631942
0
0
0
0
0
0
0
69997
0
0
842260
0
0
139996
0
0
0
69995
0
139996
769625
0
69996
909977
419976
0
6
0
0
6
209977
69993
250
0
0
0
69997
0
139996
0
2798536
6474173
1189821
209988
0
1959606
139996
139996
699940
700236
69996
139997
0
0
0
5176783
0
349971
0
139996
139996
0
26976
139996
0
0
0
349865
2
0
0
0
0
69992
0
0
0
419980
279976
0
0
139996
0
2
69993
0
69997
9650866
0
979908
139996
279988
69996
8953416
0
68936
0
0
1329758
0
139992
69995
110
25
0
0
2379436
0
209552
419976
839932
0
0
1
3848740
139990
0
139996
139940
0
139996
139966
0
0
69994
0
0
279988
0
0
0
0
1
0
0
0
0
0
349972
139996
0
1679900
0
0
0
909884
139996
0
0
0
1050934
0
0
0
0
0
0
1886012
0
18
2380240
0
0
69997
2939257
0
0
0
2946722
4750094
24
69605
0
69949
139992
279832
0
1259842
0
14
0
0
0
0
0
0
139996
0
0
139996
231
0
151179
0
70021
56047
139996
0
0
0
209989
280346
140007
0
69994
11675594
0
629916
979874
838021
139996
139996
69987
137960
0
0
0
209986
4058568
0
139996
0
0
0
0
0
979912
139994
4198162
0
0
0
3498985
0
560050
139996
139884
0
10
0
0
0
279982
139996
0
0
1329613
0
0
0
0
41
139970
0
0
1258939
139996
0
0
0
69956
0
559968
0
2880
0
629923
148
0
0
279988
0
0
0
559960
0
0
279985
6297102
0
279988
139996
0
0
279984
0
279949
0
0
489894
279988
140007
419980
0
0
69999
0
839925
0
10
0
839934
0
1679688
0
0
0
0
0
0
0
0
979900
1679709
0
0
699948
0
0
0
139994
0
279988
0
0
0
0
3846991
69977
0
979759
0
0
0
0
0
1889648
0
0
489965
70023
0
0
0
1292240
0
0
139996
0
0
139996
1399798
0
1119856
0
0
1399844
0
0
0
0
419980
0
0
0
0
0
0
0
419980
0
0
0
27792
279988
69998
0
0
1049715
0
0
0
0
0
0
8
0
139996
0
769915
69995
0
0
2659842
0
979900
0
209796
0
0
0
979898
139996
469771
0
1119785
0
0
0
0
139996
139994
279984
139996
0
140376
0
0
27582392
5457582
0
0
0
0
139996
0
0
1441
0
0
139996
279990
210167
279992
0
0
559966
13662
0
559886
96
0
0
0
0
0
139992
1119856
0
0
279990
139996
0
0
979891
139992
628427
0
419980
8535653
0
0
769923
0
0
0
0
210278
0
0
0
209994
1959698
0
349720
0
1399792
0
0
600378
140005
0
0
0
209889
6273526
0
4
0
769893
0
0
559952
0
69570
0
0
0
0
0
139996
1749749
139996
0
0
0
68851
86
0
0
2
0
0
279988
3498832
0
69996
0
0
0
0
1259856
13
280003
69995
279984
139996
0
0
279990
92873
0
0
0
0
559964
139996
0
207888
0
627603
0
0
139996
0
0
69996
0
0
0
0
0
0
0
699864
559918
139996
12
0
279990
1189745
979886
139996
1679424
3078703
0
0
0
0
279988
0
69997
419970
0
419976
1
0
119482
0
0
1329778
69995
0
699934
4
0
0
2588229
0
0
0
0
3
0
823842
349634
489953
69995
0
489589
0
0
13
0
0
559966
349973
69993
139996
69997
0
0
139996
0
69976
0
489966
0
3
0
559960
0
0
419967
0
0
209952
2869226
279988
0
0
279990
0
419980
6156462
0
139996
914
0
0
0
0
0
2659432
0
279927
0
3
419976
139996
0
41
113956097
279988
0
0
0
0
4248
1679712
0
0
0
0
0
0
70002
69995
0
419976
0
0
139974
0
1259793
419980
70018
0
0
209969
0
69993
790
0
0
0
0
0
139996
204927
349948
0
0
0
70289
0
349965
0
979888
0
0
0
0
0
489932
140050
0
170
279968
0
139996
69997
209982
0
573
0
139994
279990
1516
139986
69995
0
0
349950
0
0
0
139996
0
0
0
279990
0
0
0
139994
0
0
139906
0
0
0
139996
0
209984
0
70012
0
139996
0
19
0
8574
0
839885
228
279990
139996
0
70085
0
208847
0
0
1
0
0
0
0
277296
0
0
699931
0
0
0
0
0
69993
0
0
139996
0
256393
0
0
0
0
4
0
0
0
34
0
349880
139996
0
141813
0
139996
0
139996
139996
0
70002
0
168
139988
0
0
3007474
419976
8253036
629922
3
279988
139996
0
0
0
0
139996
0
0
279988
0
349979
3
0
209728
699948
213909
0
0
0
0
279988
150775
0
0
139990
0
0
0
0
0
0
209938
279992
139996
70831
419856
1416
0
36034521
1120938
209996
0
279988
839824
45
0
69994
0
0
69977
0
419976
0
3778212
139996
0
699940
139996
0
0
0
139996
279976
139994
0
0
1819708
0
0
0
0
0
0
1538027
0
559966
699954
0
139996
0
0
0
0
423918068
0
139996
0
559964
0
65
0
140165
0
0
0
5876551
0
0
69997
0
0
0
0
0
0
0
0
0
0
139993
69987
979906
0
0
279985
0
590
419980
0
0
629848
139996
70007
0
0
0
139996
0
69995
139996
0
0
839916
0
280023
0
0
0
279991
83
280081
0
0
0
349984
0
0
0
140027
0
0
0
69997
0
12
0
0
0
0
2589195
279988
0
1
0
3009085
209907
0
0
279990
555439
56
0
0
0
69955
145712
0
0
139996
0
0
0
0
0
0
139980
0
0
0
0
0
0
419977
559813
0
0
0
0
209989
0
0
0
559952
0
559960
1685692
139996
0
0
1468859
1259848
120
0
0
0
0
0
12
0
0
349980
0
0
69978
839916
349979
349975
0
349967
0
0
489968
1
0
0
839922
136
0
0
139905
0
279988
0
0
0
1119856
0
0
70039
279988
2588651
139996
20099002
559960
0
4
139982
69997
0
280041
139996
0
69899
0
0
0
0
0
0
0
0
0
0
0
0
0
139996
0
0
0
0
0
2169286
69996
1539744
139996
0
0
0
0
0
559960
279858
1189660
839902
0
279987
0
559966
0
0
0
0
0
70928
279986
0
8
0
0
0
0
0
839926
69999
0
139996
0
0
0
0
279988
42148484
10700281
69997
139996
139996
83061
0
0
0
69997
4612844
0
0
0
0
1399780
0
0
8736634
0
0
0
0
0
0
4127457
0
8
5597577
0
0
69997
139996
0
0
0
139996
0
0
0
9
0
2938118
139990
0
769870
279988
243
0
0
0
0
419970
0
0
279988
209969
0
0
0
279988
0
0
0
0
0
2
0
343
0
0
0
0
139996
15
0
0
139996
0
0
1856380
0
140001
279978
0
0
0
139996
0
0
419933
0
1119840
1
0
0
33
0
0
12
0
0
140613
0
0
0
0
0
0
0
0
0
1049861
0
0
139996
139996
0
0
0
139992
0
839932
139996
0
0
0
489361
139996
0
0
0
0
419982
209991
0
0
69997
70009
0
0
0
0
0
0
0
69930
0
69996
0
0
0
139996
0
69999
0
0
0
0
979901
0
0
1119842
5
0
139996
0
139992
70013
139996
1819708
0
0
0
69967
279988
69996
0
0
6086187
1539736
699954
0
0
63683
0
3
0
0
0
0
1049527
139996
0
0
140056
139996
0
0
4058374
0
0
0
0
69982
69995
279988
0
0
0
0
0
1
0
0
91609964
0
0
0
0
139996
0
0
0
209988
699940
2029601
280029
69997
69994
0
70257
629891
0
0
0
139996
0
559895
6226533
3918376
0
0
139996
0
23
69964
12
139996
280156
0
839922
0
769745
70003
1072849
726048
0
0
0
0
0
69995
279990
279966
0
419970
0
139996
139994
0
0
0
0
419976
3008822
0
0
279988
69997
979888
0
350275
10
0
0
3726
33
69995
0
0
0
419980
1609662
139996
0
139996
0
279990
0
92865
0
108
699935
0
4268580
0
6297841
0
0
139996
0
0
0
0
139996
0
0
139996
0
209175
12
235902
69992
0
0
0
0
139994
0
69793
57693
0
0
65242
0
699948
419980
0
0
0
0
700521
0
0
0
10
0
0
0
0
279928
0
0
0
0
279988
69928
139996
139996
209982
0
8321488
1119819
979844
0
0
0
489954
0
419976
139996
0
0
0
0
139996
979874
0
0
0
729447
0
0
0
349975
0
0
0
0
0
0
0
0
0
0
0
419976
0
139996
0
559968
0
70631
70011
0
0
0
0
0
209989
0
0
2519548
0
1119504
139996
0
4223779
0
4758340
3638908
0
0
0
0
69995
0
980244
0
6437034
0
0
3008969
0
70006
0
1828593
0
559953
0
70003
0
4058056
0
0
139996
0
0
0
69996
40
0
69983
0
279908
0
0
0
0
70037
0
0
0
1262621
73265
42
1399775
13
0
279990
0
0
7694704
139996
0
0
70001
839916
559966
0
1819663
699952
0
139996
0
8
0
0
69995
186250251
0
0
0
0
0
139996
0
279990
0
0
0
0
0
204
69996
0
0
139996
69994
0
0
0
69990
0
769788
1255104
349889
279988
0
419977
0
0
0
0
0
0
419974
0
0
2525570
279988
116
0
0
279990
0
279990
0
139996
0
349977
0
0
140170
0
139996
858591
0
0
0
0
0
0
0
70397
69997
69971
139996
139977
0
0
69996
279990
5
489757
419976
279988
0
489789
0
0
0
279988
0
0
139996
349727
139988
0
0
139996
139998
0
139996
0
69995
0
4967152
279858
0
0
279990
139996
419980
0
139996
559968
0
125
6
139996
139996
43
0
0
0
0
0
420241
0
0
139996
419976
209834
419980
0
139996
69984
0
629263
17
0
419980
0
279990
0
0
69857
70038
0
0
0
139968
0
139996
209947
0
0
70000
0
342254
0
419980
0
559970
0
559960
769891
0
0
0
279984
0
0
419993
0
0
0
0
139998
0
0
0
139996
0
0
1080213
0
0
139996
70824
489926
139996
0
979916
0
559962
2
0
0
279988
0
420066
2239468
0
0
979894
419780
1481
629799
0
0
139996
419980
0
0
559966
0
0
0
0
139996
0
0
69998
139996
836987
0
0
0
0
2239374
1259820
70147
0
0
358
0
69968
0
0
0
0
0
559966
559961
2239849
0
4758308
279990
0
0
0
0
0
0
0
0
0
0
279988
0
0
139996
0
0
2
699940
0
69989
0
0
0
0
489913
0
139990
0
139996
0
69997
559960
69992
6
69993
139994
69988
31
0
1399690
0
2242128
699940
0
4
0
49
0
11329006
699642
0
0
69986
0
70002
0
25
0
279988
0
489915
0
139996
1260930
139996
0
0
0
139994
699960
839934
70077
139996
2144
979916
0
139996
70077
279967
139996
139996
699942
139996
1724840
0
0
58108
0
139989
132306
0
839934
0
139996
0
349978
0
0
0
279988
0
279988
0
0
279988
0
0
559966
2379388
279990
279988
61
0
0
139996
0
0
139996
0
279988
4477888
0
38
0
135052
989075
1119934
0
0
1747194
139984
139996
699948
0
1045505
0
218
559958
419976
0
0
70011
419934
909884
0
0
0
279988
139992
0
139996
139996
1189657
0
419976
349667
0
279814
139974
0
0
0
559964
0
70379
0
209577
0
10549446
0
0
0
0
1
0
0
0
0
1959606
0
0
0
0
0
279988
0
0
0
139990
839904
0
135
0
0
0
279979
0
349925
140045
839921
1329839
0
0
139996
0
0
0
1
0
69982
0
438292
0
0
0
69988
0
839808
0
3
1959580
1659584
3568717
0
0
0
489802
279990
139996
145860
839872
0
0
0
559960
0
0
279966
0
0
419902
279990
0
139996
4758262
0
0
0
0
0
139994
0
1259874
0
0
139994
629893
0
0
70003
0
4619369
0
0
69997
68959
69997
0
2379320
0
0
0
112188
979888
0
0
0
769907
69947
0
0
152468
69995
1
0
0
349973
139996
0
0
279984
139996
0
349982
8
0
559148
1680547
559970
279990
9
209985
0
0
139996
139996
139994
4886559
0
0
979910
139992
630375
0
1749822
139996
0
0
0
195
0
2
0
139996
139996
979875
0
0
8
0
0
18
0
419976
839926
0
0
0
279988
139990
36
3046369
0
279956
0
0
0
0
0
0
0
12379282
0
2659420
0
69626
139996
1889474
0
0
0
0
0
0
69994
0
0
139996
0
0
0
0
0
0
839925
279990
349964
16213974
0
0
0
419976
0
139622
2589987
0
0
139996
0
204
0
139996
0
1678988
69992
699942
0
69989
0
0
489958
12507053
0
2511993
139994
559966
0
69996
0
1892709
139996
0
279990
0
909822
0
0
139996
0
279988
69969
209985
0
0
280755
279990
559960
279988
139996
0
11087172
0
0
279988
0
139996
0
69997
0
0
139996
0
209982
0
0
0
0
560037
419976
4407004
0
0
139996
7
2519512
1399765
139998
194924
0
10
139996
0
0
0
0
69992
458572
3
0
0
279988
139986
559962
419977
139996
0
0
559991
139996
0
1958191
0
69995
1
0
419818
0
0
0
139996
419971
0
0
279988
489975
69997
0
0
4
0
1049877
0
139992
0
0
139996
3
0
42
0
280000
0
0
0
139994
0
0
0
8
0
279984
0
0
14
0
69996
2939106
139996
0
0
69999
279946
1889625
0
3920344
139992
139996
0
69598
0
139996
279988
0
0
0
0
0
139996
349967
69995
139996
0
0
0
419976
5
1959600
0
69997
0
477882
0
0
515
139930
0
0
0
139996
0
279988
0
839916
419976
139994
0
1399762
0
559961
0
0
1119856
139996
0
24
419962
0
0
1119902
0
0
70081
0
5013754
139996
559960
0
0
0
139958
7
0
0
0
0
0
1259844
837
0
279972
0
0
209808
0
0
0
0
0
19125
0
279990
629941
139996
0
0
0
839929
139996
139996
0
69614
0
11
0
0
0
2868953
0
0
0
69997
0
69997
0
279988
226
0
0
0
0
0
0
0
0
0
559950
0
419970
0
0
0
0
0
69997
279978
0
209982
0
0
0
0
0
13495264
349982
0
3007646
0
0
484178
2
0
0
139996
0
139996
1259860
139996
4
0
279990
0
350015
0
559960
0
419980
69953
839918
139996
0
0
139996
68848
69995
0
0
0
0
0
69994
0
0
139996
769914
279988
2099548
139996
386
69987
0
279987
0
1049783
0
2659132
0
0
279988
1329792
0
69996
0
0
0
222
349977
139996
69999
0
0
0
0
0
0
0
139996
0
0
979900
0
0
0
559960
0
139996
0
0
279913
0
0
139996
139996
9
0
139996
279988
0
69983
0
0
0
139996
223
139996
0
68666
0
840161
0
139993
0
0
0
2029521
0
1119870
0
0
139996
0
0
0
69995
139996
139996
0
0
209982
0
0
979888
0
0
0
668
0
0
0
0
0
0
0
279984
0
0
0
419937
0
0
0
699954
559968
139990
1539756
18031596
0
0
0
0
0
0
0
0
559970
0
699952
0
0
70031
1119886
0
236394
0
3079034
226
0
181825
62965
0
0
2099504
0
139924
70003
0
33901416
0
63887
6559838
0
0
419940
0
1959590
0
0
0
2
0
0
419976
0
0
699948
0
835529
18
840007
0
139996
139996
0
0
278994
0
139996
0
279988
0
0
0
209912
490289
149
0
0
979900
0
0
4335371
0
279981
8
419946
0
0
0
419976
559960
0
0
0
139996
139996
139996
139996
1399790
769914
5
0
92
11
0
699930
699940
0
0
139996
56504206
0
2379422
0
279984
139996
0
0
69968
0
279990
139996
629921
0
0
1049535
559960
0
69991
0
0
1539568
419976
0
0
430
1
139996
0
0
0
279984
0
699940
140038
69204
69811
0
0
0
139990
0
0
209854
279988
0
0
839712
0
2659274
0
0
0
121
0
69996
629662
0
0
139996
0
0
8
279789
3079240
0
0
0
0
349950
5317140
0
0
0
839924
139996
0
0
139996
419961
0
0
70005
209990
60298
0
2
69996
69918
279988
0
0
0
0
0
0
0
0
1516
0
0
0
419980
0
0
0
0
279986
0
0
279990
139986
0
68975
0
4267899
1119856
28
699904
209981
140011
139994
419976
139996
69980
0
0
0
0
0
0
0
0
0
0
0
0
769913
2519371
139996
0
3015481
69997
0
0
69985
4758184
0
0
0
0
139989
0
139996
0
0
559966
10068868
559961
0
0
0
0
839945
69997
279988
349935
209972
0
0
0
0
0
0
69985
139996
35
279990
5
139994
1
0
0
0
0
0
0
0
0
139996
0
0
70003
0
0
40
0
139990
0
279979
419980
0
0
0
1372
139994
0
0
0
139996
1539781
1259698
1749681
0
0
0
69996
0
69997
70003
166515
0
0
0
0
139996
0
0
0
0
279990
979900
6041168
139996
0
0
0
139993
0
0
0
0
139996
0
0
12
279988
7
139990
0
0
0
0
0
0
139994
5210
139996
210001
0
0
23540660
489937
0
0
139996
0
699928
0
0
139996
0
0
0
0
0
419974
0
0
0
140002
139994
0
0
0
0
419980
0
0
349973
0
0
0
0
0
1
0
0
0
0
0
0
69997
0
69996
0
0
69992
139994
209929
0
0
0
139996
0
0
0
0
0
1049799
139996
0
1119886
279988
279988
139996
0
69997
70002
0
0
16
279988
1119870
0
0
0
0
0
0
0
0
0
0
139996
2
69994
769652
139996
0
0
0
0
0
0
14
0
0
2239583
341
4143435
419976
0
0
42
0
0
0
429
420086
139996
0
0
839953
0
0
0
0
69969
0
0
139996
0
0
0
0
15803302
0
279984
139996
0
0
0
139996
4
0
0
0
0
0
419976
69990
629780
0
279990
139996
279990
139992
349960
139996
139996
0
0
139996
0
2
139992
0
279988
1119895
909975
0
0
279988
0
489954
0
1119856
0
1819647
139996
0
108888
0
0
1396040
0
0
419990
15
0
0
0
0
0
279990
1119870
0
0
139996
0
0
0
0
0
839932
70003
0
0
139996
0
209991
209869
69993
0
0
0
0
0
0
158598
0
1818970
0
1399332
0
0
0
139996
273
209893
0
0
279988
0
4
0
69997
139996
0
0
139996
0
0
0
139996
2
0
0
0
0
0
140037
0
0
0
0
419976
1189998
1119857
139996
0
0
0
769946
0
139996
0
0
0
0
0
0
0
699940
0
0
0
0
279988
0
0
0
0
839916
0
139992
1749579
0
656844
0
139464
69980
489919
0
0
0
0
279988
0
0
0
0
208525
279988
0
140004
0
87
699942
0
699940
0
209969
0
1679780
3358870
699948
630017
416172899
0
419976
0
69967
0
489928
0
69993
0
769892
769917
0
0
52
0
0
0
0
0
139992
0
139996
489827
745970
419850
69975
699949
12167018
0
0
0
4966937
0
0
139996
280012
349972
0
699993
0
24
0
0
0
1959605
0
0
1119873
139996
209989
382629
0
279988
0
43363539
0
0
18171181
699940
2
629932
0
0
3
0
0
0
0
0
0
0
489973
0
0
0
0
0
0
0
0
279990
209977
769818
0
0
559966
559951
70123
69992
0
0
489936
0
0
139997
69016
279988
0
0
209988
0
0
0
69997
1214376
24
5457215
139996
2
209994
279964
699940
0
0
3
0
139176
0
0
140003
0
0
419779
0
0
139996
0
0
0
4156895
0
0
0
0
0
0
43120
0
4472814
8
0
0
1
0
0
485402
0
70005
0
0
0
279892
0
1399838
279988
139996
0
839952
0
0
139996
209964
0
0
0
0
0
0
0
139996
0
0
0
0
0
0
0
2
0
139994
0
1119890
0
0
0
0
0
139996
279988
0
4898198
0
0
279988
139994
8
0
0
0
0
0
0
0
0
0
0
0
0
0
769933
0
0
220
0
0
0
0
0
839906
0
68589
0
168
139996
139992
0
0
0
0
0
0
209669
427098
0
3
0
69994
559960
0
0
0
139996
1749594
0
0
820
0
0
0
279988
629944
0
0
69997
0
48
279988
0
0
0
979897
559965
0
70009
0
0
0
419970
0
1329688
69989
279968
0
0
0
3219225
0
2939076
0
0
139996
142465
559952
0
0
0
210024
58
177095
0
0
0
0
24
0
0
0
0
0
69994
1469328
0
70029
146
0
419977
0
489980
139996
0
0
190
0
209986
0
0
699940
0
0
0
0
0
0
0
0
559962
0
559934
139996
69978
489990
280022
0
0
0
139996
0
140014
5
0
0
419976
0
0
69998
2
0
279988
279990
2305324
209986
279988
0
0
10
0
279981
139992
139996
419977
0
0
0
419976
139996
0
909818
629918
279988
279990
0
0
0
0
8
0
0
0
0
0
0
0
0
0
0
0
6
139995
6296616
0
0
0
279978
139996
69990
0
0
0
0
0
0
0
421982
560144
0
559974
139996
1
0
139996
0
769897
0
279988
139996
139996
4463
2100119
1189781
209977
0
0
0
0
419934
0
2
0
0
0
1
139996
0
70283
0
0
0
0
0
140005
0
0
139996
0
2
0
139996
909858
0
0
0
0
1679786
0
0
69995
419976
139996
0
139988
979890
69996
2
0
69995
419969
0
139994
139996
139996
0
0
0
0
0
0
699940
0
0
279988
0
139996
3078990
0
69997
0
0
0
769815
69996
0
0
0
0
139994
0
0
21935895
0
66060
0
0
0
909889
139526
279960
80325
839912
0
0
0
0
0
0
0
0
0
24
0
0
69991
0
0
0
0
0
0
0
0
0
0
0
139996
979888
84
0
0
909902
0
0
0
0
0
1049823
349972
0
0
909876
0
139996
1679710
769086
0
279990
699900
69594
419982
0
0
349976
69996
0
139995
193047
559966
0
979890
279988
0
13
419974
279988
139990
0
0
139996
0
699943
0
0
0
0
0
69992
139996
419954
0
0
0
0
9
0
139996
1259680
0
0
0
0
0
0
0
909731
979890
0
139942
0
13148278
69994
344085
139996
0
139996
419976
0
139992
419980
209990
0
0
38
979896
34071538
139996
0
69993
139988
559960
0
139996
139996
0
0
69999
419980
0
139996
114414
0
0
0
279988
279988
349981
0
0
419976
0
0
139996
489965
629663
139906
139996
1048258
81
0
11
0
139996
0
139996
139985
839921
0
0
139996
0
139994
139996
0
0
1
0
12788
0
0
839932
69925
419976
279988
0
839916
0
0
0
419947
419980
419980
559962
0
69904
60139
0
0
0
0
699956
0
0
0
839916
0
0
139996
559960
0
140802
0
0
559918
0
69997
1819682
1189822
45
69990
699960
559960
279984
139996
0
279990
69997
70003
559952
0
0
14
489930
420119
209983
279975
0
139996
69997
279988
0
419974
0
0
0
139996
0
0
2239299
0
279984
769907
0
0
0
419976
0
0
139996
0
27
0
0
0
0
0
0
69997
0
68991
1
0
0
209941
139996
139996
0
0
139996
0
0
699840
2098995
0
0
419947
0
0
0
279988
69935
0
0
0
279988
279988
2
139991
0
4249504
0
0
419979
0
559960
0
69985
0
3
0
50
140000
0
0
0
0
0
0
349978
0
0
0
0
140002
139996
0
9
0
0
1679728
0
0
0
0
0
139995
0
0
0
69996
0
0
69995
4758126
279990
1679511
0
209989
279988
0
0
0
279980
0
0
139996
0
419976
0
0
0
1959650
19
0
0
279973
4199890
1
0
0
419980
0
0
1119890
279988
139996
0
0
0
0
419976
139997
139997
3
3148545
0
1819716
0
620
0
2029481
0
139996
69214
699948
139996
0
0
699952
0
0
839904
0
209955
139996
0
279990
139996
0
0
1811
18942725
0
0
0
699920
279988
3569042
419976
0
69995
1189846
0
186
0
0
0
0
139996
0
0
0
0
0
0
0
0
139996
0
69995
840004
419976
139996
4
0
0
1049280
0
699938
839934
70020
70002
0
0
139996
0
0
139996
0
0
9
0
0
1119870
0
0
139996
0
0
0
7405856
0
139996
559962
1819680
0
0
279988
979892
0
0
279984
0
279988
209986
70212
419966
419980
0
699924
0
839919
0
0
0
139996
419982
279988
140030
0
209986
0
0
0
69997
0
0
279926
0
0
0
419980
0
0
139996
70017
0
0
0
14
0
839916
0
0
0
0
0
979910
0
0
10385
139996
69996
344999
0
699740
0
0
0
0
29
0
0
0
210117
0
0
0
279988
139996
0
0
279980
0
69960
0
0
0
139996
139996
1679738
0
0
0
0
0
0
1539810
139996
0
0
192
0
0
489927
0
1819709
0
0
0
0
0
279988
0
139996
209967
210365
0
0
1
559888
279984
139996
0
0
16
139984
279984
489994
8393179
0
139996
0
1259830
0
0
139996
0
0
0
0
0
0
279988
0
70014
69997
3149194
0
139994
209987
0
0
349897
979912
0
14264290
0
0
139996
0
1119861
140027
0
1679347
0
1609824
13689504
419976
0
0
769885
349968
0
139996
3
1630
0
0
12
419991
13
0
0
0
0
0
0
0
0
1959698
279312
279990
0
0
0
0
349965
0
0
699946
0
139996
0
419980
419970
0
349977
157
140042
279990
0
139996
0
0
0
0
139994
0
0
0
0
0
0
279984
0
0
0
0
0
2239588
0
279988
0
69996
139996
0
0
139996
10351566
209917
0
279988
139996
840035
0
1119880
0
349959
0
419976
0
139996
0
0
22764
0
0
5664875
0
0
140002
769940
139996
0
0
139992
769910
0
2738394
279990
0
1259882
0
0
420164
0
0
0
0
0
0
139996
279988
279990
0
280002
5037066
0
0
2
0
0
0
0
0
139996
0
5597981
0
419970
0
0
559962
0
0
0
0
0
279988
0
0
69930
0
139995
0
909851
1049854
0
0
0
0
0
699940
69995
0
139836
0
139996
0
139996
3977936
0
0
139996
279990
0
0
139996
559958
767028
139996
0
0
0
0
3957634
1119591
0
0
0
559960
139996
560578
0
0
139996
139996
0
2
0
18
0
0
0
2309402
0
279988
0
209994
209982
0
699948
2
0
279944
0
0
0
559968
0
139996
279988
0
699942
75
0
139992
0
0
140090
0
0
0
0
7274617
0
7162
1679768
0
2099522
0
0
0
0
139996
0
0
139996
69996
0
139996
0
0
139996
26
419976
139996
16
279988
176586
979889
139992
559970
2589187
629808
0
0
139992
279990
0
0
839876
0
419976
0
139996
0
0
0
0
0
140182
69997
1443
0
0
0
12
140022
0
3358138
70014
2099218
1533131
8254352
139992
3
0
699930
0
840446
69995
0
37994522
0
209989
0
1539756
0
0
0
279988
0
69997
0
0
0
0
15518356
0
489706
139996
0
140275
0
0
1539760
419980
0
0
0
0
139996
0
139996
0
0
0
0
559966
0
92
0
0
0
0
140020
1469708
0
139938
0
0
0
139996
0
559960
0
0
69997
0
419980
1
2169551
0
0
139996
465894
3498614
0
0
0
698640
0
70009
0
0
559963
0
0
69997
1119845
32
0
0
139996
69930
0
3
0
1259800
0
0
139996
0
0
0
0
0
139989
0
0
559934
0
279986
559960
279990
4126784
0
0
139994
0
0
0
0
0
0
0
0
139996
0
0
139996
0
139996
0
2379516
0
0
0
1051596
0
26
0
0
0
139118
0
0
210049
0
1951103
0
0
3079258
70031
8196311
979910
0
1729369
2379083
0
140431
0
0
0
1758559
139996
1259866
79282
0
0
0
0
279988
279988
0
69993
909596
0
2
0
2659362
0
139996
0
0
419980
135
70002
0
0
139999
0
1889335
0
0
0
0
0
1399797
0
419976
0
0
0
0
559960
0
960876
0
0
0
0
0
0
12617
419974
559966
0
139994
489791
12
0
0
139996
0
0
0
0
0
0
559966
0
421194
209994
139996
559966
559960
73217
0
279990
0
0
0
69991
839930
70041
0
139996
0
279984
69997
0
0
419970
0
559960
70003
0
0
0
139996
139984
139996
0
5
69989
0
839916
139978
69866
0
0
0
0
0
1819636
0
139992
0
0
0
139996
0
0
0
0
0
559960
139996
559960
140003
419976
0
0
139996
7829234
0
0
349969
139996
0
58503
1416
23
419980
0
0
0
0
69996
0
139996
279988
0
0
69997
0
139996
0
0
0
0
0
0
0
0
69996
629392
769663
0
489433
69997
0
279988
4
5037368
559703
0
139996
5849033
0
0
1679770
0
560030
0
69974
139992
32
70001
209880
168
139992
1
419976
2728427
0
0
0
69996
0
0
55500
121
0
18223787
139996
0
0
0
139996
139996
0
0
0
0
0
0
0
0
69997
0
209920
139990
0
54
0
0
0
279986
0
419947
0
279990
0
0
349949
0
0
0
3293
1539692
0
7659
699941
0
0
139996
279988
139992
0
0
0
139992
0
139996
3
139996
839932
0
0
69991
85951
139990
0
0
0
839916
489964
0
0
1
0
0
0
0
0
139914
0
139996
208
0
0
0
349812
279988
1539736
0
0
0
0
0
0
1119859
279982
139996
0
559960
0
0
0
0
839922
0
279988
69997
140005
0
24
0
2062434
0
0
1119870
203914
0
0
0
0
279990
0
279988
0
0
0
0
279991
0
139996
0
699948
209944
0
0
0
0
0
0
0
139996
5035859
0
559960
0
0
699950
0
139996
12
0
0
0
0
0
0
5850
832276
0
0
0
139996
0
210053
1820600
0
0
0
1259836
139994
0
0
0
139996
0
0
0
0
1170
0
419980
0
140132
9
769854
0
139992
0
0
0
0
0
0
1
0
0
2939069
71550
58
979904
0
71629
2
58
139996
0
0
279982
70001
0
139996
209989
139996
0
1259872
0
0
419976
1539723
2169217
279990
139996
489962
769911
0
279990
279976
0
419976
2379095
559960
0
279988
139996
0
0
139996
0
139996
69997
0
0
2869776
23
0
0
0
0
69999
0
279988
279990
279976
0
0
419976
0
251858
0
0
0
0
274954
0
979836
138887
0
0
0
2
0
0
0
0
69902
139996
0
139988
139994
209667
0
69991
419976
8
69991
2449385
4
0
0
0
139988
0
0
909868
559960
0
214118
0
0
489961
139996
699940
0
0
69973
0
560266
139996
279986
0
132753
1189902
69613
0
0
69996
69996
2
139996
5647743
0
11
0
419995
0
0
0
280092
0
0
69999
0
0
0
1119898
0
0
0
839916
0
139996
17
0
1469813
0
0
0
139996
0
139996
70001
0
139996
279988
0
0
0
0
0
0
69980
0
210041
0
139996
0
279988
139996
0
69996
71636
584
81184
2
0
1680901
0
69985
0
0
0
139994
139996
5737190
209989
0
0
158
0
699944
0
140245
559968
139996
0
0
0
0
810
0
0
0
0
22696757
0
0
0
0
0
0
139994
0
279988
0
0
0
1259848
140090
1959606
0
0
0
6156558
0
839922
279984
4478503
0
0
10762352
0
0
559960
140072
9510754
0
0
1
3138441
0
0
3147763
280030
0
3090
69813
0
0
0
0
0
139996
0
0
279990
32
0
0
559961
2
0
0
139996
0
69996
0
70000
0
0
1469784
0
0
0
0
69996
69994
0
69995
0
0
0
0
1119880
0
0
2545334
0
0
456229
0
279988
0
0
279259
279988
0
15
0
360999
0
0
0
0
8
699870
139978
1118493
78
139996
139993
0
279960
839936
0
0
3
0
279990
0
559958
0
139996
0
139996
0
0
0
0
279988
3916930
1399767
0
139996
0
70008
0
1119891
0
0
0
0
1679710
1259850
0
139992
69997
699956
0
69995
0
0
70015
50824
0
0
0
0
279988
0
839916
0
374
0
87
0
0
0
279990
209973
349516
0
0
69988
909819
0
0
0
419905
1049865
139996
0
0
279988
69996
139996
0
0
420024
0
69987
42
0
0
0
0
0
139996
349945
0
141016
0
0
0
139996
139987
279988
139996
0
0
0
279990
0
0
560085
25
5
0
52232
0
279988
0
19290598
0
410
0
0
139996
0
139996
699933
0
0
139994
1819746
0
70288
839906
0
0
0
419980
0
0
489932
0
0
279988
699952
0
139994
0
0
139996
1679690
0
0
0
0
6
279988
0
0
209986
279979
0
0
12862480
0
279988
69996
0
4
139996
0
139996
0
418986
139996
279988
0
0
0
0
0
0
0
0
347709
0
0
628231
0
20715
0
0
279962
0
0
0
0
0
0
0
279988
139996
0
0
70196
0
0
0
1679705
419979
559912
419976
0
279990
139993
0
0
279957
0
79758
209992
0
139996
38
0
69997
0
18073656
0
69997
1119856
139996
10
2
0
0
69995
1117132
0
0
0
489937
0
0
0
0
0
419982
139998
8602470
1259875
139996
140000
69992
0
0
486871
279990
69995
985448
2
0
0
0
279988
1535620
1609440
0
0
0
0
69995
0
139995
0
0
279990
0
0
139996
0
0
909891
140000
139984
0
0
0
296170
139996
279973
0
0
0
0
0
69996
209958
0
69997
4267162
139964
69997
0
0
0
699940
0
629855
0
0
0
0
0
0
0
279980
1539774
139994
2798211
0
0
0
0
139996
0
0
0
0
0
0
4408244
69992
0
139996
0
210028
0
0
139996
348779
279990
0
69997
0
279990
0
0
139994
0
0
0
0
559960
69995
0
35
139996
0
140238
69996
0
0
0
3
139992
50
0
139994
0
0
0
69995
0
0
0
139996
139992
0
1259830
349950
0
162075
279988
0
0
139996
139996
0
0
0
0
1679688
139992
2234197
0
559964
0
279982
0
69996
0
419980
0
0
0
419976
0
419980
69997
0
0
139988
0
69988
909782
0
9054531
0
69997
979725
0
1399754
1118409
0
209999
0
0
0
139996
419976
559960
0
0
24084987
0
0
0
69997
0
11
139996
27554
0
69997
0
0
487971
419971
0
0
0
0
912151
0
5
0
0
0
69990
0
488784
1
0
4
0
0
0
0
0
139996
0
69939
70571
139996
289119
0
139996
0
0
699946
0
1119870
0
0
0
0
279712
0
342
0
0
140368
0
69996
209989
69995
4338412
1
0
0
0
0
0
0
2519316
0
0
69892
139994
0
0
0
0
0
13003010
279988
279990
0
139996
0
700088
0
4338450
0
0
209989
0
0
0
0
0
0
139996
3
139996
0
347846
209988
132
0
0
0
139988
0
0
0
769898
139994
0
3
0
69979
12
69995
29
24
0
979920
0
0
0
0
0
0
0
0
0
0
8
279988
0
0
6786631
69984
0
0
0
419980
559960
0
3
139996
559963
0
0
559960
591
75335223
139872
0
279988
139996
4
419976
140942
0
279960
8
0
0
124
0
69997
0
699828
0
279988
0
0
0
0
279988
419974
0
69995
0
0
0
0
699940
139996
69950
699949
0
559960
0
209958
0
0
69997
16208566
279988
0
1
0
420072
279984
0
0
69995
0
0
0
0
69990
0
0
1049825
0
0
0
69996
0
419980
0
0
560880
0
0
699940
0
0
769855
559944
0
279988
69724
0
0
1259820
1119868
0
0
0
139996
0
0
0
839926
1469211
0
0
699940
0
489950
0
0
0
228
0
0
909673
0
210290
279990
0
279988
419976
0
0
0
559966
0
2519860
699936
1820188
139996
3638985
0
0
0
0
0
0
0
139996
279988
139944
0
209989
0
0
279988
419976
0
0
0
69952
0
0
349960
0
0
139996
4408388
0
0
279988
0
0
279988
0
69796
209989
0
139996
0
7
0
140003
2659255
0
118918
0
69947
0
279988
0
0
139996
0
0
0
0
0
139996
0
69997
0
0
0
0
0
69997
279988
0
419976
209976
0
0
0
699949
0
9
2939190
284763
29053437
1960029
0
349977
279998
69991
0
0
419980
42
139996
0
0
0
2799216
4
699932
0
3219270
279992
112
0
0
419970
0
139996
337
0
0
0
419980
139996
0
8
0
209989
0
0
0
0
70002
349968
0
0
0
69997
0
349971
1539736
0
69994
0
1119856
0
559968
0
0
70028
0
139996
69996
0
0
0
29
0
0
0
0
0
1609603
0
2304730
0
0
279988
0
0
0
139980
0
0
139999
0
139996
139980
0
279990
0
699940
139996
0
0
0
139996
0
0
0
489897
0
419976
0
139996
0
0
139996
0
1
0
0
139996
7
0
69997
0
139992
1959434
0
0
0
0
0
0
0
419976
419976
699952
179
157
139996
0
0
426717
234
139996
0
0
279990
1470
2
0
349974
0
0
0
0
279990
210277
140824
0
0
0
0
139996
0
0
7
0
0
69995
0
0
0
0
0
0
139996
50
349972
67
0
0
10
139996
0
0
0
279990
7
139996
69981
489909
0
1889514
0
69991
0
279992
0
69996
0
1959868
0
0
279990
139992
0
559966
0
209986
0
0
0
0
139972
419981
0
279990
559960
0
139994
209979
139999
279990
0
279984
0
0
139992
0
60530
0
70227
0
2519340
0
279981
0
560103
0
2449409
0
0
0
0
209985
0
279988
0
0
0
0
0
56341
140134
0
0
0
0
69996
0
279988
139996
139996
0
0
279990
0
140026
139996
0
3201
0
1329700
3
0
0
0
419976
112
0
1
3219106
0
0
139992
0
0
1539822
0
0
37
0
139996
0
0
349971
559968
419952
1
699952
0
279988
0
0
26
279988
0
419980
0
0
0
0
0
0
139996
0
0
0
139992
279988
0
0
0
0
209983
0
0
0
279988
0
699932
0
419976
0
69993
16
419980
279982
419976
0
209986
0
139996
280012
0
0
0
279988
139996
559970
1259856
0
209952
279988
0
419976
69518
279988
11
0
70035
0
0
839918
979898
30
0
0
0
0
0
279988
2025172
0
1189623
279990
0
0
184061
0
0
0
0
69997
139996
0
0
420383
0
0
0
69995
279988
10128129
0
139996
1399823
0
559966
0
699948
0
699954
419976
209979
139994
279988
0
0
0
139996
0
0
0
0
0
139996
279988
279972
139996
1399838
0
3288895
0
141522
839887
0
0
2
0
7
0
0
979891
1
139996
0
0
139996
279988
0
0
0
0
2519406
69997
0
0
0
0
70252
0
0
69997
0
0
0
139996
0
979486
209989
0
0
0
419980
0
0
419991
0
0
279988
0
0
0
699878
279988
0
0
69985
0
1589831
0
0
559960
0
139996
839926
0
0
139996
0
0
0
0
1819728
1819501
0
0
0
0
0
420902
0
3079073
0
0
0
0
0
279988
0
0
0
279984
0
0
1889645
69995
0
279990
0
0
0
279988
8
0
1259399
0
279984
0
0
139996
279974
0
209989
209863
559966
0
0
0
0
0
279988
0
0
0
139996
0
0
0
0
139994
2659032
0
0
0
0
0
139996
979040
69997
139996
0
559960
20
0
0
209880
1843316
0
4828098
0
419910
349985
0
427689
0
140127
0
69997
27237044
0
0
114
139996
0
0
0
0
0
699940
0
699947
69963
0
0
0
2799304
559805
1399674
0
70248
0
0
139996
0
139996
139996
489969
140010
0
419980
69996
139996
0
139984
0
0
0
4
0
279988
139988
139996
139996
0
279988
839916
139926
0
139996
0
0
8044907
209711
139990
0
0
0
0
0
55
0
1411425
0
280006
0
0
0
53655620
12
0
0
0
0
69995
2143700
0
0
0
0
279988
0
0
0
126
140247
69976
4
139996
489949
0
350150
139909
1189871
0
0
0
0
0
0
699940
0
2799204
419980
0
0
0
209991
0
0
979888
0
419976
559966
139996
279988
0
139987
0
279829
1399826
139996
12918
0
0
0
3
0
0
0
0
0
0
0
1
979914
1
0
0
0
69993
139996
1819581
979593
0
0
0
0
0
0
209971
489878
0
2024107
139996
279988
0
0
0
0
0
0
0
0
0
139956
1740
0
0
769917
279988
69997
489949
0
69997
16
350030
0
139994
3
0
0
0
0
0
161852
0
279976
70
4
69997
0
84035966
2449312
279976
0
0
419970
139996
54
0
69989
0
559961
0
0
139996
139996
1119880
0
69982
699930
139996
0
0
69995
139996
0
0
0
3
2379552
22
0
139989
20
0
0
279988
0
0
0
279988
490072
0
0
139996
0
139996
0
0
0
69997
0
139998
2309309
839920
139996
0
0
280116
7
69991
0
5323939
0
139996
1539771
0
209302
0
1119856
699940
0
419922
10087488
0
1189804
139996
0
69996
0
627
0
0
0
0
0
0
0
0
0
0
139996
349625
0
559961
157923
139996
69934
140176
419972
0
0
139996
0
139996
0
0
419903
419976
0
0
0
0
209985
279988
0
0
0
277960
0
0
1539765
3
2
0
0
0
419976
0
0
699860
0
0
0
0
139996
139996
0
0
0
0
769887
0
0
0
0
0
0
419958
0
279988
26
0
839916
0
0
0
419976
139996
2239600
0
0
333
770897
0
0
0
69997
0
139996
0
279990
419976
0
57346866
70048
139868
0
559966
979888
139994
209933
0
139996
0
0
419976
2379493
419978
139992
231
561
0
0
0
69996
279988
0
0
0
0
139996
234804
0
489930
0
0
1900138
0
0
839932
0
0
0
0
2781976
0
769791
0
139996
0
0
0
699940
0
0
15422905
73
0
0
0
0
139996
69946
0
139996
0
0
489955
0
1119898
15
0
349967
69997
0
0
1399822
0
165374
3638748
0
2307702
1539798
209989
419943
0
139996
139942
349979
1749701
0
0
0
0
0
0
279990
0
1329816
279988
139996
0
0
139995
0
0
0
0
0
140438
0
0
279990
3498838
0
86
419947
139996
0
279990
0
0
0
0
1782847
0
0
279985
438046950
1232
0
69996
0
0
0
69991
139996
0
0
0
0
0
0
280598
0
30
0
0
0
14778702
0
0
69921
700004
279994
139996
0
0
0
0
0
279988
0
139996
419878
0
0
0
0
0
0
0
0
559952
0
279991
0
419932
0
0
840216
139996
279988
0
2
1049803
139996
139996
979908
419976
0
419980
0
419937
419976
0
699920
0
0
1157
0
0
0
0
0
0
0
209993
279984
0
280110
2659308
0
0
0
0
69964
0
279988
279988
69981
0
419969
1
0
559961
350377
0
700322
0
699949
210129
139996
0
69997
279988
1049887
0
0
279964
0
0
0
0
0
0
0
0
139998
0
79
0
139996
209970
0
0
279988
69996
0
279988
0
70003
1119890
61915
0
0
279988
0
11886389
139996
769929
0
14316381
0
0
0
0
210070
53061
28220047
0
0
559941
0
64
0
0
0
5109923
0
15
279980
0
139995
0
139996
0
16
0
0
0
2169613
0
0
0
0
0
1399838
69996
0
279990
419976
139996
0
0
139994
139996
0
559961
0
139670
0
70655
0
349981
0
22438190
0
0
0
0
0
419978
139996
139996
139996
0
69996
139996
0
0
0
69997
629952
69997
0
979908
0
139996
3568223
0
0
1
139978
69991
209979
0
0
69997
0
0
0
0
2
0
69995
0
0
0
192
0
0
1819660
839920
54
0
559960
283081
0
0
139996
0
0
0
0
139996
0
1
0
1679686
2099336
0
139996
0
1120266
139996
0
87
0
69988
5247006
139992
0
71058
279990
0
0
0
0
0
139996
1
909500
979908
0
69996
334180
0
559992
279990
139996
839929
559960
279990
4
0
909829
1259830
0
0
279985
0
310
0
0
0
0
699924
139996
0
3638806
0
0
69117
0
0
70167
10136690
3288816
0
0
0
6630291
839885
0
10
699942
1609689
0
0
0
284562
139996
141097
0
0
0
0
0
54
1819719
349968
1463536
139996
70021
140092
0
0
0
1959627
1119880
139990
3428824
0
0
0
0
279984
139996
0
0
69991
279990
139995
139990
0
0
0
0
0
2515
0
0
0
0
139996
559960
0
0
0
0
139995
71428
0
0
0
0
139994
1399784
2463151
0
0
0
559962
69996
0
0
279990
2
419976
0
279990
235386
0
10389815
1259872
209970
0
139996
0
0
139996
0
209975
0
419694
279988
0
0
0
0
139996
1259577
139996
0
99183
1
0
69912
1649664
139996
5665128
139996
0
0
139996
1
2238543
69996
0
0
279990
559968
139996
139996
0
82605
0
0
0
349975
2752
0
139996
139994
3918376
0
0
4
139996
0
0
0
0
0
0
229331
0
139996
0
0
1259870
0
0
0
0
0
419980
0
0
279988
0
419976
0
0
0
419976
0
8669329
69997
0
0
561956
0
0
699940
0
0
0
1119894
0
0
0
840862
209986
0
0
0
0
0
280618
0
0
0
279990
0
0
0
839879
8
0
0
0
0
349926
953176
0
279988
0
979893
0
0
139996
0
0
2521854
0
979851
0
0
0
1399760
0
0
419978
69985
139996
50
139996
0
0
0
279986
0
839916
0
0
0
0
0
419861
69997
0
0
2
0
0
0
0
0
230
209982
139338
0
2099548
0
0
139996
40484
419973
0
0
69980
0
0
69997
0
488508
0
0
0
0
139996
0
139996
0
1
69739
0
0
0
0
419976
0
279988
0
0
1119880
0
69991
0
0
279990
139996
139996
70007
0
0
0
47
699948
0
139996
0
0
0
139996
0
139996
12424
0
0
15
0
8255234
349939
0
69994
0
0
559949
0
0
139996
974
69997
0
0
0
139996
139996
69997
139996
2
139989
62045
0
0
69995
0
209985
139988
0
0
0
0
1609739
0
0
0
0
0
0
0
0
0
0
0
0
71914
0
0
0
139996
0
279988
0
0
0
0
419976
70005
279990
0
0
0
0
118878
139996
0
0
0
0
349976
0
139996
0
0
0
419980
0
0
0
0
0
0
139994
0
210163
0
0
69988
1476367
0
69984
69997
0
139996
0
1189849
0
0
629587
0
0
0
0
419976
69997
279988
280390
0
979909
0
139722
4407539
0
139992
0
279988
139924
1329056
0
1399780
0
0
0
0
139996
419958
699942
15
0
0
554052
0
0
0
0
0
0
0
279990
0
0
419980
0
70029
699948
0
0
839932
0
0
0
209981
0
1119890
10
0
0
0
0
69995
0
0
0
0
420107
0
142186
0
139994
699948
2640736
279982
0
1539730
769929
279985
839910
3007315
0
0
139874
209970
24
139996
0
0
559960
0
0
69951
0
58318
0
0
0
2379513
0
349115
0
13
279838
0
0
11608716
0
141024
0
0
0
139996
69996
0
279986
805716
0
3
0
0
139996
30
0
0
0
0
0
0
0
139996
419980
209989
0
139996
0
69965
139996
139996
3845332
2
0
0
0
279988
11679030
0
0
0
11039
279988
2390377
0
0
0
209976
0
0
0
0
0
0
0
0
279988
139996
0
0
209992
0
0
0
0
139996
0
419944
0
0
3079061
70011
769819
0
1
0
0
1450
1
0
0
0
0
0
0
769933
0
140028
0
68496
209989
139996
69999
139996
0
0
0
0
0
0
0
419970
69997
0
0
0
0
0
481
22
0
0
32
279976
0
0
0
0
279988
0
0
316
0
0
0
0
53403
0
0
0
0
139996
1468623
0
0
0
0
139996
349445
279990
69997
279984
0
139996
0
139988
0
349990
1819103
1
0
0
4198540
210001
2588227
0
0
139996
69996
419980
139995
139996
1679688
0
0
839828
10979117
139996
0
0
279988
489960
1049865
3
1259783
0
0
0
0
0
629937
0
0
279988
0
0
839934
0
0
0
0
22
0
10710
139996
0
0
0
323
0
0
0
279990
0
559847
0
419944
0
0
279988
139994
139996
139996
139996
139996
0
0
0
69996
3358952
0
139996
0
0
0
1679740
0
0
0
70016
0
0
524866
0
279984
5692045
139996
559860
70000
69997
0
279993
0
110
0
69985
0
0
0
139982
279988
8817936
139997
0
7064788
140119
1539792
0
209989
0
139996
0
489957
0
4540171
279988
139996
4969922
26
0
139996
0
0
0
0
0
699952
139996
279988
1679704
559960
0
139996
0
0
279287
0
419976
0
0
0
12588128
0
0
0
0
489947
0
139996
0
0
279990
629947
280131
699922
2659286
419976
0
209992
559960
69999
0
0
0
0
0
139996
0
0
0
419980
0
419980
0
139996
0
419722
0
279988
0
0
419962
1889479
489693
0
0
0
0
0
0
3079326
140033
70069
5037683
0
6538
0
1819714
1539772
139996
0
69904
1608178
139994
0
279988
139866
1536128
1049884
0
209979
0
0
0
909805
0
279988
0
69971
0
0
699940
279988
1399781
69997
0
0
0
1
0
0
699948
8179257
0
0
419976
139996
279988
0
70860
839934
0
0
2589335
139996
279990
69977
1
0
0
0
769932
4338430
559972
0
0
0
0
0
0
0
699930
0
0
17062022
279882
139996
69979
1469318
69996
419976
0
0
419964
209952
1819636
0
0
2
0
0
139996
0
139996
0
0
419934
0
139988
139996
0
0
0
139996
699944
139996
139996
0
0
1968601
0
139996
0
139996
2449390
0
0
979898
0
4897612
0
0
839920
69978
0
0
0
0
0
69998
0
139996
559942
0
139996
0
419976
0
0
419980
559960
0
0
4546993
1259848
209988
5107712
279988
1119878
0
0
0
210005
0
0
0
559804
0
0
0
699836
0
0
0
0
0
40
0
0
0
0
139996
559952
0
69994
0
279988
839916
0
13
0
8
0
0
70027
0
0
0
0
10186536
0
71973
0
139996
0
0
0
0
0
2379577
0
559966
6995436
139996
1
0
4968168
139996
0
279988
69993
2
0
0
0
142748
210073
0
139994
979877
8672253
280002
209988
279988
0
0
0
0
1539362
0
0
0
0
5876517
0
0
0
0
0
12
0
57
139984
139994
1189845
0
280022
0
0
559966
0
0
0
0
139996
0
0
0
0
0
559962
349950
1119858
0
279916
0
0
0
0
0
839906
1247946
139996
1119870
2
419976
0
0
139996
1960803
0
139996
0
0
0
0
0
0
0
0
0
139996
559960
0
0
69997
0
6
0
69853
4204310
0
2239617
279988
0
0
419980
273
139996
489831
0
2551
226895
210007
139996
0
0
0
0
353854
139996
0
70009
0
279988
0
139996
209975
2099579
3
139992
139992
419976
0
0
69997
9789920
0
0
0
0
0
0
209497
0
0
0
0
139996
2
139996
2939105
139996
0
0
0
279990
139996
1259835
420036
139996
0
69429
1119892
2460
0
0
0
0
559960
279988
0
4758044
0
0
69988
0
0
0
0
559995
139996
279988
419946
0
559952
0
69983
1119888
139996
0
1119912
0
139996
979888
559960
559960
0
7204438
0
0
0
4
629787
0
0
839970
4128118
0
559966
0
0
139996
0
1119875
139996
0
67
0
419980
69989
0
209986
0
217
1259874
0
18025538
0
0
139996
840100
0
489965
139994
0
139996
0
0
0
139996
53
699932
0
69995
839852
139982
0
0
0
0
0
139996
0
1539756
0
34
0
139996
3
139996
0
0
69925
0
0
430401
139994
69936
0
0
279988
0
139996
1679467
139993
0
0
0
2
139996
0
0
0
139988
279870
0
769945
0
139996
0
0
0
1399815
0
0
3079084
139994
0
0
140001
0
2
139996
0
0
209895
0
0
0
419976
489368
69997
0
18456066
0
279972
0
139996
0
0
70125
0
0
209988
0
0
0
0
0
0
0
769935
0
139989
0
839964
279976
279984
0
1049975
0
0
140839
419980
209989
0
0
139996
0
279988
0
70078
0
559968
0
0
0
0
139994
559952
0
349945
346429
0
0
279990
2
139928
0
69997
0
1
69996
0
419980
139996
69996
279988
0
420133
0
139996
0
419964
0
209985
279988
0
1
0
0
0
419976
10627898
24
0
0
419976
0
2
839930
0
138945
3
559948
139996
0
0
559443
139996
1259844
0
0
0
0
139996
0
2098515
0
0
726333
0
0
8
0
280136
489958
279988
139996
559958
32005
0
0
0
0
1032148
0
0
2167269
20399762
2377532
3
0
20121410
0
200
0
1119896
0
279948
0
69997
279990
0
0
0
0
0
0
279966
3984
0
0
0
282244
1469703
279982
11609039
0
0
140004
0
0
0
699946
419980
0
769938
280069
0
139996
0
979860
279988
139996
0
0
559966
0
0
69994
0
0
140889
0
6015792
139996
559966
139994
0
0
0
0
139996
699940
0
630066
0
0
0
0
2239076
279988
0
0
0
489937
3
209985
0
0
1189830
0
279958
279984
4058026
362044
7442927
419976
139996
979900
0
769703
559970
0
1679772
0
139990
0
209958
0
69990
9
279975
0
139996
699948
839760
279976
8488106
0
419976
4
69968
139996
559942
0
0
419976
0
0
0
419974
0
139994
0
279988
209964
0
0
279990
0
671662
139999
279988
0
0
209989
0
139996
0
9
0
139996
0
15
2099548
0
139996
0
8603236
0
0
0
0
4
0
0
3096387
69989
559960
0
0
280036
0
0
69995
0
0
139996
139996
0
0
139996
0
0
279995
0
559960
1679688
279990
139996
0
199176575
0
279988
0
0
0
0
139996
0
0
0
0
69991
139996
0
279988
0
0
0
0
139996
139996
0
0
209999
140019
0
1192530
0
0
0
1399822
489957
279976
279988
0
140000
139990
0
0
0
0
0
11
1
0
419980
0
419976
0
69997
0
139996
70006
6
6156807
0
0
0
0
0
69995
0
139997
139996
419980
279988
0
419982
0
0
69242
0
139996
0
0
0
69990
279988
69996
139996
0
0
0
69943
279990
56318
559745
0
0
0
139996
209833
0
3079138
419976
139996
0
0
0
279990
567568
839916
0
69997
419976
0
0
0
139997
0
0
0
0
139996
139996
630576
0
139996
0
1190297
69996
139996
0
0
28
0
0
279990
279968
0
0
0
0
0
4478166
0
0
139996
0
0
839915
1819229
0
0
279982
0
4197548
0
0
279988
0
0
2238982
139996
1399834
0
0
156
0
0
279990
0
0
0
4827935
1259798
0
69976
559966
839894
1189724
1
0
419934
0
0
279986
0
0
139996
0
0
0
210011
279988
2096967
0
0
69960
0
4546987
697626
1958204
0
0
0
874
0
0
0
279990
0
279990
419976
349960
139980
0
0
139996
0
8
0
71821
0
0
0
0
0
13831
69997
419976
0
1749389
279988
69887
1
0
3
0
27
0
909875
0
0
69996
69988
1259503
0
0
1406
2
0
1120324
0
349950
0
69996
0
0
0
0
27454347
308
0
139996
139996
0
139993
0
4514622
0
1679706
2798965
69998
82
0
0
1679722
1539714
349932
279984
1259802
0
0
2168915
0
0
139996
0
0
19
0
1259824
279988
0
629925
0
0
139880
0
16633484
0
0
139996
0
69444
6297251
209979
467383
0
279990
350155
279961
839917
209983
0
0
0
2379486
10
0
0
0
0
0
139996
20
419980
190
279988
0
0
69958
57294
2519360
0
630277
69004
0
839926
4
0
0
349951
139996
0
0
0
139996
3638736
0
12308186
2
0
0
0
140030
279950
0
0
0
1539715
0
209942
279990
0
542073
139996
69992
0
29
59068
209938
0
279988
0
0
1399729
71
0
559944
0
352475
0
0
140028
699944
1399628
0
978343
0
0
0
0
0
139996
0
70054
0
2256
0
5
0
0
139976
0
0
0
1189810
0
279988
0
139996
7
209979
279990
279988
0
769940
41427
0
1399780
0
139996
0
3918754
0
279971
0
0
0
0
0
839916
19165398
0
69980
0
69984
419976
69997
0
124
209994
769807
0
279988
69996
139996
0
4
2379476
349975
0
139996
559966
0
1679728
0
0
0
0
0
0
0
7903615
0
0
0
0
0
0
1259860
280012
0
0
0
419980
0
699940
0
139996
84
139996
0
0
0
6
0
0
419964
0
560301
0
139996
0
0
0
0
68
0
139996
0
139990
0
0
139996
0
279990
0
1679564
0
139996
4128285
0
0
0
139996
0
0
250
0
0
0
419980
139992
0
909819
6996250
279988
0
139996
0
0
0
139996
0
0
139985
0
419980
1251
35
139996
761321
69997
69995
0
0
69997
0
209983
0
279988
0
0
0
279988
209955
70003
0
0
0
70054
0
0
0
0
139996
0
0
12
0
1580539
0
699920
0
139994
0
209989
8019076
139996
0
0
0
139972
0
0
0
0
139991
69975
346117
0
0
419970
0
979903
0
0
0
139996
0
0
3427207
279988
139996
1
0
0
0
12
4897591
70004
6
1049419
629975
419968
139996
4
0
0
0
139996
21909
0
0
0
69993
0
0
0
0
0
559968
0
0
0
139992
1679728
69994
0
0
139996
699940
0
0
2169386
0
0
139996
70006
419976
0
0
0
0
0
0
0
0
341734
37131820
2519490
0
419821
0
45
0
472
0
0
69994
0
699940
0
21403924
2519452
69997
0
0
70056
0
0
0
0
0
0
0
0
0
0
451
0
2239602
139996
0
0
62243
0
0
0
15751995
209990
0
70001
0
419980
1119880
3918650
559972
419864
0
559966
1124049
636881
0
279957
559966
279988
0
79
309
0
0
139996
0
489963
279988
0
0
234
0
980799
20
139992
1465143
69997
0
559932
0
0
979669
16
979043
0
0
0
279986
139996
0
0
0
279988
0
1679772
0
0
70049
147856
419976
559960
279988
0
0
0
279988
279990
0
0
139994
0
0
0
279988
139996
140002
629915
139864
142472
419976
2519428
979920
0
0
38
0
0
0
69992
0
0
69997
139996
1678
0
0
17
0
0
69959
0
0
0
279990
71778
0
209989
0
0
0
69980
0
139996
0
0
0
769340
139996
0
0
0
0
279990
2799328
0
139996
59596
279988
0
0
0
40
139996
0
442250
0
0
0
0
139988
279982
69996
0
0
139996
419980
279990
0
0
139996
0
411
0
0
0
0
7897535
0
69989
279989
0
279988
0
419977
559960
0
0
0
0
279988
3
6
209917
0
0
0
559968
0
279988
0
38872497
630007
0
0
0
0
279988
0
279988
0
279990
2
0
419976
139996
559970
0
0
0
139996
0
0
139996
20
0
0
140024
279988
0
0
0
0
209985
0
0
1
0
0
69984
1819686
0
0
39
139996
0
0
0
3181
0
419927
0
0
0
0
419976
0
0
0
0
0
0
0
0
139996
0
69997
1399802
139996
0
419966
0
0
0
0
47
69995
0
699835
0
140015
0
909894
279988
69981
0
0
141189
0
139996
0
0
1679763
139996
0
0
0
0
586640
4
0
0
0
0
69993
0
139996
1749513
0
0
562
0
139996
0
629939
0
0
0
769648
699874
139994
0
0
0
0
139996
0
62
0
9
0
0
209989
0
0
0
0
0
2
139996
69995
0
1329800
0
826
0
69797
419971
69996
419976
0
27799541
0
0
0
279813
0
0
0
140038
0
279988
558950
139996
629932
0
0
0
0
0
11
489755
0
0
0
139996
699940
69997
0
70121
0
0
0
0
0
279992
0
209989
0
0
279994
0
170
0
0
0
0
209659
279988
6
0
0
139996
1
419982
0
0
139996
0
179259
0
139996
139996
0
0
0
0
279988
349989
0
0
0
279988
0
0
419976
0
0
0
207763
139996
0
4
0
139996
139974
0
0
0
69989
71740
139996
419980
4198199
0
0
0
69998
139991
32
0
0
31
139996
139996
139994
22
0
419976
0
0
139996
0
139996
139996
0
0
0
0
69995
0
139996
0
419976
0
559966
0
139996
0
0
0
0
0
0
0
10632066
0
0
0
0
1399812
0
1679542
0
0
34119
0
0
279972
0
0
0
88358
0
29
139989
6
840524
0
0
0
279990
2738232
0
1049874
559913
699504
0
0
349965
139996
0
0
1259832
1
2099548
2097635
0
0
0
1119872
23
4198144
0
139996
52
0
0
0
419980
0
3498966
14
0
0
1470149
0
0
2
209989
139996
3988478
0
0
69990
0
0
0
0
0
4967781
0
0
0
0
0
0
0
5037822
139996
0
0
0
699930
0
0
0
419971
0
1259864
0
0
0
0
209975
2865956
0
0
139996
0
0
0
0
69996
2
0
0
0
0
559966
1889531
139992
0
139996
0
69990
0
18444888
0
0
0
0
139992
0
70024
0
839916
0
139996
0
0
0
0
419976
69948
69997
419976
139996
69996
0
0
0
279987
0
0
0
139992
1819724
0
0
139987
139996
70971
0
6296922
419980
139996
0
139996
4
0
139996
0
0
0
0
0
559966
4058701
70051
0
0
0
0
209992
559960
419970
139996
139996
13
0
209976
489882
0
0
0
0
0
0
0
10548937
559957
210031
0
0
139996
0
139992
139996
69996
139994
70047
0
0
0
0
69997
279988
0
0
139996
0
70000
0
0
279988
0
139994
0
559956
0
419980
0
1749634
699946
0
0
1819672
0
5
0
139996
0
0
0
0
0
3
0
419974
0
2121864
0
350170
8114796
279988
139996
0
0
559958
279978
0
0
139923
0
0
419976
4391025
0
1259876
69999
0
139996
14246843
0
0
0
0
139996
699948
419984
279988
419976
0
0
419980
1
139870
0
0
0
139996
279988
279900
210053
1539784
0
2
5
279988
0
0
979888
0
627663
15
176049
0
139994
139994
0
0
419986
69989
2729046
0
0
0
839926
349971
0
139996
419990
0
629891
0
845442
279988
0
0
139996
7795
0
0
0
0
0
0
0
69999
1084249
69998
0
69997
0
0
0
139990
0
1
0
0
1259852
44
0
0
0
419976
0
0
0
0
0
0
0
69997
0
0
139996
0
139996
0
0
0
0
0
0
5
279988
559880
4899600
139996
139996
209988
279988
0
69997
0
139994
3148820
769945
140018
139992
139996
419934
0
1399874
350038
2099070
0
629911
0
0
139995
0
4
139996
0
280082
0
0
69997
0
0
0
0
0
0
0
318701
279976
839916
0
3
0
0
279990
0
25587372
0
559960
3149090
0
0
978329
0
14123242
139996
139996
279988
0
559970
0
0
139996
0
979888
0
0
0
0
419980
209993
0
139996
0
2169464
0
0
4268408
139994
0
139996
139996
419972
0
139996
0
0
0
6957042
0
139996
0
0
209988
2449054
0
4
0
3003554
273509
699952
419981
0
279985
0
279990
16486467
0
279988
0
839916
139940
138726
139990
0
0
0
10
139996
1889802
0
0
209985
0
0
5657479
59040
0
69999
0
699952
0
0
0
0
0
699948
72389
2662141
0
419976
419976
0
0
0
0
0
0
1
0
0
1821320
0
699956
3778488
56159
0
0
0
0
139996
139996
0
0
69996
0
0
344791
0
0
6752
0
419974
210029
0
0
0
279990
0
139996
69996
0
0
0
69997
0
0
69995
0
489787
279988
0
0
1189780
0
769813
559960
139994
0
0
139993
0
839916
0
0
0
4137204
51180007
0
350047
1196883
1
0
0
0
0
0
139996
6
0
69992
483517
69995
2799478
0
20
279988
0
0
559960
0
0
21
0
0
139996
0
0
0
5597818
3219156
0
0
0
139996
0
139992
979906
0
0
0
139996
0
0
210067
209833
0
279990
1984077
0
699948
979900
26131461
139996
0
1049888
0
0
0
0
69994
914
0
0
0
0
0
0
0
1399822
419976
0
419925
0
0
1679568
0
0
0
0
69997
0
139996
69980
559960
139996
0
279988
209985
0
559966
0
0
0
699952
0
0
279971
139993
279976
0
419992
0
0
4120751
0
0
0
559960
0
1679764
0
0
419976
0
50
0
1
0
0
281600
0
0
139996
0
139996
1
3
0
0
0
0
0
0
0
0
139992
2099632
489427
0
279988
0
69755
0
349940
0
279988
0
0
139996
22315877
69997
0
139946
0
69996
139996
139994
0
139996
0
0
279988
139996
0
0
0
69446586
279988
139996
351434
699711
139992
139996
0
2
0
0
0
140537
0
279988
0
0
279988
0
78008
0
0
3
0
699954
279988
0
5317600
6
139996
0
526948
139996
0
0
629916
0
419980
0
139996
0
0
0
0
1539736
0
0
209932
0
0
0
2659240
0
3
0
0
0
69997
139986
0
0
279990
0
0
139996
0
0
0
139996
0
0
0
0
0
139993
0
0
0
2099176
0
979908
0
279988
209985
0
4
279651
70219
0
0
0
559952
419719
139952
0
0
979870
0
0
0
69997
0
0
910599
69996
0
1259836
0
0
0
0
1118796
0
0
553956
0
0
0
0
0
0
2879873
0
3
443793
0
1329739
0
69997
1119873
0
279988
286511
0
3358977
0
279990
0
0
0
1049636
0
0
1959898
139996
0
0
1119808
69994
0
0
0
69997
279988
1119870
0
1
139996
0
0
139996
0
419978
15
152
0
701347
0
0
139995
0
349976
0
139996
0
1399822
560952
31
0
0
140038
139996
0
0
279988
9842
139996
0
0
0
0
140480
78384251
0
69773
2029743
0
350162
0
139996
559771
559960
0
0
279988
139996
0
208623
140988
0
350846
0
0
0
5
210364
0
0
139996
139996
0
1119870
139996
279988
839940
0
70001
0
0
0
3638874
279988
0
69991
3
0
0
419976
1399813
419980
139953
0
0
2449444
0
17466411
0
0
0
0
0
139996
2449309
279988
2239512
1959607
0
0
0
0
0
139996
0
71590
139993
0
4338410
0
0
139996
0
0
0
419978
0
0
69996
0
252
0
562476
9371142
0
279984
419976
2378046
139996
0
0
14
139996
0
1259850
0
0
0
4478426
4827024
419969
0
140000
0
0
1539786
0
4540685
0
1959606
209989
839916
139996
0
0
209980
0
0
0
0
279988
559722
0
93
419980
65891
909827
0
279990
13802886
419976
419976
0
0
0
209988
0
0
0
0
0
979895
0
0
1538803
139996
0
0
45
0
0
4
0
0
139994
0
0
0
0
839916
1259864
0
0
0
11
139996
0
0
0
139996
0
0
909899
0
0
0
139996
0
209992
0
0
0
699954
0
0
1224
0
0
0
2519438
69997
140156
69995
0
1399628
0
0
0
139996
0
1049865
0
0
0
0
279988
0
0
139998
0
0
0
2589062
0
0
0
139992
419977
0
0
139992
839916
70066
0
139992
0
0
139996
69995
139996
0
139996
69996
0
69983
230
560168
0
0
0
2799342
0
0
0
6
0
0
0
0
559966
0
0
0
139996
5239445
3358866
139996
349968
139996
0
0
141626
69963
0
0
559960
0
0
0
139996
0
64213
0
0
0
979888
0
0
559960
0
139994
2099656
140015
0
0
139996
1
209991
0
0
69996
0
139996
1
0
209994
0
0
94
10
0
0
0
6
0
0
0
979908
209990
0
0
2094121
0
0
0
0
0
0
1819762
0
0
699916
0
0
0
0
0
209724
1539784
759
69996
13853
0
0
69993
0
0
69996
1749721
279990
0
0
279990
0
81341
16
0
0
0
0
24
69989
0
139996
0
0
69997
2588830
0
139996
0
0
420150
0
0
0
69999
0
0
1329546
0
0
139994
139996
46
1067816
69968
0
139996
2649930
0
0
69980
69992
139996
0
1679710
139996
699942
0
0
0
0
0
279988
69862
1
0
0
0
57041
0
419976
0
279988
0
279982
0
0
0
0
0
0
209988
3341586
69997
141395
0
0
0
0
117282
0
0
279968
0
0
0
0
0
0
69997
1119742
0
0
1119841
0
139996
0
0
0
69961
139994
0
279988
3639014
3285809
1119896
0
139994
0
0
5
209979
0
629867
70020
0
0
6940983
145952
0
0
209907
139996
0
0
0
209989
629983
0
0
0
0
0
0
0
9902998
0
0
2799302
419977
0
0
54795946
0
0
279986
559960
791
909887
700018
979902
0
0
419976
0
0
5037778
0
0
0
0
10
139996
0
139996
0
489961
139996
0
0
0
1
0
0
139994
0
139996
0
209998
839916
0
349966
0
139996
140057
2519406
0
49960000
1399828
0
0
139996
489618
8548287
0
0
139996
979470
139996
69990
0
0
139996
139996
0
840864
139996
11
69994
280063
0
0
0
0
0
69966
0
419976
896336
279988
279988
0
0
0
0
839934
139996
70588
0
139996
4828117
0
0
1040999
0
1310836
559966
0
0
0
0
2519530
0
1329824
0
0
0
839916
0
0
279988
489768
139986
0
279988
139996
1679688
2099491
0
558352
0
0
0
0
0
0
0
0
0
2166973
139996
0
0
0
69995
419976
0
0
0
139996
0
5
139996
349902
839940
0
0
0
0
0
130
139994
419976
139996
279988
0
559960
209991
0
830672
0
0
0
0
0
3499070
419976
0
4198558
139996
139996
0
0
0
559960
209982
559960
0
83
0
28
0
13947866
139996
0
489972
839916
15516752
0
559966
0
1883054
0
0
279988
0
0
0
0
279676
0
0
69997
139996
0
279988
139996
209985
139996
0
559956
7
69997
209929
750
0
0
139996
0
699980
139996
699948
0
139996
0
0
1120600
0
0
279998
0
0
1539736
419970
279988
956259
0
139996
0
0
560073
489753
0
0
0
18
139996
0
559907
0
139996
1119992
22
69986
0
0
0
209989
8102822
6
139992
0
0
0
0
0
139994
6016507
0
139996
279988
0
559966
0
0
0
0
0
69997
0
139996
0
139990
279984
279988
82675
69997
0
0
0
0
0
0
139996
40406
279988
559968
0
0
139996
419980
159355
2
0
7414383
839916
0
139996
279988
209982
1819716
279501
279984
0
979900
0
140007
699940
2379424
0
3778404
1
0
139996
139996
0
69828
0
69993
27
0
0
0
0
0
139996
0
0
0
279986
139996
70026
0
559960
18587103
0
0
0
0
0
0
0
0
70718
0
0
0
0
210278
0
0
6
139996
0
279876
0
0
0
0
2
0
0
0
699948
0
489882
0
0
0
2868918
0
279982
419976
0
0
1
139994
0
559966
0
0
349945
0
559960
0
489660
0
1675764
0
69972
0
139806
0
3221226
0
0
0
139993
909895
0
979888
0
139996
0
0
1119856
0
0
0
419980
0
0
70003
70735
0
1650
0
0
0
128
349968
0
0
139996
0
139996
279988
209922
0
69964
0
0
0
0
0
0
139996
139996
70005
0
0
0
0
0
279984
0
0
0
0
0
0
0
0
0
0
0
0
0
0
2598634
0
139166
559944
2
0
0
0
559962
140010
490048
699952
0
0
0
0
419976
0
139996
0
419976
0
139996
0
1119896
0
559962
0
0
909997
0
69994
0
1119868
0
0
0
69983
140010
0
0
419980
0
135663
0
0
0
0
0
0
0
699945
173687531
0
1119864
0
139996
559889
0
0
0
0
0
0
139996
0
0
69982
136
139996
0
69993
0
0
0
0
0
560124
0
0
279988
0
0
0
0
0
419976
279986
0
0
0
0
0
4361266
139996
0
0
629930
0
139992
0
0
0
560073
0
139998
279990
3219161
0
10839073
0
0
490163
69997
0
1679772
69993
209592
139996
0
0
0
279986
69991
139996
0
209988
0
0
0
0
0
139996
69997
0
419980
0
139996
559960
3147290
0
279990
0
0
69997
0
139996
0
0
0
0
0
0
0
69975
0
0
279988
0
0
2939218
0
0
0
979900
69997
0
70023
0
22486228
139996
1121624
0
1062539
0
839918
0
140008
69991
279988
0
139996
0
0
70003
0
140620
0
209963
0
9859220
139404
0
0
0
1119889
69413
139986
139996
139996
0
699940
559960
699808
0
139996
139996
0
83178
1189565
11
11
0
0
0
0
139996
0
209983
0
699948
419980
139996
349833
0
0
0
0
279984
0
0
0
0
0
139996
0
0
64036
0
0
69997
139996
0
0
140106
0
0
1
0
629932
0
0
4757868
0
0
0
0
979888
22344
0
0
69997
69977
0
139996
69992
0
0
0
0
652939
0
0
0
0
0
69997
0
1609061
0
0
0
69964
140005
0
69994
0
0
0
0
0
349826
209985
279988
0
699882
0
139968
0
0
139996
279990
0
1679651
419976
139996
0
350005
0
0
0
0
0
0
139996
1189497
48936572
2975
419976
0
0
139996
0
979891
0
139996
0
2
210906
0
769880
0
1049086
559962
0
69980
209973
3079027
0
139996
12
279988
22
0
0
0
0
0
0
139996
3498482
0
349900
0
0
0
9444079
69997
839916
0
0
1259874
0
0
0
139996
2938356
0
0
0
0
0
0
0
29914006
0
139996
0
0
0
699940
139996
139996
0
0
0
0
0
0
69867
0
1876
14
0
70045
0
0
1049804
72259
0
0
0
2799235
0
0
0
769718
1
2449333
0
279988
0
583263
279988
0
0
0
0
0
0
559966
139996
139996
3708210
43
0
0
139996
0
0
139996
1473302
140011
0
210
0
0
209983
0
330603
972924
0
2239540
0
0
0
0
419980
0
0
16
106631
0
0
0
2939173
69961
0
0
0
0
2882
0
279988
1679722
0
24
0
0
2
0
1119870
0
419982
0
1412391
3953957
0
69996
139996
69923
489964
0
0
0
0
0
139996
69996
839472
0
0
140034
139996
7064720
0
0
0
0
559952
0
209890
0
0
0
419968
0
139996
0
139995
839860
279984
1259852
0
0
559961
0
139996
1533383529
0
0
0
209864
0
1
489346
0
0
139990
1259813
0
0
0
139996
1399780
0
769919
0
279990
0
32
0
0
0
0
0
0
139996
0
139954
0
69997
139996
0
0
0
139996
0
0
0
0
0
139996
419980
419976
0
0
0
139996
6855688
0
419976
8
279988
278284
0
0
0
4616621
15
0
0
0
0
70002
139522
279988
279972
0
0
419976
0
64
0
0
14
232347
0
0
0
1259355
139996
69995
69993
69982
67789
2659276
0
139980
279988
0
0
0
0
0
0
0
1890661
0
0
0
0
209882
0
0
69996
0
0
139793
2
0
139996
3571902
0
349968
1119816
0
0
0
0
697300
0
0
139996
139996
0
0
4547442
0
4
139996
0
979647
0
21
0
0
0
0
209994
69997
0
0
0
139996
0
0
0
139996
0
0
0
0
140018
349973
489949
0
0
0
0
629443
0
0
139996
0
139996
5
1399830
279984
0
139994
0
0
0
209989
0
0
70111
0
0
1469682
69989
0
0
0
0
0
0
0
0
839928
0
70017
2173161
0
279990
0
0
279988
0
0
0
0
0
139997
839934
559946
139994
279988
158981
0
69997
40
0
0
0
3
0
139996
0
2589265
69995
0
0
0
419980
0
0
0
0
0
0
139996
211136
0
139996
0
0
139996
0
69997
0
0
0
0
209989
0
979894
0
0
699908
70000
69970
0
139996
0
69996
0
279978
209929
139994
0
0
0
0
0
1259853
0
0
559966
0
139996
0
0
0
279992
4
0
139996
0
559960
70722
0
12
209982
559966
0
139996
0
139996
0
0
209982
0
27
0
0
279990
255712
139996
139996
0
0
0
2939081
0
139994
0
209992
0
0
69988
69996
69821
0
139994
0
139996
69994
0
2
69963
69997
0
0
0
0
0
0
0
361404
0
0
12640961
0
0
0
0
419971
69993
0
0
0
69997
1049875
0
0
419980
10770896
128793
0
279988
15
140129
699440
279986
0
0
279958
139996
0
0
209976
6855072
1540059
139996
0
419980
0
139996
629770
0
0
69997
0
0
0
1
0
139996
279980
0
0
0
0
0
0
139996
0
0
2028543
139996
559934
140001
0
840635
139966
1539814
0
69997
1189497
0
0
279990
0
0
2519380
0
139996
0
209985
139996
0
489944
139996
0
419976
0
0
419690
0
279982
73113
0
69995
0
0
0
839926
0
979908
0
0
1399806
209986
420002
4
0
0
0
419956
69984
2
279988
629876
279988
489962
279988
349975
139996
139996
0
0
4
0
69990
489937
0
279988
1119863
0
139996
279984
0
0
0
0
349982
419910
0
0
0
419976
0
0
139996
0
0
0
139996
0
209984
139996
0
0
349266
10949
0
0
3
279988
0
139996
0
0
0
139996
276
3
0
0
0
0
0
559960
279988
69997
419952
350018
904
0
72161
0
419976
0
0
0
0
69918
770403
2659376
139996
69997
139996
0
6345636
139996
0
25
0
629930
69997
0
0
139996
280024
1189855
0
769923
0
419976
0
0
10908899
0
0
139996
489930
559960
139996
420028
139996
139996
2
279923
0
139996
419980
70265
0
0
20
0
139808
180
979916
0
0
349830
141836
0
0
0
0
0
279984
1680008
0
69989
0
209987
1329736
279988
0
0
0
180
559960
0
0
0
556220
0
699940
139994
2239456
0
0
0
2169399
1819636
0
3079250
979896
140000
0
69994
35
0
0
101782
0
0
0
0
279988
0
0
3
0
0
0
0
0
0
559960
0
0
139994
0
0
139996
139996
419976
559960
419980
0
0
69972
0
0
0
0
0
0
279988
0
0
1049151
0
279990
0
139996
0
139992
699944
0
0
0
1259820
0
909805
280000
0
0
3219110
279988
629931
209986
2
419980
139996
0
0
0
0
0
279984
69997
979241
0
139996
139996
0
0
1749495
209985
139995
0
0
0
139996
0
0
0
0
139996
0
0
139996
0
0
139996
0
0
70149
0
0
0
0
1049869
0
44
0
0
0
0
0
139996
419980
217
0
139996
139996
0
0
139996
0
0
0
0
0
0
0
559960
68443
419990
139996
0
69997
839916
0
0
0
0
279990
0
210456
0
0
0
139992
0
0
69982
0
0
0
0
0
0
0
209984
0
0
2869262
0
419982
139994
69997
279956
0
0
0
414007
0
1819784
0
0
0
0
0
0
419976
0
0
139996
0
0
7904011
139996
0
0
1
279988
0
0
139996
419980
140250
279968
8742856
209805
699948
0
209985
279988
5401268
139996
126
1329827
139982
0
139996
0
0
839920
0
0
0
629941
0
559970
419980
139996
0
279988
0
0
0
0
69997
3
0
139996
209989
279977
0
279968
279990
0
139996
0
0
0
139996
0
0
3918081
14
0
279988
0
144996
0
0
69997
10
2519316
419968
2
0
0
559936
3078959
0
0
0
349966
349954
69995
5
0
279988
12
0
0
0
0
0
0
0
0
1049838
139988
979894
0
0
279988
0
1469799
0
0
69999
69997
0
59375750
139994
0
139996
69991
0
139996
0
0
0
2519080
139996
839936
60107
0
83391
0
97657050
0
137691
0
1189744
7
0
18
1539774
0
0
0
69995
0
0
0
0
13
209985
2938516
826854
279984
0
0
139996
0
139996
0
0
0
4
0
0
3079178
0
0
1539384
140124
0
33
0
0
35
0
0
4476808
0
559970
0
108
279914
279988
0
279972
139996
0
210266
0
0
0
0
139996
344330
0
0
139996
69957
0
0
2
0
279978
0
0
0
0
0
139996
0
419980
3358403
69991
5875514
139996
209976
0
139996
0
70111
0
0
0
0
139996
0
0
0
0
139992
30228200
69993
3058953
0
69965
699956
1819578
699948
279990
0
209994
139996
139996
0
0
0
34
279990
0
6893471
0
0
0
559960
0
0
0
209974
2729213
0
0
0
0
69997
6716880
0
0
139996
0
0
349790
0
0
0
140137
0
699944
0
0
0
559954
0
0
0
210192
279988
0
139996
69992
0
0
909911
559962
0
139996
139996
0
0
0
139997
0
559810
0
0
139996
0
0
0
0
69983
0
139996
1519326
629856
139996
0
0
0
139996
0
0
21
140066
0
0
0
1
349767
0
489973
0
0
0
0
0
279988
0
0
1679794
699954
0
0
69991
279990
0
279988
979910
0
139996
0
3498808
932
350051
139996
979820
0
0
699896
0
0
20
0
139996
0
0
0
629964
0
0
0
0
36
0
139996
0
0
139938
139996
139996
0
0
0
279984
0
69997
0
0
0
979900
139996
139996
208807
0
3
139996
0
0
0
69997
279988
0
0
139996
139992
139996
2
349974
139966
1
139994
139996
0
0
279988
0
139996
0
559962
0
0
279990
0
139996
0
700072
0
70119
0
279990
0
0
0
36
0
0
139996
139996
419976
0
0
0
139996
0
0
0
69986
209722
699940
8673158
629857
1120448
69458
979905
2796719
839892
0
3
0
756122
0
139996
349979
30
279983
0
139996
979902
2
0
69031
139996
0
0
0
0
0
17
70042
419976
4478342
0
0
0
0
279994
0
0
0
1609768
0
559966
87
69954
0
0
139996
139996
0
1031905
0
0
0
0
0
139994
279990
139994
0
279972
0
139996
0
69997
0
139996
0
0
629791
279990
6016330
279999
0
3499252
0
489945
279980
0
139996
0
0
279984
0
0
4898290
559970
0
0
279988
0
0
0
0
0
1073274
0
0
0
0
909844
5037336
0
0
0
979916
1469786
0
979888
0
0
139996
0
0
770972
0
0
69995
559966
139991
0
0
0
630212
0
0
2659380
0
279990
0
4
0
18
139994
0
559942
139996
279988
0
0
0
210004
0
0
279990
5597454
0
979888
0
0
0
349976
0
282500
0
139996
139996
0
6
0
979896
0
4897548
3
0
140012
0
577301
0
139995
0
0
0
0
139996
0
0
0
699952
0
0
0
419976
139996
10072038
0
4266844
209985
0
0
69996
419980
69997
559960
0
69990
0
139996
140179
139994
6016592
0
0
0
909938
70014
908399
279988
279988
0
0
1819636
69996
69993
0
1679664
0
70001
139996
2799096
0
1957887
0
559960
0
0
419976
70020
0
0
69996
139996
0
0
839919
1259824
70005
0
0
0
209980
0
0
14183409
0
0
1460833
0
69997
0
979708
70029
69996
419980
0
0
2379568
0
1049659
139996
0
6
139996
0
279988
0
419098
0
279988
0
0
0
0
0
0
0
0
279981
4897977
279988
0
0
0
178
209949
0
69941
0
0
139996
0
1048760
0
279990
0
0
139996
0
279990
2
0
0
2239576
1
0
27
0
0
489909
0
559960
198850
0
0
69995
139996
0
140066
0
0
419980
839942
0
139996
139963
349967
209877
0
0
279990
0
3008981
5457467
769801
0
0
21279287
10488602
139993
0
0
0
1241880
279990
0
0
139996
2016079
0
629920
0
0
69997
0
419980
0
0
69997
139996
0
0
0
0
0
839926
69997
139996
0
770065
0
349524
0
0
0
0
0
9511759
0
0
139996
139996
349961
0
139996
0
69988
18034260
69997
0
0
244
0
419986
3
139996
139992
281296
11942924
69997
489934
349967
0
0
0
1193456
2128
69997
559966
139996
0
420015
139994
5317710
0
279988
0
0
0
0
559970
419980
2519434
2799434
0
0
0
0
139988
139996
0
0
0
0
279972
0
69997
0
69997
0
139996
0
209989
0
0
0
0
0
209982
0
0
0
139996
0
0
69995
0
69997
139992
0
0
0
0
0
0
699940
419977
0
0
0
0
0
1119863
0
0
699940
0
0
139996
0
0
0
419980
69991
0
0
279990
0
699930
0
139988
0
0
0
559968
0
279988
0
279992
19821459
279964
139996
69997
0
279990
0
349978
0
559923
0
3918557
911917
699940
279988
979881
2799160
139996
139996
0
349198
0
0
0
69997
0
0
139994
1048302
0
0
187
139996
0
489967
279988
1819696
0
16
0
139996
349929
0
2287
139996
489968
0
1259840
0
139991
0
57
0
419970
0
139996
139996
0
0
0
0
0
0
0
0
0
0
0
0
0
0
489966
0
7553839
0
0
0
0
839928
0
14590
20
0
176
3778538
70429
2238663
0
0
0
0
0
0
0
279988
1329973
419976
279988
39
208670
69994
69997
48
0
0
69995
0
5276262
279988
0
0
0
0
475
70005
2939472
69997
0
349531
279990
0
139996
0
0
280042
0
0
112656
279988
0
5107982
0
6159536
0
0
0
630710
3080
0
47
0
0
279988
0
1119870
0
28
7
140260
0
1
0
0
0
12366216
0
6227081
0
0
0
0
69995
1049727
0
0
139996
0
0
419980
0
0
0
2939356
279988
2
2379387
559960
69996
139994
0
5595581
139996
0
420045
279990
0
559966
0
0
1330448
0
139996
70010
839924
139996
0
0
0
0
839896
18312
979900
0
0
0
419976
0
0
0
419976
0
0
0
0
279988
139992
0
1469673
139996
0
0
0
1
0
700115
559664
0
0
0
0
2099212
0
0
1
419976
0
69987
0
0
0
0
0
5
0
699918
0
0
895744
0
0
0
0
0
139996
0
0
69986
0
139996
0
279977
139996
0
419976
0
279990
0
0
0
140099
0
0
0
0
0
2
0
0
6015864
1889674
629939
455
0
139996
699940
0
0
0
0
0
0
210202
7975218
0
0
0
0
0
139996
0
279998
559968
2
0
0
0
0
0
0
279988
0
0
0
0
279990
139986
0
419976
1
0
0
0
0
0
0
0
0
0
419978
0
140171
279976
0
1049830
0
69985
0
0
0
0
0
0
0
279990
2099667
0
0
0
0
0
0
139996
139994
559964
139996
279988
0
0
25062
69976
0
0
0
3
0
0
839916
139996
0
0
0
0
0
139996
489936
0
139996
0
0
0
489972
0
1119880
0
2239592
69996
0
69924
0
69969
139996
0
139996
69609
1469779
139952
0
279988
0
6087263
2113871
209979
139990
279988
277344
0
2449292
139996
3
0
349940
1259820
0
2
0
0
54
0
769915
0
629853
0
0
1119888
419980
139996
279988
154
0
0
8
0
0
0
10415
0
23820811
699863
70503
0
350851
23
0
139996
0
0
0
0
139976
630024
139996
0
279990
2990
0
139996
0
3817496
0
139998
0
0
0
699940
0
0
0
139976
0
58849
0
22572
559960
4827045
0
0
3219084
0
0
0
0
279988
0
0
0
839916
70019
279988
0
0
0
9
140146
419976
0
18
0
0
1399780
0
0
0
0
0
0
0
139996
0
0
0
0
0
0
1399826
279990
0
279990
0
0
279976
209983
0
0
139976
139996
419980
279990
0
0
0
0
139996
839932
70517
0
0
139996
17
0
0
279990
0
349981
25
0
0
1119888
0
0
0
0
559796
0
139988
0
419976
0
0
139996
0
629928
767765
0
0
0
1119886
0
118041
0
559970
419966
348799
0
0
1
0
0
0
0
0
0
69812
0
10
0
0
3638896
0
0
0
0
0
279988
0
286853
2239456
1539718
0
139996
839926
0
489965
0
139994
0
279988
0
209985
0
0
349977
70008
0
0
139996
139996
0
0
0
0
631798
7
0
0
0
0
1189847
0
0
699942
0
3428329
139996
139990
2
139992
279992
5737393
0
0
0
0
0
0
0
0
0
0
4272
279994
0
0
0
70073
0
0
139996
0
1491
139996
0
559907
69983
0
0
139994
279990
0
0
0
139996
69994
0
69777
69996
0
0
209929
0
0
0
0
0
909883
419976
139996
1119409
0
489984
0
0
0
2871655
0
0
0
353352
20382487
0
0
34287649
0
14602461
0
9653108
0
0
0
285663204
0
0
0
0
7
0
69997
0
209972
0
0
139996
0
0
0
0
139996
0
0
0
0
489582
69992
0
979916
280216
302473009
0
69987
0
0
2
0
419980
699940
0
0
0
0
0
139988
0
489958
0
139996
279988
0
491331
69997
3998878
0
0
139996
0
0
69989
0
2029461
1187068
0
0
279984
1
0
0
69992
0
0
69996
0
0
0
0
209973
0
979758
6
0
699940
143096
0
140368
0
139996
489937
0
559962
0
140032
69997
8
0
0
0
0
0
0
0
0
279990
0
0
0
0
209975
139956
279988
0
0
0
0
139992
139996
0
0
0
907625
139996
0
629953
1190467
0
261249
143189
6
0
0
0
839916
0
0
0
0
139064676
139992
2099805
0
0
0
140021
0
139996
0
839926
0
0
0
0
0
839920
0
139996
629989
0
0
0
6
0
106456628
0
419976
71726
139996
4338485
559968
559960
139996
0
0
0
211853
11
0
0
139996
279968
3
279988
107
139996
0
0
139996
69997
70259
0
0
0
0
0
0
1
560033
1959195
69955
9231205
0
2099632
0
2450189
629922
0
419980
0
0
0
0
0
0
0
139996
0
57665665
139996
0
280044
0
0
0
0
0
139996
0
0
279845
703
0
13
279988
0
0
139996
4617936
0
139994
0
3778792
0
699898
10270100
15382966
139996
139994
140112
66248400
0
0
0
139996
0
979900
0
0
2
139996
0
419976
0
0
279990
0
0
0
0
0
139996
0
139992
209991
0
0
0
0
139996
0
0
140686
0
138846
419976
18043254
629859
0
0
0
1399798
15
0
78
31816874
0
0
419980
0
0
140047
0
0
279912
0
0
0
0
47
0
69996
839227
4833185
139996
0
0
3
139909
0
0
909693
139996
139996
0
69993
139996
209989
0
69985
489939
2099520
0
22
0
0
279990
69965
5
0
0
2169629
0
0
139996
209996
0
0
0
839916
484314
0
0
0
0
139996
279990
0
139997
3008332
349980
139996
0
0
0
0
349974
349958
3
0
139996
0
279988
4198140
142406
139996
0
0
139996
0
208084
139996
0
0
209752
69963
0
0
839724
139996
2519410
629791
699948
0
38
5
0
0
0
69997
5
0
0
0
139996
139996
209910
559968
699948
0
70020
279984
979910
0
139996
559952
0
69999
0
0
0
286059
489942
0
489828
37
0
489853
0
0
1959578
0
0
140006
0
0
68580
139996
43
419980
2379386
699941
0
0
0
0
1959606
0
139996
0
1259825
0
0
69996
0
0
1819672
0
2653615
69965
0
0
0
0
0
9231156
0
0
0
0
0
1259820
6086188
419980
139996
0
139986
21
0
0
0
279852
6366597
0
0
139996
0
279988
139980
139996
0
139994
279990
0
209976
559961
0
979875
139934
0
0
0
0
0
0
139996
0
0
2589369
69965
139996
0
3078992
0
0
0
489957
0
281315
70015
0
139996
349965
0
0
419976
0
0
279984
6
0
0
0
0
0
69990
0
0
0
516
0
139996
139996
0
0
0
0
0
0
139996
139996
629865
0
489961
0
69946
0
0
139972
0
419980
139994
559968
0
629943
279990
769816
0
69991
0
0
0
0
0
0
559950
123832
0
0
0
0
139996
0
139996
0
2
0
699941
69997
0
909232
0
139992
279988
0
0
279988
0
280000
0
559970
139996
209986
0
0
2239568
139984
279988
139996
139994
214149
489819
0
68568
0
139996
0
0
0
6503609
0
0
0
11676867
699940
7
0
979762
0
139996
0
0
1259824
139996
279982
139996
559960
69996
0
2
0
0
0
0
0
0
0
0
3008868
0
0
0
279973
279988
0
8113038
0
0
0
839926
69995
0
2239582
0
0
279984
0
139996
139996
0
0
0
139996
5
3
209962
0
0
559966
279990
559990
0
0
69997
139996
419980
0
0
38
0
3498004
0
0
280040
2
279988
0
279990
0
69997
0
0
139996
0
559959
979888
0
3218084
0
139996
0
0
209989
140376
1539768
419977
559981
0
419976
1539770
0
699940
0
0
419967
0
139995
11
0
0
419976
560036
139996
139996
0
0
139996
489782
0
3
279967
0
0
0
6
171
0
0
0
559966
209985
70009
0
0
0
26927291
0
1
1259258
0
139996
0
0
139996
0
0
0
0
0
0
139996
0
0
0
0
0
0
839929
390
0
2379508
0
209998
139996
0
0
0
37
279988
1610194
69997
419826
0
0
139996
419976
139988
0
0
0
4
69950
69921
699952
0
4055707
69995
140037
0
279987
559966
0
0
0
0
0
209985
3
0
2
349938
0
0
559964
419980
0
0
0
70691
0
0
0
0
0
0
489966
0
0
139996
1539818
559944
0
342873
139996
8
0
0
0
0
401160
0
0
279990
0
279988
0
0
0
0
39452451
0
1402
209982
0
209985
0
0
0
0
0
560125
0
0
0
28
0
979236
0
0
0
4
11743523
69991
0
0
0
0
8813260
0
69881
279988
0
12447884
0
0
0
0
0
0
0
0
0
140199
0
0
279988
419976
3079212
0
279988
0
0
0
0
0
2
139996
280006
0
0
139996
209996
209985
20
0
70014
0
1
0
699622
139996
0
0
0
0
139996
209963
210086
0
0
2099608
0
0
699939
489954
559966
0
279988
139996
69977
419977
2379374
0
0
139996
0
139996
0
139996
1539746
559964
0
419974
419980
0
139996
909832
0
0
279988
24
139996
139994
0
279988
0
0
0
0
0
0
349981
0
0
0
48
0
0
559965
69994
0
209985
0
279988
0
70056
139996
0
0
559960
1679728
0
0
0
139996
559960
0
140011
0
0
139996
535
420717
559960
629933
0
13703478
0
209886
0
1749663
0
559960
0
0
13
139996
0
0
139994
0
0
0
0
839926
139996
0
0
139996
0
0
11
0
0
0
139996
0
287271
279988
0
0
0
50009199
279984
139996
279984
0
0
139996
279990
0
2
0
559960
0
0
0
629941
0
0
699941
700000
0
0
1189801
699952
0
0
0
2239574
0
279988
489947
0
8
0
139996
904092
419996
209862
69991
0
0
419997
0
0
0
185
0
0
0
0
139895
209908
0
0
350208
0
0
0
0
69836
0
504853
0
1
1399811
1
70005
0
139996
0
0
0
0
0
4
909901
0
1819636
0
0
0
0
0
208269
409399
0
419976
6786079
0
139996
111
0
10878163
0
0
0
0
1
2310843
0
0
0
3
0
0
0
69997
699948
0
0
0
279988
139996
0
0
0
0
0
0
139996
0
0
699940
419980
0
0
139976
0
0
0
0
0
0
2589382
1539787
0
139996
69988
4757724
0
0
0
209961
0
279795
1259802
0
139996
0
0
0
2659430
0
0
0
0
0
0
0
0
562563
3493541
2554
0
139996
0
0
0
0
139996
9079466
489958
0
0
0
139996
0
0
2239394
0
139984
0
0
289779
0
0
209991
250
0
839926
909910
2
2321
0
0
139996
0
0
279988
0
69997
0
0
0
0
417648
0
0
0
419976
0
0
0
0
0
0
0
0
3
69988
69989
0
0
139996
1
0
0
0
334
69956
0
0
0
3
0
481989
702407
979776
139996
0
349659
0
7064181
0
139994
0
3358800
0
0
139996
140626
69990
0
0
1049900
139996
279876
0
0
0
559960
0
139996
0
139996
839916
0
0
0
0
0
0
2449427
0
139996
0
139996
0
0
0
628046
0
0
69997
0
0
0
0
0
0
0
0
140010
0
0
0
0
0
0
0
0
0
0
337
699954
0
1119886
1
1190162
0
0
139996
0
0
139996
0
279990
0
0
9
489845
139996
0
139996
0
139996
489963
0
0
70301
139996
154
122
0
0
0
139996
0
4312192
0
31133056
0
0
0
0
0
1
0
0
0
1
0
489970
909463
5
139966
699952
279984
0
0
489951
139996
0
0
0
0
0
0
0
139992
1
0
139996
0
0
0
0
0
0
0
0
69996
0
139996
419980
0
0
139996
139996
0
0
839926
699892
69830
0
14988346
245
0
210039
0
139996
0
6
0
0
0
872200
0
0
72
140022
0
69997
0
0
349974
279958
419976
5596937
419976
0
139996
0
69999
0
0
0
0
0
419976
0
69997
0
18453844
0
3008753
0
0
139996
419980
0
0
0
0
0
0
0
0
349930
0
139996
1
52902
0
0
0
139996
32
0
69993
0
279988
559960
979918
0
0
0
979920
0
139988
279990
1329834
2169169
49
350027
0
0
0
0
0
279988
784
0
0
0
139994
0
0
2
4
0
0
0
0
0
0
139996
979918
69993
0
0
0
20966089
0
69992
0
419959
0
139996
0
0
839922
69997
0
140002
34448782
0
349975
0
0
0
139996
8
139996
0
139852
139992
420195
139996
140002
0
0
629950
209952
0
0
0
3428496
0
139996
198689
559952
0
0
0
0
139994
0
0
0
279988
0
0
140097
0
0
0
139996
69997
0
209943
69995
0
0
0
1119856
0
0
0
0
0
1679741
209985
0
0
69996
0
210325
279988
0
0
0
0
0
0
0
0
139996
0
0
0
15945730
0
0
139996
69996
1399828
0
0
0
0
191272
0
0
699940
559966
0
0
42674731
0
0
0
0
0
0
489088
0
69996
2729658
0
419934
0
35883913
139996
0
0
0
139996
0
1
0
69997
139996
139996
0
979908
0
0
5
0
294
0
70227
0
0
0
0
0
0
0
1747055
0
139996
0
0
0
0
0
0
139997
279990
0
0
0
0
0
0
419970
0
279988
0
0
0
1679686
0
139996
0
0
0
139946
0
0
139994
0
2449414
139996
279990
0
139996
0
0
1539624
14
139996
0
0
139996
1334727
419976
139996
139996
0
0
0
139996
0
0
0
69511
139990
32
1399798
139996
0
559952
0
839932
0
0
419976
0
0
0
0
139996
0
0
0
4955386
839928
699870
209989
5
0
139992
1119862
139994
1329504
0
139996
8532436
349979
0
0
0
139994
419629
0
140066
69997
0
0
0
1539739
0
279990
0
139996
139996
0
0
139996
0
0
279988
0
0
139996
0
213
0
279988
0
559970
0
0
419976
0
0
1469722
0
139996
0
0
1539794
2799346
69995
67
0
0
0
0
0
0
69948
0
0
0
279990
0
206571
559994
0
0
0
140008
0
0
0
0
279988
69995
71154
3079140
279988
0
0
0
0
0
0
8530670
0
0
0
419980
0
0
0
69927
0
0
0
0
699946
69901
0
0
139997
0
0
139990
0
139996
0
0
4
0
0
0
349950
0
0
700095
279990
0
0
6
139996
0
0
139996
0
0
559960
139996
69997
419980
0
0
629919
279982
0
59264
1049552
1539736
1399608
419977
2
0
0
839824
0
0
0
0
490523
0
0
0
139996
0
139996
69997
4897718
280006
0
0
3079045
43357715
52
139996
0
769924
0
0
490723
0
0
279982
0
280048
0
0
0
699954
139996
0
0
349956
279990
0
1
139996
139996
140001
0
0
69996
139990
139996
139996
0
979905
0
2379536
0
279982
0
139996
0
209997
0
0
4
0
139996
0
0
209891
979931
0
0
0
0
0
209991
0
279990
0
2866894
419966
0
69991
350005
0
3078988
979920
0
0
0
0
0
0
0
806
279988
209986
0
0
0
0
0
0
139996
70077
0
0
209977
0
1119886
22766860
699940
171450
0
0
0
0
139968
0
0
0
0
139988
139996
69909
0
0
139992
0
0
139996
839868
279990
139996
836438
279988
0
0
0
0
72257
139996
279988
1
69522
69985
139996
0
0
0
0
279984
139996
209985
0
0
0
0
11331500
839922
0
0
0
0
279990
0
279988
69993
279990
0
0
209921
15
0
0
0
1049603
139996
3498874
279976
0
0
0
0
279988
0
0
0
0
3358846
279990
1282151
0
0
139996
419977
0
0
0
4
0
0
0
0
0
0
139996
0
0
69997
140034
0
0
0
279990
0
0
69963
0
0
419976
0
209986
0
0
279990
0
769921
279988
0
0
0
0
44866
0
139996
139996
139996
0
0
0
161235
279988
0
0
0
0
699945
0
139993
0
0
69977
0
559960
839912
419980
0
2939585
9
699940
69994
0
139996
0
0
139996
2232811
0
2378375
0
349978
0
69997
0
0
0
0
0
139992
279988
0
279988
0
0
69997
0
0
69997
0
769792
0
0
1819742
0
11468870
0
280014
0
0
0
0
279988
419980
699915
0
559966
700024
0
0
209989
0
0
0
0
0
0
0
0
0
0
3498941
0
0
0
0
139996
0
0
0
2313159
0
16
0
12757330
0
69758
1049668
0
0
0
0
980754
0
0
0
0
0
0
0
0
0
279980
699952
0
139994
0
0
0
1091515
0
0
0
209996
4
0
0
0
0
0
0
0
0
279980
0
279988
0
139996
0
69991
0
0
0
139994
69997
2659420
0
0
0
0
6796917
0
0
279988
0
0
0
0
139996
139992
0
0
69963
909711
0
0
489963
0
0
139996
0
897182
0
237023552
1119880
0
0
1539756
0
70014
279990
0
0
139996
69994
1049823
279988
769911
39622
5416371
38217613
0
3709538
0
0
6715204
1119856
0
139996
139996
0
0
2659238
2029468
139996
559970
0
6440172
0
35014259
0
17
0
699945
0
279988
0
123
0
0
0
0
0
0
559959
0
56
279988
0
0
0
0
349969
0
769826
0
0
0
419976
0
0
139984
64
0
139996
0
139996
13
0
139996
70004
0
559966
0
0
0
419976
1049875
0
139996
0
0
0
69980
0
0
99
0
0
0
0
0
0
29175
139994
33
279986
209983
0
0
11468090
0
839448
0
489952
139996
0
69996
139996
279990
0
0
0
139996
279990
16
1329790
69996
0
0
0
0
0
279988
0
0
69997
0
279988
0
0
139996
0
419976
209988
0
0
0
0
0
0
0
0
0
2799288
0
0
0
0
0
0
69996
139996
50
7550581
0
0
139996
0
0
0
0
1399800
2087120
0
10498
0
139996
1862
0
0
139996
19375025
4128479
0
139996
0
0
279988
6
281031
0
0
139996
0
27
0
559967
279988
0
0
209989
419976
0
0
0
0
0
0
0
0
0
0
2306625
0
139996
2029549
0
0
0
0
139996
209976
0
0
0
0
0
0
0
0
0
0
0
0
0
559968
0
0
0
0
279956
41468037
0
0
0
0
0
0
0
699941
419973
70433
209989
1119884
0
0
139996
139996
30
0
0
839941
279988
0
0
0
139996
0
0
69997
699946
0
2519317
0
0
0
0
279988
0
20
0
0
139996
0
0
0
0
0
0
0
29
69987
1750917
0
0
419952
0
0
0
139996
0
279988
0
0
1539750
420017
3429138
0
139992
0
489943
0
0
0
0
70009
0
139996
0
279892
0
279988
0
559960
139996
0
70000
139996
4
139992
140000
5
0
5
0
1679766
1536480
2308973
209849
0
0
139992
0
1959759
139996
4
0
0
0
1259866
70025
0
0
5387970
279990
69995
0
0
139996
139996
0
139994
139992
4
279990
0
0
139996
699940
626
478
0
0
0
139994
4
0
0
0
139996
979892
419980
279988
1119856
139996
0
2588633
1049855
0
0
0
0
0
0
21658740
0
0
0
1
0
0
1889500
279985
0
0
839938
0
0
0
0
349893
279988
0
139996
209997
0
2658967
419976
139996
0
0
70641
139996
0
0
0
0
4350
279988
2239582
0
699944
0
0
280009
0
0
69997
139996
6995485
0
0
998584
419976
0
0
1
0
139996
0
139996
419980
0
489965
139996
0
0
279988
0
139996
0
139996
559962
1259863
1469771
76829
559934
69993
0
0
0
139996
139996
139996
69997
0
0
0
279988
139996
0
0
5736547
0
139998
0
0
0
0
69950
559970
0
0
0
0
0
490517
0
139996
139996
139996
140218
839917
0
0
0
181482
0
0
769892
839916
279986
0
139994
279988
0
0
279984
489959
699942
0
0
0
0
0
0
979914
139994
0
559960
279988
0
210006
0
559966
279916
0
0
139996
0
1119840
0
139996
139996
0
209986
0
0
0
0
139996
0
0
0
0
0
0
0
140029
300
0
0
0
0
0
0
139996
178
0
560197
1189803
0
349977
69989
0
0
0
0
0
419980
0
0
0
0
0
0
0
70011
559966
70035
249458293
69994
0
209964
69995
279988
0
0
1119871
0
559970
0
0
2506584
0
419980
979926
0
0
0
202213
1741900
0
3
0
769935
21
0
629914
139992
0
209934
0
0
0
139994
69997
0
0
139996
41448799
1119670
419976
139996
0
979886
559985
0
6714849
139996
0
66075
279988
0
11194
69990
0
5
0
0
0
69997
0
0
419980
0
11265256
69991
699898
139996
5317069
14
0
139996
139996
0
0
0
705
1539778
1889434
1399828
139996
0
2589382
2379532
139996
0
69937
69978
0
0
0
69990
0
3778488
0
209971
0
0
0
0
0
0
0
839918
0
0
139996
279990
0
8
0
2868895
0
0
0
279988
69993
0
70024
0
139996
489885
0
0
139962
279988
139996
69993
0
0
139996
0
140001
279988
0
279984
0
2
69814
139996
5246541
909842
69995
14465912
0
0
69996
46
0
0
559942
69992
279990
69445
139996
6629
0
0
0
0
279988
0
139996
139996
0
0
0
106
0
140038
0
279990
0
69996
419980
0
0
0
209989
0
0
629683
296
34
349968
279988
0
1679752
8
0
279982
0
699944
0
279988
559960
0
70027
0
1166
0
0
0
0
349980
0
0
0
0
139996
0
0
0
134
0
0
139996
0
839924
70279
0
3079228
69995
139996
6
12
979846
279992
0
66
0
0
0
139995
0
0
5036649
0
0
279988
0
279988
0
0
979892
15
0
0
0
0
0
0
139994
1539746
69996
69997
2379369
0
0
139996
0
1206748
0
139996
629928
139996
0
0
3
0
0
0
0
419976
699942
0
0
0
0
279990
1259856
0
0
0
69924
0
279988
69977
839932
0
279957
69989
3428881
139992
367434
69985
0
1679710
769681
0
0
69996
0
30
0
0
0
139996
0
0
0
0
0
69996
0
0
0
0
0
0
69995
0
0
420143
489957
2379440
0
628837
2
0
209961
279988
833896
309100
0
0
0
6
0
0
0
209907
769928
209985
279990
279990
279988
0
0
349968
0
69997
0
548213
0
139996
0
18024413
0
559960
0
0
419976
561767
279968
0
0
559966
139996
69997
1119864
1119880
0
139996
0
0
0
0
4898059
699948
2865184
0
139996
0
0
6
0
0
347159
0
1259842
0
0
0
0
3
1
0
0
0
0
139996
279990
16149450
279968
285087
0
139996
0
1469773
139992
0
0
349972
597
489949
16
0
0
2729045
0
0
0
0
0
0
0
4055348
419976
139996
419976
0
0
27
0
0
699949
279988
139996
139996
0
139996
279988
0
0
0
419967
139996
69997
419928
0
0
2099458
0
3218857
0
114
139996
135458
629937
0
139996
13562248
0
0
53
0
139996
0
139996
0
17
0
139999
0
893413
839916
139996
279951
279988
0
437735
0
0
0
279990
279990
0
0
0
0
0
139996
279990
139980
0
0
0
139996
139996
139996
0
0
0
0
0
1
979892
979914
0
0
139996
1
6575920
139994
0
0
139996
212569
139988
70029
0
0
548130
0
139996
279990
0
69997
33493594
279990
69997
139996
1329746
1749407
2799231
0
419958
0
0
0
0
139996
205522702
0
0
69996
0
139996
0
0
0
280015
0
0
0
139990
0
699830
0
209983
0
139890
139996
0
139996
0
45
279988
0
419982
0
139996
3008975
489522
0
0
0
69997
0
279986
0
0
1122036
629929
69657
139996
139996
0
70588
0
116
419980
0
74282
0
0
69992
0
0
139990
979896
139996
0
0
69463
0
489915
209970
0
0
61
0
139996
0
139705
349955
139996
0
139996
1119887
4408607
0
0
139996
0
139996
0
0
314026
0
71750
909816
0
2
281101
279990
366350
0
0
0
1259839
279990
0
419980
658818
0
0
8
0
69997
0
139996
0
0
0
0
0
2099618
0
0
0
0
699944
279988
419925
0
1399816
559966
0
0
1400441
0
0
0
279972
6
979905
0
0
0
0
0
0
291678
0
0
139996
0
419974
139996
0
139996
349488
0
140002
813419
0
490013
0
0
419980
279987
139996
769918
0
1
0
0
0
0
0
0
0
0
0
0
279988
1
268037138
0
139996
0
0
139996
139972
139996
592
0
139996
139996
279988
0
139997
0
0
0
0
69991
139996
0
8461709
4198194
0
0
0
139909
139996
3079132
0
0
1539748
0
419976
20
139996
0
0
138506
0
279988
166883
0
699952
0
629827
10
279984
17
0
139996
769813
419637
2809161
0
0
69997
139996
0
0
489123
0
0
559966
2869206
0
69997
419980
0
0
0
69521
559960
0
0
139996
5510395
4128224
3218904
0
279988
0
0
699952
909844
419980
21
0
0
0
118
3289100
2939245
0
0
0
69997
139996
0
153
3
505012
0
0
0
0
0
139996
142610
0
0
140118
0
0
350109
0
139996
0
7204033
0
0
0
0
139995
0
146
0
279990
139996
0
0
0
0
279988
279990
0
0
0
0
0
139996
0
0
839926
0
69951
0
0
0
0
69992
139996
1049881
349779
11721
279990
489915
0
0
0
0
9
419976
0
839880
139970
139996
0
349981
349950
0
0
0
46152692
307996
0
0
699940
0
69996
0
0
0
0
1887057
0
0
0
279988
0
210171
839916
69965
9798421
15579
210087
279860
6
0
6436093
2029425
279988
0
559953
0
139982
140004
0
0
0
0
0
279988
3568371
0
279990
0
0
699952
0
139994
989169
559425
0
0
839926
559960
0
139996
279991
419980
0
69866
0
0
0
0
0
139996
839940
979888
0
0
69957
7
31
11167280
0
0
0
0
0
70013
0
279952
0
559938
1
139996
0
0
0
3359056
0
0
0
1329704
69842
0
139996
0
0
559968
0
139992
0
139996
78
977636
0
0
0
1679867
0
279976
0
139996
706112
0
349975
69966
629901
75497039
0
69996
209989
0
419971
0
1819636
0
70085
1958035
70057
0
0
0
0
0
699858
0
0
0
140001
65990289
0
0
0
0
559970
0
69995
0
1399814
279988
139996
559961
0
69988
139996
0
1119856
0
0
0
0
69978
69996
0
0
0
0
279990
0
0
139996
0
0
139996
0
28
140032
139994
0
0
0
69999
0
0
0
0
0
0
0
0
0
0
0
139996
139996
2799339
8
0
0
8
0
0
0
0
0
0
279988
0
139996
139994
0
0
5877370
0
0
489691
139996
0
69867
0
0
0
69997
4
545494
139996
0
0
139992
559966
0
212157
0
279988
559962
0
372
11
0
0
0
0
0
699948
209978
16974
0
139996
839926
279990
0
0
0
559960
839926
0
0
0
0
0
979888
0
0
1679688
139996
0
0
2029507
0
139996
0
419974
0
139996
0
1259871
0
0
0
0
0
0
0
139996
0
0
1
0
1539768
0
139992
0
0
559892
0
0
2519336
0
0
69990
0
0
0
0
0
140027
0
0
139992
0
1469725
0
0
0
0
0
0
0
559956
0
0
69993
0
0
0
0
10728646
699940
0
0
69995
2
3778715
273055
0
69999
0
769840
0
0
70001
0
419980
559968
0
0
0
0
0
0
139994
0
69997
0
0
0
0
139996
0
0
0
69994
1259822
0
0
139996
0
0
0
0
139996
0
0
0
0
0
139996
279988
139996
209961
139996
0
139996
2519350
139992
0
69997
1119886
69990
69996
0
139995
69995
139996
909895
0
0
139992
70034
0
139996
279985
0
0
139996
0
13620784
559966
69996
279990
0
349927
139007
209973
139996
0
69997
0
0
0
559966
0
0
69994
0
0
0
0
0
419970
1329755
139988
0
0
0
69863
489943
0
0
0
0
3422224
0
0
0
3155142
140005
544
139996
139996
490038
0
0
0
419982
139996
0
69997
0
0
0
1119838
0
22
0
209847
69996
0
10
0
0
0
0
69993
0
0
0
0
69997
0
0
0
0
0
0
0
419974
10
0
1
0
70032
139996
0
0
0
0
0
0
0
69980
0
139996
0
139996
139996
0
209986
1
0
139994
0
0
70035
0
0
70140
139996
0
1540132
139984
0
0
0
839938
164551120
0
0
0
419932
9
210012
909750
0
0
0
0
0
0
0
139992
0
0
0
489948
2670770
0
139996
0
2379380
0
414627
69985
0
279988
0
139996
979872
139996
839934
3225160
0
0
139997
0
0
0
0
0
0
0
0
0
0
0
0
699948
209595
139994
21
139996
69994
0
1112861
139994
5
0
0
0
28
489507
0
0
0
279988
139994
0
0
0
139996
308254
209931
0
444942
0
1959700
0
419976
2939505
196337
0
139996
0
699940
0
0
209857
839916
0
629941
139996
0
979916
0
0
0
0
0
17
15
0
0
209987
559953
0
69994
0
0
1329770
349550
0
0
0
139996
15940069
139996
0
419190
0
4058078
0
139996
0
0
629925
0
0
0
0
32
1119856
0
0
0
0
259
139990
279988
19168247
0
0
0
139996
0
0
0
0
279988
70061
1329403
979888
0
403869
0
0
0
139992
0
420300
69981
0
0
0
0
559634
1539817
769917
0
0
0
419964
699948
1539736
2
0
0
0
979916
0
0
2
0
209990
0
0
1327125
0
0
279988
0
1119848
0
209982
0
0
0
0
8954080
69997
0
10
699888
0
419980
0
0
0
0
0
0
280036
139994
0
0
0
0
0
7015809
0
139996
0
0
4
69998
139996
559960
0
419980
0
559960
139996
0
69994
0
0
14962456
16915693
0
69997
0
0
0
279980
0
0
0
0
1259864
0
0
139996
1889887
0
139994
0
559960
3219176
16
2379547
322
139996
0
0
0
565614
0
558957
0
979856
419974
419970
349993
139997
0
0
0
0
2099552
0
0
0
1119826
0
0
0
69982
139986
0
0
0
139996
559968
279988
0
2221979
0
489885
2938300
0
0
0
0
0
0
699946
0
139994
629867
0
0
349967
0
0
0
0
68986
1259866
0
979930
139996
69994
8199811
7546
699941
139996
139996
52229
0
0
0
0
3
0
0
0
0
70040
559960
69997
4127588
0
0
139994
70235
0
0
279988
69995
69997
69706
139992
0
1959646
139996
0
0
0
0
0
139996
1
3079222
0
81181
0
0
0
0
279990
0
0
0
139984
0
0
0
559881
1819742
0
2799262
0
0
0
0
0
0
0
0
0
8
139996
70249
0
0
0
0
1
0
0
139996
0
0
0
69995
0
0
0
0
699948
139996
0
0
0
69994
5
0
0
4896232
0
979722
0
0
0
0
0
699940
69758
0
0
0
0
0
0
0
0
1049881
0
0
0
0
0
0
0
69993
979890
559962
1
279990
0
139996
839907
139992
69914
0
139996
141562
839928
209989
0
0
0
0
0
209964
0
2099536
0
139996
0
0
69994
0
1150504
115
0
139996
349963
139880
0
0
139994
209985
139971
69990
0
0
0
139996
559960
0
2799294
2799150
419962
0
0
0
0
0
69742
0
0
0
0
0
0
0
0
0
0
0
139996
70021
0
0
13428
355
0
0
0
0
0
0
0
139993
6928973
0
0
0
0
0
0
0
139996
279989
69997
69990
210012
139996
1712
0
0
0
1959670
0
0
4541223
279988
349355
17737392
0
0
0
139996
0
1399809
139996
0
0
69997
0
1399683
0
0
1959606
0
0
0
1819330
559970
0
0
0
0
0
0
69995
419958
419976
139995
0
0
69990
0
0
73
69832
0
279988
0
0
69996
139996
1399290
1399784
0
279988
279990
210074
0
139996
69405
0
0
419976
0
0
139996
0
0
0
0
2379606
0
0
210170
69994
0
0
0
0
69997
559929
0
0
69794
0
436
69999
0
0
0
0
69996
0
419976
209979
0
1399826
0
69981
1189829
0
139996
139996
0
279990
0
0
0
839926
0
419980
139996
0
0
419898
0
279988
0
0
559960
139996
1259339
279988
69997
0
1610059
139994
0
0
0
69993
209920
279988
0
839918
139996
0
0
9
0
139511
56
139996
0
227
0
0
279988
0
337
139972
0
0
0
0
0
0
0
75809
139996
419976
1
1259866
0
0
320
0
0
0
0
69997
139996
116298011
209967
7609953
0
139996
0
0
0
419976
0
0
419962
419948
0
0
0
0
2
0
6
909882
279988
1119851
0
0
279984
5037880
0
0
139996
0
0
957500
0
69996
0
28
0
0
0
2
0
0
0
1
0
699940
0
0
2
0
0
0
0
0
6366428
0
769751
0
0
629909
0
0
1469170
0
0
139996
559766
0
909832
0
2099608
0
6
210003
629906
69997
0
28619070
209890
489982
0
838032
279979
559952
139996
69995
0
629965
0
0
0
69997
0
0
139996
0
0
0
0
70038
0
8
419946
0
0
0
0
139996
419976
0
0
0
139996
69997
0
279988
0
559966
0
3
0
0
0
456
0
0
70220
0
0
1259860
0
0
140012
0
979910
0
0
209992
909903
0
0
419976
0
1679656
699954
0
0
0
0
0
0
699940
1889540
0
0
139996
0
279966
1892502
20
279988
366202
0
0
0
279988
0
0
139996
279988
1399798
2
0
0
139996
0
1399780
139996
0
0
139996
69997
0
211305
0
0
0
139996
139986
139996
139996
139996
0
139996
0
4
0
0
139996
1819714
2099638
0
0
139996
0
279988
139990
839938
1399812
0
0
94
3
2169474
0
0
0
0
0
0
0
3847846
279988
0
419976
0
0
280082
839932
1959624
0
2169433
979888
0
0
2125324
70001
0
350211
349976
0
279463
4408087
0
0
0
0
3
0
69996
349855
0
1539002
279990
0
0
559980
0
139996
0
0
0
279982
139996
279966
140012
69997
0
0
0
0
69997
0
0
0
70011
69997
2300776
69993
0
0
559966
419972
839914
279979
699948
0
0
0
0
0
0
3638934
0
0
0
15582554
0
279894
699954
0
1539764
839823
0
0
0
0
0
9
0
0
0
24
0
559966
0
0
0
0
0
2
0
0
139996
279988
0
0
2939688
419976
0
0
0
0
69994
0
0
0
0
0
139996
0
0
0
0
0
139996
0
5578842
0
139994
139996
0
0
0
279988
0
140050
0
0
139996
69997
0
139996
0
0
69993
1119882
1
0
8
0
0
0
0
69999
0
5802623
0
0
209904
69996
0
0
69605
0
63189133
0
0
0
18
69995
139996
1469565
0
69996
139996
140035
139996
0
0
0
0
0
69996
0
0
139996
1119846
139996
0
0
70003
279990
5
70017
0
0
69996
0
0
0
0
489937
487445
419976
69985
0
0
0
279988
13984690
0
279988
0
0
0
0
139996
0
0
0
0
419976
0
0
0
0
0
489954
562330
139996
0
209989
839916
0
0
559966
4698
0
1260016
0
0
0
0
139996
279984
0
70013
139991
0
279990
139996
7906267
560059
0
2379396
0
0
7
0
139996
0
1539808
0
0
103618297
0
699952
0
349980
0
37
0
7
0
69984
699940
0
0
0
139996
0
1
139910
0
9
1329753
629938
279988
0
0
0
0
419980
139996
0
0
0
1
0
0
0
0
0
79
139994
69997
69993
279990
559960
0
0
69977
1259825
0
0
0
0
419978
0
559960
3498870
0
0
0
629790
24
139996
700359
3078920
0
419976
0
0
0
489942
419976
0
39
419976
0
0
419976
699940
629880
1
0
0
0
283178
0
0
0
0
11260243
0
69955
0
209976
139996
0
0
6
419976
279988
0
0
0
69997
0
419970
0
280021
0
0
279990
139996
0
0
0
0
139996
0
209985
0
0
0
0
139996
256
0
139996
349968
0
0
0
0
0
0
349925
0
139996
0
140000
0
0
0
1119809
349973
349964
2939421
85
559967
139996
0
279990
0
69997
0
0
0
139996
1049727
279976
279990
69995
138114
0
1679716
1119852
0
0
0
2020611
0
69997
0
0
419980
13069672
139996
209995
0
279988
0
490669
0
0
0
190929
0
0
139996
0
139996
0
0
0
0
0
0
0
0
6214930
349973
0
2381888
0
0
1
0
0
0
0
139996
0
0
0
0
0
0
0
139996
70553
1
9372439
0
0
419980
0
0
0
69997
139952
1749673
0
0
630017
279988
0
0
0
1819700
559912
6
0
0
0
0
0
0
419980
6436409
0
0
419964
209980
0
0
209576
0
0
0
1679017
279990
5982534
0
0
0
2589178
0
0
0
419980
40
0
0
139996
139904
0
0
0
559970
136
279988
0
139996
0
699878
0
0
488860
0
0
0
139998
0
279990
0
0
0
9055
0
139996
139996
419976
139996
69402
139511
0
7973908
0
0
0
0
1819675
0
0
0
0
279988
69967
139996
0
0
0
0
1
610345
0
0
800166
0
139996
0
0
0
349979
139993
0
0
279990
5
279988
139996
2169580
0
0
0
0
0
69870
1621583243
0
2
139996
70011
139388
11889646
0
69940
0
139996
325799
195977
0
419964
0
0
1189783
15
0
62
0
10571
0
0
0
0
0
0
0
209981
0
139996
1609579
69995
0
0
699938
699806
700039
0
0
0
139996
11294
0
0
0
0
0
6
0
0
0
0
139996
139996
0
9472124
139996
0
0
1259820
0
0
0
0
0
0
0
699940
0
0
0
0
0
0
0
0
279990
140018
3525
139994
0
1119824
0
139996
419976
699940
139994
0
0
0
139996
0
0
69999
2152160
0
0
0
0
0
0
0
209958
8041571
279988
559961
0
1959680
69993
3499128
0
0
0
2
0
419972
279850
209985
0
1259818
0
0
0
139996
839938
420414
0
0
0
0
0
0
209977
279882
139996
0
0
0
0
69987
0
139996
419976
139996
279990
0
699952
209490
419980
419976
279988
70022
139996
559966
0
0
0
0
69796
0
139994
0
0
160086
489865
0
0
0
8253395
209607
0
0
139996
69763
279988
699920
0
0
0
0
0
0
0
350303
0
0
139996
420013
559966
0
139996
2
139996
0
140053
4058570
0
559968
0
0
0
839934
139996
11077805
0
0
0
0
559970
419977
279988
0
0
0
0
0
139996
0
15125372
9022784
0
0
69992
0
0
69993
0
0
0
0
349965
4198492
349963
0
209991
0
0
0
0
0
0
139996
0
0
69982
0
0
0
0
34640853
0
0
0
0
0
419972
419980
0
0
139996
0
0
139996
0
69965
0
0
0
279988
141945
0
0
0
1
0
139998
139997
0
279986
0
0
0
139996
559954
0
139996
0
1119854
419976
0
139992
0
0
0
0
7833616
69978
0
1540168
139967
0
2914146
0
419688
277592
0
0
0
209980
5316246
0
0
139996
2
69999
4
0
0
0
559960
0
139996
979904
139994
0
1329809
419969
2029315
0
29
69996
0
209889
2
139996
419952
0
0
2729325
489957
0
0
279988
69991
0
139994
0
0
0
770377
0
0
139996
0
560544
0
699084
0
0
979908
0
0
0
699946
2869049
0
69855
279988
699948
0
3286444
139994
0
0
419980
0
70026
0
1
12090049
1119879
419980
69994
139984
2379474
0
1679683
139996
0
0
3147753
699912
139980
0
0
0
0
0
0
6
699948
0
1259748
0
280100
69993
0
279988
0
0
0
0
0
0
559912
3
0
26
166496934
279976
0
1189889
0
979886
0
139000
1749690
0
0
0
69989
0
0
979922
139996
1609659
0
139996
0
0
5447
140082
0
0
0
419942
93295304
279990
0
0
12692
70064
0
0
0
0
0
0
1
0
0
209988
0
0
69996
0
0
0
0
70021
0
0
139996
0
0
0
699940
139996
139996
0
559812
0
0
0
139916
699940
0
70327
139996
0
0
839914
0
279953
209979
139996
0
279988
2
0
0
4353796
0
69997
21090169
69996
139996
0
699940
1611622
0
70051
279988
0
0
0
0
139996
0
0
0
0
139996
0
0
0
69999
0
279990
0
490239
139996
0
0
1049720
279990
559968
0
0
139996
349951
2865479
559966
559968
5464119
0
0
0
0
0
0
0
0
7136042
0
141093
0
7
279982
279988
0
0
0
419982
0
279984
0
3778588
69984
0
139871
140003
0
14
0
0
0
0
69868
69802
0
0
0
69995
0
0
0
0
0
139996
0
0
489953
0
139996
0
419976
139996
0
0
139990
0
0
0
0
139996
0
0
140119
0
0
769874
0
0
139996
139996
33
139996
839932
0
0
139995
0
139806
0
139996
0
0
139996
3639002
280614
1259808
3148804
0
1539419
0
279990
139996
279878
1398319
0
0
0
6
0
0
0
0
69997
0
0
0
0
0
0
0
0
209985
1679660
349977
0
0
0
0
279980
1129442
0
0
0
279986
0
0
0
0
2105091
0
58552
0
0
0
0
279891
0
0
0
0
69994
140000
0
0
2309288
0
0
0
90
209981
139996
419979
0
0
139996
0
0
139994
139994
0
0
419980
0
0
0
0
0
0
0
0
0
139999
69991
69997
0
139996
279988
97
0
70017
0
279981
0
69997
70018
0
0
139996
0
1890621
0
139996
0
0
139996
22
2239586
0
0
139996
0
1259384
0
0
699946
209989
0
281710
0
0
0
1609722
0
0
139996
0
7
419980
67900
0
69994
279988
419980
209915
0
139996
3359924
0
0
419976
0
0
69969
0
139996
0
0
279988
0
69997
839606
0
2042748
139996
69996
0
0
1539781
979874
0
279990
0
0
69988
0
3
0
279997
700060
209928
0
2239456
0
559977
69997
0
0
0
2
0
139996
0
0
69982
139993
0
1539792
0
69996
0
1038526
1049812
279988
979888
0
0
1259927
0
279954
0
699952
69917
0
979876
70027
139996
139996
1119898
3219040
209979
0
139978
0
349977
0
0
0
29802051
0
0
0
80796
0
0
0
209994
0
0
0
0
0
839918
0
3
139996
0
0
0
139996
770049
0
0
0
27516225
0
0
1119856
69595
0
0
139996
0
559960
0
0
30
1119894
769931
0
69997
0
419957
0
139996
69930
0
3
0
0
0
0
0
0
69989
0
70095
3029
209910
25628728
139996
0
139996
69990
0
8
0
0
69995
39074560
0
140688
979888
0
1819174
279992
0
1259806
0
0
21102801
0
69991
279988
279990
559640
350001
0
419977
279973
0
279986
1889625
0
0
0
0
0
0
279982
0
419980
0
0
0
0
139996
0
0
0
0
0
0
559966
0
0
2
699940
0
0
209055
0
70048
279988
839843
0
3988538
209989
1119856
1119856
0
0
139996
139996
139996
1539743
9
0
0
279986
489945
139996
979910
419977
1399727
0
489929
0
0
139996
0
0
139996
0
0
0
0
3498813
3918542
0
839784
0
0
2519543
4516161
0
1259837
0
0
12448688
14
0
0
1259860
0
0
0
0
0
33
1896131
0
0
0
349977
0
0
0
0
279988
2659270
69994
0
0
139988
0
0
279988
0
0
0
559952
0
0
0
699671
699975
0
490127
0
0
0
279988
69952
0
368450
0
139996
0
0
2
69992
1889626
0
0
1329849
0
0
0
0
0
0
0
0
76752
0
0
279998
0
0
0
3289012
839924
139996
56832
0
559971
0
839950
0
0
0
69919
0
419978
5236
139996
0
0
0
0
0
279984
0
0
279968
0
0
279990
0
279988
0
0
0
0
0
0
431664
0
0
139996
0
0
0
35
0
0
279982
0
0
0
0
70034
4
139996
0
0
0
140003
0
7
0
139996
419976
69914
0
0
0
0
139992
0
0
0
0
629859
839926
139996
5876672
279990
4198322
0
0
0
0
0
0
0
0
0
0
0
0
0
0
0
0
0
0
139996
913958
0
0
0
69797
279909
0
0
559944
559960
0
0
139996
5
69997
12
6435708
0
4342158
0
0
139996
212995
0
1609664
1
0
0
0
3428325
0
1399822
699948
0
0
279976
0
0
0
0
0
0
640189
0
0
139996
0
0
0
0
0
0
139996
0
0
279956
0
0
139996
0
1749637
0
0
0
0
979918
0
0
0
0
0
0
0
3079232
69989
0
139996
279990
0
1119680
0
0
1386
0
0
0
1399754
139990
0
0
559965
139996
139996
0
0
0
0
0
0
139996
0
0
139996
22213749
1259848
0
0
0
0
279710
139992
559960
0
0
0
0
279988
139996
69993
0
7905019
279988
5
139996
0
0
480108
69993
279985
0
0
0
0
0
0
115903
0
0
0
0
279988
69995
0
2
0
139996
0
0
10262321
279927
31563648
349351
0
0
0
69997
0
0
0
0
0
0
2170528
29345
0
0
0
0
139996
69959
0
279988
0
69997
3008880
0
419980
0
0
140041
0
210167
0
0
139996
0
0
209901
1399780
0
0
1819695
1119856
0
139996
0
0
497954
0
0
0
0
419976
0
0
0
139996
279976
139996
699823
0
0
2169505
70007
7821682
210045
279988
0
0
839916
0
139996
9230719
139996
0
0
0
0
839932
1119827
419976
69991
1539772
559731
4897296
0
0
6367112
150
0
0
0
0
13902
279988
0
21451214
1049440
0
6
489513
0
69997
0
0
0
0
0
31
836780
285761211
139996
139996
0
1962
0
0
139991
0
76
0
0
1714
10
69978
1538598
0
0
0
0
3895715
839440
0
0
0
195542
0
0
0
0
0
5503017
2239404
0
0
139996
279988
0
0
139996
0
279988
0
0
279990
0
0
4
0
0
139996
699940
0
0
699940
419964
1119858
0
69887
0
70049
909834
139996
0
0
0
4758029
419976
0
0
0
139997
139996
0
139997
0
0
560026
0
139996
20122661
0
139996
979842
0
0
0
3918738
139996
0
0
0
1399581
0
0
0
2017338
559966
0
0
0
419985
139984
280010
0
0
4547588
0
0
0
0
279988
0
0
1119889
0
7
0
0
419980
0
1119856
279990
163375
1609589
139996
0
210233
0
136644
209926
0
0
69997
0
0
559960
419976
0
139996
0
0
0
0
699932
0
419950
0
139996
0
0
0
0
0
0
139993
0
139994
0
279988
0
0
209982
139840
0
279988
279988
0
699942
1049868
139996
909873
0
0
279988
0
0
0
0
0
0
909871
279994
69833
279968
0
279972
2239594
0
279988
0
140003
0
559966
10
0
1889552
0
0
0
69996
0
69994
0
279988
139996
2099520
0
0
69997
3218896
69993
139996
279984
1259850
0
0
629936
0
209982
1819636
69859
0
112659
0
139996
699922
0
209937
70028
1105782
699930
0
0
0
2192526
0
839926
0
0
139996
0
279960
279988
0
0
139996
69996
1118950
0
0
0
279970
0
279849
0
0
279988
0
0
0
0
0
0
0
139996
8175652
0
139993
1189767
8
0
6715548
279988
0
839938
0
0
0
0
0
2170038
0
0
0
0
69997
139990
0
419976
0
139996
69997
0
2239474
0
279988
60233277
4338402
559960
139996
0
0
0
0
279990
2099520
139964
0
139996
139996
419976
2868779
0
279988
139996
139996
279965
0
0
0
0
0
100
0
279988
0
0
0
139996
0
280780
171
0
1679517
0
2379375
0
0
0
979916
0
0
139996
0
0
0
69993
0
70002
420502
0
0
0
0
0
139996
0
0
0
489961
0
139996
489930
421375
0
139968
139982
0
769911
139996
0
0
140005
70043
0
559970
349985
0
209989
979908
0
419983
0
0
0
0
0
0
0
629947
10
0
0
139996
0
4966852
770004
0
0
1819691
0
839916
488706
139996
0
0
0
21
0
0
1469588
0
279988
559960
0
10629639
139996
0
71
0
139996
699928
2239498
279988
0
280023
0
0
0
0
2
839916
0
139996
0
279988
139996
0
279982
139996
979908
209942
0
0
2
0
0
139996
0
0
69997
0
0
0
0
0
69983
0
0
279988
0
349974
279990
18
0
0
0
429053
0
0
0
1819700
0
279988
489923
419976
139996
0
0
0
143018
279988
0
418909
0
839938
0
559960
0
0
0
0
209250
0
139996
0
0
0
139996
0
2519470
0
0
279970
0
0
0
175079920
0
0
0
0
0
0
1256977
0
0
0
0
699940
0
350002
139996
2
0
489958
0
0
209988
0
139996
140013
190701
0
628988
0
0
0
559853
0
0
141798
0
139996
0
0
139996
430224
140004
0
0
979916
4
0
0
699948
0
419980
279984
289836
140102
0
0
0
70026
0
0
139996
0
0
0
0
0
0
2449847
0
208701
0
0
699940
561
0
0
139996
0
0
0
0
0
139996
0
0
209983
0
699948
0
0
0
0
26
139996
3847170
69997
0
69998
210150
419980
69997
0
0
0
279982
823831
756263
121
0
139996
0
0
0
0
279988
0
0
979731
6
0
0
0
28212513
0
209763
1
16
0
279964
559798
69996
0
0
0
13
0
0
139936
0
279976
0
0
140014
0
139992
0
0
0
0
0
0
0
0
0
1540308
419980
0
0
279982
25109326
0
0
0
0
139996
0
22
0
0
216361
139996
842282
0
139996
139996
139994
0
140048
0
209993
4478135
0
0
69997
69978
0
139996
139996
0
0
1259762
121
0
0
0
0
0
139996
0
419980
839893
0
0
12
0
0
0
0
69994
0
0
0
0
279989
0
349973
0
1959519
0
70005
0
0
0
0
279988
0
0
419976
349974
0
0
419980
1109217
279990
0
0
0
139996
0
0
0
0
559966
0
0
140011
0
2659341
0
0
0
0
279988
0
0
4
0
0
0
0
69905
69997
1959311
0
629960
0
0
0
69999
0
0
139996
279988
419988
0
0
0
139996
69994
0
0
279990
0
0
0
0
0
559776
10553710
0
0
0
559960
0
1
0
2939218
0
0
0
0
139992
0
69966
802458
0
0
0
0
0
0
139992
0
0
0
0
0
0
0
139992
699910
139996
0
0
279988
0
1
0
834
559961
0
210317
0
7834982
0
419976
419976
0
0
0
0
419976
0
0
0
419976
0
6
0
419976
279989
69995
69997
139996
0
139996
1329573
139996
0
0
0
0
0
140006
2799328
0
69891
0
629820
489352
0
0
278994
0
0
0
0
0
419970
3568574
0
0
200646
0
0
0
0
0
0
0
0
1748980
0
0
279976
0
0
0
6
419976
70419
139996
419976
139996
0
0
1259847
30
392126
1690
0
34
0
0
0
419976
0
0
0
0
0
53
0
559942
0
0
0
0
349977
139996
0
0
0
139996
839873
0
979900
349972
0
139996
139996
139996
0
0
349980
74
0
0
2379388
0
2581
0
150560
0
0
0
0
419976
0
44
69977
0
1119856
0
2
0
0
0
699948
0
0
139996
0
0
419974
0
699899
0
139997
0
40675
559960
0
0
0
0
14
0
0
0
70022
1642855
0
0
279964
70009
0
0
0
2939267
0
1679698
1539780
0
0
0
2655009
279990
0
419980
0
0
139996
0
0
419976
0
559960
0
0
0
419976
69997
0
0
0
0
84
0
0
231408
0
0
0
0
0
0
0
0
0
69997
0
139996
0
419982
0
0
0
699930
0
279984
272690
0
0
139996
0
0
0
0
0
699902
69970
0
0
0
9509006
0
0
0
0
0
1539736
8784
0
70024
0
699938
25644
0
0
139996
559970
0
0
0
279990
839919
0
0
0
0
0
139996
69572
0
139996
69997
0
0
279990
622
0
69996
0
0
0
0
0
0
0
0
0
1119869
0
139996
139996
0
0
0
0
2993484
139996
0
4688307
225982
139996
0
0
0
0
0
0
0
0
0
0
0
0
0
979874
140010
0
0
0
1399368
0
0
0
68363
9
0
0
0
0
0
419970
0
0
4197596
699940
0
139996
419980
420290
0
187959
0
3320
0
69997
0
69995
561460
0
0
13002880
0
139996
488
0
629930
0
0
140510
11
69996
630066
760431
1469736
699857
69959
139996
0
0
2239598
0
279990
419980
0
139996
699922
0
0
0
0
0
0
1259838
0
11
699940
0
3
0
0
0
69999
0
0
0
139992
0
559960
0
0
0
140037
0
0
0
0
0
139994
69993
699949
0
839926
0
2
0
0
69995
0
0
0
0
0
0
279988
0
559960
0
0
139996
0
139996
419970
1799
279967
0
279924
139996
0
279988
0
0
0
0
69992
280000
0
0
0
279990
2
0
839916
0
279988
69996
419978
279990
0
139996
6424
419972
0
0
279990
559966
22641948
0
0
0
182
0
0
0
0
0
0
139996
97402
0
279988
69994
139996
2
0
0
0
699948
0
0
0
139996
2871682
0
0
0
0
0
0
0
0
0
0
292825
0
209979
0
0
0
0
419976
0
0
0
0
0
0
0
70155
1539792
70021
0
139996
629925
0
0
0
0
0
139996
0
419976
69995
419970
279990
69997
349983
0
69994
157388328
279988
0
0
139999
0
0
419982
0
1
0
0
279988
0
0
0
0
419980
0
0
0
0
69994
0
1
1220
0
0
0
0
8
0
2379095
7694402
12445104
139996
0
0
0
2239550
0
279990
0
0
0
164
839926
0
0
0
0
16
139966
0
0
0
1
0
0
0
279988
1189845
139996
0
1539772
0
0
0
0
0
139996
0
69996
0
0
0
0
139996
1679734
768612
0
139996
914122
0
0
1
0
419980
139996
0
0
279988
139996
20
699954
139910
0
0
0
0
0
0
647
3638518
0
0
839892
419976
1399798
279984
0
0
0
0
0
591408
0
0
6
279988
279990
629884
0
0
0
0
73468
0
419976
5177560
419968
0
0
0
0
197270
2659340
0
139996
70537
0
69995
0
0
70017
0
0
0
1399556
0
139996
25707
0
139996
0
279988
279954
279981
279988
419980
69997
0
0
0
845563
0
0
0
140005
0
279990
1539788
92
699948
69997
12866108
279988
0
0
0
0
0
0
0
69997
0
6575832
0
139996
0
0
139996
0
0
139996
0
0
0
0
1679734
350065
420182
0
0
1959692
602468
0
0
0
139996
281168
0
0
1
209985
0
0
0
0
1119854
0
209367
0
139996
1819635
1539774
699940
139994
0
0
81772
69997
0
0
1539780
279990
0
172347
4338412
0
0
279990
0
0
0
0
279988
15218662
279990
419970
139996
0
13075979
69993
0
0
0
0
139996
279896
533403
279990
0
419976
139996
559960
139994
0
279990
139996
559960
559960
0
3287784
140000
6
0
0
0
0
70043
0
0
139996
140022
0
139996
0
0
0
0
209820
15369674
139992
419976
0
0
26
0
0
0
0
0
0
139996
0
0
0
69997
0
1259820
0
0
69991
139996
0
0
0
0
0
0
0
0
0
139996
198896
0
0
0
139996
210001
139996
69990
559960
0
0
362603
0
0
700186
769909
139996
979858
1539756
0
0
0
0
0
139996
0
909903
489967
0
0
0
279988
0
0
0
0
139996
0
419980
0
0
0
0
0
0
0
353104
69996
0
0
3498700
0
840157
139996
0
0
0
279994
839926
979891
69990
69996
0
0
1119860
0
0
0
0
0
69978
419982
349979
0
0
139992
69995
979888
1
209969
0
279988
139996
70056
0
69993
279988
0
1
279990
0
0
0
0
0
69997
140129
139994
658
349138
0
7
0
2379435
489958
0
139996
279990
139996
13
21
0
0
0
349979
0
0
139996
559960
0
0
0
0
0
0
0
0
1959580
139996
0
0
419971
1469404
1329857
0
0
0
489876
279990
0
0
139996
0
0
0
69983
0
202497
137147
0
140007
0
0
0
0
0
0
26680
279992
0
0
0
139996
280101
0
0
0
0
419976
559966
0
0
1329685
279988
0
1399822
0
0
0
419980
0
9791181
2519337
254
9900
630679
0
0
4405967
139996
3
0
0
0
0
1259836
0
3848349
57728
0
139996
0
0
3358787
211038
979890
0
559966
0
0
4
0
0
0
0
0
279940
0
0
0
0
0
1049959
101779
139996
0
0
279988
279987
0
0
0
0
0
0
0
0
0
139996
0
559950
6079835
0
0
0
0
0
69990
0
70005
0
0
0
0
139996
212301
279988
210083
279984
209985
139994
0
0
279477
0
559967
0
0
139996
769846
209989
0
0
0
0
0
0
0
0
0
0
69971
279990
0
559868
419976
2
0
0
0
638049
209994
0
559108
0
8
0
70445
0
1962304
0
0
0
0
0
0
279988
419980
0
0
1027
2
0
209983
0
0
0
139996
0
139996
0
0
69932
139996
139996
139984
0
279980
490798
0
0
139996
6
0
15591188
0
417774
0
0
0
0
699952
0
559965
0
2
69995
1
1329736
629953
0
0
139996
279988
419976
0
139996
0
0
0
0
0
279990
1399852
3252083
0
0
0
0
1679742
1399798
0
0
0
0
0
0
0
0
0
279988
0
139996
0
0
0
0
0
279988
0
0
0
0
0
74
139996
1
0
2
1469799
139996
0
27
0
1539735
419938
0
69969
0
0
0
209938
0
0
0
0
69984
0
9
559968
0
139996
0
0
0
17400242
69997
0
0
909685
279990
699940
1
350002
0
0
0
0
139996
0
6
699948
1119706
139996
0
7
0
139996
0
139996
0
349971
0
0
0
0
1959605
139996
0
0
0
0
0
0
0
0
0
139856
0
0
139996
0
139996
0
0
0
839923
0
420129
0
0
139996
139996
23
139996
0
0
0
209996
0
139994
559960
349969
3
1
0
2
0
0
419976
489949
139996
0
7763670
0
0
1119882
0
0
0
0
0
0
0
0
0
279990
25
979910
69996
209993
0
4
139996
0
0
112630
139996
0
69997
0
0
0
0
0
0
559966
0
139996
0
279988
2
0
419976
350006
0
0
0
0
0
139996
1
0
0
279994
0
5
0
139996
25
419982
420012
0
0
115182
0
0
0
4338668
0
909070
0
559960
0
0
70764
419970
0
279990
699948
971
209999
1959452
0
139996
0
0
1679714
0
3007844
139996
0
6
419980
0
0
1119868
69999
0
0
699946
144
0
0
0
558208
0
0
0
0
279988
0
0
0
0
69995
0
0
0
0
0
0
0
70023
8
0
0
2239426
0
0
0
0
4337231
0
0
0
0
0
2659448
22
3956834
489970
0
0
0
139996
348649
0
1959580
0
2313009
419982
0
0
0
0
139969
0
0
0
0
209949
0
6
489937
0
279990
1259808
0
60
0
0
16
0
143326
139994
0
0
5888683
1037993
3775285
1946519
0
559966
419980
1259849
0
0
0
0
69995
0
6
0
0
839878
979902
139978
0
0
489951
209938
0
0
0
0
297
0
0
0
279986
0
0
279988
0
0
0
5037770
0
0
0
0
0
279988
139996
279988
279987
1119870
0
0
1
279984
280164
0
559964
24
1679728
769917
0
140069
4060271
0
139996
191
0
0
139996
0
0
0
0
0
139996
69997
0
2180849
139996
3
419976
0
0
0
0
0
6
0
1959676
0
69929
419976
0
0
0
0
0
0
419974
279988
187314480
419980
1959666
0
630024
349930
0
489909
139996
0
419892
0
68494
0
1049252
0
0
139996
0
139996
3
0
0
0
0
279994
139992
419980
559966
559970
0
0
0
0
0
0
0
0
139974
0
0
0
0
139996
0
0
70303
0
0
419839
0
0
0
139996
0
0
0
0
69997
559952
0
140078
209987
139996
1119856
559960
0
279991
419970
629908
0
0
0
0
0
0
279990
839932
0
559968
9
0
139998
0
69919
0
0
0
0
0
0
0
0
0
699860
139996
0
69995
349971
139996
0
0
0
1
0
0
419976
0
0
349956
0
327736
2655972
0
1539792
0
0
1259820
0
139864
419970
0
140001
69983
0
4262597
209991
69997
0
0
0
0
769887
0
839916
0
139996
0
419976
140003
139996
139996
0
0
559968
0
420012
69997
0
3358930
0
0
0
0
0
0
699940
7
69992
6
19827896
0
0
0
31
0
0
0
0
0
2519280
0
6105071
349971
419980
16
0
0
69996
69072
1539747
67487
0
0
0
139996
0
839932
839785
7554466
0
0
209730
0
0
0
1894308
2589315
0
0
0
139996
139996
139994
139992
0
419970
0
69997
69987
0
0
0
0
139996
0
0
419980
279988
0
1539750
0
69994
139996
0
0
139996
0
0
139996
0
839934
0
19
0
0
419980
209982
0
699952
209984
0
60326
559944
139996
139996
69998
0
0
0
0
0
0
419980
0
0
139996
559965
0
139996
139996
0
70005
0
0
419980
0
69996
0
561494
0
0
559947
0
139996
0
0
0
0
0
0
139942
0
559946
349975
0
0
139996
0
0
139996
0
0
0
279990
0
0
489930
0
0
350016
279988
139996
139996
139996
139996
139996
1049877
69987
0
0
0
0
559960
139996
69997
0
699940
0
419976
210296
140598
0
140005
0
70057
0
0
0
139996
279956
0
211156
0
559953
0
0
279949
0
28
0
69980
0
419982
0
139994
0
4898332
0
0
0
0
69997
0
1819728
419980
69995
0
5134653
0
0
9295801
0
0
139996
139996
419983
279988
0
279984
139996
279990
139996
0
210005
0
0
279990
349984
2099597
70029
69994
0
25
15439213
0
401
419980
480840
69997
0
2239034
0
0
279988
279988
0
0
1606817
1
0
0
69995
419980
69985
0
1469397
0
139996
0
0
210641
0
0
0
699948
0
0
559960
139996
0
629937
139996
699948
69950
0
0
1189839
0
0
0
0
209988
0
139996
0
452304
0
769524
0
0
349950
0
0
0
0
0
419976
139996
0
1051335
699940
0
0
139996
0
0
0
0
0
0
419976
69995
192526668
0
769722
419976
0
0
42
0
2387120
139996
279990
839918
0
139982
69993
0
139994
0
1539766
0
839934
0
95
69997
0
4832880
0
139996
0
700999
0
419952
209990
0
139997
909886
279988
0
279988
139994
1
419980
0
279988
139996
0
0
0
629925
0
139996
139996
0
0
559920
0
0
0
699940
0
0
0
0
139996
0
0
139996
279990
2029217
0
279996
0
69997
4886
0
0
0
0
139954
0
0
0
0
1025996
3
0
0
139996
139996
979900
0
139995
6017024
0
209870
3
69992
0
209513
0
349977
0
0
0
0
140096
0
0
0
0
139988
0
0
0
0
0
488464
419976
0
489921
419980
139996
640
0
0
707742
0
0
0
3219036
0
139996
0
0
279984
0
1959772
69996
9932038
0
69997
0
0
279990
0
0
0
0
0
979908
1049743
0
0
279990
139996
0
0
0
1119858
0
699457
3289129
139950
279984
483
0
70063
0
139994
63550
209987
139996
0
0
0
28
0
0
279988
0
0
0
318
419956
5806838
139996
559944
0
139994
0
0
279990
0
2799339
3424110
139991
128818
5518083
35
1399815
0
0
139996
0
0
0
0
0
0
0
0
0
0
0
0
279990
139996
279966
699782
0
279984
0
349979
279984
69996
0
0
0
139996
0
2799304
0
16
0
0
139996
0
5
0
139996
0
0
0
0
0
1679688
6574
0
139996
491902
139996
0
1539691
0
0
419976
0
0
0
0
0
0
0
1496159
0
0
0
497207
0
283161
69994
349947
0
839916
0
0
139996
46
139996
3706591
0
0
139996
0
0
1539736
699940
0
69997
69997
139996
0
0
279990
0
0
0
0
191
0
0
139996
0
630479
559962
0
3569649
0
7477
139996
0
0
0
9650740
0
0
0
839916
209953
139996
0
0
3
0
1
209989
0
0
139996
0
0
0
0
139996
419946
0
0
139996
0
0
559966
0
139996
69996
1119856
0
0
629847
979888
0
0
0
0
139876
4897480
2802875
0
419976
0
2519328
0
0
699953
0
0
419980
69997
0
0
1260183
0
6
0
0
0
1259848
0
0
3079068
0
0
559960
3325660
7484139
139996
0
419980
0
0
209553
139996
0
6
1119788
1679857
0
0
70467
279988
0
0
490055
0
69997
839884
0
0
139996
0
19
0
139996
0
0
0
0
279988
419977
0
769851
0
3071124
0
0
0
139996
139993
0
0
0
1259856
139996
0
2
0
349981
839900
0
1049468
279990
0
0
0
139996
139996
0
140162
139996
279988
909880
0
0
0
0
69956
0
0
0
0
0
139996
0
139996
0
423864
216767
6868
139996
0
0
839916
0
0
139996
139996
0
699945
280030
0
0
2449457
209985
0
0
0
0
699940
279988
0
139996
0
139996
30418983
279990
0
489965
464334
350698
0
0
0
0
36205432
349979
0
279988
0
0
4
0
0
0
279988
0
139996
0
69997
139996
0
0
2
0
279988
0
69997
699948
3
0
279990
139996
0
0
0
0
0
0
3
0
0
0
0
69957
139996
0
0
0
139996
979806
1189849
0
419964
0
1119868
0
0
0
139995
0
559960
0
139996
139984
209988
139996
0
0
0
0
0
0
70015
0
0
139996
0
69993
624538
72
0
0
69994
139996
139996
69987
0
0
0
1049844
0
139996
4058501
0
0
699956
0
0
0
350317
0
70000
70026
139976
139996
0
139940
139996
0
0
0
0
3359026
139996
139996
69997
0
0
139996
2160213
0
139996
18
0
139996
0
139986
139996
81337
139996
0
139996
0
0
4
139996
909898
559970
279990
0
0
60
0
0
0
19714625
419980
0
279988
139996
139994
0
3008188
69971
0
0
419980
0
0
139993
2
0
0
12164688
0
139988
0
559961
0
0
0
559926
0
0
0
0
139996
69995
0
39
0
69997
0
0
0
0
279988
0
0
42
68726
0
0
279978
489941
0
0
1539736
0
1679730
0
0
0
279988
0
839917
0
0
0
0
0
140056
139996
0
0
0
0
139994
489454
139997
139996
0
0
44778636
139996
69997
0
0
0
0
139996
0
139996
0
279988
0
0
419973
208
0
0
840523
0
279988
0
839932
489804
559966
0
139996
3638778
0
0
0
559960
0
140092
139990
136151
0
0
0
1
139996
0
0
0
0
4973097
139992
0
46350176
559968
0
0
0
419976
0
629831
0
0
0
0
1189772
1
0
140003
419982
2
6
0
0
70004
0
0
0
139992
0
0
69989
81
0
139996
0
0
0
279968
0
139996
140563
0
0
139909
0
0
0
3149157
0
139996
69981
0
0
0
0
0
0
0
0
0
0
0
0
139230
419943
0
0
1747611
139982
209982
0
210025
5177720
0
0
966649
419976
0
0
489989
0
0
0
94
0
0
0
419976
209968
0
69997
0
0
0
139996
2519382
0
26
0
139996
0
0
0
0
279988
0
0
0
140068
0
5
1469691
2238789
0
70050
2
0
0
69634
0
839752
0
279985
7
0
139996
0
1
0
0
0
0
1609509
59987462
0
0
0
769026
5
0
279988
0
0
0
0
0
139950
0
279976
69996
139421
559968
4
139996
139992
19770
0
279976
0
0
0
3359160
0
0
0
0
279988
69456
139996
0
0
139996
419976
0
1537172
0
0
0
0
0
279852
0
0
0
0
18104927
0
0
0
0
139996
0
0
0
69997
0
0
0
0
74871
0
190534
0
3359078
0
195477
0
139996
839916
0
0
0
538228
0
0
139996
209989
0
0
4965888
0
0
0
0
0
839753
0
3
140175
0
0
139996
139996
0
0
0
17
0
0
0
0
139996
0
139996
559970
0
0
13423287
979898
8065331
139996
0
0
5737260
559960
0
279988
139996
1539756
0
139996
139996
629872
0
0
139996
1
4
477328
69993
0
0
69838
0
2657683
0
0
0
459901
0
0
0
0
0
69994
5247102
0
69994
0
0
0
0
0
0
14
0
0
0
490130
0
0
699952
0
0
0
209989
0
0
139996
699940
140028
559960
0
279924
0
69984
0
349992
54
0
0
279988
114870
279990
139996
0
0
10
0
0
279984
0
0
0
0
209663
1400032
1399826
0
0
0
6435681
0
0
139996
0
356997
1609778
0
2
0
0
0
0
12681357
0
0
0
0
209976
0
0
140055
839927
279990
1259820
769895
209949
0
0
559958
0
0
0
139996
0
0
0
0
0
76962
0
0
279940
1047898
0
139996
0
69997
139999
0
0
0
139996
0
0
0
0
0
69984
1329704
0
1539740
12061
5597310
279988
1049914
139996
699950
9
0
9719039
634100
0
0
0
279973
69994
139996
489855
419986
0
139996
279988
0
0
4
139996
0
139994
139996
69997
139992
0
0
69997
0
12
0
0
22
0
0
0
0
139996
279988
489975
279988
1
0
0
139996
419976
139996
0
0
0
0
0
0
1399780
0
139996
489800
559966
0
0
0
0
0
0
0
0
0
0
1329792
209971
0
139996
559960
2246223
14
0
0
979755
699940
0
3
0
0
322229
419976
0
0
1609666
18941720
0
0
559962
0
0
139996
280328
0
0
3329103
0
0
69198
0
0
559920
0
2659240
139996
6716424
0
139996
209980
0
0
0
139996
0
0
279990
0
0
69993
209979
0
70003
0
0
0
3
0
0
139996
0
419984
0
3
0
629807
0
0
4358208
139996
2239534
0
0
0
0
573
0
279988
279988
139996
0
0
0
280006
0
209994
69992
11
419980
0
349975
0
70102
139996
185541
3706384
0
0
0
0
0
0
0
419931
0
0
0
99
279988
0
189
0
0
1119870
559960
0
279990
139996
0
0
0
0
1959660
0
0
1119870
0
0
0
0
1550032
0
0
0
0
1819710
2169577
769871
0
0
139996
1259860
0
0
839934
0
0
280216
0
0
139996
0
139996
0
0
0
1679727
0
139996
69929
139989
0
139996
0
69994
663
0
0
18
0
2491703
0
349934
1
0
279990
419982
0
0
0
5
419980
0
139996
139926
0
140005
0
0
0
3009029
0
419976
349974
10651794
0
0
0
139996
0
0
0
0
209965
0
0
699947
139996
6080284
57437
279988
0
0
1959628
0
0
629922
9
290608
0
0
0
0
0
919773
279984
166837
1819473
1259836
0
2
2
0
2
69991
0
0
0
0
0
70001
69997
419961
209984
1
349982
0
0
0
0
0
0
0
0
279988
0
186
0
7829024
0
0
0
0
0
10
0
0
0
0
0
419971
125
0
0
0
559960
0
0
347463
483615
2379461
0
139996
419976
0
0
0
0
0
0
0
0
0
279988
0
3704714
70439
139996
0
139996
0
22
2537934
0
139996
0
139984
0
559960
0
0
48
209987
139996
0
0
173793
0
1959554
489932
0
699940
279990
0
0
0
139974
0
0
0
2
0
279988
0
559960
139996
0
0
0
979899
0
1819584
139996
2
0
979888
0
0
0
3
1119666
0
0
139992
0
0
0
0
279988
0
62439
0
0
0
0
0
0
0
1539796
0
629955
0
0
0
0
0
0
559968
1119741
0
0
139996
419977
69997
0
0
0
0
45
979908
2
70341
419976
0
0
1469716
0
0
0
23329383
279990
10
0
0
139996
1259820
0
279988
204426
12965
0
139996
1329866
419976
0
1186848
279988
0
0
0
0
209989
0
979908
0
0
0
0
0
3498922
0
139996
0
0
0
0
0
1119890
209975
2
833859
0
0
0
0
1119870
0
139988
279988
0
5686
0
6
0
139992
0
9247046
0
0
0
1399788
0
0
1259831
279990
0
474
0
0
0
0
0
69655
139921
419980
0
0
0
0
139996
0
0
279988
0
139980
0
0
18
0
36
0
0
279988
6
559951
0
139990
0
909419
0
0
0
0
909805
0
69997
0
139990
1539784
0
69994
0
0
0
0
0
0
70003
139996
0
1451
279977
139996
419977
140143
139996
0
559952
139996
979868
0
146230
0
74715
0
633056
1259820
0
0
139996
139996
419952
419978
279988
139996
0
139996
0
0
279996
0
0
0
0
0
0
279968
0
238106
0
0
139996
18615424
1119870
0
0
0
280006
0
139993
0
69997
279988
0
139996
0
0
0
0
0
280022
0
489874
0
347088
0
139996
18308582
0
0
0
4127138
0
0
839929
699518
140091
279988
0
139996
0
1749717
139992
0
0
1819556
0
0
1259154
0
279990
1539730
139996
0
0
0
279990
139998
0
139996
0
279990
139993
559967
2
2447474
0
69997
419976
139996
0
0
0
139996
0
69998
0
1590688
0
419971
0
279674
0
0
0
0
139996
0
0
0
0
0
0
69981
139996
1749719
0
0
139992
279988
4
0
979920
3498712
559960
69997
139996
0
0
2
21096227
0
0
139996
0
419962
1259856
139996
1819676
139979
0
0
559952
1
0
0
559954
0
4058284
0
0
0
0
839929
70683
0
63595
70160
2
0
0
139996
0
0
0
0
0
699839
139992
0
139994
139996
559960
0
0
139996
0
139996
2582352
0
0
0
0
0
70627
0
0
139993
559948
699942
0
279988
0
69995
0
0
0
0
0
0
279988
279988
0
0
559960
0
559980
0
1399780
0
0
139992
979912
559960
0
279988
0
139996
111730
1416
1189670
0
559956
139994
839916
559946
0
0
238
0
209985
0
6040
979910
69997
1259669
0
0
0
0
0
1749659
0
0
139982
0
139996
0
0
1119860
0
0
0
139996
0
0
0
2518816
0
69997
69996
139988
175
139996
0
0
139996
0
420724
139996
0
279994
279985
3569022
0
139996
139996
0
0
419971
0
279958
139992
0
279985
19750351
0
0
0
0
559970
560004
0
69994
0
0
331823
3079235
0
0
0
139992
70753
0
139996
0
0
218
0
352982
0
279968
0
0
769864
0
419946
0
0
69994
0
559970
0
69994
279008
139990
0
15242238
0
139996
0
139996
136
139996
1069
0
0
3079190
139996
0
0
0
699925
0
0
62174
0
0
0
0
0
0
1749355
0
139994
0
0
279988
0
0
0
0
0
0
0
0
279990
139798
0
559966
0
0
139996
0
139938
279990
0
126497731
0
279988
0
0
140008
349955
0
0
0
222
0
139996
979866
139996
0
139996
0
139996
0
0
0
0
0
0
139996
629923
0
0
0
0
0
0
0
419976
0
0
20
139996
780
0
212441
0
0
350051
138004
69997
462311
69993
0
139980
139996
0
0
0
0
0
209961
0
349938
0
0
0
699679
840740
0
419980
349950
69995
139997
0
139994
0
0
559960
0
0
0
139996
0
0
0
70043
139996
0
0
0
140008
0
0
839920
139996
0
69996
0
0
70015
1119972
2658660
139996
0
0
0
209988
0
96545
0
139996
0
69997
69990
279988
279988
139996
0
0
54
280940
0
103
5
0
0
979888
139996
0
0
5037586
2099542
0
0
0
0
279988
419888
349816
0
0
552662
1048512
0
139996
0
568588
1119832
139996
0
0
419982
0
0
139996
0
3918737
0
0
0
0
0
0
0
699940
0
0
0
0
204018
0
0
1539736
151188
1259836
0
279990
279988
0
1
69931
69994
2518219
0
0
139992
0
0
4197998
0
0
0
178776
0
0
559968
1959580
0
0
419954
0
0
0
0
0
0
2520390
0
0
69996
629893
0
0
419940
0
0
0
0
0
350029
69996
139996
139996
139996
1
630061
0
0
0
0
0
0
559954
279988
419976
0
279990
139996
0
0
0
0
631626
1889563
12
69938
129463
3708618
0
139996
0
0
279990
0
419976
0
699945
0
0
209901
0
215024207
209803
0
69997
0
0
0
57207
0
419978
139996
0
279988
139996
139988
2
0
0
209985
139996
0
0
139996
0
0
279988
70223
1119552
0
139996
698042
0
69976
0
0
0
139996
0
0
0
0
0
0
0
1259830
0
0
0
139996
0
0
139996
279990
0
0
0
0
139996
0
1054533
420088
235
0
0
0
0
0
0
0
0
0
0
0
2
18
69997
0
699948
0
699950
419976
139994
139996
139996
0
1679460
7484106
69993
0
0
139996
0
0
0
770048
0
2519506
0
139996
0
419980
0
0
0
0
0
0
0
139996
69980
699946
0
0
0
7
0
279990
0
0
0
210025
139996
0
0
839918
5
465
0
0
1679782
0
699954
489974
0
0
0
0
1539828
0
0
559958
0
0
69993
2
0
0
0
2258635
69998
0
69996
279988
0
419941
69996
0
0
0
349976
0
0
209989
0
559946
0
0
0
0
0
139996
419974
0
0
427157
0
2
26
139996
139996
132
0
8
0
15
19289895
139988
0
139996
6703926
349961
0
559960
139996
139996
64347296
0
0
0
3288839
139994
419976
69996
419976
0
279988
0
139996
0
2239508
1959725
0
909903
0
559962
0
0
139990
2478128
13
209724
279916
6333277
0
70375
419973
209985
279988
139996
979896
1049695
139996
0
279985
0
139996
0
1
0
0
69992
699940
979208
0
0
9036
489980
1
0
559920
0
419962
2519353
0
699942
0
0
0
629945
209959
0
139996
0
139996
0
0
0
139996
419976
0
209901
1399810
1539739
0
978908
0
69997
1819610
0
69994
0
0
2659150
0
0
0
70000
489942
420033
419980
0
139812
139996
0
0
2582083
0
0
139996
1259822
1119878
1126831
139998
0
489916
0
69995
0
0
0
0
7554946
0
0
1889434
0
0
0
279988
0
139996
4
0
69996
419952
52
0
0
0
349976
0
10
0
0
0
24144
3703923
0
36416479
1119880
0
139993
349804
0
0
0
699940
139996
0
139996
419980
69990
0
0
0
0
279990
10
0
0
139999
0
0
559900
139996
279888
139996
0
28
125155
0
0
0
0
1259830
279986
0
0
0
70011
0
0
139994
139996
69994
8
479661
0
0
139994
699940
0
2236928
0
559952
0
279988
0
69995
0
0
0
0
0
0
0
3
0
139996
139996
31
139996
0
0
0
0
0
279988
69632
4897639
2519350
75574
0
0
139906
0
0
0
0
0
699941
279990
0
0
0
0
559966
5856
69819
0
139996
18
69997
69997
279988
279988
139977
0
559285
142566
139989
0
69997
279990
0
0
0
0
0
0
1049737
0
2098812
0
139996
37
3
0
0
0
0
0
349930
139996
139996
0
0
279988
235437
0
3498858
0
0
0
0
349941
0
1119856
0
0
0
419976
0
139996
436174
0
1399817
0
42
839993
1
2309494
0
0
1819728
0
0
0
279982
2
69997
0
139997
51
0
0
0
280000
209979
2
69978
0
0
560776
139994
0
139994
0
0
0
139996
0
31
139996
0
3842508
279988
209983
69997
0
139996
0
0
420032
0
979888
0
0
0
0
0
70117
0
630082
0
0
0
0
419959
0
0
0
0
0
10
0
209988
0
0
419969
0
279990
0
0
559966
0
70672
69997
0
0
139996
0
279988
349904
0
0
0
699952
0
69709
0
0
349970
699952
0
139996
138028
10
489819
0
139999
139994
699944
0
0
0
0
0
0
0
0
0
0
7136257
0
699940
0
559999
839680
349919
0
0
0
0
0
251
0
0
0
0
69990
0
0
3009104
0
0
0
0
0
0
0
0
0
279892
138784
0
419978
0
419977
559970
279988
1539304
0
6
0
0
279988
0
0
5662815
254171769
139986
2239486
69974
0
419980
0
0
559950
0
0
139998
0
0
0
139996
279988
0
0
2308012
0
0
0
1818745
70075
0
0
419952
0
0
139996
0
0
0
0
1080
279988
1
139996
139996
279988
0
5877060
0
0
0
559966
979900
0
0
279984
579748
0
0
69996
0
26884398
0
0
0
29
0
0
124266
139996
1
1819680
1119882
279990
0
803
0
1
350389
139978
139994
0
0
0
1399814
139996
139996
0
0
0
559960
0
0
279982
279988
139996
0
10209208
0
279988
0
0
478
0
559960
0
0
0
69993
559944
0
0
0
0
0
139996
0
0
233
0
0
559966
69997
0
139996
0
22
419976
139990
0
1819636
0
139996
0
0
0
629902
0
0
0
559952
0
279990
0
6
419976
0
0
0
69991
209979
349319
0
0
139996
0
0
0
0
21346
4338661
230
0
0
0
0
0
0
0
0
0
0
0
279988
0
0
0
69997
10
0
0
1
0
0
139996
0
2239456
0
0
576244
0
559964
7135786
139978
567459
0
0
0
1
0
139996
0
559930
0
139996
139689
139990
4125300
139996
0
0
0
209955
0
0
69997
279988
0
419976
0
139996
0
140031
0
0
139996
0
0
69758
139996
0
279988
0
0
0
0
6364468
0
69644
0
6
419976
0
699954
629945
0
419980
0
0
0
0
279980
0
0
839916
489971
0
698955
0
0
69997
139978
279990
0
139980
0
0
0
0
4
0
44
0
69997
69994
1186520
0
0
0
69997
0
0
0
69996
70003
139994
279990
0
0
279988
0
0
0
69997
769912
139996
1679786
0
0
0
224
0
0
0
279988
279988
3
559961
69983
139996
209985
419980
0
699952
0
0
0
0
69993
28
839723
349991
0
209956
139996
0
2390002
139996
0
0
0
2
0
279988
0
139996
0
0
2099444
24
209989
0
69997
139996
0
0
0
0
0
0
139996
0
0
0
1189684
139996
279988
279988
7694668
9090498
139996
141502
419976
0
0
0
0
0
839940
0
0
0
0
139996
0
0
1153281
139996
2379540
69997
0
139996
0
0
0
699914
0
0
559960
0
0
139996
0
0
0
139982
139996
69992
208506
0
0
139996
0
0
0
72330
0
0
139990
0
0
0
0
0
1
0
0
2239456
0
0
69793
2869500
279992
1049736
0
0
0
0
0
0
909869
3778512
0
0
209991
0
0
0
0
139948
124
139981
349750
0
0
1884003
0
0
839916
69997
139996
0
0
279978
0
30777743
0
139996
0
349967
0
839932
0
0
0
0
139997
6855540
0
0
399163
0
419943
139996
0
0
0
0
699948
0
1959668
69996
0
279990
0
0
0
2378951
979860
69941
0
0
559958
69995
419974
839892
0
0
0
0
0
0
0
0
0
69994
0
0
0
139996
0
2238766
0
139996
0
139996
0
140010
0
0
0
0
69977
0
0
699946
0
644675
6
3078982
0
0
0
0
0
139996
0
4268284
69996
0
0
0
0
139993
0
0
69991
0
0
139996
0
279988
0
0
139996
0
0
839916
0
0
0
0
11
69998
0
0
0
0
1189601
15
0
419976
0
0
82
1609772
279988
0
139996
69997
0
0
279988
0
0
9
0
0
0
419980
0
5177560
0
0
2099520
0
1189786
139771
0
562119
559966
0
0
70059
0
279968
139996
0
24
0
0
0
139993
69996
699952
0
699948
139994
699948
0
2728510
5317252
279984
0
1747642
0
0
0
0
0
0
0
59
0
0
0
139998
74
2519401
0
0
0
69997
1259860
0
0
69999
422088
0
0
0
1259772
0
69997
0
0
839747
0
69997
0
0
0
0
0
489565
139996
139996
560742
0
0
0
0
208750
279980
0
279833
0
279990
0
69997
0
139996
0
149
839919
69964
751585
0
419417
1132
489948
1049105
0
699940
19788166
0
0
40
0
139996
8
419980
139996
0
0
0
419976
0
0
0
0
0
140016
0
0
0
0
1259534
560708
139981
0
0
0
419972
139966
0
0
0
139993
139996
0
0
0
69990
69997
1610178
0
1259836
0
0
979916
0
140131
139996
4
0
0
1
139968
139996
8
0
2474480
0
699950
0
0
0
0
0
0
0
0
0
0
69995
0
139996
139996
209977
0
0
112
0
0
0
279986
0
69978
0
4198654
279986
139996
2728618
0
69916
2239614
0
5723503
1539738
0
0
349955
349932
0
2516154
4
69977
0
0
0
0
108
0
0
0
559960
0
0
139986
0
3
209955
699939
0
139993
0
0
0
419978
69998
69997
0
699943
699910
0
0
0
0
0
0
0
0
139996
0
1819840
1679728
0
0
139996
0
140010
0
0
5
139996
0
139996
839926
70063
0
0
139996
0
0
0
699952
139994
0
489960
419976
279974
0
0
0
0
0
0
139862
0
0
0
0
139996
5
0
0
0
0
0
2
4123589
0
0
0
0
139996
0
209966
13698619
1
0
75847
0
1119856
1182367
0
69996
2589277
708376925
12
279984
0
0
0
0
3
0
419976
0
139996
139996
0
0
0
0
0
0
489951
0
419976
139996
0
419976
12
0
1539798
559960
0
279988
139996
0
0
0
0
11
0
75
0
0
0
419976
92337
979900
139996
0
420376
420261
139996
70035
279990
0
559960
69997
419989
0
209970
70131
0
0
0
979918
0
0
0
0
559927
419980
139996
0
139996
0
13492955
1469663
0
699940
12
0
349978
0
0
0
0
559966
0
0
69997
0
279988
559968
0
0
0
78671229
69902
1959600
0
0
0
0
0
0
0
69130
0
6506926
0
139976
1
0
140328
139996
139996
1538568
0
0
0
6
0
0
0
839928
489947
257823
2519258
279988
0
0
279990
0
7554360
139996
419962
3847408
279988
0
0
397967
0
0
559960
0
1539736
107094876
0
0
0
139996
0
0
0
0
0
0
0
0
0
0
419980
2
0
979901
0
139986
0
0
0
909897
0
1
0
0
279988
0
0
0
0
139996
1
139996
0
139996
139996
0
0
0
70000
139996
0
0
69996
139806
1
0
0
699972
0
0
349968
0
1679688
26
279990
0
139996
69997
0
559952
1259858
0
0
279988
0
0
0
139996
0
0
279984
699956
3008767
0
70809
1819680
0
279982
93
2020902
0
0
601458
419980
0
0
0
139996
0
0
0
139996
559966
279988
0
0
69767
979888
0
0
0
0
0
139996
139996
19
0
279990
979819
173
3497112
0
156
139996
0
0
839934
0
11770412
139996
139986
0
6
209978
0
0
0
139996
2099744
0
2
0
69960
1926
629931
139996
0
0
279693
0
2099613
1
0
139994
2309787
699952
836856
0
0
1469433
0
0
139996
139996
0
210001
139996
332991
349976
490424
0
1259860
0
0
0
2379386
0
0
0
139988
0
0
0
188846
0
0
0
3
419976
0
0
0
279988
419976
0
52357880
0
279984
0
139996
7349103
279986
0
0
4823619
9157848
0
559964
1819277
0
0
6155312
0
0
0
489964
150
0
559960
0
1
139994
0
209979
139996
419976
0
139996
0
0
419970
0
0
139994
769528
0
0
139990
139996
69996
419970
0
279988
139996
0
0
70013
558132
66977
69997
0
0
1
699948
0
50436354
139996
0
0
0
0
9446
0
0
0
69997
69986
0
1259820
4058091
2519400
0
70044
0
559962
0
0
139996
4
3219132
349963
279990
0
0
419976
0
29341944
0
0
0
69963
279993
139994
0
0
769894
0
0
279982
279990
0
139996
279990
2099620
0
0
0
1259362
0
0
0
0
279928
2
7
0
0
279988
419976
0
139996
0
0
0
139996
139996
139996
0
0
139996
0
0
839916
69988
10
0
0
0
4338271
0
0
69997
0
699948
0
0
699885
139996
699940
0
0
4
4198320
280066
32
0
70008
0
0
0
0
1189621
139980
0
279990
0
0
0
0
0
78442
0
0
0
419976
139996
0
2403972
0
419980
139996
212
0
0
0
0
52691
0
0
0
0
0
1259797
0
0
0
0
0
139996
3139647
0
88
209944
0
0
630175
839925
0
699948
0
0
0
0
10538370
139996
0
419976
0
198910
0
0
139996
0
139996
0
2033282
139996
0
279988
0
0
0
0
0
64
0
139884
0
3991488
0
0
0
0
0
0
0
89
9581890
0
0
0
0
279990
0
0
1259836
0
0
209967
0
408792
279990
0
32
0
2099608
419978
0
0
0
1889702
0
491994
279990
0
0
0
0
139996
2939182
2799434
0
139996
0
139996
0
0
0
0
0
280046
0
0
0
139988
280035
12747
0
0
209985
0
560120
21
139960
139996
419976
0
139993
0
0
0
0
753
699952
0
0
489663
0
0
0
0
560016
139990
0
0
0
699944
489878
489970
0
17333105
559932
0
0
0
0
0
279988
0
27697
69993
0
13682
0
0
0
419987
0
0
0
0
419980
0
979918
69997
0
979815
0
5651
0
139994
0
139996
419980
279990
1189785
139954
0
0
209989
0
0
0
22142981
0
2799200
0
0
0
0
0
0
139992
0
90174
2869219
1119694
0
139996
0
0
0
419980
0
0
0
0
839904
0
0
0
209976
699941
0
0
773897
0
839838
769936
0
0
279988
1117338
279988
1505
0
7878627
0
21
139996
213
0
69997
0
0
139996
2239645
0
0
209985
1119856
139996
0
559920
139996
0
0
0
0
0
2872492
14253692
770383
0
0
0
4
0
0
0
559044
279984
69996
279988
0
0
0
279990
0
1259443
0
275
139996
0
0
210047
0
0
0
279984
0
279990
1259844
0
1
48
0
0
139996
136
69955
0
1522
0
0
559952
0
0
0
419995
139996
1520136
0
7065
22680416
1
0
2
0
81427
0
1259818
699936
0
0
2449432
0
419926
0
0
69956
22
2533801
0
769896
22569337
139997
0
69992
0
69997
0
0
3638698
349970
1305
69957
0
559960
0
69986
0
139996
0
0
139996
0
838
0
139992
0
11045480
1118410
69980
139990
0
0
139952
0
0
0
489940
0
279988
699940
0
0
0
21452899
0
279984
0
1959606
279978
349957
0
559952
70080
139996
0
139996
139996
1959650
66
0
0
2589207
0
0
0
0
139996
279988
0
515285
0
0
0
0
0
0
419976
1259750
0
1539774
0
419976
0
897027
0
18718685
0
69997
0
419987
279990
0
0
19
139990
0
0
0
0
0
0
0
210107
772391
139996
69995
0
0
69991
139996
0
0
0
114700
139996
0
0
139996
11524298
0
0
0
0
0
1259856
139996
13
139994
0
559968
0
1260389
0
559966
0
0
0
4
0
0
0
5597471
139992
33
137798
0
0
279988
0
1399854
419976
0
3
559966
97
0
347509
139990
0
139996
139996
0
839295
0
0
0
0
0
628942
139996
69997
0
0
0
2101666
0
0
279990
4
0
0
2519413
0
0
0
0
0
69992
139996
69977
1819426
0
0
0
0
279990
139992
0
0
279982
839926
0
0
0
139996
0
69981
279986
699938
0
209895
771040
0
0
0
12
0
1539704
839826
0
0
0
6855991
279981
0
1
559960
139996
419952
209978
0
0
0
1609629
0
0
279988
0
0
0
0
140009
4
0
0
69997
16
0
0
0
0
17
0
1259850
0
0
0
139888
0
0
36
0
629788
419976
279988
839917
0
139994
0
629895
0
0
0
0
1679667
559928
0
279988
0
0
7834679
0
279984
139976
0
0
0
0
0
0
0
768338
139996
279988
2593239
0
0
279985
0
0
0
0
69992
65
1819646
69844
0
0
139996
629541
69986
0
0
0
0
0
1469353
0
279956
0
0
688650
419980
0
139996
419976
279988
420298
1259820
419976
0
0
23
0
139996
139996
6323305
0
0
279988
0
559927
0
0
0
839916
0
0
0
0
0
0
0
0
139996
1119830
0
0
1607559
0
487440
0
0
0
6
0
139996
1
0
0
69995
69924
0
139996
0
0
769880
69997
0
0
0
0
4618273
0
0
0
0
0
279988
11679
1120120
1119856
279976
0
0
0
2166673
419980
139996
0
139996
0
279990
699948
69997
0
69993
139996
0
0
0
0
0
209033
0
0
279990
209961
1819695
0
0
33
3
0
0
0
209985
0
0
70002
1959649
6293469
279988
0
139988
0
0
0
0
699940
1679472
0
2239491
139410
0
279988
29037909
0
17
139706
70004
0
1750308
0
0
2
419970
0
0
0
0
69658
0
0
0
0
139996
559966
0
0
0
0
140011
0
489889
0
280164
0
0
0
0
279990
139996
0
0
840762
0
0
0
139996
0
0
559968
0
139996
1259289
419976
0
419952
69999
515015
0
285066
139994
349947
0
0
489865
209961
0
0
1259800
490056
1540580
209991
1119870
0
979888
0
0
0
0
0
251434
2939090
0
6295810
0
0
419980
139996
0
139996
419976
10489672
0
343527
422490
0
0
0
0
0
139992
839865
0
0
5247151
0
140185
0
0
139996
153109
139996
0
0
139996
139996
0
0
140084
209975
1399780
0
0
0
769898
1119894
0
0
0
1119390
279984
349981
0
559929
0
0
0
279988
419976
419976
140005
279990
0
69999
419980
0
0
419976
559948
839909
139820
139996
0
0
0
0
0
907205
139996
0
3008173
0
0
139996
0
0
279990
0
576
139996
139996
6045
0
532203
73659
0
419976
0
139996
0
139996
4757618
0
3
4197404
70555
0
0
139996
0
0
0
69995
0
279988
0
0
0
139996
0
139996
279988
0
139621
0
0
629860
139996
0
0
0
0
139984
139996
0
0
419980
0
139996
1189815
139996
139996
0
419980
0
0
0
69997
0
979900
5317378
0
69970
0
0
979876
0
0
0
0
139996
0
0
0
0
0
139996
69997
69997
139994
0
839926
25
0
0
139994
3429706
139996
0
70015
0
69974
0
0
0
69995
0
604
7951255
2799282
0
20
910437
0
1302873
204
0
0
2862144
0
139996
0
1882029
559966
559966
0
0
0
69989
0
0
1
0
0
559960
69987
139996
349141
0
0
0
0
279988
0
26
0
279988
0
349943
0
0
280017
279963
0
139996
139970
0
279980
0
0
0
3
0
0
279990
979894
0
0
139994
139995
0
139996
62
139996
1119856
0
139996
69997
0
69997
699948
139996
0
839926
0
0
14
139996
0
0
0
559960
139996
0
0
0
419976
0
0
419976
2799284
279988
0
1400416
0
69980
0
0
279850
0
209987
1049937
51326
699940
0
0
139996
0
0
0
279986
349965
0
0
0
1
0
0
0
0
279969
139993
0
209979
0
0
280103
2169166
0
699954
69996
419980
419980
0
0
0
139996
69996
0
0
0
139996
0
0
0
699902
0
0
279988
0
559966
0
2
0
139996
139996
0
69987
489941
0
839916
0
0
0
0
69991
0
69995
0
417534
0
0
19034020
64734488
139998
0
0
1119860
0
279982
139996
0
0
139996
0
1119880
0
4
0
139996
0
18759157
20
0
0
139996
139996
1959606
0
70011
0
274375
139993
139996
0
279988
69999
1
0
0
1125837
139996
139996
0
0
0
0
139996
4
3358704
59404
3218896
349926
0
49959
140573
279940
0
0
0
0
0
0
0
279990
0
419982
0
279988
0
849
0
69996
69993
139996
279990
279990
0
0
0
349982
0
0
139996
139996
209974
0
0
0
0
839932
2308280
0
139996
839838
0
139996
0
839946
0
419980
0
0
139995
0
139944
279960
0
0
139996
0
139996
419976
700120
0
139996
139996
0
0
209986
489950
0
279988
0
419982
1119680
279988
0
139996
419976
139990
209592
0
0
0
0
0
0
1049468
140012
0
139996
0
0
6
69989
0
0
139994
139996
0
1119856
0
0
0
0
0
139993
0
209790
0
68442
1540202
279990
0
0
209989
0
0
140117
0
0
979828
279990
140031
559954
0
0
147008
0
419942
69988
139996
0
559946
139996
0
0
0
419964
0
3988614
139996
42458913
0
2
23
979888
0
139995
0
209972
0
139996
0
0
139996
1953352
192
559969
2336871
139994
0
0
0
139996
139996
0
139996
699383
0
6
0
0
279977
630340
0
118866
0
0
0
3498856
0
210008
35259714
0
699940
9
0
559968
279988
0
490113
0
0
0
0
139996
839908
0
279990
349973
43
0
0
0
139996
0
0
0
0
69996
279987
1620244
69988
0
279988
140356
0
0
280023
69987
139996
0
8
418640
0
0
21880
0
0
559970
210006
139996
209963
25
0
139996
3428862
0
419976
0
33
139996
209979
69994
139996
0
0
699940
5736149
419976
1049875
0
559960
3
139996
279988
2379550
0
3428921
699930
0
0
279988
69997
139996
139996
0
0
0
69996
139988
2939310
422508
0
1539798
979912
139938
0
0
0
0
0
1188651
0
0
0
0
419980
14580352
11046500
0
139996
0
0
0
1119895
0
0
25343259
979824
0
139996
139996
0
419980
0
279988
0
0
0
419976
0
3
0
0
0
0
0
0
0
1959684
419970
0
0
279982
0
0
0
0
419980
39
0
139996
0
0
0
0
139996
419970
5737180
839932
7
0
69975
10563
0
843997
0
139996
699950
69993
0
11944369
559960
140013
0
69978
139996
0
631099
0
0
139996
138672
279988
209959
139996
629964
139996
0
10
0
0
279988
139996
0
559968
0
0
0
419976
10840
559677
0
0
139996
139996
0
0
0
210021
2239222
0
279988
13
279988
0
0
0
0
279988
32
0
0
0
419980
0
0
629935
279988
0
0
0
279990
419978
0
0
0
0
0
0
0
0
139996
0
0
0
0
0
0
349965
0
0
0
139996
69996
2379486
0
0
0
0
3079196
0
0
0
0
1680240
979912
699935
0
139990
0
0
0
0
279988
139996
0
1611546
0
70015
419940
0
559966
0
0
279988
1
0
0
139996
2417926
139992
0
1819660
139996
1
0
0
0
0
489969
0
0
0
0
0
0
0
279988
0
699941
0
0
0
0
0
0
0
0
0
0
1748894
0
3889
0
0
0
8251990
0
139996
629892
279988
0
0
0
419966
5
0
0
0
1399643
419976
419986
139996
699952
0
349980
0
279988
0
0
3498874
139996
10
139996
349920
4617426
1885471
0
0
0
0
210333
0
279988
0
909826
0
2
0
0
420012
0
0
0
0
139996
209986
0
0
0
0
979872
0
1
69997
0
419976
559966
36
349977
0
139996
349985
0
349943
0
419967
3358990
0
0
139996
0
0
0
69997
140821
419980
349960
139996
0
629792
279976
0
70131
0
139996
0
0
0
0
1119892
139996
0
350016
0
279988
0
0
559496
979896
0
0
1259848
15181662
279988
0
139996
283305
0
0
0
0
1539736
0
139996
78
0
0
2
0
139996
0
139996
0
0
0
69986
6227209
139996
2
0
57
368
20
559960
1329805
0
3358753
209903
0
0
0
699940
0
0
0
0
1119870
0
209990
349977
0
0
0
0
0
0
279988
4685776
0
149784
3288256
0
839859
559960
0
419976
139992
139996
419976
31497984
0
139996
0
0
0
70652
0
0
139996
1539745
1
279987
559960
559965
279988
0
279990
0
139946
59434
0
139992
0
0
3219100
0
0
139760
279990
0
0
419980
0
0
420018
0
279988
139996
69285
0
909738
69997
0
0
909884
0
139996
0
0
0
15202
0
0
69988
279988
0
69990
0
0
0
2239516
1
0
140002
0
0
0
0
0
70073
0
0
0
2
139992
0
0
39800
0
69979
828
0
0
139996
0
13
6017136
0
0
0
0
2099620
69876
57
279988
0
279988
0
0
0
0
20
0
0
69998
0
0
0
0
0
139996
0
6156262
14
279976
629941
0
139996
69992
0
0
0
1
279866
0
0
0
0
69970
419976
0
559960
139996
0
0
70048
0
623868
0
0
0
0
6
0
0
3638646
139990
349971
559971
0
5071
0
0
2519411
8
419976
0
0
349975
0
0
139996
1399780
0
0
0
0
0
0
1959667
1
69996
0
0
559960
0
0
654
139990
419976
1119788
0
0
489949
1820154
419980
0
0
0
0
0
0
0
139996
60
40
0
0
10340892
279990
1399786
0
559960
139986
0
631011
0
69992
0
2
0
0
0
139996
4447126
629929
419980
0
0
0
0
0
0
349260
0
3288367
1749667
0
0
699954
0
0
139996
0
419980
68523
0
0
0
0
0
2
0
0
419968
70084
699873
0
69751
139994
0
139996
629957
0
155766160
35
0
0
0
0
69986
0
0
0
69997
0
0
0
69997
139996
920
1608468
0
56
140628
907445
0
1
70019
0
0
1679688
69997
699949
559940
0
0
0
69997
279990
279988
419982
69991
0
1119886
2903
0
0
0
0
139996
0
0
0
0
70032
419980
0
769932
0
0
0
699944
0
139992
0
279981
0
139994
0
1329755
6
0
0
2
0
839934
0
140026
0
0
139996
209985
419980
419962
2
279982
139996
69997
0
0
0
559968
69999
0
0
139995
0
0
69991
125306565
0
0
3
0
0
2379526
139996
0
0
7
279986
0
0
69997
0
2239486
0
0
0
0
0
699952
0
0
139234
0
139996
419763
139996
279988
139996
0
0
69976
279978
209989
69989
0
0
0
1940
139996
419976
70028
209989
0
0
0
419976
139996
139996
0
349975
0
0
0
1050402
4
69981
0
0
4338302
139996
137272
69999
244
1679733
279988
69544
0
0
12
364801
70004
140034
0
0
1469412
227
0
1609541
0
209978
0
559960
0
0
0
0
69999
139996
2239473
0
0
139996
9
69994
0
0
2168674
839916
0
0
139996
0
0
0
419980
279988
0
69980
4366108
0
279988
0
349140
489935
279990
484330
0
0
559970
279988
0
0
559960
69993
279990
0
139992
0
839934
0
699897
419980
0
139996
0
0
0
909686
6495180
0
559966
419992
0
0
279986
0
1119870
0
0
237
0
0
699943
281691
69996
139996
0
139996
139467
559966
699946
139994
0
210012
0
139996
0
0
0
0
0
209989
1819081
209982
68713
69948
0
0
0
979900
0
279988
0
0
69986
233752
0
0
68568
0
139496
139996
139994
1118681
0
139996
0
419980
0
70001
0
0
0
0
139994
1679718
139996
139996
0
7062483
0
0
0
0
0
0
559960
2659369
0
0
0
279988
0
139996
279883
0
70003
0
0
0
44831
0
0
0
69973
0
0
0
0
0
0
139996
0
0
0
0
0
1119500
209958
0
0
139996
0
0
279988
0
0
279949
139996
5
24
2099236
279990
0
139996
0
0
489893
0
139996
0
0
0
0
9751556
0
279990
0
0
0
0
209993
0
0
0
0
0
139996
0
139996
139996
0
139996
0
0
167207
0
0
0
0
0
700185
0
0
0
139996
0
839916
2518079
9
0
0
769918
0
0
139996
69997
141964
69996
8
0
139996
0
0
139996
1
0
69994
0
0
0
419976
139996
0
0
0
9510863
0
0
0
419952
0
0
209937
0
0
1189817
0
0
0
25
0
139996
279988
0
0
209991
419982
0
0
0
69987
0
487963
0
0
0
0
0
279988
1
0
0
0
139996
2
0
69994
0
27
184
139996
0
0
0
0
0
0
0
70001
0
0
979912
0
9
0
0
0
69922
70008
0
139996
0
0
139996
69996
0
279948
0
209989
0
174
0
0
0
139712
0
1960171
1819528
0
0
0
11326716
139996
5748189
69990
1470105
349991
139992
279968
0
1119886
559966
919381
0
0
69997
0
279987
0
139996
0
0
0
0
489765
0
0
139998
207241
0
699948
140004
1888965
0
139996
0
0
4058439
1679710
839901
1189653
0
0
349974
139996
0
0
0
0
0
139996
139996
139996
0
0
139919
280019
0
490203
559966
0
0
0
0
1605380
0
139996
0
0
699940
69988
139994
0
0
0
0
0
3708253
0
139996
139994
0
419980
0
209989
0
699940
0
0
0
0
2239598
0
0
0
0
0
140284
699919
140076
69997
0
0
139996
69995
0
139990
139996
1119861
699846
69997
279976
0
0
1
279988
139996
0
279988
209991
0
139996
0
140005
139996
69438
139996
0
69997
139988
0
0
0
0
0
0
139996
0
139996
69996
1259640
0
0
0
0
0
559960
419976
0
0
0
69987
0
0
0
279988
0
139990
140478
1611929
0
0
0
629928
559863
279984
0
0
69992
979888
0
0
0
7003368
0
1959630
0
0
0
419976
28
699942
139996
559952
0
419976
3
9862839
419976
0
0
0
1
0
0
209983
69437
122
6
979896
0
1679740
839933
139996
0
0
0
0
69985
69623
0
0
0
0
0
1469801
61
909789
140022
0
839926
0
279988
0
279988
139996
139996
0
419982
0
141150
70015
979888
0
0
0
0
137
0
0
559960
1259637
559968
0
0
0
139996
3078985
69879
0
559964
0
0
4758334
3778488
210312
279984
0
0
139996
0
139996
0
0
0
560072
0
139994
0
0
559964
0
139996
629884
0
209988
279988
536
0
0
139996
279988
1344868
0
139996
0
0
0
699940
72660047
0
0
139988
0
0
0
343620
222879
349981
0
1399814
0
0
139996
0
489930
0
139996
69991
0
69890
0
419979
629925
0
0
11544
2
1539775
0
70003
279988
0
0
0
139996
0
0
0
69990
0
2379528
4757326
979918
0
0
69997
0
629919
209985
0
559970
0
419976
9
210002
1119813
0
0
0
0
0
980044
0
0
0
0
0
0
0
0
0
0
139996
69997
139996
0
139986
0
139996
139996
28
0
0
839922
0
139993
0
0
0
69938
139996
444902
0
140043
0
979922
22
0
0
0
0
0
0
69774
279977
0
2795976
0
0
0
2878445
12
0
0
0
0
61
0
0
139996
0
0
0
0
0
139996
36302914
209978
0
0
139994
0
139990
629981
1260998
139988
61
0
0
0
0
279984
0
69997
0
0
0
0
0
139990
0
0
699940
0
0
3
11469694
0
0
699950
0
0
0
279990
0
769930
0
0
139992
209474
0
0
209766
0
51
1259839
0
0
0
279984
0
139996
1399560
0
0
279988
0
0
4511642
279905
279990
0
6715451
0
0
0
0
10
0
0
69879
0
0
279988
140006
0
0
0
0
69997
0
0
69764
0
4617756
0
0
489981
0
280266
0
158064
0
0
0
0
0
0
0
0
3
279988
0
279988
0
9
0
0
0
2
180177
0
0
279990
0
2799398
0
699948
11254477
139996
563822
0
0
0
0
279989
210030
0
139994
1399846
70021
6
0
69997
139992
0
139996
139996
979876
0
1
0
260767
0
0
0
0
1399780
559929
0
0
0
139994
559966
0
68971
139996
0
279988
0
139996
346945
0
11198
0
0
0
0
1819510
1259704
0
0
0
0
839926
0
69997
0
979888
0
0
279988
69997
0
209950
279988
839932
0
0
0
139996
0
769921
0
139996
489013
139996
139996
0
0
0
0
825
279988
139960
1679762
0
349979
0
0
0
0
0
0
0
0
699950
0
0
0
0
699948
0
0
0
279988
0
139996
419976
280017
0
0
419976
0
0
1121212
0
0
419968
0
0
0
69999
0
348868
139996
8254309
69986
0
0
0
1259860
0
0
1
0
0
0
139996
699940
0
139996
0
17768
279988
0
0
0
70017
0
0
279986
0
0
320796
0
31432266
0
279976
0
0
0
0
0
69997
13911740
0
139996
0
0
0
1052342
0
0
0
0
0
0
71753
1399238
0
0
0
139996
0
0
0
69932
0
140000
419940
0
0
139983
0
139986
0
0
139996
0
0
69989
209889
0
2659231
0
0
0
3
559960
68739717
0
0
559960
699952
0
0
0
0
0
0
68
0
0
419976
0
0
69997
0
279988
0
0
0
279988
0
0
419968
0
279990
0
489965
0
139996
0
0
0
2
69299
0
2
0
0
139996
139996
1679688
0
90435
0
909868
139996
1469794
419980
0
0
69996
0
0
0
0
378
0
139994
0
0
0
628573
0
0
0
0
0
0
419970
0
0
139996
139996
139996
0
0
0
0
139996
139944
0
209583
0
1259864
139992
139994
140292
0
0
0
0
279990
139986
0
139996
0
0
1
0
279976
0
0
2
0
0
0
30
0
0
0
0
0
2799208
0
0
0
69958
139994
209929
0
279990
140422
0
0
0
0
139996
0
0
0
0
69996
0
699806
279988
559936
0
0
769919
0
0
0
0
139996
0
699940
70000
0
279988
0
139996
4197316
69995
0
0
471958112
209977
0
0
0
0
0
1197
139996
0
139996
0
69995
70041
629814
0
139996
0
1259822
0
139996
79110
280000
559961
0
629949
0
0
69995
69963
139996
0
139996
0
0
419976
2239512
0
0
0
0
139996
419977
139701
0
0
139996
20
139996
0
0
0
0
0
209512
279988
209964
0
69997
0
0
0
140070
979870
1749588
139996
0
0
0
0
0
0
0
0
0
5732960
55939
1059
139984
149525706
0
0
0
699930
0
0
209985
0
139990
629901
0
13490930
0
0
0
0
70035
3359025
4983796
209514
0
279988
139996
0
0
387568
0
1259845
0
0
66605846
0
0
0
0
0
3918766
70525
349910
0
139351
0
139996
0
70036
349993
2657623
559960
139996
769359
0
487541
0
0
0
0
491357
0
0
0
5
419976
0
1396691
0
0
0
139996
0
0
139996
0
139994
37
0
0
4197217
0
0
0
44
909986
139996
2939272
0
0
699930
559960
0
0
0
97784771
0
15522626
124089860
0
0
6482067
0
279930
4058259
0
0
699490
139996
0
209985
0
0
139996
139995
69997
419976
0
0
419976
4897728
1119880
0
0
279990
0
0
279924
139996
0
257392
0
0
0
0
139966
139991
0
0
0
0
209989
279984
22443613
0
0
0
0
639825
0
839926
64634
0
0
139996
349975
0
0
139996
559968
0
418644
0
139996
0
419969
0
419980
0
0
198084
419965
114714
0
139996
0
0
111
0
209972
0
0
0
559960
0
69978
0
5937889
279988
279992
0
0
139960
139996
0
0
0
0
0
0
0
139996
0
70061
0
0
1959544
0
0
139996
231938
279979
0
139996
139996
419976
0
69838
0
0
7135756
0
349969
139991
69990
0
0
139996
0
0
139996
139992
2519352
0
139996
0
0
0
0
909681
279990
631863
1399762
0
0
0
419976
0
210282
0
139996
139996
0
0
559966
0
14593809
1819696
0
419982
0
27
489952
280002
0
139996
0
139996
0
1244641
209988
1539736
1959526
0
0
419976
1119856
1189791
0
0
0
0
0
0
0
0
0
0
0
0
0
1259802
559968
139940
0
139996
139996
0
139996
139996
349971
3358704
0
0
0
209992
0
699382
559968
0
0
0
0
139996
328
69997
279990
0
0
139996
0
0
0
139930
0
0
0
139996
0
0
0
139996
0
0
0
0
0
0
0
0
217930107
559960
0
419976
0
0
0
0
139980
0
0
139996
280122
69997
0
3778267
160
699873
0
0
279988
0
0
0
0
349973
0
0
0
139996
209938
0
0
0
350130
140028
140450
0
139996
0
769912
419907
279988
137
0
0
0
0
279988
0
0
0
0
0
0
69997
243
0
0
0
0
0
0
70051
0
979916
0
0
2239576
279988
1675244
139996
0
0
2798414
0
69861
279984
0
0
70000
1259848
0
699864
139996
0
559966
419940
0
139996
0
0
0
139996
0
279988
139992
0
559804
279990
202849
839916
0
0
70000
629915
0
0
0
281043
0
0
209991
0
0
0
0
979920
0
0
85898
139996
6365580
69997
0
692410
0
139996
139996
139996
0
0
0
139996
139988
0
0
0
5566
69997
139996
979888
489987
69997
0
279972
0
0
209983
0
419980
69997
0
0
69997
0
0
0
352071
840073
0
979914
0
69995
22
0
720083
0
0
139996
0
69980
0
4
0
139996
139996
0
0
0
67
0
0
0
0
0
0
1259820
0
559952
0
0
0
0
0
7761887
139996
349975
0
0
144
139996
0
0
0
0
139996
0
0
279988
0
0
0
139996
0
0
139996
559960
699947
0
0
0
0
0
909906
0
83
67773
279984
279984
0
139996
911609
0
0
104664
10
12
139996
21
1610054
0
419976
0
0
1119804
699948
0
139986
0
0
139996
0
0
419976
139996
0
0
0
279988
0
0
139996
0
3
279988
0
699940
139996
0
69990
0
419976
0
0
0
359382
0
139996
349984
69996
1538658
0
0
279972
0
1
199305
0
0
6505255
279988
0
419978
0
0
139996
0
279988
0
0
0
3357811
139996
1119826
0
0
279988
4819525
279990
559968
0
0
0
0
699922
1050955
0
629365
69997
0
139996
139996
0
0
0
0
0
0
0
0
0
854663
11
420058
0
139996
0
559960
6085928
587
0
139996
279990
0
4757922
1
3
0
0
0
0
0
0
140105
0
1329654
0
0
139996
0
0
0
0
0
69996
1
0
560031
0
0
0
209895
699954
139996
0
0
139996
0
3077316
0
139996
0
0
63465
0
139996
2
0
0
0
0
0
12799176
139341
419976
139996
0
0
0
69997
699940
0
139996
0
5388251
979908
419976
3918410
2030652
0
0
0
69996
139992
44
69996
0
69996
0
0
0
0
0
559960
0
0
0
139996
0
0
139994
0
0
1399688
1
0
0
0
0
0
10
0
419976
0
0
69993
139998
7205135
0
700549
139996
1
4
0
0
0
0
139995
14
279988
139996
0
0
0
138532
0
2774556
0
0
139996
279988
209935
979923
0
0
279990
0
139996
6715390
3635072
139996
0
140051
0
0
0
0
0
139422
69962
0
0
0
0
279988
0
0
0
139996
1609326
839938
0
139996
0
0
0
909886
0
0
0
139996
0
0
419962
0
210042
0
209998
524059
408
139996
140008
0
139996
0
0
0
0
700618
5665929
139996
0
139996
0
769919
0
491423
0
139992
139997
0
839932
0
0
0
699938
0
6296285
0
0
0
0
0
629947
0
0
0
0
0
0
1889668
839920
0
0
0
0
139996
0
0
20
279990
0
279980
279038
139994
0
0
0
0
60
0
1979112
0
0
139994
139996
89675
489985
0
0
0
0
0
28
0
0
0
0
0
0
279975
0
0
139992
0
0
0
2
279988
138082
69996
0
0
0
0
0
919937
0
0
0
0
139996
0
139996
0
839916
559923
0
349973
6156040
69996
140070
0
0
0
0
419976
0
0
209977
909786
0
139872
0
839929
0
0
200
279988
0
0
0
6
0
0
420284
279980
969868
0
0
69997
139996
0
839922
3
4337572
279988
0
0
0
0
0
132468
69428
559960
0
349981
139996
419977
0
0
279990
0
139996
69993
139996
1
0
139996
139996
0
139996
0
0
0
139972
0
1679710
0
0
0
0
0
0
0
0
0
0
0
1819708
1752391
0
69955
0
0
0
0
0
139996
0
0
209976
0
3258022
0
0
209985
559960
139996
0
139996
0
0
0
279988
0
0
0
69993
5456880
419976
69997
139978
0
11399
70111
0
0
0
69995
69996
0
5806794
0
0
0
2785666
0
0
0
0
1819636
139996
0
0
0
1679721
0
1
210636
209970
0
0
571
279990
139994
69994
0
139994
1259868
69994
0
33
0
349945
419980
839845
139996
1236476
303
0
2519318
419976
0
0
0
139996
0
0
0
279990
0
0
139996
0
0
0
0
0
0
0
0
0
0
1331702
69994
0
420398
69994
0
0
0
0
0
69996
0
0
0
349985
0
69996
279976
0
139996
0
139996
0
0
0
0
279988
0
139994
69748
139996
0
0
0
0
0
1539790
0
139996
0
0
0
69997
139996
6127775
0
0
839915
69997
0
769788
0
76443
559967
1154
0
0
139996
1119868
0
0
0
48
3
0
0
0
3008838
139996
0
0
349983
0
0
279988
0
0
0
70031
0
279988
2
279988
0
491328
0
7064930
0
0
209981
0
0
139996
0
839932
0
0
0
0
0
1609552
0
0
0
559954
0
3
139994
139996
0
0
0
0
1119878
0
979910
0
0
0
114
559960
209986
0
0
28
419958
139996
6038566
0
3289011
25095962
139996
209964
0
0
0
69999
0
69997
0
139994
0
0
0
70057
560023
0
139996
0
839916
0
0
139996
0
699285
0
3424422
0
0
0
0
139991
0
4
0
0
70003
419979
69976
419976
2519235
140000
419976
0
979910
1288
0
0
0
0
279990
0
0
209985
419894
0
69994
139996
0
0
0
0
0
559960
699930
0
69986
0
279988
0
0
0
139996
0
8672445
1609359
279990
139996
0
0
2
28
1679752
0
0
0
9232618
279985
0
0
0
979912
979866
0
0
0
0
139525
0
0
629541
0
279990
209992
139996
139996
0
0
1119736
0
0
0
0
0
0
0
0
4058420
139996
0
0
0
1119856
0
0
559960
139996
170
279988
0
5095423
0
419898
58805
1
415162
139992
0
19
0
0
1
1399793
0
0
0
139995
139996
0
349979
0
0
16223296
559960
139996
0
909869
0
0
139963
0
0
279990
0
139996
0
0
0
279950
69996
839866
209989
0
419976
279990
0
0
0
209986
0
0
0
9931096
139996
21237882
3848641
9747893
0
279988
0
0
0
0
699940
0
1121067
0
0
3848569
0
0
0
2659299
0
1259860
69997
69885
139996
0
0
0
0
0
69999
0
0
419976
0
4812371
69997
0
0
0
139996
0
0
69997
139996
0
0
1749634
0
0
139998
139981
979888
0
769667
0
139996
0
139996
2309275
279976
0
69996
209970
0
0
0
69946
0
0
0
69998
0
0
139996
69993
0
979912
0
0
1469532
139996
139996
839919
139992
28
139996
139996
0
70011
0
139996
0
9
0
699952
419976
1119957
560087
0
70105
139934
1538570
69992
0
0
0
70579
419980
70005
0
0
0
419980
20964351
0
419976
0
0
139994
66093
0
1
419909
0
0
0
0
0
0
0
0
0
139996
279990
0
0
139994
0
0
279969
0
1399729
0
0
0
69628
69891
0
0
0
0
0
0
139996
971986
699940
139996
0
0
0
140115
629862
0
0
0
0
209991
0
3
0
139994
139996
279988
0
0
139996
0
0
7007
0
0
0
139995
279990
139996
839942
559970
139996
0
139996
419959
769886
0
0
66
0
839910
0
349988
0
0
0
0
0
22
69997
419980
0
0
139996
419976
351739
0
0
0
0
139996
1539736
0
70047
0
139996
769902
2659240
0
0
0
419210
0
0
1679689
419976
0
1470098
1
139996
139996
0
0
0
0
139996
279956
0
0
139996
0
562375
349953
0
559961
139996
0
0
559966
0
629892
0
0
1259866
4
0
0
139996
1670040
0
139996
0
69997
0
279988
0
69997
0
1469733
12
0
179070
0
0
0
0
0
0
0
0
0
279988
0
559936
139996
0
0
69986
2168852
0
0
69941
39
6
699860
0
9
27
13912897
2589484
12140
5576652
0
279984
0
0
139992
0
0
0
0
139997
0
209522
0
139996
279990
0
0
69997
0
0
0
139996
0
0
0
0
0
0
537
0
279988
699930
699943
279990
1819636
93
0
3079219
70003
1819154
69994
0
0
0
139996
0
70463
0
209979
0
139996
0
279988
0
0
0
2
14
0
69968
0
1
350731
0
0
0
559932
69
0
0
209989
139996
139996
69998
279985
627132
559969
0
0
559972
0
979888
279988
0
0
0
0
70002
279988
139992
0
139996
0
0
270
14
1
0
139996
27
11
0
0
0
0
0
0
0
0
0
350328
0
0
207637
1091543
69997
0
209985
0
629973
0
0
26041077
0
420090
21
139994
0
139996
419990
0
0
2
0
0
0
0
0
209982
279990
139994
279990
69986
0
0
279920
0
0
368088
139996
0
2239582
0
0
0
0
1051409
0
0
0
0
0
0
0
0
0
0
979894
0
2
0
0
419952
139994
0
139996
0
698559
139996
0
2
0
0
0
0
559963
0
420006
1054228
419977
0
140011
0
0
279990
0
0
489818
279988
40
5
0
2519380
139996
0
0
0
0
0
638249
279990
0
0
0
0
139994
0
0
839772
349972
0
559966
692579
279988
489956
0
42260411
0
0
0
979819
0
559960
0
3
419976
0
0
699950
0
209896
139996
139996
0
0
2
279983
0
0
139996
0
210331
419976
979900
0
139996
139996
18
0
139996
0
0
0
139996
0
0
279764
0
0
0
0
0
0
0
0
139996
0
420068
0
0
0
6716338
769939
69999
0
0
0
0
1481627
0
69995
69987
139996
69996
0
0
139996
0
0
12
962935
0
0
980482
0
0
0
0
209935
137420
139996
0
0
69997
2386
1469612
0
0
139996
489956
279966
69994
0
0
0
839926
139980
0
279988
1749723
280005
0
0
0
0
5877460
909615
279988
3707788
0
0
1119859
0
979870
0
2379464
0
0
419980
0
0
0
792
0
139996
0
0
1259836
0
0
0
0
279990
0
3
0
0
0
5878536
0
0
0
419978
0
0
0
0
139996
209993
1819681
139994
419980
0
0
419976
246402
0
139996
0
139996
0
0
69956
0
1539736
3356333
419928
0
0
139996
0
0
0
490044
0
279988
1
0
0
0
0
6
139996
0
209982
700028
139996
139994
1309586
5315922
0
419986
279838
69998
279985
0
0
70459
0
6145878
0
0
139996
1259836
0
0
419976
0
0
0
139996
0
280042
0
0
0
0
0
0
0
0
0
0
0
2
0
11016
0
0
0
139998
279990
0
2659095
1469635
0
0
0
27
699989
0
0
69992
419976
10690806
0
0
0
0
0
279988
0
0
139988
419946
0
0
0
699930
0
1749735
210029
9442672
0
0
979891
139996
5876548
0
0
139996
109999
139996
1399780
0
0
839904
1119856
0
209973
0
8
139972
0
0
0
0
297356
0
700111
0
6484739
1119821
0
0
0
1407721
0
699949
0
0
139996
0
0
0
0
0
0
69991
0
489967
69996
699946
0
1
0
0
69995
69997
0
0
0
139996
0
0
0
279988
0
0
559960
70011
0
139996
0
0
279988
3358838
70007
139996
0
69892
69990
0
0
140047
769940
69998
0
0
0
0
209986
140001
139996
5
0
0
839916
11
0
139996
0
0
0
0
139996
0
0
0
839942
559960
1
18
0
139996
3
70003
0
0
69997
0
0
0
699952
0
349983
2939061
0
0
209974
0
3778711
0
69988
69994
0
69994
69995
0
140026
0
699927
139992
0
0
629948
0
279982
0
0
69936
0
559955
1
139996
209985
0
0
979898
0
21236704
0
69995
16428197
186877
2
0
0
0
0
69997
1338
139996
0
0
69963
0
3008077
0
279988
0
0
0
0
419982
279988
69993
139996
0
0
139996
0
69517
0
139996
4897297
0
5177683
0
699951
0
0
2644324
0
4
69995
0
0
7
139996
0
0
0
279990
0
1119586
0
69996
139996
13
0
0
0
349989
0
1539756
0
2223617
0
0
0
6016842
0
100356195
0
139996
5
140115
1119872
0
0
0
209967
908559
209989
0
0
0
139996
69997
0
0
0
0
0
0
0
700168
419834
209974
139996
1539772
0
0
1054709
139994
559960
0
0
0
551816
6715427
0
559960
279988
699680
0
1945816
419980
1887183
279988
0
0
0
0
209942
139996
7979667
279990
3
69997
0
0
139794
69984
139996
139996
139986
8
139996
1
139996
0
0
0
0
699948
0
0
0
630298
88214108
0
69995
139996
0
139996
0
1259827
0
69997
0
0
839897
0
0
140003
769904
0
0
0
0
0
69934
0
0
0
0
69997
139996
0
909703
139996
0
0
0
0
69995
699940
0
0
0
210017
67
1610555
0
9030909
0
559968
0
420001
0
47446080
139996
1
0
0
0
209989
139989
1819654
0
139938
0
279988
70099
2799404
1259870
0
0
699943
2099568
139994
64
0
0
0
0
0
318982
2379520
0
4400917
0
139996
139996
139996
0
0
0
0
0
7
0
0
69997
0
0
0
0
0
0
0
559961
0
36
222
139996
0
0
0
7
279992
0
0
139996
209976
0
0
0
0
0
0
0
0
0
1049847
0
0
0
0
0
0
0
0
0
6088333
0
0
840430
11468764
7415017
1049854
0
139996
1887536
0
1050746
2379388
209701
279984
0
0
0
0
0
0
769881
0
1400229
2379410
3918430
0
0
0
139996
0
1329501
139995
0
0
279976
0
0
279973
0
0
0
0
0
0
139992
0
0
2098068
1959550
0
0
0
0
0
1819646
139996
139996
0
0
0
139996
69774
139994
1
0
140562
0
0
0
69997
419980
0
0
0
0
488845
489966
279810
0
1119870
0
0
69996
0
0
699956
839904
0
1329815
0
1607434
2
9433462
0
0
0
139994
0
0
0
279988
0
2
0
0
0
1399799
1469795
0
0
0
1119856
4478530
0
0
0
0
139996
0
0
139996
419980
0
979894
209985
0
0
0
1
0
0
139988
0
0
0
1749691
139996
139996
139996
0
0
0
0
279990
18
0
0
3079019
0
1189789
0
0
139976
0
0
0
0
139996
14966368
0
209974
979888
2659265
139996
0
0
0
139996
0
0
0
0
419980
0
0
0
453014
139970
0
629903
139996
0
0
0
0
0
0
69921
419982
0
0
0
0
0
139996
0
0
629867
0
0
139996
3
0
139996
840003
0
0
139996
0
0
0
0
139996
0
2367088
0
699940
518736
1959618
0
1
0
69995
0
0
139996
0
0
0
209986
0
0
0
0
0
38
0
0
6862556
2239554
0
0
0
979888
0
139996
0
2379532
0
419952
0
0
0
0
0
0
0
0
0
0
769993
139996
1
0
0
629745
0
839916
0
0
0
0
0
1319701
0
0
0
0
419976
279590
69997
69997
0
70024
279990
0
0
419974
274510
0
839934
69997
0
0
0
0
139996
69989
420139
210046
279990
1679732
0
0
419976
0
0
0
0
0
0
0
0
489346
0
1399850
27
0
70709
0
416130
0
1259856
0
487
0
0
279990
139996
139996
6622
0
139996
0
6419
0
70065
69925
0
1
0
0
0
0
0
0
70050
139996
0
0
279986
0
5
0
419976
0
0
2
0
0
139996
0
0
279988
69997
0
0
0
500473
0
0
139996
139996
0
2379520
139996
0
699824
0
1819680
0
0
0
0
69989
0
0
0
69982
0
0
0
0
139996
0
1749588
0
40841
139996
139986
2169724
0
0
0
139996
0
0
69961
0
0
0
0
0
0
0
140014
139996
0
2
0
0
699940
0
0
0
4
0
0
349693
0
0
0
0
0
559958
279988
0
69997
0
44
279988
139996
6
0
0
4198140
0
0
0
0
0
0
0
69997
0
0
0
0
614326
2168876
0
3778874
0
139996
140172
69997
27
139996
0
0
0
0
2013
0
0
0
70003
0
140009
279990
139996
0
69978
0
0
0
0
0
0
279990
0
279990
0
139996
0
0
0
0
559958
209958
419982
3141977
0
1539756
67623
139996
0
0
629922
0
0
0
0
0
0
0
1
0
0
0
0
0
139996
419957
0
0
600770
0
350018
0
0
0
0
0
279988
0
559962
139996
0
0
96
0
0
0
0
0
0
139996
0
279988
0
69997
419976
0
0
0
279988
0
0
559966
13736369
0
0
69993
139996
0
209947
0
69947
139995
139996
2031
0
0
3286357
69993
0
0
279990
0
2
71075
0
0
0
0
139993
0
1119838
0
0
70011
179
0
0
0
0
139996
209990
0
3498853
0
139996
0
139976
0
559966
0
0
6924064
139996
0
69963
139996
0
0
769936
0
139996
20
69461
0
0
0
5107848
0
140094
279988
139994
0
0
139990
0
9373465
3
2281657
0
139996
139528
0
139996
69996
0
139996
0
139996
0
419980
0
0
0
0
0
279988
559966
0
0
0
23962263
139986
8
38
0
209981
0
317034
0
0
69995
0
0
0
0
349959
0
419976
0
0
0
279988
0
0
139996
139996
279990
0
70190
0
0
0
419980
0
0
0
139996
839914
69997
0
0
0
0
0
629932
0
0
0
3918536
3638274
237
0
1819564
0
1552618
839926
580
1679624
0
560207
559960
0
139996
0
0
70017
0
0
279980
0
419980
419976
0
139996
2
419988
0
139998
0
209979
419977
419977
839926
5737664
69997
0
0
139996
0
0
139996
979815
2242473
0
69997
0
69954
3611
0
0
0
0
279990
0
139996
0
0
0
279990
0
139996
69971
419977
0
209897
69986
0
0
0
419976
139996
0
0
139996
0
1819680
0
0
4
839916
4338406
0
0
0
139996
0
0
139996
139977
419952
0
419980
0
0
0
0
139996
0
69991
0
1
0
279938
139992
0
0
0
7
0
0
419976
69997
279988
0
1679710
139996
0
0
69996
0
0
140096
559964
0
0
2
139996
0
0
0
0
0
0
0
0
0
0
0
0
0
5
141564
279988
1259856
0
0
0
279988
419970
139996
0
0
0
0
0
0
139996
139996
5103035
629937
209959
0
0
0
139996
0
0
0
0
0
699952
0
139996
69990
0
419976
0
15206227
0
279988
6436489
141388
5178134
0
139996
0
139995
139992
139992
0
0
139992
139996
0
0
0
0
0
139996
0
349975
0
0
0
0
69994
0
0
139996
0
0
230
0
279944
0
0
0
0
0
349972
0
0
70001
0
0
0
0
0
0
0
0
1119803
69994
839926
0
139992
139996
0
0
0
2380164
0
5672645
0
69994
559977
419976
0
0
139996
4338472
0
699948
0
349976
0
0
2589077
0
0
0
0
0
139996
0
279988
0
559958
0
4
0
69997
0
70107
9371137
0
1119861
0
0
769076
69982
69996
0
0
699901
0
69992
69981
489916
0
0
839919
162
70001
0
0
0
0
6924245
0
0
419976
0
0
139996
0
279990
0
0
0
0
0
0
0
0
769896
0
0
0
419970
0
139996
0
139996
0
0
1819930
29170754
0
209872
0
0
209966
0
0
69978
70135
0
1749635
0
0
489965
279988
279988
0
140019
1959637
0
69995
139996
5
0
0
419976
0
139996
139996
0
1259848
0
139994
0
1119663
69992
839916
279988
0
2868933
0
139869
979888
0
0
1
0
0
0
0
0
2165069
70157
0
0
0
69989
69996
6576276
0
0
0
419980
2169381
139990
0
0
139996
0
139994
0
0
0
699924
0
0
0
0
139996
279990
139996
0
0
0
0
0
0
0
139996
699944
0
279990
0
139948
0
279979
0
139992
279990
0
0
0
979903
139994
0
139996
0
0
0
0
0
0
0
1260321
0
0
14
0
0
0
0
2099435
0
0
1539756
0
67558
0
139996
69995
0
0
0
0
139996
0
0
0
349922
0
419976
1119856
0
2239602
0
141883
69997
0
0
0
0
419976
7965147
0
0
0
139996
0
69996
69995
0
0
1040980
349979
139996
0
139996
0
559965
0
112602
209984
769915
0
0
0
9094568
419980
0
209986
0
0
0
0
839932
699940
72623
139994
13
0
139996
0
70344
0
0
0
1
139996
0
559960
0
0
0
909897
69994
0
139996
0
699954
69997
0
0
0
0
0
0
0
16
69985
0
12233505
139996
0
489956
419976
279988
69997
69988
139996
0
1119854
0
0
279990
0
0
139996
349793
0
4967550
0
279988
839920
0
69984
0
139996
0
559961
108
0
3
0
1399558
0
0
279988
0
0
279990
0
0
209982
139996
69997
0
279988
0
0
139996
0
139996
0
0
90053
0
0
419976
0
1609670
0
139996
450
139996
139996
139996
0
0
0
486
279988
559968
1749553
0
0
1
0
31561318
140002
69997
349965
0
0
0
0
0
629921
0
151301
139700
69997
69997
0
1539772
3287936
40414
420331
139996
2
0
4618080
268511
559966
0
0
0
0
210015
0
139996
0
69999
140471
1119858
0
0
2449201
0
0
108880
0
559958
0
0
0
1679701
0
0
139996
0
699948
286
0
4
139996
0
0
0
0
0
139996
3638659
0
559966
0
0
0
69992
0
0
2309393
0
7423862
0
69997
419980
0
139996
139996
279988
0
0
0
139996
69993
0
0
139996
0
0
209956
69997
4683915
0
0
2145
0
5597586
0
139990
0
140528
68729573
3357692
139996
0
769919
5
0
139994
0
1602745
69986
0
69995
0
0
0
0
0
139996
0
12
139993
209985
139996
559966
0
0
0
0
0
559963
420057
2379388
0
0
10
559960
139996
139771
419960
0
559965
0
0
279990
279988
979906
139980
0
69996
4
139996
139996
0
0
0
0
139996
0
209984
209970
279981
419980
0
4896604
6
12
139996
139994
0
0
0
279988
0
279984
0
0
0
2
139988
0
11327073
559966
2588594
0
2103236
72
139996
419980
69997
0
0
0
0
0
279974
0
139996
209983
839934
489962
0
69995
260615
419976
0
0
139992
0
1678
279994
0
0
0
0
0
0
0
0
0
0
139996
0
0
5
0
0
70000
0
0
0
0
0
8
139996
0
561808
279990
0
0
0
839932
0
0
139996
0
69830
0
197995
0
0
0
0
979926
489946
0
30
279968
419948
0
0
3149284
279984
7
559967
0
0
279988
139996
0
0
0
419980
2659156
0
699940
279988
0
419980
419974
0
139996
139996
672359
69988
2939314
0
209983
69968
139996
0
979908
0
0
0
1621941
3
70070
0
0
0
0
139996
139996
139996
909889
0
2519721
0
3430375
0
4686847
279988
0
139990
0
0
839934
0
139996
69996
0
1
279988
0
0
0
0
0
0
0
699952
69937
279990
0
279985
0
0
0
0
0
629947
559970
279984
0
0
468
0
279988
0
0
629828
69997
0
139996
139996
69994
979911
0
1329207
139996
0
0
140084
279981
139996
0
139996
349959
0
0
69986
0
0
419980
0
0
0
629878
0
0
0
1119776
0
0
279988
1539506
139996
0
2098236
12094785
209994
0
0
0
0
0
0
139996
0
0
139996
0
209950
0
24
279988
0
5418741
0
0
279988
0
140002
0
0
0
228
420015
0
0
0
0
0
0
0
1399780
0
0
139996
1817814
489662
279988
0
0
0
0
0
8496717
0
0
0
3923106
0
0
140008
0
279988
2985
629756
0
0
21
69996
699940
0
3327
0
0
0
0
0
1539737
0
0
489899
0
0
0
0
139996
1469750
489956
0
559960
559960
0
0
419976
0
0
0
699950
1834
279988
0
0
139996
0
699952
0
0
0
1189766
0
153884
0
279232
0
209987
69936
0
0
279984
0
0
139996
0
8952148
0
0
139992
0
0
0
0
0
0
0
0
1189820
0
0
0
13
0
0
0
0
0
1
139996
0
0
279990
0
699872
0
0
0
0
2379578
0
0
0
0
978391
349970
139996
0
0
0
96
0
1189712
0
559869
0
0
0
0
979900
0
1259836
0
0
0
0
69968
1398970
1260205
0
0
0
0
279988
0
0
0
0
0
7
0
699860
0
0
0
0
12
321837
0
1399810
1399787
279978
0
0
0
419976
0
69944
0
0
0
0
0
0
0
0
0
0
0
8533134
69997
419976
139996
0
0
4688285
139996
8534302
139996
419976
139996
0
139998
0
0
699942
8
0
839932
69997
0
0
0
0
0
0
0
0
0
0
0
0
69996
0
0
489981
419976
0
0
1119894
0
0
0
839926
209986
0
139996
0
12
0
0
0
0
0
0
0
0
1259860
279977
1119870
0
0
279990
979895
0
0
0
0
2379299
979886
419976
0
0
0
0
0
4608818
0
0
0
473
139996
139996
1259872
0
769912
139996
0
69992
0
0
0
0
0
0
0
0
0
0
0
0
0
281702
69912
349945
0
458
0
149
0
419952
69997
139996
0
0
0
0
8
0
139996
209093
0
0
0
0
0
419976
0
5177188
69989
279988
0
839908
1679728
279956
0
0
0
279976
0
0
419980
0
407
0
139996
279985
0
0
0
337376
0
0
0
0
0
1
209529
0
139996
0
0
0
0
69997
139985
0
139996
23
0
0
2181311
24
0
210096
0
45402515
69994
139996
0
0
69957
0
139996
2239616
0
0
0
0
139996
0
0
0
0
139996
0
699942
0
279988
0
0
0
2514740
0
0
26
0
0
0
0
0
0
0
140001
0
69915
0
0
0
0
349969
139996
279990
0
0
3778493
0
139996
0
0
0
139996
0
2169861
1888548
979858
12
0
69717
0
0
0
0
0
139968
0
419976
70115
0
0
0
69996
0
0
0
0
0
629947
139996
0
139996
0
5457168
0
209202
5246562
0
0
349965
139996
0
419970
139996
3
69009
0
279984
0
0
0
0
139978
0
0
1749641
139992
349968
0
0
0
0
0
0
1399812
979771
279990
139972
42
0
0
278288
10071418
139994
0
559960
0
0
0
0
139994
276055
139996
0
3079304
417772
69994
279988
0
139998
0
69844
0
0
69997
37
419980
139996
0
1399826
0
0
419956
0
139990
0
0
0
0
0
0
279988
0
0
0
0
0
0
69994
0
0
349984
0
419980
0
1259846
0
0
0
3
0
0
0
280022
0
1541374
0
139996
279948
0
0
0
0
0
2
0
0
69997
0
2448929
0
1
0
139992
0
0
0
0
0
139986
0
0
0
0
161
0
279990
0
0
139996
699941
0
30054364
0
0
0
0
0
69992
139996
0
1057
0
0
0
0
0
16355006
1609281
349955
0
209970
279988
0
0
0
139996
139996
0
69997
140011
0
0
139996
489973
691857
0
0
0
139996
0
0
279988
0
0
0
139996
69999
0
0
69962
139996
209944
0
3
209985
139996
0
4758106
279988
0
0
0
839914
697157
0
0
0
0
139996
839916
139996
0
419976
1959690
139996
0
0
419809
0
0
279988
0
139996
0
0
210045
139996
4897872
0
419978
839916
0
0
829571
0
0
0
69997
0
0
0
279990
0
0
0
420038
0
0
0
0
29
139996
0
279989
70062
0
699940
0
32
0
0
58169716
53
139996
279988
699948
279988
0
0
419977
0
279988
1054303
351096
280015
866716
0
489963
0
0
69708
139996
0
769868
18
0
419976
0
199017
0
0
0
12695
0
139996
322
0
0
139996
0
139996
69996
0
69994
0
279973
279988
559964
0
701166
0
0
0
0
279876
0
209946
0
0
0
0
0
0
0
139996
0
139996
0
69988
279978
839901
3
140350
839862
139986
139996
139996
279990
141836
3670601
1119856
279990
0
0
69994
0
6365947
140967
0
0
0
0
0
559932
279988
489969
4
0
0
9940224
979918
6
0
139996
0
0
139996
699952
139996
699952
0
0
0
139996
140006
69995
139996
699948
560157
210052
4898018
0
0
0
0
0
69996
0
0
0
4
0
70005
699940
0
0
0
0
0
979888
0
0
0
419976
349978
0
699939
279988
0
0
0
979895
0
0
0
839922
0
839916
979888
419980
139969
0
117917
0
139996
0
0
0
139996
1959160
559960
139996
6
1810123
0
0
0
279988
0
0
5176662
0
139996
0
0
139996
69980
209987
559968
0
0
0
69996
979888
0
0
0
0
0
279988
0
0
0
69997
0
0
0
419980
0
69990
0
139586
4268269
0
69997
839896
0
0
0
0
0
0
0
0
0
0
209979
0
0
559960
0
0
139996
139996
0
0
0
0
0
0
629945
0
0
0
0
209982
0
140048
139994
70551
0
0
1687164
69997
0
1119878
0
699952
0
1336283
9266
0
139996
0
0
0
0
160
0
0
139996
140001
560073
0
0
7622
279990
0
0
139996
1259880
2659091
348
0
0
139996
0
496
0
139996
0
69997
419980
0
0
0
69911
139996
0
0
6
419976
0
0
0
139996
0
0
279988
0
0
0
139994
0
0
69995
0
0
0
3
139996
979872
0
0
139996
0
140002
0
0
0
0
0
139996
0
0
1679728
0
0
210044
0
0
0
0
0
11
69932
69258
489868
1259707
0
0
0
150419
139996
0
69995
0
0
0
0
139996
0
0
139996
0
839916
629862
0
0
0
0
559968
0
139996
139994
0
0
139996
0
0
559966
0
0
0
504
1259820
83
139996
139981
69996
279988
0
4897934
139996
0
0
0
69979
0
419978
0
419982
209979
279988
139994
0
139996
209973
279974
0
0
0
0
0
0
419904
0
69966
0
0
401040
0
0
1119886
0
139996
0
1819653
0
0
839940
0
139996
0
209985
209989
979900
0
139996
559966
279988
0
0
139996
0
0
69997
0
8393302
489986
0
0
0
699941
0
0
0
0
279956
279988
139996
0
0
699940
559960
419976
0
69997
0
0
0
0
2659492
157747811
419976
0
0
0
139996
139998
0
0
139996
629288
2
0
419964
69643
139996
559920
52148387
909876
419980
69987
414210
139996
0
139996
0
0
0
839497
0
0
419976
979888
1539788
383802190
139996
0
0
0
0
0
0
42
0
0
0
139996
1
419839
0
139996
69997
279988
0
699809
139996
0
0
0
0
69997
0
69930
69890
0
0
0
0
0
0
699974
0
0
0
0
0
0
139996
210051
139996
0
0
6999903
0
279991
0
1259834
4364586
0
0
2519482
139996
2565527
0
60
0
0
0
279956
0
1119866
0
0
1047064
0
1311
0
0
0
0
0
0
0
279720
279990
279988
0
1119882
0
399002
0
0
36
0
3078942
139996
0
0
0
139996
0
5596754
0
139994
0
0
279988
0
0
29456070
278988
139994
69997
139996
0
0
0
0
0
0
1198291
12
69993
139996
0
0
0
18620364
0
0
0
0
0
0
280024
1259854
1119870
1049304
279988
0
2659451
0
69997
0
0
0
0
0
559946
0
0
3078862
0
0
139996
7551166
82
0
0
279993
0
24990435
6847729
0
559960
0
209989
6
419976
0
979916
139996
209311
0
0
0
0
559960
979888
0
0
0
0
0
0
1399813
0
0
69972
0
0
489925
0
0
0
0
0
0
0
769932
0
0
0
2
0
0
0
419976
1
0
69997
69956
139969
981085
0
0
0
0
69482
349451
0
0
0
699940
279990
489949
1119854
279988
0
209997
0
419975
0
0
0
0
0
69987
69997
139990
0
139996
139926
699897
490187
280061
279988
0
0
70389
139996
1259856
0
1399850
139996
0
139996
0
0
16
22
0
70002
0
0
69999
0
0
0
139997
0
349978
0
13
3499026
0
207848
0
70188
0
139996
349975
0
0
0
0
139996
0
0
0
3358960
299
0
1775190
0
140468
0
0
0
4
0
0
0
6152549
419974
0
1399801
2099156
0
0
614
0
139996
139996
0
279976
0
0
0
0
207648
0
0
69997
0
0
0
0
0
0
0
69997
2022981
0
69997
839928
0
0
419976
0
0
420213
0
0
210021
0
139996
139987
0
0
0
0
210002
419980
69997
0
279188
700042
911800
0
1959565
0
139996
0
209992
139996
0
139990
559960
0
489965
0
69992
3498714
139992
0
0
10
0
3287677
0
0
139996
139996
0
5680782
0
489937
0
20
0
0
139996
0
0
0
139996
0
0
0
18
230
209989
1259839
139996
139936
559951
69987
139996
0
0
0
0
419926
0
139996
139996
0
0
139996
0
40916252
0
0
0
0
0
0
0
1346015
0
0
0
279988
3636843
209758
0
0
0
0
139996
0
0
0
139996
139978
0
0
7
25
0
1749690
16715466
559960
0
69995
2519354
0
209988
0
0
139996
0
0
279988
0
0
769996
0
419922
69996
0
0
69997
6293593
419977
4618030
1469774
0
419976
0
0
69995
139996
279990
139996
0
0
0
0
3
0
0
419976
0
0
123
322908
0
69996
139996
69617
1679696
0
0
279990
0
3079042
0
0
0
0
0
0
0
0
419980
1119857
0
0
139996
0
0
559960
0
0
139996
0
0
0
0
0
0
1399684
9
0
419980
0
0
139999
0
0
0
0
139992
0
0
279988
0
5
349983
139996
0
0
629923
139996
140019
0
0
0
1260123
139994
139996
0
0
979888
1284007
70047
0
209986
4757620
0
0
0
0
0
0
0
0
0
279988
0
0
1399834
139996
0
559960
0
0
70957
139996
0
0
0
0
0
0
0
279988
0
0
69857
0
403
0
0
0
0
909929
139984
1119774
0
0
5
0
0
1119856
0
70019
0
0
0
139996
139996
0
419952
0
0
0
6296719
559966
0
839916
0
0
0
0
69973
0
489942
0
0
139996
0
139996
0
0
0
699846
0
2964589
0
410145
0
0
0
1
0
0
279988
699948
0
139996
0
0
0
0
0
0
0
0
0
0
0
419976
0
139996
0
0
0
0
0
559960
0
0
0
0
0
0
0
1468345
0
210003
139996
139996
0
0
0
0
0
419978
0
0
0
0
0
0
69977
0
209989
0
2238172
0
0
489966
0
559968
0
279908
139996
0
0
0
0
0
0
139996
419976
0
0
0
0
0
0
0
0
0
0
0
0
139647
0
0
0
139996
0
69998
0
0
279982
0
139994
489970
0
0
2028432
699954
0
0
0
0
349987
279988
0
349845
60
0
277115
0
0
0
979626
0
279990
139996
279988
3
69972
1679725
0
0
979918
0
139996
0
349985
0
0
279990
0
701158
279988
0
1
0
489963
0
0
3
70071
0
0
0
0
0
0
0
0
0
0
0
279986
0
0
0
139996
279991
419982
1119886
699897
138403
0
0
2
0
0
0
0
279988
279988
0
0
0
1142456
1749537
0
0
0
0
0
69997
79
0
139996
419980
1889341
1399781
0
2379342
6296884
70011
139996
1
27
0
0
0
69970
139996
0
0
0
0
2169445
0
209076
559966
0
4508
69997
0
1
0
279988
10050123
0
489970
69999
279988
69997
0
0
0
139996
420240
0
0
0
139996
0
69822
207156
0
0
1
0
486294
0
0
0
0
139996
0
139996
6226451
0
0
2142218
425471
407975
0
0
0
0
0
0
0
0
0
42
12
4618252
139996
139996
0
0
0
0
0
0
0
0
0
0
0
139996
139994
0
209997
0
1679712
0
1
0
1119902
0
0
0
279990
0
140197
3708588
699952
140031
69997
70012
0
4897706
0
209987
0
279984
559970
0
0
0
0
0
1
0
139996
279972
0
139994
0
36
69848
0
15791340
0
0
139997
0
0
0
0
1679700
0
0
139996
0
6
0
0
0
0
0
0
139992
0
0
139996
419976
58457
0
8254065
419980
419976
0
0
0
209976
0
0
0
0
699956
0
69994
0
0
559960
0
0
139996
0
22025968
69988
0
0
0
0
0
69996
0
139996
0
139996
69995
69943
0
0
3498928
559918
0
209335
0
139996
139996
0
279988
279988
2070388
0
0
0
0
0
0
0
139996
0
0
279984
139996
279988
0
70363
209492
0
0
138963
559965
699954
0
1
139996
0
0
0
139996
0
0
0
0
139996
70104
0
700351
0
1609449
279990
0
417
73511
0
839926
209973
139996
0
0
70346
0
0
0
0
0
139990
0
209988
0
0
419740
0
139996
209969
0
69982
0
0
0
0
419976
349965
1049829
419961
139962
0
8043989
1
139994
61
0
0
0
0
0
0
0
0
0
2239536
0
344495
0
139994
139996
839932
0
0
0
0
0
0
489831
279988
6
139996
0
0
139996
0
279976
0
0
139992
0
699932
0
0
378
69997
139996
0
0
69988
0
0
14956888
0
0
0
69995
0
0
0
139996
699940
0
139996
0
139996
139960
705918
50875
69997
0
0
0
139996
700042
0
0
70161
0
139996
0
63266
114042
419982
0
0
0
1259820
279982
279991
0
0
56168
559960
139996
139996
0
0
349980
0
839920
0
0
0
0
0
209968
0
0
139994
0
0
561660
0
0
0
0
279990
0
0
0
699952
0
1
0
263
0
139996
0
349330
419978
0
0
2799412
349976
2099597
0
0
0
0
419550
1819680
0
0
629865
559960
0
0
0
139996
0
0
4617756
209979
0
12
0
139996
0
490056
139996
560482
209989
1119856
276
279982
0
0
0
23
139996
0
0
279548
139996
349989
0
0
0
69997
839907
0
0
210036
0
139996
699940
139996
0
139996
0
2309081
0
0
0
279984
0
139996
209974
8
0
279988
0
0
0
1
139992
349555
0
0
0
0
69994
0
139996
0
0
70812
400
0
213255
0
279990
0
0
40
0
0
0
0
0
139996
0
699940
0
419982
139997
0
0
0
0
699940
139996
0
1679728
0
0
0
0
0
6995080
139996
0
209949
0
0
769605
0
1259820
0
0
279964
1539765
140002
0
0
0
0
0
139992
699942
0
0
0
0
0
0
279988
0
1189846
0
279990
0
139992
139996
0
69964
699940
0
0
69999
139996
0
279988
139996
70023
69996
279810
0
0
0
139994
139976
0
0
419978
10
139996
0
1399846
0
0
0
419980
0
0
0
69997
0
139983
0
69825
0
0
0
0
279990
0
0
5737217
139996
1259840
0
139986
279988
0
0
699928
3358884
0
0
0
559960
699940
0
0
0
2585220
0
139996
2799390
139996
70180
630026
0
1679746
0
0
699880
0
0
559966
0
0
0
36
0
0
0
909558
428876
69996
0
139996
18440523
840060
139996
0
420837
0
139996
629941
0
0
0
0
419976
559960
0
281211
69994
7
139996
70060
0
0
559966
69995
0
2029589
0
46
0
0
139996
0
0
69993
140040
0
0
0
70114
0
70341
1034965
139996
0
699956
0
2
0
0
0
0
279988
405
0
139968
139996
139996
139998
0
0
0
1259820
699940
0
0
69997
279980
151310124
0
699940
0
0
0
0
909570
0
0
0
95617
0
0
2281684
0
0
419980
0
139991
279988
0
139638
139996
1679710
0
0
0
0
0
0
489962
0
139996
489899
0
139996
2240216
0
3217905
69981
0
0
0
0
0
0
0
69253
139996
0
0
0
0
0
0
0
0
0
0
139996
0
13144058
0
0
0
139996
0
0
139996
0
209957
0
0
0
0
6647532
0
69997
0
0
0
0
0
0
0
0
0
0
0
139996
279988
0
0
139996
979888
629883
979874
140074
139996
279969
769857
4
0
0
0
559730
0
5311687
0
0
0
0
139996
979853
69994
0
139988
0
0
488699
0
0
0
12
0
0
0
0
22
3358800
0
0
0
0
3
4543025
0
279968
139996
139998
0
0
0
0
3498827
139996
0
0
69997
0
489965
0
139996
0
0
2937275
209987
348777
0
139994
0
559960
0
279972
0
0
139992
0
0
0
0
0
89
0
0
205356
139996
0
4756248
0
699850
139996
419974
0
2
0
0
0
1399726
419976
140009
139995
0
139996
0
0
139996
0
0
55
419970
0
2
0
69995
420272
0
419974
0
0
979900
279988
0
7890523
139990
0
69989
419969
0
139996
350041
72271
559960
209984
0
0
0
0
0
139996
0
1052942
489626
0
0
139996
0
0
279988
0
0
69976
0
0
139996
27
139996
139996
0
0
419934
138571
1679457
0
0
69994
0
6296592
0
0
2029134
839916
838917
139996
139996
0
69997
279988
139996
0
1609759
629949
279988
0
0
0
349935
0
70082
139996
0
1
139996
7
1049640
0
0
5
0
0
0
279988
10663355
140325
0
69997
890642
0
9372028
139996
70064
0
0
0
0
6014718
0
69997
0
0
0
5382131
0
0
69997
139996
0
0
279988
0
0
349976
0
0
1329776
209985
4
0
700005
0
0
0
0
0
0
0
559960
0
139990
3637651
0
69997
0
0
0
139996
419980
69997
0
0
909836
0
0
348292
0
139996
139996
0
0
139996
1749568
0
0
0
139994
2239456
559960
0
211362
94
2799192
699251
0
69990
0
0
2239600
0
0
0
0
0
279990
69996
0
139986
0
769920
209982
0
6015875
419976
0
629693
69997
87
0
559960
0
0
0
839915
279988
0
139994
0
0
0
0
279982
55272880
0
0
209985
909928
139996
139996
0
0
0
0
0
2309442
279988
0
0
0
70003
0
279978
0
847417
979889
1119838
0
139872
5421
69969
0
420002
279984
979910
0
419976
0
0
0
139996
0
909918
69883
0
0
0
70000
279990
419970
1
0
0
0
0
69995
69997
0
62660
0
4
489982
0
5038152
279988
0
139996
5174914
0
0
69996
0
0
48949228
0
139996
1469557
0
139996
139996
0
0
69992
0
139817
0
0
0
629922
2099041
33
139996
0
0
69980
69996
209989
0
279988
0
0
0
0
419980
279988
0
0
0
0
0
0
139996
559887
2309371
349958
20787
0
349947
0
5103954
0
70029
14750533
18313840
93
0
0
0
139990
279990
0
0
0
0
139992
279990
419980
210026
0
279998
139996
0
0
2
0
69997
279972
70002
19111
0
0
4
0
0
139996
139996
1539758
0
318682
70185
0
0
279986
0
1539692
0
69995
0
0
0
10
419956
0
0
0
139996
139996
0
0
0
1749676
0
0
0
139996
139996
70047
0
142242
0
0
0
140002
0
139994
0
0
0
699954
0
0
0
489929
0
0
0
0
0
0
0
139996
489928
0
0
0
0
279990
0
279990
1846391
348904
0
0
0
0
0
0
0
279988
1539756
0
909591
0
0
0
419976
7694338
0
350741
0
349719
1259834
699941
419976
0
0
0
0
0
0
137852
1
511524
0
3
699956
0
139996
0
0
139996
139709
139994
139996
0
0
139996
419975
0
279990
0
279984
0
69997
8800083
0
139996
0
2099635
0
139994
0
699918
0
419994
0
0
0
0
0
4198230
0
419976
0
0
559960
0
139996
0
0
419976
5317430
629933
0
139996
139996
0
2
1
139996
559960
419980
0
6233
0
699952
0
0
0
0
209991
0
0
69791
139996
0
139996
0
0
699940
0
0
0
979888
149700
0
3498700
0
69997
69995
700134
839
0
0
0
0
0
0
20753316
139996
0
0
0
0
144710
0
209941
699940
12064
0
96
0
0
0
0
69998
279988
139996
0
0
0
0
27
279976
0
0
0
139996
0
0
0
209989
0
139996
0
419976
350169
0
0
0
0
66339918
0
8729
2
139996
0
139996
0
0
0
0
139996
0
0
0
0
0
0
0
0
0
0
69997
0
209931
0
0
139996
0
0
0
6
0
0
0
0
0
0
0
0
0
279988
699870
0
140074
0
979872
0
279982
2083219
0
70039
10760611
559960
0
139996
279988
1
0
0
0
0
279984
279984
0
139980
1399045
0
279984
4756857
69998
0
699932
0
139996
139996
26389978
3498748
0
0
0
0
0
209992
279988
0
281208
0
0
139996
139996
69993
0
559970
0
0
0
139994
0
13837
139994
0
220
0
0
559960
0
350161
0
0
0
0
279990
0
1
139996
419976
1260724
839916
2
0
0
139996
0
0
209973
69972
150466
0
0
0
0
4366481
979475
559952
0
0
139992
0
770001
0
0
0
419968
0
279664
349972
0
0
0
0
279988
140025
0
0
0
69999
70048
279990
419976
3
210053
0
0
0
839920
0
0
70018
0
0
0
0
140014
0
139992
0
0
0
0
139996
0
0
140073
0
3079206
0
0
0
839922
0
26
0
0
11
0
0
139996
209960
0
69987
0
279988
0
0
0
20603387
979908
0
1504
28
489948
0
0
7
206867
0
0
0
484
69997
70021
0
0
210267
0
0
0
1474627
0
0
0
0
0
139952
0
139996
0
0
0
139996
0
0
139996
69997
0
489880
513919
0
0
21
139996
1609402
0
0
0
0
139996
0
0
139996
279976
139996
0
0
0
279988
139981
0
0
139996
559968
0
0
0
279986
6
0
0
0
419998
0
69997
0
69996
139996
0
0
0
139996
28
1
139996
0
0
559940
69995
0
139996
69999
0
1189268
0
0
0
0
0
6920799
0
0
139996
3219122
0
0
0
140122
209982
0
279987
139874
0
279990
0
0
279988
0
0
0
0
18
0
0
139996
0
69972
139990
3708563
0
0
0
139996
69940
0
559960
0
1329842
0
139996
82625
139996
0
139990
0
1189935
69990
0
0
0
0
0
279988
139996
139996
0
69994
0
0
28
210106
0
140018
0
0
0
0
69139
8395194
277543
211056
69998
415108
0
0
139996
559968
419980
0
0
419980
0
1259840
0
420019
0
139996
0
0
1
0
69995
0
68929
139996
279981
139994
559966
0
2
0
139996
0
209985
0
139996
13899
69951
69965
769933
0
0
139996
0
280121
69997
2446834
348542
0
209983
69992
4198279
279988
139996
0
1539744
279994
5597586
0
0
0
0
0
419570
0
0
0
419980
279990
0
0
0
0
559960
69934
62
1399608
314
419980
0
0
0
0
0
0
0
0
0
0
0
420005
0
279988
279988
5
0
9416
0
0
0
699916
0
0
0
279983
0
69999
139996
0
559960
139996
1959306
629993
0
699959
139996
139996
8114270
0
0
279988
0
0
419976
0
0
0
279988
0
0
0
70055
139995
0
699941
419970
0
419980
209985
419977
16
9092917
0
0
40
1959560
0
0
12
139994
0
0
279988
0
0
979916
279990
0
69902
0
0
0
629947
69995
0
279988
0
65
559962
139996
139996
139996
70007
769307
279988
139996
0
102
0
0
9690086
0
559966
0
0
0
0
0
0
279988
7
140129
21871743
0
0
0
5527641
0
139996
279988
0
69926
0
0
139996
0
69993
0
139996
2729161
1609631
0
0
0
350
0
279990
839884
0
559960
0
139996
0
1889581
69987
0
0
0
139996
0
139971
559966
1032
279988
0
1399769
139992
139996
0
69997
0
279976
0
0
69993
21538518
139996
0
629924
140022
0
140
70027
8
419962
0
0
0
279990
139994
0
559960
0
0
0
0
0
139996
1259862
0
0
0
279991
4268282
0
0
139994
0
18
0
0
139996
0
0
139996
0
0
140006
0
0
0
0
139996
0
629830
0
139996
419976
69997
0
0
11778886
0
139996
0
139996
0
0
0
69997
2869186
3
0
40
0
140012
70029
0
0
0
4
0
139345
0
0
0
139996
212877
0
279988
410286
57
139990
0
0
209955
0
279988
0
0
139996
0
139996
2724180
0
0
310
0
0
419976
139996
0
769819
699938
0
0
0
0
0
0
0
139992
1259802
0
1119894
419980
279965
0
489583
0
0
0
279990
5036743
139996
0
279990
699940
489966
0
629818
139996
0
0
0
139996
0
489974
0
0
279976
839576
139994
69926
0
1539858
0
38
0
0
0
1
0
70005
3
0
559787
3778818
0
70004
279986
13008253
3
0
0
5526185
0
0
0
1503216
0
0
139996
419974
0
0
0
0
0
69997
82730
69898
279969
139992
0
0
142448
790
0
0
0
2020442
0
0
0
0
2
0
0
0
979876
0
0
0
699948
0
839926
319
0
0
0
419980
1959624
69996
68137
0
69996
0
0
0
0
69991
0
0
0
696
0
0
349967
0
9093602
0
0
139992
279988
0
0
0
0
0
0
23
0
0
0
419980
5037874
0
0
0
139996
0
0
0
0
0
419976
0
0
0
0
0
0
0
2939288
419980
0
279988
69996
0
0
139996
0
0
139996
0
0
0
1469786
0
139994
0
139996
0
0
0
2869039
209979
0
908453
139996
0
0
0
0
0
0
0
0
419980
8
2029665
0
139994
0
279990
279594
0
0
0
280010
279988
769913
0
419976
69997
2798577
1399780
3
0
0
113
0
139996
0
0
0
0
6716729
139992
0
7
0
69992
111
699939
69994
139997
0
139996
0
0
419976
0
0
26
0
0
139994
839932
0
139996
69989
0
0
0
12
6366696
0
326
0
0
0
0
279990
139996
0
0
139996
1
419980
0
0
188
69992
0
0
0
1399750
0
0
1259856
0
0
0
0
0
139998
0
0
0
139996
0
0
0
0
0
0
140982
0
279988
4
0
139996
0
2
0
0
0
0
0
0
0
139996
0
0
240
139996
69990
979889
0
420008
0
0
0
0
224
419974
139996
0
139994
139996
139996
0
0
0
0
419978
0
139996
0
349975
839934
0
0
908775
629986
0
0
0
0
0
0
0
0
139996
279924
0
699940
0
0
0
0
147
559736
0
0
0
7
0
0
0
0
0
69989
0
489969
419980
0
3705777
279990
0
0
157
0
139996
139996
0
139996
69951
279988
0
139996
0
0
572785
419978
0
0
419976
0
0
0
0
0
0
419976
139996
0
0
0
0
0
0
0
0
0
0
839876
0
0
279990
0
0
0
70019
0
0
139998
0
0
0
0
0
629933
139996
0
0
0
70126
0
70000
139996
140004
699940
209958
0
139996
0
279988
0
0
0
279978
139996
0
0
419864
69988
0
209987
0
0
144714
0
139996
0
0
629941
0
64
69996
141634
45
839916
0
0
139996
0
979916
141346
0
559720
279990
139996
419980
0
0
0
139996
559961
139996
0
0
0
279988
909480
0
1624954
0
0
0
0
699845
0
490200
1407
13
349982
139986
0
0
0
69961
0
350161
0
139996
8
0
0
419976
0
0
0
0
45
1189624
139988
0
279988
0
0
0
139996
139996
0
69994
489965
0
139996
0
0
3704632
209973
2
0
699951
1259844
6939219
0
0
0
128688790
139996
0
0
0
0
0
0
18521039
0
559970
4
0
139996
0
0
312034
406994
2588907
559960
3
0
0
139996
279988
0
419968
2449334
0
0
0
419964
559960
0
0
2449183
0
0
0
139996
0
0
139996
559960
1679312
0
0
69996
162023400
0
0
0
52
69994
70348
0
0
335311
0
0
139996
139994
0
0
279990
209163
279990
979470
979881
209982
0
0
69997
0
0
0
16
0
0
0
0
279972
69997
8
69997
68922
0
68838
0
0
209938
3079238
279988
0
209988
0
0
1119874
1539759
1119886
0
0
0
0
0
9
279990
0
0
70014
0
0
4
0
0
349763
0
979864
699940
0
0
0
0
0
69995
1680605
762093
0
209962
0
0
69997
0
69992
0
139870
0
39
0
0
0
279982
20820164
0
0
139996
0
0
0
0
0
69996
1679628
0
0
0
139996
0
0
281422
0
6575604
0
0
0
22
0
69996
0
979913
0
0
0
0
0
279988
419976
0
0
0
139996
0
279990
0
69943
4502233
419974
559774
139996
0
139996
139996
1678581
0
0
0
66950
69996
279988
209987
0
139996
2729285
1819433
139992
139988
0
69988
349903
0
279988
69996
139991
0
139947
0
349918
0
0
0
0
0
4
139995
0
0
0
0
147
0
12
209990
0
12
139996
0
0
0
699940
349903
1539736
0
0
0
69489
209993
0
0
0
1119870
699948
139996
0
69992
0
0
69997
419980
419980
69996
0
69893
0
0
139093
279990
0
0
0
0
0
0
839916
40
69996
0
0
0
0
0
0
0
0
0
839932
0
0
2379772
0
0
559961
0
0
137796
1465582
279988
0
0
0
0
0
0
419976
0
1329658
0
0
0
0
0
419976
0
0
0
139996
139996
209989
0
699940
0
139997
0
17
0
0
699686
0
419980
0
0
0
0
699954
0
279990
139996
1119875
0
139996
0
559944
0
139996
140000
0
0
0
0
0
0
0
0
0
2799408
0
0
139996
0
0
4267429
139994
139996
0
1259844
0
139996
70025
66220
0
0
0
69970
139996
0
0
419980
0
0
0
0
0
139996
0
139996
1
489976
139996
0
139994
0
0
0
210035
139994
0
0
0
0
2519478
0
0
979922
419976
208566
279990
139990
0
0
0
139996
0
0
0
2
0
0
69997
0
0
0
1119884
0
839920
0
3778539
0
0
1
0
0
0
9783271
139996
698754
0
0
0
139996
0
0
0
17486017
2103546
279988
70054
559960
0
0
0
419976
0
139996
0
210048
2939316
0
0
0
0
546534
69119
909849
0
0
0
139996
0
139996
69992
209952
0
139996
0
139992
1119856
0
0
139960
0
0
0
0
0
0
0
0
0
139996
0
0
0
0
0
839652
279990
140004
139996
0
139996
139995
0
0
0
4
0
0
69994
139996
0
139996
0
839916
0
139982
0
0
0
0
279988
0
0
0
1959628
0
419976
0
0
113
839923
0
0
0
0
1
0
0
559952
0
279988
0
0
139996
0
0
0
0
279990
0
0
139996
167
279988
0
0
0
0
139996
69992
699870
17615388
0
0
4177686
0
69995
279988
559960
0
0
0
69951
0
70011
0
0
139996
0
15377052
0
1
0
39
1957412
279988
0
139996
0
139996
0
0
139996
0
419974
699912
279988
0
559153
69997
419980
1119870
112
0
0
0
559954
559970
0
0
0
0
1
279988
11
0
139996
279984
0
16
0
0
0
1749460
0
0
0
279988
0
419980
0
0
139992
1258034
9097055
0
0
0
280000
0
279988
0
279990
0
209985
139996
53
279976
279990
69995
0
1189853
0
0
0
0
0
4618056
559966
189
69997
0
0
419978
0
0
0
69997
0
0
279988
279988
0
0
69995
140164
2
0
5
0
0
0
0
419882
0
1251470
1819674
69995
0
0
0
0
0
0
69997
0
0
489961
139997
0
0
139996
0
139994
0
0
1
139996
0
5665549
0
0
0
139996
2
0
0
0
419976
0
419978
139996
0
69998
0
8322459
419980
0
0
0
0
419930
979916
2
0
0
279988
0
139996
4886096
0
0
560472
0
0
0
0
0
699878
0
699843
0
0
0
279990
0
0
419974
419976
0
559912
69994
839916
0
279920
3358800
0
139996
140924
2169573
209868
0
21
0
139996
839924
139994
0
0
2865433
0
0
0
139996
0
0
0
699952
0
139996
0
209986
0
0
279990
716026
559960
69991
13287632
139996
0
0
0
0
0
139996
0
0
0
5666524
3077527
0
72504
0
139996
0
1260964
0
279988
14
139996
420364
979908
840788
2999693
0
0
899016
0
279988
1259680
0
139996
1399822
349953
0
279990
0
0
12
0
69964
1119746
279988
9
0
0
0
559971
0
0
0
0
0
0
0
0
489924
769927
139992
699940
0
0
280105
0
0
0
0
0
8
140086
139996
1119636
0
6227171
70227
0
279988
69992
837915
1539753
0
0
0
0
0
0
0
0
0
0
559966
209982
0
0
14055879
279988
629953
0
139996
699952
139996
0
419980
0
139541
0
69996
699952
839935
0
0
0
6434404
0
0
80
839932
0
0
0
0
0
209989
0
209990
0
0
0
0
0
0
0
0
0
0
560069
1959648
1679396
5
0
0
69995
2
0
0
0
1539654
139996
0
0
4630
192
419980
839906
0
0
69969
1189631
139986
139996
70001
559960
139996
210047
0
19
0
0
419980
0
0
0
0
699948
0
489954
559856
559962
42421795
0
139996
0
0
0
0
279988
0
629937
0
0
1901071
0
0
839904
0
419952
279988
279958
2519347
0
3918551
0
208424
0
0
0
0
139996
979888
0
0
0
4758416
349965
2435430
420027
0
69997
0
419952
461454
279990
0
280004
69997
559960
0
839936
0
559966
0
0
1602254
36
0
279988
0
0
0
489951
0
0
0
0
0
139996
1819636
139996
0
419976
0
656596048
0
139996
0
0
22021609
0
0
279988
699954
139996
0
0
0
0
0
139996
209989
0
0
1047546
22243833
349956
139952
0
0
0
0
279990
0
0
139996
0
0
0
699954
0
2379500
9
0
0
1539678
0
699940
0
0
2029477
139996
0
0
0
0
279988
559968
0
279988
279988
69994
1119856
279988
0
69981
140020
0
0
279988
209351
0
0
21
0
839923
139997
194181
0
70001
0
139868
0
0
209989
209989
279988
4698981
419970
559966
209991
0
0
699940
139996
139970
0
0
0
0
139996
0
0
139996
0
0
0
1
279988
57299
0
0
1404
0
0
0
629941
349960
0
0
769934
0
0
6016216
0
0
0
139996
1539769
139996
0
139976
0
0
0
0
0
139996
0
0
0
0
1261381
139996
0
0
699952
0
0
0
0
1259820
139924
279988
279988
349965
0
0
279986
419982
419976
0
69999
139996
12
117
699940
0
139996
279988
769794
70009
0
1
0
0
0
5
0
0
140163
1819672
69983
0
2378576
0
559960
51
209967
139988
0
0
0
139996
0
0
139996
77235
699952
279990
699948
139944
0
0
909831
1469781
69997
0
0
0
0
0
0
0
0
4
0
0
0
0
3
385604
5179068
139996
4758098
0
0
0
0
0
279984
0
3110
139914
0
279988
1189640
0
0
209946
0
0
8114890
629961
209979
0
489876
139996
0
0
527503
5
0
0
139996
0
0
0
69997
139996
0
0
0
1189754
0
0
0
70011
0
0
6
0
69996
0
0
0
0
209976
0
279991
32877690
0
0
7
699946
0
0
0
0
1679770
0
0
279988
0
139994
0
0
0
1189372
0
0
11
0
0
0
0
1046259
0
279990
0
0
139996
0
69996
279988
69994
139996
0
349105
139918
0
0
449
15169446
0
0
0
0
0
0
69801
0
0
0
0
69958
349955
0
0
139996
0
0
279988
0
1119756
0
139996
0
145
0
279985
0
0
0
0
69993
0
0
0
559938
0
139996
559960
140002
0
0
0
0
139996
11
139985
279988
0
141042
0
139996
419980
139996
0
0
0
0
139996
0
140422
279988
419817
0
139994
0
69996
0
0
0
279988
95
0
0
906172
0
0
209979
0
419976
0
419957
0
209882
209934
69996
0
0
0
0
7117905
0
699940
0
69993
139996
280086
139996
419980
0
0
69996
0
1119506
0
0
0
0
284966
0
139996
140000
0
0
1329607
0
0
620680
0
0
0
69990
0
0
0
4
209986
278222
32
0
0
0
0
139997
0
209967
69988
559963
0
0
0
839895
0
0
350565
0
419976
350218
6
0
1119856
0
279988
0
0
0
0
0
0
0
0
412693
0
4436
0
0
69993
0
0
139996
0
69973
279988
0
0
209850
0
279988
0
279884
139996
139996
141016
0
144819
0
419982
139996
0
69997
0
0
279990
0
591184
1
0
0
139996
0
70000
0
0
1329797
0
0
0
0
0
69994
0
0
139984
0
0
0
1
559960
0
69991
0
69995
0
279988
0
0
1399988
69997
559938
419976
349942
139996
139994
0
0
0
0
0
399
839916
69996
0
69996
0
139996
139993
349957
71717
1119888
2726665
0
69994
0
0
2729292
139994
139996
0
0
139984
0
139996
69953
0
0
0
0
70060
0
0
0
0
139996
0
139968
210005
0
0
0
1539740
0
0
69986
0
419976
0
0
6437148
3149089
699930
0
0
0
139996
0
0
0
139996
0
0
0
0
0
32
5931103
0
419976
139996
0
55
0
419970
139996
559961
69997
139988
12
0
0
0
0
27
69895
0
10717189
979857
2099491
0
0
0
279986
139996
139996
139996
0
0
0
0
2869368
419959
349981
387
0
69995
0
0
7
0
350085
0
0
140017
0
419980
139996
0
2379412
139996
559881
559966
0
0
2722948
0
0
279988
0
0
0
0
121381046
0
70844
0
0
0
349996
0
0
0
0
0
0
139996
0
0
0
279988
0
0
419899
419976
0
0
279988
419976
1
0
0
0
1819697
0
279988
139996
0
3918790
1399489
0
0
0
0
0
0
0
0
1546122
0
279976
699942
9
769920
0
0
0
0
838408
0
0
20
348984
0
0
0
0
2519428
0
0
2099417
0
139966
139993
0
629838
139996
3
83
0
699940
0
0
69760
1119856
0
0
140126
1399828
209988
279990
0
139996
0
5649723
0
0
279988
0
0
0
0
140025
0
0
629874
4
0
36
0
418803
69863
0
349967
0
139996
2
0
0
0
0
0
0
145636
0
139996
0
139996
0
0
0
7
0
209985
0
210001
0
139996
0
0
6646158
139996
0
69995
0
12112369
0
0
0
419976
0
0
0
44283555
0
1675
5
139996
139996
7825
0
0
0
0
4024
0
139996
209982
70005
0
0
349996
4967665
0
0
139996
279984
279988
139996
0
209989
0
139996
0
0
489944
30
0
0
0
489958
0
0
0
0
0
0
139996
209982
139994
0
2
0
0
5
1
0
0
0
1
17
0
0
0
279972
0
279990
1959530
0
2239636
0
1679902
70083
0
3288771
139996
139997
69993
139994
0
280014
769966
0
139996
0
0
1749564
0
0
279936
0
0
139996
1119852
139996
69997
1679704
0
4
0
0
3148822
69997
139996
279990
0
0
0
0
240
0
0
0
69995
0
209985
0
0
0
0
0
699860
0
69991
0
0
0
0
139994
139996
0
0
140063
0
699948
0
0
73368
0
0
0
0
1889656
0
2309464
0
419976
0
699930
139996
0
0
0
0
208601
0
769964
562084608
139994
139998
0
0
559950
279988
559966
279988
70060
0
279990
0
279988
279988
139996
839932
0
979920
0
0
279938
20819189
0
139996
419980
0
2
0
0
0
139996
0
1365210
0
0
419980
0
4477957
350225
280040
139996
139981
0
419976
0
280034
0
0
0
0
0
279986
0
0
0
0
0
6
0
629816
279973
279990
559468
139996
0
419980
0
0
1
2239512
279990
0
0
0
29
0
0
139993
0
349976
0
0
0
0
0
0
629931
0
139996
0
559966
0
0
0
69986
0
0
839760
139996
0
0
69995
699660
0
139996
0
0
139996
0
0
0
0
209985
0
0
1329780
0
419760
699940
0
5
139996
279988
0
0
0
70023
0
0
0
24742125
699933
4
0
0
0
0
0
0
839926
139996
139996
0
209985
0
0
699761
139996
139996
0
0
0
0
0
0
0
0
0
0
0
69976
0
699940
1189695
139996
1259821
139996
209707
839876
7134273
0
1679728
699954
0
0
0
0
0
0
69993
2169526
0
1119902
0
0
139996
0
559964
699940
0
559968
0
1
0
419976
840097
349970
0
0
0
0
0
0
279988
38
139996
139996
209985
0
0
0
0
0
0
0
279920
0
0
839926
0
1
279986
0
0
139996
0
5
0
700004
0
139954
0
0
2939259
0
0
278097
0
0
559966
139996
0
0
0
209959
0
279988
139996
490038
0
0
0
279990
0
0
0
0
139996
0
209989
279988
4827458
70000
0
0
0
2239528
139996
65196
0
981006
0
32470104
139996
0
0
4967933
0
0
139996
69994
769910
0
0
14
0
69999
0
0
0
279988
0
0
24
1189828
0
29
0
0
0
0
0
559960
12796243
69996
1179087
0
0
279988
0
139996
69997
139996
0
489930
0
209979
70002
0
0
279988
279988
419976
0
1819660
0
739220
909243
0
0
0
0
0
0
0
209949
69997
5
559960
0
12449028
0
0
279988
69993
139996
139996
419980
0
419976
1119890
0
22
0
278228
69997
345707
1119887
279988
559740
0
0
69997
0
0
629907
0
0
139996
280126
85410
115386
979918
419976
0
0
139996
0
139994
0
0
139996
349979
139996
0
0
279988
139996
839834
0
0
419980
279988
139996
0
419976
0
210228
0
0
69995
139996
69991
0
0
0
0
191
65234
0
139996
0
0
0
0
279978
0
139996
279988
113
139996
0
0
0
139996
69994
139996
0
0
0
0
0
0
559904
0
0
279988
0
0
0
0
0
2519494
1678587
139997
419976
0
69989
70024
0
0
0
0
0
69932
419976
279988
211363
139996
24
7
0
0
279988
1679669
419980
139996
0
0
1
1469484
0
1
420127
0
0
139966
0
0
0
0
0
349968
1399821
139996
699940
0
139996
0
0
69958
0
139996
0
0
0
0
0
279988
139996
0
0
0
0
274772
559970
559348
0
279988
0
0
0
0
139988
629929
699946
0
4557
139996
978160
69997
419976
0
68383
0
0
69998
0
0
279988
0
0
0
0
280018
0
279990
0
209985
0
7354
0
491055
0
0
4058751
0
1248522
0
0
139996
0
209986
0
0
0
0
0
69994
699950
0
0
0
572
0
279988
0
0
69994
0
0
419980
0
0
279988
0
1049687
349840
138686
69989
141121
0
419980
0
279990
0
0
1749607
0
419985
0
0
10613960
0
279988
0
24
1
0
419976
0
22
8
0
209679
139996
0
8743457
70003
0
0
0
419980
139994
0
0
279946
0
41438003
69935
0
0
0
0
139996
69996
348624
209988
2939214
0
1539788
0
0
0
139996
280001
0
0
0
1119882
839926
1539736
0
0
0
209984
0
140002
139993
139996
0
0
0
0
0
419976
0
0
2939214
0
0
0
139992
0
1
559966
279988
0
32
559965
69992
0
0
0
0
279988
24161585
0
0
10209215
0
66087
222094
0
279988
0
279976
420024
1539796
0
770042
69991
0
139996
0
0
0
0
0
0
0
69998
0
139996
0
0
0
0
419980
139996
0
0
0
0
0
0
69978
2589485
0
139988
279988
0
0
0
0
0
139996
0
209982
0
0
419980
699940
13281940
140028
150106
0
0
234
139996
4077404
0
0
0
0
139996
139996
1959722
1399480
0
0
139996
280131
979896
0
0
139996
0
0
139996
0
0
0
0
0
0
0
0
2
0
0
139996
158
0
139996
0
139996
0
0
769661
0
0
0
0
209985
279988
143
139996
0
0
0
280076
0
559972
70037
209964
0
0
0
0
3219816
916
0
0
0
0
0
979901
209643
559958
0
140005
699948
0
1119894
0
0
0
349965
420209
489681
70170
69567
0
0
629913
0
0
0
0
209986
0
0
0
139996
0
0
139996
0
0
699948
0
15812769
210097
139992
0
979913
0
979106
0
279988
20
0
69934
31551
0
0
0
0
2378583
0
0
1441
0
0
0
0
0
0
559950
0
279990
139996
53
0
139996
0
0
0
279990
0
0
0
841431
0
0
0
839896
0
0
0
0
559970
139988
0
0
2
1609266
419976
6
139996
0
0
0
0
979911
0
0
139996
0
489850
0
347040
0
2587648
0
2027062
0
0
0
0
20
0
139996
0
0
0
0
0
3918567
16
419970
0
0
139996
0
1119756
0
140058
0
349952
0
349242
0
559960
0
0
0
0
419937
139996
0
139996
1259832
0
276783
0
4
703379
69999
0
0
0
0
140966
0
0
209989
0
69992
140002
0
0
0
139998
279988
0
420378
3
139996
209985
0
559966
0
0
839922
0
1
0
0
0
1
839926
510
139990
139996
110
0
139996
0
0
0
0
0
139996
0
0
0
699916
0
0
0
0
69994
559941
139988
139990
139996
0
1959656
0
139999
419828
0
279990
0
0
139996
139996
139996
699948
0
139996
0
769918
0
0
1888666
69997
0
0
1469723
0
0
0
139996
0
0
1399753
0
0
699906
139996
69994
0
0
69997
139996
0
419958
0
0
419980
4548157
4
68387
0
0
1679688
3
139996
13123800
0
139996
349974
0
979865
0
1748656
139996
69983
139996
0
0
0
0
139994
0
1
209956
0
65
0
349550
0
0
3778848
140015
0
0
139896
349962
0
0
559960
699940
139990
0
0
0
0
3008949
663532
0
0
139996
139992
0
69986
0
2593211
0
0
3359681
0
0
39
0
0
0
139996
279988
69996
139996
0
18083272
69997
0
139996
699938
0
0
0
209955
0
1469588
0
0
0
0
139996
139996
0
0
139996
0
0
0
0
2721417
1131
0
279987
209998
1
0
0
0
139996
0
139996
1189845
87
1959606
979889
0
355476
0
1469635
0
0
140013
1819682
0
0
0
0
139597
0
0
0
0
44684
0
0
0
0
839916
0
0
0
0
0
115496734
1119888
279988
0
0
0
349921
1
139476
139996
1399780
139994
839932
69992
0
69997
139996
0
1
0
1
209831
0
0
0
0
0
0
279944
139970
0
139893
0
279990
0
0
419980
0
0
0
419976
559953
0
19
0
629949
0
69986
0
2406737
0
979900
0
0
0
0
0
13427827
0
0
0
814
139991
0
140010
0
559960
349964
2169136
0
0
1259852
419976
0
0
0
0
13885
209940
0
0
0
839917
67846
139996
419976
0
699940
490037
69995
0
0
0
0
0
236
0
0
839928
0
0
209877
0
0
5037336
0
279919
699943
0
0
839891
0
0
0
0
279984
909410
0
140128
70015
0
0
210514
279988
629946
279988
139996
0
69996
0
0
0
0
349960
0
5597022
279980
0
69997
4
1678376
0
279990
0
559972
0
0
0
0
979901
279988
139996
699948
139997
0
139996
420491
419976
0
0
0
350107
69997
0
1332269
0
0
0
0
0
559960
0
419938
629922
0
0
51
1259406
419914
419974
0
139996
140271
0
0
0
0
0
0
0
0
13212210
0
0
0
0
139996
0
0
839890
0
209676
0
69944
0
139996
0
279990
139996
0
1679761
1119888
279990
70002
0
0
0
0
139996
16293690
0
0
0
0
279988
279993
0
0
279946
279986
139996
279984
0
139990
15
0
0
699951
0
0
0
0
0
69997
0
0
1329774
139996
6
0
0
0
0
139996
2939419
69944
0
0
279988
0
4685684
559968
2379393
458
0
0
0
0
2169451
0
140004
0
0
699940
0
0
419980
0
0
0
0
0
69992
0
0
1399780
209
139950
0
0
0
139996
699331
69543
139996
0
139996
139996
0
419976
0
0
0
61
0
349982
0
0
0
7834234
0
139971
419942
349661
0
0
139996
0
0
0
0
0
0
699948
0
0
0
0
0
0
209784
0
0
69997
489936
559962
4618206
0
0
0
139996
0
0
0
0
29
0
0
0
139996
0
0
979894
0
0
0
0
3363800
139990
0
0
699942
139996
419976
0
0
699944
0
0
419976
0
139996
0
0
139996
1121067
139992
139996
0
11038
3079122
0
0
0
209985
69989
839922
0
0
139971
0
0
0
0
0
0
139996
129368
136762
0
419976
0
350235
0
139996
0
0
0
139996
261060
0
2
0
0
1
0
0
0
0
1049883
139990
419974
139996
559962
209985
0
0
2379442
354709
0
0
0
839920
139996
0
0
559970
290
1399721
1539729
139996
139996
0
0
0
0
419980
69996
349971
2169339
0
0
0
0
0
70146
139996
69996
139996
0
0
0
419976
1399788
0
69995
0
279988
1497967
0
0
0
0
0
139996
0
0
559942
0
69996
69994
139996
0
11460
1259802
69997
0
69905
0
0
0
0
0
699940
0
0
0
0
769924
139990
559297
0
0
0
0
0
419976
5
699936
279968
0
0
15
979918
0
0
0
139996
281988
0
7
0
139996
0
13308071
489949
664
0
70110
0
0
0
139990
761765
0
0
559951
70233
0
13
769874
139972
0
2659238
0
0
0
0
0
0
0
0
279994
279984
0
0
0
0
0
7
0
910023
279988
559946
70261
280030
0
71131
0
139996
29206
0
0
0
0
0
2239246
0
0
0
0
0
0
2
0
209977
0
0
0
0
0
57915
0
0
209989
0
139976
69995
559966
69992
10
1469773
197
0
139996
0
559904
2
6505553
2868901
419977
0
0
0
69977
1609733
979874
3
0
0
559960
0
0
1889670
0
69995
0
349125
1889630
699952
0
0
0
0
1
0
489855
69997
1259767
139996
419980
10695277
839928
140003
0
699948
279988
18
14
0
0
0
0
139955
209999
0
419976
0
0
209727
839923
0
0
0
70000
70001
0
69989
139996
897066
0
0
0
0
5
0
0
139996
0
0
0
139996
0
69932
0
0
0
209977
0
1329806
0
0
13
279990
139994
0
0
0
0
0
0
0
0
1259850
3638596
139996
139996
1
0
0
0
206
0
0
0
0
699948
0
0
0
279988
0
279988
0
0
0
0
139996
0
0
19978816
0
0
11
0
0
0
0
279988
0
424961
0
0
140004
279928
0
139996
279990
839926
0
139996
0
1748916
4477792
1539756
0
0
0
0
769905
69987
69996
139996
0
0
0
0
139996
8743685
0
0
3521474
3
0
0
1119696
0
0
0
0
139996
279988
699956
0
559991
0
0
4
139996
0
140015
0
209972
1399838
0
1679560
0
0
419978
419923
6294216
421555
0
0
1399798
9046106
5
0
0
4617802
0
629950
139996
0
0
279988
0
63573
139996
0
0
0
0
210049
69997
0
0
139996
139996
69996
0
0
1749418
11603182
0
69997
0
0
0
0
0
0
0
0
489980
2798330
279988
0
699942
0
0
0
0
69995
0
0
559960
0
0
559965
0
0
0
0
0
0
0
0
0
139996
0
64448
22
70000
1050805
4
0
24
0
0
1259828
12
0
69949
1679752
16
0
0
139996
9793482
0
279990
419980
0
0
0
699931
2
419980
0
419956
279986
0
0
3638692
0
139996
0
0
0
0
10210016
419971
0
0
209121
0
0
0
0
0
560594
0
0
72
0
954794
0
0
839932
699930
0
700006
1542
279990
0
139988
69984
139996
139980
0
139996
0
0
0
0
5
3
419978
0
139996
1819736
2658919
17124069
11535976
0
0
0
0
0
0
349910
140100
0
0
279970
0
209982
699948
0
0
139866
210022
1539812
0
0
0
1679415
640500
279986
139996
0
139996
699939
1
0
70029
0
0
0
0
70011
0
0
0
0
0
0
36
909779
699940
139918
70017
0
0
0
60494
0
2
209979
0
0
1
0
0
176304
0
0
419980
1259853
0
3498837
0
0
0
1119886
4
1609712
0
0
139996
0
209922
0
69999
0
560114
0
0
0
279990
279988
139996
0
0
560078
420108
0
139996
2939300
559966
0
139996
0
0
489975
559960
279988
0
629881
0
139984
0
0
0
2
0
0
0
0
0
139996
0
0
139996
5317666
419976
0
420187
279988
0
0
0
0
139996
15673754
0
139996
0
139996
0
419976
0
0
0
0
0
1399798
0
0
0
3
0
9282490
69938
0
9
0
559946
2622
0
0
276679
8476
0
559966
0
0
15
0
699950
0
70003
0
0
22499180
0
140000
26
0
0
0
139996
419980
0
69997
69952
0
140004
0
139996
0
69997
139996
0
0
0
0
139980
0
0
279990
0
6
0
349870
0
0
0
1050173
0
0
421326
0
0
139996
3169928
0
140010
0
341
2
139996
0
0
279988
0
12
0
559965
0
0
69996
139999
699948
0
0
0
0
139996
0
0
0
1119844
139996
0
69997
979852
0
12
0
209983
0
69992
0
3
0
0
0
0
0
250680
52
0
0
69990
0
0
909897
0
559968
0
0
1469402
69996
0
279988
233
4897482
0
0
139996
0
279984
69995
0
209973
0
69990
69996
0
0
0
139996
0
0
0
0
0
0
0
80591
69997
839916
0
0
0
69996
3988002
420189
139996
27348605
69997
139996
3
0
1819643
0
193
0
0
0
0
139990
0
3778658
0
0
0
24175168
0
0
559966
1435704
1244400
139999
699956
0
0
0
0
69995
0
0
0
769732
0
282919
4291843
0
4197314
3288071
1399822
0
0
1539730
279990
5107323
69996
139996
0
0
0
0
0
979900
0
559960
279988
209979
0
2
419976
209990
630015
419976
139996
0
0
0
0
0
979744
0
139996
0
279984
0
0
0
0
0
0
839924
0
0
139988
419976
139996
209988
0
0
279988
0
0
560788
419939
139996
0
139996
0
182
1469678
0
0
419980
419980
0
979916
0
0
139996
0
139996
0
142869
0
0
419976
1119856
0
2518272
699940
0
0
139996
1259820
0
1
0
420210
1959608
0
0
0
527142
0
0
0
3638972
0
0
0
86
0
0
419976
0
350123
139996
699938
0
139996
0
0
0
0
0
139992
69997
0
139980
139992
69994
0
699934
0
699953
139996
75
0
0
209985
0
699954
279990
0
979270
113623
0
0
279988
0
559944
419970
0
0
0
139992
0
0
4681499
279988
0
6296032
279988
0
0
0
0
0
69999
0
0
0
139996
0
0
0
15
139996
0
0
0
0
279988
0
0
0
0
0
139996
0
839914
0
700330
0
139996
279988
139996
279989
560004
139996
139996
0
139996
0
0
0
279984
0
0
1
0
350004
279988
0
209982
0
0
0
0
139994
0
139996
139996
0
0
0
2
279988
139996
279988
419974
69995
0
209673
0
0
139996
0
0
69997
559960
419976
207023
2379390
0
0
0
0
70033
15
279990
139982
0
0
0
0
6
139996
0
69997
0
75
0
0
139996
0
0
139996
0
0
0
210002
0
139996
1
4757849
0
2239558
1
0
0
0
0
0
0
699825
0
0
140012
0
0
1046580
22
139996
0
0
0
0
0
139996
0
139996
0
2099497
0
0
0
139996
0
0
0
139996
0
69295
0
0
699928
489963
0
0
559966
0
0
0
0
0
0
69997
0
0
0
0
1119856
0
139996
0
839918
0
0
0
0
349969
139996
0
279990
0
209989
139987
69986
69997
0
139996
0
0
16
139996
0
0
840070
12573
70003
60837667
0
634
0
0
1049729
279976
0
0
139996
0
0
0
0
0
0
1189658
1
0
0
139996
0
1
279988
139996
0
139996
279928
0
0
0
0
0
0
419954
0
3219053
279988
0
0
0
0
209998
0
139842
0
5177926
0
559966
0
0
0
140003
769921
139996
0
12
7200706
9507034
0
331797
0
139996
0
0
0
0
279984
0
0
280143
11
629909
139996
559920
280
0
0
0
0
0
559962
0
279990
770578
0
2099632
139996
139996
0
0
0
139996
559951
70017
139170
69992
139996
209985
69964
0
209985
0
1271589
139996
0
349969
0
0
0
69998
0
69992
0
139996
0
69995
559970
69977
0
139996
0
0
69997
12
0
1259847
0
139996
69990
1259868
0
839928
0
1819283
139992
419976
699954
0
0
69991
279988
0
279989
0
11665545
2
0
0
1
0
69997
0
251862
419980
769903
279988
1
9092346
5247177
0
279990
0
209990
0
2099520
0
0
0
0
0
0
0
0
0
139996
0
139994
0
0
29
0
96547
0
1539724
0
279988
139996
0
419988
0
0
139996
0
0
370
139996
0
140179
209761
0
0
280053
0
69997
0
629943
0
0
334554
839916
1119632
0
209989
69996
0
0
0
279981
0
0
0
0
0
139986
139996
0
0
0
0
629535
0
0
0
0
140070
0
0
1696584
629932
559960
0
349973
699940
0
0
0
0
139996
0
0
0
0
0
0
770343
461963
139996
0
70477
279988
1049851
70018
69967
0
0
0
0
0
0
0
1260289
0
139996
0
0
0
0
139996
4618324
418630
139996
0
105850
0
209983
0
1608721
0
69997
0
279984
699944
0
0
419980
839916
139996
839691
0
279988
139996
0
279988
1
139996
0
46
0
559960
0
1679756
839916
0
139996
139996
139996
0
0
279832
1259841
419980
0
0
0
0
0
30
0
559966
34351160
699940
0
0
279988
0
139998
0
139996
0
1819762
588
0
0
0
559966
0
0
0
0
0
0
0
139996
139996
139996
0
0
489952
0
1119870
0
139996
0
0
0
0
139991
0
0
279988
0
105533
139996
979888
0
0
279986
209987
16
120
0
0
0
0
0
1722546
0
0
0
0
0
6156557
0
140024
0
0
0
0
210006
0
2799288
0
0
139996
152793022
0
139996
0
489987
699940
139996
2099503
0
0
0
139996
419976
2519530
279980
2099565
0
1259820
1003
0
0
0
0
0
0
0
0
0
279988
0
0
1679690
0
279988
0
0
70007
0
0
0
1119856
419976
0
0
0
0
0
0
0
0
139996
139996
0
279980
0
69995
0
0
0
279988
0
0
281952
139996
0
0
419922
0
0
2519702
0
0
0
210031
139999
0
0
70005
0
13
0
0
0
1959660
279979
0
979888
0
0
140005
0
0
279988
0
0
209992
97042664
0
0
1
0
279988
47
0
0
769515
0
0
44912556
70270
1399712
7
139996
0
419976
29
0
0
0
12305327
0
0
1819678
0
0
0
559960
419976
78
210002
139996
0
0
0
139988
0
419980
0
0
139996
0
0
0
0
0
69999
279988
0
209985
5802783
139982
224757
0
699940
139996
11
0
0
0
279988
0
5
139996
139996
419980
0
0
0
279988
0
139976
0
419976
70000
0
279990
0
419976
3079190
1328499
0
0
0
0
0
69993
1105927
69982
0
0
0
139996
1399733
0
43168
3
0
4897465
0
419980
0
0
0
0
0
0
279988
0
69996
0
0
1
139996
0
0
419976
349917
0
0
0
7
0
0
0
0
0
0
69994
0
349973
4197967
139996
0
0
0
139996
53
0
419954
139997
0
698314
0
69997
0
0
0
0
699948
0
0
0
69997
0
2029475
0
0
1418391
0
0
0
0
0
0
0
0
0
140064
0
0
2519406
0
0
139983
0
0
0
0
0
4
0
0
279990
0
0
1119888
4
491535
349981
139996
279988
0
0
0
0
69996
0
0
419976
0
139986
0
0
140026
3638646
0
1120123
0
0
348520
1259856
139996
1399532
0
0
0
0
139996
0
0
0
839486
139988
140029
279988
0
279988
1049880
3191722
0
0
0
139996
0
0
69994
0
0
1399786
0
0
139996
0
0
0
139994
0
0
209864
0
0
1469435
2239456
2659380
69972
0
0
139977
0
76405210
0
0
0
5666178
139992
0
0
0
148
69996
139996
139996
0
140027
279988
0
6
0
0
0
54
1049895
279988
0
139996
38232
92
979888
839920
0
139700
0
0
0
262208
139996
0
209910
629929
0
0
0
0
0
139992
0
769923
6
0
209989
0
0
0
0
69957
559968
0
0
629943
69997
0
0
139996
0
1119894
0
0
279988
0
139984
0
139996
139996
909885
4477888
0
8
0
0
0
0
4198140
0
419980
0
0
0
139994
139996
0
0
139990
0
839916
419980
69994
349965
0
0
0
0
3918320
418054
46
559912
0
0
0
0
0
0
0
0
1
0
0
0
0
0
69993
0
139996
0
139996
0
4268228
30
11
0
139996
0
69996
0
0
2449459
0
0
0
139996
139990
69997
0
2446308
419971
0
70398
0
0
0
0
0
0
139996
0
419980
0
0
0
24
0
0
0
0
7
0
0
279988
0
0
0
0
69992
0
0
0
139996
0
0
0
0
349335
139996
2416070
0
12
559966
699952
139996
0
0
0
0
0
139996
69269
0
139969
0
0
0
279984
139994
419980
0
0
419980
0
2659478
139996
139996
140010
69997
0
0
0
0
0
0
139990
0
209953
699940
139996
839906
10763598
69571
0
0
1
0
909849
0
279979
0
139996
0
144509
1
0
0
1259794
0
0
0
0
4
0
0
419946
69996
0
840145
69997
559954
139996
0
0
209985
0
2
0
0
839917
139996
489932
0
0
419980
139996
0
0
0
0
0
139994
10631010
419968
0
7
4126340
0
700331
139994
419976
0
3
69814
139996
209946
0
0
1
0
0
0
69995
1663426
0
69997
1609751
5594302
29312671
139934
139996
0
349979
279990
0
279988
559966
69984
0
0
139996
0
559962
279990
0
1399759
69997
3079162
0
0
0
0
0
0
0
0
0
7
0
0
139994
0
0
0
140024
4
0
0
0
419976
0
279988
0
489955
0
2099548
139966
559876
629883
0
0
559960
1
0
412
419966
0
0
0
139996
279974
0
69827
0
489905
0
4128464
419976
0
139996
0
0
0
0
419980
0
69997
0
140427
16
0
2939118
146768
69997
0
559960
0
0
0
0
629789
0
0
0
19145113
139996
1959109
0
909763
139996
8027410
0
0
0
0
0
0
0
69996
0
0
279988
0
0
8
0
0
0
0
69995
57
0
0
0
0
0
35
0
0
1260688
2
139996
769839
69997
419970
139996
0
2
0
0
0
0
0
0
0
0
0
0
0
0
279990
70137
2
559864
422
0
629944
0
2873
0
279997
1259836
0
0
0
1819716
69997
348661
0
139996
0
139996
1119866
0
0
69997
0
0
139996
0
139996
0
1119868
69995
29
0
0
0
0
0
0
0
979854
139996
139996
139996
0
0
0
69997
0
0
0
0
139996
6
59472
0
139991
0
0
1049850
139986
0
139996
3
0
419980
139992
0
559960
1329694
419976
139990
0
8
419982
6
69986
5663440
0
0
0
0
139996
0
139996
0
0
70015
0
0
0
0
139996
68968
0
0
0
0
0
0
3917256
0
280000
0
0
0
12
0
630027
0
195881
0
279988
1119866
2239363
0
0
276918
0
0
0
139994
139996
40
0
1819649
280058
139996
1329978
0
0
0
139996
0
979899
247041
0
0
0
0
0
559960
630067
279988
0
0
139995
4239596
0
0
0
0
489975
0
629487
0
139986
979880
0
0
0
0
0
0
0
979908
0
0
0
139996
0
1
0
0
209124
839113
1819755
0
0
139996
0
0
0
0
0
0
1679572
279990
0
1
0
489580
69719
279988
0
0
139996
419976
0
0
559597
0
0
0
225349
0
2
560037
0
0
139996
979877
0
0
209910
279988
0
139996
0
279988
0
279990
0
419976
279990
1469775
1259830
0
0
0
1959552
5317637
0
10
10419692
16272709
0
419977
0
559962
0
1119792
0
0
279983
209989
69996
279982
0
69997
69996
0
209928
69995
139996
209230
139996
1679640
839918
1889336
10
0
0
209952
0
139954
0
139996
0
0
0
209950
0
0
0
69995
279990
0
139980
0
0
70078
0
210174
0
489923
171
139996
0
0
139996
139996
0
419952
559962
69990
0
139996
0
0
1959581
1
0
0
1189819
839926
559956
139996
762591
140008
0
137869
0
0
0
139996
0
0
0
419980
1889617
139996
559960
0
0
0
0
139996
139026
0
0
0
419976
0
0
99950
0
0
1539796
69977
0
839922
1329665
139996
139993
419974
211437
419976
1819754
69977
69991
0
0
0
69816
210354
0
0
0
0
0
209977
0
69987
2029372
0
0
0
0
0
419977
0
139994
1259883
0
0
0
0
139996
0
279988
0
0
0
0
139736
69995
69997
140019
559966
0
558368
0
0
1609752
0
0
0
0
419970
0
0
279932
0
139996
279988
0
0
0
0
0
0
0
0
0
0
0
0
349979
4198444
0
699940
139986
15660944
559960
0
0
140037
559952
0
0
1889141
0
0
279957
0
0
139996
0
5037706
0
0
6425527
0
0
4198462
0
0
0
279988
28
0
1959722
0
0
0
0
5876475
139996
139996
0
0
1049825
0
18
0
279990
86
0
0
139986
2
46
0
349753
233
769769
1959702
0
0
419977
0
69996
699940
279990
0
419980
0
1650
0
139748
3778529
0
1469703
0
279988
0
1119856
139996
209988
1539816
69997
0
0
69996
0
139996
0
139978
0
0
0
0
0
0
139994
0
139996
69984
0
279988
0
0
139996
0
1259820
279988
1819660
209969
69999
279972
1119882
279970
0
1748924
0
0
0
1819313
1
0
0
0
0
0
0
0
0
51
0
419976
69463
0
209893
0
0
419980
0
979888
0
0
0
139996
0
277678
0
279964
0
0
0
0
0
349953
139996
559969
559960
15377197
0
139996
69993
0
279984
2799328
139996
839846
0
0
979908
1259824
349957
0
0
0
0
0
0
0
1328449
699948
0
0
2
209993
839910
0
279316
209936
1539750
0
0
0
0
0
0
0
4
1891600
0
139996
0
7
0
0
0
699722
0
0
0
0
0
69991
279988
139996
0
5036668
0
0
0
559953
0
139996
0
7134914
0
70489
1539716
139994
0
0
1460963
0
0
0
0
0
419946
419980
0
419976
0
2
0
279990
0
3659694
419980
139996
36
2
419976
0
0
0
0
0
279988
0
0
0
0
0
0
0
1959702
0
139996
30586982
279988
69999
0
0
559960
0
139996
279990
2
699873
0
349944
0
559952
139996
0
0
4329802
419980
0
69997
0
69981
2239598
0
139988
0
0
279990
279990
1119890
0
139932
0
280007
349948
69996
0
0
0
209991
70005
0
419980
0
0
0
0
0
2866516
0
69995
839934
0
139996
139996
0
0
139968
3357755
8
279988
139609
69997
69882
279987
0
0
0
0
279988
0
0
0
0
139989
13212672
0
1583752
0
559960
69994
0
559950
70015
0
278152
139992
0
0
0
1679626
559960
0
0
0
0
0
700062
0
0
0
69994
560050
5
0
0
0
1679738
555900
19
1539736
0
0
139993
699941
279988
139992
979912
1188006
0
279990
0
7018
0
0
629878
0
279988
0
139996
0
139982
0
4191149
0
0
2209021
0
0
0
279988
0
0
0
42805037
0
139996
0
0
0
559966
279988
279982
0
279988
69746
2169323
0
139996
0
0
0
139996
9
419976
979881
0
978516
0
0
58265863
0
0
0
139996
0
0
0
629953
419976
209808
419980
0
139998
350063
139996
279986
139996
0
0
630061
0
209993
0
139996
0
0
0
0
18
69993
1119856
69996
139996
15
139996
0
1
69995
0
1049862
0
0
0
419978
0
0
139996
139996
139996
0
70005
0
1539792
0
1172591
0
0
69525
0
0
0
0
279986
0
1259820
0
1
0
0
6225964
0
839934
1189734
279990
139996
0
0
139996
0
0
0
139996
0
0
1119912
139996
69993
209876
0
419976
0
139984
0
0
0
1469733
0
139996
69997
2096710
0
0
279990
0
139996
0
0
139992
0
0
0
4
0
279988
0
70298
4
0
139978
0
419980
53752
0
0
559890
0
0
279988
139996
0
69995
26
139994
2583850
1
979888
1259832
139992
3
0
139996
0
0
223
419954
2029351
0
0
0
0
0
559960
419976
0
839924
69997
2099544
769871
0
0
139996
139994
0
0
0
489973
209931
0
6156987
0
0
279990
69997
3
489808
0
139990
0
0
0
140004
279972
69703
0
979898
0
1119857
0
0
279988
349972
419980
139996
0
139994
279990
139996
0
0
0
1189869
0
0
52
0
0
0
0
0
1889507
0
7
0
349940
0
0
139996
0
9932580
69997
1189782
0
3918526
139996
1885971
139996
0
419978
139996
0
0
139996
39
0
210096
0
349724
0
139996
0
0
279990
2418
0
0
210003
0
69997
0
1810364
0
0
3778840
0
0
0
0
0
2659240
139996
0
0
139988
0
0
0
419970
0
0
0
0
139996
0
699920
560005
70497
0
0
0
0
69996
839926
0
2
69977
349951
69995
279990
139996
0
0
0
279990
0
979406
0
0
0
0
139996
139946
0
0
0
0
0
0
0
279900
0
139996
0
839938
139996
0
0
371
559963
279988
0
979917
69921
0
0
0
0
0
347706
279988
0
0
69996
139996
0
0
279988
7834778
0
0
0
0
0
209528
69907
0
279988
279988
0
0
209989
4198140
69997
69995
140168
0
139996
0
279970
0
0
489932
0
0
2
0
0
419976
0
0
69997
0
0
0
0
0
1679700
139996
419982
69898
0
0
1539738
0
0
70007
139996
139996
0
139610
0
139996
1189507
139992
279988
0
0
0
7203745
0
279988
0
0
0
1399782
0
5455884
0
210012
420036
419980
0
0
0
0
0
769937
0
139996
0
699941
0
139996
0
69950
1
139996
699940
0
0
559960
0
279990
0
139996
0
0
0
0
139996
0
279990
0
70011
0
2946135
0
389521
1749698
0
0
0
0
0
0
139996
419962
0
0
140210
0
0
559966
0
139996
209982
0
0
139996
0
0
139996
0
279988
139996
0
0
0
1679710
0
0
0
69994
139992
0
2
0
139996
0
69995
279988
419868
1259801
0
0
0
0
139996
0
0
139996
0
72636
839934
2939116
31136793
0
0
139996
0
139996
2936314
0
0
0
0
0
0
139996
0
280091
0
70132
139996
139996
0
0
0
1259860
0
0
139978
0
0
836651
15
209923
0
3568467
2239590
0
209989
0
0
0
251012
0
0
139996
139996
46
0
0
139996
0
0
4
0
0
0
0
0
69995
0
0
70009
769909
0
0
912648
0
210403
69652
979888
0
0
139994
3287684
0
0
0
0
0
0
0
139996
0
0
279988
0
67
0
0
139994
0
0
0
139996
3218931
419976
0
0
139996
0
139996
70005
139996
69997
139996
0
139996
1329821
1
11050958
0
0
0
141386
279973
0
0
1539535
0
419976
0
1749433
0
0
279988
0
139996
0
0
0
139996
13166
279990
0
0
839932
0
1120491
0
0
0
0
0
559970
0
0
69990
0
279986
699912
0
0
0
279990
139996
0
140000
0
139996
0
139996
139994
0
0
1539826
7983
69987
0
209982
1679686
0
0
0
139995
0
0
1259820
0
0
139996
0
424254
0
139998
0
0
139996
0
0
0
0
0
0
0
1
0
0
139996
0
1119886
0
0
579573
4268099
0
1
0
0
0
0
0
0
1189760
16
0
2449306
0
0
0
11188226
139996
0
0
0
139745
139996
0
0
0
0
69997
0
69996
0
0
419976
0
0
279988
0
70005
0
6697712
0
0
139990
0
0
699949
280
349985
0
0
0
0
559966
0
0
279990
0
2
44059853
0
0
0
0
0
0
0
139996
1
0
139996
0
0
0
0
0
0
3218896
0
559958
0
0
12725246
0
0
139990
0
0
5918614
419976
0
0
0
0
209101
69962
0
139996
0
0
139996
0
699940
139973
1679742
0
0
0
0
139994
279984
0
279990
279988
0
0
0
1399834
17
419972
279990
0
419976
0
0
0
8323220
0
556
7975000
69902
0
1259298
139638
0
350323
3429987
699958
0
0
0
0
139994
419928
0
349966
69997
140603
139996
1749225
0
0
0
140194
139996
1048403
139968
2452660
139996
0
139996
0
0
139996
279986
0
1679688
279989
280022
0
139996
0
0
4757686
0
279988
0
0
559960
139996
0
0
70127
1
0
139994
139996
139996
0
209971
1
0
139993
0
0
4967700
0
0
139996
69995
0
0
0
13
0
40
1187875
0
209989
0
0
699930
0
1733892
139996
0
0
0
0
0
0
0
0
699952
699940
0
0
0
0
3358846
0
89
0
279990
0
0
0
279988
0
0
0
0
769813
279988
139996
0
0
279984
139996
45
0
0
0
139956
0
279988
0
0
0
0
10840986
0
0
0
4471
0
0
0
0
0
0
699952
1609731
0
0
0
0
0
0
1
209923
0
1539776
0
139996
0
47229924
69853
0
419980
4618408
979900
9930446
0
0
0
139920
279988
4
31
0
0
0
0
559965
1049963
0
0
0
244
0
350205
3078717
0
0
4477888
0
559960
4058602
0
139996
839916
0
0
0
349971
699954
139996
0
2729299
280855
70068
0
279969
0
5877676
0
0
839916
1679721
139996
0
2589399
489947
0
0
0
0
0
895521
6995686
699822
0
0
629887
69996
0
69999
0
420000
0
0
0
139996
0
140001
0
279982
0
0
0
0
0
144619
0
0
69764
279966
559919
0
0
139996
0
279988
419976
139996
0
279990
69981
0
0
419976
489615
0
0
558591
2519043
419982
209985
0
139996
0
0
0
0
489974
0
279990
1
0
279990
333264
0
0
0
0
419980
0
0
0
0
306724
0
0
0
0
209989
559970
0
209955
0
350029
0
0
69992
69997
0
1468026
0
0
139996
0
0
139996
0
0
139972
139996
559960
629894
349863
0
0
2448823
0
0
139996
1189808
0
0
559968
0
0
0
0
139980
139938
0
0
140039
419977
0
0
373810
0
0
0
104610098
139996
419980
0
0
0
525
0
0
0
139996
560161
69974
139996
0
70000
0
0
0
1049898
419980
279988
0
0
279990
0
139996
0
420002
140020
0
0
7555302
0
0
0
0
0
0
0
0
0
139996
4092212
279988
1189735
0
69997
0
0
0
0
298112
0
139994
350679
139996
139996
139996
0
0
2
9
419970
0
840087
909725
0
0
140018
0
139996
2029211
69997
69997
209988
0
0
4
279988
0
0
69992
2243893
0
0
0
0
279988
70117
0
0
0
0
279988
0
0
470
70009
0
139974
279988
0
0
0
0
0
0
839916
280174
0
419976
0
0
0
0
0
0
279990
0
139996
0
69817
6016561
139996
0
489915
0
0
69973
699932
280004
0
0
1539532
209985
139996
0
0
0
139996
0
0
0
279985
0
0
0
0
0
139990
420081
139568
417162
0
540
699912
0
139986
0
0
0
0
0
909787
4142
139992
0
209973
419976
16005539
0
0
13286924
139996
140000
0
0
0
0
1329363
419980
0
0
175
3
0
69858
248
0
139436
0
0
0
0
64
0
0
279984
0
209955
279982
0
0
0
2659312
419978
0
0
279988
0
0
0
0
0
0
0
279990
139996
0
0
0
0
69840
0
69997
0
279972
0
0
0
0
139994
0
279990
419976
139996
0
0
69997
0
349910
0
16702512
0
0
279994
0
0
139996
209992
0
139996
1259836
0
0
5877171
419976
139996
0
1189740
0
0
17
1259828
0
0
979888
139996
0
0
279984
0
0
116
420075
0
0
0
349958
69958
0
0
0
1679691
69996
701864
0
0
0
0
70008
0
139996
0
8
0
629924
279990
0
139994
0
2099645
139994
0
140042
0
139996
839916
139996
419970
209987
69861
0
139996
212126
139996
0
0
0
0
0
69996
139996
139974
349995
629936
139996
209959
169
310
6924931
699940
0
558729
0
0
349954
139988
0
0
559960
700008
0
0
0
0
1259840
0
0
0
0
0
1
0
139994
0
0
0
0
0
0
349775
0
2
69979
0
0
0
279576
0
209989
0
0
0
1119886
0
0
0
139996
0
279988
0
0
699634
0
0
279985
280066
0
0
0
0
0
0
0
139996
0
1
0
0
0
0
0
0
839938
349945
1539772
0
0
0
139996
0
0
139992
0
139996
0
0
0
0
0
0
0
0
0
79743
0
0
0
139996
0
139996
0
139996
0
0
0
0
279988
0
0
559862
699942
0
0
699952
1119599
0
0
0
0
139996
0
0
0
2099548
0
0
1
0
0
0
368
0
0
139996
0
139996
0
629977
629892
0
139996
69987
0
559968
449864
0
0
47341
0
0
0
279988
69966
346207
198384
0
0
0
36
0
0
0
0
1375499
4
0
0
198962
0
0
0
979916
559960
69996
0
2872415
139996
139996
0
1749528
0
19794
0
139996
280000
0
0
139996
0
420070
0
6
5876646
0
0
1049591
0
0
979900
139996
0
210002
0
0
209988
140004
0
0
4
57
0
0
419943
0
3217424
4058742
139480
16
0
489817
420314
0
0
628899
0
0
139996
1749914
0
21
0
0
0
0
0
419976
0
6435334
0
0
1539230
699940
0
0
139996
0
0
0
0
0
0
0
279988
0
139996
0
139996
0
139996
419962
0
0
0
0
0
69124
559960
0
0
139996
279988
279960
0
139996
0
0
139996
0
1119706
69993
0
0
13335
4
69997
0
139997
0
0
419980
209967
2
0
0
139994
0
0
0
69997
2799510
0
419999
279988
0
166
214842
0
0
0
0
0
0
2464854
0
11747616
0
139994
279988
0
0
139996
0
349776
629917
0
559962
139996
0
0
0
0
0
0
209915
0
0
1
419935
279988
8
1980
559952
0
0
4897848
0
0
139996
0
0
559966
0
0
0
1
1749436
0
0
0
16638520
279994
0
69997
282316
0
348998
0
69930
0
139996
559970
0
0
419980
0
140372
0
0
0
0
0
2169146
0
979863
139996
69990
4
0
0
0
419976
0
138220
0
279990
0
70003
0
0
0
0
139994
139996
2449143
0
69966
139990
139996
0
1750436
0
0
0
0
69996
279988
0
979910
0
0
0
9512958
1
0
0
979842
699932
0
0
0
2
0
0
26829
0
69996
139996
0
0
0
0
139996
0
139996
419976
0
139996
209989
0
0
139996
0
45438227
12
0
0
0
0
0
16530
0
699918
559966
139996
279988
0
0
93
0
0
858105
0
139996
0
839920
0
559966
0
0
0
139996
0
0
0
0
0
69993
0
0
0
0
419976
0
0
0
0
0
139996
0
0
559960
0
0
0
139992
349982
0
0
839916
12
419976
0
139996
1119856
139996
0
139996
0
0
69996
0
419977
0
769595
1119825
69993
0
127320
0
699948
0
279963
0
0
0
139996
0
0
69977
279990
209981
70053
0
1259860
0
0
0
0
69996
0
0
0
0
1887007
0
209987
139996
60
0
139984
0
0
0
0
0
0
0
0
0
419970
0
0
419976
0
8
279996
0
0
69996
4267879
0
0
559966
279988
0
139980
0
12
0
699949
139996
0
279990
0
0
0
2519409
0
0
0
0
0
699954
349880
0
279983
2
0
419980
4338342
15650104
139996
350149
51
139996
0
0
0
2379487
629695
839916
0
0
0
0
0
279988
209989
0
0
279988
209989
0
0
0
0
6086073
0
0
139996
139994
0
0
0
0
0
0
0
0
354140
0
0
0
0
763296
209995
350373
0
6
139994
0
0
139996
0
3628629
0
0
0
279988
279988
279988
279988
139996
139990
10489194
559949
69995
0
0
0
76626
139996
0
0
0
140006
0
0
0
2099515
6855215
419827
0
0
139996
139996
0
559838
0
70014
0
489958
67892
0
0
1259862
0
4757796
0
2
2239593
0
0
29539525
419980
2229665
0
139996
0
67
0
0
0
140151
0
0
139996
0
0
700005
0
684719
350296
69975
559929
139996
69995
0
0
139990
6
0
0
0
69985
0
4338448
0
0
0
0
0
0
0
3568704
0
279988
0
139996
1959578
139996
4
0
0
0
0
0
419976
0
0
1609356
0
559945
0
0
0
0
2309246
69997
0
0
559961
559936
0
69997
0
2106046
0
0
0
0
0
0
0
209959
139996
69996
1049821
139995
349840
0
279990
0
1041
0
0
0
2
139996
0
139996
209982
0
139996
1679710
0
139996
419976
3918724
0
0
1259820
0
0
209988
0
559966
139996
0
769943
0
0
139996
279990
209990
0
2175902
87
0
0
0
0
0
139993
419980
0
139996
139996
0
57248
69997
629879
0
69993
0
0
279991
0
0
765555
0
2239437
0
0
0
0
0
0
12
279988
69993
0
0
69997
559764
0
139995
139994
1819704
0
139996
0
0
140004
0
70559
0
0
210001
209960
0
0
0
0
0
0
69927
0
139996
69997
0
0
0
0
1224
699
8
839934
0
279988
38
0
0
0
0
2169492
1259848
0
279988
2
0
1819692
0
57368
0
4691793
0
0
0
0
139996
629957
0
0
0
0
559960
699943
0
0
0
979888
1
0
0
0
715081
6
0
139996
12
0
0
0
0
2235
0
0
0
27
0
0
139994
0
979918
279988
0
0
419980
349966
0
0
70079
1
0
0
0
139996
139988
0
0
69997
0
0
0
279988
0
0
419959
0
0
10490930
0
2
70519
0
31
0
0
0
0
0
419667
0
0
0
0
136204
0
69999
140008
0
0
0
0
139996
0
0
700802
572
0
2
5037229
0
0
839916
139996
0
0
0
8
0
209985
0
12
629869
69978
139986
0
279989
0
1
1119800
209987
69964
490013
1
1889568
210095
559960
0
2519346
1049821
839904
0
0
48
0
139996
0
0
0
0
0
0
75
0
0
5176865
209989
0
0
139996
0
44
139996
0
16
0
0
770568
0
1473757
0
69991
0
0
209988
1612618
0
139996
0
839980
0
0
979743
0
139996
65
0
0
0
279982
0
0
489811
769905
699948
139996
0
0
557017
420292
0
0
0
0
209811
0
0
0
0
0
0
884678
0
0
0
489784
619
209991
559956
489924
0
0
3638370
0
419976
0
0
1
0
0
139996
279988
1679688
0
8277812
69990
27
559960
0
173235
69997
0
419980
29330747
0
210015
0
209967
419980
139996
349958
0
0
0
0
36
0
419976
1259820
699958
0
139996
70133
0
139996
1119886
0
139996
0
139996
0
139994
0
0
0
0
139996
0
1399581
0
0
0
139996
0
69996
0
0
0
139996
0
559962
0
0
0
630136
0
0
69999
2099527
419976
0
139982
0
169
0
489853
139996
0
139996
0
699953
839532
0
69997
0
0
69991
0
68
699940
5029484
0
0
1679753
0
419980
0
42
0
0
0
0
0
839916
139996
1051187
139996
0
139996
0
0
490020
0
348171
1606856
16535491
0
0
699952
0
0
0
489889
0
0
139990
0
0
279986
139996
0
7834734
139990
349967
0
1
0
69995
69982
0
0
0
0
0
4058260
139996
0
139994
169605
0
69996
139996
0
139996
279988
0
279990
0
0
674
0
1116427
770484
2939028
0
0
215717
699948
209973
139992
9
0
139996
0
0
3
0
0
279988
3
559966
139996
559966
0
0
1819736
0
3
0
0
0
0
0
0
0
279990
12970851
699927
139996
139982
0
279990
2260
279988
559970
0
279976
420072
381326
2379266
0
0
139997
0
3
979908
139996
0
559960
0
419974
0
139846
0
0
0
140295
69958
979916
0
0
0
139996
20257888
140004
0
140045
139996
1045638
489966
0
0
209979
0
69947
69995
0
0
279968
209989
0
139981
0
22490890
279988
139996
139996
69924
139996
2099628
559965
0
1
0
0
979888
0
279988
0
71
349983
139996
1679657
419976
0
1
0
1609685
0
419964
0
0
0
0
0
0
6226554
279980
139996
0
69996
769929
559960
0
0
0
0
0
0
489931
0
4338284
0
0
0
699660
209988
0
0
0
279972
0
140003
0
139996
139996
0
1239900
0
28
209985
0
0
2520328
14
0
0
2
139996
139996
23538671
140005
0
4058530
0
1189412
0
683654
4557067
0
19
279988
769949
139996
1047
0
0
0
0
0
139996
0
1539736
0
279986
0
139993
26819385
2801173
279988
1539782
0
0
0
0
0
139996
69771
0
3988540
0
0
0
350581
0
0
0
279988
4969185
0
0
0
0
129
1959686
419838
0
0
0
210851
494731
139996
139996
0
0
279972
0
0
279986
0
2448474
0
0
2
0
0
0
0
1539798
3
0
1749242
0
0
10
0
1959616
139996
0
0
419976
139996
0
39887
0
0
0
1259640
139992
0
0
979894
139996
209984
0
0
0
419940
0
0
2
0
279721
839894
0
0
0
0
0
491643
11443296
0
0
279988
0
139996
4020488
559968
139996
419910
0
0
0
0
0
0
0
489961
0
279988
0
0
0
57936
0
69993
0
0
0
0
0
1679730
167078
279988
419976
69995
0
20129226
139941
4
0
0
0
0
0
140000
5527963
419980
839922
0
279988
0
139996
139992
0
909825
0
0
0
0
139996
0
0
0
70763
0
1259604
0
713
70173
139996
12
0
14332956
0
0
0
0
279990
0
0
0
2
0
0
0
419976
209992
0
979894
0
0
0
210013
0
0
490568
0
419976
0
139996
484534
10072433
139996
49
0
32
279988
0
40
0
0
0
0
0
0
1889364
419976
279988
0
337445
139996
0
279984
0
0
0
139994
139963
0
139986
0
0
485242
279988
419894
199
140240
279982
0
0
0
38
979900
476
0
0
139984
0
0
0
0
139996
116
3427671
52836823
0
0
0
4
839916
12966
0
0
139996
1
0
0
559948
279988
0
699940
0
349987
0
1
0
1
0
139996
0
0
0
699941
139996
0
279988
0
0
70236
0
520411
0
139988
28230745
559904
0
0
0
0
1119702
54
839916
139996
139994
0
69758
0
209853
0
69968
0
0
0
419976
0
839926
0
26470431
0
0
0
0
69997
139996
0
0
699940
0
40
0
0
0
0
139996
70807
476535
140004
0
5
139996
0
2
3358896
0
0
0
419956
0
0
139996
0
489956
0
69974
279988
0
488391
0
489891
0
0
0
209989
2239562
2021578
0
11885712
0
0
139988
0
0
0
0
139996
0
699940
0
350008
1539944
0
0
0
0
0
0
0
0
0
4406032
279990
0
0
139996
279820
0
0
0
0
279988
0
209985
69997
19
0
0
69997
0
0
139996
27922596
559968
350013
0
0
0
139996
0
139996
0
279990
139996
0
139996
0
139996
0
1
139996
0
1119856
0
0
559968
0
909753
0
0
209677
0
0
139996
2799108
279980
419980
1819660
1
2379353
0
139996
69997
139988
139992
69993
127889388
2659408
139994
0
0
69995
0
139996
3774588
27
279960
0
30216834
2099664
0
0
139996
0
0
699948
0
0
0
349962
4827226
0
0
0
0
0
0
559966
699948
69757
2
0
349975
2379508
0
0
209989
70042
139446
1119838
0
428
0
0
0
139996
209989
139978
421570
0
2168994
209982
0
139996
140086
0
0
0
629271
210029
139996
10
0
349979
0
559960
0
178233
139996
0
0
0
0
0
0
279963
69997
0
0
0
420036
24
0
0
10
0
419983
0
209946
69997
0
87
69997
0
0
12
0
2187
0
0
0
209986
0
559961
43
1955840
49734009
139996
0
489871
0
1
0
0
0
419980
69915
0
0
0
559960
699948
0
0
0
0
0
0
0
0
139996
8640949
0
0
7835611
139995
279988
0
0
0
7065480
0
839936
0
559970
2
908494
209976
0
0
839934
0
0
0
0
0
139996
0
4758476
419976
0
0
33322600
34
139990
0
209990
30
559970
139996
139996
0
0
0
5037506
559966
279968
0
0
0
699948
0
0
0
0
0
0
0
140018
0
559960
0
559950
0
0
139996
0
0
1
279990
0
209985
419980
139996
69996
0
0
0
0
419976
0
0
0
0
0
0
0
2029451
24
979825
279985
0
0
139996
0
423
0
0
69997
0
70003
0
4268107
0
209697
0
0
3288080
279972
8
69947
0
0
0
0
0
0
0
0
70004
9
0
0
139996
0
0
139996
0
209989
0
12
0
0
0
139996
7554742
419498
0
5665502
0
0
1
69995
0
0
281058
69971
0
0
139996
0
419982
279988
279988
139996
0
0
0
0
16
979908
1123461
0
979898
2799172
0
0
559960
0
0
16563
0
0
1189818
0
0
419976
420038
279988
279990
139996
0
0
0
2937650
1470280
0
0
0
0
0
0
0
0
0
0
1679738
279988
909790
0
0
139996
279990
279988
0
139996
0
0
0
0
0
139996
0
0
0
0
69992
279990
139522
0
0
0
0
0
0
0
0
0
0
559928
419980
769991
0
0
0
0
1539715
1329611
0
1959628
0
0
0
0
1823956
0
699948
419708
4015339
0
0
102
0
0
0
0
0
69996
86867
1259826
559952
279988
1399812
0
210012
0
279988
16
0
279990
0
0
0
0
39
139996
979912
0
139996
0
839938
69985
0
139996
139996
0
13
0
629851
629913
69990
0
139996
0
0
208938
139996
0
0
0
0
10
0
0
0
0
0
94
349978
0
279982
0
139994
69983
139996
0
139996
0
559960
0
0
69997
0
139960
209989
10
349982
1609653
0
0
559966
69997
0
0
0
0
0
7415676
0
419941
0
0
0
419976
209988
0
69997
0
279990
139996
139996
0
559962
0
0
0
63
0
279964
0
0
0
97875
0
0
0
139996
0
0
279990
0
0
0
2379489
3779061
419916
0
0
0
0
141981
0
0
0
140000
0
0
139996
0
139996
0
0
279988
139996
0
0
559929
0
349998
0
0
559960
70035
0
0
0
7135776
0
69997
0
0
0
140036
0
0
139996
66282
0
69995
350083
0
839916
0
139996
3918780
0
0
1264702
50819595
0
0
0
559966
0
4
139996
279988
139996
69996
349925
3218946
0
14794890
4
0
2161198
349918
139996
3320
0
0
0
204961
1819616
140013
1119856
419976
0
139992
139992
0
0
164431
0
349707
419962
0
420049
0
0
0
69997
4478084
839922
140002
49
0
139996
0
210460
559960
0
0
0
0
0
0
0
0
0
0
0
349958
0
69997
0
0
0
0
0
0
0
0
0
909851
0
0
839926
69997
33
0
0
1344204
0
0
69997
23
139996
139996
0
139996
139992
139986
0
0
0
419971
0
419980
6
139994
0
139996
419980
699476
0
1539798
0
0
0
0
0
0
139996
0
0
0
0
0
0
0
139970
0
139996
1679758
0
419976
0
0
6575488
0
70085
69995
0
0
0
0
4198030
0
0
0
69993
619348
0
0
0
70022
0
4897844
0
279964
139996
139996
0
839934
0
839932
0
0
0
0
0
0
0
0
279988
0
3638728
0
0
490006
7275710
69996
0
1119761
139996
104
210219
388
0
0
139996
4095
0
3218983
0
0
0
0
839926
349976
0
0
0
0
0
0
139990
841001
0
769935
8374318
0
699952
0
0
0
0
419976
0
0
209982
279990
0
629918
0
0
0
419976
0
0
139996
0
489810
69996
0
53215
69996
3778540
279988
0
0
0
2099520
279990
0
0
0
0
419976
25621642
0
0
0
0
0
0
0
0
0
0
0
0
0
139998
0
139988
0
2589310
6
0
0
0
1119854
210001
419964
0
0
0
139926
0
0
139996
139994
0
279988
0
0
139996
69960
279988
0
419980
284
0
0
0
0
102
0
7
0
489784
0
0
419965
0
123
0
279981
0
0
0
0
0
0
0
0
349967
0
0
0
0
139996
0
1545
279988
12
69980
418552
419980
1679697
1259852
2799160
0
419980
0
0
0
1
0
69968
0
0
70859
0
0
0
0
0
5
139996
279976
355640
97451598
1049798
0
0
839942
0
279988
0
139996
0
0
70006
1609448
0
0
0
0
0
0
4339918
717
139988
1398641
0
0
0
139996
10546011
0
0
0
69997
0
0
419940
0
139996
279988
419880
699952
69997
139996
0
280038
69380
0
0
0
6
0
909805
0
2099564
0
69997
1049847
419980
0
13
0
2169438
0
139996
139996
139996
139996
0
0
23
0
0
139996
0
6855466
0
140557
0
0
139996
0
0
0
0
139996
700022
139996
558156
0
0
0
5876201
0
0
0
0
557556
0
0
0
139995
0
139996
1048971
0
0
280016
559961
69997
0
2729334
629955
279990
0
0
0
0
139996
139996
279990
5
0
14
0
0
0
1259860
559920
4393
0
0
139996
0
3568845
0
0
699940
0
209967
0
1
279979
0
0
559966
0
9512376
279988
209949
1
139996
0
0
0
69965
0
69996
280030
139997
0
0
140002
559960
0
139996
0
419976
139992
0
279988
140061
0
0
0
0
0
419980
0
0
279988
280852573
1469637
279988
0
349940
69984
139996
0
279990
0
559970
0
0
0
0
419936
419980
70122
3
0
0
0
13
0
1399780
0
279988
139996
0
0
0
139996
0
2
1
0
0
0
0
419934
70094
139996
139996
0
0
0
139996
0
0
139996
0
0
0
0
0
1679753
140024
6210030
69922
0
278568
0
0
69985
0
0
0
0
139996
139996
1259854
0
279990
0
139996
0
349976
0
139996
279978
0
0
70029
139996
363
0
0
209982
0
69997
139998
0
0
0
69572
0
419976
139996
0
279974
0
279988
0
139944
0
769923
0
559952
419980
489954
209748
0
0
69896
69997
0
139996
0
210011
0
0
0
0
0
0
139996
6039181
0
0
0
1259842
0
6296830
0
69
0
350047
0
279988
0
4
0
2799230
0
3076035
139996
349965
0
0
279990
6856116
0
209969
0
0
4473807
280005
0
1049830
0
1963964
0
69997
0
0
909913
0
2
0
979908
0
0
699928
0
138484
0
0
139990
0
0
0
0
69776
0
0
0
0
0
0
7834395
769939
139996
0
69989
0
1469746
489290
8
0
0
237
0
69993
1819686
2519344
0
0
3148174
0
559954
279988
0
5457335
979876
0
0
419976
420015
0
419970
0
139996
349986
139996
1
0
277990
559960
0
0
0
839882
1
3
0
0
0
0
139996
0
279988
5177216
69997
2029541
0
0
0
0
0
4
140000
0
0
0
419967
0
279988
0
0
0
0
0
0
139996
0
5317630
69996
0
839932
4058454
281962
279990
76
139996
279978
69992
0
0
279990
0
0
69995
840001
9510616
0
139994
0
0
0
0
0
0
0
10768378
719
1259820
139913
14
0
0
0
279990
0
244791
139996
0
0
0
279988
1679763
349950
0
0
0
0
3
0
0
1259812
699933
69990
139996
0
0
139996
279988
279988
839886
839926
14
0
0
209979
0
0
139936
0
699952
2029507
0
139996
0
0
0
1
69869
279988
0
69993
0
2799283
0
0
139996
0
0
0
71094
0
139996
0
69997
0
0
279988
0
139996
0
0
996
0
0
0
0
139632
0
139995
70051
0
0
0
0
0
211472
0
209983
2728055
0
0
2169456
0
0
2092624
0
0
0
0
979968
0
0
0
0
209979
1080037
2519530
0
279988
69991
0
0
0
139996
0
699924
0
727
0
559966
419832
419952
279988
0
6372
0
489959
0
70006
419976
0
419976
0
0
0
629919
0
0
419964
139996
0
0
0
0
419980
1259825
0
0
0
0
1750060
0
0
69981
979880
0
0
0
210149
0
0
419976
0
69996
45843406
0
0
209986
0
0
0
0
140018
2658846
0
210065
70332
69994
0
0
0
69997
279988
0
0
2
1539736
0
0
279990
0
7340
279988
0
349945
0
0
210055
69996
0
489967
0
0
279990
279934
0
419978
139996
839916
139996
69990
1539763
419977
0
0
210998
139996
0
139996
0
0
0
0
1679766
209986
0
0
0
909860
0
839938
0
560652
279988
559744
0
0
0
419970
209973
139996
0
279990
0
279985
139992
0
137926
0
0
0
0
839916
209982
210607
282404
0
0
0
139996
69999
0
0
0
139996
0
0
69995
0
0
0
0
341690
0
279988
0
0
0
1539810
0
0
0
0
209987
3
10
559960
139912
0
0
11
0
0
559964
0
0
0
0
0
419287
139996
139984
0
631403
0
70009
661985559
0
419980
0
0
0
0
1049735
0
0
0
69995
3
0
0
147451970
419982
16
0
139990
0
0
350055
139996
0
0
139996
69995
0
0
1049893
0
0
419977
0
349870
0
68982
559960
0
0
0
0
0
0
0
4
139996
839916
419976
559966
0
0
69997
0
279988
0
0
0
0
419980
0
0
279990
831190
769906
0
0
0
0
0
139996
139996
10140443
0
139996
0
0
419976
1119878
979912
1119882
0
1189631
0
0
0
2239559
0
209989
140007
0
4
70005
0
279986
0
0
489853
0
0
69997
0
139996
140227
13551667
0
0
0
0
0
139996
1049957
0
139996
140012
0
0
1539800
419970
0
0
0
2
0
2242129
0
0
0
0
69953
0
2
419934
4618353
419982
0
0
69982
0
0
139996
0
559960
0
0
0
0
0
2379432
279990
0
0
0
0
139995
279988
1399797
0
10702
279988
0
2519220
0
0
419983
279990
979654
279978
4191377
0
1119598
69991
139996
699952
0
419980
349965
0
0
139987
0
8667182
419980
0
139996
0
0
0
139992
0
0
0
0
0
0
0
0
559899
69997
1959564
0
0
3
489937
0
0
0
0
0
1
0
1
0
0
0
0
139994
0
419976
139996
139996
69881
0
1
0
16
139996
0
349977
0
0
1959580
139996
0
139996
0
0
0
139996
1819694
0
839916
0
0
1567232
0
0
279992
140002
0
279988
1
979969
0
2436761
82251497
909824
11050372
0
0
1119864
0
0
279982
0
0
139996
0
279988
419828
209983
0
559864
139996
2
0
0
0
0
0
139996
0
419971
139996
0
0
0
0
209899
0
209967
0
0
0
16708593
0
0
489958
69094
0
14
2519428
0
0
279988
0
0
69993
0
0
0
629918
3
0
21927477
1
0
0
0
0
419976
0
0
140357
559992
699940
0
0
0
0
228120
3499100
70152
279990
69997
281709
279984
0
0
139996
5674273
0
3
139996
0
0
1119779
139996
909824
0
279990
0
699948
0
489941
0
0
139982
0
0
489945
69997
139996
0
69961
139992
69999
0
0
139996
2
0
0
0
69997
279988
0
84
0
70007
0
0
69997
0
0
139996
139996
0
559960
0
0
0
0
209992
0
280237
0
0
139996
0
0
69989
841020
0
69993
0
0
0
139996
0
1119859
222
139996
0
0
11557
0
0
0
0
139996
1
0
3707990
0
139996
0
1114
139996
69996
0
0
951320
140008
0
0
0
140030
0
0
210058
0
0
0
279988
0
0
70047
0
0
0
140004
1
0
69997
279988
0
979852
0
0
1539765
0
0
1259820
139980
0
0
1260029
139996
0
279971
5385741
0
0
0
0
419976
0
0
0
0
139996
0
911092
0
148639
70048
0
0
0
0
36
0
139996
419920
0
0
0
279988
0
0
12572814
0
0
69997
0
979859
0
0
9
0
9023524
0
0
139994
0
0
0
0
0
209979
977750
699623
0
0
1398815
43
0
13730
0
139996
559795
699948
279812
139996
419978
0
279988
0
68886
349973
0
68
1259868
0
0
69995
2670974
0
0
0
139955
0
0
699974
0
0
139996
0
419982
0
0
0
24513144
0
0
2970492
0
0
209886
0
60703
70001
0
0
0
979899
0
0
0
0
69997
0
0
279990
0
0
0
0
0
0
0
139996
0
0
0
1539747
279988
0
69983
0
1539784
0
16
139996
0
0
0
69790
979898
0
0
140352
0
699940
0
139996
0
14053
0
0
279988
1
0
4897556
0
839934
1
0
0
279988
0
7
2239571
139996
0
486319
0
21
0
489959
699952
0
139986
139996
279988
0
0
139996
0
139982
0
0
0
0
0
771825
0
0
0
279988
0
0
0
0
0
0
0
0
419980
0
0
1119567
210001
0
0
489747
559936
5877030
139994
559960
0
419976
69992
1819681
16460
139994
0
0
0
279988
139994
14
0
3
419976
0
0
4338132
139996
139996
139996
139996
1
0
41
12
0
0
70887
909903
0
0
0
839921
0
0
0
0
0
0
0
0
139996
139996
0
0
139984
8811736
279988
0
0
0
139996
419976
1049849
0
0
0
0
139996
0
0
0
142460
1259856
0
0
0
0
139996
69997
0
0
979910
419980
4757995
0
0
279988
0
139996
1259721
0
279990
0
209992
1959580
4897266
139996
0
139996
69996
0
558192
0
1329779
68785
0
279984
979883
979888
0
0
0
0
0
139996
0
12
0
0
0
0
23
139996
24
0
69986
0
0
494239
0
0
0
1749613
0
139996
0
139996
0
0
0
0
0
0
139990
0
0
2519300
139996
0
0
0
0
0
0
0
0
0
139996
1819720
0
419977
7273428
0
0
0
0
0
0
0
0
139996
0
0
0
69997
349805
0
0
69997
420639
1189726
69997
0
295700
0
140002
139996
69997
139996
0
32
139988
6
0
0
2309586
0
279988
69996
139996
559960
351411
0
0
69820
0
0
2937438
559960
0
6
69989
3567663
423365
0
139996
0
559960
0
0
279990
6
0
699948
209985
2
0
419881
1049725
0
0
0
0
0
0
0
0
419946
0
0
349978
0
139996
0
279988
0
279988
0
0
0
0
419976
0
0
699948
0
0
419976
0
139996
0
139996
0
0
420973
10
0
0
279752
1703856
5031882
839856
769919
279988
0
0
2379388
0
139996
0
1679677
0
0
699942
5596719
209985
0
0
209983
1049713
2
139996
0
0
0
842518
0
0
494298
0
0
0
1682136
1
1593168
139992
0
0
0
419976
0
0
0
0
280328
0
139996
139996
0
0
0
1259822
139995
0
0
139996
0
139996
419966
0
279988
0
0
139996
69992
1959657
0
909798
209823
0
0
0
699940
0
4893458
6716816
70000
0
69997
139996
0
0
0
279988
0
0
1
0
0
979866
839916
141490
139991
559960
4685189
419976
0
0
0
0
0
0
0
0
3285408
560179
29
0
0
0
0
0
0
279988
0
69995
279988
0
0
279988
0
0
139994
0
0
140032
0
279990
629928
69969
279988
0
43447557
69841
2939224
139996
139996
209984
2659279
11187397
139996
0
6440
0
0
7063516
69957
279988
0
699954
0
0
0
0
2379540
0
279972
0
0
419976
0
0
279988
0
419980
1399371
139996
139996
139996
2
2659339
8740441
699952
69956
139996
0
4120616
0
839916
0
0
0
279990
0
139996
139996
0
0
210000
2875082108
0
0
0
0
5456943
0
69994
0
0
6489469
279958
139996
69999
8
21964
69997
139996
0
419976
419976
139996
0
768
1
0
0
0
177
279988
0
1531880
419976
0
559966
0
9
559960
0
629936
12
629901
0
71027
139996
0
0
0
279990
0
0
0
0
91
0
0
0
0
279988
69996
0
0
0
419946
0
0
0
1259802
0
909886
2738
21
629970
140064
0
69994
0
0
139996
0
0
858646
279988
279988
0
279986
0
139996
0
0
0
0
0
559980
139996
141260
685014
0
0
0
0
0
489961
0
699948
344882
0
0
0
0
0
0
209982
0
0
0
0
419980
70003
0
0
0
0
0
0
0
0
3
0
4757814
0
139996
69996
277
139996
139996
7415040
0
139996
0
0
0
350135
0
0
0
0
0
0
0
209970
1679692
0
0
349970
0
140057
699952
0
0
0
419934
0
349964
419931
0
0
139996
0
0
139996
0
0
0
2799342
0
69995
139994
0
297
0
0
69997
139996
0
0
2239382
279988
279988
0
629900
0
0
0
0
0
0
87775
0
69997
0
1
0
0
279984
0
419980
0
0
349969
0
0
0
0
2798762
0
0
0
69999
0
0
139298
139996
0
0
139996
419976
0
0
699917
0
203563
0
0
0
0
0
0
0
0
139996
0
629912
11
0
1959428
0
279990
69991
139764
0
0
0
699940
1468827
0
0
0
23
139996
0
0
0
0
0
0
139987
139992
69979
0
0
40
0
0
0
0
280007
0
139996
909883
0
0
8
279875
397
699980
209986
0
979910
419986
139972
0
0
0
0
0
279988
1
139996
0
0
75352
2
139996
69997
0
0
279939
0
139996
0
139996
7
0
0
0
0
0
0
0
0
0
699952
0
0
0
69961
0
0
130688
139996
0
0
0
279988
0
0
979888
279959
3568694
0
279988
0
0
384
0
208945
0
0
69949
0
489993
0
0
1399798
419892
559902
279989
1259853
279979
69994
139996
69994
0
0
139996
0
0
139996
279988
0
0
139996
559798
140000
139996
139996
0
279988
0
139996
0
979912
278828
0
0
0
24
0
7
0
0
0
139996
70312
0
0
209494
70002
0
4544243
419976
8
176499
0
0
559954
0
0
0
0
0
0
0
70001
0
139992
0
0
279988
0
0
0
936
0
139996
139992
0
419980
139994
0
559960
0
69993
0
0
3562463
0
0
419968
0
0
0
0
0
0
0
139996
0
139996
1819636
0
0
139996
0
0
0
0
0
138
0
0
139996
279988
226
559720
279964
69997
0
139995
0
0
69997
209992
0
11
139996
0
0
0
139996
0
0
0
70008
139996
1679690
0
0
0
0
980494
559962
0
0
0
0
489880
139972
0
839886
0
0
69996
139996
0
0
0
30
8
0
0
61
839850
0
0
0
0
0
0
0
12586134
559961
0
0
0
0
161
0
139950
0
0
0
0
139996
559960
349979
1119844
70003
1943125
0
34
0
0
0
69997
139996
0
26
839934
0
279984
0
69995
139992
2239280
0
1609675
69993
0
0
2
839932
0
148
47117
629923
210340
2589215
139996
1179
0
69994
699915
139996
1932
0
139996
0
279988
5883294
7
0
279988
139996
0
139996
559956
0
0
0
0
0
0
0
0
979908
0
0
1539824
0
699940
0
1050504
139996
69996
0
139990
0
70805
0
0
0
0
69997
349951
0
0
69997
0
629953
0
0
699832
349867
0
3551769
349977
0
139996
0
0
0
0
8
490
0
0
699952
0
0
0
140000
280059
0
979633
0
10212442
8812708
279988
0
36
209986
0
0
0
559968
0
0
0
0
0
0
0
419976
279988
209773
0
0
699952
139996
0
77848
0
18
349965
1539875
0
0
0
279984
139993
0
0
0
1329588
0
0
279990
419976
70002
4179292
139996
0
139996
0
0
0
0
69994
139996
139996
0
69999
69996
1469721
0
419984
139996
139996
0
0
0
0
0
17
1609671
0
0
559958
0
0
279990
69997
770679
0
69999
139996
139996
0
0
0
559966
0
0
0
279988
0
3
3264905
4
0
0
209989
0
0
0
279988
0
0
139996
0
699720
5036212
0
0
0
699942
0
69997
279988
1119571
0
2
0
279988
417765
909777
0
609106681
0
139992
0
0
3498914
139996
840318
0
0
0
0
0
0
279988
0
0
139980
0
146
0
0
0
0
0
0
69996
349955
0
0
0
139996
0
0
0
0
1539795
0
279988
0
0
3359040
0
139996
209986
0
70001
3359057
139996
0
0
139994
0
0
69997
0
0
139996
237
574487
139996
139996
419978
419973
279983
4028
0
2
419976
0
1819636
0
0
419980
767550
0
629826
0
0
139988
0
6021923
0
4
139996
0
0
0
0
13
0
839916
0
0
0
0
419982
0
0
0
0
0
139996
0
0
139996
0
0
0
209990
3
0
0
0
0
3568687
17829920
69996
0
0
0
0
70071
0
139736
0
0
559975
769893
350152
0
2519434
0
0
279964
0
4
209989
489967
0
0
0
349991
1119889
0
3012
139991
0
0
0
0
279990
419976
2912627
279315
69994
2
0
0
0
139996
0
0
0
279988
0
0
0
279988
139996
0
19681336
279988
0
0
139996
0
0
0
0
0
0
0
0
417940
699944
0
909915
0
0
625548
69959
0
211539
2063
0
158952
0
0
0
0
349730
0
699952
0
0
0
69956
0
139996
0
0
0
0
0
69997
559960
0
0
0
0
350347
22
0
139996
0
0
769791
0
0
1960900
0
0
559966
0
0
5387696
0
0
419960
0
979843
839924
0
0
21101650
0
279988
0
349967
0
139996
139996
139996
0
0
0
1119712
2726909
0
279990
0
699704
0
0
419976
0
8
0
629949
0
21234169
0
0
0
349936
142486
139996
279988
279980
0
0
139996
139996
0
69997
0
0
11590584
11284671
419980
0
0
0
69797
0
0
909915
0
0
139992
338162
1399780
279617
0
0
0
69995
419982
0
0
0
0
0
0
560
0
0
0
0
77
139996
0
349983
0
280317
1399828
69995
0
0
139996
0
0
0
0
0
1
0
489906
0
3697461
0
0
0
0
279988
0
139996
1
0
0
0
0
0
0
0
0
839926
0
0
0
0
0
0
0
419976
69993
0
0
139996
0
0
0
139994
0
139995
0
0
0
0
0
349996
0
419952
139972
0
0
279988
350309
0
0
12
279988
0
139997
0
0
3078133
0
56090
139996
0
0
279990
8
0
0
0
139996
419968
0
0
0
0
0
0
0
0
279983
419964
0
140256
0
0
279992
0
279988
0
0
0
0
279988
0
2098929
0
559923
0
0
139996
0
31
349
0
0
0
489951
139996
0
0
0
279988
0
12168872
0
0
0
279990
0
0
0
0
0
0
0
4
69997
1
0
0
69997
8
0
0
0
139996
349946
70007
10211244
0
0
0
419980
9
0
0
699930
0
69987
0
7275520
839916
629865
139996
0
0
70003
0
0
0
3498962
0
0
0
349974
5316102
0
0
0
0
0
0
69981
909753
279988
624925
419928
0
0
0
0
0
3
1185596
0
700846
0
0
209992
2033
7
0
0
0
0
139996
0
2099644
0
0
0
0
0
1399784
69997
0
0
279988
0
419977
1
140017
209925
699956
1818602
0
0
0
21
559968
0
0
349982
0
839916
279966
0
0
279990
139996
69996
0
0
0
0
0
0
0
279990
0
0
0
979871
0
0
279988
0
139996
0
0
489943
0
0
0
279988
0
139988
0
0
279970
0
0
0
0
419995
14458085
0
139994
0
0
0
0
419976
139996
0
0
0
0
0
0
979905
699958
0
0
214665
0
0
139996
0
559960
139996
0
0
0
69992
139996
0
2379406
0
210192
139996
0
0
0
0
6
117994
139996
0
0
0
0
0
0
0
0
699940
0
4338246
139996
0
0
0
2793698
139986
0
0
560254
0
1
0
0
0
0
0
0
0
349926
0
0
0
1329604
0
0
5
293448
279990
0
0
0
0
0
0
0
69999
0
0
0
0
0
0
979846
280232
69993
69988
0
0
979888
4548151
0
1539820
1119856
0
1539792
629937
139996
69996
0
69994
0
209991
559960
0
0
0
279988
279982
139996
0
0
0
1119868
0
0
4687300
0
0
209989
0
6
11530338
0
0
209979
0
0
279983
0
0
0
1
489951
0
0
0
69996
70087
0
0
69997
0
0
3822034
0
0
0
0
0
0
7
287787
0
0
0
0
1119760
489971
0
0
0
2
0
0
419980
0
0
280463
139996
0
139996
0
139996
1049925
3
280419
0
0
0
139996
475325
0
1259820
979908
0
23
0
69770
0
279988
0
0
0
0
0
280006
0
139996
0
0
0
0
0
0
0
0
279976
0
420146
699952
419976
419976
0
70002
0
139996
3
0
419996
0
0
0
0
0
0
0
0
1
139990
69896
419980
980044
0
279988
699941
0
279988
0
279990
209986
0
0
5875363
279984
419976
0
0
0
0
349968
0
0
280562
68889
3079256
279988
0
0
0
139996
0
1626912
140231
0
15
0
139996
420255
699931
6
0
69995
212071
839942
0
279988
630590
0
0
139992
0
0
0
2519454
0
69997
3435
2589281
0
0
139996
0
70005
0
74445
0
1539796
0
0
209988
139996
2
839904
0
209985
0
0
0
0
0
559970
4
0
0
3219116
0
139996
0
279988
0
209957
0
0
0
0
0
0
419976
697098
0
0
0
4617979
0
0
0
0
0
0
0
0
0
0
279988
979888
0
139996
3
0
0
0
69736
0
139996
3
0
0
0
0
0
419980
559986
0
0
3498998
69994
6926804
69995
2099574
1399792
140001
699943
69996
1259735
0
699586
0
69998
0
0
279988
699940
1119822
0
0
0
0
699931
69717
0
210159
139996
0
0
69997
139996
419982
139910
0
139996
839934
3078947
69996
0
0
139996
7101552
0
0
699948
0
0
0
139996
279988
0
0
0
139986
279990
0
0
0
0
279974
419976
0
0
0
0
0
0
0
139996
140439
344399
62
0
0
0
139994
419975
18
2380017
0
0
0
139996
139996
209974
1819700
209991
1
0
12169227
0
0
0
0
26
419958
70051
0
0
209979
209949
0
769882
139996
0
139996
699838
0
1819698
0
0
0
279986
0
139996
769919
139980
1848250
1329814
2939294
0
0
0
1
0
0
0
0
139996
0
0
0
0
0
1259841
0
279988
0
0
0
0
0
7
69997
0
0
139996
4
36
909932
139996
279984
139997
69999
0
279988
139996
0
0
419988
2253855
279988
419974
0
70139
209986
5
279988
0
0
139951
0
0
139996
0
0
0
0
0
0
137
69985
699940
0
0
0
139996
0
699956
0
0
1019233
212
419976
0
699940
0
0
0
139904
139996
10
839638
0
0
0
0
0
139996
279988
0
208599
139996
851067
0
6626
349976
0
0
139996
0
69996
0
0
0
0
0
0
0
0
139996
0
0
69997
139996
279988
70082
0
629822
0
0
0
2099269
0
0
0
0
209745
0
0
139996
8
0
0
0
0
0
139996
2379628
0
0
139996
699948
0
0
1015492
0
0
279988
0
0
139996
0
0
0
2099616
4
209985
23333437
0
139997
2379337
0
0
0
0
0
139996
0
139992
0
0
0
0
69981
0
139996
139993
0
0
419976
0
0
630108
1606013
0
69996
919817
1539700
25
0
419980
0
0
0
69999
279990
0
0
0
0
40818
699946
0
0
559970
69880
0
0
0
0
2519350
70000
979888
139993
559960
0
0
0
210007
0
0
0
209707
139996
0
0
979888
0
0
139996
0
979888
0
139996
0
835344
73422554
0
0
0
279988
140090
0
0
1
0
0
1749678
1399536
0
209982
0
8
0
279988
1148052
279988
909748
0
4240037
70093
0
279988
0
20185788
559970
210066
0
0
0
419976
0
0
0
0
6
279988
699940
0
0
419980
139996
0
0
0
0
3687314
0
0
0
0
0
0
0
5247107
69995
0
419982
0
279979
0
0
1
4
0
0
0
349936
0
0
0
560285
0
28
0
279985
349884
139996
0
839808
209972
0
0
279918
0
139996
0
769991
0
419851
139992
0
0
0
281169
0
139996
209985
0
419980
0
69995
0
2167104
0
0
2659388
0
279982
0
0
419955
1259860
0
0
8
0
0
0
419980
279982
311291
0
198
0
0
0
0
0
279988
0
2939076
139996
0
0
139996
0
0
209985
770067
0
0
489895
0
0
139996
0
0
0
0
0
6711
0
1
1120051
0
67399
0
0
4407067
0
2
419896
5387491
279994
0
69996
0
7274605
0
279988
0
0
0
0
0
0
0
0
139998
0
279990
0
9082619
0
0
0
0
839932
419976
0
0
0
0
203617
419976
1399844
0
69964
279988
0
279982
0
6693
0
0
1119886
0
699948
0
139996
0
0
0
0
0
139986
0
0
70009
0
0
0
5387995
139996
0
2
209988
139996
0
0
0
0
0
839929
6
0
0
69997
0
0
0
69951
0
279990
0
699952
0
419974
0
2727673
0
199429
0
0
0
0
0
0
0
0
0
559966
0
0
0
139996
2262
209988
1399830
1539812
0
0
0
69796
629793
69986
0
0
0
0
698898
139996
0
139996
0
0
559960
139996
420968
420035
0
209955
0
0
139976
0
699942
0
279988
0
139991
0
699948
0
139996
12027609
0
0
0
279988
279988
139996
0
349954
19
0
0
0
283167
140251
0
0
0
12587676
0
0
0
5387767
0
419976
0
839916
139995
0
0
0
0
0
0
0
0
0
6715349
1119827
4546127
0
0
699940
177406655
279990
279990
0
0
140002
0
279991
69967
0
0
0
0
209714
0
139996
0
307393496
0
0
0
0
139996
353628
7
0
839932
139992
0
0
2865114
0
69997
2029293
139988
0
0
0
0
139996
1049590
139996
0
2799408
0
0
0
0
0
0
1175
27
0
909355
1119856
0
0
0
0
5
839932
22
1259830
419976
419916
3079179
279976
210054
629889
4338632
1119342
699940
0
31
839926
0
0
69750
0
0
0
0
2345955
69986
0
0
0
559944
1537449
0
0
0
0
0
0
0
279988
0
0
0
0
699948
1189675
0
0
0
699956
139996
57
1679761
0
1469769
0
559970
279988
0
279988
139996
0
0
0
28
349956
0
139996
0
140523
0
69997
0
139996
0
0
489937
0
0
0
0
0
0
139996
0
139996
699948
0
139996
209986
0
98943
279988
0
559964
139996
0
209989
2
0
0
1259835
279986
0
0
0
0
0
419975
1119848
0
69994
0
139996
139996
0
0
279988
209989
0
839834
0
139996
629902
0
0
0
0
279990
0
0
0
279990
0
839932
0
69958
4338419
0
278987
0
0
2
629284
0
3219254
69922
0
0
0
69945
139996
0
1
0
489937
279988
139996
1
0
559966
1329761
0
0
0
279988
1259911
0
0
0
69955
419980
0
0
1259850
139996
3987597
1049772
909901
0
139996
0
0
0
0
419976
0
0
3358486
139995
979888
139996
419976
0
0
7064853
0
1539715
0
0
9652152
419978
0
0
0
0
0
139992
0
0
1259852
0
0
0
279988
139996
139976
7276158
350054
0
0
0
0
0
69995
139996
0
0
139996
419980
0
0
139996
0
69997
279988
419980
0
0
0
279988
0
69960
0
0
0
0
629957
0
0
139996
279696
0
0
69996
59
0
0
839916
279987
0
0
0
0
0
0
3
0
5247003
0
0
279990
69996
0
0
0
629931
279067
139996
0
0
839916
0
0
0
139996
14077472
69997
0
0
139996
69958
699940
0
0
0
139992
349970
15627710
0
979908
0
0
2
839942
0
139996
0
2519280
419980
0
0
0
0
1049768
0
139996
0
279990
0
70005
1189813
69992
0
419980
0
0
0
0
0
419976
559961
0
0
0
70349
0
0
1189570
0
419970
46
0
1749385
0
0
426
0
139996
0
0
2310739
419976
69995
0
0
3358882
1189812
0
279988
559966
31
0
122463
0
0
0
769941
0
559920
0
0
0
0
419889
0
69997
0
0
69795
31
141913
0
0
279988
69751
139987
0
280052
0
0
0
69996
0
0
0
419814
629894
139992
1698
0
139414
0
0
0
139996
279555
209979
0
139996
208712
0
1399786
5
0
0
559960
3
0
698615
12692503
979849
35
0
209988
139996
0
0
559960
0
0
0
349971
0
0
0
139984
0
0
0
139996
0
0
0
0
139996
140002
0
0
209907
2379490
0
139996
0
0
279988
0
0
347555
0
0
0
349833
0
7461
0
279986
0
69997
419976
0
139996
0
279988
0
0
559960
0
1118
419980
0
629856
139996
0
2659240
488308
38
1189780
139996
349965
0
0
349802
0
0
0
286475
979888
0
0
139996
1679750
2939272
0
0
419977
139988
0
139994
0
0
0
0
0
0
0
0
0
0
419954
209986
1286793
0
349955
0
0
0
0
279988
0
17
419976
2
420137
208787
0
0
209999
0
279990
6578054
0
140004
139990
0
0
0
0
0
0
279982
0
7
0
559961
139996
0
279986
0
139996
0
0
139996
279988
69997
0
0
0
0
0
139996
4
0
139994
69995
0
6
1
0
559960
0
0
0
279964
0
0
279988
69996
0
8846344
559960
69997
139996
0
69139
1329953
4127904
0
0
9919410
0
0
69993
699952
4
139996
349981
139996
699954
489719
349978
0
0
0
0
0
0
209988
0
0
2
0
0
0
0
139996
0
279968
0
69995
0
0
711701
705053
0
279990
279990
0
419976
0
0
14398576
0
0
0
3
0
839914
261058
0
69988
699956
0
69974
419980
0
0
0
0
0
419976
0
0
0
0
69993
0
139996
0
839926
419976
1539788
139996
0
69937
3988597
419976
3
139997
0
139996
0
0
0
979900
279990
0
139996
0
0
12568196
0
0
0
0
2449043
0
0
209964
0
70007
0
1679613
1679724
700587
839861
0
349862
0
0
279990
0
0
349789
0
139984
139996
0
0
0
279988
1119886
489760
1399780
419976
0
0
0
0
0
0
0
559962
0
69995
69996
979720
139996
0
420005
0
0
279990
279984
1329406
0
0
3218980
279988
139996
139996
0
279988
0
2164572
0
0
559960
139996
0
839796
139996
70063
0
0
0
140159
0
0
343577
839935
3140936
629884
0
0
0
11027916
0
0
279988
279988
139996
0
139996
0
70005
0
2169944
0
287
349989
0
559966
0
0
0
139996
69984
0
279988
0
0
139996
0
0
0
0
69900
40819
0
0
6716094
0
279988
139996
0
69996
139996
0
0
0
0
0
349942
0
0
0
0
279988
279990
0
0
140284
69996
139996
0
139994
139996
0
139996
1329373
0
0
0
69996
139996
279988
0
0
1119718
0
0
0
14
69973
139996
0
0
69990
139996
69981
0
279988
349979
139996
0
0
1259836
0
0
0
0
162
1259820
0
0
0
0
0
139996
0
0
45
60
140072
0
0
664
0
0
0
20
349968
699940
279988
0
1187142
559960
699951
139996
0
116941674
839932
0
0
559960
387
139996
419980
69997
0
0
1
0
139996
0
0
0
699953
1399758
209987
0
209989
0
0
0
0
139996
0
0
0
0
699952
489993
69995
3218448
0
0
349977
699952
0
0
0
139995
0
0
0
139996
69997
0
0
419982
0
0
2
0
0
0
2939158
419970
0
139982
0
0
559966
0
0
138796
70049
0
0
0
0
139996
139996
5176850
69997
1079
0
0
139996
0
1456422
0
0
629935
0
0
5
0
629993
0
0
0
0
0
139996
0
0
0
0
700372
419976
0
0
139996
4757960
3428761
0
1399826
0
0
0
6
0
0
0
0
0
69997
0
69997
0
5
0
0
2
0
699940
69997
0
0
0
69994
0
209985
0
0
0
209987
0
2799193
0
209413
139996
0
0
0
0
0
0
3
0
560077
0
0
0
139990
0
279988
0
139996
0
0
0
0
0
279990
0
0
0
8
559955
0
0
0
0
0
0
419976
0
69950
0
139996
699940
0
0
139996
979900
0
2240432
0
0
36
0
7
139996
0
51
0
1679684
0
0
139996
0
2099700
0
0
0
209989
0
0
139996
0
0
0
979910
0
0
0
139996
6
279988
699958
279988
279990
559966
279990
0
0
0
139996
699940
0
0
0
559960
0
69986
0
139996
141708524
56
0
69997
0
0
279988
349973
419974
0
0
0
0
279978
209169
0
0
0
139996
3719530
93519798
839938
139996
0
0
139996
419980
0
2
0
0
209983
0
279988
139996
139996
20488
0
0
0
70021
209994
69997
0
139994
0
0
4688107
0
0
0
0
0
0
0
18
0
0
0
139988
0
70005
0
1610481
1539646
0
0
0
0
711456
0
139998
0
0
0
0
69997
0
559960
139994
0
419980
419977
69986
139996
559966
35580270
209985
0
0
1118787
209973
0
0
69995
2873892
0
0
419980
0
0
8532556
699940
0
0
559943
139996
0
0
0
0
0
5526101
139990
0
0
139996
69953
0
140288
0
0
139996
0
0
139996
0
0
69997
0
559960
0
979888
0
839916
0
0
1259860
279960
11261
0
28
0
64
701208
14746116
0
0
909230
0
279990
0
0
0
69994
0
0
0
0
0
139996
0
0
0
19712622
0
2939116
0
419980
0
69650
0
347895
139996
139996
139996
0
907109
43
0
139997
0
32
419980
699956
0
0
18
0
839701
0
0
0
0
0
1314231
139996
0
280210
279971
0
0
0
0
0
2
0
0
0
0
772566
69993
209989
0
280048
0
0
0
69997
0
0
0
0
0
0
0
139994
69997
0
0
0
349975
279988
855
350075
0
0
0
69990
0
3423358
0
0
0
0
0
0
0
14481
279984
0
69996
0
0
0
140398
1811
139996
0
699948
279984
279988
0
0
0
0
0
0
0
0
488807
69997
279988
0
0
0
0
4
0
0
1124405
0
0
139996
0
0
0
139988
0
0
209987
0
0
0
0
419980
0
699952
0
139996
139996
1889638
979912
0
0
69916
0
0
0
0
140119
69990
139992
139996
69964
139996
0
1399756
2360279
139986
0
0
1070
0
699862
139996
0
0
139999
0
0
69962
0
0
897276
559960
349832
0
2729222
0
0
0
0
0
0
69997
0
419980
0
0
209983
0
489954
69997
0
139996
139996
279990
279988
207516
0
69996
139996
279988
0
1
0
0
0
31
139994
0
0
0
279978
1487689
0
139994
0
0
0
0
0
139996
140154
0
0
0
139996
2239456
0
279988
41
0
0
279990
0
419976
0
0
70003
8281444
0
606835164
0
0
420022
0
0
0
0
279990
0
69997
69997
279988
0
69997
139996
279990
419980
0
1119810
2798514
0
139996
0
559960
0
0
0
419977
209989
1
0
0
0
70056
0
0
139994
0
0
1539622
69830
0
0
0
0
0
139996
0
0
0
69868
69997
1
418780
0
0
349983
419956
0
8811945
0
279978
140001
139996
0
139980
6504524
139996
0
559960
349977
0
0
23
0
0
0
0
0
0
139996
279940
0
0
0
0
0
0
0
279984
0
69994
630011
69999
349977
419981
279984
0
0
0
139996
0
0
0
0
0
139996
133
349821
0
0
0
8532436
534101
139996
1679663
0
0
0
0
70019
5186
419976
0
69995
0
0
0
0
2799366
279988
0
0
139996
0
0
559960
0
0
419976
139996
0
139996
0
0
0
279988
0
279988
559784
0
139994
0
0
69996
0
0
0
0
0
839932
0
279969
0
0
559966
1
0
139996
0
699942
419980
839916
139996
0
0
139996
0
0
0
0
0
0
280003
0
0
139974
0
0
139996
0
1539736
139996
0
0
139996
0
0
69993
279988
0
0
139996
6925297
279990
0
278510
139996
0
0
0
419980
0
0
0
0
279988
0
0
559960
279988
0
3
0
0
69996
0
0
139996
5037576
0
419976
0
0
0
0
0
0
139996
0
0
0
69997
7
0
0
0
139996
97403
0
0
0
1750172
0
139996
0
0
0
0
0
13005964
139996
559904
0
0
0
1539497
0
0
139996
139996
140018
0
1292373
0
279990
0
0
0
0
0
0
0
279978
0
279986
69996
0
0
0
0
1021
0
0
140070
139996
279990
139996
139999
0
139996
0
0
0
70003
0
699947
0
0
0
0
7
0
0
909899
139992
0
0
0
0
0
559962
139996
210042
139996
279988
0
279988
139996
0
0
2744174
279956
139996
0
279995
7740
0
139912
139996
419970
128
279988
139996
0
139996
0
212453
420127
279986
0
1872390
0
0
0
5037519
699814
0
0
559966
0
0
0
139996
0
2099292
69994
0
0
279984
0
0
0
0
28030
0
0
0
0
0
139996
279990
279988
979908
0
0
139996
0
0
0
6
0
909774
139996
279990
139996
0
139994
0
0
0
0
69977
0
559951
0
769246
0
0
0
0
0
0
0
279988
0
139996
0
0
0
420274
0
0
279988
6
559964
0
0
0
0
69997
209350
559960
70139
209989
419980
140530
70102
0
0
0
0
0
0
139996
0
0
209991
0
0
0
1650760223
0
0
0
0
279980
559960
0
0
0
69995
909876
139996
349954
2659320
0
0
279990
0
0
0
0
0
0
830973
0
375798
279990
0
139996
0
0
209961
0
0
139996
0
12
0
75
0
0
0
1
139996
0
139996
0
420021
69996
0
0
0
0
3219074
69996
0
0
70005
0
0
0
0
0
0
0
279988
0
0
419976
0
59814
140026
0
71202
0
0
0
489949
0
6
59
139996
139986
0
1881620
209984
0
839920
0
10
0
139996
0
0
0
0
0
139996
419980
69995
0
0
0
5038161
139996
0
139996
0
0
0
700062
9200
0
0
114004
0
0
0
139996
0
0
139990
559960
8
0
0
139996
419976
279988
0
0
139996
0
560459
559966
0
0
0
139990
1959868
69997
279988
0
0
0
8
139991
209985
111
139996
209993
0
0
0
0
0
489932
489713
0
139996
69995
101812896
140075
1679710
0
0
0
0
559882
419980
210398
559946
0
0
0
139996
0
699940
0
0
0
0
139996
0
209967
279988
0
0
0
139990
279988
69923
69997
0
0
3498748
0
0
209992
139996
0
0
0
0
0
0
0
0
0
0
0
0
161
0
279988
0
0
495700
0
419976
909885
279988
0
0
276819
0
139996
69266
0
139994
0
69995
0
0
0
209994
279870
69997
1049832
0
0
0
0
1259860
0
0
0
279990
0
0
0
0
0
279990
0
2
139996
0
699948
69991
0
0
0
0
4
139996
70012
0
0
139996
3497981
139986
0
17
139996
0
328
279990
0
0
139996
0
0
0
0
279990
69407
0
0
12
0
0
0
209989
279988
0
0
0
0
0
0
0
1
139996
0
561
0
38477666
139996
0
139996
280487
279988
0
0
0
0
472
1259309
0
14120495
140104
0
0
139997
0
279988
2672
0
0
909900
0
0
279990
0
0
0
0
839905
0
0
0
0
419980
0
0
0
0
23966
699991
2519383
349965
0
139996
209978
0
0
0
0
0
839918
0
139996
0
140005
559960
21881153
0
4268509
0
0
0
0
0
0
69996
24
139996
139978
326
139996
0
139996
0
419976
0
141258
2939131
699948
0
139996
0
0
0
139968
1469756
0
382
0
629865
0
349977
349925
0
2
279988
16
0
27
0
0
0
0
0
0
209985
139996
139996
0
559158
0
0
139996
1539814
209970
139996
0
0
139992
14
69997
279988
0
0
1
279988
0
0
0
0
65
0
2659460
139996
0
0
0
2379432
0
0
2939209
0
0
2
0
4267862
349967
139999
0
0
1539756
279990
0
209989
139996
279988
0
70005
559965
279990
0
0
139996
139996
139996
0
139996
0
0
419971
139996
0
0
0
419980
139996
139996
0
0
279968
0
0
2098946
0
0
91
0
0
69920
58807
69997
69996
279990
139996
0
279978
0
0
2728901
3496060
0
0
0
14
0
6578
0
0
69995
697490
139996
0
559960
0
0
0
279988
0
0
0
0
0
3498344
1189744
138822
17
0
699946
0
139996
70047
0
0
10446
0
0
3358846
0
629941
0
0
139996
139992
0
71065
139996
0
0
2400
0
0
0
0
1679628
139996
4199855
139996
0
0
69996
0
0
0
0
0
559970
14
1
70007
280005
373017
139998
0
0
559966
0
209989
0
0
2729119
0
139996
0
0
0
0
0
0
0
0
0
139994
0
0
1539740
0
139996
0
0
3108
0
839926
0
0
2239184
1259820
0
0
0
0
0
139996
0
2169511
0
0
1469529
0
0
0
139996
0
0
139996
6
0
0
0
70002
0
5737252
209975
2379473
3218940
0
0
0
0
279319
0
139996
706
139996
279982
0
474
210118
0
0
0
419976
3431981
139996
0
0
0
0
419980
349971
0
69997
0
0
2379412
1959650
0
0
0
0
843648
0
0
0
0
0
2588812
0
0
0
57691
0
349973
0
1819728
279988
0
279988
0
559962
0
139996
0
0
0
0
279985
0
42
0
0
419946
69975
507731
0
0
0
1049881
0
0
139996
139996
139996
0
0
279990
0
222
699940
0
419869
1259836
0
0
1399837
139996
148656
139996
0
0
0
139994
0
0
1469875
369
0
0
0
139996
0
0
210004
558682
0
491449
0
0
0
0
0
0
69997
139996
0
1329624
0
0
279988
128
0
0
92
140316
0
69996
0
69981
0
0
139996
0
69996
0
209948
0
0
139996
0
0
0
0
3638914
0
16076780
0
0
0
71794393
2379223
140029
0
0
0
419980
766444
6785385
279988
0
0
0
0
0
1540066
0
1399784
139996
5666914
0
0
139996
0
0
0
0
139996
3079030
0
5247520
629617
757873
0
14540523
0
0
0
139996
0
69995
699952
0
279990
0
1469571
1539800
419976
3778804
0
0
0
279990
32
0
0
1
0
139996
0
0
0
0
0
0
699940
0
0
419952
0
0
60
139996
454327
139996
0
0
419980
139996
0
1259826
71454
0
279988
0
489888
0
0
7275798
0
629931
279988
349967
1819680
0
0
0
3
69997
139996
139996
349969
0
140044
0
70005
0
0
0
0
0
419980
0
0
0
1819696
5
37
0
489935
139996
0
0
0
0
0
0
0
5296783
0
0
0
1679678
69959
0
0
69987
69997
0
0
0
700021
1119886
139996
32
419978
0
0
139996
209985
3
69952
69983
16054089
2932938
0
0
0
0
139996
69963
349845
139996
0
419976
0
0
279988
273396
0
139996
0
139992
489952
139996
0
0
0
0
1259860
279988
279932
0
279990
139996
69996
0
0
0
69997
0
349965
349990
489293
0
139996
0
0
279988
0
279984
559962
0
0
1259849
839916
209986
209982
0
419976
139996
17
5805233
0
69997
139996
0
0
0
139996
0
0
0
139996
0
0
49
0
0
0
0
0
0
0
0
0
280051
0
0
349975
139996
0
62
700990
0
0
0
0
209989
279988
0
0
139996
0
419976
14
0
0
0
0
909851
0
0
139985
0
0
139996
2447893
0
0
0
0
0
139996
0
0
559960
0
0
0
489576
559956
280246
209970
0
139996
5
0
0
7
0
0
0
0
0
0
0
839932
0
0
139996
0
1539502
838764
0
0
0
139996
1
0
139996
0
559942
0
0
0
0
3218998
0
0
279942
559966
0
419970
15160524
1959606
279976
0
0
0
4898111
559966
0
0
0
69981
0
0
279974
93241007
139996
0
0
559956
766479
139986
0
48
214
0
139996
0
1
0
0
0
0
69998
0
0
3918659
139994
139996
0
0
139996
139996
279990
0
419967
139996
139996
139996
0
0
0
12
0
139996
162
559974
139996
559918
979836
0
69994
139996
0
139984
139996
279988
0
0
0
0
139996
0
0
5877323
0
139996
139996
0
0
12
0
279988
349962
0
279990
0
8323737
0
0
0
909839
0
139996
297
4
0
0
0
0
0
0
0
139996
69996
0
700074
0
0
12431484
0
0
69995
0
8
0
0
0
69996
1889630
70005
0
103
279982
3359054
139996
0
0
0
419980
0
139996
139996
0
0
0
0
419976
0
69116
139996
0
0
1119886
2799120
0
0
3988590
70026
139996
0
139996
0
0
210020
0
0
839896
0
16
349957
0
0
0
0
139994
209956
0
0
139996
699940
139996
140034
209986
279990
0
70543
0
979682
0
0
0
0
0
280037
0
209967
0
0
139996
0
490083
139996
0
0
279990
279988
0
139996
0
0
139996
559960
1959666
1469744
0
0
0
140693
209985
12727346
0
559954
69988
3218880
0
0
0
0
0
0
139988
69995
0
0
0
139999
0
0
350609
0
210491
0
139996
39
0
69997
1399540
0
0
0
0
0
139998
0
140000
279988
0
0
699940
559915
0
56086
1
1118757
0
1539792
139996
0
139996
419976
139950
69963
0
69997
210067
0
0
0
4076085
0
419976
0
3219114
2099619
349532
69997
279990
3148968
0
0
0
1189787
279997
0
559968
0
0
279972
0
139994
0
0
0
279988
139988
0
1399782
0
0
0
0
0
139996
279990
0
279988
0
0
0
1679729
0
0
1
0
0
139992
0
0
839934
139996
287721
0
1189859
0
0
0
0
209498
622554
0
70361
0
0
0
0
0
0
0
0
279988
1195369
139996
69995
279978
0
0
0
279988
0
0
139996
0
0
209937
139996
0
139994
839926
0
0
0
0
70014
0
139996
559962
209989
139996
0
0
0
247503034
489931
349977
139996
14119739
0
0
139984
0
0
27062
279988
0
0
69942
36
0
699922
2588994
419976
0
349965
1119896
0
0
661
279985
0
0
0
0
0
0
0
0
280335
2519428
139996
5109720
0
3565555
0
0
0
139996
0
0
0
0
139994
69947
0
0
0
0
0
139996
0
0
0
0
139996
209985
0
0
0
0
0
0
2519372
0
0
209976
0
0
0
0
0
0
0
139995
0
0
139996
0
69996
0
0
0
139996
4
0
0
69987
0
0
0
0
14680448
0
0
0
349979
0
0
139992
279988
0
0
559966
699952
0
0
559949
489995
25
0
559960
279978
0
70674
1119870
0
0
0
419980
209989
0
0
17
3
0
279990
0
0
0
1749726
0
419966
1119834
69996
0
419977
0
0
0
139996
5716
279988
559966
279988
0
209985
0
0
0
0
279988
0
0
0
1
69991
56
0
0
1539788
0
429841
140
1679371
1399840
81316852
0
139992
0
0
0
0
280048
139994
0
0
0
0
0
0
0
1259860
0
979734
1119870
0
0
0
8
0
0
5369
2
209989
1049871
0
1
0
0
0
0
0
0
0
4337548
2
0
0
1469237
0
139996
419976
0
0
0
279988
0
419748
279988
139996
1609758
0
1679728
2
3498700
70002
1119822
139996
0
0
0
69997
69994
69836
279988
6
54
0
0
979890
25
0
0
0
419970
0
0
1
1050027
419976
139996
1927567
0
419977
0
0
0
210003
0
0
0
419980
839926
0
1259836
139994
210254
0
0
419976
0
0
0
69991
0
0
419980
0
139994
0
839872
5038086
0
0
419980
0
0
0
0
0
139994
279988
69984
139996
0
0
139996
2
139994
0
0
69997
0
420194
0
139996
0
139974
0
0
0
0
1959700
419976
69645
3079178
0
0
0
0
279978
0
139996
349977
0
0
279985
0
0
0
0
0
1049535
0
0
3568542
0
139996
629517
0
139996
559783
349911
0
0
0
139992
0
419976
1119418
1679770
0
0
210001
0
0
0
0
0
139994
0
0
0
0
999
0
1819750
69993
70026
0
0
419976
0
139996
0
419980
0
0
59
0
69996
0
139996
389
0
0
0
0
69997
0
0
0
134
0
0
279988
0
0
0
69993
73
0
510017683
139996
69995
0
559960
694
559958
1
139996
0
694784
2029509
0
139994
559952
0
139996
0
0
0
139996
0
0
419974
0
0
0
0
0
0
0
7790
419976
0
0
139996
279748
0
349967
0
0
845309
0
0
0
0
279988
39303
209967
2637
29
0
0
11883590
0
0
10699728
0
0
1819365
3
0
209977
0
17813
0
139982
1050716
490111
0
139996
0
0
0
0
0
560017
139996
0
979888
521414
279988
0
0
0
0
0
0
0
0
69995
0
0
0
139995
419980
0
0
11002128
0
0
0
8953329
0
0
0
0
979892
1399780
0
0
2658077
0
559968
0
0
0
0
32
0
0
0
0
0
0
489941
2
139996
0
0
0
1426024
0
69779
2379536
0
139994
0
0
0
1
279988
0
0
2
0
909632
0
0
0
0
0
0
2518734
0
0
0
0
1533272
559999
139996
209940
0
0
0
122193531
0
139994
70019
41402616
0
0
0
209992
0
0
0
0
0
0
139996
0
0
0
0
419982
139996
0
279990
0
419976
9
839932
210166
0
139992
4690913
700156
279988
0
0
1819696
629910
19
139996
0
0
0
139995
4
0
0
69987
69994
0
0
2099615
0
139996
0
0
0
0
770594
1399822
0
69981
0
0
0
0
0
0
0
0
0
0
342617
50
0
500
0
0
139996
0
6016387
0
0
279928
419980
0
139996
139996
0
769941
0
69991
0
979896
497398
0
0
419976
419976
0
70139
139996
20
139996
17
279782
0
3638793
0
69973
0
0
419976
1888179
0
279990
0
7
0
0
209
139996
0
279980
0
0
0
559590
0
279990
0
0
0
139992
0
0
139996
629887
0
69925
139996
30436124
0
0
0
0
70225
71110
0
69996
0
139996
0
419980
0
69996
0
2519300
0
0
69997
0
0
3
279990
279988
139996
65
6576686
139996
0
419980
0
0
0
0
0
0
349958
0
0
0
0
0
0
0
0
0
0
0
0
0
0
1259666
419980
1189710
27
139996
419980
279988
0
839938
0
0
33
139996
139996
0
0
0
0
0
139996
0
0
139992
5
12132552
1119897
1399744
0
0
0
0
74
279990
0
1329854
0
0
139996
419980
629928
139996
139992
0
2659024
0
0
0
0
0
69997
0
419976
1259836
279988
0
1539501
0
0
0
0
69997
0
6
0
839917
0
0
0
419976
69913
210905
0
0
0
0
69757
0
560020
419976
5
0
1259380
0
419976
0
0
0
209986
0
979887
0
489863
769465
0
1119856
5379636
559960
0
1467701
279988
0
0
419980
79416
0
69995
26
0
0
419986
829448
559966
69997
70007
0
139996
0
882
1399780
0
0
0
0
279990
6
0
0
802206
0
699940
279990
0
69969
69986
839827
0
3420221
0
0
0
0
0
209972
0
2938978
0
0
0
7133241
0
279988
279988
0
139992
139996
419976
0
4757740
419980
0
0
1539712
0
1
0
139996
0
0
0
279963
0
0
0
768397
0
3778768
139996
13
979860
0
279990
0
279988
0
209989
0
69994
279988
0
0
0
0
139996
2099644
0
0
12
0
139996
0
0
0
0
0
0
629943
0
0
3219020
0
0
4829111
0
70
279990
2099528
0
5
0
0
0
139996
279988
17371683
1819666
0
1539686
279984
421224
0
0
0
0
139996
0
3919097
0
0
35124
70012
0
0
0
0
139996
700033
0
559960
0
69997
419744
0
1589
280330
0
0
699952
0
0
0
279988
0
0
139996
69997
279990
0
419980
0
0
209839
2
0
139996
279988
0
0
279988
0
699940
0
175179
140465
0
0
139992
0
280258
0
279989
0
0
69992
0
0
489922
0
0
0
1
3358988
0
0
27
0
4478229
699978
17
83079664
279990
349985
0
0
139996
139996
0
0
0
0
279988
139996
0
0
139994
0
0
0
419980
0
0
139996
2
3
0
0
0
0
21072
0
0
0
0
0
0
60
139970
207204
10
979900
489791
69981
559825
0
419976
0
0
0
0
0
419840
6
4905563
0
95
0
0
0
0
0
0
419974
0
0
559960
559968
139996
0
0
280111
0
209992
69997
0
2379388
1259820
0
0
7
0
0
0
139762
0
41358864
0
0
0
0
0
2861132
349850
0
0
0
0
139997
0
0
1349569
1119870
699948
0
279974
0
0
0
0
0
0
419985
0
759727
559960
28286
32
0
46
17
0
1398968
0
139996
0
0
0
0
428820
0
279982
559952
0
420002
69997
279988
0
0
0
139972
139996
0
2231360
0
0
0
1609901
0
0
139996
3
0
0
0
0
69992
3217261
80565
279979
419976
279988
139996
0
139996
0
0
0
559966
0
2239620
0
0
0
0
0
0
3148212
0
0
0
126
0
0
1119880
350169
13
279988
0
0
419987
559970
909883
0
139996
279990
69997
0
279180
209951
0
0
0
1
0
419980
0
0
0
71479971
419951
0
0
419982
0
3988216
0
0
69953
0
0
0
0
0
2726059
700773
0
0
0
0
33120
139996
2
0
699948
0
0
6016040
0
69973
4897614
0
0
139996
0
70013
1749759
139996
122
0
70073
631902
0
279984
0
139996
0
0
0
419976
279988
69996
139996
0
209970
0
4687753
0
0
2939296
0
0
489991
699940
419977
139996
0
6
139996
979900
0
1259850
0
1119898
0
0
491087
139996
0
0
0
0
335
0
139996
139996
419976
279988
979900
1447412
0
59023
419976
71943
209611
1329793
0
0
419976
139854
0
559958
209976
139974
0
209988
139994
0
279984
139996
139996
0
0
380364
1469454
0
0
139996
5596798
0
419976
0
0
0
0
419976
139996
0
0
0
0
0
559492
61089
1119872
4128656
1609706
0
0
8600326
69997
69997
209955
0
3660
0
2519352
139996
0
979888
210533
70029
3987720
139991
69996
0
0
139996
419976
139888
69993
335217
279984
0
0
139996
0
0
0
279980
0
419938
700071
69993
0
139996
1
209989
0
1
419974
0
0
419980
1787457
0
419976
209972
69987
280233
0
0
1055
0
0
0
7974531
0
0
2345242
0
0
139996
73
0
139996
159
0
0
139996
0
0
0
279984
0
139996
6
1
0
0
0
0
1687555
0
9
0
0
0
3568572
0
0
769886
139996
0
0
0
71161
0
0
0
0
139996
0
0
140024
0
139996
559966
3
0
0
69995
139996
139996
139993
0
0
0
139996
0
139996
139996
0
0
279975
0
1259730
139996
0
139996
69983
0
6856130
0
69997
0
0
0
0
419976
0
69997
0
0
0
1959807
0
0
0
0
0
0
69959
0
839926
0
0
1
139996
1049853
0
0
839916
559959
0
139996
0
0
0
0
489944
769680
1119880
0
279990
772
0
279984
209964
0
1119880
139996
135862
0
0
69997
0
70035
10698354
0
0
0
1
0
419976
559954
0
4
419976
0
34
0
0
0
0
419976
0
699958
0
0
0
0
139988
0
280005
279990
0
279988
0
0
0
0
0
0
0
0
0
209881
490089
0
139996
279988
599
69998
0
0
0
209992
1399124
0
139996
0
0
139998
0
0
0
0
0
419736
0
0
419976
0
139996
0
139996
0
0
139996
0
489935
0
1259855
139990
3
13427073
0
419974
0
0
0
0
490233
0
0
0
979889
419976
209066
0
0
1119874
0
0
0
0
0
0
69961
0
0
0
1530
0
0
0
559978
0
565562
0
2069
0
419744
0
0
0
0
2
0
279990
0
0
0
139986
0
0
0
139995
0
0
0
0
0
139994
0
0
139996
0
1
7853
139996
0
140008
0
139996
419982
209979
0
0
349710
1259820
0
0
209967
0
0
2
0
559960
0
1
0
6711254
139996
139998
699958
4
559920
0
0
139996
0
279834
80806
1
0
0
139996
0
0
0
0
0
69991
0
0
0
209986
0
0
4
0
0
0
0
419940
0
1049869
0
0
0
0
5
0
419976
393694
0
0
0
69997
0
279990
0
0
69932
0
0
0
80849
139996
0
0
3079109
278836
27
0
0
0
2053687
0
0
0
279988
559946
0
0
559953
0
0
11
0
139996
0
0
0
1819716
139996
0
1329441
0
0
0
0
69997
279966
2029711
14466859
0
0
0
349904
0
0
0
0
1049758
0
209977
69997
0
139996
0
979908
0
140001
0
0
0
0
0
0
0
279990
139994
0
559915
0
0
0
139996
0
0
0
5665277
139996
0
0
69996
0
0
79098
0
420376
0
0
0
209952
280035
559960
0
69997
0
0
139996
769913
0
0
139996
1119067
0
0
10589245
0
69997
4
0
8
0
489954
0
279988
0
0
69991
0
0
0
279990
96701
419976
139996
0
139996
279990
0
0
0
139996
0
0
0
279988
0
139996
839934
699946
139996
0
279990
419976
0
0
0
279990
0
1049859
419976
2869029
13
559960
3
139996
0
0
173
0
0
6296415
279990
0
69977
0
0
26
0
348659
0
0
20
69997
0
0
0
0
349985
2379447
279988
69997
0
0
0
0
0
0
0
3
2
699871
0
559960
701594
0
489913
0
0
0
909835
0
419977
0
0
210041
69997
222
0
1119856
1539784
279992
139992
0
0
0
0
1048681
139996
0
139996
0
0
279988
0
139996
559968
0
139996
0
0
0
0
559956
0
139996
139996
0
280574
0
0
1119860
0
279968
1399758
139996
0
979902
0
1399790
0
140038
559955
0
0
69781
0
419976
559966
0
0
217
0
156
0
0
0
0
0
0
417732
0
0
0
0
0
279988
0
139954
0
0
69979
699785
0
0
0
1189395
0
0
0
2238398
0
69991
139996
110841855
0
0
0
0
8
139996
837264
0
0
0
0
0
140001
0
3982331
1
139996
0
700056
0
279990
1252693
0
279988
279877
350013
69994
2
139982
1043397
350461
0
0
1119871
0
0
69995
0
139789
0
139996
0
5107891
6
0
0
0
0
279988
26011575
0
559861
0
0
0
0
139996
0
0
0
139996
0
0
0
0
139996
139996
0
979920
69997
0
0
139996
140262
209970
839926
419976
0
0
0
139996
0
0
97611682
279988
279976
0
4754527
139996
0
0
70003
139996
139954
0
0
419980
6
139996
0
0
69946
69990
0
0
0
0
139996
0
3
69931
0
0
209991
349586
419968
0
1
69962
0
1676169
0
0
0
0
0
0
0
0
1329737
139994
2
5549881
104328
139996
69977
419976
139994
559966
0
139996
908874
1400038
0
0
0
139994
139996
0
0
279988
69999
69984
699940
908804
139984
0
2
279988
139996
0
0
0
0
210175
0
0
139996
0
419976
1399840
0
0
0
139996
0
0
0
20
0
139996
0
979874
7552196
209989
0
69992
179
139988
0
489955
0
69997
139996
139996
602624
0
0
0
0
0
0
0
0
0
839927
1259878
0
0
0
0
0
0
419976
0
279988
0
0
0
559960
0
559960
0
1679604
0
69976
0
0
0
68
0
0
0
0
69998
419976
0
26
209981
0
139996
0
0
0
0
279982
559946
4336396
559941
7798171
1329814
0
210027
0
0
139980
0
351177
0
0
139996
279988
0
0
0
69995
0
1259820
0
349989
0
0
0
69996
0
0
0
419980
0
279998
209882
0
280078
0
0
0
280122
139996
0
699948
209993
0
699940
0
69995
0
0
1749568
0
284077
0
10411566
1119872
279984
0
4
139999
139996
0
139996
27099488
0
69990
139996
0
979888
1026739
0
699948
279981
0
0
0
139996
139990
0
1819724
1538017
0
279988
0
0
0
0
1539706
116760
142368
0
69993
279951
489938
419976
0
15927249
1475193
0
1119858
0
0
139996
0
11886492
69996
0
0
1042437
279920
0
279982
69996
0
0
0
18
279990
69687
5994
0
699947
0
0
139990
0
209844
0
0
139996
8533224
0
0
0
0
0
0
139996
349979
0
699940
0
279976
0
0
139996
0
1
163592708
0
139996
0
0
0
0
1819743
489963
279988
3358888
0
0
272
0
209985
10
0
839926
0
279885
139996
0
0
279988
0
839917
0
0
2519086
0
0
139996
0
8919257
0
83534
769509
699942
1
0
139996
139996
69997
0
0
0
69610
0
0
0
69906
0
139996
0
0
0
279988
419976
279988
0
135544
0
1
349956
0
0
0
0
376
0
139996
139962
0
279988
0
139996
4
69861
0
419974
0
139996
839926
0
0
0
52909
2799412
279990
0
2
699940
0
419853
0
0
1609683
0
0
0
140006
7542549
1
0
69997
0
0
209751
0
70013
0
19
0
144572
139968
0
0
1959600
419980
0
0
279988
139996
139996
559943
0
140426
0
839916
0
1815500
0
419976
0
0
0
0
279988
0
1539743
199
279984
0
69996
0
139996
10351758
0
748919119
139996
0
0
699952
0
0
0
909967
46
69995
139916
0
419980
560972
0
559944
0
0
0
0
1
6
0
0
0
139996
69985
0
0
419974
0
0
699948
0
209992
0
0
8
1399867
1259820
0
0
279716
69996
0
0
139997
0
350463
0
0
13
69996
0
2120784
139998
0
699952
18762
0
1959652
139996
0
0
0
0
0
32947461
0
0
0
420018
0
839926
209991
30
0
419976
699952
139996
0
279990
0
0
0
0
1049868
4408059
0
0
5
280026
30155622
0
14
0
209985
0
29166
419976
0
979891
3
0
0
0
0
0
0
0
9024050
0
0
279984
1259704
0
0
279988
139996
69764
5
0
0
69925
0
0
279969
0
0
0
0
209983
0
2099615
1473636
0
0
4
0
139992
0
0
489959
0
0
139996
0
279966
6657
0
279976
1259862
139967
0
214049
1
139996
0
0
0
2172217
0
977312
0
279988
279988
0
0
70644
0
419980
0
699758
0
0
279968
