1
1
1
1
1
163
242
1
1
1
1
448
1
1
354
828
1
1
247
1221
1
1
1
101
1019
1
2
1
759
1
144
1
918
1
1
318
1
730
1
10
835
351
779
1
353
1
2
1
1079
1
253
1
906
500
487
1
242
1057
1
1
807
1310
1
1
543
1
1
1
1
1
1
1336
1
1
1
1
258
224
1
1
206
1
1
1
1
1
1084
1
1
1
1
747
1
1
1097
1337
2
1
604
49
485
710
609
167
494
1
1
1
1232
1
1
126
1
1
1
1
835
1192
1
1
1146
605
695
1
1
1
1
1
1
1
1
1
1
1
1
1
1
1
1
1
1
129
1
1
1
130
2
1
1230
930
618
1
473
650
1
1
1
1
78
1
257
1
1
896
1
271
114
1
1
1
641
1328
1
708
2
196
1
1214
1
57
1
1
1
1
1
72
2
834
1
1
1203
411
1
1086
1
1299
1100
1
1
13
1
1
954
1
25
1
1
434
1
1
1
1
166
2
417
49
1
1
1
1086
1
388
599
1074
1120
695
1
2
1
190
1100
1
1
119
112
1
538
1
1
1
1
1
1
924
876
1
1359
2
668
1
1
1
1
2
1774
1
1119
1
601
1
1
1
1
41
1
1
469
753
1227
1
1
1123
1
495
1
263
1
1
138
514
3543
1
1
3
2
1
114
87
1365
1
798
21
1
1
1222
1
1
1196
1
528
2
1152
987
750
1
1
5296
1155
1
1
1
1
1132
1
1
213
1
1
1
795
1
2
1224
1
1
1
1
169
249
1
1
1
1
1
1
1
1
1243
1085
1
1
1
1
13
1
2
1
1
1
738
341
88
1
1
1
2
1
1296
1
10
469
159
1
1
545
312
1
1
2
2
2657
1
1
321
149
134
1
1
1
1
1
1
1
122
1
1
506
1
1
473
1
1
580
695
1099
1
985
37
1
1213
1066
1
100
1
1
418
1
1
1
1
1
383
1
1
2
57
1
1
1
255
1
38
927
1
2
1
1
353
957
610
987
678
1172
550
1
1
775
454
1
847
502
1
1
396
727
1
1023
247
2
1
1
1
683
1
1
1
1
1
1
1
1
269
261
1
2
1
1
1
1
1
159
1
1
3
537
481
17
1108
1
91
1
727
305
1287
1
1
1
1103
1
1
2
1
2
1
1
1
1
1
1
1
1
1
1
877
1
1
1
1
57
1
1
49
1
1
1
1339
1
1
1
2
718
1
393
1
1
10
1
400
1
2
510
1
1
911
1
1363
1
1
1
1233
1067
1
1
1
2
1
2
1
937
1
1
1
41
1
1
672
1
274
1
1
1
764
2
1
368
568
259
2
964
1
1
1
1
1
2
1
1
665
1
405
1
1
1
1
1
33
1
1
26
200
1
1
1
1149
1
169
50
466
1
126
1
1
305
1
1
1
1198
1
1
1
1
847
1
1146
1
251
541
1281
582
545
1
1
1
2
1
2
2
1
1030
981
285
1
2
1
1
2
530
1
1170
412
1
1
1
1
621
1
2
560
1
1
1
31
17
390
260
198
1
2
1
1
290
488
1
1
1
1
1
1
1
1
1
859
1
1
49
1
1
2
1
1120
12
1
235
1
205
1
506
1
1221
1
1
933
1
1
1349
1
1
727
2
1
1131
1010
1
437
738
1
1
1002
1
1
1
1
1
1
237
1
1
1196
387
1
1248
160
1
1
1
63
1
1022
1
1
1
1
537
392
573
1
2
1
1
1
1
2
76
1
1
1
1
1
1344
162
1
1265
425
1
1
133
1
2
1
23
1
1308
334
1
1
442
487
2
616
1
1
1
1
1
1
879
1
1
776
1
1
760
1
386
1
51
1
1
1
1
258
1
474
549
1
1
503
1
1
2
2
545
1
1
1
517
1
959
713
1
1
1
2
1
1
1
1
2
723
1
523
1195
148
1
355
1
2
1
1
1
591
49
1294
722
1
874
1348
1
1
1
3
1
761
1
1
1
1
2
1
477
1
1
1
163
1132
1
1
1
1082
735
1
1
1
123
164
2
1
939
1222
1
1
1
1
213
1
1
89
137
43
1
948
1
1
1176
1
2
1
1
1210
1
1
1
152
1
445
1
1
1262
1
82
1
1
1
1
1
772
1
76
1
1
1
1
1
1
1
343
455
1
1
1
1
432
1
1
1
1
376
1
3032
1310
1
17
2
1
835
1
1
1
1
1
592
1
1
288
1
1
1
648
573
1
1
1
1
240
916
1121
370
1
1024
386
1
844
1
1
1
1
1
1
1
329
1
456
1
1
1
1
650
1
1137
841
785
481
911
1
1
2
1
1
2
1
716
1
1
1
800
614
1
1365
1
1
2
1
1
1
2
1
454
1
1
1
1
1337
2
398
1081
480
1
1025
1
2
1
1150
357
1122
1
1
1
716
1
1223
368
1
1
1
2
410
680
125
1
1
1
1
545
8
1
1330
1
245
1
768
587
1
1
1
862
1
2
192
784
1
2
1997
1
577
1
1
4328
1210
1
1
1
267
1
1114
12
1
1
840
553
1
1
1
1
2
1
1229
1
2
89
1
371
1
1
1
1
1
480
195
1
1
1
560
1
1
1
1
1
1
1048
21
2
1
442
1
1
1
1
1
1
1
1
1
505
1
713
1
757
1
358
590
467
656
1
1
120
93
95
263
1
1
1
1
320
1
1110
480
2
1
1
290
1025
245
1
1
1351
1
1
1
1
1
1
1
1
1
1
1
1
575
1
291
566
324
702
257
1
1
1
1
289
1
630
805
1015
1
1
25
4940
284
1
127
1
1
1
952
1
1
1
1
367
1065
769
1
939
1
1
1
680
1
395
1
1
1
1
373
1
1
439
2
1
1
1188
1
1
255
1
1
1
1
1
489
1
1
789
541
132
1
1
1
1
572
28
1
1
1
1140
56
2
264
2
1
1
455
1
676
1
457
1
1273
2
1
1
696
1
1
1
1
1
238
1
754
518
2
482
337
1
910
1
1
45
63
1
169
1
1
1
1
127
1
1
1
1295
11
704
1
1
1
1
1
58
1
1
3407
350
1299
872
1
2
88
348
1
1
1
1
1324
1
1
2153
1
58
1
33
1
1
1117
1
1
1
1
2
720
801
1
1
408
1
1
1
602
1
2206
1
1
1
1
1
182
803
1168
1
1
1
2
1
1227
1
244
1
1
1
1
1251
1
1
821
1
1
1
167
1
1276
1
1
1
1
2
375
2
1
429
1
349
756
1
1
1
1
1
61
182
328
1
1
1
1
3
1
252
2
1
1
106
787
2413
886
102
1
1
1
1
88
983
551
3792
1117
34
1
1
1
1
1
1
1
696
1
1
69
1
1
1
1
1
2
377
1
1
1
1
1
1
1
129
124
2
1
1
538
1
454
156
199
54
1
1
591
1
1101
1
1
1
1
232
1
1
1
1
1
153
1
1
1
1
1
1
1
34
1
1
1
1203
13
751
1
1287
836
1
798
1
1
1
1
1
2
1173
3
632
1
1
687
979
1
1
1
1
1
2
1
1
1
1
851
2
307
749
2
1
572
123
771
1
1
1
1
1
1
1353
1
472
1
1
1191
2
1
1
1
1
1
1
2
1
1
721
1
1
1084
1
398
444
1
1
1
646
293
1
146
1
1
1
1
27
1
1
409
1
1
1
1
79
1
1
146
175
1076
1
2
985
1
1
1177
1
1
1
1
129
36
1
1125
1
1
1
1049
1
910
1
909
724
1
1
1
97
1
1
1
1
1
1
1
1
1
1
1
1
90
1
1149
2
1
1
2
1
180
1
1
1
1
2
1096
1
645
833
1
1
1319
1335
900
1
1
1
859
64
438
547
1
581
471
1
424
1
1
1
1
1
1
1
2
1254
212
721
550
1
1
1
4592
1
86
112
1
551
678
1022
1
1
1
1
678
898
913
940
1170
2
2
974
1230
3
1
1
300
432
1
1
7
1
965
2
59
1
562
1
1
1
186
4
1
1138
1
818
1
1
1
593
1062
247
570
1242
1164
1
1095
1
337
1
1
1
1
677
425
403
1
1
1
627
1
563
1404
1
1231
1
1
884
1
2
1003
307
1
1
1
681
1
275
1
1
1
1
253
1
921
967
1
1
1
7
711
563
1
1
1
110
1
1
1
113
1
120
1
1
1
1
1
1
1
1
55
853
1
12
1
1
1
1310
1
1
1006
2801
2
1
1
1
1
394
1
1
1
366
1
1
1
1
1
208
476
1
857
326
1
1181
1028
670
1
1
1
1
2545
1
1
1
1
890
803
1
1
1
1
522
208
1
1
1
1
651
1
3
1
916
1593
459
1
960
1
1079
1
2
1
52
1
1
1
1
1
1
1
265
476
1
366
1
1
1
735
1
1
1
1
1
1
1
546
1
1075
1
2041
141
1
1
1
58
716
1107
1
312
694
1
1
142
356
1
1235
1
1
1
41
299
1
1
94
1
1
1
1
1
1
1
1
1
798
2
1
305
332
663
956
1
1
1
2
2
258
1
634
109
1
1
1
1
584
1
1
1
1
1
1
591
1
1
1
766
490
1
189
1
744
1
1
1066
683
1
237
2
1
1
1
1
1
2
1
1
1296
109
1
757
1
1
1145
1
591
1
1
1
1
587
1
29
1
1
1
35
1
611
1
1
76
3623
1
2
1
2
1177
551
215
1
1
1077
119
1
1
1
1
1
808
734
1
2
1
1
2
2
203
1
1
2
1
346
1
1172
696
1
1
1
1078
70
808
1930
2
1
136
1
1
565
1
1
3
213
1
1
1
1
1315
1
1
1
1
2
1
1
1
1
1
1
694
1109
607
1
1
1
1
1
23
438
1
1
1
943
1011
1
1
1
686
97
2
407
581
438
1
1
1141
1
830
1
1
1
1
903
1
782
1016
1
1
1
1
687
2
1
1
1
4985
881
1317
1275
1
1
1063
1
1
1
1
2
69
434
1
1
919
1161
1
1
1
1
263
1
166
1
210
56
1
265
1144
179
2
1
1
1
1
1
1
1
808
1
1
22
622
716
393
1
1
2
1
1
1
530
1
1
109
1
1
1
224
1165
1
1
1
2
1
1
1
1131
1
294
67
2
767
907
1
1
404
746
1
1
1
1448
1
262
1
708
896
1
847
1
761
55
1
634
1200
1
1
1
1
1
1
1
1
53
1
126
1
1
1
1
1
1
1
861
948
1
49
1
1034
1
1
1346
1
1
556
1
128
1
1
1
824
1
1
1
1
338
1
1
1
1
1
347
1
1
1
41
1248
1362
1
1
1
44
1
777
9
802
190
1
144
1
721
703
1
1
1
1
1
1
1
1209
1
1
1
1
1
1
580
1
2764
1
1
1
1
1
1
1
2
1
1
158
1
677
563
1
1161
599
1
867
1
1146
1
1
1
1
1
2
1
1
1
373
1
1
2
1
1
1
117
1
1
270
757
220
498
1
811
1
1
394
718
1
1
1
855
1
1
1
1
1
1
1
1
1
94
1134
1
1
530
15
1
1
1
1
2
38
2
1
1
1
1
775
390
802
1
725
1
728
1
1
1
1
869
1
1
1
3
322
1
1
695
1
796
1
1
392
1295
1201
1
595
1
1
464
622
1
1
1
1
1
298
536
1
248
4448
195
245
1
1
496
1
5067
1
1
1
1
1
1
2
1266
1
132
1
1190
219
517
2
1341
457
56
375
1
679
1
389
1
1
1
1
1264
1
1
209
710
524
656
1
1245
1
2
201
1355
1
1
117
964
1
1
694
309
1
1
902
1
320
243
1
1
1177
216
3035
1
193
1157
1173
1
805
1
1
1
719
4
876
1
2
1
1
1
274
595
43
1346
790
1
261
1
1
2
1
1
1
1
149
343
1
1
1
2054
298
1
1
1
730
662
2749
1
1358
1249
1
1
2
1
1
732
1
934
2
200
221
1
288
1
1
1
242
427
1360
104
1
1
1
1
1335
192
1
514
129
1136
1
61
1
1
1
1
605
779
254
1
1
980
1
700
1
1352
200
1
1111
1146
271
1
503
1
403
655
1169
1
716
108
2
377
1
975
1
106
1190
1001
1
965
1
1
328
719
1
751
1
1
1
738
1
1
1
1061
3
1
1
169
344
1
229
1
1
28
1
1
2
511
1
1
1
1
1
1
1948
947
1
595
721
1
1
280
1
1
1
2
2
1
1
1898
331
1
1
1
98
1
1
1322
1
1
63
724
1
251
1
1
1
1
355
46
188
1
1
768
363
1
1
1
1
1
250
1
1
114
1359
1
1
1
1
1
1
1
190
1
1
1
1
1
292
1
1
571
1
1
1
716
1
1
1
1
1184
1
1
247
1
1
955
1
1
1
1
1
1
1
2
77
146
1
201
348
1
1
27
1
1
999
2
622
2
1
856
1262
1
1226
1129
1
1
1
1
1
1
1
89
1
1
1
173
1331
1
637
1144
1
23
874
1
1
1
2
2
459
1
1
1
1
876
1
1
1
1
240
144
212
1
2
36
1
1220
1
1037
840
27
1
501
1
1
1
776
1
1
507
1
1
95
1
1
1
1
1
1471
1
1166
894
1
1
1
285
1011
1
401
2
947
1
1
273
1
1
1
1
2
1
1
1
1
1
1
1056
1
911
724
1
1
1
1
471
1
1
52
1
1
48
1
1
1
1
257
2
8
1
1
943
1
301
1
1
1
1
1028
1542
520
1
1
1169
1
1
1
2
203
1
1
1
1
1
1112
1
1
1
2
1
422
1
1
3399
1
1
1
1
895
1
1
1210
1
1
1
1236
1
1159
842
1
2
1
1
1
225
1
1
1
402
1
1
1
673
638
239
1
2
290
1
949
2
1
53
1
667
1
547
1
1
1
1
837
1
1
253
1
823
1
1
1
1
467
1
1
1
1
1
861
1
2
1
321
340
145
2
1231
1
1
1
1
1
1
1
2
1
1
729
1
1
567
1
195
473
124
548
181
358
1
184
349
1
1
1
1
595
1
1
1
1
41
1
1
883
1
1
225
1
1
1
189
2
1264
1
678
1
874
620
152
1
1
45
1
1
1
2
248
1
1
1
100
165
2
1
1
1260
1
625
1
1
1
1303
1
591
2
1
1
1
590
1
1
1
1135
982
1092
1290
1
1047
1
1037
1
1
195
1
1
284
1
1
1
560
1
217
1
1
1
1
1
1
1
1
1
1
1
1
1
52
1348
1
423
2
1
1
1
1
1203
1
1
1
2
285
538
2
1
35
152
1
1128
377
84
1139
1
1
406
455
906
2
1
1
1
1
573
206
1
1
1
1
626
1
381
61
493
1
1197
250
933
1
1
93
2
1
1
1
1
1
1
1167
179
257
1
1
509
1791
1
1
1
862
1
1099
1
1
1
265
545
713
1
373
2
41
1
1
1
1
1
943
1
1
321
1
1
1277
1
1
1
1
1
922
656
1
1264
2
1
243
1
1
1
1
1
1
1
1
1
39
1
1198
1
729
1263
2
1
871
726
1
1
985
1
1
2
1
1
1
177
1
1
669
1
29
2
1
2066
1
1206
899
1
579
554
1
1
1
1
1
163
1
599
164
2
1
1
1
191
345
1
1
1
1
1
1123
1
1
3958
1318
1
1
1
130
268
1
103
1
1
857
1
396
1
438
1
727
1039
2
1
1
1
707
181
812
1
1
1
1
328
1
983
1
2
1
1
180
1063
1
1
299
2
3871
451
1
1
218
1
1
1
750
1226
1272
140
1
1
351
2
1
1
624
326
2
1
655
1
1
374
1
1
1
1
977
1
16
1
671
284
532
1
1
245
1
2
1
215
1
1
758
1
203
1
1
1
544
1241
228
507
1
1
1
1
1
2
1
1
1
1
608
1
1231
1410
1
1
1
1
3
1
1
1
1
1
1
1
184
1241
1
701
240
247
597
842
1
391
1
822
1
1
1
1
475
2
264
1
1
566
1
1
277
251
1
18
121
1
2
1
1
4
1
1
1
373
76
131
634
1
1
1
943
2279
1
372
1247
2
1
708
1
1
62
1
811
1
1
1
922
1
1
1
1
1228
1
227
1
1
1
576
1
1
240
2119
383
1
1
1
1
2
1
2
678
1
561
1
1010
1
1
1
927
1
1
2
475
1
1
1
1
1
2
1
300
1
1
1352
1
1633
1
2
60
1
1
1
151
190
122
818
897
1029
416
1
1
851
1
1
392
893
1
1
1
467
191
461
1
122
2
513
1
363
2
1
1191
833
888
722
1003
2
1
711
1
2
1
133
1
230
1
1
1
2
1
1
1113
1
1
1
1
1
92
608
1
1343
1
1
1
1045
2844
438
1
676
2
1
1250
1
1
1
1
1
393
1260
1
1347
1
469
1
90
1
1
1
267
1
1
131
1
1
1
2
1
374
5
1
1
1
1
1
1
1
239
1
1
1009
1
674
1
1
1
1
1
691
222
1036
445
1
1
1
1
562
1
1
1
74
168
1
1111
1126
2925
1
1
1378
1
1
5631
1
136
622
1
770
1
2
2
367
351
1
1
1
1
1
300
782
1148
1
1
490
239
1
1
277
1
1
1
146
543
1
1
1347
1
1
1
1
1
2
2
1
794
967
1
1233
1
1
2
1
1301
1
1
1
1
2
1047
1
844
280
869
1110
155
1
1
1
1
1
6915
319
4496
1
1
1
1
1
30
1245
1
1
1
1
342
4
1
1
1
2
1
1
838
1
1
1
1
196
762
2
1
1
784
1
1
1
1
1
1
1
907
1
1
177
1
1
1
1
1
868
898
1
933
1
1
1
1
94
1
1
23
1
1
572
1
1
1
1
1
1
891
694
1
1
1765
1
53
2
1
1
1
1
172
2
176
316
1
1
199
1
1
1
1
911
1
365
119
728
1
1
51
2
1
1
817
1
1
1
1
869
1
792
36
1
1
167
985
622
1
1
47
1
1
1
1
1
1
816
1
1
1
1
665
958
227
774
1335
1
1
1
1
526
1
953
599
368
1
1364
1
737
72
2
320
1
2
1353
1
1
1
1
1
1
1
1
405
1
1
1
1063
221
266
2
1
1
1346
1
1
1
1
1
3
3891
1
1
1
1
300
2819
1141
1
1
1
1
1
1
639
8
1
1
106
1
2
1
715
1152
1
1
222
1
1
163
488
1
148
1
1
2
1
1261
1
1
691
66
737
1
938
1
1348
1
1
1
1
761
1
1
1
1
3
521
23
12
446
2
129
1
1272
1
1
1
1062
1
1234
858
1
1
1
631
1
1
602
1
1
258
43
1
334
1
1
1
1
1
1
2
1
468
941
1
816
498
338
1
1
1
1
97
1
229
1
118
1
1
694
680
1
55
1
510
218
1199
1
1
928
1
2
1
830
1
64
1
1103
35
1
682
4
1027
1
1080
1132
4842
1
486
897
1
667
1
1
1
1
708
1142
1
1
1
435
61
1
1
1
1
1
1
846
1
41
1
2
1
2
477
1
247
1
56
1
1
1357
1
1
1
1
301
1
1
1
481
1
1
1
1
1
432
304
692
1
1
1
1
1
105
2
1
1
2
2
864
783
794
71
1
1
1
1
1
1
1
1
1
1
1
788
1
1
1
1
1
421
1
1
1227
1
1
1
1
1
2
1
1
1
1
1
1
1
1
341
1
1
154
70
1
629
1
1
1
1
1
2
114
1
1
615
154
1
1
1
125
1
1
45
812
1
1
606
1
1
1
1326
1
1
676
1
1
1
1
1
1
1
1
86
460
1
1
1
592
599
995
186
1
1
2
1
909
2
1
277
1
1
440
1
225
1203
270
1
1
1114
2
1
1
1
1
1
306
1129
964
933
1
713
1
1
740
1
887
834
2
351
77
1
1364
788
147
1
30
1
1365
1
1
87
84
1
322
1
857
1
2
112
1
836
1099
2
1
1
324
433
1
1
688
1640
1
1
1
948
1102
116
666
1
71
1
1
1
2577
329
579
6
1183
1
1320
1322
1
1
1
1
1
1
1
415
170
1
1
1176
1
895
102
445
226
1
283
1
1
1
308
1
1
1
2
395
1118
1
1
1
1309
1
783
1
158
486
1
583
213
752
1
1273
1
2
1
1
1
1
128
1
1
1
1
788
6
1
1
1
1
1
1
338
1
1
1
338
178
1
1
1
1
1
1
1
1
1193
77
2
1065
614
1172
1
415
971
1
787
1
1
1
637
1
1
1
223
1297
1310
1
509
2
1
1
1
918
1154
1
733
2
1
1150
1
1
1
1
1
1
326
1
1
211
672
1
1357
1
1
924
1092
953
1
1
1
1
1
1
1
1
248
1
1
1
1
1
1
1
1
1
289
1
1
600
948
1172
1
39
885
188
1017
212
1
2992
1
1
1
1
1
1
1
269
1
728
1
1
1
1
1
418
1
1
1192
1
181
1
1
1
1303
1
1
1
2
1
1
1
1
1
1
1
1
211
2
1
1
1251
1
4
1
1
1209
1
1
800
1
1
1
1
1
1
733
958
1
1
389
1
959
1
1
5865
1
1
1
1
1
1
1212
1
1
1
1
2
2
1
271
1
2
1
168
627
1
788
1
1
662
1
1
216
40
1
822
5
1
1
956
1
1
1
42
975
2
1311
1
1
309
2164
1
1
76
193
1
1
2
926
1
1
1
1709
1
1
284
286
1
2
1
259
1
1
1332
330
1
597
1178
333
1
288
946
2561
1
1018
1
2
1
2
173
1
1230
799
1
1
1
3349
1
456
1
1
1
314
992
2
2
318
1
1359
302
1
1
1
1
1
1
1
1
1
600
602
1
154
963
1
1
1
1058
2
500
1
2
646
1
1
1
1
841
402
1
766
1
1
1
1
1
179
297
356
1
767
1
1775
2
1
1
833
1
1
1459
1
1
1
1
1
995
2
1
1
1
1
1
2
2
1
1
1
1
1
1001
2
1
1
1
1
403
1
1
2
413
1
1
1
1
921
2
1
96
1
1
1
387
1
25
1
1
1
1
2
1
543
1
1
402
1
1
47
1
1060
1
2081
1
2
1
679
296
1335
1003
1
496
1
1
1
1
1
898
1
1
1
1
626
107
1
1
128
1
2
1
743
1
1
1
1
483
1
653
599
1
1
741
212
691
2
1
1232
1
1
1
8
143
2
128
1
1
1
1
111
1
1
2
1
338
1
1171
1
711
1
1
1
1
1
203
1
264
464
314
1
471
1
1278
1
1
1267
1
1
1
35
2
429
554
490
2
1
1
1
1
1
1
1
1
4261
1
1
751
1
1
396
1
501
271
1
1
1
1
1
1164
1
1
2
1
1
1
7
116
274
782
1
1
1318
1356
1
20
1
1
351
1
1
192
1
403
1
1
1
2574
1
1
2120
189
1
1
753
558
1
1042
553
981
707
1
1
94
1
597
1302
1
1
1
1
1
1356
1
1
845
1
1285
2
706
625
943
1
1
1
1
485
1
1
1
2
1
1
1
1
52
1
958
1
1
1
548
378
1
2
1
713
1
1
1
2
1
923
1
1
1
1
43
2
1017
1
872
681
1
1
1
1353
1
1
1
1103
1
273
1
1
1333
2
1184
1
1
1
1261
1
600
888
1213
1326
131
2
1
1
178
1
1
1
852
1086
1
1
1
243
1
1
634
1
2
922
1
1
602
1
1
1
1
1
184
1122
378
1
1
2
1
4
1
788
1
1
986
1
407
785
2
1091
1
270
1
1
1
1
1
531
1
654
1
221
1
1125
1
1
1
1
291
2
1
204
1
1
1
1
1
1049
341
1
1
1
1
1060
1
1
370
1
1
1
1
1
584
1
1103
1
2
72
2
1
1
631
1
1
642
449
1
923
1
246
683
1
1
1347
2
2
1
861
1
864
1
1
1009
189
13
1201
1
1
1
1
1
184
1
1142
1
122
799
1
1
2
1
1
1
95
577
1
434
1
1
1
1
1
1
2
296
413
1020
1
1
746
2
1
1
1
1
1
1
1
1086
891
3
1
2251
1
1
1
548
2
1
2
2
1
1
1
823
730
4091
1216
1
249
1
42
1
1117
1
1
2
1
1
261
1
1
1
1
643
1
425
1
1
1
1
1364
650
1
3013
1
39
1
831
1
1
462
1007
1221
1
1
1
1262
1
1
1
2
1
57
1
61
827
2
1
1
1
1
1
758
45
1
1
1
1
1
673
271
1
7
1
1
1
1
1
1
1
1
239
723
481
1
1
183
1
1266
1
1
2
2
1
1
1
1
1
2
1
236
1
1
617
1
1
1
1
401
1
1
1
1
536
1
1
1
1
1
1
313
672
1
15
1
1
1
725
1
2
960
1
1
2
1075
1065
156
174
1
485
1
1
1
1
1
1
1
1
238
1
1
1
1
1
1
1
1
1
1
2
1
947
1
1
1
1
1
1
1042
1
1
2
1
1
938
1
1
1
984
2
472
1
653
1
1
1113
1231
1319
498
81
1
1
1
227
951
1
1122
1
1
1
1
138
272
764
221
1
630
10
58
1
1
1
1
2
1
1159
1
1
1
1
1
1
403
1
1
1
1
1
1
1
1314
161
1
620
159
1
389
1
1
1
1
1358
1
677
1
1341
1
356
1086
1
1
1
299
993
1
872
505
799
1
1
1
1
22
1
2
1
1
1
1
2
1
1
6
2
1
1
1
1
1
1
1
1
2772
233
16
380
1
1
1
1
1
1
1
929
2
1
1
866
2
1
962
2
1
558
1174
425
51
1
1
1
2
1
34
1
1
247
908
1
944
1
1
1
1
1
1326
551
2
1
1
1
1
1
1
5
2
1084
1
1
103
1187
1
208
1
554
1
1
1
179
113
1
1043
1
451
2
351
1
1
1
105
2
1
1
1
1
529
1
1
833
1
1
303
1
387
1199
1
1
658
604
1
1
1
1
791
1336
1
1
1
1
1
1162
122
372
292
1
1
1
593
1
1
1
18
1
1
1043
421
1
1
1
1
1
1
332
1
1
1072
1
1
513
1
732
397
1
2
1
1
1
408
1
1
1
2
863
1158
653
1118
2
1
1353
1
1
110
1
1
1
1213
1
770
1
114
1
1
1
1
1251
213
1
176
1
247
1
1
1
449
435
1
1
1
1
1
1
1
1
1
1
1
1
8
1
2
1
1
1
34
541
1
1
1
1
1260
1
1
1
818
1
885
34
1
1
1
1
235
1
198
2
1
1
69
2
635
1
1
1
38
1308
1
1
1
1
245
1089
1
1
1
1
1
1
1
1
204
1209
1
1051
289
1
1
1
1
1
1
1
1
79
729
1
1
1
27
1096
1080
699
1055
875
319
830
1
202
1
1
392
653
1
1
3
106
1
694
2
1
77
1
1
1
1
1
1
778
1
2
304
2
821
1
1
1
1
128
1
2
1485
1
1
1
976
1
1
912
1
1
2
289
1257
1
1
784
1327
1
1
1
1
1
2
650
225
1
181
1
1126
1
1
1
1
1
898
1
1110
434
1
5
1
2
158
1
850
218
1
31
1
1
544
986
1
951
600
1
1
1
1
1
1
910
1
365
612
596
2
1
1
1
1501
1
322
1
1
1
2
191
888
1
1292
510
1
1230
1
1
677
1
1
1
67
301
1
1
1
974
13
209
1
875
2
1
1
1
1
783
1
1
1
1
1
1
611
634
252
1
1089
1
116
1
229
974
1
1
841
668
1
1
2
1121
1
374
611
1
1
1
695
279
1
1
1
152
1
659
1234
1
689
1
1
1
1469
1
1254
803
1
3
1
1
2
1
734
1102
426
265
1
152
1
25
1
1330
1
265
7
1205
1294
1
1
1
1
1
1514
1
1
1
1
508
394
438
1
1
701
1
85
346
1
428
1
1
620
2
402
1
168
2
647
2
1
710
1
666
1
337
1253
567
218
1
1
1
1
157
1
1
1
1
1
1
2
2
1
1
614
1
3
741
2
28
1
642
180
1
1
1
1
2843
1
898
1
94
1
1028
1
320
1
1
357
1
537
1203
629
1
1
1283
204
1
1
3
331
862
2
1
740
2
432
1
697
1
1
1
2
1
351
39
291
1
495
1
577
1022
1
1
1
1
779
1
1
2
979
969
1
311
1
1
382
653
1
1
342
1
1
1
1307
1
89
1200
1
1
1311
1
1034
1
1
1
234
1
1
1
2
1155
1
1
1
1
378
1
1
104
1
559
1
1
1
951
1
1
1
1
1
1
1
305
1
20
25
1
1
1
1
1
1097
1
652
1
1312
189
83
2148
664
1
1
600
1
411
1
1
1
1
50
252
1
221
225
352
1
1336
1
1
1
1
873
1
573
481
1
688
36
1244
2
1
1
1
1
681
447
1177
1
1
1
129
1
2925
597
1
1
652
1
1
2
1
100
1
2672
1284
1
1
2
1
244
1
453
1
1273
2316
158
1
243
693
289
922
1
1
1
1
1
19
1
106
1192
1
1185
1
899
1
1
2
1
1
362
1
1
1
387
478
1190
1
706
1
528
1
1
1
1025
928
2
1
2
781
670
362
1059
2
1
441
1
476
1291
1
1
1
1
1
857
1
564
443
279
284
1231
483
1
1
1
1
365
1
1091
1
1
1138
1
1
989
654
1
233
267
1192
1
1
1
205
1
1
891
2
351
1128
1207
1
773
500
285
1
562
1
1
1
2
849
2
604
2
194
1
1209
1
1
377
1
1
1
668
679
1
1
1
799
794
258
1
1
162
2
1
359
1
1
1
1
1
1
1
128
1
1
1016
1
1
2
179
1
1
1
1
1
268
1
1
597
712
1025
368
774
1
1058
915
1
1302
366
450
1
1
998
1
1
1
298
285
1191
1
1
793
711
510
984
492
876
1
1
3253
1
1
686
75
848
1
1
1
1
1
1
991
1
1
1
211
1
971
1
1
1162
592
1
139
1
1
2
1
501
18
1
312
205
671
728
1
1
1984
671
1169
284
1
1
1
1
607
394
1
1
1
1
119
1
1
2
197
2
1
1
1
1
1
68
1
2
488
322
1
1
331
2
2
1
115
2
58
1
1
1
1029
687
672
2
1
953
1
1
60
188
2
1
1
1
1
376
512
1
481
1
10
643
373
1
1
1
1
1
104
1086
1
1
766
1
1
1
2
1
687
1
1
1
1
1
688
1
1
2
925
453
1
1
145
1
612
1
109
225
1040
1
764
87
488
74
1
1
1300
683
1
1
1
1
2
1
1
108
1
135
1
2
1
1
1
1
1
1
70
1052
1
1
1
1
574
1
1
1
1
325
981
344
1
675
1
1
128
5
1139
2
1
1
1
337
405
1
508
1
1133
66
792
2
1
1
1
559
1
571
2
2
460
1
1
1028
1068
1124
2
1
1
1
1
1
181
340
2
2
1
1
2
351
1
220
1
1
981
1
1
1
1
3030
955
1
122
1
167
259
257
620
1
1348
1
2
458
1
45
1
1
452
1
1
1
1
58
1
1
445
1
1
1
1
1
868
78
456
1
1
2
1
807
1
1
1007
174
103
231
1301
1
1213
1296
516
260
1
1
123
2
1
1
2
1
1
1
1
1
1
1
1
1
660
1
2
1
1
692
1
1
1
590
425
1
1
1
1
1
1
1
1
1
135
1
1295
126
1839
287
1
215
1
837
1
1335
1
103
1319
1
1
10
1
1
1
1
1
87
1
2
1
1
1
2
1
1
1
671
1
1
1008
1
1
378
1
1
930
69
1
1
813
690
1
1
1
1
1
1299
1345
1
1
1
1
1
208
607
1
1
522
1
1
51
1
1
1
1
1
2
956
1
1
1
1
1
1
1
914
1
689
2
1
1
1
1
708
138
1
864
178
1
543
1
1
1
2
1324
60
1
767
1
183
2
2
1
1
1
1184
1
462
1
1
1
123
2
1107
1
1
2
3139
1
1302
1053
1
1
2
1
2
998
402
1
498
990
46
2
1
1
382
1
1
1
1
1011
806
315
1
1115
1
1
233
344
1
1
1
271
1
2
1
2
710
4072
1
1080
1
1
1
1
668
1
1
1
1
664
355
1148
1
4317
1
1
621
1
1185
1
2
1
256
306
1
961
2
1
1
1
1
489
1
2
70
1
907
1
1
1
369
970
1
2392
1
1
1
1
349
751
990
85
1
453
713
1
86
1
1286
1
202
127
471
1
899
1
1
381
37
724
110
278
962
1
1
1
1
1
1
645
1
1
324
894
1
465
1
1
1
817
2
1
471
1
65
1
437
1
1
1
364
18
1
1
1
1
1
1
1
593
1
1
2
183
1
1
1
1
1
1
1
1
94
1
1
928
1
361
1286
1
1
108
621
1263
836
1
584
3
3745
100
62
956
245
991
1
1
1
415
1
181
1
1
1
2
1
121
1
2
1
1
1
1
1
1
1
269
1
1
1
724
1
1
1
1
828
381
2
1
161
1
660
848
1
1
1
1
1
1
1
2
109
1
1
152
1132
1
1
1
871
1
1
1
1
4256
2
1
1
955
1
1
340
1
1
1
1
1207
1063
461
1
223
536
303
1
2
196
1129
1
1
1
1
1266
1
1
1
1316
795
1
1
1
723
1221
1
1
1
1188
36
1096
1
1
300
1
646
1
1
1171
82
58
1
1300
1303
2299
1
3
2
1
1
1
1
1291
266
1
2
1
1158
493
1
738
719
54
347
1
1
197
1
1
1
384
1
1182
837
864
1021
862
1
1
414
1
1
1
1
1
1
1
652
1
1
1140
1
1
1
1
1
2
199
2
823
1
1
1
1
1
1
1
1
403
5
1
804
59
1
1
1
1
586
1
2
1
1
1
1
888
1
812
99
1
133
1
1
1
1
1
1
1
857
730
297
2
1
1
269
168
1
1
1
122
1
1
1
1
1319
975
3093
1
1
2
1
1
995
1
1
233
928
1
1
1
1
2
730
1
138
767
1185
864
1
1
2
2
484
1
992
1
302
1
1
1
1
1
259
1
115
1
1099
1
540
1
1
1297
1
1
2
1
1
636
1
1
1
522
167
1
1
2
423
1
261
1
1
683
313
1
1
1
1
2
1
523
2
8
2458
2
1
1
1
1
1
1
1
1
2
1250
1134
683
1
937
1
75
1
1334
1
675
2
1
1
32
29
53
1
1
291
512
1
1
1
1206
608
812
1
1
1
775
2
1
1
1031
1
507
1
260
1
1
1
1
109
1
82
1
1
1
1069
715
695
1
1
303
1
1
1
1
1
1
1355
201
1
4155
1
1
1
1
229
1
1
1125
1
1
41
1
638
1
1
1
1131
1
1
982
1
1
1
448
1312
1003
1010
1
87
1
1100
1
1
1
1
1
513
1
1
1
1
751
258
1256
1
1
213
1145
115
1
1
344
1
2
292
1
1
1
1
225
1
1
1044
1
990
571
1
806
1
1
1
1
1
1
452
1
2
1
12
93
2
1
694
325
1
1
758
1
878
1
1
1
1142
1
1
1
1
1307
1
1
1
1
58
1
355
231
1
1
1
1
1
1
1
1
1
1
2
1
1
649
239
1
1
1
376
1
1
54
695
1
1
1
1
1
1
1
875
1
1
1
1
878
1
685
1
1
549
1
1
1282
241
2
1
1
1
6
1
1
1
1
6836
1
1
52
1
639
1
599
982
1213
1
1
1
1
1
1
1
67
1
1
1
354
2
2
1
1203
1
200
1
127
1
1
1
1
1
1
1
492
94
1
1
1
1
2
1
1092
1
1
1
1
2044
1
730
1
23
654
1
571
114
1
613
1313
882
1
1
1
237
1
1
1
1
455
1
1
1
1
1
1
1
1
1
1
914
1
985
654
1
77
1
480
1
1
311
1
2
1
1
1
1
581
1
1
1
1
1
39
604
148
1
151
1
1
291
928
2
256
1
2
1
149
1343
1159
1
1
1
2
697
234
1
1
1
540
1
996
526
1
1
1
1257
1
841
694
1
1106
730
1
815
1
1
1
1145
1
1
474
1
1
1
1
1
1
743
387
1
1
1
2
1
1
79
1
1
1322
1
694
1
1
12
1
87
1
3
1
908
1
1
613
1
1255
1
121
856
3
1
1
1178
1
1
1
1
285
1
1
1
1
659
2
1
1
1
1
1
1
1
1
804
165
284
1
1
1
1
944
107
1
635
1
2
1
244
1
1325
1
1144
971
1
1
1
1
1
1
1
1
1
1
500
1
1
1
1
1
1
1
1
1
973
543
777
1
2
1295
307
1
848
1
1
1148
397
1
1
1
273
2
258
92
322
1273
1
172
1
1
536
127
452
30
1
463
1026
404
1
234
1
778
1
1
1
1
1
424
436
601
1
308
1
1
1
1
1
1
2
1
1
822
838
474
1
410
18
1
1
1
938
1
1
1
1
1
1
274
1340
1
1
197
1
432
1
1345
3045
1
1
1
1
1
265
1
1
1
1275
1285
78
1
1
1
1
994
1
593
1
2
2
1
438
1
483
1
1
1035
355
733
1
1
1
1
1
1
239
1
1
1
1
1
1
1
4
1
1
424
1
437
1
1
1
199
92
783
1
1
1
1712
1341
1
653
1
1
1
2
765
498
1
602
1
172
1
2
4653
1
1
1229
1
1
1
2
1
1
2
2
1
1
919
1
826
1
2
1
1
1
732
2
1
1017
1
1
213
1
1
2878
1
1
2
1
1
1
1
1
683
401
74
1
1
1167
41
1
1
1127
1
1
1144
1
1
1
1
1
1
1
1
1
1
1
1
1
1
294
409
1
1
173
348
1
112
709
1
1
240
2
1
1
369
1
2
185
984
1
309
1
1042
593
1098
533
1
1
2
1
264
1
1
1
4155
1
86
287
1
655
1
1
260
773
1
1180
1
1
1
93
1
1
1
906
1
17
1
725
2
2
543
1
220
1
1
410
1
1
2196
1
675
247
1
1
1
1
1
1
1
30
1
869
1
362
1
1
1
1013
2
18
604
1121
1
1
1008
1
1
1
1
1
201
2
1
1
941
1
1100
1
199
908
1
1
1
1
1
499
59
1
1
791
1
2
1
326
350
1
1
1
2
3
1
1
1
1
96
1
1118
1
42
1
1
1
309
1
1321
2
1198
1168
1
983
1
492
302
120
1
649
1293
1
1
1
1
836
1
2
2
2
1
301
1
1
1
1
1
537
1
1
258
1
725
1
1
1
1
39
1
110
363
1
703
1
1
708
1
2
1
403
2782
1
1
1
2
1
1
781
1
1
1
152
1
1
1
1
108
672
1
944
2
1279
1
1144
1
1
1
1
1
554
10
657
1
711
1
538
1
1
386
182
377
1
1
1
87
1
1
1
1
606
632
1
2
1
1
1
102
1
1
1
1
1053
2
1
311
170
1
269
1
1
9
85
1
1
1013
1
1
1
1
419
1
1178
624
1
346
1
1
1022
165
1
172
1
1344
623
2
1
1355
1
2
2
1
583
196
1
540
1
2
5
460
1
1
1
1163
377
1
1
564
397
89
1
11
1
396
1
1
1
1217
1311
1
2
491
1
1069
1
1
1
248
1
2
1
1
524
1
3
1
1
658
1
1
1115
1
982
1
2
916
481
1350
1
1
581
1
1
1
903
131
52
1
1
390
409
251
1
277
1
1
1
1
2
1
1
1130
1
1
860
1
1
1
2
2
367
1
1
1
342
1
431
1
1
1
319
1
160
1
138
135
259
1
1
1
1
214
463
1
470
263
1
1
1
1357
1
388
727
1
1
1324
1
1
1
1259
1070
2
1
1
1
1
1
818
1
1171
287
319
1057
1
1
1
1
1
1
1
1
1
1
1098
1
1038
2
1
1
824
1
1
912
1
931
1
1
1
1
1155
119
1
1
1163
1
1
893
2
1
1271
1
70
1
2
1
1
967
1
1155
1
1
470
447
1338
1
1192
1
971
538
1
990
1
1
1015
1
1
265
1007
1
1
1
48
201
1
1
1
1
873
1
1
1
1
1
1
1
1
1062
476
780
1
1
1
1
1
2
1
1
2
1
983
175
2
1
2
1
1
162
1
837
1218
1
888
106
1
1
972
1332
1
1
1
1
99
1
1
1092
1
42
1
1
1
758
1
1
1
625
1
2
1
1
467
1
1
426
1
1
528
942
1
651
1
1
334
1
1
1
1
1
1
822
1
1
1224
190
179
2
1
630
380
154
86
1
1
1
2
1049
1
1
2
154
819
1
1
1
250
1
1
138
961
1
1
1
1
306
947
7
1
1
3
1
1
1
1
844
1
1
1
1
489
1
58
1
1
1
602
1
403
1
1
242
1
1177
1
338
795
2
838
1
1
1
798
1
1
1095
694
1
1361
890
1
1
1
1
1322
1
1
1
142
3
366
1
1
1
1
1
1
1
1
2
1
1
1
83
2
1
505
1
1
727
1
691
1086
1
1
1
1
1
39
1
457
403
1
936
227
1
1
1162
695
1
1
802
1
489
1
1
1
1
1
1
99
1
1
1
97
1
1
1
1
1
1
35
1
1
284
2276
1
517
683
2
1038
2
1
338
1
375
1
557
1
1
242
1
1
1294
1
2
882
52
1
1
1
888
139
2
1
1
226
1
969
1
2
1
866
1
808
1
1156
1
1254
1
1
6
1
361
1
118
1
1
1
1
642
1
1
109
1
1
1265
568
1
1
1
414
1
326
1
1
1
48
1
1
380
3
223
226
800
787
1
1
1
3
2
1
1
1
199
1
741
2
2
1
52
1
1
38
44
114
5
1
600
1
1
1
1283
1
1
707
1
1
2
98
323
92
1
1679
1
2
1
1
962
1
1131
1
588
1
1
1
1
1
1139
1
1
303
1
309
1
624
1
1
391
2
2
1302
58
1
1
2
37
823
1
845
535
1
1
783
87
1
1
1
1
1
1
1
225
1
1
1
334
521
1262
1258
1
233
460
1
1
1
99
85
1362
1
1
71
1
1
1
1
1
1
1
1
1
1
131
1298
1
1
1
1
2
2
10
1
1
1
1
1
1
1
1
1
1
1
1
1
404
1
1
507
1
1
751
170
1
1
1
1
1
1
1
1
2
1
1037
1
1
259
614
126
171
97
64
735
241
1
1
1
238
531
1
691
1
1
362
1
1
148
1
1
1
738
3
1
397
856
1
1176
1
1
1107
1
1
828
114
1094
41
4931
167
158
1
1
1
281
1
583
1
1
518
217
171
946
1314
1
1
1
37
1
1
1
1
1
1
880
724
940
251
1
1
1
969
1
40
794
1
1
657
101
709
1
843
982
2
1
1
976
1
1
1
1
2
1
1
1
1
1
1
1
1
1
1205
1
1345
1
1
1
1
1
1
473
2
1
1
1
991
1
1
1
2
1
293
1
384
156
471
1
1
1
492
1
2
723
2
1
1
170
1
1
58
1
1
1
1
254
1
1
632
1
2
1
19
2
6741
1161
280
58
1
1
1
1
1
1
1
132
2
2
1
1
568
2
456
1
740
1180
2
1420
2
1
1000
1
927
1
1
1
312
1
1
354
708
1
828
1
1
1
1
1
1
1
1488
1
2
571
1
1
1
1
1
1
1
1
1
942
1
1
1
1
1
2
1356
1
2
1
548
1
317
1
679
1
308
1
92
730
100
1
1
46
1
1
278
1
1
443
1
2
1
1
1
1
1
1
1246
1
1
1
769
1
1243
1
1
1
1
1184
1
1
1
1
1
1
41
1
1
1
73
1
550
1
1
1
1
765
1180
54
708
1
1
1
1
992
1
1
1
2
212
1
1
294
1
1
1
1
1
1
957
224
1
330
330
916
3
183
886
29
430
1
885
1
378
1
1
1
1
131
1
1
95
1
747
394
1
1
1
1143
1
1
1
508
2
1
1012
1
840
1
3
1
34
1
1
87
1
431
148
573
1
1
2
1
1
1
1
274
334
1
1
1
1
208
216
2
20
157
3
1
1042
1
1
1
1340
1
1
1
2930
477
828
1
1
296
935
1
1
576
395
1
1
1
993
350
573
1
1
282
1
1
729
1
1
1
70
1450
330
1
1
1
1
505
65
1
1
2
1
1
1
128
1
1
684
892
2
355
1
1
774
1
1
1
544
1
1
467
108
1208
2
292
1
1
1
1
209
1
1
1
1
1276
2
1
1262
1
2
1193
1
592
1
1
1
350
1
999
1
2
962
1
1
1
1
1
5303
1
1
1264
1
1
1
98
1
1
1
238
1
2
1
1
1
4444
1
379
559
1
1
1
1
751
1
1
509
347
2
1
103
1
1302
2
1
694
1
168
1
1
1
1
1
2
672
1144
736
860
1
2
1
2
1
2
1
1
1
1
331
1
1
1
1
834
1
1
2
1
1
1288
985
2
11
1
1
1
1
585
1
1
1
1
2
1
1
361
1
1
1
1
640
1
445
735
1
667
204
521
2
1
46
69
1
775
1145
683
239
1
270
1
1
1
1
1
1
1
1
613
418
1
165
735
1
1024
1
324
1
1
1
1
1
208
421
1
946
1
869
1
1
1
684
1
441
1
1215
1173
327
1
1
1
917
2
1
1244
914
491
1
1
1315
1
499
1
1013
1
1
94
470
1
2
323
2
1
2
1
1121
1
136
712
809
1
990
1
1
604
1151
1
1810
572
1
905
714
1
2
1
1
309
1
1243
2
1
1
1
968
625
1
542
1
31
1
666
755
1
1
439
2521
488
1
1
755
2
1
248
1
1119
1
1
1
1137
1
81
1
1
1000
849
1
1
1
401
149
1
1
1
1
1
1
1
1
52
1
1
1
1
1
1
1
383
2
301
1025
622
553
2
1
1069
1196
734
1
837
2
1082
1
1
531
1
1
1
1
1
295
1028
550
740
338
1
824
1
1
1
1
1
127
1
1
538
226
1
1
1
1
405
1
1
201
1
685
1
1
1
1
26
1045
83
1
1
1
533
1
1
1
1
1
1
135
496
82
1317
225
1
19
515
724
1253
1
85
636
442
1
1236
1
1
1
1
1
1
1
491
1
1
1
1150
1
1
164
1040
1
4
94
1
1
249
1
1
1243
1
884
1
87
1
1
1
1
1
1
1
1
1
1
684
1
1
980
740
1
1
1
1
279
2
1
1
1110
1
1
1
3498
1
3
1
311
1
303
1
1
1223
1
1
124
178
1
1
1
1
1
1
2
142
350
1
1
1
1
1
1
1
664
1
1
665
1
768
827
1
1
1
95
676
2
256
866
452
1
1319
1
83
388
1
2
1
1
1
717
557
1
1
2
1
1283
391
1171
686
1
1
1
294
920
1
257
769
1091
1
1
351
1
810
1
1
1
2
1
244
1
1331
66
1
1
1
1004
184
1097
1
1345
1211
1
1
961
87
1
1
2
1
1268
1
854
1
1
1
1
259
611
2638
851
275
1
642
34
1
1
1
450
1
1
2
929
1
860
1
855
1
1
716
359
2
1
1
34
1
580
314
1
1005
581
1
247
1
2
1
636
1
1
422
452
1
190
1237
1
6444
1
1
2
1
1
755
112
1019
1
1
130
149
1
990
483
588
1
345
1
9
1
18
1
482
665
394
1
1
262
1
97
1
1
1
1068
1
1
1271
1
1
1
2
1241
203
2444
161
669
30
1320
1
1
409
880
1
2
1
1
1
1357
1
1
795
2
1
1
204
1
1
927
1
1
1
68
1283
1
915
1
1
1
1
1
1
1
1
1
1232
1
1158
1
1
1
1
1
1
85
3
1083
565
1
1
1345
1222
1
1
544
1
1
1
1
843
1
1
1
886
1
1
1
58
1830
1
1
1
194
1071
1
1
3243
1
334
1
1
1
1
949
1
2
1
1
1
1
1210
156
1320
1
1
766
108
48
1
1
1
1
609
3533
5
28
1
1254
1140
1080
1
1083
1
326
1
258
149
431
744
1
1
387
1
1
1
1
1
2
1
183
1
1081
1
1
1
1
1
284
1
1
149
421
928
1
575
902
1
1
1
1
755
1
11
1
1
1331
1
1
433
1
909
131
1
2965
13
1
1
1
1
1
1
108
1
542
258
1011
2
710
1
1
850
682
1
1042
1
529
271
665
1176
1
660
1
1
35
1
729
3616
1
1
752
1
1
1
1
578
1109
1
1
1
1044
1
622
89
1
1
1
1
1
678
1
250
951
289
2
1
326
1
86
1
1
1
1006
2253
73
2
1
238
1225
1
1
1
48
1
1
1
1
486
206
1
1
2
2
1
26
975
1
1
2
1110
1
683
1203
732
1
1
1
1
1
85
692
1
1
245
1
1
1
1
1
1
1
1
1
950
1
840
1
1
152
1
1
1
1
1
1244
1
806
1
1056
25
251
1
1
540
637
1
1
2
93
1
1
285
1
1
1
928
1
2
1
79
1
1
1
1
2987
813
1
1
1
1
382
1
1
1
1
293
540
1
1
1363
829
1
1
402
1
1
970
262
1
1
325
606
1
398
2
1
1
797
1
1
1
1
1
1
1
1
1
211
1
1
1
1
1
1
831
1
1
1
1
1
2
970
331
1
1163
2
1029
220
1
100
1276
368
233
1900
1
1
1
1
1
356
87
1253
1
1
1
1
1174
1
58
1
1
1
1
1
73
791
1
1
1
1
1
1
408
451
717
1
1
1
2
588
1129
244
238
390
102
536
1
354
386
139
590
1
180
1
1158
115
1
2
894
1
546
272
1
1
1
1
229
1219
1
1
139
1000
1
2
1130
1
325
1
206
1
1
1
430
1
1220
392
1
1145
895
1
1149
1
1470
1
1
1
1
48
1
1
1
1
996
1
1
1
1
1
1
1
687
1
1
409
1
465
1
2
1
1
1
1
732
1
1
916
1
734
1
132
558
137
1
1
1
883
3900
1
2
139
899
276
1
1
1
2074
2
1
1
1
250
144
1
1286
1
2
1
757
1
1
1
1233
1
123
1
951
1
1
1
1
1
1
1
1
992
1009
243
1
1
1
1593
1
667
1
1116
1
2
1
299
964
1
1
800
226
1
820
332
1
1
488
812
1
1
1
520
1
1
2
1
1
947
1
1
1282
1
1
842
141
1
76
1
1
761
335
361
654
1
340
196
1
2
1
1
2
2
2
116
304
1
1
1
1158
904
1
1
1
1
1
1
410
7
1
1
1
1
457
1
1
1
1
1
1
523
1
1
1
180
80
1
1
286
1
1
1
1
1
1
1
1130
1
1
785
1
1
2
1
206
1
247
1
1
257
1
1
1213
1105
956
1
464
1103
737
1
1
107
1
59
1
130
1
1
66
1
5
1
1
1
738
1
2
1
1
1
1
437
1
1348
1
1
1
5799
1
1
1
606
1
1
1150
1
1
1
1205
1
1
1
452
2
1
995
1
1
1
1
1
1
253
1
1
1
1252
1
1
1
1
1
1
1
1
1
1323
1
1324
1
213
2
1
1
1
859
1
1
468
1
764
1
466
1
48
1
1
1
1
1
1
15
1
2
517
31
1
1
1175
1
597
1
869
1
1193
1
1
1
300
1297
2836
792
2
1
297
1
1
1
1
1081
401
351
1
213
1
1
1
1
2
1
1
2
757
1
214
370
1
1
2
1
2
1
550
993
1
1063
1300
1
678
871
1
1
1
1
104
346
1
1
2
584
1
1
179
1
210
1
845
683
1229
1
1087
385
329
1
1
1
1
1
1
1
953
1
1163
1143
80
97
64
213
1
483
1
1
1
1
1186
1
2981
1
1
235
1
887
68
1
1265
1
1191
34
1
148
1
1
1
1063
2
1
896
829
2
1019
1
1
1355
1
1
195
2
1020
2
585
143
1
72
1
1
2
1
817
417
2
7
1
1
14
1011
1
334
464
1321
1
1
1
370
1
1
1
1
1
1357
1
577
377
903
646
1
1323
1
328
1
1
356
1
1
70
855
521
132
1
1
1
1
243
1
333
1
1
1
877
574
1
873
1
138
40
85
1
1137
997
220
1
1
59
1
1
1
1
1
1
1
2
2
1
1344
1
497
1
1
884
235
2
1
2
716
1
798
2
1
1
1
1
1
2
1209
811
1
2
1
1
2
1
1
1
1
2
1147
1
17
211
1
2036
675
443
1
1228
1
862
1
1
448
1
2029
1
570
1217
1
2
633
1
1
1
2
1
1
742
1
1
1
1
1
1
1
1
584
1
1
1
1
1
2
1
1
815
1
1
1
1
1
1
1
1
1
1
994
1
904
1
309
231
1
458
1053
333
1
1
1
1342
1
147
1
698
1
1
1
1
1
1100
896
1
441
1
978
1
1
1
1
1349
1
2
1
1
1
1
1
330
1
66
1
1
1
1
1281
808
178
1
1
506
270
588
1
1
1
1
222
1
1
771
1
609
1
1
1115
188
1
1
1087
108
1
1
1
888
606
1
1
1
1
1
1
1
522
1
1
1
359
1
1
722
477
146
606
1
380
332
105
2
1241
136
1
1
1
1
1
1
1
1
1082
1122
1
1
1
571
1
1
2322
1227
978
1
1078
3452
737
1
541
725
1021
2
1192
1106
1
1
363
232
543
1
1
45
1
18
1
964
1
1089
1220
1
1
1
411
1
729
1
1
1
348
573
466
1
1
537
1
1
2
2
1290
132
41
1
1
1
1
22
1
539
1
1
1
663
1
1
158
1
162
421
483
1
1
1
1
1
1
1
2
1
1
1303
2
2
1
70
1
1
189
1322
1111
1
1
1
1
1074
1
1
39
1
1
1
1
29
1
216
1
1
1
1
1
1
1
1
243
1
1
1
1
1
321
1
2
1
1
1
1
1
101
1
174
1
1170
1
1
1
1127
6
2
1
52
1
1
1
1
1
1
1
1
1
1
1
1
1
585
1
919
1
724
606
1023
1043
1
1
1
583
1
1
543
583
1
1
1
1
1
1
1
513
1
1
123
477
85
676
786
1
1
1
1
1
1
1
584
1301
570
873
1
1
1
1
858
911
1
1
1
703
1
1
1
713
1
1
803
1
64
1
1
1
1
1
1
1
1
1
1
1
409
2
1
28
2
1
389
1
1
712
1
112
1
344
670
1
1
1
1
2
1
1
1
2
545
1176
1
1
80
1
1
1
1
1
1
1157
785
1071
1
1
1
1
1
1267
280
922
1
1
2
1
1045
1
233
1
1
1
1036
1023
1
54
1
1
935
1
1
1
52
1
730
1
1019
1
402
1
1
828
1
1
2
1
1
1
95
1
1
5
73
1
1313
724
1302
1
752
2
1
1
488
1
1
1
247
1
202
1
1
1
1
1
1
1
1011
1
1
1
1129
1279
317
1
1
861
1
1
1
943
1
1098
1
211
1
134
1
1
139
405
1
1105
1
2
1
440
16
93
2
1
500
1
1
3
1
1
1
1147
257
301
226
1
915
2
1
1
1
1276
619
3
2
397
1
1
727
1
1
2
1
1
1
1
1
1
1
1100
1
1
1
2
3246
1
1
1
1
1
1
1
1
634
1
309
1
1
488
1
1
2
1
263
220
1
1
1
767
132
1
1
1
812
1
1
1
1
1
1266
1
1
1
1
1151
1
1
1
536
2
1
1126
1
1
827
1249
589
1
1
1099
1
162
2
1
1
1142
2
675
1
1
1076
480
1080
41
1
1
287
1
1
504
1
1
2
1
1
1
1320
1
935
1
141
1
535
592
1
586
1
2
1
1
1
1
539
83
1
2
1
51
933
591
44
1
1
528
1
1
1
1
1
1
1
872
1
1
1
1
1
2
920
1
600
1
144
1
1
746
1
1
1
180
1
1
1
2
1
387
1
78
1
323
2
120
277
1
1
1
1
2
1
1330
1
1
1
1
1
1
1
1
485
569
414
1133
1
529
46
1
1
902
1
1124
1
234
1
2
1
1
1039
452
779
2431
56
1
1
1
1
2
1
1
1316
1
1
461
1
1317
289
1
1
1
1
1
1
1
1
1
1
1
1
1
2
1314
1329
1
609
1
1
269
1
1766
1
231
1
328
919
1
1228
16
1
517
186
1
1
754
614
1
697
1
432
1
1
820
940
1
2
1
1
1
638
1
1
1084
514
1
1
540
1113
1
277
1
1
1
1
788
1
1
1
1
1
1
1
1
1
1
1
924
1169
1293
356
1356
1
1
234
1
430
1124
20
1
1
142
1
1211
458
1
347
257
1
1
1
2
2
2
199
1
1
1
1
1
1
1
686
1
1
2
60
1
1311
863
1
1
1
1
322
214
1
1
1
1344
2
76
1
1158
1
2
449
371
1
1
836
704
2
233
2
1
1
1
467
910
1
1
1261
364
1
430
376
1
1
1
1
193
1
1
1
287
1
525
542
1
2
22
1
248
1
1
1
520
269
1
1139
1
1
913
159
1
1138
1
1
1
1
1323
1
1
980
1
2
1
1174
2
1
1
1
1
1263
300
343
2
1
1
124
450
1
64
1
1
1
1
1280
90
1
1
2
854
1
1
1
692
1
141
355
154
1
576
1
787
1351
1
1
1
3
1
112
1
413
2
395
1
1
1
1
1
955
647
374
1255
4061
1
897
1
1
1407
812
1
2
1
1019
1
1
236
1
284
1
1
545
1
1
2
252
619
1
300
1
592
1
2
344
273
1
1067
2476
72
1
1
1
625
1
1
1
1
899
1
858
815
1
1
660
1275
497
666
1
1
1070
11
1
1
1
824
34
2
922
27
1
1
1
1
1
1
909
519
330
1
1
702
1
1192
236
1
1
490
1
1205
75
68
1110
1271
1
1
1
741
1
1
2343
1
82
1094
1
1
1
1
596
1
1
107
1
52
1
1181
1
1
901
788
1
1
1034
163
700
502
1
220
1
1
1
452
2
47
1318
1
1
1
1
1
1
789
1
1
503
382
1
1
809
1
864
575
503
440
1
380
1
1
1
2
1
1
1
2
1
1
1
4
1
215
1079
2
1
2
573
1
1
433
1
1
1
463
1
1
50
1
36
1
1
1318
573
227
1
676
1
1
1124
851
971
77
1
1
4313
1
1
1
1
1
1
998
1
1
1
1138
411
1
1
1117
759
355
1
1
1124
2
1
1
1
1
1
394
1
780
1
316
2
877
1
830
1
1
2
1
1
1
1
2
1
1027
1
1
1
1
816
1
1145
455
883
1226
1
1
1
633
1
1
1
1
1
2
1
1
1
514
1
1
1
1290
2
783
1
1
1
287
160
1
1
1
1
280
1238
1
1
1
1
55
1
1285
1068
1
1
1211
1
2
561
1234
1
136
1
592
1
1
5450
1
1
1
1328
1
1
1
1
622
1
1
1
1
1
686
1
1
880
1
1
1150
1281
1
1
1
1
1
1132
1
1
1013
1
1919
2
1
1
1
1
1
1
1
1
1
1
1
760
418
1
1
1
1
1
1
1
1137
1066
1
1
1
78
1
1
1
1
1
1
389
3
1154
61
247
1
1
1
922
1
177
1
1
1
1004
1
1
1105
1
2
252
1
1
211
1
2037
1
1
1021
1
1
310
2
1
1
1
1
709
1
1
1127
984
1
1
1
602
1
955
2
355
1
1122
1
2
1351
493
1110
867
1
2
229
1
1
1
1
108
1
1
1142
1
1
1
733
1
677
1
178
1
1
485
147
105
1
1
444
1
447
1
1
1
1
2
711
218
1
1
2
721
1
840
1286
1081
1
1
1
1
1
2
780
877
1237
1
1
842
1
1
1
1
1023
1
1
1
463
1
153
1
1223
2
1
1
1
422
1
1240
1
732
1
156
1
1
1078
1
1
327
1
462
912
995
1
1
1
1
351
1
1
1
709
398
9
646
2
1
1
534
1
1
149
1
198
1
511
455
1
1
1
1
1
1
1
4
2094
1
1
1
713
540
470
1
17
271
109
1
19
1
366
1
1
1
276
1333
1
1
583
77
1
1
805
1
1
1
2
1
1
945
1
836
5
208
2
1
527
620
1
1
1075
761
499
1195
170
1
1
861
1
43
1
779
1
133
965
1043
253
415
3634
2
1
803
2
1245
1
1
78
1
1
1
1
670
1151
304
885
1
426
1
696
531
1
1
1
1
1
1
3058
1
708
762
789
1
1
171
1
1
1
1
544
833
1
59
1
1
248
1
605
280
1
212
474
68
740
1
1
532
1
1
1
1329
1
1
147
1
26
1
1317
1
1
1
1
1
1
383
1090
1
323
352
1138
1
1
240
1672
1
749
1
595
178
1
1
253
1
1
5
1
1
370
69
1
1
1
1
1
1
521
462
1
724
1
1
1
1
179
1
1
1
1
1313
1
1
1
1
60
79
1
1
201
54
798
1
327
399
1
1
559
1
1123
177
1
392
1
416
1
1
275
2
441
927
1
1
314
602
6
1207
1
841
67
1
629
1
1
1
227
1228
1
1
2
2
1
1
787
1
1
1022
41
302
1
5087
1
1
1
1
172
1
268
1
1
1029
1
1
1
1
2
1
690
384
1
11
516
1
1
1
1
17
1
173
1
1
1
1
414
1
1
539
1
1
1
1
1138
1
1
1
1
1
1026
1
1
833
144
899
878
921
1
190
1
100
1
1
1
146
1
346
1
1
1
1
946
1018
45
326
86
1019
160
986
1365
1
1
1
152
1
2
239
1
1
34
1002
1
1
137
1
1
1
449
2289
1
2
1
1
179
1
1
1
1
1311
694
1
1
545
1
1342
1
1
991
1
2
1
1
1
1151
1
112
793
130
1
1
1
110
1
1
298
733
1
244
2
1174
1
1
285
1
1
1
1
1
195
102
1
1
609
1
633
1098
1
1156
2
323
68
1
245
401
1
673
410
1
1
394
1
161
1250
604
236
1
135
1
2
1
2
342
381
1
1
2
1
543
673
1094
962
348
1
374
1
1
251
2
1
454
1
778
818
1094
1
1
1
1
1
89
1
1334
1
260
1
64
1
1
514
1
1
1
935
305
1
1
1017
1
165
951
1
1
1
1
1082
1
1
22
787
260
1
1
1
1259
1
1
1
1
982
1
1172
1
609
624
1
1
1
1
1263
1
867
975
1
1
8
576
1
1
88
205
1
705
330
1
1
841
1
1
673
1
1
1
220
1007
821
2
584
1
708
1
1
1327
1
2
1
1
2
1
1
162
1
1
426
895
218
1
1
1
374
1
1
970
1275
600
1
547
641
1
331
1
1
1
1
1
1
1
305
229
1
1
190
526
337
1097
1
1
1
1
747
3
1
1
145
2
592
1076
1
1
1
1
1
147
1220
1
2
2
1
1
344
1
1283
1
150
1
375
232
1
603
30
1
202
1
1
1
1
2
1
1
1
611
73
885
88
1005
1064
2
1
541
845
964
410
239
484
2
560
1
2
1
917
1
1254
1004
1185
388
992
265
1
159
478
1
1
1
212
1
1
1
826
890
298
18
500
1
1
2
1
1
1
1
1
1
148
787
1236
1
773
776
1
1
357
1152
1278
3
19
1
1
1
1
979
505
865
1
1
456
1968
554
1230
1
1
1228
133
1236
1
992
580
206
908
1
409
1
748
1
1
2
2
938
1
1
1
1
1
1
1
1217
1
1
1234
714
248
203
151
1
1
1
247
2
533
1
1
1
1
1
1
1
1
1109
239
1
1
710
1
335
1
1299
785
1
1
1
414
1
2
1
1014
1
1
1
1
1168
1
1
1
1
1
1
1
1
1
1
1
1
1213
1
1
1
664
1
1274
1
1
1
1
1
874
391
188
1
201
1
1
1
1
1
184
24
1
1
1
1
184
1
1
1
1
53
1
241
1287
1
1
583
1
1
1
1
1
1
1
2
1
2
375
1
233
24
324
3
2
1
346
1
2
1251
1
1015
1
1
1
1
1097
1
1
602
902
1
177
1
807
918
680
933
1
1
30
106
1
1
1
111
1
2
188
1
1
1
156
1281
2
1
1
1
1
1
1
1
595
1
1
1
2
1
1
1
705
1
261
1
1
1
1
233
1
1
233
1
971
1
1
932
1
1225
436
1
1
1
1
1
511
1
1
5
1
1
1
1
1
1
1
192
1143
1
1
270
1
153
476
1
1
1
2
2
1216
140
2
1
1
1
1
2
1
1
1
1
317
1
603
1
1
23
1
1
1
1
1
248
1
1
1
532
1
1110
840
2
639
1
1252
1
59
1
1
1
924
1
1
145
1
2
41
1
1
1
1
185
1
1
23
1
85
2
534
1
2
2
2
1
198
1
771
1
1172
365
967
1
1
1
1387
730
1
1
1
1
1
862
1
1
1
148
1052
5640
1
1
1
470
1
1
102
2
1
1
1
1
1
1
1
2
1
1
1
1
199
1
1
479
1
1
104
1
688
1
1
1
1
1049
34
374
510
1
338
1
1
1
1
2
1
1
1
442
926
269
1
193
1
2
2
1
784
1
1
1
1
1
1
1
695
1
1
1
1
1
1
1
1103
146
3625
687
1
1
338
1
850
1
640
1
1
1
1
1
1
156
479
1
1
941
628
789
1
2
1
1
1
1
1
252
768
1
981
16
1
213
306
1
1
1
1
1
749
1
1
394
432
1
1
1
885
18
1
1
1
1
732
1
1
1
1
1
1
368
1
2
1
1000
1
1
1
2
1
1
1
148
546
1
376
1
1
1104
1
787
1
1
1
1026
545
1
1
361
1
1
1
1
2
380
881
466
1196
1
1
2
2
996
1
492
1
43
690
94
1275
904
1
1133
447
1215
1
216
449
479
1
1
1
1
1
1
785
882
1
1
214
1
442
1614
1
1
1
1
435
2724
1175
1
1
1
1
2
1
1
413
161
1
1
1
204
3058
1
2
1
1
975
2
1
244
1
1
787
1
1
416
617
142
1
877
550
793
1
1
1
2
240
1037
1
1
1339
1
512
1
1
1
1
1
300
1033
1213
1
1312
2
1
1063
1
1
322
1
1
1
1
1
1
88
1059
5
1
50
1
1
708
197
1
400
1
246
689
1
1
256
405
1
1
1
1
1
1
1117
1
541
864
459
1
1
1
2
1
204
1
1
1
1
2
2
1
1
1
715
2
1291
1
368
401
2
1
1
1
160
1
1
470
1
511
1
1
1165
296
679
1
1
1
1
2173
700
7107
1
1
1334
1
357
337
1
1061
655
925
1
1
1
1
1
1
416
258
1
2
1
164
476
135
1
1
191
1274
1
1458
1
1
1858
2
1
299
1
1
1
1
1
1
1
1119
1288
1
1
1
649
1
110
626
1
1029
1
1
253
1
2
1
1
1
1
1
260
1
1148
1351
1
1
1137
618
1
174
1
1
1
150
1
1
1
532
1
1
1
2
1
963
1
1
1
759
2
1
1
1
1
1
314
1294
306
829
1
284
917
420
1
1
567
962
1273
612
1
1
309
1
1
427
1244
479
275
1
1
1
248
142
1
2
1
1
746
1
1
1
770
1
1
990
1
1
1
654
434
1
1
1
46
1
1
1
887
1
761
1
1
1
1
1006
1237
1
2
1
1
368
1
1
1
1123
1
1
1
491
1
1
1185
1
45
219
1
1
1
133
1
1256
1
1
140
1
389
1
1
1
1
1
1
1
1
1
991
421
1
2
1
1
1
285
2
2
493
1
1
108
1
350
2
1
1
1022
550
1060
1
483
1
239
1
1
237
2
1
328
1
1
1
1
768
1
1
28
1
1
1
1073
1
1
1
1
570
818
1
1
1
1
1
1
1
2
1
2
1
1
348
1
201
2
325
1
1
1
1242
1
1
1
1
1
400
1
89
1266
1
374
2
1
604
1
1
409
1
1
1151
266
1
289
997
1
1
772
2
1
1
689
1
3040
1
1087
1
1
979
1
2
593
1
20
6
1
1
1
1
1
1
1
834
1
817
1
1256
337
1
275
1
1
807
743
1
2
1
1
1
1
2
1
1
1
473
259
1
1
530
1
1
1
1
439
1
1
1
98
1
1274
460
899
1
8
35
404
1
1
484
1
1
1345
1
1
645
905
1
1
1
1
193
1111
1
1
221
1
1
94
1
2
2
1292
1
1
1
1
457
1
2
1
196
877
286
130
1
1
1
1
200
515
1
1
663
1
165
1
2410
1
1
76
1
1
1
1
1
2
1
583
1326
1
600
2
1
818
1
1
1
615
1
1
2
429
1
1
1
1301
1
3
1
1
1
1
1
447
765
1
705
1
1
1
1273
655
1
73
1283
1
1
28
1
1
354
17
1
332
238
1
483
1
1
1
1
1
1
464
277
933
1
1
762
1
1
213
1
1
1
1
29
2
1
965
1
988
1
166
1
117
2
1
1
435
1
674
1
2
604
1
1
1
1266
1
1
1
1
1
1
557
225
705
227
609
654
606
620
1
63
539
1
1
559
1
1
1
694
584
3879
1
1
1
114
1
1
1
102
272
1
1
1
1
211
66
1
1
1
205
1
211
325
1
1
1
618
793
377
1361
344
1
1
1
1
446
1
50
1
926
1
1
419
1
1
1
1
1293
1
1
1
292
1260
946
1269
2
1
495
1
160
971
1
1
1
1
1
1
156
1
1
1
1
1
2
1
1
1
1
224
1
1
1
384
1
2
1
1
1
1
2
1
1
1
1019
200
1
349
1
1
1
1
1
2
87
458
1
1
1
546
662
1
1
1
752
1
1
1
1
307
67
1
23
2
1
249
1
621
2
1
20
760
1
1
1
514
1
1303
1
1
73
1153
1
2
1149
1
1
1
1
1
1
574
418
1
1
1
1
1
882
601
1
1
641
363
1
1
560
182
1
1
1
1
87
1
266
723
1312
544
2
358
239
230
1
1
2
946
2
1304
1
713
1
1
1
1
2
1
1
1
1
1
2
1
1152
31
14
2
1
1
1
632
1
252
314
302
1
1054
1
28
1
472
1
1
1328
738
481
1
1
1
1
1
1
1
2
1
711
1
1
594
1276
1
2
1
1
315
2
306
794
1
1
2
1
275
1
1
1849
1
1
680
1
226
1
523
1
1
803
1
2
1
1
1
1
76
1
1
1
1
1
1
1
1
1
386
1
1
1072
915
1
695
1
1
2
1
1
1
1
1
1
1
1
240
215
215
744
149
1
1
1278
1
1
1
1342
358
1
1
1
863
763
1
1
714
1188
654
1
2
1
1061
1
1341
1
1
1
424
2
1
601
258
1
1
310
365
2
798
1
1
1
1
1
463
1
877
1153
474
1
1
428
1063
817
1
1
1
858
1
1196
1
1
1319
2
1
1132
1
961
1
1
65
477
1
1
1
1
6134
1
1
1
1
1
1126
1
1
458
1
1
1
1
135
1
123
1
1
65
99
1
28
193
365
1
629
1
1
1123
289
270
1
434
1
1
1
118
1
1
298
1
1
843
964
1
919
114
1
1
706
315
627
1
1
275
1
1
1
1
1
2
31
1
92
2
1206
1
1283
597
1
1
1
1
1
1
1
1
1
1
1
696
1285
155
1
1
1
705
665
1
1
1
401
357
1
1
1
147
1
2
1086
1
1
1293
1
2
116
1
1
1
1
1
993
1164
1
1
1
2
1
624
485
1202
2
441
2
1245
1
3530
1
1
1
1
310
469
1
1
298
209
1
31
1
1
244
1
196
1
1
1
1
1
691
381
1
1
1
366
1
529
1
141
1
2
149
465
1
1
1
1142
778
1
1
237
1135
1
1
1
584
1
1250
1
638
1
1
2
743
1
1
1
403
1
1
1
1
1
1
1
776
1
506
1
1
1
1
1
1
1
980
1
1179
250
1
1
562
1
414
67
1
1
1
1
1
1
1
1
515
98
1
251
1005
1
1
92
275
1
850
1087
761
1
1
1
283
2
1
1
885
988
650
1
186
2
1
1
1
96
1
318
343
1
331
1
1
35
1
1
331
1105
769
1
1
1
271
1
1
410
1
1
430
448
1076
523
847
28
232
1
1
1
1087
316
2
49
662
1
1
1
1
1354
1
13
1
1
570
2
1
577
1
1
1
1
1
1
2
600
535
702
1
1
1
1
1
1
1
1149
1003
1
1
1
860
386
2
1
1
128
109
1
1
2486
1085
126
1
1266
1
1
1
856
1
1
1005
761
2
321
1
1
1034
704
1207
1
1
2
940
19
1
1
1
1225
1
150
1
605
1
1
1
1
421
665
702
1
1
178
1
663
420
1
2
1
1
1
380
411
1
1251
1086
2
2
1
29
1103
1
1
1
218
1
450
1093
958
1
1
1
1
1
1
398
95
1
1
697
1
1
2
806
2203
1
1
327
1
1
1
1
1
1023
1
2
133
102
773
64
1
896
1
875
1
1
1
1
1
1
1345
13
983
1246
54
1
1
316
50
701
1
1
1
1
1
1
827
1
511
329
1
1
1
1
838
1
1305
189
352
406
257
1
1589
1
625
1
1
1
1
196
1
1
1
1
1
1
1072
2
208
829
1
240
1
593
65
1
1
1356
1
313
2
169
2
1
1
1
1
2
1
577
1
332
149
1
1
86
3
1
1
1
1
1062
1
125
1
23
1163
1
1
656
348
15
635
1
1
265
1
1
1
1
1
1
1
576
1
1897
862
1173
768
1034
1
1160
1
1
1
565
1
453
1
1
1
1
375
1
10
680
1
1
1
701
1
1
904
1
1
458
272
1
1
1
1
728
444
1
1158
114
1
1037
335
930
1
1188
1
1
612
1
122
1
319
456
1
2
1152
1
2
1140
740
1
1244
277
1
1
1
1
1
1
2
1
1
1
1
1044
1
819
1
1
1
1202
1
1
297
1
1
1
1
100
484
531
1
298
35
1
1235
444
1
758
1
43
1
139
398
1
63
2
5
1
108
1
1
1
1118
601
300
1
1
1
1357
1
1
2
1
1
1
1
532
735
1221
1
2
1
826
1248
1
1
923
1
1618
105
1
1
1
64
1
1184
162
1
67
908
816
1
1
454
1
171
306
1
1
564
322
219
203
1
121
1
491
127
994
1
1099
747
1
1
1
1
1
2
1
61
1
1
1
1
1
718
898
1
1
1
1
1220
910
1
1
54
2148
2
808
1
1
1
1
1
842
1
176
1
994
860
987
1128
1
241
2
1272
1
1
315
1
296
1
1
1
1
1
1
2
554
1169
2
1
47
2
1267
1
1
391
33
368
1
1
1
1
16
868
1
1
482
1
1
1
645
646
1
345
1
730
194
1
1
812
1
1
1
1
262
1
1345
2
769
1
1
320
1
1278
811
1
1
1
2
2
1
1
976
1
1
1
595
737
1271
350
1093
614
1
1
1
1
1
1
1
1269
1305
1
1
1
1
1
1
1
31
1
525
1031
397
1
1
1
318
1
695
1
1
1057
1
1
1
1
1
1
1
562
1208
1
1
791
1
405
1
1
157
1
521
655
213
50
1
581
1092
1
1
1
1
1
1
482
86
1
245
1
1
823
2
159
1
231
1
532
393
327
1
1
1
1
1
198
1203
2
1161
2
1
1
1
1
1
279
955
559
1
1
1
446
1
1
1
1
550
1
1
1
355
1
508
1124
1
462
1
1
1
1311
1
15
716
946
2
3547
1
1
959
1
1
1
1
1
1005
1
904
1
1
1
1
747
1
1
131
2
1
1
1
1
1
372
697
819
1
198
1
816
1
380
4051
1
915
1
1
1
1
2
1272
36
2
1
76
1
1
504
1
1
1
1
1
1
2
73
1
1
473
1
1
1112
590
732
520
1
486
1
1
190
1361
1
1
1189
1
1
1
1
1
852
1
1
2
1
1
1
1064
1
1
1316
1232
1
2
1
1
1642
1
1
564
1
1
1362
1
1
76
96
349
1
64
1
1
1
1
1
982
1
165
1
1198
65
1
1
1
74
1
1
1
1
192
1
2
1
1
1
463
895
1
380
1
1
1
1
1
1
1
596
1
1
1
230
250
801
1
100
2
1
609
238
1
1
1289
1
1
1
2
1
1
2
1
1
1
1
96
89
2116
1
1
1
483
587
1
1
920
1
676
6444
1
1
1
884
1
1
1
1
853
377
942
1
2
1
1
958
1
1
1
2
1
1
1
1
1
182
1199
830
1
1
445
875
1
1
682
1
1
2
2
549
1
1523
371
1
312
1
1
1
2
1
1
1
1
1
1
2
1
140
1
1
1
1
1
2
1
581
1
1
722
2
1
1
1215
770
672
269
1055
1
1
1
1
1
1
1
1
535
1
1
1
536
2
1
50
1
1
503
1264
1
1
1
264
802
2
1
1
2
23
1
2
1
790
1
4
366
599
1
950
1
4
1288
1
2
149
983
1
411
1
1
1
1185
238
377
482
1
1
1
1129
1
2
1061
1
1
1
1
562
63
1
244
1
96
134
197
1
1
1103
1
1948
1
1007
694
1
1
880
90
1
1
1
727
1
646
1261
69
1
1
1
1
158
550
1
1025
1
251
1227
728
1
1
1119
1
153
2311
1
266
1
3131
472
1
2
1088
1
1088
404
711
1
1
1
1
1
1
1073
1
1
507
1
1
220
1
830
1060
961
1
1
1273
1
2
1
1
1
1
155
1
1
1
275
1162
1
246
1
2
1
1
1
1
551
1
1
1
1
1
1
725
554
627
1
1
1
1
1
1086
1100
1
1
1
563
1
434
1
1044
420
475
188
108
1
528
1
1
1
1
1
1
294
1
1
1
1240
430
829
1
1212
1
643
1
754
246
785
1
1
197
630
1
1
784
147
558
1
611
879
1
1
1
1
1
99
1175
757
1
463
1058
2
1
1
1084
1
397
1
1
1
1
1
1
1
4176
1
1
62
1
1
1
565
8
1041
683
226
536
1
1065
1079
881
1
1
233
1
394
241
1167
1
822
1
1
3457
1
1
1016
528
2
349
2
1
259
2
1
1
1
1
1
415
1
1
1
1067
1
1006
1577
1151
1
597
1
2
182
1
1334
209
113
1306
714
1
847
1
1
1
1083
1
1
1
1
487
2
1
787
1056
90
1
237
2
1
1
1
134
73
1
1
2
1
1
1
1
352
363
629
420
745
1
1
1
818
1
1
817
1
357
1
1
1
362
1
1
1
1
1178
1
3762
604
1
326
1
1
331
1186
1
61
231
1
1
1
1
323
1
1
1
225
1
1
588
1
1
1
1
1048
463
654
1
308
2
320
1
1
46
1
1
522
1
1
1
1
1
587
1
1
1325
1061
1
2
703
136
1181
126
1
977
1238
1316
915
1
1
1349
551
435
379
1
1
2
576
87
1
1
1
3241
476
119
1
1
301
1
105
1
1
1
412
1
1361
1
1
531
887
1
749
1
1354
262
1
1
1
1
66
506
1
1046
713
1
1
1
1
526
132
1
1
1
1
1
2
554
1279
2
707
1
1
462
1340
1
1138
1
1
1
722
1
1
1
1
1
1
1
2
333
1
1
389
313
1
1
1
1
3900
1
1
1
1
1
2
545
20
33
2
1
1
377
1
1156
248
1
1
1
2
1258
1
3
129
1
22
1
1
1
1
1
1
2
1
1
2
596
1
1
1
343
1
521
1
1
1
102
1
1
1
2
1
1
1
139
1
1
2
798
2
260
1
1084
135
258
213
1
1196
378
147
2
1
793
152
828
1179
624
940
1
1
1167
275
1
1168
1
1
1026
226
1
510
770
150
2
1
1
1
1
10
2
1
570
693
1
1
1
1
1
448
3052
1
319
1
1
457
1339
371
1
1001
543
1
74
1
1
1
388
111
1
1
1
25
1
1
1
1
354
1
1
1
3
74
1
1
1
328
1
2
795
350
1
1
1
1
1
1
1
1191
1
608
1
177
1
1
1
504
1
1
1
774
1170
1
1
2
1
1
1
84
1
1
3
2
1
1191
1
1
672
1
2
109
1
800
277
1
1
1
1
795
1282
1
53
1325
1
1
1
859
1
244
1
1
1
1
2
1
2
1086
225
1
1
390
1
127
1005
1
1
1
1
650
1
1229
929
1
1
1
592
1
1
1016
422
1
632
360
473
1
1
1
2
1
1
1
1
1
333
2
1
1
85
1
1
823
898
534
1
2
495
530
1
351
548
1
405
193
1
1
1
2
1
1
1
1
2
1
102
1
1
1
280
444
502
1193
561
2
1
1
188
1917
2
1
4017
2
1
1
977
1267
1
1
1
1
403
1
672
135
351
265
1
2
183
415
1
2
1
1
1
3
1
1
1198
1
2
922
254
1
1
1
1305
1
519
1
1
1
1
1130
1
920
563
1
1
2
1
1144
140
1
1
873
2
1
1
710
2
1
1
1
886
1
1
296
320
1
1
1
1
1
1
1
1
763
1
180
722
2
692
2
698
1
1361
1351
1
1
1
1
1
1
489
1
1
665
205
1
27
1293
887
1
88
846
625
1
250
1103
1
192
1
528
562
1
1
286
278
1
1
1
1
1
1
3
1
1173
1
1
1
113
1
622
1
1
1
2
1
1
79
1
1087
2
928
1
1
1
106
2
1
1
1
1
1
1
1
2
1
1
1137
1
1
2
665
622
1
1094
843
1
1
679
533
1
1
454
1220
1
1
999
756
1
5244
1
1
1
1363
1
149
1
1093
754
1
1
1
1
626
1
2
1
1
320
1
1
2
1038
696
667
1
1
2
2
1
1
316
2
1
1
684
1
1
1
121
1
467
1
450
1
2
2
714
1
1
228
1
442
1224
1
322
1
833
1
1
169
1075
515
1
865
1071
2
453
342
2
2
494
1
1
429
502
1
2
1
1
1
43
504
779
1
360
1
1
1
1
645
1
1
987
1
1
1
1284
696
1
704
1287
437
1
725
1
1
1
403
484
653
1
1
557
1
1
1
1024
1
671
1
1
1
1
1
1
1
74
1
1267
1
1
1
1
1
1
1
1
1170
1033
1
1
1
1
2
1
1
781
1
776
1
1
1
1
1
140
1
797
1
369
1
806
1
1
2921
427
1
1
1
1
1274
287
1
1
290
1000
1
2661
2
1
1
1
200
1011
1
1
1
1
1
1
1
1
1
1
1
1
1
125
1
1
96
2
1
577
1126
1
819
6
1
545
300
1166
1
1
1
320
1
395
135
1
762
661
1
1
2
1
2125
223
1
363
1
2
407
578
1
1
1
2
1
1321
89
1
1
586
1
1
1
1
1
805
365
1
1249
2
1
1
2
1
1325
1
598
536
1
1
1
383
351
237
1294
1
224
1
600
1
1
2267
1
2623
1
1
2
1
1
1
2832
2
1
2
1
2
951
197
1
770
1
1
1
1
766
704
855
1
1
2
2
312
237
1
1
1106
1
59
975
1
124
1
1
2
1
2
142
333
979
224
1
1
1
1
1193
1
1
116
1
165
331
1
1220
1
1
524
775
2
1
1
1
1
1
272
478
1
1
1
1
2
1
1
1250
2
1
2
1
264
1
7
905
2
1
175
120
1
1083
1
760
373
35
1
1
1
2
1
1
1
25
1
1
884
1
1
1
2
598
29
1
2
1
1
1
1
1
1
373
697
1
1
76
1
1
1
1
1
639
63
1
1
465
563
1
579
426
1
359
1
1
1078
1
226
451
887
1
1
1
1090
1138
1
1
1057
1
1
1
73
1287
1
1
755
1
383
109
1
2
152
1
531
1
1
1351
727
1
1
1
1
1
669
807
219
1
1
1113
1
2
1
1
1
1
771
1
1
1
708
147
1
1
1
1348
255
2
1
1
1
1
1
1
1
980
1108
1
1
201
575
21
106
872
704
1
1
1
1
100
1
1
200
2
1251
691
1
1
299
1029
427
1
1
165
111
1
572
2
1
24
1
1246
1
1
627
6070
1
352
2
1
1
707
1
1
1327
435
1
783
1
1
1040
1
85
1
609
1
1
1
1
144
513
4730
1
1
1
1
1
978
1
119
1
297
1
1016
1075
1
1
1
23
1
1
2
1
3
1
265
1252
2
1
1
422
840
1
839
1
1
328
1
1
1
1
1
1
279
290
1
1
1
1
1
976
1
837
1
1
2
325
5
1334
1
1
1
1
1
329
1
2
59
2
1
1
786
1
1
496
978
1
1
1
1
1
1
227
1
82
683
991
1
1
1
2
1
1
1
882
468
1351
278
825
1
1
155
1
1
1329
1036
1
1
288
1
1
1
1
2
502
84
2
945
1
1
652
1044
1
1
93
1
1
1
1
1
1
399
214
1
587
1116
1
1
822
1
1
89
53
1
1328
1
855
498
1
1
223
221
535
913
1
397
180
1
1
1
1
1
1
1
1
506
2
1
136
1
1
583
1
563
1
1
1
1
1
986
1
2
2
2
1
1
205
1
3
1
1
2
3
1
502
878
1
2
1
1
70
1063
461
1206
1
1
1
962
1
1
1032
1170
1
397
1252
1
801
2
2
1
1
616
1
1
1327
1
149
1
1
1
1
1
1
1
1
1
324
868
1
117
384
1
602
542
1
1
1
1
1
1
1
1
1
1
201
1
142
2
1
625
1150
151
1
1
2
215
573
1
1
1
1
1
1
1
1
1
188
2
1
1235
1
1
1
709
1
1
929
1
1
482
77
773
1
1
50
1
1
1
1
327
1
205
228
977
1
1
1118
1
1
132
399
1283
1
641
1
1
185
1
1
1166
471
1
2
1
1
1
1
1
1
1
1
605
666
1
1
87
1
1142
906
1
1
1
1
7
1
594
1014
1
1
364
1
176
1193
1
1
776
1
1
1
683
409
602
896
1
246
1
1
1
1
1080
705
1
195
1271
2
1
336
1
427
1
884
838
1
1
1
545
1
2
1
2
110
683
201
1
1
206
61
1
686
1
1
45
1
1337
1
1278
1
2
1
2
1
1
1
565
129
1
152
127
1
1491
1
1
1209
2
322
1
1
1
1228
2
1
1
1
553
437
1249
3
1
845
1
1
1
2
1
1
1
910
1
1
537
1
1034
1
1
1
1
1
45
1
1
1
1
165
1
1
1
1
250
249
1
1
319
1
3
1
1
179
1327
1
1
3552
2
550
1
1
797
1206
1
1141
646
2732
1
2
1
1
1
1
1
2
1
191
243
1
1
1
1
408
199
1106
1
712
1
587
1
1
1124
422
108
1
1
1
240
1
1
2
1131
1
1
1178
1058
1
297
1
1
1
1
94
1
1
1
588
1
1
1
1
1
1
914
1
1
1
1
796
51
1
585
1
1
808
1
477
1
826
1
1
2
1
680
1
1
80
1
393
1
1
1012
1
1
737
55
1
1177
1
786
1
579
1
1
1
218
1
170
613
1
1
1
312
1
1
2
1
1
1
1
6
629
1
2
1
1
1
1
1
370
1
402
247
1
1
1
1
1
248
1
1
1
1
522
1
1
2
1
1
933
1
2
615
1
277
1009
1
1
1
1
664
906
1
1
262
797
1
1
348
2
1
1
1
1
573
153
1587
278
1
1
1
1047
464
520
1167
1
1
586
1
1
1337
1
1
1
1
1
1
245
720
1128
1
1
1
2
1017
1167
305
1
932
1
1
1
1153
1
242
1
1
74
326
1
1
2
480
1341
1
1
719
307
566
160
1
1
1
1
985
1
767
720
1161
517
1
1
1
1
1
1
615
1338
1
1279
1
1
2
1
1009
377
812
1
721
1
1459
1
1
1
600
1
1
1
1
1
1
598
124
1154
1
1
1
1
1
1
1
1
1245
1
1
279
573
420
1
1
1
1
1
1
362
1
1217
1
556
638
348
1
2
1
1
1
515
1
923
274
1
1055
531
1
1
672
1
525
1
1
1
882
1059
694
1
3099
916
1
1
2
1
567
1
1181
1
653
1
1
570
936
1
81
1
1
735
720
856
1
1
434
438
1326
134
85
2
365
580
1040
707
1
1
1
529
1178
1073
1245
1
2
1
630
2
407
720
2
1
1
971
1
1
1
1
1302
1
1
10
1
1
1
2
1
1020
1
1
295
1
394
668
1
1
1
74
1051
191
1099
1
454
1
1
348
638
1037
708
1
2
1
1
1
1
2
1
1
1
1
1
973
1
561
1
1012
1106
659
1
208
245
1
530
5842
1
1
158
304
1079
1
422
303
472
965
1
1
339
713
1
1
1
1
1
256
23
90
1
537
1
1
1
1
1
92
1
1
625
1
1
1
1
890
2
1
639
373
1
13
1
1
1
1
1
239
537
1057
125
2
1
1
1
2
296
1
920
659
1
2
111
1
1
1250
1
1081
1
1
1
1
915
898
226
271
1
1
1
1
1
1
1236
1
1
1
668
1
1
1
1
1
1286
1
1
1
1124
1
1
1
1
118
1
236
850
825
2
1
2
1
1
1
1
1241
202
1
1085
2
1
1
2
1
110
1
1
1
1
527
1
2
749
1
1
1
1
993
744
2
1
82
1
1
700
427
1
1
1
1
1
1
1
384
720
1
1
1
384
1
1
1
1
1
2
1
1167
1257
1
1
1
584
1
274
1
2
1
1
1
1
1
1
1
1
1
1
1
1
1
1
1151
38
1080
1
1284
1
627
1
905
3627
1
1
462
2
1
48
1
1
1
992
2
1
256
1
266
1
1
1231
654
656
1
464
1
1
1
1
235
1
1
205
1135
1210
1
247
2
1
2
1
1
1
1
403
1
153
1
1
1
1
1
618
273
85
747
821
1
1
1
97
129
2
2
1
1209
1
121
1
2
1
151
131
1
890
497
1127
847
924
1
1
1
1
1
1
1
1
2
1
1
659
643
1296
1330
2
1
495
1
887
110
1
1
1095
1
637
1
1
1
1
355
1
1
1112
1
1
1
425
1
1
4
948
1
1
2
1006
931
131
1
1227
616
1
343
1
2
226
4714
1
508
1
158
1
2
969
1
1
1
1
573
1
1
1
1239
1
1
1
944
235
305
1
1
722
1
1
1
1
1
1
1200
1
82
1
1
1
1
757
1
109
1
776
1
1
1
1
1
636
1
1
1
1
22
1
1
1
1
1
1
1
843
1
945
7
1282
1
76
104
417
1
325
1
1
2
2
343
1
1
1
1
550
1
1
2
1118
1
2407
1
1
1
107
1
1
1
1
1
1
1
1
449
689
1
1
1
166
1254
520
1
109
1
1
943
818
1008
1005
667
1
1
864
750
1
1
149
393
1
1
547
403
1043
131
964
1
2
1064
1
508
1
32
1
400
1
1
1
1
1
2
822
531
1
1
404
1
1
970
1
1228
1
1
282
790
1
4363
1
1
1
1
1
44
1
180
1
1
944
708
1
1
2
1
1
1
1
1
359
1
1
1
1
340
90
2
1
1
2
1
1
427
301
1291
1
173
82
1
1236
1
1
140
1
1
1
1
1
1
2
1
1
1
1045
470
1185
367
1
733
1
2337
1
1011
1
1
15
1
2
1
1
1
1
2
359
6
1
2
756
1
632
1
1
1
1
542
1
577
1
1
1
1
1
564
1111
298
1
17
474
1
1
512
1
1
362
286
1
1
2
940
1
342
840
1
1336
1
1
1
1
1161
1
2
1
208
1
1
762
1
1
1
1
1
579
1
1
1
882
1
1
1
1
554
1
1
1
1
71
1
1
1
1351
1
1
939
1
2
1
1
1
751
47
1
1110
1
688
1
1
1
1
1
1
1
1
1
515
1
1
870
679
1
395
1
1
1
1
785
1
17
111
1
1
372
467
1086
1
1
1
1
1
909
1186
479
1
1
1554
1162
1
1
1
1132
1
435
1
291
1
1
1
1
1
1
1
1203
938
1
1
1
14
1
102
579
1
105
1
1
208
1
1
561
2
1
1
385
1
1
1
1
781
1
1
943
842
493
1
1151
1
1
1
941
1
1
1
677
1033
2
1
2
408
1
1
477
3862
575
1
16
1
728
121
1
445
2
1
1
956
1
1
391
1
558
363
1
84
1
131
1
62
1
1
2
1
1
1
1
2
524
180
1
1
1
1
1
843
1
1196
858
1
1
247
538
606
1
1
1297
1
227
1015
199
1
1
1
2172
1
852
1286
1
1
1
2
232
1
1
1
1
482
2
729
1
545
153
627
1
1
1
1
473
1
1
682
741
1350
1
2
1
1
1
826
1
764
1
2
1
1
1
374
779
1
1
2
974
1
1
184
610
19
673
1
1
1
2
2
505
1
1
1
1
1
905
614
2
1
1
258
1
1
1
729
1
640
6
1
4720
886
2270
153
1
1
1
1
1
1
1
1
23
1235
1
1
931
1
51
2
222
1
1
537
911
1
1
1
520
787
188
1
1
1
1
1
1
170
1
2
1
1
37
1
875
1
1
1
1356
60
1
135
584
24
1
1
14
659
1216
1
1
82
1
1
1
1
823
609
1
1249
1
1057
1
249
1
1
476
1
446
946
1
1064
1
2
861
1190
715
1
1
1
1260
1
1
607
1137
1
474
1
1
1
1
1
795
901
1
1
1919
205
610
1
47
1
1063
1
1
1
1
1
1
1
282
657
1
1
1
1
1
1
1
1
19
1
1
1
1
1
1
1
1
1
1
2
216
2338
262
1286
2
1
521
1
872
1
1
1
1316
1
252
630
1
1
380
2
1
2843
1
868
1
1034
1
1
1
430
510
98
1
907
327
1
1
58
316
532
1
1
1
1
280
1
1
864
1
1
364
1817
676
1
1166
1
352
195
1
1
150
548
3
36
1
711
2
1
1097
1
1
1
1
1
279
2
1
1
1
1
1
1106
1
1269
1
1
1
1
572
1
1
1
17
1
1
1
1
1
1262
99
1
49
1
365
1055
138
1
1
559
703
811
913
3
1
1210
155
684
1
271
1
1
1
1
1
387
82
360
1
1101
2
1214
1
1
1
1
1
1
1
328
1
982
1
1
1
940
257
59
1
1
1
1
1
1
1
2237
1
1
1
112
1
231
1
1
1
1
1
49
1
2
92
1
1
910
1
1
1
1
517
1
5015
1
1070
1
1
46
955
1
1
311
2
1
1242
1
381
1
93
1
1
663
1
1075
1
40
413
1
1
874
248
1
153
2
1
1
55
509
1
1
1
1
1
161
1
1
1301
1
1
1
713
1
1905
1
1
1
815
2
1
1
1
586
252
1
56
496
532
1
1
1
1
2
1
1
1
1
1
1
1
1
696
1
1
1133
1
268
1350
1
1
951
1
705
732
1340
2
1
667
1
1
1
1
1230
1
544
1
752
35
199
1
1
990
1
1
1
1183
1
209
1
1
1
925
1172
2
1
1037
1217
1
1
1
312
1
711
1
1
1
281
1110
1823
1
1338
167
1
1
1
1
1
1
1
552
1
1
1
37
1
1
1
1
1
1
1222
1
19
1
1
1
2
1
1
2
406
1
1
1
1
1
311
1
112
1
305
1
1
53
1
1
1
1
274
397
1
921
1
1
1
889
1315
137
324
1024
1
1
1
337
1
847
1
769
1
1293
1
84
1
767
1
137
1
1
1
1
52
1
455
1
1
1
1
189
3
1
2
1
1
1
848
1
1
1
289
1
1
52
1
1
1
161
1
1
1
1
3771
1
1
22
658
1025
1
1
1
1
1
1
781
1
1
1
1016
765
752
1
1222
252
360
1
855
2
1
1
712
1
1
1
1
274
449
520
1
630
1161
1
1
1
2
868
1111
2
936
395
1
1325
1
1
1
1
1
1
433
979
1830
697
1080
1
2
1
1
560
1
263
1
1
589
3
1280
1
485
1
219
774
1
920
1
1
141
1
1
1
1
1
2
47
2
1
1
73
1
1
1
1
630
1246
45
1
1361
2719
1
2
64
1
1
1
695
1114
685
1180
1
1
2
1
1
1
1
1094
1
1
6
1
475
1
847
1
849
1
1
308
1
980
1
624
1
2
1
1
350
1
1
1
1
709
1
408
608
838
80
1
1355
1
681
1
1
43
1
1
1
1
1
1
66
260
704
1
605
1
581
488
1
455
1
959
1
1
426
113
1037
466
1216
677
1268
1
1
1
643
1
1
1
386
1
1
1
1
1
639
397
1
189
725
33
240
145
1
1
240
437
350
66
774
78
1
652
1
1185
1
1
1
1
1
1
2867
1
801
1
607
196
1
469
1277
416
1
1107
1
345
1
1
1
316
1
456
1
1
1
151
1
1
1
800
1266
1
1
1
1
1
408
809
1
1217
1
988
2
1
3
299
387
401
1
1
1
1
7
342
772
1
927
374
1275
2
1
1
1
1
1
1
1
1
2
1
1
505
1
1246
1187
1
934
896
1
1
1
256
1
1
1023
1
1
1
1
701
1
1
1
1
16
1246
1
1
857
160
1
1
1
1
1
1
1
2
1
108
1
1
27
1
123
1
87
209
1224
636
1
919
2
1089
2
1050
1
587
1
2
1
1
465
1
1
1
1
1
1
1
1
732
835
1
106
1
1296
358
1
1
1
1
1152
1
120
1
1
1
1
1
3
2
319
148
1
1
1
1
82
222
515
1
952
3368
2
960
1238
1
1
1198
1
1
1
2
884
1
1
700
334
1
995
1
6
726
1
300
76
1
1
1342
1
1
1
1
1
1
495
865
663
1
1
797
2
1
276
1
1
100
1067
609
1210
1
1021
247
104
1
456
1
77
1285
1
1
608
1
1
2
713
443
1
1
1
49
1
838
1
123
1177
1
980
1
1
1
51
1
2
1
1
1296
1
2
697
425
1
1
1
480
1
1
1
1009
348
1
1054
1
652
115
454
1
1
1
1
1
1
770
1
1
1
1
1
252
1
1
1
1
1178
1
1
1
1
1
1
372
1044
893
1
1
841
1
681
1
1
1
6
1
2
2
1
1
1
68
1
1
402
1
1
1
878
464
485
1
301
1
90
652
1
279
1
916
1
790
617
2
1233
893
1
1
420
1
1
2
80
1
1
1
403
1
1
2
1
2
541
594
216
1
1
1
1
1
722
1
1
1
1
1
844
1829
1
1321
1
1
37
1272
1118
1
1
880
1186
2
2
427
1
1
1
764
1
1
1179
1
1
1
1
1
1
1
1
2
2
279
1
1
1
1
512
1
1
1
370
1
751
161
1048
18
317
788
1
1
674
1
875
252
450
1
1
1
16
1
1
824
1
46
1
1
801
1
1
673
1
1
1
288
366
876
1
1
1
267
1089
1
34
1
436
1154
2
2
797
473
952
924
446
1
386
52
1
360
1
1
1
629
113
1
500
1
1
1
2
1
32
396
1
42
576
509
1
158
18
1
1
1
1
2
1
2
1
1
1
1
1
1
1
1
1
1338
5
1
582
1
1
103
1
281
341
1
1
1
1
2
2
504
1
679
1
201
1
180
861
146
2
1
1
526
1
1
204
1
1
719
487
601
1
133
831
765
1
1
1
190
262
1
367
1
1873
1
1
1
1
1
2
2
282
1
1
723
1
1
1
468
1
1881
1
1051
574
1
1103
1
1257
1
1
1171
1
851
1
933
260
1
142
1
1
1
1
1
523
1
19
1
1
1
940
821
1
1243
413
1
1303
1
1
278
201
1
401
455
642
1
831
1
1
1153
1
597
605
1
1
1
1169
59
1148
1
2
1
1
448
2
1325
3232
1
1
1
49
1
1
1
1
1
959
128
797
1
1
30
1240
2
1
2
940
1
1233
1
1
30
141
1
1
349
1
1
895
1277
1
1
1
1
410
1
1269
1
166
1
1
1
191
35
1
1
2
1
1290
1
1
118
648
1
1
613
1
315
1084
992
1039
2
1
1
219
1
195
1
1
95
1
387
1
1
209
1
1
1
988
1
1
1
127
992
1
1
1
1
1
1
1
1
1
1050
579
1
552
707
74
1
1
886
877
215
594
32
1
1
719
1
600
433
34
592
1
1
749
1
1
1
1
337
1
1
47
312
1
1
1
1
1093
1
1
558
1216
297
1167
99
1
2
1
1
1331
1
1182
1
103
1
1
222
1
1024
1
49
972
2
2
1
1
1296
1
1
911
597
1
322
1
1
1
1
477
1
1
1307
926
1098
1
1
1
2
1
1
1116
1
1
1
1
1
1
2
707
1
1
1
1
1
898
1
1
931
1
1
69
1
1
1
430
1
1078
1
1
389
155
2
1
617
2
31
1135
1
45
1
151
1
349
1
1
1
1
1
1
1
1
1
191
1
1
1
1
770
1062
1
1201
1
1
421
1
1
1
833
2
1
1
1
1
1
2
1
1
1
1
1
1
1
2
1
1
423
1
1
1
1
1
1
161
2
1
2
1
1
1
3
1
484
178
1
554
1564
1279
1
1
256
1
2
351
1
1
1
268
770
93
1
1
1
1
762
1
1048
1095
479
1
1
490
1
1
1
1
1
1
2
1
2
2
2
1
1
1
1
1
1
1
505
828
1
2
184
2
1
729
1
1
1
1
1
290
1
1
1
1015
676
1
1
1280
400
1
766
221
1
500
1
1
2
879
1
614
1003
1
1
1
1
1
753
2
1
1
1126
1
2
1
665
1
2
1
1
1
1
448
1
1031
186
1
1
2219
440
1
2
1
783
1
514
1
1
1
1
1
1
1355
1
1358
520
614
382
1
657
1
1
1
383
1
2364
1
1
1
1
1
726
1297
1308
1
1159
1
1
1
1
452
667
1
2
1
1
1
1
1
800
2
1
310
659
1
612
647
1
2
1
396
1
812
1
1
1
2
344
2
1311
1
1
1
44
1
1
511
1
2
736
328
1230
1
1
2
1
1
1
1
1
1
314
1
812
1
125
1
115
1362
424
1042
1
1
1
1
1
1
1
433
450
1
289
1111
1
310
1
1
142
1065
1201
768
1
1821
1
1
1
1836
684
594
2
1
1
1126
209
1
2
499
1
385
1
1
404
1
270
1
399
291
1
1
1
522
1
1
1
875
1
1
217
1
147
939
1
1
1
414
1
395
723
1
1
1
1
462
858
641
56
1
1
1
1
1
1
151
443
1
1
1
1
1
1
1
35
1
123
2
1
769
1060
1173
199
1
2
1
1
1
1
1
1
1
1
1
1
2
1
1
47
2
2
1
1
1
77
1
237
1
1
1
1
1
275
2
50
1
1
1
1
1
1
413
1
1305
1
855
1134
737
562
579
620
1
1
172
1
1
1
1
1080
5
1
1238
1
5874
1
642
821
1026
488
1
1
1191
1
852
1
1
315
1046
816
1
40
197
181
1
1
13
1
1100
305
1
1
75
700
1
229
950
736
202
1
1
1
1
1
1023
1
1
1
1
1
1
1
1
438
258
989
441
2
1
1
908
2
1
1192
1
631
1
1
1028
644
1
1
2
1
1
1
1
109
1
1
165
1
559
1
1
162
1
1
1
230
1
1
1
1017
1
1
1
1
1
326
1
1
94
289
1063
1
337
1
1
1
1
1
1
2
1
333
1
1
1
1
1
1
308
1
335
1
1320
1
1
1
319
1
1
513
2
1
1
1019
1
1
400
98
1
236
1
189
1
1164
1
1
1
1
1
304
998
376
1
471
1
1
261
1
1
1
2
1
1003
1246
732
1
1
2
1
142
1
1
407
491
1
1
1
1
1
1
3
1
95
1
1
1
2889
1
1283
1
1
1
1
1
555
1
1
552
1
1172
1
1351
1
1
6306
1
88
553
1
2
124
6014
183
1
1
1
1
1
1
1
1
1
1
1
1
1
1
1
422
932
2
1203
1
1
1
1
436
1
1
1
1
2
967
1
1
1
1
1
1
595
1
1
1320
11
1
1
61
1
1
1
1
1
2154
1222
1
427
2
1
1213
1
1
1
366
1
778
195
353
1
819
1
1
2
1
1
1137
1
1
1
1
1
1
2
1
383
2450
2
1
1
259
1
1
697
331
1
1
230
2
1
559
1
1
1
1
1
1
1
1
370
1070
383
1
1
1
724
1
1
1
1
216
841
862
766
53
713
1182
1
40
587
1279
1
149
1
1
1
2
1
1
963
822
1
153
1
1
1
1
1
1
1
94
1
1
161
1
1
1
1
1
1
1222
1
1
1
1177
749
418
165
1337
525
1
1
1
1023
981
1
171
1
749
880
1
1
1
1032
1
1
2472
1
2
2799
606
1
1
1
632
1
1
1
1
7
561
1
2
951
1285
2
936
63
1
1
1
1
187
1
1
1
1
1
1
1393
1
1
1
1
1
532
1
709
1
1
1
1
1
2
1
1
1256
27
1
752
1
2
333
1
1
1
1
384
1022
1
1
808
1
1
838
1
1
303
1174
1
241
1
133
1
1
190
1
1
1
1
1
1466
1645
1
1
1
854
1
1
1362
857
1
1
1
1
1
1
1
497
1
406
1
1167
1
1
1
433
1
1
1
1
353
1295
736
1
639
1
94
1
1334
214
1075
1
1
1
176
876
312
1
1
1
1
1092
1
833
1
511
785
1
2
1
606
1
1
1029
1
1
1
2
675
1
1
1
1293
1
1
1
1
323
453
1
182
1
383
441
1
1
708
741
1
730
1
229
2
1
742
1332
1
456
1
1267
829
1202
192
1
1
1
1
639
1
2
1266
1
1
727
1
1
1
610
1
1
1
1
1
1
553
991
1
1
1
1
1
1
320
1
2
1
888
488
1
1
1362
1
66
650
1
1
1
871
2
525
58
1
1
2
615
348
363
1
903
236
878
481
879
1
2
536
1
577
214
1
1
96
743
1
1
370
1
1319
1090
912
1
1
1
1
1
1
2
2
141
1
871
62
1
2
485
1
1684
142
1117
1
1
2
71
2
1355
1
1238
155
1346
1
1
1
1
1
1
667
1114
32
277
1
1184
1
1
1
1
485
1
445
190
2
1085
1
726
513
655
1
166
1
1
1
1
1288
1
1
93
1
2
776
1
1
239
585
1335
2
1
1
556
1
1504
1
1230
1
206
1
628
789
231
1
969
882
312
1
1278
1
1
1
1
645
3875
1
1
166
603
1
652
1
1
411
2
1
1
1
1
1
1
1
1
1
1
1
1
1
1
788
1
1
249
1
1
2
1
1185
1
1213
1
1
498
1
1
1231
546
2
1
1
1
1
1
12
256
1
346
1261
34
1
672
1
1
718
2
1033
1
1
328
1
1
1
633
1
1324
1
1
1
827
1
1
2
1
1
1
1
1
11
886
1
1
1158
1
783
1
1
1
1
281
1
2
565
1
2661
1
272
1
1
2
1
1
1
1
1
1
1360
1
1
1
1
819
2741
1
581
1
1
1
1284
103
3
1
1
1
1
1
1
839
236
595
390
1
201
1
335
1
1
1
1
848
1
1
2
2
1
1079
272
1356
2
654
528
399
1
1
798
1
1
1
1
1
94
1
921
414
1
1121
1905
1
1
1068
1
1
1
1
1
1
1
463
1
1
150
1
132
1
722
499
1
1
1
25
146
854
125
808
2
1
1
490
2
1
1339
1
2
1
1
2
137
828
1
814
3
2
1
2
589
1
1
1
1
1
1
711
109
1
1
379
10
1
691
1
1
2
1
1085
490
1
464
827
1
1
1
1087
187
272
1
1
1
1
530
136
769
1
1
1
448
1318
2
1
422
698
1
3
1
1
1
903
170
1
1
1313
1147
1157
175
1118
73
2
1
2
1
462
1
165
213
1
1
1
691
320
1
1
1
1
1
1
1
1
170
1
622
1
1
1
503
268
394
1
1
1
1
1
507
1
1
4437
1
1
1
321
1
1
1
395
1
1
2
1
1
1
179
633
1
1
1244
1
1
1
352
1
1
1
397
1
434
1
474
1
1
762
1150
1
482
1
1
1
1
1
155
979
1
1
1
135
1
1
79
1
1
2
675
45
1
1
2
1
1
1
1
1
1
1084
1
1
182
1
1197
1
1
1
1
371
793
2
1
1
616
17
2
587
2
1
1
2
1
1
1
1
779
1
29
1
1
1089
1175
1
445
1
676
911
2485
538
1072
1
1
669
1
1
1
1
2
2
189
87
1
1
1
1
467
2
1
1
1
1
877
1025
1
1
3641
1
1
825
280
1
1
159
187
404
666
1
1
360
2
1
1
1276
2
586
1
1
616
758
1
2
1
1
1
494
1326
812
1
212
103
1192
892
1
303
318
2
1
522
1
1
1
1
1
1
552
246
1
1
1
1
1
1218
1
434
1
666
652
1
1
1
1
1
1
1
2
563
697
1
790
376
2
1
1
1
1
2
1
1
1
423
1270
1
549
1
311
1329
1
1
1
389
1
1
2
1
358
580
1
440
693
1
1
1
1183
1
1
1015
1
381
1
1
325
1
1
1
1
972
1
1
44
174
936
2
847
1
1212
1
1
1
1
2
1
562
735
354
1
719
958
2
132
515
1
950
8
1196
1156
1002
405
1
495
206
361
1
1
1
682
1
1
2
1
4
569
1050
1
1
1
1
1
56
1
1
770
286
1
282
1
1
1
1
35
518
961
535
1
1
1766
339
1
2
1
1
212
1
1
1
1
98
1
1
1
1
1
95
1208
1
1
1
1
631
1
1
85
149
1
146
58
505
1042
1089
1
2
934
432
624
1
1
1
1
1
1
1
1
1
1
369
1
1
1
162
1
40
1
323
1
382
1
1
1
1195
1294
1
514
544
1
1
1
1283
436
1
1238
801
1
1
2
1
1
696
1
2
481
1
591
1
1
1
1236
1
1097
1
1
831
589
755
779
1
2
3
621
329
1
1
1
1
1
1
1
1
582
1
1
220
1
1314
1
1
1
1
1
1
272
1
1
1
1
1
1
1
131
388
1
836
1
1
1
2
285
1
1
1199
1
335
1
217
1
1
1
1
238
1
998
1267
54
1
1
742
1
1
5
2
1
904
1
1
55
1229
273
2
1
1
1
1
1
10
1
1043
511
1
1
1
1160
1
1
1
848
1
1
449
1
1
1
1
96
506
1
1
1
1
1
1
1
1
948
1
1063
1
1
111
835
1
1
1145
792
1
393
1
546
1
1231
1
1
1
1140
647
813
776
1
282
477
1
190
1
588
1
1
651
767
1025
1
645
1
683
1119
745
1
1
1
1
1
1
1
1
908
1
1
1248
1
1
1
1
2
524
1
1
1
1
1
1
792
1
1
1
1
524
179
1
1
1250
1
131
1
1
1
648
1
290
344
1
1
436
1
308
919
1
2
1
1
1
519
181
191
206
1
56
1
1
257
1
186
826
1
550
2
3
2
246
1
1
1
1
16
1
1
1
1
1
1
140
1
1
88
1
1
1
1
848
1
1
77
357
1
1
1
1
1
758
1
1
1
1
1
1135
165
1
74
1
2
1
1
1
1
2
25
1
1
1
1015
875
1
1
1
1
131
1
525
1
1
1
269
1
2
1070
1
1
1025
1
2
10
2
1
1
128
524
1
1
1
699
1
60
250
1
78
1
1279
1
1
495
1
1
745
1
1
1038
2
1
1
1
1
255
866
1021
1
1
1
1
1330
1145
1
1
122
551
1
915
2
1
1
1
1
1
1
1
861
1
1
1
1
284
1147
1314
68
1
1
1087
1
917
1
1
1146
2
1
1
1
496
1
2
1
2
1
515
5
1
1
1
1040
869
1
1
146
1
1
509
1
1
1
1
1
1
1
1259
2
27
98
1
1287
573
1271
1
1
1
1
1199
92
491
596
2
1
1
2145
184
1
1
1
1
453
1
232
1
978
499
1217
150
570
1257
469
1
1
1
419
1228
1
20
469
1
1
1
1
367
502
1
1
1
1
1
1
1
1
990
1
1
1
984
2
337
2896
1110
4
1
940
1
1
1
557
1
578
294
1
1
1
1
641
392
1200
373
1
1
1
1
1
1
224
1
1213
1
20
1
1
1
125
1
1
1114
333
1
349
1
913
1
1
1
1
1
1116
1
1
3
125
1
1
1
1
1
1
1249
2
281
463
1
13
1
1
1
1
1
1
1
1
1
1106
1
1
561
44
1
1
1
236
1
1
1173
781
1
1
1
1
1
1
299
1
1
548
1157
1
235
323
1
1
1061
2
1
388
884
177
717
1
107
2
1
1
1262
517
1
1
1
1
1
533
2
680
788
1921
1
1
56
1
819
1
1329
1
2
600
1
1
2
1
915
1
924
1
1
1
1
720
983
1
2
1
1
1023
1
1
1
79
1
1
60
2014
1277
2068
1
1
777
1
1
304
1
39
1252
1
1
1
1
2
1
173
1
1
1
1051
1
1
242
786
1
1
623
580
1
1
715
1
12
1
387
1
715
123
880
168
2
1
659
2
484
153
2
582
642
661
1016
1
1
1
2
1226
1
1
1
1
1
1166
1
1
808
1
1
1
1
1
760
1
380
1258
1
5905
1
52
1
53
283
859
1
1
2
981
358
1
1
1
10
2
1063
1
69
1
1208
93
1
1
1
1
154
1
1
1
1
1
686
919
1
23
1
97
1013
227
1
858
1
253
723
1
1120
1
777
538
310
1
1225
2
1
1
311
1
1282
1058
1
1
41
1
1344
597
1
547
1187
1
1
403
874
824
690
1
720
1
1
1
1
440
1
1
1
2
628
1040
832
46
744
1256
1
426
1
1
62
1
1
202
1
1
1
1109
1
228
1
1
1
363
1
1
1
2
1
1
1
1
1
1
1
284
555
1
1
301
145
1
1
1
1
94
1
1
100
307
1
1
1
28
5
1
2680
654
1
1
1314
1
1
1
871
1
1
1
69
1
1
814
1
1167
680
535
4473
76
76
2
1
1
1
804
1
1332
1
748
93
1
1
1
1
1
1
4
1
1
1
1185
1
1
1
1061
1
1
102
1
596
819
1
1
1
100
129
2
819
495
1
1216
49
697
2
1
1268
1
1
1143
2
1
1
885
1279
723
1
1
1
1
525
1
1
1
433
1
674
906
755
1
1
1
1
2699
1
1
1
748
238
22
1
356
1
1
1
1362
1
1
275
120
1
26
568
1
1192
1
686
1
3
1
94
1
603
1
1
272
1
1
261
1
2
1
1
407
1
1
1
1
1
1
2
1
1
1
1
1
1
1
878
726
401
1
1167
1
1
1
149
375
1
1
1
1
1
1
1359
559
2
1
1
921
963
1
1
1
1
888
2
1
508
1
32
575
1
1
1
1
1
1
112
761
1
520
1
1
1
347
1
1
1
1
496
741
601
618
579
1
1
1272
1
2
1
2
945
2
768
688
1
1204
1
1227
80
1
1
61
1
1
1
1
1
194
706
1
789
883
1
1
1168
585
1
2
1
1
1
1
1
1
1
1
769
1
1
298
1
1
128
1
2
589
1
1
1
1
1
1
1
1
160
1
1
1
311
1170
1
220
391
1
1
1
185
1
106
1
1286
1
1334
1
1
923
1
1
1
1156
1
1
1
1
78
396
293
1
503
1
1
644
662
1
6
1
1
1
437
100
1
1
624
1177
1
179
249
1
286
1
1
1
1
608
525
260
1220
1
1
1
1
1
1
1
1
1
1
1
2
1
181
472
1
862
1
1
758
526
1
1
6
1
1
729
1
2
1
1
1
1
1
1
1
3
1
1
1
1323
23
366
335
1
2
1
635
846
340
1
1
266
1
1
1
1
1
1
2
1
1
1283
3
1
1
1
1
1
648
1
1
1
268
1
1
2
1
1
642
1
1
1
641
1
1
1102
1
621
1
930
1
1037
2
1
1
1
914
1
1
1
60
1
2
1210
1
1
1
601
1
781
1
3370
1
1
1
1
1
562
139
1
1
1
656
802
200
1223
98
1
150
1
1
262
1
1
654
2
1
1
1
403
7
1
1207
1
1
1
1
1152
1
1
1
1
1
1
1
1
309
1
841
275
395
1
1
445
1
1
1
1
688
983
1
1162
1
1
1
19
1
1
1
1222
1
997
1
1
1315
805
1119
1034
1
614
1
1
1
1
70
55
1
1
1
198
19
1045
244
945
1
1
492
1
212
1
1
180
623
1214
1
370
1
2
1
2
2
1
1
1
1
1
1
1
1
1
1167
1
353
1
1
1105
1
1
1
2
1
1012
1
607
1
1
604
1
1
7
1
990
1
2
1019
3031
782
1118
1
1
2
1
1358
1
310
907
1165
411
1
1
711
1
1
1
356
354
1
1
491
671
1
1
1
1
1
483
575
995
2
1
1
618
1
177
1
1
1
1
1
1145
180
1
2
902
1
463
1
1
1276
1
1
1
1
274
995
2
1
805
568
1
96
845
1
2
1
1
1
285
1
1
1
1
1
1024
1
677
1
1
931
294
420
1
268
1
1
1
1128
656
269
1
1106
1
1
1
1
1
1
1
1026
136
1
1
1065
1
1246
869
1
509
665
538
564
1
1
1
1
1
1
1
1
1214
1
907
1
745
2
684
1
1
649
1192
1
580
1
1
1
2
782
561
104
1
241
504
1
2
1
1
610
1
1
1
1
325
1333
2
1
1
1
1
1
1
2
1
1
1048
979
719
1102
1
511
3
1
1
1
1282
730
1
1
1
1
1
838
1
1
939
1
1
1
1
1
1234
1
1126
1083
239
1
1
1
1110
218
158
1
1
853
1
426
1
1
454
1236
79
1
460
296
1
324
1
1304
1
96
1
1
1
1
717
1
1
1
1
1
1
1
799
1
1
289
1
2
487
1
120
1
1269
1
1
179
1
1
1
1331
1
1
349
1
105
96
656
1
1032
1
1
1
144
1
1
1203
1
10
1288
1
1
1
777
348
530
1
1
1
1
1
1
1
789
1
1
1
1
1
1
1
1
1
1
1
1940
1
1
1
250
1
1
1
1
454
208
1
1
1
1037
1
1
643
1
1
1
1
2
421
962
1
1
1
1
837
1
441
1256
1
1
902
1
1
1
1
1202
1
1
1
1
1
1
1292
246
548
351
1081
697
333
1
94
1351
1
1
1
1
1
1
2
1
1004
2
87
205
775
1
870
3734
481
1
1
1
1
1
979
329
1
1
374
1
1038
235
1
148
1
1
1
1059
154
1
847
1
383
1
841
1
1301
1
30
1329
1
2
695
1
1
1207
1
313
256
55
416
222
1
1065
962
1
1
2
654
1
1
455
1
46
286
1
1
209
1
2
947
1
1
1
2
881
1
2
1
1
925
1
55
1
1
1
1
27
939
1
1
1
2
420
885
1
452
1110
1
566
1
2
404
1
1
1
1
935
767
1
1
480
1
846
1
470
652
1
452
37
885
36
1
1
4
1
1
1
478
1
1
1
1
795
251
1
1
1
1
1
1407
1
1149
1
1
2627
1
1
1
1
1
1
483
2
1
1
1
1
445
1
8
1
1
1
1068
41
1
235
1
2
2
1
1
1
29
1
1
590
479
1
1
1
1295
1
895
1
1
1
1
1
1
1
2
924
277
1
1
381
1
1
1
2
871
327
471
865
971
502
1061
1
1
1
872
479
259
1
261
1
1
911
1017
923
1
594
2
2
1
2
1
1
1
349
1
796
2
1
1188
1
1
1
1
248
1
1
1
1
1
659
1214
1325
192
1
1
1341
438
1
1
1
1
1
1
1347
1
1
1
124
1
656
1
1
1
1041
1
141
1
216
1
1
1
1
1
1313
682
1
55
1
1
1
81
1
1
193
615
1
455
1173
834
435
775
528
745
1
416
202
1
204
1
786
1
174
1
1145
2
126
1035
1
246
1
926
331
730
1
1299
1
1
2
2
1
1
2
1
1232
935
952
1
634
502
1
2
1
1
263
1
1
1
1
1
1
2
1
1
1
359
1
537
1
990
1
1
1
1026
1
1
265
1
1
1
1
323
874
1
1
750
2
1
1
2
617
1100
1
1
1
830
1
1
1
1
178
783
1
2
781
3
1182
998
626
330
1
1358
687
249
1278
647
599
1364
928
1
300
700
1
886
234
1
1
1
1
230
2
1
137
2
1
335
1
1
1
1
1
2
1
440
460
1114
1
1
1
1
1
1
2
1
1514
1
1
112
1
1
452
708
1
1
1
1
1
2
90
1010
1028
1197
1
1
1
1
209
1
1
2
1
1
1249
1
642
1
1364
1
256
1
1
1
1
1
2
46
1
234
2
1
1
1
564
2
1
1
1283
1
1
1
1
433
1
2
1
1
1
695
3
1
1
1
73
1
1
608
598
1057
1
1
1063
1
2
65
1
2
30
1
315
1
1
1
1
4770
2
122
759
1
1
1
2
1
670
1
283
1069
1
1
175
1665
1
1
1
370
1
1
145
155
1125
675
1
1
1
748
1
1316
1
1
2
1
811
1
1297
1
1
335
854
615
1
443
883
739
5
1
1
1
1
1
1
1350
1
561
1245
1
1
485
1
166
2
1
1
1
1
1
1
1
1
1
1
1
1
1
1
1
1
566
513
1
2
849
1
1
1
1
1
133
710
1066
1
1
1
415
1
1
1350
1021
1
1
1
1242
1
1
1
453
1
1
1
226
679
251
1
17
1
1
1
607
834
1
1
1
982
1
1
1094
1
503
657
2
133
1
472
1
1
1
1
857
355
1
326
1
1
1
1
1142
1
1
1
1
1
910
2750
1
1
704
190
1
976
1
470
1
1
1
415
1
1
1
1
1331
1
2
471
370
1
672
1
160
1
1
1
162
534
1070
496
522
1
1
1
1
1
1
347
1
609
1
1162
1
1
53
2
2
984
1086
850
1
1412
159
1
798
868
1
1
1
236
1
146
1
655
1
1074
1
1
1
1
1314
1
1
335
122
1
1
162
1
612
1
769
1
1
550
808
187
2
608
1
432
1
2
503
1003
340
1
1
1
2
1
92
1
1
2
1
1
1
1
588
1
1
1
596
1
1
277
384
1096
1
475
1
1
104
185
1
1297
1
1
1
157
1
2
1
1
1
1
2
1
1
1
2
426
1
1253
1
345
1
1
943
1180
1
1
2
2
2
1
1
2
1
1
1103
1
1
1077
1
12
594
1
442
149
1
1
716
1276
179
1
1
1
167
1
1
540
165
20
1
703
1
1
1020
1
263
2
6
2
1
1
1
204
2
1
340
512
474
1
1
134
1
1
86
1
1
1114
1
1
1
1
1
1048
271
1
1
1
1139
147
1
515
1
1
1
1
3
708
1
275
873
1
1
323
1
1
1
911
1
1054
4192
1
2
1
1
1
292
1
801
1
1
1
1
1
1
551
1
509
699
244
1
1
1
1
1
1
113
1
159
1
186
1
425
1
1
2
924
1
1
1
1
462
1
1
1
61
1
109
1
150
667
711
1
1
188
528
643
1
21
1
1
1
1
3
916
1
1
1
400
1
1
1
1
1
2
2
1
1028
1
706
301
1
746
1
137
563
1
32
1
2
1
1
1
1
1
1
1
1
1
1
1
1
1
849
1
1294
164
1
526
215
1
990
1134
1
971
811
1
1
1105
2
220
1
1
2
300
1
1
391
727
2
798
925
720
1
699
849
184
1
1
1
1
1066
1
2
295
1
344
1
1
1
978
1
51
1
768
331
141
354
1
2
1
1
1
1
381
1
154
1
1079
268
1
1269
1
1309
1
1
1
1
151
763
806
1
1
1
1
1257
1
1
2
1
746
372
59
200
1
1
58
489
1086
1
1
1
1
511
1
1
1
487
1
1
519
1
1
1
1
472
1
1
1
1
1
1
171
1
1
2
1052
1
617
1
1
318
1
1
543
1
2
1
1
1308
1
1
1136
1
1
1
1
1
1
2
452
1
1
1
535
1
157
2
1
1
923
1
1
976
3346
673
149
1
1299
1
1
757
1
1
1
1
816
1
1
195
1
1
1
1
1
1
1
1306
1
2
443
12
1
1
1072
1
372
147
1
1
1
1
642
1
1689
1
1
1
881
1
1
149
1
1
1
503
92
1
1025
1
15
66
1
319
1
1
799
1
2
1018
5
334
273
320
1
1207
1120
279
1
120
2
1
1
789
1
1
1
1
678
1
1019
1
136
924
1
1
2785
254
94
1
1
2
870
296
1358
1
2
149
1
331
1
1
1
1
2
1157
1
1
1
770
1
1
1
173
1
902
824
1
675
1328
1
266
2814
1
1
1
1
1233
1
510
1
1
1
337
1
1
1
1
1
1
130
712
501
1
446
1
256
2
576
315
838
1
1007
1
346
273
974
1
970
2
1
871
133
1
1
996
1
1009
521
569
1
573
1
1
532
147
602
106
1
1
596
1
1
835
1
316
2
781
649
1
1
1
72
1
1
1
1
1
2
1039
1
1
1
1
1
1
1
1
1
803
156
737
1
1
1
363
1
1
1
1
1
1
1
285
1
1045
317
1
1
830
1236
919
1
1
1
1
831
1
1
1
1142
956
53
1
131
1
1
1
2
1
1
1
1289
139
1
3271
8
1
1
1
118
203
268
1
1
1
280
1
1
1
1
1
1
2
712
1
1
2
1
1
1
1286
833
1
526
108
1191
370
1
1
1
1
42
91
1
1
1
1
643
1
2
569
191
450
1
1
1
1
1
583
1346
381
1
1
1
1
686
1
573
1
1
11
4856
436
1
1
1
1
387
1
1
1
993
1
939
1
1
1
1
1
1301
1
23
1
1
422
1
1
1
198
1
2
1
744
1
1
1
884
1
2
1
1
1
1
570
1
2
1
1
28
1
1323
1
2
143
959
1
1
1152
1
2
1
1
1350
1
1
715
413
1
85
2
1
1
1256
1
1039
972
686
176
2
1
1
1076
1
1
419
1
5931
1230
1
1
741
374
323
1
1
563
1
744
218
813
1
1
1
33
344
1
1
1020
2
1102
1171
1
1
361
1
1
1
162
349
917
513
1042
201
2
500
136
1
88
1
217
66
1
1
555
1
1090
1
1
970
2
1209
804
1
1
80
196
1
1
117
1
503
1
1
663
1
1121
125
906
1
1
1
1
1
117
21
1
1038
1
81
1
1
1
1
1
1
688
1
606
1
20
1056
506
1
1
560
1
90
882
1
57
480
1
809
1
1
1
1
1
1
571
1227
1201
525
1
1
931
1
525
631
1
1
1
1
236
1
1
1
138
1019
2
1
1
2334
1
1
1
266
1
1
519
1265
1
1
1
1
1
1
1
92
1
1000
68
767
1
1122
1
1
1253
1158
1
1
1
549
430
1
1
576
1054
1
538
1
422
1
681
1
927
2
628
1
1
336
2
1
1
122
1
544
404
2
687
1
2
709
1
1
75
1
1
1
1
1
1
1188
1066
256
1122
582
1
880
1
1
1
1
521
1002
1
1
409
1
957
107
1
221
1
1
713
1
1
1
1
2313
731
903
847
1
160
180
1
1
1
1288
808
1
2
760
154
1565
1
5444
129
1
2
1
1
37
1
1
1
379
1
1
749
249
441
2
1010
1127
1228
260
941
2
1
1
1
1
1
3001
233
1
878
141
1
1053
1
2
1
2
1
1
1
2
1
1
1
3033
1
525
1
1
1
3662
1
1047
1
166
250
1004
1
1
841
422
65
1264
1
385
1184
1
1
1
1
1
1
1
52
1
1
645
1
1209
594
500
1
1
1
1
967
1
1
1254
1
1148
1
20
523
1
459
644
1
1
1
2
2
2207
1
1
1
274
1
1
401
1
1
2
1
1
1
1
1
1
1
1
1
1
1032
1
1
1
787
1222
1
277
1
75
1
1
1197
1
531
1
311
586
1
1
1
1
1
2
964
240
1
1
429
1002
468
1
2
1
1
1
1
1
1
1
496
1263
2
1
1
1
1
102
1
1
1
1
1
1
1
1
1
1
928
1
1
902
1
1188
1
1
1
2
937
1
5828
1
1
790
768
756
1
348
2
723
1
1
1
1315
1
1
1
1
1
1
996
1
1
1
1
1
202
1
1
79
548
1
745
1
936
1
1
1
2
1
1
117
1
109
146
1
89
178
1
1168
1
1
1
1
769
1
1
927
1
1
1
390
1
90
777
1
1
1
816
1
1
1
1
1
795
268
1294
1
1
1
1
1079
1
103
1
1
1162
471
1
1
1646
1
42
1
237
2
1
1
1
1
885
115
462
271
138
128
1
1
1
1014
854
682
1
1
1062
1
1
143
1
1
1
993
1225
1
1
941
1
1
1148
1
1
1
1
1
490
172
84
1
281
598
1
1
1
1
1
1
1
95
687
1
1222
365
2
1
1
1
1257
2
3456
1
391
1
1013
781
1
275
1
1
1
1117
1
1
1
748
1
1
1
2
1
1
1
984
1
1
497
1
2
2
1
1
1
38
474
770
1
1
2
394
2
2
1135
1
1
1
1
218
1
1
1
314
102
1
626
46
2
484
782
1
2
1
1
1
1
1
205
626
1
1
240
113
1074
687
1
1203
807
1
149
1
1
491
2
1
1
369
2
41
524
1
1
1
67
1
2
939
1
1
301
1
1
1246
405
2
1
237
17
446
1047
420
822
1
1
1
915
1
52
1
1
1142
517
1
467
1
621
1
1
1
1
1
1
1139
1
1
251
1
2
217
1
1
1
1
1315
1
1
1672
1
2
161
956
1
1
1
1339
1
1
1
1
1
2
261
1
1
434
1
1352
1
1
2
865
1
3
1
1
1
1
354
136
1
1
1
752
1
1039
1
1
1
1
1
1
1
1
1
1063
1
114
282
1
329
1
1
1
2
256
1
1
1
1
879
5
1
519
2
658
374
1
1
1
1
1
689
1
664
1
364
1
2
1
1
904
1
1
1333
1
1
793
1
2
653
1
398
3129
266
27
1023
1
1
299
2
1
1
1
1078
1
1337
223
1
1
1
1
1
1
1
63
860
1
1273
1
1
278
1
264
1
1
2
389
1111
1
1338
335
78
1
27
1
1
323
1
1
626
1
1
1
1
603
1
1234
1
476
1
1
1
479
479
1
2225
262
1274
1
147
1
1
901
1052
1
1
499
617
866
341
1
3340
1211
1170
1
1
2
1
1
2
1
1075
1
1
1
89
1
150
1
1
239
473
1
1
1
724
95
1
1
1
556
1693
1
1283
1
565
1
610
281
1
1
687
2
1076
1
1
1
825
2
530
1
1
157
2
1
1
182
523
1
1
1
1
1
666
1
1533
1
1
1
559
76
372
1
1090
1121
1
1
705
1100
1
21
760
1
1
2
397
1019
134
1
1084
1
1
516
678
1
2
1341
163
841
1
1013
1
1
2
1
663
1
1
23
1
1
1
1
1
145
1
1080
1
2
690
1
1
32
1
93
1162
1
546
1
503
518
2
1
2
1
1
595
814
1
1
1
80
2
1
1
1
1
1036
1207
1
1
1
2
240
1
1280
1
1
1
1
1132
840
1
204
413
1
1121
2
1159
1
1
1
1347
1
1
824
1
1
2
737
1
993
1
1
1
1
180
1
1
9
717
1
1
1
1
2
1
933
1
1
1
1
1119
1
1
1
1
1
1
124
13
1
1
1
1
1
1
1
1
58
1
1167
1
1
402
1
438
1
2
1
1
1003
944
1
1
4
802
1
1
1
1
81
2
1
813
1
2
1
1287
702
382
555
1
1
1
1
639
507
972
1
1
1
1
2
1
1110
2
1
1
718
1
1
1
1
629
1
327
853
1
1
2
252
1
1
2
1
2
822
1
1
353
1
1071
675
286
25
1
1
607
1
473
778
1
1
1
2
263
1
517
272
1
1
1
1
1
1
1
2
1
957
45
265
1
1
1
1279
1
1
1139
1
218
1
1
1
1
381
1
1
1
1
1
899
1234
612
1
1
1
1
89
1
1
1
1152
1
1
1
1051
1326
566
1
1
1
137
469
2
1
1
21
1506
1
970
718
1
1
1
1
1
1
88
1
1
1
2
100
1197
2
1291
1
1279
1230
533
1252
1
964
1
1068
41
1
402
1
992
975
1
256
650
13
2
1
481
1
593
1
1
1
119
1
1312
674
327
1
2
261
2
1
1
1
1
1
1
900
1120
1
1
407
2
2
1
1
403
1
1
1
2
557
1
1
1263
1
1
504
1
1317
1
1
1431
1094
1
1
2
1
1
1
1
1
1
1
1
1
1
812
1
5
1
1
1
1064
1
65
775
1
1
948
124
1230
3617
1
1
111
1144
594
1
1
1
93
1
1
1
760
1
1
1
1
1
1
1
657
1
1162
752
1
1
1
1
361
1
2
1
1
1
1
565
1
1
1
1
1
476
1
1
58
1
1
1
457
332
123
621
1
870
1
1
834
790
1
2
1
1
954
1
204
169
1
769
1
536
1
1
1233
1
726
1
1
617
1
1
929
1
252
402
1
55
895
403
1
1
1
1
1
2
1142
1
5
222
377
1
1
1
1
1249
1
812
1
1
1
1
1
1
1
1
1
517
1
1
1
1
1
1
691
386
1
684
1
2
1
773
1057
1
1
1
1
1
1
1270
1
1236
238
1
1
2
153
2455
2
1
651
393
2
1
1
1
2
1169
606
1
1
1
591
1
1
1
411
1
1
1
454
1
140
1
1
1
1
1
190
40
1
1
1
468
49
1
359
1
1
1
1
1
1
1034
440
1
218
1
531
1
1229
749
614
1
1
1106
301
1330
881
1
2
1
2
1
1
1
898
1131
1
1
1202
742
1
1
831
2
1
1355
1
1
1
831
1
100
1
371
1
1
1
1254
1030
1
1
1
1
1
1
681
1
1
1
1
1348
351
1
922
1346
1
1
1
1
580
1
1
1
2
1
526
238
1
1088
523
1
1
219
248
2
1
1
1
750
1
1
331
1
1
1059
1309
348
749
1
1
1010
1
1
372
1
450
1
1296
418
231
1
2
218
1
1
2
1
1
1225
500
477
624
1
1
100
1
1
1043
524
153
2
1
204
1
547
660
1
1
1
1
1270
4
1
1
747
177
339
2
1
1
516
1
1
1
1
1
800
511
2
1
1
366
38
1
296
517
35
1
1
2
626
1
1
1
80
1
1
1
1108
2
1
382
1349
1
753
366
1
830
748
1
1
1014
1
2001
1336
120
1
1
1
1035
1
1
588
1068
24
1
1
1
1
1
2
1
664
326
1
1
1
516
1215
1
491
1
2
1
1064
366
1
1
531
1281
137
1
1
231
1295
1
254
304
44
1
1
1
1
1
216
822
1
1
948
97
954
1
899
1
1
1
1
2
1
1
369
970
433
1
1
133
1
1
1
1
1
664
2
1
1224
1
227
1
677
1
1
1
1
577
1
1
2
1045
449
1
671
1
1267
1
1194
785
1
1
1
783
1
1
824
1684
265
1
404
1
185
1
1
16
1
1
1279
1
108
95
1
1
1247
1
1
1
1
1104
1251
1
1
1
2
122
794
186
421
1
2659
1349
234
1
1
189
1
281
2
1
382
1
1
384
1
1
2
1
272
1
1
1
1
1
1
1
832
209
1
1
1
623
851
1
1
296
1
828
2
1
1
1
1
1
1
37
2
1
1
1
1
1
1
1058
1
1
1354
280
208
1
1
1
1296
1
1
293
2
1
1
1
1
1267
556
49
1
130
64
1222
1
555
1
1
1242
1
1
1
1
1
1
1
1
28
1
1
1348
1
1
1
1
1
1
225
393
416
1
1
1
284
270
1
416
619
1239
1
2
1
1
748
1042
1
1111
295
1
822
292
2
1
1
1
1
1
539
1
1
1
12
1110
301
1
1
1
1245
1
1185
990
1
1179
646
1
387
302
361
1
398
185
1036
1
1
4199
1
1
930
1
938
607
1
1325
1
1
1
1
1
1
1160
1
2
186
1
1
2
330
901
93
1
1
1
1091
1302
224
1
1
1
1162
1
1
1
1
1
1
224
1
2
1336
1
1
1085
1
1
250
1
1
1
880
437
534
1
149
1332
1
188
644
483
1
1
1
1
2
1
992
876
1
1
1
1
381
1
774
520
1
576
1
1
883
281
768
746
252
2
301
1
1055
264
328
1
961
809
228
1
2
1172
1
1
1
1
1
327
1
1
2
84
1
225
1
300
1
380
533
430
840
1
1
1
1
1
1
532
794
1
1
1
1
777
1
2
158
1
1
116
1
299
1981
1
1
2
1
629
1
566
1
1151
1
1
1
1
2460
1
1
1
1
94
1304
1
1019
1
1
3
906
196
1
2
1253
97
2
278
1
1
665
392
1
54
128
1
1
1
1
197
1199
105
1
633
1
1
1
1
1
383
449
188
2
1
1159
488
1
537
581
1
1264
1365
1
652
1
1295
264
1
644
1
1
1
79
1
1
1
1
1
426
808
1
632
1
1
1
1
1
239
1
1
2
2
1
1047
115
1
208
495
1073
46
1
1060
529
350
1026
926
1
1
1
340
1
1
1
1
1
1
460
1
183
1
1
1340
375
1
1149
274
661
1
1
1121
1
1
1065
100
1
1
1
1
1
856
255
285
1
1271
5511
1
1
1
354
1
1
1
569
1
1
1
1151
1
1
1
193
206
1
1
1
1
215
1
705
1
1
1
1
451
1
1
98
1
303
1
1
1
237
1
1175
1
1
1
1
23
1
1
845
2
1
1
1
1
786
1
1
137
1
164
1
1319
2
1
13
4147
1
1
1
1
7
148
1
572
1249
686
95
2
1110
1
1
415
964
242
273
1
2
41
1
1
1
1
1
233
472
562
1
1
1
106
1
542
1
1
130
703
1
1
211
1
95
2
1
1
1
1
1
1
1
1
1
2
1
1
1
1
594
576
1
66
1
2
1
1123
1
1260
1
1
2
71
1
1120
1
505
1
1
1
1127
1
437
1
1189
1
1
1
1360
1
1
3
931
100
1
1
1
1
634
1
1
1
623
1
629
58
1
1
1
804
1
1
16
1
2
1
1
267
1
2
1
1
280
1
1
1
1
2
1
1
1
911
1
1
1
1
1
1
2
1294
1
217
1
1
1
953
289
1
1
1
1
791
1188
1
1
1
1
1
741
1
1
1
754
1
407
1
996
322
1
1
1
1197
1
1
30
1
953
514
1154
443
1147
1
1351
1
1
1
1
1
1060
1
869
26
1
611
1
1
1
451
1226
1
364
559
977
632
1
1
438
1
1
759
889
1
1
1
1
1240
1045
7
1
471
1
1
1
1
1
736
1
1285
1
1187
1
4058
1
1314
1
3
1
1072
1
1
1
1
1
940
2
1
1
1
1
2
220
1
196
709
386
1
1
1
1
140
1
38
937
1
501
1
1168
1
1
431
1
1
789
1145
634
1256
548
1
1067
1
238
1
157
448
1
1
1
275
1
2
211
2
1
261
1
1
1
448
1
9
1
2
1
1
1
1
1
29
1
1
1
982
2
42
517
126
1
1188
606
1
1
1
486
1
1
741
1126
1
275
2
1
1
2
1
1
32
7
797
2
1
1
958
1
615
1
1
1
1
1
1
463
1
1
444
146
1
1
847
1
1
2
594
1
555
1218
2
1
1229
152
2
1086
1
100
412
1
1215
1
1
1
1100
1
924
1311
122
67
205
1
1
1
13
1
695
664
1
969
29
1292
194
343
1
1
1
1
1
1
1
1
1
1
403
1
1
1232
1
1
1
1
1
1
109
1
1
2
639
1
1
1
726
1
704
1
243
438
1195
2
2
16
2
2
1
1
1
62
573
576
1
1
1
1
1149
1
250
2
1
18
649
1
293
1172
1
1
1266
1
329
1
1
1194
1
287
1
1
1
147
1
1
1
1
1246
2
1327
579
109
690
10
1
1
126
1
557
1
1
654
1
1
1
700
2
1
1125
1
807
1
1
1054
1
407
334
1
1
1
1
1
1186
1
465
511
970
2
394
634
1
1
1
2
1
200
824
1036
1
1
2
1
1
427
1
1
753
2
343
1864
1
1
1
483
627
1
1
314
1
2
132
1
1
1
634
1
1
945
1
1
1
1
1
492
1
1
216
867
1
1
1
617
2
1
1
14
1
2
896
346
968
845
916
78
1
1
4767
1
1
1
851
1
1354
1
1
1
1
254
1
506
6
1
1
2
1
1
120
89
540
801
1
161
578
391
1088
1
1284
424
1
1
1
216
289
1
1
442
1
1146
1
1
1167
1
1
449
676
1
2
1
1
758
1
1
391
99
1
770
1
1310
187
1
1
180
276
1
1
1
75
4845
1
516
182
1074
1
1
1
437
1
1
749
547
1
864
1
111
1
353
1032
1
1
1
1
380
1
98
134
1146
1815
2
1
2
2
325
1
1
2
1
1
1
478
18
1
1
1
367
1
1
658
645
1225
1
1323
1
1
637
1
1
284
333
683
565
1
2
1
1068
245
1
978
1
45
1
1
1
1
1103
2
556
1
1
1
1
1030
1
718
1
2
1
1
1
1
430
1
1
1
1
44
1
1
1
1
1
1
1
67
62
1
1291
976
1219
1
2
1
1058
838
1
1
1
1
483
1
1
1
141
1
1333
1
635
306
948
202
1
254
1
752
1
1
1
1
1
1871
2
1
1
479
1
1
1
1
303
1
696
1
1
559
1129
680
584
1
1
532
1
1
1
278
1
705
1131
1
2
1
1
1
1
1
1
296
909
1
426
1
1165
2
1
1
1
1199
1
1
1190
1
898
1220
1
774
599
1
2
541
1
860
1
1244
1
80
1
1
1
722
493
755
1
1
1
1
2
275
159
1
1
1
1
1
1
541
1
20
625
2
1
1
1
1
1
1
1
1348
1
1
1
1
1
1
808
591
1
2
1250
247
2
1
132
1655
311
1
527
1
1
1
2
1
1
1
241
640
1
2
1
390
1
829
1
1
753
1
1
1
1
2092
1
2
1
1
1
1141
971
1
1
100
170
172
319
1
2
1
1363
676
1
99
1
1
592
529
1308
1
1
1
718
687
410
1
1
682
1
1250
471
1
1
1
632
640
1
1
161
2384
1
1046
8
1223
1
1
1
1
1
1
1
1
713
1
1
1
421
1
1
1
332
406
1
766
378
1
1
1
2
1
1
1
375
1
1
1042
1157
1
1
923
1
87
135
269
633
679
557
1
1001
1
1
262
1
1
1
1240
646
1
434
241
1
1
1111
1
1
842
1351
1
1
215
1
241
2
409
980
1
408
63
1
1150
1
161
53
345
1
551
101
1
2787
1
1
1
1
1
1
1
1
1
911
726
1
1
3146
1
751
2
1
1
1291
2
313
1
2
374
845
2
1
1
1915
1
1
1177
2
1
1
228
1
897
956
1
426
1
1
450
1
1
589
2
193
1
1
2
1
1243
854
1
1
1
836
1
22
1
1
1
1
1
1
178
1
334
200
562
1
1
1
367
1
444
1260
1
1
1
1
1
1
1
1
1
271
1
1
92
1
1
1
1
1
1
832
1
780
1
599
1
1
1197
1
221
1306
1
1
1036
1
1
986
1
210
1
1000
665
1
1
1
1
2
1
51
167
2
1
1
1
1
901
1
1
192
1
261
1
594
1
1
1
1
2
1
956
1
922
1
1
986
1
1
136
33
778
910
1
1
1
1
1
1
2578
1
1
1
1
1
2
508
1
767
1
1
77
1
2
1
1
1
1
1049
1
518
1
1
1
1
737
1
1
1
1
114
1
1
2
1
1
1
1
1
1
39
1
1
1
34
317
1
2
1154
790
983
833
1
1
851
435
374
1
1
1
1
1
15
1
103
2
1
949
516
283
1
1
1
1
1
542
2
1
1
1
1
1
2
1
1
1
458
1
1
800
1
1
1
1397
1
1
127
480
36
1
524
202
86
1
3457
1
1
1
852
1
1
1
1
1
1302
327
1
1
1
1
1
1
1
1
1
1
1
1
1
1
1
840
1
919
1
1
2
1
1
1
1
819
1
1
361
2
1
703
1
1306
2
1
899
1
1
1
1028
1
13
1208
1
1
1
103
1
397
1
682
1
55
502
229
1030
451
2
1
378
220
1
564
1
1
1467
1
1
1
146
486
1
1
956
1
2
1
1
1063
23
286
1
1
506
1
184
1268
1
1
1
2
1
308
351
1
1
1
2
33
1
1
1
1
1
677
2
1
287
1
1
1
1
110
1
1032
1
1
2
1
2
1
1
1
2667
1
317
1
1
1593
1
1
1
1321
586
1
1
1
1
1
1
1
1
416
1
1
1
1122
1
918
853
545
680
1144
1
269
1
2
793
1
1
1
527
52
1
1
1
825
945
884
1
1
752
980
1
6
214
1
1
398
1
332
1
235
1
2
1
1
1
1
335
1
1
664
1
1
692
1
1
1
1
1
1
2
2
1001
1
1
436
200
85
1
175
1
1
1
1
1177
584
1
1083
1
1
1
1
472
1
985
1
1
2
1
1
451
810
1
408
1
1200
1
674
1
1191
1282
111
979
10
1
784
1
107
1
1192
974
1
1
827
1
155
2
1
1
1136
1
37
1
2
1
652
1
2
478
1054
1
389
1341
1
1
1
151
452
146
408
1
1
1
1
1
1
1
1306
1
171
1
852
907
1
1
1280
1
45
1
106
730
669
1
1
604
26
1
1
1
1
1
1
1
1073
1
1
2
178
1
268
622
1
1
2
1
422
1
2
1
2
1
326
989
1194
1
1
1285
1
2
1
94
2
611
38
1
1
437
1
90
713
1
1
1
106
213
109
1
383
1
1
1
1
1
1
1
1
188
744
389
1
2
595
1
1
245
1
1
2414
1
144
1
1
369
1
1
190
1
513
527
1
1
1
1
1
1
1
307
985
1
1
896
163
1
2
1
1
1
1
1224
189
1
581
632
503
1
1
1
2
734
1
454
789
1336
411
1
1
1
310
1281
44
7
2
1
1
233
87
538
225
1
1
1
992
1
1
1
1
1
553
552
1
1
352
2
931
229
1
1
1
1312
1261
1
1
1
442
1
1
2
710
2
1
251
1204
431
2
626
1
515
1
836
1
1
1
1
226
1
1
1
1
1
1
1
1
1
107
1113
1
604
1
1156
1
1
1
1
873
1145
1
1
2
1
1
2
1
169
431
1
1
1330
5728
2
1
353
435
1
1
1
2520
1
2
1
1
2
1
1
1
1
1
1
808
1
764
244
1333
1
1
1133
620
791
553
395
1
653
1
780
1314
525
1
2
1
1
794
1
421
1
1
1
1
1
1
1
1
1
1113
369
690
1
852
1
1
109
1
1242
1
624
1
114
1
871
1
1
225
1
1
1
1
1
2
1
1
1
1284
1
1
1
1
1
1310
1
1
1182
1
308
1
1
1
1
1
1
211
333
1
1
510
2
1300
271
1099
1268
453
1
1
1
409
1163
1
1
1
1
1
1
1
489
2
1
344
1
2170
329
1
403
1
1
1
1199
1
729
1
203
1
1
1
1
767
1
64
1
1352
1067
905
1
1
1
1348
1240
98
1
777
553
945
1
1
478
1
1
1148
1
1
382
208
64
1
439
582
462
2
1
1
1190
678
529
1
1
1
1
1
1
1
262
1
1303
1
1
12
2
7
1
1
2
1
476
343
1
11
1
1
10
1
1
1
1
902
1
1
1
1
1181
1
382
3
2
1
372
1
838
1
132
1
1
1
1
1
578
452
1276
500
1
2
2630
880
439
1
982
1
1
468
2
1
1
141
1
321
1
1
1
1128
1
1193
1
1
2
1
1
489
1
1
1
1
1
1345
1351
1
1
1
1
1355
645
1
1
295
2
1
858
364
1
239
1
1
1
1
1
194
1303
721
1
412
1
1
241
255
1
1175
1
717
1
1
1
1
1
1
686
1
1
549
1
1
1
1
2
1
1
149
925
20
2
1
1
1
1
1
197
1
761
1
1
1
1
693
1
266
1
1
537
1
1
232
784
1
1
1
694
1
1
287
1
419
4
1
1
1
1
1
4
194
1
264
602
1
1
187
1
1
1
1284
322
25
127
1
1
1
1
1
696
1
2
1
669
1
1257
1
1
1
102
233
859
1
438
3
595
75
378
1
1
1
1
1
25
1
1
1082
1
1
425
1
1
594
1
1
1
1
95
516
1
1080
1
183
235
1
912
1
2
70
1
1239
1
1
1
1
1
578
1
1
1
246
1
1
1
1
1
1
985
279
344
1
122
147
1
1
1
1
256
1
1
1
51
1
602
9
1
1
1
1
1
1
1
1
1
204
1
1
1
953
1
1
59
909
1434
205
1
2
1036
1
352
1
1
1
1
3322
1
1
785
1
1
2
1
1
191
318
1
20
244
1
911
796
823
1
1
94
1
1
1010
1
726
1155
1
1
1
1
346
1
1
1024
1
1
680
1
2
6488
219
1
1
1
138
1
2
319
1
1
521
1
1
1
1
266
1
1
1
1
1
1
1
1
2
1258
113
2
2
2
155
1
1
2
945
1216
1
1187
1
220
1
2
1
1
1
1
1
1
948
1
1
1
1
820
1020
1
2
1
1
3
1
1
600
1
1
1
1
1
190
1
336
2
937
15
1
1
1
1
1009
1
1
1
1
1
1
750
1
1293
357
189
1
1
1
1
2
1036
1
1
1
334
1
1
229
1
102
1
1
645
1
1
1
8
933
1
1
188
1
406
1226
187
1
1353
1
1
1
1
2
1
1040
1
2
508
1078
1248
1
371
1
1
1
779
1
375
1
1
1
206
1
1
1153
1
1
1
1
200
306
1
28
1
1
2
1
1
139
806
1
1
501
1
444
1325
1
707
118
1
843
1
1
1
2
1
916
408
2
862
1
1
1
1
1
2
78
1
912
1
431
586
678
1
1
1
1
1
1
1
1
1
1009
2
265
45
2
2
1
1039
1059
123
1
363
1
797
118
1
840
1
1
339
49
1
1246
2
1
1
1
2
1
1
1
1
1316
249
2529
1106
1300
2
1
830
1
1
368
282
1
361
2
1
2
1
761
1
223
1
566
1
1
225
1
1
1285
1
1
1
1
2
2
526
2
172
815
1
1
1
1
1
595
688
2
1
16
1
114
1
1
1
783
1
1
1
107
232
1
767
1
515
1
1209
1
1113
1
1
794
1
1
1
2
1
1
1
1
1
1
334
397
1
1
1299
1
787
1
1
1
1
1053
1
764
1
757
1359
1
817
3
869
1
1171
56
1
2
1
87
1
946
1
74
526
1
1
1
1
401
1
1
1
1
1
83
813
1
1
1346
1
1
1
1
1
563
29
1029
1
412
1
1
1
87
822
386
1
568
1
1
637
1
1
835
565
163
1
703
1
1
685
1
1
1
1
1
1341
1
1
472
2
250
1
1
353
568
860
1
2
1
1242
1
1
1
262
941
2
1
1
1011
1064
1
694
856
260
1
893
1
1
1
1
1
2
1
723
1
1
1
561
196
1
2
1
1
1
1085
175
1
820
1
1
620
965
1
370
130
1
1053
1042
1
1
1
1
1
2
1
1
107
2
466
1
2
1
839
1
1
1
1
110
855
3
7
451
1
1
1086
1
454
1
1
1078
1
2
1
1
542
1
1
1
1186
1
544
2
1
1
1
1
266
1
793
1
1
94
1140
2
2
1
1562
2
1
202
1
280
999
1
883
1
1
89
271
1
730
1071
1
2
746
1
1
242
1
605
1346
940
1
1
1
759
1
1
2
1
1
1
1
60
2
1
1
1
1
1
1
1
50
988
1
1
767
660
1
1
857
854
1
1
1
1
1
1
1
406
1123
1180
2588
1
103
239
50
1
1
1268
1
474
608
1
173
1
1
1
285
1
1
1
1
1
1218
1
640
2
1
1073
3
2
79
1
1
1
517
1
1215
411
720
1
1
1
1
1
321
2
1
1
705
1
239
28
1
1
1
2764
1
112
759
1
921
1
1
1
489
1
1
1
1
1
1
423
194
1
583
1
1
1
2
1299
1
1
261
1
1
1
2
332
999
1
1
1
2
1
1
1
1
1
1
1
2
853
1
1
750
1
1
2201
510
1356
1130
1
1022
1264
147
556
752
1
1975
429
1
1
1
2
865
50
1
2
1
1
1
643
1
1338
1
1
1
37
1066
1
1272
1
695
1248
1
795
1
196
1
670
3
690
1
1
1
306
1
1
1
1
1
293
1
826
1
1
1
1
1
1
846
1
2
1275
459
1
2407
381
734
1177
1
1
1254
1
1052
1
43
1
245
42
246
1
1
1
1
1
580
438
772
1
1
1
1
591
1
635
862
1219
885
1
1
2
637
1255
1
1
24
1
1
2
1
2
1
1
425
279
1
1
802
1
1
2
1
1
1
1
1
1
259
745
1
1
757
640
754
596
2
1
1
1
2
1
1
1
1
1214
1
1
1
1
978
1
1421
1
836
1
1
569
1
1
1
2
1
1
1
127
517
2
1
973
1
1
596
513
405
275
923
1
1
1323
922
1
3253
1
1
476
1
1
1
1
1
948
1
447
1
1
1
2
1
1
1
1299
67
1
1
1
1
1
106
1
2
1
2
1
1
1
992
1
1
1
1
1
1
1
1
112
1029
1004
1177
1
1
1
1
577
1
1
1
1
1143
638
1
1
93
363
1
1
2644
1
1
1
1
1
434
201
27
1
885
1
1
1024
1
1
139
1
1
1
1
1182
1146
378
330
1
1
1
63
1
730
1338
1
1
1
208
1
1346
1
144
1
862
1
254
1
584
1
1
1
285
1
1
328
1012
1
103
2
1
1
1
1
1
2
2
1
1
1
2
1
1
278
1
12
234
1
362
1
1
388
1
3
778
1
1
1
1
1
629
681
1
802
1
1
1045
1
258
156
191
625
1348
1
1
1
10
631
1213
1181
1
139
771
1
1
7
1173
1
289
1
1
1
503
1
134
1
1
1
777
180
284
1
231
2
1
1
1
1
1047
1
1
1
1
2986
1
1
980
1
1
1
1
1
467
1
309
1
1
27
40
218
171
77
1
1
1
1
1
1121
1
1
1
441
1
1
1
15
1
1
1
1
1
1
212
861
1061
1
839
1
322
1
2
1
67
1
1
838
1358
1169
1
1
1
1
1
1
1
1005
1
507
126
1186
1
1
937
1
199
2
1
955
174
830
1
819
1212
1
1
1
149
373
1
1
1
1
1
2
1
1179
1
1
1
1
1
1025
1
1
1
1
364
870
152
1
1
1
1
1
654
955
4239
394
1
498
589
406
1
1
1
1
1
1
1230
1
2
1
684
1
1
1
1
1087
2
1
1
1
1
333
1256
1
1
1
1
2
301
1
1
403
187
1
1
403
1261
1113
1
1
1
1
1
1
305
2
1
271
10
1
1
425
1
1
1
2
1
94
86
1341
1128
457
192
1
1
1
1
1
1
1
2
1
1
1
1
1346
330
1
1
604
1
1
380
1
1
1
759
78
381
2
1
1
1
707
2
1
2
1
852
1
1
585
1
398
826
1186
1
1
1
1
84
1
1
32
1
2
856
515
175
1
1
35
1
1324
1
1
994
146
1
1
1242
1
880
1135
1
1
1
2
817
1106
1276
1
2
650
1
1
1
585
425
1
1
1
1
1
1
677
1
2
1
1
922
1317
731
1
252
1
1
854
1292
1
1
1
2
5295
1
4933
1
1
49
112
1
1
1194
1
1108
1
374
1
2
1
1
651
1
1356
1
248
1
1
284
83
124
1
200
1
1
1
1
1
840
218
1
1
1
2
647
272
1
1
691
2
492
2
29
1
2
133
315
1
1164
1160
1
1
1
1
1
1
1
1
1
1
1
121
1
182
1
1
1
566
1
289
1
1
103
1
851
154
739
497
1044
1
67
2
283
1
1
1
1
1
1
1
1
1
1
1
1
1
1
1125
1
418
1
343
1
1
4536
1
1
2
1
693
1
1
1
222
1
1
1
478
1
3
1262
121
1
1204
284
1
1
1
1
792
1
1
1
935
1031
2
1296
1
1
1
1163
1
1
1
1
225
1
1113
436
58
131
1204
277
1
83
831
916
1
3
1
1
1
1
85
1060
84
1242
1
1
1
1214
1353
976
1
1
1
1
1
752
1
1
783
421
1
1
1
40
767
1
1
221
834
1
1
729
2
432
1
509
79
1
1
1
2111
1
527
292
1
329
1112
180
2
1185
2
1
1
1
2
255
1
1
1
1
1
170
1
1
648
1
1
1315
1
52
17
1
890
2
1
1
4
1
1
1
1230
379
1
1
1
1
1
1
804
362
1
608
2
2
1153
331
660
1
1310
200
1
1338
1
1
564
1
1
1
179
3
1
1234
1
1
1118
1
1
141
706
1
555
1
1
1
1
1
1
1
1
1
1
1
1
1
1
620
227
1
1
1
1
1
1
1
1
1
1
1
1
1159
1
111
109
1
1
691
242
727
197
2
1
808
55
41
1
827
1
1
1
1
79
122
703
739
417
1
1
127
1
1031
1
28
158
328
115
936
1
1
1
479
2
1
1
1
1
1
1
659
1
1118
132
197
1
943
168
1
1
145
1
493
1
913
1206
1
1255
1
2
1
2
216
739
1
1
157
1
1
333
1
1
463
1
1330
301
1
1
1
1
2
1
800
294
1000
1059
1
76
921
1
872
1
1
824
1
1
1
1
158
1
885
1
1
1
1
1
7
1
37
1
912
29
1
1
1
1
218
2
1
1
1
1
119
336
1
1
1
410
4004
2
1
1073
866
909
818
145
682
1
2
1
188
1
1
1
1
1
1
2
709
1
379
354
1334
1
1
2
34
1
1
1
426
1
1
1
657
1
1
1
1
847
1
1279
1
2
1
1
1
392
1297
1
749
184
202
966
1
1
1
1
1
404
288
1
1
1
1
318
2141
1
1
1130
1
217
1
1
10
1
643
1
894
1
1
312
1
242
1105
1
945
1
1
1
1
1
1
1
790
1
1
1
35
890
1
1
1555
1
1
3213
2
1
1
1
1
1
2
1
162
464
1
1284
1
1
1232
1
1347
1
444
1
1
417
1
1
1
1
1
1
1
1
1
1
1
266
2
423
1
1
1120
1
1
1203
1
1109
1
1
1
2
1
1
1
282
342
1
1
2
1225
1
647
636
1
1
1
1
223
616
1
1
1
1
1
1
1
60
1
1
1
428
1
848
1
276
1
1
1
1
1
1
1
989
2
585
1
1
1
1
2
2
239
1
1
1
1
1
1
1
703
1
1
1
1301
280
1
178
1
145
934
1
1
1
1
131
485
976
1
1
1
1246
1
1124
989
811
1
851
870
2
541
238
1
600
1
547
1
1
1
855
1
1
1
1
1
1
1138
1
2
1
1
1
1
267
1
1261
1
1
1
1
1
1
2
1
1
1
1
1
1
1282
1
1313
916
575
1
1362
1
313
113
1
1
269
1
1
211
476
2
1
1
822
1
926
1
1
1
1
1
1322
329
792
1
2
465
1
1
1
52
1
1078
9
1
1
1
2
725
961
817
1
1
1
1
1
1
1087
1083
2
1
1
1
1
297
1011
548
736
1
1
1
1
1
291
1
83
2
1
949
376
1
1
1
948
1
1
418
1
1
1
1
2
5089
1
63
1
1070
1
256
1
725
650
1
1
1
269
1
1
314
1
401
463
1
258
1
1
1
1215
1
1
1
1
1
1184
1
55
1
1
1
1
1
1
1
129
733
1000
255
819
1
1
1
1
1
1191
2
1
1
2
101
570
2
2
292
1
1
1
1
1
1
2
1
1
131
1
323
59
55
589
2
34
380
441
1
1
1
1
1
538
221
1
2
1423
1127
576
1
877
1
1
316
667
976
2
530
1
1
66
1
1
106
456
57
1
1
1
1
1
1
2
556
1
1
932
1
1
756
1
1045
1
148
2
213
1
2
1
1
1
1
1
1
1
3330
421
1
75
126
996
357
1
1056
100
1
305
1
1
1
1
1
1
1
1
228
224
372
592
1
1
1
1
587
1
1
1
332
1
910
1
1
1
1
1
1
1
1
1
1
115
2
128
1
1
1
1
920
1
1
753
1
1
1
127
1
1
1014
400
367
219
1
1
785
521
987
1
2
250
135
139
1
437
1
1
85
1
1
1
1
3
1
701
1
1354
145
1
2
2
1
1
22
1
1
325
1
784
1
758
1
874
1076
1
189
694
1
102
28
1
1230
1
468
343
884
1
159
1
1
1
98
1
326
462
2304
1
1
1
2
1
2
145
1
1
9
1
1
1
181
1097
1
479
1
1
1
1
1
1
1
2
1
393
1
616
564
2015
88
934
458
1
1
1
262
1
576
1
1
1
3
1
241
1
1
1
1
1
577
18
1
1
1
1
1
1
1
19
382
1
434
1048
1
1
809
1
1
1
1
470
1
1
2
1
3
1
1
1
1
1
1
1
64
1185
1
194
2
1
1083
1
197
957
1383
1112
1
2
825
1
1
1
1
1
858
1
1
1
1
1
1
971
1
1036
1
1
2
1
1138
1
1
346
173
2
1
1
74
477
1
1205
1
1
1
1
1
2675
300
5783
1079
1
1044
1
2
1
1
1
1
1319
1012
1
561
155
546
405
1
1
450
1
273
1
3268
1
1
225
4336
1
1
2
1
784
1
1
1
763
1
676
1
1118
2
1
1
3139
1
2
1
2
1
1
1
2
1270
2
1
1
2596
1
176
1
1
1
250
32
1
1
342
1080
1
1
186
1039
725
2
1
909
1
1
1
1
1
1082
2
505
1
2
1
157
315
1
137
1
1
1
1
1
1
1
1
1
628
1
1
1181
845
1
5262
1
1
869
1
1
1312
1
1
1
543
1
260
1
878
1
1170
1
944
162
1
1
1
767
1
828
2
1
459
1
1
1
1
1
1
2
1
2
1
825
1
75
322
1326
1
1
1
632
2
1
1
2
1
1
1
1
1234
381
1
734
1
941
1
1
543
1
1
1
395
1
750
191
1
1
810
237
46
458
591
101
1008
1
1157
322
229
1
82
1
1
1
917
1
1
1
1
1
1
237
1
584
1207
324
146
1
7
86
1
353
1
1
328
1
1
1
1015
2
1
1344
1
1
1058
1264
1
1
1
1
1
1
1227
720
1
1044
1
1
1
1
1
1
1
1
1336
1
1
1345
819
31
967
1
1
1
405
1
1
2
1129
941
125
1
1
1
1
1
1
1
1
1
23
1
1209
1
1
1
1
1
1
1
167
1
975
1
265
1
1
1
332
728
1
1
1
1
500
1
1
1
1
1062
1154
1
1
1
817
193
2
1
1
268
1118
393
1078
923
1112
1
574
270
720
3345
471
936
1
572
699
1
1
1
1
478
436
1
1
1207
307
1
1
1
1
196
109
305
1
1
1
1
1023
2
1
167
1
1
2
1
256
1
1350
261
1
1
169
540
308
1
1
157
2
1
2
846
1
981
152
151
120
1088
241
1
1
162
565
1
1
104
828
1145
1
1240
1
1
1
2
1
2
1
637
1
1
1
2
1
953
250
1
1
1
1
1
1
1
1208
1
1
1
1
1
1
1
1
256
1
1
1
843
48
1
10
839
80
1
1192
1
1013
1
668
1
1
1
2
659
1
542
2
1
1
1
1
518
80
1
1
163
1
1
1
1002
1
1
462
1
373
1
266
1
1
448
510
124
1108
1
1
118
1
2
1
1
1
1
608
330
35
1
764
1
922
1
1
1
1
1
922
943
1
684
1
1
1
37
937
2
1
1
1
1
1
1
1
296
1
773
1
1
91
179
1
1
538
935
1
1
136
1
582
838
120
1
1
1
402
1
806
950
2
1
1
472
1
1
1
101
171
1
1
1
1
1
1
835
1
1
811
316
1
1
1194
51
3687
6103
508
368
2
1
1
1
697
1152
2
1067
1
641
1
1016
1256
1
2
1
628
1
1
833
1
1320
1
1
1
780
1
961
1
1
1
658
1
1
1
591
822
3
695
93
1
820
1
1
107
1
2
1
1
1
1
112
1019
1
275
59
1
1
99
1
1
1
1
1
446
457
1
401
1
1
1
1
1
22
1
76
999
1
1
145
153
1
2
357
1
347
1
2
1
238
1
1
1348
1
1
680
64
1
1321
176
1
1
506
1
1
1
1034
1
202
1
1
97
1330
1
1099
1
8
78
1
1
1
1
673
1
284
1
19
1305
1
1
943
1309
3
522
1
796
1
1
701
1326
1
1
1332
2
1
1
1
1
1
2
1
1
2133
1
1
1
1
1
306
1
7
664
285
1
1
1
1
1
1
1
982
1
1
1
1
1
1
1
2
1
440
1
49
413
165
1
1
1129
1
46
1
1
1
1
268
1
1
203
1
1
684
1
1
91
1
1
1
387
1
1
1
150
1
564
1
233
151
896
1
247
895
1
106
793
246
1
549
1
1
1
1195
900
1
1
1
1
1
874
1
602
1295
1
487
1
601
435
1
230
660
1
52
1
1
1
2
1
1
347
1
1
1
1
1
195
1
387
1
1
1
1
707
1100
405
61
545
1
1
681
27
1
1
1
1
750
481
1
2
998
2
405
709
273
1
186
2
114
1071
1
100
1
1
1
499
1
1032
1
1
1
1
1
2
853
1
1
500
576
1
432
1
1
35
404
1
241
1
418
1
1217
1
1
1
187
1
278
1
993
1
433
12
97
1
1
1
2
1050
525
1
1
1
817
154
1
1
2
1
1
2
746
829
54
1196
579
1
1
1
1
2
869
1
1
1
1
90
347
1247
1
1251
1
1
76
1
1
1
74
948
722
1
1
151
1173
1
229
1
974
190
720
1
1
1
1
1
1
551
1
1
1
179
1
1
373
1
78
901
1
1
1
1
842
3
1
1
2
7027
1
8
1
1
2
1
1
1
2
1
1294
1
1
1
304
990
828
447
1
1
2
1
1
2
1
1335
1
1257
1
1
1
1
1
667
1
265
145
1
415
1
1
1
1
1
1
1
1
1
1150
1
1
2
1
2
1
726
1
1343
1
1
2929
1
279
951
1
1
2
1
1
1185
1
1
779
1
1
1244
1
1
1
1069
1
1
425
1
1122
1
295
1
1
1
1332
1
2
1
1303
1
1
12
1
1
1
1
1
1
2
14
318
1
267
126
245
628
1
438
1
2
1
1
1
1
1
832
104
1
1
2
1
1
645
1
30
72
1
1
1
1212
1
1
1
130
1
769
299
510
636
1
1
328
532
1
918
1
1177
1
3363
1
1086
710
1
1
766
1
1
1
1
1
822
1002
197
1
751
1
857
2
1
1
1123
767
700
708
1
1
2
217
1
1
1
1
1088
782
1
1
1199
409
1
1
1
1089
1
329
597
2
1
1
1
789
1
27
1
1
1
1
1
1139
1
1
1
1
1
949
1
1107
804
470
1
1
1
729
1
1
1
1
1
1
38
89
2
638
1
396
1
1
1
1
1096
1249
2
1
1178
1327
317
1108
2
1
1
1
327
1
53
1
1
1328
1
535
1278
1
1
1
1
571
188
1
1
1
1022
721
1
1
1
1
210
1
1
1
240
1
214
1
1
2
1
2
1
1
1057
623
1
1
637
1
830
1
1189
1
907
1
578
1157
144
1
1
1
257
1
1
2
1
951
1
1
1
1
309
413
310
1
995
1175
1
1
1
528
280
1
247
1
896
1220
1
657
809
1
1
1
1
4084
2
23
1
1
1
1
1
1
367
1
954
560
1164
52
1
278
1
1
854
1
518
1018
1
1
1
1
1
1
1
1
172
1031
1
1
154
1355
1
1
1
1
139
2
517
1
1
1
1
1
1
1
1
887
2
958
1
1
1
747
25
1
2
1
741
201
1
1
2074
973
536
488
1
547
1
2
1
1
111
1
1
957
1
1
65
128
69
1
347
1
1
327
604
691
395
321
170
1
1
1
1
1
1
1
115
1
156
755
3
5
467
2
1220
132
819
1
1
1
1
1
1
1
1
1
1
928
1023
2
612
1300
1
1
1
626
555
1
1260
1
1
1
1
1
1
14
1
853
2
160
1
272
1
1490
963
493
1
1
1
2
1
1
1
1
1
1
284
527
335
706
970
1
1
1116
1
758
1
2
1
278
1
1
1
1
1307
1
1
1
90
1612
1
1
1
813
503
1
1
2
1
35
1
1
464
114
1
2
316
1
1
1
1
1
1
1
442
827
263
1
974
1
1
1
1
1
1
1
1
429
1253
1
1
1
1
1
1
475
1028
224
1
1
58
1
963
806
1
334
719
1
1
537
1
1
5027
1
922
1
1
80
199
1
1
1130
1
2
1
1
1
1
475
1
1
315
487
1
1
983
475
512
1
936
1
296
1
1
254
801
293
2
2908
1
1
2
878
132
1
107
821
1
1
1
20
1
1
1
103
1
1
173
914
1282
1
1
555
1
1
27
1
1
1
1214
1
1
1
1
916
1
246
2
1
24
1
1
1
1
1045
1
2
220
1
488
1
1
2
425
1
1
1
1
1
1
260
1
1
927
881
1058
282
1
1
1
1
1
365
323
514
392
465
1
1
1
43
1
1
5684
1
1
1
1047
1
1
1
1
1
1
1
1679
1
1
1
2
1047
1
1
1
1
847
565
113
1
1071
743
2
177
1
1
1
1
2
1
1
1976
1
1
1
1
72
308
1228
1
544
466
1
1150
1
1
1
1
1
1
155
1
1
393
975
1
795
1
1
2
1
1194
776
244
1293
275
328
3
1
432
1
1
462
1
954
268
1
1
1
1
1233
780
454
1
1
1
418
96
1
1
1
138
484
457
1
891
1
1
1
1
1265
162
1
446
1
1480
1093
1353
1
1
1
144
220
1
1
1
1
1
229
474
571
3
59
1
1
1
617
1
1
144
2
2
1
2
2
339
1
1
1292
1
271
634
451
1
1
43
672
1
2
1361
948
3970
2
491
1
1
1
1
108
384
1
52
1
950
2
1
1
34
553
1
1
1
1
1
519
1
1
1
1
1
2260
1
1
1
1
1
546
1
1
1
131
2
1
1
1
1
1
1
912
71
1235
1
575
4389
1
1
1
106
1
295
1
2
1
1
453
980
759
1
1
670
497
1
1012
1098
1
1053
1
1
18
1
1
1
1
1
1
1
581
1
1005
321
2
1
1
1
1
1
90
1114
580
51
1
718
1
1
793
1
1
1
1296
1
2
1
763
1
1
1
348
1
1
614
601
845
971
507
1
2
1
1007
500
1
1
934
1281
1
132
1
77
344
2
2
1
1
761
1113
1
724
1
1001
1344
1
1
1
1
1
1
1
1
1
1
1
1
960
1
1181
148
2
383
1
1027
1
1
1
1
935
2
1
1
1104
1
204
1
1
660
1
1
1
1
1
155
1
470
1207
37
1
1
1
1
272
100
287
2
1
1
71
647
1
183
1
1
618
1
1
1
1
1118
276
1
2
1
1217
1
1
908
1
3
1
1
1
1
1
287
506
2
1
1
127
1
1
1
1
1
1226
377
264
172
1
774
2
2
1
1
1
1
1
1
129
1
1
480
440
1
2
1038
1
1
844
1102
1363
501
1
1
1
2
1
884
1
1
1
1
1
214
2
1
383
1013
1
1
1
1
1
184
783
1
1
395
1345
586
1
1
737
1
2
1
1
784
184
1
1
1
294
110
2
1
888
1
1
1
1
1
1
412
1
2
1
249
2
1
1
1
2
1
2
1
1
1
1
1
1
134
1
1
195
1694
1
2
1
1
1
1209
573
1
616
1
1
1
1
1
548
414
2
1
1
212
394
2
1
1
1
1
1
372
1
1
11
942
1
1
1
1
109
1
2
1140
1
120
1
1
1
620
245
1
1
1
507
1
1
1
1
940
1
153
1
1
1
1
1
192
2
1261
638
1
264
2
1
1
1
1
1
1
2
1
1
162
937
1330
1
2
1241
1
419
342
738
1
1
1
1
1
1
1
672
528
1
1192
1
43
310
1
116
1
1
1
1
1
1
1
1
1
1
1
1
1
1064
625
737
1
958
114
2
676
1
1
549
1
1512
1
1
834
1
1
19
1
1
1
2
1
108
1
1
283
1
1
1
594
1
318
1
1
1
1
1
1
488
1
1
869
1
609
1196
33
1
1
1
1
2
1155
276
1
1
1
1
1206
1
2
1327
642
372
1
1
3337
277
604
819
1
1
1249
1
1
1
86
898
1
1178
1
559
1
1
881
1
1
475
2
74
1
1
367
1
1
1
1
1312
1
1
1
1
1
1
182
1
1
1
7
153
1
1
1
1179
1
1
433
1
1
581
1288
2
1
782
1
1
1152
1
1
939
1
1
1
1
1099
1
201
1
406
1
1
157
1
151
1
531
1
640
1
1
1
559
1
1
1
187
1059
90
1
1240
1
2
1
2
1
1
795
341
1008
1160
1
1
4
1
1
1
2
940
1
1
370
1
1
1
1
964
1
1274
136
645
316
1144
1
1
1
2
1
1
1
597
858
1
491
1
370
1
1
1253
1
1
158
1
1
26
1
1
1
1
1333
1
1
351
1
629
607
1
1
1
2
1
1
1
1
1182
1
1
554
1
2
1
1319
1071
1
1142
1
1
1
170
1
1
1
1
1
1
1
1
1
201
1
1
2
1
1
1
314
217
1
2
1
1
1
856
434
1
1
1
718
52
1
1
1
395
918
1
1
1105
1
1
74
1
1
4425
1
569
1
1
1009
400
1
1
1
1
280
1
1187
1321
1
1
503
1051
1
1552
1
234
35
1
2
1
1
1
368
1
1
965
1
1
324
1358
763
1
1
1
1091
619
2
179
1
1
561
940
88
2
890
1
1
1
1
1
520
1
1
1
1
2
1
1
699
1
1
2
1281
1
1
314
2
1
333
26
462
1
1
825
625
1281
1
1
754
1
452
395
1
441
1
471
1
1
369
1
908
1
1
1171
1
1
363
1
1
47
2
648
278
2
1224
26
1532
580
130
1222
1
1
1
1
1
428
311
1
344
1
502
1
1
938
623
2
1
1
1
1
1
392
2
2
1175
1
1
1
34
1
1
1
1
516
1
1
1
1
1
1
1
601
1
1
1
1
1
287
854
1
852
1128
67
1
4
1
1
1
31
1
1
1
1
1028
1
1106
1
1
1
1
1
32
1
95
676
1
481
1364
294
1
1055
1
292
1
1
1
1181
45
1
244
957
1
1
1
2
2
876
159
604
1
1
1
1291
560
1
519
1
1
1
443
1
1
3
42
1
88
1
496
1
1
1
76
1
2
1
370
1279
211
1
1
1
1
818
1
1
1
1
1
834
1
2
874
1
1
416
512
126
1163
965
84
340
1
1014
1196
776
2
1
1
737
2
1288
290
1
1
1
1
1
1
1
938
1109
312
1
1
898
1
1342
1
1
1
1
1
506
97
1
1
153
2
942
1
107
1
1
1
1
1
1
1061
248
565
1
1
180
1
1100
1
1
240
1
293
1
1
373
1
1
1
1
503
851
817
35
2
1
1
486
1
1
1
1086
1
852
1
1117
1121
273
1
1
25
1
1
2
1
1
1
1
1
324
1
826
1
1
235
1017
655
1
243
853
1
341
1
1
1
2
1
1
1
595
1203
1
1
360
1
1
182
1
660
2
297
1
1042
561
1
362
1353
1
1
1
1
1
1
1
1
1
1
1
123
1019
888
706
1
1
1313
88
1
1
1
284
1
19
603
1
1
1
817
823
1
1
35
1
1
2
1
1
1
1
710
1
1
1
1
1
1329
1
1
1
585
1232
654
1266
36
2
508
1
1
1
627
1
1
1
1
1
1
2
1
1031
1
1
1
905
1
1
1
1
1
734
1
1
1
1
23
1101
1
1
1
1
1004
1
1124
127
1
901
895
1
1075
130
1
1
1
1
447
1
1
1
53
872
1
1
1
1
1
1
1
1
753
670
1
1207
2
780
783
82
1
1
1019
111
426
1
1
1174
1
944
546
905
1
1
1
1
1
1
1
1
1
463
1
1
1230
16
61
198
1
1
2
1
1
1
1
1
1
1
1
500
1
1
1
637
236
1
1
2
1
57
1
155
1
54
19
1
1
1
1
1
1
835
1
347
418
1
1392
187
1
723
1299
1
1
1
1
1
1
928
531
815
725
1
1
362
737
144
1
1
2
2
1
100
1
671
1
2
1
303
2
1
1
1
1
1311
493
1
1
1
483
1272
1
2
1
157
1
1
1
1006
2730
1
968
486
1
253
2
1274
2
1
1
1
24
1
1
1
1
1
1
2
1
1
658
1
808
1
1188
1
1
539
1
1
909
2
1
2
1
687
986
2
1
573
390
1
1
2
215
1
1
1
1165
1
1
862
1
1
1
393
52
1293
1
1267
1
1
2
2
1
49
162
1
1236
1
1
1
1
1
461
1
2
803
1
1
166
1
1
349
342
1
800
1
1
635
1
1
105
1
2
1
1
1
1
1
1
74
1
1201
1
383
662
1
181
1
1
1339
1
1
483
1
1
1
100
1
119
2
1
1
1
1
1
1147
1040
241
1
1
329
1
1
1
612
1
1074
4
1
1147
1
1
1
1
1
1
152
1
1
2
327
1
501
1
1
879
1
1
1203
1
1
1
1
471
1
1
1
1
1
1
371
1
496
77
916
611
367
1
1
2
1
156
599
1
1
859
2
1
1
1
1
48
683
1
1
257
1
1
1
1
1
1
266
1
918
1
1
1
1
1
2
900
784
1
1
651
1
1
1
1
1
1
1
1
1
1
1
3
471
313
1
159
1
1
1
176
1
243
2
1
1
62
1
1
1
470
346
1
460
1
2
1
1051
1
1
672
1
76
143
1
1
1
601
1008
1
1
1
732
1620
825
465
131
771
1
2
1
887
1
385
1
90
1
1
256
1
3
1
109
1
46
1
1
880
1
479
377
573
1
1
1991
256
2
1
1
657
3
661
1
6
1
1
326
1
1
1
1
1
1
538
1
16
1
69
1
1
956
1
6180
1
622
432
1
1
1
1
1
1
1
1
290
877
190
1
228
1
701
1
1336
1
1
1
1
1
1
1
1279
1
868
1
1
1
1
1
514
2
1
1
1
2
727
90
1
1
1
1
2
1022
1
1
3
1
1
12
768
1
1
1
357
1
618
1
1
522
545
77
1
1
1
4208
2
1
956
1
1019
250
116
1
1
101
1357
392
1
54
1
1
1
1134
433
1337
1
606
545
281
1
412
2
659
609
1
727
1
1
709
1
1
1
2103
596
1
2
1
1
1
1
482
2
1
843
1
1213
1
1
822
1
1
1
207
2
620
606
1
1
1
114
295
1
1
605
1
1
1
1
16
1
850
1
1
841
1
1
1
72
1
1
2
239
1114
1
1
1
401
1
867
1
594
278
1
1
462
198
1
1872
1
540
1
1
38
1
1
568
831
159
136
1
1859
1
1
1
1
1
1
1
1
1
1196
1
1
1
2
1
1
647
1135
1
669
1
321
1
274
1
619
1
378
84
1
529
1348
1
1
345
770
1
1
1022
367
1
261
1
569
1
1
1
1139
1
1
1
1
1
1
258
1323
1
1
247
1
659
1
1
1
833
514
1
1302
1
1
1
1
739
1234
1
1
321
789
1
1
1
1
227
1
1
312
413
1
1
1
1211
1
729
1
799
651
1
1
1
616
1
1
1
1
2
2
2
1260
204
2853
2
1
1
1
1
1
1
1
1353
1
995
1
833
149
1
1
1
992
1
143
1
242
748
1
337
1
1
330
1
1081
436
1
2
2023
1
1
1274
1
1
1
1
1
334
645
1
411
16
1
1
2
1
1
1
1
1
1
1
705
1
1
15
565
1
1
1
1
1
1026
869
306
1
115
1
1
1308
1816
908
359
373
1
1186
3934
1
568
1
1
362
1
1
436
1
2
713
1
1
1
1
1
1
1
641
1
1
1203
1340
1
1
1
1
1
1
763
1
239
2
1
1
966
1
1
344
467
1
1
1
786
140
257
1
18
1
137
131
1
1
957
232
217
763
1360
1
1
1
95
2
1
464
990
1
1
1214
1
1
1
1
1
115
5
92
967
1
1
1
1
141
1
1
1
1
1
1
292
1
1206
441
25
1
1
1
1
1
3
1
1
1230
1
1
1
1
215
1
1
1
913
1094
726
1
257
1
17
196
1
96
2
1
1
1
1
1
1
333
783
1045
296
1227
1
1
499
442
1
260
1
1
2
1
1
155
1
1
1
1
1980
288
1
1
1024
1
1
54
109
408
388
28
1
1183
244
1
1
1
203
1
1
1
1
1212
1
1
642
1
6141
41
1
2
1244
1
1
1
135
1
1
1
1
781
2
1
1
803
1
1
187
1
1
154
466
1
1216
1
1
1
2
1
1
240
1
725
1
1
1
1
1
534
1206
1
1
1
1
785
1
1
1
1
336
1
1
1
398
582
1
1
1
1
2
1
1
677
1
350
1
1
1
1
1
1
1
1
1
1969
1
719
1
3
377
2
386
230
1
1161
242
1
1
1
1
1
1
1013
1
443
860
1
1
1
379
279
977
2
1
1054
1106
1
1
2
245
1
1
237
520
2
310
1
1
1
720
503
4
1
1
379
1
1
1
583
1
1
1
2
2
195
332
789
1
1
1205
1
1465
1
303
1
1
676
1
340
1
1
2
720
1
1
1
1
1
1
856
1
173
1
521
996
1
937
1
1
1
1
1
1
1
1
98
1
514
535
115
1
3879
222
1
2
1
356
470
1
1
330
281
495
1
475
2
1263
1
1017
2
1
918
1
1
1
1171
374
1
31
450
848
1
1
473
1
285
231
1
1353
1
293
1
72
1
1
1146
1
1
1120
1
990
206
1
1
480
1
1
253
1
5
346
1674
1
1
725
1
1
1
1
1
1
1
1
203
1
2
1
1
1
1
1
626
46
416
1014
145
1
705
1
1
248
1
1
11
4251
1
327
48
1
1
552
734
1218
189
671
1008
1293
1013
1
1
1
1
116
5717
193
604
1
1
1
865
170
1
1
1
1
1
371
1210
852
1100
1
1
143
597
827
1
1
1
868
1
1
841
2
694
217
2
359
1
559
68
1
2
1112
2
1
1
515
253
1106
1
1
625
1
513
1
1
3
1
1
1
1
1
1
1021
1
1
1
1
1
1
1
1
1
1
1
1
1
34
1
1
2
1
1658
1
1
1
1
1183
1
1
1356
1
956
196
177
1099
1
1
1
1
963
900
1
192
1289
1
2
1
1355
1
1
900
326
469
824
1364
641
1
635
1
1
1
1
419
734
1
1
1
1
1
1312
270
1123
1
2
726
1
1
1
1
448
1
1
1
1
590
420
2
443
1
1
1
1
1
1
194
1346
388
1
3
49
1
1229
775
1
1
1
1
1054
1
1
1
633
1
4
1
1
1
557
1
1
1
79
394
457
1
617
1
1
2
1
1
1087
1
1
1
1
1
1
1
1
741
451
1
1
1
1
1289
1
154
1
1
1358
703
1
617
1
950
1
1
210
1
329
573
724
1
803
446
497
1
934
1
2
1
114
1
1
791
2
1
1
1
1
1
1
2
174
994
627
1
1
1
1
1
262
609
995
1
1
1
1
1
1
1337
1
1
32
2
1
1
1
1
1
1
740
292
2
1
382
69
1
1134
1
645
1
1
1
1
1
651
954
162
1
1
739
426
2
2
1
1
1
1
2
392
2
1
852
1
2916
1
1
1
1
1
598
2
313
1
1
849
1
1
1
1
1
2
638
171
774
1
1
1
1
1
1195
526
1
363
1113
1164
1092
520
1
1
1
1
1
1
731
1
1
1
1
1
1
1
31
1
79
1153
1
1
1
887
1
1
1
1
1
1
1
1014
1162
551
1
1
1
1
1
1
1
1
1
330
1
1011
1
2
1
1
1
1035
1
877
2
1
523
1204
1
955
229
1
428
1
1
1
462
1
1
1
1
1
1
1
1
712
179
179
1
1
1
1
1
733
501
1
1116
1
1
1
41
1
1
2
1
452
1
1
539
373
2
1
1
1
24
1
1120
1353
85
1119
1
1
485
1
1
146
2
1
450
505
7
1
1
201
1
1
1
1
1182
2
1
2
2
1
1
1
1
2
1
1
1137
1
1
834
1
1
380
1
1
1
121
1
1
1274
821
330
2
916
1
909
1
1
1066
1
1
1
1
1
616
1
1
1
1126
1703
1
1
1
1
1
1
2
1
724
300
1
1
630
284
1
1
1012
1
1
1
1
1
1
2
1
1
1784
1
2850
1
182
540
1
2
1
826
3
2
1
1
1
854
1
1
1
1
163
1251
2880
1
1120
1361
1
1
1
225
1
1
1
1
1
1
254
1
1
1
1235
1118
339
1
671
1
1337
1
1
687
1
1
1
1
1
1
1
2
1
1
1116
1
1
2
1
2
1
435
481
1
1
1016
1
835
1
1
447
1
1
37
541
2
1
1
1
62
2
1
408
1
1
1
155
1
1131
668
1
1
2
1
1
1
1
107
1
1
1301
962
1
1
708
728
1
806
974
3691
1
1
99
1
532
427
978
1316
2
1319
1
1
102
198
1
1
687
1
388
1
1
1
954
1
35
1
1
703
1
237
1
1
136
1
1
1
401
1
749
1
1
515
1
1
1
1
1
558
575
1
1
1319
1
1
1
1
1
1
1
1
270
1
1
1
1
1
1
547
1
1048
884
1564
482
1
1
1
1304
1041
11
5
3413
1
1
1
1
1
616
1
1
1
891
430
1
2
583
840
1
1
1
1
1
206
1063
464
928
840
1329
1
73
1055
1
1
917
1
1
1
1
1
1
1
14
1
2
1
1
1
425
1
1
1
246
1253
1
1
2
1010
1
1
1
968
1008
1
266
1
1
1
1
2
1137
1269
1
1
1
1
493
1
1
1
956
2
1261
2
1
1
1
1
1359
40
1
166
1
1
1
453
856
246
287
372
1101
1006
495
294
1
774
1
1
1
1
1
1
1
1297
1
767
299
1
38
1
1
1
1
2
1
1
516
1
994
1
353
1
1
1
1
1
233
2
1
949
1
1
1
921
688
1
652
1123
1
1
1
135
1
1
2
3
1
2
1
444
1
1
156
1
381
1
42
1
1
1
965
1
1
1314
1
135
1
1129
1
1
381
493
1
1
1
524
1
1
794
1
1
1
1
2
1
1
1
1
763
1
1
1
749
1
318
1
738
1
1
171
1
1
1
631
2
933
1
1
1044
119
1128
1
1
1
1
252
411
1
271
1
504
939
78
483
1
1
1
1048
1
1
1
5825
409
1
1
904
680
900
1
2
1
1
1
513
222
1
1
670
2
58
1
1
2
1
1
1
836
1
624
1
872
1
1
1
4
1
1
972
2
1
1
1
885
807
1
1
2
88
1
1
1074
1
3
2
1
1
394
803
737
708
1
715
1
293
1262
1
1
1318
1
1
1
1
544
1
1
1
670
1
421
1
1
1
1
370
12
1
1
1
1358
341
936
1
1
2992
1
1
1
1
628
1
1049
2
1
1179
1
1
1115
1
700
1
2
914
858
248
1
1
1
1
1
608
1305
1
1
1
1
1206
1
99
1
36
5
2
1
1
1
1
706
1079
1
362
596
1
1
1
1
2
762
697
1
377
1
1206
1
1
1
809
1
1
1589
645
2
597
1
875
753
1
1
1
2
1
565
1
1
1
192
1
1
1
1
1
1
1
1
535
1
529
1
464
1
1
2
1
43
3513
1
1
1
1101
1335
403
1
54
245
1
131
1
2
537
521
1
235
93
1
1
1
1
1
1
289
1
1
1
1
1
1
3
1
449
410
1089
1
1
784
1
1
1
1
1
1
440
1
787
128
367
1
1
1
1
1
1231
1337
728
1
1
1
1
604
1
1
1
1113
613
1
414
1
1
1
1101
184
1
1
1
182
1
1322
1
539
3945
313
1
324
1
1068
314
1
371
1
1
1
78
1
915
1
781
973
1
267
1
1
1089
1
175
1
1
1
1
1
340
1
1
5470
1
2
1
267
58
1
1
949
887
1
987
815
1
1
1
1
1
1
1
1
1
1
1
1
1
1
1
622
980
1
1
1
1
704
2
1
260
1139
1
131
1
767
1
1227
1
1
1
1138
1015
1
1302
1
1
2898
232
1
1
986
1
864
1
818
570
186
1
20
883
1
2
1
1
1
247
144
349
261
585
367
1326
1
424
1143
2
1
1259
1
5
254
1255
1
47
1051
1
1
1
1
58
278
1276
1
385
1
42
1
1
540
1
1
1
1
1
1
1
1
47
66
1
1316
1
1
1
1156
1128
1318
361
1
336
2
577
1
897
1
1
1
1
1
1
1
1
1
286
1
1271
104
1
1029
1
1
1
236
593
1
1
1
1580
1
1066
1
1
3
1
1
939
1
64
796
347
1
2
291
69
1
1183
1
665
1
1122
1058
1
1194
1
832
565
602
1
1
1
1
1
1
300
1
513
1063
1
1
2
1
1
1
1
1
1
1
1
961
1
1060
1
1
597
1
56
1
1
1
1
1
1
1
1083
1
1
1
542
1
1
860
1
1
1
1
1
1
2
624
633
1
805
29
1
400
901
1188
430
276
1
3
1
716
1
1
297
1
450
209
1
2
1
1
1
1
143
1
1
1176
1
1
960
1
1
1
1
1194
1057
1
1
999
271
1
1
9
57
635
1
407
1
1
60
281
1296
3
1
1132
289
796
1
1
1244
1
634
1
1
637
1
1
799
1
451
1
2
1
1
1
2
1
704
1
1099
1
1084
1
1
1
201
1
19
871
1
1
287
231
1
1
1
1338
351
1
1
1
1
1
1
2
1
1
851
1286
1
1575
1
682
553
1
628
1
1
617
1
1
1013
381
1272
1
1
1
1
1
1
1
922
27
40
480
1
1
1
1
1
1
1
1
1
1
137
1
1
2
1
1
1
1
76
1
1
1
918
298
1
1256
50
1
1
1079
1
1
1
545
1
315
1
550
1
197
1
213
1
146
1
371
714
1
1
96
1
685
1001
1
1
1
1
1
39
1065
232
2
1358
1
28
451
1
645
574
1
1
1
1
1
1
1
1093
1
144
1002
1
679
1
2
1
1
222
943
1
538
1
1
1006
64
1
1
1
1
456
88
1
1
1
1
1
1339
632
812
1
554
731
360
1
1
1073
1
1
6
1
1
1
325
1
735
789
131
1
1302
1
1
993
3
800
1
1
1
1
1
814
37
1
1
1
562
136
1204
1
506
1
333
1
75
764
1
1
1
606
1
1
1310
1
1
1
1
1
651
1025
1
2
1
541
81
1
1
1
1
650
1
635
1
1
1
1
411
301
654
367
189
1
1
1
1
769
1
1
2
1
286
1
329
1
1
1
202
605
1
1098
1
1159
1
1
1
1
1
1
1087
1295
1
1
1
1
1
588
1
55
1
285
1
1
146
2
1
1
1
1
1
365
1
1
1
329
1
2
1
1
1
1
1
1
1
1
619
485
1005
1
1
1
1
1
1
1
1
2
1
3252
1766
243
1
1061
1101
979
264
1
783
1
1
1
2
1
1
1
1
1
1
1
1
1
1
1
1099
1
1
1
1
915
1
603
147
763
1040
1
2
1132
1
1
1
1
1168
1
1929
2
2
1
1
612
1
1
1
1
1
1
1
1348
1
1
691
1
1
1030
1
1
2
1
1
467
594
1
1
1
408
1
1097
740
1
1
2
605
624
1
15
499
1
1
1180
1
246
729
1
1
2
1
1
1
489
2
2
1
1
665
1
1
1
804
2
1
1
763
751
734
706
800
1134
1
1
139
614
1
2
1
823
649
1
1
1
801
1
1
3
1
1
1
2
54
713
96
1
845
1
1
1
4475
1
522
1
796
1
1
1
15
1
15
186
2330
2
2
1
3813
137
577
1
1
787
1
7
1
1
565
1231
1
702
1
1
376
1
1
803
1
1
310
1
2
1
1
1
1
1
893
1
1
1
1
601
2
823
1
1295
1
1
1
1
1
391
1
1
1
1
1
2
734
592
94
1
716
1151
1258
1
1055
809
1
1
1
661
1
759
1156
1
1
1
57
1170
2
1145
1
48
411
1
177
45
1249
425
174
1
620
156
1
786
846
1
1
1
6
1506
1
1203
1
1
1
1
72
1
1
63
1
257
1
1
85
326
1
1
665
1
447
1
1
2
1
1
1
1
4365
2
1
1
1022
1192
1
560
1
972
1
1049
1
1
158
1
120
1
75
1
1
1
1
1
1
128
2
1
1
1
1
1
1
1
1
1
1
1
229
1
1
1
1168
1
1
1
692
1
1
1
1
1
669
1
433
438
1
1305
1165
79
133
1
1
618
196
170
548
1077
713
1
1054
1
1
536
1173
830
1
1
1
2
1
2
1
1
1
1
1
1
513
615
1
1
191
1214
1
1
1212
1
1
1190
1
824
343
454
1
1
2
927
1
1
1
1
1
218
1
1
1
1
186
179
1
1
581
1
1
1
1
449
334
1
1
1
1
6
1
173
2
755
1
714
1
1
759
500
520
1
482
1
1
1
160
1
565
36
1
1
1
1
1
1
773
1
1
453
1136
825
153
1
1
1
762
1
434
251
1
1
1
1
1
139
149
1075
1
1
1
1
1
1
941
1
1
1
1
1
851
1
2
174
1232
1
1
1
1266
602
1
1
1
1
1
1
2
1
1
1
339
1
1
1
3
1
1
1
1
1
1
1
354
2
166
449
820
1
1
1
1
1
1
1
1192
1
1
1
1
1
1
893
1049
17
2673
1
1302
1135
1095
203
1
1463
1
1
1
1
1055
1
1098
1
1208
1
1
1182
1
240
1
232
122
1
326
1
946
1
1
1
125
867
1162
99
150
1
600
1
914
104
2
969
1
1
332
1
989
376
1
1
1
1
1
1021
1
1296
2
605
1
1
1089
1
640
1
1
628
86
2
1
1
132
1
1
1
1303
663
1
1
2
1
1
1
1
288
750
1
162
2
1
189
1
109
1
497
1
2
65
137
611
1
954
668
1
1
1
1
1
1
854
127
1
372
331
936
355
1
545
560
565
706
1
1105
463
1
65
1
1
1247
294
961
1
2
1
664
1
1
1
1
422
949
1
1
1276
500
1
1
1
973
1
1
330
2
425
3304
1
1
94
1
1
270
1
770
1
1
3
1
324
1
1
964
1
1
1
1
1120
1
1
29
2
1
1
1
1
1
1
1
476
1
1
1
350
1
1
1
421
1
1
918
772
1327
1
1
1
1
136
922
1
1
535
1
1
1
1
779
1
204
1
1
1745
932
1
1
1
1
1
1
201
1
1
294
1274
170
326
1
1
438
344
362
606
2
2
1
345
593
1
557
1
1
107
143
676
1285
1
628
2
1
1
223
773
1088
1
1
1
1
1
567
341
1
1
2
2344
2
1
746
1
1
93
421
1
1
1
202
1
1
1124
1
1182
1
646
1
1244
1
1
1
1232
1
1
761
93
1
1
2
269
1
1
1
1039
2
1
1
1204
1
1
1
3475
1
337
1
592
1
757
849
90
2
1
1
605
1
1
1
831
1
217
115
431
2
1
1
1
786
1
1
1038
1
765
1
1
1
1
1
1
1
1283
70
1
295
276
1
253
8
1
1062
1
412
508
602
260
1
208
1
1
1
2
1
215
1
1
1
78
84
1
1
1
2
499
410
1
1
400
1
1
807
949
1
1
445
1
1
1
1246
23
540
1
1
1
2
1082
294
570
1
1038
1
1235
1
1
1
2
2
452
1
1
1
1
1
1
1
1135
242
1
1095
1
485
1
2
1
1
1
1
1
1
1
1295
1
1
1
1
329
206
406
1
264
1
1
1
369
1
1
1
2
1
1
854
1
1
1
1
1
2498
680
1
1
1318
1080
1
1
1
1
2
2
1
1
336
1
1
1234
921
1
1025
678
1
1
34
2
1118
1
1063
1
1
1
1
2
495
1
1321
1
2
2
1
1
199
1
1
825
1
1
1
1
1177
323
1
911
1
1
5900
1
62
1
1
1
940
1
1
1
1
1
1
1
1
1
1
1
1
1
1
62
1
1
1
1
238
1
1
943
1361
47
150
1
1
2
1
1
1
1
1206
1
1
1244
746
621
1
1
1
465
1
759
1010
1
1248
1
2097
1
1
524
919
2
1
1
807
69
829
549
502
1
852
703
1764
1188
1289
1
1
230
1
1
1
1
1
749
1
1151
1
7
1
306
1
1
1
226
1
1
1077
1
1
199
352
1
1
2
3
1
2
1
502
1046
200
1
1
862
1
1
1
1
1
116
1
1
142
1
1
2
810
1
1029
98
1
241
1
1
1
1
1
1
583
1
1
963
2
1
1
1286
1
416
1
1
1242
1
1349
1
366
1
1
1
2
364
1
1
1
1
872
520
1
236
1
1
1
1
879
1
1
1
1
1
1
1
1
1
1
1
989
2
1
884
1
1
1
1
1072
960
1
283
2
23
1
1
75
1
1
814
1
411
631
1
1
2
1
1
1
634
1119
1
161
1
1
1
1
1
1
1
866
514
1336
1
794
836
1
3
1
1
1
280
2
1018
65
943
604
1
222
1
2
1
1234
1
1
1135
893
1
2
1
1
1
348
1
1
1583
2
444
1
1
1
1
1
382
118
1
1
761
762
1219
1
1
1
1
760
2
1
49
1137
1
39
1
1
1
120
134
1
1
555
1
1
1224
603
1
1
318
1
472
1
493
374
1
1193
1
1
1
1
1
2
1013
1
1
1
1
1
349
1
791
720
2
843
1310
519
1
1
1
1
221
485
2
1
181
1
1
1330
1
812
1
2
1260
2
1
1
1
1
1
358
1
491
830
1
1
25
18
2224
1
1327
461
1
1312
167
872
1
118
1
1
1
1
1
1
238
112
1
1
700
362
1166
917
1
80
309
1
1
168
1
685
415
1
1
1
1159
1
2
184
1
1193
1
1114
160
1
695
1
1
1
1057
1058
1
1
1
694
7
2
677
1
543
1
1296
1
2
2
699
2
1
1
1
517
1
1
1
1
1
1
1
1
253
1
5
1
316
186
1
1
1
1
1
1
580
1
1
730
1
1
1
1
1
1
1
1
158
1272
690
519
1
1
1
2
38
1
263
749
2
1
1
1
1
126
1
1
181
126
2
1
1297
1
1
1
1
1
1
1
908
1
1
1
804
713
1
642
1
1
1
2
772
1
2
646
1
1
1
1
1
1
147
1
1
1
1
1
1
1
1
1
1
158
1242
563
1
1
1
2
2033
1
1
1
1
770
2
308
1
222
687
1
1
1049
525
1
764
1
1
1
134
231
1
1
23
2
1
1
140
1
1
2
1
1097
1
1
504
1
1
843
1
1
1
959
1
875
1
1
138
1
2
1143
1241
984
1
1
1
2
1
278
1
1076
1
1
1
910
1071
1
299
121
1
1
1
1
1
2923
1
1
1254
490
1
1
1040
86
1
511
532
1
1
1
1
1
1
1
1299
1
188
1
809
60
1
148
1
1
1
1
1
1322
1
1
67
1
1
1361
1
552
2
458
1
12
1
191
766
46
1
1
1
2
1
1
5169
2
1
1690
1
238
422
1
456
1070
1
952
1048
1
1
2
892
591
1
1
1
688
1
1
1
1
1009
2138
1
702
1
1
1
1
1
1
1
1
1224
1128
477
1193
1
1
11
301
1
1
398
1
240
1
1
619
1
1
630
1
1
1
1
921
942
572
1
601
1
963
1014
1202
1
1
1
1
1
200
534
129
1860
126
722
196
868
544
71
54
2
1
151
913
1
797
961
1
690
3
371
606
710
1
830
1
1
1
1
883
747
1098
1
1
695
394
1
1
1
1
1
2
362
984
2
1
517
1
802
1
1
131
1
1
1
1263
169
1
1
1
1
1
1
1
1
493
559
1
1019
427
1
1
1
954
1
1
1
1
368
568
1
1
1
315
1
1
1
1
1
524
673
602
2
2
207
1
1
626
1
147
1
1
1
1110
1
1
1
1
1
712
1874
1
1
57
1
3799
1054
1
1
207
1
399
571
143
1
1
150
94
1020
1
399
1
1
29
1
126
1
323
137
727
1
1
1
1
124
1
793
299
1
78
695
734
1023
1
1
1
2
1
56
729
1113
1
1
1
1
1645
85
162
1
1
1
1
1
716
141
1
1
1122
1
636
294
1
101
1
1
215
690
804
1
1
1
1
531
1191
1
1
295
1
1
184
1
1
1
623
824
1
1
1206
1340
2563
1
343
331
666
575
1
894
1
1111
621
288
2
1
1
1238
1
97
353
929
1
1
921
1
2
548
1030
1206
9
1061
1
659
995
857
1
580
1
1
1
452
154
2
1
1
936
1
1
1
1
1
1
578
1
2
1
1094
1
191
1
1
914
989
695
41
1
968
1
1
1
1
1
1
1
1
1
1
1
1323
2
351
78
950
894
108
1
531
1140
1
1
1116
1
435
1
1
1
16
1
1
1
1
244
1
375
35
1
212
562
965
1
378
1
755
1
507
313
1
307
1
1
1
538
240
1
1
1
1
1
167
1
1
1
1122
952
1058
672
2
726
1
1
1
1
1
1
1331
699
1
1
1202
388
347
554
1
1052
1
1
1
724
1
888
2
1
2
2
48
1
1
20
1
1
1223
687
1
1
2
1054
1
1
1
1
1
129
1
331
756
711
1
538
1218
1
2
135
1
3
138
1
1
1
603
1
389
1
163
1
1
1025
1
2
1
1
1131
1
1
446
2
1
11
1
550
1
1
1
1
1
740
1
1
2
1325
1
1
117
1
1
743
194
1
905
2
1
474
1
1
1
1
4383
1049
257
1
1
1
2
156
1
1
1
1
1
1291
1
351
1
1351
1
1
187
307
1
1
1274
1
1
1
1010
1
1
1
1
1
186
325
286
370
1
1
1
38
1
1
95
2
1
1258
1111
1
69
523
1
334
1
1
1
1
1
1
322
1
1
799
1
1
1
94
908
5
1
1
584
1
1
1
1
1
1
1
855
1
1
1
1
1
1
1
1
1
1
1218
1
1
719
1
1
12
419
1
1
1
49
1
940
2
1
1
373
286
1
1
1183
1257
1
463
644
152
1
1
1051
1
1
1
877
299
1
1
1
1
1
1172
1
1
1020
1
1
24
818
1
1
901
1
1
413
1
1179
1
1
1
1
1
1209
1
200
1
1
1
1
1
1
1
1
1134
215
2
1
506
1
1
1
2
2
1
1295
988
201
2
1
1
1
353
510
1
1
1141
1
1
1
1
898
1
1
330
1
1
831
39
2
1188
1
1
1266
606
243
1
961
1
2
1
1
1
846
1
759
2
1
1
287
1
1
1043
1
266
1
1
1
1
1
2
1
1
1
497
1
1
1
321
1
2
2
256
1
187
1
1062
1
420
1
869
1
2
1
1
1148
1
1
2
581
1
1
116
1
1162
1
1
1
1274
1121
1
983
2
1176
1
2
618
1
1
132
1251
1
436
1
1344
1097
882
1
2
866
2
817
1
1
1
1
1
752
1
1
1246
880
96
1
1098
2
590
1
1
1
635
235
416
1
1
949
1
1
2
1
914
2
1
1
599
1
1
1
1
2
358
1
317
1
1
1
954
1
2
1167
1250
2
770
411
1
1
2
240
1
1
1
1
600
906
226
2
1
2
818
1
1324
582
1198
78
242
1
1
727
1
1
614
282
2
70
1
1
1170
1
109
1
1
1114
2
145
242
1
111
176
1335
2
1056
884
1
1
1
480
494
866
1
781
1130
1
1
605
684
1266
222
1
93
2
1
458
684
1
1
1
1
602
1
1
2
181
1
1
1
1
1
1
1175
735
269
485
1
9
2
1
410
112
779
3
246
1
151
359
1054
1
753
1
93
1252
1310
1
1
1
980
298
1
320
1
1280
539
1
2
743
1
1
1
245
1
972
1
1
1
70
1
180
1
479
1251
1
1
1
607
1
378
1
890
1
1
1
494
1
553
1750
2
1
1
1
746
1
2
798
1
2
1313
512
1
1
1
1171
1
1
1
1
1
1
902
1
1
519
1
1
1
800
1
1007
1
1
1122
1
823
1
1
1
2
1
1
1
318
1
1
1
1
29
1308
1
1202
1
1
1
1092
1302
1
715
802
1
494
1
1
530
1
969
1179
1
1
1
99
138
79
1
1
843
1
1
447
1
1
839
1420
1
1
1
21
904
1
1298
1
436
1
1
775
1
1
1
404
1
1
1
467
1
1
1
1
1
671
2
1
1
1
1
1
1
1
210
1
5
1
1
1
1
1
1
1
1345
336
1
434
786
2
1
1
38
1
2
138
1
1
1
456
1
1
1
1072
1
1025
1
1
717
1116
1
1
1
1
2
1
1094
566
1
1
446
182
388
903
787
1
1132
1
1
542
948
1
464
1
75
1
1
1
770
1
1
1123
859
1
331
1
289
160
1
1
1
81
1
2
1
1
1
641
284
1
1
1
597
546
1
926
1
1
1
1
1
439
537
426
615
1
1
113
1
1218
1
15
1
1
984
1
1
1
1
2
255
493
1
39
336
1
1
716
1
1
1
200
1
634
1
1
1
1
109
215
1
461
1
214
1
1
678
1
1
206
881
148
1
1
1
1
764
1168
1
975
174
1
1
1
1
927
1095
1
1
584
113
287
953
1
1
1
1
249
1
1
1
723
1
1
1
354
1
1
57
1335
1
1
1
1
576
250
72
1
100
1
1
19
1
2
1
915
1
1
290
1223
1
1
1
1199
1
426
1
997
1
1
1
93
2
1
1
1
1
1
1
1
579
1
233
1
1
1
594
953
435
3
1
499
1
463
1
448
1
1
1987
1
95
398
2
1
1
565
1
2
724
1
928
2
1
510
346
1
612
279
407
1
1
1446
1
1
1
1
1
108
1
2
799
1
1
1
1
1
584
290
1015
1
59
2
2
1
1
1
1
166
1
1
1344
1
1
2
687
1
1087
1
1239
1
655
600
1
17
2
953
1
361
995
1
860
1
1
1163
290
1
1
495
1
1
865
1
778
1
1
1
1
1447
2
1
1038
1
1
1047
440
1114
1
1
1245
1
866
726
1
2
1
1
1
488
1
305
1
1
760
1203
421
1
232
687
973
812
2
1
1
1
1
1
1
43
1061
1
569
1
1
1
449
557
844
1
2
2
2
2
27
1
1
572
978
444
1
1
1
1
1
542
1
1
675
1
1003
191
1
498
1
2
519
1
1
1
424
1
1337
1
232
1
1
1
1
1
1
1
1
994
1096
1
1061
149
1
1232
1
1
1
1
1
2
1
796
1
1
662
1
1
1040
631
1
1
1
951
122
676
881
22
1
2
952
1
761
358
625
2
72
1
473
1
1
1023
1
222
1
1
747
1
234
2
1
141
1
89
1
1
1
334
1360
1
1
1
1
1
2
1
574
1
1
1
1
1
1
175
853
17
1
302
1
1
1
1
1361
1
170
127
1
1
1
1
1029
717
642
1
1333
1
987
1
1
1
1
851
1
419
240
1
1
1
204
1219
2
642
1
1
1
1
411
1
1
1
489
388
1
2501
440
731
1
588
1
1
356
1
808
1
677
1
26
1
1
146
1
1
1
1
1
636
707
558
1175
535
2
121
1
699
1
927
1084
1
1
2
1060
1
1
1
1
1
1
1
118
415
2
1
612
1
1
7
274
836
1250
1
352
614
1
1143
1
1
1
835
1
126
1
1
304
719
105
1
1
1
544
1
1
426
1238
1
1241
1
1255
1
1
12
1
1
1359
2
1
1174
255
1234
2
1
98
1214
117
675
1
1
805
1
300
1
353
1
1
1
1
2
1
781
1
1
1
903
1
2
1
1
1
110
372
1391
1
328
1
871
2
892
228
359
973
678
1092
1
1
1
1
469
1
1
1005
1
1
521
43
1
3
1331
1
1026
1
1
412
1
1
1108
1008
1
1
556
477
1
2
1
1
73
448
1
470
2
279
1
1
1
1
1
1
2
1
1
1
1
1
1
1
1
858
1
1
1
924
1
1
1
1277
1
2
1
95
1
347
1
1
1
1
2
285
1
157
1
1323
2
629
293
1
1
671
115
1
2008
11
1
1
1
1
304
2
1
345
1
1
585
355
1
821
1218
1
916
248
1
1280
1075
1
1
1
1
1
1
1
1
427
262
1200
1
2
1
372
2
117
1
1
1
1
2
1311
1
2
1
248
2322
1
524
1
1270
105
1
1
416
1
27
1
1038
263
1
1
1
745
76
1
1
1
1
588
609
1
1115
1
1
594
251
201
1
1
1
312
1
54
2
1
2
1353
725
685
1
2
1
59
1
1
1
1
979
275
1
1
233
1
1
2
786
1
1
1
2
1
1
1
473
1
3
1
146
1
2
1245
1
138
1
1
446
1
1
1
697
1
453
1
1219
1
1233
1
1
1
1
1
133
490
728
1
666
1
1
1
1
3064
363
1425
1
439
1
404
1
3333
1
1
1288
1
1
1
1
1
276
1
1
1150
1
1177
2
1
413
1348
1480
1
557
249
1
1
1
1
542
1
1
1148
1159
368
1
1
306
1
2
100
1
1
214
1
1
1
1
25
1
1083
1
1
1
1
1
703
1
893
332
2
1
806
1
1
1
1
1
1
1
5
1
1
817
134
1
1
2
1
1
1344
2
68
1
1
1
1
544
1
1
1
1
743
1
1
1
5032
1
1
85
1
1
1
549
864
1138
590
344
1302
1
1
1066
540
1
1
1
1
1
755
481
591
2
1
1275
428
2
1
1161
1
1
1
1137
2
1
1
1
1
1
1
28
1243
2
2
1
3
1
1
1
4
1
1
466
956
93
8
41
1
1
1
1
943
922
1
1
44
1
1
75
61
1009
2
1144
1
667
99
1
1
1
509
1
611
43
397
1
1
977
1271
793
1
1
2
812
1
88
188
1
1
160
1
1
1
1
1
723
86
1154
1
1
1
1
2
292
1
1
1
1
1
1067
1
678
1
1
1
1
2
1
902
1
1
1
1
891
1
94
1
1018
1
1013
1
1
1
954
1
1
1
1
1
1022
1
1
1
1
27
426
1573
511
1
1
1
1
1
807
1
1
1
2
217
1
1225
1
1
1
58
1
1
1
1
781
1
2
1
1
816
1
1
1
1
668
470
582
1
1
650
1283
1
1
1
1
547
1
1
142
629
1
885
1
1
208
1
1277
1
1
1
1
1
32
1
1
1
2
501
238
645
50
1
341
1
1
1057
212
1
344
1
167
538
1
1029
2
1
2
1
1
1
1
1326
4
1
2
838
1
1
404
1
1
1
1
1
1
692
1
61
186
25
2
903
882
1
1
1
276
1
220
1
1
295
388
1
1
1
1
1
1
1
1175
1
1
27
593
1
1
1
2
1
1
783
162
1
1
1185
1
263
1339
1
1
153
370
1
1
1
1
690
1
985
1
1
4525
1
430
1
1
1
1
1
1
1
1
1
1496
86
365
258
1230
1
1
1
1
1
1
1
758
1
1
1
477
2
844
1
1
90
3022
1
1
1
1
1257
1
1
1
1
2
1
482
590
1
987
1
1337
1
1
1
281
497
1
1
99
1
1
151
1
1
891
1
1
1
1
1
2
1
1
1276
1
692
1
1
1
332
1
1
327
1041
1
1
1
266
1
9
1
1
1
1
1
82
488
1
875
1291
1
1
1036
1
625
1
1
1
1233
555
1
1
1
1
1
1
3
294
1
1
1
950
1
1
1
1105
1
1
1
1
1180
1
1
1
1
1
139
1
484
1
1
1
862
1
2
1
1
267
1
1
1
1
1
1
1
1
1
87
338
1083
151
1
1
1
1
2
129
1
1
563
1332
1
1
339
1
1
1
1
1
1
1
1
270
318
157
1
199
1
867
1
442
1
1
1
1
1
1
1
1293
1128
1
2
697
445
1
1
535
1
219
1
1
1
1
1116
1
332
1
744
231
1
1
1
1
531
1
1
1
1582
107
891
1
1
346
496
2
1
1
1
419
2
1
1
1
1
369
444
1
256
1
1277
1234
1
2
975
1
113
744
313
848
1071
1
299
1
1
1
1
2
284
1
1
1
1
1101
1
1
1163
1
1
1
923
1
1
885
1
1
3855
1
2
1
1
290
1
898
5
1235
1
687
2
1
1
59
637
717
1
1
1
1
592
672
1
608
1
1
1
1
1
1
737
2
1
276
1
1
1
1
2
1197
1
1
815
715
1
1277
1
1
1
579
1
2
279
1118
2
366
1
1
1
216
1
1
393
850
2
1
1115
1
1
1
1
1
201
1
373
1
2
129
1
1
1
1
1
1
1
2
1
1257
1
48
868
1081
1144
1
1
1
1
40
468
1
1
218
197
1
1
1
1
1
1
1
1193
1
1006
1
863
1
1
1
445
1
481
2
2883
163
1
1
1
1
1
1
200
526
56
62
798
1
1
1
2
327
989
646
1
1
1
1272
1
915
1343
1
1
1
1
2
1
744
1
197
1213
1
642
1173
1
408
1
1
1
727
2
1
1
846
1
517
1
1
750
1
1
1
378
1
1
563
1
1
32
43
1
1
1
448
1068
1283
1
671
2
557
1
1
1
1
1
1085
1
1
447
927
1
1
1
1
1
1
1
1
1
1200
2
376
1
642
1
1
2
1
931
1
1313
350
1
436
1
1
1
2
467
1083
1
1
1
2
1318
560
545
485
297
2
1
1
696
1
1
440
1
1
1
354
1
1
1083
18
283
1
116
1
1
960
257
1
1
1
68
1
1
958
517
2
726
1
387
2
1
925
268
2
1
1
1
125
1
1361
1191
1
1
1281
1
1
1919
1
1
969
1
2
864
1
1
1
486
1
639
1953
307
71
1
1
1025
233
1
1
2
1022
1
1
1044
1
1
1
143
125
855
1
1
1
3215
1
1158
957
1
1055
1247
1
370
606
1
1
1
19
1268
1
1
1
1
1
1
283
367
173
1
1
1
2
2
1
692
90
860
1
2
1
216
2
456
1
275
1037
1
1
539
1
1
807
1
1
691
1
1
2
1308
1
1
2
1
1
745
2
270
298
1
362
2
1
1
433
1
591
955
1
143
1
1
1
1
1
1
1
1
1
1
1
1
1925
1
305
1146
591
328
831
1
2
1
504
1
1
1209
688
1
1
745
1
1031
2
775
576
2
1
1212
1
864
1
1
778
984
1
1
1
1
1
1
1
1
1
1
810
311
1
1
1
179
1111
1
1
1
106
725
56
2
1
373
1
620
412
614
1
1048
1
822
1
1
1
1
479
1
1
1
1
1
1
377
1252
1
1
795
1150
827
1
1
1
1
1
778
707
2
273
1
1
1
715
1
1
1
649
1
1
2
241
674
1
1
1
589
1708
1
1
26
304
199
629
2605
2
1538
515
1
1
1
1
1
1
400
1
567
1
1
177
1
174
493
1208
1
1
1
1
357
1
396
1
1039
1301
1
1
540
1
105
1
1
1
847
818
1
1
1
1
1
98
1143
1
1
1
2
1
2
1
1
1
650
1
2
1
514
1
2
1
1
1
1
940
1
264
177
1
1
1
1
1
2
1
746
667
372
2
1
371
694
260
992
1
1
613
1
1
488
95
198
1
1
1
874
13
1
1
1
1
1
1
1
1
772
1071
1
1
268
1
1
68
751
1
1
1
1
1
361
1
437
602
85
1
2
867
1
1
1
396
1
421
1
1
406
1
1
1192
1
1
410
1
1221
2
1
2
1
1
1
1
1
1
108
2
1
1
1
1
1
1
520
1
1
719
229
913
1
2
1
66
1
2
1
1
1
2
1
1
672
37
1
400
372
1
1
1
1
1
1
1
1056
1
690
45
924
2
340
1
1
1
1
1
324
1
1
1
822
1
1
1
1
5
1
1
750
1
1
1215
465
1
368
293
2
1
196
2
1
1
33
1
2
1
1
1
1
1
651
194
1
1
1145
896
1
1
73
1133
1
20
1
1
1
1131
1
394
600
1
1
1
1
1
423
236
70
1
639
1
852
1
1
1
734
1
1
1
2
1
139
1
1014
1
1
423
1
54
1
1
1
107
1689
1
737
1184
1
17
138
1
232
457
1
1
1
1
73
71
88
1
283
1
1
849
1
1
331
1
635
615
1111
1
1
213
1
1290
94
2
2
1
505
1
521
670
1
1
1
32
1
2
1
1
2
378
1
1209
1
598
1
63
1
1
2
1
1
1
263
1
1
1
1283
1
1
1
1
1
1
1
1
1
1107
1
1
59
3325
46
1
1
941
1
645
1
1
746
1
1
234
522
578
2
1
703
1
213
1
423
1
1
1
1
1
1
1
1109
92
1
595
1
254
941
586
1
1
911
1
1
1216
39
1
216
1
1
2
1
1
1
1
1
1
74
1731
1
869
12
1
1
1
2
1
179
1
993
1
1
1258
1
348
1094
573
555
1
196
930
421
289
1
1
216
1
399
1
1
1158
1
1
1
1
1
1
1
1
1330
1
1
1
1
1
1
1
494
1
1
1226
1
1
2
1
1
1
152
1
580
80
1
203
1199
1
1182
31
657
1
1
1
441
991
1
1
1
1
1
2
391
1
1
1
1
1147
1
704
1
1100
673
603
1156
1
220
2
1181
1
415
1
1
2
189
1
1
1
743
1
2
2
660
1
1
1
1
1
750
2
1
1
651
351
1
1309
1
1
839
1
1
660
1
1
1
1977
1
251
295
1
1
255
1
1
143
1
1
56
2
1102
2896
414
1
1
2
772
1
1
788
3048
973
1
356
1
1
2
1
26
11
1016
1
1
1
1
1
430
1
1
838
1
881
1
1
1
1013
568
1
1
21
395
1
766
942
54
1
2
1
1
363
386
1
1
2
1217
1
705
1
433
1
689
1
1
1
1
1
472
1
1
1
500
152
1
1
343
1
307
86
497
1
385
360
1
1
1
1
134
484
535
560
1
1
1
557
711
110
1
325
1
233
2
973
1
344
924
1
2084
1153
1
396
1
1
1
1
3
1
2
1
1
1033
1
134
1
652
951
1
1
1
1
2
1
1
1
1
1
1043
871
1
1
147
1
1
1
1
1
992
1
849
1
1
1
781
104
1
1
879
1
106
1
401
289
1327
1
908
588
380
807
1
352
1
647
1
1
1
1
186
1333
1
1
1180
1
1
1
1
1
1
1
2
1
1
1
411
1
251
212
1
1
1
886
506
1
1
1
798
1
2
1
577
1
1
1
1
1086
152
1342
1
357
2
1
1
594
1067
2
1
2
1195
2
2
1
1
1
1
531
99
1
279
695
236
1
1
107
1
411
41
1
1
1
2
1032
525
35
1
1
1
1
1
1
1
883
1
1
1030
1046
1
342
1
677
1354
1
201
1
939
1009
1134
1
1
168
1
1
2
1
1
105
2
1
2
1
175
1
345
569
1
1
1
1
296
621
1
197
715
700
2
110
1
1
1
1
1
1
1
1
1
1
485
1
1
1
622
2
1
760
690
1
1
148
1090
1
1
17
1
2
249
1226
1
1264
221
397
1
1
301
1
1
1144
494
1345
1
523
853
420
2
1
1
203
1
1
1
1
582
1
556
1
897
3253
1
1
1
1
951
433
1
1
1
1
1
1
561
1
17
1
1
1
1
1
1
162
1
1
1116
1
1
1
9
1
1
2
1
129
1
1
29
2
949
492
301
1
1
1193
1
1
1
1
1
1
736
2
1
1
1
50
1
1
1
1
899
1
1
1
1
98
1
986
145
1
449
1
1
1
609
615
1
1267
1
1
1
1
1
1
1
1
369
134
2
256
1
381
1
2
1
770
1
1
2
48
1
198
1807
1124
1065
1
1
1
1
478
104
1
583
1
1
1
1
1208
4976
1
2249
488
1
1
1
1
1
492
1
362
1
1
2
1
1
1
1
1
911
1
1
1
202
1
1
1
1
1
143
603
1
1046
1
1
1
459
1
1
1
2
1
1
1
1
1278
1
1
1
2
303
212
1
727
2
354
1
1
809
615
9
212
1179
1
646
1
406
1038
691
1
1235
1
933
1
1061
808
701
300
1
1024
1
1
1
1
1
1
156
1
1
1
1
2
1
1
1
2
602
1
372
1
165
1004
12
389
1
1
1
198
126
535
1
1
1
1
809
366
1
549
1
1
1666
352
62
1058
1244
1
871
1
1122
1051
1
1
1085
1
346
859
1
1
773
1106
35
1
464
1
1
1
330
1
1
1
1
80
1
103
1
1
1341
741
1
1
2
1006
488
1
1
1
1
1
1
1
1
5
167
2
1
344
1
339
1
380
1
1
1
1097
1308
1
491
1228
1
1
783
1
1357
411
523
1
1
1
697
1
1208
2
1
987
975
1
1
1145
1
1
1
1
2
1
1
1
1
1
1
1
1
1
1
1
1010
1
1
1186
662
1
2
1
462
1275
1
630
1
818
1169
1
447
1
1
1
1
1
572
882
1
1
638
1
1
640
101
825
1
709
758
1
1
1
1
632
1
1
1727
1
1
728
1
100
1
986
1
1
1
1
167
1
278
1
1
2124
1
1
167
1
1
1
1
734
1
670
708
1210
1
280
1
501
981
161
1
1
1
670
1
1
1
1
1
180
1
1
1
2
1
1
831
123
454
1
1
373
1
1
1
1269
1330
159
1
1
1
1
1
944
1
1
1
155
1
1
1
161
1183
1
1
1
62
559
1
1194
445
1
472
437
41
367
1
569
1
1
1211
569
1
1
1
1
2
1
1
1
1
1
1
1
1
1
183
313
1
1532
545
1
1
1
1
841
1246
1297
1276
1
1
2
2
1
1
396
836
1
1
1
1
1
1
2
1
64
1018
100
1
469
1
1
191
486
1167
1
1
1
1
1
757
1
1
1
1
183
397
540
2
1205
1
1
1
829
1
623
1
1
1
1
565
1
1
1099
1
1
1
1
1
1
1
2
1
1
1
1
1
1
1
1
48
1
1
160
162
1
136
137
1
1
1
1
1
35
1
45
1
1017
1
1287
1
1
171
5937
1
1
1
1
1
847
1
1
1
2
1218
1
1
1
1
1
19
1
1
82
1
1
1
1
37
2
1
355
680
4
2325
787
1
1
1
2
1
1276
1
1
212
1089
1
1
2
1
1
1
1
1
1
1
185
2
1
2
1
1
573
185
1
260
373
1
1
1
1
1
1
1
777
1
149
1
1
1
1
1011
1200
1
178
1
1
1
2
2
1
1
1
1
1
1
1
1191
2
1
1
1
1
1
330
1
416
1
1
1
1
488
878
1
386
996
153
1243
1
1335
1
2492
1
1
174
592
1
1
1
1
1
1
1
1
2
231
126
1
562
1419
1
1
678
234
1
738
14
2
1
643
1
1
1144
411
654
457
1
4634
1
580
1
103
1
1
1
983
2
2
614
1
164
1
1
1
2
790
1
1
430
754
1
1
1
1
531
1
4198
2
1
904
1
77
931
99
1
3
1
1
133
1
1
1
1
1
1042
1
601
1
1
1
1
1
1
1
234
2
1
1
1
800
1
1
1
1
2
1
525
1
1
1
1
1
1
1
2
202
1
2
1
386
1
1
1
1
614
143
820
434
1
1
1
2
1
1
1
1
1
1285
1299
292
183
375
719
1
202
632
436
1303
815
1
1179
1
1343
190
1
1
1112
1
38
1
196
2
1
2
1
1
2
1
11
1
1
1
754
1
1
1
354
1
822
1
1
1
761
1
1
729
634
1
1
17
1
169
323
1
217
1
771
25
737
1
1163
1194
1
323
1
1
3330
37
2
920
1
1
1
546
1
963
1
1
2
892
1
458
1
1
1
434
3
974
1
807
2
1
1350
1
1145
1323
740
35
1
1
1
518
1
1
1
3295
689
1
1
1
852
1
2011
1
1
1
960
525
754
1
6174
1
936
470
1
1
1130
1191
1247
1345
1
1
1260
986
1
1
1
1
1
205
941
1
1
511
653
1
1
1
1
1
663
355
852
3
1088
1
471
1
1
1
2
1
1
636
1
1
410
563
212
1
1
1
1
151
1
793
1
1070
1
1
776
1
1
1031
1
1
1
1
1083
1
1
1
1003
721
162
736
1
1
1280
1
1
1
1
4061
1
1
1030
147
1
2
1
763
1
608
1195
151
2
1
1
1
728
1
1
1
541
248
1
1
1
1
1306
1018
2
1
1
37
554
2
1
1
1
207
1091
1
45
1
1
1
1
1
1
1
1
754
1
2
367
219
1
478
1
1
713
1028
1
2
1
1
1
1
919
1152
1
1
1
1
1
284
1
1
1
1
1
1
1
674
480
32
1
599
476
1134
1
829
1
1
223
358
1
1
108
1
1
1
1
2
1
1
1
319
1
1
1
1
1042
336
1
1
546
414
1
92
2
259
1
26
61
284
545
1
1
1
1
2
299
21
967
1
1
1
2
1
1275
94
1
1
1
1
1
1
1
506
1
1
1
1
1
336
2
305
2
1
1093
744
520
265
1
481
782
1
1
2
402
1
563
418
1
1
1
250
770
2
130
1349
1
325
1
1
1
1
1
1
1
1
414
711
1
1
1
1
1
1
1
164
1
1
1
1
627
1
1
1
368
640
2
1
154
1
1115
1
1
152
1017
1
1
82
1
1
824
1
3
1
1
1
1
416
1
480
1
1
682
939
882
1
207
915
1
1
1
1
1
1
941
661
1
925
882
499
1
1
1
1240
443
1
1167
1
2
1298
142
1
1
1
285
625
1
1
1
455
2
2
1
316
1
1
1
1
1
333
1
1
1
7
87
1320
1
1117
1
1
1
173
472
1
967
2
1
1
1
1
1
1
2
763
1
1356
240
1
1208
493
369
1
1
1
330
1
273
1
1
1
504
1
1
649
2
80
1
1
1
2
610
1
1
1
1
279
1
946
1
1
487
1
1
1
2
740
188
1
2
1
1101
1
39
1
1
1
623
1
1
296
1
2
1
462
1
1
1123
1
1
1
663
2
1
747
461
1
187
851
1
2
1
297
1
1
580
2
1
1
1
1195
1
55
1
1
1
1
2
1
1
1
1068
92
661
1
2
1333
1
1
1
1
1
1
1192
1
985
2
1
632
1342
649
1
1
380
1
100
376
256
1
1
1110
610
1
1155
1
144
1
816
1187
1
52
1
1
1
1152
135
1
1
543
598
1
1
1
2
1
2563
2
1
1
1
2
1029
1
566
1
1
5
19
1
1
1
1
1
1297
1
1
330
1
698
1471
1348
171
1
301
2
1
1
1
1
1171
1066
1
1
1
1
1
1
245
297
1057
1
1207
1
745
100
1
615
649
1
1
670
290
1
1
831
1
52
1
1
991
1
3
848
1190
1363
1
815
1
1
1
1063
1
1
2
211
1127
1
122
1128
1
646
1
148
3473
1
418
1
1
30
941
1
1
1333
1
1
1
1334
108
336
1
230
1
1002
1
2
5375
1
1
437
1
1111
1
889
555
1
1
360
1
238
2
753
1
106
1
873
516
199
1
1
1
1
1
1289
1
1
3562
1
1
1085
1
180
391
1
1
212
79
1
1
1
1
1
1
1
1
1285
1
1
1
1
1
1
1
1
1
423
20
178
1
1
201
332
1
1
1
1349
1
761
1
71
404
1
1
1
963
1182
1
1
2
1
58
1967
1
1
782
328
1
1
1
1
1052
1
373
169
1
2
1
1
1
1
1
1
1
1
1
1
1
1
1
1
365
323
450
1
1
1
338
1
1
1
610
1
519
1
810
1
1
1
1
1
797
37
935
1
1
1
1
1099
628
1334
254
1036
192
1
917
1
716
1
184
1149
1
1
528
2
1
1
269
1
426
2
1
480
1
774
1132
1
1
669
1
999
2
1
151
1
1
460
307
1
1
15
1
1
1
1
1
1
1
79
1
1
1
479
710
1
142
403
1
388
43
369
1
1
1
1
775
1
1
1
1
234
1
1
949
510
802
1
744
408
1
133
1
1
1
1
318
1
2
98
33
24
22
2
130
1
1
1
1
975
1357
586
1
1058
1
1
1
1
2
1
1044
1
1
1840
1
1
1
348
1
826
1
1
1
1
1
1
1
594
1
1
2
1
573
1
1
193
1
119
142
212
1
524
1
1063
1
1
1
1
1
1
2
1
927
991
1
1
537
772
536
105
424
1
1
1
27
1
355
2
2
1
1
1
1
1213
227
7
344
1
1
1
1
2
1
135
1
1
528
1
156
1
1
794
1
617
1
1
1
2
1
1
1
1
427
1
30
1
1
333
1
1
1
1
823
1
1037
13
893
1
475
1
219
1
2
68
1
1
1
1
1
1
677
1
235
898
143
1
1240
1
1
1134
1
1
1308
491
146
336
1
1
1
1
696
1
2
1004
1
2
1
1
1
1
1
1
677
1
1
870
629
1
1
1
1
1
1
357
1127
1
640
1151
742
478
1
1
2
1
1
453
1
1
1
4011
2
1
713
1
1251
32
1
542
1
1
438
1
1
550
1
518
1
340
2
222
892
1
979
360
1
1
1
1
1000
160
420
2
1
1
1
226
1
1
1191
1
10
519
1
835
26
1
1
1
120
1
2
1
471
919
813
1
1
1311
1146
1
1994
82
1195
598
815
1
360
1
1184
1
1073
1
893
1
338
1
667
1
232
914
1
1
1015
1
1
2
1
1
2
1
1248
1
1
1
1
1
1
1
1
1
1253
1
1
1
1
265
59
3
2
1
1
1
2
1
1
1
547
1
1
1
1
439
478
1
1
1
1
1
1
1327
357
1
1
258
1
1
1
198
265
233
1
1
1
1
2
1
584
1
1
1
2955
1
1
1
1
38
1
1
1
1120
529
1
1
555
1
1
41
1
139
1
1051
1
1348
1
1
1
1
1
1
125
236
1
1
1
1153
102
925
1
1
882
1
1
1
1
1
1
1
1
654
517
513
1
1
132
1
335
1
724
564
1
2
1
1
1
1
2
1
1
663
1
508
1
544
1
1
325
1
1
1
1
2
973
1242
1
1
1
1227
1
387
775
195
1
1
1
1
43
1125
1
135
2404
1
415
834
1
1347
179
458
1
1
1
493
1
153
317
1
1
1
1267
1
1
1
1104
1
1
1
1
903
1
1
1
985
638
1
1
1
950
1132
1
1
1
1
107
1
559
1
82
1
845
1
51
1
567
1286
1
91
1
949
2
1
5
118
1
636
1
1
1
392
1
2
2
1
1
1
1
1
732
1079
311
1
772
284
1
59
2
1
1
866
1011
1
1
1
146
80
1
1
1
1
1124
219
49
542
677
96
1
2
1
1
1
698
1
1
1
2
711
1
431
919
192
1
343
558
467
1
1351
1
745
75
1
1292
1
893
959
1
1
243
45
1
1
1
1
1
2
575
1
1
4695
1
63
73
1
1245
1
1
1281
833
1
1
1
1
1
1
1
1227
1
415
2
297
1
1
251
736
943
1187
1
1
1
1
1
1
1072
1
1
1
1
1
104
1
1
860
2
811
53
1
425
1
786
1
1
1
932
1
323
2
1
1
55
1
223
1
379
2
1
1
615
1
1
979
1
1
1
1
1
1
1
1
1
1355
1
1
1
463
1
1
2
1
1
514
1
1
1
1300
1
1
630
3713
1
769
1
1
594
1
1
2
1
299
409
1
1
1
1
1139
1
1
1
1
1
138
2
126
1
1
1
1
2
1
1
2
1
1
1
1191
1
1
1
1
693
1
1
641
718
1
702
1
1
1130
1
1
842
1
737
1
1332
1
1
73
1
476
1
1
1
1
958
971
1
319
1
1
1
1
1
2
769
416
1
3
1
1
1
1
376
995
1073
1
1
1
2
1
1
1
518
751
640
1
1050
1
2
749
718
1
1
1035
1
1
1
93
1
1
1
1
617
1
1016
1
508
1
119
1
1
2
1
1
1
731
709
1
1
1057
1
2130
1
1
1
496
1
1
1
2
2
2
175
1
1
1
293
1
1
738
97
1
1331
1
1
1132
1
221
1
2
1
886
1
317
1
1
4
1
203
1
1
88
1
1
1
1
1041
30
1
3
127
1
1
1102
270
83
1
1
2
511
1
2
598
1
1
1
758
1281
965
213
269
532
1
1
1
1
1
1
2
1024
1
1360
1
961
1
1
1
1
1
20
1005
1
15
2
1038
289
1
1
1
2
1056
1
1
1
1
725
2
1
457
668
806
1
1
561
1
1018
6205
84
1
1
149
1
1
1
1525
456
2
1
1
1
1
1
1
190
2
1
2
1
2
1
1
1
54
1
1280
335
650
681
1
1
158
97
1
1031
1
678
1
2
1
5
13
2
1
1
79
1
1
1
1
108
1248
50
1
221
2
2
605
128
2
1
1
1
29
1
1
1
1
1336
1325
1
465
1260
2
2
1
658
1
1
2
1
333
1
1
1
1
1
439
109
497
1
71
2
1
1
2
1
1
464
1
1
1
1
1
1
1620
1
1
920
1139
1
1
90
309
1
1
522
313
163
1
1
1
1
743
682
1
1
1
1
1
584
1
2375
177
1
842
1
357
1
12
238
1
1
389
828
555
1265
1
1
2
111
1
1
1
436
317
1
1
2
1
1
139
1
772
318
1
4725
1
80
234
1
1
214
1185
1
1407
95
1
958
1079
144
1
1
1
1
1
1
1
1
1
1
995
1
1
1
79
1
1
1
114
1
1005
862
1
1
30
1
1
1
375
1
81
1
1
1284
1
1
1
361
1
1
1
1216
1
1
203
1252
241
1
1
2
1
435
142
220
980
1
1
1
1
1
1
580
1
1
1
1
1
294
1
1
1
1
1
1
957
2
1
1
1
1
889
1
761
1
1
314
1
1
1
461
1
1
2
1
1
1
1
1
1220
1
1
2208
1
1
1
1
1
1
1
1
1
1
78
1
1
1
564
610
220
597
1
586
1
1078
1
1
1
728
45
907
1
1
1
1
1
1
749
64
203
1
1
267
1
1336
264
1
117
624
1
497
1
1
1280
1
575
515
1
347
1
1
640
46
302
1
118
130
141
1346
1
1
77
261
1
1
1
1260
234
177
1
1
648
346
1
933
1
1
845
1
1296
1
809
80
171
1
15
1061
1264
1
403
1
591
1
1
1
1
1
1
1
1
1263
419
2
1
1337
418
349
407
1
2
1
674
1
949
1
1
1
1
1305
31
1
478
1
1211
1112
1166
1
1
1
499
1
622
1
1
1
1
1
2185
963
2
80
1
1
1068
1
1172
1
2
1
1
1
1
788
222
55
1
1
1
1675
76
2
752
1
1
733
462
982
1
1
1
1
85
1
1298
698
1357
1
1
1
1
1
1
1
1
1
1
2
614
2
4721
1
1
1
1
1063
1
280
1
1
25
1
1
1
1
1
75
2
1061
25
358
1198
1
4044
1265
1236
1
229
1
1
228
1
1
3
1
1
1
1
2
1
1
1
1
2
1
1
1
2
1
241
1
110
1
2
1
1
46
1
476
1
1
1
1
1
1
620
1
1
2
647
1
1
1
1288
1036
1007
1
564
355
1
1
1
1037
2
1
1355
813
1210
1
611
1
531
1
1
1136
1
784
1
1
768
1
1
1
430
136
1
441
1
680
1
1
2
1
1
1182
1
1
1
1045
1
1
1
623
36
1
553
354
1
1
1076
1
110
558
1
1
1
1
1
2
1
3130
649
1
1
10
1185
1
73
1
1
1
2
1
191
1
7
1
729
1
1
1
988
1302
2
1
109
1
1
1
1
1
1
1
1
1
1
1
1
1
593
1
1
1
660
541
121
1063
186
1
388
1
1
1
1
1
1
1
1
1
380
1
1035
826
1
1
450
625
1
651
1
43
1
1
1
1
932
1
167
1
1
1000
1
424
353
1
1
719
1
1
1
879
138
1
725
1
34
1
1
2
1
1
1
830
1
1
1
1
1
324
1
1
1
1
1
2
1
1
2
1
882
1
1
779
1
1
347
442
1
1
1325
10
16
1
1
1
1
137
1
1
377
1
1
3082
1
283
2
1
594
149
1
346
19
366
1
404
1
1
1
1
2
1
1
1
1
1
1
1
734
1
1
744
1
1
1119
1
1134
1
1
551
1
290
995
1
76
857
1
171
414
1165
1
1
1
1
1106
1185
456
1169
1
685
223
460
1
1
1
382
1
1
2
2179
1
55
2
767
240
1
375
1
1
146
1
12
1
938
1
804
1
2
1
1
1
3831
168
1
1
1
1305
1
1
1225
1141
415
1
1
309
1
1
727
682
2162
951
615
2157
2
1
869
1
2
1358
1
797
285
291
448
1
1
714
691
371
812
2
1
1143
445
1
1
65
1
192
1
1
6
711
942
1
1
1
1
1
1077
1
2
1
1
1
1
1
389
1125
2
1045
874
1209
1092
1062
1
1
1
612
1
108
1
1
281
753
1
1
75
326
1
1
1
1
318
1
1
364
1
1
1
1
1
29
184
1
1
390
1
489
1
1
1
1
1
4
369
1
1
2
1
1
885
800
1
1
1
469
160
240
1
1
299
260
1
1
104
1
1
190
1
1
1
1
772
1
1
1
1
248
252
1
1
1
2
894
534
1
765
1
486
1
1
1
2
1
1
1
167
2
1
1
1
1
1
414
29
1
864
1
1
1030
1166
1
1
1
1
2
1
112
1
1
616
1
1
860
342
1078
1
420
99
1
1
54
1
1
298
1
1
383
1
1
1
210
1
1
992
1
205
526
2972
3
1
1
2
1
1
1
1091
1
1
1
1
2
1
1
728
1
1
580
2
351
1
1
1
720
1
1
1
1
1
1
166
1
87
1
245
1
883
1
724
1
509
1
1
726
950
1
1
1
435
1
1
1
725
1109
2
1
1
192
6952
1
1
1
2
1163
847
1
1
127
1
1
1
1
1
401
1
6
1
579
1
794
1
1
992
358
538
1
1
1
1108
1
1
1035
2
1
1
499
1020
992
1176
1
172
1
1310
870
1227
1
864
1
18
1072
1029
1
1
1263
1112
378
917
1
1
493
342
1
1
14
123
950
1
292
1
1
168
57
1
1
1
1
229
1
1
1
356
1
3069
750
1
2
1
26
1
740
229
1
1
1
1
2
1251
509
1030
1346
573
578
216
1
1
1
1000
2
1
1
1
1
3365
1
1108
1
1
1
798
1279
1
1
1
2
1
3
1
2
970
1
1
603
1664
1
211
276
1
127
1
1
1
1
1099
1038
480
384
2
1
224
1
272
1
1
942
1223
1
1060
1
1
1
482
1
853
2
2
1
1
1
1
1
1
1
1276
1
1
1
1
1
1
606
1
1
1
1
1
1
1753
649
378
1
1
1
1
198
711
532
1
2528
967
355
106
1
1
1
1
1
1001
148
2
1
250
634
1
549
1
1193
1
649
2
719
2
825
2627
1272
1329
1
1
1
1118
839
1
1
1
1
1291
413
1
1
1
1
1
1
831
1
907
1
79
535
1
1
56
1
1
1
1
100
1185
1081
1
1
1
764
2
1
88
1
1
928
1
1
340
1
287
1
63
1
1
1
2
363
1
258
1
1257
1
1
2
1
62
1
1
1
1146
1
1220
903
1
1107
1
1
198
1
836
1
1
1
1
1
1
600
1
1
447
1
2
1
938
1
1
491
1
1
285
1
1
1186
1
622
375
2
1090
1
261
1
40
1
1
1
1
1
1
2
1
1
2
1
1
1
814
1
1
101
1
1
2
3
729
1
1
1
1
1
901
1
1
1
1
1
1
632
114
358
1
3
780
2
974
926
778
1
780
69
1
1
1
1
1
1
1
1
319
91
64
1
1
1
1
1
1
443
1
1
1
1351
497
1
1
31
1
1
1
1
205
1
1
1
1
1
1
1
68
1
227
797
191
1
1923
1134
378
342
1
1
1
1
1
1
200
296
1
1
1
2
2
1
1
3
551
1
1
1
1
1
1
1076
1
940
1
149
1
1360
540
1
206
516
1
1
1
1089
1
1
1053
1
1
1
1
1
1
565
1
1
751
332
1
1
255
391
1104
197
1
1
5
1
965
1357
1
1
1
478
492
131
1
91
1
128
1
1
1355
2
1339
1
1
1
1
1
736
1202
1
256
2
984
1
541
1
1
3627
1
141
1
1
1
1
1
86
1
698
1
1
29
1
1
627
1374
1
1
1
1
3
282
1
1
1
1
51
1
361
906
10
1
1088
3
1
1
2
91
1
1
1
373
812
85
4983
1
173
1
2
2565
1
1
1
1
2
797
1
1
1
2
148
1
2
2
615
248
512
297
407
547
1
296
546
389
1
21
2
890
1
1
1
1
1
1
59
1
337
1
2
944
1271
382
1
106
1
1
1
1
1
1076
518
2147
1
1
1
1
795
799
1
524
1
1
177
1792
1
1
1
347
2
157
1
1
14
1
1
511
1
1361
1
32
77
357
1
1
1
1
1
689
1
92
1
1
1
1
1
1
1
196
1
2
1
1
557
2945
1
1
662
1
1
1
1
763
1
1
1
1
1
2
1
1
1061
791
1
1
737
1
818
1
1
1
1
2
163
1
1
671
1
1
1
1
1
1
1
1
1
2
1
806
1
674
1
1
360
1
1
1
1
1
2
1
1
1
272
1
386
1
173
1
1
1
1
434
1
2413
1
1
407
974
1
161
1
533
1141
1063
1
1
1062
1249
1045
1
1303
2
473
279
640
1
1
2
339
1
1
1
50
1
1
1
1
1
1
1
429
1
349
65
2
164
1
1
1
1
1
2
1
1
1
252
1
1
1
1
395
1
1
1352
1
1
1
605
1061
1
1
1
1
248
782
79
1
545
126
1019
4283
1
1
1
2
49
1
1
1172
1
590
1
138
1
1
1
1
1
1
1
2
1194
797
1
417
1
1
314
1
19
607
1
872
1
1
90
173
1060
1
166
1
1
1327
1
52
223
834
1
1
1
802
1
1
2
1
1
1
1
1
1
1305
2
2
482
1
1146
1
1
1
1
486
1
1
1
1091
1
1083
1
1
1
122
1
555
1215
2
2
584
2
1
119
1
2
2
1
1
1
1133
1
1
1
1
853
972
8
1
946
1
1
1
1
236
1
533
213
1
1
1
445
1
1
1
1
1
1
1
1
1185
1
2
1
1
1
24
1
1
592
1
1
1
1
708
1
1
321
1
1
364
302
1159
1108
468
1
1
1
256
1
1
1
1
1
1
626
660
1
389
1
605
1
158
1
524
199
1
311
1
1
719
1
1
1
130
1
499
1232
795
1
108
1
445
2
1
1
272
1
1
1
1
1
1
1158
1
1
1
1188
373
138
444
972
1
1
1
1
431
708
1
1
247
1
53
436
53
569
771
2
1022
1
1
1
1
1
1
1
2
2
1
921
477
1256
1
1
1
1
1
1
1
1
1
1183
606
1086
1
1
1
443
1
334
1
1
2
1
1
95
985
185
1
1
1
1
2
1
1
1
434
1
2
614
1
172
1147
455
1
246
656
1
1
1078
1272
1
1
1
1
1
1
1
1
1
1
1
492
1
1
1
2
2
379
553
679
1
124
26
2
1
196
1
3561
1
81
247
1
1
699
1
85
1
2
842
178
1
1
1
271
1
1
483
1
494
1
1
1
1
1
1
911
1
1
554
1
1
1
1150
536
628
2
1
1
1
1
1
1
1
1
1
606
1669
1
1
189
1219
572
145
1
1121
1082
28
419
1
341
607
1
1
94
1
1
2
2
1
816
1
2
1
2
1
1
1
1
1
1
1035
1
2
906
610
1
1
1
448
1
1
158
734
1
218
237
1
2
1141
1
757
1
1
455
1008
349
1
1
1
538
1
703
1
1
1
1
1
1
161
286
1
1
2
1
1248
744
1
1
1
1
1
1
479
206
1
1
2
1
1
1
556
1
1329
1
899
1
1
1235
1
1022
1
1
959
1
1
2
1
1145
1
1
249
355
1
1
1
41
1
1
1
1
1
1
1
1
1
1
560
1
1
1334
369
1
1
863
1
1274
1
5170
1
1140
1
1
1
445
621
1
1107
1
1325
929
727
144
1
1
1
1
2
418
1
1
1
1
1
154
1
1
34
1
30
890
1159
1
1
485
1
1
1
1
1
932
1155
1
2
1
1
1
1
1371
1
1
1
1
1
1
654
776
279
1
1
2
1468
1216
740
1
1
1
1
1
84
1
1
1
2
1
1
1
1
1
1
851
1
506
1
1
1
2
1
1
299
1
634
703
1
1
2
623
1
94
1156
1
657
1
326
1
1
1
122
949
1298
1
1
499
1
1
66
1076
884
1
1
2
937
1
156
1
465
986
923
181
1
1
1
1
829
75
1
1
1
1
1
1
886
1
1
304
1
781
1180
1
1
1
1302
1
1
1
1
340
1
1
1202
1
230
1
1
1297
313
1
1
1
235
1
1
1
1
986
1335
454
357
1
1
1
1044
1084
57
1355
1
1
342
1
320
1
27
1
1
760
1
896
1
934
1
1
729
1
479
25
1
2
1
1
1
1
1
1
1
1
1
892
1
1
1
124
1
767
602
1
1
1
1
1
529
487
1
1
1
1
1
1
764
1
1
586
730
1
1
1
1
1
696
2
1
2
1
106
1
28
1
2862
71
461
1356
1
551
853
1
1
114
1
1
1
164
159
1
2
480
1
1
1
2440
2
1111
631
483
1
276
638
1
1
1
1
506
1
1176
1084
1
62
2
593
1
1
1
839
1248
1097
1
896
233
1298
1263
1
1
1063
105
1
1186
1
13
1282
1036
1
1
1
1
1
1
759
1
660
1
1
1
203
1
1
1
567
1
71
1
200
1
1
1
1
269
1
1
23
1025
1
1
1
1
965
1
1
655
496
1
960
1
590
571
270
222
1
1
1
1
501
1
2
1
274
1
1
1
546
1
1
1
1
2
529
153
346
1
2
1
2
1
1
132
1
1
59
99
1
519
355
1004
1
1
2
1
1
425
1017
1
81
1
800
1
1
1
964
1
1204
1
133
1
1
1
1
969
1
922
1
1
1349
704
1
1
958
73
1034
150
1
1
1
2
184
476
2
1
548
2
1
1
789
220
1
104
1
1
234
1
379
1
1
2
1
1
1
1
384
5509
549
1
1
1
1
1
1
1
1
1
1
294
1
1
1
6678
2
2
1
1
1
1
139
572
135
1
1085
1
1
1
46
1
11
995
1
1
1266
1
214
1182
1
1
367
318
1
1
2
1
1
2
1
1
176
197
1
4
1
950
1
1
1059
1
1
1
1
384
1
1
1
1
1
188
1
1
1
1
1160
1
1
359
841
1
1
1
1
1
1
1365
2
1
1
1
895
1
1
1
1
1
1
494
586
1
1
1
446
1
1
1
1
1
1
840
500
1
1
1183
254
2
797
902
796
1
1
1383
543
2
1035
1
1
1
1
1
1
1
665
2
1
1
1
1
717
194
1
284
1
1
40
1
1
1
1156
1
981
1
1
1
1
429
824
1
1
2
1
1
1
772
51
1
1
564
1
1
1
2
557
1
1
1
1
638
1
1
185
4193
1
220
1
743
1
1
1
1
1
1
1
1
550
1
2
2
1275
1
81
1
215
1
602
1
242
1
1
1
1102
1
1
1
763
4937
1
111
69
1
1288
1
1
636
42
1
574
1
1015
1
781
869
1
1
1
1
2
1294
1
1
1
1287
1645
1
1
1
1
1
973
738
1
44
1
2
1
1
1
348
1
1
2
1
1
1
1
2
1
298
2
1043
1
1
1
752
1
868
1
933
1
679
454
2
184
2
1
276
1
1
80
1
1
1
1
863
2
603
1
1
507
630
1
255
1
345
1
1
2
763
2
516
1
1017
1276
1
1
1
2
1
1
2
1
1256
1
1
479
761
340
1
1
1
1
1
1066
1
1
855
1
1
566
1
1
190
1
1
2
1
1
374
548
804
1496
1091
2
1
1
1244
315
1
1
1
2
1
1
1
1
1
1
1066
860
1
1
1
1
3057
1
1
1186
1
1
2
68
527
1
1
130
1
363
1
178
1
388
1157
1
1268
1
426
1
1
1
1
1
2
1
2
1924
1
1013
1
175
184
487
1
1
446
2
1
1
414
1
1
1
2
1
187
2
988
1
870
582
1
1267
110
802
1362
114
1
1
1
5
2
1246
1
2523
1
1
1364
1025
1
1
458
1
1
260
58
1444
2
69
1
1
2
938
565
1
415
595
1098
1
1
1
1
1
1
1
1
2
1
1027
1
1
1
1
1
1
1
1333
1
1
1
1
1
999
1
500
1
1
819
1
4925
1
256
1
593
1
1
1
1
1
1
1
955
86
1
110
1
1
1
2
263
1
1
1
1
1
1
1
1
1
411
117
2
1
1
307
1
1
687
1
1
1
2
1151
841
1
1
2
570
1
2
1
16
1
1
994
2
741
1
575
2279
649
1
2
3
158
1
396
1
1
97
1
375
2
1203
1
1
76
697
423
1
1
2
1
1299
135
1
1
660
1
1
240
1025
998
235
1
1
1
2312
1
1
1
841
1
1
1
1
1
557
345
1
1178
1
738
240
47
2
1
1
1
1
1
1
1316
1
1
334
1229
2
1
2
250
46
1
1
1
1
1030
1
863
702
2
235
2
1
2
1
1
1
608
1
1
1
322
1
1
1
344
792
1
88
1
1
862
1
1
633
1
151
821
1
2
119
1
244
1
1329
1023
1
43
372
1
1
1321
1
1
946
2
109
1
1
1
727
362
98
1
1
1
1223
1
1
1
663
313
1172
378
2
387
1
678
1
108
1
1
1
1
2
499
2
1
548
13
1
1146
1
871
148
1
1
1
2
640
184
1
725
1
1
1
1
2
1
1
1085
1
262
1101
1
957
2
721
1
1274
1
2
1
1
1
1
213
1
1309
1
1
1
47
2
1
1
1
1
133
2
967
59
1
1
1
1
1
1
1287
1457
1
147
1
19
1
20
1
1
2
1
1
456
1
1
1
1
698
1
1
423
471
2
18
1558
1
1
1
1055
184
1
1
1
819
207
2
1
1
239
294
1
1518
569
1
1
1
593
1
546
994
1
1
1
1
1
1
305
1245
1
412
1
1
1
42
560
1
1
1
4
1
1
865
1
623
802
1
1
1
1
361
550
1
90
1
171
54
1
1
1
1
1
1268
364
1
1
820
1
1
1346
1
1
873
1
1
20
5
1
1
481
2
1
1
1
1
2
775
1
551
1309
1258
1
1
1
1
801
2
195
1
1
18
1
1
1
1
1
565
1
951
2
194
1
1
466
133
1306
1
462
226
1033
569
295
1
1
1
625
1
328
1
1
1
3
1
165
173
1
205
255
1
1
1
1
1
25
400
1
30
1
1
1
66
1
1
987
1
1
705
1
1
65
1347
1
233
1
1
1
128
1
1
1
1
1
1
1
1428
1
1
979
1
1
1
1258
661
1
963
1
1
1
1
1177
1321
448
1
152
1
2
1
45
1
1607
1
1
1
1
1
688
1
1
1
656
1
1327
851
853
1
899
1
1
138
1
1
11
1
355
1
1
1
1
1
769
208
1
1
112
1289
1166
1144
1
86
240
1
2
1
1
1
1
990
1
1
891
5
1
484
756
252
224
579
1
1
421
2
1
50
2555
1
195
1
1
1
1218
1
1
681
1027
1085
1
145
1
63
330
1
601
22
1
1
1
1
1
1
1
1
1016
1
1
1
1
1
158
1
2801
1
1257
1
1
1
1
2
1
1
1
1
28
78
903
720
2
1
1
1
1
1225
2
1
1
1052
1055
14
1
1
1
1
1
1254
2
1
1313
1170
4703
1
1
1
291
1
1
1
1
1
1050
1
687
1098
1
183
518
1
929
1
1113
1
83
1
1018
662
995
2
8
1
1
1
1
647
1
1
826
1
1
1
259
140
1
1
1
1
1886
1
1
398
1
1
1
426
67
1
1
463
2
1
976
2
114
418
1
997
1024
1
1
1
1262
1
565
994
505
1218
1
1
1
1
2
2
472
1
1
1
1
1
1
1
1
1
1
1
1345
1
1253
2
1
1
1
1134
866
673
348
254
1
112
2
1
292
1
1
1
1
2
1
1
1
1
1
1
1
1
381
1
1
215
1
567
693
1
1
342
471
28
187
912
1249
1
1
73
192
291
1
1
2
1
1
1
1
151
516
1
1191
1
1
64
1
1
1
1
96
1
1
2
1025
579
1
1
1
1
1
803
1
1
1
460
1
866
670
1174
1
609
1
1135
1
1
1256
1
1
1
2
1
1
1
1
1
1
1
1
1
326
1
1
1
1
1
1
1
2
247
1
297
372
1
1
1
1
2
2
1
2
1
1
1
1109
1
1
1
1
471
1
1
1
1126
1
1
1107
1
2
1
2
1076
2
1
1
1
1
635
82
1
374
747
1254
374
807
2
1
1
1
1
448
698
755
417
1
1020
372
1
773
1
1
1
148
2
1
2
2
926
1
1
1
1
671
1
1
1
1
1
1
1
195
1
1
226
1
1026
645
1
654
1358
194
1
1
1
1
1093
1
592
1
324
1
1
266
2
1
1328
1
1
1190
228
1
1
1
1289
1
1
1
1
2
340
1
49
1
177
567
2
1
1
1
1
1
1
1259
981
1
1
1
1
1
1
4245
2
1
2
1
734
70
82
461
1
993
1
1
1
1
1
1
1
704
1
463
1
1
1
1
1
1
1
1
1
538
1
1
945
1
1
1
2
1
401
1
2
1
1
1
1
1
1
1
1
1
89
1
1
1
1
2
1
1
1
1
1
1
1
1
316
1
156
2308
1
930
1
1
307
682
1
1
1
1
96
378
408
1354
1
1
1
1
1
994
1
229
1
3
1
1
249
1
94
1
1
530
1
4162
1
1
1
1
1
1
1
1
2
1
226
1
1
101
4
920
860
1
1
1
929
956
2
1
944
1
591
266
1
1
1
1
1
664
1
1
1
1
1
1
228
1
1
1
1
710
469
1
1345
1326
628
21
1
1
1
1
1
2
1
1
1
2
935
1
1
1
1
166
977
1
1
63
1
1212
1
1048
242
1
129
1216
1
1
315
1
74
1
1086
1
1002
833
2
736
1
1
2
1
1
1
1
1
673
1
674
2
2
176
1
1
224
1
1
1
1
1
1
1
48
18
1
1
1
1
1
1
1
1
1
1
288
538
1
1
2
364
194
293
1
1164
2
1
1
98
1
1
1
1
4
1
230
826
1
317
423
1
2
11
1795
274
1
1
858
856
829
2
2
1
1115
1
253
1
124
1
1
1
1
225
1
1
1
1
1
1
1
213
1
1
470
1
199
147
560
1
1
1
1
1
548
2
163
349
1
1
1
1
2
1
1
1
1
1
1
1
1
793
2
220
789
1026
318
716
1
1
2
1
1804
1
1312
1
1
1
1
2574
1
2
1
1
426
833
1772
1
1
1
1
1
1
916
1
2
2
1
1
1
198
1
1
1
1
818
1
1162
1064
365
628
1
983
1
1126
981
2
1
1
929
1
46
1
1
989
654
62
351
1
1
1
1
1
780
1
1
2201
1125
523
1
1032
1
1111
785
1
1
1
536
258
1
1262
1
1
1
1
812
1
1266
368
1
1
708
2
1280
1
438
65
91
1
654
1
34
1014
2
2
1280
1
1
1
1
1
1101
1
1
1
46
956
1157
1230
1
2672
1
1
759
1
2
1
1
1
1
1
1
1
1
1
1
1
691
1
249
2
1
1
708
1
783
1
1
1
1
655
351
1
1
1
172
935
1
1
1125
1
1
1
1
1342
2
1
1051
1
1
113
783
1
2
1
1
1168
170
1013
1164
1
554
1
1
260
1
595
324
1
1128
813
1
337
419
46
191
1262
1
1
973
1
131
393
561
1
1
1
2
1
1031
1
1
1
1
1
1
1
249
1
1
1
1
95
1
1
1
22
2
1
331
263
289
1
1
2005
1
536
1
1
331
1
1
1
1
128
1
476
1
1
1
1
1
126
1215
1
740
1
1
1
32
1
1
1
440
800
1
1
454
291
110
1
1
83
2
672
109
216
1
1
1
1069
1
1
1
1
1
246
1373
1086
1
1
612
471
531
1
1
812
1
1
988
2
1
762
1243
341
1
1
1
507
2351
312
1
1214
1
1
1153
1
1
699
1158
763
1
1
53
2
1043
1336
1
2
528
1278
1137
2
2
301
1142
1
1
1
1
2
1
1
1
1
1
2
4543
1203
1
403
2
1
1
1
1045
2
682
1
1
828
636
1
1
907
1
1
1
1
1
1331
1
1
547
32
512
199
1
2588
1
1
1
1
1037
2
2
285
2
240
17
1
142
175
1
482
1157
111
19
502
1
1347
1
438
47
1
1
1
1
2
2
202
501
1
1
1
2
1
448
1335
1
237
584
26
1
217
1
725
1
1
541
473
1034
1
470
367
1
1
501
1
1
1
1
1
115
665
1
1
1
1
1
1
573
253
322
1098
557
1
1
1
1
1
205
1
1
1
51
1
1
1
1
1
343
890
1
1
1
1
1790
889
1
318
1
1
973
697
2
921
477
1
781
1
1165
1
1
1
1
1
3
280
653
1
53
1
1
1279
1
1
223
1
1
1
2
46
1
1
1
1
895
1
1
2
1
1
2
280
2
247
794
1
1364
1208
645
1
2
1
1
1
1
157
1
723
1
239
365
1
226
2
1
1
1
510
1
1
1
668
1
2
1
1
418
1
1
1
1261
1338
1
14
1
1
751
1
1
42
1
1
1
1
1
1
1
184
556
1564
232
1
205
575
1
1196
1
1
1
1
338
1
901
1
1286
2
1
156
452
1
1183
1
967
1
77
1
389
1
875
1
1
37
1
1
1
1
1
1
358
130
1
1
902
1
1
1
2
1
1
1
1
1
1
1
1466
1
1
1
1
2410
1
1
1
1
1
884
1
1
1228
1
1
556
102
1
521
1048
1
1
1
1
1
1
694
1
1
282
2
2
1
949
373
1
1
2
1
1
1
3001
1
712
1
1
342
2
1
1
1
477
1
1
1
1
1
17
1067
1160
1
96
2
1
1
1
1
741
1
1342
1
1
2
1
1
1
718
382
2
1266
1
496
1
975
1
1044
1
176
678
269
1
1
1
2
1
755
1
1
1
14
2
1
1
1
1355
1153
1
1012
2
1
1
1
1033
1
1
1
1
1
1
1
982
1
2
48
1
1
1289
2
578
1
883
1
49
690
1
285
1
1
761
1
1
1080
1
2
2
1
693
1
1
1
282
1
1137
1
1
1
1
1
2
109
597
783
1
983
769
630
1
93
356
1
231
634
1670
1
1
1275
1028
1
1
1
1
1
819
1
94
1
1
2
1
669
361
1
1
1
1
1
1
1
1
271
469
1
1
1
1105
1
2
1
1
1
1
1
620
1
1
1
722
2
1
1
1
605
1
1
1
1169
553
1267
1
1
1
1
1
406
1
1
50
2
1
2
1
2
13
1
1271
1
1
1041
504
1
1
794
2
1
2
267
174
1469
218
2
589
188
1
1
1
1
2
413
1
604
1
2
934
1
1
101
1
1
2
1
1
406
1
100
494
1
694
927
1
338
1
1
522
266
871
1
1361
2
1
1
1
1228
1
1
1094
908
1157
1
1
1
1015
629
216
1
992
1
1
269
1170
444
1
1
2
1
1302
1
1
1
1
1103
1
1
3
1
1
74
2
1
1
1
1
13
2
1
1
1101
1
1
1
129
1
2
1
768
386
1
1
1
1145
1
203
1
1
484
1
1
1
587
1
704
489
1
83
1
72
302
267
1
326
1
1
1
1
127
1
1
1055
141
1
134
1
1
1
1077
1
1
1
152
670
1
1
1
439
1
1
298
1
2
1
1
1
2
2
1
1
1
318
1
1
1108
1
1
247
198
1
186
1
974
2
1
1
1
1
1
216
1
1
1
1
1
1
1
107
3399
1
1
1
1
628
1
665
254
1
1
1
1
2
1
1
2
1
1
1
797
328
992
743
10
1
1
2
1
1
1015
1
1
329
1
1
1
165
1
452
1335
827
169
339
1
655
1
1
1
788
1
2
1
1
1
1
978
684
1
1
1
1341
2
1
925
1
5
1
1
1
1
241
1
1293
256
1202
1
368
1
1
1
333
1
1
1
2
632
1
1
1
1
678
1
870
1
167
147
1
1
1
367
1
1
1
242
399
591
1
334
1
1
103
1
1
1
1
1
1
1
1
1
1347
1
1
1
1089
85
1
1
1
1311
960
1107
36
1
1
413
1067
956
1
1
748
1
1
1
712
2
203
1
1
1
1
641
1
977
1
582
388
69
1
464
1
369
1
1270
1
1
1
68
1
1
902
348
310
1
447
2
116
1
1
1
1626
1
1133
569
1
1
2252
114
2
1
1
1
1
673
1044
371
1
60
221
213
1
1323
1
1187
1
1
1
1
1
1
1
1
1
1
1330
678
589
1
2
1
955
1
1
1
1
1
887
1
821
773
1
1
1
1
2
603
70
1
1219
1
392
742
1
1
1
1037
1
139
1
784
624
1
2
1
1
2
1
53
1
1
481
1
366
1
1
1
72
2
1
668
92
378
1
1
2
1
1
1
2
1
1108
1
155
289
1216
214
1
346
488
1
662
1
1
1
1
598
1
593
742
1
17
1
1
77
117
1015
1
739
1
1
207
1
1
1
1
240
212
1
1
1
1
1264
1000
1
22
263
1
1254
1
2
1
1014
3
1
1
1167
2
1
553
1
2
1
200
1
1
1
2
1
1
1
1
487
1
1
1
126
1
1
1
1
1
930
1
730
250
1
1
2
337
288
465
505
1
1
1
1
1
1
311
3
1
64
322
254
1
1
288
1
1
476
1
1
36
1
1
1
724
1
1032
2
1
1
1
1001
1
310
1
2
1
1
1
507
1
1021
1
426
1
439
1
1247
576
1
1
1
1
1
1
1
1
1
1
1
1
1
1
1
2
1
2
1
1
1
1
1
1
2
2
1
1142
606
1
1
565
1
2
2
1
1
1
115
1
1
110
170
1
1
1
1
1
1
1
1060
1
1
1
1
3
362
1
1
1
1
1
1
1
41
488
1205
1113
1
1
1
1
1
151
2
1
1
2
183
544
1
127
1
1
758
1
1274
1
282
66
1
1
69
1
1
1222
363
1
116
1
1355
1
251
1
1
1
1216
1
1
1271
1
519
1
1
1067
1264
1
1
256
2
1
1
1
2
1125
1293
217
1
630
2
1
1
384
1
1023
457
1
1
600
1
1
1
1
173
1
303
1032
1
1
118
1134
879
355
1
970
881
1059
1
1053
1
1
705
595
1327
82
2886
1
807
1
1
1
1108
1
1
1
2
2
1
695
1
1
42
430
1
1
1
1
1
1
150
1
1
1
1
415
1
1043
1
1175
1
1303
1
1
1
1
1
1091
817
1
1
835
1
1316
48
2
626
558
1
1
1
1
35
2090
1
545
306
727
337
1
2
1
1
1
1
1
1098
1
1
325
1
1
2
1
1
1
1
1
212
1
851
1
140
1
1
121
1
1
1049
1
1
19
1
1
1040
464
1
50
488
1
1
1
2
1
1
748
1
189
393
1
1
1
1
2
1
688
1
1
966
620
557
921
1
658
1
1
1
1
1
1
1
1
1
1
1
1
1047
1
1
1
1
375
1
1
1
95
1278
604
1
1
1
1
1
1
1078
979
929
385
722
1
775
372
1
644
1070
1
416
1
1
117
1
1
1
281
129
1
1174
1
270
1
1321
1
1
1
1
1
1
1
155
2
1
1
2
1
2
1
1
1
1
3174
891
1
176
2
402
608
2
1
1
1
1
1174
2
655
1
241
1
1
1
546
1
22
1
1
1
653
1
1
1
408
867
1
1
1
1
55
254
1
1
1
237
1
908
1
1
1
725
1
1
1
1
342
1
52
200
1
1
105
24
1
1
752
2
544
3
1
228
1
40
1
1
108
1
1
1
119
1
370
1
1
1
1
1
762
74
1
1
1
1
1
723
1
1
1851
1
1
1
1
1
1
1
253
751
1
1
1
1
34
2
1
1
2
1
1
305
420
795
2
766
548
83
1
1
1150
789
870
2
1
368
178
835
540
857
1
1
976
1
1
2
1
1
1
1
1
1
1
398
1
1
810
1
63
407
1
862
1
105
362
1252
1
1
1
1
1
54
1
1
399
2
382
601
104
1
1
345
1
1
159
1230
171
1
966
1
1341
1
1
1
1
79
1
1
2
1272
2
328
2
1
1
1
1
861
1
417
1
1
1011
476
937
272
1
1
943
2
1334
1
1
1
1
1136
307
96
1
153
1
1
1
1
1
147
1
1
1350
1
1
1
1
1
2
885
898
2011
1
1
1
1
1192
298
1
928
1
1
1
1
1
1
1
496
1
133
819
1
847
24
1
3
1
297
1
884
1
780
1
2
1
1
733
568
1053
1
3
1
359
210
369
1
1
1
2
299
1
1
1
1
1
1
1
870
695
99
1
1303
1
1
1
1
787
1133
1
1
1
2
1
766
474
1166
1
203
1
1
869
2
3
1
1
1
1
673
1
1
1
75
520
49
1
1258
1081
1
1
1
2
1
545
180
1
1
1
1
1
1
1
1
1
165
1
1
1
1
1
1
1
709
1
1
201
68
1
622
1
1
1
664
1
198
778
308
1
21
1161
1
1042
1
1166
1
351
1
1
1
1
1
1
1
2
98
1
1
1
404
675
140
1
1
1
91
1
1
1
1
1
996
1
353
1
1
1
1
1
1
141
1
227
1
1
1
1
344
1
589
1
1
1
126
345
1
1
192
1
1
255
1
1
2
1
1
967
1
1
1
1
73
1
1
463
1
2
649
534
356
1
2
1
1
39
1
753
527
2
668
88
1
1
1
1
1
394
1265
291
1
1
1
1
1
1
1
737
660
1205
1
1
368
1
1
432
1
1
1
2
678
1
644
2
1
1
111
500
2
280
1
3
1
1
1
1
1
1321
1
673
1193
1
1
1
2
1
1052
516
1
757
451
1
1
1339
1
1
1
1
1
1018
1
1
1099
1
1
550
1
1
581
1
1
1
1
1
1149
1
1
1
665
1
143
1
1337
1
1
903
1
1
1
1
1
1
2
29
698
1034
1
1
1
360
1
1
1
1
1
1
1
263
1
358
102
1
911
1
851
2048
1
1
163
1
2
292
1
1
1
1
446
1
598
1
208
383
1
1314
1
1
1057
1
2
232
1
1
1
415
662
1
106
806
1
1
498
1
1
1
1
716
1
1174
176
1
1
361
567
1
1
2
351
1
13
1
1
1
1
1
5
1187
1
2
1
1
1
229
2
1
1
1
1
1
324
1
1
701
1
1
1
2
228
1521
146
1
1
1
1
2
1
316
365
1
680
1
1
1
1
5
2
1
1
1
1
748
1
55
98
1
1
1
1
1
1
2
598
1
1
480
1
1
452
1
70
1090
473
1
1
196
286
243
1
1
302
1
1
790
279
227
911
702
1
1
1202
1
1
744
2
1
1
1
1
1
575
1
634
549
1
735
2
557
267
1
1
1404
509
1
115
1
1
108
1
1
716
525
1
1
1
1
1
393
2
1
1
1031
1
722
1
1
513
1
1
937
822
1320
1
1
146
583
1
129
893
1
1
2
1
106
1
1
1
461
1
1
563
1
169
514
1
2
1
246
1
866
1
1
142
1
1
10
36
1
1
569
1
1
1
1
1232
1
1173
1
1
1
33
1
1
1161
998
1
498
1
1
456
1
2
1
1
1
1
1
1057
1
1
1
1
1
2
1
1
359
2
953
2867
1
1
1
1
1
1
1
1
1
1
1
1
691
1
1
1003
1
1
1
1
1
1097
1
546
90
1
1
1
973
352
54
405
513
1
1
1
534
50
1
1
586
1
1
1
1
1013
1
479
3114
1
93
1345
1
27
1
1
749
266
1
1
1
973
1
1206
1
1222
247
1
1
1
1
578
1
228
267
1
387
1059
154
870
864
723
2
1
1
1
1
1354
1
2
1
768
1
1
1
1014
542
1
1
2
1
1265
2
1
1
1
1
1
1
1
1
1079
2
1
1
1301
165
1
2
942
2
1
1
663
526
1
826
1
1
1
1
1
1
1158
501
2
128
1
872
1164
1
1
65
1001
1
1
1
3
1
1
1
900
1521
1
2
1027
1
1
1032
1
1
1033
1
1
1
17
4569
1
1160
1
1
1247
1
1
1
551
1
1
1
916
959
1
1
1
1
1
575
1
1110
1
26
1
2
53
261
2
1
2
1
1262
1
998
1097
1
131
579
1
1
1
2
1
1
752
1
670
1
584
1
1
1
1
687
1
1
291
1
1
1
747
247
1
564
2087
1155
1
1
1
1
1
752
1
1
1
309
1
1524
1188
1247
354
247
219
1
1
817
1
1
1
1
1
454
1
1
1
1
2
1152
1
465
1
994
1
597
1
1
15
743
1
1
1
576
655
467
2085
1
1
1
1
2
429
320
1
1
923
1
210
17
1085
70
1320
2
380
1188
1
1
175
1
2
429
138
1
1
459
64
1
925
1
2
2
575
401
693
1155
1
291
374
946
222
1
1
1
1
1
1
293
1
870
1
1
1
1
1
1
1131
353
1
3
1666
1
1
401
1
2
1
1
89
651
227
745
160
1
687
456
1
1117
1
1
1118
925
3
1
238
1
171
820
507
740
1
1
1148
1
1
1
255
1
1277
176
1336
1280
1
1
2
1
1
306
649
1
1
1108
2
1
1
511
1
1
1
1
1157
1
141
1
1
1
378
1
1
857
1
1
1
2
1
737
290
1
17
2
1249
1
1
1
1
158
698
182
1
1
1
1
118
1
81
698
1
1
1
440
1
1
1
758
1
917
71
1
1
1669
1
1
844
1
1
456
998
1
1
1092
1
1
1
698
1
318
2
1000
1
256
1
1
1
1
1
1
1
81
1
917
13
1
1
1183
1
615
1
333
1
2
1
10
430
1
893
1
1
1
2
1
1
1072
280
89
393
715
1
763
871
1
360
66
922
1
2
1
1
976
1
1
1
646
1363
550
1249
1248
1
1172
697
1
1
822
2
1145
722
1130
1
96
1
1
326
517
1
1
17
144
430
1
1
810
1
1096
1307
1
923
2
756
808
1
1
533
314
1
43
1
1
446
1
169
1
1
1
523
711
233
1
849
50
1
1
1
1
1
1
1
1
49
1
1
827
1
2
1
3
99
1
806
1
1
1
1
1
1
1
1248
236
1
2
2
1
1
1
1
1
8
1
1
1
1205
462
1
1
1
1
1
1
1
1
1
150
664
483
943
1
1
1
1
1194
89
3550
861
1
1
1
1
1
633
2840
934
1
1
1
343
774
649
674
1
1
1
307
1
1
1
1
1
1
573
1
1
1
1
679
1
1
934
1
1
1
1
1269
1
1
2
1
2
1
1322
1
364
1
1
1
1170
918
1
1
1
1
1
1
1126
1
1087
1
1
118
1
2
694
2
1
1
145
1
1
1
1
1
1017
1
249
1
475
484
1
220
95
3756
1
1
1
1102
1
711
208
157
205
1
1
3123
1
780
1
1
1
1
1
1
535
1
376
384
1
858
1
1
1
119
860
1
1
1
1
800
458
1
312
2
1
682
1
1
1
1097
396
297
1
1
1
1322
1
1325
388
1183
1059
436
1
1
1226
423
584
1
1
1
1
1
306
100
464
1
681
1
1
745
1319
1
2
688
254
1
1
874
1294
1
1
194
1
1
1
744
1
1
1
236
1
526
1
1
1
664
358
1
1
1
1
1193
1
1
1
1093
1620
1
1
1
1
1
564
173
1
1
1
1
1
1
1
1
1
1
1
1
1
1
2
1
1
1
467
977
595
1
1
1
1093
825
1
6459
1
441
718
50
692
30
34
1
1
2
1
2
1
1
926
142
1
1
1
1
1083
863
1
1
126
1
213
443
1
1
14
394
48
1
1
1
1082
163
1
1
1
1
1
1
1034
1
618
2
1
489
944
1
1
1
1
841
23
359
731
1188
985
1
1
1
1
1
1
1076
1347
1323
2
1
1
1056
431
1
1
1
2
1
1
1
2
1
1
1
2
2
1
1
152
1
281
706
1
2
1
555
1
824
84
244
56
16
436
1
1
1195
1
1
1
93
1789
1
1
1
1
317
147
1295
108
1
2
866
1
2
1
415
1
1
1
1
2
1
56
524
1
1
1
885
673
1170
1
1
1
1
1
1
1
2
28
1
1
1
1
1
1
1
993
1
1116
1122
1
1
1
1192
197
152
1
1
399
1
1
79
1
1
1
758
1
1
1
356
1
1
178
1
1
1
1167
1
1
2
1
1
1
1
1
1
2
468
1
1
1
1
1
2
1
849
1
1
1
1
1
1
2
1
597
1
1
1
1
1
1
1144
1
2
2
1
1
295
1
641
1
1
1
1
1
106
1
2
1
1
1051
650
609
1
1
1
2
1
142
140
1
1
1
1
1
400
489
1
1
1160
377
2
1
1
1
200
1
1
912
1
1
296
1204
1
1
1
1
1
160
1
385
1
2
763
1
170
961
77
1360
2
864
984
1
1
1
2
1
1
303
1
2
73
1
936
1155
1
1
2
1
458
734
1
2
1
1
188
1151
699
1
1
1
1
196
1019
1
729
1
1
1
1
299
1
1
294
35
1282
1278
1
530
1240
416
1
2
524
1
1093
247
321
1
1
1
1
1
1
1
1
2
1
1
770
187
168
376
1
1250
601
3
1
1
1
1
590
1316
972
1
1082
770
516
1
942
1
1
1
1
1
952
229
1
202
1
1238
228
751
1
1
1011
65
1
1
1
770
1
1
191
1
1
1
2
1
1
1
715
1
1
1
1
505
46
1
1
1
569
1
1
1307
1
1
474
1
332
430
1348
416
609
1
1
1
756
1
1
1
379
1323
886
803
1
130
1
607
1
1
1
1
716
2
1
2
1
1
1
1
2148
1
1
2
1
2
2
1
46
768
1
2
1
1
2
1
1
1
347
1
2
1569
1
2
520
26
1
1
1
607
287
1
1
483
819
1
1
456
1
293
2
1
1
1
621
897
1
71
1227
1
1
1046
1
200
85
288
308
2
1
184
1
1
1
1
1177
1
217
989
301
1307
273
1
2
725
1
1
1
1
1
79
1
98
1
167
1
309
901
1
1
417
1
1
1
1
1254
1
1
2
60
1
136
1220
369
1
1
1
1
680
1
164
1
1
1
1
1
1
1
1227
1
2
2
730
1
1
118
1
629
1
1
147
1878
1220
1
1
1
1
159
1
1
468
781
1210
800
2
2
36
134
960
916
866
1
2
163
1
1
1
1124
2
1
1274
1
874
1
1
1004
1
708
2
1
469
302
1120
1
1
1
1
1
1
1
418
1247
1
1
1
1
344
372
1
2
1
1
1
1
1012
469
73
248
1
1060
1
1
1
548
1
1
1
1
1
1
1
1
1
1053
1
1
1
1
1
2
1
1
62
1
566
624
1
1
2855
99
1236
1
1
1312
1
1
1
1
1
1204
1
1
61
243
518
1
1
1
1
1
189
1285
1
698
1
1
906
1
3601
1
164
937
1
1
1
1
1
2
182
1
1167
474
1
1
1
1
1
738
1
1
1
2
1
1
879
1
996
1
1
1
1
2
539
128
39
299
596
1
1
1
1
587
2
560
1
2
6
1
1
70
1160
952
1
2
1
2
1
1
1
1073
1
233
1
2309
1057
1
906
1
877
1
1080
1
1
1
1
1
1
1177
1
681
1
1
1
1
801
1
1
1200
356
1
1
1
1
1072
1
1
1342
1
1
1
279
1
1
1
1
1260
124
1
1
1
1
1
2
1137
1
1
1
2
1
78
1
1
1
3355
1
457
536
17
1
1
1
1
850
1183
739
1
1
1
302
105
1
1
1
1
1
1
292
1
1
1
1
1
1
478
2
950
1
1
1
598
856
1151
1
1
1
598
770
2
2
1
1
412
1
3
2
1
280
1230
1
1
1
1
1
1
1
1
2
191
1
1
2
7
1
1
1
1
46
1
964
1
96
1
177
1
1
1
926
1
1
1
321
1
2
1
682
1
1
1
1
2
1
1
1057
921
1
411
9
2
1
1
2319
1
1
653
886
27
1
1
1
219
1
2
729
1
1011
1
1
907
1
1
1073
1223
1
1
880
1
1
1
133
1230
1
1
1
1
1
1
274
1
197
1
1
1
1
1
1
1
412
1
1206
8
1
1
1
1
1295
2
1
32
253
1
1
413
1
966
965
1
1
70
971
2
1
1
1
1
1
17
1006
1
1
1
1
1163
1
1
766
1
1
1
1
1
1
1
1
1
297
136
1044
1
116
1071
1
1
212
1
1
1
1
1
2
1
1341
488
202
1
2
585
1550
206
815
371
1110
1
1
309
1
1
863
1
1
1
1
1
309
868
2
238
1331
1
793
1
1
208
1
1
459
2
1
1
1
1320
827
1
464
1
476
67
1
525
1
1
1
1098
1
1
642
61
1
346
1
203
1
2
1
382
1015
704
1323
1172
1
535
1
1
1
1
1
158
1
474
621
675
1
1
1
1
1
1
1
1
1
2
2
182
1
845
1060
143
861
675
1090
2
1
1
84
942
1
1
675
291
1
1574
1
269
359
1
1
1
1
1
986
1
1
2
1
1
191
983
1
1048
1242
542
308
1
205
669
1
1
150
1
440
1
1212
1
1
36
1
1
1
673
1
1
1
1
952
1
1
1
1
1
949
605
1
1
1175
1
1
1
1
156
1312
95
1
255
1293
841
2
1
167
1002
2
1
5984
1
1
1
24
1
1
981
1
1
1357
489
288
1
1
874
95
1
2
2
1
1
1
836
1157
1
1
1
1
1
426
1
1
1
1
1
1
1
1
1
861
453
1
1
1
37
1
1089
1
1
673
1
4827
1053
1
1
299
747
1
1
1
190
1
875
408
887
91
1
1
1
1
1
440
1
1
1
1
2
246
1
1
1
1
1469
1
1
1361
225
193
1
203
1152
31
1
422
1
1
1
1
1
1
1
2
897
1
813
1
1
1122
1
1
1
2
1
2
1
119
1
1
2
507
1
1
201
1
1051
906
1
2
1
225
1
2
228
1276
680
2
287
1
642
1
1
1
1
1
775
1
1
2
1
1158
80
485
828
1016
1
10
1002
1
1
1
1
1
1
1
1
1
155
1031
1
1
114
1
1148
1
1
2
1
1
1
1
1
710
1
803
3983
154
1
2
1
85
1
1
1
1777
1
1
1
1
1
1
1
592
453
1
66
66
1
1
1027
386
1
1
1120
1868
827
1
906
1
327
1
1
1
1
1
1
1
1
265
1
522
1
2
225
1
997
1290
1
1
1
403
1
1
2
604
1
1
1
2
1291
1
1
1
893
1
1296
1
1
1
1
115
1
2
1
332
1
1
1
1
977
1
203
69
1
84
1
1
1
2
76
262
262
1
801
422
315
1
2
1164
580
1
1
99
1
1
1
1055
1139
548
1
1
1
1
473
1
1
704
1
70
1
1
1930
1
1
335
801
1
1
31
1123
1
138
1
821
624
1
1
2
1
1
1
2
117
1
495
1
151
1
1
1
1
64
634
1
964
1
956
2
1
1
1
405
1
1
2
2
1
36
1
1
1
1
157
1310
668
1
1
1
1
48
1
1
18
1
514
1
1
2
1
1034
156
84
868
1
519
1258
274
778
1
2
1
1
793
1
2
1
734
1
1
1
1
1
1
866
1
1
1
722
1021
1
1
1
606
2
816
1
1
1
515
2
169
1
1
1
1
160
1294
1
1188
290
1
977
1
1
2
1
1
1
517
1
1
1
695
852
101
1
127
1
1
1361
1
1
1
1
1
1
2
1
178
992
1
3222
187
5
1
21
1157
2107
1
172
1
474
1
1
1
1
1
1
1
1
1
1025
1
247
921
1342
1
804
1
1
997
476
551
35
580
486
1
1
1
1
1
1
1
1
312
1
1000
1
645
1
1
1
35
1
1
1
635
822
1
1
1
461
1
1
1
1240
1
51
16
1
942
1
1
1
993
1
871
407
2
1
499
1335
341
1
256
3781
1
1356
1
1
1323
2
1
414
7
1
1
1
1
457
206
1
1152
1
1
1
1
1
1
1
363
1
1
630
1
1067
1
1
1317
1
1
1
1
1
373
499
310
1
1
551
1031
1
1
2
826
548
1
429
1
1
2
68
1
1
1
1
1003
97
1
1
1
1
2
844
281
1
1
1
1
1
1
497
2
1
1179
1
788
1113
310
1
630
1
565
1
1
2
219
1
1
501
2
778
897
1
1
435
641
1
216
1
1352
840
2
1
1
174
889
556
148
1
1
683
1003
1
1
1
767
1
692
1
1
760
417
1
269
1
1
1
1
1
542
1355
1
259
1
1
960
1
225
1
1
56
960
1
2
217
628
76
1071
1
1
1
1
1
1
453
1
842
927
979
488
1
1
487
1
225
1
1
697
1
1
785
1
1
1
1288
1
1
1
127
279
1
2
1
1
1
239
736
1
1
3311
1
1
330
1092
1198
1
1
1
1
1
111
467
887
125
1
1
1
1
1
1
1
1
1
119
1
1
280
3
1
1
1
1216
68
1000
1
1
1
1
2
126
1
1
1
1
2
1
285
1
1
445
1
388
215
1
1
1
615
1
1
497
1
1
1
1
1346
1
1
1
1
1
1
1
1
618
1
25
2
436
1
896
1228
1
1
1022
1
1
1
313
1
171
1
1
1
1
855
1
1
1
1
1
1
1
1
1
1
1
605
373
1
657
1
1
1
190
620
535
154
1806
1
3047
614
1
1
1
736
1324
90
1
1
2
1
463
1
2
1
2
365
1
1
323
939
1
2
158
1
1
848
519
207
1
1
1
2
444
460
1
1
1
1
1
1
1
1
189
96
792
1
669
1
1
1
69
1
245
52
373
1
2
159
1
1
1
1
35
529
2
1335
4
970
1
1
1
1
1
1165
296
54
1
1
489
1
1
1115
441
2
1
2
161
67
1
543
1
1
197
1
1
715
270
2
1
1
1
1
469
1160
1
1306
1
706
822
1
969
1
1
315
1
1257
711
1
1356
1
1035
1
2
179
1
265
1344
233
1
1
382
1
1
1
166
1
1
1
3269
1
693
1
1
116
1195
1
994
1
68
56
1
1
145
1224
2
1
1
1081
1
1305
1
1
22
265
1
1
385
1
1
2
870
155
1338
1
1
597
2
2
1
1
1
1
296
139
163
1
1
112
1120
873
2
1101
2
1
385
1274
1
221
401
1171
1
1
2
1020
180
2
1
347
1
1
38
2
1
1
1
1
388
1
1
1118
1
1
1
1
1
2
166
1340
1
1
1
278
3
2
1
1
1098
1
1
1
1
1274
1
1019
1
1
1
388
1
1
672
318
939
1
2
461
1
1
1
441
1
1
1
1
2
787
2
421
1
1
2
1
2
1
1
1
1
1
1
1
2
420
1
1
1
1105
1
197
1
1
1
1
1
1
1
1197
1
721
1
1359
1
807
1
1
667
317
1
1
1
979
2372
1231
105
2
1763
991
963
72
857
1
553
110
1
387
11
190
2
1
1
949
715
945
1
197
1
1
1
1
1
1
1
784
356
1010
1
1
1
22
1048
1
1
217
2
175
1
1
1
34
823
1
1
1
1
354
1
1
1070
1
1
1
1
1
1
1
1
465
60
1
1190
1
394
360
849
1
1
1
1184
1258
1
69
1
242
686
1
2
1115
1
1261
1
915
1
2
705
1
1386
1
1
1
1153
83
1
156
1
1
273
1
739
1
489
1007
282
1
1
1
1177
827
1
1
1
1
29
734
1330
1
2
1
1
1
1
1040
600
68
487
1
1
1
1
317
1
2
643
1
2
1
1
1
2
1
1
1
1041
777
2
1
458
1034
1
1
965
1
1
1
1
1
861
1
2
1
1
305
2
1
2
1
893
1
1
1
342
5421
1
687
1
574
1
1019
2231
2
907
1
2
2
1
366
1120
1
413
1
435
2
1
1
107
283
1
2
1
1
625
1
2
523
1
181
801
1
1
517
1
1
615
1
1
2
1
1
275
1
1
1
1181
1
1
1
463
1313
1
1
1
625
843
1
2
1
1
756
1
972
1667
646
1
1
513
741
898
2
1
1
2
514
1
1356
592
1286
1
1
1363
1
1
1
1
1
1
1170
1
187
2
1
579
1
1
256
1245
1
1
1
1
1
1
1336
564
959
1
1
2
39
1
826
1
477
1
1
1223
532
991
1
58
621
200
1
1
1
112
525
4136
1
36
1
1
1103
68
425
1357
68
131
1
1
1
186
1
1
795
550
1
1
96
1
2
1253
445
287
1
1
1
1
327
1
572
1
2
1050
537
498
170
1
1
3
1
1
2
201
1
1
1
1
2
1
119
1
1318
1
1
1
194
695
1
1
2
261
1
761
1326
1
1235
1
1
1
536
1
1
1
1
1
1
1010
1
648
697
1
1
1
209
1
1
17
1
1
1
1
1468
1
1023
1
635
1
1
1
1
1
1
1
1
1
905
1289
1028
994
2
1
2
1
2
1
1014
878
1
1
672
866
1274
976
1
1
1
634
594
168
979
252
1
930
420
1359
1
1083
397
1
1
2
1
1
1
1
561
579
1229
1
1347
3
180
1
1
1
1
1
1
1
1
1
1
205
2
2
252
1
1
1
1
1
651
2
1
1254
1342
982
432
1
1094
1
30
1
313
45
434
1
1
874
1212
1
308
2
1089
1
1
342
687
626
1
1
1
1
1
1161
1
654
1
717
1
19
1
1
126
113
2
2
1
1
1
1
415
733
1
1
2
47
1
1
1
425
463
733
243
1
1
1
1
1
2
114
1313
1351
1
528
853
1
1
1
1
639
1
603
1
1
790
1
178
170
1
1
1
234
1
1
1
1
434
723
1808
1
1
337
1
1016
854
180
439
2
1
1886
358
1072
796
1
66
1
1
1
1239
1
142
1
871
335
2
1
1
1
1
1
1
1
405
52
1
675
1
1
2
1222
467
1
153
243
200
1
1
1
694
1
3785
1
468
2
1
338
49
402
2
2
1
555
1
464
762
1
204
599
1
1
2
418
310
1
1
2
244
386
1
2
1179
252
1
796
1
1
1
1
71
98
882
1
2
1
1
1
1
32
1
1053
673
311
1
1
1
1
577
1
1
1
1
1
66
2117
2
761
777
1
36
180
980
1
1333
1
1
1286
1178
687
512
1147
31
1
1
1
1
1
1
1
1
2
1
1
1
1
1
1
1
1
1081
381
1
1
287
1
1123
1128
1
1
1
1
1
1
55
3
1
311
1
1152
984
1
748
289
1
1
1
317
34
1
1188
1
559
205
560
1
1
469
1
1
2
1
1
138
931
1
1
249
1
1113
1
1
729
1
145
1
2
1
1
197
1
1
1
1302
2
1
1
243
306
1
1
1220
1
1
1
1
2718
1
340
461
1
1
1153
1
1
1
1
1
3884
2
1
1262
1
111
1
1
1
1
1
228
1
1
1
181
659
1
1487
1
339
845
1
1
1
1
1
1
1
431
2
1188
697
1
1
80
1
115
1
2
842
224
1
1
1
17
1
1
1
746
1
1
1
2
427
428
1
2
1
270
1
1
335
530
1
1
339
1
1
1
1
1
1
1
804
2
1
949
2
620
1
1276
867
1
1
1
1
119
1
1
68
1
428
1
1
1139
1
1
1166
1
731
1
2
1
1
12
1
1
1
1
234
811
1
1
1
1
2
1
613
1
1
412
1
1
24
1
1
1
1
1
1401
259
1
1
923
811
1159
266
815
1
61
1197
1
1
1
1
136
5
573
681
1
1
1
890
1
3
785
1
460
1
452
1
148
806
7661
2
1
1
1
378
1
1
119
1096
1
491
1
1
1
1
1
1
118
1
1327
1128
186
1
180
1
150
1
1
1
976
2
1200
1
1
2
858
359
281
1
1
2
1
428
1
1
818
1
1
145
4120
1
1
1
754
795
1021
1
1
1
1
1
1
220
1026
571
1
1
1
978
1
1
816
1
865
31
1
2
108
1
1
1
1
403
1
676
1
557
1
1
1
1
388
1
1
1
107
278
1
1
763
1
1
1
815
1
2
2
2
1
1
1
50
2
367
1
1209
1
1
1
1
257
1121
3
2
811
1
1
1
19
665
1
505
1
1250
1
2351
1
86
996
1
1
1
1
250
947
1
1124
1
1
1
1
1
228
234
1
1
1084
1
1
1
167
1
1
1
84
546
1
1103
1
1
697
1
1
1
47
139
1
1
90
1
4872
1
1
32
1
430
1
246
1
514
1212
1
258
657
324
1
730
1
865
1
1
445
600
1
1
1
1
1171
1270
168
1
1
1
1
328
1
1
1
779
1
1
594
1
1110
2
757
316
1
1119
1
1
4471
2
1
727
22
1
1007
4
58
890
1
1
206
795
1
1
349
1
363
127
1
155
960
95
1
1
1
1
1
1
1
1
1
1
1
514
1
1
1
1
677
664
25
2
147
115
1
1
1
1
1196
1
1213
1
535
1
1250
2
1
1
810
1
1
1
1
1
245
4288
2
1
1
1
1211
1
1
838
1
783
1
1
1
1204
248
847
1
1
1
2
1
92
1
1
1
553
1
170
777
1
1
741
1
1
1
827
1
1
1
1
687
195
4846
44
2
1
634
2
517
1
57
1
1167
47
1
1
1
1
425
921
695
1
28
3
1
1
1
1
519
959
986
1
1
1
1
1
1
1
1
1
897
1
1
416
1106
1
1120
792
184
1
1
1021
1
967
1
1
1
1
330
1
1
1
1
1
1
313
417
1
1
1
1130
1
2
925
1
1824
1
2
816
1
2
46
1273
1
1301
348
1
538
1
3218
326
1
1
1197
1
1
1
1
912
1
602
1
1319
436
609
1
1
1
1
850
2
1
1
421
1
1
1
1
1
1
1
1
1
814
451
1
1
1
2
1
1
664
1
1641
1
1141
1
1
1
1137
6
1
1
1
1
1
586
1
2
1
1
1
2
1
1172
1
1
1
1
615
1
846
598
196
1
1
344
1
1
1
1
2
274
1
1
1
308
755
1096
1
810
1
1
1
457
1
1
1
1
708
1
44
1
2
239
1
1
1
1
1296
272
1
1
1
1
2
1
3534
1
1
442
1
1
310
1
360
1
1037
1
36
301
1
1
1
1
1098
806
1
1
1
162
1
1
1
844
1
198
1
203
957
1
1
1
827
97
1
1
617
1
846
1
2
1
1
1
1
1
182
1
1
1
804
1
1
1
412
1
1
1
1
1
969
318
1181
1
1
434
1
1
1298
675
1
1
975
1
1
1
1
1
819
661
1
1
1
1
34
1
2
1
1
1167
1
564
1
207
1
1248
1
14
1
1013
1
1
1
1
1
1
1243
1
1
641
1
1
869
9
867
2
847
112
1
1
1
878
1010
1
2
1
1
1
125
320
1
1
115
1
742
434
1087
403
1
39
1
1
1
740
116
1
1
2
604
1
1
1
254
1
1
1
1
1
1871
1
446
1
1
1
1
765
495
808
699
1
1
414
380
2
1
1
524
1
1
899
1
1
2
1
270
1
768
1
1
1
1
47
1
262
819
259
1
1
480
1
28
173
1
2
242
5
1
1
70
1
1
697
1
1
1
1
1
1
1
1
1
1
1
1
1277
747
1
1
1
1
1
3
1
1
182
981
1
547
2
1
1
1
1
742
265
1
1
1
1
2
1
917
1
2
1
2
1
343
1
1
562
202
1263
666
1317
673
370
1
371
891
31
823
1
1
556
2
1
1
1042
1
1
1
1
94
1
1
1
998
1013
315
1
2
1204
1158
140
1350
1
1
1
1
214
1
627
1
1
1
647
1
253
1
1
1
1
1
1
1
1
1
1
1
1
28
1
1
1
1
1273
1
1
1
445
1173
1
1
633
636
837
1
1
1
1
1
1269
2
1
1
1
1
1
1
1
1
1
1
1251
1
1
1
1
1
1
2
1402
2
1
675
27
1239
1
1
1
878
188
1008
1
190
1
1
1248
776
759
1
1
348
1266
1
1
61
2
1
1
1
882
53
35
1013
1
1
265
1
1038
1
1
173
1116
1
6540
724
1
861
1
227
323
1
2
1
186
1
220
1
1
1
844
2
1
1008
1
1
1
1
27
1
1
1
1
1
2
1
1176
3
2
4132
225
1093
1299
1
1
1
1
1
1
1
1
1
1089
635
293
434
1
218
1
1
1
1
1
241
1
54
1
1132
1
1
31
918
2
1
2714
1
492
1243
1
1
1
1
56
1
4223
2
1
950
69
1
120
1333
1
1
1
1
1
1005
1
1
1
775
1
60
1072
1
1
1
1
89
1
1
1
1281
1
393
1
1187
1
629
1068
1
1
199
1150
671
1
795
2
226
141
1
1
56
910
438
330
1
521
1
1
1
1
1
1
2
540
1
1
1
1
1
225
1
1
1
1
814
848
1
341
550
66
967
1
1
1080
1
529
1
1
2
1
302
544
58
1
404
1
445
137
1
1
72
1
1
1
1
1
1025
416
2
1
1
2738
1
1
324
1
130
1
486
1
1093
1
1
1141
1
1167
836
52
217
1
562
1
1
1
1
1379
304
380
641
1
162
351
1
1
454
1
1010
695
388
1
1
1320
1
102
1
1
3411
381
1
1
933
1
1
328
927
2
1
1
1
830
1
2
1
761
948
1166
1
75
1
1126
1
1
1
1
1
1
345
1
494
1
1
433
1
320
1
46
1
287
1
1
1
1
1342
1
18
1
104
129
1
1
398
1205
1
1
1
1
1
85
1
920
452
298
1
1
1
1
1
1
1
1031
321
1
224
1
1
280
2
1
1
1
1
1
461
1
1
1013
435
1
1
1
673
1
531
178
1
1
931
1
1
539
1
718
1
2
1
481
1
1028
860
1
1
1
1
1
1354
1
2
657
1
1
1
1
1327
1
1
1
1
1
1
672
1
2
1
1
492
1
1
1256
1
1
1
506
676
1
1
1
1259
1
368
903
314
661
2
1
1
410
519
422
1
226
644
315
2
1
534
1
1
1
2
1
1
1219
240
1
1
6
1
1
1
1
2
1
1
1
1285
1010
1
164
1
1
1149
1
1
1
102
1
1
1
666
1
1
984
373
1
1192
1
257
1
1
604
960
1
1
1
1
1
1
691
202
435
1213
1
235
1
1
2
1
2
1
275
1
1
1
1
1
832
1
187
1
877
1
1
466
433
1
1
69
441
1
1
467
1
1
1283
562
200
2
917
1
2
533
1
1
2
1
1
1
210
1
471
1
1
5881
110
1
55
1
697
1
2
421
1
1
285
2
660
1
1
1
879
450
130
2
1
145
1
1
635
495
1
1
2
996
1
84
1
1022
455
1
1156
1
1
350
362
1
107
1028
780
554
1085
294
1
1
1
1006
1
57
25
1
1
1
1
1
1
258
1
1277
499
1
524
1
2
259
2
228
365
1
1
534
411
289
1
1
953
1
1
1
1
1
340
1
1
2
1
326
1
1
1
1
1
1
441
577
1
132
436
1
1
1
1
1
1
1
1
1
64
1
1
1
2
1
1056
1
1
691
1
164
1
2
1
1
1
430
1
459
26
407
637
1
2
927
1
2
14
1
295
2
1
1
1
978
1
986
2
1
1
951
258
2
937
1
1
1
1
1
1
206
1
1
1103
1
1
1114
1318
1
1
1
1
1
1
920
400
2
1
2
1
1
1
1
1
1
1
2
1320
5908
400
1
441
1
1
1
1
1
184
1
1
1096
1
2
1
868
1
1
2
1348
1
1
1
1065
1248
1
1
898
2
1
1136
1
1
1
1
1
1
242
1
2
1
1311
1
1
728
1
1
2
1
1
1
1
1
2
855
1287
1
183
1
1
1
586
1
1
1
721
253
1
1
2943
596
2
1
1
358
598
490
4181
1
1
345
1
81
1
603
1
1
259
1
106
1
1
1
3358
1
1112
1
1
171
1
187
1
1
1
263
1563
187
1
1262
1
803
1
1328
21
1
1
514
1350
1
1
874
1364
140
1
1
1
952
1281
1
1
1
1151
319
1
210
1
1
1
1
1
1
1
2
1
1
1004
1
1
1
1
1
1
1
391
1
80
1063
1
1
1
1
1
249
942
1
897
689
1
2
1
513
972
1
1
1
310
588
1
1
2
2
1
501
655
1
1
1132
1
1
2
1
1
250
1
1275
1041
1
1
2
1132
1
1
385
1
170
2
1
1
467
305
1186
2
1
857
564
1
1
2
63
404
885
1
1
745
2
1604
1
1
512
1
1
801
366
320
2
410
237
1
1
1
1
822
310
959
1
1
1
1
8
1
3
1
1
1
1
911
1
1
169
923
1
1
1311
2811
1
1
1143
757
1
1089
1093
1
1
816
1
1
1
1
1
752
777
1
1
1
1
1
718
1
1204
1
2
1
1
1
1
92
1218
1
1
1
49
3833
1
1
1
2
532
1
862
1
1
357
1
2
1
2
2
1
161
267
1
700
1
413
1
1
1
199
98
440
289
1
1
1
1
477
1
1
170
586
1
1273
1
1
868
1
1
1109
1
585
1
1
1
1
888
1
1
143
1
1
1
1
1
1
1
1
1
1
131
1
1
1
2
2
1
1
1
470
1
1
489
1
1
1
1
2
1
532
1
2
1
1
1
1
293
1
1
1122
1
1
222
190
395
1242
851
412
1
259
50
1
1288
227
91
1
1
855
1
1
879
1
1
1
202
1
1
803
2
1
602
1
1038
1
1
1
2
297
2
378
1
517
1
1203
26
903
1
1
1022
1
1
159
112
1
35
1
1155
329
18
1
1
1
396
6265
239
1
54
1
345
271
1
5096
2
1
1
1
2
1
138
2
1
1
1
1
1
1
1
1
1
1280
1
1
61
1
1
721
1
152
2
1
1
117
1
1
1
1066
1
1
1
41
161
717
1
1
1125
1
1
1
1194
1
2
1133
1
58
1
1342
1
1006
1
1
1
459
1
1
1
443
1
1099
1
1
1
1
606
1
573
334
1
1
628
319
1
1
1
794
1
1
1
1
142
106
1
1
1
3
1
1
2
725
729
1
1
971
1
2568
1144
26
708
1
432
994
970
26
1
1
1
1045
1
430
1278
1
1
1249
278
322
1
1175
1
59
1
188
1
458
2
1270
1
737
441
1
102
1
1
704
2
1
1
667
1
1
486
1
1
402
1
544
69
111
855
829
1
323
1
658
1
1
125
451
1
1
1
1
904
53
1
629
1
767
1
886
1
602
1
1294
335
834
1
2
1
1
1
648
1
1
525
371
1
1
1
1
77
1350
13
1172
815
1
1
1
1037
1
1
1
1
1049
2
1
1
726
1
383
501
292
1
1
1
1
195
1106
194
1
1
1
1
1
1158
1
1
1
1
252
1
1
1392
936
64
288
929
1
1235
1
1202
1
462
1
1
1
1
1
1
1
1
1
1
1
1
513
308
1
635
1
1
1
2
1
1
1
1150
1
2
1
385
1320
1
1
1
201
1
964
1
1
1
1149
1
1
1
3696
1256
1
37
1
1
1007
1
1
1
1
1
1
665
855
1
1
1
1
42
1
1
1
1
1
1
1
542
1
1
1
808
1066
1
2
356
500
1112
1
1
1
1
1
191
976
201
1
1
1
1044
1116
825
1
170
656
1
2
279
869
641
697
1
1
1
1
280
706
811
1
1
1
1
1
1
306
1
461
1
1125
1
1
1
1
1
479
1
1172
1
1
1
1
1
1
1
1
1
485
2
1
1
1
1
1
1
1
1305
1
733
2
1
1
84
2
1
2
57
2
1317
1
78
1
103
1
1267
1
229
1
1
1698
77
1
1
1
1
2
507
1
161
1
1
808
257
1
1
405
160
1
1
1
126
1
1254
1
500
1
1
696
1251
1
155
1
1
1
1479
1
2
653
533
2
1
391
703
1
1
130
1
2
149
2009
1
1
778
1008
1
63
409
1
1
1
626
234
1
1
2
654
956
1
1
1
410
1
2571
1
1
1
117
176
1004
632
1
597
165
1
1
1
770
1
1
1
1
1005
1
997
1
1
1
1
1
1
1247
1
1
1
1
1
1
354
218
921
446
1
1
1
1
1
1303
1
2
1264
545
1
1
3683
1
1
1
1
3003
1
764
989
1
912
769
1
1
1201
1205
1
1
1
1
1
1
465
710
81
1
1
1
222
1
1
1
1
828
1000
239
1
30
780
742
1
1
1199
1
10
178
1
631
1
1
1
149
1
1
1
1
393
1
113
253
425
1
1
1
1
1
1
1
939
1
172
453
1
879
2
1
1
1
1
565
1
1
1
1
1
1
1
400
1
940
709
5615
1
1175
1
1230
1
1
1
1
1
1
1
1
1
1198
297
285
1
1314
2
446
2
2
629
1
783
1280
1
1
1348
1
1
482
29
551
1
200
1
1
1042
1275
1
1
1199
1
1
5310
1
1
38
1
1
100
1
1279
2
1
1
155
1201
1
1
1
1
252
1145
1363
614
911
1
1
421
589
1195
1
1
988
1
314
534
553
1
1
2
1
1
1
789
1
1
2
2
1
1
776
1
1
1
108
1
1
14
1
1
1
1
247
1
1
1
1
899
1
59
1
1
157
1
1
739
114
1
1017
1
1
1
1
1
1
19
1251
1
1276
1
1
1
394
1
1
2
1105
82
218
1
1
1
1886
1
1
1
1205
1
262
1
1
111
2
1
1
2
1
1112
1
1
61
211
2
1278
252
1
342
2
1
1
43
731
1
1
1
2
1
334
1
925
1
49
1
1
1
1
641
1
2
1
1
1
89
1
1
1076
210
1
1321
1
1
1
1
1
1
1
1
546
1
2
1
33
1
1
1
639
1
1
1
813
1
1
1147
1
1
890
1
696
1
175
731
1
1
1
351
1
1
1
741
263
92
1167
734
632
49
12
1
1
1
383
1
1
574
1325
2
1
1
1
364
1
1
786
241
1
1
354
589
1
379
1
1
19
819
1
1
1
1
1
2
113
853
1
1
179
1
642
717
256
311
1
1
564
440
821
1
1
31
875
435
130
1260
86
1321
135
1252
1028
1
1
1
1062
1
1
1198
1
2
187
2
1
1
1
883
1
2
1130
391
1
394
1255
1
2
136
1
1
129
1
2
1
1
1
1
1
2
1
1
1054
1
638
1
1
1
1300
2
1
755
1
1
1
1
526
280
1
1
1
1
1
1
733
1
1
1
412
1
256
1
1
2
2
1
1
1
989
132
344
92
194
147
1
1
2
393
1
1
1038
361
163
475
1
1
1
1
1
1
1
807
1
191
1
2
112
2
267
1281
1
1
999
1
1
1
1
1
466
2
1
61
554
1
2
1
1
1
489
2
1
788
1
304
1
1
1
1
1
2
1
496
1
1
1
1
288
1
1
323
1
90
1
3
763
836
1
2
1274
1
348
2
1
198
14
1
206
1357
1
1
1
1
1
405
836
169
1202
1
1
1
1
1
356
1
1
1
178
2
1220
118
2
749
1
2
434
1
1
1
205
1
1
1
1
7
1
1
1
1
558
1
1
1
1
221
2
993
1
1
1
868
272
1
159
1274
542
938
447
1
1
1
634
1
218
1
2
1
1
1
1
1
1
1
1
689
1
1
1
1
2
672
1
3002
3238
1
479
1
1
474
1194
1
1
1
1149
1
1204
1
1246
1
342
1
1
1
764
1
1
1
757
1
992
992
2
1106
895
1836
1
2
505
1
515
885
1
292
1
1
1
2
363
1
829
1
1
1
1186
1
1
342
45
1
1
1117
1274
1
1
1
595
1
2
857
1
1
1
258
1
293
2
1
235
1
1
1
1
1
1
1
716
1
1
1
1
1091
1
3764
1
2
1
1
1
1
2
1
765
2
395
29
1
1
8
4
570
167
1
7
901
2
1
1
974
35
99
698
1
1
1
662
1
1
879
350
1
2
1
1
1
1
484
1253
1
1
1
1
1473
1
1
1
177
1
1
961
1339
1
758
1
1
1
776
1
2
1
1
1
1
266
1
1
1
203
1
1
710
1138
1
1
1078
1
1
339
692
1
254
1
1097
1026
1
680
200
1
1
1
1265
280
1
31
2
427
1
648
1
1
682
829
1221
1
56
136
1
1
1
1
481
2
1
1
1
170
1
1
1
1
3308
1
1
1
2
1
1
1070
1
1
1
1
676
178
1
1049
834
340
137
1
849
1
515
1
1
1
489
1
1
438
1
612
1
1
1
1488
472
1
1
1
1
1
1
1
1
833
299
460
1350
1352
494
1
1
1
374
1
1
1
1
1
582
1
2477
51
332
1
1
1
1
1
527
311
2
1
1
201
1
1
197
1
448
224
2
1
1
1
1
1
1
1
618
71
2
1
1
203
1
1
1
1
119
1
1
1
1
2
1
2
155
1
1
1334
1
1
1
1
2
1
1
2
2
68
1
1
1198
821
1
1
1
1
1
452
1
1
1
1
1
1
1
1
1
1
1046
1
1001
298
1
1
1
1
1
888
1
1
1
1
1
1
1
315
1
1
3398
1
908
1
2
642
1
1
1
1
1
764
1
1
1
1
149
827
1
98
1
1349
102
1
633
2
1
1
1
129
1
1
730
1
1
1
2
1
1
1
1
706
1242
154
1
1
1
1
1
338
632
744
1
521
99
1
2
1
1
1
2
1
1
349
414
1
1
557
1
398
893
1
247
379
1
1
1
524
1
1239
1
28
1
1
1
1
1
1
498
249
551
1
433
1
1
414
495
227
1
1
1
593
1
1
1
150
673
24
1
1
1
1
838
1
359
249
1
1
1108
1
982
1
1
1
1
491
801
1
851
156
1
1
1
1
1
1235
1
1
1
1
1
487
1313
1
847
1
1
1322
347
1
740
1
339
1
1
43
1
1
1140
1
293
1
1
1
1
614
1
1
2809
1
1
1
1
1
148
1
298
457
1160
32
1
2
1
1
2
354
1
142
1164
1
320
456
1
880
1
369
113
1
1
1298
356
1
2
1
1
1
1
690
315
2
1
1
1
1
84
638
2
1
579
605
1
1
213
1
1
2
1
1
1
2
252
1
2
1
1062
888
1
1
111
1
1
808
386
1
1225
1
1
1
1180
153
509
1
1
2408
1
1
1
180
1
1
1
1
32
1
67
1
1
1
1
1
1
751
1
1
1
2
1
1
490
1163
1
777
1
1
43
1
2
1
1
1
1
1
365
1119
1
2
1
1
1
912
1
1
1
1
190
1
1013
925
1
1
1
1
1
283
196
1
1
1120
256
1
1
1
1
1
691
1
1
483
689
357
1
1
2
1
1193
1
644
1
2
1
1
1
1277
1
870
795
1
1
557
2
1
188
1
334
1
1
1
1
173
1
1
1
1
603
1
1
1
288
1
1
1
1
1
877
217
1292
1
1
743
721
1
1
1
1
1
825
1
1290
1
1
519
1
1
1
1279
683
1
287
1
1
2
369
441
2
1
1
1153
1
53
1
260
1
781
1
1
1
781
1
1
1
1
1
1
1
1
1110
1
1338
1330
407
1
894
1
239
559
1
1267
974
317
1
1009
1
2
1
1
1
1
35
1
2
1
1215
1
266
996
1
1
1
1265
1
1
1229
1
1007
1
2
402
1
1
534
1
839
997
289
1
120
670
611
418
1
256
157
86
1
1149
1
1
1
1360
1
1
1
1
403
1
1
893
1
473
1
1
1050
1
127
1
346
194
1
1
873
1
1
1
1
1
230
1
1
308
1
1
1
1
1015
301
1
1
1
1124
1323
1348
1
745
1
253
154
271
1
1
756
1
1
1
2
1247
225
1
848
571
1
343
1
1
1
1
1
43
1
46
2
1
605
1
390
1
1
309
158
1
1
1
434
1
1
1
1
651
685
1
1
2
874
1283
401
1
1
436
1
1
1
634
1
1
746
1
1
1
1
227
1
1
133
1
1
287
1
366
172
1
1
1071
1
1
1
1
1
1
1
150
451
1
1
119
195
221
994
450
1
1
2658
1323
2
1
181
1
646
1122
1
469
579
1
2
1
1
1
1
1
1
2
965
1
1
481
630
1
370
155
1
519
2
1
1
2
155
1
1
1
304
1
1
433
904
2
2
1
1
955
1
1
1
234
1
1
5
1
1
1
1303
2
2
1322
1
1
1
1
269
1068
1
551
637
97
1
1
24
1
161
111
847
196
1
1
2
864
1
1
830
1337
1
2
1
1
1
124
1
514
21
642
1
726
1
1
242
1
579
179
741
1209
1
1
1
1
1
1
1
1
433
1
1
125
1
1
837
263
37
1
1018
1
1
1
1
1155
2
1
845
1
321
1
1
180
59
3298
954
1210
219
1
490
1
1
1
1
779
236
1118
1486
40
692
129
1015
1
1
2
1
214
421
1
1
2
1
1
1198
1
1
1
1
429
1
556
1153
213
828
1
1
372
1
100
1
756
596
72
1
76
1
748
1
1160
1
1
1
353
1
1
1304
711
1
1
1
203
1
1
1
471
1
2
139
1
1
1
75
889
457
379
1
202
2
4227
592
1
1
1
1
305
1300
1
1
2
1305
1
2
1
183
1
1
1
1
804
355
1
1
460
2
1
1
1
1
1
1
1
1
1
266
1
1
64
1
1
1
168
327
943
1
313
1
1
239
2
1
77
1
1
1
1
1322
1
1174
1
864
1095
545
957
1
1
1
317
1
33
1287
1
1
1
1
1
514
1
785
474
1
355
542
1
1015
810
1848
2
1121
1
1
1
927
1
1
1
800
933
757
1
1
1
997
1
1
244
2
178
2
264
1
327
1
1
1
844
1
1
1
1
1
1
1272
1172
1
1
3999
1
1
467
279
1
3939
1
675
1
51
2
487
2
1
1
1
1152
240
1
1
1
92
2
1
1
775
1
1
1
1343
412
743
1
1
23
157
464
1
626
111
1338
469
1265
1
671
1
1
484
1
1
2
1
1
1016
1
1
1
653
1
1
1113
1
1166
1
2
547
1
1
1061
1
161
1
112
1
1
273
2
707
105
1
1
955
166
96
1
442
1
1
1
1
1
1
668
949
1
1
1
1
923
1
1
523
1
40
911
1
1
927
1
36
996
1
1
460
1
1
2
1
1
106
1
1
888
1
1
1
1
1
786
1200
1
1
442
496
1
865
627
1
1
535
284
1
748
1
814
1
1
1
891
1
755
1
1
1
1166
1
1168
1
1
1
1221
1
1
2907
882
754
1163
1
1
406
1
1
89
1
1
321
714
84
1
1
1
1181
720
1
1
692
2
1172
482
1
700
588
1
1
1
99
202
1
1
1
1
824
639
508
1
226
1
1
2
608
1
1
1
1
158
1
984
1
1
223
1
272
1263
1
1
140
464
2
1
829
688
1
1
1
1
88
1099
1251
1
1039
999
1
2
1
1
947
1
661
66
150
1088
1
1
45
1
2
1196
1118
348
345
320
1
47
376
1
1
1
1
1
1
247
1
1
1
1
1
1
1
441
17
1
1199
1
398
1
632
1
2
2
762
1
546
1
2
580
1
1
1
1
1
1
1
1
1003
1
830
773
1
1
978
1
1
1
1
375
221
430
37
428
1
44
1
1
1
102
434
693
2
1
7
1
731
205
1
1
1
1
1196
454
1
1
1
2
574
1
81
1
307
1
315
843
1
356
1
2
1
1
1
1
1
1
1
1
483
329
415
716
1
1
1
193
695
2
1
1
1
166
6
1
1
1
1
1
1276
433
1
2851
114
1
1
1
1
1
738
2324
1
164
1
1
421
1
1005
1
1
196
1
1
1346
138
1
1054
1330
522
131
1
1
656
1
1
1
1
1
1
1092
1
1
1
1
1
108
339
1
1
139
703
149
1
1
1
1
1
1
1
232
483
398
69
1
803
1
1
1
1
1
1
1
655
1
1
1
643
258
824
1
1
94
1
705
728
1056
1
1
1
1
420
1
1
1
1
1
2
269
1327
1
1303
1
1099
1139
919
1
1
2
1
1
1
1248
1
1
1
248
1
267
1
738
1
257
392
1059
1
1
1
1
1
1
1
1
1065
308
385
1
1
1
1
842
378
25
1
1
1
1
2
1
1
1
1
748
1
1
44
214
2
766
1
1
1
1
1
1
129
1
1
1
1
1
1
1
2
2
2
1
1
1
1
1187
1
1
273
1
2
326
830
1
827
332
1
175
664
830
1
1
2
2
1
21
100
333
1
604
1
1
1
1
2
1
1
605
502
2762
13
906
1
1
1
1039
1
1
1
1
1318
1
454
938
1
1269
726
2
1
569
1322
1145
1257
1
957
1
1
1
2
2192
1
1
412
453
27
1285
1
1
656
1
1
1
1
2
1
1
1
1
1238
1
1
1
1
432
1
1
1
1
1
1
1272
860
171
1
1
1
3
1174
1210
1
1
5323
1
1
103
568
607
1
1
641
388
1
1
1
467
1
1
1
1
1
1
233
1
80
330
1
1
1183
1
1
630
1
987
387
1
990
1
1
85
1
1
1
124
200
359
2
1
91
36
254
1
1247
1
1045
268
2
1353
1
50
772
562
2
1
204
1
484
2
1
4085
2
2
1
1
1
713
1300
1
1
299
1
1
1
1139
1
1
1
152
1
282
1
1
599
1
1
1
2678
1246
1
1
1
1
725
1
1
1
1296
651
2
589
2
1
1
1
1
1
187
1
1
1
629
1
1
1
1
1
1
1
1
167
1
1
75
1
492
270
616
4378
395
1
1
1
381
1
1
1
1
1
683
1107
1
1
3
480
1
1
1
517
1
431
194
1
2
832
1
781
491
1
190
819
1113
360
327
770
277
3275
2397
1
2480
1
1
1
1
1
1
1
1085
1
1
1086
1
1
1
1
566
1
1
1226
1
1
1
1
1
1
1
1
1349
1
2
840
2
1
1
167
1
1
2
132
298
1
1
1
486
403
1
1008
1
1
1
1316
1
12
1
1
1
1
1
1
1
1
1
1
846
1
1
1
1
1
113
1
1
1
1
1
1
1038
1
202
1
125
1
1
1079
108
1
1
1
1
1049
1
2
1
1
569
1
1323
1
136
1
1
1
1
1
1
630
1
2
1
577
2
1
158
1
1
1
1
1
1
48
136
1
1
1
1
1
765
1204
1232
149
1031
1
429
1
1
1
2
1
1
1
1
1205
1
1
1182
1
432
1252
1
2
1
1
1
2971
1
1
1
757
1
1
2
1
1
1
274
171
1
230
1
1
5
1
2
1
1289
1
1
1
1
1
1
1
2
1113
261
1
1
275
1
1
1209
1
1110
1
173
1
495
1098
1
1
33
1
1
1
600
1
1
1
1079
1
24
1
1
1
1
1
512
386
1
1
1
1
532
813
1
1140
968
1
1
1
409
1
178
1
1
1
1
1
1
544
1
1
1212
261
1
1
157
1
1
1
930
10
1
1
242
2
646
1
1
988
1
815
2
1
561
1
654
303
547
1
2
1
2
1
1
1
1
1
1216
1115
961
823
1
1
1
1237
1
740
134
1
2
1
1
2
1
2
1
1
1
1
808
778
677
856
1
1
1
1
363
964
1
735
1
1
1
1
1
1
1
750
1
1
571
1
1
1031
1
106
502
1
229
817
517
1
1
1
1
2
587
517
1
438
229
1
58
1
1
695
668
1
696
1
949
550
1
1
1
720
1
1
1
282
389
1
1
1
462
176
1
1
1
346
1
1
1269
1065
1
1
447
1
1
1
1
997
1337
190
2
1146
1
323
1
104
31
1
1
143
2
1
1
1
1
253
394
1
1
1
1154
1
1
1
680
1
657
63
1
12
1
474
212
1
1
3443
1
21
1
1
1
1
501
1
1
1
1
230
88
1
1
505
1
1
1
1
1121
1
2
1
1
255
1
1
726
1
1914
1
2
1
2
1
1
1
1
1
452
891
1
1
1
1
269
1
253
1
845
1
1
1
1
919
1
1
2
1
1
1
1
261
1
1
775
1
1
1
1
1
1
1
1
696
156
1
845
1
202
689
1
1
1207
2
1
773
243
940
547
1
1
1
563
1228
1
1
170
1
797
1
874
193
1
1
1
1
1
1038
1
1
1150
1
1764
1
1
519
2
1
1
1
1
1023
1
993
1
1
1
1
1
593
1192
1
161
2
1
442
2
592
218
1
1
1
1
232
1156
1
1
1043
240
1
1356
1
1
1756
651
255
1
1
1
517
1
1096
321
1
377
1
2
1166
1
1
1
968
1
1
229
1
326
1
1
1
428
1
1
1
1
1
2
1
1
1
1
1
1053
1
252
1
2
766
1
1
2
450
1
1
1
1
1
103
1
1
315
297
1
918
434
1267
1
1180
1
1
432
1301
2
92
1
1
12
1
1
230
65
1174
1
1
1
103
1
349
1
1
1
1
1
1
681
1
1
541
1164
1
1309
1
1346
2
1
374
770
1
1
1
809
1
764
475
1
856
1
1
708
1332
1
1
1
1
24
1
708
136
1
1
2
971
1
822
1
1
396
1
1
1
1
1
1
1
1
1
522
1069
1
844
1
1
921
304
379
2
1
1218
1213
1
1
850
1
544
1
1
104
1
1
455
1256
1
1
1
283
1278
1
1
1
1
1116
711
1032
340
1
1134
1
178
5820
1
1
1
939
624
1
1472
1
910
1
2
1
1
1
104
1
1
1
1
1285
2
1
1
1
1
1
185
1
1
1
361
963
1
692
1
1
1
1
1
1
1
2
1
724
1
1
1
1
1
2
2
1
132
1
358
249
1
1
2
1
1
1
1
1
1
1
1
1
1
1329
1316
81
1
1
1087
1
573
1
286
133
762
1
226
260
1
997
2
1
2
649
643
2
2
1091
1
1337
1
21
1
557
1
1
1
411
1
1
388
73
1
1
90
1
472
1
1
1
76
1
1
1
267
1
1
1
1
767
508
1265
1
1
1
39
1
668
174
414
1
1
1
1
617
717
1
782
1171
176
135
1
1
426
21
1
1
194
1
265
1
1
1101
1
602
1
738
1
477
1
1
58
1
1
1
1
1
93
1
1
1
1
1144
851
1
1
1
1
1
1
1
1358
140
1
987
43
909
226
1
1
1
1
679
1
1
1
1
218
1
1018
450
662
477
1
1
1244
1
660
2
1
1
1
1
321
1
1
1
1
1
1
1
1290
1
1
769
1
1
1
124
499
1
1
283
1
1
1
2
2
1
1
1
390
1
3
1
2741
1
1
1
3151
603
166
1
1
1320
1
1
1
1
1
1
1
2
1
1
1
1
1
2
1
799
936
548
1
584
1
1
1
1130
1
1
1
1
1
447
160
1
6
351
340
1
887
278
1
1043
695
1
1
1
1
1
1
1
1
244
460
1
549
1
1
1
188
470
1
1
1
1
1
1
1
1
936
716
15
507
26
1
1
2
382
1
914
1
959
1
1
1
1
1
1
1
30
1
4
1
1
1
1
1
720
1
449
1
312
1
1058
1
1
1
1
566
1
1074
3
2
1
1
1
1
590
1
1
1
521
1364
1
1
879
1
2
1
630
1
1
1
660
1159
1
1
178
81
1205
248
1
1
2
374
1
1
1
827
1
2
1
1
1
1
1
2435
116
616
1
1
522
1
1
568
1
1
1
963
19
352
49
1
1
1
1
221
138
1
1
1
1
1
1
1
1
1
865
617
1
1
1
1
1
1
1
117
1
1
1
805
720
1
501
1358
125
1203
124
1
1135
1
231
1
1
1
1
1
2052
1
192
830
733
684
1
2497
1078
1
2
1
1
569
312
415
399
1
302
100
1
1
1
1
1
784
1
2
1
1
1
1
1
319
1
1
557
2
1
1345
276
155
2
384
99
1
1
64
1
417
801
1365
1
1
1
291
1
609
1
1
1
1
761
793
579
1
742
709
1
1
463
1
386
1
1
364
1
1
1
1
1
1
1
1
1
1
1
2
1
1358
346
258
1217
1
2
103
1
1
1
170
1
1
1
1
66
1
154
1
1
1
1
1
465
159
1
92
1268
1
1
1
1
1
1
1
81
259
1
1
1
1
1
1
1
1
2594
339
4575
498
1130
1
2
1
2
2
1
610
1
540
210
423
1
340
1
2
808
1
1
378
1202
1
884
2
645
181
677
1
1
1
1
1
269
1
1
1
1
1
1
1131
1
1
1
1
1
1
1
1
829
1226
1
1
1
1
1
1
1
612
1
1
1
779
3
227
2
2
1
1
2
987
2
1
1
1
1
656
1
894
730
1
2
1350
1
477
2
1
1
1
1
18
1
1
532
1
1
1
1
1
1
328
1
1
2
1266
1
1
1
2
1
2
1
1
1319
1
410
225
108
1
1
1
2969
1
336
1
349
255
1
1
937
1
1
1
1
1
1
2
137
1
1
166
1
48
1
2
1
1120
1
1
1
509
1
957
1
1
1159
872
569
1
588
1
1
1
523
1
1
36
1
1
1
2
1165
1
2
1
1
1
395
1
220
1
1
1
2
1219
1
199
853
1
1
1
904
1
1
268
1
134
4543
1
1181
245
234
1
1
92
342
680
1
1
1
1
1
1
1
1
1
650
1
1
195
1
907
1
1
1
628
1
603
1
1
1
1
2
782
1
1
1
252
1
204
851
1
705
1
1
1
116
1
3
1
1
1
1
1
157
1
1
4968
162
624
1
225
126
1
1
805
1
1
140
301
2
1
2
1
913
2
779
1
1
2
1
694
1
55
71
1
799
852
1
1228
1
981
1
65
1
645
1
172
761
1
1
1
2
1
1
1
1
2
63
1
1
311
1
217
229
188
65
223
30
1
482
2
1
1
1
2
1
548
1
1
1
1
1
5
9
1
2
1
611
444
634
1353
1
1
1
475
53
1
246
852
1
63
1364
1
1
1
1
1
1
1
1
995
612
1
1092
1
309
1892
355
650
1103
508
1
55
1
2
2
170
1
37
1
1
1
300
467
1
1
1
1
801
694
475
1
336
1
1
1
803
999
1
1
1
1
313
1
1
399
1148
856
438
1
437
176
1
1
1
1
39
1
777
857
1
418
2
1
1
433
2
755
2
1
1
1
1
17
1036
1
1
1
1
395
597
1
1
1
1
36
500
2
1
702
391
1
982
1
1
1
1
982
1128
2
1
1
108
1
696
1
1
1
1
297
251
853
1
834
1
3
71
1
2
175
1
30
676
1
1
1
2
2
1
2
2
108
1
1
1
1203
1
667
1
1
7050
1071
1
1
315
1309
1
2
1
1215
1
1069
1
647
153
1
1
149
406
1
2
1
353
1
1308
1
1
1
1
1326
366
1
219
42
54
477
1
1
631
1135
1
1
263
2
1
1
1
1
1
321
702
992
2
1
822
1
1
1
1
2
1
1165
1
1
208
984
2
1309
1
1
1
1
1
1
1
1
1
1
505
1265
809
1
696
68
1
1
328
405
1
636
68
1
1357
351
1
2
1
1
1
1213
2
561
1
1250
1
1
1
1
1
1
1
1
682
1
1
1
1
1
1
1
1
276
970
1
1124
1088
1223
1
621
1270
541
2722
1313
384
1
1
1
706
974
392
1
625
428
849
1
1
333
1
385
2
112
1
1
43
1
1180
2
82
1
1
1
1
883
1
849
30
1
546
1
1
157
1
1
1
432
296
1
1
1239
1
1
1
1
1
908
1
1
266
971
1
1
1
2
1
2749
794
34
324
1
1
1
1
1
1
996
1
1
1
1
1
1
38
1
65
1273
1
1235
5
1120
778
1
2
2
17
996
1
1
3217
1
1
1
1
156
1
1
806
255
1
2
1
521
1
1
1
1
1
904
2
2
1
1
1
1
1
1
1170
757
1
1
1
1333
1
1
1
359
1
1
1
1
2
1
42
1
462
2
1
1
1
2
1
225
1
1
1347
2
1
668
1
1
1
1
1
1
1
113
180
1360
1
573
488
1
560
2
1
1
226
1
706
1
1
675
1
2
1
825
559
1
1
1
1
1
1
1
117
1
1
1
1
627
934
2
532
2
1
1
1
814
609
1
1
1
2
1
1118
1
426
1
1
1
1
1
1
1
901
1
205
1
1
1
4448
1
1
1003
1
1
1
1313
1
1
1
1008
1
830
1
520
1303
67
2
1
454
1
109
1
1
1
625
269
1355
1
126
1
1
1
516
1
1
1
916
1
1
212
114
770
1
1
1
1124
2
1
1
1
64
1
1
24
6
1
1
877
1
1
1
603
74
347
1215
320
308
902
1
923
1037
1262
1
2901
1
1
1
1
727
1103
1
997
1
1
1019
833
1
1
1
1
38
1
1
1
1
1
1
1
166
1620
1
1
2
2
1
179
1
1
1
1
1
971
1
1
97
27
1
1
199
639
800
1
1
462
1
1
1
364
261
1
74
425
442
769
1
1
2
1
376
1
444
1
1080
1
2
2
1023
130
1234
1
1357
1
1
1
1206
1
1
102
268
1
1
2
70
2
1
1
1
1
1
68
2
741
740
1
58
2
1
1
2
1
1
2
981
1
1
1
1265
1
1
1326
1
1
1
1
1
312
1
1
1
1
1
373
22
1
1
384
1
1
1
1
1142
868
1
1
94
148
1
1
719
510
1
976
1
1
1
378
1
1
1
1
147
1
485
365
1
123
1
1
257
1
421
1
1
145
1
1057
1188
1
350
1
4
1
1
1
1
1
572
1
1
1
1255
1
1
870
776
1026
1
2
1
863
1
1
1
1027
1
1
1
1
1
632
1
3
1
1201
1
1
15
1
1
1
1
514
1
365
915
1
1
1
684
1
1
1
1
604
1
1
1
1
652
956
608
1
698
1
1
1
1
947
1
1
54
1
1
1
1
1
1
1
1
1289
278
1
294
1
630
2
116
130
221
1
1
1
1
1142
2
2
1
618
1
1288
1167
329
1
2
1
1
1089
1
505
1
1
1
1
66
2
1
1
1
1
1
4
1
980
1
1
1093
1
1
859
1
493
106
379
1
1048
544
1
1
1
1
1
1326
1
262
125
1
1
111
1193
140
1
828
319
100
309
434
848
1
1
545
543
1
581
1
1
1
2
1
1
1
1
1
1
246
538
501
1
452
991
307
1
225
1
1
1151
862
1
1
983
1
1
1
1342
1
1
582
1
218
1119
2
1
974
1
1
1
376
1
1
1
1269
1
1
1
1
1
728
1
1
1133
1
1
1
1
1179
1
1
1
1
1
1
2
1
1
1
1
1
236
1
712
898
22
1
1
1
1
1
662
1
1
961
54
866
1
346
761
1
1
1
1
1146
1
1
147
292
2610
364
1
884
1
1
1
1
3
344
360
2
1
1
875
1
1
1307
1
701
1
1
1
2
1
945
1
183
1
1
1
926
241
1
1
1
1
1
4
1
53
479
1
1
1293
1
1
379
1
1155
1
1
1
1
2
462
1
1
880
974
4356
1
1364
782
809
1
64
518
1
1062
1
42
1
1
1
1
1
916
1
2
2
776
1
1
1
119
2
1
1
1
1
1
1301
1
1
1
1
771
1
1
1
1
1
789
408
47
334
2
1033
1
5514
1
1
646
26
2
759
185
1
1
123
316
662
976
1356
1
1
2
1
2
1
1
1
1
1
1
1
1344
661
633
2
1
1
1
557
896
13
1
3
873
1
1
19
529
1161
1
1
1
1
1159
902
186
694
1
1
1
1
548
451
1
1
35
1
2
1
1267
1
1
605
233
1
195
1
1
174
1
1
1
1
1
1
782
1130
1
1364
1
1
133
1
1
1046
1
1
89
2
1
718
1
701
257
217
867
185
1
1130
1
1167
443
322
52
1
1
1
1
89
243
1262
540
614
1
1
236
933
1
1
251
629
1
704
1
409
1
1
1
1
1
1
1
1
890
1
710
1
1
465
438
1
1
104
1
873
197
1
1
1
1069
1
244
1
169
1
1
1
1
297
1845
1
588
1223
1
1
1
1
651
1
1
1
1
1
750
1
1
1
2
1
2
1
896
1
1
233
558
88
1350
1
1
1
1
1
1
305
1164
153
1
1
110
767
1
1
1
1
1
1
1
1129
1
1102
1
1
1
1
1
1
1
1
1
1191
1
1
1
154
111
1
1
335
1
1
1177
1282
530
71
910
526
1
64
729
655
1
1
1
1
1858
779
401
1
1
1
1
1
1
1
1
2
414
1057
514
5798
127
1
656
1
1
1
1282
800
1
791
418
797
1
863
1
1363
1
1
1
458
1
1
1
1
515
1
48
1
1
1
1
752
1
1
1
1
652
1
1
1
979
1
165
1
1
3196
347
1
1132
647
1
1
1
1
1
1
1
1
1
317
1045
1
245
1
1
1
1
1286
148
786
534
1
2
1
1
1
5953
1
441
34
2251
1
1
1
1
459
1178
1
1
1
1057
104
1363
507
2
1
1
270
1
5
1
2
1
1
281
1
1
2
1
1782
2
1
1
1333
1
402
1
2
1
1263
1
2
664
1
1
1
1
1
1
378
1
365
1
1
1
211
1
1
448
1
233
1
75
1
1
1
1
1
1
1
1
1
1
1
1
1
1
2
1
1
1
663
543
782
1071
1758
1169
1
158
1
1
1
1
944
133
1
82
1379
1
879
563
1
42
2
218
171
1
959
108
1
1025
2
1
1
614
1076
849
1
503
1
239
2
1
910
247
865
1
1
1
1343
1
244
162
893
1
1
1
1
511
1
413
1
535
1
211
987
1
1
1
1
1
1
1
493
1
1
1
1
1
346
1
1
13
802
1
1
580
1
509
92
1
509
1
1
1
256
58
1
1
132
1
1071
1
1
1
793
1
457
661
1
1
65
1
1
1118
1
1
529
22
1086
1
1
2
1
1
228
1
35
1
1
1
2
1
1
514
2
1
2
1
1
1
1
1042
756
1264
2
1
1
1
1
149
1
1
1
237
1
617
1
523
661
1172
1
1
1
1
11
147
1
718
1
2
227
274
580
720
2
1
570
2189
902
48
120
1
551
1
2
1
1
1
1
3
2
987
1
1
1
1
1142
662
1
1
1
1
49
82
1
896
838
1
1075
956
2
1
1
1
2
783
681
1
1
323
1
311
2
2
228
1
1
1
66
1
1
1
2
1
2
1
1
1
697
1
883
1
2
1
1
1
1
85
2
1
1010
1
1
100
1
1
467
1
1
1
1
1151
268
336
406
1
1
1
1
2
1193
204
2
1
1
1
2
1
1
2
1
1
1
1
1
1
1055
1243
1
105
1232
1
1
1
1
1
1
1
1
854
1
1
42
1
1
1
427
1
1
1
1
1
1
2
1
292
1
1
1
1307
1
1
1
2876
655
60
1
1185
2
101
1
1
1
1
591
101
6
746
1
1392
887
2
2
1
165
481
1
1
1
1
417
1
1147
1
1
1
643
1
23
1
2
1
278
1
1
1
1
1240
261
860
1
1
160
915
1
498
1
1
1
227
954
1
1
675
257
770
1
1
833
1
1
1
1
1
126
1
1
1
673
1
476
352
1
2
1
1
1116
1
786
1
1
910
1
350
1
1
789
878
1
712
444
432
690
1
1
2
2
1
1209
1
1157
2
1
817
195
1730
1
1
1
2
1
307
894
1062
1
152
1
1
1
291
1
1
244
1
1
350
1
513
1
1
1
1105
1145
1
1
1
1
1
1
1
3
295
1
2
45
593
1
103
522
1
2
1
1
1
1
222
1
481
1
2
33
1
1
1
1
1
2401
566
959
1
478
1
21
1
1
2
581
1
769
2
1
1
1
1
1
308
239
1
1
1
2
959
951
1
871
1
1
494
120
1
522
1
1
1117
115
24
1065
19
1
1
1
1
1211
418
1
1
2
1
1
1
1
1
250
804
1073
1
1
95
1
170
1
172
1
369
1
42
1
186
969
1
1
1
390
303
809
1
785
1
96
290
1
1316
1
1
1
1
1
257
1304
1
192
867
2
1
1
1048
1
566
111
1
1
253
1140
1
1
1
1266
1
1
1
1
1
1
1
1
1
1120
1
1
468
1
1
1243
1
1
1
720
1
1340
1
1
1
1
1
1079
1
1351
1
1
407
264
1
759
1
313
2
1
1
873
1155
1
314
1
2
1
1
10
1
1
1
1
1
707
457
1
51
903
1
891
1
1
1
309
1
1
1
1
1
741
1
1
1
1
1071
1
1
1
1
1
1009
643
1
288
797
967
1
771
2
2
1
1
264
1
1
484
1
1
1
1
1
1
113
1
2
1
1
1
1
240
586
320
218
188
1
1
1
737
39
466
1
759
1
1
1
5632
1
1
1
1
1
1
1
1
1
1170
1
1
1
1
948
824
1
686
142
1334
1
981
1
1
1
1
204
1
1157
1
3430
1
1
1
5
1
1
474
1
287
1
1
1
319
2
3245
1
1
210
768
160
286
4
1
1
333
1
1
1
1
1
546
1
1298
1
1
846
1
1
548
843
1
1
1987
1
5
1
1330
1
1
1
1
1
1
673
1
1
1
765
1
46
1
24
376
1
865
1
1
399
653
1
1
1
282
834
299
1
1
797
1
2
2
1
1
1171
1
1
1
1327
1
172
683
1
1
1
1
1
1
318
92
1
1
529
1
1285
1
1
1
2
1
1
1
1
1
2
1
1
1
1
1
1
1
1
1
214
1
1
1
268
266
1
113
1
1
707
3
1
463
1
1
2
1
1
3256
1
708
40
1
1
614
623
1
1
1
1008
1
1
1
310
1
1
1
1
1
1
1125
719
1
1
1
1
688
1
1
2
73
237
1
1
445
1
1
1
1
1
2
199
713
1
1
1
1
1
545
1
1128
137
1075
1
1
404
444
1
155
1
1
2
213
1
429
1
632
308
1
1
1
1
1
1
1
13
225
885
287
400
455
1136
1
871
463
1
1
1
1198
49
2761
1
1
606
1321
358
1
1
1
2
1
115
1
1040
1
201
1
1
2984
1
1
2
2
209
1
1
1
1339
1
1
1
512
1
694
1
502
371
1017
1
1182
233
2
1
1
1022
12
1
1
1
1089
791
1
707
1
1
1
2
1
1
1
1141
1
1
65
1
2
1
1
1
1
912
1
1
1
2
1
1
1279
54
2
409
912
1
1112
1
1
1
1361
131
1176
50
1
173
586
884
2
1
1
1
1
1
612
933
1
1
862
1
2
1338
1
763
1
298
1
912
311
1
1
91
2
1
1
12
1
2
2
57
1
1
72
1
1043
2
1
1091
701
1
1
1
162
1
1
35
2
1
1
30
1
1
507
1
547
1
1
1
650
416
1
1
513
1
1
1
9
284
1
1
1
1
1
555
1
451
1
1
439
359
1
1292
1
143
622
1
1
1
2
687
402
2
1
1
1
1
1
2
1
1
1
1
1
688
1
1327
1
1
1
1
574
1
1
1
493
74
1
536
1
1
2
1
752
765
197
1
2
2
1
202
1
1
1
1
59
1
1204
2
1
461
519
1
471
2
1
1
1
1
1
55
1335
1
1
1
1
1343
1
1
1
639
1
1
1
1
1
1
79
1
1
1
1
1067
590
2
339
136
1
34
1
1
1
1
1
850
1
1
1
1
1
219
2548
112
205
1309
1
308
1
787
31
1
289
2
1
1
2
1
1
1
1
878
1
947
1
328
538
1
1
1
1
2
1
1
1
224
1343
136
1
2
674
794
1
1246
1318
298
1
1
1
1
1
567
242
2
1321
1
1
1
309
1
1717
1
1140
627
1
1
1
1
1
1
1
1
1
1
1
1
36
152
1180
58
1
1147
541
1
1
433
1
1
740
377
1
570
1
1021
353
3605
1
1
1
1
1
535
1
1
2
1105
1
1
1093
1
1
721
1
1
1
1
1
2
1049
1
1
2
1
18
2
1
1
1
1226
1
1
723
211
1
1
1
1
1
1
1250
1
1
1162
1
667
1
379
302
1
57
1128
1
1
178
150
1
1
1
290
944
1
1
1
492
1327
969
1
1
1
2
770
1
1
1
398
1
1
202
1275
1
1
68
576
1
184
1
1171
1
959
538
1
1
1308
1
1
1
2
1
1047
1
1
1
471
963
347
799
1
1
462
1
1
1
1
1
1
1
1
295
487
898
1
266
1093
1
1
1140
1
874
413
1
1
336
1
1
2
1
588
1
1
160
1
1
1
1
1
1311
1
1
35
1
1
1
339
409
1172
1
1
17
1
1
1
1
594
1
1
1
183
907
842
394
1112
44
1
1
1
1
1136
1
153
1
1
1300
1
1
5
1
1
1
2
1
690
1
1
13
1
1
1
1
1
2
1
1
1153
1
1
1
1
1
227
447
1
898
1
920
457
1
1
1
1
550
1
541
1
239
1
181
1
1
1
1
1
1
1
1
1
1
1199
359
1
16
1
1
1
298
1313
2
1
626
1
1
1
596
1
1
1
1
1
1
1
1
1
1
1
1
18
1
1
163
1
1
955
799
285
1
1
1272
1
1
1
1
345
968
1
345
1
1
1
1
1
2
1
1
1
2
1267
1
1
1
1
1
1
282
829
1
613
337
1274
1
87
1
154
1
1
1
666
252
994
1
392
1
882
663
680
1
1
1
997
2
1
750
1
2
1
1
1
817
1209
1
1
1
1
572
1
1
854
1
1
1
1
1039
1
1
1
1
1
1
1
1
830
1233
1
1
245
537
453
1
1
1321
1
2
1
173
716
158
1
1
1
1198
1
1
426
1061
216
1
159
278
1
1
2
19
1
1
1
1
584
1
1
1
1
1
1
1
1
146
1
2
280
1
256
2
2
1
1
242
1
1
1
1
1
389
1052
1
1
1
158
1
1
1
924
1
474
1
1
6218
724
1
1469
1190
1
621
1043
1
1
1
1
1
811
926
1
2
291
1
1108
148
1
2
569
961
881
1
1
1
704
1
1
1
1
164
1
451
818
1
1
1
1
1
1
7
704
1
315
630
37
118
1
141
1
1
467
902
1
2
1
1
1
647
2
1
1
1
1
1
1
1
1
5
971
1
1
1
5
1125
1
1
1
1
621
1
784
1
1
1
418
1
953
1
376
1
1190
165
1
1031
1
1
1
1
1
1
1342
1
85
1
1
510
1
1
315
284
130
691
465
558
38
1
1
1024
1
1
80
291
1
1
454
1083
279
1
1
925
1
592
1
1
121
1
1
1
1080
147
896
2
1
1
1
1
1
1
1
65
2
1
924
114
1208
1
1
1037
1
1
55
276
1
1
1
502
1
1
1
1360
1
1
469
1
111
61
1
1
1
1194
1
1
610
1
51
835
957
162
757
111
1
1
1219
108
1
1
1191
703
1
2
754
1
1
964
1
918
1
1
200
1
1
219
2
3
1
1262
2
1
733
1
934
1
1
1
1
1
500
1
2
1
1
198
1
1
1257
1
1
1
1
1
2
506
103
2
879
1
1236
1
2
1
1
1
1
1
1
1
1
419
1013
1
1
1
290
1
2
700
1
1
1
1
1
3
838
1
1119
1
1
1
1
1
1272
2
2
2
1
1
1
1
363
153
1
1
684
1
662
970
1
1
1
1
1
969
1
1
2
2
1246
1
898
785
1
321
226
1
1
1
261
1
2
695
1
1
667
1089
700
1
1
1
1
1
634
1
2
1
1
215
672
1
1
169
1
33
502
1
31
2
1
176
1008
2
2
1
1
917
509
1044
390
1
886
1347
1
1
614
474
606
1
475
318
1194
1
1
1
576
398
1
1
1
1
1
2
125
185
1
99
1
788
1
1
2
1
266
1
1025
1
1
1
1
1
1
1
1346
1
525
1
1361
213
686
720
1
1
1244
769
1306
1
1
1
1
1133
1
357
390
588
1
1
1
1260
2
1
1
1076
1009
1043
1
843
1
1
1
1
1
1
1
1133
1
168
602
1
702
1
1
1
746
1
1
1
639
1
105
151
1
1
461
1
1
1
1
1
882
1
367
1
1
1
1
810
1
1
220
1021
946
705
1
249
1
1
1
173
168
1
1
701
1
1
66
81
125
1
1
207
1
1
1
1
1
1
1
1
493
312
1
1
1
2
1
1
2
1
2
1
431
1
1
1
1
1
383
1
388
1
1
1
1
1
1
1
1
2
1
1
1
783
1
598
1
1
343
1020
96
1
1
1
1
174
1
13
1
353
1
2
943
1078
1
1
1
1
151
1
1
2
14
1
2
962
448
1
1144
106
1
1
1
1
295
1
299
656
2
1
843
1
1
1
1
1
1
1
339
1
309
1
1
30
1
40
1
1312
2
1
1
600
38
1
1
1
582
2
1042
714
1
2
102
1
1
462
1
1
1
1
1
1
1131
2
922
1
243
1
1
1
1
195
776
1
1
109
1
1
1
1
771
1082
1
1
1187
1
1
1
1
1
1
1
869
1
1
1177
1
142
1
2
1
1
281
1225
1316
698
288
2
369
1
1
1
1
1
1
1087
1148
99
2
342
1
1150
1
1
826
1
1140
253
1
130
1
1097
1
1197
1
786
1
1
152
983
540
1
836
1
1
989
1
1
1
569
790
1
161
1
1
1
573
781
31
1
1
1
1
1
1
1
1
464
1
1
2
1
2
1
1
370
1
1
1
2
1
1076
575
1
1
1
1
1
1
1
965
1
1
1
225
374
2
983
1
1
1
1
1
1
1
1
1
1353
454
847
1
1252
1039
1
421
1
1
2077
1
1
1
1
1
1
2
1
1
839
1
137
611
477
1
1
1
1
1
1
1
167
2
1
1
1237
1120
1
1
406
749
680
1
1336
1203
723
1
172
1202
1
1
1
333
367
1
546
1
1
2
360
1
1
652
843
1
1
1
546
1
1
828
1
852
745
384
1
1286
1
1
789
1
201
1
1307
1
1
1
1
1
445
1
2
1018
1053
1
2
1076
1
643
1
40
1
1
1
1
1055
1
1
626
565
1365
1
1
1
61
1145
1
1
1
2
486
1331
1
1
1
461
266
777
1
2
1
821
1
217
247
162
849
1
64
1
1
976
1
1
1
1
451
1
1
416
2
139
1
1
1
1
2
914
456
1282
553
1
1
733
1
1
1
340
1
1
417
220
1001
2
1
90
1
1
694
701
1322
386
885
870
1
1
2
1
127
1
1
266
1
1
337
1
1252
1
71
88
358
1
769
397
1
1
1
1145
1
1
381
1
941
716
114
1
507
153
3
1
1
1209
2
1
1
1
252
1
1
1
972
2
1
1
1
1
219
1
1
1
354
523
1
2
308
1214
1
902
1
1
304
1032
2
796
515
1
1
1
522
1188
1158
238
1
1127
1
1
1325
124
273
1
1
1
1
1
1
672
1
18
1
1
884
604
123
1308
1
702
1
1
1
1
2
1
1
1
787
1
436
1
1
1
1
388
1
468
1
950
1
1
1095
944
1
1
1
1068
67
1143
634
1
1
1
302
2
10
1325
264
1
4979
1
1
1
1
905
1
1
1
1
1
1
1
1
1
1
1
1
1
1
512
316
1
1
1
325
1
577
1
1
667
64
1
258
855
1
1016
347
1
1
320
1
1
1
425
1
1
1241
2
1170
1
1
161
1
1
1
1
878
1
1
1
1303
2
1
1
1020
1
1
1
1
794
1
1
4358
1
1
1
1
1
1
1
1
1
2
1
59
1
614
545
1
1
1
641
188
2
1
346
1
1
1
734
1
1
1
1
467
1
1
2
1189
1
1
678
85
1
2
1
1
1
1
649
1017
1
262
310
727
1
1
1
142
1223
1
562
1
1119
1
62
1
792
1
1
1
1062
1324
830
881
2
1
1048
1
751
1
1
613
1
1319
1
593
1
1044
1
1
1
154
1
921
1
1
1
1
95
1
479
1
17
1
1
981
1
1
1
62
1
771
1
102
1
264
1336
1
450
1168
1
1
1
1
1
1
919
467
1
1
1
2
1
1
1
1
1
1
318
1
746
1
1
1
2608
1
1
2
250
837
1
506
1
161
371
1
704
1
1
1
2
1
677
1
240
1
645
1
1
1
2
1
1
1
1
1
1
1
2
1
1107
2
1
156
93
1053
191
1
323
1
2
435
1
1
1
1
1
252
1
1
1
1225
393
1
931
1
2
438
1339
990
1
1
553
73
1
1
1
335
1
572
1058
1
1
1064
1
1
1273
1
1031
1
1
787
529
1
1
1284
268
1
1
414
1
1
32
1
1
1
1
1
1
937
176
27
1
712
1
1
1030
3804
1
1132
1
1138
1
1
1
102
1
1
1
1058
1
1
1
2
863
1
1
3041
1
466
1
1
1181
1
1
1
199
2
1
2
1
190
1248
92
1
275
519
1
1
1
1
1
752
285
1
133
1
1
1
914
1
1
1
1
1
1
915
1
1
513
1
611
701
682
1
363
1
1
1
1
1
1
1
225
1
1
1
1
2
1
785
1
334
628
701
1
2
1
1
1
971
1
2
1
1
735
466
1
154
1198
1
45
1
166
1
882
1
1
967
1
1
2
1
1
1278
1
1
1
235
3706
6904
38
1
798
2
1
424
1257
1
1097
858
1
1
83
43
1
1
1
1
1
1
1
2
1
1
2
87
1
1
1
1
336
1
1
1
379
1
1
1
1
2
1
1
387
43
1
1
251
1
1
1
1
2
1
14
1134
2
1
1
944
807
1
1
1
2
1
873
1
155
475
1
2
323
935
1
1
88
1
1187
1
500
481
739
572
583
292
202
1
1
741
1
147
216
1
1
1
1
1
1
1
1047
1
1
748
1
1
1
1
62
1
34
1
1
1
247
1
1
348
1
163
1048
659
952
1
1
1
1
1
815
583
1
1
735
1
1349
1
1
1
1
385
1
1
1009
1
322
398
756
553
1316
1
1333
1
1274
311
1
1
1
1
1
1
326
117
2
1
680
946
1
1
1
1086
2
1
1296
1
1
333
801
38
1
272
532
1
1
1
1
1
1
1
1
336
289
1
1
1242
140
892
989
1
1
1
629
2
1
1013
543
1
1215
1
1
625
1
1
1
548
1
1
1
321
1
1
2
307
2
1
1
1
809
452
771
703
1
629
395
1128
773
1
1300
1
1
1
1
617
1
1
517
433
2
1327
1
1
1223
1002
1
1
1
1
449
1
1
1
1067
2
1
1
299
1352
1
196
1
692
748
921
1
1
502
27
1
1
1
844
2
1
1
1
1
581
1184
1
619
187
1
20
1
1
2
1
1
502
491
1
1348
717
1
848
1075
1
237
336
1144
1312
362
2
934
1
1
120
1
1316
1
534
1266
1
22
934
1
344
1
3
1
815
1
542
1
1
1
1
1
534
1
1
102
1
1
1
1
879
907
148
1
1
1
1
70
1
116
1
1
1
1205
1
1
1
261
1
1
459
1301
414
1360
399
1
1
1
956
1
881
1
398
1
1038
185
1
1
1
1
1
853
1
1
1
1
1
728
1
1
1
5138
23
1325
1
1
1
431
25
936
1
124
1
1
1
417
647
1
1
494
1
1
323
1
1
1
2
1
1
704
232
394
792
356
1
1
1094
1
1197
175
718
1
1
1
186
1
831
1037
1
1
1
953
1
1
1
340
281
2
1
1
1238
1
173
495
628
2
2
339
78
151
1
1
1
1
455
1
979
295
1
2
499
1
2
762
7
2
1
1
1
1
1
141
1
137
1
594
1
327
589
1
1
1
1
1
1220
1
1
1
1
2
1010
1
1
1191
1
646
869
40
1
2
1
943
663
76
1
775
1
158
1178
51
2
419
1
1
1
1
2
739
549
1
1
913
1
1
1
1
35
1
1
1
1
370
296
2
1043
1
1
1
441
1
748
419
1
612
1
1
581
1
1
1
1
2279
570
1
1
626
1167
1266
1
1
358
1
542
1
34
1
3431
1
1
2
1
586
1
136
1
1
1
1
1
1
1
1
1
1
1
987
1
1
1192
107
1
3
1
2
1
1
1
801
396
1
2
1
1
1
232
1
2
1
1
1242
898
1
1
1
1
253
1
1
136
1
1
861
363
1
4931
144
1
43
1
1
799
429
1
1
1
1
1
1
2
1
1
884
1
1
63
2
1
1343
2
1
813
1
2
1
359
123
419
1032
1
1
1
1
1
788
1
860
1
1
1
1
1
1
1
443
192
1
1
1
665
1
787
1
1
1
476
702
579
1
1
3
404
367
1
583
1
1
1
1
1
1
509
1
1
205
1
526
2
992
1
746
621
608
1
2
748
45
1089
1
1
1
1
1
90
85
347
1
933
1227
1
1
1202
1
13
926
1
1
1
1
803
1
1
1
1
1
1022
1
1
1
1
1
1
2
11
1
2
1
1
1
1
293
1
1
69
1
996
1
1
104
659
1
1
1348
1
1
1
1
160
1
2
1
1
1
1
1
1
562
49
1
1
338
1
1
1
1
1
1190
1
413
2
169
2
1
1
1
1
1
2
1
1
1
1062
1
108
282
1
1
1
2
1
1
1
1
1
1
1
311
1007
1046
2
1
1
1314
1
1
2
1
1
1
1
1
2
166
1
354
214
1
1
1
1
1
1
2517
1
1
1
1
2646
1
1
1422
2
1
915
124
77
1
1252
285
1
1
1
1
1
462
1
128
374
1
1344
1
1
1
1
359
68
1349
197
1
1
1
741
1032
325
1
1290
737
1
1
1
1
1
726
482
1
1
1
1
1208
2
2
1
255
1
1
1
1
827
1
1
1
1
816
595
1
1
1
1
653
49
1018
1
1
1
1
1
1
1
1
1
520
1
1
1
1
2
1
960
2
1
1
1
1
1
334
1
1
1
1
1
2
235
741
1
1355
458
2
1120
2741
6969
639
1
1
116
1
1
1
1
689
1
1
913
1
1
1
1
1
68
1
1
1
1
1
1
1125
1
1288
1
148
70
1
1135
2
533
1
301
396
1
1
1
2
177
299
2
1077
1
1
1
2
1
1
972
45
1
118
143
1000
226
34
814
1
1
1
778
1
644
1038
1172
623
1
652
1
1
1
1
211
661
1
1
1
1
1
1
1
2
17
90
1183
1
1
439
1213
483
1
422
455
1001
1154
345
2
604
1
10
126
1
748
1
1
1
1
1
1
1
541
1
1308
1
1
1262
107
1117
1
1
1
1
1
1
1
1
1
596
1055
1
1
1
1033
2087
224
1
46
269
1049
1
1
1
921
2
1
1
1
566
1
1
1
1
1
1
362
1
1
1
1
1
930
1
772
1
1
1
1357
1
1
99
1
1
1
1562
671
1
1
3
699
1
107
2
338
1
2955
989
1
1
1
1
1077
1
1
1
994
1
1
1
41
1
1
1
1
1172
1
2
252
205
1
1
1
1
1
1
117
1
1
1
1
684
1
779
297
1
2
4501
1
908
1
1
110
1018
1
1
1
1
1003
1
2
1
1
1
1
779
2
1
1
665
602
1
1
1
1
1
259
1
325
1
1
1
328
1
27
372
1
555
1
1
851
941
839
1
1
694
222
1
1
1
1
1
1125
1
1
282
447
337
1327
1
1
1
1214
543
145
1
1
1
1
1
1
2
169
1
340
1
1
1
1016
1
1
787
1
2
1080
1
1013
1
2790
1
1
1
771
1
1
1
1
1
1
1
1135
1
592
2
1
525
1
1
1
1
1
2
1
1
587
984
1
267
25
1
1
1
1
1
1
700
1
1
788
1
1238
59
1
711
1
1
1
1
341
2
2
1
1
1
552
1
487
185
20
2
19
2
1
1068
1181
3
1
1
1
638
1
19
1
38
1
1
238
1
1
1
891
451
572
705
1
1
1
1
1
1757
1
1
850
1
1
2
976
2
1
540
459
1
1
1
489
1
1
1
1038
1
1
1
1
1
1
2
973
1
1
1
1
1
1120
1
1
1
863
1
1
1
1
622
1
1
1
1007
1
1
1
1
1
1
1
1
1
670
1
100
1
1
1
581
1
1
1
1
1
1
1
241
1
591
1
2
1
1
1
1213
1
1
1
124
1
1
1127
1
1
1
1
1
1229
17
1
1
1
1
1
1
1261
1
1
1
564
2
1
1
1
1
1
1
1
436
1
1148
1
779
1
1
707
1
1
1064
1
281
1
1
1
636
1
1
1
1
1
1
344
587
1
742
913
1
1
1
1
1161
1
1
1
1
575
402
1
1
2
1
154
1
1
1082
1
1
1
1
19
1
1
1
1
105
1
937
1094
1
2
1
395
1
477
1
1015
1
85
1
1
141
20
1
1
1
1
1356
208
1
1078
1
924
1
258
2
1
1043
1
1
1
1
1
430
564
1
1
1
382
1
1
1
1
2
1
728
1
1
1
922
1
154
417
2
324
852
1322
671
1
1
2
343
940
59
1
1
1
1
58
1
1
185
1
2
102
73
1
86
1
846
869
1
1
363
1
2
1
1
1
1187
1
1
1
1
1
599
1
2
1
624
1
97
1
94
316
413
1
399
1
1
1
1
549
1
692
414
2
1
1
584
1
1
1
914
1307
1
817
1
143
1631
1
1196
770
1
1317
1
12
1
1
785
844
1
1
1
1
1
1
1
1
2
1
1
182
1
1
1
1
1
1
765
1
1
1
1
1
2
1
1
1
1
235
385
1
1
133
1
1
1
400
2
1
700
1102
1
2
1
1
368
1
161
1
585
1
2
1
1
1153
1
1343
1
1
1
685
1
725
2
707
1099
1
1
1
1
903
528
428
1
1
601
505
470
20
618
1
1
1
1
217
1
1
1
1929
1
70
1
1
121
1
1
1
1
1
1
