2879
489
17813
361
24
200
3416
449
396
18680
11505
11740
6688
689
21
29599
375
27781
463
773
252
17
26003
24403
17385
5669
380
524
142
251
22
4539
9022
16827
307
336
21576
18878
384
351
17114
310
380
243
8
100
16
391
37
2756
325
95
1930
187
192
5512
83
30378
427
8802
86
3433
13489
12499
88
3758
506
431
174
14139
131
61
6644
25694
18041
76
405
26661
152
72
23870
1536
10094
317
12366
15912
13490
481
12
5441
47
15766
300
20583
514
420
325
17300
17468
17854
17854
4574
1844
51
535
404
5744
5884
8348
5897
402
11103
12069
305
2710
414
25298
1666
371
258
12408
323
2731
226
19065
23426
173
14901
434
369
9373
55
3854
9
356
9398
12179
131
105
17
483
88
491
1718
107
479
13777
97
162
38
4599
11437
14736
200
115
7515
460
40
841
45
453
29344
9316
4
23526
192
15289
10310
2757
53
408
276
393
349
39
398
223
12813
406
4626
24890
31516
24336
10267
2909
2696
457
4898
172
436
6458
4419
125
288
4654
8767
292
10864
23259
457
351
136
25277
204
12863
20059
353
150
389
489
18444
9275
1153
78
16451
17192
381
26070
506
464
1754
19283
1859
501
17
18585
9922
17790
7420
24299
4496
155
418
19676
406
189
239
9325
373
427
102
155
331
442
63
41
493
103
1286
10444
5468
11617
327
7758
5860
160
330
9092
184
21252
29315
106
15582
7208
17289
328
121
3690
96
4886
3678
378
2825
76
65
229
22946
17799
349
213
367
309
15297
218
503
3145
1660
1521
329
4622
347
351
8127
6594
5379
60
23354
604
4402
275
2878
20959
463
11752
432
19425
2131
28194
9117
442
16427
5063
136
156
4437
19754
11467
4847
7246
86
35
19479
10372
367
1148
470
112
537
141
10137
27335
14167
326
2696
18768
123
14414
267
8250
21065
428
3960
406
162
163
1424
69
40
19770
20867
15157
314
378
100
488
367
189
28163
22181
19276
248
19502
26160
13097
5941
18174
241
14932
1914
26988
14456
6366
225
451
509
411
126
56
3972
87
2706
65
2240
469
4297
31191
29
58
459
504
23815
475
241
361
504
414
1201
51
6867
248
32894
370
496
13841
11
18160
21
342
10512
12190
170
59
12814
29745
508
277
101
2970
18628
1557
4986
298
510
110
12592
192
330
70
16721
30397
13471
11952
344
10354
213
13609
12294
1143
298
180
11822
325
13997
465
236
196
263
14639
404
9393
6120
817
399
8397
346
34
232
3123
16919
16295
190
3590
130
233
493
2058
11507
3337
27506
71
272
335
1118
19128
479
110
218
13330
3498
281
224
410
307
105
1442
192
4046
4151
372
476
401
9215
18021
12382
7848
221
17534
115
58
25661
81
438
94
367
465
113
18792
6598
1766
4299
1370
24
375
476
22713
15292
297
226
263
5764
11
259
271
55
16983
3507
3128
13493
11208
14
2363
224
389
12382
214
10360
29
60
319
86
309
7941
24398
474
492
25501
483
15705
138
17605
25676
8
53
5133
287
14813
4055
6177
53
18582
143
11537
162
504
357
20
7184
9374
2708
4618
27462
373
6057
415
24404
18809
481
20407
904
11390
1309
18231
199
8465
174
12439
1817
431
15688
14380
6954
91
941
514
166
97
6384
28620
22428
12538
242
385
115
470
6855
384
970
16234
25174
17828
773
22393
2508
241
1225
189
4103
7672
485
461
328
13469
201
12349
1141
6067
183
266
239
417
2904
18333
151
384
106
19517
443
13330
8223
26589
7284
22635
444
51
16691
4244
453
420
2737
11
282
8549
22301
11593
324
19548
521
80
173
21009
114
373
8307
265
15409
9044
213
335
6323
9960
14406
25101
5643
522
2962
296
4551
3000
44
121
14702
4220
31446
26627
6742
1580
10684
1651
7357
13519
1168
6070
179
5404
2336
1088
17018
69
3296
20764
11512
239
21085
229
58
3908
8665
11583
290
96
23569
474
245
298
3075
456
32
474
7016
22243
21032
11192
4260
25
11430
6850
156
17463
7629
2
200
9821
169
9120
495
142
15
437
73
16133
22635
405
10032
11297
17378
18661
498
12
358
61
25845
11
26869
20948
198
502
12932
97
367
170
9434
13552
455
1925
288
41
18
3907
3111
27
2673
40
8084
10323
10668
484
156
15968
67
149
450
8693
341
307
20030
452
4060
24687
515
4403
8539
15566
254
9883
10704
6464
12267
254
1397
998
1067
279
10020
345
118
41
1206
21195
42
9283
660
17123
212
288
301
23074
21780
1368
239
29273
42
341
20283
879
165
304
19113
321
16284
20
40
285
510
18934
3751
482
7667
297
14486
14
163
13898
4428
309
9707
5222
12678
14809
14
309
42
6318
6051
5545
26170
274
391
3444
22306
110
148
126
398
826
10405
22917
3979
15134
425
23267
159
958
4623
114
22441
4830
11125
9934
11394
205
27958
153
1877
5754
9390
281
24984
433
200
9983
6070
404
4705
75
23605
431
284
59
14889
405
7727
21752
16040
19871
457
11
1278
1975
451
10352
23897
6290
16426
217
16012
478
259
382
111
98
4025
7065
224
457
18042
479
72
10146
4493
15129
370
276
451
356
76
3145
24752
454
97
13628
394
325
57
56
5741
120
7079
6009
160
6982
5181
172
4454
31
9
452
481
28453
20983
75
77
11959
335
351
3984
187
422
65
408
6926
24700
369
123
7811
164
17098
185
108
327
3679
509
1460
388
500
63
4
9557
1711
305
24887
6777
14898
53
374
107
11894
300
15309
5001
15859
10792
301
166
13795
278
520
52
348
72
349
18829
145
279
21
24399
1193
75
7218
138
369
340
475
12
316
48
7107
306
2627
4099
16
8787
5874
24080
10910
186
434
7139
4796
17
13398
356
98
114
3653
24686
77
15353
7478
14646
53
336
6413
899
468
131
379
12281
196
307
12331
19233
183
23382
11646
7412
182
446
18337
4592
19329
3351
9
127
17243
50
209
162
27871
522
185
45
12220
497
7744
367
464
411
251
16222
14723
200
503
435
5987
139
4405
290
22069
8
1852
23238
503
395
49
10951
380
24349
196
286
309
5841
9843
306
257
476
25087
19000
100
396
491
1156
360
11162
12983
14179
32857
300
22155
414
22780
179
28108
19748
289
395
116
7006
230
2662
459
25797
153
129
15969
276
24753
11330
365
9619
7600
5663
29028
10205
19328
23923
20238
252
254
19718
16
1623
269
87
112
447
296
135
17894
371
7156
185
408
13535
26186
19387
160
39
405
309
22
24060
8882
27987
240
454
387
7069
373
4441
22649
6670
2818
22880
12478
23332
17668
21
2621
10
511
439
385
197
436
435
195
480
4040
175
199
250
13458
234
230
27291
129
267
691
218
285
446
485
49
3930
13013
6249
10664
503
14550
264
24012
22771
4571
526
83
20673
16063
7194
283
505
20021
11617
272
26686
18236
6061
13064
6006
2653
17
124
7338
1506
1256
740
12288
218
353
7125
230
255
290
322
141
6420
284
13122
16402
11133
158
3961
423
511
114
127
9491
23117
154
11805
55
392
330
439
568
14478
13792
455
24373
28742
6022
185
180
495
70
481
177
207
66
450
10389
172
3491
4302
31
5030
402
8482
7007
8005
413
91
462
185
3776
13224
403
14842
1065
4346
11632
273
457
522
83
16916
79
4533
170
1383
4928
460
115
25167
22819
6504
9044
4024
475
15090
14583
7105
6133
138
502
4325
3652
479
2734
25359
224
5461
165
248
247
248
305
382
370
10959
17475
292
269
4201
21775
22776
68
414
20746
5962
11047
370
390
455
223
16193
16611
2491
21209
274
7914
282
5340
8192
23844
74
252
1888
456
9643
448
23488
312
27905
392
3585
29994
497
14471
298
6193
589
12748
3412
24854
16919
6022
91
6780
149
39
516
4409
126
11606
284
267
17423
13533
379
430
14028
238
28403
6464
23022
3526
206
522
290
28434
4149
2361
1174
3
448
4419
16153
28846
13471
160
2682
477
2646
463
1526
319
8
368
482
11
10542
263
16496
434
251
1592
475
1406
17540
33
6777
504
30901
2527
8042
20438
505
112
8447
11871
19542
114
1481
493
13410
65
153
5671
17339
10
21770
19364
322
408
6748
244
300
379
7608
374
105
4872
155
17287
31147
17051
162
6790
25072
387
389
337
16730
262
56
313
12581
189
385
86
17594
512
16853
9084
89
69
4134
12317
22612
20721
21205
11057
186
64
3727
21130
452
7741
392
346
14218
416
168
9410
17192
364
1574
154
10916
3004
6769
16488
315
530
14160
488
465
263
21020
1507
218
58
23899
242
3683
419
5785
428
3420
15779
7314
1020
25778
13
20145
14117
2178
80
11261
370
8694
5749
352
301
353
215
323
4214
200
308
194
16029
330
25547
176
13294
7278
475
13377
299
3507
4177
12792
22467
101
5731
12559
69
126
274
10700
6226
66
274
441
7676
7723
15729
17892
133
97
35
1591
341
238
12916
9935
10084
17322
395
177
9588
114
13378
6242
154
242
516
175
315
384
990
300
130
11052
180
1218
1183
5721
173
104
26144
295
33
19668
6158
103
463
104
166
9
380
465
4176
2874
201
276
294
382
413
408
6117
24204
4633
9365
30692
367
15179
27106
11334
434
2542
6974
4641
158
4540
46
349
15193
124
180
4864
3703
9508
1974
10614
14494
1086
368
508
17999
515
5957
16831
170
14293
246
8555
15838
424
10440
296
289
568
437
415
27333
17655
373
282
316
4987
342
12378
18089
19
126
29181
408
21466
425
26
24677
8288
132
6458
405
468
10312
26851
270
7493
12304
78
9652
5871
8890
374
320
11832
260
406
6686
7057
854
21735
12113
278
8200
441
16363
263
17047
413
3304
17790
391
84
24085
19696
285
8028
2446
6086
13574
149
74
14358
355
5394
19959
24048
121
598
121
16874
329
9929
304
21
110
192
6023
20619
17220
9636
3533
69
388
27053
23225
373
6
366
502
2603
176
92
5966
158
313
5885
326
2652
3717
1534
400
2032
3
123
23024
3810
17
269
165
506
198
221
425
512
13912
455
161
383
1750
408
14091
1976
79
19
281
17197
14175
11803
5
283
229
12127
454
2219
23438
18010
289
315
1037
12145
5013
526
2209
11159
398
229
426
4086
23201
4214
480
9042
91
20341
782
520
254
477
9516
95
15
133
2236
16152
2492
14180
487
1406
318
389
16388
98
8209
5258
311
130
232
1828
1342
11665
282
17
2424
2965
515
2
92
305
12629
6968
1700
16421
12576
490
10412
5239
65
3491
387
21
191
8994
489
17544
25977
1591
106
8025
2076
94
2396
13613
11474
41
130
448
432
10989
3369
18
2599
24732
6475
11007
2254
1978
12722
451
204
7183
112
353
34
128
32
21724
17316
440
233
239
378
510
549
213
260
213
2239
13259
330
389
3427
301
367
6886
145
504
10901
1244
650
9708
6599
15083
6294
23241
11220
27180
7358
288
14960
323
511
12943
6321
19909
18046
105
245
359
203
254
18331
428
414
131
326
10850
24267
18736
391
4336
182
483
25375
18256
268
258
153
371
20
106
27954
232
307
7955
460
297
126
15941
6169
362
372
4412
9596
109
506
502
301
291
23738
79
4968
5900
347
195
231
21922
2427
1008
5004
2962
14755
18004
372
18262
16699
385
342
99
53
475
123
261
361
7321
19
10302
364
745
192
270
370
208
8171
836
423
299
26625
424
435
20618
13
303
351
8753
348
328
355
449
533
14395
11358
2121
9419
30144
5085
8341
117
6752
511
123
478
31392
18730
70
17881
17
16399
294
9302
182
389
821
214
223
52
118
288
7334
23
3758
10373
14676
468
14709
90
15174
3505
7523
5803
5773
116
206
104
17341
584
231
373
516
14000
7740
184
399
79
25852
6114
5316
1657
334
81
2596
6
9407
6878
8706
453
1628
7974
509
119
33
375
321
20950
15856
12713
317
13799
6071
10363
206
392
876
16150
319
4041
3134
9163
314
85
5868
24984
5681
884
133
5734
14260
154
14942
15635
16872
510
276
6
208
8017
513
122
426
228
534
18579
5717
5
376
14
515
273
14
3
17631
166
14415
389
13736
281
372
12198
1418
28145
201
4
257
229
12914
6458
17412
6424
12503
13917
2600
213
9688
4308
490
111
108
335
387
468
35
20364
422
18276
313
391
45
28
490
3904
193
293
12350
363
1018
5185
427
334
486
203
6459
311
3272
444
4887
60
52
4390
482
339
482
18459
5427
469
240
518
388
45
497
9205
42
2535
9117
131
413
75
531
22000
23136
32272
391
450
6670
312
87
189
303
194
232
22498
121
10589
15103
35
14018
12800
417
80
516
364
151
6381
10674
196
93
248
372
506
1623
11854
3637
95
60
199
886
67
20
2470
852
10
204
31
4756
1692
429
2774
11637
8196
6722
312
308
6421
207
8814
58
510
242
26232
321
149
499
5635
370
488
12261
5213
302
305
14701
139
158
22444
3411
235
192
13177
13852
13225
2265
126
20
215
372
140
384
19547
7747
11132
5058
281
432
1279
25381
4612
14686
510
9892
253
3118
15886
286
13810
98
9390
594
23312
521
16234
396
9101
186
45
93
233
414
567
7898
5913
19255
2356
14863
15823
196
426
250
313
493
16964
3072
22772
79
108
14795
160
133
10942
2270
385
5253
331
455
7234
3962
24241
20532
4589
178
157
12695
429
258
244
12888
218
537
135
161
21859
475
271
27272
2091
249
304
474
11833
448
185
7269
183
346
251
50
73
326
244
5450
271
169
16946
356
22645
202
70
20240
12212
4023
10865
261
318
171
124
13933
4749
15172
247
99
16199
337
279
134
379
77
3530
3089
455
511
406
24118
193
388
11019
322
455
411
64
9124
329
3797
185
1581
175
6473
395
208
28234
3170
43
521
8278
145
14281
396
18118
8471
75
8714
15383
6078
327
129
344
348
382
466
11564
507
1722
2232
30149
12395
2157
362
147
20215
443
23252
18417
29
24167
482
148
20990
8568
426
8956
10302
22683
190
8724
505
1958
40
30670
1857
23679
196
5784
510
435
501
18135
187
19678
9219
27617
345
1377
6843
221
62
8150
113
4475
8637
2696
7844
349
123
11
9016
2542
17550
928
483
25987
1008
20497
55
403
1103
198
2235
8007
50
125
357
7980
190
317
135
12032
20
310
68
9119
9219
23785
25870
7242
206
4008
15036
20186
280
265
9781
52
59
381
428
6193
405
447
11602
14797
22966
3565
11653
84
20938
344
11743
4656
7638
14708
1079
1565
505
222
3266
137
8930
223
216
6216
7685
72
28
195
459
13160
357
383
4835
107
6120
396
19715
22876
9081
5103
9337
753
16398
151
5745
120
5
12845
9335
12371
11711
332
1429
7064
4375
7459
448
424
376
88
358
41
2573
953
30140
488
519
4914
169
13449
24999
6179
448
15572
6824
226
91
144
64
284
7707
235
527
372
14757
505
94
103
258
11162
20861
292
8044
109
384
204
406
245
15081
21464
6249
14515
8657
76
17192
8946
491
26
17803
617
288
10122
68
12464
28
283
5382
437
19118
7741
455
8402
1
235
272
1502
2706
136
20759
407
20002
24948
8684
10193
73
218
61
6145
5278
437
12412
468
28847
25385
22794
4891
27195
3224
18
400
4870
252
20409
442
10068
2793
10811
6161
212
436
3956
7518
405
29764
4012
20285
52
9009
14727
484
389
369
166
272
291
64
742
8077
51
213
19
410
11711
22927
4788
6891
551
18564
312
244
419
150
289
8293
351
178
46
394
297
14126
3848
405
66
24
6515
393
12373
143
327
10675
18549
205
6769
7277
2498
16662
103
169
2051
935
127
437
225
7508
8387
239
22
16260
510
17729
11319
87
28129
64
198
5380
5168
2621
303
874
17063
363
3109
461
74
115
1358
242
347
170
295
404
29253
43
16434
764
7207
22
59
441
217
190
5312
12
12217
1682
12047
163
575
14882
21900
10453
5680
256
8104
9512
6236
10470
245
920
38
3543
309
28000
10891
431
493
2846
400
499
295
171
16962
16964
5957
277
100
18653
2526
8824
14252
461
19593
12025
484
153
2046
350
648
21021
426
139
434
409
7433
91
355
117
485
484
449
366
393
226
2764
10623
399
214
3
11819
301
12322
197
99
193
28539
171
31434
1338
3716
3277
4984
398
29087
4588
9771
159
5297
318
6534
351
253
345
16589
185
7
8875
483
253
151
6532
5199
401
10367
322
7933
14251
228
505
51
6974
3388
485
261
158
228
16993
521
478
10680
112
94
406
8440
206
87
426
4782
19859
219
475
10863
27952
50
415
86
12591
320
3399
415
30838
2267
7836
21399
14817
11828
517
457
186
12415
14590
502
324
17745
24941
466
21432
15567
512
15071
1464
1402
451
498
423
459
25719
21110
367
251
8913
5529
3946
484
218
390
68
11396
5238
268
457
252
206
10160
24896
122
21146
65
3585
12744
13164
11319
17915
173
121
246
3075
134
98
106
381
295
5153
6358
81
3311
74
335
41
20788
342
210
460
9405
184
172
3796
9265
19598
23812
12774
464
9246
240
16383
165
9131
498
367
11891
19176
276
234
358
532
6865
20862
350
6475
3334
1839
489
8543
26026
316
7417
14080
229
425
1516
18214
15715
370
281
285
151
3507
250
29908
486
312
19808
9208
19553
63
40
15
10886
26979
2890
1700
19210
522
152
16942
282
89
1571
278
181
405
15677
362
490
18925
315
356
345
5830
8602
249
432
2026
329
123
264
140
198
217
456
15868
412
323
438
8415
9577
16940
13648
22249
407
13472
1220
4530
27
385
228
221
452
3106
8554
667
19253
335
483
83
16494
8141
10
19543
39
227
674
487
24420
28193
318
263
302
16848
104
486
269
199
174
19324
38
4843
118
184
26562
5835
12779
7414
24666
24974
524
10186
471
13518
3761
4494
165
9458
7233
13511
515
116
739
14996
82
11
8801
14267
10367
405
170
10265
4384
3406
12898
245
494
5739
709
15068
157
399
337
14536
201
3
28988
511
5190
154
515
5314
187
14925
87
18815
331
162
24781
112
136
3749
101
21460
976
14942
6185
415
16
273
6683
143
14
186
308
114
23891
10077
16047
309
505
70
71
16001
5344
5564
22621
152
4126
15985
20849
104
370
15545
4177
333
513
17772
13915
13077
13375
143
144
138
7974
11030
16748
2239
9645
63
80
195
31
443
378
10
301
4841
27435
7468
505
434
19153
155
2311
233
262
89
252
500
401
299
7365
511
6151
13106
12214
3701
18502
456
291
5345
471
346
57
6783
2808
13
102
124
432
440
17913
507
85
272
2527
30625
126
24
26343
415
9663
409
13824
7184
82
13272
374
13870
6019
16083
12186
147
102
246
6746
130
13366
16356
17351
431
6
3820
980
343
217
330
183
501
1380
4288
24563
3413
410
130
341
304
2026
3807
325
8329
10960
3841
27065
517
14264
265
11880
7293
236
10141
134
4591
1688
277
309
15776
929
221
18795
503
502
4082
39
10299
2847
264
194
258
421
28
13781
3959
82
13492
10686
100
5972
20440
42
349
106
517
211
671
5586
411
5856
223
21665
314
222
273
461
14048
11501
434
7689
2439
303
503
288
26379
4065
6050
73
14598
9959
5
247
210
108
7478
4692
471
3289
149
515
275
18531
366
12962
194
417
237
3629
91
216
397
145
7815
30
503
13249
216
5046
311
11516
204
317
1557
2859
4554
25993
509
117
48
8735
2908
46
6149
5153
113
513
212
4142
16633
249
8814
26516
313
380
3857
291
182
528
314
460
54
23843
2347
75
726
227
114
11414
98
8216
473
3589
1911
8360
7786
18930
1446
152
267
396
100
4448
10229
525
266
308
284
3445
9141
3153
11949
8603
473
147
354
132
6297
45
514
468
482
244
409
19624
1201
116
2614
22356
11106
351
10152
516
3626
384
6298
9272
10523
16566
321
84
8446
446
517
10873
532
238
520
4919
33
21171
501
16354
1054
15652
5666
1079
11487
68
481
9798
20001
4098
5989
11661
5805
66
317
12767
153
346
3781
232
20098
4774
439
16791
111
452
426
2441
12363
21796
441
93
2774
72
115
186
90
11303
83
15084
9237
9442
234
14392
13364
21194
42
58
496
400
105
15098
11095
9390
16896
366
4655
472
8291
293
12829
4118
387
63
189
406
25570
1653
190
29282
419
53
230
135
502
24501
68
280
10
5394
3558
4508
35
5010
15406
15418
515
19936
14476
6344
21898
7801
52
502
281
14661
172
402
11964
15541
14685
365
21380
12935
435
85
228
276
3598
5
5711
232
15774
202
7818
27879
205
9415
263
31
34
10128
479
20097
140
12572
411
208
2938
404
416
288
20315
104
15566
9172
390
178
15797
5621
201
14969
17
114
31950
405
2313
317
114
42
24931
402
5283
205
423
6806
524
284
470
4303
152
12638
524
22850
23935
368
12054
14193
481
2154
6384
4662
8241
13248
33296
5701
211
101
1045
15178
15466
19967
9072
16139
4678
13661
368
24794
10
20583
66
498
180
9094
15840
19985
13280
13603
310
255
25388
19945
7396
13629
4597
292
29358
14226
31
453
27876
106
502
375
10078
120
100
7125
511
5399
70
10800
73
276
8735
2666
21861
9359
373
404
12587
1275
191
17686
8628
7600
30193
406
361
2038
10125
13957
56
3489
10082
447
467
108
96
5966
373
164
122
264
206
466
382
32
506
15048
286
2604
31
48
6801
233
432
21144
338
518
129
522
10900
438
18935
301
22077
164
147
26964
175
179
259
365
15653
10936
9839
518
291
330
1313
11149
17
1971
216
17041
12967
321
76
85
494
291
113
27856
283
9202
413
60
474
3679
16781
471
494
3687
487
22996
381
401
3990
14620
6985
387
14632
507
201
5265
293
488
9206
785
484
14234
4217
1863
23
1332
2561
229
8090
20976
7082
3957
59
141
15853
130
403
12
1798
4598
997
12303
11783
15372
272
376
10410
455
146
14799
273
48
340
28
14214
12915
9359
29132
431
159
5097
334
1563
105
7233
5051
310
285
291
287
9895
345
455
13631
130
12159
4824
3226
397
419
9376
27516
5947
2287
459
17546
4637
3686
535
31513
310
26595
10965
332
19006
438
161
3276
5450
477
401
496
26
463
304
7965
90
2263
332
4527
440
403
24708
66
55
407
184
1659
77
4329
3066
7720
15
186
11308
267
12817
4259
178
48
495
3
8093
111
33
440
762
482
54
10208
6946
90
3262
245
15918
207
84
81
197
352
433
353
316
2245
17863
272
6528
44
1730
364
7
396
355
202
35
91
8822
2637
10272
11570
7925
270
336
107
117
392
454
7
11614
93
474
344
445
17895
8911
441
23821
189
2795
253
5584
419
29327
201
8
29735
447
14710
1738
90
6168
331
27075
2682
181
130
18440
16258
168
375
55
375
23856
56
10758
27952
21
9
353
16680
221
319
115
3457
184
341
12939
355
399
514
2997
12776
6
301
15485
6222
216
456
326
359
192
149
7049
148
158
368
1650
7945
9904
261
9910
153
224
299
8799
24136
422
5309
36
391
43
415
314
6160
516
431
498
25224
29562
90
260
12714
3349
11656
472
13106
4051
15759
928
349
44
1019
60
56
496
12849
309
209
469
359
2002
420
308
15896
404
12115
541
38
357
25
40
158
272
498
79
17164
294
16945
17632
6553
124
186
278
3812
2567
19
2626
11041
129
440
127
78
20730
149
2780
11910
4360
335
3074
475
12294
25638
15807
16
316
6961
27592
44
1306
19849
206
452
1017
12054
4054
59
16115
14413
228
82
82
5062
189
156
396
194
10329
126
489
66
100
1686
23718
203
15295
471
284
13607
12378
10843
10525
513
4408
263
13548
152
65
15114
9253
236
294
8030
119
178
17539
413
82
5435
260
205
425
6197
175
4443
104
2577
16068
116
21204
150
520
2971
330
43
431
420
323
520
409
235
9793
2607
29990
166
4288
229
57
95
400
334
4594
203
7
338
3942
13210
454
6643
11670
140
4434
212
17483
187
2828
22192
16778
19818
241
12432
486
13409
2792
7505
367
19929
322
6426
19555
289
17180
29255
307
120
17192
2819
258
228
1667
218
26320
12993
7760
346
19012
13543
472
183
395
1204
402
11563
11618
13217
11070
14281
189
7865
15734
345
18
20557
188
20945
4057
443
910
4378
9949
31012
397
24657
4302
74
377
147
18383
233
402
189
8993
180
9479
380
7722
4009
2238
119
196
8226
18
4569
86
56
525
7801
270
1844
6781
24035
436
9525
29017
67
133
2356
367
10668
10909
416
332
39
351
285
331
1283
9608
5126
19
16507
27610
18402
514
713
433
39
25796
136
18678
7587
347
243
11900
517
431
2017
1542
20959
4967
286
18160
16464
5256
11891
20365
10488
94
57
18614
17296
153
52
154
15877
390
6482
107
336
238
371
433
34
267
511
14485
9174
6112
21493
5004
18693
22551
232
10015
282
355
7247
186
4796
461
193
15996
14149
421
3898
506
513
266
243
452
246
5486
7705
249
67
180
310
86
12610
8
22056
364
9592
223
319
29
220
1256
14781
321
80
425
141
27128
25958
8
515
414
128
2965
246
41
10258
36
411
9280
29824
2975
18090
396
213
446
147
222
11992
142
360
449
11379
216
511
12011
19
12983
95
5737
297
3007
14905
8319
27574
266
4291
2794
20925
9356
537
1791
279
141
123
14426
357
12425
11
179
11
406
11637
409
9124
5790
20196
513
112
60
6553
145
36
28
6931
2158
17105
2
10351
209
370
250
21272
354
9341
14341
282
5075
294
11946
9194
93
8295
123
3102
6483
200
14344
238
490
6029
495
433
1797
417
21841
12489
27588
65
396
321
1061
7598
22375
9439
3227
427
340
428
292
270
2764
5184
491
27137
610
529
11476
298
112
5102
517
16370
432
368
494
288
9741
446
10466
274
93
15547
10745
473
22027
4398
40
1493
370
2452
12566
119
8639
11589
3487
17980
178
131
4867
201
24131
355
142
1802
20243
9746
8196
491
25
10751
159
315
8289
34
10173
21041
3
6120
427
266
303
12569
422
665
533
234
451
155
14725
252
20778
183
5971
11584
363
272
19931
7716
11980
4203
408
436
13392
29966
256
4221
16291
24137
97
61
248
330
105
26
2108
249
123
8603
12867
194
44
430
1955
6922
10133
15298
14790
868
225
5741
16576
1736
65
342
366
186
380
15592
410
427
157
1987
353
243
14175
21805
498
6876
135
386
182
73
5943
3646
25594
19694
496
523
9400
214
9941
122
98
21191
141
283
30190
1156
290
200
4533
168
412
452
401
343
204
3330
3
5045
409
3839
30678
7434
13280
10745
308
193
7202
322
6419
20025
419
17346
5932
300
299
4689
23454
15676
424
411
502
15832
12174
220
158
504
11876
530
27989
8980
382
131
299
16382
62
10974
7722
2082
479
12148
247
488
134
450
254
514
5520
498
3232
20045
32
9517
7788
485
1291
4424
19254
2188
27
9988
264
243
9262
22449
14061
355
17674
20007
14343
16917
13087
16
10742
14476
281
8990
167
25043
286
12942
22336
122
11751
20413
9
24377
1075
6155
21
8712
3926
1586
5803
4247
236
531
177
5
361
10465
143
1407
9515
294
128
12522
22068
10773
132
15095
3954
78
138
80
513
12375
7661
1592
8489
210
23936
142
34
452
14389
200
7020
41
16271
29772
328
195
473
183
64
11662
216
414
867
1897
219
527
29389
5360
186
19040
438
369
3793
433
480
100
349
3215
332
274
5681
257
96
5270
212
17366
298
6272
29276
380
21105
1670
57
29
515
179
3603
346
115
16237
19423
16787
3389
7641
8893
258
43
248
54
466
20342
518
8806
2545
164
17187
365
5580
203
7033
19585
17529
17362
17689
104
516
415
71
74
2936
508
12095
242
496
144
128
2
194
387
29119
313
259
460
13585
14732
165
81
19877
19165
24
13852
436
25413
74
604
88
894
13830
7343
3541
86
13288
18918
1254
7870
175
1717
21937
8924
12078
10512
324
20995
5125
27773
198
23705
21689
18654
13143
294
404
22690
215
5823
4162
364
231
11824
8617
301
12129
164
425
53
335
218
20
14149
81
382
190
159
21569
1032
21721
90
421
18562
18671
54
235
61
16464
1288
467
218
7406
5665
21403
14283
238
10251
16137
430
141
484
509
129
127
221
337
9329
29302
1003
434
5
7003
306
4864
216
9574
28315
1459
105
304
274
5102
4570
31
691
307
1457
486
13274
7201
482
6125
6564
18591
130
22531
22174
198
4187
102
394
16163
383
461
326
12510
4512
9895
299
391
87
251
424
8860
10281
9451
449
157
16012
375
193
513
72
14067
100
346
6464
2880
6951
3548
391
40
136
449
276
21978
12057
10192
15
199
15849
432
1563
455
255
22405
122
106
16
10624
10310
18136
8868
2643
311
4594
188
479
38
15163
198
3655
74
285
9239
432
513
4112
136
6543
112
463
186
140
413
2202
195
160
18128
11334
287
76
536
21211
761
4864
21268
10397
17082
2900
297
194
354
579
12504
308
11639
13007
333
249
356
4
16362
1775
211
123
20793
297
290
136
16630
73
3054
190
363
251
20209
94
22788
3950
212
56
2378
11919
205
175
136
189
316
372
5480
9649
4233
35
95
249
1296
4649
389
7690
16278
163
461
393
327
18823
9226
378
10533
20895
6346
90
387
465
1342
446
77
4641
1905
250
316
255
2836
122
185
5555
19931
7683
521
17636
531
6919
8719
12386
346
4696
813
24084
18775
1075
232
424
3893
8443
227
31
523
477
1830
271
6639
377
3111
318
4054
5817
18274
263
11072
333
161
69
326
1958
486
33
164
3027
12235
4638
360
161
471
1932
663
4011
10887
216
24962
228
283
44
68
342
471
505
5488
5340
309
9235
330
7374
330
122
383
26849
94
379
13252
14789
501
410
205
3293
307
118
46
11457
12967
3022
327
323
2065
23786
12098
128
192
15743
187
18260
1421
4734
9313
484
2423
20415
302
489
496
101
5170
4725
10790
23088
4191
2305
210
157
7305
199
23446
9359
8799
50
6290
13293
4774
21639
13399
1103
232
10130
320
24000
373
163
413
30
8127
354
261
5396
28301
1827
11410
111
404
280
21796
355
27144
4876
442
420
18956
189
160
197
6877
3003
121
144
4191
100
14155
22166
15695
421
263
32273
8189
347
193
3728
180
161
102
959
345
25293
3817
209
47
292
200
7558
152
18527
395
290
1487
407
497
402
10794
41
161
12747
21953
2753
16123
11814
78
7
86
14518
8761
305
147
438
409
2419
6971
8173
204
269
30054
10235
382
27609
9597
313
21023
1114
78
12396
7798
14680
371
459
17981
449
25
241
255
7648
967
10379
15978
50
7156
6932
19069
14783
22206
299
23256
432
39
155
556
478
431
6975
20505
283
327
9476
22614
15517
197
53
426
241
284
518
14
505
462
342
297
315
163
175
16757
112
21612
230
12762
293
266
219
207
25
112
460
669
18172
609
144
412
461
203
83
17841
8845
240
108
8077
23236
7001
4
19334
24902
9505
7750
187
68
332
4964
18166
360
461
4007
21359
23
122
6
472
14
131
38
391
5348
497
16
537
1172
14712
244
23631
10352
14358
306
11174
11435
576
6817
1891
6081
363
19
436
13692
12332
25564
16
449
1047
193
146
288
109
27569
217
17769
397
481
24334
476
9899
155
32
38
502
93
605
9741
4758
223
27571
1608
1010
20605
336
25684
2953
6505
21924
258
4084
147
12076
277
13824
146
15
11928
176
50
47
7312
161
4484
346
5140
15177
410
513
1483
41
23986
21812
2075
1790
236
10730
20821
202
360
333
422
307
3867
21
8281
13917
15801
475
207
4773
130
127
3630
1951
15771
22344
5738
154
277
340
4860
17222
10409
391
444
148
1923
26499
17946
1836
15727
14888
119
128
25775
6525
38
424
1296
466
9604
24269
173
121
82
40
1450
334
10142
11511
10933
29538
4407
481
3793
354
24843
49
1711
2
296
27890
24
26
4503
480
507
396
29530
460
3003
17203
475
5852
287
2581
19798
11391
471
7
19856
22707
506
7475
2244
11501
5447
1821
13072
9715
404
28830
3936
8249
285
5011
518
4934
153
14327
256
445
10672
20362
26422
189
267
1956
14218
361
3340
465
24930
21
3529
22048
14844
281
12651
17188
1014
47
18324
3278
24479
1
27461
870
355
4475
208
4303
341
41
16
9487
5413
293
54
22100
22820
165
154
2270
136
13619
178
152
20028
4960
22
2961
5357
15655
882
13903
12090
89
207
176
7496
12549
14138
53
250
59
25052
292
460
63
404
356
920
4629
6214
2960
7148
265
9839
421
401
451
343
19477
17077
19
218
15203
517
168
7
11240
15666
11422
52
261
84
133
14827
26510
15239
343
453
20134
7864
423
15430
5978
480
85
136
1944
242
374
7574
17445
154
603
17902
6092
429
3316
265
8891
410
514
428
2758
7342
392
23767
9524
11759
261
437
14050
4449
7340
505
211
3036
25225
94
10420
3035
12525
154
24559
184
13868
469
282
514
323
117
55
172
16596
460
22792
207
9
291
466
6519
24329
25216
4082
236
4976
7990
19881
16665
324
5857
22893
18724
376
301
2540
476
15095
389
51
12326
45
84
462
304
2064
115
495
477
393
108
5936
22158
237
8491
44
286
464
13970
8290
399
564
233
1093
88
18431
494
88
515
16663
5961
22527
17252
4643
322
146
72
7874
240
212
29905
94
467
14437
132
232
354
485
14989
413
233
475
12964
27945
26
6035
18286
4157
11784
7430
473
359
235
111
32
12157
8635
247
15062
6539
218
11830
5691
504
28102
3825
9438
12085
30746
49
284
15602
287
55
128
489
24
82
17839
15357
21643
65
10677
12729
3082
6312
4542
8552
364
54
10367
464
12347
19
10150
2672
306
283
433
314
5988
186
13750
8821
17822
8
9862
264
17621
88
249
9698
6257
15018
10840
14914
15304
19730
266
6720
9434
776
365
15870
336
191
411
10850
384
431
11539
6088
11179
21282
6079
239
334
483
227
2356
67
827
5500
365
13066
847
14040
502
14911
422
2286
3548
375
478
22075
418
6
305
5147
458
20
8
518
3505
14977
256
17204
5531
9436
9603
62
5798
296
2170
365
26005
7725
20512
466
159
10105
6591
214
281
7347
282
10643
22786
8955
10979
13308
354
118
308
474
10108
127
237
403
12
9422
236
10124
2801
450
164
3046
477
63
430
333
5187
153
8322
325
350
503
10547
330
7880
22
250
177
16639
198
13033
37
485
1044
12399
25222
276
358
19452
439
6583
8415
411
1537
18469
428
477
342
10673
6197
1995
233
228
125
258
24215
398
280
229
7053
14153
21837
997
413
447
394
4102
9782
66
410
7346
3651
17062
17048
15284
5340
115
3437
206
346
166
16694
466
150
115
5485
390
247
11342
11
269
233
3992
21043
5937
15910
13997
5342
322
3306
120
9736
7077
483
670
13929
29043
5527
5095
314
15370
6550
15065
9
331
429
328
28
23530
2022
3201
90
11848
27573
220
17203
175
103
72
345
483
366
5266
193
6971
148
400
157
144
111
12920
213
1
442
495
27
5192
160
324
6724
398
11207
557
2400
26766
209
21522
198
16964
529
307
17540
415
20514
19485
17881
5258
382
7
364
54
11417
21124
29373
3646
372
30848
7782
78
3405
6
16535
1703
373
434
261
17034
10412
14393
525
4917
2658
8468
1192
18158
476
2134
4098
2412
380
10147
242
244
14170
23536
506
3250
27335
2302
30312
276
263
6895
3300
421
514
28009
162
145
31910
4690
962
7903
25631
7649
152
496
117
32
16132
210
4206
509
58
28
20479
8857
450
13047
423
514
145
111
22826
52
102
8974
43
3002
4454
7180
428
8680
16385
353
3047
419
1604
14802
86
1429
24011
272
230
4653
1325
151
210
16142
25531
3166
5540
5786
12149
315
22
264
4417
17432
528
259
497
48
501
11978
10169
97
60
4717
5128
157
2748
264
3441
18
77
20261
452
265
1906
316
111
317
105
137
169
15386
11
14161
13376
22754
186
26
17362
10286
1069
253
17427
497
76
2021
138
7206
13
9230
360
358
131
13506
2540
205
320
23598
3219
46
1877
5750
19
463
244
420
539
208
21
8673
11201
18723
2064
551
275
15976
17869
19409
42
18195
273
168
2789
28902
9873
343
175
25674
441
21243
305
390
7379
9869
455
368
245
23398
260
461
4835
6875
3324
340
29
6885
17844
4000
424
172
13007
18747
3959
9580
527
1746
128
23797
19507
2921
9735
8207
386
12566
6879
10363
963
19171
15
23597
12483
1428
13720
641
13688
2042
4099
4304
231
142
3633
156
1561
4611
8962
14616
101
345
499
9048
16501
28744
278
2712
21999
3114
497
16
445
336
406
15321
375
15176
263
104
352
2786
292
778
1915
21994
264
318
12895
360
229
413
366
178
331
30331
12763
111
19801
38
2524
131
20544
418
14563
511
57
513
295
6656
5672
10534
446
441
20
374
6982
891
27
575
951
159
216
6100
508
9127
352
282
151
26822
301
124
209
15
526
61
30684
481
266
294
2319
487
300
213
14737
5391
290
27862
170
165
8682
8827
9837
693
82
11204
453
12222
14945
13639
13649
7084
116
48
1011
23245
447
492
326
1475
221
20885
133
28525
147
3665
13007
296
220
38
6139
164
323
459
251
7735
190
16413
11924
509
7251
532
7216
3344
2919
18328
176
191
15445
397
184
20165
8705
12727
286
2138
16295
1564
29
28250
1031
482
302
156
53
133
394
512
13804
19140
454
1784
268
461
9362
27935
196
8764
10120
82
326
6524
19599
10545
9143
12218
1178
19527
307
29799
8
10074
375
2313
120
12935
7643
84
415
19332
29706
96
325
335
407
1094
382
4316
149
175
153
377
4
487
257
317
464
20180
14292
6538
116
455
405
25357
20112
19
7693
19
17690
478
6525
11127
39
5977
16455
5
10395
26640
148
273
6954
518
57
427
427
1762
425
354
9147
596
118
17647
20957
4660
367
358
15018
2013
13
6084
17
207
467
481
142
510
6245
5087
411
8395
208
12372
272
8156
17853
305
257
284
342
2281
5290
85
45
2
25353
246
15089
19095
192
31
204
268
7065
21484
72
11963
17895
10791
23692
62
22798
25364
3277
476
14344
21835
14524
990
382
7641
135
113
327
26566
11776
401
137
173
9998
11969
2954
6615
5470
9
3062
71
21746
28080
488
480
16523
79
288
4556
7819
443
14202
386
437
133
9657
315
10212
10061
491
3016
500
165
53
42
10888
460
238
10577
13272
10174
217
4662
371
264
406
249
424
19511
4509
3171
452
11814
212
145
12867
212
53
335
345
164
1044
364
5194
8153
165
3092
5492
28207
344
26874
9951
323
409
477
269
377
7416
463
15159
374
417
19242
495
433
8153
19414
534
1785
372
3815
60
31603
9962
23681
14943
193
7538
385
517
11471
440
4804
349
18301
16495
10998
208
394
4263
3301
10059
479
28349
10078
6705
428
270
8374
4072
354
19048
7632
265
405
1453
10807
6055
352
435
4512
277
483
495
214
434
307
16546
3264
273
108
9546
132
20238
224
3202
150
5602
9065
20484
132
27646
444
17896
10092
8156
58
5218
345
5634
494
15247
99
199
7407
439
32
358
249
133
156
3930
127
480
467
117
201
88
21608
60
16433
3817
10916
85
670
22558
113
11479
174
324
5127
236
173
339
386
6771
7616
17675
127
14267
400
300
24911
527
479
5301
422
9428
14336
8110
450
5421
172
156
156
459
14041
62
467
517
2373
68
9701
1
10519
25960
23206
479
52
2802
466
9716
6450
132
11725
74
435
13997
241
371
11711
14250
9
21385
10621
396
394
235
506
134
1316
391
234
402
83
77
26371
517
27757
448
382
270
295
7959
3248
12995
13121
119
63
11888
66
871
14269
30
191
10216
305
446
2917
452
22322
4194
21547
359
23746
13299
269
7502
277
375
2
27
23749
421
495
580
944
22278
3077
162
122
231
354
201
81
4549
25062
13551
5894
4624
1144
130
7984
14623
90
2314
427
517
22484
7110
17912
347
361
159
411
10
15045
180
429
210
5878
372
323
20633
340
13000
2929
14497
10948
1539
311
1485
9166
14069
293
20361
14425
25537
412
17924
81
13
16459
15915
12208
18526
7864
9618
230
236
16855
4203
16967
526
440
15
2729
307
26
19541
466
513
8629
12544
446
6993
177
9417
14
10009
7330
116
1888
24300
3328
5594
17649
454
301
321
8952
298
2430
12672
399
125
1309
4732
468
467
175
352
270
4496
510
23589
88
17760
8574
18195
9922
11398
26878
514
317
499
491
8726
198
2061
188
30841
17977
1517
7471
2795
13996
335
8001
196
266
19
432
16763
13640
7139
82
619
3063
85
15342
4035
146
505
157
190
19754
266
17507
7999
468
168
370
7251
125
1040
16171
210
6884
457
665
16915
43
173
6647
5687
358
6093
76
7231
354
66
49
352
429
308
15
9452
2649
24239
14165
452
14958
394
463
186
187
64
4349
1281
287
336
19888
320
268
51
408
273
59
6243
482
14564
163
16609
254
178
11138
391
28
364
92
429
395
164
15659
3564
1289
10
4730
98
167
524
4016
2679
297
46
153
7284
14613
6338
5893
167
349
442
1458
137
508
7851
5056
426
343
13689
6044
5121
478
175
3716
21866
17340
350
454
182
13410
147
1054
15431
15364
10347
144
12301
21746
21215
42
45
157
331
158
4104
31173
1307
23616
453
4
12225
291
86
1036
19040
404
6811
14166
1806
492
62
223
11845
5596
25016
7525
329
8853
262
26021
472
153
10197
6857
1221
350
17366
48
5349
410
182
3359
13482
29840
16424
95
194
175
22084
404
11
1997
2553
23043
12740
176
31
435
496
520
375
7377
17596
233
525
179
78
12196
3214
24223
183
19
76
11216
27406
22606
107
9975
15625
4469
460
239
17716
146
318
114
20066
449
8537
4269
2456
26444
11699
10508
105
3792
181
483
287
106
29060
811
7608
15319
414
2236
451
146
57
293
295
15676
428
14149
22891
3156
392
70
352
334
416
13069
213
8441
5095
244
169
501
6649
25369
7359
253
10936
212
60
36
236
33
184
6789
3410
517
310
30
11035
277
942
5673
10049
356
25477
352
378
28556
137
56
19915
9
370
26810
196
305
5492
7885
512
9413
19583
515
178
456
403
535
243
151
3032
242
214
18405
4473
416
1293
156
9385
111
13055
185
29829
184
23647
15
41
17396
72
21680
24939
13304
442
302
1587
185
25515
11
346
163
3465
8036
381
2180
368
9776
284
275
10278
5521
11836
438
20322
22560
198
5
24655
445
1797
19226
196
244
16023
196
306
9477
321
7899
422
5871
343
3169
3
12350
16755
12352
308
410
230
401
18992
12486
94
894
3955
488
328
336
364
250
467
4015
5543
249
11699
300
3327
9336
226
293
17591
4831
409
389
15654
309
447
179
230
2
37
16865
18145
14377
7608
9805
21541
12241
16112
16075
29
8989
7279
17626
13275
8893
1444
27126
467
16538
15067
24331
4739
54
321
292
30300
14227
81
29108
5769
22506
309
80
3627
260
7569
3959
13238
52
255
28857
288
8
270
415
525
73
6653
187
334
227
12051
386
30823
240
20554
3746
388
791
327
177
310
10913
6329
23
14324
189
164
113
296
9392
6724
1430
306
338
9528
184
5172
287
3043
2052
15129
87
134
17
150
13005
10990
17873
234
467
18812
15694
213
15632
248
17812
6800
10635
509
17112
438
273
32267
3753
2304
3979
20844
7791
32815
347
199
7857
26722
4532
476
74
15445
211
24304
245
238
2285
195
5207
38
163
20572
13972
12475
16647
18
108
58
286
420
391
19571
342
6025
3271
346
9980
18187
2202
166
369
18329
2262
29
6737
5
9804
6
36
361
42
370
520
420
11596
7
26282
3129
400
12631
12588
781
1509
4833
87
15
19866
23200
12694
6431
12973
359
33
126
17712
301
4925
16440
13566
265
6418
409
486
9403
412
357
21177
17555
495
75
14454
306
31506
11453
176
16269
6712
16935
7475
12114
518
321
6888
9443
18620
1973
17665
9315
93
17
15599
259
14622
6
23540
361
67
289
381
385
106
223
120
446
82
125
14709
14321
10242
486
12693
8275
28
378
73
91
170
8224
421
110
11516
13403
96
6060
302
8336
77
137
431
3
4252
8611
511
228
12066
130
132
8871
108
2616
5110
35
9518
16
471
33123
146
24532
480
171
364
19717
485
233
460
19732
5404
52
24
424
400
465
273
4198
4938
11208
459
1959
199
12759
12788
232
346
17339
14555
21225
19932
417
14457
164
310
484
22011
18447
12216
19454
5802
148
3182
2775
8842
8132
15554
45
4092
10630
154
314
338
263
16482
2
7110
11385
6361
13867
20470
515
208
10849
347
446
21996
9302
50
264
24015
431
147
417
2412
368
2505
79
333
5321
464
7121
420
13378
17856
429
321
143
7011
28750
25156
359
205
123
87
198
16544
22677
11065
118
11
16371
4396
11092
290
18220
12224
1151
13209
128
270
425
533
497
54
3
98
238
380
241
295
28499
8816
93
432
21
21365
280
7620
22152
2467
2815
3382
230
340
8
2371
16005
8040
377
358
2406
479
11167
335
11389
5761
409
302
2776
180
8097
28
490
1038
490
374
15127
411
15057
10394
8086
9188
11930
17240
163
7055
20551
23453
7322
8915
197
177
275
488
532
1502
350
9862
3186
543
26
3629
11719
94
51
7487
396
397
223
27529
6499
317
341
13055
52
11204
3767
181
6
19989
276
14026
16069
274
12775
9794
15701
22368
219
510
26599
305
214
4496
94
13065
231
22
414
154
326
16077
80
469
229
5355
396
333
21
6032
15217
12359
17
168
6872
9994
2046
29817
417
165
114
641
6973
480
247
9690
1352
356
6129
55
27
20135
18218
18214
9067
9108
53
533
9750
15678
502
12646
5481
96
394
64
17923
396
103
24580
3
466
2474
478
459
13288
3234
5899
289
103
160
125
17
22055
27
74
177
381
5260
89
3410
504
10908
205
118
390
10026
235
14114
111
9328
19991
20888
21080
2157
475
503
118
156
11683
96
401
453
308
7
197
295
365
279
12245
17430
327
18356
199
125
269
96
125
25353
18069
7637
23611
22710
411
394
4237
531
18785
10159
18544
190
352
469
193
139
856
172
14989
190
14691
36
13
77
331
269
429
3221
243
378
52
433
65
102
415
503
2622
5116
499
244
26196
17408
249
463
29252
3703
4210
83
297
191
79
5668
262
13854
271
8
4393
493
10470
347
18017
15123
5819
424
3821
18604
412
5762
287
27831
15324
1699
21
66
15
27276
19828
21175
19128
180
32438
14170
8532
174
1204
6762
23560
480
147
12030
501
8380
9763
11603
16291
14871
270
15956
280
301
290
404
266
93
17935
16876
161
3
25247
6366
177
4613
25410
13038
7546
10860
11129
15379
293
147
346
14200
461
3267
16167
8401
7477
185
14548
268
4041
99
10849
16388
463
7096
113
2820
5265
16269
464
2044
271
361
17324
122
118
6615
430
18437
1939
36
126
309
26192
15090
3524
253
8051
442
275
26484
259
429
57
26102
110
217
428
9437
3766
488
31977
17976
514
324
4813
14065
430
21692
14911
307
362
9427
984
9304
480
1309
944
5
302
17046
1404
33
3417
19607
15649
509
405
42
15841
107
8664
361
325
10329
243
77
178
87
19273
8770
7819
28
27730
106
204
361
5059
20420
398
10324
6459
306
4069
395
258
248
15936
4330
11495
478
315
494
391
53
452
181
482
233
24068
1441
267
212
122
12087
267
14270
5369
3333
37
11647
48
7436
430
358
26714
3696
24764
121
2190
507
75
18776
11020
12881
6946
307
386
20357
16276
17119
518
387
218
204
6600
377
7957
435
29119
3458
520
18
362
4748
491
269
661
5061
30
4720
187
729
10273
137
819
53
247
34
326
15912
505
65
370
98
179
94
258
323
21769
15840
4906
2691
15849
22396
10977
452
385
75
818
6773
202
121
387
15923
5958
11690
437
536
14246
12282
7
329
25251
375
543
21603
252
9320
16660
498
174
142
6885
30409
394
249
438
14888
23
412
325
35
309
493
9818
83
210
24092
1779
8136
8454
228
15181
126
335
160
28188
64
484
10
524
2739
2142
120
79
398
12606
6692
6
194
258
2562
3405
9722
448
6669
16000
4678
21619
6219
23375
434
14427
14895
107
84
2141
275
456
12723
78
163
434
20170
2174
462
142
6827
393
302
386
14385
233
316
7461
162
6768
48
366
416
2445
4405
50
10879
294
23410
1840
25917
3323
30156
16065
285
476
14445
4915
15734
310
24245
295
451
13809
6671
107
13993
11923
466
12802
448
44
7907
6847
330
409
3286
6697
249
29870
459
5133
568
57
3926
454
467
14894
362
23442
10292
8604
11477
11673
2854
477
441
765
358
4937
26802
470
8961
104
302
13350
72
3366
392
203
177
1416
9813
7876
6701
1488
399
6
11018
84
24990
122
570
17510
25
12088
65
21394
102
46
11771
7211
5923
8200
10768
22458
4139
156
12843
17209
9474
14819
10002
19670
22728
208
74
22637
10232
5042
11339
120
507
125
2657
10973
9024
2250
134
8136
124
268
295
398
437
293
19541
430
494
394
470
14830
526
14
3986
379
446
154
18446
341
1
461
345
10280
317
135
95
6517
5
87
12613
5
16429
295
265
8889
1166
29333
358
147
10368
20329
8139
17490
3281
70
16599
20525
27712
460
10206
436
157
9638
2150
21648
261
10974
13660
1401
311
2621
497
152
7924
34
525
4832
10603
59
18305
239
14676
8670
270
339
3060
19376
148
128
1440
451
531
419
4049
197
42
354
175
13736
177
109
11449
410
395
440
12225
212
17764
177
216
463
117
4110
231
301
93
14134
421
511
11
467
444
302
7982
178
1477
109
344
1968
3505
1152
452
153
20332
16862
40
17846
5225
2619
70
505
117
215
17898
13136
26850
62
1755
175
15204
3236
27388
20379
364
4748
11386
18744
4474
491
12775
10365
3106
227
510
223
307
243
1390
29
23303
8088
6673
338
10161
11306
20474
2173
328
16658
11337
325
433
271
310
2024
12
15149
276
75
232
354
10324
126
20169
9495
444
218
5112
91
3697
119
325
12891
448
88
225
77
4549
12018
266
12918
165
184
7828
24620
384
2728
20
7140
172
21375
8399
391
26672
1323
2438
193
298
383
18262
14924
42
180
920
521
467
694
84
6507
343
522
265
26389
724
4771
415
340
41
14
283
6985
7212
241
382
138
264
4831
349
791
139
1087
345
13274
18550
242
84
2524
467
2882
23418
366
1008
16818
26046
361
9888
482
25499
456
270
6924
10080
6147
7649
3631
11298
64
1630
4210
11966
10521
9760
459
4878
456
101
449
320
432
452
471
68
28048
3840
83
12101
17896
159
87
11555
19
70
117
15542
19996
139
4749
292
514
188
422
6202
12545
33
118
63
24133
113
15754
11158
317
204
331
2
17639
18800
108
15923
10352
16444
15535
1846
6907
12800
455
11950
394
18594
104
24246
25620
21143
141
145
173
1774
26657
7184
444
314
2420
20445
2161
13830
21182
24210
23093
5961
35
59
325
159
12283
4138
500
18130
9707
376
409
1871
18848
5094
465
4264
71
306
58
7374
2859
1475
17692
209
22038
436
424
16108
158
9493
184
7603
20622
14662
125
13851
266
32311
88
16668
509
8
18096
448
425
7003
4
10158
519
489
3278
25307
5983
18978
3689
92
8622
123
16858
20941
7397
21665
484
457
463
402
9549
65
137
251
7662
3566
23181
352
2524
22340
393
483
189
3600
22899
167
405
247
34
15069
5809
521
440
262
11316
199
468
510
16233
7608
484
150
2466
25682
440
69
7115
23878
5478
16397
22690
40
1443
521
442
487
251
262
404
2614
19560
10752
484
16980
117
1818
227
405
113
5126
11160
66
461
11836
17444
2918
56
483
13601
22369
5795
7987
125
10448
9542
14146
2634
306
18736
476
6976
78
11802
255
9712
178
7318
7491
216
10593
277
489
356
11245
507
296
47
467
479
19865
98
501
2934
418
19696
6660
480
1703
11827
73
50
9841
5263
26895
488
437
470
10136
23795
19347
403
470
465
242
155
23173
20302
110
10870
7776
312
477
380
12699
14327
16
6395
14
14304
368
5446
9381
14750
5883
7058
471
4281
9379
228
334
8440
1441
24452
32
8006
175
215
504
4980
51
368
9722
15
201
12147
3203
413
383
192
276
301
6426
612
3856
222
466
89
264
14508
235
3017
384
83
293
236
22149
42
17451
521
224
8381
466
288
3608
152
57
316
13784
342
136
8680
38
437
827
217
504
20301
7083
8072
143
6719
322
407
386
179
80
268
9477
216
361
472
466
281
5595
349
484
317
17148
18420
55
342
5
12173
404
85
146
10685
18416
357
5862
19849
1354
503
9193
109
191
9874
5321
9472
226
295
19794
80
23185
10240
468
146
11273
15833
457
355
307
74
371
152
19
10691
12509
2136
139
143
461
4529
3038
145
10
13080
12898
77
6169
303
3542
341
138
18
49
41
400
2511
4966
417
421
1796
26591
281
196
397
15452
8567
384
7833
304
576
269
92
1989
286
47
250
6066
9884
19791
323
19858
4085
5948
195
7854
191
268
26410
179
17644
8639
412
172
13415
386
333
52
3028
20
6543
24032
4280
7734
51
194
13486
1711
450
150
179
377
28285
293
21788
105
13598
20
491
464
426
353
347
233
344
11818
25044
196
18
73
4808
103
236
21
523
2361
17714
229
3723
257
3486
7803
206
182
330
325
6603
394
269
353
13777
29713
474
514
13898
467
447
15804
13027
1168
526
11709
265
184
2857
12193
20898
425
8852
474
229
4752
20695
23101
412
22938
7968
10540
4055
269
8266
10457
129
169
17578
328
239
6939
433
25665
12690
10286
529
165
508
7825
5102
134
454
158
24582
5333
4643
3197
292
19
23053
252
12210
290
465
15311
5645
25533
766
11285
498
33
136
20486
10414
452
162
2
309
15453
95
129
195
318
9808
293
9440
257
482
19885
4195
89
187
12186
14758
84
847
15987
862
42
30233
4182
9910
2486
5367
282
215
3463
5807
988
30901
378
430
4437
25084
4164
162
1436
257
201
222
419
23
8378
6951
203
37
124
318
500
19077
12269
150
12404
335
223
26131
379
19612
370
14642
326
252
9263
5716
28153
135
72
18011
7226
131
82
4790
23293
423
2571
448
933
68
342
10992
12342
431
20253
4403
122
478
2181
89
23953
362
9356
75
2641
149
21182
7210
19555
265
23689
18177
89
2955
456
461
228
8054
294
311
1187
479
9822
10419
1321
224
2210
23001
519
13
440
247
419
7806
20992
513
450
12170
943
19699
310
478
119
1820
338
116
421
111
249
408
8593
155
3322
520
2463
727
14919
5
13098
473
1519
296
180
1839
428
8360
1181
3372
15269
347
194
21688
234
9728
516
6777
506
306
145
10802
7114
13235
270
230
273
24434
303
429
394
105
99
259
204
37
230
14540
261
17569
388
336
641
451
189
12769
364
278
4109
1331
7130
514
15649
60
4974
451
21347
27
9754
122
57
39
19637
17848
15858
122
6711
7664
103
1459
51
158
18884
26274
166
8074
10490
53
20024
12789
3956
259
407
248
10732
6735
25323
466
243
5013
425
10164
223
870
34
85
340
3317
9083
19923
512
248
10469
447
304
114
344
13432
1038
189
296
365
13822
15038
431
11241
389
8119
15167
5193
523
5901
9953
226
635
508
1
13669
489
181
8100
216
482
4167
10264
7898
17850
2746
15563
394
16928
168
25493
18740
21769
5283
15512
13777
23910
7966
21704
13362
9040
10224
19048
99
19429
30777
23445
11382
9717
7474
17370
15216
230
15802
9391
14186
29376
139
187
1073
323
468
3660
395
19
314
414
8437
80
52
88
182
402
126
373
10735
290
11
320
132
300
156
13537
6446
39
10875
94
8346
183
8755
10685
14218
192
531
10867
2861
81
7411
8708
450
20594
3053
285
421
4604
10547
23416
20965
110
9270
381
434
511
168
380
108
1108
11922
416
17912
508
316
118
229
10623
25843
268
222
144
25961
277
386
350
18217
455
11783
455
14551
74
107
158
388
1900
331
487
26300
323
379
206
15727
223
676
514
12265
262
6895
20009
7178
154
2031
28040
4
95
10899
344
474
18131
27233
230
3348
394
5857
376
431
225
2830
215
7541
7654
1088
308
170
33
7800
215
445
5878
401
1031
335
268
361
195
124
22488
5683
226
154
12573
3101
319
347
14923
9669
13008
250
13446
9395
382
21730
18893
10359
2780
12362
245
10251
28087
508
75
296
20244
403
325
491
419
8861
254
2518
229
459
61
3994
237
1164
13797
4760
394
17943
314
109
3010
21419
156
459
474
24364
6779
233
126
9327
312
119
838
248
25666
7099
438
2612
502
404
340
506
8694
2752
288
350
2600
382
124
16180
29527
198
16285
1263
356
10129
72
5853
8298
10067
65
17981
289
24027
366
333
97
6624
430
8781
300
490
19990
11
9063
20289
6776
305
7748
17845
365
5381
9347
65
503
300
183
395
8113
130
221
2217
44
21391
14933
380
524
210
375
93
2460
3784
12085
191
2494
17668
497
325
140
139
22309
622
12996
991
366
22890
401
22
390
373
1917
275
15622
390
198
21322
3818
167
23543
73
356
46
19632
190
14917
144
12572
2798
362
326
117
224
112
692
9242
6141
340
16
357
248
12768
133
8247
7082
7013
17644
446
177
16255
118
1551
9
14143
132
317
84
510
16963
161
24894
12860
8270
342
9715
107
32
137
9891
262
268
8194
215
4891
8025
7362
391
37
11047
445
520
10387
213
456
3256
141
3508
317
13
335
240
3914
7742
46
161
14456
4807
6927
349
1787
19
180
4294
25458
267
7059
3648
385
2731
107
7995
416
20
3681
5152
23279
18133
334
93
18855
295
6970
142
12831
4297
15638
322
9949
3420
7494
425
346
2677
153
420
3335
6780
504
294
20019
3677
5073
136
503
379
215
481
183
18823
11691
446
1045
6451
2
470
16261
11277
344
492
195
145
137
9543
157
9684
7561
23182
890
444
25013
377
210
3752
379
120
5144
545
33
26065
139
4280
14100
7279
98
479
488
524
27798
426
1578
22027
204
10
2552
175
6997
96
433
309
359
3460
220
419
2279
66
167
30095
267
367
82
328
243
347
13549
6542
50
22274
4993
17426
2953
139
15
84
222
32
2086
295
24253
9208
134
211
215
23439
157
9072
16746
20721
3529
15646
26061
6514
25
43
11790
36
5958
79
120
1586
135
338
212
17840
303
12591
6808
440
61
3620
12880
6537
89
23578
8328
294
23248
11109
182
53
13165
114
124
2830
17384
147
3816
497
95
8933
13269
829
7148
208
281
7491
11
413
7322
294
14
213
2434
148
222
12557
2648
11544
328
11946
17760
110
8399
3311
405
92
1056
7905
42
498
357
270
23436
2726
27
23285
12826
32237
257
1135
35
62
7179
5879
143
12133
244
4740
315
9641
9400
12097
19854
19760
255
413
10851
30882
1957
74
9159
419
19133
435
67
408
9177
246
3375
3644
987
101
1868
1
2908
147
11834
27648
9083
515
22983
5801
10336
487
1409
464
321
457
2480
349
20255
14
431
2675
31046
193
69
24893
943
179
2798
258
385
152
138
4155
476
502
4359
2727
34
8180
16577
7354
437
10476
10176
18520
20294
23646
115
18579
258
16075
447
10547
566
30474
7452
517
341
2576
14828
7571
3885
132
451
3698
57
370
444
8870
305
18
256
459
226
3288
509
261
113
5403
420
184
3984
350
23766
5233
26205
9271
143
82
195
107
350
29271
16725
9690
233
514
162
29312
6493
12799
6059
5719
1542
265
8218
32
112
465
329
13128
6662
27
198
138
24773
19716
246
6208
15493
17924
12410
56
2641
98
3873
453
8926
338
259
117
20821
15384
27548
5637
19840
15664
19
170
221
5136
221
16333
10382
19904
11002
401
438
9237
5664
287
2255
466
328
3417
458
1977
281
5046
114
8377
491
25459
130
20472
399
533
72
3856
148
1039
121
6685
48
311
23
15971
848
6373
488
321
343
11329
378
17008
49
183
495
12548
17385
6710
14255
220
252
8
14621
155
336
157
265
7190
74
1839
4683
8014
17380
23974
4
217
10629
346
324
15413
19533
378
2568
99
499
9224
9359
4992
68
363
14274
133
23333
491
6846
447
353
142
417
1
171
20678
15378
325
6218
449
181
15867
147
15243
19913
4
5410
5058
312
19225
27021
8
5895
11387
19851
227
8928
102
291
10922
1
34
364
28969
400
6522
15194
10799
7918
39
5224
212
8434
3167
5591
472
25759
24826
28
18783
495
322
27239
10206
25645
234
26316
8927
21239
67
7915
2094
6610
412
336
286
5356
230
18252
12056
14978
19451
8109
35
9185
525
333
10592
45
7520
18251
201
13
779
3176
14301
11329
21
6958
317
16714
194
5021
2133
13823
77
3041
19568
135
139
20
116
122
168
445
2865
421
427
3598
471
271
5098
111
12946
302
419
10909
7934
517
8332
6685
232
3067
7855
2045
25
319
2702
24197
10090
6070
25205
92
10
26096
2188
414
139
38
5398
393
1808
1417
417
14588
474
256
302
391
309
40
8891
17
151
6948
9275
6294
21455
193
302
20636
277
221
126
13514
523
5019
14186
210
376
115
440
180
301
17309
897
8044
27627
21302
20624
9
314
300
9446
4467
336
14657
14755
30776
6898
216
18436
254
426
4767
8061
167
363
378
15979
22114
392
52
330
20125
1482
349
1946
9533
296
1058
2698
431
112
4501
9550
2773
5430
507
5386
3827
6300
96
5625
365
81
491
318
408
273
5191
283
378
9375
16
314
348
279
309
163
179
368
20392
4278
3
9785
19073
11777
106
311
122
5118
8782
59
23
10083
14034
11982
6167
12084
98
20537
11516
294
4759
101
143
443
16497
1566
27332
443
301
1361
706
2791
60
6457
1245
7836
2772
500
10811
225
219
18675
6248
350
389
18208
5960
118
81
2212
11334
402
21757
15256
49
135
1674
8795
3010
446
13193
393
23892
3032
3488
4758
2183
19737
91
3840
371
1609
368
522
260
68
507
25373
12
10216
8550
190
141
59
4458
116
14889
17935
113
174
7387
11215
18194
26623
3592
66
12769
82
7649
26403
492
3
2512
19443
317
348
348
16462
534
7452
25097
2625
12436
319
3441
11520
408
13025
381
251
210
19293
371
9923
7153
481
23511
452
19042
10843
376
805
486
319
144
8165
14943
28
277
237
16037
20919
9
16814
332
18971
145
311
104
15077
317
4400
4213
23014
247
27832
10673
5682
20667
263
13529
47
2707
28885
416
87
16617
10144
194
28536
465
12038
12
13150
242
390
20035
7538
66
284
485
297
20
5179
6289
4665
18931
9871
12630
14606
2893
3943
13925
23
305
93
362
411
14253
223
2865
13069
206
171
7676
396
239
10773
312
416
298
13199
15132
7749
93
96
339
2967
31
517
319
28238
1980
534
11382
187
5492
10271
17212
16357
70
487
17427
256
9164
22620
397
295
237
26777
16458
5794
23926
490
128
1874
16439
219
2033
216
414
113
271
289
48
5205
10
27988
17658
7889
313
95
13984
135
431
313
3082
26033
11728
9611
17841
138
78
64
254
306
22871
318
7686
127
27595
506
2531
5708
25
296
435
20083
385
359
130
12288
326
266
461
159
5442
504
24082
154
423
377
533
126
119
87
10470
40
1007
478
365
23275
376
226
65
407
19144
378
251
522
515
56
241
4144
517
1516
466
256
301
293
24555
14265
26545
197
250
20330
284
466
55
6080
9246
5823
11853
200
17344
4387
16708
14472
9473
508
609
41
299
10076
15453
60
11779
182
528
3448
476
1772
316
2029
215
4961
283
13597
413
454
367
12431
9864
304
50
430
1
12428
1509
201
32168
394
495
40
5278
381
47
10119
12591
380
3765
178
388
9473
2820
239
333
188
5793
29422
160
18322
466
16229
395
884
392
215
28831
106
9821
207
86
18417
2679
361
354
2702
8389
132
4549
6280
6423
424
365
317
108
510
4001
296
533
17344
231
16960
292
4618
3396
350
53
4464
411
96
14344
3919
9814
1872
417
382
5
219
23664
127
391
304
56
16237
7106
1322
265
279
475
495
43
13303
329
328
1428
9794
496
183
230
335
532
9173
28245
23900
273
20780
233
504
21654
29163
329
33
5
24690
387
25924
9905
511
16419
2544
454
368
397
16138
420
516
160
209
271
5920
19576
91
16047
367
3592
426
3326
22274
365
227
10013
5240
434
1361
10971
344
9471
356
7725
119
17064
24622
453
104
175
3491
18488
374
515
410
6235
3479
9620
372
496
7058
504
25
288
289
1786
525
1471
323
430
431
18472
362
68
490
2991
262
16489
143
8710
820
5081
472
12021
294
253
4712
3551
20725
14
133
263
3989
21440
74
451
5341
113
505
37
15870
23975
37
332
367
290
20893
159
294
18
19876
208
275
136
97
1417
508
23188
81
6448
14
6697
3169
22974
451
391
369
481
7437
187
19662
1044
3
17661
515
209
9571
174
3547
360
9744
535
406
19769
1345
231
449
402
170
21709
8653
350
7784
16600
330
9721
24253
14619
7434
18396
69
12332
92
93
474
13963
508
6524
31
502
21943
18609
16
8435
140
1134
354
260
438
275
28
424
324
87
453
190
384
23479
177
105
5763
337
6496
10453
14913
28
1029
448
14233
262
6729
6129
6235
477
527
7359
398
6156
179
470
333
8
3829
283
6711
2513
210
269
510
97
1642
408
2890
17308
238
2538
16379
20424
2999
14231
19156
12318
64
390
28524
1313
355
513
352
9592
400
458
1992
458
407
20671
290
427
1516
15010
21801
5409
261
19030
14027
439
518
6
9234
57
269
66
453
301
515
283
240
10260
20046
395
12021
288
475
13405
24223
1615
2300
8145
8361
29
305
8117
367
6038
6813
3474
49
345
22501
66
14211
335
5567
390
8670
458
343
1855
712
200
347
339
10872
416
68
24616
22
14540
519
5182
215
13376
8661
463
428
31
16627
1445
18213
2826
517
177
3719
1845
249
368
95
12621
182
64
4802
512
29788
10002
1073
444
19080
834
446
15809
368
6071
86
506
443
623
376
245
24366
162
182
37
322
26950
13191
183
19662
336
7540
9412
420
408
15841
66
272
187
281
1723
194
372
95
2601
1969
6038
328
152
386
207
15909
4259
118
48
294
20980
245
472
435
242
195
8106
7689
163
21489
255
74
104
5249
75
17349
24335
191
26129
419
22142
7599
18693
197
821
32
827
3868
1774
16026
164
12580
116
508
297
87
3638
8712
12664
141
511
5
286
334
218
76
325
1369
5037
221
313
4260
4159
403
13493
23277
160
16231
292
23598
450
3836
7515
3358
443
341
3428
236
25223
367
397
8268
18480
30
4793
435
19686
498
168
33
17631
216
17
400
165
310
9169
233
30375
4441
229
23196
435
219
11377
9761
3892
2460
20482
220
153
814
12662
11867
278
110
347
3990
5404
378
5320
12581
14169
21833
475
320
158
350
11687
4370
7167
11
790
10352
501
203
379
424
4
479
65
300
53
435
20959
385
1915
17388
11331
199
4737
328
10524
231
435
516
4626
212
1647
89
232
12533
103
333
541
508
6324
138
50
18402
474
14906
20
66
179
14777
335
150
132
21046
428
2755
17
357
170
16371
715
27481
1634
337
59
4291
4197
51
301
278
251
4933
3815
1494
15642
31405
17855
104
5739
471
112
315
23272
282
16680
4080
290
2616
458
12845
199
1
2488
7771
260
403
8224
103
17626
376
24952
11442
2512
35
9917
13114
5104
1285
188
185
18545
235
18
481
1289
389
5891
16411
518
363
249
382
2507
5724
8094
7158
36
6291
429
953
472
394
2248
326
14778
12011
19072
225
342
22
11449
21403
20962
360
12520
112
14757
511
248
5701
19047
420
12019
183
5
36
737
8535
10280
123
370
1886
15766
96
253
488
20857
251
25222
17171
8385
98
15759
26636
158
26083
2207
457
10123
214
28428
237
8806
22779
4233
25516
26402
16508
7699
158
186
2854
12108
65
1523
281
73
6730
5642
18
5819
498
955
19520
496
19726
1220
573
173
5070
1025
14666
1099
376
55
4817
201
2582
384
71
422
130
174
302
270
335
24823
10895
512
18364
400
406
465
89
300
4856
10652
14862
6843
22
5511
138
25929
6655
12877
10381
40
347
444
9393
6683
26565
260
29430
153
180
12723
7359
7380
10
26174
779
517
4091
3443
9401
21397
307
325
133
267
181
159
10218
160
347
6520
20413
7357
11492
6165
10201
37
58
53
240
356
325
236
138
13458
368
8635
262
13689
19953
293
521
703
365
130
10698
17011
509
7719
193
12617
11892
447
67
163
14
98
323
169
18108
7429
4374
279
23389
1402
3
23179
23327
413
2104
406
498
450
7701
498
302
12002
44
454
374
22540
19981
347
11745
64
268
79
8460
491
374
12186
2760
8994
153
98
5968
312
6
13739
20277
267
27637
9881
19166
62
250
7527
512
263
5810
27
17219
23823
3315
4575
327
11060
15993
22151
21955
6181
39
16106
14379
5860
16915
95
864
416
12416
9373
254
219
6866
14809
391
457
20319
406
284
423
86
5
462
39
6856
445
28690
445
6584
236
491
3040
13976
10836
17771
2953
13045
18
387
21096
11429
7338
343
407
14147
23621
439
95
2092
10095
141
308
5074
214
215
6075
475
133
2692
353
10983
166
24643
512
21122
98
260
157
297
17430
18978
354
6104
19424
4522
36
333
532
271
2027
3917
12500
378
369
220
7328
3649
154
172
415
5610
204
505
67
262
43
262
18369
210
78
224
1240
15668
23121
300
298
281
10923
424
26149
31
16853
394
21614
4003
27448
105
401
9660
253
166
274
230
2904
10416
7918
436
307
391
163
20884
9381
14176
13035
3471
86
502
407
85
23245
6724
474
8631
302
19192
13710
1301
4871
374
6712
452
214
491
13153
461
440
15246
477
7293
15815
135
169
863
7040
16386
429
8359
89
425
19394
521
4586
55
411
10697
3785
446
515
1681
11824
14460
390
1778
218
18953
3433
12045
14
11201
15253
5233
4841
25443
4762
25303
53
440
241
3414
25439
7403
3642
514
8806
18355
735
243
14614
72
120
68
10320
7493
172
178
92
9763
91
149
281
4904
17412
110
10760
3310
21032
11889
398
1595
17310
508
12439
8618
13556
10362
273
149
524
7093
8629
9898
20552
10041
6970
21286
4349
34
1
3644
258
215
455
12294
2699
6810
7241
446
355
97
435
56
7032
325
297
16190
473
494
519
3820
25166
176
5384
5823
30562
272
919
22233
8905
219
201
24704
23264
3530
1627
18859
3808
4180
516
2930
403
329
20521
496
113
19724
100
17445
6841
29228
294
39
142
13
463
201
517
280
397
285
107
18784
14061
147
306
24592
5898
1759
149
183
141
310
163
406
20305
8501
243
25
14828
8938
12061
23543
509
386
21595
507
10459
237
229
447
10932
5926
5584
251
375
377
4033
259
6402
1367
13291
349
23798
9449
2466
142
383
58
418
159
197
2716
453
12888
378
6392
22129
493
322
12361
12792
27959
1880
23864
3705
100
3018
20720
85
437
546
23
1912
19184
18887
71
10177
140
16764
121
2265
418
116
64
12464
361
235
3521
491
494
31190
8992
17029
4081
387
21913
186
28524
312
458
187
26904
21
2224
428
278
23057
420
10133
217
369
406
11103
127
18329
11575
279
15810
9808
241
9172
262
16
325
136
11256
7543
118
24201
22147
262
28355
6
21413
172
8703
1247
479
6343
1845
1555
21
15951
2779
8763
355
4446
4599
535
136
182
26109
310
232
474
1268
8437
11132
311
284
178
2243
274
229
16071
15599
4854
263
313
18005
13929
138
14095
18096
20020
378
249
130
458
407
4071
328
28906
7060
499
4285
229
12974
37
467
255
5362
21983
350
284
12562
512
16012
373
407
8
367
305
38
202
427
555
6467
522
493
1160
487
209
187
8051
21719
4286
337
245
8391
5646
1960
8143
1209
13926
18047
1314
30367
386
418
7887
1058
499
397
1782
33
71
103
3249
151
15201
395
47
32971
152
72
7694
13162
283
19
207
441
488
4836
5383
473
21211
6321
340
2254
3760
15482
21905
17615
21424
448
204
8861
9450
452
12606
361
116
74
4297
11228
259
2634
312
488
12066
62
255
444
9724
394
1084
9695
138
109
14312
4737
353
400
27
313
14884
413
624
12920
18717
286
3921
122
493
423
6332
128
23270
328
19035
264
2816
7137
26702
10433
101
126
492
16625
20
448
339
478
384
336
233
6579
19398
10098
12597
485
42
266
16394
7335
358
22404
393
231
6
540
5687
31
645
2804
326
19
399
3104
486
2970
294
380
6
6794
238
121
11896
227
51
428
461
209
18826
73
28719
273
182
65
285
209
1510
6517
19000
25479
357
823
11757
39
12224
352
197
15400
18733
40
3749
11364
721
14097
25837
491
506
127
9415
306
332
10358
374
494
278
20378
172
400
17
22725
3595
16401
20425
408
11659
504
13383
352
486
11570
19902
368
6330
68
433
14888
321
446
12000
14680
10069
89
19565
28052
7636
471
23412
170
487
14075
13935
8859
8593
479
165
1211
415
222
404
24675
13980
209
5023
3349
307
230
9354
24
30
360
12181
219
276
447
344
3330
323
112
1
19490
37
5565
15251
6133
131
310
319
136
200
392
1222
310
8411
187
264
22097
523
232
491
7
121
20229
56
519
350
18095
220
3020
171
482
100
3655
4503
160
62
465
15618
7370
11970
2339
17404
23
340
8323
438
3918
7934
208
3402
15831
16744
485
11513
362
2439
482
21
407
17506
4975
72
10714
18
14593
21009
24667
206
19504
393
7889
9792
295
26
2307
261
2987
265
409
16419
283
480
327
233
7442
505
27564
10805
368
55
501
297
461
13538
3908
503
3113
5465
5578
135
320
402
11874
366
322
12536
28027
10970
2146
206
327
57
18590
11691
14295
259
103
20716
11223
14269
464
93
25037
961
80
2830
915
12660
63
268
19291
22546
316
437
11952
2883
5204
3745
11325
10306
10259
22742
401
375
52
339
376
10041
12039
12262
18852
15524
404
8017
310
317
87
7928
119
399
190
357
26480
5399
14803
7283
346
8016
29021
27365
187
348
178
119
159
2262
4142
10363
55
354
13
187
5557
25
346
19522
266
543
153
504
467
3786
521
30
19502
464
18797
5772
2539
5491
11710
13712
17
1129
18818
17759
233
2115
358
22369
15581
2283
148
211
377
11164
506
299
15453
387
3362
14999
14029
308
406
2667
258
365
19100
418
9735
214
10756
174
15573
11493
97
72
2515
223
108
147
8680
17151
48
15069
17536
22
157
14926
248
4626
267
24
172
10737
14569
20598
111
4384
322
401
319
2344
373
370
3727
7486
10847
306
2426
37
3775
354
46
22
19
411
515
44
501
468
68
265
373
144
262
246
1663
466
9
14376
334
177
706
5152
376
18196
447
338
137
7794
247
8345
15894
328
9849
69
19386
18333
17439
474
11018
188
156
171
66
24674
215
22209
18
15837
160
19954
374
14268
4595
4331
106
9012
196
156
893
6858
330
493
772
4362
364
121
10254
5027
15576
9575
433
4264
9
437
476
4383
83
3015
28888
2716
15361
18050
98
6852
25131
446
169
6356
25526
22742
16211
12031
5518
54
13537
135
384
335
5119
8438
10980
56
530
200
373
3816
5833
315
262
147
5489
532
9027
15061
450
410
466
20165
250
117
224
19261
221
13589
9029
252
10589
444
18185
7233
14256
327
27896
62
4450
229
9007
8928
968
321
68
259
10570
8578
379
2377
243
261
130
515
6262
29131
440
372
280
1630
246
524
148
333
424
19589
275
521
3178
396
43
21809
253
499
165
403
15602
13439
123
501
449
7165
11895
2181
353
461
416
481
482
9255
71
6615
237
467
26
14013
510
311
3193
267
462
90
506
5518
537
223
306
9013
362
4677
10267
185
20723
7682
21645
13974
68
100
3901
3390
365
323
24359
32085
22212
92
293
9373
84
11438
214
511
8288
351
166
457
92
21
17833
1441
5106
330
194
3896
168
309
3759
9204
12420
2206
101
8917
245
282
250
271
23637
22826
400
499
5789
12439
15114
503
253
453
91
258
293
115
461
174
14728
285
475
4405
258
6228
318
549
12999
15757
23281
16003
514
8834
4947
374
11634
480
527
388
24663
3583
555
4939
10066
11460
7100
12897
758
24485
22817
316
332
25351
333
3048
211
133
253
12205
14284
93
3946
97
9927
8342
266
149
449
377
2955
10559
3601
189
19104
30065
19625
414
17463
155
384
3
130
328
18403
456
11668
5742
17820
6620
13414
2
202
7255
10498
169
307
449
3586
706
22218
5429
8677
223
2519
14614
20998
24271
479
408
19282
7998
21152
12850
247
2843
404
7752
110
24113
338
361
32277
47
12306
52
304
7967
4360
9350
6499
506
203
6670
367
14383
4795
466
207
30519
2937
383
482
860
53
10109
3932
4842
16040
71
224
127
4183
380
28612
8012
506
220
6546
374
8284
17370
197
50
27458
95
248
1255
42
7021
470
128
495
349
299
709
242
12296
422
138
157
3840
15514
10628
10254
239
6137
29979
4405
5750
798
1684
7018
30335
17700
8964
200
22714
6197
465
441
1695
27044
2331
313
23614
2425
20888
6291
4671
139
22760
1868
5526
7325
509
39
8548
247
279
144
9802
439
317
29
492
14079
198
316
489
235
393
333
8937
225
7975
494
466
377
86
450
24707
17
527
416
7422
17413
15878
5112
151
173
298
24
508
5033
274
10724
418
356
92
5956
1259
336
2345
146
24328
5796
5176
466
30740
521
372
14506
445
246
8763
502
507
445
264
1231
367
531
9704
3
25881
524
165
11195
14793
21984
406
14460
392
504
275
627
6513
315
13880
464
10113
102
435
8641
26375
20067
5136
291
12295
12248
437
445
25544
3269
430
11359
2564
6422
317
20696
14895
15265
2271
17047
472
16251
13114
15768
318
22495
10303
84
6125
10298
14397
30629
230
475
14
111
38
2923
11239
475
201
72
397
12129
8051
5793
1964
71
12447
19526
16479
227
504
11914
13000
14475
5054
11767
9923
357
210
584
381
835
1296
254
31165
121
392
180
13221
5017
450
491
16154
3239
3746
488
452
14000
169
223
518
15565
15
398
13489
24
73
140
247
11
3790
451
352
47
164
9991
7016
8567
5197
483
8054
79
9316
6948
6928
15819
109
432
2954
465
406
430
11407
12561
471
330
59
445
472
5172
18508
12
414
187
41
6106
427
4331
50
14860
399
468
12485
210
18171
5336
11538
18207
14
441
36
9749
4201
5945
223
13637
203
3498
6862
378
347
361
20
6223
86
366
24088
5120
21644
164
1375
265
25594
246
8766
3970
363
121
6451
17060
388
18315
23578
19710
352
15662
110
893
13835
293
107
129
59
170
135
303
250
213
16283
173
276
8067
398
20732
5863
26440
31
132
257
8946
19919
362
474
1826
11228
49
16202
12218
15742
20114
26529
1759
6906
8
90
92
237
274
4852
135
491
419
3060
464
111
462
443
10814
10566
29
107
27435
191
4584
69
9062
260
244
375
256
16944
3211
434
223
6225
535
13240
307
194
417
176
25187
48
238
2368
439
287
3354
32
387
18900
18977
2291
329
280
467
34
8894
23056
3151
23544
4238
14950
11147
12665
4893
90
21632
217
166
468
14228
77
10543
3655
408
2442
12919
257
5140
1683
18099
7415
8766
12046
245
182
2324
525
14854
27155
154
424
240
307
393
97
222
5488
23704
731
17769
21637
11938
505
13753
105
30180
17672
13011
113
409
9752
231
1799
4010
15600
237
367
488
11810
3588
413
497
289
56
4320
5030
158
112
22184
266
157
493
21116
19346
475
16543
386
391
188
9287
163
393
330
12749
3031
442
302
30459
5843
9544
13062
36
6054
12419
279
19800
18528
14401
476
3175
353
11434
392
5552
351
21956
2506
195
5028
117
602
138
348
3302
259
7612
4434
22324
20445
426
9686
165
480
14161
397
4482
338
40
12746
23248
26505
503
282
10998
90
2918
2493
15213
23
416
178
359
425
15182
518
4347
22841
26305
334
29861
422
71
464
183
45
9391
23344
24017
1100
17436
90
23934
8131
303
1968
375
11532
428
19959
3904
469
10498
217
216
874
295
322
28
57
440
1
502
358
15202
244
333
3030
40
231
11695
41
13694
378
401
1455
2917
16582
13367
4936
14478
21831
5615
9373
11863
15326
2183
483
7490
9593
1241
476
6281
187
230
8086
26847
16582
255
6025
321
12868
12644
286
1439
410
19580
16865
6590
306
62
14155
7726
348
151
16908
85
235
59
352
65
23474
352
6680
7423
4747
19217
1835
283
7505
18135
64
1343
526
7622
13703
355
530
16210
15557
7858
385
10388
9275
12521
1941
10245
357
14089
212
24003
7946
17205
11402
256
273
158
20043
182
254
19944
13567
381
211
357
229
249
501
13
5128
237
446
405
183
6659
23524
80
3629
418
513
240
309
427
12875
515
163
450
18074
11307
111
26819
166
4991
331
497
470
282
513
101
7159
6322
7768
185
192
3811
8952
21679
23257
13795
5786
87
526
317
179
149
28596
476
310
428
13398
506
85
1720
100
6806
482
2356
11300
7085
18862
1296
2833
14446
6868
376
383
11321
13033
61
240
25327
14
119
14460
17738
9271
6967
13123
165
8982
382
10265
212
350
13822
4345
40
705
2242
2289
384
490
524
428
345
10342
445
12406
1088
108
313
4548
2373
3476
383
2368
20968
57
15376
3804
19902
17571
2930
138
329
202
16308
8280
62
445
9360
1581
465
24344
8575
7647
434
1589
461
39
253
123
1569
189
306
196
111
148
6470
21932
3339
4742
390
19241
11959
1618
23228
185
166
3465
2684
50
266
459
177
125
1
509
18737
335
150
8866
18608
498
38
13815
351
335
487
4307
475
16935
373
174
370
279
3618
411
349
22729
146
392
16847
6758
9854
13017
10715
469
24743
165
228
254
142
1559
385
125
481
4082
2577
22035
60
10271
12880
6365
148
17494
478
14540
26167
1715
78
492
8284
13384
194
28648
14295
29580
278
246
118
8262
8677
113
365
13625
22
14162
27040
439
470
12995
18299
12678
11307
375
7594
514
474
39
398
507
410
146
5837
260
221
142
506
422
5214
356
100
15
9772
1690
2885
116
9434
41
19751
178
418
10835
402
5101
65
210
471
436
3957
9248
237
517
19795
167
7903
83
152
392
67
10340
19
1672
10988
19501
477
468
17412
184
4154
98
446
29106
482
10283
132
15257
18
103
219
287
495
306
1334
332
208
21672
9781
273
464
344
2419
13844
483
1461
15032
7053
15790
415
25278
7537
9959
7450
156
6973
70
508
239
8774
52
9739
374
13140
331
146
8436
284
487
331
9519
14000
346
365
1683
66
93
17511
11786
493
13763
500
864
3378
24983
8330
21667
5594
284
82
11
66
10732
11677
502
14733
431
117
412
409
301
14284
21850
19081
13234
88
12163
141
397
12584
280
408
7921
373
19756
10992
7587
508
345
2596
73
473
18285
8129
397
210
2831
579
303
4879
120
8922
20860
114
7442
24062
14615
497
18419
3521
3
410
14778
13843
167
19742
260
9988
4731
406
24982
35
6923
18137
377
19794
129
16811
247
67
492
91
455
475
20764
345
26978
709
12956
62
8916
190
8245
11974
2768
329
18042
10907
8222
271
268
113
87
90
151
72
299
39
516
309
231
243
7615
335
128
26
11022
6996
106
18399
507
22
136
10495
4157
455
19407
422
11431
124
25888
2420
92
79
1694
320
5863
10210
13702
310
46
308
8464
5290
10111
10509
26
7794
31494
429
22091
382
248
1773
198
401
303
265
195
4541
19777
160
6192
330
203
308
8803
407
22011
12285
140
74
170
199
485
774
10
230
5626
116
8050
5773
534
12332
352
6703
16
407
325
154
507
237
1199
507
5293
5890
95
5034
3631
24
8777
153
31
5643
217
4450
12858
394
230
17400
356
996
199
13707
186
363
9865
161
29850
2575
98
62
431
506
6623
419
14004
4399
111
4780
192
121
457
7977
17109
62
210
3013
350
217
288
5924
11155
24811
2224
12537
14565
5590
431
404
7517
7476
390
202
25870
131
16703
961
221
12321
154
11548
4539
8106
249
517
7502
359
478
20633
16555
2303
500
351
5946
16094
24
509
8088
372
19
394
312
261
271
334
507
442
174
943
18020
17190
19775
57
59
14694
20902
14347
66
1304
8057
8803
506
338
457
21690
17108
329
29877
29130
21433
2393
113
2784
10149
4042
3038
6954
6652
421
4950
4604
6471
41
457
2250
144
48
38
245
230
12418
6318
283
3665
56
330
35
23208
5742
13701
185
121
1679
8914
7101
10889
19781
1595
28132
435
124
15151
423
3876
507
8604
21458
3186
9029
155
5498
16897
479
218
23742
404
4018
21547
272
357
234
442
143
20517
14881
96
279
1042
4088
1048
293
416
3002
18410
199
965
276
104
16904
13628
26877
1285
12742
5949
482
15122
23363
48
7456
3397
212
407
418
6312
4300
5380
455
417
10959
366
26968
538
14944
118
505
289
406
15485
9526
14643
2923
5
14838
2412
383
297
353
414
109
7661
21101
246
131
62
209
427
416
5027
203
26395
258
9871
158
6977
239
439
14530
10149
422
129
1460
61
10658
207
25711
2776
19863
105
21893
329
7929
89
265
4420
53
493
11838
321
227
14998
15041
4661
79
2547
9279
15901
507
431
2719
478
5824
37
76
9208
487
8660
312
323
284
2873
337
10989
29318
17514
10226
68
373
7317
351
523
5078
6949
432
503
65
5050
3978
6249
18297
5413
442
10733
222
112
511
10241
1200
1056
12085
461
319
24395
381
26
144
20344
296
62
295
191
492
14104
437
4950
257
48
31111
43
343
23734
25755
11292
11230
5193
10
250
360
491
9568
45
19963
16121
404
21
277
11323
238
179
216
286
63
91
170
27213
226
174
221
169
21457
47
156
345
214
495
132
110
349
70
8575
6748
257
535
94
8552
7042
243
184
107
12087
16075
124
379
19663
218
14154
23862
12
249
220
42
16792
5929
2422
19396
2274
327
308
65
533
15064
3824
5663
2012
36
1
6880
144
3
19855
288
6231
4186
197
347
198
6640
8476
142
358
25490
19750
15666
16671
433
482
15766
123
39
154
98
32
13974
184
7726
108
194
5297
3336
29
248
177
11482
1024
2064
3705
21087
21441
474
225
27
8896
9808
14065
6044
427
486
2634
13649
791
2522
393
6797
11196
200
96
10358
15344
478
163
594
198
16780
1371
35
49
8110
5956
236
16422
27088
2161
282
30934
27696
27753
8792
12068
10241
8168
257
16301
7157
2967
167
109
430
3722
17178
21
23087
21358
341
2627
16531
31
17897
194
1181
289
472
21111
14715
35
21696
17724
7220
15042
1424
3788
17021
1
384
239
442
326
104
10733
25268
34
7351
457
513
2
15011
7254
10907
222
10903
100
137
143
12985
396
247
520
13615
4141
297
358
9735
82
11
17070
251
4001
358
165
245
432
20065
4365
24474
118
229
97
1861
490
12671
138
434
13580
111
7507
172
14779
313
379
354
18
28044
10235
288
24649
376
417
11257
15153
3813
4976
10900
375
39
20003
3885
7
360
499
3285
381
270
22143
48
18085
14336
17209
326
331
5378
124
107
450
179
21058
6785
380
368
22333
95
505
382
7668
387
451
4145
1
128
291
23
457
158
9354
16963
320
8860
20461
369
15914
26396
186
12660
25319
11297
334
484
422
334
188
177
15712
233
16778
225
10182
11848
24219
33106
8244
7583
2361
26414
3112
76
352
504
293
14619
2705
2219
494
256
5578
5970
303
19164
14421
236
7190
6352
8238
196
337
17756
330
12640
204
388
20071
342
7288
540
425
15850
24894
91
283
5243
23
19
407
4
4636
16569
366
15835
14788
30189
122
3072
27156
5025
12587
305
11019
18046
8639
12071
138
3853
25509
6571
410
16180
41
415
239
1
350
21575
232
12496
9645
2198
20924
185
3277
323
6311
8453
20
86
400
123
458
403
296
3
13321
180
32492
9489
20125
344
6190
9212
159
2687
346
24649
7687
8484
53
50
6974
1369
384
59
12949
286
2249
276
2994
14446
8076
2875
9729
33
511
6305
5892
189
12881
229
1394
365
457
14623
1945
311
248
16041
312
21947
81
20112
205
5391
288
2982
33
92
31
421
8877
6436
276
109
23426
11929
4685
9523
10822
201
7874
26736
30846
23009
8141
9475
1054
134
358
884
1892
1290
26272
253
228
5497
259
5477
9582
241
2400
242
86
2769
235
161
283
180
11219
118
11276
7857
394
11762
366
13335
10552
208
17880
153
20
13759
491
15910
22772
220
14862
8879
314
314
35
161
190
277
23326
8711
6593
8595
506
10
60
408
7983
515
41
15008
162
27
347
509
6986
405
267
11088
39
82
307
9409
11083
638
2330
7
3839
15073
6371
9993
210
6574
8500
244
212
15966
288
15575
163
6917
10525
472
70
366
16170
14
14953
13845
22846
9440
468
356
19823
150
2802
13132
887
9749
38
5441
7179
129
5427
124
58
78
24
58
481
9222
218
303
34
131
3679
138
8713
597
4559
2928
16690
435
9750
4180
490
94
265
397
383
27446
1342
6935
25770
25808
12049
4602
1091
38
1541
14558
401
8012
459
391
287
186
487
6349
324
213
6091
239
405
26545
474
18944
227
291
18815
2979
9099
43
28298
10016
11999
278
27591
9923
343
155
5301
520
16048
89
392
21734
46
18770
36
302
2716
19252
11348
81
90
9458
506
27187
37
10325
7789
612
11
330
127
117
15354
9666
26378
8113
18415
355
467
163
5907
307
393
9689
6971
22751
386
18395
4424
2306
10730
3885
11023
437
313
4803
186
1247
48
297
323
4264
15329
1522
336
23400
16961
180
2288
12836
389
482
12
8516
3412
12755
486
3732
221
338
516
398
423
418
44
3566
296
5997
3581
7142
18647
110
7359
9793
21512
12226
462
32826
18599
14918
5866
20524
27340
10777
14975
7471
429
2841
20685
18
210
97
44
55
11488
306
17388
156
20463
5551
391
351
94
24385
23912
105
157
31559
191
9995
131
269
480
11198
413
14233
1873
1437
18356
426
9388
9312
14142
16224
488
291
52
86
10743
436
137
5830
9343
319
5335
488
302
516
17053
21080
24385
372
257
8015
424
8989
19847
2123
382
8720
441
89
16545
17903
363
2081
375
3605
2424
157
8257
269
3734
21862
12450
325
243
10968
20879
500
12237
448
128
329
307
4
347
317
3020
359
264
17221
7467
514
399
17300
288
308
364
295
2883
220
2239
492
13009
19371
400
11281
344
21816
7875
6998
465
19
290
10131
278
393
13498
225
4780
373
19675
285
326
5250
20828
193
18266
229
474
81
7694
398
289
12164
22246
2120
2216
12266
22239
5168
8136
172
9698
7488
521
27564
1394
12830
9787
1647
27100
285
7627
185
3390
414
396
19141
134
3676
499
11142
199
28268
16755
278
1941
10810
422
421
4509
12480
414
4094
157
7429
18136
29052
78
4833
489
20717
16965
3404
370
22833
22456
111
6
11209
488
302
22365
28817
296
505
155
6690
295
11849
235
78
9
1907
324
2637
185
3392
384
148
14518
41
1972
7514
8194
5136
13239
2965
3642
355
24791
8325
3541
227
3546
5848
442
162
9437
1767
2880
208
372
7583
32037
12888
196
409
19026
25988
7837
17903
8826
819
225
8482
177
7494
228
232
8776
13317
17857
390
523
259
437
250
440
236
10891
7747
254
127
209
17018
288
5594
28827
164
6911
27343
111
5361
277
6301
27550
288
11220
362
387
7074
196
73
19705
22242
220
12488
221
505
4613
214
6171
420
7085
448
4936
378
19286
455
482
1176
13673
7651
14149
2454
19038
16571
139
80
61
2458
426
8
3117
8083
461
77
9176
3081
3261
36
6006
20545
2964
511
214
10459
8433
75
19223
359
2026
369
301
254
498
448
12483
3258
4033
349
259
531
40
3316
470
1839
44
78
175
1875
6518
13808
427
32
1334
4964
251
16923
345
24214
11684
155
422
80
17639
342
13432
15344
354
6377
46
1740
399
12101
3061
465
508
8849
277
461
6086
316
271
25391
111
344
103
127
209
24
7833
3865
521
330
10658
12125
415
409
25797
138
21897
4573
410
5706
22484
18375
22552
487
24288
21908
28
28084
335
178
7875
21
398
15549
25141
388
14754
14956
86
520
19
776
103
3170
14847
494
415
11368
15
494
17354
97
2098
3350
8034
2174
501
12042
3296
479
8274
20146
527
7717
12764
351
2297
131
14279
432
5397
6456
2299
3
19160
464
10
27320
20407
5461
184
44
7962
4310
8162
5474
2250
393
6574
3285
5201
323
347
13385
4420
44
3245
279
57
20206
209
473
70
372
7256
10919
436
460
31297
13107
190
5
18144
16800
388
13097
5611
512
9098
12625
5057
158
127
432
21525
2031
371
114
5079
12880
186
22
4042
1851
3874
315
345
37
4377
3260
74
348
17373
6524
210
365
1606
177
340
326
293
6572
3973
48
21993
16118
364
539
43
505
221
10758
14881
83
385
18277
167
4985
2817
15612
2
22657
285
14535
9754
21604
98
47
6966
41
210
455
116
2987
7370
16556
16429
2219
431
224
18170
18200
2590
98
114
31036
291
11098
3926
503
152
62
49
48
12718
181
11315
22310
3223
11131
11215
322
7514
6621
15618
1722
21411
231
331
11519
18087
247
71
2414
16846
10205
8046
26571
516
14115
25438
29773
2287
8441
209
250
9999
11158
16165
381
11394
194
6706
17487
346
12098
14915
6059
349
327
399
504
295
10711
1732
252
465
6004
3433
470
810
3887
186
220
23488
340
15454
322
144
466
443
376
27553
204
358
201
5342
21899
18773
33
227
416
494
93
451
2772
7549
39
458
1789
15019
241
38
461
16931
245
477
8485
344
4888
8780
8423
688
431
13359
238
3
16
505
240
9610
13514
12029
15089
26390
491
429
15714
285
161
77
4099
17089
2765
539
416
6674
18
21955
325
186
518
10806
6378
27972
24291
424
1020
9345
17
100
22159
493
9490
4888
419
474
24
250
424
22099
462
474
1946
11786
27581
90
190
172
13659
393
9358
140
13172
235
308
5315
489
359
112
324
482
189
9312
1857
117
19712
325
282
485
419
74
3467
156
2476
15756
112
17046
6861
350
134
522
1622
288
400
18878
148
61
251
19785
326
39
453
271
525
8633
151
170
173
120
8227
27809
139
71
13377
190
10849
3587
450
19361
486
500
370
15281
3552
250
8041
23350
476
394
9016
305
506
2658
12587
4018
25824
2983
6889
4094
17699
8749
230
17821
56
365
428
308
17579
11450
11060
10628
2965
5958
92
175
9239
10586
497
4500
2212
3998
414
354
1049
19813
296
16302
219
96
300
463
375
44
384
527
198
2062
11570
3596
4134
497
19326
362
15823
131
5399
5991
261
163
46
175
365
6968
377
2299
10427
387
236
1139
372
258
47
11455
14866
30360
443
252
20269
155
26070
500
400
377
7092
68
182
145
17568
502
17841
91
11937
6073
263
166
118
253
2204
83
13560
298
131
1224
5640
11538
38
86
303
137
95
13452
9840
4763
263
475
469
3996
529
28
406
2534
112
15659
438
80
501
7957
1763
128
16376
25376
173
427
15763
11324
441
12164
12153
118
355
451
3225
99
8026
4164
8975
209
405
423
20268
9129
57
14135
214
27616
438
409
386
4857
151
171
8132
3870
2529
272
12326
12502
204
432
462
178
442
306
21103
327
420
11764
328
12269
26
366
10891
24364
1296
28
9778
6453
317
379
378
3256
205
8587
376
271
347
370
29184
313
173
221
26629
6841
18786
1511
12914
64
916
16
5174
24552
213
405
29117
1003
217
14056
1958
261
18
10169
175
399
108
11081
13203
1
456
18665
23823
2231
102
336
310
510
1787
195
8320
16262
10991
96
774
6289
161
15559
49
15986
265
259
8955
332
487
34
7869
290
318
195
289
394
91
11297
17
964
411
23
314
3163
19158
114
253
5407
230
9882
343
50
8298
5596
14949
718
12977
225
6
428
347
517
14182
10918
230
167
6041
347
317
10126
13225
5210
18200
20832
10890
256
6910
1
3986
13324
324
8724
409
14204
12757
209
489
4521
436
60
325
4996
22382
567
253
97
889
403
274
19
453
22019
1100
454
23094
494
442
18298
420
24311
432
90
42
6339
10
329
12855
12757
19700
61
4741
1200
250
434
144
20203
27356
3173
178
222
19179
43
10
427
4193
16351
111
8943
159
134
16908
363
310
11675
177
529
5272
483
189
266
436
194
235
19483
7275
356
362
5765
23331
1658
26919
273
25301
307
3661
39
256
18
333
2367
325
373
526
18028
101
203
484
395
326
494
136
252
11243
191
5219
64
29
15986
18
9132
393
148
1668
11618
44
3542
4947
9571
5
510
12775
176
298
357
342
18492
305
223
88
11014
18501
12969
402
386
467
673
707
137
49
148
21213
6729
355
83
3424
411
153
286
2115
5628
275
377
22593
505
179
412
124
182
317
84
17615
718
45
17385
254
3227
4086
204
11162
140
458
21347
4499
22484
245
7075
135
22837
24187
266
10184
403
82
23533
420
670
15393
224
36
159
332
18062
3198
307
35
5349
74
92
107
299
252
17377
186
437
264
5892
1955
15072
4475
11526
24762
22477
27077
3146
506
273
170
22079
154
18564
359
27922
414
281
164
115
6
22932
461
6476
229
17288
677
61
3692
133
2283
365
294
251
6831
1353
30851
407
49
21685
509
17253
226
2062
63
482
8229
3
69
247
198
6093
43
358
190
184
3542
9766
521
20196
46
254
40
8037
9254
90
343
73
341
18680
544
19279
404
230
12296
347
254
483
10445
3976
15
4259
264
92
23851
158
4950
404
1831
3543
458
134
125
7740
247
50
5886
24291
51
5857
379
9071
371
197
309
2864
160
348
20754
398
24006
156
1240
353
6070
456
234
30431
17208
17033
31133
193
35
23976
5152
83
253
9403
7952
228
14442
287
12321
367
30
27101
442
276
456
58
248
6899
119
345
476
19804
13659
421
436
133
15
21873
11802
201
8351
1965
21139
441
4416
15975
453
451
9709
16
65
1835
14021
5572
22841
7930
152
748
19429
19
148
14726
6950
384
61
25637
447
281
13077
50
19287
25
10630
332
154
243
7143
2325
132
26751
360
11517
3710
24290
485
261
2943
525
24143
27584
21091
324
17639
519
248
11237
7353
380
1510
10157
27983
368
5952
338
2
20980
5048
69
354
22980
38
4325
26972
525
18411
456
12205
331
245
12994
396
15313
101
440
7067
25720
57
23359
19874
105
42
789
361
7532
11842
403
577
288
148
3216
13234
12398
11214
87
77
9986
2329
79
77
135
12315
16716
185
21267
820
481
7770
268
521
17989
395
2260
8749
20627
6505
1331
1205
32
846
90
32
384
4887
497
25212
416
22475
11890
9168
6941
23
251
43
7244
11169
25811
8819
6468
3466
5306
9925
300
26290
28548
19122
12514
290
4291
14903
5040
5673
31667
435
423
12853
6416
138
15846
514
1824
269
135
504
107
7054
3834
301
18463
2117
29146
24691
9863
121
52
12252
198
450
31309
13981
18
13341
262
1190
167
21828
10955
482
345
3044
291
353
278
24940
13777
7602
28898
12267
3700
9461
467
18853
6674
139
286
365
7570
1286
11314
756
195
270
21974
293
458
9279
28542
488
15343
41
4609
8950
10776
207
162
430
431
15374
456
19551
324
2
4901
236
2154
314
25563
75
426
1256
437
24317
4595
2916
9
161
3473
423
277
364
6657
2767
73
415
2161
81
2583
292
215
62
27050
498
360
307
239
223
492
2409
14887
213
139
530
27927
247
3908
9652
7086
104
24399
483
131
20832
7012
385
24756
12102
58
256
12208
7403
440
23312
14259
395
28173
25
298
360
375
13805
1024
15718
5927
40
10339
24176
84
306
253
359
18430
157
10108
496
508
482
510
219
41
3768
400
15848
205
2802
11217
462
165
34
14306
322
4938
6872
394
149
22
12291
2567
12312
8593
365
15655
2329
20691
75
460
24022
4
9843
408
435
463
23251
155
5115
8068
96
477
483
1932
31020
3256
4122
355
2293
1117
10265
14877
536
393
8673
8962
115
196
167
316
392
180
424
14678
447
438
6508
8250
241
5922
466
133
16290
147
283
204
13625
9750
411
6542
228
266
6842
525
523
17160
10633
501
278
318
29
21668
8475
464
37
255
1375
428
234
101
120
665
1946
27819
23
8921
479
464
345
23626
8053
323
334
17608
27
197
6432
31
242
191
367
29
1147
9583
72
240
5127
470
26635
260
26494
383
1890
23630
5042
214
460
127
414
155
6532
1336
5925
19989
358
9593
6922
489
157
496
15473
438
282
6090
4773
6416
2289
17495
400
162
11942
277
9244
345
18516
296
322
28296
258
747
8940
3841
15042
12749
470
2432
4911
307
2
435
1714
2756
6371
13688
3943
99
468
11126
4492
159
6825
13183
14803
4406
222
456
19829
6397
14626
5247
441
492
11970
1338
25800
9
12902
140
290
192
506
4013
33
101
33
12629
25959
9180
352
503
3787
7927
464
276
7320
105
263
1384
17343
307
196
16755
365
26
91
55
377
85
19040
487
1252
5392
18738
222
234
508
24150
7143
504
76
18159
19829
445
7646
216
380
268
277
36
21421
1064
9454
8630
8083
280
354
436
18745
6949
5481
146
331
3913
12466
353
4290
5687
412
4992
3845
733
487
903
257
15568
421
3128
7386
361
410
441
480
22
24225
27094
90
2879
109
417
540
342
451
110
517
64
206
153
183
43
10161
333
294
302
325
402
8534
80
12641
5
59
6
29910
384
6415
336
11800
330
44
249
7533
149
12358
1666
510
33
8344
5448
484
205
120
480
329
5485
161
471
14083
416
12568
12411
315
419
426
17431
30514
84
383
17245
3118
237
337
157
7222
17995
259
12203
476
96
6688
35
283
6630
449
15243
360
450
18805
29587
11949
460
375
190
304
137
15483
24543
6113
1422
73
8560
16671
513
172
191
520
418
87
27897
1595
233
93
461
243
29096
115
13966
463
261
18400
384
326
499
145
11990
127
22350
26082
14839
415
502
6239
5266
99
901
15699
303
7598
14297
16
12074
8730
22961
10509
16416
5826
218
12859
325
221
5564
13383
304
73
171
5703
363
243
63
526
2735
327
419
5087
121
48
225
15513
481
452
195
19824
294
206
5467
1500
7703
336
331
175
38
16512
2805
470
437
292
256
514
198
5483
456
1665
20599
12571
374
19575
150
82
532
17115
480
176
11202
231
6328
166
13709
4106
488
407
207
10936
272
482
4818
68
276
211
378
5350
4233
19049
417
444
16913
380
507
8815
6197
20061
283
1259
397
232
734
267
4621
724
4019
344
14810
369
3699
5309
10011
127
19265
22478
7618
409
22863
67
274
469
72
488
288
2193
1400
391
279
4740
3434
14536
94
482
263
232
451
427
388
344
186
91
4907
401
535
167
190
13138
10148
2503
257
184
997
236
317
280
24096
259
373
7894
8785
15834
5481
178
6974
149
7492
139
1109
21755
7602
398
124
34
71
106
7724
112
251
17047
460
38
106
149
2447
321
175
11514
411
6107
27912
359
10717
215
342
429
107
29922
286
67
477
22984
701
62
14192
157
3194
276
152
7045
848
446
457
481
312
255
212
14483
9474
21826
2781
3
3113
9778
9246
11621
15123
14807
21850
6542
13569
13718
171
2136
11528
5069
221
4804
473
509
16172
487
28399
11732
394
408
309
90
4653
14274
127
9670
23598
185
49
8392
3969
142
2119
176
445
4746
2012
11328
28739
32210
7775
2074
96
433
10459
103
344
8665
56
10782
25398
7576
435
21416
332
35
528
272
123
25688
11728
7301
4510
249
404
18278
370
54
244
24255
241
25731
51
496
2000
387
278
9621
412
2968
317
437
3949
3180
15565
4281
25861
6357
69
258
123
379
13046
2531
4963
243
23047
3629
2768
5238
7112
5192
397
248
5685
59
341
151
6390
2519
12975
10139
100
18007
9804
420
236
9622
17003
169
8728
129
438
4759
122
194
615
55
3483
31099
35
10170
17210
11963
21
9921
287
200
15028
337
24309
42
196
88
10991
32520
433
42
178
160
8407
6137
24
13695
163
11888
13961
32201
25580
100
500
9057
47
453
1101
258
30533
205
120
23949
266
9781
363
8653
14800
12547
356
25880
385
14641
513
271
56
325
14448
3558
212
5532
29927
161
6630
27063
224
22324
5765
10223
11500
468
169
345
3427
341
361
28865
472
22873
7642
21493
4497
14624
30
7858
314
357
14495
16383
10841
248
493
6976
11277
382
308
24616
470
456
117
25830
45
485
328
3360
12593
10537
11339
15620
19476
481
74
367
186
7656
485
63
11941
454
20091
230
16952
14427
12403
19761
17
19494
385
463
322
21403
19635
464
16281
77
345
13765
266
9934
1168
243
407
553
463
10657
104
520
151
11898
439
59
402
232
525
4205
378
6918
15612
13230
465
3217
323
1706
54
31
231
686
248
2520
959
277
43
421
4764
2579
8261
412
20
21968
4726
5169
1971
247
144
117
8812
7090
462
620
26124
12761
7068
223
126
2841
5953
96
3812
374
138
1982
369
442
18477
493
12672
13463
243
73
12195
12273
3666
472
197
24028
14356
5227
225
284
139
27731
5734
23056
8759
343
491
22309
254
14733
7
15453
273
24146
3152
17686
87
163
24325
5310
26657
3920
176
6
365
14
380
5100
190
271
22326
499
733
225
4747
27877
324
6902
27447
348
284
7424
786
179
356
4769
324
2900
360
335
89
22286
473
15694
1407
63
299
12652
14072
126
9213
4394
367
159
17590
2170
57
439
14051
496
8212
19652
278
7607
269
3436
7602
107
6219
17660
19133
20561
13533
16573
59
157
24758
37
43
16
14242
393
436
18
442
11682
454
7763
3235
473
7850
380
79
417
198
237
10729
265
11740
20268
772
15756
297
198
489
15179
7666
23113
22997
10437
112
59
74
11079
6379
433
17637
373
18178
15467
31475
144
93
3078
25943
1166
410
43
2624
13
3992
355
495
3824
452
324
13923
24024
97
435
4163
335
857
181
313
5826
8695
22629
1750
364
168
11089
4016
8012
23466
343
3745
9988
239
5
3800
319
80
210
21959
249
24964
488
469
337
5411
267
341
81
411
187
105
10371
11432
170
7428
16496
19241
3071
11433
6366
12
9
488
3536
13398
28218
379
261
19594
13308
1003
60
513
151
12167
12117
16932
529
5969
19649
8577
30
10481
14965
446
84
27616
342
10400
7907
6187
29178
266
9561
12116
136
102
347
108
167
251
12882
277
490
342
157
27550
8957
484
321
141
338
178
10
1580
10954
41
314
4521
1266
7478
17058
509
17718
234
8113
14680
35
504
485
65
448
473
342
23057
454
15873
4107
26330
168
135
8255
9584
11843
5497
12999
120
418
9154
267
7150
391
29
45
223
523
128
497
388
8827
4570
1916
138
5595
9456
204
2492
7563
470
9853
6428
22854
24207
246
207
649
282
9425
180
292
30
10440
2087
473
400
196
204
32
209
305
107
289
9558
28198
135
16742
24095
5080
23015
2809
17408
347
8
346
13175
5712
141
1319
4761
2322
27800
2216
390
8492
15946
756
168
332
4522
345
475
322
59
3507
183
120
15281
18042
16978
764
400
56
5996
5906
27
32285
145
62
7080
15665
17940
3946
15177
5086
184
15392
14045
25102
7408
137
501
75
57
558
424
40
35
486
2194
125
6116
210
246
13033
10621
4423
1870
512
10631
540
182
117
6886
8555
279
275
356
8851
374
8180
13182
17188
3673
454
4116
19601
83
13
501
13537
285
384
79
656
5568
6
523
25
8126
109
403
454
515
457
505
76
366
246
11716
304
13141
517
106
445
361
229
322
230
324
15124
7217
8663
159
304
14163
484
72
200
197
7969
3289
238
36
319
386
481
1722
307
6177
1890
404
195
280
26148
10462
5100
44
329
24034
115
348
15076
10226
377
351
482
15771
20272
13108
25468
275
63
3225
155
466
12268
7638
3351
2
7944
11130
497
1863
43
1510
454
7738
6067
6630
4569
522
23455
65
20939
415
94
222
13767
512
4055
219
14424
5941
6839
16229
310
120
10820
6
11377
2
217
355
518
328
71
20475
24394
371
6749
246
27611
413
182
9671
402
24
12430
4753
7498
3984
12327
17255
302
482
510
387
5565
273
29054
29981
11
24521
288
21328
6514
202
7823
6059
2609
21257
8791
285
10275
207
217
133
20747
472
6144
63
2153
1212
20048
13677
3336
218
21
6116
19
489
8699
55
11966
462
17250
132
5
328
17831
290
138
13456
251
36
245
22524
3451
10086
374
23671
339
456
19741
4547
301
358
382
18151
11438
70
328
31171
21158
9171
470
18996
467
504
405
301
14892
111
505
190
84
467
10403
18699
23009
7676
11212
20253
525
438
253
25
2903
2709
286
193
444
26
397
366
129
174
494
22270
10175
433
19827
100
327
22814
16947
14071
15647
155
11213
10816
13033
9687
2985
226
11019
20254
125
9006
310
321
5321
273
162
75
435
18953
2646
5126
270
333
461
12751
12
381
9657
411
15288
47
25859
22464
379
8561
107
23905
6305
8248
2518
14838
12854
415
4174
455
13142
5550
23183
1754
17094
10022
495
1
13187
12369
234
7361
24704
453
2056
194
398
2044
15
21
76
166
172
1097
475
37
243
24768
19943
16064
198
3730
17376
366
532
3
427
298
193
287
8338
253
147
22365
203
10225
362
175
291
9373
445
273
111
467
386
7572
16870
5701
3556
12591
21237
394
469
13352
72
275
11468
228
2486
186
461
412
362
8853
89
299
23040
23795
21265
9883
62
2250
414
8438
257
235
27
272
15548
3983
97
510
20
155
317
450
333
321
2520
986
17653
7577
6238
24875
308
37
345
5169
12079
345
26530
9982
2820
13649
92
26018
242
8588
179
236
6579
512
11989
11
81
239
25893
16884
7350
19274
7350
429
148
10604
152
38
2795
9225
18522
352
74
264
20
90
368
79
5587
107
457
58
19916
7272
10820
13037
466
12709
238
3822
20933
15043
4316
3207
353
11042
469
202
67
25556
4370
747
14645
13659
340
514
62
12820
19999
223
401
18193
415
11261
26364
17009
264
13859
874
441
27897
27063
9181
12149
374
378
9153
9481
317
447
791
44
8244
225
512
52
318
278
393
7488
17
81
2970
11
14266
5978
22509
4050
13696
20341
2533
5928
10369
10271
44
51
174
23595
526
310
24281
327
24
25614
184
17097
8923
5815
260
192
422
1197
7653
7814
268
311
2623
2317
22557
25906
521
449
89
233
14429
2085
90
1597
19011
3717
337
1097
20779
455
18702
439
212
438
13691
349
208
380
6569
912
10088
8339
28222
5664
295
401
16357
443
4201
12634
193
23171
13
240
168
313
3978
16846
3434
413
468
20519
11503
26218
6390
29764
257
16789
190
281
326
260
13177
463
276
6974
14885
16081
459
26028
12137
168
140
16859
162
5910
9801
295
465
1300
434
460
19259
7727
10943
15803
446
10544
6815
15244
244
9453
8855
480
3244
3806
390
8213
514
503
411
486
123
443
427
162
98
145
47
26537
17928
491
169
440
897
14581
222
18800
480
467
16521
19015
180
457
475
6372
357
16809
2043
140
8129
326
521
408
1456
6906
454
3882
24835
5177
86
51
201
7268
508
5484
407
436
50
15866
382
269
1945
32054
6944
15105
6906
333
467
79
348
2590
14551
135
168
15924
376
82
2249
450
12984
516
374
897
23895
11679
72
6389
7800
112
5761
474
2975
108
3071
7928
178
10384
271
11067
465
222
5473
10241
497
25262
6247
13059
11271
224
5444
11654
128
18877
7440
201
185
47
21782
8266
418
38
11491
136
150
9142
198
370
100
162
9445
23463
241
10146
28284
318
3178
382
16039
169
3054
6110
5913
17523
8208
506
56
17482
1582
198
202
2516
4585
204
3998
15
19411
26174
494
9405
5591
149
5387
155
317
22842
13516
59
181
895
7301
981
220
339
16572
1570
15099
257
11412
84
309
10712
25102
1151
366
341
146
439
16
364
355
42
4674
471
175
349
6226
367
160
380
17366
213
3
1599
12039
454
15
493
299
50
5989
132
103
16419
5494
2290
15216
310
9731
498
926
5075
442
16
21878
187
174
109
348
3285
60
9395
179
12971
368
468
3160
427
169
121
3025
466
430
391
8572
230
2695
97
148
207
140
13692
516
464
499
326
15638
9222
4041
3092
191
87
3
21229
17
347
3707
3125
9835
24323
186
12629
7724
28
1235
17430
10217
13111
494
13273
380
273
8388
40
112
20813
6528
417
23643
1653
151
104
13055
29
4989
131
448
8809
12268
4912
24695
1144
10364
3226
183
401
238
9405
11525
148
658
164
23181
525
6293
12107
14295
310
429
6803
3078
5161
423
11874
4039
1897
94
11554
3404
144
306
40
66
1915
191
13966
249
2665
10090
13462
5994
242
134
871
8404
2157
395
14
9900
70
25350
14992
130
2658
2275
40
15366
2800
23089
16080
9377
357
26558
93
261
25895
223
9709
2621
7034
386
9175
3909
21349
119
86
1003
176
6217
147
13451
17968
324
493
10314
36
8868
18711
251
11007
11771
49
4589
2186
75
426
278
498
4711
22370
13693
373
122
1008
124
17637
23242
411
381
316
113
20257
18504
10683
371
16042
16896
13901
268
229
8833
255
361
7868
72
6900
890
351
17301
1846
194
10204
16372
4945
15683
92
30
7639
8594
14052
10426
8602
130
5446
394
16527
21735
351
291
416
6583
439
276
450
7911
2619
4069
1109
25487
48
9884
154
439
2748
21645
370
19654
6504
25334
400
7883
494
177
316
141
6623
15604
271
4578
12019
509
506
9237
398
1609
337
199
2492
2749
405
7832
17094
167
16408
1394
477
10722
474
334
3349
10589
13284
9791
12696
8607
519
4006
395
18651
5079
114
9888
13236
13019
1819
321
4799
121
407
10189
187
185
24563
223
426
12479
123
27435
29273
3962
159
9842
2321
50
11108
210
188
49
9107
15872
7638
9628
486
394
2765
21449
276
22051
219
21580
19887
381
7629
3065
133
21
446
184
63
52
3
27677
168
270
227
12975
5555
198
171
286
29
355
286
60
422
6688
13010
499
141
233
1399
16279
4472
16346
29
11360
118
497
3
249
78
22
473
6116
452
204
64
1981
4482
15329
10016
764
23
11693
482
9367
22332
13201
20946
20807
498
26
327
31
19624
410
13151
390
2798
9226
102
192
1593
61
23320
327
90
3344
9
380
78
24476
78
12191
444
200
117
1756
14395
21596
399
27243
15594
7519
19526
385
264
27917
11114
18668
12
3820
25578
436
5760
7522
24910
16087
526
25272
4486
469
13188
38
5196
343
32
15660
5704
392
19783
15329
513
494
518
7659
492
9881
28
923
10730
9046
1525
381
466
98
15493
221
527
117
8810
7478
16287
517
96
11874
5986
17804
5420
8886
5004
11592
5039
14387
467
19468
30411
29396
6322
10164
19423
355
10387
5523
123
59
4343
4541
1395
184
31968
383
220
4524
2774
9326
9914
391
810
241
16233
507
505
178
209
103
414
18403
498
461
20684
10
137
7497
57
229
12452
17728
696
178
14
418
11777
148
24616
171
24028
108
110
126
161
406
342
11442
285
11068
8907
394
8931
9040
11729
666
373
345
4519
6596
14552
17521
14790
14066
52
12851
2709
7220
1707
205
370
2180
362
2753
15
19844
3917
381
125
116
385
4260
384
140
11199
471
11594
128
222
466
11864
296
14843
510
13138
302
74
10572
113
1437
240
17568
83
405
4157
1960
19101
15006
9681
196
14652
5807
164
8010
322
13976
448
9113
236
63
321
302
233
27
72
331
255
423
4559
6390
10657
18409
6906
10276
9947
13365
8473
15278
6
4089
511
40
10592
192
354
382
15258
363
346
5790
3
359
331
525
14259
17584
485
815
12080
132
432
11583
5907
437
7590
376
2930
118
4432
18025
504
12755
14741
8904
19281
137
5164
1982
2518
20422
202
8565
316
51
25638
9166
374
16475
4210
280
4646
20340
6378
406
377
11937
499
106
503
4103
15
411
17888
324
6627
19840
22583
51
154
323
9208
22528
326
179
13266
525
23506
136
521
12637
10395
6659
418
1325
12074
121
16471
511
8272
16584
368
22439
364
10268
90
17651
189
81
902
3305
18635
216
57
194
448
129
26726
7897
108
15542
24318
153
5738
9395
433
123
4740
14631
14211
315
3
4214
430
399
97
26387
17741
3380
18
385
415
6422
422
516
23382
21
15465
24627
11928
1208
12
2490
83
422
277
193
423
215
345
8593
27249
4910
385
14539
15040
530
491
8743
472
124
2177
149
6164
9095
13834
6928
7426
5743
16195
9021
311
422
168
9003
360
6772
15886
391
66
1731
226
371
1
132
480
9066
372
308
288
11524
22709
251
245
296
321
51
509
5900
514
92
387
5804
10261
16749
13127
133
400
1138
8800
5652
1577
489
486
523
278
290
13850
536
439
531
14358
7756
6447
29
1744
21497
4256
216
117
347
11767
507
1054
12101
18842
429
4313
16472
4293
26542
211
2955
5684
85
22758
12110
388
110
29102
6348
8015
1
107
56
6129
25422
18110
472
356
434
9
32
386
20
74
510
11
16658
457
312
143
12728
23680
156
322
6963
15006
187
450
293
2540
9412
17642
387
255
490
190
5530
143
3038
438
11524
196
357
15585
361
372
149
18056
209
22728
6049
187
4
67
16
9288
16603
441
197
391
316
10812
277
323
180
1220
12891
4075
95
7894
4392
5897
218
388
465
176
14446
7325
416
13483
222
386
256
508
7519
488
11584
286
7231
6658
28511
22344
2982
262
4444
162
212
80
390
3161
16536
213
231
263
35
524
22393
262
469
87
14985
15624
412
516
282
23173
22149
24209
10740
8541
3877
7716
424
12637
385
141
19881
15130
265
218
346
3
13
12846
489
344
1402
15845
413
690
537
500
468
26224
299
4360
8502
392
17
375
381
18283
368
19819
12308
403
4901
333
8311
505
4142
18002
14975
6233
5091
361
5381
429
236
18185
7438
9904
89
23517
474
5653
24807
225
3771
201
1586
7123
354
12903
5482
10472
12
2976
4427
17254
13204
464
12024
12897
8163
214
237
3675
31
14454
14562
8846
19586
24364
5456
317
2544
1877
6148
297
477
175
2938
19026
13924
361
21513
180
7931
5702
81
228
4767
31591
355
202
118
146
22
154
8560
16535
6622
579
409
464
21094
19225
123
10021
370
97
76
17812
12364
509
165
15231
4347
12073
2258
20065
202
509
411
154
9691
5734
31813
3999
60
17339
9728
67
16210
337
14544
9486
4075
180
21455
273
229
117
2399
208
332
18396
423
339
27179
304
9634
35
202
15
166
463
11079
287
174
53
247
4868
25207
520
3077
376
388
114
10065
3179
19607
2102
7772
149
6565
267
344
9051
16911
12204
4117
14354
170
11196
69
204
14807
342
410
144
1193
311
209
502
161
287
474
194
101
7023
7834
28
231
150
494
3349
48
224
220
9968
3169
371
10264
244
13387
158
18823
435
4392
2817
484
20978
7705
266
396
9545
186
12885
6170
759
15142
3256
789
17991
12912
8971
12837
511
7680
4260
140
22736
352
142
445
481
277
2077
28233
67
296
8966
1884
355
7898
337
25744
520
6684
310
21219
420
81
28311
77
306
521
23391
215
109
11428
133
697
53
14905
22943
13147
1779
2273
5821
628
437
10887
130
17156
2728
313
23825
106
7893
308
517
17292
10533
15562
148
281
40
2021
473
153
276
19779
484
8067
23345
305
7553
424
280
23742
9206
277
7759
12798
507
1693
9130
1837
8858
7745
393
166
17715
521
11567
1040
392
18369
8592
2437
12489
16738
180
506
340
391
355
28877
12123
482
23684
21399
371
6404
14154
109
24479
27462
1301
21579
30469
37
8966
220
11300
837
6564
426
3037
15243
198
344
26762
337
257
393
137
48
416
11652
30
512
420
164
729
3972
8542
17
435
403
223
5
426
433
80
8
380
510
6019
275
4566
899
14792
9672
27232
6592
272
969
6481
13565
5
9482
482
29
19983
9645
9417
12277
6935
433
8175
864
36
9458
15945
400
13689
13
6978
267
2317
9289
33008
4353
107
195
470
18766
9168
432
481
5415
456
9028
15824
7370
467
360
487
17384
104
13279
87
1771
3327
208
29361
461
204
59
413
81
121
14713
92
6464
313
12074
20888
413
20439
413
346
4214
498
14298
27989
216
241
18817
21169
126
2957
295
10745
2970
17203
24
19352
451
179
95
328
11813
317
25493
4531
17779
137
277
66
166
71
512
185
198
12917
327
536
315
356
173
315
219
78
3
199
310
489
12851
388
17380
244
14523
367
20919
465
50
198
334
15
289
253
221
407
453
180
264
22529
446
385
567
278
299
6634
230
4369
14317
17422
16464
4409
8850
10599
19959
28228
7996
10181
348
28333
6230
22484
402
121
14630
4876
481
485
9138
227
3247
11331
18221
300
505
13067
233
123
2605
14173
440
19203
215
241
7984
435
18314
507
206
8145
234
11139
16512
26404
16407
413
5762
9524
505
4704
285
17135
24747
9219
22754
261
365
194
3865
6790
208
2934
5541
91
147
9408
4350
10532
191
383
8582
167
324
104
233
23613
163
4229
502
476
17447
407
368
16032
9466
166
8017
19431
26119
13439
2028
412
28686
338
274
637
14566
17192
465
122
207
152
408
423
515
9103
65
8336
121
10355
21287
464
269
478
185
375
235
503
340
21189
16242
25256
4892
17137
334
306
48
6163
9728
500
30
8521
17040
310
523
46
327
1001
21061
237
346
6776
359
31851
8908
613
214
186
182
9466
19813
517
252
9973
172
20473
329
7317
27149
16443
135
306
424
16371
6718
8802
133
137
6632
294
12531
1063
109
7182
3094
605
15575
504
1479
312
1780
296
14284
373
407
505
8990
15055
5357
1691
11124
415
4846
418
2624
2990
87
6032
303
174
14675
4167
19920
325
25277
12840
285
1618
23592
23124
235
11415
386
3413
410
445
24905
19661
535
294
520
12978
250
50
11346
430
109
20635
20889
13394
8596
7895
329
30257
382
13713
389
22853
151
464
11882
26
29235
155
271
225
384
70
10299
218
12237
309
4026
217
327
8530
55
242
318
16407
530
265
25833
10322
3160
29
20380
11564
10781
14053
209
373
19531
409
338
118
253
16276
6987
16189
510
35
12024
22340
10899
4749
486
17601
377
487
511
5867
5756
3060
477
21201
11666
12740
848
344
8802
308
160
2867
11883
103
40
11021
8057
7801
58
235
117
21133
247
18824
253
18261
14551
376
185
8603
10270
7887
29271
417
536
10501
234
45
24227
5355
109
377
25
13550
11126
166
13925
14713
286
26173
235
3814
498
17116
7481
347
11150
5753
17852
25474
7483
522
402
14904
220
21129
281
1287
18469
5787
390
30717
152
456
9
159
454
7546
370
525
344
144
3891
22756
9554
20247
9584
232
359
10767
162
164
18290
189
13942
388
1285
343
227
13409
6954
29599
3100
3704
484
6999
24283
222
9460
80
9369
222
57
463
383
174
7609
1086
177
296
155
347
416
1195
189
149
63
173
5364
7451
1607
306
5912
773
12264
12472
3312
16527
316
213
499
9383
51
21780
5052
14795
21039
283
256
57
17202
84
22450
445
445
223
338
7910
12480
21319
6784
12146
6268
1394
259
234
364
352
9324
460
312
1603
390
22942
15473
9286
227
11157
82
7015
19476
150
13413
255
29068
13835
171
155
142
184
1273
5739
462
127
285
22364
5
10697
1489
478
9
158
20423
531
26238
205
16593
876
11256
466
357
211
16558
13142
470
15524
331
7450
421
415
103
432
401
11
33
7798
21778
330
71
68
134
311
18
142
180
9291
14363
151
177
12626
3898
16518
8405
294
29350
114
6982
266
20
267
102
511
96
298
16386
7771
346
20352
8586
401
2529
427
325
531
342
21996
27491
4987
506
14147
333
408
522
1373
104
27094
417
326
7037
4451
167
1706
274
129
670
3403
2965
440
424
255
1327
519
332
31
4148
114
11190
318
509
13011
5418
394
12126
429
8634
495
2804
8692
22731
25718
289
231
10992
437
71
170
271
15
255
8128
12
143
233
28820
954
440
5133
123
17170
508
12451
11880
10154
7647
7948
20393
245
141
14712
17472
12659
2
200
17323
31738
11771
437
153
73
18159
7422
25696
401
8833
272
7916
5469
91
10709
14508
4407
2773
290
21532
315
15
216
8451
12
1213
494
18555
138
280
237
390
265
13693
27
14458
532
71
5835
22156
341
482
10419
5238
389
371
452
213
837
16602
77
318
180
171
20722
7556
448
14096
460
236
9549
355
838
3955
10637
2437
3785
23993
283
2095
8539
27874
161
18773
3437
10957
290
194
56
458
9141
5
6797
8522
7066
419
170
417
11415
10920
13982
298
60
121
15174
302
838
1270
23801
6005
65
18785
226
53
382
13416
11
135
1880
226
242
20506
106
16101
156
319
18789
437
5428
506
22605
13253
49
3165
233
42
10149
4645
10573
137
21928
283
3972
4
228
12000
8204
3880
362
257
23261
12064
323
185
57
11866
13346
481
514
92
248
4397
1805
5882
471
2482
495
471
1995
44
327
15471
143
516
189
11030
166
228
169
334
141
13646
7051
21730
46
71
497
259
518
71
242
6438
1330
5647
18944
10612
262
29696
107
357
17701
9448
20726
420
403
231
23111
162
27508
3229
182
13259
8700
382
10663
3149
4946
24103
317
218
2966
8
25020
292
7663
2838
6915
3139
3073
19188
17432
26643
8487
221
17420
327
20595
311
1416
8990
326
235
363
6614
27825
361
15598
85
284
118
405
188
442
10
3095
206
9116
89
17716
10550
480
291
330
16963
19544
7153
301
205
304
8846
12132
254
403
493
26
11400
27
325
8329
95
8430
13623
3305
16
1251
483
11126
10028
364
5110
15651
86
448
161
89
435
4961
5894
244
4014
437
394
5703
517
995
123
909
493
431
7973
5746
20621
23747
229
252
505
56
644
1964
306
245
87
189
47
91
2361
186
53
4672
491
14748
27563
223
2066
9889
2796
10289
9065
425
10448
3371
18017
130
265
7815
11658
9141
152
1805
42
147
24475
2815
346
300
252
278
132
11509
2630
22404
23052
6948
303
196
143
401
179
5204
9230
20353
22671
429
390
11014
229
14501
21613
2793
315
396
1437
84
9688
6612
72
26611
199
7070
28634
21251
281
5451
99
345
428
418
394
9221
1183
313
31
266
3039
2668
358
12
3800
217
14074
92
32
329
267
370
49
7173
505
349
12746
31806
2141
315
8345
33
127
1444
10824
53
29351
19821
395
370
19783
18799
4897
9609
2761
443
1263
10923
3
10511
6324
30
349
16559
331
1719
88
6589
400
49
1074
3985
460
9152
8232
21302
6893
6432
81
478
14007
4479
9600
396
9782
434
1332
6263
433
363
319
22887
12909
261
173
36
458
16387
15661
17441
316
2154
338
406
6387
210
22160
387
26825
5597
473
5427
217
452
75
151
20865
419
209
126
12012
1344
55
338
2962
13
4921
153
3997
398
28073
1223
117
124
251
519
247
325
14621
180
126
33
4915
737
26998
52
7091
126
9572
6246
99
40
3077
90
16189
2414
20
485
241
30920
7691
2143
155
8343
401
121
181
16600
23578
2234
1561
213
4002
186
354
126
326
23709
10074
320
126
229
254
495
471
56
280
3249
20251
1135
4838
301
142
23792
118
9654
506
89
19438
350
157
101
488
8165
278
270
512
22409
3866
17145
308
1478
35
6764
419
404
59
149
29407
525
8142
496
19722
10541
100
18046
5363
2606
417
489
28466
303
398
5335
119
164
273
173
313
23764
7545
4648
12564
10878
356
143
25214
7702
349
1976
405
171
16043
15737
344
10091
22225
213
366
7664
6497
14065
7258
8521
259
2782
519
3636
504
292
70
20
194
8544
14775
316
3506
9205
5041
476
1252
7320
21863
117
3170
264
43
8425
452
3
370
65
16594
112
4471
7431
17485
17694
345
499
397
4364
13820
144
5673
21
241
4405
24963
12283
11122
6
137
175
651
37
315
13970
12892
781
2198
3307
9446
2932
9445
2912
12398
412
306
23395
4378
7377
202
154
356
9245
1464
15539
506
222
350
3796
2712
2391
14269
320
290
333
13293
389
17396
1614
31
27974
219
156
228
80
4482
3459
121
520
17720
3810
9442
384
7886
1565
4987
15138
5206
92
23
307
81
381
372
4713
14577
477
2308
513
19041
5021
122
15860
392
232
23082
506
522
4
339
47
15555
456
99
15334
367
2015
230
460
15688
17
4428
16321
25781
1937
8510
155
84
8395
6186
12721
7181
23994
8194
2840
245
375
5633
417
201
207
340
459
12089
317
616
590
24871
427
48
529
437
19
12956
4736
264
14683
14674
150
21753
310
162
446
1147
3745
2463
13987
8682
346
126
353
33
1277
5594
23423
197
425
431
8658
23
7854
124
256
523
425
114
30475
15335
51
18164
393
7759
4683
46
2098
4226
5732
9459
13918
36
354
121
16640
527
299
25082
99
5660
509
319
1911
5132
6890
457
210
279
394
10257
250
29911
90
75
13
24594
3402
18707
9763
374
7717
9856
35
92
8106
376
346
725
22137
32
10743
1238
13309
52
19411
229
432
417
6020
343
163
6496
67
323
397
8930
494
723
297
247
370
428
19438
165
350
21779
6259
355
17774
13460
243
49
9634
5256
363
5
332
155
454
93
25531
7926
4061
509
12
27748
40
474
417
84
9314
176
1
93
25184
504
1597
5181
4663
18584
112
162
21853
195
78
9508
14940
273
241
46
12396
199
11526
509
23838
3464
19170
28441
5700
143
519
15459
9743
21487
252
25
9501
20072
126
2849
226
4377
21490
357
249
523
515
15354
336
9990
503
12177
448
284
292
6354
246
275
16788
342
49
469
19850
20668
5586
143
6967
15838
347
416
14415
6069
372
1288
336
21292
504
15132
13224
14482
4364
142
7137
1011
462
140
300
50
78
303
24
5731
24
7230
3
430
32012
19181
22771
6689
268
4795
165
4206
145
13395
13639
8294
11477
8255
23818
160
274
512
95
4942
208
9022
6375
3021
12448
253
225
17442
285
70
33
27164
16778
6106
471
21465
225
498
292
22527
370
6008
291
142
175
7170
4827
260
1984
217
13864
5990
304
114
18425
399
641
325
13883
8910
280
394
356
24
74
10896
4085
27309
17582
21144
472
362
362
70
490
474
18382
337
1956
2023
250
3057
9133
260
1472
175
506
27605
243
50
25953
233
216
359
9756
401
2861
106
2734
3552
22723
16580
305
484
22
218
451
8488
195
138
15004
6343
15932
21978
80
483
528
1227
53
13740
503
4923
113
297
231
413
6376
2864
11943
20919
431
7962
94
20
64
14924
447
289
1989
788
512
6581
140
82
4915
18151
5371
70
6759
5853
132
13
297
440
28894
5141
1160
1260
19162
9516
17289
117
367
35
37
370
22013
13653
133
223
18908
12434
174
301
5153
358
29
270
11294
18792
490
4804
13612
8615
18060
242
28650
386
258
23932
364
449
205
19029
7417
44
28681
444
230
320
11474
16380
101
463
307
113
1530
168
2636
231
52
1439
369
8363
23718
23092
9312
16003
210
4850
21237
7
3627
361
7
369
115
23
9236
1168
4807
361
5279
230
168
329
250
508
1467
342
17563
31
23184
438
394
445
15100
460
19279
257
16673
112
8821
498
22854
2621
1080
583
6315
6091
5894
1084
161
26228
10493
510
2690
286
11
3143
20809
6521
16347
320
407
122
20353
4705
7005
372
239
2469
730
25122
353
118
5975
23425
162
156
5654
330
7911
383
2169
230
82
356
2808
439
5831
11972
9769
11355
413
35
207
4504
282
349
165
92
171
235
517
218
3415
408
253
73
21853
14120
146
5
500
1865
2731
16355
111
12749
6139
317
177
186
516
13576
6205
5018
164
392
21700
25749
369
492
194
1564
87
163
83
355
492
63
59
7023
9225
5036
1636
2480
3752
12437
2455
19943
143
144
257
37
2169
287
9792
224
307
4973
93
365
9957
612
72
13138
205
89
15157
4749
3222
437
68
488
14581
56
15793
455
271
12333
427
63
13965
410
14002
16205
504
467
17258
370
20145
1088
91
258
15643
427
371
68
27
29359
14881
6521
17521
12865
196
397
10406
163
350
18533
346
2563
177
189
8771
479
7968
260
1136
3514
507
17
88
403
211
550
10769
282
145
94
253
7976
443
211
26
246
26106
149
22
7876
76
469
11868
16
264
6996
216
3812
28
307
420
15033
491
30133
19345
479
21331
107
36
413
161
12444
453
324
13349
22493
443
2110
412
402
13518
21495
318
7369
330
7152
18724
210
32
135
454
11560
16482
712
511
510
5431
148
58
22
4
400
28
382
323
443
23913
29942
40
19028
370
447
1225
469
3329
79
400
64
7204
143
30553
23649
228
341
116
260
7145
509
10735
11481
10271
68
15955
3669
79
56
412
24354
6937
9740
377
343
77
25432
12727
17756
309
1562
2558
517
9405
435
132
6717
75
211
391
22
13229
7595
272
308
43
254
189
494
20386
5215
205
470
361
20049
363
9186
316
7724
273
368
5
128
307
462
116
84
277
1609
4464
387
8792
9388
24964
11440
449
12298
45
312
415
48
10123
63
32598
358
19058
194
130
313
62
13746
452
374
7676
926
25386
241
20
20110
2742
1349
16921
264
309
1
496
352
7
25137
27744
597
1227
283
467
4565
9679
13715
2354
33
7202
239
419
14371
81
12232
196
422
115
29653
17678
17789
4502
457
23891
18306
8894
19422
286
7433
390
11743
266
11887
99
328
521
115
10005
4575
21972
1745
48
1339
42
6541
311
17160
440
55
1870
278
21502
460
236
3288
4287
4411
4
25096
360
9903
7258
429
19400
208
131
15088
448
53
1875
22888
6405
12387
3268
18
2185
19004
25023
6965
87
378
22785
11595
505
94
18989
359
71
271
992
5953
9724
445
2884
15347
1282
75
2498
2287
3016
8488
20127
20891
140
13702
109
13769
20874
362
26600
193
4119
9683
207
234
17471
196
8491
9723
407
26
4499
32
32754
296
19048
25731
3116
3316
365
359
5088
417
18276
117
355
7413
289
28307
20128
233
17496
137
17785
431
23921
122
11121
46
204
87
14557
3524
6504
11257
6835
4697
254
121
21104
406
505
18034
19172
743
327
2159
14893
320
1137
401
71
293
26585
49
26021
286
519
3723
218
7749
372
305
477
498
6122
8805
5813
312
6214
12749
284
349
1990
447
48
12285
323
126
1423
264
8771
9800
11988
348
25
18707
8
6034
80
4666
336
4214
254
7608
6410
28700
338
7177
87
26281
461
91
3430
4601
5144
264
8254
402
269
254
11019
1632
22026
68
290
488
1751
5581
185
176
17113
536
86
216
16822
6267
1922
1695
5737
236
507
192
2407
91
262
282
395
49
165
69
49
485
49
342
268
338
4315
25741
14287
4481
3033
21380
56
8877
401
23402
282
468
289
216
161
26600
199
152
24181
83
24432
166
2954
22878
310
22027
4290
11331
7267
13403
18746
6355
7678
3506
17334
297
5745
289
121
297
297
11175
13379
25055
286
243
179
421
30686
450
345
82
467
74
196
6013
150
351
10329
20578
475
467
8898
11468
5086
10429
239
6811
501
9736
266
2482
333
397
34
1531
3092
16055
6837
518
135
246
9712
974
1380
2
409
6946
259
269
9185
504
8
7812
1159
116
20030
7147
21467
24907
17
153
14119
188
7799
426
17767
23361
4917
105
23228
15475
1133
23716
28468
385
283
5335
152
12316
404
457
356
343
1740
804
301
479
2765
1926
197
362
1308
402
113
1514
14495
3684
5064
15124
228
455
16370
300
2344
252
4628
275
402
320
73
194
439
223
11545
524
14293
20376
988
4771
7121
457
457
121
410
2323
3598
391
17295
3801
221
10821
8165
33
1743
519
6448
166
9990
184
213
430
520
20938
18605
321
108
7423
287
510
391
25155
132
2734
8914
16394
73
3
20932
10531
18446
511
23683
321
502
243
420
14285
63
2
8541
4390
6350
370
1518
449
4653
443
26656
166
331
253
9352
25162
168
1064
198
12723
367
19686
238
329
410
7788
25304
113
4625
139
52
252
2259
14099
7616
476
5310
373
1293
2041
910
4041
391
7223
29352
292
12374
10461
13385
9067
25166
17823
261
2834
1624
12525
467
7440
229
385
8194
73
8192
321
183
7805
483
23831
372
2528
245
5692
13161
21913
330
9468
6732
107
17300
12041
6495
5366
1331
7123
23196
9470
354
7507
13345
14519
162
6918
13780
444
12335
2601
12974
201
185
2543
6227
936
383
476
3329
13214
20000
12987
503
267
396
358
562
10856
361
486
142
5285
229
303
12239
20
15293
292
72
414
14428
197
12206
23696
12369
366
10097
111
17088
15674
4102
293
17650
7193
20729
343
512
9326
35
215
217
499
66
11039
34
18707
4585
12186
15711
290
321
384
14129
380
12899
17432
9
3507
12929
9137
196
9569
13963
375
15720
392
10189
236
180
517
526
21274
6426
26497
29
456
4524
384
465
18873
358
17758
3315
896
115
1573
26
30705
9601
16958
3901
30157
29840
486
328
247
10521
467
371
99
94
16924
26597
15
105
219
8634
20235
14653
7018
420
696
306
9043
417
6984
20501
246
15442
461
101
9241
257
13190
11880
2548
326
28044
9580
163
52
853
58
393
49
17109
140
21620
81
1515
8643
11623
59
191
383
457
10592
6830
21882
16335
291
345
26
15979
5002
403
133
7395
28117
221
1511
76
314
11389
435
396
518
7283
17682
359
434
13575
68
14953
5487
482
12740
25516
11
1069
19049
6718
18376
174
7133
1
121
6245
211
207
438
12018
25943
262
358
3024
497
21934
23110
322
12843
236
331
519
651
15672
184
404
4421
397
375
14252
326
11426
27744
6222
82
10318
22102
433
4555
97
13861
56
27030
177
192
25829
2860
481
17689
350
946
10503
20811
20406
757
8094
361
13337
369
134
21659
3620
63
175
63
8194
15166
14807
26658
428
6392
924
17420
163
114
204
16602
249
343
10
947
242
75
66
12225
17836
30
25250
294
455
6498
105
169
13664
422
12973
16184
28265
312
23397
1749
23857
21397
6203
7285
109
4931
9175
245
15302
7708
91
303
26293
511
332
18290
617
14507
254
340
4187
14185
170
225
93
262
158
21217
5949
878
121
15268
272
11989
409
5478
415
7810
288
225
10058
5612
138
407
19090
228
407
888
8532
391
6548
90
20670
6029
9196
219
23402
399
267
75
324
10630
783
29716
305
7046
26409
340
4212
9400
337
494
59
10025
522
31778
297
307
18051
306
495
265
467
191
394
4289
282
419
30107
8859
60
22452
136
17619
129
22479
20017
168
231
13686
524
16462
481
1754
208
237
25496
28858
241
518
17463
18731
396
29119
9163
357
259
292
181
102
18995
9843
239
381
7712
81
327
6682
125
433
109
1181
27504
15324
22434
382
453
23681
2711
217
231
262
49
6737
16550
24673
15627
187
303
4117
25823
411
133
12846
225
11341
12544
159
365
8115
13368
35
2733
301
18602
8685
17419
446
321
172
10807
24657
604
500
68
2420
497
388
8961
52
9212
9424
163
169
170
2162
4204
316
10122
28747
4223
8324
13503
293
13663
212
7389
2249
334
7
10530
13476
474
8184
3466
391
6875
328
33
279
11887
321
359
2682
26851
57
18064
9364
141
151
12241
13663
9620
14235
418
20090
6
8458
63
101
17793
163
2502
135
506
625
177
521
362
53
16228
1462
465
28681
408
9893
222
2516
5
107
15797
7188
273
90
25408
23646
149
255
11339
7252
387
64
139
476
29642
13752
288
12195
1
1405
7290
388
48
372
234
43
18484
88
37
12473
413
501
3537
19445
21070
188
7214
177
3450
6208
13683
93
5117
20656
501
168
31064
173
185
7
2235
5537
12
338
3188
3323
80
7029
25438
286
153
7735
422
59
2982
3739
3389
148
208
28
449
22112
277
92
26004
367
7761
176
2229
5826
22275
281
14
9293
407
440
21076
69
183
173
7866
4425
425
17529
48
12282
3554
28708
266
287
133
415
212
450
5920
14102
446
189
8
149
28211
42
480
347
481
436
19264
7849
9048
15052
2111
493
8471
9669
22910
10948
86
445
91
57
2556
353
423
440
28357
47
187
9565
18476
4
8052
391
8677
15673
159
453
195
13480
209
438
107
5132
1817
14184
322
71
424
55
358
515
179
2131
451
5787
60
472
9673
91
148
25692
1770
364
266
448
357
19
341
16123
504
293
129
70
257
166
506
342
321
381
272
7236
465
9338
9111
1534
23018
11179
13707
178
13577
8584
6814
105
27
7095
16558
18664
405
249
399
126
475
341
1632
372
502
2100
933
102
390
30419
20712
1
4642
246
51
236
7709
65
23099
3497
21463
4804
1
417
255
184
114
6022
8298
384
408
12136
68
16267
17741
256
5396
8868
18398
2221
98
22
3070
424
15488
416
2277
20017
424
22713
32
5193
7496
16617
20543
345
9727
8
151
277
435
400
6412
24
220
4832
6508
22
4431
5475
106
10770
105
4746
261
478
15229
6515
5170
483
316
6860
2967
129
2871
44
310
134
26919
11271
4477
116
9582
85
84
6208
17198
494
19620
50
509
4281
10651
5145
6239
298
206
243
400
565
9904
403
8896
1752
21433
285
236
256
19767
16294
158
82
8616
476
17004
514
98
304
19407
166
107
15018
420
231
316
12
393
173
2265
361
8447
518
20395
22034
27538
5827
23677
6298
417
343
13562
44
4928
418
19495
224
497
460
78
20138
3008
8150
126
89
7979
481
20199
16249
1050
11575
142
5918
485
324
327
5023
428
14
219
18430
3813
122
20670
82
12194
516
124
8538
208
1599
21503
15567
370
35
384
5917
69
420
19254
4143
3795
11993
17215
22344
27363
217
244
5057
202
432
28357
7855
24699
46
14463
24842
16671
13266
40
396
146
332
397
35
3573
1108
27
502
8281
169
4133
23534
422
15869
463
4555
4258
385
21999
488
400
507
13
496
298
499
10712
24858
16370
21715
3224
17621
4816
9008
13995
7143
6066
123
19892
164
17042
6438
14536
22776
6909
38
454
1270
271
389
167
365
405
440
394
30
26738
480
31853
193
5
510
325
281
3575
8665
12607
7153
452
4421
177
322
429
2513
253
207
67
13602
30156
453
488
11571
134
18151
300
123
149
13940
10949
523
21
200
216
29
374
405
130
5065
904
437
207
200
5322
15957
4557
90
500
379
412
2669
10215
419
13044
141
299
350
394
461
468
421
6928
501
15453
7512
179
209
9508
1938
319
19972
5375
7076
18568
495
2049
8547
292
890
343
248
272
18353
516
161
383
178
3466
23075
7
14936
16326
494
40
8002
7718
7896
298
8499
414
11118
20682
522
94
304
14168
14605
3741
16608
25322
362
487
1741
543
433
63
19501
10238
174
439
11008
86
29
10047
11139
458
322
206
303
2928
22701
7941
4965
211
8298
537
14982
391
516
1215
20312
462
7861
12084
510
2893
530
7510
417
8
3539
1773
13868
7825
206
4113
4413
1355
7926
3018
27583
375
22889
20277
27649
415
206
13415
352
216
83
15407
12123
54
17253
5043
17281
111
9172
64
299
15772
60
24786
91
213
154
12408
20
170
9336
390
440
468
3678
6511
152
9687
404
16338
379
96
28087
247
128
3249
1724
14416
453
28634
23239
23052
4998
454
348
12788
14
303
32
10965
336
164
15685
438
259
33
1226
404
304
508
229
1085
125
345
12090
15468
510
2159
10002
61
488
304
10445
17932
32
234
163
196
402
355
127
316
5
9518
623
242
4151
8720
642
2986
470
340
5155
381
1144
113
7519
2946
20626
180
438
178
17862
10225
177
22618
9465
16177
4411
465
22286
10280
259
13032
22
329
2110
317
297
5716
168
23
127
104
412
410
430
22719
149
438
277
80
5771
375
231
87
27626
4330
396
14855
4907
59
488
347
24
14811
196
19540
315
455
302
411
75
151
13654
17245
11116
6105
14241
278
1797
90
163
1248
10877
11200
265
128
442
4482
222
408
24433
363
2470
6463
164
1584
387
491
21129
13010
24197
304
305
116
13470
1294
9300
1278
16176
293
130
75
18284
315
15811
13762
1555
235
17253
178
2572
479
13836
386
705
4368
4264
281
9356
4756
404
5382
443
478
442
2347
307
31
240
251
4529
11988
189
9356
473
319
465
39
395
11408
180
3442
14399
318
221
373
1481
380
480
97
13571
2585
14183
5813
1651
263
354
11810
7870
638
64
388
288
232
20450
13611
11311
8243
26735
392
11583
15073
293
6302
194
480
12469
9617
358
1529
425
17009
452
4787
12531
21965
2058
898
339
33
9092
121
18141
264
23
73
11397
11480
6803
2844
258
5552
423
448
381
112
478
249
19
1500
136
41
356
168
7004
160
4576
264
2460
10073
491
11039
2435
20396
125
12472
26044
21250
106
8585
21011
1861
3408
115
403
27927
15196
3564
112
10031
2246
18839
20284
274
7689
475
287
19607
8897
397
219
23277
150
508
7798
539
19877
220
427
55
13538
162
1827
477
12791
465
10114
114
332
19334
17126
237
144
13058
1093
158
29591
205
3163
12149
13154
11228
2860
2596
8534
22326
395
24080
16116
4901
290
2291
21393
270
9516
8476
9690
6781
3955
479
519
290
24109
4812
1106
19308
17699
7346
12188
18023
6779
495
6828
438
3900
170
203
21712
21173
8628
10656
91
60
61
475
27541
333
132
15833
4992
113
410
26111
325
425
128
123
257
12067
333
112
363
19689
19117
30454
198
116
230
13812
3302
364
124
181
134
425
240
4998
95
13264
496
18619
16151
14651
35
9624
78
5749
446
319
5464
478
25369
494
21272
372
366
23
917
489
371
458
4538
111
237
16516
261
3427
11732
13362
477
90
118
237
5030
18781
16814
7148
74
60
19051
26819
234
509
199
6452
18197
46
13305
6796
1002
522
61
204
401
6053
454
409
16951
2208
2070
269
3130
196
20577
251
19980
22442
314
178
1144
321
217
389
319
27159
7305
3739
417
37
1523
25941
365
5169
521
133
4101
127
7087
186
180
337
3978
394
141
12933
428
285
304
31
515
73
427
322
3425
372
221
2385
1827
264
467
431
299
922
280
200
37
434
124
3666
8476
17419
28245
4323
198
15740
19578
1796
28000
245
7802
276
5413
18955
12047
450
25735
6728
22
12407
335
439
132
2388
203
11755
180
9943
402
3092
201
12196
10990
139
167
9782
143
290
267
342
7124
26550
272
11790
271
4821
11550
8686
11889
505
19153
2055
179
307
11603
230
16185
7551
20732
178
265
11865
18488
133
7873
219
6048
98
471
518
230
35
11920
2199
3684
144
69
7593
317
124
12005
13753
340
195
4413
141
43
14011
19460
22265
26125
28
23113
174
497
151
215
12110
13757
410
36
31206
76
14073
198
796
22713
614
421
23
16106
11397
330
11421
2641
347
7511
110
3171
3541
20975
268
7161
497
2024
11535
9308
6093
107
8353
185
14822
16777
14
203
4825
7075
2659
22
464
213
371
210
14871
16081
453
531
12012
508
1010
8513
5675
10202
228
433
131
4860
7298
4460
12962
16527
208
10389
416
3391
19751
8
406
32
6328
103
380
465
22877
136
16486
69
371
3690
4627
1575
166
5155
4579
262
2551
150
3635
3372
85
2276
5674
133
466
15086
291
257
117
27
338
204
6465
5590
53
69
13937
91
433
8443
469
41
199
73
2871
352
57
15209
7736
472
21780
14
3896
325
10633
365
152
7026
408
101
20786
86
249
4226
8851
439
55
8737
2210
2599
25028
318
287
28139
84
96
112
16681
490
8769
50
508
13648
394
420
422
77
16452
21115
1623
20968
541
453
180
252
176
6477
175
8384
6082
363
269
6783
199
2954
304
79
22741
6770
21
6075
149
1802
11577
2873
334
271
64
8764
12237
248
183
42
9352
6795
6843
152
439
164
339
20051
5613
11352
10452
480
14
187
6334
132
475
6
412
2212
27897
335
13643
440
463
340
31126
362
230
207
38
3146
39
300
20157
182
365
14414
309
253
14784
6387
24491
462
261
467
492
5354
12089
191
179
4784
9542
434
13197
9827
21863
100
73
19142
22856
5225
393
17364
6768
271
2259
23590
94
453
339
286
117
7908
10853
371
65
283
7
97
6620
187
409
19352
384
13
8540
274
5102
2714
191
395
111
482
141
192
12775
19806
8144
154
113
10873
204
122
76
13285
533
294
308
1345
349
17450
74
458
43
274
382
2477
17408
12546
281
1832
7391
11821
236
140
22040
256
6
142
268
429
534
127
286
8559
359
114
327
129
23509
19398
8147
79
2238
11920
281
356
362
9972
142
225
1190
276
14795
148
328
13568
6
2796
9955
7733
4701
14742
14667
8865
10506
16500
404
158
23
506
340
12102
10697
15491
52
337
55
14626
154
20247
11331
118
11036
186
328
320
15095
15315
424
288
523
324
24407
436
14025
297
511
1899
21312
11002
4582
16683
1059
330
1092
20783
17
224
27196
125
472
212
410
2642
6608
238
385
7707
863
98
129
4396
499
23682
378
60
417
3527
537
94
50
370
301
5653
486
15264
27849
7441
31
23832
21121
166
196
1560
9120
137
217
30111
521
12430
5792
475
253
8053
256
11156
351
455
1347
23866
14991
10343
4705
127
156
2024
58
465
8285
12214
338
3351
21926
99
298
61
443
468
8265
129
475
16798
28
2469
2477
28250
249
349
25275
481
382
6706
115
19283
26
408
16379
321
7255
4526
20326
7169
94
428
8029
339
9746
246
484
164
3326
10859
244
9021
201
7184
335
510
7005
5862
14575
180
12755
331
12273
2071
65
52
131
68
20473
487
406
321
537
7660
15334
361
268
15077
15169
749
15435
162
5289
179
5485
4842
380
74
6147
340
12919
10964
30836
226
374
5672
182
173
2482
21006
747
179
10042
3608
8719
17288
8016
4487
13926
12973
7053
2577
416
379
7574
488
235
10266
12907
12922
1903
1235
6749
10141
7897
19718
91
10801
500
7803
333
23200
28581
449
138
15760
11794
195
31
180
22499
118
192
347
2806
170
210
115
19990
303
7229
471
4153
138
16377
9755
329
294
157
348
257
489
483
17377
428
1885
488
760
296
21278
486
14006
7050
28
45
2777
6974
491
15395
28
459
35
14786
4035
396
12989
225
616
22450
408
3833
16
50
184
5892
126
12564
254
20
488
282
53
207
218
735
401
118
18648
10401
552
29108
20371
1357
20036
333
178
386
526
10318
331
68
19695
76
51
1454
165
3477
478
450
12778
18
3490
240
347
229
11132
59
264
179
274
157
3356
9191
16580
72
194
428
489
450
7549
204
281
435
4900
9
156
10663
352
317
24
17962
57
263
99
220
2541
3346
2362
91
32
151
192
2199
144
242
6
153
6392
493
16
192
173
9614
173
7663
17694
10773
403
10192
24291
346
149
121
12785
2156
319
5462
871
9
31
20531
131
2953
14335
427
184
9145
411
12945
367
286
376
20763
2827
20822
465
220
125
70
12150
317
23872
661
22163
7457
886
7420
3419
470
454
635
1640
13165
349
385
44
13549
314
7933
16
5
8102
463
27831
12117
2184
18022
17
17709
409
155
7640
27214
560
6377
19489
389
293
196
45
95
9892
16631
23731
471
4507
221
107
21127
6628
19884
15834
266
13281
18909
294
333
36
4018
9734
24
387
294
333
9183
249
9918
7510
4146
19443
410
302
31798
13331
1315
122
46
24649
4017
529
152
393
19937
11857
314
224
207
2194
26
522
7620
6530
398
91
111
379
370
8719
8414
116
333
480
140
376
177
50
28913
334
20114
58
209
19
297
12
19395
252
249
27450
41
14491
482
375
2811
288
383
321
18799
144
408
19075
270
350
15377
9662
3669
2017
12227
488
53
215
423
5938
20536
251
336
19054
272
2838
417
26074
5458
110
3821
6010
19447
460
515
315
24434
95
29187
452
14319
12411
154
3429
7487
2301
15847
14856
1746
459
10806
243
16270
13166
272
326
62
17861
2869
191
155
106
1064
44
6578
9928
3158
446
15709
470
20771
152
8870
3635
514
262
506
6083
1996
424
13147
65
264
439
463
4212
90
65
21313
19538
477
403
3711
259
343
23671
10933
428
5212
196
15540
16805
311
4856
11521
279
12310
14893
8489
129
241
8607
498
159
56
178
199
8356
114
541
652
296
976
15574
18118
13378
238
505
8680
56
5812
11556
1041
40
24357
7663
175
183
21430
368
370
27
26
140
374
13882
240
6309
176
23741
390
486
485
7123
11808
10824
18811
468
5287
472
84
240
7507
15234
23200
12
97
470
1960
20660
7540
505
974
5052
331
15102
1717
409
400
2177
7959
2230
287
149
3310
18639
152
217
16919
19514
157
141
9794
10806
485
9371
6661
15636
19063
18428
69
9
15192
275
128
8885
125
13683
2063
96
10
304
494
6406
5578
381
167
53
508
141
246
6384
12942
318
7179
503
9051
31
22362
4100
8538
6800
439
1272
265
410
14689
152
389
5206
330
503
459
275
29046
2014
18619
10495
5312
263
3673
5019
4185
10337
4383
5678
5151
22518
110
4333
341
23257
186
275
217
5
58
11327
284
370
50
7266
308
19269
13006
498
239
19922
3789
6449
16296
8793
14111
27718
14689
206
6530
1363
362
518
16563
1860
241
466
3951
10776
19906
242
27284
85
9868
175
266
608
8335
442
57
26978
276
5988
18802
1057
431
23937
71
4970
4110
73
173
10540
464
2953
531
29079
12836
507
13742
26998
5008
54
6759
258
17133
362
4801
6615
459
6344
10014
13770
14711
6660
15602
13372
22218
113
4715
4751
11693
21008
17465
16610
5530
7043
16
20698
1532
159
11418
4212
11701
3342
17025
17354
170
128
179
4929
12471
15845
19733
8367
11505
10274
7498
344
359
391
2381
16279
481
17935
18125
5845
158
20335
7992
2387
21484
15311
26413
5597
522
19459
6250
18341
1370
12
110
488
14451
19323
6612
402
489
185
13637
10734
221
8130
5541
13055
376
7602
370
28053
365
291
1773
3163
181
175
2804
29577
60
48
18067
4323
153
496
1420
486
5703
5323
11180
9560
6860
51
192
352
388
221
161
319
25667
363
300
882
25176
31548
508
217
10205
392
21335
5655
18
9731
353
8005
485
481
97
225
158
1278
20800
8768
2637
514
22876
79
16169
276
7765
11805
521
395
20193
44
106
5833
60
10373
8387
268
3137
14270
7822
27756
18455
12538
397
7765
54
17253
19038
456
15361
1815
16381
292
2416
7
32
11814
10272
712
8023
3112
14235
8269
16051
13875
779
26446
270
9573
14940
12074
279
4033
250
15785
17386
11442
502
400
495
402
8347
388
278
390
373
431
160
6983
15411
3322
45
14525
20916
2463
2184
202
182
300
12616
228
6844
2721
1449
30979
57
399
5
262
165
27820
11447
6214
445
86
6568
178
18205
5050
359
27540
5149
437
1615
262
87
9221
27395
89
18106
27287
17817
5701
71
469
9533
329
167
3254
12073
15516
6432
7228
23286
489
1119
223
146
30146
525
18468
3853
468
247
15281
82
17597
347
30109
23281
13153
38
10256
139
443
494
361
400
4785
9081
9746
505
2410
20211
140
463
424
296
4315
475
493
22276
2332
153
79
379
193
280
409
313
18719
4146
119
14644
21651
519
23867
15803
25262
8806
16195
3895
441
457
43
2323
52
342
24950
8302
16776
10155
27019
9136
49
10692
195
256
24
271
215
313
3
386
135
13
107
3182
211
9144
453
9497
161
7866
22496
439
134
58
73
399
33
114
376
172
148
6651
79
11283
14071
16342
356
92
16059
16335
82
5838
7904
12268
4155
16180
351
15126
827
339
535
365
12684
6990
20687
12753
190
4238
23519
36
17687
534
9940
485
12852
90
163
7873
88
16079
309
72
9860
6850
227
895
2996
8833
137
258
300
11523
54
21133
147
67
19462
1919
109
20116
1861
63
46
441
4798
442
3203
18741
757
73
2886
8277
5485
23177
262
330
201
1434
153
118
417
1369
59
323
384
430
138
3945
90
17085
2748
342
37
177
20164
30080
17274
15330
10832
15353
969
7030
14500
541
199
9736
11707
18944
1199
26
473
19897
1395
516
167
13632
6639
256
360
16
163
125
9691
5686
10590
4078
19760
28353
95
6513
248
480
62
477
160
1050
240
426
30
20120
399
644
1212
7057
458
19391
20150
19065
154
508
1098
9009
10221
89
204
10493
9086
14000
435
299
11193
9546
497
26315
1569
4295
371
352
10570
64
52
8408
2252
20612
321
10448
127
22578
8997
38
20893
330
370
16587
26162
504
28629
511
3234
6721
219
11355
84
799
2743
417
47
110
505
34
249
12836
398
9610
82
1659
13398
148
197
139
114
541
5957
204
37
5020
372
441
377
35
136
211
865
6233
472
35
171
398
308
374
394
1631
134
27
16479
66
256
121
20658
12212
5555
64
31
796
485
14083
328
1505
486
8
421
20351
29594
13981
10
4087
213
196
9745
64
504
435
321
377
423
263
266
486
13595
4445
1294
20517
15096
254
400
437
18707
144
385
7053
472
8646
5973
2264
22316
292
2328
10343
50
144
6533
23621
74
248
12991
6242
191
349
77
4975
467
31019
17972
315
202
6478
3809
6066
4263
250
10905
106
305
212
1982
518
369
355
19010
21
454
503
8840
98
182
178
1342
388
6107
508
12858
71
13960
4568
7363
8345
13704
461
420
20453
1696
464
3215
2154
8460
4869
2780
271
185
397
204
2980
449
2
96
331
23140
3599
5695
8514
180
391
12588
978
231
11853
186
820
290
343
50
14131
614
18848
16212
27206
123
9261
13106
268
8239
21740
478
370
18598
4948
430
3375
496
12680
21299
344
7491
149
6379
8732
406
392
378
9718
6426
28391
3743
8829
2394
279
1179
6766
437
20
280
9842
160
308
498
292
482
11091
23893
5412
146
6012
28060
493
479
80
485
493
451
456
337
138
506
8917
11220
47
7428
238
479
162
1859
135
7095
10252
17894
100
391
2453
5882
78
408
128
199
15248
240
281
244
3705
16967
1612
230
26113
13043
7135
8456
32
15511
512
3947
9755
29832
19089
428
7773
140
2646
3654
22768
424
180
23115
513
6413
123
204
133
492
12285
11435
127
461
263
13
203
416
20133
1
19671
13861
2015
150
26441
4001
294
220
20466
16537
16734
463
43
423
348
454
473
2910
13002
216
334
434
199
30
302
25149
64
262
17132
9906
201
103
487
463
354
31370
6599
67
21051
113
12945
13816
252
3493
221
5110
365
7664
156
20611
4409
9198
384
343
507
16570
225
30046
14659
405
447
41
6875
152
29603
415
74
451
20291
1387
135
2381
191
349
10041
2978
315
685
17577
17396
7443
39
150
6503
425
21832
16706
202
21201
500
343
5948
402
11271
467
517
194
115
2380
6450
8778
7800
11479
263
11
20398
502
13126
20568
494
118
504
14743
274
271
13616
425
163
19359
379
362
348
2511
485
163
7859
19081
16298
401
1887
8651
2175
9859
115
451
488
311
457
128
2935
325
324
241
314
14324
114
521
5400
13774
278
317
9588
264
2972
88
18389
130
4130
5584
353
9666
10980
22316
11719
333
21192
304
6536
374
235
25467
11092
390
27931
9285
4486
13335
15753
19041
328
271
2908
29214
7564
8113
422
25918
33
362
183
1060
9791
210
25348
414
265
4
7216
23981
517
10794
18
181
514
264
9133
23118
30203
2451
25
2973
3578
20365
8297
360
2
17652
142
182
8358
41
243
1574
4215
25163
15970
6242
359
144
202
459
422
15325
16435
11431
3770
4515
4871
18319
465
405
5166
8309
136
90
14
19202
371
1235
10644
3358
261
140
27859
42
120
24
522
39
3725
9080
18445
178
4234
13172
330
8588
5195
478
23206
8801
6942
116
337
333
15586
292
7087
88
261
325
19936
125
4628
235
5116
25407
471
37
3142
419
6364
7121
460
16737
9601
17176
648
17857
132
15697
1224
15315
27106
469
1949
252
241
2268
344
436
4629
207
271
241
16730
58
105
367
3140
10167
287
135
181
156
15259
532
494
4282
482
4295
18592
19764
6634
486
20321
1242
352
21075
292
8020
143
11641
7045
1778
16481
424
8904
3978
11824
230
3484
15897
8121
6219
6686
21360
7320
73
257
452
440
497
26831
12698
139
382
420
20111
3809
220
73
746
980
10529
94
477
9191
17334
484
17979
8158
2248
453
18
34
171
10157
196
107
16765
1578
389
2958
8614
1042
16096
15350
424
4270
5138
41
148
9078
5414
9693
8421
228
8662
18648
490
211
22628
6705
12866
2
127
215
209
160
21648
189
436
26642
528
192
1535
8255
11160
176
175
18728
7231
112
9909
410
155
303
22136
488
88
528
229
12383
154
16336
6706
15073
12186
388
406
451
366
23774
12477
15939
9881
355
397
8059
4261
140
13229
236
15523
120
358
24242
26642
17721
447
138
83
4952
7454
586
218
26122
56
30608
101
5695
234
17306
2626
366
5288
128
8282
2568
2871
10725
24663
2033
76
6
1612
18523
19367
1553
282
199
1151
345
931
421
12553
30501
1860
4020
965
805
12592
14041
134
111
486
3097
3995
331
14885
96
1084
19
500
17486
3727
160
273
2286
173
368
73
151
21632
412
13857
13799
5377
7559
252
430
9502
5
21371
33
6212
95
244
243
15788
15823
3328
356
8942
15386
29731
1737
266
221
12130
3817
317
2383
7257
1726
16529
5938
19037
514
9776
341
476
298
174
10043
12949
132
506
1066
7418
7571
216
172
152
12494
14684
14224
11333
45
15385
113
221
249
276
14743
69
427
40
18673
116
7738
275
456
410
25081
253
2470
26987
15897
16790
529
139
388
13391
125
6361
4576
21992
333
9251
518
461
411
16044
145
7424
453
1099
414
125
181
184
114
326
348
17020
1013
3453
24900
5188
165
10418
433
452
8646
472
302
282
223
17624
15383
67
18770
28267
9584
6967
14880
293
295
141
271
12047
188
338
2597
207
6612
470
15939
148
440
91
6994
4860
876
96
9778
5800
347
485
126
71
13049
306
405
949
197
399
17547
19243
12761
355
3708
12795
302
9353
246
25272
9174
431
2322
276
17
38
24
16854
499
343
300
2734
15
16877
79
8029
31
243
381
346
231
17270
292
306
781
20607
449
221
9899
88
263
7327
6454
1682
11063
94
13192
3415
2974
2724
470
269
10496
58
201
14024
20
9764
377
146
14543
521
7682
102
166
19126
74
20240
15698
6886
10665
84
15962
202
1915
239
14846
12071
27
5
17709
109
27994
26365
5482
13040
9386
323
425
93
19722
430
12576
406
1838
16427
350
25303
19192
351
345
340
111
137
7214
405
205
15329
421
226
9467
12342
2296
415
385
272
8410
474
25590
332
334
3503
2556
501
1211
800
11755
190
470
478
6320
14642
152
212
261
359
16382
19975
3322
11648
266
23165
25293
392
20814
162
92
262
213
14059
20184
42
21822
6496
5799
9687
20980
2967
4970
445
66
148
399
150
311
376
354
177
171
411
6950
507
1521
16023
174
5155
1778
18161
20478
24140
367
8350
3156
486
160
125
236
7913
223
210
394
4516
5182
415
199
245
24218
4847
418
32
11666
8556
525
4360
29189
999
225
194
112
25055
20227
433
28536
14279
136
24457
61
14657
24650
346
9107
10009
3028
13548
263
365
97
488
3831
109
11432
77
7404
486
161
82
8710
384
285
8668
430
487
11953
86
1356
15964
425
5139
48
144
193
27413
8486
67
3394
18769
27
364
435
8564
329
368
1191
9224
19567
286
23908
5654
161
4936
300
256
4196
37
13758
48
18604
290
450
214
363
219
4509
15497
84
25598
10360
308
2833
280
20672
490
7711
307
16785
2714
4478
143
5238
24419
487
14640
42
13647
13596
12136
382
19339
9963
21372
3
236
11624
155
133
31951
15730
151
788
11214
358
336
16096
1125
15563
241
86
21056
77
7462
64
24981
67
8290
337
420
63
18454
314
9
41
7289
331
498
20878
12
153
21029
46
119
6501
130
1979
13697
6708
24031
12231
66
331
220
199
982
17337
45
372
10088
12157
402
17834
1091
14599
189
383
22281
159
124
57
10934
351
530
5324
231
3841
3033
177
144
22349
155
83
320
142
11313
426
1818
404
520
17408
61
283
38
240
365
442
24
1
428
25909
1651
136
21509
7771
8284
408
12629
4736
284
136
3004
63
390
17848
1012
3587
7
11558
74
7937
4109
491
23909
966
1966
524
26511
963
110
498
376
3289
296
317
4428
314
10653
16600
5465
472
20845
25
22114
932
30734
181
53
18712
3963
348
17
392
295
349
17236
182
2774
11540
25172
200
5220
4329
1664
75
445
296
297
21640
21169
510
15237
2334
309
12207
300
309
17861
895
1635
20691
349
282
522
390
18209
214
470
30035
271
432
411
6829
459
396
21537
12609
296
10502
334
50
29555
15683
444
13047
1103
460
183
10813
4798
237
485
291
192
4067
15935
116
386
269
347
6324
10179
175
14584
17031
166
1764
7667
285
11534
1580
422
4446
13489
68
524
95
125
2491
157
445
7452
2167
367
139
5169
250
100
2003
233
467
484
25995
25398
138
455
251
5111
419
477
510
278
213
534
14662
3533
3476
24839
68
9621
278
228
2094
479
22860
335
104
518
206
469
5873
21974
372
170
431
4663
2070
80
386
6273
422
214
7161
9616
229
12902
16035
16346
203
284
20412
10320
21397
22051
435
377
511
13831
172
6138
279
12126
7429
6868
435
3455
620
2659
5307
193
10827
107
7039
513
18258
216
5173
357
465
43
8624
63
328
296
9024
8431
264
184
4838
408
373
6583
278
1538
5336
6389
167
1460
21165
7211
5409
5442
7351
233
7713
10626
73
101
21163
1860
510
284
401
336
21453
1705
17490
1208
355
11633
8093
1809
220
257
12757
22432
16968
16394
27411
12158
265
4642
105
12260
279
7110
6714
15281
4297
13569
5104
2971
508
1011
152
499
23429
309
359
22206
167
256
8729
335
355
288
369
333
222
28974
97
514
8155
1244
23908
210
394
495
1410
3053
40
16052
48
29931
11721
9635
370
115
2129
27202
423
3951
4
416
10438
288
291
72
53
439
65
460
372
301
346
14670
484
14620
167
76
275
526
8170
182
320
264
96
272
514
119
536
9277
103
11873
201
6278
7694
18896
106
7934
4543
185
1827
391
5239
122
332
21
14252
14426
10731
77
77
292
514
384
241
26617
218
459
20385
175
2
13976
7639
7563
312
487
116
2939
67
424
4900
2154
445
3045
7577
3592
48
1431
4299
132
146
206
18497
7603
4557
2517
59
449
397
418
93
293
18380
378
128
28
8675
207
11414
387
219
2549
20860
479
79
344
305
9515
2243
315
4451
13587
406
42
13219
72
12
142
96
7652
68
7113
10878
11852
1651
312
24
129
831
231
4380
14178
112
231
9789
133
146
17721
6859
16010
450
8868
12108
20764
28624
14503
580
208
27008
135
258
345
14123
10006
302
27
14981
117
5978
40
466
268
31256
525
312
4683
209
13237
338
191
387
42
502
111
68
10862
3649
359
211
2013
457
5157
135
94
526
506
130
286
6628
9118
166
20245
12216
370
464
353
328
8327
7463
6030
2901
10
11695
20616
9538
242
26681
13322
4993
12246
519
92
350
445
213
506
30420
127
15060
12019
13018
11
296
45
462
255
8724
253
5064
14312
150
298
29920
64
227
27
296
345
412
6933
512
25568
4557
954
194
393
262
81
1869
10315
11
13052
1884
193
4131
501
171
2606
13126
132
302
505
18626
4606
3816
366
19195
6412
440
9337
18908
25206
496
11256
155
35
556
189
501
1018
127
19168
7144
9538
239
4355
3633
126
270
499
172
376
22177
14049
434
718
536
424
20560
325
423
7575
829
277
441
415
12733
3824
6519
106
10340
394
123
4559
13550
19589
257
13772
28513
12398
209
155
4416
29470
121
1343
1463
185
287
91
20021
342
14633
16586
6564
458
144
108
491
139
5256
17790
145
27567
8398
4320
10864
1845
11151
9146
7424
31
305
10403
8618
1714
179
7877
5877
410
3578
513
21037
379
3635
53
9927
384
188
7622
1998
4382
171
17856
13895
417
7434
2852
501
478
15591
126
4925
19452
1530
262
347
17693
512
434
193
431
479
361
8634
9507
17565
1851
379
14385
224
13524
504
116
440
428
333
382
21696
2642
491
26
14028
1023
471
81
1152
1216
15
47
5355
7864
375
122
5
15540
112
18623
511
358
10730
28020
5004
270
506
6360
10567
8961
68
11529
316
2667
479
11629
477
105
9028
231
474
516
324
25746
4349
12154
14401
45
315
21713
2437
7622
494
3708
391
28171
2449
982
27935
15685
103
17784
469
20937
1809
482
8000
8696
202
26437
32896
995
54
11356
3218
7550
9
57
27220
60
24918
11140
111
301
378
245
12
5729
16431
247
405
12514
55
9427
475
320
398
422
14823
37
12831
5150
447
274
491
18098
84
404
6470
434
4400
451
8417
512
22626
12405
16499
192
445
11554
241
350
6981
20716
426
458
143
8221
15645
199
5260
254
22872
21288
8151
199
2990
6398
46
25741
10599
10715
13256
4504
323
512
14330
238
4731
403
14432
77
512
24497
312
492
13
171
4668
455
510
20796
465
4810
5719
987
522
496
4453
21092
9817
403
370
475
21176
17762
410
313
15236
274
885
373
279
26175
18143
3497
7367
403
386
28138
15354
7183
20371
2606
11842
20
3765
17627
9974
64
3411
244
10253
1640
9685
6887
12191
376
8884
83
471
411
129
52
21378
258
297
250
3519
55
81
2835
12407
2247
2895
20762
15785
8992
4741
5048
12534
474
127
129
10745
26805
138
446
799
1113
162
28960
13711
320
19765
428
376
19756
346
2621
346
321
64
19568
20704
15165
18056
697
185
8923
6329
8310
101
18034
59
6767
20935
252
5230
2463
13456
8171
33
438
406
17696
9284
9046
125
333
11023
269
14074
26877
426
17083
333
234
4303
159
11387
1994
9
252
2954
288
21
781
248
20286
4146
8949
481
212
23603
1854
408
12143
6183
913
45
4
21846
32
129
2637
616
5592
385
5105
494
4076
342
501
6645
85
238
55
226
335
395
5225
7189
4415
438
13125
17055
17557
210
322
23474
10943
1130
193
16499
333
1809
354
4654
73
14496
59
14172
195
95
16581
284
11649
4292
5380
469
474
12210
2282
261
1091
9538
15896
6570
4103
12494
372
376
24131
25785
513
244
11463
210
295
35
17293
18
5753
34
337
19568
11303
1601
457
25432
216
26175
6118
14780
14798
410
470
2412
10775
172
16293
1213
2
6899
140
5999
455
19998
3807
19955
79
2525
9573
5932
8228
8032
432
8768
443
119
229
6779
4885
14232
14405
19814
14963
6386
193
362
1624
48
133
22026
198
153
297
12179
12278
534
5084
16369
26459
168
101
360
87
332
14621
16293
643
503
22
10066
336
306
243
334
14803
538
78
1845
17105
2371
2031
453
24106
60
473
13328
251
476
3235
12723
240
180
5702
495
135
476
219
12481
349
627
10042
20564
451
7747
168
186
6854
138
43
5692
214
96
3877
5992
315
13399
9394
297
5566
373
513
9000
308
171
11855
3787
49
6880
25221
24550
353
252
63
259
17778
11792
312
56
230
410
14542
9808
126
12955
15018
3135
4471
480
403
52
188
21443
15609
399
7125
30198
215
2639
3661
39
10209
13138
13
426
30
102
2411
380
5540
9327
21277
343
336
55
54
8057
16
5305
17252
428
349
703
271
5907
58
3265
361
22733
161
354
172
264
355
10741
178
13550
20364
8135
455
191
19592
56
19843
8097
340
102
11565
8956
334
527
48
278
22253
400
336
17226
81
376
5801
288
465
96
746
200
293
492
396
380
3171
171
3728
112
1536
436
27154
398
373
35
294
287
27126
297
65
1953
5383
16749
12685
332
267
373
355
180
10753
14227
64
4407
14256
453
517
11879
2765
281
97
122
309
228
18537
175
22147
17260
418
498
237
11769
10284
14204
5925
137
3203
12862
9966
338
6009
12640
3153
501
119
10669
14530
21279
511
10432
6326
241
184
363
15160
76
317
8222
12557
367
43
43
231
29259
8406
326
457
13196
85
177
1672
180
2420
20148
27408
7656
14139
19627
367
454
6070
507
35
104
16388
3234
522
5113
41
786
23120
22556
332
5879
507
12009
18218
104
391
129
12
1221
12509
63
369
465
7752
9961
6894
5165
466
14987
384
16655
391
255
25983
6
61
4292
4823
29480
4731
10004
2436
12299
111
233
473
39
8418
17369
22086
14823
7386
20728
19586
3025
33
524
25806
1276
521
157
426
29
16039
231
481
21952
9158
224
199
154
11821
19669
8361
24623
26562
12876
298
60
481
61
3063
161
28
5824
12378
505
380
376
487
14967
191
150
365
506
323
25
186
268
1436
15439
14272
9547
7451
7988
175
22918
15
51
425
381
272
386
1595
17332
465
386
6087
120
193
347
90
430
2622
106
17094
9625
15396
1541
4682
481
1901
2833
468
12273
173
474
89
33
57
15109
117
17547
24
22209
3151
418
4159
158
7297
542
395
81
74
530
215
19003
25624
3388
3940
16284
269
9685
431
128
8312
20649
15496
341
316
19769
400
7149
16911
14
341
244
102
163
24562
17955
208
345
238
489
355
245
7515
4495
17296
36
32156
21813
10810
104
513
15193
370
3440
362
192
252
455
261
232
466
57
15922
423
318
2346
12496
14429
20612
269
390
16579
5848
617
14687
491
3705
14202
464
224
330
636
27367
496
14362
1826
221
4281
22935
486
7279
4360
233
7510
8533
481
5266
461
17256
135
14120
13896
22
310
11905
509
265
13330
12675
90
9075
8023
434
269
141
3263
23667
155
461
15284
296
6282
4261
155
199
127
3399
3688
12065
11736
454
9317
95
404
431
169
14130
874
43
385
512
480
398
360
477
447
16054
136
28
3735
5613
3623
306
7
74
616
173
150
31
16375
514
20145
534
1330
13194
97
457
18639
492
8194
25518
521
1798
8362
275
6633
118
310
366
1438
495
470
15810
12820
116
24723
531
436
21864
24
27407
8449
19316
15799
5362
373
27915
3256
127
13788
13248
351
444
8743
412
91
1169
403
119
19613
47
434
163
473
27689
3827
5204
46
528
383
22735
3580
3306
14165
289
476
131
311
473
25774
19836
209
111
20345
110
4097
289
171
21
8
19003
294
3813
154
3037
441
25427
66
473
521
257
3070
3049
5373
32195
213
10895
341
7994
362
281
5429
441
45
10788
6916
16209
376
29520
1583
248
24
241
2137
83
373
165
166
3473
462
1970
110
27191
18154
8474
314
88
161
11163
29007
19606
4230
81
143
374
7969
307
4127
402
102
23
16038
16432
42
3371
21405
364
10634
9
7921
100
125
289
2211
13503
12967
469
4495
376
8725
511
488
14876
19426
5644
129
20781
167
12354
42
179
6336
13955
326
15804
420
143
25671
205
13656
3869
13930
153
399
26423
742
23162
497
258
252
142
7760
8135
3494
1912
3068
7104
197
351
10425
51
5946
486
365
189
20241
15167
155
2363
12645
251
2412
388
12822
135
127
16886
528
441
14969
9668
7981
44
453
88
3562
378
8222
167
20578
27255
429
81
199
189
123
137
16
241
92
121
1780
510
25188
16115
750
2
43
15099
70
425
96
3372
240
12042
7000
3866
198
168
11751
17328
16644
8141
332
511
169
446
505
3901
29235
31035
180
286
15779
12388
5205
1559
429
33
509
268
9031
27679
289
20453
424
7481
1
10826
6
6371
175
7840
9289
422
375
185
8164
1056
7525
178
2660
126
3760
22437
6209
467
776
146
220
19719
16814
219
15906
2829
45
280
8937
231
268
348
9172
12601
319
422
3381
10968
963
7
4184
323
93
477
36
18403
12787
307
3856
418
347
27308
151
431
355
215
13803
55
1224
402
5314
11298
11442
115
9064
19
125
455
3133
146
372
435
15910
25
16446
10722
2
863
383
23225
14847
28081
2211
79
508
195
280
4720
89
10432
7857
130
228
1023
318
95
27317
4104
20128
141
185
17792
13526
5916
102
418
192
21181
135
7228
453
7698
504
460
79
25489
402
208
396
18977
507
3
206
98
26346
9140
7780
8
189
5106
19637
12
4153
301
212
195
3037
393
5819
3914
8549
221
15752
377
79
363
21430
5927
172
12
22414
274
1408
5728
1985
5412
3924
5232
16758
357
157
54
447
251
357
21483
449
327
152
97
507
8826
1449
6200
2801
503
12121
247
12042
33
192
505
14993
7351
4083
6183
22284
22348
253
266
21907
16162
12631
38
4461
470
17858
69
420
14749
399
15177
13284
428
12897
160
33
263
6032
7735
4503
6715
15174
36
230
24067
123
21304
5137
7745
319
515
951
6
520
93
510
90
1762
58
2215
8
20399
234
16885
19334
12256
10779
127
277
3208
297
492
19446
89
147
315
29039
7183
86
18451
132
3041
1935
145
61
394
182
630
398
4772
498
12742
285
4975
321
209
196
343
303
12865
219
83
372
631
360
17960
14136
1221
494
48
95
424
157
370
8079
705
15088
219
315
70
5354
15116
14204
27
20514
6616
3760
6
524
383
3488
7883
6339
117
23802
119
21758
215
214
4115
251
3274
12390
294
32295
17622
8936
3420
496
980
345
17879
109
4158
160
356
240
1657
5549
162
18844
26090
5512
6789
102
21745
346
8091
374
19736
309
344
105
4209
198
90
3045
145
434
20812
251
70
232
44
9016
171
95
7326
28054
6804
520
2939
17137
273
473
21337
92
1513
118
31
308
469
197
269
167
24385
8816
162
8720
52
181
11378
47
36
27
442
502
1189
21217
27
8277
176
2888
10033
21080
513
10815
2558
86
465
27035
467
221
13579
251
373
41
106
412
95
2208
249
22251
115
282
16288
196
491
29066
344
192
2109
93
26
1312
878
462
333
29
24943
490
16432
402
22187
182
8055
68
104
13376
106
441
1174
19668
12420
348
206
4131
433
15833
14782
2486
10106
187
209
31794
134
14454
23017
13059
337
5377
15508
170
4023
327
3186
130
13171
11782
12549
2971
10456
9016
236
893
8143
82
1506
4180
306
227
16269
336
31688
433
13434
363
5538
4002
3523
497
22398
5513
496
484
10523
266
382
20505
134
390
4815
4663
424
18
198
351
2094
5051
331
8637
353
4735
98
19095
101
515
8015
17420
441
18892
157
144
417
11761
14504
4454
26
2922
269
87
378
386
10427
17960
705
466
365
505
145
1057
296
5792
196
13352
5198
236
12154
248
118
981
136
8791
19287
12042
500
3638
15403
486
48
10195
436
106
17616
254
14916
389
22758
215
132
448
345
20007
517
3522
29371
221
144
92
405
400
19999
28
390
13290
181
16
18872
510
307
251
10244
20453
473
188
1222
10877
14914
431
307
509
512
35
14245
5508
5
456
402
218
455
24
12688
657
573
29682
8848
128
5361
126
74
8208
431
133
497
437
319
420
13
324
9274
74
442
310
19177
67
12512
426
308
25061
21933
225
475
61
33
6535
8140
5344
268
12508
37
1033
12067
13586
499
26594
353
434
292
8046
10677
2464
150
2061
143
2581
27835
7553
21292
2036
286
14157
256
310
148
442
8093
428
2086
527
1088
18711
21049
350
183
6386
18705
342
93
438
338
96
377
22581
84
3106
413
452
21886
5887
11686
218
9730
495
4378
23569
434
14360
77
284
15920
482
49
6201
1799
17413
186
4108
439
4015
7483
465
510
471
12418
277
2110
2423
135
14576
8331
493
233
4819
6009
22334
18890
87
10831
5093
193
3237
8292
22
789
1171
469
259
4946
416
28813
281
30901
393
19837
352
27
406
412
6367
5233
357
30687
1131
521
432
3100
7266
381
19290
54
259
27694
32
2052
4211
3108
16149
448
9573
10991
1579
27006
25
10036
2539
2280
233
320
13291
27594
221
8302
14325
35
16965
439
13398
10440
209
134
354
169
5200
417
128
502
258
2611
429
4540
129
169
3152
18641
2736
13139
250
495
6965
288
19957
20394
22915
5437
412
8975
17572
1378
395
278
341
436
3779
21644
204
2043
209
23336
21935
57
18230
9148
3303
377
160
10284
497
11002
5193
346
14976
30591
908
352
3620
16074
66
22970
15868
148
7389
290
40
449
380
9274
3981
266
20045
373
67
204
263
105
465
147
20328
13826
31
13766
150
12926
8140
364
66
2185
30
26821
163
13945
331
16422
525
5027
418
63
284
205
172
93
24728
215
13431
21359
4236
28851
74
18839
7635
5859
295
4764
243
42
106
409
2015
20926
16716
7
7863
336
50
17896
23412
143
94
6
525
15797
302
412
48
16647
13639
341
12189
2138
433
83
1696
442
1480
28029
297
6243
406
2279
20033
9
5211
14277
57
209
4273
3992
15700
197
251
378
501
4553
207
30147
442
277
1888
13910
21139
414
463
242
2836
15400
100
5687
5864
10053
499
7
33
8
7036
57
13811
19926
260
535
138
36
98
473
19668
30417
1
102
193
5
18355
170
27697
273
14623
465
287
66
4833
15009
15400
13139
16102
10385
311
11432
30
23113
1773
464
37
338
318
716
7992
8436
417
21594
5018
221
162
20716
126
206
13075
12510
500
7292
222
22097
306
103
451
24245
352
252
433
156
523
290
395
82
5066
121
313
17593
2898
28402
585
15132
353
1082
286
172
4279
437
442
11101
14637
11697
20051
22238
3876
370
13930
321
258
63
1687
417
144
136
219
203
22433
100
13318
202
294
489
250
9968
8277
302
5132
1303
54
15113
24596
418
519
5166
391
1755
5490
18980
378
10515
526
845
61
339
58
253
157
528
24349
490
5467
395
509
14400
1
314
25404
16080
291
64
15
329
3185
17405
348
16162
4984
5271
103
7774
5435
1400
464
23376
8101
332
1767
144
8973
131
17478
149
12120
1498
9769
249
28
103
437
4493
21191
20013
11379
8187
258
112
15160
25754
57
21278
10176
509
483
21938
27
12476
106
337
445
14
48
478
3772
18286
179
26
370
470
15680
325
6620
15361
420
219
220
450
5147
262
8587
129
373
504
129
390
48
5498
238
5520
1476
19813
290
8205
186
16779
449
5262
8167
7604
5052
11270
409
9972
1209
22560
530
23432
51
177
629
1698
17286
6043
4443
26707
13289
337
264
13681
181
8165
5123
14341
3070
13
191
222
8
7455
218
684
180
24284
27589
8336
351
276
201
459
208
156
320
17383
4659
377
2110
5679
349
2159
16388
5916
196
26177
8921
10783
333
7237
2210
194
72
10172
17884
219
17634
8332
1801
96
6285
3219
53
58
20424
20528
496
63
7853
213
968
15118
395
316
8159
70
436
27769
12051
213
225
291
152
59
3146
140
240
4595
502
94
16378
226
18848
2110
355
89
16585
333
69
128
456
10132
11890
373
2807
15648
50
389
7865
64
13038
14994
12272
509
100
1923
5967
223
300
1318
224
521
22
243
7950
747
2473
22216
10477
91
9046
458
15424
17708
163
225
363
14708
2018
434
2421
455
19242
25396
158
306
233
2487
4717
430
459
124
5022
7938
81
11515
319
19994
23905
29611
22187
6397
5781
161
8946
337
24273
293
515
26150
353
17870
461
17982
8036
420
252
13894
235
28
16
25241
22
418
1223
11357
4841
6381
24
227
23
4059
170
175
460
405
14659
309
35
110
353
16873
1890
2577
12607
101
22427
22412
11867
319
35
897
21296
235
38
12
20
328
499
8764
414
151
405
18017
4180
501
528
8534
21
183
251
8438
19443
182
12692
57
339
81
316
9056
10672
9613
267
16
14318
532
16479
258
20730
9616
1874
8628
38
332
448
9087
438
137
3595
362
14783
12698
3578
502
233
258
22
24
307
18221
16281
26651
437
19587
3127
378
5832
4668
4466
4100
7883
249
402
29979
12396
438
18598
10230
18637
110
94
400
989
8865
7854
4310
502
5982
8078
1225
21703
250
5105
430
394
1373
11508
518
487
994
425
15282
334
5195
332
463
28601
412
26879
157
14482
175
6700
22804
15892
369
21249
6074
5879
515
6796
336
6567
195
401
183
345
19571
1947
15413
13463
392
517
1422
302
362
252
31
481
26383
334
104
8020
485
318
1943
1753
5991
1180
4667
18388
28506
3023
307
392
330
253
405
23115
303
3176
211
75
188
181
1105
26702
14019
5682
372
365
345
178
7327
1703
224
90
7367
299
20784
89
468
15618
77
65
343
243
20170
5744
303
2361
394
3396
10357
9
24417
111
8877
380
28321
215
88
223
23286
434
3454
329
4095
456
495
274
4631
516
1720
13031
476
4304
967
29075
16080
7418
18303
132
1616
23152
18108
2076
6411
430
489
226
17
80
16887
9
14187
1718
197
206
371
24390
364
488
728
21954
184
473
41
69
9499
395
8797
374
279
288
7377
262
443
119
257
16080
34
17456
5243
331
3041
15802
475
371
3760
18265
198
6369
379
330
18265
42
1361
459
459
279
15364
353
73
299
39
479
484
19663
37
13562
8584
84
498
482
2555
1778
25617
15355
5195
22206
10796
387
290
40
22694
19
2403
189
12576
291
22611
9031
11556
10350
20327
518
475
3182
10786
313
324
85
713
125
272
68
465
3910
11741
297
207
8277
451
1966
22112
558
303
461
11261
17805
514
387
96
23543
15327
12395
15087
81
12
182
3242
24346
193
236
166
15385
217
12262
79
7000
403
372
9114
195
2970
84
294
317
17
358
13434
423
498
12745
443
438
218
6882
2270
5846
543
15630
9198
175
27078
3983
172
430
18
415
174
239
273
4867
359
4245
259
472
25831
236
374
45
202
19028
3781
519
17019
1027
14915
31574
2411
10553
305
2647
216
1479
5706
428
5421
492
23847
73
341
26512
437
38
13
26103
16811
16685
286
448
5339
341
10097
290
485
3917
6113
362
20196
11670
12482
813
11499
94
8546
4
313
15548
186
119
518
12704
28485
338
8186
469
23550
157
3244
20
344
3173
41
520
16366
13769
84
11322
14513
465
1819
18302
224
17599
22566
80
214
19539
4674
9147
512
604
29722
18968
306
363
142
512
2421
4766
9257
11
452
435
510
636
12036
19184
308
10754
43
113
156
77
395
481
22070
22503
519
9581
40
4736
501
18753
189
357
5639
4673
433
14384
410
229
135
227
204
5940
1434
14916
2268
11565
97
92
15
426
10965
6915
5021
209
240
11592
353
12127
6358
423
14557
296
292
11650
7718
23
18086
23140
11
29337
626
441
224
6958
5981
4023
20686
8994
163
8415
29
224
226
9013
8085
1312
140
7735
416
7114
92
9825
13615
28875
24778
3
10482
32384
160
15408
62
331
18940
3314
241
383
450
18794
476
483
229
288
8901
16193
514
24719
13382
11333
462
6164
9830
2199
367
28
382
7487
1654
278
65
20501
492
83
341
150
15321
63
9751
427
9342
283
10587
11826
22463
26594
328
11835
190
123
190
479
12583
1
20725
362
4832
206
5736
384
39
5724
161
5979
21333
23693
11762
20170
14772
18451
506
482
28295
16724
442
24
505
40
17
364
16222
409
7825
247
320
13059
3515
21
13481
9294
394
1828
393
6608
93
20969
436
10480
441
312
268
282
9380
12292
480
484
384
23794
24617
11860
105
391
4123
1994
1992
22424
10043
459
13164
21147
122
493
9660
8658
19766
219
24815
412
27146
468
18854
348
156
22356
18669
13
178
2368
14726
2261
385
15
277
4647
22137
19334
120
13114
490
5260
12591
435
29138
4522
27
12209
20315
3460
23347
57
15
13366
198
161
2346
8750
382
406
1830
262
52
16907
189
16879
5277
403
409
10319
326
5611
26245
1159
262
336
48
415
199
3928
191
452
5
392
512
13
452
8801
481
9761
106
1152
97
11003
2946
226
430
355
426
445
77
234
21601
230
313
348
10190
25894
437
23248
8059
13134
11386
13
294
13660
7458
2898
306
377
453
288
266
15533
27728
20593
17140
414
10391
80
13418
28493
125
6253
301
18469
189
367
11643
89
192
15
17839
6099
14148
7493
391
439
1077
466
9707
209
354
18077
673
17
70
10608
230
203
392
14666
10571
2045
13467
86
1
381
6521
4330
6232
430
404
322
15526
327
479
66
7005
12490
12383
40
483
33
6194
1325
4677
13594
21871
432
15012
416
135
161
525
2482
347
103
501
11387
5385
9534
222
490
11292
64
1681
14
9528
407
9311
4129
5702
1835
23360
253
10551
4049
6117
13393
135
294
436
315
9666
535
131
20168
14596
11703
24517
23
528
11024
109
100
300
315
13429
245
316
3300
329
17340
112
4196
132
6765
8349
18016
18100
21787
82
416
12141
207
272
195
14073
1084
21638
2563
300
11310
73
13828
451
22014
345
27640
389
11987
18522
145
22430
13434
1440
464
30099
21071
297
360
295
3018
19213
438
16877
470
22543
408
232
15296
20687
841
387
22047
293
483
11662
300
443
505
112
3884
22235
27112
445
13883
12581
7
17296
315
6335
11406
14471
445
256
18554
213
32
24926
339
13549
3743
16823
42
167
3610
24577
183
12720
9301
14293
490
366
211
12811
55
142
91
2452
338
52
475
13894
130
133
14
907
11312
4402
265
13236
16449
492
17174
2001
55
56
357
24101
408
521
284
177
8580
484
16930
376
19370
107
29044
20740
4947
15562
16473
332
450
11997
3854
239
10953
474
458
9979
19524
8298
21309
398
48
29497
6455
17337
145
51
359
23183
10404
737
47
21940
298
21896
5218
1157
177
29548
18861
429
13776
219
29885
342
6309
14378
7668
362
156
26843
353
8986
492
9764
41
438
259
4842
146
19484
28219
151
440
59
369
15440
190
405
281
26386
18395
482
285
459
12697
6295
308
517
29
256
509
350
14959
356
126
255
3702
5407
231
3431
14210
9071
755
10865
11929
124
342
244
25701
25769
2776
7467
152
22893
11
2466
1826
1183
403
4975
190
6242
4314
408
100
208
502
5958
60
76
315
19331
363
17537
363
27398
8246
14616
9734
48
1344
462
428
8921
458
3011
316
9711
95
107
10655
12313
2966
3773
6838
82
7128
342
119
129
356
5216
953
25710
12916
191
2922
203
336
20854
300
511
12512
52
50
17252
17414
23041
11175
327
367
3278
7834
7489
186
1350
531
16092
15554
940
213
65
102
424
168
17486
115
368
2017
4966
427
19882
31
16270
151
6789
23677
520
73
484
40
9691
212
85
237
514
10915
7247
359
427
16463
250
20240
7105
271
12119
253
14
488
7213
111
24336
69
26
338
11176
3085
8867
15068
212
469
3868
10478
425
16798
9585
11
298
19005
27601
1070
2456
201
494
175
10296
13841
4468
6718
331
13074
463
431
120
512
5019
332
9016
19706
16320
16275
4464
2705
303
14982
50
10612
212
18322
118
25270
301
455
457
996
103
236
455
338
401
1490
167
474
3579
192
26073
489
17844
169
489
28765
274
145
13885
24968
4570
12604
490
195
16659
223
310
441
290
90
18208
129
148
21499
751
17325
208
23083
142
498
4720
7015
281
12
43
117
155
213
221
356
19416
173
12162
16851
30204
18080
9867
13
30489
4355
7291
84
321
31291
16731
105
7820
2603
3247
9233
1732
511
477
195
524
299
186
8652
5790
5682
10131
373
363
20008
25576
10855
5354
442
206
21664
4212
76
41
245
25902
285
384
1880
22608
15239
9862
446
22
242
295
354
17084
6925
282
6436
390
9684
6023
313
91
10342
362
6985
16631
31
2288
5049
167
7805
396
528
489
1589
155
255
27016
13997
8623
26058
256
11075
34
62
12037
99
514
7280
3321
507
13268
7912
24740
8080
313
317
14630
21758
236
18104
18971
162
15160
2559
400
58
1758
27
170
270
378
27
996
453
17661
13178
23110
400
14114
19201
5234
8561
298
432
9473
5233
51
102
124
20087
146
7517
559
363
92
32
92
13273
175
10543
483
29309
22212
19236
4304
2262
16822
2245
317
116
361
238
17540
16704
298
10869
17673
21092
4685
95
2460
69
290
152
95
920
12855
4410
4804
409
1255
503
164
525
382
24846
2010
23377
13
13568
7466
9351
253
11723
11946
322
17570
14306
1517
11759
20942
88
20430
19001
275
178
5611
281
16403
16140
42
7717
14121
444
127
148
9549
439
271
494
7712
409
113
6801
7249
513
4910
11168
472
10616
29443
209
3023
117
153
27423
85
3158
418
347
147
16303
146
17938
347
272
482
11607
246
469
337
14634
208
13258
414
227
17347
452
2993
470
172
22
10248
73
10
918
7
3982
253
533
232
505
108
26
11246
358
17708
4580
363
5094
8319
14576
6072
1039
16
145
9810
101
5487
54
6573
101
217
18694
18
1878
95
8103
386
517
328
4939
187
99
449
116
294
1461
6840
99
21508
263
439
4657
15596
15422
1368
409
218
10949
283
5398
11168
14786
16
158
488
445
452
112
442
7182
437
17931
260
296
9509
478
4667
100
7908
9
845
357
1
71
4862
7512
13235
8320
112
30
449
369
242
857
395
474
214
35
353
340
290
8706
27927
1330
14453
417
412
284
24760
5411
12532
9888
17071
4165
422
8108
394
12388
520
14302
18917
144
13956
110
27379
228
185
372
849
7355
7075
181
9143
510
307
258
51
3710
278
12665
22284
8859
3855
124
496
6155
292
3815
11795
2320
495
30483
17353
17081
11783
179
449
5420
197
220
92
23942
881
432
16627
642
418
10045
285
5277
152
5560
3
120
27
24795
4577
255
12935
248
2067
69
4574
15185
11349
18346
2130
315
16506
23999
15566
4178
281
14840
274
287
11858
256
4374
21663
230
11132
7079
321
5731
4176
496
499
13513
249
24
536
25628
103
75
11723
60
4041
5957
10273
479
265
220
119
375
459
10558
14976
11255
14497
822
7504
121
16118
471
1317
512
23677
22088
212
408
288
474
3255
8699
211
336
18530
369
133
3921
22221
60
5344
408
93
9366
153
20734
125
31082
3942
13083
303
267
268
14337
53
5773
110
17
6372
69
446
3249
24905
300
7070
8201
512
6270
26381
507
423
234
16117
7347
17873
1430
322
15092
175
22
534
133
450
4677
30456
3481
14155
12160
255
1366
365
18902
6107
22003
258
17622
11386
18552
16160
95
519
7960
5680
479
13688
7184
3010
15
490
428
93
15286
8069
133
74
23082
7899
107
11607
196
518
197
188
124
458
3913
832
6259
138
64
24372
12875
22456
32
24140
1040
12471
301
237
352
89
14792
88
5470
117
154
162
189
65
453
1812
18
18186
6701
22588
272
453
252
6328
49
502
460
23821
5230
4951
11740
17554
450
415
21
7396
487
501
22553
129
259
21037
7227
5425
1906
27988
9698
489
520
19010
815
391
97
329
31
30
335
312
380
399
395
12783
491
170
257
10432
2761
233
467
22881
475
373
12630
1040
477
23669
9599
92
10001
6872
17189
14038
181
93
27751
244
4586
1706
12693
395
23
24
467
17500
222
312
237
18872
348
8695
10522
322
465
5147
6392
25229
133
6105
470
22607
6462
7010
424
98
410
23
251
3128
402
8816
287
5034
28346
141
11951
893
382
40
115
367
18512
6913
467
290
25065
6173
14594
57
6403
302
4237
26302
96
2345
25
4221
1342
20312
26745
25
25890
4
19151
379
291
23684
11183
395
23395
104
9806
2328
5773
9139
413
244
459
740
3474
452
517
136
156
277
3084
20211
2041
4332
24
393
22161
1941
389
146
7651
108
18203
341
400
318
343
3414
24291
2262
520
91
9720
2941
24440
20412
308
274
43
29526
307
7402
267
334
462
510
2792
5228
265
24198
261
2669
11062
504
19895
22860
546
333
6370
2971
25465
536
148
21852
14667
18018
407
312
11271
5829
17925
296
464
8
380
529
5969
1886
9634
265
121
5255
2829
9087
268
346
138
377
24817
7400
351
13741
387
11931
83
27
392
9212
517
5638
14405
87
25132
78
265
27239
3621
14320
68
156
19214
18276
30077
20756
23
35
498
2599
422
8786
52
164
1959
1603
1241
71
309
330
41
14904
371
4973
7771
90
13181
12918
17359
212
4248
53
467
1629
21
123
155
140
478
1913
23293
479
52
210
23824
10
13046
19335
709
527
313
461
21243
7503
2756
160
16123
16180
107
240
7257
3465
244
320
9282
5962
102
193
12361
441
339
4367
89
4177
228
977
7796
417
509
961
163
118
14988
141
199
15316
27578
21
906
53
123
253
206
6179
3879
444
495
6526
283
13181
494
12185
53
478
124
3768
8842
6953
461
208
12499
206
15938
29720
319
18178
139
15050
395
9432
16276
202
171
93
1034
284
624
12284
10924
9431
7561
30
187
316
487
4
434
985
15
172
27036
39
192
253
3808
3247
305
20131
22286
401
454
309
7510
553
82
21116
7392
90
330
10902
1465
14739
245
323
15500
390
16663
8815
11115
1370
15527
110
21391
2511
1115
26834
10099
28637
371
21803
187
436
6212
259
263
82
463
13050
13913
312
341
13506
85
42
180
4397
5110
395
14252
10137
263
389
9696
11153
488
163
215
435
76
14855
360
8941
275
8192
23753
93
10815
59
204
319
1200
12934
264
451
20508
8573
14291
4521
3229
2247
527
27664
337
12130
25268
286
6488
304
331
252
8855
4853
14932
11223
252
14584
104
6364
6013
14
159
11695
421
133
197
267
399
15
141
414
144
20964
65
19529
22776
713
20583
178
15041
6646
134
7258
1857
11544
225
489
2776
253
447
22932
19674
20485
14
516
17650
291
417
7519
19683
534
34
4415
310
8924
10722
170
25474
12791
314
5910
13424
240
259
497
320
438
5680
438
7615
9458
382
13468
455
281
14993
25294
6863
60
13980
300
449
13532
150
267
5566
2357
18
15101
5496
386
16616
36
437
341
208
14302
15223
28336
29196
2918
2832
204
7090
15558
24200
219
7019
28666
324
11452
6618
9426
9654
225
11897
266
16025
1619
4025
378
29638
14102
218
16747
1631
310
269
21486
6570
22226
28654
458
444
182
471
189
15
116
10068
6715
346
28
7103
287
381
7960
484
652
29396
219
9690
496
2332
501
219
8818
371
24651
457
20039
7132
359
19728
419
6671
32602
218
286
278
12089
389
239
219
240
10049
281
29714
19852
26507
387
249
323
78
17023
21971
390
15485
182
4994
451
277
32
22117
1497
9627
619
378
183
174
8302
488
8974
391
525
6
20503
174
4120
533
8865
57
1257
3807
16721
16380
22609
152
231
24998
18344
30697
355
30138
4720
4840
3456
3474
402
347
6790
426
26194
19537
278
4011
157
228
515
7009
14271
399
155
14552
78
217
21909
281
393
356
55
469
8279
49
5460
366
265
12188
52
19585
146
68
253
13
26299
16823
506
23455
393
125
3629
483
19989
25152
4899
312
26511
5
3157
125
257
8602
1883
17847
14347
82
4069
388
10628
8050
119
6972
8774
4231
11392
14561
1777
18405
773
166
11047
8764
69
15156
6963
179
534
116
1149
88
74
537
6847
100
361
5506
14940
1
416
306
137
138
437
16459
7945
411
10591
12587
30849
514
10059
103
20444
16763
497
11242
80
8013
16341
373
35
440
20140
7851
19637
8818
2310
14153
4813
291
8085
466
370
9499
3978
149
18236
11780
389
102
20744
125
412
184
312
136
55
10048
4757
128
423
399
461
11411
9277
285
13775
304
399
150
16412
6638
22714
24401
4748
312
2147
4702
6
386
110
21985
503
24952
400
20147
567
86
385
234
26495
2820
4595
3869
249
299
2207
365
463
465
19575
139
11429
307
393
20
8211
380
11840
336
214
505
18412
2111
2051
5008
218
217
451
1347
264
58
24766
260
5113
10448
289
233
102
14540
420
13699
133
96
364
9349
214
161
6543
8
697
9650
5682
383
20
25282
487
321
360
16788
404
3324
445
6716
17487
14812
4879
87
173
5110
363
314
21299
19515
379
31553
221
18157
356
6116
431
684
6822
9878
3254
230
507
226
26219
99
12866
9955
3601
16358
542
334
713
290
61
3571
16108
423
11683
93
2750
3248
9443
1649
286
12953
9233
349
18034
1790
1527
347
463
7604
5218
410
16690
429
37
3725
229
354
23609
216
9608
56
106
8841
313
2245
419
9949
7680
26356
30273
40
12334
156
8675
124
3553
308
352
2245
14
10800
486
13496
26250
34
14631
405
383
109
14068
5791
52
16336
18657
11324
16110
17461
92
119
55
32662
367
385
185
254
330
2
341
16108
18128
16373
98
5426
302
9002
316
2518
22498
303
158
248
17828
17
1428
7098
96
14384
212
31235
437
7232
11818
11209
477
384
18854
12918
77
497
264
470
671
210
257
6
6256
237
292
9438
445
3772
371
19732
178
410
18265
302
23299
174
498
19276
444
304
9132
3255
520
431
96
145
169
21970
186
805
29358
22511
42
18639
20016
2655
103
60
523
311
19378
3255
936
307
541
255
318
4160
239
174
1174
511
15783
24941
136
117
6378
11207
23907
12315
17184
8784
7135
7590
6929
244
390
235
92
9008
13961
141
11116
470
4688
5745
8632
388
86
4
376
6281
169
3687
20856
26593
16832
12530
329
15951
23985
61
15959
8712
13
5648
356
11308
22321
150
475
2
300
9188
444
19717
4175
256
5233
282
31
350
69
32
195
13967
22
138
367
30
452
272
374
272
44
5895
21399
36
9435
410
391
387
254
227
688
419
17875
6048
12470
288
193
11481
14128
7495
13394
8223
70
2420
16
31358
9476
1907
340
18654
505
500
3647
14021
174
3762
519
1879
9529
134
187
4854
27
312
5030
9738
9540
326
118
380
295
286
421
20647
127
171
15598
13862
68
519
5133
7556
53
402
321
8689
21522
6336
7908
423
342
505
2799
375
209
1739
17332
10712
352
6694
6444
812
3781
7943
7175
2914
5930
25707
1263
229
205
291
22328
1939
26900
14036
21477
765
200
3760
17106
10142
180
10379
85
315
511
9171
391
12871
8045
520
211
451
14768
35
17430
115
442
13575
150
410
302
1780
4304
102
83
185
306
4453
6241
20964
43
250
3045
334
472
376
17867
6180
11111
187
1291
497
5853
4870
1147
418
13914
8381
317
24624
419
124
260
454
25368
11002
248
16179
121
17389
411
3774
9310
260
489
389
417
491
344
5065
18225
449
438
29511
515
14644
1629
11974
126
11480
171
23785
75
3169
400
11599
13052
2751
12076
28889
323
483
109
429
5490
2535
15406
40
5533
244
601
201
429
17465
22418
19072
108
380
190
222
7862
226
6591
14451
11373
8977
233
8729
452
488
96
351
96
155
10182
16278
7853
4252
20109
14828
284
435
5
985
278
16366
281
456
221
2354
22545
17146
13424
2465
13118
4092
23
405
25
1799
413
76
285
13547
379
311
11490
8066
6199
452
431
8870
286
10838
17082
501
16336
2835
130
13253
564
504
311
222
299
85
5304
160
44
66
379
2548
490
21
15980
397
401
7838
501
8505
10161
211
1516
8365
253
70
451
172
17079
1347
537
513
14
23012
149
11088
153
237
362
6141
441
16440
180
66
22706
5842
6183
19385
11966
10034
5415
3491
50
103
11170
48
502
16
98
236
12025
205
367
516
11271
25038
9514
250
23913
325
4432
14415
12536
18582
11663
350
23341
22836
24647
6698
140
19953
2045
228
17688
306
21283
26038
5604
15261
465
19348
110
19787
110
7976
170
15283
41
12602
422
20008
20911
90
4976
508
15301
1660
10692
19625
11472
108
236
17435
23176
3781
26269
20218
300
4465
1522
4151
4884
364
997
122
1258
56
465
11550
333
372
4017
9593
13231
24968
281
368
32
18925
16546
7115
178
206
17599
22667
56
6808
455
24473
1656
10999
498
372
18625
342
19747
334
255
70
16339
313
30810
477
246
16681
60
19417
447
5718
2631
364
7192
6588
13256
65
9916
451
4816
312
2617
27580
451
1526
207
6972
380
454
194
17882
12827
457
258
58
11980
8716
140
15431
8101
400
523
27292
14610
499
4916
11
10334
49
464
18098
3502
239
1901
493
250
298
25
12920
9635
21160
1020
5995
88
442
64
11270
4340
230
3562
212
641
9090
382
336
18131
136
23675
440
3848
212
537
5233
149
84
139
10900
301
113
24
190
459
170
3706
10582
1220
449
9569
1907
270
20038
12473
503
389
26775
16372
278
17376
280
277
491
56
324
130
433
200
13360
14322
371
17438
257
6286
7654
8637
448
103
305
222
469
35
8953
427
73
9873
29184
30076
2296
140
373
165
448
486
531
20
13673
13959
519
3354
13750
170
1709
25745
223
36
3747
26
401
25651
132
106
81
278
26848
420
5414
355
499
8401
21094
164
5423
13717
504
490
461
4192
265
483
508
231
11007
27187
9210
323
10672
6471
127
6540
22809
13836
126
183
8873
994
438
15264
518
10254
288
219
6229
256
1976
24581
280
3597
517
228
218
22043
18206
218
409
4783
6004
98
75
196
394
2790
4810
470
78
16718
34
337
472
2805
480
11086
454
355
495
365
24828
26186
45
3757
10975
1948
179
423
6350
171
284
528
30
20042
279
8484
493
4021
12602
500
23382
1759
10759
449
22406
6313
191
26824
18
178
10064
299
497
336
1213
2055
1950
594
384
150
35
23
13692
335
401
4755
178
81
41
366
8540
370
211
12835
8242
26
3429
2227
13108
25071
5254
931
20542
7261
86
20967
494
1
11722
31434
215
1995
354
6950
3335
326
5249
348
457
452
465
343
475
10492
12412
9181
204
6476
20972
342
70
11983
491
35
1798
298
26028
13481
20343
311
409
293
84
518
5400
271
488
376
127
28
12096
339
233
42
228
11603
341
171
188
375
21255
285
20841
282
177
318
124
437
170
150
359
318
392
16484
405
5089
23
8913
346
236
530
433
444
4060
5806
10216
59
3723
8499
18855
9226
17260
385
15002
12751
15932
327
16544
10068
323
12731
18775
134
116
114
16053
437
309
436
3294
292
18185
12490
14272
2973
14757
16346
189
176
417
10458
240
131
377
13546
10317
461
5624
1093
16262
1720
17940
15933
18
2687
19953
506
6530
539
30137
69
6536
5191
11927
5967
6108
18857
11459
528
402
272
19283
7884
3464
24819
242
128
4003
192
448
164
318
517
16395
11541
277
235
371
8304
10836
283
383
458
12202
746
235
2719
1030
461
284
321
386
6457
507
277
669
10917
466
448
269
26627
487
1364
19797
1425
330
373
9864
11268
7150
10036
237
315
26268
149
6189
5892
305
305
283
148
143
4864
394
320
324
3295
787
15558
524
132
5342
210
23606
16921
410
345
174
19
133
21878
25905
459
5076
350
435
159
38
299
413
398
398
97
13966
42
3542
19985
1675
22784
7349
9844
66
29052
156
16021
2098
268
164
6826
909
214
4456
383
6726
328
142
4482
316
138
112
11995
344
189
5089
149
23962
139
14822
16818
283
419
153
132
4459
241
418
479
21425
409
9016
22650
18592
253
459
17797
9603
448
127
363
230
8209
495
6650
565
308
52
31518
17840
516
152
27637
122
56
4730
432
484
996
6742
495
121
350
3001
16151
276
18882
5266
449
18286
10306
6712
2848
7238
792
224
226
9682
12574
16981
80
4432
20164
446
447
36
248
50
13529
7106
2884
271
302
513
327
13955
185
1995
16847
283
10535
282
357
19603
9741
417
161
446
395
4001
15596
258
75
184
192
1456
26877
459
36
245
6621
15361
84
24507
11814
51
23040
153
472
355
1035
10971
505
120
511
120
240
318
456
77
1620
7751
20317
250
13324
82
14831
20
584
24771
82
3062
6901
462
29971
17268
1912
9596
53
10970
30248
325
293
23618
142
335
195
1280
20615
489
7485
19621
126
169
246
6190
18088
484
411
198
6757
7987
4116
25533
3151
230
198
154
7984
804
801
3637
48
127
8465
251
19179
1991
19468
324
2677
379
19859
175
469
465
253
17494
472
8544
315
2884
211
13324
521
6096
14360
13456
12955
93
494
3792
14
9123
6679
14350
12513
20251
112
474
213
19063
482
266
248
182
522
10271
22
326
7408
361
285
12195
503
14652
10188
270
205
3945
538
71
83
3905
24967
16077
12906
870
25329
24375
136
120
258
481
485
10304
110
457
407
81
494
165
1678
138
410
134
131
4919
2450
8967
3028
24566
815
204
4395
167
3652
513
39
279
8033
12602
8408
452
10333
48
445
487
11152
122
16420
12378
2519
15576
13694
4
1670
15556
298
272
424
301
537
93
234
13
342
16380
273
404
2616
20943
5650
384
449
7650
121
365
13075
423
14
180
226
504
12816
2861
62
495
1207
326
416
20305
269
212
6712
23177
4691
9509
6213
28940
10841
802
21305
5399
19559
15273
262
1815
11487
13383
221
19679
353
4545
232
18782
386
426
6018
10270
211
2
209
159
3547
7160
190
417
146
4599
519
74
2768
5643
199
111
1420
133
6420
64
244
41
27659
14790
10186
453
18928
7171
488
91
271
1147
11814
16652
913
483
261
229
292
452
14537
336
218
500
4319
2161
26890
87
439
19047
549
430
244
466
55
554
87
208
3852
7338
5249
8115
257
26995
23201
14850
279
179
5894
3160
262
542
9990
10846
452
250
8152
2270
486
322
491
3300
4966
338
117
11499
76
19461
345
18945
6644
5524
26553
98
452
209
200
21590
350
29291
2233
110
1817
3
277
218
24000
22402
28
13576
254
499
1001
4573
26829
464
23
267
113
26905
13586
503
115
446
234
12865
262
475
27992
12670
5418
369
6418
4263
360
60
3888
317
7789
517
6420
421
412
10783
5150
16983
13627
14976
409
217
418
14097
464
840
213
314
180
357
188
300
1228
12003
15472
2408
5288
334
9539
127
3968
3611
3523
310
25710
5946
276
29507
213
29
13000
13649
133
248
115
481
176
20443
1265
23670
16917
6470
20852
23214
422
6607
5978
511
11945
7667
18649
17009
9323
314
30803
14741
443
4858
12742
134
22017
16677
153
5374
472
5125
278
213
1957
2879
45
153
449
200
234
10215
59
6581
15652
2668
7071
17147
139
385
228
427
14519
2795
148
67
9647
7926
9138
4816
310
78
23020
11
37
420
23490
287
428
6001
16208
10744
27002
526
5293
15656
70
458
46
21033
17024
96
17
158
75
2802
12842
473
373
18916
73
5459
138
31530
525
25244
491
328
134
198
355
173
21593
314
344
59
28
462
688
12040
232
4106
72
220
943
3727
5192
3
25903
249
62
105
15303
11605
10110
206
11652
154
282
305
4119
18891
381
7804
122
4848
206
11096
7842
3830
23851
420
15466
11110
492
3061
23734
41
182
7266
2420
95
8376
3948
21048
12
5143
24623
2390
9851
462
201
434
338
514
2686
99
12004
31133
434
16023
142
310
2253
2401
12541
181
25045
16022
6040
153
2085
10619
8142
4326
10012
30324
223
9754
4297
493
251
331
12887
490
86
1199
482
188
1663
1708
396
289
188
477
19499
406
200
11066
392
13501
212
2604
109
507
416
23022
9174
430
1759
119
3643
16929
1845
201
81
336
5623
258
12169
3150
333
1568
79
225
312
128
498
22
233
10243
6491
12499
19114
127
7255
159
1639
3171
469
261
533
9
19378
12937
401
1374
5547
265
921
138
91
7430
377
29252
10172
10090
12995
9232
168
91
368
6593
1218
7482
347
189
437
1816
11364
15864
213
1764
262
31671
13461
3824
140
11866
403
339
19541
12225
1663
304
475
103
28197
8748
154
135
76
33
2373
469
10360
252
527
11784
142
25711
210
16799
4216
4306
16497
5044
10531
2293
14311
319
17591
176
25
213
62
1481
145
8595
6381
14294
416
279
3870
2435
11945
22451
256
164
209
159
4572
18976
204
450
462
427
25901
288
6245
8455
137
8613
5567
99
234
7845
181
13909
137
349
998
496
35
340
309
348
4974
72
468
22351
17926
15641
743
41
24690
1423
21351
8369
269
18837
129
13373
9754
22319
1521
6756
95
308
289
1661
13299
38
431
369
220
423
279
51
5532
1176
525
12851
18829
11363
5486
99
60
357
2176
1520
47
149
17298
12547
10910
515
3449
13629
7977
7107
24726
173
392
16848
2581
3880
11167
1716
28947
350
303
191
10666
298
231
163
453
1054
622
31805
20333
375
17725
146
208
1287
1054
10601
4958
458
295
11023
14
14516
21347
7290
480
31
249
464
399
338
393
1821
1980
26086
18590
2727
448
3208
10751
403
17463
7066
445
408
3104
205
213
4253
16882
40
299
17994
11324
17856
186
6471
458
6512
5092
251
32020
356
218
133
354
13445
14311
294
19196
275
22081
340
331
20062
12936
9361
10395
810
720
214
264
445
502
16233
20045
3481
220
493
307
371
20552
6956
65
1103
4323
299
20922
7558
321
16247
2065
16031
219
365
27
11925
435
5938
423
11850
4369
93
1058
12692
9555
232
8350
391
146
1822
193
378
387
21858
16212
11874
1979
509
165
176
96
23535
16964
217
319
9143
344
8417
2
6929
395
450
26796
38
396
12641
2
366
363
12577
14624
28344
466
359
2345
361
30769
481
322
726
145
19929
122
284
19417
9204
523
90
2659
223
6312
378
905
68
5963
8977
133
184
316
14147
18618
5511
9887
236
11734
2438
330
405
1119
277
14653
7292
12111
2125
426
424
8598
451
398
433
20658
7932
9583
8466
15321
149
30748
264
230
199
119
110
202
87
1
23038
16076
17029
289
211
7105
12555
20424
15725
19283
6558
3913
3894
149
424
4911
1244
215
7809
14219
3317
2457
4156
4865
6493
381
172
306
454
403
7502
107
373
82
7197
7192
467
494
3140
216
308
342
314
17631
310
17508
151
109
4773
446
7811
225
16989
304
2755
350
14317
14085
187
403
15851
25719
13765
155
5937
56
13936
1192
346
35
78
76
307
164
19046
473
270
359
294
13118
9423
345
3988
324
195
83
283
19166
317
9
6369
403
5139
360
100
8482
435
471
97
16200
153
3102
4098
20401
1261
18401
6091
3735
354
477
264
30280
224
8461
274
6385
11
11
114
312
128
9704
15754
536
19067
7645
12711
110
532
50
20353
21680
24343
3
400
151
412
9266
6172
506
23972
10976
343
18335
2095
116
3950
475
839
475
388
2751
13154
434
237
227
2615
24981
5638
9027
4801
261
13945
1086
116
412
516
13663
13175
288
17612
489
266
7862
376
336
8836
12664
330
9471
411
254
18117
497
5395
851
14378
17962
395
14625
301
526
18336
187
21
10336
34
16017
3840
435
42
105
23848
19038
497
7067
432
319
221
507
463
360
158
269
209
15752
308
9890
8633
405
146
17460
425
12122
258
1427
4080
12435
66
43
13499
25087
8756
500
6607
4788
17093
264
42
221
285
1829
20712
6706
18402
215
320
2462
192
3825
389
9948
467
345
5546
398
301
6943
23141
228
154
463
10
158
119
4128
15630
14095
4338
12731
276
186
424
172
14
231
520
15844
18838
439
350
252
99
15802
83
23068
543
14884
15827
449
11779
101
307
74
94
25037
20
21539
1403
4586
22544
506
491
2629
4715
2
80
18164
17554
276
10123
14790
481
96
12789
199
14475
306
2478
22302
146
40
3805
12600
50
2845
29288
431
261
106
416
18903
3009
466
198
478
2213
379
18031
52
518
453
369
2837
13631
438
18221
396
26273
5094
382
8
7260
544
16024
306
2357
353
30343
8548
32
451
11787
5618
9888
437
106
187
3357
159
403
12338
474
223
26253
86
61
13314
224
25012
16492
259
12653
19342
371
4
3814
62
19048
141
505
5083
9071
259
7155
11170
422
129
1661
2030
6760
9368
290
349
419
435
7127
468
17428
99
3599
61
1835
141
34
19298
147
14687
10408
4208
358
11447
70
312
143
331
269
238
104
20277
6909
7992
11026
116
10574
12990
109
425
6791
3768
14297
197
14773
144
474
11010
7369
7876
15527
24845
10725
26310
12429
229
177
209
8277
192
81
81
240
7621
251
432
2973
16490
425
25961
15893
1735
177
20572
8484
10342
507
6289
58
12657
5176
173
43
26
10417
14740
4482
428
8722
121
1128
117
231
53
141
275
22424
227
17335
185
263
239
361
21590
2938
1781
15256
6933
56
7829
361
18144
410
438
219
256
6678
395
1019
25587
25743
12031
20643
403
196
1854
183
398
35
491
527
254
128
21600
6912
1684
11571
440
245
5063
3834
9961
14072
23211
11077
15701
176
588
8655
291
24996
402
4542
324
10563
506
460
451
8
467
203
15369
12389
14875
796
523
10693
18679
19
19193
3427
15154
3588
8300
373
18308
36
3497
10016
475
26246
18071
129
15077
304
240
11839
16450
344
15196
501
25247
441
230
2
14284
421
33
10243
305
365
5884
11481
388
369
27189
4191
3919
267
475
47
1749
243
16813
41
18
524
245
3329
4896
8294
10079
368
2419
369
323
1918
11449
3552
10537
8459
9004
19136
18750
85
9994
16879
6546
41
448
10486
21371
283
26331
461
379
24636
11047
4151
2734
78
368
208
258
309
30642
6936
10643
22163
424
92
5906
20575
8
252
86
1840
351
4791
21445
15510
5937
14002
6649
236
427
14585
340
10847
438
467
339
10583
13626
79
7426
270
14434
174
489
123
182
10333
11815
18896
2386
4107
517
30136
19536
3045
91
1373
439
20
372
75
1855
276
1553
292
89
266
20734
179
17851
19485
10063
144
305
313
6849
12410
2247
22026
116
3275
276
268
22666
25
18444
243
153
298
540
19
17663
16
177
5749
1017
454
101
7729
397
319
324
8616
186
368
175
358
622
41
5210
646
368
32
23817
200
1225
15995
15080
255
16663
20271
204
207
125
376
6597
1657
12839
12520
8664
8484
162
17519
2158
2981
74
6630
12869
5312
505
1972
16109
374
26466
323
210
26611
322
15208
1527
339
469
16467
13970
16037
1188
380
3551
501
10315
335
13429
346
211
301
10723
348
102
7762
11052
101
9109
12573
22283
12041
15167
117
19259
3876
24
4140
464
239
518
16990
13986
126
14987
17579
15623
20335
508
501
2416
10699
2249
5138
484
453
16874
288
232
36
430
4704
460
17959
520
501
277
12729
15
71
445
7592
351
351
14317
200
8099
10582
216
430
603
16011
9089
20370
10
6148
2021
17649
9534
12893
2071
16099
119
17635
364
10617
14990
6325
10202
365
5380
5144
57
436
143
38
104
9132
20448
3426
7459
1291
14148
296
21048
152
445
421
249
27786
7875
940
90
19322
534
28081
9207
17549
9609
19
6182
66
4683
6448
100
18285
401
287
9024
30350
3048
522
521
55
31511
208
220
390
322
344
322
6876
13
3001
233
543
8620
252
15755
5355
287
5494
35
1919
2792
9594
188
25100
15514
61
1810
142
20811
2989
12967
2829
7155
19273
7702
199
21866
1776
307
515
6
141
18417
406
126
7392
8265
7589
160
7435
7844
3113
1784
452
22679
274
130
521
251
104
138
7
49
9681
219
473
23852
103
14289
3133
9907
15446
199
7776
183
12258
90
7
144
81
474
199
7188
75
391
87
1357
267
191
29454
128
8989
21819
18067
12557
429
456
266
425
151
25161
267
201
380
372
20617
11213
472
23759
270
413
307
7064
214
242
104
14869
526
4260
6167
149
144
78
8733
410
22908
47
271
245
17750
298
4757
452
160
214
6666
17596
509
452
103
18450
15091
5837
354
15418
495
171
2900
5939
46
3327
6779
109
19025
475
8821
13
399
22601
2780
357
22495
299
11
9542
5090
104
15439
56
119
3261
477
21937
17
453
10727
1
12193
516
310
105
7392
10433
499
20476
480
162
380
415
15052
528
4537
159
7537
5779
5084
110
311
424
9470
296
9984
18130
14
118
247
10398
12028
12196
356
14765
351
20940
15759
30478
308
8526
6904
21641
243
11163
272
454
1563
478
15353
23520
8969
254
433
3730
482
150
90
20740
2580
870
9182
34
18333
202
278
1741
422
21
24038
412
277
8993
10637
23471
153
491
26214
2
468
37
4068
21740
471
512
15661
5595
12965
328
9912
248
28950
14438
363
13989
93
60
436
63
498
28806
6903
348
44
296
53
363
50
5120
139
2217
7527
437
4877
179
349
1295
533
506
127
374
11744
11497
14919
70
15626
415
32290
17286
260
17443
12518
301
129
16072
7724
6449
6385
120
2221
9007
37
240
444
52
22203
5810
419
478
2434
4313
9529
8517
142
334
110
4733
45
3558
8188
28335
445
416
531
3019
2645
494
9419
17130
9969
499
291
89
8445
134
2907
317
349
262
2697
184
6156
182
340
3181
8236
16
515
12
155
71
4829
14175
497
407
464
27240
1309
18680
19198
14405
62
2322
2223
188
36
477
255
138
33
22199
513
15045
5406
728
20442
8781
89
5117
346
1782
806
18232
11753
526
47
217
324
201
337
9948
9258
1679
21
10425
1959
381
250
23663
179
5216
513
3251
3885
4496
311
272
274
19866
137
8
2
103
24986
474
13868
6547
533
4950
252
280
52
18295
422
11577
396
282
180
59
430
640
271
8007
928
9552
24348
220
512
19
9205
379
152
5883
321
416
108
17164
20616
187
380
24237
504
2164
491
260
382
385
20425
443
482
27647
125
14215
419
470
1486
3284
21197
23794
148
23150
532
5140
179
10624
428
61
122
3510
16115
25075
162
365
19862
268
511
3007
6203
74
21758
9896
338
97
19631
3581
230
140
16290
7664
5585
10606
253
14543
21785
280
6796
224
318
132
2693
262
22137
437
399
31914
4294
87
477
159
4428
9986
14912
9888
9609
8
239
10812
11652
474
5223
9062
382
234
2870
32908
495
14095
397
10727
244
1042
139
195
515
285
91
7128
14413
2
109
385
18392
14761
10881
290
7487
1
8659
2151
247
13830
729
5645
79
3039
7955
313
273
6
19214
31669
1
208
344
410
295
498
517
74
455
8201
7779
10351
83
5409
4098
1431
147
466
941
8135
205
21536
24908
310
1132
21769
16112
25167
197
17505
3315
25636
7165
817
8729
10272
4042
214
127
857
3486
212
22637
7901
25028
199
278
202
521
246
17338
30027
8145
12752
2067
9035
9387
97
118
145
145
4330
286
6699
312
122
3870
506
6990
77
14425
73
212
28691
441
120
289
499
17807
16389
399
51
3607
20077
476
88
14063
8026
156
16255
10129
518
233
415
2656
12160
8649
150
4
10371
11706
105
11980
296
156
28932
185
19
203
6440
402
6217
22508
27460
25
21400
376
425
261
116
18433
12914
244
465
30574
413
23312
1859
2873
464
81
3306
8859
285
16006
19024
14
320
9931
14316
189
281
180
24500
513
8531
309
394
9894
486
5993
14694
4128
3418
287
6205
6213
20000
380
22245
9983
407
17815
136
12470
435
434
77
25
26561
9040
10591
193
24674
1809
188
15861
10933
215
16609
390
105
281
354
402
273
208
227
1222
475
150
282
294
7546
20778
310
269
15939
1511
313
27242
16564
22984
4905
9009
415
484
17124
465
25057
9049
19866
282
1951
18545
12
201
5641
18331
519
10277
11239
18673
228
2369
1406
518
14902
17676
19084
383
11999
171
484
17989
15217
18727
12788
2632
21449
681
400
11280
3280
526
1
335
1317
362
322
24002
28
128
158
6255
12881
6729
490
132
177
8715
481
15796
399
226
1342
315
5978
15567
316
8915
171
346
13153
6155
17883
9
23
7530
15303
362
510
480
263
9596
270
27123
20172
8080
300
438
3309
18180
235
225
10642
2303
108
229
114
13760
19849
146
3587
8368
107
62
541
9217
16590
2593
606
461
240
14867
13
101
14177
268
20092
250
838
442
7436
18183
5334
338
21659
17083
14377
8674
80
6262
11788
26051
459
19301
4668
1640
17
5964
242
273
5971
380
5570
255
303
4478
5721
103
1111
22125
187
292
19547
233
65
451
126
10486
307
370
28089
31489
346
7566
363
427
359
106
481
28446
18039
10851
4444
514
473
105
63
103
479
484
467
180
1850
9500
355
7809
289
17576
264
103
10069
426
2378
385
13216
19427
514
15355
2265
431
16966
7595
411
10940
7058
321
2797
451
26264
3665
353
6658
22669
17924
22772
358
3565
431
72
23829
380
200
169
2605
14620
8778
19210
136
281
58
163
168
6024
16371
117
447
19934
10441
1976
3579
16751
422
37
30921
13109
513
146
495
137
492
156
83
26567
1805
7391
371
277
13458
434
28312
7018
519
348
89
408
10158
385
2815
12802
44
177
451
512
5174
4320
50
159
17698
28499
314
5857
319
56
307
24453
411
14
2
12295
16839
532
2383
453
6311
19162
207
130
3279
49
6409
19454
1618
13555
272
2088
86
16
2578
3931
23
319
11
11766
21136
162
366
169
8848
461
437
4651
14463
330
307
260
59
12325
17709
18780
17369
151
460
22718
948
27
26
25735
23533
174
321
24479
9934
14305
28888
10624
19586
208
235
83
14
361
8487
99
8026
130
149
145
516
401
5395
300
9574
139
11884
513
7260
6806
40
498
14291
9
145
68
205
5846
71
13213
484
9942
345
3697
454
390
524
19524
11922
14524
2425
7923
78
243
144
467
939
337
12389
16660
3373
2939
18725
17648
47
15204
18502
49
3337
22132
8930
483
274
346
399
2288
5658
495
29509
3322
11855
20384
303
1422
385
27266
291
8172
26
459
2273
2237
14403
2396
155
533
17927
335
11388
364
3885
17626
372
2366
249
7894
12842
27563
111
125
2088
11022
138
23
23440
5449
1927
488
515
351
17676
10423
386
81
27430
498
1312
6113
158
10949
27028
5408
179
10180
428
233
312
27162
12303
239
287
4565
20687
10333
9102
396
1970
166
514
1188
7210
436
218
43
124
8263
4300
9798
76
496
6570
311
5716
1143
20875
8381
503
11223
10007
175
19543
64
113
2700
4937
12962
321
316
3385
181
19378
11909
150
11363
18012
381
5683
20269
45
132
136
10783
3922
160
474
281
25565
362
223
424
494
453
329
13135
2525
22885
350
3805
43
81
400
21366
490
458
4314
10512
119
2053
714
221
3258
237
141
151
14625
1465
26620
3235
22683
441
232
230
320
8188
117
947
70
9125
76
937
15274
1
24652
202
15804
1539
3857
328
11642
4344
202
420
222
1800
396
318
440
901
18399
18255
13032
508
232
460
23338
169
17498
25
256
277
342
311
478
7052
396
177
198
4967
5053
19470
9238
152
11417
150
414
454
14902
882
395
20725
4597
16703
6732
439
17729
17062
289
21138
14
242
15905
6733
20294
3368
5100
24662
333
32
4526
8293
67
325
417
15188
534
374
3694
3236
19224
8881
43
187
19045
6077
383
452
971
2024
1114
230
87
1968
16572
7067
178
381
6361
16658
3414
12185
5
7273
19536
6519
186
7806
161
23259
5177
14736
10366
230
20846
310
58
538
138
33
288
498
2022
506
165
112
3532
23189
282
164
4084
134
19459
1456
6812
161
6053
18455
22280
4933
1912
69
7053
462
8417
476
5
331
168
399
176
161
14967
347
8483
242
345
14733
246
7898
316
2743
386
369
21
21405
8023
76
4600
537
11322
20066
381
374
3457
23
286
511
3942
16150
21292
7925
152
10333
359
430
19239
219
490
11066
6753
12520
16234
130
36
7010
9069
377
162
170
436
42
483
29379
35
10810
1889
14818
298
382
184
150
19842
9506
13861
20367
83
297
7517
384
13546
2306
190
1041
18153
382
506
507
4499
458
5797
7414
413
22367
9389
84
13425
14573
528
241
23775
394
396
255
370
19439
8104
499
372
450
135
29792
177
214
102
150
195
13
11314
10784
26763
211
236
198
8339
15211
2527
91
15366
19022
18456
12576
5769
119
17761
13306
15175
2114
7097
9111
6896
17184
8756
2142
299
318
17810
5713
74
17941
11660
9432
7276
213
247
80
235
5096
337
426
302
16279
450
462
13072
17715
457
21754
272
139
9080
5644
412
86
465
10218
23264
302
438
125
294
258
36
4671
21071
23584
437
402
4065
9589
130
60
5121
10314
413
24393
230
467
10767
252
494
13935
474
352
3901
975
11
15257
318
13393
291
7725
7598
300
21365
108
11367
375
5145
537
8941
2099
6468
7245
537
27667
14031
405
15417
11093
235
292
219
145
22763
16273
316
2144
13878
159
8311
463
471
5959
383
138
403
5438
381
14203
31351
127
432
2403
253
37
489
14412
323
347
56
10500
163
284
4690
8325
15237
33
523
5564
9872
11221
22803
228
1109
7690
477
463
131
448
8040
12082
59
8882
90
9953
25308
43
19147
464
56
14630
505
21260
306
379
326
9569
202
5911
402
5154
64
379
445
1723
2866
348
16124
10275
829
322
12
4698
9748
12370
1112
7240
337
289
10687
26
7926
14516
4811
126
149
27736
200
263
52
14936
419
6719
362
207
4224
56
5549
8661
229
1583
210
58
1809
1250
379
2432
251
208
186
366
3065
130
2392
3128
244
7120
56
324
67
218
358
475
13386
400
323
29045
287
4557
227
5257
504
368
15333
86
9618
8716
393
12276
360
186
935
12810
346
320
5222
385
12557
15917
24
216
5865
389
4262
178
1789
341
16736
569
164
11827
288
297
422
262
289
184
402
18809
466
3489
11917
357
283
1484
376
12762
15013
403
7562
9813
368
2057
5787
235
75
26454
168
318
1323
2559
252
1079
12195
240
21074
280
10
22
455
8175
104
198
20967
176
21421
356
28903
500
256
19809
303
19868
4989
27390
1344
494
3415
13875
430
8
94
6804
2792
503
344
12778
4891
29343
18262
15327
24827
407
328
7616
3108
20852
373
303
504
116
90
109
384
25190
443
14668
376
56
19145
21882
57
13021
345
208
157
23215
271
262
395
60
27
6799
257
27267
1639
80
140
1518
296
14074
7926
17116
512
109
20861
7546
13153
5
11502
12791
20140
8716
2210
11710
7000
16
15705
751
233
15089
4465
1339
346
283
387
12029
462
473
22604
338
46
2538
407
390
394
232
33
149
221
151
408
180
432
511
2969
52
443
2452
14258
273
125
3756
50
132
231
136
491
9455
27779
1839
448
543
4920
21832
236
13195
742
15741
309
8650
12417
2974
268
186
4109
146
6035
90
8101
14314
94
351
1512
266
58
379
61
3286
1477
6872
114
3766
443
6089
254
168
464
249
378
15690
20608
30274
89
18410
8650
13997
4686
228
8082
371
7012
7929
157
423
82
470
11195
64
7368
363
6490
20804
286
269
427
79
190
218
363
347
12455
508
22123
365
15
127
5478
128
498
6475
319
4075
177
164
5279
197
9
393
132
356
8959
9763
351
10391
335
10493
3842
251
12365
342
5245
34
385
30548
39
1278
4602
11454
335
3917
11462
3840
165
17786
12195
398
64
434
13232
138
354
22550
409
3906
185
13832
30
10479
491
461
30
8848
2812
28741
17798
15148
26616
173
333
10239
65
9543
104
464
286
8334
15657
177
518
11852
118
6
437
21829
4825
211
7942
13557
176
505
75
53
3724
17643
5407
3456
494
690
14467
3738
74
6799
9283
1963
21390
20423
28087
193
237
77
27
9190
140
80
425
28568
21270
8287
63
2021
1246
102
450
290
2955
201
5519
89
492
230
288
29325
253
1224
11592
4802
160
26
1360
102
3971
8742
7
55
103
84
13
11439
5749
3838
77
494
525
10908
10008
471
2931
190
14781
27197
11364
6331
29435
12431
4702
279
192
385
353
18258
620
23445
11040
432
265
461
304
232
2180
19306
21358
14900
22014
460
14963
12426
115
10913
507
522
417
5816
25127
8708
76
126
123
12607
4127
13546
307
85
12151
195
163
15749
4724
5834
10039
107
377
129
11331
202
5915
5620
190
10758
232
2869
524
485
10909
11369
154
91
19394
299
13693
5914
226
445
21991
631
7644
365
352
314
174
479
136
438
7739
19452
12627
154
15696
121
13732
470
98
20302
21515
46
3643
446
137
14241
6057
240
32
206
6823
363
84
14324
12778
13636
9498
401
6881
4809
242
24883
495
266
255
10868
363
85
231
167
18669
352
30967
12465
5187
6828
372
159
10882
6718
4042
11914
11054
18841
2430
56
514
463
176
526
264
51
7674
384
242
19134
6953
24079
7501
16220
331
329
188
4892
152
9652
21977
2306
413
379
356
3257
16
3270
3002
7738
44
3379
13483
17111
10031
414
263
30750
7684
256
239
362
394
12464
2781
458
268
11259
1541
276
259
31
1529
2450
360
205
371
208
391
136
423
476
24
14460
6851
2873
23741
21
503
19859
1052
19499
468
139
17981
6982
412
366
24379
24
2072
442
912
8227
86
241
130
5632
493
475
5958
347
251
1512
426
31049
8600
221
198
8609
5992
849
100
431
6001
23925
1626
488
391
244
312
177
13629
6495
19867
8099
59
448
30
5538
22531
196
258
392
59
4659
385
4030
503
23
4062
69
5613
272
379
2037
468
14578
4896
19610
15114
238
15045
462
183
24450
446
3178
19803
23644
298
112
367
2301
4281
70
3319
6
3638
144
2978
170
19535
10979
15782
23
79
12394
3662
45
174
496
7025
192
56
192
457
12655
89
2928
16222
5749
19414
12599
9660
76
26708
271
161
15768
455
283
25733
11495
16651
491
3414
224
275
421
1487
15252
502
225
3651
283
246
10852
1712
7686
355
332
17447
16438
21244
211
343
124
11438
167
10430
9987
22870
54
3639
6185
3275
158
472
7942
133
225
264
5131
16036
5025
9277
22021
150
6717
36
411
359
1133
143
294
12761
168
131
4445
10105
6520
1205
90
72
18872
380
28442
1604
2966
83
4033
307
53
702
515
273
421
27465
125
76
135
3851
19819
151
14806
6408
18026
2789
451
5709
358
6346
341
16071
8092
494
207
21797
3334
16449
8034
249
23267
221
466
3711
6834
9561
351
25934
1279
3563
3646
4827
41
8529
36
447
9152
16236
264
2889
22415
26459
192
4860
376
356
56
22131
17906
185
26360
234
1071
3755
18880
277
20464
520
6
3775
68
186
12932
16536
1129
4245
44
288
491
26034
3241
23160
6451
1282
1333
101
10065
261
3536
21448
15249
91
222
4708
132
1270
129
128
19834
25923
18709
379
3382
3405
164
178
234
134
7439
17272
115
228
2353
22853
16861
500
8645
20642
233
303
332
282
506
255
7353
528
239
74
10289
8030
1569
6035
4419
520
454
17279
18958
79
21093
336
269
236
18897
95
1904
13859
175
248
256
276
176
107
211
257
12495
434
131
389
5666
25797
3512
367
13817
16012
447
522
15714
429
44
521
22786
22973
10411
283
13140
60
69
16441
9782
353
501
298
13429
161
24039
362
439
327
203
26462
12204
11413
364
131
494
519
131
102
15031
3697
3768
10994
514
21262
6570
9458
19889
338
20650
408
400
10545
105
310
3022
2719
14075
405
5787
3723
21
8584
282
276
4360
876
481
509
15065
495
14778
159
6565
257
66
15582
19332
396
3843
54
359
3854
498
501
236
219
21728
1174
109
400
486
7366
25015
285
4827
9163
798
352
126
73
9305
401
312
149
7725
174
70
15517
253
29
76
2443
32787
2007
25561
24296
9025
358
30453
490
526
22258
90
4037
409
4558
382
30898
11515
551
221
161
50
94
375
120
2818
26610
463
305
5003
516
495
247
137
14694
7112
19948
1209
3748
16362
8275
80
10775
1488
4495
8992
4134
227
1156
335
16928
446
450
25929
12071
8629
356
20511
394
398
86
24219
24771
435
16630
442
13511
6352
456
129
404
144
423
17573
449
261
32393
13561
283
21
1352
260
236
25716
353
317
13193
5576
48
2766
4915
7193
11886
14854
11854
7524
504
9686
3691
323
389
24374
17885
218
4778
321
96
22374
394
10334
5806
21492
34
131
513
5600
22048
8259
91
688
218
232
264
26168
22838
14426
94
275
61
4895
311
87
18525
394
9028
314
20908
71
7741
1
520
316
395
4370
436
11979
4550
476
257
25692
387
11179
25119
170
418
22054
22549
350
209
301
168
38
244
17686
376
2852
1373
279
75
11
271
527
2191
20074
16967
12358
12312
6177
630
5982
7312
393
267
118
2600
11677
7039
24177
31669
332
7423
380
11012
129
15479
436
307
42
443
201
7148
35
5
517
312
6468
4989
297
6476
226
444
181
382
20472
10017
218
5972
14990
27220
387
2907
10558
91
9768
12709
19592
537
18786
506
2853
154
326
402
256
144
177
4030
13450
344
465
497
20647
7466
2237
486
16001
8766
411
23144
240
13719
504
251
3323
519
239
431
284
2824
408
23026
493
9568
2
196
15319
310
22779
91
18377
20260
50
20662
193
31891
6970
12881
3018
392
14899
3717
110
198
21581
954
55
11192
16604
4313
275
5701
294
18
7178
380
359
3227
6369
5333
396
7438
139
184
4
18992
22327
6822
6981
26282
198
324
961
151
3543
141
488
14445
70
17129
4370
8501
4524
3518
481
15955
265
78
19
71
7620
407
81
7093
8479
9849
150
55
4878
182
20272
25187
360
275
355
14417
8655
4538
69
314
125
14809
847
81
383
19408
34
178
214
19356
21231
5232
27556
237
512
479
317
17308
19784
405
184
352
5025
15489
340
24726
1184
25466
391
375
147
12636
7005
352
10098
21506
259
152
161
18693
1561
249
20954
2374
83
6270
514
8115
245
29246
6357
322
356
12756
504
5135
14522
122
354
15619
7729
75
508
178
259
7978
291
6773
457
10531
151
40
416
2955
179
9115
460
417
236
530
14504
170
504
124
430
432
8471
428
6434
15413
199
373
8
531
6652
837
306
21922
288
6
72
416
8862
9998
4512
17052
19037
103
43
226
4099
359
3637
121
436
156
189
10485
92
489
21309
121
9
270
265
19847
41
7202
5327
323
483
1877
13798
401
463
158
17683
11873
170
18
162
503
1
5721
1654
2849
30607
2567
259
30130
9517
22201
20584
70
25030
412
429
513
196
308
4831
434
12879
194
108
9177
187
107
601
6752
7322
1515
8282
376
22
23138
351
7445
250
8528
8693
496
21577
21739
70
397
18211
10393
2696
1568
5323
273
17555
6345
22517
8798
28334
24407
464
438
13180
16646
806
3576
15360
187
142
3674
463
79
1496
490
16993
12068
14997
161
26944
121
360
262
24717
5406
2696
379
193
417
47
10962
476
13
329
9746
449
5067
5241
20080
88
476
499
4891
23891
23242
443
130
99
397
7498
19208
11087
11016
87
8874
20177
6001
359
137
14222
7028
2590
927
280
12912
10766
140
4361
230
362
451
186
189
173
321
8107
317
8993
17718
335
132
218
182
24317
431
3059
363
88
18389
24
235
6307
356
91
279
447
6366
11050
12239
250
7199
452
5099
343
180
1604
319
233
27921
16874
1
387
65
20910
60
2294
528
228
12432
6726
21330
5578
362
283
251
59
280
15629
4422
453
10360
10791
516
26
413
2334
16199
124
167
4958
15384
445
121
226
5236
30357
5044
21
1416
1749
1965
64
323
182
331
3654
197
18914
12834
11383
470
346
25590
91
10544
1843
1624
525
84
18557
152
350
17085
289
236
12326
359
21067
529
27961
16057
218
13823
6105
20396
223
12996
1350
131
14552
14298
2072
18992
141
10176
301
270
236
217
504
23523
810
4622
248
400
330
16348
469
617
4749
512
7463
187
278
4772
499
532
12877
12660
473
247
342
457
187
374
197
77
770
424
184
110
21712
25213
26257
7354
10494
5670
23327
29
444
100
6456
6000
909
24851
28670
476
186
12246
9873
21743
6051
478
141
3793
494
3297
14044
9897
11303
12386
390
505
72
293
22524
4331
24198
15468
16
7984
242
18782
275
459
371
111
346
5086
448
4762
252
254
188
6910
452
332
266
185
320
1422
72
253
108
6320
43
6888
448
378
89
440
13985
5719
180
18068
397
269
12885
392
177
517
26962
359
991
11464
346
7850
56
17295
4781
25215
186
17408
348
14826
279
8319
1530
146
14216
19076
4689
240
192
24745
462
13897
416
10989
22039
185
506
316
7618
339
277
210
11143
17130
19
6866
1686
10641
5089
491
99
373
183
23557
195
14648
5179
4052
414
401
2560
14068
474
250
46
3353
3439
958
7310
14651
6326
13030
8289
987
381
459
128
143
504
17110
390
22290
214
518
452
14000
247
28639
194
26076
331
102
101
4003
18361
232
171
118
456
90
16422
6627
428
36
11327
23206
11804
393
232
19636
511
10372
8476
13
4090
201
2219
418
24337
11607
16591
10469
501
204
19694
5280
32831
251
104
105
131
339
208
165
24800
208
299
4416
415
12266
160
1776
68
270
338
291
16335
19413
55
9083
196
246
120
368
107
11224
151
478
3588
15
206
18050
330
361
509
15760
19762
26189
212
4615
273
194
956
34
325
1456
67
438
7995
27089
253
131
8851
7094
198
2281
11004
474
97
35
287
98
11
16692
146
125
20
275
11093
525
232
11175
7306
6757
25
12444
8544
357
505
50
614
14362
9641
8615
526
5925
14730
105
16269
26761
215
420
6065
292
18
370
159
178
19389
19713
28104
12015
16822
4868
284
30150
3687
838
22056
186
3837
2295
10771
22636
11896
1381
536
2184
11649
10700
14795
108
21291
10529
6373
308
224
6751
391
18672
23679
395
2219
23
3492
218
459
318
492
149
529
278
171
124
320
513
256
462
405
168
330
493
7006
297
8752
7
6532
10699
6285
477
300
5893
26614
945
980
85
19945
14059
3387
168
2732
8881
16
451
706
174
39
7608
2136
383
113
359
16
120
507
14948
20906
50
13185
11004
4973
51
5101
208
20687
6284
8088
53
442
9865
3
89
10207
439
406
2739
509
496
4445
13555
2174
15004
445
125
9912
345
13244
39
22868
64
6618
420
11194
450
380
278
117
148
19146
8411
369
14321
1780
484
2091
275
422
9397
453
415
158
10045
479
7707
257
203
11375
5887
276
12450
386
283
329
253
15312
54
141
3316
165
15101
6889
452
338
285
382
16000
61
8347
13935
28210
428
8227
2063
17717
3817
13
8614
2798
300
249
495
50
10901
277
98
503
7314
466
21660
11690
29081
8677
155
94
414
2715
1805
401
194
179
233
4463
2247
11451
5752
303
361
196
294
17601
7946
29379
3736
92
5155
12
174
444
4308
327
22214
1391
292
6064
417
68
207
90
91
9121
13736
409
497
420
258
14714
35
2355
103
258
2434
403
190
6903
22746
9441
11827
7349
6277
11987
171
3079
6471
4191
73
9223
390
19233
27760
11631
21022
10674
19510
6617
4767
6595
203
30427
65
315
29
145
17111
4455
18142
2776
5598
344
18337
448
253
123
1267
19473
21279
139
536
33
24879
513
8764
6536
200
114
31
8632
1486
11111
8491
5739
369
16318
12081
29
22
15811
15290
460
6574
12388
250
8
11633
177
2609
254
10297
316
677
420
287
2120
241
23493
18710
5513
296
219
290
11799
340
21531
243
319
3453
17839
5648
11692
17147
1263
5209
19437
9265
380
15174
9543
477
1179
28857
2100
1414
68
192
209
1908
18434
192
615
14861
4466
236
195
331
389
1
9364
496
5487
16104
463
5443
309
9554
314
17960
172
515
3810
101
200
2958
4514
3
23699
4479
483
76
14438
299
5661
4357
16812
249
455
14819
161
4134
7826
11
17455
34
8306
24077
109
8285
153
18998
15726
494
14674
484
19725
404
513
7578
299
19
28
1811
8506
2530
19631
1008
205
345
428
125
5452
15811
188
129
5921
500
19201
2004
1333
9155
79
27
345
11651
266
19918
389
1089
336
12926
519
316
43
4782
6166
121
25205
346
13554
46
2143
262
27591
16983
21164
7255
272
150
124
1939
13018
435
95
20537
2689
217
25791
233
266
20492
6995
16392
34
6739
253
7751
364
4568
31
10703
25515
9205
161
497
29799
201
17099
15675
25099
124
260
11195
541
24864
221
486
387
455
17594
26061
375
209
22176
4170
927
355
14185
26310
272
62
24695
7292
7151
1287
394
9788
18915
406
2730
373
1458
138
1099
30372
11337
14317
389
65
13980
10159
6139
12049
16964
348
7798
12692
28559
181
183
16926
10994
323
65
1309
271
230
15188
9460
12489
26919
175
80
429
8487
142
228
207
14913
157
28
1329
477
8564
200
5926
500
12959
4078
17963
6285
266
2431
490
9605
21
31
19100
280
8997
16957
528
215
258
18771
67
94
245
369
5209
5408
68
26395
320
44
3052
20096
517
420
353
497
127
5390
7491
11736
19526
9
7472
41
4440
487
7920
203
303
16244
232
242
160
130
150
301
44
5426
223
24347
1779
5708
1330
366
2202
1419
96
26253
487
9783
41
318
420
6990
182
488
506
24
15455
309
2381
257
24652
359
440
10518
8473
424
140
175
505
437
473
210
25384
5936
352
258
513
25
1249
1
377
25415
1487
138
5685
372
2617
371
112
322
81
318
130
491
2577
558
3102
435
242
138
2
224
147
429
14731
2894
260
18989
246
90
317
6083
12680
9763
19327
466
8152
24880
9044
511
3897
89
6568
13572
221
249
11273
472
3
52
28999
505
269
228
194
4682
17747
1187
93
15808
1284
305
456
2194
513
11924
317
1557
1
410
22312
445
254
11120
11912
292
405
5723
459
250
19677
454
463
1406
24902
6275
5620
32653
416
103
504
10819
312
7099
3729
495
75
6217
446
523
12944
6007
497
29761
5308
20060
17275
14678
21731
92
468
520
62
202
451
245
3595
86
28404
28887
15056
426
30
219
488
2529
5332
2740
17570
3339
335
283
323
11529
16857
464
245
18583
368
314
461
8131
3453
9816
5885
4032
17733
8362
228
412
174
5614
403
5400
10247
50
6924
1380
294
330
285
20033
369
242
469
436
4532
9770
210
102
1100
24
9996
307
387
174
13762
8734
2409
12138
23
904
683
7242
8276
29433
9164
272
8081
115
508
478
3868
16
22797
289
14970
947
18998
227
14249
312
16550
171
2322
72
430
23325
76
346
2300
11862
82
228
6600
20003
5097
12195
1421
15501
15820
8634
2024
101
6697
10306
468
1272
243
7737
2695
85
257
5083
4
7555
2872
278
260
127
13474
519
471
180
268
365
19948
22686
271
231
411
4465
483
6533
15
491
22640
32339
119
3519
137
16880
236
65
534
523
7748
2678
7685
2869
11821
8711
6748
282
2862
408
395
17784
11207
16205
5268
348
130
411
228
1111
151
22691
5913
20030
21083
420
21875
146
179
294
199
25714
13969
25798
291
297
13963
227
145
259
3361
15397
18986
13664
15961
187
156
10158
21
444
426
245
23369
100
227
8826
3854
11933
127
13690
499
387
99
473
7371
79
234
494
4953
3088
2405
2428
501
7045
13072
26179
13915
1
6053
513
4
355
355
18201
83
362
22700
103
13091
6373
4752
344
20115
9154
256
8564
263
3973
549
63
28843
325
3941
12252
363
390
219
79
310
2169
8066
351
530
64
4232
15793
13029
25525
1400
6662
19975
2118
39
8354
377
15804
26323
192
21132
533
167
166
80
79
106
52
221
117
3313
258
459
5424
17257
250
407
23502
17191
455
5948
8346
65
8875
5434
62
134
21254
4920
450
15300
216
253
1962
5676
327
508
470
11167
17552
228
6905
303
18217
107
10414
611
6871
11120
428
19950
12466
4543
15867
9636
458
13251
24598
3619
7469
12143
517
446
24878
3879
8632
8243
375
898
114
313
39
19206
450
108
251
185
29496
195
115
20387
1565
6768
9644
297
7067
10158
239
205
5585
418
23268
121
3652
9239
3507
210
219
20553
1107
398
2036
5293
7513
377
1371
24968
17996
481
19239
218
238
264
349
13588
3551
4366
524
43
15498
15
4319
10274
5468
465
529
118
15473
8258
4563
11362
426
529
9367
354
14523
7088
119
265
6754
129
7923
25602
32508
11695
358
763
321
483
137
57
166
6984
5587
4044
474
229
22508
173
10855
390
112
6416
25098
3673
253
15103
456
25730
515
18
6757
163
24604
15271
20234
158
9367
8758
10131
2872
20583
9351
15176
49
4644
78
452
31
25417
5993
71
12264
7977
12524
100
58
258
517
27718
127
118
449
25024
26868
358
166
5194
2912
9218
21840
17561
7023
3078
466
13710
299
429
322
3302
25140
21432
8445
5555
373
279
29930
289
12486
8233
53
292
373
2447
293
391
10641
203
19145
12257
12061
92
9391
508
542
6201
204
458
11218
14467
11289
489
510
15
3184
1447
17868
13154
3802
91
761
15480
20199
3
25785
10002
474
465
528
188
4494
106
603
3098
16893
135
514
394
10659
481
423
369
151
20146
1575
12294
1959
334
5412
19554
444
139
63
212
22187
18034
4170
150
439
340
6056
298
401
135
22926
12975
117
15898
7472
31
204
4392
5124
529
392
11422
20954
11483
30458
12338
17566
7768
23012
331
17297
455
217
17557
611
241
11104
23293
347
16247
293
10507
429
15
399
1581
332
22855
15103
183
43
3297
493
13926
484
291
6128
13493
461
112
4855
252
71
29527
7998
347
345
379
168
261
394
229
21159
572
2715
26992
3427
18639
114
12252
426
95
701
332
156
13248
20906
10320
203
430
11160
16934
3664
152
387
159
13943
38
17271
283
11145
25034
3835
11167
46
20246
15628
99
474
192
237
3389
439
461
337
256
1866
20715
273
118
500
4637
1153
17765
44
13775
471
14536
365
7553
19332
20774
189
428
28478
26909
7112
104
6751
6325
19249
421
362
388
14413
22050
21689
7456
233
2678
5404
351
4334
3583
20527
7885
275
9747
1598
382
18292
384
16412
18505
526
210
10725
460
13
21080
3782
1076
247
125
402
13120
22463
2738
24
1
319
351
1151
49
12040
292
16137
498
3319
6621
8874
147
21524
17011
5985
1838
16533
8
2507
11867
130
468
82
428
8827
281
308
141
20969
23776
22317
9529
6375
14
4993
15806
413
11251
7997
6823
368
226
209
439
12627
21238
385
17910
233
329
5168
448
267
18
201
27
15316
196
7073
10817
284
18217
27442
413
365
10523
215
9563
4597
43
371
6799
499
477
3215
291
44
3841
19558
263
53
10769
11613
7951
14
444
4498
95
32
21387
200
12856
24202
459
5082
254
320
2411
10848
27389
496
60
18437
228
330
24891
400
15481
159
19
7
3503
12474
399
21889
95
10242
30095
187
489
205
25913
313
11988
211
252
13989
29428
34
168
7402
195
357
342
297
93
11148
416
108
22473
419
165
109
758
325
23596
206
29
25861
387
8277
500
9798
38
100
21366
231
26
386
139
23841
446
4916
328
443
22511
17
54
445
9
262
1923
3887
19824
87
18614
22765
1528
78
18303
8124
19401
8156
360
456
1293
262
84
14986
16067
196
2067
256
21728
4997
192
290
182
257
53
243
81
23086
509
286
47
384
14413
319
250
200
5602
305
34
5480
6210
22398
6911
344
105
24731
32422
32
483
9185
255
6185
354
7974
7979
136
26119
2466
80
196
318
13420
5790
357
5
20283
323
417
5
20334
6370
123
20378
218
22890
5200
13480
55
3291
343
19516
14520
15606
7005
8530
1829
4924
3166
19163
17621
1282
51
507
354
11523
147
38
25316
11745
5608
21857
147
23529
53
510
199
265
438
24879
508
2654
118
313
13811
294
288
542
53
24002
243
7797
10272
127
134
6153
11882
291
18894
1019
355
23
2922
322
365
23204
417
7970
15121
440
26186
202
119
282
212
25337
136
157
11623
364
5732
19135
13668
511
9456
5830
426
11499
4286
19023
415
513
6944
5357
477
498
92
169
1420
69
480
11875
213
4649
108
4858
3987
516
8926
14
264
213
75
30
239
20307
9814
2380
495
165
14998
143
9867
7665
11658
3269
18112
291
43
8381
472
63
211
370
3518
168
3774
161
50
306
4184
4874
171
83
178
474
376
9618
135
295
27942
1127
243
8593
169
249
463
8916
26347
11932
3342
381
188
144
1
26464
485
373
4553
4399
20916
1131
401
272
1452
24581
10711
21
2932
480
1958
7820
20259
431
683
15142
5349
504
516
4486
183
10741
106
19028
26816
215
26241
19748
4804
325
8109
220
4043
5763
1323
19215
437
17963
392
492
259
34
208
25344
19759
17114
14338
371
10264
19644
11560
25373
291
5239
4601
150
319
524
5313
432
415
18119
3985
218
132
486
207
169
280
474
339
3636
4810
2903
20799
12296
13217
4181
258
323
6236
2006
14412
14699
173
17749
5176
673
17105
291
370
2997
335
210
221
15138
3281
283
15185
9877
235
7862
395
158
24418
304
4574
194
11180
475
7272
25722
14767
16458
8927
98
17557
2336
28
14532
387
11850
2744
18165
264
302
266
481
16471
8014
293
3702
41
14773
12354
382
21378
239
22839
4307
18469
3302
1964
25047
8580
14149
13
133
271
3461
517
13877
364
15151
70
204
9627
307
15845
84
269
273
1184
51
407
9545
478
2210
94
1445
29980
7055
136
11891
23224
51
102
338
6812
18
289
17357
199
329
11390
501
1238
272
21802
6379
24372
27430
27
378
406
19278
354
11222
23
2056
17605
12477
23682
1011
531
8220
8273
100
69
525
23470
38
24588
85
19
420
24140
37
275
389
297
414
128
343
162
9822
3921
350
5109
7188
5000
50
16001
260
63
308
85
26581
17006
8238
360
5693
257
16371
14047
101
11659
372
26937
282
18146
4353
473
15934
412
8603
351
303
20035
153
18822
473
478
18478
16122
2462
190
1463
169
171
18471
9713
12707
289
28702
11063
46
62
178
4116
33
249
235
13494
18004
46
3036
191
3928
28496
406
11037
83
737
30712
39
191
478
3829
382
4104
9857
18148
106
6012
127
114
22808
141
27
375
2533
22091
260
518
10374
3752
757
12838
157
16738
30360
29272
27327
343
17045
3526
25374
3
17
7925
5622
1422
10932
22228
4481
7225
9603
105
496
462
10148
450
3590
142
699
362
943
392
153
28536
345
532
22005
60
20207
4749
6792
227
15333
457
4478
25971
218
4701
407
5373
6052
89
3283
228
389
343
10116
487
471
235
4999
11139
414
57
15948
13310
3661
227
530
5349
225
4193
411
1149
388
15731
28622
422
8686
8961
170
9719
76
27
1895
17054
142
381
333
168
13584
26887
478
25407
74
263
1579
1059
23094
8001
24975
24
467
5477
13
512
14277
26
9841
334
381
24127
115
17997
12331
13398
382
109
488
353
4725
29879
4138
19655
466
2473
28010
84
346
3624
2430
208
203
13762
1086
504
24258
340
12165
432
309
212
2247
536
14178
188
4861
43
6146
19704
7587
376
18789
298
13636
25542
8806
23507
6106
93
468
185
8945
15305
210
268
154
3355
330
334
18799
72
285
2985
4619
275
21314
28487
1
160
9682
24115
6321
21208
14079
4102
101
499
231
150
8520
335
41
81
14
5292
454
13643
9436
266
23
85
290
1477
9613
27886
394
407
382
349
15906
452
510
274
4455
7380
28484
119
188
470
190
4781
12112
11642
2
11177
396
253
7185
17921
416
306
20011
18407
8075
299
433
208
9120
21242
2679
3
2106
184
17229
45
25816
17236
27158
105
10921
12271
14920
2052
453
22834
14618
109
7208
292
30570
9892
449
12867
238
553
19986
113
13339
27152
105
270
423
9030
1949
10297
2005
7697
3
4619
11701
5990
996
20759
408
2111
208
522
3900
386
498
348
283
18054
380
521
398
347
6106
53
129
445
22343
13401
38
308
136
54
3053
1128
133
304
12184
249
492
309
101
8
546
9054
416
878
160
273
369
10946
336
6732
9732
332
9726
4958
516
95
437
389
253
257
17550
140
1004
290
192
22935
12872
16083
290
18839
26351
20812
237
15895
115
11477
19383
112
22532
7837
1352
23129
5157
16878
350
73
548
2179
30628
3
430
8628
19339
27538
6834
524
166
7742
38
509
240
17330
453
268
14890
236
148
456
11314
15339
200
532
5360
4116
14
11742
198
360
13818
255
16736
76
133
8526
10249
283
11599
527
230
17983
138
470
421
3160
250
2601
296
502
338
14902
2677
6547
1206
21
10303
289
6440
1971
15345
884
365
181
2457
223
17387
10899
15977
50
366
207
317
1664
327
374
295
448
361
513
200
12250
20280
478
138
177
379
2546
425
5328
146
453
520
1843
145
131
5
188
31
9005
2839
19833
34
316
3642
8227
15389
398
19161
18848
13627
3069
2773
29
15828
69
3372
15230
455
126
352
17776
10809
1734
5817
25426
6176
65
288
45
294
32
880
95
434
22414
7213
9034
242
442
8934
1201
132
8858
331
27028
16304
485
5312
146
13295
447
3692
308
17930
10579
4826
19676
395
28889
1370
10899
8769
517
4151
9901
173
327
10918
22311
4866
14853
8603
85
353
295
270
414
11248
20574
405
513
877
8718
479
2002
218
195
422
407
509
426
49
8048
13672
407
453
34
465
21236
14794
16372
397
6747
99
3080
315
439
466
512
190
22286
3126
141
443
7982
366
14171
17798
480
5935
18367
494
280
454
1526
445
6629
16
516
179
1424
73
18468
512
231
421
64
437
5831
140
1650
3775
15134
407
27912
8378
314
18174
409
80
346
140
109
267
16
13622
250
327
14927
10001
109
57
17385
13730
4
27105
10512
1225
323
175
224
146
18358
13677
7933
13557
8174
96
7509
141
292
44
12771
14228
19726
76
337
10156
1776
27
258
334
391
105
213
260
4211
139
282
412
21977
426
237
15527
3944
90
2145
17328
14845
348
3916
77
617
7481
3726
19387
2346
255
117
5126
249
246
10827
325
57
432
243
24582
52
11393
385
196
460
9726
23
426
514
441
418
470
14025
13290
8340
286
9813
407
8626
4025
99
20594
11810
8406
9476
7
384
159
13076
459
177
320
89
978
395
15381
6306
7043
11279
398
196
429
8364
186
10203
2569
6619
344
322
14710
374
663
193
18984
12337
10267
147
346
26
3200
453
6
456
10078
152
474
9733
503
505
5063
108
21567
93
2761
500
11010
511
185
546
10704
10575
38
2582
390
9736
13623
126
8947
432
14560
1276
298
6253
434
397
2854
303
6614
482
391
415
10620
451
18006
4873
193
28501
4479
683
1566
14185
254
27937
12091
208
186
9985
478
368
118
11
466
16821
15506
391
338
39
40
368
254
329
14967
25145
6144
8331
87
9508
514
427
3028
6216
4212
19108
270
14491
310
266
249
47
199
25136
26079
15918
87
220
14686
230
30
88
18761
5984
373
327
469
6131
4486
492
465
31
20199
6362
129
301
3063
34
514
358
23767
1703
503
363
20573
11251
414
527
4545
12041
255
13819
30207
266
3654
25
300
467
208
321
295
25462
8641
944
29505
17774
343
2201
59
503
89
467
29428
4780
403
180
32
18750
7205
28594
188
316
30
4865
15141
19360
96
100
4890
52
10908
25
13691
228
131
141
23502
350
398
12
29895
13648
246
425
197
24136
99
101
41
232
13802
725
17276
3133
12011
39
13900
8180
442
180
222
165
10816
26496
2217
7668
172
131
450
7752
6146
117
30462
6557
62
11071
48
7419
135
12090
415
8464
13789
481
461
5320
373
18835
354
4079
520
168
2160
5948
143
24537
258
3886
62
10111
10712
2200
520
355
4399
298
22
8733
19368
330
480
29
56
15
185
286
2436
52
437
161
13854
2481
5694
10580
526
385
16006
284
958
7828
307
518
28483
573
6697
16627
8850
12047
306
5113
353
347
253
4397
21275
314
12460
372
5315
99
90
191
507
364
3658
6063
2616
13695
309
404
452
509
76
21770
160
11334
94
199
434
25450
20596
10
528
81
19156
19575
459
10911
21636
22250
8
22549
19527
22646
325
5549
9671
10497
32083
23378
17796
66
444
20846
288
452
418
392
12046
421
475
123
236
374
17413
51
348
6482
2950
1469
3112
416
449
13217
342
163
406
2341
6373
176
12751
12442
327
8880
12797
6496
11760
281
467
171
213
6720
20889
211
61
22657
2093
415
16617
169
15645
13053
5338
319
230
25364
12373
98
376
182
6683
213
81
730
13002
7136
15031
16445
369
145
111
385
322
285
2547
458
3447
350
273
16165
356
186
23372
4700
353
234
1837
5049
306
14636
4055
26590
14531
11613
228
416
18528
392
8126
373
226
240
5470
233
204
477
433
2171
140
2196
1188
10710
390
344
280
522
188
12127
22028
413
208
5381
459
3779
222
15243
428
3635
29108
388
215
9779
7930
271
381
528
22
12466
110
21610
265
360
488
13465
30
17229
367
127
6507
284
209
5994
384
2304
18247
232
463
28
476
87
15340
7554
18738
11442
177
1449
14225
16831
13813
4319
529
499
23157
64
9821
6207
462
24
10243
307
834
2547
13396
8915
7490
6965
7131
356
5444
673
19189
17309
278
12324
2638
401
6480
392
349
15955
487
9072
6813
14265
12879
518
1062
5962
4473
11803
19390
10734
8
9194
19532
210
80
2027
3856
16452
6773
677
12737
179
20476
19158
394
345
18807
9280
7
2268
27164
21356
153
22803
451
199
20024
2854
194
74
12855
121
243
2823
352
180
5253
8072
4562
45
190
28
130
529
25208
22642
258
22689
175
403
5814
2024
40
23438
2686
3106
195
26535
189
292
8084
153
3390
516
392
11932
6888
1284
525
3985
19246
249
9266
9683
7809
350
26605
373
2415
411
206
256
6677
16152
247
587
10592
16957
412
333
221
25037
788
6354
95
11522
21999
16504
441
5613
254
344
106
464
99
441
293
203
4525
183
3869
156
4159
3054
234
10556
5035
5669
394
122
435
514
4457
448
3975
4404
6708
48
354
18787
11058
76
30858
11734
103
277
290
151
488
11339
7808
13402
20389
363
4622
297
1056
219
357
235
180
5817
12
5959
250
3872
396
260
1717
2857
3201
60
185
14296
41
482
135
151
453
402
208
6017
10951
460
848
2103
3185
59
271
21587
411
20579
5482
545
62
261
367
112
43
11702
135
375
175
7649
56
395
321
4634
24883
377
215
195
4193
16868
7981
76
3
391
27790
421
7778
23842
11475
301
276
429
76
329
5636
12232
244
414
188
6357
502
117
24133
14517
6259
8533
416
12
2969
479
7197
226
232
8875
10644
283
15291
6884
144
235
159
5
369
448
4991
3573
26
264
140
3578
252
20970
12198
385
291
24418
10325
453
177
377
20903
462
26444
228
15310
5724
278
12082
2362
21
24437
9526
1937
104
413
4665
102
13302
14556
1616
246
127
364
13116
457
2414
475
6270
14956
152
4182
100
389
470
8091
445
240
1268
109
530
13842
232
74
14712
10278
23090
11634
429
472
12860
2087
205
415
407
5081
12662
316
15797
326
6961
12141
187
337
7091
270
6374
13925
628
163
20593
427
487
438
177
14711
14320
28045
234
93
12265
27412
611
284
14
20946
499
13455
451
2214
12514
9415
2088
19569
400
908
27
7943
171
9924
214
11295
483
264
4636
169
8178
369
135
271
24332
10608
273
210
19768
157
7
223
449
7
14328
13116
16790
268
144
468
2614
98
17087
373
7845
5542
13866
665
526
49
91
343
11301
74
245
47
12554
6953
853
16178
16
781
10246
445
490
218
5564
9303
5580
2056
4112
9341
350
346
2626
11241
24577
9977
478
184
18377
18222
18
302
272
214
456
280
180
280
10832
10818
23160
2628
239
11
410
255
2173
127
376
8772
3756
97
47
141
12093
5
512
1368
22641
128
6626
335
306
174
11967
91
140
4346
17395
126
20850
284
118
227
20007
153
32
8966
15722
27
2967
382
18
59
6436
177
390
4980
906
13060
23356
5070
4475
4148
303
16130
21215
390
454
19412
237
120
2799
9243
410
20345
4710
9162
16690
206
12
4380
7590
14251
2231
242
5395
21241
8451
1050
475
171
73
19891
20693
3216
5100
22195
20200
21107
3518
59
492
3484
12441
245
11274
466
6459
7819
247
139
519
9704
280
36
1711
118
1610
9887
2488
21080
457
13670
7058
29
236
16091
12581
15369
3445
39
1003
10644
18576
25852
187
205
200
6250
52
7279
2618
213
148
2163
243
4
140
337
5978
15914
260
3518
12211
2820
580
15208
501
2284
425
80
22744
4
15838
129
215
456
1085
418
17256
1274
5937
4541
3335
16232
438
39
337
7607
106
520
17201
5235
25105
163
11758
95
3566
13274
165
399
492
180
85
465
120
295
528
160
81
13911
8380
1261
25
3598
11204
254
224
170
12243
447
364
18521
2441
431
110
220
206
12871
224
14421
3235
17620
389
28
62
62
377
17529
483
381
9756
210
15862
468
9799
312
246
242
3984
1857
16286
3934
441
2519
157
120
477
22018
18422
1176
2297
9191
3848
10502
13160
13186
16347
10345
178
458
6021
355
241
367
50
2480
511
12916
329
151
6136
2158
536
489
15672
439
24
14925
10853
4011
21984
14352
17214
458
27840
186
13301
283
100
48
12815
64
206
187
482
461
5437
531
375
459
392
46
19347
2865
103
433
130
139
512
3798
123
3519
350
14708
29439
441
17418
11576
16008
221
487
232
418
6698
38
15584
368
383
13547
2368
31912
20621
486
2447
518
7419
410
81
296
37
214
24622
70
307
10576
97
164
12149
2088
11621
5191
521
18095
3447
153
5
469
11036
242
15639
12856
1970
20399
453
539
21050
10456
111
27812
27156
3174
36
1962
703
363
174
5011
517
98
18680
273
270
23
23339
208
9203
5140
5700
10472
7506
149
168
22734
122
19590
506
105
413
42
139
11253
3722
9025
306
24199
14209
8467
530
6764
407
351
257
21121
11799
286
309
25
14846
13304
190
262
158
160
12761
117
71
115
134
12425
10447
178
426
4232
14285
382
164
13263
530
1863
176
149
451
8925
393
20291
2060
19321
348
90
274
292
358
176
198
502
8535
5741
5
5226
18108
470
3976
16
11135
4475
33
17764
234
226
649
10289
181
4192
14785
398
6220
949
10375
3797
357
26778
495
9042
16372
8901
370
17650
402
53
15180
316
256
26568
233
9182
4
212
10366
13186
488
459
49
14
25558
10064
421
137
88
9727
53
176
79
273
11878
137
14472
474
13989
7892
235
9041
2240
411
12
29718
425
383
14485
11
27829
156
13880
1643
496
2727
325
485
19956
296
321
4546
44
512
465
414
506
20315
429
128
3417
14443
268
408
498
177
485
306
373
151
7333
557
25319
118
262
381
510
9732
352
10430
16991
272
224
278
407
10499
981
462
533
12339
366
8302
8710
5031
392
15484
2370
197
13209
433
482
72
514
9389
12023
1435
464
8315
323
476
2479
335
20846
367
6697
11122
153
509
403
424
27954
2604
6159
21283
993
16451
293
1830
9231
399
233
58
14659
234
17054
299
177
9333
19685
6938
26999
403
443
4164
25626
4634
306
22180
6917
11509
71
402
6399
12243
4844
18882
1593
30739
115
66
474
18250
253
108
306
14323
20962
7
4505
257
1017
375
15105
283
492
330
28224
186
222
17678
10384
20495
3624
88
19044
289
7082
278
6709
8962
3968
270
528
16505
215
6742
1452
497
18276
110
1870
5200
35
20348
286
7704
464
2521
194
5634
80
15288
6
102
530
253
15262
373
81
9337
13949
5076
359
429
24632
165
69
243
517
15336
5388
497
378
26
19944
70
8412
8506
5793
18228
243
380
1362
242
5514
151
30
11263
20196
447
30186
12432
47
10631
247
135
147
11987
8557
269
498
15274
150
17704
13851
13079
42
20907
332
8232
4579
8332
30570
862
1947
181
99
262
13430
209
4694
184
186
765
11151
4065
8869
14750
6095
24991
472
2496
330
516
5286
7460
505
467
312
492
19745
5141
4354
4385
1824
118
470
23
29757
336
24
7600
257
263
281
12615
6413
106
191
252
15015
3222
10279
22012
8263
217
315
2759
8188
1440
5
7113
31681
4820
13531
22437
390
2941
197
20216
6436
579
4203
19
291
12157
451
17745
49
16198
254
18602
12678
185
64
102
3115
18399
185
506
13340
4345
7100
8469
283
317
89
10416
18137
27855
427
326
13857
235
25113
6359
497
88
4066
10543
24466
19096
29
509
344
12
25749
296
268
7529
19218
396
170
2665
91
13381
13871
540
6804
2
156
182
236
255
18133
7540
506
9664
482
353
258
394
128
13748
5779
12161
171
452
165
370
458
428
44
20
20241
16072
244
227
291
13360
2777
27669
397
92
378
2501
169
291
25677
350
22859
17603
11098
1520
2767
5498
632
18788
14662
13717
816
9566
4944
4467
2770
8363
107
12780
16199
398
124
306
24297
90
499
98
13606
79
8867
14695
195
1270
184
13926
12411
397
154
92
334
5853
10356
192
353
2165
404
13583
430
7236
2750
5585
50
471
757
20010
20056
491
442
8138
432
14930
128
529
103
18024
27493
46
483
262
388
432
374
9
284
178
274
519
20404
19010
26
207
75
1952
14978
323
18892
280
4839
8318
17418
12227
316
1004
220
86
198
5755
19581
519
437
4727
6290
2903
1347
214
136
190
11018
225
13
464
118
3099
18859
464
23
525
308
443
255
166
368
10596
15130
367
6861
1481
381
47
209
377
259
19534
129
430
4182
1549
37
16737
19145
359
324
367
20412
31
816
23086
419
111
11137
174
472
299
104
14264
262
271
32
309
25095
454
1077
5524
2444
427
11595
18829
10
194
360
5392
5744
16058
56
19435
388
480
373
1648
14
2629
380
23130
18802
36
481
517
20410
69
253
3295
376
19920
327
453
12409
527
181
966
175
26547
6148
266
63
264
164
44
72
7523
316
291
26078
420
16639
105
515
17120
9300
5345
4898
8730
303
14763
134
384
161
120
127
5528
23
288
10706
233
14524
229
261
1718
95
459
7825
114
292
391
167
5716
13
471
16105
11470
1781
11955
47
24852
6004
7088
305
1512
69
201
265
45
11137
500
9783
152
10458
10363
247
41
3424
208
27841
487
111
3242
5657
442
465
2774
101
10930
13687
11391
196
276
4754
119
9362
20461
8949
11282
8419
4073
263
1503
1533
18626
418
129
10212
7286
3673
124
347
310
11924
384
8492
5323
61
16938
436
396
436
113
24
318
419
3005
412
495
24528
278
20820
406
21484
8718
20163
358
335
18491
5338
406
1405
614
270
157
472
5470
426
7
18761
86
274
25
216
7388
2457
1636
459
306
413
7873
250
6809
8040
14698
14566
4342
22862
13844
1106
62
18845
14081
27139
152
7265
23877
21100
11595
389
1121
402
5979
237
458
6587
12063
3856
458
2004
285
360
288
324
82
552
255
5265
28233
384
6808
94
418
296
535
4332
20016
454
47
15331
22360
1947
19271
16
132
425
15580
292
6992
7568
307
45
1079
368
18582
433
7713
68
160
11150
490
394
469
3987
1175
530
159
1788
5954
44
9688
486
10671
1
9770
259
25072
3936
268
12877
6127
13005
110
157
25342
2141
10036
134
2488
411
230
410
85
178
13561
404
76
348
2275
1127
357
380
97
13063
289
3499
8482
354
7800
272
8050
1931
5321
4026
507
303
282
2199
8980
935
12414
291
8456
7589
227
493
28842
511
19560
22787
16143
24386
331
111
508
197
2055
1837
1998
315
358
2083
161
2119
187
3715
12144
352
75
28
2469
17670
29918
5232
12040
227
2328
18665
29
377
189
429
10527
7864
43
4
36
6178
17742
1884
14641
15201
9213
262
409
11468
7179
6686
10865
200
347
4661
395
5344
7920
402
112
8651
3543
3392
645
385
328
23162
18449
24391
15890
12488
371
196
22767
308
21152
475
17476
407
15422
19250
4491
2376
17385
470
78
291
6058
3584
3553
3495
5940
178
93
389
9442
293
434
7766
451
6403
6366
472
13991
407
6436
24609
364
118
3093
3201
13520
16876
356
277
290
45
19540
9409
71
76
476
237
309
11510
248
11420
19232
9
7987
23419
13
17023
93
121
72
17006
6496
2951
116
17400
14824
4101
22189
11610
23714
43
494
339
357
16742
21860
337
113
274
276
397
225
11740
18359
122
3787
280
16818
5790
4924
23999
9808
178
276
197
6788
516
5467
5456
131
97
9213
15586
17326
307
309
4629
19642
5151
32
86
26784
307
140
348
522
3530
9943
435
389
13452
9888
376
388
336
2652
13363
387
274
334
4555
6314
11918
10937
193
44
468
18076
427
544
445
494
1219
9139
152
10241
30
501
5125
9412
3584
1718
19404
264
188
75
276
349
97
265
137
14303
462
172
171
86
26179
19809
305
21528
367
3840
1019
14
1947
10702
12440
288
343
1627
265
276
13855
484
500
29577
433
236
1
244
4344
516
28110
6345
490
129
4494
20368
7
23
13880
18917
69
207
28907
229
453
303
24
2063
328
452
22106
20199
3913
13124
13821
5415
6
7881
403
141
92
422
342
2840
14479
246
173
21497
342
52
162
14983
248
19555
490
507
90
439
4760
18
518
530
4195
10407
148
67
14800
6290
15079
230
156
144
327
2619
8901
25958
498
451
4858
250
336
464
299
314
516
13165
25464
206
8956
443
40
11959
14701
241
2267
13225
1188
4856
82
13265
3150
308
6856
200
13862
24017
8
60
6885
5541
268
352
11
81
64
4883
158
45
467
2196
2951
8638
359
375
40
8678
345
18688
54
234
6320
490
10453
15171
400
68
14
2764
122
15441
458
4175
320
279
285
8448
117
3564
279
472
10028
179
238
305
21881
16125
352
272
450
392
254
267
90
470
99
9
6661
157
8429
7270
251
125
30
20057
18813
16919
189
12544
45
1737
346
14272
482
186
507
394
321
206
30512
398
17799
479
15460
378
504
5
24537
11519
366
22
4175
6036
137
86
319
5657
25
475
228
187
166
13088
15630
309
7960
149
256
10637
162
13678
28253
9320
491
15988
16183
8415
53
10488
423
13124
205
345
313
21640
15127
389
3650
249
508
124
117
289
365
20382
75
433
10882
9881
470
361
17862
14772
206
491
13314
6820
247
24450
2826
346
268
63
518
461
19
522
380
6040
419
276
24183
10594
375
16568
107
308
292
48
644
191
1472
60
408
287
2558
428
3601
79
7712
21433
257
44
303
347
7791
275
129
15508
301
15418
7637
13262
136
21011
520
445
8
19297
5197
270
423
199
210
389
364
4793
497
240
33
85
42
87
9371
23003
435
465
219
15295
2
263
11715
241
11100
2
436
96
24194
1008
20477
9283
518
5770
78
8961
354
26237
4786
396
1097
5587
23255
10467
15406
23507
9942
6
29244
151
355
261
270
505
234
118
215
8561
16547
283
32422
498
366
484
2912
3585
437
11172
399
3056
20436
216
3542
26953
7370
10922
425
4825
16448
195
34
57
7584
462
4099
184
257
209
276
132
24389
7102
11616
11281
14423
220
12409
7155
261
25168
121
438
288
271
101
10428
93
215
503
2278
285
18161
16578
130
1452
9658
106
335
15336
168
103
14988
240
13661
26860
160
18147
208
1869
292
104
4139
4438
766
106
2811
17318
266
419
301
22706
11910
211
152
5208
8067
3222
514
5179
17177
24122
10350
19503
12161
15143
73
158
27579
324
18659
257
30174
256
490
407
417
5540
361
94
14229
327
21904
80
318
9690
36
25468
900
19753
498
448
11157
80
2491
18157
8588
159
22088
596
381
67
443
16368
376
312
16
1893
276
4132
447
15717
94
226
80
396
447
20853
337
507
16922
9670
324
249
6350
522
21731
120
2938
13335
125
391
386
435
3681
317
496
104
207
247
26001
11263
7914
4835
16486
22
20416
125
777
199
86
24987
15915
77
428
15352
137
349
16447
25073
408
180
100
23032
10706
20040
1695
175
349
81
56
359
390
325
105
103
1089
284
26207
18420
289
22
429
145
27189
5176
4596
182
494
12109
479
1986
25646
2747
1687
14691
24569
226
449
78
3891
18947
14175
140
1846
444
1699
4820
1
237
210
7515
24533
18
184
121
31
283
535
5284
63
61
21096
27396
164
205
2284
4542
11626
412
26079
10
139
4517
269
11402
3648
3504
24765
223
39
229
1920
304
48
19034
13174
4
492
5263
14645
368
225
20213
159
396
18657
516
17998
29084
465
168
519
352
18811
398
19843
477
4006
314
52
26
1410
82
249
319
5168
252
320
339
14
6787
447
539
20426
416
26981
11218
3607
13467
289
1
14438
8609
16100
113
191
424
6055
512
3440
19670
123
17354
144
5472
102
461
97
422
193
19578
231
26
25
439
16490
5501
90
135
18310
350
440
307
213
1409
140
16158
27428
241
352
340
3113
250
10395
287
2
5365
252
130
357
283
20336
481
7494
334
5032
5252
13870
259
514
4077
2051
3747
28
10425
123
347
6682
11681
442
10237
223
30590
11991
209
119
255
19403
4021
4270
1887
7960
107
1354
6991
232
2694
5261
20736
10105
289
18467
15942
355
3900
10676
191
463
10984
2
27609
280
15928
245
113
24930
211
86
12586
424
22616
172
10418
12632
942
467
8999
19200
212
352
4707
9731
7311
35
6210
8
5146
6800
8585
167
13859
419
94
26643
7090
385
268
19736
13211
502
187
494
35
7885
477
6836
15218
123
3601
159
9754
80
303
338
7834
466
3121
9742
506
29401
5645
26938
26898
7208
18447
26
300
11493
463
21
220
18492
360
27434
482
100
422
218
495
1434
197
9830
357
455
131
25968
150
69
4381
16864
396
98
135
370
461
424
219
215
382
9516
23697
318
340
22922
246
12065
520
20227
5658
431
531
2919
1624
389
215
433
93
397
423
137
344
28780
407
2008
222
1847
9259
5887
11562
465
1207
123
11667
18819
6589
199
52
3409
6934
75
106
487
11325
242
10308
2001
40
91
5188
357
22268
3996
386
9269
9054
310
198
361
336
9184
451
417
227
218
131
183
259
499
292
26122
22372
6951
14107
12677
311
221
144
533
7428
1667
401
104
8356
118
20558
440
468
295
272
476
203
444
2938
272
27185
6343
446
465
6605
442
11390
17419
27
23724
8684
426
218
3465
453
381
16956
233
3553
2905
2473
6280
5549
347
10483
26586
30
15
8554
148
72
155
14439
418
276
376
268
215
9193
310
10892
14709
8517
12261
148
122
154
150
375
2731
118
6710
23144
9898
479
11781
369
292
317
12
16957
3355
16811
20820
8903
7975
1701
2991
394
6707
26
3531
22875
798
292
5142
7078
370
342
12170
7804
10328
83
17435
22388
508
11889
57
3361
163
21310
11898
2983
11432
335
21593
501
3911
28363
17627
6956
7807
493
16164
44
8019
387
196
11354
251
333
9605
1730
13813
111
8429
1322
353
1610
402
7707
27361
8207
8150
307
11595
247
27777
18
483
345
163
9436
293
418
328
21164
5986
6107
13445
474
335
203
15028
235
9208
29668
1065
318
17167
1152
304
2761
415
11682
4987
436
41
235
16622
386
9
381
447
4944
801
461
1
304
315
429
8714
20
651
23421
1019
237
86
12889
412
133
32
290
326
284
114
191
184
374
87
15425
11716
14526
19015
10236
351
21476
434
7265
18402
26920
1422
214
131
108
7970
8554
247
167
20
226
7813
477
13639
2246
2641
1761
336
88
456
28572
141
18
449
166
69
12441
17
5469
144
28577
22689
24
198
175
13481
5188
179
402
13400
6385
138
10836
6382
443
2314
126
13513
4122
3261
173
69
161
61
402
4564
210
428
187
178
273
368
12990
17451
16
24107
51
338
2760
20247
10154
257
359
1655
6117
226
18691
1
5
1603
849
8579
332
19147
109
235
410
10877
4931
27881
11714
7
9462
1528
319
24729
282
251
163
458
27933
198
5209
3207
183
2086
14104
13307
17044
6093
237
472
6957
457
235
11774
330
139
290
21108
13
316
18951
14195
293
5905
185
20687
25699
482
480
228
365
494
29
150
3665
231
9867
522
521
104
237
432
7601
3695
3748
14618
521
384
9573
317
13936
11148
2691
90
762
3272
11973
29484
6711
346
6168
20589
2507
13480
5888
91
337
618
209
19150
1827
476
166
1458
266
62
13257
2748
3188
295
542
26355
5322
1091
58
430
72
255
3103
20129
228
407
1948
231
10557
969
8933
99
513
204
24981
235
513
140
21900
24204
24245
357
6664
64
431
279
4890
10797
29630
18251
466
414
260
9510
8372
18207
17
11342
22084
100
231
2410
17245
521
241
18203
23761
2155
83
68
160
520
29819
42
181
15913
385
218
102
235
260
491
5749
11
338
7710
2335
205
21253
25690
279
3517
2756
159
6414
98
259
12503
14622
234
155
10824
509
138
13350
4324
189
22381
8775
19385
14221
191
448
389
480
300
7990
311
10770
190
11677
4204
4632
78
1368
391
366
1351
90
14175
428
113
167
16224
290
9306
6795
89
504
157
13864
169
229
154
162
22450
5456
63
19075
141
19938
225
14689
91
12421
275
786
22674
363
23607
399
369
18911
19675
158
136
372
13007
137
5017
21854
20599
4680
140
390
17263
12756
436
9355
6919
263
458
22883
20564
19614
26275
523
68
714
421
20893
259
10146
4898
316
3887
19639
17349
14011
182
1197
363
210
92
27507
8681
374
18059
365
137
325
21499
9607
231
14856
30331
202
592
155
172
362
1250
19916
436
9326
208
20431
3778
404
37
356
130
367
75
96
256
60
25
27411
314
12
20386
384
213
4
174
519
935
278
8189
78
313
37
13042
27643
1502
1075
22143
128
5691
212
235
7713
19355
4715
32
42
393
19291
12605
446
278
80
240
427
353
12434
23030
5403
20968
88
11555
487
18483
3757
16242
486
357
4884
14885
3207
14709
4911
377
70
16278
72
8763
16927
6518
5615
458
480
306
10627
254
3228
27138
5
77
299
397
220
224
139
463
69
327
38
12934
24911
18613
249
486
13932
153
161
12296
208
5180
443
59
310
330
306
303
281
273
213
176
17880
10742
10803
2627
370
390
424
165
472
470
17260
11017
36
17465
5858
168
10431
16215
25305
416
256
11956
4767
375
56
14389
24201
347
1443
16997
7610
78
171
24103
327
474
253
3006
8796
372
911
10210
10956
322
508
150
8340
401
78
23938
205
18438
5550
2179
128
3431
409
25474
520
8486
515
17099
47
18809
104
5525
15253
335
17
22606
363
24404
100
389
12056
11075
8943
11441
271
265
5031
98
239
8891
345
124
369
22593
223
82
10992
4706
318
243
303
75
288
12027
1605
293
163
6511
406
521
6406
507
516
174
4750
7928
13119
485
229
451
190
5206
469
25672
3014
333
355
300
496
439
22089
438
6176
301
10232
1880
1883
8138
239
488
114
290
10573
15729
505
393
13268
133
4969
371
6443
193
10603
331
105
367
24933
269
7892
11640
440
2823
239
12956
6173
181
20314
158
4723
363
142
4786
100
509
24716
5981
171
22623
22740
16722
4076
283
33
404
4797
26543
14345
448
15091
7649
431
197
2403
467
28562
15844
6875
72
8098
33
155
158
12204
5954
12627
23626
12447
4249
21854
361
5315
21196
1871
111
14726
370
21179
7338
157
28067
224
6222
379
458
17517
240
68
15504
8408
69
103
328
514
14399
482
172
8370
433
476
209
30536
11
408
316
9236
490
13615
318
30
9720
3293
505
867
482
71
16436
335
284
382
14364
12213
327
2824
15767
108
9394
14825
4455
5930
13107
1925
6994
259
516
38
7835
14398
448
158
517
528
244
17725
437
23089
70
5568
13187
200
8396
409
305
15924
20980
7294
217
390
301
24716
10761
14625
19524
66
119
291
633
109
521
6878
206
50
15256
65
19319
18722
10211
15183
62
21171
531
18154
362
3563
444
21752
271
65
411
64
517
442
11220
488
12136
24
11247
11008
415
1540
2
19007
188
183
16285
20133
7804
15755
228
7359
9
25466
490
4488
7207
23086
393
6672
1511
230
469
76
180
57
315
201
6377
71
88
3601
293
171
75
6535
279
405
18624
2313
20079
69
96
708
3625
253
169
480
1
296
19514
258
402
4440
14060
19215
16847
259
6685
443
27
525
5126
30078
17621
24627
5126
4003
278
167
365
77
481
442
11908
8753
339
111
171
452
8925
136
13335
9281
4628
411
435
18951
11745
2299
6201
15246
7686
453
34
11495
7812
402
30164
61
6183
2317
29481
16530
74
3841
16349
481
303
1728
24067
5789
455
14998
500
263
279
19456
16019
2196
18232
17370
159
11587
372
4611
14232
16130
17603
186
2844
307
122
417
146
21201
5424
212
189
24764
227
410
168
11383
19912
45
135
25077
5285
46
126
21277
348
16578
5954
154
18953
15695
539
47
35
6657
290
7725
268
125
5829
525
14185
1804
322
164
5514
67
2535
283
77
92
10233
493
309
205
4256
209
17459
188
444
262
146
838
26728
18841
262
8826
394
423
5140
27137
301
479
9183
19528
394
14714
15833
19322
198
312
24634
26049
481
15227
485
53
112
382
57
5378
281
394
132
15
2171
117
422
284
2964
20365
499
177
1475
337
18606
3287
420
93
54
11452
102
288
12897
7123
6553
4812
331
1692
6883
179
97
805
19068
73
2553
8982
10610
7886
383
9677
59
7521
247
466
252
295
284
19955
354
9673
187
308
1868
172
429
329
261
464
491
368
88
8055
81
6
496
11785
45
505
5525
115
24981
1293
3354
10534
491
14955
3162
6233
25406
48
39
233
452
8225
380
8775
435
301
283
27666
10690
310
214
24726
485
1722
24476
14011
275
142
429
87
9861
600
2043
7450
263
157
323
403
97
10800
152
5922
23987
7350
409
156
372
17396
6079
19686
14329
8561
116
128
12265
14358
377
278
554
6010
399
314
12
452
27541
22614
8015
3430
26714
520
47
9560
168
15393
9442
501
418
22150
355
13963
109
273
13253
11904
8529
5011
9057
357
4845
292
16813
15036
9993
1937
5
1558
90
266
224
315
533
490
25689
22267
320
355
380
617
461
5806
66
1434
1613
31396
4828
484
14141
1882
131
71
321
10172
11
9266
11339
297
62
17046
6086
93
3340
449
303
17430
6531
68
6411
504
9059
46
22101
8389
522
326
504
196
32
21536
224
6023
1107
226
9680
13366
159
2588
8
25288
15405
403
205
430
346
24730
10819
10
188
23551
27
8672
2118
226
10366
6993
16888
18539
6420
3211
671
411
332
162
128
94
20718
2111
443
363
14996
387
132
290
245
4308
7609
26803
6821
339
18998
21729
14912
322
2624
372
16746
13161
15729
459
493
2767
137
11636
25770
10067
13717
12070
14419
376
3081
43
471
16099
3663
277
500
37
25426
308
23
7180
442
17247
2794
38
443
705
411
482
4974
14338
10479
127
238
144
3923
8713
22508
504
22751
509
14951
345
1699
30168
12125
16865
138
36
351
11579
16531
16580
79
16816
295
288
268
342
21379
335
282
16786
266
12611
3344
26740
7533
405
508
357
668
9308
7946
239
20520
17264
7376
125
1539
462
111
13121
298
23898
15840
8780
372
328
24578
371
25031
6494
436
469
168
1593
430
23837
13643
123
268
115
251
369
252
1591
311
1634
164
434
7664
93
216
334
11332
468
4205
415
94
27
534
445
10317
156
7387
4871
2739
18882
10693
38
13228
16914
14246
21154
28935
21194
585
16237
324
17486
3753
6300
329
295
9438
211
50
258
522
196
1280
491
27645
308
4413
102
382
337
3505
225
466
9249
1769
5385
73
19219
1707
98
6808
11811
16034
25478
28006
4841
486
40
14741
1753
11982
358
254
313
11357
25914
176
7228
109
11823
37
3328
55
984
164
7012
284
195
387
20606
2298
28
427
536
5688
123
270
3762
161
417
26736
36
20387
468
413
15463
206
4283
238
28711
12100
482
4067
3766
9231
2761
513
368
28924
10299
371
444
19105
24042
305
415
13849
332
7598
396
10102
1
76
5352
203
892
27130
10911
5717
183
7405
2289
9205
498
19
11484
79
211
440
365
12040
12374
126
7042
201
99
103
270
5628
205
127
8023
48
1214
7420
240
124
14096
20226
94
3598
17
3260
21540
267
92
4693
23
27032
1191
12467
396
24876
416
6312
129
897
5621
13010
92
18264
19902
466
6951
23550
387
294
267
427
375
139
20687
18831
7
11917
2370
349
14463
8011
3067
22308
29958
474
1597
7606
36
9504
1820
43
2544
72
325
926
170
2404
47
6
15621
506
392
23576
507
9995
464
247
25352
11968
14311
18480
2708
7217
167
9088
440
4667
1851
23252
121
29159
5271
70
1201
30078
14360
280
103
9525
46
6494
279
20205
301
25467
17852
3091
402
2045
72
10851
111
209
297
230
115
338
179
528
151
108
9065
7955
10271
349
437
431
1712
462
4863
115
38
16474
370
130
12312
134
86
6437
463
123
234
78
11
12075
25904
447
332
373
79
3165
268
18496
19089
372
353
23291
292
4775
11913
2086
12019
333
143
3956
201
358
2626
7201
7764
1539
23158
113
23646
337
17590
226
356
9441
24956
518
274
61
110
501
516
17348
15330
19099
7751
297
224
22837
237
44
2423
6393
12534
84
193
261
177
12994
429
3600
2197
428
324
5277
7
18701
8974
7451
27925
9625
20924
3335
18195
538
18861
331
317
419
343
16580
6462
250
137
7189
117
15873
137
255
127
993
11075
19283
44
10543
10218
461
22441
1823
196
10997
302
251
10424
122
482
465
24
277
389
262
17284
6900
5513
440
127
68
7791
5393
87
273
476
291
495
14
9486
335
8088
139
13226
11748
380
117
15
333
35
72
525
421
17575
114
8240
2063
241
14228
22565
334
307
15850
17205
8484
15302
13334
430
281
1793
24805
450
14039
9618
445
21835
74
6219
165
97
122
7809
12075
243
5139
53
320
389
460
28473
3911
12235
457
232
137
28243
229
14099
15982
36
131
14649
24608
487
8087
48
3130
219
133
175
390
3556
1626
97
239
295
18349
27151
221
172
3172
494
98
412
535
131
457
12392
19039
12422
92
13552
15021
9371
510
6233
21821
455
377
11412
347
187
13809
158
2610
202
221
7336
24634
21340
468
468
31142
4744
401
7892
371
15858
239
140
136
9951
10186
4101
177
11636
121
154
186
14068
162
16516
25964
16752
12842
24394
20438
356
362
211
448
88
27889
12757
1490
52
13083
142
12628
17025
14945
17448
13519
4450
367
1575
395
402
305
37
3535
320
5158
28320
191
349
288
55
521
5293
22889
1834
94
26685
187
434
20628
23636
103
2508
345
9017
304
130
8016
5595
262
360
3948
248
15534
3116
153
392
16758
3799
475
10664
58
241
17394
51
8698
17377
255
281
145
425
5266
27507
64
12368
208
318
955
10516
417
12936
31
6616
5870
27328
182
195
216
431
399
2115
258
43
17636
6196
11987
656
376
11759
13766
19719
118
7085
30540
5796
316
9843
18202
7528
180
28
20609
9483
215
521
12150
1899
6999
242
231
79
732
3775
404
254
122
3863
412
23409
6341
1
397
7231
390
388
114
217
259
155
141
516
15432
13312
184
19553
3233
11079
129
12195
81
115
511
32096
11099
7445
873
377
1690
81
14820
218
53
387
245
110
7980
1388
475
262
1104
153
322
21
5378
143
481
128
24604
22254
187
45
27266
12977
6061
94
65
307
27012
8527
111
520
100
73
304
3014
44
89
4241
6340
6028
226
473
16855
229
291
394
395
155
10
184
386
10439
12453
21
9536
212
22643
18415
469
257
49
17020
20032
8691
1811
371
291
280
4724
4226
22648
14571
358
225
518
255
470
14
7326
70
4218
249
26449
98
345
5517
260
507
345
233
1071
400
324
7957
393
460
483
6611
6517
359
3270
25
15319
313
141
446
102
11098
317
249
505
393
10829
271
7441
14098
9963
106
67
8904
3814
20950
2
202
11852
3
21665
15120
9174
225
859
214
939
205
213
883
6930
1212
5002
26619
103
15045
25694
2685
8914
306
31226
17350
9964
351
510
118
14925
335
431
33
3411
21697
238
16678
22025
385
2938
23218
470
12812
4247
478
503
240
3638
249
3023
6979
5336
26106
76
518
79
2005
9842
201
44
350
198
104
14359
7313
7
103
211
9743
360
7107
2412
11619
5262
2179
199
5036
21694
1259
447
9389
164
11161
21357
18302
109
3019
15280
521
423
16996
105
17882
11629
329
3888
229
376
420
58
5003
382
270
265
105
6515
330
11817
138
2165
4163
437
14491
17092
203
17137
67
239
9935
2330
1771
162
10954
479
9080
417
13049
3968
9106
12972
1359
188
7021
331
17016
15954
80
7916
8312
17877
479
2884
386
17243
222
2826
409
497
305
11146
11166
24777
396
18950
17363
4115
285
15646
4950
5692
3378
532
460
24912
231
393
16154
237
24
929
415
1804
25549
26638
331
2035
470
207
116
438
6938
482
523
20772
435
23757
19371
460
3879
6672
7149
6371
365
259
122
388
29285
288
5964
1542
7613
26584
38
274
427
4544
184
6807
108
3461
17051
19727
434
253
10020
521
3551
29084
248
194
1676
16659
175
17508
11250
5
1467
316
325
13344
654
18313
217
13098
9100
304
10444
11223
14564
9474
26337
27991
9810
3051
516
188
446
433
12731
13
31
321
2888
180
5895
14789
376
237
120
369
25209
364
30
12189
12161
38
27966
11199
74
188
13444
308
199
128
281
22163
9863
11096
182
1485
15953
19
238
533
9933
10058
13228
110
282
59
6
5880
4265
15600
350
297
483
4281
477
88
169
1
266
158
1114
381
11679
20
415
850
19078
5402
11
9751
149
10715
337
1632
373
460
134
11312
171
167
53
394
24566
387
294
239
131
1550
258
52
400
17743
103
326
408
5054
455
185
129
294
412
256
7931
393
3461
248
262
276
376
4848
12297
21991
3680
3375
25
4643
6591
9375
1755
165
434
474
923
518
178
10265
100
15608
201
442
58
2669
150
1758
225
108
73
4578
297
77
490
88
1604
189
505
401
17311
49
17
239
324
321
327
10644
19709
21
3613
223
211
301
409
436
8206
7710
387
11837
4387
531
11292
284
255
155
94
4537
8072
257
3796
785
29
16584
6259
874
14325
6431
129
354
6037
359
308
329
28
15152
38
513
7498
440
385
430
280
492
30814
6160
219
370
439
8154
469
35
358
15907
5071
3145
6175
238
410
178
437
14431
14312
303
25467
355
21
22714
278
7297
10301
8277
1107
500
2441
209
351
501
17
4688
4535
168
324
14690
238
7958
153
20588
20799
9315
111
134
14115
19839
11179
11705
3422
33
506
10457
365
4863
4062
21
3816
8964
41
339
12263
179
114
1255
71
267
141
427
3654
12592
2486
120
37
133
5513
960
48
13091
255
6409
273
489
22130
373
9246
24959
497
346
23504
354
45
762
7635
8292
8720
1848
464
329
129
29622
16601
426
161
6623
379
395
81
406
360
213
9617
142
342
123
13738
431
7746
7125
11650
15903
297
6136
6184
18072
15798
414
3570
167
17435
15008
16227
327
13446
995
16077
230
27529
1201
6282
381
403
425
398
21912
10062
1616
25983
8781
522
2902
322
30122
10014
316
364
194
160
12916
24694
2656
349
162
22380
368
13471
257
15526
23161
511
21195
244
400
396
304
8197
14372
20459
1162
158
19214
94
8843
506
5820
294
3366
148
1189
196
490
18275
109
457
21
10
432
3759
14512
12013
7873
376
106
26608
156
334
178
9760
15326
94
188
60
348
14830
444
2
18599
109
8501
22370
33
6971
17745
40
4231
21768
153
203
1875
313
4378
267
264
15912
19961
9798
2611
300
227
1703
438
203
12358
7235
6538
2199
14965
75
84
226
346
23683
14474
10074
429
217
15386
65
23957
12342
11586
4035
486
133
44
29514
2749
12252
4731
4274
7687
78
4006
464
12843
436
20864
373
1981
203
413
4097
19560
362
398
65
16171
14292
342
240
152
5481
10993
93
501
303
13246
125
10801
7
520
405
104
462
86
1044
354
393
101
306
4867
22056
168
475
436
63
255
3618
11956
488
45
5472
15223
239
9479
322
188
202
462
119
525
303
19589
180
414
199
85
523
105
42
21688
492
75
220
6729
65
196
1934
12194
448
5038
6130
7408
9164
145
532
41
1625
13101
388
239
383
162
5797
3974
471
54
85
9143
4140
100
411
21764
414
88
123
6658
160
3223
26630
2
3686
56
20692
17780
688
486
208
8717
86
54
2311
41
694
15024
304
6227
6524
7098
5344
184
19115
373
327
520
348
3983
183
1013
226
401
1375
130
62
436
17667
370
434
20492
473
394
14697
43
8481
27
392
23257
17860
230
3186
754
13447
4633
528
46
6589
214
4064
391
4880
422
490
9333
302
62
9043
467
528
7257
326
20782
27934
323
459
236
2910
360
4129
19584
513
62
449
11916
23658
12
11125
475
14463
150
13728
332
1738
9549
3213
9125
507
1669
405
14607
8206
198
506
166
3510
18884
1292
24232
178
351
505
481
13251
12440
6425
15287
71
403
106
25251
24611
345
216
20503
471
533
132
12
378
198
5280
481
76
425
84
749
214
47
446
19411
10769
328
433
270
3634
295
214
509
237
12021
5798
31048
9690
297
178
177
378
116
91
7665
421
13372
36
12547
1319
457
11587
424
27170
411
1518
18331
346
360
74
20922
1024
87
10409
264
383
2468
517
93
52
2226
7032
2664
18423
14481
6858
18646
12204
502
7937
175
505
446
399
10499
250
364
8391
35
361
9978
4739
411
387
337
2630
427
13891
8401
2
2900
20782
1937
448
8751
22195
175
4923
364
16554
177
5344
9987
296
16448
10775
3376
12524
10766
951
46
349
376
17322
9
9800
14699
9544
3919
664
8875
3043
9717
24559
146
448
1
4160
98
8059
8
232
6647
15542
367
16099
16581
266
3537
2637
217
112
214
267
409
33
3144
209
3445
326
239
11241
290
15367
3552
7
16527
419
6839
3981
2735
2659
211
520
7723
427
10868
6249
4909
10180
464
228
26923
3222
394
93
28766
191
491
438
2680
75
43
324
9495
482
6016
8216
23405
177
521
6199
21016
366
8605
254
78
2705
9486
2336
430
177
473
10812
97
160
110
104
19032
184
444
3406
64
20425
2519
326
442
193
101
41
5677
143
8413
5811
6182
26
5199
20413
2636
26
147
19481
429
260
337
219
23215
319
18416
5292
453
5637
174
26055
16862
594
1405
8166
409
26555
101
10228
12364
220
1717
8115
248
244
489
15270
81
17166
251
11156
302
12418
491
3472
24432
173
6128
23293
22214
9083
3593
76
24039
333
109
455
9751
396
104
5810
2648
16827
851
427
6178
327
66
141
41
5086
326
400
176
22057
4333
16967
9911
12374
186
6
5283
1
2209
67
211
468
14530
121
3017
13358
156
73
26835
22933
171
464
23985
9462
431
448
7004
431
279
13293
2235
9875
487
1455
421
27020
260
64
308
25465
520
5618
20829
175
2793
328
472
207
179
102
1944
197
277
43
23281
15443
10145
23142
7341
359
12459
4739
160
17060
329
26046
291
7414
57
29338
2100
408
47
8024
8043
11822
245
193
15941
6274
2057
5416
8292
28131
505
400
423
418
238
3988
9304
18473
4846
45
15161
10068
5259
6146
435
6109
815
16358
229
233
8718
20156
199
206
26152
6597
173
22207
3345
319
2789
114
8498
281
826
11966
98
259
20501
22683
328
4440
5967
26
204
6800
12822
113
158
11613
502
9748
8941
522
7115
323
94
483
18987
1180
376
3792
658
46
260
5133
20121
1012
8151
269
3643
569
1730
351
191
15394
7665
19335
430
8944
460
387
211
264
16480
250
26857
8467
448
305
333
10050
120
317
2095
8313
523
14514
25906
4443
18864
8903
398
15358
17903
522
16429
10610
3708
21882
9960
381
271
9288
421
6950
9481
288
10812
14625
138
106
414
31
31994
11432
21437
11325
355
270
295
327
8192
15086
95
383
2597
6119
24464
457
446
4258
6173
3423
2924
5690
27535
18709
11771
310
1272
45
1274
21561
453
134
409
368
7742
11845
489
506
5908
26800
218
167
512
7111
1038
4013
230
50
4776
15098
8601
7519
369
192
363
22195
371
439
13646
12095
401
1930
10973
263
332
272
44
442
10473
72
488
339
382
376
23815
13595
420
128
14668
477
7690
479
2491
531
11286
53
316
344
42
1151
1952
417
6893
410
354
18779
97
281
521
85
417
297
487
2713
20837
14032
513
3282
296
489
401
371
20296
509
1058
14225
3300
20930
11357
12524
9276
24917
387
1702
315
187
17520
177
19097
59
3332
294
2736
143
182
34
6860
468
409
12975
8320
3164
3720
4500
20005
25301
505
2080
19432
59
286
715
141
9716
217
11324
455
771
361
2573
407
225
4461
426
3802
392
54
45
135
456
150
29779
2693
13032
6447
18
157
386
313
58
6104
8989
324
452
281
250
28773
15823
436
93
336
171
351
20
368
108
20782
193
522
528
492
31110
388
538
7244
194
61
401
14565
14401
40
475
524
5256
276
16775
3
310
5249
5357
18845
289
2959
310
479
382
27596
509
17172
13027
476
419
128
41
19345
791
14430
20
14
506
310
417
224
434
14736
390
296
342
19947
68
305
128
186
222
400
451
17442
453
342
2738
321
389
8578
8730
506
23751
24209
787
5570
21564
16659
8454
25899
284
4037
9494
5486
315
222
159
197
9911
8744
5074
3489
401
194
10996
440
17142
395
239
20824
340
2979
8842
10843
5772
463
9000
447
13697
4432
12611
14964
176
266
175
340
256
404
14863
62
197
484
11360
2039
12078
4292
15231
10
301
9057
7998
595
5446
393
450
203
402
22546
347
20260
5651
16977
17394
12187
323
12402
13974
349
8587
445
25865
6668
8038
14607
15889
2776
470
416
3172
481
171
221
7117
1347
24932
11467
425
71
102
511
544
8118
135
6611
1089
424
163
25678
512
1360
225
9457
15
150
5487
6
508
1590
46
9142
8268
151
406
11143
24682
259
4829
663
2648
1602
810
24635
11774
278
9650
200
163
1995
6759
157
17932
1096
2
21255
191
12869
11703
16156
340
12949
428
146
11003
18544
36
80
486
23287
19676
382
19
9494
82
9156
73
5586
476
4105
14286
12866
8399
224
402
340
411
293
26407
98
429
1834
4586
31806
508
415
10992
33021
15247
24
3278
19905
380
389
359
3374
5588
1451
5453
361
207
23862
13195
416
8119
10417
166
20965
3061
11211
474
21
24322
23181
2880
454
391
14617
5008
18738
17399
265
1829
3682
152
212
101
4521
2678
293
275
225
12684
286
4806
516
41
500
2969
12847
343
136
8364
11199
195
18629
426
25144
10074
10474
69
448
2049
13788
8902
6
8097
250
689
8877
11
402
188
6258
1452
17475
98
4022
232
13652
296
73
512
463
243
357
3356
2798
83
15
448
162
298
22
5605
17362
23148
262
278
11361
13286
216
281
10
133
26058
61
322
432
4574
407
461
256
6898
15768
10452
526
407
20178
24
12870
396
370
13186
11640
17587
28310
9491
35
195
11937
19724
15929
10
65
293
459
204
147
13438
283
120
456
15629
178
309
339
2661
322
234
9941
183
18
460
20096
384
4212
8783
15037
19610
15586
31149
14508
489
19703
202
1352
15481
21073
13377
201
359
218
13647
126
5722
31247
19645
69
200
231
11033
326
127
334
143
4319
302
9523
19964
327
14096
283
339
204
21676
114
204
25695
762
238
538
13611
15024
340
3490
372
24145
5061
229
307
222
127
380
77
9514
21964
36
2689
12816
2707
31
1814
246
356
215
159
8398
15380
152
4480
94
9121
239
328
277
7505
271
9715
16
124
224
1834
255
16781
429
8441
348
194
3713
199
69
480
27430
202
7724
881
9040
10340
478
24260
3282
9853
116
6907
12597
431
214
23245
8895
469
52
348
24588
317
474
1188
1360
179
8546
238
242
5714
498
9189
13052
106
12942
178
14785
197
496
3274
17473
6
395
12561
309
133
18180
16829
114
9915
216
257
130
355
7345
511
342
9373
424
175
6977
28140
14025
425
6604
455
221
1
365
13273
217
205
19276
11584
43
516
9397
60
358
67
936
13901
209
505
6591
104
341
282
2159
10050
9314
129
22141
25908
4953
48
2
148
2721
95
329
473
5760
6735
199
31
394
287
25790
218
528
21191
13883
4244
513
385
537
6297
17152
20910
9890
1213
15135
539
8849
3355
11396
7080
117
1850
21582
10902
15495
413
477
18404
7132
13778
330
149
7376
334
1675
427
71
97
497
417
19
126
233
11594
230
7270
86
18519
1130
75
19771
312
41
19951
2377
2
50
7184
203
21535
330
23036
505
395
16926
15659
99
372
25806
30012
332
439
173
11351
4821
171
767
309
5075
7780
421
178
987
21941
301
432
22862
20937
13937
5854
15745
131
192
29550
109
1717
443
178
8745
9525
1757
99
61
12137
14023
15362
1238
12541
172
244
161
28691
172
179
9311
364
24487
6721
8408
8171
281
9679
435
3277
234
1793
471
28666
214
6580
417
12463
101
94
236
259
20829
253
8483
11516
12248
457
128
486
416
22972
196
24
37
5178
96
8257
21174
23034
7617
321
26556
132
458
9438
10658
53
475
10947
4074
222
20614
12111
19894
4086
23866
364
10
220
11410
228
99
1832
98
7559
1172
444
87
10014
174
6878
8891
56
3134
3545
14189
288
2767
3516
498
6983
4807
11577
181
5283
29385
3850
3684
13157
2
98
362
3544
272
217
387
434
214
17296
301
9590
131
834
474
53
345
5
174
17060
461
113
350
10347
265
480
344
11862
125
354
349
19
192
514
4949
6889
1
1166
355
65
222
972
480
8835
61
359
5781
239
20942
17579
329
86
1111
466
18012
4618
291
46
13
273
149
19633
147
65
11285
98
26958
65
150
17702
17365
13673
490
485
21598
193
17463
8362
364
52
5404
17044
22757
1069
43
148
10703
103
286
10637
253
16
169
6041
12248
377
3875
16329
493
155
87
12289
12263
17082
184
17845
13308
7232
1993
284
428
3696
17529
7486
196
7253
9504
35
27136
6917
31614
164
325
11240
319
124
9163
20704
453
10380
1330
18797
169
387
26201
9999
6226
10615
888
11100
10005
173
277
15473
421
378
605
1601
18548
21870
5343
403
4911
82
235
56
19717
178
2
6499
51
7742
13037
148
12995
103
12300
18130
12143
387
447
62
28735
14298
287
194
17882
268
477
135
74
391
36
10
426
15414
374
434
150
404
12604
69
21
457
378
153
4726
85
198
15163
352
275
288
153
494
8329
9263
4864
24112
398
1529
13778
18644
1756
8178
17812
159
414
182
480
8401
365
294
13524
278
428
15898
277
476
310
21565
402
5
11649
331
22859
375
5358
58
419
83
422
69
6527
194
173
398
10019
4469
21353
23174
4550
451
8516
8696
3399
450
14230
444
17295
23319
457
64
275
7200
21565
1437
5799
36
370
43
8
5640
214
5471
13
7033
15287
364
188
12975
345
16572
181
6846
376
6194
10666
463
398
118
8282
345
478
5951
13601
312
13856
229
88
413
17654
458
8727
13078
273
19054
4648
16135
315
27404
27
12313
434
20374
18211
472
167
3909
334
21265
15495
14010
8428
10527
19748
251
22018
30783
19717
523
381
2219
872
5
3820
228
7670
6879
1920
3
14366
101
16309
16
17336
90
24406
11328
3855
78
175
531
3639
11
350
2816
22783
22379
10005
12344
116
17150
12340
9649
13918
7861
390
343
517
954
3862
210
550
289
12040
442
513
46
10965
614
163
12324
207
18112
8832
14613
297
248
8
445
115
47
79
13167
6827
137
50
13007
77
7068
8871
299
9217
410
13698
23641
1086
4443
309
1280
5829
257
187
42
119
6806
246
13047
251
248
338
131
166
24812
168
6207
301
12941
35
247
17205
197
1061
2918
11780
108
12479
2049
328
23
4448
279
46
302
178
542
295
5493
287
472
422
196
3251
313
4693
7691
201
913
16660
101
333
238
9363
103
160
28665
888
32
8881
293
27180
12966
175
13801
120
9113
200
19602
189
409
137
448
277
17237
12262
28273
147
23717
417
174
500
480
360
11
256
252
505
334
296
15999
2037
2581
7115
4400
20595
263
17281
322
488
6051
3060
500
236
484
92
68
432
9896
39
294
68
486
4913
399
20066
2459
15717
6416
5303
256
386
31504
20509
2469
183
426
316
89
9994
19584
296
394
3409
32
242
4970
13187
2428
55
4599
89
473
21491
412
36
13207
498
7836
430
10692
9997
25731
36
12475
3426
3995
322
27956
355
23068
20867
9809
308
504
1268
14331
12128
462
23828
280
13339
1226
29524
342
26152
143
15357
7267
277
306
6
213
15518
7269
237
10311
450
381
314
14109
155
21722
268
5960
11901
418
29186
5165
8886
519
14044
313
15910
475
28080
2038
20200
153
20117
11988
189
7631
115
469
534
5836
457
12002
93
529
3124
259
8670
3792
10934
4883
103
4517
72
5570
17685
455
3073
19362
1160
8776
4226
1696
28814
160
382
11987
419
2382
20182
353
20719
6967
21572
42
245
25377
18717
1208
15602
161
13880
5639
199
26520
121
26057
170
237
140
317
3532
16281
97
517
18777
229
415
8646
465
471
12000
434
15417
16417
18146
4971
17914
8664
6351
28121
10215
5129
23097
18301
337
430
85
6
3680
6690
1383
16
354
466
15148
18480
462
26237
3756
461
415
5531
332
28343
210
8473
10103
13387
70
9685
309
415
14256
7368
12374
8324
18
4
23412
12401
233
6823
19058
22424
266
22133
2583
420
286
10379
2007
142
360
6697
387
237
23252
110
14028
702
51
9
1270
12530
509
266
342
8321
169
426
16653
6146
10841
342
24460
2311
355
528
31576
9612
501
23492
134
138
227
21409
200
485
173
147
387
372
6789
10222
246
7689
3989
7
18612
378
25055
16744
28588
412
25019
3567
1716
18216
6610
74
4862
64
15735
97
397
12057
16512
11173
4356
195
9311
406
241
12
85
351
527
212
9466
161
458
245
4631
3884
59
26598
226
383
414
1425
14993
142
17728
3
513
448
100
14096
15413
209
12076
456
10156
6769
6884
70
437
548
488
4341
8461
42
21327
352
8
3194
13
262
14195
182
406
65
342
553
22933
97
11
24581
18481
24745
3551
17853
86
3299
29
2523
5745
49
11828
28369
364
2103
27610
346
357
454
2179
15539
19098
6663
408
16192
23414
533
9213
343
328
359
11575
14402
404
192
23106
8260
522
101
165
211
17528
236
498
992
57
1905
393
7153
5705
569
346
270
11227
17174
22897
428
12031
485
103
467
29294
451
205
5671
11926
1207
10550
317
37
14343
15151
177
368
480
270
14
9017
20313
8783
16202
15365
11185
311
10253
230
3090
7328
17323
5298
447
5034
59
6
524
4073
229
29621
7296
17738
458
4405
6
8768
392
159
14827
127
19951
1107
14840
10081
132
1
266
454
641
8
427
11355
89
99
525
144
77
398
6140
5686
16304
2775
10332
105
236
2530
11261
369
12091
24915
3436
464
3685
518
14757
6154
12617
13577
25
16453
318
179
18
3220
6321
105
17187
26820
269
476
483
521
27642
8821
460
11895
200
19521
534
8501
411
118
76
23659
27318
5967
16216
480
240
27873
371
73
22289
190
142
142
15709
14348
13476
13316
4698
323
9647
7419
19767
264
115
463
1751
1119
1623
15520
39
5264
2813
416
2597
15148
7483
206
16577
31376
963
18746
8677
367
11879
480
22987
1314
29718
201
8502
3313
177
17994
216
487
21251
317
312
7186
111
11117
1511
430
1513
32
12959
77
258
102
19058
115
2931
20635
5311
143
450
25008
7468
29023
153
380
272
4784
65
250
8
8265
12274
13251
4376
163
8053
238
20674
22869
4322
64
9290
23841
489
17961
380
321
6078
53
14149
35
18952
292
1196
12400
20164
99
129
13324
500
302
30038
133
111
26185
21842
515
6282
25920
499
9287
336
155
516
24073
442
11744
243
370
3246
436
460
189
36
334
18256
47
2115
5368
466
4
7192
2954
1985
21564
12962
3100
186
365
27505
7232
6098
214
329
379
271
15373
383
2550
6019
13808
22310
319
291
219
11542
135
6039
5209
24529
400
468
14
14386
191
2277
501
220
954
16522
511
121
19941
13299
481
16762
520
5993
12212
14976
459
21446
5573
227
20622
5728
20
8123
27784
208
45
346
14
3670
150
18190
123
281
220
244
289
12392
8973
494
31413
138
242
365
19364
283
166
500
110
337
7711
164
15815
1290
6684
2483
14945
10182
13558
28826
7
353
4
256
22
6015
8740
3898
2687
340
252
409
7341
344
13062
95
677
81
383
639
282
24816
294
5
11723
24133
1302
17462
6289
57
157
402
290
132
5507
8047
364
345
318
110
20804
45
9500
7695
129
354
8857
4265
160
364
3029
330
631
242
12327
47
14601
22334
1
67
11187
19938
8729
4025
10279
275
474
5648
6117
475
2101
4338
13003
11919
325
260
47
22182
47
241
5807
27442
116
9658
5380
21343
202
242
22692
25653
416
39
4662
7613
475
172
10
220
14
659
495
310
521
716
14030
109
213
8414
296
4936
367
1463
1975
86
30
52
15728
254
30
3131
287
11820
383
5084
495
21344
250
92
5964
16841
168
151
2609
21548
405
6458
335
2786
7835
314
74
15338
25467
44
87
12274
152
1412
2932
329
6068
9466
502
11674
388
249
6791
570
448
13927
4113
9122
21128
33
6
251
17
366
342
1344
54
4713
2447
338
159
121
129
165
337
17
503
317
23242
11772
422
17400
121
9172
220
380
98
240
481
7968
20180
11314
18241
26752
322
433
4197
2800
281
5787
5780
519
287
484
41
166
8535
69
12910
6991
1263
9624
11556
513
126
22
2330
136
14151
24396
312
159
179
349
5199
854
411
371
13608
458
98
436
344
6031
4609
21769
150
14353
10038
21100
402
23519
127
252
480
14042
474
18132
15298
1444
1565
161
402
290
272
15028
235
9
269
2034
23685
290
319
291
6856
100
2214
496
484
127
14975
401
445
6958
8534
33
16013
7336
3178
9268
195
308
25487
12814
16762
11831
425
26580
30
226
294
13536
220
132
82
328
362
9660
77
4715
21554
3744
475
9674
239
164
138
307
7097
312
11408
5333
6978
12694
11008
374
15571
60
1620
265
462
126
383
175
400
267
386
197
296
7770
14858
175
13832
152
3039
13608
24220
131
58
12165
394
279
54
2017
779
7889
64
422
420
307
373
2415
18035
336
335
398
257
499
1046
92
15517
21846
326
20385
25746
9137
272
2
196
191
276
187
487
153
458
15603
28643
102
150
2745
515
13445
438
76
582
230
438
430
1883
11159
22
10582
143
12585
288
136
19729
5701
113
115
16486
480
7302
5256
270
246
13473
142
225
5724
419
57
15658
7924
49
4803
184
3105
472
26953
457
9643
28433
111
115
70
5337
451
11977
4308
14092
13726
273
6435
7563
68
30350
230
6496
11323
3038
2650
23677
7286
27873
25985
390
6644
221
19010
5359
1478
202
1702
191
19470
472
24201
8122
4681
948
227
203
16
5552
9737
261
20082
416
440
99
281
20569
517
39
24431
8191
7051
358
372
177
16339
382
18693
28
21036
117
102
500
431
35
9948
419
13273
530
522
22969
193
142
11267
2259
402
24397
27411
92
309
156
8790
27991
3628
4461
122
442
221
130
41
12921
235
149
456
360
7490
149
14871
194
201
561
263
267
49
369
8929
25715
350
9980
15527
522
63
1316
329
11698
351
353
265
16
3214
237
2952
21795
11659
18059
6515
412
3817
430
281
661
786
75
3196
27903
202
15865
446
2451
32555
16644
175
13786
13157
12042
9225
6626
32282
5738
3264
3003
1822
14259
463
290
157
16833
25465
23563
12792
6685
245
13362
60
25341
488
407
455
47
13957
81
2349
138
349
15180
11047
280
1846
142
379
23262
26811
195
2558
3873
525
22686
409
298
9454
209
4755
463
447
12353
351
466
24470
505
12344
6557
257
128
96
50
9875
11385
115
14396
294
128
367
99
295
282
21608
193
7217
6426
272
427
471
528
6462
14134
20296
290
2461
30461
26726
502
23987
16058
5244
391
18922
261
390
237
332
227
291
361
15466
101
313
2188
15173
20173
309
293
14751
191
13117
93
450
5
19595
155
7341
19939
253
21047
12006
387
278
271
406
43
10378
93
188
58
17679
1068
11010
26509
8854
128
10594
10062
535
490
457
2134
892
460
458
3935
510
317
144
426
17103
22534
14473
491
8
331
350
18740
6139
26627
155
10666
255
15848
315
406
6242
16218
11058
287
411
506
16209
86
6520
322
412
18476
497
35
246
2453
7643
3068
63
4057
113
504
167
6687
66
41
112
8727
12853
7612
10015
29183
19223
3834
18344
10700
510
4468
1770
50
8
9447
24971
3
26309
360
157
2639
30511
8748
169
12
232
307
3588
20084
437
346
212
127
3532
4212
215
9083
135
3347
482
907
8239
11176
405
11992
376
34
1370
195
8067
322
5682
13236
1169
174
11268
417
229
276
22048
341
28
771
16370
8409
21041
72
27120
1212
12
1711
735
12369
531
389
384
138
248
467
4
3231
11392
3207
221
101
511
218
368
271
7964
138
107
18441
18192
29005
374
463
7410
82
241
289
9
172
9457
13318
3437
8082
315
339
499
2336
121
9146
12087
10320
404
5860
513
231
4966
301
4672
87
21864
22686
9219
445
23301
127
26
193
14605
10
267
351
15751
27
24471
180
13728
11399
127
174
349
25
6167
46
22263
512
449
5649
1269
386
21941
7447
15627
440
807
7807
369
71
21561
22930
1140
165
9331
142
102
356
220
237
1544
356
202
6753
10747
427
1952
84
14234
26099
4300
113
157
223
333
171
11743
25875
456
406
11756
364
7567
473
2474
11371
137
14298
228
20787
331
3653
13703
23469
478
17035
128
22057
4153
291
532
814
205
21
50
17086
13
15118
405
5813
370
507
23323
10738
245
22820
140
210
366
8236
2422
437
970
27127
2
1861
209
21401
4228
21502
8582
478
148
161
243
2047
445
118
328
355
179
7582
17203
364
127
21730
433
144
28246
18791
431
23304
6327
5093
162
420
288
168
418
382
279
9430
433
2696
4749
294
258
27309
446
11763
437
1980
381
4953
350
512
3327
374
7824
160
3582
27
410
392
132
13046
3182
366
709
1523
192
11671
23544
481
226
1625
7429
306
405
12017
473
69
6655
265
218
12538
72
16346
16
271
941
8024
6503
3103
228
150
311
261
7223
105
5410
512
16615
330
310
534
5224
27658
8214
4536
14569
253
6034
334
354
17419
1975
27
7684
139
8968
28021
290
10751
36
132
294
21462
419
6826
5861
346
178
469
156
486
194
222
18176
11986
356
3790
21692
517
7578
8739
316
512
451
536
15985
439
15482
271
509
397
322
6930
97
292
2306
12155
8954
5029
416
338
498
3426
11132
485
567
383
10275
431
360
1458
8083
184
192
104
478
241
18163
3075
521
527
18033
452
5611
43
12513
15163
17
15735
262
25138
3580
215
2158
14163
490
21387
85
19013
8311
511
524
15169
1863
7735
457
24215
9723
378
27527
18261
425
515
193
3823
92
29
15950
71
323
169
292
257
13114
13
15995
18466
270
476
1093
18451
348
12244
11659
7186
4643
225
27911
412
172
953
15197
13925
523
18192
14013
16073
7144
15404
37
6193
57
246
21266
25475
382
10564
353
4205
472
306
284
475
17968
79
492
461
8022
20706
2875
116
404
2445
17016
419
459
23753
5426
9029
3839
58
295
233
15286
5937
406
208
497
32
17160
22177
7443
357
16554
20975
19613
9910
3129
22999
19017
151
250
11170
13711
10607
538
323
22247
11530
240
24599
470
335
40
7614
24401
21141
18419
19045
142
152
322
165
397
446
114
202
14342
15053
65
251
132
47
24776
482
10744
483
111
3607
143
9943
130
9391
11377
187
417
19193
458
12352
17750
3870
533
39
284
6068
155
11997
291
12604
9852
359
397
274
133
113
7892
301
95
318
7
125
2912
15778
16333
434
437
429
482
2868
379
113
7683
6167
21675
1927
31499
710
485
57
10354
471
211
730
5868
351
372
275
273
113
58
295
8787
269
15510
20689
488
13595
5814
10699
376
520
17172
414
2422
9584
164
358
8866
332
328
243
2970
9440
11138
13567
182
88
208
328
241
11529
413
7803
176
18391
8
120
313
3570
2485
211
171
289
251
264
61
4345
23
430
274
222
334
518
403
225
219
113
7557
2036
10672
13
10901
20701
217
288
83
19116
192
86
160
43
4269
13768
8570
6259
5816
288
171
8263
65
163
64
381
9135
261
26326
320
16307
460
11075
225
2041
77
401
6184
12388
427
470
9628
142
25263
515
383
262
20937
520
156
396
99
82
484
196
181
19157
355
119
61
451
11239
7698
285
30
229
947
483
1072
164
342
110
139
54
118
348
7670
149
24
4726
23127
422
14177
3162
9333
15279
3
498
13188
2063
164
2324
17386
12042
180
16895
154
72
192
302
15882
8254
14452
374
832
8363
434
4621
566
8767
16966
360
20075
25183
3558
4465
69
22990
2251
7413
2958
236
155
75
1489
63
3366
469
656
4222
12011
14329
210
200
13511
21012
5
139
500
468
7372
7284
6023
13372
521
533
103
4001
401
393
466
9976
1646
312
506
307
7183
14058
12630
385
512
310
11650
393
232
289
7934
4106
478
144
304
265
395
21606
8128
316
87
457
6366
449
167
9491
13637
377
14176
7902
5023
191
210
346
317
29692
27928
252
392
113
1
17978
481
7122
310
27619
152
1215
50
17260
253
17346
21376
230
13194
84
15894
7063
17033
338
457
20711
354
10879
6528
227
136
11411
293
344
315
18881
454
101
4496
262
482
211
380
55
13538
18006
12554
6218
4304
5077
401
397
204
87
63
11759
19317
16
72
15945
16560
13224
11932
1660
9117
17574
110
2423
249
454
24606
10531
445
12860
29180
283
16246
497
188
24962
1
5494
4783
472
12494
186
464
251
161
15210
11736
4507
86
410
200
524
21228
87
345
68
14810
8261
432
5755
228
192
317
122
3085
167
15569
16576
7623
2702
422
15681
10103
12
7062
72
3101
349
86
31
422
19051
10784
20283
55
46
21221
79
286
12398
16525
3618
475
377
8335
464
23
383
19208
1819
13038
27986
12693
6302
19548
24137
409
188
109
3517
3599
25810
377
513
15695
247
162
6301
7615
10018
193
186
15165
5671
227
332
362
275
153
1983
10706
11776
71
310
217
60
7168
138
11181
9650
422
1921
16283
458
343
8220
2580
410
9369
2856
496
57
11142
307
27454
19062
354
154
150
250
213
5043
4548
18831
21086
407
8020
387
503
17317
184
26688
280
29
79
24884
1780
10367
403
7717
4365
3665
240
29
16619
28814
7552
28325
470
85
16403
283
374
8960
78
16326
38
1684
24513
10823
3570
15764
211
3662
11606
231
12837
17873
355
18
537
5545
14002
437
7576
220
314
187
4496
39
310
145
29590
275
429
12317
163
396
134
14656
309
353
3790
28754
151
60
55
255
2673
175
301
425
133
204
105
246
28
810
2495
7557
510
4382
4061
99
321
370
156
361
1325
307
11243
421
270
12240
43
161
13095
452
11368
377
9069
475
12752
146
1804
13659
37
142
2403
172
2018
219
25531
12663
10791
6592
3530
3635
5
173
166
41
385
13
107
102
12909
285
14
13111
376
220
194
7090
21053
342
4201
311
3996
418
206
445
17806
366
257
25
12052
3169
8557
104
4831
98
40
24856
17151
196
7894
329
158
12880
7024
464
454
14673
427
158
111
58
613
482
160
18682
448
30
430
204
237
469
29394
112
351
503
6245
14739
27
4371
8520
868
643
690
134
216
7272
9882
18427
11980
5153
41
141
442
22
367
25579
5351
443
143
4
145
305
2618
104
465
6967
174
18
218
318
357
6617
47
2166
17575
50
18964
38
2862
316
52
17367
817
18561
35
17162
506
16354
175
1121
3723
469
84
239
499
20544
368
192
25994
34
10
1253
13619
47
344
518
96
8290
334
224
331
10064
302
107
6738
7041
5797
1293
17793
115
15293
929
3477
496
253
89
73
25038
16342
21070
16123
12758
166
5037
19838
179
77
25191
8100
165
475
360
6787
3360
10860
263
2756
300
15707
17456
187
25331
14142
19895
21737
377
27257
28340
1267
12864
374
18202
10580
27932
15509
101
187
17287
132
323
20245
21841
70
76
1749
293
418
17267
431
983
364
23588
67
8774
32
6929
126
476
694
179
131
93
4950
218
9225
17009
4246
1144
388
7053
12060
281
4288
431
507
6801
486
8867
19917
3718
8496
374
311
1657
265
322
54
381
5183
15
15431
15999
19592
322
2429
266
9924
289
2503
200
1933
8677
197
112
262
332
10097
401
180
3928
142
12103
18135
8045
5406
8901
14305
6005
268
27999
7
9623
423
359
23841
468
292
468
9905
16139
355
412
497
2783
242
8059
2843
362
5852
494
355
21879
29325
8130
432
14118
75
340
476
186
5092
452
190
45
427
647
5030
3866
319
22893
235
18240
378
7718
310
334
8088
240
50
10120
25
410
288
4784
6015
518
7793
15342
5641
14278
214
371
375
131
4512
13611
8778
280
690
32765
4589
4515
13995
6208
4730
3490
177
18303
18677
11160
9
229
141
12469
14693
258
8164
503
14136
155
242
23431
342
338
15354
20184
13086
10635
9532
163
21014
2644
1654
18
76
339
379
489
17746
9483
273
26
22631
281
2433
5435
4104
13305
2531
206
21716
281
7103
9440
199
176
2690
108
342
164
440
87
88
257
191
11843
35
373
6594
1137
339
17337
9928
8006
154
60
26546
498
3961
277
5105
332
19850
7511
396
21246
326
3061
11675
6456
24910
29057
148
9
24241
338
281
12329
12382
8073
23388
7635
447
433
107
21525
125
158
23274
11572
1252
25882
24148
20512
1005
13480
82
345
6411
94
80
7438
56
138
8696
26406
524
163
10150
282
1477
418
383
8804
440
511
324
345
11043
255
295
17
269
3260
380
228
499
18816
14
477
109
326
373
306
50
10151
299
14855
289
21285
8427
129
280
5362
44
308
2795
441
11665
52
164
466
21770
13665
85
11351
306
273
5539
13458
29695
39
14
8665
15
8942
5587
8146
2188
357
7461
22442
113
175
8181
26671
64
12802
206
174
208
2228
415
2113
65
411
23653
1530
160
18
2635
278
4
369
87
298
531
28875
192
20213
1354
197
281
6191
435
1619
18868
8530
80
210
12951
3951
476
4431
2840
3510
193
3130
343
295
147
5105
133
20502
11108
10645
392
17255
205
181
308
18
441
10932
349
22924
20788
271
55
516
105
6958
187
151
386
379
202
2698
13158
5231
598
15802
6714
221
7817
16085
8243
2579
174
244
143
482
7405
337
107
6422
301
1963
37
26166
6448
11855
10162
373
1024
198
349
359
2547
3406
421
6193
49
1865
4598
525
5221
99
303
5806
698
342
3455
214
3
12022
381
78
9166
324
2857
14621
289
13
198
2563
117
124
18888
3744
20027
16361
4665
8622
276
1947
133
397
148
299
174
22898
15200
5128
677
32
306
11582
222
218
140
266
28207
425
18906
1878
17243
267
13322
131
660
11501
214
86
400
349
39
37
443
4
128
8846
138
12109
3810
3863
307
10834
406
13316
6575
325
120
5159
379
3028
2501
6204
131
97
244
1480
220
3262
18539
35
520
14437
405
303
142
20493
4128
12762
300
344
338
2479
26924
318
222
213
8092
31145
9994
1740
4137
12076
471
340
348
13877
214
66
245
85
127
89
19661
119
1576
488
30015
338
128
217
15468
24719
28921
114
15759
82
309
464
291
406
143
149
25643
393
451
474
139
4794
18151
13813
680
326
263
474
6113
114
10
426
483
401
208
138
16336
6689
1493
216
372
27955
131
131
169
390
357
28128
5610
4321
87
24517
55
399
11424
201
15520
5346
14075
252
14057
16715
12016
13359
57
512
27
1880
500
248
10249
3095
64
744
441
23325
428
483
25692
2441
129
508
481
5102
168
440
22483
3669
19044
6100
320
7015
193
1
25325
378
513
232
53
5997
978
460
96
393
15759
396
307
275
120
14331
47
57
13346
253
117
464
12849
26892
8107
111
80
269
218
444
205
10
14323
9072
260
306
15
225
10360
15210
195
61
316
398
367
3231
6285
123
6284
206
4240
7901
428
16454
339
483
117
319
5855
1648
7848
2
11684
161
462
2481
8212
1705
22274
16833
403
409
344
3581
22881
521
344
196
495
12057
5137
302
10991
426
127
1986
259
73
10
264
3010
20834
369
267
2724
5939
5617
361
16661
10944
352
13761
203
474
323
358
295
379
83
168
180
474
62
276
25158
211
9872
370
6198
316
420
429
14233
432
16472
16814
11663
21099
22149
15797
5817
21004
246
8309
475
6173
155
24151
69
14948
2191
18161
1047
431
464
107
244
80
396
10669
46
390
348
517
8591
5518
139
17583
18843
344
7476
22462
6284
10628
91
468
82
1841
213
10109
797
14812
8483
38
16
48
2666
284
10219
398
73
130
8465
20839
174
10230
295
513
164
419
22719
15767
183
411
5402
16263
330
9880
9768
9335
163
407
247
242
16904
4961
426
524
9717
208
91
5441
23278
12413
1102
6572
6363
135
171
309
191
16901
78
258
11299
26493
5493
16505
8544
3311
522
296
22189
17326
7807
115
639
457
2714
6102
9169
98
90
8368
513
4512
1873
473
349
354
500
19266
30602
6375
9859
350
18094
336
51
499
164
496
2520
514
109
141
212
31955
15623
311
376
18623
53
16156
148
2793
307
239
8725
9857
77
225
2126
2860
118
7526
301
3720
311
165
7471
31
225
207
16712
11805
16383
2498
1981
5358
254
210
907
830
16274
22074
15718
20154
370
19036
8494
181
143
20539
15106
39
11695
413
18764
12588
458
304
104
5162
110
17395
7520
3844
7151
26330
17445
2357
23471
72
17
8795
471
3888
341
417
12356
387
179
449
8748
5385
127
27231
135
203
10907
24122
20637
4910
3085
3334
3921
389
242
2916
4739
4651
270
422
384
279
6297
13949
999
7518
43
173
18431
6197
3485
286
4266
116
449
82
5693
15139
6636
69
15776
12013
40
62
489
21821
4570
18342
483
97
1470
144
221
177
2523
63
136
502
22532
500
83
1653
319
184
16077
10471
14132
112
67
4176
226
185
4916
17126
18
9022
5370
28276
57
177
268
246
1683
22210
239
437
29666
6966
6283
14144
863
386
16459
6494
223
16059
390
11293
23529
217
503
11459
190
14593
327
21016
1540
88
377
145
6703
444
18645
6487
11615
3882
10543
18370
257
77
263
415
22192
245
304
4225
392
3596
6280
304
777
188
4650
5055
20803
401
261
293
41
18274
10349
207
16459
194
3932
177
14318
7720
23175
511
8885
179
3899
367
325
278
3329
25400
4297
109
500
10923
499
839
461
129
939
469
2107
521
351
254
2192
369
23921
3547
11562
14053
195
4372
23324
5270
233
263
47
438
10934
255
445
564
371
175
212
29032
3
17572
75
6
469
538
250
17777
31512
2648
2628
424
1073
7
276
19994
11879
6146
9042
13885
16463
12618
70
11876
3238
178
3431
9268
255
261
253
253
367
75
9538
23517
351
358
15683
26
19
44
233
525
6150
93
4760
477
392
5311
163
317
6991
346
17625
370
478
495
415
200
309
214
49
56
11295
6
10
17999
3405
371
21419
173
10574
432
294
137
745
481
251
4123
3901
481
432
116
196
226
929
398
112
105
13710
509
429
18483
4261
10979
491
182
4985
448
19000
245
189
16484
263
25132
360
12
508
497
17696
320
144
487
130
11653
482
15783
2133
4357
38
311
12641
292
26
80
29867
335
360
22731
190
51
1561
24
9685
269
48
8776
1408
20461
2711
501
75
196
441
18170
34
22334
123
120
25
15339
323
2648
474
306
3298
11166
27499
25002
466
21975
32264
13155
32
795
2605
390
345
17510
6
345
9557
8
284
7080
10249
4430
78
255
647
139
2110
11806
493
337
25961
301
240
4381
317
19687
17004
432
285
215
8238
24983
206
229
181
361
11478
27025
451
4751
39
320
4155
2360
11496
13779
446
305
268
95
6725
23464
122
137
17280
393
222
3797
24142
2657
210
504
2666
161
267
63
9493
42
7887
147
513
114
22017
399
146
327
11674
12688
175
8300
7371
466
45
236
1
16692
20187
9186
513
9276
386
9084
47
10669
24262
22053
4750
9162
8487
537
234
21893
25810
1659
9641
230
524
9657
379
4794
343
510
262
10161
6392
8030
336
272
226
338
16894
1134
390
26613
131
276
27
88
23856
26
305
243
12652
2485
237
309
15274
480
347
12377
24
20620
243
609
34
143
1246
7694
5330
227
27049
6575
59
72
18069
436
14606
464
240
503
148
2441
30922
408
3962
222
414
8718
118
12278
17211
203
25808
1645
8368
31216
9441
174
2815
2340
737
10895
293
21393
519
7377
252
87
17239
19682
506
8053
165
349
30208
404
22833
17703
272
506
365
29
13700
18889
301
122
25754
824
11464
24802
186
1907
73
2324
17
21613
524
18230
416
51
2677
497
9965
7422
462
4095
271
185
467
181
6735
472
8707
381
21951
1315
182
432
20
25859
2410
108
4917
25413
13532
23273
503
4379
1807
25984
403
7517
131
186
105
389
16160
19257
2587
484
254
6303
92
4723
329
586
339
3791
74
6152
465
18015
526
488
14834
203
1130
4456
30257
13095
25623
2864
517
274
16673
2083
12398
18534
16198
22495
18458
94
8023
7100
440
390
2560
5565
428
518
17976
15291
10097
59
249
15209
73
448
40
20860
77
78
2145
62
435
19
21823
213
492
85
15417
275
214
489
4384
1400
18541
139
16915
448
10589
1745
5550
121
84
320
358
127
228
8693
3851
313
13010
19774
279
403
211
299
4294
13556
194
10002
361
320
9101
272
341
12
16
491
1497
415
6968
7705
11082
455
3315
2909
3318
25189
362
5668
21279
18582
64
636
1876
5427
8
4811
318
2010
239
5691
15853
292
17981
23823
8474
14385
340
29857
47
12641
294
359
23
15888
7157
418
326
43
11318
6331
122
380
4778
21170
293
8789
118
8663
8819
30
67
229
5713
4533
15913
6686
14266
162
369
4481
12950
113
22141
71
82
13644
14446
14767
95
14091
8811
120
2
150
15857
4547
187
471
11863
3689
9
233
349
4656
293
256
48
3963
2552
8905
267
514
30
64
457
16260
421
374
4012
148
141
244
18084
110
12525
250
185
8859
2706
435
431
76
340
338
15681
325
11145
10861
4127
6
25870
293
9
305
401
226
23
10420
18151
21117
5
420
373
1813
5058
10419
17434
42
651
4432
209
20523
274
4244
177
5075
11031
108
15564
18456
426
343
423
90
75
6086
17034
13485
5904
124
278
249
348
407
19889
4157
3594
13303
182
94
305
123
488
284
20512
225
187
173
343
21093
507
7939
20944
366
515
22882
1756
14535
4842
117
20023
253
480
469
69
510
20694
179
363
402
14674
248
10930
20331
844
23588
370
5358
5984
3072
18338
20763
264
63
284
30385
471
51
270
1618
7175
9094
444
140
23916
4689
6221
2551
217
11251
14480
4145
226
477
273
4013
905
221
20871
21943
32894
84
11975
109
402
9168
69
3
268
2027
489
13006
13
216
4636
214
352
9439
496
107
44
479
250
323
113
6586
13
17
552
508
11804
1719
21355
5613
235
409
2673
276
12453
2468
23183
424
47
228
14339
27439
25714
15530
94
2040
8586
60
218
17025
343
255
217
17358
138
191
42
415
195
344
19875
1986
3018
12770
642
113
17224
225
16173
17733
58
9768
76
6334
4626
24
497
372
14878
362
17903
1842
285
29395
100
65
855
37
19234
232
28821
7146
890
16893
429
5163
3
337
7388
412
83
337
21536
166
17730
8450
17261
18122
14715
487
250
186
16736
6736
169
10808
154
445
13614
75
254
10240
2199
314
163
20357
208
307
14790
176
272
14302
15923
3829
434
15453
381
302
529
8116
375
21696
312
199
7918
448
488
23583
995
4426
6183
18638
4598
167
207
520
20638
429
10053
113
8853
6739
413
3915
122
157
15024
2276
12263
117
23372
23869
232
432
86
17496
324
439
7124
220
9
444
21391
391
18792
22241
718
160
13455
2713
440
442
379
3865
14492
143
201
198
21245
9358
8860
630
20
9184
513
222
15396
17913
389
12566
4531
298
21556
6658
6929
4916
216
23496
115
16
404
358
502
267
229
23574
268
27742
15842
125
1316
1672
7335
6579
28830
15789
3859
87
88
14510
19378
187
855
251
11806
9768
158
5752
2940
13026
292
265
213
175
1185
392
281
175
15610
264
413
423
12100
189
10067
4988
8946
79
16106
174
5130
18622
45
25485
392
10896
138
330
204
402
571
149
31
2372
13484
12483
409
4851
247
781
2868
14694
12518
356
299
435
296
30
134
307
2556
425
288
464
86
8733
511
7251
7571
16687
8343
4326
10775
13221
86
13
19226
335
19647
5401
103
212
87
158
15747
13352
3692
13203
513
180
500
445
16904
12
12189
232
1727
132
158
5640
149
9
10767
432
100
11085
415
14224
22565
28
188
12133
59
6068
3675
358
14048
3270
7730
29940
6837
217
5085
203
464
81
221
3484
102
7114
100
65
5093
274
12037
515
365
137
351
110
495
1951
509
24086
377
9959
8199
2543
424
228
366
4033
28744
334
11838
103
6
10653
189
9617
147
5212
24434
381
176
501
311
486
24912
22367
5993
206
9826
3637
2012
15732
311
13006
250
372
5178
268
16744
12007
297
178
26437
7562
56
433
18577
6715
363
3620
8
77
18098
195
482
15733
397
431
341
18538
236
1415
260
92
25822
6529
37
50
6243
4906
28851
435
14739
480
379
267
192
9549
17309
467
9076
8017
283
150
10547
5675
162
15777
7342
3278
57
8554
19558
509
12223
4550
15384
169
78
4
103
17027
498
491
7696
9264
57
3533
4704
20194
17037
28341
2481
28554
209
29025
13886
272
12148
6705
2151
4926
411
142
12614
16948
515
206
445
228
16528
20195
109
177
340
157
17511
405
643
312
282
253
30191
268
18847
11140
312
7380
16611
13580
136
919
203
422
465
247
243
6095
80
269
10949
131
13150
513
14689
143
14390
29257
31
237
459
22171
5307
358
18214
4818
213
48
495
31172
498
11070
3818
65
62
5448
391
2878
118
17995
2884
13703
241
13911
11523
5901
288
4230
7347
13158
410
6844
22281
11407
5087
60
99
17
169
431
19120
499
247
10995
20458
511
512
480
19610
26781
9796
189
7217
51
18448
5208
481
472
9827
158
2692
392
25354
262
251
714
524
117
441
84
25059
18706
350
444
6207
250
382
21026
227
253
5826
368
19694
55
10353
532
16691
75
74
294
265
315
21434
116
6997
462
2
378
261
24
298
38
536
446
4545
1677
8292
112
14420
23758
3656
14260
2
46
4166
199
20687
18
137
16067
367
109
78
425
423
127
380
344
129
9299
285
269
8246
254
106
98
6323
419
90
5385
17175
90
1725
137
6664
16533
1206
7707
424
3
11222
468
16228
21126
16123
7633
353
9223
287
30
2879
25354
317
352
407
6441
4511
290
5111
466
520
4145
67
18696
484
1173
4579
18248
125
225
21791
5109
510
9151
425
14992
448
245
4867
379
13685
108
468
851
197
60
14401
423
251
17159
30
72
11617
22329
8487
522
15350
114
60
13471
3341
8292
20032
283
174
12340
28080
438
439
89
45
2681
279
30442
11087
24596
237
17287
14023
15
181
13518
19129
24
25966
197
3809
110
473
334
2513
159
60
3
418
24834
425
198
244
22911
26363
216
52
8135
239
318
254
2132
12394
19620
205
6492
359
210
261
662
86
121
1184
11928
394
3865
1462
3781
8858
427
115
10653
215
12
10374
1069
122
3591
789
38
9402
226
7
3308
25771
11294
299
10530
217
169
33
23772
124
192
211
193
19646
19544
475
19957
6126
5913
3655
73
13589
19
228
7056
311
444
20380
453
11704
20
10048
17551
214
6572
15726
6590
3927
11277
176
3997
151
10821
315
5407
341
31619
197
243
7476
257
520
16870
350
12276
3000
380
2358
28267
11895
3665
5194
24255
197
495
26152
415
229
95
5
1972
397
167
138
30564
154
1
72
1818
5886
2
185
301
4364
9730
192
365
12287
23190
475
96
1984
377
7228
22096
13714
15961
3482
23339
63
377
2649
4365
1062
13189
50
8563
63
8355
469
10866
176
25731
23138
279
129
21705
7632
1360
254
2598
298
12677
4077
14238
313
15454
18718
319
393
130
7194
63
223
214
336
339
2309
288
291
89
12503
12560
291
7660
225
6792
5773
373
12848
454
386
208
327
2308
64
247
16157
353
327
325
12
7384
151
225
1456
47
276
150
491
2665
148
304
6327
413
479
15620
28787
9119
19803
114
158
261
158
498
48
340
368
14176
17102
99
396
61
413
41
3644
320
9357
18352
237
282
331
3385
453
26348
10067
262
297
11111
7090
297
8570
274
192
147
117
247
375
323
35
95
358
486
420
17687
461
162
18164
220
482
141
13160
13874
11221
336
8604
455
21721
11316
177
100
411
5364
10721
14364
37
2128
106
13378
2
141
18656
3306
388
14759
4
14364
339
2921
349
344
248
836
17692
56
1885
423
417
5220
371
21166
299
421
28129
55
56
2163
361
506
125
4800
21638
401
78
398
8915
23100
12942
265
227
59
325
101
80
258
18181
514
780
200
2282
28
83
314
12334
152
9430
237
147
2619
5586
58
15099
424
380
17814
1454
4731
167
41
344
249
6436
10907
664
4337
157
13353
468
272
15732
345
255
473
2906
19824
175
453
479
1231
20240
521
6586
144
121
23
3554
208
14173
23777
1407
373
373
343
3149
407
464
180
110
16871
8049
403
16534
11635
19238
215
436
16023
413
537
300
9499
183
4755
20637
32065
200
4957
152
7460
459
243
495
3387
406
105
230
369
543
260
107
407
1907
1629
414
131
336
10870
98
4704
25
361
224
13487
15025
339
8524
197
438
377
20741
13651
8172
224
26730
11642
466
4371
300
271
23767
2495
56
6063
240
181
22602
17814
105
162
242
342
9937
8497
13717
508
300
87
12229
293
15665
15122
509
20935
191
115
531
420
6543
14016
194
22624
333
11386
5817
92
25206
12707
501
6418
10872
14541
268
485
13880
433
2895
2913
5571
12332
2234
13568
8388
258
8679
464
19504
12045
8583
3364
469
107
343
9134
5880
15276
5839
5567
5540
364
4290
369
465
3328
311
222
7131
213
14640
6365
24
5499
214
17828
378
268
11070
288
2079
497
5991
445
17701
842
53
257
515
15171
252
18419
243
349
6341
128
20
12277
13075
268
521
22147
23871
452
367
5051
2699
15311
209
421
10688
13499
18977
421
8545
59
377
361
808
19
143
23
433
298
427
174
509
18
5714
422
207
8664
7020
402
407
10
6601
441
264
19258
13038
244
198
34
461
21750
15303
3504
14988
460
300
159
25520
21
184
210
470
17577
5754
29907
12901
281
58
476
350
418
4505
3626
376
251
17795
289
13946
46
38
479
3980
325
12945
14905
5984
63
408
255
163
13200
4463
19395
30
1246
131
1497
312
3437
82
1453
158
2530
18467
19962
174
23678
378
11035
18542
123
314
10416
14110
273
3622
494
257
502
275
7432
389
5179
1530
2206
120
471
479
3210
5332
2444
3310
13988
102
161
350
26346
2733
376
14285
17360
273
22218
300
8122
12286
239
26971
8932
487
6220
385
403
482
418
12062
367
512
17226
369
286
272
322
22219
145
79
4098
5832
26617
68
184
259
479
347
21586
2916
101
39
4684
390
317
434
142
407
10526
440
172
22
6830
102
15642
4565
6495
236
1411
433
432
14257
10683
17325
29
28365
10918
457
669
205
370
3589
415
9699
203
342
6004
306
417
314
51
98
12
363
11692
14914
13746
186
13068
96
146
378
9770
30822
62
23
340
69
6282
331
83
301
379
28259
8738
452
11695
6035
368
4770
192
521
382
26698
4602
17677
4256
479
1611
7079
5067
8084
12758
24008
9774
180
19310
212
476
523
178
5045
980
480
141
21513
438
203
61
276
229
354
1074
17557
16141
4748
16707
1621
5532
482
25182
352
55
189
15212
8454
22384
7428
21631
188
7216
411
9058
104
15000
5429
443
366
21594
7252
414
8300
11987
295
5
348
189
27521
4606
147
11238
13777
8918
2851
16732
28283
25873
353
3364
3730
1211
238
21385
20760
25443
14
475
286
202
295
167
167
32371
118
341
10772
336
13076
11053
5615
9453
298
4757
357
82
6385
5276
206
23684
17772
14248
507
451
218
144
9799
6197
107
184
2658
432
143
6980
293
276
24580
3
11005
6928
192
5951
6548
501
386
39
20037
12297
7268
449
418
108
41
304
122
244
267
242
407
1204
6684
11162
12373
862
17263
1666
475
7410
26990
21073
271
19411
50
227
237
13548
2092
21576
81
8342
7791
169
21262
491
20047
1614
433
22604
34
342
295
33
3094
7881
7307
221
247
239
18130
413
1135
445
281
497
302
277
386
91
179
286
5748
2630
25444
9355
8764
12651
6334
38
467
231
433
14307
277
3779
245
9437
228
527
279
5299
5921
10380
23201
243
295
50
67
6475
12171
232
24489
227
20281
128
15516
5951
261
1242
159
9972
50
405
12223
10599
4993
394
3805
7606
4516
338
25867
47
3211
26114
291
17511
3742
407
446
16122
6798
3316
195
2327
185
18980
71
5446
504
397
1604
2432
198
258
16067
456
8383
308
10302
22267
443
2575
2591
8628
12
174
25915
161
7039
2732
175
377
374
210
17933
186
281
193
122
406
9
7520
3330
12399
278
15940
8021
351
319
495
2780
401
225
6493
1578
440
131
10855
9784
3110
872
161
10051
377
4886
20590
159
283
8406
219
3365
8011
16715
5293
152
244
1486
198
293
23615
11917
2443
505
79
396
10440
60
10324
13422
10032
254
30444
147
427
7420
156
466
240
1022
2882
20345
1670
15088
377
345
28200
22574
23638
27
319
326
179
6046
411
15024
10623
521
4663
434
74
8934
445
414
457
4468
405
323
874
314
13003
5242
454
1417
10554
16552
14785
12
20703
430
92
12734
16483
8856
9170
2399
15
109
3763
28160
7481
60
150
26314
9731
24686
8832
8066
3249
316
20059
158
22513
43
27528
140
436
328
272
11231
386
501
150
14609
13342
27728
129
16477
23300
486
282
23310
727
82
5967
421
115
487
335
14821
10052
483
21164
136
27505
20552
398
509
3636
102
251
5992
454
10918
8025
204
5407
398
42
13518
62
7971
10891
133
31236
325
482
1045
5307
11277
10188
13043
5698
150
509
1051
15
1761
137
11329
228
9697
165
5468
3487
275
2456
273
1434
399
278
327
10045
134
2676
23081
3596
485
257
6098
6502
5539
11848
2625
7430
4133
24657
182
1632
201
2411
1834
86
8977
56
10179
160
288
194
8789
342
20771
10489
11071
21433
587
329
23
495
135
445
12969
96
342
5710
98
113
6930
30413
21752
454
355
276
504
6312
338
436
23151
399
373
16298
19558
19469
23849
243
9061
519
374
441
1498
1951
8756
28006
12135
354
61
22187
14649
15386
246
449
25002
497
18274
468
16612
5320
494
12831
49
3834
21839
14289
4165
27215
393
870
431
442
11482
10
5624
2312
14270
490
54
9098
415
194
73
14965
3143
6184
22633
4657
14925
3397
175
6729
3637
340
208
8092
3320
323
4283
139
104
18985
16709
11203
3151
513
499
5038
64
6644
197
186
475
5117
20112
496
508
3
2464
161
127
21392
392
13646
10548
215
22623
1737
16833
95
24
312
445
210
20913
483
11592
12928
307
15480
308
331
1213
6185
13672
1588
452
10503
435
525
76
431
22889
169
18674
518
5225
12680
3753
33
110
252
438
503
2278
6735
534
283
35
181
8393
45
158
251
441
3926
360
20396
47
14556
15434
5441
214
19740
15260
23975
516
6447
268
420
9692
86
363
6332
383
175
7635
18
6454
6441
1616
227
1913
327
323
8364
220
16274
192
14038
8843
18208
12297
294
6762
379
877
375
6412
17233
7907
252
9896
261
78
1085
11805
227
242
4706
16451
18757
792
368
23018
813
3524
26222
12613
17304
20993
66
19455
8509
15546
5643
11323
9130
483
12055
191
390
420
11689
9373
19239
15183
22258
27944
31
1867
134
492
120
357
205
15
363
192
7228
22840
13452
153
220
41
123
25484
319
29937
149
23683
113
329
291
79
418
431
155
11320
378
309
360
320
10430
502
2745
4798
288
19196
297
441
23422
281
8850
13221
6166
4060
208
24317
51
2941
169
90
292
37
242
220
3296
434
9765
12378
7598
4411
13086
6837
362
325
29535
24566
14648
279
8260
4767
29546
516
369
386
225
362
5564
5000
459
18892
1032
27
24388
16166
314
169
19040
302
281
100
459
17131
19161
350
137
12310
233
221
491
226
120
261
3478
321
275
137
7286
263
4536
211
13081
6409
5176
18270
24277
1011
5918
5443
26
445
396
9425
750
464
15168
12158
7873
224
1627
509
288
4687
5024
78
26798
222
176
6699
6463
288
426
975
25739
16524
217
387
244
398
479
159
204
247
21424
12146
21622
22152
13238
11374
17342
133
15001
204
187
9926
442
13415
1960
15066
499
453
442
260
17588
481
274
159
8864
20643
467
10021
227
3403
319
17905
424
181
20061
60
356
7596
305
2904
398
8217
9204
20437
14669
172
413
13
343
9788
279
91
376
188
24632
515
5504
17207
529
6030
5298
425
7454
11882
12991
352
278
243
9241
174
443
5745
4873
17229
243
7835
3025
215
345
26487
1944
4068
18690
177
5205
12206
412
17486
7344
3528
15386
16655
103
19719
430
20275
5351
10
21221
385
17
21395
21942
238
11397
5193
214
176
120
3684
113
317
465
745
284
37
21958
312
143
727
412
7682
325
67
323
19333
10053
22616
23580
11000
10539
316
2642
547
5177
56
515
14580
2682
125
1134
125
71
426
11543
18234
15274
5
10833
277
15632
350
16970
124
469
14799
32347
491
26320
171
11137
473
23505
26686
13795
111
154
450
488
8531
445
395
357
3779
13941
4248
24729
299
29131
443
3555
240
7518
13
9707
2072
2600
377
86
2082
5575
33
18231
309
14735
374
49
366
267
263
9795
420
5
26153
503
461
19456
23054
8839
3756
13906
127
22208
404
18
6655
4805
434
9915
232
169
146
194
517
377
152
23763
17346
4104
32
277
5
8232
162
57
119
197
12558
5478
1308
1740
1824
15977
11184
13797
177
280
466
2699
195
23669
305
9702
2
143
40
4776
20
268
3412
353
249
500
384
9177
160
11046
358
28
14247
9200
21
262
15302
24075
14491
20523
25738
23589
99
13266
517
12950
14193
345
532
418
445
483
14087
12966
289
64
13488
12339
399
209
8798
110
22429
61
372
18
17327
17936
183
365
10771
1875
6478
573
351
81
1970
3897
264
7698
380
3983
381
15850
267
7070
417
16308
497
88
12466
327
287
84
284
204
281
9787
523
4227
19018
8241
136
9543
398
195
103
19399
3654
311
66
171
7
429
132
182
4612
6485
266
252
361
23351
193
224
42
18450
66
4520
4923
479
492
522
15262
405
476
4409
427
523
7827
9500
10800
8098
7009
353
436
25912
8039
289
9881
18418
6120
3872
3361
257
20721
21376
367
492
4972
170
345
6276
93
16432
29
8462
176
489
19233
4493
125
397
388
420
464
758
4945
158
178
104
11341
391
450
7499
25397
19697
109
15854
1189
2930
7069
7516
151
101
24444
24
21783
12843
324
485
5374
22745
15476
121
14712
190
348
10783
8646
15470
16799
336
22383
354
3792
262
14778
19972
322
26
18346
501
21917
186
12648
252
13048
418
7653
220
12169
8520
21868
470
10207
304
235
502
322
253
2539
346
4414
71
255
63
1910
253
415
1718
22928
5529
12857
26111
417
7686
452
30
429
231
8662
3353
518
3578
277
21072
22673
12634
312
15460
21684
308
289
10636
174
20301
1245
162
10291
6522
18270
2784
19064
361
135
326
5062
25584
298
17651
4935
446
7416
1530
26205
383
442
4895
6995
24613
2624
11740
27174
10646
14622
204
436
16978
227
6775
82
52
606
3834
14465
24475
3546
326
6844
239
13641
416
39
398
219
17345
168
16936
1371
186
85
418
345
14061
175
29322
18491
608
4034
69
18072
341
150
94
4461
7433
18026
476
120
19956
264
20207
163
11685
143
296
18824
17928
4585
2870
19573
25700
424
372
21611
265
3
185
200
352
109
23854
259
19550
67
2796
479
26068
247
118
8969
18786
16140
207
8922
93
253
391
7856
300
76
21779
264
10774
37
5708
350
156
263
507
22005
484
482
338
27690
20109
323
5461
299
213
108
9491
4560
273
113
3611
240
3442
82
7210
16145
282
2755
20827
14503
3123
227
296
345
7618
120
25
17666
6113
271
456
13257
4075
16010
8263
4
8932
6548
99
329
2389
10345
20920
19332
12538
23092
4531
22493
93
161
9268
83
263
54
16467
309
104
32382
15670
351
2589
504
14355
20420
493
13434
436
2676
7851
553
389
4479
9587
12524
319
168
228
12244
4233
8033
370
11110
304
11213
2
5463
5713
347
21841
1585
506
17219
114
310
376
450
4195
1282
18570
2355
18774
8635
203
13513
6684
383
7471
17
6313
7219
254
1956
366
19256
389
121
431
20914
7694
17303
15294
15656
6568
84
518
8185
4345
135
371
35
486
247
35
3556
20016
4935
51
48
409
220
116
4694
506
40
8777
403
38
321
260
478
192
27418
12106
20103
513
135
233
305
3047
5
63
318
306
215
332
6080
189
14619
225
6999
146
393
19910
319
450
295
414
9115
39
20
14837
8237
97
7518
52
15257
390
12978
2746
4851
194
169
260
456
3455
15
11237
51
176
4148
372
17709
230
11
37
6212
21015
502
14
1855
2564
382
2992
274
160
41
12
234
101
8
8294
528
119
52
308
6551
81
319
1125
8735
14725
157
16035
174
24771
1008
133
7958
3911
128
239
17459
147
2878
8448
369
77
1869
151
7209
188
897
248
4865
186
377
59
14042
20972
156
1804
5350
279
711
91
2776
1289
467
18458
23221
524
5924
661
10007
10224
1943
2443
162
5150
504
84
19902
144
306
436
200
486
3969
96
9155
27957
1885
325
6661
25356
496
5439
224
100
381
248
251
41
17016
266
31
7036
15097
131
22315
10431
102
7817
23134
1704
272
5631
285
439
4234
237
299
2519
460
154
381
3127
178
2425
34
12618
196
11269
19514
499
19552
15077
7260
79
27530
204
295
1327
32863
185
135
295
12095
194
177
465
4144
479
26899
28852
105
15393
12426
10940
69
53
312
90
2005
635
1025
1771
5739
349
24477
6330
9588
14113
164
3211
28552
109
53
21982
28019
414
127
13099
218
4941
29584
26944
37
472
62
15369
22224
25
3870
68
333
5820
16
161
14194
510
6110
179
44
453
5376
482
4940
4321
3972
107
168
7730
3085
27090
350
225
9018
16868
8979
2471
7233
100
233
123
23108
8377
12103
6033
9652
186
106
4902
3935
204
383
392
74
323
20145
517
2037
7182
396
9225
284
6327
653
157
351
339
12045
11974
297
784
464
148
7502
4204
11420
2855
2652
9620
178
12681
512
1465
285
6271
277
410
7339
199
9721
26260
391
62
11136
13858
126
50
174
5221
15888
351
14283
13617
250
19609
386
4162
439
281
627
16260
9089
8934
209
509
401
10804
255
444
9482
9801
6480
471
3531
2377
1692
452
109
14491
477
380
449
4937
4033
8651
155
476
236
386
17097
350
57
140
10
527
444
5634
2212
1624
196
209
13226
376
309
17004
58
441
448
211
365
509
480
81
475
285
11805
109
11124
320
516
6108
14245
25838
304
9830
457
26557
6224
25526
60
6543
24842
108
513
1372
460
345
61
118
9085
337
139
194
381
201
176
24299
146
252
112
15103
294
463
1709
2180
26818
116
67
4498
106
323
9
10918
8689
341
216
473
198
10344
3523
224
30
5365
28204
27
125
2559
4678
95
13760
24956
478
13220
2253
493
306
524
401
192
217
3064
18731
354
7852
3
4776
282
424
251
37
5489
15871
129
89
21036
13848
20409
21
16359
4847
115
29404
23204
14351
220
3952
13312
26196
26654
2700
73
161
40
4
6459
487
810
14331
19106
409
223
275
8442
210
7877
297
15566
14372
502
16363
6878
43
387
9824
297
9989
256
409
12739
21847
105
192
115
3438
12263
10859
7684
11331
108
17
9505
381
556
297
2731
20849
437
26363
513
2068
20695
342
10213
14248
7684
268
412
235
3144
5628
4811
9276
189
19197
328
222
16837
441
22422
428
201
517
26313
14456
135
26
1433
27204
3668
24256
155
738
195
17467
22267
18495
24043
28854
26451
774
517
14879
2312
27202
13245
4232
11219
119
407
20989
344
273
129
6652
10195
109
331
5597
148
253
11863
101
56
201
28050
22958
6327
38
103
457
480
272
81
508
28210
361
11581
3554
1512
167
523
337
464
452
17487
16
162
169
489
160
9135
18839
148
453
63
192
9598
108
48
6562
399
4984
56
11497
211
20376
9
5521
466
19417
343
16504
272
10043
237
488
18734
16409
357
155
388
1924
7461
260
245
74
113
16291
64
434
2349
264
11031
24393
21608
538
16716
468
1437
19445
183
193
262
390
128
309
263
165
2983
29433
2544
4912
7258
1894
302
301
22049
131
3496
10431
6579
88
3955
121
17520
394
8
151
16075
107
149
5901
352
12601
2697
13268
254
31516
320
439
477
10307
314
37
189
5060
13909
4639
84
372
95
11419
439
275
24
3804
2691
13192
309
305
672
2381
329
14930
102
18945
5173
211
383
207
421
65
49
3564
219
32776
13215
245
60
85
31989
11036
17883
22551
39
21284
7908
350
278
16053
4032
46
13681
227
190
251
467
8414
902
10548
446
16134
357
272
107
465
477
143
4498
360
209
24
291
25
222
8689
364
93
24
311
8445
20150
10187
424
1230
290
153
19
12066
20680
7
433
181
5530
9944
527
16040
21449
404
528
98
495
154
263
137
453
472
11128
7
227
460
3515
11571
77
245
235
353
195
9394
465
26720
418
365
5497
16447
500
16891
15951
18439
20402
151
5503
21555
347
404
341
28
15076
172
2445
180
28328
254
936
5342
394
524
1
3831
25
16254
483
188
307
182
29
437
26291
9898
10637
3721
492
15515
15654
28379
13115
5421
4423
33
25
11910
1482
289
9413
38
8040
11947
130
6009
62
326
17926
490
267
19924
337
375
10288
510
152
321
10383
8061
26701
340
244
7844
1168
521
413
201
9391
18589
13251
7773
26510
9527
470
316
14328
131
332
3133
299
19539
416
235
472
225
194
279
195
412
159
169
1526
92
7118
404
16295
3603
149
501
43
442
17716
1345
303
277
40
50
15812
238
386
10208
5305
468
433
15464
240
862
2246
483
16901
361
7955
19699
319
124
426
15438
961
17204
471
71
23
16018
239
370
9316
2438
6268
21904
4451
1377
7127
529
242
30
128
18804
12992
10044
4095
229
302
351
8623
24989
266
5546
336
534
6901
422
11571
182
3761
85
6234
313
177
395
16923
4454
11751
14102
217
77
96
10546
8315
11838
4242
6110
409
184
3489
144
446
8255
16908
324
10639
4554
19042
171
8825
118
1717
316
3781
5563
394
1574
1639
13254
384
244
12760
492
273
27991
519
170
6465
6553
87
2703
21795
12865
920
428
17171
10484
290
478
247
285
8
198
8654
251
24441
24130
416
7230
497
29912
235
331
22663
474
8577
24586
19740
73
2711
17352
21012
2302
17986
6777
9379
232
8932
15893
344
242
452
265
408
13753
201
20888
365
108
7626
416
4780
27099
9336
7185
319
160
247
2464
9054
5953
523
66
445
128
22193
21460
18479
2504
10987
117
119
413
662
21
44
293
19044
8724
340
26
32
63
253
27832
322
4412
26941
1491
4858
288
328
9260
764
522
20450
488
7077
195
493
1402
280
476
412
1785
214
2353
215
7501
3131
4067
15967
156
479
167
13587
29033
14285
4744
11138
304
141
15196
12
367
5388
10869
24891
375
271
12099
484
13623
480
464
113
248
299
32
1090
3236
14554
13094
170
431
14799
9627
11654
20794
446
458
173
3110
450
11981
15481
93
156
261
700
333
16254
4726
502
15680
315
56
241
459
26
6467
8708
16122
7004
23247
421
271
13882
361
9214
162
9136
3043
3518
1361
302
16832
1970
2797
28791
513
8820
117
3950
372
9561
27934
209
436
110
422
314
8326
526
156
366
308
6555
23
321
3869
394
5448
13049
273
425
53
5355
395
17764
110
307
7674
175
307
30116
11567
6706
425
19887
326
143
11647
16803
49
12
13634
161
11084
15039
20406
31
217
2968
368
6231
258
28
18230
428
275
422
369
20251
318
9086
1052
478
1782
1610
263
137
392
391
21161
27597
13145
519
15908
444
94
240
69
5
340
108
335
11248
27439
519
5539
56
11518
6
317
21780
489
302
28765
386
11
5497
310
19839
4801
230
23743
271
3786
59
281
446
4640
89
12376
6653
18410
149
5515
53
509
110
62
23403
14564
14300
162
7754
421
68
5301
156
1885
4932
354
488
459
10995
425
13242
25741
354
27970
95
296
2252
507
53
268
378
228
451
164
527
44
9883
7405
4676
244
9421
18847
9976
16
353
6804
24
16602
3221
184
291
122
165
9053
324
250
335
99
3181
2171
181
108
341
5955
413
218
19800
47
194
311
16859
92
21026
2826
329
21715
27977
10630
452
20
9078
134
15273
303
22
15183
355
471
28818
49
282
11182
27873
396
9436
30297
470
6307
452
5316
281
27505
13
83
214
19116
22012
18221
6662
342
6346
3046
242
149
90
227
491
159
183
7583
20120
111
206
116
242
10263
329
1075
223
15684
123
70
200
396
5398
68
11755
19802
19257
19143
187
98
16137
8238
144
164
12799
295
5596
15919
107
30012
23779
20956
457
10243
226
269
178
18948
87
28253
31
135
262
234
523
500
364
355
18195
9128
6544
242
3664
4708
3700
16332
3530
3430
11039
2532
424
16
11719
9597
225
11884
111
30081
133
15183
418
282
17545
22908
9009
235
319
474
28050
322
22617
162
4
12929
9869
9878
155
450
170
1145
107
377
190
73
8187
5524
248
14282
23009
183
5
7451
4226
324
248
3814
16493
10464
24055
407
9378
1025
171
5409
5268
396
250
10096
47
12694
491
154
15863
27653
8454
301
85
5778
17714
8793
26395
14552
3198
18526
25828
146
5
373
319
300
127
203
124
7343
499
94
454
26
507
29001
1510
294
37
26
515
7008
62
519
479
25806
26772
29591
286
15522
159
310
247
14887
380
2131
5190
17736
6946
8966
931
267
10978
8888
379
21467
405
4084
96
16451
393
6684
91
2721
195
274
239
127
193
7822
7046
149
388
415
1214
9938
7555
10254
11880
340
14282
504
93
114
17975
355
362
1799
6200
336
271
7661
16215
8244
7144
5040
184
461
815
91
8894
252
13729
8120
248
3710
11270
247
10549
92
6722
5199
11096
253
267
7709
8714
441
223
450
196
28431
344
7212
247
494
20884
13718
6493
11599
189
135
7290
433
245
11116
25576
7469
185
242
88
30123
6738
8445
28077
90
19830
13705
10425
73
873
297
136
7388
2316
435
9319
317
12036
11262
230
10149
18
13374
1198
510
2052
2
355
13171
241
13655
12877
5005
341
22582
29867
328
15244
39
20586
8816
383
281
16944
14786
436
10259
11844
1061
177
21320
451
7120
240
12879
277
793
430
21635
439
12637
21928
12691
20
5681
315
10081
321
3357
24288
195
22456
10976
62
18102
472
461
175
7
7228
13158
12834
7168
186
450
2672
144
96
21112
15209
8898
7060
554
29
25446
432
233
336
7652
16342
8298
4037
20279
317
15381
497
51
503
244
16037
20052
19170
92
6295
351
237
21171
473
29
322
22610
7915
138
8742
204
268
8903
422
15475
304
27579
476
1148
408
1546
462
167
2460
24931
258
249
479
272
415
289
17346
161
633
20950
10883
1326
16224
17974
451
395
10816
20757
78
514
449
483
17811
10147
521
5794
14
166
18128
4358
110
20198
13624
460
163
386
209
72
105
416
406
469
13037
30611
13503
18024
23766
4656
10098
105
5356
22432
30555
19950
146
18549
235
4731
6772
32081
15390
256
12835
330
5517
54
721
409
11389
2422
286
27261
115
680
4220
270
88
327
14976
2706
9377
430
11200
5228
4089
5473
3536
6704
199
157
17298
162
268
20994
5
3091
450
220
464
16236
11754
19228
7924
449
521
943
175
25077
337
447
401
152
5188
10522
10326
298
177
424
83
1802
6326
387
503
5275
25136
5409
121
5118
6383
14524
20071
2
4605
8287
7841
95
945
1128
23145
518
105
5758
455
31127
459
90
13139
1917
279
421
209
5
374
262
17110
2
125
43
241
3664
33
189
27321
389
344
420
412
27326
4324
468
498
514
407
79
257
14663
108
446
4976
410
93
14994
225
439
1333
10034
11
1222
6635
355
23729
69
20010
138
14015
410
391
104
77
15336
25713
414
2451
108
34
59
20670
243
320
272
174
100
327
116
476
10554
35
10662
310
416
360
10000
105
530
2962
249
5180
29200
11832
359
5719
11081
244
145
357
375
3162
3067
17190
852
23
3503
3012
9048
227
382
556
352
510
85
166
217
11550
407
11271
315
364
43
207
27951
428
10056
6939
5240
320
15691
465
9562
11598
2944
5367
63
216
6878
23660
1578
191
150
22999
4032
14471
130
11929
11201
2280
12674
35
449
388
7880
541
407
8350
1881
10804
288
21637
364
509
51
6400
15822
17
293
7544
18133
15250
6008
15841
181
326
21005
23438
80
26397
13165
488
8902
366
25318
88
476
61
43
11463
248
91
5316
268
7196
210
8526
184
4
5244
12070
185
446
381
20608
518
11944
16227
3970
5515
58
408
78
421
407
23102
3489
2189
307
421
464
197
154
516
4088
8282
11442
26214
211
407
24164
38
366
12668
25325
17593
19938
344
464
505
110
30
508
8578
19644
293
5050
467
24109
190
28686
20134
4962
196
2542
263
103
55
10424
264
2165
169
382
20
21118
1847
12557
11230
8634
9633
5081
13606
477
11149
527
29
20215
11219
3791
174
18576
7855
3494
17099
8199
337
5670
14972
4302
243
521
388
2433
53
6126
203
4930
5563
479
463
12843
24932
122
372
32768
10146
310
166
6007
7
14115
14419
2855
2641
28
387
410
1947
503
175
17205
9185
395
10733
11898
5
6544
16462
17692
303
18233
17771
502
2237
21803
508
9757
19786
6109
2867
220
175
443
198
16409
8521
3917
281
486
207
64
357
8062
11534
194
461
4165
108
463
3164
428
15852
9593
4008
419
227
9435
9063
21977
25
3058
20
3279
157
14602
281
242
397
190
10855
3477
5620
5366
189
8592
9618
1053
3115
307
28497
20138
218
229
26681
207
408
3004
466
263
483
15193
24633
6474
3500
7150
5479
13303
147
181
97
136
291
331
202
4397
367
353
5598
26
251
249
102
182
19326
371
8475
8995
299
319
3561
354
482
2985
4130
17832
20744
228
343
417
2083
510
518
2727
519
55
7319
359
21575
1017
7013
2946
371
410
448
114
85
251
62
221
95
1931
475
1230
436
448
202
150
415
383
17806
340
14672
408
15293
108
274
392
14765
158
228
476
8587
8899
194
5640
212
173
3968
28073
13018
404
1109
318
288
13132
4532
480
1883
36
889
199
8306
12138
19644
2545
298
12216
6722
19128
14284
1807
8706
115
463
9901
51
8345
130
4868
501
22848
20866
3046
7500
95
14989
284
72
11930
358
9677
14865
290
201
25169
95
447
8216
6737
70
8618
143
12734
8
182
15085
799
9038
200
99
25415
2699
262
95
7733
28302
360
18479
17193
346
324
437
13515
3258
18293
321
24560
375
344
28104
3122
5512
92
172
519
491
474
2586
295
124
261
10791
14933
4816
145
21626
311
30099
7928
21511
976
13644
24948
18590
359
298
35
15
517
285
31142
487
185
4908
197
384
6743
261
24334
11992
16228
9316
200
36
470
16434
39
28
508
23399
25012
14509
249
3133
79
24779
156
26
65
28
1968
17392
27090
372
19033
6047
18117
173
14
326
131
72
498
240
451
28396
489
7850
24537
18177
2258
399
26111
8341
491
126
249
117
2830
9815
5100
78
348
552
416
406
87
280
3
129
320
4708
154
4630
395
59
21174
7798
453
3453
3900
15586
122
2209
17738
2010
420
11033
12956
16489
500
24957
22681
171
1091
458
67
9992
3437
2972
106
366
134
10766
11622
500
380
11154
4303
3650
9145
141
414
2943
497
506
181
37
381
109
1903
286
66
227
25286
2579
32
9505
22
490
4777
6928
13731
4732
24310
376
570
252
136
125
7820
44
288
10149
80
5655
211
292
513
315
3270
5287
9505
104
25888
9758
15586
91
266
419
13939
18236
6162
416
186
236
5530
19977
6020
482
229
509
101
8882
15859
6
473
11381
2614
3806
462
92
89
214
3170
285
135
171
480
15664
502
96
7811
10666
396
352
9710
8625
25589
103
9465
345
6
312
11835
439
6917
32997
387
131
294
457
10603
464
345
13712
10315
3584
2010
5761
2025
203
306
4741
9382
67
210
14497
4548
7998
7619
15789
11957
98
24240
113
3930
213
496
148
223
123
505
6959
5773
6879
139
254
479
57
457
14293
6860
85
334
186
7697
19349
10
390
75
7212
38
113
2217
493
1327
1265
253
70
245
420
294
530
6992
241
12940
23113
22531
11909
516
21283
16945
392
335
37
360
127
413
406
323
168
24394
378
24502
216
65
292
453
21724
167
372
10867
14324
942
286
368
3110
113
16503
153
20787
17359
13163
97
1805
676
390
32
318
8673
4454
19406
12216
9180
4654
188
160
293
20212
14855
598
13416
310
242
459
125
86
203
262
353
178
1664
342
29
12692
238
6868
24005
513
3824
4395
4751
11435
193
8128
463
163
417
285
526
99
7126
8262
356
86
399
16858
15059
2784
10534
3097
17052
10467
166
473
6
9498
1715
413
21427
301
322
502
382
191
305
152
18
5364
330
190
11330
468
216
17080
129
251
7447
18242
8696
422
345
291
15471
387
332
15595
122
13764
87
243
6315
217
22733
455
6453
4171
19202
3747
13977
22252
21414
449
7
4235
19834
11515
51
367
15803
500
394
12519
3300
100
465
9972
15359
438
10580
352
52
10422
427
2193
108
512
22176
4274
10649
183
184
6851
22899
502
14550
4397
505
181
83
86
25355
378
457
4165
108
195
23338
9724
16686
4187
27709
275
499
14907
1317
375
134
5055
3989
9
221
485
1046
2629
16521
242
15719
1679
493
189
231
17688
146
15871
244
6533
14338
45
3964
339
105
52
2579
3458
164
13649
236
407
277
290
5583
323
469
28123
288
26749
61
25569
316
281
53
17898
10717
12301
414
277
513
16727
9761
194
268
121
57
885
224
10450
297
21407
8827
369
9
364
10415
29726
953
713
227
358
376
108
169
202
429
453
1555
348
25721
465
474
364
123
237
1496
7603
193
403
516
329
119
6360
208
360
49
2030
22
16825
7801
176
442
437
21255
485
281
15390
10395
510
524
136
35
335
5394
1456
3391
387
25230
406
9161
3614
19344
2006
3616
315
3002
158
8482
226
470
6838
26
2328
8184
300
2444
393
278
341
293
16887
1188
307
3109
491
3401
489
3599
398
169
76
5798
253
28269
995
406
30
24031
7672
1909
313
135
68
2403
22966
25
225
153
26669
88
33
5678
126
8919
75
16577
80
17438
256
5081
23680
410
247
374
4751
19530
155
25131
33
8076
286
240
4722
5909
301
436
17455
140
15549
502
133
534
1772
6129
12
99
359
6922
450
163
1406
43
110
105
212
31352
316
23870
456
7247
12824
437
221
25395
11232
131
12868
6193
386
417
6731
262
522
106
453
272
21
92
24316
7668
542
20015
19788
2469
462
4189
477
223
283
79
230
212
200
1392
10562
16349
272
21790
27623
10592
13282
498
206
12547
24837
12860
14080
8816
125
10411
542
319
255
8504
8848
6201
306
9941
245
98
13994
379
22
12613
171
8195
371
292
31692
203
233
68
176
133
262
391
31141
119
103
143
65
11785
404
7560
312
387
39
3868
313
9622
14972
101
5324
2438
370
347
440
30201
440
45
2166
13
425
13329
30531
7498
3096
20857
427
6250
10265
452
84
305
3816
362
520
260
13477
13
29271
414
9177
449
7513
10550
300
180
461
516
190
141
8727
39
473
138
1700
182
209
403
8587
18030
3989
24593
244
3224
88
6215
302
4140
224
11764
19648
179
141
8533
8287
211
78
464
1559
4424
273
272
373
2311
522
491
21330
328
15318
18321
455
14673
142
8455
500
1035
11715
12655
7913
427
25056
109
6386
14982
488
286
2886
299
2545
204
13112
17424
23364
1573
514
4646
391
456
33
4506
218
10731
26626
7675
18132
21215
460
132
11897
352
401
5290
215
127
208
140
196
4995
11264
366
204
8624
451
273
7636
300
146
98
5421
3057
285
150
182
20
336
389
15542
476
8036
286
608
136
8995
8663
51
296
51
280
491
307
22996
133
19659
432
324
75
42
12627
124
85
202
116
385
512
12501
214
471
458
9330
284
1337
468
457
477
4698
423
23180
226
170
116
6458
12757
456
19419
21377
366
17575
12329
145
2870
7
27555
465
405
19229
20589
67
279
17622
203
351
261
187
20966
169
456
161
335
3692
5163
83
506
475
275
375
506
349
5237
14
75
303
6803
13163
11
2
46
16845
265
3633
322
16014
40
187
368
2865
420
11456
29
524
171
26410
8137
96
2703
204
11829
4967
141
170
9314
450
9
483
24
28981
388
23
425
7363
366
15484
19683
414
456
248
7267
244
1129
415
22178
19634
11446
241
3969
6340
14371
39
26341
21183
460
7975
442
144
15757
8507
387
64
445
11461
20484
164
215
128
4261
148
9280
6469
499
9525
13160
13293
110
21880
447
14270
59
3406
1065
24352
179
267
7230
111
455
15229
279
16097
7162
13051
253
11
406
22620
4077
1124
210
6819
232
3
10154
519
9698
239
55
1852
12013
4799
321
60
15313
339
9602
348
351
331
17138
1885
219
7815
301
307
15400
4834
452
3693
22349
153
127
83
462
456
196
28628
491
2982
853
297
105
258
442
409
23998
8
295
104
25132
8736
8882
17170
28
367
18161
405
20329
21809
27091
382
11915
98
1995
489
299
463
401
14915
300
2010
143
7820
488
203
398
285
129
1773
3156
313
475
211
21123
15492
226
210
118
487
170
361
7
349
142
196
199
1364
378
241
17528
14798
9488
90
27119
525
16049
175
1228
6728
312
458
325
57
15802
133
16999
16927
48
488
23884
92
17329
3809
200
5805
8749
13238
409
409
10417
22165
441
3617
4105
217
3838
383
171
22409
14905
1078
10931
14715
166
13152
417
146
396
29913
257
25994
14026
17
15010
214
412
383
37
318
3154
10545
40
27950
462
19982
313
64
836
355
455
7072
250
31116
300
441
452
24006
18175
14873
1864
414
135
3073
410
378
7821
4594
12202
518
476
86
315
414
444
110
20962
14223
13316
18318
294
11374
72
404
10373
4374
30074
10164
15351
15191
13033
16
367
15505
186
5787
11345
65
209
275
22762
458
373
166
646
305
17147
308
4005
216
5604
432
402
171
510
127
256
11148
284
24
8744
114
200
174
24739
14159
3459
3
4463
55
78
12952
346
443
75
438
2280
4481
381
468
294
360
521
25671
4884
225
17141
4726
10
21594
23301
9
458
319
164
4954
300
75
156
1520
6360
1080
382
384
17394
16413
5836
202
447
2689
5822
22821
29988
5770
71
4788
22919
20289
302
1782
20927
415
20425
19602
11427
503
508
8751
3841
402
13919
134
438
456
5931
459
484
7760
12869
16631
21373
9642
184
105
24934
344
7074
352
12243
7223
5800
4596
370
445
6356
413
15250
339
144
15007
6048
20379
15040
7731
383
278
13015
239
154
10436
58
258
32282
510
490
165
22123
17000
9998
291
29
140
12617
12840
30819
2665
316
201
436
216
26172
19076
232
286
13
13102
3055
10293
140
5855
264
13
190
4573
406
319
22383
4119
447
17059
252
9178
173
363
5647
502
143
18200
23525
131
306
11196
3729
8177
458
4548
479
199
42
3
451
222
517
522
334
65
148
394
261
6995
348
441
10097
324
5163
13131
9019
325
132
5455
131
13
296
18828
88
500
236
488
17565
369
12238
226
346
425
4554
17679
179
435
16000
13
62
72
26378
25479
5740
92
4849
9292
3535
483
14694
107
5901
7128
147
3712
4104
19740
12668
25
16054
1257
368
1485
15038
11681
20916
13337
9629
528
23
20205
127
298
2410
418
13431
298
365
2839
507
485
147
109
443
17669
7999
32
3
7366
13059
434
85
16324
295
503
6502
371
426
20920
125
318
6064
297
463
374
291
1579
20129
23643
2747
10595
17113
5903
10406
433
14923
23118
24607
199
21526
244
11857
251
462
373
434
367
7518
288
21322
13895
234
16740
191
108
382
180
13844
194
1657
8434
255
13877
2591
457
22651
523
164
394
163
248
19262
4008
422
15948
252
19463
15219
433
11711
515
28169
571
269
2821
329
295
3366
12272
172
232
21
94
910
7414
137
686
413
381
7957
9736
5588
64
7977
494
369
517
520
263
188
15485
11335
488
152
2357
181
57
261
142
14422
22659
231
2179
7454
247
29158
7210
11696
380
430
130
223
10632
8099
434
8268
229
2962
1160
43
12544
452
256
3535
16094
17800
424
12310
261
103
2925
17503
251
15476
324
28013
350
82
11732
5873
176
7684
257
7276
235
25515
141
500
11860
8332
228
1813
23941
18
505
5611
6602
538
506
365
94
41
9465
9888
61
532
63
281
509
23
21876
157
8709
13536
264
11450
206
381
352
3681
21574
3896
135
24105
144
429
151
246
79
401
14527
24
8673
476
177
404
387
380
24076
8214
12
343
465
4768
352
133
3086
230
9698
21
460
4058
854
498
17290
841
6988
2740
77
218
1030
21867
19765
69
11873
4024
136
168
314
257
20456
6478
89
243
502
79
2635
139
27697
23506
10982
77
458
8630
5101
321
483
21703
419
87
140
213
204
59
80
548
29683
17076
8579
27090
14909
184
312
12399
446
237
7660
11974
227
74
24399
9
238
85
302
3323
2412
4773
352
406
375
2513
430
17990
19699
339
513
2603
19585
23785
15677
255
20066
27
16318
17677
11690
360
4238
8768
7
320
6195
103
362
25943
323
22452
6722
2668
27
410
9766
20557
86
15126
296
209
26561
486
31079
1863
14335
15564
166
30
14700
13045
350
7681
6
4670
24037
930
308
16412
136
9809
6959
423
3750
13443
293
471
487
65
10833
13153
529
201
29
20386
70
125
266
3455
23444
412
12283
207
6453
1843
92
428
68
188
21593
28646
228
20315
18116
74
86
9987
325
2201
439
22768
2469
424
10652
400
8525
9689
327
2930
10203
4080
12649
8406
5631
470
1488
258
18485
27165
10596
3736
487
3770
6708
174
143
11440
97
17890
2444
13051
447
8
371
313
2523
18059
118
17736
138
25374
392
390
2489
298
160
174
491
11060
19239
24128
8541
390
7494
13191
125
47
29586
418
1117
16906
318
13268
13
2171
198
492
123
172
11
11096
2593
226
293
20497
8543
446
14840
3804
262
790
4242
28304
158
16774
23304
67
408
466
6767
15009
1365
12747
23741
140
258
20419
401
305
72
124
491
18365
5316
344
8078
8501
7432
9043
8647
424
5270
105
440
13536
7135
22423
14909
12151
339
19149
55
138
395
57
6028
152
161
350
382
6855
322
181
386
1337
350
486
2329
583
10337
12524
431
313
6784
169
11656
4896
309
16992
301
1011
6084
21
11727
9250
354
3083
231
10641
477
340
5732
186
5221
145
22947
3056
8514
116
1824
313
3602
17344
206
185
122
159
21653
11471
22632
327
304
55
422
393
16463
6922
526
277
20256
15
22615
7481
419
136
32
56
5963
2961
782
474
7
533
20084
5265
527
510
17303
8097
448
6361
8753
157
252
3565
16466
437
22434
18
87
3655
3337
7298
38
2547
5368
450
3377
23445
6
318
347
204
23409
109
28119
18729
437
13
6639
17410
117
162
12819
6233
145
199
513
305
359
26
3092
8515
1547
5806
16887
12073
2469
3555
74
22747
2523
13980
29749
140
459
487
19759
385
83
16382
367
7033
20572
19746
6603
7290
268
790
20171
203
1084
7175
354
5669
170
8532
172
15056
357
16842
480
14843
2761
301
486
10496
448
5506
8551
148
18695
194
24563
349
505
3
3899
493
28
281
467
335
90
184
18466
21
9646
205
247
428
2290
19
447
14714
9879
4223
42
510
30082
450
174
7749
440
268
404
57
13
23216
131
431
12823
2116
338
267
9979
2679
89
8584
26344
59
460
29373
11085
501
397
27
396
2753
3292
10740
273
2895
198
19969
11713
22017
21604
94
6
335
47
1015
6346
179
9105
1229
15011
130
2630
500
428
370
19467
442
5756
361
13463
14604
364
42
3646
6117
324
8835
10367
240
275
80
10485
4301
57
131
9867
20180
265
1367
22285
128
172
13321
308
4224
20768
12645
1004
12919
6519
2327
4348
409
218
489
5292
787
346
82
388
9053
379
111
10680
302
742
28183
2206
589
71
190
139
12579
255
19837
1164
319
7354
416
204
82
477
425
446
57
19280
25
5921
15972
4526
4417
95
490
21972
348
206
6633
6167
61
8138
448
517
5231
17130
250
170
287
442
490
789
509
13880
9818
413
430
17178
571
9748
1882
61
110
279
10416
6309
317
3202
16416
487
379
25
110
258
32
11
297
171
101
7145
135
295
8517
140
28629
12918
3907
10121
55
14898
314
18939
497
18071
444
240
3723
455
4804
345
74
293
47
515
22342
33
15125
10113
251
182
11734
6614
12920
425
16676
119
337
133
2820
21
141
15885
93
9785
433
19
507
15208
20820
2572
21131
27776
4310
24723
359
141
319
448
45
268
22484
3284
12336
6060
438
102
328
4335
479
8655
12974
268
4398
15650
9072
8867
2989
506
353
20751
29
352
380
485
9965
354
272
379
474
16870
14923
420
5291
227
198
17545
1113
168
25131
360
12103
8923
353
8817
6
199
22536
5406
237
224
6160
190
443
14073
8400
17691
2237
473
666
510
1877
217
806
407
404
130
16286
516
420
14592
5195
7633
456
13543
9114
9252
10108
210
4860
418
446
390
446
428
491
3212
16373
7525
60
11100
30432
17141
17026
512
27676
11855
1742
4500
19981
17300
8478
174
159
15556
271
16666
21042
16
147
15164
10674
486
455
231
116
1107
91
355
6494
479
189
887
12273
12648
29799
164
25650
301
2034
6093
26541
4096
172
4434
412
4
488
7266
164
6879
257
305
274
181
198
6487
2398
10762
17306
496
294
22531
7095
304
169
93
10490
56
15905
30149
233
264
271
14248
12083
20587
7874
467
455
29308
443
7640
137
158
241
103
1108
321
55
351
16895
10224
6880
360
64
18648
7945
1054
8440
238
5053
18581
279
338
6051
459
15733
10468
393
440
125
20948
510
7337
367
6094
1519
11908
12302
6690
27521
3024
91
304
3362
10818
97
4810
7137
197
1992
270
400
15989
2385
173
24131
25227
3798
8781
4865
516
109
3298
484
293
23430
9926
18377
8077
18114
23193
16641
56
204
503
5338
75
2448
15700
13895
336
253
362
17
125
5351
240
13828
1999
13287
241
257
90
186
22756
476
482
304
56
85
13903
32047
345
5675
728
21036
355
3877
361
390
8350
5706
6585
182
7537
328
4966
9027
234
11970
462
518
30653
8420
1204
237
4094
4327
74
311
474
12316
6296
472
401
113
471
5479
157
435
453
185
2339
8912
2644
17385
437
18205
93
21133
12
5406
159
406
8894
464
16505
2017
95
13945
27
16101
72
1147
71
499
390
375
15644
70
8395
21973
9059
7112
29433
28759
12405
14078
24659
373
522
274
14
127
35
403
387
256
242
10250
27165
50
337
3181
3219
17180
404
28
466
12612
5933
246
392
6130
12672
207
2223
18914
27045
504
380
2531
10
261
304
5997
3955
10150
106
1484
21562
11120
479
394
16434
433
388
425
454
8483
19
9454
9313
48
10384
2594
12565
12352
324
17
332
315
2537
7080
18649
257
494
1107
109
11878
123
4997
301
237
397
348
122
11170
452
289
323
116
355
16014
396
454
17856
461
219
18947
12738
17389
23100
346
421
14365
415
2650
362
8053
8386
51
495
172
23701
316
465
126
409
391
400
4956
4860
458
4
262
12450
292
250
488
70
23623
136
508
332
9387
10064
1287
90
440
15566
163
19902
11575
14957
6768
360
108
96
14180
329
31
5
120
27332
13727
10284
346
4714
2447
118
7514
20725
488
18356
417
5846
493
239
1083
403
62
6183
457
2508
2244
109
367
192
69
29029
16889
16
261
232
196
225
431
26
56
127
474
6690
18425
221
24796
203
1234
427
5961
2461
9430
133
11119
12434
276
173
127
20596
11214
23236
141
240
375
9183
26814
12108
3427
301
257
471
3326
8755
431
15493
524
122
192
16181
213
182
347
23110
329
99
500
9575
18079
472
188
185
13258
191
254
270
2050
15761
201
12141
25465
6915
12725
29
468
9101
6900
346
169
429
3908
133
16810
331
419
11628
14810
2144
284
386
3854
282
527
14153
496
18075
22277
61
228
5352
435
296
379
204
4677
4438
1263
108
77
5834
35
25932
433
4640
14210
6819
493
409
7827
435
423
16278
389
435
13011
5903
283
29111
479
199
22990
471
360
10132
396
10579
507
22520
12353
22908
18219
27530
22643
2909
3165
741
12928
12
221
207
76
22778
2054
359
271
3920
5631
10225
479
7472
686
17347
15060
481
340
8683
287
11029
468
13464
3398
205
26042
267
36
96
305
491
445
117
275
475
275
11701
243
6602
84
107
282
318
7499
13657
156
521
2948
477
499
136
10984
10014
338
273
143
5053
516
1112
1266
27
74
269
487
6481
3218
216
15266
326
102
8914
378
2
5
17819
225
16
21203
8416
124
2920
58
11895
5127
423
6554
5766
6674
16359
55
17152
8638
56
412
5175
11222
30242
377
449
486
16140
82
25
4980
4828
7483
302
17346
18697
6144
229
12658
9549
326
1143
2162
540
262
50
22591
243
162
16942
18655
9704
479
123
5993
1835
115
28320
16795
1517
212
10970
15069
406
19963
455
2447
147
7054
1766
3921
126
450
34
39
192
19799
3516
19487
25587
264
3697
3607
112
11969
246
30320
373
497
16347
17182
4937
430
370
526
57
11046
253
106
72
201
468
1416
21376
447
339
344
67
2254
16618
186
744
19128
4813
22371
14959
137
4896
384
115
8206
18230
10614
5856
138
265
12417
20172
605
19535
7297
1041
83
1683
1934
359
7435
37
1979
17
6076
26
8049
6766
9057
7762
3600
50
18316
5180
7270
5292
10963
442
11
14549
18109
23440
2526
465
28983
291
457
161
23031
8367
297
309
7715
371
522
329
28
20244
975
2330
346
6302
24
9259
91
381
491
421
5
382
9154
498
174
25764
87
1019
478
158
8997
6533
7990
2930
423
9730
204
29548
111
388
19
458
153
271
67
13751
4033
324
941
71
553
499
221
16473
7783
12124
14148
27419
15983
292
9535
484
234
28931
89
26238
8099
15999
476
417
168
449
278
7468
4288
17771
2139
317
2148
279
271
315
304
1470
63
45
375
3733
22417
171
3144
243
231
24
224
5254
500
11699
151
466
522
308
557
436
29
181
81
18020
123
20728
67
62
537
9148
19134
20332
75
273
8097
157
2193
65
298
5148
1305
45
398
5866
104
32
1868
4284
12608
154
4741
96
85
975
1604
360
534
441
3095
285
80
478
13520
103
358
292
146
17585
9973
10047
23354
13769
521
6505
10
109
904
693
156
14416
653
11453
597
347
17520
4099
487
6175
10452
49
4
4342
7741
373
438
274
8423
363
1933
341
26345
420
27818
35
487
23
182
508
5152
76
3924
231
17316
70
491
45
278
2
8606
271
315
26401
47
7485
295
29
3102
235
674
24825
4797
1908
9986
1674
4904
10688
17131
451
18070
13688
4068
4791
5127
13669
14132
500
114
11769
2103
7384
6028
18308
3295
3503
253
472
438
44
4933
329
116
9393
231
21331
156
21098
394
11027
51
16007
3650
308
22224
12494
327
20
7302
9588
15
15
1870
517
397
5859
33
356
191
141
274
12347
28061
433
505
15885
3267
1696
8241
514
405
3157
258
210
2182
21755
697
115
67
427
21550
5684
262
412
63
4712
461
27659
62
8629
452
252
246
291
127
11781
8
12353
525
173
12566
4906
17351
343
167
437
19920
489
19594
16881
1571
12766
7837
2824
19745
21581
30792
505
18737
16657
453
358
413
114
505
4
13482
14980
2120
19274
1739
28363
428
29374
210
143
184
3925
14898
16331
9288
236
11656
69
259
140
25290
368
512
1842
285
464
120
115
484
1154
25
17865
6389
77
495
7565
283
3660
209
23157
10646
18906
324
383
2086
14629
429
18
87
406
9067
244
199
444
5922
16448
248
1072
12917
16888
321
186
18427
118
19281
61
7270
3169
3454
355
10210
389
265
4668
411
192
416
20177
188
238
17965
21166
86
74
63
18546
170
11330
36
1712
207
6873
26308
222
519
21930
265
85
5928
449
23015
102
9165
320
11930
249
123
23100
271
23424
9363
33
214
24210
5845
470
424
299
2342
105
125
18649
290
9960
320
298
4825
440
295
3531
32813
19
33
4887
319
22113
289
317
523
77
545
11227
2155
25351
2521
123
3959
3618
7865
158
9746
355
346
248
8
12019
7451
844
156
159
15810
408
24222
205
294
280
317
104
230
16657
4348
230
10069
862
7388
14604
15614
123
1132
210
159
209
157
6915
459
2191
16056
13951
9475
49
83
103
126
8841
253
368
26898
431
119
114
566
12627
7135
15
3815
474
27
214
20617
18714
392
65
5899
24439
249
23000
10351
15406
164
76
26796
314
431
28471
385
431
250
1666
304
144
9802
15515
17964
285
211
7895
241
2315
180
451
13160
13722
64
30
5257
318
172
444
51
43
9810
372
355
18778
3479
241
47
5913
22094
17
12283
311
276
485
507
9591
504
1982
7350
8810
3073
28500
189
15543
28
9063
235
35
6110
3650
39
78
467
6003
526
143
453
15052
16513
315
33
950
159
340
107
462
23797
245
2647
20185
29
119
441
156
16409
325
389
287
292
11866
15
138
340
4648
25
112
21127
434
161
519
222
3425
264
274
57
358
11885
488
15435
14700
466
521
25759
445
669
371
311
221
101
108
12445
522
288
18050
243
429
133
287
28
53
465
457
336
395
14011
1270
11514
6970
84
11115
1837
75
15262
516
28216
192
12797
53
6401
3148
311
9159
272
292
3219
87
488
29005
4436
11832
3215
252
454
6
6062
16999
19660
18303
175
315
53
11654
4460
434
17257
457
704
500
2992
472
679
336
95
1949
129
507
12426
6999
321
2991
20193
6119
13252
3692
44
476
13722
509
24885
25596
260
24448
15693
6288
500
10519
14931
22289
415
166
11896
10294
184
20221
4204
11803
9969
138
25149
329
3108
3050
377
12155
1613
82
17453
50
19371
25
513
26732
2696
2253
1196
112
130
218
277
2744
50
20112
13648
114
490
362
26438
10019
2350
3099
212
8381
5817
7062
58
12483
276
806
16703
89
369
144
401
268
6324
13704
143
131
22378
310
59
8
481
352
18962
7675
197
25452
224
112
227
187
27171
724
2776
470
305
20697
17489
160
292
14
17760
55
12542
5834
5794
14525
5893
389
501
1166
2639
35
479
329
342
9561
24636
19135
27096
16850
11253
12005
123
151
11664
9609
9925
2640
319
470
388
523
393
391
448
17611
55
7351
80
101
25
431
45
8038
4804
67
12558
4223
8717
5374
353
515
277
8771
10600
19762
133
311
115
126
19380
4
69
273
202
2454
488
3444
6471
117
99
21051
350
5216
154
4759
23599
420
385
131
10
416
5
88
485
145
3328
475
329
35
525
512
31377
259
83
1150
23254
8844
576
444
205
99
156
387
487
23776
509
288
13306
118
2823
16008
429
21838
144
144
9497
16170
2680
63
36
187
16376
305
189
19604
17055
17471
392
2115
254
489
4313
4373
86
9444
3614
4470
13203
192
403
18
10772
447
1055
121
19781
4713
393
19718
278
20274
6107
255
474
30
460
3608
11327
26966
7532
16924
20196
41
6982
6683
82
141
179
402
18364
5445
261
11451
90
10435
12368
7508
228
355
21164
399
191
10913
1318
472
92
19135
4233
1600
143
3837
12935
455
17645
449
7959
96
12352
55
321
288
14613
237
6986
475
75
11007
175
20544
24804
142
19464
94
37
10064
25452
131
268
17019
511
107
268
187
17745
1921
391
87
8987
5133
12403
1178
427
220
9423
168
15377
9474
6866
28099
1366
95
69
13970
6086
8108
16
258
16759
172
1997
2044
26751
30
6
1644
255
257
16832
340
34
414
12454
40
407
150
373
375
521
474
454
121
224
435
13793
14622
424
4312
11556
3520
449
28096
167
5407
243
24617
3308
141
128
7603
218
1816
62
317
7165
4630
118
15616
36
351
16076
13976
235
12177
172
7939
4930
2646
7024
176
8872
5173
7816
322
26817
16171
201
16704
1609
120
263
267
17095
112
1540
8341
12543
13479
22374
8234
9386
12760
17710
254
256
161
16781
406
16752
350
7401
8722
188
459
7440
17835
15558
16052
3877
8434
483
154
21249
51
6577
16210
819
102
13744
81
7737
6894
3697
14394
444
291
6465
12030
337
29860
9736
1
8302
4589
307
10
310
10
8892
157
24761
10241
452
394
4480
273
67
450
3834
1110
251
48
488
149
282
1843
28
74
17331
151
226
487
101
12875
415
11091
57
212
24384
40
109
194
16220
82
17895
478
8891
332
905
11177
166
10676
17512
7767
151
17663
205
10035
4523
124
246
75
377
6054
12643
9753
2
176
325
289
10875
333
23931
255
13365
104
14381
58
443
255
3988
333
23762
449
1480
212
3792
16662
6782
1523
381
215
29028
29369
119
112
99
295
10425
511
589
96
23022
8588
538
35
465
10211
2334
2180
4286
470
421
7879
20597
204
263
26124
124
12446
17994
1994
347
125
27289
272
47
66
432
101
10817
30
18725
399
248
345
445
13237
3812
454
386
16048
525
14632
4570
10545
252
314
21989
20600
371
210
208
23652
4
135
181
65
129
26999
134
413
182
489
5010
241
7901
1713
2033
185
7415
25335
64
122
301
332
178
1823
2664
207
18346
145
16709
385
5118
214
127
308
79
10414
6546
13087
29570
255
3745
15844
467
15587
242
12372
123
4139
20632
7608
1920
369
8568
22827
2148
20101
266
5535
474
495
952
12252
2921
161
23976
6778
11714
116
9511
425
486
102
9299
336
4542
7306
588
8547
102
307
390
43
11091
377
6843
12277
234
11782
328
2300
10692
441
241
12468
397
410
220
183
12308
18656
153
555
714
13610
328
23855
9819
374
189
26135
18065
494
332
7863
323
316
512
6877
3706
204
381
446
1133
135
75
27
22566
16
414
199
460
357
150
284
27358
271
5355
196
111
19214
16579
52
1396
258
18202
435
1868
30
13
25
401
218
20806
8709
11507
450
326
15902
312
307
10089
252
296
393
13
182
5450
512
119
8530
340
94
297
433
3747
51
24512
3477
325
5253
167
297
79
470
170
8339
170
28963
7105
6693
7113
303
7307
264
47
7149
9170
481
30
514
1492
3
5820
5439
239
77
17
7107
448
136
104
412
365
86
20194
213
530
321
23758
5680
19011
22385
26
322
14037
37
7404
10072
5638
116
257
212
19
438
168
13744
297
17633
1212
521
167
421
121
19621
284
339
408
117
452
423
7905
12021
4807
151
103
12957
218
15183
246
454
200
425
251
417
488
20846
349
15458
3134
465
546
11988
14157
10832
24507
470
246
501
22696
370
829
23539
327
524
403
385
254
125
22021
1929
18443
310
471
4115
6043
322
309
137
211
471
29011
137
402
15332
19
12581
444
14467
25701
1396
4217
515
13541
18095
3267
463
104
23371
30318
18871
143
13867
5338
857
125
513
333
409
15729
255
176
492
9
6776
7120
20814
1
332
341
26663
2139
216
197
392
13650
33
8044
16178
55
17074
183
431
20121
52
269
2765
19982
175
391
455
435
426
109
9
428
153
6
73
41
54
8
4118
17267
28273
377
317
5095
3104
210
64
251
29349
345
870
299
457
14325
13097
308
12297
15952
14590
6231
88
470
15516
177
284
465
410
24598
430
444
517
403
7664
3439
373
253
21835
214
145
18408
10462
152
213
12268
12070
7617
5704
16731
325
20488
5265
5318
280
11927
20408
161
16336
322
265
8703
9346
16979
376
362
19
498
414
441
438
270
20880
1152
158
12738
58
6813
1783
45
230
1582
47
364
6510
241
394
9770
14268
323
351
4177
28
7675
444
10846
525
130
2517
405
518
816
3
9
12943
413
8470
9309
1878
4689
19560
280
3940
4113
14193
188
11598
112
4816
1434
23300
360
177
202
439
326
277
513
46
15949
225
225
24017
26125
195
15310
192
432
9516
8029
42
288
379
465
479
11281
418
21784
416
5026
270
193
375
208
184
11105
886
5841
328
12427
424
479
1160
78
18713
22
12170
16537
14439
8919
341
453
497
22314
16677
128
174
388
508
19272
76
379
254
45
68
15527
189
11242
77
513
3928
50
489
2295
325
28666
16147
381
15338
413
386
484
3277
388
210
493
5215
117
268
6386
5278
2546
223
19349
136
415
3398
380
138
119
20154
106
350
179
1289
5898
16464
202
8095
443
120
1659
1514
8827
402
356
693
349
510
965
1044
259
148
849
318
12954
24962
19803
400
15544
17126
5541
1041
341
8834
408
9978
4562
4811
206
460
5255
26473
13083
2424
21554
234
203
15967
136
14370
18008
14485
107
17412
7785
14149
188
7506
3342
3034
489
10046
124
8867
98
7552
120
19408
10554
474
350
398
20007
113
16439
15938
523
405
9891
125
199
20685
455
4733
838
275
19511
332
418
365
344
9634
255
433
2599
10692
299
52
300
409
133
24916
19141
20991
2832
4799
7707
14414
9686
13898
324
16470
354
23392
19014
10186
493
2664
74
4
4518
417
232
666
496
234
9752
17488
61
4411
196
354
32
2466
119
19499
3549
159
8868
162
65
20779
23000
9973
700
7311
11176
38
22503
18003
23623
76
16317
18356
452
297
410
367
14837
26004
3
5892
9199
14658
345
3410
4205
12545
3852
15
313
6057
215
20039
228
26228
490
1647
19105
19257
10835
296
419
248
16336
1581
7092
325
301
269
420
9454
5280
123
76
3143
15094
31
9453
497
144
273
93
391
8272
226
7744
472
16271
12187
425
182
63
214
26468
21039
19008
5337
244
258
287
13192
21265
287
349
13362
341
122
310
11668
297
42
10115
166
381
398
244
20872
404
142
486
28
29975
388
271
17
13347
337
296
7765
18246
298
397
9315
15464
90
304
49
3072
96
12937
2042
490
8643
4900
1611
354
309
162
2729
6190
17037
4355
5543
354
1967
303
264
196
432
9747
161
450
757
405
33
13567
8283
15113
522
1
4922
21770
19127
305
275
305
457
4
488
330
247
137
38
7691
1557
403
22
228
48
10105
28280
19156
222
9512
17029
12431
175
289
295
1866
419
2720
423
436
8341
8898
136
42
94
166
191
25590
489
187
203
349
161
65
4124
808
25706
471
509
284
253
517
91
458
22029
5879
23374
6166
356
48
4029
6588
12890
10996
130
1709
2005
326
1583
523
5909
404
427
3893
18688
7843
13625
312
14500
13195
252
159
13117
1314
102
13574
328
444
299
183
428
12056
218
9079
151
451
4778
330
19952
10803
11539
10587
362
37
375
510
18631
411
122
16467
10194
163
525
22720
652
2787
9955
29953
481
493
520
505
87
387
238
444
10195
478
170
21984
317
385
15142
59
17863
13339
432
2344
124
5497
235
54
146
515
6544
314
7497
520
241
3193
126
298
1884
120
5038
501
124
495
26951
5380
12035
327
3242
27
259
406
11394
13037
8907
466
328
230
305
12206
184
247
70
240
373
3683
8396
3551
22485
5675
372
309
272
525
8572
7093
315
14091
294
27189
7334
309
480
3725
16746
8910
14488
10
500
2153
310
169
106
16316
12985
207
409
507
326
17029
225
21043
17800
23542
267
239
6764
18336
344
1659
232
2174
16171
146
11551
355
9974
224
12639
518
512
19689
8294
16211
13990
5247
129
323
17083
458
15966
8896
4689
128
528
176
12244
3751
537
14216
906
17154
237
303
474
9968
515
517
6285
13994
5564
209
24442
79
22489
19200
123
8320
355
111
311
7390
1811
7762
2839
143
19944
524
17878
171
18138
13274
457
14876
487
532
299
347
225
8934
18
1794
299
2572
535
312
9393
29
16624
8483
479
78
118
511
4489
14588
263
58
474
510
20220
26
8777
20704
10834
106
265
21399
11111
14
465
240
3647
14207
97
20565
19184
20403
355
13450
491
355
117
18202
86
7
486
170
1155
287
20101
407
11202
1032
1448
2192
244
51
522
14293
19
4545
265
469
118
97
36
1342
21920
172
93
8425
20122
1214
9
249
7339
10
144
8945
21636
8444
9938
450
19268
15391
1073
22343
638
1
18676
21847
25492
305
11677
101
12
20744
430
91
67
171
398
9471
6568
233
186
22016
9500
201
148
294
310
108
511
249
3284
233
1235
318
28376
796
444
3369
228
16542
150
24454
212
8383
222
1890
100
243
1273
271
42
6268
385
9038
158
12520
439
307
79
30221
7616
37
2723
46
208
289
20045
85
21391
15
18807
6620
353
134
398
18468
7113
19757
11999
388
1932
328
104
15034
304
185
7499
6
24392
23298
2775
21657
511
1321
28884
234
138
370
308
235
1344
20286
24525
525
445
8562
475
24461
5258
477
8881
275
2652
332
276
419
11867
331
455
489
27432
1999
3295
449
22591
6004
5387
4820
151
207
12222
81
5485
369
12885
25972
397
275
2963
233
10962
495
16663
13035
525
4812
9330
468
4353
5484
7523
1360
462
10497
125
24152
126
10826
145
196
201
6638
21396
53
470
19128
431
1327
5486
465
330
11
23488
19650
3476
5475
24448
24372
6140
75
3769
15347
10
350
83
4
20213
247
35
18531
10550
17067
24750
211
29470
88
179
478
16875
2379
373
3583
6716
331
223
11
292
6801
459
452
1864
13659
346
26173
208
2266
4835
14
6978
516
445
6423
85
10613
3722
391
356
12459
228
121
911
5896
5933
10597
9616
9974
3303
16720
22
135
87
11538
20334
10245
6631
24644
6874
230
3921
113
268
6723
141
9999
21319
66
12564
211
438
281
239
7267
8524
27319
325
4639
304
100
24854
325
18057
159
5917
17385
22517
330
285
67
21276
186
26631
102
73
216
13224
22263
397
10681
367
4470
13438
522
18219
415
31
7685
316
179
24
278
465
307
1412
27439
411
3981
17300
338
78
109
108
231
28585
366
24627
15072
7382
281
191
409
3913
946
22660
66
24693
199
7919
88
227
2647
119
16127
5862
220
410
7673
470
2045
15421
127
26392
5339
300
12766
2664
133
291
483
466
331
7665
329
27236
2342
8967
41
22
21160
98
499
3395
297
180
5
69
18810
25975
119
2314
5108
497
73
491
7245
469
236
424
40
6194
371
393
492
7158
20055
1201
19561
10439
149
469
231
292
361
8100
11237
535
1663
23544
511
201
3800
13786
105
349
12182
2
313
27
515
11256
6739
9743
420
402
80
501
419
422
154
3743
72
234
14629
498
287
268
5
79
522
294
35
204
23178
2
369
156
18960
252
25
9
98
129
64
23
49
348
64
22510
981
2321
84
1158
15627
474
12612
460
419
7689
8033
30
1405
7622
23144
1450
18821
27026
480
218
448
20221
4953
11534
12584
113
515
17404
305
363
11743
460
8045
2009
197
4254
480
7988
380
13440
13904
3455
393
370
76
178
6142
175
208
1519
226
425
1321
218
5116
430
5775
475
3459
7874
248
2611
5997
20703
22582
277
403
6135
14378
379
5428
16843
452
520
13466
37
163
12040
189
57
410
11557
159
21470
9018
170
136
200
24751
79
295
47
23457
2744
24
382
6
4724
1978
223
372
267
18149
319
26203
11
255
29707
36
62
193
6738
5933
68
418
14181
142
368
14000
944
6610
319
357
223
188
319
696
398
106
12903
405
4600
508
273
29811
52
1777
234
6461
12913
1364
40
15645
471
25579
23090
338
188
31268
12885
201
406
5989
38
320
384
170
193
199
229
20990
11199
1186
191
4091
313
2149
514
209
152
110
326
187
42
5026
256
179
15649
2287
499
16998
7239
12327
464
174
222
488
311
5219
393
12663
201
2121
307
316
819
11114
8446
186
1252
4850
401
1088
2895
194
293
356
17786
8974
5569
16688
218
216
302
13105
461
496
53
13431
96
9696
181
508
244
114
18682
443
2
2231
21099
8557
15503
486
432
277
115
434
169
224
391
148
8725
365
220
106
20236
31654
271
501
437
193
9412
10170
130
158
320
460
189
307
471
284
477
2820
13335
224
64
503
60
491
19038
5231
498
274
36
172
449
429
295
4125
14563
27158
21287
469
20692
7196
158
3196
24761
26764
431
200
400
2683
364
562
9768
218
1925
232
11013
210
451
280
91
20737
3116
1980
63
304
7
335
8780
7236
81
18503
365
2743
965
2509
4906
132
5569
6697
4694
658
8679
10850
10452
10028
9724
116
40
2771
9444
73
14877
5070
11595
22834
2503
18966
481
13946
11121
2305
9004
9998
733
154
470
2673
385
72
424
219
5198
3509
22980
1131
8036
25
367
425
473
2068
444
327
497
31504
521
503
11265
78
376
2458
295
30
110
8248
18228
25118
294
13617
106
3978
166
12020
178
5016
12376
377
14031
417
155
418
301
44
346
462
13863
36
7072
18260
381
459
62
391
423
476
104
10981
189
368
108
5811
173
80
22189
462
4459
277
5636
136
4562
396
378
344
45
29440
161
130
286
2228
184
8640
9872
20934
301
17301
510
5983
21978
375
366
9738
13761
20258
119
319
4627
33
2518
234
470
121
482
1174
364
312
152
410
476
22645
415
21926
157
5953
215
6253
10987
395
3726
1981
66
26902
251
255
289
1228
118
200
333
120
486
5967
8408
773
29213
511
28969
10387
123
444
186
305
13929
20834
148
23
19156
304
119
3569
317
13359
142
465
37
18968
301
468
5975
9788
9616
275
1304
28511
246
15712
181
2935
6
9
20192
418
437
15365
63
3709
27
431
5437
154
4940
1685
6930
276
5
18542
11609
512
172
43
350
6599
8447
12327
322
20
346
2
14713
30252
14608
277
416
9694
346
16422
27
377
240
476
6031
3336
12377
160
95
3344
3444
11859
10752
140
454
367
425
14828
98
316
3748
134
27883
18965
214
2440
11064
78
20585
20083
210
375
1566
29
377
10587
10229
225
233
67
324
352
10412
386
5504
153
440
8123
334
374
8882
5366
311
220
207
18175
413
487
11578
251
249
260
407
22786
9965
6830
412
29
13520
2293
276
23291
141
5005
20284
4084
5911
466
156
235
181
136
411
6035
2102
4870
64
373
13897
261
402
873
22
223
356
227
457
30
232
20153
8676
20744
1261
9856
9668
20764
11165
19012
368
13881
70
43
277
16144
8684
16834
23966
516
441
354
5024
205
474
79
123
409
59
308
3689
71
3058
458
2413
156
24939
18534
18774
26125
352
361
297
358
2716
8059
1424
105
53
16856
19456
225
3243
9813
381
8282
160
5564
27244
194
307
22036
11186
282
389
491
1891
23639
1122
15047
350
4744
8247
2998
450
27227
1357
479
110
4
168
19240
6319
516
12807
12
183
26461
156
7876
1498
499
8409
7232
24682
25396
6356
20295
23990
111
3120
11901
19204
9074
388
12006
14818
10059
345
413
22024
19106
335
19111
27
43
7453
329
25044
7284
138
358
1176
583
132
53
11014
16638
617
39
2374
1531
10334
1807
8688
212
135
231
1071
27827
9843
64
7897
7052
9343
8920
12492
48
293
15963
146
21728
12731
165
452
4787
25
527
2352
3557
244
349
293
530
296
6076
159
389
5755
193
17179
269
440
20
133
118
9940
5325
2916
2071
186
8291
20442
17634
18659
3059
2291
6546
8160
367
142
223
4965
355
45
16311
188
13
4432
23113
13058
10756
15908
355
291
347
4077
24939
2734
430
11149
449
279
482
420
10
16139
6706
4557
317
231
221
238
274
16210
352
194
322
76
354
123
234
206
256
518
22495
95
6156
7755
12948
798
5703
20029
399
3302
2932
13773
221
158
3274
77
4481
30164
20
305
3366
17342
339
368
11641
6496
1724
223
5186
252
22624
49
7
22990
326
79
23144
1245
402
232
363
20267
14242
23411
221
19845
13432
4886
3458
203
27
3249
13542
208
370
13
20253
10
2530
20209
13497
225
576
190
238
9631
240
89
213
178
194
453
149
215
329
267
1630
17871
6207
2739
212
21594
6264
5981
9393
7
101
8484
493
20127
10480
6
30753
420
80
6006
35
419
329
353
493
22
86
208
1258
253
115
509
503
26952
8138
19239
13803
271
171
3686
321
24247
22896
443
12388
246
103
410
148
4348
12433
1883
22585
27
297
6511
243
12294
7403
413
198
258
149
424
475
8172
335
470
118
1397
18498
952
19491
12917
24
95
909
10189
8839
2963
30
2395
5733
8692
266
315
24833
115
12789
375
492
10058
16226
1734
247
431
15012
20349
22
425
524
292
487
313
87
10011
21015
19093
3149
138
299
21478
311
9319
101
509
28960
5558
8077
20331
17
392
264
487
375
2585
26439
19362
16013
2996
272
348
2185
22201
71
243
18153
6920
118
17199
11258
25287
3668
14224
3887
177
156
8186
190
5310
19906
36
842
225
21762
248
44
1027
852
226
112
37
100
484
253
124
3360
3288
135
8
17012
11431
387
4989
13491
4953
4885
349
351
11862
77
248
148
13602
258
16006
528
516
5436
122
63
22716
58
402
13191
17747
384
15825
9947
221
128
17366
456
144
525
156
11013
309
161
14757
32363
13990
13706
11864
8010
53
380
252
31
6405
459
20000
86
323
290
3880
12128
2405
14540
1195
250
108
351
5113
447
26
513
8633
4654
539
310
9088
294
15624
9750
9616
23453
15759
151
66
27146
256
220
16224
506
358
304
9071
15
4998
753
9529
25044
144
511
119
155
21667
23297
11763
15600
8098
24051
15878
17482
343
1672
111
106
24920
250
439
428
19517
271
121
470
13813
187
308
11273
8860
3547
104
16538
7236
23108
211
8346
11098
381
480
135
509
423
485
17179
233
304
454
467
18891
334
2544
14851
17688
30856
122
35
17494
23879
15611
15584
408
26510
67
29834
372
8984
1909
8045
97
287
24873
21576
9613
15993
294
293
9006
12367
89
374
210
130
320
122
1891
392
324
224
2643
316
4461
375
154
86
75
1979
24
7089
362
6019
469
305
13165
4147
12854
18271
10197
11
531
192
4380
9
8
1102
100
454
436
204
383
2686
614
390
10
12659
324
6010
7436
38
799
46
17021
213
18909
229
110
15893
24172
81
176
304
10160
241
8225
474
356
6168
233
34
6
8042
2260
2664
19827
21
270
18865
15918
412
225
470
6129
512
8185
428
6453
11263
337
175
1629
117
33
256
257
8
505
9195
4767
12717
233
7625
533
4459
5485
14858
9720
363
37
258
86
128
445
11374
205
228
412
244
12803
426
22438
14094
154
3092
7354
36
13523
11238
14801
324
11759
431
24056
17880
369
3
5082
180
464
1447
258
1713
7314
8893
6489
131
460
8459
75
2046
269
9064
10569
18004
1993
3752
351
367
159
164
16
317
504
108
20952
1817
94
78
365
22348
487
12688
2680
418
30615
333
13
137
189
238
18065
12812
26
6476
528
5401
4143
477
517
256
4683
1941
20731
2669
456
513
500
344
395
3895
8158
235
4975
475
10339
22
20582
3765
74
138
19481
2633
8298
235
4907
8824
369
18110
1838
3350
284
165
4190
20000
13154
3301
1232
55
24743
96
385
22403
177
433
199
20
315
27
276
7922
14177
296
135
257
31
477
4154
8612
222
513
20
327
361
370
5297
4873
368
24
11200
11427
101
17226
381
10578
118
5630
533
9972
2254
361
4991
289
473
512
23529
27590
2278
31554
24663
11985
242
6785
290
11956
310
3223
167
106
20411
507
150
578
91
455
508
2289
224
9
7851
11218
13979
16373
527
52
11195
20732
2655
21307
104
4320
173
2897
3153
12610
263
325
369
6274
18277
357
830
383
3383
8124
308
17527
293
72
12272
313
22187
3601
369
394
260
12893
29102
228
24
13461
75
92
386
132
86
4872
29614
144
2806
292
240
8050
201
93
462
452
10542
4112
5033
3053
3798
166
3349
337
269
13157
14735
15293
8785
28588
23428
2
430
604
8550
1163
2652
22414
66
12291
27
5840
19246
1709
14774
7345
524
497
353
3703
5123
7169
392
24930
507
97
474
11572
148
11091
3546
10758
90
24154
6908
7489
6136
389
192
12988
2522
3072
165
6999
5638
516
136
55
17963
16216
8507
459
176
388
15523
7002
201
119
5291
5276
11125
3962
401
2018
26420
3516
528
14536
245
23645
2518
343
97
22125
221
301
6358
12
9454
10
15939
4123
28466
5829
6312
72
18076
56
190
338
202
17963
131
16097
336
13600
2843
556
6447
517
23675
16628
2086
130
455
198
11805
13954
16743
390
546
6285
402
252
240
27
533
176
436
11184
293
249
33
12297
15329
131
175
267
426
110
480
285
31661
285
291
17819
398
385
375
9579
161
508
477
105
6826
413
403
21760
22514
6507
462
16329
419
325
11485
14788
2819
2034
104
1526
22847
9891
17956
298
4963
148
10697
13058
206
13198
9913
1274
240
11
348
280
25537
19852
9270
18202
355
3687
105
94
5253
22026
312
11088
8483
10489
517
30
155
33
9683
455
14124
328
10513
266
238
172
359
13221
11732
5443
5545
13657
371
268
356
8792
21
11560
92
263
184
9146
10645
16887
24483
141
2721
515
1112
21388
10839
323
113
10728
447
392
21540
495
346
293
15608
5
374
552
9887
462
13388
396
231
99
16545
303
535
268
9804
204
10972
2997
3065
19032
9200
1064
8210
216
191
22851
13928
397
284
106
1308
9331
27956
20878
147
4398
492
9464
521
18961
51
157
183
62
307
44
15728
336
392
406
3770
466
39
497
181
19010
454
124
422
2916
333
1446
463
413
516
238
4546
1573
10299
419
2960
3256
22940
27
16387
11281
500
27
117
1172
14243
29699
224
332
515
108
237
487
5064
4010
22122
365
424
21750
57
7252
9179
481
231
4860
10758
21537
72
420
5074
18821
31689
466
20128
1955
17668
8914
11427
323
311
283
14341
28523
426
449
14755
386
98
9280
16048
419
12907
23725
19469
6652
171
360
2712
25337
1335
11704
75
10341
315
172
7846
4533
2045
389
50
23283
353
142
427
455
4832
1622
46
24090
13833
16097
383
22026
5495
21280
7429
249
55
1140
3621
4204
6668
355
4899
52
547
479
14317
131
10490
1084
247
12591
41
172
150
314
78
423
138
496
198
11842
179
1392
182
24730
18569
383
490
18615
488
280
221
401
2540
24553
8947
9566
510
121
500
167
103
6118
4740
93
3757
1173
14188
1015
22680
476
5685
516
29309
6282
272
161
173
1
131
154
13239
326
502
126
946
31213
25679
27882
8408
187
118
2026
513
441
137
512
204
26565
6
6742
7592
21805
10961
182
202
10564
92
25586
6119
3995
6492
482
140
497
1139
122
14670
380
20396
346
5376
10159
89
223
93
22187
139
7509
332
2753
5019
22697
382
2718
12939
141
109
8291
497
19176
120
106
28
474
21630
203
98
106
19472
10670
26618
115
286
19
45
55
20610
10258
187
162
339
16023
5391
318
16915
3292
15705
98
131
3387
386
248
362
18078
407
17897
20166
5625
2832
383
32451
321
56
21182
283
32
344
6408
6000
20965
525
11091
17742
7174
45
29913
335
17024
11333
4525
828
512
364
6616
273
1631
351
388
1440
7747
401
519
288
171
1105
18287
2014
253
6276
515
2545
18032
404
1318
504
9431
18
26328
391
464
9845
3005
8967
3390
5449
1815
444
298
174
27302
9632
333
5661
397
479
435
238
12478
305
2856
22490
511
1352
14341
742
8685
409
20800
11052
127
324
265
1307
205
7381
5714
49
231
496
507
232
28
15353
23007
281
118
15931
47
178
311
20283
133
76
1598
7616
1688
519
393
3000
110
436
73
355
30160
13080
418
215
24297
237
7920
112
5684
487
23335
383
494
445
18701
355
21526
5623
437
454
431
40
52
206
227
481
18690
28303
10525
180
590
448
226
16040
170
7760
22859
3898
373
270
467
11266
5723
8384
6908
488
25615
4240
26
266
104
269
470
188
16171
7235
203
22029
146
24751
4644
15291
103
351
49
17174
5942
11672
1381
568
353
25139
253
378
421
154
19190
24224
331
86
10539
439
220
6
358
91
331
113
27
418
185
5716
20671
25
10208
607
1525
281
194
21573
3787
231
505
363
205
210
132
132
8942
33
233
444
9019
8675
6401
14469
154
220
21497
224
5
28901
61
322
162
16710
117
363
8394
159
185
1
320
169
24044
17445
141
11840
4079
20528
5409
12635
90
12
26134
214
1899
20865
375
409
18166
195
5115
352
2355
3327
79
259
372
498
11338
492
110
195
5528
293
8596
174
380
515
95
521
356
220
63
235
420
278
410
12510
5188
285
9348
242
175
16336
34
17
370
7920
510
486
358
7620
8517
403
408
12507
83
307
22145
180
17577
258
959
182
282
14928
22044
261
4828
2808
11333
4107
522
289
18411
8018
26
501
4260
77
121
354
317
656
401
448
750
422
7831
17566
15684
211
174
7322
855
12310
268
2014
309
17346
11997
6098
299
18504
9775
3594
338
1480
177
84
455
500
48
22510
342
17119
146
338
418
477
9803
29706
12690
24865
128
473
16322
3094
9912
11488
155
3018
513
23791
11027
6183
150
19326
360
1704
512
212
3218
10851
14
516
15582
17528
489
11638
102
1743
103
311
1900
3555
21068
136
6323
13980
951
15690
103
16523
440
86
523
18478
222
451
398
18116
115
7227
323
361
10508
27247
61
528
462
65
492
436
195
427
10031
153
196
70
102
7722
26811
319
1922
6490
8479
11241
19338
9
15239
2480
372
14890
8981
1222
20466
224
36
49
5800
16333
309
428
109
42
9274
15997
25
16963
481
18580
377
455
317
12959
138
5995
10022
373
7984
28269
19033
18384
174
4962
436
478
449
286
217
3855
28737
469
474
132
369
14991
6460
420
23
29099
154
11933
436
19283
10538
51
186
9998
10377
512
23294
16810
38
1230
1424
12559
12210
24474
14944
418
2434
413
62
110
183
151
24681
157
10730
12
513
373
18739
406
333
11587
1313
13954
195
524
18868
505
445
18400
10621
236
396
982
15559
60
261
16732
208
431
23867
165
526
26992
263
18250
331
6964
18744
24103
245
4750
465
5445
8613
298
15214
535
17800
449
484
16699
13338
234
13188
13788
429
492
504
13242
13533
16450
467
494
60
19077
250
203
124
8987
527
10322
409
410
634
379
189
24325
537
53
5496
504
18866
11980
17010
9888
2528
315
2300
15174
64
85
256
508
20587
17148
17009
21528
9091
21757
20891
46
12209
247
25191
516
237
7575
8561
239
17992
144
276
20
12830
8583
396
71
36
274
221
236
11859
2691
63
391
197
265
19136
20681
7568
37
9975
83
2022
154
149
17581
15612
473
11448
3297
12210
6179
514
3686
74
11967
36
3258
1429
10895
229
368
381
321
39
9253
2708
14435
486
3969
8686
20702
3322
2835
10052
310
12067
214
22655
17
248
478
360
249
194
16970
384
12295
434
6811
13121
351
122
114
3180
19789
126
174
4723
1673
11616
32144
17143
16234
6115
22346
9
251
65
6547
1070
12755
2176
500
99
13699
16178
8216
12309
119
272
257
18209
2555
322
1020
228
267
22124
335
415
412
467
18722
10023
388
47
17092
4
403
9576
13137
234
168
137
262
11217
169
491
31505
471
325
333
184
111
8092
439
7610
99
12423
458
305
21846
228
11127
8361
15391
450
341
27438
393
6658
378
62
510
2705
513
119
20819
238
8000
161
251
17344
127
795
509
2658
336
394
235
321
438
22274
5549
522
491
428
420
165
283
5078
392
26
1498
486
31837
6214
286
419
360
28790
476
2585
387
9775
22545
255
435
10917
434
192
20088
3441
309
313
89
663
369
8501
12200
14477
11270
115
11
24053
195
2633
16721
4058
197
29566
17535
6642
158
444
286
92
8954
11153
22451
321
28092
307
3635
22519
16686
20629
111
43
328
528
5494
210
515
51
23663
534
9589
19202
234
16145
91
160
282
40
392
17442
8714
48
12781
13
4988
27884
451
76
27070
42
17472
555
486
27425
12270
285
15762
8766
428
4447
208
474
362
331
55
203
399
456
8211
8214
2464
29
6578
10206
278
30082
528
4288
14006
23071
223
291
362
16445
12
14152
127
12767
2931
143
23501
127
29196
377
136
248
461
25037
3698
8471
1097
473
119
79
228
6409
501
85
5610
29
187
13628
292
22728
296
425
120
46
6669
9
22198
524
21386
9030
3411
8922
224
8073
3446
61
332
36
1958
1033
7459
163
310
521
467
264
195
8664
428
6849
413
84
111
90
21018
18768
341
10007
491
181
520
432
18833
7835
9077
249
308
487
21322
13351
1035
22571
16278
163
279
261
338
16469
26037
9590
395
507
12465
3981
6888
158
14741
81
216
4557
348
491
19317
19810
342
961
267
395
14830
11690
162
472
337
10656
1987
516
15572
291
16544
194
352
21106
11091
436
201
91
16441
213
227
135
28146
137
5859
6147
7960
7119
47
480
1031
3725
1
18455
15904
4605
76
243
271
223
488
21977
339
4389
380
3368
7441
245
8376
8442
983
3964
518
9914
743
476
262
14772
200
50
9962
478
13985
514
5478
10515
2427
6270
20643
663
18840
174
5390
24710
24292
11195
87
15594
367
24413
378
73
225
3496
24971
277
21120
420
276
241
13426
12969
3798
427
5071
371
423
224
21652
282
284
459
10353
810
18072
41
13821
10854
114
11948
9638
10032
353
1745
14951
20733
408
1523
368
5522
6276
409
75
7445
376
111
322
225
3119
24044
8823
5683
1508
290
15744
9154
18768
259
3783
7542
25340
85
342
3623
101
82
111
393
236
506
21394
405
474
452
13885
279
23940
455
24710
251
485
93
379
356
463
489
181
302
8006
20926
7367
9
219
13132
213
282
407
4618
70
377
15869
1177
10610
5164
12103
12722
530
25968
136
9194
22029
4422
29960
146
435
29898
3364
15329
256
376
16183
11744
301
17629
25711
408
390
102
435
194
269
2758
11396
5690
69
256
145
16347
21
353
191
2666
4
473
1684
288
3953
63
91
118
318
6530
511
5774
508
6583
114
416
262
2482
10
122
258
343
146
13052
22895
407
27735
193
329
3192
461
16097
193
18883
2336
8440
390
5515
158
282
244
12252
12459
12529
3533
91
16125
415
3126
376
319
12743
504
24777
12932
5
11155
114
14644
45
144
11867
150
9115
68
206
7402
6325
10
6875
9881
3333
424
91
7059
120
4190
87
2611
2854
4767
302
108
3448
15654
10275
118
10977
50
455
29956
3512
307
169
251
157
21991
500
527
6018
474
12270
10224
453
524
24443
3245
9062
6210
25791
184
173
25753
410
17122
1618
2271
11815
247
10677
178
3324
176
1368
11895
497
516
31146
63
273
3762
2649
9944
264
4
19497
4189
63
12595
4476
276
197
9974
650
20167
28349
34
8087
309
187
18023
24419
403
185
395
19080
85
335
7170
3583
514
252
8326
13910
7457
2662
13666
18614
13351
18333
3526
11883
6876
19197
5289
9544
87
174
4918
459
326
12
430
369
8427
99
347
261
5031
1289
8823
290
321
16320
317
3718
829
17377
19143
10824
2846
417
23479
336
1060
166
5021
7169
479
16471
498
36
70
365
242
97
96
12
144
166
13
159
23
6954
453
21547
359
28952
11461
14348
12460
159
515
455
21154
516
5304
11193
8654
70
220
5428
797
29
18842
507
305
11624
8693
228
23365
28
9915
172
896
488
108
323
4535
292
4363
6811
11359
180
57
504
210
27965
212
10123
87
503
263
283
12042
328
1852
158
2721
18004
11887
230
393
23
6983
499
9088
531
518
560
4833
1236
413
499
326
442
12034
4783
13673
21106
6757
5107
523
35
30773
4970
8234
3465
40
22345
362
416
28816
18883
5825
4847
464
376
157
323
467
1311
13599
308
262
4
313
468
41
160
297
291
48
5913
14152
403
5089
467
490
435
14020
299
3495
2118
4837
9825
499
162
16953
441
54
454
158
13987
4375
3290
435
59
3611
39
7290
23119
17785
343
1274
22312
6263
2630
19592
60
59
508
2601
5232
653
477
338
350
327
3047
5188
458
5948
512
505
189
434
4923
290
242
1530
235
2814
391
4247
20876
18307
15490
5190
6729
4971
103
11
42
9859
86
349
193
18530
298
62
2360
400
10387
218
11622
2032
516
2739
476
418
20751
314
358
21415
6398
134
13026
498
25800
409
204
2518
91
179
9344
5829
1853
141
5076
61
17313
333
183
13502
285
1169
19018
500
7151
30
9098
25540
440
22
9528
2973
31027
8906
3297
441
15003
4397
21
6797
17407
73
9442
8402
148
272
10507
10837
496
17848
264
15532
200
314
4083
15431
63
482
170
140
20337
76
17285
505
1125
253
263
327
3
264
231
4783
8445
12511
526
31
13499
11862
7924
324
465
394
13
226
7089
303
439
3094
20539
435
180
56
12707
31
7025
6959
206
251
21487
426
3275
1429
408
343
1767
378
96
180
352
126
8
169
5053
445
225
16
21133
223
27
248
421
41
68
380
12470
448
56
310
14892
8366
62
3120
20032
284
19671
20
17089
336
503
6313
6241
146
316
189
504
511
226
15794
291
104
54
332
11121
6593
434
441
19943
21945
13880
296
113
4542
11990
4143
28544
148
427
2808
3780
245
9023
42
6485
516
6872
63
305
338
191
3047
25913
166
257
2760
18256
4587
6910
14646
513
93
15015
409
114
433
5239
318
484
245
373
7826
14605
276
65
112
86
29897
11891
288
26222
297
7890
1682
5088
367
2115
7596
2014
423
1081
59
101
14811
209
13547
17657
95
6837
2829
3305
529
29512
6322
1101
2788
170
17299
29833
236
192
9476
224
415
472
391
11857
501
237
202
215
12625
187
4952
5713
931
7641
8139
399
7729
11292
278
481
4793
375
57
19515
7911
376
5257
439
10917
13642
6532
8818
16542
6359
7398
24613
89
4703
155
118
19675
16697
447
828
17417
368
22282
421
12360
19
17095
151
42
10250
23722
350
438
127
1574
21506
406
260
3032
9133
5884
26934
189
62
327
4808
203
219
8
23642
19409
25259
5668
12170
5152
96
369
16793
13013
57
375
53
455
537
67
5981
521
11748
31612
121
207
8193
291
57
480
11771
122
2150
10707
9226
70
5354
17672
17435
23495
9439
452
18420
26578
2770
367
176
7184
257
20485
25439
16545
89
1805
16861
13898
11083
6729
128
5907
49
253
21454
423
11316
12611
5632
5301
17454
11128
6290
7828
1007
4480
11639
11030
193
20992
325
100
131
3755
16092
31190
2200
96
275
460
73
22762
150
1758
35
337
84
24127
2344
13042
7894
4818
193
5758
11204
13953
208
657
18479
287
18677
379
1768
334
68
269
297
318
358
337
388
26252
10
8355
10261
14127
11330
8056
188
72
435
3610
511
116
4073
9867
406
477
240
520
309
435
27296
487
5373
439
2998
10798
250
18428
394
21135
927
498
6
146
103
414
11266
13067
323
176
250
116
11716
514
9368
95
12801
1967
10682
875
474
5210
435
476
13397
282
36
204
489
6345
6432
14577
3183
3133
1396
7401
22149
330
3933
125
1284
142
338
180
3682
485
450
11777
502
13320
403
531
46
6745
165
30
1003
10154
16824
304
6502
48
163
6515
154
94
11568
144
412
480
22711
143
96
4976
2877
16938
9019
14455
1170
196
7746
127
124
3350
8362
4327
452
474
20827
14
26593
499
7979
4832
320
4595
296
15584
24696
518
98
22454
302
51
157
9402
17403
151
258
17229
27
19977
673
18
531
23
458
28568
72
118
257
1148
128
400
89
7110
4394
389
15100
6154
467
2739
104
4661
17
17861
137
68
4058
29109
1372
407
388
452
9361
323
100
97
26
333
7254
474
319
25
8580
266
118
14126
321
380
13469
193
336
62
87
15632
401
1253
3143
147
13854
445
228
2928
451
274
18316
6929
83
343
9516
470
46
411
244
3091
295
10
198
29756
3852
392
445
3027
95
19450
16152
8863
178
305
178
398
62
140
510
3967
19807
15197
185
456
125
8953
28945
41
97
28901
5015
394
167
478
375
13140
432
275
11851
525
357
5520
7605
190
501
420
449
380
404
19530
320
31
466
6218
363
330
68
181
15840
30
13366
208
1370
296
142
204
14393
21475
24230
18618
25686
506
3586
296
154
14070
13297
201
274
244
374
15
62
479
380
2012
270
11207
2090
2603
20925
21072
239
20044
1163
190
5655
121
385
422
13573
267
27803
27879
110
22
111
11406
6172
26185
5250
9174
6898
17557
475
1117
378
10796
23288
10
317
6070
27633
5348
337
13390
438
14350
66
69
391
509
398
27093
18195
898
5964
2231
412
26093
144
16226
196
6124
5907
21561
282
22543
44
265
512
9700
451
278
121
9378
258
155
137
12278
148
604
25354
81
1332
23994
312
15535
50
2562
2568
445
476
5624
426
283
209
435
138
465
4982
220
342
365
6858
131
380
11127
38
16748
337
210
232
72
24838
3861
21739
4
4608
15841
5855
6606
85
19
20026
7631
1036
7083
17304
10224
317
49
95
67
13032
18861
15134
1824
201
360
21942
8862
481
446
2656
303
173
364
1415
361
260
400
193
6720
46
7
23633
874
6891
180
218
8565
210
529
18129
220
83
174
508
504
8768
1944
21344
29761
11453
409
6424
117
403
22071
16300
118
35
465
232
2628
114
18895
229
184
153
4805
142
19516
8139
12923
234
271
13564
7575
12854
5262
243
12869
28838
154
455
9793
359
20366
3147
407
11909
420
23564
11048
511
8137
1398
2026
5989
175
19960
81
212
4919
5233
9353
423
23130
32
334
121
15095
2710
25155
186
522
12253
161
429
2400
14643
20067
5028
13376
6393
19805
143
510
185
10812
6058
204
7338
10084
185
527
54
22
3702
27554
3549
1596
1114
31993
379
21028
3887
19237
2246
5316
165
27
6962
460
464
13467
118
1275
291
23892
11325
452
212
429
185
463
20
96
4
27330
444
3084
313
172
2036
25300
12301
249
3825
2695
3680
320
315
13518
7956
254
686
295
6950
23459
7506
290
9046
26897
10002
5981
11398
10524
211
207
242
598
251
407
140
128
35
451
375
12106
108
346
9056
498
62
10004
292
20888
339
168
3197
279
1781
205
16563
298
10789
177
263
6801
12080
38
1464
971
12926
242
367
252
7363
13128
5020
13
216
159
11204
17380
14842
293
34
127
15803
68
317
9575
62
11658
8314
16616
4374
9704
333
279
345
15323
367
361
488
328
24235
480
485
397
355
151
22
518
8206
1051
7152
13877
20854
199
364
360
167
16781
557
328
301
24607
282
3196
9103
6006
303
202
4873
87
7614
222
478
16981
213
23274
17837
20489
1506
1858
15112
12744
197
440
121
375
48
22808
211
399
54
157
106
14038
12
328
498
9066
9608
22516
419
18274
90
6990
8150
19
5028
8675
5930
20756
7096
460
4130
5553
3671
107
26237
5353
28
351
196
11722
229
160
403
3111
8551
9201
26
4801
38
5301
3669
7820
91
13107
154
473
12867
3215
3984
245
3112
386
336
6385
170
497
501
217
171
70
13286
293
392
8001
514
7800
264
511
483
178
297
255
276
13
793
267
5629
3264
172
210
19338
250
266
21421
240
94
216
17824
509
180
112
20959
5578
15430
256
2682
392
353
377
4385
15374
735
16
480
335
7363
22879
1821
3817
330
16435
490
292
2635
443
22
113
17564
444
175
783
213
244
19106
495
420
460
220
20151
258
5374
23606
11361
16010
102
6415
69
3685
21511
46
9337
33
18932
482
11275
4054
11
510
482
394
384
134
153
219
6025
3818
511
8839
18172
96
333
509
21
835
129
17306
301
187
406
254
311
316
115
200
266
3805
286
245
19126
16407
409
34
5537
132
58
224
432
177
26480
380
4741
15693
2767
264
45
16889
441
9962
409
521
15922
211
113
35
6519
8886
13647
5529
402
20564
202
349
2908
9928
20004
5095
258
4308
133
3581
11893
6909
6979
23
3959
6168
57
4294
49
5981
687
4805
7320
427
40
12637
7920
11347
131
106
329
309
72
126
4811
237
1154
2742
7569
326
157
1821
3092
406
20747
17987
9449
7802
17931
73
10491
15049
4596
107
11038
146
473
260
14210
4013
425
15217
28099
8235
159
243
52
11797
504
283
55
19161
218
265
461
89
273
15451
2444
147
278
445
128
25492
25259
453
22551
411
23444
6833
9458
353
135
18056
363
24181
99
391
25957
428
10636
19198
22464
272
50
2397
420
156
14720
458
788
9896
260
534
4202
233
13011
511
4957
426
10327
21196
16426
273
2226
25500
336
102
8736
28283
287
22966
184
1893
6079
178
149
530
179
14114
346
503
330
17510
6666
15907
15194
9595
14172
8257
23388
10780
161
25597
350
19371
409
12882
16340
15874
64
210
398
487
510
447
331
379
73
12486
8644
391
17628
60
11506
2405
172
5884
9277
16797
116
237
2852
337
473
363
327
484
7103
364
12035
424
319
448
16640
1474
210
2748
9356
2233
477
6335
202
7165
233
16527
82
520
45
4624
10239
363
10772
112
10252
20399
377
6181
368
182
389
27
10013
129
186
359
13104
295
7522
432
60
11798
161
25302
332
26060
406
172
509
12992
382
760
475
758
20
226
5856
7854
19711
4
222
779
464
48
184
685
391
8768
416
12594
14236
13729
14680
78
471
24732
22507
27018
336
3349
9
27928
176
27354
3133
21067
275
4472
26648
453
1869
3984
248
274
13115
113
191
143
9327
9430
4542
62
15918
4367
299
21167
14592
370
5745
8084
512
58
207
386
168
2146
10478
876
17749
14473
372
17020
3412
223
400
482
8598
10192
2254
524
380
319
229
478
456
120
7854
92
1426
460
459
20739
1429
307
15
352
46
505
23105
50
6540
431
187
425
383
19821
6952
514
453
171
13
19607
172
21376
127
6253
375
449
14561
4579
21
179
148
436
20679
22726
225
27
484
27772
28
189
452
19445
430
929
163
6949
22986
11710
530
9459
20
105
112
12479
287
321
14623
28518
22597
13029
142
72
467
16662
221
349
191
23319
2155
73
502
27007
18096
3839
5519
293
6188
448
468
1270
224
27815
422
425
19053
91
511
16661
1525
78
4315
167
523
217
2291
430
163
21377
626
104
523
3828
430
23298
21190
380
356
6489
103
3753
519
8927
3489
527
272
303
6
13569
15479
4
296
339
418
2471
166
13229
20623
181
253
240
19320
22
99
522
351
514
234
13538
353
462
527
316
57
1378
15385
44
193
23729
1356
18823
2702
400
421
10056
11656
1024
1778
288
202
27
20395
420
1062
10127
57
113
795
4090
291
251
11639
200
25441
22236
88
81
20919
64
408
206
1
275
2714
337
10700
332
128
25293
464
8207
259
25619
3103
446
24
474
3627
23582
133
15254
3120
8337
411
433
10882
1297
125
17522
452
443
70
10124
257
125
29864
2111
26633
11560
7700
340
525
308
23634
8497
12332
4123
122
15672
240
288
7183
412
14
371
3817
340
354
246
16045
2900
5207
8067
628
12465
111
11093
10405
486
1072
14679
510
2103
365
449
427
5830
27141
92
121
381
1869
13440
324
138
13228
20747
2125
44
24742
27964
7
310
334
281
11410
6329
155
170
3107
8189
194
198
6533
104
279
249
280
99
438
383
8144
3120
33
106
242
340
450
2926
359
516
17562
1
23554
11650
13195
59
10808
19732
12842
8905
456
20107
506
236
286
128
375
420
8650
30
1291
7094
488
299
97
6314
14797
206
2563
399
2263
8527
443
3930
681
377
238
185
429
8383
22832
12501
27327
195
390
517
10504
500
70
11841
397
294
215
27799
187
4829
1300
42
3487
130
19
463
17858
14300
2588
214
15
34
372
23737
6382
472
171
13887
8647
301
139
3610
15763
298
11271
8114
31803
66
64
19708
22751
6005
266
471
18415
4707
5806
21462
88
391
431
525
1953
513
458
498
17416
363
307
198
27
362
8006
2872
1154
24
18839
18880
199
167
9652
423
7086
20884
272
4645
21972
16768
150
2554
444
388
1008
1625
277
45
150
76
11905
41
348
2054
521
12586
512
2101
14041
174
502
13802
8991
166
4972
28872
6853
404
241
139
183
11271
27435
351
11697
3671
471
329
182
276
10003
66
27
84
2592
215
6872
988
148
8008
87
62
11291
36
58
29
9097
257
532
432
6908
11201
182
18422
15129
2108
316
7551
46
254
17403
50
28
213
3901
31
10810
434
15060
427
22620
98
418
6550
91
2589
12743
5948
19904
9255
469
7845
14691
462
186
10789
12595
343
13992
199
753
7498
304
9139
4999
135
11363
21976
337
193
69
334
446
124
14890
136
413
7010
316
3041
15702
17026
15
144
16288
6
23210
6126
408
108
2192
2411
3985
3836
4168
10384
8681
1786
450
278
327
116
265
2150
155
2703
53
314
410
23988
9019
263
412
6140
523
19721
381
99
1
6788
13991
22399
253
12842
10678
5462
121
25759
245
6041
190
11763
5442
99
17428
2277
190
6034
12766
19
20339
15376
5953
20114
430
485
5849
13443
16728
16179
1801
216
45
5572
7756
95
181
6391
282
25319
358
9369
19460
4253
13326
7991
229
474
93
7619
13718
23673
230
15059
97
210
341
17222
18227
219
79
12244
323
140
1865
22429
14517
251
1772
6528
501
20874
7836
510
416
352
4667
12522
31889
3546
16902
5
124
253
478
3259
387
19113
11088
274
111
134
156
207
20163
337
12061
5688
4665
2108
268
484
11
243
8863
13284
127
17629
30591
968
2441
14695
179
20113
16
256
395
18851
5110
522
334
55
968
491
11517
6959
12
436
154
59
5490
229
283
415
52
201
531
219
10878
25862
7027
17021
1438
67
7686
145
449
17058
20948
143
327
273
510
9676
270
166
15
377
400
308
10601
255
171
9268
18111
22
130
259
7685
256
10775
5600
477
7392
19943
144
277
318
15295
210
462
26495
32
15221
277
27414
542
111
30535
11622
101
16716
10341
16623
450
149
483
151
29292
4789
14682
12546
265
430
7826
21743
243
8285
402
395
494
46
20
423
10506
3791
326
17443
61
3397
20854
27380
3
14633
353
103
8827
475
4702
2445
349
130
291
16347
30295
2541
142
10308
24573
27367
3013
35
206
283
369
3421
37
109
104
31454
203
202
192
3054
25700
11258
153
10774
17815
11587
402
18984
418
20646
11118
2221
461
14725
27838
5142
395
322
452
20167
381
24
26
290
490
18437
341
11
721
17636
205
255
21159
19092
53
16070
15828
2743
12434
5437
147
515
32928
2636
182
3347
494
4547
332
2
17824
68
251
435
10444
18881
182
15257
9270
4628
15078
94
203
488
55
30
14389
91
211
273
22141
442
25191
97
202
120
15105
18655
19755
433
7143
159
3787
25818
139
15600
155
450
208
344
2330
18517
9711
26014
368
4612
5747
506
15448
15767
507
11626
72
187
413
232
20165
406
178
122
278
17182
1325
18569
8547
77
76
128
5178
10343
213
7944
12003
281
16156
160
385
168
76
7828
294
225
7175
21035
11615
522
12684
261
12350
368
511
132
28797
255
9822
100
7418
18540
15539
365
50
443
16882
23013
11392
1558
265
6493
13173
15993
22250
120
21509
20567
5
9240
392
14644
1762
88
931
20942
17025
473
10936
7942
335
16108
157
69
221
7417
283
300
3767
277
8636
1196
13471
333
489
299
10744
9661
3910
24944
164
9226
19107
10
12330
433
470
213
14230
212
14089
29074
5911
413
23081
12828
6947
27654
397
10297
10411
9031
2020
22091
10291
19511
243
5812
172
9573
479
194
8706
416
494
420
222
121
432
479
12089
8881
18052
25010
169
28187
491
805
1821
22965
37
212
431
423
20822
4683
21838
16293
280
2818
383
22019
307
493
7271
29
17025
15649
468
10194
648
21460
500
236
337
17288
4304
8280
2153
7066
14633
21268
494
28422
240
277
7960
497
12780
66
513
1477
142
12028
287
457
116
1737
15501
178
18244
85
1202
13830
54
3004
19172
922
266
257
490
9147
11608
26616
51
3619
361
13833
12427
410
20338
2825
19824
22795
120
114
175
2167
321
168
482
261
13447
6047
187
25276
14547
185
520
80
248
13522
16523
285
498
10864
5437
220
2911
65
158
6162
9653
374
14022
8647
1
44
12
17876
195
513
1314
92
12204
152
5316
30494
22230
107
478
154
455
11329
2736
46
17707
84
179
243
30223
421
467
24217
26089
3264
18277
409
29315
1014
15434
9171
20300
170
9804
14688
18769
396
563
240
369
23850
402
17647
5056
247
16610
387
1267
428
26029
1562
18502
289
181
214
24358
15744
11943
188
8328
157
4934
22793
4669
132
362
13547
347
218
335
313
91
347
104
1146
478
233
2854
376
12
83
6768
16667
4328
222
14751
21
3132
161
364
86
17159
3327
17271
8925
21986
45
5637
462
191
277
62
27030
476
60
217
4161
2044
8903
102
5004
346
456
6728
18220
9250
480
10059
27630
137
377
22790
18051
219
488
187
31241
3075
161
279
5406
453
214
1067
374
389
4432
6295
1184
14905
4405
84
21901
162
104
18775
10266
7831
14249
12719
228
11455
75
4409
22865
12152
484
66
9144
409
3264
144
75
60
54
510
126
2322
6487
26488
52
519
66
54
234
7190
512
15953
145
647
7951
35
17154
1080
308
193
3615
249
469
325
10
8971
12470
504
13875
208
55
1264
307
215
496
16815
8805
34
7043
279
256
9760
391
526
223
348
7447
10453
60
6093
14227
37
368
10482
413
17043
3633
2799
3031
21
131
298
182
15612
446
18851
11682
1716
198
359
109
173
12980
75
5573
270
308
412
48
9700
79
977
6336
16755
4966
265
19254
363
938
160
1592
258
484
305
207
22688
361
25631
20878
3350
404
182
11006
478
3856
20649
445
3261
78
517
256
13998
368
3115
4203
13582
5982
3983
189
91
421
364
310
10748
335
60
412
98
4623
214
18163
31623
2432
7446
500
2794
10807
14793
246
321
29
12528
17
39
456
391
262
128
9867
78
492
399
4310
8527
13868
189
452
347
105
24980
8647
7090
7851
363
4
470
104
440
13179
516
11606
403
19243
217
287
10357
11013
169
16206
439
112
146
4389
322
16081
240
26602
17
349
11330
458
31
11203
23462
8203
11
196
3951
895
400
108
163
22486
3497
385
372
381
465
3522
645
7850
12683
13845
4156
422
197
515
1683
1010
3570
337
12604
2039
142
241
21838
4476
213
11507
347
1351
53
15113
19643
4164
16748
188
6342
27401
498
10505
422
7
26469
24472
4850
453
26923
28647
967
160
182
274
4362
12824
440
316
3669
242
108
18896
22327
409
16855
4682
642
71
431
210
421
6058
22195
6708
323
78
28455
306
19087
249
531
11255
266
380
8650
263
16269
10251
3834
8315
13
8047
33
2018
21965
461
15909
557
282
19320
432
473
24093
6820
1327
121
4990
11405
9312
82
4979
12015
408
757
16957
67
492
1674
402
18733
96
5717
29
9030
315
3620
125
214
11604
4333
448
9323
82
13174
18254
17311
500
122
2745
4958
417
15850
239
512
21637
110
1689
27261
428
8357
218
354
22052
255
365
127
1928
253
40
45
41
10032
3021
4473
68
2243
2021
4722
4109
285
204
10577
10928
3688
471
132
2477
4395
7
11249
282
18118
523
469
284
547
39
275
296
358
336
2597
25717
17455
7306
341
186
312
333
200
13104
5263
417
212
502
20344
523
16619
4779
3124
94
14541
248
1882
198
303
11257
98
7513
4955
234
425
24887
2
8013
4648
20826
26621
249
11079
17010
395
13805
7634
7437
17892
280
22721
227
8361
19665
12259
10125
7690
223
220
3528
408
13718
188
504
65
960
410
30767
16436
10
327
231
11364
8321
10342
21941
4453
1048
7522
13033
32135
206
129
308
2238
4632
114
87
411
20869
16568
501
149
11303
1713
4830
459
141
14980
147
9361
45
2474
8128
451
19450
9027
183
75
4045
5060
60
19377
341
2656
8289
4067
336
307
7429
145
513
302
364
14651
19699
14444
5164
3086
2523
527
218
2117
280
327
388
137
433
23994
493
341
399
567
88
192
528
486
26804
5378
7509
207
119
111
489
266
152
3
6263
9715
26077
182
105
452
11174
15669
422
287
276
346
16141
4183
602
388
207
13943
19054
7551
14617
7201
192
415
288
13862
19980
62
276
4845
2588
403
25508
16
378
13649
16530
8584
22087
151
26040
158
162
19
106
19877
59
8321
301
94
21352
6284
203
26357
531
209
5209
601
353
18
204
184
10897
24065
19509
490
18357
341
7039
24
381
354
298
3446
12003
334
6959
15764
26634
4116
115
485
227
320
122
27899
3719
8042
25985
20033
97
6530
392
16044
242
19004
5726
285
194
278
15901
2604
4727
23496
4820
29771
13814
5293
14056
28298
81
45
3125
2152
16811
124
441
1574
15974
7922
427
176
12464
3065
21
15769
8229
23304
16538
18641
209
15149
93
402
4829
5599
100
13571
252
13538
124
1189
441
11820
8774
710
534
12659
314
23732
408
4660
241
63
381
24023
19
207
14473
8260
53
8980
195
115
27353
18042
204
8306
28215
6263
1681
11054
11971
263
7864
129
16270
1770
21929
32
8695
267
402
398
175
283
266
20454
331
11045
3975
466
482
12438
10331
4969
19730
1
8421
229
175
4990
10510
197
159
4935
324
143
8289
329
3534
16645
421
20577
80
3383
148
31141
5450
28857
7105
4474
3575
91
5390
835
43
469
360
5035
20071
10168
17944
5366
221
184
57
112
8278
12941
79
144
4632
387
22117
515
28657
12562
361
525
493
1933
489
11324
71
11645
25273
1490
26
2671
50
694
15
14
16862
527
16518
8993
409
311
142
482
126
10167
452
177
2276
482
304
38
17756
240
466
505
468
368
18851
244
29459
883
8226
259
4497
5093
8821
373
84
5755
253
310
29879
68
129
20419
4926
457
39
418
495
12416
16188
15438
248
23959
3157
419
10483
220
6173
445
170
223
2630
425
637
320
22112
511
449
514
395
351
2917
495
9737
30110
199
55
265
23829
19360
142
382
298
337
21284
504
8601
14684
10111
5
272
5426
14602
198
98
14827
171
11954
1290
355
4091
488
147
12102
118
16951
2890
20317
11956
24776
24501
388
3811
196
225
2333
75
464
433
17136
12456
356
237
3
75
308
22055
9266
120
6817
14
9321
22607
103
29
19514
2885
449
10715
207
7938
8960
10432
4297
7459
28
115
460
46
501
364
138
515
244
430
8549
5428
12206
274
25845
277
3981
18803
368
16786
174
10208
4805
12708
122
235
70
251
3512
3685
10967
369
1912
483
15
319
458
5558
3270
30
433
39
370
507
15025
3145
9506
28068
539
227
443
428
141
4095
283
38
7637
479
327
85
1104
1772
3784
405
1051
122
165
27589
3243
1931
209
499
407
24869
6099
13997
20708
20786
243
391
1048
11986
821
337
364
13623
221
478
250
160
218
4155
3577
15745
10422
2287
288
26
16026
2501
23188
155
291
108
102
140
145
63
143
88
480
9544
391
127
265
18225
2193
463
10454
13479
355
4436
263
299
330
875
382
42
90
202
8590
468
511
23623
21459
470
14354
10473
10791
104
213
292
441
264
241
53
3122
11
241
7122
2992
435
225
141
440
13594
14475
69
111
495
504
3928
230
102
22001
6327
273
295
144
24510
1877
19340
7740
15420
355
135
4138
251
3459
16962
207
510
94
5681
190
11716
3899
2066
24154
224
138
43
12736
28792
15122
13938
4
430
17885
43
10752
126
12607
4029
71
7285
28915
330
2817
3256
7699
5379
18494
194
8385
1638
9668
22
4956
505
72
191
26
5642
20472
498
28215
12824
71
7384
8375
335
159
403
23
6933
518
466
3469
317
3
2502
457
5874
9900
18757
8020
408
300
952
56
15706
374
3877
33
22681
195
450
477
4210
517
241
11472
322
341
485
440
24
70
371
29175
275
6455
56
1634
189
373
7446
2360
386
18811
14446
521
37
25994
61
4936
240
394
280
12331
7143
9437
304
229
4069
8979
166
155
64
3306
72
8718
19943
73
9196
409
512
154
335
246
6236
141
433
103
15486
12898
156
308
569
855
486
164
21748
398
21016
13701
363
22297
7727
82
15597
12643
3178
436
221
16319
213
2416
814
4347
353
10425
165
242
4283
10603
15674
8567
20299
19387
348
16655
5633
156
289
13983
137
422
5114
16345
4982
387
8251
8482
5781
83
5986
829
424
88
14187
446
484
8791
7259
9817
1546
106
453
173
519
488
56
15807
6424
341
184
429
9948
9406
430
523
7596
21589
32
8725
3136
24082
3204
503
336
304
230
407
27224
118
185
2373
92
9743
4858
56
1
96
2030
3451
177
776
9785
948
965
9708
265
159
396
243
393
290
22528
322
184
452
13698
507
195
706
216
13192
3912
7418
351
445
1157
26414
24
7748
65
5682
72
18534
229
232
4588
5858
23832
353
747
21202
100
3900
13894
231
11870
16787
200
8940
18567
377
7605
205
3552
3283
7097
4484
6436
463
218
16226
362
349
41
11476
7277
6072
19932
18781
468
2472
7987
285
346
125
529
17267
1
9547
186
183
17226
483
509
16208
415
91
9
5096
309
20237
427
6830
407
304
246
265
3026
90
296
8197
9867
18697
1984
4494
303
231
193
5043
137
250
170
519
223
28688
9328
207
29
5590
12840
5507
2062
392
13752
21
2038
31448
16813
1932
442
453
19575
10408
50
460
356
386
6511
14426
372
26218
363
6937
2893
14
17422
17156
500
5936
2724
22623
13013
34
5588
253
7116
5856
7380
1120
376
3842
6097
14013
525
24078
4027
7298
3991
251
16664
61
2799
1422
57
22497
322
1891
19845
9631
490
433
2768
20916
47
4079
17935
405
2092
20120
22527
9
139
1354
328
3144
211
116
13182
10679
398
27315
95
922
10328
344
14809
55
15886
10804
159
484
7050
5020
2806
304
294
10332
207
162
467
1728
18097
388
454
15591
18032
483
5964
19336
108
10677
75
21711
6763
3316
286
16411
344
474
16395
4359
8387
6175
25719
11484
8711
493
9992
11453
14565
868
27099
11777
12681
420
15159
162
439
200
7527
4432
1201
325
363
286
19
1474
11345
1544
365
42
464
188
431
488
1494
190
84
6308
10570
120
126
426
172
3204
23354
493
1971
58
147
12386
1013
481
13578
233
88
8521
2399
165
149
10738
1535
6532
447
95
525
13805
14263
49
14728
16577
26222
252
219
4899
473
17445
181
350
490
397
9633
18733
7141
7778
3366
7750
3984
3614
383
64
439
54
325
28775
9999
103
140
5005
16496
319
142
17349
93
19893
128
56
310
27
345
167
269
7679
446
20
347
314
4507
141
88
8744
127
32
4544
117
501
183
21390
304
278
5654
6395
285
359
13045
387
1550
385
15427
476
6275
514
3793
241
474
10504
73
142
429
70
239
25243
489
389
12
18480
355
330
280
2290
243
413
7888
233
16190
241
493
437
396
16868
367
155
3153
384
21323
420
318
12080
93
297
84
507
89
570
309
295
376
7092
322
22858
142
21710
6804
5
11548
95
277
377
104
403
5286
25272
481
13987
13002
248
258
4017
4868
302
2925
12785
494
17
872
98
20126
6744
22691
16729
518
329
11949
235
65
118
21496
12
161
156
217
143
974
27381
24580
22482
401
20309
60
47
737
6721
179
27171
418
625
7
134
66
407
18683
21508
480
92
24010
143
366
262
264
394
43
4038
504
300
9238
2974
481
1891
511
149
11366
25
15570
281
13093
4363
5950
72
142
7610
462
660
4728
44
1989
24057
2202
2349
124
158
6339
450
430
485
100
12874
431
300
66
492
10
8352
392
5668
4937
22188
23784
371
79
427
74
378
280
400
27
9
241
510
27920
518
31106
15901
5996
434
25377
362
17
161
94
3685
11157
525
170
12407
8578
8924
4060
390
147
100
1422
184
456
16276
19922
686
9118
19667
6982
502
13816
7854
14
51
476
2319
5983
162
19365
298
429
130
482
391
7467
46
454
4965
4559
20468
276
9064
199
16
274
375
21432
327
23407
107
7081
136
48
6116
20784
359
568
22547
3877
9455
3065
13057
167
301
11539
114
326
4235
461
3032
465
477
4170
113
242
1899
5355
16083
385
11833
32510
67
281
2893
187
12880
316
10256
26534
37
7
507
418
6345
54
16274
295
3036
287
512
11487
14203
2261
15914
9735
257
35
2406
2321
1432
19908
17658
21164
303
13315
424
22439
302
9732
3880
7444
19105
419
409
6196
504
2304
94
458
6937
128
5540
8578
13198
1768
5233
410
508
13805
290
361
156
132
16585
4735
13647
153
232
52
126
299
141
342
518
11114
409
15375
373
12997
9268
206
2428
107
400
215
2058
10
167
8
449
425
46
426
166
349
10341
130
3050
314
407
2057
503
96
292
8833
26317
209
1358
325
12755
325
14347
3048
9928
421
2
13712
455
64
431
4724
8334
2620
447
293
14097
26330
8025
26713
12266
21015
15024
465
345
329
14088
289
1511
336
413
15545
213
137
3470
325
3706
536
13022
520
72
40
232
293
115
182
13979
4450
3601
94
17934
9912
479
19
30114
1031
11350
21329
14844
13336
374
216
403
150
467
541
5758
278
9148
363
166
451
198
364
24581
3424
522
387
14959
4280
41
506
9901
130
20
5915
1136
171
14383
8773
235
1615
3293
274
7755
444
15097
211
18719
6915
10221
2146
147
3064
58
2167
2116
2863
39
10487
1325
4505
6160
1375
69
17
20349
236
1657
25437
53
10143
16724
3715
11788
311
288
91
141
6769
150
3922
17150
6615
74
57
304
5612
15120
25021
103
5744
482
67
3662
391
1277
145
135
13136
21242
5
177
6406
374
18891
9425
25
5751
308
292
281
18860
527
5732
17598
7153
128
236
61
364
154
3707
463
5182
23856
12574
338
153
301
386
8739
21226
37
375
476
9267
9576
283
146
138
368
13113
114
65
6125
396
381
125
14358
10143
8098
524
7955
28640
25559
502
336
17
14956
28424
2680
311
428
171
330
14339
128
8583
432
120
288
170
18149
14185
217
12099
451
2017
42
122
23081
106
16130
10265
457
280
3227
59
24613
29
430
239
418
14323
19186
140
512
212
24667
17567
7421
275
6635
16
474
1143
3798
143
461
115
67
176
423
332
227
6522
13657
26990
4917
1
111
2545
114
141
3324
423
142
299
485
236
110
11988
510
298
10510
224
10099
2633
179
19
6286
22972
6435
19146
264
393
246
11869
1470
2112
28532
319
8
16366
5966
127
78
142
411
3958
181
161
493
20442
9260
307
342
805
372
303
3155
27916
133
496
223
4132
5908
7192
473
38
9087
8083
19111
461
5892
519
410
535
4647
7622
391
239
14302
537
1824
100
47
418
21559
247
4175
10507
27446
22304
461
338
139
491
251
50
31
256
18526
16973
2220
8038
15115
177
3926
151
10720
345
305
21972
2827
3396
5125
8408
8795
466
346
14921
283
140
396
360
467
5105
10
4011
9744
326
327
230
11653
8719
270
9130
11196
474
9927
16661
22859
27941
1516
503
10970
23310
405
925
1081
3478
134
502
101
2355
1117
13349
499
1690
220
5016
24412
7216
21985
5232
15336
8913
21220
78
78
4900
3666
10067
260
14084
237
7560
18833
10092
487
5559
8563
6947
4300
11449
2101
503
5
8518
56
355
21017
23755
20440
18424
348
3579
56
605
39
1333
20283
6120
382
29
22985
919
57
326
166
13239
452
10029
481
3077
442
21278
306
15344
19501
4952
107
386
140
99
516
12694
6315
7898
4031
12559
341
4577
8754
13393
10733
17499
9930
511
7279
28078
31
302
240
7567
324
259
466
9605
17082
22864
271
2271
114
13977
28097
12364
318
409
389
20117
23275
52
4854
113
1
256
154
5929
14237
16948
3432
2142
4612
120
431
427
451
22
20581
19027
2194
3559
28566
3016
2054
17570
124
85
69
6286
42
3817
457
490
25032
471
19562
359
112
10619
5125
221
503
17324
23972
418
73
13408
54
1480
7293
154
499
16474
429
18391
5015
15517
20772
257
6807
19024
13160
5523
362
849
5341
15047
281
182
4526
315
7266
142
479
12724
482
9457
14
783
20026
12820
14205
330
63
473
104
24238
2976
448
170
14130
437
4635
487
5474
17212
29017
8143
259
10792
13576
12306
342
11550
139
15
16
31
6211
197
2510
233
82
493
1906
193
23592
45
478
6254
46
137
148
245
507
653
59
446
485
6842
252
154
43
13529
27778
706
202
10993
130
23309
103
519
24109
229
243
530
301
4446
9490
3676
430
333
11002
442
249
14077
134
214
52
328
190
14193
74
15661
367
143
515
20249
75
6205
12080
12382
145
523
15128
24465
22325
115
503
63
14
385
343
26523
1300
22
8886
15666
9258
255
4363
209
4982
13539
69
9838
22818
11302
4260
206
266
10504
802
25
245
6105
159
276
523
11321
3094
25184
82
248
215
12574
131
11373
18279
7481
281
6519
2036
10655
8220
478
172
340
17495
10026
505
238
30386
3196
206
18354
23173
23
282
2562
485
16964
207
474
238
394
187
3347
230
15551
184
27503
128
10743
217
384
26650
23469
27
139
29991
201
417
8899
45
79
345
7050
496
130
442
19041
281
221
33
9624
394
23187
336
82
9197
13646
69
6471
16861
145
4601
13576
227
16004
192
2161
14060
1349
1642
11841
11182
459
25572
10267
352
225
8691
328
12767
5313
4102
10202
294
3889
144
242
120
15891
2569
1652
264
294
407
13793
16311
511
86
5454
9997
30
224
426
303
9912
20070
25830
419
26211
20080
339
9695
13255
18963
10143
170
381
28115
10318
17495
16954
22
16419
128
235
262
325
432
9579
201
42
3726
674
11269
8616
5594
15845
10
258
434
8677
210
5268
482
231
109
453
385
167
4688
1434
7796
6649
143
3838
12189
25606
187
2533
9381
129
5748
11192
1102
132
325
20452
376
338
1157
13641
288
412
379
355
349
344
337
10470
221
473
451
4678
4746
3946
325
307
355
57
217
481
523
28202
86
4248
1003
4
282
100
203
287
327
8063
328
14749
198
73
278
105
389
212
306
152
732
272
431
468
106
11419
482
311
25055
514
364
20346
136
8762
360
17360
181
418
17664
365
2032
32
2083
30
3134
38
19969
377
17201
83
17038
2980
59
131
17632
3621
19848
271
435
189
8055
8124
395
20867
9585
528
37
105
167
4624
234
12814
6511
27411
8187
25479
14905
95
438
29922
19050
43
502
124
517
28020
8110
12695
359
182
252
392
6
277
25808
1293
25738
4980
127
209
16240
263
101
2416
473
368
16575
57
778
1638
2484
7623
5199
144
403
262
3290
17749
257
15137
10413
10554
6
264
14375
3574
453
13864
88
15660
500
32
14213
1373
417
8774
11817
439
77
453
25215
374
3903
19705
326
129
11
254
6
44
21158
20391
298
328
24747
1119
19880
2389
366
240
93
205
6873
139
195
12096
134
34
502
6283
180
20
9526
154
916
8127
13248
14786
441
254
1334
10804
44
39
7360
46
14
21899
258
20448
7033
3720
5
43
8222
32672
111
86
187
2184
324
304
26253
284
3525
35
12899
338
10269
361
7747
2290
129
487
22462
23988
9
168
10704
363
114
381
24455
12053
14081
325
122
1339
19589
2049
387
9752
59
322
314
364
6152
4338
147
446
76
260
26729
2529
100
30
10103
8101
3983
6035
323
206
3
264
450
20
256
169
430
202
10191
19305
169
16281
8283
7156
2775
417
23446
29426
11108
466
441
93
7503
16345
16
493
4240
147
24005
24802
7471
15409
15333
81
17239
716
18347
446
29
3230
489
7754
164
86
14396
66
91
8832
21379
7762
7806
11534
414
138
474
21023
504
24600
266
19939
12707
401
7218
14354
5896
5803
318
28651
141
251
32604
21964
209
16719
15049
490
469
12374
10720
15019
8445
400
20837
6409
8735
406
388
175
371
239
21697
10295
3725
28664
116
6356
62
254
482
348
226
443
20816
13119
15230
1177
141
103
5198
23023
7627
493
340
1276
3459
510
224
75
9951
391
79
207
461
7
6857
7574
10
26706
4529
366
15435
186
5064
113
500
258
45
479
21457
12624
476
14917
14261
15
1876
21315
269
7417
7965
192
18656
5468
469
28
6498
25748
172
173
382
472
89
498
2245
253
489
251
2964
388
3316
22210
30
418
19787
60
49
5213
314
10996
21954
14540
12729
485
241
3015
334
770
371
25854
13804
7049
30
5251
216
8833
121
9565
484
10868
280
21976
4014
4826
12181
200
10723
168
169
643
124
13988
16396
7294
3432
4595
157
1163
492
14804
9787
314
19064
3
18019
418
6744
3923
143
201
9890
449
472
80
16692
176
6391
14991
443
3717
21611
17669
108
5298
167
144
4470
27461
24608
174
514
148
84
21942
463
33
418
316
14778
13910
355
365
9899
197
5195
464
476
9863
9288
487
9124
9533
17682
1834
484
498
10956
457
507
266
230
467
196
266
4581
78
7351
1349
8635
16763
16552
4724
22271
1395
11610
21445
3478
148
154
6344
69
67
1621
78
228
16815
25908
10904
456
317
4508
18857
20416
315
506
409
12087
9603
5505
306
8750
489
68
7845
2203
21384
166
6589
55
26635
25279
454
1948
11737
264
293
3275
260
226
20902
471
362
342
16469
318
69
19603
13999
184
11670
474
391
485
228
15
13933
3252
71
7574
19512
2518
25481
424
105
25910
735
1479
415
2115
3305
192
10650
121
161
19542
20975
6116
269
474
3733
400
5888
502
360
538
503
464
502
2731
9283
9
12771
521
6
1361
81
8171
5620
399
498
246
450
246
478
473
10777
1469
9
164
10798
414
45
2047
517
256
238
18092
8238
22525
1543
388
17082
22051
14400
11784
1081
199
21166
4035
7792
12617
380
501
88
332
347
18742
488
9013
21851
471
287
372
383
28928
8652
274
3444
440
12550
10587
2622
12994
94
3628
237
524
15
181
24523
364
4510
124
8456
5166
13053
487
1465
524
9425
381
214
211
356
362
236
59
21787
18326
3820
244
301
6181
310
686
3874
257
383
132
19024
105
31
20239
172
3958
384
482
333
816
15184
19732
289
362
367
205
492
196
2346
169
267
15803
119
139
36
19808
20902
8138
266
12062
6957
480
436
1236
16354
10843
21527
106
664
25185
26910
15465
11215
2328
13936
4726
207
146
515
4827
263
25937
283
5050
96
1305
5
21754
253
18603
64
18292
9263
9408
442
19212
169
12043
4705
215
44
283
4524
32
261
95
15265
27798
507
691
15948
17
498
10543
17522
118
7380
54
542
11359
420
2619
307
511
30321
279
65
882
400
30445
17155
20107
10167
502
20671
88
2998
3928
300
18427
4355
25369
129
129
147
14474
53
25788
234
504
129
19549
297
15605
21191
26112
21661
192
12688
13956
20996
387
66
14245
468
240
5068
13622
5178
25847
21816
2098
19374
118
18433
12906
512
8275
363
10063
300
28006
1278
7743
48
14377
147
132
6560
501
12321
414
115
15962
22778
1988
120
101
15884
29659
469
306
9922
509
5126
59
304
435
81
5355
23601
117
8533
130
23055
3076
16
2537
20902
112
476
412
2233
13241
24395
475
314
8540
5052
19999
243
308
358
4804
22986
8724
13013
543
25078
1554
12911
1955
6565
447
443
7674
473
65
93
29324
101
1997
497
42
385
162
18851
2
14592
4728
500
187
415
11383
9422
199
6807
416
4250
4771
8863
195
8791
4062
5073
10704
16824
5
11624
2721
284
23448
139
340
82
2857
5428
5105
12358
322
498
16096
392
269
202
289
15297
13360
519
5757
29023
426
8396
77
106
8242
2592
9794
366
7267
66
458
176
3833
309
430
338
769
1946
6963
300
2681
184
175
19365
603
7130
19222
49
21
179
206
165
105
4173
97
22287
20530
519
145
223
187
3928
118
460
1313
334
5929
306
10686
19203
10364
49
422
12015
6886
4022
11681
22790
3392
10312
284
357
13312
6989
3407
12
271
185
25404
12763
173
438
1535
15707
55
100
8871
86
7211
374
29333
20
2
8852
3634
77
1584
355
390
93
29815
150
508
418
1443
9075
21939
209
16518
381
124
22139
438
9875
277
434
206
198
7398
1086
3886
1052
102
158
6467
487
327
371
2576
4982
184
29917
5388
430
322
284
193
224
194
146
8990
27788
535
287
16932
1
401
2304
98
344
14868
58
452
310
3773
9778
10
1780
2878
106
485
10940
267
62
116
306
313
524
22875
6093
234
1961
17277
21069
56
160
4539
481
8499
19660
15742
293
9052
126
113
46
31590
21037
7208
23
7018
17722
19761
717
456
438
127
4828
17608
860
26058
293
7904
516
3588
2047
388
8833
22886
7241
148
182
370
3978
13907
493
500
6859
95
9612
14524
84
13565
26701
497
269
20308
1887
2115
237
372
6211
10577
295
19924
289
24113
161
358
29173
12464
235
16666
248
387
277
249
382
331
287
17123
420
9785
456
376
24716
2330
135
1003
4543
8
10600
181
13329
18276
367
5833
4581
219
10497
465
38
355
522
23054
509
5949
1874
445
135
8195
91
2717
8551
24562
328
434
182
459
104
21136
30934
392
268
21706
14458
8
14791
1095
48
246
7816
482
18027
109
19323
14209
73
142
201
304
1840
63
9643
29398
14837
362
8815
454
306
544
408
14004
1881
229
16652
370
180
10175
430
5113
517
161
365
298
10938
22363
247
19296
116
454
324
1505
7702
69
404
7485
5335
3990
405
6353
23280
6101
5265
8
11137
74
41
18887
390
11463
96
234
88
506
11915
918
330
92
10728
900
14861
5145
350
6345
354
13336
11336
5328
426
17551
9603
26419
169
84
1325
204
347
8151
26097
266
6913
8703
137
519
15995
105
214
143
2992
10265
23384
218
13551
432
3
17
7444
93
1670
3
30052
6601
333
111
498
92
78
389
15963
278
354
8738
4135
15462
24021
370
16575
51
142
14894
51
417
17430
7421
631
85
5915
237
342
92
80
9068
356
390
1897
98
3516
237
21365
240
9
20902
114
172
477
357
12704
334
357
17547
314
138
15610
226
347
311
6553
474
7901
254
6319
1570
126
7328
22416
5959
25675
147
25693
275
206
21486
12877
135
26490
477
33186
3490
25530
5483
195
23265
5297
10647
323
18824
236
477
56
15005
9837
23975
436
70
20
10765
20426
1719
8966
20085
440
388
300
149
257
158
18264
153
391
253
15700
419
495
12710
471
62
350
10846
722
197
13914
3519
16486
5133
66
206
28848
20386
222
441
204
458
5420
434
125
487
3325
251
294
2758
11659
2568
2579
304
341
451
6409
233
75
4357
16764
18584
344
11094
469
16849
495
7497
156
9028
4940
137
1735
14228
3817
15013
4
8350
340
50
21242
157
12
399
267
387
129
12171
515
20719
4428
19992
522
23007
12969
4679
4340
19782
5587
2
1123
10931
337
292
25803
6037
134
3524
20229
369
18404
65
6654
423
5929
135
308
361
513
15491
366
44
443
1342
80
19865
350
9675
191
6113
5290
41
538
524
1720
457
31294
445
464
6762
1255
525
479
155
2782
420
424
219
355
527
3298
7876
457
272
419
14954
16784
279
241
6838
338
2811
18285
17769
6559
22283
37
9472
227
8617
353
15377
197
493
3138
9
72
170
11753
272
452
233
103
133
14717
512
14018
275
7287
126
454
142
81
8664
262
391
233
296
380
7191
418
44
494
3528
97
4971
73
19523
4037
28640
18521
382
14663
7837
144
375
160
116
3818
80
487
375
390
171
71
23284
43
9240
15359
263
3
14547
8213
163
18500
151
401
113
490
21948
357
21558
348
418
17137
484
10969
72
271
111
417
36
2792
8156
25630
5
406
4485
11091
408
27864
380
93
43
456
227
16733
1808
2330
22369
82
19987
276
166
31781
114
11194
204
12510
24734
5527
490
323
410
12793
78
347
11
60
5641
430
9823
5486
488
112
5999
45
194
315
26383
199
386
2470
11810
27456
142
515
4534
23202
3349
5
177
1714
4526
142
375
421
17133
11674
304
7457
8697
7471
10792
361
4841
5363
16419
220
2718
507
15166
186
10792
297
498
18835
44
277
11234
244
15018
337
21298
17010
88
96
13616
376
16236
20004
10855
1916
15016
390
3573
28330
25548
7298
1948
207
3520
17519
9121
345
191
443
116
11781
101
5039
205
8039
329
395
9546
4962
8532
579
8264
335
4788
7745
410
139
10228
152
79
23764
2815
27880
451
13662
331
147
6443
432
10330
516
11951
134
3664
365
3182
8300
8131
4721
122
182
3336
61
146
447
92
317
25
13369
11315
12259
13956
96
47
3020
14814
22018
14836
22001
412
178
6095
152
385
510
176
18290
265
5469
24186
489
4
11782
91
336
14
461
30
7464
3794
471
15
5469
7605
14321
10
330
4126
20634
11743
348
9391
96
430
445
11719
7221
5924
226
7411
471
49
35
27
518
2871
410
2961
8706
138
13602
518
462
429
92
10106
184
1962
440
62
447
13308
8731
12327
468
11295
10767
18889
10467
51
82
228
4943
19694
344
320
452
18440
236
449
127
432
237
345
21985
19
807
399
185
16898
380
10165
8768
11779
12249
19
509
90
129
5956
22547
11964
236
452
391
300
169
247
258
357
9003
8085
3928
16524
11074
327
892
384
9379
247
18309
408
203
466
15807
257
389
10750
474
89
9206
369
22887
11134
223
320
198
18554
435
247
10236
5139
1
72
8335
1594
2
23125
30
8324
15378
2658
3079
19087
98
24817
2935
13278
12234
5994
4966
12226
377
2263
355
262
18033
14732
117
14869
78
15466
299
111
314
330
2421
351
9283
240
10897
235
6417
21
52
21027
6704
176
12693
159
7031
390
100
14987
1688
69
12105
14119
232
526
67
251
32
45
28784
459
442
10865
20502
42
255
21482
14526
8217
297
14
349
8075
96
11331
6267
19912
22065
17033
12434
486
97
288
409
12020
18467
343
524
922
6783
8187
6146
162
298
358
110
354
256
234
301
513
327
6324
10572
454
9540
5962
498
323
345
404
258
50
9332
20188
56
5738
489
340
295
502
95
398
7484
942
715
23
1121
18212
317
296
5645
20111
266
25303
246
5266
331
397
2361
6959
21369
497
376
242
16576
52
425
17607
329
890
13246
14161
29045
5791
122
16420
21915
204
323
130
14697
414
6606
361
306
493
504
54
254
20406
428
11657
113
467
221
618
396
4307
5235
13277
13771
18806
302
368
4773
30
11644
1261
388
12267
205
172
4403
16199
17530
216
166
4092
9735
16012
9223
442
5813
15900
2378
11015
113
1813
8344
196
252
396
466
268
1064
9772
477
312
6156
449
8357
353
166
193
2762
49
180
100
490
292
2373
11609
14483
5809
2610
26144
239
13800
6404
5161
364
442
243
10025
9308
2159
5190
10889
341
315
5711
22339
16017
302
5246
955
876
177
380
313
492
346
147
520
26
88
515
408
125
92
249
12957
3879
1428
21443
4231
416
11019
28
317
466
486
3077
166
76
20210
93
535
425
12433
27078
264
7
1252
349
6512
337
225
370
2029
241
8226
204
9962
3025
9397
3749
174
322
512
23
118
75
6226
452
8400
111
14668
247
19387
491
75
30
341
19597
6438
5144
108
239
320
175
361
133
324
9047
13125
347
254
11676
479
468
108
245
214
111
29
28548
8753
3495
23917
401
307
14261
1204
445
109
17937
639
227
6776
8043
23
16258
405
141
28756
26166
684
487
339
6903
246
1397
16062
309
4524
13894
1009
15362
181
104
94
367
185
10706
364
236
308
252
367
10138
135
25379
4581
4193
293
453
5036
283
9228
19145
7694
371
1798
5137
5642
7649
5639
8365
1854
3846
81
259
169
290
390
5428
1979
1704
437
19775
19273
8418
6413
24704
13138
18451
171
12071
10050
7813
26491
205
237
226
10387
6121
237
10012
13996
12504
20853
5915
227
258
379
422
319
7797
193
391
393
14223
24344
2097
8293
28838
3586
305
10
83
324
278
7888
13534
24702
3309
2300
1686
229
1007
464
474
595
265
26012
22778
15988
428
2175
469
16042
372
225
124
4704
480
497
480
4568
3892
23230
79
1311
734
10832
484
34
18624
14050
137
473
412
15528
5686
18758
411
29
95
197
347
471
743
150
872
20755
16015
54
369
17196
1060
66
205
16343
300
11792
18
6828
11442
13221
24386
25132
10888
17221
22710
188
193
158
1805
5370
6229
152
201
323
14211
2791
50
296
175
442
10096
55
150
11266
11360
167
73
95
61
345
12747
17279
517
19685
337
2222
116
421
5627
180
305
363
14430
10215
17096
1700
33
3953
113
5589
395
11611
9951
46
61
357
266
8815
14613
192
184
455
14291
3072
13989
462
21428
4791
393
21626
473
27130
239
483
14388
65
399
10233
67
14278
372
581
18641
287
1041
8251
9931
429
3830
501
9984
405
20584
72
3690
13847
372
9163
889
15065
19763
266
1851
15491
323
2643
3095
429
18181
15242
8070
7585
1097
17384
418
467
286
511
305
304
3824
2
19923
622
8592
24
112
2005
328
138
6098
211
7245
504
312
2469
109
11913
18
466
184
399
341
15719
365
223
167
16
9644
515
5902
1258
397
250
9789
12700
395
4106
193
19975
318
15398
1769
6108
13036
26
10235
12613
4767
239
2745
294
3005
8570
203
10419
1116
30
11630
106
8021
6303
12181
4674
12010
284
195
23700
22110
362
233
19836
77
6617
505
19668
311
24684
333
15426
4295
93
4181
15954
97
423
28734
474
4
151
297
11420
57
8625
4603
2690
16142
21883
15867
17289
11079
22997
50
17002
226
477
7217
389
15514
9775
14209
515
3593
386
9642
460
335
16
288
704
7606
34
6193
478
15541
122
194
5136
27565
321
25373
485
279
25274
511
144
9314
450
5140
131
316
430
7357
22229
6742
176
760
13392
1619
16636
114
488
259
9529
11587
12081
23356
19806
292
280
2600
17574
3118
302
129
177
23214
25156
10898
300
163
26
23949
273
335
11186
291
6667
277
8415
26
330
9501
6401
2010
2349
22342
80
8057
67
253
1285
461
15326
52
153
11276
308
484
15275
436
138
6741
264
100
93
283
19129
201
15433
10336
132
11480
56
373
1964
15016
351
24090
2348
1478
12033
13960
426
2106
111
18220
12011
2525
5659
3736
12
337
4826
449
10687
14739
15785
389
87
316
158
13821
172
1
12352
11435
20287
3632
17854
416
192
927
4865
468
24018
198
177
335
11352
13880
4585
214
12581
296
4487
209
189
27762
16472
499
8197
503
385
3701
78
420
1361
69
193
317
373
139
369
6444
719
461
20687
5519
390
295
5869
312
179
111
208
379
90
198
11455
343
487
7818
371
109
242
381
515
26045
261
399
65
461
8719
16575
1827
12787
6758
914
8193
290
278
505
186
142
34
90
11199
19665
31593
357
395
10844
10154
25644
328
5036
318
19604
12752
18870
11409
396
46
23069
9127
176
623
204
2354
5887
5519
164
3041
18891
460
12109
7704
16954
133
25
7018
4808
12197
12820
155
3887
303
4714
86
58
13031
222
15743
10487
362
20363
3519
4861
6643
8895
4748
18547
122
15387
253
21128
528
209
491
2134
12154
385
280
15016
439
18280
478
6264
395
325
316
491
8012
375
505
213
14
71
1233
271
4369
501
369
4867
1389
16612
31
489
430
3236
11842
26
397
315
3863
3153
297
509
157
458
9909
2461
18185
257
254
8704
157
293
12458
48
21643
22434
511
4506
4428
8167
352
12457
119
2044
367
232
12939
414
10024
493
251
323
2198
38
8435
12927
4116
72
347
392
149
206
109
13865
17850
137
140
367
266
141
21187
17
337
176
153
26015
258
236
487
15
24189
5988
81
71
21
16852
1089
192
156
6413
231
27774
23358
137
54
371
46
289
129
17551
416
19
17113
6767
289
40
3412
4525
274
28
257
5189
3877
313
275
9066
267
416
6810
490
7083
284
10426
189
395
25639
342
25702
8
15898
11104
9173
26560
21509
7980
4584
438
5265
83
9541
231
554
451
463
16043
64
304
526
16524
295
130
12740
521
17540
247
87
11880
7528
161
279
268
13098
458
10338
17303
8649
5445
10466
61
196
16900
354
1363
390
19248
5609
374
258
4206
19158
245
462
335
16560
19265
21511
249
20
6665
23016
356
4276
10045
8
480
6101
29
846
195
359
408
109
3469
6868
1560
8452
1
4127
3482
168
485
22810
46
270
454
5313
14272
216
11810
6750
18120
1248
7298
3253
16803
2524
21782
295
62
484
32619
137
59
299
10015
24401
11735
473
21431
317
368
345
294
362
10559
7772
216
263
12379
215
391
20502
49
1634
8334
29173
25793
8295
2095
5578
244
419
4489
466
391
296
186
5067
281
10595
463
1035
445
333
19808
8475
356
393
483
185
4658
9
194
16102
390
8063
12842
19698
288
1144
13080
402
488
5908
24106
469
8795
8
74
493
17200
394
326
842
160
12430
285
292
223
280
4185
4227
165
348
530
172
16282
267
2659
5359
28267
382
200
26344
20825
361
11008
434
390
3290
4419
17675
516
19501
13
14721
9352
430
64
11482
402
22671
170
235
282
18313
516
21355
287
372
16588
182
303
450
33
122
215
158
2305
305
41
141
28995
409
32
2121
528
206
302
15959
112
380
4684
464
11545
16710
15493
8707
320
396
109
17223
8740
494
89
117
13593
5525
26649
13501
126
5744
76
50
242
17031
5105
398
357
24726
12244
9307
6051
14998
19179
411
3648
495
19430
149
252
206
1315
274
3063
448
149
11992
458
18463
9196
9643
457
152
18588
7970
4557
31
3912
128
307
197
448
3246
431
15337
10
247
9447
490
2330
149
239
2184
154
189
44
396
190
501
15487
92
23613
372
58
17506
357
172
389
8964
17506
395
89
125
15705
4400
165
14506
1262
158
3431
472
367
458
52
56
2741
9616
1497
255
2163
13505
9995
6428
21231
1757
8207
22237
95
714
257
24485
17086
12735
275
310
16476
20274
5133
279
89
224
21968
3942
27092
135
393
404
204
13060
14521
199
15796
454
371
11043
404
816
130
377
17729
16778
404
2135
2728
972
370
94
249
278
497
382
409
326
297
23060
449
12796
18759
13170
4033
2555
355
453
261
439
15657
127
9713
351
129
17
447
522
166
295
156
88
321
498
86
199
87
300
3433
2024
377
18
1363
2464
11546
223
380
7583
84
456
196
59
326
4001
181
20497
20647
6795
319
19791
9287
4148
28030
10409
338
11549
6190
16918
135
241
110
235
75
3205
4526
12527
126
262
21012
28105
12204
3596
486
96
530
12926
410
444
903
290
11990
15439
10692
10763
8601
250
487
12
1192
20
68
306
26205
13543
2960
17190
241
212
36
3692
139
5740
521
519
141
124
119
11398
13215
358
339
664
9610
4697
7262
20870
3408
369
21401
396
496
76
369
384
3126
17116
3
278
13235
1687
12620
11868
16894
4383
383
4854
20977
365
423
25649
2465
3060
266
498
5850
195
5837
12898
299
241
399
368
228
24392
416
26200
6337
27126
60
3715
19387
12646
449
477
175
3822
232
18661
305
466
22544
2582
11188
235
330
6
3896
27
499
1597
2856
13663
1054
17178
3766
94
31479
16256
389
19942
8182
12490
381
529
24454
5907
532
4285
8245
2561
277
53
431
2336
6565
66
59
18189
4242
246
1372
21718
44
17670
13173
6813
3072
397
32172
6179
8853
18989
476
10451
18745
407
417
16309
12014
2558
98
26586
15700
516
326
43
24296
1918
51
29472
9078
13481
7865
22722
117
52
69
294
142
644
482
12578
3930
23688
7346
16619
320
20766
25207
30
57
3084
367
771
30817
16544
495
312
27459
12706
163
196
11310
16443
160
290
362
4613
189
38
10036
11747
10653
13437
195
52
158
12031
116
213
289
196
3
317
315
496
13464
6903
363
430
21128
318
11672
2739
174
17170
283
5129
15207
19632
441
503
496
10
385
378
80
10335
8630
382
189
10748
397
294
326
14831
235
23878
387
216
231
509
9001
61
228
12745
141
24771
7
29346
2533
3052
26043
287
20737
3139
1391
27180
181
401
2384
7894
274
2876
17553
6343
373
349
532
122
442
5105
428
225
336
13354
13720
77
8667
323
2871
192
4731
137
437
19761
16420
1774
9065
406
50
353
11590
374
239
18408
331
5453
7514
331
414
4555
206
1031
13711
16129
404
12142
473
229
43
142
493
12395
157
307
17836
1587
439
26623
3299
51
6090
392
202
6790
165
40
428
22152
32505
16610
355
440
5163
477
11849
100
466
344
358
12242
5477
526
2679
8822
27457
13881
16637
61
4420
20066
325
22306
7260
2645
438
194
35
284
118
17142
351
27836
11338
223
1613
9510
17449
201
2196
5576
12381
169
489
22886
327
25377
11746
10762
11935
136
7688
5189
488
324
133
474
121
436
9054
4837
5246
3367
28670
2648
20498
8271
8728
19857
222
331
21588
530
14995
6
471
337
65
139
4392
1047
10560
302
5754
568
225
381
307
3336
13487
71
1204
249
5107
315
109
411
4716
13342
287
99
25115
305
18227
140
8154
5202
262
7844
84
12157
422
9625
374
11658
503
158
10247
47
22475
21975
334
159
496
311
314
94
198
14460
421
8727
13904
20327
197
4080
177
213
470
15676
354
5423
32
4896
534
15486
236
49
46
3983
23686
21936
473
517
220
372
483
79
1535
18452
2
127
13242
21565
15951
18788
74
6798
8332
14119
22951
427
5173
259
327
501
15517
257
308
492
2751
207
399
428
22128
506
521
14727
153
421
436
155
440
411
4071
2232
19289
3074
80
498
304
24973
408
2595
10
8211
19524
4714
10810
9924
18762
4640
269
486
175
1071
419
37
11135
390
489
223
154
4655
254
8249
9838
3456
5850
7448
6106
23204
635
58
422
4045
21281
6802
24422
48
38
16186
14094
202
254
15354
323
344
296
13862
5537
21
5699
190
4864
1125
7981
12972
1227
13403
185
50
249
7725
10006
488
197
16296
400
27414
498
10934
5062
290
14047
29
73
229
24241
6420
16426
21695
335
177
164
314
251
3057
456
309
393
67
149
510
364
69
74
10094
483
14186
506
1064
15865
192
410
377
403
311
3735
5509
16137
497
18882
32682
19134
188
22354
231
35
11885
137
16038
123
511
445
77
9999
188
11871
302
23582
126
20223
413
483
7149
6281
116
9723
14
2005
20
374
118
205
11595
203
18328
21358
257
19945
6810
477
15414
299
4943
376
13178
485
16130
507
19097
3457
427
2042
188
479
225
27615
183
345
55
368
352
489
18456
21789
14007
71
6104
13014
362
348
522
150
172
275
2087
31
970
392
19285
494
10678
8321
24
320
146
4116
18772
494
85
3542
11381
36
14132
11527
314
15747
15065
18350
294
166
58
28
30640
57
1520
3861
451
10441
424
4447
3286
419
214
13018
2490
487
11249
295
244
228
213
1049
277
16957
352
328
377
4608
2991
21422
28808
11884
380
29456
102
40
244
293
2280
1467
225
479
455
302
6437
5574
1892
4772
15151
14273
107
498
18346
84
23083
19686
133
7010
6432
13036
457
30299
2983
160
8
88
12579
302
24
14389
4520
227
354
159
4489
8784
10154
10431
17681
8531
7974
2198
1704
30
347
10102
475
425
457
69
382
260
17817
468
246
20829
12476
15502
2470
243
291
95
4463
9014
413
316
309
243
471
8159
350
72
295
16276
474
138
268
379
394
8765
215
51
5557
208
12487
220
6614
332
6887
4619
72
13095
5668
18888
14841
3150
57
58
12397
11926
4979
17806
3
208
266
505
10
11855
455
330
34
439
86
10218
428
256
16246
651
471
22920
4469
22788
15047
572
15359
446
254
3698
261
261
304
7941
441
312
156
424
11130
11170
6191
12191
296
3692
178
2197
112
181
181
463
1687
493
89
381
318
222
238
13915
264
502
18098
16644
3303
6
6437
356
19037
374
15194
10626
333
16186
510
6202
103
48
1791
2827
343
339
524
4902
1633
22595
248
10
12329
254
16446
11119
8480
347
229
288
10032
26
22632
79
232
198
19795
20724
277
159
4003
17983
64
12828
19358
256
477
239
20
1423
447
115
19
263
8394
1355
12
6443
3486
346
447
390
20642
437
6794
191
2031
18250
170
17232
274
310
12
220
517
295
7147
23804
5491
10
315
265
9522
388
14248
55
222
24080
368
10366
26891
31346
11402
447
8529
323
10605
9827
5818
282
510
325
306
315
5981
27156
430
5801
21939
8
24180
205
2958
343
334
12012
5892
20586
2481
149
255
1844
22905
9433
42
3900
3445
23752
11831
523
482
28640
7880
37
5913
241
15
455
362
71
10668
411
110
5720
224
319
16050
280
22787
188
246
12812
19360
17922
216
16298
112
2397
202
9330
3033
4046
209
10777
668
23024
1
214
15995
413
276
20842
27369
29
31038
14413
12022
13146
26503
21616
20381
326
11117
225
6764
3876
479
6
11325
168
10731
15660
380
139
8985
4295
503
479
394
14751
169
161
19
106
91
99
390
179
21462
2881
304
2742
450
11361
306
12207
455
218
9058
23355
509
296
290
188
73
58
1739
9168
13958
234
203
7420
10263
125
986
9261
16949
181
205
24334
460
253
3506
43
9092
9723
1306
18225
165
495
113
4857
431
9430
201
159
4382
76
5892
479
186
29007
17
216
15887
12307
195
27087
502
17651
13606
14735
440
482
458
464
405
4238
28248
317
11015
8563
18114
6764
14906
15226
80
424
449
16918
6682
19491
410
319
495
15525
9
15828
408
9541
19888
3630
372
368
2396
1332
211
492
152
254
178
391
83
152
157
223
272
144
228
322
14270
406
212
1952
309
200
1968
473
2502
352
517
94
65
57
509
22081
58
48
4560
3965
1484
360
262
13451
54
30
200
416
8243
277
6951
16273
16188
28335
259
254
437
4729
261
396
480
18380
18249
958
419
4
16230
1837
30409
322
26857
13330
16146
20559
13511
87
296
231
2869
126
552
1484
6088
344
9533
397
20678
5443
163
72
11098
11871
151
17464
248
5730
1151
8068
520
424
178
6984
11317
188
512
241
12949
6113
22108
500
22577
463
488
166
141
385
158
7187
276
213
5300
184
18
25
121
6602
16908
1796
18778
11877
18609
512
7424
26
623
9340
520
494
14659
18196
7704
59
264
28388
18581
469
68
278
502
39
236
1007
248
391
262
19532
1473
474
220
7941
32
4428
174
446
360
457
14299
10481
9817
14660
416
3808
1836
387
20
12909
20059
52
318
256
20465
19699
145
15749
19554
18366
6652
392
113
4593
22162
402
5059
9484
436
14495
147
11471
16477
17267
435
11383
22988
477
5803
81
18586
13142
31
3867
55
7805
395
7197
24033
6939
134
149
181
14925
66
162
177
48
413
8302
209
14775
20049
57
232
406
4209
487
486
18390
376
12804
434
499
121
41
185
11144
370
1116
14595
437
23933
200
398
464
25271
2652
13920
3244
26534
166
372
1
380
1616
64
20810
11912
15831
2982
24990
14167
101
12099
193
9301
79
21740
17834
21790
198
152
409
85
222
8991
9786
273
10841
20494
334
3154
523
324
2502
67
121
31
87
108
22490
12761
101
300
2553
259
267
3148
5613
98
2114
476
374
16741
422
466
18686
18680
14281
371
12685
165
59
83
16899
482
2048
274
14552
1792
30918
240
78
19335
8908
37
487
13112
2354
26155
508
10474
294
342
18667
383
142
12952
4289
4729
1624
325
20863
337
4168
11555
253
348
82
439
472
13089
112
1858
10998
484
240
7531
21807
189
15076
5887
311
11267
91
129
5852
51
293
355
14
20857
234
279
7150
1920
280
468
320
21203
16583
500
204
232
390
19884
17980
32
375
23952
452
20206
18194
20960
2592
10779
90
509
5050
7049
149
278
145
14678
18345
247
10870
11586
441
53
313
19333
138
373
8216
687
44
293
13489
389
384
340
308
14359
462
361
9313
28107
274
21767
282
166
30555
115
2650
443
4338
774
10834
450
22833
4687
124
6382
265
24071
14171
23236
13683
129
885
54
208
82
40
1009
24058
5574
292
352
100
17604
9593
14159
456
3903
73
6523
10450
24097
421
28652
3333
1291
33
12659
248
28026
17806
270
15506
293
18751
1607
512
349
510
61
12221
10938
358
15346
16648
257
23412
455
155
251
325
393
18864
19852
23889
475
141
245
21350
103
176
75
205
489
2547
7911
3468
23501
376
7694
15267
470
280
241
4609
5140
13209
337
365
27952
457
2265
3472
14744
31
476
71
11609
336
399
936
456
14701
354
292
9965
839
514
15810
16275
415
13217
121
15682
385
218
13037
550
11807
261
234
5236
8795
393
24
470
283
902
417
399
271
155
327
344
11955
4377
316
375
258
224
1643
7618
16
6390
3868
246
56
11124
9978
229
76
2868
239
135
291
273
13245
13218
54
512
289
198
24
10502
3488
320
17674
1905
15171
496
19437
483
27
19180
2843
10351
3737
12301
313
400
42
3340
17710
380
290
2336
333
25837
15436
16
463
6303
458
6194
29842
394
132
108
304
202
94
19033
18417
367
66
3336
5148
208
18652
22410
52
379
504
85
243
15216
69
2465
187
12137
3956
14260
12797
3076
16423
10093
216
462
6868
272
170
509
25433
1635
6
8848
439
14358
18
1333
8471
3075
1129
411
484
132
3964
375
122
108
147
28250
472
48
12101
7003
391
346
27994
438
416
9593
183
10637
7252
1272
14
9705
11600
128
7082
21934
26
13335
156
13350
68
215
10919
232
7
315
12887
5087
1359
19811
4377
7836
100
405
206
272
323
57
446
309
431
232
289
2297
15154
134
14141
752
12785
388
13708
5413
508
26333
10382
11190
520
5289
18951
2236
446
130
11891
206
393
2092
27100
279
460
279
2138
9461
9833
50
16432
46
17788
5279
1890
244
18606
20019
50
212
19525
23074
13
20160
347
303
5244
1264
515
243
27039
439
13504
3179
3050
333
308
501
3824
291
508
221
2714
2721
16058
690
22
396
413
15116
176
2828
10335
7382
3922
8277
6533
36
78
16225
317
57
476
9398
9856
429
5793
393
12393
261
4
256
140
343
13385
439
526
112
346
4636
119
265
217
446
13245
32
377
505
27198
94
267
258
24531
13
28784
455
378
475
12446
80
452
48
494
11836
93
7676
82
21397
56
1
9415
1519
414
18
15003
11772
4264
1
4940
11361
29338
181
11599
25713
199
426
546
269
488
3669
235
3322
269
3295
3229
376
457
19414
46
11366
4831
299
474
21758
125
12578
300
323
27
320
87
4413
19
252
303
21793
5795
26935
140
25892
27665
11016
96
30579
16866
5328
15211
50
16292
75
34
305
10918
334
66
88
17713
222
192
11252
274
14
206
16933
2265
2988
87
7684
18969
8141
7716
492
17100
15828
20346
5372
14736
431
364
162
6226
2072
20960
15899
99
14145
122
91
5945
4456
5035
261
340
66
8204
16122
3141
54
21368
18
11796
22
3905
517
443
123
522
236
153
12903
16
7573
464
11
253
4997
25160
2185
12180
54
382
10403
479
3975
239
434
5
124
157
13452
228
2203
7234
17686
262
388
2604
52
23571
13291
7348
316
109
449
100
287
39
7277
3289
123
18573
1052
229
22569
20680
1182
283
13926
16339
9905
520
23338
161
357
375
149
85
250
394
7646
156
15009
5
8843
57
10507
344
211
356
2
66
93
10690
1142
7120
9664
3738
3
194
38
498
70
135
23
31
153
300
248
6114
18486
12
486
1550
20797
323
7468
253
365
8210
2217
359
439
215
256
13658
378
346
98
6952
4092
37
4623
278
12189
10317
310
23549
16
396
277
176
20514
5674
8248
3001
21
22355
766
473
10439
6830
169
6582
1076
112
328
944
9175
4144
48
300
376
212
171
41
5262
61
1743
463
29844
321
435
10
13282
234
41
1437
170
574
2832
443
14681
3671
7728
9801
1850
531
26288
7825
13444
8555
26044
253
319
133
412
2651
63
321
28922
450
338
415
161
8376
65
133
1637
195
263
102
399
3983
4700
431
11043
296
413
6957
18656
272
2148
275
2226
204
285
10513
197
21
123
4771
477
423
1680
19532
2323
239
12756
441
21733
1430
17462
245
1771
414
17462
499
443
4352
80
8382
12144
4
462
24595
10132
2684
282
8220
12498
264
336
9918
2136
21195
79
26458
477
429
6313
46
306
12366
23451
2074
507
356
418
13207
75
3783
219
70
150
149
228
10333
257
498
19811
5390
505
15712
18867
62
151
256
27889
2530
313
12463
256
2902
508
27121
5368
8916
485
15930
389
20247
357
206
18776
225
8603
5755
1987
6
12922
232
120
446
6161
12586
27177
6540
75
330
223
3244
171
22413
66
505
210
3324
214
151
2848
3262
42
114
6043
137
71
12118
99
6519
14490
10906
431
174
1306
131
296
6803
20053
16420
377
19962
8528
92
16383
16
317
1218
5100
19700
913
129
31
19314
166
404
14098
28383
428
357
304
7506
457
799
60
178
3263
1259
3662
50
279
249
161
505
60
6929
7757
277
16099
7361
94
380
10526
10843
10895
23422
99
253
16603
13975
479
72
3
4897
90
149
98
17177
193
4528
11923
17691
14665
361
6649
294
8442
49
10440
8028
503
1
3891
260
12958
1543
212
5771
12202
393
48
520
60
326
122
2376
280
16478
943
35
318
417
14480
135
327
532
19527
26415
23656
112
18159
380
10385
4
27872
19
16336
11
5868
66
287
23063
18715
265
483
334
155
383
525
12277
23562
393
8375
6636
14856
819
11919
7534
8578
494
25676
102
19212
107
48
122
391
441
192
13756
7476
23
368
17696
225
5977
108
257
107
367
400
136
23354
1259
14162
317
132
201
35
9613
7830
22940
453
24742
409
1370
432
419
90
4844
8737
447
16915
20937
3194
73
148
310
6759
28987
392
107
20979
10729
10160
9643
148
230
7320
302
5
23554
10
181
25481
29446
481
26497
14
3308
9629
52
522
1853
18289
165
229
25269
141
5457
161
509
16647
355
21753
447
403
12950
5877
4854
15389
344
157
77
10799
431
13331
32
4294
53
16552
359
1421
82
141
12287
9853
1572
15410
331
7
80
3254
451
12386
430
486
2016
455
226
254
5821
126
15318
377
175
45
925
2086
329
105
14
13284
529
66
444
21937
10986
21988
87
241
514
11656
16940
25601
259
28118
2228
6688
176
467
14947
12969
6049
4652
85
8099
202
5461
17472
5022
13895
377
226
422
29
352
4259
433
26081
467
69
2584
363
12584
20966
275
155
1827
12483
120
508
30968
7607
114
28135
95
170
477
219
27
256
25570
259
7759
28121
6653
43
225
23596
8731
8107
475
27925
380
12046
23512
21192
24445
213
468
21120
14338
22199
21938
3254
465
75
20577
457
528
424
519
404
106
395
6561
4497
5505
251
7565
364
20317
2344
286
15667
2352
9376
32
19897
4370
374
808
92
22
28191
19360
494
15842
11004
388
413
2313
96
485
31688
164
19543
5842
2214
345
257
11195
14521
25156
5438
5520
21686
3231
471
8993
9670
11103
401
394
418
453
421
29161
47
497
29381
454
173
314
417
15970
487
240
354
290
270
15840
4916
5696
3498
306
335
4541
276
26689
9656
14593
400
2727
399
1372
10988
6
24952
227
22858
49
58
6202
399
231
1096
1304
200
3
27685
322
381
25282
353
7218
207
2581
502
38
145
4429
451
17959
12576
245
674
334
19217
12536
206
82
11693
181
10435
4759
4125
6464
283
52
19017
427
32121
113
4335
457
193
299
956
157
113
158
2326
52
5
7945
80
196
20313
7388
226
37
7310
164
516
64
496
17037
737
5189
46
2532
380
20984
22536
20893
428
12888
408
114
476
250
85
8555
524
22618
51
8212
340
1931
10536
18589
31
155
3466
18085
19202
302
315
1332
15048
4203
1531
36
38
246
2672
519
15660
184
18087
9334
16392
5932
357
306
10309
405
476
29002
487
18949
447
274
368
140
11956
306
9484
405
9097
93
212
391
3913
13007
468
510
20542
28964
22505
262
389
1164
404
500
273
20984
4625
46
199
28428
446
2672
353
11315
31490
6474
439
3155
13557
25510
10956
182
4505
23400
356
8844
407
10612
160
531
17588
24084
198
17200
26963
19489
397
2021
21451
495
3383
14758
2303
24281
4470
12508
20852
18096
432
13357
8412
211
21931
263
368
15151
1897
233
158
223
186
15917
6721
508
278
16032
16273
14124
423
540
9168
31
517
13904
15425
400
5235
377
52
24500
9233
467
1138
13217
9459
372
218
16934
280
524
211
112
120
25505
258
3637
9369
12469
193
325
400
28712
143
8832
302
12226
19320
4790
10
96
17971
67
523
16738
281
390
17086
165
19868
398
21104
9930
2289
6184
457
11690
292
514
408
4756
157
7533
5447
249
6736
4316
236
23125
442
14391
507
426
278
13132
345
8781
380
66
34
12786
2503
10460
5198
8957
85
402
504
372
26
214
525
3731
390
224
489
1869
399
13802
74
22678
6483
221
442
6075
9819
316
2760
4495
3338
19
283
69
6051
422
69
2159
6917
13834
2843
535
412
523
12634
4729
213
154
1427
12804
10293
1893
206
6279
320
403
22178
512
518
21092
24104
15938
337
1286
4193
11741
15111
282
6656
101
19153
38
1588
24199
20475
10215
66
9429
20636
490
1954
179
272
8874
13579
502
15
25163
19976
188
370
2548
350
325
6070
12373
16143
8203
22221
409
507
173
5683
479
146
311
5034
4252
261
229
40
354
11921
6238
10815
14546
96
2791
132
234
71
6386
13451
243
9
16415
350
137
416
26803
2671
7625
430
404
319
25908
20294
180
31
74
175
2367
328
279
17521
444
189
448
432
31532
26934
13692
636
10
355
7849
431
19365
646
9207
3128
12967
8124
233
279
2547
6327
73
4134
3953
460
102
19553
20189
329
48
2611
304
502
11884
394
7233
176
5487
47
120
451
3693
466
4175
168
21539
6159
10993
18973
156
7474
6996
171
26138
7603
3733
28598
459
9958
116
15913
486
526
399
758
153
4894
107
18972
243
458
400
2152
10723
27542
17338
62
3857
416
373
8417
95
5570
16788
23389
28100
337
69
6385
3543
146
99
179
149
182
461
219
14377
124
407
999
470
118
10242
27699
13538
192
370
10468
127
454
15690
4235
15108
18931
49
24838
514
6500
46
392
6205
356
6127
143
90
14508
19547
8039
5508
545
9583
5210
515
9958
260
460
2173
14713
217
5865
270
43
180
490
22
284
14930
165
14067
9130
4392
19006
382
668
485
9331
228
13227
19868
339
248
24011
312
8632
283
466
203
88
6952
113
6394
15750
302
5022
94
14228
201
16377
6680
27715
21539
17528
329
80
453
154
26386
3888
284
38
254
11105
3738
9577
12307
10071
9
42
8969
115
467
96
3874
301
341
37
434
502
15333
210
3547
200
213
186
27230
76
9450
395
10481
224
21140
595
15384
267
13047
146
187
54
5566
13
257
796
459
502
4091
5
208
306
37
10584
15446
313
459
293
288
3226
116
25554
8660
5193
452
39
365
11953
8035
288
25622
201
361
256
464
302
82
3875
7297
16024
21710
8270
20092
30283
11987
1858
490
16394
216
406
482
4060
8123
387
5570
389
397
11195
29402
15575
4023
386
480
245
4714
441
257
282
238
9293
447
10655
167
3439
29055
302
212
317
25928
189
221
131
8337
18964
1384
360
453
270
23207
32
83
7227
9076
417
390
333
311
264
143
11892
24625
4993
7517
18425
8516
280
2682
1921
42
316
111
14507
60
1385
30886
5467
6301
458
111
9164
248
239
40
293
413
23
114
297
5318
13614
286
438
10389
133
13268
507
7054
16766
29629
83
21780
1708
5474
10608
136
273
13851
47
269
102
343
5769
8163
792
163
9403
2545
261
4049
19730
2731
5017
9722
331
2526
505
449
11512
85
12676
20168
401
15932
248
221
394
9247
510
26817
16234
275
182
1237
464
2875
367
489
16613
7900
6380
15892
14590
9964
332
14366
153
106
68
139
5554
105
124
6631
260
6187
178
304
620
273
27416
21136
11565
4197
20423
353
2854
420
4675
9045
11021
14980
371
200
109
106
15854
179
194
90
22352
10821
2859
369
11632
320
5767
15531
281
510
41
271
16996
11395
60
422
414
331
6052
2830
2246
11072
3603
272
54
62
73
25216
17377
32
13349
1026
27963
490
4643
22107
10151
903
2869
11081
6610
2201
24358
88
163
13785
73
296
8587
60
367
1301
77
98
20400
16847
33
499
23812
317
338
495
212
4345
10385
547
532
14588
422
9936
429
26876
8433
17062
473
322
329
273
263
462
8729
70
11354
8780
14231
509
135
4455
20912
208
364
4427
8882
27499
5306
12668
145
32169
15496
1540
423
345
1951
346
14914
12279
14847
276
28183
512
10855
2279
107
32
11887
288
2992
3389
952
4038
19714
198
57
14865
4309
8500
10066
189
44
5986
166
4421
234
6171
2370
263
407
27594
342
25
268
10373
448
5200
5535
23681
8842
5463
6607
22163
10986
207
329
11
184
512
266
121
18054
3774
130
305
7419
9808
264
147
11146
338
4400
294
423
240
332
8827
30
1111
6571
287
428
523
160
4650
13729
518
26690
136
356
3673
336
21
40
9446
348
24
201
3263
27186
468
5337
2485
9067
248
321
8036
9286
15538
8154
11
6455
14581
13800
15602
182
23
255
2552
307
1
337
19789
139
10065
240
365
409
393
495
13979
10739
11512
16241
6450
480
148
423
291
337
12356
6955
14034
225
444
213
357
504
447
18522
27331
79
19611
229
2158
13654
15634
3
327
12329
413
115
3136
397
214
490
157
45
8426
22818
304
426
14512
19480
12608
59
1004
237
160
2987
2370
239
13856
3911
191
1948
8016
280
342
12752
2136
17
167
20443
1853
444
16726
400
12024
507
30114
13591
3606
6850
265
3963
204
347
464
87
16229
382
12294
121
14594
285
62
3924
3665
506
275
21053
7950
469
6392
122
5459
300
445
18707
34
25224
18319
405
270
284
13036
286
617
68
532
9749
1669
503
110
341
27996
507
6709
6341
25217
22581
72
49
1874
103
279
5520
16443
17076
468
499
27024
21
19287
15997
349
396
456
9785
2220
20248
19121
100
6497
10167
364
18876
202
2904
299
10473
2786
287
13710
10722
23443
91
18389
316
428
5393
144
13377
191
1993
253
518
5397
12352
212
244
295
13095
12719
125
419
113
63
28063
491
422
14969
130
18556
2312
500
21131
14000
6837
23854
107
30247
234
14853
8481
153
413
317
9540
480
2321
136
11123
360
2169
7732
14992
68
322
33
22696
195
22600
64
21003
2816
153
347
402
9216
420
543
286
28464
2274
444
296
4774
202
247
156
342
231
204
720
492
3391
163
6407
5541
94
404
2256
10332
121
219
15285
453
822
198
441
75
4010
12648
353
9626
535
211
28308
401
249
378
67
403
23313
18
263
18774
229
299
311
277
402
91
289
25502
5042
5101
340
9589
11907
1005
55
191
14833
15
18622
10417
413
432
325
17232
7885
9910
480
251
99
13467
2533
422
11197
3588
487
11443
14227
76
15464
17843
3298
338
30593
1077
6337
122
16557
428
441
973
401
994
150
20798
38
6333
3865
12125
10998
171
4399
226
283
516
23211
3477
231
247
14407
284
419
98
10075
95
279
14809
9673
316
51
4015
155
83
207
108
336
264
484
430
111
10784
236
178
7233
105
26844
31320
10974
6796
623
248
263
6061
27597
1047
13354
10164
212
14441
16360
254
302
434
271
75
500
274
9897
19141
6156
14360
12976
18111
29
517
9261
316
496
141
328
11602
10301
383
178
228
211
131
152
17772
41
2
2408
20202
377
18932
224
7282
12691
14562
259
132
513
10922
400
6014
101
383
3843
206
26706
140
12338
9729
464
462
303
401
14
17558
419
30577
135
23579
26590
21040
18504
5097
96
343
93
9491
8663
9
82
457
221
76
16041
10476
24900
9742
21362
84
200
7
760
26852
353
262
9671
497
5858
14782
17390
400
11400
286
16148
12521
10
537
164
199
18291
122
7480
919
4614
518
131
346
19433
460
6963
370
27
387
9169
196
117
296
26
161
5950
40
16551
329
2453
38
130
54
265
167
5287
235
14549
227
23100
169
10791
2940
75
7191
231
181
86
226
18295
14
8735
10781
340
14097
17642
12327
20125
254
14
133
419
428
108
124
21803
426
477
236
10277
145
229
107
456
9315
27470
65
368
6101
339
308
18206
10112
26010
462
8629
501
509
277
16740
8550
239
6326
36
237
156
124
29072
88
486
458
4575
325
3458
74
204
9127
364
266
379
4214
450
4816
14759
260
147
487
6242
437
265
344
383
53
220
256
389
16255
12087
435
392
227
338
136
11279
503
184
5992
135
5791
12033
6229
476
6728
253
12652
401
290
396
892
11014
513
512
3433
462
6
1493
524
1142
527
5171
465
374
79
5565
4
325
303
29
6390
21572
371
346
738
409
309
7456
390
322
11364
19532
157
25943
25245
12933
5278
453
18590
20113
235
61
293
323
287
22530
15644
399
6533
5052
266
26242
500
80
159
165
20027
1715
374
332
301
1146
444
21811
9341
450
2761
293
940
5289
6310
9331
80
125
206
122
488
177
11833
42
20218
2570
298
5527
405
277
442
7283
3525
10796
262
9736
2534
238
339
435
174
27112
11975
311
303
4188
159
5871
378
170
443
20589
399
15216
5402
464
25982
310
639
28100
8211
157
274
6528
61
11006
21
28550
228
519
34
66
307
232
15482
3301
750
482
215
10574
177
20168
131
5578
162
2678
121
130
153
6227
500
323
18574
2412
314
285
6769
255
94
25711
482
1082
937
16958
464
46
110
73
15861
12589
415
186
1418
19651
18132
146
50
481
1227
20509
452
23119
459
428
24054
7256
522
14045
82
1720
19131
21089
29624
15081
66
27074
17517
2503
6069
8061
387
18962
40
556
27283
281
6
397
323
489
26135
116
118
456
26743
375
20583
11444
101
4553
21666
39
2557
4076
6882
6175
259
171
79
7555
7661
31133
249
6
4076
285
4011
124
120
22609
372
22201
15640
6758
477
24416
295
274
339
8926
118
7973
5480
199
337
5756
117
9995
114
4519
290
430
251
20553
104
4
73
182
403
7781
20082
455
26189
471
506
35
8757
425
3554
5939
28389
119
114
156
501
12260
348
5215
4251
20048
200
76
31133
2059
13619
8286
6066
472
1964
397
170
426
9570
2752
16907
372
774
151
210
435
199
333
12030
5935
14466
420
14726
4616
22422
508
102
18
483
16209
19157
397
7618
22314
1194
1540
9348
331
26895
450
5271
2845
650
209
20152
300
162
15517
18395
13430
639
11309
8696
4891
4699
80
3884
9725
153
16733
31889
7057
302
206
335
31
210
170
9864
370
10684
4781
6396
48
5566
14448
137
203
16747
79
441
424
397
143
287
302
286
318
7149
335
18120
12104
3753
277
234
381
89
12
152
130
126
215
5850
202
28776
9
1350
72
450
428
120
8921
1975
5347
3003
333
254
239
453
292
98
23996
4784
33
353
9685
20365
2753
4047
11341
402
495
3323
5446
125
483
19905
20989
3193
495
846
155
444
268
115
18026
89
349
5314
337
18602
303
12973
18949
12493
11443
6988
3186
199
237
193
784
417
691
23255
4800
314
126
126
173
6451
7758
58
4797
433
253
151
16650
521
77
2583
912
68
211
10329
21074
11570
13241
204
24467
240
2377
30161
228
189
10981
26601
19
5
45
367
23
442
453
9676
277
373
12134
4296
6117
2148
7735
15
26975
343
271
7427
21726
3923
16759
353
15130
201
165
451
15835
26263
3474
422
496
13687
3364
2722
20616
292
168
477
10979
60
499
275
273
5025
16570
14263
13035
159
16684
30042
15063
17434
500
394
9722
520
4752
513
218
217
515
29221
26445
375
235
1146
470
6705
6031
419
160
6510
1575
12207
20689
253
471
502
7157
5425
317
457
19460
4275
42
112
2772
21815
13470
123
3303
19722
4523
453
27
373
1018
13050
18
403
317
18611
6002
83
4479
4706
356
470
360
11974
311
10136
317
4582
19795
362
12773
219
20855
27928
190
8280
1092
433
39
213
2134
78
289
423
26039
10332
21763
17
266
406
473
9368
25166
400
676
5933
26424
17338
93
206
30
9707
5353
218
353
280
500
13231
307
10140
16708
3316
4564
12925
3754
220
68
13189
225
145
224
439
270
202
14063
109
65
49
237
429
1557
170
249
7110
4080
214
124
453
435
24678
13351
6427
5271
135
3797
20889
5743
1277
10309
139
23
20959
303
3734
309
356
512
22115
419
21117
2812
5409
9126
8629
23544
5
392
6244
12411
11549
464
302
13570
4227
178
304
471
461
420
15928
204
518
407
23302
91
5152
372
6864
151
4130
335
31751
18682
496
13656
11712
2802
230
271
130
422
9227
2
17691
4523
7364
22605
243
27344
20241
155
16019
16918
14016
11224
17066
667
91
201
523
284
19559
268
106
6684
70
473
26762
135
5368
56
192
8288
510
16798
314
495
428
90
20981
54
326
258
9905
92
100
32
330
370
2151
11181
11214
496
2233
4344
5968
130
291
14468
314
343
520
146
2375
213
17129
183
10126
136
21028
94
142
9391
237
3
23244
403
1770
23314
398
80
67
21814
13060
22905
136
1198
301
24487
444
10168
44
5078
290
383
17295
4910
48
5347
9544
17137
310
13864
4476
24
415
19597
2438
10779
163
10706
138
11100
14568
97
525
19809
10
10852
106
373
128
157
113
294
441
217
2565
254
16908
22536
361
8453
2855
13999
10352
2319
8320
28950
1789
31560
8222
392
19707
189
293
8533
147
2670
4834
5886
207
5507
458
13126
2301
100
424
392
12604
373
334
521
411
113
153
31325
286
340
6140
1188
6296
7366
6396
382
73
257
16120
435
67
4772
356
2591
860
26149
444
138
294
14317
155
288
6770
18521
16614
50
283
8865
6479
13939
149
4
529
413
401
5658
400
21694
120
22688
13760
370
89
1892
2321
473
402
144
214
2181
469
497
372
413
3544
362
18058
3705
379
17862
15119
3520
18785
6609
32
145
163
7762
296
484
19136
1703
4372
266
2678
14192
86
237
139
62
6989
3549
5651
241
6
3220
19
400
32
177
17
20708
157
14583
488
12834
455
216
1774
11209
8495
133
237
87
532
24298
2944
514
23853
261
8742
3
6981
245
169
351
3495
423
86
473
11128
261
370
505
537
8352
427
14779
1999
16375
51
526
18814
1420
1305
459
529
19390
632
2722
10004
53
518
487
10906
108
25999
13537
3602
335
83
12633
1
91
44
167
416
389
10826
12899
232
75
110
18022
118
18407
1164
131
7637
117
797
29482
126
20369
203
476
3295
297
20919
27269
7093
10260
305
237
111
10279
87
3790
4064
240
3511
330
4543
23376
3953
23525
291
21872
289
49
303
438
10384
146
17632
113
2212
406
401
475
86
529
249
17250
371
357
5
4569
14611
49
72
84
91
241
284
1342
5575
276
57
3825
96
17247
22320
487
8176
519
413
29118
7
4
21
344
24442
21741
4181
328
23196
5131
26372
4810
10239
25677
4476
13054
374
9111
369
105
358
293
429
4468
158
16946
267
6666
19634
28732
134
1637
24271
12864
29260
195
189
21774
356
7525
365
2636
80
21303
518
11504
58
661
4522
13101
25676
16868
244
296
195
113
4097
1618
410
208
358
406
3961
17260
80
10813
2074
13
48
194
19750
10765
480
18858
17477
26763
245
309
16641
498
10824
23128
14801
31732
11
544
8300
352
10268
204
316
5929
3474
8164
16676
4425
10
104
10326
469
13028
11556
322
339
390
389
2967
360
119
174
307
463
23385
367
4183
9923
19587
25907
467
304
129
24112
14761
5502
6878
1829
5235
11497
2078
4058
459
6017
155
256
64
3092
438
516
2
13713
18454
21352
4344
84
19589
12936
8534
30500
3813
341
244
6863
154
159
7730
28470
449
323
3603
20497
5854
4665
445
11360
1873
12489
318
359
16182
16117
13877
211
491
14
9837
22048
339
7138
201
16281
26375
7221
6121
5167
110
9600
327
30632
18980
18723
20180
190
258
206
56
7019
527
3873
232
46
17773
314
69
1391
19014
7249
492
417
82
1378
381
168
6482
17027
489
97
267
539
428
42
478
3380
401
287
2
4321
174
507
9767
229
4746
6108
471
92
15249
399
7756
506
4178
431
21800
14391
14456
148
23517
346
422
404
13448
46
17686
33
99
2582
32934
11278
11465
151
455
106
8530
12218
6656
68
460
9918
8764
281
84
146
140
409
57
13485
18456
28869
397
22037
22146
13
229
376
14235
111
16745
10298
326
149
80
77
19238
13423
7000
8505
225
21116
269
339
27849
466
5720
397
331
392
2887
2626
831
145
2023
1460
195
224
22649
30132
10968
7009
1246
30
6912
347
438
21478
4686
33
194
363
3348
264
330
527
153
429
7368
220
525
442
321
404
68
99
22195
443
827
126
346
464
22927
166
73
13717
488
5235
18163
156
103
37
11577
137
10824
1947
8422
7788
817
2372
429
326
7760
18
17039
450
7416
22269
324
300
11647
141
52
2711
4279
487
152
13021
362
1048
10107
28566
104
15097
1501
5221
253
286
15827
13063
468
7913
5978
14
9412
395
27606
12302
802
8409
1718
392
435
145
45
10099
288
489
27388
52
19334
102
334
160
490
17233
10808
18561
3162
271
133
17316
9722
23158
322
293
16678
28418
11209
245
17869
362
364
99
478
265
973
13406
6814
8095
1336
3
14683
433
310
382
390
21352
3719
5173
403
9167
446
5656
32
4719
9402
10221
298
8434
57
7242
337
132
124
152
11688
122
155
4172
15826
11990
26346
10393
527
9196
119
4914
133
13502
307
15439
128
1479
9551
1741
83
407
10928
7331
19958
3998
26743
103
13759
2582
284
25827
2021
10329
467
338
5456
8953
360
9161
7855
436
213
253
6299
45
445
4996
130
18
20026
14235
19122
22150
154
432
13040
472
302
82
355
319
148
324
123
2701
160
461
333
18380
16941
14295
31373
6871
6988
370
133
375
12712
2899
6601
645
248
74
451
55
9057
3626
13416
19367
209
9493
2279
11529
532
475
336
19223
20654
18321
292
437
7846
17
3678
407
10168
150
273
31
7392
255
12981
3870
7103
6800
405
119
35
13230
5013
277
791
343
276
5311
6205
12832
496
19394
2948
62
17657
274
3988
1448
14384
10134
10004
211
198
435
178
2785
14536
1083
356
12699
27247
2238
22134
22944
400
196
2950
3504
514
13
467
261
4646
358
8794
133
322
474
211
458
147
11299
5785
9117
244
14479
13194
24452
287
17373
209
27945
262
436
4717
11101
8894
241
1738
9098
3929
194
273
467
517
17050
140
756
454
7070
3554
198
12089
363
497
39
23151
450
242
225
10
322
492
245
871
15934
402
2651
7872
21
180
382
169
7699
8708
521
133
22024
13320
5120
6328
131
355
416
11394
517
481
115
122
5624
421
178
11666
171
319
9861
6
4590
69
1397
471
262
46
179
357
25750
818
462
4981
124
128
235
6844
5422
239
21254
12665
346
70
403
5544
217
3935
259
15051
36
444
167
19637
329
452
73
31723
16766
10720
11435
4522
2859
66
387
1447
134
4529
107
15107
351
74
13234
17195
133
457
432
16653
264
212
313
1411
2137
6763
15421
24972
20882
369
136
167
1973
9952
6556
14891
490
1221
2011
14625
11815
23669
491
9282
289
21
20510
5999
7662
7185
45
91
13679
68
711
452
46
245
28768
10035
11889
3961
410
226
5306
10710
24838
23191
244
227
14160
2512
149
11983
30121
3977
5994
1857
282
96
336
426
519
25055
227
11667
3643
1069
25430
141
235
81
394
2729
15147
10961
315
16273
3041
510
258
94
444
485
36
18025
167
8380
2865
3290
41
23484
490
275
296
444
240
422
13120
310
304
10834
177
539
242
3938
16061
268
34
215
9807
14682
65
10784
114
10666
182
41
259
25686
91
300
25804
30014
255
23359
402
24390
23027
23
33
3720
215
54
14312
15147
2
6205
15124
223
50
195
290
17912
22095
128
189
1546
69
236
1351
53
18901
1249
190
14211
385
84
177
336
5833
6796
18292
7193
510
15222
16
398
2235
20254
269
502
298
4191
15967
46
489
96
8951
13291
13635
85
69
7190
17384
317
508
2960
5011
4972
5241
3768
318
16062
14350
19
4033
104
11195
58
454
10778
22451
4418
373
29
7708
124
781
5477
659
26563
8261
4792
4160
284
334
15165
324
4336
512
19289
113
234
488
17037
19449
12155
275
20117
65
79
64
17800
285
4435
277
9527
19418
2070
386
497
213
4411
144
16034
2636
295
61
50
22187
7042
73
192
17968
30
5454
426
20526
371
389
532
492
7262
10133
2494
7978
3539
18534
2739
20408
23042
9253
336
24363
1568
175
352
213
420
201
14801
1070
27003
15781
335
29656
20640
266
212
433
481
25156
138
32
394
414
88
112
188
1660
128
250
12205
195
8204
1799
4792
253
591
201
9350
458
41
12435
172
262
98
86
10787
240
385
11048
6634
5342
131
50
325
2610
489
45
385
182
3028
493
10397
207
302
496
2922
395
13992
17591
490
3885
14890
104
11027
82
16504
31638
6
19539
444
21788
399
145
16
20523
222
130
369
11710
8410
167
49
94
5511
273
515
10097
367
27
1360
2116
8428
377
5356
21
12077
931
5013
13918
10927
17438
15168
350
17520
328
2327
114
2696
8655
1427
8735
135
479
442
263
22613
127
502
250
428
6
207
2678
160
2480
1688
497
5438
332
5023
11860
107
269
7594
2487
14990
450
18067
516
7929
83
198
319
7811
5242
9219
92
10503
4
8301
156
481
32
29058
15715
452
2926
650
151
372
12139
339
158
462
27343
432
24
254
8203
178
178
169
2748
21742
9443
2903
20489
3406
21750
291
432
6332
233
479
9987
29564
8180
430
323
19558
23654
407
10216
148
503
25
3723
456
169
10708
480
81
4577
365
159
16
118
215
9270
98
56
5201
10492
1900
31262
4001
372
13028
172
27442
1468
5534
502
473
180
48
160
338
8124
86
1931
377
7674
256
4873
14560
481
91
142
2
468
9586
53
4562
40
3741
25030
304
350
15
341
95
11095
6859
14636
291
97
11622
288
290
10505
357
1006
55
24396
492
207
443
13691
23324
10869
392
7227
20
255
24738
308
7500
369
407
12701
320
83
264
84
12009
5870
426
510
28576
462
459
20684
286
6244
12869
177
241
55
248
17926
17847
3807
364
141
240
424
22754
1609
438
349
123
504
308
230
6298
443
7149
107
4899
2402
4369
616
4135
22015
8590
423
165
405
378
410
6272
11296
32
168
25
108
413
186
88
5956
3796
13532
4682
4215
321
4677
332
14830
17
18873
18634
297
478
17029
67
13065
9597
486
13
40
13
155
45
3410
261
396
14855
327
7173
24972
1
17137
16130
49
190
326
15
148
512
56
16
4037
206
9433
8629
5933
33
262
4311
68
12011
152
255
365
1644
219
49
11093
3859
12244
117
199
236
5280
481
510
486
379
288
457
780
6252
264
936
4121
275
160
187
3743
15
1377
370
347
6105
8125
100
146
336
20656
16391
233
22662
26112
10681
343
315
200
21348
313
24607
117
310
18087
132
301
286
135
397
3466
540
47
322
510
336
884
13309
12418
3901
37
8817
6357
25169
9162
351
6997
297
447
13898
452
423
7145
129
175
12370
5582
17808
471
10129
21826
107
2
1016
305
28819
28160
14762
12418
2780
12761
15426
2970
324
17782
474
99
453
5499
11704
19744
14016
14462
4338
249
367
399
306
21491
21477
47
6124
90
10466
10352
5372
18288
15408
65
2128
3040
470
9660
11751
142
313
518
17610
171
4366
5052
22056
16152
50
3586
3285
246
15358
179
368
5
332
14729
7930
1646
299
408
131
503
4536
808
385
317
242
234
1359
23334
314
347
36
21922
45
130
4811
138
434
832
144
20383
161
108
85
3926
431
384
306
402
388
4981
2
11603
2232
10723
1697
426
337
13552
322
4727
15107
27591
261
4782
8974
10173
10706
531
8076
5936
18893
30
280
5
3817
13562
15859
4424
32442
51
9671
394
16556
10480
402
10787
2674
316
432
162
263
432
6413
605
368
31574
3882
6246
490
184
405
956
5864
262
283
3434
234
13315
516
10810
20118
426
480
23992
365
231
458
1931
27269
99
188
24265
5805
12207
390
2941
8022
4452
4426
435
383
513
174
248
15993
5783
13233
4819
492
366
190
97
12714
27
415
469
6343
5097
514
6395
318
247
21349
266
358
6832
306
385
326
13097
23193
4832
24050
8989
346
288
21012
6163
362
74
10239
1898
529
1865
21021
431
83
15781
15893
7020
483
434
245
497
109
6636
6
395
438
13301
161
5054
18523
24533
283
1532
18
322
12792
111
19289
245
323
166
485
175
523
3757
412
430
15751
17441
3887
141
399
411
18942
497
436
386
491
524
15906
14258
437
15
15580
445
28333
146
129
8714
31
59
449
457
15810
209
170
574
440
6820
55
471
11
5398
238
3223
128
83
244
2884
296
473
496
1464
377
2895
13556
185
15193
242
1752
252
22925
1346
13283
25444
8671
24412
77
14085
6214
148
142
290
1137
128
529
10178
11850
16033
219
56
508
497
4915
17234
14992
11636
3810
524
28251
70
18529
282
19181
112
113
2197
25750
205
8199
7168
16358
14194
16361
14802
24
14204
244
1171
325
53
190
8072
245
274
379
3009
345
10486
47
9271
17921
243
17173
12646
1034
16446
283
185
200
3420
112
476
464
370
86
442
367
23695
154
284
129
45
480
377
280
413
253
519
7873
301
11521
27342
415
88
16248
354
120
66
9770
84
21241
1976
13087
11661
239
25044
441
9716
127
244
381
486
220
23162
391
383
11751
13809
57
1258
12
16
4507
4868
22545
20579
3844
4767
11537
3261
275
402
1832
301
16249
344
365
10105
20521
2109
2
8784
497
475
518
216
2520
7836
16997
3406
18483
9461
6751
279
1306
42
167
9553
387
8317
9918
17532
31397
1
5
9727
7532
300
126
27077
2043
14548
51
146
17458
6041
2841
10758
442
161
10956
311
229
515
485
277
21954
18826
330
21457
194
118
7110
2825
402
381
330
252
7342
142
24611
459
9719
13806
8551
177
4078
318
18002
7040
439
14627
397
632
9706
456
415
173
2055
257
368
370
457
51
878
200
134
1450
1254
21803
120
31347
295
431
1871
372
487
27518
16950
4927
296
23406
175
4407
239
17709
21388
466
189
955
25335
2818
1357
6905
258
111
17190
423
392
7648
280
490
12923
323
20414
5597
207
182
184
394
777
966
359
199
13
83
409
6245
505
248
8883
186
30
450
272
17320
358
5
199
4366
141
128
8650
20748
15869
13877
6400
2664
161
5
32176
31
403
424
406
10
27834
7475
860
2493
491
14257
21168
122
1703
1447
9235
321
27
387
153
495
1193
191
17006
156
9391
121
393
7919
393
423
294
531
4159
482
165
329
517
3790
83
209
428
188
16206
25285
284
18638
375
7781
252
503
223
185
435
8592
5257
456
149
1437
4182
11372
5797
185
144
3567
145
149
111
638
22562
114
125
100
389
290
212
186
306
12
29
94
501
83
376
375
3414
13571
14
410
14833
18836
149
138
382
5723
235
57
13756
454
8167
11451
15511
11857
3396
510
17
6769
3832
4104
7802
41
28800
21404
303
480
8263
1744
29370
6092
8414
32
90
15388
464
56
10571
3744
69
461
304
6879
428
1055
242
58
416
10938
13872
30783
15801
4746
23006
327
18163
178
7117
13800
401
288
514
15379
412
8509
36
16161
64
5314
520
492
188
15965
55
14170
182
82
5442
12732
6802
559
630
24550
18890
319
145
413
5823
22946
215
313
3076
17264
270
21763
260
28075
207
5
17183
21734
6
4736
10636
409
415
171
284
14394
113
12929
13660
2714
15084
464
395
455
14837
238
22942
626
9305
34
161
421
36
5839
2322
26254
122
370
2923
29903
14723
127
11578
39
10374
16652
85
386
265
75
25654
350
39
493
16677
411
244
366
2
6752
470
2603
16863
7312
29
106
22866
3788
182
4470
392
405
619
9981
16285
2149
197
138
277
378
7938
52
19102
268
4951
2954
442
4278
13788
194
114
138
394
161
393
2
28138
6425
362
457
952
141
263
135
8901
514
305
8259
251
124
716
3213
151
458
384
17096
1500
5445
20384
108
14334
292
10680
374
7392
143
20459
21140
12384
987
3298
199
229
6
3966
809
117
7983
20592
75
23506
310
14045
4173
77
21931
93
25012
170
37
2817
494
13032
107
35
177
10093
4096
60
207
10570
196
10188
289
197
462
17272
11099
395
148
211
32727
10674
13278
478
21660
4637
476
13336
16057
138
75
6721
6455
375
30672
69
349
261
1703
3200
342
20
11482
10392
94
17332
1660
278
60
330
4039
542
13256
8405
19760
10
19146
272
235
288
208
320
6314
381
377
27214
115
934
180
18369
5926
18449
3981
363
459
1826
137
15234
22554
34
13147
1166
417
336
16000
20716
5150
1466
14658
417
240
325
14468
3942
25964
5972
528
371
7513
2474
11971
5470
14581
67
21707
202
473
476
6150
150
51
22153
403
266
352
88
3627
24206
14070
24189
6382
28126
233
530
380
424
169
260
510
257
3934
12374
378
23240
16396
151
174
137
3458
49
155
20204
15076
4632
7024
12657
19562
22234
122
248
16717
7451
27971
176
498
509
109
429
121
410
1554
14213
18
10065
337
6808
3037
14580
516
8729
514
4715
225
342
12727
26991
3955
297
88
24930
329
99
10325
6784
487
312
74
149
2206
9
5518
195
74
3110
217
98
897
2439
18410
23726
14766
461
178
12773
1312
55
705
359
7475
431
430
260
282
10833
3077
88
227
271
18238
4655
15754
18
8519
5720
152
26190
23263
292
446
15375
12012
4311
18930
363
5215
4310
462
445
22536
11057
241
21991
20
28
3438
6858
174
15689
241
9090
41
3678
144
15228
390
216
173
3341
250
11105
332
371
316
275
251
219
51
16595
330
7454
10071
466
480
22074
337
16430
436
325
42
293
408
467
2789
6720
324
3814
289
254
11297
18541
503
432
359
501
29
156
11346
6065
384
344
8618
3314
527
321
92
26758
121
198
6385
22038
1693
398
6106
17847
5574
67
16141
137
340
123
9782
26596
10582
240
197
13637
6002
354
4078
106
544
3199
2273
319
12528
113
938
218
264
61
517
458
15231
22723
503
691
29
460
284
4978
6843
411
387
6
2740
27338
27
309
2050
21209
8
2771
71
866
178
104
3812
4468
116
6066
7211
373
880
11010
189
358
6164
11177
183
12118
8571
7297
19291
16108
147
16276
8943
406
59
419
168
12511
486
25060
12989
122
385
233
276
12475
30269
129
821
273
299
15576
361
42
17
90
79
17714
251
290
1841
385
10518
414
158
9484
2448
433
3701
200
79
11778
11600
10563
103
157
8195
7067
17712
146
256
193
431
510
404
248
1954
6205
10971
13
23596
28343
14134
8442
523
3475
9924
462
9117
317
473
240
254
421
18936
27070
152
481
720
9462
17557
188
6225
14935
2990
290
6598
15116
536
4643
11676
3697
430
7794
4137
12489
9018
12409
474
420
20053
49
14627
21495
301
354
457
27245
532
27690
502
4
143
320
10803
12481
11368
2927
346
419
20647
28334
154
17757
13606
3299
435
11918
290
115
14212
513
17667
5576
1440
15764
97
285
1776
255
18043
28150
14506
4359
108
504
10882
529
4264
188
3481
214
256
4819
939
1414
67
253
437
497
138
8552
222
422
1081
8876
7041
11417
20521
269
175
403
509
193
14660
12747
76
9354
2287
101
12924
28
4519
207
1205
12224
223
24
76
6970
237
8917
7994
16533
3347
226
170
383
86
109
2112
421
15275
296
17121
2
6805
19052
9784
532
316
476
17950
360
98
12259
13702
13630
341
890
208
22207
153
22385
13951
14212
440
169
10962
235
26896
488
251
8227
13582
8062
299
5686
9548
4995
403
13134
19294
16390
433
79
401
5356
28886
84
39
427
473
9517
8167
28460
17808
432
1561
5472
55
4275
10973
3825
12597
12349
265
149
6948
4414
262
400
11978
203
7719
4268
9499
22
8835
120
471
20446
400
430
128
3696
4609
6598
99
3605
15303
4747
5630
2607
113
8117
4586
405
82
168
21067
408
3473
20962
100
9454
12870
14
22576
322
193
20416
137
2617
266
203
6305
205
65
15279
16658
284
429
12418
22900
167
4757
14961
236
21566
11620
228
474
3631
419
3665
143
5341
131
6480
60
335
262
343
7876
350
313
227
4267
2289
41
512
1221
19262
19
11252
325
177
8029
15533
5473
19924
12753
8236
472
5755
10175
105
190
4924
11301
112
15505
265
13234
16844
3282
413
322
22569
5071
1242
184
168
213
14745
505
10840
434
137
390
66
2981
69
2548
202
129
9781
111
22202
9004
264
19586
7219
924
527
167
1287
208
390
109
398
3217
304
10355
3450
3515
8544
22630
284
6912
521
98
13072
8375
14669
8381
6718
281
37
7153
175
384
14824
7368
319
201
51
487
13495
73
350
282
193
6433
184
13114
51
11289
14741
55
8866
304
193
359
127
390
11393
354
1246
467
266
8199
147
7582
19225
22290
30463
15757
412
501
17825
78
247
1974
5086
29444
65
221
342
519
9427
280
3364
401
515
478
316
442
82
216
6604
127
91
502
440
157
3910
136
315
26309
19
13754
14744
3226
19432
8015
6100
13400
3444
15026
157
14603
23045
264
94
21985
5750
1010
171
21082
526
12560
8352
23991
28367
102
6369
152
91
353
23633
407
74
6928
18143
339
471
397
30
17
25103
12122
63
277
6170
32091
11205
323
5471
176
490
221
12776
5901
484
71
16859
265
224
459
934
54
8841
14382
3504
23
7362
275
167
25
17682
113
426
233
515
22683
61
277
336
1871
49
182
487
6745
180
17875
385
382
3439
5354
15518
16371
395
73
272
17434
205
23198
6710
12674
4310
23494
23763
2
18069
22
2812
293
523
401
351
138
3548
14062
3286
61
13090
28
431
16869
38
2547
373
204
15019
489
126
18476
16369
36
9417
2375
21827
148
442
373
6265
19574
19168
177
372
4070
3415
3808
8921
314
81
74
25692
460
9931
360
338
8213
15239
9068
525
8347
286
57
16221
14936
6626
488
4723
62
19
204
9822
5573
19081
380
332
334
8306
168
2379
81
193
6202
11851
848
372
461
427
510
74
12585
475
270
13352
428
340
322
6809
274
282
16356
18371
15737
3080
372
13148
416
489
8467
4221
15114
20860
5553
206
372
10138
496
3318
167
412
587
3579
30223
316
512
358
8558
486
6956
4611
20355
248
225
95
4002
169
19241
457
118
1203
25017
429
7196
21799
386
307
335
15370
279
4410
18057
12242
19560
5628
247
1632
162
362
261
12475
423
372
12907
3080
9247
27860
8847
443
17284
20722
42
463
400
382
7339
196
171
13976
2988
422
18733
229
7358
326
8770
9400
162
14547
240
513
311
250
349
5804
442
17978
260
389
204
203
345
506
11330
393
5556
293
151
15200
27612
312
5795
2813
11115
459
1785
17657
86
519
181
21991
4969
131
167
39
384
1978
7486
141
8617
24918
3028
17818
27107
109
7628
23781
14538
26596
17965
109
376
307
30450
513
288
8893
25128
18233
164
504
16361
11029
7069
8579
451
206
24594
111
49
147
422
5997
62
403
43
259
8863
515
476
6536
8661
348
128
346
12305
16121
521
263
16880
137
8229
6742
28664
447
22258
430
337
2375
506
9455
264
391
5957
8001
461
265
8104
18595
54
8158
255
379
220
488
18297
443
228
9298
210
57
411
8635
304
116
28
75
500
6348
4600
234
12499
455
41
22310
324
233
4639
10
386
19310
12334
17177
499
13395
458
3638
1437
22
55
11437
3636
5726
3384
3614
432
304
476
3542
2896
343
5120
290
452
3258
9433
191
320
195
450
18
272
24720
312
2959
145
451
10649
150
487
6543
8640
393
294
3305
976
12406
286
948
32
7095
1073
6850
5231
18774
399
7632
25709
410
6676
503
234
186
385
205
82
396
4380
212
404
7618
2643
82
384
434
201
188
1471
7927
236
375
20313
6014
9169
192
4011
22202
11659
1499
43
205
513
5844
150
59
6774
11674
428
3647
25390
366
250
18382
455
21164
288
20075
17509
482
323
154
15339
354
428
68
2635
313
34
240
516
16184
459
2049
1024
1364
23
292
8268
17855
214
60
6052
72
13637
424
20507
373
5918
403
15828
47
740
3804
291
10328
292
14103
4023
396
430
26368
17456
407
5117
15718
476
377
407
9755
471
463
20218
17511
142
422
1851
351
224
3786
7276
477
462
155
16468
22029
492
200
178
373
3220
26258
358
1947
303
2680
3350
6
393
276
149
10384
10425
9272
21564
302
8560
423
25
20941
8779
13839
235
14646
106
96
286
16417
152
366
500
7044
13584
10039
347
438
13071
63
343
8076
33
5867
9124
80
334
486
405
43
15076
3208
375
27755
170
77
18089
396
366
468
322
220
23210
3675
1789
8884
5772
244
12870
289
772
230
261
337
13046
19197
498
330
331
68
62
294
19888
4334
119
2516
24605
305
29464
8801
503
1562
495
60
14938
18552
265
422
12261
10353
24591
508
9808
26746
1509
7335
379
1283
512
13999
56
83
23984
421
18853
508
476
12416
160
499
390
500
395
496
1625
744
705
13034
199
5573
10808
414
560
430
3184
293
12927
234
13202
193
289
14049
400
10230
2042
22668
46
464
14974
8894
7370
243
29480
447
304
539
222
249
8642
3265
2696
129
3060
23208
6658
191
19186
73
3122
9354
18436
14191
177
8875
100
7911
353
506
79
4924
484
5
19199
15414
435
440
15412
19694
19728
15947
218
6263
176
368
24
156
30061
309
188
18
113
3491
34
449
2425
18433
11713
199
6224
15358
19092
10525
329
17019
389
20
5602
2872
373
155
275
6593
61
111
14501
19096
193
14428
267
67
19585
4451
21144
19514
231
514
2661
168
18402
21756
15084
6085
443
326
243
244
5580
25
40
426
350
11022
3067
47
13150
90
458
6
20300
41
498
1172
75
321
18495
10295
2952
1511
213
212
388
98
231
150
357
487
12053
16644
461
22128
354
4197
175
341
22
269
491
428
151
1124
218
7163
19948
13568
306
39
425
339
265
14497
240
289
151
2408
510
24242
156
7836
242
289
73
11
102
32
485
6706
89
527
171
19327
27
25998
23033
3021
94
189
154
472
67
351
7437
109
321
12505
411
17740
10767
29
174
10210
148
7367
501
448
27
243
407
77
3043
147
15635
468
14034
1972
4907
5738
18649
18823
258
6278
261
213
355
482
454
46
428
408
1987
9961
480
12987
10186
14566
286
17535
17620
22568
19535
401
23
354
6225
5603
43
216
18897
4197
5
341
11284
459
11677
523
19180
252
1634
33317
30201
20689
185
404
469
2834
391
7888
21069
11517
192
3483
20903
14833
473
124
38
1901
7286
392
227
343
276
7927
19820
11150
16728
4385
40
100
2573
23065
9123
264
16824
2823
8
198
262
15078
2391
85
10178
4273
128
4388
467
20543
17017
489
13078
11729
4531
12353
4980
8500
77
336
891
39
268
43
326
7531
166
16398
16409
2828
123
479
7636
9689
1
2451
23232
10887
12881
12830
59
252
892
17045
9454
12770
19619
6791
5763
380
521
291
5472
389
284
3702
10245
389
22065
44
6090
268
8054
401
304
30399
28382
334
126
8730
16156
1651
25094
411
490
67
503
3772
3923
241
111
266
84
178
509
203
11735
274
397
8244
14497
427
279
55
457
268
9697
456
234
958
504
177
503
185
255
101
528
90
28286
3800
377
11037
15785
415
3211
45
9987
270
100
376
5849
25021
115
100
23272
9935
2022
12918
36
82
5359
3494
23186
16735
207
317
190
344
15270
9891
86
482
2458
342
3112
271
391
17918
41
82
197
130
9446
16259
354
474
160
61
210
489
26475
332
277
80
373
184
101
1618
5300
157
252
3845
9122
254
511
2427
412
134
2056
386
15500
178
506
542
247
13347
206
180
176
10
304
230
244
8779
16951
215
333
303
15618
15532
195
295
3962
6669
11025
297
486
12661
6657
287
399
9808
3187
11086
503
7503
13121
174
9170
200
12578
3487
13115
2836
411
424
4127
311
427
6090
4862
177
131
95
291
202
516
13076
82
502
11872
200
288
140
21835
13827
82
194
482
9739
16025
1534
189
25659
278
4591
363
340
187
219
14511
18360
445
483
1119
364
11089
135
12042
807
519
176
28500
2909
9570
7102
433
8143
42
76
175
411
28031
8286
1193
59
14076
4074
156
3623
6422
13946
131
15245
6755
498
47
323
21380
34
467
355
9145
138
429
6160
20187
18106
1732
260
8349
189
286
10089
6512
31103
280
294
1960
7
151
22891
195
3959
18
388
15349
8813
513
3269
3802
2388
28433
1403
9770
268
14288
8873
26515
98
501
3389
11658
422
12952
463
1104
469
8239
177
9087
217
8920
511
5801
225
18579
149
486
451
16343
247
302
9046
453
13
364
2371
13457
315
507
365
3737
5252
37
8871
354
10063
26
80
322
23474
9522
10891
4244
27129
6954
441
379
309
1132
374
12128
300
331
4323
302
8967
14135
21977
499
433
3129
5368
2547
7399
59
5385
16787
323
29957
480
4692
44
364
55
17167
401
8559
338
27917
20739
151
640
224
525
14338
7375
100
13751
18492
314
437
336
453
4751
5936
17145
273
1658
414
12545
11594
17825
11353
5410
172
428
21094
1281
163
120
145
14
239
8314
469
402
20634
24594
13524
17681
3044
7108
20195
320
4509
186
6063
208
1718
247
77
12514
7805
120
29
365
532
164
5192
79
2805
244
17889
75
2491
22491
19253
15
21739
165
1550
929
333
276
674
10618
32
412
13211
370
2513
120
88
5754
27188
5477
39
251
14282
9942
883
331
418
518
90
5379
372
443
9248
11145
147
90
31
136
249
7089
197
190
8797
212
405
24081
361
514
21749
143
10686
404
9950
19048
17180
515
443
22706
311
16435
4078
12569
823
5020
21781
17546
447
444
11031
3590
721
248
2273
4502
497
518
8821
9344
380
409
19622
66
18060
22040
415
225
500
190
10477
25124
448
11973
12086
100
418
2651
12472
95
109
12940
247
189
215
17534
1
93
8429
27776
71
135
340
306
396
11237
318
85
3822
18220
5574
24985
5974
6909
458
172
19003
922
420
46
473
440
267
268
23
155
1326
6414
130
1125
7683
2858
76
8931
48
7977
479
10857
9601
270
373
484
7348
3640
25201
75
161
4136
12154
10789
6295
356
458
269
12735
376
5657
381
127
125
82
19819
467
191
5834
494
354
175
264
62
7925
4020
21750
272
13730
2522
290
12876
16777
319
48
369
403
1187
295
27822
10219
12931
393
451
63
140
3199
2436
472
511
223
367
187
501
374
7228
21800
363
466
22689
303
77
6693
429
10473
37
11850
421
523
1059
429
153
21338
197
227
4410
431
7550
213
5335
11428
16510
8720
116
12244
8028
17417
193
5387
26872
384
153
18665
276
298
5928
17
3206
41
12496
15555
14084
20737
31720
235
178
343
1835
69
60
458
324
131
279
365
173
519
333
17357
449
2676
14697
19386
532
269
9166
338
10037
8940
612
867
14421
16444
30912
9610
368
17378
304
315
184
328
21013
5214
19572
13574
156
8897
40
21667
306
2968
9183
10236
149
21922
22990
260
420
127
8279
18385
5905
71
390
3392
85
446
20500
11145
5746
114
294
13802
313
4261
89
18
159
482
30545
10746
22658
268
194
1804
14394
19901
3455
6745
259
23355
14733
2750
14863
184
440
15926
362
10912
19664
204
30419
155
427
3372
19433
21529
9003
14846
493
2518
104
12879
13173
16040
21678
534
173
90
465
14351
3556
1390
6578
315
8169
395
18
2174
148
7291
516
227
17597
705
318
95
309
429
12702
22864
330
441
5829
210
338
15827
374
161
346
13340
156
284
14
165
5027
201
271
13437
151
337
8
11060
507
281
10143
136
50
10887
316
21637
84
7529
277
402
173
3457
341
10131
16110
8918
283
449
187
42
5077
394
447
265
71
424
78
10260
71
493
883
128
1862
18426
45
412
2093
2658
519
271
68
519
6463
171
337
329
497
76
39
5959
8264
12342
215
46
4795
163
2726
1077
3423
473
20585
18741
16007
375
38
387
6198
396
25407
324
6867
42
205
495
6805
229
1504
475
340
6968
2197
310
100
35
114
471
5
15140
90
11490
373
194
140
20401
3668
2865
8607
282
381
16708
500
5601
516
29488
10119
20046
17
368
421
501
253
251
1393
207
17248
115
508
357
295
4724
5175
25
27892
342
31993
1749
460
459
20210
264
2945
14013
294
482
148
293
94
520
6273
4061
415
10350
16537
8269
302
428
20943
2968
469
348
369
24093
4036
59
6943
4202
473
20
285
262
402
163
5105
523
403
22766
515
26773
243
17417
10583
5097
379
15657
158
190
16015
21100
160
276
8648
11869
4094
3250
94
472
386
12406
5731
11767
285
35
509
180
235
517
333
8986
1937
18322
284
4325
5258
199
4673
460
12089
69
109
219
26
16079
139
6431
18
22673
317
4
300
478
481
8021
3600
13558
460
4802
6858
1191
21060
262
67
310
23786
467
1687
28
508
15278
148
15906
12100
8869
31562
22192
13569
362
274
8298
10827
233
14854
366
188
14093
286
24130
858
464
143
8342
19784
429
3056
13036
377
496
51
30198
13722
42
10465
13534
16715
4664
8317
2725
8072
18449
53
14848
6370
1100
18711
23102
334
7963
115
320
6843
541
12485
2763
113
8111
287
2
84
12612
7232
540
4760
520
221
17304
28
29594
18
7292
8852
19674
6956
213
85
6340
226
388
380
458
7081
301
353
13127
530
524
394
325
323
20285
17540
514
533
9149
10751
254
15452
11055
6917
25656
431
1947
4595
4181
14056
4640
229
13707
428
20
518
627
371
690
36
473
359
7238
5436
6153
214
237
417
100
1815
15408
1507
1392
411
13308
31899
148
224
371
14407
4865
465
7765
1071
17551
123
525
1905
85
13713
22750
23990
3564
5545
6537
426
167
55
4758
26651
227
6479
186
21335
153
4220
6994
23298
257
533
194
1063
15814
132
20310
191
442
17689
18634
296
509
27313
76
5962
162
4888
18084
497
3744
7
5
21416
121
290
220
5530
364
13885
171
63
2348
2
11527
9439
263
10988
352
44
160
6695
344
1938
89
83
10565
20056
302
78
4742
29155
10043
16414
429
396
4082
11149
23591
410
3329
355
11330
341
5738
104
14152
130
239
322
3152
19275
391
248
8258
512
17041
15856
18
14167
2220
311
26954
329
18
250
54
108
20389
8647
117
32
1611
4501
194
444
245
282
121
25879
11550
183
3964
13670
243
177
16990
494
19
41
304
1070
8456
300
289
9005
11173
419
26536
375
23903
62
39
94
461
2117
3578
146
5960
86
20036
16203
11407
21813
28832
58
197
1598
347
284
375
403
27059
18980
194
4345
498
6192
302
5176
24236
14
306
9573
448
33
191
201
288
250
10383
197
15280
17307
483
13143
285
372
147
412
380
9481
14524
12234
421
316
15623
184
76
1950
31
15385
8037
132
188
5531
36
20183
23196
188
13652
63
6973
18163
90
406
202
517
204
25146
238
19419
257
6903
259
262
2252
100
21956
164
9764
2260
788
15033
9624
431
228
241
99
164
10579
513
351
11227
16600
7413
274
8670
296
8282
2860
399
9161
337
3446
2920
4246
451
23133
103
208
320
9870
6933
106
8726
5059
6287
7085
203
1987
3193
235
285
346
126
352
206
15621
26003
19143
9418
3
412
280
17600
297
242
527
12547
15993
443
430
338
9382
308
40
1971
11795
101
1443
96
507
8030
8109
14909
85
424
8189
1427
3433
19205
293
6100
9143
449
264
3133
17695
465
3058
464
227
237
136
15903
5868
57
148
485
1605
372
18175
119
73
1080
588
12493
162
214
458
9622
15996
2301
162
322
3406
205
7370
9189
434
18351
5449
59
12724
3931
383
387
250
345
21914
230
15100
17
530
224
24000
134
31845
11315
4537
14604
462
14882
2944
271
4950
79
6017
6655
8402
8512
94
379
351
1502
3566
432
314
107
6898
2762
13805
456
2884
10770
207
484
356
9191
19355
1925
224
490
2795
19084
136
9861
7702
365
469
13188
21109
18981
19
2310
1563
360
158
13524
15660
8739
9237
8784
426
31
16772
11460
14649
366
17031
144
914
5674
1667
149
43
423
28
16308
10434
341
149
432
30589
11331
3377
1760
482
25142
159
149
18286
2394
69
1965
271
2431
13530
7612
19817
1933
379
369
151
10217
30461
405
220
246
18408
184
7477
420
471
29
214
414
468
15066
21429
206
14677
19262
20738
27433
504
11204
160
18204
418
160
14488
12445
4629
443
21204
7258
9381
23151
13409
2
957
13112
2855
9418
354
460
246
409
18182
146
22586
528
10562
194
8823
20846
238
298
49
14508
1872
473
47
297
20159
497
15874
203
66
6120
332
308
112
454
217
16614
10383
464
38
480
22441
1435
240
21
5068
3182
78
436
10842
486
28783
10118
852
17194
483
239
7875
343
139
3
20583
239
17443
130
284
211
12808
459
1583
1790
22348
14727
172
494
18616
15498
98
1212
25956
7195
481
26306
250
56
26304
436
6143
16870
403
27
2223
21421
490
2081
362
123
90
18470
19075
279
436
423
445
478
222
445
489
8923
296
6633
295
9322
29
5452
93
422
4838
218
4984
11683
194
11607
6573
15622
431
112
30445
13001
4736
12
17019
25239
8217
11
695
286
9036
432
4139
122
15743
1607
48
3985
159
1059
9623
12078
9347
498
10247
5051
6134
289
49
4
406
371
483
511
24737
7
3054
11959
18786
306
2498
231
264
377
208
175
635
6534
15615
502
4372
18586
153
139
1287
229
131
337
20125
439
4865
261
6556
4448
524
12254
3654
110
9734
6028
18635
79
1701
11807
1885
7266
1547
214
492
165
1426
25743
418
24
204
257
126
6322
338
6321
611
198
14640
10700
491
4609
536
482
15198
27776
13
281
24655
4551
1012
5059
149
12986
6028
13927
8032
1596
148
400
3510
2354
12451
5333
85
342
261
6787
5350
193
496
13971
915
90
83
424
144
16584
171
17080
388
265
354
171
294
139
16138
255
1155
463
8161
12174
180
23396
449
4390
363
10
376
10292
1864
16311
229
289
5485
353
5370
1994
11744
460
9297
1254
345
203
136
163
470
4512
8060
35
6193
6812
20489
9245
203
24785
9289
3249
5530
283
362
2617
450
490
8375
357
6504
14079
14894
306
16029
4671
121
67
496
23260
2
6636
7
399
672
1487
392
12210
1235
361
247
22160
290
288
122
292
9915
2191
444
20414
848
179
1864
1190
48
10776
3111
1166
149
221
207
3453
454
260
6574
112
191
15834
335
18526
2316
509
3939
5680
23533
2672
99
80
419
493
12376
54
415
2584
6328
456
307
280
20949
7691
1861
450
434
16369
13866
195
227
167
826
16007
15744
2594
266
429
51
21777
14056
3668
23713
90
5837
273
13658
7752
68
342
391
17644
389
14101
2277
12121
762
665
2709
22710
378
5685
5709
394
3988
8067
25788
457
31343
2465
322
418
9759
87
262
7991
27830
177
381
2362
4796
6648
4643
296
350
407
86
2790
120
2256
21
22683
22353
457
12556
5583
14543
75
523
5567
61
22970
127
10813
25576
19024
17148
484
46
22419
453
2038
192
475
12932
14294
24299
511
7368
7441
27014
5884
19452
29
11725
84
23728
6886
520
337
21805
175
14064
537
27864
196
327
79
87
12153
80
9331
352
3779
82
19900
122
241
51
20429
24593
27009
450
18827
444
132
17187
37
2
416
23108
32234
6279
25044
24921
189
7174
1946
3961
16467
1907
427
6175
24661
8400
19894
30
5664
76
1564
