0 1
999000001 1
999000001 1
0 1
499499968531999968 999999937
499499969530999969 999999937
0 1
0 1
499968 999999937
0 1
0 1
499968 999999937
0 1
0 1
499968 999999937
668615954549586230 999999937
0 1
31090404 999999937
374193218 999999937
320584596 999999937
479922827221325706 999999937
0 1
185491981 999999937
325680 999999937
247221241 999999937
298556439197824811 999999937
0 1
321162865 999999937
202122506 999999937
222135833 999999937
419774421959191549 999999937
499968 999999937
102238755 999999937
199926268 999999937
55791694 999999937
45670796317796317 999999937
333312 999999937
336964942 999999937
312119532 999999937
337277791 999999937
520416792220630383 999999937
0 1
450760315 999999937
425923906 999999937
147977156 999999937
240334417447876324 999999937
0 1
222118988 999999937
187958444 999999937
184517846 999999937
66145339989961029 999999937
499968 999999937
79296523 999999937
88310615 999999937
346089285 999999937
266526934100651866 999999937
333312 999999937
368084549 999999937
344325449 999999937
19400904 999999937
124002287800558381 999999937
0 1
80291610 999999937
423565870 999999937
396858610 999999937
250709304200550320 999999937
499968 999999937
395304187 999999937
92113120 999999937
74024925 999999937
505652893307339472 999999937
499968 999999937
160536705 999999937
216734552 999999937
417653261 999999937
629030057011077869 999999937
333312 999999937
164759999 999999937
103033124 999999937
273468677 999999937
7858666686056386 999999937
0 1
146999607 999999937
435709732 999999937
468033401 999999937
837952957386276711 999999937
0 1
165823890 999999937
13794919 999999937
450270166 999999937
322726023326194348 999999937
333312 999999937
142577732 999999937
247812083 999999937
130688704 999999937
298516642476638407 999999937
333312 999999937
313967099 999999937
197899799 999999937
266063225 999999937
700763179120530341 999999937
0 1
276945227 999999937
437145943 999999937
204656611 999999937
61622319346187429 999999937
0 1
235443255 999999937
229970468 999999937
450037953 999999937
127841189702868644 999999937
499968 999999937
248176040 999999937
209322891 999999937
78935645 999999937
742671842401656967 999999937
0 1
222109533 999999937
39028765 999999937
413824334 999999937
164884252444304913 999999937
0 1
233590453 999999937
461068652 999999937
231874482 999999937
125929100175579397 999999937
333312 999999937
418604674 999999937
231895111 999999937
216247887 999999937
445133611747621374 999999937
499968 999999937
263178249 999999937
354021427 999999937
166935355 999999937
266004523906594258 999999937
0 1
46192347 999999937
348778086 999999937
8708738 999999937
321124121300368990 999999937
499968 999999937
452415078 999999937
108709488 999999937
456905073 999999937
310522852563307190 999999937
0 1
249401941 999999937
92295399 999999937
146164692 999999937
220597784200524159 999999937
0 1
186634923 999999937
462319957 999999937
76013754 999999937
816925002955806448 999999937
333312 999999937
423263352 999999937
82423023 999999937
353669029 999999937
433993567503002768 999999937
499968 999999937
53290108 999999937
93644109 999999937
443487628 999999937
801109637238413519 999999937
0 1
373346513 999999937
292743879 999999937
400508348 999999937
873129341192110933 999999937
0 1
434897009 999999937
485297747 999999937
472258542 999999937
776392919045457752 999999937
0 1
74164765 999999937
349826924 999999937
268629528 999999937
117056951014803572 999999937
499968 999999937
420369685 999999937
196818800 999999937
411499311 999999937
89115996924006899 999999937
0 1
294386060 999999937
61311675 999999937
59870195 999999937
162247605351423071 999999937
499968 999999937
372756562 999999937
447386083 999999937
384264808 999999937
258289403772815412 999999937
0 1
483623198 999999937
10353619 999999937
319580344 999999937
228908190228539049 999999937
499968 999999937
23474513 999999937
436936482 999999937
447273170 999999937
84806908681000007 999999937
333312 999999937
283751849 999999937
319524312 999999937
27206725 999999937
215645602130892635 999999937
499968 999999937
434530405 999999937
497263996 999999937
384488232 999999937
268310203971237035 999999937
499968 999999937
453739083 999999937
485079657 999999937
395519160 999999937
726303957239614670 999999937
499968 999999937
192139514 999999937
411244240 999999937
180531956 999999937
690130203477145825 999999937
0 1
431250990 999999937
75240861 999999937
112998672 999999937
507158056994798433 999999937
0 1
72790078 999999937
336791594 999999937
288283198 999999937
680868454996814563 999999937
0 1
265698164 999999937
5932722 999999937
396929440 999999937
360838086579624195 999999937
0 1
243798531 999999937
55311683 999999937
442964930 999999937
284071412897479797 999999937
333312 999999937
185201506 999999937
141218055 999999937
369626865 999999937
1470344556869363 999999937
333312 999999937
14352699 999999937
217632708 999999937
30577576 999999937
306367274273475146 999999937
499968 999999937
285264232 999999937
210317695 999999937
160343310 999999937
143526196745056591 999999937
499968 999999937
336692370 999999937
93947999 999999937
260720847 999999937
77843020191040073 999999937
0 1
19812137 999999937
333056623 999999937
384065141 999999937
115970318422869226 999999937
333312 999999937
51546719 999999937
37234180 999999937
198792164 999999937
796886591555709635 999999937
0 1
105034795 999999937
226634768 999999937
110547332 999999937
511630392865001809 999999937
0 1
318179321 999999937
469761831 999999937
370472207 999999937
448444571671313076 999999937
333312 999999937
262544470 999999937
293074190 999999937
485130253 999999937
682212734916085403 999999937
0 1
73637925 999999937
274915954 999999937
52196805 999999937
53752960124593333 999999937
0 1
389761614 999999937
98461556 999999937
365513941 999999937
563155979212990718 999999937
0 1
379292620 999999937
446134947 999999937
298143913 999999937
11783736230581824 999999937
499968 999999937
63051949 999999937
457616832 999999937
87189322 999999937
431811148405315770 999999937
499968 999999937
339897100 999999937
263098082 999999937
316302368 999999937
620588680131366168 999999937
499968 999999937
494333652 999999937
263526388 999999937
414269182 999999937
127142892002708885 999999937
0 1
301942377 999999937
243578862 999999937
476121337 999999937
76796468360411010 999999937
333312 999999937
58035392 999999937
20056500 999999937
432175440 999999937
419340998751396391 999999937
0 1
372445830 999999937
165174826 999999937
453189643 999999937
403708634502029854 999999937
0 1
31169181 999999937
55745119 999999937
129141873 999999937
451234699755742942 999999937
0 1
355398404 999999937
65667863 999999937
441098081 999999937
435369543425902602 999999937
333312 999999937
151397427 999999937
394910560 999999937
174312415 999999937
307599061386306993 999999937
333312 999999937
52586035 999999937
408628970 999999937
62022443 999999937
648983698079613922 999999937
0 1
131537204 999999937
345913616 999999937
237786886 999999937
286790525391013373 999999937
0 1
146741361 999999937
7437455 999999937
419636908 999999937
130777354862676772 999999937
0 1
322122459 999999937
278753759 999999937
460845200 999999937
68876014113532381 999999937
0 1
442355170 999999937
180010843 999999937
167373538 999999937
148859102006217344 999999937
0 1
295797557 999999937
205084597 999999937
102351693 999999937
697893224157259310 999999937
499968 999999937
346499450 999999937
39554227 999999937
240695144 999999937
601708134629467410 999999937
0 1
183817185 999999937
107590230 999999937
399882384 999999937
181586488521084196 999999937
499968 999999937
128559768 999999937
269501719 999999937
308981309 999999937
228191220925554622 999999937
499968 999999937
273898910 999999937
166186912 999999937
215484130 999999937
90955946104310588 999999937
333312 999999937
21622810 999999937
431084457 999999937
107558141 999999937
41791385169853179 999999937
0 1
393611062 999999937
204928753 999999937
359789641 999999937
325605473764589509 999999937
333312 999999937
224889942 999999937
133676312 999999937
65220655 999999937
669106388657582901 999999937
0 1
146849944 999999937
292106152 999999937
65042905 999999937
294564603440801321 999999937
499968 999999937
198865448 999999937
277146814 999999937
390817698 999999937
218718196257452933 999999937
499968 999999937
361665621 999999937
41674355 999999937
352714201 999999937
395800543535863660 999999937
333312 999999937
387242198 999999937
88576530 999999937
390308378 999999937
521807987983607745 999999937
0 1
127210395 999999937
189205961 999999937
460715832 999999937
393615397386600872 999999937
0 1
303386664 999999937
214955820 999999937
190860662 999999937
768409197166032446 999999937
0 1
200361396 999999937
218344004 999999937
370684448 999999937
501143241260768958 999999937
499968 999999937
213747236 999999937
355303702 999999937
98714752 999999937
210645854797631064 999999937
0 1
343130501 999999937
251040197 999999937
142227329 999999937
266215628493578983 999999937
0 1
24383281 999999937
240512596 999999937
129558160 999999937
759183643197811446 999999937
499968 999999937
498441827 999999937
222523927 999999937
133601968 999999937
13011873589403620 999999937
0 1
497763796 999999937
246079591 999999937
296295345 999999937
142563103035908419 999999937
0 1
118700600 999999937
235457486 999999937
37570706 999999937
366428852333750702 999999937
0 1
257465480 999999937
404719337 999999937
477704538 999999937
141030091558746158 999999937
0 1
497477767 999999937
492109982 999999937
354520787 999999937
265512287930262579 999999937
499968 999999937
142783637 999999937
136387527 999999937
249144898 999999937
781455280270846047 999999937
0 1
370436387 999999937
101903986 999999937
379718215 999999937
264192952535122185 999999937
0 1
303061064 999999937
485156737 999999937
43774232 999999937
491192773718435093 999999937
0 1
405793895 999999937
216800219 999999937
484238779 999999937
171942163012941106 999999937
499968 999999937
425047223 999999937
172620321 999999937
472714165 999999937
750240578914217249 999999937
499968 999999937
412760125 999999937
310579727 999999937
189679777 999999937
20604529271012693 999999937
499968 999999937
494836021 999999937
499201550 999999937
396337424 999999937
482081514382862702 999999937
333312 999999937
417833620 999999937
55946343 999999937
278335324 999999937
177373180444808896 999999937
499968 999999937
74355266 999999937
460280649 999999937
252823126 999999937
549837392711811746 999999937
333312 999999937
185539498 999999937
134961085 999999937
109011602 999999937
81506920542341577 999999937
0 1
151597493 999999937
216929722 999999937
253320723 999999937
35482439828077849 999999937
0 1
82813125 999999937
14566175 999999937
61620366 999999937
164325133272072862 999999937
499968 999999937
359209825 999999937
478346580 999999937
421483996 999999937
768852039081072692 999999937
0 1
31319528 999999937
223677077 999999937
138780987 999999937
494512911661207950 999999937
333312 999999937
431166245 999999937
40840957 999999937
272373406 999999937
9213731271321896 999999937
0 1
427453975 999999937
468957352 999999937
476280936 999999937
379018782468747426 999999937
0 1
462645470 999999937
243766964 999999937
255250244 999999937
729150912772205803 999999937
0 1
358303615 999999937
166563896 999999937
404499905 999999937
67884819902434856 999999937
0 1
3417462 999999937
436582412 999999937
173511382 999999937
205009394527659564 999999937
499968 999999937
239248884 999999937
486855100 999999937
371802910 999999937
56947545935448481 999999937
499968 999999937
5530192 999999937
177071886 999999937
289605181 999999937
664014534600663714 999999937
499968 999999937
380120152 999999937
420451497 999999937
328283167 999999937
820897374345709254 999999937
499968 999999937
13028760 999999937
271939205 999999937
260287747 999999937
247767227961646456 999999937
333312 999999937
171139131 999999937
14725440 999999937
14280301 999999937
264618433247942544 999999937
499968 999999937
312316647 999999937
235630436 999999937
384937035 999999937
572713280799427445 999999937
499968 999999937
39264396 999999937
342274687 999999937
8505271 999999937
369606807076240938 999999937
499968 999999937
106655553 999999937
333490097 999999937
401935236 999999937
609571099383257155 999999937
0 1
450967190 999999937
342246508 999999937
480897996 999999937
746766719914943988 999999937
333312 999999937
444117812 999999937
28026680 999999937
309043649 999999937
657281196581323443 999999937
0 1
5178949 999999937
330386910 999999937
491197230 999999937
131955739157056488 999999937
499968 999999937
306361876 999999937
486296317 999999937
466749125 999999937
28017189774656249 999999937
0 1
448773838 999999937
191107418 999999937
487601483 999999937
323971962679586160 999999937
499968 999999937
130374385 999999937
51339631 999999937
116630226 999999937
368242242386041205 999999937
333312 999999937
65698991 999999937
439751910 999999937
41849561 999999937
90758790778263684 999999937
499968 999999937
27560618 999999937
248697743 999999937
225561753 999999937
19254472478634769 999999937
499968 999999937
265893005 999999937
306070700 999999937
216355942 999999937
111087622003482367 999999937
499968 999999937
414071516 999999937
471528502 999999937
150501538 999999937
66164379867884463 999999937
0 1
249310494 999999937
316880857 999999937
256810352 999999937
756443573733388725 999999937
499968 999999937
466656050 999999937
175617794 999999937
100391145 999999937
710113866553095685 999999937
333312 999999937
92545518 999999937
53175331 999999937
306460612 999999937
917792111320641168 999999937
0 1
370347876 999999937
167148339 999999937
49224064 999999937
491503441873947824 999999937
333312 999999937
211986380 999999937
361709376 999999937
129630071 999999937
569206117404501770 999999937
0 1
279472449 999999937
163848831 999999937
399383980 999999937
428818587491903731 999999937
0 1
137661995 999999937
109049741 999999937
392249838 999999937
602068968492146084 999999937
499968 999999937
418586697 999999937
265633825 999999937
77647157 999999937
524192213717756327 999999937
0 1
205130843 999999937
156559021 999999937
147878330 999999937
512985141701304627 999999937
0 1
120844056 999999937
141704454 999999937
131155456 999999937
412842466846674326 999999937
499968 999999937
258978313 999999937
137406325 999999937
98161669 999999937
128929106459269354 999999937
0 1
317319431 999999937
183092827 999999937
110000687 999999937
61394520793790150 999999937
333312 999999937
164119406 999999937
37190571 999999937
120090235 999999937
87527666527869403 999999937
0 1
291604500 999999937
125403720 999999937
237903064 999999937
4807259862229833 999999937
0 1
158327785 999999937
119561384 999999937
94790807 999999937
153721493275553831 999999937
499968 999999937
365369787 999999937
49101457 999999937
68362440 999999937
98053215402944273 999999937
0 1
244553847 999999937
63561891 999999937
17776460 999999937
778548894894863618 999999937
0 1
242804253 999999937
163804242 999999937
81053195 999999937
11693878287795839 999999937
333312 999999937
333815516 999999937
347211060 999999937
227921168 999999937
365372287785250504 999999937
0 1
203843169 999999937
281650266 999999937
211035121 999999937
62235757074579425 999999937
333312 999999937
122959399 999999937
90663539 999999937
290570093 999999937
947667855073774654 999999937
0 1
81632530 999999937
490076049 999999937
440159332 999999937
270149712646087631 999999937
0 1
42938378 999999937
131865617 999999937
58980757 999999937
321868024040040359 999999937
0 1
351452913 999999937
216197319 999999937
204750680 999999937
243984147105599440 999999937
499968 999999937
416222818 999999937
191715379 999999937
106834312 999999937
100351584036152301 999999937
0 1
176975081 999999937
69864911 999999937
120113262 999999937
42027968364572363 999999937
0 1
372030959 999999937
415954392 999999937
244487292 999999937
600985728922216286 999999937
499968 999999937
338338991 999999937
10769565 999999937
416028644 999999937
652543477003097553 999999937
499968 999999937
464491482 999999937
469479676 999999937
386515324 999999937
59831733093223369 999999937
499968 999999937
7673895 999999937
55461564 999999937
387912509 999999937
44505363690217398 999999937
499968 999999937
253229078 999999937
3563886 999999937
458253065 999999937
64453305768460269 999999937
499968 999999937
328371881 999999937
361772469 999999937
46217220 999999937
534067986946025357 999999937
333312 999999937
92648669 999999937
323901025 999999937
483756126 999999937
717121509008106918 999999937
0 1
327381258 999999937
2028812 999999937
213084751 999999937
746528964159029572 999999937
0 1
346056827 999999937
310046029 999999937
215503572 999999937
707350976986636213 999999937
0 1
441738698 999999937
116004496 999999937
291238379 999999937
67201404037076462 999999937
0 1
475177212 999999937
460813949 999999937
12233451 999999937
232031970377281175 999999937
0 1
366234818 999999937
19409250 999999937
373520408 999999937
35659998053173125 999999937
0 1
343213175 999999937
202866292 999999937
380427955 999999937
564894799158928140 999999937
499968 999999937
188474800 999999937
410322435 999999937
331905748 999999937
174838590277667122 999999937
499968 999999937
317117864 999999937
370540280 999999937
66455140 999999937
647063162103944906 999999937
0 1
73881050 999999937
12015976 999999937
8149083 999999937
3629388355796186 999999937
0 1
344575706 999999937
459175383 999999937
492710943 999999937
426202887 999999937
0 1
176388868 999999937
11970789 999999937
291720651 999999937
3659337411592281 999999937
499968 999999937
412449152 999999937
125013749 999999937
108855920 999999937
77357849476364778 999999937
0 1
496471794 999999937
167383557 999999937
152610496 999999937
261121097934444668 999999937
0 1
85715587 999999937
67775326 999999937
268250937 999999937
527704181144965288 999999937
0 1
289613478 999999937
253481112 999999937
129620599 999999937
346897598184710981 999999937
0 1
214309891 999999937
304604604 999999937
181855277 999999937
48880104093135702 999999937
0 1
92125663 999999937
7177557 999999937
265643384 999999937
18044428901843223 999999937
0 1
65373710 999999937
18409752 999999937
128008732 999999937
39882303669663692 999999937
0 1
94985259 999999937
321827308 999999937
100245190 999999937
194767609002780379 999999937
333312 999999937
11971815 999999937
114453823 999999937
493380704 999999937
17583466575079959 999999937
333312 999999937
200727930 999999937
28912772 999999937
210405000 999999937
235660724064135836 999999937
499968 999999937
429285327 999999937
18674050 999999937
96547636 999999937
142005234006178839 999999937
333312 999999937
137191520 999999937
147216376 999999937
462399788 999999937
604935846317735658 999999937
0 1
154493101 999999937
188997953 999999937
307281632 999999937
135211316211361387 999999937
333312 999999937
456417110 999999937
270858479 999999937
344386264 999999937
182623958072299799 999999937
499968 999999937
414019908 999999937
152812078 999999937
490283600 999999937
535452097689529352 999999937
499968 999999937
70075723 999999937
425170493 999999937
495570408 999999937
181416631506357251 999999937
333312 999999937
285698013 999999937
439942702 999999937
250694822 999999937
1760591319432375 999999937
333312 999999937
103234580 999999937
320766039 999999937
56265557 999999937
99364412069577831 999999937
333312 999999937
65534124 999999937
201281518 999999937
174776946 999999937
398805557807695737 999999937
0 1
110299825 999999937
273103267 999999937
297760044 999999937
576416166381099144 999999937
0 1
468387126 999999937
444158389 999999937
217329557 999999937
586999885134007264 999999937
333312 999999937
411715236 999999937
198993343 999999937
119659899 999999937
93219152478378364 999999937
0 1
76179466 999999937
249894746 999999937
137141648 999999937
692737174758405623 999999937
333312 999999937
438384022 999999937
37147576 999999937
292264635 999999937
786903200897707096 999999937
499968 999999937
239861671 999999937
43236967 999999937
162895198 999999937
152553134833702745 999999937
499968 999999937
243656538 999999937
134468954 999999937
189540309 999999937
416190802046446243 999999937
499968 999999937
255475554 999999937
110044642 999999937
418494004 999999937
182012998954443095 999999937
333312 999999937
93705090 999999937
179860496 999999937
49775377 999999937
717208395079966843 999999937
499968 999999937
306666394 999999937
271888430 999999937
77900218 999999937
52040358849809175 999999937
333312 999999937
149517328 999999937
120530071 999999937
77312373 999999937
61071670155184904 999999937
499968 999999937
411698185 999999937
375727599 999999937
118058161 999999937
396557983668859935 999999937
333312 999999937
175023786 999999937
53712349 999999937
103271648 999999937
832318924404303827 999999937
499968 999999937
144406447 999999937
375035613 999999937
273982252 999999937
49890325817780687 999999937
0 1
239914560 999999937
55374884 999999937
329230632 999999937
202913070805107668 999999937
0 1
292135151 999999937
481467754 999999937
370301691 999999937
82463912718466459 999999937
333312 999999937
17247272 999999937
98202906 999999937
263469853 999999937
46085066629370726 999999937
0 1
402257445 999999937
459655786 999999937
335843763 999999937
170385987222420595 999999937
0 1
162349438 999999937
304887328 999999937
59954307 999999937
721872515270407040 999999937
333312 999999937
480096965 999999937
377288204 999999937
179049942 999999937
265362429387909912 999999937
499968 999999937
289773286 999999937
43545245 999999937
108687549 999999937
339620454762307768 999999937
0 1
131000465 999999937
130020067 999999937
145120566 999999937
428991695476361119 999999937
0 1
247704163 999999937
18029172 999999937
241536546 999999937
591292457918976256 999999937
333312 999999937
175143593 999999937
52451268 999999937
364877522 999999937
121768223086867527 999999937
0 1
194090473 999999937
243965335 999999937
149699278 999999937
758953550658831962 999999937
0 1
316069654 999999937
192677753 999999937
57496361 999999937
213432058551265585 999999937
0 1
415028639 999999937
69216026 999999937
55069065 999999937
209082478050221518 999999937
0 1
178184810 999999937
19522437 999999937
386515517 999999937
321251140980280612 999999937
0 1
279295944 999999937
227264044 999999937
383945756 999999937
644967048837914872 999999937
0 1
289552790 999999937
405835806 999999937
460808227 999999937
491796961714901085 999999937
0 1
107006911 999999937
268337787 999999937
472961608 999999937
356153503838325955 999999937
0 1
45599700 999999937
363023067 999999937
224884154 999999937
39611428205728640 999999937
333312 999999937
41045769 999999937
362742147 999999937
205253838 999999937
232870882688075929 999999937
0 1
196663826 999999937
131938355 999999937
493448041 999999937
308604266014001156 999999937
499968 999999937
159658131 999999937
139209118 999999937
240667479 999999937
128995678159185189 999999937
499968 999999937
340323826 999999937
121117939 999999937
450918914 999999937
173456015204801973 999999937
499968 999999937
461551609 999999937
434304420 999999937
58294789 999999937
161995709902745920 999999937
0 1
306967392 999999937
441580925 999999937
312151154 999999937
473180958629180764 999999937
499968 999999937
372934102 999999937
260158750 999999937
364536703 999999937
211562958593723794 999999937
333312 999999937
419363764 999999937
381974368 999999937
271967169 999999937
462056379706351487 999999937
0 1
103158709 999999937
277772275 999999937
471001683 999999937
379924354071595142 999999937
499968 999999937
490848372 999999937
315740891 999999937
400851532 999999937
373010923270182582 999999937
333312 999999937
259022653 999999937
371112042 999999937
308695782 999999937
1327503079585978 999999937
499968 999999937
1099176 999999937
417865114 999999937
174964235 999999937
63279949880203098 999999937
333312 999999937
126135451 999999937
164260734 999999937
30450330 999999937
474061933782946535 999999937
499968 999999937
212738654 999999937
64488103 999999937
84198270 999999937
128295387956786250 999999937
333312 999999937
465015454 999999937
485160487 999999937
210668624 999999937
782569030257706868 999999937
499968 999999937
276071118 999999937
244974637 999999937
359312357 999999937
441411386226252309 999999937
499968 999999937
349423794 999999937
33982937 999999937
127337376 999999937
810500166474427246 999999937
0 1
138962590 999999937
207114369 999999937
107344892 999999937
492835420090117263 999999937
333312 999999937
386162145 999999937
377408459 999999937
295104224 999999937
20436890223782110 999999937
333312 999999937
440605415 999999937
470221558 999999937
37673949 999999937
102752577333415343 999999937
0 1
195336791 999999937
80232882 999999937
122151890 999999937
33328495362308569 999999937
0 1
44891267 999999937
180483283 999999937
255054910 999999937
389187912179605175 999999937
0 1
11067838 999999937
149877882 999999937
265912971 999999937
48435847672653701 999999937
0 1
418798111 999999937
222695201 999999937
79191172 999999937
322156657233594310 999999937
0 1
214243697 999999937
203055379 999999937
324231558 999999937
547885326357670038 999999937
0 1
100039385 999999937
221734124 999999937
497800422 999999937
531275546889542614 999999937
0 1
251629685 999999937
53818309 999999937
360142427 999999937
45698410973399484 999999937
0 1
466969797 999999937
35149997 999999937
4702537 999999937
470589795568410487 999999937
333312 999999937
7286307 999999937
24623949 999999937
111805155 999999937
509917862730550177 999999937
499968 999999937
158952773 999999937
229750557 999999937
121619029 999999937
479638295420719375 999999937
0 1
332876861 999999937
223254157 999999937
113035927 999999937
378948227285497630 999999937
0 1
482228218 999999937
185735971 999999937
490343422 999999937
512408468331907001 999999937
0 1
48406697 999999937
409652127 999999937
172709979 999999937
573032561568917303 999999937
333312 999999937
351785693 999999937
153547943 999999937
224955447 999999937
518428653676557084 999999937
0 1
441493539 999999937
293011604 999999937
175204119 999999937
417772323396210908 999999937
499968 999999937
51370374 999999937
66624197 999999937
199689071 999999937
402169747011223016 999999937
333312 999999937
225339769 999999937
239511505 999999937
312287540 999999937
514189302459773295 999999937
0 1
129756064 999999937
131582392 999999937
429843160 999999937
409236626755717272 999999937
499968 999999937
244177837 999999937
355768614 999999937
457132201 999999937
436348342510636088 999999937
0 1
380915417 999999937
14594840 999999937
91485151 999999937
251266072867871965 999999937
333312 999999937
441756122 999999937
354765477 999999937
288273421 999999937
445133794178406981 999999937
0 1
345950220 999999937
68689891 999999937
413774467 999999937
529708369221593272 999999937
333312 999999937
87015529 999999937
45965989 999999937
424368549 999999937
322127799503873505 999999937
0 1
313492096 999999937
482393050 999999937
354341387 999999937
24360224245004538 999999937
333312 999999937
298972895 999999937
472799042 999999937
333561488 999999937
108178669979418446 999999937
0 1
198883500 999999937
139619146 999999937
110439373 999999937
208550567792785372 999999937
0 1
437873490 999999937
364790682 999999937
107663840 999999937
156596261763921832 999999937
333312 999999937
362661090 999999937
129283170 999999937
8858323 999999937
482420547034890058 999999937
0 1
336148200 999999937
83586660 999999937
18171995 999999937
287346302200866703 999999937
333312 999999937
392379748 999999937
251121367 999999937
366649807 999999937
457587530727630894 999999937
0 1
38781193 999999937
287485931 999999937
46922137 999999937
292673445687527772 999999937
333312 999999937
134002988 999999937
230198324 999999937
442251864 999999937
17659861984714972 999999937
0 1
106806384 999999937
393739621 999999937
479316005 999999937
482106544328374755 999999937
499968 999999937
196730841 999999937
182001131 999999937
31070213 999999937
107759277651824651 999999937
499968 999999937
188873980 999999937
100263713 999999937
78415754 999999937
85189621564237426 999999937
0 1
434789643 999999937
484295942 999999937
385385337 999999937
187030629662928010 999999937
333312 999999937
404370988 999999937
165129946 999999937
312883248 999999937
508020197666312028 999999937
499968 999999937
252690482 999999937
35145149 999999937
121030243 999999937
475992785360644876 999999937
0 1
299269834 999999937
325543826 999999937
300554007 999999937
174981879298045231 999999937
0 1
250015126 999999937
145164574 999999937
167472442 999999937
296885989425449347 999999937
0 1
20913816 999999937
400572541 999999937
394705929 999999937
57759199518194716 999999937
333312 999999937
21127516 999999937
233288455 999999937
436225555 999999937
62934414207222446 999999937
333312 999999937
377445723 999999937
37111023 999999937
246937088 999999937
534368359715393443 999999937
499968 999999937
429940711 999999937
125536621 999999937
53286636 999999937
269934682912785018 999999937
333312 999999937
479706452 999999937
82301631 999999937
494280212 999999937
478493123687084230 999999937
0 1
69438609 999999937
10512257 999999937
183065145 999999937
607318840787935129 999999937
333312 999999937
51744471 999999937
107715489 999999937
187180827 999999937
288278503997569858 999999937
0 1
296931787 999999937
469795596 999999937
328255604 999999937
276333906863707070 999999937
0 1
420060000 999999937
124314526 999999937
287560410 999999937
313988896742882715 999999937
0 1
99439820 999999937
314537815 999999937
280437765 999999937
179555253454049843 999999937
499968 999999937
279245550 999999937
61473415 999999937
440115931 999999937
498903876743129685 999999937
0 1
38311809 999999937
33763054 999999937
433330212 999999937
451852857173155012 999999937
499968 999999937
184640327 999999937
399639124 999999937
117432598 999999937
2524352418106335 999999937
0 1
375445574 999999937
88103332 999999937
495750740 999999937
341265982453049186 999999937
499968 999999937
368833564 999999937
121535120 999999937
36719146 999999937
373920588589326960 999999937
333312 999999937
217582597 999999937
196823720 999999937
8278517 999999937
622315924495736169 999999937
499968 999999937
298201306 999999937
443394625 999999937
125756070 999999937
396810770295935329 999999937
0 1
279008697 999999937
170339356 999999937
83349446 999999937
861871477723761832 999999937
0 1
2534337 999999937
216449304 999999937
280380488 999999937
498435415439799096 999999937
0 1
175620012 999999937
381640506 999999937
37817339 999999937
322312599531424683 999999937
0 1
420642484 999999937
186030777 999999937
150863742 999999937
420282520572725303 999999937
0 1
311206146 999999937
248182700 999999937
19950392 999999937
792392605002542253 999999937
333312 999999937
396292853 999999937
354551264 999999937
170278938 999999937
519725710603430833 999999937
499968 999999937
252198928 999999937
419893311 999999937
313128272 999999937
588127397995668964 999999937
333312 999999937
46972744 999999937
410791103 999999937
285087100 999999937
215377954197320103 999999937
499968 999999937
361206880 999999937
329883490 999999937
371473928 999999937
617690314664594286 999999937
333312 999999937
343643209 999999937
456296163 999999937
111468214 999999937
312293250531441930 999999937
0 1
437716036 999999937
189831395 999999937
126078880 999999937
322972859102693312 999999937
0 1
441399692 999999937
214459490 999999937
193202372 999999937
174591980217702476 999999937
0 1
251965199 999999937
240166727 999999937
167763775 999999937
436627690269055226 999999937
499968 999999937
17471891 999999937
390566427 999999937
257682704 999999937
121105405350188776 999999937
0 1
67803965 999999937
34606777 999999937
154785805 999999937
482696635037483868 999999937
0 1
122011156 999999937
203776377 999999937
188612251 999999937
38680649325455101 999999937
0 1
37882029 999999937
69614650 999999937
197587761 999999937
72876411569977800 999999937
0 1
1232066 999999937
435692419 999999937
272024514 999999937
6452755647027753 999999937
499968 999999937
455427693 999999937
39728856 999999937
295688481 999999937
850875705483648242 999999937
0 1
494247109 999999937
305199667 999999937
316395416 999999937
526241375363214924 999999937
333312 999999937
3173030 999999937
132371943 999999937
137709077 999999937
754119241794030896 999999937
333312 999999937
228864034 999999937
368227822 999999937
390975481 999999937
205515111771477640 999999937
0 1
490533035 999999937
43778086 999999937
434882872 999999937
245333168036914281 999999937
0 1
308119417 999999937
210713171 999999937
1242421 999999937
295901048621565137 999999937
499968 999999937
285538922 999999937
251152853 999999937
340734722 999999937
241368998631598453 999999937
0 1
355765022 999999937
101771997 999999937
426745094 999999937
195537858630145763 999999937
0 1
318269708 999999937
412737453 999999937
179989780 999999937
231207427064054653 999999937
0 1
240440123 999999937
67702193 999999937
258462663 999999937
84539350996892371 999999937
0 1
71975850 999999937
435170424 999999937
255056286 999999937
384023267375163076 999999937
333312 999999937
271534859 999999937
123037068 999999937
405997517 999999937
690815797506498851 999999937
333312 999999937
390339644 999999937
23009441 999999937
116209983 999999937
213561325733588225 999999937
0 1
86710033 999999937
287053788 999999937
344851293 999999937
418087659472777709 999999937
0 1
308433834 999999937
190710456 999999937
22573505 999999937
401695184194086823 999999937
333312 999999937
465481589 999999937
445279561 999999937
438666557 999999937
357301843151102204 999999937
0 1
159428946 999999937
3220863 999999937
400039208 999999937
554812380551999729 999999937
333312 999999937
468341997 999999937
119736334 999999937
469543791 999999937
369659017520418392 999999937
0 1
476453592 999999937
23414214 999999937
448529430 999999937
528433285812899245 999999937
333312 999999937
245298456 999999937
332548228 999999937
6046366 999999937
316765213 999999937
0 1
11292254 999999937
260079274 999999937
5638900 999999937
111712716249670952 999999937
0 1
361009945 999999937
91188089 999999937
319243007 999999937
144587622635513194 999999937
0 1
267872172 999999937
153346388 999999937
426573531 999999937
57351428629324694 999999937
333312 999999937
337811520 999999937
87335833 999999937
286926859 999999937
309593676954198979 999999937
499968 999999937
436973495 999999937
143880172 999999937
168153772 999999937
42560888208994375 999999937
0 1
211975470 999999937
62751314 999999937
372007607 999999937
146768750106311469 999999937
0 1
221263042 999999937
92700412 999999937
109625423 999999937
129119382331950304 999999937
333312 999999937
107352285 999999937
315387616 999999937
331841319 999999937
157861108221643862 999999937
333312 999999937
373915923 999999937
246126610 999999937
435366076 999999937
158222991614937159 999999937
0 1
57412428 999999937
363075117 999999937
448168481 999999937
575473681225142127 999999937
0 1
7504831 999999937
93796720 999999937
217188744 999999937
557275512865538288 999999937
333312 999999937
187895060 999999937
219777376 999999937
421536858 999999937
176509347938821294 999999937
0 1
178870128 999999937
212329416 999999937
169131007 999999937
498986178616286380 999999937
0 1
65981653 999999937
111309844 999999937
315440511 999999937
480955416059306569 999999937
0 1
119301911 999999937
4476382 999999937
283922824 999999937
528043760365608021 999999937
0 1
481503008 999999937
299664416 999999937
105963319 999999937
428442930137796208 999999937
333312 999999937
437419869 999999937
64648777 999999937
368073613 999999937
352770019573625715 999999937
333312 999999937
485395435 999999937
300637874 999999937
61767582 999999937
140777109559670482 999999937
0 1
469391138 999999937
146968043 999999937
1518486 999999937
225534703555672770 999999937
333312 999999937
347693783 999999937
446711571 999999937
438229626 999999937
100279515786287981 999999937
333312 999999937
252059124 999999937
288026591 999999937
45169399 999999937
87667583468178856 999999937
499968 999999937
82479698 999999937
387391045 999999937
264190795 999999937
828554954170968615 999999937
0 1
486914559 999999937
155894368 999999937
357510131 999999937
211487047763012420 999999937
0 1
92317435 999999937
330594953 999999937
10507084 999999937
342303923082516975 999999937
0 1
96715515 999999937
439660543 999999937
455731552 999999937
76517414589350744 999999937
0 1
154913244 999999937
334644441 999999937
361453802 999999937
307673249082881399 999999937
0 1
487933270 999999937
169039165 999999937
96474582 999999937
638672412314328965 999999937
333312 999999937
358181802 999999937
338754570 999999937
327974222 999999937
614652330707068534 999999937
333312 999999937
35548507 999999937
94909595 999999937
419106600 999999937
360101117972056446 999999937
333312 999999937
275769375 999999937
457645309 999999937
318333155 999999937
173083514448705311 999999937
333312 999999937
95634400 999999937
336035174 999999937
128694602 999999937
80156964299843138 999999937
0 1
50366865 999999937
305434052 999999937
495246974 999999937
207407471722300894 999999937
0 1
44594588 999999937
442222101 999999937
185181873 999999937
133206942591045251 999999937
499968 999999937
229790823 999999937
148509506 999999937
225185361 999999937
522122404486100161 999999937
0 1
364578824 999999937
326066689 999999937
473839202 999999937
514936346390518401 999999937
0 1
356618607 999999937
293490646 999999937
310192340 999999937
253384887263118592 999999937
0 1
254513753 999999937
235957910 999999937
145007996 999999937
250176909255682166 999999937
0 1
152953192 999999937
370823053 999999937
84417385 999999937
606119325122721245 999999937
0 1
200091510 999999937
276276545 999999937
241672004 999999937
161163825950413365 999999937
499968 999999937
308540313 999999937
2443376 999999937
5076525 999999937
15425261963985323 999999937
499968 999999937
442153362 999999937
192331171 999999937
404539430 999999937
600762919239964117 999999937
0 1
224937444 999999937
198901369 999999937
490260497 999999937
752382075055183743 999999937
0 1
37388152 999999937
378818319 999999937
356572719 999999937
697293424329330798 999999937
333312 999999937
184694711 999999937
261243670 999999937
78611168 999999937
380892662525458746 999999937
499968 999999937
31128611 999999937
253993316 999999937
403421134 999999937
350054449620454977 999999937
0 1
481976855 999999937
377450432 999999937
243867025 999999937
119683244871094086 999999937
0 1
234308321 999999937
68539985 999999937
399208999 999999937
789909182656681378 999999937
333312 999999937
218170779 999999937
300381741 999999937
78791260 999999937
218017809820590160 999999937
0 1
342997699 999999937
120586519 999999937
169296774 999999937
102717124472918696 999999937
499968 999999937
264780335 999999937
56510983 999999937
321717529 999999937
702503117545191467 999999937
0 1
249437554 999999937
122655968 999999937
118671630 999999937
146942066357321412 999999937
333312 999999937
384854104 999999937
216021146 999999937
447230879 999999937
391517223423579759 999999937
0 1
652165 999999937
278194699 999999937
1369074 999999937
388857141259018171 999999937
499968 999999937
432190472 999999937
439553529 999999937
258586167 999999937
151075826042236564 999999937
499968 999999937
145218238 999999937
463303093 999999937
474311833 999999937
341016121223628813 999999937
0 1
30722491 999999937
184350638 999999937
494715221 999999937
350250105617362764 999999937
0 1
24936101 999999937
374290868 999999937
155496403 999999937
526184013689867681 999999937
333312 999999937
252114126 999999937
267375621 999999937
436438451 999999937
197663629775686839 999999937
0 1
208651271 999999937
216001926 999999937
15117194 999999937
775290540531095444 999999937
499968 999999937
279306781 999999937
190498291 999999937
316771661 999999937
372221840720452633 999999937
0 1
77180452 999999937
228130514 999999937
314892766 999999937
243841674170328493 999999937
0 1
470185047 999999937
413255306 999999937
234462122 999999937
157718324143010567 999999937
0 1
233932230 999999937
328004022 999999937
87206657 999999937
744018068899902266 999999937
333312 999999937
57947128 999999937
75289011 999999937
2385916 999999937
703248985345913750 999999937
0 1
94798297 999999937
270678434 999999937
12494920 999999937
107861630321335811 999999937
333312 999999937
300616194 999999937
407831691 999999937
189479309 999999937
270002547803330317 999999937
333312 999999937
119379072 999999937
468724218 999999937
201089283 999999937
554536679170870021 999999937
499968 999999937
155232254 999999937
383538510 999999937
95202192 999999937
302576080160163444 999999937
0 1
25761553 999999937
60565318 999999937
155499731 999999937
362562872261262036 999999937
499968 999999937
44224788 999999937
109467088 999999937
125770762 999999937
139432667065704393 999999937
333312 999999937
101886971 999999937
252629143 999999937
172260664 999999937
328556047106428831 999999937
499968 999999937
240205365 999999937
338003139 999999937
405059992 999999937
179159787749902236 999999937
333312 999999937
31844483 999999937
45867219 999999937
111401602 999999937
240656367153263315 999999937
0 1
488710449 999999937
428211046 999999937
85402502 999999937
192558802431691718 999999937
333312 999999937
122571547 999999937
35223513 999999937
159866309 999999937
210276687468924331 999999937
333312 999999937
167762708 999999937
44819189 999999937
406136758 999999937
350319470860469257 999999937
0 1
38018124 999999937
8632575 999999937
219645420 999999937
666440488602413286 999999937
0 1
411572428 999999937
166841608 999999937
433764782 999999937
447532948348544777 999999937
0 1
203311018 999999937
261232942 999999937
239778826 999999937
126727085229161541 999999937
333312 999999937
134264821 999999937
312667845 999999937
386720891 999999937
280574516762568954 999999937
0 1
60038002 999999937
243948941 999999937
105656181 999999937
352690910004120423 999999937
0 1
203695847 999999937
96619246 999999937
220886073 999999937
142804661430197794 999999937
333312 999999937
486492110 999999937
334387555 999999937
111229333 999999937
341079661311998558 999999937
0 1
185514502 999999937
192412549 999999937
44848741 999999937
368962335508932300 999999937
0 1
453589314 999999937
168315327 999999937
359429811 999999937
443937014004522699 999999937
0 1
87761775 999999937
356571728 999999937
401273049 999999937
404054628040091409 999999937
0 1
390553567 999999937
204659941 999999937
289392804 999999937
18650916200042532 999999937
499968 999999937
295489737 999999937
444986495 999999937
470168058 999999937
162995584638325167 999999937
0 1
488685840 999999937
270585742 999999937
422743212 999999937
101147635622809475 999999937
0 1
450829935 999999937
385329725 999999937
105902835 999999937
139764694057251766 999999937
0 1
102020675 999999937
415732428 999999937
126425100 999999937
142872701116945874 999999937
499968 999999937
467687300 999999937
15621463 999999937
209342750 999999937
200710212252893824 999999937
0 1
44731633 999999937
115840591 999999937
97976812 999999937
306663773779983762 999999937
333312 999999937
294059085 999999937
52612147 999999937
220861775 999999937
303096045007784609 999999937
499968 999999937
376945249 999999937
395359704 999999937
401075880 999999937
288608861658965349 999999937
499968 999999937
443233103 999999937
155797008 999999937
236093430 999999937
266783928119300078 999999937
0 1
409716323 999999937
361992134 999999937
220640710 999999937
23173811209398394 999999937
0 1
370311343 999999937
484992180 999999937
70423451 999999937
541495757412684709 999999937
0 1
425736154 999999937
453436313 999999937
284207941 999999937
908820678068786983 999999937
499968 999999937
379420197 999999937
228394230 999999937
48877981 999999937
462311553395488636 999999937
0 1
157435328 999999937
10157953 999999937
85088173 999999937
478004657832661690 999999937
0 1
101104653 999999937
50155805 999999937
420539762 999999937
127141695727590865 999999937
499968 999999937
400834112 999999937
362267157 999999937
450860145 999999937
189845446261401113 999999937
333312 999999937
109329838 999999937
335358384 999999937
294314534 999999937
837807050839244955 999999937
0 1
270350442 999999937
164355590 999999937
233089879 999999937
67710593391873209 999999937
499968 999999937
84833219 999999937
409882472 999999937
212965730 999999937
694535080028968558 999999937
0 1
19585575 999999937
149761283 999999937
109261213 999999937
23081171976033776 999999937
0 1
24713985 999999937
155515116 999999937
157502292 999999937
24774900769057968 999999937
0 1
289175559 999999937
331808206 999999937
148177765 999999937
176977431213807383 999999937
0 1
250522729 999999937
310025558 999999937
463635255 999999937
217568770938960191 999999937
333312 999999937
234953921 999999937
37355431 999999937
28395342 999999937
260035042430320263 999999937
0 1
441372506 999999937
307484650 999999937
293300707 999999937
400265182128682224 999999937
0 1
154274055 999999937
456696082 999999937
156642597 999999937
30878172329403032 999999937
499968 999999937
35432107 999999937
21970444 999999937
58363629 999999937
207307750195484237 999999937
0 1
43228751 999999937
482914172 999999937
52662665 999999937
393424457478952363 999999937
333312 999999937
235229285 999999937
396885642 999999937
43316291 999999937
284989797261370195 999999937
0 1
65402890 999999937
196336586 999999937
268294618 999999937
697235697436824679 999999937
0 1
387139461 999999937
134412446 999999937
231917777 999999937
678461674147874838 999999937
0 1
284477455 999999937
193544614 999999937
233243737 999999937
303718498732157988 999999937
0 1
329988350 999999937
479446567 999999937
263901807 999999937
672814427149194046 999999937
0 1
316723263 999999937
288972013 999999937
30532667 999999937
86390779923984452 999999937
333312 999999937
492513508 999999937
163225253 999999937
138822253 999999937
112256568077675588 999999937
0 1
42512851 999999937
17842892 999999937
466326670 999999937
423801225629685062 999999937
333312 999999937
159581472 999999937
62116478 999999937
236918172 999999937
688935462830939473 999999937
499968 999999937
361593279 999999937
225413909 999999937
24930845 999999937
333721208627724973 999999937
499968 999999937
83916294 999999937
282199976 999999937
289096182 999999937
510681234725022188 999999937
0 1
465099928 999999937
250114199 999999937
4903899 999999937
192661959676028813 999999937
0 1
284184153 999999937
124238870 999999937
305492279 999999937
436480955750142936 999999937
0 1
413884503 999999937
472244080 999999937
215965598 999999937
224098400882718382 999999937
333312 999999937
275583477 999999937
113152037 999999937
256896032 999999937
669073460891063220 999999937
333312 999999937
164718492 999999937
252834722 999999937
184472274 999999937
590856059769572445 999999937
499968 999999937
327088732 999999937
294098714 999999937
265570141 999999937
391145262902571790 999999937
333312 999999937
83805500 999999937
228657248 999999937
475510314 999999937
104921958530070181 999999937
0 1
458239544 999999937
81771729 999999937
318669642 999999937
688785291263402233 999999937
333312 999999937
301597743 999999937
131897624 999999937
255793657 999999937
87746674407514051 999999937
499968 999999937
182318094 999999937
120880702 999999937
404872292 999999937
190909912037381665 999999937
0 1
102898269 999999937
60779086 999999937
215047410 999999937
12233636946925300 999999937
0 1
344848931 999999937
443794955 999999937
299545406 999999937
13487699911030897 999999937
499968 999999937
385363786 999999937
44915653 999999937
288909750 999999937
50885842854837402 999999937
333312 999999937
180112984 999999937
223244111 999999937
154666462 999999937
213827261427222365 999999937
0 1
380676951 999999937
187659300 999999937
429113140 999999937
132164599753778963 999999937
0 1
195370894 999999937
419588812 999999937
352186357 999999937
708715198581672861 999999937
0 1
356044638 999999937
435283273 999999937
390558005 999999937
689274219919905785 999999937
0 1
378795307 999999937
352506632 999999937
484743640 999999937
168242177231156221 999999937
0 1
290627998 999999937
450690124 999999937
218765045 999999937
92554863100154152 999999937
333312 999999937
7077834 999999937
472023691 999999937
376938372 999999937
849008244425177770 999999937
333312 999999937
78569365 999999937
228937307 999999937
54683847 999999937
108945934293758365 999999937
0 1
261333377 999999937
214210671 999999937
133194400 999999937
722822542166411522 999999937
499968 999999937
172044027 999999937
309534156 999999937
88418834 999999937
378184688552828183 999999937
333312 999999937
399501038 999999937
499953877 999999937
385261842 999999937
577793940725118036 999999937
499968 999999937
52712926 999999937
172177677 999999937
156986499 999999937
195375394239693267 999999937
333312 999999937
85922974 999999937
291754509 999999937
210840198 999999937
635862558253142769 999999937
0 1
171952747 999999937
35231570 999999937
499445888 999999937
497079680876967182 999999937
333312 999999937
474695138 999999937
472123124 999999937
411449024 999999937
274964736300650538 999999937
0 1
99717397 999999937
176370580 999999937
165150303 999999937
196668905038681379 999999937
333312 999999937
262612848 999999937
499059944 999999937
308493882 999999937
316799837395437414 999999937
0 1
427649906 999999937
431536306 999999937
122854908 999999937
501744530540040993 999999937
333312 999999937
76965221 999999937
480346370 999999937
398292990 999999937
279185100110467997 999999937
0 1
73149486 999999937
249527547 999999937
134657773 999999937
441998382741525977 999999937
0 1
392180477 999999937
57369772 999999937
186380581 999999937
248059663246344240 999999937
0 1
184090256 999999937
408762823 999999937
381829775 999999937
274648297404902073 999999937
0 1
232460668 999999937
73794578 999999937
313216556 999999937
209463172264284876 999999937
499968 999999937
27705002 999999937
319572968 999999937
169377716 999999937
275888043287686084 999999937
333312 999999937
120093888 999999937
25310126 999999937
143949368 999999937
856203680727124598 999999937
333312 999999937
497750973 999999937
227495264 999999937
90774729 999999937
326340890950790826 999999937
333312 999999937
12778738 999999937
38500852 999999937
103393536 999999937
117381289855238714 999999937
499968 999999937
466120644 999999937
418718930 999999937
373011247 999999937
131068600114233871 999999937
0 1
224870503 999999937
26503085 999999937
193610048 999999937
486035195704733954 999999937
499968 999999937
128944420 999999937
425286125 999999937
172989502 999999937
25712464561213503 999999937
0 1
166132405 999999937
18474356 999999937
8494111 999999937
323023891845877196 999999937
499968 999999937
20484807 999999937
265169568 999999937
415101367 999999937
478487058503922999 999999937
0 1
76022317 999999937
120517916 999999937
246318475 999999937
76828239539657349 999999937
333312 999999937
278171525 999999937
489838766 999999937
460671879 999999937
30469411519012057 999999937
0 1
105979973 999999937
293208245 999999937
313100271 999999937
540344265406741140 999999937
0 1
56391224 999999937
400291516 999999937
158924551 999999937
509326216717086912 999999937
499968 999999937
115694093 999999937
176848790 999999937
304829588 999999937
214888177373003641 999999937
499968 999999937
59530153 999999937
65625219 999999937
393822742 999999937
108698531625668003 999999937
499968 999999937
247467188 999999937
464189958 999999937
393730280 999999937
89448946899154189 999999937
499968 999999937
225073061 999999937
148571210 999999937
300649577 999999937
478398438611588669 999999937
0 1
352982112 999999937
492465355 999999937
238626979 999999937
21674272326179719 999999937
0 1
438694853 999999937
291350060 999999937
302253596 999999937
57260310063992898 999999937
0 1
431593463 999999937
303935675 999999937
79051714 999999937
744330293681523829 999999937
0 1
442200391 999999937
88336770 999999937
474876546 999999937
858507719063133202 999999937
0 1
269599919 999999937
66738352 999999937
286443116 999999937
335848518154670899 999999937
333312 999999937
360797487 999999937
145328683 999999937
298843717 999999937
55391298203561268 999999937
0 1
366010691 999999937
492231894 999999937
48439145 999999937
544831838899914671 999999937
333312 999999937
243753468 999999937
299440355 999999937
423214267 999999937
198710360593772926 999999937
333312 999999937
474237703 999999937
69869947 999999937
486002303 999999937
187964557912521720 999999937
333312 999999937
252848212 999999937
423565184 999999937
245607631 999999937
29191619496661060 999999937
0 1
18573857 999999937
131470163 999999937
237524559 999999937
725119612636980355 999999937
499968 999999937
270126085 999999937
248465070 999999937
188211461 999999937
265089556342522129 999999937
0 1
472026643 999999937
319320430 999999937
14463301 999999937
192668119058424468 999999937
333312 999999937
145872448 999999937
27840820 999999937
471638977 999999937
26185210159315556 999999937
499968 999999937
176809098 999999937
349213613 999999937
450402929 999999937
617464150874708855 999999937
0 1
176303108 999999937
137586654 999999937
436103629 999999937
30429145164880868 999999937
0 1
249689652 999999937
286602600 999999937
395492336 999999937
50611517380933003 999999937
499968 999999937
464665217 999999937
150533949 999999937
109120709 999999937
507371751679623327 999999937
499968 999999937
128234533 999999937
145655142 999999937
129104846 999999937
361075367123051618 999999937
0 1
37413475 999999937
30234197 999999937
458708317 999999937
698689016286340419 999999937
333312 999999937
290613617 999999937
159251043 999999937
102662253 999999937
646637518353529599 999999937
0 1
17483506 999999937
445363411 999999937
305761369 999999937
675437735688532247 999999937
0 1
139879771 999999937
487303615 999999937
158648242 999999937
526797833627154406 999999937
0 1
441365740 999999937
392680654 999999937
206775238 999999937
840044732154459282 999999937
0 1
389908202 999999937
103802015 999999937
109258677 999999937
327519303169526605 999999937
499968 999999937
202078268 999999937
163359825 999999937
180041553 999999937
452827790895705552 999999937
499968 999999937
55473235 999999937
321540602 999999937
132966906 999999937
213393511356906029 999999937
0 1
67104209 999999937
341515478 999999937
467139760 999999937
572010825418320850 999999937
0 1
315342073 999999937
48676761 999999937
246040313 999999937
89695566317357589 999999937
0 1
355585504 999999937
283761880 999999937
254441441 999999937
340429754192456809 999999937
0 1
46492000 999999937
325368846 999999937
1359353 999999937
624575316751001541 999999937
499968 999999937
37800796 999999937
190994978 999999937
448852882 999999937
669595703891506463 999999937
499968 999999937
271820725 999999937
408531063 999999937
491285855 999999937
41108134615345147 999999937
0 1
486053482 999999937
459271406 999999937
479273644 999999937
236854631326083864 999999937
499968 999999937
377791872 999999937
339885936 999999937
370096042 999999937
397303144912513509 999999937
499968 999999937
251584803 999999937
296410418 999999937
248435404 999999937
198460538654436483 999999937
499968 999999937
11220113 999999937
44206776 999999937
432692157 999999937
406693918407739621 999999937
499968 999999937
480291165 999999937
277733075 999999937
274247104 999999937
398766919693518021 999999937
499968 999999937
7101800 999999937
344706134 999999937
350198814 999999937
680572286757028120 999999937
333312 999999937
83948345 999999937
496459459 999999937
260787326 999999937
633629744991378796 999999937
0 1
112392001 999999937
492321395 999999937
77193376 999999937
474499435955539474 999999937
0 1
362868942 999999937
5563896 999999937
148498540 999999937
446050370943781516 999999937
333312 999999937
373258081 999999937
288982557 999999937
145883425 999999937
83388789521224175 999999937
0 1
258662723 999999937
143249693 999999937
302401866 999999937
373137843160976965 999999937
0 1
441828252 999999937
61896147 999999937
257956039 999999937
458796476539352106 999999937
0 1
190986401 999999937
475138478 999999937
478081860 999999937
565380481071832129 999999937
0 1
295214063 999999937
272182534 999999937
295677522 999999937
350072556900898926 999999937
499968 999999937
209770326 999999937
454303374 999999937
215371702 999999937
43981158760871994 999999937
333312 999999937
424612908 999999937
224506724 999999937
365584293 999999937
504306448412250188 999999937
0 1
110695571 999999937
239247302 999999937
489216435 999999937
178343808780082192 999999937
499968 999999937
292603937 999999937
164687925 999999937
331020637 999999937
370897587548658199 999999937
0 1
425676848 999999937
136128958 999999937
337183175 999999937
244999406487676736 999999937
333312 999999937
389642015 999999937
279268732 999999937
256020789 999999937
392312127143904020 999999937
0 1
387032545 999999937
317942697 999999937
158403574 999999937
242141769263617210 999999937
499968 999999937
95517193 999999937
122653105 999999937
425192894 999999937
767105154130033923 999999937
0 1
216950944 999999937
80108286 999999937
372258834 999999937
185292432042945508 999999937
333312 999999937
271798575 999999937
89282139 999999937
149536695 999999937
60291785813729775 999999937
333312 999999937
483188157 999999937
245879929 999999937
331109931 999999937
70093458326569844 999999937
0 1
184971311 999999937
432692659 999999937
202327981 999999937
651419232778138048 999999937
499968 999999937
465175340 999999937
81923743 999999937
220673098 999999937
321945591410689525 999999937
333312 999999937
457089680 999999937
433737916 999999937
439286243 999999937
298772734814185452 999999937
0 1
230570177 999999937
205334099 999999937
253983870 999999937
60544227904620547 999999937
499968 999999937
242765931 999999937
35983032 999999937
311385900 999999937
125691665879625228 999999937
0 1
144147624 999999937
428545734 999999937
474539597 999999937
192309720523990500 999999937
0 1
418412720 999999937
358758199 999999937
446884273 999999937
446644869046058125 999999937
0 1
475184589 999999937
282662384 999999937
274648248 999999937
466312376059105917 999999937
0 1
136468458 999999937
410514704 999999937
90715717 999999937
483847907027765735 999999937
333312 999999937
460131425 999999937
205871149 999999937
191987738 999999937
205817764537199928 999999937
0 1
427251138 999999937
260663151 999999937
339468504 999999937
727925548322394096 999999937
0 1
61635774 999999937
128906349 999999937
319479501 999999937
27595518374365984 999999937
499968 999999937
494487171 999999937
45905569 999999937
364194962 999999937
307215152277873247 999999937
499968 999999937
292361907 999999937
174418285 999999937
64494818 999999937
216376620881614461 999999937
499968 999999937
412552398 999999937
265808615 999999937
43269052 999999937
18664209257212667 999999937
0 1
449870361 999999937
465017562 999999937
296752539 999999937
220392276692768640 999999937
0 1
482442621 999999937
47241473 999999937
213253916 999999937
546616624032892520 999999937
499968 999999937
87430341 999999937
32705494 999999937
74255001 999999937
164165025413277571 999999937
0 1
360359562 999999937
376882110 999999937
489837188 999999937
37461666032096731 999999937
499968 999999937
43006482 999999937
490438362 999999937
330440157 999999937
493551784586856914 999999937
0 1
56812917 999999937
429814814 999999937
331504607 999999937
464639671744631219 999999937
0 1
342932359 999999937
392972040 999999937
276883278 999999937
312694281793246460 999999937
0 1
376965710 999999937
394573674 999999937
331131702 999999937
257390487264280045 999999937
499968 999999937
279246031 999999937
20248368 999999937
443442234 999999937
545025203202248946 999999937
0 1
66872513 999999937
303144997 999999937
34302079 999999937
154169154348410708 999999937
499968 999999937
226518260 999999937
157037152 999999937
215178993 999999937
365628177534421895 999999937
0 1
252912179 999999937
204053608 999999937
259367415 999999937
881644982742180520 999999937
499968 999999937
49813208 999999937
461150170 999999937
192152466 999999937
611201955262662118 999999937
0 1
117624642 999999937
235141587 999999937
120543847 999999937
472027068306492028 999999937
333312 999999937
402134558 999999937
497622526 999999937
361919696 999999937
29977935674627175 999999937
499968 999999937
476381496 999999937
386510265 999999937
360416229 999999937
5558568735892688 999999937
499968 999999937
311457842 999999937
78019815 999999937
431332526 999999937
426507853484640658 999999937
0 1
253753026 999999937
151482061 999999937
387113051 999999937
90002288999696258 999999937
333312 999999937
449611490 999999937
172174981 999999937
225628840 999999937
536371145168178192 999999937
0 1
122624213 999999937
463059313 999999937
219444126 999999937
536162369737712991 999999937
333312 999999937
268360041 999999937
228826315 999999937
434950535 999999937
308307591099035912 999999937
0 1
283258601 999999937
244543625 999999937
353860711 999999937
58899939199472521 999999937
333312 999999937
121230141 999999937
472242726 999999937
51286499 999999937
425042114636013675 999999937
499968 999999937
288816917 999999937
258754950 999999937
301327302 999999937
214004040435538651 999999937
0 1
234021473 999999937
440405989 999999937
109065549 999999937
318052930587768442 999999937
499968 999999937
44391457 999999937
35143047 999999937
189538308 999999937
196139896780700992 999999937
0 1
70042702 999999937
241415734 999999937
161623001 999999937
224428028224289529 999999937
499968 999999937
38287963 999999937
258069258 999999937
5811455 999999937
376388914244566228 999999937
333312 999999937
437766182 999999937
69410984 999999937
330656050 999999937
185632664365047272 999999937
499968 999999937
334204348 999999937
437865651 999999937
412429302 999999937
286805964533721476 999999937
0 1
131485873 999999937
184716469 999999937
244287664 999999937
568720039544260461 999999937
499968 999999937
449574208 999999937
61584582 999999937
67398738 999999937
30087104216058983 999999937
0 1
336609904 999999937
161418674 999999937
399845288 999999937
285888048117291777 999999937
333312 999999937
232539229 999999937
222043915 999999937
156733455 999999937
442660566984257435 999999937
499968 999999937
159539594 999999937
303909305 999999937
82267109 999999937
162436362675537636 999999937
0 1
265290211 999999937
459612962 999999937
214473157 999999937
706591776768029697 999999937
0 1
370057234 999999937
123278807 999999937
168840979 999999937
111308803542655282 999999937
0 1
90633649 999999937
234587203 999999937
387867084 999999937
475045824229731370 999999937
0 1
283172304 999999937
43516902 999999937
247531160 999999937
496159953470758706 999999937
333312 999999937
65043350 999999937
185010986 999999937
113817387 999999937
530606301277353252 999999937
0 1
192370475 999999937
417910266 999999937
117267615 999999937
37032208549706421 999999937
0 1
172939808 999999937
484580810 999999937
484811628 999999937
553360060281985430 999999937
0 1
299553606 999999937
433592083 999999937
88993840 999999937
548809191933907991 999999937
0 1
422860963 999999937
283033895 999999937
445049683 999999937
260378427615256807 999999937
499968 999999937
318066227 999999937
237269018 999999937
393472027 999999937
466358135341169357 999999937
333312 999999937
60653782 999999937
222261342 999999937
232835741 999999937
3164268258935364 999999937
0 1
376977144 999999937
116234504 999999937
375489049 999999937
477375480275206124 999999937
333312 999999937
379068815 999999937
438347543 999999937
387363836 999999937
618307918995256829 999999937
0 1
84396628 999999937
192723996 999999937
115042303 999999937
659841232753461081 999999937
0 1
216482889 999999937
396489463 999999937
95941433 999999937
529992243671162512 999999937
333312 999999937
435902366 999999937
481556146 999999937
494588245 999999937
346144656548934869 999999937
0 1
446979172 999999937
320680708 999999937
12944386 999999937
272115057815710899 999999937
0 1
149249339 999999937
262662760 999999937
455807399 999999937
861996091342061735 999999937
333312 999999937
41572356 999999937
211881903 999999937
345312538 999999937
201353901257013971 999999937
0 1
29985953 999999937
307412679 999999937
110917048 999999937
277070344627438145 999999937
499968 999999937
304285325 999999937
233429682 999999937
283620927 999999937
96579786377516851 999999937
333312 999999937
275953704 999999937
78083651 999999937
399616284 999999937
4984472133379827 999999937
499968 999999937
459321294 999999937
236426530 999999937
255293184 999999937
875985740875630375 999999937
0 1
379191544 999999937
147841119 999999937
157660664 999999937
44624809881065076 999999937
0 1
444262145 999999937
132917999 999999937
401335325 999999937
369143579362783436 999999937
0 1
80791032 999999937
82770282 999999937
128553128 999999937
456823038410966651 999999937
0 1
61696001 999999937
351667177 999999937
312292551 999999937
8160084428112824 999999937
499968 999999937
460714831 999999937
162140666 999999937
195385105 999999937
448338919862306933 999999937
333312 999999937
388506050 999999937
313510285 999999937
443127740 999999937
779194895517103003 999999937
499968 999999937
14728449 999999937
440249111 999999937
396816342 999999937
446751229843211541 999999937
333312 999999937
119144655 999999937
226685326 999999937
359317668 999999937
73313180264870360 999999937
499968 999999937
359840713 999999937
373137114 999999937
228285111 999999937
233677195809367942 999999937
0 1
8285695 999999937
142423726 999999937
312246837 999999937
466175043751329317 999999937
0 1
22195208 999999937
47054274 999999937
350058362 999999937
102896323332739205 999999937
499968 999999937
405108764 999999937
302271816 999999937
55860967 999999937
9237466352032348 999999937
333312 999999937
122703189 999999937
265660849 999999937
268777192 999999937
275252709026292760 999999937
0 1
61514803 999999937
192358352 999999937
98286493 999999937
94268068175151605 999999937
499968 999999937
379554954 999999937
486011192 999999937
481479128 999999937
384018177044478247 999999937
499968 999999937
127424722 999999937
83817774 999999937
488616788 999999937
135874460684553482 999999937
499968 999999937
48749946 999999937
392896284 999999937
443571888 999999937
160550278851045308 999999937
499968 999999937
152038919 999999937
398978172 999999937
25702611 999999937
295428187439509089 999999937
333312 999999937
278586686 999999937
181512559 999999937
108687035 999999937
652246290988851361 999999937
333312 999999937
362727250 999999937
341513802 999999937
330123102 999999937
3483728928612170 999999937
0 1
112112061 999999937
269008126 999999937
67266229 999999937
467444645364694527 999999937
333312 999999937
232044961 999999937
455808811 999999937
141604311 999999937
194141003517093780 999999937
0 1
385247609 999999937
405435088 999999937
141821930 999999937
607886394642695082 999999937
333312 999999937
459582292 999999937
63531284 999999937
215335089 999999937
612235587571542786 999999937
333312 999999937
156338089 999999937
355502337 999999937
297557846 999999937
907091526021544209 999999937
499968 999999937
219307397 999999937
80705385 999999937
36162093 999999937
443482340096502446 999999937
333312 999999937
450985452 999999937
310887771 999999937
295355893 999999937
264896751150069707 999999937
0 1
80760232 999999937
107937838 999999937
135781730 999999937
7092938532440066 999999937
0 1
406389525 999999937
452295350 999999937
352156209 999999937
547659299321174815 999999937
499968 999999937
482026444 999999937
487071046 999999937
188901423 999999937
306567992367494003 999999937
499968 999999937
90223476 999999937
412190486 999999937
233595704 999999937
335390153043203763 999999937
0 1
476020699 999999937
472894451 999999937
195806086 999999937
263356752298884984 999999937
0 1
454665070 999999937
447518281 999999937
371960324 999999937
585373218610429817 999999937
0 1
217627826 999999937
419773433 999999937
359007611 999999937
789180922432399927 999999937
499968 999999937
152949013 999999937
231680393 999999937
192539574 999999937
387726029312649318 999999937
333312 999999937
453431011 999999937
22493305 999999937
487473179 999999937
279923086050476172 999999937
333312 999999937
237701690 999999937
82110509 999999937
281502407 999999937
251583477929048621 999999937
333312 999999937
40188233 999999937
172937406 999999937
185135384 999999937
362354232481093066 999999937
0 1
469000378 999999937
369197716 999999937
97970256 999999937
773017407134479246 999999937
0 1
270074867 999999937
87233414 999999937
282081488 999999937
591097688887679782 999999937
499968 999999937
472212961 999999937
360148743 999999937
31779626 999999937
303312239926625196 999999937
333312 999999937
456054601 999999937
382999708 999999937
124549497 999999937
321376043718515841 999999937
499968 999999937
262279593 999999937
390681292 999999937
192636322 999999937
15647729930164763 999999937
499968 999999937
23267990 999999937
334523451 999999937
136278802 999999937
720698285952988146 999999937
0 1
484636478 999999937
262856869 999999937
479774175 999999937
595424144939284862 999999937
0 1
313236406 999999937
161357218 999999937
146995702 999999937
748358830474302784 999999937
0 1
240314290 999999937
452969567 999999937
151330271 999999937
135000631327784757 999999937
0 1
248703363 999999937
373380602 999999937
112684682 999999937
169436915207668976 999999937
333312 999999937
329019120 999999937
448699251 999999937
46289125 999999937
122052798408454126 999999937
0 1
173856397 999999937
311240643 999999937
160321400 999999937
551671072057254556 999999937
0 1
438994807 999999937
276983892 999999937
495481525 999999937
192441907832355243 999999937
0 1
269972535 999999937
93957379 999999937
479034842 999999937
151871875508793560 999999937
499968 999999937
497754900 999999937
432251183 999999937
383580471 999999937
209983124108307681 999999937
0 1
446264954 999999937
318833043 999999937
288175780 999999937
161541476913519571 999999937
0 1
301762160 999999937
430650288 999999937
66453171 999999937
46106235915697353 999999937
499968 999999937
129328350 999999937
212699171 999999937
245484339 999999937
65311032760092990 999999937
499968 999999937
98185645 999999937
413522712 999999937
441796152 999999937
197062987200596262 999999937
0 1
334543839 999999937
318727370 999999937
368162272 999999937
27524807252696840 999999937
499968 999999937
192965081 999999937
398780985 999999937
259406369 999999937
1916936675157579 999999937
0 1
125472480 999999937
202718342 999999937
114156256 999999937
387378301616401212 999999937
333312 999999937
488909971 999999937
149401472 999999937
367385707 999999937
194529353116037561 999999937
333312 999999937
295687309 999999937
140124464 999999937
238794495 999999937
416800886019392199 999999937
499968 999999937
238756084 999999937
389169435 999999937
478635542 999999937
680693656740515634 999999937
333312 999999937
133266071 999999937
239431779 999999937
447336822 999999937
518413259820070703 999999937
0 1
298718833 999999937
435667882 999999937
317741294 999999937
165410586094702044 999999937
333312 999999937
281301444 999999937
237285339 999999937
323180851 999999937
11326096097430314 999999937
499968 999999937
88252951 999999937
83929526 999999937
118752791 999999937
201848594568979711 999999937
333312 999999937
120365861 999999937
247491123 999999937
192821914 999999937
83376313410333911 999999937
0 1
369429544 999999937
439875384 999999937
279577090 999999937
239452251116119835 999999937
0 1
464726752 999999937
413411474 999999937
293480323 999999937
542320327774000517 999999937
0 1
187217507 999999937
271188728 999999937
242193138 999999937
171076874864185565 999999937
0 1
241013165 999999937
279773145 999999937
430436540 999999937
377568118433706965 999999937
333312 999999937
324851941 999999937
244279609 999999937
193510855 999999937
870064069021991069 999999937
0 1
398833092 999999937
77645285 999999937
97291381 999999937
552173979361834407 999999937
333312 999999937
114203770 999999937
210359223 999999937
430858403 999999937
101923062281715441 999999937
0 1
325315402 999999937
463412714 999999937
36014567 999999937
547058239586167466 999999937
499968 999999937
115914851 999999937
400070150 999999937
312262996 999999937
23575730273648694 999999937
0 1
471382060 999999937
430696497 999999937
246105654 999999937
241050569430432906 999999937
333312 999999937
458540117 999999937
47935398 999999937
239034690 999999937
332204903597771714 999999937
0 1
483978274 999999937
220085754 999999937
317656893 999999937
402203945228375868 999999937
0 1
220200983 999999937
375219267 999999937
179583724 999999937
694491365402076535 999999937
333312 999999937
240677424 999999937
104444905 999999937
62431645 999999937
686090672198672977 999999937
0 1
487863941 999999937
477277623 999999937
129952134 999999937
371784110491678796 999999937
333312 999999937
347730845 999999937
495181691 999999937
97117041 999999937
198688522726972599 999999937
333312 999999937
347158597 999999937
311897527 999999937
229473321 999999937
640282061083878304 999999937
0 1
356709639 999999937
5887372 999999937
99248703 999999937
330727514151304038 999999937
0 1
90460360 999999937
230693822 999999937
193368530 999999937
387190362149681074 999999937
0 1
436145249 999999937
176975336 999999937
363080559 999999937
555767994471588704 999999937
499968 999999937
232862122 999999937
356516727 999999937
412015274 999999937
147180163227815324 999999937
0 1
7315029 999999937
485326811 999999937
462308894 999999937
276996416561466375 999999937
0 1
458726605 999999937
66496593 999999937
462792214 999999937
38199438460703678 999999937
333312 999999937
248685013 999999937
126036344 999999937
455380763 999999937
83851959686040130 999999937
499968 999999937
360132555 999999937
73520032 999999937
519724 999999937
146809646307262997 999999937
0 1
264568767 999999937
450535615 999999937
153604184 999999937
908355220359054785 999999937
333312 999999937
386696814 999999937
362379293 999999937
182699763 999999937
412311618579154872 999999937
0 1
284003778 999999937
133304759 999999937
473563631 999999937
3880076958365832 999999937
0 1
328518291 999999937
74135943 999999937
232613033 999999937
489362041470826919 999999937
499968 999999937
92628696 999999937
334001998 999999937
386738492 999999937
205975900745521683 999999937
499968 999999937
170927386 999999937
478416435 999999937
140643827 999999937
579946184791835120 999999937
499968 999999937
110861743 999999937
28425922 999999937
253442180 999999937
547840391250771020 999999937
0 1
315878215 999999937
471241432 999999937
211803468 999999937
128902933061508497 999999937
0 1
182370285 999999937
290530238 999999937
94823371 999999937
87825500122850597 999999937
0 1
29757028 999999937
478863270 999999937
108819202 999999937
69947370690853063 999999937
0 1
229691283 999999937
100098870 999999937
295270479 999999937
346207377919628683 999999937
0 1
425030807 999999937
384511380 999999937
179619733 999999937
253339218992105757 999999937
499968 999999937
440759303 999999937
6173475 999999937
46481561 999999937
380378100888246541 999999937
0 1
415312200 999999937
128068205 999999937
336369196 999999937
525249715987976224 999999937
499968 999999937
405180546 999999937
380612530 999999937
254236329 999999937
750102194245352923 999999937
0 1
220265296 999999937
221823864 999999937
190387102 999999937
794285625617457496 999999937
0 1
350648968 999999937
148587413 999999937
90177981 999999937
368335907137610483 999999937
499968 999999937
414930428 999999937
453859649 999999937
212573070 999999937
53375719445889206 999999937
333312 999999937
375718825 999999937
272186079 999999937
459523702 999999937
589489432442862683 999999937
0 1
329688111 999999937
423867539 999999937
183346284 999999937
789853131582309918 999999937
333312 999999937
60732770 999999937
127479815 999999937
335181111 999999937
322648475906245605 999999937
0 1
98366934 999999937
107157033 999999937
453911973 999999937
84056653679948051 999999937
0 1
77145468 999999937
289498899 999999937
363700789 999999937
61813575184008339 999999937
499968 999999937
375705234 999999937
60389679 999999937
36257013 999999937
793392524760195600 999999937
0 1
199876840 999999937
217170565 999999937
25820170 999999937
248609900991673047 999999937
0 1
452987905 999999937
245874152 999999937
172192431 999999937
803531367962906550 999999937
499968 999999937
304956579 999999937
210567331 999999937
245107968 999999937
289521416729020311 999999937
333312 999999937
111982522 999999937
401069763 999999937
206943620 999999937
151247538918681516 999999937
0 1
300437172 999999937
433999025 999999937
51363476 999999937
492882060255485627 999999937
333312 999999937
49347016 999999937
493377321 999999937
161039798 999999937
98523774535777064 999999937
499968 999999937
297242344 999999937
29526302 999999937
186969939 999999937
566639171017643348 999999937
499968 999999937
102898375 999999937
178615499 999999937
368287324 999999937
210430499586231432 999999937
0 1
139767154 999999937
277255422 999999937
419509524 999999937
326365833875681579 999999937
0 1
425449377 999999937
133168425 999999937
54280800 999999937
311577416146923976 999999937
0 1
328380604 999999937
80922538 999999937
46049262 999999937
184689610353965745 999999937
0 1
479651043 999999937
416141106 999999937
341540764 999999937
105248096318797344 999999937
0 1
261628009 999999937
49737982 999999937
61807405 999999937
269785137374354305 999999937
0 1
289279366 999999937
77847874 999999937
414404453 999999937
481118710381388636 999999937
0 1
301961803 999999937
221046524 999999937
230311010 999999937
545704257298628784 999999937
333312 999999937
183750961 999999937
379428251 999999937
359324268 999999937
148895633129655057 999999937
499968 999999937
209168357 999999937
222196280 999999937
257107590 999999937
607068649546946458 999999937
333312 999999937
416976436 999999937
480288574 999999937
139129971 999999937
714725532806760164 999999937
333312 999999937
3104643 999999937
445067980 999999937
80345292 999999937
435232610289764525 999999937
333312 999999937
255335922 999999937
336532915 999999937
412751441 999999937
277788406154508776 999999937
0 1
180774044 999999937
233356940 999999937
184377077 999999937
766792723079801301 999999937
333312 999999937
185867633 999999937
149690995 999999937
3867047 999999937
840680240394584735 999999937
0 1
291575748 999999937
479233477 999999937
161700535 999999937
80538881346663231 999999937
0 1
454055374 999999937
26764407 999999937
46204104 999999937
611543078620910203 999999937
499968 999999937
399472938 999999937
332705833 999999937
263276910 999999937
697812479927351833 999999937
0 1
216322129 999999937
16346190 999999937
390405473 999999937
222788737057407353 999999937
0 1
388062611 999999937
93580665 999999937
427917494 999999937
567489191594588660 999999937
333312 999999937
409963323 999999937
316461937 999999937
265301164 999999937
495083076165213507 999999937
0 1
6037766 999999937
206932514 999999937
280197360 999999937
133076001515721544 999999937
333312 999999937
71374074 999999937
311894021 999999937
296699199 999999937
643674095098627418 999999937
0 1
282899194 999999937
354228548 999999937
259858291 999999937
100516613377227087 999999937
499968 999999937
498669577 999999937
104801729 999999937
74863362 999999937
301776812893824016 999999937
0 1
497422262 999999937
497785835 999999937
78961068 999999937
25633298991881106 999999937
0 1
229769701 999999937
126372821 999999937
453696051 999999937
294818061024673125 999999937
333312 999999937
470031247 999999937
437152613 999999937
94298220 999999937
61462738692054948 999999937
0 1
490523979 999999937
5991914 999999937
244451731 999999937
153651981480152920 999999937
0 1
444019298 999999937
44010520 999999937
85522931 999999937
521596492400268066 999999937
499968 999999937
59273181 999999937
490856717 999999937
334337585 999999937
380094155763390366 999999937
0 1
409343576 999999937
248474877 999999937
184445148 999999937
627182229265974123 999999937
333312 999999937
372583167 999999937
30964893 999999937
477288484 999999937
221765533980028943 999999937
499968 999999937
61228832 999999937
200452277 999999937
138087874 999999937
595562898701511143 999999937
333312 999999937
381852639 999999937
258777359 999999937
473728709 999999937
189667672318455100 999999937
499968 999999937
253569747 999999937
139355044 999999937
407073259 999999937
268595468207398818 999999937
0 1
485035791 999999937
359297483 999999937
488931576 999999937
484102375378900756 999999937
0 1
120544536 999999937
139426543 999999937
245563421 999999937
143822113296292409 999999937
499968 999999937
424714156 999999937
96595557 999999937
98956080 999999937
148565663620823840 999999937
499968 999999937
108641997 999999937
7365240 999999937
209824244 999999937
54943358366647273 999999937
333312 999999937
365159682 999999937
362203696 999999937
135634965 999999937
534650078968450556 999999937
0 1
63749448 999999937
160204961 999999937
192162245 999999937
94322156577878865 999999937
0 1
402788717 999999937
107144033 999999937
371472923 999999937
37859423421178514 999999937
333312 999999937
360720708 999999937
138457787 999999937
168061474 999999937
126426941716672920 999999937
0 1
442915056 999999937
23936204 999999937
310312983 999999937
266379388578879556 999999937
0 1
38239643 999999937
348012387 999999937
314042103 999999937
657971279210368873 999999937
0 1
115425727 999999937
357374247 999999937
267975242 999999937
7577541583006326 999999937
499968 999999937
350563059 999999937
371710275 999999937
469646373 999999937
302571386352327748 999999937
0 1
399626590 999999937
94122064 999999937
310273243 999999937
279155856169745480 999999937
0 1
232729147 999999937
396942362 999999937
419987797 999999937
475895354021397394 999999937
0 1
423229984 999999937
10694311 999999937
190412034 999999937
400677837091449125 999999937
333312 999999937
126093115 999999937
410083866 999999937
485911612 999999937
52512344527438177 999999937
0 1
191070259 999999937
410536508 999999937
418852668 999999937
190463261373858831 999999937
0 1
482745691 999999937
241419578 999999937
99231007 999999937
705160944785402008 999999937
0 1
263915883 999999937
36696577 999999937
419415998 999999937
417975286510191284 999999937
0 1
353587869 999999937
408895642 999999937
266285517 999999937
164247038154109576 999999937
333312 999999937
239070767 999999937
65701690 999999937
194475920 999999937
56581000819774561 999999937
0 1
411709575 999999937
301960341 999999937
181882363 999999937
569260022783531104 999999937
0 1
269035665 999999937
105470572 999999937
492123709 999999937
74634358708439478 999999937
499968 999999937
140170161 999999937
153085705 999999937
252490450 999999937
70017430744890093 999999937
0 1
270529591 999999937
216682861 999999937
36754859 999999937
412327795249255911 999999937
499968 999999937
81918902 999999937
203180369 999999937
227138324 999999937
528952184153143288 999999937
499968 999999937
117588548 999999937
192297089 999999937
1094913 999999937
70672422153976160 999999937
0 1
391053922 999999937
117333024 999999937
294998318 999999937
78539376983284530 999999937
0 1
332198364 999999937
9744931 999999937
173116931 999999937
306233812290045385 999999937
0 1
404042506 999999937
337689250 999999937
311143325 999999937
264400163492387400 999999937
0 1
299039834 999999937
380927661 999999937
436338364 999999937
438863692212531900 999999937
0 1
430409017 999999937
216604672 999999937
237148040 999999937
89881431913997983 999999937
0 1
6987549 999999937
232374404 999999937
338007028 999999937
590144330951299770 999999937
499968 999999937
245572014 999999937
196346681 999999937
414207034 999999937
424286904778470918 999999937
333312 999999937
489608683 999999937
391199440 999999937
286276291 999999937
126516815707360530 999999937
0 1
318132066 999999937
410447715 999999937
265975115 999999937
837862388436207848 999999937
0 1
330432524 999999937
454415294 999999937
335702702 999999937
287624812534805340 999999937
333312 999999937
317621318 999999937
323188331 999999937
45559299 999999937
119575423328241313 999999937
0 1
444068425 999999937
118495405 999999937
371364316 999999937
216820183762411126 999999937
0 1
324309506 999999937
441705238 999999937
190410823 999999937
656556876826087760 999999937
0 1
431284447 999999937
360022061 999999937
420713986 999999937
60658715003187283 999999937
333312 999999937
342996315 999999937
365496176 999999937
272493432 999999937
618343969468027252 999999937
0 1
369650094 999999937
457435459 999999937
138120383 999999937
728735255759680668 999999937
0 1
273299031 999999937
16574314 999999937
385603725 999999937
403293904153355984 999999937
0 1
192774165 999999937
147500400 999999937
419010656 999999937
255976230169557204 999999937
0 1
324888778 999999937
445992178 999999937
129082202 999999937
373049477478793033 999999937
333312 999999937
388125145 999999937
351119023 999999937
44045311 999999937
479245608817941725 999999937
0 1
125877979 999999937
73998742 999999937
313845869 999999937
45539849823989126 999999937
0 1
197987944 999999937
331108049 999999937
91044754 999999937
476953654157654965 999999937
0 1
81011774 999999937
241343159 999999937
227512972 999999937
28018063737280134 999999937
0 1
363412317 999999937
7163785 999999937
149782752 999999937
385992325946689710 999999937
333312 999999937
142974005 999999937
170938944 999999937
189403050 999999937
307695590385585811 999999937
333312 999999937
7232672 999999937
79029631 999999937
38547886 999999937
912810031552636180 999999937
333312 999999937
116693757 999999937
435228984 999999937
179593027 999999937
180285939413352226 999999937
333312 999999937
287927691 999999937
275659775 999999937
246068868 999999937
701207238130051802 999999937
0 1
55013090 999999937
260631911 999999937
360825271 999999937
570295116929294785 999999937
0 1
269013551 999999937
215591120 999999937
495217748 999999937
529392186669087382 999999937
0 1
416030544 999999937
474576263 999999937
216228666 999999937
64559106135508874 999999937
499968 999999937
391984766 999999937
128877792 999999937
199741878 999999937
22345107377862768 999999937
0 1
64621746 999999937
26131900 999999937
319389478 999999937
618179924111428154 999999937
0 1
435012865 999999937
496583939 999999937
286472113 999999937
72850745443331318 999999937
333312 999999937
357041621 999999937
481925300 999999937
206681904 999999937
568094877967878749 999999937
499968 999999937
35239811 999999937
345992493 999999937
259541997 999999937
487871286604023427 999999937
333312 999999937
262145870 999999937
403034348 999999937
288333882 999999937
451433963289926663 999999937
499968 999999937
223210135 999999937
36474525 999999937
347176609 999999937
18198784006494226 999999937
0 1
445890016 999999937
258862544 999999937
167671929 999999937
230838127901073981 999999937
0 1
157171170 999999937
378474439 999999937
78066935 999999937
22847754043843453 999999937
0 1
112913095 999999937
231367939 999999937
266429514 999999937
279091502578518376 999999937
499968 999999937
417771698 999999937
276463085 999999937
406721719 999999937
257608793560693938 999999937
333312 999999937
317133229 999999937
320024944 999999937
123617823 999999937
130784700151310998 999999937
0 1
385828235 999999937
431244919 999999937
149160715 999999937
371163414434191645 999999937
0 1
314306357 999999937
382848037 999999937
226420985 999999937
565590829369105454 999999937
0 1
60168217 999999937
296289662 999999937
93552539 999999937
125458834273313644 999999937
0 1
285276102 999999937
71611207 999999937
39768376 999999937
138812487446105799 999999937
0 1
378237782 999999937
301477970 999999937
188158470 999999937
220453845557069207 999999937
333312 999999937
389111613 999999937
91873041 999999937
74852907 999999937
383325219290926969 999999937
0 1
289203024 999999937
168870665 999999937
152549481 999999937
30562430078629533 999999937
499968 999999937
321033912 999999937
260946311 999999937
258131317 999999937
440419829852483007 999999937
0 1
312139440 999999937
69968167 999999937
362309043 999999937
399958901365327626 999999937
333312 999999937
313085380 999999937
119956774 999999937
121211458 999999937
298514900718925583 999999937
0 1
207017370 999999937
10999533 999999937
377972369 999999937
301115168440369626 999999937
499968 999999937
496363922 999999937
7851884 999999937
422284686 999999937
248474393780172967 999999937
0 1
406640507 999999937
35415099 999999937
396884630 999999937
354054606414401675 999999937
0 1
114741371 999999937
281245982 999999937
483372218 999999937
244293819911786255 999999937
499968 999999937
62149058 999999937
114031356 999999937
142771325 999999937
13431617462210647 999999937
0 1
37228414 999999937
140083368 999999937
48171664 999999937
274282173655521497 999999937
333312 999999937
175134278 999999937
360809981 999999937
37477932 999999937
457891725394561181 999999937
0 1
346546787 999999937
330281114 999999937
414354169 999999937
278455263206638511 999999937
0 1
123173652 999999937
229618026 999999937
245428458 999999937
365415668210992283 999999937
499968 999999937
336578595 999999937
446344535 999999937
348083377 999999937
272795714439106434 999999937
0 1
186710887 999999937
261258606 999999937
466401250 999999937
62413353974571660 999999937
333312 999999937
60100311 999999937
469479913 999999937
150466731 999999937
520718007880702965 999999937
0 1
216245685 999999937
445191150 999999937
448335139 999999937
16305484654192425 999999937
0 1
181338419 999999937
35922881 999999937
325820664 999999937
594192133561120652 999999937
0 1
388417979 999999937
468707503 999999937
450061869 999999937
174158661498140434 999999937
333312 999999937
357517392 999999937
271288646 999999937
369160773 999999937
397470562557253065 999999937
0 1
98555387 999999937
363628897 999999937
123811028 999999937
189430737842538809 999999937
0 1
75710757 999999937
268770430 999999937
345136334 999999937
227305575109093585 999999937
333312 999999937
155689080 999999937
311013410 999999937
214065693 999999937
519470280334503081 999999937
333312 999999937
52504833 999999937
219147492 999999937
373140724 999999937
386297542476465358 999999937
0 1
482958937 999999937
234108772 999999937
310438203 999999937
362714044779909299 999999937
0 1
332184444 999999937
43692783 999999937
124093515 999999937
211355473418517342 999999937
0 1
154714708 999999937
363348265 999999937
102749061 999999937
207173933109048278 999999937
0 1
223897845 999999937
390839820 999999937
401616945 999999937
218226464548644933 999999937
0 1
176241116 999999937
317991697 999999937
37092988 999999937
656972377763553750 999999937
0 1
204357547 999999937
149438537 999999937
71828130 999999937
195999755415121222 999999937
499968 999999937
376829441 999999937
213657806 999999937
392389588 999999937
29438312749660286 999999937
0 1
430663635 999999937
396274991 999999937
384420047 999999937
57468783985319804 999999937
0 1
58319337 999999937
74344311 999999937
295291717 999999937
544868004640065859 999999937
333312 999999937
149937315 999999937
404668224 999999937
236188316 999999937
300008415120303052 999999937
0 1
110573403 999999937
481417904 999999937
147280847 999999937
59986872904658889 999999937
499968 999999937
300179472 999999937
390654471 999999937
413560921 999999937
135652171654669129 999999937
499968 999999937
220103455 999999937
53793154 999999937
483069300 999999937
121522623783265398 999999937
333312 999999937
193300371 999999937
249897476 999999937
268247436 999999937
337781944060528131 999999937
333312 999999937
348699112 999999937
450576868 999999937
176925699 999999937
788362850733992188 999999937
0 1
155110423 999999937
490448584 999999937
326255242 999999937
815421288282175108 999999937
0 1
74993082 999999937
105558692 999999937
363186292 999999937
870691843146585374 999999937
0 1
49827778 999999937
207862577 999999937
123983942 999999937
18565506470206989 999999937
499968 999999937
302287124 999999937
161566297 999999937
105528639 999999937
620586448490691045 999999937
0 1
252724010 999999937
73551373 999999937
79238373 999999937
472892594079603557 999999937
499968 999999937
36612600 999999937
37478575 999999937
384065533 999999937
636354130123486009 999999937
0 1
44730756 999999937
97572177 999999937
66052983 999999937
879096377827774046 999999937
0 1
6815606 999999937
378440198 999999937
170952597 999999937
330324437923937141 999999937
0 1
410343310 999999937
329951188 999999937
22235757 999999937
570405254701135448 999999937
499968 999999937
194673057 999999937
206185769 999999937
299812799 999999937
3090546818484850 999999937
499968 999999937
376530036 999999937
473499396 999999937
441883517 999999937
376527967075978479 999999937
0 1
91769181 999999937
314548044 999999937
462295681 999999937
564101998206201162 999999937
499968 999999937
295057401 999999937
43110588 999999937
291759101 999999937
275292385854936183 999999937
0 1
232575876 999999937
96465602 999999937
407012016 999999937
239020963541463609 999999937
0 1
491430678 999999937
50343379 999999937
98868007 999999937
252148053103890794 999999937
333312 999999937
244950629 999999937
417853009 999999937
474792968 999999937
210787649469846704 999999937
333312 999999937
10763814 999999937
298814326 999999937
176528017 999999937
45137503590917586 999999937
0 1
209440592 999999937
227758066 999999937
170686984 999999937
271866822599130064 999999937
0 1
430712978 999999937
9184629 999999937
242681045 999999937
174349702414305992 999999937
333312 999999937
296453753 999999937
29797157 999999937
45675504 999999937
263770126098234388 999999937
0 1
53572308 999999937
212718713 999999937
20754883 999999937
20457020657991906 999999937
0 1
134024021 999999937
316817026 999999937
152271739 999999937
625848763851195514 999999937
333312 999999937
66134288 999999937
485563735 999999937
457710652 999999937
345435338120510909 999999937
333312 999999937
208365090 999999937
491813995 999999937
433722007 999999937
807387947164966009 999999937
333312 999999937
294935422 999999937
133101910 999999937
202268005 999999937
29437850646326375 999999937
0 1
129516905 999999937
266242918 999999937
349143344 999999937
238009245409263855 999999937
0 1
280187239 999999937
359265530 999999937
234247466 999999937
194754418836436657 999999937
0 1
243260502 999999937
292613273 999999937
155450721 999999937
81338892527482092 999999937
0 1
154406686 999999937
115490191 999999937
89621576 999999937
686169122960278517 999999937
0 1
33944968 999999937
207928970 999999937
414122811 999999937
325515552219817373 999999937
0 1
178014871 999999937
200440990 999999937
432281021 999999937
68664860304533686 999999937
499968 999999937
103637641 999999937
260099066 999999937
138899593 999999937
880104399005671355 999999937
0 1
191982376 999999937
89292103 999999937
58644434 999999937
182220342887882895 999999937
333312 999999937
443235439 999999937
223073767 999999937
455036595 999999937
198804577182166716 999999937
0 1
202134796 999999937
7629018 999999937
300703406 999999937
207493608527380372 999999937
499968 999999937
308443933 999999937
305209688 999999937
224854996 999999937
318476763934462410 999999937
0 1
325514968 999999937
42923298 999999937
277680333 999999937
660809275951459906 999999937
333312 999999937
259472714 999999937
57553177 999999937
448493245 999999937
148647179305282966 999999937
0 1
423310745 999999937
413279290 999999937
456681414 999999937
591551174101068175 999999937
333312 999999937
369002925 999999937
402676532 999999937
394792724 999999937
385626339829970276 999999937
0 1
224601755 999999937
212070978 999999937
108496894 999999937
203981531789399377 999999937
0 1
116974370 999999937
170055977 999999937
324765087 999999937
558146382059155921 999999937
499968 999999937
333489252 999999937
359549479 999999937
205634464 999999937
351994812969850968 999999937
333312 999999937
420760811 999999937
198460167 999999937
384089633 999999937
261802977312694848 999999937
0 1
227909745 999999937
167726549 999999937
21122669 999999937
226860047503228586 999999937
0 1
86139292 999999937
229297966 999999937
304256953 999999937
368927978154408938 999999937
333312 999999937
247545303 999999937
54241473 999999937
192446918 999999937
8194701454504411 999999937
499968 999999937
453061702 999999937
369453765 999999937
44290510 999999937
92813804533154541 999999937
499968 999999937
19554219 999999937
192273649 999999937
128776001 999999937
91634787682480610 999999937
499968 999999937
379459415 999999937
355220501 999999937
168506599 999999937
238741377364752542 999999937
0 1
246154228 999999937
221170410 999999937
451661553 999999937
51812045988192501 999999937
0 1
174919724 999999937
40024663 999999937
256020635 999999937
74762986264211889 999999937
499968 999999937
373378611 999999937
381856961 999999937
364247670 999999937
193228880453096392 999999937
0 1
156964510 999999937
315019490 999999937
487113490 999999937
261273378744362563 999999937
0 1
373529859 999999937
68941422 999999937
460783292 999999937
54621552154696616 999999937
499968 999999937
421570892 999999937
104080891 999999937
145731114 999999937
777519509030184879 999999937
0 1
393498005 999999937
308168943 999999937
115116820 999999937
181863406457262829 999999937
333312 999999937
339077712 999999937
292992910 999999937
366925210 999999937
476271009221764089 999999937
0 1
265489834 999999937
117157792 999999937
108678632 999999937
297743248999981625 999999937
0 1
60569358 999999937
403844571 999999937
20797300 999999937
424607398197736597 999999937
333312 999999937
156671855 999999937
141631773 999999937
300785220 999999937
268036426133576399 999999937
0 1
366555102 999999937
13584203 999999937
213768292 999999937
227093278540868093 999999937
499968 999999937
427501016 999999937
362587560 999999937
378967054 999999937
542619372430412847 999999937
333312 999999937
226867380 999999937
197546250 999999937
143197658 999999937
563815912982004669 999999937
333312 999999937
247566551 999999937
380301950 999999937
405517444 999999937
667620068690467345 999999937
333312 999999937
102252272 999999937
373498761 999999937
125698121 999999937
370228196175742245 999999937
0 1
349685393 999999937
80058994 999999937
82380329 999999937
188158423773392455 999999937
333312 999999937
241989922 999999937
262190319 999999937
311979939 999999937
508861336224890757 999999937
333312 999999937
11525137 999999937
181225043 999999937
105450113 999999937
543902230863037907 999999937
0 1
334584749 999999937
454901942 999999937
122475253 999999937
1974950241042636 999999937
0 1
102008979 999999937
289537174 999999937
463594469 999999937
609154602186846559 999999937
0 1
411134862 999999937
388945978 999999937
259242093 999999937
212218092493446972 999999937
0 1
306342419 999999937
70470998 999999937
355295392 999999937
40654009077938099 999999937
0 1
444878756 999999937
349303996 999999937
410699228 999999937
271956505718066451 999999937
499968 999999937
354541875 999999937
390965619 999999937
209209399 999999937
763399775942271805 999999937
0 1
121815434 999999937
258888982 999999937
67935400 999999937
335847524908286351 999999937
0 1
47829240 999999937
356583534 999999937
152978532 999999937
272567890055606390 999999937
0 1
227482795 999999937
357083486 999999937
479615637 999999937
766905610453641782 999999937
0 1
364611801 999999937
493386037 999999937
285431779 999999937
254636862904388284 999999937
0 1
330141113 999999937
353227617 999999937
142283484 999999937
282771948871706019 999999937
0 1
58322573 999999937
182936553 999999937
338753568 999999937
455116362567400443 999999937
0 1
303245168 999999937
202805681 999999937
279839955 999999937
327786487677532790 999999937
0 1
384784011 999999937
11767285 999999937
312645960 999999937
102772912593195762 999999937
0 1
465798707 999999937
6471647 999999937
186972473 999999937
196749131040889367 999999937
0 1
332669605 999999937
14526498 999999937
333473271 999999937
153415622526848273 999999937
0 1
5218193 999999937
157500715 999999937
301557970 999999937
212917820214799086 999999937
0 1
339516457 999999937
51755655 999999937
299147951 999999937
83169171168841388 999999937
499968 999999937
221062577 999999937
50382390 999999937
108555643 999999937
275581148033845237 999999937
0 1
192539820 999999937
235184146 999999937
32327 999999937
774975222209277738 999999937
0 1
265404598 999999937
168969404 999999937
395771439 999999937
56612441855956230 999999937
0 1
90063365 999999937
342796325 999999937
199052167 999999937
495436460731097444 999999937
333312 999999937
369485140 999999937
381575151 999999937
203844200 999999937
340634890032330637 999999937
0 1
86610687 999999937
250198599 999999937
380021192 999999937
328115212808801672 999999937
0 1
479992234 999999937
295626352 999999937
404177628 999999937
595698206257473180 999999937
333312 999999937
55791487 999999937
130288281 999999937
395881739 999999937
59007221412401155 999999937
499968 999999937
64273487 999999937
158851586 999999937
148735341 999999937
121742364866358939 999999937
499968 999999937
191964163 999999937
30524997 999999937
390585878 999999937
52602191626960051 999999937
0 1
7428830 999999937
499858267 999999937
239577396 999999937
421203560737159105 999999937
0 1
479929431 999999937
314746115 999999937
286038045 999999937
81607902302042490 999999937
0 1
28232718 999999937
341032060 999999937
499006954 999999937
497088098238581199 999999937
0 1
70741811 999999937
31815829 999999937
374185204 999999937
118984322336072719 999999937
0 1
182281427 999999937
474596323 999999937
469993615 999999937
763303293765749917 999999937
499968 999999937
19813712 999999937
220075294 999999937
148091342 999999937
331161635988664931 999999937
0 1
382009621 999999937
125331199 999999937
147182070 999999937
217407318814177077 999999937
0 1
332374897 999999937
29585255 999999937
421039017 999999937
489732510748671039 999999937
0 1
234084884 999999937
52132956 999999937
385075600 999999937
425901604584047623 999999937
0 1
430584962 999999937
334526012 999999937
227978615 999999937
184579567347020467 999999937
333312 999999937
54729150 999999937
425780495 999999937
145132167 999999937
170913693164416894 999999937
499968 999999937
443683911 999999937
294346702 999999937
275631709 999999937
417750686544236974 999999937
333312 999999937
418390253 999999937
8520153 999999937
440492237 999999937
93944061733974360 999999937
499968 999999937
352553937 999999937
339523380 999999937
403690303 999999937
273199003420757770 999999937
499968 999999937
419366690 999999937
286552152 999999937
276372406 999999937
207645725326131000 999999937
333312 999999937
107609171 999999937
461313548 999999937
247868363 999999937
450677397682406959 999999937
499968 999999937
170327539 999999937
150619451 999999937
160568672 999999937
139194311961785784 999999937
333312 999999937
492581816 999999937
40266614 999999937
408093532 999999937
655365831260704669 999999937
0 1
427852977 999999937
138759323 999999937
26463256 999999937
187330988836134333 999999937
0 1
400739595 999999937
129265188 999999937
3622952 999999937
903032325798463352 999999937
0 1
272472363 999999937
488441855 999999937
47528675 999999937
323149699636720611 999999937
0 1
90772894 999999937
305527975 999999937
375045590 999999937
160078687076102670 999999937
333312 999999937
370375976 999999937
125546394 999999937
204415921 999999937
23036803171068262 999999937
499968 999999937
123629695 999999937
471561132 999999937
126569110 999999937
217503843772346754 999999937
0 1
310644117 999999937
237315721 999999937
245230695 999999937
20508462179072705 999999937
0 1
407216560 999999937
280703289 999999937
229933919 999999937
254160858952516581 999999937
333312 999999937
329227395 999999937
215561669 999999937
39229841 999999937
668604504892761851 999999937
499968 999999937
172676998 999999937
392512217 999999937
199246697 999999937
681811327868392765 999999937
0 1
17162178 999999937
233667374 999999937
359625676 999999937
469306548565956429 999999937
0 1
195862795 999999937
58866966 999999937
493665023 999999937
93856362202540540 999999937
333312 999999937
313196135 999999937
208574658 999999937
489138074 999999937
140884417687351369 999999937
0 1
359378896 999999937
187877364 999999937
56754482 999999937
713773352084163818 999999937
333312 999999937
443517461 999999937
142780090 999999937
418807059 999999937
376014577342350441 999999937
0 1
52341244 999999937
169207315 999999937
386935256 999999937
666552390469003097 999999937
333312 999999937
482379593 999999937
210672047 999999937
151098944 999999937
251909557213880922 999999937
499968 999999937
124196616 999999937
16457713 999999937
262203898 999999937
429362277755589826 999999937
0 1
373134940 999999937
296886433 999999937
328704770 999999937
87982331026724666 999999937
0 1
257860790 999999937
114685440 999999937
218544051 999999937
338613641579268712 999999937
499968 999999937
215798719 999999937
153711042 999999937
136189333 999999937
758184525133051860 999999937
499968 999999937
98712742 999999937
9605375 999999937
374754073 999999937
209515235162857657 999999937
0 1
479956070 999999937
212512429 999999937
344441495 999999937
535139118229128086 999999937
499968 999999937
263037875 999999937
154779762 999999937
225466341 999999937
248879649860771307 999999937
0 1
214813899 999999937
78796594 999999937
436031523 999999937
84492282217604643 999999937
0 1
460666232 999999937
420084317 999999937
325170525 999999937
43676510614670523 999999937
499968 999999937
346152950 999999937
436014087 999999937
427362149 999999937
624869293040027324 999999937
333312 999999937
416783792 999999937
183393537 999999937
110104497 999999937
77136378577006613 999999937
499968 999999937
112441510 999999937
103438673 999999937
289943399 999999937
494669473722291115 999999937
333312 999999937
425991814 999999937
434459289 999999937
73745387 999999937
486810848606549912 999999937
0 1
290794736 999999937
422507253 999999937
219113120 999999937
224663388821785643 999999937
0 1
371337957 999999937
459514073 999999937
248851000 999999937
107647784419659987 999999937
499968 999999937
54545461 999999937
264712411 999999937
469797458 999999937
108307968206836257 999999937
499968 999999937
340974273 999999937
82142071 999999937
58833741 999999937
53238944860178998 999999937
0 1
420799150 999999937
406743313 999999937
464171280 999999937
551181565264353794 999999937
0 1
234283102 999999937
145769948 999999937
15339446 999999937
624138333262406399 999999937
499968 999999937
443082569 999999937
194531623 999999937
374025613 999999937
932820584644935664 999999937
333312 999999937
375372598 999999937
177291896 999999937
407979710 999999937
156515043247610973 999999937
333312 999999937
448166508 999999937
371959447 999999937
446028621 999999937
322897664384765333 999999937
0 1
202759259 999999937
349815266 999999937
429982971 999999937
388210942576750780 999999937
499968 999999937
154729997 999999937
151671681 999999937
149084265 999999937
557095360479008277 999999937
333312 999999937
144481103 999999937
443915153 999999937
179201580 999999937
377345146277055994 999999937
333312 999999937
452057475 999999937
71417781 999999937
48135249 999999937
566339707284684547 999999937
0 1
219465127 999999937
98777132 999999937
159062666 999999937
41445479935327607 999999937
0 1
216972071 999999937
461916304 999999937
473847353 999999937
392376963546192813 999999937
0 1
200313333 999999937
264381741 999999937
190289553 999999937
558194944961410973 999999937
0 1
168246585 999999937
409399883 999999937
8062500 999999937
985775325634945845 999999937
499968 999999937
273595932 999999937
227124680 999999937
230770534 999999937
33211041171482923 999999937
0 1
352486955 999999937
297304545 999999937
169863704 999999937
534658113002302726 999999937
0 1
499793996 999999937
334829253 999999937
141985615 999999937
300160602919900288 999999937
0 1
458570952 999999937
61793742 999999937
192441553 999999937
536718001721309508 999999937
0 1
126324095 999999937
51789832 999999937
388480781 999999937
29921558513065857 999999937
0 1
231388872 999999937
267145601 999999937
83162875 999999937
347419280140045109 999999937
499968 999999937
99183967 999999937
32795319 999999937
161319388 999999937
205572456488911562 999999937
499968 999999937
259426532 999999937
421780053 999999937
450543429 999999937
422779450870791756 999999937
333312 999999937
106284165 999999937
350530396 999999937
146544993 999999937
529448253343284686 999999937
0 1
331340648 999999937
316703300 999999937
207480156 999999937
510846215938866856 999999937
0 1
87193493 999999937
279626255 999999937
378447099 999999937
660746231598270626 999999937
499968 999999937
241978781 999999937
136945792 999999937
178269301 999999937
891256494490123405 999999937
499968 999999937
30166577 999999937
82878796 999999937
235735247 999999937
538701136886525326 999999937
0 1
314603167 999999937
458600005 999999937
287751041 999999937
103580044702655337 999999937
499968 999999937
299598844 999999937
484333295 999999937
193571225 999999937
234142442497049120 999999937
0 1
241343284 999999937
464312366 999999937
162199314 999999937
598607884708903787 999999937
499968 999999937
181082722 999999937
18789069 999999937
6921240 999999937
107306000637799635 999999937
499968 999999937
439836435 999999937
263576001 999999937
186391340 999999937
705731081961477641 999999937
0 1
120220514 999999937
262631930 999999937
442604276 999999937
115912193087785662 999999937
333312 999999937
71411900 999999937
132058641 999999937
204736314 999999937
289566492497420146 999999937
333312 999999937
250813931 999999937
246689053 999999937
435106281 999999937
357079555884014647 999999937
0 1
166717779 999999937
315183288 999999937
322742776 999999937
194660872585997509 999999937
333312 999999937
254248209 999999937
4077812 999999937
148546843 999999937
25191244787165739 999999937
333312 999999937
111175694 999999937
170957776 999999937
349394133 999999937
631336319952977652 999999937
333312 999999937
372000840 999999937
477952650 999999937
405388201 999999937
687996828917532517 999999937
0 1
297084946 999999937
42390406 999999937
430699094 999999937
116410676456536272 999999937
499968 999999937
366377522 999999937
202173769 999999937
492013374 999999937
21351896254883041 999999937
499968 999999937
292488369 999999937
279342164 999999937
444729032 999999937
105059733648579451 999999937
333312 999999937
127059979 999999937
242808593 999999937
82743261 999999937
25844868082948105 999999937
333312 999999937
68380473 999999937
4548869 999999937
469615170 999999937
432466999370174995 999999937
0 1
291099219 999999937
144156761 999999937
460600074 999999937
83957762924644867 999999937
0 1
329543842 999999937
440947807 999999937
182277369 999999937
426681537442193990 999999937
0 1
442090772 999999937
37517370 999999937
426576285 999999937
455898193081988670 999999937
0 1
273529915 999999937
440968641 999999937
213634652 999999937
99950640413531072 999999937
0 1
102346317 999999937
36546429 999999937
193019457 999999937
325026766072667354 999999937
333312 999999937
485447230 999999937
122988155 999999937
165278988 999999937
221380243063303348 999999937
0 1
342588967 999999937
107812564 999999937
440228031 999999937
71669148 999999937
0 1
452075699 999999937
297563443 999999937
128682013 999999937
248823842203729374 999999937
499968 999999937
333872914 999999937
108928937 999999937
309899799 999999937
399750469816653960 999999937
499968 999999937
98313730 999999937
412845874 999999937
279292275 999999937
138571280558496531 999999937
0 1
435591487 999999937
275392523 999999937
161669579 999999937
151980855611316257 999999937
333312 999999937
309626534 999999937
276484265 999999937
9944203 999999937
293845145042805637 999999937
333312 999999937
29821103 999999937
132392138 999999937
102227559 999999937
369952834177384248 999999937
0 1
53791452 999999937
30076358 999999937
96120093 999999937
782104171719035840 999999937
0 1
81400320 999999937
152825766 999999937
153013026 999999937
390090744397557153 999999937
333312 999999937
314391400 999999937
424086997 999999937
57484310 999999937
551471079243828865 999999937
499968 999999937
358872359 999999937
310368554 999999937
262173848 999999937
476349862176315309 999999937
333312 999999937
70943943 999999937
418397352 999999937
198090667 999999937
923530507094245 999999937
333312 999999937
70663052 999999937
6188739 999999937
298600180 999999937
662961366159364045 999999937
499968 999999937
430062531 999999937
440231834 999999937
455612746 999999937
255022121652907112 999999937
0 1
156946131 999999937
1503292 999999937
183354791 999999937
180540098091862485 999999937
333312 999999937
243674787 999999937
149157144 999999937
380502932 999999937
275478493642413672 999999937
333312 999999937
99880678 999999937
333943864 999999937
478846110 999999937
329264473079877369 999999937
0 1
231409930 999999937
283599716 999999937
433616724 999999937
794449621361700969 999999937
499968 999999937
495939488 999999937
268286199 999999937
431877564 999999937
604981916980004165 999999937
0 1
371372754 999999937
297269971 999999937
276560864 999999937
90191785934217341 999999937
333312 999999937
465078903 999999937
158698332 999999937
443841004 999999937
395835674359508002 999999937
333312 999999937
316421924 999999937
447948245 999999937
477267492 999999937
538835642120933327 999999937
0 1
484145904 999999937
297913130 999999937
130539845 999999937
291473398234217183 999999937
499968 999999937
417886947 999999937
15617576 999999937
168799049 999999937
105714309852334687 999999937
499968 999999937
312710925 999999937
399555172 999999937
47844186 999999937
3057816649294540 999999937
0 1
33359275 999999937
195093435 999999937
402698394 999999937
210762550262511410 999999937
499968 999999937
323999708 999999937
27388463 999999937
230156012 999999937
617180581746042319 999999937
333312 999999937
424807120 999999937
46950332 999999937
289731006 999999937
394215849062529544 999999937
0 1
449776189 999999937
447544065 999999937
254103909 999999937
421784271522745977 999999937
499968 999999937
113067033 999999937
225949112 999999937
415460405 999999937
42768255895698094 999999937
0 1
137808427 999999937
482763468 999999937
316554790 999999937
178964669707483625 999999937
0 1
4342424 999999937
297956648 999999937
271830458 999999937
366517007937558745 999999937
0 1
56487209 999999937
171339094 999999937
368712244 999999937
626238383290022178 999999937
0 1
47338168 999999937
63809107 999999937
265501778 999999937
635652078041197588 999999937
333312 999999937
339851921 999999937
219099476 999999937
81117700 999999937
340897795759335393 999999937
0 1
110058061 999999937
487891809 999999937
25431029 999999937
649024206826290957 999999937
499968 999999937
266570105 999999937
120887396 999999937
172452459 999999937
207680257183749231 999999937
333312 999999937
423157871 999999937
49842899 999999937
233575506 999999937
17464861519665335 999999937
333312 999999937
230188772 999999937
405641129 999999937
321757299 999999937
544210767134755911 999999937
499968 999999937
190786631 999999937
255439726 999999937
7520865 999999937
70435881119304875 999999937
333312 999999937
439280454 999999937
415994096 999999937
356274613 999999937
715539918735020571 999999937
0 1
349555341 999999937
134321592 999999937
216289759 999999937
464959876147521054 999999937
0 1
241074459 999999937
442415251 999999937
423792794 999999937
827183811907608821 999999937
499968 999999937
5183510 999999937
176201238 999999937
383415852 999999937
683721894807989520 999999937
499968 999999937
428447492 999999937
430976483 999999937
478400674 999999937
274894878236080160 999999937
0 1
201070875 999999937
362993582 999999937
132514472 999999937
693553959294396603 999999937
499968 999999937
336507033 999999937
448402102 999999937
455035809 999999937
325193983403063159 999999937
0 1
463287062 999999937
289397315 999999937
228175607 999999937
661606399500130080 999999937
0 1
41502652 999999937
215618851 999999937
250987089 999999937
77069285560056926 999999937
0 1
490957528 999999937
305333963 999999937
162592187 999999937
46749159759670675 999999937
499968 999999937
143722126 999999937
278265406 999999937
490134422 999999937
158766949017363979 999999937
0 1
14054914 999999937
470759725 999999937
22471017 999999937
486079296752386484 999999937
333312 999999937
358200869 999999937
55773864 999999937
355699342 999999937
51014097041847205 999999937
499968 999999937
204948170 999999937
352648113 999999937
373764456 999999937
205097220025184916 999999937
333312 999999937
455722203 999999937
141366496 999999937
191014316 999999937
214593815765657364 999999937
333312 999999937
274304592 999999937
90158048 999999937
340594660 999999937
540571522471368264 999999937
0 1
481831782 999999937
57859759 999999937
431817929 999999937
308350057745252216 999999937
499968 999999937
72998953 999999937
434424750 999999937
367990350 999999937
782184011934917059 999999937
499968 999999937
261662868 999999937
225890970 999999937
59046131 999999937
606888009166214028 999999937
499968 999999937
388944894 999999937
192997310 999999937
213103088 999999937
35949599963394792 999999937
0 1
249747853 999999937
175311736 999999937
385538208 999999937
135033896309553761 999999937
499968 999999937
68144205 999999937
282102210 999999937
223783273 999999937
301287376419967503 999999937
499968 999999937
360624027 999999937
267791433 999999937
354942378 999999937
665062434694375519 999999937
499968 999999937
135617984 999999937
229036508 999999937
314410187 999999937
130105814276521489 999999937
499968 999999937
395076584 999999937
13445502 999999937
460517380 999999937
614274283366763377 999999937
0 1
302612849 999999937
347014192 999999937
330768280 999999937
402080202699260148 999999937
0 1
238321369 999999937
425798621 999999937
198852809 999999937
432923132670528829 999999937
0 1
128209171 999999937
499425186 999999937
417605120 999999937
33305712299122894 999999937
499968 999999937
277504524 999999937
484821833 999999937
119455773 999999937
587942715470890363 999999937
0 1
497521719 999999937
332710726 999999937
225772731 999999937
592848898599958299 999999937
333312 999999937
370705913 999999937
348083422 999999937
190839743 999999937
221772582772599842 999999937
333312 999999937
59022316 999999937
130766771 999999937
445845734 999999937
12070785191491519 999999937
499968 999999937
424177365 999999937
444866651 999999937
84883754 999999937
21963800941906475 999999937
333312 999999937
318161860 999999937
436594396 999999937
36647636 999999937
33481592233843177 999999937
333312 999999937
407742022 999999937
139516733 999999937
57268468 999999937
247694911999512944 999999937
333312 999999937
193113520 999999937
355383827 999999937
496906407 999999937
31668528847826694 999999937
0 1
276126827 999999937
56458161 999999937
35595281 999999937
445494498262949345 999999937
0 1
473733275 999999937
246488468 999999937
364830357 999999937
336011199550330593 999999937
0 1
306550897 999999937
148322809 999999937
328709671 999999937
37434329039827253 999999937
0 1
260686182 999999937
434527954 999999937
139169456 999999937
172893331699553348 999999937
0 1
233934985 999999937
350719824 999999937
134672687 999999937
336074376543213956 999999937
0 1
367771424 999999937
397186959 999999937
447352275 999999937
522656001065212104 999999937
0 1
236112401 999999937
198418542 999999937
222164555 999999937
232009482487321990 999999937
0 1
355234069 999999937
91695696 999999937
331542763 999999937
416712013755083056 999999937
0 1
248468994 999999937
408753636 999999937
324366462 999999937
612256914196521500 999999937
0 1
315253569 999999937
98560918 999999937
138958051 999999937
262709537138141384 999999937
333312 999999937
419945324 999999937
338781576 999999937
441628688 999999937
98760099925865069 999999937
499968 999999937
100750490 999999937
278079185 999999937
468555564 999999937
783691882695284549 999999937
0 1
233395079 999999937
24716524 999999937
291598551 999999937
623715643545993 999999937
0 1
171991127 999999937
205634488 999999937
37701170 999999937
548765770035821957 999999937
0 1
220851541 999999937
57166626 999999937
246742491 999999937
345879329694887595 999999937
0 1
128993981 999999937
90011061 999999937
379088176 999999937
420196693637389064 999999937
0 1
368190301 999999937
459803689 999999937
389371225 999999937
686526627608326727 999999937
333312 999999937
152698644 999999937
258568835 999999937
447312048 999999937
693471801348251402 999999937
333312 999999937
232041576 999999937
55808262 999999937
267950520 999999937
351022680948760220 999999937
499968 999999937
299513172 999999937
102451396 999999937
192009100 999999937
52543622500248989 999999937
499968 999999937
129861146 999999937
70322855 999999937
357603250 999999937
936943066236611664 999999937
333312 999999937
491435406 999999937
119957234 999999937
424550595 999999937
376454615951741399 999999937
0 1
496447821 999999937
196566859 999999937
207343436 999999937
4039420725505747 999999937
333312 999999937
412673709 999999937
352664078 999999937
369282419 999999937
36168772676460234 999999937
0 1
134196800 999999937
92911442 999999937
340180959 999999937
91860511687941670 999999937
0 1
397276445 999999937
473820452 999999937
392570683 999999937
283611776890958985 999999937
333312 999999937
463756126 999999937
239218316 999999937
462141438 999999937
385081885389663340 999999937
0 1
495402946 999999937
379072688 999999937
113131368 999999937
19103124705610639 999999937
0 1
110346023 999999937
348651533 999999937
365208131 999999937
512032636517277281 999999937
333312 999999937
49193168 999999937
275667853 999999937
130239678 999999937
296226900326736845 999999937
333312 999999937
77652826 999999937
362390773 999999937
35924766 999999937
65599313137305317 999999937
333312 999999937
252897192 999999937
470393670 999999937
4847905 999999937
555650540925736280 999999937
0 1
75361713 999999937
132310757 999999937
106088186 999999937
949678293413458600 999999937
0 1
402557707 999999937
226064508 999999937
109503128 999999937
111951280250389127 999999937
499968 999999937
392060784 999999937
113523471 999999937
146048652 999999937
368432260282493288 999999937
333312 999999937
149981304 999999937
357952482 999999937
10049447 999999937
757734381563332378 999999937
333312 999999937
465523077 999999937
481858217 999999937
64540598 999999937
159252044399828015 999999937
499968 999999937
424562788 999999937
103145336 999999937
331086163 999999937
120428861888533094 999999937
0 1
285039023 999999937
309277120 999999937
167001837 999999937
64178304894112852 999999937
333312 999999937
278063704 999999937
384610577 999999937
346590255 999999937
244925805759967028 999999937
0 1
282652251 999999937
40244856 999999937
313794799 999999937
628381978379475 999999937
499968 999999937
76919824 999999937
343075784 999999937
90066418 999999937
173622774262239834 999999937
499968 999999937
480193177 999999937
274448183 999999937
370034580 999999937
680047182940421001 999999937
0 1
476452068 999999937
432526170 999999937
354468877 999999937
378572477923453588 999999937
0 1
178469548 999999937
174842707 999999937
223464281 999999937
782246555296204569 999999937
333312 999999937
179745705 999999937
324452002 999999937
333233634 999999937
187540945835778591 999999937
499968 999999937
360037565 999999937
309038125 999999937
325896967 999999937
302000485054381901 999999937
499968 999999937
369166450 999999937
241093989 999999937
346280679 999999937
747966598889505222 999999937
0 1
163322972 999999937
44565294 999999937
485450685 999999937
272016704201457178 999999937
0 1
62564454 999999937
382604950 999999937
258588907 999999937
437577440991552924 999999937
0 1
244642233 999999937
221213923 999999937
146736420 999999937
343602018469836889 999999937
333312 999999937
280133207 999999937
379729399 999999937
407938037 999999937
209986385965581072 999999937
0 1
150827865 999999937
347514537 999999937
472776288 999999937
235146778411605397 999999937
0 1
207491970 999999937
209821778 999999937
36800992 999999937
182920103671538755 999999937
0 1
87841547 999999937
392569347 999999937
446550007 999999937
165696161810688198 999999937
0 1
472119946 999999937
27320355 999999937
213613708 999999937
350220903691066009 999999937
0 1
438156598 999999937
243291293 999999937
4382824 999999937
538929638278389103 999999937
499968 999999937
265698979 999999937
449074893 999999937
70652684 999999937
775496825563438885 999999937
333312 999999937
427852829 999999937
215119421 999999937
412728133 999999937
334181243176519068 999999937
499968 999999937
11176288 999999937
407925203 999999937
376170226 999999937
318877318791171231 999999937
499968 999999937
473865687 999999937
343093292 999999937
416509380 999999937
533103881329526055 999999937
0 1
434521487 999999937
338063705 999999937
393037499 999999937
400729264342323873 999999937
0 1
324892621 999999937
245950723 999999937
319653509 999999937
395973041476600390 999999937
0 1
209500905 999999937
136359366 999999937
446124128 999999937
302945305743088299 999999937
499968 999999937
28378620 999999937
364350544 999999937
355104402 999999937
25210704133615948 999999937
499968 999999937
118289700 999999937
306757110 999999937
107720458 999999937
160354124148329912 999999937
0 1
11499650 999999937
440697441 999999937
209323282 999999937
628529735093741672 999999937
333312 999999937
361231899 999999937
184555233 999999937
278600983 999999937
16721183011571960 999999937
333312 999999937
77424455 999999937
334954091 999999937
74913072 999999937
586795354701036694 999999937
0 1
408874421 999999937
65136004 999999937
128709719 999999937
54739189791618553 999999937
0 1
91225683 999999937
33812856 999999937
42657222 999999937
231798643396093487 999999937
0 1
108630886 999999937
158147960 999999937
463449615 999999937
50868657407478508 999999937
0 1
405921668 999999937
381067766 999999937
120801697 999999937
219963157244104369 999999937
0 1
405601589 999999937
102756243 999999937
66188870 999999937
603085909629683508 999999937
0 1
124207790 999999937
111645773 999999937
94603874 999999937
145561959123682772 999999937
0 1
134218060 999999937
350415474 999999937
242810571 999999937
741310172886348008 999999937
499968 999999937
186252800 999999937
230650989 999999937
99683976 999999937
366232201735915995 999999937
333312 999999937
44931223 999999937
455290446 999999937
479474585 999999937
288769056059728173 999999937
499968 999999937
99340888 999999937
74624145 999999937
81683586 999999937
409104215405974580 999999937
0 1
495992755 999999937
228475069 999999937
366244496 999999937
80297315843060548 999999937
0 1
21975172 999999937
190014110 999999937
126733783 999999937
178891426966033191 999999937
0 1
164942468 999999937
75650397 999999937
133156872 999999937
356179465381584119 999999937
0 1
456181231 999999937
410047959 999999937
422934073 999999937
205264221688869511 999999937
0 1
135258336 999999937
123327067 999999937
195854264 999999937
597152173429869699 999999937
0 1
243890807 999999937
308521439 999999937
169873454 999999937
596420142457754809 999999937
0 1
405349819 999999937
173455381 999999937
26443101 999999937
476345674581856103 999999937
499968 999999937
234980502 999999937
348796840 999999937
321693503 999999937
544184872297983706 999999937
333312 999999937
53542635 999999937
219972811 999999937
156852918 999999937
543612190028734854 999999937
499968 999999937
243626666 999999937
442528213 999999937
313798237 999999937
689553665928110238 999999937
499968 999999937
389079338 999999937
448023103 999999937
106236799 999999937
365534846792745019 999999937
0 1
123472117 999999937
108919436 999999937
470634681 999999937
17315996486878710 999999937
499968 999999937
30263710 999999937
108085351 999999937
123764772 999999937
299760616194849580 999999937
0 1
306066738 999999937
349081472 999999937
353225875 999999937
198558329669513050 999999937
333312 999999937
126262916 999999937
189914192 999999937
145152281 999999937
303763782264918919 999999937
333312 999999937
244719325 999999937
108747208 999999937
215847079 999999937
536863783709495325 999999937
499968 999999937
269705281 999999937
332763764 999999937
265319923 999999937
104425170792601313 999999937
499968 999999937
186201349 999999937
483542187 999999937
185018257 999999937
858378632926118039 999999937
0 1
360598373 999999937
332847801 999999937
452333463 999999937
14602501218477243 999999937
499968 999999937
222634217 999999937
212547258 999999937
477596156 999999937
148695087207923317 999999937
0 1
241350576 999999937
136069240 999999937
111881416 999999937
71699159730311538 999999937
499968 999999937
101510048 999999937
237587874 999999937
373604790 999999937
663616939368279467 999999937
333312 999999937
190765823 999999937
340994481 999999937
323352373 999999937
139680464252766266 999999937
333312 999999937
246235424 999999937
283993914 999999937
154904065 999999937
283855057799757119 999999937
0 1
349024359 999999937
429490932 999999937
215153406 999999937
423830282955837887 999999937
333312 999999937
422810386 999999937
431903848 999999937
272919538 999999937
18015291498207320 999999937
0 1
371846652 999999937
342381696 999999937
79855863 999999937
126692036970630279 999999937
333312 999999937
26019882 999999937
222041028 999999937
202229713 999999937
288657994717048226 999999937
499968 999999937
239755131 999999937
105044999 999999937
336928485 999999937
399747451321868094 999999937
0 1
149230134 999999937
361664082 999999937
451428450 999999937
139624174319931871 999999937
333312 999999937
183981411 999999937
69184158 999999937
350004587 999999937
883008605700887279 999999937
0 1
382305776 999999937
166257245 999999937
204334331 999999937
62376030430090659 999999937
0 1
466435877 999999937
203395610 999999937
227484202 999999937
212827803616303667 999999937
333312 999999937
435815368 999999937
65982046 999999937
276897546 999999937
360858763262627611 999999937
0 1
161514423 999999937
128134480 999999937
98400203 999999937
123251378812130343 999999937
499968 999999937
168069825 999999937
440054166 999999937
398906258 999999937
224605035534967091 999999937
0 1
233606981 999999937
99678337 999999937
338985401 999999937
33245857207268873 999999937
0 1
386189408 999999937
92753680 999999937
137735139 999999937
553520486936853610 999999937
499968 999999937
196003634 999999937
376072970 999999937
388904479 999999937
183039769108020217 999999937
0 1
32481514 999999937
156716527 999999937
382586552 999999937
395879574331600183 999999937
333312 999999937
92160651 999999937
386076269 999999937
78897783 999999937
542196053976644307 999999937
333312 999999937
15833411 999999937
210106503 999999937
368980139 999999937
95457477786620911 999999937
499968 999999937
352315786 999999937
320416427 999999937
124941369 999999937
394920117382075827 999999937
0 1
104722152 999999937
455025332 999999937
307216962 999999937
161014972016602065 999999937
0 1
498583326 999999937
488802021 999999937
74888230 999999937
24925889271475386 999999937
0 1
419646284 999999937
201494886 999999937
328314005 999999937
363404084295059266 999999937
333312 999999937
226796131 999999937
107995251 999999937
441103606 999999937
41507633062209517 999999937
0 1
23503345 999999937
22730715 999999937
339018215 999999937
655170896176918130 999999937
333312 999999937
307763925 999999937
195475999 999999937
445267023 999999937
424195645428797002 999999937
499968 999999937
488128739 999999937
30607238 999999937
85287205 999999937
787822657900764213 999999937
0 1
483979228 999999937
358690923 999999937
433250249 999999937
203135044993002733 999999937
0 1
492835105 999999937
152022509 999999937
446397174 999999937
98918905416189836 999999937
499968 999999937
176121381 999999937
265932437 999999937
325752141 999999937
459778930315287577 999999937
0 1
337288360 999999937
162621035 999999937
73326871 999999937
91714616054792623 999999937
0 1
260874942 999999937
27550563 999999937
323675904 999999937
823120905111454673 999999937
0 1
298202973 999999937
234047920 999999937
415028671 999999937
272746536754922018 999999937
0 1
456722211 999999937
309843855 999999937
340513835 999999937
68659177050894255 999999937
499968 999999937
209285723 999999937
266506240 999999937
403816787 999999937
80909201450351784 999999937
0 1
374256301 999999937
41011092 999999937
171350694 999999937
612893435239639124 999999937
499968 999999937
99572603 999999937
168316046 999999937
304989884 999999937
788114776913613845 999999937
333312 999999937
409309750 999999937
5670697 999999937
114971037 999999937
553143201658847306 999999937
0 1
417797207 999999937
278137545 999999937
224406542 999999937
807704343898160185 999999937
0 1
80820216 999999937
134077658 999999937
356233234 999999937
22521055976036718 999999937
333312 999999937
301978404 999999937
102990949 999999937
6544358 999999937
581446246956415164 999999937
499968 999999937
405542767 999999937
272608443 999999937
73131371 999999937
51721466068033975 999999937
0 1
12429584 999999937
222650683 999999937
155862485 999999937
514514587466071721 999999937
0 1
85843228 999999937
3338523 999999937
324065539 999999937
293410953400127396 999999937
333312 999999937
214250472 999999937
242699542 999999937
196398747 999999937
794890974139603514 999999937
333312 999999937
468523501 999999937
208782968 999999937
44572945 999999937
326042804915186891 999999937
0 1
245353716 999999937
454667561 999999937
135484764 999999937
385304729479813911 999999937
0 1
129971162 999999937
497995910 999999937
458878626 999999937
180343579580799139 999999937
0 1
476610364 999999937
158222227 999999937
430615797 999999937
291048473759659924 999999937
0 1
321003233 999999937
305415457 999999937
355996050 999999937
142378122641414709 999999937
0 1
485363422 999999937
283021933 999999937
471870339 999999937
285024221178164233 999999937
499968 999999937
298892746 999999937
211509470 999999937
224909182 999999937
455707473167686881 999999937
0 1
40581564 999999937
489809436 999999937
487153359 999999937
89606466651617882 999999937
0 1
351243917 999999937
38295925 999999937
12520643 999999937
802392377170286944 999999937
499968 999999937
149414062 999999937
41523913 999999937
104872182 999999937
12038058666349213 999999937
0 1
355989049 999999937
263339727 999999937
310390947 999999937
540588102930537438 999999937
0 1
89964455 999999937
320790588 999999937
432093717 999999937
558612013742634733 999999937
333312 999999937
228153476 999999937
32576689 999999937
364924290 999999937
327158584673627133 999999937
499968 999999937
492236670 999999937
226848004 999999937
453410365 999999937
430847637302208596 999999937
0 1
305367780 999999937
331761487 999999937
98254863 999999937
181855357717183663 999999937
499968 999999937
401586862 999999937
242738755 999999937
237210737 999999937
88963560307817034 999999937
499968 999999937
351027650 999999937
39797447 999999937
79683644 999999937
84835212192695382 999999937
0 1
148830371 999999937
143021384 999999937
167249946 999999937
92272901859419201 999999937
0 1
346080365 999999937
298449170 999999937
199797719 999999937
190475997352074565 999999937
0 1
163345314 999999937
485631215 999999937
434717502 999999937
220634843031526523 999999937
0 1
92713740 999999937
46092185 999999937
347402036 999999937
182411376352163026 999999937
499968 999999937
274702083 999999937
197721049 999999937
202984807 999999937
99725367663473736 999999937
0 1
186950580 999999937
211439632 999999937
287235449 999999937
111247795459939226 999999937
0 1
101539508 999999937
432047004 999999937
289642898 999999937
95908411030791036 999999937
0 1
134727215 999999937
438182296 999999937
162421585 999999937
130019071528950354 999999937
0 1
139126430 999999937
381484089 999999937
181244108 999999937
295441276610034246 999999937
333312 999999937
284065311 999999937
363987785 999999937
280138505 999999937
218552905956615892 999999937
499968 999999937
405036702 999999937
116761339 999999937
147289581 999999937
532717022834727101 999999937
333312 999999937
273437444 999999937
404198404 999999937
243993198 999999937
500016997469220029 999999937
0 1
233914167 999999937
95989671 999999937
142929390 999999937
224056501833427201 999999937
333312 999999937
163891796 999999937
29010256 999999937
82895047 999999937
672023613819534978 999999937
499968 999999937
494109333 999999937
106119519 999999937
437891068 999999937
25626850021092874 999999937
499968 999999937
235959118 999999937
347073184 999999937
163828491 999999937
111905608019126606 999999937
0 1
350382681 999999937
90877618 999999937
182899919 999999937
253679179688005162 999999937
333312 999999937
345321976 999999937
432816178 999999937
10422869 999999937
284415524457652043 999999937
0 1
49960916 999999937
122630792 999999937
410149387 999999937
132654353706732622 999999937
333312 999999937
346487867 999999937
266741214 999999937
317833783 999999937
136552920072407617 999999937
333312 999999937
218336562 999999937
78139707 999999937
482597924 999999937
65350874628188685 999999937
0 1
171634646 999999937
292647378 999999937
214610243 999999937
483920130362920488 999999937
499968 999999937
291146535 999999937
338347032 999999937
139965170 999999937
295546199615877494 999999937
333312 999999937
499252103 999999937
376476873 999999937
100928587 999999937
936291214227738441 999999937
499968 999999937
68984361 999999937
37534334 999999937
174304614 999999937
679145620145401762 999999937
333312 999999937
380854173 999999937
345619717 999999937
229787481 999999937
581256526997279398 999999937
0 1
495696750 999999937
429153319 999999937
184442961 999999937
709789777466500044 999999937
0 1
486067157 999999937
14567424 999999937
438149207 999999937
530004613607060541 999999937
0 1
177652529 999999937
255527744 999999937
462778374 999999937
568944403233882811 999999937
0 1
268603255 999999937
496524242 999999937
90096370 999999937
127662322067999329 999999937
0 1
167388762 999999937
21129775 999999937
120328526 999999937
270742617053638398 999999937
0 1
347685680 999999937
26363207 999999937
186463409 999999937
12006861348990639 999999937
0 1
136246555 999999937
317283438 999999937
413882735 999999937
244304064036371152 999999937
0 1
160671008 999999937
300830541 999999937
337886277 999999937
265357750501085548 999999937
499968 999999937
407305084 999999937
239922739 999999937
332535365 999999937
269890940174744329 999999937
499968 999999937
214828692 999999937
65897493 999999937
221516063 999999937
205773043996279839 999999937
0 1
195620817 999999937
15569761 999999937
336905454 999999937
432468918284618043 999999937
0 1
264433956 999999937
383109198 999999937
401319975 999999937
159808101924095085 999999937
0 1
33679035 999999937
20183193 999999937
229993480 999999937
244016568436525291 999999937
499968 999999937
454126080 999999937
323959776 999999937
243933770 999999937
158608310555222423 999999937
333312 999999937
325802408 999999937
226001357 999999937
439457866 999999937
794735631933910633 999999937
0 1
244800532 999999937
429442529 999999937
137592892 999999937
87030042823402552 999999937
0 1
162211137 999999937
311993480 999999937
170043263 999999937
78731148078872035 999999937
333312 999999937
245141409 999999937
370918605 999999937
130820169 999999937
845288512444657593 999999937
499968 999999937
100507458 999999937
184385652 999999937
293891708 999999937
544827282526919005 999999937
499968 999999937
92882100 999999937
356326662 999999937
258798790 999999937
10304439644501664 999999937
499968 999999937
314082924 999999937
145361288 999999937
259834723 999999937
28399316918856370 999999937
0 1
384728634 999999937
281601267 999999937
317622195 999999937
176444814580912253 999999937
499968 999999937
294384667 999999937
301302624 999999937
361048421 999999937
149496699203038987 999999937
0 1
478594255 999999937
151878106 999999937
459173651 999999937
622879734787378244 999999937
0 1
128554532 999999937
223501011 999999937
309847170 999999937
492682411497606665 999999937
0 1
240711076 999999937
238114266 999999937
459842386 999999937
517892472785364649 999999937
0 1
148669536 999999937
6900805 999999937
212462906 999999937
200776429928737407 999999937
333312 999999937
51787962 999999937
368713007 999999937
456733200 999999937
492870347698753554 999999937
499968 999999937
317122303 999999937
464283920 999999937
131306888 999999937
122248786155921120 999999937
499968 999999937
17566796 999999937
471782677 999999937
430840333 999999937
24105527769937456 999999937
0 1
402797409 999999937
48878422 999999937
169052920 999999937
43428079408498536 999999937
0 1
388366351 999999937
31656832 999999937
147983491 999999937
128203017463031532 999999937
0 1
66526668 999999937
184366002 999999937
403817419 999999937
402053255607250102 999999937
0 1
393806647 999999937
208536639 999999937
232888389 999999937
186059296035840565 999999937
333312 999999937
283581512 999999937
81183287 999999937
223723793 999999937
119944230279243329 999999937
0 1
322921583 999999937
391760296 999999937
28735188 999999937
512742098693119206 999999937
0 1
163445454 999999937
286162405 999999937
263295587 999999937
461090587584524583 999999937
333312 999999937
154659208 999999937
299639520 999999937
331158565 999999937
15842777690928325 999999937
499968 999999937
123209830 999999937
238258412 999999937
491392033 999999937
182973698496357726 999999937
0 1
221500349 999999937
456798555 999999937
362074789 999999937
407455490303432609 999999937
0 1
53728122 999999937
473018444 999999937
168401917 999999937
495862962307822962 999999937
0 1
291913777 999999937
277163037 999999937
5460016 999999937
577405489231278714 999999937
0 1
289011718 999999937
109583779 999999937
186568422 999999937
286872189598611135 999999937
499968 999999937
429368069 999999937
447903255 999999937
49641946 999999937
838212457288971564 999999937
0 1
482210787 999999937
333808516 999999937
310918905 999999937
602892158728105142 999999937
499968 999999937
201830285 999999937
261757385 999999937
436451400 999999937
374296630216057716 999999937
0 1
295378220 999999937
322914455 999999937
496773616 999999937
702223305876282763 999999937
333312 999999937
248599906 999999937
88128967 999999937
29640428 999999937
450299163476548726 999999937
0 1
423933315 999999937
316746996 999999937
53953355 999999937
239327546219329704 999999937
0 1
299991324 999999937
392635210 999999937
263421445 999999937
603572162037415003 999999937
333312 999999937
271299518 999999937
329049388 999999937
130940187 999999937
229354839018948666 999999937
0 1
487754361 999999937
456666937 999999937
469782267 999999937
281829332806366299 999999937
499968 999999937
483962086 999999937
151967575 999999937
155020965 999999937
730196378163108707 999999937
0 1
287579649 999999937
206079318 999999937
316601669 999999937
330070436565460025 999999937
0 1
279745875 999999937
113587667 999999937
94354970 999999937
672298665278497879 999999937
0 1
237769683 999999937
286117140 999999937
258237607 999999937
155868562996344103 999999937
0 1
265258624 999999937
58150186 999999937
12226855 999999937
347816226020086236 999999937
0 1
99563174 999999937
463812945 999999937
234315842 999999937
106177653102925494 999999937
0 1
160424547 999999937
119573752 999999937
364070624 999999937
280455259339923291 999999937
499968 999999937
202697398 999999937
397850142 999999937
325646462 999999937
64806721037731514 999999937
0 1
161138683 999999937
193285089 999999937
294200958 999999937
299831042532380047 999999937
333312 999999937
220904057 999999937
71538937 999999937
204451841 999999937
112513499087361728 999999937
0 1
268594985 999999937
397152442 999999937
99360945 999999937
481569655679656627 999999937
0 1
408690551 999999937
420029369 999999937
352827160 999999937
252782172499075651 999999937
499968 999999937
79151708 999999937
206963610 999999937
432385800 999999937
76207966763303995 999999937
499968 999999937
346934619 999999937
127028911 999999937
444538692 999999937
112501802320686045 999999937
0 1
408645757 999999937
418767777 999999937
278676873 999999937
230448453920376819 999999937
0 1
160406427 999999937
246113715 999999937
382249262 999999937
603241691020443796 999999937
499968 999999937
347597874 999999937
103794028 999999937
366536574 999999937
614642980381632151 999999937
0 1
459524369 999999937
340258617 999999937
6686670 999999937
21230237421318539 999999937
333312 999999937
162045302 999999937
15360596 999999937
470964838 999999937
19940258104794107 999999937
0 1
313340603 999999937
55345423 999999937
260056938 999999937
367255118931206858 999999937
0 1
479265960 999999937
316074298 999999937
302696617 999999937
510922929473576205 999999937
499968 999999937
392428599 999999937
194777925 999999937
232582541 999999937
360175757084240547 999999937
0 1
115146216 999999937
235439844 999999937
79959391 999999937
497817724151408130 999999937
0 1
107857361 999999937
380385473 999999937
385750119 999999937
78214273641419617 999999937
499968 999999937
134404873 999999937
37133724 999999937
433506301 999999937
34719934427318055 999999937
0 1
271253572 999999937
352669764 999999937
325179868 999999937
412923675819835521 999999937
499968 999999937
279023080 999999937
98209689 999999937
258188093 999999937
178858214183435726 999999937
0 1
87052393 999999937
117108660 999999937
39782999 999999937
117355946881845705 999999937
333312 999999937
37853237 999999937
263576647 999999937
439625540 999999937
211167112329652823 999999937
499968 999999937
386095631 999999937
380121993 999999937
17289874 999999937
351000063932442207 999999937
499968 999999937
398815606 999999937
299876594 999999937
219426754 999999937
805153802009142162 999999937
499968 999999937
435559832 999999937
420560630 999999937
9109129 999999937
454886768626979447 999999937
499968 999999937
362226237 999999937
307945483 999999937
240368975 999999937
366029195691611001 999999937
499968 999999937
307474078 999999937
172725355 999999937
468132457 999999937
599500905610860181 999999937
333312 999999937
456710713 999999937
475467208 999999937
111920892 999999937
221150870562125873 999999937
499968 999999937
259139185 999999937
180626138 999999937
223615703 999999937
169271349891717048 999999937
499968 999999937
276546435 999999937
138381273 999999937
213540368 999999937
223884035904403929 999999937
333312 999999937
176255140 999999937
358673715 999999937
39027887 999999937
328089781863390693 999999937
333312 999999937
233758620 999999937
128879085 999999937
395876321 999999937
280418515050691798 999999937
0 1
101788315 999999937
34777962 999999937
254805813 999999937
47350431537949013 999999937
333312 999999937
216442269 999999937
301283710 999999937
87664024 999999937
100969206022066764 999999937
0 1
247601804 999999937
103745466 999999937
480467973 999999937
244805101760993438 999999937
499968 999999937
262644754 999999937
319120421 999999937
86774293 999999937
26857617367158537 999999937
0 1
30429483 999999937
116199629 999999937
351992845 999999937
40385293330785674 999999937
333312 999999937
32951040 999999937
127617030 999999937
309162742 999999937
48859630613480199 999999937
333312 999999937
22261745 999999937
482313130 999999937
228865334 999999937
403718873752594575 999999937
0 1
54542207 999999937
235794231 999999937
295539534 999999937
632121513043497715 999999937
0 1
315151364 999999937
176658693 999999937
438317474 999999937
438884122448401479 999999937
499968 999999937
255978880 999999937
83157944 999999937
103198078 999999937
93835170583251695 999999937
0 1
417355710 999999937
423936880 999999937
192935901 999999937
500522356702538320 999999937
333312 999999937
450015615 999999937
275142038 999999937
104898860 999999937
156106797083519044 999999937
333312 999999937
72245750 999999937
200053381 999999937
147022855 999999937
92160622716468002 999999937
333312 999999937
224429762 999999937
73759836 999999937
119205903 999999937
801258066833223917 999999937
0 1
492206868 999999937
230969136 999999937
162623657 999999937
264938748316679464 999999937
0 1
291517720 999999937
352607528 999999937
95470379 999999937
315567472609618471 999999937
499968 999999937
145285706 999999937
485057623 999999937
423905007 999999937
467234709040092570 999999937
0 1
30682953 999999937
178153084 999999937
252364812 999999937
191186980388136552 999999937
0 1
312042977 999999937
79114345 999999937
185110149 999999937
254133337238955733 999999937
499968 999999937
211529849 999999937
106356535 999999937
426151175 999999937
512119356997936547 999999937
0 1
259189863 999999937
73222063 999999937
279554146 999999937
26904621265873859 999999937
499968 999999937
347646844 999999937
182862622 999999937
387756594 999999937
69908131210634564 999999937
333312 999999937
401946885 999999937
275800573 999999937
339928016 999999937
140322162799612917 999999937
333312 999999937
324053318 999999937
193848200 999999937
81014443 999999937
70243067415187613 999999937
333312 999999937
227840469 999999937
87510421 999999937
200154626 999999937
276480012137033466 999999937
333312 999999937
118466435 999999937
288483329 999999937
207522208 999999937
35493421239453892 999999937
0 1
84254684 999999937
448643833 999999937
432144406 999999937
841761103436427825 999999937
499968 999999937
141022094 999999937
119771257 999999937
489957710 999999937
716313561024291790 999999937
333312 999999937
35094367 999999937
350027730 999999937
379932367 999999937
310555896332613920 999999937
333312 999999937
366000353 999999937
194407903 999999937
49429920 999999937
328495393266811609 999999937
0 1
150808616 999999937
458943271 999999937
302244368 999999937
295323728440437519 999999937
0 1
211066239 999999937
16465847 999999937
388918375 999999937
367458421405788691 999999937
333312 999999937
430251119 999999937
392406465 999999937
410001688 999999937
158205744738122267 999999937
0 1
4984728 999999937
401360564 999999937
20740331 999999937
310033254574735410 999999937
333312 999999937
267267218 999999937
452688687 999999937
140521544 999999937
112187032971898075 999999937
499968 999999937
356941568 999999937
75017734 999999937
497102092 999999937
289375568311194159 999999937
499968 999999937
210591903 999999937
307759618 999999937
234299618 999999937
262047660705679676 999999937
0 1
433798948 999999937
249981876 999999937
325781980 999999937
592735313903716253 999999937
333312 999999937
84835523 999999937
141899937 999999937
361743536 999999937
263712477386816647 999999937
0 1
258445167 999999937
192892916 999999937
168320911 999999937
940386105339578496 999999937
0 1
491181600 999999937
122420407 999999937
30956944 999999937
208614498176335132 999999937
499968 999999937
186410144 999999937
334702090 999999937
339821384 999999937
550343937578219767 999999937
499968 999999937
236142212 999999937
414034825 999999937
41730196 999999937
381516550462808826 999999937
0 1
485774883 999999937
186225734 999999937
483206090 999999937
647649206708183790 999999937
333312 999999937
395992132 999999937
283868387 999999937
103258036 999999937
262473066531969665 999999937
0 1
156795388 999999937
118863913 999999937
399657228 999999937
126850295284725939 999999937
499968 999999937
153170324 999999937
123548667 999999937
245547423 999999937
549012223524338886 999999937
333312 999999937
73596983 999999937
334604730 999999937
281600046 999999937
509822547486116451 999999937
499968 999999937
135279786 999999937
52580021 999999937
499492710 999999937
52408486059724952 999999937
333312 999999937
488006612 999999937
13569167 999999937
275628930 999999937
507446538304520279 999999937
0 1
420784374 999999937
480310121 999999937
282712314 999999937
401654873591901005 999999937
333312 999999937
339605909 999999937
384742856 999999937
478704997 999999937
616061114657994205 999999937
0 1
486792326 999999937
198141255 999999937
390936573 999999937
101591257036179255 999999937
0 1
154156934 999999937
96364598 999999937
434454133 999999937
452068591175795904 999999937
499968 999999937
465827280 999999937
377580889 999999937
410051004 999999937
484530681639045886 999999937
499968 999999937
77105765 999999937
144453079 999999937
170399805 999999937
81073008667950086 999999937
499968 999999937
313249089 999999937
236918717 999999937
224089646 999999937
469493826544662973 999999937
333312 999999937
446319972 999999937
369629368 999999937
150409892 999999937
146787214977795036 999999937
333312 999999937
239171820 999999937
338165557 999999937
113038768 999999937
453453535451352256 999999937
333312 999999937
460360109 999999937
172047976 999999937
191238127 999999937
126734010707327178 999999937
333312 999999937
366756268 999999937
332824257 999999937
136078993 999999937
299806947599239943 999999937
499968 999999937
18213267 999999937
338631116 999999937
214705712 999999937
253502958149166483 999999937
0 1
270648967 999999937
3938328 999999937
410171312 999999937
746618841734557386 999999937
333312 999999937
247163935 999999937
74109773 999999937
352252625 999999937
127718337184230555 999999937
333312 999999937
221015777 999999937
9123937 999999937
233309464 999999937
73435987768092954 999999937
0 1
298870238 999999937
387393484 999999937
332365775 999999937
327712599501782706 999999937
333312 999999937
91982398 999999937
410438509 999999937
127137133 999999937
474372696942133063 999999937
499968 999999937
465198131 999999937
131685704 999999937
230424727 999999937
118249501162338069 999999937
499968 999999937
251270959 999999937
118719583 999999937
444306169 999999937
705252885736062895 999999937
0 1
227908468 999999937
100072660 999999937
402015886 999999937
348654398143194978 999999937
0 1
365139998 999999937
312791009 999999937
487349208 999999937
381679339605918139 999999937
0 1
472841931 999999937
463553309 999999937
464069350 999999937
555603059471958699 999999937
0 1
7626793 999999937
102485213 999999937
375697051 999999937
193677246612601550 999999937
0 1
453991580 999999937
359831001 999999937
355416981 999999937
82440325729425920 999999937
499968 999999937
213211114 999999937
198246529 999999937
358932141 999999937
776890049309626680 999999937
0 1
492475281 999999937
488203537 999999937
67596105 999999937
102043008997950238 999999937
333312 999999937
151025017 999999937
79014800 999999937
231867645 999999937
858251305841280866 999999937
0 1
336718514 999999937
414233405 999999937
365943427 999999937
138964994123527942 999999937
333312 999999937
471235716 999999937
122086534 999999937
51443801 999999937
54925991991485052 999999937
499968 999999937
394538534 999999937
182994814 999999937
7296522 999999937
420990324136926118 999999937
333312 999999937
414821836 999999937
264380245 999999937
454169514 999999937
285388262183808187 999999937
0 1
158213578 999999937
263815307 999999937
6848996 999999937
158165542496942037 999999937
499968 999999937
204213534 999999937
309620960 999999937
344269227 999999937
28965504872607182 999999937
499968 999999937
474225995 999999937
103462144 999999937
330143439 999999937
789789239488363115 999999937
0 1
127500595 999999937
399630031 999999937
435537276 999999937
161948584986558142 999999937
499968 999999937
223828261 999999937
393574885 999999937
392431550 999999937
784501044808311614 999999937
0 1
141806956 999999937
147911410 999999937
36037387 999999937
839743910479051934 999999937
333312 999999937
174236048 999999937
10399308 999999937
158748826 999999937
18370181538934910 999999937
0 1
231192535 999999937
430227152 999999937
388552624 999999937
187683859576029175 999999937
0 1
11052514 999999937
232467500 999999937
14431764 999999937
323090488189352986 999999937
499968 999999937
234511070 999999937
48579693 999999937
279429553 999999937
49521969643431391 999999937
0 1
352759403 999999937
164293686 999999937
12578514 999999937
143913431716050881 999999937
499968 999999937
234204906 999999937
120005850 999999937
145295548 999999937
258131398898117417 999999937
0 1
123963767 999999937
31744272 999999937
2191531 999999937
60383479863766771 999999937
0 1
48124649 999999937
485559019 999999937
405106532 999999937
552607124464500912 999999937
499968 999999937
1741866 999999937
431249257 999999937
41304900 999999937
286327033703283379 999999937
0 1
169003689 999999937
42007217 999999937
225392733 999999937
235220825362151665 999999937
0 1
630408 999999937
400815787 999999937
386848425 999999937
303227449643306112 999999937
499968 999999937
210711109 999999937
138729241 999999937
77259983 999999937
885757946448244241 999999937
499968 999999937
393001636 999999937
9999057 999999937
443126991 999999937
429684777395966531 999999937
499968 999999937
493737804 999999937
305066711 999999937
175992315 999999937
47190302371514868 999999937
499968 999999937
411062013 999999937
182341027 999999937
214364295 999999937
107193281191944022 999999937
0 1
278019811 999999937
457530843 999999937
426638864 999999937
161233819398994664 999999937
0 1
33970096 999999937
46524837 999999937
107491862 999999937
510324238475535313 999999937
333312 999999937
147775889 999999937
425037770 999999937
430446054 999999937
891748248620215328 999999937
0 1
349782883 999999937
359470482 999999937
162529628 999999937
687852336351568941 999999937
499968 999999937
420117988 999999937
489688774 999999937
166219587 999999937
121784160897665780 999999937
0 1
64007825 999999937
101632792 999999937
159767225 999999937
57079245280056549 999999937
0 1
262466217 999999937
362543026 999999937
258340638 999999937
38011116050130705 999999937
499968 999999937
3357180 999999937
115463037 999999937
26749386 999999937
80317575653711634 999999937
0 1
462661318 999999937
194513709 999999937
36699423 999999937
96196260414234056 999999937
333312 999999937
182394696 999999937
62511093 999999937
331806061 999999937
63551083060317180 999999937
333312 999999937
458698774 999999937
147788617 999999937
476686799 999999937
172919319467268773 999999937
0 1
105724021 999999937
499484051 999999937
151038084 999999937
190993567682695277 999999937
0 1
110290077 999999937
310463397 999999937
12658480 999999937
834571090910370675 999999937
499968 999999937
84050634 999999937
177585271 999999937
216271789 999999937
100324926386449250 999999937
333312 999999937
91552817 999999937
117104535 999999937
4296911 999999937
22978221943914231 999999937
0 1
281742225 999999937
23726708 999999937
194118306 999999937
392259571659542971 999999937
333312 999999937
399976416 999999937
401968284 999999937
92255264 999999937
545347371152641293 999999937
0 1
235040678 999999937
219961823 999999937
494477746 999999937
399901467638391183 999999937
0 1
332512457 999999937
252906731 999999937
201677188 999999937
441596427357854679 999999937
0 1
135470589 999999937
73498736 999999937
165850906 999999937
306975193726646361 999999937
333312 999999937
240721247 999999937
435910479 999999937
369135362 999999937
254836078262677760 999999937
333312 999999937
470322420 999999937
412785572 999999937
46012466 999999937
24775417171256520 999999937
0 1
61482560 999999937
492932018 999999937
143463342 999999937
72748820061851558 999999937
0 1
396909915 999999937
470010759 999999937
304666976 999999937
217553707758357492 999999937
0 1
330287848 999999937
220939567 999999937
181126294 999999937
515352994337292142 999999937
333312 999999937
482378864 999999937
219770841 999999937
164157727 999999937
756970467418379318 999999937
0 1
253886366 999999937
369566243 999999937
370782218 999999937
10425299302700984 999999937
0 1
231897162 999999937
109511443 999999937
453742960 999999937
315622490075386989 999999937
0 1
37667453 999999937
98977139 999999937
91603577 999999937
148502662765492806 999999937
333312 999999937
387071102 999999937
299910193 999999937
354805036 999999937
55711067071232570 999999937
0 1
111997213 999999937
153442577 999999937
124965096 999999937
803991012347674267 999999937
0 1
43400425 999999937
309620390 999999937
436768355 999999937
919991827386234504 999999937
333312 999999937
401870516 999999937
196652361 999999937
392795216 999999937
246288130586443717 999999937
0 1
302652764 999999937
289643607 999999937
40956490 999999937
880899509736237196 999999937
333312 999999937
179773159 999999937
109481257 999999937
423582876 999999937
39278995169736700 999999937
333312 999999937
81135955 999999937
268954586 999999937
461825733 999999937
283206635683387304 999999937
499968 999999937
489790273 999999937
252022255 999999937
240134955 999999937
606916710386420274 999999937
333312 999999937
273087406 999999937
73708851 999999937
483997087 999999937
89186055678072088 999999937
0 1
291795195 999999937
401619694 999999937
438739338 999999937
111572227244994655 999999937
333312 999999937
150050419 999999937
203668386 999999937
114929723 999999937
294407654507979323 999999937
0 1
323883049 999999937
386745511 999999937
424965200 999999937
669678073905580678 999999937
0 1
145576628 999999937
341541969 999999937
169763084 999999937
383360501305395032 999999937
0 1
170115519 999999937
382842811 999999937
307537900 999999937
252986940102867755 999999937
0 1
69506565 999999937
30892150 999999937
8960623 999999937
227047444164164579 999999937
0 1
259087223 999999937
111402766 999999937
198305124 999999937
190422020990049011 999999937
333312 999999937
141927446 999999937
53613528 999999937
201373835 999999937
37101862945346965 999999937
0 1
389272878 999999937
209993630 999999937
86847392 999999937
223566509865696495 999999937
0 1
118114389 999999937
92815198 999999937
62600841 999999937
110542490661280307 999999937
0 1
457373815 999999937
150538364 999999937
385489655 999999937
808629596345690890 999999937
333312 999999937
289584320 999999937
85626188 999999937
333969568 999999937
348925832832031151 999999937
0 1
178114070 999999937
304007111 999999937
397112608 999999937
113089851357348979 999999937
0 1
30658258 999999937
213658141 999999937
131347070 999999937
465300074451106547 999999937
333312 999999937
270631894 999999937
213544033 999999937
79119790 999999937
41030846244244672 999999937
499968 999999937
343135390 999999937
146611957 999999937
187291062 999999937
216119107261602363 999999937
499968 999999937
432959770 999999937
74141144 999999937
110288618 999999937
263115589154704313 999999937
0 1
487682890 999999937
326950468 999999937
342668967 999999937
144050254097094444 999999937
499968 999999937
301704029 999999937
252779828 999999937
76464141 999999937
5887962003498731 999999937
333312 999999937
136746728 999999937
392140214 999999937
447973595 999999937
208437750844818516 999999937
0 1
227172666 999999937
142579969 999999937
299302403 999999937
542810784295439597 999999937
499968 999999937
342702899 999999937
7617588 999999937
161669228 999999937
67545326445738802 999999937
333312 999999937
479144463 999999937
442190767 999999937
276405724 999999937
26891206820893059 999999937
333312 999999937
418057377 999999937
171840049 999999937
357846211 999999937
409641242206202428 999999937
499968 999999937
418633436 999999937
273870947 999999937
387915527 999999937
224364287765976042 999999937
499968 999999937
87096627 999999937
474056345 999999937
68648170 999999937
421150330433756301 999999937
0 1
37600955 999999937
424957480 999999937
83761917 999999937
36124207062709918 999999937
0 1
32612402 999999937
340944989 999999937
186538523 999999937
169843190138279671 999999937
499968 999999937
454638332 999999937
253166573 999999937
352834090 999999937
200109043523316310 999999937
0 1
489861948 999999937
370075410 999999937
315472783 999999937
222663644388513744 999999937
0 1
15650304 999999937
301459381 999999937
381919424 999999937
211313891643719264 999999937
333312 999999937
203423923 999999937
201250882 999999937
190155827 999999937
159132965394191949 999999937
499968 999999937
420246756 999999937
147087416 999999937
427123802 999999937
7921362143719377 999999937
499968 999999937
225655662 999999937
295744094 999999937
499869573 999999937
224939853382893859 999999937
499968 999999937
72262754 999999937
63808215 999999937
220671139 999999937
240333573840917295 999999937
499968 999999937
145472543 999999937
429919892 999999937
150315830 999999937
19791536723593515 999999937
499968 999999937
22748851 999999937
233333379 999999937
121289117 999999937
59028102307064477 999999937
0 1
303381515 999999937
14982629 999999937
324960161 999999937
123052603892967889 999999937
333312 999999937
435489510 999999937
143795995 999999937
105549897 999999937
50323476719240088 999999937
499968 999999937
483080793 999999937
216094620 999999937
274712872 999999937
326767358262694924 999999937
499968 999999937
464653812 999999937
152804925 999999937
277577952 999999937
106294756345811325 999999937
0 1
63586846 999999937
101248481 999999937
458512352 999999937
539830223353821132 999999937
0 1
463743419 999999937
206762125 999999937
467633006 999999937
342016675182389856 999999937
0 1
136975366 999999937
309929067 999999937
207706182 999999937
117497023975053921 999999937
499968 999999937
154604929 999999937
91854677 999999937
318089113 999999937
82414726555050622 999999937
333312 999999937
45754357 999999937
193838116 999999937
391290130 999999937
185110757593743643 999999937
333312 999999937
100570224 999999937
490786500 999999937
36395892 999999937
636773053755476053 999999937
0 1
325509425 999999937
101492053 999999937
268464888 999999937
861795388914030206 999999937
0 1
339961474 999999937
357267153 999999937
319300332 999999937
66666190792198090 999999937
0 1
214391357 999999937
127133321 999999937
158831811 999999937
425182283265489861 999999937
333312 999999937
476414233 999999937
361054966 999999937
491340047 999999937
176173341817442919 999999937
0 1
433232394 999999937
431501388 999999937
33886794 999999937
610487800726522365 999999937
499968 999999937
65727852 999999937
416550579 999999937
114847582 999999937
732358533062310393 999999937
333312 999999937
312908632 999999937
485316 999999937
132619666 999999937
324854678482346744 999999937
333312 999999937
203948745 999999937
270568867 999999937
54154703 999999937
541281901268994238 999999937
0 1
475874065 999999937
195448280 999999937
261751569 999999937
421347783752708410 999999937
0 1
118242018 999999937
253484206 999999937
93970572 999999937
213076706749947251 999999937
0 1
293028563 999999937
339853589 999999937
398427543 999999937
232647429836952184 999999937
499968 999999937
476564653 999999937
54440045 999999937
100445682 999999937
131536983553084982 999999937
0 1
482813829 999999937
211328173 999999937
171278769 999999937
350288696941316327 999999937
333312 999999937
421479880 999999937
173293133 999999937
342404301 999999937
32578694938001945 999999937
333312 999999937
47770655 999999937
248822184 999999937
467108495 999999937
215368826152503028 999999937
499968 999999937
227028138 999999937
151135781 999999937
361451999 999999937
384954058167778560 999999937
0 1
430493795 999999937
162762469 999999937
25531449 999999937
352292886102227044 999999937
0 1
82170550 999999937
72647924 999999937
424022188 999999937
553168417850938182 999999937
499968 999999937
159384554 999999937
13783078 999999937
106064170 999999937
87006480835049866 999999937
0 1
200593559 999999937
396164664 999999937
364893250 999999937
624572601772169760 999999937
0 1
183962061 999999937
352723021 999999937
124777074 999999937
36053665785607601 999999937
333312 999999937
143008133 999999937
478717478 999999937
376257421 999999937
561313096917732985 999999937
499968 999999937
330899461 999999937
116520322 999999937
344175844 999999937
222279690148732391 999999937
499968 999999937
150878117 999999937
294098065 999999937
288747080 999999937
519323199986853683 999999937
0 1
36743224 999999937
224701351 999999937
324753944 999999937
609234242053665797 999999937
0 1
313616464 999999937
498131700 999999937
267067271 999999937
126235557531213392 999999937
0 1
472328816 999999937
152740369 999999937
399311616 999999937
113695524489734968 999999937
0 1
336728156 999999937
479835764 999999937
218338124 999999937
31296605477219813 999999937
499968 999999937
232200654 999999937
450099036 999999937
489081601 999999937
13728362843894739 999999937
0 1
114902611 999999937
340946245 999999937
193601113 999999937
69435510908016299 999999937
0 1
269271041 999999937
464311854 999999937
147583528 999999937
437311655684304898 999999937
0 1
243903607 999999937
431171793 999999937
417883423 999999937
484480008543891001 999999937
499968 999999937
48629149 999999937
155695365 999999937
71242642 999999937
39867081455964456 999999937
333312 999999937
220118137 999999937
66721365 999999937
50116632 999999937
612725381199777087 999999937
499968 999999937
325616459 999999937
277046923 999999937
488210469 999999937
37760037760640409 999999937
0 1
323899066 999999937
320246746 999999937
33328043 999999937
469753835650760166 999999937
499968 999999937
422923620 999999937
366985 999999937
153414703 999999937
231219134673239376 999999937
0 1
310751108 999999937
112326305 999999937
221720834 999999937
159657951523117998 999999937
499968 999999937
223641488 999999937
360622984 999999937
204380336 999999937
37776108610491224 999999937
0 1
39322471 999999937
342611282 999999937
205895803 999999937
781811823296503266 999999937
0 1
370573292 999999937
140556380 999999937
68600978 999999937
249314091406646800 999999937
333312 999999937
478074612 999999937
410379284 999999937
90743424 999999937
143630037434527881 999999937
333312 999999937
194467528 999999937
222888207 999999937
115396966 999999937
135300414370337378 999999937
0 1
348924413 999999937
235865582 999999937
342033539 999999937
389472639904835325 999999937
0 1
276369461 999999937
321355586 999999937
27852484 999999937
411311795429263963 999999937
0 1
27694037 999999937
412957926 999999937
126048298 999999937
940133572292314465 999999937
333312 999999937
288593823 999999937
458271551 999999937
39680703 999999937
207081873880717584 999999937
0 1
190728409 999999937
264084305 999999937
267222501 999999937
346604636283330586 999999937
0 1
145310048 999999937
334734701 999999937
412586746 999999937
41349388153494635 999999937
333312 999999937
25384284 999999937
81277479 999999937
498518285 999999937
6955979253701893 999999937
0 1
150863758 999999937
49646218 999999937
29256113 999999937
85394792131751978 999999937
333312 999999937
269375518 999999937
62996340 999999937
206163846 999999937
150326784554783061 999999937
499968 999999937
193450305 999999937
482604705 999999937
124375861 999999937
147056545723753527 999999937
333312 999999937
484854208 999999937
239037042 999999937
223897052 999999937
747778452984407716 999999937
499968 999999937
121281829 999999937
194326947 999999937
353103770 999999937
186869238041765774 999999937
333312 999999937
3164421 999999937
2381466 999999937
277283093 999999937
714671453253087509 999999937
333312 999999937
443173221 999999937
308392124 999999937
499982808 999999937
584755312585809283 999999937
0 1
111351898 999999937
10442760 999999937
415661634 999999937
335052181576454800 999999937
0 1
278529216 999999937
450940766 999999937
147896604 999999937
418203596547785214 999999937
0 1
420753330 999999937
104010356 999999937
176777036 999999937
116218283130983597 999999937
499968 999999937
323787588 999999937
10449451 999999937
24685677 999999937
509111539312480050 999999937
0 1
241880075 999999937
139803900 999999937
382941415 999999937
705188715006811378 999999937
333312 999999937
141472642 999999937
412110887 999999937
386293420 999999937
266154140488321018 999999937
333312 999999937
323356536 999999937
441388999 999999937
39278309 999999937
652164406401562849 999999937
333312 999999937
313133843 999999937
245025787 999999937
255866584 999999937
84279486733639481 999999937
0 1
77468702 999999937
180121326 999999937
201054903 999999937
212044509386306832 999999937
0 1
385115784 999999937
446402046 999999937
328281397 999999937
263107918929398084 999999937
0 1
19054605 999999937
483105769 999999937
156585376 999999937
130395300496397177 999999937
499968 999999937
312608872 999999937
279124167 999999937
187636633 999999937
127716592320686969 999999937
333312 999999937
138976967 999999937
336902847 999999937
318764930 999999937
241694518969715962 999999937
0 1
65808962 999999937
447839649 999999937
109612210 999999937
614533568930853821 999999937
0 1
299627103 999999937
456931803 999999937
281541313 999999937
635261398455977794 999999937
333312 999999937
170811523 999999937
445971048 999999937
448586053 999999937
564472967595391677 999999937
499968 999999937
4460819 999999937
356879973 999999937
418599992 999999937
596162036187873306 999999937
499968 999999937
51495562 999999937
289727092 999999937
235628103 999999937
97466290121511095 999999937
0 1
189306992 999999937
449978654 999999937
63135721 999999937
316367402249479899 999999937
0 1
462923238 999999937
180960632 999999937
395572139 999999937
112540798261671825 999999937
333312 999999937
69764581 999999937
155232782 999999937
386339226 999999937
23576493116062208 999999937
333312 999999937
384746680 999999937
161794527 999999937
342481269 999999937
404302477333247923 999999937
499968 999999937
216659901 999999937
223280677 999999937
317040166 999999937
563357695892496395 999999937
0 1
69994705 999999937
93436248 999999937
66933691 999999937
4757782947640233 999999937
0 1
443982554 999999937
387808778 999999937
434506589 999999937
211946863255597831 999999937
499968 999999937
396181346 999999937
308467685 999999937
310997219 999999937
537012206237060280 999999937
333312 999999937
153614919 999999937
435931613 999999937
432304110 999999937
315249816923568458 999999937
0 1
26377519 999999937
353951983 999999937
116081271 999999937
814778098128006905 999999937
499968 999999937
332293845 999999937
336406532 999999937
478124183 999999937
493600782759108666 999999937
499968 999999937
95008067 999999937
295520616 999999937
92132412 999999937
401380003538319701 999999937
333312 999999937
248263624 999999937
476289154 999999937
411530396 999999937
357498738546113870 999999937
0 1
167552028 999999937
293504217 999999937
27473608 999999937
72332348476266657 999999937
499968 999999937
468226846 999999937
375642728 999999937
277497152 999999937
632278434889627531 999999937
0 1
228180378 999999937
486895250 999999937
160007720 999999937
138598404751958422 999999937
0 1
88429537 999999937
483734475 999999937
382059056 999999937
453572892685519436 999999937
333312 999999937
231534554 999999937
15021519 999999937
13827313 999999937
131900299758945927 999999937
333312 999999937
107131413 999999937
113410605 999999937
125574976 999999937
626063402869052085 999999937
0 1
327068074 999999937
50738158 999999937
46586413 999999937
91603090573708201 999999937
499968 999999937
311799678 999999937
169082067 999999937
12625625 999999937
279738856746111945 999999937
0 1
345283326 999999937
486166042 999999937
47416824 999999937
478338474516434320 999999937
0 1
291729422 999999937
449986656 999999937
342918915 999999937
752877886860938651 999999937
0 1
244843528 999999937
361915106 999999937
41219623 999999937
82832874514565295 999999937
0 1
326868904 999999937
455726426 999999937
457552167 999999937
639762233783978155 999999937
499968 999999937
318875766 999999937
416757800 999999937
198876465 999999937
638131364951737078 999999937
333312 999999937
395711941 999999937
456952037 999999937
499257077 999999937
409779206434249247 999999937
333312 999999937
285987116 999999937
390195070 999999937
290173890 999999937
549724012268676634 999999937
0 1
62491504 999999937
274224385 999999937
409275211 999999937
803572840439203982 999999937
0 1
190139183 999999937
189360189 999999937
365149395 999999937
243630906164807450 999999937
499968 999999937
228663469 999999937
93385048 999999937
412603127 999999937
466526735835767029 999999937
499968 999999937
469144997 999999937
478850730 999999937
38893484 999999937
187959804362089221 999999937
0 1
22817897 999999937
485267868 999999937
109841098 999999937
361085213419871042 999999937
499968 999999937
128854072 999999937
135193832 999999937
266352422 999999937
34503195766561064 999999937
333312 999999937
26273912 999999937
343922280 999999937
395274426 999999937
384819812650236201 999999937
499968 999999937
247826274 999999937
127354176 999999937
131766748 999999937
27369870158336660 999999937
499968 999999937
130698588 999999937
151331283 999999937
455284844 999999937
40661822359590104 999999937
333312 999999937
200051096 999999937
356715793 999999937
213929791 999999937
909394523509084739 999999937
0 1
200670062 999999937
151289322 999999937
327339229 999999937
263796834753045231 999999937
0 1
273229509 999999937
97400233 999999937
357903745 999999937
148755238574505915 999999937
0 1
256916905 999999937
135729666 999999937
71880935 999999937
422453076654599413 999999937
499968 999999937
85697332 999999937
412657599 999999937
242372695 999999937
62081917447966941 999999937
499968 999999937
109892949 999999937
319659033 999999937
84931039 999999937
492406435681897562 999999937
0 1
493636367 999999937
202143241 999999937
334657343 999999937
230913622488320599 999999937
499968 999999937
169714038 999999937
458428921 999999937
228938367 999999937
606828264122421631 999999937
0 1
364371725 999999937
113083144 999999937
110336574 999999937
371214758527555915 999999937
0 1
454030824 999999937
382112659 999999937
201833295 999999937
197588979899908187 999999937
0 1
189587591 999999937
25603130 999999937
283379118 999999937
392518101910728557 999999937
0 1
39321654 999999937
358315327 999999937
312603759 999999937
485791449747280674 999999937
499968 999999937
348629560 999999937
250877396 999999937
29130893 999999937
801143333962573074 999999937
499968 999999937
208380473 999999937
330336441 999999937
58681660 999999937
247224497788915213 999999937
0 1
419001617 999999937
146714407 999999937
393403038 999999937
570346599751896186 999999937
333312 999999937
113996032 999999937
472899614 999999937
111591975 999999937
32508846977569526 999999937
333312 999999937
184929785 999999937
258997312 999999937
95453858 999999937
559448806873138918 999999937
0 1
490009577 999999937
274500126 999999937
303523187 999999937
106780696889555469 999999937
0 1
298304925 999999937
353660148 999999937
364022676 999999937
342846074662554113 999999937
0 1
71982736 999999937
300708856 999999937
82307861 999999937
434675161484294114 999999937
333312 999999937
452335052 999999937
388013576 999999937
17890818 999999937
253606220732130807 999999937
0 1
190685211 999999937
111678456 999999937
117969264 999999937
674006831186383849 999999937
0 1
329583357 999999937
103460364 999999937
306654365 999999937
495688051958135958 999999937
499968 999999937
260707490 999999937
318710644 999999937
103932274 999999937
96581266375648615 999999937
499968 999999937
454310896 999999937
182440763 999999937
413041458 999999937
190830020765868742 999999937
0 1
383336677 999999937
229104790 999999937
495004415 999999937
548984001317950765 999999937
0 1
101007112 999999937
155035514 999999937
274235800 999999937
278892977500452081 999999937
0 1
444392856 999999937
300124166 999999937
461611383 999999937
512732269337150976 999999937
499968 999999937
253857884 999999937
398511625 999999937
243981926 999999937
275461468176980243 999999937
333312 999999937
40169380 999999937
115961160 999999937
86382419 999999937
519139888039502686 999999937
0 1
279044568 999999937
176186839 999999937
495135453 999999937
261569931969852443 999999937
0 1
7807693 999999937
231929803 999999937
124525647 999999937
354370451250483880 999999937
333312 999999937
340304135 999999937
204908823 999999937
98537322 999999937
390743512667947167 999999937
0 1
270358371 999999937
303875828 999999937
259007170 999999937
258207090699197225 999999937
0 1
456968117 999999937
308325756 999999937
81810840 999999937
47369229604536258 999999937
0 1
483871830 999999937
393868213 999999937
18091382 999999937
307355024535467210 999999937
0 1
36683715 999999937
194160549 999999937
162661507 999999937
113619944091073911 999999937
499968 999999937
283605588 999999937
143018456 999999937
406397208 999999937
180495390751363731 999999937
333312 999999937
368889312 999999937
434898903 999999937
490526722 999999937
354312301020132289 999999937
0 1
333275920 999999937
247526529 999999937
319681081 999999937
262939287942545684 999999937
0 1
164349478 999999937
80835952 999999937
5407612 999999937
8902305000253977 999999937
0 1
122049347 999999937
47680300 999999937
268918653 999999937
167738641203529904 999999937
0 1
78341836 999999937
136267958 999999937
277615946 999999937
702619288302293251 999999937
333312 999999937
308956087 999999937
341681968 999999937
230711238 999999937
3073052446827080 999999937
499968 999999937
75818512 999999937
390339610 999999937
332322017 999999937
69719399291636553 999999937
499968 999999937
377587291 999999937
94488003 999999937
431322134 999999937
425423993316525915 999999937
499968 999999937
454161890 999999937
162125965 999999937
426617252 999999937
196485052093065179 999999937
499968 999999937
83645806 999999937
417386106 999999937
54789314 999999937
334234269919145934 999999937
499968 999999937
61942945 999999937
40862772 999999937
122841256 999999937
139255812008675076 999999937
499968 999999937
481683037 999999937
332643830 999999937
386392358 999999937
41644788070060060 999999937
0 1
476428155 999999937
462567290 999999937
291315691 999999937
23690267874067341 999999937
0 1
20034273 999999937
479449524 999999937
278554986 999999937
479661153403024289 999999937
0 1
476986370 999999937
476913789 999999937
453212397 999999937
290469839177118691 999999937
0 1
23845584 999999937
297436886 999999937
409695062 999999937
338838321930523255 999999937
0 1
318313694 999999937
291528277 999999937
48168485 999999937
328799039819998657 999999937
0 1
475967804 999999937
145671333 999999937
323032094 999999937
170118938353043955 999999937
333312 999999937
353805410 999999937
481609424 999999937
403614509 999999937
295145273178256687 999999937
0 1
364292506 999999937
52510774 999999937
244357971 999999937
634582417997290823 999999937
0 1
459667582 999999937
231960949 999999937
141554983 999999937
155442801778274851 999999937
499968 999999937
239689165 999999937
182677076 999999937
306222254 999999937
288179776239272092 999999937
499968 999999937
246099482 999999937
241956009 999999937
60546596 999999937
137338361844793148 999999937
333312 999999937
237018209 999999937
69546328 999999937
132394936 999999937
533018922693460390 999999937
499968 999999937
8579705 999999937
355359629 999999937
25909532 999999937
572250901069263673 999999937
499968 999999937
324759714 999999937
83443695 999999937
196096030 999999937
43252071504715875 999999937
499968 999999937
72702444 999999937
213992522 999999937
142416270 999999937
196358072208102585 999999937
0 1
179637985 999999937
270684907 999999937
66914361 999999937
6473773204904746 999999937
0 1
302779873 999999937
391373611 999999937
471219176 999999937
319506149225951142 999999937
499968 999999937
258303169 999999937
414326810 999999937
472976108 999999937
146987746609962686 999999937
0 1
119668395 999999937
421760462 999999937
174542179 999999937
182143309818576984 999999937
499968 999999937
228625097 999999937
32638156 999999937
176819390 999999937
121022955187319887 999999937
499968 999999937
289805419 999999937
393222816 999999937
89394417 999999937
412129158500074709 999999937
333312 999999937
342633758 999999937
227114732 999999937
162188364 999999937
206003364921719005 999999937
333312 999999937
277943343 999999937
408503177 999999937
234292362 999999937
528308502802791722 999999937
499968 999999937
287814177 999999937
2986438 999999937
236724072 999999937
578848123020621264 999999937
333312 999999937
77252745 999999937
226179746 999999937
246325768 999999937
165964174958007825 999999937
0 1
209619263 999999937
282977704 999999937
352790672 999999937
132026749092503720 999999937
0 1
395476710 999999937
60371513 999999937
298306705 999999937
134603185159214383 999999937
0 1
116717906 999999937
218488814 999999937
324141060 999999937
152762765582622143 999999937
0 1
276290652 999999937
267652363 999999937
378839363 999999937
373015575146210000 999999937
0 1
457532857 999999937
457297730 999999937
379437467 999999937
173434586248498742 999999937
0 1
123922319 999999937
271801739 999999937
31729929 999999937
526195839860759049 999999937
0 1
333755950 999999937
9345852 999999937
430455036 999999937
94236112079877861 999999937
0 1
60256378 999999937
367396549 999999937
129026407 999999937
582914937174661139 999999937
499968 999999937
480576138 999999937
275826056 999999937
111364115 999999937
542672158219283668 999999937
333312 999999937
43232027 999999937
335536126 999999937
321465469 999999937
98080394754123182 999999937
0 1
437232467 999999937
337749662 999999937
196578855 999999937
185535325837379111 999999937
499968 999999937
413352822 999999937
385044638 999999937
277458863 999999937
542969342053756293 999999937
499968 999999937
206134824 999999937
169791483 999999937
120288622 999999937
244347336487427089 999999937
0 1
69568926 999999937
232996573 999999937
149606960 999999937
621792667824881934 999999937
0 1
343018791 999999937
439194566 999999937
183586986 999999937
29939354969461916 999999937
0 1
385915151 999999937
383485748 999999937
304594276 999999937
329353965164833880 999999937
0 1
390684910 999999937
16778573 999999937
395293578 999999937
848433346088899557 999999937
499968 999999937
434488549 999999937
487457317 999999937
193481690 999999937
94430616587868099 999999937
0 1
373834218 999999937
326334823 999999937
459453756 999999937
142973347433840320 999999937
0 1
310495656 999999937
400393002 999999937
62060810 999999937
170493907475318715 999999937
333312 999999937
244965165 999999937
214614653 999999937
244411025 999999937
93693625482616245 999999937
333312 999999937
220317042 999999937
235899147 999999937
77106059 999999937
748493112975764542 999999937
0 1
260252683 999999937
41130652 999999937
67666801 999999937
388616991566104542 999999937
499968 999999937
115289335 999999937
232692427 999999937
159852304 999999937
196575104297654070 999999937
0 1
330992889 999999937
280406556 999999937
366081551 999999937
280442984295549524 999999937
499968 999999937
37265463 999999937
186363655 999999937
259084692 999999937
75218976787604648 999999937
0 1
260597753 999999937
15796059 999999937
482415351 999999937
59197013415163550 999999937
333312 999999937
192707721 999999937
110174443 999999937
452375157 999999937
598145645298464675 999999937
0 1
359846136 999999937
395223699 999999937
75691456 999999937
31515870454748468 999999937
333312 999999937
264991634 999999937
384942140 999999937
446824033 999999937
370356136083401313 999999937
0 1
152668469 999999937
473744185 999999937
84679533 999999937
364084949094419221 999999937
0 1
491677604 999999937
296194141 999999937
366468608 999999937
609497450206039078 999999937
499968 999999937
145169662 999999937
490897889 999999937
262301912 999999937
400440111341540760 999999937
0 1
142126268 999999937
368049845 999999937
14537356 999999937
108880748146137251 999999937
499968 999999937
252319255 999999937
275321419 999999937
379405033 999999937
393644124886477137 999999937
0 1
90098097 999999937
113406176 999999937
411996059 999999937
240790045869437007 999999937
333312 999999937
78943421 999999937
345368338 999999937
462347485 999999937
5045233861006516 999999937
0 1
450777775 999999937
420501260 999999937
484222313 999999937
124562205738342114 999999937
0 1
259189669 999999937
283747627 999999937
407118186 999999937
141590170428480608 999999937
333312 999999937
400142037 999999937
6043654 999999937
384221915 999999937
612242091744845865 999999937
0 1
145193566 999999937
168300115 999999937
65399077 999999937
28142030903327774 999999937
333312 999999937
291689244 999999937
455169628 999999937
168571912 999999937
50921788471074240 999999937
333312 999999937
125197141 999999937
335811011 999999937
427278801 999999937
329649450028173862 999999937
499968 999999937
101064792 999999937
377786489 999999937
238934402 999999937
488386111100681786 999999937
499968 999999937
321581695 999999937
259280323 999999937
331390484 999999937
519032621337154369 999999937
0 1
131803287 999999937
60653553 999999937
424886945 999999937
113486230957052803 999999937
0 1
75095442 999999937
177967611 999999937
340898344 999999937
217868631003678291 999999937
333312 999999937
195872268 999999937
403894993 999999937
444719266 999999937
292114733902012694 999999937
499968 999999937
409151462 999999937
489815618 999999937
368831551 999999937
199907840887126811 999999937
0 1
84687491 999999937
373094082 999999937
356800616 999999937
787788290276869530 999999937
0 1
71094955 999999937
179818119 999999937
233497420 999999937
511566756236200421 999999937
0 1
233094051 999999937
176614984 999999937
494616677 999999937
101047135519832238 999999937
499968 999999937
209236605 999999937
16928442 999999937
133903514 999999937
605674927135469900 999999937
0 1
411255638 999999937
478379895 999999937
11675410 999999937
591591788619251450 999999937
499968 999999937
463054113 999999937
43263562 999999937
218386749 999999937
63183222496234477 999999937
0 1
393603894 999999937
384537286 999999937
215850665 999999937
744872350816173407 999999937
499968 999999937
469096675 999999937
249809879 999999937
152429628 999999937
293777569079729798 999999937
333312 999999937
458030160 999999937
392668637 999999937
286992881 999999937
65530607318807293 999999937
333312 999999937
44946030 999999937
3175550 999999937
499353320 999999937
724742477300027958 999999937
0 1
168187519 999999937
405641727 999999937
311229773 999999937
302236670045054625 999999937
499968 999999937
13601045 999999937
415829647 999999937
221348818 999999937
267400715918482771 999999937
0 1
44668190 999999937
387901136 999999937
12156421 999999937
248371470008479483 999999937
499968 999999937
105872238 999999937
140984903 999999937
34776251 999999937
139086399308354662 999999937
499968 999999937
466651076 999999937
391880626 999999937
64008610 999999937
239099898830386041 999999937
499968 999999937
479989937 999999937
346753737 999999937
73451428 999999937
132136454959968034 999999937
499968 999999937
237631755 999999937
122940100 999999937
275155772 999999937
540361239288230639 999999937
499968 999999937
132330688 999999937
286822853 999999937
139013787 999999937
111405837094207991 999999937
0 1
406989733 999999937
71607479 999999937
494076492 999999937
125487543079473610 999999937
499968 999999937
190563900 999999937
199434874 999999937
358726648 999999937
301396236725770781 999999937
0 1
230928151 999999937
241120203 999999937
159035100 999999937
27735737735605829 999999937
333312 999999937
421669957 999999937
39445417 999999937
393025645 999999937
794935077639661883 999999937
0 1
300489523 999999937
450317504 999999937
414348622 999999937
317707603868487888 999999937
0 1
53559374 999999937
318604472 999999937
485194299 999999937
150312181746015960 999999937
0 1
261769076 999999937
315744807 999999937
145555328 999999937
75114895416184745 999999937
0 1
302537292 999999937
58525914 999999937
220347821 999999937
45622271061456814 999999937
333312 999999937
31111093 999999937
318058777 999999937
156432581 999999937
380351980475457984 999999937
499968 999999937
91236997 999999937
112925933 999999937
46568619 999999937
349433331053762953 999999937
499968 999999937
212857201 999999937
360731344 999999937
185054627 999999937
503467177492235004 999999937
0 1
362858825 999999937
437463818 999999937
139759259 999999937
354424258613963817 999999937
0 1
274324384 999999937
123737669 999999937
297752924 999999937
554557870348996969 999999937
0 1
381366444 999999937
256433638 999999937
285640877 999999937
454041242707422373 999999937
0 1
122461146 999999937
294585225 999999937
215719088 999999937
275523058215207297 999999937
499968 999999937
30077390 999999937
282270239 999999937
276619369 999999937
45384620063976551 999999937
499968 999999937
1541897 999999937
494706646 999999937
25460251 999999937
510561410456355340 999999937
499968 999999937
207769478 999999937
217378723 999999937
487396609 999999937
106719022278869872 999999937
333312 999999937
113621094 999999937
92924494 999999937
149122499 999999937
147330478196963222 999999937
499968 999999937
469775616 999999937
282018050 999999937
354062565 999999937
304575166527526018 999999937
499968 999999937
382715985 999999937
479167868 999999937
379414152 999999937
60200248905336796 999999937
0 1
135671895 999999937
188126503 999999937
124890920 999999937
263887476774444106 999999937
333312 999999937
358315630 999999937
407582372 999999937
91331580 999999937
199255779514592333 999999937
499968 999999937
380721026 999999937
496533924 999999937
472336229 999999937
543264227319441032 999999937
0 1
482663825 999999937
21075521 999999937
258908575 999999937
35090782531574423 999999937
333312 999999937
5475008 999999937
120722301 999999937
428856582 999999937
420450247658404134 999999937
0 1
396351186 999999937
58693967 999999937
195539388 999999937
205954677947634654 999999937
333312 999999937
101778524 999999937
185637337 999999937
393852730 999999937
488828383047864379 999999937
499968 999999937
425795355 999999937
456443658 999999937
210852591 999999937
412103531941539497 999999937
0 1
410496640 999999937
242135625 999999937
219717226 999999937
98729264233914450 999999937
333312 999999937
52240572 999999937
219220995 999999937
249859471 999999937
44246634268176005 999999937
0 1
65401117 999999937
110317843 999999937
466142282 999999937
26584242130148641 999999937
0 1
129762572 999999937
354498032 999999937
180135824 999999937
733129714105311370 999999937
0 1
397600362 999999937
269840404 999999937
294667357 999999937
424638988767251273 999999937
0 1
173877978 999999937
120959657 999999937
354898441 999999937
433790521153644280 999999937
499968 999999937
342076080 999999937
263232460 999999937
46357785 999999937
33739558545755863 999999937
333312 999999937
3373721 999999937
230270722 999999937
152575085 999999937
171424587649319732 999999937
333312 999999937
280715164 999999937
307067095 999999937
380254867 999999937
81633988550829145 999999937
0 1
187731439 999999937
189020764 999999937
455402015 999999937
313306855924458398 999999937
333312 999999937
338480348 999999937
131740023 999999937
133710353 999999937
308318966875093478 999999937
333312 999999937
284819221 999999937
158618253 999999937
418529973 999999937
100678602894317086 999999937
333312 999999937
274296153 999999937
107852579 999999937
336588121 999999937
59669526439349814 999999937
333312 999999937
413133851 999999937
6150387 999999937
49360284 999999937
455905094139398552 999999937
0 1
64963794 999999937
410099738 999999937
189009908 999999937
25644351267861692 999999937
499968 999999937
197942458 999999937
39612549 999999937
367018722 999999937
220932166446128797 999999937
333312 999999937
311145381 999999937
233020255 999999937
211055537 999999937
340070975119980299 999999937
499968 999999937
322744558 999999937
97880199 999999937
148782963 999999937
83664040396097557 999999937
499968 999999937
490617057 999999937
111931395 999999937
120212558 999999937
51836171136695853 999999937
0 1
141297641 999999937
397753346 999999937
398039722 999999937
39016025578246055 999999937
333312 999999937
335644693 999999937
491742434 999999937
482235482 999999937
878272946552570209 999999937
333312 999999937
481950429 999999937
174517377 999999937
217560228 999999937
764774637673630070 999999937
0 1
27789913 999999937
141524794 999999937
20697372 999999937
98912102029756328 999999937
333312 999999937
225323071 999999937
175088617 999999937
220737346 999999937
130916890028180520 999999937
333312 999999937
135451846 999999937
98604653 999999937
241761603 999999937
523597224599711286 999999937
333312 999999937
292532150 999999937
69269674 999999937
485421534 999999937
249169625830633020 999999937
0 1
267972152 999999937
15086193 999999937
303364443 999999937
108156616276068704 999999937
333312 999999937
186687078 999999937
29011237 999999937
247315809 999999937
380094281170390077 999999937
333312 999999937
242845661 999999937
36016539 999999937
48904456 999999937
187128524936801307 999999937
0 1
130936580 999999937
37376594 999999937
492787294 999999937
290271407477701135 999999937
333312 999999937
240108518 999999937
164938392 999999937
7790175 999999937
77262268069038510 999999937
333312 999999937
118073221 999999937
350189875 999999937
332243565 999999937
415111845072987129 999999937
333312 999999937
487245878 999999937
417791693 999999937
479187372 999999937
771861326829008017 999999937
0 1
4143934 999999937
240636515 999999937
68946357 999999937
129299301339052896 999999937
0 1
11810550 999999937
209497719 999999937
34058681 999999937
170527092508458472 999999937
333312 999999937
388552159 999999937
126290192 999999937
435365190 999999937
453791934381512106 999999937
0 1
493693827 999999937
276287235 999999937
293239269 999999937
478025215339030989 999999937
499968 999999937
245682356 999999937
272559419 999999937
347408329 999999937
122886331225626309 999999937
499968 999999937
59137522 999999937
17919145 999999937
295698916 999999937
643811544021326330 999999937
333312 999999937
384900065 999999937
54487121 999999937
467140042 999999937
120356576966315493 999999937
333312 999999937
296381235 999999937
451075262 999999937
97675970 999999937
11260211368628244 999999937
0 1
337390078 999999937
117663620 999999937
413587542 999999937
59759973078567873 999999937
333312 999999937
309742492 999999937
476175968 999999937
419754282 999999937
271069271277061996 999999937
0 1
162592543 999999937
174225370 999999937
134054179 999999937
19093784486166765 999999937
499968 999999937
81770310 999999937
435324034 999999937
191161613 999999937
