0 1
0 1
1 1
0 1
250003 2
40001 2
0 1
0 1
0 1
0 1
0 1
1 2
0 1
0 1
0 1
12162889272431 500000000
0 1
34245599 250000000
102750537 62500000
4337111 1000000000
689742165807 125000000
333356667 500000000
439738493 500000000
1642240589 1000000000
369802329 1000000000
22758666011 25000000
0 1
92245271 125000000
219991951 125000000
253390413 500000000
113425252933 25000000
249973333 250000000
48938939 200000000
443244127 250000000
220571209 1000000000
115549 1250
0 1
34733289 100000000
30227 25000
18047 20000
325513370623 62500000
0 1
134755949 500000000
266165897 250000000
219368483 500000000
93655757069 1000000000
499924999 500000000
1539133 12500000
8041 6250
669896699 1000000000
6474515910187 250000000
0 1
82728243 500000000
990435767 500000000
41944527 250000000
890276549591 200000000
0 1
416419349 500000000
73205717 62500000
49177 50000
7023983321003 1000000000
0 1
356011933 500000000
1819476193 1000000000
77397779 200000000
10699772306263 1000000000
0 1
2413057 8000000
83739191 62500000
194835421 1000000000
2166685874521 1000000000
666706667 1000000000
108 625
571759461 500000000
42744129 50000000
351039358841 100000000
36667 250000000
33806991 50000000
236376137 200000000
4510707 5000000
2323374609903 500000000
0 1
482782371 500000000
8339 5000
43308863 500000000
2235244467251 500000000
0 1
861641 15625000
1267641599 1000000000
7440623 62500000
2587596153883 500000000
0 1
16901873 125000000
317312083 250000000
316580417 1000000000
1264710817631 50000000
1 2
24295887 250000000
254153447 250000000
48331651 50000000
4858001039737 250000000
0 1
21904047 31250000
634678809 500000000
5863511 100000000
930036632651 1000000000
0 1
632621 25000000
2972691 1562500
358640887 500000000
511204368233 25000000
0 1
1473 20000
189431279 125000000
3249 6250
831784490583 500000000
133366667 200000000
36229063 40000000
243324717 200000000
200673 62500000
1247681005687 1000000000
666463331 1000000000
8666873 62500000
36409 25000
175569609 500000000
21675286147 8000000
0 1
16489369 25000000
227341023 200000000
20829809 40000000
3023535813301 500000000
246669 1000000000
52517371 250000000
152053833 125000000
3331131 10000000
161965203729 1000000000
0 1
938370279 1000000000
1918024311 1000000000
16873757 125000000
3622951001583 500000000
666569999 1000000000
901774513 1000000000
258100543 250000000
36429127 50000000
121092639371 125000000
0 1
258574413 500000000
390962513 250000000
32608497 200000000
28320966387 20000000
1 2
74777537 100000000
48981127 25000000
17072743 125000000
622428191119 250000000
0 1
117540403 250000000
921990237 500000000
329482231 500000000
336900807577 125000000
6667 10000
35167377 62500000
370829309 200000000
838443687 1000000000
130490758171 50000000
110001 1000000000
93999651 250000000
35423859 25000000
15398293 62500000
13841779196247 500000000
0 1
16393519 62500000
1874564503 1000000000
13129051 500000000
298536342813 50000000
0 1
3330681 62500000
1539181703 1000000000
15822161 500000000
211702389 20000
0 1
5387519 31250000
970096573 500000000
98129 100000
113586971 10000
0 1
44172871 1000000000
1588021917 1000000000
380881131 1000000000
3989027568923 250000000
0 1
34646119 1000000000
378772681 200000000
212300021 500000000
345607947 100000
333323333 1000000000
1485397 10000000
448557169 250000000
219822859 250000000
6272693392053 250000000
133303333 200000000
32682859 125000000
485357801 250000000
208604437 500000000
6784777102297 1000000000
0 1
1 1
1403592583 1000000000
36803557 100000000
40055615334423 1000000000
0 1
495505047 500000000
1120826243 1000000000
485900037 1000000000
1708663809193 1000000000
0 1
407067191 500000000
21253873 12500000
8441 10000
100898186961 50000000
0 1
3734327 5000000
127747497 125000000
13973 25000
428111529 400000
1 2
495078411 500000000
23773901 12500000
64113011 250000000
14671079681 125000000
1 2
903 2000
484135569 250000000
54314067 125000000
491960846889 1000000000
0 1
73314397 200000000
31495691 31250000
5979491 15625000
2665993282887 1000000000
0 1
77081229 125000000
860891623 500000000
11651 50000
391644854919 250000000
0 1
105103609 125000000
391041129 250000000
68367073 500000000
58090364409 100000000
0 1
38590969 200000000
436169713 250000000
89193489 1000000000
501989794811 125000000
0 1
45858019 62500000
379086249 250000000
183541363 250000000
1152763791407 500000000
0 1
513425757 1000000000
11891 10000
39693297 1000000000
5627073669399 1000000000
83298333 250000000
222453209 500000000
6319439 4000000
71996139 125000000
2624767173 40000000
0 1
342359841 500000000
1270831197 1000000000
115762731 500000000
3273721657471 1000000000
1 2
174071909 1000000000
101226923 62500000
36150897 40000000
347091283837 200000000
0 1
91486989 250000000
109085171 100000000
110796311 500000000
12846671749 50000000
1 2
202017831 500000000
25889 25000
436752351 500000000
857332280189 100000000
333318333 500000000
707464393 1000000000
991251437 500000000
6793123 50000000
869415437731 250000000
0 1
21793 100000
893822023 500000000
2533 3125
736446799377 500000000
0 1
82947659 250000000
659394783 500000000
585698977 1000000000
666421106367 125000000
166559999 500000000
31525953 250000000
193729683 125000000
24224947 31250000
216259849 50000
0 1
423332293 1000000000
189805519 125000000
0 1
4941802701 100000000
0 1
34335327 62500000
237479067 200000000
617568151 1000000000
1197892159439 250000000
0 1
55765947 125000000
777231959 500000000
93329553 100000000
981035789 50000
1 2
361388937 1000000000
78470319 62500000
46951729 125000000
156398074371 125000000
333059997 1000000000
32689301 100000000
8043 5000
632951 781250
97009581 25000
0 1
120215157 125000000
182383417 125000000
10372491 40000000
8010976210991 200000000
333323333 1000000000
225815259 250000000
208913821 125000000
163618603 250000000
3165849749 1953125
0 1
125721473 200000000
141447239 125000000
381578217 500000000
16964490357 3125000
0 1
175216933 500000000
125344177 125000000
240380493 250000000
310742484717 125000000
1 2
76666157 200000000
5634663 3906250
150612963 200000000
1547596010983 200000000
1 2
185392087 250000000
46238307 31250000
256198803 1000000000
258687445293 8000000
999983333 1000000000
5770031 125000000
272444349 200000000
2919859 5000000
8303289949287 100000000
0 1
250495343 500000000
814755389 500000000
1963 100000
1454825139519 500000000
0 1
600468037 1000000000
552435059 500000000
48466751 125000000
1017785788999 500000000
1 100000
17525179 50000000
748472201 500000000
913208401 1000000000
529839099971 200000000
0 1
403906301 500000000
30926657 25000000
147515631 500000000
16694403118427 1000000000
0 1
408806187 500000000
464951493 250000000
21475103 25000000
1045199648071 500000000
0 1
9379 25000
1765503833 1000000000
111485319 125000000
1113234842887 250000000
133364667 200000000
344788509 500000000
38793 20000
189426149 250000000
754175147897 125000000
0 1
23820429 40000000
211647411 200000000
40423 100000
18851284976373 500000000
1 2
143038757 200000000
362992447 200000000
51658031 500000000
11419269993 5000000
66639333 200000000
29950279 40000000
1651 1000
31460909 125000000
6034635011111 1000000000
0 1
416885749 500000000
725992949 500000000
41035327 500000000
1331690989677 500000000
0 1
110984487 125000000
1788979647 1000000000
641828093 1000000000
450992088641 250000000
0 1
63175667 250000000
903120137 500000000
99575433 200000000
11560091 10000
999993333 1000000000
229869539 250000000
301278421 200000000
58298693 62500000
235231960693 200000000
333249999 1000000000
125807997 500000000
891389407 500000000
139 2500
1094073087661 1000000000
41635833 125000000
151746857 500000000
915463757 500000000
23049599 100000000
4623529 1000
666820001 1000000000
150800139 1000000000
604485881 500000000
45944043 500000000
46213611747 250000000
0 1
636226331 1000000000
469620011 250000000
14094563 62500000
81979633391 20000000
0 1
446 625
420921779 250000000
155477763 200000000
843497539839 62500000
0 1
93168487 1000000000
220281567 200000000
231873791 250000000
1296324922389 125000000
1 2
130693011 250000000
39461 25000
374535651 500000000
122493569149 50000000
0 1
441053351 500000000
864540777 500000000
430909703 500000000
155264918353 200000000
0 1
160152443 250000000
972158623 500000000
46024081 200000000
2249053141229 500000000
666579999 1000000000
74696209 125000000
131803587 125000000
1811 25000
840104945573 50000000
0 1
287 2500
96137869 50000000
778325339 1000000000
304165441 20000
1 2
29689077 100000000
84733309 50000000
37882129 125000000
1822705381 100000
0 1
184237767 500000000
1679319649 1000000000
373108861 500000000
4399369887831 1000000000
0 1
17098987 50000000
415269617 250000000
329310667 500000000
4041103815107 250000000
0 1
111791517 1000000000
717036399 500000000
20642483 100000000
659308780827 500000000
0 1
415963 20000000
194519523 125000000
95326751 500000000
542306382121 200000000
0 1
84247051 100000000
33635447 25000000
28102131 62500000
137444186597 50000000
0 1
95604529 500000000
154319829 125000000
29494161 40000000
304719510209 250000000
999929999 1000000000
420193359 500000000
312152279 200000000
38649121 250000000
33773061803 8000000
0 1
34182543 250000000
1786966421 1000000000
42916947 100000000
409645933177 125000000
0 1
434651019 500000000
20362809 12500000
7470327 125000000
504671355229 1000000000
0 1
412916453 500000000
425369263 250000000
235791479 1000000000
50552598261 100000000
0 1
356056739 1000000000
24923193 20000000
18034429 25000000
790377530151 62500000
0 1
201777167 1000000000
851738153 500000000
459307221 500000000
718477791163 100000000
0 1
479229243 500000000
1445211977 1000000000
3203 6250
94456291263 40000000
0 1
6359949 250000000
1918415963 1000000000
27268761 250000000
65871313 50000
0 1
420718201 500000000
1265161839 1000000000
569813637 1000000000
1189677433 100000
166716667 500000000
37206807 62500000
1968021201 1000000000
789 1250
275739643 25000
1 2
8850773 10000000
4453211 3125000
938455583 1000000000
5856749 12500
0 1
103550523 200000000
1803668087 1000000000
171496909 250000000
780699287027 500000000
0 1
85869883 200000000
13313 12500
10469449 125000000
4564931 2000
333386667 1000000000
123235221 500000000
106677143 100000000
9854293 250000000
3906489884603 500000000
1 2
28327 100000
923463633 500000000
2009939 20000000
212685309 25000
0 1
289751181 500000000
3506021 2500000
32965747 200000000
4390011793 250000000
0 1
462169423 1000000000
263318799 250000000
11318897 12500000
2212027 10000
0 1
180925499 200000000
877657491 500000000
160646277 250000000
1897211759459 250000000
26667 1000000000
134501803 500000000
408761677 250000000
16679547 125000000
1239466889 100000
0 1
303688201 500000000
30566003 15625000
843740507 1000000000
3708859712777 1000000000
0 1
44897 50000
450675587 250000000
161159233 1000000000
103952637993 100000000
0 1
404545077 500000000
495956899 250000000
70869 100000
664878447017 50000000
0 1
679907271 1000000000
377182239 200000000
166397421 500000000
115339230447 40000000
0 1
91404991 1000000000
346157849 250000000
16689881 25000000
56479577 25000
499904999 500000000
724445631 1000000000
236666183 200000000
113646487 500000000
145568536033 50000000
666696667 1000000000
144988269 250000000
1934808587 1000000000
166695341 250000000
4256339679913 500000000
0 1
124456541 250000000
182262803 125000000
224915021 500000000
250786246591 125000000
166628333 500000000
43001113 500000000
29167 20000
852151339 1000000000
25097446957 25000000
0 1
81431107 1000000000
25207 25000
178412507 200000000
4310891231633 1000000000
0 1
373894329 1000000000
775521777 500000000
87164489 500000000
63383463 10000
0 1
581634589 1000000000
32426017 31250000
49051653 50000000
396632634821 250000000
0 1
123258141 200000000
71152099 62500000
14528189 50000000
76746616967 200000000
0 1
225171777 250000000
778972153 500000000
13664557 62500000
92090221 25000
333249999 1000000000
769618571 1000000000
232853343 125000000
3102599 62500000
18156697062821 1000000000
0 1
786909831 1000000000
149173607 100000000
84221333 125000000
13091090462751 500000000
0 1
78855833 100000000
593195483 500000000
948683973 1000000000
7518126030823 250000000
666653333 1000000000
8731843 15625000
933879029 500000000
26343081 50000000
51448995917 15625000
0 1
441153439 1000000000
339584847 250000000
449628647 500000000
4327275353 100000
0 1
9747593 250000000
513953897 500000000
369965271 500000000
4049545619957 500000000
0 1
18147883 62500000
97201943 50000000
6715603 250000000
166586925581 500000000
36667 200000000
21767751 250000000
2733 2500
22844217 250000000
139715491029 62500000
666643333 1000000000
649962669 1000000000
267820257 250000000
21057 100000
1819508348399 1000000000
1 2
84705029 100000000
104964253 100000000
10131107 200000000
2917149947693 1000000000
1 2
5186759 250000000
5398 3125
11842193 62500000
100128577 20000
0 1
78461387 250000000
164167 100000
11 100000
1364876400651 250000000
666589999 1000000000
56821011 200000000
1459488791 1000000000
43864403 200000000
909703688763 250000000
0 1
40013611 50000000
1 1
5307 10000
2526746568261 250000000
0 1
15083093 125000000
65288827 40000000
20459 100000
99451323804061 1000000000
0 1
249386897 1000000000
116428897 62500000
249999323 500000000
4426137 400
0 1
25531 50000
907563251 500000000
902880707 1000000000
307197355167 200000000
83313333 250000000
7253 10000
133815339 100000000
74584197 200000000
23780610443 20000000
0 1
2009 5000
1966083569 1000000000
109977471 250000000
257675879 100000
0 1
1431717 100000000
1549656267 1000000000
275166259 500000000
5273418779 2500000
0 1
14761431 250000000
366441863 250000000
179230271 1000000000
19762719728587 1000000000
1 2
311 12500
202544553 200000000
190948631 250000000
56887947099 250000000
166569999 500000000
56851859 100000000
941715143 500000000
14697 50000
72039587 6250
0 1
31502143 125000000
432628167 250000000
19764953 40000000
20742679 25000
0 1
76589509 200000000
262660007 250000000
139346519 1000000000
3190022196333 125000000
0 1
116855977 1000000000
801462233 500000000
980909863 1000000000
455466007689 125000000
0 1
4493551 25000000
73236817 40000000
151865871 500000000
1865246075793 500000000
333376667 1000000000
49985661 100000000
201450163 200000000
158193519 250000000
106377023 12500
0 1
8319263 100000000
40669447 25000000
26068173 125000000
256261191749 200000000
0 1
66261911 200000000
898550649 500000000
144962311 250000000
713730585611 250000000
333396667 1000000000
418756619 500000000
180138147 100000000
48066259 125000000
5952237543359 500000000
0 1
5487997 100000000
183506367 125000000
95718797 100000000
2143866865923 1000000000
0 1
86348747 100000000
34326001 25000000
185957493 500000000
174330836923097 1000000000
1 2
53001 100000
9939111 5000000
180356217 250000000
1532828221347 250000000
0 1
53476507 62500000
332370161 200000000
481463467 500000000
28177405331 3906250
0 1
33027567 500000000
47570409 40000000
447471 125000000
27851820757387 1000000000
0 1
19694309 20000000
39204427 25000000
159864489 250000000
97715472917 100000000
0 1
234281363 250000000
652212483 500000000
380173789 1000000000
288400859223 62500000
0 1
771 2500
54503881 50000000
38125671 62500000
2779961979 781250
0 1
1236669 7812500
8789 6250
159332679 200000000
2990844576573 250000000
0 1
451764099 1000000000
12829 12500
59425437 100000000
697429048373 250000000
999783331 1000000000
241661737 250000000
29063 20000
22165059 25000000
20340440553527 1000000000
1 2
723730733 1000000000
812783347 500000000
26037 50000
284024484679 15625000
0 1
31464959 125000000
789 400
787073237 1000000000
17466687195517 250000000
0 1
60902659 62500000
1685227793 1000000000
64400207 100000000
295184437291 100000000
1 2
30447913 40000000
77523 50000
113827169 200000000
8219873408613 1000000000
0 1
33745561 200000000
35661779 25000000
2337 6250
159884697521 50000000
1 20000
2869431 15625000
244646991 200000000
50122983 250000000
554748338167 125000000
1 2
90377 100000
1918169823 1000000000
215785073 500000000
5783639014799 250000000
0 1
39834231 40000000
229281083 125000000
70401523 250000000
40950146711 50000000
0 1
14686377 20000000
1769889091 1000000000
20811519 25000000
187987979331 31250000
0 1
36708593 250000000
295548909 250000000
359199691 500000000
210042330409 250000000
0 1
7035337 62500000
3109802 1953125
62074729 125000000
447770795099 250000000
166628333 500000000
222689951 250000000
108266121 100000000
385668193 500000000
11297929177319 500000000
0 1
32140913 100000000
852869669 500000000
20735517 500000000
176513611079 10000000
0 1
219842879 250000000
98471 50000
2179 4000
66304473 20000
0 1
219433811 250000000
838468169 500000000
417245097 500000000
5319234021293 1000000000
0 1
42405423 62500000
384800673 250000000
86116913 100000000
2137243309621 250000000
166653333 500000000
194305249 200000000
131051331 100000000
54763009 62500000
14781917 12500
166711667 250000000
1 1
1737606841 1000000000
12848623 50000000
1312067251659 1000000000
0 1
67091 625000
508599633 500000000
4053587 6250000
792602827533 500000000
0 1
819459 31250000
1 1
2013 3125
3299844267611 1000000000
0 1
497927191 500000000
69153 50000
35409033 250000000
7470736185211 200000000
999793331 1000000000
425514341 500000000
1 1
75953357 125000000
11174723262789 250000000
0 1
7367313 100000000
493238417 250000000
15214967 15625000
26909282187021 1000000000
0 1
106253 125000000
1254919317 1000000000
869120901 1000000000
3281373287 100000
0 1
312017233 1000000000
319148441 250000000
395548147 1000000000
286205335341 125000000
0 1
15272767 125000000
311834263 250000000
2188963 12500000
94234281623 25000000
333396667 1000000000
10921 50000
260986439 200000000
11369 25000
3420778035821 100000000
1 2
102541873 125000000
599651141 500000000
12941209 20000000
279120039539 250000000
0 1
13405999 62500000
323695857 250000000
39041323 50000000
577433928793 100000000
333229999 500000000
81576441 200000000
34762497 31250000
457354149 1000000000
809879951493 200000000
0 1
35037751 50000000
85455679 62500000
390798523 500000000
385414125401 500000000
1 2
898711831 1000000000
561567061 500000000
210180707 250000000
3399635249311 125000000
0 1
110225023 500000000
1690380147 1000000000
13279903 25000000
2148122382021 40000000
1 2
280009509 500000000
497420807 250000000
107301697 1000000000
55320060633 20000000
333576669 1000000000
201231801 250000000
1979935883 1000000000
14225527 15625000
116828138591 250000000
0 1
24006257 25000000
28213163 25000000
142996311 200000000
26380609 10000
0 1
62956603 125000000
90694727 50000000
257336019 500000000
118892050199 250000000
0 1
6239211 12500000
1480478291 1000000000
61155277 250000000
89351365584863 1000000000
333576669 1000000000
484907759 500000000
732468391 500000000
2514137 100000000
3239 1
6667 20000
231191527 500000000
3198483 1953125
683051523 1000000000
70245614507 100000000
1 2
262416091 500000000
48361757 31250000
16754661 62500000
50409619283 125000000
0 1
114795259 250000000
794939107 500000000
61049819 200000000
1387347000503 500000000
1 2
56840611 200000000
1698242737 1000000000
193033831 200000000
233516860207 500000000
999909999 1000000000
2725953 3906250
288126423 200000000
1108957 62500000
3249821821249 1000000000
0 1
203137581 250000000
8932249 5000000
20968857 25000000
1958583593499 50000000
83371667 250000000
261278843 500000000
567732541 500000000
5709 20000
64390985601 20000000
1 2
42077421 62500000
151648203 100000000
107300529 250000000
53086161539 125000000
0 1
203431769 250000000
368045579 200000000
280446329 500000000
2350900903 1562500
1 2
29646043 200000000
1796944369 1000000000
10703 50000
44594210347 6250000
1 2
401967221 500000000
26350347 20000000
40691311 100000000
132672224593 500000000
1 2
84011067 125000000
290487237 250000000
10330857 50000000
2922294536391 62500000
333313333 500000000
24621921 31250000
38399587 31250000
456407413 500000000
182854416941 500000000
0 1
4901 20000
59251917 31250000
154037147 200000000
290205468501 250000000
0 1
31091 50000
254278253 250000000
119783499 125000000
3641651080677 50000000
666653333 1000000000
60408209 1000000000
345295471 250000000
301072313 500000000
30602981127 3906250
0 1
16071953 31250000
75021997 40000000
455753259 500000000
16824824021 31250000
0 1
17482773 250000000
15088497 7812500
373212003 1000000000
348375379 1953125
1 2
390143173 1000000000
185677161 100000000
296124987 1000000000
4833750553397 500000000
0 1
89836471 125000000
163625977 100000000
96738743 250000000
77833073089 25000000
0 1
388113421 500000000
17980083 12500000
722949 20000000
373119891751 125000000
0 1
95271971 125000000
709338713 500000000
141256533 200000000
3315214067229 500000000
0 1
70141 100000
1829641329 1000000000
4953607 62500000
1395831221553 125000000
0 1
185090403 250000000
79079679 50000000
183902003 500000000
195314882953 50000000
0 1
70485787 250000000
1620962153 1000000000
99051277 500000000
129360446301 125000000
666780001 1000000000
29373447 50000000
98700733 62500000
287573693 500000000
1601147440461 250000000
33333 100000
75082887 100000000
50614189 40000000
114247147 1000000000
114768161339 62500000
1 2
353881933 500000000
818923361 500000000
230651131 500000000
100442020317 125000000
0 1
100265489 1000000000
238535187 125000000
453528869 500000000
9261797661 10000000
0 1
10777 12500
584963629 500000000
53904301 250000000
1842601501257 500000000
1 2
226471191 500000000
49397659 25000000
16743903 62500000
53565420379 250000000
0 1
780954601 1000000000
120316777 62500000
6301 20000
2230107680907 1000000000
0 1
9858031 500000000
779766533 500000000
6334157 50000000
54969441 10000
0 1
458767 1953125
1211713459 1000000000
883836559 1000000000
4540862147 62500000
83305833 250000000
439116183 500000000
222624543 125000000
3116227 100000000
661310861 10000000
666653333 1000000000
204429367 250000000
1704192471 1000000000
40870669 500000000
324829866181 50000000
41700417 125000000
4093 12500
1790801161 1000000000
406817629 500000000
452822498257 100000000
666599999 1000000000
26633923 250000000
27941 25000
74835999 100000000
31185534047407 500000000
0 1
801 25000
104955243 100000000
105911613 125000000
618709992869 500000000
0 1
8560433 200000000
720268173 500000000
171980951 250000000
480307881563 15625000
1 2
2587 20000
22561069 12500000
49389267 500000000
449029537 25000
249965833 250000000
79898137 100000000
217359247 125000000
52045691 200000000
4248314909287 1000000000
44167 250000000
421167019 500000000
324914227 250000000
27645391 62500000
29596438689 125000000
0 1
300544703 1000000000
468229629 250000000
137824889 500000000
184044110197 500000000
0 1
235556507 250000000
481469547 250000000
93329993 125000000
154114091659 62500000
333386667 1000000000
236944479 250000000
105187753 62500000
118741709 500000000
308127564097 200000000
0 1
28351391 40000000
163409 100000
77544773 125000000
7796339 25000
1 2
177693651 250000000
31253 25000
162800147 500000000
383908187 20000
0 1
57673 100000
360091383 250000000
99661387 200000000
563351341917 500000000
0 1
280198973 500000000
523579649 500000000
128132417 500000000
27385356374459 1000000000
0 1
918953053 1000000000
69810089 50000000
449264983 1000000000
634234378613 250000000
0 1
555053299 1000000000
1574179919 1000000000
4579433 6250000
608201891861 250000000
0 1
431073383 500000000
1122919243 1000000000
136938967 200000000
209919999903 125000000
0 1
45727271 62500000
364774281 250000000
791339481 1000000000
132366847449 100000000
0 1
509962423 1000000000
1159382039 1000000000
1754311 31250000
3995724852041 1000000000
0 1
64430813 125000000
21284243 15625000
54921327 250000000
5344227602451 1000000000
499973333 500000000
51742553 200000000
41957 25000
973553939 1000000000
336467024407 125000000
0 1
509238513 1000000000
1811101183 1000000000
204122873 500000000
370186947077 250000000
0 1
315529877 500000000
97076881 50000000
20624151 100000000
526642854731 31250000
1 2
999605143 1000000000
1977943677 1000000000
43362921 1000000000
649728045921 250000000
999983333 1000000000
129993569 200000000
253129969 200000000
2431069 50000000
250127581039 40000000
0 1
89817599 250000000
1268256481 1000000000
565147561 1000000000
13016958727669 1000000000
0 1
480714421 1000000000
17889 12500
58632789 250000000
3875776169 3906250
0 1
9558153 1000000000
206158039 200000000
45926221 125000000
1432585078149 250000000
0 1
300705669 1000000000
225203131 200000000
179262039 250000000
390843781 100000
166648333 500000000
26918083 31250000
532696021 500000000
105033587 500000000
10561856730299 1000000000
0 1
95848449 250000000
347839331 200000000
76531413 125000000
687931425219 200000000
666906669 1000000000
533967713 1000000000
109841 100000
481819273 1000000000
89562042957 62500000
1 2
123508051 125000000
225423617 200000000
1528659 20000000
789943547891 500000000
0 1
68296863 250000000
805356673 500000000
139336273 250000000
9544999293 25000000
0 1
31641801 40000000
7445803 3906250
69756907 500000000
112539791097 200000000
999773331 1000000000
412656217 1000000000
594088839 500000000
974113 2500000
121825171907 500000000
0 1
3034689 125000000
90619 50000
22787 25000
133482267839 250000000
33333 100000
122269099 125000000
180735421 125000000
484840041 1000000000
4055190586001 500000000
0 1
27431247 250000000
14977 10000
719096161 1000000000
77121039489 20000000
0 1
169906617 1000000000
221303869 125000000
726469 1000000
807013959737 250000000
1 2
888765269 1000000000
110682883 100000000
670508783 1000000000
2039421509 3125000
0 1
9357 12500
281831641 200000000
81928351 125000000
916334153443 500000000
0 1
5663 10000
342818269 250000000
128253651 500000000
299660682253 125000000
0 1
227482319 500000000
1558308881 1000000000
1429 2500
232986808201 250000000
0 1
64012051 250000000
3870656 1953125
1533 4000
255522912869 20000000
0 1
513104243 1000000000
151484741 125000000
22560827 31250000
850903613711 1000000000
1 2
334563833 500000000
43372491 25000000
148377887 200000000
486585593373 500000000
666579999 1000000000
159135921 250000000
71791829 50000000
470123843 500000000
180413741 50000
41667 250000000
21240141 125000000
391359359 250000000
241 25000
227752897661 50000000
0 1
68017541 125000000
390433417 200000000
241674851 1000000000
167465041 50000
499978333 500000000
23520077 100000000
1969688507 1000000000
14892619 31250000
186479487841 500000000
0 1
12187 12500
28219 25000
197953651 200000000
2004011921087 200000000
0 1
984045817 1000000000
184383 100000
183903351 250000000
969107148251 62500000
0 1
150981647 500000000
821026783 500000000
7693353 12500000
586173256651 500000000
46667 1000000000
806680077 1000000000
273129291 200000000
51170567 100000000
409133271573 250000000
0 1
2619589 15625000
138417843 100000000
94820231 100000000
1588869426343 500000000
0 1
619022439 1000000000
1834888879 1000000000
20155781 100000000
68125381 6250
1 2
79639181 100000000
63364453 40000000
1058843 5000000
16440432579949 500000000
0 1
4924741 8000000
315285429 250000000
25052201 1000000000
2375945765567 1000000000
1 2
83226931 100000000
291705073 250000000
94907299 500000000
3212410697857 200000000
1 2
18908981 50000000
965370097 500000000
93502621 125000000
137692657787 100000000
0 1
37789 50000
286493731 250000000
34578613 40000000
592477295359 250000000
1 2
163491513 1000000000
532701681 500000000
236554951 250000000
355881729793 200000000
0 1
2809333 12500000
210462587 125000000
10495461 125000000
85680419543 62500000
0 1
106976451 500000000
400158411 250000000
478488839 500000000
938972179513 125000000
66637333 200000000
19140143 20000000
1499721003 1000000000
28607 50000
7893133475107 500000000
666653333 1000000000
60988691 250000000
652548633 500000000
164218101 250000000
31867106960931 500000000
0 1
3139567 250000000
810960693 500000000
2071599 2500000
110736990563 62500000
0 1
696292269 1000000000
1777664353 1000000000
120420941 200000000
5502684269123 1000000000
0 1
21867467 200000000
32957 25000
27054033 125000000
31675721411 25000000
0 1
66218689 500000000
210639987 200000000
283 1000
762568132637 100000000
0 1
53984229 250000000
35801597 31250000
30147301 31250000
2413524282879 500000000
166711667 500000000
12200723 25000000
879298823 500000000
201166613 250000000
1256926408223 250000000
0 1
42598627 250000000
43628949 31250000
32796317 100000000
150533644497 125000000
0 1
110356533 125000000
187332293 125000000
112468493 250000000
6948086720437 500000000
0 1
10869 20000
837569853 500000000
1193 10000
5994045727937 500000000
0 1
774056477 1000000000
339936717 250000000
248332027 1000000000
270548378529 1000000000
0 1
214342101 250000000
1744064341 1000000000
413891997 500000000
279071344413 125000000
0 1
180204193 250000000
1185835649 1000000000
69177 200000
68834097817 40000000
666696667 1000000000
489610329 500000000
298632669 250000000
274587207 500000000
31865972619 100000000
0 1
6786639 12500000
109646783 62500000
46091 50000
463126220711 31250000
199965333 200000000
101974837 200000000
150915099 125000000
352506509 500000000
4397420941379 1000000000
333269999 1000000000
231333043 500000000
197790479 100000000
354794523 1000000000
7162237 2000
0 1
171371441 200000000
114769059 100000000
11922981 12500000
20303133866817 500000000
333239999 1000000000
88956663 250000000
1839800577 1000000000
75329893 100000000
386138563243 250000000
124968333 125000000
29839401 31250000
928705497 500000000
24081979 50000000
10002121 12500
0 1
86425579 125000000
329137161 250000000
181348391 500000000
92074246109 31250000
999973333 1000000000
884505377 1000000000
83097 50000
447 3125
180924279429 250000000
1 100000
14926097 15625000
142427247 125000000
67965091 125000000
2185775045231 500000000
31667 250000000
22811993 1000000000
112735567 62500000
88368461 125000000
2265799322383 100000000
666653333 1000000000
88736241 100000000
29907 25000
120252151 125000000
585871255429 250000000
0 1
7990917 500000000
202582407 200000000
567091329 1000000000
577889803913 10000000
166638333 500000000
193617517 250000000
430247259 250000000
11207 25000
1924798 625
0 1
11534979 125000000
239824789 200000000
200875093 250000000
9094147249 4000000
1 2
162235911 1000000000
102018613 62500000
156126833 1000000000
109353350911 31250000
0 1
100441 31250000
21121 12500
187348827 250000000
1772336817137 500000000
0 1
82951699 200000000
300288611 200000000
83773089 100000000
1571920182421 100000000
0 1
123 125
53233583 50000000
182390781 500000000
150600572903 250000000
0 1
19549797 125000000
1925960487 1000000000
247952259 250000000
213945653487 125000000
0 1
12521151 20000000
292839469 200000000
73066993 500000000
65067 1
0 1
308827453 500000000
251765939 250000000
278076471 500000000
193977435071 200000000
1 2
3841 25000
1345811057 1000000000
46257541 250000000
486114243747 500000000
0 1
27341633 250000000
422066229 250000000
58068699 200000000
1819554174169 200000000
1 2
69468523 125000000
270422397 250000000
29352071 31250000
21586517 12500
0 1
162728397 250000000
263994311 250000000
21498133 125000000
600341789827 500000000
0 1
335403699 1000000000
403767037 250000000
73751 100000
1689820278331 500000000
666559999 1000000000
291626101 500000000
18654939 10000000
13114057 250000000
2112518275077 500000000
1 2
4119559 12500000
910330277 500000000
30888201 200000000
7703424252257 500000000
0 1
496814117 500000000
72496429 62500000
52541337 250000000
349685133 100000
1 2
115926027 125000000
1778513713 1000000000
288836397 1000000000
1885483744791 500000000
0 1
80553099 125000000
232959183 125000000
155741533 500000000
323815993 6250
666736667 1000000000
792028819 1000000000
1899039823 1000000000
1369 5000
7845140993 3906250
0 1
112142659 500000000
698727707 500000000
254154183 500000000
37263615571 31250000
0 1
3212097 6250000
108492063 100000000
6525481 50000000
2561567477061 500000000
0 1
1615274 1953125
659324829 500000000
344364771 500000000
474962493 25000
0 1
114763 625000
63647593 50000000
45089 50000
94971334659 50000000
1 2
287547733 500000000
858776451 500000000
33937 50000
2805020097827 1000000000
666780001 1000000000
500000667 1000000000
333220589 250000000
4009351 10000000
59650289 5000
0 1
76863473 500000000
110294949 62500000
126768419 250000000
1961263549683 500000000
0 1
14892479 250000000
112845063 62500000
6872987 250000000
14140090001723 500000000
0 1
39713637 40000000
6843 6250
123318331 125000000
39636722628583 1000000000
0 1
231940969 1000000000
37507 20000
138296841 200000000
2486844179459 250000000
0 1
766079731 1000000000
813176437 500000000
45587123 200000000
164418132977 100000000
0 1
1269 2000
278987413 250000000
11546551 12500000
2013672391823 1000000000
0 1
50140469 250000000
202721063 125000000
26229 50000
39403850834937 500000000
0 1
3527617 4000000
160257941 100000000
19067007 100000000
6780979683851 500000000
166640833 250000000
9157093 31250000
584487667 500000000
2401301 50000000
1232377999057 1000000000
0 1
112301367 125000000
19097 12500
115265441 500000000
140754249171 125000000
0 1
194526263 200000000
85669001 50000000
140179699 250000000
6620123961 15625000
1 25000
42699643 100000000
198394437 100000000
154735289 200000000
454653961383 1000000000
36667 500000000
192283277 250000000
141559213 125000000
101691653 200000000
2076306028051 250000000
0 1
59399207 62500000
993072007 500000000
222631001 500000000
173394806367 100000000
0 1
92362423 200000000
177803 100000
147500153 200000000
3808678128079 500000000
0 1
39951487 125000000
165020083 100000000
106267413 1000000000
2888448423837 500000000
83366667 250000000
784165697 1000000000
25996493 15625000
91645187 100000000
224489703621 500000000
0 1
39264849 200000000
35925003 20000000
80381 100000
16071017477 62500000
0 1
7780367 12500000
100261853 100000000
419791173 500000000
6102888269 1562500
1 2
2231619 200000000
896057373 500000000
426886943 500000000
507391765003 100000000
999879999 1000000000
185320919 500000000
1364941551 1000000000
244809719 500000000
15186541 5000
166658333 500000000
19972367 31250000
1694251493 1000000000
370927961 1000000000
44962395189 62500000
0 1
16642189 500000000
161196507 100000000
50634887 125000000
8461167 5000
0 1
571 800
39348577 31250000
783395017 1000000000
664881432553 250000000
333133331 1000000000
75115147 125000000
26393169 20000000
24297339 40000000
8701884353 50000000
0 1
183448769 500000000
695708783 500000000
54250137 100000000
17311274558671 1000000000
1 2
106297409 250000000
1800446487 1000000000
54421427 250000000
2760369668177 1000000000
0 1
196999813 200000000
182499977 100000000
45784369 62500000
66343688989 250000000
0 1
65742127 100000000
1808155591 1000000000
864077281 1000000000
2804069652489 500000000
333430001 1000000000
93004077 250000000
17281181 12500000
23811693 250000000
7438730675179 500000000
0 1
52978801 100000000
1731954927 1000000000
155985751 1000000000
5065531626419 1000000000
0 1
2478149 12500000
174903239 125000000
189887929 250000000
202168193673 250000000
1 2
141281683 200000000
84920213 50000000
978103973 1000000000
597741950137 250000000
1 2
2573 6250
1684579 1000000
9737 20000
123527161793 125000000
0 1
319569433 1000000000
1857817921 1000000000
144014859 250000000
6259831304991 500000000
16667 25000
100778281 250000000
6021 3125
30983923 31250000
265861190657 125000000
1 2
135214 1953125
160543499 100000000
145029607 500000000
2060046241 312500
1 2
61381287 125000000
1141248381 1000000000
177909407 250000000
502047917233 125000000
31667 250000000
673 6250
28498431 20000000
341695851 500000000
673881256837 125000000
0 1
39145971 40000000
374993327 250000000
103189839 250000000
826578148033 200000000
0 1
662937 800000
314344761 200000000
8336453 1000000000
1228305871797 500000000
0 1
830387931 1000000000
118595883 100000000
4843 25000
5458521651797 1000000000
0 1
45758851 62500000
13567039 8000000
85298471 200000000
99819242091 200000000
1 2
110811771 125000000
138441297 125000000
22364753 50000000
14686085932317 500000000
199963333 200000000
438857687 500000000
51901373 50000000
1003373 31250000
4003092219 7812500
0 1
53777471 250000000
261119371 250000000
4240219 6250000
116918542849 100000000
0 1
8657 25000
1249299669 1000000000
880803279 1000000000
1158908137771 250000000
0 1
452078327 500000000
280635333 250000000
286319933 500000000
19777921511319 500000000
0 1
74769601 100000000
316465013 200000000
190037533 250000000
7220 1
0 1
10877 12500
274309257 250000000
55751019 200000000
38923189 10000
0 1
843394067 1000000000
764078339 500000000
36823309 125000000
38557992163 31250000
0 1
401190511 500000000
313212797 250000000
361205023 1000000000
1421912169183 40000000
0 1
220704383 1000000000
419976451 250000000
38734253 1000000000
131784804551 40000000
0 1
22594439 100000000
220571781 200000000
226415309 250000000
5235249648199 1000000000
333318333 500000000
169966241 250000000
153546713 125000000
42930533 500000000
1086649142863 500000000
1 2
161887499 200000000
75885699 50000000
3416027 6250000
780665065649 500000000
1 2
118008163 200000000
63732429 62500000
319609387 1000000000
6103867 2000
1 2
53305001 100000000
955017863 500000000
326151639 500000000
69692099349 31250000
41640833 125000000
17331 25000
725488749 500000000
398833943 1000000000
91493037379 62500000
41633333 125000000
226218747 250000000
194136211 125000000
98640527 500000000
993540772461 1000000000
0 1
215027791 1000000000
91627679 50000000
34118933 100000000
40444328451 500000000
0 1
201818293 500000000
10922313 7812500
194003247 250000000
434978261837 100000000
0 1
93415319 125000000
25185347 15625000
403203 200000000
298887123659 250000000
0 1
160081407 200000000
492601413 250000000
73331061 250000000
237084170767 250000000
133374667 200000000
798636253 1000000000
1112823741 1000000000
111252223 200000000
134304798139 40000000
1 2
547 1000
114576371 62500000
2253007 12500000
46967850540701 500000000
0 1
192291451 250000000
1320267143 1000000000
433512789 500000000
14026104067671 500000000
1 2
159163233 500000000
1183827853 1000000000
651871 3125000
380018949057 250000000
166628333 500000000
76881243 250000000
1238327233 1000000000
142688447 250000000
3444280393349 500000000
41637083 125000000
38873799 62500000
140260599 125000000
4253 50000
1665637893 50000
0 1
64227 100000
311311391 250000000
126746323 200000000
68882201 50000
0 1
2876359 10000000
403911307 250000000
439021723 500000000
13252369273267 500000000
0 1
213032707 250000000
1233331841 1000000000
312963611 500000000
695056486417 125000000
0 1
369383983 500000000
43700183 31250000
26933039 100000000
4678504979161 250000000
0 1
3607 25000
135537 100000
125094639 500000000
5868701991323 1000000000
666589999 1000000000
6987327 100000000
33513289 25000000
241940627 500000000
20177160895691 1000000000
41701667 125000000
2657749 125000000
95654797 50000000
47602691 1000000000
5618421 2500
0 1
35647347 50000000
1696066623 1000000000
32581 100000
41671034399 25000000
999739997 1000000000
4986569 5000000
866811263 500000000
65458447 125000000
93032008 3125
1 2
170653069 250000000
438655357 250000000
315211009 500000000
5924030081513 1000000000
0 1
348584227 1000000000
169324131 125000000
90379 100000
17048930441 12500000
0 1
155873877 500000000
674360447 500000000
5131963 7812500
111962973 6250
83313333 250000000
357061271 500000000
46255119 25000000
16814003 125000000
40265944043 62500000
0 1
2887 4000
32907 25000
70442139 125000000
113948040729 40000000
0 1
153668737 500000000
408532581 250000000
36462987 250000000
527684413063 250000000
0 1
55058447 125000000
160412357 125000000
416628419 1000000000
909020778513 125000000
0 1
171414561 500000000
69328469 40000000
775931881 1000000000
3186813766467 1000000000
0 1
199455669 200000000
147947433 125000000
803752239 1000000000
90435909 25000
36667 1000000000
268399751 500000000
219403059 125000000
216265243 250000000
29148441441 10000000
166699167 250000000
5517 1250000
42131 25000
384402687 500000000
1961944044703 1000000000
0 1
230920321 250000000
124779989 62500000
17689459 25000000
6757582012599 1000000000
0 1
131787869 500000000
781386419 500000000
3929527 6250000
8959775177 4000000
124970833 125000000
111778113 200000000
568791363 500000000
90814473 125000000
2852695496761 1000000000
0 1
23934577 125000000
72110823 62500000
54423 100000
3108707578623 1000000000
0 1
37742081 62500000
873545919 500000000
35921369 500000000
1081151874509 100000000
0 1
60395183 500000000
132092149 100000000
21678801 40000000
20783736467 100000000
1 2
1092051 50000000
637663527 500000000
117660743 1000000000
1604957853301 500000000
499894999 500000000
21748747 100000000
65904183 50000000
443079629 500000000
11524288869929 500000000
166701667 500000000
110084073 125000000
60786311 50000000
215422873 250000000
1015723714059 250000000
0 1
191206303 1000000000
147517427 125000000
187472 390625
10078024339747 200000000
1 20000
9 25
1005132177 1000000000
9558863 12500000
191171782063 250000000
34167 250000000
50702803 200000000
76106387 62500000
101718393 125000000
16 1
333113331 1000000000
27130997 200000000
509472997 500000000
494975839 500000000
239279873891 100000000
0 1
324615087 500000000
207329327 125000000
50441973 125000000
65477435323 25000000
0 1
6671611 8000000
103383859 100000000
741610761 1000000000
551541105229 250000000
166569999 500000000
510330391 1000000000
923234883 500000000
829375219 1000000000
22632405869351 1000000000
333269999 1000000000
26032969 125000000
312898837 200000000
98840759 250000000
817562047287 100000000
0 1
81 2500
1228545987 1000000000
46331 50000
9281291877069 1000000000
83295833 250000000
852221899 1000000000
328230187 250000000
149350297 250000000
266733422367 250000000
0 1
54181237 125000000
30557 25000
262007533 500000000
1572612997207 1000000000
105001 500000000
42923233 250000000
296394831 250000000
40104659 50000000
4920232494627 500000000
0 1
12506807 20000000
62353099 31250000
632071 15625000
3460586959591 1000000000
1 2
45824369 100000000
1999088379 1000000000
142398669 200000000
593372680497 50000000
0 1
358754343 500000000
519593839 500000000
96453201 100000000
2865317757161 1000000000
0 1
67407969 100000000
29384749 25000000
7291819 7812500
40192300349 31250000
0 1
43206463 50000000
1590979969 1000000000
167153539 250000000
5940886657409 500000000
0 1
86575179 250000000
850071433 500000000
5283259 6250000
634666320107 500000000
0 1
8873 10000
178943 100000
228600957 250000000
7236 1
0 1
119349381 500000000
1664659981 1000000000
2405033 15625000
927316350513 500000000
0 1
1779 4000
572299399 500000000
342559227 500000000
1863086311001 1000000000
999929999 1000000000
16227333 50000000
1811894759 1000000000
37830807 100000000
737941 5000
0 1
733916897 1000000000
1883261679 1000000000
211031127 1000000000
318587942711 250000000
0 1
97017287 500000000
329692331 200000000
692777887 1000000000
6490401501841 500000000
0 1
84820561 125000000
179936721 125000000
75359797 250000000
2266570981309 500000000
0 1
1979403 50000000
195064773 125000000
5519 10000
368957942707 125000000
333376667 500000000
232327 3125000
127434353 100000000
29347 50000
260757319033 125000000
0 1
449932013 500000000
101657427 100000000
269877531 500000000
27973659143 125000000
83310833 250000000
436118727 500000000
132747771 125000000
851895221 1000000000
12739990779701 1000000000
0 1
193223941 250000000
110532669 100000000
87904217 250000000
777392101717 100000000
0 1
13791389 25000000
308080331 250000000
188595183 500000000
703818811 20000
0 1
98631471 125000000
28556169 25000000
48138221 100000000
496721528353 100000000
0 1
115907497 200000000
114530143 62500000
3722879 15625000
478014037451 250000000
0 1
64142221 125000000
919001709 500000000
104964657 500000000
457977733607 200000000
0 1
525797857 1000000000
144821913 125000000
462432253 500000000
1824038013411 500000000
0 1
86347 100000
260283353 250000000
157186407 250000000
384178814043 200000000
166643333 500000000
73779829 500000000
9164193 6250000
169298031 200000000
19361826594621 500000000
0 1
2968821 10000000
461295083 250000000
1847 100000
13179234547 12500000
0 1
8219787 12500000
42546013 25000000
369024079 500000000
84439878667 31250000
0 1
20211853 250000000
1944631021 1000000000
227229919 250000000
1137262289901 50000000
0 1
105474273 250000000
357653653 250000000
290827221 500000000
17988743 50000
30667 200000000
452133721 500000000
96498431 50000000
58373727 250000000
327387413 20000
0 1
129007407 200000000
419853271 250000000
212175381 250000000
3377916886971 500000000
0 1
24910941 200000000
61989 50000
57622933 62500000
302791708353 15625000
0 1
140490587 250000000
443127563 250000000
14146213 15625000
695538086589 500000000
0 1
227297989 500000000
753310659 500000000
131135633 200000000
7487786510537 500000000
1 2
155358207 250000000
1098903919 1000000000
11008957 31250000
3123729 25000
0 1
443247473 1000000000
863307689 500000000
317880309 500000000
60296353061 250000000
0 1
66935489 500000000
656124001 500000000
314102933 500000000
155384549 100000
0 1
61079547 125000000
78242187 50000000
216131119 1000000000
27496660775289 1000000000
133374667 200000000
133 10000000
158052947 125000000
45562557 125000000
8253208256049 500000000
0 1
98312719 250000000
1063526427 1000000000
37377687 40000000
2122813974729 500000000
266669 1000000000
33824453 125000000
7775557 4000000
853447671 1000000000
974393035583 500000000
333333333 1000000000
57967 10000000
159337417 100000000
76073371 250000000
21433721561 25000000
1 2
17504587 200000000
30404061 15625000
19211881 20000000
62924661 50000
0 1
36477 100000
35215779 25000000
13113909 500000000
2121890499359 1000000000
1 2
604536927 1000000000
1992698563 1000000000
9199 20000
240269293379 250000000
0 1
69647537 125000000
36515659 25000000
532477 781250
82929334857 1000000000
0 1
336915981 500000000
67269 50000
38850197 62500000
32702477092283 500000000
666716667 1000000000
152610307 200000000
1650676053 1000000000
15994761 50000000
9442241451883 500000000
0 1
138578103 250000000
121222661 100000000
569470251 1000000000
442842954857 500000000
0 1
185905491 500000000
41327 25000
110202907 125000000
50212482253 200000000
0 1
198203463 500000000
210475157 200000000
144779577 500000000
108819598413 125000000
0 1
17879783 25000000
105394119 100000000
3443 6250
90574190221813 1000000000
33333 50000
310630527 500000000
1355495859 1000000000
192560427 250000000
671771484249 6250000
0 1
123207783 200000000
273126593 200000000
545416331 1000000000
219975609269 12500000
3333 1000000000
48039663 250000000
1958978543 1000000000
467663973 500000000
566255132367 125000000
0 1
281716119 500000000
1228663297 1000000000
110498967 125000000
35692443549 125000000
0 1
287910913 500000000
406897453 250000000
325587533 500000000
2293088283017 250000000
666569999 1000000000
433005953 500000000
10451 6250
41554319 100000000
139201985183 40000000
0 1
538447 31250000
987103447 500000000
55881421 100000000
401590820891 500000000
0 1
494154449 500000000
1539787531 1000000000
87773937 100000000
985114248869 250000000
0 1
178430317 250000000
201765717 125000000
71155901 200000000
4224365829143 1000000000
0 1
48432661 250000000
687504847 500000000
4613831 20000000
63113652899 50000000
0 1
63347999 125000000
731094491 500000000
208109857 1000000000
2881512521 40000000
0 1
9194691 50000000
180413 100000
76985479 100000000
9628269 5000
333318333 500000000
86509843 100000000
796890329 500000000
298076267 500000000
6766 1
0 1
65469149 125000000
948731987 500000000
1268867 62500000
406728354751 200000000
0 1
52871093 250000000
122144489 62500000
83317107 100000000
2414466716581 500000000
0 1
99665769 125000000
390031253 250000000
106457523 200000000
9838232395561 500000000
999763331 1000000000
213717 10000000
42790827 25000000
770287477 1000000000
1563074107 5000000
0 1
500948799 1000000000
182543 100000
38894359 62500000
2175767927031 500000000
0 1
344083287 500000000
233098651 125000000
37824577 40000000
2208435927 62500000
0 1
11215267 125000000
1719343749 1000000000
75823793 100000000
136756282371 100000000
0 1
206723049 500000000
955454953 500000000
122121177 250000000
2524238211 200000000
1 2
97223921 100000000
427880499 250000000
15970589 20000000
27784527167 1000000
333269999 1000000000
47081 100000
145538663 125000000
53195153 500000000
8339081553 2500000
0 1
411589193 1000000000
204019809 125000000
17140613 62500000
601128911 2500000
0 1
61268017 100000000
2478164 1953125
72135723 250000000
36102759 20000
0 1
48081999 100000000
492790939 250000000
790919779 1000000000
170508541 12500
1 2
125644069 200000000
150967999 100000000
51627029 250000000
255922567481 500000000
0 1
259744739 1000000000
1715227953 1000000000
176923861 500000000
3404185910249 1000000000
0 1
231544357 250000000
30907901 20000000
162492951 250000000
96698923 100000
1 2
968219549 1000000000
1253769351 1000000000
271163511 1000000000
271652869 100000
499968333 500000000
81996437 125000000
79479941 50000000
153583779 250000000
336638793267 250000000
0 1
185610661 250000000
313830091 250000000
10470387 500000000
1796966427707 25000000
666463331 1000000000
2715561 250000000
117091003 100000000
85039381 250000000
78202119751 20000000
0 1
267534657 1000000000
196407339 100000000
45176547 500000000
325189705697 250000000
1 2
139126423 250000000
1170657037 1000000000
283458457 500000000
18228315711 6250000
0 1
341845797 500000000
765392433 500000000
508743091 1000000000
28511731 10000
0 1
3559581 100000000
1463078483 1000000000
42455483 50000000
3502923078143 1000000000
166648333 500000000
21672389 1000000000
583936571 500000000
787817553 1000000000
606303571421 500000000
0 1
60176131 100000000
589535839 500000000
65646011 100000000
511321514587 125000000
0 1
14514511 25000000
1861077171 1000000000
1046004 1953125
64523942827 100000000
666716667 1000000000
180466949 200000000
855440377 500000000
226559357 250000000
1663825238593 500000000
1 2
55215781 1000000000
12127 6250
18800301 125000000
8030465790687 500000000
4167 12500
473745239 1000000000
44491543 25000000
9762477 125000000
1698246190809 500000000
333303333 500000000
36923 100000
414662001 250000000
10100931 50000000
2135714612043 1000000000
0 1
440834137 500000000
700604491 500000000
187265303 250000000
1576737377969 250000000
0 1
3919 25000
1740601119 1000000000
28245473 62500000
14724420373 1562500
0 1
196607941 200000000
305589689 250000000
2881271 1000000000
1023286294231 250000000
0 1
84227851 125000000
267974609 200000000
3916133 31250000
1580494458639 31250000
1 2
93272909 125000000
179306231 125000000
48353037 125000000
415655057 10000
0 1
47601953 125000000
171195677 125000000
263019331 500000000
55730653193 62500000
0 1
62586791 250000000
206315461 125000000
32148699 100000000
265220526839 200000000
0 1
11390561 500000000
1565535961 1000000000
251216561 500000000
337904736033 200000000
0 1
180936043 250000000
35489587 25000000
245060733 1000000000
388282247013 250000000
0 1
7185797 8000000
336504687 200000000
29133701 62500000
431767673 100000
0 1
15791357 31250000
297784437 250000000
90082139 200000000
397309596073 500000000
0 1
1 1
405751243 250000000
24760667 31250000
420287036431 500000000
0 1
441312307 500000000
483338133 250000000
336084247 500000000
6576479 6250
0 1
42662137 125000000
422929139 250000000
130482743 250000000
1327326104731 1000000000
166640833 250000000
41064563 250000000
136233779 125000000
343666607 1000000000
598911659907 500000000
0 1
53863869 1000000000
578656689 500000000
373914147 500000000
3610747588961 200000000
0 1
239215073 250000000
305339507 250000000
167918079 250000000
244648215311 125000000
333239999 500000000
249701079 500000000
146401 100000
51331311 250000000
343872449549 50000000
1 2
32571683 50000000
85149 50000
191942039 1000000000
1345947505861 1000000000
0 1
616497111 1000000000
65134887 50000000
85988259 125000000
1079574347329 125000000
0 1
20427507 25000000
185357129 100000000
253232111 500000000
2725694493761 250000000
0 1
69383387 125000000
3949351 2000000
30512137 125000000
112169623 5000
666780001 1000000000
84763637 250000000
461291279 250000000
357666941 500000000
396265718297 62500000
133309333 200000000
553273 2000000
87722107 50000000
806786737 1000000000
30999685169 7812500
0 1
558750343 1000000000
194862817 125000000
163317707 250000000
66628536599 200000000
1 2
5329243 62500000
141703 100000
146876169 250000000
8675570937649 1000000000
83303333 250000000
150414383 200000000
596551913 500000000
213262203 250000000
223489989319 40000000
166643333 250000000
689655581 1000000000
35839 25000
19457269 50000000
53761200001 250000000
0 1
15099329 25000000
1259666171 1000000000
82567087 500000000
1070506378751 1000000000
0 1
243322853 250000000
28985827 20000000
8671857 10000000
53930889 10000
0 1
14645707 31250000
242538773 125000000
149941231 250000000
844763439017 250000000
0 1
15828939 125000000
1256972553 1000000000
5471 10000
1891247 5000
1 2
75977797 100000000
627932377 500000000
44607103 50000000
106874689671 1000000000
0 1
594766853 1000000000
2826617 1562500
946868049 1000000000
176029 400
0 1
383216351 1000000000
880411453 500000000
22437363 100000000
728411489 25000
0 1
325157721 500000000
156047751 100000000
171598703 250000000
33652191517 25000000
0 1
287978847 1000000000
98159 50000
444439387 1000000000
206081484587 500000000
0 1
49936277 62500000
866109593 500000000
48261 100000
9166042086777 500000000
1 2
11 25
528114157 500000000
451836059 1000000000
432093187501 31250000
0 1
16356049 125000000
1099634521 1000000000
139048529 500000000
658533693173 62500000
0 1
344006457 1000000000
1795192807 1000000000
350288241 500000000
15864380089 8000000
133303333 200000000
216531009 250000000
373262859 250000000
54335941 100000000
246902098987 250000000
0 1
379727229 500000000
338010521 250000000
117303903 125000000
5079103480763 1000000000
0 1
949238983 1000000000
930813391 500000000
25914407 500000000
1291732231409 1000000000
1 2
17603789 25000000
1421696113 1000000000
104568183 250000000
440466192897 62500000
0 1
222311951 250000000
240889759 200000000
49135973 500000000
1108834869 625000
666790001 1000000000
763462643 1000000000
290406453 250000000
114765329 125000000
141301795029 200000000
0 1
261216913 500000000
476290041 250000000
56638787 100000000
6287984647881 1000000000
66671 100000
329363331 500000000
13244471 7812500
353492439 1000000000
18083567993 5000000
333049997 1000000000
4337399 31250000
133417 100000
115917233 500000000
99959911469 50000000
0 1
5343633 7812500
83549757 62500000
233273343 250000000
175665874277 500000000
1 2
44300263 250000000
260357383 250000000
57240933 62500000
540961330991 250000000
0 1
55326633 250000000
1854395329 1000000000
338 625
38509839449 10000000
0 1
300005293 1000000000
303493799 200000000
739487569 1000000000
89405866661 250000000
0 1
27983667 125000000
112851517 62500000
201707161 500000000
188180479971 100000000
1 2
427539507 1000000000
140551023 125000000
232158187 500000000
471329560567 500000000
666663333 1000000000
20260669 125000000
1718462379 1000000000
409105839 500000000
1162475497049 200000000
0 1
73462191 100000000
93134909 50000000
7228793 500000000
482993842701 200000000
0 1
322571293 500000000
53750409 50000000
7695029 25000000
3449731492479 1000000000
0 1
11427107 40000000
12763013 10000000
36999323 200000000
2931433868387 200000000
0 1
26959959 250000000
1500116641 1000000000
37593777 40000000
1222521600873 250000000
56667 500000000
592552761 1000000000
1201357893 1000000000
192083101 500000000
5195431035077 125000000
249968333 250000000
5911541 31250000
13176671 7812500
151277461 500000000
3697375995579 1000000000
83366667 250000000
53800063 125000000
167277487 100000000
139723169 1000000000
8831937473009 1000000000
0 1
68236783 500000000
20624139 15625000
162705183 1000000000
3443 1
0 1
106738327 250000000
185566307 100000000
527797 1000000
294522766813 62500000
0 1
50710379 100000000
325949773 250000000
47567457 100000000
969289991839 200000000
124968333 125000000
42484179 62500000
462961721 250000000
890457399 1000000000
1099696439939 200000000
83305833 250000000
9719483 10000000
1321865101 1000000000
158662157 1000000000
4949568653987 1000000000
1 2
32597297 125000000
132419 100000
241199607 250000000
7246003716321 1000000000
0 1
37569079 50000000
207943451 200000000
286693941 1000000000
491248317181 125000000
0 1
322060059 500000000
128957479 125000000
10957573 15625000
48924001458587 1000000000
0 1
212142381 1000000000
98083389 62500000
426312009 500000000
166762806661 25000000
1 2
240452737 250000000
643588719 500000000
216452633 250000000
567529621 100000
0 1
431975377 500000000
757340683 500000000
300527367 500000000
22671650643 100000000
0 1
24752433 250000000
194276841 125000000
7249739 20000000
16856777430399 250000000
0 1
2399 50000
328401603 250000000
37779971 40000000
832371660417 1000000000
51667 500000000
33141459 50000000
146736643 125000000
27287777 125000000
547989522817 200000000
0 1
115270461 125000000
1382682203 1000000000
13473843 100000000
50984233 2500
0 1
164443937 500000000
1269088709 1000000000
1064 3125
213045709 100000
133303333 200000000
48579459 250000000
744016113 500000000
55751939 100000000
692843258867 200000000
0 1
1467769 4000000
80860457 62500000
2574 3125
25482824841 25000000
0 1
14639201 250000000
347211749 200000000
247611807 500000000
94244359491 250000000
6667 1000000000
44933 50000
656645759 500000000
616031779 1000000000
1411547191813 20000000
0 1
244872921 1000000000
614989143 500000000
12129 100000
97513959 10000
0 1
30641029 200000000
487006343 250000000
117708059 250000000
3152344741 100000
0 1
152182211 1000000000
78185781 62500000
186067457 500000000
547418741813 1000000000
0 1
1 1
512592843 500000000
0 1
2437227958137 1000000000
0 1
83901 12500000
170072923 100000000
34331639 125000000
25634342621 25000000
0 1
105597347 500000000
38804531 25000000
97881 100000
154716612939 100000000
0 1
14059461 62500000
36209 20000
146306443 1000000000
196952785323 100000000
0 1
53178627 100000000
44398609 25000000
178737231 250000000
148207441401 25000000
0 1
43848261 125000000
46306173 40000000
113301611 500000000
171109744539 50000000
0 1
63048619 1000000000
1425236509 1000000000
67687917 200000000
638578165293 1000000000
0 1
173827613 200000000
59523 50000
9055881 25000000
407316749949 125000000
0 1
600611837 1000000000
917379177 500000000
93395169 250000000
34169091943 15625000
499983333 500000000
3741027 100000000
32085097 20000000
8678569 62500000
10631126426299 200000000
0 1
418789737 500000000
908107431 500000000
29810457 40000000
874370445247 250000000
38667 200000000
55522437 250000000
68115189 50000000
34176899 200000000
47527173863 62500000
666643333 1000000000
9787703 200000000
1374169983 1000000000
197 12500
77562863327 50000000
0 1
11169 100000
1221685209 1000000000
259914647 500000000
565503924241 500000000
0 1
189035571 200000000
191579 100000
25205801 50000000
2182788429781 1000000000
0 1
27228083 125000000
1450620181 1000000000
80191273 200000000
502568096949 250000000
0 1
91379149 125000000
1112683387 1000000000
48810477 500000000
476497433 10000000
0 1
29810053 62500000
42729511 25000000
1505623 500000000
7005027 25000
0 1
138878121 250000000
1048547787 1000000000
228782861 500000000
85034745193 50000000
0 1
305297179 500000000
926413177 500000000
15838597 62500000
413593655667 62500000
0 1
269372953 1000000000
65185673 62500000
990252919 1000000000
1138953416537 50000000
0 1
34177139 50000000
1965247039 1000000000
77158677 100000000
88277516491 100000000
0 1
20989 25000
226028973 125000000
22214847 200000000
110212982421 50000000
1 2
136095197 250000000
509827551 500000000
110816807 250000000
13709858403 12500000
1 2
9876231 15625000
376469181 200000000
2162253 12500000
4751012730539 1000000000
0 1
46916923 250000000
174895811 125000000
255536869 500000000
2630377239777 1000000000
999719997 1000000000
158093501 1000000000
65823651 50000000
351967897 1000000000
83624051 50000
0 1
1759 2000
1474164391 1000000000
4847 25000
10500518127609 1000000000
0 1
537957617 1000000000
1495973747 1000000000
653452627 1000000000
16800921003 25000000
666599999 1000000000
3618943 100000000
103092129 100000000
55498149 1000000000
111370790911 100000000
0 1
276242479 500000000
329601849 250000000
148015929 250000000
195901239 50000
249965833 250000000
6939663 250000000
262688181 200000000
61025549 500000000
29874787091 250000000
1 2
1 1
47601639 31250000
49659 100000
5571129563633 100000000
0 1
25889529 31250000
339693801 200000000
67359737 250000000
263399094483 125000000
0 1
267260183 500000000
288381409 250000000
450669877 500000000
1469853769943 500000000
1 2
16423 25000
287740193 250000000
25607703 250000000
7173 1
0 1
48161777 50000000
6994833 4000000
418772379 500000000
5279029766253 1000000000
0 1
35851541 50000000
281559793 200000000
1641 50000
156303456809 125000000
41667 250000000
39726731 40000000
545623723 500000000
112040823 200000000
2012855173693 500000000
666579999 1000000000
523074803 1000000000
143847107 100000000
6913 12500
111730504163 125000000
0 1
51239827 125000000
1107707453 1000000000
4355627 31250000
14601143765643 1000000000
0 1
77708961 125000000
127943161 100000000
181165553 200000000
27346098907 62500000
0 1
20249 25000
1568005943 1000000000
3609429 3906250
917569559077 1000000000
110001 500000000
183001927 200000000
736205331 500000000
248691117 250000000
1043887023813 62500000
0 1
650338303 1000000000
276850261 250000000
1761 2000
379296506763 250000000
8333 25000
11104229 125000000
358164771 250000000
45706527 62500000
58084748059 20000000
999909999 1000000000
44363639 62500000
471128663 250000000
336707759 500000000
50014123 2000
666790001 1000000000
52957473 500000000
685058353 500000000
233223019 250000000
6213954199159 1000000000
249975833 250000000
2426079 5000000
77180553 50000000
88648307 500000000
12963587 25000
0 1
212456707 250000000
1048166739 1000000000
5873731 7812500
2324193587 50000
0 1
221763237 500000000
8327 6250
43509 100000
987383359 100000
0 1
85740369 500000000
1859577259 1000000000
334528311 1000000000
950562621307 250000000
1 2
149297371 200000000
9592763 8000000
326841023 500000000
160818002539 125000000
124964583 125000000
113349177 125000000
115959881 62500000
6233279 6250000
467067662467 250000000
0 1
2099567 3125000
219937167 200000000
1260311 6250000
473551423123 250000000
0 1
99852339 250000000
1193130341 1000000000
8509 50000
1224799084523 125000000
249973333 250000000
67536353 125000000
1085539119 1000000000
297265773 500000000
24993465617 12500000
1 2
1 1
465072667 250000000
37313493 125000000
1492947981313 500000000
999773331 1000000000
138051 800000
34902247 25000000
256698091 500000000
1842439016329 500000000
0 1
115525869 200000000
107514141 62500000
3753 12500
184848720617 500000000
199971333 200000000
15457441 500000000
5808407 3906250
489000871 1000000000
1327123787093 250000000
0 1
232854127 250000000
833691733 500000000
52850067 500000000
1330465403371 200000000
0 1
22858639 40000000
39829843 20000000
142426189 200000000
155711658493 250000000
0 1
242100393 500000000
86514581 62500000
12896969 125000000
2886434337011 1000000000
1 2
95360027 500000000
593429509 500000000
431211177 500000000
7310239450657 500000000
0 1
51194487 125000000
335938393 250000000
32648009 125000000
120180245579 250000000
0 1
611053677 1000000000
65331777 50000000
436405363 500000000
642374360243 1000000000
0 1
48016801 250000000
270642763 200000000
16919897 50000000
3681437764971 1000000000
0 1
136358361 1000000000
533001071 500000000
50854417 100000000
481496778603 200000000
0 1
407233789 500000000
1735876691 1000000000
26893631 31250000
103834473209 40000000
0 1
16187773 100000000
87622507 50000000
358267563 500000000
123897668603 250000000
0 1
4117 25000
284750571 250000000
369069 31250000
3254334206681 500000000
0 1
21772539 100000000
36352929 25000000
1292749 250000000
12760103021671 1000000000
0 1
484356139 500000000
464514701 250000000
76748471 250000000
2983516308931 500000000
1 2
69243133 125000000
271645721 250000000
293453 5000000
2725948147299 500000000
0 1
33981583 62500000
38226171 20000000
6425873 100000000
7700521410287 250000000
0 1
9768567 25000000
1202659353 1000000000
47785401 250000000
1981006575621 500000000
0 1
13116187 20000000
713687757 500000000
16030903 62500000
581439287017 200000000
0 1
381062427 1000000000
523022477 500000000
452073379 500000000
1047446990051 500000000
0 1
173345879 250000000
549535223 500000000
83014361 100000000
19918169559 500000000
0 1
340428687 500000000
18714149 10000000
95066619 250000000
513554570303 125000000
666780001 1000000000
355134723 500000000
76101721 62500000
19756557 125000000
5831042534183 500000000
0 1
383 50000
120616521 62500000
21448951 200000000
2256716423031 1000000000
1 2
777872269 1000000000
1640799927 1000000000
999742333 1000000000
338527845057 500000000
333450001 1000000000
186577329 250000000
317297357 250000000
70057969 500000000
221210914233 200000000
0 1
7973607 500000000
388061001 200000000
7831963 250000000
25676837741 31250000
0 1
81015219 250000000
34342893 31250000
955124527 1000000000
23314510773 50000000
0 1
155886073 200000000
189971 100000
83413993 1000000000
1761581592857 125000000
0 1
777637261 1000000000
271023561 250000000
36640499 250000000
852213114151 200000000
0 1
57017903 100000000
1 1
30062047 50000000
28061163 6250
0 1
362733867 500000000
203320053 125000000
307429489 500000000
240094614497 100000000
0 1
349542239 500000000
1101911271 1000000000
371222067 500000000
128638368371 62500000
0 1
103399489 1000000000
273729011 200000000
116405241 1000000000
424741566603 100000000
0 1
54671257 62500000
625173351 500000000
140888429 1000000000
2457903662607 1000000000
0 1
149534549 500000000
262747039 200000000
729596523 1000000000
1382310707053 1000000000
0 1
247417043 250000000
3191949 2500000
4051247 125000000
297269302217 100000000
0 1
119486193 200000000
346598943 250000000
4440479 500000000
1969507571933 1000000000
0 1
876331499 1000000000
602116291 500000000
22076091 125000000
652662974757 500000000
38667 200000000
9808409 50000000
169016613 100000000
16164181 125000000
3794998021857 500000000
1 2
22101363 31250000
40060913 25000000
901201197 1000000000
1753320821299 500000000
666716667 1000000000
140101591 250000000
36045971 25000000
58710441 100000000
200547248403 250000000
0 1
22861833 50000000
965646361 500000000
8977 10000
3480771121813 500000000
0 1
12515263 20000000
485515953 250000000
312716333 1000000000
139793979 100000
1 2
159669459 250000000
1285789497 1000000000
4428363 7812500
593015850369 500000000
999909999 1000000000
87834803 125000000
1768549359 1000000000
1712177 125000000
18934796839 12500000
1 2
116266161 500000000
1519340773 1000000000
59348323 125000000
713563598327 100000000
0 1
860333421 1000000000
134623087 125000000
83946437 1000000000
1696902819731 500000000
0 1
146653737 200000000
13539 10000
170645517 200000000
2135209246929 1000000000
166628333 500000000
24148763 31250000
11051249 7812500
260779 10000000
1971881725921 200000000
0 1
474412269 500000000
652583399 500000000
27081651 250000000
5951636353657 250000000
0 1
943 2000
71832611 50000000
264369793 1000000000
1139814346581 125000000
36667 1000000000
384748467 1000000000
39995959 25000000
830497911 1000000000
551203914117 20000000
333308333 500000000
1021 6250
47823101 40000000
39907291 250000000
46771174809 31250000
666780001 1000000000
202313659 500000000
887430093 500000000
339271063 500000000
2521632286241 1000000000
999773331 1000000000
7362811 125000000
930522221 500000000
1184027 2500000
2258479393849 500000000
1 2
144199707 250000000
88705213 50000000
54319931 100000000
1398449468651 500000000
166574999 500000000
47986249 50000000
496507433 250000000
69910769 250000000
69840083 12500
0 1
252890363 500000000
396941987 200000000
627 20000
20603389729673 1000000000
1 2
57190419 62500000
105866343 100000000
46101699 500000000
21123578379371 1000000000
0 1
778003083 1000000000
33456413 31250000
163814463 500000000
192423871 100000
333293333 1000000000
178081771 200000000
548286827 500000000
44477781 250000000
22547662863 62500000
0 1
4269 20000
297193829 200000000
450288417 1000000000
215316396419 1000000000
0 1
7751907 25000000
227168353 125000000
178258039 500000000
792541298539 125000000
0 1
99 1000
1098090459 1000000000
22568011 50000000
1142225577 10000
0 1
108186789 125000000
640031613 500000000
3321301 6250000
368137455263 125000000
0 1
37257 100000
748552201 500000000
20468097 25000000
940960612297 1000000000
0 1
12685217 25000000
169469 100000
2155881 250000000
82993769819 12500000
0 1
22627231 125000000
1892278001 1000000000
23124177 125000000
41732673829 25000000
166589999 500000000
7 80
1720469519 1000000000
2671 5000
11533399963879 250000000
0 1
365858081 500000000
771530463 500000000
427384561 500000000
226667646739 500000000
83371667 250000000
103077721 125000000
28126831 15625000
191209311 200000000
10886816697 250000000
0 1
122772149 200000000
1097274603 1000000000
227469291 1000000000
37084654833 50000000
0 1
289769267 500000000
479 400
115632451 125000000
126697404609 1000000000
333313333 500000000
207475507 500000000
1481916567 1000000000
68263409 250000000
34593907 2500
0 1
34706593 100000000
717379811 500000000
382885991 500000000
2618091325703 1000000000
1 2
46007753 250000000
191320009 125000000
2883 10000
1804328383271 125000000
0 1
5795083 20000000
923575889 500000000
37483553 250000000
105177642031 50000000
0 1
17903819 40000000
236131663 125000000
545356471 1000000000
726240576389 100000000
0 1
241433 781250
155049 100000
42767497 200000000
13282271739 12500000
124972083 125000000
116873399 200000000
104656641 100000000
0 1
6950189567 10000000
0 1
44725391 100000000
319016333 250000000
120237231 125000000
1042467528147 1000000000
0 1
120476971 200000000
276273801 200000000
72046383 100000000
3592050578461 500000000
133370667 200000000
73480527 250000000
123816533 100000000
29338039 500000000
11023344531 15625000
0 1
60717419 125000000
56725707 40000000
79687881 100000000
34004314201649 1000000000
83307083 125000000
235736047 1000000000
866392649 500000000
338443561 1000000000
33281007187 40000000
0 1
64734897 125000000
343644401 200000000
87547303 125000000
73899991149 15625000
0 1
4284483 6250000
727029007 500000000
111584337 200000000
6294182700883 500000000
0 1
46360363 250000000
364310993 200000000
995505381 1000000000
118668140259 31250000
0 1
14777979 100000000
33533 25000
38698649 40000000
34756983 3125
333239999 1000000000
63358439 250000000
32146609 20000000
16473029 31250000
20433924528057 500000000
0 1
982041 62500000
48569813 31250000
14580181 100000000
3489197837 100000
0 1
849103099 1000000000
59245439 50000000
127260107 250000000
30628796141 12500000
0 1
49494883 200000000
31058961 20000000
308540907 500000000
2246647724753 500000000
1 2
517660837 1000000000
1599979287 1000000000
107430083 250000000
777595127847 250000000
0 1
7491347 7812500
719292271 500000000
269536869 1000000000
8347449 6250
0 1
8303 12500
266954599 250000000
102974593 250000000
43272721 50000
36667 125000000
474977819 500000000
1911662703 1000000000
887 6250
89634899563 12500000
499914999 500000000
310229743 1000000000
22087781 15625000
433079519 500000000
2624606790339 500000000
1 2
873432219 1000000000
19367751 12500000
132312207 250000000
1443803949 50000
1 2
7861 25000
26455747 15625000
134442279 200000000
3492370735849 1000000000
0 1
457665053 500000000
1927566411 1000000000
21964259 40000000
623478774127 250000000
0 1
285509777 1000000000
18809 10000
20232123 100000000
40475691 5000
0 1
4830827 12500000
153911123 125000000
86151689 250000000
566643185073 500000000
1 2
214944891 250000000
350168737 250000000
72996909 100000000
1399904059803 1000000000
999899999 1000000000
23369823 125000000
33833819 31250000
96616677 200000000
5208704352001 500000000
0 1
102251463 250000000
80359251 50000000
415394003 1000000000
2204824597051 125000000
0 1
29401869 250000000
484799563 250000000
86214743 250000000
70631389 5000
0 1
178747919 1000000000
123178011 100000000
15249267 125000000
755499887 100000
133309333 200000000
450107457 500000000
627068277 500000000
1505603 31250000
17572213511277 500000000
0 1
277459469 1000000000
1267708591 1000000000
976321 31250000
82266175089 62500000
0 1
901197119 1000000000
24663379 20000000
573501 5000000
4781950871321 250000000
0 1
28157 50000
877096231 500000000
403267607 1000000000
83830558683 62500000
0 1
8973933 12500000
128441297 100000000
1045423 3906250
72843169953 200000000
105001 500000000
24375833 31250000
41359849 31250000
417186671 500000000
1942876067983 200000000
666716667 1000000000
139770637 1000000000
215319239 200000000
229 625
169084633 100000
0 1
358105189 500000000
113947523 100000000
43850231 200000000
976491888719 1000000000
0 1
186762843 250000000
1379751417 1000000000
27422889 50000000
518040796471 500000000
0 1
438537351 500000000
737513883 500000000
12453719 1000000000
1296477899391 250000000
999993333 1000000000
206619059 250000000
101563617 62500000
2807631 15625000
8172993058843 500000000
124968333 125000000
162920349 200000000
1905497601 1000000000
10698019 31250000
363504279927 500000000
99969333 100000000
37861823 100000000
802344769 500000000
605249111 1000000000
491197802563 250000000
0 1
46221529 62500000
251522229 200000000
30618541 40000000
696055008881 125000000
166569999 500000000
250189293 500000000
21568843 12500000
888602691 1000000000
386846391069 100000000
1 2
60272703 250000000
1102379259 1000000000
671 25000
30556005479291 250000000
1 2
453432777 500000000
1407511101 1000000000
700564281 1000000000
77367379123 31250000
1 2
88329023 200000000
595342843 500000000
10163149 31250000
2335895830437 500000000
0 1
843141653 1000000000
919767867 500000000
163649123 200000000
272000399629 100000000
666726667 1000000000
283984763 500000000
305061687 200000000
713924803 1000000000
550898139127 31250000
0 1
170011919 200000000
5787 5000
45878301 200000000
4693510058689 1000000000
0 1
37728157 100000000
60267 50000
223842013 500000000
142579057987 500000000
0 1
195866113 500000000
30316689 15625000
8040827 125000000
26262097274521 500000000
150001 1000000000
343121673 500000000
143664163 125000000
735437419 1000000000
447132678401 1000000000
0 1
325087 10000000
852535573 500000000
79753249 100000000
1079326483943 250000000
0 1
12341139 25000000
1929137033 1000000000
193943701 1000000000
302075015623 40000000
0 1
416467793 500000000
791577947 500000000
5074587 6250000
636323061439 125000000
0 1
108403613 125000000
703134543 500000000
85683619 100000000
178558611 50000
0 1
10883001 200000000
16363 10000
75649263 200000000
397599250017 1000000000
0 1
977443 4000000
673823573 500000000
90485739 1000000000
28456569487 50000000
0 1
99879741 125000000
4254331 2500000
1011 2000
55529634671 125000000
0 1
368527379 500000000
103933859 62500000
82701 100000
1861582210537 250000000
666876669 1000000000
28026199 250000000
9531617 8000000
2203 2500
94705659 2500
1 2
79518051 100000000
9683289 5000000
3864369 100000000
1772945408433 1000000000
0 1
386817867 500000000
164018729 125000000
169055977 1000000000
6606116581 3906250
166648333 500000000
224282481 250000000
18510149 12500000
805991979 1000000000
28764105683 31250000
0 1
137920361 250000000
365953179 200000000
325548801 1000000000
3184864021531 125000000
56667 1000000000
669511417 1000000000
1079327237 1000000000
8299 12500
4587027599 12500000
333371667 500000000
11737 12500
44534527 40000000
25955511 100000000
1649982182131 200000000
0 1
2813881 5000000
17082159 12500000
86671387 200000000
417936636089 1000000000
0 1
1553 12500
1177974773 1000000000
820705859 1000000000
14216057 25000
1 2
116082593 250000000
909577103 500000000
487240399 500000000
237703725769 62500000
0 1
31909433 62500000
10949317 8000000
1086753 6250000
3063855176153 1000000000
0 1
471371 10000000
496786777 250000000
3811 10000
258142338037 125000000
666716667 1000000000
40359383 500000000
1324231517 1000000000
6795301 500000000
208535277771 250000000
166640833 250000000
26347411 31250000
5071 4000
77229037 125000000
10603572619873 125000000
3 100000
108582431 125000000
649127233 500000000
730700941 1000000000
1088168912437 50000000
0 1
599917159 1000000000
149085403 100000000
67729 100000
5034454788439 500000000
1 2
129067473 500000000
48843 25000
20943947 250000000
121494400717 250000000
0 1
705889721 1000000000
57923667 31250000
723 6250
3095087062393 500000000
0 1
14308281 50000000
213506981 200000000
6264091 31250000
55772881426347 1000000000
499978333 500000000
476282313 500000000
517445703 500000000
291491673 1000000000
66753302467 31250000
0 1
324566971 1000000000
103063 100000
193159331 1000000000
1063615248079 250000000
0 1
57517747 100000000
511856957 500000000
244676403 1000000000
26266653 25000
0 1
225519079 250000000
129587587 125000000
412881533 500000000
47124388733 50000000
0 1
87293259 200000000
646198021 500000000
2495379 3906250
23461538019 3125000
0 1
390973 625000
816527927 500000000
52616167 100000000
913928703507 250000000
0 1
167969 200000
250112891 250000000
1725721 2500000
2969714988197 1000000000
0 1
141117631 250000000
38327703 25000000
59670027 62500000
69396547 12500
0 1
11559 25000
1263207909 1000000000
5360561 20000000
3937009471219 1000000000
499978333 500000000
192550553 250000000
478935211 250000000
62951897 125000000
108146292021 125000000
499973333 500000000
46997277 62500000
1166140997 1000000000
5599 12500
116421834429 31250000
0 1
197505231 500000000
17284363 10000000
553 625
7879377108683 1000000000
333103331 1000000000
89678399 125000000
29963 25000
470648509 1000000000
113358947 5000
0 1
12951109 62500000
199356321 100000000
785113 500000000
22396064333 25000000
0 1
4307823 15625000
160548377 100000000
241421333 500000000
26752902701 20000000
0 1
194530169 200000000
218280961 125000000
56827711 1000000000
6436019055197 1000000000
0 1
77256213 100000000
246009521 200000000
6238709 15625000
1716962941 40000000
666589999 1000000000
55892379 200000000
168231923 125000000
19261177 250000000
25809462239 62500000
26667 1000000000
649854139 1000000000
592567419 500000000
359636751 500000000
5474306337391 500000000
199971333 200000000
327527 15625000
457987201 250000000
240438313 250000000
57535591 10000
0 1
15107759 15625000
748086313 500000000
31253 100000
31563633768783 1000000000
0 1
484754339 500000000
1 1
3389 6250
3046952471279 500000000
33333 100000
49888481 50000000
111371 100000
1453 2500
541012762961 1000000000
39167 250000000
21579569 25000000
112360113 100000000
688012729 1000000000
45029456883 6250000
333445001 500000000
630706487 1000000000
39999 25000
865878201 1000000000
34814685513997 500000000
0 1
277262301 500000000
1594584521 1000000000
3606663 3906250
261265016631 125000000
0 1
274697593 500000000
593370081 500000000
8081 25000
63785474577 12500000
0 1
82904563 250000000
751851813 500000000
88472997 125000000
14183849327571 1000000000
0 1
368166053 1000000000
386559021 200000000
55092719 100000000
29507823801 50000000
0 1
44573707 50000000
224623801 200000000
70786337 250000000
970153071547 250000000
0 1
103954297 500000000
368758361 250000000
119172067 125000000
784897018431 500000000
0 1
6812279 200000000
564875739 500000000
471254121 500000000
364832821029 125000000
0 1
246655679 250000000
1274052479 1000000000
91313819 500000000
4406596294841 200000000
30667 200000000
196772467 500000000
92670423 50000000
59404183 250000000
161647344143 1000000000
0 1
7148007 10000000
401087189 250000000
128622559 250000000
625987442259 200000000
83369167 125000000
185583121 250000000
1776986207 1000000000
19693 25000
95923316357 62500000
1 2
482917969 500000000
26363 20000
839 4000
225865620969 200000000
666359997 1000000000
761470903 1000000000
361850347 250000000
286243993 500000000
626127789843 31250000
110001 1000000000
143029453 250000000
793084237 500000000
56408391 100000000
772325305743 62500000
0 1
192231047 500000000
67884961 62500000
789 5000
107341668893 125000000
0 1
77035741 125000000
39700563 31250000
148334157 500000000
73976540199 125000000
40667 200000000
21276679 25000000
64007277 50000000
33849069 125000000
1298592979303 200000000
0 1
82665859 100000000
79181037 50000000
215866839 250000000
2815785641 100000
1 2
591847 31250000
229173879 125000000
150241571 250000000
3913051248831 250000000
0 1
7070923 50000000
330794569 200000000
77501931 250000000
1991420152481 250000000
0 1
21689749 25000000
45959903 25000000
1473027 7812500
436991542459 250000000
0 1
134000997 500000000
1729141197 1000000000
74315971 250000000
480012163 8000000
0 1
4767 5000
1661990731 1000000000
44903021 100000000
1707275730037 1000000000
0 1
101238561 125000000
1 1
16882337 100000000
918498510177 50000000
0 1
324909607 500000000
1917414137 1000000000
476908089 500000000
1253054726697 500000000
0 1
506447629 1000000000
317518693 250000000
475384807 1000000000
2003904186057 1000000000
0 1
12438301 50000000
276784653 250000000
79450229 500000000
713951193441 200000000
0 1
376665423 1000000000
22512373 15625000
359979121 500000000
25729551629 31250000
0 1
194192601 500000000
1948365809 1000000000
253138979 1000000000
431858613 50000
3 100000
3839 12500
1288053817 1000000000
50073623 250000000
156748690761 125000000
1 2
1228127 100000000
1583017549 1000000000
115153961 125000000
95788028027 500000000
0 1
333536553 500000000
445002129 250000000
105820189 125000000
344527378517 500000000
0 1
7795919 500000000
1835616129 1000000000
81137861 125000000
313539243 50000
0 1
3229 20000
406755951 250000000
220994107 1000000000
1630414790879 50000000
1 2
30608629 200000000
12389397 8000000
11907 12500
134584141 2500
166706667 500000000
219337107 1000000000
1502522063 1000000000
95512733 1000000000
3551804376691 1000000000
83303333 250000000
197155477 1000000000
137187 100000
36015169 62500000
108934382123 1000000000
0 1
368784311 500000000
514202849 500000000
17828417 31250000
769591171 250000
0 1
120484409 250000000
1179303951 1000000000
4987 6250
289806555857 50000000
31667 500000000
76473 100000
13742579 10000000
24506141 40000000
1583141509253 50000000
1 2
196311999 250000000
977510817 500000000
454212769 500000000
4485850017877 1000000000
0 1
810957301 1000000000
642396677 500000000
2981373 50000000
2399447206189 500000000
333249999 500000000
82828483 100000000
1636447133 1000000000
23193 25000
3494755721471 500000000
0 1
12473097 50000000
1197078287 1000000000
36641743 250000000
1402635015413 500000000
0 1
458245593 1000000000
81461 50000
384554649 500000000
3611490872929 1000000000
0 1
43030627 50000000
14652079 12500000
123653521 1000000000
1800122457647 250000000
1 2
806111471 1000000000
1651258689 1000000000
659449793 1000000000
1464906151 100000
1 2
92480403 125000000
350969189 250000000
52138277 250000000
3508814193207 500000000
0 1
2209203 25000000
302402423 250000000
11525023 25000000
2059685967749 1000000000
0 1
90780063 500000000
616144691 500000000
275136147 500000000
192855861031 500000000
80001 1000000000
3503613 62500000
338143657 200000000
3630141 10000000
9326642651 500000000
0 1
108497459 200000000
1422250631 1000000000
7303497 50000000
2302987714667 250000000
0 1
788843 1000000
12632733 12500000
23091 25000
19614011089 15625000
133366667 200000000
34641137 125000000
95135187 50000000
75014543 100000000
166640317699 31250000
0 1
37538263 50000000
540896053 500000000
834370181 1000000000
20912795374847 1000000000
1 2
7596089 500000000
37608157 25000000
46809613 200000000
100835671131 500000000
333366667 500000000
76125501 100000000
4447 3125
96629463 100000000
1132347696603 250000000
0 1
163154161 250000000
308900191 200000000
22492019 250000000
1385247520609 250000000
0 1
10787293 50000000
48448793 40000000
0 1
45017921889 10000000
0 1
127549713 500000000
332698993 250000000
33057241 250000000
13710087 20000
166770001 500000000
217859657 250000000
337150973 250000000
7783 10000
313646413707 62500000
1 2
8257819 100000000
124728833 100000000
305836817 500000000
211244957339 125000000
1 2
592076213 1000000000
398002521 200000000
983591821 1000000000
97681091009 250000000
0 1
242434327 250000000
85013149 50000000
113972089 250000000
2298424543339 1000000000
0 1
87329333 200000000
933019113 500000000
269577 1562500
16936293125939 1000000000
0 1
347218731 500000000
1832169221 1000000000
842605013 1000000000
387696247 50000
0 1
5026631 20000000
92944047 62500000
328136757 500000000
978195343077 1000000000
0 1
12679 20000
97797997 62500000
213149361 250000000
2081395687127 1000000000
0 1
20584471 50000000
316095257 250000000
172355243 250000000
60941347027 25000000
0 1
3691449 5000000
117017043 62500000
670101973 1000000000
276306690291 31250000
1 2
4979 12500
347947749 200000000
11285501 12500000
2632770328029 500000000
666589999 1000000000
910032393 1000000000
144017101 100000000
82624961 200000000
68453740509 100000000
0 1
54957409 250000000
427622371 250000000
91505141 125000000
27126197953423 1000000000
0 1
45435919 250000000
1793290639 1000000000
91123403 125000000
8263670049 50000000
41667 500000000
85760479 1000000000
90165811 62500000
4897273 8000000
47313832571 15625000
133297333 200000000
15857 25000
48191731 31250000
692878591 1000000000
475238289 20000
0 1
46133701 250000000
17047 12500
275348197 1000000000
1276810717063 500000000
0 1
13286947 125000000
512406483 500000000
23458621 50000000
60115132593 200000000
0 1
1189 6250
942305751 500000000
2792961 31250000
8120556042317 1000000000
56667 1000000000
2894 3125
677224937 500000000
195712161 250000000
252619599 50000
0 1
444113 25000000
578153769 500000000
206378531 1000000000
121675341111 10000000
0 1
99966871 500000000
790933113 500000000
4527591 25000000
93614009337 62500000
0 1
2812481 20000000
1540376427 1000000000
503011209 1000000000
3631237149913 500000000
0 1
12315443 12500000
31686469 25000000
366648629 1000000000
10702612327031 250000000
0 1
55116669 250000000
738581091 500000000
239595133 500000000
4395825547643 1000000000
166574999 500000000
3059267 3125000
21783 12500
105369713 200000000
2192286423807 250000000
0 1
27998519 250000000
294684821 200000000
36843 160000
795906557 100000
83298333 250000000
76027 100000
406052159 250000000
296524963 500000000
40227523631121 1000000000
0 1
52857 1953125
853064569 500000000
509323389 1000000000
1512085983359 500000000
0 1
3103397 20000000
1346891627 1000000000
49683191 250000000
3982168821 20000000
0 1
634168473 1000000000
1707937317 1000000000
760337 100000000
5305447079663 1000000000
0 1
227535117 1000000000
246409631 125000000
225929 15625000
4398120297009 125000000
0 1
33403301 50000000
15194791 10000000
18805883 250000000
211247169709 200000000
0 1
49128243 125000000
382560249 200000000
998069827 1000000000
2889951090359 250000000
0 1
118616357 125000000
100417277 62500000
444947233 500000000
1001697354407 100000000
0 1
366043513 500000000
1028062443 1000000000
1854237 7812500
107542151016863 1000000000
333450001 1000000000
4288703 62500000
9909341 5000000
243640573 500000000
229537751 50000
0 1
994260737 1000000000
2617 2000
12421 20000
275221933987 200000000
333406667 1000000000
143689913 250000000
94661677 50000000
10525013 100000000
408722587947 200000000
999993333 1000000000
106040077 125000000
123016613 62500000
196256123 250000000
2435078881831 40000000
333313333 1000000000
4130071 50000000
249075797 125000000
84259317 125000000
25078728305679 500000000
666800001 1000000000
39984627 125000000
945670123 500000000
325386473 1000000000
10411930721 62500000
0 1
956094261 1000000000
574099939 500000000
2851 5000
6951321689 6250000
333308333 500000000
20811727 100000000
634256673 500000000
89632531 250000000
7029946870457 125000000
0 1
429591797 500000000
178211453 100000000
393 1000
132342817 3125
0 1
44375169 50000000
1294169267 1000000000
258142633 500000000
3548167969231 500000000
0 1
266737897 500000000
279540221 200000000
221947089 250000000
101628556287 62500000
0 1
234704607 500000000
144151 100000
996657351 1000000000
1709392736987 250000000
133370667 200000000
3507213 15625000
93491843 50000000
55755801 100000000
119497464239 250000000
0 1
333854777 500000000
368146789 200000000
471 2500
250131467 50000
0 1
179620877 200000000
488021499 250000000
229744121 250000000
105185694689 100000000
0 1
2383379 6250000
227027579 200000000
770103 2500000
113878083 100000
0 1
92858377 200000000
1553561543 1000000000
147330457 250000000
61574664143 1000000
0 1
634782977 1000000000
43200577 31250000
16668153 250000000
2640966479901 500000000
0 1
59351491 250000000
1873646573 1000000000
12836617 31250000
548405138677 250000000
66667 1000000000
53251233 125000000
1190618021 1000000000
6281 10000
9307983627 31250000
0 1
132289869 250000000
386772693 250000000
2133783 5000000
114913122031 200000000
66704667 200000000
81450783 500000000
502450779 500000000
115658973 200000000
4725304345331 1000000000
16667 50000
29683827 125000000
128135321 125000000
1699 2500
2300327464679 500000000
66700667 200000000
329898347 500000000
21047 12500
121952879 500000000
142910404799 62500000
0 1
171434119 200000000
786099277 500000000
34200169 62500000
7559375310873 1000000000
0 1
8580459 250000000
561958707 500000000
319591367 500000000
735176726483 500000000
0 1
23746131 25000000
25083 25000
445814767 500000000
765351282893 50000000
166640833 250000000
114617453 250000000
150132951 125000000
249673919 500000000
1668837094487 500000000
0 1
9276213 1000000000
893010269 500000000
57454117 62500000
202257810873 500000000
0 1
11278179 125000000
370481563 200000000
29551 50000
4153103 10000
33337 100000
60812259 200000000
23893841 20000000
92896793 250000000
2526656497 50000
0 1
125259129 200000000
552290399 500000000
314238043 500000000
374166593523 31250000
0 1
391369291 500000000
1885768123 1000000000
149023873 1000000000
290752032237 125000000
0 1
17431261 200000000
18492533 10000000
347401337 500000000
347261626023 125000000
0 1
542 625
245223599 200000000
24133261 250000000
1819689430879 250000000
249978333 250000000
4567199 6250000
1 1
139918951 500000000
441700912699 100000000
333470001 1000000000
491932457 1000000000
181055007 100000000
52896003 200000000
141349069039 125000000
99999 100000
107995787 125000000
140796723 125000000
8752367 62500000
802267148229 10000000
0 1
6686789 12500000
1363100387 1000000000
206716567 250000000
69143768537 25000000
0 1
177851411 200000000
177997347 125000000
24139947 200000000
5503841 500
0 1
254 625
124211363 62500000
4093 20000
23848255039827 1000000000
0 1
414463463 500000000
90613 50000
5066893 62500000
1606704505451 500000000
0 1
174744409 250000000
416797557 250000000
29225601 100000000
90648137687 200000000
0 1
216623897 250000000
1769298873 1000000000
11535751 100000000
112048021 50000
1 2
144131401 250000000
190681147 125000000
62141401 62500000
395481309021 6250000
0 1
630862503 1000000000
1608996623 1000000000
386870989 500000000
46502200263 10000000
0 1
4661929 250000000
187218577 100000000
390374621 500000000
221603024099 100000000
1 2
56682991 250000000
678260321 500000000
272428509 500000000
208221236279 125000000
0 1
4567 10000
499053413 250000000
278590451 500000000
1025541407131 250000000
1 2
570062317 1000000000
7231421 5000000
4493057 6250000
57114758601873 500000000
0 1
446408793 1000000000
326413389 250000000
324159623 500000000
27979978821 20000000
0 1
8043 10000
70378157 62500000
132314801 250000000
71414191481 10000000
0 1
42196583 125000000
264827409 200000000
356490657 1000000000
18692572261 250000000
333069997 1000000000
45556867 125000000
12886527 12500000
115866339 125000000
269351935303 125000000
83366667 250000000
39028911 100000000
85265463 62500000
1939 2500
7899376199 1250000
1 2
629425691 1000000000
121966099 100000000
980617461 1000000000
388706581153 500000000
0 1
15174369 1000000000
1190051717 1000000000
87193619 100000000
82702189751199 1000000000
0 1
62373021 250000000
22000629 12500000
79327 100000
4720320502899 500000000
666589999 1000000000
27421141 50000000
786276459 500000000
15927 16000
13013434013 12500000
1 2
16164749 500000000
10852199 6250000
13821773 100000000
1874145396403 1000000000
16669 50000
1303531 62500000
4972497 2500000
90064227 100000000
276495699 100000
0 1
110525661 125000000
446820343 250000000
488610821 500000000
3558581817 62500000
0 1
452576359 500000000
548872731 500000000
369342413 1000000000
2278215238581 500000000
0 1
341752759 500000000
340050321 250000000
146472057 1000000000
11470501723 7812500
76667 1000000000
25367487 200000000
1412064659 1000000000
14279467 15625000
7066744843 100000000
26667 1000000000
1 1
102627 100000
922337511 1000000000
206442195309 200000000
0 1
325666481 500000000
13903951 12500000
23900081 200000000
3141989295239 200000000
0 1
172248087 200000000
824382987 500000000
236861773 250000000
170694256909 100000000
0 1
62036949 125000000
303829979 250000000
240957593 500000000
13268727882203 500000000
1 2
72054213 500000000
449326211 250000000
100248467 250000000
2581224406019 500000000
1 2
224170363 250000000
242393393 200000000
81541127 250000000
1147084460687 100000000
1 20000
169549237 250000000
1563190419 1000000000
557467 25000000
638391905627 125000000
0 1
11262437 1000000000
980006473 500000000
128306963 250000000
840046839763 250000000
0 1
300110071 500000000
191734471 125000000
306076949 1000000000
330233761 100000
166790001 500000000
165572943 200000000
4762 3125
76062729 200000000
3020571931097 1000000000
0 1
108522517 200000000
1292330717 1000000000
134032807 500000000
6279308641 781250
0 1
1629 50000
178133443 125000000
142771043 250000000
134664543741 125000000
333308333 500000000
2379889 4000000
222971359 125000000
152771211 500000000
36503 1
0 1
42117873 62500000
110013711 100000000
57426327 125000000
56255161 10000
0 1
717010587 1000000000
151935383 100000000
176582041 200000000
30538505570791 1000000000
0 1
35793433 500000000
9248593 7812500
64501563 200000000
254686715631 500000000
0 1
24632817 100000000
196196623 125000000
61853751 100000000
273932906049 50000000
66637333 200000000
24810333 25000000
160129921 100000000
107363407 250000000
246519349 50000
0 1
5461 6250
3879 2000
300605757 500000000
1958308401823 1000000000
499963333 500000000
94750759 250000000
6781453 6250000
375748621 1000000000
33270527109 100000000
0 1
65248441 100000000
146638711 125000000
461385913 500000000
1717965151573 200000000
0 1
27869733 500000000
44838583 31250000
446331281 1000000000
997922310211 250000000
1 2
118436047 250000000
944508033 500000000
891386799 1000000000
358653810957 250000000
0 1
248761989 500000000
250799777 250000000
174060859 1000000000
3692002061 50000000
1 2
6280069 50000000
13381439 10000000
994 3125
11825069369 7812500
0 1
490936423 500000000
334176217 200000000
832669709 1000000000
148093758073 50000000
0 1
3383 10000
1307491781 1000000000
181552871 200000000
172523583953 1000000000
1 2
79342983 250000000
1682239881 1000000000
9755071 12500000
199641092851 200000000
1 2
72655177 125000000
312968729 250000000
230693949 250000000
2172856849699 1000000000
0 1
40231867 200000000
686106123 500000000
19536859 40000000
213964873 100000
0 1
165221067 250000000
736986859 500000000
188905053 250000000
465078633413 125000000
0 1
679661 50000000
1238551739 1000000000
8773111 25000000
228157003 100000
26667 1000000000
13082831 31250000
13768669 8000000
900318179 1000000000
6139557739439 500000000
0 1
175153917 250000000
128143997 100000000
779585639 1000000000
2601572400491 500000000
0 1
102693911 250000000
61051 50000
430157833 500000000
713060971837 200000000
0 1
16457 20000
184089119 100000000
9909759 25000000
1287899529913 250000000
1 2
113648209 500000000
229085359 125000000
14350781 25000000
565812766759 100000000
0 1
105969339 125000000
1806099587 1000000000
111671463 500000000
4066175766589 250000000
0 1
40931739 250000000
292751683 200000000
440790331 500000000
762688083019 500000000
0 1
110192699 250000000
1622520549 1000000000
88454909 100000000
1791632620923 125000000
0 1
122801307 125000000
663555813 500000000
91045297 500000000
2114108515407 1000000000
0 1
150611609 250000000
25080153 25000000
149759719 500000000
9457004970439 1000000000
1 2
614340061 1000000000
186023299 125000000
309981193 1000000000
2370021993 50000
1 2
197355653 250000000
257131587 200000000
10357121 125000000
15368820194681 200000000
0 1
4771 100000
30681 25000
58683989 500000000
90331087 20000
0 1
31021221 200000000
147506973 125000000
240993749 1000000000
4155814142023 1000000000
0 1
19200679 20000000
114252953 62500000
76530299 250000000
401756506139 100000000
1 2
8637509 12500000
320281467 250000000
14400873 20000000
2078896922699 1000000000
0 1
71672851 250000000
752439223 500000000
62971499 500000000
4515690959539 1000000000
0 1
707101 31250000
59237311 50000000
496060809 500000000
23149970183 12500000
666906669 1000000000
54571809 125000000
373362931 200000000
43423 100000
7677238377 10000000
0 1
53067791 62500000
750909801 500000000
8077553 100000000
15195909009649 500000000
999983333 1000000000
70034913 100000000
647484143 500000000
711979237 1000000000
2161749884963 250000000
999983333 1000000000
57633611 62500000
7460321 6250000
7809 50000
69301779 4000
1 2
817 3125
208374873 125000000
16912537 500000000
5014 1
35417 125000000
244365337 500000000
340715097 250000000
34169389 62500000
9719832939499 125000000
1 2
2927 6250
45082023 25000000
3429227 200000000
36291154117 100000000
0 1
4608887 25000000
893286761 500000000
844772799 1000000000
448058394249 100000000
0 1
64986113 100000000
1508457719 1000000000
58063877 62500000
389646942361 25000000
83369167 250000000
11054413 62500000
148429969 125000000
6218421 12500000
18719620328789 1000000000
0 1
5776063 250000000
444705257 250000000
15306967 50000000
254359230201 500000000
0 1
165297481 500000000
479972041 250000000
184074969 500000000
674249774331 250000000
0 1
249789569 250000000
848425809 500000000
182925679 250000000
22416666863 62500000
166633333 500000000
20041201 200000000
160967197 100000000
262095613 500000000
7999412613569 1000000000
66704667 200000000
20269 25000
90648807 62500000
325803959 500000000
327689851117 500000000
133303333 200000000
7004853 12500000
16797 10000
138507979 200000000
308779893859 100000000
0 1
189441299 500000000
164968693 125000000
818044641 1000000000
282260740441 125000000
666780001 1000000000
110726983 500000000
1395792623 1000000000
464596307 500000000
1576720094017 500000000
0 1
56009487 62500000
642003727 500000000
200254669 1000000000
3736611697 125000000
0 1
58214949 125000000
610853401 500000000
235564747 250000000
16578888444479 1000000000
0 1
83424803 100000000
2979167 2500000
192097081 250000000
565826978909 1000000000
83367917 125000000
71419161 100000000
255103273 250000000
123466219 500000000
176941024813 62500000
0 1
3064869 7812500
161036251 125000000
143473093 500000000
7737658433 5000000
0 1
27601397 100000000
943838313 500000000
5386859 31250000
11321504611653 1000000000
0 1
89926189 125000000
265317461 250000000
187135419 1000000000
1625630684861 250000000
133299333 200000000
371332121 500000000
495431467 250000000
200167079 1000000000
535993149207 250000000
0 1
883669239 1000000000
3737214 1953125
271327693 1000000000
18333187678949 500000000
0 1
82861271 100000000
11629857 10000000
2181 50000
26442861 2500
0 1
531338283 1000000000
1715777101 1000000000
95514553 250000000
47658387 12500
0 1
1 1
86792081 50000000
327981011 500000000
3276402794191 500000000
0 1
11593079 62500000
159428369 100000000
350372229 500000000
6672890431733 1000000000
0 1
135350213 250000000
368136001 250000000
58628733 250000000
574859321649 500000000
0 1
800951077 1000000000
1689800123 1000000000
170425443 250000000
1068726792507 1000000000
0 1
46683129 500000000
523786 390625
39016163 250000000
5465638671 15625000
1 2
101575909 250000000
171719843 125000000
223330149 250000000
32648403763 15625000
999899999 1000000000
199584107 250000000
1726900507 1000000000
244743829 250000000
60511843889 62500000
0 1
144015873 500000000
53602109 40000000
111154283 200000000
1305226936921 500000000
1 2
163615627 250000000
91961 50000
40757 50000
657139624901 250000000
1 2
196839837 200000000
600739627 500000000
162348461 250000000
276571652647 500000000
0 1
6364993 10000000
30889 25000
20317451 200000000
194172253671 500000000
0 1
96478239 200000000
175373 100000
138239649 250000000
2653733372499 1000000000
1 2
449289833 500000000
22283037 20000000
851376079 1000000000
79541333063 50000000
166701667 250000000
233982333 500000000
3911 3125
336862387 500000000
77893251 12500
0 1
150501719 250000000
29814829 15625000
183101159 500000000
18141891342077 250000000
66671 100000
84572053 500000000
559216177 500000000
149837479 500000000
854962348453 200000000
0 1
44066239 62500000
2947172 1953125
280650443 500000000
6105 4
0 1
206584323 250000000
570503503 500000000
127065747 250000000
11415281288957 200000000
0 1
161038297 200000000
68167631 40000000
0 1
67709834231 1000000000
0 1
48971 50000
804621767 500000000
1054 3125
367901385323 500000000
0 1
50418261 100000000
1067751823 1000000000
55479 100000
972655188069 250000000
0 1
4939051 50000000
776035751 500000000
69869633 200000000
15215080680677 1000000000
0 1
5891 12500
1242179121 1000000000
31747 62500000
3443385788807 1000000000
1 2
16089271 31250000
276805047 200000000
244218441 250000000
28594209754319 1000000000
0 1
64272023 250000000
153799477 100000000
43497523 50000000
17425625431 25000000
0 1
112077447 250000000
2323 2000
873620467 1000000000
110374593383 31250000
0 1
640323703 1000000000
20787 12500
725733777 1000000000
1131410206153 250000000
46667 500000000
343303 12500000
67447771 50000000
291254503 1000000000
399377853327 250000000
1 2
160507103 250000000
911627771 500000000
238314013 250000000
1747348603701 1000000000
1 2
162113123 250000000
100072521 62500000
51141269 125000000
6477855231137 1000000000
666726667 1000000000
60083951 125000000
13871 12500
574256063 1000000000
5858538948619 1000000000
166711667 500000000
118650467 125000000
795905609 500000000
428118941 1000000000
6945762969019 250000000
0 1
52603457 62500000
301936041 250000000
6225869 62500000
3948589206059 1000000000
0 1
210245907 500000000
216172241 125000000
1417653 200000000
1565022300119 500000000
0 1
130519503 250000000
86713099 50000000
402082393 500000000
172482289 50000
0 1
437896271 500000000
8626029 6250000
16273 20000
11232473150427 1000000000
0 1
52586629 62500000
585062293 500000000
656529317 1000000000
341851820471 100000000
0 1
72884623 200000000
1611 1250
497317223 500000000
1097754969859 250000000
0 1
154733573 250000000
986494499 500000000
85733837 500000000
427641742447 1000000000
0 1
17326293 100000000
80146037 62500000
62451 100000
474616736861 125000000
666926669 1000000000
23191967 125000000
148856521 100000000
7081627 8000000
297444657747 125000000
0 1
131185737 500000000
27673 25000
114736599 500000000
454885262601 100000000
0 1
9144411 12500000
228059261 125000000
159387461 200000000
1146672216151 1000000000
1 2
154358933 250000000
35067 20000
315759119 500000000
180641637 50000
0 1
355914679 500000000
96317719 62500000
401353227 1000000000
18652397 10000
0 1
23993149 250000000
203343983 200000000
997554099 1000000000
1472306768947 250000000
0 1
69 10000
9283 6250
22703567 50000000
5369603 6250
0 1
966686309 1000000000
43733529 31250000
32823929 40000000
99394800851 250000000
0 1
99912627 125000000
112768783 100000000
32312023 125000000
5774388585501 1000000000
0 1
89747851 125000000
1267579251 1000000000
129014729 500000000
3042710585873 250000000
0 1
87166491 250000000
424071757 250000000
10221401 31250000
745938267141 125000000
666409997 1000000000
343053999 1000000000
134089 100000
125486569 250000000
755977831757 250000000
0 1
1481121 15625000
8407277 5000000
10778877 100000000
1214176355091 250000000
1 2
8231301 12500000
28157 20000
1534031 62500000
9520597 25000
666579999 1000000000
97896117 100000000
116355221 100000000
213519577 250000000
206448201851 500000000
0 1
10296477 200000000
259866243 200000000
48739689 50000000
2630823417 50000
246669 1000000000
41586277 62500000
213381717 125000000
58521 100000
505049733307 125000000
0 1
714754817 1000000000
1896716737 1000000000
368424677 500000000
536468476619 1000000000
33337 100000
642533441 1000000000
232789631 125000000
228793241 500000000
139976300787 125000000
0 1
421771501 1000000000
4129 3125
7264077 15625000
856265290207 500000000
0 1
37421331 250000000
716794847 500000000
7461833 15625000
739322196327 200000000
0 1
96657899 100000000
225777587 125000000
191317641 500000000
13167581636949 1000000000
0 1
746019557 1000000000
59590071 40000000
200027081 250000000
3829212508587 1000000000
0 1
1079863 6250000
1105996439 1000000000
5464509 100000000
3704251979581 500000000
0 1
987519 25000000
45920883 25000000
402937123 500000000
2070781747107 500000000
0 1
607941863 1000000000
427639733 250000000
22028711 100000000
30358173 5000
1 2
21992627 1000000000
372587303 250000000
190967987 250000000
360935887827 1000000000
0 1
5509 20000
463845597 250000000
115755591 200000000
5818740958891 500000000
0 1
54098793 200000000
99159 50000
3094559 4000000
15615787381401 1000000000
0 1
1 1
30933 25000
1491241 250000000
3069259006183 1000000000
0 1
170479543 200000000
1512223051 1000000000
256437 15625000
10525511047833 500000000
1 2
730407201 1000000000
708882761 500000000
377096351 1000000000
26688155491 125000000
0 1
53063 100000
269543329 250000000
107606897 250000000
1075502209529 250000000
0 1
62649123 100000000
107251461 62500000
12239193 500000000
16184705200531 1000000000
0 1
995161733 1000000000
250813523 200000000
12517 25000
1305215924257 250000000
0 1
807528069 1000000000
812608083 500000000
142688057 250000000
14376050207013 1000000000
0 1
3903721 25000000
992684857 500000000
935908649 1000000000
13063218195001 500000000
0 1
44936663 62500000
1231975769 1000000000
280537833 500000000
266287929503 500000000
0 1
2495633 7812500
277322057 200000000
609548661 1000000000
13355048144297 1000000000
333376667 1000000000
201445491 250000000
31283569 31250000
233901859 500000000
33538545563 250000000
0 1
211822087 250000000
868685861 500000000
20896081 50000000
84042567291 125000000
0 1
164107789 200000000
119546591 62500000
4271 5000
26462291281 100000000
666936669 1000000000
17182117 200000000
257841683 200000000
748000487 1000000000
62655234213 100000000
333616669 1000000000
662291947 1000000000
5049 3125
57624419 100000000
135290957369 100000000
95001 500000000
12001 12500
445506777 250000000
30277013 31250000
426476964967 12500000
0 1
345737759 1000000000
87307923 62500000
199985917 500000000
290740051819 125000000
0 1
8083 10000
786873909 500000000
49303981 50000000
2888317275149 500000000
0 1
499 50000
1444494893 1000000000
45794059 125000000
144789039829 31250000
0 1
3118 3125
165717 100000
99253793 500000000
921091173421 500000000
0 1
24996043 40000000
9547 5000
2683903 31250000
2590555612377 250000000
0 1
829719797 1000000000
478681757 250000000
931199329 1000000000
779227907 100000
1 2
232605901 500000000
3893951 2500000
152612061 500000000
456983542743 200000000
0 1
17625349 125000000
1319373653 1000000000
767496163 1000000000
373705332321 200000000
1 2
8129 12500
1190865787 1000000000
485963167 1000000000
1115387964427 125000000
166554999 500000000
53579977 125000000
1563448233 1000000000
46324083 62500000
128170659 6250
0 1
7237 10000
98192681 50000000
172950921 250000000
1703 1
46667 1000000000
249281 1562500
318417961 250000000
459385901 1000000000
2127933028843 250000000
999973333 1000000000
192368781 250000000
1614672799 1000000000
757 1250
24945696821 100000000
0 1
7986873 100000000
137383 100000
43776951 250000000
149716117539 7812500
0 1
47422693 50000000
751865339 500000000
142086941 1000000000
2612450378007 200000000
1 2
102510337 1000000000
870767651 500000000
15403 25000
81018910319 8000000
0 1
5085749 7812500
179917537 125000000
245821143 500000000
12467941454051 1000000000
1 2
288949583 500000000
1989 1250
683 5000
60280694382643 1000000000
0 1
790631517 1000000000
504365627 500000000
16691 50000
64956673 10000
0 1
9268993 200000000
325451669 250000000
35716401 1000000000
3281403 10000
0 1
30896227 31250000
255844809 200000000
13014567 200000000
74250917151 1000000000
0 1
229342279 250000000
438737087 250000000
898314209 1000000000
21952639253 5000000
1 2
608989311 1000000000
807559403 500000000
36015209 500000000
22453176256711 1000000000
0 1
366665519 1000000000
56793599 40000000
81856821 100000000
162072831989 31250000
1 2
78038483 100000000
53827563 50000000
12609559 15625000
61965913 20000
999983333 1000000000
7707141 8000000
910629297 500000000
1257 10000
114186607277 50000000
0 1
2279 5000
1288137061 1000000000
1878573 3906250
63041237979 10000000
0 1
3755681 25000000
379278771 200000000
35192093 40000000
85391057971 25000000
133368667 200000000
886629973 1000000000
56161491 50000000
77003861 1000000000
2891003896019 1000000000
0 1
18231417 125000000
954428861 500000000
927621299 1000000000
455373488079 500000000
0 1
20539793 25000000
1131246171 1000000000
376093639 500000000
257360527069 500000000
0 1
55437461 125000000
71232651 50000000
6488473 31250000
830394101191 250000000
0 1
120401667 1000000000
98409923 50000000
726914021 1000000000
2877675336049 1000000000
0 1
87123697 250000000
1862146681 1000000000
82006709 100000000
331372633137 50000000
0 1
117636301 500000000
188825903 100000000
113355137 125000000
1603875598179 250000000
0 1
93274741 250000000
1701052397 1000000000
9317243 25000000
5329191 2000
0 1
868847203 1000000000
2123 2000
76633131 100000000
521683402977 200000000
666706667 1000000000
425113167 500000000
30483083 20000000
34056301 100000000
592825126021 500000000
133370667 200000000
1471 2500
912780763 500000000
39031987 100000000
5933716268713 1000000000
666683333 1000000000
105831133 125000000
786276143 500000000
2118841 12500000
960493173 100000
0 1
162175059 250000000
757045051 500000000
28784253 200000000
4094248344699 500000000
166643333 500000000
36450251 250000000
424714161 250000000
16475647 100000000
161872533 800000
0 1
120671731 200000000
1961000253 1000000000
2496971 250000000
118939950283 62500000
499963333 500000000
4720311 10000000
951018293 500000000
9327 20000
185167322909 125000000
666599999 1000000000
131002519 250000000
1722872653 1000000000
487845269 500000000
231097811943 125000000
1 2
115059087 250000000
666631013 500000000
294089519 500000000
496181523 100000
0 1
2095831 125000000
54948141 40000000
25677311 62500000
20977491389 7812500
999993333 1000000000
299 6250
52408679 50000000
90645817 100000000
134809520269 500000000
666653333 1000000000
38640763 125000000
127386229 100000000
218277011 250000000
67653944837 50000000
36667 500000000
14999429 50000000
154681619 100000000
59441949 200000000
2299441387237 1000000000
0 1
393532097 500000000
148783371 125000000
406873787 500000000
54157021 10000
0 1
2123009 62500000
196797 100000
227525479 250000000
739962597651 500000000
1 2
11545111 12500000
6423349 4000000
4557 12500
570828632439 125000000
0 1
17739541 125000000
249644231 125000000
4432841 100000000
1649219899553 250000000
1 2
1993 3125
264240361 200000000
33595871 100000000
1137836494463 500000000
166638333 500000000
6890051 7812500
478651883 250000000
4591 25000
268372322681 100000000
166780001 500000000
113426927 500000000
48173 25000
98639859 125000000
3109253682353 500000000
0 1
72976717 100000000
383142931 250000000
12383 12500
861274161437 500000000
0 1
59900839 500000000
3561 2500
132117777 250000000
1015626000599 200000000
0 1
84679727 500000000
1074051029 1000000000
525559157 1000000000
459852896767 250000000
0 1
666243549 1000000000
365038797 250000000
389260847 1000000000
4572002705427 200000000
0 1
26546647 100000000
367540903 200000000
96192911 250000000
21385043444867 500000000
0 1
24353 25000
97075521 62500000
484554691 500000000
1828047984461 500000000
1 100000
35147293 62500000
527110523 500000000
36762979 40000000
25012588265413 500000000
0 1
108732771 125000000
666820859 500000000
367505547 500000000
46973199519 200000000
0 1
5579 6250
901685559 500000000
47087319 500000000
6997966463 781250
0 1
4591027 200000000
63143149 50000000
887 1000
1842314339719 500000000
499914999 500000000
986456447 1000000000
189851883 100000000
110455373 250000000
297571097507 200000000
1 2
229973067 500000000
464033373 250000000
117693859 200000000
32989472249 500000000
0 1
10451581 12500000
27202957 25000000
129526413 200000000
504399993207 250000000
1 2
75560223 125000000
329947513 250000000
21900347 31250000
308348666381 250000000
0 1
207845807 500000000
780085443 500000000
56112989 62500000
138905103447 100000000
1 2
171059023 250000000
388729771 250000000
499435713 500000000
3033753961 1562500
0 1
336512033 500000000
48894641 25000000
103115939 250000000
4668719379 15625000
56667 500000000
149724531 500000000
691099443 500000000
6506177 8000000
1326960994069 500000000
333239999 1000000000
295005929 1000000000
87216181 50000000
8094009 10000000
696298876853 250000000
999983333 1000000000
96810457 125000000
24824797 12500000
328941181 500000000
351219795127 250000000
0 1
19962591 31250000
6913 5000
417448367 500000000
239845163 2500
0 1
3320163 20000000
224319797 125000000
40443749 125000000
1142994799 50000
0 1
931 1250
280988909 250000000
104646533 125000000
32242587427 31250000
83303333 250000000
1609 100000
41463147 40000000
33041577 250000000
142282128403 1000000000
0 1
820040199 1000000000
93307 50000
34225571 50000000
426994506217 500000000
1 2
143773581 250000000
18158831 10000000
124700013 500000000
661287257013 125000000
0 1
132799753 1000000000
963129433 500000000
54749891 125000000
306419733659 500000000
0 1
90575999 1000000000
175912653 100000000
439 5000
4464663271 50000000
0 1
51718091 100000000
181749909 100000000
47396873 500000000
2662111315521 1000000000
0 1
198040127 200000000
1681425041 1000000000
621600713 1000000000
7527908547 100000
0 1
274343449 500000000
309645657 200000000
213487031 500000000
84837700869 31250000
0 1
404847321 1000000000
47348371 31250000
159637429 250000000
1407416249791 500000000
0 1
49600817 100000000
366985763 200000000
29557851 100000000
607618199909 200000000
0 1
193967019 200000000
136501 100000
13113233 62500000
6126230361223 200000000
0 1
1293107 5000000
533077473 500000000
6299 12500
2467625793719 250000000
0 1
26609687 125000000
261277203 250000000
393385629 500000000
401112864181 100000000
0 1
34911241 100000000
90486799 50000000
242646193 250000000
730859974977 125000000
0 1
244364367 1000000000
449712243 250000000
80060407 500000000
384842838459 200000000
166780001 500000000
46185293 50000000
165708429 125000000
165893257 250000000
248845003523 250000000
0 1
435589493 500000000
356153897 200000000
166702191 200000000
4417119908387 1000000000
0 1
35909349 125000000
1918361779 1000000000
95574 1953125
170157381 100000
666599999 1000000000
25462951 500000000
223419259 125000000
31988009 125000000
2092745895827 1000000000
0 1
155799221 1000000000
926015349 500000000
233 3125
402439 5000
0 1
412610513 500000000
872784349 500000000
19546703 25000000
6546154495153 1000000000
1 2
28440343 125000000
1534089487 1000000000
57272229 500000000
2915915291979 1000000000
0 1
134386597 500000000
398743591 200000000
95870619 125000000
13632784870341 500000000
0 1
12331437 25000000
143057659 100000000
11981369 20000000
1856273961 100000
1 100000
280536701 500000000
625825263 500000000
390175439 1000000000
9976737 2000
66633333 200000000
44510281 250000000
4054 3125
167880071 1000000000
1736553074263 500000000
0 1
55229123 100000000
141362181 125000000
84299739 250000000
2820945239073 1000000000
499963333 500000000
410206371 1000000000
940869587 500000000
423717629 500000000
47326789487 20000000
166716667 500000000
338954943 1000000000
717884137 500000000
85470143 500000000
1241577786993 100000000
0 1
105016209 125000000
423958129 250000000
431535749 500000000
1874171884581 500000000
1 2
951279481 1000000000
65152899 50000000
862293 125000000
896876221 6250000
0 1
4865913 20000000
178863 100000
257020109 500000000
21535231578257 1000000000
666569999 1000000000
4843 6250
445518873 250000000
419410323 500000000
537485887997 100000000
1 2
92059007 125000000
232590169 125000000
91931 100000
12808373 100000
0 1
193495977 250000000
1500477767 1000000000
698405373 1000000000
8853063657 125000000
0 1
25090337 125000000
1 1
32045761 40000000
482799325943 125000000
0 1
178890253 250000000
1635121761 1000000000
42924349 100000000
110376567 25000
333303333 500000000
82590367 100000000
182543841 100000000
186712159 500000000
99837618331 100000000
0 1
5023331 7812500
917682943 500000000
10434707 25000000
315188435211 250000000
0 1
60123819 250000000
744577029 500000000
206375659 250000000
423279981753 1000000000
666643333 1000000000
127693 156250
369015659 250000000
969261189 1000000000
83114011017 20000000
0 1
13988113 40000000
119347819 100000000
21573421 62500000
642002673 100000
0 1
377537267 1000000000
1943 1000
899505529 1000000000
1580728581027 250000000
0 1
63722227 1000000000
303437319 200000000
54319513 125000000
2681814022951 250000000
0 1
56938997 500000000
70507927 40000000
924647881 1000000000
188930321291 250000000
0 1
51626313 62500000
76237237 40000000
423573769 500000000
1658859527679 25000000
0 1
25625723 62500000
96800463 50000000
19000723 500000000
21856043 6250
42667 200000000
96122607 200000000
299112869 250000000
102739159 500000000
26969524829 62500000
0 1
28246009 250000000
19551451 12500000
49363717 250000000
23032708493631 500000000
0 1
373041369 500000000
68948651 50000000
49109473 1000000000
75397007 12500
0 1
385485803 500000000
1468734167 1000000000
447132517 500000000
672055029699 500000000
499983333 500000000
145485439 200000000
56645493 31250000
137003127 250000000
126295124529 50000000
0 1
22063203 50000000
621727879 500000000
78367763 100000000
144508233337 50000000
0 1
1279 5000
32829 25000
310468 390625
496696229191 1000000000
1 2
148689599 1000000000
119358623 100000000
309 50000
5014367572621 1000000000
0 1
161131859 1000000000
239975121 125000000
476960661 500000000
467286190363 200000000
0 1
13113293 62500000
344107693 200000000
106058653 250000000
2032965624413 500000000
499973333 500000000
20995963 62500000
73490291 62500000
355418107 500000000
229298561851 125000000
34667 200000000
5170933 31250000
194300653 125000000
99378527 500000000
9673766177679 1000000000
0 1
13293553 20000000
1332358623 1000000000
2602193 3125000
3445148576027 1000000000
0 1
94032583 100000000
384249009 250000000
9445703 125000000
365625448449 50000000
0 1
5912591 12500000
1604262077 1000000000
3570069 250000000
7903444491331 1000000000
0 1
168767553 500000000
65722621 50000000
16918261 250000000
23476445427 125000000
36667 250000000
56624503 100000000
317375059 200000000
13660419 31250000
155647388309 250000000
0 1
40091099 62500000
169690059 125000000
64083889 500000000
816994137019 500000000
0 1
38932817 62500000
873883713 500000000
7327103 31250000
561980133 100000
66636333 100000000
24555309 125000000
55380929 50000000
6153521 500000000
1677402719833 200000000
1 2
48806713 500000000
17005257 12500000
60609107 100000000
240717288321 250000000
0 1
502398013 1000000000
25895071 20000000
642751367 1000000000
9784361151937 1000000000
0 1
64150061 100000000
976997099 500000000
470469847 500000000
1347007724639 500000000
0 1
34694959 100000000
72529407 50000000
43649017 62500000
50968565659 15625000
0 1
177384621 500000000
815374051 500000000
993440241 1000000000
3733153933507 500000000
0 1
2598853 25000000
13449 12500
164841493 250000000
12700552350489 1000000000
66639333 200000000
95401 50000000
25743821 20000000
59356581 200000000
241742244379 50000000
0 1
28930423 31250000
187456397 100000000
123542281 125000000
1334445037963 40000000
66706667 200000000
491640643 500000000
1037357827 1000000000
66580319 100000000
682136459951 125000000
1 2
34671 100000
92282113 62500000
6717147 31250000
3063290357 125000000
0 1
4594859 10000000
211039579 125000000
45903143 125000000
947066374873 25000000
32917 125000000
1219 1250
65449 50000
583457 1250000
2682178067 50000
0 1
673356891 1000000000
325928029 200000000
675291 12500000
239420209859 50000000
0 1
64771253 500000000
62819157 50000000
11774479 200000000
20474155533 31250000
0 1
1883 2000
51559999 50000000
3298269 7812500
5000534235543 500000000
0 1
4499 50000
1618758009 1000000000
58926847 62500000
1476474741797 1000000000
0 1
19394471 200000000
963461241 500000000
18784113 25000000
420744146127 250000000
166638333 250000000
137594363 500000000
86694779 62500000
124741773 125000000
153092015727 250000000
1 2
267037491 500000000
453922533 250000000
287475893 500000000
568358065677 125000000
1 2
396570683 500000000
18519217 10000000
119238897 200000000
1144086203 12500
0 1
45374967 100000000
516505551 500000000
57918539 200000000
286276036893 100000000
0 1
244145097 250000000
493118979 250000000
316687021 500000000
5278851197363 500000000
0 1
6672651 25000000
741979817 500000000
574250517 1000000000
2004701289543 200000000
0 1
4297211 5000000
905801959 500000000
233173491 250000000
505920049089 1000000000
1 2
231526627 500000000
1 1
123790299 200000000
3223331416397 500000000
0 1
71694261 125000000
953171919 500000000
102441197 125000000
123472530653 40000000
0 1
534719491 1000000000
512984907 500000000
14049821 250000000
3660803927 250000
1 2
406430953 500000000
15480367 7812500
101299 156250
885434822619 125000000
0 1
11571 50000
399559569 200000000
34111 100000
6970300342667 250000000
666579999 1000000000
90866329 100000000
729015051 500000000
931867311 1000000000
88373047559 50000000
333303333 500000000
51718249 250000000
206164259 125000000
486195589 1000000000
2056234241 10000000
0 1
453837367 500000000
192988709 100000000
133250327 250000000
385268582533 125000000
333123331 1000000000
491 4000
71522887 50000000
425429959 500000000
16945507342153 1000000000
0 1
31393813 250000000
1 1
554323003 1000000000
35397736271 62500000
0 1
57564479 100000000
175656581 125000000
406943 1953125
1010580467673 250000000
0 1
49214019 125000000
464450691 250000000
531 6250
29316833089 7812500
0 1
235975739 250000000
313483787 200000000
513854443 1000000000
252394027113 125000000
0 1
488316509 500000000
1719389249 1000000000
3048771 12500000
7189565883337 1000000000
0 1
792778627 1000000000
355766719 250000000
1862057 50000000
20117241070333 500000000
1 2
38713213 500000000
1961026913 1000000000
90709241 125000000
622907338 1953125
0 1
331066403 500000000
1854275423 1000000000
242110839 250000000
409589915793 1000000000
0 1
73945959 100000000
318141323 250000000
540923437 1000000000
493370145479 125000000
0 1
27711947 40000000
923342003 500000000
175827509 250000000
2098063107027 250000000
666906669 1000000000
60528031 100000000
236946047 125000000
50621651 100000000
445691512667 500000000
83369167 250000000
190244363 250000000
372418389 200000000
164479609 250000000
681573516697 100000000
0 1
5451931 125000000
173192997 125000000
18185989 31250000
48409973197 7812500
166709167 250000000
255411537 500000000
428755167 250000000
305992339 1000000000
112324794277 20000000
0 1
8680761 15625000
888086479 500000000
165417989 250000000
1667914981 25000
0 1
577197157 1000000000
1210416719 1000000000
1991977 31250000
1894213565549 500000000
0 1
62851697 200000000
290280573 250000000
32746507 50000000
17593251927 62500000
333254999 500000000
70970167 200000000
1486538797 1000000000
43391633 50000000
138114396079 50000000
33333 50000
16294037 25000000
1436322811 1000000000
58018083 62500000
1078915164897 500000000
0 1
36740473 62500000
62213417 31250000
29770571 50000000
1021311031673 250000000
1 2
345107153 500000000
265812603 250000000
94664987 1000000000
394796121619 500000000
0 1
18125383 25000000
976519 781250
197466973 250000000
1048924493457 500000000
1 2
759381663 1000000000
593953373 500000000
3039 20000
76806736659 50000000
66633333 200000000
791446077 1000000000
13377 10000
922115761 1000000000
671329206601 200000000
0 1
44328087 50000000
589501733 500000000
13197473 25000000
3332495852173 500000000
0 1
169997607 200000000
117391903 62500000
131368467 500000000
140410724813 50000000
0 1
102900239 125000000
1300039167 1000000000
944954167 1000000000
280899118899 125000000
0 1
6688977 1000000000
93035261 50000000
7657 20000
2856492658729 500000000
31667 125000000
390414199 500000000
218512729 125000000
51488351 100000000
908943309563 40000000
0 1
498902961 500000000
26988173 25000000
5153 12500
422361826221 250000000
0 1
371619243 1000000000
50297169 50000000
854551 12500000
38961765529 100000000
0 1
22105137 50000000
1359971257 1000000000
16627 25000
12696371797849 500000000
0 1
17359933 25000000
334174449 250000000
6846547 7812500
985771165337 500000000
0 1
470834573 500000000
905026967 500000000
45449317 125000000
9615747985607 500000000
0 1
30537327 125000000
1879169687 1000000000
1333831 4000000
1162619061 20000000
0 1
59078157 250000000
58854859 31250000
122667081 125000000
534365983 25000
0 1
2625369 500000000
440008021 250000000
47 625
3777636990589 250000000
0 1
19755981 100000000
236936771 125000000
943514831 1000000000
28462374593 12500000
0 1
77768851 200000000
84598787 50000000
56471 100000
535079923493 250000000
999783331 1000000000
42831311 1000000000
26771 20000
25156347 250000000
6120812936459 500000000
1 2
28126257 50000000
68323 50000
56823261 100000000
234382066199 500000000
666980003 1000000000
50205129 250000000
676988713 500000000
139802521 250000000
2404014922441 1000000000
166648333 500000000
59314423 62500000
835558767 500000000
24500727 31250000
1952907629213 50000000
0 1
129879761 500000000
231526293 125000000
40547043 125000000
69167978401 100000000
0 1
131 250
1919009763 1000000000
46971021 200000000
41190941 25000
0 1
51626619 250000000
136777921 125000000
65700613 125000000
131189790643 250000000
36667 1000000000
39287521 50000000
119978371 62500000
130014269 200000000
40234923334747 1000000000
0 1
220387 800000
142921 100000
75589943 100000000
6678709744267 1000000000
333440001 1000000000
889808559 1000000000
1855537203 1000000000
636382897 1000000000
686355890153 125000000
0 1
837970707 1000000000
987167279 500000000
54563143 250000000
1637165193687 500000000
0 1
141560429 500000000
28990049 15625000
39994773 100000000
4883517011 5000000
1 2
245321193 250000000
592524139 500000000
39553619 100000000
868354917953 100000000
0 1
15341717 50000000
33682687 25000000
363843 15625000
3791317972447 1000000000
0 1
41660663 50000000
72377613 50000000
643456177 1000000000
578718172493 40000000
166574999 500000000
436371993 500000000
136461 100000
104308887 500000000
43577643419 3906250
46667 1000000000
19128921 50000000
462920141 250000000
8166553 50000000
167131629491 25000000
1 2
48289191 50000000
829114293 500000000
45500191 125000000
1647525604193 500000000
1 25000
361106109 1000000000
235017477 200000000
49683851 62500000
6555282419021 1000000000
0 1
23993741 31250000
83671731 50000000
345829963 500000000
1527101197827 500000000
6667 20000
509714773 1000000000
328974673 250000000
19491181 25000000
182569329393 125000000
0 1
766393053 1000000000
67111009 40000000
73050557 125000000
4517314230063 500000000
0 1
108609181 200000000
1105525989 1000000000
5855697 25000000
456781492083 250000000
66710667 200000000
136194651 250000000
66220227 40000000
65497 250000000
17826677059431 1000000000
0 1
54971223 500000000
1408853483 1000000000
16482283 20000000
278101353323 500000000
41635833 125000000
34077317 100000000
101495043 62500000
6363561 100000000
88924997533 100000000
0 1
651980193 1000000000
723712763 500000000
4403 5000
21716340682787 1000000000
0 1
6444393 200000000
90137831 50000000
77193929 100000000
358291145571 50000000
0 1
15413 100000
677684027 500000000
24724903 40000000
18352029743221 1000000000
0 1
316872827 500000000
689142433 500000000
0 1
3069023704027 1000000000
0 1
244055807 250000000
587457279 500000000
37671 100000
43648507889 25000000
1 2
310956957 500000000
7091 6250
2381051 3125000
217558741 25000
124970833 125000000
206486351 250000000
1894479761 1000000000
223311217 250000000
175267723 6250
33333 50000
204022183 250000000
365511817 200000000
444700779 1000000000
1729780117 8000000
0 1
6186153 40000000
113472361 62500000
358309637 1000000000
128249369 20000
0 1
32134923 62500000
784846681 500000000
96195803 125000000
3148240463613 500000000
0 1
187153523 250000000
3563 3125
546249099 1000000000
5829522452251 250000000
1 2
430280663 1000000000
371633669 250000000
22305521 100000000
1245881136143 500000000
333366667 1000000000
2362883 5000000
1703811 1250000
361374757 1000000000
8832141625211 1000000000
0 1
90559227 100000000
1181186187 1000000000
205380963 250000000
105963634607 62500000
0 1
76324203 125000000
16448309 12500000
37903317 500000000
1663316864453 50000000
166706667 250000000
641969 12500000
1574194343 1000000000
883600477 1000000000
44365359428641 1000000000
333366667 1000000000
614035629 1000000000
300854309 200000000
107038191 500000000
344348983607 500000000
41667 500000000
32030469 125000000
484639037 250000000
698649621 1000000000
33571985253 10000000
0 1
217943359 250000000
179827 100000
299 400
35992579 12500
0 1
17135961 125000000
78208657 62500000
60398563 500000000
1897194573903 500000000
0 1
451996691 500000000
467881649 250000000
46621817 62500000
67310432797 31250000
666653333 1000000000
1831061 100000000
578315281 500000000
1567637 8000000
1187596806499 40000000
33333 50000
23487 25000
1485932991 1000000000
117728573 250000000
31457329753 500000000
0 1
462868273 500000000
1736400909 1000000000
425711471 1000000000
666247107767 40000000
1 2
7881 20000
1278922587 1000000000
99797541 125000000
52095619 25000
0 1
574627597 1000000000
9091 6250
92643379 250000000
20900841377 25000000
999783331 1000000000
1 1
1196546193 1000000000
80137037 250000000
1877530329249 500000000
83295833 250000000
392803 62500000
37153053 25000000
188871381 200000000
7351577112191 1000000000
1 2
26889921 100000000
303500121 250000000
177090831 250000000
1015772428947 125000000
0 1
31976383 50000000
19397 12500
232187429 500000000
515219749149 250000000
1 2
75025603 125000000
1044225341 1000000000
73899 100000
3985045231809 1000000000
0 1
301570729 1000000000
427229973 250000000
379078131 500000000
3430117639751 500000000
83305833 250000000
2070907 15625000
103620453 62500000
39267837 50000000
182637278 3125
666579999 1000000000
19564657 62500000
695780667 500000000
78190211 100000000
1263601416559 1000000000
0 1
367588351 500000000
85950823 50000000
402936631 1000000000
1060870604041 1000000000
0 1
4793069 10000000
422557041 250000000
86209339 500000000
66459211901 50000000
1 2
38258153 250000000
126212111 100000000
13079329 125000000
857310465757 500000000
0 1
96284627 500000000
220322619 200000000
19847753 100000000
2289566476871 250000000
1 2
17472331 200000000
110593731 100000000
40314211 50000000
131273322829 250000000
0 1
6832389 50000000
119749259 100000000
63268273 200000000
528858098859 250000000
166579999 500000000
43864151 125000000
1527905289 1000000000
23738313 100000000
30053093237057 500000000
1 2
76821 100000
55062181 50000000
1301 2000
181685851 12500
0 1
84130929 125000000
1939083267 1000000000
631585393 1000000000
704667358901 200000000
0 1
844583227 1000000000
317581911 200000000
276514289 500000000
71502683829 62500000
1 2
1725659 40000000
1757300679 1000000000
30852941 50000000
2325442142983 1000000000
0 1
46230453 125000000
1252759921 1000000000
49797171 50000000
2928907514149 1000000000
0 1
970062021 1000000000
117650731 100000000
71869233 500000000
727244045121 500000000
0 1
1974991 3125000
17557 10000
258267219 1000000000
158121558693 12500000
0 1
415987009 1000000000
352298117 200000000
235063603 500000000
130016516623 25000000
0 1
219299 320000
1691 1250
21293849 250000000
1697101879169 500000000
0 1
76525643 250000000
486593323 250000000
474120509 500000000
258336183261 100000000
1 2
175112881 200000000
181593191 125000000
74253 100000
1715717147873 250000000
133301333 200000000
4548017 50000000
196735773 125000000
35520659 62500000
3497167262043 1000000000
0 1
100376617 250000000
1702592769 1000000000
801303997 1000000000
399316444427 500000000
0 1
21000913 25000000
182937809 100000000
2669829 125000000
41492328767 31250000
1 2
32981761 200000000
17296009 15625000
943961323 1000000000
2504831 625
0 1
277 800
568197629 500000000
151289833 200000000
106402553323 50000000
666736667 1000000000
4454841 250000000
1063092849 1000000000
48575181 125000000
2335208314281 1000000000
166706667 250000000
884552587 1000000000
676621943 500000000
34903223 250000000
422645200013 200000000
0 1
790512827 1000000000
172891777 100000000
175480609 250000000
1148584869049 500000000
0 1
48407 50000
908223251 500000000
31334373 250000000
532875843181 200000000
0 1
820677363 1000000000
1707537091 1000000000
4688901 62500000
474324992261 100000000
0 1
28350989 50000000
331511477 250000000
110561209 125000000
949873145541 1000000000
1 2
442177081 1000000000
225972079 125000000
49722243 100000000
7418159350293 1000000000
0 1
9922661 12500000
82698561 50000000
39322777 62500000
422170233791 40000000
0 1
26227351 100000000
190317 100000
232172221 250000000
5583035656143 200000000
66669 100000
8631489 20000000
868116559 500000000
239918243 1000000000
706810294703 500000000
333376667 500000000
22109189 50000000
917508081 500000000
293028237 1000000000
439302449481 250000000
1 2
88852581 100000000
213004277 125000000
189609767 500000000
441308071517 100000000
0 1
293057629 1000000000
333093973 250000000
514086717 1000000000
60124015429 100000000
666800001 1000000000
7867133 10000000
57655841 50000000
41271017 100000000
92266810617 100000000
0 1
322623317 500000000
370161207 250000000
324038451 1000000000
65498888231 250000000
0 1
408786483 1000000000
119985789 62500000
3183 5000
900530703919 200000000
0 1
1741569 3125000
906828619 500000000
7928879 31250000
5809350690209 200000000
0 1
518130427 1000000000
1803606501 1000000000
44971009 62500000
16510649149 31250000
46667 1000000000
697554603 1000000000
564475119 500000000
115130919 1000000000
412858551763 250000000
1 2
42388239 125000000
679402347 500000000
764011943 1000000000
12862988975871 500000000
499978333 500000000
28268311 31250000
11907 10000
629082379 1000000000
161245420249 25000000
0 1
235117347 250000000
1083552777 1000000000
254655779 500000000
690625513257 500000000
0 1
40122691 100000000
317670207 200000000
21238129 500000000
2160695449663 500000000
0 1
84046479 125000000
812707899 500000000
16794233 500000000
2016882020343 500000000
666716667 1000000000
7070487 7812500
123257977 62500000
19682897 31250000
8390978443819 1000000000
0 1
139451913 250000000
213993403 200000000
133737997 250000000
20164467081 7812500
0 1
76113387 1000000000
85679677 50000000
496872417 500000000
418038408489 500000000
0 1
42393811 200000000
65718141 62500000
340726287 500000000
586735880891 125000000
999719997 1000000000
41977 100000
72219 50000
30390277 500000000
166002771567 50000000
0 1
16086307 20000000
162040657 100000000
892135851 1000000000
2027297323049 1000000000
0 1
174937899 200000000
133786753 125000000
68345141 500000000
2482428275831 100000000
1 2
839144237 1000000000
2167 2000
11912379 40000000
98051111 50000
0 1
109263043 125000000
129074317 125000000
83612179 125000000
9286733 6250
83308333 250000000
44339 50000
639058887 500000000
30967917 250000000
1521940713 50000
0 1
178229347 200000000
1314271727 1000000000
195086529 250000000
2711824924131 1000000000
0 1
6028483 500000000
79378231 50000000
32802211 250000000
62693257489 250000000
32667 200000000
456481203 500000000
129733897 100000000
203060029 250000000
577623184421 1000000000
333420001 1000000000
559 50000
43921 25000
13783801 125000000
107689197583 20000000
0 1
6853 25000
9483 6250
103728901 125000000
914926252137 500000000
499973333 500000000
82031519 200000000
397635067 250000000
197449377 250000000
3831498047039 250000000
0 1
37567807 40000000
487637593 250000000
186170261 500000000
438361937359 200000000
0 1
111168087 200000000
436304557 250000000
32063 100000
1808387926619 1000000000
1 2
98583677 125000000
821334073 500000000
36444483 62500000
58173175129 50000000
249968333 250000000
722101877 1000000000
195438777 100000000
16562311 25000000
6999193209943 1000000000
666706667 1000000000
40376921 200000000
949551231 500000000
36871789 100000000
399303904977 31250000
0 1
288220447 1000000000
32007699 25000000
187725411 500000000
3380834342387 500000000
0 1
174 625
369356753 250000000
38621807 250000000
907483831973 500000000
0 1
9348919 40000000
1013658953 1000000000
192654251 500000000
13155871397 10000000
0 1
10322897 15625000
293989853 250000000
94611809 125000000
5178411169539 1000000000
0 1
120202907 500000000
587129239 500000000
55556859 100000000
12912552 3125
333490001 1000000000
193873181 250000000
712435873 500000000
127060159 500000000
19005283569357 500000000
666653333 1000000000
456131883 500000000
410551471 250000000
145660363 200000000
40923682971 40000000
0 1
7484713 200000000
107325811 100000000
146452529 250000000
506489163121 125000000
0 1
190371291 500000000
648018237 500000000
4295389 5000000
115255278699 500000000
0 1
18307391 50000000
121778969 62500000
6099 50000
406263684391 250000000
0 1
567634377 1000000000
5251 3125
6656939 10000000
882564 625
666569999 1000000000
295528931 500000000
1571949729 1000000000
128535107 250000000
12270127117 3906250
0 1
46206461 100000000
32278289 25000000
104509893 125000000
21068147059 25000000
0 1
15809697 25000000
1374448103 1000000000
550236757 1000000000
854321915847 1000000000
0 1
55038489 125000000
1671343081 1000000000
444315939 1000000000
799017949219 200000000
0 1
55139191 250000000
918013733 500000000
39100799 62500000
31105439579 7812500
1 2
173018103 200000000
878918189 500000000
16508551 62500000
90574072421 250000000
0 1
57008137 62500000
43343121 31250000
278493921 500000000
3890036175061 500000000
0 1
46981561 125000000
693537767 500000000
3841971 3906250
317317153553 62500000
0 1
949648131 1000000000
296858461 250000000
587451 2000000
391514478447 50000000
0 1
798786853 1000000000
145881301 100000000
172285479 200000000
149111616219 25000000
333293333 1000000000
20434569 25000000
1540139967 1000000000
19904409 250000000
17053682975699 500000000
0 1
184983183 200000000
1268661 1000000
116060689 250000000
526637027007 1000000000
0 1
88188077 125000000
348070201 250000000
594801 10000000
38159177927 31250000
1 2
5339811 12500000
463949213 250000000
36974421 40000000
720990618341 1000000000
0 1
81081757 200000000
4668 3125
396442091 1000000000
394496398137 250000000
1 2
4778879 7812500
235798501 200000000
17250123 50000000
16450102567 31250000
0 1
27145491 250000000
534008553 500000000
357926293 500000000
54286759647 1000000000
0 1
76297291 250000000
11341099 8000000
165810577 250000000
3645129641213 1000000000
0 1
567375371 1000000000
278747577 200000000
747204759 1000000000
131576994599 20000000
0 1
271646399 500000000
484734057 250000000
53738871 250000000
58049717443 12500000
0 1
159631479 200000000
873464237 500000000
210286947 500000000
166485379633 50000000
0 1
83325097 125000000
53494571 31250000
884500331 1000000000
10432191 6250
0 1
241483889 250000000
195731177 125000000
450961423 500000000
6789615411031 250000000
0 1
4878041 10000000
171070987 125000000
11779007 25000000
418644606481 250000000
40667 200000000
837080277 1000000000
20302937 15625000
83109389 250000000
1182597062737 200000000
4167 12500
586377323 1000000000
305153713 250000000
184109647 250000000
8739257 1000
0 1
181468143 1000000000
29748979 25000000
85386727 200000000
666013853121 250000000
166643333 500000000
63490977 200000000
126736267 125000000
26806883 40000000
298063812863 1000000000
0 1
8052623 62500000
502254121 500000000
376722057 500000000
575992759011 250000000
0 1
43892489 125000000
1747004729 1000000000
237556607 1000000000
65169578381 50000000
0 1
38749269 100000000
22137 12500
1486321 62500000
212464404737 125000000
36667 500000000
675373 781250
162626017 125000000
7901739 125000000
216488230241 15625000
0 1
23323 100000
43990603 31250000
229727243 500000000
5023479 4000000
166696667 250000000
70011271 200000000
46744257 31250000
5457 12500
551704169369 12500000
0 1
130470373 1000000000
321970841 250000000
5933281 7812500
1750239405717 250000000
0 1
499049427 500000000
2012397 1600000
14580571 20000000
158839638003 500000000
0 1
347341613 500000000
21847553 12500000
8047261 62500000
268564283 100000
666643333 1000000000
86960881 100000000
179813781 125000000
4603793 7812500
1769313145263 500000000
0 1
72862417 200000000
326351033 200000000
33698721 50000000
4358773307333 125000000
1 2
71677489 125000000
313305127 250000000
94693 100000
1564789969 100000
0 1
43572681 62500000
287590031 250000000
230359387 500000000
1026070217457 125000000
0 1
217145773 250000000
407035609 250000000
15028599 250000000
652566015493 50000000
0 1
233022563 1000000000
380846323 200000000
481945269 1000000000
81837601881 62500000
1 2
1 1
325341361 250000000
80476023 100000000
22873620543 250000000
0 1
5503309 10000000
21311 20000
15601413 25000000
40876178709 10000000
0 1
14991799 125000000
254431939 200000000
177680559 200000000
130590545413 50000000
249973333 250000000
8718427 20000000
1114896347 1000000000
167070953 500000000
1750039637 5000000
333333333 1000000000
93677299 200000000
75852087 50000000
10753 50000
61857194423 250000000
83300833 250000000
306593291 500000000
345028963 250000000
9553 50000
5957 1
0 1
1126671 2000000
417115819 250000000
260427303 500000000
969643300017 500000000
0 1
3934503 7812500
1482004217 1000000000
470981473 500000000
2070601832071 500000000
0 1
488940489 1000000000
114367093 100000000
55291801 62500000
944899906911 6250000
0 1
30312101 125000000
371583487 250000000
55952143 1000000000
427043123013 125000000
0 1
118091337 200000000
688062173 500000000
6832797 125000000
1554739770699 500000000
999909999 1000000000
54148923 100000000
113878403 62500000
0 1
3489088487 200000000
0 1
26809569 31250000
320133041 200000000
142618521 250000000
53675674109 250000000
0 1
37192327 125000000
193321 100000
2885289 250000000
1876012645787 500000000
0 1
114381891 125000000
33819 20000
81003037 1000000000
485347066873 500000000
499968333 500000000
432591281 500000000
965834467 500000000
838908317 1000000000
433759799827 250000000
0 1
38983421 100000000
875359529 500000000
8215993 100000000
949104843363 500000000
0 1
178604591 200000000
219498137 200000000
14890921 20000000
3475537014149 62500000
999793331 1000000000
303935577 1000000000
1761725671 1000000000
115220053 250000000
6017415752707 1000000000
0 1
144093441 200000000
37139399 31250000
145038909 500000000
797671438873 250000000
0 1
105925049 200000000
123228757 100000000
94965037 125000000
1482041445507 500000000
1 2
34251301 125000000
484252583 250000000
6027317 50000000
13011023 10000
333059997 1000000000
12312649 62500000
103531 100000
98092381 100000000
14595591077 10000000
6667 10000
135268201 500000000
836272377 500000000
1424961 3906250
37774598413437 1000000000
0 1
7670063 100000000
706844333 500000000
170869047 250000000
1335781618743 500000000
0 1
59604581 250000000
56740463 40000000
10417161 100000000
765625222573 200000000
0 1
25643171 62500000
881090909 500000000
32581 50000
233484849217 250000000
0 1
746431219 1000000000
298400763 200000000
283991119 1000000000
474189091953 100000000
0 1
11373 100000
117899993 62500000
12624103 500000000
5338586781863 500000000
100001 1000000000
14421 100000
481765263 250000000
147799063 200000000
2675189768483 200000000
0 1
3848013 8000000
715152939 500000000
48234693 1000000000
676594023221 1000000000
0 1
71676109 500000000
212891491 125000000
324099043 500000000
907945510753 250000000
6667 20000
37096559 200000000
277915371 250000000
90901999 500000000
181719351 5000
0 1
181119353 250000000
817840389 500000000
69374877 100000000
4406220605127 500000000
0 1
31879453 50000000
245505999 200000000
115969219 125000000
814265486977 250000000
0 1
6942407 12500000
1486768571 1000000000
5956377 200000000
323950292241 62500000
0 1
26482077 125000000
900035263 500000000
12077553 12500000
47921391211403 1000000000
100001 1000000000
60551861 100000000
929410701 500000000
8929 12500
1042130215617 250000000
499968333 500000000
34209297 40000000
49751259 31250000
10646059 20000000
15696517683 8000000
0 1
53940031 200000000
1275490993 1000000000
76557349 100000000
1055019143387 125000000
0 1
83929001 100000000
32471819 31250000
77841557 200000000
392742864619 200000000
0 1
539292093 1000000000
19270727 10000000
8097 10000
115315617 50000
249968333 250000000
17341 25000
95984401 50000000
23224183 100000000
16785451639 31250000
0 1
19003 100000
1426493967 1000000000
2204631 2500000
181627872003 500000000
0 1
736681 8000000
125521707 125000000
16347 20000
52680983767 125000000
3 100000
11590289 20000000
177688163 125000000
26361331 62500000
559304981441 100000000
999919999 1000000000
353349653 500000000
375980261 200000000
357132263 500000000
307586983573 62500000
166770001 500000000
3507309 10000000
59574109 40000000
1020033 5000000
22947996739 125000000
0 1
1977 6250
960582487 500000000
0 1
10737390340103 500000000
0 1
117463143 250000000
317100047 250000000
496239691 500000000
940007301309 1000000000
0 1
61121807 200000000
1647619103 1000000000
6862687 62500000
1587603047543 125000000
0 1
39303137 100000000
40229153 40000000
236213493 1000000000
801081377201 200000000
333440001 500000000
175645009 500000000
359619537 200000000
79937 100000
2096811453099 125000000
0 1
47296543 125000000
1830340743 1000000000
104035271 200000000
67238491273 62500000
0 1
5147 25000
34989501 25000000
171716673 200000000
1096125931983 500000000
0 1
5792053 7812500
79618027 40000000
124662101 250000000
832879121193 500000000
1 2
6170009 15625000
25678263 25000000
36029421 62500000
1715041251 100000
0 1
15149 25000
518289697 500000000
114943507 250000000
268237816811 250000000
0 1
32299261 40000000
382220607 250000000
182872899 200000000
4934155312941 500000000
1 2
460113697 1000000000
38918693 25000000
138022223 1000000000
405369941703 125000000
0 1
125548273 250000000
32056039 25000000
20983 100000
60654039 12500
999909999 1000000000
21315877 50000000
5098 3125
2472 3125
56070978003 125000000
666726667 1000000000
120730137 1000000000
716356817 500000000
407526943 1000000000
35188824973 20000000
1 2
7321779 10000000
141974439 100000000
2752959 3906250
14417610670103 500000000
0 1
10328723 31250000
4824 3125
190800721 200000000
966059875837 250000000
6667 20000
22559 25000
29854583 15625000
2699609 15625000
92441418291 100000000
0 1
12973849 62500000
112260661 62500000
64558049 100000000
4963776530947 1000000000
199971333 200000000
25042449 62500000
316558863 250000000
9834403 50000000
482855236823 125000000
0 1
41047083 100000000
188743043 125000000
449605641 1000000000
283189954543 250000000
0 1
497976983 500000000
957447739 500000000
100033609 125000000
87473249 12500
0 1
13313007 31250000
128659629 100000000
180069287 250000000
119072061403 62500000
0 1
13193 50000
8737479 6250000
438338871 500000000
2718052638241 40000000
333366667 1000000000
428113293 500000000
849505509 500000000
63616627 500000000
548354781 250000000
666916669 1000000000
133 250
26477 25000
91241013 200000000
4145095631949 125000000
0 1
61420741 100000000
85710067 62500000
8131383 200000000
240614096839 250000000
0 1
2433 5000
243012137 200000000
972233 125000000
4907429 12500
0 1
111410053 125000000
563393693 500000000
82570029 100000000
66179635701 200000000
0 1
1241063 5000000
526400969 500000000
68968171 100000000
10309133707 1000000000
0 1
107389813 125000000
7788571 6250000
330814073 500000000
5788936403 10000000
0 1
45051581 500000000
818242671 500000000
25529691 50000000
478041563453 62500000
0 1
55531209 200000000
207355139 125000000
112461783 200000000
2619882483839 1000000000
120001 1000000000
148135269 250000000
118224579 100000000
98924193 125000000
586767236851 1000000000
0 1
105263089 125000000
1408461707 1000000000
42175669 250000000
387834273 50000
0 1
869972297 1000000000
196221 100000
85540557 500000000
1366803388949 250000000
0 1
554735009 1000000000
987643487 500000000
76395433 100000000
1409404667057 500000000
1 2
95530247 250000000
11013171 8000000
79421509 100000000
16770864813 8000000
0 1
2209 6250
1027558823 1000000000
161774609 500000000
253088099669 125000000
0 1
581253123 1000000000
404154543 250000000
444510733 500000000
1151672973149 500000000
0 1
180814341 500000000
1283166897 1000000000
29352903 100000000
511306887869 62500000
0 1
26554491 50000000
160420289 100000000
28121137 62500000
1823758464591 250000000
0 1
183477839 500000000
195428531 100000000
97637527 125000000
23208086983 50000000
0 1
142698637 250000000
655567099 500000000
227255657 250000000
898517509211 125000000
0 1
77075007 100000000
392345079 250000000
46622283 125000000
71963560339 250000000
666369997 1000000000
328066003 500000000
308930233 250000000
0 1
411273399079 40000000
0 1
70024967 125000000
5616 3125
14239 50000
126760441 6250
0 1
14970489 200000000
1616750617 1000000000
4444179 5000000
1104060607099 1000000000
0 1
86571047 100000000
902084231 500000000
18548259 20000000
252508066669 250000000
166645833 250000000
45917161 125000000
183389549 125000000
419052813 1000000000
1789262955323 250000000
0 1
2067 12500
1816633657 1000000000
239870193 1000000000
428127038529 8000000
83374167 250000000
387651529 1000000000
194451031 125000000
8327 25000
8289484564369 1000000000
0 1
81127747 125000000
210470481 200000000
15373567 100000000
7014736893859 500000000
0 1
409100503 500000000
53813 50000
22646511 200000000
616234536317 250000000
0 1
59321847 500000000
113741001 62500000
13881071 62500000
1476462336299 1000000000
0 1
4921023 12500000
108607281 62500000
29930287 62500000
80605367 50000
0 1
170560447 250000000
679124047 500000000
823207813 1000000000
16214626244473 1000000000
0 1
281309647 1000000000
208733651 125000000
46998929 100000000
733677668549 125000000
0 1
144354067 500000000
246957043 125000000
14320271 20000000
1668713006151 250000000
0 1
484091281 500000000
283143283 250000000
133692653 200000000
607492445467 500000000
0 1
75850977 250000000
197124891 125000000
14624563 125000000
10800468933 12500000
0 1
277206497 500000000
162790591 125000000
144076399 500000000
121923328129 40000000
0 1
8518489 50000000
1329788703 1000000000
5753787 200000000
151971943327 200000000
0 1
11139379 25000000
656178281 500000000
44727591 50000000
1268668389947 250000000
0 1
927665589 1000000000
15560883 8000000
78734357 250000000
1626836027821 1000000000
1 2
166295519 200000000
298817139 250000000
51147039 250000000
1712649507689 500000000
166658333 500000000
33769903 200000000
191517423 125000000
2296749 4000000
6894042687999 1000000000
249963333 250000000
1493079 40000000
755973943 500000000
28001 100000
4036006857 100000
1 2
52854441 62500000
1094967211 1000000000
2169261 125000000
578981231 50000
0 1
135456829 250000000
26686503 15625000
93284941 200000000
1541786159743 125000000
0 1
17309 50000
1900606331 1000000000
152795303 1000000000
584728029709 250000000
666579999 1000000000
1 1
1719460721 1000000000
3181319 40000000
25098491351 25000000
0 1
25699623 250000000
393254501 250000000
1219 5000
979489523617 250000000
0 1
37968419 125000000
450996827 250000000
205894121 250000000
287749813 50000
0 1
1168741 15625000
12359 6250
43828037 50000000
11127435841 100000000
1 2
1105101 7812500
22281 20000
477435189 1000000000
27218226929 125000000
36667 1000000000
555600469 1000000000
282072653 200000000
167485743 200000000
472668672113 100000000
0 1
19006941 40000000
555976993 500000000
472519321 500000000
166228626093 125000000
166648333 500000000
229244561 250000000
253229003 200000000
77275519 100000000
476630824731 200000000
0 1
494595091 500000000
1506479871 1000000000
300161177 500000000
19735914344331 250000000
66706667 200000000
6784271 25000000
1572582761 1000000000
37026961 62500000
303800505089 12500000
0 1
67969247 125000000
59565177 31250000
20855341 25000000
1008124664313 500000000
666716667 1000000000
576540669 1000000000
1670015289 1000000000
65338031 100000000
3468084575833 500000000
0 1
456397229 500000000
203758591 125000000
28558323 125000000
1761966991231 200000000
1 2
96643139 125000000
640670747 500000000
34733579 50000000
195806689441 50000000
0 1
928097557 1000000000
123351879 62500000
97593781 500000000
219163445681 62500000
0 1
20521 25000
18279021 15625000
678911451 1000000000
1933149188119 1000000000
0 1
181619129 500000000
26171 25000
377559371 500000000
74743016701 20000000
0 1
22352233 250000000
129643533 125000000
18250291 31250000
4793035457961 1000000000
0 1
177252219 250000000
726231961 500000000
10821483 40000000
95934253077 500000000
0 1
76590563 125000000
103734463 62500000
439707821 500000000
345470026023 100000000
0 1
130107219 200000000
81550239 62500000
93978087 100000000
1083430116431 250000000
39167 250000000
1373367 1953125
36146529 25000000
483123297 500000000
2402890310579 500000000
0 1
45655883 100000000
1827746821 1000000000
5263609 1000000000
1281333279101 250000000
1 2
483080051 500000000
527527597 500000000
41368167 50000000
6556386420603 500000000
56667 1000000000
144560231 1000000000
74419 50000
97652123 500000000
78779371 20000
199967333 200000000
262089441 500000000
155065799 125000000
291154229 500000000
26774845451 50000000
0 1
212143799 1000000000
77393169 40000000
29987697 200000000
222415773183 125000000
66708667 200000000
2899249 62500000
276254061 200000000
48860753 50000000
2190424897687 500000000
0 1
4562881 6250000
21049733 15625000
105994963 500000000
383087270577 125000000
0 1
914095327 1000000000
900247733 500000000
56825507 125000000
2220873980519 1000000000
0 1
925462221 1000000000
367459763 250000000
302519187 500000000
8142707289511 1000000000
1 2
335281017 500000000
982243083 500000000
421779643 500000000
2823678054979 50000000
0 1
7960479 25000000
247250047 125000000
29199 100000
164226062017 100000000
0 1
793319 3125000
79989 50000
100199207 125000000
81520984559 40000000
110001 1000000000
21151967 25000000
23588281 15625000
34638247 50000000
52669384617 100000000
499988333 500000000
5864611 10000000
271298519 200000000
214277233 500000000
2073162372291 500000000
0 1
188618563 500000000
1261813957 1000000000
136324577 1000000000
2536231667817 500000000
166648333 500000000
5228303 15625000
350653111 250000000
8703669 12500000
903492004601 250000000
66637333 200000000
31730001 50000000
613284989 500000000
15657 25000
197636906377 40000000
0 1
964568057 1000000000
15631 10000
35082427 125000000
4235235326771 250000000
0 1
103095909 125000000
1642040051 1000000000
2458627 250000000
310372263889 125000000
1 2
12941739 20000000
1875984663 1000000000
84545461 250000000
239481059327 500000000
0 1
307048993 500000000
9389467 6250000
67811207 200000000
3889878538171 125000000
0 1
33527943 100000000
170483477 100000000
457046731 500000000
501509058271 500000000
666716667 1000000000
165970459 200000000
1748670551 1000000000
59316221 62500000
5335374854383 500000000
499963333 500000000
8268869 40000000
1489881519 1000000000
66225753 125000000
396926918971 250000000
0 1
41537 50000
632841747 500000000
40053119 50000000
81186809039 62500000
199975333 200000000
112583499 125000000
708726297 500000000
184495401 250000000
122410770741 50000000
0 1
197090193 250000000
215693603 200000000
22050127 250000000
41945384709 1000000000
36667 500000000
991719023 1000000000
1901249087 1000000000
2105443 200000000
33908824378833 1000000000
0 1
97661543 200000000
426282313 250000000
250881629 1000000000
4150166301451 500000000
36667 200000000
22714539 50000000
807326469 500000000
41898413 500000000
2110244627019 125000000
199975333 200000000
1403 5000
28382869 15625000
20728621 125000000
4215099325887 500000000
0 1
581938747 1000000000
445514151 250000000
259740999 1000000000
81731474721 125000000
0 1
3043339 31250000
389176473 200000000
212627239 500000000
611683061217 250000000
0 1
52935579 200000000
1012758631 1000000000
1261 2500
276259359053 125000000
333386667 1000000000
19173547 40000000
398707439 250000000
29333 50000
262328910887 125000000
0 1
343187317 1000000000
1119799547 1000000000
629960841 1000000000
2865242673 12500000
1 2
188863393 250000000
84833457 50000000
8899 12500
7010252041 40000000
26667 500000000
119689929 250000000
1882855367 1000000000
69813287 200000000
54424929243 62500000
0 1
17013233 25000000
24125437 20000000
13997747 25000000
21079163607 500000000
0 1
456226361 500000000
345813007 250000000
42268313 125000000
1820302264183 1000000000
1 2
113337523 250000000
258970237 200000000
45807791 1000000000
51031841429 40000000
0 1
85756299 100000000
180235347 125000000
10113 20000
8339516197 10000000
0 1
82884317 200000000
453275207 250000000
78867223 100000000
350952576129 125000000
133299333 200000000
249997069 250000000
255980547 250000000
13568537 15625000
125810257857 250000000
333293333 1000000000
118333751 125000000
352689923 250000000
7311 25000
7748924183293 1000000000
0 1
1308691 2000000
121583609 62500000
88600229 250000000
819976069711 200000000
16669 50000
22228051 31250000
286268921 200000000
171823719 1000000000
218830709241 100000000
0 1
117220979 500000000
414097793 250000000
4209 25000
202224687149 1000000000
1 2
52279107 1000000000
20039 20000
12141 25000
329766617837 200000000
0 1
3417 50000
505331513 500000000
20026903 50000000
329103283751 500000000
0 1
82492977 125000000
40481021 31250000
43839361 125000000
108278448779 1000000000
83298333 250000000
143272259 200000000
217156861 125000000
117146567 250000000
14833583587 6250000
1 2
202789929 1000000000
471476719 250000000
962314303 1000000000
1468754265537 200000000
0 1
11848211 500000000
46866437 25000000
267598053 500000000
410467456609 50000000
0 1
25681 100000
319812459 250000000
66762203 500000000
9116495806077 1000000000
0 1
1070641 100000000
152506373 125000000
615941 100000000
21923437 12500
0 1
5287 12500
201010087 200000000
23800423 40000000
59871847671 3125000
0 1
15394077 15625000
23541131 12500000
6706589 25000000
20297589941 62500000
0 1
102833217 1000000000
28106221 15625000
10892781 100000000
273959453647 200000000
1 2
16023283 20000000
193848327 100000000
1285273 25000000
4563904299857 1000000000
0 1
106447 156250
383466877 250000000
59077521 200000000
161345451 25000
0 1
26326477 31250000
939513731 500000000
12805153 31250000
1142427980487 125000000
666686667 1000000000
158958089 500000000
181233859 100000000
2666891 5000000
312263283581 100000000
0 1
26735807 1000000000
531376517 500000000
650201229 1000000000
19533248731561 1000000000
0 1
172763339 200000000
365443859 250000000
3093 6250
368028078317 1000000000
0 1
8748991 31250000
1570484169 1000000000
400377 3125000
604903379041 500000000
1 2
60783167 100000000
57451247 31250000
100304059 125000000
266853989083 100000000
333366667 1000000000
13369403 62500000
1192843113 1000000000
879458517 1000000000
6176725029 1000000
0 1
65663021 250000000
275954519 250000000
107831173 200000000
1562047741939 200000000
666359997 1000000000
6557947 50000000
57315757 31250000
209012721 1000000000
394555803137 100000000
0 1
32617047 125000000
794173279 500000000
250030067 500000000
17792620805523 250000000
333259999 1000000000
10343 20000
440823819 250000000
47138563 125000000
49640997831 50000000
0 1
110583123 250000000
939632709 500000000
993185009 1000000000
846705634751 250000000
666736667 1000000000
639650523 1000000000
290599157 250000000
3117849 10000000
179836067767 250000000
1 2
51028669 200000000
308017649 200000000
215711 10000000
106231205093 50000000
34167 250000000
646141229 1000000000
77837827 62500000
2673 3125000
1377284083701 1000000000
1 2
176931239 250000000
854108203 500000000
29653787 100000000
2484212046621 100000000
333059997 1000000000
68959117 125000000
5847 4000
7105251 62500000
1461051716039 1000000000
0 1
62189 100000
1776452643 1000000000
12909451 40000000
4492278649787 500000000
44167 250000000
2667289 25000000
1720588713 1000000000
383281609 1000000000
14565051 50000
0 1
6866893 7812500
42437891 40000000
18180593 250000000
80621131 12500
61667 500000000
9928143 31250000
762778607 500000000
147177279 500000000
171545889643 20000000
1 2
973318987 1000000000
6236447 3906250
331194367 500000000
32685959 20000
0 1
257553283 1000000000
178185717 100000000
66788307 100000000
1120123168113 500000000
166643333 500000000
42789769 100000000
6156833 5000000
921002303 1000000000
677132311941 50000000
333313333 1000000000
5779129 10000000
815630869 500000000
185538057 500000000
1109652165509 500000000
0 1
324649339 500000000
162920507 100000000
155648263 250000000
1714169864471 100000000
66706667 200000000
29773191 62500000
17127 10000
25311757 62500000
1275949386541 250000000
0 1
65977629 200000000
2510937 1953125
5920173 31250000
205164171767 125000000
0 1
17343169 31250000
103867543 100000000
49725771 62500000
2287559258203 1000000000
0 1
56504923 62500000
562378341 500000000
40154997 250000000
56983839 12500
0 1
64068021 250000000
60234101 50000000
186327359 250000000
902608452823 250000000
0 1
697007 25000000
1463645937 1000000000
19005687 62500000
14110815067817 500000000
0 1
3142003 25000000
724194619 500000000
3042541 20000000
61193502573 100000000
0 1
12911489 125000000
18771 12500
207799991 500000000
166356427 12500
0 1
13419 50000
80069 50000
20845583 200000000
35408829 25000
36667 500000000
79751763 250000000
72487717 50000000
406851529 500000000
378032732777 50000000
0 1
15868273 50000000
715166473 500000000
123202599 500000000
3128968314427 200000000
166790001 500000000
302046377 500000000
1992318937 1000000000
180710151 500000000
2991677356207 1000000000
0 1
393599959 500000000
70968161 40000000
637277 3125000
1034495101 6250000
83310833 250000000
107480441 125000000
1999215953 1000000000
65115953 125000000
324992623401 62500000
0 1
95095353 500000000
248665537 200000000
189219171 500000000
7010819221 100000
166716667 500000000
169716193 200000000
49569217 25000000
862387927 1000000000
347665811557 500000000
13333 1000000000
58243333 62500000
92924681 50000000
374446099 500000000
40993587791 62500000
0 1
11853 25000
44069509 25000000
127450241 250000000
1560393881059 1000000000
0 1
187311843 1000000000
80674781 62500000
907127329 1000000000
1253728203751 500000000
0 1
1599521 40000000
1272875693 1000000000
940929 1600000
2553086529123 200000000
0 1
183284591 250000000
318395343 250000000
46574979 62500000
125814049169 50000000
666569999 1000000000
982447239 1000000000
328478279 250000000
366034563 1000000000
5843841397947 500000000
333450001 500000000
164083903 200000000
89346121 50000000
17255901 125000000
1037496209527 500000000
66667 100000
330381009 1000000000
3487591 3125000
352589729 1000000000
1267296847267 500000000
0 1
2171 12500
299288761 200000000
365571801 500000000
1032499417 40000000
0 1
438474903 500000000
61340381 31250000
176188581 250000000
2205089509797 1000000000
0 1
25175249 50000000
1110344177 1000000000
440529377 500000000
21464040521 62500000
666706667 1000000000
12449113 500000000
13292529 10000000
61452117 62500000
1159282497 25000000
1 2
160442053 500000000
4808169 3906250
2739079 15625000
1715913177469 100000000
0 1
449980587 1000000000
652850093 500000000
13608479 200000000
84285874242539 1000000000
0 1
17682497 125000000
429397939 250000000
16319 25000
644431471877 125000000
0 1
49269311 50000000
190797 100000
2457713 3125000
292088737489 200000000
0 1
29891047 100000000
955472331 500000000
625583881 1000000000
10803244017833 200000000
666643333 1000000000
29688647 31250000
229776327 125000000
446395013 500000000
224406349 100000
36667 200000000
431870641 1000000000
1104186373 1000000000
249840683 1000000000
4642314994209 250000000
256669 1000000000
306735727 1000000000
106129879 100000000
4236063 7812500
20909282779 12500000
130001 1000000000
128703849 200000000
322511391 250000000
472709 62500000
106140538113 50000000
83300833 250000000
37592583 250000000
356155439 250000000
171906013 200000000
553043849059 15625000
0 1
401740039 1000000000
1622919393 1000000000
422303851 500000000
705201640547 100000000
0 1
68273921 1000000000
1 1
60128753 100000000
75112110577 20000000
39167 250000000
197967479 500000000
447376199 250000000
11461 20000
346503631787 125000000
0 1
10491779 31250000
1545884883 1000000000
30270997 62500000
287160623 50000
0 1
130096303 250000000
323208641 250000000
4661 50000
154776577707 500000000
1 2
1737113 200000000
1079682491 1000000000
9866111 250000000
2095303448931 500000000
333406667 1000000000
45810597 50000000
11347 6250
110380221 125000000
10585778406823 1000000000
1 2
237027211 250000000
794554623 500000000
49601263 100000000
275761223 20000
34667 200000000
98502361 100000000
2851919 2500000
363366011 1000000000
4393717529639 500000000
0 1
12764439 125000000
1419178139 1000000000
230714169 500000000
882914672861 500000000
0 1
19404197 100000000
177827 100000
677530687 1000000000
14040027 5000
0 1
43887 100000
760038729 500000000
748441529 1000000000
87007733 20000
333234999 500000000
63844671 125000000
254436309 200000000
196095681 250000000
929271015401 1000000000
0 1
389464223 1000000000
897706017 500000000
31534457 100000000
76509781479 50000000
0 1
47355667 50000000
93842113 50000000
170204663 200000000
2246242187521 1000000000
0 1
16691 20000
5391743 5000000
478225393 1000000000
71370050249 100000000
0 1
4126587 250000000
168470857 100000000
1265303 100000000
3475563232793 500000000
66671 100000
90820357 200000000
84349 50000
20115479 62500000
193836416443 125000000
66643333 200000000
17543197 62500000
183132787 125000000
123449781 125000000
9757719222041 1000000000
0 1
491260177 1000000000
1654353017 1000000000
195628511 250000000
23627723029 100000000
1 2
127428313 250000000
3632069 2000000
81299519 100000000
1424899072321 500000000
0 1
37118913 62500000
250215397 200000000
659899863 1000000000
2588935687841 500000000
100001 1000000000
346501237 1000000000
23973533 12500000
115832117 500000000
3231860233659 500000000
1 2
60390063 1000000000
379585613 250000000
4569 12500
10626872960299 500000000
333318333 500000000
29516181 125000000
776767863 500000000
46070889 100000000
2778771992179 250000000
0 1
196096881 500000000
55785759 40000000
7478359 25000000
173832689519 250000000
0 1
98195343 1000000000
786235927 500000000
96826503 500000000
638309614379 250000000
166704167 250000000
75445019 100000000
627272109 500000000
359788447 500000000
191704643913 100000000
0 1
94933451 200000000
66084037 50000000
47845563 50000000
161393267253 25000000
166643333 500000000
61227247 125000000
504928229 500000000
51089603 125000000
1294263858509 125000000
333366667 500000000
114818759 500000000
235110943 200000000
506760313 1000000000
7480608572949 500000000
0 1
3250261 100000000
412191917 250000000
12603 100000
1790787917023 250000000
0 1
856588949 1000000000
128111133 100000000
13600999 250000000
10426644301 200000000
0 1
26153 50000
61377041 31250000
1507 2500
751705274463 500000000
0 1
29704381 250000000
27157857 15625000
2931731 12500000
12755075849547 250000000
0 1
14309697 62500000
302045559 250000000
4324789 100000000
253182875213 125000000
0 1
85349 781250
463889321 250000000
1205859 500000000
810196792399 200000000
0 1
199545059 250000000
48427561 25000000
135371761 200000000
341588843247 40000000
0 1
167003413 250000000
172129339 125000000
252342589 1000000000
327592275293 31250000
0 1
102425679 125000000
191309781 100000000
187865623 1000000000
28970265575557 1000000000
0 1
17019259 250000000
255565157 250000000
222590257 1000000000
995259410083 500000000
0 1
84445809 125000000
51607357 31250000
123896409 125000000
531690674613 250000000
0 1
170921087 500000000
1060411839 1000000000
378990729 1000000000
269190888201 50000000
0 1
166216091 200000000
339132607 200000000
83136061 125000000
160076782711 15625000
0 1
2532501 40000000
280789047 250000000
10619709 40000000
226358823661 100000000
0 1
56855057 1000000000
622986269 500000000
60413303 500000000
3001982507287 1000000000
0 1
3687 4000
13255301 8000000
3975791 40000000
1588264292891 1000000000
1 2
82837077 200000000
1986457921 1000000000
130493709 200000000
829245021761 250000000
1 2
77668553 200000000
267144007 200000000
827712797 1000000000
159835230199 31250000
0 1
92212357 250000000
17819 10000
488370477 500000000
177867371681 31250000
1 2
286545827 500000000
616427213 500000000
52945619 100000000
19844661 20000
0 1
53094649 125000000
946717449 500000000
6251333 15625000
4178740723 31250000
0 1
482891217 500000000
360920881 200000000
9881 12500
8118386860729 100000000
0 1
11364803 50000000
37353633 31250000
48354523 250000000
299103177 100000
0 1
9023617 10000000
1620581101 1000000000
731593 100000000
1138475877673 200000000
1 2
236022373 500000000
106040039 100000000
4905287 200000000
17311354304271 1000000000
0 1
9965033 25000000
106802111 100000000
5245847 25000000
104731943723 250000000
333470001 1000000000
31065301 200000000
1592936917 1000000000
2531 5000
630912164519 500000000
133305333 200000000
9790521 125000000
306324017 200000000
21537 50000
204659295549 50000000
83376667 250000000
3244959 12500000
32560371 31250000
8293873 200000000
11551561500859 1000000000
1 2
25502179 125000000
194091057 100000000
10989 100000
2967786437311 500000000
0 1
386373233 500000000
146335491 100000000
179561047 500000000
757765075807 1000000000
0 1
641328567 1000000000
1416704747 1000000000
376306129 500000000
62552620141 250000000
1 2
94695501 200000000
139564081 125000000
104235219 125000000
1087591827899 250000000
1 2
159 6250
16515179 12500000
2915807 50000000
9730229963053 1000000000
0 1
121963917 500000000
18783 12500
863923379 1000000000
6324094059323 500000000
0 1
819253399 1000000000
134932849 125000000
207303003 500000000
94654592323 125000000
0 1
796424201 1000000000
273270933 200000000
42241383 50000000
8789032637867 500000000
0 1
72427 100000
604671077 500000000
455211259 500000000
2334387399793 200000000
1 2
41049637 125000000
118551331 62500000
237045461 250000000
560927214111 500000000
0 1
15388123 40000000
1279215487 1000000000
6193 25000
508774391103 500000000
1 2
179859629 250000000
882487009 500000000
207201561 500000000
3710114332331 500000000
0 1
14155529 25000000
106514167 100000000
7903303 15625000
396093763189 200000000
0 1
92693463 250000000
142605779 125000000
39695689 250000000
5676326557011 500000000
0 1
12936289 31250000
752518127 500000000
17074347 500000000
637652757909 500000000
999773331 1000000000
80881557 125000000
1992609737 1000000000
499470031 500000000
122313342827 200000000
166765001 500000000
30738483 31250000
65106529 50000000
20830259 500000000
1669015148991 500000000
1 2
70266571 100000000
700999147 500000000
109409879 125000000
8534546358829 500000000
1 2
49373099 500000000
1570696377 1000000000
30615673 31250000
5324244242409 500000000
26667 1000000000
13899 20000
30187 20000
3 25000
901109163663 500000000
0 1
55306083 250000000
32475721 31250000
92573767 100000000
32953831917 62500000
249968333 250000000
17378149 62500000
36377 20000
517 1250
1603188534809 250000000
0 1
661227 12500000
1056553929 1000000000
61180399 1000000000
197923837 50000
0 1
27363671 250000000
51629803 40000000
48561581 100000000
1055471125443 500000000
166564999 500000000
10811077 62500000
83730741 62500000
63504149 250000000
682962812367 125000000
1 2
10263261 12500000
8782403 6250000
126571087 1000000000
516385845723 1000000000
0 1
191908779 500000000
1141696529 1000000000
273104557 500000000
7016411 100000
333323333 1000000000
166433801 250000000
188746427 100000000
458147951 500000000
387159531611 125000000
0 1
23547279 250000000
177053163 100000000
55687759 62500000
149023195399 100000000
0 1
213337021 250000000
1539655949 1000000000
177485689 500000000
208164938093 250000000
0 1
9706537 20000000
268869487 200000000
135657877 250000000
6056526592081 500000000
0 1
116982487 500000000
145131617 100000000
38404457 62500000
2263298081799 1000000000
0 1
257338023 500000000
422797857 250000000
5417439 50000000
15136286791 6250000
0 1
4779 12500
833904527 500000000
22708229 100000000
435831650807 125000000
0 1
19757171 250000000
302494229 200000000
45510723 50000000
2810626860387 250000000
1 2
21958877 50000000
741 500
15040931 125000000
