33846
40641
55938
14392
26143
3806
43791
4900
70097
57744
30262
41469
25294
36506
3783
18377
28041
32778
88006
32775
24682
218
63323
2053
55987
71164
3779
79193
55472
79112
62569
89213
86368
15934
8718
32589
19379
86307
24956
78235
37810
67018
66286
49562
78072
83119
1506
3541
43955
59403
58782
22390
17222
8017
12752
49557
31756
46783
19726
55968
38678
52467
84311
28082
26865
56739
5441
43926
54170
73295
50521
6900
64036
56167
7591
84385
49494
7809
10064
34018
69970
89344
41213
31841
77386
57136
59701
82956
54373
22026
47260
71624
34908
40967
3258
31499
62962
64144
21833
73632
19868
44080
8409
89947
72721
83348
1944
86272
6984
63040
87120
762
30082
41203
39796
30696
7015
61547
25367
21214
49483
25189
17504
78352
35635
63463
13768
77106
26426
1739
3759
858
18028
81852
53557
10037
10868
32876
48293
76790
57890
129
69259
5440
65387
23161
51073
88317
12383
30577
2102
86362
5969
81739
10639
17418
25008
13908
12165
72791
62273
32730
6049
57792
49755
14867
48680
12004
54316
38872
44051
75502
47848
85081
13750
70428
30055
60308
4061
53951
6136
59760
71239
30161
29748
2868
30709
23222
44016
79954
5832
44024
11539
44947
3893
41420
75240
22976
63372
10643
11776
61586
53031
22078
42755
66269
87134
57339
54512
83332
66656
70018
11195
14569
67729
9012
9037
41568
80051
54789
3294
69283
86532
30179
30616
2679
78018
81021
31297
63358
18332
64582
78306
60007
24618
76223
8830
37291
78523
67274
45610
42736
25296
116
50186
64010
34056
26539
65806
47697
3224
79980
60833
48588
77702
74903
41927
61192
39570
33735
57203
18745
66803
60891
73869
77168
8288
16620
66485
53286
18814
89319
49866
21613
83725
44430
29830
13847
67036
21994
59788
34410
39108
2221
50280
50241
8999
14966
69393
26979
68217
81678
51526
49762
11601
37485
81336
88436
86447
55925
68556
18621
18374
87908
33628
35492
3187
21313
40999
81154
68343
62776
10249
4549
28621
27951
53892
88727
41740
24957
77787
60012
65333
7420
64991
13688
76232
65944
12162
59181
65037
24140
19531
35642
80289
43198
74687
20008
59823
36281
15449
55708
47059
73949
84152
35554
43159
23445
81701
70297
4041
52348
10334
78799
76643
687
82057
76616
53977
22991
48316
44364
87941
35404
32452
60091
8244
10795
85965
44676
77378
61896
71119
26584
3299
67060
16514
38728
70220
53474
25305
75380
76698
26472
64396
2560
66034
7480
3625
1369
39763
60407
16332
1292
7714
35028
7333
36871
19857
49991
34427
31232
61989
65830
24207
80502
24356
65556
53088
48034
5227
86707
49975
52553
30796
41134
3025
4142
42464
60510
2295
40949
28481
17481
57271
63806
26799
82972
61921
70110
35567
47981
13572
78060
25871
63194
37506
55172
78954
3341
10151
89073
80447
76814
69257
60306
44028
48389
22429
45970
7254
62759
54080
82361
69599
7970
68370
72048
15822
31286
58901
49379
3558
7019
44294
10865
67605
73613
79949
4597
72044
54663
33962
51613
38489
5914
32744
52574
1070
40321
10702
43291
62925
23522
5828
87664
56249
40439
87385
81816
46038
48656
7159
8968
20843
13842
57721
38013
56484
57488
46483
57729
49498
67677
10093
71623
70477
52289
63410
4253
63581
46093
50479
3687
28164
38162
40111
35312
88470
57583
79137
77387
67049
2030
41742
34092
25033
60906
31677
89521
38269
81985
59621
62623
53378
32545
10044
31748
14858
122
18179
53150
89653
28454
61162
77585
82252
29031
36858
60662
72346
7633
54367
28096
45704
10810
69733
43745
20078
43086
3039
55430
29458
82497
37473
40785
5305
80558
24748
64564
72335
37051
19470
79389
2852
45131
54112
38504
73638
22825
66080
66422
84403
12207
75780
73033
47649
47793
85970
81844
65118
82737
33108
48876
52685
6775
47943
9304
75141
37745
32397
77872
84509
64351
83103
59634
25258
37006
64983
66492
19033
75427
10116
1617
51843
26213
75448
50958
2788
53374
58561
16479
88793
58646
28415
27059
48696
40653
70527
88362
57867
43096
32583
42138
66513
65730
6435
37932
12845
63383
39818
1077
32127
33965
26711
9312
49473
49200
7676
62053
21640
43921
31740
12907
48761
88038
47007
64296
31757
42349
8100
84450
19626
28977
7029
87210
71862
16162
53859
68885
13762
31874
31397
43446
54353
84961
87143
9428
22993
65180
43731
79126
54786
60277
50675
55743
25960
7124
7282
41787
88660
72635
66284
51758
4263
22796
58698
77216
24939
20051
86079
73809
58398
86679
48341
8923
53273
27930
86438
56147
41813
81773
9143
84148
12866
74878
12885
53788
54734
38084
11002
31206
56892
39217
54014
89505
76553
24113
84150
77392
82645
22941
30503
87342
21058
32037
69693
13784
45108
82261
11430
1212
23142
18663
57746
57989
2343
84537
86063
10431
19159
43886
42101
30100
89011
18552
38399
53472
13869
27354
72491
77731
67911
39460
88616
45713
47160
47643
71731
34743
51500
5355
42976
43963
52071
65024
9792
44850
88016
14616
72522
49455
73896
1855
79476
15140
43205
25741
35719
63727
87093
10782
16246
79383
18734
82126
53329
53629
14998
31882
68471
42285
11960
77754
83047
41812
43074
17382
69732
58482
35243
23241
45037
59751
24440
85392
76431
35998
32175
33567
64121
59080
48276
52714
75
65590
36193
79540
52632
20772
35709
3333
73783
11075
58839
18263
75270
46923
55537
68461
30624
39297
65132
51821
53602
81830
22249
25562
41893
78343
70767
47335
9519
35019
40063
82204
51789
35682
38541
25968
56043
4647
36702
23313
59687
83799
4730
19574
46091
100
63866
1502
21719
52090
12650
57383
70217
51911
23680
64246
75103
40983
14817
73183
63974
72683
12014
86644
28768
76120
39073
83498
79246
7258
19848
80929
29279
26190
74275
5467
79202
65274
5278
76043
13476
73220
22235
8933
63899
6728
88671
70943
43540
55053
69185
65023
63023
31370
30437
56122
87641
70990
24668
6503
30456
78254
59902
64947
12257
74358
56313
77293
87349
4147
38690
80078
20474
8030
47341
7904
65600
2217
88965
89977
29607
22760
53151
82505
38106
51428
43064
87560
23287
44307
11780
44703
36579
2429
85863
58593
78023
49645
81047
15314
36270
27298
71503
32658
45341
82959
21318
32165
83652
43841
19563
51080
77052
59494
81160
5020
83749
72855
35544
80347
34897
46747
78772
32476
28805
15828
43087
46224
56258
29985
63346
60144
78716
33464
17701
23982
13440
78390
13378
47638
52060
60838
25309
54669
52997
10186
6382
55443
4610
70128
43187
20387
23472
67182
20710
31251
84018
15843
54362
43958
70201
41229
49639
86262
33614
55911
28225
5357
12334
68385
86398
17955
18476
62059
48206
87445
22274
5191
24344
2404
87859
47485
83370
66915
46779
67720
67591
9265
28237
268
37821
16728
67768
17191
30640
1819
39268
39874
68758
78480
53340
28372
75520
64996
59234
37585
73164
66023
88424
7012
18043
31776
20693
8162
64860
26513
11510
89836
30298
84206
21565
45301
37827
15454
8432
33065
40225
5302
9920
88388
43324
30528
17648
54585
17936
67399
56878
7032
23257
70517
63018
28928
6686
17110
71976
51947
13775
7705
28837
48915
52487
4162
54270
49232
68728
69986
74240
68308
61053
17215
56333
23950
2863
40549
29643
32654
78608
1500
72247
84631
31429
47411
73676
24616
71781
63772
26730
89288
82121
79776
72634
72453
60171
55010
491
72579
46741
59321
82605
8150
37396
1326
83764
58898
57946
9123
62210
72479
18234
63574
78089
57901
73480
28669
54625
86632
45330
33223
58036
73512
56226
75094
22320
69194
68075
14363
60009
39520
60420
82450
68789
45179
75684
39298
5991
57706
7648
9891
83175
46055
5286
25653
79287
34576
82724
77192
19975
80689
66817
85629
25921
84070
69320
41536
73402
53356
27311
53208
43788
69112
35227
62244
67235
86093
42317
11702
63721
57175
22318
27940
75096
75155
68816
88182
18429
84991
72672
22915
2239
30324
87
31137
4640
62034
50912
68386
21172
82353
70836
9182
30445
14259
59326
17893
1712
88763
78653
12256
14234
82997
85626
63097
36588
83796
26717
89703
15024
130
29244
81776
68323
8153
9958
29501
23826
28122
9059
78790
74302
60829
16345
30594
12028
21061
45529
911
42595
43266
7847
71105
61200
9377
67318
50955
78520
66737
79619
10245
30008
264
42893
24173
41613
80176
65420
69849
22650
50304
8324
58969
74936
18031
27223
57728
77534
48796
77576
86820
76262
87922
5352
64842
53787
44920
51960
35078
65549
45729
49348
14473
29635
77998
39687
31731
86332
59040
82797
71952
19122
67462
64223
83158
31656
3266
83113
68865
21954
89296
79853
85257
63704
41161
15920
5882
51089
78388
26724
1981
79579
19413
63838
79741
73286
86873
19565
8135
28059
53967
74727
63786
68037
89469
47280
52384
63291
57388
66361
51319
20627
46422
65120
71851
26663
69315
66963
2810
59183
86785
41677
6123
24987
69652
59896
58467
66945
16290
36398
38931
27474
62870
56810
56593
40619
9999
47688
24557
70237
73791
21105
21559
73354
14167
82589
26496
60463
2930
48017
67339
25077
63620
33701
52560
24758
73310
40124
29478
71919
49136
54517
48378
59398
82269
23825
68890
53674
88977
72687
25901
84748
80810
37840
70333
56797
67601
43414
12835
42000
24938
12208
42322
62442
40432
9468
64729
12107
47593
86994
6972
54094
38478
61934
8935
66763
41585
88753
67703
38999
4202
31312
19920
6259
13515
54634
11088
84143
33265
82501
10147
12712
74198
2349
50776
21381
71423
22617
5501
22396
14954
14321
63301
18048
51783
40871
77977
32591
13558
16321
25615
52693
36288
2166
74336
47859
39435
83225
66602
20233
65936
71643
16188
85117
13897
20907
65972
58163
55668
69478
17145
75737
6249
29566
25082
13072
82978
12171
54078
31650
57632
62253
5732
81404
53409
680
63308
62325
12191
19584
25745
36100
83427
23851
76485
83231
79022
84432
87101
20950
49089
76164
19972
17239
70663
33736
64347
87305
75988
5052
51482
27898
2666
71847
75553
23300
77838
83233
84477
43437
28211
1539
71607
44228
32573
71609
15939
90
17557
68372
33548
57469
62724
83576
50558
7107
63553
76645
17938
6982
21962
2660
78248
65152
36870
56201
34769
23794
84891
36537
58936
4889
73311
995
88084
78309
19272
43186
30810
1978
56954
34232
5197
50585
12493
61511
19113
35106
44390
35859
61503
64361
88177
71455
71649
48606
54065
80147
64683
45638
10629
66801
39583
11624
37739
19778
43714
9961
40092
37254
28264
9329
48503
79196
68657
83882
24301
27809
85964
20096
60521
61734
51344
22270
69592
12411
1715
36076
28073
17652
31500
53583
32789
83865
82970
21913
24556
16701
46345
86020
88343
37736
76105
61844
16872
57974
21351
86002
35597
44225
16040
21890
32986
28664
52206
53205
20713
34677
35968
11730
9938
7978
49158
11432
60866
60342
30318
5528
56039
74283
15778
77345
89748
36402
17147
35501
39138
26854
44493
40818
10096
77134
42178
11883
21985
12865
19245
62700
65080
13708
1221
44281
67387
87150
30484
79608
19866
30069
10454
82811
55608
59060
62032
27207
11102
667
60629
84612
69522
27770
60295
69898
53711
17787
51196
13845
38037
59097
83057
68511
12813
35127
39624
13152
42677
47752
76546
43964
47811
36477
29553
52668
76752
69004
69237
9463
85786
67373
2805
35446
89448
77829
53215
48290
68242
65141
4053
66650
40152
83336
73440
12503
61699
31278
88506
8458
80822
9598
54990
79990
51685
50536
6625
26671
75590
45524
42355
70800
62570
30444
69872
41152
49581
55403
9077
64340
4283
77675
45772
47267
42150
17581
50805
28358
53484
26939
20166
60469
67937
69326
80671
2507
49594
26735
21522
28856
38802
26244
49683
6343
84841
17150
8200
80808
3080
49958
18612
4303
38311
70804
47225
335
63441
85599
43312
27994
12847
28359
81815
19335
78348
40479
36080
63328
62966
9717
38867
77845
87228
67520
44674
71091
58546
32980
87851
72172
73729
11559
76208
43982
85940
25175
36707
40650
69722
564
72808
46243
32042
23183
26209
80672
21848
26127
79412
47135
65484
26914
16790
40687
50366
46020
83807
41319
35405
48098
62721
11056
88900
89092
23563
10204
31068
87593
74422
33299
36647
7061
5299
79803
59122
21977
42201
84755
10300
61785
2465
86855
57309
7999
43303
48834
4331
14639
4523
80612
46707
29839
79176
7390
25502
38402
7252
41067
3374
10130
26061
39468
16948
40892
57001
42013
25227
39585
86275
59409
14016
15643
63780
77061
61899
3148
11598
23598
72382
8212
49689
43344
35356
54399
37973
47256
87988
43240
27920
10641
32161
20820
60269
77307
79679
2098
22319
39787
77565
77704
59781
36542
45374
41711
35452
35662
60220
69355
42421
19758
5929
42833
50277
15167
58679
59140
32507
16529
12321
31324
69944
73401
54308
13995
56564
3780
11090
21661
25246
8580
78661
52973
66405
88752
45665
22707
74651
36098
47227
40493
4057
25841
52298
23
11092
27154
69473
25751
72772
6053
4806
52913
57932
71324
35010
64208
48878
46454
61464
41135
8358
30419
27195
6766
58927
63598
53064
42700
57720
54091
81897
16957
58948
80079
50808
11311
30993
89725
43148
60047
13199
75879
74719
16649
51306
42329
56068
86000
63560
52036
9314
40461
68625
80845
11048
37335
81314
41879
64348
10728
23690
51206
73135
73240
24571
8571
26945
9766
64533
29087
89641
35339
72101
29908
12125
68941
89589
38359
48285
55371
31209
67714
28416
44383
62539
26915
40654
18241
69333
38719
71156
46580
65991
5846
30647
23878
7889
88806
46097
1035
2807
16024
54301
24127
45891
4292
30010
56024
43761
49062
61865
77373
14990
64457
47757
83497
67672
25980
47935
18264
15301
66004
87288
37605
49514
38386
6587
20335
65057
47495
434
67470
84551
68622
49904
47131
19977
12516
59361
66434
48842
60449
55803
78821
783
74969
22817
71389
76394
22853
55218
6047
66377
29034
33889
23537
67808
17561
46917
64428
35723
47891
23157
2776
85449
25326
37383
53087
89965
38193
44828
62095
63109
35550
72699
64429
7780
33672
70412
54571
62391
89927
32341
64631
65952
76032
38356
67721
74097
68117
36520
37098
80286
42738
79468
62475
20752
77822
39859
25257
44716
74343
8241
13416
17314
72950
67563
54966
63514
74822
4316
34852
89688
43818
69172
81204
83491
63397
2721
8239
77870
16869
42236
16488
77328
26611
55678
86473
25301
56283
65746
23265
9893
83720
47927
6813
22053
31097
54191
24965
6520
41673
89579
63241
40612
11880
22979
82085
9054
18162
40712
39251
62766
32981
39208
74999
16694
36342
14741
75676
55666
72326
73876
34746
52584
18352
11593
57067
44692
72304
13189
73650
35119
76639
47042
60666
24350
66505
65754
48127
30113
75787
75951
37816
9170
11519
73400
54858
34095
48458
45737
23149
38159
87459
36809
13349
17452
58070
16346
26172
65346
23951
56650
39040
44238
74700
88528
58488
89158
50247
7955
45205
41189
46733
27122
43655
49589
88298
9572
44242
79248
5596
36160
86393
37036
14557
59843
81980
70162
45596
73111
10218
52020
11820
82874
63064
75212
47479
4409
70683
58202
31968
82412
70784
35877
85922
24794
75342
58050
46142
17544
26368
78768
70843
82573
79847
39722
32693
70089
5193
3429
64235
83361
39299
37259
1881
31254
15664
16756
89249
49181
88172
56422
73874
4957
46181
58368
68519
19291
12420
64195
2541
48299
34612
62832
29326
47032
42982
53013
58539
31986
27590
10234
82812
34635
22829
65554
54003
62031
9833
27937
77221
15990
16075
60610
25801
37012
2065
24890
11125
15837
23136
31132
89412
45683
79587
4753
47646
76693
77507
64279
76612
44250
41614
51440
10392
3200
25493
2917
55862
74319
29539
20547
24112
18272
44159
51791
42641
84626
86241
16551
24913
550
27554
62667
73722
272
51704
70888
60514
72937
27771
74879
44507
32410
6619
65527
78295
83691
60597
26754
76661
75012
66864
14777
29774
42064
62490
32665
64878
14687
79167
23356
64530
64054
76155
76201
21653
45049
32273
45919
21468
37694
8168
69626
82991
73902
77370
15657
67276
66709
75059
41967
36103
1069
75203
9101
76764
73054
55237
37293
61634
71159
32337
27833
80886
53139
24696
53380
37332
24204
32997
16484
2230
50707
85260
84948
48450
43831
23857
57663
28165
7961
66226
46892
41951
34924
20777
63075
58369
72128
6154
30641
828
16643
88953
43179
5157
9343
87907
30506
43992
42207
54186
40864
56154
85862
13507
70165
29744
67606
57675
77612
89639
61316
79098
34016
12246
6870
84204
28646
2854
29500
75868
13586
42275
69596
9551
85509
26829
75431
43335
40061
20220
5959
33168
11315
45143
59981
206
29405
20976
69780
68202
61961
45578
36682
47763
25663
72900
45725
61594
52808
53770
71528
62492
67932
53757
80178
67910
28593
23937
13310
5125
9095
15049
4581
65930
52035
49183
20048
87521
66896
16179
51250
1389
48777
45595
50136
22456
89931
17423
50679
46549
77102
42529
51488
77486
21143
5110
66592
21783
12494
32630
18151
37484
37893
76176
87624
89861
3630
28631
31229
22351
6387
74868
74370
43875
23722
15413
84395
26748
25924
83646
75370
47255
7266
2919
86650
17584
86668
17900
30409
28470
36665
86134
19443
83643
40035
52383
31513
57164
37149
54908
76183
84527
23515
53283
64276
24186
29105
33609
45338
22564
7764
76255
53962
30204
74481
34724
67748
45760
48824
34948
45444
71436
70190
41299
37260
38926
53346
13787
86730
69466
1107
63933
2361
80794
14400
27025
63793
71811
63699
89393
79423
5950
11101
25194
16953
54949
89983
7617
37512
78755
73457
78109
70728
56028
8350
88797
31228
23941
65519
34014
60139
57512
56248
4474
13135
10771
36535
47234
40643
68278
66662
10375
42033
20546
64562
69485
28740
58422
4039
28745
86886
83993
25552
77123
22423
16316
70478
79320
45924
43517
6659
75561
26316
74067
69665
86316
22805
61567
23752
83077
70365
42996
50811
38351
33974
85795
83555
25977
70559
62838
41323
49145
38809
16553
30350
3217
42884
9539
22913
26812
35203
67
41843
3233
57963
81044
86622
58974
19499
70545
46746
30519
77624
36069
85487
65955
40338
3260
83784
58780
81653
24421
9325
65228
86045
23585
55022
26895
40517
12557
54183
18620
81224
70403
59449
27510
64119
38736
22353
43719
4121
45460
48910
76134
8243
48626
10211
53671
49888
62222
65371
51027
63646
54695
16883
56461
88226
31622
75546
35138
33037
48947
67622
30776
52386
17788
19096
78777
40492
84722
72191
24587
42286
81241
21634
35414
10650
19181
60731
20282
25394
73078
68467
7666
83937
57717
68487
50589
41083
66759
14071
41377
60180
78704
38326
3268
7290
64538
37701
7371
87151
52407
32526
78022
50691
7227
58220
13425
1399
22881
23211
37758
55196
69000
23661
35896
11230
36610
13896
12298
68876
56686
67296
26339
56136
21064
85472
51506
60173
8023
35051
74207
9518
57398
16890
44638
63362
47566
60111
64070
28398
25935
59913
69594
48993
76930
49806
18793
51183
9922
36090
28465
1351
10860
38276
34732
34266
53213
62424
87379
10433
14767
70034
77889
73704
20992
56566
26770
6681
1926
36616
42472
16491
29089
78784
70632
80795
14804
33374
24677
25933
44990
55011
53080
82639
76726
39223
62830
49535
12326
5322
19001
60128
79506
41928
1216
74493
64368
40741
51677
81488
67908
50930
18105
43811
30273
54248
56707
10361
25291
68850
83275
84346
9168
2944
63298
18274
28088
51648
73343
67067
13615
35180
52145
33403
36481
1650
83054
33414
33784
10488
60908
12427
2819
63199
4043
56113
47134
82476
70704
22363
47718
18524
8634
65529
44668
63382
83737
142
33050
75569
21572
44404
838
53043
78107
41294
77059
81301
26392
50258
17994
21377
66977
61278
80918
51713
13409
89942
77270
4434
24508
84287
38537
72135
26200
75610
70371
64257
88855
74913
14872
89396
51305
59273
87933
39428
78244
16777
81560
58128
40120
46948
43484
58289
79120
407
13956
82622
38109
14578
70808
46603
8738
47173
63262
51340
69548
48556
82546
83838
2588
60260
75743
13492
74946
70402
30619
4105
49817
62584
76252
19620
57188
68781
58350
52582
66537
59121
18002
18965
35066
22663
945
13275
84709
10422
49452
50894
64693
19878
47368
83760
13
11161
70792
75077
42804
19639
30522
18261
42401
15886
61522
44768
43273
8719
69246
36597
21378
69540
43940
21458
37892
60030
52409
31972
16108
64741
62761
77934
7306
84020
30254
87788
11164
89606
67834
47253
81961
71013
73373
56220
53119
40351
72490
7271
15968
16980
35835
486
4168
8919
87596
61256
89256
50703
62310
34933
27961
21643
14263
75931
9282
80239
3262
78939
15720
54988
64451
22289
81250
2322
37577
1801
11636
72329
78211
23521
84048
42381
38001
25030
10163
73119
62125
22404
48180
21947
4939
7927
39350
26658
30515
87109
35126
28028
42635
57961
56588
65693
75369
20136
77113
31659
4998
61546
53577
44520
81864
35060
74147
86011
84986
86197
66458
20177
79004
33115
17746
27823
1781
69736
56347
74732
67952
21044
52117
35403
56168
75899
18641
77617
65703
43031
48222
75869
1572
3544
64990
45363
52094
66670
7605
27403
36996
48874
9758
84866
71792
851
20633
49626
67155
70580
26777
53225
9078
21934
26975
32836
8645
35706
49043
36125
85610
26877
77717
88054
6169
36962
71605
28244
1947
9223
47644
19922
29775
84329
33440
43055
72548
47023
18848
14915
43290
43733
81037
12689
21678
60317
78966
71589
28559
45144
50880
85747
54155
11627
19835
83028
24881
45748
53291
58766
7008
71417
67832
13824
34680
75041
57843
30124
78344
61309
44611
33428
47708
86834
77075
24435
69790
18455
58958
71382
17174
71036
84798
42858
43212
35638
78544
18536
15667
5972
42273
47214
83780
89727
73395
87755
84320
65424
44996
47203
26973
88428
16424
16619
40787
58933
34646
39577
62435
57623
82254
41270
30310
16961
59256
82693
28150
20438
57438
17424
7426
40114
1573
2508
24537
31466
53360
38843
38798
808
69428
33763
75121
24875
71061
70481
54364
34340
71138
32394
29602
69674
26580
3849
2331
67978
2727
24472
20318
43133
55984
21794
10097
33597
23595
78516
14859
89658
37523
71492
854
72368
12088
82839
61303
64805
20365
4953
10931
39126
84968
25102
48617
16160
45246
27562
34796
36305
80387
9785
88035
18739
23600
65534
81462
47418
51307
86530
691
85133
30864
74907
3281
30255
33186
72394
28010
75500
82055
22040
28392
24851
89994
9416
26240
54978
69506
21095
63049
4932
82877
58506
32089
33698
34640
32138
85805
48701
46037
29939
16196
39400
85561
37339
35844
74146
31864
46560
46536
57910
13800
54181
58889
22437
55326
9692
83157
84480
75131
34978
60370
37635
61491
69624
88696
11131
29881
6596
56932
6790
23760
45084
26122
15052
78713
3716
21730
20219
41344
77206
20611
30563
51594
82930
88880
64516
39206
37397
23373
16304
24551
87828
818
36309
65423
59646
66658
62036
66772
78310
56365
27401
17304
35098
46612
19502
8770
56920
49444
62111
66213
14251
70686
7969
87538
22413
53801
66564
296
42350
55258
13374
41597
85268
86522
88144
53935
51928
44413
54862
30192
48758
55190
32950
56228
27271
9991
48081
42695
52920
53803
35565
68904
34060
14336
78014
9122
24097
35478
73300
15085
33033
8717
8584
54325
35011
51193
38213
48302
628
72015
65858
86911
41442
4576
75841
50348
87152
34315
84278
44190
8686
42820
9187
5226
79814
44969
18865
71374
66703
64847
54776
49003
82380
7795
24777
67495
53955
32449
84103
24257
80754
8906
76648
10253
10598
58737
28828
81283
65486
31881
34363
49724
12264
22872
12052
68339
87476
32453
13117
57097
29245
39139
37343
35928
66643
49383
35773
24139
37262
25539
17799
43454
30632
8488
64031
1809
36043
86588
55432
18748
11474
87460
75857
40945
22931
67087
6876
31239
22791
88539
81947
82564
13260
13367
58910
81417
88384
41200
93
73415
56825
65001
40211
50075
49436
39077
63871
58446
52432
78690
88909
63265
47430
73474
50150
22015
19303
85150
42940
54244
55450
54272
70757
13701
9781
88129
67543
59067
55583
6858
63942
74485
55599
77227
33239
60470
36047
49767
82327
72640
44207
26047
35082
77067
6715
48922
29332
35702
32202
78607
65821
87021
68985
61292
28413
57814
48526
78491
42375
67253
11032
85314
56603
57524
38594
85621
35995
51244
502
18924
11328
66907
54051
72717
15237
21424
24667
15350
33354
7909
52853
47013
40336
15357
4346
83562
4967
58652
73984
42581
42314
36977
61957
34053
42193
49637
10619
943
28435
10946
81209
81519
28558
12668
39104
41786
68081
62441
59215
48431
8748
52490
42460
26921
3253
84851
84498
40109
43433
5
21367
2325
89863
85770
66001
35887
18119
17661
64058
20969
65995
87359
44956
9866
85194
54085
9583
77140
79972
48997
45489
24644
45210
47783
33293
51765
84882
88905
74749
72789
88637
17778
50047
31083
5555
68502
16566
10862
75844
63948
8223
27032
57773
63302
27751
25643
80275
63828
74874
73997
87786
76938
71695
15766
21691
85152
4823
48320
72447
1779
68686
45044
13770
60864
52689
46500
72225
46310
55325
48385
63148
10754
70769
10694
37271
66873
56751
55790
9459
32884
13303
61191
16407
59998
77984
13616
83744
972
75657
74707
84330
551
26688
81523
41629
79012
75591
11905
82960
2081
8600
39003
33878
57473
35891
88159
79045
10239
48191
19558
73733
35895
19969
72471
73335
19337
84050
71176
61893
59931
62743
26850
5866
23023
24478
66529
35473
20237
74220
26636
27595
79721
72850
19646
61721
4593
70722
75814
75607
59397
82557
80025
5769
46593
8464
65818
72266
84627
80537
75137
37319
72168
9540
48022
31186
1295
59614
62863
29795
11641
87553
50547
43996
17771
28967
62109
65442
85318
56917
30994
80888
14546
86056
27425
43473
49931
84829
40286
9080
12583
18746
6999
2263
71000
30625
88514
89134
9063
9028
60245
75693
78556
68924
14676
30556
33228
81380
67017
4294
40570
82539
18175
44677
80809
38969
73168
57794
56904
78882
70975
11073
41491
25177
64405
87835
19260
24201
6750
19564
58945
74895
73624
63066
27628
27519
14470
83609
80095
34811
38395
14100
85802
35527
64410
60901
32486
14580
75603
8086
8066
36713
31430
37899
43251
89822
69687
37801
23727
28003
55793
69607
4694
81258
16495
84930
9246
24446
24958
4799
14573
11089
3311
3734
28292
75024
54806
81478
67652
39218
88648
64678
44221
54880
23833
79057
11937
23611
26686
67657
67614
5842
883
8739
16884
7170
72122
47557
43898
44518
72286
71023
20668
70453
53469
60069
81589
53792
74829
13779
89309
70429
24683
75218
74197
64766
89407
32522
76832
1060
48354
58228
13004
22483
71300
5261
16593
3442
53095
64772
21601
57083
80584
52042
53808
35991
2399
13961
74230
15895
28001
71360
41444
66756
77381
24348
4161
72379
84478
55103
85697
58523
5514
12491
88030
6929
81445
43883
4479
52718
80618
610
714
9283
39568
1875
89524
35033
44335
34141
84001
31042
3413
34986
31649
31398
64382
7715
54762
1557
33260
85645
79716
52024
49908
61738
39358
41458
24570
80611
65466
78565
67928
86909
55152
25799
14360
45360
87059
7026
70283
6318
48236
48998
11151
7361
10148
78519
4788
58434
34913
30516
65070
23388
26307
10129
19913
23991
24287
82348
39937
65737
53074
55779
84441
68506
36580
43810
19904
33541
65479
38913
37224
58168
18774
22803
24547
84977
69318
39029
36205
15830
488
2839
27785
3250
9336
39809
34865
5762
25868
30413
17549
80291
77873
77086
84021
4899
84508
23697
49977
81071
64926
47389
64761
87062
42173
28974
19956
87240
70383
6187
68928
2559
23567
45847
63349
76045
9694
58174
46965
38829
15627
59046
73064
6231
51444
37699
10028
79983
60683
36515
74236
23682
62746
25152
56473
38933
53780
6793
48652
33245
70713
17962
85336
41566
52624
84571
15717
40841
39075
88954
74509
50915
5008
29745
45052
23929
12555
79090
23753
87603
53155
38519
54972
64912
29118
87468
61115
53989
79577
67034
28853
18535
59666
82859
64099
19315
7323
62990
67328
64411
40955
78061
44012
18936
2099
19393
88448
55113
54620
8275
44423
59136
64349
60089
53166
13671
65257
41970
41512
19339
69324
12762
480
12664
23999
20352
71670
40078
73493
73974
41371
71619
25869
43772
44165
84972
2791
3751
26020
46744
50888
955
56870
47956
66587
89311
63190
24940
10462
58843
71467
55826
77024
18919
43085
47682
12542
3435
88061
81466
50283
55919
69590
61763
31358
6615
26207
34401
42583
63614
23200
88533
19954
12156
14636
20587
63922
9559
52818
38723
16504
6560
60152
38910
59599
88495
51686
16749
86797
33145
61233
87843
17053
68087
76085
23625
74060
58501
3955
42055
38045
51483
37038
16929
65748
59718
37948
20104
54269
34515
86548
33710
17144
66476
17566
69496
12993
57363
32120
6720
9450
34331
23890
35872
50199
57517
68806
85467
21533
26030
32121
65478
70027
3743
43108
2180
82454
59094
34505
12980
33705
893
59141
50899
86235
69902
49874
15679
89796
41261
50569
47
1768
40325
2674
41180
80998
32189
21878
441
7033
15504
10957
26463
72604
22096
84799
43351
17417
86077
38411
32892
69809
18334
18624
31802
76331
6113
72362
60213
42444
7632
76392
38321
88295
11851
1537
66222
32297
17673
16691
7584
64531
13166
41995
65334
47936
52309
48010
24578
44059
41139
55998
45834
33915
82529
11833
79270
6854
4217
51405
51804
39812
29892
48462
72867
61667
63769
86514
7972
47157
41757
11354
61164
76962
7708
51626
61959
8057
54176
66865
26635
28140
6512
89155
17256
70518
80565
32423
83429
70356
83507
15582
62751
61274
263
70090
35761
24842
14013
29502
84757
58802
26920
46022
34061
22194
58904
40791
11370
67344
86646
38479
32458
78158
13815
57217
57997
24967
54060
48048
49585
15596
39293
38298
24922
81662
811
40919
57381
76034
78791
56421
53598
56282
27308
50608
11271
25791
19556
22013
53763
23942
41300
20484
47375
35670
34380
34214
33706
11205
86195
84315
52865
3438
32061
54656
55435
86971
47794
17924
3431
76844
28299
81384
67883
35369
23400
83284
21547
66913
68240
5567
59726
46197
36612
85706
45317
57310
15407
72906
55030
14597
33156
40011
25559
20060
33453
40820
71424
62771
30313
81256
75886
29740
84352
12403
68775
31715
15594
45800
44982
25435
28506
59849
75164
17650
12058
28742
24193
58339
24479
72431
64522
28532
67697
86424
7778
6761
8193
28961
80950
17831
49139
4165
53362
48621
68355
89759
44241
75227
35573
38453
89394
66523
5496
62793
6774
11578
45319
79611
28919
36893
58280
52692
86088
44593
13938
18833
65880
47616
58623
68171
6405
9570
40489
2521
27578
81446
54332
62401
43649
59807
75177
27804
24088
14210
43094
56568
29424
67740
64189
74225
83803
29344
79380
47627
8230
82953
50963
81988
85757
70073
46591
21683
14052
69027
586
29452
50936
68632
89543
79965
46696
75125
50574
18282
77124
48042
31964
80717
49824
72810
84885
53644
59917
50023
63312
53748
1182
88624
49984
77011
19251
68532
34672
35549
73710
19483
28984
46428
19278
59727
36111
34051
51934
65682
80926
72895
13834
71965
62598
63883
64571
77607
73048
57697
89287
88339
39189
54074
74166
40144
74902
14753
11606
59857
59595
17109
15872
397
26205
78153
59297
78100
35700
71008
48705
67671
25039
79190
44232
36276
5964
63072
39842
3675
13308
20634
4094
82726
31760
38988
13309
30282
51129
9391
38642
43509
52454
27682
79283
40603
74432
81883
53190
7036
54617
87771
6111
35148
76819
26348
46042
71114
822
76317
59346
73371
53437
35541
36817
67491
14764
71930
1620
43752
19569
85452
39222
61150
59632
47472
38512
70391
1852
88555
69444
54448
59413
30950
52311
77483
50253
8282
39905
42975
30500
72946
44618
28322
18277
5274
10808
75282
45352
34662
9964
11128
29955
72169
8352
33392
64413
25103
32899
48760
33088
73576
9733
49508
52514
36314
58630
70213
89340
4973
84408
4578
29151
31009
87841
36292
14402
48942
359
53332
65279
38714
51770
15516
73179
18992
48369
62969
41811
81766
36126
79939
6597
27945
52735
5824
75754
43352
57750
12060
63705
83712
58438
65454
29817
10902
41112
72355
19716
89766
12955
11235
30162
81105
41882
5160
57451
87752
75594
82775
43219
78263
79322
31436
65286
88583
46788
24031
4833
12197
70646
68741
46851
70022
50191
77469
40998
13933
69365
67888
53497
38942
49604
19577
41590
59104
697
61193
73177
6673
60540
68191
39035
39646
29194
59853
48670
71137
52375
68595
62691
49197
14670
43003
73879
43981
63343
35429
59490
53950
23983
36258
26378
13085
18616
4225
38638
46620
43545
13516
44562
18731
18642
32566
19491
47085
3800
62404
69364
38181
50500
89044
30746
284
77360
74733
43394
82734
14142
38051
60151
33081
9361
43348
22851
88945
10437
76012
62348
68803
87532
88193
35645
27569
52767
54046
67459
64331
36509
49437
46897
8921
62263
64514
14343
18993
12317
10700
84072
17862
6449
53846
64506
17327
18308
34314
14901
9599
67842
30319
46735
51699
84610
38317
62390
19177
88259
58042
53984
9270
85517
80613
36833
20788
43855
17291
86567
33194
88441
73004
54851
75226
59767
68131
33350
39864
51369
41359
25764
14030
81438
68757
66370
45938
19241
19873
28033
45472
30523
30166
70885
63683
20079
1424
66582
79503
70600
78505
88442
59862
9740
20271
46034
1831
69782
38452
31
9897
36312
83494
27069
80518
45937
56343
28602
59578
82326
79515
45359
15133
78812
40219
83234
21355
82516
36696
12717
793
27504
69054
66926
84635
14437
62445
71463
3817
82895
75223
47000
27345
23827
84594
83053
16219
3539
17812
41894
67682
25388
59461
42328
83824
15262
24511
47278
17848
31797
2700
485
85408
7905
55638
19733
69643
22749
77114
13176
22097
39804
7776
80635
62869
41194
66842
82226
14800
9163
49862
2767
27416
62170
28603
54231
76597
32963
13620
16237
7261
52906
63218
88419
35394
53686
39259
4419
812
51285
47968
85040
36918
84297
2625
48089
60118
27680
76362
24784
42672
8060
65485
81629
36283
29429
17801
89909
43851
36987
46331
69754
1940
9896
71842
42099
3725
48208
82995
78662
59989
19871
10076
51074
57912
67538
66726
77162
4766
59025
45698
23994
76567
7396
53921
53828
21164
82149
38888
51664
2141
89070
5525
17714
47714
6664
37670
30804
31371
38651
81116
63865
25006
34562
9020
67154
52756
20567
80295
37965
89374
58960
57911
82706
12585
66352
33709
27788
17552
32456
36174
43483
11150
49751
24251
30340
75789
36807
18251
58443
26938
67913
41336
64175
29325
27141
16510
78179
15953
74226
89846
86696
82958
27491
84697
10000
55893
17434
40435
53481
19622
26909
7065
5262
89587
11770
5402
23556
45193
29982
5571
5763
28320
89181
61549
9327
75851
55557
23670
50724
43390
63409
36617
81625
85363
72993
44769
46983
30067
693
79550
35703
34616
87104
30763
88818
27276
23956
81597
27837
87057
11093
10730
48209
38902
84124
62873
52942
54515
53
5217
59924
33913
8128
71681
50913
31425
33927
16449
74881
73827
7758
44909
87025
11463
321
12113
68975
57515
20075
31420
78048
87649
170
2260
36018
30677
11138
69335
61603
71341
24605
64240
87107
41133
65489
40525
10939
2546
23179
33819
87519
10823
66257
73221
69455
89490
8469
49213
46143
44810
52011
24593
2193
76404
43607
46640
56823
7998
43039
86706
20580
56291
17945
83480
7588
32126
8840
85115
13228
81514
38406
2996
43949
87148
74151
53132
58571
68866
43641
40224
39697
83964
70908
82949
47889
53145
4706
37333
71891
32222
38142
35042
83833
40546
42184
12651
62386
13067
88017
39607
17881
60823
35458
53878
87498
80739
86610
50439
27899
69857
88262
7965
24591
55255
84229
43850
65909
5814
33746
11188
48169
48253
44483
28388
65922
20112
34975
85912
82310
56394
9234
53714
52538
79628
43682
6409
55046
22609
24390
41021
66874
16169
75725
49086
11741
16813
42670
5200
10929
67637
13286
49855
34293
17456
73089
72753
73802
20618
26856
76531
81013
85796
46125
69871
52419
69604
45957
59384
29366
22180
73110
61832
2019
28247
13427
36516
52578
80036
30421
11207
81670
47447
69026
55461
23114
84852
43347
85887
27580
16621
1383
46926
10971
21226
46949
30471
55478
50330
9987
39421
82138
4517
29658
36075
88180
18066
70282
65419
38338
60800
7079
65548
42973
77497
76325
41985
59434
28874
75682
68321
20279
68851
17284
25574
23810
73849
29936
80436
72457
80193
9401
13442
34955
2558
65063
57691
69617
61056
66312
1969
1872
50758
31674
70901
70442
72774
45311
67152
41946
63464
9538
73847
37734
81060
85553
6176
24856
29620
47188
13786
51532
11665
26404
58756
32725
26750
62239
4314
63760
61420
52268
36414
45124
32907
2100
23573
64540
69069
49330
82932
62252
8260
83114
39227
55573
3284
69720
1789
56385
55973
27068
22447
308
10423
71887
76905
8335
79300
69544
37264
56809
65438
11748
46140
42402
39322
29442
71510
61048
2887
44384
53326
11645
1806
57394
46674
4777
78105
33909
74429
22333
25266
27952
37542
42602
38246
89583
47875
22882
53626
32492
29018
1225
47385
62154
44105
62856
66976
17597
41898
70862
78032
19133
26308
1669
22657
36869
80012
45557
7464
58656
55001
89875
89059
23234
3353
11317
59971
12436
14801
20673
64701
49499
48047
17970
69903
32466
78856
62697
4274
37491
49386
9074
1815
3790
67809
78599
79680
44293
38702
22048
9135
52751
75861
61135
36851
3361
48931
39736
20001
45878
41861
907
11148
87243
7511
27730
17858
35959
3102
49775
6356
35967
86392
56901
6654
58502
9255
5422
74891
10961
71565
60380
84028
83683
48412
75234
5521
40676
64447
31217
78692
32965
66062
83086
8369
270
79260
23145
15036
63956
70138
17395
78046
9787
51341
10278
27845
52235
6472
88712
63499
37044
9260
76921
70934
84576
42555
51419
80682
86694
42856
48721
56610
2009
9802
75566
55312
69974
67921
64914
50156
47705
47249
10364
63089
61157
22926
87282
26504
70125
10267
15168
26525
33375
79182
62783
31554
87555
20241
60466
31614
76989
83534
63932
86402
46118
70664
46299
74505
57832
73597
16919
84818
21619
26605
56594
40886
14876
73101
5939
58785
35894
57755
30596
62828
74063
46984
70219
65946
27631
10869
41731
69658
13730
30173
9727
16432
61604
83936
87038
45211
24484
9512
80391
28300
42995
36348
29768
50014
71675
51935
26000
41730
66156
55114
39235
12550
37227
43966
86952
34956
42593
6135
12674
2755
54469
85454
84547
61946
27361
76366
31947
86869
40344
19178
66908
3638
27667
38126
69264
72611
33243
45573
44199
34041
23904
24522
42936
42775
89443
10127
88761
80569
7308
10389
34205
63399
47612
29604
22628
38140
19718
4497
73160
80627
46240
5801
21877
79500
24592
70653
45358
47992
86529
40371
19223
42164
24908
49447
27708
87446
21368
22948
1904
9940
9331
4536
27797
5561
44234
14019
38323
53401
23425
60242
22027
18910
68112
16565
17430
55885
47126
81270
42004
38569
15291
15372
2566
1664
57594
35529
604
64764
68568
65106
59841
48071
87671
69044
38586
72788
82821
62069
87046
3802
39022
48491
36545
21810
21276
48111
49074
32983
56692
55814
39143
31671
700
76099
15663
34920
27942
4357
54375
46902
46502
65589
38613
20961
86729
21951
11870
87846
31133
13674
67709
81853
43599
68444
62917
6167
64659
14755
87512
31289
11990
31520
242
31142
44410
25211
84337
23689
20248
5997
12969
24108
43985
32430
49036
14926
18507
553
89976
52267
46627
15339
32541
756
9164
55399
48689
22834
64963
4692
58237
84670
3296
46498
83635
5915
54866
58959
60382
70648
7973
31357
40253
84279
83778
79878
44775
20328
89778
77646
26289
20113
87002
12010
66701
70103
33215
51612
1661
35163
23958
63876
64779
68201
81137
38883
45422
78252
59295
39530
68296
25587
2204
73965
13406
85839
79478
89537
70091
37129
76745
66843
29313
52480
30288
18439
17914
28342
30303
12322
80065
30934
30552
27467
72912
36936
65461
76952
73925
8639
72260
49719
21515
78475
53672
74644
16076
29855
50937
76665
50588
89237
81165
50582
77602
73957
50829
71246
65739
80149
79662
61712
32384
80383
5661
74959
77452
73188
50051
68640
15826
24447
154
85200
87739
63661
84835
6860
79284
7497
60868
81192
68793
18434
46635
36703
5559
24324
49225
89176
86919
18265
77606
61847
82611
38247
38733
5194
45943
82448
73709
8520
77677
32480
14756
58162
1125
84218
76974
61886
11004
54471
396
46774
72201
58245
30072
68874
15266
23915
506
62281
5311
28066
59605
74890
56556
33691
42539
66441
33203
32311
21921
51479
2882
30540
28354
38401
9900
74702
16913
73587
40686
30694
82099
11534
40794
14073
2077
59631
7533
27495
82694
35611
31599
86960
81454
6912
76664
34875
14794
3942
8695
35765
24313
51235
88219
3624
57400
13150
84671
709
7873
66610
58554
45161
20375
71838
81239
43494
71833
73759
44999
84482
54237
2194
41565
73341
26701
78735
79094
72832
53987
2598
74639
37537
89980
35102
22623
62734
71004
61969
7609
32838
85369
56251
20918
78465
37203
12106
86317
87232
19399
38031
17822
89646
7120
61850
17143
54724
68892
89551
54660
60519
88532
81343
5078
7762
84836
54178
78028
1124
24329
32807
81918
9847
50676
1679
51541
49568
20068
46884
17107
53852
3663
72301
44663
33520
75119
74688
43271
18551
20808
39817
78083
87139
14971
44014
81658
85214
67654
41253
2951
48765
69521
46040
973
76110
48487
5884
7704
50289
41280
23032
31089
55336
5366
40548
70095
600
49518
84919
24988
50840
9348
43362
81024
83723
60796
1630
23171
73618
89164
6190
32692
44660
926
32445
76168
44224
39770
89355
50595
56269
5775
42520
43308
39436
64445
63652
87705
31007
26710
7794
21340
57204
8424
45152
54371
83976
51577
840
47773
16114
11569
28493
19027
8425
13551
76983
27689
18145
19201
12484
16781
5211
7691
16595
32593
49641
81531
17865
33636
8694
48504
54255
1638
80183
67995
50291
59633
45185
6032
9197
37114
50388
43151
50989
70708
35151
50050
83313
57970
20902
64577
36216
24650
13209
2236
36565
67369
72526
47018
64108
28218
20800
16460
59909
50812
32295
37590
44436
81784
86702
57454
25271
56636
46853
52222
7439
44274
54263
46103
79977
69204
48928
54158
74138
36528
36832
64507
57882
51800
53739
45309
85026
69329
34157
89989
64362
87884
83159
52172
35490
60886
38258
5815
83400
69867
9167
42747
23243
50022
88332
46131
33332
6612
20351
61990
40618
40309
64315
71448
68462
61232
7647
48899
2812
49633
85824
74066
12700
23109
34099
17899
27035
58549
6781
69248
16052
25461
61831
7031
55423
7879
56723
53058
33059
17921
20928
85637
12613
61049
52315
54645
58055
26552
46552
84513
63472
22414
84952
9884
40332
52188
68545
42598
76964
29338
56612
36709
45109
62502
8896
57692
81354
85017
19643
85991
32784
80564
11847
12545
64941
82619
67502
25689
43779
12938
41703
2149
65954
74559
41690
9217
45979
304
75184
43671
83789
40596
24022
66699
62428
19662
56463
50651
51366
57816
67425
62986
19641
81094
51636
21938
54398
10268
51144
58825
60323
66232
83016
13733
26297
47967
65247
74659
39295
7028
38306
64137
2418
55627
76689
36030
51625
53310
27211
19582
21777
26761
24745
41275
65487
29327
33647
67039
28564
85849
85586
6106
60025
87562
38880
65602
79264
88918
64694
25113
59526
59804
60195
18042
25893
5040
75449
48046
37550
80803
33959
64979
76292
27487
51137
26692
14296
64653
84766
30420
45393
56205
22662
47394
50267
5536
43215
74546
13470
64013
28212
17537
73280
33651
85290
15714
40009
54802
62800
29577
40550
52954
5960
41875
73468
61595
1989
37364
51747
48887
2254
16155
71369
72241
24929
5351
25047
72694
69814
84713
73386
61583
58082
46127
36852
62610
55410
84473
67384
34282
16940
57269
74448
57930
83413
89761
47232
885
45871
30211
73
55135
6396
54380
84405
5574
12389
75793
56230
34538
74137
4699
18239
10932
83330
53452
70623
68144
33377
51391
16394
53845
11951
78598
57415
57743
10720
48718
63375
47830
30257
56623
77310
1171
65041
1388
22293
74772
32280
43674
88543
10573
46830
62578
80476
43124
51085
35687
15127
9410
32070
37855
2959
29720
42191
1622
45603
70789
55145
590
42864
18582
83200
1941
79460
48453
76502
10359
39944
22155
63015
71373
81731
48207
64854
6151
78264
71083
32797
60046
2592
18872
5101
728
38484
72237
63589
50786
49458
38220
56153
27571
26608
71783
50137
58645
33406
38374
80192
55662
10943
45069
8744
87047
56591
22532
60724
46734
88242
37773
34105
19365
89581
22001
23366
76332
86441
23013
1286
29054
17097
44164
29466
58580
58485
21009
65572
42249
43420
55654
43746
46906
58431
25596
29603
84813
5457
41197
24335
46217
47913
19984
28595
72779
51094
32129
30417
63812
30328
57467
78389
78341
43925
4775
71991
68403
39125
64026
82792
32749
54049
51521
12979
62443
75274
72738
42177
1812
13046
39800
77357
79406
75698
73497
31566
40452
17448
50370
51750
8300
66371
62489
73982
68634
4603
18097
80841
64728
1031
15625
53769
32908
54779
76384
19542
20810
48603
84348
26987
28317
49895
15966
87209
85227
16552
35867
31623
66891
58852
65262
59205
49844
59135
69956
77877
71191
77857
40817
37777
51755
66318
791
70207
53655
4238
33436
67836
41216
59638
54140
84767
15521
40502
21592
46484
27884
372
61644
71222
82607
73043
38710
28023
17294
5455
81825
16828
76565
39907
47481
67480
80636
6403
45619
64353
37579
48877
54592
48072
19899
37099
27776
83852
87580
83322
58610
56237
81497
65277
75368
63231
50441
2604
5334
139
15215
25190
13990
83342
50067
32914
48664
32096
80815
31970
75292
9053
88252
2147
42918
31230
7389
32263
60271
61561
44894
88781
79655
26241
74792
36600
19635
14213
6275
12005
30929
73416
39996
26493
51855
64575
10443
12307
14252
2132
78696
65870
15602
85168
24159
50319
67653
59620
58826
33879
26779
27170
21584
79668
10585
25501
10421
59251
26356
24606
30077
81402
26028
82700
60704
70425
82696
51384
74190
28945
14706
51581
76244
32534
44805
11761
21611
27126
26680
42372
56159
68362
63222
44761
78507
70801
43830
38104
24068
36798
52585
47279
31152
86641
62362
46426
6693
44455
40632
14709
27186
1217
39733
6605
75952
7943
55015
68588
74362
4544
53731
56086
80787
64157
8052
88146
63267
14090
15185
68333
88640
47276
49696
14552
7823
84532
77480
54968
20155
75635
58801
84469
59213
72270
17004
8339
73778
25364
12462
75690
75939
83131
12589
89015
15805
23873
57114
61796
7814
83788
3685
24360
57928
35209
78531
48419
29696
83818
36943
82463
12467
56341
48160
3448
34406
23553
7050
28347
42573
14905
65395
66521
47850
82940
46551
30238
1587
80094
68606
68096
43477
41411
89369
49552
48367
66454
63041
5346
69411
76068
15373
58702
88427
69238
62268
59200
41734
8975
23877
19359
19237
83695
35632
45495
11832
79459
54388
33922
85507
9737
16631
77554
8763
36935
41792
15096
84522
83382
31742
49026
49894
30024
51866
85664
49922
5103
42828
12206
27459
21317
29432
36407
88068
22017
43083
44823
23714
75462
65268
36105
58222
72093
17538
90003
73455
33281
55816
32105
81814
22141
79292
69612
4177
43685
77521
24306
76507
54205
73631
5188
62522
20848
40360
62982
15544
25738
31319
62452
78922
27597
68012
38305
17468
44651
84663
15111
71613
16388
68835
10542
43789
71446
63347
22584
19267
11713
50083
64087
13745
11746
51116
77762
55991
70721
19382
32048
69905
71313
48330
85479
52483
56702
5174
22552
75953
44027
29496
86066
77241
18696
53524
35497
34709
44568
59724
54109
87797
12840
85305
18928
15801
14280
25
42205
60405
47452
1492
74418
59446
37520
29214
23831
61141
999
6547
25259
34464
72978
39777
23303
34729
75079
35185
73339
86553
20638
2555
51534
73467
45412
88685
44088
10152
5271
19585
450
61753
84906
19022
78418
30270
52491
60918
43643
37780
11540
60922
74239
45336
63342
79282
51176
6884
4095
29833
35195
83402
88762
53170
23419
2492
24563
78484
88822
84982
42110
3073
8954
61119
7686
52199
13617
26767
11397
23016
34389
52987
77212
82680
39846
10983
80129
21221
83499
83642
66627
88359
62396
22762
55867
88601
73481
70214
43819
50615
81320
18604
31162
58651
69442
28014
88183
51202
9476
77631
61347
50804
60573
23301
42895
6045
89029
45082
20531
52173
8604
55933
60038
87651
3970
58349
53457
82990
38347
38507
77636
74619
68978
31591
52475
19407
64303
20142
52424
73001
37360
11223
83658
27279
75846
37599
87382
12426
37527
73868
21236
64616
81099
22066
21118
939
26630
16764
52063
89853
21440
58372
73735
27239
17740
40994
88300
77673
72066
53466
1571
32620
31400
83418
24862
50889
47702
3489
53533
76949
77363
19042
7452
46694
41681
28613
17438
82826
81395
33653
49411
17672
83560
8252
57462
59904
83816
81971
17731
75911
80354
61608
81649
83248
65640
31792
12176
11229
58200
24469
51580
56989
27320
25813
61774
34355
51494
69163
79198
29682
86832
26258
20043
36059
27480
13590
18360
69244
46102
18901
89739
81359
47996
74265
11042
28827
84213
30479
40353
14239
50244
1425
28349
69477
83187
67507
84640
60768
35747
58152
44554
27492
36663
79632
66115
75439
24451
788
4500
38958
63448
25511
82279
48815
49890
80943
83274
77799
31887
186
71585
79563
76300
13773
65468
55463
12547
46327
14713
19373
43575
13875
78817
69276
4552
78315
6030
3366
29056
76246
43188
53944
62884
60877
20040
29343
7245
51195
79288
21579
49198
79372
45644
69532
52052
38800
35721
67875
13251
26881
79829
17739
32779
23036
49590
40944
22995
61614
11055
83282
85811
87654
46859
24798
84336
73219
30544
26124
3729
74731
17441
54549
66451
10615
4358
37990
42873
29750
48219
14083
18223
37548
16448
41221
53526
31716
32400
22259
14946
32762
30453
87231
18083
33886
8205
33809
49370
64300
59829
65707
85135
29997
58944
2075
77610
49206
33412
88102
21551
52705
78210
56817
27900
47392
82196
42251
68880
64293
55644
38211
64453
32034
54335
45402
35819
7087
14970
78578
57336
42427
46581
85292
35226
33662
85632
58864
70221
46261
25362
1170
27199
63106
82460
10491
2920
87112
1849
16794
43637
23734
29198
16415
30773
19071
68165
84731
21585
49738
11062
85302
1454
26801
16981
68418
10625
66760
76052
22167
38995
55780
64343
84764
62130
21085
88646
77297
1887
12355
1442
50295
33178
83897
33952
43626
82083
46887
84123
86946
22214
3326
30092
70985
113
49369
77954
21703
77737
42912
65256
71634
38309
31531
34298
22940
44075
75785
28686
18573
42608
75499
22949
9944
35800
1584
29529
88174
62550
84570
9253
976
53966
28201
67679
67801
42972
78722
89183
23769
77965
17925
9075
17298
40863
23024
23173
82116
62782
86239
13613
89586
39680
63424
59574
10242
8997
18783
76214
1645
81282
63807
12856
47592
11464
55986
26390
69266
43123
66014
32269
29305
5019
21191
779
9134
45828
57174
68719
17996
60037
39194
59133
74077
14370
31469
3188
34774
70009
67688
3612
26046
50223
47683
44394
32584
77666
72771
61950
12023
30157
32358
3181
10715
9646
67426
69300
28258
1306
61752
10131
11524
4112
22782
64899
9756
831
34357
47526
7165
20642
59627
52325
33415
72351
80839
62306
32053
53506
23783
64397
75392
27301
76101
81868
61394
42898
50633
56059
22664
47240
41561
16019
55220
46773
39871
31226
30245
53330
59075
78047
59543
26299
60390
74057
50566
18326
5958
47972
50001
48059
76095
82249
54048
4443
50974
45701
6797
84894
3014
24674
16475
11054
19608
77263
40300
27420
11596
69031
61476
1835
39971
10183
64460
47194
48571
39790
80091
38914
81397
20659
51999
81318
6980
58045
83951
88370
85763
9001
31307
23945
83692
68256
78623
38751
14281
81994
37576
36794
48245
52302
41571
82759
32289
12229
36448
28301
69182
65491
88574
53217
5591
19314
69199
40835
25778
82600
71737
54285
42156
67395
81832
84327
18354
15957
40313
10707
82764
73745
57694
71429
58739
8232
79222
59319
45397
6087
22640
28824
11197
79416
81959
84760
27872
88675
65512
82638
35600
84235
67576
18824
45879
12266
42729
30914
20955
61084
5063
48039
1049
83139
53035
57356
73029
63488
37544
51095
47553
52097
1293
73577
4266
51502
70471
23807
63261
37787
30620
21485
50465
2533
83552
69035
28795
83791
44831
87178
81888
6270
59770
47541
67625
16680
45344
55994
5017
25200
8522
66028
17168
70181
66575
47091
16202
36904
22578
11638
48647
39470
3645
31559
31767
73969
56609
40212
36694
44041
48231
61043
36722
25366
57646
51177
29320
72429
9302
89794
64594
88630
11159
81177
11964
45480
50506
77081
84730
89437
63938
68070
76570
46379
88050
55872
20600
78964
63523
55439
52388
65082
58405
71335
60395
33834
80089
12527
24358
1932
52863
43236
1469
24839
65785
57732
46195
63655
30159
86866
67351
13719
84177
82849
65261
82555
85466
53569
41151
12614
76354
63107
30816
47099
8517
12488
37841
65099
74655
31061
80075
31147
68730
83798
10962
35045
1866
54956
7841
39219
19671
23208
66545
75193
21285
12035
6399
55883
83063
20488
12913
86029
67053
58877
72249
11980
57128
13711
33475
46714
18918
66563
5759
27522
76862
12666
5757
11142
57889
65011
72799
15745
22006
23732
88153
857
61537
40903
85724
25623
11834
6104
43612
44901
56647
17810
30246
18799
85381
38204
79914
23581
66139
75441
87239
52485
88693
11535
22372
63603
57040
66304
56119
78152
78091
57572
23421
41563
50408
50151
66806
55797
4686
85108
60785
25025
88039
4019
83910
68698
1921
74554
53855
29886
3682
11427
53379
39664
28957
15437
57129
50312
11411
69313
35841
82871
80166
57432
24599
53773
75816
54736
15381
12820
48272
1095
21315
43416
67814
27372
48744
26134
9175
25626
5438
72741
16417
14350
67670
60401
14203
35266
14672
89755
81453
41456
31911
37234
54416
8534
26374
49272
88565
88827
59371
44120
89724
17059
79855
54985
26675
20839
27719
81956
27600
74991
65028
72827
35543
21220
49297
32868
63984
22736
19474
81400
49985
8725
3788
42195
65726
14866
77563
11622
7329
42531
64675
24176
30783
31603
22582
30778
37684
54885
28736
84462
72846
4207
80826
34252
28759
76458
66432
32587
88097
74002
45790
57262
23584
25633
86933
64381
20534
45512
88173
64716
9537
73418
71515
72265
67918
23456
76960
53934
7507
47034
73152
14161
36002
57350
55871
29961
24238
74280
39802
14752
56733
64843
63253
50236
17081
67624
3738
83880
45230
67070
63732
43047
57236
51710
51496
8641
37792
25357
14973
58748
45316
42906
82994
19003
14379
18523
26936
63954
39484
11914
82627
1410
79481
76823
44729
53072
67575
62985
82070
71849
83445
3697
64879
68742
20395
1240
62354
54227
80084
32312
36924
8186
18941
14141
1288
63369
37261
14294
21132
7806
61379
37991
86619
23093
60182
37496
59626
16372
74393
19599
65016
23486
73592
3063
18633
46386
34591
64216
27212
42569
82969
68703
66066
34065
34786
4188
18927
7835
55279
5647
40664
72941
52179
67171
46004
2200
80372
34194
44883
61579
74329
52462
56889
86379
87957
64655
52841
4989
19731
20421
69762
27407
22828
61266
36282
73572
54907
17745
74403
47268
30132
44193
43448
79919
43172
48714
62740
32236
29491
82482
70248
46402
12743
54556
44352
65985
72380
48917
78004
88655
84193
79265
24209
42365
85712
1153
36023
51328
70765
71859
43625
64721
65113
27138
75408
11363
71941
5266
12935
16144
61199
8782
11403
52653
67050
33450
87119
82883
44203
20894
11850
23817
26113
88439
82679
76416
68224
19966
5670
3939
6003
14256
72954
31308
88236
40058
2282
84223
39153
44258
19664
54259
15139
16830
13240
18813
28112
15987
7518
58600
9844
73804
76247
76369
80422
74378
32822
79480
86395
2359
56202
23665
52127
52326
89356
35822
48421
76622
83280
42339
70074
10681
70289
61743
29455
15647
30592
403
51901
37112
1108
65680
39860
85267
78926
823
71762
66822
61670
5944
83133
65493
39891
39776
70871
45430
77014
79562
85021
1297
18155
4975
64261
66811
62661
81015
65766
40200
58264
56580
13342
79688
63728
14293
82485
89040
27624
18684
60871
4281
33285
16841
27110
61853
8325
74434
78148
10020
38019
3323
58694
85648
13785
86681
27819
21936
53212
47993
23707
62637
56699
24493
73282
88654
38588
79093
59943
50795
41615
83599
6930
9227
88163
45818
67356
35953
35248
45484
15589
66595
13909
21015
8682
87780
61872
53153
53282
80945
73905
28610
88355
71316
84231
54349
36156
44445
36948
22771
28179
44631
77336
77532
74270
18483
5642
2410
86222
69270
79420
62641
8187
36686
31866
23550
69201
43915
68138
37519
45623
1451
89882
42782
67098
59005
74551
21888
48370
29809
12097
70465
15546
37107
65734
27617
27653
61276
39822
86397
13204
2424
30083
3040
3051
48417
30085
20566
11779
44347
23094
70911
70747
16172
19901
9209
42305
89166
37529
47077
86739
17671
10609
54611
57465
67095
73461
30700
68108
86685
52686
52557
28083
25358
48036
19028
67385
70622
14787
16092
3585
28776
67123
47677
1607
88811
874
38333
7950
55177
45716
19205
70640
85442
32780
39422
13292
79278
15263
57065
27586
82312
49575
16410
53956
82570
31196
72603
59498
48781
13456
48904
4152
27323
67091
19058
25452
85423
33539
76756
39168
39596
31036
7565
12709
833
5466
13247
55562
59819
85497
72080
50098
86032
29659
49087
52493
4832
45720
18132
64840
7645
53752
77131
14064
11241
84950
62632
18752
64823
89819
22092
10158
29777
89408
43379
55139
1200
48471
28615
26318
25072
46824
6809
45111
53877
26713
64853
56339
67882
61102
15767
54538
54474
7945
16959
69463
49774
68547
40833
55108
76719
8373
67676
74673
79474
65208
16905
31455
80702
371
8374
19073
9542
27398
40941
9543
58833
6082
20299
87676
24071
15501
17323
30743
62033
65026
24338
88281
7190
31977
4426
35075
51404
25168
26838
8970
63460
2907
42292
1633
6573
14403
57111
68514
1267
70042
33687
59735
17931
39518
46644
47152
39093
83083
22135
39474
17131
88620
44897
47517
59754
64042
86208
11264
26094
20859
58370
50817
84853
86340
3623
15738
26424
67391
16400
15490
21740
68907
35889
69093
65505
80531
17688
88445
86105
9128
67072
31743
6258
18803
9051
73104
82715
39674
74910
40690
18981
1082
27296
65038
70178
89488
48967
36887
83042
5353
54717
52518
39714
1083
67466
39195
30989
77475
25255
37250
18010
85235
8575
30497
42408
79928
88870
54970
66245
65407
57349
17981
41859
32224
87279
44072
53381
33177
81933
85071
23710
70485
84546
52579
78887
8064
56185
86937
63902
23650
86382
14881
37415
11676
59330
21119
87921
31021
66042
59338
62597
79119
48843
84376
83472
86587
26620
68628
4866
82317
57007
68160
70490
40155
38835
81899
81164
3216
59880
70741
41509
6624
4868
8184
36473
23379
60223
51948
53258
53991
5848
37132
81881
52156
47672
28542
17118
57538
22852
63787
23791
81787
46059
31125
51210
59911
53561
3717
65522
42618
44210
15579
85943
76010
48212
49382
34058
81092
32517
14533
88709
77080
89400
82522
62880
24354
2642
3394
41567
50841
1105
39127
74442
87353
86300
23523
32645
45778
46076
27063
33745
14611
38672
12127
46847
42629
71917
22065
60852
4589
21638
28339
71764
74202
71940
19480
23428
82717
9566
10539
89760
74397
67392
39862
14899
33767
77662
8133
87311
29811
34029
3922
30824
28144
71512
1991
71763
42519
74689
72856
27132
42825
71345
80107
42633
37017
52350
36795
21225
14967
3521
81428
33127
64002
84370
74786
40869
696
71622
73593
20047
27392
4835
20739
20371
10565
47277
29419
10285
63439
6666
69107
10920
74344
51633
75284
88237
44704
73923
32723
84736
65410
21477
18020
71085
25875
54597
4723
17690
79351
3591
59079
12775
8111
35001
64980
22772
63689
71268
17775
50635
49873
4040
80021
39838
41106
1914
43295
59635
87919
33044
3229
49506
29715
27265
27638
85438
46288
9447
17217
37212
4381
11724
63508
40128
75611
82278
26192
7152
25475
77189
5736
49025
33208
6265
81235
75496
30277
70264
1737
60365
50105
20990
80935
74132
37790
59169
52831
839
7411
84445
14641
38371
61071
3882
10501
28185
57439
16352
16700
53269
56783
3117
44090
43468
87386
38968
67736
88805
73814
30940
73062
76815
75797
46677
72643
54770
44888
49404
14601
2627
53361
30910
36050
46676
6305
28094
8019
75718
33901
7144
11442
83355
40150
27712
69436
82017
27555
75035
80169
70298
45436
52370
59444
70291
24309
63132
85782
38044
10817
54708
33521
45978
6582
10878
64443
65413
65400
42132
74092
80414
39407
52231
45960
14993
80566
39131
82282
63634
63405
50005
63206
61320
37172
55028
52975
85323
48340
73537
82971
85284
30713
80567
85049
49516
38833
51281
1760
19105
34556
29277
22377
69558
62299
28779
64525
45586
4167
76174
82929
35530
57973
4865
62588
66674
3279
45689
68048
64630
34080
79335
83347
71514
72644
22176
74163
34182
48800
30660
44895
26215
74933
50862
37175
36553
66374
50826
5198
9672
79533
28692
8090
78196
34787
71898
6614
86716
71488
61948
15411
65098
53789
57258
20424
3425
88740
65146
61142
49286
49178
35980
16523
32264
19421
24755
79841
81267
73061
45539
1498
1339
78121
50476
66026
52295
42616
57202
11955
23867
9368
32163
81923
7103
82475
48274
2939
41591
15299
5620
56443
89274
72193
59047
81614
12546
11268
88985
52061
2512
60878
34207
61350
63318
83625
5790
37429
58413
33569
11728
76973
73796
2060
48429
6990
83118
43930
46348
26992
5994
22842
89666
38307
55856
48161
32198
1522
27613
1748
72525
82719
83204
56939
36922
14194
21807
47373
49910
67986
52824
30403
24989
63926
87792
34627
42694
7612
85815
42245
44639
71777
43834
23531
65718
48974
29617
33226
39068
79539
37167
15000
41231
63939
70081
614
44745
4464
31589
4176
14814
27883
62212
28729
68879
11618
64439
62209
5115
19787
60517
5858
73262
25974
1886
42709
59110
15041
1206
22241
60017
77595
84119
19439
69799
18218
23424
71385
25314
39509
9176
47544
48225
63891
24910
49898
49843
50322
57738
62829
35779
69055
89174
82028
37403
18753
40215
80510
55742
44589
73919
18631
41470
58533
79059
77895
32242
87161
36724
68860
56667
76765
42908
5310
4894
45864
56639
9011
2444
40049
14638
67461
8310
21828
56142
16699
50033
46918
84120
22174
73212
60399
20543
6010
10466
20273
17388
43968
6439
13198
37980
58132
41393
43805
57078
86876
61880
3459
70357
52497
29597
38831
48674
10261
15405
72030
74750
57510
12159
28668
60346
18400
2576
21757
2227
34669
26511
33091
62817
55442
2544
21837
19605
32343
10233
5164
79159
61570
56936
85644
47351
19761
72980
65886
9159
7273
47687
30603
20338
75688
40153
41296
21206
30873
19145
50435
31129
69753
75057
88007
44962
20154
73167
45909
17937
71214
88312
22473
25219
59152
53216
41400
31867
68534
43619
54355
13827
6183
6993
49191
8618
35222
144
11280
4115
30143
29298
4555
20224
33666
39743
70355
59866
74924
56523
54644
29196
76166
88658
13622
1211
79471
46150
83365
3940
5502
29353
70724
62687
12926
19844
37139
58363
78287
86153
50130
87414
83797
77117
21339
30823
10774
62750
19350
87528
4076
25410
51899
86033
60518
80196
57712
79876
74543
78950
51276
58301
76618
52547
13455
37133
85199
49826
43376
15725
60747
63955
42597
23347
64870
41310
71334
33934
86140
66504
57115
75601
13077
56267
14182
62696
45831
27550
50298
70639
58062
8055
13756
52947
32416
3519
69073
4704
14696
53645
67798
27259
16442
6515
543
55934
48294
69884
61384
45423
57657
5899
81976
39935
67267
44815
15417
22305
24866
63044
15013
29965
2437
27045
74027
4858
46755
51187
86527
38918
13926
44592
56899
32154
81414
73975
53149
78825
24488
35944
28842
41784
61336
48155
55310
62101
54647
8911
51072
69046
66465
71509
87350
19389
4750
33945
70252
63335
18861
53549
73834
38094
16468
72467
72117
3402
51238
68531
22244
54924
25498
55636
13350
80625
56287
61167
85345
58120
89234
76536
74634
54640
57573
76588
48158
57089
73775
65977
6105
68925
67904
89363
85549
51
51831
77302
61483
17289
4722
57209
34057
74885
45011
73088
22878
32304
65077
52074
80365
40270
5750
78478
78941
32195
20341
18367
39372
14066
25518
33395
80965
65298
70189
24184
4096
40071
61108
62933
50234
11614
24774
71177
9250
79496
89979
7553
75927
71795
39785
8530
6501
52115
705
86037
79031
34945
70902
41014
87764
30553
62669
14498
85169
76000
15260
43567
27340
54574
48583
70152
16766
30268
50603
36331
2092
18923
9355
3535
1657
48989
88352
88315
33730
36328
4457
47141
66086
84453
69273
70524
20348
9318
35420
66429
52581
14637
52215
9810
50863
35052
86845
63444
9652
36849
82655
49658
32338
7582
80474
51478
60412
15212
30933
72210
38423
51546
67717
45904
88100
59382
57149
46880
50131
27779
71089
86047
48337
17511
29278
40516
75166
44830
11434
24767
20558
35463
6891
56839
13365
82948
15142
60284
60394
77952
77685
84822
11388
47037
5175
61971
4774
38583
57192
55747
10178
35863
35205
67730
64078
61144
71581
77670
41483
12802
63635
79514
52095
20764
25420
75666
67896
1976
82157
85705
58111
66514
14934
15439
62531
28689
51513
37668
2740
3966
74427
47528
34480
9801
74977
6278
60781
43337
72392
54346
10171
3176
39282
35926
1946
50080
85100
69987
63691
15156
41744
31937
87905
89348
88160
56565
55512
65494
653
9895
33562
24552
34879
86875
30095
7207
665
26815
8813
26291
66605
71904
45467
86046
27793
6184
47198
69651
36244
72861
55785
56834
53631
55847
54071
83027
1512
13528
56355
71532
54122
48587
65873
23796
28336
22924
69064
39395
63831
60979
50893
81907
5533
80156
50271
64178
17716
20128
81895
12781
78511
58177
17137
64677
84510
59704
638
89985
33003
39688
27290
72565
5710
47169
36674
27699
43854
40852
23359
26683
19256
54119
69620
81307
34335
51088
10412
71307
47963
52862
12393
22072
22010
67912
12135
24853
75239
29515
25674
71871
11758
85441
55198
65211
87354
13905
5481
55014
60035
59417
66179
69387
13253
80364
31014
36605
64203
25286
34502
41881
29980
51925
20826
49402
52352
51149
46539
36805
39311
56487
71124
56244
46407
76982
32390
17874
81590
67048
5545
51060
79736
29257
1376
28834
32920
50965
3629
36683
49613
57736
43792
76941
27981
1219
36749
58433
26668
83601
45398
80298
88107
46324
52018
16517
33620
12606
33039
39749
4954
42223
48755
25934
5253
53536
56084
15780
18345
33307
12655
73081
9793
66045
37998
84837
63653
31638
48542
89486
21632
38410
42278
50365
84131
3837
87085
71767
13946
80020
80788
87115
76041
75406
64832
74215
81604
1184
17585
11384
53021
10041
14570
62174
57579
84290
54130
73334
4351
41012
77060
68557
80011
84456
64083
14333
62555
16705
62248
318
66219
8188
35322
19874
50836
53059
69547
53343
50420
67838
8384
4090
5173
39385
63690
58836
58389
39703
85669
48035
25685
43638
70745
6543
80848
33593
72572
41127
19655
69166
45519
65829
73840
55354
31889
71064
2543
29652
49802
22046
62147
38666
52556
56682
88581
59776
34842
46424
4170
10377
43956
80514
67492
25906
72102
82030
36239
12142
70038
64790
24052
28379
28731
22793
42815
26402
29653
61445
26896
32086
11310
43618
79908
86737
51921
46144
35386
40845
22105
84636
11508
10356
10254
20872
69950
47288
57259
77306
32374
65083
5187
3920
79685
54463
48778
53518
66867
82841
40867
54754
59938
76222
14883
28553
76994
3855
89422
59827
83354
1680
54174
27878
47521
86170
84092
31006
52132
56895
7292
61646
59739
43451
54664
10637
43060
5477
56776
26517
55496
31597
25717
77050
85077
66541
32021
76656
78187
36889
71746
65278
87844
73730
19786
60582
47851
4101
29728
30078
18645
1488
19229
68349
48563
58454
53165
57813
75575
50967
43681
88464
63098
44275
42219
21684
80534
25744
44916
80962
16467
42431
80530
88810
42682
3838
57406
46726
13690
79599
21293
36266
69938
13501
87073
69705
78909
50553
75768
30537
54892
81941
79337
4399
22034
4880
75804
50695
39284
4002
22368
69763
39861
84782
69921
15584
26733
15273
68948
54153
29851
88233
4307
58277
76753
75045
81891
80882
45940
22285
84560
5067
9521
81111
6254
1595
45715
2016
42870
39765
66255
30275
43471
44140
30961
39113
6516
75301
1915
75626
53900
81640
42843
73720
8226
10184
67447
6826
24753
25525
22038
28798
20540
30643
41066
55762
20046
59310
47737
30799
24314
3664
18445
64957
30916
10965
61063
89473
3189
72327
26867
37437
83315
1966
80209
87368
74791
48959
31728
79000
42266
67094
35265
80434
57871
20140
6065
84913
81595
12808
17134
88381
36136
27526
61110
45243
50831
22587
77179
25612
14469
84843
55271
76595
49405
10586
40857
84167
34767
66308
42118
42404
17838
61091
83813
34675
52675
87655
17677
72159
33074
7083
20971
62215
77594
48999
20948
61024
18532
26034
24231
48202
78557
4511
73331
74180
11170
76998
16315
42666
45956
70996
44940
47744
25789
3452
40067
55156
85075
24000
23803
59750
34184
60485
66332
76069
21875
535
15795
76660
42796
5406
22281
50833
20207
72860
23545
67268
51251
57622
26415
14454
72343
74640
45833
2723
48251
33430
72714
30732
1869
85769
76544
36615
1636
52019
54938
69187
87312
76210
23902
64290
1444
38370
60641
4696
61795
27252
80690
5430
72552
54631
22195
188
42643
69384
50710
41337
47534
13954
38418
169
6481
53636
59683
48561
62067
2813
49049
86540
61104
73405
34390
37117
78345
84270
23712
35225
29805
46075
75674
52361
88903
33012
32880
68769
75799
13446
57110
19277
56759
31233
64478
73208
66082
89841
78993
49281
71539
63921
75390
9592
87728
41313
38818
15104
40355
59790
2760
89718
15466
17565
73436
74090
48499
26943
56990
82243
65292
76346
87301
50772
17969
30210
1699
48094
45554
4979
38470
3884
2187
38215
25342
81398
3244
9934
58949
25722
51880
65471
25365
20985
68643
5123
13017
82222
46011
18749
83115
52010
89103
73543
67681
10773
62908
35717
36988
38336
33859
21456
45199
76242
16596
60920
88112
19427
20058
43815
1964
7373
51975
67321
88399
67117
30742
20042
41311
29290
50981
74308
79145
67312
80544
30029
9188
13899
39381
81656
46268
52141
87829
67711
65475
8280
70809
54808
12181
27670
53920
9926
80172
58902
57862
29169
49797
29675
85367
27814
23700
52330
74035
12523
29230
68526
78883
57795
70807
19097
59548
78444
21337
9814
66857
88915
13430
4396
23162
83163
52523
89331
58562
42622
26715
86711
22528
24302
45537
38016
25120
60240
63654
51104
23702
26747
64492
2897
74653
48086
77720
62593
57740
43552
67931
69996
5288
13134
10806
8355
55714
72370
53647
81142
86678
61122
22751
9860
12482
8778
88266
30738
6099
52644
344
23532
3669
87321
31869
56781
66457
48151
17171
46934
68784
11690
67876
83303
39728
68145
67112
17148
18917
1014
83966
69126
58682
10229
9156
5538
21587
48610
15175
67140
61279
71237
67108
1610
47603
49685
24026
12423
8462
75774
49926
3745
36692
48254
68995
76979
39243
59143
3236
68951
70121
58590
26464
62282
55954
30765
67906
82807
86125
30233
72508
17689
7932
3426
11599
30678
13123
57427
5908
77825
41993
15607
49474
86371
32864
14461
2365
74826
69181
60803
48862
1646
45160
86818
37300
41710
16036
41293
65328
3055
49906
89771
77947
69340
45238
162
12428
66463
78982
43149
35299
49128
57073
71672
88854
34139
63636
30034
85518
49698
80334
33429
17211
35852
73647
29311
81504
80967
58428
68031
32611
72383
3164
35096
37199
66413
67895
9861
77420
20765
66721
1485
54068
73324
71924
88796
2103
62454
51473
9212
31808
56753
34476
43904
33111
180
38248
59219
29073
54686
38304
25962
17598
53516
55764
44304
55584
74814
29808
43965
4567
60994
33599
45867
59477
9526
62708
66980
57166
55619
83442
60364
56689
63365
55383
12236
55959
10088
20822
64419
18889
25321
49071
28390
33935
37730
43553
17248
7131
47273
10532
9580
13073
66603
68673
57602
88848
69963
36113
89711
60811
51164
23698
45086
87809
58928
89054
71949
78452
65641
36210
9617
41277
24168
7946
52032
56328
76510
34169
53046
26898
29361
82491
78905
6890
54984
80583
60692
73714
78362
29088
65865
67612
50445
1203
34351
52593
66063
561
29421
80190
32067
88467
47537
31417
3635
65547
67167
15131
80300
7136
20909
76820
79195
55682
51533
41046
40456
44486
36497
37859
1030
32922
85172
50579
80697
2709
69376
20750
30492
83873
21366
78138
45464
55950
68997
74741
26565
14290
25720
35712
44665
17763
31376
35174
67310
55084
74988
73767
53881
9969
64009
12586
11550
28433
71617
46753
38637
58084
47701
13025
68552
62090
56252
39731
24645
78464
12032
18144
83198
82033
87701
27305
59922
72547
47989
15736
27234
60969
56501
68407
62959
28914
4809
5449
62538
41862
4138
26197
39463
46376
73689
86838
16717
71954
68214
68170
63259
2276
63774
87731
70915
13462
19946
41149
14819
4430
8147
1250
17852
65956
34009
69344
51585
88993
50895
37815
41739
5464
55536
18463
55153
87264
87361
47048
71839
13203
67197
16106
23318
35334
36742
76419
29628
72767
26016
46077
53704
58242
85801
56841
1577
42451
65620
61722
60961
21530
52724
69412
8072
66773
67331
10386
53228
23100
70061
73699
38426
63407
72344
20244
48935
78439
8747
3075
87784
84233
24603
81989
25164
27364
71051
22069
34563
3578
72907
27866
1933
9797
81607
6976
87367
11
4735
26224
77671
36657
13060
70292
21746
87882
78697
9219
2299
64978
43231
24142
37850
65651
52070
6132
36652
50550
15904
19488
43548
61139
27906
36406
33137
75072
57996
73657
30518
79359
42795
20900
37418
88133
88518
24271
54401
88930
41006
84899
10009
6289
64386
44286
32870
57617
53986
55446
14412
52618
1829
81819
53697
67246
7603
23886
1968
72549
38949
54175
31899
70508
2086
77736
62839
37931
56884
37914
82669
58508
53192
32596
51423
63487
5258
63846
32727
81541
42835
81210
37246
24917
49550
44630
2816
3061
53027
26285
83943
3787
21309
48114
18147
54028
9755
5429
86569
25987
48275
55165
10523
23562
7014
45946
64931
41196
36040
13635
62512
72992
56070
69930
20366
36547
11201
17214
11291
31858
54029
74755
30241
79247
5672
55456
56562
49096
70837
80749
47768
60059
75664
22129
59378
38300
55693
73950
14168
60965
54797
8405
81199
71133
11523
61462
39089
14499
24630
51897
39852
63376
29598
31814
60045
75724
47282
48300
18063
16357
52636
12665
70030
54201
74389
9126
11322
52988
74379
60847
41131
79804
6424
48282
50135
4818
37341
56306
27220
43053
2105
35827
64417
10301
80874
81667
86684
37266
24804
18832
26105
20655
77730
59654
49996
72271
8270
47192
49504
11037
12894
21809
11664
74217
42903
87010
62552
67397
81054
29362
49190
73097
34572
75648
61707
7056
60318
70624
36048
21686
17735
25862
77734
48405
1535
52769
14240
78340
85576
44327
87535
11265
77839
61145
6627
3683
17297
31708
16685
69816
17687
69080
31211
59268
46346
23017
21804
60737
70977
68074
70159
39148
84436
10277
61426
7615
21336
72559
46347
9042
53376
15378
28910
36541
47259
46290
78743
2017
19644
46210
58399
22734
82362
69661
31681
57958
79113
66335
46160
10664
68
85274
13190
11629
60951
24786
59474
17719
24540
21772
58941
2577
47250
6804
17711
21425
59529
24574
55347
66223
69992
2045
77089
74347
40740
12691
28704
44931
7756
8116
77149
89205
24627
79467
38157
27998
32803
41428
51714
77157
80703
42269
52707
85025
43516
28032
21370
19219
45167
27488
40512
23696
14887
20447
36687
30557
72349
29240
72577
42521
39614
661
16270
45906
23728
69635
77599
50109
14818
70173
87650
85938
39517
959
17036
25387
60899
83998
86094
63623
31587
43522
88991
85871
25899
374
50493
81775
75961
16130
6466
38318
73039
40269
33437
80523
40827
20344
11258
78184
71113
65414
47342
64502
46212
5237
71082
67510
81752
45830
1073
60525
36192
85501
5849
6210
57502
38095
89570
55566
53874
69815
36854
16985
7309
31333
64358
67656
71258
67445
87626
89467
46894
44613
37342
11105
41184
67568
36646
45251
60039
82473
66140
23931
77861
5516
30615
15469
38209
87369
23289
19485
39689
32158
71139
69770
39764
10305
6647
34121
11175
89066
82939
24045
82641
57725
66978
2985
2994
364
67789
66314
1342
40974
73302
58951
65724
3092
52854
42549
18062
56290
7696
52308
68658
58566
9842
74773
30793
51818
39023
1692
30705
826
43669
25389
12945
72489
69280
65147
78260
78957
87691
37304
48519
50735
37992
74528
76081
87096
1751
23163
56192
59240
32457
6843
85113
22216
61262
22586
16404
85223
65018
53713
53060
3430
79516
25470
50127
79518
86112
33937
13320
26380
1597
44192
4587
13141
35520
22800
48671
77592
7866
70079
27950
40980
40597
41840
25281
82080
60011
66923
63679
54223
42522
69377
43163
46141
77226
56571
52648
85102
36124
26076
4220
84322
45362
41507
25589
30242
36994
32172
22355
62042
59475
35821
78525
55836
64193
89377
39279
66829
56755
35391
64474
53055
80597
16586
56966
35152
11475
32508
50624
61496
84026
26610
86459
32883
64464
53309
47183
61189
62256
57825
19965
23076
15082
64951
55065
19631
7221
48197
33840
14508
23509
52612
236
52069
19647
34896
7646
85661
56642
50564
1996
60930
2908
42761
26065
75322
75330
573
47439
76102
35507
87216
16071
31481
4345
52622
45918
13393
27044
59467
26832
824
84175
72213
64044
38811
23578
35199
72575
16276
37120
70872
50146
72039
57478
3059
65111
28170
72501
31506
68549
21970
21562
64770
22857
80201
8145
12672
51864
23673
56209
53365
13268
23643
13265
26951
3826
55230
24809
4038
29840
44868
875
55226
73719
88337
3146
74998
36302
86461
40688
43018
74710
71873
46982
71927
81839
47675
77727
84700
85537
25442
25910
26257
40939
66287
4997
80410
51121
11775
22028
45172
42987
16654
67348
34211
74863
72397
79252
40316
83307
20883
85426
77966
27552
21487
82777
61315
81042
63631
79491
71044
43037
47489
4469
55655
46002
35945
54588
41304
22672
18375
6723
83508
1268
16693
9003
33727
26796
11377
82499
68183
80139
34636
72251
79261
24848
39873
44648
75086
60794
16183
19363
13299
31691
17877
36531
31385
59663
77331
745
43866
51114
88923
59810
85843
74193
19720
4067
43235
50274
30726
21741
80360
67203
42316
73156
40400
89889
47344
31979
2652
83700
53221
44044
78845
9407
3704
3368
60462
2249
15752
4341
10759
4011
46050
54331
42792
12451
47487
58077
13451
16849
24659
44885
11579
69451
22783
50296
75893
1505
64080
28927
67779
50480
4100
37214
45883
82500
58519
19853
59993
45637
75775
22848
18647
19198
48319
1120
16105
16939
78758
77652
1362
44658
44680
42313
58164
42696
38686
30735
77558
26114
22449
24737
3350
83717
43692
64597
61455
39427
56404
25499
81187
47689
86765
41868
87214
66302
80683
16889
12049
4232
15797
28015
11421
7337
38876
63825
43957
75281
43275
20369
39269
61226
78000
63147
31991
66233
649
74465
85590
76644
3671
48687
85157
50342
46829
4471
37267
85346
68092
74261
79385
1827
35856
12684
35481
62924
28965
13595
26431
69586
17230
54890
70984
25290
65859
17497
31612
44915
1568
27021
73940
43784
70606
56464
70729
80254
4547
71793
61600
29914
75498
47657
71506
13227
2118
27139
86871
39348
4970
8982
77305
39546
23654
78621
63573
76342
76721
30967
83434
54570
36658
89211
36747
64932
47252
74598
37794
18651
6294
78422
27080
14551
7421
32409
10877
83782
10704
85124
71890
46737
59186
63546
62656
12600
80615
36902
27732
69726
85654
37843
20417
56060
80695
43676
5665
71419
77756
84679
63422
17205
12029
18547
31342
9451
68076
17000
7229
28848
14822
11294
32052
82723
67935
73223
13873
30094
67969
88353
72853
10066
8430
39589
2517
73477
61371
88238
10764
36450
16414
29850
26115
17654
10073
3994
83141
79985
5444
32214
49102
19425
15368
64052
74168
48133
68887
72000
80232
58227
65604
5081
19095
28236
51234
12681
34712
37979
28654
33009
7680
29778
51605
38227
31569
26311
2694
86607
57312
48435
75924
84387
21199
52049
71575
42165
63387
46522
9425
76188
71755
55247
78701
34210
42128
70638
87163
73588
72085
3378
71171
16920
11249
63682
12361
26590
53527
52684
41539
6110
32055
59076
3325
86086
14145
47493
12364
29769
4654
49998
26647
10536
16725
6707
58423
24736
74723
42714
63973
88318
45212
30942
1457
40768
21363
79055
76486
68124
9739
12950
81086
13355
42342
27643
4198
28665
66839
56440
52436
49800
55469
89483
17645
45369
24457
12561
18520
72607
63083
52427
20922
82628
17698
60806
21759
63150
50766
2969
68630
32207
49173
43341
84373
14093
56115
76793
9207
81896
30693
61374
42662
56432
60273
29829
66349
10396
68773
69913
74326
71378
15967
67367
39782
48741
5520
49524
61173
38834
88491
76333
40764
39537
20581
16064
76908
14908
18003
73175
8917
22905
2688
57767
26326
1550
75367
76580
37378
1205
84832
29536
8972
81626
2692
64039
51367
61112
70585
63607
45547
27949
70835
73254
9898
50052
53287
43690
62049
40904
5601
8468
45580
73492
19628
17231
43997
40101
7598
88978
63767
44941
45410
42397
49732
71614
5660
88078
73534
80086
10337
58655
66501
75862
75306
38543
68619
22694
71546
51885
50726
83721
73573
59934
84104
33995
63648
69348
49331
46971
32552
22471
55120
67355
84942
41471
26347
89886
53274
17218
78766
45024
20119
13499
37688
46136
32347
68912
2906
37357
85740
77256
54218
16610
67324
64972
70179
62075
73748
37003
26101
38041
61333
55626
31951
60636
3407
26292
87306
1545
75365
17435
61335
80163
68590
43476
24976
70363
40720
39936
11423
13813
38993
14602
1942
82944
17919
73170
88253
85516
20010
88168
50074
40243
29078
31267
58330
45525
44309
84255
20981
80629
17238
76988
31868
78375
16104
64733
83770
9670
43801
47498
67514
29570
50835
27579
59021
88557
70929
66162
82479
24491
38900
45408
51719
38946
55758
67043
50134
54352
39409
39684
16368
66215
27087
47777
19444
2669
51687
63029
70226
45244
64241
82695
22043
33295
58954
80072
80359
53279
36642
20414
21454
61439
54769
87396
67079
42295
32697
19290
71116
31037
59488
75769
10800
66211
59372
40594
33103
70426
54540
64698
63764
10809
28981
23821
15844
35063
15112
71143
3552
14258
23569
22364
35143
86546
62473
53499
46842
42092
65360
37702
50450
6828
2011
36961
6684
84728
80861
42570
78951
33055
76056
47542
75417
74284
18851
26746
43771
14471
70275
86082
35004
61680
17108
48710
67487
44846
36065
24132
15531
88027
16170
24919
39445
61930
4987
33100
24147
79169
44052
30253
71747
37000
73201
14657
5885
68934
89659
73450
60912
28262
21094
86564
67484
19689
4212
30656
27076
65981
29654
33418
35407
47429
18626
12746
19756
34773
14489
88942
64105
86168
72981
8769
87733
49160
25426
74582
45302
38308
15658
58257
12094
74540
11143
19945
30852
89968
12633
57833
20144
68113
50921
26363
17392
34010
85906
25308
88540
38856
35471
77940
86767
81834
35297
67505
81115
28151
31686
72423
8599
21680
67635
12534
70833
50221
49923
20440
28778
19408
61487
30429
78365
49339
19448
10975
8435
14270
71271
25709
13169
63539
71020
83647
15705
16903
89715
72180
81943
266
60905
89862
55884
16623
4337
28326
37781
88322
26548
26470
82039
62769
633
36857
64277
66030
2860
31825
6058
35039
41850
7929
35755
29139
55068
43739
18190
70062
22661
87111
73483
10153
83164
24318
40909
14623
49859
43323
7236
51916
14171
6260
61916
81659
11902
51654
32788
61034
15419
59787
73566
70900
58885
72227
5292
11869
41245
1805
14540
50121
84079
4938
64666
63993
52077
69427
30040
70098
82756
4849
83078
9520
82067
75771
5588
82772
24960
81138
23974
14082
60913
85436
19171
78878
13485
17207
16640
64118
87200
72730
47186
2925
65800
36753
89680
51462
9610
54383
2372
12934
6459
34914
73235
59504
48426
83039
73833
8236
60603
83292
61411
53802
67023
1142
23641
76005
27084
17691
61390
55963
62195
73021
31943
8123
46754
88661
23989
16013
42967
1391
11706
38329
46337
53708
88418
57047
11393
23387
35092
70987
5104
70253
54052
2058
27396
68508
40007
88292
74102
52002
48055
45493
25340
15850
40725
18357
60473
58308
84931
6201
6544
13627
42241
76601
43953
35533
78256
72959
74322
84415
77349
61057
15873
35332
70738
45158
73811
49165
5087
55394
73790
49881
30376
65986
10048
76140
15617
77808
1640
70466
35517
73342
24715
56415
19961
723
55441
79807
11923
22362
22091
71700
5986
82090
41741
55431
3948
50792
20133
50444
84105
89209
59377
86656
291
33187
29972
79589
5650
18677
69243
5603
50328
2570
41759
66770
79740
81681
80297
14195
32469
30283
57975
47087
59677
26280
22343
27394
21925
30368
81280
44278
76383
47928
75527
83008
4677
81992
21847
83464
13026
9303
55875
84488
23330
55380
32188
82896
46976
23165
36385
49653
16686
81358
48790
20595
70473
87895
5948
46435
38664
82193
71612
15028
44330
65251
54457
8633
26141
7893
49107
4563
66793
27128
32255
5414
77979
72509
66401
58155
88224
78528
66990
52021
1495
52005
80307
35978
69943
71914
15950
32011
74654
6046
36631
50825
83668
59128
62702
18217
19320
87570
27540
34907
8234
27338
22716
65688
11160
29316
40148
20372
10898
35100
30733
37088
86061
67962
14094
42789
38923
65743
26462
28892
45458
24037
15286
36248
80019
69796
56018
50332
59903
26637
43466
30629
56907
44881
87336
27390
76311
82344
60654
2670
77741
63078
42986
22897
3461
89083
49345
74103
472
2037
73962
30244
71699
69656
13769
24252
31933
16360
36101
78199
67796
87044
34529
28738
29412
7886
22632
16952
58124
2041
9195
5635
86689
27703
36332
27436
30042
22314
73040
72094
89576
41618
49861
25785
64418
49219
5513
72769
62409
1472
56257
8628
43343
10722
78155
13191
1861
40567
58708
63526
46849
9375
86426
60992
67085
61134
44951
87325
19597
52310
72356
62616
33250
28993
20428
11020
29719
10887
84680
47584
62474
73546
57008
24175
62551
61859
87020
67145
6009
1086
73305
58249
85069
14042
28338
49798
712
71396
47228
23192
64735
82882
21845
62666
72502
83026
2746
58061
19518
51003
20431
14438
10105
75154
35781
50347
2599
68930
46358
42091
44633
87341
3143
24835
58725
48682
31794
85319
60839
70782
60384
86857
44163
18069
40260
31878
37068
34938
88272
1227
5738
78789
50904
44629
75414
89616
59716
50660
10113
6199
53588
36879
1509
60522
52549
16956
22701
73688
32540
1601
17488
80331
5512
34336
17542
33802
71508
68314
83511
45642
88820
17827
39803
31619
22450
10556
81684
31305
50008
28545
15559
40891
17183
89607
33345
29767
13553
28810
77956
42920
44184
83817
41243
31475
81592
22076
61377
6557
53482
26669
64077
42239
87374
76060
70163
13179
23026
64100
35861
940
26410
61910
20589
69291
48442
70937
56634
16946
3904
39543
45842
62811
9514
27260
69227
19074
52147
54009
35437
3138
43192
8412
51827
15453
17114
34378
77782
65477
83195
17098
67133
25161
26208
16428
73987
58144
39694
3656
41577
3773
55207
62330
25016
10335
73807
33076
12110
27144
3379
15883
35524
62427
17588
48791
6061
56364
1497
21519
43793
22893
23199
65555
68663
54324
1627
837
11938
59705
60964
49842
56745
33240
54236
84567
2770
19440
10584
51253
3740
21509
88687
77867
32813
84624
56742
45677
3390
39160
74126
87234
72078
41975
30315
51082
32329
43564
41111
507
13479
78201
2722
84451
46889
18818
21581
35505
89870
22886
63074
48885
62009
65890
66328
16891
32898
18728
44173
66876
46396
3593
4532
21817
26676
36382
75554
49184
23884
41910
67642
77863
22154
21006
37461
50529
88816
65712
17316
3735
70539
22308
73390
9892
19555
72608
43707
39091
78261
8565
57993
27213
38378
1554
86918
83588
14268
44800
72550
22166
843
26229
80907
16334
29423
54726
63274
39701
32223
51470
22738
80734
5179
50211
24507
12291
84037
21282
9005
11781
64609
28259
39031
55942
68319
76560
2394
58176
54619
54877
79899
61935
81875
7627
31518
49196
32005
37606
88108
75334
75098
82329
60612
46200
17666
33075
86186
76808
49248
62338
28324
8810
42157
64763
76803
88969
8932
40992
45081
60486
51339
1479
31750
76572
74231
24214
57090
49066
88541
85687
30578
29002
43259
67732
2804
55508
88296
48639
84409
76924
11139
26653
70536
43189
77385
29394
51814
55236
26884
55402
6740
16236
79833
55906
88948
14720
84949
27225
23612
72391
62625
84694
63599
72975
70999
89426
66496
59225
56962
35400
11367
28137
17973
84164
50922
53999
48205
7380
52600
71142
78944
22901
68365
56332
52651
17736
42813
20575
37095
81325
48578
64975
69014
52478
44093
43221
56401
39691
6529
87238
20461
8049
26528
42744
89675
78171
79458
40
46354
50129
10762
36182
59961
42129
78384
3351
11526
43175
38773
3271
83321
36913
20574
65562
68749
71279
45964
11496
14058
42788
68433
82225
80401
42910
19516
59947
18071
60669
55656
8963
60707
79906
23995
32524
82330
26821
86760
3356
5001
76975
60090
977
3819
57496
29511
41467
36946
49661
5034
88847
22100
56949
49208
63832
66346
4764
14099
12704
21126
76956
15062
76484
31023
22133
33385
753
37597
15343
59387
30084
79986
71063
74795
67244
27203
51467
30202
74886
18973
46617
64536
64798
51768
49876
86150
68530
45136
62571
5117
33071
77866
39696
48960
32521
62620
50161
51609
23146
69911
81733
75237
12549
52205
2002
53459
16870
84083
49320
13415
33579
77159
10526
21987
63726
64599
35176
50844
68940
42151
84648
86326
47462
56475
25658
66965
63674
38647
4008
88430
18406
58326
24016
36819
18567
13040
14366
28746
17472
69249
82942
43033
89553
50954
48525
68195
37555
28345
8354
34281
38254
13915
7088
83230
86701
70944
72638
37102
3781
53350
67151
53730
10960
32107
25100
7717
68042
32240
63339
17195
46618
42515
9636
82924
18348
33627
7363
82579
37582
3424
21291
12033
49983
3977
15732
44801
5126
81253
55967
40748
80855
6690
88106
81383
6510
31123
79005
74227
12198
50626
66571
3410
766
31273
42289
14831
56278
6023
54720
7386
41887
64158
65114
60507
20700
60441
47812
9887
53943
34540
25165
45988
45910
72082
37093
18857
59149
44470
42224
15300
6140
51858
85596
26995
38796
4524
10119
46429
21210
861
13692
4158
37375
41986
9017
84845
53280
30675
59016
81909
58797
76414
89255
87371
31195
43056
40378
8422
14297
856
80527
79848
3264
32857
67334
24828
53433
29828
42194
60228
74855
463
5148
64663
18408
2452
2443
70249
64795
43408
79813
77215
27269
81213
54101
71293
83640
81938
5245
43170
44575
38961
65798
36373
67802
45441
84354
50832
8989
19637
30364
60740
27599
70717
36197
58318
56840
84402
69441
41186
78961
15791
12778
42685
51277
60000
60711
12575
59764
62060
82181
9384
5453
52699
66611
17253
48021
82446
88393
47994
18074
47903
73191
56184
54423
41414
58156
85821
4817
50116
60455
88215
24996
56032
38138
35121
79840
71753
915
33373
11063
11856
9982
85703
13388
11667
87942
86821
88422
73020
22529
15691
84690
35224
64041
45688
85066
52398
82009
83926
10035
41249
18778
35219
26569
52629
45347
60728
10657
84705
70967
66099
89493
72569
22334
18526
1540
79958
71710
11104
6081
49235
66578
41085
69641
2159
45841
7767
24501
49282
87975
27584
67451
82530
49664
27118
52457
6444
4506
15931
12887
65389
47986
83021
19200
73380
73952
31359
66596
10110
15154
32862
85868
49810
47633
40291
3628
5356
80778
6644
41860
29599
26693
17267
26985
61868
51136
65449
54874
53680
49748
23333
42809
33419
26984
42959
59429
71606
30938
48580
25690
25681
45283
53681
38233
3408
18847
12233
6758
89068
59259
27077
44369
87898
10847
64711
71135
73420
85003
37062
11017
25208
38259
70324
85016
48286
62040
38076
10655
28118
21431
56866
56847
11867
20649
6506
68754
34030
89414
74678
24386
77987
81871
69507
64305
8749
2386
47281
83876
68203
4499
27889
57947
54145
86145
28090
71058
12351
64184
56859
25522
9867
62177
81800
56957
7035
21745
28713
89986
55766
79462
9023
78551
76281
87039
2956
62549
46494
8939
64352
42338
3330
57763
36474
71948
59855
2010
6194
1279
2582
37936
46713
5224
86662
61585
32247
58704
54420
89867
25640
41399
68330
16809
11511
70268
39682
9185
50806
7915
22626
50315
66955
81039
68537
2494
19176
18828
39640
54884
59480
16058
13513
23606
83699
68723
21637
1377
21265
31845
62127
35883
87198
23038
66753
70180
14925
52886
68967
19295
82630
31395
38224
87926
24188
42247
42668
46545
59955
85685
20579
87465
1350
69659
20609
40846
54731
76265
9306
17026
1273
88745
23676
25217
28079
19401
58489
65538
1516
41521
63481
30600
59949
49292
60127
55137
17490
3653
156
7876
25378
86051
49141
51354
75238
81660
84065
1718
2799
1478
14627
56991
26420
43090
19118
10998
18372
22577
64097
84526
53976
5417
25790
8683
63856
74856
20302
58838
37258
9440
74192
26784
56778
48851
35900
50183
88456
48913
74694
37862
62711
72586
6075
49072
2591
23128
88187
3761
19507
45141
70378
57898
79443
13888
77444
65104
43683
72570
89312
55549
25011
89624
29294
17591
82258
33986
18166
55524
10039
38021
3562
84301
10287
25931
72731
65735
79156
22804
23640
78760
31317
80654
47930
72262
58235
25686
15108
5989
80930
7157
40339
52346
88116
48248
19590
33069
65383
64882
64686
63967
42106
33098
3971
89767
28042
28979
30826
49892
80236
10099
33255
66199
28365
64407
75221
48263
89229
47114
11203
57487
70881
65678
47005
32389
47567
48402
88171
68326
50003
16409
31496
14460
52901
54070
59497
85658
62089
89818
55820
53456
23436
61577
1040
58232
73214
24228
36278
69928
35989
83974
41453
29677
74205
13677
45340
8364
75076
80440
5646
76307
83265
12816
48451
83124
21598
46687
4551
22907
56935
78131
16778
634
4282
68248
19877
39983
47563
32078
61544
55299
47504
68276
42553
66484
25129
48807
5965
72348
17458
11425
4994
44249
31661
22761
3446
66404
62134
39469
15985
16760
18673
79860
52948
71799
33444
58051
44157
17246
11996
43689
3814
3504
39724
69152
69821
71882
106
73218
31082
65380
37663
82917
53136
60252
54533
52387
39574
66784
23948
42742
64780
11986
23357
66260
59970
50600
58690
51078
70647
82685
20941
55045
46659
7805
27402
53259
17768
64723
23448
15130
9311
81108
2122
82449
58932
7362
1839
67640
63521
52649
45504
30584
52765
9643
89906
89365
81087
55269
49267
43238
57219
56099
28709
58918
14529
46489
53893
31988
87648
1181
82682
29287
477
60896
35656
14002
21072
8276
75469
64304
4996
817
22212
85668
89199
22956
74320
78634
33943
6360
14743
69663
24607
41348
78593
64156
61453
47082
44420
35763
36129
37126
258
61804
3583
47302
47384
34667
31276
25839
42159
41347
80732
78549
78942
53665
49726
66731
36132
23561
22767
27208
38243
31301
39586
70047
68166
1261
45707
20085
17939
58581
52104
64563
77046
67856
24883
64053
63038
63449
21333
40964
6273
7996
41584
86521
61748
86155
65675
52859
5445
83326
42422
72601
78134
6507
20861
38595
84227
77990
63161
33159
49313
47060
39288
72198
67651
34987
83409
49765
83202
67920
89756
12239
47987
40217
7958
15577
21073
25414
5693
59313
62233
67148
71660
44570
40968
34503
9579
26040
217
40495
59793
39914
72889
70281
35025
71070
5714
57652
83973
43223
72371
34553
35037
73747
85554
44133
50230
28256
42419
82677
12433
43874
53348
71826
76019
32437
4541
53402
59872
67790
51739
10382
56318
24124
27568
40244
34304
22196
64775
9356
61452
1994
41283
25487
63795
33084
86570
87422
9843
16806
15005
75001
516
68003
72185
67073
13535
66448
64299
56765
82371
42707
47980
77335
22122
38368
29337
24292
59996
45917
23815
69020
17272
15086
17730
74518
75091
79444
27145
50320
27844
2291
73127
28897
78754
50508
9875
33850
18579
31564
15390
5999
86169
2881
40427
23237
45600
76824
21372
39171
75852
89025
15252
79959
88408
25652
77111
39088
50217
72896
5375
4893
27604
22494
88688
71959
11313
87274
39908
4108
25569
54341
34965
10273
80520
6038
83294
16547
58394
84611
34047
77453
46772
45856
5921
7388
61029
65687
22688
84407
66449
9292
5980
69713
72194
51159
78339
72630
27778
35095
30470
1380
21435
70299
19202
18514
63545
36443
60309
56314
29310
5805
87665
81894
35408
48269
34790
76688
66290
88488
86465
11064
64755
41933
35169
54780
86052
2837
40704
75998
13298
83775
58043
80956
61895
82122
64687
42883
74140
88313
39710
72536
67707
70709
87812
51420
25421
63377
76227
42198
28520
80274
82512
9172
76591
77008
33481
2407
36880
87219
18878
59736
42217
25441
29627
37531
89436
21090
89967
4106
13016
70332
58735
63421
76435
37788
45590
43210
67857
23374
48194
2948
3795
62011
16081
66353
14590
67727
61246
40178
31490
25457
18804
30415
33018
21181
340
37487
6746
77886
61380
44122
66129
10927
67119
12472
54613
80632
59802
53014
16053
81968
51294
87913
33212
11666
8251
77399
46986
2116
33529
31894
25265
41094
78612
58178
54438
72891
14040
13032
1527
45461
31261
26831
17953
79490
8169
69218
12964
5250
23505
10325
73151
43505
6213
70457
37867
2425
23209
47923
16149
7482
3655
69648
59696
36685
184
23426
85948
29493
88639
37880
89705
33346
82865
59782
61432
30981
2083
27176
8548
3730
56069
52667
13162
34641
18884
81376
81036
38064
13172
69962
15629
1823
76859
8877
59302
8643
79636
9021
78143
33714
58692
85545
77048
11946
3839
36539
75665
53721
82210
68913
87715
27123
68110
78455
6987
46813
66073
85835
86789
78331
85983
32558
58781
74801
43099
86207
84773
82216
5147
46046
82774
44487
70783
29177
29029
7475
28069
40762
47917
50878
34969
36054
77809
64873
58040
28996
47107
88736
72790
43326
84461
70192
20041
51993
34279
87601
12587
38726
78189
83919
63874
53334
35464
14133
69113
31747
77955
67169
31184
5743
34929
960
35813
23205
40558
87825
85000
29791
4003
34757
45105
1281
71332
31586
20555
24213
30048
73116
7263
27932
57213
74743
24567
58441
33676
59454
85094
77479
33241
35272
67405
71319
78120
88303
17064
34623
76811
47589
36782
15852
6037
43542
61642
69489
83617
23459
8112
67122
68292
35985
73649
64861
11602
57011
47900
1899
1817
59899
27201
32265
71019
26167
61348
67011
74716
46805
49008
61422
68554
50073
70641
78559
69965
58187
11992
18768
14847
37386
16220
86692
49930
86926
29301
86683
2551
28572
7688
68302
14603
69401
50649
16730
79411
41305
44778
36766
32282
57673
70023
69371
15251
50331
28462
89453
30870
70441
76855
63195
85913
4621
38303
34123
17402
86470
37061
10090
87462
68814
23921
75259
10279
55928
52755
38770
1150
8669
81543
72148
83043
59353
49163
32656
57948
64524
38431
31435
44496
82439
36558
7939
67292
78579
32529
89627
6067
67209
17450
84633
31959
77152
4102
67403
68097
79486
42811
26546
76228
12388
56758
73261
27414
20776
59194
6133
58294
44479
26912
6574
83371
26147
83422
12960
32396
2967
62537
35937
36522
69296
77891
6867
44551
60834
1682
41918
75847
72813
81009
77524
58365
77948
18070
22344
14555
65888
85500
40873
62633
56660
72333
27493
62476
14844
66418
62211
11026
50918
4084
43207
87871
52414
56709
14914
27964
5425
65994
64648
65221
54796
87585
25117
78600
9031
23842
77079
53847
66898
84892
74149
87480
65074
37764
65079
10646
2715
74334
22418
4763
31805
87304
78030
18607
80258
55770
33944
6357
16880
38750
67061
57380
1696
31341
55630
43807
66861
45
20091
546
35552
57254
88386
36744
69170
50622
85149
26372
2744
6421
17421
20796
40072
72829
40192
47468
18554
49459
25419
15458
42083
38332
75794
78167
23589
39443
15380
24059
78641
46294
30425
44071
25275
73692
28525
46554
70972
4520
33782
75124
36014
70157
14012
78584
79001
1406
29776
83358
54258
58818
14941
26545
45188
26522
28343
62213
52168
31334
73496
12831
37921
84622
51353
31863
33624
89373
46944
23647
50976
30536
56522
32019
60782
66445
49014
78614
40642
50123
6410
48326
21464
80581
34946
76077
7522
43171
7640
34283
33720
46798
36502
9780
78928
6841
45568
6202
82864
26408
46306
66809
76175
5030
72409
19410
39702
67156
52253
15951
17197
6323
41092
10914
6484
89028
83261
24891
60472
30585
28691
28902
26336
6789
45181
27112
33445
43084
32707
89687
72618
61502
30996
64684
61388
46873
24012
57080
57685
64548
20006
3720
73035
81103
51220
40588
65213
49428
66734
31601
16192
19085
68274
58691
50896
5701
85008
56320
89535
38529
35733
40424
13851
8957
59946
18139
9943
32523
16283
29741
59366
47760
30462
27954
61635
19498
9142
64254
32509
57704
7760
34082
44866
70514
77820
32990
5904
32949
37687
29024
54455
22260
33851
61117
78456
66366
67255
30571
64768
13526
47656
58258
23759
51958
54683
52012
77821
80823
30688
36066
84289
3012
81748
63601
50115
35373
47621
32142
47732
78541
29916
44077
81492
38062
38881
37432
87950
3282
84078
58324
36020
20340
82456
25819
8965
34607
32113
1778
20149
4420
30217
7542
80069
71983
56768
25269
49029
81810
71592
57475
31153
71333
71820
46604
3167
60940
54007
42391
52045
20288
49838
2862
35367
20887
50138
86251
31800
41204
79242
30992
9066
42395
34397
44345
57684
25345
66652
18007
56727
14879
42770
31852
80264
9280
77463
72584
2798
71853
20784
59073
5506
52777
80738
87791
43142
50605
7853
42315
39151
77647
2391
14648
25356
52425
71425
9759
81432
12222
70682
21506
41449
60490
44301
83104
47978
75993
8202
5892
64587
83017
37026
77181
7044
5529
83891
24269
78759
57840
57805
79597
45404
11897
79543
31060
39915
33613
79449
8731
39410
68955
21859
22730
78125
11997
84803
64248
2138
85417
7406
40656
28110
58598
80210
71318
87852
55870
18121
18740
45215
82765
54001
68919
4862
76318
37622
46113
35018
74744
84406
17409
72342
64408
23988
42850
46211
25532
84474
48747
37221
26269
40888
37124
46697
78104
4684
1555
16440
87092
13352
50141
88414
20453
26601
46221
61727
74228
39531
24998
89118
27053
35485
18517
124
48170
5473
24299
71742
83251
54431
22692
36085
48376
13574
39526
54677
44785
9721
53544
6712
51875
23677
75631
29803
70020
45018
62778
42311
29540
75128
53475
84586
64309
71668
19293
12783
39411
41362
61740
59316
67989
1965
85159
11793
34886
62131
19048
18270
12409
37094
79263
52160
24100
87969
40913
40726
20708
21416
24689
70405
34495
70012
30416
53462
55506
3015
30953
41802
89465
8696
68846
78054
44182
68965
87272
43036
27716
1322
83405
4027
68052
70260
49978
71265
75280
10329
47167
10228
22111
41750
67078
37440
50610
9184
89096
57124
75646
3172
33783
14734
64384
2792
73707
62450
9462
50215
16095
73399
33125
27165
27975
21040
31810
35162
49432
11750
25253
10222
7067
16927
12648
14264
12576
58819
5371
49612
82563
71986
78873
82705
3825
67833
50464
78855
40721
12271
42680
76776
57332
13798
49846
81128
16786
34154
6855
45067
25121
12095
36327
79635
63260
81755
87708
83273
83396
22410
45418
51593
63005
19767
41056
63087
60766
86633
49108
10633
53419
57730
35668
41460
19923
41519
11107
70691
10848
68654
89491
25828
59706
35833
36886
76489
86194
62890
40137
40160
42831
73558
75397
17354
41392
24670
20364
51408
30811
10342
81712
8155
65533
13326
66985
40879
79319
67739
37696
3032
24308
74746
12249
84542
57069
79375
10194
30140
27261
40408
57846
72695
45376
81655
25606
54703
65963
35901
57546
31993
63656
30106
75986
50875
10672
6314
11385
68126
6901
10638
29204
43107
72220
57530
61914
18652
21231
71358
22837
59966
81406
49995
44544
76761
69539
84093
54650
53071
76780
68247
84587
182
53175
43265
17442
61000
23296
62184
63753
57277
58764
37607
16262
35686
24970
44876
9806
67372
20314
77477
60477
79413
30206
27007
52444
79447
32043
6535
35411
55944
69976
12617
37897
1850
85065
24368
35232
22698
70754
76119
31048
72147
24205
51618
64650
71317
75948
7043
4317
28890
78534
74012
274
27988
7698
45473
55500
73604
61807
2346
38477
28026
20175
57031
42082
834
73180
18826
2413
55464
62229
39519
40616
12725
51474
58862
8837
63380
14668
84489
34559
75943
43249
84758
2873
31495
25879
34494
67002
87071
30331
65706
75136
45885
66100
49745
12595
47366
10292
77366
35757
82768
51145
86110
55712
18716
4526
71093
18111
82588
83088
13945
63188
67407
40258
60456
10949
20127
83667
40485
5024
24372
15285
62876
67249
5677
84165
7268
52589
29060
8539
62161
41240
32477
30689
20135
26928
67257
72106
75382
53862
17987
66663
30530
47097
44001
44903
47970
79271
59089
75835
60970
66856
42162
15646
3215
82437
64929
78058
20852
51062
16820
47580
11192
73321
76023
16366
2835
30794
17869
40614
72426
17948
33217
17014
50082
65839
80358
61869
57828
22839
19294
50310
16061
79274
71522
48736
21826
75261
6402
1992
28650
80483
89157
68712
67573
22824
55802
75871
48270
30692
60499
40090
39352
16445
43860
16126
30598
30220
61443
79970
59119
78064
26369
68196
20641
33064
34233
27605
73123
60450
22506
47333
68800
54279
56943
32714
89674
64269
55025
29648
21801
4877
39627
51052
69051
41325
39133
47109
74110
47473
87990
42366
29431
41598
21760
15484
88564
41607
86979
32904
28544
4428
89395
60343
70224
80710
13812
36914
12968
54623
15683
44502
7564
70350
16189
68297
71872
29971
57016
36620
1579
46355
75220
36227
20960
52887
6108
20877
49937
88799
71388
59761
38937
78974
80377
36664
31071
31616
82606
51045
69228
86794
4693
79742
22425
37509
6494
61612
60716
45521
18602
37903
32603
24074
68449
71980
85585
81416
71125
3991
55877
54162
62041
36187
820
4229
79984
74241
51986
71561
51398
14035
33528
55980
21233
47505
60159
56045
49336
64278
78265
18346
66075
32241
11693
33275
51700
55813
13164
76235
83199
57318
58676
87893
13428
42550
65102
48136
89839
53198
19819
8050
69330
76491
84505
20670
32909
53995
59965
80773
36148
80835
75621
80428
11577
52410
9406
56502
53675
19838
24872
51926
83942
55148
84296
1943
52476
61190
20789
77218
62140
66301
30802
87692
68665
79402
36072
10842
42710
22616
63432
44229
28823
76692
12019
71990
51638
1871
583
8277
41207
62294
18493
19167
7825
12632
84754
31016
28832
1902
88703
81778
81693
2396
5835
54755
31067
9858
78461
75630
20646
2277
32703
16328
58479
43469
81093
12145
52473
74726
77440
7534
16695
89061
83030
12240
45468
60169
43962
40697
71951
81348
60718
16349
86480
8974
11147
86100
12917
40388
80050
70593
36289
28575
54582
33933
41801
31240
49987
59959
30121
51257
17084
29576
28898
46493
84889
51173
80165
36399
77329
45965
88500
42018
37633
32128
42019
27391
82078
238
51057
23284
36246
53048
33949
24305
79826
33387
88022
2457
47598
39064
30447
19763
31530
5127
30160
77543
65265
76991
61215
39055
32190
76695
19595
67747
36499
82915
35454
60453
14889
84921
45753
55769
24170
29846
30774
78626
46491
64894
57741
72940
49887
82890
2268
19795
85908
46230
27592
62594
17979
82634
76403
78233
6898
32763
84867
65158
66452
52150
117
43989
71902
68853
32889
20405
61281
13121
50779
47754
59791
69086
13145
57647
46512
55860
78552
77093
55789
20903
20698
67330
81076
46756
56928
23112
43510
52754
74692
13173
17620
55540
37724
37113
82795
66618
79769
81716
81668
20951
50077
66497
549
62649
17439
10659
48515
45963
39180
79233
85852
76889
31388
20463
6252
17260
76555
18458
8115
29974
56931
22420
77464
7896
54013
38139
6626
67531
50731
54872
18834
14875
9363
28601
23464
56993
60917
6923
77188
70896
18598
58204
27991
89326
25679
21855
56880
47822
69563
35251
28448
58906
23571
41919
28495
60093
80973
4643
46447
85748
78695
66925
87888
76607
16221
84258
15295
88725
24414
42855
2773
51576
58058
27258
31696
192
61881
77774
87179
80411
38744
48551
89468
46701
24506
32969
64943
89385
61628
13434
20057
6189
77943
11514
86038
4000
15102
58383
85126
79298
8026
17929
60537
73644
20624
28111
45813
32054
12134
84848
72754
20617
24548
51005
51425
71701
47538
26475
11245
37518
21419
87121
38676
51695
2797
51152
88201
52291
9573
35546
25858
16943
23540
47467
39234
32356
32438
34691
47779
21153
25171
75023
40358
70739
44732
69673
4375
2364
55264
33290
20685
50869
15591
35470
58796
9831
55063
36027
79724
65176
49090
35246
85469
76436
26361
34803
18318
23420
67074
43004
2691
89360
48944
88937
61196
37072
30431
37802
61383
26301
33954
87012
22388
22877
46858
931
86899
21039
66267
67579
50593
78846
3441
66254
68134
40565
22561
44774
49390
86835
30327
34042
46854
48923
27150
17379
79032
6214
59859
72997
78642
46666
89988
67290
37115
68780
79371
82047
54458
3792
11888
22680
19621
17752
30248
42684
48497
51009
75677
58579
33372
43513
42586
24705
60146
205
65676
85955
25049
82074
76464
9882
50157
61856
28635
49809
15928
42937
60454
88443
60791
51036
85434
34190
725
3060
908
70931
3757
58518
50620
10004
87206
33544
22710
5938
86653
46329
75130
68655
15712
29252
54548
81038
48728
30373
64568
87798
14183
71474
35909
88005
31207
71146
62758
26839
51006
38954
8317
24812
78404
5671
5733
3983
3846
36486
67305
41958
31652
80018
27281
22159
20986
42450
2415
83732
56224
33062
32747
11057
31248
85967
84386
41745
44331
59305
49870
65969
603
30609
28298
68381
63511
16979
23045
79267
69130
72752
76189
20199
66576
14271
32992
8966
1325
2040
11633
23782
11449
36679
58499
46791
74894
25855
85142
7322
67400
51592
52708
75622
64885
57260
6836
34706
73992
31549
16452
15694
20751
47728
5816
22489
56794
56388
158
67381
73862
59334
40454
65144
50653
45903
37290
7935
21931
88192
27009
13254
59953
62624
55914
38808
42781
42548
2178
45668
34381
45002
22161
73646
1807
43381
8278
1519
8076
30059
22245
73051
55899
15032
66387
46112
61846
32281
24128
17662
83154
81133
39924
33690
38195
86048
74507
20768
28449
15571
76784
75217
19360
62524
22990
60826
29191
42281
2347
27226
69808
68392
38182
74790
83112
80763
89320
23270
75926
58088
48637
59221
41625
65786
41528
19943
49440
55405
31581
56973
22558
82567
78702
3701
50004
1774
16486
4194
11610
41263
4104
58582
67340
45695
2300
26678
64210
40238
51318
30509
60564
82493
33906
66415
40678
7183
28556
72786
64034
71566
65200
5864
27297
60102
29711
16056
27437
39798
64239
25826
80180
55381
52795
61596
14816
22515
18831
21758
41071
42053
81954
15396
47898
78892
69735
1251
47800
71910
69048
79495
79659
19244
55154
18880
10772
6232
81703
15956
80751
18809
42459
85239
30197
18148
82858
64953
14808
78638
34054
14957
11933
22495
13187
61009
48166
18786
54659
39150
9044
36060
2886
64907
3732
1563
529
47507
10033
31509
79702
79173
78425
28609
83835
47195
493
52775
51531
63393
65137
88713
84507
72031
62280
48501
89350
34070
59082
5971
83615
71327
80314
21928
61055
12676
3812
41358
26968
34337
74983
22204
58729
78685
89879
71486
40233
32894
40414
86817
40012
38191
37181
24094
62098
61132
27438
36394
36297
39730
16020
54076
75848
74896
28716
27997
46154
8138
40423
34805
74415
53776
61731
50575
56581
56983
89895
3227
29678
60120
40694
48224
19964
71541
15549
72751
86931
66695
57803
59124
42429
16638
52362
80223
79303
73570
44382
18471
17653
83331
76103
39932
87488
6588
76036
14154
1119
19893
88411
38049
62527
51237
74854
41796
77481
44155
20974
69124
51055
71298
34341
86298
32183
31115
84381
76170
36221
46615
13727
51433
12254
70164
49960
78962
20828
44456
77220
42530
43134
87441
9030
27371
62621
70954
3894
213
65531
47706
37968
8552
67628
85384
30566
1174
10230
54963
36229
43178
9301
5192
5924
12999
27607
85236
16500
50700
61760
14786
36639
31969
63852
6946
86566
42166
11118
62692
27466
44904
30005
24477
55961
49935
62122
69419
84149
78045
10023
79835
59487
61624
38069
83983
9118
74779
82368
76263
44953
12771
20709
29437
2206
36752
63062
52333
19224
83849
62993
67542
39455
15632
17063
23785
18957
18864
58875
59838
37447
22972
57681
66271
66230
35074
68482
135
9299
66178
42378
62146
49256
29097
32382
41017
42902
45556
16897
15430
20940
61947
29410
27677
19952
42580
56342
36925
9000
78379
85611
34521
84036
72804
42104
62479
35582
65375
87035
72332
47070
34848
12764
25337
54727
56165
28955
16232
43554
27798
52148
66362
32433
80925
85728
49385
89502
320
4175
30125
65833
6048
63279
15489
81638
19031
10376
66056
29239
69332
45200
39626
33030
82713
79519
40951
60861
2133
13280
17058
77769
11896
81452
56640
76407
64817
69834
78347
17933
53885
1878
56726
9701
32911
86410
31849
76972
10651
90001
63673
35375
11639
53591
36641
73067
13248
5729
51949
82106
12517
16767
640
25369
1214
55612
71972
61633
52677
42667
7706
18863
23954
49759
5741
3700
34631
63584
44719
26978
15369
54452
8041
10890
44645
58516
22463
58665
3923
55050
73090
64310
75307
41543
9192
84744
39451
82347
3352
68917
67998
10738
52673
30494
12157
57578
69229
40085
72614
70507
84541
88454
20307
69008
35762
64940
61877
12939
14704
75963
49293
77569
34289
71994
40033
58848
60112
30164
70582
17897
53844
49731
59027
59973
2518
59579
23468
25272
17040
72118
9674
65326
7569
1938
15746
9665
27740
17708
76545
25950
62572
8361
85373
26490
38422
26162
77108
17428
24685
79994
27064
60497
13650
71768
15619
39995
14516
25567
42840
59689
53488
76014
2353
30261
86143
74923
31765
13767
53659
22149
26540
9975
42559
78092
56879
11290
54327
27179
56711
29498
18675
3182
62265
24734
13517
26572
30088
59053
47078
65194
18466
8542
59753
53005
40743
75669
35592
54810
26021
45071
60552
17556
21380
44315
60143
54818
73445
84955
5863
12452
19047
30987
46935
58560
60325
67919
53078
45850
10833
42541
46119
88024
16834
46184
8619
39573
33010
36834
34230
86850
55333
53134
31041
38735
77880
40878
10925
44393
76080
35616
42268
48716
36704
46516
8545
64867
8437
75956
29883
54973
89001
84802
15661
19528
79097
36909
9146
14845
35183
24463
29483
9933
23450
15463
89538
43143
32893
23396
22022
74278
24392
8841
24364
33119
33977
33726
7247
50901
61751
54855
42367
4134
572
14509
2125
47952
85932
48866
85366
58893
71447
26427
68651
4318
23763
53037
1957
62126
41646
5699
74155
39561
52426
65506
18281
79594
11754
28868
40381
9032
5007
4539
1749
28391
88190
33360
30502
44085
74624
66688
4955
77729
58749
32331
6630
58415
48379
20185
80659
83533
51504
24525
19432
62520
11745
53611
47046
16001
69927
30361
35261
51793
4183
7344
45672
20749
48495
25903
42978
48541
34932
48080
89930
66098
41727
59154
34665
60268
20026
59639
9536
45083
58520
81153
18120
63841
4695
25621
74167
89638
2363
26972
45758
49553
51271
16901
35217
43795
52964
45888
32316
74883
84099
694
6455
38165
83574
30169
14282
14102
63815
29721
57799
80174
80332
72557
53238
57742
32333
16508
41228
6801
59298
20677
42756
34369
61033
44396
988
55647
88710
63859
4215
14953
57365
47171
59948
39434
22367
45681
39304
35144
58297
88600
50907
89452
1853
47161
27198
5267
67582
17524
70414
2853
19136
61794
30363
12956
24623
31412
85775
26666
58528
7721
88774
33227
9500
50576
16664
18976
12660
87587
85196
89503
37983
32074
58073
48645
1001
6064
25045
1165
82808
56174
43678
63503
77609
29752
9628
64829
88669
26031
18167
60708
47759
11732
41642
55550
37368
73358
76497
32681
39941
21841
59699
49166
46953
42851
57013
9155
62580
21922
23184
83750
5706
9149
21189
39390
62128
78751
75907
51221
46300
22331
4815
62199
47266
60843
65382
8801
76763
15475
48738
46307
18448
75696
35357
3791
26135
10671
12812
55706
49338
37718
27822
3046
79129
86742
2336
40362
20393
53772
1740
43715
21590
66002
12971
39316
10471
70565
5222
37147
3831
8346
64038
9482
43751
9316
8598
9889
57176
6237
51915
1407
35839
44657
53842
54184
30256
42997
29761
1018
34823
62676
88579
10438
49362
45117
23768
66190
12375
88680
66948
6721
29756
5685
76180
62979
80153
44980
86485
41712
77854
38127
33951
72353
23268
20436
49279
85752
3588
37071
80700
58358
77976
84161
6297
6795
69254
39006
42057
59323
34634
18500
44231
26036
10003
11571
79607
39695
34698
70024
35235
7270
56578
28693
46907
30158
5586
31166
21328
52081
14372
89419
13974
3270
21275
6331
16333
67173
85435
43389
539
15772
41653
29185
552
66542
11495
4020
6592
84142
86813
29253
68406
13921
75051
16384
75443
60876
67886
16151
25327
27799
24254
88984
13569
38149
38791
86292
85358
52442
68878
77133
80485
19942
69490
25067
6997
59222
52394
74482
45312
18810
31692
42214
50532
63918
4470
79924
518
27359
4368
89859
256
67751
36606
28687
60648
366
9527
59151
85870
28612
60085
16584
7200
68746
80951
87944
4984
85711
13867
70570
23242
84938
28578
69431
7410
4672
66506
86558
73367
65084
78426
50070
13048
9394
42407
55416
1604
7757
39224
2622
29849
56828
34119
15910
44125
54981
42335
69873
89566
18013
51824
82848
44481
35816
2390
81532
83090
82012
86732
37216
76195
38967
69039
35694
30896
46955
68061
62689
87738
72931
41493
60658
25573
76327
34324
23033
48817
3453
74208
57084
29785
44113
31157
23671
27299
18669
11797
9093
16689
4852
89440
67664
75394
6295
48156
83697
75140
16555
74642
81585
41239
25732
30801
55330
7677
15800
27606
53317
73363
69314
65119
69497
51559
54318
83386
66871
50774
67680
28900
17301
6172
83416
75746
35145
83337
6524
16473
72708
45249
39975
40866
81000
38941
57922
71299
4565
75110
23508
77281
25719
29933
23147
69417
66394
14621
69290
27016
14708
21831
75087
20478
75494
45488
44911
68237
17619
27465
11806
83693
82776
12795
44305
49143
18314
81503
27725
6943
87338
15030
82227
13892
23548
13605
18287
56900
8576
2427
12535
74962
7405
43375
52499
78293
799
17850
85070
33592
79651
66893
83550
55250
56984
11459
19092
22380
28534
46107
62818
50734
12381
24038
47437
33702
76449
85221
69904
13758
18230
4146
46886
16561
84810
20097
41461
73434
44215
86593
16291
19918
21617
53936
25613
53251
18496
28659
75940
62942
57551
25451
31154
1808
85475
24629
28706
41211
27503
44276
24928
75772
48803
39538
61085
51672
44252
36471
87448
15610
60977
17989
85689
11305
32715
4004
21179
21034
32666
41621
67277
62144
79450
18303
34600
33329
77294
82968
85636
21102
18196
12234
83638
19933
84344
73456
82309
60825
65631
45023
41026
46786
26073
79623
37834
4867
9231
70530
6468
31576
7042
54033
52447
70970
28382
65935
18850
61088
74573
9274
45954
51944
924
52422
20021
75705
71303
2665
41352
741
6771
74480
67030
28253
13459
15191
12933
3658
16851
53465
47766
72110
69392
50122
21281
41869
72482
13988
57990
47806
47855
61469
37690
24888
60631
18714
86353
74825
21023
33762
31058
23525
69415
70952
88790
78119
28960
13985
22531
87522
26024
3357
74752
42142
33777
69655
87003
59694
81029
40198
14399
15722
51385
48994
45728
86778
46542
83907
24716
777
38444
28316
42463
66745
14995
64392
504
52122
46304
29813
4824
3797
89571
6634
33489
1331
50018
21560
79329
23804
38893
77803
16339
88975
20798
30389
2348
86495
14765
37451
42121
12627
9087
56431
12405
11786
12118
80450
16097
77390
14262
59033
83437
47988
53354
7470
8566
21261
72090
34567
13543
15150
15769
74014
55593
7155
87577
11845
25885
71204
54303
3397
60890
6124
67271
503
74929
69664
67408
11050
60494
38722
52055
18008
19817
38077
42880
45026
81440
70992
64801
65990
43153
40382
79881
74961
85432
37327
866
11405
59884
56439
53812
3816
64483
74841
2078
20754
31482
85046
71476
18767
81537
80004
51965
63657
79074
15733
12797
7765
75964
9516
48070
1716
84817
82752
7238
62612
77600
41145
3803
44244
57119
15014
20473
76376
81657
32616
27405
79148
70017
33604
5428
28775
65446
63121
45966
31029
1315
79883
31897
84353
19957
27744
6498
50394
14283
3587
21024
78140
86896
43185
13036
6427
23481
45523
88862
74830
32205
13148
37533
62482
2501
65896
41922
19707
38582
8304
6215
17159
10161
80666
34238
6446
1052
13212
60649
85946
43156
21561
7458
46471
79530
82322
86356
15196
15930
24986
77395
63968
87174
45163
74237
65828
21983
56876
69981
16387
78542
16670
20423
10502
2074
38924
30703
69545
67130
53298
50113
81574
51464
249
78849
15508
6505
63651
54451
33335
24394
89497
89669
44098
4679
66888
35793
40798
68631
85723
62352
66713
45020
4648
61263
51819
5942
57315
78288
28452
63591
28782
85330
23832
41707
67947
43263
19762
68430
13007
11613
56094
43896
50693
25771
4322
62546
62815
29724
77275
38408
71774
80693
87704
78573
37283
46833
56718
23580
19203
7541
28008
67359
13729
19209
66027
29106
65663
59052
52221
2246
55617
84887
2354
32699
65610
17567
28474
9783
50639
40434
54759
64172
7951
54771
5490
86431
33892
7327
23302
16471
863
19692
20087
69383
22273
40389
44808
57464
89423
11504
84397
38849
25850
76353
78240
36847
72203
15776
1028
70416
28755
56080
52985
14912
75910
35585
57472
56611
17226
33089
81443
30362
33198
64046
65836
18216
26003
64585
65919
32216
45816
732
16522
27759
21091
41909
52921
86977
72486
54701
79326
78901
23391
30644
43767
23874
12645
21478
30534
38762
19669
38324
11095
60927
57829
76466
82945
17209
27879
51175
21391
16133
32843
30568
75412
5860
34433
58917
11420
48268
17146
22706
78355
72425
71430
58784
54628
31724
83145
78182
19566
53355
67866
46667
16171
79566
83841
60070
29784
11262
20201
82842
59976
60061
66616
35498
44117
32441
49251
49734
55818
68794
88121
70534
2505
4787
84946
798
73118
81599
13242
27433
55677
75338
47299
53006
34967
74864
6013
60874
75763
25776
53232
18468
19721
35772
29702
86677
67817
38629
61632
23987
56885
31746
76025
66196
17371
10002
53368
74674
34768
56701
33602
8413
58382
47293
82231
82299
29660
333
85247
47180
64101
45762
15905
67778
18658
27081
19123
74948
5754
9487
76058
52001
88785
54132
61698
61123
1311
26305
34164
31857
37389
17705
77178
23434
24379
29944
61695
85777
42679
45320
1260
8661
59951
1656
27575
72500
65840
45260
88104
32919
28104
37966
80077
45178
50252
59979
47390
66633
35609
75521
65623
61280
67256
43299
22162
32285
12402
36731
25341
51657
40027
37907
2108
86205
11362
52764
26744
56044
48044
6685
17906
61137
48375
56302
44812
14530
76106
51662
56055
28526
53806
70895
25833
13640
2785
25000
52134
45326
54794
83544
26700
26466
23564
21349
76997
36140
45794
33229
5281
59308
37374
51263
11153
29537
46123
41932
24832
78912
4813
27698
10058
82381
85785
47164
618
74472
6957
66373
73806
23469
11521
20763
41075
42250
524
31396
86978
15456
49441
55200
46565
14150
59570
64244
12209
43372
3733
59535
115
10504
10607
16496
35637
78776
37330
50621
22328
29354
62878
4625
78449
87960
82123
53181
7191
436
10604
20975
82298
39370
76216
77801
41418
34416
35993
27284
76996
85007
69535
53716
37410
88484
17674
56698
9529
50027
87550
10311
86774
52285
65792
63425
23839
46420
54803
79438
7099
48243
61550
10666
75898
28013
73995
56247
52416
89010
82384
37698
15113
37706
25232
61097
86295
59250
53981
11308
54945
13651
51963
40050
89343
38071
57044
28240
43199
62834
41235
37600
57824
56238
57954
35746
6522
69390
87262
8081
73977
42991
59720
74267
28428
26588
82452
62339
61703
28103
41415
3829
7745
43409
39420
58746
88552
4406
76617
82925
43059
1598
87811
75291
6281
74436
78472
40739
89969
31944
16146
39559
1430
61645
4658
70616
59597
34690
34332
32795
406
10101
57634
22366
19990
63743
18653
48334
37384
52016
44123
24289
76022
31535
35065
21750
61254
11560
87508
36435
30857
46363
53941
66333
54718
69860
34528
13978
75459
82843
26732
55365
53089
20748
76838
45882
55879
83543
87681
73501
58720
39438
23639
33813
82738
40475
70295
35729
82855
41838
73843
67851
43673
52562
37797
52902
26158
83162
62480
33073
37762
79220
50144
46914
13573
6948
13216
84242
54247
79210
64281
5551
48307
35644
5239
56997
49543
43581
16099
42509
51838
44598
57280
420
46898
31570
34828
16393
13738
73828
48715
63842
83256
19422
53077
80341
44137
80119
151
51132
45145
86559
37225
15
9632
81991
58640
27916
18425
87625
67232
73585
81437
32659
30046
51954
2898
85575
50288
89878
21302
9658
57379
74765
18279
58585
37344
51017
80305
31523
65472
79670
33668
558
79762
64730
26385
9878
75445
10276
56913
50559
12719
33274
84455
87719
35732
35111
29673
16932
73453
54064
25017
13514
85030
55042
79556
58847
5329
80533
47745
75784
9625
5893
30954
73934
58728
34565
67332
86659
20080
57831
85826
29843
71221
30452
59865
82443
7928
15126
2754
6646
12936
13306
71505
10951
55713
62544
68063
63930
80188
25393
57764
69914
55341
52742
28265
66146
7855
40802
69546
30990
53816
12440
66203
47148
23430
29392
19944
38634
52727
13126
8767
53889
47427
61545
49186
75202
59309
52907
75892
7045
36444
39545
38560
42473
70057
38278
49822
11349
88446
13502
55964
6346
47985
15645
25440
77841
60153
61253
9841
76925
67572
64936
63295
69378
13047
19496
674
26323
12419
35468
50823
63484
82536
87770
31914
61747
11011
68429
3688
58153
51733
22583
8417
8490
65042
61505
62078
70897
15303
60222
76768
26534
10139
49737
11611
77026
78063
76946
86196
35931
77635
27512
60679
66659
86942
73034
18124
89693
46999
32383
57140
78069
64230
8433
8615
13475
44718
22981
8431
22900
60084
70444
79092
32300
89279
4542
36355
57977
84086
13066
30998
37640
22742
13461
75300
64637
8893
61346
4305
68133
85145
21345
24907
23908
77316
70661
71931
28006
84002
52257
38531
24697
12701
9480
34175
75507
64191
24796
65223
13170
49969
22207
58591
31321
15375
60534
2482
42805
3564
83117
66311
56208
10369
85416
62803
51111
26232
9340
31389
32020
30063
1785
45915
35740
52924
32162
79494
86747
7154
52903
53449
88509
10472
36051
68090
27692
86940
51567
75468
73348
46323
43712
253
36938
12013
69639
65447
1526
72207
87118
18330
1591
37957
48479
54785
25772
36837
61745
85670
52628
35742
18574
79432
29208
86887
52093
80480
49204
65756
5320
86743
57358
27917
37900
52305
42354
59432
68235
72681
69739
7921
24530
50062
67793
51740
7642
46832
79079
89065
43214
85731
80828
7355
25178
27329
70700
81550
13206
77890
18709
73960
69728
7871
62376
63289
39912
22522
54864
1395
35659
73738
47213
25978
53590
75726
77744
51988
60172
83306
66137
60482
60698
48767
58625
3750
29853
88701
38409
83360
87622
60685
2340
10825
34894
44862
48217
2878
51737
301
72869
7148
86296
26395
69293
42363
34481
54487
7130
47154
42626
67788
47895
25445
22883
17398
41328
66841
31121
46684
40928
25634
87697
30265
61800
18006
41107
69811
19460
76159
55578
57165
13264
80952
42425
14317
39202
7382
15906
74456
26645
48117
440
12265
41965
14056
18723
35093
29352
55318
62767
9515
77278
76113
52405
80499
72842
14364
80204
77789
88426
27171
3171
42842
46455
30788
67685
67314
10972
888
18903
75165
9681
53509
59455
21586
64129
14667
5818
17682
16494
82421
2007
88231
81555
32811
58619
65681
64312
87760
67430
46881
76249
50783
24747
49522
40031
63779
54243
43774
87779
45240
23588
86962
44770
40566
81375
71343
22271
18683
72393
37358
59450
54547
37390
13653
33402
66723
65878
16627
40669
45433
49042
25704
51839
19301
41990
33930
70445
33976
11655
88865
37040
30979
82148
37778
58480
51873
42660
16361
72375
13922
18040
7412
71075
55916
11410
19776
62340
4768
81711
39107
67008
33978
39606
70910
23364
12711
23236
481
26650
49341
16797
67241
72933
42477
62062
28652
11626
20169
46
70083
16991
69768
79901
53342
53140
75672
15753
65540
50401
89172
18784
30302
1918
10465
16763
68412
11707
37056
51595
66276
45156
13986
67375
79060
27233
64430
56670
12001
49671
56563
72308
68671
56006
82250
89169
11782
2496
77112
29469
2181
70154
72642
21168
50938
75710
19056
88899
19127
46464
87657
81892
46234
76668
3118
57450
4712
38255
55000
58400
12790
12780
2612
6589
82846
74586
7772
43539
31372
42192
34204
82026
3614
80293
88125
66076
85808
37362
46712
2662
65902
70740
41552
30145
87923
37253
39389
8883
68309
43253
35130
70969
4837
76717
89240
52066
67064
87065
12223
17844
59238
14825
15026
8794
48007
11301
62379
77967
68542
52040
49705
10138
49750
77674
56408
39848
89192
84371
24167
32251
39735
56429
43947
52120
32647
14371
46104
75731
19079
74529
14574
42527
87506
15993
59800
29459
19041
2435
23587
28419
89808
87242
38610
54018
69002
30554
26384
56608
18820
83947
44679
20326
36271
71451
75111
12893
38003
72930
83758
28089
40046
32934
48986
21137
22963
59482
42644
9530
33105
10486
49023
63135
20694
25748
31902
88933
9262
56757
51973
67620
68468
78728
76479
10481
10271
60095
57902
13329
47409
77864
16281
43270
82636
61569
31617
34740
61492
17368
74511
47824
27542
50352
30995
57808
73672
74593
21939
62207
29868
83980
9337
40166
50872
24680
56749
29318
20672
33494
22128
54849
61906
75970
2987
40894
40010
50533
57480
79723
26930
54629
5806
78536
27046
80512
5397
45587
15478
46139
85495
29929
64810
9659
12120
60340
30459
51468
76613
11173
46929
51455
88955
41719
20882
51039
66107
20557
27475
72146
46562
71228
42526
80328
78193
65040
54090
7532
38047
59207
55649
82440
64385
13563
5006
8082
69226
1317
58360
81813
42885
33142
55815
44796
12855
43508
18381
6415
13283
17321
49541
18648
85253
84377
35905
64004
48420
12148
76538
81334
35625
64495
47885
9575
49545
43190
29295
5726
71202
57056
6186
18962
7027
53359
72108
23299
21173
39662
167
62045
63392
2164
8656
72517
5912
46528
74024
46190
84672
52986
19589
20811
79805
54936
78862
66348
38416
52753
60058
29802
89245
63280
73523
52762
73306
16930
81151
4452
4936
9049
87458
4091
11094
4086
41780
2192
66046
35728
79006
74696
86516
62770
35970
41077
80750
70111
33996
18186
71740
19016
82845
48262
80769
77068
2525
57070
39346
75379
52364
23852
10353
5133
55564
76878
63230
74134
86202
77615
26902
71450
1152
29762
28606
68192
48826
79600
11067
32551
46235
45984
86686
31615
78039
30955
47770
85920
60286
16871
45313
9432
63352
74263
11461
69062
33028
88908
70340
30451
66041
88071
57737
61724
34412
47601
36442
30205
56819
33204
47379
47686
30435
80403
52038
21988
68589
4323
70398
25070
79940
80126
52740
19950
60609
29091
46071
22556
77836
20432
9338
26501
60952
83631
13596
44727
15153
11591
16280
48681
17892
89021
68199
71787
15360
65342
85663
54729
61719
46233
25647
18581
61736
525
67869
60576
43686
81018
47556
40625
68497
66216
12370
41601
22074
67199
30114
66791
22475
85758
17062
60774
12972
71679
63278
88229
17206
34044
83111
23432
32674
61866
15296
31949
60544
86213
76229
26083
21324
39275
22079
76308
28893
71915
31344
74796
2849
24759
37111
38129
60133
71621
19749
37048
11387
49052
50684
73846
74311
36883
17092
47178
63458
1272
8389
62747
48401
41907
51472
75652
25711
80430
82633
52106
68472
47490
62096
83473
35976
23959
3153
89327
78597
23840
56213
54098
30767
37273
44776
23014
19383
2374
54501
74297
53906
43191
6865
42248
50994
23967
8362
1524
14717
5272
75477
61094
44321
52796
65318
65029
17476
55962
39896
22102
11608
58206
70316
65086
69719
65804
30267
39849
51308
1583
48735
56416
40235
19378
36422
77950
66253
15214
10791
69631
86551
6882
24931
87387
67593
47191
28213
24694
4257
36212
43672
82163
37043
6028
75564
33338
66651
4882
23502
43769
28926
66121
56139
67687
10321
36897
24198
13068
75377
88670
30798
597
31962
62988
6334
34747
86721
73087
13373
73673
30227
65036
45149
36092
5167
65095
45513
69644
71231
85924
66237
51037
56916
14732
66710
237
65409
60040
42123
14821
16370
10045
76594
51832
20007
24739
58696
56807
16441
42702
82889
47466
26967
79425
63126
53224
2426
28224
59023
67718
2707
42585
36022
43515
84618
67939
37877
26497
44375
21147
61649
41546
4585
14345
5767
44728
49189
32499
78574
83018
73053
5992
8632
80452
16803
3753
58574
67972
14898
52157
72928
46709
7788
13037
84303
29435
49454
24658
61984
31551
9345
83201
18763
67825
45755
16827
88206
1517
30414
224
38966
5215
77186
44349
10092
83329
70919
18056
53952
46485
14593
67379
26619
62205
29172
15443
88967
41686
82490
9202
9950
39560
32906
86403
35189
19109
15177
62638
86803
6035
47230
71401
47776
87631
26563
75013
41726
37557
53296
65700
72567
50592
76916
83653
23799
29951
60738
26725
8780
37236
66931
60591
71207
1372
42859
3580
27956
76680
77107
35223
57158
85474
42203
79725
11669
77180
2117
35021
88554
2199
27506
31839
82319
7581
80990
45092
34446
9456
27985
31339
19037
82720
30899
10136
12434
5852
64749
29475
53011
73571
16222
61501
20780
68008
69184
74745
34102
79236
26557
32890
44624
46430
87916
22576
73690
47318
22121
45581
39179
21569
50573
32976
4540
31578
44871
87709
78021
78378
69213
51660
87259
48423
20384
89362
85218
73979
53760
60150
20551
50708
46534
26191
20915
77436
81045
89951
44832
1624
36451
13929
10270
6114
27219
51441
3212
46057
32363
31326
66345
10303
71353
88462
10717
72723
7351
49047
75519
133
11738
2466
3927
77698
38441
30346
303
72274
76835
8515
87876
39364
55661
58020
73378
54807
47574
71973
67042
18365
34267
37673
8621
88994
87590
61528
734
52449
18761
25759
33110
72803
51788
58925
6012
57897
8825
20383
10030
86935
71314
48650
28167
29661
62526
61406
88815
38245
44945
44312
44771
3170
58307
16355
73041
87948
60351
70019
82259
89147
82060
7818
4963
5649
2574
26983
36070
46319
76499
12806
30948
78017
84603
55545
77280
73265
1951
53160
76527
15557
52471
89933
65797
39910
87464
82659
28189
45953
36496
57134
81118
60006
87373
79845
31119
8658
51607
23684
16057
79043
82045
41674
83917
6548
42998
34493
63909
14063
70965
55507
69574
20521
74575
77356
66363
71346
59801
66812
47290
28344
18331
76420
10546
12056
69366
19345
69688
33708
76067
64251
55905
39611
33454
17518
28881
46019
45004
77626
25432
51403
15771
1985
82504
11653
88290
1681
16275
48004
22059
52561
5183
46990
33703
11124
82489
38446
84135
16009
3087
17420
64866
69538
89509
65436
2329
63178
44917
30498
44476
77878
44516
9645
84922
61897
21513
22068
56808
5943
45894
41778
48215
58997
50850
69818
62231
77552
59746
82625
12363
44218
70448
1290
72999
75262
36978
40663
61799
49783
70109
3320
48782
75679
33021
85836
45385
83033
67490
1178
89545
19576
87172
60660
84996
80706
8084
71646
4352
3387
73165
38315
19011
82199
16403
229
22891
51119
63165
34620
6381
64143
9588
87974
44746
795
48906
86840
18201
80631
84655
62505
23358
33219
39831
71551
50220
76961
14273
49193
48470
88850
58955
461
11643
80759
58059
67089
75147
80038
17784
23629
84118
40672
28282
78364
18887
15425
68272
2527
65255
76732
40953
70759
46461
55679
85969
69024
22306
42675
51182
65394
40635
69286
36230
89636
17431
74339
82065
54636
30957
34240
85646
7487
46089
40030
30730
24461
245
71387
56204
87686
15491
64633
29126
50656
73900
25733
53062
32030
19691
50367
33154
59276
56402
54490
377
30195
56596
32571
65714
59628
23465
36430
58193
64626
44185
60379
26012
52936
47440
21621
44079
33594
35581
35466
36453
13697
28127
79018
36971
1445
23962
35110
12456
53124
75055
36058
13687
54192
59861
30665
68877
61165
76
63712
50652
70537
80327
89380
85356
28858
13611
27752
28219
70610
46703
40329
34544
2344
30985
12974
26185
33803
11731
30188
49560
49830
77233
1529
34492
13835
83468
64672
47527
82107
49646
83977
61489
21753
37566
55470
40708
86073
50782
74672
89456
27755
60863
10294
14841
21981
54661
26110
17013
24933
51323
41977
67999
75497
40048
33857
61650
14894
49500
55518
57801
24136
47648
38237
32851
56579
30991
46333
5919
76149
50021
23399
22184
44440
85952
89827
77001
45014
52743
10780
32828
55672
17067
38609
71928
77567
43836
1710
36761
77361
84308
59296
64414
78778
17486
5834
44431
49465
47383
29217
87545
56543
3385
3404
41957
66903
74171
70360
77856
57624
44183
10262
23539
68950
60613
21096
28885
85794
87637
68044
4196
77439
6407
66259
46509
51416
46826
31446
8766
85552
19261
51402
59811
49651
49314
81521
53888
56083
8006
43605
14279
81669
68354
55515
78376
70327
40942
85304
48673
15068
28574
76944
53998
35190
63281
48339
75194
80541
32234
79240
88211
18152
79991
54450
36137
83898
70496
50454
80996
5961
2177
59901
65165
15692
89697
28722
57163
47030
62673
31942
13589
66430
79344
40531
50372
65290
73527
67455
82046
71426
67315
60697
5659
53467
77155
12611
64966
34153
3684
51109
27196
11218
28277
20552
30622
79676
48317
32075
51703
27685
58975
30436
44036
89904
30775
44450
67716
51775
4155
6706
24400
45585
81387
37179
25594
43026
16142
9385
28666
81925
77551
74847
12018
47907
46966
69432
63906
30959
25282
77207
68761
74433
48566
18802
27768
40918
82334
11418
6530
71895
44654
10458
15145
59836
47360
1916
52691
80824
35213
34004
87824
1433
72285
13618
34594
42441
55222
71229
42428
16613
79028
62582
39665
89014
23837
23474
15827
76089
65668
63953
49823
86160
67082
25505
51256
76866
4901
34417
15945
155
14116
4463
84265
35666
2983
19855
58309
62511
88757
54942
71779
59486
30294
22745
51101
50852
88385
56121
25068
15654
67982
68298
52793
10789
45469
2107
77807
56497
32711
87147
38130
34877
44971
57459
9916
33999
3992
84444
18969
46490
5236
21114
4049
76277
37196
31438
39353
32882
6384
61148
86246
49505
73760
86938
6678
82255
72292
47079
8332
80579
41954
51972
49467
6380
88731
61207
22173
79891
26157
7092
21906
54768
29022
22748
29146
49490
74233
9973
25386
88188
12551
3526
88738
55645
17245
40906
32370
34050
66518
8040
74043
55979
44171
87774
36550
53643
26860
26206
83479
33799
56092
18328
42253
68111
5576
33772
24006
56163
8886
11157
262
56786
47457
56279
19464
84225
38518
87384
77276
42446
5644
70599
62308
79856
40289
73661
43313
25818
38122
34725
53758
23617
73410
24425
25176
85062
88575
45033
22009
79748
88264
82335
41854
15302
49161
89633
71086
53147
10879
51191
82963
17642
56669
75570
12336
5575
58504
84686
84786
45087
79694
88988
79021
37340
49954
68410
51026
73702
46587
65632
45746
13607
49610
10838
60914
26942
46827
72732
1367
33310
26432
15319
43847
32968
74967
30762
45863
38509
76619
32588
53861
77308
41964
40477
54865
51882
20830
87402
24844
60170
68180
37720
82484
23198
50285
32355
9120
41643
6073
2568
916
54739
11909
13968
6085
46302
59484
62659
86394
51525
16319
64399
65867
83773
70161
28846
80915
64292
13063
46463
31784
26097
19249
4403
72267
45291
45749
45147
73808
46821
69217
48138
41110
65853
10379
29110
74715
80875
27120
33297
9288
18916
25391
51400
75581
17610
74930
28492
62050
61809
65139
56897
19959
53706
80446
25250
24239
71554
80881
61987
15392
34006
38514
11766
52625
14255
33482
48719
80092
50791
60138
24247
27153
38709
42704
71689
85179
79136
54878
83020
41657
88844
56004
88724
47193
21732
12439
19633
63314
62561
10804
40853
25797
62142
24144
8591
88572
8914
6274
41950
48640
6924
60502
68771
88250
71081
45750
33556
6170
82382
86469
64906
57117
53551
21068
38473
16971
34839
32418
12605
44115
69308
5347
9034
46689
3475
24948
75252
60241
80890
10897
6197
36543
76724
37658
70723
1695
47076
37105
16226
70669
68729
2490
31468
80058
39232
45289
44661
852
26562
61716
9603
38147
79307
62159
15377
70997
67026
65457
25488
21917
68136
21409
45631
39110
79852
10304
48102
77034
89020
60880
88455
72862
85134
6492
26319
13087
5268
20629
54563
20268
40856
21397
16116
66581
26876
62895
86349
40807
45992
50133
7194
11589
53620
67052
30393
80614
82998
39413
37649
70649
71071
37677
89678
78674
32734
43863
34673
61275
21215
27821
58348
84881
48195
70561
87192
20194
59415
20063
17033
55935
87801
89041
47270
26220
28196
6098
40115
24762
23429
10693
85078
16704
63034
12616
39556
59576
88350
59132
769
69331
49355
29723
17483
19724
47431
73243
65871
39329
30583
55142
48749
42638
33077
79843
20787
40168
73016
56215
53125
49497
44738
52149
49064
87934
55842
70950
23407
20324
26409
87199
51722
58587
67317
77295
28307
60010
83623
33390
17905
66249
54232
51390
57972
73737
74449
3013
82308
26414
44748
70284
3964
39444
36718
55005
29271
18501
60063
19367
17737
3525
47156
87049
47010
18717
11361
3527
11347
64898
32982
9354
49153
61755
82158
29083
83266
7675
37731
8753
24589
50301
44259
63438
71618
38738
14076
3462
5158
88032
13361
33400
2480
51761
73239
76048
72985
30712
1266
23766
84967
15230
24276
67157
44594
9252
28555
86121
63531
47739
60900
62394
83049
73894
31605
52046
82933
70374
18424
82986
9230
20151
21941
39676
11705
78972
4285
59431
27210
17204
81515
83210
24183
23717
79554
82027
10075
68327
1783
72613
73958
61965
84305
39302
19993
30753
41410
16947
20816
78399
47700
38205
9644
59671
40367
21406
67353
37442
37255
34192
75947
46505
40742
61975
56406
7595
31884
24131
85898
72121
87133
65581
37934
68483
72671
65760
59421
63006
2931
46390
87750
56530
27518
83357
51373
75513
65982
78057
51379
2838
47470
11759
6594
75243
76062
79111
34570
75319
61040
19082
34171
54032
26166
53830
85896
28854
30921
88336
49885
12883
23788
65974
82736
17429
40508
46295
80715
62356
87190
85259
9815
10706
42646
50665
23574
32567
37839
29960
32111
48768
21496
4074
2462
1360
80639
60980
47984
67302
20735
88083
18133
26038
45798
12303
82597
25065
79574
71131
74738
19511
41756
70273
23749
77712
83729
26321
32787
57575
62974
74820
21041
76518
17378
18091
5826
16165
76282
82780
12337
84127
62039
41118
64409
67015
62368
5774
15330
44585
83718
29824
69374
28311
23882
40467
29992
66050
17825
50477
77999
12560
60626
27557
39074
6148
49005
32004
80878
12430
29754
64520
4717
17593
65686
36224
89033
40715
35868
9199
57423
55494
730
30520
35948
85631
69171
27715
22106
53003
38456
35990
74986
56074
32059
46657
86455
85535
39394
9631
65564
8529
55344
47873
55387
20094
63294
19683
74314
672
32478
60884
54226
22093
41924
452
83701
27572
54698
73258
84974
65832
5235
85800
497
20397
17385
56722
71759
25002
10336
70658
656
78636
63882
80342
74488
49046
69461
15688
66895
57185
53832
17527
51759
21028
85181
87323
61985
60860
72649
1905
14719
46811
65370
58470
39004
88438
64515
20025
50228
350
6150
55734
21278
82892
72766
24395
74120
82790
1922
75458
26014
17494
45005
29262
21369
6757
45553
13917
47530
44802
47834
20610
48743
20682
44039
23602
43936
31322
28054
31888
27827
16289
40524
28173
61234
23127
57786
57499
72364
87189
75196
47735
35619
25827
87434
73844
435
29084
85088
85063
31631
42681
4773
49909
80306
30366
16005
88348
7018
80552
33864
45040
56554
3140
3693
61304
58476
20695
7792
70348
56129
7859
85533
37700
74591
41146
28133
82438
21626
5263
67689
14840
24191
82059
8078
17783
2028
82827
34626
24532
79962
60777
62388
46419
74533
83151
56051
39690
1822
11768
85903
39756
49343
87455
2976
80108
31449
18584
9475
73318
12787
61323
86404
41708
67433
310
28451
23410
19235
58387
24504
83987
27180
30525
84404
18041
48754
59513
11284
83216
33409
45655
53809
70511
67775
83458
41660
87302
73841
38776
53931
45120
83087
52131
40201
84004
74997
40615
40822
23021
1764
9753
4009
25848
51510
61444
29441
64976
60810
24143
83110
79729
444
29898
87781
24182
38633
87126
87074
51451
7225
657
47937
47426
21535
3518
52195
24997
20702
114
69622
15587
47051
48466
55876
23479
3584
45769
76549
64403
34075
40409
82422
44342
79244
85804
39755
18254
19782
44581
4234
33755
13841
70261
65069
44691
89043
16644
12069
59895
11358
61414
64000
9775
19813
71435
18808
29755
84647
20760
16356
59229
35624
80217
25343
49858
16986
23280
72435
60478
31415
84264
81351
8009
75742
476
62284
85959
53178
14714
66396
54721
56319
82817
26651
34217
7942
43294
19759
85914
14783
34012
2620
37785
49078
60237
84178
24141
33517
39053
85765
70706
49175
76729
41925
54569
42624
52373
21614
86225
7700
899
31907
53511
27860
72678
3241
7353
749
36419
46134
79072
14436
385
41693
84049
13710
73506
66475
4270
47049
85848
31927
71900
9019
25027
15523
55178
21237
16395
63247
33789
57568
4916
60147
57927
52225
44505
85916
68710
74662
10725
79290
12115
77228
61376
3106
4423
56891
21537
76438
79309
66743
62929
54904
4261
89139
53487
76467
73945
9089
17349
88052
46577
23530
45168
30163
86990
71595
3736
23380
16554
82689
12760
75052
23701
46155
73565
51067
61662
10970
80146
3719
55159
54486
36740
82739
12679
17618
86497
21432
58786
20783
28420
6679
37662
58025
74865
23862
84284
33256
41661
41596
54897
8048
68120
75339
13583
19902
44546
2266
1402
73080
29663
31114
58125
15149
11331
75540
39366
88960
19815
40486
71240
22695
18961
27043
19185
54019
79464
1582
10698
68627
12683
68249
1429
19424
23338
38657
82946
58851
34682
15984
43547
72195
55857
34789
17669
31262
58854
26477
26519
14092
16938
60634
41834
79993
81502
41765
71616
30184
45824
27941
53065
10982
82819
35946
59812
4687
29224
86568
12346
88092
63611
79691
76662
26634
62827
60535
12478
21862
64114
20283
63332
25293
53839
20661
66135
46619
61578
28425
78655
31721
26847
7201
39810
42304
41626
14024
52113
12748
19452
35608
36827
7150
72441
47480
60804
62392
40083
88080
5109
28583
69748
60429
53172
32345
64574
85471
42881
13539
58984
71481
64556
54217
45911
55401
34558
42146
66877
51752
4508
48984
57055
37987
28396
16049
11762
60155
53523
21832
38928
85647
41675
30764
7097
63021
71297
10686
41830
12791
29943
62825
32628
5410
60904
70733
6207
23053
49779
15331
80748
24322
6937
76826
6928
80892
29378
82552
29179
66947
2175
45370
35123
81855
14272
4845
35049
89751
31705
89304
38380
61892
45407
47575
20536
80853
31294
83867
82993
25206
85676
75327
19552
24035
10410
10266
57229
51489
13381
82081
5541
66038
78827
66717
88145
50685
351
58952
88095
35784
52976
78664
69939
39229
1098
12500
33560
34135
14396
74615
52372
65570
31109
55878
55904
48060
24886
89654
9593
40523
85265
54534
16454
81997
42109
56890
18266
77432
74291
58672
47006
48608
7681
70573
72053
3606
49448
60014
28107
32439
7822
41695
21945
86219
22023
26005
1606
3557
49521
35708
20357
41573
57151
77529
81870
82190
8806
68791
51133
14447
70070
57131
59567
54518
88711
50175
84669
31803
41372
57827
52654
76289
31853
73961
36980
3820
62346
37723
11460
32031
64820
20070
36594
70375
43406
22836
54002
28268
1231
37737
75717
52962
27545
64526
33032
12984
81792
42909
6416
22682
1138
69445
623
83839
38058
37005
14261
24766
7924
57919
69200
53746
55481
79448
68550
30711
55493
37282
41489
30976
81848
18521
76285
33206
21256
28385
4114
75767
8760
57237
18383
85834
33508
81782
60
10544
61643
29261
25381
53127
30235
32260
87077
62119
54345
45570
72996
50171
14275
60248
11091
41863
85816
29409
31190
6456
25035
17813
66532
2328
11001
76704
56199
61693
5617
71030
65030
2562
20195
55419
86167
86811
87313
3902
74542
48573
18566
47723
86337
48861
30980
89938
86672
26531
66682
13402
52466
60948
27697
73263
76910
53033
88689
45357
60946
66609
38427
30947
43579
37872
5409
31813
61690
15289
40929
3517
52871
86102
23944
4927
70533
50488
64373
16247
31632
27289
32690
4995
51757
86330
21434
43713
6704
72809
61786
52067
38938
85460
42872
82471
14893
4192
39929
56203
17047
74165
52328
63541
23248
65662
20259
66882
20875
63964
45516
87807
33499
58117
17015
71331
45859
43635
12525
22613
88924
15530
81246
10605
19327
80399
69012
72964
87159
33686
88273
35479
18900
85011
28908
20035
71770
13810
66386
18199
3163
24920
63496
3165
58552
878
50694
50446
9888
2830
27443
42923
3354
74882
76740
986
84769
28639
29516
55504
86043
48465
7119
83153
37
30156
233
20584
16322
3220
38674
8238
65157
86281
49650
41669
88001
66130
88235
66751
49154
65521
78553
46223
35917
66344
75357
52870
39047
75919
44957
66680
89644
71154
28762
27481
29535
77776
36510
17257
40002
22696
10557
60530
35969
37275
64113
11805
84701
20083
49037
24243
75222
69236
44009
45027
88690
33342
12128
74599
3891
46548
89337
83271
89376
36997
84010
30917
40605
52961
16267
79502
21681
9381
87958
76586
17998
23965
12986
52720
2292
49304
66406
4802
60164
45526
4401
18655
38741
50399
61571
35167
15151
42961
80473
31511
4659
68313
51161
74375
23295
72811
14465
39886
7820
64301
41721
60094
57985
70323
27004
57266
10506
29142
50160
73986
74010
60856
10818
48395
46801
25196
22608
81630
6033
23850
30499
29998
32629
83140
22239
9390
68137
46972
35030
26106
77042
73283
38352
5937
21076
27050
56703
10439
32243
6641
25765
68603
65270
38099
19924
77824
62236
72593
60491
13099
28835
88621
24222
41389
28530
66918
73391
77918
27001
69001
1284
23746
1192
69492
42418
31751
382
83127
61909
59442
68882
62794
8787
33214
71444
31545
51032
67469
1750
7770
51046
40340
61982
64073
60024
62992
52459
39856
21974
54366
58451
77470
72833
59342
70988
11715
79179
18785
80249
66707
20239
39360
26457
80902
39795
20028
9281
21481
71192
65931
3833
88750
74383
89997
81582
24780
74711
64360
38340
59196
33438
23258
45625
22382
81838
63713
67096
10082
48870
57352
592
63054
16389
79825
83774
33891
23801
16660
43620
60371
80120
83304
54336
4697
47054
67731
62636
8724
3905
37547
10246
17389
4164
73832
32746
36082
27000
52851
80124
77835
31112
64496
62419
43732
63164
89960
7685
86482
87383
74614
69562
23891
31558
3310
52882
66748
50325
86266
39985
66384
51015
66968
9724
31596
49430
14230
85405
49373
42603
34960
78990
81279
29461
2044
87249
89370
43216
62575
58486
79768
56066
42931
5784
40133
66420
8652
56075
23741
85300
56144
62788
4022
85478
78624
5035
10118
70803
41236
43181
13597
898
22200
18948
14976
33153
35286
12123
32
88956
15238
225
44542
61205
68899
36095
21792
74635
43897
32369
49530
25755
53353
89876
8626
2553
34138
6945
6376
32414
68500
3776
59783
23779
33277
40826
38632
33751
8922
42155
66239
24529
70957
42174
8235
40476
53648
2265
10658
77924
42715
36840
81211
78303
67675
32317
88390
46724
30768
71062
34836
68565
74951
79207
79732
54208
86315
79555
39418
56687
54253
18061
43890
27802
51940
48976
7862
28308
32606
55865
45327
41572
76807
29229
70028
71736
47292
21790
64579
11660
76992
47823
84457
13967
79687
28877
63309
8670
4350
11470
42069
23219
35406
75016
21484
28166
62342
51991
27660
3267
82660
681
33874
54357
32427
38488
27450
78706
42183
78643
74321
30858
61357
59637
23968
49125
10440
89085
88544
84778
7003
27388
69985
83000
89030
44170
80321
1385
7981
25466
52761
51558
41374
29380
52926
35748
75637
89239
53351
75474
7293
46080
15362
63300
81326
77813
12471
60422
7735
59992
52007
24699
64179
45381
49048
3589
979
69886
85324
58404
48867
34180
59395
51378
50343
74932
12090
7376
19446
60887
23043
62423
11266
60677
59370
29180
35048
57509
4956
2202
42841
37806
60651
43103
57895
84302
3062
79405
57481
2993
26591
44847
82903
66799
54141
68460
75162
75244
7108
33725
82223
12255
68268
41562
14078
84212
37002
69743
58181
65019
43670
16337
56613
21625
53775
59600
46533
79473
18743
84245
10529
5028
70066
11360
77049
37808
14125
8271
17609
19852
26594
81035
37477
47664
77372
22780
13464
57574
61597
36623
55224
50919
64968
10827
47888
24246
3915
20280
18935
37401
28473
58432
29647
52143
32689
71712
73915
813
69603
86801
21018
67285
43206
69885
49479
70313
61129
85213
52992
15424
15365
58563
50584
31486
58914
23745
57364
46308
73259
82952
76251
11219
56505
22256
3391
73756
62609
31441
8834
59622
54483
56305
81932
81563
45442
78358
7570
71101
35080
34460
59428
5737
69813
45897
50169
73715
24295
1813
40765
62000
82134
74380
44474
12074
77279
2846
86427
26429
24225
37868
47550
27356
74494
68706
46183
26168
1403
54795
40177
36353
67486
88737
9495
21433
28790
34585
53311
74720
31670
61922
14958
9308
85660
41807
14137
37029
87202
86007
60253
68233
86781
60445
33743
85118
8318
56411
26913
87037
48522
42061
67283
58828
73897
83823
75824
12952
4388
58617
53729
42779
77461
952
25048
88578
87082
51913
25399
17279
83596
46045
16154
42935
24020
24817
89048
23254
19588
85244
62748
57064
55480
78232
81942
86906
75890
7423
74473
21729
66048
19368
83767
64595
8397
39579
39618
81261
21203
39231
24535
46547
31444
21897
21411
16117
22394
25887
85850
35336
42270
21325
61131
87000
28332
11097
2608
81173
46807
33623
39479
14564
39246
6160
11952
67449
15121
62899
59064
13980
75537
74670
22504
75209
67028
88672
63986
13932
39845
28060
69896
17506
59607
39010
80589
70054
23911
57905
78902
39920
54642
53927
76272
23814
69011
31461
44366
72470
54038
36172
50334
5891
60691
86322
74031
37604
43624
43465
36578
71956
15009
4533
30292
65551
35081
81538
32144
84559
32212
45030
13676
41167
36180
52411
85388
13358
62618
44363
34807
739
70461
87863
84983
8427
14848
25725
53040
57297
49900
44212
9279
13804
23096
36634
12314
5483
8873
44477
32015
82690
13436
37645
72888
12647
60092
59160
5223
37653
56922
58107
73948
76684
64493
58605
15385
3142
83436
36673
60736
89413
31450
68676
65508
66530
40552
22773
22330
15507
71936
77922
2031
51293
35134
41851
22217
20013
26126
62467
21067
67057
10824
67610
13602
7059
72573
43246
7931
1854
11863
68916
88843
70766
68182
55853
69137
44721
19010
20240
19771
79557
66597
87435
38207
85005
7237
61861
55707
26960
14422
40108
31935
8823
18317
86291
40464
16713
68299
62151
77983
18224
62858
83065
10057
35022
36728
19581
5667
83375
41287
70431
4930
9763
51232
16134
4950
15671
84657
74637
73606
74315
24098
81491
62148
82686
65949
35055
20548
36878
53715
59185
59740
66283
19928
35448
83317
83288
19004
20160
35292
59927
51154
52990
30771
21
48259
56750
52507
28095
42791
76452
24643
17891
9150
76852
73231
17888
54154
71439
17712
63070
15081
80168
48144
19926
82111
15277
31624
61300
66389
80457
75820
27421
22360
60373
69036
8735
7963
35168
53129
56861
13603
3436
31915
10787
79682
35834
79466
52836
11874
39081
50551
81368
38447
36629
79085
43405
2573
87962
18338
62416
85375
9849
66052
46592
8044
67566
17612
60487
89743
35973
42748
20640
73366
75903
45075
67143
2421
37499
81620
42894
17993
87744
20253
81682
37681
34162
21654
70802
68960
71197
24326
29738
15680
24634
28203
45445
47348
45297
11256
10699
70315
40734
71987
89928
33
88814
65341
66375
80438
47382
23870
82710
26904
30608
65232
48456
71294
24221
42836
6540
42135
52273
42077
30838
40634
57279
41648
2305
14374
103
15109
76111
15294
74866
71992
39331
73786
3134
55574
21331
65827
44739
14843
61822
42560
19355
28046
27801
19887
73192
12577
78424
25370
53750
5690
8685
45925
71894
47215
70592
65175
82191
80532
4343
83795
67165
11036
4290
28727
49289
15759
9850
67826
66431
18089
52084
68818
508
82332
85477
1220
22604
38959
23470
79
42343
4258
72542
10128
13656
58081
58812
30604
29485
61554
44681
89235
82927
53754
59840
73071
76313
70035
29158
45792
70036
66917
60400
70938
77121
38590
8341
47551
63527
21604
28533
40801
41823
16975
18822
75389
35193
67280
25332
85653
19019
62795
3661
8025
73741
86812
10592
17343
11469
38377
71243
81571
80829
77672
24282
60572
2638
8125
59657
53392
58101
38457
57916
47772
8315
1387
88708
23610
1401
64375
15517
6020
64804
2586
87783
78130
31567
7607
3707
67587
81399
62304
19126
4454
87534
18472
42072
9100
20152
4752
48126
62182
32503
83989
44605
8296
18185
77882
28543
82146
49773
31815
13267
58794
18661
24612
75061
72887
79154
32088
47043
56150
65776
71604
9399
89676
8660
20012
61362
6092
24336
82301
5093
89670
51118
49321
33011
17219
361
3099
32609
38183
37145
46427
78059
79753
61345
34609
10411
671
2964
81568
20362
58492
28383
10395
16204
34242
56959
73788
54579
62375
76118
52342
47784
28044
50511
80067
12678
28436
15624
63782
79633
72051
65403
10318
84685
6517
15147
627
64977
409
17103
81998
75702
31547
43093
16025
55123
19110
80752
5437
61359
38820
65007
59742
18286
79645
65594
5469
37786
35996
88598
76634
8623
29580
9932
49852
8136
35308
20987
41877
18222
64152
23795
42005
24270
9600
24727
45189
88521
43978
22831
14644
25046
4070
16602
2111
84331
61618
21953
53015
83957
86308
76493
21700
83036
764
77541
85270
25465
33344
84623
13235
71249
30533
9287
77122
74631
31695
43574
66906
5542
36308
39386
39024
4870
13014
86252
2326
418
3677
14807
28018
42699
174
82131
37354
81046
47944
79301
84194
69645
51002
30432
76563
65898
14606
6301
50868
87451
86098
13316
69605
45666
69162
5751
51776
63855
20513
29123
28714
582
5277
53188
72223
44714
46476
17447
46793
16741
47055
923
65431
68914
42558
27982
67243
82561
53092
32176
76657
57294
2176
11726
23957
38989
87620
46442
70204
52264
6004
37289
69272
81065
66019
18229
68638
27309
48825
72303
18058
27534
73621
86913
24983
65882
87391
69511
47825
16887
49579
37456
17982
83388
25235
43065
48068
71416
55002
22536
18157
46474
32106
14383
7600
27089
13022
60681
66714
74747
3324
22521
60733
47364
67320
76750
1092
73674
62938
2271
78209
45132
27209
79933
27654
61062
34575
2818
89779
64828
38683
49207
56756
88613
20330
81648
9396
21836
25160
4834
82898
61184
15361
73429
59711
51682
15253
43543
75516
83055
44391
57329
51550
78594
21260
68987
69559
37680
84574
5841
68868
76760
32156
42942
21742
7845
64902
18544
56516
80409
13266
63032
865
89246
23841
33461
78992
16673
28774
25091
65544
50671
10346
56818
50219
50897
53242
26137
64884
14140
36546
7524
78969
12949
46814
26541
43498
88606
81973
62854
74502
76148
80374
43254
33356
10834
30060
58595
2091
43277
22835
6153
35331
30760
35487
60819
87450
49446
37074
77465
1175
50745
13852
29280
12726
58287
21967
87810
68576
47785
30390
74788
78767
22890
61610
55686
65817
23828
44449
85496
88479
55188
85347
10213
34254
13633
22759
84262
17367
60446
41872
8603
46041
37532
51413
76850
88327
71594
83929
78940
12136
50390
2850
30123
46818
2809
84918
89116
36118
60916
4743
88614
8882
59950
10142
22326
41267
88306
14880
80493
62457
50194
61075
22637
84900
5702
78999
33485
88319
42871
15420
57042
16203
6385
35699
51741
41687
29171
78149
52721
29530
5978
10645
2876
49668
16302
25605
16563
54073
50497
81780
20924
63911
69167
75378
3476
789
53230
28445
49877
14476
71574
62264
73007
74740
11200
41268
52834
5796
77096
27005
78567
8008
20890
34586
56133
16098
38916
64332
62186
2474
65647
65464
86762
10781
12540
20706
32404
78898
71935
48050
6335
61332
36320
9351
11319
35245
56824
46096
53022
34174
84840
38358
10692
18688
6375
22744
82425
33273
68717
48304
17374
84209
30144
4531
72469
11485
51968
89221
54509
66128
57154
74574
79026
27373
89278
33689
3199
12631
88415
25904
4897
18978
77747
48372
87854
11684
89961
36745
87040
84888
1870
23928
15899
23498
23616
20466
74410
33126
25063
2387
80519
3863
45043
81781
10968
6284
88504
22559
24806
82386
62764
8400
6932
6031
9204
45617
5196
69347
20615
22635
85809
42012
60983
14829
24869
609
56956
4276
48171
32704
33470
38180
38440
77389
48634
12274
76459
11919
79387
82551
15027
14754
34716
50858
19869
22454
14486
68647
78202
74552
49616
77334
1619
30572
46643
41971
60103
41904
16455
65356
38575
62486
929
86975
34437
30352
26008
13856
57387
46401
89871
29525
35457
25835
47239
50442
41817
34710
56392
57087
15554
70695
89075
78535
42926
26298
44300
59008
13714
42711
20736
44451
82973
64521
71970
42505
64720
29926
35961
37554
60430
33838
24029
3748
71893
4213
66769
85130
32972
46672
58654
49537
23383
79897
59978
76514
23473
72456
89842
30684
24652
56382
23056
15217
85755
6616
36457
13695
47571
59085
48677
88760
68409
86132
13039
15459
39562
34257
32398
89295
18393
61147
58041
22690
73449
77496
23888
87845
67001
52877
36335
56446
55715
61864
50838
49413
2486
47951
51817
50359
57341
58269
22098
87256
57408
70060
77932
1023
62179
87847
72794
8880
52433
14
11038
16365
76777
38873
31645
72936
49836
73426
2869
34296
76624
77876
68517
84593
12786
78497
83825
44334
63766
41499
86917
4456
85311
5076
59170
40783
36900
8483
32516
17644
66057
20226
44187
57733
85917
40242
86941
76233
43067
82211
55610
36967
73978
45138
3640
31627
31879
58472
85673
24351
16493
60699
55023
23858
20444
36482
74095
41279
45640
89665
39097
41865
82657
86976
5376
64532
78570
13667
18876
39604
68320
4848
9460
48909
47636
7960
21566
24858
42496
58342
58089
28744
14527
5025
67218
61992
60251
87204
89611
89790
58599
78863
44858
32124
88904
6661
65174
30797
32832
66712
40832
88101
30372
36500
4012
9173
88420
64992
70369
42726
18165
84552
18117
27794
29098
67069
72484
16443
65358
14855
17042
60154
26518
56909
28314
8884
63676
85888
63814
78367
30606
79454
44055
63166
21155
37926
71560
65161
87006
13478
36792
23320
48572
44354
86539
72653
34422
15192
61962
33506
23955
24821
19723
11481
30868
35805
10125
72518
85128
24430
63624
67431
47435
57095
74914
10691
88363
41452
62737
11709
8322
48365
14457
68154
66189
11326
45232
77550
83826
62250
63564
45535
67517
11682
21259
16474
19030
61806
71132
56999
4678
80353
24050
34523
16591
14303
23106
66634
57752
47818
80449
55283
24524
51879
52282
59126
49701
50630
12951
9490
41037
33002
84199
35313
75215
47606
31028
73011
8258
34107
3798
53747
25543
58869
29932
51980
80022
63765
69135
61288
39498
60028
78976
68437
74601
4344
88772
81635
17510
82919
38105
36756
19549
20963
59616
87721
63118
72155
80546
49239
24799
77661
49818
63354
16925
81558
83779
82303
85264
43756
67725
6903
58789
32328
72690
16021
47422
20502
18250
81872
45382
25111
70244
60596
40799
59078
62622
68580
27378
8889
37462
6364
23335
21399
38864
38203
82291
34550
87013
64033
61493
55910
84466
36701
25054
28230
72123
86560
22219
81289
68211
16274
65054
15811
47168
61293
83713
85729
69841
54931
80801
11927
33232
70132
77200
54361
34442
41806
69937
74724
89898
82568
58724
72716
48991
7303
45045
33455
83968
70088
57772
39569
60528
38716
4485
43366
34
31967
27742
24272
15006
5629
76917
87575
63155
47073
32572
17334
16100
20785
77252
4265
19676
2682
64233
64275
36196
11309
19329
52223
23129
35558
79080
36034
16487
79569
15970
15955
34516
50459
26051
78666
70701
82184
26081
17070
13952
70753
51518
13146
12639
75670
58009
7047
72319
14890
14891
60285
16320
81424
14241
89803
42739
76321
37478
89923
60975
48028
72145
57988
51743
30289
3125
70265
7908
67867
28271
49065
64572
22833
60687
37654
45779
11799
79304
33586
80549
37020
12850
36548
28758
11716
22158
57811
53312
25361
26423
31780
50449
20719
14793
41791
19519
72496
25551
73249
44499
44358
28377
40580
49539
60769
73889
49223
70584
5009
80211
79564
89263
55993
15359
54144
80516
31739
76539
54372
31577
54203
87211
41182
708
51495
2104
27484
9684
53916
58648
80495
21697
74941
11034
58567
44740
13984
11698
25334
63124
63386
81415
21475
85564
48733
44348
54622
70858
85833
79441
19490
73210
86719
37023
84619
84446
63833
56503
34186
24814
49628
55181
43011
28067
30281
21775
4160
11323
74603
85788
43633
67544
78002
77632
70899
80884
54297
58004
76954
22183
29618
78818
85158
4169
15114
60200
40651
38510
50028
53616
54499
81143
68185
73171
80384
65344
14196
78049
19814
70878
49925
68566
28279
2006
74251
39934
84573
23467
54915
86843
18433
37882
56391
62432
44873
90000
73875
15676
66207
66417
19821
61851
66168
59168
56645
20515
46001
22126
64809
81433
89671
25438
18480
34038
51304
7982
25474
74656
41783
38623
39512
16847
54993
76231
88706
24078
7425
42237
30406
67636
5404
3632
82718
71998
49584
69866
35014
61440
15809
6116
8741
54607
86984
57987
16731
78689
39344
83318
38375
63105
89401
59300
13735
27071
27734
1782
58091
51449
34344
3850
16124
73284
67571
87466
83992
19398
8406
15917
17160
21574
36377
19154
32960
75914
45321
6308
58357
69823
14994
71625
34354
58279
31562
72802
42411
79354
63286
19218
24040
19000
6519
84260
76801
75929
49632
19870
59640
25385
15106
9349
53724
64995
37746
15932
66649
50943
76681
40606
36494
17132
71709
80505
16737
33502
75732
82675
10011
69386
21707
10349
76845
85229
77837
15888
86442
62005
53109
17733
23933
25382
41119
30884
77421
79790
4600
65517
75442
9673
71322
3713
76863
55268
47673
36513
46353
30183
17519
29956
32287
17725
70850
21229
19163
69452
33826
38863
39721
79056
13979
75033
68705
56025
44614
66665
71947
26089
29162
41406
1791
984
80601
10351
32270
11355
53303
79951
13021
76434
47839
40039
72892
68574
12750
80318
63051
19978
51165
34890
9851
68167
42260
70134
88582
13250
13279
59190
72192
77262
70072
50466
4073
50447
67623
28829
58770
25534
47314
86107
46158
10381
15565
42784
22138
18628
34511
38763
31840
79720
81203
50040
56316
55361
18678
11949
61160
81277
76706
38210
5704
86378
84703
36011
14826
40369
64082
24638
19937
55663
56125
19538
63396
86233
69389
78257
2096
30923
3329
44255
65368
72909
39070
29636
48667
35005
35264
33417
73679
74835
73028
72005
18606
25485
65321
12406
16470
87254
16070
61259
73347
25726
83607
82901
51742
19119
13380
37192
37393
14456
40052
2602
54111
9249
28272
4545
61077
89388
73084
56286
51386
21576
81296
64485
28056
58804
63429
7244
26373
70256
75584
89745
20105
81529
48449
4583
39016
64162
80649
6315
1305
40849
74934
63250
21158
17292
32271
2408
53337
18397
15042
29059
5345
86705
72151
27335
14382
82754
22292
60096
80685
24791
87743
89242
3954
25146
62105
55150
4439
44168
16084
46086
82373
89733
61687
43117
14327
26450
24700
60116
16800
23900
68886
85726
48604
63783
85155
33605
23859
22668
44742
62203
48873
61334
59007
2256
47892
79403
64707
9879
22823
63454
27765
58771
24885
29581
61251
49142
35586
72901
67221
8476
84084
48569
59682
14369
60798
64056
47878
13030
43852
55297
15558
43840
57571
71280
22992
68959
18305
51222
49068
34469
85630
78805
52938
2801
30370
89359
65765
19523
47738
46296
42971
14449
26828
74351
38501
20669
45496
41827
430
75266
66035
79730
57474
80724
63796
14028
4404
64994
26818
15421
82290
24893
60119
66519
78154
925
65887
15704
48249
4473
89300
36903
30449
26926
59688
66084
73027
17502
37845
27873
88120
48903
71349
65866
67382
25779
47319
29821
27413
128
45949
59049
50496
72142
23286
43518
69993
87375
38496
26067
89805
46974
54128
51665
85193
57891
39792
65497
54415
12139
18212
68817
47128
49361
86489
3322
21905
75302
15534
19192
26662
16439
71693
31194
62141
31672
41522
64302
5627
52912
69018
15938
57759
58151
33129
27720
66802
17203
76193
34069
76145
40555
60433
62228
28546
59505
73403
47410
34831
64973
87275
16423
81206
61183
59878
2794
16379
71588
85963
72480
57643
14106
22406
63940
12663
27839
81847
76206
83590
5930
78268
38896
73531
88268
178
52189
29372
47931
72545
24380
51878
86142
79800
15080
37501
87499
56811
21402
48809
27135
57710
60723
9925
57493
70366
6378
16579
29837
11901
34663
41630
87889
82671
29052
19681
34277
30175
15697
56654
84665
77914
76090
5840
62553
34143
47803
54190
82052
48284
12141
85625
27368
84654
76215
70736
22327
8036
8765
54709
67186
14155
57492
69745
40705
76003
65467
20917
76425
29138
7910
47380
9426
76287
52486
37935
17523
43357
20433
23278
5363
72910
66491
12306
49921
20554
83067
40016
89769
297
7167
27218
9238
1530
38932
82341
7429
26059
15432
19288
64665
75009
87891
536
48835
34307
8178
2913
79695
34456
23144
77040
72334
32276
19515
57670
43410
86183
7260
69058
15846
82648
13777
3422
72617
48433
47132
39162
78227
23596
59560
42320
82665
14751
6796
50034
67648
85957
46315
74186
31188
12861
39784
47327
15793
26797
32600
14342
43204
46602
69351
45455
88717
30897
55869
39793
48387
30151
58845
11812
40534
46710
67084
82442
56796
35957
44271
37191
33749
22849
58322
16272
40326
70779
89830
13904
79107
29104
23927
55931
77556
86288
54225
6668
72625
10580
19607
41357
46738
56173
27348
34108
34678
65496
50355
80832
76720
82598
76260
32330
68567
26947
24284
28156
70991
17099
28408
61933
40062
71945
12469
82908
55850
57677
70394
35480
46385
54964
10468
49845
54714
76757
68624
77269
9194
58328
37298
43826
25786
60179
80638
334
11635
80753
38546
68855
46668
25310
55206
16995
34608
12211
75303
74992
70820
25641
49980
29019
35482
15393
25820
39319
45577
8907
316
18153
43903
42762
85352
69520
74443
18497
49607
19579
30264
49782
85859
85715
12809
32902
83931
68918
38859
71103
60694
32781
14439
80161
42847
54137
45098
10881
89856
60178
19653
69616
89397
40421
42213
15203
60244
89907
54950
47641
68862
43604
32308
68208
82082
79796
25866
78009
67602
60199
50089
50628
57068
67743
1115
89036
28514
11006
72091
13706
28878
14738
55266
17795
30178
53595
32900
44197
63924
73850
77064
10518
22573
12292
56583
62371
2309
87610
69827
10923
16624
16464
42955
80010
26632
64132
19745
9461
1892
60542
49525
86947
8093
57817
19207
83730
88863
14617
17060
79183
36349
8707
7911
34212
13177
35439
14567
12108
63333
33805
64110
47669
63907
12215
5590
49554
10339
2042
53101
63875
87222
77651
62587
830
38415
37941
80522
76677
45989
16208
72161
18947
68843
83736
46467
52456
89948
74184
24690
20014
66515
55037
68897
40156
46992
40004
41610
78968
21252
2945
14115
66569
5207
52801
77715
73482
70675
47145
62936
27133
32737
80970
77201
81697
31791
68284
82520
62777
49280
36830
7923
74754
54425
62261
962
73049
2085
29331
80871
49929
22140
28535
80154
89004
80610
82922
27140
7110
82667
12599
75825
11117
65272
33405
31503
35038
50054
26199
18592
35845
68788
28882
16973
89445
42502
69792
21517
43639
27782
60324
18553
3491
362
80942
8164
40522
25992
13536
34711
69116
13541
31590
83765
40780
9680
80189
82911
29716
73166
6738
16856
1352
25670
83281
26358
74628
45870
7934
57491
82162
10924
21341
31032
30036
41518
44998
48568
79648
17917
26455
11204
54426
41978
52874
2935
83379
88191
23362
70735
20198
37866
31258
28696
1793
6440
40441
60060
11394
49140
60160
12174
55408
77926
68312
44007
59020
84335
22341
87935
59317
56015
8484
75465
12313
12064
15556
62648
1848
38376
35054
45802
80024
54304
5489
44030
52729
48064
88527
51393
72386
73818
31980
56289
2360
21436
37166
72060
49019
34592
36822
2255
56774
18457
56500
7749
50222
20680
34109
29818
77520
10807
83372
82390
11285
85320
56842
58253
43006
73751
35628
14373
57651
76848
27214
69258
65338
14900
46969
24001
89447
45114
59015
89754
24974
64737
27871
69560
47063
1075
30031
66629
72968
82508
44209
57998
84077
39007
28954
46251
22808
62013
37572
23683
48829
74036
30865
72313
22885
21942
22639
89259
56996
52214
65711
2646
35701
89922
61830
35814
41105
3337
82770
41592
38219
46856
13005
24015
34939
79089
69174
17318
18744
20605
26079
37655
48538
36046
49016
77125
85702
72306
54881
61031
81421
73376
72061
59083
14022
74633
36850
82135
86096
68783
21301
79348
37092
87409
38857
38650
4478
86796
70096
67424
35424
18295
53430
22164
57796
68981
14393
1071
16780
7630
73785
23207
56852
29555
67549
15228
40824
48980
73706
28162
60678
65204
55377
37594
8447
35911
58381
15472
39442
61052
82194
22517
49199
30869
41255
40482
34992
46578
19442
21412
74425
16787
18577
81842
80989
13443
12798
66397
30177
5831
22130
74173
73532
18563
15719
46600
7463
70703
42708
18409
57689
64028
24199
3345
48311
19911
75588
30276
81097
1002
46596
63008
57672
57048
34028
33366
82850
54196
30638
82804
24053
46177
53813
79602
7571
51248
43152
31684
51223
73640
49079
52706
44537
67402
17853
84034
32840
40576
60015
23349
18368
56960
3474
8328
44986
17823
71149
55695
50213
62651
83004
24025
70272
67750
6324
71453
70525
33678
35595
25651
84523
68692
54975
35667
65474
47295
18478
66525
53086
40790
4786
85623
31628
1959
27086
16161
60897
25170
80842
39236
48836
78956
84958
16297
84000
39490
57845
15687
86366
72140
67176
80961
67597
9826
2008
56721
85919
81893
16968
24146
76898
5668
14011
24452
26416
70488
77451
65603
53908
88401
23325
36861
1641
47045
57607
25244
10314
50024
21768
34128
4197
868
19183
81285
39197
66848
86177
42578
58881
22534
67198
57101
2409
29864
22555
24091
37089
83619
67208
30825
495
26561
56299
76858
30338
72461
36273
70564
32231
40393
50874
8971
23451
79038
32114
77711
66591
8167
72460
11518
70832
75290
77028
71499
88072
71687
78188
22373
45499
37309
34497
37835
71040
55334
43252
11334
74355
12380
6621
74815
30669
82857
41201
33408
57674
87689
16987
30635
7798
36983
67293
5798
19372
24709
89714
85790
53546
37940
49077
12932
10167
62384
11318
38578
23978
3178
54347
39536
75488
30965
60557
33008
12048
41087
72680
22670
37902
74390
54974
46372
19912
85936
47219
45905
6814
53811
49250
57304
32563
38508
21664
57698
6204
81890
34905
33785
45364
73761
46954
70229
50594
49253
25803
37569
31720
78414
20315
82031
46398
60788
8415
71195
7287
48808
70004
40760
86753
34918
39883
1705
21769
5827
70981
19609
42615
41108
55929
2395
13102
74971
52799
38626
77687
75788
57754
33051
67360
14430
19777
13964
16338
1549
52548
33202
49203
25854
21408
16599
88483
48477
26529
59685
39196
25192
50906
20449
12228
11747
76098
38052
26026
38235
45718
6969
24666
75435
71918
35531
42652
85468
75349
54310
5301
87070
58122
36429
38494
8268
55219
33133
16650
30359
11953
8254
75114
78216
80572
68445
72902
18600
86247
25535
29727
86772
19391
52445
37976
35401
72538
29706
40093
13998
80415
80917
58095
33717
82096
26549
33829
38922
33096
74562
14243
67404
48717
34517
85271
70171
63962
23101
42046
74016
63633
35963
6551
81688
37018
86554
38460
51146
33183
77800
32245
48095
84374
86391
64433
55087
55414
37141
66826
58527
42557
65997
37416
71732
22654
47068
28321
43530
4455
89332
75190
4698
5887
83525
18369
18000
65490
26707
46871
42806
81862
23772
27027
56292
56923
27567
63549
48105
73675
9936
11852
48228
54169
647
45510
59130
77435
80821
69779
11908
56570
61078
65445
63586
39309
40064
34518
6397
18726
76017
36719
20206
2733
36527
3086
50599
10950
31282
53973
79306
21534
11468
45796
32804
16993
18268
7443
52915
6950
13521
75805
64115
71493
65715
74813
15734
28673
73909
35598
48476
11935
23181
8013
59335
36891
86518
19040
56875
89844
311
12529
33931
199
31694
81183
1997
15989
71269
68261
61790
3613
22185
78649
28288
3928
28078
63966
17376
72224
80927
27509
14043
26181
41060
43961
54161
52272
32608
82316
49714
83023
35132
44975
71771
31185
45060
82091
523
28421
76360
67902
18187
61762
75004
69714
27894
60543
16642
44960
76697
3203
59086
41775
83311
44385
70854
11821
79588
45806
21949
11337
71443
85807
51272
17631
34898
59493
1027
47725
20953
41998
72112
79455
87904
77884
51536
52731
47831
35089
48570
64903
62359
52229
19035
61814
88626
77794
79523
70303
69657
89429
39037
57261
54260
37879
77875
41032
15820
37714
81356
83916
17904
41655
39841
30412
52897
5911
58060
78668
53798
89908
22284
38360
14086
66971
22440
12520
32650
49972
68720
49739
71899
27758
54300
58991
15983
74571
13334
34428
8856
51297
42994
57402
1474
2851
35826
28134
34771
7320
69440
10315
29241
28793
60639
69737
54047
80312
81996
42900
58462
1248
29494
25107
65089
35296
56179
67106
57920
18168
29402
31924
10330
4962
39204
7787
55242
35986
5102
74778
67997
76950
59882
14635
66904
12325
55737
59347
8559
52261
30633
487
19832
46448
38767
20678
35964
23775
45645
20529
68610
25695
1613
59771
72886
59102
46878
18395
982
27777
81982
66147
62660
14319
49000
83768
110
43114
70727
19380
62188
68724
17088
29251
70668
6885
67934
16739
48660
82721
61927
24742
84783
49287
33357
66684
27137
48759
51264
59045
84944
5749
61516
15973
35691
46191
84613
42665
80482
41525
23691
755
79930
26783
43877
44813
66305
77138
8898
10169
75476
60857
62181
74071
45944
51728
17807
58612
872
23860
11587
77409
55775
34140
16762
6812
13861
25577
66131
89418
87271
12153
295
34262
41627
2899
18382
37803
54311
58316
37994
15189
17105
17579
73129
37611
80580
39094
66083
71273
66393
29637
54025
528
41441
12961
51808
36881
49426
15851
46342
64480
29921
701
65291
37464
5442
34910
81661
48448
15757
85208
21955
19475
46414
63203
34837
7180
30636
57440
58774
71456
16048
713
88140
22054
30741
84873
51065
72378
17963
82976
55692
39326
48434
67712
25233
48565
28538
41136
87007
3647
44112
28978
79722
76582
89912
19772
58343
45912
42486
17724
80330
40308
81602
36038
7731
65500
20180
61915
7381
73128
9027
64183
84171
48788
23460
42358
60773
14047
69219
85512
49346
37142
78203
7959
36304
71339
63823
41968
25429
21493
56134
41832
23091
18384
46740
75901
56863
14681
42634
76146
12000
34377
21249
83500
66646
74606
81696
14806
9267
8946
47184
1631
74939
65630
26803
45324
15823
36178
66087
83836
24459
12224
59885
32378
15499
49387
52379
13689
39727
33164
7139
26095
1725
12638
61396
70812
56073
138
74583
53252
34167
17636
26792
3936
74144
87832
86934
55594
28840
66500
35320
974
51021
29396
28797
24069
43169
18668
66593
11365
87600
20485
48559
3972
78468
37750
63495
74248
24086
7433
28351
9218
33493
75159
80960
10884
77045
45771
55303
29799
58923
45939
75806
84425
75854
18232
35726
89712
51434
47755
82364
14658
46497
2971
2070
31568
40186
79453
14560
31335
44251
31025
53408
21716
16427
77032
2082
71090
16866
45927
27641
26862
22175
20071
66342
66570
37995
86697
35879
50397
12438
4839
5423
39257
50190
41498
82170
63965
85332
18913
5230
28146
88358
65134
75990
82741
65171
17854
76596
52220
20111
49835
5734
13013
81292
66105
68989
76762
33557
9923
54522
79744
16814
50631
59507
45061
81902
32313
84750
42752
62411
65330
80995
56196
87453
31471
36275
72133
62995
76739
8329
83871
28561
72281
79128
23586
48388
33869
29848
10407
33490
22955
40283
33518
12959
53545
59562
82277
16521
85148
47170
89534
5111
37075
81518
73379
13000
26303
563
87955
71079
25853
10201
86833
40304
57153
57195
35568
7791
81412
73327
83567
2658
51358
23793
84316
43614
45255
8457
33042
10653
62605
51445
70892
21257
22472
57419
61542
34449
10355
6218
74685
85282
24580
84928
21298
54456
35983
68639
32554
19679
79321
2915
23919
9946
35580
25537
67704
20084
35500
52885
56919
9310
49860
1585
42610
26148
15125
62064
37055
70718
58660
19213
64069
11137
48614
83364
40608
54082
80844
56250
59006
19081
34097
3749
15975
69448
67038
36732
71703
49397
8190
22944
6344
66015
65698
78881
86616
68802
75750
5721
7739
81369
45738
10989
70556
74293
40346
34500
1062
80199
78691
33639
17516
53018
63264
79879
9509
89612
40140
76658
46274
46912
24693
35355
74382
76153
30972
8672
4864
41666
28940
41440
33361
70590
70555
58215
54895
46652
86912
25815
34689
56836
58677
31234
74594
6261
21979
47331
36648
64234
81837
21501
20165
50090
43911
18591
89917
82749
79738
75453
16088
26142
38379
86648
29701
70358
15710
25619
53519
50851
46072
38807
54747
2535
55912
79649
4630
75438
48297
51315
31880
24698
76323
5314
8799
46594
74169
42819
85206
9545
3870
66979
54337
87495
58109
49592
11407
53009
2385
49421
33839
4653
37027
35972
7566
10846
85470
75534
56085
47209
82699
35027
32935
26029
85431
19802
86058
5713
18994
36939
31871
41074
47499
631
38996
54266
13055
81618
78500
10046
21222
1551
62478
43648
43293
11059
89548
9276
35085
85400
14487
25344
51070
37920
29357
40375
38073
55355
69817
42447
29973
15724
5156
38366
17352
17664
89777
81085
35916
48776
17907
57024
11069
17800
87698
24636
84698
33411
10993
48439
35738
45702
52406
87670
17255
2289
27270
13429
31244
82868
38281
34306
41718
11250
63998
86358
62407
37784
66657
44448
24515
49721
64370
22323
50837
30045
33827
74477
55052
67361
81238
39213
12140
37536
67071
73196
13084
72685
10429
43507
2751
65264
18691
1950
89575
53767
41285
881
65094
51317
5172
37666
635
48540
1752
29546
24969
61928
63120
58522
68174
64802
31329
7384
88482
3480
52923
19822
63013
83258
48261
64673
43161
25814
22313
71491
50132
37930
58642
21014
25504
14690
35750
48100
12940
75432
35202
59443
48233
3958
52712
37516
13715
76628
87745
54928
62672
75562
79904
9371
21923
18079
11603
52006
35259
44402
35455
13906
72396
35654
15662
52716
933
39805
28605
65925
53010
83034
49962
7580
15379
42799
13832
28752
43729
83426
78370
34408
9782
50701
38296
6542
38268
37470
82902
89051
69660
52826
76314
88053
2630
63937
1015
54267
29053
1123
75759
56459
1344
22674
14208
87595
39281
2735
6238
82729
39
45599
56663
24934
9647
8056
82428
81175
8740
55582
80911
69114
43922
6059
80991
6482
54152
68756
85698
71758
24103
79295
37407
53565
53835
78946
76070
48049
89795
33173
21472
18713
86580
27790
4819
54983
76939
29782
45059
15825
55316
70045
89416
40842
81265
16419
18150
49849
54752
2089
52893
34339
7851
25095
42591
80427
11735
81709
3135
76794
27968
69581
47349
40411
13294
60945
58374
14649
2766
32897
10627
51200
8527
69618
61920
11966
61022
4931
38275
89328
62564
7977
12827
48970
9507
87860
74290
83846
67987
71843
28806
51091
14554
76243
40119
27149
57903
13702
38721
68586
24023
3874
29028
26527
72076
61463
45815
27536
55960
25521
79066
37751
74728
41244
12288
28296
66732
30586
55231
14386
85844
5021
19750
58092
71182
8245
64849
68555
72805
86752
36089
64765
10168
41755
70406
54997
7366
57618
72439
70234
51020
85140
37951
52747
36835
57909
85191
19435
28012
40646
33401
45657
22339
2456
42332
59355
73743
89592
9268
9397
81887
20246
5046
44961
19447
51689
36501
65615
16129
26080
3218
20376
4588
59606
88650
88577
47459
75571
3633
26479
79851
49915
79511
14015
24018
61623
12445
75625
69531
14924
25617
36630
63162
4663
56680
20619
33315
66392
54214
17792
38057
2046
75483
13508
25256
84674
33612
48933
75253
87906
46777
21417
10551
68776
42066
32309
64400
2510
33413
26486
3548
81114
69529
77
85792
46334
55171
25783
50467
37377
12715
32875
15915
86660
44671
59389
9481
9663
21589
46340
73328
9061
32952
12912
50260
7839
10065
9776
32953
39237
75472
81507
66443
74568
32228
32292
66024
70067
76167
9420
35806
36150
18838
74900
45490
69632
64473
84708
19752
62866
17440
81490
55752
6549
74298
50643
4487
42812
70216
34537
24241
34237
82433
4006
55329
86257
84259
38661
48507
53692
26679
67258
50975
68804
14988
65874
88627
30512
34997
82743
71715
82188
53841
89016
39869
11621
86113
46915
23693
33334
78949
34642
33990
51282
54910
61032
41864
60075
9947
88396
51203
80242
75819
2701
22189
77679
28478
33359
4721
31306
16037
9294
83385
65170
37069
57598
78801
87795
77115
81104
75153
61532
56504
72331
13338
33742
85266
59602
24517
5552
58532
86352
49291
62951
75328
53297
33771
83376
24648
85761
18388
24669
81859
16153
52709
5580
2910
81866
11422
68849
83029
72925
89462
41583
77375
87267
18605
52599
53275
64185
47353
61919
44549
53867
68163
73800
19362
70491
41816
87072
34368
69795
42379
29514
4628
38023
57190
71556
60645
64624
33513
7288
28460
18237
7077
43041
40370
60778
8390
26961
26128
34387
87896
68025
49574
10507
8253
45726
49412
15887
25198
27891
36299
10742
15926
19358
81159
55658
31250
87052
408
50681
65151
70763
56685
77580
27331
51325
8713
41582
68501
36362
16038
75242
57900
259
8894
74510
19103
74107
44256
42168
76569
26782
10522
67724
1256
37587
88416
31178
62163
4278
60415
19670
8099
19020
29691
12594
3162
68059
28730
65875
76192
72218
40674
12284
6753
38878
42467
14702
60575
46946
57308
14579
44365
27351
29428
43658
13444
45116
40589
1788
61639
81484
66686
65864
9555
55665
46606
76503
36921
51446
1156
50502
38249
66227
67417
67207
12758
79266
67075
76585
12461
59179
73352
86880
24312
79081
47884
10022
47661
67228
77257
83734
1475
5982
26176
52209
43286
47400
33162
13506
66297
23645
7449
5984
87544
63996
89013
4781
17715
66944
63552
27737
16748
44563
45594
29495
4206
10763
36743
84816
49993
42728
17766
80015
2015
31345
68067
12800
14693
86090
24781
37457
44150
38921
87748
47084
20109
87024
15695
13755
64270
83519
82061
59341
3520
29683
69302
67909
31643
27015
24297
38033
51683
32594
60215
79224
40466
53556
15132
86477
42163
83097
50756
55132
53146
17840
12981
10675
76874
72014
32966
24902
2388
48063
61829
70583
73274
57888
70439
54204
25313
22565
61873
12341
57830
22114
33808
85059
66079
87244
69633
57050
67278
39052
30734
22797
8726
34797
15650
88021
85542
4553
20108
86507
578
72045
3642
53576
68858
65855
16801
28065
37767
42497
58715
56771
76799
68473
88722
85429
85505
57705
41001
40943
29130
18355
47958
14549
9992
2097
16348
66153
41858
86161
62314
87428
87924
29400
56614
76444
51917
89067
63580
67282
4710
25231
3710
35903
26901
89170
62002
5045
39705
63210
65924
81441
8219
44977
66702
6807
11383
51650
78165
76128
22109
63016
60959
13332
81771
74055
12335
70106
22094
5459
12867
5389
84869
26885
38310
17220
6920
17628
24073
53398
62446
10663
7146
35858
87444
19976
74384
12124
75337
14462
938
19998
62613
11155
21077
16576
85543
21350
7218
7030
68239
24611
53185
7192
82716
7253
26615
47597
14895
52226
30148
17997
27033
10678
65649
24422
20720
81257
41482
14550
24717
65131
76312
76476
83869
12276
34333
89817
73544
41450
63638
45006
44138
35175
71144
39403
6051
69695
9906
12839
59692
1689
64123
50049
10801
22541
25083
27215
89550
67764
8203
2495
8371
48936
17335
60291
19658
70509
26786
14206
41551
5581
7720
54712
85275
77246
14037
44205
65239
69391
78294
250
27410
55788
70227
3793
29403
8439
6868
58175
69598
14707
8423
4923
74761
10581
19366
21880
64032
27549
84039
77802
18674
69653
20573
1130
64668
20901
22540
84298
61659
87241
16271
60149
60319
3038
25418
41271
34988
10074
79664
3144
80406
10497
24688
36523
17849
79816
31759
13323
41147
360
65733
54899
10981
28250
62046
47340
66419
41282
81926
50517
52797
88746
27389
8979
1795
20228
58402
41391
2142
69694
87536
53923
84545
47578
42534
76879
23290
3532
1003
70579
89078
44756
81269
25179
43590
63050
38955
422
73133
51953
49799
39014
20290
77767
17760
80792
3192
71641
89357
35820
59051
1097
20408
1043
48327
77455
35601
41421
41620
5050
20331
77144
71482
70805
66775
84540
47112
31040
22002
54850
44865
45126
9640
80548
71864
6780
19273
51544
15317
80745
68033
31287
26325
69812
44958
72662
2782
29584
87438
36240
74579
34661
7302
69495
17722
82599
27168
20746
51347
84531
27939
69925
26544
68693
88458
36037
12044
13610
79681
46839
41176
43708
18538
31687
24813
59731
77287
41609
65035
87954
59940
30975
12373
24826
24550
7912
79754
50053
69068
30236
16067
74317
3660
8498
73372
33005
43945
15115
50059
11808
8525
16059
36245
14165
28939
121
21248
5424
12282
44655
67693
72032
7378
86416
44584
47979
88155
46425
86158
46166
41949
20479
65379
1253
4828
46201
89243
81205
32334
80102
44713
39608
7231
63185
43525
65220
74645
319
18751
85499
64007
81219
53370
7113
10656
28404
21989
77173
9848
41486
35749
38558
36437
10079
66145
10384
36145
89485
13910
1952
63666
78305
49791
36439
43541
17947
35032
61101
5777
42712
11378
42556
4050
68578
79047
57696
77136
15936
47696
79820
4492
38909
24278
52500
7926
835
4919
78080
20270
12652
45693
80229
54637
18883
10712
28348
87971
74359
37697
42720
1345
19839
10930
47218
25665
78332
36161
35627
28417
3466
7469
51785
6358
12732
34977
35315
85540
75073
30747
8266
20225
47289
1141
70240
78745
82178
32867
51007
83805
66675
86006
89315
4309
15869
24615
72555
74950
38373
42551
82961
82025
79312
6192
7208
65908
25847
71822
34844
3995
19160
34247
70773
71037
33477
62349
69513
6017
38264
80435
21054
34928
53424
28411
27589
51632
6495
70
29717
87160
44929
53393
76290
39707
58659
20158
71026
73753
43914
53450
25098
38442
24575
76427
78427
76442
7016
44902
13491
46073
24423
11868
15891
22912
16571
77391
69
85551
36472
59476
81665
50842
51767
14126
89250
12578
35783
50337
45947
83208
43663
50081
13704
55615
83961
53559
57428
30488
24621
14455
51966
86323
75123
37560
68505
45972
26824
78186
25005
43722
79135
16746
77084
80932
30949
57145
76967
20893
16238
59723
12349
50204
40620
85772
75335
73772
23681
57138
72019
43092
64476
30477
74191
28360
2403
32208
65546
57800
21856
40195
7478
76802
62295
24808
55829
72793
85719
44156
41992
58285
4748
38465
33642
53100
4450
62822
64610
42439
61512
84828
86305
22982
51861
9560
72052
7962
43398
21673
6831
87061
31990
60161
6585
61245
24148
33849
1723
87461
19332
24373
79382
77546
54765
75493
82800
771
58686
11570
40568
23970
52260
73109
75092
1056
38929
19894
35553
13010
46064
9412
40776
84491
38229
47103
31403
33956
83595
17533
75877
36916
79785
57952
8257
23344
53850
9226
69975
15777
42741
29672
44166
71706
77663
40086
60756
1797
13112
17901
63102
62713
15161
48926
35681
13705
89031
16482
89102
65671
19837
74925
13482
80694
40279
8620
17629
59114
80281
29978
15428
29800
38794
64719
57457
86526
40102
41500
19065
71215
33472
51270
15824
22492
49040
12020
3031
37476
42364
73793
84292
52034
38354
80238
59491
79184
41124
55660
31795
51115
86040
77920
58738
30147
60392
36028
48186
15570
29504
8610
43675
44076
56672
42469
65117
38917
16838
58302
18968
43239
74316
36585
13504
56584
72417
80367
64808
57012
29103
22081
68667
44247
36268
48344
26974
10569
73622
18815
15586
26571
59159
51505
42094
25026
9119
18411
23729
49442
69265
54017
47420
28346
65197
27655
82495
21971
82728
41025
28206
39639
88649
15412
29086
45368
57241
5897
43642
50666
89719
66166
13178
77642
45134
12182
87668
6298
72726
2904
80626
38190
2210
69980
5023
76078
68107
59517
84172
53623
9835
66170
2161
6697
32429
44222
82197
83561
29190
87565
17985
48457
84895
29178
43531
73763
23189
87213
12280
59577
17577
68184
26340
28737
39801
87223
3907
6486
26872
34527
87790
88105
64066
82233
78175
58134
74005
82002
85681
68466
29426
83149
16615
79023
69471
50268
54015
13200
24541
57205
74590
26338
50702
27130
69099
18021
22401
25471
72208
68763
12923
71593
38739
89433
81827
17857
45997
54219
48325
41819
25581
29967
76387
71312
74254
36876
47769
31008
63341
46924
13405
86203
47591
16371
68513
66561
71896
37619
17024
64896
24673
1480
51370
15548
65879
20300
68922
37753
1741
28480
87730
64552
45222
2924
31787
79103
39955
16029
82281
65599
79880
12417
63534
13291
62500
81004
51919
64330
3313
26335
74111
37493
18801
88471
62104
43918
61218
27795
14963
61709
19112
73569
43654
67242
21043
3616
36538
70880
16079
37985
23210
78114
9409
43217
69864
6926
14334
68611
363
54403
67086
79150
56116
26149
23050
79838
10487
86815
51414
41301
62763
45977
31017
74478
74412
86847
16166
85328
21624
26154
47964
16910
80304
50207
86420
15195
15019
43942
25028
9110
19416
7519
16712
16661
8218
81485
50269
10164
73536
48483
28101
43987
13103
45935
50966
47150
49350
63985
35955
28027
10802
40793
25278
45732
69094
53983
89662
54854
28560
45735
50385
53427
18585
48078
28796
47559
75671
55251
35508
31426
89851
61883
82549
34866
73102
44690
22566
46673
9444
50747
17401
6699
73031
84550
78146
44954
18706
23534
79827
72340
36934
60359
44572
3071
6744
67607
9812
23089
86795
51337
22933
68219
23816
52568
41143
11904
74273
75558
72663
86675
85699
63744
13382
56399
53970
6992
17487
62066
19610
7941
4641
67898
89223
82063
27479
9830
79775
72475
41558
68334
73910
53741
43393
14776
36426
8461
89536
67435
87355
49120
85039
86454
61710
17553
66054
85254
44717
4233
21540
1063
29979
85929
63223
14354
86124
18931
83589
2916
81423
22519
14426
32790
5868
58483
21467
61327
28918
74037
53640
22571
5321
65900
30837
61402
17983
57446
62694
10755
56630
31337
87303
15933
50168
34152
72562
89810
58800
60461
31271
12038
51823
15913
80661
17829
51694
44128
31323
23343
75541
57030
52694
15935
74657
58292
13012
55983
17051
46850
53696
82833
24089
14849
88148
25676
6764
57320
11704
12501
15354
74921
38192
78230
27337
15403
41183
44878
87332
18344
17870
49834
66846
4631
64271
6749
25610
72318
7479
53126
7957
51135
38875
67967
11179
65585
51368
39976
8225
6179
9183
76359
7374
21070
24800
50739
1147
67062
75978
56271
19979
6566
34158
88382
48562
75675
31414
6525
82711
2140
7348
86777
53886
57823
78647
6532
57230
26888
28287
67641
58293
9621
42288
23993
89590
22458
45612
5495
57293
17337
28475
57092
5820
11081
52763
11671
60784
5655
14951
53439
89943
39459
56918
37942
78289
68762
36008
64511
63137
6604
73153
31172
28541
12521
50346
53946
2369
88996
34859
37559
15093
15414
86823
27363
50125
49443
10727
81510
72512
44722
53685
30434
88587
64939
56837
42950
37409
35198
48399
87114
13795
24119
79065
13718
52888
87440
12354
87423
38212
57859
77088
4236
15398
26170
22014
72689
54092
70913
41419
33460
84216
69447
13410
43927
15857
14192
38804
49771
9015
50903
31893
44646
73442
2093
23283
16515
35344
78631
7954
13606
13898
51038
47455
4315
51874
71525
85930
67115
27
29538
23736
3813
4029
41828
24725
81540
75880
82651
2593
82253
35981
32782
20020
70191
35684
32686
50371
2280
54564
64415
2571
81995
4941
43302
26734
86769
47954
16962
56065
55287
50155
45048
73514
9486
72079
17317
77515
28072
49475
38614
9852
87432
12772
10208
21780
7417
40287
50655
36063
35323
42630
69289
3465
11049
88126
80979
48707
72669
77843
2131
38202
11580
87615
57940
75355
62216
49708
22356
54479
84956
17532
10839
40075
80862
25234
75815
62103
81644
52868
21310
58281
72796
57936
48636
32886
75741
55391
57014
17056
22898
73890
57448
52844
63917
74861
12975
32988
27739
64671
1913
33188
25092
49769
46870
19341
9693
87796
59918
26473
78774
47582
1426
8189
6212
21360
67545
36465
4951
27855
22655
66068
87547
70246
79982
14097
18541
71707
35083
50393
3756
9097
31646
70853
46438
85776
16617
60131
19981
37059
2071
77503
45837
7639
48706
49867
76969
60396
42716
59028
66094
21688
79418
8228
36459
69426
28130
30610
59236
66892
77019
13064
38978
16718
50193
41404
88429
10145
71206
57885
30670
48352
6420
35923
21178
4119
23733
8294
52555
72531
7829
4669
9221
18203
5497
4424
43098
51556
43870
50427
12377
73181
33983
54146
46338
33630
32141
58221
17592
74906
37388
78868
58541
49928
19934
11178
71650
88568
75783
4436
58437
77383
65856
4847
42221
143
30901
34752
24880
47525
13110
34766
25849
48840
47315
62773
80433
71719
79567
37063
6869
63963
55965
26251
16526
45598
10107
21929
44743
36083
34984
79920
82400
53386
80382
58378
7017
34496
68875
62425
45620
3505
31515
34598
39539
76038
35620
5136
70141
41578
12924
45456
10034
64518
46861
60611
87766
928
72049
21421
9367
29079
58126
73780
9322
76463
53612
57328
38439
79328
40497
28688
65782
45892
66557
7867
11552
21903
47524
79101
13662
82487
14451
3195
73912
28773
75027
81001
84641
79393
38055
27880
16647
63879
83686
16054
14318
25284
76441
4174
30807
37719
37625
62071
46543
78504
79445
78747
56641
41785
68704
68648
13578
52119
1917
27618
72616
31292
30683
66962
23446
35380
31093
59842
81360
63572
30597
69589
84238
41192
41061
40993
66163
47204
60821
61651
60331
20794
7716
58884
12410
32361
43825
19098
21287
4494
80840
21710
73872
78024
58282
39521
46170
39313
29323
54039
11828
60005
24155
42456
18125
76336
4794
79296
37257
85856
34583
5383
25540
57224
67473
23478
12511
48074
44816
73742
56470
68426
83339
6390
26994
64900
18722
76130
74789
21763
71284
57291
10243
73648
20132
72871
46780
68439
35333
1196
7137
66136
62092
11292
82072
43695
82153
44043
39314
38897
32310
70185
58986
47182
12958
85380
8298
27709
31106
17179
81646
37844
68838
70851
31741
2616
23417
84681
78458
82851
48090
22754
39844
1897
22950
59464
36108
29209
74338
27690
20145
85313
53866
271
61658
64928
30191
55260
77239
54882
7697
32512
48152
28571
15644
69767
69757
36452
80561
25007
31222
57303
59975
49813
13939
41514
61655
80735
88894
69169
18205
7964
54440
47241
85331
20688
27835
24077
55457
44022
42925
76393
16351
53051
26720
20287
10436
52791
23218
83832
7545
73257
24185
70278
42113
15782
66739
43135
23737
56016
68562
19297
74982
32760
74084
45465
61942
34031
46124
55805
77650
28909
89821
78539
88387
20157
28952
78204
6981
54814
24941
85721
17073
85945
36386
39146
53169
27644
26841
74441
34715
62843
59343
53107
7086
81836
88515
51412
73723
12881
16949
10779
70712
77714
75928
5720
10880
39699
65595
29286
12901
56867
55319
69583
84304
17991
88056
57629
89584
33715
63972
25941
66779
50925
63805
49596
55616
75374
26805
63297
26274
5066
87509
51512
27621
17100
54635
42844
53825
3609
53176
51611
15979
4125
76598
35801
74028
57511
16239
14346
11566
52768
64848
50403
36359
59650
84115
49392
64263
5773
30716
69702
52318
58999
1255
56551
63325
23818
5116
47484
9945
75904
16375
80904
65783
75864
16798
48361
86861
5656
77012
40293
53047
89270
72863
18398
73821
31298
42116
71069
66607
71110
2989
29780
13840
47105
15079
8378
70834
51361
77482
6968
69361
65276
52656
39548
74136
86409
85736
25169
59485
37148
19659
39496
38197
5696
22011
36093
7623
52135
34209
84572
12071
6330
44506
64449
16894
11129
41697
26035
76881
57413
85678
21975
26749
68947
21142
69895
7789
49134
31290
60764
53953
36567
55821
72024
29832
86786
61341
49854
68852
21514
29588
77770
84673
36264
3921
46318
74333
34815
62481
49487
38096
26482
55302
29996
6173
89690
53568
31175
73394
83369
82307
69619
69189
30756
87417
16824
67275
73993
19084
22230
850
70308
1542
17237
77628
38464
74860
30546
52334
45290
33658
80972
51475
79595
88652
75161
47483
68895
69462
17404
87410
3020
55468
55722
45292
20879
87886
50142
17394
70270
74426
26033
22689
44844
45282
20516
64012
70917
58635
16662
30617
1728
55160
49319
84876
81226
7066
36123
74020
54653
4784
17268
31892
75396
80939
201
61539
1757
84579
68653
41405
32850
34856
28720
55760
14622
88157
62516
73476
76498
4407
71766
26153
9241
51218
32419
21805
38198
40142
61636
61328
73245
57018
43447
60265
45110
46908
31676
52130
36311
37890
8215
23483
76448
21107
11116
18146
26690
1828
22415
84015
8
82218
5651
13074
9697
73608
67847
18292
64881
24288
65465
9139
75310
75169
34250
85357
46281
58693
57971
11005
85022
28570
43460
87674
4716
1437
44056
77840
6511
23351
43933
47269
24790
85402
15601
56775
47503
20841
64760
5005
21950
14339
36530
48914
89109
13683
77116
69102
44912
26842
54493
11386
53196
26908
20147
27701
23068
55915
26512
59278
88331
28309
86260
80251
80937
34899
27143
68573
59211
23940
31763
25919
81026
57278
81691
73528
66982
75918
423
17332
23018
48806
85956
43617
52110
79634
76550
67429
30012
65068
48394
75549
76411
77063
84107
67142
18996
8342
78709
7209
75735
52770
67893
29090
16811
20101
58013
23757
41132
20443
54412
2884
231
73052
21288
24189
21854
41029
46952
17432
51012
33780
31752
3085
36651
71248
64323
24174
27244
4881
25148
19450
18452
55327
72069
27993
56538
527
49035
6922
78886
33584
25769
5000
53164
85210
2903
26798
24985
52417
66872
88029
8436
71879
10611
27216
73567
32618
38675
73388
16634
83753
84797
54385
23154
52306
80543
27182
57148
46374
83489
69402
34602
73464
6268
44067
36818
40808
9657
16385
16774
7212
88323
36591
48537
47883
54326
84379
34067
67567
56624
56451
76744
52833
46771
61168
14535
18142
57664
17685
57667
44415
14032
35184
79108
40844
31939
6320
22170
81028
38362
36984
13654
54059
31066
72633
24631
65608
34744
88813
38732
78070
44174
39167
88916
15620
21731
20325
31778
55376
84338
17791
57539
10769
13307
57295
85173
87255
4010
31236
1611
15481
73935
56971
13550
14725
4193
14409
24250
47652
67506
3048
82916
43901
50246
28471
16899
56838
15918
40448
78970
55580
28953
11462
42212
63777
80850
46671
45274
7141
2645
47699
28719
68900
32493
77359
80241
73721
70177
89970
43392
35165
59367
32802
59184
47971
3131
33740
20799
58607
41142
78172
3210
68582
47761
28221
40271
43944
65003
47199
86491
11016
71255
1731
61552
14651
27029
77649
23230
60758
59018
4977
63173
28966
29383
17330
41007
36666
25454
84008
25395
8869
67820
28055
39741
17522
14428
89463
68983
21863
24955
69165
3214
920
60189
38341
18447
83501
29359
6311
13970
40354
78220
87398
43747
19142
14039
40298
38034
1309
43939
5795
70692
26430
14813
73070
87484
37039
20560
71232
74437
45629
69933
39954
73859
55585
77222
4765
18735
46996
76304
62665
64484
61230
86119
45567
88230
52804
8796
14972
57615
15222
62173
87281
17923
73758
67871
53869
53508
12621
83884
7626
25467
21943
66614
16420
15077
1482
69850
69836
87541
67206
14301
84536
57925
14062
53454
34970
85982
59860
89881
65047
63453
12905
84126
5018
83425
7354
22936
1333
47026
65612
24505
86849
47843
87645
15134
7156
86967
61818
38905
12017
46058
39875
5014
35328
64647
1423
65951
38397
24249
168
83969
19614
69570
28252
25292
9959
841
87602
29896
58811
25889
69609
40719
19796
89789
75031
66149
46291
73000
35612
42853
28855
77087
85527
13805
20274
24746
18255
16421
20767
84581
44419
20663
56802
9114
48482
63612
41542
10947
56930
18511
32676
81088
22826
32853
2961
53848
36233
15243
13877
28260
66321
35086
53880
43101
24949
45434
38291
24946
74313
16573
60442
37079
6363
56056
36041
27121
32185
74893
34883
1794
23005
39354
35730
77752
61458
82008
87339
54453
57541
48581
82241
26597
29918
47983
65504
72677
74978
38977
29534
85446
77846
26441
63733
26442
20099
49084
39123
13632
10170
65704
34701
45137
11551
77654
52968
23110
48377
53827
11376
73010
72139
17009
52290
69742
22247
66172
71745
42490
39952
61875
88245
14538
8775
78245
6404
35939
12161
59900
46823
58604
71117
7956
70597
13608
24357
45498
8596
5708
48713
35329
45406
34258
7813
70328
63402
84791
58513
62652
37933
44792
15366
18489
47615
62741
12846
58870
39729
68428
30469
3662
59519
50162
56850
32029
21824
28455
9611
65448
51862
71411
18075
59037
88478
37807
39351
82486
41436
22605
34076
23453
34035
52175
62289
20450
18135
12237
77726
53596
67696
84364
16112
55217
84391
17048
66157
26772
19734
48884
63272
62501
16816
45247
26382
5325
55275
41081
40368
63592
79551
72806
8764
6988
65425
28135
7585
44890
49687
33348
60680
18659
67992
11121
61580
44213
83380
28098
79395
44034
54595
51784
14397
37573
85035
8141
34046
5544
73072
14531
922
15784
79332
89885
74638
51452
22725
25731
22795
58834
53111
77313
58305
4820
33416
54498
40553
59448
35262
15179
12414
25069
69772
17495
32479
46945
55232
74717
45616
56193
57245
21914
75405
10435
45471
38272
28440
79483
45285
17918
56557
87397
64756
42952
19220
88119
57082
46032
57872
23444
6709
11487
51846
50482
26508
80309
45852
81309
64154
73304
38830
75557
13554
8516
46597
58689
63130
37707
3254
24521
55009
7719
55927
34276
18484
72037
52266
58855
24576
20262
2601
73653
25110
82577
20277
70790
71427
25609
15092
37010
55683
27842
10909
62324
80252
15494
23069
4034
63239
27397
78036
36181
83056
85448
72119
87500
74376
75188
33667
14053
33396
38103
819
71108
37728
84496
5390
17637
70781
62302
53090
32482
57566
48338
55907
48083
9914
84211
50487
77512
17503
20396
10401
79110
11943
12785
42601
29330
61764
50887
55589
24343
20775
59881
13865
26660
83548
38911
88647
29610
44202
32928
58123
23102
14910
82704
7223
60909
10859
70069
569
22660
36831
2135
41385
60594
51538
29181
62841
21066
41439
246
14798
61756
31280
83287
32511
80048
72874
21682
47015
47263
86419
78215
87763
70541
66853
1366
32753
37837
69998
83496
44524
76093
74970
13540
61622
45776
53110
55100
30107
48353
80220
86149
79989
48150
44656
85224
50746
62961
27514
30058
12830
66186
89286
9157
8305
71152
88512
44254
63322
48463
975
26246
37474
15547
22352
39120
12189
77449
47387
20744
83466
14563
56079
11991
80087
71129
22959
39020
83877
3434
16307
30800
43297
80630
83068
73025
15674
60581
80373
2984
64346
40948
87804
69778
40365
6188
22056
36667
30918
67525
79618
71559
34483
24453
2529
71889
46582
51985
34165
29068
83820
993
57863
54485
6008
89324
48828
84091
82324
87833
74884
26186
10708
85612
44467
11237
4141
41212
86881
87837
1094
59274
6880
23156
62704
14131
8485
30325
65933
27925
4617
81117
25018
55174
62820
54376
79945
28036
20514
85360
71854
41008
10649
35893
78590
32424
7754
7652
22778
82066
79743
58493
42410
14249
75895
57490
86589
8117
83032
4933
67822
29907
29248
89481
30501
62309
75461
31018
71824
13024
72621
45697
3993
33953
73478
16524
46994
27548
66248
73032
48315
80263
59969
72758
67991
87984
80562
47847
81565
75642
21885
56128
74780
15250
80064
83755
12170
994
13258
69741
32026
36626
88248
7575
32119
4728
74038
47412
41426
87156
54054
88791
6443
63700
88656
28397
24512
86389
70750
84653
32187
8690
23202
65350
19986
79470
54281
70847
13297
1452
8915
8687
42050
20834
14943
11988
37421
41273
23079
11199
41515
78099
24801
12976
80508
62718
25434
70519
6430
4926
42764
35583
85391
89285
15007
62117
42564
43817
77300
57781
53899
7474
18522
75180
17484
78947
38413
8803
47624
56881
88962
31054
76083
57242
6955
11009
85027
84795
42271
24609
10872
41343
2747
47594
4629
38734
27048
80777
79041
8942
71698
56827
45451
38382
61741
82338
70958
46082
38877
64960
74681
39187
52451
5338
78875
40196
18613
27062
25770
74054
27859
29075
11920
87559
77484
20126
32381
56772
44783
12875
79548
5933
60555
89615
45649
7693
54932
67537
18015
35982
52643
51547
33888
32448
45534
75083
71016
65582
55831
28293
5675
42889
29154
20174
31865
6837
58670
74588
68485
55162
34666
85067
71242
949
57075
55833
65188
9997
73288
19794
44678
60067
83236
47774
61481
7751
24590
20062
13256
52402
41376
56843
23635
28323
6370
75602
34245
30232
6392
52244
8817
33222
67388
72035
78733
16854
66808
68888
35693
9350
63540
28294
46720
19939
65753
22071
66274
43991
5910
72970
64316
49015
25824
65184
51140
34376
16012
53128
60338
57783
83628
1316
48925
55418
54276
27245
44362
28636
16391
9503
52778
83171
71600
46956
26963
55689
49351
65851
13088
13981
20563
72976
79132
58129
9774
38608
75143
19025
46159
27241
89063
5829
65815
87985
57431
24256
38548
64148
44576
57820
34317
24953
6240
50468
80315
45518
3331
83267
4389
89996
60506
57466
60289
87194
17952
39136
1087
67698
58706
84519
6785
75260
68213
96
21791
1226
86998
35572
45209
55484
7007
511
41694
79538
87233
12138
25436
53901
63400
63593
48940
48484
22591
76013
56448
27274
89563
55604
26417
53276
67513
19445
48731
53028
74235
19827
24378
43430
44955
78796
86407
48539
80521
70438
84839
44503
33169
1859
17129
23314
50586
75663
39135
78395
21868
69309
52340
72020
4172
10922
89726
64541
43298
55395
52183
427
68153
72507
79442
13833
45671
87597
29977
77021
33523
44587
36354
74091
17156
85894
51081
1029
19630
73822
35056
24898
36317
59293
11687
66210
74199
57354
62327
2439
3547
77658
25940
73700
67560
52894
34292
54559
60776
58714
28502
50182
59712
37450
41903
25119
35114
23835
60942
38635
12342
88897
17880
62851
31831
45016
24926
75126
23603
71494
10911
6216
28329
73222
65660
60910
37744
56395
26894
58926
62831
13304
64641
40419
48872
57256
63320
20242
30174
31846
40251
71717
48576
25323
80517
6613
33237
51096
76248
31904
22213
45727
11344
24076
71953
67889
62642
69672
39296
17161
22365
53550
67393
30399
4097
19917
55738
16278
68867
74116
61810
53537
4978
1066
74652
72345
89809
46496
48965
70497
6975
60467
38939
68188
42346
8165
76501
31709
4808
23060
79942
69089
16520
46879
41258
18862
8990
20243
56684
46540
69488
86827
60196
75573
61625
50957
70730
3523
85204
59265
76667
20232
22041
64778
63483
65142
35650
80066
77339
43248
22047
5550
30196
25710
74963
38986
89663
73320
26731
87902
77779
60667
26816
52082
76861
47796
28241
31502
16033
10668
75660
42209
60434
24724
58989
26524
78955
21508
76087
55667
30464
21698
39263
49997
35886
82175
20205
18451
73669
45155
78262
28430
47659
34557
3534
55855
42105
47758
89519
66306
18583
13131
6431
14824
53683
60668
13663
4156
59545
68561
41475
78830
64440
87501
69727
84555
67765
3074
24726
19830
80563
67516
23386
56798
54342
86733
65071
7456
36576
39505
49325
77703
50794
5387
3818
59043
89577
60956
17818
23010
53824
31783
2119
39485
37510
41634
55119
47404
55286
68210
87217
45403
2911
77498
34619
33659
50995
42161
78731
53895
38943
11389
62525
62805
23120
28657
64927
60531
52170
82406
45673
24588
8366
22307
16492
52404
20499
80590
39644
4863
38680
18414
15998
72914
75276
10571
23057
59613
36836
2264
54206
65110
77901
32553
37244
81736
27427
75856
89647
56110
47721
41874
38035
75117
67303
73082
33898
25793
78350
38754
3989
13044
1005
3041
85481
53025
29519
81185
72130
82524
5494
79793
83766
66238
4133
59373
71041
85033
88877
80813
57184
38346
49948
8913
2675
35774
70052
66138
15341
39660
53843
42097
13960
14763
77988
69500
44452
25156
53756
54211
7611
62380
88821
86224
49257
16562
64081
80123
71364
65638
58678
83320
23861
21695
84217
80122
2473
74170
82435
48691
14075
3531
969
85999
32454
16881
72728
77887
85036
25066
2962
28596
81161
21488
71003
72667
2383
22409
84117
15476
54016
71253
25242
78307
4783
83206
63959
53121
6772
84990
11967
19862
43976
73036
78717
34318
50565
66466
56276
20257
22272
10210
52516
35438
11823
53768
84328
39591
33761
69060
38868
147
36928
31336
19807
1763
40861
2731
72339
30087
9552
9698
77109
67803
49056
81188
76742
1693
29796
74876
20912
86083
77066
23332
59589
23542
48444
88335
19466
48613
70947
567
78783
86289
18450
86734
73325
17008
19481
16740
5662
49185
60532
79430
81136
12421
49780
34530
65618
34170
72152
13328
51241
72420
13213
21057
86474
84652
24900
2076
32885
69476
31072
56788
79217
21919
64020
37288
2368
25508
6052
4416
65254
55130
43280
38598
85882
27588
60126
30207
85394
36326
16190
41160
31514
7493
21342
11371
15636
48653
21554
28624
22530
67483
79797
84860
85129
25482
68259
72034
28123
15877
89793
48969
55143
21353
15270
89177
4596
74100
48283
29081
58879
38840
6224
28422
87899
7009
10634
84324
37822
74050
54058
36995
26642
23786
86894
64008
89932
21895
51570
49001
53994
24279
41541
51989
71238
7339
57784
11681
85024
86487
2653
32538
36960
2749
16821
15807
29600
50709
32513
41027
24637
69637
70380
71832
55985
31128
74303
47626
87407
36957
7340
4887
22728
11605
66273
19881
43374
75495
11810
25306
85677
33174
63910
84734
63685
64160
39239
68088
13192
79366
10673
62400
55211
26944
12460
17961
67647
3243
12876
20361
72497
27854
19624
4284
2768
50017
38523
112
29134
60108
71543
35494
55520
67870
64404
19428
66123
47343
39887
57525
41091
48392
25053
58768
79978
11500
22294
81738
57160
26294
64291
58947
61730
79409
37779
78067
65066
16848
53103
16759
49709
11819
40265
88389
49124
20732
86354
56311
31159
55449
35395
29688
42409
14448
50962
26265
85387
42830
87008
59231
63367
26585
11210
84601
30336
78462
75304
32497
44426
12463
5049
15332
44026
22542
78033
10017
54328
16279
68936
89383
3206
22203
72187
58271
60314
39651
49310
89115
77996
57547
71567
25550
21329
28627
33640
63415
24613
13341
18694
5354
32323
88998
55768
21526
85166
64336
88542
43520
49796
14837
65915
79525
4377
5956
25483
20462
76517
70870
85493
49466
23095
68883
78221
55854
12185
56366
44695
89017
67440
9846
61174
36287
4288
39009
78025
81572
51754
6465
80461
62270
51780
14536
82610
72903
14984
77301
54649
21177
81480
70228
85810
71236
1747
70119
55633
5821
25598
42143
58791
7450
63914
86698
89171
69334
72216
28699
5975
39337
15963
26736
23006
57455
44992
34213
60348
9024
42886
19623
86164
77413
62429
72748
23926
4604
20143
24502
41510
20394
15921
81622
43091
62287
65820
80681
9441
13609
46680
54224
16035
15510
87725
26082
28238
54608
73820
87823
22226
11224
4224
72111
56524
28906
88085
16288
20354
89747
64738
53945
67368
621
30345
15389
74130
82574
62456
51029
63196
43781
8493
2345
40779
39169
62662
67423
17275
51329
44723
7430
6333
88289
63619
27915
84787
23551
56805
43063
34720
24633
51197
5602
16706
69443
21471
86331
32691
75796
31117
32152
86388
65794
41973
29569
67342
37988
27934
50475
85187
59249
79996
60529
1724
34090
87789
24367
82782
21667
82985
33382
12782
18557
2590
2537
43506
81516
86784
53453
59148
69037
12132
25155
29856
21504
50978
62631
2128
62626
68103
82192
47158
74372
784
50571
17658
78225
26530
38934
63114
13234
18839
47813
5548
56474
3332
74093
21083
43432
67163
43428
54987
18690
71537
24566
89045
39429
60706
59893
41346
34944
71489
23251
41361
22712
13806
805
16263
84717
24187
57377
51124
77368
61386
54477
46690
16381
36170
69800
18290
20962
78517
1772
57004
26138
78838
73079
59681
61498
45626
69077
77347
33257
87866
31772
37800
86744
23549
49456
76343
8382
18776
23027
63232
80883
45007
68069
74463
57177
55782
125
2262
50798
12418
59874
80793
39450
86327
30466
54996
22060
82392
25184
20999
79439
60229
55719
76674
33938
70085
15816
39529
47865
11339
46010
81229
84198
24818
59523
11809
75870
49558
58911
39677
78829
68225
42867
83637
43250
85972
6423
7727
61178
23744
63451
64342
62595
33914
86263
55353
3956
28496
13086
27247
34717
78164
19717
76091
34546
85737
8444
69717
30120
75997
84561
64374
33685
43950
72684
53137
64922
24610
75716
30962
3225
50422
42988
46864
57226
72641
80987
22276
79895
8214
48103
23577
59058
67548
1487
31057
15701
10490
10555
67713
77786
45636
48037
58008
20944
68515
14387
77128
24346
71748
13422
2626
79614
71409
88676
2631
14375
18343
84343
85918
59603
3932
40923
61446
3021
26587
87129
69561
57313
81835
4264
71688
49891
38821
31221
38009
69263
3556
3154
72711
27230
64117
7304
34136
26890
78322
35798
248
7834
77586
21935
46501
21618
89541
42204
60988
2689
21567
894
3437
33104
53069
32574
29760
3121
31038
4021
80268
53980
61258
74400
60097
36152
19323
21182
42701
4652
11154
18005
42222
33397
74960
40602
74306
64871
13857
43974
54601
82955
5031
50248
35353
82481
23213
10293
31529
30895
39242
83374
48415
5880
28923
18729
48711
31693
45452
13838
29557
60570
9853
73782
14922
10477
58799
55331
40930
63515
65123
4670
74154
16497
79909
61551
50284
30958
69207
43211
32634
37507
39544
71386
21280
44875
20293
63684
78137
58905
58401
31443
17485
63912
35307
69206
18934
3360
38641
48882
86075
45409
63416
22581
26589
43402
78234
30023
76987
26826
26270
85325
6369
83393
47894
32044
64838
50552
26757
87802
3600
39553
79211
9986
37632
11353
22201
23307
7516
53797
73620
37546
82621
4122
47391
662
2436
55400
15352
40113
41097
84183
43455
50648
56605
15144
68543
15919
5554
10826
4312
35599
79499
50407
7081
2148
71850
43892
14495
12259
65979
45269
5259
69826
7636
55680
80837
153
32467
17703
50092
49070
8519
84458
84518
57718
89594
15186
32939
14410
79238
38832
28549
34001
2234
67760
55527
60675
66727
60895
25692
80136
58514
61619
65049
58880
15101
14009
34545
57107
68215
22108
31604
57780
37286
64112
2225
5839
42683
15119
42095
40438
33565
1602
43871
70942
3084
61979
13763
47726
62259
59542
21507
64875
30510
4509
68764
3362
81803
71282
66824
59125
71881
44400
33900
6850
58886
13433
64732
32083
54901
89321
31861
64634
30759
46227
35387
41206
9984
4754
41345
72124
58761
84805
21958
81329
11052
80556
42617
14172
89187
78011
62853
27640
54905
89728
54602
13561
57093
45072
85624
33058
79927
6077
88099
7556
48343
6998
57894
73697
326
9591
5225
67528
15003
50201
36717
18072
9043
48279
34566
57351
49608
81101
58421
84985
4451
66437
39357
81123
41664
13274
7577
38179
19656
15999
42949
30274
64601
63569
30969
38624
28600
37521
4909
78093
21623
22511
29742
48492
11321
16396
32718
51786
71290
26290
844
46757
3161
67868
40521
8693
67791
53586
76532
84087
84187
34824
89027
59580
782
23809
67772
58674
85682
74360
86144
13399
84141
44786
30358
39507
37591
29554
1671
64913
41929
86783
71178
5474
12304
66970
73789
89262
4007
65027
60443
4252
22444
5697
50527
59532
30876
84781
4814
14170
81401
16397
36418
45814
76495
14323
17427
56194
71340
25396
65025
33158
18426
68884
82325
41417
2298
51725
43306
17046
74524
22962
32745
1104
33895
45583
89335
39549
73582
52520
85874
76271
56950
73107
54432
14731
22841
44338
83881
51523
82646
35277
44147
18687
18134
53740
34356
78895
82095
31636
75683
54252
49332
41295
31824
62381
40744
10199
44590
555
82273
58230
32012
41321
4199
78492
57518
79361
71235
46035
66327
460
34040
37035
41987
7802
87613
27539
34445
70470
35795
40262
64441
60185
52840
89384
77169
41934
13318
16742
88959
37101
52331
10415
23776
30941
48203
59175
80959
77000
31454
86987
41798
60832
50495
47502
36088
48859
3127
35671
38570
69534
6994
83038
80155
23667
27897
36862
512
87713
33016
27047
38087
66092
65061
47899
38050
44124
85667
22525
28674
6255
80392
83959
30983
23789
21498
20995
67530
71741
17819
40167
25988
4254
2736
27205
50351
76978
82375
85515
78085
9099
68230
21767
55215
36077
75348
35302
29133
65253
27158
87966
42663
4675
7643
13579
14654
32046
72915
66478
13252
14507
14680
13339
71844
60545
79037
87022
65283
56871
11543
68859
60409
59554
70886
63181
71220
14909
49896
84917
68423
34615
78090
8229
15564
67963
34754
47058
19925
52027
11369
3794
83220
56433
45375
15136
84439
31635
38363
76686
21080
57361
64001
28913
12080
81254
70267
82674
60558
25443
69230
31931
57299
20676
71579
5475
76934
86889
3648
44979
71923
38135
59282
72627
1690
43316
6953
51359
62106
27812
29238
7100
27718
23896
10815
34459
16402
41155
5149
50313
79781
74693
30013
83041
14812
35108
21122
9919
11936
4749
24722
55684
18137
28747
22967
15166
28077
29211
70620
23394
31135
56816
34993
31974
31954
48725
22007
84957
53341
69936
59066
49556
81194
45259
25331
15171
79064
39679
72261
40701
9977
66072
69649
69704
77975
76250
83343
10165
33765
45995
9862
66540
20378
56145
22191
11465
65727
10893
79249
35053
41334
9988
87831
16941
59286
73533
57003
202
56537
64746
68001
57854
56792
65576
61011
7173
5096
52241
52605
8058
380
51721
64534
37187
25324
63417
3871
25905
16895
51764
22630
19916
88320
39157
51574
13059
11109
8265
18680
22892
63149
30213
15988
79331
33731
18127
13870
80445
20131
61201
56031
32752
12553
73770
88599
88369
46927
85616
7906
9245
8261
65093
55368
14105
66442
34083
39900
37595
75627
13698
74975
57557
89180
81249
32262
18027
68743
88459
54991
4348
58252
36009
980
76785
11813
22021
89271
64845
46815
56553
4137
85137
71773
42487
39715
52944
49069
38419
81533
30103
45609
59752
73349
59501
77022
15503
17102
26624
57758
66725
37419
76319
54022
75949
48460
72350
76076
14698
4709
68650
56844
6645
3590
10143
73526
34161
40627
68026
51517
41940
50789
51321
65266
77176
4293
59030
39622
57276
67929
58317
80398
19889
23328
81053
12634
42960
89891
88310
50860
66928
24930
60990
438
78052
79660
81898
9106
58304
58792
21571
71007
49856
8564
26367
27411
70611
38964
79846
4682
81202
81078
69250
7678
27851
19390
31953
12296
87943
26494
45328
45009
76685
17729
38160
77588
82762
17977
80577
82360
26120
70603
2828
3247
8833
56156
55098
2663
69127
49742
43603
54805
69883
10283
76605
5124
87758
68369
55205
16735
55136
86116
14779
30848
49601
26329
83150
47608
12815
66194
86120
79770
83146
71245
11838
10757
60034
28093
28370
53020
74145
53940
16770
29333
84784
86995
33554
79318
685
57944
86423
24426
82399
73683
57516
25209
33606
84038
30952
17135
84960
82905
14311
26781
25136
4214
33522
59673
3592
71057
88214
34385
34847
79311
61677
8743
14162
19764
81774
79546
83302
28757
85692
76054
68453
83356
3919
81809
44488
27955
2460
48962
27946
77573
54179
14961
4776
26394
74431
17747
33029
82900
68419
43645
64584
4595
79049
3840
6043
8463
58146
6722
47088
69059
29042
50602
87340
65869
12593
27085
47731
64834
79256
23685
33017
5970
76911
20747
13241
47291
79435
8085
78671
25781
74691
13020
1201
77044
67881
34606
20404
44765
65034
15399
74949
75756
78195
66331
24778
26052
15737
80731
41961
80980
22325
69453
39919
6818
51924
58238
72736
22507
38153
44684
67863
50349
21230
27693
25524
62303
57357
56495
17534
80858
14104
24579
54933
36965
66640
26476
5954
80105
42478
1962
79773
6633
18492
67551
79510
12729
15833
34280
24047
43315
62237
44000
43677
71267
2933
26602
38505
27232
41938
22620
45607
74447
4362
48789
3679
6786
61202
88857
36487
64816
22590
30973
59139
41
35854
17575
39283
19292
72945
49794
82151
69785
38178
82416
22684
25094
34345
9805
86903
79941
82513
17867
34812
65966
84468
10778
17651
10402
59383
71544
58298
14701
89982
40921
58946
37660
10863
65622
34524
21130
40077
33317
8231
29149
8505
89702
19400
82168
59394
24005
28368
1054
62335
2514
25624
11615
70558
86268
87197
19967
14791
32148
21138
23657
54581
41157
70008
77850
29137
50530
71157
54670
81469
46931
75574
32726
24079
18699
48118
944
85001
50911
31107
17167
59669
58054
35157
10188
81110
43311
83536
87518
55166
29591
81900
70687
69446
3006
62029
39572
72100
35614
84765
37721
37356
72288
21990
35166
39321
18
50391
42734
17274
14357
39175
59218
8331
45739
44129
52336
52974
53614
72384
55642
11659
42596
15678
27102
64897
81385
73922
65285
19816
60722
77619
70407
10094
77238
50340
27418
71260
70460
2934
71857
1348
37809
64259
16335
40773
88990
8148
83806
65302
19187
42765
43701
13001
80465
75401
76261
11513
66055
52852
73255
39000
50673
68799
48187
42892
8372
63568
46641
70693
10154
69434
34514
68527
73174
8012
79801
29499
76675
24526
40782
31315
36251
80807
79161
1663
4946
9300
29314
731
61107
8528
39713
5205
13359
55367
83503
20167
17243
86525
11899
11402
37385
55596
61758
75897
22115
36910
80582
62998
32099
53639
4349
88243
80696
89136
2355
45166
83928
46921
36604
85409
41662
53200
46670
84529
10934
86370
3498
83253
1263
5247
65643
86524
53262
74061
37703
1581
79717
77502
14227
76748
82828
82672
23980
46778
64888
76200
63394
66957
34373
87572
89214
48508
80619
65535
65918
33122
40218
11051
50282
77236
57806
64477
8204
86361
86338
28159
7195
23206
14007
44919
18995
70771
46828
16462
81580
30383
14945
37443
27242
60256
16983
27321
41367
40180
74994
76935
47609
22855
79808
67129
75548
78003
83528
62540
10032
47910
78583
26618
43184
21442
68205
79874
16942
2781
64468
58970
43202
10794
68060
46350
53510
56445
45843
62167
28361
41699
2547
877
14784
30944
32298
35000
84202
75148
4486
17396
23117
32706
3343
84908
51112
24687
87732
13693
9648
2114
64421
30919
87638
37743
43816
37996
2290
2487
13717
15514
509
85851
78609
21784
69029
54861
87687
3686
63081
20583
31946
21991
74430
35988
66158
83632
81070
36727
82180
66295
54591
53653
81545
3255
26218
26069
66010
17025
13678
20795
85372
88560
58751
13927
744
60997
56508
83949
30853
57418
48968
86865
42063
8688
33973
49502
79302
39904
59551
22103
50764
55304
51891
27109
28884
9483
1421
78493
62156
65396
20390
84180
84644
30922
43691
27976
4620
10554
10955
85329
74781
44058
56694
87800
88293
2163
34578
76736
22505
59059
63096
39879
76114
35161
80130
51736
26764
19357
19587
70905
51641
57968
9747
46804
13959
4481
61228
74260
70823
57931
47617
704
37889
43889
69479
6386
36493
48863
84578
32845
87358
45922
27869
82112
89887
25132
22629
70863
50419
27366
53765
35511
44790
89329
63172
85209
82276
25727
61163
17007
57656
69325
31382
58000
33764
25856
73641
2648
46523
17797
34569
8581
79327
11158
61365
31837
57552
61381
10973
66920
30567
19845
75884
6572
30348
76375
49327
83254
59427
38381
32066
3910
4413
81051
54580
86629
39165
64325
32732
37400
11900
10053
29367
39974
24971
44233
4402
44103
76202
62810
19504
74718
50412
52982
84323
15446
42917
89062
10323
25125
19908
17457
62885
75565
23414
74435
63273
12821
88997
43504
81040
54778
85167
89492
26249
58929
49311
9705
41888
43943
77788
78136
72923
6977
73611
80656
17543
42579
56190
24585
72972
55444
53138
47324
21708
30030
9036
37629
45280
58083
79534
55116
76437
49942
20699
35258
8127
10631
35206
73625
77958
14431
67327
51599
50326
78880
66552
34867
28246
8842
46286
70122
87872
1467
88196
15433
40352
44064
64662
65854
20446
6296
39943
89460
85536
53231
60124
78848
39977
45511
63283
59220
4559
19214
28199
9881
82656
24823
36907
9047
66526
5379
43478
53030
65359
18104
5951
31598
53411
81508
71205
9324
6371
58192
12261
17539
60079
49795
28395
612
40305
46866
780
8047
72546
12731
20824
55900
14291
34982
63826
33053
57178
85494
59131
56606
28772
12659
84808
62726
86279
14298
71022
13122
23866
29183
63465
65206
6319
59921
39423
37046
59665
5676
60688
41339
55727
81690
8646
63186
11985
34564
73851
6445
66261
34751
60444
801
62006
67134
88374
85840
68608
33787
9601
71080
76885
47322
28131
89601
18443
13829
2752
33633
15997
11597
78749
33303
58658
45462
83935
45543
21084
72722
40334
74286
76429
57441
625
50443
73387
38144
33398
69350
63557
78126
6552
81632
85961
68666
76602
86449
34241
23887
65128
32668
63213
87327
45225
33446
40000
85838
59686
89572
71102
70395
50864
61531
50212
25270
47450
59958
26880
14874
30699
15789
10991
353
86822
57326
65460
63238
37090
165
41595
87747
83212
32401
4425
51509
84588
73132
59379
10710
12109
53603
16253
86600
21900
89450
46472
15952
4131
35210
22295
50687
36241
30590
28845
1379
39287
3775
60563
55940
1422
386
20838
74535
33378
23973
78238
64267
76970
28685
35840
44789
66070
57371
6044
36959
74499
73777
38173
34940
45118
18542
25159
31316
29147
72179
9004
40609
85519
26523
64249
20125
71479
67879
66941
53026
80669
55720
64190
62410
55149
43183
89804
9535
22058
57159
52835
82118
34163
20454
26223
81611
1441
2335
37235
54317
66435
77474
15665
33820
74185
5918
40577
68707
65008
60495
4840
86999
20359
23231
55976
41369
79957
26007
60842
81761
23072
76741
45217
30091
46262
30473
55364
13546
60841
19714
63660
78027
22131
38166
31266
74965
24959
3166
40544
33868
38194
82982
68906
33940
10701
14005
88729
71219
84423
47205
23361
85397
15855
39752
48678
79280
5523
58337
66517
28860
6383
4944
38648
1381
45186
16431
21578
29044
62715
31660
54410
89511
8393
59452
47585
77472
76654
43196
57727
37674
45723
30408
20457
20004
27422
8154
18773
53684
32844
71077
54696
59358
39806
49470
15408
71120
85041
19319
8388
29341
85778
28875
26813
49182
62798
69155
23159
88034
51781
38199
23811
63715
42436
54356
72876
50163
21443
84833
69577
18611
78842
11827
38225
7117
18064
17039
15471
8903
74632
63227
31096
6066
55723
26664
45670
38887
76937
33426
37798
51245
21042
87533
80770
27535
82021
1599
81511
53864
55804
31557
7
11957
80560
82984
64170
34248
73762
36582
70960
26627
82566
52448
4306
59009
37515
80819
2883
46405
67589
27103
27561
82212
75172
12495
51298
65048
49092
8067
78001
56420
76694
10191
35639
25044
28269
75556
66228
61265
42443
3739
60283
87989
61889
13754
2764
19270
52146
71189
8489
39058
67313
43558
77190
37165
3222
18341
45653
3358
58140
63373
21323
5037
40185
14359
27300
9667
51190
81905
5845
84276
79771
42653
52601
36225
62887
71121
89649
48579
55949
19129
36344
18055
89506
68822
82097
24165
5199
66683
3305
59864
31252
76129
53227
26514
61560
45781
18899
70924
34825
51014
49007
76966
89007
63516
87365
81559
67215
89664
73584
67915
76225
26696
80280
3488
75146
81524
77077
57874
71454
77298
78518
70108
11298
54294
75444
69588
64865
87094
60855
71366
34382
82203
48355
13424
59617
5896
80494
45825
47244
13467
56149
51194
51951
42713
54129
58973
82937
25782
62160
64204
10498
29631
62107
65897
45425
4483
49625
28849
9855
20660
86939
85764
68718
13217
67136
65778
55195
71393
50417
66996
49819
51995
18291
69794
22132
72986
44993
23440
25926
79429
14918
74013
57818
50425
89694
5122
50041
73414
63667
49749
79095
42750
42768
65996
79656
26469
46203
62939
24703
54845
66792
88208
7241
87662
79381
28618
4807
379
51562
58031
71603
73140
52759
53336
27585
23220
75411
22570
43276
69100
30381
51163
5080
87401
87765
13207
53387
1034
68933
61389
29487
56912
43710
23116
74805
60294
42134
56375
33422
63011
50481
55238
14305
78502
41825
67004
47284
11619
15048
55026
6688
12742
50354
28951
69208
50079
74446
57409
49564
1438
81663
54554
26851
53044
17508
15964
47201
54781
81017
60344
17021
89160
10250
31095
36191
48730
27115
46708
13923
61081
24555
86099
10275
70243
70056
6961
10309
70710
4904
69083
69281
31836
71326
3076
60556
77514
85241
49245
38176
41569
69784
33739
15790
41063
11123
27826
88338
71934
48409
52960
655
65398
21871
77755
18093
33112
55597
14596
48312
35669
42084
77005
79669
4535
63063
52296
7202
42119
11260
78397
10461
4601
77352
22347
22171
59320
30057
52963
18597
19550
33175
21149
73693
22656
50859
50455
79938
88594
87307
71966
71597
16325
28786
30093
6514
5377
18914
34440
22179
58028
18866
31606
84088
1129
54107
85286
46698
12178
66252
83169
56821
23055
3183
48927
88136
46185
84625
37624
72503
68273
75577
65607
50061
37495
39215
8962
52828
17120
72472
33843
83972
84711
83520
16761
57701
80416
36675
85139
4154
45865
68825
56067
68244
88066
66307
37066
12769
31528
53144
49237
19215
15388
8822
32817
19711
28642
55294
71716
61188
27293
69108
58555
89710
30001
44882
33180
43813
43364
21655
56265
35804
81746
85829
51524
36019
17406
30037
87286
31327
79427
16709
31534
75208
45219
38061
52256
84903
45329
61759
13335
6264
57735
15118
85579
26425
84014
25951
24177
15540
62915
80766
87678
4634
32598
72715
7068
89753
44145
78192
33680
83091
60332
62189
47685
10368
23135
37211
27656
13872
22774
51676
64702
14697
40322
70301
737
21884
2185
70819
49028
47492
26304
33311
81122
88453
88087
40890
56140
1330
49511
42190
36972
29810
24905
19210
2650
17625
5623
44303
24877
86014
21268
48446
24030
26123
55970
60523
14612
1729
73895
58332
31375
22113
11886
13161
14420
52233
29462
84121
30627
12213
6469
39550
48454
33894
31575
24341
35342
699
62964
267
86290
16653
81944
30330
52125
31309
10441
41698
1411
28753
56914
83627
37363
80535
8981
38491
46980
62350
48675
34810
33903
2464
81674
64747
83012
3573
23863
4271
75734
29218
42284
26243
5420
28402
57410
11585
25476
47590
10873
75996
51883
85885
45470
16336
15603
58346
66580
1189
44179
36985
37904
34116
17721
61007
63858
7415
55240
87925
42149
57965
65629
49952
5238
74984
11984
16039
82417
10813
72820
66766
84707
29397
82757
14675
2137
72070
60468
50908
71278
56712
579
36146
19117
64993
79010
60511
67352
52659
79746
2833
31985
24458
34100
54596
80975
21165
57766
34156
41533
39656
69528
3762
78387
63629
47124
28972
88267
15537
21963
15875
74735
15165
27986
74515
62960
8945
87393
7213
36425
40718
48651
80664
89495
1090
84604
16082
31384
81251
87584
35514
19281
25629
25997
2285
84041
67200
86309
17347
49195
61509
28427
86908
34860
53400
40753
26261
31582
31393
29473
53304
26771
81793
38825
16157
34923
53122
87090
81726
26456
47127
5405
48575
23397
4546
63587
47223
88819
25481
44290
50562
72701
1697
370
59290
26672
8671
42669
21106
33884
78299
89163
11491
14712
25851
37852
1814
86095
40860
41604
82098
2432
71272
50203
50237
5967
72739
29356
65408
68190
88031
48172
69703
64320
49268
30102
21422
10913
9614
1302
20213
19820
24625
35459
64904
55292
63803
15329
7869
62245
78463
50929
17045
6735
54116
16829
2974
55936
26100
66747
35402
48179
54230
89231
48810
87707
63474
1654
76033
87018
18427
37887
48310
5323
4910
56793
64539
11406
63746
16413
80756
41086
12126
32943
72173
21307
85424
27973
80448
74279
89093
80170
86050
73142
26324
78139
45505
41849
14737
54560
38081
17202
44935
60264
20345
56506
7220
39241
46957
34731
86621
21865
22735
7831
15202
64984
44386
3128
23780
40883
62931
4501
14502
54004
59440
8307
41126
22421
43864
79035
49010
82548
32319
11537
32500
21304
78822
54378
63804
13599
41549
52617
82760
9704
77143
27163
16697
55895
75060
48408
78062
46721
57218
48500
4796
27014
55561
6096
5062
70123
10636
87426
83771
16963
43528
8426
82297
11517
884
17411
17437
376
146
60586
83203
22929
40230
53412
64205
16354
50939
76477
61005
26461
31383
15860
89081
65525
54871
46219
6991
42697
55628
43891
6944
16015
7127
42938
6007
16896
24181
33094
41005
73253
67569
80698
37813
36973
22811
2430
71465
51805
42140
55479
28630
4666
16308
64247
43395
80786
89546
17285
83547
37083
28
24831
67745
1567
81850
67481
20320
55128
36
88003
32575
50159
37742
29847
38565
80026
85532
86478
23411
24230
19534
58336
3853
18596
34224
83546
31855
83074
83545
28227
88004
45391
18474
34388
47065
88115
17351
40590
22983
69019
44735
57724
75559
77333
14700
4793
25263
58430
50158
21677
51859
81455
69683
56665
73803
43296
70879
38131
46204
35364
27286
5485
42029
77757
19833
56952
36551
31592
39592
76733
85269
15338
20728
5364
51050
66282
10061
28491
300
88165
83109
64964
6307
5282
25909
60739
81517
67523
27448
66313
23618
77473
68064
46101
71821
53029
41891
36581
86565
78569
66567
40961
7214
75801
35453
73590
50876
24523
56363
36958
89770
53141
18959
69071
47438
19147
69608
11076
30290
41109
61535
83260
84658
25185
39870
55372
53635
50373
33024
30956
12300
86018
65834
56683
85407
22073
16109
21797
58572
36951
75973
13182
34814
25240
12608
16398
72899
5510
1856
74630
7682
59568
1775
88241
41082
17095
20467
83249
65336
33001
22369
27464
59280
68691
69240
27013
76445
13273
18920
45342
55429
23086
43452
72219
40882
23233
68962
61778
85947
67147
77528
8730
78906
16000
87277
23329
25614
68779
89709
15442
65960
37277
35930
7206
40131
13864
87064
34613
80730
33049
46092
15227
82426
67782
32498
55069
31049
23105
53247
389
54044
71997
18730
60391
66355
51410
27131
14181
77417
37857
59936
62901
86879
20844
57112
66835
11931
41670
45809
45064
85010
78180
36484
73883
22861
86864
11274
80623
12733
87778
27637
20459
5394
47625
60068
22445
9465
78286
18571
19613
36053
70254
45900
85901
57660
14692
83665
52502
55632
29919
39683
23256
85950
63057
26646
13006
6276
23143
75204
20823
1109
5307
19454
84024
54584
65073
74759
19174
18310
37269
43668
80426
9709
6581
2144
5974
9393
42567
55881
57955
49381
85491
84108
37475
17453
2890
28917
51908
69907
38737
59364
25654
59997
78298
49359
28214
3478
83522
13327
16560
67383
73444
26055
16008
52746
46913
27800
3011
15631
75135
42394
71587
38060
1238
61803
45875
75935
78831
63428
64282
83401
76817
36671
23649
4205
65050
65122
48162
24441
11757
53854
17702
43436
23557
84188
73303
85618
61967
1375
71818
14361
38025
88686
24513
53737
75894
352
72576
82860
71329
72463
53618
54856
14605
47962
24761
73264
24039
57489
83902
58551
74373
33161
42048
52062
62463
7797
66116
83790
3698
77844
41901
43289
38253
58296
62077
45886
56514
49953
86930
51492
81570
23558
5290
14088
16457
15209
32518
11314
51469
3996
20769
89208
70492
33302
62963
79912
46932
2978
69682
79968
84341
69025
46301
56356
48616
82174
43954
59729
43688
55555
19526
57121
31318
29739
80462
57756
16199
6193
28684
52776
32440
80366
10098
35015
67557
12444
19477
87873
78712
27532
40097
46085
3293
84514
37567
44177
4892
83568
74487
39698
61025
84190
33578
16836
53094
53321
71564
35279
11189
21453
29834
46460
34055
69197
45527
1983
60813
42544
36153
22870
42024
10115
76892
8474
55744
85312
11701
39632
36698
74017
39960
44054
3641
23623
85383
39902
46743
63480
81067
60288
70255
22358
1335
63408
62821
39401
74064
45139
37154
67735
53666
78382
12628
25201
30718
33575
32417
38475
6862
13940
79071
58703
20416
55070
28700
37817
10299
9016
45615
64799
18470
79024
53606
11115
60353
30966
78094
71213
69041
77763
79122
9379
61073
18054
37434
13210
47317
29131
12799
30478
67265
88041
70749
79553
69321
46748
64317
83874
5592
44081
605
70196
87861
83132
48531
84628
88511
34072
7404
89047
17547
87299
37223
88452
43931
50286
68277
33052
83446
14703
78734
11860
31609
36458
43502
21120
6069
65953
62975
82673
48480
74682
35392
29506
21495
14863
10942
81594
85458
5988
6947
65473
18126
59
7305
60439
22424
68966
20465
82141
82519
43909
9147
18442
17359
83604
30326
85014
29057
84714
12641
73163
2327
64491
73047
68335
32940
75149
57306
5269
40025
38606
81012
11190
30843
63640
3896
26242
7105
63331
71637
46566
22794
68623
47514
57626
30430
55700
39001
66510
89431
3715
84272
45958
21591
40702
68258
64035
45782
43765
76637
79526
1863
45692
7301
87822
44997
50614
21194
37294
36294
60330
84668
3878
57420
34902
6727
17152
10393
19829
24156
61797
2708
87019
7722
48139
20691
11554
62920
68363
8699
814
16549
15834
17590
54740
5073
59137
52515
54108
76470
15526
29145
41564
60302
15293
81820
12309
56214
39441
82137
28387
68668
73486
35898
82040
31714
44433
29192
68161
62911
84274
79992
78290
78640
81598
44314
64286
28680
87078
44777
5786
32322
23624
42632
68346
37768
68735
77053
66202
88979
19375
44388
16501
9960
15313
88836
71686
68909
49027
45089
54979
18549
55398
75612
26670
88940
28594
66781
6844
16857
37726
7300
81125
7930
76679
86226
15639
59832
24952
3603
28597
3072
23141
33000
70529
3152
69148
88468
70199
79316
83821
68684
23125
34062
26468
9272
44099
86645
56046
64272
65843
42807
46882
67370
68982
78900
8319
66840
61311
84035
56264
69022
67840
51407
23046
44201
76533
85439
81322
39708
8126
67022
12046
66698
68099
28932
40624
26118
31291
84052
47460
77638
39388
78548
24560
66598
47911
31908
70505
14096
80203
13997
3370
82766
50982
61128
72398
25995
78866
52463
24710
56275
35419
76888
46891
10495
72212
68708
39930
73545
65017
7307
18242
40518
29981
13071
16585
22168
41831
42538
58065
48416
3193
89642
69241
54521
18014
32742
33167
8855
50992
23750
41606
25678
23108
77778
30356
69186
49934
40542
38238
6078
6292
17339
37497
27445
67179
666
63681
44453
82763
87066
84075
80602
15137
72164
87356
86375
18065
15268
25195
70909
81917
66900
5296
25153
61682
10688
72297
7401
81700
15597
70210
76936
23893
40895
82427
29729
4612
83772
46384
36800
7104
38538
10941
87439
8684
60894
86581
18765
3565
50753
17413
71012
28444
40692
42620
4875
48255
77076
7811
13082
36790
37825
15246
88502
18194
89341
37584
84729
54888
11916
65661
34813
5599
49764
36680
31960
40613
26564
47216
55289
710
49778
13285
48890
36976
14340
83672
56234
14380
40361
1674
73645
39086
60163
50006
78163
48116
69862
40631
89099
33457
30547
26070
46836
82343
31921
80784
44344
68571
48321
51349
48844
31571
84608
60398
89417
81833
10473
39430
76338
88576
28171
15730
78659
45987
40840
75387
76430
83071
13062
20930
13321
22874
72883
51566
6180
52895
44797
15865
5610
75343
83257
71172
38699
23918
22136
31171
58356
76328
44372
42676
43256
80982
4235
53260
29489
34617
81181
72529
3149
33759
60492
62460
44160
72720
41103
72782
56146
8022
86844
11024
19197
30099
34976
51727
28708
87894
11070
34718
43881
55393
43001
61018
43587
33919
87098
41057
11246
72416
17748
10980
55989
66890
81706
15110
89552
16450
83541
47436
29545
88628
49144
79013
82502
7392
42977
50124
47720
10886
80665
32808
9228
58589
74022
75097
41684
34850
11695
64335
82615
14532
70948
64096
70463
68905
78952
29345
43879
69585
54320
19919
32294
29108
27864
21483
69830
32515
51829
26956
89958
34112
11278
69106
39312
77964
75326
73835
63813
42187
44468
57633
77260
17802
29143
6628
50395
28061
64420
44932
8399
78513
36863
32232
34392
13463
66711
79774
12459
41983
4803
16994
51666
28190
84726
63559
44489
73340
64438
86950
66889
12131
80859
45428
81634
88161
23632
67222
50809
43349
83096
79015
36138
73515
53605
55730
63450
77462
53849
89349
70014
38552
17603
10500
52050
13379
73248
22765
75049
38758
37601
74547
88297
65053
18539
78526
58169
4369
31257
56022
31163
43919
24129
24764
37870
3877
44530
59592
54947
36119
27287
32091
54441
68451
46790
32101
24788
4042
68040
82145
44350
54382
65837
59410
86725
52237
51374
27724
65376
1885
11751
57470
37733
83940
49681
51907
26769
85141
3769
60270
74445
43009
31338
27367
69105
86571
69697
42435
38083
27969
43755
89080
82050
59314
75451
51971
18644
6603
40116
87169
57137
5381
71194
45390
7976
29573
71639
42621
9257
66381
24914
51527
34011
20528
87502
9761
20170
40982
24775
50751
51792
18461
46718
58753
27268
14726
16791
63532
38314
31945
36296
34295
21255
47008
38079
63642
69267
50743
44926
35574
36247
5184
63046
22088
74771
82323
25444
49022
44814
4886
49986
36021
36445
87806
70636
83048
37775
16833
81749
45980
10418
6303
56691
76186
59269
19930
84811
29140
22524
13255
22316
33925
5308
47371
8246
17836
61843
58614
27399
46066
48764
33224
25280
38597
73552
52089
59538
83655
86301
14220
20292
11146
30314
2605
26578
16458
75288
71126
57630
22036
44189
19854
62088
75658
35942
73823
39320
637
42388
49656
59641
51836
39277
72134
60087
71728
19465
75942
57957
67715
63529
1353
40935
71856
64024
42574
68253
10062
32815
4537
73885
64872
50557
35371
6280
38803
61836
16867
36141
60230
54242
41217
15806
19387
40457
65626
72451
17311
13183
23669
11961
54006
12163
22827
51732
89905
63892
58364
65155
24903
22049
73360
58810
429
36460
30634
77491
43885
18358
33757
76389
59306
53468
28202
59232
15495
34621
60797
51946
25405
49358
37011
9446
35519
49807
49994
89910
68796
33349
68455
5624
52217
2815
43052
47208
50492
66081
65391
9237
86264
76018
82305
84253
3381
19985
26219
3024
78658
77986
48615
22438
56307
59796
54148
26889
87221
68591
27235
57858
10155
75969
16091
6650
73312
68952
39056
4435
22858
1560
1338
88632
9180
63987
71400
12877
54165
20674
12598
88437
79390
10112
29434
70966
30200
17821
54630
56525
54359
33452
65518
39514
46705
16875
22652
54123
1998
64488
43213
50617
64109
405
5526
45303
9714
15902
71817
24267
27012
66797
31685
70576
69829
85609
70849
21492
89113
64697
77251
52392
2218
21672
34133
63567
36274
64736
53264
17545
33233
38729
194
81741
29122
61392
33861
42324
2867
57914
88721
72407
85171
34375
25014
66403
76590
70015
57969
32339
51668
22615
38393
31665
54959
35665
68198
62082
4570
31160
45942
54390
10938
46848
42875
25712
34441
35925
27382
37084
54603
77577
76557
14669
39325
41424
74421
58644
81882
48252
71520
80471
42059
36721
50606
65313
52627
34541
40450
81166
85445
31955
28811
42922
9313
35104
54798
48201
70826
21872
87036
59174
22939
3508
37712
42954
39894
4298
49051
85652
47915
23533
70689
15761
89175
37314
76386
8677
34458
64503
74178
25642
39783
27250
21497
26878
30845
29373
59171
44641
40628
53307
66729
58503
61310
15743
80467
14120
64629
88634
61981
52529
48907
37648
86992
55618
82365
23920
88285
19497
40091
35241
46607
28231
5468
17271
26159
25636
66881
76410
35766
35770
56315
34020
80963
43328
59307
12507
7997
32422
61538
21992
35200
27931
62116
31920
6872
58198
69533
19222
68738
36175
44913
36039
80628
47217
59506
54529
59547
56741
35526
64981
39938
69678
67565
87754
40922
59905
71861
80922
54753
19973
48289
5085
62360
44625
51906
36577
25808
58597
33083
57921
23269
39711
50432
62070
3903
32562
5760
27918
82019
58427
65606
41210
39637
6696
7074
45355
1378
76822
38547
68353
10324
68479
15307
15684
51320
14330
25453
86597
72424
62967
79936
40975
38260
53725
49733
60104
40080
45740
81975
70860
70726
73301
20613
42179
39819
88751
10996
69404
75030
89757
5611
81808
28229
6336
35578
12738
2034
10635
80603
2866
78858
33535
64924
30090
61413
51630
44558
51669
72831
35871
70982
54567
52602
60962
3965
8248
41363
53818
3185
30402
70031
19060
50281
22378
33118
55755
44460
936
3312
35023
79641
71761
60902
74128
26056
81953
27881
43782
2685
60367
15538
58497
55581
85415
64470
22951
6791
37799
61999
5549
54816
88138
66049
26789
70831
63849
16086
62683
55121
72228
9133
20571
23008
50448
74079
75228
72558
14861
17694
48357
59769
72969
60350
30526
45432
11803
2471
53625
13672
16125
46862
73381
66040
8065
9079
58032
78564
61963
11703
10175
88982
18024
4489
36697
16284
59587
86135
42302
17988
15608
61686
79763
17115
14143
44921
65130
70413
56419
66293
17944
14254
67667
46910
70003
47047
7039
66589
85695
14591
12475
20256
16119
78975
29532
17560
59227
88397
16140
3827
75523
33473
4383
20092
54860
41948
9746
80958
55497
30815
42327
76561
70447
65179
39832
38114
38028
50555
77259
3295
27357
28625
53073
41809
55921
60117
75273
30686
29399
59684
65297
55539
88178
6934
86884
55407
47631
40661
3371
26822
58961
59825
35091
15585
35752
52358
80160
76821
81613
69501
54921
556
11929
27365
78430
38454
58133
50178
62408
65665
79549
35613
23422
5909
65943
86428
18333
31666
76259
16201
61514
36232
47645
35853
17916
79456
4929
75517
53736
79867
55293
11338
88091
5812
32481
82053
27922
14695
28168
5745
11725
55685
37073
50469
1304
6996
85620
55988
62619
58569
76652
63356
46317
69133
63414
23519
31288
219
37618
740
76903
28812
7653
39061
24190
55072
71865
57426
23340
16755
35341
23964
82472
11261
3841
82784
18777
2594
61953
39465
31658
64512
28158
14337
30551
26950
44068
17451
33818
58763
28819
3344
89608
63664
65214
39991
31552
66539
26146
84128
4023
6122
87284
298
84234
3369
10223
73433
11482
35855
6471
82005
8401
29071
63595
38903
15347
38206
72637
78277
47548
73438
57079
65503
50463
87818
28641
56832
40228
73154
76378
35606
51290
29125
78106
39339
78665
37534
71027
27387
85814
62806
43224
2237
65207
56679
35256
32506
24657
30661
76522
14852
67326
59252
17883
69467
66395
35536
31981
8152
58777
83804
15819
576
2431
42743
75715
32684
24712
53822
37782
38580
61772
69310
54937
52658
53632
49101
287
76670
64558
55300
86399
34870
42992
57443
83591
2802
88566
86321
4088
38950
41652
29644
45974
6629
83694
53204
13760
62491
14689
62518
56830
45279
65306
84355
66423
56540
18050
4738
41395
64215
31901
17003
87717
71422
58012
57553
31181
47463
38766
7989
63913
82791
49825
79070
52446
74194
83915
1930
33526
68957
11288
46731
85823
34236
9865
56833
64537
9874
20411
27106
81179
58778
30089
78929
21063
88019
46937
45104
70153
17596
86437
32740
2687
13403
34694
26085
64455
22527
80062
78989
36237
73865
54737
83946
14788
60162
75526
69684
72770
53782
25821
2274
16069
2139
80380
36401
39140
89390
75122
43725
63381
83559
13497
45169
39408
71002
65769
5315
44280
23487
79766
30580
43180
75320
47101
55832
58110
14607
60888
24339
41644
32912
54228
22202
68986
29175
8936
40563
20475
85544
64649
2182
45572
21139
22151
54220
10150
6241
75887
28188
15194
48407
82604
806
62320
22957
59910
32564
13953
6429
64718
63445
69053
22702
69129
13823
3363
63506
74223
85353
17670
39458
11106
32257
88644
36032
43479
24628
85038
7523
4732
25560
27647
10979
17076
5306
27863
4488
6142
10447
18437
22497
65401
27825
17873
40881
25128
75384
71225
72775
55817
52112
57585
88288
31539
20216
8846
36650
37420
15799
32605
31891
46868
78103
45025
27124
76584
59518
34755
19268
78596
9989
34396
32081
57376
37285
8532
3420
74345
60500
75538
36431
624
85201
6941
47395
27914
50711
12566
24829
65373
71111
49011
80820
60630
53926
79613
935
44092
9501
27314
22291
76818
28930
84935
33555
25193
78995
53933
20146
47003
23822
31856
33185
69804
87571
53371
41853
54673
83673
79235
59381
26351
56425
70071
51610
59093
39161
78127
71720
33574
76958
16512
34961
60601
9411
43069
54520
19987
41402
12401
78793
84692
65320
72865
76805
67350
58924
69810
14506
54909
45801
68845
45714
44
62752
1144
72746
323
43631
27959
11398
1121
4240
82580
88088
60033
64094
7169
8338
67701
69234
22741
59785
58832
49285
39383
59281
14545
3283
17117
20989
17530
22182
68480
54467
22859
43884
383
32866
78132
79477
89565
47602
16132
6910
54406
32767
49968
42449
32801
66612
21860
82744
83470
77627
17709
69994
7022
12353
79339
61714
48176
40172
85147
49391
49322
40374
77244
53397
7372
71123
9429
89588
79650
5319
24834
38879
55239
55234
25400
25283
49786
63739
53578
49318
10684
27717
18875
19409
15992
13197
53691
8110
8227
37433
892
60935
64969
18982
37958
54782
85900
62714
88602
63835
14025
88232
69526
35913
50824
19748
8640
3115
19970
19023
7471
85570
50985
81856
18288
66862
53781
72898
44139
25220
17683
33792
67922
76162
37164
35348
61870
77311
41774
62731
23196
18812
66536
75341
11527
79789
40478
36885
5709
17773
21012
33371
22357
19486
30296
2459
72967
20482
55643
53244
78141
54555
50189
87324
69755
87914
62355
64628
72709
32994
60206
68968
28217
77849
20884
79497
80417
413
48348
71047
14417
59243
86450
47071
36421
75422
65470
69910
42108
40023
56109
53313
54124
51141
69319
77893
26533
62453
48428
57699
85401
11520
15482
53001
3367
48567
88817
55551
48821
33824
86271
255
14745
87344
20916
89729
28676
50950
76055
61172
3372
645
8944
26098
31754
33576
85076
39252
42552
37528
64135
19289
16248
23805
75492
71181
73228
38429
44693
38048
28983
69855
3975
59601
62072
83451
52939
13181
27923
63776
82654
24315
68620
22723
50095
6902
3631
20856
39634
62058
33353
31418
41168
30355
52281
28921
59573
29601
30098
89744
22190
85853
42277
38088
36912
32097
83733
86175
3572
59077
26048
55164
7746
63292
67770
45171
68051
50961
31325
10205
23150
88580
51990
60844
87525
49290
74143
85291
75843
4554
14955
81030
56476
3179
10475
10467
14647
55841
44822
61355
6971
16984
30777
49832
44378
55977
45641
81675
5256
78359
28645
56436
57749
1975
72578
58300
61418
31833
68073
40925
33266
69551
77560
14218
77142
62583
53442
56442
30068
57822
8466
28068
59709
41513
51678
46255
6436
87753
9838
47955
52531
48992
59556
51853
50505
65635
82789
33773
39621
2779
34414
41689
51869
19865
9105
54507
86591
62833
83177
84718
46149
15542
35220
50456
8502
65702
64918
49231
32765
80667
75770
66547
14903
75751
57246
3869
54632
46246
11963
86651
18827
69070
17369
53395
70705
50777
75593
70113
42417
57708
4940
9974
61499
32895
40668
17990
25957
61060
20311
8492
15861
10596
39515
6164
77341
16120
5511
28289
40299
348
75388
73332
24192
54199
56346
30691
59534
62276
60452
46205
13691
6963
8441
19238
60416
27024
18909
79509
30565
23452
56130
15017
1473
86261
79834
29928
75582
74440
32717
58076
71352
12129
346
57527
1055
51225
21512
34624
47767
87449
14629
25766
6729
78469
52736
80806
33113
37749
41322
77946
79157
43977
72673
53579
55864
22585
35472
64252
11736
11965
33790
19053
34792
14450
17605
77303
55284
56760
58209
50611
88062
61047
120
80827
41373
17208
26362
37657
13205
60231
19239
47665
22283
29096
3463
65566
30086
19660
29267
20500
31405
85042
64472
49529
44302
84979
39718
36769
51834
31838
27983
12238
30654
42508
24635
20358
12833
37583
39483
35170
19479
3737
86816
18112
20036
26609
76108
83240
62331
43463
37913
79472
68029
46940
68842
27114
56915
74458
3030
76187
81730
85762
71155
15848
59399
3938
63360
71296
51255
244
8347
77862
74944
67464
68646
32865
66438
61397
23668
46575
14245
52977
69499
75029
54852
7544
77974
20089
55735
53478
12990
82094
14526
70437
39767
25683
9712
51463
77273
74082
70305
12133
36877
51617
71582
62784
759
35838
28178
47464
18732
27162
54000
82626
28522
21916
89424
36367
86211
51442
4715
18630
38474
29568
22809
54189
55590
23997
74806
40847
81172
66412
6205
89129
3933
38656
83830
17312
22814
42206
36434
62573
24695
18236
12039
4736
13837
52194
17611
48900
27711
43287
80110
76812
27761
59619
80986
20781
27457
52857
28081
57231
70218
68356
71440
79580
60190
89635
58424
28453
18390
30454
63613
63768
71573
71785
57899
25392
53250
66832
29319
22469
51031
27055
6129
24981
69803
21901
30050
83844
84291
8824
15545
30203
16066
18053
11950
7512
50713
82246
78198
9683
32093
7800
81506
2580
14659
82404
70263
26958
77160
71006
9741
57857
13788
17960
70822
15076
86991
73202
62143
28426
27447
5120
9562
55466
3885
56334
71264
56559
75545
37226
15233
48770
49753
87700
17826
77874
8391
88523
9413
54935
46006
52329
16377
69074
68373
67577
64367
23471
75315
77351
43768
61781
77697
79610
82051
30018
52129
83885
57535
40946
45288
47067
76871
67019
11216
39671
43413
41866
85422
41034
30900
32565
5280
25379
13568
36526
80151
57484
58547
31916
53555
35278
72186
29988
77185
67805
48003
31477
9711
26418
15513
17738
7596
75078
3594
57319
18627
65750
54684
21548
26596
34702
28142
78927
18459
23905
65021
3405
69869
20066
34874
58102
27119
27865
67193
85598
56235
25603
20448
127
31699
80768
75691
50239
28235
69515
31476
87737
64578
18096
42021
55155
73575
60941
33230
29994
65863
83443
1536
50750
55981
68168
71295
2610
5698
2909
29798
15473
37683
50960
22099
45930
39506
32094
78680
84176
39106
7779
51107
18189
26855
1910
20347
64696
51448
41297
73285
20164
25625
81330
33157
68486
60627
28210
9148
49939
6635
66788
61159
24528
25571
10489
70120
64294
64071
32954
57637
39717
50916
77158
78373
37121
29148
86780
6088
59359
80719
53174
88928
38566
40987
73184
37455
30201
44606
58057
57243
12995
79493
59438
18280
81069
23626
9098
2717
43230
86722
24776
19099
26516
15668
64815
86172
28169
37398
51894
5509
76864
25680
77037
64800
32527
43893
68282
74704
11824
77090
87187
4810
60019
38956
62293
3689
52109
18233
46129
13748
37946
72415
66579
55868
11906
13136
40065
17501
30490
58440
83014
29411
40659
32171
67323
6497
82518
73117
60771
26542
80093
73513
42778
37947
53436
55834
32856
68115
71938
22563
26001
45252
70676
55777
9414
707
58429
24096
19941
47040
73870
79153
77271
28619
45916
61366
22110
50287
12718
20711
9266
32623
3027
85123
7112
76515
61449
12149
75760
30558
49021
30886
4615
88360
69339
23480
10907
57924
22722
46193
38299
61177
15274
16101
36340
83763
38983
63702
80032
84515
84884
83636
8985
343
27316
47942
36413
54063
39993
71410
83735
5411
75708
6631
43717
20472
71158
63659
55568
88869
77065
67860
20731
9442
32796
45786
72067
77832
22462
43112
67132
45268
14467
33654
34268
4397
84063
70435
60003
33718
37371
10553
75639
44588
16293
88333
48485
67263
80311
33193
84427
71367
4575
40528
2476
59539
59074
64377
1386
28888
52872
24062
71511
87068
14223
13652
87883
294
75636
36649
64262
42857
32405
29585
49538
89750
33972
29187
11958
16698
13257
81536
9222
71659
70628
54674
47753
18296
14541
55448
50509
10967
53377
54021
83661
43284
36715
70660
17743
30875
52766
87363
35164
75036
87186
70337
63412
89226
46524
48612
6168
73684
2205
70737
86900
78357
59173
15524
58586
28589
82981
18817
46742
9
52949
88316
26062
62003
49230
60745
15836
85217
89257
22146
86923
26050
40318
51835
49787
74850
24850
6859
15605
71985
24310
38540
16437
26879
53744
64444
39419
3973
2491
85060
21735
6091
6060
2714
12768
48766
14521
7436
69929
32159
39049
67137
63799
61652
73663
84563
69017
88938
84055
55115
60640
22487
33047
65835
76344
659
63390
1045
79188
15656
26344
32700
30687
2304
68797
61840
16931
7968
87285
63359
65091
27843
4216
68541
88423
84184
45437
73911
85933
8094
73553
13219
52250
7689
65744
41462
54927
64680
84592
59664
84487
46007
10026
30877
83698
35236
71363
29246
57150
5129
67827
34244
38412
44204
25735
42424
76065
49647
31242
60715
60184
13130
45650
45426
20757
45439
21240
56138
41516
13049
35105
87314
38145
49399
22820
70926
51098
52715
46517
68397
64669
40716
17635
18252
61584
68973
28161
42589
8414
83052
24011
21415
29626
60053
81576
62468
41468
15117
27061
20743
50787
26139
83005
42613
25319
76177
47595
16568
16536
69579
72612
59956
20053
35540
36456
5996
11320
77224
14673
45272
61412
4503
33514
41706
55141
63992
74875
28434
30680
49729
29080
68084
48230
15244
2702
52819
38343
57782
31533
69203
10985
37642
54187
65006
505
73871
38293
40828
48011
3147
30697
54839
33635
17277
38042
1841
88831
77892
38468
51782
57533
47906
71798
26433
65578
85162
30830
46634
50249
29048
22520
53790
29275
15400
34127
10496
14389
65509
6989
16481
38089
5463
32496
59311
62999
28870
55459
46822
66461
62422
29349
57835
83579
14080
2203
25918
64920
3272
22592
570
12602
12895
64946
64661
21241
79674
88845
28315
43497
28132
64674
56661
24151
26763
70105
48229
71
63167
52565
68970
64841
72235
73817
36768
43636
56664
34187
29067
54896
8912
89464
25985
15881
21123
21312
77231
78041
17043
32736
16399
8370
33501
37578
36611
12991
19935
28734
64376
89212
28076
25134
21505
1111
32755
75777
15995
25360
5838
35230
32863
57391
402
25825
81074
81908
38274
70912
61267
77510
44457
66689
46270
42070
70311
49879
58601
18977
293
61391
8480
75778
76161
84752
5330
68207
82747
34806
21190
87605
7133
17157
73276
74196
56729
79822
6208
67669
86596
46109
73926
72363
89179
81737
35908
47577
16186
43984
65437
53504
22157
29608
84158
12937
72828
1118
39610
1923
62087
39617
3507
7385
77904
62912
13588
76283
19188
8161
30439
52647
87287
14920
53214
14404
84096
60022
30623
44023
23731
76771
48267
43247
65033
23992
5195
3822
59850
23317
26471
81201
78487
25618
81743
20972
28464
81936
73103
65153
33394
55360
29893
26759
58306
20686
55409
83298
22300
39678
27523
46359
41454
48792
74608
5628
88114
53004
27563
75619
49288
87526
26614
27648
62251
15773
31925
35685
53461
84966
23572
1618
89698
79858
41047
52758
19253
35974
58616
23246
44227
52163
57519
32852
8594
6239
3714
47653
35874
88538
29141
35713
65280
37898
81913
87515
19351
67349
44927
80679
55739
32221
57679
39233
88625
20996
13389
65587
31521
13489
65877
82483
62372
11839
8553
58849
76759
10575
78809
37741
53494
47829
72291
61779
3724
42759
35158
32017
5359
56493
7160
32698
63644
45703
11680
80605
41844
5562
41921
86579
29995
47405
76406
73419
83295
60986
62980
48168
15638
70876
5898
28710
54763
3513
46838
11306
73990
47668
4740
24290
1291
84737
64519
70941
60177
87994
41214
55731
29188
40470
913
1008
58452
51813
88394
81950
58391
30006
56219
31984
22075
18907
30280
44003
44262
34584
46723
74527
60602
59588
4048
2154
57123
80790
59995
51870
4525
80985
81952
24497
46477
85693
32501
64211
67083
19164
51606
25163
49214
8870
8459
35771
43787
62108
67933
84978
69178
25448
38783
58211
51169
953
67041
16802
83792
38086
35999
15696
61530
5963
82869
15231
73105
49188
75505
78764
36544
31467
12059
32252
59695
66728
66359
54421
66003
10974
59667
83558
36595
29708
69287
77750
45235
15604
67983
19221
83244
34762
41917
71756
45429
60376
20236
57139
86284
81493
39650
46283
31134
19121
87551
70707
80906
11031
80816
60686
20561
88260
31091
68510
73970
12696
7535
12805
19725
33865
10632
52203
36188
84280
86944
80714
34472
85012
20819
49718
52638
30357
73314
26112
11650
5836
66750
77384
29870
2440
28120
22845
9491
34039
50861
34201
24381
89602
9067
46795
11876
39603
84356
79241
722
88871
29735
27066
80866
62395
29016
9880
75567
3403
13157
51553
56380
61791
61257
32561
43629
33992
41833
34758
78794
68596
61640
64436
12068
41226
53932
14302
29297
53302
26230
89713
55216
37037
76063
41079
32368
76959
36345
39083
10926
69773
38392
13038
8768
73357
15434
9978
59294
9186
45115
39046
33871
26210
30659
72056
26753
89623
57508
43119
35088
12247
61181
6121
17176
39928
19271
72650
44758
43557
68229
28517
68364
52193
40135
35435
11634
40223
48183
87839
1906
87203
69109
33410
87130
25458
16174
62272
82936
18300
5926
36176
62565
79926
44565
8323
80744
19429
24921
2596
61434
86853
23488
35283
71441
39102
78115
53240
6277
45201
11193
60438
18128
10954
46716
20664
41170
18603
42657
48438
51635
56925
16113
52937
63045
24873
84517
5139
14683
52786
17966
59489
17912
44854
12465
54680
49600
42655
31078
15600
50147
5889
58096
25628
82585
85538
35692
2597
39807
80100
19089
14326
69430
87949
25930
60381
16605
82910
12675
88592
4945
67442
45579
85188
15162
12031
75957
77098
44556
11165
33070
13886
58731
85502
80138
9052
40490
37623
50718
48298
37905
57191
63843
81470
14124
31764
89346
52091
43843
71886
9153
6349
6733
87399
22233
20231
88562
1318
45157
50507
55227
37178
26320
6799
23554
35020
55767
88113
79900
13703
37123
86892
14250
23327
51180
34653
30779
19513
73206
22381
7665
15284
59897
19128
72858
74666
29115
21577
28566
22265
36369
44461
161
26993
1769
25154
84417
59593
55039
26853
41254
17758
26275
19083
50458
65311
44623
15535
25740
27343
79988
23203
46146
35790
20849
48685
55173
65767
81061
13803
75000
29952
32036
53701
25424
81080
89251
45759
7357
73956
62515
53045
46988
23761
15288
51120
31263
9271
29234
18843
40535
15974
35050
51845
77018
60329
83975
72059
19572
83189
37252
39310
24092
10850
6822
58710
56746
12216
33568
14992
70010
68690
50440
29479
23315
63981
21711
12817
39534
83059
11480
59762
20261
14810
50780
53897
57102
82177
47660
81977
58765
37162
83656
21104
11928
28045
69231
46715
29472
70818
23353
63562
26667
51744
50623
61248
76426
39616
39834
88684
39185
51872
43748
54576
16651
19632
7324
58254
78581
21520
50810
59436
8951
43796
24805
4714
1873
72072
20153
38172
52224
57693
40364
76267
39456
58105
43057
39877
24332
35503
26447
54296
46344
3112
39448
31573
28136
81707
81019
40110
83147
27339
67844
60174
27054
79877
20445
22610
49180
59555
4825
84689
20016
40165
61827
57264
78417
79131
84886
13797
35534
22567
2287
52284
60055
34671
39497
67105
63627
44046
21086
74612
2712
76092
26598
52144
60606
82238
69602
17182
6109
82909
82275
49347
69210
2033
12569
18271
30186
21398
66574
78282
46584
6838
3221
81393
77013
40276
1621
43023
20217
11678
24232
18176
54238
44186
68605
29910
76711
35716
79229
8062
75447
46090
19668
2817
51258
702
14152
60550
78985
28662
18202
44082
88240
48798
66632
3049
1824
7948
774
87099
83100
57105
78660
68374
9124
11456
88615
66008
80598
40210
26383
16327
56397
21631
20570
74416
73356
89435
45107
58667
29100
29969
961
44900
32602
49957
14010
66615
71074
80498
27369
76809
1234
72400
24345
81190
50071
8037
6967
46890
1761
68414
65795
25561
59111
57587
60657
55412
24702
19286
48773
22416
78935
48949
29324
14472
41024
44874
16408
50242
13375
22603
86599
62530
64997
89934
72097
47309
42688
36589
57514
22973
57608
49215
39205
51564
6374
28591
42299
86359
80604
22917
66182
18285
60001
70076
28889
16519
18034
74222
64590
45661
66071
66733
17128
41338
82875
60460
69110
62688
34447
33189
20715
13587
14543
74304
54833
46220
68152
49763
27325
76727
14511
79947
46249
29062
59065
23370
77935
26413
50986
66183
34346
69157
3796
65591
77274
23767
12287
3091
31419
87527
30662
60682
36730
26677
79886
2211
57777
69517
67511
38201
7233
70309
17346
56207
69861
34393
14839
19195
66738
51211
64731
78916
4117
80262
49882
7755
86605
31555
86776
37610
57802
75609
72322
21201
81073
5689
84254
43859
35690
54751
20964
21258
48620
79199
4466
69706
40689
67452
33776
34362
80133
34951
29743
65672
73938
15588
87467
2029
60615
41899
38175
35398
29003
80127
40059
26254
25881
19909
119
14117
68695
7311
82467
32975
18966
65433
63970
64151
78851
84789
68840
30737
65950
60730
26451
40541
67054
75592
47185
15363
61925
80811
28364
54914
4622
12480
25295
50227
40076
62094
33661
72610
32254
41401
24785
59024
7583
32768
4260
70053
35607
23319
4458
7143
30004
17384
55422
29391
8960
1459
15416
16434
82247
5809
26830
42849
28958
19148
11509
30301
12643
83709
74957
4708
68996
56361
81935
61273
75681
86057
82683
11454
59516
78978
89529
51903
55452
11426
50181
12994
53512
32820
29984
30524
20182
63158
19269
16386
55291
11275
70347
61046
57486
76506
48018
70612
45515
77223
68056
14139
35812
10622
64682
77354
74123
50658
87606
27049
55090
12716
84543
48097
59161
70714
42740
13503
27380
3777
42609
65055
84053
62347
6072
60548
65690
7172
13737
72554
5132
30543
7604
32644
27507
33867
67914
15566
88641
55161
44851
83815
19462
84471
21413
85138
33234
79799
62145
22508
20193
55194
48894
54395
85465
42691
45826
33082
52525
6243
62875
73617
5294
66298
85886
72229
37824
51327
45242
11112
70367
4915
71635
51122
86852
2454
87447
8003
67214
10019
75773
69856
11512
30605
75568
64869
29662
54941
59156
18807
51143
83523
32612
37774
11910
68360
32349
15176
5472
63151
15916
7870
51498
64727
7903
68391
62712
84993
71657
65841
79658
58046
42524
35239
26726
42180
45845
11083
11625
4447
29038
11595
44949
78918
65788
54837
68234
87310
80880
9273
52374
27200
89569
9181
39789
3949
57063
61757
77818
75950
33967
49897
49617
85672
14069
18954
21062
77393
62317
78327
32502
67374
3447
75007
4903
85727
2511
61789
25902
43121
87095
48218
13346
24679
29414
78726
41314
24337
40500
86435
31625
32577
66546
40473
47662
71477
21031
88413
16429
62345
39918
43228
46928
12708
24353
53237
18446
88714
69279
72437
83657
73619
27553
75722
58053
22860
86415
84136
37481
66192
45395
85355
28942
66180
29887
84823
72132
215
44322
56655
27111
20982
1199
23484
68988
55029
31404
12034
88451
34322
8448
23517
87589
22726
11843
72510
7925
76004
69524
2784
77959
84494
52550
30441
70572
64999
67111
32167
47151
49243
27374
43285
51802
56309
33794
58733
79630
40455
28327
41447
58758
46051
52396
9263
8742
69749
69111
15892
23961
14185
22123
78095
7724
8605
60076
19695
33947
87736
1534
43439
39303
12041
31779
81724
39516
45271
17986
57640
30491
85489
77078
45022
85252
62860
77695
30142
29819
45073
30003
19115
64173
62219
62438
27266
73466
57907
47377
54292
27938
53117
31463
83837
60427
73446
4372
36952
79547
17242
26576
7885
78931
89291
65182
48314
61419
13452
50259
79715
23981
70458
44754
75104
5539
65860
12443
6703
29614
64862
3269
32118
53235
88826
29726
89802
20904
7024
6006
55639
27520
20235
8375
14026
25320
49002
38434
75485
59177
47868
29486
50581
27313
48110
39669
34455
69225
53959
37361
22012
73929
49820
61932
44409
21630
69491
84081
356
79436
35374
78606
61405
81225
72202
8995
2173
57913
45559
57076
44220
60238
64141
40088
44819
71815
80825
56673
22225
61179
18849
79739
13741
81561
85386
36845
47083
21645
61409
48775
11225
65235
733
67534
51723
58194
21219
78711
25277
21670
64893
52213
46787
53222
87505
46039
15043
63020
11446
6538
3961
15190
84368
87226
84638
59565
54291
43131
47337
8722
42495
22
28192
42479
4449
67965
61023
61180
26044
26419
73855
76854
32033
77074
70131
46662
48509
17408
65327
7530
73881
78512
58700
42990
52344
57305
25846
69988
27679
18094
75668
54491
88431
56171
87627
64892
75781
45558
49884
36081
84763
25274
79100
62172
21001
19948
50426
44526
57506
41326
62944
37171
329
30053
55705
30321
60421
36322
68507
59241
33828
62498
6457
28640
9748
51053
6765
55193
83310
19755
2506
69092
68338
69947
70939
28550
67792
28576
27675
11455
31122
22999
62591
78672
87153
7285
47403
32872
71903
89145
880
8512
24330
74491
61702
43176
27157
39214
9742
77139
89372
5879
39872
51674
1762
38652
32415
40914
85591
15959
61356
67415
14098
4821
61015
28808
53700
18503
50072
25238
46009
70955
64111
56335
82257
26018
38567
16446
79340
7546
20065
60393
28809
47604
40885
87513
39747
6454
77401
33988
12916
6119
46462
30015
2066
33822
26883
2195
53992
71115
39980
58098
49135
85842
4077
81147
85280
48905
55509
41956
81717
44985
17634
43261
74255
63880
31630
77611
85390
48871
64487
78474
118
41382
74242
59662
74787
23613
48336
32249
40496
85146
68494
52232
13324
49262
42440
5878
73518
13144
39903
58170
48167
30141
10174
52354
60234
46196
6658
3327
62290
36575
33449
81937
70462
86557
5587
2207
60720
63229
38535
83569
68359
64169
4231
59304
48937
69920
40162
1846
23266
21192
36415
8299
84250
83344
85080
40028
84788
13811
52185
19438
56479
43640
40051
62644
20252
9623
57559
75275
11211
39174
49577
14952
44167
25090
54422
3516
80999
6565
28405
42673
29842
30009
83105
83172
78984
88966
60072
76798
8071
10562
45077
19547
25877
26852
79749
46695
35927
32924
68383
15470
82861
80691
36668
62879
87403
19247
18736
88832
772
12724
67783
24404
53108
19
31688
55809
12690
78457
20310
4805
69764
68509
59041
73060
23381
11122
62507
7082
65713
40966
48148
48174
37302
53281
15308
48406
80503
25563
56135
20389
86188
49670
17554
10587
26756
45932
25462
85872
17344
3911
63270
81963
5740
12196
42465
239
4223
22994
24120
83751
8004
68894
36249
78700
60827
7193
56052
15599
41511
58172
18781
52505
21972
29020
55267
21808
73589
47146
41054
58190
68768
25174
30056
30450
80431
48506
60915
18481
41895
3953
29904
1616
13331
27772
35920
12422
33700
52993
7526
31214
89476
84994
10966
67874
26365
64163
29035
23658
71098
83099
18030
65709
83312
75332
16363
2671
84854
75985
11162
13552
55606
33048
47707
16159
78797
4145
36843
83906
77848
62136
24017
16751
74232
56120
38554
16050
3336
76401
88128
36127
76574
7655
49744
2783
6676
65230
16078
61187
82198
67744
74470
13333
44787
87608
77325
49510
14975
6068
7944
38653
32910
1939
15216
81876
55321
9085
49123
61842
61793
6313
64159
35943
47053
33286
88284
5778
85984
3731
71466
72065
64180
89542
54784
85112
22648
73991
87607
33873
69414
85534
83563
72373
34413
47200
88205
54077
7342
78177
18315
45241
51447
41682
28985
46819
67865
28034
85539
58338
24366
66113
64948
82595
14353
50698
28115
50032
11647
52058
6379
12564
24803
56437
68546
9890
84463
18823
44298
55040
67690
13531
19661
38036
18180
85876
84871
63958
37320
78920
22172
12541
26386
88340
34323
75375
22636
75888
62729
50029
87063
25958
34547
34695
52511
42144
10307
22063
46408
89857
59837
81370
43738
15278
49743
39704
6670
85053
32973
13357
22572
44849
44194
62787
70935
51427
25404
74602
33148
50400
38424
45621
60790
10455
6338
28956
4107
89828
56362
20030
10889
8589
71005
15821
14886
6736
12333
40898
68745
58844
9531
49129
13880
13826
58934
33253
87362
7552
72691
16958
38602
24542
40442
39249
23217
89364
80109
14324
70475
4874
4356
57485
24244
31118
36384
14768
81041
49492
849
21727
39402
66975
76439
67185
34817
49403
7683
18227
26152
56195
14542
50216
36393
910
43718
52842
83680
16207
54671
34686
88137
67900
29884
28817
11126
29227
7838
80898
59824
76552
44418
80684
79163
43139
42022
43979
66531
23081
35745
27828
73471
46162
81609
44950
62909
31494
208
10226
81409
81174
30908
31948
45218
75692
14705
45719
52391
8134
59469
32586
23894
64643
2288
12003
70087
4566
12853
3104
34200
83461
29559
51893
65488
75318
49176
46837
19784
269
21920
28025
52598
39253
47075
17381
12062
9369
11719
30322
31401
60883
75246
18491
20790
72206
62812
8069
48618
41174
73920
43753
78602
60049
5876
58201
2607
19179
26322
42345
63169
82468
57081
55471
37982
21733
43132
29592
55657
52984
77458
27636
9728
81332
61208
63524
7226
23139
9557
48683
17077
35506
50853
53594
78271
29704
53928
78321
77587
34780
85136
20585
89873
13397
61519
65354
73845
40491
51557
58366
88700
22638
78241
56297
89120
51181
37355
42904
68963
2079
26810
9769
82125
6545
83237
74404
25490
5940
13819
32816
86627
50378
33589
74623
83327
37771
43105
89945
42862
13116
71907
49536
80339
45099
77927
18278
65316
34962
87578
80443
9229
80762
27593
4577
19744
68047
51642
53688
31956
24830
34291
78454
27275
50361
34590
55133
47140
2988
36785
70844
36074
1821
10108
25456
68263
8556
15480
41043
13648
3273
51708
70995
44438
42763
68068
32342
26739
70568
13387
38611
40246
14085
70147
82376
61240
55413
23764
71989
31051
35510
54344
8109
7890
63839
47028
49395
88473
66937
30312
62487
69158
44091
77917
4208
58351
12279
149
28222
57207
30026
20959
74087
75532
59708
39638
76932
76472
50065
76899
2538
11572
4129
74114
60672
27676
26393
33270
47035
25188
89228
26566
70370
67428
59292
68106
37678
21272
32633
13163
44541
70195
50554
74570
32092
83297
22971
41732
62363
55613
19606
21299
69853
5450
8357
86799
75285
2575
3226
3001
79673
57671
6253
35794
62630
6499
51582
14292
74679
45481
29579
12568
23655
4992
83268
84524
85161
65998
51884
13271
76853
38720
2611
57849
89749
7994
61497
65699
52307
51622
53875
17622
14384
67421
40207
40660
67923
40034
76218
9827
53613
80851
20792
14769
25507
41379
6434
6057
10997
54743
19087
30611
197
71921
9749
16472
27603
57563
53607
19701
69098
50016
73946
63810
17227
61801
24405
43017
61211
59264
1011
63528
2820
73094
80876
76279
5105
34679
59867
9158
73313
60388
2977
46622
65670
86215
35077
10936
12983
53396
69338
3747
2522
9360
40562
49296
43971
52784
65362
62849
23064
87826
746
48030
53098
8614
41810
80591
88682
49704
13386
17655
29306
41360
70344
47027
22752
12810
73595
28783
62789
26595
63893
59285
8876
54322
74942
29621
78096
8612
72468
18350
55071
28479
53918
19131
76614
22686
80834
73564
88434
33254
39773
53483
63236
38384
77367
12338
25489
45901
57711
37082
84849
28418
83981
20327
1548
17934
20430
47120
53676
76897
63361
15760
63729
32277
31070
21620
35426
70875
13369
18086
12989
1796
87473
16347
87028
32819
30300
60998
10203
37928
58609
51401
58741
48698
31413
2022
34278
13487
10248
43418
52676
11609
29596
33309
5456
88859
18837
18750
82363
34098
14189
28682
36672
33467
41764
49982
38952
52087
71010
56779
17587
14856
530
23724
64796
70841
87880
51746
79791
72787
17422
84751
64106
53079
47175
3843
86856
84528
77211
61994
54481
1826
56658
67905
18376
12607
39916
21065
52597
51090
68489
35311
38685
44013
65659
5010
49278
9828
37530
29575
16465
53266
7491
21752
4186
7578
78206
70325
71730
57785
9293
59817
56036
32970
60114
77823
18095
1570
26953
77815
35547
22263
31268
30792
12988
62907
83603
86467
60297
27452
68929
67996
41667
53528
46529
25210
51851
21940
69043
88968
84467
32991
21647
28788
66006
2373
5316
70322
46781
18886
48027
42945
32406
18259
38556
1460
76927
76361
35892
68870
82603
88378
22847
13284
50197
2231
10162
74048
51597
82746
15457
19540
77094
13138
24436
37156
54749
47096
20656
8777
75984
80248
47941
71645
16102
22888
63951
56061
29749
80148
33312
45164
38218
75410
87965
42590
70068
30939
57061
79253
59038
12680
18453
24387
87838
48772
32191
13957
3561
81299
42027
49170
86386
7713
70188
58664
78514
75293
39499
38280
32047
39576
10944
37174
28587
7872
49772
7949
83892
80595
36142
45378
15703
66141
84169
76417
28760
11846
10956
8286
77686
37853
49609
6228
54710
41702
58231
32549
30342
68662
60560
56979
49221
78813
25477
17019
23457
89323
8034
82407
28565
24172
41480
3842
80676
14253
25597
84501
44634
69775
62733
56849
83900
3093
65226
44637
16858
17790
66214
14474
70025
18892
55337
61924
28312
67660
50821
26905
17717
75272
2595
53727
85362
3201
22287
77070
54397
48659
80265
26910
69067
2561
5766
55560
22776
9152
72757
76457
63944
86922
66339
33911
21573
76529
14070
86851
4744
29375
26820
78586
36700
12385
64307
80785
17443
24162
24760
78042
45920
77358
85170
13034
54700
47001
84059
54593
65453
541
79134
25599
71186
22397
19897
49179
72658
33923
24782
14882
55060
40292
77343
84306
30021
28588
3033
2420
50820
1462
33969
36217
25528
24732
46692
52995
14520
9547
84064
41148
37679
88049
12
42420
87909
71379
58276
10085
77566
31387
24750
55541
38561
27159
86453
73086
6830
54100
57655
33057
31663
63738
51603
60243
56327
721
66464
89834
76334
1258
73712
3880
16902
55044
11849
20679
47052
55491
52989
31675
2990
37964
1798
64458
71099
42475
55307
29624
85013
78959
66278
81704
85520
65791
77925
3649
2617
27222
49947
37438
3479
71347
78396
52969
79180
83927
80758
42639
76589
14176
37961
53476
26090
325
2405
69306
2960
5298
11831
16988
76945
55357
21726
76900
82532
48748
77004
15884
14739
25876
49593
47780
22633
64855
18226
46769
89893
81958
86550
70160
5041
16826
3119
25649
44206
37382
17303
53566
74995
73074
81363
73836
20227
73351
67380
9800
14023
44705
44318
36403
78291
1927
53162
75107
72299
78532
23778
1626
21125
15986
53571
7815
5977
36614
37065
84749
60614
72492
73893
18964
60732
2790
6286
27095
45377
28626
63770
31349
38372
30105
39163
56177
38704
28791
63941
59960
25187
8977
54221
52782
15637
28085
8808
3364
5797
42722
70795
18257
27707
33531
61471
28867
66661
31225
56379
53113
85455
9261
12504
22964
9096
82727
48856
36787
39273
46365
40805
10197
66020
83648
52126
4609
81951
16581
63818
41878
60638
75373
78639
40543
50891
20931
9359
12320
37564
33276
37793
13023
5328
15258
58481
20723
58385
28330
66967
27748
64937
28181
32582
37874
58049
54030
89266
9927
15839
50321
49202
62271
32525
76791
5572
20380
20150
81734
46404
9762
8255
44898
52139
38870
47771
83742
5233
9068
8563
209
38935
28367
83441
84125
37106
10397
24203
36741
18149
27671
33179
67210
8491
1787
63502
79007
33760
81754
57196
27913
34674
87136
18370
35013
83904
2156
64542
86661
18327
84693
40963
76647
69729
85781
87581
36734
66212
11166
2458
4731
50356
84372
42678
79918
6359
50037
89008
25311
80847
89820
33515
52065
63707
41088
39343
73297
62387
59263
13612
5300
71942
44008
61912
9269
71153
54828
30269
25632
66851
77007
425
24224
35677
15160
38128
55530
88864
41288
44804
47692
11607
63068
79201
30710
11939
53500
84925
62418
76977
28431
59717
9417
71257
37308
53254
38819
3673
52440
13934
17175
33989
35295
21196
79552
60336
28767
1561
15978
60993
16254
43399
16255
80872
4366
15218
63355
66981
50534
53373
40834
15718
18219
72316
22250
14453
17932
21045
19316
40746
79862
43969
22593
43865
85855
21694
41098
22460
54156
66991
78730
68891
86003
11435
87429
33712
29512
42078
36678
53651
50344
37381
43472
288
34652
86253
36029
48801
63052
68186
43088
53477
57156
28998
76494
18908
26013
2750
88124
63990
32035
76524
59107
73637
79396
4851
57868
41312
35512
21702
12343
7230
42262
74898
33182
33716
1799
29433
53837
28446
86972
64355
63536
86245
55603
47564
73898
21437
12765
42296
39750
73409
27882
16463
53703
16844
30047
24723
62774
51806
20269
65309
15070
43804
46094
11668
73749
1222
27193
67284
200
85651
78300
40044
21633
36303
28750
39970
38915
30379
56101
85659
67184
11994
24200
65920
87017
49398
83278
26996
41166
39820
26437
3500
29695
22856
83516
2190
80662
17054
60947
89142
58331
69160
32008
73458
45990
16785
8567
10256
71804
63299
43051
14248
68593
18589
88681
11913
67686
18080
15802
53422
15522
59713
14878
52604
6718
68122
77346
66181
39909
54550
51751
78251
64102
11335
14968
7572
1215
3852
20532
85480
76902
71782
28681
22087
16564
75247
13604
51131
24738
89130
49462
12432
46614
57658
52030
75807
47039
30152
67262
54103
49781
89283
50663
41248
54185
30228
86969
86408
21461
79780
74671
51481
87821
47044
85425
1340
89410
82089
47572
79492
83031
76421
4584
7558
20718
28062
42148
82358
82664
23455
14480
27622
41535
47959
71291
24582
61427
42891
60293
63884
45174
89599
18956
76461
56261
3728
88474
71658
2412
6244
86613
62257
21438
13969
32060
22896
3637
54741
34509
71626
84411
80540
36643
64471
27574
59846
26787
72063
80742
3384
52811
32455
54348
86380
81841
26603
38430
60974
29445
73397
4711
40579
30054
86248
68641
68670
66411
57605
7232
72761
48493
4415
19615
22739
37321
8809
75515
42039
60624
32385
39942
73252
76918
63026
87579
64614
68503
30822
57723
29605
5331
17859
76890
61155
18245
82938
28865
48839
17324
12318
12111
59591
1714
89386
79677
35906
38668
35128
36829
24942
89892
11877
51278
76278
31679
77805
51540
43024
30387
82801
16676
36206
31527
26503
7090
76951
66585
88893
63798
9064
51602
73125
18076
70596
57025
83669
75156
9233
12841
15774
69587
28580
5413
26350
82109
78429
18164
86635
55641
12368
65899
29368
60305
53915
4812
5431
26412
88546
46722
17578
11722
39602
15474
59954
84896
64555
75701
87799
89915
32447
89549
51596
6959
21675
4594
61616
31662
78603
27092
4491
66590
22470
53657
25236
13401
2926
31183
42627
54298
80718
49919
35605
46067
87576
14288
29422
73273
70373
8507
77834
17776
15011
16344
32348
38987
89107
15426
44057
17180
2900
34195
44311
51198
5888
8059
27635
30344
54722
73046
76556
67976
25860
46655
68401
63276
31682
65364
69196
439
21737
27614
7538
54989
40190
74647
29623
63350
54906
35683
83137
34087
84702
49138
40592
56911
73963
33351
10442
89222
39272
73886
46759
52472
3582
65605
29990
47750
19604
67845
71638
43491
67398
59118
80708
21961
83903
19250
71320
64011
42426
57091
80376
1948
76923
29925
48473
32180
24503
68440
76623
81790
43929
30945
29243
10543
65650
59821
28278
52496
64704
74257
43035
71502
16600
78637
58291
83286
41307
66174
88537
63819
77783
43988
50306
7783
1730
41427
64142
65067
80074
18207
70197
69549
6773
64055
23044
80574
78088
70169
84530
33080
26927
39881
86430
74188
43440
5593
58233
39356
83920
43529
1033
38576
58007
55846
19471
27006
22234
49377
50498
56728
43278
27169
58919
52056
45353
81564
30396
74127
8176
12792
26644
50240
7774
11177
18512
54369
74842
3875
29232
33319
54449
5396
41185
89585
82928
22342
32291
75941
74332
35427
65258
81804
47516
3132
15336
79204
58553
60436
68450
32724
78236
56955
38349
57252
65644
75766
63544
32510
3963
70239
80481
40683
17774
20539
17315
48142
27632
67665
77023
6348
67590
20597
51265
38711
6823
46470
41545
7561
3848
8887
26334
87250
80444
70021
73967
6846
44200
65156
62541
10703
41173
65216
20304
8654
87180
62835
59055
67125
18841
46998
83420
57109
81928
31489
55745
4632
24772
79172
49863
87910
63411
86905
66112
32941
14710
52465
60850
47334
82263
89621
83967
88610
38564
67448
82293
81083
89699
8745
81468
53207
31683
38459
88349
29930
24729
44622
68387
71018
71866
43630
84057
5578
65758
70504
12848
39774
70544
65315
18423
70883
53135
10363
21793
15061
706
60854
69734
28911
4530
43757
66664
29030
73842
87582
57232
88723
77583
40380
73498
64025
21542
9040
42098
17621
9613
60607
14463
13151
19101
18682
52072
20385
81608
41867
38234
50177
13445
39084
6112
31205
64550
18891
45457
68435
72230
89539
59766
12310
16480
67434
23113
88257
15242
46388
48396
80412
86414
44424
35173
16023
89547
59728
78010
9825
68548
59426
49688
212
88972
32112
13673
70421
61042
64146
692
85250
19949
35330
71837
89798
76124
25795
13993
9240
14338
53793
905
15370
22411
66544
78409
73277
39847
44807
75460
46017
26017
23976
43646
59935
39600
45198
19026
44943
31634
72338
78832
19344
81916
85927
5609
40349
18329
24735
46576
53993
7868
6282
21218
57210
24584
48961
61395
77154
52190
89672
64868
81627
37041
29937
52322
16915
19982
7162
48077
42238
2901
48381
59001
31510
16168
31690
50740
24115
78470
21141
80539
72074
10078
32408
73797
47632
432
57201
41016
39033
89219
34438
79228
19688
83120
33737
5291
68533
26681
25884
51418
20696
26934
8292
74216
4556
50012
24654
22854
57360
47569
40422
82631
58983
40771
44893
79592
60932
29766
22600
34379
4516
64161
59584
51300
74504
61210
60753
47845
40510
63183
15174
86980
31245
76993
1533
56369
4651
78967
1392
85178
86534
37647
8698
7360
35240
57343
31922
6473
42887
28500
57120
80187
62543
38889
14585
17393
64771
17459
15575
83716
18110
28756
26039
5159
68765
35571
66124
31580
7874
5504
8521
85029
11752
19824
88773
88176
58345
3918
27783
32040
77968
33324
40905
87026
63090
41815
1164
72083
29258
23898
80034
28991
74250
82266
64085
70080
51332
82511
14184
78527
86504
15927
55611
71414
62430
71724
27992
68829
16542
54207
4373
23152
84340
8083
13753
56700
60166
30707
29625
55099
8630
43489
48700
42767
14398
29931
52397
86311
2927
73198
14049
31408
51485
40247
33836
50940
74869
86065
72275
4512
76810
26628
82071
33434
83819
17692
52609
73130
47066
87080
19184
49640
78284
54773
8237
10055
44892
54117
61683
74706
28476
68083
17419
78871
56595
50107
54131
68819
38528
30080
11296
41039
34759
50510
31491
24597
74033
3650
30701
15083
22667
64876
35488
30458
29355
9576
22755
70756
11727
60432
7175
26814
57982
84288
17194
16837
25093
85709
30076
45780
24868
13002
67733
33641
18036
6839
79158
33671
38764
59962
11502
39725
13325
35711
73639
84830
66479
9541
59661
51311
48358
5606
23720
65115
78618
89763
84616
37353
43267
47908
76683
30813
76310
22947
39301
27254
18301
33831
89159
10721
36408
83890
86154
30925
42501
55363
78876
62383
42337
50923
37230
25852
52080
53622
50153
39961
85110
71610
8396
24641
39221
82037
77388
78925
75829
13624
79517
82663
18859
76355
27461
72158
51242
5279
62351
63423
79798
3900
35636
63999
74661
46349
65577
35434
1987
58894
88846
44074
82239
50884
53068
51914
70798
44063
59344
3560
63747
21046
77003
39867
25660
41051
84662
62328
21595
29882
48850
58935
56469
61701
54967
35242
72390
55781
89378
73629
59536
86537
41492
30287
394
9883
29070
82064
5724
24861
11788
82586
40100
11525
44316
78451
79937
25243
1936
16969
69085
81096
76002
63789
16769
45055
8836
56029
2248
19021
1466
42822
39109
12920
30664
71538
64958
2504
80464
6437
71845
39854
82788
55158
77519
71615
490
88513
14103
76320
43990
85061
827
70677
86968
2088
28655
71644
25214
72103
58411
69493
66706
78038
30309
83986
52495
14081
4465
59886
60516
4472
60815
24740
9608
22669
71405
1673
72927
26729
86682
70432
7383
13585
82248
47674
82831
87546
34132
21788
38148
67410
26728
55823
3107
43197
86630
54995
16677
51338
82886
65243
7338
64490
50333
28447
63104
38869
19266
87137
48461
42197
67479
23334
77630
11251
48306
68470
71652
28490
37318
63931
55586
33172
54716
24275
60642
28106
53604
57282
74335
8279
13356
65868
89533
64167
47014
41078
87679
87412
26352
38027
85547
77517
73598
73947
5867
12497
82462
74684
84485
11490
37842
20139
62152
11111
64611
61524
66191
15447
83566
16240
74096
1655
21696
64236
36381
53593
72138
80159
14789
4573
22348
59142
76490
31762
27251
66798
30240
45717
42376
60689
16532
33246
50205
2572
3399
51260
41900
44621
7391
17461
86357
42054
56435
83217
22569
50678
13818
5945
64886
26388
72864
44687
87684
46152
68243
6760
46083
65646
68193
5141
43999
20355
20088
65740
2158
60374
14444
11220
17839
56013
48921
32597
6832
6024
25237
49461
75350
28531
61343
46070
42454
77865
33512
36260
1131
27781
52738
57029
40554
62326
9278
62206
77908
36479
51962
88801
25668
11448
45103
81547
21812
39245
757
88917
27948
15351
1450
66109
75954
37303
27353
68824
39949
26239
62896
75981
12286
50309
83325
36475
82004
23195
13830
50632
61574
32463
70198
1004
37237
44922
58666
63979
72990
79355
49041
49024
65343
42360
84965
18840
83262
79541
79141
62200
35680
27650
80287
73999
16587
55320
74867
81805
25975
79446
3892
41465
31903
25756
69752
89900
60036
78654
25307
46440
50993
72983
85341
88878
48130
27634
83478
55192
997
7283
50152
33885
12070
84954
3809
74595
55169
46431
48178
37671
6914
3382
2208
62393
73204
66916
67536
20301
64726
84447
15882
15562
86575
25942
76796
69042
56295
34901
1166
79976
66718
63492
69906
84599
53405
67852
82088
19441
1851
80486
12740
33134
29751
79584
54912
11021
17001
21050
11646
55774
55004
85104
57601
44134
81964
37729
31938
66678
68633
12273
32471
68539
73903
22029
40392
48165
34995
32947
88326
70389
70845
83340
73671
26526
20737
26011
45743
9423
12358
88764
8027
68713
629
14434
1036
44500
78824
30137
89780
82750
49857
23071
46468
56532
48786
49372
3389
74734
20117
650
52946
63867
88645
69923
23438
25428
53375
46198
67535
12201
7875
49326
65450
83539
20107
10042
46909
19306
51854
54519
57589
70550
29173
4329
25086
42832
23638
87392
57861
13976
42687
70001
85883
16569
42735
68065
2357
32622
72987
6638
42566
52464
53638
54386
40876
54494
87614
50625
43234
61674
4218
44018
51117
56414
30805
57878
64967
14944
36056
30193
79149
18100
60458
86221
36619
2894
2892
5881
49380
46638
60595
31579
17890
73907
52359
66060
68592
19433
10816
81102
36195
86401
53202
70209
75386
64371
2232
77721
9421
43938
6821
36228
8210
63669
15592
88657
41668
80957
67420
15163
57037
6426
42181
5604
70642
42698
86230
71210
85111
84911
38158
7837
30646
58457
44462
85205
36243
25548
82823
79643
15438
22953
83611
12076
64523
57401
71647
50598
13881
41628
16261
7129
47938
6556
40812
3103
89622
3506
74411
36298
54875
49471
76367
30226
58661
12880
61417
54838
16608
42645
14626
11472
28499
87290
39855
47179
76891
88726
25937
24361
45634
72995
81645
58536
13143
24622
76904
57943
10193
20933
87154
72171
15279
42389
84016
60315
41769
45265
26948
38476
63269
37740
60568
57544
39181
74
25004
80576
65842
74152
68998
62020
42480
58261
73854
37486
25568
40054
4719
69007
20507
74104
41633
74361
35335
17794
50430
67270
61114
21032
59610
70751
11440
39371
16191
21773
29369
49580
39922
42907
77199
16637
9650
43073
50114
29023
24164
88769
86943
15236
52201
74008
63605
68827
55426
51707
21232
43045
71801
41059
10644
48520
47635
37783
76678
48403
65392
18035
83316
27773
33626
56898
19793
17201
2793
80653
60121
10056
83618
4790
18533
55259
61296
55753
25584
65598
48023
15612
12382
83670
28643
12658
19596
87694
60448
70251
23651
78633
17130
15058
17333
54557
57054
58334
68459
78450
71398
11419
1470
24135
55077
11039
11267
1122
85902
62447
4898
59830
69899
34884
29033
42525
27625
12654
67219
67498
35476
59069
54443
42357
63171
64463
86499
1230
53388
63600
86418
47143
6878
11103
31445
86498
52580
46248
78110
73708
83921
26255
9635
8908
8313
26625
23656
29015
6126
31484
43082
47805
36151
15706
36911
75531
40685
55577
32542
5498
3771
27704
88421
61065
57442
43353
3177
19287
2049
45351
11071
8301
87001
62334
88770
89379
16765
50381
58788
69973
51259
71769
44649
77362
43380
79784
73591
4580
47149
85803
31744
64197
9236
9777
55262
29202
82159
65628
32193
8249
22786
85339
25754
73766
11891
35493
66767
71223
41044
42979
41068
754
9823
65907
37349
71813
20303
36601
31320
10459
719
33139
68422
7718
336
21489
27687
19929
64604
41084
3620
30505
50886
19645
47365
24009
69669
24713
67068
19175
22984
44195
55350
40874
61849
23879
59585
36738
76482
7350
43917
65959
69484
42932
47858
8902
47529
51549
41837
80053
54824
25506
28675
83783
61344
1282
39966
29166
41532
59741
45100
66065
84106
48845
86355
22370
55696
75830
61204
66800
24376
54235
86496
43220
52908
10517
42170
355
6163
40377
33509
17228
9472
35234
83676
5342
19773
42879
82054
3398
16131
13474
35715
32955
82397
34159
55699
78489
21117
80441
48386
82544
29497
3571
75544
76239
11108
22697
39653
39398
65838
79704
21570
24048
63513
15063
24399
69346
79663
63716
57362
4613
68465
54733
57687
85232
24651
60793
12387
31247
25816
29285
12166
3524
58779
41220
8858
49085
46172
70861
35952
25384
42507
86468
83232
37045
26436
65348
70601
58039
22442
3836
11395
29488
41733
68551
32720
46874
52730
71875
64852
1259
83235
64231
74281
29365
7528
33882
77504
75416
8513
64499
21720
34301
50101
73242
60198
42240
21822
53664
75576
31140
55525
85006
83309
85818
64064
70205
67578
84645
41165
15287
77487
34560
61299
31711
49094
78762
24281
26791
33308
30271
38778
40970
6328
56620
2618
31295
12886
72849
43106
51655
24117
8308
87084
1341
84248
74767
67603
84976
19107
85222
6220
80622
80397
78669
46960
67362
76523
49162
4671
62191
25512
61314
69232
58113
66067
59624
15020
33205
4210
29193
17023
73626
87740
85521
47922
14274
36504
20905
61681
45293
70116
80198
20896
75467
24178
19797
26133
73364
5161
66953
82581
31826
35678
17373
54697
68014
19896
53406
38801
29195
72615
87817
5843
41762
26
2032
52300
41962
35412
47904
21239
25377
87030
10892
11236
5033
22619
63228
18140
31965
65097
5071
52682
3223
67467
80260
55784
32636
82183
26570
43378
74968
67168
68999
1343
3303
82401
12075
49716
3601
75850
20033
79399
69891
70933
68523
73508
56288
60300
79461
21364
18258
49167
52530
49503
35696
17125
10618
60999
3393
87411
83814
15208
10784
31885
13659
77842
7599
37097
3401
80057
60136
60559
31538
38463
73529
77578
32324
16687
83800
60985
83938
14148
62542
29329
54429
50587
21300
6762
7347
48122
46530
32818
75187
24797
80507
3169
2949
76653
302
66453
18960
89381
15762
18679
42405
17680
56777
41383
74800
52847
58379
61238
31073
9400
22539
44601
55858
75528
89353
45042
15431
61322
73272
89823
56638
81789
16548
87011
14799
27841
42325
65968
33447
20681
62234
41824
38154
75038
30758
80056
30052
65999
79707
57540
84192
74452
86951
19093
71028
21321
37672
35421
15120
70855
43657
88164
73863
86024
989
89339
22338
30881
68766
84138
20002
86858
3987
53347
83324
86642
47041
8303
67250
86013
79286
411
65185
58872
35559
26179
84577
82455
89858
14169
458
6340
46021
60167
20003
27611
67850
76971
9058
89058
23570
72263
1176
2238
19546
25371
71370
9479
42499
49400
80637
24229
4127
21146
52527
48511
33101
73155
19472
33283
44557
67626
11295
43283
12987
73115
46583
42256
86510
7864
77708
70574
19234
5074
85084
77377
23405
24845
68105
42723
84366
32685
37193
47797
74953
80090
28924
76016
43848
9478
5906
54616
26582
31775
35767
28975
64192
20935
22819
78625
55202
61220
18608
77860
54961
67804
67412
65653
70039
64147
32367
24460
20272
5015
66810
42075
79017
14750
65926
89133
89937
937
71356
16002
57879
40229
80760
40089
39399
63225
41072
68949
18488
7663
12390
15785
81324
15340
5275
47869
54268
33656
22499
3867
46752
36423
12911
25713
62382
44616
51631
36964
20370
75433
17455
24765
2332
21946
37770
6272
55786
72632
11212
62902
24749
54902
47841
35965
89628
61008
67855
69960
67954
77707
7168
62954
12449
30926
57220
87486
69252
18881
5092
23075
77406
75504
41308
23002
84114
15615
47919
60236
58142
63860
25416
51840
25627
78440
8180
73636
61037
12175
56462
16681
9309
79508
65928
8854
59928
33364
23441
57528
44653
59540
4109
37100
50414
7828
41247
75833
54314
82480
51049
54160
31600
8622
16955
25646
57133
43799
289
71024
56124
67949
1223
47510
30844
52845
17864
44884
8666
1635
8404
38947
83645
8140
51778
66444
48096
566
44144
38167
13421
25222
23777
58344
49438
50732
17657
75008
84995
7091
63976
52337
10179
60836
4461
36392
7318
37465
50881
74399
54433
55903
75011
44733
50195
24692
23703
45633
4166
21127
4149
29225
85562
85979
84263
18102
78899
89884
28353
34628
18363
11222
62881
78765
88591
21357
60181
36725
37272
33121
71161
71342
63794
19989
56317
18702
82393
27440
60043
35604
13097
18403
34647
24779
14395
58883
75881
81479
47804
41804
71504
73217
87629
6539
66262
51772
66204
85867
69188
40484
43519
51192
32946
55306
57422
15573
9073
12563
19017
9596
83011
52092
44356
44223
33728
11232
3680
82128
12190
33877
75090
28632
38882
26809
27513
41841
12702
10891
18419
43076
13104
65617
38168
15533
71981
78280
9408
24863
70494
7111
19032
85122
51698
19530
30334
28718
19900
36495
81553
74049
68164
59942
19284
14159
58116
29758
57325
65205
88999
21937
75167
18830
57567
12073
80796
47069
30637
2356
51848
12644
66528
86433
11531
36086
13564
2775
17244
54879
82813
18622
1659
22178
29236
61630
81740
34285
42298
31127
87421
30839
31745
82708
79779
30887
40209
16606
10987
38851
56992
18811
36157
38526
40158
79417
80984
75054
38208
66993
20403
31432
21766
8061
33870
44403
83123
58212
9320
26613
25010
29753
28022
6165
84054
42093
64437
49555
68101
79424
46527
70864
81818
63275
57597
10716
44580
42351
35231
47445
75876
10430
39813
82681
70614
67337
1508
57804
2840
78568
3721
2167
61227
19307
75192
81617
37009
73838
45639
67131
4081
8827
765
15323
5176
172
61879
19135
71848
80313
61750
68656
79048
86782
59483
85298
38339
2583
63324
89561
37004
24744
65271
32332
65848
43127
30690
70222
54338
79025
54791
58465
45628
71310
87141
68844
84362
70643
37256
12900
13580
66815
53601
36757
56331
7331
85614
26509
36945
65149
5208
60451
53800
57227
51326
36290
26986
4521
32137
73017
23049
47138
71892
17380
40112
77400
11494
25989
22927
11149
78756
75912
29664
49542
60426
19034
53919
34536
50524
69416
70231
78432
4771
32619
89430
19318
19024
88629
97
75213
3386
74006
16788
19455
58005
34589
56512
49295
3130
33960
78810
49303
48592
84157
75113
59939
79364
27255
65101
26802
53034
66606
51982
87296
86594
38232
52640
6919
39015
39645
24245
9453
617
5630
44597
67524
71200
40527
46616
14836
50692
3469
83996
69468
17454
41232
32905
42382
63017
42600
63047
65217
72561
4153
79143
76583
56735
40717
39318
68807
69418
44264
40029
81003
45003
72455
26460
56560
60752
48987
74620
19895
68246
66494
88204
59636
62678
15328
64527
81955
68085
40306
77039
72600
88607
42255
59070
38663
31165
39580
53649
74909
37195
77970
78715
45588
51939
58772
86299
59375
65340
83954
39882
42510
20530
3141
67220
52245
47243
1458
14528
19228
21283
37210
4674
64074
79507
12464
3157
56652
57797
48235
43839
54392
68024
7692
60029
11755
45492
76456
12252
37861
38348
52227
52234
30667
15755
72879
58138
8510
81727
13577
51670
88551
76813
37641
71437
43723
9990
81759
54484
71926
80185
35384
11072
66983
17119
4028
8007
44972
58135
4510
68953
29440
74701
40263
29189
62725
85642
61723
1245
37664
7377
55505
40275
39129
56337
3156
55887
56242
62968
73149
43470
36690
16831
24647
82977
17035
31540
51262
10221
86122
40755
1590
75817
12977
69336
89593
73713
75791
32058
70100
38813
61776
16197
636
36117
78147
15977
88404
68049
82100
79703
46406
21663
68493
87511
67092
53905
23395
17896
562
69481
33958
59011
24235
14068
21003
22580
38433
18158
58639
88221
3982
75145
59651
55659
40129
60735
6986
85791
65988
62038
52839
51208
20868
32901
60326
74596
56038
70392
8579
39100
38748
80818
80009
47050
73337
50025
51745
46380
81695
66845
13417
70825
79792
11445
46893
40248
11538
62175
5515
52879
43320
10282
69636
85745
49354
52866
70927
15283
73329
28355
49301
36211
42471
21388
38385
85399
7336
29700
56858
56400
65567
50302
52772
72571
58681
62389
12437
20697
40303
12227
38975
17283
21362
61601
16301
88308
39092
60504
63808
6351
38727
46626
6144
42760
9525
77907
47849
47125
1979
61494
70050
24323
46023
70353
34950
49376
73406
26858
39111
50085
11012
42036
18033
82419
72028
31176
31424
44428
50254
27240
56141
85799
66316
13351
13649
63577
53267
35570
18322
34045
59511
21469
2293
58409
65799
7109
66774
77574
31550
61876
88409
11796
65912
87053
57384
61054
71568
52965
15164
62093
74981
57187
38000
81410
53479
5011
18260
59963
1600
21739
17240
53443
86787
36084
52820
87558
73888
2398
1559
58912
7199
19693
6842
46675
7898
57060
33648
30723
8196
30757
83870
31285
11717
87418
86483
65357
33748
43116
22574
39412
71323
44341
6559
66910
29836
56567
9378
20425
50641
34206
42112
67161
690
75501
2584
86723
4560
61337
47012
50433
14119
14838
42303
50738
50078
17293
66786
50736
13080
47352
87265
19650
64465
38316
55783
10225
86788
49603
33459
13225
5398
6079
48688
45991
20476
30495
58624
78720
21844
81344
1019
42874
83066
15879
876
34068
11231
89531
44509
28125
4275
7916
35722
42232
38451
4769
3018
72821
81170
81055
83963
50293
60303
47251
78363
53299
43462
32239
23771
24600
3198
23078
14157
17353
2922
60621
4475
73425
60457
62240
57189
83944
81904
5246
27417
6417
74489
24935
20596
72264
16324
17627
12779
11287
19675
84045
59612
71831
69667
64395
33086
81477
14466
28690
25631
27766
81319
54998
17261
9629
86017
15311
66334
55957
26869
29522
10505
6618
57791
8708
45876
74545
42493
78292
20356
2423
23692
13229
59892
79712
49334
1314
77099
44070
46650
52014
86606
24327
62635
69013
63788
6700
85643
36848
49004
60431
25425
14423
65451
24608
77653
66922
87237
36338
85379
87723
20606
78008
23304
51476
29646
25672
19508
80780
54435
85376
67453
89302
1503
88667
33262
70839
13977
9014
87855
63845
36097
5082
3881
40333
51215
50002
83685
74629
74414
63059
32215
42717
64646
47650
85939
60617
57550
5220
74609
3986
13113
25698
9008
74056
68927
14513
8256
27052
30728
10933
30221
85058
54958
76743
20183
63401
3034
76942
58
71978
51539
3765
72664
75934
52180
89824
64676
86041
3482
39481
61749
60328
9703
37818
9710
15038
34421
41720
50106
13637
88122
37459
36055
73194
35564
76205
27658
7070
19953
3703
85045
41237
82133
47886
57369
85351
8295
28485
31210
27419
67475
57390
29072
85608
38150
11497
28234
76488
17288
83184
64505
77705
27729
4798
39472
20520
69472
84470
79457
10988
13348
38043
24802
80528
75308
73013
5213
9489
277
44031
28239
45226
12470
41776
67304
39791
65723
29671
57062
22112
18888
81631
77557
39177
19088
42503
65583
20464
39112
400
73176
81081
21429
48586
8429
42043
61166
60712
85975
56359
89333
77525
69825
53751
40385
24678
85175
69509
52896
11979
72458
18171
20658
17436
83855
6569
33093
60937
21075
15641
43487
35646
61787
15901
29009
19806
59571
30180
81408
6911
21071
77722
51372
11783
4846
54957
71790
46840
25768
57812
38107
82355
83633
54598
21532
89420
76968
21427
66613
62035
82176
70381
30614
58412
42482
51128
68993
40103
8648
71722
37849
86611
6564
23059
10882
81234
54020
18184
41683
17362
80831
2434
17055
17824
69015
54409
25071
6221
21112
33458
54943
41138
50478
57027
57938
33596
71827
19156
59035
20565
48143
76266
26982
70828
75550
87266
32459
63266
83538
85558
82015
15569
5570
59260
5108
68307
38715
50200
82785
81089
84132
7521
76703
61668
44995
52178
17828
11127
4872
43652
589
50979
6137
3981
4760
37151
55548
65092
80356
5995
52064
31353
69352
6229
85617
61291
83269
76682
37755
32296
16859
68148
34022
47833
78919
3969
86920
34829
51252
78538
58263
24894
29645
55812
43512
9886
79052
41459
65561
25691
85525
86220
5053
39504
11567
40809
17463
59478
31940
56688
83616
80553
28585
76385
48753
53305
53503
4467
57837
30722
46559
85246
88787
43833
84907
84970
13576
81062
56619
86910
87395
29804
64752
40633
74926
62132
77376
13951
17199
19859
23393
50276
88835
73596
78302
49229
38469
84418
53925
16541
45855
11023
67726
5013
27142
24406
83183
68469
26407
781
40777
51833
81357
2043
22538
46116
23372
77676
86710
29676
80368
29709
45764
6817
66468
54319
56740
64889
25775
42312
52252
21986
30337
67604
21033
27444
6200
32125
63473
43583
63900
57104
10126
45236
22709
63316
55243
9485
2004
10570
24307
10976
67800
21883
16181
30937
44310
57169
17876
12671
32327
13774
45627
84984
72023
16331
37851
87986
55346
17031
46371
89741
11327
32833
80705
8470
19257
88440
70331
46514
72250
89294
30770
78826
32001
87677
4001
29964
72961
83037
1308
365
18712
1496
82510
36492
19851
86304
19356
44928
13782
3421
21799
81666
47491
67236
52316
33192
5748
32569
29013
74872
83612
62506
67273
63426
19533
80322
53193
74613
21160
64688
6040
47916
70838
26023
83013
87827
52140
88228
57771
42933
28363
35124
34287
37754
15576
64774
51204
14927
32157
73930
55629
64654
60859
2245
33966
65418
15282
14986
45791
45090
26435
7189
75845
9796
38014
68798
77689
26478
55197
11871
84286
79731
5688
36828
21479
75808
69119
64710
26072
12533
79698
30286
34255
19703
80896
1078
84266
84122
58981
56946
88715
19715
89916
28614
49209
12770
23398
57368
20703
60050
26790
52415
44501
76226
72878
48902
12006
60571
3754
17595
65366
83893
1361
85582
20807
33025
20497
78688
58827
22863
31348
78804
75044
6667
64021
31272
29860
89788
3872
46970
19199
43307
49703
46312
1687
20730
35079
2634
57482
48452
30353
78035
3602
38437
48280
24438
77492
7694
34063
54532
40621
61138
45079
13075
19657
4702
60987
38295
58197
47399
71011
49211
29157
77460
31611
70829
32631
88365
28223
59441
11381
77033
28843
80797
21188
62464
79073
50785
30154
36517
2315
30978
55342
69275
12087
40560
43363
9041
28472
81120
74353
29863
36121
85488
42034
19996
21693
7531
7635
67202
63477
45823
89772
81619
23273
41526
10296
18572
54920
25998
43327
28872
40328
33929
40327
17325
14718
46303
57908
47946
83584
34649
74783
70495
35754
58896
69005
74244
21806
73382
11842
78374
29150
10480
27065
23447
52088
24467
79185
10594
33542
15756
68378
33171
46079
6141
77321
7858
384
8795
79168
8119
37025
74172
19652
45690
7295
89837
46362
63353
3028
78524
45827
64844
22199
36888
89149
83155
60618
9418
17477
71721
6711
24937
86274
60885
87652
11336
87330
3807
11814
45066
86598
70725
69034
21198
79033
1594
57338
54536
31365
77056
42336
7610
17576
38788
83914
65014
60846
89148
28281
75704
15630
81858
79116
29611
17370
59180
20249
55974
30155
7824
19262
29622
19078
36770
11737
63363
46330
84019
32461
85277
62978
64785
66974
36325
19616
82818
19322
76191
59112
6285
66000
40420
56668
5486
46535
79812
10866
36131
32244
1800
41576
14151
82143
87751
82867
27767
35036
6395
35423
21379
55547
30455
41055
82537
41508
30422
41663
41635
75178
26006
77038
18060
34093
56835
86166
43500
36026
14482
67192
81722
85594
13319
84629
48213
16502
47924
9242
75810
21209
23849
87507
393
23416
89920
37929
43842
41645
57619
75351
64938
8761
44240
30943
3109
28467
6794
3158
6157
76302
21135
84502
84220
76725
73918
2441
65452
37001
49247
88060
20054
64658
54817
29006
48232
4035
24539
53587
77798
12026
78610
2025
41647
48246
54489
87483
75758
87675
29114
12372
73150
55225
40330
75632
76943
3767
18721
2695
31730
70608
5134
64830
1507
67924
12826
59563
60447
17310
82879
43457
82545
20523
1576
8195
61125
11971
26949
63027
73131
49959
25104
39578
7777
89487
87031
69288
60772
36016
74089
84683
3256
2796
57950
59214
580
12832
39154
35617
6485
36622
30049
83228
45388
21212
8710
68969
53306
26848
83129
13244
20733
86152
68260
73913
26955
79818
82751
2698
68778
87539
61364
79250
30846
45907
86764
49363
37886
20927
60333
45112
88131
53415
76474
36750
57915
25003
10240
69972
17686
39594
1877
55807
19539
28982
21124
34342
54036
84351
6055
38886
19149
68863
53183
79696
65787
27096
74282
81927
37228
5547
53562
68621
40202
55386
45654
66935
78795
48686
54735
86573
61641
32774
13101
77693
7356
44266
77104
4637
52
75115
62658
19735
47247
82647
59492
56191
56482
64901
72478
46553
88971
72077
24640
73643
54612
1409
2825
51588
69382
68828
42861
6724
20559
71869
72760
66986
62845
19872
9094
38581
48868
81702
80255
56049
25867
9913
9716
75333
81434
46835
37213
14328
14504
81544
28771
15427
74407
31588
44399
56622
18760
31249
9685
60837
63452
66053
75714
71632
52590
37565
77036
19353
58256
22822
57049
60239
27108
66509
25494
7597
22466
17617
70102
9191
30818
49082
10072
79627
21060
73499
27148
24044
47599
29915
76839
63827
23743
35
17770
61980
22597
29508
67371
38054
16374
25982
17734
45656
42152
80081
17754
43020
52858
80349
53979
66016
67297
13364
67287
61887
9295
22703
13337
42911
51309
15751
17879
46106
2681
56676
29733
58367
21414
14781
42333
1784
63894
36052
34272
4518
22526
89580
50931
26811
32683
58392
77264
45354
38806
50637
59553
11545
3951
47104
4482
61176
84684
59643
74904
50883
14314
55129
52837
22266
40728
43146
55794
25809
15004
34692
8442
53458
45494
75533
48549
9585
1371
34782
73550
62183
1382
62459
55874
20406
54999
67762
36773
57731
10510
16211
11777
31169
45093
35216
3930
13107
59032
52611
33181
24474
61252
4599
29074
88719
59155
73583
36417
36570
79391
68281
28341
65062
11568
43598
89064
22082
10752
49911
37404
88013
89993
81694
44086
52996
62670
36441
64933
38277
74305
43608
50959
10761
43415
8247
85344
24979
41011
37134
37204
1137
26481
32754
79086
61495
84879
19302
41464
14179
31191
71523
87722
83831
86060
17365
40585
28483
45479
35705
35676
10516
68669
11304
29444
45624
71394
8751
88127
61761
61911
11651
21005
18506
13471
72866
7576
46168
42929
15224
9695
61305
86779
3205
50717
5530
27696
87457
67396
63028
12502
11489
50773
20124
30715
51830
88450
70422
27030
9488
16136
56548
44492
9402
16843
51236
70271
55064
1397
49157
59352
33721
74312
37346
58807
78828
49853
39655
31219
31669
61020
44700
23751
66336
31526
36295
43411
37639
12773
34081
73837
85310
64580
67121
33837
12858
55717
72427
40483
64713
76608
40255
59188
39145
83152
27349
20141
30138
40132
56117
71982
34183
27082
75409
89090
59433
1804
48474
27146
51139
2676
21418
21597
22961
67010
4384
17029
37276
68839
51406
64813
88588
83654
32237
11214
31876
15962
40159
50540
89732
88872
40607
52211
72592
23847
7947
14000
12942
40266
6966
88251
49829
41680
23087
83530
64703
37265
60802
74725
15066
26108
84762
58240
13565
34423
20862
89391
10785
3815
8577
45096
82434
62926
21092
86790
67794
59972
55510
50737
47421
3287
87175
54299
88351
62208
57212
43354
80030
61506
27360
34596
17140
4302
72361
8095
5234
24586
56618
71739
82802
58662
24317
79011
75613
26863
35739
79142
63469
16804
76284
31883
34147
72087
35714
75383
81498
37480
8879
37292
27639
69518
45604
14111
3789
44208
78983
37445
8149
72252
81828
83346
3976
72307
47622
71590
88064
75081
25784
20716
72367
59348
66681
57561
29552
79363
89929
65983
37937
63202
34471
58628
43778
20295
24355
41137
1511
61983
55323
48690
1048
12562
76906
5791
64955
27462
25812
28099
84334
46883
70354
49893
58384
78448
13262
42257
29463
72693
60074
53682
66047
86708
49236
42964
8104
72064
29152
87177
56166
24158
54655
56298
1569
28733
44959
51860
79016
26396
69420
56467
7264
30847
50357
52204
50674
8798
67229
31269
87346
32014
60424
13567
81783
81472
47513
28712
72312
86306
44153
89831
31958
2641
73294
18299
3468
71173
8216
6653
27893
59362
31593
47676
55532
64266
21184
9415
86608
9259
88447
15213
6840
84465
1179
12870
31966
83080
1980
44948
82596
18905
30682
12151
74428
34452
10343
39768
82369
18364
32420
57592
20604
51849
59826
87405
5374
37369
81048
73525
69450
12022
38927
11488
25433
8929
51227
10144
25923
34367
46351
60304
62048
1862
85595
66599
11862
26648
36263
51560
65367
69597
69168
9088
29184
28441
26226
80709
82236
22625
72395
41506
73599
36920
25687
7709
16696
5725
1349
49150
54587
59923
41737
65805
82160
39464
37448
51748
33484
26111
36780
70359
71778
57581
845
20159
62155
41941
33985
71136
39590
2763
60207
57058
30304
62935
80388
62471
12953
4888
22016
4935
2502
70257
51158
41496
10734
82832
35489
58288
35860
8010
79082
25204
6325
58265
77659
18460
81014
72872
5155
62484
85789
67100
24134
8499
45711
4249
85055
11861
83345
85530
44102
85666
73407
67178
19629
45898
17971
48318
14917
61834
89995
64987
63809
86204
7515
42374
42801
85072
76710
58024
33211
6389
58709
15148
78330
46567
68709
49059
32434
52952
83557
74034
82540
62744
62519
49551
77017
45996
86034
76398
47786
2136
74142
89682
23843
50264
35354
15634
52792
50769
29900
80294
20755
74501
22942
77450
87032
17761
5787
59226
73369
38906
8503
11168
71470
54566
9305
38093
73138
79787
5553
23820
51974
27101
17602
51507
72973
13496
27156
77217
34629
17811
63395
78116
42001
45687
59189
24268
84151
10984
87258
69057
30971
73012
1208
44715
55736
67037
19677
23288
60123
37875
15264
13500
77203
34122
3045
52595
15890
74840
73182
50353
66757
41484
72365
49682
23528
37713
61074
51421
35070
3651
32855
23047
74610
46121
42834
61523
71480
2678
86519
46588
8557
23543
83794
15721
49792
40706
60031
42839
13070
52698
52827
57870
54825
19704
3204
20316
16908
10990
41309
18193
67758
41121
47415
29934
21021
53719
8402
45121
73316
81178
32077
37387
11548
39087
57244
33163
26751
7182
9696
16842
29182
4024
2003
49678
78144
87690
72440
56300
17509
82444
89544
85662
80233
31299
22894
11583
57407
89935
39285
70144
40950
85020
9808
62139
887
81200
43100
24217
19057
39164
9546
15138
10741
41191
83621
33099
39575
2251
51943
76630
14835
17751
70810
49837
32217
24646
41589
53432
12050
21303
44755
72620
26096
68413
59224
14367
77382
33209
89814
4557
18220
52620
32733
62981
13385
688
17505
28439
50516
82366
69912
55096
34549
31701
58158
47742
38516
45345
55571
89668
16030
49485
7080
9523
20308
10102
35118
41488
16259
81756
80131
43038
88094
285
14079
63504
74500
47345
22193
84416
41477
73213
56072
81197
55254
4816
5119
67325
8211
59757
86030
19354
36518
88283
27302
35545
57537
88970
9387
26296
18925
28080
62735
13893
73435
11756
85457
37613
87787
19376
59166
67009
28220
11084
7240
66382
88184
2753
44548
14045
25925
71682
7418
46761
45165
49757
54830
15248
34101
46399
52823
61863
6147
69150
52850
11993
65365
76883
34386
18173
76500
80908
60484
65259
30582
3252
18098
35629
78385
58449
83702
16852
74812
87599
85797
41113
79761
87997
55485
42686
12518
41794
19349
73610
27541
58767
6763
1242
38163
39114
67858
89094
19551
74032
40037
57322
51313
48693
80920
62044
12737
16309
40032
82578
38174
54799
11040
29812
31011
86961
39769
3553
53084
33471
9065
89556
50514
15908
82767
88730
75473
51130
398
48971
8664
52703
62102
35253
68901
57342
1432
6897
18897
31994
65774
6770
23323
47546
66111
46437
30648
71309
45415
74070
4614
12235
52174
71046
46610
54889
46087
5537
66833
2710
75560
12673
54084
52098
20298
65749
89189
16135
22945
10070
50855
53530
9682
87931
890
59792
51388
13236
60071
15500
20441
29055
28124
82943
74922
54261
30129
49961
1523
88261
83682
59270
60250
11466
30748
52096
31126
4255
59092
70310
82523
81857
20009
76610
55892
39658
36004
51979
12398
87268
26655
5837
83218
80454
18703
21552
44246
39823
41897
24966
22934
87060
75329
20221
6888
64793
28839
88875
53958
49127
18755
56978
69802
88015
84433
75641
38814
44607
36584
53720
27039
26558
68809
89071
89079
6705
63252
48858
39183
32792
60129
57604
74115
77511
7407
9506
77407
76830
53492
56082
78988
6266
33982
12481
45742
64003
34822
49598
15595
4965
43694
28728
22810
2857
62322
28488
72962
81215
72234
56034
24149
68649
18654
86481
40373
81593
37514
81236
3231
85281
39742
55971
51681
52534
80470
61268
88839
28677
46624
50523
61286
50398
38784
72744
24684
76691
49563
41908
80873
77900
33323
74073
64139
7985
18697
55094
13472
2941
2223
60459
48813
17210
71501
9081
46081
46364
54417
38703
43703
31703
31877
58990
40481
31001
31664
40082
64075
88154
32773
28155
69161
8477
2367
48972
88603
64402
31504
70734
54250
41760
89787
7064
72724
57334
37865
26161
3873
88123
16690
11683
16855
32626
49697
1894
80933
23510
6541
19384
66011
45576
15925
20263
67784
75572
72442
32661
69699
44219
14592
76659
76480
83366
52075
4228
88891
77403
12205
36110
79124
62941
21473
56970
43861
87224
23754
37131
40666
76322
15614
7759
56646
85288
71786
11532
44130
10732
71402
40699
61410
11202
13370
79186
14797
19342
76749
42983
28275
26091
28497
82470
47448
10564
87952
67413
39132
43887
19586
1155
41725
45751
57206
17574
63946
49848
37031
47004
77759
3672
6913
72452
76253
45986
81347
8700
64022
79369
69088
26300
54846
66036
25430
30272
28310
23721
53366
39668
71636
56393
68057
67309
22930
46387
17410
80736
36166
87623
77041
83756
35381
75298
15651
52133
52892
6090
54764
11600
45183
14653
50741
60335
82036
41665
39099
30835
34728
37019
25150
971
18209
3742
72924
29822
58745
73421
39649
470
54115
41579
23784
7488
78283
58998
15394
63718
52544
38658
40582
28915
20492
28785
13789
74229
32881
6689
62558
31035
71922
83990
46760
8467
29779
67708
6889
78986
11749
89708
89100
23191
56617
67114
85524
13814
34173
85464
37326
36301
31208
79889
27291
62323
31737
53777
46685
80865
9750
28995
44599
86517
48200
76088
69984
65432
78159
62556
43932
12698
29467
58147
48628
61026
74658
72236
76755
43292
70135
15580
53114
16031
81162
89131
62477
44763
39078
51794
48240
80046
81461
11816
4947
1324
58995
42599
40412
42625
63055
61944
48852
25579
2953
34407
52925
44038
47670
41638
49352
73989
61093
33090
67691
70469
64145
72174
41446
72682
64623
39317
16966
1117
28548
1668
69363
24495
79923
1734
79484
61627
53581
8592
36068
66740
48488
81413
10247
15775
81528
43332
89280
38539
43693
63156
75400
8642
14950
80184
8376
51230
51598
18421
17762
57399
38520
315
67058
62786
49283
8980
87131
88853
49760
9951
36979
77177
73941
67188
65085
58760
39286
77082
71371
49194
19039
80085
47789
50043
83666
30588
55038
46361
23516
45047
39994
63437
68157
43321
53429
98
57240
80686
68716
78679
23853
28325
31046
47977
82758
81435
10357
22758
312
29021
68753
30153
36045
21187
25297
48558
69701
37967
16810
71233
27125
28254
20545
26284
31281
25966
63212
7365
86714
56481
2875
29680
70547
24498
85656
56427
69405
11233
23392
79213
49252
22455
56941
24492
7750
179
56561
61307
10667
77681
8851
49851
59411
26536
3985
33932
44508
57028
50243
11221
2947
71211
74927
41503
38984
10918
26827
18705
31065
54368
35977
68438
55434
45838
53248
56906
73824
86015
59246
14548
57311
39709
29480
47863
41435
39220
48938
3984
32025
34086
46277
70247
35593
85428
64570
81715
26156
6101
36334
76779
17700
62819
35254
50927
3081
6918
68018
41989
50128
9437
76831
72619
10599
1538
85234
73065
46922
61871
40599
46028
40130
47619
2330
21110
62260
25547
9607
72305
85907
68697
32531
88185
57543
19601
69510
12784
30931
77229
21250
75249
53677
47100
26212
59463
14600
16876
18970
63067
7513
76700
11956
53294
41481
25062
18932
25947
20477
69730
63632
66206
12922
58575
50316
43173
12747
40877
89972
21839
792
86285
30400
65372
50934
34435
4856
62364
6593
87644
24169
16539
28568
17586
10134
70472
51572
52246
64378
29303
16861
6827
60254
74980
6362
53552
12843
29807
51756
75977
23466
47618
29825
61664
13194
24211
16152
88487
78157
29254
58260
84864
76408
56449
47864
36592
55601
31355
78161
68626
74125
3150
68091
8250
41281
28304
44439
24822
51286
7817
19690
6905
35115
71162
58275
15635
50198
5764
67443
76220
37756
52202
74486
63317
1420
70968
42939
52048
34900
78977
79616
55277
34858
63119
72222
33504
16074
27974
54411
16628
3897
69465
60081
80805
49220
77888
5358
46550
10851
19737
55588
87317
5621
62015
12532
43050
64057
38799
73906
53820
347
79138
85937
38221
10189
12202
22733
81361
72921
16193
2479
5432
14510
35796
21242
86042
59336
79230
72702
81231
39502
16789
36277
76131
47896
47969
85978
4204
67063
10746
45162
78308
2489
71996
62496
55101
29790
52998
86508
71048
89773
3542
70699
1653
45032
21167
9335
24416
2297
60322
4438
10527
24489
78168
7358
52645
82378
51658
29063
45127
88744
89573
74748
21175
36135
3708
13685
81034
80352
24887
544
55415
69052
794
76473
11340
8950
32080
10935
81020
52566
76171
20077
11114
34071
14558
79226
5443
68425
78729
46207
82102
67149
4507
65196
12468
70962
80006
60158
45070
81915
83745
20333
2738
6115
7620
32399
80497
76620
6433
74889
38143
37945
41187
82866
44879
61993
19940
59877
26102
87706
17469
60383
43560
84085
69251
36937
33607
77655
3207
42774
25064
63929
49038
21819
53130
56649
54626
52152
35537
59774
76754
41002
26198
14956
84345
6203
73368
78911
78400
10460
66834
30593
67964
4325
61812
3288
39947
8785
21818
1303
2151
9497
38490
24874
42810
45159
61041
30237
43862
67529
75605
8108
65657
70451
55930
32170
89261
84261
81058
44841
36784
70621
83383
19276
43025
49945
59022
23504
62274
71517
46165
66323
2795
86914
2261
7448
29321
23762
65552
28935
22432
16111
50262
59275
30927
81912
33427
41700
55033
37444
34819
69494
7246
54699
14677
34915
5712
74413
20770
5065
27075
33547
39965
18625
15593
869
5752
11944
79175
1416
32122
20966
15321
37146
87051
62025
6949
87842
55006
86928
86138
24042
39642
6575
6808
61014
86669
21651
658
50504
5987
5558
2955
37984
28765
38752
7142
62086
12081
52254
50360
89334
87291
19999
8011
47533
4885
61424
57860
42319
84159
13343
89478
82725
62120
62716
5855
19304
66989
57141
17400
7940
16710
25078
9770
45770
63192
196
4981
20612
33433
82809
85377
22677
75179
65347
13928
13188
11640
38067
35181
32713
15702
65417
19532
1520
67031
59113
79130
12340
86503
44346
56677
21235
88804
50210
49109
1026
84434
38533
37351
41178
47711
23897
30293
40460
20607
27304
29950
24769
36865
84089
66319
68614
84363
66909
52142
7483
13302
26515
32391
46171
13728
61775
48437
86986
71485
82478
53066
10566
32888
42582
72042
44095
9876
45129
71631
55724
81851
72697
28946
44126
27754
68041
80726
17835
48709
54774
78675
8728
68155
88179
42561
30115
31733
68348
20100
34531
83845
89185
82230
19453
67674
36923
66647
51614
7188
13556
86731
88837
33498
40164
4618
76156
8853
40647
89913
50712
47814
47966
41205
25582
11307
80767
76535
81495
599
72890
86674
996
64245
78894
23153
40320
18990
6958
59929
15655
46285
67831
86791
26727
6745
20553
5243
2896
33381
61221
6337
63847
26332
46631
9910
3016
34534
61287
82403
87673
74386
87293
61805
21055
83293
1924
63905
68820
34043
87540
29093
66901
20526
21829
71628
61923
11516
4757
47558
18590
5056
38414
48141
17930
63024
55151
78595
15982
36867
11565
173
77539
54127
40859
5412
663
16807
53179
58557
18885
44973
22840
16287
81861
69681
6247
24393
53464
16313
87749
27017
45985
20662
11399
70487
70617
74775
86217
44834
75858
26086
60577
51895
71797
9548
65218
89459
57628
73538
54097
71957
63696
44414
84511
47940
74979
7880
28989
46492
33872
51826
28761
23719
86267
52711
6845
83858
32751
66930
72046
37152
17803
19473
54893
2992
63207
42489
83259
58685
86766
87981
40713
24977
78255
1974
85276
65621
14721
4906
36410
60168
79710
74462
77781
357
61949
19051
77644
61290
68575
65823
24234
68701
82424
14200
75183
80143
6452
809
13371
78267
7554
8547
47210
56037
69859
88158
72870
41473
44458
53949
16177
3316
59374
50462
72058
73973
13230
61243
48855
21428
85817
39012
82351
76592
42368
1949
88653
39612
22332
28295
23310
28623
14004
75039
32648
25895
3297
89306
71836
12054
55844
11700
72598
88181
69173
84325
73293
17718
3285
70637
77582
86390
51528
36336
65655
82488
68476
69698
33123
1493
31736
38812
34259
59888
86031
46985
74650
12859
42484
10751
44859
86163
51904
8888
54396
80049
85649
40503
24961
84614
62149
73050
59768
73866
3909
40896
20504
34650
5747
52395
87251
51033
43258
1347
7589
21544
20984
83862
30019
276
46111
76471
37194
11198
35648
65938
55796
15029
15685
660
1417
63658
64326
82457
52846
56367
48544
30219
55404
72764
46257
32672
4890
68837
46802
42607
22163
63853
52278
21470
20202
58448
1449
56656
66176
83239
85934
71697
34765
52639
25993
85334
66730
75530
51279
8839
19536
88239
83899
22685
32451
81196
50076
76827
19554
33221
50619
1504
30521
54792
27257
55201
38740
68156
8175
60929
58064
41349
46192
85992
53968
25216
55091
45056
51801
58857
6852
76451
23615
51108
34475
34611
63969
68130
65761
1541
42648
25463
64858
14295
45228
87920
419
57933
8452
29922
88517
61696
69935
13944
50690
46936
66950
43726
56
565
8891
35760
51214
69552
57995
40426
84825
53106
46660
56958
68678
15553
78406
24882
79133
20399
60508
3925
10103
14496
70482
23415
12114
67841
42371
63022
56081
37159
86966
10227
11364
34084
80162
56675
63543
21749
1666
449
6606
55467
37274
17189
19018
67846
89640
19146
50578
78431
70043
80346
78998
4949
85928
2235
30446
18971
79903
12104
20005
37207
65789
85546
29266
30116
61004
36791
29666
46487
28273
32197
32290
27911
445
59460
45848
78888
37049
864
22784
11330
48932
12667
30548
82637
25794
57762
39018
75198
4132
28637
60869
53288
51189
12957
31771
8163
16184
60290
34144
25390
17273
60218
71999
19583
77433
67195
28592
73384
24720
39327
57654
25546
613
67252
47663
69692
25908
36512
29606
41188
47724
53652
261
51233
86085
34328
41350
84484
60696
654
83754
48380
2233
89498
66825
25127
13581
47089
1972
72880
55146
43157
82130
80413
27936
59299
76537
86757
20542
85593
2184
32179
71743
69915
14405
55634
68893
50087
66455
74974
68680
23390
89655
63519
85485
69712
68290
48363
38282
80202
45648
14118
73187
77156
10669
61116
72713
81135
63565
68759
81874
76758
3484
19310
84549
89227
71234
53619
70483
75277
19134
30803
426
88307
8757
85774
85306
41781
88995
52430
25792
74419
61773
71052
75968
29153
26343
25800
53289
37873
1247
84720
81141
16911
88662
35233
32213
40096
66964
25012
2503
18012
27544
65275
60646
8482
12921
26737
61450
65777
19385
20991
7674
62187
56064
83577
70634
85121
25383
89317
43162
84632
63761
64027
18904
82179
29335
32233
1301
80418
33389
58361
8587
62608
3931
23037
21583
83853
80455
37452
54164
61661
2651
29783
19172
13377
12720
52573
41729
62385
55558
88042
19395
87124
49424
22932
64679
46256
6480
33617
54114
89165
47914
64287
68295
48342
59814
29826
20550
42773
69769
18610
45380
45254
2716
7021
5152
13272
10414
1491
61066
77909
4662
574
46231
23730
58688
58717
59356
34957
52339
79911
56424
16123
33881
25638
63701
73852
77761
5678
41366
8689
36183
62353
37376
35658
40213
83417
72749
47586
7485
26057
62269
18895
73024
56178
11563
66639
62503
37627
18432
51673
14919
3053
84905
49627
51126
66198
35979
6798
27587
23311
37052
27070
31488
28198
34424
87155
22124
29449
89184
60936
40301
27813
55273
49966
65683
18874
27020
54750
14276
56969
46656
60931
29119
66059
89188
20968
2697
17875
88522
53891
4543
50056
44688
9013
20265
57848
82110
55322
3586
64821
55272
33533
8088
11794
52814
31300
19560
32846
44967
13876
17005
53898
8160
63840
4655
72581
47265
86216
7472
89178
34937
87270
5883
24564
65238
18527
3058
38108
88402
6602
12184
39953
85154
35363
75426
27470
8953
40323
23844
31457
1476
89247
71867
31807
37538
48124
56587
50865
25372
46267
86484
54583
42287
52324
29095
84951
57052
41062
40295
35046
7983
83001
51992
40302
29642
60310
7481
32757
26652
36811
4310
86800
66623
85573
55282
57456
37974
88086
70319
35428
35390
81390
60759
65384
44484
63662
24468
3439
15976
33155
82451
61229
84723
65763
69555
51530
55340
82526
39265
56169
67099
68600
69239
49489
2317
24686
7257
51983
39528
54502
12183
21022
31391
89053
10541
23932
44110
75762
81287
86486
63039
53428
39278
67013
76358
40737
61342
34430
58016
72136
26131
88475
84426
36607
8940
81290
6620
6973
45836
53903
41265
69822
61297
19204
44829
16974
67298
83102
23756
75874
67738
81335
12966
45561
69400
66644
5254
74561
11556
76651
75058
56301
46599
58108
50591
32272
61387
13315
42089
20815
48814
85707
34463
62928
81753
89645
3418
32786
18967
8901
392
7413
78724
6139
17614
28557
11533
31718
89151
49927
14771
77371
25872
15947
83214
18371
81606
54929
81921
56744
48822
61788
14174
87693
22215
65826
22966
17139
3319
14746
56390
10159
43667
60278
21202
87980
52934
4742
1963
132
57239
6195
21087
50402
62115
77426
52864
25472
70314
49790
45497
21038
31026
45142
79268
70044
73022
80140
5270
31804
34371
33875
33550
11792
29619
48924
63370
37508
81430
84712
62493
23063
17032
77509
88008
40736
75361
14376
54475
72485
65154
7938
61061
60281
48040
87235
83009
82999
50706
84319
18475
49273
45768
18896
34785
55897
11368
74784
48957
78546
86631
34488
78219
72001
79053
82594
67926
83390
89232
73338
63191
21755
40176
2713
80177
59510
34895
1955
37428
22304
41015
38842
82477
13639
36480
70172
2286
59806
26315
23953
68035
48891
59350
53667
26560
69103
25183
40829
36488
72401
4633
27537
18273
70158
14065
85997
54465
36684
17608
84735
89918
15312
38645
11547
73765
23385
80771
88663
87280
43760
58626
34741
5823
10986
62792
73507
88328
70137
40933
7465
62882
44788
78676
45982
12755
12281
8774
56456
81802
8866
31835
71874
69878
31237
12268
69195
49394
81459
38930
46309
32791
38078
78819
82228
25585
85498
44006
2737
39065
26279
7506
81487
47233
34745
26607
48193
60115
58611
28671
43407
13749
15157
64130
55810
31394
47306
56310
73686
85303
70681
9911
20468
84437
53184
23672
67150
23924
86463
63878
43338
11238
69569
66886
9829
87322
51461
11438
43340
64708
62249
14609
21176
19727
70208
18122
72324
13679
80923
86396
83812
33786
7895
39142
68740
32756
3159
6927
59524
34722
22086
35830
79894
2550
47543
41040
3098
58191
36638
85508
43651
15152
11542
86868
87424
9702
83143
87549
28702
14001
6714
57331
38823
8805
13168
13681
77688
18178
73813
79529
35776
48574
66460
64826
36775
81906
82014
53024
53868
56621
65301
22598
36899
45591
28412
23808
88299
56096
65884
54667
79692
5785
87497
65550
1596
9275
39207
79422
45835
59267
51887
81294
8928
88876
61264
38670
72310
35172
62781
25938
18231
86628
8068
83689
70548
29346
83911
5407
3235
20654
55453
29831
63326
13125
85725
12442
45420
78806
17412
34311
9816
41150
78243
27164
2453
5744
82265
58534
53690
64067
42139
74844
26077
85419
85192
3486
1039
18943
62469
15598
72727
8349
10173
57126
78181
72109
23074
23855
49192
68979
559
89050
22918
2684
65456
44048
1758
65202
54962
67175
74565
79831
81427
83575
70761
33384
3261
3895
69572
26795
77508
23339
68787
46012
63141
72296
74294
79727
11324
61704
34618
23148
76671
9970
25538
79745
455
63750
14034
6474
87936
45234
66347
5216
20339
78663
83856
871
43317
33587
52105
83594
73199
71167
82918
28661
77369
65573
46758
30784
18946
84367
13684
12766
72257
79575
57424
58272
11696
22560
85447
30517
5458
85613
16342
75313
22085
83156
89314
15666
15817
46263
40055
60875
39957
65957
16914
5202
58641
56197
30831
13987
7672
25157
47098
48799
24067
46766
68380
76526
54408
16478
86209
78820
51156
59146
41365
61715
55335
11412
84953
14060
86103
74423
78938
45502
71014
59747
88329
72178
81600
16754
11711
34365
70211
65250
69084
30905
55996
74993
43400
87672
40341
51397
69458
12203
42999
14618
34507
13509
84850
27282
26551
17809
36220
12487
45931
82979
82062
66160
46679
63337
67414
52453
44336
56627
34723
67346
74371
84844
30139
38455
58444
42970
76097
75975
89781
69955
82560
89484
24083
10494
77071
10977
9679
38828
51807
19180
39759
14871
72597
58068
9563
76860
20029
43592
74021
4747
77430
50339
67007
33551
57497
31428
67213
40437
56767
61473
60142
71354
12695
29293
35410
57023
39540
58130
36975
9615
71412
41717
79987
24620
49841
56888
74585
87879
34638
88400
1332
75048
22743
60828
7773
60363
15010
76316
79666
45787
88987
51064
38817
74769
55140
60566
86280
14186
55378
2270
77100
60411
18336
7134
60428
83359
73642
9666
81119
85995
31647
74479
68102
63709
33747
14928
33287
52385
56112
28176
53633
9564
81113
88366
57372
35006
76492
37863
767
3471
1169
88902
9130
59414
68520
48373
12012
41557
77317
14851
36926
3411
9457
63019
32835
17190
20578
61437
29913
43907
19015
7902
15073
10217
75855
12906
89191
2958
82676
77830
52533
8365
13808
19043
10312
82092
85389
75600
27098
80728
63957
65971
32809
1394
88432
12618
56743
5715
80308
48646
39255
63588
58052
32705
70644
81807
78648
47376
9248
36568
35447
67977
18386
30555
5240
62589
52363
2756
10457
1698
37722
50278
79536
12200
80205
46254
62852
62816
38944
75450
21908
21782
52489
58030
13871
34947
47321
16127
80727
32153
62465
88412
36905
83868
37776
11242
74135
22621
41748
33823
11352
43623
825
48066
4739
55771
8132
43615
33325
75160
33117
26685
38960
27594
46941
46366
57155
60194
3570
83527
18340
14347
54134
57562
63872
8497
84342
3581
80424
17898
19312
36223
54488
86240
41199
61237
22070
49913
48548
16509
47407
58067
74238
69979
9206
10265
49833
12713
34403
23244
3101
33637
22301
21420
68945
21490
4339
66477
89825
69554
74106
40257
20306
66209
82161
48309
32709
42141
48908
15025
69625
2600
5332
11209
40714
14407
42958
19298
104
44533
19713
71376
4952
13435
62574
54157
33326
39486
27490
5563
456
52757
45602
54761
40410
60903
89717
81534
54264
86367
89597
12741
62190
11544
75739
22875
50657
67526
12754
62194
16912
59228
36729
46370
33140
17416
1759
34432
88973
88550
26045
20055
36954
54918
64569
38585
22645
15551
44839
30223
89203
11060
35441
89742
65642
13118
27499
67363
30894
85459
77291
51938
41028
49938
46025
66507
21721
44667
41396
80370
24321
4683
44367
57225
59472
66715
46105
23925
76238
5900
64423
1405
32824
88792
67702
86505
75730
70006
32108
85092
42229
78166
66022
3460
3069
74831
37634
29167
4741
63112
61974
55066
49924
20442
11400
71306
29099
23245
78936
69215
86016
69438
4707
21314
12538
76751
85976
22700
49679
53112
22543
76663
18351
71885
30649
44872
54222
33707
42504
84506
10814
30465
70540
12330
22197
4445
17681
41913
53167
86092
24639
73848
26445
76039
23073
79708
56643
12837
63563
25728
52353
15842
5039
63585
89681
7069
5229
33116
13600
5800
41252
58027
85107
47106
84100
24051
37189
31265
46508
46292
55074
24847
20908
57235
36598
57614
33191
4400
17974
54172
10452
37997
21546
69715
72314
51967
25743
232
66966
14625
33087
72433
64952
5032
55625
78237
83471
48475
79067
45799
64566
31410
56894
322
79521
31284
62956
32827
11912
68417
25497
19800
36662
17965
45884
78437
58588
34085
28092
24577
21163
13127
77645
75695
34400
18821
8042
38120
33278
7343
78836
84863
35958
31363
52176
32211
73549
13105
2469
11433
17841
1833
30814
1732
61067
9937
28249
50225
71542
11948
89987
70551
51663
27861
682
80774
84814
32321
60377
62600
6579
58524
57703
53560
67741
3533
80272
49680
81687
56372
68984
17471
16711
22089
86021
39939
2831
23401
76169
2540
41430
20455
38827
65648
25730
85749
17978
16303
67811
64318
65719
74954
27449
59755
5799
15440
18929
20374
15496
72321
86084
64063
49324
85050
58099
56472
7743
75231
8679
11907
40154
35890
27978
24118
9794
63850
58592
52785
88840
60702
68682
84870
51185
30367
80648
60761
71432
1691
9376
53912
9070
60684
41553
13159
68832
57094
22802
54953
25212
70232
37682
67033
20756
73781
34151
87246
87443
2160
3699
53547
88549
55882
35064
12963
13156
82644
7490
32186
77002
16674
41306
39758
22288
773
66669
47588
84449
58526
81513
54492
21543
6159
74402
20074
40733
69118
65159
52403
74508
77175
58207
54234
72660
25953
72430
40932
44963
49486
61515
68066
8613
70241
48113
32209
62996
54402
85923
23204
29616
81641
41619
22255
72960
13621
61564
75151
5162
10900
77172
82921
10937
7367
31830
11652
10224
29207
66556
84664
21109
41676
29838
752
25239
28831
82242
8508
86883
40221
71669
19545
32428
11670
81230
82423
431
80073
54041
368
71939
49365
86756
51247
3275
89792
70136
57130
25549
77489
55061
55901
87184
60141
48012
9370
51516
30119
31717
80830
63485
45968
29221
13449
43973
13505
56324
62121
177
3094
15322
7399
36838
62169
62921
26312
81389
46445
73861
9151
12736
14266
257
2380
46452
37535
35882
4287
85174
39840
81315
53975
36602
70411
67416
76928
22763
65480
30932
11835
34857
11208
28193
64803
55106
11273
35919
77792
40875
76625
17360
55614
79935
17123
58668
13245
63389
56534
81275
4062
27188
86825
62762
608
73774
74643
76940
57337
18937
83535
23591
31493
74259
29948
71035
35257
83423
3497
17665
19775
44543
25130
37454
41746
79027
58131
21004
29393
72897
56172
20121
74816
4785
82912
37295
66142
11492
89513
79352
82668
47147
41353
46052
32550
19371
43822
45331
5168
75991
39128
17061
38214
73009
69449
76127
58006
43902
4247
44603
75921
52057
787
39972
81633
9108
89706
1080
34994
53871
1494
89797
57476
58972
42067
148
67291
23792
15550
5522
48054
60226
36521
39200
76722
18221
23555
53669
28432
1435
3515
15384
18640
15371
14246
80296
57096
48366
1447
77315
66164
7952
26492
44525
23030
62
3155
78285
51850
6450
53389
27612
23476
52327
22914
37581
76291
44498
50987
81346
58982
37646
18893
42913
25273
37468
62510
10963
24437
79916
65917
78807
74381
16893
29906
30038
2179
22457
52719
71122
71241
84189
88633
62513
85165
21550
34779
31063
49652
15527
34485
46369
75744
7115
34064
4608
13457
16137
9834
79054
57458
42056
34820
3005
85743
13942
18177
53784
73495
72515
55798
38156
58241
18938
88788
58657
44248
28007
21027
18695
10821
89258
39693
63467
85220
24444
79170
62753
83738
48552
43572
9903
75661
68618
19680
9771
77590
36609
47628
44497
37209
47995
61500
71033
48073
55447
40342
80375
89220
78073
10829
46328
39261
63287
80713
71338
1193
14458
34968
24486
30879
46416
14694
33769
3652
18623
34657
39828
11648
52429
54542
70063
14381
45346
53722
16485
42216
34104
19603
58861
13989
42020
58908
41529
31149
35688
45983
73908
3722
86097
22218
47024
50165
51275
43827
23653
66263
87351
36569
77145
41772
75423
49747
76350
68141
48146
55725
40813
82331
26532
76483
73189
65553
8804
12289
70084
34300
53502
9452
33264
52899
67103
56769
18587
68923
64724
2829
62797
59693
30851
12082
22970
10425
78334
56260
42413
79482
63009
68004
69721
76980
71727
37969
67634
24661
64354
927
17350
53394
43659
26673
83242
75980
22254
35811
33439
54553
73190
50948
31522
18385
87482
4248
63983
81456
57548
18564
77981
15924
86343
81043
18772
65187
40912
19070
56695
9840
16330
60670
29117
45076
28863
16163
16745
86089
8961
17057
12829
71073
34256
75082
2803
1684
26075
68570
64168
28024
77538
87023
51571
46736
42196
45765
70566
85451
1874
81708
313
80338
68045
41219
48655
19478
39396
747
53723
17599
387
18467
10302
13100
34966
18698
25675
16954
53364
44040
55997
27662
88734
6951
58290
11014
26015
22198
36169
22051
25285
19766
20254
36853
7171
85600
66243
6962
46621
37296
14163
42533
44536
12687
48624
16062
42974
18939
60298
42623
66358
34614
2072
17972
32687
67450
79728
60755
57142
47658
68345
87548
38962
63125
11590
54562
5684
49549
57964
79873
84861
88980
28380
3496
33797
17613
40191
86227
29058
70166
37838
83953
8091
52053
21701
83955
80838
77542
74459
42797
61592
3124
6161
46421
50380
35351
3347
42120
44978
45540
35177
10408
65742
61973
82117
75457
89764
13092
9912
75466
29590
6743
85211
39799
4440
24662
49342
63498
40926
13895
58500
39391
75974
65307
80207
7312
77272
56951
73662
27619
87033
36079
23377
42169
31180
72018
49147
54434
62301
4477
72582
8549
43397
4913
2448
50118
86736
87144
12192
43061
4689
9144
56340
76873
14147
81586
54840
24793
76965
59611
78681
20413
17643
18733
66473
47506
44845
25708
52004
33688
4562
21486
25954
12662
49260
42386
76211
23187
37876
35192
26459
35759
85087
68585
19347
34998
83593
47261
46239
33061
78394
25671
56354
55565
36001
42047
18106
52745
79946
16860
13432
23541
4025
87400
41575
21668
9719
85953
47791
17980
18321
79091
16879
59471
57953
67126
40139
970
9587
67066
87917
89056
55902
42323
34436
13469
76368
3577
67333
51624
67835
45630
74052
79174
58548
2745
8038
80303
23678
60746
56103
31168
44522
71104
63784
75018
16138
22969
89614
50490
8802
37562
43980
37505
29482
22720
42671
57600
31816
76886
76746
38532
3549
66279
32646
31102
19774
59844
74030
11100
24510
66685
8449
25737
45190
8900
21025
60671
54198
81317
21074
9550
69774
76575
13846
58376
47880
14006
8174
79323
50822
17707
11325
4571
26237
61151
84963
47129
56210
45413
13575
33758
55134
53541
11156
78012
14656
31524
73393
77936
82962
86131
42300
81304
75311
7145
68032
26897
75399
85690
88234
52208
32543
12580
63303
83626
36067
30130
64265
4843
58244
57966
21051
60051
80039
17583
5862
78335
26990
32346
73633
46648
39013
33946
16250
83490
11136
70989
49886
47386
35396
34904
26387
45700
35318
20407
84927
77501
71933
26180
35971
72086
13261
49006
50725
80616
84595
51150
54472
1135
82313
8098
21756
1298
73225
41800
24138
82217
54609
1953
40020
53766
8734
46265
9205
15318
57392
19553
32360
37324
14632
32671
63175
58268
45866
17798
77916
66167
86141
78840
28335
19799
79570
4624
21269
10398
4189
69897
72893
86458
85622
10786
74003
50885
51142
39633
70436
282
45207
69075
3832
72095
29420
21761
16217
54330
89707
31002
87487
49151
22209
3443
37347
78753
61083
22486
37922
75597
61819
33251
28305
15123
38284
57344
51351
36440
37553
25955
9935
88589
37891
14221
1677
41003
48445
32869
35125
33320
46287
42176
30266
18183
7216
70277
18741
19412
69894
9062
56490
57375
69945
65044
44991
7884
7849
56527
341
13839
57197
9686
71656
56488
81768
53421
45582
39510
29049
39066
7775
53061
27731
72725
52192
25081
30601
14938
66796
5257
21162
74324
25021
83352
42200
51945
76044
70659
15652
36291
12416
25959
62545
83671
21502
55563
53333
64427
75875
58100
89746
8274
11476
27469
61325
11918
35228
39643
88612
52469
4279
47740
61431
2370
86044
49706
18656
56785
39382
14512
56089
51364
12558
29710
49300
16616
19333
7325
7114
63129
68457
89953
20059
28933
66619
32601
5614
67864
30117
53116
71179
28424
58858
59400
35768
63420
26411
77318
52704
39647
11807
56937
37860
33322
22683
51362
89162
53810
81525
2145
62421
78580
27683
16832
32834
62028
28628
42659
62243
88265
43628
24543
89117
9342
23952
75134
15178
42276
61602
59425
45343
79737
8729
27038
31360
41303
31088
57435
56158
85577
72238
25172
76158
59894
14999
3376
76566
24070
30442
59798
76258
32131
61726
27267
4922
62801
77513
30032
50064
12849
69610
47446
63934
17633
74897
18311
71601
81685
83207
2972
64422
24494
87566
9981
32442
74987
82220
67673
77993
14180
11915
55772
36714
88910
68368
37322
5249
63851
61283
21373
6881
55317
17741
27963
56349
45392
88807
63256
10464
58185
82840
68908
27524
108
33724
43155
87661
77883
7057
40723
65015
73873
57967
3821
2417
2129
17153
55425
58314
68367
6887
84943
19557
84819
47642
39987
74080
82794
1811
57532
83945
69212
65691
37222
34361
27249
69191
63146
52646
65229
46568
76953
13825
62523
55529
81729
17012
83122
64985
86657
61566
56426
31689
12332
42452
38994
4227
28468
85354
19788
86174
68005
59237
40256
15798
37130
66012
54545
48041
66814
51084
42154
48109
70317
5771
12915
6236
35653
76795
2084
24901
46556
76150
22642
16970
64750
69807
34593
36603
1239
38839
43421
21999
33679
24101
52749
83075
76990
69261
22753
23892
60600
6908
12814
25412
65883
12101
63219
31145
34832
38121
48631
17027
43195
35810
41448
70502
35954
16999
12395
73377
9125
22118
39203
14500
45632
57722
58543
17462
51360
25536
42753
41906
80545
27147
77427
80550
40575
78135
32436
20687
35556
64357
74604
61977
73279
59645
21389
7658
34876
66642
7661
7728
66089
23404
65374
27185
29593
88485
34581
4619
2918
40675
73002
44779
3690
12077
50980
60960
58618
44820
914
57761
86882
22067
27446
81429
58186
73966
29976
62814
5543
68944
54842
19740
12727
63975
60623
16556
4767
61363
49367
78270
76836
46863
10832
12015
71971
67829
17641
80587
66315
2414
1685
53650
27830
53742
60991
64333
25972
17287
70951
24226
77766
16073
12210
24316
23224
28494
9033
83407
54283
6039
82315
55147
36514
38387
2530
71434
39166
86583
34739
27705
30750
32149
27497
27453
16011
65905
8815
50452
58419
9952
21516
35865
61684
61441
22120
55433
60633
12144
86456
74871
33510
58940
70528
23004
80361
43734
81168
76525
34024
39901
25495
58310
21423
75475
15940
4592
75075
81647
67666
82876
54552
71876
14628
30930
21157
30511
58964
80586
20644
34834
47090
7158
75017
2683
53698
36599
20501
44359
52167
11575
52642
46625
64504
11272
21821
30260
1864
42131
35087
31043
77197
13566
51166
84975
50972
78965
10200
42340
58860
2877
61972
74101
72007
30789
24549
77170
76293
65822
59803
26345
49152
57247
31012
9729
68679
75930
4045
39898
21648
3551
13742
61838
64043
57250
11302
17185
2615
23433
42044
16016
19067
60018
48137
76440
35866
67141
1022
19746
6528
84228
10530
79171
36409
23679
44279
22005
668
28209
58988
13512
45840
81587
35515
26765
43814
33195
48013
69776
13739
18560
73557
21131
48895
73398
84649
12857
86748
6741
40335
46654
64908
5419
71415
33288
74117
64890
87695
18646
607
66143
75654
24371
18534
22064
68394
38858
61136
73161
26903
17959
71478
61146
7055
17066
77213
62296
50392
70526
63010
27962
72797
19153
23193
33341
62739
55278
45571
84580
86874
18975
17414
14678
34015
21838
20
7010
73447
16412
40591
83051
54495
79653
63862
395
83399
49605
27627
14916
12582
62736
31890
6936
39685
83602
66013
12244
1436
66954
78915
87680
43431
78960
85548
36723
23544
57296
35791
30011
73323
35873
60644
9807
26633
1370
44780
35486
8536
47017
34791
85207
21628
62865
4844
80863
56710
16812
79836
84033
34604
14796
57584
20218
1790
85847
41329
11594
31069
5479
20377
19050
37431
68584
15039
18569
48934
8144
36508
69839
32326
44466
84394
69747
73687
12089
66289
26976
60403
34155
70480
77398
20860
19651
89847
18405
24909
65172
76986
26467
45549
68046
79485
79528
26593
17089
26859
61568
19517
56604
2214
8811
69801
60255
354
19890
44579
86509
23061
30867
24718
2632
89387
62124
71218
74131
43360
31362
89855
15813
67766
5535
31056
43634
41588
22801
26144
33337
39786
23214
67594
72113
9688
39551
26574
52360
5283
60565
50472
54042
76786
6698
11018
33723
53521
50491
47488
15781
57668
83469
18568
69353
15716
22996
16072
62433
17580
52083
58313
66325
26107
69410
48065
77009
65422
63427
39380
84222
32261
4237
23229
82824
11119
57904
44100
51717
37379
38257
87337
29917
64116
48184
13723
18530
18953
53662
8788
54066
87138
3967
69047
63887
25787
53974
40991
83582
57385
7459
87471
80594
76534
71185
6022
32235
79585
84600
32352
43467
69999
75728
88499
20178
31621
80869
43740
41144
35817
14682
72587
77526
85513
83848
68715
42035
13883
29456
6873
32657
13484
45125
74262
12706
69797
85023
29281
18047
55517
7634
77549
58283
78652
22084
16167
12669
54811
77485
85680
38847
71198
53774
5598
27924
44574
43759
74164
17383
49811
84401
24617
40520
77051
16683
26656
12928
16121
73459
49148
85655
42751
43934
79706
26421
77027
82562
54666
31912
66914
44534
67474
7040
74475
67212
34714
74395
50429
65310
71627
21010
60923
24763
21103
82288
62110
67335
46745
59163
24572
60176
30754
45517
80947
36461
16839
73465
37949
66807
79907
80150
1652
43868
41036
80910
2273
2375
52661
65980
84696
14982
70521
61468
55110
50721
39044
77812
13793
11688
49850
53978
47011
22025
4976
82129
22031
52805
9690
22232
10545
58509
67957
15543
15297
1670
6368
64642
66708
1628
36519
40610
16469
33832
76792
7628
58962
86104
75842
86171
88207
83459
34168
44435
87968
43102
33263
68315
54240
76221
49058
41560
47792
72150
222
14615
17086
16251
35211
1592
68197
11616
58478
70454
13153
5426
71802
45921
77348
684
15124
31613
25051
14940
62698
63176
49673
78763
53023
65934
14325
23500
72166
67113
83378
40797
15040
51902
31851
40530
28157
83362
19506
74665
5579
29827
30215
59816
85043
15965
30461
17259
49912
85708
63220
61306
61824
70760
74121
77660
27598
12573
46260
89651
25553
19728
15731
66921
79254
84998
3230
10687
14932
21973
89526
86617
55305
39036
36333
85279
75995
72511
39525
89200
52369
10568
26330
54719
35786
80524
8959
6921
42483
62230
89959
75809
6509
14108
41181
30621
81636
40774
33152
70430
66369
16034
23294
81169
31368
29797
75464
67003
48943
43844
54339
41594
4758
79964
62893
73030
63868
13658
24107
36033
38717
58776
79342
67553
53712
16212
29820
83715
89940
48582
24137
83524
53391
55008
6071
33393
32412
67887
36826
51856
72233
8956
81227
7197
16868
47369
53229
88608
20027
14113
86963
71404
21997
61607
49513
65000
54971
37524
43014
39926
40600
26053
12152
49344
21881
44236
60233
64084
86336
7768
10008
67081
62074
17326
33899
32805
73186
48332
47238
48560
9567
7505
48625
67300
68577
75028
25061
56268
50416
5340
58037
58868
84980
86956
27902
52991
74264
67439
23765
140
63936
50485
58576
57447
48292
4330
29638
81180
87937
67127
63108
26234
37032
28656
73652
76217
29574
76564
19173
75381
86709
63694
1236
61527
49727
40494
15856
72655
21013
49868
39260
79598
80609
54067
54922
66854
82185
35059
57033
5850
19132
87300
28513
28725
25040
49657
74713
87116
56077
58149
17638
23437
53105
5232
52809
47508
78486
19886
59675
61399
84806
38169
34777
14038
75596
50871
27935
4527
6235
7763
15889
76626
40775
32038
45191
43565
64859
30591
61408
64005
72495
61375
37085
76769
9804
75945
76104
50389
51422
57127
62693
3289
68801
78781
13057
64171
83664
13171
81605
63678
88361
66885
9504
29012
41602
19974
64431
58643
79638
89963
13019
23507
63123
44636
38039
63088
84210
41896
29492
45807
72341
86457
62225
80478
7125
56293
53157
15358
35836
57421
17302
12735
76933
11689
44412
85574
88047
85739
25705
39290
61808
72919
67897
67755
34310
18504
56273
918
22509
34129
75034
80868
56088
49017
2301
13056
61996
54104
13629
42145
39478
17832
72703
15611
56357
53431
20717
16877
83431
68036
78958
83662
61700
74484
66292
68266
73267
62837
44553
80723
56903
39368
8005
72885
40960
64176
18256
59257
51377
75645
8259
66154
4826
49164
80968
36346
66291
84804
62532
28562
39917
79269
14244
41266
68019
35238
52650
81863
1012
54675
12079
24456
19825
45854
15677
63725
6408
81744
77029
13636
8500
8881
77690
2057
24349
18366
32302
26954
64391
4720
10492
77132
40261
19169
39071
47801
41738
26371
13994
79407
31653
57665
69136
17868
48853
79356
84147
804
18131
48424
39981
10117
68015
62710
29282
87188
16982
87813
46857
2832
12931
89368
24024
40504
77545
9256
78741
34580
43314
27608
60357
59405
10718
40444
57046
58417
58420
26554
45396
64982
24055
40884
12078
81990
71524
80885
44398
64986
59528
12682
66697
2680
15880
14742
41053
49723
35857
32104
136
21099
75026
20346
77235
4657
80701
54251
15391
80870
7121
36660
22345
68683
19571
38810
73750
56872
36705
82872
79719
89438
83895
60032
83144
30912
67240
67627
6895
31563
7918
75678
7186
32151
56882
52492
47519
61206
80641
59749
24656
54994
64619
20281
23666
49936
86563
27485
38435
59420
20712
76305
46975
31198
39719
39761
34911
47486
32568
69356
14760
75279
39397
45154
189
23107
84971
25807
39948
53574
26236
24419
49317
61185
9449
61120
9962
12777
36096
54919
46269
57877
32140
36801
57992
73627
77899
63233
5619
60246
28204
62300
8736
87773
36816
45401
13211
39772
82459
77723
46920
78561
17166
49816
29470
33552
18244
87978
88823
84820
66654
6293
57233
15885
32743
11541
42160
36383
1269
32160
4320
26778
88913
57182
70772
78162
65849
64128
28633
36389
15060
1159
64284
56137
28149
74663
36993
28929
38636
6778
6811
29213
7536
87208
40825
28947
79077
54197
68376
57077
17111
58075
13850
79819
17884
51573
25802
79644
40297
36470
4726
64388
63184
40379
16358
56550
66126
55969
13859
31546
15155
48051
75287
4382
88874
1300
40848
18059
20480
45839
81353
44355
83094
65752
72328
78510
89525
81237
34309
48062
26171
12929
34383
14959
14937
60266
26485
89689
62012
41356
32174
61465
88858
5203
15356
14691
27713
25325
85806
31548
53592
25009
4246
82613
71908
62508
57666
56708
10740
52734
12749
55257
4895
10964
87181
86243
15958
29092
73605
60717
10399
21253
63649
38506
76599
24963
11120
23939
13999
20049
32826
86981
26183
42732
61331
55526
69399
80041
84056
26932
21144
7161
4948
8849
58521
41368
86434
10841
53575
50256
68382
48737
43821
77342
47231
19130
9752
18738
48527
80893
41632
58183
78007
26434
7224
62164
5055
2054
79232
32299
6802
61575
35618
82688
68751
50909
62406
56270
1667
10894
22643
30631
28245
59138
45349
68149
48528
44970
67269
53646
19458
49631
48418
23092
34303
75792
27312
89901
44974
88321
68322
89137
21912
43948
26187
40188
65121
77764
68810
57307
8701
62677
89517
40839
7631
42845
53032
38765
73668
40769
52558
52700
13300
24041
60321
75640
27347
49246
85559
42516
33791
71586
47496
34094
51450
60249
40709
60208
30872
8201
53863
72595
42985
79433
32468
39363
34269
36529
34818
79545
38499
14652
39373
18339
23663
4364
35415
13682
37692
51432
5920
85759
75883
67217
31101
89637
74495
76475
54010
20726
29789
7431
69675
7500
50705
67786
29959
66495
32548
63916
54687
78752
52916
28442
9131
70994
40593
45744
33549
79646
22050
8363
24583
28138
54599
53687
72062
68147
86859
38002
70973
63257
3304
45128
79524
67488
40513
39276
68443
6422
64393
55082
554
52216
17250
82394
23601
48654
35229
10690
34632
12554
42279
76064
76199
69707
86387
36122
40843
43705
51174
64229
85079
36970
34571
1704
13454
26093
25723
52672
60835
8562
22434
29168
87618
19696
34588
22236
31255
67172
51942
75987
12492
19876
27763
51490
61064
54658
12043
10674
412
67427
2526
69285
31409
73145
17895
72114
87524
15633
72389
76638
83226
48467
37500
5166
67719
48371
56336
35933
82056
77709
44416
86804
55185
82167
53041
35743
39466
40667
72421
27383
17949
58034
71473
59099
23418
14571
10940
88674
87669
56155
5487
14315
68790
8862
50526
29927
73522
17564
17478
74310
24161
27573
61938
10705
14655
68598
55086
11186
73441
29014
66005
3342
80879
65516
74301
45487
41649
77536
31999
58578
66884
32194
70665
21830
60820
61404
24126
23716
51105
16093
83786
39155
81288
30239
21969
4879
12319
73452
15269
77780
84448
5251
46877
69781
85262
59907
89005
3666
50180
51890
48692
48056
12204
47115
54407
16205
39201
24837
10005
43952
48349
55800
47019
83762
78351
85635
84011
16922
5844
15204
40751
34909
47816
78217
26758
14158
74258
11760
22389
81146
82101
41845
82458
21156
83860
65575
57463
72141
56855
51000
16051
77500
33292
83509
9328
75713
42359
37895
64153
51287
37826
76728
66720
67027
31987
66503
89190
62627
69193
40644
83452
48536
68016
55308
58942
84785
82237
54466
69457
32961
68351
88354
32475
79777
85338
53441
13098
83925
11033
46325
30809
34510
2706
57564
19567
47698
77429
68956
8403
2127
77575
39648
52541
10608
72436
60830
1711
11078
24852
41251
49507
41842
80222
19077
8495
27853
26922
53948
2998
55295
28529
75456
3151
11642
15900
38365
57864
86970
40731
10696
6361
87100
48347
60105
33301
32387
5993
64712
67917
35084
39876
19405
28904
33399
87782
82731
42754
32794
61955
84890
10123
75826
17299
64134
49901
41422
62916
48164
70569
584
34191
81575
79675
5219
40073
46841
16874
88946
35751
35652
88914
43012
69997
59930
52107
16077
5303
4313
3122
74549
33218
77973
88045
28037
72859
82295
77696
84874
63193
16819
73226
36552
46629
54445
60086
27987
12168
42230
76774
13781
79187
25056
37539
78577
53961
76734
66388
28232
59653
76631
34142
72154
65287
32007
69838
29773
64297
983
34708
62056
29065
38480
23503
39491
10180
23435
39775
26857
37871
55824
378
75736
48911
78214
23986
78540
59691
7690
29725
15272
15675
48848
19801
35689
89152
74496
84826
41451
37352
63870
18211
5680
66543
9854
77202
65178
28020
76373
45914
89003
21980
18525
76049
79177
36235
81451
34451
13193
76548
63961
3764
48831
73933
39630
27472
80912
4359
74877
37912
45318
49621
61416
74307
59598
54202
16656
35922
475
22920
35197
50007
46843
37989
46611
80993
45832
40053
26264
23337
84475
61771
40019
51619
48983
84240
87868
50512
75925
3458
10047
32386
58380
20857
25221
26623
39426
52983
1770
56255
4791
71897
60413
12888
72519
57300
56170
30176
70140
88391
49620
9699
4386
71974
42481
66322
56021
5324
39629
49642
69789
19834
50206
75271
40681
77166
46173
73904
57570
80877
70396
80033
62680
19958
77596
72081
1161
59216
62461
55483
34535
28821
6523
591
9609
51600
61249
38592
74821
10758
78727
25694
87263
52806
22544
83277
74288
83565
52461
80005
28119
14135
10788
30673
56491
10456
61504
58150
28763
62602
55623
69582
67558
8609
1265
13498
63697
9921
78650
59095
39601
54173
33643
31259
82000
37763
84392
57534
3242
38428
55179
39063
16128
19522
85420
2362
5349
48699
71521
12998
55932
23705
43140
5264
7428
60217
20238
3626
21396
64640
86582
75700
23085
27248
11257
7793
7848
43384
38824
27197
64970
71825
16535
24482
86542
63877
80250
66938
67564
37488
61891
6026
33511
25863
36376
40428
8964
55438
84716
39250
42790
36128
2484
18087
23631
47854
40870
81252
27566
24792
60261
72188
40611
57223
33291
42758
72476
79245
87316
20647
34302
30243
46475
10100
73877
39335
53947
31464
28116
87125
67938
37233
7644
19225
31199
13076
17162
5531
3770
4398
39997
80325
68689
32283
64748
77268
47423
34448
3604
52940
23292
69628
58727
83681
8776
8637
51125
39950
428
42485
6490
37109
19792
44376
78683
24470
6767
19406
10043
1973
30111
45315
2428
29447
81339
63830
64715
3530
59430
44734
63522
44494
88834
34106
5048
55849
79871
78963
63758
2213
19537
4047
77816
44736
35187
38579
72676
86229
52979
24014
2982
86848
33610
21216
18877
10463
34274
9929
33479
11673
25620
28799
64051
44015
85779
40458
19346
14406
22768
49831
11312
78190
38151
88767
48609
67810
5870
84230
72574
64462
13655
25401
37161
24401
31075
63056
8192
22169
29163
52029
474
260
85144
54847
65819
47332
55819
69519
66601
66367
45564
43621
5654
80704
6563
73784
86363
30960
26937
60520
61284
54040
26337
57591
14885
39144
88403
74156
53695
48607
36842
80393
52674
61373
89791
2613
66151
41966
44795
9909
10333
62705
36941
31104
44285
25346
64767
16648
13716
77234
5392
51604
87015
2759
70139
62275
45486
71870
46099
17198
5204
52037
27237
59512
17728
57521
65219
80404
88963
68499
48672
16507
43622
1580
25042
27227
64864
57287
76074
13751
13523
33616
83714
55851
5865
82075
9976
70656
72540
56477
63248
68629
29197
47828
81297
5070
35140
1154
1802
37752
42153
88493
42642
85563
85572
85413
54955
66997
77332
2874
61301
87081
66956
50730
87425
75512
73287
84168
83578
66159
19046
1629
71472
48188
43118
87982
58892
40806
74669
34145
28598
35640
49240
36653
62415
69087
72747
66724
67699
36035
23321
76306
3529
22035
80
29991
41208
66588
29315
63668
42133
18545
55489
73227
89704
41234
8649
49130
21902
21596
87793
26940
32071
52966
13383
61012
44408
63025
19915
13822
48642
38826
75201
10574
1820
23868
23718
34465
59327
69056
32303
26970
67477
61782
5973
81302
62872
82703
21786
85032
20103
9502
18842
60978
69578
3375
11743
33507
21499
74697
30849
15832
30717
53131
66562
22361
30562
33942
2806
84497
11467
7205
42571
59674
75233
63724
43
53718
39262
42474
41743
22518
25514
84030
67463
79208
84312
78050
82370
7846
52413
74058
7473
74285
31560
53195
75434
12985
50272
88596
86439
48227
75745
48599
16933
29890
4733
40216
6904
28504
25352
18304
52301
83851
51004
21445
38251
38170
51996
47710
61591
38874
28163
23262
83777
44836
83606
6018
1898
8792
43218
86793
6393
81817
59710
82878
67226
78779
18637
51083
43706
32470
75251
20729
34622
44861
6819
21984
89998
18634
1608
79601
32662
88209
70459
74774
61768
82119
25031
33469
37198
6019
64788
57324
59564
60957
1038
60307
3988
11858
77020
5616
67503
13093
74576
67139
57621
28459
83179
12490
67662
34664
78372
88758
7594
62862
10413
71757
77733
832
3340
44595
64350
34299
72951
75891
15450
14646
36969
27362
33200
66951
47974
34555
64122
54704
85675
45094
78419
40636
20858
41540
12625
65722
17697
56747
15462
60695
21603
2703
51857
72050
32823
6002
43382
18556
61777
6970
34103
79709
4797
68206
8336
66631
82043
50377
88697
32218
57039
50119
18347
2633
34941
80061
61581
20368
23787
69469
63080
87574
14759
68007
6784
70440
39824
78847
87643
7181
84066
66372
60465
58213
17607
47764
75983
3300
14132
53779
37795
75490
72197
67118
79347
58795
65492
28861
44121
40539
58699
43010
27184
28573
73887
4355
30769
33543
81671
76842
25746
18248
72947
66905
40204
76397
50640
65881
78477
88779
44682
57146
58375
175
7987
77299
44511
23590
30893
13855
81349
29471
89439
78205
39581
40383
7830
74118
76057
7900
28100
7153
62601
7638
44491
52881
55640
25469
31602
33463
6702
64435
60101
25145
68896
642
4128
32639
76165
87253
85297
32013
21193
89225
50636
89496
36839
62157
64150
20171
40815
40179
12499
49226
76912
15858
6309
52999
46586
37705
36213
63741
24642
3536
60349
39447
63140
44152
7827
14587
61219
57268
9038
49663
16796
78592
75982
41445
67759
11674
5408
27811
32738
4243
48093
802
60320
20786
11911
1151
34320
69061
31354
29348
83719
51153
15254
32858
76893
32009
74703
35031
39897
2168
57855
21778
63154
1643
61090
49433
81156
3619
37310
83787
15211
25106
34231
35337
3483
9140
27040
35325
5163
18787
49788
36998
83394
80208
80606
72012
82899
83125
80509
80652
81846
56344
45294
761
72623
11848
23506
23687
87076
84321
20906
35009
8996
3259
86406
22746
68889
47545
55923
66391
53473
15016
76849
51310
3251
86640
67943
33632
83412
3168
78473
5312
23169
58355
27307
18294
9638
46145
51334
57892
6321
2241
11802
67861
38775
73292
35116
19141
73195
37616
45545
37772
30630
3026
82609
89964
27609
34134
63890
62780
65728
15170
68411
68341
50647
21642
27189
48295
65300
11882
34798
30714
3862
54790
62634
78476
70979
8554
5895
50188
18430
6851
49520
71911
53426
42577
30252
68579
78019
66973
9025
66667
7462
34599
42827
77603
26389
60527
33067
64670
41640
41991
47328
46047
26577
59197
39305
34188
22142
3709
11079
3455
50019
37424
52683
46465
62775
5044
87494
39090
62529
16273
80013
28180
83197
21671
24106
16007
47093
57951
35576
87048
26483
56010
80651
39379
68635
58538
62517
5181
45475
49588
64513
29340
9317
14805
38600
58157
50775
26721
8143
68873
63995
42854
66427
11035
54732
12312
1700
64956
76026
72624
53783
71929
9544
76558
77471
41099
65284
67975
24904
63590
2463
82048
63336
48886
10508
64220
6222
32916
67959
13879
17251
13696
101
61111
58740
2485
18156
47271
72894
42514
40901
50956
34763
58540
21706
24382
21874
60926
50520
31427
71087
65536
30354
19259
85760
1857
79868
25034
12801
85456
70696
52816
79948
15261
16793
86740
80080
37231
33585
18103
38753
23235
1553
20675
80113
82007
42511
14674
14269
46100
66240
22150
21326
67981
58613
26760
33468
78369
45307
34189
40581
11348
62084
81869
32655
73670
25336
85556
52418
40574
1514
38517
35041
79921
62158
11999
68125
33213
41889
55270
55787
28899
69744
2342
72
86614
65428
3328
36104
78732
8958
68452
43111
81680
68681
26222
10614
42267
76867
6352
4103
21751
9190
42380
52137
13453
16185
70744
24995
26616
80554
82980
58325
82114
47722
51299
4734
48668
11452
1988
37215
79214
33711
62772
75197
63385
55210
83583
86341
53529
13404
16306
38240
33092
54926
86953
52247
64615
60870
61105
46030
29272
73473
73524
28303
63512
68694
21724
53328
38256
10534
46820
19461
15815
63621
76984
22549
38706
8800
81878
5113
36285
41974
6155
57960
12027
56924
76708
32951
79606
41505
31090
59105
32320
36396
21113
39748
75853
82691
61401
18725
76009
84282
47025
1464
20429
13542
60191
47832
63311
33343
20190
18402
84145
49648
16808
52586
72733
76413
62823
33013
75106
71375
79647
43702
73143
9492
3805
69971
87903
23009
8170
34605
12305
63630
45724
50235
3835
79310
42693
68792
35647
14931
26743
48502
31928
2023
25032
86988
68350
547
84252
21891
4990
36758
24
71812
25558
11077
5968
25575
78907
46717
20639
29135
78077
74803
44379
36627
71250
82913
317
80145
40440
54980
4755
56972
67638
78991
60410
72943
47509
81728
63537
86324
53799
23496
58755
78893
1865
16518
19370
45483
51168
26775
14445
24581
2334
76646
24385
67683
87452
9616
5090
39248
12051
2531
54350
56095
61521
328
68139
70455
70193
16364
86983
28458
24448
62742
88304
82559
12804
26327
82907
81158
7408
10883
6719
40735
29438
75543
32325
89625
5144
16604
19418
43566
26604
80121
57507
20044
8312
42786
51217
43339
49869
38756
81214
39446
10187
86273
79345
1756
39766
21816
46869
76770
14860
33941
44842
25836
32229
54730
77905
4018
83564
15622
6754
75867
81331
34548
42261
38294
38289
59984
81714
46432
30150
38861
83901
10378
89604
8657
2272
6680
82034
50066
52443
1257
9113
36087
52678
41728
87759
40501
50942
10714
73069
26248
21426
21500
26709
10290
32173
73829
59594
82171
64181
63305
16928
81764
46412
68390
69422
20707
14059
53455
17322
21180
48679
85904
64379
86639
51267
40684
25411
34137
66778
32621
70059
32284
87113
49233
86446
58808
71583
11401
12788
44706
44764
27870
52696
78937
46770
39369
82554
63268
48898
13592
32407
10992
37430
2554
35450
78780
77833
83995
59856
11416
75655
8871
52108
6418
81382
44360
83769
62026
19719
66436
62440
40404
48948
5265
47874
41128
18676
88828
87712
60301
82856
70586
84504
88194
81673
30780
63994
4250
40908
17232
25205
81831
57826
67821
55538
85860
67476
17141
4876
48084
54589
69082
52513
71806
3298
6683
52931
73307
27896
76324
59456
1543
61780
30587
6496
9319
66317
21600
31801
46767
35941
1771
56628
75366
57577
86535
89267
21704
30109
12640
40036
56040
13175
12348
35904
84771
82836
32357
74444
65759
1446
29390
13949
74589
7454
46423
78213
19541
2891
74357
71540
29923
83221
65430
54766
35137
42457
51199
45454
11234
41455
67444
32395
82372
81372
52287
52781
40889
5663
21593
3036
48627
53911
61080
53081
39888
19804
56988
35003
87756
37884
79087
29639
66044
55502
51079
48185
85686
102
10289
8171
19811
71145
7432
49315
79162
33190
83076
34197
2914
27753
79377
51424
29064
21082
43594
42745
34374
13133
69686
16601
19374
4453
74160
46845
23511
63650
18543
20522
63364
65747
28114
46377
64334
63645
70151
44444
58558
14490
30607
29307
27943
71288
72273
14468
10595
39122
18836
57330
23806
72323
78611
22321
72773
43766
12391
2567
86663
49766
48512
27525
28579
24596
36186
76136
23949
78703
21827
74053
32366
4665
57603
86210
72258
73200
4417
33078
78066
35956
39300
1241
28486
39853
12891
28754
70510
51102
17493
44869
521
46653
75415
57347
67044
25260
67872
54056
51589
25097
27984
80969
67583
21243
69725
921
15922
76341
3348
49599
26931
24879
50473
58418
3691
18143
68474
84094
45546
35899
51910
84412
16757
51688
84472
59964
85242
63643
37186
81403
41100
23747
55873
67746
83093
40800
46444
87619
69120
29731
50762
37251
35252
17475
86413
7992
79144
8208
13520
28255
77881
59521
64467
5295
41788
17498
20947
62891
816
76851
26203
56987
57066
21715
16840
26400
59815
78006
37513
44096
2888
56492
45182
12653
77978
17915
60889
46651
72759
27919
48661
42606
50728
78443
82612
82870
47918
72705
34000
27774
56762
58093
40803
75436
32651
81562
13277
27228
50294
3392
26612
64273
72590
38187
50341
60080
78183
30888
44421
22533
58359
46000
54940
1277
82881
65584
8379
2726
83166
21154
70605
62319
10836
86715
49053
48805
43783
78872
47061
56164
59003
64911
40363
17796
64219
36866
67238
65399
47743
68405
20762
7210
34219
23490
34146
58243
66897
73326
4126
2351
88842
36808
28869
51035
65444
46014
60004
54424
26228
66425
36454
11436
80028
24398
50748
73260
4891
34775
44188
88342
13301
65459
19594
84846
82387
32873
53049
28554
64015
34264
57923
85180
41999
70434
83432
18099
8387
75727
35221
58663
44550
6225
29161
75317
66959
79315
38024
77746
51787
36875
88330
53039
29993
45133
25859
83182
54351
3490
11723
71884
31704
32967
16776
26911
87083
38682
71808
40194
5768
43174
36632
16003
31997
6181
60479
71170
28611
81266
63834
19279
4385
56050
65674
70762
38327
16714
52537
49133
40095
85875
40127
36149
12218
19892
25135
18228
46555
38730
57275
40850
81131
48663
56148
81612
31304
78333
67347
62706
86383
71311
81255
18806
24311
84009
26907
5517
35155
82569
62603
68264
75065
56716
85073
6365
52733
25450
80283
72661
81284
65236
89023
64705
54944
5130
59700
38687
23620
28215
88921
79146
81698
20957
87881
43762
82104
67849
22928
41388
35287
61669
75101
40872
61857
69454
12512
60211
69327
68488
76454
48638
21995
29201
11822
7284
61688
30061
60099
78615
42878
10910
80212
55031
30341
35823
29155
12344
26449
9496
26780
54083
11297
51936
57683
75286
11983
31081
29226
50046
45520
35379
19561
6488
50009
8673
67769
62113
8185
34130
49784
87666
10095
81676
29550
40698
20704
29017
21627
27960
65967
13522
59331
70143
1443
78601
65112
69175
14873
30970
52825
35621
25529
36691
76687
53540
14969
32667
66655
62874
16727
46439
71168
13912
66789
5679
14156
12400
56454
59462
58323
75152
88784
49316
35764
2548
10512
26169
13477
82835
62709
19108
37608
53211
58203
48384
76593
66676
64857
16743
45337
36764
14577
89252
15560
35698
30755
49944
18009
57301
66883
71368
62085
67343
76496
33853
34131
76388
39911
39347
80966
7856
13368
67196
89347
11276
4448
50307
18160
12119
32102
28423
2500
44835
89596
24878
48291
26553
40724
26184
80001
42058
41114
66804
57281
28969
47080
50501
78770
69028
81132
8920
46225
48589
64910
86218
37183
40406
65012
17233
25500
58460
35876
18853
37511
27476
67767
26998
77847
24262
12757
9297
190
13644
56804
30247
36262
54454
78323
14226
48550
1489
56773
85696
66704
15488
12086
44094
61520
78034
48498
45652
48024
15401
21451
14497
27856
63720
29765
68642
52243
50042
79915
80285
11630
5060
45197
29460
56706
24895
9706
73736
21503
88280
10679
83556
30535
4871
31452
37765
66555
88276
72008
54062
82587
72563
41612
11450
58469
28766
57641
48797
25588
76020
87647
10288
16503
84591
27756
24328
30655
87805
73502
84499
43434
68529
48107
82920
5142
52033
58014
48002
74798
73216
89449
82538
24075
22211
79397
15779
21779
5652
43412
82814
16490
78481
68255
19947
66831
34917
58769
9738
60812
70296
86552
43736
10917
21658
32721
52509
61393
80142
36449
14299
38425
48516
18495
80111
75053
61882
56615
38288
14057
48210
69292
12479
14589
77194
83134
58484
59795
36555
8263
45216
73764
63153
25556
63719
52265
59851
47893
63749
63177
78065
7625
55688
60879
1727
22000
12057
76615
13907
58390
57404
71563
82967
63558
89289
27700
30724
50892
21610
59744
34802
11429
43160
22107
75157
14842
56123
36255
42930
75062
55352
38267
855
17663
16614
72175
13246
25137
58897
41524
56518
34506
3636
48069
83580
73568
81431
57682
84747
66169
69349
86561
79701
86870
40979
37575
51696
11479
11785
27630
52470
59242
73389
28804
27990
55314
15741
73660
38110
60817
62061
21605
83263
78488
67953
79667
21846
25592
48256
83223
73238
78589
23098
86381
4993
85190
45684
82755
25288
59891
79733
50667
23275
7492
32226
21594
70117
63675
20701
64836
89894
45119
22923
11895
87915
61378
60214
85231
40241
39946
62749
60414
75595
34737
46571
1079
2080
20496
76606
7072
18313
2171
13631
31823
34833
21030
18513
29942
83338
65666
56323
59332
17082
77810
26354
81262
82283
37580
85212
74616
23352
6036
39964
63329
89952
87229
62859
36590
40865
4064
24263
59777
17999
30786
88501
53425
4394
17403
88803
39757
62008
80802
49531
1185
60026
84236
35141
52981
9493
39940
59530
36199
70688
53660
19578
15814
23298
77282
84058
57531
87490
51465
74141
68747
7402
24915
62001
73812
81494
2587
83706
10281
63043
37614
25349
25861
10264
47121
19708
51086
54437
58570
46867
1084
67146
32849
58707
42175
6730
6401
87315
30827
15744
87557
10843
88520
12705
78619
66744
39956
48630
78185
48182
34949
75120
58315
967
89829
53290
61438
69919
86130
20073
74762
16665
54976
15181
36583
69685
30668
35577
2341
82745
10104
62883
34347
64613
35837
64469
7860
45151
37918
73520
48413
45057
80489
88783
86369
74862
85523
73247
79231
50542
63033
33336
53245
87940
30401
65775
36566
37417
24303
14907
45332
87864
39096
53210
74274
56407
39734
40936
29270
62913
57612
64565
51075
69557
75752
46367
77214
10822
57437
85604
48247
85958
13853
66879
70294
61692
53054
20343
77608
71549
64072
32785
45046
27478
52626
63677
76117
55763
85884
89451
32777
59466
17038
72534
61326
65939
38694
57501
31164
88498
16180
77010
36337
29001
70877
36681
67546
33581
46314
28141
54681
9334
19674
6792
7671
40711
69580
2524
76702
89768
13376
33425
71397
10027
39998
88167
66932
34644
45569
23186
28901
87308
24258
46222
12692
9136
46846
31700
32830
64285
64786
77622
44984
65958
36130
50953
14401
13890
4896
88044
72516
4370
34660
45849
4259
31766
79414
10640
33060
73003
57778
71816
67945
31059
37846
53182
87970
60792
6834
59615
63468
45893
86924
5691
1021
7489
2912
21802
88545
62989
87245
58491
77980
53418
3512
21430
69298
1089
43274
53567
61368
48939
65520
40657
65412
41876
75617
57774
25911
71468
56998
10360
6251
52218
72026
30599
88866
48553
22264
59199
49095
35044
8240
61225
85628
11458
37173
54430
89620
69668
85822
68150
71654
78896
14029
63550
72041
62298
56714
3019
8151
85015
70922
54514
49271
45194
5333
18188
70602
59784
80231
26401
63180
61673
84027
57071
8555
59253
34973
26923
46546
49119
36562
86117
74799
14020
2821
187
70468
17837
77963
61958
38544
79164
78543
45736
65574
19963
81244
27646
11564
58596
87127
88883
76234
46943
59986
50457
40175
17085
17079
80812
72006
66911
46128
68604
83130
519
36323
77579
3727
24111
9009
7547
12656
73059
72414
25661
76738
47122
86244
290
88919
59230
35504
74966
31343
80856
8838
15903
18249
68118
13930
39008
81799
11685
3248
87814
5089
66816
8526
65816
57346
85793
3173
23895
7444
40796
94
12245
54506
63073
34499
33611
88109
79765
78708
73951
345
82385
77457
23513
10603
54678
36467
21161
9431
81418
37631
40254
81651
37760
81699
86964
23131
63345
6974
42385
53042
404
63368
71943
81442
48543
17555
79084
40937
19665
59287
39209
46888
32860
57896
37593
52817
15022
25964
51382
75757
67562
71140
48177
68441
45266
65177
69847
13670
1157
63919
10812
70893
11694
44196
38335
35029
61470
55691
39700
72675
86836
44162
22909
68478
20267
65443
52780
76270
1313
41930
7476
44730
65801
71901
86452
49517
79995
62972
85926
77419
52401
49478
26969
35361
1412
68857
59393
35146
56410
85526
76655
4673
27187
39584
10959
3676
14834
45868
79487
75694
227
46458
16451
32716
66852
75205
34681
16771
30
443
5446
57569
70286
7502
66837
4262
89293
2153
66844
1556
2871
63579
28670
35560
58001
20323
32702
8773
88433
55290
75003
57751
27167
24197
62898
61964
67316
50537
68786
19992
49949
21295
61978
45941
1076
22838
67322
53180
23565
5107
76424
68332
7060
45214
70002
38524
67609
51417
17216
75138
43490
69595
73091
433
81388
22974
240
20626
58386
20637
19751
70287
18269
8479
76198
58414
67618
51970
13747
28866
77868
20420
24982
53515
57222
11152
64553
28844
26103
41413
70542
86479
89632
47072
45733
81396
65416
68179
55624
24789
20814
58556
70672
37312
40222
10750
50097
46872
28035
28937
23413
53531
34821
33247
17358
48883
80179
46623
85869
41782
65108
43653
81548
21835
69125
69584
47016
25338
76676
88398
82429
25024
73122
52917
45187
75371
62937
60628
64895
44555
74098
62431
23990
1390
15199
13317
40954
17668
43724
27191
47433
21982
80408
6054
22077
20329
34036
84539
40021
88699
73603
21450
54289
23568
38438
55411
87103
13392
26875
35368
36318
50518
26716
72735
84727
45414
41497
24046
43837
3359
34645
42220
21264
80284
41073
26606
77530
28340
19867
51627
67994
50409
9734
85987
36267
13139
65234
3946
16176
37915
11086
77286
39751
72295
18490
86114
65031
63378
49990
67522
79617
23058
73530
65507
51640
48175
71060
29612
45008
45058
45752
14238
66821
20519
20549
10845
81025
43438
59029
16795
20651
80608
31004
14322
57715
27451
58115
8616
64709
31434
45276
42814
81567
22579
14582
577
35610
70904
42377
29875
75599
64127
25656
13106
48192
55756
89352
48459
32110
87918
52323
67894
43526
42563
32642
76356
43905
46532
20832
80699
52240
10999
46885
35828
23431
5811
54923
17851
56308
58267
89461
39565
70657
11769
8000
14594
49103
74722
31668
88457
48665
8721
33801
36218
63501
81386
28916
70674
30096
23715
48374
83581
54887
73787
28105
23260
70778
43029
55728
42074
11884
19884
49030
2124
10776
44781
40337
27019
52102
82735
31052
61609
60849
37163
43501
68317
602
22311
79394
3924
85880
18770
41972
13158
28883
31936
84667
5284
48847
6451
36061
26342
39030
49971
79869
10038
86303
87372
47226
62370
42384
22243
84855
21101
3237
13746
9795
70571
89897
25870
5813
41018
39025
20179
3959
47820
88958
68522
59876
13724
51969
18795
9863
11989
55952
75733
26054
50148
67088
3057
42103
58916
62703
58602
63554
86146
59820
74349
11431
44417
70916
67795
57002
51023
42090
76370
6783
74150
40811
49571
31637
81552
24964
48328
30795
43371
22019
51760
65136
15044
83659
84534
69709
56162
12796
78714
11528
10870
46951
31648
43937
36532
9590
61186
991
69916
8273
19663
75264
64324
60533
10219
9819
7878
60750
19654
70817
26788
72719
65183
56531
67138
41871
55726
31215
60505
37140
77951
82535
23770
29722
38792
11657
85047
55118
64667
85019
84069
33220
63575
9438
73695
1162
28519
64131
3554
38542
34721
28438
44720
54561
61398
53271
89848
52669
22252
4230
20200
16265
63030
55362
80301
22641
9820
13394
66354
35918
33431
35849
64949
36708
72884
89194
37568
41637
67419
9799
32201
39425
5350
37070
71692
85897
70856
62129
64432
82884
27328
77749
55602
2308
79922
68325
41915
3017
84326
2126
64543
66696
51920
7496
4751
19514
11978
22965
18324
81788
76478
41386
66621
33650
17320
12007
19061
54690
12486
84007
8930
80333
42536
49566
41223
21531
36748
85371
19255
69299
48584
50308
38901
71958
85606
34892
62897
63138
28707
72211
14175
65495
58537
18601
71196
82643
29120
73586
61648
66148
55646
45605
38631
57609
19600
65463
38390
42433
9660
81914
46151
29350
46054
80846
40014
8043
57906
60316
24260
18984
38599
85056
56555
23758
15455
67633
41478
65046
41129
16227
57852
57017
5694
66573
5946
26925
54541
8537
65973
5519
54876
31241
35741
47512
50761
38279
68992
75224
8850
56674
21541
9072
32948
58638
14772
84241
81940
37372
49018
16141
53012
11742
41723
69406
66520
16206
43798
7291
15089
36226
18867
35818
81639
68420
13223
78319
3043
14209
24841
45322
36525
2222
66224
66221
13525
9145
30751
40648
23854
20753
17258
60943
29186
43664
10582
74636
1879
56114
22004
20588
65768
19850
38759
9654
9103
33045
9439
49132
72054
2836
15961
55048
12221
22729
67958
8360
64806
80200
84205
70578
77265
39115
40040
52477
59203
40182
57719
17397
58048
72877
28569
62495
29816
47741
63977
88595
18428
69991
6815
40831
79620
36940
14631
83419
18057
3008
12339
18073
19529
88069
34778
74539
66356
76880
50513
53573
27370
80600
52434
71458
83531
30841
31456
40387
41818
86200
46208
34343
73656
81710
57590
31031
11282
70961
79257
33505
33046
68151
18629
62877
33608
22775
9979
83660
62224
39212
10820
1100
42026
12751
39522
52271
89298
39745
28833
62073
65282
56457
43243
13288
11604
84682
50484
38899
51734
95
6283
76920
2728
36190
29962
7993
84440
52552
66300
72911
14228
45506
63759
42584
1565
74341
10919
75440
45563
66085
25084
67489
74350
60928
10040
22417
82093
11921
54523
616
69968
58017
28862
5206
43763
29032
53624
69691
55458
70651
6149
28257
36159
48590
88524
84800
68402
86965
51040
6342
63608
50669
53390
5700
12366
70346
5146
2376
46245
19226
69271
54621
39334
24160
47311
17630
41042
66165
85395
49472
11522
22813
56011
4200
44333
88882
76520
68496
48598
58747
79612
83984
85215
15897
68194
31761
9595
83015
53301
21056
57323
54460
15909
26722
25431
29360
2789
7568
20998
12009
49187
5830
73998
63476
70285
60292
33968
84910
30538
23121
7398
41969
21356
38252
3711
38230
89196
8681
65189
23819
57273
86009
8039
61548
19687
71212
15445
12694
7852
30936
60551
70848
18950
11413
24787
86667
51671
19080
86118
56453
4958
19559
22727
38111
55311
23723
51659
72539
80833
69183
38838
56009
49941
22624
20031
59586
27727
10559
5808
61298
87218
30988
24466
1701
44899
38696
22312
23875
82853
21911
28057
84365
47246
37028
65656
28936
5287
37656
64757
37013
57444
54633
87849
63159
40081
36315
13831
13647
46391
32248
43225
23223
24816
65560
66625
83610
85909
60224
23972
56826
51430
33420
22998
45981
55754
10875
31640
4737
13160
51667
70184
27875
35934
56413
85550
35672
60973
50596
58637
70420
51661
13083
24870
69967
32821
63775
46135
41914
7414
9655
22398
59883
22317
86193
78645
81449
86511
48032
10916
67984
38912
35007
37927
50802
10448
82543
72075
85203
80867
79227
2068
20692
48220
38032
3876
38266
72957
26837
89143
72934
88949
67901
83872
33316
58354
26019
76230
76797
61485
87230
29255
31062
34519
40507
12828
32050
80396
81010
76730
51503
56377
43229
8820
3726
86293
68731
27850
43562
3979
15386
24123
2661
15525
10577
49429
65736
15613
63790
67757
61171
33365
63310
37281
77103
87430
36559
16312
4014
10550
24911
62905
24815
45803
33848
41912
38063
38948
86231
71841
34486
34603
25831
80082
44515
58629
60361
59531
64559
36688
63201
72800
52275
40350
61277
47623
72088
41437
10192
56662
81223
211
19075
67592
56054
17520
85185
85483
21886
4280
87927
14572
6632
84435
37021
67944
2220
25223
62254
69627
83553
30903
67128
32275
21348
26840
66200
84430
76828
22937
68961
78453
69601
38985
71840
39588
4321
4044
77718
56528
9513
33975
68301
87663
32388
74911
84101
3083
20181
88
16882
40068
42528
42412
42052
70415
64283
33130
80764
6856
79475
72819
15159
19012
78997
3111
954
17375
24210
58742
30613
29292
2188
83960
49463
60345
64517
25999
43960
21699
37494
81195
71772
85295
78366
68760
48732
40795
80716
69305
82352
70230
1099
15485
74857
89375
72381
17433
1463
57976
17922
35346
73333
48750
24984
72165
69396
4221
62728
57038
6438
89652
14036
85583
84651
66961
85258
89532
10840
25832
16401
3567
79622
61096
17489
56846
18794
41242
60958
57695
71835
53257
83391
73413
6425
19738
79788
72929
2468
31138
45085
70142
70423
34579
16411
80340
50870
35915
49828
22714
58517
62316
5600
14595
58510
4328
63898
83194
26231
32917
8636
13407
3009
12429
21159
29381
25682
48427
48129
83894
7913
63570
42725
23020
51545
18019
8504
2928
79373
59423
8314
71029
71878
9594
14285
62081
84677
52506
52076
45622
49946
48393
14650
8844
36321
56345
30650
50819
88590
6304
85308
67264
14284
26520
45565
5705
38692
54427
80860
75620
89890
87529
16989
59391
15707
11025
11787
66390
46510
26381
52950
75297
50434
36144
76357
78843
42414
14630
10803
47478
23576
4558
28723
65738
24843
77411
3579
50898
64227
18213
20782
46481
72120
57333
25142
46809
84208
24604
5565
47605
67723
74667
77753
30043
82006
3160
34434
9171
948
21344
29136
67509
45550
13734
65764
42956
35150
81193
30212
55454
33462
2109
2310
23800
5038
36533
54482
62193
58594
45275
20945
48489
58813
9637
16476
70200
4598
85820
24514
9736
34526
84768
43445
25348
11213
25544
84878
38551
77851
43370
88974
33347
21059
57036
54572
56360
54702
47237
56348
53331
17573
65381
63896
20402
32660
18210
9291
42766
22134
29946
67979
62957
4418
88548
11586
79967
41622
71784
68540
32116
22228
44108
56671
44368
57853
55261
21020
30380
48864
12386
63374
83650
50275
56241
30075
5936
54166
88743
43355
33880
52815
24415
27439
58573
6230
61754
65324
89765
61918
7422
26328
19168
65637
50336
33752
87977
4988
16422
81006
78356
35040
45449
17496
37278
32315
83238
60770
10711
55396
51186
53553
5135
56681
6748
5783
77896
47838
18052
41390
23594
30999
19423
6171
81549
54886
87164
37229
8668
27565
72527
29966
40324
66693
44053
23593
11875
34919
26480
28648
859
36695
79426
60786
69788
49131
76636
61943
78169
73539
52158
37471
32557
58022
83834
6406
44326
87769
44925
9239
58136
15541
61529
82398
51097
21246
24145
48963
23312
69145
43404
85592
64635
7370
75037
80276
28375
62312
64442
71076
33238
36184
61224
53522
69198
82169
53585
28701
55622
25513
42100
62650
86513
33722
12147
43511
66813
25333
30126
2106
5874
82914
17173
67940
47998
26989
42227
46905
76276
86574
42294
53589
64961
77129
69115
16817
78705
87900
1186
85994
6413
16466
58056
73853
27928
25076
47576
66303
15874
69946
78994
46590
80687
83428
82590
48132
60385
3088
70499
29713
14072
79544
89634
1845
79404
18154
70890
7094
12548
26800
30821
44573
60911
26099
24561
58806
25089
43075
4650
42051
84738
60501
15465
62850
12803
21803
47932
47172
69642
15754
45150
61613
36772
65825
26843
36064
55890
7228
40900
5436
26649
22459
52641
2296
69638
6178
82779
61802
34429
53322
86792
62738
89206
8129
79910
87777
6561
86549
62267
78053
62434
35451
74464
37628
16224
16194
8692
68613
36815
29669
49177
52212
42400
61435
57045
49776
48951
64812
80237
32465
39863
68082
62943
31024
64090
7807
9344
639
86022
72537
88469
65809
51170
57005
38707
76138
57631
13398
54524
78020
28058
40958
65260
51356
26917
75133
21709
61848
57850
89619
22309
59869
66343
15172
72182
24223
37709
69893
31213
9290
15868
17693
78326
71067
4353
44005
79115
59581
81207
55358
76371
11975
64125
54496
48398
29406
77960
69676
80350
76047
13269
62357
7540
64406
17305
73093
7095
5382
46074
34073
8983
86028
25527
7075
29490
4376
49469
39060
185
22649
62311
26946
36112
67752
15051
87193
87998
1970
40673
47062
15349
32927
38688
942
1888
74833
45651
27564
66069
32585
13780
25961
64603
86320
5859
17514
5304
89002
83802
22387
998
48234
73066
10953
87630
68812
54209
84842
42802
18182
45611
75828
21108
63293
30489
7451
74001
27989
22003
60221
43456
8783
38325
79934
8114
53383
52015
17480
79437
87543
72374
78748
68212
85245
51113
59096
84139
73884
80132
32625
89660
17037
87640
67853
21266
71584
68847
75614
32942
15792
82186
82787
7321
37854
15200
17306
83948
10209
46078
34234
48597
64794
45861
56373
62983
50946
44596
23201
47086
18515
64758
33558
7723
36374
32350
57180
30576
16295
60757
81962
79757
70626
58966
42733
69724
9365
36071
13950
2528
40161
24516
63095
74004
20812
65987
16017
43946
20667
4534
20061
21558
46642
87067
34227
54358
59465
82950
10793
7395
13312
7508
85627
77353
15606
73224
13202
82103
66032
83934
815
66940
620
82272
55281
76981
24403
31473
43459
70535
2690
399
17499
11457
13844
70591
83191
74945
26489
58251
84776
29334
62934
41679
29077
87416
44283
68744
34225
31976
729
75407
82256
86814
718
28270
22595
1719
76788
38965
51738
78973
88742
13941
19618
20562
78814
83863
37971
46585
63436
34700
78932
68023
66102
7359
62162
47671
2157
43806
28515
32220
25398
55896
88057
70182
48605
70167
76241
10067
28512
52592
32592
41902
63688
76504
40573
55501
77437
3123
78509
24264
72763
46321
62655
15072
50364
19417
11013
86691
12277
10567
23823
50525
76006
40134
81692
45135
16390
7279
42189
15794
19394
4924
75189
77062
24296
86445
31843
7089
47976
65322
15452
60647
3213
58890
1106
88014
6847
83448
48181
73682
74342
31479
88089
21223
68086
20391
87834
11424
27127
1148
87517
6177
15008
71932
39554
54480
55375
87598
38004
6669
80643
39324
43268
37458
24085
57171
34450
10140
4209
57529
32750
22498
4827
4421
15304
50015
46834
56947
74289
38622
62365
59167
13885
17445
81762
42023
36989
25099
75250
7899
70342
49415
28997
86727
48082
23880
10903
89936
7601
64209
46228
57714
36765
55835
33638
54982
20524
77791
56087
41749
77208
10400
62057
7509
60375
75199
41547
70150
3240
48623
64753
72157
3598
87091
84047
75811
70330
51392
60352
7771
76160
56444
30198
58895
70041
43482
10731
83988
78979
62958
80319
82286
84155
71383
2352
23856
32022
47434
17465
40398
67386
27551
21394
16107
2269
80003
66972
10561
44011
1765
45296
73147
74065
28469
50300
76715
44299
68736
23917
37201
2739
22921
27278
71252
31895
13726
51931
40655
26204
27264
48941
31729
1993
31872
24836
22441
75563
23029
18018
33910
66690
40395
21629
62444
35935
2523
19891
82983
49907
10765
26375
8511
81972
14112
77634
75776
19300
27944
21296
58840
61289
78311
58410
54239
11506
74206
27668
20090
6701
89052
28516
42041
3395
75063
60824
19682
57739
24768
11718
58732
45286
18595
60653
50683
54171
36134
36890
5990
24595
23263
51811
11270
37180
77885
492
4727
51551
59340
46279
46964
58474
88368
31156
69395
51997
25158
30542
59676
40526
47031
15739
73114
2654
80175
53284
47807
45463
68448
27192
1287
30695
72010
56423
67211
72068
11182
5137
77775
72116
23755
32695
86329
40197
51042
7076
74051
62991
18138
62262
72377
25542
39501
87295
28501
88189
68143
71420
52382
18302
17391
37449
89432
25262
40413
47307
67504
8321
28859
82268
34668
8994
25464
62668
42455
51766
9931
56489
64280
55263
84068
80729
32555
26893
44268
40312
63430
70543
78170
61637
83387
21893
88651
23277
88277
29938
22042
72280
13220
53268
77141
87041
64260
63745
35660
83328
69723
26211
36015
42392
4269
57716
86198
82541
66110
82469
27620
19467
21814
34989
34906
7335
25916
69375
6894
13732
8031
38449
52774
8531
60954
63035
19076
53971
7424
38671
32483
8755
31379
67460
49112
58396
85473
44619
25350
76329
55421
34321
40169
75827
16538
81112
11947
9111
34117
87390
63947
8568
22153
28200
43403
56575
64274
8986
16343
56131
23485
10857
25739
1160
30295
73451
59042
66565
21795
84565
36802
4639
81911
50166
84912
43523
14515
87520
62755
39457
50768
12946
68146
3042
29112
36173
75424
2493
49116
52571
31227
18769
38596
38953
24945
37482
20388
55036
25838
5503
75294
17069
62757
33331
30369
14547
60262
47587
74625
85068
43242
71289
52725
45411
48159
31793
22812
70007
14736
38589
13828
52274
49431
65636
73559
26836
62671
59541
9162
39230
10215
39424
85858
71723
11477
45721
59153
18869
76578
22261
63517
12753
36361
81130
80023
79832
12789
33150
81350
89899
19086
1844
83070
64923
25701
86249
74522
45013
20503
18477
32814
82202
62366
35147
10182
88305
86501
76151
42901
30231
11969
11699
78037
81098
19282
47856
78686
76783
46739
67552
27056
3811
58711
44478
46561
68872
58455
6782
74026
86178
34498
12404
49218
5439
77732
62112
13562
16148
34958
18289
2401
79571
8054
31130
49265
65198
8720
30222
88553
13483
75173
49057
80843
43097
71629
20623
7315
25215
59912
65696
66268
84868
27463
29206
76015
46537
45542
60203
74272
790
17124
15972
26959
28980
57020
84043
80475
82830
65209
8440
70493
42882
86192
47057
32306
38100
27736
78644
22935
68464
58072
25965
44002
48751
4656
77641
32874
8264
82503
5484
20899
41793
1243
60981
41758
79039
20845
16574
36645
83886
13165
58010
41397
20936
74668
47583
89480
61821
20988
38471
33993
36974
17902
53564
68221
6717
43900
43305
88090
42776
80761
88417
66939
69192
84012
51629
33022
71789
17030
83857
51842
35626
73916
37881
75738
3844
24342
47912
42537
11720
79520
59596
17028
44744
74331
32974
76800
6412
48694
49464
36894
66161
76600
69063
75685
68058
83
32913
89902
74249
76181
8651
7256
25564
60539
16223
63216
73924
50224
15946
489
23797
88665
7006
65563
30787
4800
7514
44609
6162
66765
52378
76511
89971
52161
14748
76512
26808
5657
2215
50999
75656
50010
51459
65619
35067
69503
12008
58608
9743
38367
57200
13196
3808
78803
79870
70720
74560
7726
44306
70456
23028
21907
37869
37345
10404
41052
70293
46289
58295
14087
80941
36624
17241
80740
29288
31110
50424
73099
47866
53570
88325
3451
68477
89657
39532
52166
45664
63752
12195
54055
72841
38242
72221
58218
59392
55392
87929
53807
77797
63131
81522
39365
78495
38040
21840
10792
30676
23812
2313
74947
46175
13790
32371
30371
10623
54711
49700
50933
54748
43872
53057
80857
51395
15348
14416
44143
51865
81310
49484
49674
45308
88156
992
47596
47189
31505
78914
49638
89284
31167
36763
40345
82954
25479
66467
89557
75100
16242
52910
33120
40750
72651
32956
26259
30507
73560
12085
909
286
72027
6083
72916
72239
8097
31099
68222
71810
23660
66242
35499
1085
83912
11576
41257
56471
39416
27886
18988
14388
68581
75920
73085
60362
38487
22740
63671
5615
39359
11562
41916
38080
716
40952
77283
15796
33918
63061
88199
56200
37463
21870
40571
11557
68732
3338
61676
72513
87170
40121
58179
71361
12250
77751
62063
28410
34394
48432
36561
32701
26454
13973
24428
14983
31875
82629
36778
86412
20724
53804
83827
71725
32090
4480
8969
49634
46110
28429
46456
75703
82108
78151
930
2556
65673
27430
18819
84585
13295
32487
1431
2743
33821
20069
21511
4286
49992
77434
58216
37832
69121
44923
26004
11857
16845
11817
77852
20435
1393
80997
20874
30433
69460
10114
4099
63491
84214
38515
38007
19069
58106
39378
71355
42888
20498
80668
63348
53008
73487
69076
9568
60386
55168
60275
30854
22721
14904
15621
36485
59245
87542
35043
38492
17967
35255
29957
73580
28938
16096
27857
20172
77944
25037
20517
77150
45389
36171
13937
47346
52849
85873
55486
78273
48333
6080
6931
29650
6462
19828
73137
8137
79590
66033
66078
45785
17407
41611
63908
75232
62824
85393
27508
28616
50849
84389
61154
4934
74253
3114
7149
23909
66440
81854
18692
46993
78117
27386
66785
12030
55567
64596
66340
67771
66208
64714
43070
33136
2400
6332
47717
69989
57359
8973
1009
77242
78281
4124
22535
34402
74973
39635
52313
69573
54079
13771
17696
79559
14686
1717
11053
35467
58463
45306
32783
13239
22221
5524
31770
29963
38971
12657
34873
55189
18172
32023
23773
62247
69614
36868
20512
16511
51896
86444
81311
47207
29425
58829
22412
47133
75965
59291
25943
2337
41096
47362
55909
3108
3245
29503
70625
59390
54948
52572
58512
43600
86019
15670
29792
7219
53115
88936
35562
77127
14724
54143
18085
62307
72418
13458
57284
37218
22790
61968
5372
30480
63226
48087
12629
24065
55926
49578
1891
86136
17525
1935
67710
62579
50722
45379
53344
12670
44029
3494
83481
69138
42025
56573
82957
66490
70932
16122
16888
29382
40754
65411
75908
37828
17546
29582
76172
55041
43586
44257
67907
29205
43426
20827
56494
28187
82445
21439
43845
79030
56886
88287
20401
62343
52031
68755
77894
37685
36468
69828
60048
49899
24840
27350
88150
33304
41045
81745
2324
22419
73776
59193
56296
41829
29640
65005
69868
20056
40347
87289
34625
86078
70183
3365
29127
52660
21343
69824
78361
23495
75712
53446
27375
59623
70223
77562
82965
30110
48532
32230
40015
59759
49839
42919
16722
24999
69751
55600
36476
77097
32135
50597
21347
55233
6835
58577
27263
55246
41544
69680
85720
33622
24432
82350
49736
26819
62640
1773
13614
48266
2445
25226
76876
9445
25406
64329
48530
7953
26919
6502
41936
41905
31039
64691
77710
9998
83991
20067
70269
69050
46800
2621
66480
20367
40433
42136
17340
74075
63836
21615
13391
57937
7662
14679
18394
60541
84044
76633
48708
29548
1113
56626
51779
40237
19634
41554
36432
43007
45793
19798
16065
71301
87097
68616
29051
64363
20015
56091
68231
55248
16898
8220
67190
9474
33019
75761
26845
87388
30251
56263
8955
1803
7262
24519
65645
33844
36716
55943
42396
60023
25970
77657
48153
75522
64242
27072
12408
34794
86242
26952
50214
24442
41335
21850
19217
2196
71776
59831
145
38101
72743
48346
69269
80573
38420
59061
73937
39266
7037
65353
80137
63391
11382
63566
57790
50988
76021
66790
23354
67661
69132
76126
40972
83600
47374
11558
46939
57135
27885
21170
34595
86255
51322
64645
70235
43647
52458
42037
13214
70262
16225
11866
3540
26935
50828
22024
67345
22869
78405
51956
49174
35847
61970
17913
33655
88082
75480
77945
87089
4159
48601
65
26900
66220
15854
37651
50977
79370
56019
51892
43165
65319
20130
70630
72564
29
22946
23090
39393
86746
37811
31806
87058
82374
62768
963
82214
75142
5804
44472
62373
28457
50634
78428
85773
22987
8737
63665
17659
75254
7434
39726
28527
37617
80953
2673
77016
22385
85095
47338
33483
77790
73659
8496
23582
3854
80711
73475
49172
20689
41952
12624
72438
48123
85427
11380
6156
14553
18116
80864
71696
981
70339
15239
81889
31201
89101
88691
82115
70824
57198
80323
41274
15808
21820
21811
84675
28184
29385
19009
33160
25300
68702
62017
27834
37446
46258
24109
51950
68602
18779
15911
82653
13630
54526
89567
72956
86863
63500
18576
34468
72645
81011
80055
70376
34809
73717
26060
69931
9871
76816
51092
89342
87431
39511
45680
32710
23065
42948
24665
54969
12446
9315
57265
85510
58754
36999
87247
19803
26599
35101
81929
40996
11226
53761
49932
46925
4606
77245
39355
12622
87635
11099
84520
77724
28195
28964
16572
45908
22985
42640
20134
40041
39738
33629
6805
49457
17229
86713
18335
79378
35268
47283
35846
76296
31595
4301
77058
60862
7085
59386
25677
81979
63505
37492
71286
17615
38644
43538
6964
88356
7891
22482
26559
56243
3502
87776
23097
87378
69523
1744
27633
79678
81439
66755
63687
36587
67532
55757
53764
35352
38815
55095
45231
64314
19054
78279
89610
42921
86687
7614
58683
22392
75042
59533
5639
43329
29867
40472
70464
12852
44552
15867
2267
14277
50
88941
41736
88269
18955
26155
26487
36478
6411
39028
18816
55078
41570
51345
27649
65717
32984
19094
19227
67621
52615
81247
40189
37395
10445
81499
3830
64942
75629
48305
29109
5016
61660
22550
27747
64174
50546
82464
46373
54280
49099
4082
36179
73839
12851
77994
27652
27817
60354
26718
59010
3569
33842
2564
5746
37232
20608
28789
34983
6191
71428
54312
28784
55112
80487
68795
65498
30424
62019
68421
56188
13215
37711
15441
9809
22895
1037
43385
23427
72011
74367
20093
29296
62466
12767
2123
44260
24325
66641
80316
17789
64656
19936
76929
20176
34470
47634
37917
71846
46558
18911
88195
85151
16636
21918
53423
41945
13809
10535
60780
58853
31260
55075
66558
78550
58815
61209
87128
68358
49533
38141
31079
36163
83677
39384
52239
89361
83024
61360
85641
80852
60366
6287
17512
84660
71148
62940
10428
51762
11553
13860
40498
22329
85202
38403
33904
14846
60044
73612
41022
78710
87276
38643
21843
4770
51171
27181
41064
85990
28815
44273
31431
50290
30385
18594
49527
87496
26537
67194
67761
46209
68017
67295
31850
10515
56182
58063
72036
4476
32996
10736
15276
50846
37541
11007
35862
84643
86076
13598
55309
22055
31572
6877
80088
46681
43790
46750
30486
23633
86476
63249
66095
76896
60995
16783
8601
20591
75108
82822
87586
31982
64018
5313
8122
109
20451
77760
69711
80317
28891
34114
254
71160
12396
12524
58744
87408
51937
13180
6555
82020
70678
25659
27434
36656
73417
3934
34404
29165
28139
12842
8859
34149
77564
70607
65162
29395
32375
26293
74892
20759
33066
79581
75006
29613
60483
20188
25355
70446
40971
17449
5451
6470
73076
42182
23872
74763
80571
63215
42115
88771
18508
43346
17356
72776
9388
43496
9817
43514
81922
21376
78750
44087
67663
10060
43493
20437
14523
67191
30171
79225
43387
64529
78890
12457
57143
22403
43972
87273
9321
71147
18198
67813
39226
64837
76875
60754
31678
31983
65109
30074
46573
78224
35569
34742
84525
42007
39392
18253
38285
69623
13720
55490
72599
9845
88028
63604
82550
12025
78684
88463
13090
82207
51799
81023
19469
23306
80135
48901
28850
80607
13054
57152
30000
2569
61908
4586
39098
3834
4427
14265
18084
64182
26465
64500
28739
7737
33817
11844
54323
63085
23628
51335
84544
75002
15669
43704
34845
16663
25939
44937
47202
6917
27710
52812
7579
49920
79718
39753
74210
9092
13154
34249
515
24365
82187
48510
19324
85931
32003
24594
39779
8309
62321
47747
24614
49417
22451
235
77713
28498
58435
9836
1229
65614
68159
18246
14948
27901
36177
64214
58160
35416
4569
36821
75915
56047
5931
44397
48359
78545
58992
69879
35516
42462
14114
83085
26370
86472
37963
17871
45562
51871
61153
23132
89582
23137
59773
30323
30766
10660
71408
74246
51439
39597
56262
37108
85905
22238
71828
24363
81481
74846
80529
10260
19636
77531
1270
51621
46499
11008
83526
71254
19052
48995
12609
38301
63419
10451
41752
50790
72533
78074
67247
31777
61589
27796
65224
763
76123
24752
27757
70489
54568
27908
17594
49205
81530
67012
36363
74468
36165
14429
11977
6675
83549
8538
23111
87768
63509
55704
49261
52652
20873
59195
75112
62235
12588
19489
45300
79932
55701
69882
64486
42674
59254
81139
77312
1605
80992
2047
72626
65695
50036
50716
37136
48350
84129
37954
51705
51071
13488
55570
63004
38662
6787
14974
72666
57417
28780
55861
50815
42010
68204
14027
40989
67102
68559
37652
59813
75529
16032
81106
32632
74000
24242
21150
2446
60567
3029
84821
73726
76642
64751
26355
87087
54126
74328
64887
18130
80755
10319
3056
58026
55374
7907
65308
40443
66324
34425
10049
65241
87454
21263
87556
32831
479
89568
14122
89110
52773
87983
75268
87696
60767
37248
49384
42065
40551
19535
84582
71017
66266
59206
37206
32679
45829
55982
21555
84583
6182
39433
86312
1197
10514
79346
4432
15505
57215
49368
88585
85103
25611
74271
85177
22299
31998
64644
33835
55163
67341
72648
57560
20398
17589
34532
71527
30349
89731
61354
83842
13555
25894
41262
55175
37472
22562
58066
43534
11003
50627
9200
70694
69222
64202
9953
54061
83173
89559
77209
54657
70037
75503
67753
27034
15247
36330
33478
10753
44464
14427
49378
70307
50218
86259
31963
55732
36990
6747
1218
71977
70498
34111
61940
34508
29284
3105
2814
80782
46810
72755
76955
6732
74062
33027
2377
75324
33534
58029
21089
51712
14308
30467
42783
55021
80994
720
52171
75296
46027
72825
60183
72541
56236
69982
84650
86637
3510
34972
37050
46335
20805
59743
19858
74119
22766
58987
21588
86234
34943
52341
71611
58726
88809
76084
63200
82245
72432
31380
24932
15255
66805
6377
13657
1934
79166
27517
34444
83487
88444
4410
22588
19951
45508
72838
84856
3380
30443
63711
39927
54473
75536
62808
10683
89684
73423
81596
51930
14935
61654
47715
52671
89507
18618
20836
63100
46911
29999
67728
10426
56157
40511
20919
6089
30819
52317
5872
58878
74369
34800
21049
18380
75020
76865
73375
27979
30508
800
53834
16684
85787
31644
63459
40314
75040
203
1145
48534
59445
44773
77772
61400
10483
41070
60652
26140
11894
9772
22080
36892
23838
26573
64891
43570
18045
33991
74323
51591
48888
1228
7286
23497
66694
2389
67093
111
1455
1072
14942
46397
14478
49864
15122
56986
35359
51519
79155
49611
44270
18912
77422
2800
88795
70619
7011
29732
84249
52843
6521
43450
58047
10485
41587
9597
53654
26817
18997
42545
7498
55223
14134
21736
53707
7164
41241
41398
16533
80746
78150
7679
88702
28653
13799
37116
49305
66534
65710
15221
45478
62690
58148
37373
679
33812
10783
83410
15219
13095
11187
23518
42361
83727
25578
11437
88584
84981
73424
48966
12122
81981
53840
34504
80389
71691
34533
32978
72955
14633
61149
45566
10978
2284
72875
80547
68303
16675
43449
64366
14335
82292
33261
79165
45287
44669
38980
43858
81573
69961
87145
52603
34352
89034
37955
71534
79974
79479
87961
52830
16233
72780
46693
64226
38389
20250
2946
13008
85421
74785
69095
44535
2411
29045
30041
41517
56466
33907
87785
60227
32069
40924
85607
9798
71653
33926
71092
40066
15334
73412
85272
1777
28186
88040
51456
24208
57335
34979
54535
2824
20621
49528
68733
39988
23384
52822
88169
77148
86422
34851
10572
52435
40463
61631
81345
498
15084
55182
66402
66527
66421
82285
31821
16540
34888
2629
10212
85364
33432
40722
73725
19672
59127
54027
40401
86374
17044
67684
18775
27749
38502
46852
74069
71979
16305
63475
78318
13015
43809
88631
39494
16499
19090
18638
34418
46163
74810
70467
78719
76236
78258
30297
25555
45453
39567
69556
39706
21455
53218
82565
58675
12063
8925
65124
3246
76576
40938
88270
41768
89
44652
43551
18555
70956
45102
34235
39666
58145
8377
63844
70654
2056
56934
15267
84299
63263
64510
78582
19361
28284
88435
68427
55427
11925
66868
59908
41857
42369
52889
41466
13293
32879
84807
20870
89869
48079
12982
39865
40205
35425
72298
6595
19770
22104
62906
28896
52614
27333
86634
34930
9569
38990
41820
55675
50494
81795
80040
34749
42554
58814
25143
11798
13721
83190
3417
71791
24743
55228
26846
71676
82805
81463
7364
47704
7204
38731
34658
31451
58783
62021
83095
53929
86151
80017
17866
17820
30284
82974
58762
39193
14191
61231
13744
47465
643
45820
26999
85105
59668
77284
75352
78771
38649
46903
81059
48057
66819
44561
10172
41797
70175
2419
648
3723
56940
10524
34861
89939
6915
89560
42647
48649
13296
31906
51051
10063
68176
55534
33132
40658
89774
60509
14018
37153
67862
88067
35271
89269
69153
65796
46959
69235
13494
38684
80117
75095
15100
77665
67859
86008
7668
79003
53036
36812
50208
30146
62201
53988
47443
61565
69758
68279
45386
15193
67187
20342
2392
8340
29894
7049
11068
33729
55089
21744
30392
13362
19415
66326
78808
48019
75882
15497
81032
64535
35103
39178
70065
29879
7243
65429
73106
68458
12908
33902
12590
79434
34007
3608
79044
867
27083
74572
50548
873
15047
45530
83136
76611
13874
3449
60219
49917
58011
51828
62949
31155
20742
86494
80240
17710
72971
4635
2228
53435
2302
62055
44855
41856
18835
61742
89510
46526
85365
50410
23252
33041
49559
55212
60041
43300
12761
57026
22611
80854
77879
6550
44567
80946
34353
71819
74019
72385
49871
68306
61691
52319
25230
72016
77793
5755
17345
17647
85986
40394
31859
47475
191
49526
9511
66410
64792
23501
34554
69311
57086
8197
30073
49360
67598
79665
69568
44924
675
43318
2968
43208
2889
52455
75421
7967
43309
16747
85578
27958
9076
2981
29757
56737
34881
58697
36613
20163
86027
8381
5566
67432
9869
19348
26773
16110
18046
29772
62864
62723
58286
54853
53019
11729
34952
83809
43571
69777
83045
17270
60418
80014
22551
16972
26575
7654
83679
10855
72279
8035
76833
36986
3126
86237
59561
22777
36155
8105
57627
47139
47222
29895
35780
8560
60193
76995
57298
59210
84046
85101
1046
50646
68739
25162
39552
5851
32392
44512
79275
39059
60865
21316
41130
4772
76135
27074
13270
68931
83245
50384
70379
31594
89530
68267
55256
64426
36000
22575
25967
14586
74086
57688
8978
56020
19091
89074
69117
81983
75258
79338
40285
53890
28622
42757
59312
29317
35910
59212
7557
3082
54575
28371
27327
33738
59852
33298
1901
80141
49989
29665
8872
17946
46049
75812
51226
17281
49168
58841
54925
74935
29276
630
12864
81033
593
39951
85153
43013
62599
32210
5002
25917
40199
11974
64218
68834
5255
68498
70821
55953
78737
1448
13776
74438
38015
49761
62137
19765
59609
49735
74204
80134
64155
60867
43255
47751
7936
9689
28029
33699
11546
55057
82514
5418
39184
72777
74824
159
46706
4037
15532
43422
9055
47359
68252
17264
8723
44751
46013
70104
41013
61976
72474
43322
67279
54821
48769
72245
89345
46016
29615
52482
64394
74148
64065
18200
57941
74466
15374
89398
35735
68236
4498
24944
48879
53641
64700
4068
9373
61671
66705
48099
30666
45184
43711
67737
80002
48783
1721
38618
5348
30133
23261
51977
35465
15053
72994
84396
71055
89132
73665
29781
35097
64200
51254
14939
8478
58671
74512
39587
65212
59982
26640
68116
87735
27907
70907
44111
39362
71431
41004
88983
71780
71713
49098
89613
61480
81303
10852
39982
82077
52564
62344
21374
39816
47775
34551
87394
13384
89630
1593
61860
42692
58798
18262
79532
46213
86726
83072
29674
10347
5079
4433
6504
2741
16799
76913
84133
34735
3528
65586
73098
51706
39141
50245
5861
66894
2623
42225
10332
36310
10777
81623
13593
42631
51435
41761
1552
13849
23514
52078
55366
48513
5577
83430
29235
25380
57285
15326
50672
14419
61606
43928
33979
1907
66108
726
59822
5212
46658
84512
1427
20630
67899
33020
61739
81379
71174
7310
20871
7592
4078
3139
85349
85343
20846
44964
46132
87718
50539
50154
86902
17767
69143
53670
74046
20952
8931
19352
16089
49493
1224
32930
70685
80261
10331
72009
38769
84414
5369
29309
11771
689
48875
70857
75905
42628
66511
21166
9723
36712
19158
58583
11252
65087
67401
59329
29203
44711
60287
10591
10743
45860
35436
48629
20911
35509
1931
37498
66863
31975
20758
85
83285
15034
35710
19013
79859
75547
47788
9454
5962
73256
48802
49275
3277
6094
58965
29237
29698
26695
73928
73752
50436
89737
46569
85116
9811
4842
5569
45213
28091
41658
73443
84090
32739
45819
86636
20510
89281
57887
9885
47323
27003
35431
6508
71134
44069
14349
41209
59223
86429
13887
71461
55939
72823
28369
56963
13996
89217
79760
61002
60263
33495
83741
16043
42953
45012
9286
29869
8080
85348
73136
20317
73798
48308
68178
53197
62918
615
82712
61339
45170
41873
2281
79734
3409
23293
55718
9484
88246
18431
7736
25607
13438
77991
18422
33135
47136
63461
56048
15415
4327
59808
5983
72446
10149
44564
65633
30199
13495
21384
34862
77859
40506
61936
34059
88477
48794
1368
70501
59036
17200
5047
47248
71633
20564
59818
68898
76345
19570
57769
82584
42989
69941
59039
58461
81298
37469
42031
72585
2036
83622
42458
6648
20725
79118
66246
7319
38467
3274
74621
43584
40008
83517
61302
75933
39667
69190
43660
50618
49228
57283
1133
33887
87996
62952
8845
22152
6366
42280
11873
39095
43279
52591
77537
18192
8224
19697
45427
76257
13027
6373
14964
38777
8711
85718
67890
71705
12226
78718
30806
75786
49453
21447
57873
52905
39866
15568
78850
80400
44411
61282
67824
5902
26708
86993
87621
32489
59879
55280
85051
36947
88002
17336
1678
22340
32200
61573
32204
71750
12347
78129
80588
40814
45971
78460
5099
47639
12623
73092
34202
11778
40680
30279
30785
10662
36272
83896
50405
52335
84134
61729
54693
68700
56806
4354
32117
78380
2603
44906
54952
82189
39080
47765
52690
48982
30066
64567
12722
21000
51645
83276
9857
31440
6671
86440
89785
11890
71281
28822
62283
87592
46466
30963
7334
37659
3741
36198
57221
16198
67819
77161
12697
27831
25407
33852
7020
51274
56240
83598
70242
85528
19456
56795
8221
36511
44216
36341
75651
79837
67307
15763
80663
25197
61852
74455
22039
82862
65483
68615
71655
85082
80116
12295
82941
66120
43049
40390
76254
22061
34405
77397
11286
2579
59967
45647
52710
87604
77015
18438
89197
83438
56161
11303
76029
85741
45010
1294
35829
40917
24413
27435
65523
19066
63497
15623
58705
39258
84073
14414
54286
43095
84195
35792
24407
43770
70086
83613
47781
75256
5309
85742
86533
87867
20309
35789
17753
63086
77043
64446
9405
47948
50091
62914
54262
4075
83211
47890
8394
47339
26844
1984
53082
7052
42658
85555
50112
12612
41317
72795
41033
44109
22474
71261
3388
30559
78274
64126
48955
16044
27530
54315
30375
82465
41407
34959
15207
1116
30982
71950
84962
71175
43345
83861
50767
60013
52068
45761
26306
88636
1006
16175
41432
5966
86360
37144
60963
26272
59026
15690
27684
45130
30968
72131
55397
85866
72523
44104
11973
27746
22770
4267
21128
2643
67839
88838
22223
79191
57257
72605
68946
70064
27581
77290
63824
31204
33456
54241
3941
8411
65355
67097
6611
31351
83300
12884
34048
4528
25952
19182
60440
65729
54149
86464
78501
12601
44934
1649
5068
33370
68696
89826
5875
44833
54504
33043
66637
89679
20037
55746
79527
85640
50387
76877
5505
43699
33363
44465
17535
22873
63433
38746
9010
53833
21405
44762
33199
83229
52047
73045
11015
15220
42981
15498
10235
6029
70884
17473
48662
1586
20657
60054
23003
1683
64120
36554
49686
3113
52633
15460
25118
83064
41330
39333
16046
89122
66118
50528
57316
60748
56383
38747
49981
24602
27745
50867
15099
58188
61941
27663
36214
77796
2614
48443
78815
23975
36107
76061
84251
39814
83168
542
1163
56653
2980
9046
83108
5664
41102
66101
41316
40288
82732
19994
62367
28064
61966
54986
89154
18979
48414
26626
19568
11473
69650
48818
78133
9626
20850
39057
55999
74530
10739
4222
88466
31565
68569
9022
41080
36242
74887
946
75802
55966
9765
40084
82771
65861
51820
62745
39740
74181
32741
61593
12947
30487
65388
67308
5584
62847
20481
19685
58871
16210
39050
75944
26121
11879
15097
66624
54436
27178
1398
8924
78761
28143
47272
70048
49665
67539
52079
10560
17941
43856
45372
63672
45533
16645
58408
48648
56961
25655
27151
1614
31328
414
2557
33386
7877
56569
15342
71109
59178
45507
59322
73095
24527
85309
14219
31253
36955
65242
56789
76196
83994
58274
61666
40391
83138
37789
2957
28113
9549
43665
1136
20296
459
83460
27253
78200
36464
29454
20625
514
27810
54118
32688
68262
84378
65720
39829
43429
7844
72033
19377
26049
87869
62504
43721
18215
42308
26196
76571
36280
46768
22237
77320
22500
42838
30278
20122
8631
8885
80789
14378
25096
37812
28586
42003
32045
58978
88198
60100
37064
50686
50749
22336
28286
66929
59419
49258
16692
35057
81720
66836
55848
50983
56326
49111
38461
19520
77939
8535
10190
38361
79794
35347
51160
70187
51331
35984
77249
64061
21052
69498
33244
49302
70522
32735
54767
77669
75667
53745
251
68366
8460
38557
28450
6118
70384
3454
78620
43369
30642
62617
10726
78572
38262
44049
10232
52904
81337
75860
47539
68331
20072
65596
66749
28207
77324
803
15871
69146
50202
89695
82086
40899
38584
88529
23272
25541
72499
63187
42576
24833
69177
12327
22282
65793
51155
8918
72434
56225
8063
86294
66608
71969
11878
52207
37956
27502
6558
6656
12194
52118
15033
83219
5401
59734
28905
62242
5004
73816
60661
36751
25126
27560
53177
43021
7038
7122
22400
73385
51371
59719
8706
7248
7980
11970
30671
50613
58544
40468
72844
71304
16537
48785
69209
16103
31722
13794
15290
46043
35594
13765
23979
49878
9332
83050
83101
2201
83457
6242
45967
337
44337
11428
51453
35884
44918
78342
12230
81579
61244
25667
17750
40973
63950
2212
80817
85700
69819
86165
78316
7461
45366
43028
3095
10744
35284
33980
65984
76508
52702
6825
15241
29453
67518
22750
38022
65421
86927
6467
49973
18664
72792
8029
44459
78498
40397
83674
85968
7894
85506
34034
40823
53272
70670
14160
69567
43656
19883
29586
7882
11679
83956
28313
82684
8934
77137
85988
14559
14790
54525
85831
23250
18570
21330
81903
67177
27277
27477
56877
53599
69131
22906
46789
14576
18519
1937
72125
24157
19325
19712
74424
27468
29283
27246
72372
38497
24771
66459
78904
49410
65225
78613
60274
47458
52043
58817
5378
45817
68285
51511
52570
10908
85587
43750
45635
44578
8075
28920
61508
10388
10385
19246
74976
48988
9928
5075
14598
42341
83740
71905
54478
48795
23099
74611
59481
89574
69104
87420
11277
37370
51561
61466
5716
16597
79200
40022
6233
61324
67773
76737
34478
57302
78864
16609
11392
11074
35850
84013
12260
84196
78786
89595
74952
32238
87612
18670
55918
7278
19419
67288
83444
9178
81946
1456
38970
15870
16567
28121
13722
74556
30065
6985
49659
40227
44485
65579
12045
4822
39467
48896
27424
74832
56057
61030
59957
5802
50720
62685
86212
37033
24827
40407
21244
50035
35880
12374
48849
63077
22402
58873
57436
57648
49060
54089
34074
65352
37938
4841
73056
71729
7933
21944
16702
71330
56974
9722
13843
32145
37118
29689
50470
31314
30832
44689
52532
23034
62682
45763
61321
22868
13414
65732
33367
3022
65397
23583
66244
59733
32098
52258
60984
47355
21270
15818
72679
55674
54898
11359
17541
47535
30951
727
52701
6513
18413
56574
54654
10519
29565
47882
1173
89301
21037
57321
24711
53367
8199
46015
59266
81308
28297
87427
68805
43201
15863
7738
47236
39833
60665
19684
33713
36313
11372
30263
52779
34882
74047
4150
35962
86839
24475
4883
71995
73651
86842
75241
89833
6682
39837
63888
60064
58023
24058
27262
56042
1566
63482
60201
88794
50541
59514
11733
37804
69842
47613
42453
6677
24544
33741
25122
68300
31755
72200
31010
46682
33466
55122
15980
59303
27344
73521
29633
89990
68123
2536
23912
21224
81879
59618
8471
54195
557
34260
62681
21482
56277
9121
35305
45766
49076
1103
43975
9957
65770
12394
46088
32259
77095
87569
52121
23621
22227
22286
71694
79943
42130
76521
89865
63371
24340
32000
59496
23566
63493
86189
23463
62576
3302
89019
69368
78617
66357
34670
78368
29322
39989
56929
43154
3763
23039
48296
42352
40366
47840
1188
47600
6853
89195
24454
36919
48816
28175
41290
26887
84607
22769
5564
14358
83061
79151
52389
60157
47211
72352
70794
42769
51100
11859
3801
69852
17861
76340
68062
61140
32891
20286
55729
28986
72156
40284
68490
62080
25865
46206
14501
68342
70399
30189
61407
22646
74018
8070
9791
56967
47176
66258
56720
46413
83649
18915
21689
24655
31735
54212
50255
78142
70107
17018
62227
56455
57726
15787
88371
39811
63757
65039
77219
52789
5094
46803
75289
65664
72505
6095
21849
19602
47162
12909
2475
51011
65773
10166
45789
1440
46457
84862
8156
61421
75175
65064
13625
72807
87583
38231
57453
16815
72700
56078
77811
86128
9243
82661
37761
70882
36655
8716
9050
81482
55503
18800
45646
58719
220
4942
54668
30374
24978
33536
85002
66859
83978
58353
6453
36194
29451
2545
77164
65803
75723
42470
38286
7702
84493
25673
20594
87848
29763
53815
64791
24007
6146
69746
17815
8285
42837
82044
8976
32694
41327
47378
4550
85109
84989
63143
9352
28523
66855
55523
46048
20191
62397
19754
70777
74368
88705
8570
51959
66988
67990
8993
750
79203
78508
9839
60156
10237
85404
41429
7349
54615
23345
85691
55591
56535
32829
32903
49569
60134
57775
58335
11926
13363
75230
57088
88808
21404
83629
13167
75047
14642
71880
80345
61214
70055
79953
1275
19311
69030
9773
59437
50100
19386
41058
84307
27741
27415
11176
37525
35260
75479
16750
61361
85565
83887
2704
14198
59057
63092
48892
21352
35017
8385
23916
38974
47022
73516
84361
68377
52519
7602
76011
42282
68050
10864
58718
67159
13761
9554
46282
61448
14348
69255
32770
79861
66782
21136
4017
20022
18609
63418
60616
71552
42006
75211
1110
36855
9517
61372
40696
67180
1047
2165
58224
7881
22681
41093
42543
63443
31472
36017
60705
23907
86345
13820
74214
89042
35186
52800
11708
58750
65390
11351
65058
46732
58320
32095
59192
24691
68245
32064
14494
21764
41123
71399
85971
43062
12169
917
55579
66272
18389
75015
61457
8540
22679
40449
56143
23177
30438
23412
9872
32462
66594
26555
54305
27786
32766
22248
35179
16666
48211
4130
24180
68823
13276
29953
4052
2050
34473
86958
31352
76269
6607
48978
23781
44214
16965
9904
21639
54379
66350
4661
46188
36844
61951
22787
25761
17193
32915
41172
47860
38432
41224
24152
81767
50998
72465
34077
1967
81588
8832
33744
65872
47424
83690
35513
15031
70129
28959
42387
58712
64739
30306
17550
41340
32100
9499
19736
46831
71433
54193
10952
47620
74224
27408
36259
14492
44528
4761
42233
11507
5488
67465
32595
33719
52162
36777
45278
34633
19843
66173
74471
41286
89734
83979
69403
4504
47536
51043
49649
34420
26886
8014
29160
71413
87413
77915
35304
38012
35314
71247
78811
67076
71754
59345
6246
75849
89471
71704
79531
65652
39895
7437
74544
19233
11503
47494
77237
89202
81934
51716
37307
9251
22335
68098
79950
77337
20212
16187
8550
39182
63820
448
30906
27805
81150
42724
13601
14645
23738
63455
54648
36736
85486
76778
40356
27117
25074
38353
29417
5339
80555
64019
19543
88152
41713
16904
37122
3746
22789
54746
74513
57228
13314
10068
49366
20538
58112
82408
79223
56468
41292
34033
25264
13591
50696
74563
28970
53858
84388
64651
53656
57606
17415
41885
56724
21527
61349
10
59339
15098
39760
1408
23226
21518
52169
49416
85977
57370
5518
72631
24569
3440
77903
77853
7501
72845
48112
41272
32580
32431
43435
67807
47748
50560
84317
79330
89558
41384
23167
33036
8408
75578
6965
27556
80214
73315
84831
43358
11573
53520
69550
10328
36483
21659
30657
12473
342
17278
38797
80905
27018
78194
13448
82498
23644
54516
40984
23674
28437
68785
81232
24121
32847
5770
47111
48125
20535
50327
10994
68617
53717
80378
72347
74330
50145
6886
74363
89086
30898
72293
6568
15067
32359
59360
64773
86411
44154
35878
34172
46504
13124
59583
20032
82525
55498
2655
24884
6185
58171
11885
84699
17786
68293
48264
72084
33561
13694
68415
45662
18284
27129
65022
42081
24770
6475
56233
84801
77408
39082
48223
48973
59763
71796
61629
44395
31919
84790
44772
65331
11714
77250
43754
75706
49408
10790
4778
29656
40763
36428
13982
24286
24261
14902
37717
63622
74453
14091
54676
88216
13109
58329
21852
67694
35695
66424
88841
76144
18107
83092
85889
30397
36219
4917
57834
1920
46513
69940
43002
27887
1180
20527
6312
34150
16447
65281
65781
17072
52136
55514
44296
81271
70852
28477
75305
69977
44495
65135
39026
48216
65921
13282
89722
36257
40858
88829
72817
53016
7803
65335
27596
4664
73290
36689
28547
6011
29544
82405
13772
40778
14136
48529
61825
5248
53558
34637
42749
46122
7529
23408
29668
45019
26068
60881
46026
11010
26252
83476
6461
5368
22737
28393
71529
75358
19927
21712
46812
52688
70780
48823
62076
17600
40206
19336
32225
11169
10528
30618
29975
60949
61507
81186
22653
83731
8326
29308
39990
25928
25459
9630
4908
37143
45062
81198
483
32514
775
36786
87897
87140
39121
21346
47402
43072
22693
50793
37338
55488
86199
25570
52177
15699
84590
89230
70329
40557
21549
21580
84538
45659
8865
39471
81425
61638
14188
15862
88824
14733
87716
34017
38
8284
25491
39827
62971
13281
88605
24215
57290
14896
60066
76007
76455
79593
27769
17649
49677
16528
19997
36143
86148
45660
60065
49587
71913
56105
1453
60996
65269
36397
57526
34501
81460
37441
43720
51810
47033
33141
12873
12324
3760
38070
89554
4918
61885
52039
37219
23546
47417
56198
28852
39274
16633
89210
16575
31537
68039
9193
54804
61028
52184
87530
11499
71275
27376
20829
56577
53853
76412
16918
70830
6643
56592
87939
8398
76197
31216
80460
81999
42592
571
81448
66482
73207
24218
81939
29707
77119
83404
31832
52041
64576
23694
41230
56576
25897
47408
37413
45400
41485
57881
7438
50000
50110
8595
1688
2294
47810
5731
77171
49409
18275
56631
46478
27460
61997
67248
31170
57841
59697
51087
14830
20690
73037
24105
417
70560
27326
22464
52054
21927
26366
4392
51295
683
6578
59968
87660
15502
59906
16782
87767
588
87504
8897
52713
2719
56517
37603
44308
40125
55863
87632
22302
52637
36618
42235
18898
80035
79308
87554
33333
49964
68027
14286
82722
70719
67916
76400
24013
84909
65975
78086
33896
75225
63340
59559
17757
13336
7810
19699
3383
31331
18017
56589
18540
5027
36505
31978
5492
45846
67110
53239
17357
22210
71442
78466
49619
73731
1836
29940
17526
29865
10380
48404
39038
12819
36024
6692
484
75999
24954
2667
68294
8172
49693
15768
21410
956
18855
11773
19747
9333
55572
45934
60140
76139
56648
67336
56496
2279
88950
48121
84464
42008
59435
10895
55328
49277
32859
86372
7163
22503
82173
63111
5560
36238
62292
89978
71244
60710
2381
56521
47275
8233
72450
52919
74234
28191
6367
37502
27384
12091
4032
20098
46987
1686
52744
73880
45314
64466
38006
89241
34543
86895
69909
33268
42963
78276
85753
42045
30122
62628
50486
48703
49752
48145
57926
80944
11019
57807
54586
53753
66133
79850
65970
10024
72506
64079
49234
13634
15305
52294
27306
80511
43027
89173
35885
37220
64789
21738
88812
64588
25531
89650
4139
57522
59117
35523
52829
17872
6939
55012
43573
59479
24730
33866
57876
36347
61198
66823
27947
4080
35139
55406
72089
76330
17723
26087
24237
39103
17531
35769
67649
44887
62403
63576
4831
62007
22488
76351
44332
14413
74461
61798
61161
6015
34479
78853
62196
86738
39374
75206
74176
46084
4244
73878
81984
69690
16557
62374
41654
18537
89815
47857
48830
65945
63708
20556
83651
48390
85216
12543
28751
9211
41260
87659
30984
85238
53735
14300
70743
52390
56533
4680
9532
66566
52494
36788
77319
44531
84429
44891
48893
78499
72652
31639
11837
4063
33807
21274
14505
73927
32800
86754
20855
64217
51888
17885
13913
38302
29543
51711
49266
87043
74905
48996
52545
81509
66628
72004
73634
8113
7397
84779
33279
68375
32049
63442
85315
279
15866
24102
21687
18561
38164
20891
58340
33704
47827
40499
18323
40700
73860
20956
80437
19968
60775
68536
58266
16822
85406
84621
35149
38795
39913
21465
12728
8182
56381
87720
54034
55894
7453
15829
49979
25601
59644
69901
51730
54827
60787
38568
32372
80757
28228
13208
31544
73867
5723
87122
4568
32841
14242
83502
56704
48889
32825
63991
16022
75489
85589
81967
44708
67828
54706
24553
54916
49614
25199
18240
34088
57272
20363
47304
71775
10350
38171
50522
44757
9624
54377
53300
74915
47064
32474
17223
58736
47206
70928
39330
49329
28777
32365
12744
51389
71912
38615
61672
65539
68808
72022
49093
69360
47787
78844
48518
8383
29050
1713
44583
28063
37313
5761
26163
49722
21035
67496
28990
80063
20866
36025
85966
28825
17041
72979
41218
25595
25840
87951
2624
38030
75235
51184
13623
82844
81823
6731
11066
20741
57353
40386
22242
86654
10861
86490
54894
87928
60524
14610
56780
52957
64706
57505
9214
17742
17887
47568
309
39663
55324
60593
34490
28801
18983
84032
83933
71362
9768
70554
41116
62629
21781
545
78839
85461
24410
53679
49690
87474
89135
61543
50164
53924
9505
58967
49264
76299
74392
28505
57429
19124
24681
9341
83540
46506
8544
51932
52695
42650
74189
60435
58809
4681
82533
87135
86069
57434
84419
84687
77110
40586
60498
69505
6622
79104
22799
86761
16367
14107
65127
17096
22606
11375
73058
14906
87972
10122
51514
73985
65611
68432
84847
17213
36884
68132
33582
24598
59503
73344
30840
77897
80978
7703
20577
48860
85503
62581
19038
25880
10137
24558
10091
46266
13736
43495
8177
44806
3706
35461
58496
31497
30720
56509
70397
39605
31092
32964
16245
64188
6256
87964
37182
54138
59994
83510
51471
70945
14109
60967
71377
51066
27714
39228
43709
51987
82709
67181
56026
53075
15406
32547
69343
20934
52357
57576
89351
11447
86728
23881
51608
11592
585
88392
24274
19144
73972
69176
39492
82730
46784
30740
7455
89150
61124
39566
1912
5395
26861
54610
63802
55972
72256
63117
54093
42517
84110
14643
45869
14599
81742
37197
87489
50489
62675
69045
28102
29806
26403
2257
59660
33781
50363
44712
13237
89501
80344
4195
68329
7560
19437
63723
23547
61484
64501
65894
29793
37380
66439
64781
61486
2055
74122
88301
17479
67960
21666
48163
21069
52741
8941
66719
34878
26988
29523
664
14214
72047
35674
14518
5095
57494
38091
67101
10177
36404
60726
20018
26376
70341
9326
50535
22147
83319
8367
82556
83010
73432
32932
283
2198
22634
15410
65751
17764
79830
68408
48029
66754
66538
78229
4055
21019
20102
33242
56350
2742
85184
7548
89127
76948
19955
24568
49710
83781
3804
75753
89801
52918
12597
85819
82018
26665
51863
75618
73362
61082
89218
86313
52536
83675
26762
84812
31607
32426
49445
86091
72881
451
88223
14390
21894
62483
57979
79672
53851
73374
13764
47286
85350
12458
29242
181
86364
18208
77355
6288
11954
39271
5480
81867
4579
45945
36540
64107
82271
52249
82076
82068
47690
66912
20683
87352
10238
35797
15232
62246
37007
85327
86989
70891
85098
74517
45601
50928
81233
45797
85735
38185
13411
12854
1065
18902
19524
55694
59424
83395
55888
55620
41779
64461
39582
64047
17234
84399
36222
55083
88716
44827
85054
81129
52522
73014
51615
87027
55
57549
68000
76870
82492
41944
89156
41423
69575
65222
40017
19702
76286
22764
82340
17155
68516
80407
50752
88668
11654
68563
3487
27686
25408
71459
18894
32533
89578
55111
17777
52116
56212
25857
3301
68652
2052
84051
18392
53710
44896
50140
56657
55473
80456
38667
69367
76718
47454
56434
89700
64040
2729
5527
76405
3412
12413
44061
35649
39440
3433
35289
67508
66103
16992
77664
51499
183
48918
69128
35551
27041
71663
54801
85837
25971
78044
52951
34229
23080
28629
89661
27933
17808
33448
57650
8662
48912
33916
26117
80592
87688
84815
88309
57183
44131
38982
32143
77247
63406
64743
27173
14761
66462
34934
84071
50013
64807
4961
10626
74827
75402
5476
20148
8434
6883
28800
40252
16150
68856
4644
65964
73319
79219
61705
45773
34795
88873
84332
88011
18462
54624
45678
25299
56697
52575
58743
89441
62548
48440
51394
53771
50263
15511
18170
67950
81474
2134
78981
24968
25822
75932
29027
52236
57939
70427
69421
70538
42344
54946
71553
24081
11789
11396
77230
11163
85780
40026
16736
32576
3857
83644
5106
84173
47388
77459
54400
25254
46719
13069
21262
49602
46973
25303
55598
80299
56948
86862
1574
76428
83411
80680
3339
9244
81924
89609
88889
5781
41846
45756
36293
64945
68903
81986
34113
58121
13119
74837
44938
63692
829
11721
57366
36735
55054
16359
80226
37190
80463
30476
13045
38472
52563
85684
31651
52100
13792
29844
1662
20114
70443
49694
61459
54008
16729
87516
19411
16094
72544
7656
49758
3929
66229
65511
51493
70788
20648
65961
19193
73976
88957
29408
74714
7836
6350
34840
22125
34125
32617
22479
2189
27238
48
9963
76869
69731
81546
80405
9169
24962
61338
12878
6084
24375
64835
40587
67301
87196
10120
49270
41246
21392
70516
82553
19730
43138
10391
157
70351
38816
18510
6217
16228
33095
36596
30529
22399
52657
51213
12066
42869
1323
68871
12965
26136
45203
30977
47733
22919
82391
81144
86808
25907
78407
2216
1929
29866
34926
63288
1510
67354
34885
6940
66365
84197
49565
68181
47119
77073
83678
71961
69437
88563
62910
49821
15812
39225
36168
32957
56964
69079
4642
20321
54665
74201
59656
22037
5178
76050
32528
2724
57249
2150
15907
63489
54826
71357
20095
78338
82267
25473
56625
71498
87510
48237
43924
84554
81974
49375
5711
64856
43556
36573
45976
49567
9971
12635
27888
13065
9307
88892
89057
73162
36564
72464
31283
76213
46383
82155
80983
32764
50048
3514
85233
79689
86665
533
70170
86062
24972
67090
89776
78420
85378
23636
5957
46702
16026
33682
8121
2578
21545
79008
33252
36823
41298
1632
19885
62535
59150
30482
67574
30862
15506
65978
59368
1665
87734
1244
55315
29771
67025
84029
47220
89146
27202
4582
48990
58087
60311
15184
59108
66380
25914
21660
83462
16864
59890
4703
45248
54159
904
75916
55389
45177
63478
64268
52861
84646
16477
85374
60579
82260
58713
23538
60356
71487
68558
41790
44782
81381
19732
59062
1971
52588
26379
23725
2995
22798
28582
72670
87212
49254
60700
80658
71920
57034
57635
40629
37392
53957
68854
71550
80152
55531
65845
11561
60620
31030
16752
21403
61488
64549
52408
52662
7084
16436
14832
34552
61127
4548
5955
16209
65510
4495
20942
34454
34648
48422
79711
35924
19698
25455
75295
84924
3575
1057
84186
34462
21457
3070
2366
33657
70816
43602
75923
28678
8772
46968
9069
29430
13372
77682
71203
33072
76829
83209
46637
51774
33486
85403
29815
53438
49956
37076
33670
19063
37208
83180
57378
64551
30855
41722
74859
10948
74532
796
85086
79489
70921
16590
32839
88939
35418
35310
85531
23936
8789
71497
75740
13029
29043
73728
59647
81615
45862
57536
71457
33997
29164
67376
86830
68446
31585
54026
5228
43609
70386
82666
13465
5626
25468
70474
35950
32530
16997
30704
16483
71452
24010
14537
76422
78098
84369
58416
44343
68492
88051
32712
500
22899
9528
56942
16850
16618
44566
12646
34772
55288
14046
54053
25268
84023
89957
77418
55740
14442
50570
63756
23906
85911
33063
44033
78329
6317
3209
50196
38018
83363
50060
49263
38607
79609
18758
50103
52262
41179
76841
22033
49805
2095
88010
37667
43359
35270
21271
37925
73075
61769
26691
67016
25662
48524
23012
35244
19420
18921
24352
67441
16863
25545
10747
14735
35204
63462
11672
79314
6665
69740
74557
73454
31673
19700
89721
5648
18342
61017
37769
53554
25920
86576
1143
59388
33143
55465
77548
52927
86515
54139
53253
59916
6601
83847
89087
1746
38865
37522
89458
32051
83484
65138
39555
86945
37301
75863
72487
63535
39101
86236
2952
76705
21524
80948
16350
67608
56352
38404
9060
47614
5653
79140
54365
54213
57934
15770
13992
78860
21853
69806
45068
7752
85044
35634
33775
16004
55369
74848
79050
78324
44560
19482
8028
88931
32450
9954
29905
58114
2021
68836
39439
64338
3667
41996
29986
70082
61158
82509
59722
23048
20493
23535
7184
45998
28879
59630
30305
57793
43396
48727
45257
79109
73428
26177
49804
53627
6491
13549
79415
51224
62932
30343
55750
23935
20038
2314
77338
62732
204
73008
16
16083
67588
23253
68826
73494
69654
77120
88802
25811
1061
43032
25351
39821
53319
18805
8533
16060
41724
736
38603
17460
4277
58505
2191
45258
49815
80453
34364
65434
45474
2975
6751
11898
59002
68447
84490
62826
22480
7132
10036
10665
86985
55170
27762
25767
28703
4668
40693
41320
69372
6652
75216
69482
40487
35555
44860
6134
70368
21400
1328
12301
23285
62030
34177
36306
80640
66264
77571
58899
40018
72520
81760
14897
44620
54229
68271
66902
30602
51693
72244
85813
84880
57556
7670
3377
36796
20415
4136
24819
78897
33492
18715
60204
8750
73616
77785
3657
79040
26592
70410
45477
26741
85321
39826
7730
52138
76627
8988
314
43797
15954
70673
33097
84375
22192
40170
75524
41979
42934
40070
29681
18643
36115
35112
81791
21915
63582
47350
16878
24277
13311
8380
8561
53163
49725
42572
56486
56515
72204
72160
5022
45593
4590
4676
70005
75257
24433
13419
15088
54758
30229
42868
1644
43461
83634
53857
53220
49406
38677
10617
29037
35825
83079
38841
66088
38712
69303
8320
81260
10469
65056
25810
17926
14110
8926
18940
75385
74439
61019
79631
60714
89121
17286
25696
41580
10258
15764
70662
12630
57255
5853
46538
42226
55385
43794
5343
8868
56217
75452
59406
62337
72376
13184
49660
45175
36917
33984
87746
83488
65332
81072
3913
13975
20898
32641
57317
85783
52191
10383
20997
54652
20422
19898
38522
22044
17010
39780
81121
62955
56187
79615
50108
67946
71685
86425
55648
531
30589
46751
23082
63240
58865
81637
31433
62654
19575
72025
19230
16916
20572
79726
46313
89949
10620
8443
17049
19841
33644
29589
39336
862
36372
906
27093
74177
75795
69379
56586
65684
51231
28715
68475
47242
83353
52867
22337
83414
64921
31120
51110
49967
10409
510
34764
64289
8758
21474
31386
2771
77544
2152
54282
20337
58143
57253
10051
64664
30347
50807
71677
64944
66919
66691
83227
62305
80369
55955
74044
13778
75144
84872
63094
14050
76559
22943
49669
53091
55051
24166
8867
1053
83707
83035
23630
42890
28941
15197
6448
80099
24465
43150
71803
47441
49770
62255
58468
31202
89950
12021
64206
32253
45682
48368
41215
80655
35542
25572
84932
85186
46115
26500
39636
64621
55229
34991
86749
75834
41581
28620
78921
79642
42208
51162
40540
45270
3309
36813
86421
16260
53582
8392
83518
1127
23865
14247
39493
32989
32664
27473
74680
17470
66127
74318
67878
4203
16505
65989
67189
55941
61937
18846
6299
23869
46360
10160
12102
84719
81340
47002
70058
37570
69926
8206
41355
51679
56000
82815
70390
29594
22602
12099
70842
6226
9767
60831
71464
27664
5170
26422
76125
44686
60135
70168
55035
19285
14332
62004
20162
36930
27665
8344
84495
75885
50323
12116
34587
50969
78353
9035
47945
24104
25817
21116
39134
39149
30850
82172
10511
24265
44994
40981
51246
12130
44107
30317
32722
23664
37439
72948
19062
49963
45536
45267
20837
30924
82893
73667
14054
80104
45339
13078
60313
39307
10680
6300
89126
78076
77344
68089
75446
61647
57620
72847
10083
75312
20509
4441
42307
86584
80348
33619
21798
25245
53860
29398
897
47716
38587
8283
2120
84170
12219
29737
64839
48533
74802
1840
68006
57503
34359
39571
68177
62358
23889
48391
34827
2647
13854
25650
50947
62024
54105
74852
46704
69359
80536
40759
87639
41599
70093
36438
71344
22407
28263
52732
47999
82022
74088
42512
60893
44339
27406
68660
65349
12193
9691
87710
4171
3110
1007
87479
70752
13186
23489
78739
4371
88286
11588
2005
46896
89111
75236
83592
79892
81829
29364
56126
53056
80593
934
68974
26892
76672
34841
69542
26360
12137
11132
31758
5595
20039
74247
68926
1359
46194
15198
52008
12084
1114
69284
59404
18737
62785
62804
64605
88076
1374
53937
23019
88952
80720
88073
79063
1041
65143
84676
16773
49491
37205
79368
86578
7586
63014
30411
23197
68932
64481
37978
57580
46250
1283
89095
48833
85251
53909
51330
19812
15519
373
39746
35269
16498
29814
19216
2668
35496
2244
56552
50170
51415
65669
33697
18989
53538
52935
17951
80186
65405
41556
72387
21858
10274
85410
15054
8927
87858
81713
40445
44988
86159
66197
901
78910
59566
1126
76856
85892
85361
49976
77527
34178
17756
86328
87588
7249
20978
84964
17221
48281
42966
57956
40087
19143
24464
22879
76723
12581
27601
67559
47934
8302
7616
44370
24624
81220
72170
25639
34996
6248
19275
32607
39657
9107
42254
25087
63113
12225
61867
50038
32494
86601
16923
57118
55542
83512
89367
21245
14795
22257
4985
24449
36062
54321
85255
51409
16115
11080
47853
20264
42147
13801
28333
18593
20614
26041
15057
58507
3116
86673
45691
32663
64546
59248
56851
87775
76712
30457
5391
10969
38421
50345
56231
50661
38217
37047
80390
73899
55055
1818
35182
86824
31173
34079
59537
44037
71484
44577
11982
82318
8501
8506
37483
54414
6227
45239
56874
67153
52967
18531
22699
3968
8602
60795
1766
7695
9524
5415
62796
26202
30531
1428
33598
45710
83185
12278
74521
21375
19768
77957
58018
56719
54639
20138
26225
58550
34482
70419
56754
50847
68848
23322
86916
37962
60216
81957
55047
21834
33963
44471
25823
1068
22496
46649
89299
25252
49241
35393
20650
65329
67338
80634
76377
73535
79596
47897
68030
54136
37128
11167
82359
48468
73917
58937
63616
82692
15461
60088
30382
31459
31710
21332
74990
55296
51355
49121
53083
742
4299
15923
16738
64612
18922
62722
53050
32937
69456
81496
23022
27501
86405
23378
48564
53668
1575
29082
38186
41848
66493
62586
83415
88507
27283
62402
41923
57821
79591
11617
39048
19451
53532
32286
4367
27273
58234
55460
6857
50174
10648
49122
16145
88786
8784
21910
72320
66869
87685
15831
81208
67289
82356
47680
53414
36906
14432
51429
46645
88282
17601
21390
9258
42594
83126
10021
81278
23212
54387
26659
58284
79713
8835
6833
61475
15364
36991
46799
20880
41284
38287
89874
89494
889
38466
88202
29249
24294
381
7865
43209
50784
41222
12293
40117
63221
29351
88861
75782
4379
35237
41603
75989
83193
79872
47406
4273
53480
43735
50765
9380
73504
36774
2879
17249
64819
25225
70274
56784
64380
27090
75362
66777
32274
16513
56097
24892
61242
89415
86488
19562
3618
74617
13675
44798
44434
32485
18619
69765
15723
50949
41431
58874
24411
32505
79105
56256
1562
9289
46069
38458
57125
34864
35475
16362
40583
38837
76460
36091
27352
46339
44976
57779
26906
2672
57495
63002
82349
80650
65876
30404
79099
50935
1213
56730
49
89032
58487
5121
83585
21959
38184
12944
26705
24396
14716
12294
36265
57768
42348
51998
10797
75836
23228
11022
21608
31941
62686
27295
47254
21371
44387
37238
9994
87930
28126
32073
4347
14962
2932
87853
19299
59549
51292
20284
72354
35557
26104
59732
16453
47444
20491
40024
42718
65168
66364
76042
12649
61415
72459
46133
51548
86676
48865
74396
56007
52044
8418
86809
61746
70408
24122
14715
27681
28251
29111
80492
31932
77678
73554
24947
52399
65721
62760
80379
51249
43342
76621
31929
78337
46130
6447
74045
77614
85925
88748
12466
30410
75896
43227
54793
52431
14869
47108
31712
23938
70581
17121
47303
18082
22622
56602
80484
3868
59144
44539
8704
10906
4667
63848
280
7368
52613
28456
81049
52351
49274
53543
4902
31000
47428
37588
40940
82989
89896
69793
52292
52941
70338
69677
3286
45961
57161
73996
63736
86206
20938
12180
78485
26286
72524
65568
49045
22988
81786
11082
19317
86595
3944
9677
8445
43089
13129
52288
83950
12485
33352
67046
21575
21825
12454
33248
12898
28886
31310
2481
27206
46434
41537
86699
49407
51584
21968
72473
11924
35303
64639
12823
60406
59988
43453
46564
53325
67406
81248
11815
56176
1132
17911
83291
19769
61553
89631
43524
40703
48557
47372
60397
16173
67059
33176
68379
46214
62448
53865
52655
14201
82891
87360
49889
74996
71337
17087
58069
25688
29667
69718
30651
88162
76396
19638
49075
17726
30545
48804
77069
5069
18720
16047
54470
3485
35397
41624
55081
32196
85418
25520
48762
64846
18974
13816
54182
20419
12055
53938
25714
45993
8077
35579
61143
29509
75587
12371
21462
59098
58622
45821
8456
807
59649
38228
87561
73469
30218
65565
61728
87808
65893
48555
52717
22904
40645
57787
69425
47393
31854
64971
88516
18482
72938
70258
21676
82432
88728
36185
2563
34226
18113
12508
6777
13965
86805
62567
65004
29520
67005
62950
16944
7126
19791
68685
89421
74664
60299
35591
31179
38394
18657
28992
62894
45298
36859
87167
59839
78459
9668
74931
87329
70016
28660
86270
84424
65013
19463
89782
66009
17090
695
36896
89752
29457
42126
86049
37993
10014
56005
74908
16045
62657
46646
35274
60619
31212
44683
68958
28266
47482
40003
40310
51702
21097
73581
18879
88920
7217
35707
24266
39211
7707
73229
87772
50483
51634
52210
39659
53357
10537
75707
41988
26641
2442
60622
49940
55702
77831
76028
6649
87470
19906
14503
81458
78736
62218
20932
47257
82333
1830
23190
6500
26317
75972
17142
56280
39244
72143
465
11087
45674
73355
86528
34753
26991
53315
67619
64412
32354
66752
42636
60187
9091
27441
42117
57168
63127
24912
11439
26174
75360
50273
31512
5140
72071
29911
32444
51651
20734
72243
4408
45195
63771
83456
83759
3096
10689
27824
11417
45227
27728
64954
70075
57288
57274
84609
87005
38132
51649
88664
1868
61555
10729
27037
22553
75755
10737
86925
51151
15941
47693
24028
85322
17957
29121
27669
33476
18509
17903
64177
12096
48430
75508
2371
36254
78075
47258
88992
53743
84521
4762
88642
33577
59019
83351
13094
51952
72668
43777
54500
38008
11144
82003
34713
14441
28838
72190
15994
66193
15715
53052
31111
61369
70156
44726
78562
31719
51127
20412
36078
58182
11289
28070
31900
20427
23627
48101
30702
51273
26807
5150
82474
42199
76348
61039
22062
84097
62414
33631
16658
51543
87016
13142
36560
20161
12970
29446
33677
15673
78071
31996
84003
73503
26399
44265
8293
56814
29124
29935
21148
73404
42210
21965
29379
31462
45767
26214
28386
35938
83453
4387
73113
84740
15397
67485
78239
13510
89692
14446
56294
31553
73779
87819
50030
5742
1461
14344
52003
73769
24212
2693
53447
3859
65126
7466
23247
73350
68770
63234
35275
78870
56801
40652
25373
4907
87345
30626
86921
26629
72734
36490
18044
23176
73141
32041
38627
48676
4336
59608
46252
25116
24704
81581
18890
82195
89392
32798
69543
69380
89140
11357
37337
55676
44698
51555
63204
80849
73112
54
2477
67366
60327
72659
67885
43995
14820
43576
32599
57389
4363
71321
9464
78687
11134
44437
81107
15642
75535
13439
42587
53493
49276
5384
49418
61725
7669
23115
74221
81718
30549
28366
36427
80678
49255
73330
72965
22997
18562
14782
82461
51068
13366
45485
23963
48226
89919
38782
69223
73197
63290
53910
7734
29047
40887
25684
56102
711
85414
57838
45858
25413
34912
54418
83170
28536
29684
63829
64962
560
55635
81591
70873
17188
66568
61429
10748
63128
78677
4705
13666
10374
21115
80617
36746
33197
16277
82
45035
41527
30885
48739
72359
17548
16218
9582
21234
38630
82058
44329
67655
29505
63698
32537
24236
88695
60489
47877
23899
37856
35440
19170
20381
22448
72029
33282
75116
10521
25693
89872
28743
54343
23084
44239
77620
3718
80096
61076
71711
66847
58436
23439
20196
18719
75158
27161
85089
23054
69268
30920
1312
415
86959
52697
17856
86877
72551
71557
35360
26071
388
55245
44905
67974
14459
2402
1307
57010
42965
47879
61685
34561
35358
12677
40157
6198
81610
31542
81960
44966
67272
20967
80899
43687
34903
68305
45080
52728
30224
71049
12290
50689
65741
70974
3290
77701
14202
73892
60021
76957
15727
58442
15536
74295
45448
80335
40810
72589
85453
13534
70898
57327
18742
65215
72917
9653
9508
37558
28836
34761
61089
36387
80269
31707
58721
58205
54265
43846
79333
43237
49615
38681
11811
63751
80047
89518
30564
29518
37503
2393
47264
3622
49595
55345
64459
19414
23864
39967
7096
25180
33981
40282
2893
69953
85941
86680
23067
51590
34568
83450
75372
78816
84739
80515
70400
1977
71807
52680
60643
40745
57836
42264
4920
14566
23221
51201
13700
22229
17464
57504
18412
72834
56526
28590
34185
83301
67124
42793
29005
19330
72137
54389
25417
18873
80059
71988
39437
52739
28577
7618
3194
49715
75838
20023
38236
27442
7277
67556
49149
51019
64238
61222
25984
19468
22618
31034
79181
40969
1589
14661
6196
20024
40695
68251
16459
72302
19527
27547
13570
22889
606
9571
6341
36966
26498
36536
4611
29517
31136
83098
58793
62756
35875
22428
4118
89012
45804
76154
59103
53819
8606
79096
16317
18195
56303
64717
61559
74797
63597
81422
17816
87959
64425
36388
39945
84232
48356
81419
56389
88142
72535
14770
5180
66456
60725
8586
22436
60598
32536
68699
47610
13132
73491
49480
59068
68080
40415
47909
8625
16945
4505
48335
11130
36360
58495
21948
17106
23000
30230
85444
50460
83493
2748
72021
16418
61016
3228
72543
7641
55845
77468
37110
26657
3464
66498
45548
43245
33950
88380
32758
5532
86287
54573
61952
48486
21867
62332
42014
76107
65694
15183
15436
84733
77167
37911
82402
69435
16296
89084
82887
10326
21444
71471
797
36114
69888
21564
65337
70449
52479
56452
20255
73740
57611
68022
6025
9386
57292
9477
43727
83930
17992
66074
17002
88135
4857
22954
15355
60538
8217
19686
29476
42535
3175
82302
5753
72553
40317
72189
895
64776
39488
73810
49534
35975
70531
8198
47181
67927
80425
57610
5427
51616
66225
3077
47960
23297
56542
38660
27011
34208
23442
36693
15280
70806
64782
53600
31725
8848
23255
55073
76024
87537
21523
52855
76409
36963
1847
45952
37176
38904
30209
56887
86025
40183
48189
89236
43301
30407
67617
18410
46995
65294
75064
70385
79147
24082
77598
18780
48092
76137
70049
89799
67706
29507
44042
62536
12378
38845
28781
64638
78051
46441
21898
75906
467
24066
63245
60673
64401
26933
67843
41555
45551
56211
56001
35366
72778
55208
77668
64365
10446
75429
63518
57686
72413
45277
19826
38448
76573
77396
82888
48301
49754
67580
17604
73541
24043
6660
78423
5201
20511
7272
79652
64685
9618
84438
46765
16243
7917
24573
28376
25580
20110
58650
10677
28807
28651
82208
82035
59572
73988
40965
60982
48695
64048
42076
23239
52501
31144
24216
50877
71421
54313
32072
89193
7281
7543
20671
49741
26581
18926
55390
87220
41065
5981
20106
54868
76604
61269
71180
76382
63717
80191
35136
40079
19114
81464
278
32635
58907
79565
80468
48000
84809
69301
75624
81222
10373
13919
26621
73211
61675
30560
14792
80781
48593
54900
48712
8678
17995
6097
442
38860
10601
78980
15853
7990
59648
74838
59351
86717
44353
81584
48362
49224
3444
83186
51312
80083
35655
3334
13966
21525
77768
37453
4163
54829
74083
47274
52559
4089
43537
84969
65592
10231
89124
75321
770
20353
28971
5218
26151
61069
17640
21002
70715
86586
33987
31108
32944
9924
7753
59031
29858
35370
22832
56896
76872
70266
31847
58837
31085
58471
72822
14684
7850
76577
32878
21011
66188
49768
53417
86180
74705
82409
87862
32027
76481
14304
69565
17236
27243
17569
29358
12435
499
31952
59937
598
63327
52452
24520
20705
698
60042
1017
52930
47887
61572
47212
88220
4143
78436
89446
26027
21869
965
40505
4971
81007
80776
62043
72622
11486
6571
55749
84267
54527
39267
83019
76147
56761
32484
62462
70903
84313
74736
32761
58226
34484
37247
3668
66741
73396
78325
79782
66064
79811
79629
25963
7527
49951
1209
80887
26025
58139
21510
87042
26440
2170
82515
75344
21205
53096
66235
7123
77941
51583
51147
29655
54954
24820
3503
66416
3450
56351
59357
6329
61217
33015
25900
88048
44612
69593
85398
74354
10503
80491
39808
55203
28005
61784
63742
74213
35596
77424
5789
35902
17976
58019
19045
59926
56418
3419
73268
89316
13914
71201
5658
17540
37727
72254
37708
63935
24675
22880
81342
61156
9473
80173
64498
59546
64827
84743
26941
40465
50039
46691
78933
86626
59845
28443
10654
3457
75395
36209
29705
31492
22205
25762
46794
36711
9731
44389
58074
76256
20115
6526
19381
17779
34120
87609
30808
54834
12187
73281
1112
12528
81355
54035
5360
74564
16926
4395
28409
72556
60789
87166
47565
62799
38443
46226
75099
55948
15648
30913
8863
6428
57395
45371
14051
80913
2169
52594
48397
23042
9208
53694
82264
80954
84031
28074
35756
21292
41920
80114
47802
22960
48331
24536
73831
53580
43110
13347
52535
85560
61236
54216
51093
84483
72857
84383
75391
51637
9661
4185
51933
45874
36324
71572
56216
77923
29634
52567
22431
43596
52596
88707
56485
7608
10141
950
43780
40249
81845
16200
39159
27803
26216
28667
69738
64998
27483
2247
71530
48288
88311
88673
83165
64288
40781
9669
66117
40515
17262
78108
77962
81276
62238
31957
56803
62903
73614
77961
164
79297
56132
59369
80243
84400
72984
44328
72843
55338
23605
81527
30974
31698
59590
27051
70174
53277
40151
59004
85704
12231
59208
2516
43741
74025
38822
20892
81367
45851
11058
957
10015
46453
4873
62437
58979
77613
79890
71084
72814
46044
11484
31498
46989
37526
63641
54835
3174
7819
32268
60953
4429
13043
16641
86111
34542
54594
76699
39487
35575
80909
28233
14003
61845
48496
87009
14329
78314
9235
71545
37402
68964
65501
89643
4801
55013
51815
28873
1544
76894
49222
76568
6250
86897
83421
78646
40319
23520
82894
16506
32057
53399
36099
29219
51018
48880
16592
76109
58270
47224
44644
55958
72873
88951
40816
7352
76963
66132
40649
14481
20937
58167
75699
56246
9735
31773
68135
58866
79061
3232
62361
7005
83089
70238
25057
70946
20470
37399
71577
38768
15991
83704
55117
21294
46187
16598
6896
43383
85450
46029
5568
501
77667
20897
12688
42423
4311
43580
31074
45795
24389
56227
33905
71227
9116
55773
41501
61767
19140
72466
54069
46904
68830
53070
8348
69863
32460
23985
78266
20350
73463
80673
64814
49622
8487
84617
19743
88324
22220
71975
32854
12836
70846
61679
42274
26448
2183
71526
7555
14583
61931
40173
63189
57844
48954
78503
64602
47991
87911
6806
80692
79034
43492
39893
57314
71751
25593
4013
1515
72765
19509
89656
26742
76843
75697
21354
31769
43803
82829
83923
3599
70887
23305
40343
81826
38345
31033
17759
82154
66742
47177
53907
44267
86890
8343
84146
10206
55776
69407
10525
49357
61095
83384
41715
77404
10995
2186
1842
33537
32278
56041
17348
48535
72636
88012
52752
42362
20064
31516
64475
31220
10111
55650
82029
59702
69791
34656
60257
58888
28097
19059
25073
78174
87034
47320
74348
2416
56023
32250
53637
15479
21568
56012
66155
52321
61813
51575
77467
3137
50800
30907
12154
69381
30194
65163
7711
39495
74756
43144
76540
67554
87683
31139
85189
84877
36411
53563
78197
31501
21088
57659
39781
78178
50882
80916
64295
18858
18498
25888
50839
41318
30285
12283
67692
56371
86059
19808
10403
11206
53470
81366
79806
38486
760
18022
33497
21674
19161
63334
79905
88698
26245
18399
39654
1320
82810
9357
53517
59775
36872
12685
21026
3856
70114
28117
29551
61558
41716
84111
68672
74405
10768
57340
36109
7034
23382
42664
18505
57707
62027
51491
47678
83205
73205
29386
8351
16433
56632
12352
49695
3066
3621
11801
54760
70731
34349
38498
46579
36586
46278
64328
28931
56100
26173
50368
89925
84500
45676
5608
7559
41494
85085
23279
70029
79127
78885
74029
71569
44288
59698
84382
29954
36469
48752
3263
51061
36446
63319
73944
59730
16775
48546
19264
89924
74766
47501
46633
18243
66636
67377
89528
78496
2143
35072
4982
70587
26010
75019
47997
35154
65895
16531
41963
6849
12002
15324
37249
51715
76309
38216
40417
1249
77806
51812
27432
10548
15333
58530
18660
25932
62977
3901
81286
10029
33165
39032
8297
11941
72882
72816
7539
13882
1860
58634
40915
46817
52103
47982
66716
58649
60763
52554
2094
40752
4422
29920
80741
17744
19106
78247
88666
46632
39623
42310
68232
35864
80000
82314
45440
7781
13490
22715
462
46284
37943
20636
81022
55866
19863
26823
81079
67823
64454
29694
20508
63136
52972
51048
30817
78081
66878
7606
39124
60130
896
1327
14811
39005
33538
39508
7326
3782
3950
37972
79392
3695
66029
37864
66666
31583
18440
37240
86182
25912
75959
7651
56599
69260
76789
89264
46410
85482
22359
42087
37757
16823
61900
21553
11825
69502
16721
62022
86283
39620
29533
60727
87380
85717
29415
17172
27091
79194
68688
47102
41163
54284
37306
79772
27892
41984
4069
3186
56764
55417
44475
29256
2921
88720
75398
80644
51912
19512
47449
62288
1020
36771
55235
34799
78412
36042
49217
7629
16990
6339
7649
78087
4390
56127
12243
31465
42015
84959
56848
81171
82377
33779
22665
89425
57386
29228
33318
10796
38772
20137
47229
33267
65363
58236
48149
15943
19503
32998
6322
5072
21081
26058
83447
30880
3888
34639
70889
88395
82542
55947
55920
63615
29247
77196
82209
40927
52856
44853
50261
193
3778
35870
54809
73630
74709
54163
11259
50834
58333
59258
44172
62377
7098
20045
17517
10018
76297
1207
59987
35587
72105
7071
78228
21723
82152
5925
56659
12242
31706
52521
69316
85942
44559
73556
85891
61456
68976
14688
20825
23910
66114
23659
13665
25554
18169
53194
7897
20322
69297
17482
57100
52884
19457
367
43304
64232
20740
29542
50568
63978
11841
19152
1745
19212
18614
17068
47163
80940
56815
12997
69142
64811
49393
72798
26444
22165
40141
75958
14484
34313
23371
34148
25956
49476
82992
23675
35622
37331
87331
7441
85893
33488
28551
45482
27229
59468
26109
80578
47778
39158
49519
87987
83859
4688
19072
14440
11763
11228
52665
68935
8904
38005
89477
76415
76399
83222
83883
74406
65802
88065
68254
42062
35345
50314
3611
13911
43994
2757
44838
61098
39595
66887
33665
50376
81306
25043
85119
3563
20576
14425
50139
56511
44569
38617
81295
49054
41117
56259
58943
33423
50556
29690
25519
38053
34801
25557
50759
24072
36316
67877
79360
85615
27094
53199
85751
9277
86624
31361
55027
48950
42107
13396
12100
48411
56106
69097
28160
339
14153
52366
80624
56968
31381
33532
9818
26201
78740
18391
33590
60082
79469
31366
40272
1876
59044
41141
3196
40821
4241
53335
3136
26538
34160
11061
62285
72740
3696
29215
46061
72826
34246
24476
81512
50719
89677
42500
45417
2316
8691
39933
88586
10760
7102
78223
79925
35349
80568
23885
13983
8916
73336
28004
31151
54939
59873
87477
87364
70101
75689
37675
62965
31003
14351
1919
43068
66969
55516
48734
87870
40307
17833
13545
72580
46730
26834
8106
15567
60481
4340
66288
31790
85996
26066
20187
36116
28912
26193
65814
18473
50238
22818
78670
30377
77758
57477
86318
81338
37436
64456
25302
15700
30828
84558
61998
20643
76190
34066
5186
9534
81008
38708
35215
40710
85571
38884
61536
7495
2470
24293
42846
29448
38780
68158
88255
61329
28907
26825
34816
64264
72017
27423
522
15581
29670
19006
13530
28820
14061
58867
2834
64824
49707
46663
41019
31332
27559
77205
32995
11174
25749
58529
66762
84410
24728
40171
12345
89736
66550
12603
73864
19879
34358
39291
80466
50723
31796
31182
39406
55721
60882
32266
39962
5421
12570
61100
30250
32279
81184
3472
437
34654
1091
55437
36699
52928
87703
89564
15626
37848
53699
82120
16758
5717
18789
72707
24487
902
30427
60898
11043
68442
79747
20123
26505
30472
13931
36498
23403
2498
40729
30739
26849
86502
5435
13955
71608
38116
48697
74648
53404
58993
58615
5177
50428
1276
54903
25218
32610
82296
35378
5643
56409
34707
38010
1838
24227
45774
23813
68777
29418
126
5772
11065
71667
19521
15672
32344
50688
85018
11930
4173
70635
69995
31870
42038
38628
63548
33841
78835
56321
26266
84273
26377
35548
29274
29888
31148
17765
46008
32132
28357
88247
33184
78837
2155
76731
83044
40136
26267
31311
7861
12811
31667
40231
71946
21183
61472
3997
74698
57051
29823
25715
13757
21996
75659
10513
903
35122
18906
86335
53496
12308
31680
8759
47074
2499
28581
54012
89009
26391
9619
83630
78571
24990
38689
7118
32085
26443
50799
38290
3681
79778
78411
48756
15735
30079
45180
63817
31487
34756
18115
18247
69917
78446
20943
36139
19138
42619
61072
1810
6710
62258
20738
22968
18559
17928
69696
39338
15315
77314
71830
75084
62114
22090
26699
39889
67227
35196
88055
4098
5718
35002
12962
61556
65639
74078
24899
21306
20773
81475
58821
40545
83392
14475
76505
31517
71190
63695
73830
87079
38691
63306
78471
44877
61216
12489
51763
15087
24248
176
5344
9353
80266
67437
47153
67051
29231
16998
18092
62997
3211
22922
84224
7176
35630
33149
12232
3576
65415
29260
60805
85716
22386
86310
40106
19729
39062
81052
86577
80889
69536
76182
58341
39815
19396
32018
88025
52498
43820
4912
10767
49965
34052
24300
4251
40143
15298
12892
14949
38945
55748
1990
9605
11981
21882
55801
29699
82783
11184
1167
24533
11637
51501
65810
5582
45229
53236
14619
27315
23015
68324
46356
26697
32544
63446
5756
53584
83381
3899
63857
9675
25060
83571
59915
16589
63065
24455
6326
41164
55104
13233
16594
74626
20771
36463
12526
86334
85278
47094
34854
70513
86878
5976
89325
28182
23227
54447
6810
48257
14320
21311
42185
61001
54088
55492
88851
7048
37766
53673
3887
47939
18972
60077
81467
86147
41354
86604
26084
16405
87105
44297
75608
27471
85581
89046
39615
73422
50362
34830
44106
68518
13053
15520
89006
69139
40107
50973
26178
60212
16733
13096
75419
66077
85285
11840
47401
32640
33496
8676
40604
63816
67120
23971
34927
68920
77415
1233
35433
85182
14385
89974
20929
27531
61285
37096
30570
59868
41714
68250
57520
10642
84421
40880
56529
41822
27726
57676
12150
51103
44933
80964
78438
59557
30182
670
6131
70484
42188
16720
86035
47518
22614
70770
13473
53102
55681
78841
37316
47398
43365
85120
49309
785
52610
33147
5182
68371
65148
20336
82742
85865
22514
54295
3886
34297
11959
68400
17606
73230
40277
74757
23103
74256
79661
27784
23922
39105
85605
14923
29389
16885
69123
63797
50644
61212
15552
36654
16772
6769
88465
38745
62449
40357
88879
22395
86666
63282
29289
26446
53894
5362
10291
77405
71714
76059
78408
7901
8771
59679
6458
64583
30997
22119
79684
52737
15229
33863
38200
76804
78699
87404
5633
5673
36307
10775
6562
40402
17964
34457
52423
7058
45443
58525
63304
47523
57558
12036
60637
43555
76380
71678
67224
66234
41926
34193
581
50423
85541
6609
12356
56358
33480
47667
25186
29746
71651
57613
77151
45299
5210
61890
9469
34196
37823
40519
8905
55476
47713
29199
88732
50771
78101
3883
20946
74567
77182
47647
39449
89018
21857
6866
41250
51228
64016
39247
15898
17749
51301
57009
76709
3596
85688
36557
64313
56186
72284
38369
47607
82799
21976
19785
79654
19392
81109
10176
36462
38098
35385
44749
77412
5084
62720
28864
2172
45074
63693
16310
3935
33595
40537
68767
846
73505
65435
57186
18747
23341
43910
63244
305
85960
66668
15074
81672
28261
57199
62930
40488
52922
50843
25020
3493
83406
52123
80362
84314
71127
65916
4829
53308
53964
80988
35815
41586
87318
21635
49401
53226
80098
35888
67205
6211
71855
3824
63555
70978
50226
26064
30329
55301
18356
48514
24838
45584
70401
12177
14565
19459
13243
7537
58403
44325
27577
40474
67204
72674
34203
30468
49468
13441
28039
83889
15574
17940
73727
75245
36252
27723
58968
40359
74605
76288
39857
52228
59925
4564
17727
76547
83084
43662
74686
61665
40757
61792
25182
16085
80171
54783
24427
50733
446
20632
30064
68142
47957
44021
52726
47520
33796
20019
85160
22717
76335
55631
62065
63811
59473
38263
59977
20631
7593
69514
37704
27791
63792
1334
75455
2012
22568
47867
41852
79857
5153
14309
1982
43443
22315
31077
60296
69858
85980
63778
57555
1578
76462
86712
89405
45039
78
4412
29703
78482
16667
87343
11940
46247
43878
9676
25335
41773
50111
55605
82885
83620
68347
18353
14568
15245
21932
50055
59527
39264
2937
61540
37425
7986
11098
55167
36279
24554
35129
37184
31356
33107
41651
37016
36375
6938
50192
63384
12199
61770
65937
25124
63755
83843
28276
34891
12065
56465
69385
61816
82988
52460
46156
65813
30101
24034
53349
20616
13081
38619
58199
5471
76402
6263
50229
35532
36677
53255
73298
65245
72366
12167
64086
33964
59261
46901
43899
79839
70112
68220
87633
18068
41943
14204
42803
37710
59328
45173
40056
62291
11185
68687
29874
73732
59898
6776
65627
34781
63686
62842
37894
6952
10013
74721
72982
48897
71403
87215
61711
78555
82320
34863
11391
61068
76303
23790
9084
46688
19005
3428
60840
25492
7328
48008
82436
62730
52873
3292
30883
78537
31827
40766
68310
13582
59789
24021
38774
45950
64207
25315
89504
43775
19397
49883
63710
66256
55495
83178
33035
9558
74068
52813
86932
51841
28608
75413
53154
9784
74804
45273
13557
46919
48857
42032
16578
6062
89037
74417
69328
40988
74819
24063
13752
25276
5393
27852
18204
54510
69553
42800
48819
36368
44870
29347
71406
67116
42730
79764
25261
55124
55511
44794
39461
21718
34443
10958
22644
24443
55811
42234
52114
45078
56008
54113
4036
61260
42186
11663
48324
12164
47347
42158
84182
25891
49374
37735
37367
58920
73193
38133
63255
86831
33970
33553
46117
61086
41090
71483
49434
83350
46519
338
83002
58830
48554
6725
15561
83486
50044
21121
85359
62297
471
48075
67785
69357
25415
61541
59652
11253
51343
48619
55886
50421
84398
73562
2855
74467
70746
1623
8045
46511
51652
3400
77466
68538
36882
4792
82923
76178
62279
88733
53505
81321
18788
84393
69211
23652
26833
57942
6674
41050
17309
60765
84897
63525
34887
72737
68304
16607
69072
46236
81865
76072
59123
3238
964
59116
89104
26247
41269
32579
71648
60312
11662
53463
75186
83532
88635
48239
49654
43632
18565
68054
30405
40274
15422
11255
68227
5953
10198
35159
76673
31789
51243
52608
4120
8287
11772
65263
35142
34223
46664
32024
1639
47950
12759
14827
4324
61939
21466
75463
48869
13313
43835
4059
69413
29989
9760
16707
18860
56152
4529
87333
32301
3257
8663
50418
50866
86126
46525
16779
38119
79896
30836
64023
68189
14421
28378
20076
63980
59985
15309
85385
13108
50250
16041
77191
1880
62717
78693
5273
68009
65267
41041
13290
5922
30679
36106
32532
46572
81140
60512
32637
19334
46628
46264
70953
67259
11409
57113
41010
9620
14225
79824
52787
54682
65857
28208
58687
67645
12723
70512
46451
63042
65601
19525
38066
64917
76273
67499
74514
24973
43716
89603
87054
5877
45663
23688
89038
22186
28019
9732
75207
48345
38605
67358
60547
19364
40749
52151
17720
22911
67734
10444
76837
68257
24095
5327
8816
39067
31045
67742
42968
45936
43967
12067
88964
45962
26125
68352
46341
3659
88756
18444
67234
82558
56071
49699
49340
33306
86129
23686
8909
29857
50879
80914
62494
66987
2848
29407
67812
12117
10531
66849
7023
38972
45264
71165
75482
20801
20979
73600
64068
88347
48953
14166
2542
12571
26238
88197
38805
46520
70532
68495
7313
44825
4701
50179
21993
44237
20081
20349
55067
53762
59134
60358
44880
41814
83586
70764
9864
37814
50583
42127
64138
22144
50910
65289
87157
51376
27651
74451
40670
35113
63058
3678
17626
71925
22596
17181
6759
72801
89276
19493
50616
30653
70920
34921
42171
37545
31411
22268
55673
12882
70245
32307
3861
50058
88981
18039
7742
89515
41490
28017
59209
3912
51028
46678
37986
5036
12941
52607
8183
9949
83296
21382
15090
55716
10050
35679
10493
58673
66548
83161
71475
66818
34124
52198
18667
6041
84724
72403
45041
10600
37435
88611
25842
43264
30426
13891
57059
72337
49532
58456
30039
82873
9905
75345
19823
79317
35799
37643
4724
55799
67000
7920
4745
25013
65441
87370
39771
40978
18123
49495
54679
60145
12399
71500
24280
51316
3054
9339
60368
63134
55102
54528
70433
74277
19757
31934
52802
28356
84257
76926
36633
32680
31064
62180
37620
34953
43544
52182
69874
62192
87646
12275
7843
48812
47561
60693
42808
36007
37057
70697
89482
4649
36803
63116
84940
53444
48720
80351
44065
27515
2585
88569
5293
45091
32353
13947
83728
6223
68504
26405
24854
32203
74985
48242
34981
84207
74007
78208
73241
941
5979
68943
86690
71630
81090
32411
47397
65140
17467
72963
70302
67581
41175
19036
83722
55795
36350
85230
40907
1373
68564
59920
56582
16214
84025
46598
47287
21208
61833
25509
3522
74292
52438
64777
44019
75069
54618
71395
39835
53053
17846
63122
25927
31782
25648
53755
22117
36760
78082
3068
6074
15257
2061
673
81447
41031
53017
34218
58388
20793
9177
4725
57661
18136
48115
79362
9713
46033
68525
3145
4360
28021
42654
88377
75506
44699
20173
77410
64450
33079
31296
31200
22666
43597
88200
22651
53733
87171
52304
10394
42263
49943
36300
79981
9918
28482
32842
85333
46098
47190
5118
78746
64509
28922
81520
18016
32615
68911
86618
4493
53876
28697
73739
49114
86718
8947
68954
71562
12367
23007
11829
29040
54394
25773
15529
60259
21873
52051
54951
4414
8874
80060
8051
23031
57709
44843
12506
88244
49396
89026
4365
68021
68200
75917
11135
56428
72762
18700
62176
22296
24133
17405
6935
28109
75539
5927
52807
68172
85710
42899
23175
14960
18704
35753
62436
55043
17399
9744
70233
5190
29008
15387
2999
64593
51941
56736
19510
5779
60574
35247
60703
4522
50057
82447
7151
8475
43444
15141
14306
44600
69646
52943
23040
3957
83811
10427
71734
50801
88947
86238
55651
38493
29041
5941
23845
38513
79239
45250
56820
64337
39473
16960
76666
73083
24706
12262
22231
14123
22958
71863
35704
78834
9430
64607
89479
31264
54869
6391
59495
513
72696
632
69835
76152
89667
62286
82507
84725
84916
33249
19155
63520
58606
17372
67774
14464
77826
10723
58490
63179
46179
29561
84759
38495
35207
37847
66093
12973
275
79272
76268
30752
53295
72521
86955
19305
85657
46950
7274
75309
20229
59013
2438
46394
686
24889
63583
81535
24531
14452
83389
89069
49427
11181
28403
39675
67550
30258
21463
86768
21079
66150
73936
1547
74695
6907
49576
72665
87406
32147
17646
38112
6145
63821
76985
7504
21705
65010
82975
9894
36824
35897
34391
12011
105
39899
58921
74211
43488
87348
669
2379
8514
76509
11740
50659
49803
88534
40043
9972
10195
32560
73370
67595
84926
71490
3
49242
16862
77740
42028
48447
9639
26009
64482
17817
16744
28717
74266
50209
41709
79374
41177
28537
70280
61312
75089
89806
69591
61442
18727
26868
52932
2720
5054
14067
12763
77561
78798
18792
51568
12083
40997
30745
73158
13050
12412
74758
22781
41847
42731
71328
75066
57445
8142
16216
37328
84920
39958
12825
36968
34577
7769
79002
8998
34199
87727
5388
63989
47461
84584
9102
39361
1882
33216
7975
19240
75936
56908
22262
61656
79854
48001
8861
31453
63284
47905
71095
44675
38786
66677
76194
47414
69224
13231
64989
65784
24114
68637
46031
71671
46381
52280
29265
36503
41821
34963
5077
20156
27735
81405
7002
47734
15838
63079
14614
4405
81747
59809
20888
54822
37999
89832
69647
41659
59854
83107
50854
44784
23829
44759
86500
83398
88510
69613
62840
36380
21957
22815
82395
49509
47651
35444
5765
59680
19326
64255
68939
35921
17780
81365
13344
7712
870
22303
64253
24663
9436
44380
43697
9403
27358
48757
23462
16298
80267
6533
53490
16646
79046
45538
38951
25753
60083
87967
80621
24562
39199
8267
59980
29571
5894
79542
66648
25149
14722
77949
62509
37970
23642
67941
30890
29871
38364
45811
11247
74794
21641
1738
36010
84929
17425
58225
55499
84428
11415
8697
71107
79624
25994
7922
11818
51063
7673
35987
23350
24434
45810
84857
10366
72944
45054
47197
71702
68028
45899
66516
31774
3202
8712
19905
24291
57286
24450
3467
76337
79944
46978
5856
44697
87106
77814
57980
49100
9786
34784
10387
29764
33948
30033
11501
54965
76587
34643
7211
77248
25339
37909
39979
37270
15071
79357
21290
40403
36841
24153
14055
18718
45373
21714
19789
20831
47174
71570
33441
75966
80302
78591
42102
78506
34198
32652
52577
59054
49702
11623
74157
75105
86256
8242
13903
83761
16853
10202
6577
43388
71199
5241
69049
44626
26359
77193
31654
49643
23713
68711
4638
9778
52883
81084
66653
35073
72729
27010
61006
77601
9109
39454
40122
75070
10077
89730
35484
20334
12539
36625
64497
15578
81163
89843
22384
42111
29200
51437
51816
23969
81910
23276
85830
15383
43260
20914
75873
8967
74159
63722
1956
28876
7093
34964
72412
54393
47846
23291
79114
77083
71054
23461
6076
54121
67971
44282
70377
2090
10322
56633
77025
18077
17006
70424
21133
61718
4959
78391
89991
28604
88379
68283
69475
5873
88759
17878
89523
48704
53327
30652
33474
40118
16430
18276
6347
74525
48020
59797
5687
20958
45667
39292
41559
40838
74497
23331
26864
44635
48952
4756
66091
54446
69844
12774
52128
21145
53234
44627
26543
36621
84080
78694
37626
82496
72444
44060
76096
83866
49740
43503
80442
36234
61835
33825
7275
11631
69978
11675
26088
44490
58822
89427
77493
73237
78630
87236
21669
51656
43441
80054
31192
56232
57108
19487
9330
88461
58971
22101
79504
20215
88619
10578
25742
78673
16416
80949
48015
86703
10624
37158
67035
76696
24671
78682
14913
84639
29510
35832
16639
81063
73511
20208
18854
72657
1149
58515
72818
20118
64589
7073
10697
69771
91
31174
80257
1198
47579
44243
89738
67966
81378
32677
25446
40425
34474
50997
58621
78410
14665
42071
67527
50369
37665
27097
80101
56353
76071
59106
10904
66927
15045
26600
46305
87885
31844
61239
30860
88373
38655
234
36256
34699
62554
44469
10509
76650
43126
12384
12496
19809
53293
41672
88718
55475
88986
86265
16139
32653
19309
45034
67409
40214
10685
79281
36371
45220
306
41291
9678
64606
55995
71462
77910
20590
77092
24179
10272
53206
49482
44809
20506
40911
64321
45416
37245
27310
19248
25478
29541
73542
19760
57103
16282
44198
5145
49307
16516
37329
18298
69621
75913
43373
43330
81127
25526
30569
11893
82156
80103
60584
34089
56715
36351
23704
56058
29549
17667
84914
84901
67948
19150
10010
82707
23174
72126
86462
28999
6875
82521
24008
59799
16382
349
86759
57019
29176
27031
15064
63214
46153
17935
20017
61247
17843
50873
8450
29876
69151
58757
41438
89540
42568
14418
54705
29983
39477
31373
26766
12267
29901
88383
27591
48726
12519
15944
47920
4972
34676
67239
5470
45106
46531
26268
8826
50549
75938
60934
57074
42009
37311
29852
73018
77174
49097
45063
29328
26495
34697
72609
17151
83703
45658
81557
25533
48410
20791
38844
41332
45999
19166
70276
30833
57935
31834
19742
25981
67854
61878
52783
32136
89404
35443
39652
27972
51675
68404
21538
16406
35034
42114
30882
55837
76947
49793
67411
56678
36031
44867
7289
63915
7341
54843
67930
36933
22137
62470
87995
11180
81182
45929
27602
72998
30398
8875
44324
67541
62497
20803
25898
41550
29649
9455
26793
65667
18724
31231
63647
44532
62118
21305
50519
77684
64831
80016
67659
28030
776
85634
78421
26556
62679
79401
33407
15483
43867
42941
81242
2519
88830
47095
75555
55840
37080
68436
55637
60873
42017
36810
74938
55274
31442
28047
79700
34370
5613
21952
86385
7147
43048
28399
31146
25151
41474
89691
2539
38654
71591
64050
79197
37427
1357
66097
56312
38725
53118
14711
3037
45734
28509
20360
74569
18945
38223
75937
39147
52508
11836
88186
52869
14224
57449
28291
12214
35316
53904
2657
1183
34849
20230
7833
63330
79512
24897
79865
410
87227
38665
88130
55553
66533
70186
50755
61272
7650
27026
14758
80479
24219
86664
55348
60202
43104
29687
53191
68238
39431
6803
23309
35535
57483
75818
39686
23824
79178
20722
71066
85156
46320
70503
20842
79243
50770
44741
80928
68393
16425
6599
19449
71372
51010
22925
58090
13626
27036
25460
18710
45532
42246
7784
82383
3694
11998
81471
45284
786
15059
58759
7622
17513
33369
21289
72647
52503
72231
76094
67286
72002
60496
43895
53982
3276
45902
66586
35734
76914
21978
80007
71009
36659
43499
66280
27285
66398
63822
53142
50926
63625
16655
84239
77478
66583
84774
19779
59575
42042
38705
66617
17361
83349
24860
47296
5901
32177
38500
55285
19231
18379
20851
25707
40459
10146
13836
74928
86693
50231
24370
25486
35664
16978
29264
38559
3003
18649
89883
74955
27846
89868
54503
24084
88294
26145
45206
66175
60751
31483
1384
2954
24846
3908
21204
28540
8146
43475
50538
22647
70748
1271
80235
50951
88098
78212
53489
6027
26617
74112
46997
12505
56856
37981
47654
28735
42330
21111
62533
85701
83128
81300
16669
66820
33845
78757
76649
78802
62976
48085
62426
36628
81313
33588
55034
72949
45959
86228
55343
3752
22607
31642
20925
19313
21247
85756
1647
59172
32146
49756
80674
33646
52953
18797
16435
9082
31100
48946
7966
33196
32887
77633
66007
64573
9358
54543
82786
61605
70684
56893
68772
86506
42290
51771
17984
26521
10540
60971
68357
76053
47416
7563
53410
66152
75074
65772
3755
22844
4113
5807
7332
85009
55664
81483
69990
70993
80419
16530
29558
33516
10520
14391
677
67629
79979
27385
43585
5903
84770
20620
12253
24054
18949
29036
67254
59778
80394
44175
80420
16603
43122
47881
37426
13963
30889
59325
21529
73677
66828
82336
82311
83046
79020
21053
22322
33376
41409
2732
10484
23182
31829
58273
38155
38757
75129
78903
79029
37405
61563
34426
89254
25375
28518
78415
83965
85037
53148
37042
13400
39216
21528
27428
44161
17804
77006
35422
47469
29269
70894
70094
73042
69670
18407
84237
55186
24483
54135
2013
11917
54309
1337
26092
88683
27996
56748
6570
56499
62888
32123
42865
84775
86562
51520
66584
8213
45029
24255
67164
27829
62014
39672
85368
6820
8578
17136
85881
73757
62047
82304
66880
8101
2856
86512
41836
57765
81327
26484
89701
42398
31909
2758
38330
69615
51537
71596
60209
75127
30020
65708
81603
74760
10416
43226
79313
73654
71256
15205
26309
60107
40430
22513
89260
54992
33451
13420
48360
15256
59416
15509
26406
60474
44178
55359
10071
61182
38574
36365
10370
34019
58103
64988
71684
4111
42228
80228
15698
42272
49918
48723
1081
51773
33684
20652
46189
21361
23848
494
84358
84067
46238
60608
56002
72498
882
65096
39762
44811
45501
13468
50857
20204
22601
43970
30719
52450
18494
48260
73266
30131
62336
23622
59453
81750
64093
5916
3851
24672
31044
6829
29011
83305
22222
80458
89248
28903
46229
38848
23996
89520
15726
87611
83174
66450
28334
62458
52441
11444
21174
75902
47313
85588
81191
6355
75267
65201
7842
48837
85857
9071
44791
19666
62123
67512
65105
68318
20260
49672
43241
86837
46981
31377
68011
24943
69278
50890
71752
22095
51898
48313
67777
89849
72830
43054
75454
6737
42080
16080
4685
34096
67065
46056
62719
25608
65190
82624
31238
78377
73063
8644
88117
17355
49644
68270
42562
2991
18762
7369
55265
86072
53201
65296
27583
85476
74041
9908
9764
57267
9254
29464
7101
2609
64769
48323
68119
83215
81919
64479
83467
68991
221
9586
17101
58044
78785
39973
83982
33854
60471
2859
52569
46400
53996
81411
78393
66471
50952
8638
32393
12642
3597
38017
58531
53960
21650
61611
70552
88503
39880
46700
47630
8020
34270
61902
16900
80429
35661
38973
73470
61099
496
71151
63357
52393
17679
44545
8473
54384
85004
41890
87836
63734
45686
27610
19064
56151
7664
69214
7128
3537
61991
73746
40236
44374
63379
26189
73359
52929
22020
68597
33128
9822
78301
57991
84201
43873
38417
10087
72445
89272
35309
30550
53063
35273
73269
86039
72692
77030
16252
22821
25403
20034
46495
53963
61428
33660
8386
28381
58475
71059
16010
84061
46808
768
87762
89921
87055
3615
1321
79428
30185
8446
69630
51179
81770
63403
78782
46157
27695
76690
18615
50515
6476
15015
76073
62150
23104
32771
77912
5793
39564
16027
57757
63099
20886
78346
36820
42703
38545
12173
31905
18754
65903
68095
81966
42331
23836
89816
58477
43128
72594
6848
5932
39192
20418
70799
57015
8345
56933
89984
11366
52297
73172
25616
2639
15404
80836
19573
81134
29734
89926
32546
3605
80721
72268
8715
82013
66294
71112
82294
49420
76275
29000
14173
49481
80772
32002
53093
919
38601
11764
32068
12552
15448
42079
35047
23160
3914
43857
50438
58938
1074
16629
88218
15464
41457
45053
83909
1365
78246
66768
70343
39524
49110
5088
44753
82642
66671
74920
58473
77773
85768
51876
74849
86471
9138
34261
228
88314
31723
86373
42244
71708
12369
85714
24377
77716
20050
3768
13884
50311
34453
33170
59828
47947
17307
81811
80279
77572
11995
49713
27379
73891
72422
39119
860
85097
39931
21401
75214
78861
65824
65193
38383
72812
51690
75840
38038
25181
6916
84742
1615
70000
11141
74519
37170
66866
61021
87493
21387
52634
20184
65929
74558
83505
46963
23134
16865
47245
47358
24994
22177
31910
11864
34013
80976
968
74203
80336
39921
16164
40732
59715
11329
85650
54404
5373
25734
69525
64586
46541
66827
4515
21787
13584
4056
65020
6756
9029
46176
86001
69486
57593
31862
40348
63205
594
42448
67639
42532
88341
7435
43080
77640
26891
58494
50996
14222
26217
22523
45350
76562
68782
58859
56450
70776
1928
40959
60749
32336
84569
30460
52606
40372
32362
12756
49955
14850
44473
62970
10593
6672
38898
51769
6158
79998
52085
25123
39500
79255
2549
46297
69629
89617
15693
86080
6642
59244
70923
35602
55384
3916
77953
59779
75866
2963
37299
61351
66277
33563
21896
33649
54638
6639
55687
64448
6553
37691
18987
23088
27760
43661
38713
72688
32219
32267
74009
10007
47949
54177
32006
86544
25058
44004
71106
75022
56572
37034
54340
44952
47712
51069
13948
42984
52539
25946
67020
61353
64740
81664
73006
31480
66470
30070
1025
49988
15841
38940
38074
33487
42777
23726
75831
82001
83687
7078
65246
37543
53323
30149
38555
56790
33146
78218
85674
88046
38405
14149
7314
19340
10157
54707
69840
36006
70755
58939
43521
32539
20876
55843
89840
80118
73939
4087
50099
88023
57959
46865
52286
67630
52101
72153
87357
29861
48154
25052
48596
65850
81683
37414
63507
21713
25969
24849
22512
20802
53856
57373
5064
75278
67547
68560
33300
27529
10089
82572
48746
26684
50932
52512
59120
18108
49572
27661
36733
45153
28943
67695
16921
2311
3758
58603
15748
41701
81949
32065
42824
41375
24824
18632
24500
50270
51205
8158
52314
40126
70983
86214
47762
67024
34655
25298
5923
55252
66489
89598
43333
75719
22279
47310
43906
11790
12626
18396
28871
27332
16215
44441
34871
50968
42468
27533
55191
53152
29941
61689
69922
12251
20653
68972
58371
13360
74520
27832
27099
29212
27023
15210
89500
3035
81436
88932
35317
87682
37759
6000
26353
33815
76203
55621
37305
73159
88766
57981
78269
1722
20537
51239
83597
26535
81822
86949
57639
62973
2777
33774
40931
26302
3906
21904
72448
1945
1986
48128
58909
67365
23259
33289
70577
58458
47836
80031
42542
53448
59407
47419
37540
87381
27721
17169
31423
65195
5276
2483
12357
8130
74811
2581
16873
37087
7457
26042
74683
5776
58407
21771
14477
5735
81779
82388
31507
73799
34398
14729
17695
9285
50406
58823
51216
61213
12453
10805
35803
35851
56944
58985
26924
52890
81566
72913
38855
1546
6394
45531
27496
40578
10344
78156
68336
8438
53678
88346
65150
14355
49902
85340
34808
34222
66104
31390
15742
14524
32087
81884
31378
1346
85514
54024
22408
62413
72357
48009
70631
37490
43730
53440
77725
48635
5289
58250
40947
67585
68524
46855
43222
23155
22671
37602
69282
29657
53498
3432
33296
28290
15713
35561
60924
33634
83373
26957
44989
64818
52635
33860
1909
67951
54277
27926
33236
27458
69341
42
26260
70364
69205
81758
56027
7041
72232
82947
44514
54738
81328
40529
12868
82616
30946
18004
72269
63157
41883
55710
79042
3456
37636
84226
38604
13699
77425
65697
41364
86081
68389
70300
6536
23130
17845
57216
74937
27895
75248
1754
84200
45491
48595
31918
79625
44373
49872
48930
27706
12954
1204
30081
28040
20818
3089
67230
1525
41122
7826
42242
89955
47029
55880
45122
43935
19328
43474
88798
53133
43417
55370
14433
44731
42334
7187
88376
75650
78742
75662
45783
9522
15418
88481
32403
5209
33006
35071
63637
89835
81721
11279
84988
9627
38355
42721
5507
53363
978
2973
47709
56239
37350
40665
1637
20544
60057
69459
13345
7988
1067
5151
70906
89428
80472
60605
72242
40584
28813
20867
43336
65701
66119
44245
48196
79365
39868
84796
31608
74340
42794
37279
35090
2433
37504
21879
43350
58631
16682
75487
45844
65609
83435
79376
75171
6954
48594
10547
66946
40187
75889
79277
48119
67231
87552
46343
3511
63413
84256
20949
26965
87857
69716
89605
75353
72226
82219
46065
78097
80981
49088
69671
37008
71460
40995
20278
86346
76142
44939
16257
50279
53203
47581
83463
64187
8655
14483
70768
77365
1676
58931
77054
50680
87014
20209
7659
5583
36874
62674
54354
29010
29299
39923
41425
5185
46161
46796
3643
59301
44083
85878
19962
1128
4005
64319
32669
2649
82105
60674
30574
55830
62645
86087
33284
19120
50176
5645
10590
3960
73236
17290
64383
18771
32010
66502
55249
3766
79384
37336
53985
6138
44291
41671
66522
41380
36755
63928
61720
17466
79756
68388
54565
82650
43595
14853
12565
74483
46336
48490
83475
36949
5252
47808
20806
54578
27775
88110
65145
83810
24754
85584
48632
71150
43022
13395
44981
48241
61945
9443
11854
58319
25922
73126
56921
28406
9433
16977
17909
73801
8410
14562
46433
38134
31817
34308
73932
9589
31995
6657
8541
69409
77972
36706
78040
25173
70594
68079
83116
43145
65755
86302
30448
538
88570
8727
5337
44857
39294
38450
85734
72568
30628
20833
52293
40446
49371
70149
9398
4836
12869
35673
89077
65103
61533
83167
26116
3208
36049
60515
86314
61525
24027
83040
28318
7550
33675
78494
5478
87146
18312
18499
32109
22139
65078
38981
26682
82038
77765
41770
28108
13571
39387
89470
66236
40623
49561
71718
33443
27494
71001
932
30332
80647
12863
75686
16818
63494
55522
61732
5803
73601
29714
62664
87252
26277
23458
57865
25986
59875
76767
38177
50096
30002
82635
810
84481
13916
73792
9424
44513
53495
12474
73744
39152
22589
27849
69527
11692
43272
57122
36856
88530
46792
622
14435
29987
55199
56090
54857
10216
81305
66995
64797
11145
17529
82592
32675
53525
42390
83289
79975
31105
72848
54439
84076
73427
19242
43912
6586
77326
14077
14127
41302
15609
51918
28792
18109
41502
75265
62871
15563
46825
38957
11196
85511
88765
46942
46916
4850
20983
1280
60807
24130
75711
22807
43941
16426
50431
25780
69820
12515
72315
66559
32504
7840
30249
33313
18454
24626
87283
14310
84620
69679
67678
1960
80256
21386
19849
10025
37819
14870
55062
14996
39535
64880
44696
52312
51123
28732
56607
65317
9045
49635
86807
2242
72815
24259
82753
22224
88258
50026
62178
86541
84420
73602
1050
87123
3473
25604
84017
6432
45305
8191
49389
44908
25114
41225
68072
59786
62653
87278
55007
70813
75056
19263
23552
74490
58669
75909
68813
46967
56927
61451
43115
19705
64544
5003
35171
47118
57162
46060
13390
35843
58161
81650
42546
57880
23346
63945
85228
20490
60372
9996
56975
60132
27967
41884
31629
86258
20568
66195
13544
51346
60554
18023
35285
23122
18986
79582
83485
55138
26689
29587
74516
48929
77719
84244
23527
4051
68114
74839
6663
69033
7971
83878
68340
76976
37908
86286
49827
54960
73983
72107
46661
31437
85744
33131
24490
28567
79299
47872
78566
64237
82201
7510
66787
59202
47123
5730
75428
83241
39890
58299
1707
6583
68937
29156
11483
11356
40836
63404
35651
26281
6755
84349
36466
28721
31848
54461
64045
2063
4538
27429
32166
56325
9966
14766
18558
46900
81489
53821
13731
47020
51484
22554
58976
23524
40772
4135
5461
51964
2059
20234
40902
50856
11498
52165
2240
82389
29388
17363
30062
82136
78112
36931
28539
84005
24756
60110
89182
58956
18387
30475
13486
55552
18550
77637
73994
85091
87816
14267
35350
10241
88907
39079
86854
8551
47965
81245
72214
9007
21662
80488
74366
77350
131
30729
37592
40862
73308
17507
77431
35321
17894
71964
44752
30504
45202
19706
84568
13519
13201
21200
12559
7613
84597
13661
16545
39002
88886
84359
14774
33340
27100
88139
38621
14031
58701
53539
54005
73361
78744
5297
72974
7525
1776
65892
11451
36669
62315
66251
80271
22045
76806
49216
86741
76418
53000
26331
80897
65203
3786
67700
5214
81031
42951
71883
81880
84630
15960
54643
64030
4782
38483
7053
73251
86724
77394
89973
76847
37612
35068
22887
21448
53076
14128
70033
29899
65762
41125
24056
70645
12362
43728
15640
34461
19678
81849
40006
36395
7821
22156
67884
40910
47305
86688
78585
22246
33897
54870
81821
35188
84191
31702
8272
57270
8992
20602
13524
66572
78874
71909
44864
25523
38895
22705
32168
42297
4179
65725
14723
55349
68512
3501
88254
4444
33207
49118
8791
26550
51923
11734
66125
84557
18999
45384
40384
20483
77593
44659
324
1134
22658
70130
40208
67390
84492
74901
88132
8647
37556
54539
15094
7725
53829
49496
24032
77456
23041
7196
7551
73185
38075
38562
28384
86867
85273
2067
16734
7503
85226
44287
81050
9115
69924
80343
8311
86054
65186
71968
60976
28087
43700
81843
10538
75269
71445
54775
11649
4484
76390
50063
33404
15316
31561
73296
25949
17806
20189
73234
74108
65624
26964
37086
52970
24003
64103
30028
86609
61352
87297
44886
83264
71531
89114
62165
41980
12258
17178
40431
38907
82431
26253
63101
71184
67040
71351
13529
72784
74660
41835
11804
60783
22975
73561
1168
83252
84999
71224
14997
36189
6800
46521
16118
27057
4855
44463
72583
18711
44114
33530
10269
84130
19403
23526
44078
52000
16835
12930
76447
17772
28002
72742
2382
18791
53831
30706
52238
61474
23240
45503
1896
69294
37323
80526
17093
13538
48920
84997
29450
42746
75229
46557
48724
20895
35848
79783
79259
77184
15810
81064
5589
30866
14138
10306
62097
42719
5934
9232
49044
39130
24980
82854
49501
29443
19648
63315
77621
81450
80798
30781
69345
8181
10482
82270
38760
16268
63152
10478
51709
36574
40042
60235
37408
46271
6518
69846
49477
68038
78877
53942
44702
34696
62329
26712
30513
80044
30007
77748
74618
18782
48173
38337
49414
87176
27177
48657
65911
4219
62037
23648
53794
34574
5098
74325
40416
76781
23443
82649
67830
75525
42946
78386
67201
35831
85738
77604
89474
25229
84753
33571
78278
80977
55556
26364
57116
89076
73705
17559
49323
49666
24064
18464
18449
40069
28487
20533
15146
55424
55778
65808
43786
29679
84443
46749
54274
53617
70077
40679
49582
53997
58246
48827
89277
47655
58846
59834
60008
77288
63714
58406
27980
70334
50563
53734
39118
31478
75764
38082
88525
61197
13466
5385
70336
79076
37630
9048
55535
78628
52263
40281
5042
26194
74534
36898
51749
46180
4462
29159
26288
43008
77414
8096
4960
64327
73718
32139
22468
9284
49113
10549
84243
60809
14231
10912
2656
75359
54043
14341
43000
38695
83279
18416
60476
28973
30663
2774
9788
76907
6637
25354
4602
79106
61367
48265
68674
86770
3078
7280
33023
73826
88643
88559
8746
70203
35633
71277
4964
6691
50699
80559
60122
87389
48577
80551
25757
78118
17528
76280
65339
5386
36942
1708
21279
5499
56544
77522
59385
59012
83482
7979
72300
14331
51777
29531
15845
78943
71960
43391
13330
88887
26022
27511
74364
46242
12448
65305
76915
68553
26980
70711
19910
45459
8574
52474
9634
89322
20864
51426
54050
40837
59412
59678
49083
29794
18829
58303
89813
42772
44454
8597
60569
15402
57181
25973
34513
4795
19265
16612
67722
54848
49104
46275
36319
85342
73914
43401
56108
85962
28672
59091
34316
53352
70212
644
87168
31543
51207
47363
23735
76773
65904
54334
27505
77304
5913
35949
78275
60062
60148
74506
57411
24049
39289
17186
55131
66061
48469
52956
87874
49388
52958
20889
39341
14017
11932
66622
13042
5326
21606
58262
83424
56902
18404
46272
75729
84566
12714
58722
65543
24036
67497
28962
21770
23499
87741
19722
16376
30386
70811
22510
4496
25055
24859
71788
45223
48832
84721
20628
24721
51692
3120
9166
27672
51363
65458
13889
38407
44519
2397
70869
83924
18337
7812
42393
18197
72958
6956
15226
17855
59625
75967
24445
57770
34023
43486
30027
7744
3546
87201
26774
47110
9745
42690
28248
35382
82164
86996
24429
10220
31781
39332
34415
51809
23271
16726
72399
2384
78079
36806
28197
89141
46241
8675
10295
34846
70115
70562
34855
71263
59158
72183
34305
64095
29439
45424
64598
48147
724
71877
45730
31819
1289
52368
81341
29094
14164
36635
24559
31235
49711
14877
40677
86602
18759
27256
20854
20599
73943
24619
35430
87347
50905
47370
18235
86755
33109
1191
38322
60475
43042
68100
54590
16230
6483
79640
71043
19139
38226
38342
18686
17956
37365
41020
63048
35539
42928
73005
15275
40047
46979
21494
152
49298
51877
26502
66936
62369
64627
16178
83684
75872
84745
48053
7573
83465
65588
22371
73509
54045
40855
85370
44381
12447
59870
53171
15750
87195
76433
69101
46375
73931
87963
83196
51411
12739
54142
39884
86997
11903
70549
79513
39480
64787
45001
22676
40854
13140
7991
86954
5556
9346
88800
69040
64883
61170
81978
8021
67880
77130
61708
85243
1336
17536
36357
81757
171
44914
63735
89366
34216
40203
53628
299
12556
42518
62135
68431
44405
27183
22977
44482
24923
78259
76224
63466
9993
69307
19280
51922
12483
21813
29770
23124
82825
13412
64017
89091
28741
47809
60721
27750
2858
9708
10420
71230
77243
30928
87335
1194
61270
38891
50754
4905
80197
25750
36203
35992
75316
56111
55990
22779
78312
67616
32945
42547
3079
72932
19805
47973
13353
54468
78102
10308
86523
39039
85767
243
48779
6863
62560
23454
54306
61820
49546
85750
89307
67650
2734
1816
53038
86973
78857
63071
47336
51731
45256
5138
52099
54511
3308
50299
84710
33339
77490
16068
1753
35298
50642
89812
11976
65081
11194
55097
4391
87132
9789
59217
12263
47871
74526
62100
63763
13527
68399
6739
38115
5416
29891
38920
58653
59396
50763
57403
25747
51579
31367
20727
19068
22612
73615
28683
18639
39417
1396
31113
87563
5947
11697
20379
59756
17154
69640
14588
3617
65075
75043
27874
12794
18049
81901
41153
89442
47453
87761
68607
18090
23637
7298
18708
19649
64863
67818
18307
61917
47552
37551
14989
20400
9471
47719
4092
54934
54863
76294
163
22430
54558
49623
23119
40163
35808
36057
76347
74873
39892
23883
51720
46392
13900
64014
88489
52794
65625
24019
81465
52026
83160
14728
40453
55838
66122
28584
45036
37359
21093
50990
55937
81885
10735
38396
24331
22267
16314
43168
57734
26398
62639
2038
65526
16195
30674
48846
36556
79279
80765
14803
18206
10185
34271
80743
80506
62590
30575
77289
4729
62499
69373
58086
58223
25228
50662
61079
71078
45552
72528
39306
79349
55607
478
50797
76240
69662
86555
11620
74133
79117
74531
27862
12098
79802
43419
1254
54381
88929
73768
43269
49034
44217
38065
3712
85974
40976
72868
70758
18599
26622
19991
78226
8860
47560
21211
79431
31013
70797
77997
80657
46164
54844
77330
62987
60585
50742
79690
30878
35724
49227
60513
50335
6861
83513
20452
84137
73857
83854
36797
21476
74420
63927
60919
57856
6925
44119
59525
14608
39085
35409
68053
11332
9383
9956
63435
82453
842
9868
59655
32649
19988
64339
30165
26032
60972
74548
54374
78272
63001
32793
7442
48157
82904
17170
12996
42727
18051
33258
89303
48214
83176
5935
78616
72686
62202
52760
70732
41953
40005
52155
78383
71208
77446
56666
69245
19258
86603
10354
59072
32246
45696
61926
25882
34935
34002
86026
5231
45955
9948
78479
88203
25644
72443
81312
84293
59439
70971
55059
41520
30514
80292
17331
14008
87437
21197
51955
59376
80128
15353
41048
74742
6537
207
26738
42540
22756
83529
89144
1158
54627
1042
31402
25637
80642
39270
9112
61235
85057
23492
44547
26768
9968
35907
11493
43458
160
59502
68572
55253
66330
21016
35135
41982
20881
38020
2619
2051
20392
55187
75634
85944
77616
53658
5707
48600
2472
22627
16266
19783
77871
11987
68226
66499
47361
12899
56873
13920
76609
54329
28319
88898
56223
37732
15143
58734
47681
16461
13408
69951
22433
66043
12620
39692
34251
75403
25480
32604
18952
44907
13669
66626
47532
247
83952
9347
74649
13796
88825
22501
64060
25347
54728
29693
5985
72745
2253
13783
71418
17814
83905
77255
76395
59337
61737
14775
82337
21480
76432
7393
54744
52980
79058
31422
88943
13643
1296
61717
26806
7416
60165
36846
36644
80253
51016
80633
22258
58002
78160
48067
23025
87523
84160
51025
3947
40376
29481
7054
1413
4991
46120
54150
24649
70785
66018
52576
33500
57776
5540
73144
61839
47312
11191
36261
56981
25635
19492
86276
34776
63610
3634
59115
39452
68737
45394
77784
22116
72566
50917
47285
23376
20601
60734
39042
20603
5171
85910
39256
72698
27341
43923
17011
53278
2226
29101
71916
33855
67144
19593
78632
16967
78313
63762
47117
47316
80070
53870
4180
7732
31896
89954
65705
24388
77505
45310
44521
41870
56520
80320
3828
24283
66399
38445
80363
51978
87742
35413
25702
8899
22719
88573
21774
20086
24362
56181
71188
88789
84479
63133
46486
4148
82357
63781
64186
2024
78879
69274
3306
71392
36215
74356
35249
57433
65844
63285
65455
57702
36767
79410
20373
74377
41704
47367
62412
19388
71967
63431
11374
21607
34893
24499
56693
68528
46595
55709
88141
6388
76603
33733
88768
41771
73134
68774
84553
63103
16703
47511
79561
30259
71664
27576
86885
38125
39599
71888
83250
36981
3191
10106
84300
61929
50084
71993
89673
35442
13413
33201
14685
72836
18479
60210
84902
88302
35276
11110
47515
71391
66281
79419
38292
73096
36204
79325
86638
47901
55276
42476
56386
23493
46202
25402
72278
54110
49547
49847
58255
64140
57234
41433
5631
67806
53338
14757
59315
2936
77165
5361
22675
9179
4700
68275
35120
9726
39778
42962
34835
78441
25777
70680
40038
26438
20456
54651
14424
35469
34273
7701
1792
77555
23126
65889
61621
50383
13115
56430
34651
51380
51013
37833
48025
86612
24125
22143
10453
79973
31369
51726
88496
36814
88911
70742
27288
76100
23083
14084
78434
49333
70404
13971
60845
3858
64359
53292
85877
30333
80901
64660
52504
43568
60599
69323
28968
21029
53608
123
88227
30044
21036
52276
37202
31399
65481
39558
27294
89098
74387
50149
65790
45295
1177
34325
21679
14041
34880
44889
32728
14316
68104
72408
29300
28154
59239
53243
56378
65043
89371
81785
79604
86891
86893
8419
73157
45975
9132
66758
67422
65323
5949
73173
42860
59520
18141
64037
59088
69786
84074
23695
68077
34719
87947
80068
82087
11739
45708
15055
35491
25763
40532
69081
48472
89466
13664
83922
84153
50404
28461
67389
24359
18580
18528
44824
84834
54694
10316
3772
15981
59081
17521
79051
75102
74956
27236
72272
52810
82640
55975
331
80008
71800
68398
68463
10901
81577
66992
78800
43424
42492
57847
5869
65072
52540
5682
66275
27867
32150
88617
79400
37977
2000
46665
64149
30351
3639
60125
17842
87591
16285
51034
27787
12040
50715
59847
37030
17889
31973
20761
84937
4779
12699
46186
11263
38761
77499
37858
71495
43849
74327
23368
43182
61013
17165
28050
32082
27929
87656
49460
22439
81457
66408
12919
12477
81616
14101
82964
30474
10670
31798
29513
64390
81145
39851
72419
77533
82232
77581
13817
37596
80402
80194
52666
22903
32169
46977
44151
32402
27489
39475
88622
32638
63174
24093
8179
33732
18465
74129
51647
2902
62241
2278
45705
38503
55032
89512
14485
29339
79639
37878
16935
52059
75093
35788
39315
23614
44432
85879
45261
74309
69759
65616
43194
8472
66218
10286
77643
45051
65807
40598
67925
46182
44642
21747
21926
52086
46316
74245
69003
59162
16558
36793
27028
29878
36379
83283
82441
26271
7179
70671
70633
42088
30108
28794
25630
3097
16299
89720
35282
17300
79817
30915
43130
20426
6816
13114
4928
5758
50816
61051
17083
11712
65932
83888
37169
12476
9086
26357
50453
60853
18161
29107
30014
64545
11390
18671
14978
33056
82139
71072
78401
88070
73623
28607
48478
68361
23001
11171
55056
82769
27322
25141
44118
26227
61010
60744
34853
1354
87946
1911
33788
39375
60073
84339
62707
68287
12359
67170
73794
60676
17656
17491
62868
80525
12686
4178
49308
44323
18118
2318
44617
63538
33546
63000
73317
33696
19308
57700
18067
38313
56696
84659
18575
35588
26276
28705
55204
81149
8878
676
69439
7062
51269
69700
9366
33391
45323
69854
65462
54530
70815
59084
7468
42785
54215
66360
77091
80273
60938
38297
87724
9581
6014
69851
23164
61436
87162
3937
36158
46727
4690
69798
75992
10828
75638
42085
87366
83323
50531
25409
44510
22443
45334
57669
65166
52437
68609
33750
8843
39367
31015
5399
42896
72532
42588
57596
35785
81556
40639
43016
25041
25287
3845
5097
60258
19617
55339
50382
51798
20518
57022
86139
9458
48811
10367
64196
66679
87945
12879
7747
62946
51927
56014
83608
35912
21866
54742
2822
62398
74836
46403
65942
39527
87165
43882
20223
69159
88934
45706
19331
50305
27910
59933
73517
59109
37910
82527
51601
7567
36208
73460
32987
9174
16582
62857
71598
83335
3481
33166
24773
46063
44272
39376
43164
84022
61894
44571
76008
75486
46068
24936
55956
56822
64652
54464
43749
86432
73858
76237
27160
58118
32079
58636
35869
76716
78788
35518
14664
575
4374
76179
55373
2026
53445
13680
37060
77728
84277
71270
12897
2659
86297
37621
49488
44158
73121
15128
35824
89128
61744
8173
11281
55093
18316
88217
73971
64744
34334
43876
27482
17247
73980
42848
54713
20276
3607
74851
4878
2509
79069
68286
60417
27840
23830
52230
88777
7001
88776
69429
35131
17699
5905
17034
6103
5112
33114
89600
5447
54977
85568
83587
39404
87478
10132
52187
75323
50577
7494
79009
46647
59090
85301
33971
27966
50803
54086
53143
2520
87334
31447
41276
30291
61874
44840
27743
22188
41463
73289
87932
50612
2780
67357
6995
59772
19254
66635
65514
56222
72477
49629
83739
30365
16678
38894
54419
76528
86670
28463
59835
83572
9687
11505
51077
24509
2811
31027
10012
61733
27995
84040
58831
15996
38196
63791
2513
62867
84792
30208
10798
69541
22843
82410
89454
8847
74094
11133
51480
64062
18361
13450
78678
51684
74492
41767
23423
55180
64164
61433
73678
66017
41799
49031
25530
891
63542
78304
82837
63307
88291
89089
7166
17269
30527
15747
75430
27616
72977
79823
49425
29862
51822
73246
8207
35718
16652
4490
47679
56536
20885
51106
56829
88077
82528
33756
41120
27426
6742
53838
23482
46273
17282
29304
2966
69487
75832
43613
61783
58842
44946
46860
10406
38273
65045
39797
35744
11414
25249
18362
52270
88037
41259
71315
7699
29377
49840
29465
63470
71130
71438
34734
517
51333
74158
3810
4446
86023
68175
7974
4514
39681
53872
46411
87475
24431
42498
47451
4460
62138
25105
64228
5625
39342
34869
33664
32421
58445
88852
89783
8316
25843
1246
87436
15281
59198
12710
60408
53246
20863
81554
73108
89224
15223
89888
70666
79189
27688
59063
31641
20779
8157
78336
71963
49544
13866
69600
21765
46415
15709
71287
847
22785
67478
84987
41159
46518
36236
41747
71518
34974
49156
73178
65634
74729
14216
80934
66428
77494
6694
80675
33681
9435
31992
32931
61003
327
8629
79605
214
59582
79237
15169
26341
34115
59725
45113
45140
88519
89097
86137
27067
76037
15555
57479
16570
64600
38481
11826
28285
18764
38059
69295
4861
4060
46237
39858
33362
42818
14762
56253
7816
55513
47861
64494
88755
44608
5244
51212
32256
63
82748
88604
72294
81569
73100
60109
18766
85954
67364
52945
18701
71365
33294
2772
83377
29564
22452
53597
12615
86745
62221
44062
47703
52546
43109
61557
78145
72718
37217
60267
70546
27303
14235
84144
88739
29085
9901
33814
6414
17319
63142
5618
21966
77210
99
58775
66776
51735
76446
35288
45994
56965
41593
68915
10749
79358
88623
74597
70148
33465
8120
31302
68726
80891
43808
21393
52860
63556
63163
84780
56368
38261
31886
31098
473
55889
40569
82678
17562
66433
40149
86982
7637
12431
45777
65393
35372
11584
44710
81352
10365
61317
78656
35997
28695
38136
44701
13035
25829
69242
60488
38862
6534
72989
9985
8353
57172
61765
87653
33327
64369
66217
8807
24975
68127
61050
55945
42321
22673
26165
66337
9574
7387
37924
40916
43532
46436
13962
30481
83971
29342
53403
54891
68722
2826
86585
86572
36754
14199
37015
30863
26638
67837
65304
72839
252
86179
68721
75878
57461
67494
64592
85248
16042
743
51261
89508
62318
20245
21685
28694
55379
34942
89125
80386
42073
83495
73244
25312
18319
1501
11887
38011
37888
64508
73392
73981
32184
14785
42943
74958
53513
60690
4083
54151
35191
60816
89105
82571
56976
65325
67032
79152
2664
56782
71381
46259
45805
50350
30744
54551
13137
88505
48729
50991
19790
23913
12379
22383
56813
29216
76629
15050
51497
33754
23282
25699
83997
42259
42876
37155
5607
86493
49950
85694
80900
76298
60656
85766
78122
43828
64722
17958
3010
32413
29273
76999
80097
82583
49105
33652
83439
77031
7203
38936
7854
24896
42252
65992
66984
8665
30935
41937
76735
82906
39210
4393
21851
46311
57193
4646
24825
41416
70145
43588
12693
68910
6279
22280
86671
71226
11872
41981
30388
4304
31749
11644
10713
23062
17920
37796
24412
76766
58535
6419
26866
89167
74460
25945
23216
72209
4636
66660
55559
10298
45873
63296
1414
71141
13863
28267
22477
37406
15240
29845
23267
54290
74676
68280
15225
66184
17149
20973
34512
87320
85443
68535
4623
67968
87573
30812
61697
14190
22659
13642
82200
88026
2842
6291
74042
43066
61169
20809
38334
42373
30097
88375
42914
69881
16550
77938
89914
19232
12212
42737
86643
24867
34750
39754
4333
6016
19343
4226
13011
56787
89696
79537
41009
2306
54428
67162
6906
74853
64734
48106
14289
73448
89060
45889
61826
56977
35383
78852
42243
42125
88058
79160
8089
37960
65913
5380
19243
5114
10257
27324
22476
48287
58377
65559
60225
44149
26752
75109
44313
30731
29521
48545
74124
22865
48958
37791
45741
35024
13249
738
81148
31508
78173
81016
26661
16028
20813
24871
14933
77683
84634
80496
17769
76301
62846
52028
29374
14368
86250
11029
28894
64194
46608
2259
61223
3396
307
69889
78398
21322
38072
9790
18011
54692
10928
65780
79844
36358
44148
52279
70959
38124
57006
29129
25374
6353
18856
4713
50544
88033
25059
15423
70279
12824
22391
532
23529
8943
42506
2970
8852
33798
19932
23389
79884
74023
15590
75822
78354
24110
64225
25516
88406
83333
32923
87726
56510
82620
56541
69564
84310
67446
14408
43480
33766
68861
70793
78529
58166
80712
5100
29968
79139
72991
20319
75962
41495
75404
6726
82213
37589
79560
85754
10915
61241
12425
56734
24731
15129
41504
47799
2275
24864
67632
16632
22850
24233
63837
74219
36860
32178
23619
4780
14911
71555
67644
82221
6580
78005
3595
16846
52377
4071
34239
22375
65558
68664
34704
71513
72560
60779
75511
67988
23559
32933
32435
11244
24202
66474
73383
37725
56478
19903
33210
51515
38068
45208
11628
10084
65129
32861
45679
48517
12860
59277
13518
4066
53314
44987
67936
79888
43368
10080
80029
84637
82934
22724
66299
13221
23609
81723
56458
69783
36405
20332
55018
9941
15539
56982
67848
4085
30112
83477
15749
3574
58373
28306
40405
45233
82274
45237
21876
83828
83724
72253
78859
79036
87892
8818
22490
56600
77126
32488
36932
84275
88425
57000
1834
76035
58217
75340
78587
39137
89216
3321
41472
25503
6909
87912
67311
56590
86339
53265
82251
60604
63235
51022
24154
390
33151
59990
85746
34284
81124
18707
43549
4187
58957
85034
84516
74538
48481
50604
30134
9757
60402
86223
73882
20211
50902
42611
86901
84933
3416
30871
34916
64311
52248
87463
73275
25517
67533
85771
5917
3917
38591
11581
50813
87901
44116
25317
6245
38852
64006
72099
76469
21335
4980
21171
57057
52111
12329
53634
73563
63198
51795
52159
87953
44084
56229
59737
22678
16544
14411
51458
63895
37243
35522
22871
54813
88093
63737
18001
14211
56441
49730
21151
55462
595
25496
15942
84936
13559
69023
7242
11574
22846
43425
52255
89402
20116
24783
11889
72935
21169
34366
35324
54772
33519
7919
1471
75471
17104
6640
17684
72952
39054
37177
9622
46446
72240
10124
66577
72514
88074
81794
74607
55852
1706
31618
35525
51508
27820
14287
80936
48014
35267
14865
79810
78948
16438
84113
74183
23052
70312
55711
61510
29528
33893
18297
4884
53156
80027
26235
34793
65116
19484
28649
88782
63457
75014
52900
47933
74074
27623
80570
86436
44277
85096
28389
74388
7317
65032
86860
24601
37689
11215
62948
24719
75514
69870
6290
2636
70040
84756
49249
17364
33007
71384
80326
54363
78078
81769
13031
12350
72057
19125
56845
25878
5703
41636
7269
59087
79767
67780
80213
20939
87815
27806
57616
30335
54249
49335
68218
46776
57374
56705
83449
8395
46961
21217
48026
6713
15188
45088
29909
77827
33890
69312
17500
64222
32164
61615
59235
17225
46417
7467
45712
62485
9160
78317
27231
13418
85430
87865
64622
63639
82235
54023
89273
72504
62807
24751
58312
52681
7316
70124
82593
951
23326
41763
35584
15786
53120
49312
78176
39999
53914
77680
89153
7741
55808
23706
20745
20052
18032
80246
78635
63209
67799
79931
44610
49033
6608
74600
64434
26674
2323
72325
80919
21602
71021
36044
63594
36424
86538
59745
85951
71642
77454
89292
13766
2243
86277
13646
6400
44760
51240
50411
87173
59283
53990
2035
83403
29468
56752
7409
25422
11243
78651
22478
23477
9137
71680
61663
17020
65597
55298
34338
56281
44647
14095
53693
61070
70914
6306
14514
2039
38563
26643
21140
60493
55157
4572
12637
83060
22862
58094
72177
3477
42980
20635
226
34985
86070
12415
37820
86898
73250
78930
89683
31626
24196
69179
62604
34220
1024
20222
38992
2450
13149
28016
83985
89268
34275
81526
34838
8107
74712
72402
8831
18359
73057
67319
42406
85492
66952
53256
64618
72488
43136
81705
60192
62547
82321
37489
74592
2699
34021
81217
17732
48277
32364
84360
77438
68311
6478
47301
16659
74195
41476
51535
71640
18129
50499
65502
32936
51718
15091
70393
21636
2406
21743
59000
55105
79969
18114
51569
74346
54605
80125
18415
39034
28814
70304
77035
54820
57929
61044
20386
80814
85296
89389
12536
76713
35388
37598
75181
74566
26918
42068
76349
25913
28599
74498
42370
9715
67891
15116
36507
77553
44527
44269
36739
21823
11441
88896
16753
81931
68288
62514
22484
85569
60205
59071
70936
40786
68128
15681
18693
66487
15435
11379
66185
27877
35293
61118
50697
71053
4718
84992
79864
9018
31022
10449
44863
13925
37923
84883
58466
49356
82345
26333
21785
81374
12918
56221
4239
19102
7684
74523
76122
12874
76339
6269
15686
32682
64745
64489
89313
68675
75025
57917
4459
43913
74072
51076
85074
6695
41789
71599
77971
37916
25022
34294
230
59262
86350
38189
2841
88344
45356
65378
71984
84772
2711
79626
70126
32062
46253
63069
72918
12838
86417
41530
32578
40564
80722
39405
19861
74252
27543
65240
42604
77570
48521
55455
3050
33804
13532
61562
76219
48585
44442
14144
82166
57041
82733
22350
40399
5780
23512
60419
58545
87075
26182
35615
27818
32520
55017
55653
21395
33358
3889
57194
81057
45365
37906
2018
64930
59014
82144
9967
36571
54641
2532
1532
75484
72144
71032
23597
36779
35697
88345
5637
72248
83908
11269
8781
84741
72606
75673
23608
51881
43125
375
87594
16630
84898
39541
45895
54917
26740
84174
80182
10362
7888
4607
64212
25144
51552
62455
24099
7832
27702
89475
79952
79276
72481
31053
35940
35399
30485
41641
3291
40094
29250
2121
75354
7667
84006
26703
71305
44517
58464
43046
42466
72013
71571
64919
31812
86545
55016
81268
43071
43832
48669
81628
39188
69370
39190
69689
48787
44230
31913
52283
20586
16679
61811
65716
11686
73488
13079
88279
68942
40239
88884
78222
36563
81621
6983
3044
50543
77153
2110
65369
27194
74268
4054
85114
71944
23984
15616
4789
33625
34788
40418
55825
66630
55382
84318
27858
70202
10606
18529
69277
15444
79209
12441
19591
61837
48602
39323
3495
66746
46018
33663
33768
60027
38046
16534
50654
33054
52630
30391
36737
77906
41412
58180
26314
4442
19983
46488
16805
85412
86012
7590
38350
24080
67643
61766
66551
40934
80504
25666
89555
82042
29116
25837
17426
53689
64850
66604
28414
7446
87840
38436
65812
85602
7914
38997
5508
75946
58922
29685
23170
29903
12591
3414
66553
10695
88677
87491
6531
8573
66025
68209
60589
22354
89112
8558
58680
26119
72704
56175
12925
34610
79440
83506
65779
49728
30658
85411
2064
4093
38639
86173
36608
14862
45387
18998
36012
47196
76115
76363
28818
68344
8910
19436
18418
72246
57653
76352
16588
30639
13936
32708
79451
12584
86176
67104
526
67107
32076
19548
32016
5928
81420
13222
66338
12331
49171
47694
39661
32432
37939
12311
24518
43582
71829
14981
1468
62563
50924
23711
76895
1
74916
2
27346
10280
49284
38357
82466
85665
74113
15708
61598
85198
67109
18225
51387
35201
79966
7025
58903
12537
43776
51905
80800
89049
20486
65427
87088
2923
14730
72768
23930
4859
87294
13061
65593
58723
61901
12604
36720
61295
14815
60741
1672
84827
74212
44317
1642
39503
29210
1202
23599
24116
36013
82354
12160
16087
18636
22298
19044
15023
16543
20921
40784
80219
74809
23946
12734
8024
29788
77105
49063
36950
79221
53067
27848
60966
53542
33847
75132
21892
2048
29947
74011
76326
26175
28038
51383
75005
31340
4211
86351
57035
55891
82215
64364
83081
59447
75586
78945
7250
27615
63854
43627
70986
82140
66960
88593
32921
35566
50757
39631
38137
65191
63785
79212
82306
59255
30483
70655
67418
83941
69220
49013
46482
79234
10830
45597
21100
83808
71292
4332
86
63943
88020
46609
45541
88833
13712
46589
86615
18944
45618
48838
19430
61588
31086
29363
8714
21776
81157
26916
44045
24333
67047
59176
4326
69424
11767
13226
22083
10709
80157
46137
25247
15292
46958
34727
51643
14517
28895
49364
46062
60339
81796
79637
3545
49450
49618
57582
3926
47326
38850
72710
51691
74739
46782
52914
51620
76423
2455
55445
13128
67438
83711
75470
25583
67787
14929
39986
37024
70589
30539
14215
77589
4437
27486
28511
42488
70318
15187
67216
49746
32182
8053
28052
15367
40770
16311
41617
23166
19810
40533
63530
9821
22376
13641
47235
20489
69134
15788
27904
27927
70787
87667
13238
73215
47975
30316
29885
25721
33383
27673
35218
10597
28769
58141
88490
1058
49591
24927
42787
40174
82534
5833
32351
8892
26074
74385
61956
66994
88472
79603
40184
21622
42347
81798
75191
60369
60562
66310
85316
8118
53223
35194
73139
48436
18635
86466
50827
35214
66934
5285
48221
35777
55332
24676
11343
8420
17126
73038
85289
78627
70206
12037
54444
40469
70796
45021
86109
82262
13120
50677
57554
20197
73805
1675
65948
16340
62333
401
18681
4297
2637
2258
41227
84116
29572
48644
3952
16383
15893
88166
71302
31087
71683
14217
49353
54823
63960
9494
13628
70362
36094
6262
60742
53233
67378
28145
30532
19049
19296
22481
10885
31197
62168
10552
5091
31697
66058
70998
78987
71262
55144
89382
60822
9917
32559
29384
23977
16256
65906
56460
80158
11582
20305
71733
30911
81373
19431
25191
18320
88275
82701
17016
17091
38640
18441
71834
33124
7403
8139
85240
5169
84706
78547
73148
72388
13878
13802
59805
55822
31347
89275
12121
42437
51790
81486
28084
58239
26037
45973
65167
57994
84575
28764
8524
43077
67797
73124
54413
72043
15345
10297
81679
28644
50545
34078
52510
33694
38270
6042
58511
65469
7995
22160
72602
56738
25376
27107
44826
66780
15937
54081
46507
32977
54095
7447
78056
60760
33026
73579
5400
78242
67596
46036
44965
216
18546
42137
66850
64935
34684
51324
548
82740
66378
39533
26453
9323
13511
85864
84666
30463
79285
81732
85225
73825
46947
26233
2478
25874
74768
71955
10853
63801
16300
42575
25080
2845
62646
87225
79062
11661
86342
52022
50172
62994
45614
71738
37348
59858
68454
50920
53922
71039
62266
77692
41233
85825
25979
56938
37412
85895
61319
23740
58219
71169
13052
46443
27666
83688
54293
1329
55477
78773
82069
8732
78403
47835
62405
69761
30561
28394
52623
44357
63901
31788
71038
43610
29859
27538
6234
6978
60635
50375
74845
50126
39072
34693
912
2677
59672
50451
27105
61461
87469
36524
3239
16158
27905
2635
57396
42416
5907
57866
32719
55759
26287
23923
33601
37836
17847
55079
69388
44235
2895
1404
65210
78533
79068
60282
6327
40559
49865
86652
2905
70259
26723
59670
7740
79408
78111
77195
20011
39011
50251
47547
37054
332
17678
30685
47611
9372
64925
79885
81643
4
14187
57839
40792
76513
24369
52269
40727
20410
22545
68228
17075
29841
37479
72953
641
67980
77629
32063
14362
28302
30721
70827
56017
81066
72454
4272
61430
33388
64965
40267
46147
38400
9633
42771
28638
37239
45675
83299
87702
81
4296
87004
55388
70225
12299
30216
74537
31926
52875
6070
79336
49573
10647
1096
70840
51457
56635
30360
63547
56831
57345
6034
78249
37552
65513
25423
84859
88134
86187
49259
21964
58426
52468
540
58395
36356
70290
611
49244
49662
83255
79586
10770
54815
5557
8356
80277
18757
68881
65439
7786
45245
52551
81642
6464
43591
76372
32335
28352
63277
20495
6942
47144
51796
9859
63434
14205
58079
21254
987
41691
72277
57412
73015
21407
34738
26704
31218
63602
44319
8703
60814
80921
33040
60106
70361
35929
74587
66351
31768
29897
42002
49675
65846
48058
703
2162
37609
15572
29128
52848
63596
48364
2250
53661
74218
7863
67973
69952
81601
19625
46352
46605
50971
31532
80381
30071
19029
69833
49712
68491
6316
81551
34999
84715
16583
65847
2497
1903
23140
24857
67281
20923
42969
15001
19476
16892
84606
13287
54102
87260
82863
30672
22467
70774
87636
10236
11612
81167
60655
87979
11341
62313
42353
16937
75185
48204
56865
59703
27134
62855
40471
74641
21078
15583
65303
37422
12407
45176
51352
32473
61382
57542
33034
88754
18378
42040
70866
80432
5058
78522
44446
6788
36154
63925
4184
74777
12636
70236
43113
74880
11404
69180
39925
73411
88976
41839
84605
62927
60659
71602
9556
71580
26188
69016
42218
9533
42356
47666
9779
76635
84973
61841
57789
23646
53263
25703
18181
26195
10610
87029
79578
10945
22493
88497
38511
56791
52679
2303
63170
88926
30573
15682
2130
79887
88018
17263
42491
40123
29686
77379
74337
27454
35881
15018
78707
4591
74677
86828
42211
22148
15518
12793
50045
39563
22599
66838
48351
37738
10602
76581
15012
9813
7215
29712
20247
54459
21690
41378
68396
85028
50601
69983
77445
9664
21441
61425
73462
40462
38700
71449
37268
53732
3898
5886
67985
10621
58559
22030
81005
31020
77374
18159
38331
80575
57798
3978
77795
18191
32028
20120
42122
71348
10858
70523
79083
9198
74730
77277
80439
28075
84422
52017
46636
13147
51280
73959
67493
78891
77423
83341
50607
37242
43158
69483
36549
66037
65295
84062
56994
88111
84294
35474
10016
65901
62607
53372
33583
87069
62559
69969
18435
77448
7239
22491
74153
82240
82289
32627
9039
27272
25716
53826
67135
87887
36864
40990
43442
61113
88405
2864
27780
66860
89072
67261
60872
3000
33540
23802
17074
5719
71674
18026
3774
46393
88278
30051
10121
81095
74912
1889
31525
15896
50682
21861
64690
30428
33998
76846
40547
16719
60360
32464
84904
80596
66924
47821
51302
43569
33014
424
8991
25019
30859
81126
37830
10613
29632
85132
67077
86590
67056
53099
79821
1564
67456
50781
78823
39308
23365
61858
39788
72922
37549
77928
33810
9510
35290
75068
60818
81426
17908
50329
54180
75859
25112
58730
22631
69090
5534
84793
88009
59288
25427
80459
141
3197
7046
8481
41095
13660
43601
62984
76163
64557
1101
85522
69317
54405
30612
66341
47116
77982
18325
42306
5810
62052
1195
54106
12730
17138
76782
84102
73555
44747
56854
8523
76922
80043
48919
73485
42086
71276
60587
59780
43888
52320
9161
43282
79714
7796
75437
78123
66205
1694
44685
44073
64221
86064
47497
27909
38919
11443
82662
13958
63168
35809
78515
65406
31820
31050
51056
79893
50964
78413
25213
43593
76701
17112
1736
15512
41942
62953
86010
35291
53097
57595
1735
53187
79350
55085
32443
75425
15069
69865
8754
50461
34736
74580
17113
60583
38616
24991
62577
24811
51542
89253
79341
50120
69576
3100
26397
58773
58695
32570
67555
54360
47727
69233
46114
51336
89055
13447
26698
17910
79583
9578
29747
53702
68864
69096
10612
19640
67519
26719
82041
38646
23491
34683
10766
46395
57875
6463
84615
42924
19162
4361
33883
84454
1786
57649
61255
27971
53002
24220
87205
65677
78013
27836
1481
23281
47113
18617
19434
652
61517
82602
71547
19875
69832
43800
49933
57382
1415
32472
39254
7660
4242
35782
40013
8073
24163
821
1528
71852
80894
58311
80337
36927
10244
64250
42326
68661
31187
89138
88151
26835
18436
64165
40278
56539
53345
12016
88480
63115
61617
79498
6206
85440
57680
16369
60272
77742
63479
41387
15618
37944
19880
16353
20865
83368
51284
8674
36636
38963
80106
66039
86720
25108
23180
77340
61995
71765
52798
17127
46515
21446
17224
79999
46126
60404
22867
17187
59658
41805
86053
12510
41605
73578
27642
80112
71128
81886
73430
89981
37137
41777
15859
65731
88043
78371
35951
65965
56398
83521
58950
14177
60851
34176
72149
34026
1363
70567
48455
48199
37366
83483
48031
43869
74737
21267
6651
2338
79535
75542
14662
14212
56076
30856
81860
16258
59401
71805
17052
223
88508
21359
86232
37280
83314
52663
20168
25397
13278
10499
66488
32926
28987
27516
21358
65125
12302
43262
85490
447
50031
58208
48611
53663
40138
61194
81002
2644
74476
58887
33321
86068
1044
87938
3002
39557
37297
16964
16622
68337
2730
86492
79522
5448
69760
50830
16936
2358
6152
59999
40626
33527
13174
9090
77919
30772
86700
13493
17785
83006
44817
43044
5452
21185
81176
50944
88494
65947
38553
58425
76379
72040
64344
57452
57500
52771
47554
16715
84350
79386
9856
45608
32425
78191
2087
22916
76157
83188
77937
70874
79963
54600
85131
51283
16213
1513
57214
74918
35417
71760
31246
70335
23742
82652
7499
3785
82781
26899
10313
48643
47477
34179
42614
33955
65288
12053
61905
50778
88935
50185
60950
62892
62217
59604
56766
44340
73574
8002
43040
40868
86133
21762
89444
10069
49597
47902
11408
89911
48303
35160
60002
79125
54333
31584
4974
45196
73953
7748
45361
59402
55569
55951
9720
37053
6219
81056
10899
48131
61403
49449
51059
69065
3307
81243
41030
17713
26263
57586
53534
57211
51436
1210
56905
651
79917
15948
41688
72629
39969
19404
28043
58078
21334
89966
75050
39523
7294
23536
54200
1890
83272
41403
52955
89758
88906
72317
24304
59500
63242
86547
84691
24374
84598
16341
21134
11000
67955
63626
84219
23324
45969
11283
21734
66722
44856
20458
19864
46024
51797
32810
87117
10867
89244
86556
83570
9470
66942
36447
24741
72255
6636
31799
33269
52197
23178
29144
32812
53836
6960
31726
38462
83135
65811
33795
61313
22277
54099
39625
66187
78296
85090
88079
7782
63800
70949
29416
47021
29401
42430
89119
21796
66426
66483
89297
27166
75219
73795
24253
42915
62091
62592
81930
50297
89123
9165
24240
40514
16886
58165
88036
64959
25983
33314
74059
14977
31275
30820
80076
74015
68269
72282
241
45933
61904
25990
63628
62451
27738
62488
69038
15325
48043
40601
66247
59690
9907
2014
21207
4431
31256
59552
49337
59952
13089
33380
28400
20774
87456
27073
70450
75633
86904
54685
81212
87328
42829
1274
69480
13645
26488
67763
77913
87326
77296
57085
735
25088
41162
88888
47432
72851
25449
71166
80620
71519
16231
12455
21539
54757
67457
21008
61854
22830
42897
65065
69262
45731
44226
50104
83243
22547
77495
16235
76487
84295
63456
30541
32643
67599
63093
107
88175
51587
82926
8046
89880
17571
51623
50945
66241
52528
50187
81806
84535
52412
77441
62904
64759
67158
31279
16951
18373
25706
27528
80646
40451
15628
60016
39613
11030
27921
62727
17834
76031
7265
50590
3470
82618
2062
59748
88143
14229
14129
9382
17660
69948
5782
84695
45528
29524
57636
43983
27395
69342
36390
4026
66031
21365
7587
4157
59247
67306
48016
29427
77204
70575
44632
63561
4016
61713
2950
27733
39116
76066
77597
69934
75643
80501
43998
65885
25883
26295
35133
34525
27694
47782
74299
14727
4468
41000
45335
8608
9730
28242
65440
44443
41035
28748
76082
8087
13713
15249
64915
74454
44852
8937
31713
31124
30645
57460
71858
44351
16671
74919
853
21048
24409
60549
26874
41089
53882
45281
3007
59101
77101
41538
25886
46003
39328
10207
29477
58647
78723
49606
28503
13224
79882
59508
89735
55451
82687
43232
82623
59983
52616
75900
78016
62341
60588
87564
2942
13003
40264
73055
78867
2219
23342
71662
30725
55761
78629
14634
47961
14833
54930
78031
89434
67892
12522
77931
78769
50471
51961
46169
59470
65545
89903
54723
83408
22446
68752
32918
11774
47081
70092
64091
19196
89455
80469
57513
36164
73664
19938
34326
80206
21665
16055
16525
25896
65248
38222
86543
74776
14130
28925
43666
42442
61027
78113
9127
41076
87142
38573
31727
48985
68821
58716
56206
62010
2449
73299
58787
836
45095
88531
17050
9649
2725
39547
19165
4030
61133
83106
39173
80725
71183
51628
24876
50318
83879
65515
25131
82702
83334
7140
82182
59991
83440
40429
77911
87102
61954
76868
13594
41600
30418
1612
56033
73921
86948
38391
7486
32729
49515
36637
23662
29259
27079
24480
57414
87890
63060
3890
38755
41696
6209
63447
59738
82773
57745
30167
45221
2209
66469
23709
7621
76543
55440
75170
48494
52587
51697
41678
8949
34025
88561
12323
587
41140
12721
57978
70775
44377
61828
87877
23225
47476
2461
13155
26586
68921
55109
55765
11300
65273
80490
56403
2115
40060
64825
55214
26871
73954
86695
62695
14773
19592
58321
40250
65377
22393
43561
751
17563
63160
26063
26687
86647
59889
68644
53615
31116
64783
18502
87207
79842
29026
43550
86106
60056
66783
76391
4968
43367
89723
34783
51563
20665
87492
10348
1355
70980
68484
81316
15037
45399
81500
71407
72966
3879
51041
44191
38673
36804
748
85921
40804
47300
11515
17781
17943
61903
79971
50233
84269
33272
16688
19846
22557
81391
80974
31574
10888
69078
34411
7267
62068
12297
37200
29556
39045
7375
31873
1278
51644
74764
1733
8262
20835
73439
3315
79913
11333
41069
86127
16006
86201
59187
50266
22516
33939
85031
83748
43823
34688
89354
78402
63182
66687
16672
68043
20312
56598
11096
30384
44371
76669
9434
41795
21924
82206
86036
21557
34032
13686
57173
66329
35495
46357
56245
15912
39198
73635
7251
4626
17558
12834
72988
1140
40240
59544
2020
74401
34399
61203
65910
45148
11346
62566
31047
7177
51639
31193
85197
56098
23604
58071
8948
63897
31161
2762
9213
65164
36915
8269
47925
69247
57523
1016
55058
30986
2333
14640
22537
56396
85981
56883
53873
5128
63886
39670
88547
76132
22711
77380
87292
9467
80245
77995
15265
33994
53726
89489
31898
54537
77364
20494
46449
72483
78467
89406
42823
6979
33355
34748
54606
34597
52400
50474
29945
62614
63730
75837
65530
68328
50396
41754
82547
68140
63144
85989
3568
35802
77902
24391
20541
11299
83708
62900
50379
18174
464
23138
84247
73291
34931
39673
16732
31150
58953
3962
83433
74550
33674
9057
55125
77855
10054
1895
36391
43536
12047
70865
35281
11373
2339
74940
67561
55076
2606
16668
44724
56417
64560
9561
61735
64528
52299
63533
6687
83213
77253
27847
71937
74627
83514
41195
44289
36366
38388
36253
9374
59100
25038
72205
69805
70650
28944
9225
16657
74081
14624
28816
6752
27136
5819
82617
85287
43386
54072
77057
89305
58104
3052
72287
17492
88367
27404
47795
27104
43147
60341
76364
84309
45514
35842
13560
38743
33106
28507
54011
74179
6107
43078
81686
25873
44429
71533
66645
82698
52898
71209
25565
68416
77225
18037
35094
61092
77416
46899
9602
88860
88922
39240
24664
13431
72406
24033
56597
82418
1900
15835
62647
8455
66735
49875
81542
3219
38749
63618
62663
22297
32590
60944
71065
45447
9553
89591
59157
16950
5847
19960
23402
66106
10579
41479
44010
17954
51266
40098
67816
42705
41947
33936
25147
17474
29066
57918
30904
22884
23409
28857
45822
12948
54188
38890
41341
86115
11453
79421
6302
62596
30727
68020
24206
26639
54075
6584
11800
17296
44694
65002
26474
89035
56272
49630
5792
59271
33559
60592
39885
29880
53007
86005
11765
70627
52277
84283
44211
65060
82411
49050
67570
778
482
87377
63036
65613
62534
26452
12509
46875
35016
35058
77518
63904
10251
61130
75346
23188
11478
77618
14828
68645
12024
75976
69512
33038
62399
70011
62277
31374
28521
40245
10871
60098
21728
11691
59833
86074
78934
41238
75616
33570
13263
34290
79815
19002
60719
33442
74577
31293
40986
89866
14312
68994
61447
25109
68521
57815
53249
55546
17
86872
73628
4502
2534
51701
12498
86829
7574
51554
65076
85557
39453
56868
33435
43742
63197
2224
15320
45880
19831
57810
40637
35362
9298
70388
16626
83142
31076
51178
48881
33305
26310
21238
22240
60590
56030
14033
58159
25844
36929
13185
41256
4291
87514
61986
22290
69474
21842
1064
79075
61152
66
26491
48006
38319
18456
89265
86067
24992
64620
48140
46332
25304
28183
35477
58891
58347
26458
35623
65976
41289
26547
34312
22346
89233
89336
37103
63091
47684
14947
49684
17942
6102
88925
24004
4046
73232
39825
22731
25075
3610
46816
4986
22757
83958
25359
64681
87531
74243
47819
61045
82591
80645
47817
31177
28830
10052
6175
74828
73691
84562
45560
89618
23360
78558
1013
64298
65569
40830
28617
63952
37334
40232
47953
36167
88103
49789
8359
17444
42265
40509
13547
38549
24810
57760
15847
72904
65654
28374
83850
36416
69221
26714
20569
79573
46005
88867
79258
391
4574
49676
68811
88149
54497
19847
12241
67233
35737
81281
1625
46095
62701
34330
34705
6372
21563
59289
51399
79216
8828
80215
35326
65852
32490
63754
79215
72942
55791
5692
52631
61587
53883
3980
47356
6899
88372
20965
34049
29560
2986
83801
66554
16229
71034
56063
47142
53420
72639
66250
57430
89877
73955
50358
65571
67873
19860
85337
40074
41278
81677
36400
75376
32376
28851
31406
76374
12579
13868
54370
59034
89039
66270
80385
75283
27903
89457
79205
58195
87992
71814
65249
137
9803
68121
50324
30299
54391
43812
82113
27970
82011
45065
54147
51994
20471
8635
7394
82847
76450
58633
14021
18685
78854
70690
11316
44176
86181
18825
72824
52978
41911
8291
85601
86254
73270
29595
80164
81263
17308
21129
13218
53965
46930
38152
59422
14660
41574
64398
8454
4295
41685
15653
45857
41886
85176
67584
25600
68424
65404
80045
17280
73547
77258
54913
947
45544
31421
28711
78433
21725
61518
52619
75168
83747
10133
50788
1235
16996
43005
46699
65532
84154
28243
80290
5370
63007
18578
26043
88989
36956
37119
48329
47837
44725
3943
35643
3692
76185
86623
51375
29174
53795
34520
27280
87993
36412
53158
75765
40268
3860
72908
50069
71336
65160
35294
86282
36231
78563
35456
9662
14556
37423
55741
57625
41331
54037
61087
78554
37263
44983
85861
82300
12285
54307
19236
78792
2467
63748
86344
12376
72199
43043
77989
20926
41939
64372
84156
8756
28053
68990
8428
27317
39984
62521
23369
60925
56447
72055
45754
69606
8702
79786
87956
5317
89411
84589
31103
16768
61385
17386
20847
15259
35521
1999
89941
86802
29291
14519
7276
17338
45224
84357
69766
86649
28274
51157
73755
30423
57179
31270
69154
25760
17706
73681
48547
49081
49624
56304
24319
63351
66021
45509
26078
36789
3423
47815
28698
22269
69516
4983
43129
78250
17252
1187
886
63366
17341
71100
48977
65862
73271
74105
81735
17212
62197
3415
6310
55978
74276
4645
42399
66285
14415
56864
12610
69202
26283
65107
41523
61308
44146
15451
84838
11183
77055
48633
38482
47637
87729
69876
78869
80451
59944
10006
87820
265
80895
14313
35376
72852
75046
80071
16723
70372
14780
82803
26966
25976
1825
27691
57263
75606
2823
82935
53786
49785
30225
28172
74187
1843
49039
80042
71673
75080
12903
76551
71735
44803
9196
27221
71823
1262
64213
49020
5612
22275
4072
34539
42293
69959
453
56062
64098
40682
19544
57638
47500
21251
24707
29061
4854
48745
79759
35109
42852
65537
70716
49126
24708
27412
81624
35460
59363
21449
39069
49801
210
24439
12872
78297
49067
2320
3864
88778
17163
63037
73490
3346
65059
1477
69433
57157
37695
36781
45450
9129
23708
80282
5871
38265
8368
11113
57032
27174
13009
35936
42167
56862
65293
61035
79218
37067
8819
84082
62472
74770
53902
58038
1954
31223
34685
30829
76141
16326
21960
69892
14365
64591
68725
10031
61960
35663
56770
10338
26164
41434
88476
6267
64547
48975
21536
81948
86957
54662
27381
82494
18267
32314
57644
86123
29692
81333
23077
43611
22374
9930
40193
57416
57565
57208
65090
52880
58568
42523
39712
37686
70615
50727
88927
82714
36207
18845
33564
20913
79902
49636
52838
1418
81259
63731
68395
31131
27965
52664
58035
52723
20622
28174
7517
9754
82838
42821
17632
47730
9026
24002
32999
43737
73169
48273
68162
74099
17886
82287
87185
45613
34733
6768
43993
12531
1139
79699
5640
5465
87183
73968
51350
88170
1490
29436
18852
42661
55213
45877
46450
79343
82897
14747
59165
36491
47570
68384
29312
76931
66368
84915
58210
26282
49115
40747
61888
28552
39716
56180
47354
35727
71042
19500
27400
50670
51981
65051
8987
3990
75589
34467
67668
9104
33545
75150
51167
14802
75979
54133
17313
56370
42309
84042
8895
34003
61694
45097
87616
3180
71031
71274
89108
42817
45476
20666
38113
39963
52687
57405
23960
35338
6610
56189
57248
37135
58542
7063
75347
51303
34263
6489
8627
66309
85195
49328
77694
79875
2938
44910
66549
69571
31657
73815
37669
82010
8486
76143
14857
16527
68241
5260
64950
71390
64581
60052
77540
58327
38593
22978
47009
70868
37188
72785
29641
14121
72290
56093
68481
3499
54756
40001
67055
19426
28528
7937
5822
10341
42403
75680
36640
89716
13918
34181
37241
78490
9404
15234
43908
8079
60526
88901
79866
52381
47038
19619
72259
72092
79206
79398
51219
62919
47056
54672
42202
85317
6354
29562
89740
18306
13289
18214
76046
80677
51889
31809
71217
33830
88741
25363
27582
36944
86184
72462
77443
27155
62220
85732
41101
47555
34215
30394
77085
60186
40789
46933
32495
37394
89686
55554
59499
14443
49299
52420
56498
86750
7346
48666
58080
78392
27409
75418
48742
52911
29102
88747
18933
8407
87257
55670
44640
50265
14525
70382
44017
64909
82049
3314
67329
27807
69964
45887
59354
65426
7790
52933
15969
31277
87794
49117
55107
88249
21460
5634
84602
85784
81873
85283
15660
46280
29132
73754
22278
18516
38239
25437
70479
64243
19189
77969
28679
16976
88535
19931
72098
43334
79251
74917
36759
678
39641
77535
55913
30790
86758
11044
33379
5585
56869
31439
54168
48033
46876
66379
62223
65745
81812
63873
22952
15929
53320
82576
80181
33368
47381
9141
43920
40556
51586
16934
43233
66795
64424
16329
77706
72596
20970
29376
79379
74352
87086
68980
52196
52909
4999
23249
33961
28802
21152
2943
61907
59147
82697
44320
80955
41639
83757
10819
39019
35590
12904
21748
28563
61988
14699
31350
88961
62018
73510
63578
52164
30118
32115
49073
67299
36726
10682
14985
69253
37022
86071
22181
33525
49540
40956
83474
20853
72217
21491
26346
58498
41156
28148
6591
64201
86704
32962
12567
81751
20721
49146
31080
73489
6623
51348
40671
47165
20000
26278
16380
65941
87045
15740
73500
33734
53535
82798
58173
83246
79452
45923
56799
45192
56717
37748
15878
41370
35432
51134
53954
34760
53123
59848
1925
82880
34659
28466
53486
30708
11248
23475
36102
33271
5998
89290
56274
5695
32227
36162
68841
11345
78128
33683
76884
67454
32133
25139
77506
17158
77187
18871
33235
15689
3280
74834
8667
42905
53814
51381
10874
8306
10372
28787
9606
75653
65088
58584
49294
22864
35631
78865
75747
17122
16182
41158
59714
52251
49422
86655
57021
65252
78026
82342
67942
44750
45348
87999
26702
70940
81218
51443
45405
30214
52971
25289
43137
29949
69337
59272
79697
87485
88081
1648
79758
22718
89956
56035
53572
28634
11855
31633
32624
37950
77921
54546
15002
78889
47691
45574
33858
78530
71068
86448
33876
31055
66958
958
12188
82229
62790
57367
41534
60907
26160
44523
81970
78084
8611
54271
13537
32305
22704
32971
64416
47413
57545
26977
47425
6125
44538
52013
46244
78622
9837
31989
40622
81216
83062
89215
61250
30761
9056
54442
37952
54577
21909
24865
10317
50413
82073
13935
53621
17616
30749
66512
84112
80227
56322
72428
20409
52722
51296
47329
8074
15486
69091
11085
21887
85935
81652
60334
30308
79123
7657
65192
21582
54883
5365
17017
79849
19211
21338
44602
42172
35343
67646
3670
5594
43310
12042
1000
75994
41808
66177
3427
27456
73701
27558
76030
45926
21047
64632
88556
15409
35076
47870
55474
73609
44253
53939
61271
89516
87182
72837
30168
76919
63703
56547
64092
71661
66096
75393
33645
3129
75363
8131
39513
23011
75071
31971
30892
65541
63139
39968
87472
38892
44181
3064
21213
50503
53385
29220
12807
15729
18025
42215
8015
36982
51138
48964
21722
86384
42301
77898
4191
4334
19739
27527
14488
8033
68187
47852
69848
70604
18548
18672
39340
72073
18650
58684
1252
29651
6864
48793
1237
19100
74365
51578
16784
63313
75647
43959
89409
84761
49974
61823
37078
20920
5086
82816
15971
18798
32130
70418
89318
16249
76315
64049
29527
88890
1059
81772
82205
6892
5597
48622
49419
23748
2844
81027
2451
66736
40145
18518
38991
49570
82793
49201
57393
9751
47294
12186
36370
83515
35062
47562
76381
67260
38117
28803
42291
48722
81501
28128
84503
25758
72184
25101
21277
5131
9612
19611
50796
85619
83073
48038
43244
34522
68034
56637
26870
83864
22008
71666
82987
1837
56387
18485
34770
67815
9389
30791
6662
84947
11529
54812
25697
10470
39170
9700
64322
38976
72162
14352
36120
27455
19190
23348
13807
59324
13481
54831
67754
25248
78721
82614
20505
44295
40447
66524
62779
60389
60503
75971
39992
26567
35107
14193
19505
44615
17328
5728
13033
81364
19186
77639
41548
42798
64851
89992
71285
63889
74989
85798
65385
61862
12105
7710
32614
51288
10059
14278
89186
13743
48061
77183
61478
25804
55595
3627
52959
82079
83752
10921
45606
2640
41443
74139
4268
88912
17570
23355
22747
77817
46806
46368
58930
10135
5083
19673
8102
56519
83639
27172
3644
27292
43829
14394
77327
85827
14809
75813
12093
33231
76632
74450
62278
59279
17863
11795
74964
83058
28949
35327
17116
74584
1767
27008
5318
39462
63609
70859
61175
22324
49914
56629
64934
89860
38092
50437
13858
42383
86157
17235
63211
85463
70702
63053
42877
15344
30842
33692
19753
11028
39878
39191
51001
19008
69066
48591
42780
19137
82834
79956
46763
79102
25050
12992
76001
55576
60921
41198
52355
5794
28401
43034
44650
38550
83367
69144
13821
76209
35300
73694
40707
81877
32979
74808
42049
5143
15335
72591
30902
27342
7185
24471
52365
62922
54462
4342
61195
61038
55088
59408
75481
80791
21007
4319
43527
83793
48278
76857
77739
86826
26631
74972
1709
23739
67266
53610
20382
35280
6271
166
88256
48702
37517
77476
84923
69957
82016
57
79353
59050
21652
36436
29039
22502
51646
68971
88486
13111
12143
47929
36329
85722
52621
63398
6779
10849
76274
23966
28994
63258
26439
67956
41169
43356
57425
77648
2827
37325
47926
65299
79078
54513
21815
34265
16635
35758
82778
4182
76207
30017
77559
87976
4605
84941
49903
16456
70345
14146
601
6143
32772
58278
35675
78884
6086
80234
16917
24384
61454
46053
3847
8793
14197
79262
15649
20214
87298
52332
54233
58977
61855
33580
85679
69837
53491
2229
74109
3674
46503
73077
62166
12072
5434
85396
13894
81824
83504
33618
15382
9965
12514
14613
16269
23367
72336
36284
6001
60188
9877
16580
86190
71308
19104
86451
13619
56513
17572
71094
83554
69398
88210
54256
75139
7460
20840
40893
24171
46232
29629
85293
31224
38250
77547
2847
60553
57690
89629
79863
24057
11342
49306
35319
5029
16392
57747
36433
18951
3190
14479
70588
48854
11227
23607
18401
43203
62615
61059
48108
5674
12328
82142
74474
49880
81473
81725
30782
35736
8103
57642
59758
43578
82132
83003
78996
8733
38118
81763
74040
11172
43533
33615
41766
51976
38693
67705
83455
80585
6879
25316
23774
38572
8680
19338
66998
23185
41342
47130
12572
88849
84452
70387
52526
57678
20294
34582
34228
6398
7379
84163
49169
55482
84166
89088
77163
67080
12220
57053
69875
6257
2073
17377
52186
55127
8814
22032
5683
2778
54273
64356
68977
466
48945
47297
89685
47640
81100
28331
22691
21889
53738
48740
21319
12392
45699
51886
3492
53969
85733
87699
41692
33908
75176
51396
45592
18958
85127
21609
82951
45872
7427
49238
10327
65173
67225
1310
76882
32056
43577
70155
16909
71380
21459
43951
9584
69942
24925
88526
51653
35250
44066
51909
23943
22465
80115
67781
33280
20210
73716
12818
32678
26654
62611
71744
86460
61423
58863
12871
65658
67166
70486
84271
26428
52073
83840
9224
44666
7051
4561
14740
43019
18790
21308
2307
5491
62226
66761
58439
39345
62153
14581
88449
57498
5636
44101
20766
20291
82506
25447
34027
39794
9216
82966
23449
25133
7440
89999
43079
8451
1264
41959
7400
2312
89308
9873
33225
50650
31448
79294
23264
14237
89000
85529
64256
67294
8281
57468
63344
88780
70609
22127
74708
57251
5857
5739
55922
40105
35994
41631
40851
78447
22902
70127
10424
72410
80195
23316
30698
69708
41650
27042
66672
37638
74296
53451
1658
6128
55221
53270
62420
48784
11027
69890
42016
64306
64742
88868
52023
52349
42651
14778
5454
62844
2761
52803
38998
62171
24090
1358
11744
43880
29730
33928
66446
86191
24545
89204
70321
12316
35365
64166
55080
83397
46378
44709
73594
82415
9419
58259
75748
18844
68078
57144
15346
25752
71251
53778
1356
76579
25439
22405
11140
78483
79324
76640
42124
42944
89845
31303
37138
41735
12844
1726
25796
35153
38698
44707
42096
60664
2001
75299
3543
71726
70306
28988
36352
38398
73548
56558
1521
70176
1400
86531
87056
60743
9651
70146
37561
1146
32155
88618
87830
27999
77523
89762
14207
74858
6345
5605
63145
45745
68010
9427
2808
78588
60650
13759
67500
35377
35641
8650
33102
53917
50609
16244
50184
9189
53642
68291
36895
31485
56254
12248
9725
31346
82517
75955
76443
69634
1995
58459
56329
19580
8001
14584
29547
59457
57645
29302
68750
70925
6050
48104
10589
27957
66870
85261
46563
25029
44673
60561
8518
25166
74162
35340
88735
11632
45951
74398
63471
86347
71088
87481
53507
10263
51867
16708
66999
68109
25724
717
69322
39476
6477
11942
51565
79568
22732
26745
64
73437
53413
72781
10371
85730
75331
10086
10434
62861
79705
27816
48135
51024
75478
72654
55859
87261
56549
60175
69831
3550
8797
55049
69611
14921
88775
40957
50292
6576
70976
69394
80225
25203
51929
49439
53514
48763
67458
76641
81993
10181
18980
52025
42258
57999
13018
32959
69149
89562
15075
3355
63254
1832
14991
33068
273
79795
879
35589
76075
7484
8593
77992
72181
12927
82852
72115
48091
2686
37563
60858
16378
5788
13041
10310
88694
24855
43361
31094
17342
77261
53460
63881
36710
85294
35263
67903
56651
37150
6442
50317
59048
5462
19598
83573
32491
85064
18662
72926
16018
27113
49106
85106
3823
41656
58816
21649
1434
31738
39489
28658
46459
53709
16286
8509
35012
79828
7808
50303
1742
60989
54787
87714
29835
15803
36269
48052
80395
65993
51724
12910
33328
54288
61121
70698
619
47442
84333
25622
10417
2979
19501
63440
89198
35914
43058
8705
33673
24807
37637
25015
46785
49212
46199
83939
79809
56480
3646
6487
78953
12862
19741
11239
58835
45722
5433
5493
46639
66638
4289
84390
57471
44427
75510
1908
80670
58021
40146
37975
45890
60799
65233
61340
70629
35156
32318
47137
61109
2350
67776
68727
84281
85249
63923
73901
77323
44944
31734
45431
37460
72129
50143
24906
34980
26981
22876
25991
66409
70930
43535
71163
16906
38718
23158
36378
65692
44025
56732
76542
22548
66673
38577
32258
68636
44447
40738
16264
36762
64059
78775
86536
56945
48841
79019
12092
81362
41705
83829
30909
23035
53972
40756
65133
73026
88692
81075
89399
84442
69530
60663
44672
56731
40311
28826
58752
24408
2865
63012
2488
38866
19014
64133
34489
44818
39978
35563
10576
74300
24653
4691
47159
34925
75195
6166
57886
69358
73942
17254
20258
14561
61526
83710
64636
10252
74408
28205
43916
20434
17515
5500
71025
43166
62185
22713
7000
58820
58805
21297
46218
9899
1883
4830
66700
75551
72628
67006
87108
81777
89201
82346
4759
69932
43257
52347
24347
38146
41049
48198
36073
89811
65580
54476
49808
27792
63864
39414
10588
74818
74807
31158
6716
51753
78913
35731
2113
28086
37959
52488
64833
36799
82582
45747
81765
69900
80733
41960
14048
89775
84824
25669
12902
36455
84347
49814
78725
65169
60276
39041
19842
89022
52821
58119
58824
67245
62754
53104
7984
59233
5686
37615
70320
73819
32613
67394
57348
23998
6100
5890
20525
34804
10799
38908
77118
24383
29007
48238
41171
76840
38846
79014
28283
84476
75325
1499
31474
62099
2552
57869
63571
41487
89962
83224
11830
32925
45015
72530
55436
50900
35657
195
43081
72493
66933
53759
80037
88222
9955
40296
73484
56384
27175
66090
72905
73073
85973
85985
26273
88749
88885
67658
8583
30135
82430
4921
80804
14930
47166
46108
86620
1102
10340
4811
62643
43616
88059
86735
73353
54302
24795
64224
18991
32373
18309
28724
69504
80216
88492
82284
62606
65679
31541
39482
51058
87617
50117
70500
38312
16546
81264
69032
71496
62016
48774
73431
81719
42689
87309
87415
75800
64089
44422
82339
70618
50818
86798
83875
1093
71535
27217
73278
5012
81228
85256
58900
35778
37676
22251
33421
25079
78971
82165
53316
16292
19836
7013
46473
82084
24285
58882
86108
14539
39723
55244
83822
28049
71096
25329
37805
36593
2565
57662
79751
20275
75749
2786
76541
53173
81152
65227
10405
24916
84777
87248
24060
38679
77743
43650
29877
85143
7857
37125
21656
25140
82127
71507
29872
42438
61460
67631
77147
57599
27334
48271
44032
44284
43464
54911
36003
25834
81583
3335
16156
56284
48771
56330
24473
38571
25948
41931
66231
47756
24420
63982
60762
58447
78657
79488
2705
10896
3665
44504
53879
63617
11677
31811
33806
59509
46148
66771
58790
4031
57893
62945
43743
74085
73519
44837
37715
25207
17975
30378
14864
1603
71962
40920
60968
41955
30964
10001
60709
29970
31407
20469
53609
52345
26706
88558
3317
85841
52376
19642
51522
42706
34954
46729
29873
86763
1232
58085
72038
21017
61126
4519
13195
20266
77828
26262
20804
71469
5154
78207
26313
6546
89330
25566
8779
11549
17805
50020
45694
72127
80775
18666
66858
35538
84875
23123
59191
3555
15949
14604
67468
9006
67029
34601
83492
29786
81189
46762
75649
25729
42816
4853
73365
51268
71118
51984
10756
8209
70515
19840
83913
41753
71097
82413
45325
80903
34005
45435
2197
20684
29854
88407
15914
6554
44737
281
17184
12661
53884
36133
17968
20289
73666
30579
31203
5057
25251
32985
29004
33695
49720
43030
39542
80230
56763
81945
72920
8421
78029
54836
53548
21227
37661
29924
6130
5817
11658
39172
8617
37287
55020
86475
7255
51825
81155
34477
15467
38320
8588
416
77047
89168
51729
29718
77146
65757
44604
29370
25322
74751
71576
61678
47474
34288
76887
86773
2589
79960
55917
33833
66620
56953
15528
42656
64076
2870
60378
54832
64029
78043
47298
900
28129
57098
63490
49586
43281
38090
73068
25805
2861
15158
58154
85998
19252
6
28489
15765
34348
26568
75628
5341
38241
63246
9942
78349
60536
8546
45757
77322
19914
20993
86376
68714
10733
83025
18868
46215
40819
47573
44035
81377
37391
79293
13901
52543
38697
47736
11753
4660
72360
41038
19495
28508
75210
4144
79501
53823
67586
18882
85890
55019
58003
17022
8938
2069
56857
73724
8821
68869
75960
32806
24481
49970
42434
57132
25996
57753
83121
59629
67251
79750
64387
53085
3234
1609
18238
52181
8159
83542
8333
80747
58450
74843
23575
83605
22208
73856
56003
76184
3023
28887
47092
21644
5221
74553
85504
36364
79686
62378
11710
38836
3249
49905
64124
22687
70791
62765
6933
20954
2965
87803
3406
65386
85335
19856
82023
87875
626
50257
76465
1299
61103
12890
44135
34431
65314
65231
73146
50941
13707
55690
15783
54646
61330
78521
48383
2885
67436
5242
758
59204
71665
26873
88571
37644
76264
34439
5026
73685
62791
65052
32206
85633
3133
52517
53887
11865
60437
18963
45438
40057
82796
7222
86443
74555
56266
68316
2252
8032
83551
86771
75779
74503
43427
31392
37168
58229
17446
60425
41997
25590
81323
66486
69006
15105
11471
45383
50088
22145
55176
74646
49812
34008
13426
12103
12217
11536
37091
22206
62813
35725
40730
7445
47729
72783
64874
80052
70409
45775
30440
12270
83614
51289
64905
61534
57809
30493
2718
19274
89282
54689
59642
42494
63740
33770
33811
62699
19980
78698
54859
1190
9083
40315
39593
23494
537
26002
47876
22788
1720
77072
63110
358
33572
13028
74622
5825
68456
64608
72289
68129
84162
82658
4969
15477
32929
70078
73345
28280
62923
33816
44401
81291
19007
60387
35035
67970
83696
51844
28663
12703
46479
52259
86658
30035
19780
9824
8416
16611
21646
80144
21228
55533
57397
8494
65345
59515
9870
22708
69256
39238
80938
83624
31620
38029
82367
42637
4869
19882
64198
81840
50664
68013
53407
2765
65199
58627
14979
75839
73551
39836
30181
17704
18293
56644
12397
42283
83785
4380
33862
17366
65528
80247
42957
84678
45101
46480
21327
10196
76714
63217
12596
81240
58453
62585
30234
48684
77869
27977
34253
85683
73209
36572
69880
25830
83537
61106
36783
68434
17177
27876
20817
26507
54254
59707
54873
50744
11555
64877
38771
29113
60713
62889
85603
1419
89499
6063
82244
88118
54031
44793
54715
3945
79955
25864
25890
10905
86592
38785
61058
35008
39021
57147
32670
54096
48464
40538
48120
51209
52748
67515
7799
64689
80224
4300
58362
55751
82234
73607
42415
84548
76027
70133
42461
77447
14356
32696
89358
18088
24496
87628
46630
9466
78231
29069
11962
24273
71283
18689
72750
4338
39027
51054
74823
88597
26221
51314
4860
36676
44767
83999
20778
44591
59550
74675
31732
68094
65962
454
60480
28950
74182
85433
15849
68002
53219
3047
72283
8330
79463
67482
9210
40294
15327
83007
89310
74536
47456
23699
9247
35445
17755
85237
83663
47790
31519
29025
28749
55828
25944
29736
71259
4943
65923
84203
10259
42916
4911
44529
61706
19157
38271
23363
68055
51099
17927
22379
81272
73655
75118
84704
60701
82032
39628
74541
48250
8585
19694
88410
18487
20313
42445
88638
63510
31274
44089
83022
87158
21556
73233
8290
45146
60113
48780
15468
84185
31330
72449
64341
5335
87149
14178
32769
37747
43606
82150
44180
92
89514
5632
82414
21286
67223
34319
34118
33603
76295
10652
34726
26510
52371
89838
52380
81082
40436
9832
77266
60247
24534
34889
75721
20994
80371
77309
39377
6893
79671
80324
52891
10432
15758
70553
73698
81091
24565
33924
56107
14892
50848
7687
74581
77254
17071
86325
7178
10835
4966
74753
51454
46298
88000
86520
19055
51847
72358
61479
63773
39850
79558
48916
52200
63706
76133
19709
57099
85567
66764
85638
73479
48400
12914
11922
81293
53358
25279
56438
85183
39830
25576
87110
36201
55519
44936
45050
70557
8762
77568
73322
30595
5854
53159
49523
12365
51868
65312
27808
9498
86846
38521
72712
38026
77292
89522
74039
75174
76901
56338
61657
67160
83454
38659
27393
30127
70288
15376
7785
43589
6441
72706
2174
72405
7174
83290
11530
33920
52421
71266
68734
46382
2696
34868
2027
70595
14884
8890
33031
7234
4627
36202
33856
57748
2321
32134
73771
36661
63680
30339
31753
29223
25736
16234
13091
78908
68831
59318
12822
77929
51487
10352
42947
63997
60578
12619
28976
69877
2843
36343
36873
990
86004
54691
43481
34395
84221
89784
30104
48134
33004
421
75598
31822
45948
24546
21998
985
58127
8289
59365
20593
27815
85639
19710
86278
45500
19283
54800
57238
4616
45204
31786
44169
86775
9577
9296
75583
61
38787
33621
34243
43698
61913
85219
6021
69010
39076
31961
31005
469
60625
63084
52303
30307
49080
34703
36901
78924
28147
26130
43485
74391
62051
64199
84140
75314
39906
27336
36489
77777
52790
8857
25368
30861
18870
79576
10390
37466
17582
81394
65361
18078
50386
66320
43546
28948
20582
7549
59863
3004
32084
89403
42513
71516
24993
18930
83746
68748
3265
72215
39017
9915
76245
66875
1285
85484
52876
71216
44261
75623
41976
40099
1884
80244
16825
80167
37157
42565
56053
51008
29697
57962
30022
22908
2101
31143
40259
16143
40640
89946
68594
60939
34110
85125
41531
87634
31556
88704
45028
86269
23172
26785
44670
14671
15306
66385
34843
48523
12889
28177
82420
77442
53896
27060
14074
57355
40761
61477
55126
59941
76468
4140
32519
58097
39732
55528
53189
61815
77985
89527
26349
37081
53785
45304
25023
38188
14823
67615
24334
10533
74200
468
28337
12179
74782
88271
457
41264
62133
45367
10837
20460
41115
89864
80542
63076
7345
67600
81077
22792
26150
31243
76173
16444
36420
75088
6567
19116
29630
51466
55609
72588
74287
87878
69566
10628
61653
11968
59974
34936
24087
66943
89944
11972
50629
12450
56118
47221
15840
24485
81797
70814
81274
78068
68599
24298
20487
20203
4201
23934
75579
78442
67749
79961
8590
12272
3184
68544
59129
14544
28841
48382
85828
88460
89800
12061
53241
30320
30187
44540
85566
9395
29371
32535
12592
43853
51438
49032
2283
79693
50374
14888
33566
4245
54867
16063
40280
27224
57945
46775
55184
82224
27674
4746
75509
17676
12513
75798
47262
70652
73734
25515
38781
33693
84893
46669
71860
19995
15310
80310
70046
71325
78435
38742
66051
5189
45709
48190
59558
84596
44047
52439
9641
31610
87973
51365
84095
330
65557
10450
53339
10854
63251
52484
52154
25085
53261
19191
45643
54287
84181
24757
23634
848
54275
86377
56725
16625
1486
23903
19402
72404
64554
25510
51680
50093
16323
7299
15180
16577
10616
79505
83932
12707
47522
84486
68093
86819
9264
50729
67472
39839
58137
17266
24320
81969
15271
88213
63988
2787
60546
19206
51188
22349
1088
70118
23834
28194
89024
50714
22938
37896
50232
23592
38789
57949
72096
55898
60232
55209
1051
50086
84459
60808
46570
86888
69710
68223
27570
76204
70452
70613
3349
13305
35117
54725
56800
49055
65542
12967
39432
31923
2929
24418
67045
73540
38669
80421
45263
30395
29958
4181
85671
82996
60078
6093
21273
3278
69954
76530
59914
73044
41892
52153
17950
56853
63271
84060
9154
54278
8453
89338
54531
29263
47155
38790
47187
3566
21930
14936
5403
48045
55543
37467
15078
83148
82761
4335
6460
51460
7619
86907
56545
19781
5641
20285
8465
27912
79621
19627
35178
41333
34372
51852
62439
55924
85382
9203
69141
66899
4838
68902
33917
56690
2769
8327
87419
51803
61358
20598
41608
71350
5367
10831
38344
77584
87856
85846
65771
60933
26499
66144
50167
37315
57984
25115
19194
27152
33800
71906
69966
75720
57167
76554
24950
8569
37104
41190
1702
56601
27953
84215
16907
78328
85307
28934
25241
84431
11784
19907
81578
54120
89106
66171
26776
64625
55521
37160
88856
6120
9448
66535
57884
27498
77285
55827
85597
65476
32748
80259
83641
78055
71536
64725
53384
39117
72003
13668
7883
41324
44132
65685
28362
63663
41751
47862
51431
83962
49692
76121
68169
75067
59522
77942
39744
48244
79572
35960
75803
72311
5336
58980
56405
65181
27546
64617
84285
42612
41623
51486
20821
31655
66265
82575
29170
78604
49349
64258
2319
67174
44425
26962
21864
63338
3318
17065
15876
4058
26929
72840
28226
65927
3090
37901
6590
82608
73023
75085
20439
51044
26250
83181
53796
32380
86348
78667
8709
30128
84098
22453
69122
79291
74699
20714
20082
59932
22910
43680
49061
32377
40962
54125
80288
10745
56985
48258
45333
44361
30581
31785
50561
83970
28048
24714
24462
80218
7766
81273
11254
16373
53186
79289
77605
19971
48076
30172
54745
28216
77623
5722
23336
8334
9392
38979
10479
89852
17387
15894
3784
76051
42318
74888
7198
26579
63237
84556
67471
24951
47531
55592
82531
56926
80355
71620
59418
59164
65524
15206
62054
74174
23876
56980
64695
48505
55792
26256
10419
24701
55487
6617
55671
25936
292
39415
52524
73964
86625
74409
54614
84413
9902
71558
14014
75821
31950
83082
20980
45784
19369
52670
11656
82147
34573
60020
74793
534
37571
44020
9364
29046
80799
82820
40396
44406
30190
47749
76112
88263
45896
80500
46764
79388
38612
78576
56218
72104
26755
22310
83776
56376
1893
26132
34971
80971
53434
3998
46991
46293
25138
4015
76909
69147
69756
52878
73346
10320
88944
23274
81407
23375
64762
13924
63863
26971
44930
16924
63903
6871
53285
48088
47357
2422
17551
84460
59056
46895
28071
66508
49583
36036
966
77738
39349
45808
34286
56183
9671
59659
62528
12943
26804
89786
21899
26583
20910
40181
18586
18469
22594
83743
58915
55587
64699
76747
30834
75491
70215
39051
8829
13232
48441
23846
51172
53324
88536
75364
69369
86156
38534
1634
27116
39609
10811
31917
34687
62079
89238
7733
77930
1660
50704
36776
65351
3744
52219
36005
13423
67237
11853
81476
69397
83270
58876
34487
50567
80557
73773
31842
73680
77516
43141
63321
57983
23070
32848
198
66201
32731
37829
40638
80924
33912
75255
41826
84794
28770
14522
81505
88881
50845
21320
32673
88096
14044
20797
35947
17196
59871
89850
70013
12112
60280
63885
41803
46962
84642
84945
82024
63920
39280
82632
44263
18349
67501
37411
67756
87567
61576
4116
29583
31084
32877
78416
54087
67183
38283
22253
89207
7330
35208
40045
71794
69408
61467
27204
70026
4513
35069
84865
10563
88678
62417
57851
53501
2515
28000
47471
31460
51837
1032
40897
27078
80779
9642
22816
85462
85915
60729
38724
70194
61590
71359
59945
61626
84564
75518
86810
22485
77135
64692
58033
86751
69537
9980
53318
6655
32581
49717
39737
71548
13480
18942
22187
58248
70786
41994
41880
33573
75790
44766
46797
77402
61036
81987
76365
21599
44097
17860
20297
30311
4256
63606
77691
10719
35483
63486
76787
1439
53913
55652
1465
27626
53705
22461
38885
43894
44664
71015
46683
73696
82379
57588
28880
76212
86101
12158
17793
1858
43838
42993
47396
55669
70349
25929
50668
79367
32776
57819
17192
15804
69887
31019
30136
44127
54245
12315
13848
78253
65482
79121
75032
76079
23168
3654
37716
80357
47695
56812
82601
75263
28647
13051
85052
47798
65402
75356
34872
70326
79088
26506
88334
77699
49691
43696
49423
72411
63670
75823
76834
49012
59380
84
34922
20869
72835
50580
88063
41408
22989
81689
47826
32340
25700
44407
87269
70506
14232
46322
35026
14749
75615
7477
7624
65914
9362
24417
60355
15487
24660
27722
32958
41202
81920
5622
63208
61817
33793
86055
28726
8222
1780
60801
73309
24424
36200
71045
46574
59349
85949
12896
40630
21933
12155
75552
89082
15095
32896
12424
49155
83192
5043
59887
51357
63861
43377
75182
47842
29526
68659
84688
63224
41154
69787
49137
59794
77198
32759
10661
49009
59721
81654
18588
23238
50011
85713
2447
37284
45685
15235
81539
9604
77933
59017
18665
28963
76775
12269
27789
66383
43986
43744
41351
82396
42060
23914
28009
17329
50638
41193
23901
29609
13322
75922
62947
29567
54841
57289
35389
4308
84661
55428
25788
59765
27318
33330
69949
5638
4411
17624
46326
21717
29404
27657
17080
64104
85845
88274
86915
58913
51229
70679
4914
66560
56374
43644
37574
59182
44586
25915
4123
79334
21098
33778
33085
44942
34221
2112
49451
85993
21657
14257
21186
8790
70867
40290
19818
53749
34327
58015
45421
6493
23579
23151
45038
61884
40226
37586
2872
45555
58393
18420
38620
27500
80599
41616
25718
66692
10583
48005
10676
88075
68833
43015
80688
70667
85048
11240
14493
8952
42927
7761
88567
46544
23406
38102
86929
87642
8624
5681
1958
6127
69958
54604
16559
23133
46469
25001
23051
15173
5952
24924
49655
65689
32871
6734
47308
25664
32379
19612
88357
54788
15492
66134
85812
34491
69666
9422
51148
9117
38097
16489
32799
62557
40691
66376
45522
17390
17094
715
75336
21385
49667
65009
15515
77428
17276
37885
78360
66481
19921
62562
72167
51291
55356
8812
38793
79657
26694
30874
72176
15429
53209
64974
74943
17639
39739
58803
29801
27764
44136
53168
84939
5482
55003
31818
50572
68173
68938
77804
60955
568
40595
15107
50338
7562
45575
51030
76086
79305
85164
27377
70051
48425
69464
39186
13725
29413
11791
37317
35449
25774
53416
82124
71749
55733
11881
29268
17133
87658
18486
61318
55313
5061
13533
66794
80221
45419
83918
11047
68612
4804
57883
53161
26129
47330
14620
74870
65831
55698
27629
31536
6479
44628
86841
52367
86333
68289
16090
79997
75604
31141
87191
7729
5460
22426
84380
58247
25645
28011
62023
87319
23560
43423
57788
47549
55420
69164
66949
9656
59145
45928
5059
17568
68587
36339
87568
36286
46389
48979
25167
49210
37953
10255
82931
38530
46601
40977
6874
34630
37058
63949
57842
134
35603
1484
16294
21383
79752
45881
36670
21521
49512
43319
12574
8607
1531
69354
62848
15201
74374
28407
65499
38536
42231
87711
35099
84246
39619
57106
77819
51900
7804
52124
58564
20977
68677
25806
11046
15493
1172
6527
43193
33600
46711
31860
15864
77232
13354
43288
37883
63243
77745
83069
67521
26882
62198
11041
19888
13740
8124
90002
87050
17623
8752
6598
45123
48658
81801
66296
60197
39843
69908
40758
18283
86400
7135
75021
25484
41315
35720
37185
61482
64916
52481
25845
31189
29902
72163
33753
80278
13460
45589
27022
43167
17782
23947
71187
12544
9707
65891
84109
58189
14666
50068
10856
63869
79929
22427
32192
37650
16147
22866
35212
38854
64088
38056
84268
32032
46725
49269
64308
54257
70352
9995
5573
14854
64389
17295
43802
57170
69140
7520
19667
30170
87503
35462
56483
30496
7259
53369
12172
76040
55839
89472
86185
55351
42011
32993
59284
28153
67540
48322
35061
17078
49435
30681
40985
80477
56585
14377
79735
85093
32837
83308
37831
45262
72309
32181
25657
70918
37077
56713
18038
40788
81068
50415
55703
16792
1010
80538
84179
55992
34350
43563
43200
77656
74578
34384
75580
76453
72939
58214
42649
21195
74457
14980
10630
35528
54544
2378
2628
46728
34409
65237
33921
88147
75709
60892
11293
6056
86806
40480
79683
3799
69843
19151
87433
52428
27355
17265
7801
14663
29759
68601
68583
45913
52542
27868
37693
29578
31470
42030
23066
89807
80270
86936
5051
23118
5666
23308
74469
72756
46613
14868
34730
32199
74175
10156
62232
15728
28373
25224
55806
5546
52788
5727
21612
58632
10876
13972
67613
44292
36992
8194
52009
78381
33424
37014
1483
34419
20645
89648
14233
32039
58996
7297
60137
27002
72494
7004
61898
33957
78787
63388
27678
34037
12530
9565
75200
75865
15659
21692
54508
3445
56860
25602
43120
12745
29336
89161
47844
18029
24733
42863
65244
29233
21789
39959
31458
81965
33491
43824
69750
88609
369
45853
47629
38244
17882
4065
35807
88212
21754
70417
33669
67021
45253
56412
51047
4033
15065
8337
3065
50173
63971
3373
82328
1518
85083
54167
79465
82280
80783
25328
8016
78575
79755
24195
28152
22806
70476
84746
5165
40234
74269
74209
50970
85299
46138
34826
38485
32103
45031
12360
86162
14987
12776
15711
37127
40104
55544
53728
33259
50984
39720
13991
10345
14744
23232
43764
43331
64345
80329
55183
13340
7138
12146
20192
54210
18163
49091
53382
29889
58397
70963
52750
43684
78605
62886
71690
38527
74690
39598
85832
85163
19111
15046
27319
10358
24150
8092
11892
59451
27890
32556
20186
58850
25892
46686
8786
52994
77488
53930
57072
78015
51957
74161
14260
48956
84858
84934
35932
34466
58963
81371
89854
7419
80513
48641
55908
7296
56285
73019
35787
88679
1703
49548
22057
6005
16241
72330
52338
71868
1755
45446
1558
64136
59919
60580
84656
45466
3538
20592
18796
46178
35301
8543
22980
78445
13862
56507
24402
69508
10474
75687
1651
35306
77625
646
53805
33524
54505
72646
10284
58994
40617
63082
4925
40572
1588
45788
30891
2940
13791
10109
61513
85854
73408
15395
18081
43679
64657
41023
22546
47036
70032
25330
14236
41394
85263
13902
27521
4151
44480
74394
8864
66407
14491
25202
38701
1743
9939
57986
27838
50094
40561
3865
40662
72276
69845
85437
56104
38085
28524
80423
78738
8018
87757
22052
7892
58184
44050
31416
31828
54246
47746
40536
40273
3974
60347
13259
16716
29387
34091
87376
39176
4190
9215
17675
36250
78124
33144
69021
87850
52242
22422
88659
11945
23798
73711
30736
71050
64822
54688
29787
13548
13058
10214
73203
72656
5669
42605
38525
8572
6600
76772
84533
24397
52356
86319
4110
24194
596
55024
7887
3067
43773
30025
52343
80931
40147
28328
53791
36534
23215
4378
43785
31364
3702
61620
70250
38871
44392
46216
59459
28031
9220
8166
56160
10724
33591
69009
66447
38123
20878
50760
10476
18756
55575
66400
14089
18101
82670
44582
3999
50102
74899
76519
29076
11350
47921
49777
39043
14575
18417
67993
23871
66600
28484
47540
61294
28051
34329
28350
26794
62204
19208
7235
8653
45017
60423
50814
50914
62568
14534
20129
43758
38779
10844
32446
8984
9983
61582
9002
48820
76516
38161
64784
70598
44848
8659
52583
88225
51342
72369
29222
14965
31313
59333
2880
89626
69918
46418
80707
22435
62802
77858
3559
25267
83705
10081
71193
11934
69470
69216
6174
41104
39156
25586
64754
66830
77267
46409
50645
15021
46174
27330
79898
60464
55697
53630
38328
1364
77240
45669
41381
30016
10558
43325
68815
8582
25798
53817
40767
21284
77771
57713
67014
45812
56910
4079
35502
86365
59569
78560
84384
37919
6708
63031
58565
51529
56995
56616
1867
54777
58196
27431
77700
78833
88895
62684
28847
32288
70964
85326
32938
55241
78923
75644
16724
7106
15337
73472
45000
54194
53471
43559
42432
87442
38853
13437
24918
21616
64452
73658
75163
66414
26997
83247
62083
61599
6824
62214
49916
78917
17830
21800
25036
63551
27190
27659
68071
29563
36953
38925
2146
44142
9718
25318
1961
68216
35775
3705
44821
16318
44662
60632
46167
75420
31930
150
56546
17164
13638
55092
60848
34360
36147
24538
69362
70520
14307
7116
41855
51477
84732
77735
29484
24061
16014
27088
35966
21452
33503
71578
15035
53485
81392
15056
69304
86974
74076
42826
70099
46938
1319
81444
57043
66472
29912
83726
79273
49159
3509
33138
63003
78320
73703
40220
43177
59458
36825
32293
27058
520
62809
34990
68265
58352
22018
76707
69423
13709
61261
71809
72854
13943
79192
28510
44968
76825
61370
52832
44141
69156
34166
80660
41935
85580
71056
19321
19494
40331
9201
44799
15182
85899
72196
80737
11217
15103
46844
20251
65100
6117
74817
44643
27645
2997
62836
73120
58620
87991
4937
47325
60279
24632
48981
25591
15135
77591
55946
46276
61490
75010
12978
49999
54819
21956
89975
58856
64561
23194
25353
42866
59201
38625
11045
54057
81221
70563
47990
18985
34126
82806
3866
29474
60337
88364
22986
75585
85099
76116
67961
65940
36908
67611
