77892
79357
78528
86110
31499
87377
10631
84625
20909
51802
71239
10943
31973
65464
2094
65967
3475
42526
62600
47831
52622
73487
50212
57847
36744
14634
3767
46195
76308
37160
25069
9751
64595
41281
80176
4087
57572
26108
67590
55343
39636
59055
17915
34358
81728
4842
28344
13432
18103
85180
44591
82198
18431
70286
41230
16526
17573
54541
10761
13700
41228
16869
71122
11631
43367
35706
79922
17823
24867
3457
11171
17156
88328
9713
51271
9553
58434
86468
28387
52527
77467
50966
34488
60253
70032
79053
51341
2978
52105
66831
69915
86842
18921
25887
13807
18322
84245
66378
12935
38788
74022
56512
69006
34833
80970
66077
73716
71835
82378
9693
68219
17413
10210
29165
70734
26005
53281
28961
76585
19360
5514
29071
68676
53890
73213
84972
82615
88318
7239
24741
79548
72194
85540
53137
1617
56641
765
47135
2243
53956
5838
80546
31583
1532
54359
34545
55293
19974
2448
32075
85887
61249
8674
67616
38759
20856
18546
69787
66714
42157
53586
32099
4194
89752
7236
23330
801
37532
78426
54575
72662
71013
31984
5510
66251
29988
33953
73818
71935
64706
53428
17381
70426
44538
13735
42054
36382
29196
83433
33463
46107
68612
62726
55017
47822
56501
86284
51590
78706
59068
81147
35162
73664
60809
12722
42492
9665
67433
79775
22525
42874
26080
52212
87430
67990
19240
51915
69637
43711
4894
47457
13936
15648
52342
37873
84037
26117
79410
66455
43369
9484
28103
72825
61277
48454
84630
6113
50485
66768
48070
38113
54997
32355
70601
49723
63276
41884
24685
82604
47827
84117
31619
58974
41229
80410
24568
70846
78980
44584
46872
28119
31719
41509
40993
9377
25647
83268
50776
67891
11924
78410
42987
55995
1788
38407
67421
47901
75870
21061
79150
48652
71252
10584
13417
53187
395
26886
46801
471
36231
40273
88459
14839
3093
22643
64258
20272
10079
17214
49103
18851
35764
76189
748
14607
67474
28834
66286
48253
86286
48869
26760
81905
67013
9545
39863
31993
7327
85421
49201
17620
88292
5488
28575
42115
39181
15706
19131
84513
75542
49224
14036
36267
73499
16245
22930
83620
15656
40715
15450
34299
47710
19766
41045
77936
89379
284
9793
69433
70508
39732
88655
3165
70168
48544
56606
53778
35244
28711
69990
13832
8159
11685
84725
46419
34507
43021
7312
79492
41567
76951
89403
30335
4785
39047
86400
17456
79796
1194
58716
85748
50520
52648
72501
15613
75877
82783
39306
30892
46499
77527
50991
31139
50325
65750
14904
58823
11022
58645
42682
35468
19342
86153
77711
52002
83305
61768
1071
40451
93
6363
703
7679
7456
67081
78294
57160
85588
41358
39227
15557
2055
80563
78695
63810
47921
18177
71003
61330
14659
73212
27132
11401
44715
30642
17337
76282
25232
62027
83570
60580
28742
55726
77461
38214
33434
37404
19291
13582
45071
38757
19564
61571
73465
85779
57603
72327
26114
24019
49820
1382
41205
20177
44894
56869
4068
2681
44551
81456
56275
14940
30605
34193
38246
80988
38013
1836
5236
21273
24499
57915
56451
58375
3483
54906
39957
77438
30731
10100
69032
74212
66718
67341
50928
49767
36260
65936
6695
69407
44787
68804
49516
53940
86647
75405
80201
12820
26271
50220
70155
67454
48535
49629
56770
83511
9617
48679
61050
75040
29039
2931
58465
58589
61808
59062
55375
52979
63855
40461
39767
17545
85930
35602
38748
87692
81989
62156
59558
12056
83496
43001
68699
38897
25528
21873
19856
86598
57766
80251
7709
526
67473
11005
4942
3309
55627
11124
17696
57977
15455
22684
8492
2650
20297
43240
83374
34939
28085
19772
35574
85961
1499
81503
21954
24995
40681
5817
23843
33229
50301
85948
60336
70295
75829
43839
2920
69037
25226
7106
19218
77297
4033
74415
85209
58127
76969
74038
723
6765
36941
58752
36349
11482
74810
14314
57214
67404
81973
80932
9293
61296
14152
11987
4031
44311
21266
50193
65308
89466
1072
63899
79992
38574
38438
40733
31422
71848
22889
86163
71437
40739
63874
70584
48574
3194
14032
18022
10549
60320
60255
68933
763
61663
9241
8104
10682
7197
33682
53964
86802
25475
85701
51370
89215
7945
21805
30981
69629
25251
59018
17653
41389
52318
35207
11004
40732
7559
27576
6001
74787
34910
69022
25710
35557
78415
28454
70373
18279
25060
87420
35784
61122
8533
14328
5023
51594
12362
36350
1395
54806
6890
26477
45161
81037
64458
23063
71212
68262
76595
51182
11780
68667
87423
70740
6722
26188
75893
53977
79029
43321
33993
70305
21377
43417
42859
82118
28775
64683
22076
68668
8256
66662
2330
22493
73217
10939
13110
78393
56616
70968
44702
74906
19051
36169
31883
78914
85981
66345
66229
88381
70214
75466
9142
36801
4738
67541
4742
72182
16343
62103
1503
42873
26828
53127
10252
85111
75023
29360
84068
53787
31233
58741
17500
17395
5360
55238
38532
28016
75527
41314
20343
62637
85573
24251
30704
23521
45162
67711
35243
26699
77185
16766
14065
14873
27566
14410
14978
59826
43141
26083
33988
54151
18770
81357
37345
6060
470
80599
71030
54160
57774
9697
65056
82285
73840
13742
25618
40109
47538
80578
62395
65085
66373
82602
31782
7906
3506
57391
69541
26342
86083
38252
55882
83949
56529
65276
79669
66280
89307
25830
22799
54779
10452
30903
57744
27406
66631
47029
56139
9273
74174
12471
9025
86713
38766
15723
15537
64868
46392
68181
18467
2760
46833
69182
79249
28315
44012
6556
4500
20050
52692
38361
67869
44134
80300
15116
28806
42294
60446
24984
81172
69522
40189
71074
71167
27038
89400
24344
13061
8426
21341
73766
27624
10422
83085
78206
28753
31307
32614
47498
42464
62974
3502
77942
27073
52659
82755
69831
29510
80709
59401
72685
72498
70435
28957
21647
38949
74819
10945
27352
42144
9743
46644
82763
74910
24190
33495
51995
21855
65391
32225
72030
63681
43966
70513
7603
63174
16771
38499
52739
10173
89392
7801
12819
28192
66295
19567
10468
34998
89978
87259
88601
78469
72834
72272
38717
10629
39350
54730
85825
5152
88870
76679
21715
17843
41957
73456
66648
23131
3409
17892
67528
88483
86727
47310
71895
17260
57875
11076
30053
22786
61765
70192
89172
19822
79009
31948
66936
82552
28690
87893
5744
54850
66964
54653
39365
26826
27613
5552
2862
16532
5054
37660
89274
66596
9409
39647
45542
51185
61035
32554
34861
55711
37700
4159
20258
75303
22578
52957
13997
76782
60201
53417
2654
85257
7182
42705
41098
15964
73968
52388
36399
9854
61364
19818
70534
73674
55710
77070
64237
2663
75981
32909
34323
55955
43478
3593
4042
74218
25404
47485
8021
89874
6338
56585
77962
39548
19185
36454
77304
589
30144
20565
7432
63218
26307
31585
416
56408
43927
20247
13681
21025
10207
47258
4679
67498
5489
8513
621
18228
8810
83522
57360
88455
76407
4859
44189
88108
85801
79679
75245
19558
28024
3949
80124
73358
31498
12090
59867
2475
18461
86444
86059
62838
32166
2169
59425
32745
28278
3886
23352
77233
26600
29527
84500
46122
51988
79078
13448
37192
4964
59315
76968
41591
36804
38440
35635
21292
8787
86668
44163
57830
5619
33658
84339
86402
37793
34996
38155
74408
53347
44460
78275
42251
14738
35286
4723
81076
21322
35449
19779
28992
30876
9470
59788
86087
13197
8192
41843
63641
15563
24378
63929
46051
1667
13341
39252
19250
3873
45011
4292
80086
58722
82480
33024
71078
71976
44229
48048
45527
73959
40597
32037
7836
10008
55071
51685
39768
79592
76741
45483
77422
27855
55602
55576
59551
48351
18217
22488
26765
42498
45611
43737
19541
87131
27874
57562
57849
10162
60930
12528
20573
27202
63612
2019
51067
20722
2135
25832
83357
84195
53309
47473
77933
53834
30255
11695
5954
6510
25729
53060
53796
39976
52619
83859
88075
13446
27699
36066
80475
39148
62014
85757
39947
8202
33310
50668
81411
258
84151
17613
23022
32612
15530
32448
72203
75615
10461
49300
89774
19485
55086
17967
22277
50477
72642
23206
58567
26059
8944
33639
53685
3012
18023
69699
13754
24699
87195
40061
69686
31803
70356
18026
20513
34405
69614
69718
78346
64378
33217
51960
49745
2879
48453
49777
80075
22331
12605
9963
8178
71368
82231
44407
55834
88809
25624
38775
25301
13021
24640
10480
48638
40232
6389
22162
50443
36978
74477
68537
70376
6898
9214
53022
33708
72021
56063
53497
19668
50743
39815
9260
34505
24872
12327
18117
33027
17576
75285
67682
34423
54787
43625
23446
56915
17082
34422
77544
19227
80906
60053
32661
69874
37442
74994
53656
32171
38412
15948
11705
8207
49195
17617
45632
51356
19034
24621
77481
14932
37531
26712
8120
57133
44300
6809
44016
83668
24420
29557
69795
76728
34595
3563
5321
43239
89723
2543
82576
22756
44253
85344
80802
21549
63144
62374
7485
66594
11914
74266
31966
72965
75045
85698
35893
79805
35323
23872
21334
54786
72150
77880
62645
87487
53555
57258
43097
22003
40692
40068
2406
10238
4136
80236
87990
69399
30504
40548
39721
12715
11115
48487
75598
13386
78848
75665
17910
67601
4150
89554
46364
33773
5709
24625
32897
64783
17627
25493
39436
84987
5036
37186
27198
33060
2091
26966
45424
13445
58227
15773
61294
54748
16958
43463
2773
25423
3305
14762
70187
45075
85563
50182
65119
57150
18952
37577
57733
54557
68110
1619
17899
87595
84617
25163
67946
31461
12855
73976
78718
41764
81919
9939
64540
14018
16096
74599
25628
82192
16277
44321
26444
20045
24139
72482
38457
84503
17093
59126
63245
83574
39121
3290
32442
67717
54361
44647
43014
20443
56414
2387
57674
51298
16828
49020
49590
56246
37424
71690
14350
52232
31334
46566
12236
60509
29023
43876
3779
78814
13456
1671
38230
62744
82611
77342
14277
46660
9280
47329
30965
43222
48699
76553
13798
33831
28431
79059
33983
18227
62608
70254
10869
46415
44251
58303
25015
68151
37969
44629
88490
44298
30794
53954
6270
77451
28903
48078
24987
79747
24412
29210
85546
14133
75547
11805
26351
42983
63307
33256
27607
84833
40812
68315
53066
44539
81633
21192
87357
44036
5157
88268
42078
7813
46901
1042
81003
42132
2586
73728
44979
18516
10491
26792
26325
86461
38216
13395
18265
22539
34856
39026
55982
14800
66832
84141
48291
22728
50179
16270
4746
12749
39476
63795
75386
45381
28313
69975
6334
54844
50437
37998
15921
56417
68908
40019
40274
25214
26027
65510
67476
80611
13942
33320
84058
13359
57074
75970
23403
24575
89584
40705
32787
36332
12998
16423
13483
57355
56075
37458
6229
42361
5419
79501
44952
2336
68671
75671
27484
50911
28390
22280
67984
58266
75702
1609
71812
60051
54024
75454
67377
57848
62172
89168
29246
33571
26717
12679
73309
35740
40840
7633
23865
21985
81880
70727
78950
63956
61559
42663
30932
25305
75603
10057
60817
87613
48461
46069
62830
65519
35835
23873
80128
86383
640
18973
31482
47464
39478
15002
84473
12277
48541
66514
75193
47078
48094
37405
38842
39524
16421
47309
64097
35398
44818
18248
76851
42021
36110
40983
55095
22215
44072
1759
31502
21372
29591
86048
28188
2025
1123
72152
77975
31944
3380
1520
60554
46178
72537
15583
22001
37034
29252
67513
22176
9201
68055
29528
70992
21774
77520
44634
82799
53704
45191
85871
61247
73576
73256
36572
17208
3765
33298
9200
88803
50039
63027
23411
82523
5852
33523
58874
12333
79118
12769
40077
74131
85014
66791
9245
18608
16765
53869
60292
80718
50494
19757
45942
37448
28058
15824
36226
28083
76597
52267
55220
64928
41071
46788
32991
37590
46064
81691
23132
58419
21015
15875
77766
19261
24384
22628
42480
7808
65944
60729
52869
25317
58682
63400
58024
76069
13035
8815
66979
61232
24543
56602
47719
86248
33418
43356
84559
32288
70499
66315
26789
87874
64807
23449
49324
44244
40277
5819
12526
6377
88244
74973
79715
32511
47468
12878
10626
63629
56366
17520
63708
29522
41265
72531
9521
44423
2953
36996
86035
49775
88920
77755
24058
44440
88713
17514
29680
56632
34640
36668
47935
70598
65945
73226
58418
25836
3416
33317
2859
56931
67099
4947
5386
74890
34897
656
88446
75361
79447
62108
47999
70815
89116
812
80449
82447
51619
47651
6562
46810
38235
22445
45993
52998
86099
85202
83773
4526
76338
53146
72333
86358
10634
12030
57495
41784
23737
10287
31038
50084
38769
34242
83281
82971
48284
692
50148
62780
18768
4241
32319
32274
63811
49322
61389
14929
2796
26751
10845
30776
8142
64704
76072
87618
89655
50334
3648
2792
58358
46611
33091
49693
72769
15313
36426
22592
83667
64370
55066
44628
74282
43309
85642
9444
53938
85691
35957
14430
34855
40429
26161
49167
5602
26554
44696
38928
63700
9421
71464
37058
71708
18157
48569
82807
21859
81023
6134
1162
62687
9073
76863
40078
71504
29942
56695
76716
43095
37514
15467
51495
72430
89193
11186
42981
74738
3109
73689
70184
74789
63030
15310
35496
70961
88580
72019
45384
4259
62921
18396
34913
46448
63001
36171
27864
23203
77112
10064
35187
42790
34937
23676
21162
77510
81365
45790
52424
11887
53588
37067
24408
29116
36462
28614
16676
51854
75275
31818
9938
36091
23616
38213
28975
60445
80929
81744
12645
56679
1664
86916
45228
37802
37690
19899
18808
78919
26595
88972
62865
44099
47692
20810
24214
45272
27290
79
28568
40952
84444
68225
86250
77135
62072
16648
71691
2080
58308
60454
48757
47563
15327
73053
72218
9345
69116
31054
4251
38403
57394
76776
69172
37306
29719
67103
9862
74339
595
47786
11497
66405
6072
73112
35146
40243
41128
24516
55292
40060
54737
30719
24871
67642
46442
84866
74891
3402
73722
47324
72219
83379
26396
62124
66366
24498
13218
5198
58935
339
35259
77841
31660
58890
53404
42626
7068
4867
13164
86669
78079
18604
35966
2493
7855
84713
63533
6285
67808
14816
10035
24187
26473
36136
51308
15760
67396
39243
53233
59722
75229
44034
3866
83235
21935
3940
18263
4269
2041
59592
23295
22255
12644
34090
25021
17877
22328
49365
57053
78066
66716
43082
14712
28479
82485
88937
74676
14861
34429
5129
15172
40661
20225
31321
14950
67552
35844
48685
38083
55214
53245
47398
57544
52081
2721
61175
37843
48333
77560
51538
757
77652
7343
37275
88798
58438
68227
52726
65095
45495
76788
1637
68201
68452
73160
62715
84493
51933
62093
19653
53811
9386
37761
11546
16518
24149
69502
3029
53067
3959
28078
38314
54116
57389
83777
83688
51961
76764
48642
5165
51380
16308
61075
21939
32027
4467
28646
30868
88485
61397
55951
8493
63272
9947
81107
514
72759
31231
22665
8346
49395
31330
58801
21950
33716
26450
41240
20455
41814
67374
4175
41894
79302
89988
65677
29111
60633
2112
54969
32076
65140
74600
30457
4122
41200
44254
55914
13714
42131
78582
48438
32509
79975
44695
62160
22146
42917
56402
84302
89999
61270
36664
70239
80850
53447
71649
79223
88299
14980
55765
76938
78905
26726
4055
28798
62119
48117
55860
66113
69274
39871
45022
20882
31906
86128
2361
9838
871
1699
31596
21951
52875
70327
29715
27772
317
1595
75053
43764
60936
18814
84226
14287
6159
86497
58408
504
75952
64638
63200
63947
68296
80859
74684
70393
19237
51738
11678
33168
27401
87891
32911
89070
89500
28047
12066
64044
81208
20446
38882
45244
32561
78325
80978
48290
58924
26873
70840
65748
58569
19484
52711
41143
1360
10530
63695
38602
47913
74748
17240
34390
5304
11459
35963
74772
22574
25358
14312
35939
1110
3160
67033
19708
32131
71408
53521
71744
18188
79677
68404
49791
33365
4423
15247
40861
89062
15562
52350
83718
76755
74383
13497
34546
38549
43732
17190
55493
60267
69916
68800
9187
52861
67988
60980
43654
22586
18987
81192
75103
69752
41750
89290
2594
86915
14673
15961
51205
5150
24010
76328
13559
61686
24638
44414
72092
26651
31552
21422
49766
50836
6411
19637
41400
19666
84754
68364
72400
89684
11226
4849
20371
28186
5363
10874
8494
3702
35028
87675
51091
75999
54402
68526
28229
15432
76840
46165
61665
57149
69124
60355
61517
80997
40862
59489
67369
88047
2291
59065
54023
14068
89497
72766
67560
585
29176
25489
4509
26103
59443
2423
73396
87579
28933
20861
8771
18422
86331
86552
80810
1646
20333
1287
68808
16666
10482
42628
53972
51682
74323
4497
26972
60363
9296
67452
84492
53468
42965
82110
5595
49119
47672
56989
31954
63248
42389
61959
41063
13032
9036
72748
37667
32070
66958
32850
62873
56503
71021
54871
56398
29520
15333
32994
6205
2207
85758
81046
49430
40489
46595
17499
4110
51202
70222
19021
76247
60578
89596
47162
12953
18931
53699
36846
62456
79668
29823
28011
9224
9876
53600
22410
78202
61289
57171
40944
74416
37038
13879
31647
71186
70224
47142
70382
32
2004
17759
58170
80433
77554
33629
60645
59700
29569
29537
14805
60743
60287
46391
8998
65240
82546
75681
51778
20871
31013
39272
9894
54926
20344
16633
5861
22266
59227
64684
41151
7220
51976
10664
61990
8397
41260
70299
87107
55709
59668
64625
5365
73195
32701
22579
26565
40532
43077
5943
19181
1493
77514
68558
21143
7143
43734
29618
51713
50064
51051
49993
10246
62044
82334
84529
74268
45657
5477
63112
59780
87504
80890
51241
2496
35525
54868
83291
14131
88882
46962
87673
89899
63757
60756
38534
79878
54701
1639
75584
66190
64116
88236
31290
55357
78872
85517
53326
54176
15187
28152
74363
65915
24594
2182
14955
53865
31097
61354
37595
72365
31215
55078
12415
73694
45604
82065
27811
53034
6418
46956
82817
83798
52613
23928
21176
57607
65047
21001
15285
31168
27205
84332
83055
75420
58934
35351
54590
16040
38592
84049
13202
17675
6303
80307
26683
15733
19362
8383
45807
12663
71339
87213
19521
54437
17182
24087
69496
2484
74887
16542
68848
80193
6675
56228
38957
82062
3499
76423
29566
22129
40751
50138
84020
25869
27190
60085
78107
34904
22365
8571
65450
19088
38577
74269
43179
65895
60216
17972
67870
68060
23177
18561
78189
34285
22073
57753
23990
10758
79535
22794
36473
80952
9233
70789
27411
88735
31980
49473
36999
80028
54200
27939
70143
67775
14764
66022
37398
74005
16934
7809
24805
54629
67217
59699
33630
39956
89617
40377
12880
31178
56886
87580
43719
6367
58108
63047
17408
25954
85816
46580
17711
59820
25758
15998
80090
48567
54718
70113
45677
9225
83208
75445
34419
27585
20586
34914
2301
35840
15053
37460
87425
34997
77618
80657
56488
37131
77298
71389
9316
83333
20303
57697
40246
46763
11055
7234
48958
80878
68105
37762
64179
40364
27916
2840
718
8204
50253
11416
43434
65252
81872
18020
14153
67510
80808
75935
58406
6823
75742
28257
16005
67698
41268
39415
72584
73177
58953
86529
60679
47586
51397
17895
32687
76053
74326
18964
6688
15022
537
60538
53308
18406
56652
65209
51972
16793
82384
10015
42885
17493
61656
24034
85139
43672
62531
892
30618
12410
27843
36557
2961
51280
4378
67929
45913
9159
51044
36620
14363
44374
64253
33411
77809
31744
80645
917
3574
86243
51929
20522
14325
28628
55258
59504
67700
89527
16572
21494
37328
76945
8458
37441
78315
38311
16078
48521
6628
2795
27537
23800
31094
958
6131
29462
66311
48150
71388
40713
54568
10566
42378
36221
37702
77675
63202
78106
28329
81237
66339
79217
26107
68759
82205
6689
17109
77124
89064
18469
28673
83789
23554
46888
61655
18939
46539
23387
4690
44387
42888
41899
32700
31612
28858
28918
84876
56490
68121
26387
79148
84843
13625
21349
21397
1370
1297
85640
41214
78163
22282
69031
29016
3771
77034
32962
36739
65038
85910
41862
49578
62394
54419
17289
14002
44330
89571
7313
26980
61172
30617
6025
87194
20208
24151
43981
1558
1706
26574
19059
63160
80268
86450
22612
74836
71731
21614
85374
40746
20003
6741
68041
89023
26179
18507
54874
45585
24441
25512
60989
43978
1610
13355
45950
51660
8575
2683
56294
50347
53822
55495
46380
35983
49554
43349
62126
29723
52688
4240
22766
48894
71757
86346
76906
41648
49768
61881
45379
8210
78517
9501
19132
44811
26848
43962
44829
72096
28662
33031
12408
9204
63724
49815
16247
33129
44748
29999
84668
1059
84470
21286
23030
4460
41078
15624
44310
60008
75553
311
39561
22771
46485
24299
35961
69106
52200
59150
64771
69025
18290
646
62835
41668
18752
88493
58660
31020
37884
27638
33278
13971
50022
35405
30160
14181
65728
80636
20848
73329
28311
59303
8591
53587
19534
67977
1306
32015
61977
36283
46470
68518
86476
83180
18241
40627
3553
8205
431
83677
89903
5637
27493
36032
40795
40567
29174
68183
42412
16553
12729
13753
36251
23075
77227
57451
5122
44235
30580
7206
36989
67097
47300
42260
32881
72025
73808
72372
23066
42508
61469
86947
77107
41848
22913
1627
88218
44053
58253
71562
27520
3243
32880
85157
37065
519
22483
10261
75736
15090
61709
25094
61514
80463
40900
53036
61154
45140
80315
69977
16557
3832
79337
72630
36927
22385
50153
35309
23539
44340
38429
73389
74726
9599
43011
62980
62416
73343
44565
20024
30585
50489
64433
80367
80941
8623
88229
73945
85942
46127
85754
85519
13307
64396
65924
79276
70445
47238
55195
23474
61775
71941
315
24366
55246
29599
4895
39740
48185
27120
11840
15439
88467
85408
70331
60305
14358
77330
16266
68258
36541
29924
42802
79020
88552
54012
71114
23215
36750
66023
35798
79451
19813
9576
17168
78570
65931
83287
49339
4877
72589
5142
11446
22712
85431
3237
60265
41584
59421
36354
8992
46084
53085
28098
38566
36601
5624
38720
52260
58763
68148
61199
68654
58446
7018
54534
83611
16236
32471
77996
10600
16058
1029
30305
33954
64881
84002
24785
51830
1969
7886
10223
55420
46096
85713
50598
81568
50724
46639
43210
2692
6720
51256
48512
64055
2908
37486
66528
24398
22046
73587
63394
58984
73320
22
39999
42346
64192
82302
87753
77253
20082
17434
77243
74064
48279
3744
13014
59613
66747
38819
370
16239
18266
51781
80622
86207
25202
8459
31983
38050
89993
53608
35694
67376
42032
23617
70929
89339
31186
74974
61641
8001
78686
47603
44842
80080
69167
88444
21035
11009
58735
38077
53824
4040
28530
85836
63491
33402
46058
77639
86439
84901
70411
84336
42849
70665
31464
45452
6354
76483
59137
27260
16268
46981
24486
75953
45260
5859
11668
50501
88409
80332
82149
81178
20729
28779
52203
77142
27267
45253
48017
68491
5355
11803
62823
40761
59550
36281
28225
14647
39383
2394
37369
38483
987
4278
80404
60857
85108
15337
22311
39324
74123
80700
29835
63999
51293
26694
37698
62925
26830
67962
42041
88817
71421
9061
18233
61333
76318
11620
81330
52377
78735
52479
84130
78981
86988
68665
2189
39262
40798
88362
13690
89384
79454
18996
7285
53698
77674
81925
6097
66937
61347
5654
42008
21245
29641
80108
15097
68090
42580
41499
30168
14125
58195
54800
38385
1105
67825
76316
46747
33102
28001
88826
85113
7711
20321
72680
42520
21660
82750
16223
74623
53716
25746
67997
20133
12508
74731
66652
58479
63699
4083
86170
53599
2503
44735
64403
31304
60224
59623
86640
66219
45399
77623
58972
19619
73638
45832
47021
18072
3378
71162
71775
36809
87843
51026
52926
44964
53734
5880
81590
31056
73861
55499
5239
65469
7103
49581
1626
59685
35829
64838
2661
25767
61072
16583
40508
87520
43811
49394
81132
81849
70279
72044
69872
32361
40907
66909
40062
15205
77657
84122
56244
63995
8309
20413
53624
62336
19089
64086
53338
64961
40519
17462
24766
53540
27354
35226
19153
75320
25196
62964
86991
55548
68629
80032
22026
78533
23373
45630
80980
35199
67720
652
1209
84887
3579
89205
83918
73729
59034
78894
59147
34105
54605
32977
6779
69429
11650
30187
4927
8740
82218
73100
10623
56186
71519
6128
9507
35896
68691
45707
89292
38351
84761
24358
89712
69524
7408
71425
3937
981
52538
34481
28574
31853
78713
11611
9539
61766
85576
10177
6366
8834
61456
29829
26670
85716
47968
49926
6982
19645
78975
63326
18075
70060
10937
23936
49567
88058
10773
54656
6468
70199
81446
60620
3176
58271
15147
59940
68892
60928
59692
21548
17527
72047
12313
71326
72908
13934
81220
23339
23348
48538
1775
81
87200
35472
9184
60689
67071
25437
61324
17732
83524
34097
48495
16420
75745
14957
50572
52771
86809
76400
28006
14043
87216
14927
3353
33075
35289
26331
28348
2672
72636
68527
83909
3335
44087
86162
10903
37122
31868
67337
54923
44671
31476
17128
4851
67657
7246
85358
44059
46198
51665
20637
10106
35316
63075
57898
59020
41195
22623
73644
39822
77394
53489
86642
76255
47437
74207
30485
4003
12186
44502
26962
6256
73973
73280
32003
17388
55883
29929
77824
50730
23855
20357
81580
43423
57455
4352
28214
32551
58202
26404
64395
32573
83154
24360
53118
5003
33643
73810
68700
17231
10963
44088
49873
50546
52642
67107
54040
8594
58193
3484
36888
17334
76435
34553
12684
38320
7897
74094
17853
44559
1928
8145
63935
31608
20235
66047
65413
39233
15789
27244
4379
50001
32454
17104
69628
8216
32106
86605
37141
74333
44169
39359
38132
28059
13201
3136
7094
57132
21738
30256
79950
18174
70467
16273
34056
912
2263
59532
2828
79044
9530
72273
42702
20482
88139
47448
32996
16623
85329
80876
37287
30266
46008
64770
4745
22637
86217
25715
7501
79940
47264
22647
5604
52083
65988
60804
3159
18789
84581
56418
69986
83532
87356
76052
15849
59999
47699
61727
32743
69823
10695
79453
55219
71467
73635
70518
69813
85680
70814
26987
36172
41304
80167
71190
62130
67602
55565
38482
27980
89767
35150
66399
75400
84996
70275
76340
88624
24399
44108
71133
77629
43596
10947
77382
7624
30338
55966
50642
58001
42841
28182
49491
29779
8195
40147
22839
72279
81278
63250
11443
1238
21751
579
81388
64926
59904
34205
14327
23347
43398
14612
84586
47305
52714
82280
9707
76097
78564
48860
1603
29310
42007
64339
63424
1856
54776
86463
62596
72253
48904
81351
11224
6108
67331
83302
80444
73832
88079
55171
62076
27702
53486
87171
61284
10039
38690
34966
39084
41649
3030
33944
68174
61492
23396
79175
14231
58575
9106
21807
87593
8024
75613
55302
60777
36236
49128
72615
63493
933
18519
46393
34308
79273
65681
40811
30768
81732
31932
78402
51245
2434
36895
61975
29610
70225
34586
46333
77610
59956
54282
6277
15080
69674
39373
83690
75696
6987
29104
20612
86927
79509
59186
79958
10212
71596
56129
22528
16313
53203
80766
84794
9439
10453
84395
60917
76701
41537
16831
14337
44887
4212
15799
58029
38210
3400
28839
70883
39102
82904
58211
59601
77702
6024
42611
11239
47291
24315
36423
49999
29524
16681
75761
34537
26051
570
49868
13881
230
36896
77803
86183
28139
20013
65701
52651
61737
10272
903
49730
29616
375
15054
39954
42889
14148
3234
58681
34871
46794
1672
70052
52410
28748
80221
46508
74743
62085
1284
89447
37620
35114
24581
4879
80291
69785
87815
34624
43338
50555
17367
8154
44578
29219
57508
44
87118
3922
46760
43429
46517
22689
55104
57143
31855
14675
63992
50083
69669
68644
57920
87223
43015
25494
38431
13109
53661
89079
18355
19660
40905
47573
18006
5145
89315
69348
11408
85193
46762
67880
88450
17321
63301
5994
82770
76273
18580
43590
47963
17829
41231
57525
87769
30321
6381
81531
49911
57679
86631
13434
55619
6028
40549
85835
2018
33567
50113
54708
55370
42249
87465
34145
23010
83499
78797
72288
78931
69149
19939
75534
12774
38614
50361
88813
82962
78076
71195
18639
74176
47499
71780
14708
10043
26130
22572
13612
45618
57510
5000
79403
17922
37641
36647
68234
15040
7880
11373
41180
35567
66130
59433
74514
83891
73715
30356
43458
26348
10188
16374
58939
70045
74193
28987
33814
60236
55113
68464
84471
53730
14092
82026
82680
17596
68966
63734
16808
13979
44166
68780
13577
51946
85824
78852
87911
70241
84092
51098
13486
65512
8079
32287
80947
69705
73769
55439
84832
67114
77538
84458
84241
16529
7346
74049
33081
51937
85446
37342
14487
53686
55223
54144
72331
47975
56649
34585
16495
46569
32260
52001
45230
75998
88298
46673
60653
10457
77864
46578
60637
45834
64445
2459
19216
89208
38911
15572
36329
60997
48056
53812
77663
68988
47450
76105
50521
17173
75871
37857
41626
2162
60526
84047
46552
28764
59266
61295
69837
85161
46024
82241
83231
79746
60906
4549
68836
16000
39798
46087
57737
28656
76319
47292
61536
20068
29560
27121
17287
14434
16448
29477
35168
56471
51425
66789
10965
85347
11984
82594
26446
77668
54460
30192
34335
6692
65300
37805
89622
38395
250
35179
16450
28026
33142
44681
28022
72282
17472
13769
16663
49543
23560
85896
10257
46469
35380
66877
205
84309
41653
61711
40950
87464
61822
48401
36077
69188
31806
23674
37842
75622
84599
66902
34922
41730
11686
86785
40028
46262
33893
44333
30709
70342
45759
80454
22057
6979
33100
42759
41961
71681
25173
69236
16802
6156
53480
21531
83300
33130
18627
65743
89399
47862
3683
11544
47212
4971
35096
9330
23139
52632
68529
58533
54230
104
28317
20313
61700
35998
47632
34181
87979
60763
63611
81429
27734
81257
26899
68690
61195
1643
51704
81048
10525
74405
43531
57987
64278
61306
89108
38628
1551
65248
30740
89954
35863
80094
38761
83447
66597
56771
42758
23491
42121
44331
30667
42908
89253
76240
62797
10270
64391
89380
45736
77818
59635
28776
38940
78161
29653
17127
20341
31665
77143
80234
7628
81507
87999
42376
7460
28135
42816
36459
61991
19762
7690
36953
84740
21847
51186
39258
60146
37249
61593
6812
88755
34877
25799
84075
27850
39986
32242
89792
4244
72683
77835
80770
42003
9779
45398
29638
20460
68347
81234
85120
56393
10445
7548
78070
70716
58852
44339
78407
53151
80216
66481
71557
12503
6348
5671
25124
29281
72022
18910
29561
57853
45336
68445
19843
65006
67147
77812
16749
86179
39576
68646
87370
5216
88518
71372
34710
35264
49902
47187
837
79632
43769
67465
43982
15462
4568
9764
24107
37384
14678
81736
36480
85503
11514
39669
19992
49079
74608
17213
51473
88440
46215
86317
53711
9294
45316
21178
17686
65135
994
27438
80460
62932
33545
38306
80971
52863
87290
14958
72108
78020
25499
28854
30533
9729
33080
20972
50947
66309
73355
65636
81461
73878
29646
50089
85883
15687
48330
50903
49142
26759
20880
69004
11540
61985
42415
6130
3618
50059
52074
22141
49387
32799
53580
40836
86298
54781
59499
51831
4665
22059
84519
40686
69233
45254
39393
87509
80780
78552
24509
3449
19824
68610
83596
15113
40723
66167
7962
42197
80421
5529
29376
64250
81770
72016
82399
24385
21193
82891
43405
8520
68246
87177
61636
66677
70705
25348
44601
33775
42408
65184
34288
35152
2006
83687
37102
2137
85183
45421
9803
21752
12064
2299
46518
24270
16152
7296
81636
14091
44050
48617
13356
35738
25330
22122
33430
9059
52568
21251
5717
88085
51599
62318
84481
16575
73362
20783
46770
13044
35931
21156
81729
31912
40118
4669
37467
70392
20296
53844
36749
59136
22798
47025
71018
41404
43267
28045
8583
80756
87134
26183
69137
12460
17540
30121
10168
68783
32597
6124
23908
72722
7868
14173
85458
4437
58301
37952
55585
18932
83940
36629
76084
68173
38418
84301
49116
54253
39501
2428
61394
45962
7208
10349
38206
67536
62304
66264
21170
13721
64359
7382
41403
83513
4119
38040
64139
77173
44337
80833
84189
30408
1860
43402
50317
55253
23916
21
54448
10852
55383
20811
31433
64265
21983
75947
12211
3549
31051
85491
26913
32378
57516
75568
58232
80597
62721
82154
20809
73114
24361
80301
27393
21778
12785
50037
40931
1670
25419
72714
58290
87492
3619
21984
57265
51742
10234
16315
61000
41471
52768
35950
11334
54927
79577
2342
12406
45565
44449
41837
13419
27395
46819
49122
14617
75283
49807
85337
7003
16821
55544
70886
26603
67312
23058
56304
72835
81972
5615
19913
27173
17305
31386
2723
72205
26086
52799
46904
61091
69981
35978
35641
65869
75128
28635
12051
61978
10248
78636
64655
51653
6834
36107
12428
38172
23628
25864
74142
59316
6506
26393
31047
71753
40138
37962
13148
23073
63483
12615
50235
87809
64821
31895
51746
28966
64762
13441
11900
65670
59451
10934
4370
61673
49278
26009
48381
42267
43694
88422
70699
75017
64670
20761
43634
9328
67390
81836
83143
55433
67936
37552
81350
58932
50936
35368
8947
56894
49715
68485
70338
29142
2353
42318
78595
24947
83005
58347
39456
72752
47278
14951
72833
31351
50820
6804
66471
41487
37564
68018
67308
31203
72148
78974
86724
76861
36209
28294
32124
29089
47687
36197
39310
71660
17905
67106
32024
32282
77273
88786
73184
39951
54463
82204
74169
45410
63005
478
465
37684
10440
38502
39907
38162
12129
81991
16854
55858
83812
10202
51124
12451
45327
64605
22288
15641
86247
66401
12166
71342
88353
86425
16678
54248
83676
73811
80204
7657
6666
59714
82117
71496
78004
82483
706
74419
26501
64711
46404
30852
13708
16100
3649
43858
63754
27701
52249
86104
29292
52041
50667
37553
43644
30465
56368
82530
64777
43440
32753
58013
1942
72437
11895
71218
26921
33473
4281
56101
52849
81518
41810
76486
37503
4349
71163
52121
38019
14777
77884
53069
76822
10375
20222
41052
54894
6661
24620
88621
21671
78127
56027
7687
46773
44623
18689
15109
5326
62685
27814
7873
25302
19087
46718
25042
87825
9500
67138
26187
14680
29568
50336
75711
64551
83889
34781
67285
50406
85542
16611
89672
5443
68737
72095
25440
28124
16175
3224
36247
15006
80107
78414
23405
61993
19241
37162
71732
77900
35491
88214
67466
46735
72810
56012
60126
38182
895
74681
42074
43148
15124
60632
13286
88741
76427
61026
48407
67743
24574
80633
48920
10698
25461
4104
75836
89577
13503
51296
46521
21115
25558
13891
21223
81868
25766
9873
41875
55638
20038
13258
69224
56871
82749
15671
10115
39488
41868
27481
61617
16487
38712
61643
37245
53545
44721
36849
6376
61825
49565
684
22589
6155
69582
52934
57574
28709
9321
30592
39627
74179
79885
620
81358
66355
39259
4328
37427
73850
45883
85547
85901
22371
7200
113
85160
66910
24994
72373
85325
21038
85419
80543
61913
63131
56062
89405
58236
69690
41182
28399
51249
39893
32640
11912
56273
16630
2076
7638
24289
81665
50702
29471
69403
27959
68879
69347
3926
58687
77080
83893
64642
31682
67564
7516
5006
7290
83788
76480
56345
64702
40024
8941
31410
11441
86216
13262
83113
24308
12082
31713
67582
65259
12062
9590
75315
15162
33051
73912
14882
40129
1485
52301
77640
686
30652
76692
26378
33227
73188
87374
19054
54111
65024
44636
60065
11029
38286
37459
76428
44555
53846
63170
22627
16349
43940
14769
73676
66532
60670
50082
10786
16052
60792
35035
44694
61318
61162
29583
38665
2742
442
23451
64705
16706
48545
12889
3503
62563
82588
61264
15913
8299
69174
63057
59579
89276
88358
15148
38190
82840
82691
61134
41974
76314
69490
78198
31522
64087
86799
40491
32834
82409
19105
12918
20981
55658
62521
31142
44068
37290
64221
21166
75242
80403
57878
12294
14142
63310
17796
61926
63672
56389
72541
15358
59671
56476
39263
73090
7104
22542
42302
43285
60033
78795
45932
68595
81589
64499
27677
54424
49561
25258
6148
39668
26153
12112
73740
74203
59567
12790
26454
5714
69961
22590
81112
82368
69120
83905
59015
41323
42572
38676
51828
64507
5862
84656
59275
37642
74859
66567
37819
34733
49193
54055
31882
58021
78158
36125
29967
79776
43837
78028
25436
87049
20198
18369
61696
84518
40662
78710
29894
15454
63224
54505
56705
17574
82418
53525
65973
1127
27886
80065
56143
40750
59544
80072
58086
35721
71876
8774
60759
36046
75550
53307
21390
84050
48242
57174
47511
36864
31697
5765
85218
23371
44081
51327
74734
50641
23013
36275
63042
72367
44326
70281
24942
37403
557
79294
17665
10640
64519
88024
35110
8677
31504
37547
28751
79191
46374
36883
33104
8801
14308
51711
36968
50770
82021
79827
82035
53845
11751
52152
14499
57650
26058
14490
7386
62677
29122
42345
51224
29895
42998
10260
45732
30535
76750
8407
32958
34979
29162
56423
70664
34874
36527
82271
85466
39005
59102
68103
35765
29995
2167
4990
48134
12799
6341
15422
45550
8620
47100
60981
64944
33844
48457
50789
29584
25562
49368
85552
68761
3991
53645
79893
59711
33994
31711
63252
55642
48175
70408
43464
28920
44958
18886
75041
38701
35569
25662
38366
88565
34381
5439
77383
58252
72857
688
35823
77398
28363
24261
44035
59365
41593
89014
39616
44620
31699
47066
35586
45299
23976
52896
32536
5270
87125
11384
4929
76172
28929
2832
82025
31894
86165
8746
6543
6633
37589
24491
24477
49707
54038
79003
38981
18211
64784
41362
88747
25474
40160
34879
86081
52006
73140
69902
30044
84932
70307
8415
22919
75297
22500
40267
31892
70604
9140
89572
44672
81274
66972
36903
8566
21908
83254
17272
20604
24952
29134
10665
68468
35936
86707
57375
39620
11876
61159
19252
74981
9062
57700
7708
48219
84914
11291
40215
48337
27732
32277
41590
37364
29414
27126
84872
20926
63541
25379
83612
75951
33267
78926
52095
18025
47694
74562
2658
78336
68277
78882
62712
63790
53786
65633
3053
53367
13630
64452
76005
36143
85213
78515
48625
69712
88196
16960
2497
68775
62696
54207
37300
32494
15237
42444
70216
48119
19669
7199
18096
58099
43080
44614
74527
28899
47474
84664
50461
82949
85868
31511
56081
43936
79657
87871
58526
14080
16195
64497
7148
26246
76298
50161
86036
16492
53251
80835
76761
1112
75443
10663
60331
59871
31898
19920
12161
5372
65164
25064
50571
81384
43592
79629
17282
52529
88437
52173
19635
87764
50652
7322
69440
29301
28275
52913
16695
33887
50799
41941
33263
51655
67933
79364
71450
13984
89174
18371
15471
4666
54762
33867
80571
30619
10424
69950
89613
61051
75812
30115
77069
53071
22745
49211
29724
51345
1121
79524
69652
1165
82392
16260
1435
34391
17946
12970
48885
85921
3947
51791
12198
64872
11338
64255
75526
51452
25726
23812
16194
19929
59318
55968
38756
83072
79460
18034
48238
30283
49439
41759
64652
88094
17329
5135
45641
31044
75306
15779
87650
44540
14366
57601
20206
56363
77206
59694
40090
40294
14320
77058
8526
7598
158
51041
62820
52043
22883
44515
42358
78215
18938
77877
73906
85418
39739
29238
1230
32272
40515
44115
23811
52566
2298
19711
10420
6861
71588
72635
12006
72820
19462
10040
4573
73290
21487
10361
74165
16504
33512
84728
50469
25508
1272
7216
36824
40244
5399
69826
53111
67943
70105
81348
58582
43716
10042
19505
1703
30433
1193
44224
89368
235
89676
74366
57467
10997
49188
20928
62074
89583
19917
61431
45572
37475
62406
61638
21639
73845
31438
9251
14608
30720
22713
44147
64251
14747
5322
31931
3524
62243
88769
28504
1630
8094
76287
25798
64756
81168
35136
52847
45628
37495
11681
23104
67118
21040
68720
44988
50788
87752
50759
72232
33171
84442
71850
67236
73418
60491
33286
30326
43096
48863
39212
34569
31349
68283
42271
2659
42364
5028
48037
56860
5734
59330
80717
71890
57626
24192
2104
369
69546
55906
55570
24002
54964
81432
29231
17652
62432
60732
20252
5936
30597
50540
36792
62462
79753
26530
84772
69675
30641
13529
73778
39774
37737
3166
14491
227
4498
45172
80391
34684
29294
45223
1764
45912
65893
81795
49459
81424
10172
48107
49243
47550
66310
5532
30449
65921
76986
49653
62317
61356
43733
20204
29067
38346
79377
43633
568
61828
9781
40958
26505
63913
25546
70314
36153
11739
1160
14720
86033
74822
23692
36148
4302
10831
17547
85367
35780
67437
26029
61757
8761
76676
29163
39361
73185
9532
14098
380
556
19550
13771
31700
18682
54729
36967
11245
89345
68268
78295
27908
87603
58910
36395
73730
62758
1779
67944
16999
18012
73046
9897
48689
5568
13071
25990
57749
18991
60373
45624
71766
21498
3490
2284
36144
51310
10277
11040
1078
65254
343
34506
6751
73264
9849
56873
11393
68745
67496
6825
75566
63569
16878
31815
3605
34931
48992
60787
54346
44476
54371
86775
53418
12993
21578
34008
26894
26346
2159
28952
12622
53501
44630
84702
27685
78952
50954
68624
12658
19449
83736
68161
89919
85518
48090
30130
24466
75924
89784
7047
29565
35856
47658
34317
3955
31729
18166
58470
70520
20092
37307
39715
33918
16921
52670
68094
8546
48639
26191
78535
28733
11532
2328
1307
61301
89751
19161
43219
44466
85444
4000
54394
52165
27560
36048
70568
58742
60012
5336
40185
76941
17452
66443
65186
26372
89148
54002
19806
44874
69322
82488
41248
86164
65672
42710
31566
83921
4166
16965
58570
35280
51775
29886
74768
81535
8765
79391
71831
66814
53001
16976
23724
83742
10388
85174
48671
14188
39637
79593
16959
38527
56430
82209
38133
1375
85759
5418
16358
40365
8303
9068
41343
43994
72493
41062
41398
50226
38516
22424
34412
85941
8921
44524
32391
16638
18711
72269
63151
43128
20195
68102
27646
26406
8452
59322
986
25153
26350
63055
44972
17850
31194
69932
32051
3325
16354
308
149
58331
13557
87734
60867
78118
80912
43036
26766
70702
30590
84308
80008
60910
80584
2128
52850
52548
66675
76645
25038
74704
88026
3114
57068
71840
45094
49961
64545
13568
87738
71784
38022
64658
60669
27242
15753
48983
15248
46704
41054
48964
14304
47530
58327
12631
69798
84296
15137
56113
26538
67914
39613
59676
73445
88393
50460
26762
3163
46431
85785
16396
84750
63140
2752
6803
29532
20190
78865
68951
50862
74110
84324
65530
20653
77302
67921
55871
18056
70542
9642
10793
19967
88615
16459
72226
14171
72085
39397
72483
44619
82270
73425
53961
26204
74675
40697
33224
48825
10050
70617
28031
3983
67506
27570
26329
6046
35485
37990
47650
11082
57696
62445
78802
10402
79933
61939
86416
70274
24021
56597
17965
31651
22912
64971
3570
31354
54988
74191
84381
13633
64362
17509
7728
42295
20681
51589
23927
17752
11151
28654
85452
60151
80521
22526
27088
24094
41557
11339
34066
89125
72676
65355
44060
80958
27981
31448
50646
43681
5475
6962
32786
28761
12172
26805
29
39675
42403
33961
59840
4591
65100
51893
69709
24876
67746
15680
884
89693
74460
86771
75251
48765
46299
42359
9196
58628
85277
88516
27031
25605
42542
28105
48988
26453
87846
27397
20597
77078
8590
83280
18303
4484
76505
81321
76002
13335
86741
7780
51320
88670
20982
25291
4802
58677
87938
69719
30915
21279
72956
46586
85926
33353
89926
40835
37986
17022
82491
37578
87939
37497
66602
70427
77208
12147
2601
13427
23942
33061
53222
29427
51577
82063
9503
39196
15372
27251
84601
78597
66998
55345
89346
22701
60987
18163
19628
83503
33924
84756
23109
21599
45541
8477
52836
11894
32889
40430
5337
56467
42368
40080
40704
80372
45954
32058
12780
22158
74320
49176
21053
82536
9580
40193
57192
80161
34437
73982
73172
70985
87165
31935
30000
9055
6766
38069
32870
58678
28057
54939
60913
38222
73854
29101
55558
83632
1219
85462
55090
37334
8865
46750
18998
62463
35769
62247
49809
18179
63963
3964
45914
30748
11092
61346
48717
9506
18471
68189
28719
80753
67540
79970
6132
70083
55435
4734
12232
58428
31280
57436
21750
76620
67519
56789
24671
52557
38202
7556
36248
28398
34216
51338
82163
2973
12738
2927
35189
55018
85009
73997
80804
68778
59545
57241
86532
48331
76914
45716
73756
40695
45149
12357
4926
62765
79551
20418
35845
73581
45936
58323
59461
61381
24683
60673
4035
79309
56395
603
290
74808
31796
17247
84234
77768
5872
76481
27979
9600
41141
43064
63116
79635
60823
71537
87344
88003
82522
38236
20818
17530
17201
85383
66672
45263
16519
64090
31533
63298
50549
68617
80519
2129
61841
14912
13304
81119
11897
22402
10275
23456
81170
38179
71233
32135
84207
57198
9494
56226
45592
52675
84364
31007
48244
77323
18877
12517
18776
78220
15988
51609
2252
6281
69891
58713
47154
77856
60441
4643
33148
12322
42248
49726
16660
57709
58472
29834
41551
22080
16537
6280
8958
86136
39235
77236
5541
55474
83816
11404
10810
84714
57119
13178
87055
24628
75056
14467
31068
77664
41239
52961
8404
49875
23107
70215
80455
11991
49267
18032
60640
59808
88836
22388
68632
6009
50729
18574
84875
2979
50194
34319
280
54922
43241
83916
10094
86982
57287
73534
4492
81618
27672
575
26352
22680
21775
75228
23485
50678
12887
33555
13222
33077
26917
37117
12117
59993
61510
51853
85646
89099
79467
34163
60765
55573
67392
27561
59456
5945
9327
61426
11354
67242
61460
72514
72199
17833
37130
36897
34594
13165
2312
20245
63120
53450
8399
39049
16350
12701
65142
89024
16467
44507
28758
11037
71215
56482
33157
24406
2817
49096
71782
85597
30120
14752
64672
28309
56264
1780
68570
58988
5647
74360
30201
17175
81360
73411
33192
50554
13416
39706
54250
11779
35358
73575
55125
31019
26274
79369
32822
4855
78589
64162
23943
66259
31283
1214
74430
1606
2625
82689
17883
751
44610
48420
69621
2764
30351
18884
72210
79897
6573
3988
24334
47923
69607
61586
37914
3687
76769
63788
55979
74558
48432
9111
54859
44353
53053
59470
49804
37235
53879
6089
30603
55011
45789
9695
87267
37386
54295
42837
33532
75227
2274
10756
21287
25678
89804
76477
89958
22992
48653
5047
5428
9065
27631
17583
65338
77150
7899
56067
16738
41700
68056
39878
64995
25938
79190
73115
34965
85792
45298
57180
39475
80822
83488
729
35516
53609
42031
12043
57004
50368
20514
85878
60684
76402
9542
73898
5610
26666
84966
33544
14023
67181
63829
45258
15892
20984
23921
52246
5071
27424
87291
34544
5169
66216
83308
44888
44117
83974
16558
47507
30671
43897
57199
75114
82589
32199
53013
42102
41642
67305
24816
12176
30714
32297
40754
30311
5041
1329
7996
53040
89221
51325
49370
87477
48678
48445
17211
75158
23902
43999
50269
79332
60246
57586
62539
37566
60826
71967
18636
10933
63665
86518
8189
27571
12830
17589
63225
79955
72388
17117
75694
9445
82069
11699
41829
42123
70573
28726
10745
45169
54772
7681
22843
38024
14170
8248
30062
41278
7817
74013
1749
51207
22230
18913
9918
43156
65278
49522
9669
68894
25132
38062
55170
41276
36976
983
27204
61027
60276
68039
21842
14660
824
87077
7194
75740
72612
8950
21645
72601
76462
39441
70614
37633
21952
57370
27168
83450
7678
51283
50771
12513
51899
20833
15191
6553
22030
34478
72637
66413
5719
30227
58919
25041
54649
40822
39851
23844
29626
12829
7000
76211
60243
28857
1022
41791
19625
9481
39701
51723
74125
30695
3371
44950
34792
75369
52324
17774
79580
12534
89638
1392
57162
35008
23839
73002
2417
38251
4830
86378
75907
59294
28292
44452
57701
48831
24868
37410
939
68709
79674
58506
43344
5928
25304
21513
28732
76535
16944
11382
60717
70890
64261
28820
34126
76296
68230
70268
8043
87197
1253
74640
59987
56978
85101
52478
22474
63860
40108
51833
61853
21876
78232
20006
50992
85146
65732
52722
30397
6585
37344
43702
29640
77167
43474
11112
39024
30163
56570
77367
68076
63016
2963
39943
49672
30568
47824
56371
86747
6386
36733
13673
42028
27938
35985
48207
45239
29787
83669
60758
88818
70950
70096
5665
81551
17668
6400
35621
36217
48394
88436
3420
65312
631
75992
43024
3803
65108
78506
82789
71564
29979
5913
65157
41492
25517
79578
50154
25068
27195
29689
38300
38110
86080
17124
54615
25355
65647
72310
24410
28639
40584
62978
39921
82107
35654
27494
63446
20988
59673
63281
18161
47497
73313
44759
43910
66186
38945
15423
466
14534
9269
31281
54847
6247
50675
312
77048
24780
60843
30957
89289
87068
31271
45121
48124
18007
6882
60814
38673
78801
2856
47928
24597
11925
59362
86976
52346
3472
25449
57763
11074
26045
52724
53534
73029
3543
70667
21019
60628
68313
38992
68399
43952
57677
3751
65137
37191
31771
2761
22175
3787
23343
74721
80222
35709
5259
82072
29168
21946
49086
47232
19166
67867
2075
8233
9520
16696
56053
329
60408
20057
4625
12283
5643
19401
70895
30510
28010
86937
26280
60459
63572
36401
47667
33188
53611
71302
73159
35399
52603
68128
70328
1732
25482
45332
76607
61753
65415
82268
32779
7686
61044
46802
20895
21026
7546
80867
16554
23216
71767
30812
59116
9072
58881
49983
21700
86230
80877
83095
69943
47433
75401
50227
13023
33968
29652
48686
48241
59581
22039
71896
57776
69279
22648
33070
70381
70578
49570
53753
34812
4306
80902
6031
64865
54315
32115
49296
67938
65619
55630
8946
5369
31785
4396
65749
73608
85459
50274
33503
81884
73983
19657
9830
44645
29837
8271
65092
73247
83175
17932
30001
45168
26835
85607
18548
88571
14666
49854
17881
20940
85403
72746
9870
1897
17000
55275
30202
33825
44726
1988
45229
15650
29270
43371
48991
61291
2845
48530
77123
42367
77181
34089
51153
19392
50003
58466
40345
10868
18399
30520
54188
35946
75118
15143
41502
23047
28075
79686
64129
29586
87715
52760
80354
86098
18477
43636
68985
78296
80471
31981
72399
66661
82739
28649
20827
717
38510
71871
48449
61002
55008
74832
19049
46314
6830
63058
49475
48478
2850
71973
30554
59822
41528
16098
84848
21801
49966
49030
59609
24678
69772
66548
28930
18398
35563
32423
10182
63763
58538
8266
18259
36569
61028
72655
73656
45447
87929
13159
63885
81398
41988
51525
33159
10759
13683
30614
78813
47093
78529
70126
76306
31021
89812
11013
42272
82414
80950
7250
6941
15944
3249
7481
85199
34698
52123
51547
51469
57690
27492
88886
44002
11236
47625
65459
54546
32550
56682
41555
10309
58598
39644
7374
5158
58088
65313
35424
15190
47798
88622
2376
74387
74058
37171
83341
57233
50804
47005
85133
18862
79842
66952
8107
73601
68645
50135
79896
73380
73135
36310
24282
77586
5538
89821
73536
38876
20801
85156
41972
84787
72588
78128
45182
11591
60993
40276
44484
78194
15402
76212
85378
48255
46120
66895
19910
14059
88573
87903
67042
5670
59490
43377
6238
28070
83101
37619
30497
2755
44262
28333
11407
37625
44131
71845
17531
54637
89642
84060
8304
7557
33564
4491
55748
77155
83149
86641
45275
73190
4054
79098
26620
55432
6574
19117
82212
12021
63882
45032
11869
42927
32321
43195
12523
51693
57635
89728
22678
9587
70302
15930
23402
76098
67131
29396
55452
74656
42166
55392
48710
27435
11963
9070
29197
29940
76024
41026
84240
71056
4531
88325
16129
61835
49845
77031
48645
48985
83784
2753
86289
55279
38961
44027
51389
14047
39451
34816
31179
21706
80152
71943
42638
70422
68958
38591
26283
75672
53311
82537
39104
4020
19829
51491
18440
62695
9121
37262
85928
43915
40970
36980
27335
48317
54746
18244
58548
36911
88840
77890
16324
37354
45033
41296
46804
24281
29861
20740
31772
14596
59426
50035
63714
28991
14024
33249
33782
29807
28295
54954
74597
69360
1359
56330
38505
2065
66016
75881
20533
82456
12310
22524
57899
45465
29305
85333
80304
53703
82044
80356
12494
60411
81226
35409
60078
24641
4391
35050
42191
4817
61286
44643
74330
55680
75100
24379
22573
24570
35216
9732
30447
82260
56544
41715
6267
47732
38560
42437
68414
62679
16807
87608
38096
22841
17013
64471
75903
85550
66538
71452
89695
32618
56257
67677
37435
44137
60486
74829
2629
62162
19895
86004
44191
30569
35703
63288
66451
80194
11321
74216
11213
38102
19808
86014
64382
74458
59047
52672
56472
29064
45237
28831
19182
15982
47435
83455
60761
20685
45800
12640
66062
63022
50026
77417
41930
45907
44991
62870
70952
9082
40329
71240
65983
70090
3757
40174
53619
1156
46162
80549
27625
31950
76420
13819
67668
79502
7843
35251
38078
72425
35825
23650
77757
83369
8966
51331
55044
61357
58403
15048
21331
26207
71575
472
47032
69955
24004
88693
24380
22130
67290
24272
31243
61308
74070
14251
15163
31620
32143
8854
63520
64114
66265
89924
27016
48356
40462
38861
55178
8476
19056
14072
57778
60250
49513
24493
85609
44471
50869
63019
52704
83804
83857
70081
70140
5833
37302
20736
3481
5868
7123
74153
40805
57523
88322
46296
79197
37813
76837
9606
75787
87857
62348
46422
27041
49148
53119
25264
84760
46477
83501
31926
58834
87255
61715
72534
30226
56085
64987
8742
24679
36351
56797
41516
80827
87166
49457
12366
36684
14364
9450
17760
29380
29998
58714
87778
18846
32940
56399
42241
40237
11261
65468
61923
30324
52928
52536
70707
88441
51033
26808
66463
48794
58239
29335
9712
54697
51154
45170
38434
24294
52243
54588
17805
73150
3871
88106
55788
3637
82301
25756
50120
76437
31784
22084
85373
60545
17837
61442
81447
13259
86983
44611
57955
24923
58850
54083
64434
52204
39764
83319
79598
27092
74232
35906
73321
52287
20935
48275
20866
23493
27450
58807
39331
79210
51587
55307
11077
17185
53547
14485
33665
8829
74888
2017
424
80772
80757
88977
16208
40857
7889
58371
3877
86380
87048
20665
26186
63797
66403
18222
51411
1965
4013
9651
44665
44112
74304
17989
60885
15807
23570
5494
84620
26445
60419
15818
23618
86600
52523
88164
713
57840
68487
24163
57760
36991
1876
73192
62216
62652
16063
54643
42465
75821
88988
65902
41316
42199
56301
88563
9311
4049
78833
82320
50013
75195
57087
68402
70470
73704
52572
8471
14306
44252
87508
32114
80225
38873
19741
2968
51637
72244
14284
34320
7186
64636
32215
52000
10379
47174
74851
25417
88691
26926
59380
16809
56122
20389
89724
55981
8086
83256
42460
27629
10499
8166
45616
81400
60575
20672
48818
65021
12268
12596
15729
67689
53963
1075
17562
32080
44249
60500
51658
54935
60982
16933
39173
45694
76544
32728
2803
1564
53687
23623
26504
27064
74372
36200
43539
37535
12764
73876
36700
1573
9038
25233
70533
53420
52196
4588
51450
15549
41263
68621
65962
6020
22801
35477
9170
14425
47456
60389
25516
14590
75722
22800
76576
35049
29047
60755
14942
89960
56534
3133
43838
7358
14397
34382
6521
35462
29708
83983
83656
72896
48537
73896
74869
45666
68725
39687
27102
39648
64098
14508
3081
83018
69827
66889
38758
46624
57797
11054
88078
64657
45214
7902
49059
43451
45043
89830
89344
41355
67261
18670
62896
2921
17077
61409
68930
50369
48592
7948
56442
86942
48844
31313
57285
34386
51004
28912
76458
301
323
72162
29345
53960
67339
70162
6853
39075
45685
61647
86241
34370
16281
36307
52018
23500
30540
63702
64975
58437
17528
71909
8160
74432
65206
15353
74972
89170
40550
721
78086
85303
16719
87003
74145
21843
68177
2245
2870
66942
50596
70403
4224
41524
41065
7710
10097
85079
2555
74814
12037
4952
58048
67359
69017
64763
10385
43482
56902
52824
19417
10052
47668
19878
14419
44155
15342
62565
29009
57279
39773
22244
37791
36536
76717
29018
59892
719
76925
14353
71393
13308
13310
29720
35371
82730
32285
30137
62895
62498
48877
2553
40431
33876
56820
44204
87638
66763
10883
885
70011
60908
25773
31138
79826
33526
61200
47427
21477
20166
63478
7613
37874
54856
8409
52843
78371
77743
29362
33467
10748
36617
79417
72038
62212
67824
44602
85054
7804
35273
71210
30985
84928
28773
89080
5204
57479
54883
2569
64120
16101
86428
84398
39527
70557
42717
56022
76442
80083
77582
87188
44660
66179
85514
7016
54441
61704
22541
53343
58600
33768
26091
52136
15213
60377
37750
32467
12086
21746
31833
69856
85298
51480
67295
6035
43809
43533
66887
1652
8664
69358
1845
15033
3217
50215
5498
16353
82330
52660
63457
81146
15839
85950
52219
59944
52823
76994
38794
81437
27307
60013
11998
66185
32322
39604
23614
87160
25359
81273
13986
2867
56964
62814
36671
86133
74803
46963
70747
70606
41745
4944
9423
26668
68175
16800
81780
83127
12196
41094
23338
8922
33375
68834
34531
58607
36947
65537
20804
24290
77450
50202
61601
49864
58954
69647
76419
5901
70965
61045
73001
72371
80016
74850
86653
34450
22607
18805
14112
24324
28900
58056
4804
3473
34840
19835
36870
13514
61875
60390
46252
89350
4735
34718
62738
74410
599
61461
33676
21787
43248
66089
74922
83023
74986
88061
81258
11409
14305
70262
19953
82796
60170
78087
17125
45271
19031
21672
8253
2124
29283
31668
2731
44444
1266
53744
57610
54547
29916
3970
41523
27912
20103
48385
86844
22938
30517
42066
30651
9004
58325
49851
1349
71404
59189
70097
74194
54174
11728
5296
81488
30549
74464
40911
33096
73007
52127
76883
22666
54972
37013
19664
60420
83310
33450
45625
47408
36764
62648
12500
3211
84669
55625
39531
5772
29425
70641
68893
4878
49078
3575
27416
80592
34256
49111
16609
27737
24586
45576
15112
77740
82814
5404
72125
36698
66693
30548
62504
49898
47621
3127
78411
37703
30805
3541
71101
75709
49943
35594
71375
3323
41478
7634
79303
37063
45724
61193
13525
36533
72142
27883
10178
32038
38049
36706
29112
70206
13153
56134
21755
48907
33190
38619
56929
8445
34139
20026
71426
32699
26561
28196
14377
13008
43004
18419
81223
43305
43785
51010
43105
49191
88793
30823
21969
36284
64518
63912
7433
80284
43789
86079
31102
80879
61707
42684
20434
8555
61705
49194
11782
82040
45997
43419
40168
77902
60087
22251
48738
88662
24479
1044
27978
48419
55402
49708
78588
87690
14279
64980
74448
34080
37931
14643
76710
28523
19552
53766
23683
2583
41494
19644
984
49573
50787
15636
29160
80805
41620
54213
68592
81635
23594
26070
2383
41916
85243
1893
64509
24480
48250
18459
84407
4828
54716
23250
69003
89822
30052
14925
28375
66907
86074
85235
88814
88884
39538
64924
69151
54091
18515
62877
76323
61827
32843
21753
12469
19022
39119
10211
80474
65267
29919
61694
53594
23135
14064
82702
32345
80418
42670
69389
38868
86848
61485
41467
76671
60760
16778
55706
56913
55470
36931
80447
67798
30059
88914
1460
24473
34958
80994
89825
46467
15672
1589
33904
43065
20224
40433
67520
60690
46449
7712
27036
42863
4885
44388
10047
76722
24592
44836
9843
65816
85720
10872
54471
62149
12331
37499
80778
85272
56810
32255
73648
18655
44626
52326
79781
18092
429
76539
38141
48529
37713
41939
83925
79941
52309
5797
45798
28362
5522
12069
42161
18914
21323
9456
87917
77391
32218
2955
83797
62495
76153
8231
67346
39058
61086
12678
47524
57563
28263
74718
6759
37419
42852
78322
13701
64288
80436
81279
45232
47939
2530
59341
42899
66792
89105
13383
9778
55237
63585
22505
18260
84034
54492
20348
26834
32934
29991
84626
33482
25974
85962
67069
37782
68303
79554
73093
24770
50346
2222
55391
67222
49361
52218
36595
4354
23001
463
78482
76037
10532
12680
50476
35256
89260
78715
20067
50981
35026
64979
69307
65867
12280
5590
61077
82229
33603
63853
87863
66020
44001
53162
61176
18801
55144
89458
28829
34108
2767
74221
1480
20531
16587
22831
86047
66607
14885
12496
9080
11145
23318
80160
27224
41686
13976
4356
42360
56726
51334
75710
33377
89469
65733
43206
48429
89847
40396
24704
73517
10731
79107
34793
5682
15319
7274
44101
83732
15418
35842
36660
24790
46528
48323
60781
56218
72320
1960
22806
33880
41154
42522
32903
697
25751
72171
19090
61393
85152
77885
74139
50527
74249
54910
27573
83105
34991
74501
74265
34413
27538
34337
4057
27004
39952
2036
65114
53051
85119
15491
64866
25001
67483
72408
35907
60285
57462
25324
2181
1126
7090
38454
64804
12245
68973
78729
49247
7398
38399
54179
58424
58587
30048
12338
29602
63309
30929
31252
25445
77306
89909
18634
52793
86994
85384
41570
9824
42809
6266
41651
78906
17948
49701
59921
31559
73553
11150
69349
52940
30522
41459
40050
28772
72157
37073
44806
480
19007
45796
86147
35570
48152
6902
33000
56681
72242
7757
36088
64003
64353
52104
36709
27729
4365
22742
64377
87854
5886
20676
70685
23009
51750
53953
2567
9285
38528
18047
56769
51454
10866
72166
66844
35356
4551
60061
582
75497
764
33047
59991
59194
11432
25891
8803
21828
15800
31234
88627
52393
27187
45878
52436
35156
89444
40353
68768
64506
57320
59383
53522
52011
69039
38416
66390
60742
11450
87589
32568
49502
68125
88588
72879
49022
499
61668
33807
21815
32747
7323
68259
22341
16406
22117
60140
65930
46272
58918
2831
37165
37783
26481
3976
8340
22622
27871
73078
68206
60154
52435
66010
44882
77770
47926
16305
75698
7752
61744
34397
22190
79465
34653
48655
42673
82007
62434
8616
66276
14096
76719
78034
4736
30042
49450
34394
27009
38152
49640
80157
58061
13830
5009
21202
67630
85379
24083
47971
34748
72668
39978
53464
84766
57521
42830
42393
26643
16992
61482
77067
69743
7459
43027
77282
11378
82106
7621
15751
78972
85107
63663
25337
3079
28327
10824
20451
23806
32090
64381
41712
3773
2470
22380
82738
25366
28953
72314
24099
8873
58539
81667
62946
70698
89918
28376
38615
26585
55977
4799
44556
78657
85046
83157
79268
14299
69578
23833
36658
89875
44595
88982
31876
30003
7418
55390
32309
23207
75532
87645
64787
75000
63888
45368
21101
1001
49588
18339
38443
75089
78562
78915
28427
38731
57509
57627
42130
38095
37500
47412
84045
51886
45437
371
17180
40910
73539
35266
58652
69688
22273
84542
48147
39962
52530
51418
89975
2038
20154
88415
49623
9255
72018
81916
2126
85456
77232
53768
4045
28023
11716
11975
75717
52421
16053
70133
49827
18804
7161
3921
20993
79151
20281
34215
38883
37285
66637
30063
86635
75083
89349
6867
48542
45925
54679
78122
11422
9486
35774
83126
13639
962
69319
61017
11861
23212
72274
51826
27199
70632
68401
83754
50493
75563
27960
73525
72477
55286
77726
44627
3489
14807
58027
36039
11166
48914
35077
63892
19616
87234
79675
44693
47235
31662
10290
1190
32503
79937
74112
22729
24451
72438
62171
22207
8114
52103
2319
33018
75705
21103
51462
58564
28341
11608
37108
80923
84816
35354
41878
82200
10442
46612
25017
73980
43606
43085
34168
20105
63856
57
87225
89561
21398
84198
78683
957
11562
33803
55019
72582
40630
16183
72117
46491
50211
63182
61292
10928
50742
49971
60412
29456
59799
16188
74948
29316
26221
57109
1487
23378
81106
74799
87155
5342
88913
77485
42190
58142
83544
13814
56823
79712
7652
10284
83404
88645
5134
79279
83967
5345
31548
88463
21772
63381
46220
26846
65543
41302
50078
61952
63638
1584
77141
63565
59091
33042
23641
57125
58289
56826
64349
43122
43282
34289
76772
80206
1972
70352
47127
76918
64712
6336
71470
86877
86434
62819
77588
914
31710
75101
36711
60314
62624
39245
11398
13025
88679
36367
5962
86689
63796
14519
373
58205
62704
55965
11981
39852
35307
7449
73855
61349
8395
64831
33090
47613
26391
54744
19598
80457
50007
33838
36089
56385
52007
11212
69861
55595
76584
29143
11198
81505
64143
3603
68275
23613
67205
79314
61108
38382
71833
82937
77543
21887
36553
35204
14234
67765
27485
25846
81646
2500
62882
12641
56752
66681
48079
60011
45053
87031
74050
3688
82138
39402
54752
56014
15226
77922
37333
59578
75833
80056
61837
79926
69320
53507
37230
27360
46495
64892
53200
45164
30741
62586
81022
54764
4376
25165
9035
22763
54050
49823
1432
84738
51986
76621
29889
81122
62137
61927
43263
74689
27528
70245
82243
79012
57308
44295
58492
39643
80964
54886
52427
19445
36313
45525
5191
49782
89261
63468
34820
6432
79316
52558
44582
69510
29695
75418
40059
64960
76897
50383
26719
7352
44640
32398
59986
11318
24234
2660
18242
89570
70186
21694
42884
2125
50264
44030
67654
1983
67873
34363
59389
28632
73819
35952
86056
62015
44760
12915
64169
25771
34702
24966
27365
80209
6141
61717
45651
19862
66003
75239
84510
52140
5500
16555
73879
53168
73204
50210
76070
34577
16833
81200
50645
7904
82712
616
74
89802
64542
27761
75347
32069
70552
56093
76997
12791
5555
56966
49657
54077
44218
79351
62927
36063
54039
59803
71577
8968
37340
18631
85978
1783
34712
72538
18275
27550
42282
72961
89881
58965
89365
13704
2512
80280
54299
86917
31069
56852
49393
24483
11072
47453
75579
3545
10653
12598
12130
44268
22658
771
86657
47107
23505
5806
42688
12022
56320
54236
43530
31556
65256
83492
34661
52497
89090
15548
3891
69487
17697
18739
35222
77747
67829
55875
28066
9304
38263
83885
29233
64904
11288
80081
67130
45089
31789
35237
3059
66605
59684
37727
52464
42090
24245
80228
43548
83138
16842
6567
1847
18253
21697
5751
26568
70622
70856
80513
46082
31541
81785
34276
70728
14622
83060
4700
51022
67742
82467
64598
72871
81134
23895
21014
13877
84181
25405
1479
21879
46890
28456
16255
20165
40823
12574
35002
11734
12741
52221
75628
86395
63599
81673
84111
88539
32338
88906
48131
82974
39091
70592
81201
20361
44145
75518
55647
38393
55174
23155
42114
70678
84185
85730
83741
30894
49559
50534
65698
4589
86321
10606
4079
69245
54234
14159
80267
5260
52118
71872
4308
50321
66896
28370
77161
82217
47404
41181
56783
30611
78448
64181
87894
82534
60163
64091
44684
68949
43538
4214
55907
34993
77946
47522
10860
76129
48607
44916
63268
2529
54470
32216
6819
83564
25430
17953
2607
35373
65131
48468
43510
27184
82068
1939
59188
51430
1281
51265
76114
17685
14230
58214
65473
11882
14765
87540
13402
66385
88554
36087
88001
42962
57048
43902
19004
40499
37376
23398
4201
38864
81509
89371
35236
34619
36524
41893
77915
36210
71109
21777
89928
31390
69781
68000
43234
26336
87295
37301
65842
21414
12671
87208
36551
45408
77814
24601
49179
81457
23801
58688
43000
45886
56355
50174
30071
63007
71332
53088
14761
45467
21551
24866
43332
13785
36516
43770
67681
20043
61890
73800
14014
73895
45512
4881
81532
68583
61452
63862
15131
39862
57711
43752
11067
4789
35580
71682
65999
28855
23312
52976
35613
87755
33826
70611
28062
6943
43697
68787
58863
66181
26831
4628
67151
63559
24822
26525
42057
82461
26094
72129
58920
9399
12075
73643
60708
72378
23374
75071
15976
17592
7318
72860
52401
67494
7321
13472
33864
60793
65148
66300
13037
65042
8457
78042
43720
19921
80853
42683
18111
30685
73662
38135
61173
26682
49700
37009
89567
23458
19523
67058
45248
27175
75641
40667
28360
69554
20960
70779
36402
79648
27622
39307
3306
10425
64833
14981
48815
12127
75575
46733
39097
42117
52134
86122
66209
1501
19780
31523
80779
33147
62572
58122
19302
49460
31742
87881
39443
18101
15792
44033
1820
32324
48826
59961
64735
55278
85548
71228
8064
69802
24676
54450
51856
67160
69468
23559
53514
10069
47463
39517
32862
28980
31343
57001
50865
87783
7663
19957
6774
46596
71168
82309
87094
15203
22078
87419
80344
83894
30552
16764
74796
887
64575
6949
79731
35610
26824
67688
79952
77494
61723
57334
38001
65801
64719
37016
46977
72863
61092
12595
19804
82356
49051
74137
41186
70003
36400
14606
40186
30190
72570
44348
44233
62883
76261
70038
45811
47881
51003
36317
22111
10392
26199
17407
32975
29108
45711
8015
32514
16159
4917
69906
23484
73678
34447
17844
42128
18268
45775
59965
4974
150
15078
31767
73693
34466
41783
89329
77790
32636
23786
45246
89029
75211
74847
63364
54069
11654
87910
36445
18765
66226
23562
54885
18880
21495
86015
30420
29490
76742
62987
46944
84851
61084
16570
18948
29254
36176
17523
77850
21997
79375
41411
54484
62582
57645
14531
18380
23190
40374
85409
83823
39188
86748
86413
77995
58867
84494
11573
25860
21429
21888
17088
81256
56479
34361
41055
26720
79573
27065
26256
76239
33871
75573
84135
84089
83704
78507
14724
84839
19765
26988
48195
5722
2550
52465
49756
58738
85750
1920
22697
63450
35579
46318
3730
42665
69784
59310
85010
41222
65324
24049
23636
4412
86550
85377
20286
52785
16284
70867
48324
84351
54281
40572
62359
42958
69452
2860
88820
87832
53916
39944
54951
34890
39191
67291
19091
48632
50411
56480
54013
42020
87820
89036
77608
9969
11773
32180
58933
4255
53483
601
54066
55618
78538
15972
15576
58916
40778
85879
14213
87679
62404
30218
37876
24609
14204
38137
60631
52894
11180
68370
63061
38295
46140
40881
89727
29153
53004
63836
9525
85900
75867
50633
75391
67048
41106
39080
55656
22467
59423
10675
64966
32734
87260
31344
45728
57724
2666
38002
20498
56972
37086
37650
83898
19748
35083
72702
83239
2438
13678
48858
83965
63232
39575
48018
16379
83766
87747
29794
71898
31775
64491
26238
27422
45944
23253
87406
53919
18493
74466
79910
52345
71528
6818
49392
27910
60621
9666
44941
35665
59751
49383
17276
15210
71569
22350
23164
84003
64637
24095
43119
81130
49338
1006
67009
5026
34004
37972
55500
54876
83396
72716
55727
58388
39433
37221
7646
35578
17161
67975
3260
30494
36096
1233
76509
33489
10477
37909
68396
69962
34513
37416
5661
48895
20624
44973
37806
53320
70752
68927
31208
67736
89279
82465
60307
42332
86962
57593
24585
82954
75902
63628
88931
10595
3652
87446
9487
34665
42321
39859
77549
63222
20193
10356
31459
66107
13207
38317
71497
51692
72153
18202
78777
28686
19981
69045
24961
88860
15595
75126
16551
50577
17706
87249
23828
76675
65812
21050
79751
14854
28770
62354
77870
19524
79990
28471
53383
88703
25383
7960
16164
4016
66914
19120
88274
76855
25271
41486
67127
71600
41587
36115
67760
5380
52181
85073
48490
19309
79979
22195
35265
12068
31528
25456
51149
54388
40238
44801
87239
72043
74596
20916
5818
48224
22824
48708
62405
33894
74024
48410
52101
26317
12782
77255
61093
23457
44613
21262
83665
75862
56475
6378
893
13883
15087
40615
62762
56179
68914
53225
35809
63846
52062
45961
45590
75322
40824
34254
83158
7416
61241
28842
68630
27653
42176
16966
5078
75329
71029
83872
39219
33884
25610
22724
1581
51584
2171
40803
39545
74673
32761
77480
60574
70681
65734
64576
51924
36393
40563
87931
86943
50945
52774
12379
72644
85301
81956
2363
15052
83021
38253
3058
86807
1547
41553
57447
87858
48994
19902
15223
70416
14677
19819
38793
64999
8784
64623
22856
40826
23530
67248
67574
2085
13691
51530
16503
50900
14809
63744
1618
89087
83335
47983
64788
89697
46459
37934
86387
44529
23383
26425
41123
83866
6483
36869
60945
35970
64483
59935
77316
3050
47099
197
59338
39532
24537
48930
81102
70191
60976
3470
72628
63508
28436
13802
78149
29943
12476
9905
15209
77489
83839
34635
27749
19876
51919
79455
69464
36406
44851
45005
64700
30049
64879
20824
5128
47837
69166
14768
27758
59728
38838
25102
74456
75517
29758
61105
23914
62002
46063
82071
10598
67566
57165
40175
6173
79716
33860
79015
80656
66892
30167
49455
8379
83286
15941
76303
76203
25660
41531
12377
23324
35876
87977
50887
26411
56850
45686
516
17439
10345
67853
87482
33356
56547
74775
27082
18523
43035
83500
19085
39509
50500
21249
62417
38881
29696
14855
27878
59989
59949
64428
32258
4632
26985
35479
37616
2988
81690
84498
16613
85699
58929
25874
68233
4505
25664
89646
63875
74516
72664
71209
67546
10859
82511
24054
81060
69216
61776
49209
48762
34281
22723
37836
72932
89060
85727
14097
20113
22970
34558
64421
28255
30291
6892
11551
65553
14934
12735
26990
74027
358
88823
68708
9851
43450
54328
71177
26984
76508
78641
55518
82745
8580
64037
29438
5652
26250
69011
20662
80076
22441
36926
49603
86027
39779
5721
49069
76944
36597
66543
33453
55188
28723
27899
44962
78115
82423
1445
14670
12396
64797
64236
86343
30061
26761
89395
17094
43922
19499
65809
83600
56622
82281
30406
41050
52288
13533
23356
58017
37861
4570
57757
30421
47479
45159
24920
24052
88608
1202
31839
33553
6552
6438
8425
33500
66194
65763
31957
45396
48176
8632
34495
2686
13114
56520
17612
26077
79137
17459
15257
28361
76009
29824
6546
38963
82108
18559
18874
24227
21684
23342
81355
62872
36596
4798
10264
88421
72747
28284
65477
4144
66006
18666
44710
56776
65626
36017
16105
17425
12518
54577
58215
44535
67363
89947
25824
5591
63775
9050
2265
49226
4641
31751
35817
73360
65935
53640
16178
22460
3615
32559
41409
35065
15507
27449
66458
41013
5364
65350
80073
86874
5452
59262
69359
46377
22283
10072
40154
34551
28904
46302
35137
67471
58560
81420
63694
73374
7828
58260
3770
32997
40053
66843
27795
35471
20436
64842
80224
53856
30993
33608
15343
3419
21938
37844
69778
13475
85832
10630
51438
43683
63780
22254
27505
28232
64188
51941
66667
39273
56552
71234
12542
5245
16975
18180
82050
43515
66569
46835
65412
81367
80147
25279
7221
16939
51764
56600
33642
30275
79245
31311
55442
80275
13244
51588
51464
50440
72083
18247
2490
53076
45810
24414
32519
56881
63668
69237
47351
37248
54029
10688
76567
61774
50937
2975
82952
30982
60647
10137
59101
89817
4676
18031
74041
59620
87920
78209
34129
10950
70794
82595
46487
2905
81105
152
17293
2923
51472
24627
40098
60609
60228
86787
18128
7127
77188
46940
24511
51302
65478
38089
13938
14240
84140
5562
33196
56038
60622
59719
88946
19340
34232
11187
87703
34778
28882
15056
83878
62032
23829
699
65349
75273
78090
35934
47943
11388
18328
1572
33073
64067
64822
20409
87351
36052
4633
75695
7659
3906
44014
28459
43960
88290
77889
37828
52049
86310
74642
35859
7532
51434
8931
13457
51809
61578
29529
69730
61090
26021
12976
3202
24316
60185
8257
61403
66807
32067
51416
22275
64495
84886
76214
3666
73296
59698
71107
42906
19606
35772
76198
22651
29881
291
14263
22702
16136
31258
88169
69878
87044
27792
84949
9074
64852
27295
58208
13175
60313
34850
22910
37723
85934
46563
5375
70766
72381
72960
28314
88949
5791
88128
57339
83506
80111
38444
8989
15511
30663
62449
51592
10355
57493
18466
85860
84736
79894
16219
62784
61166
76417
23469
71785
18293
68604
87986
68909
34786
59483
35093
74241
33778
40360
52004
23328
67562
9213
8972
27542
15216
12572
49858
24900
28678
3980
38659
77220
48773
60909
64333
9816
9166
77336
21133
14830
51337
60207
80070
25385
8358
1139
34947
30588
25071
49010
43516
82701
81721
37707
13243
56487
52407
19916
63099
66277
53023
72473
80653
37400
83903
8508
66613
3172
18898
83050
53269
71703
3565
101
62922
65122
86739
6258
74149
79672
4772
62470
7533
29211
78273
18383
15505
87659
40585
28429
56814
8339
17339
6037
52948
61719
65111
59259
47410
24005
69956
42711
71296
10601
76946
28197
24028
21314
77815
24796
35418
49360
47141
61699
68127
78021
74764
13652
44756
2790
3173
34629
86826
33412
78434
6403
69851
70018
4694
39595
41040
59077
16082
55789
41102
61464
2079
55796
52923
57829
25614
21827
15365
54278
61395
57261
53511
31959
36721
79450
35219
12571
9782
16711
32775
20018
16437
69625
22511
88891
80446
46935
260
79895
71083
82545
47577
44793
123
46358
69208
15212
56112
8151
76911
38029
21785
24500
47823
60045
71729
74827
68835
6985
9405
23406
75837
1777
45815
40800
69410
60005
22008
52924
57080
11095
55663
10372
45334
63004
36723
55515
3215
70323
48121
27789
76991
80170
7426
14074
81676
14512
46034
47110
14713
77569
35253
2508
28891
11822
37804
82619
70517
29963
43797
89078
22019
9859
74699
19017
2540
64323
26052
40336
82159
5424
80973
41371
37582
62729
29109
79595
88763
68104
2407
53075
26089
15298
17846
57642
50626
14984
68141
16777
37438
46130
58960
2359
5941
1684
58143
11915
51383
39935
47269
32819
89720
38183
75189
83599
80525
34633
75264
53759
30233
880
20273
66049
44165
36614
82435
30791
16815
83263
27927
43528
22126
63799
36918
16066
21534
38303
66923
13636
71152
999
83275
52786
84723
49941
60522
42436
66150
12731
25994
44393
43544
49718
80273
17654
41069
89156
45175
75220
79208
52560
20508
45786
8614
89837
63367
50941
27858
78815
79097
62667
85936
85212
21276
82617
66210
69461
54585
15619
24762
73723
55462
28316
11664
54620
83106
66945
73986
68119
31225
47954
9794
44509
21255
74309
14049
26895
73621
29400
64176
69197
61495
86768
43100
86467
32307
65663
26338
88954
16832
74679
10717
28021
63556
20477
44914
58187
24711
7508
78654
86736
46018
14281
15132
75403
60340
38762
193
64266
15269
53189
79960
81612
38791
62305
55510
62481
33517
12272
19629
57373
41560
37518
14970
46256
16757
73579
16494
86672
410
40241
35865
72375
50166
25671
80378
87071
34430
15531
24155
72296
77025
67669
85474
69192
59541
13040
38827
26731
16560
17389
24369
64753
26768
41775
22339
81632
57400
46557
65785
33206
55273
2037
31628
31597
12871
60585
1154
18690
85570
83630
8588
8516
61552
23860
65419
77725
75142
84288
68936
5398
64052
22374
37722
65766
60137
796
43038
69984
6022
42179
72419
48968
18447
61900
46472
46583
6011
31830
18367
60229
29597
1427
30738
47288
39785
1174
41079
71852
77266
54386
68343
72345
62599
5049
19985
12533
26150
47240
70158
54482
42428
84785
71166
6879
22946
35070
34407
36708
55265
86580
63033
32665
3190
82327
9741
86526
83553
52887
4336
58944
20346
70318
45138
12570
72749
14812
89341
28473
64429
79381
48780
47794
68928
83631
67323
84898
80089
63419
69131
89885
38545
23189
87614
84109
43917
86078
45115
4904
8113
68026
44096
57323
54070
7142
86956
13219
22903
28072
71283
34690
41823
66884
25880
74771
20643
89134
25490
28655
75668
8500
82442
65394
48643
6421
5123
86899
56144
32181
74943
45061
50129
75983
23134
2175
20234
26414
25131
84613
59576
21466
49714
9102
39179
72422
69646
693
9928
13550
8581
33184
83436
59624
58909
84443
1884
65337
20278
57924
61459
33065
25997
75202
4602
5592
46399
70463
12682
33707
38544
71360
17296
77765
52289
56794
62741
34020
49093
12463
15914
39390
83314
14770
8450
66427
17352
64360
18777
72542
42192
35972
12928
4848
31052
86860
76118
61646
38996
44741
72356
71851
43807
47796
66105
58927
46017
5052
29548
83299
17063
23894
31594
19995
9819
20567
20569
65853
86348
24531
64304
24297
80104
41303
38806
53965
13113
44162
75995
2591
21861
77241
21848
88781
48566
2546
72934
54778
79407
35366
86555
87594
10317
82713
3887
80342
14891
87486
81248
23000
35782
18435
62369
78103
17368
54853
69191
48173
52040
4451
22362
4587
4012
41184
62195
88054
2117
80649
87089
16584
2875
57837
58131
27760
8613
78230
83955
89463
22687
47251
53717
36489
19715
45561
58868
32479
38750
38898
64306
77651
48828
18068
78530
43798
49045
30396
34150
772
60502
3733
61651
89083
32380
18334
4875
40000
62718
60284
47234
51554
13170
63550
77431
65941
57862
31529
62110
30109
54672
30930
54520
11111
46827
62690
41971
88742
27719
43025
27870
27647
11553
79243
73121
6600
81839
14774
61237
40110
61003
83536
60175
17005
28739
12585
50225
83561
81605
21701
51895
22319
79722
50587
18212
35167
76159
45242
32992
33490
1269
17061
34228
21526
81167
61158
20650
14473
25926
22456
1225
50699
38650
8277
46636
72826
75786
85001
67800
2688
21240
69638
26266
17976
32369
68615
88707
23438
68937
49908
33700
10367
22204
1091
64767
28036
21023
20188
71488
44269
15069
39194
24907
77683
53273
10087
34137
56905
44338
6655
52408
7695
38145
57290
16141
18281
14339
8889
66187
2728
45567
5748
31018
78755
85817
23534
59359
3981
54732
44751
30496
87533
69146
72034
35514
2648
63968
39051
61180
76133
5161
71938
83207
56242
10152
9774
73629
47281
73596
23243
2238
974
50840
19560
83560
6691
16077
29250
82944
66809
85210
43635
51506
36882
53131
1980
8406
38902
9105
89599
64533
67656
68367
41410
13162
76887
71364
54456
83441
9475
64977
80450
22290
72818
40319
10062
70857
67598
38364
47566
16505
11200
31405
86077
4326
28949
25945
16470
39567
71551
53321
43247
10508
73847
22127
64775
67771
19433
60366
61603
12721
86867
3425
67889
83635
5940
82621
29057
68522
54018
16237
66595
36654
84203
4756
37796
1875
19352
65518
66428
27957
38030
58893
42746
84563
57858
75692
38935
46275
13579
57215
79226
76892
57407
71288
1290
48979
14275
18137
25286
87404
58573
13264
41431
12863
61690
19157
68975
25998
23913
71717
25784
10225
72191
68383
34152
65388
78682
34470
33072
71695
88302
38986
15735
58936
62881
68395
67125
13042
67201
66110
68552
53872
287
13394
457
73544
46095
1464
35815
72028
27233
7582
52628
4533
25190
48913
45363
31048
71915
388
56778
83380
28285
39082
44928
79146
24878
15490
33927
73337
14285
5046
71878
53488
8089
53078
54587
5900
46042
38153
72670
75545
36854
47445
78418
36330
1957
82177
68211
49156
41392
10612
76656
5642
56170
20739
163
24854
89018
59748
19999
81853
73569
70034
74749
32981
35598
41574
58511
53718
15256
45015
80390
12400
66547
88974
59895
63471
11229
68657
58453
85317
59374
46754
5632
54511
4221
41460
79075
30257
81156
68769
22178
48186
45549
46856
78253
53031
53250
3010
22878
2205
65666
39896
73936
28049
4125
50929
73191
53041
47702
69093
17571
55880
87232
53313
27022
56656
39520
87895
87484
3246
74857
45091
55224
44998
38108
20452
37146
78222
20051
26843
7614
62315
48785
10521
24928
20822
64166
50728
9076
29150
59610
27735
69190
2506
12084
34234
70402
46686
44772
73351
82123
42660
86249
11016
3657
12308
20022
88577
16683
81955
35158
62239
68593
34483
74993
58500
42497
38432
84380
7975
40850
10971
35107
9922
57851
7252
75414
82744
58994
19037
38446
52384
58753
62141
62168
51720
78455
70101
22963
31262
32310
2948
23568
60200
37050
14063
35076
62482
18505
68993
71264
5308
30302
70875
45727
14521
54062
16380
28319
6529
56532
77749
25363
76093
70059
27182
6183
69862
72656
8988
87106
19217
6311
17454
55582
34330
70800
2384
55157
7256
23980
33477
36583
2637
85728
70525
18291
41170
54031
19298
59512
61065
89745
28651
70703
67755
75482
11284
51869
65059
43325
89151
10433
69726
72180
18439
60571
42311
37795
32518
52870
7251
42820
38033
76167
47192
38258
6931
55201
61168
38463
71539
63812
65506
9828
29032
61282
42897
87947
16544
54044
61791
76820
56997
56555
25792
4167
22489
34377
21295
35314
53904
68906
21707
63423
10542
48929
72649
14478
74786
69713
80736
20751
18702
63933
63017
28887
77363
89559
14579
53720
57530
51717
26116
74285
58336
35813
25849
51803
88771
63078
55030
15895
59833
76202
63583
44862
72864
20873
64040
80898
76829
51193
65403
75170
40925
37572
74848
10292
85918
26451
36239
46056
69900
88966
5396
27992
32208
54551
26092
26326
39966
32293
45083
44044
31046
56774
35832
6582
14595
49535
12239
13495
58521
13328
18441
78186
33747
29448
10503
7160
84350
48404
17806
73751
80826
70881
70069
42672
1024
89494
23168
74449
19639
4779
55228
36992
12418
63213
4888
23277
38042
77051
2445
701
69616
89858
25104
32370
64328
84551
72137
31582
12058
80550
38857
88192
11950
83567
4672
4999
50015
42880
42518
40399
32804
69273
673
86323
41029
4210
58558
73897
25582
51531
26739
17483
51521
72409
44875
69959
56745
53094
456
63696
13517
21171
73834
77545
16201
4335
79569
73680
43410
63786
88254
79406
12140
4709
16736
56630
13346
42
50335
77505
39911
45354
44442
4138
86118
69609
44100
65435
43254
89602
78401
38884
74511
12646
29193
82188
68375
72717
18778
35958
62139
17544
10815
45076
8519
54433
85324
80456
48845
46564
28489
4771
87707
60316
49466
67204
56460
33928
76878
66408
49472
64867
73421
52804
9179
12705
32774
52733
89556
31516
33745
17376
3361
62905
21741
10658
43432
10464
56201
17869
643
32185
21597
39890
80983
4044
56183
438
82732
64772
21078
79400
71125
46155
20170
54642
56406
40435
80686
34041
59973
46811
10798
79339
4953
20593
76473
81467
80180
4187
65759
35157
21340
81597
44878
62649
38941
17333
71313
47223
77779
62467
43879
31381
39663
17699
72618
46408
54830
75784
34211
67811
58883
1226
71284
46967
71925
68472
80661
19178
1234
35888
73806
13705
9632
19898
68050
26281
4706
19162
3447
9014
37609
18857
21351
77214
58144
61597
68256
3183
18972
4714
71242
88772
10502
83112
86025
13723
23357
65153
45662
13937
56542
18764
32710
57946
75165
6513
551
19248
15551
36015
69595
83351
85309
4494
30650
30398
86192
13381
83425
60273
54075
25052
82468
77455
84838
12659
21555
88507
43256
69893
17145
48214
34224
4569
86303
88695
1346
13781
12788
27003
12154
84764
28683
39487
13413
28510
60504
12499
26443
22517
84143
27277
36339
12591
178
23004
50648
16181
32900
66625
19474
26616
45531
78406
24400
37597
70945
78384
6541
76194
12403
73655
80926
65202
18013
25241
50079
40647
9858
11666
17385
60510
33146
88280
67705
21052
63383
83241
64227
45621
78060
32943
23871
65375
76038
8335
50023
65740
3656
62340
68311
73858
40839
8370
79055
31362
37768
63496
26118
75852
20069
73383
86997
59762
77685
31454
23804
37959
58360
50562
68573
27569
51622
20769
19733
72265
50157
41901
61310
51703
6638
61971
47853
8839
29265
51561
56419
9391
26190
16715
1665
55222
41060
56787
3375
60403
89072
20364
26418
16562
38531
81333
75610
42750
60924
56537
78356
67652
88081
63916
42590
66682
18149
54320
89154
30599
84184
46214
26543
23108
19670
72698
1166
35235
48615
41716
43677
59837
9216
30016
35731
20028
86068
72596
60811
31951
6913
18593
72255
25022
54808
26123
86705
72262
52539
45141
29043
53605
18722
87263
34141
77439
53318
58987
68471
13655
85304
78889
87524
3110
34742
51088
17587
52601
26082
31881
38396
11899
57758
83405
30570
74776
828
10217
41938
13706
59705
29154
10696
70231
84040
53929
53737
83366
7502
16914
31149
80771
6358
76076
39659
61826
27989
68085
29657
28044
2526
17519
17749
43513
66962
53115
12046
73391
83111
65215
73566
65644
87300
50439
82652
35473
46543
24413
8640
21407
59017
61313
62192
27898
49843
80248
71657
29313
38708
29452
22644
69532
66570
15398
17391
70972
85531
6686
62205
10846
71446
9927
5159
12372
9515
67559
10987
68901
38993
81336
68944
24349
45529
53357
88876
83134
6100
33853
26340
59393
60709
48836
3453
5921
18684
55815
1638
76342
38196
52907
84159
31363
43455
80570
28125
64002
16637
49098
74996
15947
59254
70147
77196
36852
43871
12538
70406
48426
18550
56963
63024
41870
22053
89521
25703
9335
76311
78536
20277
75081
28053
61410
1921
30325
55301
49197
21137
36600
40315
85854
16525
237
65020
44860
26974
5563
1028
11089
6441
7600
48716
53646
82635
65340
87633
46118
36117
67773
2895
5218
16910
53449
63546
32923
72627
63877
89649
68907
44146
44579
22649
52183
7666
2315
76834
7305
30238
73957
29325
40162
51417
22409
20757
50509
47262
16211
26068
85170
75076
57940
25065
29140
50878
51239
60672
79388
57634
46389
24226
14787
65765
78784
16055
8258
75200
21067
4557
54840
82995
28282
25027
3916
69377
46948
68266
34433
11197
7781
28325
22479
28490
63428
23717
64245
14372
80535
19887
55142
28014
1282
86429
3961
33901
87478
14568
11141
1384
24059
21356
23853
20459
84062
89522
59823
34322
25150
31851
88205
3746
79233
20483
5407
28342
50165
23730
61160
45959
54675
46211
39543
22417
54099
24558
20619
39886
9960
21307
4007
54925
10938
50735
16312
87546
83474
10839
33439
992
9392
3992
86931
6178
68355
4404
50067
51944
46952
75098
70166
11825
13680
64031
64246
3322
58429
77872
2318
64962
59782
68601
55707
8293
75595
16698
2029
57827
76611
73035
5996
2369
80294
87132
28701
85019
87902
34995
35508
76412
530
11495
36590
17893
53749
51774
73281
81917
15831
53300
19710
41421
3710
88237
79394
65441
29843
61956
23846
78033
87396
77478
44940
48052
18812
60501
26970
57582
80731
63273
34427
4218
9120
60978
15569
52900
47144
36977
61751
42870
56105
678
33135
244
47845
56930
42411
78644
2297
81452
42602
34042
38157
68957
27856
62813
29671
4685
61146
30616
64312
13078
4080
19397
18946
40383
75337
37841
27232
72037
19585
36458
82239
66472
137
47084
85346
52611
8962
56438
29993
52702
81772
21802
59122
84662
23120
79881
2391
12393
49054
32028
31864
86203
23651
15747
13080
3379
16742
30289
32188
89653
64390
32113
13488
44149
45656
76733
25801
55162
77533
66488
28743
5116
29300
37278
38092
47163
55362
28694
53463
82486
58858
12375
45212
25522
67779
26379
2669
56882
61606
77564
36463
35942
83008
11892
15324
10484
84534
89711
62490
79777
9618
26344
64778
84767
49937
84971
37178
19428
64327
85536
88725
43878
51890
25636
10282
29357
67947
29730
21886
52380
27610
45413
62092
62303
68505
21646
63118
80500
62101
27141
70024
74690
71223
77783
79442
16836
58730
57102
6955
20083
50915
67764
16216
9181
66001
8817
33197
71410
78951
34810
39321
33613
497
81425
35254
42832
89436
10776
71837
55081
4191
860
59873
85283
14195
58296
78891
27314
26218
74980
47206
53271
56933
38461
46395
19728
16323
84144
85311
40866
76392
10647
37277
26334
48367
65088
23241
41464
67143
34555
80554
79076
46846
3878
51087
1554
83321
75112
32908
56219
84968
45199
55448
19369
17303
88535
40851
38556
79505
72004
31137
33606
80320
71653
12530
81374
42494
39811
30925
87023
44451
31798
17072
41985
44904
5357
29623
32347
39540
83595
71462
78263
69344
79799
109
24330
9823
28224
44925
20473
22567
84961
21092
25025
14748
29681
23246
485
55937
66850
32803
32231
44503
19838
40752
30572
86868
66088
45730
23606
49847
24656
74122
35089
76292
61743
21900
83011
28972
78699
51708
40770
20812
33706
32092
42174
12720
41544
70424
61511
73785
54127
58469
7399
15061
7829
3667
32384
5073
32334
77536
43545
85498
71867
83052
9519
48840
40056
34333
26623
54565
7938
80121
78241
4102
26775
37012
25234
87043
52528
46113
19329
9716
77739
3711
59251
41623
17012
16412
5779
55855
8976
33675
32008
51918
5775
5432
21283
86591
16643
53647
62550
36030
37176
64782
41192
46360
15145
49523
48428
8234
1352
15317
4688
75693
49978
44858
43937
64189
37349
70647
3679
26724
37281
28425
3057
7789
88613
74861
50714
74406
7051
62633
69064
50024
61477
86992
14282
80459
49344
49446
1745
14399
59078
79621
11182
7699
85945
43355
88310
66503
29079
77788
19267
81811
48896
14648
27356
66627
13440
89408
30944
43453
64710
43804
56339
61257
45124
8796
82662
13229
74823
32797
27336
30785
21601
22321
38860
70697
56589
62919
64793
65592
71719
58393
35640
48345
52275
14566
83548
6074
10594
10726
45558
15420
55920
57009
19076
30973
81910
79493
68754
63738
38621
22602
37645
17863
3151
56762
88479
36983
85018
15620
56780
56741
80504
19930
47979
39277
69589
59880
19187
16645
55793
48313
24659
21717
37363
76705
52588
21947
88576
29789
15041
44138
7954
88147
79343
74661
86700
34517
43444
80210
46281
9619
64122
59486
21537
32894
49190
19886
32637
22781
80143
19391
11280
67197
67503
21464
11577
62796
13974
50456
34146
76756
61860
41717
42100
62314
6737
65782
6721
83030
28209
19300
57649
87973
58555
57816
14916
56208
62703
72791
51391
49979
61210
78499
36641
27174
22804
27868
17315
14438
76869
29297
23888
78132
61590
56568
10017
74537
66786
37864
75160
32148
67918
55826
20033
72575
38164
85118
68866
54208
50952
31277
71748
20661
376
64500
18345
41705
11784
63816
61490
60193
14286
47267
82943
72499
86237
41676
5609
17283
6264
782
12045
47505
11488
60073
47271
38725
48364
66438
3074
21306
43157
45941
71686
86609
41377
73724
85410
17078
8287
67113
18780
75104
58675
75099
74310
66128
37937
9847
54309
52649
87036
82813
57353
16170
44402
773
85172
9180
18767
72715
44297
82
23544
19759
9611
51074
1903
88241
25282
74412
85255
26639
63371
7554
46637
79963
29284
65764
33280
80610
29497
64549
57489
21248
25350
60111
82018
65996
29299
8663
11781
23584
18560
3482
8724
3103
5736
18652
49828
4089
18489
68649
32530
42213
47966
19740
6304
24212
81251
79918
37312
68672
38952
16709
88465
86831
1622
61362
62900
41927
83724
37528
5965
89578
13712
20182
35806
77935
14461
18553
70149
29574
26019
30151
17292
73700
1882
14360
41618
42479
40885
11329
66140
56291
45207
35981
82829
15340
11215
79141
11463
23401
21185
47859
35346
1451
67238
28270
48884
72491
32941
56036
30825
12952
64537
32389
39320
41706
42495
51094
76743
56809
15469
84409
40946
39490
55229
21654
89922
81716
45634
2936
80153
49362
75854
53939
32466
47829
13562
56519
61983
67350
61062
48082
11766
44782
52932
34195
24303
13124
68536
30170
25543
63820
72827
64650
20613
62412
86863
9174
57923
52986
26909
84218
7324
22617
22834
40897
51678
67303
27213
16667
58779
20326
28759
44833
15243
48362
70465
28140
39781
71008
40117
44983
32108
80120
473
18949
7760
88234
22185
31096
83490
80664
82221
75449
74770
23032
62147
64209
35052
2314
87038
76021
24719
34562
76971
24779
37394
79736
43602
52038
72550
86626
47696
49658
19582
21703
10620
73875
10113
55599
15766
30701
6208
22241
85657
29637
65069
74580
18943
64103
87566
73168
56447
77991
57534
26904
11870
20817
33698
13772
89548
61004
78554
46026
64748
39362
69740
70953
1821
4948
85960
74713
65393
38786
44982
11473
21592
56000
26502
29050
36509
79665
65569
54396
67457
13163
33591
13775
23221
15104
25372
16206
88989
32810
45030
8974
52553
1889
63532
70561
15794
61233
32257
21375
48842
33287
8541
73738
11754
56175
54105
77949
8301
49229
74965
12893
58228
66735
52567
12376
20415
23174
85349
49763
84264
21832
48971
8463
80321
26174
71501
56819
62122
51303
18707
87027
33704
40
39329
62233
53670
13703
55946
46743
41100
78990
31317
75489
34455
18028
9243
39563
45765
2919
28823
20820
67927
46440
55403
544
86852
7478
26109
48430
84614
63742
59221
3807
34135
81579
70016
21224
87367
15193
74557
81616
4046
23038
54995
74984
76864
56396
4911
42933
13194
19947
45423
25529
46675
78457
29203
78319
79262
21347
71033
26907
58176
49877
34952
13865
28296
42202
21236
2087
28208
73801
61181
54415
47967
3016
76610
37966
81434
26902
63114
83573
45744
86544
59392
85432
25946
23979
68327
70893
74097
84812
6346
64356
72436
76062
60488
73283
20036
29759
21109
49274
67045
78638
57088
32752
55140
76048
65439
27421
28516
71629
13954
76102
40520
22256
30307
47645
14483
29080
86812
39611
33331
60481
88916
67527
16607
46523
63045
83344
46319
82746
46795
4148
3596
75832
89588
50798
48320
17029
41267
351
79218
89440
34894
19026
76862
49280
35762
744
35501
37135
13235
17798
43268
16220
84146
41736
10780
53475
36154
44455
51706
6292
60427
85080
47038
17103
76622
1116
15903
12110
2965
75523
54307
85925
82236
63360
39389
89294
9428
7128
29915
74348
80598
87996
14601
44077
10804
17750
8414
41672
12073
50070
30747
28481
69195
46
33507
76570
64780
19019
23593
49212
26088
84739
5230
60685
9979
1908
25066
40617
70947
47051
10056
42447
1401
16426
29204
55491
20136
86441
8343
51221
80589
9430
74936
73278
8422
79052
84860
18953
41801
19080
14191
15150
53516
14542
20532
8772
74423
38809
54623
38804
21930
40446
88259
57614
86985
36847
47536
61053
46987
52575
80522
42537
87725
32289
54217
48852
49106
71505
2616
41397
16951
46768
47002
84371
14179
23874
20152
4615
87791
4135
46006
45745
35692
27541
35004
30632
81960
87066
75971
60626
13141
64911
77695
8124
17157
28618
32587
87287
29821
33731
6846
19896
14726
80628
30577
26662
62081
12088
38661
69631
59023
12689
24556
71741
43360
4648
48624
71244
69667
61082
37335
44521
13638
38987
58504
8428
42948
26466
65180
6618
20054
49192
71300
10870
23825
78887
45233
77095
31642
76531
73954
27384
3592
53799
63580
58725
89230
27711
4249
66872
52633
87397
46813
78226
57312
64906
31848
37440
40453
24944
78716
73899
19630
22773
63079
4986
83123
47819
77262
55093
9840
88652
89386
35140
53212
85615
1887
14749
31442
16083
37444
26986
41580
19528
35406
29912
10458
76506
15883
44424
14662
8069
32387
52644
13990
62240
69444
46613
72590
41527
35499
14295
81015
15698
3990
66691
35807
59648
26151
15098
18581
13498
31122
89132
88783
33879
74233
32622
78976
45952
59701
85129
62825
80247
71158
69050
88453
6250
11967
75150
87615
70547
2413
14168
31899
9745
43564
59028
8843
51420
5621
76657
87556
79163
49711
12808
8206
86214
86929
87383
54962
25743
49115
87388
9249
80484
11007
10242
22222
30174
39832
13698
7683
83424
48354
24182
29716
20715
44992
8376
37264
57722
23920
87919
9167
71607
5112
50669
37810
26928
7242
84867
77800
54617
28447
16614
40673
46154
62851
17854
60308
58755
48998
39264
17956
77795
14046
65133
6677
50410
70976
62418
2204
73091
65467
41178
38247
86593
75531
79749
21124
17707
63051
76174
56370
11533
47918
81663
17848
62646
19134
81630
12836
84763
52717
2054
19661
83705
41238
45564
78547
59195
22569
47977
31403
27767
1495
71855
50602
49770
78807
49614
20058
35633
29762
24778
4409
82967
58865
62446
63921
989
71458
46445
7787
21631
14185
70943
56307
24341
25958
43233
11315
74417
44073
83051
51772
76674
30340
9568
45342
81249
18491
58071
21669
12666
11934
45220
15949
42145
43541
27413
48126
47231
25364
6404
51608
20902
78879
66495
87586
52144
30928
47669
61034
33156
28338
23166
69243
82031
87433
43037
64957
70608
27162
21782
65659
62046
68939
83091
13439
71301
39685
9688
79112
12235
52889
29694
83013
28138
34444
57412
75633
15710
44570
58468
36995
39347
32150
48304
60131
5550
4435
85641
55867
21499
76090
21114
29501
25484
54373
16382
20175
6474
54341
71983
57047
44657
8919
25865
36292
83184
80669
22342
43477
43603
6073
80671
83953
23014
23194
27637
29170
87133
6023
43459
20353
22239
56680
55261
61521
21719
62885
2158
76409
83854
19281
56847
52949
44219
55281
79317
84585
7805
52052
41193
11133
82697
29467
940
79803
35333
27332
3179
24608
55737
31576
27614
10730
77401
15440
41175
49358
71796
56970
80518
26853
3303
32984
44156
82694
26688
59709
14755
7560
16262
81176
3188
20768
82660
63661
71323
48735
44205
34326
65534
3682
82656
42017
36736
141
20748
33796
41381
79237
38269
62711
36187
37743
36321
62535
23848
71536
28497
54678
67039
24301
18170
43229
70725
3542
76224
16817
87070
58592
72622
18229
59543
59596
32794
42324
87655
16703
51524
83559
4071
66142
39398
11640
49968
4860
45763
2933
29321
80003
75178
11972
71347
36985
82152
13115
18935
69054
25403
33869
10589
34489
30300
10114
71428
5261
14710
2729
37720
27440
72765
82459
71641
79504
3910
46025
48532
57917
53848
70088
7903
88540
51376
6768
21127
47103
70679
86353
55641
51936
54909
71789
5649
56828
1938
16222
20350
61674
22767
29996
14722
67167
86473
7191
13898
15031
14346
2306
27012
55750
42763
62763
21290
37801
31791
89479
79558
76616
78748
32425
89377
18993
29226
20393
46526
83259
89582
56730
27634
87864
63191
81072
4928
38343
8970
63056
58724
360
51082
66519
79022
71705
34782
75913
62479
44761
9510
86896
56348
36946
74336
28843
61015
69385
41780
42646
25500
23610
42823
80508
9884
21425
87412
79031
36638
74782
84213
39883
22901
117
24035
53567
87080
67723
67292
50861
21388
69580
1376
68597
11545
87018
39763
635
20184
86534
83385
69445
333
73549
56939
32866
75749
71816
3119
73930
922
12581
1196
24590
48952
22229
31204
82001
81699
61811
2604
13797
61897
66043
28043
60405
20742
41311
23686
69668
89468
86449
73913
32545
40260
69645
75886
37193
49795
76729
59649
26212
80058
27042
11702
86972
56924
21819
88121
72610
41538
85059
81664
21940
19706
21659
62289
30502
61183
57209
89551
35805
88144
53143
72102
61767
61068
66869
36214
46541
39381
11836
89449
31407
31685
58078
8333
71643
262
21682
7635
578
6322
33735
2722
33444
59216
17267
45575
86211
4898
54461
27436
24171
67761
55715
71966
69479
68506
17495
36127
35520
78769
25589
44378
43918
17884
49375
11832
53018
80706
53710
81739
268
22594
6069
88779
25347
60529
46897
3750
54033
64173
67124
36178
37530
62907
6877
14045
75108
20615
20391
27211
51065
85354
77777
85484
18704
73844
64196
37180
7608
59197
17490
68815
11278
51459
38123
47302
12789
74725
38384
37769
23565
47492
73372
44641
32109
40854
15089
67087
89760
6526
18629
47869
17563
58119
81651
34120
67086
70212
63954
31722
72068
50100
9996
13251
62227
468
6314
27321
57841
28556
9748
58361
18210
2187
25602
89059
39013
81790
62727
41440
25452
12137
56020
10204
33476
11120
49451
84569
16111
74170
6593
30077
27140
68136
17649
66075
46180
39718
68799
51311
4160
15819
57229
13329
19405
12384
56466
37746
29397
8227
48327
48966
1507
2455
1358
44046
86496
30039
69855
8951
75115
15185
89714
3956
65182
18612
27591
34244
77213
17673
57876
75332
22954
33805
12756
83958
89421
71315
36605
15405
16787
19020
12531
55758
26975
62175
19339
21503
89512
14650
76149
1052
10476
71065
63293
58626
12373
46341
5107
33536
13975
55613
57864
19304
36788
72318
58213
41374
61697
72155
73857
64639
75958
23555
22150
66694
34891
79272
798
27483
85028
9058
7525
1218
41016
54901
78544
24295
7240
15628
71960
2320
70891
2290
48747
8863
2815
71677
65949
86892
88750
52576
18920
22795
62135
31762
41399
1095
85068
55310
75830
15255
19233
24955
59410
78811
67016
68084
62507
80253
73113
1368
18743
68129
23182
68562
55085
24853
84532
54369
82425
89446
88936
76390
50322
79264
6682
85652
68655
84940
48649
7125
23835
58606
54005
25409
58057
32084
81927
35515
29222
49813
79964
49962
11624
84597
14735
49981
45035
25421
61943
5208
10352
11159
73165
37885
79758
16853
69883
7080
38427
49431
80140
78450
66840
62787
67809
52110
35801
59422
57745
44827
87113
52372
61218
37359
52995
1229
49602
83115
56957
57617
66304
24926
46708
13217
8117
77729
44933
89591
41558
45225
2000
45450
40143
76613
21854
60650
9584
42893
23127
60933
75488
58272
78560
12851
79130
48368
66296
5082
13601
1831
85065
36743
85331
645
14469
74251
89907
15288
83183
84943
49308
87488
20670
22540
7468
56563
37455
82889
66947
68456
43624
38910
32679
56100
11365
57207
88336
49437
62200
52022
81549
2437
24528
59582
25161
38683
15483
77441
46959
23887
34367
25744
61297
61759
70692
67012
43833
62888
38916
82951
68925
69430
23963
85313
63552
79789
84000
73908
13876
52429
60074
46506
70949
46928
50886
36554
71857
2405
56079
54884
19137
71397
80481
65927
47195
65284
50853
17468
71549
73561
59002
82741
51451
37066
13208
76980
21688
9
59876
23652
40844
35353
80274
61258
39046
43374
12192
78461
87245
31211
23889
1482
89239
51014
15453
81536
55401
88856
6975
38994
62049
79341
88397
47246
26430
35493
21909
78179
38174
35674
61307
30463
80960
31867
67212
40067
12864
48112
21154
75156
79927
77252
56422
76463
21483
15394
78195
24634
35245
33533
82839
11181
61069
4677
18043
62627
25977
33586
81027
70413
1248
79670
43622
83968
34233
16103
50169
76498
7065
12249
82362
45652
40022
53644
87611
1504
27937
76085
33912
71738
73890
49698
79687
7151
62320
52912
29385
48200
19343
1299
54119
41482
53452
22316
16434
24941
82041
19228
48594
13257
70551
44186
66248
80235
26653
84560
89952
11324
78272
58508
4128
3034
50040
76415
67912
39536
49532
22553
48226
883
54243
47765
34873
22415
24339
42135
5271
87959
16913
22765
29412
78788
16056
76949
87991
35827
45114
81985
15600
35495
9890
29939
36549
78351
33597
72211
73773
29964
4002
73511
60410
68594
50736
353
40423
66554
63987
77952
74949
2677
1201
5453
33269
83016
86639
68368
12573
10802
7225
64688
29984
77868
1012
65814
8434
46363
74739
42938
47858
35851
56435
47844
43258
79353
50451
81596
48945
21588
84285
42968
8949
10213
33202
70144
47257
86475
33408
18309
60736
33123
85338
44151
71192
60374
15617
21430
44717
6610
78568
59471
17464
42401
37649
72566
26345
17258
78493
929
24404
31910
87392
44566
10483
3689
66059
41481
16979
9325
4697
24419
65065
56098
54760
22169
25170
80482
65073
31618
69630
79924
72574
4582
72975
2191
12879
14120
46222
23015
68450
27691
44609
30772
9301
48763
21068
80942
46533
19515
34847
20309
58666
19986
13305
45658
23173
72448
80547
52225
19722
64043
12778
47770
53663
10158
60416
78734
44764
4903
51751
77157
61669
40330
5244
41729
28736
25091
15012
87400
80841
12461
65522
50209
61036
73438
45240
40472
47204
61143
31333
77845
73881
52794
81573
5657
74403
39638
59713
46332
18262
46367
74479
56812
45331
78251
80191
61583
29074
89127
5225
43925
74998
77707
44279
73102
51393
87410
7044
28306
77217
88301
76257
69089
35680
15282
63186
59229
23769
44586
72774
40403
28246
33160
61652
7391
75197
59495
89462
38796
48201
24841
47396
15017
13361
66151
12424
62333
15284
40671
12168
4592
33788
40095
25986
65888
51426
19472
40139
50366
84417
42072
21866
5530
88721
80472
59435
71758
22343
21965
66127
33325
9718
45367
86637
71769
64511
20796
43557
36972
33854
21184
77862
71954
46101
40444
51947
55444
59497
51050
16112
26262
27056
48076
25949
9195
70436
4559
64136
12071
78796
79461
58759
64917
41140
57028
65870
82901
59325
88002
85874
16204
77366
12612
52222
29375
15927
10953
9839
39784
60270
72812
44749
62584
62273
48572
68566
52054
88600
64520
16104
31367
4468
30524
79344
25476
82196
3037
62232
83828
28874
47865
84956
4998
53537
5019
421
390
46327
32643
56825
64964
59812
34369
12817
7209
21330
31356
1377
52716
44130
74779
24254
53291
3298
18547
76873
39792
13443
9644
20009
77307
38660
83174
1263
38511
1611
30074
89704
87963
29273
66790
42397
22428
4539
82975
46676
26442
89420
76629
40043
71055
31015
87635
56744
88810
24283
27533
41674
10322
4678
78389
8022
61846
6245
89884
23102
36434
15321
63536
63959
823
57907
87494
37671
21457
88712
48245
29914
4456
60197
23319
74868
69242
15566
24522
18146
31712
48064
32971
62075
80726
61312
26196
42234
89214
3556
15408
51062
53988
39114
26090
41987
27427
47403
74111
83930
59113
52787
11196
31002
78447
60016
27464
62428
36811
20566
53905
41599
85610
28777
89873
1474
75441
5102
55608
15393
18165
17478
48028
73941
27707
49286
53401
21906
4981
88210
53925
88385
2403
38889
45130
82834
41588
34870
34739
61964
77092
64900
21282
48387
15479
12450
34572
1666
5997
3604
40414
74091
31493
58620
55504
89175
53830
26677
20854
37326
44598
3469
54513
86169
54632
43436
3072
58040
1765
47390
51422
87244
34334
9863
38552
87346
65457
57919
60264
81059
13641
18058
8521
69958
34784
17920
16456
57461
1846
20369
42687
8586
21309
24832
67287
72952
63470
9223
46196
5262
72527
5601
8509
67269
66759
24167
35240
66422
42452
74588
58003
74129
19313
49294
7287
54166
21960
59977
89965
77859
9034
4469
84115
1057
88835
16067
45813
64016
11063
43002
4689
10435
17597
83518
35548
3867
89942
65977
8655
58912
54849
62115
66859
79248
20719
11917
77021
68777
42598
48767
82885
28100
86625
73812
50978
17130
43318
74337
68463
45780
54330
51028
73702
22225
84006
12711
20561
17171
60338
24169
18185
15181
1017
71606
11194
85332
66968
74911
12625
8004
15868
11729
30064
35230
48633
86397
38055
7630
38693
36939
27692
55777
47392
47562
66766
13551
72442
64620
78761
59386
64211
50584
63512
88733
46157
74312
60735
31372
78658
78606
54401
81301
86778
3418
38173
50133
53819
46800
44677
65098
39651
41232
72995
88967
807
18311
82371
69486
7211
16408
53839
72322
64790
33231
66656
46080
85511
87718
40565
34903
89113
86565
58922
65380
26569
27221
15152
18586
23705
46858
75299
20426
26016
71320
43470
68366
32505
87789
7149
56832
62580
27124
66680
67731
62817
54376
85533
20290
8194
34127
10679
75756
26564
19623
66149
61081
23985
42474
36025
30897
9459
45080
79587
14017
25438
76117
36843
40591
59446
17575
48640
38703
3304
7542
12709
17412
34123
44814
24
7605
56276
7994
53436
80606
65622
70854
9290
67982
60646
42047
14537
28187
5790
37833
19199
23150
34749
17565
76075
45117
61526
15965
16177
58637
2622
18719
76143
66061
68674
21602
67651
63035
12456
20209
12478
34387
67049
13426
19634
26617
26672
88869
84524
40268
18001
55513
34977
85479
60863
60721
73931
81478
78708
70127
52761
57364
78274
57682
68199
39061
53739
2392
14585
52305
89553
1910
70235
23049
44384
83591
66731
24274
50707
54481
72763
75805
37971
46765
31443
30002
38408
82787
77997
88911
53414
38046
82980
23767
89956
74591
43741
69428
25818
29878
61251
17795
63771
22512
83432
83391
73364
11724
59230
46536
76341
5366
86903
11140
17198
25407
11605
33464
64903
18280
31793
75521
78737
31086
52919
72783
69343
3632
64621
43297
59508
73502
73631
77254
86975
3256
87103
70524
25619
21926
52333
85885
66561
13886
20568
84292
78040
88503
75840
73761
57985
77239
49019
78496
74290
14992
64332
30867
17448
53397
80049
8469
74120
77820
43873
7193
85071
84071
28905
75620
38688
46682
65034
12954
37919
81769
62979
5677
42513
84173
81904
29205
78084
59326
83710
76696
42065
71873
79741
59634
82915
18922
66847
37138
41198
61145
73547
7493
18337
40685
83469
62248
6090
10470
79695
88125
7543
34154
47116
30692
17831
84855
16978
74712
7816
7231
67422
47515
74305
520
39421
41426
41442
66112
37087
55572
39510
23536
55873
16901
67381
20380
34679
12858
11018
19975
55252
53625
57060
5876
24471
75659
53214
54163
87617
38037
58160
65641
82946
5540
28367
61006
80024
51269
4154
62548
21421
86129
75810
11415
83389
16599
85372
41950
5186
7489
74413
64420
48451
30630
16025
87786
17131
6456
60623
19414
10596
17133
65794
59816
88602
45177
17710
15433
9306
65118
8514
33916
62673
11556
82846
25322
75996
7110
47379
12920
78540
40481
57754
58064
27276
28247
36758
47700
57326
17681
58557
12083
79257
36410
63972
68420
41889
20246
74068
38299
39260
22054
11534
59085
36165
45353
84476
7277
64249
77635
47916
77535
1489
73450
39664
2606
39752
7004
84806
43342
62683
10333
84445
5534
40819
74510
84695
75402
51064
76800
63534
89133
11670
86843
13452
88345
39484
28986
3310
63032
89297
29519
3351
74934
38674
41808
38951
24991
64371
72859
88396
46156
84657
87838
48278
40571
49575
11128
25420
76759
1679
73630
1295
77828
28126
45566
13839
67467
64934
18738
46060
46386
31776
8893
17297
89412
1776
5572
34235
37573
40556
72007
57513
13782
34801
15524
80358
21451
55050
10266
56793
66196
71409
58218
71024
24707
86435
60322
43728
70991
9952
39437
3450
66754
18782
1943
59457
71000
64992
66132
32459
33456
73794
27869
62294
32730
30273
10991
42423
14869
30499
4180
975
66997
82776
39057
47049
30893
77943
80533
23255
47717
60199
30905
34548
69340
33466
60968
69373
42246
1808
78362
3318
70190
31629
30055
1463
78080
76115
23433
76092
30859
73514
34395
49924
7961
41216
18490
35922
51957
56766
47981
209
86670
63236
36020
59406
11258
20759
14003
45502
68581
10269
5430
23327
65783
52510
45102
47959
76051
43543
18105
16455
50935
72982
54255
36387
26427
23452
16471
19725
6171
40997
86506
31636
12698
68603
44458
84958
86038
69409
89336
9154
58177
65504
51174
32590
47811
48570
88828
75462
30467
56950
40624
83461
46710
26211
72407
9694
73345
31879
61256
67424
63890
22174
74227
29038
85386
32056
42502
46692
7015
25535
76832
87735
74021
14241
16790
10578
48905
47933
71278
19029
28116
11139
2807
19247
45122
18436
37385
71891
6997
18086
38324
72865
45769
16629
43653
58943
46883
43143
78441
41948
36566
47769
3458
54303
16839
14452
27235
80914
89893
32359
56268
35332
5905
21432
21744
40564
51217
89393
1296
35203
2168
12293
72797
80021
12661
33664
42381
66826
5125
82448
21501
4161
49445
70188
21977
15385
264
78025
27303
3056
66578
50481
20503
58771
26003
41867
54362
52107
78112
3883
25893
36963
75062
3092
50775
38348
62080
24401
11396
49108
29512
49401
35196
34831
19944
420
78099
89982
74784
62409
82620
84776
2482
4217
14389
46093
3175
42352
31374
56002
27759
3295
62643
4527
43851
28464
13811
68731
89698
69362
76128
17071
24392
32973
45751
11041
605
4420
22929
222
13696
19471
47358
60385
37203
39549
28064
78451
31347
24765
14654
79993
22769
71265
19643
35797
67232
22425
18741
21237
2216
71520
36374
81998
6327
39068
68346
55943
86645
67592
39945
45360
49928
71885
59587
37049
32564
60302
41619
34779
14382
83223
64773
88376
1539
37137
36608
48841
37853
7494
926
23784
64319
43775
56876
42797
32516
6518
82208
34485
23931
48164
82874
9950
51126
49440
5060
33232
37021
47052
82825
26977
68969
30489
15962
38492
89986
50921
76964
3905
29851
65998
50324
43782
77403
55203
44750
21789
48400
52017
32026
76279
27666
21376
57605
28261
61930
6678
52706
4835
29817
78023
34403
61299
44316
74048
59415
71493
40943
84751
28252
27191
34893
38420
23824
55535
48581
33424
58970
76074
60439
7797
29536
8969
41681
81827
12422
34974
7980
33400
10010
46860
88708
68316
52865
58333
59151
20764
40906
20411
75592
89819
52114
7727
71921
73911
45994
35490
59972
79311
73970
49331
85130
27722
4956
38772
68132
28927
83517
33866
78123
25297
79768
39299
8859
52991
40604
75719
69503
46866
18097
66707
7181
1543
58808
65564
24535
26038
18966
38818
53914
49498
58491
48701
54650
20576
39416
8245
42223
82030
59830
31703
73077
6844
70086
44896
21021
20218
40895
39497
75331
26436
34311
82263
58510
70035
22088
76218
8239
19078
32831
23822
20720
79853
44419
378
10713
13675
12823
55728
47089
32223
22285
12716
78221
58656
46397
26692
67382
32298
67451
1449
6428
55120
41770
53166
46227
47079
89637
35488
75593
29686
11561
57008
26522
79183
56073
40838
1694
67093
73880
52058
3422
1825
35325
9079
75020
10438
22836
44732
60860
16046
15836
52395
18269
64178
23881
21112
8768
64358
14814
76281
78334
49509
23585
43089
28444
35232
4957
40352
2510
36833
19393
60992
57571
29961
63231
78512
41095
73162
84769
16540
43042
13610
58482
71384
20617
21486
7136
33404
26942
58757
30418
85823
57318
70448
30216
1133
29139
69387
69044
21594
13376
72023
50482
17212
49082
43652
46616
79482
84236
41879
52067
1008
18965
35021
76723
16484
37555
8439
62934
53748
32449
65897
27238
10224
32303
87238
38956
2535
66676
82105
17548
67679
51755
7803
16580
61920
45845
5330
65898
1624
46102
23982
17952
4453
66522
25738
40908
18891
13144
14132
88849
27382
58010
39076
54503
37993
26374
72380
53762
391
60999
22281
76529
60050
65280
72974
17794
61427
27300
12007
54147
45498
82673
53504
47527
28323
46629
27482
1103
82012
19815
7773
6908
50376
82179
72681
88995
62770
71566
1051
15339
67593
47516
25666
78923
3196
14290
17541
37119
44483
36737
81915
42310
85463
68344
13932
72147
47384
39938
89738
65445
35022
35667
16761
20846
79024
38541
29714
3094
37944
40884
56470
71058
24176
29518
51502
44817
87581
12673
28669
5650
71623
11144
13459
76238
76702
28123
77903
65444
207
44246
75367
20441
43185
42377
17006
47466
67002
79701
7503
36338
77029
36640
84333
37271
69939
8052
51568
83868
15196
78067
22705
75208
77529
447
77448
38266
17043
33816
30455
1256
1400
46138
20292
25406
67162
70975
50578
61243
64496
37147
77914
87280
38875
80995
84781
5233
36891
8695
26737
16593
31037
37020
55795
34038
80577
13409
83661
3578
22292
74763
79158
25074
39274
31861
45187
60426
4516
22393
19318
32770
61594
46253
82216
73423
14225
21408
21810
73431
3526
89708
17202
24164
48405
63670
36103
68142
89190
39048
39328
22069
69991
16769
37031
432
15123
81582
58185
23096
46277
29350
19901
43924
82455
19373
21522
12330
83006
50950
60946
20095
51482
58409
48415
28626
77904
24951
86881
1336
24735
63752
67551
2872
21054
12616
10220
9308
86191
38188
54321
13793
45211
76580
32229
72485
47297
11363
79879
12307
70810
65258
15183
87782
53014
13951
40376
65168
26182
4005
60745
35849
32553
43491
14463
33268
34439
18356
14636
28954
12754
64348
63210
74377
9589
7349
31650
54150
66242
48123
208
66737
34170
56205
58647
6749
61858
16133
65353
78995
22979
55810
35188
4923
10732
48088
54652
81297
14394
61063
74482
9513
70618
86253
84834
12784
20021
21363
87627
60935
31953
34132
23883
15795
29371
83645
73493
67751
38386
10167
15767
25450
45723
75905
34200
71200
6216
28397
34155
17383
83686
3793
29167
85705
53317
72897
40648
50898
52693
27089
56017
88000
88308
30793
61192
63707
36074
46270
8559
68653
15594
12980
46709
29903
28086
10243
35757
9929
56459
12902
6164
49364
35335
38982
4866
45105
87233
42851
32543
3792
1000
36446
57216
2326
54170
83745
58665
55210
44236
25972
49130
685
4288
69746
87847
1322
59464
15618
42463
31250
875
85827
88068
39939
54911
72807
27351
36653
61225
34875
9393
79702
31483
41809
70714
87063
40485
79072
19848
56709
69587
29810
82543
626
78420
54339
44290
67031
34300
10488
16520
85494
76952
40455
76280
45570
51981
62719
87912
21338
89722
42025
18308
35112
66956
35566
3003
80720
30405
20942
54803
1544
34406
50749
37554
72119
62207
62345
23046
72654
50099
84817
24206
40191
52874
71275
770
27815
43573
51103
52664
49758
51177
72174
79810
57552
13055
35788
24235
36326
15367
46877
47593
30751
29699
45210
60413
20153
82968
46702
32201
33987
61340
33776
5739
34839
43898
58549
84326
62188
62358
83807
65509
46808
43745
27462
63975
48835
39936
12273
68429
81601
85778
59491
76783
76549
47664
78258
44434
17366
50388
3715
56791
80733
22997
45051
10865
54274
79902
25459
61529
36506
87776
23501
2939
27620
71917
83489
71113
44487
79093
86560
733
25754
26424
75161
35860
32628
42165
80823
6248
68971
57217
19204
42872
52070
50772
14124
66065
61273
41929
83271
61272
52729
39434
44719
89657
30385
76871
80738
20947
81677
67832
1144
72804
79006
2664
27068
19543
52525
66657
36179
67671
31889
70889
51910
87771
1634
57714
70526
28935
66745
8945
74952
12302
72258
42940
8351
61992
71204
42921
43379
45496
43562
85078
78182
56830
49510
22691
61253
36356
24724
30958
50030
26053
66725
40877
20500
89155
24148
87016
20412
32800
38012
28088
31010
3804
85810
87760
84629
17024
49114
65427
14559
71583
42043
87046
58872
68885
53582
56362
89651
86481
8034
27339
89877
10134
49171
58651
65529
67220
75975
81206
20228
25373
40511
23248
75574
65434
35930
1413
70845
13670
60880
62940
45831
79126
27207
74783
71197
43280
68024
27809
1426
904
45158
16911
21456
61619
57014
44425
79352
27568
58726
3686
82313
15460
10318
32733
22253
64001
14728
23903
58460
89195
80325
80763
23746
67259
13921
71970
8645
37133
7651
22128
20553
29025
76245
67802
79304
81096
2183
79445
77653
69903
19196
60790
70117
19256
12751
71429
73189
46869
81787
88262
59203
87169
73925
22305
85363
42931
6329
769
39387
64015
13081
64841
33009
3339
46868
29441
67085
68637
63365
60969
66459
1045
29435
48283
22759
47914
10337
36053
80637
70315
7117
47627
85522
23385
27343
56668
79281
50650
79480
87168
55563
33247
18728
41989
74442
76954
68180
27700
6449
9206
63845
83119
60985
15713
36129
81730
13226
6278
33230
63711
52458
5829
970
47930
86918
87409
68467
52547
6445
75483
24665
33823
8927
50205
57506
39731
785
27873
80682
33521
7167
31075
62201
62461
62028
36800
83972
62529
11147
39000
80991
21476
47441
74086
50568
25786
43951
57306
51435
11645
23919
67208
3582
18226
82234
23280
18323
2110
42095
7213
1911
81741
61898
83819
77713
30346
44223
87490
5991
65205
24834
51419
79324
37257
45722
11510
82894
62824
63637
45614
43907
55187
53444
9736
47592
75556
28259
43007
41896
84411
60169
38805
46038
87624
17330
1678
45917
86772
1107
54581
34253
79021
69817
14858
10734
30558
55502
83729
30114
82070
1069
74720
4074
78756
5950
86382
34151
74083
34136
3432
31495
52146
17057
85505
54709
61874
60846
57719
3741
5864
72230
46691
77368
4858
41110
22258
11843
2170
73382
12181
15785
30762
17687
11179
20485
69432
47695
50756
86540
23813
59976
70383
75199
85943
8716
89490
40220
75287
8971
27138
51879
68338
58140
13127
25221
4282
62116
30297
25079
14178
81688
67607
82220
25770
5688
61071
89355
84187
43808
134
63624
33715
64558
71226
88269
451
29383
15929
20399
2382
84083
74941
79945
15419
15797
53368
50045
52767
85736
13660
89272
20752
72613
85840
51870
13800
30863
57889
31441
42740
4168
58402
34183
82253
16671
72138
38840
74729
28048
24633
24157
42231
23205
13558
51304
16355
56523
57705
66711
86508
60178
21515
44885
166
35220
86895
87518
74845
75246
64389
15593
730
28460
41243
55742
70051
34081
45448
82981
81652
40101
71846
1082
40628
79582
73367
56245
18917
4882
62897
33170
43780
9364
68517
66026
78075
24970
34346
83014
55216
43022
3352
5140
59844
73497
54389
56190
70656
37043
9353
38045
85470
20
79949
47520
46584
27430
13960
55132
65535
48724
58343
23814
24880
19960
82940
18526
42284
38301
8023
65178
75863
47644
46723
37900
71602
85030
57785
27594
42918
66533
52701
45441
87993
15866
64092
24654
257
34076
47429
44406
66780
17146
82466
84951
32413
43227
15381
48789
81902
36040
84056
4067
85843
32915
62849
5694
7963
517
39617
59296
46589
59568
63255
2463
18821
19265
86486
1803
77278
43887
28067
18538
7431
49316
74923
34212
39528
30445
70380
36492
81435
64693
24181
20914
75501
17803
35420
39526
10966
74397
58349
21357
10941
13354
3372
28601
76436
84404
24658
15351
24273
24186
13736
11292
3860
65183
47279
15016
36550
62291
77018
36128
16617
62605
49774
46412
22138
31176
46447
13013
2058
15731
29875
47628
2045
17221
86297
86172
24560
10323
40321
20120
28870
16476
12908
54867
23656
62720
8805
25311
60138
4580
55893
74341
58220
55289
48188
38664
7864
89748
41897
9130
32147
58649
4129
39127
67332
42886
69732
76030
57524
7583
84429
86140
59403
54673
70077
9451
69914
18136
45221
30715
36949
48172
48585
79812
32780
54223
29722
78354
25524
31196
25342
53438
25714
60101
50895
31335
53820
36767
1863
38290
69852
1650
51948
62154
27754
41630
8254
6318
86996
11204
14326
41798
7717
57698
76176
21543
11349
13738
18060
87143
49310
7767
39378
83353
77319
42178
83614
86856
27790
61999
69810
10923
48951
41164
25878
5318
33789
88181
84036
36476
26463
88890
84160
87654
74826
42855
58032
67645
25507
2838
71260
42597
52198
20322
21883
80505
37717
64414
76077
15570
62656
30377
31623
12216
6535
78617
7074
21346
25515
27057
59813
20886
58650
10635
35387
10649
33026
57535
72564
21444
89630
71064
1945
17471
19210
75793
79350
29830
18169
31653
83427
58324
48824
44571
9622
87946
14962
34113
57148
46509
9287
84054
17963
41881
70531
50618
89943
31113
62745
2788
53378
4252
8579
64141
35541
61547
82261
71944
50854
40518
59449
88275
32790
81380
72992
44259
81542
10101
17942
23524
52364
35082
33291
3952
88407
6079
59132
59764
25993
40804
77063
53648
38831
40776
75305
44920
10767
7280
51771
54759
38447
73010
43852
8421
43164
11660
68215
50150
51036
60560
33765
70492
52205
57259
86002
4959
39241
42067
49043
82822
34416
46106
8675
48947
26475
17719
86037
44008
2821
57499
56184
76391
71292
53590
80732
16038
22265
34021
28169
16549
13729
51312
66712
54983
27417
63242
18139
58509
85745
74519
4223
10597
42777
64311
83378
32922
15993
51323
3817
41466
12846
10454
14254
40456
23967
48843
43856
30359
26055
14211
84978
15904
58204
87785
81031
54041
72414
34796
43710
42607
78783
42427
44015
70301
35109
50353
83468
32119
69102
86721
61473
20062
6797
34675
14576
21610
13834
32522
34072
53669
23597
35032
50910
6255
20506
52920
83390
51329
26171
81907
6014
15646
83768
58977
68864
30
23773
30246
1575
85656
69519
81448
48277
59585
80953
45167
44876
45352
88892
43546
7304
6502
40599
54249
16837
35300
83120
27526
59995
55349
35001
68093
70941
46061
19219
65578
85013
623
88969
34032
67315
36421
45313
82085
44901
87662
36078
70864
39719
9132
57890
28389
88083
36452
13161
20421
85957
31286
20563
28422
24901
49429
45042
24967
49849
65448
72870
39940
24105
50824
83713
50863
81039
46175
58309
19173
86287
82024
10809
63880
81364
42185
67362
49938
9185
20489
69100
3268
26010
84076
1592
24566
17591
69283
31940
38004
87826
37099
44040
55024
19114
38369
11116
5879
70970
80959
57843
59877
21493
36514
7233
33648
42887
40434
69456
23863
82325
42632
70770
25567
56074
63143
39207
2354
40533
81182
80534
41327
57628
23496
81886
39354
65203
87609
64485
28689
3438
14427
70176
70783
31606
30657
36159
36397
20966
27112
65213
76670
78689
34600
6126
79458
6950
45735
88549
11017
27077
80526
1985
13959
86959
66350
55542
55926
56497
77961
61569
3018
19418
19525
84402
6699
87700
78509
9315
87024
60764
8710
81948
2373
29617
87859
34420
6324
66733
14007
2789
13603
73303
44380
75432
88947
48146
4441
67193
84041
75075
76739
24467
1891
7057
74167
73146
82510
77326
70074
32842
78305
27579
58049
51873
76578
22967
33452
14141
18426
53356
74989
78101
59348
81359
30045
8697
78245
58288
30974
74842
18040
86663
12281
79564
77805
42853
57019
29580
54345
19792
27748
13134
1635
52972
57836
73220
79999
15241
74611
87890
28660
68875
26859
59616
15466
4211
34442
89055
12832
71514
2887
1237
29364
88391
34312
47158
69144
43621
26407
2741
58063
22293
79431
56513
13190
2230
5455
57240
13049
54135
22936
11792
21095
76867
55372
55847
31340
7748
36019
53695
21853
52454
64668
39844
80123
24501
31546
36717
6486
60813
36547
28511
45057
20076
79149
2509
62890
47046
52904
40334
45704
59263
61732
38071
67014
82676
61862
84935
15704
84412
39345
88797
6698
32913
79495
29418
71570
76507
22670
89428
51664
3800
30287
1074
24978
66028
86411
65586
82810
16153
51294
16917
21621
19045
13152
40791
61350
54713
3814
37325
82348
27312
61250
1498
19948
6933
691
37378
28762
82583
67862
48703
72132
13289
78838
24723
7890
39908
68496
58300
89357
51648
6701
37128
87710
70730
54766
8847
60716
6147
55889
5556
40700
52397
3559
55205
47958
52194
54308
60822
6478
15079
61008
33596
25483
10510
18258
69993
13450
88509
4237
74860
36613
75746
15737
17406
71532
75438
17982
14813
16998
10610
82145
61628
55908
67298
69329
17619
57704
72456
65601
3144
13761
36460
33059
24906
28167
19165
43890
73573
45364
87161
70172
22894
39464
687
85839
72291
31821
52696
15996
37591
32684
15036
40291
6076
6683
20405
80007
42685
83642
50044
29848
49314
25457
5973
61421
15108
88136
76923
5178
23399
31728
50278
3242
53631
24680
54408
30282
61833
20288
15371
88776
26366
73000
61265
66544
55657
69888
45492
3647
10390
18569
84484
59472
11850
83943
78966
57587
39808
54203
65865
28183
60023
34356
10446
8554
81482
5197
38730
83505
53221
48916
68247
38727
26633
25447
76805
52589
89165
7025
36106
47941
46396
62794
41130
47156
19374
87697
17403
13168
49329
30621
82141
15858
22224
49674
78738
5371
67673
76909
50790
9993
33369
31198
35397
5141
55536
83711
30820
30815
49012
40527
67150
75570
37887
72185
11308
66357
60824
24203
4145
52590
50036
83204
9134
30299
44320
24130
15290
48993
34441
18151
34943
38921
47242
66496
59100
72116
31331
53771
40236
74920
31724
60278
60211
19364
67979
64615
40902
45578
63985
40629
79845
19863
22945
52233
138
82357
60460
87369
11966
71256
88825
15635
27341
788
4854
9573
12014
59645
21293
6473
61293
66542
81140
46568
85312
85675
58926
30759
28222
25062
22683
50048
62816
4190
53092
13252
54825
68711
78019
71817
3145
20780
36775
70430
58199
25827
84729
66630
69494
88593
58012
2863
1802
79755
13236
75822
39542
89976
53424
40225
67619
70905
53557
82047
84323
25965
38705
54761
60212
37421
45848
52777
756
36146
64716
53153
53260
70289
52428
23441
20191
18346
84312
21049
12244
7249
40621
10960
4483
81080
24147
80685
73268
82992
832
24134
30646
36131
15781
70676
40684
62908
4644
75159
51618
24547
33699
48390
61797
66834
75428
38288
47740
558
21587
30431
1010
8398
68424
57981
82714
16134
71658
47816
73816
60100
79611
21833
8371
852
48919
86466
35378
60041
11795
82768
40919
10500
72358
38931
68049
61587
30180
43831
3809
67789
77882
36279
62096
85074
46310
55684
66095
49080
54899
59625
42961
74069
19284
59827
80200
3195
7334
10125
87104
36323
54391
75968
82632
35517
49905
86913
25380
37469
59225
3989
11206
8156
57352
77014
13315
17775
12963
37422
60803
72816
74067
24616
62121
2257
15291
25902
77503
66395
57027
88791
57381
57347
8909
53798
83370
52137
24140
24686
53713
6345
11504
76779
10493
78943
13104
13566
43972
18285
10091
18348
53058
2402
85093
42266
59370
88224
36499
85872
19650
32348
38424
21007
57502
32382
3062
88184
59906
35195
76718
57972
28634
74388
58404
69691
26748
54725
67132
66566
18755
17600
86206
26272
50062
12473
2212
12743
19745
9798
42466
21141
59626
48808
19167
28969
76815
71886
74531
74440
26649
61474
38985
54510
21183
76055
30033
54426
65562
53945
31152
13186
42767
59615
67035
65307
2349
87844
61182
76398
51901
29868
80742
86720
89842
50447
29228
70670
21641
42189
48294
23969
12349
71601
57644
53885
43560
54668
78585
69478
12593
73491
67142
54015
13468
74085
45403
56221
29482
53714
28650
45545
75508
59109
68218
43578
42735
8703
86517
22626
62037
48672
18011
66616
28113
48881
23224
8831
53446
56149
33780
3274
1931
38280
66056
8868
69196
21055
31955
88428
45099
85279
66168
54159
62484
4788
41909
19242
1886
24288
43591
85166
32542
8170
47896
84635
74858
64084
70484
57740
55701
77781
72814
80957
61725
40012
82772
77472
60104
61650
42214
52405
7413
62807
70638
43295
36055
1212
47364
65656
10443
74757
37714
78935
57492
3661
87810
21510
65188
73642
30221
20239
54227
76455
19195
16405
53100
3382
27388
23695
85399
51784
50593
14249
67343
28591
82015
34294
78131
49520
4413
22291
62876
63482
47855
49632
2502
7146
37942
79840
64492
33905
39012
934
1472
82184
57823
87228
14690
74007
33271
26025
29195
87342
19571
8902
46871
61865
56934
11247
53900
45608
33228
76107
47015
87757
68902
39782
72928
30857
32642
88595
69904
73519
84435
61024
67684
43115
77299
65013
22352
39710
37393
66376
73543
66278
37091
9746
82517
49169
77988
63297
7722
8759
47452
70181
30647
22495
13687
34071
85499
14706
44047
857
45892
35326
77632
64423
38995
48012
57147
15300
34245
21890
42138
1312
33795
87535
69275
39210
26162
32474
81012
63957
48116
49131
53369
58381
19183
12491
30940
7464
74570
25382
39033
18428
72342
60602
76740
67294
67729
31613
23615
46288
50971
46699
38638
54641
56927
36728
13918
42133
89020
2240
3673
1279
26914
63727
65873
22421
50286
5561
84864
23065
53132
32429
2107
89465
18338
15304
57131
59744
47202
85773
3206
63356
21462
16801
7940
15674
81250
87189
27189
49563
11392
80712
70115
38903
53548
23583
26249
79110
60142
35340
460
88016
86556
47711
971
43391
33122
35620
23498
8856
58812
5571
4322
28193
13020
83081
25020
17106
53292
44443
35401
23675
10487
25146
17107
40521
40102
42335
4385
13398
77459
73952
18301
87111
86914
64060
50963
46600
42724
73458
64849
30272
31843
1302
9625
41579
13220
17348
53769
52690
84694
18879
20250
46741
8402
36621
13919
29223
65421
37446
65110
34198
11923
26098
27859
78308
30722
71202
70650
25123
7550
36022
25717
6087
3405
65542
9560
66178
17670
40086
55803
85914
83057
64745
68810
32723
21247
24677
33958
48135
46849
47595
25795
2151
41880
26018
2798
85299
77320
58102
64548
4978
80347
45389
71901
21735
57636
21108
64951
73886
84374
24323
40960
65654
72290
84131
60907
10111
35324
68650
27771
61876
68029
71841
65489
16340
60619
13059
43134
192
53712
84480
11594
72124
34550
64667
26884
81709
8281
88957
21630
37890
81987
32259
48560
7105
4232
59281
4627
569
47734
50432
8837
45880
28755
58274
49536
33935
15968
89115
1806
27134
73441
25557
20631
52778
11208
75802
81324
49426
8553
59702
46649
19851
18706
1102
35686
31024
15088
40370
67754
50881
62282
83331
37849
1249
13825
82244
60741
67383
52209
19730
87620
52235
19573
11798
23723
72268
65894
63868
38107
88041
81262
29340
89096
76469
37571
35374
5077
33736
5944
53479
50265
65261
16603
55102
49232
1796
76924
34867
51255
24809
2744
55533
51514
63187
88980
72760
66100
47253
60251
36102
4236
57812
22663
82668
62422
8879
55200
42425
4233
61924
87918
32883
4949
39123
74124
28940
86924
13205
85786
69871
62973
5907
89401
17021
25260
19234
83246
12959
42370
25080
790
14663
15821
44668
50126
8071
51266
41129
18200
41203
48972
46726
33727
56163
25414
74223
28433
56686
39248
81282
52431
72606
44495
27186
31755
56121
79583
79292
65754
36285
69754
75097
1995
40677
23640
89298
59095
14219
9682
62593
41353
15383
40663
72535
58785
22268
16579
62163
61163
59075
28640
36424
56013
42505
25467
24752
43514
12553
81164
44526
32033
14827
49259
58761
19033
42966
33617
52903
74561
48491
53278
5881
15499
16092
65843
70529
8781
18818
12933
60214
83233
44648
86156
45819
2837
85201
79559
65861
28227
11999
1801
53840
15640
64392
65833
45609
62365
86673
33133
14067
63312
32462
11031
25204
16612
82146
8367
7893
39658
20727
15651
43224
31130
54938
16296
40163
50822
14164
29320
70595
78934
52077
23792
29185
14878
77789
35404
46108
74075
38589
936
54358
327
81875
5904
7420
70358
60963
11669
4766
31893
44090
83947
87261
87905
76047
45504
31109
35476
63594
71225
89358
39087
33598
79486
33361
58053
77484
77612
83580
73269
58121
47960
44954
51410
63561
34631
68790
80469
51258
6778
83417
36512
42538
85566
73671
10028
56227
53793
42413
83507
51654
34058
69353
34564
62606
46276
33717
80919
47097
83214
66857
36511
27127
9992
37470
2398
34625
1918
4155
55189
74076
51084
10907
6993
52831
28791
60189
25114
64801
35652
8322
83412
11910
47932
68831
55794
54164
3358
80845
57727
19079
44415
4270
3210
58572
84681
7658
85775
84540
70712
13056
62879
68785
39312
48657
38923
48234
77607
77384
32362
84621
58448
45610
54168
21179
18557
19812
55450
7419
75614
48827
49143
70515
53169
2086
18520
66018
37173
28133
27949
25747
17370
9099
30425
34680
62846
29697
18387
56314
23965
66199
69057
80531
23097
31023
51824
86933
40731
65637
23266
71392
3348
19144
22182
60268
73335
72463
7114
86347
48925
20900
23389
9755
11269
66409
16845
13405
60364
54545
71621
58471
34886
29632
31150
75012
14833
32737
4831
9361
24582
73696
36528
6424
13864
10059
46875
55959
82978
64557
67078
18632
78326
71424
46413
26728
79640
70210
44070
53917
54364
75976
11547
48177
32030
9465
10743
31779
20104
49641
33239
64976
46159
18416
22760
40764
64036
6328
77950
226
77762
21644
10592
63166
16435
34110
49218
7033
51219
66996
81318
32683
38417
75788
56903
28174
52031
10160
74945
11062
26277
68999
57845
81370
70490
55615
22733
14928
73607
31241
55033
84583
42244
43392
38439
22789
59737
55953
28385
54412
17502
4487
81846
23326
34791
55406
9332
28824
79974
57465
8372
27828
84079
65671
31141
63459
1437
59848
57386
62515
32068
74664
6608
5537
51698
55519
31708
74627
52873
38662
76631
9222
74866
67868
60541
40096
12002
5812
57034
36133
68628
76868
79356
44312
85747
7409
25681
48598
40990
4284
69504
31463
62969
25477
30430
28783
57219
36633
66960
14614
10374
23694
28286
9218
40049
21472
78150
47094
28134
26611
5253
78712
70583
75284
75716
14453
43043
70784
324
30591
44213
31936
20139
7930
27948
36112
65230
6590
51143
52142
21864
56824
21062
65995
41755
46881
74072
1278
12939
87649
19695
68571
38765
11746
36075
85244
3589
29631
38570
68931
23529
65190
48032
87534
32961
83760
46717
61242
8167
88899
79917
22235
71555
38131
36932
59777
38192
3112
40892
5746
70387
51287
3282
51489
71338
53761
42146
29756
62602
66608
50330
68326
81768
37081
22885
9643
54058
61871
69009
42525
76199
86588
23708
34516
51997
14332
5181
4680
87525
69285
46713
66158
31907
53409
60975
47854
31739
69952
36785
71349
46234
60472
59911
36432
50979
40801
62967
38878
64602
75215
3466
49281
35446
85022
11132
60298
32010
61640
66017
22163
42042
61887
45717
45176
24897
10605
67458
30065
80190
37766
38332
27463
22218
89788
23345
58158
61228
9119
13455
89534
42595
67629
60559
80034
57307
61733
24950
14386
58312
52639
78835
42182
14850
20487
13469
77106
82917
29460
21257
11982
53207
41549
60634
37115
51407
32750
69088
73617
20442
17379
74335
27142
36335
73653
89269
58544
52119
44082
81312
1867
6634
83802
53109
75365
5706
3
31539
38631
88132
46652
67784
28863
38522
51223
65551
64061
72987
76896
4604
60115
57735
4267
27867
54283
49649
2938
5617
16642
79759
33141
86013
38839
41210
55751
32286
49049
80309
77477
51792
50473
52274
73409
29633
39828
28852
170
63623
62657
78719
3907
70033
2712
14229
64544
61795
38156
50462
48489
74267
63639
19532
71654
33922
64651
47004
42491
86186
8636
40177
8486
26054
17532
44368
84052
59503
11576
55849
62013
82289
72640
36461
44215
82919
6223
66483
55861
84200
37215
56168
19547
56834
39853
58273
80189
47037
61764
80816
79457
77360
25032
12389
6856
10690
73084
88404
48170
86355
38175
24605
10948
60922
10228
75387
24115
79977
59466
80795
87082
76593
25088
37116
75906
39395
69682
41942
34472
42774
59643
54493
24514
25338
66269
18737
31512
22588
56157
68232
35716
251
39150
30452
41044
44653
9057
4623
53458
11788
9259
41908
2003
86667
63798
78035
62208
33557
23310
56102
88700
30097
17023
65255
38014
1496
59409
15380
42622
38367
85417
3791
23771
60293
43958
83707
60916
21442
79972
42810
28146
8286
64858
51859
64538
73923
6791
68519
22061
50147
2498
31409
48307
50615
23696
66897
14252
12995
52088
79832
79322
47838
29728
41020
58374
75171
55327
12049
1005
76136
55541
72788
19599
71879
32784
59337
52494
31705
22681
12687
14615
25533
56051
68747
58599
81929
34522
20365
57011
11637
24753
24532
18895
30259
85583
21353
82059
88555
48178
85515
35350
14289
81295
98
33038
62697
3614
33511
26866
89422
53426
79829
26558
82849
70104
48414
53123
13118
31599
37618
220
74554
1999
65322
49582
66116
2378
73018
42976
41477
1793
74649
31999
52964
39077
53194
40558
64802
34822
11379
51141
39583
83785
88790
4973
69187
64732
87440
59323
76959
3693
85490
47333
60749
8090
49929
77387
9291
31041
52782
49939
16731
77453
64729
2439
28122
48752
30713
89853
34229
88400
25922
3193
87334
21591
64019
67159
38242
62748
7777
4363
48754
75546
40524
49630
54206
68546
23688
37151
6942
36784
89766
37169
41932
6550
35085
14979
47551
8470
57811
62839
5892
50116
51798
86465
17817
87816
19142
60830
10065
85760
1456
53680
52255
46696
32931
29061
6619
23490
23333
20251
73111
6297
57044
46606
63729
82499
76551
27465
15464
66098
73073
28377
84505
85724
21725
79622
638
37891
46766
18340
4062
38704
18063
63490
42867
45757
4312
32609
75803
49931
22548
41609
62682
65937
19209
25687
9787
48829
45919
89832
50588
16414
41860
63644
9220
86797
5912
14702
87304
21275
29826
17616
71057
6415
78358
60517
17143
2670
25908
51166
53871
30681
51606
61608
65846
75868
12943
44185
73786
20016
13581
71626
10505
5987
41605
77878
10478
32907
41279
58044
85404
48202
82401
80576
88770
64816
69164
10951
3401
61840
13777
1381
19627
68288
46291
56089
19170
85952
57107
61551
34674
49126
75950
54554
51882
1885
80596
7988
9658
38410
30515
54682
68012
37057
10742
39598
37449
58370
26864
43905
27544
61425
40727
29277
15072
73009
50025
12760
70119
64119
21004
8201
79060
69339
25265
70046
71027
6963
63495
17324
9841
53008
15571
18536
37899
70148
13872
36257
64180
64213
50827
80096
1443
29672
63562
53613
49454
86606
73748
86277
83124
16390
86873
70125
25154
26286
11672
68952
31140
87736
38475
37980
21256
28994
25000
68202
63961
75697
67017
73294
3583
11692
31773
48329
12391
23130
71842
5726
36819
4195
50201
8051
33071
50686
55759
1631
87156
54198
42831
55285
39430
88842
67432
39314
75380
7073
10090
71617
367
27252
30173
14815
83541
40275
59032
12348
30503
13358
22211
9834
17625
23303
21826
17080
43805
36933
69051
34093
2066
85668
55167
52752
25704
62435
59667
45547
71565
42706
78054
64690
48108
82013
42862
9727
41190
849
27888
80921
30946
1171
13424
87317
82161
23429
73352
80146
6738
77754
34016
32160
39988
22099
48917
35900
32624
73442
33762
73505
25627
39466
62561
84216
2754
63792
61752
12665
47744
41711
46579
81954
61127
18455
34926
40253
12614
6494
45871
83234
89021
41373
14259
67480
50594
8027
81198
36571
68501
49533
37506
8180
64460
25848
84803
43324
86941
7360
16987
58644
35073
64277
28258
43505
88501
49879
24918
24673
1365
4616
7616
22707
29682
57031
20765
40645
44816
33451
79393
9302
59467
75140
50232
29369
22605
81498
77373
26636
55713
9531
18376
56174
79928
41258
6088
55059
80783
30164
58342
60372
62924
44743
23850
13209
37846
3220
17279
41251
77634
56573
56954
86887
47978
63825
455
15434
40226
44704
29704
9462
42366
18926
10497
84178
46742
35853
74538
74907
30183
54001
69262
76018
57869
47091
8125
33650
78907
86531
66384
41475
61747
827
52269
23477
37288
76685
41864
58833
52574
10527
55592
31573
70749
56252
61288
66821
80399
1724
50370
10067
56749
41255
37209
37254
83109
58705
64610
44382
43758
77275
10350
28512
2782
33562
41383
62527
2033
62199
67023
59801
85434
68980
33656
85987
55027
29654
47096
6353
77435
73365
34656
77637
67365
28106
58670
5063
69291
54331
39358
9988
71161
31209
88327
3251
14048
73307
38856
1015
60834
16365
67235
62398
31986
45471
59861
8009
43788
68647
40136
39294
49749
35303
32050
22056
62173
8534
10082
29989
67978
79427
16664
87567
85227
37348
81713
28697
34557
55447
71620
41508
72220
59442
70221
49376
89616
47556
23149
78659
9052
56374
524
65250
58799
41666
55384
56645
44912
19738
38473
83078
30784
80728
71126
83025
62261
23732
8665
48246
12253
12291
3606
61914
81519
50548
43993
57936
84086
23314
56432
72307
74346
72368
33050
50435
20212
73586
21043
56751
2746
72955
5605
31174
57932
60393
22172
9157
47951
77225
35746
40281
68239
52032
56511
60610
5836
77002
15987
30387
73848
33982
42620
83475
51477
19680
43948
43108
53604
29188
85069
29928
52291
9415
67718
43674
33469
71219
62874
64795
27220
9413
25899
27763
36874
89335
9265
72045
62138
56173
36988
36010
32013
1388
17880
65722
17801
50604
21547
21897
80416
14215
5897
23196
85986
72652
12862
52631
11583
36563
71135
19429
43772
26448
69005
81936
6750
88388
14480
34970
39072
64014
34928
34579
79080
75930
83002
78979
79788
47616
86238
66479
31417
10771
12344
81816
30112
53742
29206
31840
55096
976
1416
68549
86474
67934
34852
48196
44722
50340
11529
62639
4924
27147
2844
7883
53163
60052
87057
40703
78424
14163
33139
32326
53487
55970
38787
49507
89761
11078
37636
16474
28030
37686
52565
4687
67788
78367
35296
51962
28472
15922
57480
24329
35509
58025
42544
54555
80873
51650
66841
76809
79782
58696
2556
61609
59784
51593
24318
33947
4519
45065
72829
2967
19753
7786
47420
40084
79074
39336
47145
49275
65048
48515
61807
60588
30486
89585
65827
35425
15350
63978
19381
37229
30390
32374
67152
79627
24495
80059
64727
69913
14238
59878
61868
37101
37387
63052
58495
31033
14393
86213
65382
54019
80989
47992
69926
79906
43933
21667
17634
29888
32771
16399
28215
82434
83727
56923
14210
32928
69632
67371
77407
245
49918
87768
1744
50132
31259
67462
70157
16007
32860
52394
36120
35556
79171
48130
1804
69602
88650
53101
59985
53415
40962
71062
62259
31600
27330
19613
59530
88070
21618
74345
10063
34510
87582
56047
84719
70689
10711
85274
40113
54542
76063
1683
78464
18802
29976
47560
73435
37534
54242
4360
5461
74785
85116
57430
65363
22430
72924
83758
7138
5693
79553
53672
7093
86685
23578
84959
19970
40009
76568
13575
34707
30856
61599
63705
26691
20779
67501
47755
26159
54260
27296
28518
45949
6984
85634
23673
9742
50413
69899
15838
45589
73752
36398
1964
11793
75172
73119
13765
57384
21762
32680
13066
10121
81861
75291
59644
77462
12489
50677
82308
6086
68524
46205
25487
55354
40184
4230
74643
60851
4213
33079
53170
84710
17716
56951
56375
74686
1335
37735
34148
25833
19121
69929
38755
89263
26219
52807
65878
13573
45202
74452
84391
55754
80759
43041
67697
4373
17449
4823
23265
30718
13790
42664
15249
56885
16472
30268
84675
78443
42029
29229
72913
3177
3856
17745
41529
54530
69200
50074
43904
82034
37139
17484
71664
64198
20231
41077
7036
60564
64978
79634
18145
60592
6657
77216
2922
84065
41973
63807
77429
72224
5215
31872
68538
38471
8855
47228
34523
29001
85034
48934
7986
58889
77469
54457
2356
46313
56562
81001
25709
6306
41530
31328
53936
83170
14849
69352
45249
76397
24196
27710
54805
8612
64680
51270
51903
43565
78986
51449
43822
61657
70320
24202
54724
66983
50507
46902
22013
55047
66600
3036
79368
56596
4950
31540
49557
56740
6041
70878
9443
56792
11390
49628
86908
17539
14811
20138
47121
2061
80530
54544
44095
3969
76386
32249
53021
54292
28573
89222
88449
89789
32601
61208
7196
89006
20150
46385
14540
57348
26241
594
52593
12141
70428
73937
43929
77082
70660
31770
382
32323
8744
22704
33067
53408
46796
43425
9537
41844
80882
52259
82058
76680
49206
11757
44967
9951
39666
34662
23480
33238
82842
87750
27909
25775
69466
80462
83650
89441
25392
48005
15363
74639
71357
4844
66799
62640
58203
42387
19035
5487
87503
15867
19257
37502
11149
63257
73990
29913
55846
25763
85437
58704
85077
82798
18451
870
22136
23251
41233
55001
79439
50308
83252
72267
13970
89010
47270
81340
77486
66177
3919
81006
84182
10007
89282
9534
80775
9931
15399
50358
67863
80692
33846
71063
34589
56477
42069
77114
20384
71098
61911
40716
23672
61365
79301
26247
39003
75069
21558
50280
53660
42471
24387
63937
24116
86408
32211
84646
43087
52817
3607
43074
48286
42652
81034
70709
11797
89258
26528
67361
78688
56499
52779
86304
58956
28692
31467
55617
44633
70291
60797
28892
6235
51374
55869
68822
10179
16109
85050
70012
87376
65429
80489
29144
47481
25377
64373
26823
57186
39338
12093
36701
17789
71637
58165
66788
56444
44158
82458
21512
12468
41571
40759
29358
4285
1163
72743
20944
73683
70395
29736
79090
74433
1224
57755
2634
54561
20479
46889
89209
5491
34218
12407
18365
34898
454
84266
81123
2600
36763
20004
50805
52048
15320
14865
3148
33979
7244
7039
14886
89057
48373
45458
37150
60034
80045
590
24372
52605
21459
722
57116
57750
31105
66066
61314
5147
64147
46091
53643
35611
26787
14631
40137
65368
41525
63579
27072
53883
56746
34344
52382
46201
41325
46119
2236
62016
59117
3595
49158
65821
12549
9288
7858
31273
51229
9668
30786
4969
82067
26240
15463
54865
25617
214
54065
51987
61478
79384
47552
28549
8551
86759
57718
14652
67794
32565
52773
21913
18827
27415
86634
79305
21545
45216
10588
4432
69365
69079
67509
32193
68299
1187
33815
78229
27155
54276
13108
59133
75925
48961
27257
11559
30807
4962
60495
16326
47953
17316
12342
84798
5620
35277
3032
40806
78816
46381
44216
49213
29489
86890
89406
48697
84271
3276
65657
15963
10022
63184
81933
73407
88633
72941
61369
56469
2007
30736
82490
20065
74781
30771
79242
8881
13831
69617
1955
37670
6742
3698
17115
67355
65247
44359
75656
70461
77611
20328
68228
10274
22636
78125
88074
12171
29801
71787
48725
61164
39646
69733
79983
72332
34414
47349
78271
60222
21215
60678
7920
21625
12747
24472
2096
26323
87079
40035
78611
79496
13611
47357
21254
20572
49092
85826
30261
38486
63289
50372
85661
72196
47758
11414
4321
14756
51072
77291
1848
22560
32047
74197
50436
21416
1873
4794
39877
86462
27709
22070
56516
53774
49033
69729
60312
38984
56879
15546
1990
18164
36752
83394
57885
25422
4642
1326
29650
5389
64051
2563
82560
28
71907
72529
40982
22618
2133
60223
66111
46125
66858
42184
33203
75240
66922
2738
32353
24275
67329
25828
9488
67589
76768
57421
51829
77493
2743
84330
77076
52772
61269
42534
23791
69271
8100
306
71554
79720
52597
46922
4333
3716
81070
11598
18809
47526
66412
11656
14334
12328
18577
59210
73921
17751
14042
87855
47213
49969
23821
84454
87438
17396
49270
64292
5803
42578
31230
75896
47878
32982
87085
4523
49948
55363
66769
5441
18750
26224
2136
38070
24848
19231
54536
48802
49574
46208
39340
28184
33381
83960
57167
21841
21370
2064
8465
82729
48361
74703
45026
59554
30746
40406
69846
28254
45738
89015
76251
58120
39474
46202
35793
69396
49506
57633
2822
76653
28728
86738
9081
25478
86300
16351
46271
11266
63529
64589
77830
26560
45048
79745
26710
47389
23417
78387
83413
86090
27158
73325
83100
78881
89694
72922
80479
87536
84797
82315
65287
7289
18051
69384
82390
56539
923
34560
7230
54683
71148
21480
76309
5182
71786
70447
67529
7294
1280
41969
18009
70924
28445
8827
48506
53192
41564
67783
49933
78613
76227
60025
36130
54239
8956
17236
27169
29466
45897
84430
36122
47842
89542
4127
49917
15519
71303
36539
29443
5413
70530
58838
66129
10904
60819
48990
85179
24740
31865
53362
60818
28547
63609
62478
73110
20256
1729
27105
9355
86050
74011
24373
50137
29649
3538
84641
68453
49066
60496
65
28688
65243
18220
28735
36816
88155
33283
77774
61345
21402
76636
20404
39141
61783
77887
37880
40690
16569
20172
26601
72284
69543
48694
8354
70869
88424
71517
47767
27953
87988
48630
2635
14583
66955
74793
75587
23794
62039
73524
45045
75469
80395
11080
75708
61009
20233
85621
59656
46701
9556
24461
48339
79297
86558
24222
15727
56786
11323
51379
23561
42420
50567
2992
27209
86394
11047
79727
17278
60616
63456
61861
28240
59240
28158
40540
74633
2034
60024
25206
70677
77869
65682
67781
57083
35304
37901
21285
33749
77285
14597
80050
21182
55916
8548
69109
16624
38500
71481
10940
47701
72745
70326
87268
71854
10656
29287
79994
58907
46170
20588
69843
63634
72189
33384
27318
55646
6684
20056
6286
52280
33388
25167
32990
23528
54861
23227
37457
53072
25530
11790
24727
42235
9821
55177
25711
89489
4943
54201
58507
77976
17791
19152
6230
22516
63292
77595
55560
16021
55734
11012
58095
70888
24449
24255
40474
75657
7309
32677
83136
38578
24929
75424
55288
37484
16327
44026
84768
20375
18919
64717
28065
41011
76744
54326
79537
15174
71028
55771
34676
64155
34138
52471
39674
16844
2046
30933
23091
77523
47489
82503
8933
34814
85553
5290
41787
50673
26044
25195
8000
16064
14565
73298
50066
53105
61506
62109
71286
4636
55686
76901
72170
17113
7701
66013
52641
31769
16107
88072
49258
18941
38811
67077
88227
44769
87953
31555
60438
85402
60172
77419
40767
63009
17656
82634
11610
59111
71036
39629
82259
17515
82445
54936
42603
87704
68839
68249
38181
1457
44180
67182
47035
77426
80707
45654
8870
44897
67336
84375
37241
76111
10922
74144
16622
57316
69854
69119
31545
82710
63891
88365
56955
62187
56977
39971
50206
81754
70983
27519
49593
72904
87766
24553
13644
9974
74329
54768
72552
52734
34012
23428
44261
11949
74924
68081
37255
23602
87711
26586
84286
32989
6952
65757
37701
70989
73743
55348
3971
11572
35474
38409
1199
72120
4562
20517
743
78138
6734
45555
67956
83225
59963
36759
73137
50655
75757
50203
6032
72551
30040
60116
41310
30601
36796
2603
40107
68814
18392
23666
53121
13538
89549
32517
34025
29954
71897
25097
69706
43552
11435
74034
6103
78685
19283
49998
57212
74873
9320
49380
12341
17632
75233
87173
42801
55744
22450
19821
52829
73019
40843
40790
37477
78058
38088
36504
70209
34835
78831
52827
5926
65854
5871
79430
44927
8081
13902
1484
65723
16673
60283
4536
24067
57575
53635
27890
6157
8244
56376
26903
85105
10366
69293
24365
84004
13764
50994
27562
5390
17835
6044
79082
12054
37973
13067
10055
87459
10880
18084
79286
46609
53500
32268
64836
80382
37907
73859
72469
59384
17902
15637
58562
16674
4577
38814
6967
84591
58151
62113
22011
29224
75857
5761
5070
85187
67508
5513
81264
64065
68149
19989
77248
49414
82569
54191
72014
79474
3248
49172
64894
41153
26947
89097
70887
43253
46001
14870
84088
4137
46823
64742
16594
62070
15522
44209
6181
37036
7272
75094
13594
49
48670
87081
57286
34219
7845
13145
58837
68003
31570
53372
23721
73692
641
35544
59444
54006
84543
89966
26279
36054
41113
3113
38254
59248
32483
35615
6187
19712
67532
72653
6374
15077
16221
5431
55787
45085
84125
5079
39444
5485
83752
34883
75257
14956
6894
14616
69090
65495
15010
39351
44900
23972
60478
33941
7375
34459
62250
87841
42577
50601
34802
37682
32340
74414
75327
10513
46749
36830
43243
68123
65378
79321
60010
35878
57825
71269
68913
60649
27525
47184
62860
64388
49501
58035
46822
47044
38161
63618
75091
6639
42850
41412
50720
62111
26157
13135
89207
79034
37669
79033
31303
64600
30402
67941
82605
88474
76036
46847
21057
69768
17763
42056
27713
81276
77764
17886
86182
23733
83320
18160
15928
41136
20132
52325
77045
26968
89595
57050
74357
85040
28774
22100
18162
7878
40972
69421
17852
72167
14545
37955
23365
41849
78745
11921
84097
20669
47885
24910
54791
17044
35994
39491
42656
69514
54958
48225
45946
44037
37789
62864
85551
56912
41803
15019
52227
53481
51131
40440
46645
52504
53758
50682
28926
67263
75878
4085
32111
49748
59879
4937
11507
89887
34063
34834
3424
2989
74903
10829
30649
32210
1982
8589
30777
39593
6584
53524
88568
87514
18148
3117
20011
23100
27215
73039
5029
67565
19046
76774
33208
9027
19268
6647
56196
74127
79785
34005
24433
34829
78446
67186
52316
44859
72953
67571
39806
40655
64765
20540
83296
15279
1782
89472
30419
9300
14391
18734
99
60348
18003
43781
66724
43176
11268
43277
26014
12027
81302
22686
43743
37666
20579
37902
17184
77905
79913
43938
9726
80798
89998
19276
23823
19123
82140
47080
52474
61278
55634
47906
17851
50072
31263
62805
12825
23026
21974
63229
41827
14883
44055
62674
52484
84912
55388
10914
22743
53213
75778
10855
56068
47934
51896
73893
57589
84778
50362
15973
51671
78896
69361
68328
89901
8075
48880
58111
20756
13397
42255
77550
47622
7654
76383
87667
59287
61079
3105
62620
76660
3872
85502
38553
78805
8225
55637
75312
23601
82855
40404
77200
30214
77929
39225
5095
65884
6169
69308
82366
46094
82591
16661
26120
58784
68659
18138
77580
69240
4052
7100
20075
26434
70394
48376
84023
54564
86309
81177
5187
89573
38185
50499
53312
38043
74210
51023
79432
66925
37453
47462
64282
57646
45649
5351
57322
65156
42789
73154
53209
46168
82699
66800
7122
70257
36808
70805
28550
72300
42527
68900
87074
737
83504
61528
21165
24808
44153
5175
587
46983
19750
15931
29291
45838
79597
45856
8728
60833
82707
86483
68071
55038
40516
2047
86932
23999
18981
87222
89900
25328
72585
50047
83216
4787
71522
87705
61138
88978
32527
43912
56486
56082
36690
23355
48041
88877
51232
80025
78690
19127
23503
34462
37377
8606
9655
46867
7300
17733
74060
69107
39052
67196
81543
80312
26433
25669
38771
6849
39287
17411
82549
881
66287
64875
42930
43110
35233
79534
34740
3640
21542
59767
10196
59185
80064
8229
16095
3008
64056
41090
54478
86093
21153
26371
5479
51510
85348
40977
41568
84811
55804
5293
40256
61666
64215
40709
35543
28661
69229
5195
20536
38684
17120
32226
64803
88984
18792
34432
68992
86691
44241
6393
9914
45762
29975
3600
18378
72682
28796
41455
74715
76382
7721
58463
38256
89772
7822
86302
76791
48846
35182
70005
15969
61801
44776
21267
39422
19246
75024
78184
694
58568
74530
55752
16930
28780
23983
16816
50427
89382
74669
82332
81735
23087
47894
13851
864
43010
84166
56728
12537
71490
25604
64808
79907
81128
40620
89388
42762
54455
66347
72107
75302
31886
72374
30725
3631
29768
87554
15582
62483
49295
22510
50433
3076
4504
82275
28590
75205
73520
81485
59974
85776
49679
31904
79995
17807
49896
45915
41485
60342
31256
53324
78945
21600
49702
36343
94
16338
17310
12558
70189
45986
15429
33508
65105
81342
66322
21316
3253
55909
83763
58241
11406
63353
14541
34590
2454
41690
69096
73657
77966
82781
35386
65932
85039
67950
32401
74840
68231
52925
86950
38749
85726
74032
23575
1490
14137
41743
25592
67225
66257
45983
60561
7483
83067
28352
46033
24050
76461
31787
87701
44390
61794
39018
17928
77680
77509
71222
41215
63989
66742
75682
22427
24388
44899
42462
67400
79284
62437
51458
13143
86946
4695
16997
38888
88201
30441
59026
67709
11006
5305
11142
35134
87522
76089
71169
21200
1596
15461
78757
53505
58684
34986
9114
30185
37708
60381
36328
52317
84289
46921
81938
35074
82670
58892
1200
65887
33410
59516
32224
13195
18324
60973
39334
75175
45431
34535
55819
77221
13838
21705
50188
75134
79289
51582
8882
62660
82679
57128
53003
53780
22289
86749
74802
9113
1203
86221
45747
21008
76394
18697
74830
53336
81020
79367
50817
26663
54698
62344
73828
53148
25012
85686
39724
27936
33273
68264
26268
51447
56332
35392
74881
60719
33025
8279
3061
29053
57466
59376
86770
34000
87394
70933
11221
78731
66184
65736
78543
44258
61942
23160
87878
72177
8633
72515
9508
51289
60852
58795
12206
8964
72650
25817
41049
40158
77311
29798
68891
56410
30209
41749
31694
31285
79757
48171
52710
40740
82698
86664
40887
62566
61746
8720
16060
86553
33063
70304
66453
26572
6927
44391
7604
63650
10496
25966
49076
10086
22555
1189
25796
15872
18167
24635
13137
42468
16631
3208
39995
73331
32676
13947
5796
22818
81782
39855
50927
40780
32396
69357
68145
89378
89555
37126
49220
69540
50472
14535
84436
26104
7201
53683
59589
40706
70067
1975
75439
42253
80338
47054
42524
68027
67585
58244
64912
76711
36850
36261
45642
33020
38391
40302
1251
6687
55616
56367
80846
26313
78901
36333
69808
23192
45918
45989
11920
48723
7852
81468
46757
20558
58178
3128
6375
70121
53539
80701
11961
37903
60049
42168
78011
21221
87305
25573
42658
82232
66099
51580
73462
45466
29275
68410
72931
74663
58112
53986
71473
43362
89031
3134
80542
58008
34935
34103
9685
61407
83644
21478
72744
14101
34241
85035
82752
61111
16567
38334
57433
10288
41414
60208
18514
64010
56300
61057
39623
73304
80502
42477
37315
50919
15697
44839
19760
34182
33874
37238
37071
78427
33725
79267
74180
76635
75989
21716
54190
83639
19382
33843
56998
61491
46575
78375
53994
42726
52700
19129
49611
33852
22443
21205
32811
88851
67740
62875
11922
86405
50988
10699
12913
9966
32078
44113
17555
63119
56554
15926
18024
42222
71075
66323
80040
85016
294
4329
79815
36471
12455
8292
28415
23934
85951
28127
47608
84026
60994
40796
33143
48753
61880
15410
44067
64508
55150
36042
27163
51500
39872
23582
34575
63830
15110
45750
18838
89250
86758
77601
61375
45779
13556
46514
12492
12352
18173
53459
56296
62532
37293
45152
25199
22826
85267
14403
46814
14151
20541
81874
24877
33390
61221
2449
34946
3912
18286
57990
79438
88304
45314
81184
66995
43032
89461
86357
64678
1771
45226
84789
28901
38967
8721
44590
14914
15503
51522
34192
32892
58223
27574
58627
61100
25913
22144
84129
55931
9516
88431
58139
32107
31518
86092
16894
52073
68170
30883
41378
69830
58316
61285
31716
47606
11903
75732
57503
54735
78109
19486
85764
34837
26996
42826
70317
43826
41683
46346
12525
119
76035
65222
1023
7163
52334
33760
4171
51164
69867
88929
13862
13227
4521
45245
69115
7522
22868
83421
76175
474
40728
4803
59539
47739
51071
84396
30788
6583
33429
72475
53246
68824
32412
33824
40605
20078
35
13896
43651
67578
60210
36624
53322
33053
67184
39846
22142
5319
88007
37485
54644
42625
38569
74435
34364
42113
39686
23599
60332
37095
28491
29353
59072
51542
63773
17160
26810
67925
27833
57734
50639
58036
4513
37318
61466
68729
49764
78648
42188
13631
88370
15920
75036
4783
43696
14799
76290
78250
63003
53854
63177
74804
28642
43192
87266
68845
66782
58484
2776
25485
38158
75654
32438
39106
20260
88806
59172
19133
23483
30961
25768
78180
26460
1660
24097
9579
21063
39092
85296
40052
38464
16651
63815
35973
53045
32006
31866
70297
52699
25368
22972
76877
87823
17036
70217
60796
67547
27517
73143
31197
34415
70203
7931
71639
59865
47996
29280
56646
49560
40912
41892
49006
43722
52975
52974
53861
63398
81913
33132
83043
60304
68223
14450
49597
1414
65057
18564
21030
66115
53976
17243
80787
18302
78932
18872
87612
80620
19932
66722
64629
3486
29707
30595
13900
33744
36208
57664
42489
27742
60726
33931
81576
26441
24728
43771
30629
34456
1337
89034
33242
69884
47467
80036
20454
87442
88830
83430
59074
12770
32853
11978
59105
81300
81591
60899
26363
59651
83539
62337
2911
56543
20129
11657
60490
46617
30141
62798
81463
32498
46035
30032
86601
33334
33355
47626
43232
19994
12012
42445
61540
75154
87172
48097
73889
29180
2818
2943
24748
7023
10293
57221
57598
29201
30327
26332
52727
13600
30462
67210
47493
76893
30700
23302
33225
64603
77205
37954
83786
71904
74347
82553
23230
20181
45365
85076
69824
45828
10708
26786
31658
12937
67903
53156
36280
8310
65775
70932
6607
79441
52922
46032
25276
33678
46209
7495
29922
27487
85100
50167
18603
33272
84188
40369
89213
12354
78318
60062
40653
35524
22802
89539
67662
72309
62754
63928
23076
61935
39425
48749
22920
30315
7423
33220
78771
25384
43189
83083
10034
2198
29575
66235
78409
2103
9995
80910
23140
66623
71887
63753
41817
82678
41805
34222
14960
56993
17890
6999
68577
11745
49323
85445
34747
39679
65610
56377
80821
73597
62760
66410
56137
48014
54344
46602
68063
21893
49540
53675
53102
38477
87345
61014
61834
8624
75028
2581
48742
80110
24636
50774
41234
53755
11027
20823
79911
30962
47574
289
53342
12035
71281
27369
8963
76495
74697
15897
77177
67289
60576
36092
81195
87088
64634
18870
2849
75136
50434
79766
16475
10531
55757
74878
22242
66307
6795
43284
64419
61430
58350
16449
13686
53596
39107
34068
41794
1940
57099
59723
81402
89608
27606
27820
73588
67082
18100
54749
37161
42341
29401
9383
55115
35663
14060
32034
15912
14760
67179
26517
44120
13813
30914
77528
87904
47548
78928
67605
34789
20921
46476
17014
20701
56657
75630
70811
44105
49123
27977
25575
77139
18680
41928
56298
84659
45948
11253
30005
32656
53235
84087
85949
15154
49996
53113
57666
37347
68460
13540
12158
54380
89058
68716
49025
86051
7370
38724
59600
4862
79658
10429
86094
70146
76242
67750
74589
66060
18454
38862
8008
58917
79019
5574
80074
33621
35075
16861
73734
39665
52792
76623
39205
37078
49282
73628
20847
82961
70788
50794
29011
68140
8735
44301
41617
2292
42910
5255
18289
71178
65653
51865
66685
10677
9784
22585
77855
53276
39882
28359
53873
82930
70969
41913
43757
23890
14759
76852
49612
27649
29152
70195
14265
85366
73240
10956
59372
39382
41738
76948
22193
74029
50144
26035
44110
55769
78324
2903
20664
48712
12134
63712
85906
87688
53293
9596
68436
33914
2154
37627
49963
17610
39519
44576
20958
82757
7425
46731
42147
57555
23857
33260
47331
79354
57401
23760
18661
83193
11381
1778
31406
89972
26654
13233
39449
81272
12319
10311
41644
17784
65906
84868
41147
84257
6308
44989
87012
37652
75416
75214
55206
15126
19768
33447
69437
23147
62202
71759
42149
79283
33475
29552
68422
69877
33955
43146
64535
11157
58778
12285
3028
24455
85480
591
43155
36486
37823
48932
38815
60179
82249
59875
85830
67544
15176
9337
16331
39405
19480
69912
62384
58796
32865
7574
10788
82095
73069
46031
9646
14405
29402
47194
42245
20999
10437
9704
75776
72126
76044
29214
26031
54351
2365
937
41424
11549
54833
34836
11623
65855
45291
25496
76572
53629
69923
22377
17785
59843
57684
37417
24450
70938
33761
47924
13410
79125
57681
14753
55551
42731
41513
73577
52892
10398
84509
22521
57611
9085
72557
66069
2023
82328
74224
16984
60618
12809
81310
89674
25181
61729
47343
19215
29981
5979
4846
69128
17032
35209
8754
50662
18607
1439
76377
46428
57040
67995
82664
86801
15763
17891
10302
85443
31901
20859
56016
31087
38976
38820
76963
21517
17153
12633
18445
32490
43823
29290
35607
80085
31232
46228
89794
44785
24742
71764
41506
7643
43946
77228
86236
8585
88999
89003
196
20520
54946
65997
57585
5333
87983
16286
78922
49133
33254
74429
41796
57013
59588
32681
63192
54506
35090
79516
29106
79045
40368
25263
682
36558
41503
72732
57283
28919
43218
37508
40454
34909
16592
27670
4762
84642
33265
4732
41082
73684
86830
36068
84005
38782
25975
83738
78918
6203
39180
55685
42924
44796
9126
47483
25943
28381
65320
53052
71096
37760
21770
9937
83253
50190
70817
22364
31217
38297
59990
68773
68515
17268
24979
79448
7373
78703
10967
44270
44478
70956
45135
52359
63522
14919
7444
65558
67378
36942
76046
83739
65847
5168
55545
7834
48050
75858
64871
57404
80363
48700
3895
16996
5735
10559
23211
690
43926
82684
6047
80893
68469
28525
8667
43616
61789
71610
37803
73075
29151
82852
38892
26645
84742
3790
54770
43666
83604
17535
67587
81244
88520
35466
35454
1294
72131
39800
24662
82036
10006
48866
16424
66562
83217
49769
86233
46121
70177
83512
72127
59521
60558
13288
33479
14983
74390
80010
28303
34663
35925
72241
61718
4243
36732
88816
56735
83929
78859
62956
86620
66580
64286
35498
81397
67221
6316
47259
89513
88731
74964
65319
26526
61829
4740
79653
10552
14889
55652
24011
68100
28168
75767
44394
49955
67885
69395
10828
55902
20306
15272
8530
39153
7385
57218
62055
34173
2771
32125
29033
39424
64768
37140
21525
27778
23951
72912
21742
4481
16639
81069
46423
12946
54872
56530
34454
29429
33270
38344
40817
4106
80638
36162
46030
64534
49975
23430
73486
83831
49721
36986
71544
67385
25777
6760
17273
75107
7219
29475
88698
44723
29844
80842
25433
42265
34673
48348
37869
85297
87865
23715
73322
13
56132
27396
29015
36195
16737
82658
91
28664
33409
65590
31740
30896
66492
58995
61152
2214
66382
23763
29327
26358
31507
20598
46259
13212
74568
87284
22183
37056
43535
75549
39566
44210
76976
2014
83361
14027
27513
70116
59417
20898
32142
66746
72086
50178
80866
71247
35051
85087
86102
52416
81148
38929
2699
65292
55166
73176
40271
42167
30906
46420
56922
34091
40439
86964
65739
42380
66726
8572
63348
87794
45858
75288
40464
15506
54888
38285
33471
30968
31221
71139
48484
89962
5385
31462
69366
54349
46192
79489
60017
49462
83212
18079
62771
77138
10986
50081
529
64974
75940
33003
60934
40875
24023
81500
88045
42237
44747
63625
61713
67646
25410
75637
31396
64156
58885
87209
59408
3681
43874
83168
56420
46809
81767
21829
55894
86502
650
78968
41084
58038
89660
12038
46516
62722
78883
20453
56042
78000
67649
1420
40242
46407
75366
87872
62362
62283
1513
81967
25280
53097
74979
71194
18945
19790
80001
56003
2947
59802
64208
31402
30473
62755
7325
28161
75621
88028
89815
28928
30824
36910
10782
34691
14129
38061
55108
74226
6836
58257
74063
42107
89984
48230
15842
80261
36417
28895
76978
32632
22996
38184
69807
22772
22867
22457
54970
20229
10032
84343
25256
20488
47303
50315
59863
77492
61758
65911
55172
44739
54486
7306
26634
15960
69221
21816
24024
18955
73894
56209
2997
58022
19172
24045
23311
52592
20744
22381
84094
23461
64314
60341
42681
62321
68844
81831
5967
29973
37681
3399
53172
60428
14443
13379
45340
42503
62010
65244
80099
20760
25362
33276
22706
82346
74610
13436
75247
27604
29753
40106
19506
11454
65674
54435
42269
71440
81332
45324
62976
24618
84703
58070
10116
24988
67992
89318
25680
18714
4477
5877
42591
31027
62489
40531
7691
1790
32294
87588
45511
1291
87856
36373
39788
37520
65560
14212
44996
7823
68158
83874
83565
55910
12005
7819
41926
13075
57311
79729
38360
34907
53114
53471
76667
41127
29446
78532
56528
61785
47761
12195
3219
85207
30113
9652
43323
34878
70558
80361
28508
81774
4806
50777
74533
63265
68843
15841
74450
42238
1037
7565
75768
34037
16627
81239
65070
68850
11256
76726
19869
31811
3663
60269
48527
8175
87190
88423
13302
11936
39970
84008
41677
22082
77670
67414
89758
69505
19577
586
19956
43561
55098
52355
17285
54949
36725
19412
35121
48148
84472
24828
89880
85264
41816
27433
2307
6399
54979
52282
46837
40257
17111
50398
87751
27137
62005
49829
48208
87866
5004
66535
52014
45885
57514
8875
45461
73222
76841
25513
88173
40036
15400
64552
44742
31098
41604
67319
82446
31505
74480
56659
38023
59695
49894
59155
75926
66074
18795
48941
5846
29555
21958
70200
60848
65693
71346
59144
32464
15846
74073
53544
2013
66919
38085
45637
53491
56818
83466
12179
11254
38479
76125
38496
62556
71946
20632
74834
38554
40152
20511
84699
16760
20406
61955
7479
63264
81433
52555
59269
87558
3084
9001
77940
33088
48772
85037
56944
34769
72972
76563
19222
82886
36969
36193
10750
37109
47022
76823
45192
36498
81848
38087
6362
27609
67460
54452
20169
76034
21332
78306
41331
82126
25725
35458
8536
10156
42723
6756
58689
58836
75524
2443
69
53351
46925
89856
28265
9971
49780
64563
41603
37329
945
7876
15870
72192
2825
77023
19249
22869
30243
45142
46678
66426
69963
86171
66599
45101
28621
21696
3612
51214
80831
65423
69226
54996
37519
11001
50495
63679
27264
39267
10724
50101
52878
26767
64220
46493
47514
73318
46993
15424
29980
43452
69269
28409
10611
340
61470
77073
60972
68622
65036
26687
88198
71282
9147
23380
74824
1753
14253
49302
41116
23279
25821
51844
80591
81958
74745
54466
72898
4797
33663
69917
1530
27975
330
78684
83556
41762
63688
27271
21002
71160
54194
29893
8959
61565
14847
24580
1567
1228
46838
18368
89323
39506
28531
41925
88475
72866
54014
20929
5865
77432
21396
41330
37983
79365
36472
45533
66371
75409
58210
19404
33793
331
79123
37764
85310
33915
75084
48861
22934
80259
27923
16669
29465
44365
68841
66368
18261
69931
8096
29236
35604
64698
77775
62779
7515
21536
8046
51501
5830
3806
47272
6670
1458
25968
9411
32739
69111
23099
30987
13430
15403
59121
3896
29428
66162
19796
3951
23278
21665
89623
83579
66206
77673
65770
25283
34158
29336
5069
81979
76762
13268
8726
60375
83945
71010
65442
65443
21648
22298
78227
22924
43265
5810
71930
44003
49177
43520
35902
54559
53392
89897
39313
19544
22442
83664
57196
11523
37425
61539
15943
73839
65546
36780
69030
8453
50497
70135
24508
53050
60266
54459
50943
22547
37107
81824
64384
71427
67901
85851
83278
26015
67882
77040
42402
60774
6332
57257
28708
70908
59683
62651
76130
60461
30500
59881
35213
56551
1419
36943
68305
20471
49353
8602
49922
48709
43180
25907
16357
28867
13917
55921
66536
32960
28659
59391
85567
32153
39931
81640
66165
9239
5708
4988
4782
68153
15276
12657
80512
89710
73013
65387
73123
46909
55779
37862
73668
22093
72684
25944
60110
65227
39070
86177
38939
58217
35676
55124
36157
28442
81165
55839
50535
889
84814
63008
83383
11735
19174
68448
64177
82404
32045
7013
54489
81760
32278
14657
61341
18504
41209
4132
27270
81240
84479
60076
56887
31580
36575
13112
30920
71799
47670
70885
39073
51248
63601
11146
67614
6392
32605
54667
8133
76131
66364
33178
11592
24046
27129
48393
56713
54395
4149
87741
37545
33798
72625
61178
84319
88994
42779
32986
5882
13111
3841
80962
38802
43439
75144
17326
68075
38459
9378
54905
60296
76950
58528
70959
3915
77192
53992
59598
47304
63196
61934
12964
44489
80311
26758
19124
77672
42584
56729
85352
55517
80150
55550
63574
23595
68008
15151
25867
47126
73706
61915
66121
74838
33992
12794
28271
48561
66381
58800
67239
71159
71081
4112
29389
4032
80832
51343
31673
32674
7428
47541
8511
70282
23564
37408
22619
48479
62560
68226
46466
24899
11445
56446
39881
36552
86157
65288
80126
78645
61836
61227
83117
21119
41484
62262
59282
78856
28020
49862
73938
39522
6713
82778
55367
80388
85923
64601
13054
27020
8719
72838
88027
55674
29097
59565
85084
38342
50228
15813
82375
53352
71362
41850
48804
61577
36190
41820
4229
34314
50071
62485
8357
42022
89592
48002
26382
40899
42327
87142
56071
56872
74461
27425
70423
48136
80263
82076
16167
65737
62663
34701
27357
13664
53880
41934
28562
44754
74198
77116
53923
863
8979
26819
5577
1959
86345
215
46873
56483
54515
6732
83970
79876
53247
29521
11712
53884
73401
80186
80602
45546
38644
21582
43057
24825
67080
60435
89840
55661
75002
19971
79835
54157
53139
56114
66577
64248
77513
35294
61018
16799
30378
43353
69605
44752
78773
48603
69640
83997
29411
68004
81225
76795
43231
51511
82411
11938
15177
11930
58489
1292
45773
76895
64963
21131
12994
77771
38212
81141
18418
62350
30842
69021
21076
69973
20063
63469
23455
32886
52201
55243
61974
61513
41645
29643
14107
79565
65595
56164
5955
2957
28283
85342
82267
61692
50998
32711
68960
57659
3747
89084
6839
15413
72712
41152
54600
1625
39460
33108
60056
66096
14165
72450
6191
12859
55127
50956
78183
28480
36451
51125
1033
33216
2060
6268
37379
19593
10131
27262
50393
37596
89390
1227
23037
29717
2295
302
31302
47424
16037
84997
51562
55295
88927
53477
24098
53395
11842
34404
64998
64038
7101
26072
5968
27861
28821
79850
11448
68602
72184
11606
81004
67265
46879
72506
3836
11173
75855
77690
84469
17542
28816
80905
73048
48882
37005
53236
69459
3139
25526
66704
22942
89705
5764
40103
37678
41298
46534
63130
72560
48520
47214
25278
75186
84892
15389
38858
50901
61052
58877
17827
33989
47147
26333
24835
55453
40710
54233
9558
27508
81994
61678
41804
59736
22471
87448
57062
26158
5084
42225
70345
79228
66588
80627
26571
26341
30534
56799
45160
16463
68605
88751
27712
48636
53508
82314
63102
36142
6210
67894
78072
16838
17253
82567
38389
1300
83373
5776
6299
65087
15303
53626
37510
27081
26297
13964
11230
89243
4554
47355
59460
32877
30068
89927
44456
2247
44825
3749
66474
64049
20158
87833
26955
1890
35820
5083
65706
60702
21072
65297
27793
31282
14236
82633
9032
53093
40675
58640
16534
74259
60932
83036
63805
5180
65433
72468
15612
28165
54333
7950
7977
59429
56120
12732
3762
29337
71071
76627
57639
12101
66200
39226
39471
66153
39042
49736
76910
18364
54030
2869
51971
5755
23285
88616
80113
44207
45823
25273
61813
70587
47293
45113
2733
66241
51940
70917
88504
52813
85603
86472
26377
27144
76681
78408
85706
60386
30781
78709
50034
32439
28392
88863
43271
44886
13076
83808
67209
16713
83629
26122
55155
46388
10646
19688
26285
33056
9312
70040
46851
66293
43216
20819
11203
79507
10024
33046
73528
62326
24051
69960
6771
89537
26958
76086
54714
78137
15604
40339
73742
70729
44685
62152
43889
18583
60828
81175
86804
39303
84979
24073
17083
81743
33702
17568
30278
29059
42926
37610
57460
38328
65417
50425
76903
47197
71379
87541
70316
69921
77590
70962
76096
15649
47882
8993
6736
59998
60195
44447
16032
15589
45236
82625
52085
69153
12869
33593
71972
22657
81738
42707
69927
59765
6641
37228
46489
4545
44583
62743
57912
41439
10672
74678
11880
9760
57372
40756
74473
34860
74381
8324
21779
40853
79903
7377
65461
2987
56985
39066
55112
44955
73672
58884
44505
50694
42928
20590
30384
23459
39979
56676
7407
76721
35687
47290
63475
23701
48534
12182
64814
71540
64449
37747
13912
61126
81937
64318
55319
22067
1285
58646
58162
49974
42470
71306
36546
48210
3843
80129
75596
18508
73028
40678
49810
7870
68365
4543
64256
20629
43969
32985
13467
83753
10283
18402
46988
54124
24730
62186
71441
50558
7179
48897
26646
2399
70918
63898
54425
19473
59564
19736
39134
89645
36522
5482
7263
50810
82735
9722
25466
88006
48621
36007
46189
29803
5622
3898
23662
53866
12551
16576
19503
3761
79790
71721
37298
23161
11148
7410
22782
84985
73558
5511
17792
22055
19675
35656
15580
15074
11274
59046
62939
20699
67233
77621
11778
17757
83022
81104
57567
72894
36734
6676
18029
6274
54968
49208
81058
3493
78283
87957
42030
8858
72882
46756
25468
28203
3726
50109
46325
56299
77562
3125
69207
33043
45341
51260
72565
7043
60394
69209
27294
24895
55449
40973
66647
79104
85284
73194
89963
64410
22449
47332
89280
75025
84053
26613
3680
45909
56644
31300
58379
45827
13240
48360
13323
71642
30085
80041
76126
71679
581
9999
68788
83327
28763
81920
82561
32644
44473
75811
78069
4466
2109
18287
31110
57303
46841
38423
58792
18257
42111
6364
65753
29673
81723
47847
24972
84904
63564
74548
59219
71483
80510
76
51175
31854
30191
67170
9771
22925
39190
43701
12061
58235
54613
43340
57238
83623
75198
59427
4754
20469
62266
69411
61748
52738
67011
29098
16927
88528
27472
36529
79071
14201
15373
52242
79374
23911
71597
13649
9509
87677
5295
19041
43169
12010
89787
35464
73636
83035
68582
2040
19859
14514
58797
63516
43183
82935
75537
4387
56142
84220
4883
62252
87933
47509
69499
17307
6365
4323
5021
9882
52442
35783
65071
43009
61995
1767
54846
88238
31657
76042
32372
74758
52206
59493
14116
18942
78791
28844
89035
8867
39695
31413
40858
58093
55114
72340
78108
71
8065
55152
23198
8278
63433
62960
8518
35959
33687
27733
46797
4449
25128
76022
74200
66487
60282
2800
40773
8099
56267
62371
66338
26508
44274
87762
29077
68474
7795
26622
77730
51257
64942
89147
48989
26023
74313
68750
7383
80310
24503
46815
79342
47635
39355
77276
46642
12536
64929
89763
83618
33002
18848
87672
53231
65198
51749
82394
68887
19243
78770
78403
43173
61119
55103
48161
57573
84925
45671
8020
9608
84021
12516
46899
25119
73623
12498
76575
82440
69757
42996
31437
19468
63324
88706
15584
57046
35558
22964
20086
87574
66239
89435
88682
21491
58416
2486
8011
26301
77240
12241
4617
89936
58718
29102
47020
24417
20465
25810
19494
33124
39670
89241
28520
6007
27148
50700
61572
73424
69316
9548
68606
27791
70760
40278
70375
59299
8862
36448
39654
42083
79784
34746
89354
59854
87033
1448
60859
72977
88372
54820
29693
53005
5065
997
37454
84127
55263
69794
67038
85198
31524
64472
71329
39850
36245
129
37474
46790
32648
23082
17526
65163
71477
28565
2501
57554
52426
41167
71015
3060
58149
16249
1937
59170
41476
58520
83547
27150
61342
53355
50980
70468
50657
7140
74361
67357
3388
41290
21677
5227
36412
32698
22212
57902
78565
44418
53775
13913
89944
76646
20394
56839
55753
6748
22698
24309
43372
37304
71031
52886
40492
76785
61023
86570
38542
62274
28722
79513
52352
37643
17122
5085
16734
15822
38163
17187
42155
19335
73042
84691
1708
73433
29027
9075
57762
10557
23296
41865
55774
334
42554
64648
87513
33604
34209
64739
34461
50732
49081
11602
39309
58981
68587
66012
29873
59328
58355
36080
78558
17181
86757
64487
11898
47808
8510
3331
5088
1823
68580
44821
5392
2030
40926
40040
52607
51786
69408
71968
10074
63028
18390
2984
86692
45100
44588
52314
47980
72489
46103
82498
55978
63784
78169
17566
62231
26304
36565
16045
24783
73981
81718
81163
53467
71986
15652
11057
16024
49885
1317
56018
65043
194
66971
34476
59731
65760
58382
65744
62511
65839
24033
52087
60698
79103
86576
8556
22131
30594
19264
39660
31077
22985
73984
16619
27943
50934
28307
28440
13034
74317
81724
61254
63647
86779
29279
30615
78971
46132
13685
70248
84208
49818
49261
38350
40155
84486
20437
75047
71651
17191
14404
25665
37563
13599
64517
74173
61662
42945
35518
799
25981
11137
47193
32253
85947
77315
46086
221
80223
69041
88623
79195
30596
28884
51842
16691
40093
87210
42339
65225
89845
82519
33380
10136
41033
82867
7243
23478
53183
55776
51497
54887
58971
73098
13045
33999
41731
59056
81742
32358
62862
37568
39913
75148
23409
63363
65630
10844
53265
25266
50955
30624
26908
58018
80366
64577
34034
61677
6099
46824
88754
67464
78840
7509
27639
3088
77101
11521
8441
7909
68728
24129
4257
84854
69707
45853
43202
16275
52493
14872
61451
14990
88429
7173
45782
79628
50387
25208
17709
84415
57453
56489
64066
88306
11813
17522
68160
5106
54522
65103
73236
68998
23064
26110
29739
24786
68300
76541
45937
35581
8691
28620
83699
50238
10103
26745
18668
24953
4395
82006
75505
79225
34841
6064
57300
69406
50624
19518
66204
15520
12870
34189
7595
17204
53126
22391
38194
24938
35564
9526
64217
54219
42458
17419
74254
21999
67648
44929
50940
65758
54469
73052
75356
14370
978
10723
64366
86765
28548
24259
7832
44086
829
46379
60643
34007
9175
46511
39396
51156
23816
754
53328
82304
67910
12459
29825
44708
35288
80889
15425
71354
3931
44066
37637
3230
63518
88148
13129
79409
78490
69002
2971
83996
12462
19924
2839
8653
49496
30189
51570
1369
67025
67053
45824
67389
88281
1481
44622
86222
18933
30204
30678
37011
4925
28280
66934
31915
51541
35920
71949
1415
42788
63148
16008
30106
13873
50124
84610
79399
19620
63128
41767
42916
40606
75589
10046
16632
74161
9087
67627
15287
59200
23807
27203
76591
54655
1654
50701
18125
190
71032
5289
9648
58806
37041
12827
38980
69738
65768
27084
5586
49684
49583
88171
30399
62397
24062
25727
77229
68742
16768
61076
20816
9767
5535
24124
83765
20683
12627
72823
21767
33107
4114
17549
43048
85461
83959
20968
13622
7974
46494
61850
10765
80896
53199
3699
63369
2886
67866
85321
51999
42015
4843
65272
56104
427
73429
13923
23210
76583
8738
69613
88246
50656
59043
7725
8093
24992
74978
70643
17517
81205
47535
32647
40788
88759
4796
32019
13511
68860
81294
56141
58770
41197
38894
25539
87069
48408
74231
48888
6616
48378
28807
79359
62725
71765
27897
26723
14564
30260
49833
40586
36482
72369
61889
80984
87653
7573
51949
8682
86694
24946
17921
22487
10995
13855
69849
77843
45846
82600
55635
27920
17677
49196
6730
38808
69857
53693
70028
62157
23893
18988
50965
68260
20382
11175
83322
46498
57872
50783
615
71277
48169
65055
25561
19411
43326
3013
59666
23574
20363
60597
32192
5269
64310
51744
76241
6906
61472
12483
46643
35601
87485
75619
28463
6387
14691
34798
54712
71317
9962
57454
60370
64297
54692
23901
70244
48865
66299
40032
8418
46483
41081
78155
49551
18758
47654
52021
35699
54318
1213
18470
34125
52133
49547
37507
68917
17567
76268
58861
17786
15780
18194
29267
75933
36185
46966
8662
62120
41953
87288
23981
28869
83862
88207
23815
87359
24060
62926
12334
72293
84202
59192
21865
19755
7347
15122
59660
18864
25172
68242
83954
46510
57357
84897
34501
29184
72832
57086
79612
51897
88477
30907
14145
73746
4402
4741
24593
49425
81269
36430
76056
81260
89533
63994
4755
85856
13515
65089
3799
6747
51414
69565
21116
49959
2022
4710
54773
12805
1039
30252
64709
54377
38497
40332
73633
74020
16367
67171
8900
26680
18236
2150
87013
83128
78752
76119
60086
47296
34559
63376
60152
21411
21638
67776
25668
70579
24343
74000
84363
47993
27727
14895
17498
78594
32757
47341
27058
85123
82473
23719
1555
65080
75658
65840
75626
87746
62360
52248
39062
36094
39375
33886
50610
70330
547
19038
15000
46654
60948
14686
66288
18888
17682
51544
60301
66289
28500
1714
29918
75450
86064
7466
35094
87127
53654
32879
70785
24363
61476
73933
81694
78386
69246
3917
69947
30333
15577
69367
50640
84466
77810
6165
62052
13199
32760
89890
81533
25059
73641
66439
69700
13519
9541
27942
30869
5747
64604
14698
57715
15533
89798
43718
82180
45665
71722
52216
14871
21524
22861
18653
52470
4111
22133
39290
55408
38149
61423
58809
14169
24153
57962
3721
3588
80817
2904
56704
57688
73774
58931
41252
40954
145
87793
61626
82102
39707
37696
63680
39363
12096
67581
68478
53639
50715
5729
14294
80864
63645
88950
58635
72462
69094
28880
61519
77973
30628
46081
24716
11265
4698
45902
20608
34409
80336
34457
39386
5623
19213
87341
72212
32702
86733
5093
50043
23494
15275
38114
53821
50503
13090
35290
35799
69604
64713
31998
12306
62312
33323
83881
84741
34411
61448
14071
3095
66267
58050
20240
55575
43576
26220
27498
29078
19066
3510
22875
75519
48565
31801
85396
64740
2118
84512
74365
27344
46193
22000
21662
18205
81008
21933
29455
60825
49442
78985
84954
53470
17695
23242
31134
2324
29339
66011
78911
68209
12164
86432
56706
26681
35565
75601
44385
89732
63467
76101
33498
19923
5339
17975
22017
51496
67502
14354
69214
2657
57443
63327
5499
17300
1926
51015
8084
8965
3302
20707
63858
38309
26269
13535
964
13130
80483
23225
34225
1864
51732
26524
19721
28032
88968
86119
53777
49163
48325
75724
55863
66727
52749
31735
6034
86320
80869
86224
61958
38329
88694
18725
57232
27030
18885
15370
64093
40054
54640
79528
8853
36342
66951
61904
83161
26783
28141
15956
73457
60143
56515
53947
75336
19602
1892
82655
56394
42093
5221
70211
37076
7900
53077
10215
24839
37346
45222
81975
83902
34815
68198
32096
21981
23728
87414
5298
60707
60864
31654
60475
84541
85259
17865
63147
74248
46570
27459
27289
31310
62887
33787
61863
14260
65811
27378
76573
7762
29484
74788
78556
6151
19833
45400
86055
47809
29786
85590
7414
81396
70002
47802
72201
72402
10862
63847
5516
73813
76385
7341
65330
7859
72035
35739
82566
86756
16784
229
26935
31732
74470
76515
32012
1773
736
66736
34699
9096
47735
79854
87777
71714
84432
45343
63881
71173
71945
47434
23998
664
63943
84536
13809
51145
42183
79961
82242
4876
87360
78120
51908
43153
69278
31161
35426
83622
16781
2483
41986
73496
50402
85003
69803
20726
23962
27780
52678
85565
42532
55816
29749
24694
11065
42748
36502
74431
11188
6499
84845
965
55487
36802
72580
78678
5420
81719
62785
62341
71509
4462
60274
58306
71905
73182
31553
3126
22581
85475
64241
25250
39388
12398
24505
70806
45518
6170
70440
42434
17440
7184
50727
8403
53391
80337
54323
6886
25829
12930
52856
42293
57973
86305
17359
66507
16118
22914
76404
64138
35899
50839
81068
8570
47
44554
72151
53674
1571
52550
43601
79714
81555
6986
10465
62590
44496
55571
49798
20924
66568
6815
22757
40744
55650
85252
12103
22173
8745
62886
50379
24218
78299
2902
25648
75825
46559
59559
4664
67105
77287
49409
52290
78089
65194
15939
11616
88910
64354
51456
74100
8779
60038
47319
17323
85920
7935
31371
37479
17060
53185
17937
43706
25644
30196
34177
40809
3676
2805
24247
17017
19655
61174
34201
65609
31681
46128
16668
76410
43990
60156
65269
18875
40587
88261
80035
46820
62284
38296
29341
14417
82339
27275
76457
70322
33455
39703
64018
12108
5931
72103
17446
17361
15590
79172
51381
13998
36431
25443
30012
62287
14242
29356
66744
5251
38199
67702
10254
15062
82238
57913
20845
17631
13512
84449
54352
50498
58440
9852
81935
37958
5144
16115
83829
34213
73749
29054
6385
651
14140
11420
29718
26032
27783
55209
10746
30139
18057
62514
81761
68113
46941
42712
27476
32852
33427
41491
8592
11622
86498
33285
80675
33033
12619
78726
5551
26541
24307
70646
40580
51142
43499
17349
45371
70132
253
5644
7268
80415
44069
85677
30254
86841
2281
15790
64193
26359
50352
24188
60965
5469
33772
40469
66539
30537
84394
43197
70504
60487
10170
46964
66305
50277
37322
3643
43204
29272
34687
33588
27806
81373
89530
73083
82513
46787
61580
48476
68138
22079
43998
22269
83908
76590
54272
25259
83409
10751
82142
42905
15603
77000
59396
6970
23176
65929
58786
32245
7395
72619
3362
25470
46969
41713
83190
64041
70410
28194
70756
54465
48104
78978
21532
21358
4359
71070
36625
31587
61550
63721
71926
25611
44102
49668
7826
39887
57189
80646
57197
86649
25603
8111
51113
1411
25658
46484
24939
39161
15653
44893
55429
13172
39574
39240
8651
49842
50913
36958
16022
4744
72386
22731
85060
11585
39244
7892
12033
31309
39550
37513
14910
58209
87211
28029
30659
80202
11034
52747
67539
54711
17435
51075
14906
555
83666
48563
59831
58619
32654
28131
11904
28720
56667
84022
49960
62018
19903
1870
77625
81033
28976
4730
30203
44593
60715
25037
18037
72721
51532
9536
70124
82181
11073
35616
16509
59005
41976
22591
48287
68792
17550
15691
70353
48554
51362
14184
37291
19331
81817
46512
67043
45788
48892
3360
73736
86109
51119
20355
79944
17353
492
64909
35979
24815
15268
69189
42026
63704
54016
469
19419
53577
37413
23479
534
6451
11199
30150
19030
50096
84100
45234
54674
26216
47299
40269
21099
32976
84281
57101
11434
36697
56967
76467
73245
47067
1319
46219
53520
67307
32751
50889
12121
15488
12865
10164
65357
71093
78452
84857
25418
79765
41037
69634
7814
33359
12219
4181
49675
7913
6118
11060
38738
55077
9412
24750
71044
79919
41965
21921
72146
29221
69062
23366
23337
38195
73679
23027
28213
25518
55234
34009
27669
76665
37587
41441
83121
86573
9982
38304
72568
34482
49919
71707
29987
66973
36680
9523
40379
12877
66079
39022
64153
71953
83796
25761
59707
49857
73251
81553
50275
13435
62800
75850
14274
42092
36520
86793
78847
52469
67823
59679
77223
9318
73062
26012
65673
6617
63567
29503
85507
26825
4538
59514
56449
69517
43049
88671
33140
5478
86839
82830
65395
81788
32905
85594
12238
72764
44931
36592
32593
61115
12856
48227
22155
77121
71882
54224
11711
33966
77500
69910
75455
61625
13077
50834
58105
84465
54325
34143
67558
35929
15605
85791
59480
8751
18589
25155
78146
2940
35042
60359
23678
24843
64355
84823
10891
47743
1963
58733
37865
29085
16625
88745
47322
60543
12852
26994
43647
48525
41735
33164
89749
86086
30319
37831
81808
52985
71750
50848
1195
8098
80179
20001
66321
6380
5361
68812
46560
11106
58895
16006
40420
11486
18249
32250
51789
86859
4271
5275
79115
5445
41415
47594
42453
55464
9791
28087
17647
83429
33784
62480
9491
47359
62983
86776
31384
80142
87277
25911
62730
83653
60418
30527
1992
51315
86173
41647
71196
84372
61220
83215
26807
35855
44778
52130
2725
17020
69007
70205
82369
38451
56545
4612
49886
11758
79186
38973
826
14701
58632
6571
23621
1651
33800
72072
72465
17855
47024
81228
62136
65991
34753
11333
66367
7010
50160
81118
23336
65015
15493
75394
56559
36099
63769
65571
32184
29838
42256
77734
16125
82902
8491
70112
63936
67816
60345
22416
86274
80327
46263
81877
29667
53530
34616
3236
48029
84820
58248
79387
65591
14757
10712
48391
42027
55623
16218
17169
62214
29907
9901
69672
44830
49838
84644
10645
49055
60182
23274
1700
47512
33730
10285
78793
43288
8115
51974
69980
75942
7368
11854
81835
43162
79418
40636
27681
25113
33644
15629
84905
16461
9374
67224
2906
27361
37910
46306
69084
34843
71466
20698
72051
45934
80102
37988
22301
79852
15910
17346
32791
89203
84550
28068
67360
78043
37015
11683
28297
12223
40965
32325
56465
4200
11906
76942
13232
76405
74274
82463
59014
89008
42932
88597
66880
61679
76466
2819
75188
85376
76350
19147
77281
48918
15888
82100
15416
40694
66263
64461
33680
72659
5042
22780
52124
65606
6109
47752
64048
19481
11423
17927
14482
40219
45136
85086
9711
43841
19077
29179
19192
31592
74350
67583
76928
50108
9620
5725
72104
18525
70765
83966
18049
53398
87663
9434
10637
54657
86072
39463
85006
83079
68134
5964
28324
31326
19116
49089
33903
32896
55034
23258
77791
64117
28570
89754
55176
23947
85066
51392
67135
73427
36369
85339
43863
9775
40726
78175
71595
1677
75404
60757
69692
81941
40942
17939
64172
78031
49458
77061
61189
25077
71556
84057
58905
4173
2360
12606
72238
81659
74444
35433
62612
89423
74463
63582
8374
15905
71180
48341
89191
68293
80992
22068
20640
11340
68144
63642
69715
83791
87775
76967
78248
62245
63632
4043
87201
76208
16307
26343
89996
45792
49692
3381
56024
57112
75362
81090
82780
71815
47415
34371
88904
28582
29237
70613
42139
15717
54440
34927
39380
9886
22865
7650
3460
86708
35898
24914
19365
31671
78332
44038
25002
47284
85735
30887
60546
48015
18150
10710
60206
82843
76730
21506
63380
30217
13033
53874
40917
54384
78262
26276
12122
14880
74542
19009
42535
19907
70497
50303
60603
2611
3786
15008
56662
30680
39547
10081
30365
38191
68948
7
54855
42127
63730
51009
49481
67482
68321
32821
49253
84994
26637
60983
32970
86350
65437
6059
19504
6656
44116
22768
19955
71112
14011
72234
70934
23181
55048
63831
77153
46460
58042
84690
83814
24775
3320
84989
71336
68642
56315
53735
48273
67499
43334
54726
31756
84386
41432
28301
7302
73874
9677
81653
3986
62143
82199
54210
12575
42226
57953
2527
79188
9678
16577
12298
54984
68898
40424
2255
17845
79525
27770
70708
39037
36622
31968
85300
18064
78078
33513
58899
45012
38347
3257
20564
43415
63134
77256
21616
85182
49415
48443
14939
43165
58962
27311
86335
44803
28615
38968
15029
43736
13173
27531
16871
45956
50574
40781
59430
32653
32623
64498
16447
45554
67076
47899
2719
24937
73918
56628
86373
23055
89741
72315
81145
20834
81753
11389
64860
76843
52444
27456
486
44482
60706
37912
33421
38225
65452
62767
32529
72758
84489
59162
89211
80834
46712
63165
52867
31119
24538
64653
79378
51378
72819
15517
38865
1629
21530
39555
9438
69506
36936
11201
87045
77129
83757
70009
59586
83975
43501
4967
63155
80629
34660
48874
11335
38086
79383
60181
61972
61275
41789
16759
3270
73056
58037
69511
51144
76339
16384
27730
12363
20842
77071
74074
55441
79948
62990
19232
69135
80626
938
54225
60553
77194
50831
33030
11257
20116
53833
31871
76054
283
52687
55425
26483
58426
77708
23072
51978
43609
14900
7133
45186
11926
27288
29968
38009
22473
31312
164
62617
18745
60683
8411
32598
45070
20837
74190
86974
17954
38130
64447
39596
32539
10994
67911
29911
63241
76453
40384
30556
41419
28942
9664
55318
37824
12940
73866
68856
88973
77606
81700
13985
73008
6167
54431
9041
67659
62562
63282
5188
46039
11250
20125
10701
26566
36894
46311
24249
46235
50683
83227
29156
77386
19206
45655
25346
17639
76510
9524
64481
38533
63228
67216
71439
83053
11962
32103
82578
22196
7204
75146
44232
3264
52754
34199
89150
38647
22788
84957
46191
47652
20301
75880
76354
70379
41589
12100
69907
30258
27773
21197
62433
52918
55151
52475
63803
3067
31435
2366
87084
84227
82570
946
51898
5423
57950
62023
81662
18596
21520
40252
10560
565
72357
14356
49796
60939
82532
35007
7088
63595
75744
57833
121
89665
61749
41977
40428
38656
72247
23307
24903
87303
85020
26589
50726
70437
25198
35480
59096
79479
26671
41983
65645
26258
10820
47043
10271
4368
49249
81499
79602
89041
75876
21234
69593
34243
17726
29840
37585
5504
37770
76060
32311
56727
76522
42619
63871
55716
20493
15025
35927
28602
876
44024
37904
73317
53406
35542
20696
80739
6206
9314
387
307
54254
24178
49151
79600
11385
89581
65141
54822
25808
68388
59029
63094
12466
48791
9013
41463
79313
64072
18532
6733
68851
83384
55199
60129
7723
72134
45638
63530
17698
33986
54338
59607
48509
22597
10772
34526
993
44064
81081
52838
7393
69866
3674
5317
53177
13806
29598
63690
71262
59766
35841
63948
11886
47128
58604
54491
20007
45861
8347
28706
74172
5200
56090
66878
528
62549
22351
72689
59535
52425
41682
57702
64664
22577
46366
88562
38094
50741
28274
72808
82417
49878
16026
28529
1715
18460
64631
41336
12618
48834
41262
73026
39599
86735
50216
56041
7474
66873
32485
2138
86930
26231
63054
21818
40026
36371
37100
48424
54838
59749
81412
1385
56250
83702
60974
73768
52188
24681
11246
15018
77547
87475
24494
65314
4261
46553
18306
21474
42765
23067
24666
81825
82361
50538
41125
4512
20917
30437
39265
23028
30730
73060
70565
11891
17076
32685
23978
26628
21105
55992
49625
35337
52728
75997
80364
27021
37227
82148
74871
8689
33041
13766
15376
37284
6762
65456
68096
89372
70131
70582
84055
76110
1217
40707
21794
55692
56878
1076
1021
33319
54619
47994
12029
49313
87379
20507
69280
44435
68955
60704
63189
72251
24338
38283
53129
24539
57266
5811
31485
69180
56443
17628
16947
74706
36029
5626
20591
56750
47175
43968
51367
66771
41643
81574
5250
38318
43298
8984
80182
54920
10066
30312
18790
2750
24663
29107
21749
4790
55466
20684
61564
86893
4419
58373
79288
36774
74522
65815
82472
60429
77853
81496
36769
58082
88619
24091
57114
58780
70247
9987
3495
70724
44632
51553
84201
57085
942
53266
67612
37953
80719
69905
77305
87958
25612
49986
45103
43098
66987
34554
67161
56124
75782
48481
18731
7693
35980
14155
84291
13501
79704
42400
22613
41500
84035
88282
42247
6065
64679
24697
43486
1101
18076
28909
3609
2176
83935
27054
62659
75360
19991
46603
69087
27757
29812
5446
17650
18116
42977
87811
21795
80027
85381
51366
53935
19094
80401
40116
47425
2620
87050
61531
44847
8329
8488
11671
10301
2675
14547
25152
36287
10489
41047
63613
11587
79061
42955
11901
21521
31925
9262
28120
18171
6792
28633
11847
23118
51355
38913
36447
86623
55463
49485
20126
87120
564
31814
886
76246
88012
50305
86923
21904
67871
76624
88878
35072
4816
7839
68115
11931
73494
40827
41185
66698
72839
37224
85969
7497
45640
17996
35000
17968
12008
45126
57602
34347
73292
15889
40480
69401
39050
55986
69289
79931
89460
30401
10011
85672
47784
25631
22624
70421
3704
45669
30696
20571
20708
43956
78290
53746
4968
57504
55783
84210
24335
67623
12495
6144
51931
66760
52420
62619
37878
62057
66027
85036
30850
42655
83222
88898
11300
72578
80880
7075
40349
29962
21433
26784
46238
64017
11209
32102
27334
16400
32117
42666
64848
2440
71465
39810
51368
13334
77524
2464
41547
42787
84416
39139
1901
25502
37144
2592
50797
52256
26435
2924
46503
34475
54010
44367
87175
918
43084
76209
6944
79194
23764
42274
11935
16857
81793
12243
36184
86148
41347
38519
8236
56317
80760
41469
12060
86442
63507
46781
61969
79817
60853
59658
23646
1397
49731
40832
71051
79969
66326
32763
41640
59549
10673
72114
19100
83917
23660
42283
36726
20998
86316
81900
81671
58578
67395
37651
24453
28812
80369
58513
28645
36494
25029
20985
46669
60117
18647
29804
57887
3782
85425
51926
35723
24644
84788
18147
35923
72822
42972
27784
61128
3633
68641
49036
40408
35545
88225
88952
46151
27441
48908
4389
63838
47401
83523
70644
35183
11455
41174
19356
66721
24056
38667
11890
26000
70100
40234
48383
58641
63551
89053
48613
79120
17105
13776
19323
76299
18522
20205
9850
11084
28889
8938
31237
57474
25387
40640
15681
87473
11303
17075
21485
62471
28769
18373
55135
7936
2847
55935
28438
35786
32371
68706
80205
71939
60002
12242
48851
19922
63809
42545
5793
20064
51475
60862
10980
82956
25921
24883
80725
55414
46010
69869
42825
47488
29778
47101
18721
78081
69439
52406
64159
48256
1616
80047
44281
65491
45854
30459
19159
83923
2201
80662
27808
8019
77983
17
2720
47059
39017
89299
12339
26679
50833
23470
10241
12156
62069
75295
89198
64125
77003
81644
81865
50200
73827
29931
48628
86493
12901
59640
16598
3300
73118
82114
20893
51615
82639
85980
39633
63286
71316
59218
24700
35034
78366
81697
15502
48867
87437
21235
77568
14343
11733
42337
8990
64811
38699
59932
45072
34162
17595
64453
30407
36887
30620
56587
60037
26771
24356
43306
12695
89682
15864
8029
33199
74150
38271
41171
30753
46176
53086
9964
22810
12388
62424
71978
1356
47813
77348
58503
25555
43791
21326
2507
25207
82870
66005
3052
4164
81385
72329
52933
57770
71092
52587
74835
73863
37044
23002
67850
46598
67666
76388
54827
32744
64054
1542
85787
34999
46375
17882
15535
69928
66848
79016
35205
5867
7253
70487
6857
52882
50085
1716
35872
67185
8692
50752
9303
12512
89850
76297
36858
22465
70625
6665
69759
2332
43090
5741
65668
81000
17134
57965
27490
73585
19469
62238
87424
11097
30754
30154
82226
1657
850
29093
85400
30994
16089
73498
71704
81408
5957
8597
88827
37059
9624
57268
82892
46998
37599
2759
10003
70599
89575
62297
86682
69301
31242
87974
8767
50295
23768
63841
35411
76715
24551
86743
54136
5258
84180
10426
79599
39293
11737
48298
86386
16573
84032
62190
18394
33152
81077
22346
9319
80252
55374
88521
8375
15845
37154
40498
88015
44192
41615
20821
16606
27739
88342
86061
53836
25227
79998
55143
16621
60556
30639
6388
34252
846
52076
65044
24069
81625
46621
55999
82130
35522
8770
73157
87629
835
76375
31316
81586
12437
622
25109
48805
44121
47955
13281
61616
63269
69234
55147
83969
30395
48232
29792
40179
16727
10902
2928
725
23654
36196
5426
76569
50271
61445
46048
19698
28567
68301
14754
67250
65660
44957
17704
11830
72276
30943
71525
79744
34083
85635
71513
12197
37957
48984
58888
46308
72144
28597
46478
2926
6016
62731
50922
84039
81066
10130
16916
9131
64708
89052
29308
25018
86436
89009
2385
20271
45991
45771
44552
7387
48507
60324
40034
84684
45213
61239
46255
50885
45849
72539
15034
53142
53810
52066
73602
17239
48384
80427
75718
13890
57437
25357
45863
14400
29702
81783
56947
14952
89439
75750
48600
22546
68689
38970
45297
36358
77369
39238
68744
49335
21045
14570
19220
2536
54950
19978
74166
61048
51959
30721
47042
31059
78765
83108
25135
30380
26034
62699
68890
43094
53979
19809
10262
16694
21566
84287
60388
37332
59732
85932
56439
82381
59926
26925
31383
46171
39131
33131
62734
73024
73174
31689
71157
80466
54020
3373
73393
44294
64073
65643
47634
11516
15679
67719
72667
86636
7561
83279
35591
52367
51406
55557
79066
84331
49876
24791
32315
16682
22115
9511
2287
89628
7937
11138
63728
33733
15361
24470
50198
25645
15782
18055
40779
57624
83224
16840
43492
45598
21634
46340
34783
25684
82501
40338
5279
32375
78537
87952
52063
20695
14548
72159
84081
54898
22249
82585
87687
87318
13166
58052
64697
41861
85000
37206
85974
12762
7580
45049
64397
20039
2001
42521
85153
20060
64341
81648
38227
88715
476
81079
30422
39748
52815
65365
62517
6003
77235
71059
12323
88897
27635
64401
38005
23450
66621
21502
58553
46345
59941
27239
6602
30528
7842
76550
28494
9161
66346
20151
23958
60070
5414
83418
34435
65490
88536
65889
57736
79017
62844
36315
84098
88420
28093
13726
16733
23156
71619
1841
67444
26981
79241
29381
46722
85749
54004
78425
27029
83577
61771
39746
13050
87401
8203
40065
28163
17264
39734
83871
19410
18662
42627
31717
316
85620
43092
32824
16772
83792
86589
86764
41984
27274
6185
33546
54378
88647
17779
82754
61488
26821
56484
54271
16033
36444
49511
4550
14033
12039
18036
37026
28551
27079
45882
52402
50268
68042
64112
26937
9815
73551
54754
64363
44133
66560
42279
36719
63153
40967
27776
80203
76825
89169
1477
12957
86651
14273
13629
21505
84315
76592
29585
40409
29572
43103
48906
83033
24152
47671
34900
77263
89604
69254
79935
5131
51662
38229
44508
38047
9414
43542
30539
88799
2531
5767
60227
72888
10581
35573
81143
44307
44157
6284
38244
89487
12688
54523
1827
59110
34048
35995
23971
36132
58768
59069
76401
22851
29814
31990
44664
12157
57989
25229
43853
12247
44603
56049
14472
40820
53259
50563
16523
82942
29577
69108
71778
50960
60119
82514
6635
33022
73725
57988
46715
14166
86796
38677
50450
74492
77901
64463
10031
77688
57992
36857
65214
14516
11484
20317
38255
89311
84017
6746
18710
75396
24405
23698
19274
72036
11578
49747
27114
65029
27254
16538
7157
88874
85884
28334
64504
13778
23008
38909
22098
87781
69162
42769
71472
22072
50364
87625
67838
81897
16717
73034
66319
87968
13853
27246
46774
35964
21391
65607
2980
41981
36076
68817
41662
156
79300
87480
5434
26482
77399
63404
48853
86784
51399
15598
46131
12899
18218
77388
14888
5983
43223
65174
42614
43784
14907
71006
21168
5160
46989
30844
6725
47891
65860
38649
51328
30277
23392
69449
27420
82214
85763
84902
62390
51891
69091
89016
78287
84329
27033
29382
16656
45559
76953
72950
17889
47000
74605
50389
16582
57632
17250
9799
26124
45836
69968
36513
19427
31291
45020
66686
80264
72672
83167
12201
22554
89433
18727
22642
58344
79282
73965
66521
33387
25862
10768
53887
80172
18578
13309
22184
63843
51478
70623
2833
66684
29083
24306
4761
66448
39004
76561
48597
84164
31634
33977
35164
2907
68564
81758
52113
39498
4433
5097
55988
35287
86650
66494
72666
29971
25191
54451
67641
67923
12761
17816
63988
5613
56631
5645
87940
30165
75313
22312
11907
70859
81842
19647
28519
604
61283
65943
41142
38180
80413
58396
34681
64674
14267
47179
89860
52192
36703
72492
15885
29965
79676
70407
9372
31032
2327
16074
58668
24667
35802
30089
82053
41036
34601
14638
69999
1108
31741
19799
31245
70987
85568
52399
80335
7417
70742
30148
41710
66868
58058
39892
17045
32520
65632
28533
87145
67896
89829
64587
25176
89493
32805
43408
32692
4809
52950
63379
73958
88661
57908
26085
33366
17372
74665
56721
59279
86693
85435
85676
52542
59525
59845
22405
73394
57500
9381
64932
50864
32727
712
65993
88590
10541
52159
18201
75565
22199
38905
79414
61104
73366
77197
68488
68187
3572
58129
65446
67391
4997
86149
7415
10423
53808
37120
16464
19048
72429
70462
88654
40347
26793
19193
30732
39928
33497
4024
40939
22599
11956
33662
55564
30637
25455
42500
8162
6796
16851
65555
23313
24209
3760
69601
67190
81501
75355
28468
71311
39537
86791
62668
89176
79238
74486
69507
11846
47866
85428
75498
58750
63802
54334
9461
79773
16967
82786
32252
17903
54785
66551
40797
41150
58433
74177
78476
11059
80670
14742
6049
12781
36598
22821
79506
6002
14572
5331
27785
31826
13815
44907
67712
54504
16876
69019
8247
40510
47532
37505
77176
76432
59243
81540
9701
48265
25312
87472
34384
2560
27839
60492
64862
10431
57170
51540
22355
14593
18692
79863
47826
4234
16588
17275
11107
63941
11444
25853
77967
18696
6876
75203
79086
9104
69337
80362
55297
44873
89359
75433
84967
34669
81405
40769
54076
43121
17512
70830
36181
6106
25838
45125
73802
3864
8898
22630
38010
5727
24037
47746
88223
64972
7665
3474
57832
57622
66429
32162
7002
77604
54556
25238
47508
25262
46439
58276
12502
12758
5447
71420
34813
14933
80494
71929
70652
24888
9275
6211
44123
31519
20124
67286
3552
58043
16477
29550
79470
76973
84589
9989
25269
18511
66935
19836
87221
2024
84425
43114
65868
3021
63746
35503
65376
27987
5089
36669
55371
14644
16179
58923
24267
81558
88046
7926
30509
9912
6559
40554
37718
52097
22317
20516
85592
9572
6058
14303
14194
52179
76619
49636
39697
19512
14013
77801
56281
74010
72855
77473
28347
78136
69263
2323
83189
40609
19694
49478
86655
10671
14486
23858
86970
23557
5471
36607
70476
6775
26512
12927
15884
217
78820
57805
71500
65158
83820
52535
58261
51517
36966
79957
9379
88406
44031
58845
58192
50809
46083
86774
12932
4090
31128
78927
1807
62165
50591
25118
56044
73971
17327
71274
84683
36126
10836
37367
69944
72443
48868
3048
60648
51567
66806
74262
56080
4408
8412
10681
73815
52770
16298
2341
37683
77084
17382
13645
8562
12152
18035
23949
55679
38953
15529
68184
78170
79133
42451
41542
8078
51047
25834
41360
81293
6272
70208
53264
81322
58459
80289
81611
14070
14130
30584
49433
28888
31116
14837
19674
8006
88013
34876
56574
70973
11944
69168
71469
72135
3042
5873
28785
12910
41402
36960
71655
43739
69520
49452
51702
30889
82439
56571
14739
86547
33907
55260
49801
13570
88300
66933
18618
89820
4030
61544
66798
86978
82864
67833
40477
34357
25639
42901
79212
67044
34147
25871
76043
77261
10764
78637
69300
25845
67145
26607
86218
1494
9820
28841
70174
68280
73386
1428
87443
71298
72364
1871
6477
67733
26185
13553
53074
70844
73246
46730
10716
55764
16381
60455
38678
78504
38742
37327
51700
55584
58818
32296
8002
37745
42438
29674
24669
55051
26542
69259
87289
52719
5946
43008
32798
24484
3904
6998
87772
76693
89508
8289
59385
55516
49580
83125
62847
69581
55827
85973
63653
48849
64174
73798
31922
82104
17052
54981
13728
42141
10305
65309
19584
79800
87467
48518
53298
62380
29571
22060
65767
5091
35587
50688
44909
18772
6123
53042
5117
64817
73759
89688
82121
73402
79265
62831
66086
21463
39431
55475
36919
19631
26871
67834
2410
17488
82984
49162
62570
43755
6959
2372
74687
31375
87795
83129
66055
55332
74245
87399
16798
82657
22329
45171
83914
67370
2786
18605
35675
60376
9837
37825
53147
89650
36909
1791
19509
28595
477
33819
32901
86139
33201
40583
39480
33746
22879
35915
88143
83247
84221
61589
75869
42307
50575
11375
37155
77620
13291
1181
78768
24935
3536
16589
17705
20466
10378
51565
55212
78313
60317
76908
49934
35389
67710
87837
72271
55088
13333
52228
43909
67888
37710
48609
82020
29745
74507
57748
68757
31845
36392
25942
35181
83445
26354
57782
26536
15796
60894
37765
3732
28539
80520
15261
41522
55643
5835
24162
37817
66524
15027
71559
13980
6653
7562
42674
17277
25868
75557
18417
4829
51049
77166
38525
50760
85504
55870
84544
47839
82533
50009
32678
41779
53026
26142
3594
12059
22673
41357
9366
51492
39521
18787
6642
11468
77622
55353
51762
86251
2032
63736
22837
67426
61287
11487
86699
59785
38039
86940
63573
87176
47545
14778
37995
44346
24870
10858
22306
55525
33440
53831
75515
21718
17860
67844
61906
75109
10842
71203
19998
30574
82429
24674
38681
84012
80536
30895
25643
76984
74196
39473
82828
67240
27326
31180
19145
709
70351
35884
13779
27997
68190
33957
17118
16335
32829
57021
51253
2348
8833
3204
67083
8014
34621
63698
79614
37755
57313
32157
83304
64696
13210
11536
56546
6805
26818
41793
44154
17218
59165
15094
48950
84774
65333
29635
27179
37118
7647
82606
65781
25431
52321
86820
56612
73179
27011
84418
7102
22304
65005
45635
25
42635
43850
16124
89482
87836
79363
43766
78045
62073
34301
17110
58952
86858
37121
65053
16942
38735
40722
59834
21359
88255
85061
40529
62256
39043
50557
21830
8276
39367
45926
27985
51195
41159
61843
83984
26979
18045
49406
27034
21428
25488
39315
672
49656
40545
19262
48921
66024
69251
15975
73270
54736
57995
25909
33484
42754
16646
66689
73658
8860
88640
23329
66256
30466
83307
13597
69635
59657
20450
39977
80018
49524
536
48026
31969
53617
15498
86594
73833
36981
15621
27627
72947
3319
10944
42424
8874
37709
35553
38453
48264
15142
73384
25187
26815
24174
1974
73475
59897
13995
72785
89661
52885
18644
65487
15536
26951
38160
62019
85155
82172
8671
67340
22250
86404
18839
32234
11765
64448
1371
36632
49063
13300
88801
17194
65159
73476
75533
6083
77148
72773
22741
49417
87642
39291
80927
15032
74219
85977
70937
62339
88948
59038
16376
15445
53274
66161
79101
32021
33515
85206
80946
13284
89681
12786
7076
46906
21080
79466
65354
65453
81469
14688
6632
27915
571
54222
84338
71297
81325
77339
9305
40017
43550
78557
52532
81133
14740
46668
56636
80227
3851
49041
85420
64733
31863
45440
80938
23179
5307
27891
58748
35597
54834
68547
45906
37644
22944
21097
2218
32773
15274
32924
14703
89278
55299
16186
31269
40991
38003
55940
11911
53400
4331
45292
74396
54343
24829
15329
45293
26841
52580
44800
18849
88642
2561
32707
31625
55042
36352
14015
13255
47902
41873
63686
42529
52999
48586
61390
18427
60810
10981
63226
65718
88343
58352
50553
81347
39156
75092
55903
70832
21075
46257
39515
15049
48160
7766
23262
80730
18881
24407
49834
44136
210
66008
64675
27381
62332
86262
60888
16280
19554
20324
52927
8268
21577
11237
20583
62193
5598
25718
51413
65317
28790
31667
4473
24936
48450
67333
39305
68963
58002
36464
29733
16149
15702
61648
79659
24485
65813
57772
35854
84692
38249
44278
81947
69363
24173
71485
70861
72406
71009
39499
24999
53982
75661
59479
3778
31688
16156
43365
3885
46213
86666
18582
50939
52366
85276
2883
31035
67046
19881
40933
29669
34864
22375
18246
58363
62984
69184
69936
8894
57472
86180
52953
87148
21343
31630
50634
10060
57857
7530
67892
71965
85924
6480
68736
42561
40891
50414
51847
71480
32937
293
76603
64723
58090
56269
17701
65952
23930
71318
172
2542
11328
70960
9039
51736
31835
54172
32664
33349
69342
38413
52657
49058
45695
88077
35223
34571
48793
19793
14988
35595
17047
48578
11050
88161
82151
67561
2916
44266
22447
4268
77437
14371
47417
20509
33250
1090
45739
45514
4143
76020
45708
246
43359
24381
82333
28272
77631
16928
35701
17155
58136
86366
72289
32864
66000
78612
11874
26078
69244
59057
28612
20743
61742
54350
12828
50970
16943
81306
47518
2626
61683
59979
44206
10411
38763
65296
81567
37537
24708
13688
81320
47203
15664
80026
35537
25334
33628
4696
14987
74616
46243
16337
29645
66037
16909
5114
79996
27050
14160
70633
24231
54681
88067
46203
11460
55324
63025
14497
21066
81856
67913
64106
85663
59818
80551
11567
37963
75370
23989
85655
51697
6709
2223
18499
12895
52068
20666
67504
8610
70374
77874
62997
2339
60881
64781
36149
43430
38792
77290
48667
67643
13321
54209
45895
84846
26437
78479
46274
70837
82821
83328
58552
77414
84352
55717
64440
26312
55404
45698
59555
63465
85106
38168
77581
82826
2381
36905
35017
43130
58346
43214
6257
73822
87458
64301
31736
66411
21272
2271
37483
18620
972
72811
32238
37406
1265
67427
11377
30413
31738
5860
43729
17841
60954
26610
84688
80069
10680
21903
57184
89404
87985
22349
48745
62392
25690
53257
23516
60772
64457
15959
87139
54769
17917
63964
43992
77767
23955
87949
87647
73985
43358
58536
2812
8502
47461
48681
18628
25511
29563
54953
16123
53855
19475
15588
40046
84715
38201
89912
63199
26714
78608
57668
30735
60242
11439
69150
49654
66767
47703
5566
2185
13715
52187
61501
40452
64915
74257
61591
20625
72751
9714
33522
66957
56642
21500
47266
47164
14280
44303
57206
36229
22491
1577
73542
87382
56893
47898
4401
69776
63332
86464
13598
44805
63090
86528
12669
43170
58345
58813
66093
34597
36481
60448
66837
44795
73284
18299
38377
53140
68697
85739
60191
48300
55040
428
68312
51225
5611
13057
44755
5241
40782
47565
25689
68623
79328
55344
64109
56388
87948
39900
37918
5517
39237
20179
80613
47247
49751
79862
128
88178
56553
44675
55809
89025
74962
59308
34768
87004
64340
79239
68584
70000
16062
26316
25826
15615
48848
16726
30967
54852
5347
6496
30367
60245
81660
26215
81026
78933
45380
63039
23292
53678
87590
75173
5712
3017
71002
83073
38773
85877
87834
17034
20080
46700
29974
81963
17569
50674
31489
82848
41667
21554
86717
85455
89255
8701
17958
71586
19325
37148
88659
3022
62591
83979
58831
31733
39585
16028
47070
64885
73960
85469
74667
66033
19811
83483
41161
83284
65402
78548
70359
84370
73428
88926
75562
49555
50814
14569
1998
52746
24881
82477
74182
1566
73377
39923
54353
50445
37090
32243
33212
28836
52956
50731
53581
85904
30833
64671
12552
39649
74343
87097
3395
22461
3557
68207
21190
61525
28830
34666
67716
29062
46789
53202
45059
22645
57065
461
34651
33219
26386
77572
30635
47787
8362
83875
44488
84376
15312
37556
7438
37337
57182
38526
64219
64204
58153
60964
10602
67860
78304
7319
62353
49673
59349
23587
78880
55416
14214
84321
18854
85176
3977
16530
6142
2228
89074
17186
35810
49150
3231
69313
20440
75964
57625
12977
24781
71489
35201
36346
29499
59936
18252
42053
74451
4393
20367
1574
6464
72454
9368
10286
69710
5467
71417
45770
3487
66068
55989
46663
27181
31365
88071
67227
58840
63740
34692
89904
57983
7265
14743
18196
85163
7361
66882
9436
45238
86259
48608
7993
26384
36740
83001
54310
88167
62372
35166
85794
67213
64242
43525
26820
48980
69178
42163
22899
68920
23577
34096
38084
59960
2749
80496
67597
75632
4675
60693
59518
72828
56015
84548
29857
37546
81471
16949
51043
25712
53621
69248
88347
44450
81224
17524
11205
44841
63741
11538
25008
27240
11526
512
54240
67767
81577
66281
77773
22295
47683
60839
87689
33169
50397
82495
998
51621
22336
13158
59778
20574
59283
19107
79750
7618
50474
23956
89785
13941
76083
80067
51042
12748
63081
29731
61493
21482
68196
20547
5673
31602
38146
44139
54890
75835
11341
55003
70802
89145
16386
45648
56821
69467
374
42088
1576
13239
64725
66626
81417
62920
732
44203
67195
48718
33934
22469
6219
38594
60608
19778
38587
29424
20763
56586
379
62411
59339
68883
83381
17602
7037
68353
14926
52297
47082
74322
57172
62050
13506
51776
12912
85580
2235
79844
24078
88417
20773
52868
79651
35003
30084
6651
50046
63283
1799
41124
41910
60176
29046
21333
56373
4603
26944
85426
81524
45081
58904
57277
56968
27738
29795
64907
79570
23631
58297
23691
55543
26047
13722
14061
66581
4457
51157
18832
38435
44020
81445
33282
60489
10715
45078
89445
30145
48087
63716
27474
37640
37679
80092
55154
59477
795
8490
6017
16574
41960
29683
12532
31574
39108
51110
73144
26385
24200
51037
131
59971
65989
59382
28789
47114
85740
45778
12047
4815
45674
85115
87683
89824
64581
44089
58474
61664
18531
48978
1177
9723
31849
50219
69202
69024
9235
65862
35484
71272
82019
18214
16868
71521
16601
79355
77825
5667
70902
4708
89100
13933
4733
26300
65956
77337
36956
39836
46354
27506
136
9546
87220
37434
62530
36984
3025
79379
50146
18059
82091
25697
7511
15659
86944
16970
31535
46075
27055
2364
61344
61706
72467
87748
8596
71094
77616
51336
23267
5666
8544
45520
31869
63359
51086
35441
34040
10827
20428
88720
25544
27838
70620
4291
56768
51913
26075
18502
86806
83352
62042
5700
4305
26698
76180
44877
32493
30562
86067
38129
27149
28946
55526
66148
51401
77963
37083
25903
14412
88189
50515
20675
63095
62749
73719
19679
82557
11222
75135
58783
15199
5799
39200
17680
89302
11131
11164
58065
58766
16091
82795
83219
13804
51611
80329
7364
12934
1546
30483
66776
89949
15726
26735
63723
26303
47580
71813
81857
11619
4478
2631
13261
40025
46943
77428
11809
61248
65075
33635
68238
46666
7523
64417
69651
80386
70310
80820
80470
28786
5639
81603
58957
36413
61141
81828
37799
53096
84780
6350
37978
49591
48564
49716
80614
42195
15639
2568
71143
78621
33748
66045
53532
52357
9588
30389
69538
15039
23725
56161
64206
14696
68976
37028
63150
20994
77551
19566
52223
82777
53967
82168
9549
23036
44029
67438
59377
25696
28322
79888
18616
84078
81277
45131
82704
15901
57379
53785
59900
6021
7437
2962
35715
3271
75487
54054
29461
4133
29853
39257
37003
77234
52930
76686
77413
37583
15906
50580
59021
26722
20035
17640
57367
36724
45257
21339
55845
80612
16812
12727
75846
66752
68192
61892
73319
66982
44846
35224
71920
59175
66176
43399
22315
39025
89459
55766
800
19289
68663
24797
26355
11609
37779
31985
9148
89098
34809
75119
53361
52534
67851
45036
15509
695
55193
55818
34114
70368
1879
14457
11883
65298
67317
26727
69782
35568
42219
55639
43626
39412
27837
43397
50221
18010
49935
26964
3354
14126
53722
3514
79671
5648
42986
18624
51973
3287
35999
54046
30310
88773
32203
47874
68282
13702
69481
40008
5362
62971
6419
9911
43613
78422
82222
48590
58030
69027
53870
56962
78534
10112
44546
44275
37490
73020
40592
80400
34547
87664
29849
73992
50828
78586
50246
63813
44228
31268
56991
57402
13507
47220
22294
73080
52079
48637
45430
79848
1019
54592
68715
47656
6538
25285
42105
78967
77532
11651
75543
5890
57686
22490
23741
87852
31607
52602
68323
67367
84907
21993
64973
73987
72252
52834
54427
26950
21902
88323
714
23060
33666
56169
66225
57324
77408
13189
52278
20749
74587
47137
11417
13545
12111
44709
15924
49740
34626
89228
24602
1866
19943
53494
56478
11491
65233
53473
51120
67591
64379
74307
21089
78113
67804
21289
80308
7667
78032
62781
47828
81775
85192
48618
60009
949
69241
88104
50744
3653
81131
77876
64456
5309
43566
18733
80764
37815
86503
72768
28142
84134
88939
32204
49422
87378
62041
3950
16550
78899
51105
72885
11485
2123
52163
86922
41004
71634
51970
53461
45148
52694
15411
1859
13058
54933
22709
377
31466
57097
47956
38655
33609
29956
70773
14794
79184
73263
55266
56329
41254
53622
1580
37600
15328
11369
84346
37487
73805
53946
55415
41515
55396
18118
36525
11281
15935
78048
68498
89668
53112
17010
81726
25995
72623
82964
37220
71631
8230
14189
88494
80014
59703
7030
7229
59617
11511
76735
39963
30058
84595
16615
25593
60398
12340
13632
8545
10428
52208
10992
61916
14196
81354
47970
44054
26330
79947
11942
9633
50430
39081
75525
45377
77763
78669
33568
14897
34825
18124
22012
38710
86643
50819
11764
58212
47085
89002
53490
4905
12031
49175
33881
9650
20735
32079
53144
11643
5002
44227
45955
88903
68213
31982
32663
29262
89431
28586
69766
12250
45311
4162
18542
28990
20090
31754
27995
29977
57800
62678
49696
49837
22198
11431
3735
74314
16655
86070
20623
6092
12226
76252
44518
87742
36720
25749
30816
48167
37267
19758
27621
27136
89267
3477
76103
74095
50332
21786
78139
48359
43310
83973
46350
32207
22582
47950
11723
17121
89518
64856
84118
29483
59741
89430
73003
7979
78750
24403
38603
89256
54446
56557
43460
75770
75921
36418
71321
35645
44853
10414
41269
80818
27663
6806
48748
67545
29780
67747
86131
41221
39867
10088
48513
80863
73108
64152
58851
18800
70466
30424
13617
14205
19742
41031
57376
57781
81642
85633
8135
41328
85027
82575
20395
20388
70631
70540
78374
43308
37008
44580
87889
20456
56445
62568
68997
69105
38729
70433
7785
70948
85971
68493
71739
27596
52980
20200
3893
28691
60931
18816
35361
13759
20266
9721
65974
43388
55720
40646
19006
43664
40438
75117
67883
47320
44527
31412
71652
56550
13119
78705
82931
23256
42596
16739
64455
30249
55305
2880
35391
5435
88560
70025
19310
45524
11185
55934
15105
86269
62513
73988
69321
68037
50518
41632
2713
29406
337
40323
39677
8413
52293
51576
79617
80012
4575
259
8705
89777
34762
64707
80544
34695
16649
77497
43519
37749
80935
83046
18530
28963
33599
43934
59874
73699
86744
37675
12368
72889
30248
89834
74281
80318
52561
10781
84726
59546
89047
6004
22188
81680
35257
27099
32690
14157
76135
48599
23970
10683
21576
76061
46221
4366
20155
6175
57449
56716
72849
48923
51390
88272
7258
76188
1173
85416
86418
78390
21434
86500
71849
54438
15986
78191
48886
57281
32646
26073
9396
66249
65639
78766
70449
44187
29567
63872
65959
3123
35043
83232
24422
12733
53655
4596
30600
58380
48954
28584
24975
19885
14039
21595
23188
71546
54987
81528
34972
1952
85762
23146
47633
41602
9535
6996
51057
12728
39581
14530
83196
6668
76104
74244
37219
13089
85618
66920
82493
33153
49053
10924
45928
52167
14835
10354
17158
79092
60594
43072
63357
16543
38392
49023
67338
36044
2266
46515
13237
28343
89974
44969
31979
75058
12442
76148
32447
61502
46779
1198
34484
69058
86026
77151
46186
9367
38965
79726
36865
64493
6901
82000
36945
58191
64095
19018
79380
14237
67957
80492
63571
29056
46315
87275
10770
5448
3334
64721
88787
38353
39403
14362
58138
87882
75646
15658
1216
44314
37542
14262
9552
19795
31588
28458
55694
57596
29028
73495
11492
40652
22502
4377
75922
88276
45328
28435
43484
72624
44420
59934
84153
60995
22710
7291
10558
39990
29133
3958
71585
37401
5016
71255
50458
49369
85334
20037
3500
65791
86412
31765
8484
85737
2184
7435
57363
81538
26811
59795
32098
29945
82875
10348
50073
56981
57662
20122
1084
28846
24269
51234
16795
86866
49117
21393
55336
434
22435
77642
56666
19972
38524
2671
26152
37784
6794
19964
66442
50609
87842
39910
80020
52311
55194
63068
83012
37558
74395
69416
13907
46273
24031
20203
76690
23440
68724
5745
67434
47988
71923
66331
88208
67937
40004
25930
65710
55628
43046
50241
18925
23025
45478
48326
49219
41025
44688
23200
65404
59981
50942
5674
27172
21895
58976
54429
34587
55002
68098
1941
52516
75911
61185
47041
16460
52491
77296
37661
17004
75166
71916
86354
10310
38487
45981
88311
30490
45280
81100
28291
54406
80231
13662
55552
9543
62253
85327
68411
2843
7857
81997
58413
16578
72197
76270
27197
17497
41885
55129
72770
80532
11276
10528
31401
4976
84392
73197
76794
51756
32455
37601
49351
56507
89181
79204
59670
47812
4454
78486
78017
83938
64473
10190
74079
84757
702
22231
50391
36201
89353
53970
23300
59061
24754
5367
75777
761
60638
8523
1674
80559
31804
85127
38523
71216
37612
21036
24114
21473
49000
34659
51440
60971
15676
69720
47153
61770
83821
10198
4743
4105
79579
53286
87992
33791
89048
75843
80243
21328
80819
8563
63271
60883
4245
81527
38231
35217
55148
21100
73085
22564
81547
8495
12725
74496
86995
28406
77724
74504
27852
51181
68400
54866
88056
3007
77219
68419
7536
81587
33909
80924
7308
3464
72611
73432
55606
70690
77780
38032
4564
71314
42550
33326
25951
42036
26725
50287
10077
48083
3724
59542
8934
53996
61302
26356
29544
45394
8288
64263
56584
49990
77371
50289
20227
8918
16117
65384
74677
86043
36899
72133
89011
61156
43184
42741
65481
2199
3069
48962
13464
1723
75919
52967
36623
50197
75358
78342
43963
40441
46546
8527
77958
2313
5584
61137
6383
5022
84224
24110
14603
64415
58938
31026
36012
68077
8552
47407
10295
34474
42506
17141
60221
68881
60399
80112
29120
71144
77053
6188
9123
26791
52422
1497
76162
54989
7255
49760
73206
10192
35997
11267
60733
45503
31238
74126
23892
29405
89039
71416
69925
13365
24922
2414
4309
55604
89868
71486
64626
72260
18294
56283
39534
31229
67268
5087
60942
14118
63733
54638
71345
53181
56857
72181
77928
18102
47657
78893
85997
18978
27697
25375
59292
65621
10351
18771
83892
35745
62945
56526
5569
85743
80298
88807
77871
46450
47308
44399
37929
13339
77313
39960
66813
74970
8895
37456
52852
35623
76698
67439
13665
53795
47077
19622
56504
31227
50459
53006
35344
89419
83697
32592
23197
2139
41753
33767
77179
5716
73334
20360
5785
79806
29774
43803
11960
33
25049
48258
38800
73471
45573
84490
61516
20877
10511
89124
47503
32974
89707
35019
34862
54088
88610
12048
50671
4297
49913
66574
52790
5788
8642
22444
80501
5885
28450
41149
65132
56312
86622
43802
26042
85584
49379
25360
53228
31064
8143
50195
11177
3066
9657
5463
72677
9010
14623
82043
38243
73038
83345
62541
18635
87123
19654
53623
83454
4295
12382
12582
60577
54606
33754
12850
7144
23415
18595
81339
22436
76511
13692
62809
38849
40730
88194
15246
44063
4436
49189
84818
49892
78359
66969
26910
35385
72824
78330
18271
45617
38798
62185
7185
13866
71198
11855
60109
5411
79484
33689
49663
59441
7005
11677
16859
71299
68813
59284
85135
89340
22659
21837
59454
3828
40181
27551
60701
11596
72207
27177
52158
83646
3480
14520
74583
49408
19781
35538
79912
35439
68171
30400
15119
78675
59912
17691
26932
14054
82845
58715
32172
24003
87900
58854
56802
76305
6872
66926
62225
20754
83347
34355
13266
20480
23986
36322
79500
73506
78643
10590
1970
88157
72074
53122
51128
33720
44094
7071
1510
20778
36606
24624
61118
29854
16724
39372
910
81271
5143
50968
15876
82520
62493
83237
67843
11176
85631
18747
71510
43081
42331
16214
55303
42552
83428
18524
13267
19984
22077
56763
12321
34440
67553
42512
78462
54184
45636
11183
18986
49107
58368
79644
47785
10278
46912
49735
15775
10307
73134
54185
71951
57043
66732
13012
84090
73869
80516
180
34436
23961
12833
47640
43109
81854
184
26648
83640
84531
28015
36218
89807
71836
48937
24127
16114
14620
50337
85117
38063
83251
30765
32703
49221
1728
82876
47361
22376
75914
1830
29041
15289
64482
32582
13142
35281
88515
7507
33774
5018
46903
71740
37163
69438
2293
20934
26900
69534
24821
3174
20300
29492
19855
36376
59696
60133
39903
7248
66470
27554
26173
21875
6557
6589
66073
12440
43875
69294
26131
29091
8378
9029
18806
60328
27053
29403
62421
57996
25523
46524
60030
29656
11816
2645
79251
18358
62038
17773
2273
33483
68704
40411
55559
3019
50428
71877
39369
627
31479
43813
17409
44898
619
34957
36650
10738
67324
70971
73969
6983
56025
86105
16989
72694
83662
36320
79472
84885
70637
75436
83588
67330
56855
21186
53283
81353
26521
30708
25014
475
11429
26113
8056
60644
55702
33194
25339
16835
39234
25685
56613
59914
36345
70899
83626
28714
39285
35408
20496
36815
15657
12118
65028
32440
68701
78201
19697
69769
50010
59476
67380
16146
66122
21535
50974
75274
88117
12740
41851
58292
26176
63919
20102
68912
18488
32000
37540
27324
25576
63203
21925
11357
42164
10833
35044
69584
18330
68350
51348
51875
78687
29090
85449
48184
73562
78357
38031
45509
32823
43880
86308
76827
42737
16402
64168
80916
35185
63233
60918
69104
990
43211
26339
36466
16310
42193
33612
19212
71574
70790
63505
29900
2900
16531
33883
74612
19067
59295
84516
87829
15240
46167
4909
20445
20100
24383
11731
67525
5438
66490
80486
19658
47607
30783
39698
21572
66904
18610
9117
9676
86557
70183
49453
39727
43676
56712
80704
17560
34469
38437
18659
77938
52931
59661
84880
11061
79625
78225
10958
52373
18042
65714
24675
31749
32965
34240
16428
11481
32534
36170
31395
47789
13131
7688
86934
16956
38105
55555
40149
29261
22699
84835
86433
7976
19229
51191
7155
4019
38292
23351
14416
41511
52069
65557
89565
72905
22063
82565
16207
34445
70418
13454
5600
49604
10551
88719
81541
2078
29200
24957
39794
34217
16478
26004
50404
36390
40262
58311
49705
3121
76912
5546
49725
5923
12474
56687
24563
46776
52302
68031
7642
47682
74500
16887
8483
15293
11667
71984
20954
57254
53405
73392
12610
73252
30276
51490
44083
83248
79807
1331
88363
62709
61186
20396
58915
19346
27605
27593
82933
79808
22846
65463
67806
70007
31992
59286
13150
3884
40418
7884
71804
65192
60900
59123
22042
58420
36806
89333
59304
49487
68001
75168
80838
59887
77288
8290
34434
78782
2452
67550
19729
36634
73259
78130
86602
55963
33401
36689
3315
83472
80220
42236
51545
52386
40445
65027
30284
76243
34237
41610
39789
43973
75918
83994
81918
10583
7056
77501
64195
29431
19798
40290
51199
82805
39728
52506
80177
4540
9703
49762
73151
15812
64240
17609
85571
71531
68403
62370
11372
32979
54231
32938
14890
15186
47821
20730
71667
28379
7031
58515
12545
35352
59506
42264
77895
3865
72877
2485
17358
41287
56473
17203
55309
9790
59783
25099
12052
62806
56040
18473
8433
87967
28216
23939
20457
15647
4107
77852
32363
10808
38018
25601
13449
57301
72228
54882
15156
51173
88598
8400
62043
55749
66781
36135
43030
68727
63077
66460
34787
61895
53888
53814
39866
67620
67958
42582
21516
8912
30366
32170
33965
17422
10226
20439
58329
9329
52153
44561
488
81254
12911
81707
59149
50255
21769
9313
16036
20599
55689
58104
70876
89658
37223
80660
81626
29615
71118
83162
75713
40381
83332
52341
4109
78821
71270
50748
51096
63435
46283
62292
51780
56804
43113
59653
32392
73448
40830
19568
3987
20577
77032
37576
51818
51285
24879
65799
58947
14852
19493
27460
2770
79134
4834
56827
78563
81813
16774
73477
79908
15957
18678
43337
50519
21024
10919
16675
19320
66356
73305
41235
80892
21246
83876
8942
87719
18256
52970
88204
21329
75663
51787
88740
85972
80509
30488
73170
81534
66696
33611
57529
20585
49651
14829
31730
64262
30022
37752
2357
15814
39709
55065
61378
72082
35097
36916
77981
5662
27470
49436
35529
19682
62099
68926
36243
2829
2695
88286
78474
57673
32893
55481
76663
50983
30877
4609
12814
76537
69716
52769
61157
59896
14402
16945
82116
80590
48386
7355
45784
71856
48690
74258
19894
89535
15669
53733
18675
25852
15391
53978
10854
81888
24180
27256
75794
62933
4028
10518
16701
70129
19861
24713
75780
16325
86267
37263
10879
47132
10591
3235
66407
80495
59968
27363
23912
44354
85088
28420
64402
33120
60060
787
69870
78236
58157
20144
65650
25638
63965
63220
22390
13319
78009
11502
73856
62733
8940
39439
6321
30941
38038
39253
46884
7924
22884
7815
48999
47579
72370
35015
13306
14578
59099
68178
86753
57193
4064
56714
68154
54107
31447
26854
79864
52681
52531
44738
22774
22086
62486
60352
42328
33474
7217
16079
10151
7607
53806
86782
36311
57016
38912
56254
37380
61268
84413
53440
73044
43088
14421
82160
62466
38988
60020
59511
43882
10174
68079
8040
14398
41727
2188
25606
40128
22738
82654
34431
4618
24185
58
12730
22770
10811
65890
15347
50455
66717
63527
35047
59157
72563
12906
87787
67608
47922
4874
88326
51968
61814
79890
5384
9240
28276
31534
36100
45479
65311
3397
55377
32123
41139
32066
16991
39482
71992
7572
19834
20081
17433
42738
75147
80241
73609
68956
66810
9358
36021
85025
35055
12798
36319
20918
52671
63088
50173
58200
88653
20305
53445
69095
48127
310
55009
80118
87373
74409
81017
17873
10909
76579
23552
79392
23395
21937
5484
20635
85223
87870
26146
43806
63212
19424
48251
69250
63124
64218
34757
2539
59321
49528
58337
14135
74420
77834
22669
67245
30797
12124
31961
13046
86158
78381
3089
1434
63274
83605
68341
57176
17364
69260
30118
66058
83363
86393
47098
60587
78871
59885
72480
6884
24793
51485
75748
75939
49717
67549
87740
68972
86225
86880
31737
16161
26880
79531
80724
38908
88819
43149
4640
74130
67516
30851
1888
65424
76294
45866
59455
8121
88403
85953
57163
29040
54171
83708
83365
22876
27774
47875
58846
76191
63677
32295
27747
89237
77079
56975
72572
45600
66092
13843
23868
6599
69331
39038
40051
57029
60380
43102
44285
80909
47836
3718
65426
42276
53402
73370
72559
35329
82636
84085
78994
43488
11866
88822
87884
33634
22279
79165
80288
42600
72720
70283
2642
39178
74825
85954
59066
85837
63726
10240
85375
46158
79416
49755
22653
6773
15179
83093
73885
7838
50463
57248
61805
38262
78355
25889
75680
1784
64321
83896
77589
21071
33570
19617
89590
3731
67258
46706
41497
60299
70654
85181
4489
58517
80748
69569
25676
85998
82743
19068
56800
9178
41201
27896
80925
48771
74821
61339
19553
55987
19847
6115
69814
24252
76445
10023
72917
76023
9878
25870
16539
21009
72471
53818
35696
11579
88933
28563
68214
28832
79713
80801
747
39803
79973
12561
37950
33638
31404
46531
75034
39040
69489
64997
35748
50208
87130
68320
24630
52135
10816
48077
61630
33459
70939
76456
4146
1362
5303
26812
50032
7942
83141
65396
71355
74046
77917
21297
39352
86792
26945
36222
66615
89032
23803
47198
45923
63770
54957
89159
46037
58198
42104
54158
17328
30999
54873
46410
38170
36441
9968
1919
50877
35395
9468
9702
19032
25448
50704
48268
9331
7330
61954
74765
15459
24280
54502
9051
16169
79159
6133
65984
84001
58942
78590
71263
9810
68013
32600
66579
47771
54363
269
67819
200
49676
89325
30849
19884
69281
57488
53499
30561
37382
48471
82171
894
87129
22776
72231
72141
75781
62257
11350
14665
41437
41752
27500
39558
58359
49595
57166
46104
58667
15804
11569
56581
42698
85617
86114
67068
71518
41105
63660
42567
87924
54000
75459
5808
35247
867
26923
453
88394
1275
3813
47525
58494
21152
2178
82017
34374
46703
9141
63167
75033
21018
3427
45974
19315
77154
40055
18421
30417
70922
19934
36562
83218
85931
28875
17780
66835
47386
31434
78008
80269
12898
22477
55341
86022
51983
35321
48873
59009
3766
49432
6433
47680
79688
2852
19119
44720
63121
77979
2152
48792
14009
27432
49112
29268
23966
66993
17256
88998
89740
49173
13928
16677
89908
68693
61300
20949
15194
71106
47226
32732
495
68639
87644
32658
12890
23710
84385
17294
22075
14093
15902
70439
82350
65876
56392
9954
10218
8693
54836
26439
70354
48910
54204
35053
83578
41160
7067
49129
21593
42796
39211
16640
33674
85439
50766
73209
73385
74422
73262
39560
89973
88964
63235
81647
82525
46848
29562
88556
39029
22790
48662
49670
61169
21929
67640
47265
47119
32572
7779
25929
84623
73909
35571
34101
78210
59171
80566
38947
66174
82193
22165
75014
29860
49345
76694
88472
84335
56083
8109
87454
34035
23669
31378
38449
70666
78174
59063
60190
43380
44604
16938
12204
55895
53612
31496
47946
27660
46438
61116
45093
25621
6459
89863
50350
87274
20130
61309
80527
25486
57839
16090
12767
73327
11225
52541
60103
60357
40233
53057
79306
64108
81486
35647
48684
84700
32060
37338
56874
12009
40601
67774
18004
34318
53193
85693
20941
10256
8925
21161
35218
25596
65373
16360
54967
89471
54797
50233
19618
24434
6885
24446
86644
36166
5151
68829
40308
67183
23316
17207
1987
45667
31012
1068
74828
72359
5483
43083
88168
11588
55373
69558
75465
59953
24718
78925
70824
4605
88726
61653
42414
84126
60272
82580
89795
58294
68466
78959
87555
55598
82426
14536
42404
52112
13241
49691
69603
43386
68005
83956
33827
50112
30236
36286
1104
27452
80899
49008
85784
37693
44945
20311
62166
15829
48813
18335
70495
50632
20264
85258
37420
61337
23945
36296
54625
35210
28861
45397
64267
4458
34732
32292
32159
28212
64343
68074
74159
23697
30353
87960
71370
81859
23394
49598
36158
58702
28955
22874
87316
35382
18683
86478
83907
70825
84149
87773
76648
38599
3011
71394
84420
27486
51274
81378
8991
51876
68543
10704
13587
86062
32214
46071
88854
76271
77736
15638
47388
75472
78721
67821
68512
49424
88179
12369
70251
22532
4078
8593
79231
87965
33531
27268
87937
29307
5310
77410
20989
38250
29145
49671
10976
23384
38745
68652
85963
87298
82011
63748
86491
24043
88399
42715
69527
34923
39009
45372
22036
83019
54458
85670
27633
86337
82596
29549
58519
55298
5265
69566
72302
87157
79269
7584
20738
83805
6946
72420
57546
65076
30361
23753
77692
65260
16963
49699
15447
74536
33623
10912
17038
26318
23057
74158
35202
61483
38445
13803
11426
21539
46371
14629
24569
60565
82469
51078
14479
9565
8146
28725
52365
58832
31008
55648
1527
74082
19378
47604
67001
46896
40742
51852
14111
73387
59082
22348
38747
34054
46577
83269
46007
41504
70242
65200
54197
84965
71423
69648
55082
24136
46561
86675
45560
48422
9457
37512
67954
37847
89196
77964
49185
45822
75130
65598
18709
40182
30956
66663
28219
11125
79847
31339
42902
6723
61099
33620
21546
82291
60335
4296
84365
20879
84830
86175
28552
40340
19871
32144
54526
87037
1549
58179
33432
83942
73274
3845
67098
76192
2115
77244
46571
57926
37493
39167
16804
71447
62223
2145
22367
3890
64013
86120
23143
64541
23172
68803
54624
55938
4081
65241
13992
42218
60059
2190
49268
27615
83376
77753
73049
51911
89381
63074
1436
24782
8191
10567
79004
20044
81171
74261
81600
78803
41308
39993
61976
79449
54750
6801
15144
77552
67579
8212
70545
8062
89892
8435
23935
35014
26292
45743
48464
89363
66009
33095
25734
52803
60696
84870
77376
39875
89526
72161
40151
56235
7622
79136
76422
3639
70087
73891
49592
69551
67706
59691
65408
9752
12267
56178
42216
4537
88632
55314
78670
65567
66587
75691
7539
54691
30212
55976
82009
2254
12430
9505
85917
45742
68818
23018
28042
44963
59604
62953
15477
4301
84701
17599
74311
69976
40413
21927
39972
43133
71237
12956
25888
3517
73027
69586
48462
65792
14560
11056
42709
75536
39523
68454
54294
72978
70865
66163
40285
80648
10935
37407
70919
70863
67137
16684
11718
40015
78829
27253
32337
71894
70388
53107
70836
34018
39120
15663
16672
53433
8608
39722
81158
69844
2020
44211
29259
41145
61524
10504
59019
16439
50098
46295
39112
89529
51133
49951
10667
29034
42079
37776
88163
17926
30035
49803
87529
88784
54187
38924
31188
6936
20554
49722
17342
55514
32495
66950
49333
41656
27928
79581
36101
58773
7298
12412
59682
47843
59996
63109
34164
42348
77340
47537
79664
68028
27644
38341
44106
6010
88172
59124
71011
2090
32634
54851
7224
3407
65857
69392
87885
55651
85229
23681
72504
39562
71542
34453
89295
66582
82869
9446
78736
48668
31598
14226
11518
14776
45054
16964
32346
75364
29589
51607
7389
75583
48270
10843
78347
15125
84964
72699
75027
51230
76749
42422
8565
7467
32854
25120
34446
30050
72266
19074
83367
15989
28962
87954
36085
83460
16899
30578
75849
60925
68061
28483
10785
85862
59761
65810
17031
41782
60877
1725
2027
86900
82705
9110
41940
19814
64441
61582
23180
6006
31611
89957
19371
11748
58879
8005
29440
86031
65503
64505
49340
44713
17867
85599
66801
42813
48665
24319
23553
88574
72815
34618
43504
74163
38972
85815
46997
52730
6978
35407
49052
29433
68666
46545
41772
39275
59970
84145
78667
20903
44855
7158
80048
4681
15835
19198
38795
5234
73286
67707
64673
84737
53389
2213
4872
4382
15114
18984
21378
23244
75783
38053
23720
42018
36998
77144
84793
25895
73582
40264
31891
13370
27558
46556
21943
24006
88048
68661
81629
10949
46212
54917
1125
29765
30281
786
4199
9008
10417
32944
26678
32189
58478
67416
80346
47123
16070
9538
72526
13126
27017
33200
76845
35078
45992
10501
66152
78546
83313
63635
79700
85228
54959
44525
70995
35118
60482
70866
47016
59794
65479
56092
85528
22639
44373
12699
10025
70477
46237
37429
48820
17671
40366
77381
56135
44537
41876
71996
42744
77310
74944
13861
87193
26881
7141
20048
43884
89678
27982
5509
87817
1065
73949
10304
59474
83660
10001
38513
25451
44523
38709
79596
20682
83520
67514
52078
39533
25303
77170
52106
27664
10651
16254
63358
86819
35531
19070
47631
31825
44861
58278
30162
19477
15999
19513
39174
82908
10143
41947
88185
2286
81284
78309
56835
10308
51839
29118
33397
34438
2479
6671
43668
23948
63453
66649
38277
39983
27794
78141
23263
1950
67556
73025
64309
7724
85211
22718
51085
34392
5038
75685
87943
6301
51676
56816
50875
66777
81092
73122
1469
22353
76057
58097
9019
63413
34492
63717
14079
66131
21159
57708
24106
10
63214
27813
9773
65713
33770
64115
54543
16758
27656
71351
40789
81187
45689
85134
63209
82550
55381
1636
27458
85982
11834
29338
66861
72603
82279
63955
28983
57486
36781
3075
18855
53394
75504
10749
3097
47833
68139
74931
84183
34652
13214
47909
23154
70786
48943
35482
7095
63887
63313
20790
39507
59560
29472
239
56693
80387
71737
55836
9660
74506
69509
72312
76142
25287
76600
83683
71959
21583
39584
18819
4918
81268
22711
80600
26532
65762
73404
34706
65474
55175
73096
72215
71017
56462
33316
66611
58835
66558
84808
16361
8177
64411
10864
29323
82921
62051
20304
29021
73043
68776
63587
49988
8123
85483
71411
89474
54521
24506
21581
83882
44430
87607
30675
66978
86396
24298
47834
42486
30491
16581
9416
54948
112
63506
83678
20836
13140
39835
18687
50395
80630
71803
14582
53284
8200
78421
68345
86039
43717
53007
28426
67577
70041
21380
67822
37096
16259
30105
64058
78473
10449
52472
60354
57278
84450
75647
68673
76594
16029
44838
39825
81067
62833
5539
54529
53684
21664
65149
29607
57079
48316
54782
5816
53399
64937
7455
62045
34315
31301
31323
43872
20858
12416
82888
35691
32816
43532
67281
507
28159
84360
23591
8961
79373
26626
16018
9186
29087
5422
84261
17720
85286
76351
39504
3995
82820
59590
37478
40535
75530
22121
27796
77650
60387
78625
31082
43724
71572
70612
49479
63710
67260
27007
42755
56592
83465
88586
54025
9845
68272
10364
31009
25194
69205
52748
83295
47402
6895
62447
13380
70567
44690
69482
87984
47849
8312
39662
15596
11964
47138
72020
30159
60261
70753
59618
81253
49839
70860
73227
42004
56309
84650
22888
12620
68703
78676
2941
23175
65539
77861
25402
66961
11238
53282
28223
52182
88382
53218
13431
4825
61921
9295
37397
77134
35993
20979
76860
34206
26659
57496
81493
40656
31060
38914
60604
54870
29404
88502
36862
82959
66377
8138
4529
13320
56189
3221
41115
75363
45537
70048
61970
33313
85290
44644
45151
84408
39162
7345
23854
42589
75207
62083
35396
60044
23153
60121
51070
5353
9869
70293
38853
27651
52784
31766
59510
22611
66852
19801
77145
60349
12550
56969
11867
74631
43587
60254
2206
1647
54167
24830
23281
51138
47482
84132
72757
43597
58798
11913
81475
19083
9806
39149
11108
28657
63038
80237
18783
52013
72914
14626
63006
47893
54036
68481
58091
35576
44350
509
59942
13271
59781
22593
43870
36215
84771
59889
26381
76470
82303
50529
75167
40613
46244
8297
10306
81124
58295
68483
54037
58148
62928
50846
45405
88295
87932
50159
76812
83438
61414
24739
39159
59084
33045
73167
61760
67244
61098
74685
14551
2249
72470
75334
78059
72874
18878
81822
58871
31129
29491
73339
64274
76232
40176
5105
19058
70079
233
73843
49916
17108
83086
68047
9152
83104
52419
52336
89580
31750
14076
87869
34541
3047
10722
17223
76609
58011
46463
84564
81710
28585
34726
66830
27468
11
69954
58793
68295
51880
86716
38322
53909
47207
59236
59024
52450
24395
17584
16271
51211
24075
80954
86332
22284
23252
73205
87001
45455
82283
9645
72795
46143
57870
11747
39864
33839
16565
32918
11774
1768
15934
88060
83698
49874
50559
1762
57292
14704
77351
15366
12097
64789
76293
27559
40421
79026
51724
83334
32668
47056
72547
71622
32205
73333
25004
36635
37772
67022
56077
2890
37247
52237
56961
43847
63528
24112
15970
66253
54694
30511
80503
6561
89514
63173
55868
34853
74276
5086
46016
71395
65871
23512
60139
15004
38799
20537
88448
22535
86660
17516
56331
61933
38378
57561
46294
40916
78938
77103
5162
43527
70993
10735
13666
2727
4547
56669
3153
59747
74443
55471
17961
70940
41840
55083
67596
75121
20527
29234
40218
42689
74747
88651
24512
81349
73261
24194
4865
55025
60550
25616
18951
89833
76770
63113
84810
26801
71558
83581
38000
41631
35102
86121
6368
45703
46628
85586
41227
44534
31123
43086
11618
82266
21894
77458
83118
32616
32206
9193
52750
65593
72263
84495
7862
64446
82924
81689
19168
88961
64479
60069
47250
14721
38977
18749
70841
26284
73300
9489
51623
5417
63715
49255
13246
33049
13481
16855
76330
14881
82753
29535
80752
51569
36923
1063
17259
39967
43551
490
13105
37728
81326
61701
72511
41708
49035
48001
18679
61607
57304
573
87460
63515
9168
77491
45506
36288
43375
63347
20020
18038
7768
47169
44654
65913
5961
87585
49469
9118
48903
57815
79028
54244
9686
86204
52150
19648
31279
14324
47339
10627
14555
44343
87602
3439
83761
85143
5292
64201
85559
9476
11524
54488
9970
50217
54422
31182
74654
87575
12950
36538
73838
85881
63445
32301
84654
49402
70106
66213
87330
14344
15117
24747
73369
71673
68974
17783
33443
13211
3459
87749
82391
87934
67410
79475
85094
39776
56813
45605
32040
1338
80891
11285
51297
54930
45729
47686
8003
24831
74668
70931
46911
30081
25215
74042
30948
20691
14619
231
39635
55106
82400
76819
24603
68193
25724
80917
25144
40100
50342
86168
88760
14415
41443
5456
46828
86910
73735
5306
17622
60516
72803
54021
66527
25692
8625
22830
26050
51635
15496
53224
80138
83890
80324
25897
80060
48128
613
62855
56737
14158
61213
33106
10368
26426
77851
60784
43060
51132
22397
7070
87455
69756
70036
78478
46411
80119
67726
75116
31967
55562
36655
18842
55007
75397
13001
88134
53791
78317
29155
15280
25819
73059
27026
75701
58751
3476
17089
411
39713
57108
81303
40045
42394
32422
35507
52141
62537
48016
68694
81851
22481
88096
12651
11313
36789
77546
72886
58967
19763
70021
29190
39765
4184
78312
84881
86260
28693
39317
628
75393
48620
10917
44545
28310
45217
35638
62917
45419
79307
56541
49056
47888
546
75055
1083
34934
79991
20841
2579
68362
9138
70674
31478
71442
68443
55320
45204
87040
25013
21263
47400
33446
7738
22007
9626
49292
88941
41822
41261
8381
74056
2612
154
37492
33015
33652
62494
45031
57804
75956
54973
409
48228
79555
18513
84009
54593
80434
74982
20141
35357
11741
6581
482
34686
38610
22897
88120
75204
69356
82451
84448
42950
34515
46907
60671
3203
68983
89129
71975
45599
34417
18735
5959
38472
59955
61475
41163
61336
76650
48482
21623
81873
45179
74495
61190
7403
89566
81964
82847
63180
82582
1151
20901
83552
47136
76260
21028
10407
81495
47997
58196
14875
40637
83988
44091
68880
1761
83226
22378
54647
22437
27161
49753
31062
44150
11563
19028
35092
53549
54405
20971
10692
72620
28684
5977
88199
78010
1545
70563
26621
78789
72424
50725
67618
1423
22735
73400
11776
51516
58585
28164
1351
41637
62931
4758
36312
4014
25762
83273
23538
9365
7720
2495
61219
15980
18082
24544
64896
87799
87354
49238
75431
71090
79299
23416
88334
76503
39777
27746
65303
43171
52277
17154
54904
25598
10281
66838
61716
28250
40821
8017
45691
68465
52521
48497
83562
57126
6512
34202
75464
39204
59687
42362
2285
49970
73935
29603
44392
73207
52610
64750
83459
32793
58250
61802
3623
59319
201
18904
16820
56858
45799
47641
28978
45318
52899
4101
18528
67349
41256
17400
57906
372
17876
59428
27818
77308
34540
61131
5370
52230
51790
33189
58264
49930
26484
44943
35533
70364
74953
54743
18817
69023
46923
50565
31971
89662
19279
33632
52303
11884
27801
41639
33959
60806
27156
46317
39671
89879
16712
1946
23511
56851
83062
41900
7810
72278
12566
66805
847
86683
87935
72031
18985
54161
80811
37216
83848
27540
82252
31004
6547
32652
41832
31165
17772
12256
2685
15044
49546
19783
64663
82430
46182
12399
40286
66324
17344
63050
3155
69113
40484
20705
21226
83416
72111
57831
78228
60082
51307
11849
3962
62790
6667
1676
71529
38284
69142
3626
69026
85783
77570
16510
31692
83198
39712
5017
51952
49132
63701
87474
25320
35124
25242
23467
40087
60927
66795
29191
7045
62123
64914
34645
951
4916
1330
38632
45513
72813
50487
85768
16950
42881
33340
21134
50843
61788
73618
40935
45480
75895
20315
67672
12155
8171
45329
6194
44727
40626
42812
52775
5257
18216
34854
58584
5749
23834
67074
13060
42992
86431
19686
1785
48375
7340
26170
4290
37872
79719
7504
83809
74584
36018
50213
28238
65581
41382
28674
2565
58693
71337
9083
79886
35887
73792
83065
53519
30242
83015
7388
80884
83572
11755
57042
54205
76381
28264
9827
31603
21766
73915
16319
49217
6195
42536
18069
32145
16745
43226
33835
76221
58147
78470
12453
47546
76025
31909
51140
79320
69082
64874
17261
1608
52591
63687
4663
45004
20663
2390
13248
66468
76452
42947
56690
48395
21529
7771
70512
28951
73776
14772
12170
77164
56285
23308
36686
14841
23420
65635
15331
27364
23382
80715
28599
55282
31686
84403
66237
25446
11483
10176
11714
15774
5743
32988
18316
84796
46792
31718
66784
68130
79646
74609
44341
86919
47372
67963
19807
31800
3690
13739
890
81267
18723
17235
80603
77060
11909
29725
74560
30767
13101
7925
89995
30450
23397
3785
83744
53227
22995
18465
65568
75623
12248
83242
18712
75961
76886
76502
28768
58633
48099
25856
8026
62066
8660
444
62615
25175
59016
42456
34011
11466
76179
75359
18016
3082
61576
53474
48321
9880
43314
70197
3870
43643
49608
76542
8198
82764
77333
58901
53230
52036
36041
30224
24916
83550
15850
1692
65798
53456
44302
45830
66145
28944
50539
84278
66669
34655
53690
4518
86482
3341
29454
17401
70122
58739
50569
41836
30919
74992
25122
87402
28513
76207
78876
43943
44427
29430
35444
72338
75143
22740
2432
27409
44553
2865
62366
40463
57344
79985
1736
57091
29072
27946
83685
5715
71095
33729
63756
84463
18890
12626
28616
74081
68707
30862
10141
38268
16102
38777
988
5627
40768
25973
35081
68590
78153
68651
16481
29449
11761
53864
64372
61688
54604
70348
89486
46376
87622
34846
88242
84059
28423
2519
83243
58194
68442
63370
76187
44178
30884
45319
3330
74157
39391
51353
3009
51733
30501
28825
6455
48272
840
69930
86905
74865
51686
42501
13414
54955
67622
52835
27117
83486
3650
65326
48118
53305
77349
63443
89558
87020
73436
81458
57194
27518
82347
9602
65041
88232
14232
56576
89841
23094
76605
47155
66391
85683
40018
20863
1188
26112
39516
57117
22209
23077
56914
85414
80380
84397
2655
49290
69043
42982
14699
5651
28111
71692
35363
2724
1598
19875
73707
15682
59606
13123
72646
5199
82005
7295
16512
25646
37482
28437
19785
81335
84439
10481
27014
7987
33501
18414
32306
20713
58603
60260
35502
11889
63249
67830
45150
19925
7333
56578
24345
68112
59937
18053
70626
1404
87452
32344
11848
73406
56165
38576
11425
40132
41244
32271
31132
5294
79522
75604
81108
34451
59642
81113
30110
36061
13801
58141
48092
63342
53201
6934
23634
78732
36765
52844
30963
61326
59094
28822
55231
37113
5544
54279
73243
55780
89192
59552
30770
11344
16488
48548
49576
85627
4313
5474
50019
55061
32504
31081
5217
89164
75774
55053
87562
72175
87927
68669
22988
61428
11263
73328
15967
36915
36616
29836
84733
18845
61907
58821
29068
82613
52413
60384
84982
60093
2416
37037
17868
32776
51203
44453
48011
64834
76996
18134
49942
28340
81922
38313
56647
24262
22045
45209
11469
76264
41724
14598
66898
73468
60654
78147
85053
72487
81894
83135
85173
89334
88338
11370
66478
50718
74436
75785
73221
76352
81627
25882
66620
24520
84433
4009
82502
37613
2409
47927
304
80165
47260
12576
79601
3426
83422
57795
44355
25615
57865
33615
9846
4634
58579
37744
53084
71579
15441
72968
86374
45776
29957
60889
60068
70159
40772
89324
49263
10184
26449
8141
72544
21856
57294
68833
8706
6091
57419
30116
7871
71248
54835
10740
53651
30206
11395
87552
71199
69376
40395
86057
67051
58911
38753
22221
55485
14422
53517
81428
68895
75900
87302
7477
75194
30653
10296
48769
10267
74296
23938
50786
45128
80976
14862
17997
85262
34688
56007
6412
53764
30917
79861
77644
75151
37908
87796
46184
65797
50619
40204
80781
28581
60766
35585
38465
57861
84856
44930
33379
9205
49660
89865
26918
26732
13316
88114
39500
74393
4416
3748
27135
66668
78292
53302
54634
61468
38224
67202
84121
69889
96
88462
6061
40013
47643
17086
6508
20318
27293
80419
61815
52808
56230
73883
24838
1833
4225
16527
42511
46434
36455
55792
23924
74761
9160
28109
18408
79743
76571
51578
48257
25519
12470
1531
39198
14692
78142
83102
26030
55961
15065
34647
8760
69542
70522
63991
60738
63197
60466
7631
79179
6370
49182
83330
85154
20174
45969
64939
78984
49269
86850
74711
38904
17197
74801
61849
52093
42824
18437
64880
40674
78204
8715
37939
35846
43671
78233
47642
88177
26200
62067
11442
83017
48760
32350
48477
44547
11163
36379
21916
19251
33908
16905
3742
19385
33960
5050
61379
4439
28353
39266
13138
3848
617
22559
34872
5560
69895
38918
44815
47871
55451
85406
6122
70107
86662
30264
51481
18444
58680
55070
13874
43404
77731
53098
19036
53842
85828
80163
56672
2321
85587
57250
14028
15382
29183
53754
6262
51866
5930
81682
4721
34968
27090
66879
62246
46527
75660
63761
1206
3862
27630
65026
25595
86898
61203
31101
21085
76033
43689
39904
63967
44111
84279
3244
19169
32377
87830
69397
23849
18554
76891
14605
45016
84248
73017
25224
35120
66537
66361
58366
2575
14470
18619
38485
38630
15952
33258
37145
84247
23404
12457
36227
19507
50930
4637
81658
59891
22966
43605
35241
518
19600
76777
73713
13062
12208
38375
8345
57178
18994
8795
53434
22533
79152
67255
18276
70639
46229
61658
45794
53104
80528
6204
43390
89356
65488
36271
52705
70686
9144
37886
27676
66318
67251
63502
56400
65040
62547
24595
54902
80541
21692
36003
43457
3070
51705
18404
74880
26480
10807
62381
86604
56892
58283
71276
60422
76449
69327
30755
3200
26869
24165
5784
58802
948
32660
80981
61883
10029
57713
593
11663
77075
68565
64835
24660
44429
46373
21199
68331
76802
70263
53756
87114
73882
32264
78520
9735
45987
86656
83638
75923
71020
11530
8039
56172
54473
9426
3261
87661
64283
63331
30723
82323
39720
37719
30267
72062
69483
30575
29013
67178
42694
83537
28746
14220
1053
56664
69585
37889
82251
26302
81245
9401
8030
56452
58392
81950
87928
81203
60090
10766
84850
27466
36188
44638
59482
50092
89314
64890
23925
15917
19734
78792
14408
60032
78573
510
4276
84865
84483
17356
35560
76116
53851
33039
12425
33514
41388
42148
44093
32552
7259
63198
11096
49293
76525
8119
79206
55355
59768
47780
79119
22395
87407
5683
65282
8877
14834
10342
57564
78348
27862
60027
40689
85959
60396
9271
34017
383
82207
33395
49992
26518
10396
46046
83456
52854
32418
14062
31637
1899
63246
33633
33357
17689
35631
75137
53728
77104
66911
80851
56583
34611
66038
17054
3764
53898
272
40401
82614
23740
53054
22043
74201
55772
41295
46976
32404
57445
56485
89227
47661
84212
38267
24150
4319
71365
76574
55270
74099
71937
34866
1953
67254
35624
37077
86611
42300
5464
62086
22752
64167
64400
46028
18156
71479
57222
75267
47317
23421
52911
52871
80037
8132
11571
60941
24540
59000
38261
39591
45120
20704
25253
88112
85616
55055
65687
74298
23276
12177
70284
31148
49037
10755
12506
87092
31727
6625
7271
10041
76988
2515
62546
67172
14123
65680
65074
47495
46005
14946
59214
69314
51095
64751
71457
83610
87724
51460
24787
23520
79684
76939
70793
24974
66114
89111
459
73346
7436
34888
42209
64699
22097
52756
67409
13462
39693
79398
42516
33187
36688
37984
23495
11696
15129
34724
72762
77704
88592
77959
26755
56937
69697
16142
45931
58896
44446
89122
5280
29675
8980
32318
18844
57905
87202
71136
88618
83264
19872
68765
80141
82329
13867
18785
31774
18319
29384
83324
60596
73831
84482
20674
70145
24119
46864
23106
31946
74925
27618
62716
5750
60955
54086
89735
7024
32364
74700
65525
89001
83371
17069
40871
51579
89703
11589
55013
74968
24211
88526
55473
6739
22862
81444
83485
30179
18773
81098
41286
37239
20376
84175
23677
27682
25289
85821
18215
6153
79869
72237
23897
51701
83048
74106
65263
12602
23684
62982
53542
67386
47382
87353
56683
43553
31988
43988
12162
59206
21862
84537
89476
6263
16468
33670
15675
46607
50533
17397
30288
6189
12710
40501
57863
69767
57374
53696
57115
68080
21713
80539
3703
74334
65642
32279
64000
22223
72221
51299
14786
83350
9788
79721
68486
9404
79547
36695
72641
83540
49989
80673
57359
18990
71892
72012
57844
73721
50530
77681
88558
8679
20714
3957
45756
2259
63608
49826
45975
21944
1641
5190
72647
17824
52343
23830
3930
52595
4182
85535
10410
48282
24061
18313
41191
40378
2457
42904
6027
23354
17908
61672
65822
83386
54663
81421
88511
15940
72481
82794
72457
87831
11541
57481
27945
36889
33899
58856
73531
29899
44871
75011
20262
43063
9282
85095
56099
19580
47381
47648
80464
61245
11428
6352
23103
36109
79696
6071
22147
50038
43819
88975
29594
89945
20679
17148
55440
65369
19888
44109
20402
54943
33868
27338
73917
83478
1814
18481
42764
65629
57024
73924
37164
68257
55099
17651
73646
8661
73685
66778
5533
69204
86702
80376
10800
61235
48517
515
21352
8320
30375
8618
30429
39787
65608
49031
5769
46304
48675
54975
34858
20543
70334
64229
74250
11402
4749
48299
58769
10013
49002
24103
20088
35666
64853
74280
55670
79280
40150
33524
81142
29909
76011
31292
42016
77442
68664
24104
1747
66450
89737
24725
1025
49797
40124
14791
26952
59073
55397
79900
61096
67214
77817
62377
71076
53381
32191
49311
42861
57235
61852
1854
14319
84456
54430
3584
29706
53677
32882
69013
79660
35372
58190
69231
63145
49995
45273
54180
27512
60731
4571
20912
79892
35393
1734
54784
84113
62970
78148
83995
86097
44492
75762
3385
10545
44352
24284
4226
3002
57497
29084
43640
15861
73131
38232
42094
62518
80271
50299
51557
62544
15396
71874
53341
32501
66932
23020
40546
71141
47620
50635
18695
11353
46891
32904
66498
55538
75648
14448
80373
65334
50028
29161
4765
61910
10818
8808
781
52082
67036
69933
44032
7978
32506
32164
75538
44497
8844
58686
5596
76332
54584
53204
71697
21308
21163
29366
53506
50097
31457
19194
50384
21976
26870
26413
70980
66221
60235
86794
28503
32239
27389
54286
8896
66505
7082
10030
14944
73258
44240
70683
69979
46825
71701
65603
54731
74391
72921
35803
29473
13005
38934
66729
35991
77596
68473
87219
24393
15401
69075
27817
19288
18861
58547
56115
83535
29081
79192
66643
9691
87087
73132
941
47519
88101
13536
52666
44768
66258
69797
17249
44892
5843
51148
35135
33218
63657
72878
35336
84755
13039
56984
88782
41826
86365
28835
32718
40934
28906
50576
44075
25325
54539
10339
35030
17765
65907
42610
39564
16043
35965
31320
30555
6951
62975
66220
42985
86392
88329
11628
65717
49152
58529
56106
44231
45060
86836
69488
72451
52263
20173
10799
78114
5804
35794
8576
58084
66243
27346
5237
43172
47131
10475
36113
59050
88176
68036
86293
39975
5156
63671
23624
35992
22982
46572
86911
66981
19258
51523
33352
78046
88564
10346
87030
23052
10893
38641
20620
27429
53032
27019
63927
76931
17444
54327
78337
7735
82677
28201
19126
58156
1557
26087
85894
14143
12737
88525
68738
10049
88484
37352
36138
85004
9635
73332
52526
14550
23448
43829
65067
24980
10577
62474
57576
62356
11655
34156
28245
13616
37653
53616
77246
14653
80843
19328
68379
66340
7328
75882
73825
67241
6702
89814
62724
69562
66576
37757
70276
70277
73171
24513
70998
52788
73267
15887
20112
26983
19704
66665
8543
8981
35697
47800
55605
82421
6261
14632
70170
75280
1936
56212
6298
53908
16198
69789
10084
67770
21169
82377
64023
947
88451
22887
32507
32579
36730
21858
28237
25632
20875
12569
11700
79428
69264
25076
82156
22252
63105
34112
60404
67879
45940
14923
59548
42099
21611
55862
59614
85715
20933
79102
6524
13893
64536
39326
58486
54068
80211
66091
74752
36786
46079
26069
18959
32161
63279
32858
75585
75031
33943
47221
47805
9210
59053
26689
80426
87297
54275
36256
74273
87435
73273
65030
89920
60344
20974
61754
188
44188
66575
78898
67517
66452
59602
48115
86456
3826
63
52120
17643
37292
36213
73963
78152
35771
51190
81097
8294
23625
13658
25983
89782
72718
48522
3297
35099
12547
37282
23862
81399
13106
10203
74918
55168
32833
66245
25979
61884
1862
76478
17663
53285
13646
47887
35343
60514
71567
70999
6731
37551
6018
81791
33136
58464
60329
69773
23260
85005
6232
70219
59665
11493
79435
25896
86928
72461
51731
43200
87630
77703
18090
39470
74619
8196
20501
48075
58237
87528
61832
31358
76672
81309
20476
69544
65536
50055
31289
78651
35048
17723
61405
55068
16087
26563
68290
29493
69425
56498
67276
35636
35727
24759
75522
42530
52563
75875
84427
78904
3531
35260
61750
84368
47572
63548
14505
84393
75987
9592
20089
69435
82004
83672
59039
35742
34380
21670
52898
15412
15192
87042
63434
39505
35079
45583
15218
45235
77737
17222
58986
89702
20528
51056
71733
9150
34078
6172
76634
55133
26048
41883
65482
63864
23322
22947
17551
69829
8318
26060
23819
51262
79069
27964
9766
67018
63015
74898
84584
7210
29328
62307
69821
74999
49542
6654
16291
53637
84727
59718
21201
71788
62834
32558
88412
84014
44324
62465
65181
80207
62904
67030
59327
40659
12296
26020
67600
84
49237
68532
43111
67412
36762
5988
31554
40314
10999
41562
57759
29664
70111
20444
68680
3868
68397
82201
55395
9344
28160
18562
52240
38319
43335
71581
68248
65017
14859
12752
88641
72027
69171
53387
87729
61507
32785
79685
36814
10918
25806
14331
43168
13196
39597
58009
53641
9940
7615
41019
31615
60668
57204
46384
72893
3888
86990
52168
4205
59237
25089
31996
65852
83747
52495
65374
59838
86595
57904
60598
17432
22052
44635
68918
81883
2797
16902
51838
89791
55799
83733
58113
88084
78510
25822
80677
78382
48222
29332
39481
58443
70204
32929
14790
40509
86511
50629
8916
44421
1662
53377
34628
49161
47478
35779
87322
12174
3569
40600
34307
56199
3608
10899
4215
48435
63577
32082
58020
8607
72294
61728
20370
59646
86399
77389
77274
61384
65077
64300
22243
41854
12992
70171
15316
31679
16805
40027
82482
39608
61281
21164
54573
33191
61522
70474
59405
31091
20542
71924
50131
19794
31017
47414
4311
69375
77842
7636
70506
68772
54298
12150
20548
31299
35882
37758
47949
80013
39109
18908
78674
59536
13169
87722
80683
25542
7921
31808
11121
13653
18999
60548
58114
77476
50661
68559
58662
53157
37826
85268
6851
7837
43378
60343
28797
46752
29146
1316
34632
89082
50605
85833
60845
57415
68324
38371
61025
58819
28977
34385
26299
47432
18382
6489
47391
23050
76831
48020
68847
78988
25584
60095
39573
75754
13074
21870
11881
15754
63713
46307
3941
37570
46662
37111
51344
57743
71955
10394
68938
42827
11824
10332
73604
52626
75491
44557
77897
45201
63619
76459
70915
20792
78360
20605
58231
81525
62114
19908
35627
50344
80565
33681
29890
41489
17504
79254
17828
47940
33240
86549
30330
33417
80676
63837
76865
80886
52546
26552
72348
55097
8948
45653
4594
38514
59556
3755
38223
5121
7995
9904
87417
70847
57991
56349
36840
74638
66048
54755
70384
35376
25693
27865
23208
27128
8982
71042
40664
74526
33683
75851
10473
38121
16252
21635
76617
3634
7293
39065
637
3023
58789
44405
15909
18397
13188
6704
67215
29227
34933
15388
84105
26251
23362
73299
11271
10884
25879
36259
25345
76960
16269
63176
37646
37832
6909
76027
25936
59448
71936
88727
19301
66284
43700
18129
59742
26551
8997
55161
58079
63464
59010
82045
71884
9842
60295
45927
45200
48899
82227
80593
18873
3147
55264
39492
8061
17066
80340
89028
29295
36198
10027
6785
25863
17598
38543
8164
31169
6192
76285
80695
8468
68254
17572
81912
86984
11603
71616
4722
18837
75866
55621
29842
19632
81414
51715
16094
66994
35956
72017
52466
29124
24703
40863
19769
59913
13389
46573
44617
75042
22164
2461
65054
70459
41740
78022
2813
16224
21982
32713
12481
11988
24145
10280
83899
4819
24722
7350
77270
28226
75606
9115
79214
8443
79512
28653
33312
18936
79792
19897
37418
33888
7156
33454
53723
5958
84108
46398
14840
56758
21128
84577
31432
22958
60540
29394
65730
43637
36355
3740
53989
23070
35914
69997
8478
76368
45643
68575
84632
67271
76434
68600
66670
89683
66383
53070
70879
60630
29687
78965
5119
81675
12361
73698
2641
1159
32963
55851
33566
49923
39819
6833
89284
60615
61534
50852
25989
83706
65060
38922
40073
77822
30041
39771
2551
219
31547
5133
15555
61386
11819
56625
89980
1508
63851
62334
23535
89483
1252
34027
62732
57543
77146
62543
13471
76059
16792
65527
76493
44744
15169
2775
4113
82432
26421
37581
52511
40473
10553
6168
10237
19311
44978
31218
63944
32383
36276
46355
52362
56136
69029
26669
71045
80631
15684
6407
50468
88140
74378
48021
36729
36718
76304
5855
72591
75667
25412
49327
45516
40941
69078
67226
33261
38081
62954
27273
38869
65009
65037
6660
65505
17646
86005
34030
10901
31257
78279
53229
53634
78798
63983
41539
36805
12299
3985
85109
59883
14428
37922
72235
2974
82895
68107
2395
12276
55610
20805
48588
29182
50329
56560
65049
10703
53237
46728
17313
47315
16877
38020
34075
42671
60712
52171
30891
73950
57211
43416
34868
29735
13392
26275
47718
72945
83977
14945
43767
26640
21129
53561
43029
60601
16515
30760
8262
85096
87879
1288
33558
14106
39189
66337
81712
37127
45874
59681
10642
52708
8088
35539
15501
7526
42555
80295
59317
27598
56854
15932
31745
24813
89675
81233
11997
47575
35169
50266
64947
30134
83122
80313
86279
14494
75383
55459
18154
37628
33296
79246
43411
63141
26650
18278
66076
44798
75738
66126
1118
77043
3394
41022
44714
34896
68784
43489
32265
7273
2991
11021
69325
17857
83731
65104
27447
43574
64503
51914
69886
72736
76266
85225
29846
75212
47261
23114
43842
32695
26716
7139
88997
64386
66976
32393
51965
82723
1906
32869
31515
28207
22509
50860
13522
25527
17350
65268
46115
43250
242
73490
67505
49007
76689
76839
69427
71684
37098
41857
37852
29556
67247
37740
50172
70494
65584
78007
69641
32480
52502
74710
19065
24823
24865
53248
86709
72521
40425
28799
2504
22154
12018
63538
17281
43158
58914
24382
39926
48661
39485
31903
47846
4445
16322
15740
70164
20991
7061
36773
75820
17768
42077
88729
63351
75651
44834
2777
86003
47011
56043
63808
24159
38336
44125
84836
52988
18869
37967
24020
12674
60165
28588
22848
45382
12040
20680
51878
31560
54971
35940
44786
52929
16120
56627
56241
45123
7612
89726
16126
27974
32411
33179
10825
12587
82742
38642
25284
76066
47294
88924
28667
79094
71870
67092
15923
40577
1011
84359
74555
22358
85351
13609
15990
87236
78962
19013
62167
19287
72281
67108
57726
14963
80608
36299
82927
22257
42379
64846
31816
2340
21136
47140
75019
72903
322
10514
16453
35867
6094
74098
17878
57515
17087
19771
1453
72510
12519
6679
13073
37443
28335
41447
5203
28681
89240
63377
32556
54765
75800
7704
29457
76836
5502
559
44960
3882
29125
24386
43885
77807
70309
78790
25393
36778
26298
55939
65649
74502
24156
31631
27807
62902
69351
49396
24968
42761
73233
10778
54516
67745
57069
64921
43311
44141
30808
89757
36523
30622
11568
20275
51106
6744
27229
84317
87002
87320
81136
89394
8824
72079
54078
89464
66291
8830
44289
67111
15627
6918
77379
69678
27074
68499
26635
69865
52296
67542
54671
49038
38685
2258
71132
64171
30298
51894
19207
665
12332
69618
26417
47055
74634
48974
85008
58321
45181
89696
68051
33875
15816
73139
52226
45189
25235
63142
49109
51439
79476
48839
9763
38829
44242
60379
28757
8112
31144
45203
50029
74188
61857
40288
12567
68389
16035
4703
84455
8646
79519
2039
52487
32486
22866
59037
53741
42301
78363
26535
19671
18756
19115
63914
6827
10018
31809
71243
71460
57205
33117
56678
73426
33308
27310
66491
84123
79855
69405
84139
72705
19491
87199
15102
70294
48809
89275
52190
7529
89259
49381
34104
50006
15945
45814
66991
969
56229
59566
6917
11564
53589
33437
80493
82319
16168
10886
67686
35023
5486
39250
58076
34309
18495
21426
27602
32017
53087
66083
55925
77294
59569
2714
3071
81487
62750
79608
2068
69677
63806
70056
84604
85413
74650
41902
49427
56717
44548
89375
25174
4563
62264
82987
44807
57640
80690
44594
47905
2362
83063
89488
39357
37898
30079
4654
66510
13480
63304
46050
18415
19422
3340
28002
1851
69383
19487
85261
33105
10520
40479
4769
53926
54721
60724
27193
49181
69042
28931
47750
40794
57944
57855
68357
7589
84976
5636
31039
6231
35460
25789
6537
53966
14658
80082
71932
32871
34259
16398
33345
51002
71127
7487
72183
55276
22852
14136
25151
36340
39296
66067
35551
10911
74741
6351
25626
30358
2322
13725
60036
74552
22439
11358
44098
53636
81304
74297
52604
72616
69143
4801
44712
29770
47477
89621
26243
21959
8816
25400
66545
67974
31500
58951
68710
9228
22379
36954
21857
71266
78531
25164
39766
89894
85114
51603
54627
11421
87643
82977
38372
64235
5687
64094
10406
6915
45821
60188
42224
32569
40802
79202
23906
80490
58657
51747
29006
8072
41369
33738
1038
62104
4621
1568
88699
81489
20320
89959
43260
15107
11548
24236
741
9357
35781
36867
25184
41425
11403
27367
15784
89931
16352
25246
73956
73229
29289
57223
72200
47747
24221
69725
19190
6462
32129
2165
15513
22048
4280
69443
16235
72872
525
46513
88331
86100
24894
21198
85388
87207
55770
75348
89348
27894
55111
63542
35497
75427
70662
36702
2897
72937
21145
45488
86696
22863
84549
79503
49423
71039
76534
39639
8336
59134
68616
19197
2585
80968
39468
39745
39297
48240
57810
45370
54756
61444
26963
15286
39256
45868
11010
72990
45097
60218
63159
21082
16283
12289
62095
11336
69864
46027
21158
50187
77972
76547
76226
61167
87976
32299
61994
76087
39298
58096
89266
88017
62998
48038
12704
81194
10369
68921
13940
21461
18008
13128
6040
70858
32281
52025
60849
15666
13292
60113
42347
6070
28328
32697
31938
10998
64089
82574
4912
67067
83593
53211
31870
34375
27306
88795
87386
85753
72555
15494
56292
86263
32512
56010
64574
88005
60776
30213
18724
50483
15415
63886
80345
28198
25040
14424
52191
62198
22835
82759
44699
70668
75374
15707
59481
42708
64475
5224
27887
60231
45134
52992
33619
79914
64609
1405
57553
69156
84666
58551
74340
11479
36011
66903
89085
49125
88029
86516
55872
43975
67119
6838
58898
46163
8243
6414
51498
7058
33917
5171
9054
7397
86006
32130
44058
10371
71449
12691
27968
14316
14687
41444
54454
65614
86628
69277
36920
3269
21605
53650
56711
29972
45867
36141
27196
76236
53606
51612
43320
7915
50438
59910
7245
71053
13473
54686
66414
78516
76413
32116
88579
24969
75049
36034
9496
6708
13996
16924
26168
83082
71115
1192
42939
35246
40354
88202
9728
19723
67573
59131
22959
87270
34678
79874
11858
53563
27151
51178
29055
66445
19687
449
58230
45740
22125
47684
50892
20750
29969
75213
68281
47248
73732
77452
42533
6343
72441
40292
88775
34648
69086
67695
54862
22004
21037
82717
80262
38016
68022
66610
32138
76064
20059
42309
39157
9263
9647
1425
19874
59929
85975
30705
51835
18947
11893
20787
34073
54500
37798
23435
87450
61763
2056
74867
26422
60471
87737
84841
44826
17556
84033
8954
85853
21194
21110
25009
42039
53059
566
58618
88669
36500
19483
9229
16150
65172
17192
51601
52461
70544
80572
50751
12554
65385
8891
61391
46978
68360
40343
41806
88572
10244
4283
29930
64105
38059
37821
3078
36273
52015
32814
27881
32867
25811
66446
52257
8861
59939
26462
46129
79930
17960
37501
33679
28205
61419
50139
19160
12768
88350
75729
34689
40783
53973
40131
16110
76833
80214
76520
9212
29379
1016
63135
26822
21228
84214
26097
61467
11356
797
9252
56313
73397
66388
80847
78433
89797
2718
59247
18736
44616
45584
43893
32339
10142
89385
68336
89224
88356
74025
2300
25992
35250
76992
61944
16257
19940
23034
89326
6831
11811
83096
37994
56859
39113
35149
54802
64954
79371
47861
54042
54141
73610
12647
52842
43517
57441
41089
32972
40929
77091
77931
1421
68354
51840
4048
30996
65544
82125
10357
22561
76870
71989
64416
1900
71448
77465
85370
6259
59501
55802
40224
20702
19272
53752
27535
20539
25506
70835
77992
18674
42061
13763
789
77860
29329
81992
58928
49147
25657
71613
71305
41728
85526
58161
574
50858
47340
67237
89337
76258
8444
62140
69112
8707
38436
73315
65090
67557
53039
74707
31045
2444
81773
18099
54178
32578
83628
34751
6138
14322
49652
59725
5061
69662
37631
83042
5496
58611
30126
64074
36065
37194
12259
82284
44569
85292
84871
12479
1540
30643
59650
12213
12270
41737
84102
11302
86160
30855
73311
54189
23670
44692
35084
65699
60581
65454
76031
88805
86581
4431
85666
18501
1246
82907
78767
66913
22400
28710
50292
73654
19891
57939
8199
9254
18239
17747
53767
53763
13351
20134
81965
37856
55841
2401
55339
11019
23042
21386
23388
35227
34623
4880
64322
14224
54860
38582
59067
70065
33535
43843
26474
57476
55878
10245
5815
9570
50328
85447
50801
19873
4889
60791
12356
40903
6397
14866
79966
49250
48546
2696
78063
9683
36493
75238
32617
60327
13360
71747
31644
19527
74567
70610
14893
78373
63157
42405
56052
66604
76213
29721
83772
42719
38331
28897
56845
46150
56403
85150
8885
59819
72270
36429
61891
40341
35511
79756
58711
82178
83040
31486
49521
89179
40402
71589
20280
56280
24489
47325
70202
86904
74483
49646
7454
37788
73033
46996
74053
41526
50813
77231
89948
33832
45344
57003
36189
24650
66703
69422
64375
71560
24702
60035
52217
35412
41249
60680
32053
2073
71289
87403
58581
40085
75753
52193
81451
71931
36646
47028
33728
11399
81930
19596
19282
48744
30156
4963
1169
61687
80650
56805
87
67037
34654
62936
49765
60651
65422
52262
59669
62653
89281
50312
71548
82538
7778
53801
58679
74362
49183
35421
41543
2946
76543
4556
40305
53526
58357
6977
26213
41507
14423
86726
76602
53136
61499
17238
6888
49605
87605
76803
66014
84238
62325
61741
22815
25105
64873
36241
55743
51372
24337
44160
81797
66155
39239
67907
66078
65318
88605
4474
50768
39704
35319
20157
53366
51108
29045
31392
58137
44866
77443
39337
1168
48229
82562
24266
10083
82479
80658
16202
77300
63747
21327
15155
10929
47130
15808
42110
12811
39182
1570
35695
11243
56323
57242
79624
17676
84828
24807
86219
67685
87530
11249
35521
52647
69185
52488
5100
40888
47129
68270
71576
64959
80642
18537
35027
37706
56492
34174
64749
85524
38058
55213
67922
83026
16723
52977
78437
16750
26656
45074
33422
26631
64826
25117
32873
83419
49634
1792
43630
50240
77504
80523
14235
38776
9177
59148
10853
35046
45741
15013
61060
53558
1129
55227
73865
77055
4682
20889
33872
14197
2081
8157
80145
4152
27857
81962
62965
71933
47487
43964
34
3984
14034
37168
44171
77937
72229
2415
77944
32266
82129
77001
42240
3923
10942
19587
13400
76177
78671
58745
64786
3430
12921
69276
74485
36456
62935
11015
3468
16770
87739
5969
32041
44921
81337
33701
25192
11621
89061
18498
88004
21994
65741
50386
81672
86816
10585
2177
14930
12987
9272
69894
20147
10250
13606
81216
68032
36676
23195
33654
9557
69516
45034
88456
72130
9188
67692
63396
73948
69014
39193
35252
72123
24898
52199
37022
1311
21869
53679
83451
26465
45052
77626
86315
89793
36880
69805
84998
8849
86912
10898
42206
78837
16907
20690
45995
12011
49515
56790
43967
62961
39747
36957
57256
78339
36
68508
4339
42612
53664
48634
63029
84698
45568
79615
88166
74253
79816
23826
47624
63026
34095
82247
89587
16591
26232
45427
84946
19253
9297
78105
25675
37004
82489
15599
1842
72657
43051
14187
27327
44872
34019
4811
78866
6505
75468
86389
25723
87100
11168
34990
13868
60998
17802
35971
12543
78218
57483
34106
17554
85685
11048
62500
77658
36777
47543
25326
59633
79182
15375
14737
44397
10108
20904
50607
42499
85805
86198
86608
58601
32691
70503
53816
19431
7520
9919
77660
44567
58234
13225
84879
75771
40961
16686
30111
14087
23995
2425
79809
51167
57246
4247
77132
73762
4446
19171
66773
11044
66967
42661
61280
36439
53334
32476
1383
66674
35933
53441
81696
84645
76438
14383
2431
20176
15720
7944
54875
44679
23121
62842
13576
69306
45472
32631
22459
21860
40719
87636
83913
41968
13505
1158
63244
55316
6296
27835
51729
67272
87652
42806
53523
76014
83448
48959
9274
85704
2793
34543
56517
73086
74121
72064
64165
85042
41211
17445
19158
86568
53706
35766
65561
72033
16131
6832
79978
5656
26936
9514
55848
30593
5473
31543
20800
29478
36233
82909
8985
45251
34172
25127
61684
64695
22600
25133
41659
82471
33011
4303
39360
39588
28018
84243
79349
25415
82663
18386
51709
17097
11023
38041
71251
77518
43273
19918
81363
61918
65824
88352
1769
46190
30686
25739
24066
10020
81602
16699
11440
65238
43827
83103
11519
71718
79132
9673
44809
4514
74696
53543
56272
85903
21079
84259
11039
63442
32840
68767
15263
809
85732
68531
54695
76612
77035
73939
49264
82223
3239
2809
20462
75067
3700
86285
70343
8609
49463
44746
63952
53496
49400
47176
79956
21280
76164
73595
34919
15626
40214
33719
60614
36826
19383
20725
6342
9359
7514
85345
50659
580
63421
69249
23499
69526
18606
82497
83375
59364
27903
59708
88064
80266
69875
64887
12050
13628
64011
15128
63537
28149
18298
34528
80951
11738
86548
29000
34583
76905
35061
22973
63598
22466
78278
62129
75353
10955
53150
7060
69922
67993
55901
53633
80368
43246
40735
28537
77574
22240
52508
15662
75889
74895
18584
26066
8819
82120
66601
59851
32639
77357
66215
31355
31593
51753
56582
35129
2102
37565
56965
72243
72245
32885
23204
8722
32952
6935
35767
22664
20490
89313
65951
8764
3562
30977
55673
10359
40668
73276
74777
56691
72985
5558
2514
61088
88656
82128
52451
27116
67133
73767
84028
41385
11264
8619
37941
17995
10068
46608
15708
9281
79819
34208
56941
2435
56623
64459
46587
69060
45645
9699
16378
89376
34711
62644
33293
35754
37143
84316
86884
36970
24204
3759
36242
24141
8857
54155
33561
39817
46052
67264
1364
23249
53275
27825
65265
67569
84594
67228
10970
5130
21871
78500
18127
17341
5273
35305
82250
31305
576
64819
81290
25940
52883
74566
12882
43832
33537
87971
26744
74105
79825
86827
80480
89759
40304
53554
17011
36834
83182
39457
10297
46900
57803
21773
19726
6085
49793
1455
24302
15857
57090
74078
67229
224
16825
49449
54337
73835
2093
21138
50680
72799
80230
43479
65686
86030
15258
84773
43348
57600
9349
75080
31757
27984
4752
27383
27580
18
60518
51284
56153
24036
26519
5027
30871
45761
37062
54418
1096
30102
14968
23453
32097
12020
44250
39028
24063
61368
83900
25268
30080
50663
3899
61064
72998
11220
83609
81801
55342
85247
44017
35755
49441
14243
47952
77487
40729
79678
61905
86925
63949
68477
61503
41638
49200
43731
48734
27439
6110
65356
39688
24803
45543
59135
30349
52908
63437
28593
18432
79131
17242
58184
17642
33311
79318
46112
14587
46744
88413
32884
7198
44959
22440
28488
73129
84801
32005
75984
7700
81620
88086
39676
68284
61792
7570
8539
78188
23779
64380
84452
24579
3855
62598
76804
58226
24217
33057
17380
86123
24600
68269
58534
14221
15700
67524
63939
69642
13833
52449
50027
88357
33134
31639
15146
16605
42623
79520
64131
82365
77627
52132
85578
75078
28605
28623
62155
38237
9641
34079
23424
1518
68698
64599
59199
53560
68329
66509
36050
43820
57484
18540
67970
62059
60315
64462
22313
31453
82528
56908
81465
19377
7351
47243
76929
51290
39618
79161
27877
30697
89579
79841
84708
82637
11600
3701
47756
12255
40039
50806
58903
49616
32851
84936
29676
73455
42285
72696
56943
8729
23226
42277
75540
70813
41763
20419
70780
9747
49505
70675
41241
35848
58853
78053
17269
18826
88219
15772
16904
42879
6063
66432
74935
55118
66369
19919
63044
40289
21000
79234
81906
78006
19709
6330
73726
54810
4546
22009
43536
76248
50995
49750
87319
36223
47649
51669
89262
69475
45474
34160
46807
805
35345
35125
67827
59603
24745
35005
4938
29245
81368
29095
37204
50612
87026
13282
13265
69945
48647
33769
41991
1730
17055
51349
72742
84142
78378
13369
70397
31832
61537
43723
78513
46597
74735
78551
40173
4392
82341
45839
28287
76662
48129
3660
33641
13311
29760
25220
14056
37185
64317
76219
88395
50711
67234
35901
42108
19299
59352
500
18900
20600
36691
16511
82913
15092
43714
66619
22679
81784
59447
4163
74940
38833
4479
89654
9895
5109
80406
69336
60134
45734
84457
34393
74389
33210
27499
79880
85622
60611
72522
28803
8725
77328
5462
35722
41703
43610
42350
2769
13206
74683
44237
73873
46853
15476
72573
39786
65617
8631
2525
87457
81974
54788
48797
84896
62948
18825
53095
6820
34345
80219
23238
44891
15742
74164
75182
72695
80604
1659
15985
37055
50014
50407
18159
8127
72087
32165
26594
33812
29530
28619
74497
52250
62524
36993
17636
7955
21304
17856
42081
62828
86325
60677
77517
45359
58616
26063
83482
76045
43070
13521
85742
81356
38790
66303
51394
49964
12135
83853
1048
25629
77418
54128
49032
21972
76244
82331
6190
63194
56496
46910
47383
24904
52149
83815
15235
66227
17734
15900
20085
24142
24960
87862
7188
62694
50446
5104
65406
67900
32546
35151
49927
13373
68236
17084
40097
76250
25964
71211
27297
74192
1114
7012
6066
77195
40969
63422
83068
75580
48260
69253
49084
21803
86326
24394
52482
54221
65879
72621
66342
26388
2021
74426
7799
33306
84530
34536
72845
41903
49309
83818
85464
88796
13185
49541
87907
73282
78456
45283
21820
40679
28856
46090
62519
27652
30745
69744
38550
11983
16977
69312
75807
45579
2702
64163
59639
19150
46798
23759
3267
68905
26953
2559
69942
15474
73124
77140
42677
76113
21206
54915
18410
61437
9720
42732
12861
43252
39030
16099
50723
51052
88514
5075
40963
66999
24653
72842
57731
69953
42843
26965
68557
28860
20149
1422
73780
78285
69287
27402
74625
6539
36951
2092
89186
57341
85128
30677
49568
44464
31191
58353
8348
35328
8274
5559
61821
48781
58411
53277
13493
843
175
89614
7310
8095
23231
22688
39308
82090
40105
10984
56308
37303
7742
50800
10512
38960
13451
47476
64566
51550
61675
76200
27999
66511
8273
37361
52251
61560
70385
42636
7232
25720
88249
56650
43778
7827
51935
22403
55660
44286
19805
9354
55962
87240
46312
22116
22632
39083
83041
24845
77044
29514
6603
1393
36359
13871
61353
27400
78460
55137
9853
15854
82206
53423
6921
68062
3106
62106
13988
10415
18443
55700
13332
17136
59832
10197
59090
62618
49695
60118
58563
41552
72528
4897
38340
81830
18184
7649
17265
62996
71153
70165
43462
54999
64965
89849
82541
64754
35381
73934
86876
78580
7424
58946
36449
5655
47306
27000
77769
76029
75278
9077
75153
40525
48199
70903
32020
39901
43704
40478
70226
49390
37436
28251
61816
88141
16843
30470
9616
60904
41449
21678
1446
69370
243
83110
51745
69238
20925
56767
68381
9158
73955
2545
48100
70624
66943
29488
80098
23876
34882
53373
30125
78481
31202
84073
34944
83651
67487
32388
34538
11433
64983
61261
19113
52383
43438
30432
87619
66273
24819
31360
38240
89235
40688
8377
87253
41
7412
38480
17978
27812
47915
86746
38895
53881
19500
65134
88523
7972
83292
24346
41959
24015
10485
60196
57942
44711
52498
50163
45157
57941
61465
17614
27641
52879
77945
74270
2516
415
11413
38679
73058
2621
60952
22955
4337
75990
13922
45269
75972
57793
35955
50689
66469
88938
11156
9957
56352
48604
71808
19008
1070
266
24732
84191
58007
1763
80937
29058
65751
4930
16849
86954
40496
9717
38122
19273
34785
30814
43690
43599
50883
63575
27567
11476
55419
46894
55437
37166
13931
13816
21771
81427
32927
8499
60232
19460
67041
30514
11083
20753
9955
14207
40734
75244
20603
56103
6914
85624
6033
19601
11113
25872
33657
41333
11954
88316
29508
18325
72013
72837
32589
59450
76760
31590
32576
86610
32094
5402
67785
25837
68807
47870
22102
53453
55290
70042
45680
78753
37927
71069
77026
10386
20589
82535
31005
943
17302
62923
43420
50536
14868
56495
52443
49042
24698
69068
27171
84044
72915
78653
66629
18982
6396
3349
42510
28505
3788
44812
6764
14563
23630
34790
70220
65772
58814
19482
61799
27901
58900
46845
82119
30669
12971
56271
73324
59726
27443
1327
49848
79783
17603
29073
78754
60896
49438
12702
79386
67335
23515
71463
75218
39652
44200
66512
70412
85230
13378
30583
19636
50761
41245
53047
247
34806
915
74382
51718
20145
57928
73481
9125
79408
26946
86000
51794
41999
63463
81375
28241
84869
51763
31325
12635
30197
67886
5397
68176
36861
2143
69345
19363
6551
12091
41356
63924
21051
26013
71914
23115
3527
40749
87743
5896
87064
7684
56665
16906
83069
74392
16030
70853
66573
3913
64779
76253
74937
30371
50464
74581
35031
77782
79099
17630
31153
85780
25534
15764
63172
29541
63064
46736
58376
68713
85453
3098
61113
27779
56609
85045
13757
34133
55482
708
43435
40356
33559
47938
66057
68117
44997
29225
69133
935
86294
12707
2264
46936
4208
45945
24664
64513
20549
55843
23422
73089
19292
24649
59984
76884
30544
50475
52037
35272
82158
13181
27810
38052
32366
83210
60782
26043
35056
24357
43944
38989
71628
61703
43242
58145
67112
71630
27728
65524
67299
7888
39486
55074
3370
71492
88925
29805
36679
30175
51956
57791
45490
18430
65062
86375
23466
15215
32137
35790
19966
61945
30665
23445
62999
48536
45659
72394
1587
16971
35850
58728
7519
86359
71755
48382
41689
5698
29159
8181
7303
45095
37662
10706
89485
9949
80722
34617
84900
88832
23545
41655
54817
81798
28868
64730
46986
72158
58841
45193
75226
4183
37072
87599
59672
85939
37265
42369
19870
32300
41576
78948
84133
80379
14272
4447
19656
4868
85253
3083
9309
82081
55972
2305
40250
277
959
53987
58857
53770
42515
19696
81617
76983
70966
13733
67639
57976
27851
53141
23896
70324
65484
44363
5916
38426
24530
30091
45046
9024
6662
12996
89633
69812
11786
35173
88986
44291
11527
72880
40476
81715
46761
34085
26969
27998
8957
8419
82650
43645
30636
28717
38636
53332
55405
69169
68530
57239
35870
56921
45891
47757
28248
62576
56603
38626
43796
48473
39514
79694
49944
76237
17469
77411
63415
69571
34956
2740
10900
28506
41450
51123
86584
62091
19615
38219
72556
87053
55458
51324
52160
38279
27944
61042
57584
52880
29012
73529
89730
24882
15778
80907
23907
21571
5733
83360
88346
42118
63146
65366
39930
8777
89161
76450
38488
30551
6705
64989
70605
32149
55479
842
72122
57377
54414
13677
28879
84640
89166
73107
53110
11877
42112
56011
40058
66343
57473
17797
778
38999
82844
82248
69822
27611
2233
32133
38546
23877
1257
69092
7729
22368
52499
64627
195
51322
11143
83616
32613
46535
68555
84262
7850
63758
70481
65992
49694
2652
2736
11320
10399
78818
63822
59468
20312
73972
9907
24166
34258
59244
38547
88434
55347
67109
24197
25100
49298
33655
57187
74740
38919
42037
54826
140
77717
1599
80461
32065
7869
27590
30239
86146
61937
13245
33813
40938
46464
46372
87578
436
16297
17423
1680
40033
54106
86312
56357
14518
66203
28685
10813
31761
51300
17263
68489
54961
198
22507
39813
62893
43422
74852
33391
3630
35678
85090
75442
71903
36651
2380
47034
50296
70909
21209
24757
425
49790
76141
74418
31777
8755
50802
75149
18751
58023
73145
51649
20077
22271
57158
39594
66762
61274
74026
79256
26468
15426
39426
46174
13352
22423
67511
43817
47494
3209
86522
71433
22961
30013
85234
15369
58703
9696
57369
53721
31397
37273
12420
28729
77086
31104
74515
82666
54829
37818
5990
55052
78910
47373
28499
2275
34774
55609
12961
58150
53382
1912
14892
79036
78244
79510
6862
916
552
39912
46067
3233
68542
15387
10686
52486
67986
54290
57201
1089
81045
89338
4836
45000
55888
61406
15158
88303
19432
53550
3972
21336
47342
17026
71632
33841
71415
49271
62382
68164
83888
84399
65210
40327
83163
21175
3080
85136
12120
59811
33207
80714
47540
11178
17430
19612
33082
45001
48103
60873
58317
21872
17048
9612
81382
12076
87551
65310
87112
26455
85543
62440
83864
65154
15642
43291
11235
8876
52888
36031
24800
84899
68682
12540
68876
51115
33952
82854
42894
79376
44682
68789
30602
46574
6566
70285
56940
11228
64715
241
24715
71913
34049
13384
70472
66489
7841
49617
10875
50214
2260
39124
15295
59177
81939
81751
24122
12260
25820
88387
72789
76454
10341
40089
22074
48576
77309
29751
42006
78963
41748
29658
12923
77100
9172
34493
26989
85393
13859
16753
63706
80087
65167
89990
71859
47368
53732
535
55876
51237
39726
20094
72930
41594
26064
28741
45145
2802
38671
792
53062
77709
75426
65127
41085
67734
89687
23044
24746
44057
45027
57410
74434
33332
23946
60275
33809
760
25473
14022
33406
18937
75552
35318
24177
42212
65661
71603
64691
4686
8182
6427
59857
85658
79518
80791
7222
19200
23974
54447
12070
36503
26353
72525
78323
75936
18594
14730
75963
67403
47830
82791
25501
58263
66856
16364
13177
74057
85412
48750
19023
62686
26883
64259
26838
43648
25732
56303
30392
7254
32846
64212
81592
78
81703
28596
67637
28046
11289
89906
87264
34988
39997
62218
63597
16983
28403
51240
29958
40471
87198
44697
69881
46647
9700
24027
18944
45362
19839
48343
55490
57648
4037
39420
88452
77119
21726
23722
5917
26282
68658
67497
61196
27125
54710
45951
17727
66549
9571
20401
21964
85041
26472
68240
84423
64450
25935
40072
59815
56171
81990
9016
24755
43821
83946
36058
50466
11286
69157
34340
22722
85922
69533
46421
10882
44932
86790
74680
14167
28243
41038
38491
47354
50733
19673
14736
28050
54266
34044
43005
44689
30800
14388
75704
69290
24362
27225
43191
7178
89967
54110
40890
22692
20655
84383
69608
43126
65900
59278
8797
74909
81881
65486
54696
80302
7531
71088
57660
14139
28358
27654
55612
9932
57742
87029
61259
26832
68569
75444
15709
87332
5248
9972
28414
51982
63104
61877
3343
51428
78264
82407
56354
89180
69920
10377
58174
66329
52337
39757
10936
47597
45451
41777
41678
76095
73341
17949
3811
10787
12726
8451
48803
41922
32302
54896
49794
72009
76272
87311
73250
50816
4141
28145
27991
83675
65189
74744
72295
3763
61399
68052
42776
29169
69751
2488
67611
57819
71155
61498
10171
19842
189
38825
71568
53493
18333
82424
56033
40362
80185
51574
53852
43251
41992
12936
58110
76879
6911
60058
22956
16238
14977
19347
45623
74577
1243
4158
73348
116
55060
79023
89666
85510
38624
59631
29498
31175
62191
8238
20678
8035
1583
44438
74292
9064
80015
64591
27183
50693
66193
25823
14149
9063
53180
35215
43695
59933
56838
3768
15661
64376
21676
4856
65745
54087
27241
37324
47009
75180
45806
85126
59042
60728
41718
14965
87170
53358
39428
70671
63563
7619
44404
48396
31802
66988
67951
21730
39897
89771
63152
56591
84064
58762
32715
26257
57897
31164
12228
26596
24426
27222
39014
89991
3329
61762
8906
42653
12065
86993
67320
68923
53813
71971
6416
29157
83426
26782
37584
48248
84721
78143
24519
12131
13977
2934
47919
41790
65348
37598
25115
21121
69315
81073
65866
20429
64142
67313
53272
60409
32009
78949
2739
35523
73344
5393
3641
50566
19053
10603
60136
66370
63449
85165
20706
9740
55158
14001
87658
28968
62001
71206
84607
85638
80299
8869
65880
4254
42129
67855
63801
51398
37697
87008
12025
72026
51979
70822
56037
49852
5368
62210
858
64484
28369
17320
13613
46942
2893
20504
55427
14922
81212
80149
53432
7824
78252
66183
12662
42215
89921
59098
66593
88010
38778
11255
73589
82132
85937
37411
55948
59081
50906
29063
53253
3118
39579
73479
54831
75790
41943
23517
46555
83467
31424
8923
85231
73632
53427
47012
6454
78097
81926
41697
68053
46885
79735
4935
54963
36898
86189
27309
37006
30014
48549
26842
2016
17001
5974
34366
58287
22140
56474
47039
38854
25495
55149
81183
1062
83410
85145
51934
57948
9046
64330
27226
11299
49921
49752
81982
50058
64146
14552
22299
22693
21220
66386
36082
82653
42203
39802
12712
69560
47987
53896
35355
36577
7571
24648
83312
30415
20876
7168
13295
30972
77659
70091
44659
1705
63296
56988
53165
14352
50993
28060
27565
13353
60854
45748
53017
9474
80215
47236
24738
45449
79673
2164
14767
52983
55446
10562
84853
38302
39117
43315
23286
52361
65235
64618
79739
70577
21989
40610
6467
85335
54034
865
65786
29331
60166
71374
16850
10005
27553
52347
87258
27060
48562
4996
47879
68186
45457
22398
16347
5565
13903
66440
51474
37605
29777
53875
63827
49071
60162
40828
63405
42262
47807
33833
88361
20447
8841
69820
26264
6896
3091
13720
73526
54464
68221
67455
49154
34185
30924
74688
16659
37392
81747
33804
12524
73560
8928
5010
83919
75909
42575
82903
55655
7594
11383
12165
63275
50891
80038
42338
68786
46605
5466
43649
5201
23781
39384
10138
29791
67486
49029
46425
19576
22811
13901
74394
63391
59174
22020
79899
87469
11296
62491
34962
70249
40503
9569
84344
48297
51019
68455
38270
13856
55603
27337
1245
23709
33186
79619
35677
3550
10962
15547
31477
13586
39876
40562
54912
73926
21070
56788
83912
56065
44683
56841
60351
67199
24788
75349
80972
4501
36484
86364
89647
58524
22764
63115
16413
64238
14971
39929
24215
1191
88638
80125
15725
64908
80666
28211
13788
17062
47330
81436
62322
57399
18713
72233
33910
46250
2412
77318
28964
50004
78825
37156
66138
87105
14053
69998
64476
28305
79278
28541
88321
72739
24022
3005
540
45250
28993
63819
14789
70833
49900
68982
39683
25566
11902
45826
70213
16748
68332
64689
34994
88685
57517
42055
29423
62782
89351
36051
50223
4705
28191
27690
86334
59120
74236
73884
78303
39056
16346
52034
56654
81599
68953
81727
68394
75683
32795
31451
73097
50829
58864
30911
49741
18342
62183
86073
81338
89545
80857
54582
21776
30404
31508
21435
40680
34388
37665
72029
15954
79293
9689
43989
59894
18527
68349
30638
75266
78743
350
63406
88180
63828
14345
27632
21519
37092
55697
39423
3501
58925
50837
74301
433
55117
69898
59534
9681
46782
39744
46777
22881
70523
78890
43354
29882
41072
21148
1120
57103
78739
84379
48154
37657
50698
11051
47860
82379
41895
51267
65970
74404
15352
48746
44403
42052
52944
2993
32233
58188
54165
14368
82643
87873
67667
24945
6056
57033
44179
15015
76606
7134
3670
42781
10574
12269
27370
81285
73777
53657
52254
11506
89202
68940
60901
48247
42142
60549
62400
67939
68431
48540
42668
69809
17496
78650
59342
80351
71839
39998
12734
22404
8995
40717
75945
26288
74603
24956
2269
2572
25653
37594
36468
52517
63393
88233
33528
87184
3939
45535
14846
37355
4873
24606
52661
45976
68065
34849
75853
955
69771
12345
72801
2763
89916
18033
74115
73050
44961
29215
6026
3130
29481
50600
37136
40372
60660
56974
27762
7990
19398
66108
87545
46939
23702
84663
48215
5240
15060
19973
85026
65081
69048
28696
89110
61480
41859
31418
69477
41505
47857
56999
74963
54832
26577
8308
30140
81423
47471
44766
66170
12664
17015
49620
22965
4475
24291
65197
32955
9268
29066
43583
47889
25881
84574
64883
55762
40930
89321
25103
26154
77614
11614
63072
56118
30060
39760
21523
58527
25750
49635
1559
36881
16004
67218
71781
88752
80507
66842
75038
25158
40167
28925
39667
43107
3355
50422
46409
51321
59505
29496
53638
6078
22180
82740
18700
10615
87309
41845
70852
87997
45127
31376
10885
34383
88908
42351
18835
9101
62379
766
79705
43217
72875
12094
452
7798
50918
86111
75437
70004
38518
50478
31669
46525
86687
47900
3164
84891
30386
72249
59805
51796
3819
73399
51467
24554
79997
1852
45758
9705
18730
37463
42963
44845
4847
70723
81491
34584
60667
60238
66552
62963
47405
12621
26175
89505
28973
32101
42839
71553
34142
31890
61532
18433
21652
37960
33520
39364
13079
66598
74187
66106
12447
61761
41606
35098
50142
25428
79499
79752
83316
12892
4780
63219
5254
80529
77096
59238
40221
33004
24076
13718
58432
87110
40512
65597
83502
75224
52805
46207
43522
60958
14113
72418
17002
45943
31862
22796
24737
10071
58642
66529
36965
84066
64617
13578
16328
71772
54811
52549
48859
57317
58908
87868
78649
88634
61097
87702
61329
63718
21966
18882
11730
23201
30811
29769
30007
31492
34720
3406
34799
76275
1525
72439
77930
49806
23633
89109
55654
52145
42553
70227
1522
44867
65361
60333
69239
61429
25435
30898
43899
49579
40968
28312
58709
5703
61698
9098
50830
16903
37251
40786
10201
24789
73603
31163
85808
81792
76181
55079
71102
61866
54390
6745
16788
54914
36922
54175
45044
54893
45947
15758
68143
86712
88042
26837
70657
30559
42834
24997
74791
61899
2827
77756
62272
18336
61496
73599
75582
85099
78454
46199
40417
24469
72094
72545
12942
59750
39261
36694
68435
8473
54934
68525
39607
85405
31249
33161
87803
81007
44304
27827
14083
1350
9662
26788
10380
27497
7241
20293
21366
43124
25053
70265
74546
39577
19011
11990
74809
21264
3974
2918
34176
67973
16879
21683
83187
54994
5800
17800
89606
22896
54633
1881
20634
21575
37812
26349
30103
11105
46791
20335
74816
649
31960
82264
17735
27283
31822
70914
25550
54494
65447
83863
32390
15045
7991
15301
25813
18762
29628
30947
42349
12301
40361
82443
32343
68591
7623
84753
35308
57777
24353
31029
35180
3798
8752
27071
35858
72726
33649
80640
28189
23750
65825
22859
6253
40616
40212
72881
82748
48101
49134
39964
30195
50457
79334
7563
344
84171
12133
15933
4821
5507
62477
42122
13745
13193
22296
46370
817
3063
69657
52814
18665
23133
25464
55723
52562
74401
24108
64438
68194
7919
28449
29264
42579
9924
63768
25560
8101
45999
352
17871
79645
51849
7696
11661
14969
17546
21956
89246
39902
48034
70549
59573
22340
41291
22433
35693
46732
78280
80409
46970
40625
86967
46451
49739
35200
75901
56959
31753
51373
33688
27176
58991
31127
7049
21896
20336
15978
69749
8106
55905
64859
18512
38964
36666
88230
18054
10105
77516
89663
49371
57089
1707
82711
2458
78953
68152
51437
54252
20385
64546
72756
7342
88392
45173
48098
31617
52197
41250
2608
19857
73688
37371
59007
56290
21798
9719
60911
88481
19548
45445
14523
58743
39278
53319
10608
10714
26721
78423
40669
40711
50231
79216
82659
57023
76441
54154
82609
64945
24199
71561
45532
76485
64252
32841
18395
79114
23191
22114
63554
72024
10616
73047
23918
55421
35660
633
36901
44937
11756
52245
11088
87721
69982
68643
83624
37733
33321
42903
28787
35432
62995
55489
42547
74630
22792
45326
26794
55005
65910
87498
76796
89088
59217
6640
1276
36602
15514
67063
73454
50052
83477
84046
38936
31913
60378
60752
30682
42973
52917
23571
35147
85217
74018
44919
56263
31274
9197
16697
83179
54684
37294
57262
13198
43376
17986
74066
88668
19797
44273
15063
58305
64796
14982
45003
15043
5663
85554
5664
33751
59
75209
26774
85361
2945
61629
53498
61936
35320
32594
66268
86011
77920
71683
36508
62955
37790
8813
61455
31014
22615
57599
31577
71188
61627
37207
40293
24919
43840
17945
47596
57746
63261
2668
54340
64243
12632
15118
59663
9978
42514
73677
50855
41657
31248
58132
36175
10979
62268
14077
18231
19536
20101
48030
49544
23626
49325
33339
52010
53559
18115
20953
16230
17793
25411
56461
24310
25084
53907
17028
42483
53002
22833
54889
64276
75629
26447
48140
3337
34372
88762
67548
68433
64901
67469
53546
9915
52353
5334
79361
56266
39304
6873
82681
84325
76058
71293
50949
47733
81841
58293
48811
52012
48060
16287
39186
75079
23111
35274
64701
51404
44360
45402
14293
56755
30803
35139
78231
65726
88934
9097
16985
43091
74534
77723
88599
50620
44790
82685
77924
64128
30331
77189
27972
57082
25300
58168
56673
65658
66875
77433
34149
84267
3929
17590
2491
74576
81280
1645
74574
8561
62577
35262
54519
49490
43078
58937
4646
35910
71590
29800
12467
25413
86885
22018
84013
42925
85250
67249
39385
69154
18081
37375
76380
73625
17037
68872
5831
84674
18400
66082
2200
13269
362
35800
63117
80293
5970
61151
36839
70555
75766
65665
63023
35546
87730
65521
5858
3138
12099
42988
86510
46938
82073
21928
47118
89495
28671
82548
72190
75608
20936
63418
31972
1097
79594
16446
74428
37183
12370
3278
76927
34696
596
5137
8775
71385
43629
54104
31858
42583
8756
69346
51604
10892
4820
33855
85619
61925
274
20694
30507
32662
58073
50374
85795
36912
21418
23033
54143
33590
26555
4934
33579
47832
27040
45323
30230
33711
79109
58026
13460
8221
35313
44308
26973
86851
88165
53790
67040
89935
45581
29884
20114
36645
53902
26429
34929
81634
81064
49136
50873
44284
41196
58173
78246
10076
82521
30011
8260
7440
49095
68751
34905
49600
81024
39609
4092
60821
39184
16852
54795
14246
29558
75760
29110
24670
4140
8977
59363
74059
79811
34295
2288
10376
21589
51725
59128
20992
7492
39738
6652
38400
25917
77434
74539
10790
18094
88945
68867
24840
13314
57063
78875
54017
77224
2377
18565
46653
16411
10327
25996
24908
2302
25548
82718
69015
36467
22354
23690
18671
9499
10769
21813
64952
24239
56282
22633
66102
45023
13051
75827
63879
11522
2799
46015
59540
12656
25098
50938
30541
85436
59052
27266
10763
7853
35990
53740
40873
21417
9498
56801
6707
88190
5429
37567
60676
89126
88675
65083
27994
78827
80744
46429
6260
27704
30728
48949
81566
19136
49784
18828
3754
32500
34098
349
56618
5196
86415
86215
88035
76697
60334
71869
12309
22762
12203
45968
34588
25854
29775
80156
4624
64034
37672
18255
63317
27248
31036
6939
82406
89716
79067
52634
54183
86195
23287
78672
34015
29772
48308
49805
86630
66985
63498
57338
46223
74671
43935
25590
22814
4293
47336
57767
69083
1502
32217
25073
85103
59537
13549
41448
75874
45563
56119
74062
6447
85391
60127
47189
69354
64149
160
72069
70757
34608
18970
5824
68989
35775
68916
52381
23468
64232
33371
48288
13926
50964
28056
81196
69684
85892
76154
86742
12433
64630
61348
81786
64480
2734
74318
16242
61782
38458
16533
59311
48366
68638
13591
51350
87660
27
464
66166
43154
52229
37654
40202
26741
42805
46169
77787
77402
65499
2522
40178
26225
66292
55669
36396
10801
24090
89743
30668
35427
52621
57798
25169
77237
75398
52009
57663
83076
36868
40064
38054
34911
46433
58516
8814
49569
73651
54028
69469
1417
53889
60057
89367
19466
24661
17098
71760
9086
39034
65390
7283
29082
23567
41379
28365
27371
18326
88630
72496
53805
7715
11513
45939
37892
39942
27744
63648
27879
88499
16388
27418
44282
65928
30098
57435
10830
29867
2289
27478
62634
27475
3564
37362
12042
84525
9091
53726
39684
37774
39884
20962
43680
43685
68066
142
1465
61136
42316
36064
28118
81978
85579
15966
46951
68241
40762
87532
26498
83294
24712
61545
11499
43558
50842
21606
61358
15865
13391
38381
77430
33341
5035
19703
50504
3291
39615
47730
43509
4810
67006
22583
21400
67429
79691
2917
72607
44328
51598
66572
74209
15834
11946
27027
36630
89128
45147
19306
48533
4294
29128
34159
8108
29260
52030
22233
85390
2097
61432
79793
40658
83075
9578
38124
46287
28554
25883
81009
48656
73830
56061
84155
41363
57699
40157
64590
57141
26487
23151
88383
30841
42722
86535
46687
83887
69887
67690
31568
43316
49932
35339
67603
33890
40948
28859
61941
25504
24515
13870
86612
89491
20397
78960
31480
15345
6160
21953
33686
50765
56239
2544
50294
62589
7671
62752
80588
34863
7180
68306
86484
30075
84672
80394
61542
59112
15918
67420
5679
78810
17188
9777
23586
15826
87058
64864
66270
68220
6382
43076
18307
66632
8313
23817
46124
21760
36842
12484
37699
81734
29630
5594
26995
55236
9093
21557
40914
59416
41039
16896
31571
47534
81345
27043
53826
83585
22695
49149
79683
68451
68903
32354
23756
32895
53386
40203
61125
1971
72846
1968
52059
15170
38580
65398
76974
422
84388
27010
47134
12900
44132
1491
74618
51160
36411
81740
45446
21598
33457
41406
3363
40988
41057
42059
47219
3924
11346
26575
83303
74674
27548
52392
23975
40579
37822
71116
50002
85927
86939
60209
68393
59947
76955
5219
20831
4434
9698
25537
34421
2049
18130
30838
15368
69615
75258
8996
60617
30006
52091
49421
75514
25081
59044
42780
57168
68741
68825
26798
64285
48109
29949
84802
51761
31452
49619
65883
74598
44792
15810
76854
76444
63217
82871
11580
66389
46284
31288
84300
49222
41104
62746
15543
42771
47585
59807
70319
24862
75174
66285
27829
25800
84974
70201
4264
84242
53783
735
81668
77127
5884
15485
37132
14613
26912
54129
22847
63722
60237
69622
65896
7214
42305
11531
34955
46057
56626
32049
28998
46282
49655
87178
26140
11721
51104
42388
83728
29951
59256
8741
1303
42786
59280
42725
66650
19434
71820
54929
15265
48054
10263
33614
78428
83056
75388
74778
22120
18572
5826
58068
61037
33889
35712
80643
52669
11574
88371
89120
40206
34231
83751
3849
31846
80154
38715
87147
82948
80595
33584
33541
13967
43980
60480
84361
80173
66695
75772
51317
81231
32023
78417
10194
57868
41540
41393
76231
80134
83094
27679
39185
19531
88589
60567
52765
87243
59438
13156
39530
60542
37569
16953
9663
37981
44646
56154
64724
25183
88090
76300
15950
61806
21811
57208
1844
79347
88625
54775
35234
32693
24001
39750
42323
7719
58760
26488
40495
42288
48832
2220
86479
81867
50409
44516
51231
46916
74988
50263
20697
85882
48731
31121
39641
32513
78345
13491
4204
25371
75558
55284
1208
73376
75440
69447
69574
43776
80389
21781
28606
61535
52122
79709
83641
15134
33925
39953
62427
46614
14330
35897
18863
79319
67874
89397
69059
77908
67230
66406
48013
9917
49909
76972
67606
88812
76530
88487
67725
23273
25378
78511
55693
43970
36414
12212
78413
52398
70629
55021
80824
45436
10851
4629
11298
52612
70136
2524
49166
78416
66939
46300
83837
21449
84809
90
83047
65746
80105
64607
14561
43125
56322
64075
6507
77396
49915
34700
25333
75912
50382
57921
81552
45476
84605
36378
24454
10568
17582
12
10434
14466
81291
66853
73580
45393
7112
8690
82922
34901
45489
36384
68162
60330
60714
34920
38203
72423
28971
14037
65589
35644
68118
62012
85919
74564
24726
38452
66671
68820
31421
88489
9586
34950
72160
52376
43795
42633
87840
64530
69722
78255
64161
45971
79333
63669
56982
6940
42116
82893
43245
18742
80729
44396
32275
50429
73705
16824
11087
86066
73147
36574
10539
58982
44107
30172
75674
82873
72809
14172
89418
57228
19904
51055
27069
51616
60739
76797
24954
79085
19489
57894
20963
77804
57383
44472
47188
11241
8183
56990
5820
40459
78405
6907
83613
9253
32566
54123
56684
75492
87247
62654
28439
32826
11307
35711
40309
49577
35637
67727
2541
36783
27316
9145
57590
46908
62196
16595
18463
70102
54816
59215
46301
41821
81199
89138
79724
59983
67859
27612
72261
22359
64437
71082
41954
55382
41006
45633
42051
2892
35194
78929
27375
75429
83793
68685
80196
69727
64933
14380
66541
47630
1325
37936
30056
66195
45699
70659
78903
82337
80769
80741
50524
5705
26039
78640
59835
65914
1247
61434
74797
4650
30046
30513
74385
7905
48319
2765
84099
84653
61415
88567
27261
44881
24391
51735
15326
66646
39469
60938
49914
23840
88922
81229
31952
67621
45284
491
52500
37214
62587
65093
60339
57937
50767
83186
63091
20642
36140
33284
32957
43942
74014
46297
85678
905
86184
10387
42920
7914
40311
77837
86152
44975
28727
73472
9994
72486
70252
15554
19303
21702
43556
28677
21544
38143
57289
67206
7680
9211
19125
53788
60001
5932
6460
48707
74023
24996
22369
10526
39512
75408
1727
42814
8936
11658
1061
70713
44288
58969
89040
624
50976
956
608
58625
52261
85389
9298
57213
80569
53048
77525
53863
56306
28028
76277
60434
60606
74724
42995
48469
54268
85487
78088
79396
74476
9048
24891
41380
25281
31538
18423
62047
6476
17102
77117
59734
73682
77218
71523
37000
78041
68749
79987
522
42695
21975
14577
22933
32497
56619
46655
30532
60382
51111
4792
33215
63544
58243
68210
20427
66949
17980
26548
87380
55245
77548
61631
78199
5167
58319
36151
21303
35271
5889
59523
7802
84606
56561
43675
11101
6237
44490
86126
54837
31760
34246
29359
12189
75261
72802
55649
69659
80844
40526
41628
23973
28535
54467
36056
50902
45295
33481
53348
7874
44946
50815
42696
67055
6197
19110
71663
32016
22135
75406
17840
72084
35941
32397
55588
32792
38333
28636
29839
26676
63883
76904
11397
22429
37356
70645
23306
64334
28262
74195
9739
13624
52319
84406
37975
23105
1036
86798
13490
18048
58397
83084
81805
82046
38354
43188
42449
71611
14594
51722
14471
69066
64175
29818
5132
18448
57440
14877
70733
63336
29115
78379
82225
26163
37606
71187
28792
24326
41855
74205
37729
68058
68994
89411
65933
56932
60000
55333
5051
52286
45896
59253
29551
65715
20915
17081
27373
88374
49783
48503
76433
47071
70848
11986
76789
12414
35913
65002
32473
16780
34566
66094
9893
2070
19271
8952
40350
84588
47490
54812
1486
88175
39692
61949
75726
36587
84970
23163
20232
17538
25939
12104
19997
79087
67146
73271
41852
49028
85254
48591
4699
12004
9432
65245
46011
89848
68423
72703
22880
87583
47205
1649
73550
76935
1030
55488
74488
53009
45705
62594
63000
4406
52284
63048
61411
28571
82598
14489
59353
31346
59257
8547
23187
5287
20766
73820
67920
16752
63969
23707
67791
35947
5515
45715
89398
71779
65864
37785
47040
69868
73066
20010
20265
63441
89970
50719
43954
2296
49434
63840
58530
60956
22383
58880
26891
47241
17887
84570
68156
76999
1483
13017
46622
50613
45746
26497
73225
87495
59127
71213
18681
40002
20906
66461
78257
62242
13428
89067
7820
10319
14832
9605
46565
77894
60108
63918
88893
12765
332
41359
70431
54115
83346
8832
76355
25145
47165
41842
1136
69323
83323
6887
44177
86633
28267
62311
15083
26093
78024
30608
26665
59097
41786
73446
39772
14444
7276
8041
28731
38723
9292
20373
37157
79397
33859
37317
57263
65139
76979
78924
52202
12423
42172
79395
36738
54277
70982
59849
65162
13760
86414
56588
31079
55511
23080
18796
32575
25034
31264
61078
49072
50119
67826
80848
25058
41028
36093
69989
56431
50136
37515
161
17979
84414
56491
3289
14000
86108
80398
5753
10147
13095
2156
30147
41219
55964
67931
38193
16317
20005
32395
19574
61463
34731
33235
44287
62035
33971
78576
50638
63863
40357
40125
48024
32469
27588
42991
41041
69948
45929
7912
59810
58154
10507
66700
4583
48651
59870
56919
67878
62040
17513
2355
16783
58487
4671
88962
43705
38082
89532
73036
25156
70072
30304
7337
77277
31224
50076
32767
48338
23223
77268
1516
1829
40023
25625
53035
9127
12947
16730
14081
88758
88203
28277
76006
86041
77038
17140
57482
31066
67953
13167
625
32291
72899
5406
38025
21884
38944
72755
83691
32672
76707
87714
75039
5440
41032
11191
81521
16264
19454
1137
62880
13382
83525
77698
83950
48704
65832
51757
62278
78598
75030
20633
76838
71245
67484
61322
82113
59465
32405
57710
74040
30360
14200
10554
28349
32987
69223
43670
5713
7718
52821
80135
78172
1731
17176
40880
27693
25314
7427
78266
2194
2229
54305
79164
20000
873
53419
75773
31621
76082
68662
35128
10617
13920
25545
56494
10523
5903
9407
33873
87682
75826
75354
36302
35416
21553
25757
30240
6956
80174
70482
62861
43272
48995
68287
6613
39045
74590
50785
75029
60064
24086
88100
88473
72861
30178
58085
78331
65533
28594
83443
58268
56817
36436
27847
3435
48902
81708
41949
47312
56807
62033
27617
67334
58133
48606
21065
37863
69018
63183
17534
73275
2784
28782
85694
56952
64184
39002
81049
33672
88637
88527
4613
65969
4684
67456
34885
55191
67739
17588
61929
73016
45073
10326
59291
20654
56533
14766
33335
30644
17721
49352
43638
28061
66764
41517
83283
3115
5947
9881
24079
53618
54497
42782
9182
62740
50506
37177
57427
84758
61123
1261
19520
9770
5780
6149
54247
44976
10838
71752
57420
65410
88186
7083
36249
28336
2830
15553
27976
54109
84927
47986
65016
9483
40660
46591
6012
14311
86455
20002
34649
22452
76144
70648
71061
79189
28611
32782
41723
79469
44336
33690
9867
7985
62296
61854
43810
14964
69863
26206
2791
33645
7092
11130
55767
41236
20686
40196
29386
17931
16670
21117
8503
51555
69791
9566
27431
61950
29554
39823
13146
38950
40284
74047
54525
69693
75052
54195
58590
78111
33126
35178
55049
17521
69845
77649
73515
35469
33741
28073
87875
71761
37521
3586
8905
14041
70400
28902
26905
27097
15007
64943
29897
1582
71988
33234
5013
44544
42317
31267
45468
26632
37316
50189
63452
66734
64223
32044
60943
3521
66301
40614
89452
32667
22085
7754
17885
83497
25898
40737
43106
86523
67493
65004
6715
48976
19646
69896
9504
3908
51031
73772
8349
5920
87174
54322
1355
63323
7745
86777
68095
51861
35126
8255
82433
31427
75371
17248
44011
87756
43304
48876
37673
55831
5495
2613
48158
69414
70804
6287
83843
4910
5919
83358
2891
27521
2757
44023
61691
4784
40932
67300
72708
13849
44481
25630
84514
40741
43585
75643
67782
8798
86234
70175
80091
70946
85171
77301
11501
26259
29256
24965
73947
5660
11698
56548
7743
19659
21278
44364
25243
31319
27581
54813
88200
17393
80448
47328
87547
61878
50
10229
43167
11552
69758
42075
58869
12138
52117
37797
297
88672
78812
63254
65018
82137
33539
82139
33920
24253
31380
11158
54741
55975
70521
78692
38991
68179
60595
88983
65191
29189
82969
7731
82862
39344
82462
52751
16276
74751
11638
22719
19447
56798
76447
2644
52244
8330
42390
60530
24312
6536
42000
57234
77693
79575
68613
127
69267
44422
39271
12565
40995
88800
79176
85673
64425
35659
9575
64275
77072
21931
22232
888
27911
73224
58758
18190
86751
17420
52679
11676
32591
13492
82577
55501
74792
76596
85849
76699
85712
1476
42268
35103
69550
77833
38622
18688
60850
26361
36505
77776
29782
35824
24464
21189
54081
88425
58996
46594
60636
31817
17959
55063
41277
86935
34582
21892
33981
61021
52941
64442
84217
61530
15175
12490
44212
58767
77647
74933
74102
63063
22655
7384
14376
27159
2814
31118
59261
78039
81038
37647
7966
59431
10498
5025
27603
26402
63732
52969
87693
35736
9417
71377
4578
62125
76846
82103
43977
43747
52028
84277
25212
32403
77557
51535
9011
54985
73054
41768
11091
83257
82690
72109
30676
88153
19179
43665
54229
65220
30878
30476
73864
35483
51549
17678
31276
4390
72015
13002
50803
47605
48837
49005
88824
76168
1002
88285
64315
49771
79025
50547
80017
57549
17777
29069
42303
42011
63873
60018
9796
79270
56140
37033
29539
12078
55822
79529
87432
64210
82133
77284
83877
2588
81623
15683
62298
20667
15748
89417
66349
71538
30538
27504
87293
51851
12677
2737
37323
45118
85601
86422
26376
85561
30100
10230
42703
40195
82353
73117
31829
50230
63824
62901
15435
53969
27085
77947
6972
2639
55699
52663
48732
67898
50967
74946
82382
42232
81850
55386
12026
13122
67200
24689
60123
67050
48191
34468
14088
17688
10382
30790
26399
49097
29407
59622
7606
61982
87054
82055
15111
47803
46073
13978
20630
4341
42743
73257
60666
79050
54374
86722
25024
85465
44971
60705
69590
16888
5689
73750
3934
12803
28609
513
36747
27549
54067
39222
54992
45988
2120
80948
18464
17373
11042
23997
81157
19338
15526
913
14426
23425
51636
13987
16702
73555
26539
49307
46339
63651
23950
59045
65573
11172
75235
5394
33660
15141
15379
11888
85976
34803
1
47539
32001
8573
16898
84477
73871
39406
26320
35413
45661
18080
1488
63568
69067
25960
76416
84162
66808
89635
746
51766
4121
8321
15230
135
67748
83240
3523
14863
7676
33722
60562
46241
59184
56725
61812
901
68849
78316
41679
52518
85589
64747
77633
25814
10233
29941
88829
36974
31788
85266
15073
26395
78508
17626
49305
25857
50441
66720
50874
11161
82950
82237
44863
82860
33830
62150
15233
16647
73031
1932
71295
68871
39589
6937
49343
5787
32174
64296
87265
60203
21761
65756
88722
58655
4966
81714
36631
70554
80357
6973
37730
72731
84520
45008
15229
18781
22356
69034
39920
33144
66849
26253
60949
52725
88279
73669
65460
9961
30317
52283
47895
50780
19420
38767
23444
19128
89210
83755
6121
75937
3581
51432
49385
29809
26740
966
9758
54404
62837
58348
30831
39137
64794
40407
64694
79415
39924
16068
7367
39206
13534
52674
22259
44995
80000
40037
8307
35830
89882
3513
58842
80691
1031
44315
5993
55546
61267
50625
9030
37522
597
20712
32650
20123
19332
71797
53175
55340
48928
24584
43437
25307
16867
12353
56848
37859
15891
76640
26165
68608
38867
71669
51121
83205
9630
87921
1334
23780
4242
23083
21955
21783
69835
72056
17951
13635
61555
35310
89319
38260
71043
52042
87926
51520
5400
61613
15749
60754
70642
51923
69386
79968
36137
48729
85723
48856
14085
18065
37809
79401
25588
8687
60788
53915
28534
9672
1898
83311
64827
86278
69774
71402
10273
55760
24564
88260
64158
57541
5381
48
29515
8496
58335
1343
76965
5874
74364
83397
1757
10977
46401
7713
2598
56594
48036
60248
36871
8654
54601
43730
69132
80316
50779
20183
24645
5918
9497
13727
21484
36877
82801
8935
57020
86255
40458
40351
69549
49703
72852
66054
86878
77977
59485
68271
76166
62107
45602
76007
67856
20201
86209
66803
58921
56777
63865
20302
32222
21470
46352
55944
58820
65517
34410
1157
88151
40774
81346
8282
89692
6273
80874
34115
42357
52881
8531
2990
79298
38411
49865
73978
58255
88996
7764
64950
13367
75453
51151
41835
70094
72121
69737
61315
72458
223
27101
32772
20298
14867
72277
11570
54878
88418
26661
75891
75938
81441
1450
15556
34613
35714
65315
49284
82066
28321
53103
48301
43383
86017
68333
39086
24040
87726
45290
13272
6601
41030
54145
31616
77
69053
10061
86861
14746
53868
27405
902
82976
86674
15859
56180
65615
29832
64592
68684
43903
49014
28699
77049
43699
13022
25186
87183
63110
30186
76094
38044
12053
33480
80375
37125
52387
1099
87706
73202
78591
26627
34715
28170
26144
70871
607
30280
3539
81403
33420
88443
23703
20618
77883
42540
44522
4193
10186
67301
62209
5972
27547
28304
17415
18902
10472
2337
4507
26485
80624
88534
43950
79187
71702
84349
77312
78666
62029
16363
24859
24536
83910
19638
46343
1758
54940
17314
705
9730
86837
61864
30208
73927
35547
31786
80969
24921
17463
25884
32262
29590
88531
33995
71648
2649
45619
16728
51250
30225
85834
17018
45804
78071
12312
48122
49529
57540
20215
72942
57230
29217
56019
77579
57901
31919
88907
76714
30043
63793
88744
46040
21320
47280
48850
74016
56426
41654
80750
67567
35489
71541
60467
38663
85557
41338
3408
56949
12458
3437
77265
31947
20721
50054
18544
31270
17906
52090
41354
21345
36521
11973
20870
89746
37807
77628
30935
1271
54027
50180
11327
39946
41483
50290
46092
31481
33640
60079
80423
4773
62306
2673
81971
37715
48380
69698
85275
72831
49957
82724
58046
77806
57124
79849
6481
3728
83420
3829
14465
12292
66839
72440
21126
12378
33518
10910
85048
48409
41917
35293
34527
66846
34502
33549
68806
57066
41199
68322
16348
74651
21922
41324
64124
84106
30966
61110
20986
3367
68826
15120
66154
62647
67277
83703
51332
18571
77968
29734
87542
82307
75512
12336
44532
69703
86351
61094
49146
3452
89229
6947
25525
47007
27152
79169
40904
32168
40631
69847
21604
20745
31070
14094
27317
7692
79181
47880
10915
74114
9143
64294
48587
89977
80192
64818
55671
42775
33346
12209
48003
52737
76372
10455
32213
37179
73022
88617
84232
61595
34379
79213
825
21867
12583
23222
36309
24207
76349
59608
1310
66360
6816
14874
41274
5458
57226
67393
80913
53288
68413
14369
47353
17085
683
54858
72943
18108
37778
83617
21415
61772
47245
20146
65377
45050
72217
38830
49727
78068
20828
30542
32783
49880
18098
43751
55380
37943
75106
45301
82109
47883
29480
54071
1259
57448
70870
77374
14283
66930
28766
54051
21709
57077
59220
40618
89564
8295
62458
28981
47050
77742
20072
8237
52583
54399
42416
74698
48067
5760
81893
16891
24238
28419
55705
79633
84658
5421
86485
24837
82731
62469
56194
83061
6082
16452
80635
64612
40029
9067
10002
62022
354
73622
77600
55583
59869
14649
70590
38654
80922
132
67279
87483
62941
13751
72750
23661
498
75823
7756
87733
37659
46482
23093
33076
29119
53116
89510
51034
74917
24327
17065
16301
44271
60288
54707
71145
18866
86690
37368
22448
26492
64185
2043
30027
21874
83833
88438
72306
4116
49639
20432
42647
76222
553
41946
84770
34033
72445
15820
56096
63818
41165
60432
71625
47370
60977
34264
19118
6811
48138
636
88785
60421
76673
76526
4731
25083
63302
51453
38850
70377
32270
19370
22598
28202
45737
55182
77750
37870
65541
43861
26527
87119
48271
11490
23543
79605
12683
62822
21139
13312
48673
7203
66546
60015
51874
80114
8748
48266
12655
52044
44843
43742
23101
59231
76421
81071
28467
88643
35821
30983
35311
60234
40530
77005
12548
14110
821
6485
54665
30019
41658
40753
41220
84197
56502
36959
53772
9613
73807
66125
71371
25600
76171
23125
87699
80761
11937
45893
88857
23550
32487
29417
65397
63138
89467
17351
49349
2842
54563
28527
29663
29856
62737
66053
64830
20961
12210
55379
38969
46475
83810
54397
2331
5807
81283
79802
79984
64028
48181
33330
4394
56128
1621
6587
71358
15184
64137
78664
12520
70768
6621
76754
2474
6359
29464
9007
80063
74569
20688
28878
36496
57959
59817
61928
8085
23412
82926
72346
6161
86458
85893
56237
72629
73711
86406
70015
18198
58240
79511
49589
23689
66169
41086
43931
42546
10469
88500
20118
35228
60077
85870
82692
39816
73443
56960
74499
12926
23426
12230
78116
23923
70935
45460
60951
69012
60897
35143
49881
54052
82965
21590
45508
71962
52186
69288
30828
81953
25802
87182
6919
7288
71662
10678
64469
78957
13710
66818
67088
22682
15925
41756
47773
85282
40634
79013
9020
25386
35270
68556
76601
89886
12844
16158
49105
44462
47394
65336
31928
30339
1473
51927
44400
56538
62132
66081
56351
9270
14138
12544
43336
14831
22576
76288
40757
70272
46347
15468
18292
32305
48847
36250
88464
16881
35891
25248
45470
47173
24425
74256
73440
42752
74243
48261
28005
15201
56066
42944
3433
86980
2113
57916
30107
82033
47102
54112
70913
19156
57998
52455
46047
41014
49601
82136
55294
65570
76078
16320
54518
28610
64012
17741
26887
71948
51412
13952
48274
3528
23987
79255
44944
21788
42864
19820
88019
16822
71431
58975
82089
35342
73405
49230
30979
50778
25340
44342
30744
75413
22871
43276
28815
86599
33625
53949
60323
14995
50140
34477
39915
20884
65430
28607
83479
31905
50338
86986
14004
38036
33829
55597
47961
18971
11216
5348
43749
58320
53627
29870
75410
34596
80405
40041
32835
15971
47673
57630
7821
19452
1098
36244
23879
73218
62145
65576
35375
2062
39349
31581
37094
74294
39333
81655
40487
59612
14899
45884
14440
38422
28485
51483
16144
14050
75496
17758
5887
35700
88673
49904
67284
16690
47806
26017
22432
50107
69258
52577
70963
47139
10619
36167
80097
51427
87326
49615
61112
89012
42606
69126
77457
30004
28932
7063
57293
38248
38015
17861
256
70020
87496
47841
74889
26311
35527
47729
83099
25694
27328
87128
77424
62791
2959
40209
79762
20920
28501
49800
64936
28092
17896
78044
6107
345
3823
44779
80790
23909
82793
35719
9997
30015
30314
52685
29148
86381
67419
71543
31408
38565
76747
20644
84179
46623
20733
75262
71257
44994
70700
34672
89197
18450
31092
5505
71455
82910
20435
78908
66362
89457
53649
18974
44501
84410
66173
11155
22494
58545
46290
48377
42229
24436
72410
56188
57255
38507
15673
87439
3642
89185
5136
51680
43744
87961
38338
85241
35113
62084
47768
61102
288
74586
86652
37738
56436
65667
81289
33354
85913
79247
43727
31213
58554
42086
63417
15166
85525
49251
21923
77665
80360
7363
17935
83031
9550
60004
5841
59373
31223
4151
74951
48759
2083
17460
40992
39696
85755
77338
33458
31207
5718
67366
46898
61624
22529
73293
66823
21196
31342
47017
86977
75255
3833
54676
23439
82887
30428
77158
15325
48305
79871
65579
79135
87466
10432
76028
74446
45688
29052
62275
71399
51728
17455
73836
78668
67280
82761
63664
23629
26067
50531
47942
24256
34828
28800
10705
50267
14998
83597
24359
76431
78364
48582
4021
33753
24205
89898
40300
16267
22210
60915
45491
61418
9518
60544
60451
35943
7165
7126
57881
57328
62641
20230
79081
53804
12095
19372
44676
29002
60612
45337
87137
31958
2308
11687
19914
66423
61070
52721
44370
88635
6592
85197
18375
76982
47233
26076
50505
75845
50564
50835
32544
74879
15878
15995
21791
77230
58498
82518
21441
47815
89823
7971
63791
41461
54799
39606
40848
19064
70236
78633
89184
47704
89366
12639
27412
73055
43753
3085
11939
51788
16212
55186
76460
67297
86311
78133
76216
57175
58862
5508
22854
33696
6995
28457
56295
29600
64608
64325
82166
70882
67176
62827
14780
84566
59647
35831
1772
2667
11371
77786
11932
13224
53049
34884
55141
24949
35160
50257
82856
48280
75735
7202
46537
85790
58256
4424
85734
24048
56971
11100
50306
5587
13755
9709
29761
87598
77682
77355
25670
47428
62254
13149
38362
21743
63962
74400
27131
55185
72058
79220
46264
34094
3229
65664
24720
54558
81562
41317
4674
66965
69355
42392
34092
83408
17819
10952
22431
37029
52812
39341
23600
19290
71227
58180
55708
89597
52552
19111
89451
58643
44372
73763
2132
12742
2389
78442
6429
53210
31399
22333
68035
55492
77172
39450
41812
10439
12744
65022
85017
36490
87061
41370
17046
77343
69970
75123
88505
9812
51122
22603
12759
31212
75747
32330
32762
80343
6452
69393
83244
46721
39717
87073
55438
1475
26618
27133
15076
78126
86044
19244
45296
43266
76806
58116
46074
19439
67007
49164
69971
1934
73527
66591
7609
24896
18480
75588
5844
83986
73903
18575
38315
33933
7984
77823
27243
47286
12955
76998
56505
21898
57657
66202
26270
2960
87368
54880
9109
50293
46519
30654
77317
35889
60778
79837
64543
6249
60642
60225
38072
80046
17477
4994
42485
59366
32726
21632
32247
30336
18320
47713
57054
62429
72006
52993
57026
34641
85433
36543
12984
89234
49859
18658
52579
50871
67563
14355
10012
83306
33289
39634
70349
32533
38090
776
72361
60249
62251
13909
48626
57519
24121
32930
52638
2985
76403
1770
51586
5723
80855
58983
7689
5520
71865
57035
83209
35960
79244
16823
13956
79836
83861
59720
58886
84592
47547
30997
46226
66283
50093
81980
42798
63132
88256
20202
84196
87723
63751
9649
676
9801
79794
49958
2419
74478
63386
40852
50117
69736
40190
71687
47868
50302
28097
33861
54740
17280
21764
76336
37996
5232
41990
3808
36435
56980
2549
71005
11330
65580
61089
51512
43466
46390
33294
35866
5092
56979
78349
71838
55805
56078
22322
74302
86369
77542
61370
71322
38640
10662
51158
30606
28395
20977
29088
62601
49101
46725
24088
11312
60751
50757
2623
49720
8437
51152
19605
47430
25261
38608
25783
64948
47602
64622
32349
50095
28041
82228
63649
43
42808
86010
35770
48547
14510
31416
13179
7338
24684
26198
49688
55556
86543
74912
22563
13823
5669
71982
9896
53191
25707
50907
55523
15456
64649
61335
55522
36818
1805
44441
56833
67757
74272
83480
11109
52958
2787
64539
44004
44292
60158
15871
28652
45842
36667
2071
1717
18969
42484
22813
32563
67278
62661
42662
15703
50926
79725
88160
36835
53364
20407
82809
71025
71319
22472
37741
39702
35238
60449
25352
7089
68064
48106
55012
85777
15458
56088
31683
37149
35688
53959
55400
39981
78593
19678
68495
15084
8158
78762
66097
27522
22137
34331
74658
13585
9925
25365
4814
66294
47440
32356
12816
63444
81516
7737
38555
3096
79425
27600
43301
62631
67478
51292
81087
86745
77694
52438
18273
3111
57922
23113
54699
50917
59988
20829
40344
29416
51596
2231
78806
73744
22950
80319
59440
57444
326
40488
45086
20595
15095
3504
11474
57156
66374
55277
80734
45454
60042
38943
8475
72193
25398
40134
71087
36192
65919
2375
69217
47086
38680
12480
57891
33694
1688
17100
6209
5185
53135
17138
85766
18496
10314
77203
47877
22475
30136
70737
37608
7470
60505
73336
42846
5011
5315
34755
66906
64077
46405
25509
83563
39467
20475
20356
9122
54258
71811
76376
8337
4590
85043
50608
25051
10826
45350
45970
75564
28907
32806
17664
55271
65618
9033
17438
16722
86607
83586
48627
75720
24246
36828
70483
19852
34941
30153
88963
76379
62331
49681
14655
70141
29670
71709
69765
43512
12019
26390
43620
39934
23475
70560
54879
25608
42419
75176
10253
61121
75479
21563
27919
67052
39839
25683
361
31763
80618
61422
75477
7223
19386
16314
56270
42173
6323
87819
44915
20492
32057
76639
50758
24146
3389
88187
13784
65432
4884
32611
61331
75419
27941
44021
31329
10841
13048
65401
57786
30295
13349
15722
611
58623
59271
78005
51212
44804
55941
87164
62224
76411
20319
17822
30138
34565
88875
38323
45870
59242
64656
27223
82457
40245
57094
88369
87587
37295
8628
26057
8033
51539
59584
22401
85771
64982
66793
12329
5126
60097
46261
6743
62804
32400
75013
77120
43686
50128
65986
36086
12343
71406
58045
31117
47931
78680
21768
84993
82671
24488
7475
1560
47387
40639
14711
34467
83714
24158
356
52360
50354
85031
62909
46764
74593
77858
87312
47369
15540
19860
31078
26133
6013
18598
84888
71826
51066
12968
50870
76003
61682
68774
11162
78065
59398
64435
49021
88804
17607
59277
8733
26096
59800
81390
29127
46444
22703
48830
53565
1094
52682
75617
37082
45165
1752
88548
2726
1035
43579
30545
40263
86042
72316
45965
23185
14556
18374
30918
88867
47217
58894
52620
10762
61893
47759
3509
22727
31584
89477
62628
83571
81565
42278
61215
46734
35718
69639
25381
68437
13343
46002
72561
73919
79508
62836
82531
3347
58405
73770
16415
32630
70313
71037
44461
41799
37895
61790
25568
42384
31721
40864
70264
3953
13447
73021
61279
67401
88778
75096
19575
47112
84504
61317
33372
3055
50141
79252
24801
45349
72753
26459
46432
19588
48421
25197
24761
16813
61311
25416
18699
89700
78627
26119
17096
41613
16986
6824
74607
5179
7706
58221
16955
69252
68551
35577
69311
83080
4606
78276
45021
53254
22758
85703
21270
49899
83634
83770
89094
82800
84696
3627
74646
33732
57609
47890
85770
16710
14810
83446
15484
42909
23738
87411
9424
77052
71993
24264
69620
65881
58275
20160
22276
77605
19739
31939
70663
79590
27892
32269
34282
57084
78503
42585
78057
5176
25397
15478
41091
44718
25395
81564
23581
42071
62281
56182
47252
60153
3187
37875
25310
27366
86949
14544
23590
31210
60463
87797
74733
38200
72059
64893
45077
27577
45534
82599
57418
53407
3720
19828
80
62891
47439
9351
79198
36404
57818
29766
26922
17813
64556
3999
86832
44417
42669
66938
17722
72543
47143
83028
17492
73521
45510
82990
59234
23513
10328
84638
44347
89843
30411
79222
70957
85729
548
44309
84877
69480
16034
20580
31923
4472
46674
17377
41099
35861
31781
7099
5387
13191
75831
22696
49332
34764
40847
23638
12271
20911
25978
73241
80260
56404
17755
14244
68753
16872
43901
81472
58062
63340
61080
68686
72081
82297
59664
45282
62127
73791
5170
14359
88510
67477
49015
88723
19358
41919
39756
72195
79419
20285
2811
14233
2219
27115
80789
5802
17667
59791
63861
80052
21387
87849
50105
11740
83712
40239
7741
26267
76465
66435
3434
12990
18541
10303
31199
15979
74133
73371
72740
8250
52412
8714
68159
53331
86575
44493
5081
17657
67318
5798
3945
46321
89773
61207
55508
27153
17254
61449
22820
17987
67772
21932
62929
75994
6845
72663
42273
46161
37524
29992
68683
20658
72523
6992
38658
11505
12812
874
16489
31011
39879
23482
55624
14227
60664
69476
73717
49853
18093
41001
36973
34497
33538
6703
28332
56775
39650
25321
72725
80420
57485
1880
85560
44381
51488
75943
78472
81530
62622
25970
10803
16154
65078
9872
68073
36917
69413
23462
59526
11804
31706
49527
84842
42617
24902
28528
89744
35619
4991
55023
5986
6858
26516
60436
45463
82470
30846
66275
62564
73666
26906
58860
25581
18847
2446
41937
25695
17766
47964
13783
7376
88987
16075
60812
40419
85991
55891
7538
74052
41766
33556
20366
61962
35812
82164
18095
14921
73627
12359
46839
47230
34029
62181
15259
71977
41027
25583
15712
68480
69140
47558
57438
72078
22151
82529
63900
47244
1389
34210
879
25536
9920
47876
29318
43351
19060
66236
66709
6523
21704
45288
86857
25559
16225
83130
23473
59743
83276
33799
21420
75638
20581
74565
20161
56223
40047
9400
6019
22753
69286
83229
42371
21992
25143
36405
30383
89450
72447
33636
76637
73616
12485
8892
45872
13301
6228
48040
81595
62025
15404
17985
85958
54257
811
31666
79920
13693
64923
28760
64994
16210
63616
35315
68157
8454
76032
51699
89475
70719
72101
45768
8822
27797
1869
4850
47395
78870
31025
34961
37184
47818
76695
29026
43331
85555
68054
71964
67959
82056
14997
3124
48206
43329
11359
10312
13278
54942
59522
77474
59570
52691
261
38855
1182
74136
13822
20255
69734
14639
84290
54049
51243
79139
60186
70566
42563
37946
69935
27385
51408
51683
15115
76313
53671
59574
59301
9512
76709
629
53108
39586
23752
53396
55781
45958
76165
39020
16454
89524
88118
19317
56640
24527
21364
60122
9783
55179
20199
38468
53681
89328
53955
84485
9967
64352
8498
36035
2131
69901
26180
55698
25107
41122
40283
72517
84986
79603
25875
8647
87898
27106
83088
35938
41422
85508
80574
12690
42286
37658
31850
77178
65565
41758
26657
52766
34694
40775
52403
43801
17347
2732
88578
8263
46604
11970
5536
38189
21405
57623
75677
5288
47777
89456
20171
1913
18609
64891
29334
4649
77829
83508
31720
3396
816
45783
52830
57039
29293
24709
84707
10888
30132
17453
9410
29276
3621
20289
20185
853
49068
18997
59163
15805
67425
17489
89669
4561
56021
48447
53921
49048
44431
88665
17629
57398
69873
59089
20383
79666
55898
41376
63314
39559
34169
86572
52125
60213
84428
64477
86116
43577
16143
79007
14348
23810
39001
67123
24250
60655
59562
668
13821
22145
75090
1962
31265
78521
56514
36191
64418
32567
59264
53164
38696
80297
30976
83262
88871
38103
42840
27800
19408
67104
34365
88865
41493
6313
11853
77839
61541
25927
51359
76957
10157
69334
26785
32198
21440
73946
87292
61515
80786
25586
84119
32891
42289
6672
53425
48774
64996
22754
35370
34296
74815
67387
45241
24576
81074
34760
54474
60555
42967
11008
52389
39661
26858
7774
71273
44486
23419
78892
67488
20806
8820
15252
13885
66854
64405
21096
46435
28090
30861
16309
1119
43707
60599
73928
86421
84499
37217
22446
39694
49607
47872
3441
5228
66327
8481
55837
46021
34117
30096
4123
30301
53913
69819
59847
9031
19344
13499
59312
63826
49949
30082
4029
6379
16744
89226
29436
42250
36202
46230
77689
65808
18434
20983
15449
11722
65120
30279
74549
67453
81288
58732
34499
81649
39151
37396
20236
57612
64426
16502
2370
35822
14651
27353
33211
80005
55729
18968
50948
52184
85489
6924
18207
16819
83169
60967
74138
46739
4066
21731
27062
22864
36295
62455
22803
69753
51000
12501
61332
77013
58803
57315
64809
39570
39019
63256
81826
79221
65554
6855
61635
16044
61614
58182
46036
52116
27725
4980
79424
41155
34602
17336
28148
57409
89706
77796
9614
19368
58950
15741
76358
72509
71054
48814
55833
3365
31805
33786
71050
22661
9916
56029
22872
58805
5690
27511
2241
88411
10725
9339
11750
51726
64593
45497
17507
252
26547
1857
279
46043
3996
60692
27830
22407
25835
19522
86617
6596
84923
31874
88512
43919
54537
37905
40490
5
14685
51013
56334
19186
32716
8890
27279
10338
47801
45416
13340
20340
79277
55591
87096
6525
84578
89846
85450
79889
49418
16333
51820
13256
49819
29582
26800
63588
87056
4310
71582
77126
69458
67090
82311
42257
49872
60484
33074
28000
71635
22895
84643
14773
44655
36537
25961
338
14019
82246
84172
86845
13905
19016
82559
29813
78094
37068
11345
33292
73434
46337
85289
88853
5358
19911
62249
61896
9864
20610
88677
69127
9623
4712
85979
25633
58522
54026
29003
89022
88689
13388
34509
7943
66212
79083
80377
53029
5527
51640
18384
79932
89030
25923
45019
53993
24836
8793
28936
69731
12085
41108
56328
51024
950
50077
17443
8187
11878
73196
59166
12107
63316
68106
41134
47283
54421
23375
52020
78717
57076
61290
2627
17782
55933
87626
42459
33290
19223
2106
59866
39089
35584
27139
46874
10779
35088
54365
39175
87853
44436
72248
28608
45522
28487
55272
61548
74204
79124
31368
87449
59439
76633
63789
38264
55821
3675
64800
1354
59557
53081
43138
79096
45009
50316
15378
15242
7875
56772
50606
17199
23400
13767
81287
7190
28102
11859
46698
66592
65982
85132
10085
59379
87571
12793
29458
87471
66525
12346
60219
18856
54496
57728
85305
33252
81103
81511
26310
7371
39325
38056
2329
28587
84446
17624
8365
14611
65381
42727
59729
42333
39925
7281
33362
11625
29581
80581
68935
16316
76523
58676
8939
74475
59790
28828
15451
76566
13326
15515
43120
13279
81055
28288
44208
45908
71774
68334
28845
11195
70070
27717
12183
56976
46200
42306
1357
21029
46799
29662
17708
72918
31247
80920
81394
32673
39316
3573
14044
6246
19122
35839
31115
88018
65547
88918
24864
65556
52323
35759
4581
26583
87668
34534
50360
38535
29799
45475
81243
32729
6697
4444
22171
8390
88955
18243
75879
62020
33338
18645
74585
11918
45678
23298
14600
14367
23144
61266
67841
48355
55852
74813
64726
4630
78663
61262
60961
64233
16689
40011
18389
14528
64104
73041
39590
42608
14198
86028
31050
12562
52370
39546
72049
13946
32317
23718
41114
78438
29495
63521
32540
1210
45088
48221
40367
70378
7825
64855
69103
47944
62943
29113
45980
19141
2450
84307
84783
66032
48713
84800
68
19542
67801
42700
41070
11283
47068
295
820
36083
1526
1994
18331
79325
85124
48398
33578
68981
4361
56880
52307
83364
43118
89799
39969
46697
79692
78524
13925
661
46625
20497
57288
60746
86138
63951
51773
57783
8215
41765
83575
88761
24496
57431
52720
50442
29904
21073
59763
46316
53000
88561
84916
34842
69689
12237
71801
30323
22486
10837
32074
84858
48442
42461
22399
55632
34521
21629
74737
59712
7968
57093
77515
62393
37269
32452
1408
80195
13840
85488
77280
60168
4461
89118
77370
44999
62064
33569
15307
83636
19278
47623
4652
52080
6479
44349
7476
19191
68009
19305
83594
17178
52056
19
76899
17144
20015
34953
34859
18648
24442
54854
77863
82049
49585
67379
16501
73460
80918
17679
77840
21305
82428
66885
30101
10362
7394
16890
73619
51210
26410
5548
66341
75725
69052
37042
9813
41080
6800
61637
7534
62439
31003
2703
69257
31797
48733
71137
7952
32182
76267
54687
3272
78839
74359
6349
81702
67795
2148
59619
22616
37964
52540
32766
41073
42312
57457
12275
86296
35012
58282
47124
7175
10613
14477
25677
29374
55160
22123
18989
10978
52864
12881
39827
86420
52866
71495
87568
2335
42473
7512
63154
75057
62717
78501
38204
36798
2456
12435
65497
31780
33882
58279
2225
16496
2823
43568
58543
4566
7782
68756
11437
78102
57522
10181
14745
13147
4542
74659
25554
8222
81057
47617
68830
57337
70898
43941
89806
4987
53020
13249
57243
81314
53928
29517
39302
74628
72776
17167
39932
71175
56411
37562
67084
33563
87899
6870
60665
21083
65692
65094
11167
25988
46681
55361
41634
58270
75751
21850
3975
28984
71614
65362
42956
85240
54241
26778
74693
42942
76752
56032
65709
60837
51316
27329
83402
7381
12274
82515
78786
33394
12300
18027
48775
66380
75809
39458
74846
50224
74247
26486
75138
7212
63958
60311
14030
32333
64922
84831
24612
5822
45966
77735
40235
48996
73158
37085
51969
33783
18591
39142
56117
63525
63137
64203
39448
64554
44389
61085
48089
68717
85158
71860
51275
16863
60912
76443
51639
9136
19423
6925
63037
23481
36282
41321
27563
42476
78955
33842
19307
36722
12222
57533
22262
5631
84419
32906
13667
68421
9593
34221
5490
78741
37243
51509
70452
897
28117
85803
10038
33978
68339
8103
67169
35013
71382
63330
9370
19788
33574
50812
24431
78942
9636
60770
64290
60091
49789
83195
50273
68374
66751
74942
11896
51955
63341
1602
33158
17518
40307
80077
56232
57539
59223
35095
8028
44850
81781
13899
52596
9909
68083
81717
32209
49372
44923
79574
30171
73606
7772
79039
78609
24100
4196
27391
38915
9737
54152
81794
59212
87827
34490
908
23293
32146
25733
7260
9609
48743
41931
80127
58047
26515
42407
40355
43708
84634
84506
63974
39631
15139
37848
56441
56097
87880
3281
55778
33794
31296
19731
67148
77393
87930
24847
48425
51457
22855
74275
86969
28204
84612
27623
43403
53106
79771
81622
36234
57643
25157
86763
1597
12681
71646
2161
2367
62899
77721
65877
23605
51487
17888
24481
59917
12482
59591
81371
34987
45154
58391
36791
42581
42152
68695
74338
60551
64144
60286
29997
41000
28432
10720
49821
31551
59040
25270
16657
5922
27578
54428
36517
18442
23186
36394
32014
41671
19203
55328
22227
35593
39232
27374
51409
26509
26743
20609
1468
49494
73754
59143
71822
87390
51656
38559
68782
14008
720
9284
81440
39959
79681
10383
32002
35278
80967
85537
83806
19535
76793
35465
83038
7664
15364
58488
47298
59862
23798
54420
4647
52505
79331
7014
52902
80861
31076
75324
32095
34249
86130
10045
12559
44199
30219
5732
55192
70232
71675
12776
66743
85967
1556
49733
25075
54153
41048
29042
35417
3369
10185
48666
6240
38007
67470
50585
26939
51950
2374
5053
8987
41694
17051
64515
69853
3386
63787
81778
16138
44949
42729
17363
12831
38368
20737
16332
72938
49074
43166
51863
30631
33093
32610
86586
73790
54256
10920
82865
17754
58130
66330
70820
48113
35944
27428
67405
62914
51346
27965
70278
70109
59864
88313
28745
23904
68620
57396
11046
87916
80870
16827
82028
6828
22497
10747
75594
46665
15755
85397
18067
39614
88344
60447
28351
73535
44663
61623
82039
54355
89033
62408
22980
14782
54578
49234
58222
17912
24032
57390
53063
13953
23643
58639
87956
81099
70250
82324
38327
6533
48204
81966
6384
86254
5209
50392
5801
59787
67091
57654
49642
49242
83058
22823
89517
41177
13791
36627
27442
89409
70774
29220
21130
49318
79001
33516
46812
24016
82771
7480
28178
3659
2633
73951
54057
81812
8176
83906
27587
3685
87510
19297
15893
37800
47850
68317
53329
41341
44247
6980
64703
6594
73888
89525
68852
62450
27491
53794
47289
33763
84554
19933
85216
73156
6373
30737
16231
20793
49650
6859
47660
68732
71207
85562
19880
32360
12290
19551
42971
8800
61149
26779
30900
10159
34291
14396
33154
1130
925
16973
47601
41348
66118
38781
16182
45247
58328
87413
46720
86527
58444
25904
56325
42162
81952
46110
57900
67311
64035
47393
8300
59659
58940
36579
58395
51384
69500
21299
40765
64949
36495
60990
6724
61223
3671
1471
56648
3090
57271
50582
17557
24925
20398
50359
14785
5911
34637
71533
29896
86176
41386
24844
44467
75602
55797
73464
48346
13247
5813
72444
28627
38899
87051
62609
15446
52019
50666
35526
2706
66171
88426
61087
63800
44701
34134
80002
31322
81042
39861
43854
41452
87499
82454
41693
6288
6244
13571
34892
59509
10408
24432
31748
47788
59397
9934
51363
39071
85866
78261
77994
13011
38220
12813
57820
19010
57982
29901
19277
47618
76956
57621
30670
51605
7660
26149
417
22246
51825
44985
89317
43908
75077
55136
45881
83555
80548
6361
6080
9892
2640
6199
89862
55840
76263
61438
81036
65217
71609
3240
75241
53910
48091
40598
15630
54572
63216
55527
77249
55892
60144
49486
73961
83059
83592
66205
68743
2868
6105
65011
45453
81510
72053
10421
29932
51739
60794
63517
38746
6770
82295
30184
72617
47380
35436
1398
49626
42050
34570
66424
81021
5934
12507
54722
30553
2141
30328
72964
5382
861
74371
61621
54703
64722
50480
84273
6586
76249
32122
19537
25844
34471
14329
71979
33035
41771
6576
89689
32738
26
666
60325
10700
50311
1739
72862
53901
13098
8670
49910
46286
73943
27281
55230
10957
19572
3780
24814
61371
28658
38764
16397
61965
66963
11875
66164
3927
8067
31591
65545
22501
59760
23228
58477
47216
48622
63403
84557
41387
45255
63678
35868
86703
88734
87670
50513
39455
28239
46239
7166
67304
4955
26164
7958
33607
25521
783
83411
12564
34908
22065
87656
76295
74732
61361
64931
74181
33929
58723
51563
72671
26865
30827
6649
52832
9986
44512
66908
88293
48584
72518
38686
5794
71124
24084
35791
32704
39027
45387
41092
2884
10096
49062
15228
19355
63917
23523
4340
79168
9733
59652
11632
79637
80109
26178
65917
70500
62680
64047
72003
39078
59852
63156
12431
41427
32437
63566
31088
18085
61374
35826
29282
43286
14645
41301
77886
1909
33856
68376
89888
76158
13038
68857
36855
16003
64025
20032
84558
45434
60029
64925
66862
4256
8447
77499
58615
12706
15863
88330
67875
49244
70027
53943
14802
47472
20242
74997
36745
56379
25719
23766
73266
14349
50351
47679
29351
50912
79650
6243
82306
7736
26916
43413
23659
63328
81025
35312
54680
43281
19270
34916
5966
13827
16425
23051
74520
70008
15811
36318
27387
9283
27368
37607
59054
37533
50319
58765
35367
61479
23056
70130
6807
43754
35494
11472
28809
9684
84596
31675
20881
53897
16803
71547
47714
5971
73760
85429
39318
81431
84464
86220
14338
30017
53376
59724
41322
56549
26889
65201
74225
4972
28089
40876
31704
75733
81879
74926
86060
40172
9807
46914
84357
9069
59213
46359
56942
57022
61161
35163
23547
29434
27665
32104
23802
35776
13254
24228
44437
13659
83750
56222
66748
3522
13484
32134
3423
86127
80246
60125
83181
44934
89753
16403
23301
36687
20952
83137
48162
33185
34026
43524
61523
1197
52884
69876
5685
25016
89930
20965
41636
17901
81193
72792
56198
81418
82941
35127
14309
1366
32313
56166
20211
15793
59890
34084
16892
15670
1373
44837
78655
62159
85541
67722
26061
75486
3161
36160
34887
13203
42523
34734
15860
57104
73905
89721
36856
66705
71400
60257
72246
75973
10823
30152
19526
49706
48543
55735
81776
70548
48936
15334
28190
69338
74544
3444
32980
33069
88466
35988
63181
9261
36914
76727
74959
29665
54790
58636
26125
83895
39626
11348
34122
74967
52677
28665
46679
15311
13836
24331
37548
61598
19737
57685
66482
15564
76614
80043
49266
8967
34121
84709
56760
21948
71699
60477
64769
85271
65940
4115
79259
27451
76490
83941
19825
57569
61504
16027
13031
31216
49199
67945
78404
12175
58258
37622
46458
63584
85611
17132
36644
39111
43418
45692
44500
7558
35744
67257
72392
19700
34305
22994
10524
26197
39985
57075
65145
33949
80583
88174
71246
5238
40635
12692
81063
73413
34845
33785
6347
30073
15020
10265
82556
36860
89188
30843
71391
74864
64633
66198
70153
28695
56265
10969
5938
13740
79030
53056
73967
48498
47571
49549
66454
13151
16184
47222
60089
70958
71800
15386
60583
82342
2762
86973
28228
10214
33946
28446
82437
46759
24355
47852
30521
80883
87945
48629
36820
56215
43688
45270
27787
77819
64081
81151
50857
16001
86103
48403
26160
31978
61135
20995
89502
54792
26062
53952
71742
49354
57406
25699
75110
89902
43341
75544
2146
82736
87102
165
63123
84239
77912
28672
900
47090
88488
61244
47698
65965
38722
62889
60289
38305
11801
3156
89056
72176
13280
45090
31162
36776
78604
17398
30693
34693
53178
84337
41293
10014
25222
2465
51769
77741
72223
35974
76487
13647
37024
27265
32888
33176
52982
38476
76067
1789
78495
54877
82505
42490
85512
37280
58794
65039
39922
41536
67101
30334
58369
3254
57151
52573
36360
56284
68016
67129
4015
19699
53174
81419
31214
3665
22372
36291
47183
16263
21628
6564
56428
80414
83830
75276
1092
72000
25924
23533
57397
14021
80435
5512
48739
17142
40388
83964
40596
63012
61413
21452
12205
33470
56086
37032
17481
11376
82293
30354
57854
4094
76112
40081
34196
81891
87800
46758
65346
5573
31254
84038
74239
15743
78961
67735
17904
88123
46840
56722
35423
29164
8319
52653
7783
12123
36578
70556
25432
53012
13092
24890
82773
6057
31965
46933
27419
57606
7266
88935
87592
43396
46279
5635
67096
31807
28354
82427
74447
13385
63735
9581
32588
37399
50114
33714
46320
19351
73532
10381
69309
13569
22083
46818
3783
5481
15678
11332
15508
1301
34797
30975
8806
83602
2537
79178
2082
19189
88170
18587
70063
49637
23257
72524
57548
46285
89342
30683
81211
44170
45844
14051
26693
51689
46592
70419
63344
25933
12278
73887
40578
81643
36316
33001
68805
31469
38751
51455
18555
87544
89883
68635
84362
61573
36836
78553
44335
37270
55922
87491
88739
50199
25177
62436
8326
16302
61325
81722
72324
50811
29666
26513
21010
24626
86344
27564
62972
20996
16480
57528
55884
56748
44600
26046
82912
67060
44217
37949
26209
24144
49011
54101
77028
47345
64913
73064
65498
38065
87248
29876
25294
23350
72050
39729
3769
55520
249
7447
86539
36564
6043
1153
13325
15886
21541
72488
23566
26941
20314
80233
28345
73410
12159
23777
2547
1933
71494
53073
57577
22314
12972
49235
36298
56535
69369
81409
61392
64134
65023
43275
9231
77576
57380
22335
64752
15840
78714
6767
9800
10897
2855
74648
85626
25932
57993
21060
66501
53603
48719
7887
76517
20785
50708
11214
75210
84973
71084
88519
12231
55521
60905
16368
84354
84231
74373
26702
88226
84704
2576
81410
55317
10989
73237
13930
83194
19436
67575
17611
53528
12750
68131
47151
65795
20524
34925
49844
59340
32570
19511
87395
81040
65738
31043
12779
5223
85838
89968
68572
26074
15224
7019
19421
48553
28939
89536
82775
89969
49530
85813
16180
40199
26673
77212
67732
56697
53339
19384
177
71830
75554
30446
37561
7610
3967
21995
40986
6865
63633
47936
81129
19802
72592
25698
26194
77488
59211
36636
80487
51932
20843
43783
31200
22952
531
18091
61810
14901
56278
12220
75452
48182
34247
72929
29398
40188
77187
3044
79160
50888
74543
66120
44908
38026
25434
88912
36163
36293
48726
2864
61938
34800
74990
32526
66883
48486
27408
11713
68947
58334
32212
23098
15253
25200
75392
89607
27589
53390
22558
38784
84341
28498
86632
31341
66931
42883
82174
86823
31156
15473
20189
67447
79211
30477
56856
72794
34765
88110
25503
48965
67753
44172
38057
30834
34261
55825
56127
72693
87098
8063
89233
70138
38692
58225
26576
52391
58699
29354
13539
85869
43932
23915
36161
78192
16751
24981
17476
69076
71414
56540
66770
77380
66271
19662
54892
40966
77361
63615
67526
52893
30290
42912
81454
46588
28922
80022
22562
83020
21905
41394
14864
76678
88524
64594
7847
89552
74006
51503
88794
84314
21252
45104
62376
44922
87634
55445
3547
73620
34051
51900
77015
52310
77826
27849
10255
6930
9637
89157
58206
58435
10004
40468
47018
33127
45833
9836
77907
55672
16130
78991
13183
51127
53906
48695
82626
27467
11753
15660
62453
35720
23268
37888
66430
74939
58183
23933
7800
46471
41582
48711
3038
681
60697
51465
17536
15958
55411
50628
58497
71361
35067
30265
34578
67252
83414
56764
42062
27100
11410
16160
12979
35625
59836
3286
43066
40254
17378
639
38634
20987
31918
39735
64231
86629
53705
67752
35108
60094
81810
26037
39407
21561
59571
7705
40743
37999
35141
55813
20731
32983
76888
21941
2
33850
33166
78826
9654
80440
1682
2489
30293
65892
64941
74132
75734
59378
72658
14602
19823
60720
42450
86266
51909
13474
13737
24322
12885
28407
1267
51624
36204
18784
72112
22327
81186
57658
49817
74178
76331
70687
30899
56660
27091
24767
47210
21093
16988
57297
17971
33542
81459
9053
23003
60713
13094
32649
29399
32675
73823
25748
3366
40872
54579
13184
56849
49444
78830
87955
54807
38841
63111
52439
65025
65874
58175
79338
27398
51816
82387
86261
41111
28448
18219
31171
82624
63692
28150
58700
15776
84933
6283
17486
77331
58427
25356
46716
14954
72700
64665
60494
42375
89911
55784
20641
44344
15245
65476
54120
82762
6410
1056
18203
13003
26927
55738
70267
88059
9889
31911
81892
59395
83147
1600
38116
62178
72285
32484
70415
17936
55547
37632
68133
52684
4334
43294
78074
83074
30403
52109
45808
6498
77990
74283
21617
5457
8487
33389
43914
50996
33180
85989
84878
72208
17804
45820
79542
70218
56026
78018
72305
48062
19586
59087
8045
66664
87405
23167
24695
17832
50916
2597
70154
49882
55864
86865
45650
11461
3810
2710
32073
83551
85481
28154
47721
87010
67028
26503
47254
9502
36928
10636
12380
87818
74289
2676
4777
81855
42140
22953
15644
37313
45056
49596
67728
20325
86423
1180
81725
35438
42613
19394
22214
14255
8165
7753
54980
60081
26364
16051
44293
64895
102
2051
15757
12367
47910
82568
49330
28331
15607
72728
81075
35453
48756
16404
1774
21496
85142
38363
2279
28540
65031
4599
39155
57608
64329
38768
27455
32126
71224
31099
63817
75974
35904
55329
26416
35559
62288
49265
47795
67375
27170
43507
49254
70110
48009
314
52294
84686
28477
38414
33431
9976
83982
70696
45953
83566
23944
70332
60605
73953
31646
57350
58089
38508
37010
9267
79981
53243
47208
42556
84555
85293
9100
88265
40324
52354
58749
51564
18649
23217
72459
84939
43389
75048
40721
18912
78936
57425
2160
46000
2226
24430
19096
19463
70259
31836
41853
17684
7761
32083
28702
81523
55412
23713
36240
84919
24263
55763
80371
39036
15894
27200
89219
17447
270
67198
18850
59367
22916
74104
7765
89112
19236
17177
58948
27703
80560
56382
60762
88127
57882
6220
45816
81818
88471
8431
6864
32525
49137
6234
5043
54007
33274
73419
14335
88718
72046
41744
44956
63589
25140
21310
40814
63382
73065
80352
35704
88277
41675
82866
16041
83847
34389
35661
28871
46724
66797
28744
6008
27751
63776
63636
85104
16880
11767
75887
47334
5848
65234
43799
73361
35445
73242
31473
32655
10691
66929
5795
70312
35877
60290
52876
23193
79240
47636
26024
76317
12718
52789
10996
49572
16929
34567
52635
86814
35229
22236
24774
88603
42845
71672
78502
22062
76902
70516
81052
79010
40255
14817
14546
66234
82573
14462
26734
3277
13415
53859
10661
55197
43523
65620
48269
46248
7215
81152
12670
18267
53984
26591
16740
79323
5395
62011
55484
77037
2929
17543
7176
25674
653
41577
53325
74462
83172
19097
7008
71862
38596
67908
22040
82593
72850
52637
80945
45613
88138
3293
26315
54580
66046
35785
35811
83185
14843
33858
88333
61001
20788
18186
26136
87371
24216
85
17421
43756
55461
18052
58445
74636
13500
76917
67321
9116
82899
41951
17227
17251
8482
34685
83855
65166
29711
40071
69655
1735
70574
52718
26293
42124
59164
57202
63620
58055
37088
19476
45601
13442
8462
70536
68255
6929
37985
46134
71004
56055
25654
15623
147
81086
6716
16401
74217
55376
15750
7655
76732
19443
75190
81976
41367
49303
76874
20162
66833
30836
68441
19890
55211
45985
44568
62280
41457
716
38627
61584
44889
79494
53891
40573
81078
59757
87152
8018
58502
66563
47109
1828
84705
38998
49260
80136
27950
46640
73709
1689
86938
64806
28885
77573
25520
28095
48970
5895
27143
47273
65271
54113
44661
70001
82953
15059
32415
66464
21957
20907
88289
20671
14
74494
26263
54093
31455
59025
41797
11436
65830
37915
67309
43182
6271
34985
9336
26893
8711
15823
46953
8050
23045
39840
30241
13983
60107
57295
23007
9724
70559
12966
13174
12874
46719
42648
6145
77131
24924
81896
38355
14245
67211
30579
21708
83961
22568
20830
42866
51400
28883
82345
35549
85221
493
33336
23558
86024
4812
78237
13982
61901
44080
22940
50239
76233
59997
48720
34650
89
2468
61968
17729
75941
7445
70290
6531
7733
88317
12252
83767
24705
31643
65066
82338
69070
26770
467
63658
66365
2747
7916
7362
36363
29343
68082
41905
58072
65420
43249
78431
51281
52462
21836
41979
37837
42304
710
23
40247
24869
58736
86734
3004
4274
26641
31431
17787
33012
72669
62613
84861
64953
30210
64839
46437
78861
78610
43571
46834
66352
18769
4315
9403
1668
19777
35605
60699
21804
37621
29274
83649
52023
36560
23729
58692
73045
49912
85415
5849
45007
78863
59336
62363
24973
34266
57385
62170
20922
41997
10990
79761
42856
3677
7588
35059
73665
31885
22779
81144
20851
34329
46303
9835
52978
18224
24371
41350
24817
76519
45706
46349
62021
84908
11449
65968
21658
45409
37314
77056
58163
42618
16680
87246
63823
45456
80383
13285
23504
50242
62279
35682
24242
86541
82312
11649
13518
59356
13911
67064
12109
47570
10236
71958
12745
37623
63397
12187
2693
64111
17494
3040
76235
89455
18327
10926
88896
52099
82790
65934
26924
82782
87282
77359
43370
86451
27477
58059
27951
42005
34670
51114
72847
8582
1686
46023
77222
29103
71310
53653
60099
71911
9463
19959
88971
4786
63526
75743
33710
1894
46862
26598
29312
42999
4622
42869
27404
82760
479
1633
11948
22027
48120
80100
1642
24042
40358
7627
85717
28814
30008
77592
32141
41454
30245
78841
21284
43303
47582
24734
81890
7286
11462
44221
78286
15611
26469
42315
54728
84478
70602
39909
87361
64132
34321
20648
44789
60458
7446
83787
56920
75177
77250
32416
60681
30913
71171
84265
71918
76586
88340
29611
39689
36753
69462
7059
65068
86948
50897
88131
29862
31361
78954
78224
11633
19163
10495
35886
33246
11639
27255
87806
76813
39948
55900
25785
47092
3932
26239
36084
88482
1648
31172
48508
88862
76736
4552
8627
46929
87839
24089
11189
71376
23778
80168
5634
51382
18622
57494
13527
41921
46368
77684
14276
59309
70539
216
24607
84562
44573
48322
46014
60358
42936
9209
5247
55890
77759
18187
85820
64110
80540
183
32549
10365
86403
1613
23665
54216
14918
56409
57871
2108
34865
22822
13263
14771
61222
80212
75578
26949
37395
12522
58997
25141
55885
86340
66218
38896
82484
81571
15899
68019
48022
10093
35968
21624
85719
7084
42588
31308
38125
31460
36879
38425
50544
24682
44167
89670
25390
63938
70082
60464
87512
25825
74264
71563
88324
17825
7629
70669
60402
65485
45812
36420
74234
37896
29208
44597
75072
21207
86352
56048
26915
43698
29175
63098
36123
9667
65826
49085
29422
58782
11812
36844
29130
27146
2072
7602
52162
62464
77446
13656
6826
67115
25185
21231
48823
26236
47760
73993
18195
55928
26896
89152
71706
43431
66228
592
30990
5978
64851
33939
75795
71726
49277
61372
28171
66928
37468
75652
42504
44426
11952
83098
42586
20772
6356
68475
76204
45865
61197
7331
47268
50782
1907
24824
14646
69508
9973
35951
60870
16200
59114
76360
52559
58989
85497
67969
36145
24533
84228
63794
3252
33976
68476
40104
37433
2471
62629
67949
42281
28572
88314
21012
61323
68986
69796
60383
3554
794
28108
19832
39477
60937
74518
31663
38169
53932
75721
12642
69786
69513
39453
37372
21620
78843
78190
43900
47282
51135
84805
19319
53727
71698
44808
45938
24445
81328
3613
1262
67368
62503
29361
815
60092
69492
7354
5570
53968
82165
70514
72484
64825
483
45224
31111
68010
50890
32969
41747
46670
82516
11794
55267
77712
18235
60639
6488
35133
56598
30529
60835
20127
43300
15734
28082
57321
24860
44852
36823
385
8264
13103
34737
33248
61058
6048
8904
68507
60523
41877
75551
87117
33695
87262
62213
46468
53241
73661
61611
64444
17429
83904
76369
17068
84922
14522
47397
50385
1032
6868
2035
13052
9990
27640
68712
30438
2679
87186
40513
78599
83989
86725
22976
12034
16226
21027
53832
74578
31350
19230
46185
38625
52456
66035
74877
67100
1529
42472
18916
5564
40348
36139
37687
9017
70691
53171
43598
72075
39804
67342
38586
72569
39044
16300
88043
41650
83693
13590
79568
29020
23368
67348
49304
19713
77147
26856
47157
68504
88257
62349
67121
82612
10906
53287
31917
17216
30482
69815
19865
13065
78742
46427
68017
49890
34580
34167
67144
50155
59524
43093
86495
89268
80514
3529
81366
47753
28938
72724
43347
21229
56001
83309
22543
47578
69173
43632
8315
54978
83004
42406
55974
54798
6545
33014
77427
52618
4117
17593
38719
6405
88821
7997
3784
86008
84156
80019
87281
86838
68097
17304
7115
43494
27331
30348
32280
72093
17993
34188
10298
38259
33163
41970
6500
54196
79116
80350
41625
66640
51093
12988
14628
47506
65735
88774
44828
7908
64812
44670
70819
29793
33468
32120
86766
59678
51529
68191
35555
38345
64424
76559
83643
8757
18132
70839
56116
33857
20392
42531
78677
6068
83152
20307
76771
16049
5603
29186
5545
54312
1685
18807
56437
61778
73568
29315
23259
12404
8688
22893
51309
11070
44637
57813
24175
84969
84712
51038
41760
31509
29029
76830
69918
12986
50285
18693
4522
4355
80933
77272
41344
41956
22906
13552
60217
81777
71172
38732
63604
65150
25388
47423
72382
22667
18120
7169
85232
42430
5956
38504
7282
52935
11114
27453
81752
89504
48474
27731
53980
5915
63654
75675
51424
80737
64572
22870
60767
59161
25341
69649
42679
9826
55824
18775
62793
73342
3758
76137
89831
22087
389
55164
75300
43483
30054
22118
79048
8213
63287
63399
944
69567
711
44599
16692
22139
3024
39842
12215
79517
35478
22918
62950
63205
355
38706
45526
14264
1720
63071
25003
17969
54047
80698
51806
791
87310
37488
71100
21188
72778
70432
71858
47057
68373
8226
70593
79170
72867
61205
69694
12080
62144
4069
1681
3135
21354
41754
413
81687
4197
67026
68896
10867
79058
70586
32022
81474
73809
32899
40272
59434
60469
30341
41473
51841
35144
83990
81014
87720
42848
51117
53738
53895
10887
61457
77362
31501
6129
11045
81823
61061
87896
51109
51059
67062
76977
72206
39129
31974
74045
60230
20381
27358
29625
63719
59632
25931
51613
3443
87116
75357
10058
19478
71814
86438
2966
30382
37948
56928
42382
83526
30442
51571
85630
68319
35575
78159
48281
14183
29500
199
12723
2174
42721
21657
41726
57012
88023
44144
52810
69379
38983
10334
19562
9464
14481
12015
33253
45110
85544
37
13835
48766
22205
3051
35834
76013
53607
3326
62871
70546
22332
69702
9440
36246
14973
24458
78920
58531
25292
60400
82751
59314
10391
61010
8978
65694
6900
64191
72071
78917
46078
8110
41914
25121
84777
68034
82054
46179
18831
39996
26111
30235
33173
79411
68760
35040
57706
39762
4026
77918
614
55512
19461
19746
13322
18643
69957
85125
37839
33937
28080
33032
12826
43487
80281
36497
86723
49024
68514
61961
11347
89004
34735
47377
76811
25731
85863
41858
49246
25776
29712
50102
52385
12315
79043
77440
76876
6965
82084
81085
45697
80303
5832
75844
55578
724
64467
34378
37358
25791
80928
15787
25779
67965
26629
48798
14731
80615
20282
44563
88895
7145
57693
6948
60816
53779
81670
50247
13513
25067
70456
43673
21460
75376
53216
36079
58318
10370
63480
83199
3142
23239
20040
34721
64057
1506
5139
25805
70029
65342
55747
22538
5783
83498
11317
13260
48262
66534
7527
68588
38846
62128
44052
76828
56620
86999
24541
59252
48413
1085
34750
67273
51171
46685
9346
5252
13543
84459
28995
87888
7484
45306
26546
70850
16782
73690
527
66359
59717
42990
40390
31626
61471
85064
89158
15716
70816
13892
41688
76343
52686
31183
89091
33811
15843
27527
82143
87678
64451
34255
69420
50177
69232
22504
15616
36821
20741
50583
5629
63349
5056
5014
88197
62610
30198
18716
84724
85055
79173
53124
23427
20338
64632
85168
48023
19025
70808
60306
38291
49495
24852
51188
9594
35402
58822
66571
38694
79818
73467
62829
15208
25915
16253
81443
34818
20651
62853
47063
57000
85098
60866
49483
21679
82202
41096
61022
57002
81584
16866
66497
80290
54869
9772
43472
30796
55952
88312
72077
16272
42070
23937
6453
4397
80663
38112
53196
54907
13216
8669
13572
80322
29172
44260
4778
86410
41352
42097
30873
22411
66989
70346
15021
68755
44065
85110
15832
15165
50712
36269
45626
85929
53046
10479
70194
25180
70300
84502
4899
55530
71285
23663
62702
62034
82812
58066
22166
899
52166
5401
87347
29409
3498
63133
46705
5526
30094
56341
63675
53138
39060
24416
84274
2653
63931
25036
12676
54507
9162
70261
2242
24562
16191
89071
16644
8975
33575
73821
27766
68726
67408
61107
78243
9084
32379
22751
29479
72853
88209
80061
74332
15788
56806
83392
21527
32802
43581
88932
35457
81386
42649
75294
52763
83510
67079
50375
73877
51625
33436
64280
35172
4824
55681
18446
73753
80773
38298
36098
89424
52195
1563
30743
43883
14175
11856
26033
70997
64564
19844
54793
13608
62457
28592
18811
87489
76731
39775
38620
21135
39569
20849
32499
75061
854
48193
39007
40120
12560
29248
88559
17870
72554
22498
16145
27023
6878
63640
32830
44386
49761
17241
44129
40156
8929
23549
37897
89054
66954
39063
77454
1394
7896
18193
3936
3756
78394
273
11601
49812
82623
72412
22234
3834
26587
55331
23960
67353
8811
54631
55190
23968
60882
16972
38925
35066
28236
55791
61512
2715
21147
55569
56130
39088
13746
33264
73649
20716
72057
47917
42064
69591
28536
63497
23145
38561
56715
44910
67861
1548
70022
18213
77593
88133
25082
38927
86542
31100
54269
77911
12263
41429
37695
36254
24126
13230
29874
5758
73350
48397
68509
28778
12521
51423
64898
6420
88122
4098
20562
7703
31896
15606
76856
14504
48501
66556
6215
29752
19633
13774
89454
59249
1391
45673
7811
22662
73797
16
19366
23443
32381
37299
28566
52545
86684
49825
35536
33878
12411
79613
29877
45805
36548
73120
84299
73590
49940
3285
22438
85430
3035
29705
49743
50470
75063
2059
33692
35481
81641
73219
29634
25316
79145
51807
75861
46217
21361
43549
43237
9888
61020
72139
81526
71359
22890
81369
42383
83801
79089
3925
31916
82973
14911
1843
75506
66441
20526
29330
23592
78701
65777
59459
62538
27119
57583
28546
87093
9661
53877
30904
43287
2316
41598
32154
87362
21403
69685
8076
84269
48448
75373
62632
15862
40547
14543
28175
12991
54598
2052
38670
72883
60844
30440
21344
60252
54442
84539
21431
83045
70006
53942
28866
77691
47239
2951
33151
24802
48957
66655
80453
37432
35165
59488
50090
48555
31385
50512
74425
66230
40310
55554
45
73598
88480
83701
34772
70541
7269
3709
19717
51017
55636
25129
22892
16875
62000
22999
32176
63447
68723
82094
82687
77259
51597
47030
89496
18510
71912
10110
35986
77609
76049
18140
88888
33974
71396
32472
22552
43150
18089
55015
88953
89265
72172
15597
26852
69317
64427
12628
12515
8466
11470
50250
37933
85628
50773
3821
51904
4493
84829
54045
49633
17900
13929
49606
86718
41103
35283
41863
56865
78571
47647
26861
38539
5628
14298
9460
63630
49584
86371
73004
43412
82052
87632
86443
68865
8911
87422
40460
15798
89322
12023
10547
26138
8681
25540
63291
19112
26172
36000
76554
72330
22066
23054
65845
44238
72405
77159
39429
19438
74535
43468
70900
52075
30512
70616
70325
63319
46829
6903
35322
85423
32457
72536
43193
50880
59498
5231
12287
36474
57030
77105
1958
54705
36807
45837
12617
9891
23510
27954
60902
81002
88880
46245
78049
75991
16954
20865
70360
77186
40612
24696
82122
48737
47459
26203
64269
67636
41043
54553
14902
15668
33054
78082
69664
53197
72577
55838
38218
22206
61155
2942
86167
29420
71990
53242
82785
39408
22492
25439
38287
85846
43628
52872
31820
59809
68722
50672
81949
39950
58720
14222
65010
6471
48872
74331
61139
70978
88069
46029
75763
85427
18223
59258
17672
74003
598
49627
60887
67485
29601
6669
88970
44737
13852
39856
73995
80333
5388
22534
86471
77283
31691
56493
48912
9256
52446
16918
14100
86853
70745
46160
7500
13479
6595
37153
4673
61966
16163
51264
50339
70884
87481
61252
70386
3662
1712
3994
55622
57556
31090
39494
71238
16889
50254
76220
4827
52138
86817
1515
52029
86514
57747
58839
12736
12613
73163
62938
29613
45482
56145
16796
66402
85189
78635
24799
78992
59138
6575
18887
26095
5155
55398
85468
46924
5207
43641
19915
18567
50734
66890
25547
33183
64613
25394
12905
44531
26664
89017
78247
24444
52826
13024
42082
40259
67134
61951
19563
19071
15244
29474
66085
43687
9479
79838
55364
12224
51079
11679
4120
70782
11715
7195
28638
26608
30368
34533
46785
70019
63953
88756
4414
31295
12258
87770
34166
76943
57130
20693
8872
41156
35025
84061
19529
35197
74508
87761
43023
7645
51159
5039
28273
40541
24962
82282
58454
9471
49088
38139
36924
64068
11557
76088
28558
65520
16635
4906
62258
44953
47685
30026
65851
43812
40297
49420
80122
961
81430
46619
30613
41273
24589
82278
49956
32011
19146
8842
39733
78681
6829
64876
31389
62357
70628
29243
29235
37035
69793
8049
31158
41009
71573
18934
4840
27192
75764
38848
20502
15457
14228
86295
10908
60262
21509
65925
45317
70414
6233
56416
15762
17604
14689
69198
76001
62554
40493
23284
46260
73178
17770
78445
69882
58407
82584
25769
87637
71129
6202
54142
79315
58123
11136
73659
49599
41963
60691
74602
28947
74960
46693
11275
53829
2982
14819
88944
84334
78781
71258
75944
34251
20807
70787
57252
46139
68007
59399
46505
21990
6897
88427
29936
56779
10876
5299
52840
36748
81837
49018
32408
2983
38521
7551
73130
54621
67070
1915
50679
55721
22484
75813
51867
53950
50795
4936
26265
13882
34448
55589
60785
24183
35116
13027
18088
61685
181
44775
34342
13086
40306
29685
19047
45418
50769
5005
24424
70955
38239
87822
59076
2057
23836
55180
89636
35192
46479
54097
51169
15159
36665
8438
50310
22213
8838
26685
64968
13614
49609
28604
76489
68109
7872
29121
38498
14162
51008
53937
19341
51881
61740
40088
87767
32283
72991
81847
72780
35487
67864
56279
51189
56434
81556
72353
49003
23573
86384
31436
60674
11837
67584
4525
88076
83851
56350
71401
16244
78267
36648
51721
60088
40959
42308
52520
44079
545
5625
63603
49861
88544
86257
32276
86536
10848
13324
15101
65494
25741
19912
85052
63352
86849
71383
76284
86202
87994
50272
19545
59595
12797
82629
16528
45562
2564
19931
44056
25901
44728
35562
1905
17475
10752
89889
24792
35431
31190
81311
48758
46626
29076
49257
69448
4805
39064
1348
76414
39236
13752
46567
35359
71805
56338
6077
57134
24632
63440
47782
62894
8489
89872
16445
83743
89498
45119
80998
83329
5076
3186
34963
17470
34227
34620
12003
25957
50665
66244
3077
4791
61671
46246
64247
82002
63267
59058
47990
18351
84746
62169
43208
34325
23579
37917
7877
53971
84027
21574
2251
27823
65511
74760
62441
55254
86638
39968
60962
40091
12604
30124
75044
13544
69750
14637
84517
28934
11117
15752
54609
50832
3384
26357
56720
27556
77385
43373
3635
71176
18208
48571
18321
18798
68014
19014
84104
22907
84042
3027
74237
26415
76842
25370
82928
13908
62501
2063
45268
68490
84652
14529
12724
38419
54215
49488
87537
23532
49346
13694
70505
37560
63325
66261
85529
22838
34028
17306
83583
82354
49678
56448
3241
18315
72413
822
68204
65370
41561
72927
58729
11227
60063
32436
75272
16969
37868
81331
60192
29880
20107
12795
39401
27423
59758
43816
73484
54723
82836
25308
37923
29258
1086
62024
9452
16417
38721
53597
39096
62094
45401
33509
69501
89685
69842
11789
88022
57282
51073
55431
60591
5953
1264
4586
22797
30146
61319
32548
39126
76476
89624
53924
22595
53195
46268
84748
50318
66894
65905
8557
23062
37064
35552
57652
85177
36803
18077
40165
40187
60579
17950
11662
23831
53903
20379
73892
1521
5391
14122
47367
82802
83879
38394
38198
81504
76708
54410
26222
6096
76913
80208
45990
37928
63777
35080
32583
64523
6372
86957
38388
85219
53948
83326
29392
50400
84422
8118
27015
20119
73492
55531
69194
85323
43327
9877
75254
81044
89867
26065
55790
25134
89443
82374
38008
18590
24714
3001
76625
55225
14669
6139
29247
6912
83206
325
58617
86019
29494
49456
32670
26452
27347
53019
83434
52942
77956
42891
79951
52481
84170
89481
23620
65985
60204
15705
65169
63766
62161
67364
89153
51518
74367
57794
71526
68108
9264
36403
20187
46204
51263
47356
4737
17811
44143
83343
71324
82352
71026
70152
81281
34278
44051
40470
28911
75513
7866
51566
15030
51155
44642
1433
46893
20374
41781
39447
78583
13421
1026
61439
68752
42923
47598
84631
55745
39016
25679
49631
33737
41067
85203
12417
62087
35657
38118
8327
87218
68126
22418
50229
29309
8306
6469
14783
37725
27626
88639
24276
30706
71515
73373
60815
15545
11993
24389
57362
87385
50984
4099
76472
26876
81513
55394
76081
4922
43709
79667
69555
16521
43387
38571
60798
27516
39824
26533
19015
71149
4781
9980
76424
37159
18039
31828
54367
51939
84593
85365
67626
72325
60920
41687
40450
88901
89019
77847
29141
25343
13906
89770
3225
65604
58092
85549
70798
78779
54035
67415
85558
64029
1895
63691
85509
89983
10033
37550
78077
17491
28218
86563
7192
23748
7120
31016
6117
86336
59561
47763
13689
4235
37543
87151
18002
69770
8825
49664
21122
87426
42160
3743
83654
10648
57828
24964
13583
84347
12180
4372
50349
10127
84930
32995
55724
74356
19254
55730
89691
3835
72209
7617
60869
49480
87950
73166
52460
33085
1164
84136
68625
39231
43506
77732
55122
25047
89332
22922
86715
40927
87610
77496
29511
45420
89593
3566
32420
30220
21698
75389
67744
78268
28230
29595
14174
67543
24179
47619
48981
38874
10930
75842
81043
2224
16608
51808
49638
26471
65891
36095
24701
69134
5768
11800
81406
17246
31189
18694
56536
65425
65803
72360
40111
71254
86926
65000
39873
37296
79795
80814
59943
57146
31484
16121
39374
63392
27552
55590
80023
21844
23236
71847
44477
84944
808
2647
27645
75458
62388
25963
43554
13812
218
22503
4338
22873
80567
46926
86897
81522
12279
27781
64474
17053
435
88789
76139
13337
30412
88981
42252
86554
18272
75484
42692
84906
24587
32227
87146
53899
52996
34257
6727
3026
83749
48153
52820
33622
84084
15338
29509
60593
85772
53316
83250
21891
62068
43012
29773
69679
17042
33984
9706
88538
39518
86621
63839
38737
27648
22984
9363
43860
77191
57559
18691
6135
71749
174
35388
72164
13786
27080
39716
31902
74844
81862
4077
83987
1986
63188
55719
86210
88021
12876
88339
50431
16290
20091
53267
3020
17479
14549
70640
84120
86232
65724
57859
65526
81931
70930
34351
56889
41119
61902
44788
67805
59774
64342
64320
48194
73594
34465
70912
79798
42154
43586
9376
58304
70897
74155
88137
11919
79232
71104
64316
47587
74902
30374
42601
58764
60563
22360
2179
72283
71123
26375
23436
81803
67165
13993
19135
34511
62768
41126
41319
40901
64743
19184
19665
8828
13313
26615
81593
84822
59190
7927
85380
84387
4216
29030
17778
667
60353
37409
57267
19681
86780
75318
7439
11872
53454
64123
86342
48692
80331
68434
7029
30739
10180
89736
71046
19672
18475
68203
70039
7929
17724
62053
53975
42978
80568
40542
21291
85725
39874
70834
56364
46711
21288
61831
42770
76393
30640
12919
30443
32465
36829
43869
54823
42125
38933
18344
59821
26534
36582
59636
19451
88040
56287
52496
80033
36453
6218
73799
34047
73155
19949
17776
33723
56863
56614
31747
7443
24617
42137
20008
21412
21663
26248
13213
9671
70795
42439
64935
7069
84496
68838
20491
78484
45879
35540
30937
71348
50125
41498
6871
62448
32788
45289
70161
4246
31610
25497
20156
42645
76019
33985
16080
5949
72906
56150
9202
16240
71599
38221
38144
14395
18288
57041
8042
55456
50722
13820
56125
61702
39461
45422
74206
78616
43221
58060
36263
86398
48328
3859
55924
19677
72678
86750
77641
31575
22708
45013
59563
3815
70013
78723
31028
76050
62368
87501
54658
46335
39376
89291
36364
49273
55073
18573
20896
45660
73128
85208
13948
31857
33547
78662
85660
30076
10668
68099
46251
56986
82572
20872
25444
19490
30847
62595
82403
21942
17193
66103
14792
81327
14317
19850
3336
49174
1541
35599
50713
54789
45156
82147
29070
17618
65171
3461
33322
73474
86566
19990
46973
73814
75957
32235
53566
84859
35214
46225
21149
48296
45417
41778
11020
21693
61780
35588
44938
87324
9631
62688
58473
19092
44183
88410
19689
3266
26772
20687
20852
50412
73067
28996
36568
57821
87712
23546
21348
36037
84451
4764
49336
2469
74491
73379
27536
44432
10687
7998
55696
56506
24857
13713
64059
8522
18660
742
64776
30761
81083
75649
87333
85224
23776
10544
5493
29982
16229
3558
67693
37664
84790
13371
35060
87572
52624
29092
29303
55596
19073
47148
36174
34283
75087
53853
48955
82938
74817
67468
10450
34398
88341
32817
52207
61988
15001
17966
40342
440
65116
34530
16685
57325
76359
63237
64064
62420
67893
49231
45795
38851
40145
42560
61922
49729
489
40792
55733
43198
10344
204
19336
36164
20276
33460
78047
84931
44572
48144
62217
65299
61722
20700
86101
43068
48344
71994
26872
4767
83221
25661
71776
1170
51504
29621
32859
82274
57275
74807
64532
58284
65684
14297
47064
38117
5503
83952
46188
32169
19285
2628
64569
81218
28121
55
51712
79710
82597
73964
31205
28130
8652
50705
16500
77354
29833
87009
42569
56046
61736
31887
36409
11599
30194
11110
66659
51630
53413
72334
77004
8560
8848
61147
68568
7026
9653
89648
31676
3454
30436
53303
36955
74355
34250
48539
41833
22092
55198
63764
17049
28813
77111
56045
78647
24132
18980
15565
64512
79440
82355
29244
46990
27854
57896
89574
42519
87606
34759
82393
84342
43441
30391
85733
78353
34368
46462
53240
45132
45348
33327
86088
41670
47569
59181
17070
81344
45406
13643
52445
60149
65987
14445
26781
24081
30661
34844
63073
16556
78166
39927
17814
17485
60875
57732
4595
72583
28600
58683
85478
57096
13707
35689
38134
5403
42457
27844
63206
16042
58583
11736
36381
3684
56207
80797
69579
65046
24443
14432
80961
11968
68273
39838
81661
89438
44181
71231
38691
13516
32942
85793
42833
46418
54079
75129
19458
20213
30481
42433
70684
67010
44239
62826
3440
8259
45143
87779
24244
54082
80930
60485
44820
2801
60525
41719
51278
51667
20709
23220
148
13748
25205
12262
52848
22518
74882
53025
5653
77267
70916
53719
77567
14641
7130
28532
33492
2901
60688
2310
79064
58653
64643
75645
18172
65091
36656
4188
16980
59414
56159
11424
34615
58727
3299
24007
40846
11193
23040
30980
4063
62036
56527
48252
24565
51011
50905
1340
22746
18483
32705
51668
85692
10573
13362
71770
52045
40333
85138
4945
51977
8657
63535
52695
40829
54304
54796
52177
18824
82526
24552
76651
30525
41318
26147
42254
79860
75032
64299
34776
35618
52331
80339
66336
43147
2570
63436
49997
3658
67758
45493
22107
87039
13711
74524
19143
16443
64958
57424
78329
46502
88591
26686
63084
36216
70904
44977
71378
61124
5593
39032
85577
70872
34821
45039
64861
33820
31294
60080
15130
52522
29513
75792
13604
57247
19359
25650
18868
19555
51161
43079
33305
45696
46474
5164
32939
88497
89625
86979
16375
15346
20557
10719
64080
17172
69035
16862
42198
2221
9347
39987
31813
34644
74109
3727
77416
30454
78399
38187
38651
46905
87181
57191
9811
22310
60552
63984
67021
62751
50390
37259
1185
43454
20946
70337
48349
11965
60539
6953
54332
55215
10563
19042
4502
87428
82920
56754
56413
12685
276
74753
56670
62286
462
39905
78178
412
65389
32801
80815
88036
25941
33137
78844
173
21673
39099
70061
24333
9744
7486
38326
84377
67302
59611
20390
85690
65274
71499
72719
77211
67915
59207
20168
11635
30576
31514
41176
26008
82093
1588
8401
77506
16246
54235
80966
50904
80255
22394
55782
26730
66584
36045
40619
24077
8595
76989
52061
71229
37019
34332
41834
29485
75872
10571
10102
24875
21389
55899
8501
22159
86513
53509
13541
55067
47120
66254
5888
41179
84497
81604
29701
17317
8622
61720
13805
89369
57095
47774
37935
70988
87005
31908
13547
35249
83529
11500
53682
74991
67857
71880
78440
806
67701
48019
16155
49027
20053
28847
71866
3881
61043
44103
29822
30710
77041
34087
82788
48189
53573
87686
83716
56658
75422
56904
81706
29679
57393
43693
71052
55561
25599
78555
511
15855
5845
48402
62338
81529
70984
41698
84215
22499
33367
36385
74723
4130
25815
37305
58701
68611
24348
19642
66504
55039
9190
25056
41800
89643
31058
75191
87914
58004
40936
51627
55524
33742
45320
52818
16261
50603
24611
65321
5163
13939
34341
57570
20892
14488
87150
18021
86613
53598
74692
15357
41621
81559
25591
46172
64
21455
75378
2134
53439
64810
60350
79954
59346
80829
7227
21507
19928
1293
8930
14824
71942
32926
25886
20268
47793
69380
33064
88228
3846
86045
6658
30088
72723
76626
60294
89077
2949
61695
53614
49686
71633
4574
33433
65979
89364
44673
15297
3847
40760
27599
20660
79274
57413
5942
58285
74855
38733
59288
70287
77109
86834
65516
57378
25571
54738
30610
36979
13107
87059
6923
6990
38
15730
37777
67895
48437
50882
20512
10324
7462
74118
37476
37253
60425
26956
81506
64478
14573
9804
82695
17788
67173
56468
9795
5518
68208
65817
23359
46497
5378
79143
59424
38111
21091
62221
62097
83153
15335
18963
82343
33703
19837
67665
72735
32046
29865
62438
75590
88852
16234
84953
40989
48460
17340
49972
44234
37945
61787
20855
28578
71888
89866
62802
36155
69330
78817
29017
6444
88142
56225
68795
51018
28721
55817
87307
4172
74975
88
50134
54392
67372
59721
55249
89104
19961
44777
17577
60371
63894
609
66437
24277
56639
28958
22323
84192
47436
85789
26684
66109
11314
13889
82900
52905
12717
25877
60443
21253
39812
80936
21471
15783
64432
58737
69804
61040
65177
55359
79571
24693
77209
61558
26337
34975
75164
83435
49683
41608
81062
55695
83266
34604
28893
71073
44078
84270
55296
84320
81029
19935
52264
20575
45501
48557
40031
12116
52327
70026
69974
48883
73920
53518
61773
27872
66182
70627
56747
24093
84947
62516
52938
25634
69850
14186
83625
48412
67594
85032
45519
41351
45517
74915
58125
84671
48141
19286
39292
78884
5724
63345
21907
72503
47062
85905
48289
47790
27469
3376
18270
62635
4327
84421
28509
33631
55690
24672
28496
80103
27392
34671
37471
15890
61446
60297
7392
75920
35267
30478
34324
58580
82290
1838
23770
32741
15997
33237
65574
60507
78630
53583
10053
22191
43017
40416
50118
62056
17451
33980
15071
46684
584
47073
73841
63488
22819
49075
53760
69201
71508
38470
52851
64820
28401
81041
25166
57597
45303
63305
40865
81789
18621
44981
33226
41075
57038
13962
45557
70764
43238
54986
48051
75271
52161
18906
2624
75509
33295
5597
23017
88915
54512
39392
59412
79925
56360
47426
22775
18601
81185
3644
40326
3140
50424
81155
28564
7835
6062
58186
7770
74135
62775
86879
66317
75686
51386
60395
85149
20031
46258
21970
20253
16088
8188
15221
89971
69650
89796
4826
86240
15512
41601
4902
14781
28985
10641
32470
61019
47406
24482
32190
81197
13537
28418
40397
67676
6315
62063
66516
9527
58441
72901
74199
19854
55356
22021
22566
19312
13560
35890
26857
46530
83476
35291
53792
23992
58949
31752
78100
38126
11099
78851
2186
65218
30526
37391
14128
76134
17662
3479
79604
84165
12983
69000
30294
75446
75650
61351
49046
57974
18924
6430
44042
58387
87744
80625
3928
1923
50343
5695
25182
53751
23671
71853
55240
57005
85336
24794
15699
5821
3488
44924
3228
52178
68827
84070
25086
22849
34053
42629
22614
55207
3736
16754
7793
5212
5524
63889
54991
67428
85343
24820
14920
9913
69186
33300
48149
7162
82647
54411
76365
17924
58826
80283
52501
76725
33358
64409
26181
44184
72761
21986
1079
77110
23123
33233
84894
81207
64644
63284
65035
48071
51259
45957
37602
27291
27437
29847
42109
8211
56335
47778
7555
65946
78055
58422
79429
82397
67515
88942
50363
13420
32910
63107
37445
41257
26545
32765
27586
3226
38955
89632
54944
4718
30519
25171
4036
69799
69572
12945
46416
79122
31526
68840
3045
37025
45668
26644
54635
21556
35263
15238
77482
23941
13829
69818
76558
77896
4073
7147
63834
61735
67840
54289
70434
83673
73288
2781
58830
54311
65160
83298
78947
6081
50061
9402
32827
76254
3312
61132
10474
28819
8504
47075
84545
80680
45428
66865
41172
5030
4410
22734
76012
29363
7137
3143
46917
38990
79049
45325
47105
77857
46694
24692
25737
29096
36921
7846
75155
16506
23609
4893
66031
80326
16205
62133
50784
15574
22318
58998
13528
45277
39797
70936
58265
12360
46746
70634
32357
81209
34940
48156
7917
68688
78725
40400
79127
36303
2077
76970
49404
4428
85495
62342
11471
22217
5454
38595
32121
89560
78096
1743
31131
17941
39093
23442
45835
49356
39059
18407
77591
55568
44345
11940
34723
10538
2172
58979
1760
80708
88222
4272
64302
70701
80839
41612
42557
24958
67976
78849
30207
72292
69909
62177
56685
52968
32599
74354
80807
86564
12032
79258
76366
23996
11857
25577
24478
17558
41512
53934
35231
89519
36940
44639
24885
7751
57538
84147
25462
81135
58135
76091
53579
49643
8380
60868
50244
36795
1131
35735
70114
16057
70695
16915
13796
80607
33301
54751
14119
83289
77409
18813
63149
33580
4418
54302
33779
88902
36237
3636
28629
68244
66139
67475
25919
7379
8506
42713
70246
38752
66044
89515
55119
1809
9833
76536
48456
75317
16513
64993
54843
80809
26816
68576
63126
79767
51907
20219
75256
26529
38374
10145
43703
12584
34157
78862
19945
41847
51694
30908
44416
57788
45018
31506
17220
21609
18225
3324
22981
76975
1106
59982
83720
72308
58028
44104
29126
31166
53930
65470
59331
78291
52126
32417
76546
69568
81619
68911
87969
12169
26967
69531
70726
89320
40698
71236
26556
9343
75712
85442
42045
83542
83998
65072
69398
51930
49447
47957
56707
76691
37655
22625
5094
67120
79733
66316
32004
57159
88051
51118
7552
38335
88508
4320
89201
89951
41088
64207
73388
71221
30890
17090
17826
64737
51204
89615
82042
3199
60456
46334
20074
30864
67057
85092
39619
11223
75289
27524
49887
2680
37309
82688
73214
30222
58993
831
759
85898
33125
37624
12854
44615
15318
85204
21311
48045
65196
32968
20710
7575
17767
56369
49757
41541
17137
47754
60805
5433
28756
27753
48505
17638
78886
86391
15504
80849
87685
9028
19062
24518
37754
5377
40044
46995
90000
61120
40589
43623
27394
80187
61649
53850
85222
34826
63897
18602
86603
59855
14667
34606
9128
23866
58614
38154
18896
59059
23353
77636
37112
35184
33262
11995
8460
26071
33181
13651
21822
5757
30474
87015
72798
4103
55897
76894
73289
64669
25369
36211
49001
12842
61642
28412
87329
16498
8658
23984
85538
49205
3357
46292
44085
87269
29863
40422
16429
69723
41015
87034
59975
84962
14199
74820
33407
76582
88378
41137
24525
63590
71503
33438
1853
51657
77654
24336
89562
25137
65572
33448
45385
49781
19782
76921
83160
4398
53538
67588
15851
61435
35138
40249
32482
37527
21172
55633
36388
4572
77727
50149
63285
14180
43061
6125
53578
71791
3875
1726
75236
43986
34002
6439
52652
50909
76364
51801
24652
44890
34401
78561
34023
50692
73900
42634
32158
79567
33840
69163
79916
79261
46305
78596
70489
80836
74582
77168
55350
37756
26367
86112
9203
19556
73910
17907
16485
36043
68934
66238
22694
13640
29917
25139
77468
3776
68286
58455
63545
27990
53974
73032
8251
65611
47313
59948
40538
8783
74399
48693
3777
33288
29743
27454
41264
30752
296
28091
53289
61382
34503
72958
83116
26493
2122
63460
66820
77128
81932
38278
75407
28754
10654
56133
58430
36062
7006
89541
28507
48306
64888
65548
83790
20770
82983
63631
2130
16636
53182
20034
80694
35448
64714
68150
39105
40170
4719
81943
58115
31567
30655
45037
66683
1470
74263
75132
18457
65627
10169
34636
26954
11989
81585
34630
5759
64313
41578
79786
31664
30766
2042
4153
1704
55326
86872
67116
11845
66462
88979
62058
85751
1441
28637
88031
48139
57464
47610
7881
1701
14347
58496
66628
7568
6926
14798
51168
42196
4750
43939
76604
72944
23910
52151
54821
82115
6813
14525
15815
26398
49787
55407
20799
55486
56247
73087
44984
17564
63247
19719
37685
79539
32837
72690
56450
35796
10467
27301
21817
7641
868
82999
86894
43567
75859
64367
6408
1176
47742
51850
40133
30789
57683
81241
54758
59621
21784
56453
23647
5704
55960
56782
51209
62841
60950
58425
73125
44560
5103
86440
45144
82112
72383
30177
55676
88674
3585
44948
54251
7707
59420
74719
50492
34773
13466
45764
46009
73215
71350
1500
52051
69978
19608
1341
12796
45752
11535
4041
36510
52485
51313
21104
2338
63034
70693
20891
35614
69101
3738
38736
37052
19409
39187
83359
54316
25906
59901
50304
41420
16432
20899
3162
82722
16571
3262
50323
43678
51647
60629
8341
52909
18834
82474
44470
56110
32446
76446
3041
29545
47108
41673
43225
38245
5246
47614
44358
48677
68540
70233
60753
79285
66783
36294
25267
52859
33892
83340
27407
44076
64099
35658
9687
79820
52783
18005
64889
83557
309
66071
38887
49144
39462
22286
22361
83348
80974
31672
1467
43537
42847
53375
12184
76124
66041
81056
75618
60479
81678
1314
23603
77010
32956
61932
62054
7895
4344
58698
43584
82340
26458
54133
74884
36682
3775
26630
62414
74325
64531
85285
8172
20826
61979
54941
37053
76484
87531
72674
68165
72679
43292
11905
27718
61433
27595
80422
80894
65451
57775
10506
48516
32603
17713
8629
9232
19546
72730
22882
38606
58671
88676
87805
27372
25492
67942
84253
72513
3308
36593
46638
46737
31
23315
3429
50183
61255
15437
88240
26365
88414
20797
23808
84029
76184
51254
51396
51035
79856
55196
57638
69282
34055
52845
77064
4638
34964
11945
75157
52798
14592
86469
6969
37212
54648
49973
58781
32236
3979
89520
83944
34022
20932
2268
19390
75311
40860
25912
38707
55850
18637
40076
19950
88663
9458
3316
73974
10119
76652
86307
14460
40590
78969
58016
9656
84295
20948
62146
24138
77816
40870
88461
13068
64307
89373
14496
72639
23162
17150
38789
17666
75703
42800
30995
16341
69028
43555
176
423
89177
37040
72981
60415
20071
34811
71047
48057
22192
64289
17355
81149
50516
74036
67865
54080
80515
71119
41633
5839
14627
62226
669
85460
7685
80078
34109
77583
15847
30176
11815
48105
7992
66146
6446
67024
38978
30927
696
56674
85613
85144
77951
441
77671
22050
32629
65242
44519
16962
85340
21840
14709
16071
35730
26006
68888
43848
16106
28051
54
62776
73998
54651
81581
59361
34286
75127
16093
14431
20808
65152
43131
69491
50951
52272
9639
67967
22482
67972
79839
80079
87387
87348
51444
17162
3587
48938
32140
7366
14788
38142
24596
27051
31943
87393
17436
89679
34857
13894
25839
32061
2244
70791
75070
7096
24549
32742
33865
72163
32352
45620
25532
87640
80965
64486
60046
5952
35818
54220
21241
19561
7027
36183
29859
65515
54138
41470
51183
58673
21878
8344
48796
17245
34070
19716
72605
10118
81563
75456
67223
17112
10639
26582
33213
68740
66063
35177
32196
59674
707
46486
79260
57469
19103
18393
21360
13277
86075
47531
15486
52954
24497
70269
31085
30949
14672
44965
4982
52837
85814
34272
59285
64270
19238
63586
87011
65364
67345
71128
43594
48502
53380
51631
89939
8007
10777
75581
6075
10913
36060
71471
22634
32489
70049
41596
51146
81871
28157
31063
28151
14414
61847
1430
38946
75316
930
43230
22037
32818
76356
25565
85330
53263
10972
2662
75395
83177
11791
84747
81362
8272
52139
32367
25538
53370
60347
85681
50164
82300
59146
19044
44306
78778
48049
1309
15470
85999
27674
72848
74670
7918
67163
16289
21301
26324
21243
20027
47375
57055
19979
66639
66901
88162
67964
86390
87338
71407
6527
62510
79485
86627
78916
50111
18189
62316
18245
44763
70910
49558
33328
8246
55553
57822
83569
33098
83771
37158
60926
84460
39023
20019
54661
4983
50284
31251
70335
5869
78853
19751
49860
64526
28873
58377
1318
81961
67413
124
37023
16693
14630
22668
82351
51318
40976
76269
72892
44007
42969
44511
43196
52758
50592
31336
4450
24873
16128
55594
30531
40169
71665
7046
30775
52915
6880
87456
85859
40222
17683
1754
71678
41059
80885
29241
37603
36368
38828
39031
55244
48674
45774
68882
48658
70776
41661
80674
50654
68500
54285
39440
20243
42487
24468
43930
27118
62347
68386
82554
32202
76132
12804
47851
70562
33759
10961
65793
75328
17465
1973
64053
38128
49835
87212
16072
38501
47326
82131
82863
59872
46224
2566
23639
21302
5031
3180
84921
7159
57578
34561
78419
49856
88928
67625
19296
4567
80721
87337
55950
76556
34848
82444
60734
31206
3691
80232
37061
28424
54499
41761
4662
26738
82642
86007
70855
85448
57956
18354
19905
51677
10163
78772
44361
27834
50581
12016
69333
40643
74594
715
74324
36782
74523
82644
78964
83114
49724
65221
31074
67061
57536
79488
42728
75298
22610
16441
61441
8429
37182
11648
52128
48854
22105
20274
28876
17585
34452
37423
31921
43588
52418
44128
15801
45574
55587
23152
76026
59689
63335
65577
24690
82233
14947
79180
21173
86154
48953
4097
85451
24429
6450
53688
10189
6357
67445
26002
15686
88606
26658
24861
17298
55626
80258
58817
18361
46745
40386
14193
13072
56846
39165
18449
64985
48302
25236
53155
50373
62098
33897
73459
42877
59690
78219
58389
39749
77210
70738
22216
61818
17830
70243
18206
47911
66375
50327
18897
13344
57651
75892
40971
11103
9395
55020
41297
34708
8568
42482
69203
65559
88517
65372
78581
15936
10593
59733
86971
71079
71844
51534
81870
17205
52253
67576
63106
56916
14842
13036
86883
34353
85454
16377
49378
28443
74843
69828
36615
8190
39095
48648
84251
47722
54804
52189
62603
49272
65679
40841
46880
64454
9597
60450
7451
985
14313
60361
32809
88156
68533
24268
41042
53238
43144
15575
54610
7473
66708
9469
18740
83007
9958
26143
30798
39269
39366
82277
40534
19467
17170
25237
46473
13650
42019
40208
25130
64295
51402
44911
26380
64350
659
57225
89277
69341
47903
67461
41395
63085
77728
34339
23340
87416
59515
43163
51795
79037
59899
75503
36822
37472
66191
22157
14209
72008
39826
79797
84112
44022
10674
58100
60895
62859
3879
73862
16073
79360
19663
69256
31297
50932
67407
51644
49503
27025
37739
8092
15135
57224
45281
36253
62180
56381
40718
62244
57422
78941
9926
5213
85056
62962
3597
44119
22181
70044
86530
34775
54549
25755
47274
43503
77406
24053
80131
18638
47897
17694
36336
45607
65702
84618
79656
11763
63499
66757
72010
35590
26790
70721
4614
48779
48795
9408
60856
53495
70927
7482
75885
48163
64490
28180
48008
14202
64100
69636
14635
46895
17458
37258
17914
63458
39130
59152
40785
71048
84074
37639
1250
78577
28979
49564
20084
14818
32419
63239
59347
57511
75612
87877
89925
40928
13973
90001
38551
19465
4528
22638
57790
9738
13981
20775
82449
12843
12860
79607
7028
8284
88498
73349
25642
28730
65648
69665
44332
82563
59806
55368
6312
81613
34352
3610
22200
31136
24057
1320
4534
68718
29543
65729
5118
87798
79585
75480
32508
79572
49411
34284
42915
7491
38402
55169
62228
33299
14401
79491
49283
82097
29486
38877
25900
82318
70942
20791
58277
5344
36831
19926
53443
47523
35020
45309
29505
87964
31859
68734
21118
52457
80616
49165
69485
25876
74351
31837
28833
6719
57056
1058
24296
74008
81608
44062
27545
9910
21711
76201
78809
24691
44245
33145
57703
22812
79730
76229
69268
11612
8479
2858
64069
60566
24452
72376
73175
88283
10494
89301
9674
70607
82051
2999
38807
77327
48722
5314
20128
78900
59829
48601
35650
25552
15227
41592
46651
87695
12853
34494
13223
35717
77163
37574
19735
57994
12421
69860
65616
63158
26205
30296
8388
44255
58166
89941
8296
61276
80162
14580
45593
27165
43317
11969
56058
22550
52963
20815
37504
62910
68929
83803
12365
68627
7111
5177
81921
72983
33847
50537
7965
20470
35857
41575
31670
63096
67810
17849
52176
81296
28476
12028
73837
51675
21690
78760
74800
6015
49622
79734
62270
60048
21949
64244
3965
4524
30672
51819
89442
85394
33034
15180
68781
15665
33948
16132
30332
47745
52680
59355
40280
39370
60748
64239
85880
84587
5707
7670
77565
78134
17847
17442
69470
79804
77999
67814
89187
8702
25843
39725
32290
79652
19455
19516
49953
65109
16931
71998
71325
24074
7261
17743
15585
88368
89063
16858
71182
13393
64828
45595
46727
5327
82879
44152
47185
89173
49067
19858
52740
29171
70954
8924
30623
82631
62578
27967
12766
28898
76302
48893
63484
26360
29609
54434
37541
13844
1691
26718
16883
66526
45166
71644
41664
33530
79905
17692
61596
45347
18182
34817
21132
48524
84924
44698
57245
49477
77577
26412
55811
67796
62088
32547
28603
55184
8077
45753
88697
57073
38942
50396
64586
88541
15264
55280
56599
60711
20079
25531
18859
59031
55069
73199
62443
66425
18521
41375
45676
27678
4729
80438
39339
394
62367
49504
39544
27322
30609
53484
81750
78156
2217
17270
12891
7569
28017
49127
80285
20140
56864
77463
35119
38657
61263
87754
83484
23053
76587
75021
46522
19406
64823
57560
30648
72476
45206
22197
31549
74897
61388
65501
450
89543
67158
982
89362
83220
55248
9562
24591
66117
50314
28405
7238
6850
84249
76451
27457
44485
10587
10126
71947
47675
71268
35646
4317
76654
11647
14025
71863
41326
33244
7521
76395
24940
57491
74883
25331
8897
27180
55896
50793
7430
21637
23331
23932
30373
8152
59158
38401
88844
65725
41818
64308
9056
39592
1155
65600
15003
79976
51319
79953
85188
10624
80441
24934
6186
29421
70425
70502
52616
75344
69714
40146
39889
4490
33360
41112
10534
76494
118
14016
50479
70553
58378
73469
52111
7911
62335
87427
26690
83301
36746
29891
35653
34869
23323
15601
62533
22264
80084
62857
77420
1459
65063
24370
33990
85316
46400
35018
77011
36573
78439
50011
40296
75085
36118
54569
67817
77295
83825
36770
43864
89139
23687
23344
26961
33942
80071
18705
75169
75967
25736
60247
54646
83066
66302
60028
4510
26229
44783
31746
2964
13275
54965
83740
60747
75873
28921
45663
46918
50556
3532
51471
87543
73109
49788
11294
43997
2195
17925
77599
40382
80792
54509
49870
43845
39814
61505
52298
37808
12227
32948
87972
69047
47486
49662
20530
52476
76817
70519
36437
73565
75655
18329
37208
39653
17311
79877
83568
52890
12801
15058
56565
6390
83146
802
41131
34179
18836
39958
46532
89895
14959
48499
74755
56700
68078
23463
33573
72951
30694
62903
15362
51130
26514
89801
28747
114
73853
51617
28960
88158
69199
77030
82890
15431
77133
36599
5641
69557
1055
32414
4464
74278
31151
57665
84260
20777
60096
19149
36047
84911
87527
1538
1748
21017
19102
69892
47399
29326
1719
76327
43920
24440
61987
20425
88020
59300
299
75779
34638
59902
78061
73272
45797
50260
79147
22109
13085
27359
88921
11775
64766
56310
3993
80875
32562
47655
27661
81598
35916
47504
53090
54607
67489
63425
33592
539
64761
44454
41824
82416
4314
78539
80687
72796
88873
45358
38698
61494
54719
85295
53776
28680
7429
37283
25793
18871
87569
76041
29319
63772
46974
69626
18672
78999
22089
57911
73153
43132
5909
24976
5325
9991
58824
78652
36009
1927
4598
26368
26245
23832
27824
88154
45351
45687
21607
15721
52
39682
20110
66473
54508
16387
54947
82765
40867
47053
59882
88408
63040
82838
89937
39110
18788
69597
51025
73285
30435
75541
30764
34275
65805
18114
39377
39079
2276
81286
39215
36347
5243
19817
89453
41545
63607
32406
83856
4887
42194
80397
11690
34184
2430
28631
3288
64009
37879
48783
4118
62512
81313
73417
23796
1167
89303
69800
42751
68147
9089
52965
18230
1390
41518
23129
43385
18830
14117
77498
46599
87075
27686
19519
7390
3213
86730
8780
61198
35063
87497
14668
19057
23369
23110
32492
29655
6398
71035
79942
77390
69552
36797
3182
320
11102
24931
46551
78487
40603
81804
40699
33740
77934
82872
79156
41733
38484
14078
6842
52480
65727
47976
64151
76890
25244
38356
76482
6434
42297
70967
248
48347
31698
66974
14336
17740
48833
18852
62276
775
56909
9277
35190
68033
10684
69940
78213
67256
78628
21448
61839
48611
36026
83457
26862
35843
88611
7311
42365
65788
16048
15197
55985
83355
7270
42643
43034
32845
77575
40602
47013
37787
72311
78307
43190
14026
69972
7404
60159
39914
83318
5193
47706
80183
77667
78584
34271
5272
65019
61798
56910
74321
72173
77269
33149
65938
23540
87835
5542
16209
18977
32284
84561
4584
5450
66948
77953
24948
42793
30357
42783
63591
72362
37544
37175
14931
32365
89095
77758
46585
50000
10128
77335
60569
78160
406
33010
2153
30205
70661
54059
27885
75066
77985
87792
26489
85070
21508
78277
79934
24082
24113
65669
8584
9757
22943
43449
65211
16559
48817
64033
35903
5329
4933
61489
82979
83473
49184
28035
34010
53244
59756
75335
69701
64955
64368
14321
62786
23637
83756
14575
30942
81895
13671
43612
5606
76367
58897
5444
54531
57392
56651
55874
61
86313
39708
23952
78488
82296
10316
62773
64118
70329
37233
83963
84378
31440
1175
74595
56638
26733
9466
21203
58777
32855
84138
39228
39282
47455
89818
37866
13494
86587
5774
81748
19263
60022
88430
43996
300
84895
23183
63942
42760
66015
4920
77526
33669
55239
6111
41468
58172
63922
79000
42409
1824
31244
30020
27962
53379
87476
48558
72344
33036
64528
46457
28269
58891
64374
31154
64654
82405
39508
1305
70062
23859
88710
38645
65700
89309
21399
64088
33462
50256
33221
46247
31095
26432
23364
40815
17842
73081
19430
6517
4548
39783
88917
14351
79708
52459
43984
54313
19395
82628
84205
82256
29738
72599
40758
68889
56992
2944
7964
50643
74286
65428
75399
72105
34771
22023
82494
53190
36610
51954
84825
13944
57814
44513
35758
37692
31181
17200
61568
78293
30469
836
89470
23608
42558
54848
76479
51591
15250
31315
78567
13637
39539
21039
88831
12472
19175
16993
81887
1344
45984
40831
8538
89286
57092
11316
26210
73354
10575
84441
37529
44135
48452
41586
6036
48610
71696
89396
17416
50371
54148
61373
17712
70771
19744
89981
67928
29547
31157
65161
85237
26456
50050
59938
39067
52809
9753
84628
24068
33195
81125
61845
3205
47965
71444
7662
66207
73415
45376
30687
50879
67316
31976
58776
35911
87336
66004
15356
494
60537
21313
88858
23953
24223
64521
72854
73012
80975
77913
16172
80402
42957
3491
4896
52966
29776
45596
1787
9874
61404
58790
31852
84507
10405
62391
73437
53781
58447
85647
67
13857
7348
78836
52265
12589
56718
6866
14533
52432
39755
9139
88717
20885
89283
53632
53079
79923
13231
38359
81361
7062
34508
8360
745
82412
30698
3889
171
83519
46117
2857
14554
58754
72041
14406
12427
2846
36884
55443
49216
856
56897
33932
34088
35071
20611
71220
36982
88359
10650
67231
58847
12903
44865
68858
80634
24542
12594
20431
46152
62375
59959
53533
82492
54226
70255
80749
89756
8769
75461
37835
51719
45702
58386
58985
9533
11542
20025
27066
3672
44334
11184
50841
19003
54360
10051
81878
54393
84190
68978
69547
69600
15014
74445
72643
67164
46164
56953
9754
37246
53515
71724
40066
28266
14257
38171
87276
8672
18472
19690
43750
48776
20525
1431
13028
5090
31042
14502
61380
79754
58442
78027
36935
11817
24623
52594
19459
65293
39906
78775
55534
71435
83911
16925
53485
18197
42186
41480
83980
40714
47411
49398
50418
53033
81969
42890
23622
42205
13580
88103
43646
45412
51515
2758
67713
20029
16462
67373
15309
31187
1750
42811
25035
87294
51836
21208
76758
5730
68796
69644
66836
32186
80240
28107
35670
72449
20329
14218
41828
39858
86314
86264
72070
84474
27083
1043
68351
68163
42690
70576
74885
28400
89273
12445
56107
51620
68959
88355
44917
5072
9945
55146
88714
50899
4720
73461
67852
32633
53037
73295
56318
81988
4142
63093
65507
42386
55016
72701
33506
28289
84310
39279
82769
49141
40642
41213
51572
82450
46544
65594
77666
12757
64857
82994
10221
51429
47363
73556
71443
12611
83826
63966
20747
47218
57015
65550
85530
26296
10548
44758
70185
57568
7794
26796
88850
20546
76847
34697
65796
71475
17838
45528
31414
61533
17482
88305
41776
68086
33877
13845
28114
2889
57984
77891
31726
29910
51235
85147
13716
19941
17761
52236
86134
2874
71961
81232
61327
10460
84535
68417
40987
6201
36515
86762
39552
65918
17858
33019
87101
8070
60114
67721
17035
58756
68449
25594
55428
67631
69761
74240
19530
4693
79865
30986
61940
68446
45569
4954
30251
34306
19883
9022
53437
18630
6781
73141
52356
53125
72767
70807
3920
24427
15643
5554
39955
63139
20656
36262
18729
84293
35239
41332
21232
32917
63901
1872
65828
51684
66379
20582
86815
28077
75915
66192
57592
57550
583
31445
55579
70581
39010
2074
50031
46985
85314
73478
50818
78857
9809
75731
38859
60453
82986
30472
73181
89416
780
47659
65912
25138
13854
63501
75516
55346
83297
51150
38702
38495
39094
76916
72586
74358
32712
51727
71066
20430
36348
27188
72516
41207
18876
2250
8750
15844
23476
15232
41061
49225
23799
16010
17728
67491
36699
22016
29644
11310
38349
7237
74260
79647
67580
79185
32042
13180
5460
18794
83272
1047
83696
36134
60369
71353
53492
41534
16995
15510
18545
21651
1111
45577
56867
33967
55478
40623
72604
24613
66986
88965
16065
26121
67924
45082
62769
40725
52910
26234
15314
24240
13273
55123
73737
67356
39201
46242
76724
39170
26177
38405
62488
45935
51652
72887
8666
68169
78361
29905
14808
12229
37027
49871
56566
18549
70575
84230
49342
87998
21371
49341
52247
8394
46403
10609
55687
4660
84981
30662
34426
83694
22761
84890
31034
31987
36544
77879
55823
64361
21084
37731
46053
89713
4157
1656
6528
31125
15315
67877
64032
24573
83928
23219
18153
33383
88119
3431
8907
45108
58772
78430
31595
24208
49289
74947
18754
4841
88658
11636
55644
6417
24080
81517
57417
1839
44230
57017
38048
30468
55413
43485
70156
7469
61230
43368
55221
75962
50251
5412
42657
85938
71154
53184
35975
61447
68440
61894
12153
64079
45903
4438
14633
80106
6136
79732
43787
26549
89142
26901
43495
66815
49508
24321
88566
75102
72976
71730
70055
78885
29703
58734
86194
10550
36712
11231
72065
74780
63720
58825
12974
11447
80777
4975
50401
83948
3198
47599
16994
45843
81065
86084
17552
69400
50851
79566
72032
47533
79921
34912
70977
25126
83865
7072
39138
12884
64555
32475
51261
2411
37940
47856
26763
33066
5857
54072
71591
70596
87814
1710
12847
48406
17586
79271
53435
84011
10412
18304
87205
70228
69670
58069
13682
86137
57264
10931
23019
25472
62850
49945
11430
69777
37260
27902
51354
84043
50543
19330
88135
86789
16292
47178
47948
72600
35749
78003
44884
83202
16137
29570
81860
73463
45111
59180
79618
80256
73092
69564
12024
84063
34500
44198
38100
77784
4325
54900
45219
47159
42630
58622
46635
45064
7009
56796
928
43656
76773
35895
47738
80561
71343
15559
84526
18078
89923
58400
11295
9555
54472
20073
32604
86244
30523
58661
23095
25471
55358
70751
13176
72355
82858
77971
85097
46520
6881
66899
39711
9785
72994
62302
50696
62525
64510
5618
26347
40299
7673
20180
39163
932
77799
28712
86322
65106
42953
25306
46961
53385
29606
86596
38370
45499
53997
51992
52625
84511
75816
9071
59306
78727
69596
5583
86585
42325
39213
60858
84697
87821
81940
83832
55173
7682
52533
52629
21863
16069
28384
83795
66332
5676
37753
56958
16171
38456
22119
10822
1640
57914
47984
19831
66223
34902
88664
12364
43761
38017
8037
73902
29365
45538
32935
26550
77036
45109
18650
2480
40183
71482
48575
37926
52723
43476
50590
62845
84942
37668
45302
40951
59156
39146
37365
35838
57064
36990
7593
76538
65908
14103
88537
35170
61484
54608
81341
21586
27658
76778
3954
38167
22270
78626
80755
24311
26590
71156
59154
59226
82703
68025
79606
59369
40544
17050
53893
82993
7775
64468
26976
82360
85112
52252
4610
12390
10166
2994
88678
62492
28147
64078
74148
43099
78746
70321
25855
7668
47443
83781
27662
23012
77848
35949
89426
2163
10895
11684
45597
52662
62675
15756
24317
18901
7740
17690
45180
40771
28374
66274
24758
3857
56358
38726
83000
24411
84791
45864
75605
40683
3413
50896
59925
63409
68619
14664
32179
63500
71506
9607
27350
44562
21780
80904
14493
15655
29253
88039
62665
53927
8778
1815
4488
44810
85600
86680
67534
53957
38962
38971
74208
79986
81050
30587
2311
30853
61030
82818
16590
74766
8385
50057
79426
18667
32314
49050
560
17570
24102
53306
84667
89878
60986
11951
17427
731
88335
62089
71829
24118
64030
86252
65411
3374
75152
8134
31006
77375
57880
84154
24304
79108
86445
22939
57799
47065
57179
19387
42356
22570
66740
62164
38837
31072
68873
64561
51614
14974
64413
20937
74853
52268
77334
71689
65462
40141
73314
37218
42678
47674
38666
348
66124
55662
56035
53630
15051
31106
76228
85654
43607
21881
89964
78808
55581
74235
89178
26888
3039
31652
29249
76562
53346
27111
41815
5638
22829
56319
10195
45321
72446
73040
38358
3259
22993
81259
21174
5924
70464
59735
10881
83606
17799
49661
33616
49855
52952
81316
46338
78822
61885
39848
19208
47125
18717
41520
70230
66520
30086
7505
34449
3356
501
30434
72771
2589
75928
29742
71001
34524
8630
22909
24773
84110
87279
45772
88034
7528
15292
39799
72707
43949
53016
85308
28402
21227
72088
62389
41087
75016
31734
12347
57954
47150
10817
17771
84677
1274
69297
63473
79699
30285
63315
11732
56743
47908
82767
82082
40523
48514
86524
72713
66485
52916
84624
37882
79717
35506
20789
31723
85527
69816
88248
75980
10729
27880
28526
2605
2520
76618
56579
7441
58315
62642
88587
25313
13620
54134
15645
79718
74019
6606
64565
408
21756
27245
76322
45339
19591
10784
7907
70754
14741
2836
45646
11085
52060
22544
25046
1215
37938
81120
83442
15881
46267
79883
68197
19470
88887
54533
7228
63384
65689
45803
44410
18178
38448
62460
60360
3795
73652
54767
46183
59142
72687
17338
84128
4717
40886
26273
53585
32759
71077
20652
64611
82816
4619
21467
12081
12792
46540
80278
1586
51800
4075
75064
43127
71189
62912
56147
26041
11489
27507
26510
64070
76853
27067
89065
46049
35892
49140
24990
81127
6217
81407
80132
86338
53797
62553
28589
37780
80854
54232
29816
54966
25937
56057
89750
25162
34945
4770
9112
13602
59531
30309
70797
53784
24526
47554
31844
63270
75635
7956
69183
5899
84651
32335
83032
73356
52581
57903
76821
46324
24913
45294
32720
39535
27284
65612
54056
43995
25637
35733
5067
39582
21437
25277
62065
66531
52174
16545
24810
12194
24396
73103
27947
22951
9528
22911
41438
50695
23237
78211
62701
14086
62655
19099
6114
36422
45714
19579
16451
42046
76345
4658
44596
40410
14725
33991
62906
66084
42040
86430
55664
3263
31964
40654
30750
64731
61708
11749
57687
32719
33275
56773
83514
70828
73686
84313
48455
81455
64764
48423
368
70229
79459
20148
47087
77537
51690
48336
57157
51100
26409
39281
43713
62581
5720
85806
79620
60953
139
15103
66758
63375
19614
67538
38337
980
20263
35789
53849
78759
61721
49772
43028
31201
23589
25859
7050
13093
62966
73510
29469
60473
89734
23128
11673
50614
65538
48977
80558
28908
57249
75723
25842
52369
86960
21260
46980
28019
58816
16392
46549
83317
78909
40957
66829
17343
38823
19012
47458
29100
31517
62636
66141
81833
59233
10857
77909
85233
54262
57765
3894
8537
19337
86803
67831
88513
63355
9710
24912
1579
80562
48168
59842
64260
6522
36408
4222
51629
36081
42336
19893
9026
66344
84453
41390
42177
42568
11126
22975
58887
55915
71451
13502
50448
57358
69588
61781
80330
16922
71580
80713
60031
52258
81959
33712
76849
33442
19609
68166
83999
23487
43498
72709
41830
40318
37007
67384
29198
45188
24047
79870
46729
8480
57439
37402
60921
55311
43715
38646
37781
74928
53330
7585
19000
23381
54126
10622
74189
50709
88115
46414
61543
39255
89600
56397
79235
52945
52668
73650
4775
28555
54064
52781
73489
83655
43177
8730
73232
18889
29806
75221
5007
44674
41401
49832
15558
61804
9814
67326
14029
81923
38598
41581
48417
30409
30581
14705
43056
65232
75352
14271
26105
73584
81693
49816
70123
84305
52897
26667
74620
21222
65899
51889
33610
57010
53158
52614
57270
13372
71940
75978
75022
30955
52170
59527
49566
34704
82638
45701
61066
48114
13588
37480
89605
10628
27514
88701
81765
19389
62669
53510
49687
6042
55994
77088
851
79563
3839
77555
8350
48654
47014
49467
82213
51760
62197
58608
19379
7329
12351
63835
14513
27480
67282
50982
71777
35756
21636
43814
82649
67714
45366
78093
87389
6814
24376
40748
57507
71608
46913
7108
46289
2716
40947
74900
32320
57327
59920
12556
42417
9478
74837
42587
32441
62526
74287
42210
63682
42467
70818
14851
60919
38512
52806
59371
28033
17164
86698
37289
32949
13869
74701
1461
29285
43409
81476
87936
23304
37196
25721
78235
7292
61957
23317
63311
54193
80982
52512
53055
4318
79738
37630
53666
43923
30988
65359
14057
34607
35145
51403
31226
75120
59599
53562
4004
8144
30813
23023
62451
62078
47920
40975
84580
49337
57045
50716
66486
43279
51201
22124
63760
15591
73223
82060
70457
53725
15277
83824
24233
14591
17255
10760
34175
45921
10021
66739
5166
75314
36090
32461
86276
44305
65926
20294
34119
12909
17648
5286
54976
67322
37751
63070
20975
43657
34705
88614
8524
3561
48864
76706
22513
42548
80762
78162
37188
960
47581
35428
83587
68188
46353
21806
58067
86242
53951
21011
43906
68172
12426
48768
24092
42287
37039
56260
44651
86525
87559
12000
78343
69994
212
77352
32621
71807
1020
39074
50408
57416
40457
58124
65204
43726
69611
1517
71618
38176
14727
87138
39203
83201
84784
77039
62783
9390
79971
73901
6515
87278
60775
18112
13433
43364
10404
16081
33548
46430
38612
72579
33577
14758
56731
72926
78314
48093
52543
57072
64616
40405
60433
19450
85845
38880
71405
29005
47688
33350
46992
83852
53349
70333
70037
58654
19086
27258
2352
63461
72916
78514
6293
79697
4350
65638
81942
66052
19130
86124
11024
8332
16409
28738
2810
28864
55351
77174
74521
14967
82898
88788
6646
60740
63655
81692
35651
45494
63487
87631
654
62852
19245
15475
56344
774
55984
40166
26100
76017
40442
48369
33428
86327
48433
206
74242
57237
12188
19400
67613
32031
48142
59919
62060
88872
85186
43502
41451
74985
37357
66980
41117
38760
11539
56525
1904
25686
83659
21885
7326
41109
36859
60871
29476
9547
79481
45429
60083
15560
63911
6905
66363
78545
18860
61046
52544
68513
86719
16009
26867
39008
43136
27966
66523
71624
69390
78370
69696
9692
26960
4901
12839
10329
44947
2766
71893
41462
78722
4576
33118
35634
19963
82481
50123
52108
42009
34622
48096
55740
31702
65886
16952
41157
45137
17866
75073
3525
62071
71821
88113
22015
51943
4383
45139
10462
30518
75910
54574
45304
57986
23541
38740
39843
83509
74632
77970
10797
38618
15374
12320
71819
85636
10073
50649
78989
16704
4886
41741
36265
10964
28417
18748
3797
52742
35648
41597
35111
83089
97
56177
68640
57850
24599
14801
53541
79404
52344
77137
88868
36851
35532
54445
75435
31107
71476
31873
12102
62810
57251
49689
69218
86955
79872
48857
393
87296
38700
44428
77798
4907
65708
11014
39177
68791
12872
6290
72415
8888
19889
89046
84468
381
14269
70296
50248
63089
79623
17163
32444
62454
84348
30691
4715
44140
38352
5346
75841
81570
66214
70142
12978
55957
43151
32091
12535
45553
58955
18592
65316
10336
51054
38695
2237
8525
36863
63387
74655
3516
47638
86829
9278
40475
19050
81480
69065
75707
602
29408
25225
61567
59260
45910
2528
58167
78119
74438
14459
39529
75074
71330
4169
43003
51433
14803
65909
66738
53038
47352
21754
56253
56862
64273
4330
5893
9898
21368
59886
16039
6054
64662
16912
78902
4620
40576
52570
2270
25659
72055
41495
4070
76792
36674
24030
29852
78600
86333
29726
71099
49120
78747
52617
28052
60303
79100
78526
2282
81866
53503
87418
42592
47792
2472
38593
4751
3655
11706
24133
72063
18685
83981
9448
79868
73929
78483
27532
50754
52801
33496
51695
31842
73660
17929
42159
73846
8569
55418
65566
9248
83682
8338
81153
11642
80184
48006
51200
71792
42355
64758
48072
75304
22382
48605
23664
27970
3446
12873
54398
74886
32151
71694
71593
20677
73523
44857
28071
8087
26882
74299
26523
11630
88377
21146
29588
81401
53261
40682
6740
61745
10227
79471
69739
89544
46887
48235
88894
10117
405
27510
11759
31614
89144
22506
24502
22156
18494
89425
66589
31640
65640
23957
59517
29953
63204
19774
57305
29748
86265
44457
38926
41641
7746
71790
1003
45262
77156
47584
63558
68340
44870
61400
32669
77508
30795
60624
79706
3158
41841
191
36832
87022
29051
74376
8359
17027
44220
66255
35912
81255
62540
32912
84576
67418
57532
5578
70390
31562
73390
61731
40581
3398
88991
15915
19259
61194
65219
37767
34719
78799
82733
76936
35394
53676
1220
63395
29620
9731
51846
52586
23119
18929
26839
40755
69165
62499
44618
26506
31439
7406
46832
61710
3729
60789
88551
6520
15444
66064
88053
29269
73783
35284
5579
69780
47491
67089
57949
64886
17916
45825
83590
19139
75196
41627
42421
31332
9517
64571
70391
15121
23991
15140
7848
71900
39085
61305
85476
68089
68819
26940
77714
14250
5777
63934
61440
66372
8368
84862
26715
17913
31764
31823
3104
4025
43974
25367
67314
71185
77821
8507
22167
85328
17818
73138
6196
14296
11170
71038
10216
79008
53857
17730
38515
3590
32036
73989
24286
67056
62523
14976
84782
45407
40287
26875
21384
31758
18424
62324
55887
6307
7170
76315
24241
58461
74043
75252
86246
2778
43161
45133
81645
66658
30717
17911
38430
17325
39737
81483
12999
67136
31995
44987
52423
46394
54956
49276
19361
83406
16490
20310
62151
25090
51184
65270
73645
2532
41237
30131
8356
64489
85260
54354
75201
9825
12555
34936
89189
38165
28253
48035
26226
6928
44974
21998
21113
64877
82850
40192
44691
9360
7640
37775
87122
22606
36469
44327
36470
85140
53991
43650
62863
61817
49526
43013
39404
23305
86256
30699
28982
33919
83759
13375
47998
75010
40712
49863
54336
56524
75133
72911
35729
34756
81796
2632
71205
64624
29202
57164
78234
36006
73430
54381
41702
34263
29502
36457
64154
57296
33626
27446
76926
20030
66252
77873
68954
24622
34610
59655
85807
64331
1054
14913
31530
33368
10890
62415
47637
75131
8634
55250
67994
46348
64988
51906
77201
58341
66855
62630
36772
3451
9176
76630
42749
12240
19043
41418
57879
27075
23869
49538
85629
79002
69304
85307
42609
86833
20534
25969
89300
3087
51797
17295
57769
15225
48205
55801
66811
38312
30530
82373
78297
26911
16002
34086
72946
60180
61355
47337
15377
1323
88149
30931
13674
18135
58565
57527
4727
37202
65742
25048
77719
34039
87158
14517
89997
7939
39100
6530
1812
54132
42374
60586
55997
58685
29944
86533
80181
17394
41811
22549
66927
54462
45267
365
77495
6645
52841
2114
21978
24510
69548
8926
55056
64101
57236
3869
46688
44575
20628
62402
64398
13390
11783
8709
48249
45551
77099
31847
48935
89656
630
62505
86846
74969
78780
4407
4380
32039
65863
38975
41519
88217
82716
39090
67759
3368
63338
25841
89755
52745
80782
70538
26040
52400
4001
6540
39991
87763
58968
47475
14695
26242
45261
45709
80800
79550
53198
7592
57883
82380
36892
22047
25106
80895
5935
8446
67442
53294
36794
86864
53512
36799
84665
16059
72404
68045
42187
36962
78785
50999
57395
43244
28330
12464
33426
46490
86989
72204
75561
1372
87848
1207
38325
37992
21032
16620
31725
89733
79801
57382
36370
29459
15994
18175
16366
30756
42208
48332
74096
60625
85857
33413
46772
43627
53513
26227
69783
30780
80639
79291
41874
24377
78824
68968
1737
8218
87681
84437
35301
51905
76289
57591
52997
75644
8091
18487
57127
22853
81858
84306
56938
73975
31246
14413
27473
20636
89327
89719
73381
56803
59272
541
64071
19595
87639
80881
32453
45411
45014
44879
87728
67463
15260
38517
5778
45876
87576
71130
23716
16416
8270
24457
61170
16265
23159
63903
38228
15984
33435
55739
73082
49347
75046
45684
48370
42014
63263
43345
61738
29415
71743
16936
52072
10149
7297
75535
22143
10946
28185
52039
52846
49094
36264
41685
58811
37526
77832
86888
26868
38109
71995
5701
64676
31677
72969
14090
21765
41472
9903
15093
39419
83452
34736
5939
36331
30992
10638
45627
56193
86618
65838
73747
59298
46786
65249
85696
76307
39656
82998
77062
32450
70444
43059
58249
19776
11879
27863
56289
28524
75934
65329
44468
16012
75616
27616
53354
72299
14161
1861
49594
86190
23321
81514
71636
2615
43426
14989
75539
83349
25336
21968
83290
69561
68675
81512
82720
40632
32555
54839
80239
71668
44765
49903
33121
51556
56607
88620
66398
60984
88307
18141
61363
64335
63946
65185
76642
63703
48180
11127
59305
42233
83265
78497
46123
27714
26223
29850
47691
10509
61859
68561
37677
19140
34473
63388
6282
46771
68278
50551
24279
89244
4206
31695
28040
588
55226
45383
35261
54801
71598
89659
65990
55014
28583
50056
51998
53015
54400
86901
88258
13734
76848
18535
84847
69211
70053
54264
11361
77926
26544
47263
8116
83933
75993
85711
41183
18183
76000
51641
72851
19001
7910
65596
86854
47609
54169
39169
18760
69038
45041
4253
6863
74092
47152
37462
78036
57957
41680
32232
27716
42455
55128
88992
48550
53659
29978
46769
87286
32620
48960
58844
23124
50171
60310
31875
37759
38623
40924
52703
48619
23851
26478
5995
49202
8639
83277
16873
28724
24109
3245
68656
50282
88985
7053
88111
14104
35751
30817
15211
2794
88263
79737
77353
7677
8317
27035
32187
79290
43846
39821
68950
63593
23506
13657
78776
33647
11412
46465
72909
75375
10515
68502
77986
33697
10694
79196
4532
74080
57618
15827
69708
60397
67647
73757
76186
85769
52064
69081
22608
38119
41996
37426
28373
61500
75977
4425
13531
75607
63778
17386
68842
71232
43659
56070
23376
34293
7235
44222
65500
1004
35672
47295
12087
66679
25465
21723
75500
14192
50914
78858
71985
24963
72455
66123
1800
48192
62118
68072
52877
62423
50510
87511
59086
69424
26570
62079
67003
48822
11086
48751
21666
86795
6763
69457
16541
58629
69335
21846
52332
23079
88879
58281
15407
1896
64567
14108
58621
1080
63979
16756
86071
1013
71049
39974
47036
44541
1740
62204
51030
81121
56031
77292
56006
83238
85674
5607
34077
60120
14604
53922
18144
6224
26612
89123
54622
34165
52655
76524
1221
15568
89026
84660
80632
49100
68870
64369
35713
22620
4084
24168
27250
66157
39417
40398
19093
36893
27302
38734
52780
21423
88098
21081
55337
67803
15715
71963
32954
68020
24320
20616
89429
55540
89891
83132
4174
83647
30625
54102
18676
6045
10537
81746
11326
67955
19604
34949
59324
51558
25622
33797
46406
20347
59394
87716
13422
64364
23765
70570
75111
1794
44491
50684
29317
56386
56131
49405
16499
71906
46738
6875
33895
46265
76683
54270
13747
45195
59187
61083
88646
4667
14156
14176
82254
58566
14884
16016
53867
72675
39125
37388
65755
13303
72581
550
24260
48715
31900
83107
21294
85239
57329
12385
22152
25288
27461
48441
20416
39551
86521
85899
43020
54501
59577
22886
72520
46326
56637
56213
70207
22784
66036
7353
29255
51626
29304
22750
84745
64686
27380
25189
31827
35437
21213
44499
33008
8302
50920
4179
16295
22519
72497
39982
80491
88266
41891
68425
50300
86822
23742
31991
84918
50644
15631
47542
54702
42650
37320
2044
50069
59357
19539
8903
27721
58458
65948
62626
17266
76775
39834
5285
70589
1553
55043
41329
77204
72691
34627
1205
44687
72140
18458
54032
89347
64062
88609
83148
10814
48372
74798
1321
53431
70778
49545
71908
59320
47974
71795
85679
52606
20956
55853
48559
27349
11644
81484
13242
43069
82897
33119
42134
20997
86583
6558
71827
53388
7730
23847
51888
43262
20832
65916
22334
73782
16940
87897
44794
52148
63253
84941
85909
36741
22545
42243
52744
62182
24313
34292
26742
82422
26892
36611
32945
38600
57227
35804
51272
46426
3321
67518
21469
7153
44283
36440
65939
7586
79253
23762
33167
72106
30155
50467
87808
51291
45355
87086
9715
40522
71060
19403
75758
70234
9237
14779
32878
24687
43299
41565
30702
89686
17257
10968
83077
49991
88097
65882
86270
81944
35148
50051
66444
68461
36272
22857
39116
16665
14715
12982
78763
33419
82833
66713
73211
79446
84716
25479
29526
53551
27046
20117
77464
57280
10463
71798
73079
67398
20106
71864
49091
50080
74572
69130
10519
28771
38503
61231
61352
82230
42171
8220
6782
37829
57139
39919
11528
68548
6981
84779
21917
10517
6029
83873
23809
52828
7078
54685
51222
31348
9628
27087
58719
38273
19906
27930
47170
16440
35828
60769
65471
18642
45869
48133
63602
60160
18133
27628
87227
4822
83780
27765
54913
72275
51963
35885
25656
46641
64905
38583
55360
5194
36594
52736
88245
57185
87758
69941
23358
50755
43639
41629
56302
21839
68030
22363
42604
69964
55614
11980
59594
17718
36535
37691
6492
2005
70073
612
64580
52143
37794
36475
74033
21016
33502
17404
37867
40724
4139
74291
52654
37629
89370
39208
24851
65033
32458
37559
46554
60800
87944
202
22971
22412
74215
20269
77982
63543
79464
36308
25028
10490
69576
32368
85935
12652
8694
17360
70118
1124
12113
38564
49391
37494
27287
22161
37724
59064
53731
12114
76540
22998
57963
55031
69735
39917
78216
2095
20372
78085
77534
56995
47104
69272
24915
14822
34280
41169
78477
37925
749
7154
61408
36950
22326
71422
82524
55718
63621
65651
81051
17821
52973
12886
12387
26106
72593
53455
59796
16600
2350
15817
12580
56380
37473
31937
1868
16359
22038
37968
2388
19651
26192
8185
70014
81413
25055
1585
84567
86029
4186
34614
18732
20121
64757
34592
54214
62551
50847
89985
78385
76474
37704
50086
4405
33863
8762
82934
49471
40201
30840
61645
57403
56795
82153
16517
18576
65246
34917
5059
51196
39770
86818
5553
68458
81695
67828
8155
71627
14247
35295
58556
1172
68924
57826
77965
6700
26128
80668
66787
62290
29771
34194
30557
38891
62662
54535
54162
28428
20196
25257
41194
60150
34128
30306
31327
87548
46581
70621
24717
43142
12374
37496
28848
82667
57137
42718
74303
81242
46135
13526
26877
36119
66624
79988
46323
42900
23774
66457
29031
84284
21514
7218
89092
21102
8386
70746
9429
45887
18961
53745
19942
12739
57566
56356
51887
48577
32813
4027
1148
9333
26562
33487
71121
5101
89994
62077
48926
62536
71728
41340
4711
46065
57253
27832
18518
37549
2262
68964
59677
34267
85493
42001
52175
67192
76798
19082
47446
3157
43682
45967
1742
36731
33605
53990
47314
14248
82187
33718
21812
43945
5684
73904
27720
7967
2882
89586
1601
85650
44819
10098
30953
9923
43529
2580
79084
64272
46748
6636
46336
36542
70704
74407
11565
86590
66750
13004
40909
3216
27320
37711
17274
86869
84355
50958
65790
24487
71661
45922
30303
51238
54480
23016
20461
66761
69212
24688
4900
86805
45265
35750
14894
67813
37198
14315
65711
29827
43471
12818
76468
9634
65126
14206
27093
24008
77344
11451
45588
34304
22345
82955
10775
69465
26844
49779
6158
17092
47591
59755
27782
2709
82880
67500
9419
51659
60840
17669
44498
55913
36908
65144
63774
40217
49624
65475
71181
31173
58041
66211
321
7453
70543
24886
17206
37017
48427
43117
15544
86427
73368
52363
12395
23158
11554
85263
39172
31352
61848
68915
77199
39164
4870
47590
78623
17466
40666
38568
42807
89506
29117
32659
62658
4364
60807
45116
66404
51251
72227
22309
30087
18341
35747
48198
77785
11405
12700
62766
2421
78051
56023
57332
19316
69539
16285
28084
76552
2711
43762
59011
7702
35732
50008
34716
20798
44124
3902
18343
75965
84390
23627
1041
5501
72571
4287
12434
26992
20295
33058
1204
75865
31444
85687
29314
3191
80226
19055
66335
60879
89598
22990
53911
71191
11079
51799
75122
89813
89538
63046
77470
71751
83458
77646
47276
75326
35976
14679
69073
18357
2690
75946
67696
42153
89569
65704
23598
73375
74976
47726
48948
39368
2069
55856
76193
5854
89143
47447
40082
51687
83395
50005
68589
40816
43052
72052
16013
77332
3801
70842
39143
82027
66358
74147
85891
26776
81275
45231
77425
7818
45855
68484
18317
57933
57678
69310
50237
86847
47985
50417
6457
54664
18651
5686
10360
38138
70078
86840
32244
65844
38812
57909
21714
56556
84533
75035
22434
30029
14557
60783
30018
7472
76810
40998
39673
54819
71012
9480
16564
82661
85752
37201
45208
11772
41226
43289
4520
28430
15528
42354
23213
50075
23755
89501
68771
26408
70405
84447
13133
66564
34082
88841
17123
59893
60988
68243
55218
38211
2577
20061
80703
38581
10916
65720
44018
32586
4653
89547
27304
77919
56126
50249
81109
75801
80723
59030
8252
8901
89715
24911
24072
12925
28368
28795
17291
23142
48379
76875
22413
36177
43366
65216
70137
12897
16700
26328
39221
3108
70706
70180
73512
77286
27875
87162
28486
57616
909
84988
5575
2841
21745
16321
6503
61819
78311
23988
56935
45112
26228
28576
61217
41391
12318
9885
5267
51595
43768
48898
19492
2636
30347
61398
65972
79846
27643
34780
2203
56837
61171
61879
34605
29129
70454
82415
43352
25782
80711
22480
26757
25597
74892
57647
28641
26885
27104
41428
39493
23117
13750
6179
73180
82383
8549
46946
80407
44986
30886
80004
53252
87375
86145
80517
22978
36567
24014
72869
88264
1535
81821
68863
22962
57244
42697
63059
8638
4250
22968
7086
23472
89677
12867
55537
24340
81594
65707
76337
4651
12106
58246
31155
56719
14451
44383
32626
58462
75457
17621
70271
81084
34327
21814
83951
21458
68289
76500
89938
42952
63086
49145
89550
80860
68886
88681
89576
18853
34057
13810
37614
18967
23370
32584
87995
7372
18158
81188
18539
3617
6516
70831
34013
69228
77738
78525
72595
74870
65123
18927
71453
7923
43824
39041
60071
75639
42935
21086
80655
76533
33343
11821
32059
8184
81583
4381
83049
64133
7226
24257
16586
20041
24000
76145
5875
87343
33309
33222
32194
74954
47168
31778
77182
5497
40874
34248
51513
20890
45664
69129
81502
57779
8792
12539
2053
71530
4979
61644
89540
15438
42959
12297
42313
20560
56842
71604
77836
14838
19892
46878
67818
76816
32463
64279
43181
5214
27145
4421
13794
51493
41978
85659
39135
88855
55580
79521
18462
29453
10565
32110
21150
19578
17762
74624
1755
38974
21410
35415
34118
38920
18015
10569
52946
29014
65575
76146
13818
49139
13010
28179
20408
33363
2574
7452
65646
46072
4508
38932
23782
69326
55321
35962
2494
16438
21447
88696
33576
10209
42373
87434
29559
83883
72179
23954
53958
12173
28462
28478
48053
53
50041
26655
14999
24927
73852
23234
2144
82475
24874
2816
16173
37834
61562
58596
8737
44319
43054
75430
63407
74958
28970
13605
9266
29952
69790
76197
41173
53353
86679
72005
64614
60661
55973
64431
78282
73183
77395
78383
73216
1655
62387
87436
85067
17119
57036
49562
37075
26874
47867
20535
35869
28346
45028
74277
86197
29296
49013
11959
16479
46958
32844
36681
66845
89854
86020
75838
54114
18349
54952
21318
61056
31561
7335
43793
73483
40650
74175
55138
31260
71927
240
22747
1231
44869
43071
25569
11343
63821
22977
56008
15877
41423
48855
15189
25663
4960
4476
74103
75908
36199
57468
38530
65176
14953
15614
20976
9551
28849
44506
76528
30749
89194
59041
56463
68539
23423
75460
82507
5283
44612
12295
63455
52047
42120
5766
16718
78398
4065
5480
62664
39483
25323
211
5908
78523
86457
6577
86082
27292
8147
67983
35285
52643
89680
1834
36761
28553
23294
24629
67624
6162
68516
33083
68418
85195
28543
13795
8973
1741
56973
30320
75560
74141
51197
17230
34823
81869
71328
79631
88885
86659
75510
85520
68631
27047
60437
28320
59924
48900
1308
5581
22716
4403
18073
44592
78977
4892
41366
31031
22937
54444
25391
80009
7314
21230
62958
83695
28644
75739
25752
18191
76448
80537
23793
8217
5740
17030
58999
27668
77242
13520
38847
55109
13465
2239
86223
19448
48705
64466
46582
30364
84682
55283
72040
60570
76399
39868
14676
32248
75282
11081
49484
89640
79038
53584
84963
51600
52667
37051
69302
29651
75339
85320
77811
72343
56457
9659
83603
5528
32177
81481
5731
65112
53363
12316
49808
12497
46402
78302
9832
6614
5192
11270
8074
17836
8219
2656
54296
72597
1917
83576
78578
44832
49350
69158
82189
57426
4813
30090
53815
38490
41306
63414
11352
47848
75741
66436
83249
50838
21882
18046
85256
51754
85270
87384
20099
49920
80306
3100
39459
28865
87966
10325
45062
47227
52055
27907
82370
85545
67599
27961
75476
42941
43971
85653
63185
53083
17074
64635
80424
82610
35535
39829
862
64145
11814
89117
56156
68392
83734
63859
2684
71720
43445
75243
63832
5697
85886
20578
6402
34981
80944
58390
6757
10579
28862
11244
88087
55430
78167
80053
41535
17290
24225
17284
27893
65301
66860
42551
40651
63844
88433
75018
18385
63509
27348
3214
44844
10313
89780
52390
27282
88684
82725
67847
36255
40230
4427
43526
56891
38585
53592
14492
62706
44745
70718
42836
46424
6355
68101
33304
2554
24577
13762
57161
44905
7359
41335
29831
56234
32778
5786
1816
72614
47639
39183
39742
31030
11038
65994
69418
89896
62487
16864
22035
57808
48761
82804
65582
85242
47010
53411
5809
30727
78867
58054
50145
77808
58875
54842
31353
65675
46387
48612
28734
69170
28538
79129
4459
22537
6780
24328
66351
37351
72339
65483
89913
72984
59839
68832
83827
87717
6786
26369
75969
5044
65117
51585
39961
84528
34593
76866
13817
22809
52003
49785
81829
16241
86906
70451
40504
55287
35038
23861
5205
18633
20923
54090
40676
86862
35655
5984
920
57057
6466
25564
30460
69206
38609
32993
3333
67246
73673
1533
51533
24583
79588
86952
40622
577
55091
303
2646
41725
70651
26184
2513
74368
21465
57498
24524
32641
657
26148
68405
33926
3218
77392
63474
31471
41068
49732
55668
13989
48145
22071
86781
33364
47480
58014
22470
5472
35191
43062
12951
56694
3344
69536
34512
43589
87335
67310
8361
57565
80679
66002
55126
59629
13016
17974
1236
18234
49448
59103
37339
63036
86235
71861
1117
14853
28396
58576
30881
44517
458
27495
26697
3046
39323
80305
51220
59945
70710
19965
7118
50204
73126
70362
16394
48688
36710
65652
41242
83260
87623
47201
14035
10666
25574
81548
78758
16536
88532
56064
72843
85858
19761
61420
70340
36971
39895
36105
6394
56346
76824
57181
82509
77587
43174
30656
33445
55057
28808
27963
55080
33028
41652
9490
79857
33921
56158
7422
31388
5692
62625
65523
57269
59437
19827
84438
44114
16775
7579
54403
18413
29933
52279
13399
57547
70923
23964
56155
75824
8699
43572
85175
83835
87136
35668
63876
21565
70763
10315
88780
49976
4452
503
69841
48055
12763
10418
13083
31426
39332
84786
5980
13041
20241
27379
44606
37190
16961
31655
75931
41554
6555
83652
88491
7661
34520
85038
73991
31275
77125
36488
67008
25991
30492
73867
65179
3463
50975
75296
43160
35091
60874
37771
17402
56896
71267
53615
61226
29311
47712
66992
45184
44092
42980
35792
38538
5263
8782
23071
55854
28156
28514
89950
23731
59978
83071
17809
79040
52947
81934
48696
27993
7119
35225
76155
19969
48416
59739
56781
14937
20717
42443
20299
75253
36427
3933
63739
51198
89915
73095
30274
87028
23685
58540
59841
21910
57260
1644
29239
12623
23994
12973
34788
21373
8698
10564
357
47612
16483
67890
42565
10019
59358
62866
76781
47454
73914
42426
3342
80057
1009
76545
22717
65328
14717
61872
59500
54293
77831
87192
33155
53535
81191
52951
43740
63605
8656
81088
11480
52086
83487
34230
45391
70722
53091
50872
77984
84328
70438
89775
84743
80101
6889
47991
39759
6095
76169
67799
31714
14733
65950
32959
45785
19909
14507
67189
15068
68427
49334
8532
75986
74722
76080
61041
82970
12668
19900
64202
55072
78855
83621
13215
81214
40447
23838
72250
4324
15777
151
29553
9522
21281
60996
76666
89634
51273
1593
19845
65774
12834
49659
25351
56653
45196
32155
15873
65540
27876
39246
69046
79018
42395
45933
51646
24258
68124
16900
84015
49512
46945
56095
22330
33214
9808
56111
85287
54409
89839
87577
12325
43112
84655
13949
9045
12144
75932
24985
8680
47513
187
19039
63190
66250
2610
51920
7648
67243
60730
39220
40391
46446
8910
33527
21274
54137
49285
86049
60727
75507
13589
29636
59104
57579
50307
40048
70594
10925
30166
61538
70986
72076
89639
8055
54073
25469
86648
61320
1115
7332
11458
27434
89690
42432
62048
10133
88683
61632
81230
12355
44774
47111
53983
7087
75346
26537
87109
85516
48084
5174
85341
33415
4239
22454
44362
58973
85598
87506
66029
74606
54186
57604
80552
82022
44010
59786
32849
42098
70098
20449
23372
26495
2433
64981
77471
82124
87628
44494
37129
6735
48523
38442
63519
88688
11593
82134
75037
21991
41120
21362
46547
25427
25019
40021
89183
12997
71710
47690
79046
3064
4060
81986
5416
32273
86577
4919
79636
47301
25219
52585
11709
8025
48901
27534
49410
17864
18176
7544
34376
23993
25070
88951
73403
85485
50511
66586
82273
83188
64365
46166
31272
85564
35475
72115
25332
35708
51163
86773
31542
61556
83325
41445
73714
9769
28703
75248
82186
44045
7541
68977
33756
58364
10840
22584
76123
84844
29213
40560
23283
48058
75086
74637
26079
60768
6276
8285
16937
28941
32657
29378
34003
1064
79859
40328
27178
66104
89729
65279
42562
21987
72729
38605
82176
9171
10175
69606
38467
67884
9805
74183
47678
25787
28580
81082
47728
22103
29007
24184
17301
4465
6344
58746
76687
49239
33836
3149
68877
19559
50616
14924
34713
38780
15081
8577
28469
19980
10873
65691
53128
66557
10985
55800
79642
21271
79382
83270
818
89857
40923
5827
43619
77993
67507
70058
57842
73152
5268
26208
62396
23667
3822
17210
61575
74854
22960
44433
30250
21962
62442
36626
88332
59036
58189
42984
9449
7716
42842
34153
33885
30149
39322
65904
65800
74652
14581
46269
6051
73695
21489
58299
44196
18940
44159
25112
38178
66354
44504
35435
9946
84103
41550
76881
66353
25623
72948
49389
22303
34881
19295
14484
73208
74614
57802
72993
20919
48911
20192
89304
40313
19350
79980
82191
53841
70089
73962
36531
59952
23465
7458
30964
62993
46116
36450
38097
1347
16196
78208
75548
85471
29451
9943
74547
87124
87444
30773
80431
81161
5356
36014
23754
30352
84475
57366
6461
61755
18793
44371
87909
17581
80506
64160
66653
63049
13904
1149
81624
18975
61803
18579
37536
54845
62265
60318
85438
44757
44667
23655
42564
61796
35054
6319
78289
64573
71919
65101
79011
26619
8802
7656
38460
33973
2881
33582
58588
41944
75728
17943
52743
73546
58992
110
39496
40745
52215
16339
77059
14361
45857
9959
83607
57895
51989
49754
30951
76885
33386
41292
66590
83850
45068
11575
52762
25043
69848
10144
7421
40834
40210
53862
58338
768
46109
39171
24415
70080
43913
34763
83258
76122
56238
50560
39723
70720
38494
76120
24111
54586
67533
70404
63129
49386
44822
62401
68823
2422
10586
28099
34754
14806
26139
6783
51395
3837
89492
11864
52322
30627
20638
25111
36290
21838
84246
15693
27805
4108
70458
45787
74966
79828
25570
66328
46984
17179
51916
65273
9219
14154
2261
78618
31377
40641
68253
3611
60164
87021
81802
46068
76751
3628
71727
75307
82144
79514
28220
20049
49321
88748
32950
60528
14420
76557
31963
67522
50747
81631
64878
19101
48352
17095
67966
9887
88930
87765
11094
670
14266
29983
76993
20621
69049
85501
85811
39699
63553
74795
8836
74635
3705
48431
65563
9299
60970
18867
47338
67072
39580
67842
83886
24125
3073
59008
4422
46481
89130
87453
59179
11035
47069
70880
36305
22817
86907
24647
18074
9690
57155
60173
70873
79560
22025
86245
68304
85964
28974
31487
72737
23867
63402
11977
13958
67902
57105
75475
78016
35847
9002
1093
59183
35512
57960
47409
76301
12163
40638
10850
7901
71110
50122
37200
86115
25228
6840
22530
1756
42150
19705
16658
83261
28718
32496
59092
59969
83834
51661
23880
54567
8786
2826
8417
4702
79779
28937
65165
69946
59793
14387
41417
48683
89725
21689
37370
78256
64990
1315
34190
69880
88940
4511
44802
43446
47677
67266
76497
33111
84849
13155
78592
17056
16097
32528
47316
57442
81035
19061
51176
15341
24026
21613
86290
87666
76333
79813
88596
56412
60652
9108
10199
69728
89073
31550
2517
3772
31977
50378
28956
75642
35029
76748
78519
51885
88837
67066
83800
27608
30025
67638
87560
61777
8528
4061
67293
13064
20332
34532
79824
43235
10983
45898
49778
35534
77314
84223
29251
29612
41132
11342
77022
34942
87759
2834
76010
3678
81215
4724
20352
24271
50894
10251
56595
26193
50016
54439
41202
15578
82881
88146
43228
78157
14857
43569
53610
74876
33601
86401
89331
2476
4415
20334
10268
17737
54146
36532
15561
36059
12193
65386
45278
85196
24604
48025
8430
45996
31930
83700
74088
77563
49326
31536
73074
35442
48511
26260
27918
87470
25247
42060
10330
59334
65942
29947
14538
63523
27846
68059
76475
15654
58878
80314
66699
19367
51494
71676
57144
10104
14903
27940
75321
85890
43199
25329
14084
66673
60513
30448
7513
54498
16870
39741
13999
2571
38629
72661
51333
48721
46436
54306
38643
81764
56696
6482
21596
12848
52304
38241
61073
88380
42158
76532
81704
12773
185
88057
32254
40335
80963
21653
58966
23349
72432
52797
84636
27836
63018
32754
42974
77906
89619
68426
496
68011
68235
54061
59776
12151
59654
25549
38590
47708
62832
59160
41396
13884
83584
82551
54594
14599
36925
21413
56500
65695
53569
38697
18192
29278
72384
80710
80279
27445
6910
59245
62985
87557
16948
68733
48143
69451
19707
45930
44824
10556
79663
5313
16294
73578
46960
17970
40148
8960
86499
62821
32421
74469
55087
17362
71594
78377
72347
22777
52096
64194
60929
56508
5383
14836
21615
1561
70092
38339
42704
62222
42571
33950
80985
78372
7400
42258
72297
4871
17384
77077
75959
20784
86538
17299
47327
21868
60547
31941
43194
88089
13808
3421
63243
50222
12636
58804
79167
86615
35212
37991
8558
86368
46365
52185
75470
88993
20602
27752
3968
67730
15592
59856
27798
69633
14109
72214
69577
87108
16794
76039
14750
18087
26126
43346
44993
27802
43786
30343
77245
68492
660
52452
49118
67430
86998
9090
56337
85072
62082
6637
77113
16818
19205
15521
65290
83403
22108
32768
39319
13799
28840
26400
31298
39301
74512
25335
14876
38120
83462
1406
63540
38166
34031
15977
38886
15204
19069
64200
8148
19791
28877
61074
363
82823
56734
69559
80370
24849
14378
1966
12703
56456
43834
7034
74730
22300
79821
60198
23508
12394
4485
35338
18708
67325
46452
18956
7830
27539
70527
30036
37911
21219
59951
54423
50595
77556
34727
29573
86676
71105
66710
40855
16469
3116
2344
65367
12894
24795
68970
76814
64264
30684
62756
83936
75591
3818
60675
41247
77615
5335
21736
84255
44398
67406
18030
8914
74214
3948
11826
71007
40793
3414
18715
62431
74295
85280
16932
58159
59390
21445
5659
31563
87006
87257
44019
48782
72608
10604
30926
34973
85200
5459
45802
18300
63513
13154
87516
44951
19800
35819
41368
28013
5324
56214
81179
19720
16688
80062
8574
37070
13858
15160
87214
14714
88130
24025
24855
30211
18744
56277
85756
17237
77364
83070
80987
65769
56593
65155
43777
58074
17091
11851
12044
8758
9603
16507
83867
15806
37586
45777
70178
32856
2009
21088
60613
48741
12214
23041
51857
31126
33103
61039
66715
37688
21570
41975
77630
77400
40956
57771
87350
62237
12041
77279
83267
18425
64347
84268
75141
36111
32132
75463
83934
75250
28181
54757
21233
2851
3284
67815
79831
72001
71290
74756
65514
74545
74818
72326
53384
31065
83545
28391
12608
34664
41259
24437
69760
30370
49306
66697
89781
88349
29883
64216
77169
54550
49399
70823
13546
57309
69122
68310
72417
42876
30394
33378
26804
11301
66222
67807
40014
55497
80412
73076
2193
31474
19354
57809
20354
77585
63346
82078
24044
83976
45875
45964
16990
21374
19508
26464
52295
4832
26746
66101
27657
77512
48399
59884
5630
5015
47385
1594
62898
24989
57773
89516
73306
62271
89503
26802
73681
83362
13160
43145
10044
72479
73600
48787
2100
23514
18664
8749
78888
39311
62991
64578
44625
72060
35299
49319
67572
6182
36501
48614
48183
3265
76163
32812
86945
841
74437
83092
23929
57220
82603
45443
40223
84174
21980
84609
57892
82224
73011
11829
77175
83399
34144
39327
64647
21047
39158
59168
8886
26609
46650
54669
86701
22458
45058
17174
41101
35132
32735
55334
47256
78181
66660
41246
28034
50049
27167
30658
71647
68797
35883
59145
27913
88044
36619
79693
40921
55000
18810
59381
48875
2772
26559
51651
35297
48702
86559
21699
73860
7540
25272
34804
48862
82861
17529
41064
26696
38293
13348
62915
87867
67766
58902
39132
61769
67989
83582
75955
34279
39805
54347
70280
53920
84256
83415
29342
37820
10279
85102
37575
45087
15278
66753
80830
84440
38076
35561
33257
47167
74950
18296
9615
52707
77257
54596
67633
28495
35403
22263
20964
7807
54084
2557
11000
13744
88705
35440
9817
47106
33923
80499
62407
82083
73663
26750
21497
33478
359
19754
41709
46689
69099
27694
32682
10849
54662
7860
19988
62638
42217
88690
4399
28997
85500
35011
85842
80133
35206
21936
1697
40393
76320
59553
89905
87250
61909
38652
70772
4056
42227
87731
9453
72403
73552
9482
61919
33752
61453
6604
51560
41569
73173
58810
81160
89852
69136
7639
32228
81898
43047
12634
66240
63083
16217
64157
10191
47689
55990
10555
44533
87463
71174
30244
27853
45444
78341
10036
57672
46830
34573
77978
72349
26397
3638
63997
53010
61856
58744
18726
89160
83783
27671
30188
1313
89870
89163
64443
42334
49138
38558
49685
16293
84920
14723
80039
5525
38406
25223
14994
76178
81449
8497
36344
84615
9679
66690
43428
73005
80774
80556
64183
31022
25948
4726
47027
35596
21934
74662
32872
64744
32167
18905
1858
41958
17041
65371
67417
48573
82792
13848
60590
13619
15746
15344
68574
13966
26461
34938
9935
69215
44780
10249
65146
21337
74327
27236
79541
18625
24198
36306
51990
14642
28666
29355
42103
10089
31324
64991
4931
6810
34418
36876
17756
68185
46045
20135
7812
4989
82258
10863
55830
46342
80429
2848
80545
4165
85141
83658
67174
56342
18797
62848
2854
42126
10633
70068
74077
83813
64798
15609
3120
5762
28101
65113
17753
83931
68356
51228
25030
63656
89778
29608
87676
63848
36004
60026
77648
53912
88546
15874
11675
69069
30711
65602
37415
71331
53576
39894
66876
20639
40394
11064
5359
32163
60799
7378
81110
62
52598
85994
34065
30038
42882
8140
37187
3152
62728
86187
17820
24347
31661
52698
67523
23783
54566
31239
45040
56220
75819
44256
75653
4058
51505
29487
20767
77372
45977
30660
12989
26930
63492
45010
81819
72301
43692
26490
75368
59108
83648
82916
70762
10393
28234
13567
36147
21834
64759
20323
54375
86728
31040
48687
9382
74151
31641
46232
21797
71688
5058
36754
27601
13741
38455
72632
41912
71825
82686
18833
59241
22580
29372
21877
7632
25760
60039
52753
38466
47335
28988
19764
66224
63334
78151
20400
1447
73014
31920
23657
82859
7284
63306
6966
4082
38233
55927
87591
37877
58330
12917
83778
79490
67531
6252
59141
7465
48068
32764
3544
61148
66946
81755
22278
49227
74090
5985
19426
43269
88278
83142
65416
52271
42979
73788
14302
43274
36479
58859
31532
73940
71680
25585
8214
55993
52776
38774
70739
74398
51902
77941
25505
34552
30051
18500
29533
86349
41510
9103
82997
42329
89162
60795
648
89871
80430
22478
4185
65344
2048
35459
8578
38607
82197
84884
8392
38575
29387
88220
5074
24721
84327
73466
74896
44686
35292
1855
22485
22778
14127
28055
65836
58019
61462
55251
14441
73977
89940
27008
23870
60524
77939
83165
57463
51855
2518
24943
38866
20857
52315
65787
36416
69834
78575
29578
15239
56996
16215
33259
13730
7066
28989
83200
67749
7576
60112
80286
29661
12092
24018
13554
85532
88116
21406
50706
64488
66246
26833
20378
53941
82219
17332
12714
55932
46805
19958
76312
30028
87254
78197
39160
13423
85888
73104
55786
37097
14075
88834
50611
16522
56733
4853
46187
63294
29099
67632
42259
68352
66812
4198
618
18109
45888
25481
77875
83746
83387
7380
80437
49738
79433
30880
48485
24055
8884
29347
85992
84637
78656
13642
8743
6443
31795
22024
43393
36727
27355
41701
39249
40994
6490
407
40427
37509
23569
63494
23542
26847
43236
25201
40893
69455
16491
46089
41945
80250
48203
19996
16482
87807
75325
50676
1615
14697
54777
40122
8643
213
53807
15907
71387
73149
5068
35486
36274
75485
20659
72996
15251
40119
30726
71304
446
11122
48311
12649
41189
89826
6776
39965
55026
74672
16288
11309
51804
85722
31945
36530
9604
52306
6104
36570
65683
1813
22989
74468
40211
42605
61367
75230
15719
62713
49279
47161
50191
63299
49648
21216
66553
83715
2127
11219
26709
74271
49301
31513
58815
32433
35341
9831
4961
16356
36016
32755
12089
71487
25953
60054
50106
22177
12443
84491
88182
79366
50953
75755
70603
33913
33174
47995
22366
4993
62795
56326
86166
14474
18381
18486
28522
37974
45315
19063
24248
77662
65789
25480
79385
19148
78144
2548
9921
50944
82438
72772
80443
6406
54063
77190
57531
70653
9485
32947
86509
44195
17271
27024
64854
70493
66080
72512
22247
47460
28199
59201
10894
36618
49287
41911
159
37976
59452
27206
80272
45647
30923
86385
46803
31314
86155
32175
18597
16031
37030
29796
11362
57723
22571
40913
49465
63372
33109
20959
84546
7131
78733
88506
5937
40216
5281
9983
47023
86034
85902
27501
55761
44936
88066
84799
87331
79330
62444
27286
50508
67708
74213
43497
57319
3415
5008
44784
20403
87553
31503
76363
73169
73470
20782
6212
70103
65508
30453
68002
50496
55455
739
2111
51716
28948
82815
59360
19789
77866
83339
12686
38383
37232
7674
2418
48691
44214
15308
86825
88730
78800
56256
19402
3546
81190
70182
81266
83230
32933
36873
28378
3412
49377
66465
57741
15500
38817
28613
38028
65831
42290
12314
89360
37947
5658
7041
79936
82316
81637
51218
36841
2896
3973
15791
82389
37860
82413
51834
87468
36812
63479
78376
72858
23905
38872
30969
41337
57098
32478
14844
65835
19540
59954
74812
45163
41856
62006
63697
87561
48132
66431
25947
8436
25918
49587
28465
71459
2774
50985
85855
42012
85714
33766
4951
83495
85612
77068
67065
19164
79358
14719
66449
15220
70298
6269
53995
22631
59789
57542
76396
34360
21300
28624
24763
41121
89316
10299
56464
42804
86754
57361
79035
30451
82478
62090
77130
13082
68318
55134
50781
24039
85357
43363
60106
22420
16119
9238
89432
76348
45841
67999
10832
66513
26022
14784
18277
57707
38648
73359
50488
76501
34983
8169
52084
57751
67787
36603
34265
84689
4558
34338
33900
30369
13699
49773
87060
87727
60194
82500
86551
22845
85625
21724
64502
9871
25319
79047
65173
64140
39413
59205
44706
28794
82544
71671
67661
42410
83178
62992
88728
23727
60991
25987
77024
1138
1339
6627
62670
36150
39605
61240
77483
78939
77705
32898
63171
82003
1817
62413
54932
78269
58964
24572
22387
21729
28851
69177
74938
3049
55677
8617
34171
26705
35161
44781
22596
85238
43456
45066
60641
71545
53828
1239
50421
72434
77108
42714
85956
46328
13270
19201
26101
86755
78874
6899
31255
32932
88152
21914
5172
43050
84824
60148
35450
13756
4367
18238
82074
16345
6317
11233
62008
11190
31680
54238
52234
6435
2779
74750
63842
52312
75065
70928
20913
70812
86951
71091
108
11252
21945
39147
27154
25353
49814
67521
82317
88239
85841
57671
80458
10016
81189
30809
18143
2511
79943
20047
4838
65199
49936
62947
68828
56034
36813
37763
33848
35198
38588
74117
47484
42270
54918
21211
12432
81843
44176
5354
87942
16848
31458
63278
36938
45859
73504
75765
86379
65257
50288
60174
22783
29959
35379
65187
15448
80681
11994
56286
3346
13523
70777
42693
50523
15188
35302
17561
5906
78997
72673
48973
85249
52016
67054
70571
59129
29114
33162
12960
73634
39427
45998
78505
89835
12802
19324
76099
73784
86281
48061
71823
6458
49384
27086
39288
80934
7549
23084
66262
54324
26604
58648
2582
59958
82841
52955
25057
22827
18656
33465
74617
79626
67459
41118
68069
19685
49742
70588
32571
29925
74454
22551
87283
53827
17894
51305
13477
13935
2912
32241
55058
64525
19202
1835
4725
83992
39223
63374
87987
8604
26145
33936
13994
33755
52665
49416
30010
37286
60923
54096
23410
66090
75499
66966
658
25952
12821
8130
77421
13374
70399
85738
2478
10561
55076
86688
64063
45629
31195
71640
34766
24768
63673
69181
58475
23509
62301
81247
58481
6991
47749
67985
73420
48111
32999
75687
25765
85364
43101
81162
22941
87780
74293
44379
75105
34014
2935
28515
59662
65226
23184
11217
29123
60520
32820
41435
58561
29690
39152
80862
24285
36121
57284
15149
72474
82190
34612
48236
21214
32025
84193
17606
73745
3854
8366
75333
87922
84007
37593
11520
78083
1242
14270
69404
26431
3911
19464
20358
83197
23297
14986
24354
23785
75490
70715
51252
1283
38611
76947
33209
3014
30854
66678
51476
23744
23797
46111
58383
51375
70240
10154
63266
86324
42680
40153
38844
64640
61579
55683
56624
43213
21686
67663
24642
11093
18556
6710
80442
40595
60534
84938
85818
45092
13770
59345
69825
55335
80788
54284
36678
32521
11273
78176
59853
73687
15837
25230
56926
34191
24101
60007
33938
10122
40371
36994
58624
9868
47646
50550
32964
74044
87251
2453
71810
46683
51645
84934
59293
5045
28299
46173
5033
68678
18673
64738
32329
27557
61867
18588
8700
29037
81460
68545
9638
20794
57414
76440
644
35331
8641
76106
58372
30037
29898
31687
74306
82321
15581
67628
18113
34161
73639
41023
7499
9384
47045
57979
36268
7262
52335
35592
56378
26708
55971
48216
50331
60233
82592
65138
66180
67858
18907
27705
2140
1996
43815
13253
48074
13850
88033
51468
19108
41966
74089
86063
45675
65721
45530
38115
47374
50012
81845
54273
40003
5614
85457
52658
51032
55029
81154
59637
72734
11996
7744
56703
80697
47006
7796
37680
74901
1929
55509
68919
52921
82235
30826
54140
48085
56868
48358
17165
45693
88468
40633
41271
69518
52430
63401
54597
87135
21722
89236
5062
26491
38959
88063
9425
37930
6964
83844
58514
50162
41882
60710
32574
13719
86046
51681
11943
42803
77165
64524
71638
48682
72786
19590
77921
35989
88522
24459
70731
4374
48151
45285
47775
25764
28451
65588
50573
6974
27018
78365
66217
8788
56255
25290
3789
76190
18366
6568
50156
64271
18894
45603
22531
35390
80384
23837
33006
2420
39166
49884
72957
8280
51147
66279
8122
57336
43928
82947
4593
53658
41732
47058
10621
58634
72113
66500
81684
36716
71524
57078
4260
78489
28924
83010
4748
53154
45357
7457
42659
50717
12178
29624
68821
21312
23706
16524
50738
65605
73416
61486
11232
87732
71693
6798
78298
62801
23761
42828
37491
73870
56567
26736
4499
58490
73849
46994
58394
26593
3154
20878
40331
82640
80130
36225
26494
53239
38803
57655
1746
82155
59083
63908
77085
76599
20339
16334
22160
68291
27059
36114
79205
3146
7891
75890
386
34767
50653
45096
12401
69742
31929
59140
86377
82272
7564
22408
7510
30023
66866
54267
34960
43712
740
43293
52273
37838
32351
88193
10670
2888
44530
89859
63870
32946
63857
37123
34677
43991
3031
1363
17725
53296
22203
50876
34992
12753
8031
33691
68696
63932
63211
18911
34223
80659
13508
437
18492
346
41035
50552
87505
76491
65223
43660
28009
50259
77794
89141
65662
13296
54263
1277
77558
81838
79946
46852
43593
22515
15833
26520
44585
31609
12962
82087
29946
42745
41430
61055
85574
22536
58450
16329
75290
44736
23488
37742
15035
86875
37234
6852
77466
59846
36685
73545
75982
69745
30286
57968
63136
23254
76882
53061
75234
57190
60737
7545
42469
78320
6570
103
69299
40001
31768
45755
59898
80575
84952
85708
21044
24619
3577
30971
49060
76712
45069
53702
11030
59507
18000
32861
32635
82630
54202
75673
18992
19453
4713
44666
31145
78056
19322
55092
69324
27194
20521
39229
7981
66420
25216
74316
87224
13444
3734
8328
61518
35500
49009
20523
80055
88765
21619
64550
54774
56948
47061
22248
69775
1797
7989
46206
63303
78391
87790
23604
86519
53729
53773
22575
58367
75192
43039
89652
89050
57951
41300
15306
69599
47186
77118
86174
17879
57411
43312
54008
62574
19348
79830
29926
39452
31497
42844
5408
69063
25087
55163
12441
439
54570
9786
6163
42023
41839
9629
58267
67935
72039
48000
10070
69473
6340
15759
19589
55062
60801
76265
63010
7732
22604
11659
30829
24993
30047
6945
15532
47553
11634
3086
19830
80776
26747
46529
82832
33972
45500
67837
12446
78173
33243
5099
79287
81005
62131
9208
18761
67157
6335
52636
10132
78930
12541
85665
69592
12637
38205
37792
23751
47277
86961
313
21540
81010
85185
50063
8228
73916
24546
66517
74831
70361
54011
49744
20023
61396
12149
27840
9866
63610
19081
18698
89310
60694
21005
71834
53160
46755
50309
8464
66530
33494
60687
12429
85398
55956
70076
67849
79909
21728
32921
32577
88405
68967
1342
4757
88649
7776
85695
45438
55338
758
61622
35430
46870
24909
52513
86958
72602
35662
39335
23126
51227
13914
35317
26252
41384
11727
61557
57952
64734
79530
74657
76504
19749
71445
18543
85482
30758
69110
57110
38604
42599
68200
23489
83054
31942
87159
36357
69724
36341
31103
23900
11841
16304
88792
33661
76335
9047
17016
64918
3508
7011
23563
70838
60512
4050
4307
25722
62528
76826
35455
3102
20728
4683
47413
60506
87563
63930
79834
80990
37336
32118
44323
17511
88251
4010
17399
40465
79437
33724
44375
54100
63909
15219
82882
40387
12607
80799
33673
72136
33651
8352
1141
8353
88014
74113
56109
80644
29592
14058
64882
79054
26840
15848
39103
47559
88102
5737
15273
54048
83670
38373
57371
11941
4059
45556
8753
23377
3122
43357
35630
59824
18484
43382
72840
86016
77844
19138
80665
87523
39973
89673
49802
86579
38027
82715
82837
443
24846
1113
31420
3591
32386
80385
2481
62419
88533
10206
58707
24332
87321
36407
85319
8373
50522
53572
42475
39154
54824
56259
16140
71928
15254
12638
63555
25426
22132
55866
89876
42429
33970
73398
72817
23486
83901
13342
87272
39780
74384
84983
67253
9936
48007
73279
89231
52640
33646
56248
61873
40159
43381
64984
78388
55494
58107
13007
40514
34777
38148
52713
59222
55736
54794
20803
74626
22028
10471
7356
46648
55936
28521
41669
5226
52415
13357
56233
25885
9088
38506
78449
82972
44164
42549
7247
10397
68361
78494
17374
48392
18899
80359
38572
46538
55667
25429
79532
11652
6401
53134
13099
60476
12246
47929
32808
85044
35710
32402
55496
81376
51090
30806
27932
83748
32054
50127
84995
68457
43790
84903
82194
86477
34487
88478
46632
70369
35349
46615
37626
17506
51016
3222
4047
8139
7861
13623
47583
8676
487
45486
80468
89007
78129
73697
1378
68730
70498
78937
58385
32443
33896
34539
85359
49004
54857
45536
38209
51053
12001
32460
13945
62194
27076
42772
31084
1512
37716
79413
13396
36961
55798
69681
78140
24402
40974
22153
75260
82853
64076
41757
16227
12335
63762
75434
921
82419
62026
79523
27386
59297
77778
25217
72779
5374
56293
29192
18388
83811
81298
11665
47937
73731
74402
21763
3722
80054
82936
84648
36612
28162
29506
80858
29534
20692
4760
46620
77716
11322
25361
924
46979
74509
85707
48220
56231
36419
15168
78702
35348
2694
83131
36751
44731
39857
15202
68114
24009
38294
89434
71170
53422
2596
67968
3645
65262
14826
65975
62309
55498
77846
17244
8887
38835
57856
15234
14996
17474
68412
73061
81977
25063
75699
37167
87083
74919
87970
40575
25275
54475
13968
64832
2969
31819
43500
6339
43886
82721
86678
8461
20254
9189
27208
29781
61659
88631
28838
21321
58451
84163
35684
84461
8128
54125
60128
62707
53803
33314
29727
63378
86301
7567
17553
25980
10448
46672
49499
79215
14949
762
54287
35429
14146
13826
42818
39541
74246
48646
3997
80601
31709
59193
36334
55325
85385
39136
26295
55722
74647
17702
3505
32062
80217
53568
70030
33062
50176
58658
3280
84813
43481
7124
46077
62918
2267
29828
84303
2925
20308
41294
35808
52895
6052
70093
89200
48922
88626
59004
53876
11597
3383
69721
17537
34824
16908
51215
29747
68811
45899
5976
23845
87230
57756
27013
61620
40432
77655
83841
86292
82245
44968
20098
55454
9006
40693
26729
34542
2089
50849
43865
73718
20888
45889
26753
28740
60808
21140
69711
1849
17003
66918
79770
82487
7601
37276
9385
41924
39831
61670
75467
69838
34714
35837
72389
48069
77502
67909
25967
24428
8713
47727
63230
28452
15360
67763
62981
35519
59388
75005
37266
25914
78239
54921
79207
10486
82627
77854
70672
23787
23502
30009
45378
54003
502
57343
87570
81771
16546
25408
19937
11617
80276
2429
45335
24476
4753
61554
28394
10400
74228
523
32531
50845
60723
52936
26214
50270
88553
20545
62843
81389
46070
80865
38098
1081
26383
16174
83554
20210
57720
44049
46054
56917
61739
18107
23680
12840
9156
59915
32468
9092
2460
53410
6659
69332
27214
86695
87314
17918
19976
60241
69431
25950
63337
8057
31429
86272
21562
75676
20967
49985
33510
41819
13368
46865
12868
34001
50690
29691
58286
87813
46861
56059
46714
6706
45960
31632
18903
53304
1478
4448
78288
5989
50243
43421
62142
46197
16185
47544
18041
82923
6309
4096
5476
27799
66687
51996
44074
16433
64646
49366
66272
30493
11135
64940
73755
28038
53999
44369
57999
57423
41056
45719
34373
32332
27298
79005
32256
15632
65834
82298
29419
21157
23749
23790
66915
53933
21450
36683
58609
73842
64850
37854
2587
12452
30872
40537
44536
78050
35642
65231
41714
48285
6548
49987
18529
36704
76555
71235
88073
58339
29463
16418
28137
42170
77760
47666
12358
18221
57739
49412
85422
20362
25039
64560
86761
75281
45310
8626
33182
6728
10932
81054
83880
58302
35064
88375
51326
2105
67610
81800
8635
7763
45766
6717
47693
23178
60773
40443
16023
73414
51352
36913
30707
19993
18204
80139
68679
18774
31645
2099
20345
21920
80806
10331
86288
39418
35639
83782
15825
51507
83039
75185
40265
81093
87229
6465
41053
13991
85089
4541
24733
65440
6055
39525
71725
75
67703
26370
88486
32756
23270
58659
53430
52308
63926
39769
45333
37014
85802
74746
51431
50528
74300
63759
3107
521
12600
16148
41097
39622
43296
24706
8685
10222
25916
60886
79723
42868
88460
18412
15983
27098
60346
15711
31994
81494
19621
89861
41018
53270
64293
72519
88211
33344
34402
44558
55983
47884
19533
45679
50617
20813
21809
89929
2278
89137
10413
4707
63429
29008
73611
7299
3719
29024
18377
82797
34140
77923
16721
34915
10973
21656
33618
8393
75381
46576
87538
75679
64843
84977
14121
2643
61602
43350
50586
40849
9902
38136
4701
34443
55004
31490
77102
88833
52396
30427
42817
36491
18820
88900
67699
77679
57551
42136
74037
75897
39442
79065
40373
19399
58546
33399
15136
82286
13509
66804
27444
77093
52959
1128
21427
9601
65903
66147
80573
33975
39553
61376
72460
20951
13116
59332
12311
22621
26195
52292
3796
65552
9953
24959
70619
4626
44662
24409
58493
46240
48790
28339
76008
59119
16552
36067
66421
50893
3812
40702
74604
37921
88768
65264
11929
21603
69423
6241
24220
30475
10871
78412
59850
61106
76961
12824
1733
46085
46690
19724
10819
38633
83481
33581
67270
60944
84749
68941
81701
16192
55204
28647
55312
35836
73804
77720
69161
15009
9221
5124
64813
72907
12875
60309
81666
49610
68116
32706
335
2930
68444
75417
52313
23393
82779
81299
81238
61549
22041
59209
22652
80432
41456
33911
87828
23391
53416
58365
27299
66881
38743
70741
25541
39678
52819
29700
12199
779
13532
58593
30782
286
77347
563
51951
18893
8047
21443
87648
87153
80684
39630
65175
68372
14671
87886
48159
23739
77238
67005
44733
69008
13648
63549
52276
21721
7949
21319
73712
60533
67724
83097
56946
46806
9422
50850
7279
56590
79348
1223
73733
51162
11796
57780
44581
18131
83633
52683
12629
45227
37240
13504
9388
78467
78001
25315
69222
55476
83549
85273
79630
65405
77356
31578
7587
45760
43187
28326
6050
60072
53570
44926
69654
36948
51421
8790
46022
69305
71381
76334
30181
18614
64844
58990
18677
49728
61007
66723
68359
16785
36934
17286
37452
952
41918
25587
85063
18318
56945
40999
62179
57545
65253
40517
2473
66921
46947
22523
11251
39657
81473
54139
64685
54990
25209
63869
78238
56840
4728
7591
77899
2424
77180
54443
85996
45916
10300
77027
32902
89855
40317
57716
9899
43559
1152
63195
82098
82512
8673
31135
79545
69080
41162
73739
22064
88716
79538
28217
16391
74601
36327
81466
71650
13615
31159
56138
79610
33023
42989
12286
23209
35045
72323
42478
31067
69537
30199
64746
41166
45287
86040
22110
2408
4443
40837
22736
20368
46136
24423
34350
51670
65379
33329
64562
54626
37970
74154
61234
18858
36534
86193
38177
11210
22850
36766
13860
31143
4793
64404
29036
30516
68330
25101
8515
66893
3168
61366
52035
25702
10614
19345
5742
38816
83842
24646
60903
39295
76513
54379
41436
88032
40140
58941
89644
11595
38068
33055
62496
66765
19982
4299
55274
75640
26817
57796
82706
35010
3150
25293
82336
77152
33461
13743
72256
40375
45055
61824
86953
64464
50021
65358
71419
42878
73186
54245
17510
58146
8105
18429
33777
34024
26084
2972
44401
35347
85322
61416
13476
55954
40708
51445
60414
41559
43496
8405
3863
111
27736
40144
28173
54297
8038
75043
65802
71356
45107
13412
75341
1066
78913
66201
6821
33398
71910
38536
81246
5032
42292
31382
23325
36714
52519
75985
26898
49980
1345
1661
18237
79144
61660
34744
60779
32671
41907
27583
40164
54089
39410
44608
33964
17594
82092
36266
73249
26166
27210
37517
86227
4088
7107
49950
3448
58691
52735
41408
39751
46634
86480
64619
7121
77910
1222
27005
15516
4863
48066
55100
58269
61981
79199
44510
31428
66816
80393
66484
63234
9151
36277
58169
34348
11202
27185
59274
88159
85007
49240
42799
82696
47751
1922
11043
22337
69575
60532
79468
35881
31055
70925
9749
647
62134
63503
68430
55422
27952
17736
19569
32112
53359
78284
58499
34313
5834
2595
27745
5012
9173
69072
48315
36673
32839
2950
16814
88212
44013
58866
60066
26700
46062
10165
38207
31604
59907
17812
10389
13009
65719
21559
74615
32427
36591
66953
33624
16856
12436
52650
11689
27788
61129
82023
72738
61592
58034
384
33385
64338
50750
28383
56249
57874
36353
51415
19853
1509
89809
62007
55574
60205
27227
56262
81139
75577
48589
30119
57925
51107
80747
65712
73675
37989
40500
75265
8384
49709
7698
6509
84161
89361
75113
45386
9257
49539
25774
84693
57613
74904
63485
85602
42791
44322
85278
22090
45098
44411
8686
28413
73105
23432
38469
61140
9435
47962
30763
32261
50972
64845
35504
8208
7982
19727
931
15992
80066
63416
25745
84955
48187
25976
15602
16430
28475
41665
42204
4852
2492
58747
5127
20943
9194
10660
14374
51779
1865
46266
32200
61714
1258
328
46780
89049
88861
79649
21087
21759
5589
68432
12807
76310
35384
3712
28700
28411
51928
65285
7040
56123
84819
2196
51080
41024
42340
32018
10321
22557
65003
14574
42871
77329
63906
62100
89811
89306
561
8866
61842
35679
40161
29266
61343
25050
75007
3311
232
30674
43611
48579
84356
72396
49836
878
26890
52939
76734
22112
56216
19882
15037
8505
50977
11979
87479
10000
55121
71151
47190
29757
59006
21013
81757
54173
11240
79887
33550
53448
18615
2894
82183
54636
41501
67996
76488
34310
45850
32560
53709
16166
58362
29044
13969
24367
30716
25376
80654
88644
62788
55257
61509
24293
18282
21106
59027
61604
80587
37845
12590
47422
60226
26580
58181
26860
6843
22840
23743
40099
3998
8291
46041
47611
14524
11771
46298
62650
13837
16982
65955
69840
12305
38754
55812
69193
73133
34400
76565
89523
20042
89330
24350
71934
58087
81210
67704
83274
40672
49135
42934
68534
72966
63238
57752
21733
40859
52937
62681
18362
5668
23612
27164
17008
10728
69402
72949
37982
10655
45185
79420
28493
40842
77752
70491
63643
55366
1142
85245
79901
32936
47501
21404
72626
11586
51548
43137
26855
33101
74001
66233
1536
46099
4316
21453
2678
42937
2050
86677
81914
88454
17637
9441
75447
28716
85798
33585
40561
10676
74031
36559
16919
60431
57712
42640
20853
25093
71534
26291
35632
70372
80188
27325
20864
22935
36987
4921
31520
75473
82803
76378
45801
6152
15067
5914
65964
41266
11928
35410
29990
22245
52608
77540
60841
74961
22748
40070
18995
14936
72688
15296
80564
75979
37734
82464
167
69553
5883
84169
1268
11752
49373
3535
7750
53089
81995
36652
88604
3897
5770
12775
1235
78624
19846
62295
10540
17322
34269
20538
35919
38079
6225
1150
36890
51277
29763
21996
57183
47945
74875
22785
22714
28128
14751
57310
19314
9021
74012
59235
55045
50923
65953
67793
81221
3068
58849
54916
26102
48987
38051
37308
26308
4913
5929
69788
21212
27123
9324
6847
46627
22700
68854
34238
78660
64254
1523
50856
53064
69937
77617
51743
45308
56076
23137
35037
27659
59860
12143
49248
33099
71763
7267
89844
52858
1454
55107
63667
47003
59290
52551
15724
89627
642
34303
35773
70453
38441
33114
5278
56732
79778
28916
37663
33764
77718
30902
61654
20486
64326
5437
32585
27259
54706
26132
49901
15270
29230
45300
80586
31261
42753
65409
74977
63127
85281
88469
86018
80785
85467
43201
78491
44479
85940
16846
39554
43540
31888
30372
50664
8363
18066
22149
61830
47835
51767
89383
1440
75217
88288
41583
24265
42175
7301
6569
88923
49710
59169
78171
21655
79515
11626
72416
34906
51813
13221
3966
85809
28416
59964
42517
60006
53226
77511
19747
24548
30508
75684
28355
48080
42631
67535
9247
34827
58340
5282
51233
45860
2451
16274
67443
86571
24474
16342
27743
69556
1049
71117
562
66779
67448
46753
75600
67644
82945
83723
16705
64268
39795
67155
32627
68586
12200
24858
84711
61610
79561
25781
21317
43339
77171
45433
20838
22357
46886
69523
75775
33963
84523
8883
67191
57641
57667
8197
77624
67683
49034
66977
26467
74375
80511
14775
86786
305
41998
33653
13842
36072
10659
65981
57997
33600
51793
71327
55165
58134
63950
4506
5521
62868
51006
71183
8036
49493
27315
81844
13732
16957
56424
10632
88250
86561
336
85595
11025
50651
16278
46930
6620
8850
36325
25850
5242
25453
298
14373
72048
52489
1591
68251
49537
60521
9822
50207
21250
1837
1402
55110
61109
17633
71512
6957
43595
11026
2981
70711
85605
7934
72741
4300
69121
6333
50844
21392
62385
19357
65531
2682
75817
15100
46126
45469
60
62267
49518
32746
61967
57113
69474
65431
72936
40320
29820
65327
4704
50218
38863
23788
5311
85990
31073
20424
89043
20472
40205
53700
65305
68544
57058
40229
60662
24798
62977
14082
69969
35969
62692
61011
37481
53985
10259
50110
89212
10959
25249
81089
71991
43957
56261
8455
8807
18779
40787
57333
35057
62761
66172
51040
25252
43667
6514
49256
65923
72587
26642
66802
34634
65731
56297
1605
77677
11123
38901
47925
61869
31192
14684
58848
72800
61402
81343
20458
69298
21151
66508
21041
14804
52339
30801
30787
84254
47600
26959
3392
6337
35155
33627
23335
34976
33595
61481
23507
31394
34978
60658
37437
43862
89287
68801
40180
58109
10993
59080
23434
10419
42699
77957
87696
81352
71771
37350
8704
76738
35690
1403
72254
86658
48436
54864
13274
83027
78242
56359
85051
39268
43521
43152
30308
9492
610
7097
1658
48698
30936
2467
66774
87191
80417
81094
14208
7022
51442
54717
77827
81016
32686
64920
32967
23842
18497
28663
26829
27929
49215
78632
35510
19176
49866
54383
16014
3646
62459
49519
33534
61005
77643
78860
9146
74474
16116
58591
89249
14357
77661
78522
80746
89415
9000
17473
46098
88379
20930
70809
9352
34591
73453
5222
32127
63362
35879
28172
51575
56187
18353
41365
20645
30734
11374
64412
70341
49746
2614
24364
69453
49669
59125
76608
49946
85477
52100
67436
12148
42080
3551
23891
77656
7401
89739
60682
16203
80693
2400
63907
9049
12653
83993
53159
28410
32086
55947
69036
8727
6777
21912
11885
36672
82057
19151
27160
2701
40920
73148
6563
14915
82819
13957
23332
6395
430
34832
25816
3850
11810
57136
24598
63600
40007
37634
26695
43330
36442
81126
11277
18918
67687
9865
6988
39216
18757
72923
31415
25641
56146
68067
65096
76418
38357
52584
66456
50033
58322
6331
48942
36073
18617
75752
28679
67570
74353
11028
26573
12145
30228
31690
44520
83145
86507
8048
57342
26579
39251
34236
75689
54280
76766
74487
445
56181
24631
49531
16444
15214
59727
88757
74695
44043
87774
43031
75949
153
87323
43547
65306
38064
64870
76872
10239
5451
50168
18363
52676
49083
23367
58126
27683
81392
87745
59204
50426
74004
70363
42756
79166
37674
62430
84619
54747
88373
56911
62403
59344
33906
84114
2209
55539
41138
81032
81909
3963
75625
53564
43207
11558
1186
11688
43270
11582
7749
49153
76215
68961
57123
54780
55183
55300
18663
58351
36768
45024
10403
14301
22189
86228
79327
38813
81572
49824
80198
75688
8920
59130
50691
13709
49233
86681
89933
31715
15761
75088
6289
13910
13406
75050
70054
33241
27777
18251
69391
50170
2248
12713
24893
1442
31565
59529
86268
53030
77838
63295
14966
3752
14624
71734
54483
72841
49811
20649
46344
73612
15085
89305
5782
59487
68415
13006
41825
44448
84547
84199
57518
54993
89204
45205
63581
6837
63904
7129
37965
26373
42576
54237
72549
43447
45767
69138
62811
40557
83774
73509
65920
67872
33491
70600
79576
50377
52375
72959
7207
19437
31860
32342
1399
11785
35683
22260
32491
35982
55773
83971
78711
54074
39015
16279
1034
36057
17988
22455
82618
31293
16741
15133
45439
3737
35100
21835
86053
80900
5202
24351
59931
26809
11860
11297
67032
42330
26938
84237
69545
58245
38074
2735
23885
83870
85194
80688
26806
81650
83171
11207
55259
7365
76150
40057
26614
81508
85916
62588
23437
23679
56200
81222
30506
82669
8812
46254
42736
16147
48463
53027
32136
51063
25691
12079
37414
39409
51583
83024
82496
3625
71794
78091
40385
51679
26638
77490
57945
42907
43058
62219
33370
23061
51536
62545
8739
69879
21324
66019
15178
78696
16791
63596
82806
82476
56843
47346
2704
1255
71022
5020
74211
65532
15271
56433
39438
7007
62799
22220
963
36585
56785
60656
46558
33205
10570
6491
56274
41188
13478
63021
44849
77198
83985
26278
43480
68746
28206
58083
16466
65136
56217
30072
21550
82077
71072
86870
39502
79434
74156
54291
67328
87315
30865
29737
72335
19879
89747
31564
23112
55958
10208
84152
21643
5612
87078
81204
4939
35039
24856
52340
78868
80178
12510
29966
88845
29178
49667
5781
42960
23471
48879
44587
55094
35572
58291
43800
16830
34924
11053
45548
52906
48231
52989
3960
75960
85645
86426
31185
21608
25682
23940
73795
86282
45905
23235
23884
47008
62573
46369
30362
87381
58873
50060
89557
72319
58717
87115
70862
84401
13117
17744
74874
63002
40126
66912
25061
46194
13485
50647
35871
62884
20883
71762
69085
68279
5379
7851
80498
24325
49492
13387
83144
14526
52026
22808
10373
74762
41320
9433
25613
66312
72363
83382
29678
4607
79219
29948
28104
5837
57594
26920
42734
57653
84600
9191
14961
80467
399
89836
49180
61067
11768
7999
62585
16199
40701
18703
63430
43467
24447
11693
88062
33005
65224
7788
48891
49367
15217
48081
46821
46817
81889
41133
21167
37310
55472
18403
59716
83140
6572
2915
70799
72169
15882
74856
77412
19968
25905
83401
13091
49252
77057
89601
41334
67347
23214
73593
25713
87657
25572
45612
9227
2578
63350
21580
44902
95
41890
50627
51810
14223
3816
27263
45029
16431
3853
76040
26129
9165
36425
53981
1007
41212
67388
508
20955
51387
29845
46210
65966
75714
85637
48493
35208
34609
73
69951
397
85062
35528
28393
10124
57975
14476
55691
70874
57081
10739
37279
35175
51527
35702
55387
68387
32477
58467
41146
53707
86142
57789
58480
21552
62559
82985
83926
59797
40894
43881
88545
46443
36485
45582
65099
52453
58103
19106
43400
5264
13425
73614
844
31605
40363
81317
907
11165
50357
50599
17252
77149
45877
79982
59250
18018
51877
82441
63646
46659
79690
75529
36827
40918
10444
39790
59153
51925
21973
57345
46919
36693
56176
50365
30337
59407
37924
79557
71208
74754
5173
64008
36944
46775
21695
79589
83282
32502
40738
11833
87892
87226
45731
34948
43116
60457
5034
64121
51112
23704
86330
71041
72999
70748
83228
54895
77115
25245
52238
38067
7597
2808
70031
88767
2211
72336
60957
31949
4486
31810
81832
73161
10075
32197
50597
11958
22186
30885
15770
56829
14006
9675
81319
70630
31124
78026
11707
23048
364
77341
88354
27502
56569
86370
75006
35926
47074
3255
58164
25054
75856
56481
39435
55991
17116
81820
77293
50094
89293
43836
47779
29060
6994
86813
14278
24731
71241
36377
9242
41012
89171
76256
52791
86196
1424
36228
79068
18305
45459
87584
37252
67680
57006
13563
85744
78300
21259
41556
72806
60582
49087
8917
48165
86769
89473
18720
3390
85797
39557
46148
87447
87901
88011
85667
3654
84219
82111
44773
21889
20178
37538
57387
33870
47171
30742
8567
3842
86731
44445
47348
58421
23464
3669
27695
56608
26934
88495
40389
77012
63354
14985
50416
70064
34464
59302
66136
43953
84229
79638
59745
47378
76934
63411
55918
8010
50986
70758
24729
60979
2986
37381
73451
44175
8059
76205
20887
38380
27698
26428
29746
41721
39371
34725
27895
41433
834
13627
58310
36104
6360
62502
80580
4147
40649
5291
10580
46362
8241
87951
48727
69176
57195
9094
25045
11517
20226
67075
13293
82395
27775
51479
45198
40449
42624
48371
62534
58005
63749
57067
78392
59402
84752
22201
80411
87698
10736
14694
58541
79875
2256
75730
396
19435
21144
88195
31627
52627
55980
30479
56994
52483
68942
87007
17955
35268
86448
83029
64436
75206
47863
50517
74146
79174
28007
72540
64387
13100
61948
12057
5925
6976
64588
61681
48736
30410
12505
38728
54532
7697
8066
54182
59191
81217
65513
38938
9965
86562
44918
13965
15677
29344
63971
77065
21674
66189
21579
79639
69055
13463
72711
89131
67674
37213
7442
7863
19375
72080
6227
89790
13317
12527
52329
49262
13943
19691
25772
83860
76757
37060
70043
25700
24578
2558
79591
35948
23141
5756
32789
25424
26674
67930
73330
53065
75124
40869
40889
55241
16250
11976
40747
9348
70792
65820
45361
10193
69911
8153
36817
76160
20869
39489
52477
65784
44835
1328
70429
12835
47321
72391
77638
59411
74061
143
31373
11802
61566
88743
72989
35741
53765
27848
37274
88470
5948
47469
55675
81588
73540
41003
78740
76688
9137
29393
84294
28917
27231
14501
72988
83337
61989
32709
55233
57947
37048
67762
33347
16747
74162
47982
56689
50018
58431
82010
51005
80538
87203
66266
25809
839
44574
45681
87091
11787
27103
13132
53314
15579
47615
45818
3197
69949
60898
59458
29564
35033
70649
30095
62373
66021
64666
38687
14744
88030
26777
74930
911
23820
42048
1669
82884
63767
755
49840
74709
50184
80381
73872
60573
54603
41600
3511
63060
48046
81439
35154
52368
12514
74863
8644
28177
72431
6989
15896
57695
27914
68057
30099
1948
40985
26135
34758
54704
4
22690
72428
86582
29173
71068
13542
10447
11174
15942
19517
8878
89934
47122
37871
58775
25861
6413
87014
32043
55423
55566
21918
44564
8173
28115
76492
79456
44624
9708
55217
59268
16139
40194
1211
36561
50791
41614
76157
80767
23136
48770
76389
56192
67472
16383
25211
86095
52468
5341
15302
88594
83836
71956
25399
20990
9670
13097
26652
7596
26588
77522
36937
87365
19849
31678
50933
80396
30426
1014
63998
4657
19684
21210
52266
19952
4400
65771
86144
86143
45979
2954
35880
61998
20596
67000
48042
12746
48446
70196
53724
85585
13121
32815
16941
56387
42766
67094
22022
78693
38415
60407
77761
67655
36639
35761
47224
3478
30122
64107
48568
58417
48944
70564
83558
1145
87327
49090
1722
58081
60893
79703
26660
21094
35505
51
12218
767
63866
47715
73538
41635
55746
53757
34274
68482
17441
52281
51602
3827
65947
14682
53028
66636
2538
78679
42280
19388
50103
7471
44194
3938
45129
11478
61054
52473
88351
12557
34328
87962
20494
63737
15138
78062
17605
83139
85131
33589
34745
59605
50283
57629
25890
62815
15026
60515
28818
56675
29413
82376
29075
77507
50660
19095
73554
63814
65129
3307
82265
64986
5149
23092
30461
11438
8564
21845
33392
59957
81265
54863
22646
32312
8731
13401
52351
53219
67905
53462
74252
52098
67653
56384
76071
58945
75634
31674
69442
20746
115
82358
22927
47561
73308
84167
69762
1077
21915
56901
42875
87041
42528
50959
24375
47237
32717
73312
57817
17940
8611
88815
78864
73708
49382
57676
88009
87975
9855
38075
25026
81840
82665
59267
34491
18438
51822
24998
1289
32063
73338
89610
784
60003
68265
2689
19607
52764
23734
49047
68297
84975
59494
79340
14509
78259
88297
87845
56521
27001
21792
47741
23519
80619
10026
68302
80030
66606
76907
5863
82648
71291
61114
88183
31494
22858
86981
58959
67296
38397
82896
66622
62583
55829
25168
16708
60452
63627
21747
44740
56455
10757
28027
64799
69741
81705
24749
84735
63557
85496
13524
9583
15688
15046
26933
66415
63169
50415
12225
34667
81957
41622
34932
50745
66702
57961
21823
10878
12866
11075
58712
16935
20814
71146
36904
3519
83932
49461
57969
33423
29986
63262
35016
9215
86409
63990
24418
35463
33671
23745
80993
46153
76230
82363
66393
9756
9246
78397
49822
39053
7856
56
85556
62520
43760
74229
51116
51812
29352
54211
66666
23653
55923
13846
20478
51737
47196
4655
68274
59903
6726
69210
71438
78265
55389
21020
70479
16806
11916
46236
28914
22949
6084
25735
78603
75670
21808
79938
18928
20386
69859
254
54690
58710
29540
65848
62330
46322
49645
53892
37932
59593
7257
25179
14506
7566
30586
62867
24504
63366
73771
63373
49947
40945
63062
8763
88008
40251
56634
18044
68585
65818
3909
45817
71108
55507
56072
7369
78987
36443
13626
5910
11366
27323
34207
42035
46876
53574
33318
17308
8137
36760
81968
9023
82182
12488
20097
79370
81235
69996
3171
84072
10080
37172
14503
22917
87167
22389
69836
88848
20668
34424
11033
45312
75528
54841
20316
70528
10247
30464
89206
54715
52833
38390
17437
72202
56635
27218
25193
51815
58791
11703
15771
41272
38462
50491
53673
7079
24278
86069
62061
22476
26011
59916
37272
37261
70920
40130
84168
85075
6854
67737
74342
8696
63973
65251
50658
51980
61153
61334
65151
50821
89238
29596
71080
31345
42795
79915
75372
71615
83293
35550
10120
50868
80609
26322
69515
4890
44148
71612
74573
84508
37638
7806
52755
57470
45106
81759
56243
82195
13018
70398
80137
5048
34277
4086
65239
86362
17040
37850
84945
86200
37222
85700
20555
79526
80296
39472
31707
19868
87032
64501
76161
10741
49099
70537
29923
42314
33414
79157
24639
46630
38822
13350
56738
71380
80477
30269
39330
39176
78012
8851
39224
61980
72532
6291
54612
45375
31393
22386
12136
19514
8060
83721
79939
78015
68155
30604
79891
47421
15769
36637
45153
1902
40494
10783
7714
49850
57964
74503
67948
79230
12837
22905
15739
27969
48755
32434
27931
20017
50987
84211
71023
55712
14069
33236
33771
8232
32615
35554
1607
75599
63689
5675
48664
71783
47568
30910
83897
37916
1511
12579
40777
82827
57051
42211
39854
86810
14216
36071
23081
75727
78998
69673
8986
89762
14300
19109
14089
55006
23747
225
87802
82906
35606
22640
74551
41305
36588
75883
80743
63277
57526
18050
4371
78193
2192
19416
41282
31114
45712
58697
26845
89182
35451
79562
36875
86537
16762
30129
48174
44351
33810
57340
26007
1178
23537
63390
82586
15487
22986
61117
48365
7973
20781
67354
5691
48293
35334
27166
45252
7758
63161
34111
71605
73310
46751
6696
73999
57477
7116
69704
81030
41270
75384
56258
87923
43965
69495
74908
48157
76195
47776
34480
76065
20468
12207
46181
5409
4008
23289
80915
59167
3455
63020
17962
51136
16372
48179
86891
58449
17862
14656
51537
10078
18456
56390
11386
5249
28965
71430
662
14763
79056
76684
80249
32240
28767
66397
31049
74806
58313
42106
84882
63451
31897
24529
17126
53591
54413
39280
20111
45369
28707
53628
75904
89042
27988
47449
7357
14005
38779
66638
80716
7882
68995
51365
679
11477
25851
22739
67029
28705
7922
6177
20052
51551
61912
55410
55105
11852
43395
42002
80949
55814
51213
28231
81492
58501
82215
60423
79780
61177
26049
80689
80745
23841
43867
52434
43322
73516
8818
39992
62319
74769
67015
42686
74913
67004
6207
14073
86470
21298
65228
44970
57007
42087
35737
7109
76217
50017
63103
10905
12063
85401
72366
88284
85012
6119
31400
72478
4845
71138
81669
87355
41280
5792
2824
22325
70344
64346
37069
8168
37893
32426
16884
63412
28037
68205
47662
15538
62858
49104
55417
342
57129
28094
29333
15974
56440
23288
54300
67059
56756
4426
67449
57452
82431
52071
77016
3294
8621
20510
71981
23264
80768
81681
15390
36238
1298
48292
54924
56724
15946
20351
28704
54571
52441
22032
87415
57558
4611
69885
47904
29368
61888
20221
845
55468
8615
28364
1122
3844
85387
42496
8708
24224
36002
50884
5927
72464
30381
17964
57388
20159
49548
16282
24085
42794
14917
4535
40467
37341
26244
52757
66917
87076
33150
55942
88398
20724
3065
84067
78614
23700
79711
66175
30030
41446
16716
40005
49841
73571
13787
69230
69598
50545
86117
16085
3492
7867
51765
44669
62189
92
12217
73116
60802
64641
75796
37205
79444
82305
59173
44680
68307
50423
4864
72821
40115
24065
63080
79748
70371
42676
38801
70480
37913
22732
9540
77645
50969
8840
83211
42835
14879
89742
49315
728
48595
83858
72645
12914
33565
7064
22660
52802
1675
3753
48706
83735
43026
63993
66959
82616
29619
62062
55322
69160
28630
5699
59313
554
28810
62854
8131
44168
35909
27039
83957
76745
71745
54060
7317
21419
86515
18599
22900
5066
78310
24237
33177
37539
85781
87072
33165
40507
3033
86032
10794
74379
58456
236
61204
21335
71868
64197
4503
26581
44174
4555
81270
57943
16885
27219
57675
79295
89389
67881
29710
47589
41107
84244
40670
29010
28466
3774
80903
49077
22749
54212
50740
46492
3275
27448
18753
35456
49065
64791
1514
40555
78098
46542
28453
10702
78940
1569
53478
52623
7052
62911
73907
14539
8550
58518
18954
70827
8420
71014
46145
31425
45017
69521
67715
37447
57784
71828
56361
7275
53817
42792
36232
83521
62263
49476
4238
38275
81011
77365
14586
78572
76234
82708
66506
47200
71390
40279
72502
63477
34130
79091
40198
89626
45847
83598
40611
29022
56956
15489
42815
88629
31146
53335
44313
10535
13828
77925
67537
56202
2010
66990
53998
5523
52515
28915
79498
44770
39495
22228
83037
29388
29869
77260
84206
29864
77122
7316
8364
2447
50561
6841
15689
81464
39101
36837
79452
79742
3377
28244
36838
88093
86229
79497
34067
36219
22726
25607
35461
40979
66785
76647
76780
81814
68739
85643
22384
74575
43916
85251
86058
19027
28544
83528
66313
80784
43844
1944
82460
63162
57691
49204
4544
14693
18274
22113
77793
80667
53553
68802
10718
54688
41595
26309
16886
89107
89081
46972
41742
26625
56736
26321
6038
15167
54387
15830
2012
57111
36304
70339
88367
83437
60391
59115
77955
55010
40325
30350
47892
27741
89838
22720
20771
73302
43614
67358
62425
6101
8016
86921
27572
26394
82452
25327
20164
22926
82162
17369
448
1410
82811
11694
62913
36361
49895
82587
59351
83090
45218
34730
22891
14823
32071
5120
49210
41076
3189
5891
88736
58535
68932
53297
78301
38321
39691
68763
42739
6112
70744
71735
64628
33862
179
9217
80144
14562
5410
70921
22671
23736
40010
84602
39432
16393
40559
14418
48982
50192
28112
82914
81181
40808
17450
31167
44039
76763
45683
82385
36906
15283
1260
61188
18297
72507
3131
78846
23275
71957
47725
80245
22921
88447
67615
57938
74529
65780
43684
80825
84804
20570
6221
62017
11071
32832
27308
72594
31472
63725
74849
63043
11453
64305
49697
80908
5599
36609
17635
40227
54485
41346
4289
71468
89271
61271
62269
20481
37389
66348
80451
19104
59908
52164
25188
46601
17196
46661
47825
4455
35087
20467
70163
3515
67141
45749
5154
87431
27584
31306
18640
34050
4958
38810
85486
84840
84101
73501
50121
19770
56936
35987
89764
69988
59980
33068
64553
88529
62030
3942
80940
81391
6534
2343
46656
80524
84676
79346
9236
77207
29970
82173
15803
16473
48059
48211
9307
77346
37428
69016
58098
22014
76746
77322
22860
50399
36365
8082
17365
73537
680
20626
813
66070
76170
56710
65008
61793
34969
53809
16725
41769
15518
7953
70253
19786
35669
27675
61216
71344
79929
15718
33790
11069
27061
8683
86909
27403
29348
48239
41696
85876
69890
45781
74613
25295
61960
87451
86732
35364
60750
35123
70260
13927
15608
44913
2462
68943
28249
30182
18613
73235
59051
52417
39286
65806
19224
88366
40497
62742
2202
57729
53333
15497
62949
81395
16776
60635
8044
79032
41699
83407
88496
23852
75927
29729
14307
53217
42319
22816
49500
17424
35707
21217
89217
5711
41224
22274
1951
89864
49291
36049
57792
59630
19667
40436
60444
4716
15610
32304
21911
21436
88050
44173
58242
16874
20283
3601
32152
8275
47731
64927
27768
35629
6391
71511
69147
68560
62789
80011
85710
88231
77987
35628
37197
77541
68869
16628
34036
61387
42363
1143
51060
53451
43896
21585
28559
57935
23922
698
41144
72118
2602
44280
68015
26752
64829
65064
19294
2932
72733
70488
80794
34971
14795
37712
24651
82408
52214
78698
86161
15066
47576
24463
28474
70128
3560
4691
19946
48816
88557
22002
27376
86494
85968
28750
60584
33951
55028
30232
81876
15106
78559
78453
64970
32077
21160
66282
85847
87154
55269
17233
23735
45197
26319
12697
8249
75815
68298
12284
87461
32532
57619
45725
632
81561
83191
6300
40552
56251
8097
87352
30950
48819
26167
69666
27230
85506
5870
57153
57958
44263
40123
10834
896
26799
60700
27063
73357
65872
17152
59697
14055
68596
48411
41751
80705
75237
5284
17645
87646
4006
50454
51642
53208
47026
2651
33817
74995
69658
4808
77054
46664
32581
68853
82857
22307
15349
37089
85162
13290
18284
28826
86012
53044
38540
29346
10954
19583
8915
73533
85033
74238
80888
69175
75232
8054
59400
39300
23233
79791
64336
32978
18841
84590
33255
56425
54043
80585
39640
57631
35852
71454
63674
73513
24744
25110
67664
28999
11971
61184
51921
63915
1687
56148
78165
75828
62328
3571
76499
87204
76121
22302
75001
16841
45963
5851
23917
62299
76274
26423
51958
71756
62112
47804
69061
13749
23240
36663
34761
49534
7307
56853
87215
23341
65399
5678
73667
24842
88581
8599
74140
34425
12755
8391
86489
50925
44118
19154
13377
89413
17990
64298
85819
23069
39055
49187
79661
65625
2015
86737
30158
33821
73701
25840
69570
36433
41887
39632
4124
5211
20163
27996
50681
11259
57273
52220
20238
42454
83615
42829
63986
81019
28890
69811
41187
74513
34899
63427
39128
45733
73030
53689
50589
46461
5847
77033
1232
67156
255
7951
58597
83338
56347
26578
74030
6213
15323
39276
4286
19718
18017
52839
30921
77050
83213
22565
85306
2215
33529
87462
22828
38034
40114
66688
85697
71403
34741
22414
10289
72341
72328
83064
50762
16653
73255
3664
15198
15534
37894
34239
1524
40953
78828
78982
6612
19005
79200
79389
77700
24195
12146
2617
45540
13895
54734
88458
18250
42593
42275
19557
15738
85151
54436
75051
17166
10187
79057
61031
7081
1997
89851
22081
44126
14458
78673
45322
11742
12282
88847
15047
22179
27921
7792
29504
39937
29187
31456
59706
122
4342
33837
73063
41774
81047
84960
47160
55159
3533
3794
47864
64205
7791
14860
38316
83400
366
56324
78642
66651
426
40092
55807
71165
27724
57931
25667
58259
35383
73647
80555
75789
81609
63251
87565
43725
30505
16213
70478
27582
79140
18626
70829
56692
51288
6120
77087
82747
55202
7932
56883
47817
31133
85513
3874
50739
76790
11806
86
10009
38639
35362
11708
67490
53536
67926
73015
41886
10107
4189
74255
57354
13972
83924
48940
29377
52524
23299
11985
61838
29437
6320
39700
38900
84095
51371
32607
67897
5115
40736
69764
35608
57801
22208
57806
27515
38006
57432
6295
24756
68770
62308
86459
60043
12577
76933
38208
2970
16122
68285
80317
86205
74579
84680
89779
19214
3824
71516
24300
78492
83493
75678
73787
15452
23202
51170
80328
86966
42049
52300
4266
23789
20774
78834
46142
7769
84148
27113
49977
80931
67446
30566
81911
70084
71952
66891
67786
36507
79540
37331
7854
60686
37374
15480
78993
16050
13897
78579
89005
62355
27667
27769
68922
80623
13863
31337
2309
24243
1690
84598
88582
30858
29713
13192
46937
70099
75411
36715
19877
6053
58171
3714
33044
66475
79884
51638
3982
1380
64824
38601
23360
83236
88107
81698
79763
51942
60493
7461
80465
30550
51782
68579
56633
39565
28008
63426
17957
24668
26261
8999
38834
30345
3201
76361
67128
70732
77456
76016
20518
882
62689
13496
44048
61316
39571
36713
44142
78615
65885
4369
88243
21712
9860
77745
32435
51883
58101
65086
7150
20248
80197
12132
12142
20718
72168
49245
23320
89800
51279
77792
73422
45552
35664
50763
30067
76151
52050
9442
67836
671
47438
54366
40207
31656
86808
84304
39568
84426
43407
56811
12849
70169
73691
52853
84673
20257
52180
9942
60135
72494
37465
79543
23024
15050
29395
36930
21852
85684
15539
9561
87665
12266
68217
45507
10652
39610
46915
37256
89629
13924
44942
53531
75293
17331
50356
42261
26237
63066
14896
27642
79463
42922
37461
23407
31170
48197
43859
53697
19597
33849
11503
82185
84209
47376
64792
4768
20417
48975
87241
32331
63606
72665
26978
57135
71366
20938
22842
75259
3132
4384
7755
68528
5878
38689
30271
13403
5680
58216
71019
72128
9375
54103
54385
67887
82255
51137
1991
6622
12402
30416
8456
22338
78823
36581
84568
25706
65275
39394
79227
16457
62764
51868
82645
14845
9192
80355
71674
28054
59641
61224
6497
33801
31120
34262
35921
32052
20377
89932
63122
38958
32451
85368
83464
21824
76940
82099
38682
78724
29048
84889
55996
85639
30169
77733
39645
52514
51740
677
24120
49170
80452
26754
6681
23245
59771
86824
80999
35787
53602
34838
23518
85472
30379
50452
80943
47781
49241
31924
31831
40437
51069
54094
33709
66609
36372
75263
86800
78897
2876
37110
52569
71386
70095
5549
36878
27109
17947
927
23171
45395
86624
7784
2334
29788
56415
4353
34059
78368
25116
8163
29790
67411
4417
89285
20046
51848
29531
65466
9883
79477
27971
73057
69114
51441
74055
43857
75423
36742
17991
59769
26836
81686
48801
26327
3296
20420
68212
78466
70071
634
50697
21675
42913
45793
49846
24523
73518
35908
33488
31253
59060
74427
28886
61049
66886
10294
12967
83840
49214
25296
51811
85326
74955
75323
22058
17189
26878
73824
66133
67187
56210
41898
13438
85121
341
26773
15222
51696
56028
877
46351
12958
37054
10877
49044
35360
86201
10685
10921
54630
70357
62236
21382
47681
27575
88802
33245
60021
65778
58559
63321
71363
68521
41010
71498
17149
47365
28302
60102
55967
59469
6922
64291
19235
62757
37330
6565
62386
13697
76326
4759
57867
20606
8598
73720
68614
53133
58399
50115
62285
46020
1653
1961
63175
59928
77020
20850
22807
47810
75425
77094
29629
22983
34967
60321
44257
54117
85970
77449
87065
85867
29138
56808
45485
74653
50541
72891
36203
77881
54595
72631
37525
12563
27934
9908
18122
21793
76655
11828
67932
28155
75222
25578
11543
44705
77802
4833
38617
17007
8785
1304
31220
76659
63685
53835
58152
59418
27750
6198
46740
23758
82037
27546
36670
84367
33193
27866
65837
69643
32857
65502
34045
28012
7320
77047
33048
40657
42085
61634
27280
29147
57330
41168
11355
85058
39054
84186
64096
58774
60019
62153
22422
74553
21058
27906
50276
5856
62174
66828
23361
10733
72154
15786
36886
37297
83527
85407
28502
78587
23247
13063
3694
41405
19269
31391
30689
7577
67139
40240
12810
41792
38557
35760
73570
84937
50341
29688
10889
17354
48878
70473
23795
87709
76346
41313
61953
21258
48095
35131
5376
78694
53894
2346
34581
49413
82719
74862
43828
54540
31521
18892
55775
51643
3279
17834
43759
76990
49786
34362
68337
89069
84633
64570
2785
89223
30612
13875
2806
56698
83336
32874
87913
62812
85746
76669
35600
52503
47019
32399
53280
64439
41465
12438
5646
32688
63438
4891
40063
45345
75145
10835
83722
56906
2166
37268
36289
6222
70717
71147
21971
56458
21059
76765
57346
36848
25955
1040
21573
68237
67140
42396
73164
68702
88188
33403
6754
40171
47972
57620
19177
70981
16385
6511
56895
54562
83817
44791
3445
62700
18669
88221
14177
77678
72067
20087
13157
84275
71584
65773
37732
82014
30458
50502
89075
75662
38520
1979
49040
27249
33089
48909
1702
11002
75342
80488
42089
17099
674
72313
84373
69498
9472
65229
29642
81756
7434
44848
17930
13204
11154
70894
19676
56365
59265
8809
81628
35996
33094
14038
76108
47451
20957
39796
63462
77948
48073
17944
60098
35414
64430
26863
64148
70532
52155
69627
38060
37181
75059
78631
4670
39353
39869
77046
16189
38890
62708
29391
54370
37360
85966
66749
39994
62277
70367
45924
86987
48810
2031
64559
85226
23290
63163
22170
16602
41514
34214
79063
2208
45464
16514
77893
29212
26255
48659
15182
25620
88666
42943
75700
56224
50262
3697
41955
37242
10235
27860
32724
51508
68855
21720
3622
52795
88570
13330
5064
74773
88052
73287
13234
30664
58384
26233
44895
54881
84082
27234
14365
53469
79764
60326
9005
60914
77019
84382
36270
64930
11464
75495
88660
75569
51388
31633
57456
954
31470
69412
55904
62343
79073
60780
66476
25096
28557
59688
26127
33116
51216
76643
52328
69266
69381
35726
77444
50042
2708
88386
43469
81497
39503
5316
32538
70851
56739
55629
69001
69966
67961
12074
16190
2101
39820
41646
52231
43518
62229
10140
32105
49443
15482
11279
82682
1924
7675
86671
54098
25389
83845
69992
81745
35603
23875
59547
45710
67658
43679
83762
27078
89816
53782
17559
88612
61359
72533
43018
14407
43033
42509
65703
5681
76548
11868
31468
12405
41695
56677
15348
46931
59638
54552
62211
21385
36790
48887
48276
54589
21365
71335
1981
53694
77008
59753
36380
7396
76073
51499
1877
40303
24137
64234
27032
31997
275
9369
17715
51068
57860
24013
64661
23711
72354
49016
6423
37174
87517
5992
51461
76518
84913
6808
18347
7734
3918
61527
18474
84030
48039
60657
1270
41993
8600
32085
40574
69368
62506
86141
65776
30860
18453
30135
83869
63432
53962
62235
50175
59923
73265
19954
38613
62220
68762
60966
85029
38997
74714
67095
40506
63970
11947
59693
31510
12771
76900
44605
67194
19538
74288
58031
20927
9286
16860
36825
21033
14674
66515
35626
81470
68070
55601
18370
11400
15417
45586
72727
78842
80872
5672
17059
15070
54417
47799
65414
81377
11058
5823
86855
52615
11808
15011
55153
14820
30376
87861
38151
66941
56091
55037
14821
26201
32848
56288
33405
80828
59519
79641
80758
6549
54177
68385
53837
14828
39791
68380
39865
51741
82608
66007
14975
1612
57910
60271
7933
34717
35069
85159
51236
29920
72239
88294
8416
82101
32456
52630
27636
3805
18534
62508
418
3313
506
36124
19773
81638
28421
35130
43135
50252
60177
69594
2028
10693
87187
70237
36902
84272
35671
82883
84137
31649
21048
87235
71881
84345
12317
25092
87502
68598
5024
6954
74467
83939
28210
34204
49704
59276
25255
22677
39145
46955
85047
72259
47442
56050
85350
7448
8408
66550
51076
79106
51967
15527
79662
70389
17992
74185
9350
1286
52984
8955
43534
11391
14446
53882
11992
8517
38104
62148
78432
48956
63322
69450
2573
15427
57505
18391
10975
25740
7336
64847
57203
9276
46550
41788
39230
30157
23682
53476
40588
38234
12708
53527
30567
38365
61730
3328
89045
42228
80257
52646
48528
68276
18062
21919
72395
53024
23576
51282
57580
46003
54449
9326
68391
62003
48480
48458
13283
45415
6643
64257
68292
63905
76430
36692
76880
40608
89718
11908
9582
22134
81749
35467
12772
31287
47350
77160
61600
71670
78873
73051
40568
80557
47229
11003
49203
31338
87349
20244
53442
47225
7035
64837
35159
51752
70017
40200
66518
79443
10821
70471
6236
34954
53652
22641
79787
41660
56708
38548
52154
1930
43465
80868
18701
69806
59597
82868
16596
15428
33940
23059
52027
21090
7450
11351
27217
25803
44767
13297
64190
60861
60663
65007
85473
72011
84759
5580
43508
27048
63785
61851
70347
16926
73564
15916
82693
40543
43617
23090
8512
43443
75451
29049
13955
49121
59746
59484
49403
37851
89609
55714
48931
85889
29094
17875
32535
68308
9985
27377
72902
26584
75350
10153
21849
38836
58605
38215
50419
4965
86882
51714
11234
89254
26701
14052
49407
1367
7957
12202
81453
56661
49470
11680
39778
32376
30679
80837
10543
63731
56757
69610
26289
9015
27764
26769
49317
50151
39289
41785
77415
64514
86783
47149
155
814
57471
31638
29622
83423
85023
10753
16561
24764
23085
27592
69436
74899
55131
69040
20544
2674
80348
5229
55075
17994
28318
56401
47275
72091
29593
30108
82016
50279
44856
46231
18822
3006
87445
20905
87299
32523
41349
45025
64527
26998
55879
61298
39411
21022
75183
12261
57588
22297
32651
76182
75847
61570
24064
6629
65493
84521
65676
77598
89992
24571
50622
30821
56407
56575
46593
4608
35967
73277
88253
5220
51342
76932
62944
66864
26803
63578
88648
47723
89507
32916
79873
401
10856
18563
66900
85591
30909
63011
86760
43414
24135
49982
70023
85648
84556
83730
81863
70066
11380
39446
51975
32081
5040
23856
87876
84538
82683
40799
63982
42242
78164
84233
34336
65032
49474
43178
77696
87062
34709
56151
6146
42291
71746
47886
22556
71969
15667
26401
51984
42822
85091
76004
19188
63201
55308
61855
21963
76668
65688
40883
66772
79329
15096
49435
78480
11646
82367
60240
88270
75715
13789
79095
53691
56510
79177
49737
64407
11304
62818
19840
872
34598
69748
73817
120
29950
49228
10707
36787
56518
2396
11052
38537
36038
83431
81901
37464
9334
5754
72784
5894
71279
59686
88542
38711
37225
71474
23882
10054
68043
51559
54931
64383
69419
22496
19714
10291
86188
68068
59375
80979
16306
27496
45390
42911
63101
85850
45890
23068
12904
47716
64006
64408
55352
6305
29871
6680
56094
62300
30582
27723
31093
17428
21125
50381
59343
20723
71214
31001
72925
48778
83173
43067
60890
54763
22373
89987
49893
22629
49613
43658
46991
16732
32887
34646
45388
88099
1407
80088
6790
67267
21277
48730
9956
11838
25984
33560
23291
78203
1698
78030
63420
68633
52960
4482
77553
32731
10576
40896
84622
42448
62621
17623
28913
16923
12857
81292
44025
48680
88049
55315
29659
3616
88686
54611
70496
64187
43255
31579
88216
61908
64728
89391
22006
89776
79121
31387
46831
42857
22832
73942
77715
36182
87851
9129
52330
63280
56643
60842
57351
28153
78622
17505
27272
36628
39454
7970
65747
82547
85984
70475
85651
43985
79014
57717
31927
37226
76324
40996
71997
32914
39941
83719
83684
68793
86372
63524
29902
37814
35795
48465
58094
66394
19841
19376
68439
6753
82960
7644
23346
37466
53823
44413
54666
19549
3465
54814
19496
46842
77475
27882
17615
31970
60424
45063
83151
35582
31419
50946
36900
68687
35327
8331
70796
77098
88543
85582
87306
7405
32920
66851
46280
48924
19743
12787
45435
4134
11011
2630
51758
76889
848
79128
77423
80696
40955
35918
5585
82335
84177
73071
84731
58694
66119
6544
78832
50130
58423
23649
36518
2351
65236
77888
17375
15744
73228
47557
59533
65107
20550
84948
6650
40486
41802
49223
26849
72939
59909
60401
51917
17508
39847
21446
20584
35105
32481
20758
68607
19927
26507
88038
15330
1146
46507
8432
75839
11325
25999
86231
67203
18352
43328
2280
88628
18718
19784
15173
48267
5312
63510
20143
11590
81720
23775
70694
81438
60865
41566
85534
9003
69656
85915
29960
87196
55682
6961
48580
85521
85933
42691
62994
59198
60430
62808
32638
77722
49680
34795
33713
43040
25031
4351
28256
84990
1528
81731
71456
61130
13561
88126
32645
47166
14379
28648
13887
67971
64568
13070
17224
24070
49207
75624
75310
72178
35101
29349
85246
30729
71723
2147
1695
23818
13672
3598
65583
60277
36389
60155
58672
20055
69985
23632
17195
67694
25396
11290
61986
59178
47840
77258
67262
28561
53365
28408
47088
75390
31184
64199
80497
8242
56039
79117
42747
45594
88055
18552
72553
15336
48033
35743
16493
2149
63709
78895
58006
61401
42320
36383
66692
53668
75848
16779
6426
37211
62856
25218
16568
66434
5138
75054
22676
37451
43448
48777
19692
1537
11777
72304
35617
77566
37811
538
57768
70370
39655
61712
17033
75474
51526
78333
68335
6769
78697
25858
46854
82540
66419
12324
65954
60184
60838
47047
82601
41058
8603
5183
27786
29158
74369
41345
4579
34316
58595
36224
15919
48946
43582
44197
18476
40553
15075
29306
77865
1333
11933
60527
37736
6916
34268
18509
52371
43961
17999
30484
17641
83463
68088
750
58106
64182
13015
56429
52914
30414
66540
29216
83627
56206
86363
2866
19866
86319
56831
86360
28132
87519
44589
71802
15828
18976
74774
43570
56844
46177
16773
59804
87217
10896
24490
7831
88680
71432
33684
56877
64164
54335
11118
52239
3387
12504
85236
55365
62698
52374
60244
36023
61963
32178
19441
53345
45672
47318
6893
56870
10774
87982
18909
14288
22267
78092
27410
53323
13768
20137
3212
69374
25556
71142
6624
9340
36675
35279
10099
64522
51633
31219
27804
53360
20108
85269
27956
20840
61820
53466
15898
663
31648
53152
2173
41339
29767
81674
25640
33677
19810
19446
88384
36205
87908
71261
70366
38289
13407
24143
72156
18254
53299
10861
72508
15161
23413
69529
15587
5425
10155
49665
23699
53262
14409
2116
81520
89563
4011
62676
73297
44009
19775
82088
85608
88958
85569
73037
70907
45190
484
20186
22991
55703
42034
43055
6693
63622
63343
63385
37961
28749
12975
62241
29732
69755
11710
1374
65343
25491
51361
47820
82784
22168
18168
16017
16243
17674
78475
285
64281
8410
87408
80068
8799
48812
75179
19624
19962
55659
33685
88990
18623
21296
84176
13717
39705
69663
28298
47371
70775
61667
87090
76628
6690
82641
74666
75520
47709
52241
58224
15442
25213
73187
68520
38066
85205
59773
6932
41663
8637
46695
84051
49198
54085
56784
9418
47307
51837
33828
45700
62184
21180
61016
67175
85864
4869
29166
38669
55919
65472
6463
86886
31544
86488
27037
15809
71987
48334
72967
55998
24982
18568
77183
75559
70636
26647
19326
24521
14718
46453
48551
75351
69493
52582
69417
88881
73758
12675
48915
37592
46496
29322
40940
67899
55640
37142
72188
42559
39916
76682
54490
35924
9427
51634
73979
80647
57049
34643
69235
8150
62579
78485
42742
67102
55704
60827
72954
58906
60132
17717
5111
33175
76206
40248
83794
36662
70401
58594
12465
26706
6442
19936
21800
30564
32341
16714
32537
30495
47588
60417
12931
13564
36314
79326
68167
48602
14010
25401
8224
33351
88838
75003
16020
32219
48784
50526
61377
16920
9977
32836
62352
58577
21424
57349
63977
83516
43983
76658
4861
68363
67738
32758
12694
26335
29199
56421
55467
5975
60147
28622
83398
62552
26362
33393
54977
73353
17660
42151
49186
63547
49888
65335
86574
54670
60940
36152
69683
15953
86356
77751
10697
10135
31537
30487
65436
8080
11770
9198
86021
84734
52005
15099
77321
17159
54372
53255
51436
23959
59473
55505
15908
21439
29605
83491
67675
75888
69924
89546
12381
47362
43361
79823
14941
39069
25463
45973
26438
67595
46105
8448
15869
41474
85829
81372
7625
4600
1916
5866
9554
52169
88360
38308
61585
46019
77916
32308
25274
30598
71179
2011
67351
86740
31266
72426
12160
56866
58740
12888
73922
1798
43849
41206
36180
53556
75834
22520
27884
60771
65779
17101
79041
19098
55181
86654
21239
76283
83692
39714
24986
27983
53802
31601
76753
12126
1795
23334
79153
84678
25728
9149
25716
62509
12588
49359
53188
77264
11394
77074
75330
28687
11368
51347
4273
68087
87596
10789
65079
45279
45425
11615
75292
12190
31222
34061
54771
73503
58843
4517
88866
55877
1947
5999
79263
1552
63361
59239
62351
40505
23261
71103
58788
44631
15852
44265
8587
81984
60872
4585
10791
79609
74839
24917
12077
33997
51783
30954
71875
69454
88943
44771
51552
35142
12609
23269
8845
43511
22755
59176
46441
5146
7790
36386
69295
36756
61756
12667
3359
47076
56701
50453
68409
37523
5349
72042
36220
18843
86697
54122
81737
82564
8136
37430
71086
87364
37311
49644
13404
31366
58980
71097
41208
47629
48237
44840
51672
65960
21342
50859
14495
74525
72793
34187
16610
65678
89701
44716
78121
22324
88738
54591
45194
36212
72868
25510
32557
3599
45606
32953
77578
43748
80813
65001
42372
55424
70441
70759
44127
89989
9042
78254
26711
46671
17703
37047
54246
76920
22464
33396
3238
39098
2294
46631
34302
57852
54639
21492
49889
64357
21191
38387
25142
37412
72781
73023
69919
40006
77081
27816
3178
87915
43773
62555
74559
69460
22219
61187
73254
46114
51045
83009
73480
13030
84687
15495
10340
29741
68091
18611
3537
34722
88416
42296
30839
18960
48166
24930
16256
27305
11550
48004
74186
67777
57059
84311
76373
42570
402
17229
27925
59035
86226
62930
64083
3436
81621
40569
70108
52057
16233
17079
20551
53374
88746
56611
67554
18915
57764
81174
48357
53692
86505
20762
67168
29815
60557
60891
45670
30799
40112
34918
85831
41496
6254
36391
23074
41046
50196
50449
9199
67166
4946
76329
76807
65841
82269
23864
14571
73248
85946
88724
53120
27821
47724
35833
14095
79898
88091
78073
62410
34100
59478
88687
31838
21528
24219
3410
58155
89102
75706
76196
68648
23039
60832
5110
63576
48470
15937
16395
9564
77042
35006
22674
75223
62736
9018
47115
21533
4915
31379
54891
74708
51007
39885
68563
54149
52299
31684
28598
58436
28804
39949
10812
72350
39753
69382
31053
40322
55457
49967
30939
65585
89709
67352
77097
40075
71034
61412
8736
88291
47676
78996
67952
3651
29149
66298
8659
6799
4248
13489
16370
24863
11319
29546
29587
24643
44864
74119
23272
17139
38966
42418
50355
47419
11717
47287
70120
25318
82299
130
83663
86592
36866
61206
82402
55064
68494
14261
42221
30879
31914
86447
43721
41488
30835
41933
75421
70010
56899
25910
82991
73452
37124
2358
16193
78764
88607
60531
12603
81173
87231
65823
75954
25688
1183
74421
30822
73142
50796
84573
71793
24117
20267
61165
88547
54919
68899
61689
78223
23531
49682
54468
4739
15157
56742
79967
83543
8427
81614
85302
82700
66940
70450
42854
49831
72895
43746
85356
36997
42896
21394
52571
45178
20223
82877
21851
28967
55426
66633
20284
73944
18232
68224
30733
27285
51770
63781
542
74717
3568
52157
3555
26540
55528
21120
58631
39837
3497
70303
3496
4857
32410
1353
33037
68245
25136
23548
6030
51301
26189
17288
60960
18019
55688
27340
22029
44762
84893
87824
64022
11839
45682
78794
17215
48303
88889
46356
1396
60847
51061
74015
68438
71502
51102
43045
33021
71184
33425
89270
85169
4495
29604
44823
13731
63215
58523
74455
73136
61304
42642
78205
46859
71587
56836
87325
46863
13366
3099
1462
80605
78196
24933
655
9998
62792
76173
14099
37250
15732
56427
66614
11719
15492
88859
55323
66706
46590
72186
15634
10347
6226
52578
65961
47001
51993
84718
49039
87237
34359
73826
72145
23029
86107
45580
58457
84250
51165
76737
68038
72393
66905
73781
51845
60291
78983
74742
5235
6275
4471
25778
53750
42220
63896
3232
61101
23447
68567
33277
68390
88206
6127
12371
40539
15267
24017
30034
43774
74660
53800
58485
68766
18485
84158
59463
1505
65623
41980
85392
81999
45791
12938
36519
12916
78639
28382
52378
24559
6788
51276
49514
81450
2368
74370
29218
41548
68862
3512
16641
65971
21979
16720
76156
6239
56005
11604
30128
88215
37366
65690
13000
41372
15038
78661
30313
72452
74592
12648
72997
13139
74017
4362
48312
41707
2871
63693
40038
46680
42488
27924
54998
20835
61844
60820
10709
54479
2084
30690
66863
55620
57838
63389
75338
34124
13618
67154
85993
78619
80117
33851
88843
43319
89484
36097
53099
21111
74540
12985
14972
61996
15206
11744
85965
51172
58542
85178
19084
48102
84018
29542
19353
37450
1954
86065
19415
36013
31884
47873
81111
89612
12477
87674
26081
56056
39980
2691
81606
32373
17608
66396
42594
17461
72971
30960
22104
43384
59436
15055
69426
17503
73851
46836
58415
15525
21481
40020
23526
6116
25652
40766
83150
82905
38845
56327
63179
76387
8983
68962
75382
28004
1721
18350
37244
75181
89699
54053
85848
29445
50532
30633
53327
16113
29811
17580
39195
38597
51688
35685
17064
838
79851
9394
60084
37705
19497
39898
54095
17977
20844
1240
14342
77303
56316
32088
6630
72213
67904
87313
18803
16652
48190
62623
777
70655
57738
23086
78104
23088
6673
36252
25551
65599
51247
67778
86835
61229
57689
89106
23078
19239
14150
44724
80254
87328
22272
32007
45038
63067
37018
27831
30456
66603
76210
62176
76362
12777
45851
87017
41135
58882
9473
58612
55022
64916
19803
58630
11862
3876
41453
10792
59071
75627
7739
14887
82086
56240
29934
48389
14340
75379
19425
1766
11364
35298
58080
25203
35117
9341
5256
403
2436
13663
17009
58207
75929
63743
78369
79335
24465
58550
53620
36301
27684
73605
57450
68023
65480
42033
80277
40949
63940
60281
3935
1751
11955
89961
36649
72805
20070
72379
65115
35778
6598
63308
48318
60470
55483
71716
87616
19266
72697
19787
70420
83937
76514
1935
17410
28096
79113
78970
86490
8261
21799
66644
37046
64815
74556
50866
57121
81236
27108
52673
68384
55881
71899
22392
6154
52609
48259
57966
49419
73793
20515
34102
18121
60014
66087
2393
9762
228
59814
73439
68111
89114
89245
72303
50753
52509
81137
58118
8161
51446
15911
19816
16735
56009
69388
39556
64102
45720
76638
20601
57365
82758
995
9844
66387
49374
58961
52987
39672
18123
77597
66306
3858
27044
25498
83779
78124
1073
75009
51335
2325
13171
66730
80006
44474
73070
72222
7759
11293
33551
86299
3141
25985
32336
13084
51871
12546
72940
11248
6184
80977
3338
85606
86275
1673
41722
78321
88883
48027
65850
9389
5710
6644
2227
42038
32966
34349
8535
34220
49556
31423
42298
17405
46677
60067
1444
81315
73829
89768
32890
58913
36771
41407
18799
14729
48439
67177
8369
70974
68779
27523
62364
78200
17414
1565
31364
17738
76152
18823
51858
8712
86714
82966
39247
46975
72236
45473
76347
67839
8449
79209
30792
64007
78944
82571
82372
48641
4220
62952
17781
31759
16054
45982
56815
41746
68407
87144
72787
31701
54288
61561
55306
76464
88390
5210
7048
88846
10625
48335
37579
75448
79533
10109
88213
41416
2751
56558
20194
41936
36964
76286
18411
25354
6784
70442
81560
31934
78541
35513
53736
28752
58731
80425
83155
25148
3258
58254
73574
27095
69934
25085
76109
68677
32998
80349
52537
71461
76644
859
58247
69255
28260
49759
86788
2283
18983
45726
14144
89296
64284
23712
19626
53371
77358
85369
21734
44813
86460
23726
28441
17501
29298
89038
42201
76015
20109
75026
30666
27687
50291
85731
16086
3292
81116
78380
85702
2142
62378
28943
55139
63410
37321
29819
87308
10805
54317
40810
3404
46383
27278
55808
65549
24736
86424
61214
87273
55035
78646
3892
73244
64082
20279
67906
57967
83725
9780
11653
57231
86052
61179
89783
75163
71193
16811
15938
87358
38099
55032
68462
38653
73006
64606
48043
105
36297
60535
14390
25701
62558
19570
18865
4053
87252
28698
68137
20012
37353
59496
77980
63318
25240
21633
7928
38529
40270
56311
74160
75216
29136
74493
21098
88235
43257
162
51179
86132
47133
70826
26389
22508
52962
16616
74101
13487
72287
15305
20207
9037
59333
7524
30471
59289
50721
59329
30970
62937
60855
24154
71550
50792
14435
78877
35935
12586
63454
39513
81569
66634
32139
66480
59628
81061
14609
88956
84744
24462
60498
65097
35777
17392
11262
87141
28784
28675
4126
88839
4941
2590
68408
51860
76527
37189
4345
51139
3327
74563
55678
39209
3364
79680
32863
63065
79412
42431
2277
74484
33587
51369
47465
57824
24657
33251
29324
85214
58663
84431
45631
49830
83637
9493
63852
71999
53642
17318
25231
68990
62989
26605
45477
66417
4914
74202
85049
83342
62473
41869
6501
9789
19701
78720
53482
56605
40502
50065
40083
3739
38832
25580
81263
26597
47031
55820
40763
76958
34399
15552
64884
78168
12806
2119
73230
22091
32032
82674
83288
1925
22187
2234
47177
9406
15685
48065
17226
11701
4100
76962
16763
74694
34808
30123
59759
49489
41692
25651
40448
68609
42096
60047
26567
10436
24213
24784
72648
62616
44243
80042
1241
28959
15542
62684
61487
65819
56004
56615
60406
9975
61693
61633
78013
5436
7517
53403
76344
21204
30673
84116
75494
83679
21181
21195
30342
41021
46957
72411
52409
38635
56336
54265
1989
70990
23229
10401
38907
84340
57138
52285
34889
64127
53665
38080
81442
543
20614
60589
1386
11927
9818
61823
14621
65061
71250
83388
33416
3485
85688
84150
4776
26704
62951
31235
73193
4388
9095
72548
43830
88389
71340
55832
20237
40213
40466
5465
66297
65323
49482
73572
11282
14318
753
47048
71484
63783
87366
51581
82292
4661
75345
88476
8794
80428
43205
8789
21225
6711
1623
44161
69125
21740
30984
81213
26476
63053
29035
12233
75004
5113
32263
4659
37588
75219
66208
6495
49312
27819
76641
36415
78014
79362
26457
35937
48217
34203
13053
81578
41490
32445
32064
89667
85288
61639
26850
70572
47764
39202
62313
28200
29447
43215
75277
67441
60440
2197
86487
80579
37956
7054
11627
36173
18359
27756
85353
11211
47095
43123
12234
89101
1819
76857
67848
62604
6848
33818
70979
3332
60337
18829
75279
77969
59575
63614
62009
40980
51486
25673
34819
51001
60124
65829
69364
84611
67987
68681
45615
70417
9797
34343
8540
85852
40094
74702
53825
56087
16604
35419
72264
70585
3978
37516
30945
19155
18110
45718
30322
54118
15714
67568
17790
49061
25708
1060
71507
30363
88088
32055
82607
62102
86125
3317
76560
25309
17898
70266
78527
76985
79042
18517
64344
20529
76408
60300
43186
44542
32838
25971
64020
15236
30161
3428
34298
14498
28950
3944
49102
34851
70409
31446
29906
89199
61588
65295
15354
70485
60600
64597
70781
33324
74220
13661
82079
38140
87095
41364
42720
79643
12251
43433
60744
48552
44797
5814
9802
20703
734
72401
80151
17981
64039
53944
74893
89769
33172
36952
26137
80476
11769
58669
55865
69676
46855
17731
66871
82326
23005
14661
74490
43835
26797
26813
52862
27509
3403
61144
81515
50088
87372
43278
55313
48475
20214
77136
59049
13482
60511
33040
21468
65084
67492
61618
6542
53206
64225
78095
59798
46378
25925
79201
26982
39680
1324
46146
12509
85861
64399
88287
18405
7098
63439
39197
41283
52741
82925
87140
58855
41807
48788
64718
43987
45587
29885
81490
18083
21003
13120
11337
4480
44480
56753
14040
54357
12592
28221
44193
20359
4553
18923
34287
14454
27708
54599
67481
40825
30712
42101
52990
78566
25892
72298
10048
82135
6180
72
25460
43302
59946
75008
84225
57886
14384
18840
3181
47663
57272
59738
89448
46610
44577
855
63976
6591
63178
27052
36810
57520
86273
29994
47444
27803
70743
35612
28143
39217
27900
32696
1332
24492
51246
82527
85371
18468
33029
74727
65807
59413
33891
88749
21584
28788
61236
57120
13043
2820
51077
69371
11104
14455
45894
76512
40528
14515
63570
5080
46667
75286
77797
27471
318
14031
54342
63300
89603
66874
71715
78187
34984
16882
28715
44730
34260
73583
66134
21107
38474
16407
75377
87989
33493
74645
8852
83671
36705
72790
89805
36487
61133
84283
21350
14066
53843
81101
66555
24460
88777
11218
8174
22237
76425
56162
78207
13470
35725
34639
7411
26440
39511
5153
59513
39743
51814
42964
40879
67450
33667
61201
52404
21880
68168
56577
27689
70901
24448
58610
15622
35681
77687
81334
19501
63448
14993
25579
2379
8073
44650
25672
59992
76703
74349
70256
30688
17984
7055
63659
833
2487
8083
74116
81946
17839
86965
74344
3548
59307
20607
86963
83440
37689
6761
24201
45307
10416
29935
8776
27650
65332
28801
89631
84405
40665
87941
19040
18409
54548
20349
4656
70292
22308
40551
1628
40818
43779
38379
7506
34959
80621
5805
58870
22601
62117
54432
35086
60892
16422
51673
80439
85662
31586
61508
46934
22527
16508
70173
12578
80702
52645
89808
86711
41866
30231
73507
32748
35609
88315
40121
40833
6504
52437
64045
43493
16679
29194
5320
79959
57478
64736
33525
20217
30573
63486
25454
73072
66325
23122
51805
15586
39690
12719
46562
31877
67344
75804
81180
56305
78634
51314
26919
3717
74108
19702
63980
63069
64579
53340
35153
6631
28293
5752
85539
51463
69530
70680
8932
11456
41795
24884
69619
79546
57405
83657
22034
23525
74498
9875
11134
42778
8821
68398
18314
66825
1967
69680
41684
6609
42010
49719
10974
73203
74641
62293
4228
54897
22044
3184
12654
47172
89242
82096
74051
267
44409
63765
49713
23271
73395
45690
60368
20484
14898
64224
57971
50104
55208
79405
10546
68809
78002
38073
64692
61238
63087
70460
77247
64406
33472
80765
11036
75340
52855
44376
60141
68634
84980
33543
87601
89232
29410
58574
58015
66197
4597
14375
13676
65302
12841
81763
973
48086
41158
85362
33279
29866
12383
81546
11119
78878
157
19456
32173
41923
19488
37773
56152
22426
53186
25797
29841
54753
1663
18379
41285
67691
4940
28517
32220
14385
42838
40069
56343
72002
16548
14589
57100
79402
88348
53421
73563
89167
22031
50630
82996
40922
28737
13880
3880
52490
80408
84025
51892
8179
49906
59538
83846
82127
44707
27926
30888
50326
15465
17661
70193
87883
11566
69378
74230
26602
77927
29908
26703
61870
18600
61931
55969
11496
3624
42892
26141
59888
37951
8129
65963
34197
9447
2745
38637
26306
30724
71201
29525
404
57846
53575
89955
58326
88667
38433
51872
31989
2956
37210
7637
87025
75666
30934
27479
80392
84999
24475
26169
20587
87206
58414
20657
40981
34728
73765
23035
74571
82396
65761
87784
16373
63207
79655
60442
28945
16251
20622
42044
45920
10572
8
69839
84353
24230
3101
55731
3745
70803
29668
9879
81550
50867
43175
45978
15573
68541
69117
23116
16687
85873
68868
79962
16108
52448
38917
9437
9768
24655
15430
69497
39933
15696
46882
1027
59022
5492
41223
65045
13411
66072
65237
41434
36677
84222
47181
55385
32666
29648
27489
29470
86318
4022
66755
73238
61103
63867
65859
35917
34556
82929
33659
88808
30133
72352
28308
32087
2878
56405
996
60263
30215
45305
13824
73106
18264
67479
24456
51187
71974
57314
20438
46857
80164
43333
86686
17923
43794
22721
2748
25920
80641
17973
30912
24932
22609
8648
44831
14683
88732
15955
83546
13318
77324
33333
78270
15523
78744
55917
32596
19024
53838
28366
77998
35734
27905
9621
39572
64583
68048
23899
51817
11823
64741
78029
13548
30819
1984
86569
8467
52008
29019
13607
57669
85057
146
13773
30066
36001
30104
30444
34519
43738
31057
17746
35673
50158
40127
20463
85137
14134
15633
13363
6200
15879
26294
7205
18958
16797
50685
40582
55600
68229
80044
41904
25514
69033
55046
76259
24038
8529
38713
84024
55242
45404
12624
73508
10037
31743
41813
82774
1244
64046
65352
81404
1050
804
67431
80473
84572
26287
73444
23805
58075
22635
12487
65281
42616
18759
29132
78471
76835
68987
33519
32868
4463
60876
49355
13238
39465
68146
35954
1978
69471
22202
23619
31783
50068
67835
14943
65058
30292
8283
53258
12660
11831
26115
19442
78665
65587
66827
67634
4231
18957
49891
46278
73626
3707
72884
14239
13654
84826
63895
63854
70735
47113
30355
48374
20330
55262
62476
63833
76966
70455
14102
77083
81252
6554
66565
88191
33342
34043
38930
2977
89511
77325
5352
2913
43053
53858
2873
50631
75818
168
4051
35763
13596
66499
31061
46826
62361
16015
69747
57557
13327
45840
27110
24833
72165
50152
18181
72427
34514
82726
31475
9043
88919
77090
57501
27212
20939
34682
76720
65465
85799
54517
88492
16847
84775
34186
85081
49017
18558
49883
64042
53789
81426
71832
85623
66916
22725
34683
74929
5981
65496
38197
6802
79229
20908
13841
53176
73127
24826
68263
41871
21077
72567
17309
72986
72500
6425
71578
62230
72775
87684
19938
60568
15406
43608
41994
66583
8649
52348
57408
40978
4131
59966
73779
8305
52564
57884
50367
57299
29240
6448
47912
74541
17579
27740
44318
65195
20897
79536
6422
25609
59033
36116
6758
51448
30200
36477
61946
86341
8953
81227
43669
72706
28837
4386
68861
52891
36589
52971
27619
18950
86452
4279
21924
24368
38226
84358
10139
21488
50245
34396
45002
66741
53310
77686
84366
11467
5960
33307
36375
78854
88702
60722
65875
13338
87363
69938
41361
80213
74308
68377
15281
47791
18240
73347
77613
10363
84579
81138
89247
63893
89641
36156
30057
78700
4763
52349
23006
13621
85844
32072
32580
28910
27904
63168
37383
69074
39818
78240
10582
14310
29450
28643
31659
50185
10231
25812
46076
32430
40074
21642
71369
49734
4072
30070
65383
12922
53117
85291
69661
572
9944
56108
83164
86504
38159
41607
73231
88252
36206
6
80353
64863
76981
53173
61443
69535
79162
14991
14909
21821
48213
28063
34805
53130
64946
33110
72351
66796
24812
54828
83822
85318
19592
7152
32796
30393
57537
36362
40298
53593
18786
71280
27530
9981
85718
5323
63208
5557
20646
88692
62255
41288
13228
58439
64226
23418
80796
10183
71889
84522
26780
28668
15550
21006
49064
39218
12948
76898
88364
79336
21825
27028
77744
84235
7959
72530
16626
12941
89146
54618
75502
56759
76784
70258
85002
78154
3520
27319
9792
4440
44939
60572
85581
47814
70509
21518
30117
89140
80939
13963
86212
21732
7091
61328
46504
53337
11537
18791
29754
33303
89786
33962
55653
62986
3852
67812
69284
67604
3838
41739
30024
50957
72453
80582
42156
43792
54524
19221
69145
17129
13593
1993
47081
9371
2697
59453
86520
75948
9563
86076
43979
36027
76357
59792
30810
5184
2442
37231
43855
3054
71341
19380
83799
33668
20592
78344
82963
9040
40316
56765
15745
46329
70635
19603
12055
48110
32625
21409
11525
144
44868
11068
82824
75093
73291
59572
419
49070
34428
39379
84915
24507
27362
73068
10516
64687
65082
4668
2304
54527
42730
17919
89343
27715
84258
16151
9398
43661
59710
43892
2347
6487
83393
17487
24170
77954
23492
55593
74457
74087
26405
76581
26795
16547
64785
55611
70270
38493
76598
52065
28025
71309
33540
3391
89480
56236
69967
30423
63339
32328
35864
30802
77202
29639
20220
5442
43662
38937
21622
1709
4275
84649
55912
62234
8684
29692
77184
11762
40380
88905
33016
29744
43016
30952
53268
60627
4601
53249
73408
78217
81575
72110
20270
86704
15397
76818
7164
28434
80594
51020
83769
75737
85441
41218
77594
89218
43955
58512
58978
15024
63031
57140
35698
70139
51710
33097
72398
64582
47772
71950
60215
36438
60718
87421
82646
15728
23043
85944
25790
67854
36586
63779
65901
71352
70396
30837
15409
43406
34064
64585
81539
65978
76374
39736
40079
79586
7490
81169
51994
78869
77932
65277
23635
48635
55145
63782
67635
4277
39400
13458
48047
86752
2910
8823
56621
13345
4496
48660
83003
70906
2593
11509
30916
26392
65705
60659
13294
86646
81615
39140
57188
8209
75309
54576
68764
5148
14625
81150
57169
31236
36845
52981
56925
6835
76321
89220
85664
9857
42716
30779
68182
20673
34563
10384
83
44028
61553
68040
65124
56702
84280
60161
23772
4343
59770
38616
78620
82939
42024
59182
30193
68523
31525
32385
48890
42326
14935
24555
68550
79203
40197
72576
37997
75385
7840
46920
70085
10466
45721
38091
33007
10643
29785
39214
51206
6938
36555
69123
36576
59419
82344
50465
67188
59232
39730
48870
68267
62714
29887
14734
71312
61212
33726
40258
59905
21564
68719
22096
33781
26814
84863
60040
38421
1614
49073
68222
54131
8342
23157
72397
42573
11508
59445
54560
76521
15322
64026
11090
60499
1161
82364
38573
40295
68294
32035
6174
29614
63560
88657
20066
53860
83776
57052
20559
43580
84019
22226
22261
50320
53918
52358
73473
57429
65286
66433
2958
26931
9012
50486
31794
57061
51364
27342
44469
6137
13429
76564
70767
18126
51268
39115
5567
9941
41253
63108
63592
42949
73703
62892
59627
7672
36207
11049
80651
11725
24131
46100
55828
52115
37084
56822
73316
65407
54937
3708
1811
79584
36337
62878
64228
19349
71307
87185
16135
20860
1273
3820
83449
63097
41572
33705
87179
58690
4985
71773
58051
15414
56054
56610
24193
25108
48459
33808
86106
23309
14700
33128
82622
4178
81379
72240
42398
75415
59118
43691
74517
47567
25730
48031
50542
69623
36975
8325
37431
25011
34107
55330
37580
58128
62497
61450
3518
4932
71253
34603
48997
72466
3494
77006
10806
20505
63745
21739
28110
12643
5616
66794
51244
48806
88753
89765
64186
15880
15421
24438
54645
29647
80887
51295
18585
49952
6971
42058
50703
13684
44549
8835
40607
22453
86135
52467
5328
81166
64897
78707
10721
12981
66135
72856
54407
1883
62327
59740
18482
48492
5301
52796
1254
9164
68758
29764
43307
30832
27826
533
26403
5773
20422
34463
29302
24374
79462
19752
48556
32267
56340
30263
51012
86578
69965
89953
5933
87669
11974
3129
61033
27706
26134
2698
73260
20867
19498
85955
4023
75988
89066
11818
44272
80812
5098
45274
67149
30978
12493
19407
13510
6891
37635
54130
78052
83372
72280
7463
80986
44906
18452
86821
85440
76496
549
51884
6093
12386
51089
89437
57888
16165
8826
43203
72098
87788
49550
4156
3802
75798
16232
29444
7488
19565
29783
43604
20711
89288
4017
6369
56655
24071
70501
32515
30778
81981
17810
34226
66477
48418
49712
35905
46949
16344
31557
75797
48933
41920
16248
42230
66416
85812
37390
21155
819
84685
61360
30607
56321
25788
34743
3723
56861
66333
75481
45146
36907
48927
58398
37694
25962
44700
54319
58238
59432
71398
58229
5519
48212
84157
4091
89013
54974
1067
75759
35269
20291
79965
59680
38893
42385
10847
26997
61321
6067
33138
33115
7085
28195
67617
4170
79473
23642
19072
54583
30547
7581
86329
40282
238
38879
28074
47431
41312
80341
62959
15443
62031
46454
2272
5738
12601
65012
15231
45911
67288
77193
33052
29955
87651
55886
81305
9342
46950
50737
32195
87180
15701
67876
48650
74279
23386
5898
89402
53393
38021
65294
70868
14190
30223
24772
31878
66260
68369
16197
70443
16436
47496
8943
36300
68470
35953
17114
30959
46044
61546
33504
3706
86091
39758
89089
3725
18071
69983
41962
88959
76138
88267
14333
43394
62693
62452
30571
14323
78956
78281
71164
42919
38718
54228
14115
51339
84252
89121
39270
55567
12486
29892
59224
55506
24776
9258
14553
66775
20931
62597
69292
51768
19610
46793
62426
78850
87126
72844
75301
82386
67670
19075
19683
20627
25072
76801
13668
80956
29209
82542
2835
22904
51039
72100
43259
77559
18979
78751
78396
34576
12350
24610
54960
50484
84883
52825
34297
81882
32100
56197
24818
14856
77748
60392
5274
60105
71806
37726
40312
63531
1379
62203
38478
9250
70167
78064
14584
24232
80166
27922
51306
15981
16176
13200
66719
21031
29288
38310
57694
39801
2426
48243
71217
52156
11498
70597
46233
42654
2523
12444
56191
60367
9226
13888
76930
85774
16729
74472
37883
84091
45904
20802
36186
24889
85689
4076
19756
52033
88704
44277
38186
34518
26155
65052
80996
82262
51843
30922
17183
7171
34069
80365
63258
53847
6176
4992
56884
89374
55036
30093
8389
9060
74168
46501
41838
68216
37557
3015
46707
24567
65147
62607
75082
76471
14908
21244
24439
34982
14268
78260
13530
31112
81416
12409
9107
84852
28802
49357
83619
48263
89611
36168
21042
75769
7187
4192
14797
35221
2534
63408
33297
16486
23363
65856
28682
30563
43473
22406
12944
87052
39841
49497
50186
66040
38276
63368
29698
57980
69270
44276
44006
6960
125
36661
27049
72933
68021
29207
43209
21490
186
76844
9183
62557
56604
85575
35873
36755
37827
81928
11387
14012
50826
72973
15127
4039
13299
71412
19649
30078
74128
2499
65716
11515
59779
19826
86710
42073
44182
41573
52857
37906
84926
18312
40030
54727
84827
80292
59270
49907
35176
8240
8668
49026
6597
69394
31731
11452
906
16362
4219
74833
50525
70150
56185
30769
5853
59228
13792
39346
88037
8102
77009
59003
61385
977
17769
88445
84992
16834
10796
86199
51922
59825
42970
78946
68991
49468
59404
2705
13724
21315
49897
69441
14793
42091
7849
18930
28144
82590
40813
59967
56204
59492
83203
2441
72421
36853
45155
58532
79822
42440
66320
49552
62759
37001
15171
14020
71436
89618
21961
32847
40482
46055
50087
73326
38282
42994
7879
83133
77619
51628
8913
70658
89264
11584
83471
15355
79760
28357
3467
58828
17658
60319
57152
65341
30262
35122
43891
44357
23596
58721
44248
59001
33693
21757
43921
35242
35753
31240
85082
35814
44514
27529
27045
21074
47720
86706
63472
52213
86729
42446
10607
42342
281
45174
86181
79250
12568
40915
82808
38272
8440
182
22344
74071
81537
44122
5096
57692
66559
79088
81799
70446
803
67073
42574
42543
89620
5902
21261
62575
73239
41532
17135
53080
75669
17859
52731
38450
6279
81885
81387
30901
35945
84467
70682
16389
53878
5037
84298
17714
60947
100
891
85265
31450
58958
45862
62567
89076
16076
79867
72633
67394
81834
77017
72143
82169
74691
54259
44296
5982
34668
50687
9574
17983
21064
22650
21901
3830
46293
20423
8994
82203
64135
54528
63902
27096
73099
24615
68044
25023
65304
78819
23977
27390
82918
80445
69987
30021
20969
10657
82420
41315
71478
68578
17073
32237
18746
27543
30804
21691
46218
23580
12822
27070
75270
65980
76185
6674
64351
56761
33750
17209
75139
46309
42637
86968
24397
84322
33739
15332
45373
23827
56699
63945
67440
21650
6251
29137
66654
31799
68846
6729
20131
16650
20342
88864
60202
50261
22877
47285
76767
81852
11827
34290
21710
16187
64760
63092
65922
27002
79027
14640
22923
18310
66817
24751
29808
15359
830
67435
29755
59350
57934
71711
67219
62747
42954
9725
12191
55116
78038
38101
43894
80158
76615
86271
36885
66156
8678
2371
20414
62383
46982
75609
35104
77697
25649
13287
83920
23668
14433
52320
919
50091
66728
26592
4800
65849
4358
68599
7626
16330
58876
33583
54903
70849
3471
6626
28233
72686
80871
20331
23414
78549
13574
22396
69159
83681
78774
78338
6904
75966
11760
71552
38739
20874
48519
53215
59580
9759
26028
65291
84917
61202
55835
17232
59962
51546
58298
71085
64337
80218
77867
41995
5825
11629
47311
82287
9829
21568
14449
13780
51470
33554
53931
6712
22051
57834
49178
59927
40566
84077
71271
61612
20594
36757
4442
36024
63920
61680
58410
12448
74411
70996
33112
23658
69434
21268
83726
17933
78704
1696
44377
31792
24229
59752
79772
57927
50973
16019
87271
24012
53465
79062
70964
66618
31284
52901
15200
19977
2853
27755
50579
24305
69660
32424
31624
68748
953
9455
68325
10441
16458
6039
27269
41734
38257
2638
50764
45426
72490
21265
28079
72385
14291
67940
87713
69624
57434
87099
36278
40784
32541
53601
65351
67047
4631
54616
9234
3901
71230
74171
80051
39809
53256
54818
45639
47510
35728
81610
51966
7969
72149
10927
16654
869
77531
77460
46088
14456
41915
1109
63041
15005
68503
89568
26470
83991
53886
9454
6102
25635
51092
13347
52732
88811
46646
2121
11032
28371
6143
49348
41017
29709
1018
9135
25458
34479
64130
88909
28569
78569
42539
21355
16311
88766
89135
74841
86280
65128
78602
55768
62739
69717
70160
56353
74811
63125
33382
69077
57210
87526
86283
26971
61013
68497
48939
59159
1826
2466
61800
12896
25006
43073
4530
73710
66822
47989
58571
1977
38035
47500
169
39891
49159
89027
50908
75806
8864
54720
18641
81996
58356
2157
9310
48623
80334
63489
44097
74921
46361
60508
8846
9559
30127
83494
84080
50825
78465
48669
86492
73363
84647
59583
9591
21790
9761
79774
21381
42343
70511
24760
47969
86089
65208
9155
65804
67153
69583
75611
44366
28482
70944
24983
16829
22825
5405
76922
14381
66493
77974
31812
61436
29684
9289
43313
48467
81013
84792
89531
16974
64126
6519
78177
30848
11641
42757
56372
67741
47502
66231
62004
64967
77397
66888
79707
32093
57177
26511
48889
44729
5470
40807
76100
55399
35062
75636
16563
2998
45006
35583
48510
76223
5633
32431
54261
5297
74143
63329
30253
78845
49113
46137
68794
31177
51528
89731
79422
1718
69687
78328
10276
21626
71535
70273
20216
32721
39342
28461
1976
51666
66314
39356
42068
10219
77162
84565
52507
39612
68510
10430
40392
84821
56084
59106
68479
39144
71527
79858
30626
49517
64113
12599
5108
64529
79345
22094
33376
1534
38716
57490
45622
81381
9900
49965
86567
18766
70288
11475
34504
14532
41309
80159
86185
79077
69779
37987
67797
45432
81993
48342
58638
36070
59048
68705
26420
31693
77350
2397
56383
28372
85682
58505
43618
69328
17219
14442
20142
32708
69220
37977
29439
9420
22654
46216
68006
51730
35452
59462
44299
69097
17039
70821
74035
80238
2008
56629
84527
72634
47555
42169
88080
79478
57670
10150
42784
12696
88150
33834
2768
52800
42819
78335
35276
76371
59918
35447
84730
29921
60167
54382
14948
47528
13679
2937
13087
64805
22005
84795
89037
51759
38127
26993
45754
5332
2333
37080
55666
33485
82766
51058
4970
810
59922
33013
68250
3393
2505
41093
35106
53149
29086
24550
265
50807
37114
46767
5350
76859
5276
72920
65634
33086
52411
29442
13026
16497
55304
36545
81308
31622
51691
75808
7278
36235
14825
67034
2885
17390
35589
12907
10343
42997
71592
37343
83044
72598
26230
24971
84627
33969
73868
76799
27845
44000
72754
47416
65143
1578
80852
24161
56875
74956
69463
19864
37105
44317
40231
42442
74134
83680
49124
61458
72257
39578
85614
4995
44463
55859
63240
79866
12838
74736
5340
29677
46357
44408
67555
77813
84276
45330
47564
41720
73996
11360
31193
4977
33734
70355
106
25831
45829
64774
57877
67845
46927
86936
5842
28076
21681
6193
82048
87163
85912
46954
52131
43895
72097
14527
69695
59208
12288
56509
60462
84837
63662
81383
8880
82157
71713
44966
87149
25147
5640
88319
67790
8791
75412
38770
29105
38147
86376
74093
80699
88737
30991
31108
4908
69265
57680
5963
70223
74471
80270
54614
23170
48714
46480
73932
14475
74107
61029
57274
10492
4357
44202
13695
30498
44935
82727
88025
45487
738
65051
20755
39242
15028
34880
34408
87340
13019
40016
73449
21796
3456
85021
35369
50746
35874
19334
38509
37439
36108
17872
69792
66042
85741
63996
16755
15299
72321
65697
27986
20980
47366
15395
21383
70926
80229
46004
69020
31880
38906
46892
84107
18962
26707
56723
81970
25298
80911
52147
25442
49621
35443
35186
2026
17644
39283
59202
53662
6098
84204
72387
32510
68511
80265
66025
5277
73323
3247
63514
36872
30634
4375
82982
46657
55577
25894
9124
43631
62323
27935
56918
52492
57025
84873
37511
47783
55130
42344
78436
22468
87301
58829
42143
81028
83589
37103
13565
87000
36465
83689
89664
23527
3914
75555
50621
61947
26624
59772
64869
18570
78550
76786
46066
39880
89810
64024
6648
68965
42860
9477
71016
75269
78400
67660
39399
35171
42701
74528
75478
41204
28279
22715
45571
48676
79814
44621
85122
72562
3530
69056
3946
11419
13878
76677
33996
14905
63539
39807
33898
25095
23898
55529
8937
77289
70075
55945
36707
48764
9861
82957
88105
85248
6302
64682
70336
56900
44854
70550
75894
84732
61809
41051
25044
17234
27958
73741
4227
75864
37979
22419
63755
57475
71824
42914
4470
63193
31465
65193
9279
21046
48969
52046
79154
69897
54477
43735
11865
27006
73557
65492
39833
36779
24806
71134
78459
42200
21758
6605
79882
59246
50236
13437
82988
3411
77561
44190
43461
10205
89478
57458
28300
28242
35258
53457
20096
48807
41148
43129
1822
68945
28081
6166
28676
36033
40687
83515
84384
56333
86546
41982
12337
64596
25847
11192
38584
79224
19396
69247
78629
46971
3692
64394
6265
62916
84488
44799
42181
55607
2700
87981
36324
61383
57970
38871
85015
32316
46059
73789
89044
63750
7844
77378
28827
54815
80672
32428
27488
84501
60220
72782
22320
21438
28579
88309
7183
34980
63466
2253
77404
60725
17151
18106
2899
23460
42929
68946
51543
47762
27313
82958
6326
20973
85669
87887
66824
59868
15153
53011
77701
17700
8734
7113
88550
10232
44071
79769
28003
82579
7833
32089
8149
53460
17431
56564
53295
85011
3620
69573
3713
65331
86009
10320
6214
1100
79308
81683
36540
54602
84722
8732
55156
74894
29855
63804
71843
81815
9356
67768
73482
86454
7021
69858
78249
71131
45713
1438
26500
8723
82388
58000
84571
17058
11871
55665
67423
5449
74805
64645
1818
18061
2717
27333
51821
61563
52943
2521
2952
8605
71922
81053
82734
80175
5338
48838
57930
21567
38376
55785
6611
63850
32183
3000
84991
58219
88065
76919
73775
11152
51862
69833
50143
7599
62569
29432
44550
55756
27822
7042
52440
37373
61497
74315
5696
32875
81903
2756
45266
61260
54495
37858
81095
66870
14203
14447
26479
86054
2533
21511
8355
57291
30703
54092
53747
42435
25125
77706
2562
36642
19444
21454
68309
10533
83737
25934
41034
15695
11691
82835
69318
18155
27933
51484
25178
45644
62723
62542
54654
86545
40856
9750
76915
87019
59255
20014
80652
47323
46149
54314
83087
47347
58412
52463
22194
37855
15692
61724
66867
55247
67820
55054
86150
1134
44225
7894
65345
10129
55041
86258
57032
59088
47907
22049
49328
58039
24189
24887
4034
57978
30344
66617
4807
89149
89910
68910
282
88273
26606
39761
47146
57173
62329
68348
24191
22238
2098
16968
82539
54476
77849
83285
34951
87850
49867
20474
26599
30092
30989
20950
51099
33758
46658
505
51340
47665
79138
4298
24743
51674
85988
28811
20945
43877
58201
87804
54199
48388
33757
49690
81415
78804
43006
48740
53472
5300
37093
26056
3250
48593
79155
47191
1087
57866
68447
50808
1088
88569
16258
38852
39621
79111
89257
11331
67991
68636
73637
58695
72054
77669
63431
80901
56572
14558
19308
271
8804
55911
11367
38954
1519
24850
2707
43427
12783
81733
10459
22101
21538
71413
57459
41846
87285
55586
9431
75268
23522
3227
56671
68874
32128
54368
53701
52656
50471
28577
47033
23644
7694
45276
80856
65212
22987
85800
76937
10335
31000
11465
43642
79275
6822
21899
30845
8269
55477
16767
72660
70673
9317
18420
4639
80727
62957
22656
12257
38744
62522
85083
32407
25794
22787
55929
44753
62399
35894
7315
76995
62468
22685
32246
32488
58401
33078
41002
9984
50670
22095
23199
84984
26001
65050
73548
40593
17601
34062
54487
61784
20337
84389
64899
53743
14588
1832
30237
22902
57835
84807
46141
5789
79312
10409
76516
67981
51985
28290
72099
8267
18372
51330
33374
88401
79236
33845
50623
22675
31635
24517
83453
24588
75898
84048
30142
26897
37134
33902
6752
34180
19693
11457
41773
65631
84661
26675
84639
44061
4018
11726
20448
86208
43818
50234
74028
71571
51785
13250
84297
24977
88583
12419
31572
39414
1850
6437
16634
2976
4692
60519
5001
79070
58233
74453
35434
7885
42239
36657
74439
85411
9066
82064
47947
44356
88584
61047
23572
726
44084
20464
66308
26314
75511
35492
74790
31228
85767
11242
18295
57730
35115
52024
74184
39021
52433
83531
2780
39602
51134
71809
65339
55434
11863
1492
76589
67980
9856
19983
4795
48488
24342
38668
59754
44005
19457
5998
40720
84720
11607
35752
70311
13096
74319
5189
78958
82080
72830
38106
43866
54181
19987
17480
84318
61150
22793
21627
71249
68342
6874
18654
61734
78435
66290
25441
55480
51083
66030
57487
86291
22969
75791
6860
4177
85424
19321
19652
9640
62803
68371
49571
50394
34116
64005
14618
82851
33743
27841
31558
62968
85671
43959
14114
31369
991
25425
1711
80678
34052
75572
57661
51405
5576
16826
19479
54689
72609
36028
7578
72433
6475
21560
80148
55291
48583
13961
86767
69446
37830
7620
4515
86920
17319
76664
62571
67916
89946
43947
65121
1693
83034
54108
15042
37611
10644
17467
71089
6718
70591
83377
64393
2584
89717
44041
87391
53234
35365
53179
79904
74489
42615
1140
84263
68626
31071
11743
6714
50405
86616
42566
47529
80740
7344
63481
5543
19611
69152
44201
83674
42180
82756
46147
33204
74084
5343
11674
18551
16410
45442
20732
38821
81607
77960
9610
66247
42299
40135
3314
72963
70047
84670
8396
20259
39754
42773
28923
19510
29468
78912
31491
63960
20825
38826
49925
13950
57356
27107
29390
2427
11799
80751
16618
5057
48010
6579
79833
41906
17815
62158
7535
63082
87500
17659
79843
4347
203
51827
6436
69525
75899
40412
8323
86178
18014
79654
12013
67586
68660
16897
8186
44543
76370
11844
74987
34895
12883
27673
3192
53223
68996
87925
66
62710
71883
4176
66143
80242
9467
3825
42651
42821
64956
30882
40359
9338
80244
32048
53412
47737
84487
47517
50962
88960
66051
72890
69179
43600
19180
85983
29985
6663
33315
65400
14848
59012
83915
48821
73670
49288
12139
22957
87573
49168
41083
2477
41225
6685
16981
38563
47973
3442
59139
82709
84400
17262
34930
21395
7496
29516
52860
16662
38489
76808
52089
85911
24614
56167
85190
5763
22287
67122
65347
35724
73301
21369
19502
52554
11682
2180
88129
20552
41585
82349
50020
82436
15392
55842
16371
63290
66819
68406
37489
22033
56203
69612
44649
77215
71259
1409
36478
23551
57106
45079
33266
8899
24534
41533
44652
4430
2345
35255
28896
59502
68721
72980
10522
77602
5531
27688
63925
51242
63320
56987
39
8747
30083
51519
85523
43212
44329
62735
26749
16743
32749
7017
51734
65528
1179
16419
71656
74380
33092
55645
89248
9627
77989
51358
43104
4645
398
76147
50281
54677
1620
87507
29523
88432
60256
86661
70911
12303
15207
71700
23454
9078
28484
51097
15802
27201
8068
50053
83775
33017
68252
88095
26026
68618
25804
69763
9544
39918
17874
52224
80323
51610
22974
33945
57276
89387
84929
7077
88575
88439
68897
38398
46331
7498
61574
41284
73485
19640
66467
3576
86665
78601
48155
400
8316
10095
56211
16162
14500
19280
38265
3602
32409
57071
49155
89051
1878
40964
86419
6371
34529
68314
38843
13584
2665
64547
23379
7174
54218
392
55549
75187
88109
44656
52210
7189
65289
31160
46633
27399
58262
63923
89410
28129
59107
63511
16084
73340
44395
61038
62672
78327
1632
24041
81983
35643
65283
28625
50570
53301
5506
47255
61786
37617
83709
27696
11560
8311
10982
49299
12800
23497
51823
25553
36483
62260
54416
82558
81779
42644
60187
13634
6310
57807
57725
36008
21475
27889
68984
2996
44703
42733
88711
7941
52822
12036
73253
15
55532
41704
2730
42507
63100
13915
32919
13595
7038
32951
6000
62942
40570
82581
35400
12630
83849
78350
14411
73559
47180
65418
67207
89068
2386
21661
11129
75567
76704
67110
11098
2877
72377
11272
35174
33302
64938
50313
34599
57335
50380
33441
81544
24804
76325
43139
73522
65957
35068
35306
9577
89086
28894
81806
82555
16895
57200
29367
39830
48500
89093
75597
35530
49677
82989
52447
43424
84031
10427
85184
88442
61246
44267
86811
74374
82211
48800
84462
3507
74424
23714
83156
57302
17335
21123
27842
58251
23089
1132
44883
12845
42076
17371
41611
50444
23607
82506
4565
49792
39624
85593
17228
85167
36584
36696
5951
86023
9207
979
54733
59858
24352
82672
11306
37648
84515
39118
45338
87812
23431
69227
30031
55732
77699
42399
31411
11411
27917
2002
31089
62772
50931
74054
31531
52092
45505
58314
85355
84424
35977
72970
88247
43615
5206
80031
42541
57145
20433
6325
15064
14464
16707
49799
40483
28765
32777
74328
79483
19002
85721
51663
31278
85761
34354
68195
48986
83439
1452
14938
72435
35768
62777
42207
80115
46850
35705
17225
52689
80171
8766
18646
9734
21748
65752
79728
76588
65628
58963
54745
74284
25239
51991
24557
83927
63260
81393
44658
58280
26851
23021
83159
81639
26756
7402
60829
42391
4346
48310
1590
61886
52379
60695
88976
21367
29802
50961
4209
2155
40261
87621
532
41872
10669
11581
48295
38011
57637
15057
82276
3831
73500
60836
14105
80093
32725
481
4095
77898
73624
84434
71334
22744
60536
13029
28617
12304
71434
6470
74629
66635
72317
9153
72836
19867
22370
26235
58077
19052
42481
81202
29858
13088
31824
59675
53552
86096
50710
10689
18815
80754
31569
82831
17417
60259
29660
84016
52600
17019
47521
26496
38428
9244
74481
58664
79552
69303
78145
57721
63910
29131
6140
50823
17387
12128
28281
79421
43075
41616
22514
78352
10536
76661
27130
67274
67769
21269
88402
6694
67306
64840
26999
71140
56983
752
1361
59093
60884
4202
16810
43663
65696
27094
42675
71666
16228
5850
3540
8474
12949
13336
45591
24545
68816
7339
62988
24128
22805
45286
33956
22451
61903
46932
59994
51180
79989
53145
87515
45259
64170
46500
56888
60075
21187
47083
16789
20115
56160
28817
85596
67020
12265
14147
18401
32619
39122
28069
54659
81945
64385
89312
35058
70238
28853
18479
4203
126
34486
65438
83470
1429
61191
85895
34921
9380
63666
88271
85897
6883
48340
55268
15262
53205
53315
79682
7611
39445
675
71902
64222
30874
33198
46548
37045
968
51046
8871
9933
57298
45481
85788
39600
32221
83533
58706
84815
55465
3170
78458
9598
30480
81809
20786
17345
51048
8223
45972
60279
22915
61605
72198
71373
19440
74039
73200
66034
71736
66039
43868
71067
22928
87564
30247
60703
21242
31834
60258
51385
38714
7898
70994
69908
23408
82038
234
69296
72505
72089
6787
56030
69261
31083
12413
34729
8718
24172
50298
4093
37656
19767
23757
278
66050
62614
53708
50989
7983
8032
3043
46417
8717
56580
80840
12969
76713
89414
28850
16157
79105
27503
16303
22462
26943
38274
52102
60497
41275
58930
84552
80793
48644
82453
13125
83192
28388
43888
84069
70755
84603
58827
46784
69653
48125
72187
38150
53068
49647
68092
71294
25210
29879
51864
86001
56688
74705
40878
60183
46816
43763
37786
60280
25866
10618
53595
21831
65624
75095
61882
3345
77226
88709
689
51964
55806
18506
53502
12693
39011
27345
39603
66400
57368
84717
14182
50348
48494
83176
78468
54301
86367
61917
84582
47736
41007
12119
29579
32689
80553
64681
52172
4429
22931
25078
48440
83245
58674
24029
1184
20261
77345
21640
26217
53167
28176
70609
16566
13331
3301
43765
85024
48309
17742
21680
64303
85865
6772
68428
34657
49297
68670
55436
76276
76700
49666
24827
3943
28542
53667
8334
32736
43825
21142
70198
60503
67027
67327
73796
62475
59196
87597
38741
33486
7264
83962
19951
74957
8058
49110
66144
51029
26156
1135
33792
18332
89251
34807
49586
8908
79549
12511
86151
57595
34270
70365
71120
72286
64027
64902
48137
25982
68553
78117
58197
54121
49157
30757
15853
80955
3840
73613
2246
793
43220
41289
59013
75586
27555
52414
43401
22908
57615
72900
55255
34574
75162
84282
80116
15436
69071
85215
63227
86437
87398
45374
78730
25160
53344
76632
54009
34770
26827
72704
57893
26929
85644
53043
13047
22672
80199
29937
22106
12098
79142
74728
10123
26957
87600
45484
11160
10258
47418
38785
1713
47211
74009
39860
83255
12067
71333
66159
77377
10146
87980
60130
18070
74927
33087
14796
29627
7032
53715
43343
23148
11427
62310
107
87441
18533
67998
1914
70750
47697
20495
6869
56898
13461
78728
65392
3273
55741
32524
9906
85360
44880
51777
12924
74983
9163
40301
29797
79372
56907
66232
59079
74794
18283
40536
49388
71685
319
65360
57118
87549
66334
63504
38783
35330
3185
17426
6472
1387
24435
75664
81159
62105
6920
19495
88145
62611
47748
37195
15694
35282
83601
29927
8193
18209
20689
8013
85572
41008
73210
74459
14468
14341
61012
69155
39601
87339
7537
13364
32807
16336
85709
12072
2303
37319
47344
38979
3534
70580
57331
28470
12185
55393
40696
51357
74622
2210
26879
14437
72638
75471
84093
12264
17693
78973
1781
39587
28235
23926
58117
55857
21379
70615
63684
89225
84762
74914
87047
40415
85796
70151
87604
15768
82359
2783
28713
48223
16442
28386
78749
23232
88435
89427
11305
71980
24905
49776
71418
31357
73994
1604
12529
66447
2599
66975
55256
68884
8485
25807
70507
30536
19732
33348
29286
77436
45256
9585
58708
24637
78429
33505
54742
2618
68135
67530
606
31589
10161
54739
347
5547
33449
87978
35193
53290
79689
68979
80155
55369
89528
85632
62472
24771
54156
87641
17739
30439
61520
18503
45809
5055
54908
76858
34178
60465
30774
63259
36643
18657
13408
25753
73640
25956
67126
69118
74222
79051
85191
48871
70308
29177
29740
37881
69563
21056
29872
58586
39348
84369
9567
48444
13136
31696
12965
3283
78463
44980
19226
33806
21668
86619
57018
77519
33499
22844
58483
42119
82210
2914
12815
78498
72225
65170
35928
86889
20499
23886
19333
25959
73764
23282
11820
86113
80617
27122
59715
7518
74916
84096
33113
62671
80287
52712
50181
21479
59828
75125
64659
59730
68416
73447
57918
14716
54192
3137
41691
43655
64324
2804
51129
7947
70801
68120
53220
39006
9230
6623
3462
46012
62774
55631
10754
12125
43159
3668
37002
35009
80478
52759
46999
28455
10353
17578
45215
20647
50636
89308
74352
73803
78185
25928
72066
50637
79079
9373
85907
81323
70
47797
59528
69832
86388
89103
67609
49994
13276
60365
6615
13669
46133
60831
9948
33337
69995
37170
74532
10148
81477
69213
86239
52556
37676
15384
73592
83608
12221
73591
60239
38579
24314
76649
63014
61059
54783
62666
35816
38217
74971
74002
72337
47072
77521
48254
19211
39984
21988
9595
28166
79310
81766
64755
11873
1949
27973
85085
58354
76384
6817
34046
10795
89671
10451
86407
67283
39888
32925
7669
50333
27228
67180
4332
65102
2909
1418
80374
66418
65613
55469
84874
15567
83922
30589
22791
82911
45544
72935
77584
11835
53082
15736
89589
32694
56195
88457
967
24892
6588
82675
30234
49869
86597
46456
42898
61984
77603
42667
51832
88636
30143
64345
866
81899
41479
6578
58537
17655
64910
42993
13555
41935
23165
32769
29263
49236
61779
48496
73088
51443
71308
31790
40882
47182
30565
27597
66924
57037
17897
46382
14439
64422
50297
3169
20970
19641
33721
3903
3580
37615
72962
30998
5588
53232
87680
75308
35649
17217
55503
32602
84950
81261
17934
42063
65014
75343
49428
44325
61676
23556
47470
87067
37748
41521
81479
46843
71491
85315
83368
39989
41888
8298
81864
85604
7553
75799
85395
47549
33822
11311
46618
4304
14436
87242
52270
24292
37604
75884
36005
61973
60959
74550
11287
44903
37721
20197
1550
1840
42493
77007
31147
37104
61661
25873
82878
55949
53429
59475
57873
13298
78214
74716
78518
21325
70761
51081
28793
28560
49984
74386
38797
23218
48596
12017
53571
41005
81685
47215
66502
16011
15082
51027
43475
45356
84608
9133
4560
62215
72979
40266
9848
71818
88419
11555
57581
63617
23390
48353
5828
63683
59930
71150
18119
46330
14707
12672
30938
77710
45873
54453
48799
82150
70486
22932
9765
33802
31956
4262
79487
40898
47117
30870
22730
79616
57154
66645
59354
30830
14217
34131
73966
35470
79527
54348
70951
37152
9323
62691
5266
51194
133
2609
82075
18763
19275
5608
64004
78574
80095
34658
74505
63164
83838
12475
49464
6409
41299
20093
17067
75917
35024
21177
86501
25759
64085
10988
56601
39192
83978
40845
34989
68535
52211
9776
37079
36556
61032
34738
60786
78921
45414
48063
57142
58332
39870
59273
12929
73488
76183
60157
55089
52709
5840
54660
39625
33637
57929
89979
68554
83315
86328
34060
20519
33281
69484
61615
73541
46455
82322
32595
89594
20167
85908
28805
60362
21034
34006
73412
21569
65858
38562
68837
7547
21218
77251
35248
37816
31370
60474
57446
41546
81554
75814
64214
7177
73615
5302
5468
57787
38330
64919
34074
41952
64660
81924
42865
29232
89252
700
16516
89119
16465
39039
25159
46488
83884
13187
61338
25344
9009
37840
41624
87256
78542
24811
86828
61142
62705
81656
4265
38093
4837
19581
8382
39681
88296
31488
29538
34830
79193
62840
38885
68122
25349
2995
74905
20910
69139
12167
59070
72777
60878
6789
30866
44528
9387
77271
29181
64969
16535
1786
76787
49363
71040
57656
58476
35211
20978
66642
31359
27655
63221
60356
48233
60171
48472
26290
18104
66137
47653
70569
14256
28268
74152
69098
35862
3629
34496
81091
64470
65207
50997
69801
28350
6484
69225
2317
17025
7653
22010
75249
43575
51938
18152
73201
26531
85294
40426
59520
59335
66944
61417
13847
19413
12397
54945
10395
32230
42975
81951
50990
35377
6005
87539
9529
72546
84616
4348
7747
11260
23588
60468
61209
72090
3350
45392
76291
86159
76068
52697
14429
54982
48363
46968
89136
85382
26419
65266
36258
28380
48209
44459
8423
27216
85875
54022
31527
600
54693
16127
52094
6440
47707
73727
23648
33223
29507
30318
49320
1562
33594
48631
88124
36929
40937
30316
15541
65125
24287
82310
43019
18566
47209
54809
12597
55460
61997
24390
50420
48663
17457
16585
89407
48483
11957
21967
43563
2861
25005
27414
39899
48967
25742
73530
59387
81117
80897
51466
1738
78212
38567
82061
19327
89803
72876
15481
4774
75231
8650
87121
10744
73567
66585
17748
74682
21727
74644
43283
32714
70843
21685
63849
82398
53350
63076
67275
73378
84194
28781
87550
6560
79698
77405
23169
11153
89827
85804
67960
45515
29938
41964
39628
74065
1147
28670
75015
59368
18478
86339
86306
66188
66160
45047
27157
32828
71287
72919
10599
34099
76426
64584
55378
704
59704
13916
85220
42013
56069
33084
33552
81545
32781
6664
55930
43976
55409
32876
69350
31856
31080
85492
80735
57122
16318
44475
15091
61424
3695
55755
37199
47360
67780
30543
84575
67495
14567
1956
22463
26713
22898
83356
14610
29426
20894
69372
5427
24769
72061
3223
292
72651
47766
51748
77772
53279
78110
21649
56531
76225
18199
62346
76429
21737
16061
46144
75068
74767
18883
28136
30329
32606
83717
74872
55725
84706
88764
48963
77571
63333
23011
69671
44734
79423
67650
45084
78787
48434
76850
7726
9169
78691
64287
4263
46249
75060
14732
24123
64230
85649
64021
76140
17357
16299
19260
1810
61454
63223
79740
263
30388
75225
48044
24710
72073
61303
54538
26036
84679
8424
27726
75576
42946
75571
26557
3417
86446
56522
65130
27680
17998
73101
75860
2898
17533
68358
47199
10737
49954
40644
48466
12326
77479
46844
81908
24210
77539
64720
41413
43264
6294
39793
35984
81711
48504
71367
70892
33930
78444
82932
23611
54356
14392
67117
65325
77676
17525
77530
22347
38481
42639
38238
57428
17938
21069
11066
86361
31975
70469
64494
80282
35422
85985
19255
40042
81679
75690
88585
51226
77746
75319
4635
3167
19594
46783
50924
21504
72910
88082
64465
76439
44465
69141
15472
87708
57512
51953
15164
21238
87035
16893
68735
37074
67402
16597
29373
62206
8773
12650
27247
38404
72216
26991
727
32740
89216
29065
1046
76987
75184
65685
66701
67399
40337
12449
34460
73094
75493
2067
40691
39035
24160
26948
34752
48616
10529
62869
84553
45264
20862
81657
32432
53161
32825
51101
50345
33998
33373
87493
87860
29370
56454
5771
9495
18360
69148
25374
19293
45900
39284
16369
51192
84910
80169
18686
6431
32327
46965
36735
16047
54329
30818
67397
79296
60483
75916
74621
80029
2687
13758
79544
29004
67792
36580
81654
3567
59859
35036
15294
11494
52599
76278
86417
43044
12105
49618
58452
50514
67512
87429
17312
25563
67846
30546
41563
26305
83444
15690
44412
47060
86453
81115
76406
55232
26099
15765
42785
25705
51351
44678
81762
12454
76577
64516
52053
23645
84124
85164
85995
28337
85822
81307
83538
4258
43490
86512
2552
6493
70350
15086
26254
9680
71111
49525
56663
62778
63626
32608
33602
46097
31318
34525
79390
68459
4818
36604
8442
5728
9044
19225
72495
51632
71712
82737
7001
6532
85765
7590
8387
20387
51573
6793
48531
87694
30645
42263
3696
83530
68878
21612
87906
26202
35041
27426
29271
67917
11613
51360
76353
65976
72390
65455
36069
45539
25254
1412
77445
34703
78607
66984
6580
11720
28356
51208
88320
39168
29576
88337
70688
4207
42441
60055
81114
20410
20734
70134
30270
47249
84909
63676
62753
39133
83764
16946
29750
15266
42322
60607
23878
35622
60145
88530
51707
42621
64150
40984
72692
87801
11807
82504
26553
57761
42858
41458
7865
82257
43442
42353
50258
54628
52129
41307
81018
8012
29257
86902
32722
7172
80803
22587
2404
414
31933
89869
62592
13182
66756
67756
49160
66641
11418
18142
28492
2088
66612
59950
69415
28881
11953
23138
28872
82508
21687
39849
5702
38307
17418
9930
63652
8265
24777
52816
40346
84010
42895
3207
69219
68798
4747
69528
83534
39199
89352
37920
10456
83354
51945
45523
41342
4839
52994
9397
81329
39845
63884
20556
64677
17909
46778
48218
68859
40594
74932
11697
24096
23693
82240
82294
58525
1874
5415
26499
78605
29135
80485
2232
48350
89000
36036
6150
34568
16746
9362
22737
31962
32156
58033
82170
10358
33572
82651
67678
49553
30560
39642
31841
69512
25007
70769
44607
20287
48526
36793
9322
86085
35932
55235
54928
82410
45462
12115
15625
65449
69472
55844
20839
34642
51286
22522
13592
6958
72472
29784
89828
68692
17764
78037
12254
3900
41217
41967
83166
38675
70179
48728
20795
43140
50490
67919
66466
71754
51021
52715
20868
15991
77089
46013
37106
44725
10200
76079
88092
1466
12439
7946
42641
61095
8601
63981
65958
45067
68904
38824
34273
44990
14681
37236
68714
79436
68382
13102
45901
70306
31430
44226
68046
37498
81462
79266
6968
81807
87521
86614
11169
38948
68261
28545
16786
28039
3861
11512
21401
32394
15856
30229
52338
34458
40228
82175
16865
82029
82728
58602
47705
50403
55101
66392
38672
13069
14258
63878
15951
54514
25010
70877
39479
32251
14511
66970
86871
70896
36194
56617
68378
63476
61211
72710
10727
82032
75631
29242
38281
70535
24421
15195
40142
13418
78135
53529
40868
67019
10092
32029
2619
49397
61581
38870
37237
42768
20776
36366
64050
45183
78395
56391
74759
58307
28404
70736
77066
65655
8472
63013
26764
70050
25149
23031
8126
56060
6755
82288
25655
89499
22148
27237
7020
45852
45346
41831
84765
87691
74465
81422
41074
42084
36526
4038
25780
20249
56890
7132
49057
48314
30875
8235
35875
36659
48786
898
20327
82008
567
76262
85148
12392
65458
31398
61726
74441
8542
24561
36428
43290
71645
44264
57070
44439
15023
4984
35275
27955
70057
41066
81557
3781
8053
42951
30069
58787
22948
51377
16427
39254
71659
34498
85782
34794
73234
31449
89917
17808
58613
77447
51912
8314
73198
17147
39343
81219
69010
70510
72558
78340
25033
71768
36230
87671
34549
45243
89914
45521
43261
76127
79556
4411
54700
5582
5373
7135
59775
14292
6242
52811
72873
43911
89509
11704
13453
82167
55084
25299
